                                   MODFLOW 6
                U.S. GEOLOGICAL SURVEY MODULAR HYDROLOGIC MODEL
                          GROUNDWATER FLOW MODEL (GWF)
                            VERSION 6.6.3 09/29/2025

   MODFLOW 6 compiled Oct 07 2025 23:07:48 with Intel(R) Fortran Intel(R) 64
   Compiler Classic for applications running on Intel(R) 64, Version 2021.7.0
                             Build 20220726_000000

This software has been approved for release by the U.S. Geological 
Survey (USGS). Although the software has been subjected to rigorous 
review, the USGS reserves the right to update the software as needed 
pursuant to further analysis and review. No warranty, expressed or 
implied, is made by the USGS or the U.S. Government as to the 
functionality of the software and related material nor shall the 
fact of release constitute any such warranty. Furthermore, the 
software is released on condition that neither the USGS nor the U.S. 
Government shall be held liable for any damages resulting from its 
authorized or unauthorized use. Also refer to the USGS Water 
Resources Software User Rights Notice for complete use, copyright, 
and distribution information.


As a work of the United States Government, this USGS product is 
in the public domain within the United States. You can copy, 
modify, distribute, and perform the work, even for commercial 
purposes, all without asking permission. Additionally, USGS 
waives copyright and related rights in the work worldwide 
through CC0 1.0 Universal Public Domain Dedication 
(https://creativecommons.org/publicdomain/zero/1.0/).

The following GNU Lesser General Public License (LGPL) libraries
are used in this USGS product:

    SPARSKIT version 2.0
      ilut, luson, and qsplit 
      (https://www-users.cse.umn.edu/~saad/software/SPARSKIT/)

    RCM - Reverse Cuthill McKee Ordering
      (https://people.math.sc.edu/Burkardt/f_src/rcm/rcm.html)

    BLAS - Basic Linear Algebra Subprograms Level 1
      (https://people.math.sc.edu/Burkardt/f_src/blas1_d/blas1_d.html)

    SPARSEKIT - Sparse Matrix Utility Package
      amux, dperm, dvperm, rperm, and cperm
      (https://people.sc.fsu.edu/~jburkardt/f77_src/sparsekit/sparsekit.html)

The following BSD-3 License libraries are used in this USGS product:

    Modern Fortran DAG Library
      Copyright (c) 2018, Jacob Williams
      All rights reserved.
      (https://github.com/jacobwilliams/daglib)

MODFLOW 6 compiler options: /O2 /heap-arrays:0 /fpe:0 /traceback /nologo /fpp
/c /module:win64\mod_mf6\ /object:win64\obj_mf6\

System command used to initiate simulation:
C:\Python\Personal\kfm-ms\codes\binaries\MODFLOW6\windows\mf6.exe

MODFLOW was compiled using uniform precision.

Real Variables
  KIND: 8
  TINY (smallest non-zero value):    2.225074-308
  HUGE (largest value):    1.797693+308
  PRECISION: 15
  SIZE IN BITS: 64

Integer Variables
  KIND: 4
  HUGE (largest value): 2147483647
  SIZE IN BITS: 32

Long Integer Variables
  KIND: 8
  HUGE (largest value): 9223372036854775807
  SIZE IN BITS: 64

Logical Variables
  KIND: 4
  SIZE IN BITS: 32
 
 NAMEFILE OPTIONS:
    FLOWS WILL BE SAVED TO BUDGET FILE SPECIFIED IN OUTPUT CONTROL
 END NAMEFILE OPTIONS:

 DIS -- STRUCTURED GRID DISCRETIZATION PACKAGE, VERSION 2 : 3/27/2014 - INPUT READ FROM MEMPATH: __INPUT__/PHANTOM_59/DIS                          


 NPF -- NODE PROPERTY FLOW PACKAGE, VERSION 1, 3/30/2015 INPUT READ FROM MEMPATH: __INPUT__/PHANTOM_59/NPF                          


 IC -- Initial Conditions Package, Version 8, 3/28/2015 input read from mempath: __INPUT__/PHANTOM_59/IC                           


 Setting Discretization Options
    XORIGIN = .000000000000000
    YORIGIN = .000000000000000
 End Setting Discretization Options

 Setting Discretization Dimensions
    NLAY = 1
    NROW = 116
    NCOL = 92
 End Setting Discretization Dimensions

 Setting Discretization Griddata
    DELR set from input file
    DELC set from input file
    TOP set from input file
    BOTM set from input file
    IDOMAIN set from input file
 End Setting Discretization Griddata

 Setting NPF Options
 End Setting NPF Options

 Setting NPF Griddata
    ICELLTYPE set from input file
    K set from input file
    K33 not provided.  Setting K33 = K.
    K22 not provided.  Setting K22 = K.
 End Setting NPF Griddata


 WEL -- WEL PACKAGE, VERSION 8, 2/22/2014 INPUT READ FROM MEMPATH: __INPUT__/PHANTOM_59/WEL                          

 PROCESSING WEL BASE OPTIONS
 END OF WEL BASE OPTIONS

 PROCESSING WEL OPTIONS
 END OF WEL OPTIONS

 PROCESSING WEL BASE DIMENSIONS
    MAXBOUND =       1
 END OF WEL BASE DIMENSIONS

 RIV -- RIV PACKAGE, VERSION 8, 2/22/2014 INPUT READ FROM MEMPATH: __INPUT__/PHANTOM_59/RIV                          

 PROCESSING RIV BASE OPTIONS
 END OF RIV BASE OPTIONS

 PROCESSING RIV OPTIONS
 END OF RIV OPTIONS

 PROCESSING RIV BASE DIMENSIONS
    MAXBOUND =     412
 END OF RIV BASE DIMENSIONS
    STRT set from input file

 STO -- STORAGE PACKAGE, VERSION 1, 5/19/2014 INPUT READ FROM MEMPATH: __INPUT__/PHANTOM_59/STO                          


 PROCESSING STORAGE OPTIONS
 END OF STORAGE OPTIONS
    BINARY GRID INFORMATION WILL BE WRITTEN TO:
      UNIT NUMBER: 1015
      FILE NAME: phantom_59.dis.grb

 OPENED phantom_59.dis.grb
 FILE TYPE:DATA(BINARY)   UNIT 1015   STATUS:REPLACE             
 FORMAT:UNFORMATTED            ACCESS:STREAM              
 ACTION:READWRITE           

      THE LAST TIME STEP WILL BE PRINTED
      THE LAST TIME STEP WILL BE PRINTED
 # File generated by Flopy version 3.10.0 on 05/31/2026 at 13:50:19.

 PROCESSING OC OPTIONS

    HEAD INFORMATION WILL BE WRITTEN TO:
      UNIT NUMBER: 1016
      FILE NAME: phantom_59.hds

 OPENED phantom_59.hds
 FILE TYPE:DATA(BINARY)   UNIT 1016   STATUS:REPLACE             
 FORMAT:UNFORMATTED            ACCESS:STREAM              
 ACTION:READWRITE           

 END OF OC OPTIONS

start timestep kper="1" kstp="1" mode="normal"


 BEGIN READING OUTPUT CONTROL FOR STRESS PERIOD 1
      ALL TIME STEPS WILL BE SAVED

 END READING OUTPUT CONTROL FOR STRESS PERIOD 1


 PROCESSING STORAGE PERIOD DATA
 END PROCESSING STORAGE PERIOD DATA


 STRESS PERIOD 1 IS TRANSIENT


 HEAD WILL BE SAVED ON UNIT 1016 AT END OF TIME STEP    1, STRESS PERIOD    1


  VOLUME BUDGET FOR ENTIRE MODEL AT END OF TIME STEP    1, STRESS PERIOD   1
  ---------------------------------------------------------------------------------------------------

     CUMULATIVE VOLUME      L**3       RATES FOR THIS TIME STEP      L**3/T          PACKAGE NAME    
     ------------------                 ------------------------                     ----------------

           IN:                                      IN:
           ---                                      ---
              STO-SS =       91255.1384                STO-SS =       13036.4483     STORAGE                          
                 WEL =           0.0000                   WEL =           0.0000     WEL                              
                 RIV =          41.0337                   RIV =           5.8620     RIV                              

            TOTAL IN =       91296.1722              TOTAL IN =       13042.3103

          OUT:                                     OUT:
          ----                                     ----
              STO-SS =       84223.2670                STO-SS =       12031.8953     STORAGE                          
                 WEL =        7000.0000                   WEL =        1000.0000     WEL                              
                 RIV =          73.0422                   RIV =          10.4346     RIV                              

           TOTAL OUT =       91296.3092             TOTAL OUT =       13042.3299

            IN - OUT =          -0.1371              IN - OUT =      -1.9579E-02

 PERCENT DISCREPANCY =          -0.00     PERCENT DISCREPANCY =          -0.00




         TIME SUMMARY AT END OF TIME STEP    1 IN STRESS PERIOD    1
                    SECONDS     MINUTES      HOURS       DAYS        YEARS
                    -----------------------------------------------------------
   TIME STEP LENGTH 6.04800E+05  10080.      168.00      7.0000     1.91650E-02
 STRESS PERIOD TIME 6.04800E+05  10080.      168.00      7.0000     1.91650E-02
         TOTAL TIME 6.04800E+05  10080.      168.00      7.0000     1.91650E-02


end timestep


start timestep kper="2" kstp="1" mode="normal"


 END OF FILE DETECTED IN OUTPUT CONTROL.
 CURRENT OUTPUT CONTROL SETTINGS WILL BE 
 REPEATED UNTIL THE END OF THE SIMULATION.

 OUTPUT CONTROL FOR STRESS PERIOD 2 IS REPEATED USING SETTINGS FROM A PREVIOUS STRESS PERIOD.

 HEAD WILL BE SAVED ON UNIT 1016 AT END OF TIME STEP    1, STRESS PERIOD    2


  VOLUME BUDGET FOR ENTIRE MODEL AT END OF TIME STEP    1, STRESS PERIOD   2
  ---------------------------------------------------------------------------------------------------

     CUMULATIVE VOLUME      L**3       RATES FOR THIS TIME STEP      L**3/T          PACKAGE NAME    
     ------------------                 ------------------------                     ----------------

           IN:                                      IN:
           ---                                      ---
              STO-SS =      182509.7882                STO-SS =       13036.3785     STORAGE                          
                 WEL =           0.0000                   WEL =           0.0000     WEL                              
                 RIV =          82.6886                   RIV =           5.9507     RIV                              

            TOTAL IN =      182592.4769              TOTAL IN =       13042.3292

          OUT:                                     OUT:
          ----                                     ----
              STO-SS =      168388.1445                STO-SS =       12023.5539     STORAGE                          
                 WEL =       14000.0000                   WEL =        1000.0000     WEL                              
                 RIV =         204.4701                   RIV =          18.7754     RIV                              

           TOTAL OUT =      182592.6146             TOTAL OUT =       13042.3293

            IN - OUT =          -0.1377              IN - OUT =      -9.4302E-05

 PERCENT DISCREPANCY =          -0.00     PERCENT DISCREPANCY =          -0.00




         TIME SUMMARY AT END OF TIME STEP    1 IN STRESS PERIOD    2
                    SECONDS     MINUTES      HOURS       DAYS        YEARS
                    -----------------------------------------------------------
   TIME STEP LENGTH 6.04800E+05  10080.      168.00      7.0000     1.91650E-02
 STRESS PERIOD TIME 6.04800E+05  10080.      168.00      7.0000     1.91650E-02
         TOTAL TIME 1.20960E+06  20160.      336.00      14.000     3.83299E-02


end timestep


start timestep kper="3" kstp="1" mode="normal"


 OUTPUT CONTROL FOR STRESS PERIOD 3 IS REPEATED USING SETTINGS FROM A PREVIOUS STRESS PERIOD.

 HEAD WILL BE SAVED ON UNIT 1016 AT END OF TIME STEP    1, STRESS PERIOD    3


  VOLUME BUDGET FOR ENTIRE MODEL AT END OF TIME STEP    1, STRESS PERIOD   3
  ---------------------------------------------------------------------------------------------------

     CUMULATIVE VOLUME      L**3       RATES FOR THIS TIME STEP      L**3/T          PACKAGE NAME    
     ------------------                 ------------------------                     ----------------

           IN:                                      IN:
           ---                                      ---
              STO-SS =      273764.0732                STO-SS =       13036.3264     STORAGE                          
                 WEL =           0.0000                   WEL =           0.0000     WEL                              
                 RIV =         124.7090                   RIV =           6.0029     RIV                              

            TOTAL IN =      273888.7822              TOTAL IN =       13042.3293

          OUT:                                     OUT:
          ----                                     ----
              STO-SS =      252503.9076                STO-SS =       12016.5376     STORAGE                          
                 WEL =       21000.0000                   WEL =        1000.0000     WEL                              
                 RIV =         385.0127                   RIV =          25.7918     RIV                              

           TOTAL OUT =      273888.9202             TOTAL OUT =       13042.3294

            IN - OUT =          -0.1380              IN - OUT =      -4.0092E-05

 PERCENT DISCREPANCY =          -0.00     PERCENT DISCREPANCY =          -0.00




         TIME SUMMARY AT END OF TIME STEP    1 IN STRESS PERIOD    3
                    SECONDS     MINUTES      HOURS       DAYS        YEARS
                    -----------------------------------------------------------
   TIME STEP LENGTH 6.04800E+05  10080.      168.00      7.0000     1.91650E-02
 STRESS PERIOD TIME 6.04800E+05  10080.      168.00      7.0000     1.91650E-02
         TOTAL TIME 1.81440E+06  30240.      504.00      21.000     5.74949E-02


end timestep


start timestep kper="4" kstp="1" mode="normal"


 OUTPUT CONTROL FOR STRESS PERIOD 4 IS REPEATED USING SETTINGS FROM A PREVIOUS STRESS PERIOD.

 HEAD WILL BE SAVED ON UNIT 1016 AT END OF TIME STEP    1, STRESS PERIOD    4


  VOLUME BUDGET FOR ENTIRE MODEL AT END OF TIME STEP    1, STRESS PERIOD   4
  ---------------------------------------------------------------------------------------------------

     CUMULATIVE VOLUME      L**3       RATES FOR THIS TIME STEP      L**3/T          PACKAGE NAME    
     ------------------                 ------------------------                     ----------------

           IN:                                      IN:
           ---                                      ---
              STO-SS =      365017.9222                STO-SS =       13036.2641     STORAGE                          
                 WEL =           0.0000                   WEL =           0.0000     WEL                              
                 RIV =         167.1662                   RIV =           6.0653     RIV                              

            TOTAL IN =      365185.0884              TOTAL IN =       13042.3295

          OUT:                                     OUT:
          ----                                     ----
              STO-SS =      336576.8098                STO-SS =       12010.4146     STORAGE                          
                 WEL =       28000.0000                   WEL =        1000.0000     WEL                              
                 RIV =         608.4169                   RIV =          31.9149     RIV                              

           TOTAL OUT =      365185.2267             TOTAL OUT =       13042.3295

            IN - OUT =          -0.1383              IN - OUT =      -4.3648E-05

 PERCENT DISCREPANCY =          -0.00     PERCENT DISCREPANCY =          -0.00




         TIME SUMMARY AT END OF TIME STEP    1 IN STRESS PERIOD    4
                    SECONDS     MINUTES      HOURS       DAYS        YEARS
                    -----------------------------------------------------------
   TIME STEP LENGTH 6.04800E+05  10080.      168.00      7.0000     1.91650E-02
 STRESS PERIOD TIME 6.04800E+05  10080.      168.00      7.0000     1.91650E-02
         TOTAL TIME 2.41920E+06  40320.      672.00      28.000     7.66598E-02


end timestep


start timestep kper="5" kstp="1" mode="normal"


 OUTPUT CONTROL FOR STRESS PERIOD 5 IS REPEATED USING SETTINGS FROM A PREVIOUS STRESS PERIOD.

 HEAD WILL BE SAVED ON UNIT 1016 AT END OF TIME STEP    1, STRESS PERIOD    5


  VOLUME BUDGET FOR ENTIRE MODEL AT END OF TIME STEP    1, STRESS PERIOD   5
  ---------------------------------------------------------------------------------------------------

     CUMULATIVE VOLUME      L**3       RATES FOR THIS TIME STEP      L**3/T          PACKAGE NAME    
     ------------------                 ------------------------                     ----------------

           IN:                                      IN:
           ---                                      ---
              STO-SS =      456271.5001                STO-SS =       13036.2254     STORAGE                          
                 WEL =           0.0000                   WEL =           0.0000     WEL                              
                 RIV =         209.8950                   RIV =           6.1041     RIV                              

            TOTAL IN =      456481.3951              TOTAL IN =       13042.3295

          OUT:                                     OUT:
          ----                                     ----
              STO-SS =      420611.3138                STO-SS =       12004.9291     STORAGE                          
                 WEL =       35000.0000                   WEL =        1000.0000     WEL                              
                 RIV =         870.2197                   RIV =          37.4004     RIV                              

           TOTAL OUT =      456481.5335             TOTAL OUT =       13042.3295

            IN - OUT =          -0.1384              IN - OUT =      -1.5596E-05

 PERCENT DISCREPANCY =          -0.00     PERCENT DISCREPANCY =          -0.00




         TIME SUMMARY AT END OF TIME STEP    1 IN STRESS PERIOD    5
                    SECONDS     MINUTES      HOURS       DAYS        YEARS
                    -----------------------------------------------------------
   TIME STEP LENGTH 6.04800E+05  10080.      168.00      7.0000     1.91650E-02
 STRESS PERIOD TIME 6.04800E+05  10080.      168.00      7.0000     1.91650E-02
         TOTAL TIME 3.02400E+06  50400.      840.00      35.000     9.58248E-02


end timestep


start timestep kper="6" kstp="1" mode="normal"


 OUTPUT CONTROL FOR STRESS PERIOD 6 IS REPEATED USING SETTINGS FROM A PREVIOUS STRESS PERIOD.

 HEAD WILL BE SAVED ON UNIT 1016 AT END OF TIME STEP    1, STRESS PERIOD    6


  VOLUME BUDGET FOR ENTIRE MODEL AT END OF TIME STEP    1, STRESS PERIOD   6
  ---------------------------------------------------------------------------------------------------

     CUMULATIVE VOLUME      L**3       RATES FOR THIS TIME STEP      L**3/T          PACKAGE NAME    
     ------------------                 ------------------------                     ----------------

           IN:                                      IN:
           ---                                      ---
              STO-SS =      547524.7460                STO-SS =       13036.1780     STORAGE                          
                 WEL =           0.0000                   WEL =           0.0000     WEL                              
                 RIV =         252.9560                   RIV =           6.1516     RIV                              

            TOTAL IN =      547777.7019              TOTAL IN =       13042.3295

          OUT:                                     OUT:
          ----                                     ----
              STO-SS =      504610.7611                STO-SS =       11999.9210     STORAGE                          
                 WEL =       42000.0000                   WEL =        1000.0000     WEL                              
                 RIV =        1167.0793                   RIV =          42.4085     RIV                              

           TOTAL OUT =      547777.8404             TOTAL OUT =       13042.3296

            IN - OUT =          -0.1385              IN - OUT =      -9.5565E-06

 PERCENT DISCREPANCY =          -0.00     PERCENT DISCREPANCY =          -0.00




         TIME SUMMARY AT END OF TIME STEP    1 IN STRESS PERIOD    6
                    SECONDS     MINUTES      HOURS       DAYS        YEARS
                    -----------------------------------------------------------
   TIME STEP LENGTH 6.04800E+05  10080.      168.00      7.0000     1.91650E-02
 STRESS PERIOD TIME 6.04800E+05  10080.      168.00      7.0000     1.91650E-02
         TOTAL TIME 3.62880E+06  60480.      1008.0      42.000     0.11499    


end timestep


start timestep kper="7" kstp="1" mode="normal"


 OUTPUT CONTROL FOR STRESS PERIOD 7 IS REPEATED USING SETTINGS FROM A PREVIOUS STRESS PERIOD.

 HEAD WILL BE SAVED ON UNIT 1016 AT END OF TIME STEP    1, STRESS PERIOD    7


  VOLUME BUDGET FOR ENTIRE MODEL AT END OF TIME STEP    1, STRESS PERIOD   7
  ---------------------------------------------------------------------------------------------------

     CUMULATIVE VOLUME      L**3       RATES FOR THIS TIME STEP      L**3/T          PACKAGE NAME    
     ------------------                 ------------------------                     ----------------

           IN:                                      IN:
           ---                                      ---
              STO-SS =      638777.7020                STO-SS =       13036.1366     STORAGE                          
                 WEL =           0.0000                   WEL =           0.0000     WEL                              
                 RIV =         296.3058                   RIV =           6.1928     RIV                              

            TOTAL IN =      639074.0078              TOTAL IN =       13042.3294

          OUT:                                     OUT:
          ----                                     ----
              STO-SS =      588577.7532                STO-SS =       11995.2846     STORAGE                          
                 WEL =       49000.0000                   WEL =        1000.0000     WEL                              
                 RIV =        1496.3934                   RIV =          47.0449     RIV                              

           TOTAL OUT =      639074.1467             TOTAL OUT =       13042.3295

            IN - OUT =          -0.1389              IN - OUT =      -5.6568E-05

 PERCENT DISCREPANCY =          -0.00     PERCENT DISCREPANCY =          -0.00




         TIME SUMMARY AT END OF TIME STEP    1 IN STRESS PERIOD    7
                    SECONDS     MINUTES      HOURS       DAYS        YEARS
                    -----------------------------------------------------------
   TIME STEP LENGTH 6.04800E+05  10080.      168.00      7.0000     1.91650E-02
 STRESS PERIOD TIME 6.04800E+05  10080.      168.00      7.0000     1.91650E-02
         TOTAL TIME 4.23360E+06  70560.      1176.0      49.000     0.13415    


end timestep


start timestep kper="8" kstp="1" mode="normal"


 OUTPUT CONTROL FOR STRESS PERIOD 8 IS REPEATED USING SETTINGS FROM A PREVIOUS STRESS PERIOD.

 HEAD WILL BE SAVED ON UNIT 1016 AT END OF TIME STEP    1, STRESS PERIOD    8


  VOLUME BUDGET FOR ENTIRE MODEL AT END OF TIME STEP    1, STRESS PERIOD   8
  ---------------------------------------------------------------------------------------------------

     CUMULATIVE VOLUME      L**3       RATES FOR THIS TIME STEP      L**3/T          PACKAGE NAME    
     ------------------                 ------------------------                     ----------------

           IN:                                      IN:
           ---                                      ---
              STO-SS =      730030.4180                STO-SS =       13036.1023     STORAGE                          
                 WEL =           0.0000                   WEL =           0.0000     WEL                              
                 RIV =         339.8945                   RIV =           6.2270     RIV                              

            TOTAL IN =      730370.3125              TOTAL IN =       13042.3292

          OUT:                                     OUT:
          ----                                     ----
              STO-SS =      672514.3812                STO-SS =       11990.9469     STORAGE                          
                 WEL =       56000.0000                   WEL =        1000.0000     WEL                              
                 RIV =        1856.0702                   RIV =          51.3824     RIV                              

           TOTAL OUT =      730370.4514             TOTAL OUT =       13042.3293

            IN - OUT =          -0.1389              IN - OUT =      -5.1493E-06

 PERCENT DISCREPANCY =          -0.00     PERCENT DISCREPANCY =          -0.00




         TIME SUMMARY AT END OF TIME STEP    1 IN STRESS PERIOD    8
                    SECONDS     MINUTES      HOURS       DAYS        YEARS
                    -----------------------------------------------------------
   TIME STEP LENGTH 6.04800E+05  10080.      168.00      7.0000     1.91650E-02
 STRESS PERIOD TIME 6.04800E+05  10080.      168.00      7.0000     1.91650E-02
         TOTAL TIME 4.83840E+06  80640.      1344.0      56.000     0.15332    


end timestep


start timestep kper="9" kstp="1" mode="normal"


 OUTPUT CONTROL FOR STRESS PERIOD 9 IS REPEATED USING SETTINGS FROM A PREVIOUS STRESS PERIOD.

 HEAD WILL BE SAVED ON UNIT 1016 AT END OF TIME STEP    1, STRESS PERIOD    9


  VOLUME BUDGET FOR ENTIRE MODEL AT END OF TIME STEP    1, STRESS PERIOD   9
  ---------------------------------------------------------------------------------------------------

     CUMULATIVE VOLUME      L**3       RATES FOR THIS TIME STEP      L**3/T          PACKAGE NAME    
     ------------------                 ------------------------                     ----------------

           IN:                                      IN:
           ---                                      ---
              STO-SS =      821282.8542                STO-SS =       13036.0623     STORAGE                          
                 WEL =           0.0000                   WEL =           0.0000     WEL                              
                 RIV =         383.7599                   RIV =           6.2665     RIV                              

            TOTAL IN =      821666.6141              TOTAL IN =       13042.3288

          OUT:                                     OUT:
          ----                                     ----
              STO-SS =      756422.3688                STO-SS =       11986.8554     STORAGE                          
                 WEL =       63000.0000                   WEL =        1000.0000     WEL                              
                 RIV =        2244.3842                   RIV =          55.4734     RIV                              

           TOTAL OUT =      821666.7530             TOTAL OUT =       13042.3288

            IN - OUT =          -0.1389              IN - OUT =      -4.2792E-06

 PERCENT DISCREPANCY =          -0.00     PERCENT DISCREPANCY =          -0.00




         TIME SUMMARY AT END OF TIME STEP    1 IN STRESS PERIOD    9
                    SECONDS     MINUTES      HOURS       DAYS        YEARS
                    -----------------------------------------------------------
   TIME STEP LENGTH 6.04800E+05  10080.      168.00      7.0000     1.91650E-02
 STRESS PERIOD TIME 6.04800E+05  10080.      168.00      7.0000     1.91650E-02
         TOTAL TIME 5.44320E+06  90720.      1512.0      63.000     0.17248    


end timestep


start timestep kper="10" kstp="1" mode="normal"


 OUTPUT CONTROL FOR STRESS PERIOD 10 IS REPEATED USING SETTINGS FROM A PREVIOUS STRESS PERIOD.

 HEAD WILL BE SAVED ON UNIT 1016 AT END OF TIME STEP    1, STRESS PERIOD   10


  VOLUME BUDGET FOR ENTIRE MODEL AT END OF TIME STEP    1, STRESS PERIOD  10
  ---------------------------------------------------------------------------------------------------

     CUMULATIVE VOLUME      L**3       RATES FOR THIS TIME STEP      L**3/T          PACKAGE NAME    
     ------------------                 ------------------------                     ----------------

           IN:                                      IN:
           ---                                      ---
              STO-SS =      912535.0269                STO-SS =       13036.0247     STORAGE                          
                 WEL =           0.0000                   WEL =           0.0000     WEL                              
                 RIV =         427.8826                   RIV =           6.3032     RIV                              

            TOTAL IN =      912962.9094              TOTAL IN =       13042.3279

          OUT:                                     OUT:
          ----                                     ----
              STO-SS =      840303.1660                STO-SS =       11982.9710     STORAGE                          
                 WEL =       70000.0000                   WEL =        1000.0000     WEL                              
                 RIV =        2659.8826                   RIV =          59.3569     RIV                              

           TOTAL OUT =      912963.0486             TOTAL OUT =       13042.3279

            IN - OUT =          -0.1392              IN - OUT =      -3.1120E-05

 PERCENT DISCREPANCY =          -0.00     PERCENT DISCREPANCY =          -0.00




         TIME SUMMARY AT END OF TIME STEP    1 IN STRESS PERIOD   10
                    SECONDS     MINUTES      HOURS       DAYS        YEARS
                    -----------------------------------------------------------
   TIME STEP LENGTH 6.04800E+05  10080.      168.00      7.0000     1.91650E-02
 STRESS PERIOD TIME 6.04800E+05  10080.      168.00      7.0000     1.91650E-02
         TOTAL TIME 6.04800E+06 1.00800E+05  1680.0      70.000     0.19165    


end timestep


start timestep kper="11" kstp="1" mode="normal"


 OUTPUT CONTROL FOR STRESS PERIOD 11 IS REPEATED USING SETTINGS FROM A PREVIOUS STRESS PERIOD.

 HEAD WILL BE SAVED ON UNIT 1016 AT END OF TIME STEP    1, STRESS PERIOD   11


  VOLUME BUDGET FOR ENTIRE MODEL AT END OF TIME STEP    1, STRESS PERIOD  11
  ---------------------------------------------------------------------------------------------------

     CUMULATIVE VOLUME      L**3       RATES FOR THIS TIME STEP      L**3/T          PACKAGE NAME    
     ------------------                 ------------------------                     ----------------

           IN:                                      IN:
           ---                                      ---
              STO-SS =     1003786.9887                STO-SS =       13035.9946     STORAGE                          
                 WEL =           0.0000                   WEL =           0.0000     WEL                              
                 RIV =         472.2056                   RIV =           6.3319     RIV                              

            TOTAL IN =     1004259.1943              TOTAL IN =       13042.3264

          OUT:                                     OUT:
          ----                                     ----
              STO-SS =      924158.0126                STO-SS =       11979.2638     STORAGE                          
                 WEL =       77000.0000                   WEL =        1000.0000     WEL                              
                 RIV =        3101.3209                   RIV =          63.0626     RIV                              

           TOTAL OUT =     1004259.3335             TOTAL OUT =       13042.3264

            IN - OUT =          -0.1392              IN - OUT =      -3.2738E-06

 PERCENT DISCREPANCY =          -0.00     PERCENT DISCREPANCY =          -0.00




         TIME SUMMARY AT END OF TIME STEP    1 IN STRESS PERIOD   11
                    SECONDS     MINUTES      HOURS       DAYS        YEARS
                    -----------------------------------------------------------
   TIME STEP LENGTH 6.04800E+05  10080.      168.00      7.0000     1.91650E-02
 STRESS PERIOD TIME 6.04800E+05  10080.      168.00      7.0000     1.91650E-02
         TOTAL TIME 6.65280E+06 1.10880E+05  1848.0      77.000     0.21081    


end timestep


start timestep kper="12" kstp="1" mode="normal"


 OUTPUT CONTROL FOR STRESS PERIOD 12 IS REPEATED USING SETTINGS FROM A PREVIOUS STRESS PERIOD.

 HEAD WILL BE SAVED ON UNIT 1016 AT END OF TIME STEP    1, STRESS PERIOD   12


  VOLUME BUDGET FOR ENTIRE MODEL AT END OF TIME STEP    1, STRESS PERIOD  12
  ---------------------------------------------------------------------------------------------------

     CUMULATIVE VOLUME      L**3       RATES FOR THIS TIME STEP      L**3/T          PACKAGE NAME    
     ------------------                 ------------------------                     ----------------

           IN:                                      IN:
           ---                                      ---
              STO-SS =     1095038.7065                STO-SS =       13035.9597     STORAGE                          
                 WEL =           0.0000                   WEL =           0.0000     WEL                              
                 RIV =         516.7547                   RIV =           6.3642     RIV                              

            TOTAL IN =     1095555.4612              TOTAL IN =       13042.3238

          OUT:                                     OUT:
          ----                                     ----
              STO-SS =     1007987.9827                STO-SS =       11975.7100     STORAGE                          
                 WEL =       84000.0000                   WEL =        1000.0000     WEL                              
                 RIV =        3567.6176                   RIV =          66.6138     RIV                              

           TOTAL OUT =     1095555.6004             TOTAL OUT =       13042.3238

            IN - OUT =          -0.1392              IN - OUT =      -2.9439E-06

 PERCENT DISCREPANCY =          -0.00     PERCENT DISCREPANCY =          -0.00




         TIME SUMMARY AT END OF TIME STEP    1 IN STRESS PERIOD   12
                    SECONDS     MINUTES      HOURS       DAYS        YEARS
                    -----------------------------------------------------------
   TIME STEP LENGTH 6.04800E+05  10080.      168.00      7.0000     1.91650E-02
 STRESS PERIOD TIME 6.04800E+05  10080.      168.00      7.0000     1.91650E-02
         TOTAL TIME 7.25760E+06 1.20960E+05  2016.0      84.000     0.22998    


end timestep


start timestep kper="13" kstp="1" mode="normal"


 OUTPUT CONTROL FOR STRESS PERIOD 13 IS REPEATED USING SETTINGS FROM A PREVIOUS STRESS PERIOD.

 HEAD WILL BE SAVED ON UNIT 1016 AT END OF TIME STEP    1, STRESS PERIOD   13


  VOLUME BUDGET FOR ENTIRE MODEL AT END OF TIME STEP    1, STRESS PERIOD  13
  ---------------------------------------------------------------------------------------------------

     CUMULATIVE VOLUME      L**3       RATES FOR THIS TIME STEP      L**3/T          PACKAGE NAME    
     ------------------                 ------------------------                     ----------------

           IN:                                      IN:
           ---                                      ---
              STO-SS =     1186290.1438                STO-SS =       13035.9196     STORAGE                          
                 WEL =           0.0000                   WEL =           0.0000     WEL                              
                 RIV =         561.5554                   RIV =           6.4001     RIV                              

            TOTAL IN =     1186851.6992              TOTAL IN =       13042.3197

          OUT:                                     OUT:
          ----                                     ----
              STO-SS =     1091794.0161                STO-SS =       11972.2905     STORAGE                          
                 WEL =       91000.0000                   WEL =        1000.0000     WEL                              
                 RIV =        4057.8224                   RIV =          70.0292     RIV                              

           TOTAL OUT =     1186851.8385             TOTAL OUT =       13042.3197

            IN - OUT =          -0.1392              IN - OUT =      -2.6568E-06

 PERCENT DISCREPANCY =          -0.00     PERCENT DISCREPANCY =          -0.00




         TIME SUMMARY AT END OF TIME STEP    1 IN STRESS PERIOD   13
                    SECONDS     MINUTES      HOURS       DAYS        YEARS
                    -----------------------------------------------------------
   TIME STEP LENGTH 6.04800E+05  10080.      168.00      7.0000     1.91650E-02
 STRESS PERIOD TIME 6.04800E+05  10080.      168.00      7.0000     1.91650E-02
         TOTAL TIME 7.86240E+06 1.31040E+05  2184.0      91.000     0.24914    


end timestep


start timestep kper="14" kstp="1" mode="normal"


 OUTPUT CONTROL FOR STRESS PERIOD 14 IS REPEATED USING SETTINGS FROM A PREVIOUS STRESS PERIOD.

 HEAD WILL BE SAVED ON UNIT 1016 AT END OF TIME STEP    1, STRESS PERIOD   14


  VOLUME BUDGET FOR ENTIRE MODEL AT END OF TIME STEP    1, STRESS PERIOD  14
  ---------------------------------------------------------------------------------------------------

     CUMULATIVE VOLUME      L**3       RATES FOR THIS TIME STEP      L**3/T          PACKAGE NAME    
     ------------------                 ------------------------                     ----------------

           IN:                                      IN:
           ---                                      ---
              STO-SS =     1277541.3477                STO-SS =       13035.8863     STORAGE                          
                 WEL =           0.0000                   WEL =           0.0000     WEL                              
                 RIV =         606.5453                   RIV =           6.4271     RIV                              

            TOTAL IN =     1278147.8929              TOTAL IN =       13042.3134

          OUT:                                     OUT:
          ----                                     ----
              STO-SS =     1175576.9415                STO-SS =       11968.9893     STORAGE                          
                 WEL =       98000.0000                   WEL =        1000.0000     WEL                              
                 RIV =        4571.0909                   RIV =          73.3241     RIV                              

           TOTAL OUT =     1278148.0325             TOTAL OUT =       13042.3134

            IN - OUT =          -0.1395              IN - OUT =      -4.5348E-05

 PERCENT DISCREPANCY =          -0.00     PERCENT DISCREPANCY =          -0.00




         TIME SUMMARY AT END OF TIME STEP    1 IN STRESS PERIOD   14
                    SECONDS     MINUTES      HOURS       DAYS        YEARS
                    -----------------------------------------------------------
   TIME STEP LENGTH 6.04800E+05  10080.      168.00      7.0000     1.91650E-02
 STRESS PERIOD TIME 6.04800E+05  10080.      168.00      7.0000     1.91650E-02
         TOTAL TIME 8.46720E+06 1.41120E+05  2352.0      98.000     0.26831    


end timestep


start timestep kper="15" kstp="1" mode="normal"


 OUTPUT CONTROL FOR STRESS PERIOD 15 IS REPEATED USING SETTINGS FROM A PREVIOUS STRESS PERIOD.

 HEAD WILL BE SAVED ON UNIT 1016 AT END OF TIME STEP    1, STRESS PERIOD   15


  VOLUME BUDGET FOR ENTIRE MODEL AT END OF TIME STEP    1, STRESS PERIOD  15
  ---------------------------------------------------------------------------------------------------

     CUMULATIVE VOLUME      L**3       RATES FOR THIS TIME STEP      L**3/T          PACKAGE NAME    
     ------------------                 ------------------------                     ----------------

           IN:                                      IN:
           ---                                      ---
              STO-SS =     1368792.3025                STO-SS =       13035.8507     STORAGE                          
                 WEL =           0.0000                   WEL =           0.0000     WEL                              
                 RIV =         651.7191                   RIV =           6.4534     RIV                              

            TOTAL IN =     1369444.0216              TOTAL IN =       13042.3041

          OUT:                                     OUT:
          ----                                     ----
              STO-SS =     1259337.4940                STO-SS =       11965.7932     STORAGE                          
                 WEL =      105000.0000                   WEL =        1000.0000     WEL                              
                 RIV =        5106.6672                   RIV =          76.5109     RIV                              

           TOTAL OUT =     1369444.1612             TOTAL OUT =       13042.3041

            IN - OUT =          -0.1396              IN - OUT =      -2.2811E-06

 PERCENT DISCREPANCY =          -0.00     PERCENT DISCREPANCY =          -0.00




         TIME SUMMARY AT END OF TIME STEP    1 IN STRESS PERIOD   15
                    SECONDS     MINUTES      HOURS       DAYS        YEARS
                    -----------------------------------------------------------
   TIME STEP LENGTH 6.04800E+05  10080.      168.00      7.0000     1.91650E-02
 STRESS PERIOD TIME 6.04800E+05  10080.      168.00      7.0000     1.91650E-02
         TOTAL TIME 9.07200E+06 1.51200E+05  2520.0      105.00     0.28747    


end timestep


start timestep kper="16" kstp="1" mode="normal"


 OUTPUT CONTROL FOR STRESS PERIOD 16 IS REPEATED USING SETTINGS FROM A PREVIOUS STRESS PERIOD.

 HEAD WILL BE SAVED ON UNIT 1016 AT END OF TIME STEP    1, STRESS PERIOD   16


  VOLUME BUDGET FOR ENTIRE MODEL AT END OF TIME STEP    1, STRESS PERIOD  16
  ---------------------------------------------------------------------------------------------------

     CUMULATIVE VOLUME      L**3       RATES FOR THIS TIME STEP      L**3/T          PACKAGE NAME    
     ------------------                 ------------------------                     ----------------

           IN:                                      IN:
           ---                                      ---
              STO-SS =     1460042.9610                STO-SS =       13035.8084     STORAGE                          
                 WEL =           0.0000                   WEL =           0.0000     WEL                              
                 RIV =         697.0956                   RIV =           6.4824     RIV                              

            TOTAL IN =     1460740.0566              TOTAL IN =       13042.2907

          OUT:                                     OUT:
          ----                                     ----
              STO-SS =     1343076.3274                STO-SS =       11962.6905     STORAGE                          
                 WEL =      112000.0000                   WEL =        1000.0000     WEL                              
                 RIV =        5663.8688                   RIV =          79.6002     RIV                              

           TOTAL OUT =     1460740.1962             TOTAL OUT =       13042.2907

            IN - OUT =          -0.1396              IN - OUT =      -2.1388E-06

 PERCENT DISCREPANCY =          -0.00     PERCENT DISCREPANCY =          -0.00




         TIME SUMMARY AT END OF TIME STEP    1 IN STRESS PERIOD   16
                    SECONDS     MINUTES      HOURS       DAYS        YEARS
                    -----------------------------------------------------------
   TIME STEP LENGTH 6.04800E+05  10080.      168.00      7.0000     1.91650E-02
 STRESS PERIOD TIME 6.04800E+05  10080.      168.00      7.0000     1.91650E-02
         TOTAL TIME 9.67680E+06 1.61280E+05  2688.0      112.00     0.30664    


end timestep


start timestep kper="17" kstp="1" mode="normal"


 OUTPUT CONTROL FOR STRESS PERIOD 17 IS REPEATED USING SETTINGS FROM A PREVIOUS STRESS PERIOD.

 HEAD WILL BE SAVED ON UNIT 1016 AT END OF TIME STEP    1, STRESS PERIOD   17


  VOLUME BUDGET FOR ENTIRE MODEL AT END OF TIME STEP    1, STRESS PERIOD  17
  ---------------------------------------------------------------------------------------------------

     CUMULATIVE VOLUME      L**3       RATES FOR THIS TIME STEP      L**3/T          PACKAGE NAME    
     ------------------                 ------------------------                     ----------------

           IN:                                      IN:
           ---                                      ---
              STO-SS =     1551293.2676                STO-SS =       13035.7581     STORAGE                          
                 WEL =           0.0000                   WEL =           0.0000     WEL                              
                 RIV =         742.6932                   RIV =           6.5139     RIV                              

            TOTAL IN =     1552035.9608              TOTAL IN =       13042.2720

          OUT:                                     OUT:
          ----                                     ----
              STO-SS =     1426794.0245                STO-SS =       11959.6710     STORAGE                          
                 WEL =      119000.0000                   WEL =        1000.0000     WEL                              
                 RIV =        6242.0759                   RIV =          82.6010     RIV                              

           TOTAL OUT =     1552036.1004             TOTAL OUT =       13042.2720

            IN - OUT =          -0.1396              IN - OUT =      -2.0091E-06

 PERCENT DISCREPANCY =          -0.00     PERCENT DISCREPANCY =          -0.00




         TIME SUMMARY AT END OF TIME STEP    1 IN STRESS PERIOD   17
                    SECONDS     MINUTES      HOURS       DAYS        YEARS
                    -----------------------------------------------------------
   TIME STEP LENGTH 6.04800E+05  10080.      168.00      7.0000     1.91650E-02
 STRESS PERIOD TIME 6.04800E+05  10080.      168.00      7.0000     1.91650E-02
         TOTAL TIME 1.02816E+07 1.71360E+05  2856.0      119.00     0.32580    


end timestep


start timestep kper="18" kstp="1" mode="normal"


 OUTPUT CONTROL FOR STRESS PERIOD 18 IS REPEATED USING SETTINGS FROM A PREVIOUS STRESS PERIOD.

 HEAD WILL BE SAVED ON UNIT 1016 AT END OF TIME STEP    1, STRESS PERIOD   18


  VOLUME BUDGET FOR ENTIRE MODEL AT END OF TIME STEP    1, STRESS PERIOD  18
  ---------------------------------------------------------------------------------------------------

     CUMULATIVE VOLUME      L**3       RATES FOR THIS TIME STEP      L**3/T          PACKAGE NAME    
     ------------------                 ------------------------                     ----------------

           IN:                                      IN:
           ---                                      ---
              STO-SS =     1642543.2211                STO-SS =       13035.7076     STORAGE                          
                 WEL =           0.0000                   WEL =           0.0000     WEL                              
                 RIV =         788.4659                   RIV =           6.5390     RIV                              

            TOTAL IN =     1643331.6870              TOTAL IN =       13042.2466

          OUT:                                     OUT:
          ----                                     ----
              STO-SS =     1510491.1047                STO-SS =       11956.7257     STORAGE                          
                 WEL =      126000.0000                   WEL =        1000.0000     WEL                              
                 RIV =        6840.7222                   RIV =          85.5209     RIV                              

           TOTAL OUT =     1643331.8269             TOTAL OUT =       13042.2466

            IN - OUT =          -0.1398              IN - OUT =      -3.3322E-05

 PERCENT DISCREPANCY =          -0.00     PERCENT DISCREPANCY =          -0.00




         TIME SUMMARY AT END OF TIME STEP    1 IN STRESS PERIOD   18
                    SECONDS     MINUTES      HOURS       DAYS        YEARS
                    -----------------------------------------------------------
   TIME STEP LENGTH 6.04800E+05  10080.      168.00      7.0000     1.91650E-02
 STRESS PERIOD TIME 6.04800E+05  10080.      168.00      7.0000     1.91650E-02
         TOTAL TIME 1.08864E+07 1.81440E+05  3024.0      126.00     0.34497    


end timestep


start timestep kper="19" kstp="1" mode="normal"


 OUTPUT CONTROL FOR STRESS PERIOD 19 IS REPEATED USING SETTINGS FROM A PREVIOUS STRESS PERIOD.

 HEAD WILL BE SAVED ON UNIT 1016 AT END OF TIME STEP    1, STRESS PERIOD   19


  VOLUME BUDGET FOR ENTIRE MODEL AT END OF TIME STEP    1, STRESS PERIOD  19
  ---------------------------------------------------------------------------------------------------

     CUMULATIVE VOLUME      L**3       RATES FOR THIS TIME STEP      L**3/T          PACKAGE NAME    
     ------------------                 ------------------------                     ----------------

           IN:                                      IN:
           ---                                      ---
              STO-SS =     1733792.7759                STO-SS =       13035.6507     STORAGE                          
                 WEL =           0.0000                   WEL =           0.0000     WEL                              
                 RIV =         834.4024                   RIV =           6.5623     RIV                              

            TOTAL IN =     1734627.1783              TOTAL IN =       13042.2130

          OUT:                                     OUT:
          ----                                     ----
              STO-SS =     1594168.0305                STO-SS =       11953.8465     STORAGE                          
                 WEL =      133000.0000                   WEL =        1000.0000     WEL                              
                 RIV =        7459.2877                   RIV =          88.3665     RIV                              

           TOTAL OUT =     1734627.3182             TOTAL OUT =       13042.2130

            IN - OUT =          -0.1398              IN - OUT =      -1.8367E-06

 PERCENT DISCREPANCY =          -0.00     PERCENT DISCREPANCY =          -0.00




         TIME SUMMARY AT END OF TIME STEP    1 IN STRESS PERIOD   19
                    SECONDS     MINUTES      HOURS       DAYS        YEARS
                    -----------------------------------------------------------
   TIME STEP LENGTH 6.04800E+05  10080.      168.00      7.0000     1.91650E-02
 STRESS PERIOD TIME 6.04800E+05  10080.      168.00      7.0000     1.91650E-02
         TOTAL TIME 1.14912E+07 1.91520E+05  3192.0      133.00     0.36413    


end timestep


start timestep kper="20" kstp="1" mode="normal"


 OUTPUT CONTROL FOR STRESS PERIOD 20 IS REPEATED USING SETTINGS FROM A PREVIOUS STRESS PERIOD.

 HEAD WILL BE SAVED ON UNIT 1016 AT END OF TIME STEP    1, STRESS PERIOD   20


  VOLUME BUDGET FOR ENTIRE MODEL AT END OF TIME STEP    1, STRESS PERIOD  20
  ---------------------------------------------------------------------------------------------------

     CUMULATIVE VOLUME      L**3       RATES FOR THIS TIME STEP      L**3/T          PACKAGE NAME    
     ------------------                 ------------------------                     ----------------

           IN:                                      IN:
           ---                                      ---
              STO-SS =     1825041.8470                STO-SS =       13035.5816     STORAGE                          
                 WEL =           0.0000                   WEL =           0.0000     WEL                              
                 RIV =         880.5165                   RIV =           6.5877     RIV                              

            TOTAL IN =     1825922.3635              TOTAL IN =       13042.1693

          OUT:                                     OUT:
          ----                                     ----
              STO-SS =     1677825.2108                STO-SS =       11951.0258     STORAGE                          
                 WEL =      140000.0000                   WEL =        1000.0000     WEL                              
                 RIV =        8097.2925                   RIV =          91.1436     RIV                              

           TOTAL OUT =     1825922.5034             TOTAL OUT =       13042.1693

            IN - OUT =          -0.1398              IN - OUT =      -1.7606E-06

 PERCENT DISCREPANCY =          -0.00     PERCENT DISCREPANCY =          -0.00




         TIME SUMMARY AT END OF TIME STEP    1 IN STRESS PERIOD   20
                    SECONDS     MINUTES      HOURS       DAYS        YEARS
                    -----------------------------------------------------------
   TIME STEP LENGTH 6.04800E+05  10080.      168.00      7.0000     1.91650E-02
 STRESS PERIOD TIME 6.04800E+05  10080.      168.00      7.0000     1.91650E-02
         TOTAL TIME 1.20960E+07 2.01600E+05  3360.0      140.00     0.38330    


end timestep


start timestep kper="21" kstp="1" mode="normal"


 OUTPUT CONTROL FOR STRESS PERIOD 21 IS REPEATED USING SETTINGS FROM A PREVIOUS STRESS PERIOD.

 HEAD WILL BE SAVED ON UNIT 1016 AT END OF TIME STEP    1, STRESS PERIOD   21


  VOLUME BUDGET FOR ENTIRE MODEL AT END OF TIME STEP    1, STRESS PERIOD  21
  ---------------------------------------------------------------------------------------------------

     CUMULATIVE VOLUME      L**3       RATES FOR THIS TIME STEP      L**3/T          PACKAGE NAME    
     ------------------                 ------------------------                     ----------------

           IN:                                      IN:
           ---                                      ---
              STO-SS =     1916290.3361                STO-SS =       13035.4984     STORAGE                          
                 WEL =           0.0000                   WEL =           0.0000     WEL                              
                 RIV =         926.8223                   RIV =           6.6151     RIV                              

            TOTAL IN =     1917217.1584              TOTAL IN =       13042.1136

          OUT:                                     OUT:
          ----                                     ----
              STO-SS =     1761463.0058                STO-SS =       11948.2564     STORAGE                          
                 WEL =      147000.0000                   WEL =        1000.0000     WEL                              
                 RIV =        8754.2925                   RIV =          93.8571     RIV                              

           TOTAL OUT =     1917217.2983             TOTAL OUT =       13042.1136

            IN - OUT =          -0.1399              IN - OUT =      -1.6978E-06

 PERCENT DISCREPANCY =          -0.00     PERCENT DISCREPANCY =          -0.00




         TIME SUMMARY AT END OF TIME STEP    1 IN STRESS PERIOD   21
                    SECONDS     MINUTES      HOURS       DAYS        YEARS
                    -----------------------------------------------------------
   TIME STEP LENGTH 6.04800E+05  10080.      168.00      7.0000     1.91650E-02
 STRESS PERIOD TIME 6.04800E+05  10080.      168.00      7.0000     1.91650E-02
         TOTAL TIME 1.27008E+07 2.11680E+05  3528.0      147.00     0.40246    


end timestep


start timestep kper="22" kstp="1" mode="normal"


 OUTPUT CONTROL FOR STRESS PERIOD 22 IS REPEATED USING SETTINGS FROM A PREVIOUS STRESS PERIOD.

 HEAD WILL BE SAVED ON UNIT 1016 AT END OF TIME STEP    1, STRESS PERIOD   22


  VOLUME BUDGET FOR ENTIRE MODEL AT END OF TIME STEP    1, STRESS PERIOD  22
  ---------------------------------------------------------------------------------------------------

     CUMULATIVE VOLUME      L**3       RATES FOR THIS TIME STEP      L**3/T          PACKAGE NAME    
     ------------------                 ------------------------                     ----------------

           IN:                                      IN:
           ---                                      ---
              STO-SS =     2007538.1462                STO-SS =       13035.4014     STORAGE                          
                 WEL =           0.0000                   WEL =           0.0000     WEL                              
                 RIV =         973.3188                   RIV =           6.6424     RIV                              

            TOTAL IN =     2008511.4649              TOTAL IN =       13042.0438

          OUT:                                     OUT:
          ----                                     ----
              STO-SS =     1845081.7306                STO-SS =       11945.5321     STORAGE                          
                 WEL =      154000.0000                   WEL =        1000.0000     WEL                              
                 RIV =        9429.8742                   RIV =          96.5117     RIV                              

           TOTAL OUT =     2008511.6048             TOTAL OUT =       13042.0438

            IN - OUT =          -0.1399              IN - OUT =      -8.7309E-06

 PERCENT DISCREPANCY =          -0.00     PERCENT DISCREPANCY =          -0.00




         TIME SUMMARY AT END OF TIME STEP    1 IN STRESS PERIOD   22
                    SECONDS     MINUTES      HOURS       DAYS        YEARS
                    -----------------------------------------------------------
   TIME STEP LENGTH 6.04800E+05  10080.      168.00      7.0000     1.91650E-02
 STRESS PERIOD TIME 6.04800E+05  10080.      168.00      7.0000     1.91650E-02
         TOTAL TIME 1.33056E+07 2.21760E+05  3696.0      154.00     0.42163    


end timestep


start timestep kper="23" kstp="1" mode="normal"


 OUTPUT CONTROL FOR STRESS PERIOD 23 IS REPEATED USING SETTINGS FROM A PREVIOUS STRESS PERIOD.

 HEAD WILL BE SAVED ON UNIT 1016 AT END OF TIME STEP    1, STRESS PERIOD   23


  VOLUME BUDGET FOR ENTIRE MODEL AT END OF TIME STEP    1, STRESS PERIOD  23
  ---------------------------------------------------------------------------------------------------

     CUMULATIVE VOLUME      L**3       RATES FOR THIS TIME STEP      L**3/T          PACKAGE NAME    
     ------------------                 ------------------------                     ----------------

           IN:                                      IN:
           ---                                      ---
              STO-SS =     2098785.2121                STO-SS =       13035.2951     STORAGE                          
                 WEL =           0.0000                   WEL =           0.0000     WEL                              
                 RIV =        1019.9587                   RIV =           6.6628     RIV                              

            TOTAL IN =     2099805.1708              TOTAL IN =       13041.9580

          OUT:                                     OUT:
          ----                                     ----
              STO-SS =     1928681.6583                STO-SS =       11942.8468     STORAGE                          
                 WEL =      161000.0000                   WEL =        1000.0000     WEL                              
                 RIV =       10123.6524                   RIV =          99.1112     RIV                              

           TOTAL OUT =     2099805.3107             TOTAL OUT =       13041.9580

            IN - OUT =          -0.1399              IN - OUT =      -1.6040E-06

 PERCENT DISCREPANCY =          -0.00     PERCENT DISCREPANCY =          -0.00




         TIME SUMMARY AT END OF TIME STEP    1 IN STRESS PERIOD   23
                    SECONDS     MINUTES      HOURS       DAYS        YEARS
                    -----------------------------------------------------------
   TIME STEP LENGTH 6.04800E+05  10080.      168.00      7.0000     1.91650E-02
 STRESS PERIOD TIME 6.04800E+05  10080.      168.00      7.0000     1.91650E-02
         TOTAL TIME 1.39104E+07 2.31840E+05  3864.0      161.00     0.44079    


end timestep


start timestep kper="24" kstp="1" mode="normal"


 OUTPUT CONTROL FOR STRESS PERIOD 24 IS REPEATED USING SETTINGS FROM A PREVIOUS STRESS PERIOD.

 HEAD WILL BE SAVED ON UNIT 1016 AT END OF TIME STEP    1, STRESS PERIOD   24


  VOLUME BUDGET FOR ENTIRE MODEL AT END OF TIME STEP    1, STRESS PERIOD  24
  ---------------------------------------------------------------------------------------------------

     CUMULATIVE VOLUME      L**3       RATES FOR THIS TIME STEP      L**3/T          PACKAGE NAME    
     ------------------                 ------------------------                     ----------------

           IN:                                      IN:
           ---                                      ---
              STO-SS =     2190031.3952                STO-SS =       13035.1690     STORAGE                          
                 WEL =           0.0000                   WEL =           0.0000     WEL                              
                 RIV =        1066.7529                   RIV =           6.6849     RIV                              

            TOTAL IN =     2191098.1482              TOTAL IN =       13041.8539

          OUT:                                     OUT:
          ----                                     ----
              STO-SS =     2012263.0218                STO-SS =       11940.1948     STORAGE                          
                 WEL =      168000.0000                   WEL =        1000.0000     WEL                              
                 RIV =       10835.2663                   RIV =         101.6591     RIV                              

           TOTAL OUT =     2191098.2881             TOTAL OUT =       13041.8539

            IN - OUT =          -0.1399              IN - OUT =      -1.5617E-06

 PERCENT DISCREPANCY =          -0.00     PERCENT DISCREPANCY =          -0.00




         TIME SUMMARY AT END OF TIME STEP    1 IN STRESS PERIOD   24
                    SECONDS     MINUTES      HOURS       DAYS        YEARS
                    -----------------------------------------------------------
   TIME STEP LENGTH 6.04800E+05  10080.      168.00      7.0000     1.91650E-02
 STRESS PERIOD TIME 6.04800E+05  10080.      168.00      7.0000     1.91650E-02
         TOTAL TIME 1.45152E+07 2.41920E+05  4032.0      168.00     0.45996    


end timestep


start timestep kper="25" kstp="1" mode="normal"


 OUTPUT CONTROL FOR STRESS PERIOD 25 IS REPEATED USING SETTINGS FROM A PREVIOUS STRESS PERIOD.

 HEAD WILL BE SAVED ON UNIT 1016 AT END OF TIME STEP    1, STRESS PERIOD   25


  VOLUME BUDGET FOR ENTIRE MODEL AT END OF TIME STEP    1, STRESS PERIOD  25
  ---------------------------------------------------------------------------------------------------

     CUMULATIVE VOLUME      L**3       RATES FOR THIS TIME STEP      L**3/T          PACKAGE NAME    
     ------------------                 ------------------------                     ----------------

           IN:                                      IN:
           ---                                      ---
              STO-SS =     2281276.5370                STO-SS =       13035.0203     STORAGE                          
                 WEL =           0.0000                   WEL =           0.0000     WEL                              
                 RIV =        1113.7123                   RIV =           6.7085     RIV                              

            TOTAL IN =     2282390.2493              TOTAL IN =       13041.7287

          OUT:                                     OUT:
          ----                                     ----
              STO-SS =     2095826.0119                STO-SS =       11937.5700     STORAGE                          
                 WEL =      175000.0000                   WEL =        1000.0000     WEL                              
                 RIV =       11564.3774                   RIV =         104.1587     RIV                              

           TOTAL OUT =     2282390.3892             TOTAL OUT =       13041.7287

            IN - OUT =          -0.1399              IN - OUT =      -1.5343E-06

 PERCENT DISCREPANCY =          -0.00     PERCENT DISCREPANCY =          -0.00




         TIME SUMMARY AT END OF TIME STEP    1 IN STRESS PERIOD   25
                    SECONDS     MINUTES      HOURS       DAYS        YEARS
                    -----------------------------------------------------------
   TIME STEP LENGTH 6.04800E+05  10080.      168.00      7.0000     1.91650E-02
 STRESS PERIOD TIME 6.04800E+05  10080.      168.00      7.0000     1.91650E-02
         TOTAL TIME 1.51200E+07 2.52000E+05  4200.0      175.00     0.47912    


end timestep


start timestep kper="26" kstp="1" mode="normal"


 OUTPUT CONTROL FOR STRESS PERIOD 26 IS REPEATED USING SETTINGS FROM A PREVIOUS STRESS PERIOD.

 HEAD WILL BE SAVED ON UNIT 1016 AT END OF TIME STEP    1, STRESS PERIOD   26


  VOLUME BUDGET FOR ENTIRE MODEL AT END OF TIME STEP    1, STRESS PERIOD  26
  ---------------------------------------------------------------------------------------------------

     CUMULATIVE VOLUME      L**3       RATES FOR THIS TIME STEP      L**3/T          PACKAGE NAME    
     ------------------                 ------------------------                     ----------------

           IN:                                      IN:
           ---                                      ---
              STO-SS =     2372520.4641                STO-SS =       13034.8467     STORAGE                          
                 WEL =           0.0000                   WEL =           0.0000     WEL                              
                 RIV =        1160.8476                   RIV =           6.7336     RIV                              

            TOTAL IN =     2373681.3118              TOTAL IN =       13041.5804

          OUT:                                     OUT:
          ----                                     ----
              STO-SS =     2179370.7845                STO-SS =       11934.9675     STORAGE                          
                 WEL =      182000.0000                   WEL =        1000.0000     WEL                              
                 RIV =       12310.6672                   RIV =         106.6128     RIV                              

           TOTAL OUT =     2373681.4517             TOTAL OUT =       13041.5804

            IN - OUT =          -0.1400              IN - OUT =      -1.4866E-06

 PERCENT DISCREPANCY =          -0.00     PERCENT DISCREPANCY =          -0.00




         TIME SUMMARY AT END OF TIME STEP    1 IN STRESS PERIOD   26
                    SECONDS     MINUTES      HOURS       DAYS        YEARS
                    -----------------------------------------------------------
   TIME STEP LENGTH 6.04800E+05  10080.      168.00      7.0000     1.91650E-02
 STRESS PERIOD TIME 6.04800E+05  10080.      168.00      7.0000     1.91650E-02
         TOTAL TIME 1.57248E+07 2.62080E+05  4368.0      182.00     0.49829    


end timestep


start timestep kper="27" kstp="1" mode="normal"


 OUTPUT CONTROL FOR STRESS PERIOD 27 IS REPEATED USING SETTINGS FROM A PREVIOUS STRESS PERIOD.

 HEAD WILL BE SAVED ON UNIT 1016 AT END OF TIME STEP    1, STRESS PERIOD   27


  VOLUME BUDGET FOR ENTIRE MODEL AT END OF TIME STEP    1, STRESS PERIOD  27
  ---------------------------------------------------------------------------------------------------

     CUMULATIVE VOLUME      L**3       RATES FOR THIS TIME STEP      L**3/T          PACKAGE NAME    
     ------------------                 ------------------------                     ----------------

           IN:                                      IN:
           ---                                      ---
              STO-SS =     2463762.9993                STO-SS =       13034.6479     STORAGE                          
                 WEL =           0.0000                   WEL =           0.0000     WEL                              
                 RIV =        1208.1532                   RIV =           6.7579     RIV                              

            TOTAL IN =     2464971.1525              TOTAL IN =       13041.4058

          OUT:                                     OUT:
          ----                                     ----
              STO-SS =     2262897.4569                STO-SS =       11932.3818     STORAGE                          
                 WEL =      189000.0000                   WEL =        1000.0000     WEL                              
                 RIV =       13073.8356                   RIV =         109.0240     RIV                              

           TOTAL OUT =     2464971.2925             TOTAL OUT =       13041.4058

            IN - OUT =          -0.1400              IN - OUT =      -9.5004E-06

 PERCENT DISCREPANCY =          -0.00     PERCENT DISCREPANCY =          -0.00




         TIME SUMMARY AT END OF TIME STEP    1 IN STRESS PERIOD   27
                    SECONDS     MINUTES      HOURS       DAYS        YEARS
                    -----------------------------------------------------------
   TIME STEP LENGTH 6.04800E+05  10080.      168.00      7.0000     1.91650E-02
 STRESS PERIOD TIME 6.04800E+05  10080.      168.00      7.0000     1.91650E-02
         TOTAL TIME 1.63296E+07 2.72160E+05  4536.0      189.00     0.51745    


end timestep


start timestep kper="28" kstp="1" mode="normal"


 OUTPUT CONTROL FOR STRESS PERIOD 28 IS REPEATED USING SETTINGS FROM A PREVIOUS STRESS PERIOD.

 HEAD WILL BE SAVED ON UNIT 1016 AT END OF TIME STEP    1, STRESS PERIOD   28


  VOLUME BUDGET FOR ENTIRE MODEL AT END OF TIME STEP    1, STRESS PERIOD  28
  ---------------------------------------------------------------------------------------------------

     CUMULATIVE VOLUME      L**3       RATES FOR THIS TIME STEP      L**3/T          PACKAGE NAME    
     ------------------                 ------------------------                     ----------------

           IN:                                      IN:
           ---                                      ---
              STO-SS =     2555003.9776                STO-SS =       13034.4255     STORAGE                          
                 WEL =           0.0000                   WEL =           0.0000     WEL                              
                 RIV =        1255.5922                   RIV =           6.7770     RIV                              

            TOTAL IN =     2556259.5698              TOTAL IN =       13041.2025

          OUT:                                     OUT:
          ----                                     ----
              STO-SS =     2346406.1114                STO-SS =       11929.8078     STORAGE                          
                 WEL =      196000.0000                   WEL =        1000.0000     WEL                              
                 RIV =       13853.5985                   RIV =         111.3947     RIV                              

           TOTAL OUT =     2556259.7098             TOTAL OUT =       13041.2025

            IN - OUT =          -0.1400              IN - OUT =      -1.4468E-06

 PERCENT DISCREPANCY =          -0.00     PERCENT DISCREPANCY =          -0.00




         TIME SUMMARY AT END OF TIME STEP    1 IN STRESS PERIOD   28
                    SECONDS     MINUTES      HOURS       DAYS        YEARS
                    -----------------------------------------------------------
   TIME STEP LENGTH 6.04800E+05  10080.      168.00      7.0000     1.91650E-02
 STRESS PERIOD TIME 6.04800E+05  10080.      168.00      7.0000     1.91650E-02
         TOTAL TIME 1.69344E+07 2.82240E+05  4704.0      196.00     0.53662    


end timestep


start timestep kper="29" kstp="1" mode="normal"


 OUTPUT CONTROL FOR STRESS PERIOD 29 IS REPEATED USING SETTINGS FROM A PREVIOUS STRESS PERIOD.

 HEAD WILL BE SAVED ON UNIT 1016 AT END OF TIME STEP    1, STRESS PERIOD   29


  VOLUME BUDGET FOR ENTIRE MODEL AT END OF TIME STEP    1, STRESS PERIOD  29
  ---------------------------------------------------------------------------------------------------

     CUMULATIVE VOLUME      L**3       RATES FOR THIS TIME STEP      L**3/T          PACKAGE NAME    
     ------------------                 ------------------------                     ----------------

           IN:                                      IN:
           ---                                      ---
              STO-SS =     2646243.1699                STO-SS =       13034.1703     STORAGE                          
                 WEL =           0.0000                   WEL =           0.0000     WEL                              
                 RIV =        1303.1731                   RIV =           6.7973     RIV                              

            TOTAL IN =     2647546.3430              TOTAL IN =       13040.9676

          OUT:                                     OUT:
          ----                                     ----
              STO-SS =     2429896.7959                STO-SS =       11927.2407     STORAGE                          
                 WEL =      203000.0000                   WEL =        1000.0000     WEL                              
                 RIV =       14649.6871                   RIV =         113.7269     RIV                              

           TOTAL OUT =     2647546.4830             TOTAL OUT =       13040.9676

            IN - OUT =          -0.1400              IN - OUT =      -1.4122E-06

 PERCENT DISCREPANCY =          -0.00     PERCENT DISCREPANCY =          -0.00




         TIME SUMMARY AT END OF TIME STEP    1 IN STRESS PERIOD   29
                    SECONDS     MINUTES      HOURS       DAYS        YEARS
                    -----------------------------------------------------------
   TIME STEP LENGTH 6.04800E+05  10080.      168.00      7.0000     1.91650E-02
 STRESS PERIOD TIME 6.04800E+05  10080.      168.00      7.0000     1.91650E-02
         TOTAL TIME 1.75392E+07 2.92320E+05  4872.0      203.00     0.55578    


end timestep


start timestep kper="30" kstp="1" mode="normal"


 OUTPUT CONTROL FOR STRESS PERIOD 30 IS REPEATED USING SETTINGS FROM A PREVIOUS STRESS PERIOD.

 HEAD WILL BE SAVED ON UNIT 1016 AT END OF TIME STEP    1, STRESS PERIOD   30


  VOLUME BUDGET FOR ENTIRE MODEL AT END OF TIME STEP    1, STRESS PERIOD  30
  ---------------------------------------------------------------------------------------------------

     CUMULATIVE VOLUME      L**3       RATES FOR THIS TIME STEP      L**3/T          PACKAGE NAME    
     ------------------                 ------------------------                     ----------------

           IN:                                      IN:
           ---                                      ---
              STO-SS =     2737480.3284                STO-SS =       13033.8798     STORAGE                          
                 WEL =           0.0000                   WEL =           0.0000     WEL                              
                 RIV =        1350.9047                   RIV =           6.8188     RIV                              

            TOTAL IN =     2738831.2331              TOTAL IN =       13040.6986

          OUT:                                     OUT:
          ----                                     ----
              STO-SS =     2513369.5268                STO-SS =       11924.6758     STORAGE                          
                 WEL =      210000.0000                   WEL =        1000.0000     WEL                              
                 RIV =       15461.8464                   RIV =         116.0228     RIV                              

           TOTAL OUT =     2738831.3732             TOTAL OUT =       13040.6986

            IN - OUT =          -0.1401              IN - OUT =      -1.3812E-06

 PERCENT DISCREPANCY =          -0.00     PERCENT DISCREPANCY =          -0.00




         TIME SUMMARY AT END OF TIME STEP    1 IN STRESS PERIOD   30
                    SECONDS     MINUTES      HOURS       DAYS        YEARS
                    -----------------------------------------------------------
   TIME STEP LENGTH 6.04800E+05  10080.      168.00      7.0000     1.91650E-02
 STRESS PERIOD TIME 6.04800E+05  10080.      168.00      7.0000     1.91650E-02
         TOTAL TIME 1.81440E+07 3.02400E+05  5040.0      210.00     0.57495    


end timestep


start timestep kper="31" kstp="1" mode="normal"


 OUTPUT CONTROL FOR STRESS PERIOD 31 IS REPEATED USING SETTINGS FROM A PREVIOUS STRESS PERIOD.

 HEAD WILL BE SAVED ON UNIT 1016 AT END OF TIME STEP    1, STRESS PERIOD   31


  VOLUME BUDGET FOR ENTIRE MODEL AT END OF TIME STEP    1, STRESS PERIOD  31
  ---------------------------------------------------------------------------------------------------

     CUMULATIVE VOLUME      L**3       RATES FOR THIS TIME STEP      L**3/T          PACKAGE NAME    
     ------------------                 ------------------------                     ----------------

           IN:                                      IN:
           ---                                      ---
              STO-SS =     2828715.1882                STO-SS =       13033.5514     STORAGE                          
                 WEL =           0.0000                   WEL =           0.0000     WEL                              
                 RIV =        1398.7956                   RIV =           6.8416     RIV                              

            TOTAL IN =     2830113.9838              TOTAL IN =       13040.3929

          OUT:                                     OUT:
          ----                                     ----
              STO-SS =     2596824.2900                STO-SS =       11922.1090     STORAGE                          
                 WEL =      217000.0000                   WEL =        1000.0000     WEL                              
                 RIV =       16289.8338                   RIV =         118.2839     RIV                              

           TOTAL OUT =     2830114.1238             TOTAL OUT =       13040.3929

            IN - OUT =          -0.1401              IN - OUT =      -1.3733E-06

 PERCENT DISCREPANCY =          -0.00     PERCENT DISCREPANCY =          -0.00




         TIME SUMMARY AT END OF TIME STEP    1 IN STRESS PERIOD   31
                    SECONDS     MINUTES      HOURS       DAYS        YEARS
                    -----------------------------------------------------------
   TIME STEP LENGTH 6.04800E+05  10080.      168.00      7.0000     1.91650E-02
 STRESS PERIOD TIME 6.04800E+05  10080.      168.00      7.0000     1.91650E-02
         TOTAL TIME 1.87488E+07 3.12480E+05  5208.0      217.00     0.59411    


end timestep


start timestep kper="32" kstp="1" mode="normal"


 OUTPUT CONTROL FOR STRESS PERIOD 32 IS REPEATED USING SETTINGS FROM A PREVIOUS STRESS PERIOD.

 HEAD WILL BE SAVED ON UNIT 1016 AT END OF TIME STEP    1, STRESS PERIOD   32


  VOLUME BUDGET FOR ENTIRE MODEL AT END OF TIME STEP    1, STRESS PERIOD  32
  ---------------------------------------------------------------------------------------------------

     CUMULATIVE VOLUME      L**3       RATES FOR THIS TIME STEP      L**3/T          PACKAGE NAME    
     ------------------                 ------------------------                     ----------------

           IN:                                      IN:
           ---                                      ---
              STO-SS =     2919947.4669                STO-SS =       13033.1827     STORAGE                          
                 WEL =           0.0000                   WEL =           0.0000     WEL                              
                 RIV =        1446.8544                   RIV =           6.8655     RIV                              

            TOTAL IN =     2921394.3212              TOTAL IN =       13040.0482

          OUT:                                     OUT:
          ----                                     ----
              STO-SS =     2680261.0429                STO-SS =       11919.5361     STORAGE                          
                 WEL =      224000.0000                   WEL =        1000.0000     WEL                              
                 RIV =       17133.4184                   RIV =         120.5121     RIV                              

           TOTAL OUT =     2921394.4613             TOTAL OUT =       13040.0482

            IN - OUT =          -0.1401              IN - OUT =      -1.3544E-06

 PERCENT DISCREPANCY =          -0.00     PERCENT DISCREPANCY =          -0.00




         TIME SUMMARY AT END OF TIME STEP    1 IN STRESS PERIOD   32
                    SECONDS     MINUTES      HOURS       DAYS        YEARS
                    -----------------------------------------------------------
   TIME STEP LENGTH 6.04800E+05  10080.      168.00      7.0000     1.91650E-02
 STRESS PERIOD TIME 6.04800E+05  10080.      168.00      7.0000     1.91650E-02
         TOTAL TIME 1.93536E+07 3.22560E+05  5376.0      224.00     0.61328    


end timestep


start timestep kper="33" kstp="1" mode="normal"


 OUTPUT CONTROL FOR STRESS PERIOD 33 IS REPEATED USING SETTINGS FROM A PREVIOUS STRESS PERIOD.

 HEAD WILL BE SAVED ON UNIT 1016 AT END OF TIME STEP    1, STRESS PERIOD   33


  VOLUME BUDGET FOR ENTIRE MODEL AT END OF TIME STEP    1, STRESS PERIOD  33
  ---------------------------------------------------------------------------------------------------

     CUMULATIVE VOLUME      L**3       RATES FOR THIS TIME STEP      L**3/T          PACKAGE NAME    
     ------------------                 ------------------------                     ----------------

           IN:                                      IN:
           ---                                      ---
              STO-SS =     3011176.9247                STO-SS =       13032.7797     STORAGE                          
                 WEL =           0.0000                   WEL =           0.0000     WEL                              
                 RIV =        1495.0397                   RIV =           6.8836     RIV                              

            TOTAL IN =     3012671.9644              TOTAL IN =       13039.6633

          OUT:                                     OUT:
          ----                                     ----
              STO-SS =     2763679.7246                STO-SS =       11916.9545     STORAGE                          
                 WEL =      231000.0000                   WEL =        1000.0000     WEL                              
                 RIV =       17992.3800                   RIV =         122.7088     RIV                              

           TOTAL OUT =     3012672.1046             TOTAL OUT =       13039.6633

            IN - OUT =          -0.1403              IN - OUT =      -2.6066E-05

 PERCENT DISCREPANCY =          -0.00     PERCENT DISCREPANCY =          -0.00




         TIME SUMMARY AT END OF TIME STEP    1 IN STRESS PERIOD   33
                    SECONDS     MINUTES      HOURS       DAYS        YEARS
                    -----------------------------------------------------------
   TIME STEP LENGTH 6.04800E+05  10080.      168.00      7.0000     1.91650E-02
 STRESS PERIOD TIME 6.04800E+05  10080.      168.00      7.0000     1.91650E-02
         TOTAL TIME 1.99584E+07 3.32640E+05  5544.0      231.00     0.63244    


end timestep


start timestep kper="34" kstp="1" mode="normal"


 OUTPUT CONTROL FOR STRESS PERIOD 34 IS REPEATED USING SETTINGS FROM A PREVIOUS STRESS PERIOD.

 HEAD WILL BE SAVED ON UNIT 1016 AT END OF TIME STEP    1, STRESS PERIOD   34


  VOLUME BUDGET FOR ENTIRE MODEL AT END OF TIME STEP    1, STRESS PERIOD  34
  ---------------------------------------------------------------------------------------------------

     CUMULATIVE VOLUME      L**3       RATES FOR THIS TIME STEP      L**3/T          PACKAGE NAME    
     ------------------                 ------------------------                     ----------------

           IN:                                      IN:
           ---                                      ---
              STO-SS =     3102403.2560                STO-SS =       13032.3330     STORAGE                          
                 WEL =           0.0000                   WEL =           0.0000     WEL                              
                 RIV =        1543.3540                   RIV =           6.9020     RIV                              

            TOTAL IN =     3103946.6100              TOTAL IN =       13039.2351

          OUT:                                     OUT:
          ----                                     ----
              STO-SS =     2847080.2420                STO-SS =       11914.3596     STORAGE                          
                 WEL =      238000.0000                   WEL =        1000.0000     WEL                              
                 RIV =       18866.5083                   RIV =         124.8755     RIV                              

           TOTAL OUT =     3103946.7503             TOTAL OUT =       13039.2351

            IN - OUT =          -0.1403              IN - OUT =      -1.3018E-06

 PERCENT DISCREPANCY =          -0.00     PERCENT DISCREPANCY =          -0.00




         TIME SUMMARY AT END OF TIME STEP    1 IN STRESS PERIOD   34
                    SECONDS     MINUTES      HOURS       DAYS        YEARS
                    -----------------------------------------------------------
   TIME STEP LENGTH 6.04800E+05  10080.      168.00      7.0000     1.91650E-02
 STRESS PERIOD TIME 6.04800E+05  10080.      168.00      7.0000     1.91650E-02
         TOTAL TIME 2.05632E+07 3.42720E+05  5712.0      238.00     0.65161    


end timestep


start timestep kper="35" kstp="1" mode="normal"


 OUTPUT CONTROL FOR STRESS PERIOD 35 IS REPEATED USING SETTINGS FROM A PREVIOUS STRESS PERIOD.

 HEAD WILL BE SAVED ON UNIT 1016 AT END OF TIME STEP    1, STRESS PERIOD   35


  VOLUME BUDGET FOR ENTIRE MODEL AT END OF TIME STEP    1, STRESS PERIOD  35
  ---------------------------------------------------------------------------------------------------

     CUMULATIVE VOLUME      L**3       RATES FOR THIS TIME STEP      L**3/T          PACKAGE NAME    
     ------------------                 ------------------------                     ----------------

           IN:                                      IN:
           ---                                      ---
              STO-SS =     3193626.1304                STO-SS =       13031.8392     STORAGE                          
                 WEL =           0.0000                   WEL =           0.0000     WEL                              
                 RIV =        1591.8044                   RIV =           6.9215     RIV                              

            TOTAL IN =     3195217.9348              TOTAL IN =       13038.7607

          OUT:                                     OUT:
          ----                                     ----
              STO-SS =     2930462.4729                STO-SS =       11911.7473     STORAGE                          
                 WEL =      245000.0000                   WEL =        1000.0000     WEL                              
                 RIV =       19755.6021                   RIV =         127.0134     RIV                              

           TOTAL OUT =     3195218.0750             TOTAL OUT =       13038.7607

            IN - OUT =          -0.1403              IN - OUT =      -1.2880E-06

 PERCENT DISCREPANCY =          -0.00     PERCENT DISCREPANCY =          -0.00




         TIME SUMMARY AT END OF TIME STEP    1 IN STRESS PERIOD   35
                    SECONDS     MINUTES      HOURS       DAYS        YEARS
                    -----------------------------------------------------------
   TIME STEP LENGTH 6.04800E+05  10080.      168.00      7.0000     1.91650E-02
 STRESS PERIOD TIME 6.04800E+05  10080.      168.00      7.0000     1.91650E-02
         TOTAL TIME 2.11680E+07 3.52800E+05  5880.0      245.00     0.67077    


end timestep


start timestep kper="36" kstp="1" mode="normal"


 OUTPUT CONTROL FOR STRESS PERIOD 36 IS REPEATED USING SETTINGS FROM A PREVIOUS STRESS PERIOD.

 HEAD WILL BE SAVED ON UNIT 1016 AT END OF TIME STEP    1, STRESS PERIOD   36


  VOLUME BUDGET FOR ENTIRE MODEL AT END OF TIME STEP    1, STRESS PERIOD  36
  ---------------------------------------------------------------------------------------------------

     CUMULATIVE VOLUME      L**3       RATES FOR THIS TIME STEP      L**3/T          PACKAGE NAME    
     ------------------                 ------------------------                     ----------------

           IN:                                      IN:
           ---                                      ---
              STO-SS =     3284845.2032                STO-SS =       13031.2961     STORAGE                          
                 WEL =           0.0000                   WEL =           0.0000     WEL                              
                 RIV =        1640.3979                   RIV =           6.9419     RIV                              

            TOTAL IN =     3286485.6010              TOTAL IN =       13038.2380

          OUT:                                     OUT:
          ----                                     ----
              STO-SS =     3013826.2724                STO-SS =       11909.1142     STORAGE                          
                 WEL =      252000.0000                   WEL =        1000.0000     WEL                              
                 RIV =       20659.4690                   RIV =         129.1238     RIV                              

           TOTAL OUT =     3286485.7413             TOTAL OUT =       13038.2380

            IN - OUT =          -0.1403              IN - OUT =      -1.2577E-06

 PERCENT DISCREPANCY =          -0.00     PERCENT DISCREPANCY =          -0.00




         TIME SUMMARY AT END OF TIME STEP    1 IN STRESS PERIOD   36
                    SECONDS     MINUTES      HOURS       DAYS        YEARS
                    -----------------------------------------------------------
   TIME STEP LENGTH 6.04800E+05  10080.      168.00      7.0000     1.91650E-02
 STRESS PERIOD TIME 6.04800E+05  10080.      168.00      7.0000     1.91650E-02
         TOTAL TIME 2.17728E+07 3.62880E+05  6048.0      252.00     0.68994    


end timestep


start timestep kper="37" kstp="1" mode="normal"


 OUTPUT CONTROL FOR STRESS PERIOD 37 IS REPEATED USING SETTINGS FROM A PREVIOUS STRESS PERIOD.

 HEAD WILL BE SAVED ON UNIT 1016 AT END OF TIME STEP    1, STRESS PERIOD   37


  VOLUME BUDGET FOR ENTIRE MODEL AT END OF TIME STEP    1, STRESS PERIOD  37
  ---------------------------------------------------------------------------------------------------

     CUMULATIVE VOLUME      L**3       RATES FOR THIS TIME STEP      L**3/T          PACKAGE NAME    
     ------------------                 ------------------------                     ----------------

           IN:                                      IN:
           ---                                      ---
              STO-SS =     3376060.1159                STO-SS =       13030.7018     STORAGE                          
                 WEL =           0.0000                   WEL =           0.0000     WEL                              
                 RIV =        1689.1415                   RIV =           6.9634     RIV                              

            TOTAL IN =     3377749.2574              TOTAL IN =       13037.6652

          OUT:                                     OUT:
          ----                                     ----
              STO-SS =     3097171.4736                STO-SS =       11906.4573     STORAGE                          
                 WEL =      259000.0000                   WEL =        1000.0000     WEL                              
                 RIV =       21577.9241                   RIV =         131.2079     RIV                              

           TOTAL OUT =     3377749.3977             TOTAL OUT =       13037.6652

            IN - OUT =          -0.1403              IN - OUT =      -1.2446E-06

 PERCENT DISCREPANCY =          -0.00     PERCENT DISCREPANCY =          -0.00




         TIME SUMMARY AT END OF TIME STEP    1 IN STRESS PERIOD   37
                    SECONDS     MINUTES      HOURS       DAYS        YEARS
                    -----------------------------------------------------------
   TIME STEP LENGTH 6.04800E+05  10080.      168.00      7.0000     1.91650E-02
 STRESS PERIOD TIME 6.04800E+05  10080.      168.00      7.0000     1.91650E-02
         TOTAL TIME 2.23776E+07 3.72960E+05  6216.0      259.00     0.70910    


end timestep


start timestep kper="38" kstp="1" mode="normal"


 OUTPUT CONTROL FOR STRESS PERIOD 38 IS REPEATED USING SETTINGS FROM A PREVIOUS STRESS PERIOD.

 HEAD WILL BE SAVED ON UNIT 1016 AT END OF TIME STEP    1, STRESS PERIOD   38


  VOLUME BUDGET FOR ENTIRE MODEL AT END OF TIME STEP    1, STRESS PERIOD  38
  ---------------------------------------------------------------------------------------------------

     CUMULATIVE VOLUME      L**3       RATES FOR THIS TIME STEP      L**3/T          PACKAGE NAME    
     ------------------                 ------------------------                     ----------------

           IN:                                      IN:
           ---                                      ---
              STO-SS =     3467270.5081                STO-SS =       13030.0560     STORAGE                          
                 WEL =           0.0000                   WEL =           0.0000     WEL                              
                 RIV =        1738.0345                   RIV =           6.9847     RIV                              

            TOTAL IN =     3469008.5426              TOTAL IN =       13037.0407

          OUT:                                     OUT:
          ----                                     ----
              STO-SS =     3180497.8927                STO-SS =       11903.7742     STORAGE                          
                 WEL =      266000.0000                   WEL =        1000.0000     WEL                              
                 RIV =       22510.7902                   RIV =         133.2666     RIV                              

           TOTAL OUT =     3469008.6829             TOTAL OUT =       13037.0407

            IN - OUT =          -0.1403              IN - OUT =      -5.1508E-06

 PERCENT DISCREPANCY =          -0.00     PERCENT DISCREPANCY =          -0.00




         TIME SUMMARY AT END OF TIME STEP    1 IN STRESS PERIOD   38
                    SECONDS     MINUTES      HOURS       DAYS        YEARS
                    -----------------------------------------------------------
   TIME STEP LENGTH 6.04800E+05  10080.      168.00      7.0000     1.91650E-02
 STRESS PERIOD TIME 6.04800E+05  10080.      168.00      7.0000     1.91650E-02
         TOTAL TIME 2.29824E+07 3.83040E+05  6384.0      266.00     0.72827    


end timestep


start timestep kper="39" kstp="1" mode="normal"


 OUTPUT CONTROL FOR STRESS PERIOD 39 IS REPEATED USING SETTINGS FROM A PREVIOUS STRESS PERIOD.

 HEAD WILL BE SAVED ON UNIT 1016 AT END OF TIME STEP    1, STRESS PERIOD   39


  VOLUME BUDGET FOR ENTIRE MODEL AT END OF TIME STEP    1, STRESS PERIOD  39
  ---------------------------------------------------------------------------------------------------

     CUMULATIVE VOLUME      L**3       RATES FOR THIS TIME STEP      L**3/T          PACKAGE NAME    
     ------------------                 ------------------------                     ----------------

           IN:                                      IN:
           ---                                      ---
              STO-SS =     3558476.0538                STO-SS =       13029.3637     STORAGE                          
                 WEL =           0.0000                   WEL =           0.0000     WEL                              
                 RIV =        1787.0439                   RIV =           7.0013     RIV                              

            TOTAL IN =     3560263.0976              TOTAL IN =       13036.3650

          OUT:                                     OUT:
          ----                                     ----
              STO-SS =     3263805.3409                STO-SS =       11901.0640     STORAGE                          
                 WEL =      273000.0000                   WEL =        1000.0000     WEL                              
                 RIV =       23457.8971                   RIV =         135.3010     RIV                              

           TOTAL OUT =     3560263.2379             TOTAL OUT =       13036.3650

            IN - OUT =          -0.1403              IN - OUT =      -1.2093E-06

 PERCENT DISCREPANCY =          -0.00     PERCENT DISCREPANCY =          -0.00




         TIME SUMMARY AT END OF TIME STEP    1 IN STRESS PERIOD   39
                    SECONDS     MINUTES      HOURS       DAYS        YEARS
                    -----------------------------------------------------------
   TIME STEP LENGTH 6.04800E+05  10080.      168.00      7.0000     1.91650E-02
 STRESS PERIOD TIME 6.04800E+05  10080.      168.00      7.0000     1.91650E-02
         TOTAL TIME 2.35872E+07 3.93120E+05  6552.0      273.00     0.74743    


end timestep


start timestep kper="40" kstp="1" mode="normal"


 OUTPUT CONTROL FOR STRESS PERIOD 40 IS REPEATED USING SETTINGS FROM A PREVIOUS STRESS PERIOD.

 HEAD WILL BE SAVED ON UNIT 1016 AT END OF TIME STEP    1, STRESS PERIOD   40


  VOLUME BUDGET FOR ENTIRE MODEL AT END OF TIME STEP    1, STRESS PERIOD  40
  ---------------------------------------------------------------------------------------------------

     CUMULATIVE VOLUME      L**3       RATES FOR THIS TIME STEP      L**3/T          PACKAGE NAME    
     ------------------                 ------------------------                     ----------------

           IN:                                      IN:
           ---                                      ---
              STO-SS =     3649676.3581                STO-SS =       13028.6149     STORAGE                          
                 WEL =           0.0000                   WEL =           0.0000     WEL                              
                 RIV =        1836.1754                   RIV =           7.0188     RIV                              

            TOTAL IN =     3651512.5335              TOTAL IN =       13035.6337

          OUT:                                     OUT:
          ----                                     ----
              STO-SS =     3347093.5930                STO-SS =       11898.3217     STORAGE                          
                 WEL =      280000.0000                   WEL =        1000.0000     WEL                              
                 RIV =       24419.0808                   RIV =         137.3120     RIV                              

           TOTAL OUT =     3651512.6738             TOTAL OUT =       13035.6337

            IN - OUT =          -0.1403              IN - OUT =      -1.1966E-06

 PERCENT DISCREPANCY =          -0.00     PERCENT DISCREPANCY =          -0.00




         TIME SUMMARY AT END OF TIME STEP    1 IN STRESS PERIOD   40
                    SECONDS     MINUTES      HOURS       DAYS        YEARS
                    -----------------------------------------------------------
   TIME STEP LENGTH 6.04800E+05  10080.      168.00      7.0000     1.91650E-02
 STRESS PERIOD TIME 6.04800E+05  10080.      168.00      7.0000     1.91650E-02
         TOTAL TIME 2.41920E+07 4.03200E+05  6720.0      280.00     0.76660    


end timestep


start timestep kper="41" kstp="1" mode="normal"


 OUTPUT CONTROL FOR STRESS PERIOD 41 IS REPEATED USING SETTINGS FROM A PREVIOUS STRESS PERIOD.

 HEAD WILL BE SAVED ON UNIT 1016 AT END OF TIME STEP    1, STRESS PERIOD   41


  VOLUME BUDGET FOR ENTIRE MODEL AT END OF TIME STEP    1, STRESS PERIOD  41
  ---------------------------------------------------------------------------------------------------

     CUMULATIVE VOLUME      L**3       RATES FOR THIS TIME STEP      L**3/T          PACKAGE NAME    
     ------------------                 ------------------------                     ----------------

           IN:                                      IN:
           ---                                      ---
              STO-SS =     3740871.0215                STO-SS =       13027.8091     STORAGE                          
                 WEL =           0.0000                   WEL =           0.0000     WEL                              
                 RIV =        1885.4350                   RIV =           7.0371     RIV                              

            TOTAL IN =     3742756.4565              TOTAL IN =       13034.8462

          OUT:                                     OUT:
          ----                                     ----
              STO-SS =     3430362.4133                STO-SS =       11895.5457     STORAGE                          
                 WEL =      287000.0000                   WEL =        1000.0000     WEL                              
                 RIV =       25394.1836                   RIV =         139.3004     RIV                              

           TOTAL OUT =     3742756.5969             TOTAL OUT =       13034.8462

            IN - OUT =          -0.1404              IN - OUT =      -1.1774E-06

 PERCENT DISCREPANCY =          -0.00     PERCENT DISCREPANCY =          -0.00




         TIME SUMMARY AT END OF TIME STEP    1 IN STRESS PERIOD   41
                    SECONDS     MINUTES      HOURS       DAYS        YEARS
                    -----------------------------------------------------------
   TIME STEP LENGTH 6.04800E+05  10080.      168.00      7.0000     1.91650E-02
 STRESS PERIOD TIME 6.04800E+05  10080.      168.00      7.0000     1.91650E-02
         TOTAL TIME 2.47968E+07 4.13280E+05  6888.0      287.00     0.78576    


end timestep


start timestep kper="42" kstp="1" mode="normal"


 OUTPUT CONTROL FOR STRESS PERIOD 42 IS REPEATED USING SETTINGS FROM A PREVIOUS STRESS PERIOD.

 HEAD WILL BE SAVED ON UNIT 1016 AT END OF TIME STEP    1, STRESS PERIOD   42


  VOLUME BUDGET FOR ENTIRE MODEL AT END OF TIME STEP    1, STRESS PERIOD  42
  ---------------------------------------------------------------------------------------------------

     CUMULATIVE VOLUME      L**3       RATES FOR THIS TIME STEP      L**3/T          PACKAGE NAME    
     ------------------                 ------------------------                     ----------------

           IN:                                      IN:
           ---                                      ---
              STO-SS =     3832059.6439                STO-SS =       13026.9461     STORAGE                          
                 WEL =           0.0000                   WEL =           0.0000     WEL                              
                 RIV =        1934.8285                   RIV =           7.0562     RIV                              

            TOTAL IN =     3833994.4725              TOTAL IN =       13034.0023

          OUT:                                     OUT:
          ----                                     ----
              STO-SS =     3513611.5593                STO-SS =       11892.7351     STORAGE                          
                 WEL =      294000.0000                   WEL =        1000.0000     WEL                              
                 RIV =       26383.0535                   RIV =         141.2671     RIV                              

           TOTAL OUT =     3833994.6128             TOTAL OUT =       13034.0023

            IN - OUT =          -0.1404              IN - OUT =      -1.1631E-06

 PERCENT DISCREPANCY =          -0.00     PERCENT DISCREPANCY =          -0.00




         TIME SUMMARY AT END OF TIME STEP    1 IN STRESS PERIOD   42
                    SECONDS     MINUTES      HOURS       DAYS        YEARS
                    -----------------------------------------------------------
   TIME STEP LENGTH 6.04800E+05  10080.      168.00      7.0000     1.91650E-02
 STRESS PERIOD TIME 6.04800E+05  10080.      168.00      7.0000     1.91650E-02
         TOTAL TIME 2.54016E+07 4.23360E+05  7056.0      294.00     0.80493    


end timestep


start timestep kper="43" kstp="1" mode="normal"


 OUTPUT CONTROL FOR STRESS PERIOD 43 IS REPEATED USING SETTINGS FROM A PREVIOUS STRESS PERIOD.

 HEAD WILL BE SAVED ON UNIT 1016 AT END OF TIME STEP    1, STRESS PERIOD   43


  VOLUME BUDGET FOR ENTIRE MODEL AT END OF TIME STEP    1, STRESS PERIOD  43
  ---------------------------------------------------------------------------------------------------

     CUMULATIVE VOLUME      L**3       RATES FOR THIS TIME STEP      L**3/T          PACKAGE NAME    
     ------------------                 ------------------------                     ----------------

           IN:                                      IN:
           ---                                      ---
              STO-SS =     3923241.8464                STO-SS =       13026.0289     STORAGE                          
                 WEL =           0.0000                   WEL =           0.0000     WEL                              
                 RIV =        1984.3619                   RIV =           7.0762     RIV                              

            TOTAL IN =     3925226.2084              TOTAL IN =       13033.1051

          OUT:                                     OUT:
          ----                                     ----
              STO-SS =     3596840.8049                STO-SS =       11889.8922     STORAGE                          
                 WEL =      301000.0000                   WEL =        1000.0000     WEL                              
                 RIV =       27385.5439                   RIV =         143.2129     RIV                              

           TOTAL OUT =     3925226.3487             TOTAL OUT =       13033.1051

            IN - OUT =          -0.1404              IN - OUT =      -1.1461E-06

 PERCENT DISCREPANCY =          -0.00     PERCENT DISCREPANCY =          -0.00




         TIME SUMMARY AT END OF TIME STEP    1 IN STRESS PERIOD   43
                    SECONDS     MINUTES      HOURS       DAYS        YEARS
                    -----------------------------------------------------------
   TIME STEP LENGTH 6.04800E+05  10080.      168.00      7.0000     1.91650E-02
 STRESS PERIOD TIME 6.04800E+05  10080.      168.00      7.0000     1.91650E-02
         TOTAL TIME 2.60064E+07 4.33440E+05  7224.0      301.00     0.82409    


end timestep


start timestep kper="44" kstp="1" mode="normal"


 OUTPUT CONTROL FOR STRESS PERIOD 44 IS REPEATED USING SETTINGS FROM A PREVIOUS STRESS PERIOD.

 HEAD WILL BE SAVED ON UNIT 1016 AT END OF TIME STEP    1, STRESS PERIOD   44


  VOLUME BUDGET FOR ENTIRE MODEL AT END OF TIME STEP    1, STRESS PERIOD  44
  ---------------------------------------------------------------------------------------------------

     CUMULATIVE VOLUME      L**3       RATES FOR THIS TIME STEP      L**3/T          PACKAGE NAME    
     ------------------                 ------------------------                     ----------------

           IN:                                      IN:
           ---                                      ---
              STO-SS =     4014417.2069                STO-SS =       13025.0515     STORAGE                          
                 WEL =           0.0000                   WEL =           0.0000     WEL                              
                 RIV =        2034.0399                   RIV =           7.0969     RIV                              

            TOTAL IN =     4016451.2468              TOTAL IN =       13032.1484

          OUT:                                     OUT:
          ----                                     ----
              STO-SS =     3680049.8742                STO-SS =       11887.0099     STORAGE                          
                 WEL =      308000.0000                   WEL =        1000.0000     WEL                              
                 RIV =       28401.5130                   RIV =         145.1384     RIV                              

           TOTAL OUT =     4016451.3872             TOTAL OUT =       13032.1484

            IN - OUT =          -0.1404              IN - OUT =      -1.6847E-06

 PERCENT DISCREPANCY =          -0.00     PERCENT DISCREPANCY =          -0.00




         TIME SUMMARY AT END OF TIME STEP    1 IN STRESS PERIOD   44
                    SECONDS     MINUTES      HOURS       DAYS        YEARS
                    -----------------------------------------------------------
   TIME STEP LENGTH 6.04800E+05  10080.      168.00      7.0000     1.91650E-02
 STRESS PERIOD TIME 6.04800E+05  10080.      168.00      7.0000     1.91650E-02
         TOTAL TIME 2.66112E+07 4.43520E+05  7392.0      308.00     0.84326    


end timestep


start timestep kper="45" kstp="1" mode="normal"


 OUTPUT CONTROL FOR STRESS PERIOD 45 IS REPEATED USING SETTINGS FROM A PREVIOUS STRESS PERIOD.

 HEAD WILL BE SAVED ON UNIT 1016 AT END OF TIME STEP    1, STRESS PERIOD   45


  VOLUME BUDGET FOR ENTIRE MODEL AT END OF TIME STEP    1, STRESS PERIOD  45
  ---------------------------------------------------------------------------------------------------

     CUMULATIVE VOLUME      L**3       RATES FOR THIS TIME STEP      L**3/T          PACKAGE NAME    
     ------------------                 ------------------------                     ----------------

           IN:                                      IN:
           ---                                      ---
              STO-SS =     4105585.3326                STO-SS =       13024.0180     STORAGE                          
                 WEL =           0.0000                   WEL =           0.0000     WEL                              
                 RIV =        2083.8274                   RIV =           7.1125     RIV                              

            TOTAL IN =     4107669.1600              TOTAL IN =       13031.1305

          OUT:                                     OUT:
          ----                                     ----
              STO-SS =     3763238.4764                STO-SS =       11884.0860     STORAGE                          
                 WEL =      315000.0000                   WEL =        1000.0000     WEL                              
                 RIV =       29430.8241                   RIV =         147.0444     RIV                              

           TOTAL OUT =     4107669.3004             TOTAL OUT =       13031.1305

            IN - OUT =          -0.1404              IN - OUT =      -1.1221E-06

 PERCENT DISCREPANCY =          -0.00     PERCENT DISCREPANCY =          -0.00




         TIME SUMMARY AT END OF TIME STEP    1 IN STRESS PERIOD   45
                    SECONDS     MINUTES      HOURS       DAYS        YEARS
                    -----------------------------------------------------------
   TIME STEP LENGTH 6.04800E+05  10080.      168.00      7.0000     1.91650E-02
 STRESS PERIOD TIME 6.04800E+05  10080.      168.00      7.0000     1.91650E-02
         TOTAL TIME 2.72160E+07 4.53600E+05  7560.0      315.00     0.86242    


end timestep


start timestep kper="46" kstp="1" mode="normal"


 OUTPUT CONTROL FOR STRESS PERIOD 46 IS REPEATED USING SETTINGS FROM A PREVIOUS STRESS PERIOD.

 HEAD WILL BE SAVED ON UNIT 1016 AT END OF TIME STEP    1, STRESS PERIOD   46


  VOLUME BUDGET FOR ENTIRE MODEL AT END OF TIME STEP    1, STRESS PERIOD  46
  ---------------------------------------------------------------------------------------------------

     CUMULATIVE VOLUME      L**3       RATES FOR THIS TIME STEP      L**3/T          PACKAGE NAME    
     ------------------                 ------------------------                     ----------------

           IN:                                      IN:
           ---                                      ---
              STO-SS =     4196745.8133                STO-SS =       13022.9258     STORAGE                          
                 WEL =           0.0000                   WEL =           0.0000     WEL                              
                 RIV =        2133.7294                   RIV =           7.1289     RIV                              

            TOTAL IN =     4198879.5427              TOTAL IN =       13030.0547

          OUT:                                     OUT:
          ----                                     ----
              STO-SS =     3846406.3383                STO-SS =       11881.1231     STORAGE                          
                 WEL =      322000.0000                   WEL =        1000.0000     WEL                              
                 RIV =       30473.3448                   RIV =         148.9315     RIV                              

           TOTAL OUT =     4198879.6831             TOTAL OUT =       13030.0547

            IN - OUT =          -0.1404              IN - OUT =      -1.1064E-06

 PERCENT DISCREPANCY =          -0.00     PERCENT DISCREPANCY =          -0.00




         TIME SUMMARY AT END OF TIME STEP    1 IN STRESS PERIOD   46
                    SECONDS     MINUTES      HOURS       DAYS        YEARS
                    -----------------------------------------------------------
   TIME STEP LENGTH 6.04800E+05  10080.      168.00      7.0000     1.91650E-02
 STRESS PERIOD TIME 6.04800E+05  10080.      168.00      7.0000     1.91650E-02
         TOTAL TIME 2.78208E+07 4.63680E+05  7728.0      322.00     0.88159    


end timestep


start timestep kper="47" kstp="1" mode="normal"


 OUTPUT CONTROL FOR STRESS PERIOD 47 IS REPEATED USING SETTINGS FROM A PREVIOUS STRESS PERIOD.

 HEAD WILL BE SAVED ON UNIT 1016 AT END OF TIME STEP    1, STRESS PERIOD   47


  VOLUME BUDGET FOR ENTIRE MODEL AT END OF TIME STEP    1, STRESS PERIOD  47
  ---------------------------------------------------------------------------------------------------

     CUMULATIVE VOLUME      L**3       RATES FOR THIS TIME STEP      L**3/T          PACKAGE NAME    
     ------------------                 ------------------------                     ----------------

           IN:                                      IN:
           ---                                      ---
              STO-SS =     4287898.2257                STO-SS =       13021.7732     STORAGE                          
                 WEL =           0.0000                   WEL =           0.0000     WEL                              
                 RIV =        2183.7508                   RIV =           7.1459     RIV                              

            TOTAL IN =     4290081.9765              TOTAL IN =       13028.9191

          OUT:                                     OUT:
          ----                                     ----
              STO-SS =     3929553.1697                STO-SS =       11878.1188     STORAGE                          
                 WEL =      329000.0000                   WEL =        1000.0000     WEL                              
                 RIV =       31528.9472                   RIV =         150.8003     RIV                              

           TOTAL OUT =     4290082.1169             TOTAL OUT =       13028.9191

            IN - OUT =          -0.1404              IN - OUT =      -1.0945E-06

 PERCENT DISCREPANCY =          -0.00     PERCENT DISCREPANCY =          -0.00




         TIME SUMMARY AT END OF TIME STEP    1 IN STRESS PERIOD   47
                    SECONDS     MINUTES      HOURS       DAYS        YEARS
                    -----------------------------------------------------------
   TIME STEP LENGTH 6.04800E+05  10080.      168.00      7.0000     1.91650E-02
 STRESS PERIOD TIME 6.04800E+05  10080.      168.00      7.0000     1.91650E-02
         TOTAL TIME 2.84256E+07 4.73760E+05  7896.0      329.00     0.90075    


end timestep


start timestep kper="48" kstp="1" mode="normal"


 OUTPUT CONTROL FOR STRESS PERIOD 48 IS REPEATED USING SETTINGS FROM A PREVIOUS STRESS PERIOD.

 HEAD WILL BE SAVED ON UNIT 1016 AT END OF TIME STEP    1, STRESS PERIOD   48


  VOLUME BUDGET FOR ENTIRE MODEL AT END OF TIME STEP    1, STRESS PERIOD  48
  ---------------------------------------------------------------------------------------------------

     CUMULATIVE VOLUME      L**3       RATES FOR THIS TIME STEP      L**3/T          PACKAGE NAME    
     ------------------                 ------------------------                     ----------------

           IN:                                      IN:
           ---                                      ---
              STO-SS =     4379042.1391                STO-SS =       13020.5591     STORAGE                          
                 WEL =           0.0000                   WEL =           0.0000     WEL                              
                 RIV =        2233.8965                   RIV =           7.1637     RIV                              

            TOTAL IN =     4381276.0356              TOTAL IN =       13027.7227

          OUT:                                     OUT:
          ----                                     ----
              STO-SS =     4012678.6687                STO-SS =       11875.0713     STORAGE                          
                 WEL =      336000.0000                   WEL =        1000.0000     WEL                              
                 RIV =       32597.5073                   RIV =         152.6514     RIV                              

           TOTAL OUT =     4381276.1760             TOTAL OUT =       13027.7227

            IN - OUT =          -0.1404              IN - OUT =      -1.0764E-06

 PERCENT DISCREPANCY =          -0.00     PERCENT DISCREPANCY =          -0.00




         TIME SUMMARY AT END OF TIME STEP    1 IN STRESS PERIOD   48
                    SECONDS     MINUTES      HOURS       DAYS        YEARS
                    -----------------------------------------------------------
   TIME STEP LENGTH 6.04800E+05  10080.      168.00      7.0000     1.91650E-02
 STRESS PERIOD TIME 6.04800E+05  10080.      168.00      7.0000     1.91650E-02
         TOTAL TIME 2.90304E+07 4.83840E+05  8064.0      336.00     0.91992    


end timestep


start timestep kper="49" kstp="1" mode="normal"


 OUTPUT CONTROL FOR STRESS PERIOD 49 IS REPEATED USING SETTINGS FROM A PREVIOUS STRESS PERIOD.

 HEAD WILL BE SAVED ON UNIT 1016 AT END OF TIME STEP    1, STRESS PERIOD   49


  VOLUME BUDGET FOR ENTIRE MODEL AT END OF TIME STEP    1, STRESS PERIOD  49
  ---------------------------------------------------------------------------------------------------

     CUMULATIVE VOLUME      L**3       RATES FOR THIS TIME STEP      L**3/T          PACKAGE NAME    
     ------------------                 ------------------------                     ----------------

           IN:                                      IN:
           ---                                      ---
              STO-SS =     4470177.1978                STO-SS =       13019.2941     STORAGE                          
                 WEL =           0.0000                   WEL =           0.0000     WEL                              
                 RIV =        2284.1717                   RIV =           7.1822     RIV                              

            TOTAL IN =     4472461.3695              TOTAL IN =       13026.4763

          OUT:                                     OUT:
          ----                                     ----
              STO-SS =     4095782.6050                STO-SS =       11871.9909     STORAGE                          
                 WEL =      343000.0000                   WEL =        1000.0000     WEL                              
                 RIV =       33678.9049                   RIV =         154.4854     RIV                              

           TOTAL OUT =     4472461.5099             TOTAL OUT =       13026.4763

            IN - OUT =          -0.1404              IN - OUT =      -1.0645E-06

 PERCENT DISCREPANCY =          -0.00     PERCENT DISCREPANCY =          -0.00




         TIME SUMMARY AT END OF TIME STEP    1 IN STRESS PERIOD   49
                    SECONDS     MINUTES      HOURS       DAYS        YEARS
                    -----------------------------------------------------------
   TIME STEP LENGTH 6.04800E+05  10080.      168.00      7.0000     1.91650E-02
 STRESS PERIOD TIME 6.04800E+05  10080.      168.00      7.0000     1.91650E-02
         TOTAL TIME 2.96352E+07 4.93920E+05  8232.0      343.00     0.93908    


end timestep


start timestep kper="50" kstp="1" mode="normal"


 OUTPUT CONTROL FOR STRESS PERIOD 50 IS REPEATED USING SETTINGS FROM A PREVIOUS STRESS PERIOD.

 HEAD WILL BE SAVED ON UNIT 1016 AT END OF TIME STEP    1, STRESS PERIOD   50


  VOLUME BUDGET FOR ENTIRE MODEL AT END OF TIME STEP    1, STRESS PERIOD  50
  ---------------------------------------------------------------------------------------------------

     CUMULATIVE VOLUME      L**3       RATES FOR THIS TIME STEP      L**3/T          PACKAGE NAME    
     ------------------                 ------------------------                     ----------------

           IN:                                      IN:
           ---                                      ---
              STO-SS =     4561302.9840                STO-SS =       13017.9695     STORAGE                          
                 WEL =           0.0000                   WEL =           0.0000     WEL                              
                 RIV =        2334.5812                   RIV =           7.2014     RIV                              

            TOTAL IN =     4563637.5652              TOTAL IN =       13025.1708

          OUT:                                     OUT:
          ----                                     ----
              STO-SS =     4178864.6821                STO-SS =       11868.8682     STORAGE                          
                 WEL =      350000.0000                   WEL =        1000.0000     WEL                              
                 RIV =       34773.0236                   RIV =         156.3027     RIV                              

           TOTAL OUT =     4563637.7057             TOTAL OUT =       13025.1708

            IN - OUT =          -0.1404              IN - OUT =      -1.0497E-06

 PERCENT DISCREPANCY =          -0.00     PERCENT DISCREPANCY =          -0.00




         TIME SUMMARY AT END OF TIME STEP    1 IN STRESS PERIOD   50
                    SECONDS     MINUTES      HOURS       DAYS        YEARS
                    -----------------------------------------------------------
   TIME STEP LENGTH 6.04800E+05  10080.      168.00      7.0000     1.91650E-02
 STRESS PERIOD TIME 6.04800E+05  10080.      168.00      7.0000     1.91650E-02
         TOTAL TIME 3.02400E+07 5.04000E+05  8400.0      350.00     0.95825    


end timestep


start timestep kper="51" kstp="1" mode="normal"


 OUTPUT CONTROL FOR STRESS PERIOD 51 IS REPEATED USING SETTINGS FROM A PREVIOUS STRESS PERIOD.

 HEAD WILL BE SAVED ON UNIT 1016 AT END OF TIME STEP    1, STRESS PERIOD   51


  VOLUME BUDGET FOR ENTIRE MODEL AT END OF TIME STEP    1, STRESS PERIOD  51
  ---------------------------------------------------------------------------------------------------

     CUMULATIVE VOLUME      L**3       RATES FOR THIS TIME STEP      L**3/T          PACKAGE NAME    
     ------------------                 ------------------------                     ----------------

           IN:                                      IN:
           ---                                      ---
              STO-SS =     4652419.1372                STO-SS =       13016.5933     STORAGE                          
                 WEL =           0.0000                   WEL =           0.0000     WEL                              
                 RIV =        2385.1114                   RIV =           7.2186     RIV                              

            TOTAL IN =     4654804.2487              TOTAL IN =       13023.8119

          OUT:                                     OUT:
          ----                                     ----
              STO-SS =     4261924.6390                STO-SS =       11865.7081     STORAGE                          
                 WEL =      357000.0000                   WEL =        1000.0000     WEL                              
                 RIV =       35879.7502                   RIV =         158.1038     RIV                              

           TOTAL OUT =     4654804.3892             TOTAL OUT =       13023.8119

            IN - OUT =          -0.1405              IN - OUT =      -1.0571E-05

 PERCENT DISCREPANCY =          -0.00     PERCENT DISCREPANCY =          -0.00




         TIME SUMMARY AT END OF TIME STEP    1 IN STRESS PERIOD   51
                    SECONDS     MINUTES      HOURS       DAYS        YEARS
                    -----------------------------------------------------------
   TIME STEP LENGTH 6.04800E+05  10080.      168.00      7.0000     1.91650E-02
 STRESS PERIOD TIME 6.04800E+05  10080.      168.00      7.0000     1.91650E-02
         TOTAL TIME 3.08448E+07 5.14080E+05  8568.0      357.00     0.97741    


end timestep


start timestep kper="52" kstp="1" mode="normal"


 OUTPUT CONTROL FOR STRESS PERIOD 52 IS REPEATED USING SETTINGS FROM A PREVIOUS STRESS PERIOD.

 HEAD WILL BE SAVED ON UNIT 1016 AT END OF TIME STEP    1, STRESS PERIOD   52


  VOLUME BUDGET FOR ENTIRE MODEL AT END OF TIME STEP    1, STRESS PERIOD  52
  ---------------------------------------------------------------------------------------------------

     CUMULATIVE VOLUME      L**3       RATES FOR THIS TIME STEP      L**3/T          PACKAGE NAME    
     ------------------                 ------------------------                     ----------------

           IN:                                      IN:
           ---                                      ---
              STO-SS =     4743525.3600                STO-SS =       13015.1747     STORAGE                          
                 WEL =           0.0000                   WEL =           0.0000     WEL                              
                 RIV =        2435.7482                   RIV =           7.2338     RIV                              

            TOTAL IN =     4745961.1082              TOTAL IN =       13022.4085

          OUT:                                     OUT:
          ----                                     ----
              STO-SS =     4344962.2737                STO-SS =       11862.5192     STORAGE                          
                 WEL =      364000.0000                   WEL =        1000.0000     WEL                              
                 RIV =       36998.9750                   RIV =         159.8893     RIV                              

           TOTAL OUT =     4745961.2487             TOTAL OUT =       13022.4085

            IN - OUT =          -0.1405              IN - OUT =      -1.0274E-06

 PERCENT DISCREPANCY =          -0.00     PERCENT DISCREPANCY =          -0.00




         TIME SUMMARY AT END OF TIME STEP    1 IN STRESS PERIOD   52
                    SECONDS     MINUTES      HOURS       DAYS        YEARS
                    -----------------------------------------------------------
   TIME STEP LENGTH 6.04800E+05  10080.      168.00      7.0000     1.91650E-02
 STRESS PERIOD TIME 6.04800E+05  10080.      168.00      7.0000     1.91650E-02
         TOTAL TIME 3.14496E+07 5.24160E+05  8736.0      364.00     0.99658    


end timestep

