                                   MODFLOW 6
                U.S. GEOLOGICAL SURVEY MODULAR HYDROLOGIC MODEL
                          GROUNDWATER FLOW MODEL (GWF)
                            VERSION 6.6.3 09/29/2025

   MODFLOW 6 compiled Oct 07 2025 23:07:48 with Intel(R) Fortran Intel(R) 64
   Compiler Classic for applications running on Intel(R) 64, Version 2021.7.0
                             Build 20220726_000000

This software has been approved for release by the U.S. Geological 
Survey (USGS). Although the software has been subjected to rigorous 
review, the USGS reserves the right to update the software as needed 
pursuant to further analysis and review. No warranty, expressed or 
implied, is made by the USGS or the U.S. Government as to the 
functionality of the software and related material nor shall the 
fact of release constitute any such warranty. Furthermore, the 
software is released on condition that neither the USGS nor the U.S. 
Government shall be held liable for any damages resulting from its 
authorized or unauthorized use. Also refer to the USGS Water 
Resources Software User Rights Notice for complete use, copyright, 
and distribution information.


As a work of the United States Government, this USGS product is 
in the public domain within the United States. You can copy, 
modify, distribute, and perform the work, even for commercial 
purposes, all without asking permission. Additionally, USGS 
waives copyright and related rights in the work worldwide 
through CC0 1.0 Universal Public Domain Dedication 
(https://creativecommons.org/publicdomain/zero/1.0/).

The following GNU Lesser General Public License (LGPL) libraries
are used in this USGS product:

    SPARSKIT version 2.0
      ilut, luson, and qsplit 
      (https://www-users.cse.umn.edu/~saad/software/SPARSKIT/)

    RCM - Reverse Cuthill McKee Ordering
      (https://people.math.sc.edu/Burkardt/f_src/rcm/rcm.html)

    BLAS - Basic Linear Algebra Subprograms Level 1
      (https://people.math.sc.edu/Burkardt/f_src/blas1_d/blas1_d.html)

    SPARSEKIT - Sparse Matrix Utility Package
      amux, dperm, dvperm, rperm, and cperm
      (https://people.sc.fsu.edu/~jburkardt/f77_src/sparsekit/sparsekit.html)

The following BSD-3 License libraries are used in this USGS product:

    Modern Fortran DAG Library
      Copyright (c) 2018, Jacob Williams
      All rights reserved.
      (https://github.com/jacobwilliams/daglib)

MODFLOW 6 compiler options: /O2 /heap-arrays:0 /fpe:0 /traceback /nologo /fpp
/c /module:win64\mod_mf6\ /object:win64\obj_mf6\

System command used to initiate simulation:
C:\Python\Personal\kfm-ms\codes\binaries\MODFLOW6\windows\mf6.exe

MODFLOW was compiled using uniform precision.

Real Variables
  KIND: 8
  TINY (smallest non-zero value):    2.225074-308
  HUGE (largest value):    1.797693+308
  PRECISION: 15
  SIZE IN BITS: 64

Integer Variables
  KIND: 4
  HUGE (largest value): 2147483647
  SIZE IN BITS: 32

Long Integer Variables
  KIND: 8
  HUGE (largest value): 9223372036854775807
  SIZE IN BITS: 64

Logical Variables
  KIND: 4
  SIZE IN BITS: 32
 
 NAMEFILE OPTIONS:
    FLOWS WILL BE SAVED TO BUDGET FILE SPECIFIED IN OUTPUT CONTROL
 END NAMEFILE OPTIONS:

 DIS -- STRUCTURED GRID DISCRETIZATION PACKAGE, VERSION 2 : 3/27/2014 - INPUT READ FROM MEMPATH: __INPUT__/PHANTOM_54/DIS                          


 NPF -- NODE PROPERTY FLOW PACKAGE, VERSION 1, 3/30/2015 INPUT READ FROM MEMPATH: __INPUT__/PHANTOM_54/NPF                          


 IC -- Initial Conditions Package, Version 8, 3/28/2015 input read from mempath: __INPUT__/PHANTOM_54/IC                           


 Setting Discretization Options
    XORIGIN = .000000000000000
    YORIGIN = .000000000000000
 End Setting Discretization Options

 Setting Discretization Dimensions
    NLAY = 1
    NROW = 116
    NCOL = 92
 End Setting Discretization Dimensions

 Setting Discretization Griddata
    DELR set from input file
    DELC set from input file
    TOP set from input file
    BOTM set from input file
    IDOMAIN set from input file
 End Setting Discretization Griddata

 Setting NPF Options
 End Setting NPF Options

 Setting NPF Griddata
    ICELLTYPE set from input file
    K set from input file
    K33 not provided.  Setting K33 = K.
    K22 not provided.  Setting K22 = K.
 End Setting NPF Griddata


 WEL -- WEL PACKAGE, VERSION 8, 2/22/2014 INPUT READ FROM MEMPATH: __INPUT__/PHANTOM_54/WEL                          

 PROCESSING WEL BASE OPTIONS
 END OF WEL BASE OPTIONS

 PROCESSING WEL OPTIONS
 END OF WEL OPTIONS

 PROCESSING WEL BASE DIMENSIONS
    MAXBOUND =       1
 END OF WEL BASE DIMENSIONS

 RIV -- RIV PACKAGE, VERSION 8, 2/22/2014 INPUT READ FROM MEMPATH: __INPUT__/PHANTOM_54/RIV                          

 PROCESSING RIV BASE OPTIONS
 END OF RIV BASE OPTIONS

 PROCESSING RIV OPTIONS
 END OF RIV OPTIONS

 PROCESSING RIV BASE DIMENSIONS
    MAXBOUND =     412
 END OF RIV BASE DIMENSIONS
    STRT set from input file

 STO -- STORAGE PACKAGE, VERSION 1, 5/19/2014 INPUT READ FROM MEMPATH: __INPUT__/PHANTOM_54/STO                          


 PROCESSING STORAGE OPTIONS
 END OF STORAGE OPTIONS
    BINARY GRID INFORMATION WILL BE WRITTEN TO:
      UNIT NUMBER: 1015
      FILE NAME: phantom_54.dis.grb

 OPENED phantom_54.dis.grb
 FILE TYPE:DATA(BINARY)   UNIT 1015   STATUS:REPLACE             
 FORMAT:UNFORMATTED            ACCESS:STREAM              
 ACTION:READWRITE           

      THE LAST TIME STEP WILL BE PRINTED
      THE LAST TIME STEP WILL BE PRINTED
 # File generated by Flopy version 3.10.0 on 05/31/2026 at 13:50:20.

 PROCESSING OC OPTIONS

    HEAD INFORMATION WILL BE WRITTEN TO:
      UNIT NUMBER: 1016
      FILE NAME: phantom_54.hds

 OPENED phantom_54.hds
 FILE TYPE:DATA(BINARY)   UNIT 1016   STATUS:REPLACE             
 FORMAT:UNFORMATTED            ACCESS:STREAM              
 ACTION:READWRITE           

 END OF OC OPTIONS

start timestep kper="1" kstp="1" mode="normal"


 BEGIN READING OUTPUT CONTROL FOR STRESS PERIOD 1
      ALL TIME STEPS WILL BE SAVED

 END READING OUTPUT CONTROL FOR STRESS PERIOD 1


 PROCESSING STORAGE PERIOD DATA
 END PROCESSING STORAGE PERIOD DATA


 STRESS PERIOD 1 IS TRANSIENT


 HEAD WILL BE SAVED ON UNIT 1016 AT END OF TIME STEP    1, STRESS PERIOD    1


  VOLUME BUDGET FOR ENTIRE MODEL AT END OF TIME STEP    1, STRESS PERIOD   1
  ---------------------------------------------------------------------------------------------------

     CUMULATIVE VOLUME      L**3       RATES FOR THIS TIME STEP      L**3/T          PACKAGE NAME    
     ------------------                 ------------------------                     ----------------

           IN:                                      IN:
           ---                                      ---
              STO-SS =       91255.1384                STO-SS =       13036.4483     STORAGE                          
                 WEL =           0.0000                   WEL =           0.0000     WEL                              
                 RIV =          41.0337                   RIV =           5.8620     RIV                              

            TOTAL IN =       91296.1722              TOTAL IN =       13042.3103

          OUT:                                     OUT:
          ----                                     ----
              STO-SS =       84223.2670                STO-SS =       12031.8953     STORAGE                          
                 WEL =        7000.0000                   WEL =        1000.0000     WEL                              
                 RIV =          73.0422                   RIV =          10.4346     RIV                              

           TOTAL OUT =       91296.3092             TOTAL OUT =       13042.3299

            IN - OUT =          -0.1371              IN - OUT =      -1.9579E-02

 PERCENT DISCREPANCY =          -0.00     PERCENT DISCREPANCY =          -0.00




         TIME SUMMARY AT END OF TIME STEP    1 IN STRESS PERIOD    1
                    SECONDS     MINUTES      HOURS       DAYS        YEARS
                    -----------------------------------------------------------
   TIME STEP LENGTH 6.04800E+05  10080.      168.00      7.0000     1.91650E-02
 STRESS PERIOD TIME 6.04800E+05  10080.      168.00      7.0000     1.91650E-02
         TOTAL TIME 6.04800E+05  10080.      168.00      7.0000     1.91650E-02


end timestep


start timestep kper="2" kstp="1" mode="normal"


 END OF FILE DETECTED IN OUTPUT CONTROL.
 CURRENT OUTPUT CONTROL SETTINGS WILL BE 
 REPEATED UNTIL THE END OF THE SIMULATION.

 OUTPUT CONTROL FOR STRESS PERIOD 2 IS REPEATED USING SETTINGS FROM A PREVIOUS STRESS PERIOD.

 HEAD WILL BE SAVED ON UNIT 1016 AT END OF TIME STEP    1, STRESS PERIOD    2


  VOLUME BUDGET FOR ENTIRE MODEL AT END OF TIME STEP    1, STRESS PERIOD   2
  ---------------------------------------------------------------------------------------------------

     CUMULATIVE VOLUME      L**3       RATES FOR THIS TIME STEP      L**3/T          PACKAGE NAME    
     ------------------                 ------------------------                     ----------------

           IN:                                      IN:
           ---                                      ---
              STO-SS =      182509.7882                STO-SS =       13036.3785     STORAGE                          
                 WEL =           0.0000                   WEL =           0.0000     WEL                              
                 RIV =          82.6886                   RIV =           5.9507     RIV                              

            TOTAL IN =      182592.4769              TOTAL IN =       13042.3292

          OUT:                                     OUT:
          ----                                     ----
              STO-SS =      168388.1445                STO-SS =       12023.5539     STORAGE                          
                 WEL =       14000.0000                   WEL =        1000.0000     WEL                              
                 RIV =         204.4701                   RIV =          18.7754     RIV                              

           TOTAL OUT =      182592.6146             TOTAL OUT =       13042.3293

            IN - OUT =          -0.1377              IN - OUT =      -9.4302E-05

 PERCENT DISCREPANCY =          -0.00     PERCENT DISCREPANCY =          -0.00




         TIME SUMMARY AT END OF TIME STEP    1 IN STRESS PERIOD    2
                    SECONDS     MINUTES      HOURS       DAYS        YEARS
                    -----------------------------------------------------------
   TIME STEP LENGTH 6.04800E+05  10080.      168.00      7.0000     1.91650E-02
 STRESS PERIOD TIME 6.04800E+05  10080.      168.00      7.0000     1.91650E-02
         TOTAL TIME 1.20960E+06  20160.      336.00      14.000     3.83299E-02


end timestep


start timestep kper="3" kstp="1" mode="normal"


 OUTPUT CONTROL FOR STRESS PERIOD 3 IS REPEATED USING SETTINGS FROM A PREVIOUS STRESS PERIOD.

 HEAD WILL BE SAVED ON UNIT 1016 AT END OF TIME STEP    1, STRESS PERIOD    3


  VOLUME BUDGET FOR ENTIRE MODEL AT END OF TIME STEP    1, STRESS PERIOD   3
  ---------------------------------------------------------------------------------------------------

     CUMULATIVE VOLUME      L**3       RATES FOR THIS TIME STEP      L**3/T          PACKAGE NAME    
     ------------------                 ------------------------                     ----------------

           IN:                                      IN:
           ---                                      ---
              STO-SS =      273764.0732                STO-SS =       13036.3264     STORAGE                          
                 WEL =           0.0000                   WEL =           0.0000     WEL                              
                 RIV =         124.7090                   RIV =           6.0029     RIV                              

            TOTAL IN =      273888.7822              TOTAL IN =       13042.3293

          OUT:                                     OUT:
          ----                                     ----
              STO-SS =      252503.9076                STO-SS =       12016.5376     STORAGE                          
                 WEL =       21000.0000                   WEL =        1000.0000     WEL                              
                 RIV =         385.0127                   RIV =          25.7918     RIV                              

           TOTAL OUT =      273888.9202             TOTAL OUT =       13042.3294

            IN - OUT =          -0.1380              IN - OUT =      -4.0093E-05

 PERCENT DISCREPANCY =          -0.00     PERCENT DISCREPANCY =          -0.00




         TIME SUMMARY AT END OF TIME STEP    1 IN STRESS PERIOD    3
                    SECONDS     MINUTES      HOURS       DAYS        YEARS
                    -----------------------------------------------------------
   TIME STEP LENGTH 6.04800E+05  10080.      168.00      7.0000     1.91650E-02
 STRESS PERIOD TIME 6.04800E+05  10080.      168.00      7.0000     1.91650E-02
         TOTAL TIME 1.81440E+06  30240.      504.00      21.000     5.74949E-02


end timestep


start timestep kper="4" kstp="1" mode="normal"


 OUTPUT CONTROL FOR STRESS PERIOD 4 IS REPEATED USING SETTINGS FROM A PREVIOUS STRESS PERIOD.

 HEAD WILL BE SAVED ON UNIT 1016 AT END OF TIME STEP    1, STRESS PERIOD    4


  VOLUME BUDGET FOR ENTIRE MODEL AT END OF TIME STEP    1, STRESS PERIOD   4
  ---------------------------------------------------------------------------------------------------

     CUMULATIVE VOLUME      L**3       RATES FOR THIS TIME STEP      L**3/T          PACKAGE NAME    
     ------------------                 ------------------------                     ----------------

           IN:                                      IN:
           ---                                      ---
              STO-SS =      365017.9222                STO-SS =       13036.2641     STORAGE                          
                 WEL =           0.0000                   WEL =           0.0000     WEL                              
                 RIV =         167.1662                   RIV =           6.0653     RIV                              

            TOTAL IN =      365185.0884              TOTAL IN =       13042.3295

          OUT:                                     OUT:
          ----                                     ----
              STO-SS =      336576.8098                STO-SS =       12010.4146     STORAGE                          
                 WEL =       28000.0000                   WEL =        1000.0000     WEL                              
                 RIV =         608.4169                   RIV =          31.9149     RIV                              

           TOTAL OUT =      365185.2267             TOTAL OUT =       13042.3295

            IN - OUT =          -0.1383              IN - OUT =      -4.3651E-05

 PERCENT DISCREPANCY =          -0.00     PERCENT DISCREPANCY =          -0.00




         TIME SUMMARY AT END OF TIME STEP    1 IN STRESS PERIOD    4
                    SECONDS     MINUTES      HOURS       DAYS        YEARS
                    -----------------------------------------------------------
   TIME STEP LENGTH 6.04800E+05  10080.      168.00      7.0000     1.91650E-02
 STRESS PERIOD TIME 6.04800E+05  10080.      168.00      7.0000     1.91650E-02
         TOTAL TIME 2.41920E+06  40320.      672.00      28.000     7.66598E-02


end timestep


start timestep kper="5" kstp="1" mode="normal"


 OUTPUT CONTROL FOR STRESS PERIOD 5 IS REPEATED USING SETTINGS FROM A PREVIOUS STRESS PERIOD.

 HEAD WILL BE SAVED ON UNIT 1016 AT END OF TIME STEP    1, STRESS PERIOD    5


  VOLUME BUDGET FOR ENTIRE MODEL AT END OF TIME STEP    1, STRESS PERIOD   5
  ---------------------------------------------------------------------------------------------------

     CUMULATIVE VOLUME      L**3       RATES FOR THIS TIME STEP      L**3/T          PACKAGE NAME    
     ------------------                 ------------------------                     ----------------

           IN:                                      IN:
           ---                                      ---
              STO-SS =      456271.5003                STO-SS =       13036.2254     STORAGE                          
                 WEL =           0.0000                   WEL =           0.0000     WEL                              
                 RIV =         209.8950                   RIV =           6.1041     RIV                              

            TOTAL IN =      456481.3953              TOTAL IN =       13042.3295

          OUT:                                     OUT:
          ----                                     ----
              STO-SS =      420611.3140                STO-SS =       12004.9292     STORAGE                          
                 WEL =       35000.0000                   WEL =        1000.0000     WEL                              
                 RIV =         870.2197                   RIV =          37.4004     RIV                              

           TOTAL OUT =      456481.5337             TOTAL OUT =       13042.3296

            IN - OUT =          -0.1384              IN - OUT =      -1.5587E-05

 PERCENT DISCREPANCY =          -0.00     PERCENT DISCREPANCY =          -0.00




         TIME SUMMARY AT END OF TIME STEP    1 IN STRESS PERIOD    5
                    SECONDS     MINUTES      HOURS       DAYS        YEARS
                    -----------------------------------------------------------
   TIME STEP LENGTH 6.04800E+05  10080.      168.00      7.0000     1.91650E-02
 STRESS PERIOD TIME 6.04800E+05  10080.      168.00      7.0000     1.91650E-02
         TOTAL TIME 3.02400E+06  50400.      840.00      35.000     9.58248E-02


end timestep


start timestep kper="6" kstp="1" mode="normal"


 OUTPUT CONTROL FOR STRESS PERIOD 6 IS REPEATED USING SETTINGS FROM A PREVIOUS STRESS PERIOD.

 HEAD WILL BE SAVED ON UNIT 1016 AT END OF TIME STEP    1, STRESS PERIOD    6


  VOLUME BUDGET FOR ENTIRE MODEL AT END OF TIME STEP    1, STRESS PERIOD   6
  ---------------------------------------------------------------------------------------------------

     CUMULATIVE VOLUME      L**3       RATES FOR THIS TIME STEP      L**3/T          PACKAGE NAME    
     ------------------                 ------------------------                     ----------------

           IN:                                      IN:
           ---                                      ---
              STO-SS =      547524.7464                STO-SS =       13036.1780     STORAGE                          
                 WEL =           0.0000                   WEL =           0.0000     WEL                              
                 RIV =         252.9560                   RIV =           6.1516     RIV                              

            TOTAL IN =      547777.7024              TOTAL IN =       13042.3296

          OUT:                                     OUT:
          ----                                     ----
              STO-SS =      504610.7615                STO-SS =       11999.9211     STORAGE                          
                 WEL =       42000.0000                   WEL =        1000.0000     WEL                              
                 RIV =        1167.0793                   RIV =          42.4085     RIV                              

           TOTAL OUT =      547777.8408             TOTAL OUT =       13042.3296

            IN - OUT =          -0.1385              IN - OUT =      -9.5524E-06

 PERCENT DISCREPANCY =          -0.00     PERCENT DISCREPANCY =          -0.00




         TIME SUMMARY AT END OF TIME STEP    1 IN STRESS PERIOD    6
                    SECONDS     MINUTES      HOURS       DAYS        YEARS
                    -----------------------------------------------------------
   TIME STEP LENGTH 6.04800E+05  10080.      168.00      7.0000     1.91650E-02
 STRESS PERIOD TIME 6.04800E+05  10080.      168.00      7.0000     1.91650E-02
         TOTAL TIME 3.62880E+06  60480.      1008.0      42.000     0.11499    


end timestep


start timestep kper="7" kstp="1" mode="normal"


 OUTPUT CONTROL FOR STRESS PERIOD 7 IS REPEATED USING SETTINGS FROM A PREVIOUS STRESS PERIOD.

 HEAD WILL BE SAVED ON UNIT 1016 AT END OF TIME STEP    1, STRESS PERIOD    7


  VOLUME BUDGET FOR ENTIRE MODEL AT END OF TIME STEP    1, STRESS PERIOD   7
  ---------------------------------------------------------------------------------------------------

     CUMULATIVE VOLUME      L**3       RATES FOR THIS TIME STEP      L**3/T          PACKAGE NAME    
     ------------------                 ------------------------                     ----------------

           IN:                                      IN:
           ---                                      ---
              STO-SS =      638777.7032                STO-SS =       13036.1367     STORAGE                          
                 WEL =           0.0000                   WEL =           0.0000     WEL                              
                 RIV =         296.3058                   RIV =           6.1928     RIV                              

            TOTAL IN =      639074.0090              TOTAL IN =       13042.3295

          OUT:                                     OUT:
          ----                                     ----
              STO-SS =      588577.7544                STO-SS =       11995.2847     STORAGE                          
                 WEL =       49000.0000                   WEL =        1000.0000     WEL                              
                 RIV =        1496.3934                   RIV =          47.0449     RIV                              

           TOTAL OUT =      639074.1479             TOTAL OUT =       13042.3296

            IN - OUT =          -0.1389              IN - OUT =      -5.6577E-05

 PERCENT DISCREPANCY =          -0.00     PERCENT DISCREPANCY =          -0.00




         TIME SUMMARY AT END OF TIME STEP    1 IN STRESS PERIOD    7
                    SECONDS     MINUTES      HOURS       DAYS        YEARS
                    -----------------------------------------------------------
   TIME STEP LENGTH 6.04800E+05  10080.      168.00      7.0000     1.91650E-02
 STRESS PERIOD TIME 6.04800E+05  10080.      168.00      7.0000     1.91650E-02
         TOTAL TIME 4.23360E+06  70560.      1176.0      49.000     0.13415    


end timestep


start timestep kper="8" kstp="1" mode="normal"


 OUTPUT CONTROL FOR STRESS PERIOD 8 IS REPEATED USING SETTINGS FROM A PREVIOUS STRESS PERIOD.

 HEAD WILL BE SAVED ON UNIT 1016 AT END OF TIME STEP    1, STRESS PERIOD    8


  VOLUME BUDGET FOR ENTIRE MODEL AT END OF TIME STEP    1, STRESS PERIOD   8
  ---------------------------------------------------------------------------------------------------

     CUMULATIVE VOLUME      L**3       RATES FOR THIS TIME STEP      L**3/T          PACKAGE NAME    
     ------------------                 ------------------------                     ----------------

           IN:                                      IN:
           ---                                      ---
              STO-SS =      730030.4210                STO-SS =       13036.1025     STORAGE                          
                 WEL =           0.0000                   WEL =           0.0000     WEL                              
                 RIV =         339.8945                   RIV =           6.2270     RIV                              

            TOTAL IN =      730370.3155              TOTAL IN =       13042.3295

          OUT:                                     OUT:
          ----                                     ----
              STO-SS =      672514.3842                STO-SS =       11990.9471     STORAGE                          
                 WEL =       56000.0000                   WEL =        1000.0000     WEL                              
                 RIV =        1856.0702                   RIV =          51.3824     RIV                              

           TOTAL OUT =      730370.4544             TOTAL OUT =       13042.3295

            IN - OUT =          -0.1389              IN - OUT =      -5.1525E-06

 PERCENT DISCREPANCY =          -0.00     PERCENT DISCREPANCY =          -0.00




         TIME SUMMARY AT END OF TIME STEP    1 IN STRESS PERIOD    8
                    SECONDS     MINUTES      HOURS       DAYS        YEARS
                    -----------------------------------------------------------
   TIME STEP LENGTH 6.04800E+05  10080.      168.00      7.0000     1.91650E-02
 STRESS PERIOD TIME 6.04800E+05  10080.      168.00      7.0000     1.91650E-02
         TOTAL TIME 4.83840E+06  80640.      1344.0      56.000     0.15332    


end timestep


start timestep kper="9" kstp="1" mode="normal"


 OUTPUT CONTROL FOR STRESS PERIOD 9 IS REPEATED USING SETTINGS FROM A PREVIOUS STRESS PERIOD.

 HEAD WILL BE SAVED ON UNIT 1016 AT END OF TIME STEP    1, STRESS PERIOD    9


  VOLUME BUDGET FOR ENTIRE MODEL AT END OF TIME STEP    1, STRESS PERIOD   9
  ---------------------------------------------------------------------------------------------------

     CUMULATIVE VOLUME      L**3       RATES FOR THIS TIME STEP      L**3/T          PACKAGE NAME    
     ------------------                 ------------------------                     ----------------

           IN:                                      IN:
           ---                                      ---
              STO-SS =      821282.8610                STO-SS =       13036.0629     STORAGE                          
                 WEL =           0.0000                   WEL =           0.0000     WEL                              
                 RIV =         383.7599                   RIV =           6.2665     RIV                              

            TOTAL IN =      821666.6209              TOTAL IN =       13042.3293

          OUT:                                     OUT:
          ----                                     ----
              STO-SS =      756422.3756                STO-SS =       11986.8559     STORAGE                          
                 WEL =       63000.0000                   WEL =        1000.0000     WEL                              
                 RIV =        2244.3842                   RIV =          55.4734     RIV                              

           TOTAL OUT =      821666.7598             TOTAL OUT =       13042.3293

            IN - OUT =          -0.1389              IN - OUT =      -4.2855E-06

 PERCENT DISCREPANCY =          -0.00     PERCENT DISCREPANCY =          -0.00




         TIME SUMMARY AT END OF TIME STEP    1 IN STRESS PERIOD    9
                    SECONDS     MINUTES      HOURS       DAYS        YEARS
                    -----------------------------------------------------------
   TIME STEP LENGTH 6.04800E+05  10080.      168.00      7.0000     1.91650E-02
 STRESS PERIOD TIME 6.04800E+05  10080.      168.00      7.0000     1.91650E-02
         TOTAL TIME 5.44320E+06  90720.      1512.0      63.000     0.17248    


end timestep


start timestep kper="10" kstp="1" mode="normal"


 OUTPUT CONTROL FOR STRESS PERIOD 10 IS REPEATED USING SETTINGS FROM A PREVIOUS STRESS PERIOD.

 HEAD WILL BE SAVED ON UNIT 1016 AT END OF TIME STEP    1, STRESS PERIOD   10


  VOLUME BUDGET FOR ENTIRE MODEL AT END OF TIME STEP    1, STRESS PERIOD  10
  ---------------------------------------------------------------------------------------------------

     CUMULATIVE VOLUME      L**3       RATES FOR THIS TIME STEP      L**3/T          PACKAGE NAME    
     ------------------                 ------------------------                     ----------------

           IN:                                      IN:
           ---                                      ---
              STO-SS =      912535.0413                STO-SS =       13036.0257     STORAGE                          
                 WEL =           0.0000                   WEL =           0.0000     WEL                              
                 RIV =         427.8826                   RIV =           6.3032     RIV                              

            TOTAL IN =      912962.9238              TOTAL IN =       13042.3290

          OUT:                                     OUT:
          ----                                     ----
              STO-SS =      840303.1804                STO-SS =       11982.9721     STORAGE                          
                 WEL =       70000.0000                   WEL =        1000.0000     WEL                              
                 RIV =        2659.8826                   RIV =          59.3569     RIV                              

           TOTAL OUT =      912963.0630             TOTAL OUT =       13042.3290

            IN - OUT =          -0.1392              IN - OUT =      -3.1119E-05

 PERCENT DISCREPANCY =          -0.00     PERCENT DISCREPANCY =          -0.00




         TIME SUMMARY AT END OF TIME STEP    1 IN STRESS PERIOD   10
                    SECONDS     MINUTES      HOURS       DAYS        YEARS
                    -----------------------------------------------------------
   TIME STEP LENGTH 6.04800E+05  10080.      168.00      7.0000     1.91650E-02
 STRESS PERIOD TIME 6.04800E+05  10080.      168.00      7.0000     1.91650E-02
         TOTAL TIME 6.04800E+06 1.00800E+05  1680.0      70.000     0.19165    


end timestep


start timestep kper="11" kstp="1" mode="normal"


 OUTPUT CONTROL FOR STRESS PERIOD 11 IS REPEATED USING SETTINGS FROM A PREVIOUS STRESS PERIOD.

 HEAD WILL BE SAVED ON UNIT 1016 AT END OF TIME STEP    1, STRESS PERIOD   11


  VOLUME BUDGET FOR ENTIRE MODEL AT END OF TIME STEP    1, STRESS PERIOD  11
  ---------------------------------------------------------------------------------------------------

     CUMULATIVE VOLUME      L**3       RATES FOR THIS TIME STEP      L**3/T          PACKAGE NAME    
     ------------------                 ------------------------                     ----------------

           IN:                                      IN:
           ---                                      ---
              STO-SS =     1003787.0172                STO-SS =       13035.9966     STORAGE                          
                 WEL =           0.0000                   WEL =           0.0000     WEL                              
                 RIV =         472.2056                   RIV =           6.3319     RIV                              

            TOTAL IN =     1004259.2228              TOTAL IN =       13042.3284

          OUT:                                     OUT:
          ----                                     ----
              STO-SS =      924158.0411                STO-SS =       11979.2658     STORAGE                          
                 WEL =       77000.0000                   WEL =        1000.0000     WEL                              
                 RIV =        3101.3209                   RIV =          63.0626     RIV                              

           TOTAL OUT =     1004259.3620             TOTAL OUT =       13042.3284

            IN - OUT =          -0.1392              IN - OUT =      -3.2713E-06

 PERCENT DISCREPANCY =          -0.00     PERCENT DISCREPANCY =          -0.00




         TIME SUMMARY AT END OF TIME STEP    1 IN STRESS PERIOD   11
                    SECONDS     MINUTES      HOURS       DAYS        YEARS
                    -----------------------------------------------------------
   TIME STEP LENGTH 6.04800E+05  10080.      168.00      7.0000     1.91650E-02
 STRESS PERIOD TIME 6.04800E+05  10080.      168.00      7.0000     1.91650E-02
         TOTAL TIME 6.65280E+06 1.10880E+05  1848.0      77.000     0.21081    


end timestep


start timestep kper="12" kstp="1" mode="normal"


 OUTPUT CONTROL FOR STRESS PERIOD 12 IS REPEATED USING SETTINGS FROM A PREVIOUS STRESS PERIOD.

 HEAD WILL BE SAVED ON UNIT 1016 AT END OF TIME STEP    1, STRESS PERIOD   12


  VOLUME BUDGET FOR ENTIRE MODEL AT END OF TIME STEP    1, STRESS PERIOD  12
  ---------------------------------------------------------------------------------------------------

     CUMULATIVE VOLUME      L**3       RATES FOR THIS TIME STEP      L**3/T          PACKAGE NAME    
     ------------------                 ------------------------                     ----------------

           IN:                                      IN:
           ---                                      ---
              STO-SS =     1095038.7598                STO-SS =       13035.9632     STORAGE                          
                 WEL =           0.0000                   WEL =           0.0000     WEL                              
                 RIV =         516.7547                   RIV =           6.3642     RIV                              

            TOTAL IN =     1095555.5145              TOTAL IN =       13042.3274

          OUT:                                     OUT:
          ----                                     ----
              STO-SS =     1007988.0361                STO-SS =       11975.7136     STORAGE                          
                 WEL =       84000.0000                   WEL =        1000.0000     WEL                              
                 RIV =        3567.6176                   RIV =          66.6138     RIV                              

           TOTAL OUT =     1095555.6537             TOTAL OUT =       13042.3274

            IN - OUT =          -0.1392              IN - OUT =      -2.9521E-06

 PERCENT DISCREPANCY =          -0.00     PERCENT DISCREPANCY =          -0.00




         TIME SUMMARY AT END OF TIME STEP    1 IN STRESS PERIOD   12
                    SECONDS     MINUTES      HOURS       DAYS        YEARS
                    -----------------------------------------------------------
   TIME STEP LENGTH 6.04800E+05  10080.      168.00      7.0000     1.91650E-02
 STRESS PERIOD TIME 6.04800E+05  10080.      168.00      7.0000     1.91650E-02
         TOTAL TIME 7.25760E+06 1.20960E+05  2016.0      84.000     0.22998    


end timestep


start timestep kper="13" kstp="1" mode="normal"


 OUTPUT CONTROL FOR STRESS PERIOD 13 IS REPEATED USING SETTINGS FROM A PREVIOUS STRESS PERIOD.

 HEAD WILL BE SAVED ON UNIT 1016 AT END OF TIME STEP    1, STRESS PERIOD   13


  VOLUME BUDGET FOR ENTIRE MODEL AT END OF TIME STEP    1, STRESS PERIOD  13
  ---------------------------------------------------------------------------------------------------

     CUMULATIVE VOLUME      L**3       RATES FOR THIS TIME STEP      L**3/T          PACKAGE NAME    
     ------------------                 ------------------------                     ----------------

           IN:                                      IN:
           ---                                      ---
              STO-SS =     1186290.2389                STO-SS =       13035.9256     STORAGE                          
                 WEL =           0.0000                   WEL =           0.0000     WEL                              
                 RIV =         561.5554                   RIV =           6.4001     RIV                              

            TOTAL IN =     1186851.7943              TOTAL IN =       13042.3257

          OUT:                                     OUT:
          ----                                     ----
              STO-SS =     1091794.1112                STO-SS =       11972.2964     STORAGE                          
                 WEL =       91000.0000                   WEL =        1000.0000     WEL                              
                 RIV =        4057.8224                   RIV =          70.0292     RIV                              

           TOTAL OUT =     1186851.9335             TOTAL OUT =       13042.3257

            IN - OUT =          -0.1392              IN - OUT =      -2.6588E-06

 PERCENT DISCREPANCY =          -0.00     PERCENT DISCREPANCY =          -0.00




         TIME SUMMARY AT END OF TIME STEP    1 IN STRESS PERIOD   13
                    SECONDS     MINUTES      HOURS       DAYS        YEARS
                    -----------------------------------------------------------
   TIME STEP LENGTH 6.04800E+05  10080.      168.00      7.0000     1.91650E-02
 STRESS PERIOD TIME 6.04800E+05  10080.      168.00      7.0000     1.91650E-02
         TOTAL TIME 7.86240E+06 1.31040E+05  2184.0      91.000     0.24914    


end timestep


start timestep kper="14" kstp="1" mode="normal"


 OUTPUT CONTROL FOR STRESS PERIOD 14 IS REPEATED USING SETTINGS FROM A PREVIOUS STRESS PERIOD.

 HEAD WILL BE SAVED ON UNIT 1016 AT END OF TIME STEP    1, STRESS PERIOD   14


  VOLUME BUDGET FOR ENTIRE MODEL AT END OF TIME STEP    1, STRESS PERIOD  14
  ---------------------------------------------------------------------------------------------------

     CUMULATIVE VOLUME      L**3       RATES FOR THIS TIME STEP      L**3/T          PACKAGE NAME    
     ------------------                 ------------------------                     ----------------

           IN:                                      IN:
           ---                                      ---
              STO-SS =     1277541.5097                STO-SS =       13035.8958     STORAGE                          
                 WEL =           0.0000                   WEL =           0.0000     WEL                              
                 RIV =         606.5453                   RIV =           6.4271     RIV                              

            TOTAL IN =     1278148.0549              TOTAL IN =       13042.3229

          OUT:                                     OUT:
          ----                                     ----
              STO-SS =     1175577.1036                STO-SS =       11968.9989     STORAGE                          
                 WEL =       98000.0000                   WEL =        1000.0000     WEL                              
                 RIV =        4571.0909                   RIV =          73.3241     RIV                              

           TOTAL OUT =     1278148.1945             TOTAL OUT =       13042.3230

            IN - OUT =          -0.1395              IN - OUT =      -4.5338E-05

 PERCENT DISCREPANCY =          -0.00     PERCENT DISCREPANCY =          -0.00




         TIME SUMMARY AT END OF TIME STEP    1 IN STRESS PERIOD   14
                    SECONDS     MINUTES      HOURS       DAYS        YEARS
                    -----------------------------------------------------------
   TIME STEP LENGTH 6.04800E+05  10080.      168.00      7.0000     1.91650E-02
 STRESS PERIOD TIME 6.04800E+05  10080.      168.00      7.0000     1.91650E-02
         TOTAL TIME 8.46720E+06 1.41120E+05  2352.0      98.000     0.26831    


end timestep


start timestep kper="15" kstp="1" mode="normal"


 OUTPUT CONTROL FOR STRESS PERIOD 15 IS REPEATED USING SETTINGS FROM A PREVIOUS STRESS PERIOD.

 HEAD WILL BE SAVED ON UNIT 1016 AT END OF TIME STEP    1, STRESS PERIOD   15


  VOLUME BUDGET FOR ENTIRE MODEL AT END OF TIME STEP    1, STRESS PERIOD  15
  ---------------------------------------------------------------------------------------------------

     CUMULATIVE VOLUME      L**3       RATES FOR THIS TIME STEP      L**3/T          PACKAGE NAME    
     ------------------                 ------------------------                     ----------------

           IN:                                      IN:
           ---                                      ---
              STO-SS =     1368792.5681                STO-SS =       13035.8655     STORAGE                          
                 WEL =           0.0000                   WEL =           0.0000     WEL                              
                 RIV =         651.7191                   RIV =           6.4534     RIV                              

            TOTAL IN =     1369444.2872              TOTAL IN =       13042.3189

          OUT:                                     OUT:
          ----                                     ----
              STO-SS =     1259337.7596                STO-SS =       11965.8080     STORAGE                          
                 WEL =      105000.0000                   WEL =        1000.0000     WEL                              
                 RIV =        5106.6672                   RIV =          76.5109     RIV                              

           TOTAL OUT =     1369444.4268             TOTAL OUT =       13042.3189

            IN - OUT =          -0.1396              IN - OUT =      -2.2731E-06

 PERCENT DISCREPANCY =          -0.00     PERCENT DISCREPANCY =          -0.00




         TIME SUMMARY AT END OF TIME STEP    1 IN STRESS PERIOD   15
                    SECONDS     MINUTES      HOURS       DAYS        YEARS
                    -----------------------------------------------------------
   TIME STEP LENGTH 6.04800E+05  10080.      168.00      7.0000     1.91650E-02
 STRESS PERIOD TIME 6.04800E+05  10080.      168.00      7.0000     1.91650E-02
         TOTAL TIME 9.07200E+06 1.51200E+05  2520.0      105.00     0.28747    


end timestep


start timestep kper="16" kstp="1" mode="normal"


 OUTPUT CONTROL FOR STRESS PERIOD 16 IS REPEATED USING SETTINGS FROM A PREVIOUS STRESS PERIOD.

 HEAD WILL BE SAVED ON UNIT 1016 AT END OF TIME STEP    1, STRESS PERIOD   16


  VOLUME BUDGET FOR ENTIRE MODEL AT END OF TIME STEP    1, STRESS PERIOD  16
  ---------------------------------------------------------------------------------------------------

     CUMULATIVE VOLUME      L**3       RATES FOR THIS TIME STEP      L**3/T          PACKAGE NAME    
     ------------------                 ------------------------                     ----------------

           IN:                                      IN:
           ---                                      ---
              STO-SS =     1460043.3816                STO-SS =       13035.8305     STORAGE                          
                 WEL =           0.0000                   WEL =           0.0000     WEL                              
                 RIV =         697.0956                   RIV =           6.4824     RIV                              

            TOTAL IN =     1460740.4772              TOTAL IN =       13042.3129

          OUT:                                     OUT:
          ----                                     ----
              STO-SS =     1343076.7480                STO-SS =       11962.7126     STORAGE                          
                 WEL =      112000.0000                   WEL =        1000.0000     WEL                              
                 RIV =        5663.8688                   RIV =          79.6002     RIV                              

           TOTAL OUT =     1460740.6168             TOTAL OUT =       13042.3129

            IN - OUT =          -0.1396              IN - OUT =      -2.1288E-06

 PERCENT DISCREPANCY =          -0.00     PERCENT DISCREPANCY =          -0.00




         TIME SUMMARY AT END OF TIME STEP    1 IN STRESS PERIOD   16
                    SECONDS     MINUTES      HOURS       DAYS        YEARS
                    -----------------------------------------------------------
   TIME STEP LENGTH 6.04800E+05  10080.      168.00      7.0000     1.91650E-02
 STRESS PERIOD TIME 6.04800E+05  10080.      168.00      7.0000     1.91650E-02
         TOTAL TIME 9.67680E+06 1.61280E+05  2688.0      112.00     0.30664    


end timestep


start timestep kper="17" kstp="1" mode="normal"


 OUTPUT CONTROL FOR STRESS PERIOD 17 IS REPEATED USING SETTINGS FROM A PREVIOUS STRESS PERIOD.

 HEAD WILL BE SAVED ON UNIT 1016 AT END OF TIME STEP    1, STRESS PERIOD   17


  VOLUME BUDGET FOR ENTIRE MODEL AT END OF TIME STEP    1, STRESS PERIOD  17
  ---------------------------------------------------------------------------------------------------

     CUMULATIVE VOLUME      L**3       RATES FOR THIS TIME STEP      L**3/T          PACKAGE NAME    
     ------------------                 ------------------------                     ----------------

           IN:                                      IN:
           ---                                      ---
              STO-SS =     1551293.9137                STO-SS =       13035.7903     STORAGE                          
                 WEL =           0.0000                   WEL =           0.0000     WEL                              
                 RIV =         742.6932                   RIV =           6.5139     RIV                              

            TOTAL IN =     1552036.6069              TOTAL IN =       13042.3042

          OUT:                                     OUT:
          ----                                     ----
              STO-SS =     1426794.6706                STO-SS =       11959.7032     STORAGE                          
                 WEL =      119000.0000                   WEL =        1000.0000     WEL                              
                 RIV =        6242.0759                   RIV =          82.6010     RIV                              

           TOTAL OUT =     1552036.7465             TOTAL OUT =       13042.3042

            IN - OUT =          -0.1396              IN - OUT =      -2.0051E-06

 PERCENT DISCREPANCY =          -0.00     PERCENT DISCREPANCY =          -0.00




         TIME SUMMARY AT END OF TIME STEP    1 IN STRESS PERIOD   17
                    SECONDS     MINUTES      HOURS       DAYS        YEARS
                    -----------------------------------------------------------
   TIME STEP LENGTH 6.04800E+05  10080.      168.00      7.0000     1.91650E-02
 STRESS PERIOD TIME 6.04800E+05  10080.      168.00      7.0000     1.91650E-02
         TOTAL TIME 1.02816E+07 1.71360E+05  2856.0      119.00     0.32580    


end timestep


start timestep kper="18" kstp="1" mode="normal"


 OUTPUT CONTROL FOR STRESS PERIOD 18 IS REPEATED USING SETTINGS FROM A PREVIOUS STRESS PERIOD.

 HEAD WILL BE SAVED ON UNIT 1016 AT END OF TIME STEP    1, STRESS PERIOD   18


  VOLUME BUDGET FOR ENTIRE MODEL AT END OF TIME STEP    1, STRESS PERIOD  18
  ---------------------------------------------------------------------------------------------------

     CUMULATIVE VOLUME      L**3       RATES FOR THIS TIME STEP      L**3/T          PACKAGE NAME    
     ------------------                 ------------------------                     ----------------

           IN:                                      IN:
           ---                                      ---
              STO-SS =     1642544.1865                STO-SS =       13035.7532     STORAGE                          
                 WEL =           0.0000                   WEL =           0.0000     WEL                              
                 RIV =         788.4659                   RIV =           6.5390     RIV                              

            TOTAL IN =     1643332.6524              TOTAL IN =       13042.2922

          OUT:                                     OUT:
          ----                                     ----
              STO-SS =     1510492.0700                STO-SS =       11956.7713     STORAGE                          
                 WEL =      126000.0000                   WEL =        1000.0000     WEL                              
                 RIV =        6840.7222                   RIV =          85.5209     RIV                              

           TOTAL OUT =     1643332.7922             TOTAL OUT =       13042.2922

            IN - OUT =          -0.1398              IN - OUT =      -3.3323E-05

 PERCENT DISCREPANCY =          -0.00     PERCENT DISCREPANCY =          -0.00




         TIME SUMMARY AT END OF TIME STEP    1 IN STRESS PERIOD   18
                    SECONDS     MINUTES      HOURS       DAYS        YEARS
                    -----------------------------------------------------------
   TIME STEP LENGTH 6.04800E+05  10080.      168.00      7.0000     1.91650E-02
 STRESS PERIOD TIME 6.04800E+05  10080.      168.00      7.0000     1.91650E-02
         TOTAL TIME 1.08864E+07 1.81440E+05  3024.0      126.00     0.34497    


end timestep


start timestep kper="19" kstp="1" mode="normal"


 OUTPUT CONTROL FOR STRESS PERIOD 19 IS REPEATED USING SETTINGS FROM A PREVIOUS STRESS PERIOD.

 HEAD WILL BE SAVED ON UNIT 1016 AT END OF TIME STEP    1, STRESS PERIOD   19


  VOLUME BUDGET FOR ENTIRE MODEL AT END OF TIME STEP    1, STRESS PERIOD  19
  ---------------------------------------------------------------------------------------------------

     CUMULATIVE VOLUME      L**3       RATES FOR THIS TIME STEP      L**3/T          PACKAGE NAME    
     ------------------                 ------------------------                     ----------------

           IN:                                      IN:
           ---                                      ---
              STO-SS =     1733794.1820                STO-SS =       13035.7136     STORAGE                          
                 WEL =           0.0000                   WEL =           0.0000     WEL                              
                 RIV =         834.4024                   RIV =           6.5623     RIV                              

            TOTAL IN =     1734628.5843              TOTAL IN =       13042.2760

          OUT:                                     OUT:
          ----                                     ----
              STO-SS =     1594169.4365                STO-SS =       11953.9095     STORAGE                          
                 WEL =      133000.0000                   WEL =        1000.0000     WEL                              
                 RIV =        7459.2877                   RIV =          88.3665     RIV                              

           TOTAL OUT =     1734628.7242             TOTAL OUT =       13042.2760

            IN - OUT =          -0.1398              IN - OUT =      -1.8386E-06

 PERCENT DISCREPANCY =          -0.00     PERCENT DISCREPANCY =          -0.00




         TIME SUMMARY AT END OF TIME STEP    1 IN STRESS PERIOD   19
                    SECONDS     MINUTES      HOURS       DAYS        YEARS
                    -----------------------------------------------------------
   TIME STEP LENGTH 6.04800E+05  10080.      168.00      7.0000     1.91650E-02
 STRESS PERIOD TIME 6.04800E+05  10080.      168.00      7.0000     1.91650E-02
         TOTAL TIME 1.14912E+07 1.91520E+05  3192.0      133.00     0.36413    


end timestep


start timestep kper="20" kstp="1" mode="normal"


 OUTPUT CONTROL FOR STRESS PERIOD 20 IS REPEATED USING SETTINGS FROM A PREVIOUS STRESS PERIOD.

 HEAD WILL BE SAVED ON UNIT 1016 AT END OF TIME STEP    1, STRESS PERIOD   20


  VOLUME BUDGET FOR ENTIRE MODEL AT END OF TIME STEP    1, STRESS PERIOD  20
  ---------------------------------------------------------------------------------------------------

     CUMULATIVE VOLUME      L**3       RATES FOR THIS TIME STEP      L**3/T          PACKAGE NAME    
     ------------------                 ------------------------                     ----------------

           IN:                                      IN:
           ---                                      ---
              STO-SS =     1825043.8487                STO-SS =       13035.6667     STORAGE                          
                 WEL =           0.0000                   WEL =           0.0000     WEL                              
                 RIV =         880.5165                   RIV =           6.5877     RIV                              

            TOTAL IN =     1825924.3653              TOTAL IN =       13042.2544

          OUT:                                     OUT:
          ----                                     ----
              STO-SS =     1677827.2126                STO-SS =       11951.1109     STORAGE                          
                 WEL =      140000.0000                   WEL =        1000.0000     WEL                              
                 RIV =        8097.2925                   RIV =          91.1436     RIV                              

           TOTAL OUT =     1825924.5051             TOTAL OUT =       13042.2544

            IN - OUT =          -0.1398              IN - OUT =      -1.7521E-06

 PERCENT DISCREPANCY =          -0.00     PERCENT DISCREPANCY =          -0.00




         TIME SUMMARY AT END OF TIME STEP    1 IN STRESS PERIOD   20
                    SECONDS     MINUTES      HOURS       DAYS        YEARS
                    -----------------------------------------------------------
   TIME STEP LENGTH 6.04800E+05  10080.      168.00      7.0000     1.91650E-02
 STRESS PERIOD TIME 6.04800E+05  10080.      168.00      7.0000     1.91650E-02
         TOTAL TIME 1.20960E+07 2.01600E+05  3360.0      140.00     0.38330    


end timestep


start timestep kper="21" kstp="1" mode="normal"


 OUTPUT CONTROL FOR STRESS PERIOD 21 IS REPEATED USING SETTINGS FROM A PREVIOUS STRESS PERIOD.

 HEAD WILL BE SAVED ON UNIT 1016 AT END OF TIME STEP    1, STRESS PERIOD   21


  VOLUME BUDGET FOR ENTIRE MODEL AT END OF TIME STEP    1, STRESS PERIOD  21
  ---------------------------------------------------------------------------------------------------

     CUMULATIVE VOLUME      L**3       RATES FOR THIS TIME STEP      L**3/T          PACKAGE NAME    
     ------------------                 ------------------------                     ----------------

           IN:                                      IN:
           ---                                      ---
              STO-SS =     1916293.1270                STO-SS =       13035.6112     STORAGE                          
                 WEL =           0.0000                   WEL =           0.0000     WEL                              
                 RIV =         926.8223                   RIV =           6.6151     RIV                              

            TOTAL IN =     1917219.9492              TOTAL IN =       13042.2263

          OUT:                                     OUT:
          ----                                     ----
              STO-SS =     1761465.7966                STO-SS =       11948.3692     STORAGE                          
                 WEL =      147000.0000                   WEL =        1000.0000     WEL                              
                 RIV =        8754.2925                   RIV =          93.8571     RIV                              

           TOTAL OUT =     1917220.0891             TOTAL OUT =       13042.2263

            IN - OUT =          -0.1399              IN - OUT =      -1.6965E-06

 PERCENT DISCREPANCY =          -0.00     PERCENT DISCREPANCY =          -0.00




         TIME SUMMARY AT END OF TIME STEP    1 IN STRESS PERIOD   21
                    SECONDS     MINUTES      HOURS       DAYS        YEARS
                    -----------------------------------------------------------
   TIME STEP LENGTH 6.04800E+05  10080.      168.00      7.0000     1.91650E-02
 STRESS PERIOD TIME 6.04800E+05  10080.      168.00      7.0000     1.91650E-02
         TOTAL TIME 1.27008E+07 2.11680E+05  3528.0      147.00     0.40246    


end timestep


start timestep kper="22" kstp="1" mode="normal"


 OUTPUT CONTROL FOR STRESS PERIOD 22 IS REPEATED USING SETTINGS FROM A PREVIOUS STRESS PERIOD.

 HEAD WILL BE SAVED ON UNIT 1016 AT END OF TIME STEP    1, STRESS PERIOD   22


  VOLUME BUDGET FOR ENTIRE MODEL AT END OF TIME STEP    1, STRESS PERIOD  22
  ---------------------------------------------------------------------------------------------------

     CUMULATIVE VOLUME      L**3       RATES FOR THIS TIME STEP      L**3/T          PACKAGE NAME    
     ------------------                 ------------------------                     ----------------

           IN:                                      IN:
           ---                                      ---
              STO-SS =     2007541.9632                STO-SS =       13035.5480     STORAGE                          
                 WEL =           0.0000                   WEL =           0.0000     WEL                              
                 RIV =         973.3188                   RIV =           6.6424     RIV                              

            TOTAL IN =     2008515.2820              TOTAL IN =       13042.1904

          OUT:                                     OUT:
          ----                                     ----
              STO-SS =     1845085.5477                STO-SS =       11945.6787     STORAGE                          
                 WEL =      154000.0000                   WEL =        1000.0000     WEL                              
                 RIV =        9429.8742                   RIV =          96.5117     RIV                              

           TOTAL OUT =     2008515.4219             TOTAL OUT =       13042.1904

            IN - OUT =          -0.1399              IN - OUT =      -8.7175E-06

 PERCENT DISCREPANCY =          -0.00     PERCENT DISCREPANCY =          -0.00




         TIME SUMMARY AT END OF TIME STEP    1 IN STRESS PERIOD   22
                    SECONDS     MINUTES      HOURS       DAYS        YEARS
                    -----------------------------------------------------------
   TIME STEP LENGTH 6.04800E+05  10080.      168.00      7.0000     1.91650E-02
 STRESS PERIOD TIME 6.04800E+05  10080.      168.00      7.0000     1.91650E-02
         TOTAL TIME 1.33056E+07 2.21760E+05  3696.0      154.00     0.42163    


end timestep


start timestep kper="23" kstp="1" mode="normal"


 OUTPUT CONTROL FOR STRESS PERIOD 23 IS REPEATED USING SETTINGS FROM A PREVIOUS STRESS PERIOD.

 HEAD WILL BE SAVED ON UNIT 1016 AT END OF TIME STEP    1, STRESS PERIOD   23


  VOLUME BUDGET FOR ENTIRE MODEL AT END OF TIME STEP    1, STRESS PERIOD  23
  ---------------------------------------------------------------------------------------------------

     CUMULATIVE VOLUME      L**3       RATES FOR THIS TIME STEP      L**3/T          PACKAGE NAME    
     ------------------                 ------------------------                     ----------------

           IN:                                      IN:
           ---                                      ---
              STO-SS =     2098790.3405                STO-SS =       13035.4825     STORAGE                          
                 WEL =           0.0000                   WEL =           0.0000     WEL                              
                 RIV =        1019.9587                   RIV =           6.6628     RIV                              

            TOTAL IN =     2099810.2992              TOTAL IN =       13042.1453

          OUT:                                     OUT:
          ----                                     ----
              STO-SS =     1928686.7867                STO-SS =       11943.0341     STORAGE                          
                 WEL =      161000.0000                   WEL =        1000.0000     WEL                              
                 RIV =       10123.6524                   RIV =          99.1112     RIV                              

           TOTAL OUT =     2099810.4391             TOTAL OUT =       13042.1453

            IN - OUT =          -0.1399              IN - OUT =      -1.6003E-06

 PERCENT DISCREPANCY =          -0.00     PERCENT DISCREPANCY =          -0.00




         TIME SUMMARY AT END OF TIME STEP    1 IN STRESS PERIOD   23
                    SECONDS     MINUTES      HOURS       DAYS        YEARS
                    -----------------------------------------------------------
   TIME STEP LENGTH 6.04800E+05  10080.      168.00      7.0000     1.91650E-02
 STRESS PERIOD TIME 6.04800E+05  10080.      168.00      7.0000     1.91650E-02
         TOTAL TIME 1.39104E+07 2.31840E+05  3864.0      161.00     0.44079    


end timestep


start timestep kper="24" kstp="1" mode="normal"


 OUTPUT CONTROL FOR STRESS PERIOD 24 IS REPEATED USING SETTINGS FROM A PREVIOUS STRESS PERIOD.

 HEAD WILL BE SAVED ON UNIT 1016 AT END OF TIME STEP    1, STRESS PERIOD   24


  VOLUME BUDGET FOR ENTIRE MODEL AT END OF TIME STEP    1, STRESS PERIOD  24
  ---------------------------------------------------------------------------------------------------

     CUMULATIVE VOLUME      L**3       RATES FOR THIS TIME STEP      L**3/T          PACKAGE NAME    
     ------------------                 ------------------------                     ----------------

           IN:                                      IN:
           ---                                      ---
              STO-SS =     2190038.1746                STO-SS =       13035.4049     STORAGE                          
                 WEL =           0.0000                   WEL =           0.0000     WEL                              
                 RIV =        1066.7529                   RIV =           6.6849     RIV                              

            TOTAL IN =     2191104.9275              TOTAL IN =       13042.0898

          OUT:                                     OUT:
          ----                                     ----
              STO-SS =     2012269.8012                STO-SS =       11940.4306     STORAGE                          
                 WEL =      168000.0000                   WEL =        1000.0000     WEL                              
                 RIV =       10835.2663                   RIV =         101.6591     RIV                              

           TOTAL OUT =     2191105.0674             TOTAL OUT =       13042.0898

            IN - OUT =          -0.1399              IN - OUT =      -1.5680E-06

 PERCENT DISCREPANCY =          -0.00     PERCENT DISCREPANCY =          -0.00




         TIME SUMMARY AT END OF TIME STEP    1 IN STRESS PERIOD   24
                    SECONDS     MINUTES      HOURS       DAYS        YEARS
                    -----------------------------------------------------------
   TIME STEP LENGTH 6.04800E+05  10080.      168.00      7.0000     1.91650E-02
 STRESS PERIOD TIME 6.04800E+05  10080.      168.00      7.0000     1.91650E-02
         TOTAL TIME 1.45152E+07 2.41920E+05  4032.0      168.00     0.45996    


end timestep


start timestep kper="25" kstp="1" mode="normal"


 OUTPUT CONTROL FOR STRESS PERIOD 25 IS REPEATED USING SETTINGS FROM A PREVIOUS STRESS PERIOD.

 HEAD WILL BE SAVED ON UNIT 1016 AT END OF TIME STEP    1, STRESS PERIOD   25


  VOLUME BUDGET FOR ENTIRE MODEL AT END OF TIME STEP    1, STRESS PERIOD  25
  ---------------------------------------------------------------------------------------------------

     CUMULATIVE VOLUME      L**3       RATES FOR THIS TIME STEP      L**3/T          PACKAGE NAME    
     ------------------                 ------------------------                     ----------------

           IN:                                      IN:
           ---                                      ---
              STO-SS =     2281285.3685                STO-SS =       13035.3134     STORAGE                          
                 WEL =           0.0000                   WEL =           0.0000     WEL                              
                 RIV =        1113.7123                   RIV =           6.7085     RIV                              

            TOTAL IN =     2282399.0807              TOTAL IN =       13042.0219

          OUT:                                     OUT:
          ----                                     ----
              STO-SS =     2095834.8433                STO-SS =       11937.8632     STORAGE                          
                 WEL =      175000.0000                   WEL =        1000.0000     WEL                              
                 RIV =       11564.3774                   RIV =         104.1587     RIV                              

           TOTAL OUT =     2282399.2207             TOTAL OUT =       13042.0219

            IN - OUT =          -0.1399              IN - OUT =      -1.5263E-06

 PERCENT DISCREPANCY =          -0.00     PERCENT DISCREPANCY =          -0.00




         TIME SUMMARY AT END OF TIME STEP    1 IN STRESS PERIOD   25
                    SECONDS     MINUTES      HOURS       DAYS        YEARS
                    -----------------------------------------------------------
   TIME STEP LENGTH 6.04800E+05  10080.      168.00      7.0000     1.91650E-02
 STRESS PERIOD TIME 6.04800E+05  10080.      168.00      7.0000     1.91650E-02
         TOTAL TIME 1.51200E+07 2.52000E+05  4200.0      175.00     0.47912    


end timestep


start timestep kper="26" kstp="1" mode="normal"


 OUTPUT CONTROL FOR STRESS PERIOD 26 IS REPEATED USING SETTINGS FROM A PREVIOUS STRESS PERIOD.

 HEAD WILL BE SAVED ON UNIT 1016 AT END OF TIME STEP    1, STRESS PERIOD   26


  VOLUME BUDGET FOR ENTIRE MODEL AT END OF TIME STEP    1, STRESS PERIOD  26
  ---------------------------------------------------------------------------------------------------

     CUMULATIVE VOLUME      L**3       RATES FOR THIS TIME STEP      L**3/T          PACKAGE NAME    
     ------------------                 ------------------------                     ----------------

           IN:                                      IN:
           ---                                      ---
              STO-SS =     2372531.8123                STO-SS =       13035.2063     STORAGE                          
                 WEL =           0.0000                   WEL =           0.0000     WEL                              
                 RIV =        1160.8476                   RIV =           6.7336     RIV                              

            TOTAL IN =     2373692.6599              TOTAL IN =       13041.9399

          OUT:                                     OUT:
          ----                                     ----
              STO-SS =     2179382.1326                STO-SS =       11935.3270     STORAGE                          
                 WEL =      182000.0000                   WEL =        1000.0000     WEL                              
                 RIV =       12310.6672                   RIV =         106.6128     RIV                              

           TOTAL OUT =     2373692.7999             TOTAL OUT =       13041.9399

            IN - OUT =          -0.1400              IN - OUT =      -1.4877E-06

 PERCENT DISCREPANCY =          -0.00     PERCENT DISCREPANCY =          -0.00




         TIME SUMMARY AT END OF TIME STEP    1 IN STRESS PERIOD   26
                    SECONDS     MINUTES      HOURS       DAYS        YEARS
                    -----------------------------------------------------------
   TIME STEP LENGTH 6.04800E+05  10080.      168.00      7.0000     1.91650E-02
 STRESS PERIOD TIME 6.04800E+05  10080.      168.00      7.0000     1.91650E-02
         TOTAL TIME 1.57248E+07 2.62080E+05  4368.0      182.00     0.49829    


end timestep


start timestep kper="27" kstp="1" mode="normal"


 OUTPUT CONTROL FOR STRESS PERIOD 27 IS REPEATED USING SETTINGS FROM A PREVIOUS STRESS PERIOD.

 HEAD WILL BE SAVED ON UNIT 1016 AT END OF TIME STEP    1, STRESS PERIOD   27


  VOLUME BUDGET FOR ENTIRE MODEL AT END OF TIME STEP    1, STRESS PERIOD  27
  ---------------------------------------------------------------------------------------------------

     CUMULATIVE VOLUME      L**3       RATES FOR THIS TIME STEP      L**3/T          PACKAGE NAME    
     ------------------                 ------------------------                     ----------------

           IN:                                      IN:
           ---                                      ---
              STO-SS =     2463777.3999                STO-SS =       13035.0839     STORAGE                          
                 WEL =           0.0000                   WEL =           0.0000     WEL                              
                 RIV =        1208.1532                   RIV =           6.7579     RIV                              

            TOTAL IN =     2464985.5531              TOTAL IN =       13041.8419

          OUT:                                     OUT:
          ----                                     ----
              STO-SS =     2262911.8576                STO-SS =       11932.8178     STORAGE                          
                 WEL =      189000.0000                   WEL =        1000.0000     WEL                              
                 RIV =       13073.8356                   RIV =         109.0240     RIV                              

           TOTAL OUT =     2464985.6931             TOTAL OUT =       13041.8419

            IN - OUT =          -0.1400              IN - OUT =      -9.5091E-06

 PERCENT DISCREPANCY =          -0.00     PERCENT DISCREPANCY =          -0.00




         TIME SUMMARY AT END OF TIME STEP    1 IN STRESS PERIOD   27
                    SECONDS     MINUTES      HOURS       DAYS        YEARS
                    -----------------------------------------------------------
   TIME STEP LENGTH 6.04800E+05  10080.      168.00      7.0000     1.91650E-02
 STRESS PERIOD TIME 6.04800E+05  10080.      168.00      7.0000     1.91650E-02
         TOTAL TIME 1.63296E+07 2.72160E+05  4536.0      189.00     0.51745    


end timestep


start timestep kper="28" kstp="1" mode="normal"


 OUTPUT CONTROL FOR STRESS PERIOD 28 IS REPEATED USING SETTINGS FROM A PREVIOUS STRESS PERIOD.

 HEAD WILL BE SAVED ON UNIT 1016 AT END OF TIME STEP    1, STRESS PERIOD   28


  VOLUME BUDGET FOR ENTIRE MODEL AT END OF TIME STEP    1, STRESS PERIOD  28
  ---------------------------------------------------------------------------------------------------

     CUMULATIVE VOLUME      L**3       RATES FOR THIS TIME STEP      L**3/T          PACKAGE NAME    
     ------------------                 ------------------------                     ----------------

           IN:                                      IN:
           ---                                      ---
              STO-SS =     2555022.0447                STO-SS =       13034.9493     STORAGE                          
                 WEL =           0.0000                   WEL =           0.0000     WEL                              
                 RIV =        1255.5922                   RIV =           6.7770     RIV                              

            TOTAL IN =     2556277.6369              TOTAL IN =       13041.7262

          OUT:                                     OUT:
          ----                                     ----
              STO-SS =     2346424.1784                STO-SS =       11930.3315     STORAGE                          
                 WEL =      196000.0000                   WEL =        1000.0000     WEL                              
                 RIV =       13853.5985                   RIV =         111.3947     RIV                              

           TOTAL OUT =     2556277.7769             TOTAL OUT =       13041.7263

            IN - OUT =          -0.1400              IN - OUT =      -1.4411E-06

 PERCENT DISCREPANCY =          -0.00     PERCENT DISCREPANCY =          -0.00




         TIME SUMMARY AT END OF TIME STEP    1 IN STRESS PERIOD   28
                    SECONDS     MINUTES      HOURS       DAYS        YEARS
                    -----------------------------------------------------------
   TIME STEP LENGTH 6.04800E+05  10080.      168.00      7.0000     1.91650E-02
 STRESS PERIOD TIME 6.04800E+05  10080.      168.00      7.0000     1.91650E-02
         TOTAL TIME 1.69344E+07 2.82240E+05  4704.0      196.00     0.53662    


end timestep


start timestep kper="29" kstp="1" mode="normal"


 OUTPUT CONTROL FOR STRESS PERIOD 29 IS REPEATED USING SETTINGS FROM A PREVIOUS STRESS PERIOD.

 HEAD WILL BE SAVED ON UNIT 1016 AT END OF TIME STEP    1, STRESS PERIOD   29


  VOLUME BUDGET FOR ENTIRE MODEL AT END OF TIME STEP    1, STRESS PERIOD  29
  ---------------------------------------------------------------------------------------------------

     CUMULATIVE VOLUME      L**3       RATES FOR THIS TIME STEP      L**3/T          PACKAGE NAME    
     ------------------                 ------------------------                     ----------------

           IN:                                      IN:
           ---                                      ---
              STO-SS =     2646265.6002                STO-SS =       13034.7936     STORAGE                          
                 WEL =           0.0000                   WEL =           0.0000     WEL                              
                 RIV =        1303.1731                   RIV =           6.7973     RIV                              

            TOTAL IN =     2647568.7733              TOTAL IN =       13041.5909

          OUT:                                     OUT:
          ----                                     ----
              STO-SS =     2429919.2262                STO-SS =       11927.8640     STORAGE                          
                 WEL =      203000.0000                   WEL =        1000.0000     WEL                              
                 RIV =       14649.6871                   RIV =         113.7269     RIV                              

           TOTAL OUT =     2647568.9134             TOTAL OUT =       13041.5909

            IN - OUT =          -0.1400              IN - OUT =      -1.4257E-06

 PERCENT DISCREPANCY =          -0.00     PERCENT DISCREPANCY =          -0.00




         TIME SUMMARY AT END OF TIME STEP    1 IN STRESS PERIOD   29
                    SECONDS     MINUTES      HOURS       DAYS        YEARS
                    -----------------------------------------------------------
   TIME STEP LENGTH 6.04800E+05  10080.      168.00      7.0000     1.91650E-02
 STRESS PERIOD TIME 6.04800E+05  10080.      168.00      7.0000     1.91650E-02
         TOTAL TIME 1.75392E+07 2.92320E+05  4872.0      203.00     0.55578    


end timestep


start timestep kper="30" kstp="1" mode="normal"


 OUTPUT CONTROL FOR STRESS PERIOD 30 IS REPEATED USING SETTINGS FROM A PREVIOUS STRESS PERIOD.

 HEAD WILL BE SAVED ON UNIT 1016 AT END OF TIME STEP    1, STRESS PERIOD   30


  VOLUME BUDGET FOR ENTIRE MODEL AT END OF TIME STEP    1, STRESS PERIOD  30
  ---------------------------------------------------------------------------------------------------

     CUMULATIVE VOLUME      L**3       RATES FOR THIS TIME STEP      L**3/T          PACKAGE NAME    
     ------------------                 ------------------------                     ----------------

           IN:                                      IN:
           ---                                      ---
              STO-SS =     2737507.9054                STO-SS =       13034.6150     STORAGE                          
                 WEL =           0.0000                   WEL =           0.0000     WEL                              
                 RIV =        1350.9047                   RIV =           6.8188     RIV                              

            TOTAL IN =     2738858.8101              TOTAL IN =       13041.4338

          OUT:                                     OUT:
          ----                                     ----
              STO-SS =     2513397.1037                STO-SS =       11925.4111     STORAGE                          
                 WEL =      210000.0000                   WEL =        1000.0000     WEL                              
                 RIV =       15461.8464                   RIV =         116.0228     RIV                              

           TOTAL OUT =     2738858.9501             TOTAL OUT =       13041.4338

            IN - OUT =          -0.1401              IN - OUT =      -1.3985E-06

 PERCENT DISCREPANCY =          -0.00     PERCENT DISCREPANCY =          -0.00




         TIME SUMMARY AT END OF TIME STEP    1 IN STRESS PERIOD   30
                    SECONDS     MINUTES      HOURS       DAYS        YEARS
                    -----------------------------------------------------------
   TIME STEP LENGTH 6.04800E+05  10080.      168.00      7.0000     1.91650E-02
 STRESS PERIOD TIME 6.04800E+05  10080.      168.00      7.0000     1.91650E-02
         TOTAL TIME 1.81440E+07 3.02400E+05  5040.0      210.00     0.57495    


end timestep


start timestep kper="31" kstp="1" mode="normal"


 OUTPUT CONTROL FOR STRESS PERIOD 31 IS REPEATED USING SETTINGS FROM A PREVIOUS STRESS PERIOD.

 HEAD WILL BE SAVED ON UNIT 1016 AT END OF TIME STEP    1, STRESS PERIOD   31


  VOLUME BUDGET FOR ENTIRE MODEL AT END OF TIME STEP    1, STRESS PERIOD  31
  ---------------------------------------------------------------------------------------------------

     CUMULATIVE VOLUME      L**3       RATES FOR THIS TIME STEP      L**3/T          PACKAGE NAME    
     ------------------                 ------------------------                     ----------------

           IN:                                      IN:
           ---                                      ---
              STO-SS =     2828748.7847                STO-SS =       13034.4113     STORAGE                          
                 WEL =           0.0000                   WEL =           0.0000     WEL                              
                 RIV =        1398.7956                   RIV =           6.8416     RIV                              

            TOTAL IN =     2830147.5802              TOTAL IN =       13041.2529

          OUT:                                     OUT:
          ----                                     ----
              STO-SS =     2596857.8865                STO-SS =       11922.9690     STORAGE                          
                 WEL =      217000.0000                   WEL =        1000.0000     WEL                              
                 RIV =       16289.8338                   RIV =         118.2839     RIV                              

           TOTAL OUT =     2830147.7203             TOTAL OUT =       13041.2529

            IN - OUT =          -0.1401              IN - OUT =      -1.3592E-06

 PERCENT DISCREPANCY =          -0.00     PERCENT DISCREPANCY =          -0.00




         TIME SUMMARY AT END OF TIME STEP    1 IN STRESS PERIOD   31
                    SECONDS     MINUTES      HOURS       DAYS        YEARS
                    -----------------------------------------------------------
   TIME STEP LENGTH 6.04800E+05  10080.      168.00      7.0000     1.91650E-02
 STRESS PERIOD TIME 6.04800E+05  10080.      168.00      7.0000     1.91650E-02
         TOTAL TIME 1.87488E+07 3.12480E+05  5208.0      217.00     0.59411    


end timestep


start timestep kper="32" kstp="1" mode="normal"


 OUTPUT CONTROL FOR STRESS PERIOD 32 IS REPEATED USING SETTINGS FROM A PREVIOUS STRESS PERIOD.

 HEAD WILL BE SAVED ON UNIT 1016 AT END OF TIME STEP    1, STRESS PERIOD   32


  VOLUME BUDGET FOR ENTIRE MODEL AT END OF TIME STEP    1, STRESS PERIOD  32
  ---------------------------------------------------------------------------------------------------

     CUMULATIVE VOLUME      L**3       RATES FOR THIS TIME STEP      L**3/T          PACKAGE NAME    
     ------------------                 ------------------------                     ----------------

           IN:                                      IN:
           ---                                      ---
              STO-SS =     2919988.0480                STO-SS =       13034.1805     STORAGE                          
                 WEL =           0.0000                   WEL =           0.0000     WEL                              
                 RIV =        1446.8544                   RIV =           6.8655     RIV                              

            TOTAL IN =     2921434.9024              TOTAL IN =       13041.0460

          OUT:                                     OUT:
          ----                                     ----
              STO-SS =     2680301.6241                STO-SS =       11920.5339     STORAGE                          
                 WEL =      224000.0000                   WEL =        1000.0000     WEL                              
                 RIV =       17133.4184                   RIV =         120.5121     RIV                              

           TOTAL OUT =     2921435.0425             TOTAL OUT =       13041.0460

            IN - OUT =          -0.1401              IN - OUT =      -1.3372E-06

 PERCENT DISCREPANCY =          -0.00     PERCENT DISCREPANCY =          -0.00




         TIME SUMMARY AT END OF TIME STEP    1 IN STRESS PERIOD   32
                    SECONDS     MINUTES      HOURS       DAYS        YEARS
                    -----------------------------------------------------------
   TIME STEP LENGTH 6.04800E+05  10080.      168.00      7.0000     1.91650E-02
 STRESS PERIOD TIME 6.04800E+05  10080.      168.00      7.0000     1.91650E-02
         TOTAL TIME 1.93536E+07 3.22560E+05  5376.0      224.00     0.61328    


end timestep


start timestep kper="33" kstp="1" mode="normal"


 OUTPUT CONTROL FOR STRESS PERIOD 33 IS REPEATED USING SETTINGS FROM A PREVIOUS STRESS PERIOD.

 HEAD WILL BE SAVED ON UNIT 1016 AT END OF TIME STEP    1, STRESS PERIOD   33


  VOLUME BUDGET FOR ENTIRE MODEL AT END OF TIME STEP    1, STRESS PERIOD  33
  ---------------------------------------------------------------------------------------------------

     CUMULATIVE VOLUME      L**3       RATES FOR THIS TIME STEP      L**3/T          PACKAGE NAME    
     ------------------                 ------------------------                     ----------------

           IN:                                      IN:
           ---                                      ---
              STO-SS =     3011225.5407                STO-SS =       13033.9275     STORAGE                          
                 WEL =           0.0000                   WEL =           0.0000     WEL                              
                 RIV =        1495.0398                   RIV =           6.8836     RIV                              

            TOTAL IN =     3012720.5804              TOTAL IN =       13040.8111

          OUT:                                     OUT:
          ----                                     ----
              STO-SS =     2763728.3407                STO-SS =       11918.1024     STORAGE                          
                 WEL =      231000.0000                   WEL =        1000.0000     WEL                              
                 RIV =       17992.3800                   RIV =         122.7088     RIV                              

           TOTAL OUT =     3012720.7207             TOTAL OUT =       13040.8112

            IN - OUT =          -0.1403              IN - OUT =      -2.6067E-05

 PERCENT DISCREPANCY =          -0.00     PERCENT DISCREPANCY =          -0.00




         TIME SUMMARY AT END OF TIME STEP    1 IN STRESS PERIOD   33
                    SECONDS     MINUTES      HOURS       DAYS        YEARS
                    -----------------------------------------------------------
   TIME STEP LENGTH 6.04800E+05  10080.      168.00      7.0000     1.91650E-02
 STRESS PERIOD TIME 6.04800E+05  10080.      168.00      7.0000     1.91650E-02
         TOTAL TIME 1.99584E+07 3.32640E+05  5544.0      231.00     0.63244    


end timestep


start timestep kper="34" kstp="1" mode="normal"


 OUTPUT CONTROL FOR STRESS PERIOD 34 IS REPEATED USING SETTINGS FROM A PREVIOUS STRESS PERIOD.

 HEAD WILL BE SAVED ON UNIT 1016 AT END OF TIME STEP    1, STRESS PERIOD   34


  VOLUME BUDGET FOR ENTIRE MODEL AT END OF TIME STEP    1, STRESS PERIOD  34
  ---------------------------------------------------------------------------------------------------

     CUMULATIVE VOLUME      L**3       RATES FOR THIS TIME STEP      L**3/T          PACKAGE NAME    
     ------------------                 ------------------------                     ----------------

           IN:                                      IN:
           ---                                      ---
              STO-SS =     3102461.0502                STO-SS =       13033.6442     STORAGE                          
                 WEL =           0.0000                   WEL =           0.0000     WEL                              
                 RIV =        1543.3541                   RIV =           6.9020     RIV                              

            TOTAL IN =     3104004.4043              TOTAL IN =       13040.5463

          OUT:                                     OUT:
          ----                                     ----
              STO-SS =     2847138.0362                STO-SS =       11915.6708     STORAGE                          
                 WEL =      238000.0000                   WEL =        1000.0000     WEL                              
                 RIV =       18866.5083                   RIV =         124.8755     RIV                              

           TOTAL OUT =     3104004.5446             TOTAL OUT =       13040.5463

            IN - OUT =          -0.1403              IN - OUT =      -1.3055E-06

 PERCENT DISCREPANCY =          -0.00     PERCENT DISCREPANCY =          -0.00




         TIME SUMMARY AT END OF TIME STEP    1 IN STRESS PERIOD   34
                    SECONDS     MINUTES      HOURS       DAYS        YEARS
                    -----------------------------------------------------------
   TIME STEP LENGTH 6.04800E+05  10080.      168.00      7.0000     1.91650E-02
 STRESS PERIOD TIME 6.04800E+05  10080.      168.00      7.0000     1.91650E-02
         TOTAL TIME 2.05632E+07 3.42720E+05  5712.0      238.00     0.65161    


end timestep


start timestep kper="35" kstp="1" mode="normal"


 OUTPUT CONTROL FOR STRESS PERIOD 35 IS REPEATED USING SETTINGS FROM A PREVIOUS STRESS PERIOD.

 HEAD WILL BE SAVED ON UNIT 1016 AT END OF TIME STEP    1, STRESS PERIOD   35


  VOLUME BUDGET FOR ENTIRE MODEL AT END OF TIME STEP    1, STRESS PERIOD  35
  ---------------------------------------------------------------------------------------------------

     CUMULATIVE VOLUME      L**3       RATES FOR THIS TIME STEP      L**3/T          PACKAGE NAME    
     ------------------                 ------------------------                     ----------------

           IN:                                      IN:
           ---                                      ---
              STO-SS =     3193694.3507                STO-SS =       13033.3286     STORAGE                          
                 WEL =           0.0000                   WEL =           0.0000     WEL                              
                 RIV =        1591.8045                   RIV =           6.9215     RIV                              

            TOTAL IN =     3195286.1552              TOTAL IN =       13040.2501

          OUT:                                     OUT:
          ----                                     ----
              STO-SS =     2930530.6932                STO-SS =       11913.2367     STORAGE                          
                 WEL =      245000.0000                   WEL =        1000.0000     WEL                              
                 RIV =       19755.6022                   RIV =         127.0134     RIV                              

           TOTAL OUT =     3195286.2955             TOTAL OUT =       13040.2501

            IN - OUT =          -0.1403              IN - OUT =      -1.2966E-06

 PERCENT DISCREPANCY =          -0.00     PERCENT DISCREPANCY =          -0.00




         TIME SUMMARY AT END OF TIME STEP    1 IN STRESS PERIOD   35
                    SECONDS     MINUTES      HOURS       DAYS        YEARS
                    -----------------------------------------------------------
   TIME STEP LENGTH 6.04800E+05  10080.      168.00      7.0000     1.91650E-02
 STRESS PERIOD TIME 6.04800E+05  10080.      168.00      7.0000     1.91650E-02
         TOTAL TIME 2.11680E+07 3.52800E+05  5880.0      245.00     0.67077    


end timestep


start timestep kper="36" kstp="1" mode="normal"


 OUTPUT CONTROL FOR STRESS PERIOD 36 IS REPEATED USING SETTINGS FROM A PREVIOUS STRESS PERIOD.

 HEAD WILL BE SAVED ON UNIT 1016 AT END OF TIME STEP    1, STRESS PERIOD   36


  VOLUME BUDGET FOR ENTIRE MODEL AT END OF TIME STEP    1, STRESS PERIOD  36
  ---------------------------------------------------------------------------------------------------

     CUMULATIVE VOLUME      L**3       RATES FOR THIS TIME STEP      L**3/T          PACKAGE NAME    
     ------------------                 ------------------------                     ----------------

           IN:                                      IN:
           ---                                      ---
              STO-SS =     3284925.2062                STO-SS =       13032.9794     STORAGE                          
                 WEL =           0.0000                   WEL =           0.0000     WEL                              
                 RIV =        1640.3980                   RIV =           6.9419     RIV                              

            TOTAL IN =     3286565.6042              TOTAL IN =       13039.9213

          OUT:                                     OUT:
          ----                                     ----
              STO-SS =     3013906.2754                STO-SS =       11910.7974     STORAGE                          
                 WEL =      252000.0000                   WEL =        1000.0000     WEL                              
                 RIV =       20659.4691                   RIV =         129.1238     RIV                              

           TOTAL OUT =     3286565.7445             TOTAL OUT =       13039.9213

            IN - OUT =          -0.1403              IN - OUT =      -1.2631E-06

 PERCENT DISCREPANCY =          -0.00     PERCENT DISCREPANCY =          -0.00




         TIME SUMMARY AT END OF TIME STEP    1 IN STRESS PERIOD   36
                    SECONDS     MINUTES      HOURS       DAYS        YEARS
                    -----------------------------------------------------------
   TIME STEP LENGTH 6.04800E+05  10080.      168.00      7.0000     1.91650E-02
 STRESS PERIOD TIME 6.04800E+05  10080.      168.00      7.0000     1.91650E-02
         TOTAL TIME 2.17728E+07 3.62880E+05  6048.0      252.00     0.68994    


end timestep


start timestep kper="37" kstp="1" mode="normal"


 OUTPUT CONTROL FOR STRESS PERIOD 37 IS REPEATED USING SETTINGS FROM A PREVIOUS STRESS PERIOD.

 HEAD WILL BE SAVED ON UNIT 1016 AT END OF TIME STEP    1, STRESS PERIOD   37


  VOLUME BUDGET FOR ENTIRE MODEL AT END OF TIME STEP    1, STRESS PERIOD  37
  ---------------------------------------------------------------------------------------------------

     CUMULATIVE VOLUME      L**3       RATES FOR THIS TIME STEP      L**3/T          PACKAGE NAME    
     ------------------                 ------------------------                     ----------------

           IN:                                      IN:
           ---                                      ---
              STO-SS =     3376153.3644                STO-SS =       13032.5940     STORAGE                          
                 WEL =           0.0000                   WEL =           0.0000     WEL                              
                 RIV =        1689.1416                   RIV =           6.9634     RIV                              

            TOTAL IN =     3377842.5061              TOTAL IN =       13039.5574

          OUT:                                     OUT:
          ----                                     ----
              STO-SS =     3097264.7221                STO-SS =       11908.3495     STORAGE                          
                 WEL =      259000.0000                   WEL =        1000.0000     WEL                              
                 RIV =       21577.9242                   RIV =         131.2079     RIV                              

           TOTAL OUT =     3377842.6463             TOTAL OUT =       13039.5574

            IN - OUT =          -0.1403              IN - OUT =      -1.2424E-06

 PERCENT DISCREPANCY =          -0.00     PERCENT DISCREPANCY =          -0.00




         TIME SUMMARY AT END OF TIME STEP    1 IN STRESS PERIOD   37
                    SECONDS     MINUTES      HOURS       DAYS        YEARS
                    -----------------------------------------------------------
   TIME STEP LENGTH 6.04800E+05  10080.      168.00      7.0000     1.91650E-02
 STRESS PERIOD TIME 6.04800E+05  10080.      168.00      7.0000     1.91650E-02
         TOTAL TIME 2.23776E+07 3.72960E+05  6216.0      259.00     0.70910    


end timestep


start timestep kper="38" kstp="1" mode="normal"


 OUTPUT CONTROL FOR STRESS PERIOD 38 IS REPEATED USING SETTINGS FROM A PREVIOUS STRESS PERIOD.

 HEAD WILL BE SAVED ON UNIT 1016 AT END OF TIME STEP    1, STRESS PERIOD   38


  VOLUME BUDGET FOR ENTIRE MODEL AT END OF TIME STEP    1, STRESS PERIOD  38
  ---------------------------------------------------------------------------------------------------

     CUMULATIVE VOLUME      L**3       RATES FOR THIS TIME STEP      L**3/T          PACKAGE NAME    
     ------------------                 ------------------------                     ----------------

           IN:                                      IN:
           ---                                      ---
              STO-SS =     3467378.5650                STO-SS =       13032.1715     STORAGE                          
                 WEL =           0.0000                   WEL =           0.0000     WEL                              
                 RIV =        1738.0347                   RIV =           6.9847     RIV                              

            TOTAL IN =     3469116.5997              TOTAL IN =       13039.1562

          OUT:                                     OUT:
          ----                                     ----
              STO-SS =     3180605.9496                STO-SS =       11905.8896     STORAGE                          
                 WEL =      266000.0000                   WEL =        1000.0000     WEL                              
                 RIV =       22510.7904                   RIV =         133.2666     RIV                              

           TOTAL OUT =     3469116.7400             TOTAL OUT =       13039.1562

            IN - OUT =          -0.1403              IN - OUT =      -5.1441E-06

 PERCENT DISCREPANCY =          -0.00     PERCENT DISCREPANCY =          -0.00




         TIME SUMMARY AT END OF TIME STEP    1 IN STRESS PERIOD   38
                    SECONDS     MINUTES      HOURS       DAYS        YEARS
                    -----------------------------------------------------------
   TIME STEP LENGTH 6.04800E+05  10080.      168.00      7.0000     1.91650E-02
 STRESS PERIOD TIME 6.04800E+05  10080.      168.00      7.0000     1.91650E-02
         TOTAL TIME 2.29824E+07 3.83040E+05  6384.0      266.00     0.72827    


end timestep


start timestep kper="39" kstp="1" mode="normal"


 OUTPUT CONTROL FOR STRESS PERIOD 39 IS REPEATED USING SETTINGS FROM A PREVIOUS STRESS PERIOD.

 HEAD WILL BE SAVED ON UNIT 1016 AT END OF TIME STEP    1, STRESS PERIOD   39


  VOLUME BUDGET FOR ENTIRE MODEL AT END OF TIME STEP    1, STRESS PERIOD  39
  ---------------------------------------------------------------------------------------------------

     CUMULATIVE VOLUME      L**3       RATES FOR THIS TIME STEP      L**3/T          PACKAGE NAME    
     ------------------                 ------------------------                     ----------------

           IN:                                      IN:
           ---                                      ---
              STO-SS =     3558600.5672                STO-SS =       13031.7146     STORAGE                          
                 WEL =           0.0000                   WEL =           0.0000     WEL                              
                 RIV =        1787.0441                   RIV =           7.0013     RIV                              

            TOTAL IN =     3560387.6113              TOTAL IN =       13038.7159

          OUT:                                     OUT:
          ----                                     ----
              STO-SS =     3263929.8543                STO-SS =       11903.4150     STORAGE                          
                 WEL =      273000.0000                   WEL =        1000.0000     WEL                              
                 RIV =       23457.8973                   RIV =         135.3010     RIV                              

           TOTAL OUT =     3560387.7517             TOTAL OUT =       13038.7159

            IN - OUT =          -0.1403              IN - OUT =      -1.2021E-06

 PERCENT DISCREPANCY =          -0.00     PERCENT DISCREPANCY =          -0.00




         TIME SUMMARY AT END OF TIME STEP    1 IN STRESS PERIOD   39
                    SECONDS     MINUTES      HOURS       DAYS        YEARS
                    -----------------------------------------------------------
   TIME STEP LENGTH 6.04800E+05  10080.      168.00      7.0000     1.91650E-02
 STRESS PERIOD TIME 6.04800E+05  10080.      168.00      7.0000     1.91650E-02
         TOTAL TIME 2.35872E+07 3.93120E+05  6552.0      273.00     0.74743    


end timestep


start timestep kper="40" kstp="1" mode="normal"


 OUTPUT CONTROL FOR STRESS PERIOD 40 IS REPEATED USING SETTINGS FROM A PREVIOUS STRESS PERIOD.

 HEAD WILL BE SAVED ON UNIT 1016 AT END OF TIME STEP    1, STRESS PERIOD   40


  VOLUME BUDGET FOR ENTIRE MODEL AT END OF TIME STEP    1, STRESS PERIOD  40
  ---------------------------------------------------------------------------------------------------

     CUMULATIVE VOLUME      L**3       RATES FOR THIS TIME STEP      L**3/T          PACKAGE NAME    
     ------------------                 ------------------------                     ----------------

           IN:                                      IN:
           ---                                      ---
              STO-SS =     3649819.0846                STO-SS =       13031.2168     STORAGE                          
                 WEL =           0.0000                   WEL =           0.0000     WEL                              
                 RIV =        1836.1757                   RIV =           7.0188     RIV                              

            TOTAL IN =     3651655.2603              TOTAL IN =       13038.2356

          OUT:                                     OUT:
          ----                                     ----
              STO-SS =     3347236.3196                STO-SS =       11900.9236     STORAGE                          
                 WEL =      280000.0000                   WEL =        1000.0000     WEL                              
                 RIV =       24419.0811                   RIV =         137.3120     RIV                              

           TOTAL OUT =     3651655.4007             TOTAL OUT =       13038.2356

            IN - OUT =          -0.1403              IN - OUT =      -1.1915E-06

 PERCENT DISCREPANCY =          -0.00     PERCENT DISCREPANCY =          -0.00




         TIME SUMMARY AT END OF TIME STEP    1 IN STRESS PERIOD   40
                    SECONDS     MINUTES      HOURS       DAYS        YEARS
                    -----------------------------------------------------------
   TIME STEP LENGTH 6.04800E+05  10080.      168.00      7.0000     1.91650E-02
 STRESS PERIOD TIME 6.04800E+05  10080.      168.00      7.0000     1.91650E-02
         TOTAL TIME 2.41920E+07 4.03200E+05  6720.0      280.00     0.76660    


end timestep


start timestep kper="41" kstp="1" mode="normal"


 OUTPUT CONTROL FOR STRESS PERIOD 41 IS REPEATED USING SETTINGS FROM A PREVIOUS STRESS PERIOD.

 HEAD WILL BE SAVED ON UNIT 1016 AT END OF TIME STEP    1, STRESS PERIOD   41


  VOLUME BUDGET FOR ENTIRE MODEL AT END OF TIME STEP    1, STRESS PERIOD  41
  ---------------------------------------------------------------------------------------------------

     CUMULATIVE VOLUME      L**3       RATES FOR THIS TIME STEP      L**3/T          PACKAGE NAME    
     ------------------                 ------------------------                     ----------------

           IN:                                      IN:
           ---                                      ---
              STO-SS =     3741033.8271                STO-SS =       13030.6775     STORAGE                          
                 WEL =           0.0000                   WEL =           0.0000     WEL                              
                 RIV =        1885.4354                   RIV =           7.0371     RIV                              

            TOTAL IN =     3742919.2625              TOTAL IN =       13037.7146

          OUT:                                     OUT:
          ----                                     ----
              STO-SS =     3430525.2188                STO-SS =       11898.4142     STORAGE                          
                 WEL =      287000.0000                   WEL =        1000.0000     WEL                              
                 RIV =       25394.1840                   RIV =         139.3004     RIV                              

           TOTAL OUT =     3742919.4029             TOTAL OUT =       13037.7146

            IN - OUT =          -0.1404              IN - OUT =      -1.1747E-06

 PERCENT DISCREPANCY =          -0.00     PERCENT DISCREPANCY =          -0.00




         TIME SUMMARY AT END OF TIME STEP    1 IN STRESS PERIOD   41
                    SECONDS     MINUTES      HOURS       DAYS        YEARS
                    -----------------------------------------------------------
   TIME STEP LENGTH 6.04800E+05  10080.      168.00      7.0000     1.91650E-02
 STRESS PERIOD TIME 6.04800E+05  10080.      168.00      7.0000     1.91650E-02
         TOTAL TIME 2.47968E+07 4.13280E+05  6888.0      287.00     0.78576    


end timestep


start timestep kper="42" kstp="1" mode="normal"


 OUTPUT CONTROL FOR STRESS PERIOD 42 IS REPEATED USING SETTINGS FROM A PREVIOUS STRESS PERIOD.

 HEAD WILL BE SAVED ON UNIT 1016 AT END OF TIME STEP    1, STRESS PERIOD   42


  VOLUME BUDGET FOR ENTIRE MODEL AT END OF TIME STEP    1, STRESS PERIOD  42
  ---------------------------------------------------------------------------------------------------

     CUMULATIVE VOLUME      L**3       RATES FOR THIS TIME STEP      L**3/T          PACKAGE NAME    
     ------------------                 ------------------------                     ----------------

           IN:                                      IN:
           ---                                      ---
              STO-SS =     3832244.4830                STO-SS =       13030.0937     STORAGE                          
                 WEL =           0.0000                   WEL =           0.0000     WEL                              
                 RIV =        1934.8290                   RIV =           7.0562     RIV                              

            TOTAL IN =     3834179.3120              TOTAL IN =       13037.1499

          OUT:                                     OUT:
          ----                                     ----
              STO-SS =     3513796.3983                STO-SS =       11895.8828     STORAGE                          
                 WEL =      294000.0000                   WEL =        1000.0000     WEL                              
                 RIV =       26383.0540                   RIV =         141.2671     RIV                              

           TOTAL OUT =     3834179.4524             TOTAL OUT =       13037.1499

            IN - OUT =          -0.1404              IN - OUT =      -1.1593E-06

 PERCENT DISCREPANCY =          -0.00     PERCENT DISCREPANCY =          -0.00




         TIME SUMMARY AT END OF TIME STEP    1 IN STRESS PERIOD   42
                    SECONDS     MINUTES      HOURS       DAYS        YEARS
                    -----------------------------------------------------------
   TIME STEP LENGTH 6.04800E+05  10080.      168.00      7.0000     1.91650E-02
 STRESS PERIOD TIME 6.04800E+05  10080.      168.00      7.0000     1.91650E-02
         TOTAL TIME 2.54016E+07 4.23360E+05  7056.0      294.00     0.80493    


end timestep


start timestep kper="43" kstp="1" mode="normal"


 OUTPUT CONTROL FOR STRESS PERIOD 43 IS REPEATED USING SETTINGS FROM A PREVIOUS STRESS PERIOD.

 HEAD WILL BE SAVED ON UNIT 1016 AT END OF TIME STEP    1, STRESS PERIOD   43


  VOLUME BUDGET FOR ENTIRE MODEL AT END OF TIME STEP    1, STRESS PERIOD  43
  ---------------------------------------------------------------------------------------------------

     CUMULATIVE VOLUME      L**3       RATES FOR THIS TIME STEP      L**3/T          PACKAGE NAME    
     ------------------                 ------------------------                     ----------------

           IN:                                      IN:
           ---                                      ---
              STO-SS =     3923450.7334                STO-SS =       13029.4643     STORAGE                          
                 WEL =           0.0000                   WEL =           0.0000     WEL                              
                 RIV =        1984.3625                   RIV =           7.0762     RIV                              

            TOTAL IN =     3925435.0959              TOTAL IN =       13036.5406

          OUT:                                     OUT:
          ----                                     ----
              STO-SS =     3597049.6918                STO-SS =       11893.3276     STORAGE                          
                 WEL =      301000.0000                   WEL =        1000.0000     WEL                              
                 RIV =       27385.5445                   RIV =         143.2129     RIV                              

           TOTAL OUT =     3925435.2363             TOTAL OUT =       13036.5406

            IN - OUT =          -0.1404              IN - OUT =      -1.1380E-06

 PERCENT DISCREPANCY =          -0.00     PERCENT DISCREPANCY =          -0.00




         TIME SUMMARY AT END OF TIME STEP    1 IN STRESS PERIOD   43
                    SECONDS     MINUTES      HOURS       DAYS        YEARS
                    -----------------------------------------------------------
   TIME STEP LENGTH 6.04800E+05  10080.      168.00      7.0000     1.91650E-02
 STRESS PERIOD TIME 6.04800E+05  10080.      168.00      7.0000     1.91650E-02
         TOTAL TIME 2.60064E+07 4.33440E+05  7224.0      301.00     0.82409    


end timestep


start timestep kper="44" kstp="1" mode="normal"


 OUTPUT CONTROL FOR STRESS PERIOD 44 IS REPEATED USING SETTINGS FROM A PREVIOUS STRESS PERIOD.

 HEAD WILL BE SAVED ON UNIT 1016 AT END OF TIME STEP    1, STRESS PERIOD   44


  VOLUME BUDGET FOR ENTIRE MODEL AT END OF TIME STEP    1, STRESS PERIOD  44
  ---------------------------------------------------------------------------------------------------

     CUMULATIVE VOLUME      L**3       RATES FOR THIS TIME STEP      L**3/T          PACKAGE NAME    
     ------------------                 ------------------------                     ----------------

           IN:                                      IN:
           ---                                      ---
              STO-SS =     4014652.2531                STO-SS =       13028.7885     STORAGE                          
                 WEL =           0.0000                   WEL =           0.0000     WEL                              
                 RIV =        2034.0407                   RIV =           7.0969     RIV                              

            TOTAL IN =     4016686.2938              TOTAL IN =       13035.8854

          OUT:                                     OUT:
          ----                                     ----
              STO-SS =     3680284.9204                STO-SS =       11890.7470     STORAGE                          
                 WEL =      308000.0000                   WEL =        1000.0000     WEL                              
                 RIV =       28401.5137                   RIV =         145.1385     RIV                              

           TOTAL OUT =     4016686.4342             TOTAL OUT =       13035.8854

            IN - OUT =          -0.1404              IN - OUT =      -1.6842E-06

 PERCENT DISCREPANCY =          -0.00     PERCENT DISCREPANCY =          -0.00




         TIME SUMMARY AT END OF TIME STEP    1 IN STRESS PERIOD   44
                    SECONDS     MINUTES      HOURS       DAYS        YEARS
                    -----------------------------------------------------------
   TIME STEP LENGTH 6.04800E+05  10080.      168.00      7.0000     1.91650E-02
 STRESS PERIOD TIME 6.04800E+05  10080.      168.00      7.0000     1.91650E-02
         TOTAL TIME 2.66112E+07 4.43520E+05  7392.0      308.00     0.84326    


end timestep


start timestep kper="45" kstp="1" mode="normal"


 OUTPUT CONTROL FOR STRESS PERIOD 45 IS REPEATED USING SETTINGS FROM A PREVIOUS STRESS PERIOD.

 HEAD WILL BE SAVED ON UNIT 1016 AT END OF TIME STEP    1, STRESS PERIOD   45


  VOLUME BUDGET FOR ENTIRE MODEL AT END OF TIME STEP    1, STRESS PERIOD  45
  ---------------------------------------------------------------------------------------------------

     CUMULATIVE VOLUME      L**3       RATES FOR THIS TIME STEP      L**3/T          PACKAGE NAME    
     ------------------                 ------------------------                     ----------------

           IN:                                      IN:
           ---                                      ---
              STO-SS =     4105848.7839                STO-SS =       13028.0758     STORAGE                          
                 WEL =           0.0000                   WEL =           0.0000     WEL                              
                 RIV =        2083.8284                   RIV =           7.1125     RIV                              

            TOTAL IN =     4107932.6122              TOTAL IN =       13035.1883

          OUT:                                     OUT:
          ----                                     ----
              STO-SS =     3763501.9276                STO-SS =       11888.1439     STORAGE                          
                 WEL =      315000.0000                   WEL =        1000.0000     WEL                              
                 RIV =       29430.8250                   RIV =         147.0445     RIV                              

           TOTAL OUT =     4107932.7526             TOTAL OUT =       13035.1883

            IN - OUT =          -0.1404              IN - OUT =      -1.1127E-06

 PERCENT DISCREPANCY =          -0.00     PERCENT DISCREPANCY =          -0.00




         TIME SUMMARY AT END OF TIME STEP    1 IN STRESS PERIOD   45
                    SECONDS     MINUTES      HOURS       DAYS        YEARS
                    -----------------------------------------------------------
   TIME STEP LENGTH 6.04800E+05  10080.      168.00      7.0000     1.91650E-02
 STRESS PERIOD TIME 6.04800E+05  10080.      168.00      7.0000     1.91650E-02
         TOTAL TIME 2.72160E+07 4.53600E+05  7560.0      315.00     0.86242    


end timestep


start timestep kper="46" kstp="1" mode="normal"


 OUTPUT CONTROL FOR STRESS PERIOD 46 IS REPEATED USING SETTINGS FROM A PREVIOUS STRESS PERIOD.

 HEAD WILL BE SAVED ON UNIT 1016 AT END OF TIME STEP    1, STRESS PERIOD   46


  VOLUME BUDGET FOR ENTIRE MODEL AT END OF TIME STEP    1, STRESS PERIOD  46
  ---------------------------------------------------------------------------------------------------

     CUMULATIVE VOLUME      L**3       RATES FOR THIS TIME STEP      L**3/T          PACKAGE NAME    
     ------------------                 ------------------------                     ----------------

           IN:                                      IN:
           ---                                      ---
              STO-SS =     4197039.9857                STO-SS =       13027.3145     STORAGE                          
                 WEL =           0.0000                   WEL =           0.0000     WEL                              
                 RIV =        2133.7305                   RIV =           7.1289     RIV                              

            TOTAL IN =     4199173.7162              TOTAL IN =       13034.4434

          OUT:                                     OUT:
          ----                                     ----
              STO-SS =     3846700.5107                STO-SS =       11885.5119     STORAGE                          
                 WEL =      322000.0000                   WEL =        1000.0000     WEL                              
                 RIV =       30473.3460                   RIV =         148.9316     RIV                              

           TOTAL OUT =     4199173.8566             TOTAL OUT =       13034.4434

            IN - OUT =          -0.1404              IN - OUT =      -1.0965E-06

 PERCENT DISCREPANCY =          -0.00     PERCENT DISCREPANCY =          -0.00




         TIME SUMMARY AT END OF TIME STEP    1 IN STRESS PERIOD   46
                    SECONDS     MINUTES      HOURS       DAYS        YEARS
                    -----------------------------------------------------------
   TIME STEP LENGTH 6.04800E+05  10080.      168.00      7.0000     1.91650E-02
 STRESS PERIOD TIME 6.04800E+05  10080.      168.00      7.0000     1.91650E-02
         TOTAL TIME 2.78208E+07 4.63680E+05  7728.0      322.00     0.88159    


end timestep


start timestep kper="47" kstp="1" mode="normal"


 OUTPUT CONTROL FOR STRESS PERIOD 47 IS REPEATED USING SETTINGS FROM A PREVIOUS STRESS PERIOD.

 HEAD WILL BE SAVED ON UNIT 1016 AT END OF TIME STEP    1, STRESS PERIOD   47


  VOLUME BUDGET FOR ENTIRE MODEL AT END OF TIME STEP    1, STRESS PERIOD  47
  ---------------------------------------------------------------------------------------------------

     CUMULATIVE VOLUME      L**3       RATES FOR THIS TIME STEP      L**3/T          PACKAGE NAME    
     ------------------                 ------------------------                     ----------------

           IN:                                      IN:
           ---                                      ---
              STO-SS =     4288225.5201                STO-SS =       13026.5049     STORAGE                          
                 WEL =           0.0000                   WEL =           0.0000     WEL                              
                 RIV =        2183.7522                   RIV =           7.1459     RIV                              

            TOTAL IN =     4290409.2723              TOTAL IN =       13033.6509

          OUT:                                     OUT:
          ----                                     ----
              STO-SS =     3929880.4641                STO-SS =       11882.8505     STORAGE                          
                 WEL =      329000.0000                   WEL =        1000.0000     WEL                              
                 RIV =       31528.9486                   RIV =         150.8004     RIV                              

           TOTAL OUT =     4290409.4127             TOTAL OUT =       13033.6509

            IN - OUT =          -0.1404              IN - OUT =      -1.0791E-06

 PERCENT DISCREPANCY =          -0.00     PERCENT DISCREPANCY =          -0.00




         TIME SUMMARY AT END OF TIME STEP    1 IN STRESS PERIOD   47
                    SECONDS     MINUTES      HOURS       DAYS        YEARS
                    -----------------------------------------------------------
   TIME STEP LENGTH 6.04800E+05  10080.      168.00      7.0000     1.91650E-02
 STRESS PERIOD TIME 6.04800E+05  10080.      168.00      7.0000     1.91650E-02
         TOTAL TIME 2.84256E+07 4.73760E+05  7896.0      329.00     0.90075    


end timestep


start timestep kper="48" kstp="1" mode="normal"


 OUTPUT CONTROL FOR STRESS PERIOD 48 IS REPEATED USING SETTINGS FROM A PREVIOUS STRESS PERIOD.

 HEAD WILL BE SAVED ON UNIT 1016 AT END OF TIME STEP    1, STRESS PERIOD   48


  VOLUME BUDGET FOR ENTIRE MODEL AT END OF TIME STEP    1, STRESS PERIOD  48
  ---------------------------------------------------------------------------------------------------

     CUMULATIVE VOLUME      L**3       RATES FOR THIS TIME STEP      L**3/T          PACKAGE NAME    
     ------------------                 ------------------------                     ----------------

           IN:                                      IN:
           ---                                      ---
              STO-SS =     4379405.0683                STO-SS =       13025.6497     STORAGE                          
                 WEL =           0.0000                   WEL =           0.0000     WEL                              
                 RIV =        2233.8982                   RIV =           7.1637     RIV                              

            TOTAL IN =     4381638.9665              TOTAL IN =       13032.8135

          OUT:                                     OUT:
          ----                                     ----
              STO-SS =     4013041.5979                STO-SS =       11880.1620     STORAGE                          
                 WEL =      336000.0000                   WEL =        1000.0000     WEL                              
                 RIV =       32597.5090                   RIV =         152.6515     RIV                              

           TOTAL OUT =     4381639.1069             TOTAL OUT =       13032.8135

            IN - OUT =          -0.1404              IN - OUT =      -1.0732E-06

 PERCENT DISCREPANCY =          -0.00     PERCENT DISCREPANCY =          -0.00




         TIME SUMMARY AT END OF TIME STEP    1 IN STRESS PERIOD   48
                    SECONDS     MINUTES      HOURS       DAYS        YEARS
                    -----------------------------------------------------------
   TIME STEP LENGTH 6.04800E+05  10080.      168.00      7.0000     1.91650E-02
 STRESS PERIOD TIME 6.04800E+05  10080.      168.00      7.0000     1.91650E-02
         TOTAL TIME 2.90304E+07 4.83840E+05  8064.0      336.00     0.91992    


end timestep


start timestep kper="49" kstp="1" mode="normal"


 OUTPUT CONTROL FOR STRESS PERIOD 49 IS REPEATED USING SETTINGS FROM A PREVIOUS STRESS PERIOD.

 HEAD WILL BE SAVED ON UNIT 1016 AT END OF TIME STEP    1, STRESS PERIOD   49


  VOLUME BUDGET FOR ENTIRE MODEL AT END OF TIME STEP    1, STRESS PERIOD  49
  ---------------------------------------------------------------------------------------------------

     CUMULATIVE VOLUME      L**3       RATES FOR THIS TIME STEP      L**3/T          PACKAGE NAME    
     ------------------                 ------------------------                     ----------------

           IN:                                      IN:
           ---                                      ---
              STO-SS =     4470578.2795                STO-SS =       13024.7445     STORAGE                          
                 WEL =           0.0000                   WEL =           0.0000     WEL                              
                 RIV =        2284.1737                   RIV =           7.1822     RIV                              

            TOTAL IN =     4472862.4532              TOTAL IN =       13031.9267

          OUT:                                     OUT:
          ----                                     ----
              STO-SS =     4096183.6867                STO-SS =       11877.4413     STORAGE                          
                 WEL =      343000.0000                   WEL =        1000.0000     WEL                              
                 RIV =       33678.9070                   RIV =         154.4854     RIV                              

           TOTAL OUT =     4472862.5936             TOTAL OUT =       13031.9267

            IN - OUT =          -0.1404              IN - OUT =      -1.0603E-06

 PERCENT DISCREPANCY =          -0.00     PERCENT DISCREPANCY =          -0.00




         TIME SUMMARY AT END OF TIME STEP    1 IN STRESS PERIOD   49
                    SECONDS     MINUTES      HOURS       DAYS        YEARS
                    -----------------------------------------------------------
   TIME STEP LENGTH 6.04800E+05  10080.      168.00      7.0000     1.91650E-02
 STRESS PERIOD TIME 6.04800E+05  10080.      168.00      7.0000     1.91650E-02
         TOTAL TIME 2.96352E+07 4.93920E+05  8232.0      343.00     0.93908    


end timestep


start timestep kper="50" kstp="1" mode="normal"


 OUTPUT CONTROL FOR STRESS PERIOD 50 IS REPEATED USING SETTINGS FROM A PREVIOUS STRESS PERIOD.

 HEAD WILL BE SAVED ON UNIT 1016 AT END OF TIME STEP    1, STRESS PERIOD   50


  VOLUME BUDGET FOR ENTIRE MODEL AT END OF TIME STEP    1, STRESS PERIOD  50
  ---------------------------------------------------------------------------------------------------

     CUMULATIVE VOLUME      L**3       RATES FOR THIS TIME STEP      L**3/T          PACKAGE NAME    
     ------------------                 ------------------------                     ----------------

           IN:                                      IN:
           ---                                      ---
              STO-SS =     4561744.8063                STO-SS =       13023.7895     STORAGE                          
                 WEL =           0.0000                   WEL =           0.0000     WEL                              
                 RIV =        2334.5836                   RIV =           7.2014     RIV                              

            TOTAL IN =     4564079.3899              TOTAL IN =       13030.9910

          OUT:                                     OUT:
          ----                                     ----
              STO-SS =     4179306.5043                STO-SS =       11874.6882     STORAGE                          
                 WEL =      350000.0000                   WEL =        1000.0000     WEL                              
                 RIV =       34773.0260                   RIV =         156.3027     RIV                              

           TOTAL OUT =     4564079.5303             TOTAL OUT =       13030.9910

            IN - OUT =          -0.1404              IN - OUT =      -1.0488E-06

 PERCENT DISCREPANCY =          -0.00     PERCENT DISCREPANCY =          -0.00




         TIME SUMMARY AT END OF TIME STEP    1 IN STRESS PERIOD   50
                    SECONDS     MINUTES      HOURS       DAYS        YEARS
                    -----------------------------------------------------------
   TIME STEP LENGTH 6.04800E+05  10080.      168.00      7.0000     1.91650E-02
 STRESS PERIOD TIME 6.04800E+05  10080.      168.00      7.0000     1.91650E-02
         TOTAL TIME 3.02400E+07 5.04000E+05  8400.0      350.00     0.95825    


end timestep


start timestep kper="51" kstp="1" mode="normal"


 OUTPUT CONTROL FOR STRESS PERIOD 51 IS REPEATED USING SETTINGS FROM A PREVIOUS STRESS PERIOD.

 HEAD WILL BE SAVED ON UNIT 1016 AT END OF TIME STEP    1, STRESS PERIOD   51


  VOLUME BUDGET FOR ENTIRE MODEL AT END OF TIME STEP    1, STRESS PERIOD  51
  ---------------------------------------------------------------------------------------------------

     CUMULATIVE VOLUME      L**3       RATES FOR THIS TIME STEP      L**3/T          PACKAGE NAME    
     ------------------                 ------------------------                     ----------------

           IN:                                      IN:
           ---                                      ---
              STO-SS =     4652904.3320                STO-SS =       13022.7894     STORAGE                          
                 WEL =           0.0000                   WEL =           0.0000     WEL                              
                 RIV =        2385.1143                   RIV =           7.2187     RIV                              

            TOTAL IN =     4655289.4463              TOTAL IN =       13030.0081

          OUT:                                     OUT:
          ----                                     ----
              STO-SS =     4262409.8337                STO-SS =       11871.9042     STORAGE                          
                 WEL =      357000.0000                   WEL =        1000.0000     WEL                              
                 RIV =       35879.7531                   RIV =         158.1039     RIV                              

           TOTAL OUT =     4655289.5868             TOTAL OUT =       13030.0081

            IN - OUT =          -0.1405              IN - OUT =      -1.0566E-05

 PERCENT DISCREPANCY =          -0.00     PERCENT DISCREPANCY =          -0.00




         TIME SUMMARY AT END OF TIME STEP    1 IN STRESS PERIOD   51
                    SECONDS     MINUTES      HOURS       DAYS        YEARS
                    -----------------------------------------------------------
   TIME STEP LENGTH 6.04800E+05  10080.      168.00      7.0000     1.91650E-02
 STRESS PERIOD TIME 6.04800E+05  10080.      168.00      7.0000     1.91650E-02
         TOTAL TIME 3.08448E+07 5.14080E+05  8568.0      357.00     0.97741    


end timestep


start timestep kper="52" kstp="1" mode="normal"


 OUTPUT CONTROL FOR STRESS PERIOD 52 IS REPEATED USING SETTINGS FROM A PREVIOUS STRESS PERIOD.

 HEAD WILL BE SAVED ON UNIT 1016 AT END OF TIME STEP    1, STRESS PERIOD   52


  VOLUME BUDGET FOR ENTIRE MODEL AT END OF TIME STEP    1, STRESS PERIOD  52
  ---------------------------------------------------------------------------------------------------

     CUMULATIVE VOLUME      L**3       RATES FOR THIS TIME STEP      L**3/T          PACKAGE NAME    
     ------------------                 ------------------------                     ----------------

           IN:                                      IN:
           ---                                      ---
              STO-SS =     4744056.5639                STO-SS =       13021.7474     STORAGE                          
                 WEL =           0.0000                   WEL =           0.0000     WEL                              
                 RIV =        2435.7516                   RIV =           7.2339     RIV                              

            TOTAL IN =     4746492.3154              TOTAL IN =       13028.9813

          OUT:                                     OUT:
          ----                                     ----
              STO-SS =     4345493.4775                STO-SS =       11869.0920     STORAGE                          
                 WEL =      364000.0000                   WEL =        1000.0000     WEL                              
                 RIV =       36998.9784                   RIV =         159.8893     RIV                              

           TOTAL OUT =     4746492.4559             TOTAL OUT =       13028.9813

            IN - OUT =          -0.1405              IN - OUT =      -1.0293E-06

 PERCENT DISCREPANCY =          -0.00     PERCENT DISCREPANCY =          -0.00




         TIME SUMMARY AT END OF TIME STEP    1 IN STRESS PERIOD   52
                    SECONDS     MINUTES      HOURS       DAYS        YEARS
                    -----------------------------------------------------------
   TIME STEP LENGTH 6.04800E+05  10080.      168.00      7.0000     1.91650E-02
 STRESS PERIOD TIME 6.04800E+05  10080.      168.00      7.0000     1.91650E-02
         TOTAL TIME 3.14496E+07 5.24160E+05  8736.0      364.00     0.99658    


end timestep

