parnme,partrans,parchglim,parval1,parlbnd,parubnd,pargp,scale,offset,dercom,c,inst,pname,pstyle,ptype,r,sp,usecol
pname:p_inst:0_ptype:gr_usecol:q_pstyle:m_r:70_c:59_sp:0,none,relative,1.0,0.0001,5.0,p_inst:0,1.0,0.0,1,59,0,p,m,gr,70,0,q
pname:p_inst:0_ptype:gr_usecol:q_pstyle:m_r:37_c:34_sp:0,none,relative,1.0,0.0001,5.0,p_inst:0,1.0,0.0,1,34,0,p,m,gr,37,0,q
pname:p_inst:0_ptype:gr_usecol:q_pstyle:m_r:31_c:49_sp:0,none,relative,1.0,0.0001,5.0,p_inst:0,1.0,0.0,1,49,0,p,m,gr,31,0,q
pname:p_inst:0_ptype:gr_usecol:q_pstyle:m_r:77_c:44_sp:0,none,relative,1.0,0.0001,5.0,p_inst:0,1.0,0.0,1,44,0,p,m,gr,77,0,q
pname:p_inst:0_ptype:gr_usecol:q_pstyle:m_r:47_c:49_sp:0,none,relative,1.0,0.0001,5.0,p_inst:0,1.0,0.0,1,49,0,p,m,gr,47,0,q
pname:p_inst:0_ptype:gr_usecol:q_pstyle:m_r:45_c:51_sp:0,none,relative,1.0,0.0001,5.0,p_inst:0,1.0,0.0,1,51,0,p,m,gr,45,0,q
pname:p_inst:0_ptype:gr_usecol:q_pstyle:m_r:44_c:39_sp:0,none,relative,1.0,0.0001,5.0,p_inst:0,1.0,0.0,1,39,0,p,m,gr,44,0,q
pname:p_inst:0_ptype:gr_usecol:q_pstyle:m_r:38_c:59_sp:0,none,relative,1.0,0.0001,5.0,p_inst:0,1.0,0.0,1,59,0,p,m,gr,38,0,q
pname:p_inst:0_ptype:gr_usecol:q_pstyle:m_r:77_c:34_sp:0,none,relative,1.0,0.0001,5.0,p_inst:0,1.0,0.0,1,34,0,p,m,gr,77,0,q
pname:p_inst:0_ptype:gr_usecol:q_pstyle:m_r:36_c:47_sp:0,none,relative,1.0,0.0001,5.0,p_inst:0,1.0,0.0,1,47,0,p,m,gr,36,0,q
pname:p_inst:0_ptype:gr_usecol:q_pstyle:m_r:73_c:39_sp:0,none,relative,1.0,0.0001,5.0,p_inst:0,1.0,0.0,1,39,0,p,m,gr,73,0,q
pname:p_inst:0_ptype:gr_usecol:q_pstyle:m_r:77_c:42_sp:0,none,relative,1.0,0.0001,5.0,p_inst:0,1.0,0.0,1,42,0,p,m,gr,77,0,q
pname:p_inst:0_ptype:gr_usecol:q_pstyle:m_r:64_c:58_sp:0,none,relative,1.0,0.0001,5.0,p_inst:0,1.0,0.0,1,58,0,p,m,gr,64,0,q
pname:p_inst:0_ptype:gr_usecol:q_pstyle:m_r:35_c:48_sp:0,none,relative,1.0,0.0001,5.0,p_inst:0,1.0,0.0,1,48,0,p,m,gr,35,0,q
pname:p_inst:0_ptype:gr_usecol:q_pstyle:m_r:67_c:55_sp:0,none,relative,1.0,0.0001,5.0,p_inst:0,1.0,0.0,1,55,0,p,m,gr,67,0,q
pname:p_inst:0_ptype:gr_usecol:q_pstyle:m_r:57_c:30_sp:0,none,relative,1.0,0.0001,5.0,p_inst:0,1.0,0.0,1,30,0,p,m,gr,57,0,q
pname:p_inst:0_ptype:gr_usecol:q_pstyle:m_r:32_c:31_sp:0,none,relative,1.0,0.0001,5.0,p_inst:0,1.0,0.0,1,31,0,p,m,gr,32,0,q
pname:p_inst:0_ptype:gr_usecol:q_pstyle:m_r:31_c:59_sp:0,none,relative,1.0,0.0001,5.0,p_inst:0,1.0,0.0,1,59,0,p,m,gr,31,0,q
pname:p_inst:0_ptype:gr_usecol:q_pstyle:m_r:35_c:61_sp:0,none,relative,1.0,0.0001,5.0,p_inst:0,1.0,0.0,1,61,0,p,m,gr,35,0,q
pname:p_inst:0_ptype:gr_usecol:q_pstyle:m_r:43_c:61_sp:0,none,relative,1.0,0.0001,5.0,p_inst:0,1.0,0.0,1,61,0,p,m,gr,43,0,q
pname:p_inst:0_ptype:gr_usecol:q_pstyle:m_r:70_c:59_sp:1,none,relative,1.0,0.0001,5.0,p_inst:0,1.0,0.0,1,59,0,p,m,gr,70,1,q
pname:p_inst:0_ptype:gr_usecol:q_pstyle:m_r:37_c:34_sp:1,none,relative,1.0,0.0001,5.0,p_inst:0,1.0,0.0,1,34,0,p,m,gr,37,1,q
pname:p_inst:0_ptype:gr_usecol:q_pstyle:m_r:31_c:49_sp:1,none,relative,1.0,0.0001,5.0,p_inst:0,1.0,0.0,1,49,0,p,m,gr,31,1,q
pname:p_inst:0_ptype:gr_usecol:q_pstyle:m_r:77_c:44_sp:1,none,relative,1.0,0.0001,5.0,p_inst:0,1.0,0.0,1,44,0,p,m,gr,77,1,q
pname:p_inst:0_ptype:gr_usecol:q_pstyle:m_r:47_c:49_sp:1,none,relative,1.0,0.0001,5.0,p_inst:0,1.0,0.0,1,49,0,p,m,gr,47,1,q
pname:p_inst:0_ptype:gr_usecol:q_pstyle:m_r:45_c:51_sp:1,none,relative,1.0,0.0001,5.0,p_inst:0,1.0,0.0,1,51,0,p,m,gr,45,1,q
pname:p_inst:0_ptype:gr_usecol:q_pstyle:m_r:44_c:39_sp:1,none,relative,1.0,0.0001,5.0,p_inst:0,1.0,0.0,1,39,0,p,m,gr,44,1,q
pname:p_inst:0_ptype:gr_usecol:q_pstyle:m_r:38_c:59_sp:1,none,relative,1.0,0.0001,5.0,p_inst:0,1.0,0.0,1,59,0,p,m,gr,38,1,q
pname:p_inst:0_ptype:gr_usecol:q_pstyle:m_r:77_c:34_sp:1,none,relative,1.0,0.0001,5.0,p_inst:0,1.0,0.0,1,34,0,p,m,gr,77,1,q
pname:p_inst:0_ptype:gr_usecol:q_pstyle:m_r:36_c:47_sp:1,none,relative,1.0,0.0001,5.0,p_inst:0,1.0,0.0,1,47,0,p,m,gr,36,1,q
pname:p_inst:0_ptype:gr_usecol:q_pstyle:m_r:73_c:39_sp:1,none,relative,1.0,0.0001,5.0,p_inst:0,1.0,0.0,1,39,0,p,m,gr,73,1,q
pname:p_inst:0_ptype:gr_usecol:q_pstyle:m_r:77_c:42_sp:1,none,relative,1.0,0.0001,5.0,p_inst:0,1.0,0.0,1,42,0,p,m,gr,77,1,q
pname:p_inst:0_ptype:gr_usecol:q_pstyle:m_r:64_c:58_sp:1,none,relative,1.0,0.0001,5.0,p_inst:0,1.0,0.0,1,58,0,p,m,gr,64,1,q
pname:p_inst:0_ptype:gr_usecol:q_pstyle:m_r:35_c:48_sp:1,none,relative,1.0,0.0001,5.0,p_inst:0,1.0,0.0,1,48,0,p,m,gr,35,1,q
pname:p_inst:0_ptype:gr_usecol:q_pstyle:m_r:67_c:55_sp:1,none,relative,1.0,0.0001,5.0,p_inst:0,1.0,0.0,1,55,0,p,m,gr,67,1,q
pname:p_inst:0_ptype:gr_usecol:q_pstyle:m_r:57_c:30_sp:1,none,relative,1.0,0.0001,5.0,p_inst:0,1.0,0.0,1,30,0,p,m,gr,57,1,q
pname:p_inst:0_ptype:gr_usecol:q_pstyle:m_r:32_c:31_sp:1,none,relative,1.0,0.0001,5.0,p_inst:0,1.0,0.0,1,31,0,p,m,gr,32,1,q
pname:p_inst:0_ptype:gr_usecol:q_pstyle:m_r:31_c:59_sp:1,none,relative,1.0,0.0001,5.0,p_inst:0,1.0,0.0,1,59,0,p,m,gr,31,1,q
pname:p_inst:0_ptype:gr_usecol:q_pstyle:m_r:35_c:61_sp:1,none,relative,1.0,0.0001,5.0,p_inst:0,1.0,0.0,1,61,0,p,m,gr,35,1,q
pname:p_inst:0_ptype:gr_usecol:q_pstyle:m_r:43_c:61_sp:1,none,relative,1.0,0.0001,5.0,p_inst:0,1.0,0.0,1,61,0,p,m,gr,43,1,q
pname:p_inst:0_ptype:gr_usecol:q_pstyle:m_r:70_c:59_sp:2,none,relative,1.0,0.0001,5.0,p_inst:0,1.0,0.0,1,59,0,p,m,gr,70,2,q
pname:p_inst:0_ptype:gr_usecol:q_pstyle:m_r:37_c:34_sp:2,none,relative,1.0,0.0001,5.0,p_inst:0,1.0,0.0,1,34,0,p,m,gr,37,2,q
pname:p_inst:0_ptype:gr_usecol:q_pstyle:m_r:31_c:49_sp:2,none,relative,1.0,0.0001,5.0,p_inst:0,1.0,0.0,1,49,0,p,m,gr,31,2,q
pname:p_inst:0_ptype:gr_usecol:q_pstyle:m_r:77_c:44_sp:2,none,relative,1.0,0.0001,5.0,p_inst:0,1.0,0.0,1,44,0,p,m,gr,77,2,q
pname:p_inst:0_ptype:gr_usecol:q_pstyle:m_r:47_c:49_sp:2,none,relative,1.0,0.0001,5.0,p_inst:0,1.0,0.0,1,49,0,p,m,gr,47,2,q
pname:p_inst:0_ptype:gr_usecol:q_pstyle:m_r:45_c:51_sp:2,none,relative,1.0,0.0001,5.0,p_inst:0,1.0,0.0,1,51,0,p,m,gr,45,2,q
pname:p_inst:0_ptype:gr_usecol:q_pstyle:m_r:44_c:39_sp:2,none,relative,1.0,0.0001,5.0,p_inst:0,1.0,0.0,1,39,0,p,m,gr,44,2,q
pname:p_inst:0_ptype:gr_usecol:q_pstyle:m_r:38_c:59_sp:2,none,relative,1.0,0.0001,5.0,p_inst:0,1.0,0.0,1,59,0,p,m,gr,38,2,q
pname:p_inst:0_ptype:gr_usecol:q_pstyle:m_r:77_c:34_sp:2,none,relative,1.0,0.0001,5.0,p_inst:0,1.0,0.0,1,34,0,p,m,gr,77,2,q
pname:p_inst:0_ptype:gr_usecol:q_pstyle:m_r:36_c:47_sp:2,none,relative,1.0,0.0001,5.0,p_inst:0,1.0,0.0,1,47,0,p,m,gr,36,2,q
pname:p_inst:0_ptype:gr_usecol:q_pstyle:m_r:73_c:39_sp:2,none,relative,1.0,0.0001,5.0,p_inst:0,1.0,0.0,1,39,0,p,m,gr,73,2,q
pname:p_inst:0_ptype:gr_usecol:q_pstyle:m_r:77_c:42_sp:2,none,relative,1.0,0.0001,5.0,p_inst:0,1.0,0.0,1,42,0,p,m,gr,77,2,q
pname:p_inst:0_ptype:gr_usecol:q_pstyle:m_r:64_c:58_sp:2,none,relative,1.0,0.0001,5.0,p_inst:0,1.0,0.0,1,58,0,p,m,gr,64,2,q
pname:p_inst:0_ptype:gr_usecol:q_pstyle:m_r:35_c:48_sp:2,none,relative,1.0,0.0001,5.0,p_inst:0,1.0,0.0,1,48,0,p,m,gr,35,2,q
pname:p_inst:0_ptype:gr_usecol:q_pstyle:m_r:67_c:55_sp:2,none,relative,1.0,0.0001,5.0,p_inst:0,1.0,0.0,1,55,0,p,m,gr,67,2,q
pname:p_inst:0_ptype:gr_usecol:q_pstyle:m_r:57_c:30_sp:2,none,relative,1.0,0.0001,5.0,p_inst:0,1.0,0.0,1,30,0,p,m,gr,57,2,q
pname:p_inst:0_ptype:gr_usecol:q_pstyle:m_r:32_c:31_sp:2,none,relative,1.0,0.0001,5.0,p_inst:0,1.0,0.0,1,31,0,p,m,gr,32,2,q
pname:p_inst:0_ptype:gr_usecol:q_pstyle:m_r:31_c:59_sp:2,none,relative,1.0,0.0001,5.0,p_inst:0,1.0,0.0,1,59,0,p,m,gr,31,2,q
pname:p_inst:0_ptype:gr_usecol:q_pstyle:m_r:35_c:61_sp:2,none,relative,1.0,0.0001,5.0,p_inst:0,1.0,0.0,1,61,0,p,m,gr,35,2,q
pname:p_inst:0_ptype:gr_usecol:q_pstyle:m_r:43_c:61_sp:2,none,relative,1.0,0.0001,5.0,p_inst:0,1.0,0.0,1,61,0,p,m,gr,43,2,q
pname:p_inst:0_ptype:gr_usecol:q_pstyle:m_r:70_c:59_sp:3,none,relative,1.0,0.0001,5.0,p_inst:0,1.0,0.0,1,59,0,p,m,gr,70,3,q
pname:p_inst:0_ptype:gr_usecol:q_pstyle:m_r:37_c:34_sp:3,none,relative,1.0,0.0001,5.0,p_inst:0,1.0,0.0,1,34,0,p,m,gr,37,3,q
pname:p_inst:0_ptype:gr_usecol:q_pstyle:m_r:31_c:49_sp:3,none,relative,1.0,0.0001,5.0,p_inst:0,1.0,0.0,1,49,0,p,m,gr,31,3,q
pname:p_inst:0_ptype:gr_usecol:q_pstyle:m_r:77_c:44_sp:3,none,relative,1.0,0.0001,5.0,p_inst:0,1.0,0.0,1,44,0,p,m,gr,77,3,q
pname:p_inst:0_ptype:gr_usecol:q_pstyle:m_r:47_c:49_sp:3,none,relative,1.0,0.0001,5.0,p_inst:0,1.0,0.0,1,49,0,p,m,gr,47,3,q
pname:p_inst:0_ptype:gr_usecol:q_pstyle:m_r:45_c:51_sp:3,none,relative,1.0,0.0001,5.0,p_inst:0,1.0,0.0,1,51,0,p,m,gr,45,3,q
pname:p_inst:0_ptype:gr_usecol:q_pstyle:m_r:44_c:39_sp:3,none,relative,1.0,0.0001,5.0,p_inst:0,1.0,0.0,1,39,0,p,m,gr,44,3,q
pname:p_inst:0_ptype:gr_usecol:q_pstyle:m_r:38_c:59_sp:3,none,relative,1.0,0.0001,5.0,p_inst:0,1.0,0.0,1,59,0,p,m,gr,38,3,q
pname:p_inst:0_ptype:gr_usecol:q_pstyle:m_r:77_c:34_sp:3,none,relative,1.0,0.0001,5.0,p_inst:0,1.0,0.0,1,34,0,p,m,gr,77,3,q
pname:p_inst:0_ptype:gr_usecol:q_pstyle:m_r:36_c:47_sp:3,none,relative,1.0,0.0001,5.0,p_inst:0,1.0,0.0,1,47,0,p,m,gr,36,3,q
pname:p_inst:0_ptype:gr_usecol:q_pstyle:m_r:73_c:39_sp:3,none,relative,1.0,0.0001,5.0,p_inst:0,1.0,0.0,1,39,0,p,m,gr,73,3,q
pname:p_inst:0_ptype:gr_usecol:q_pstyle:m_r:77_c:42_sp:3,none,relative,1.0,0.0001,5.0,p_inst:0,1.0,0.0,1,42,0,p,m,gr,77,3,q
pname:p_inst:0_ptype:gr_usecol:q_pstyle:m_r:64_c:58_sp:3,none,relative,1.0,0.0001,5.0,p_inst:0,1.0,0.0,1,58,0,p,m,gr,64,3,q
pname:p_inst:0_ptype:gr_usecol:q_pstyle:m_r:35_c:48_sp:3,none,relative,1.0,0.0001,5.0,p_inst:0,1.0,0.0,1,48,0,p,m,gr,35,3,q
pname:p_inst:0_ptype:gr_usecol:q_pstyle:m_r:67_c:55_sp:3,none,relative,1.0,0.0001,5.0,p_inst:0,1.0,0.0,1,55,0,p,m,gr,67,3,q
pname:p_inst:0_ptype:gr_usecol:q_pstyle:m_r:57_c:30_sp:3,none,relative,1.0,0.0001,5.0,p_inst:0,1.0,0.0,1,30,0,p,m,gr,57,3,q
pname:p_inst:0_ptype:gr_usecol:q_pstyle:m_r:32_c:31_sp:3,none,relative,1.0,0.0001,5.0,p_inst:0,1.0,0.0,1,31,0,p,m,gr,32,3,q
pname:p_inst:0_ptype:gr_usecol:q_pstyle:m_r:31_c:59_sp:3,none,relative,1.0,0.0001,5.0,p_inst:0,1.0,0.0,1,59,0,p,m,gr,31,3,q
pname:p_inst:0_ptype:gr_usecol:q_pstyle:m_r:35_c:61_sp:3,none,relative,1.0,0.0001,5.0,p_inst:0,1.0,0.0,1,61,0,p,m,gr,35,3,q
pname:p_inst:0_ptype:gr_usecol:q_pstyle:m_r:43_c:61_sp:3,none,relative,1.0,0.0001,5.0,p_inst:0,1.0,0.0,1,61,0,p,m,gr,43,3,q
pname:p_inst:0_ptype:gr_usecol:q_pstyle:m_r:70_c:59_sp:4,none,relative,1.0,0.0001,5.0,p_inst:0,1.0,0.0,1,59,0,p,m,gr,70,4,q
pname:p_inst:0_ptype:gr_usecol:q_pstyle:m_r:37_c:34_sp:4,none,relative,1.0,0.0001,5.0,p_inst:0,1.0,0.0,1,34,0,p,m,gr,37,4,q
pname:p_inst:0_ptype:gr_usecol:q_pstyle:m_r:31_c:49_sp:4,none,relative,1.0,0.0001,5.0,p_inst:0,1.0,0.0,1,49,0,p,m,gr,31,4,q
pname:p_inst:0_ptype:gr_usecol:q_pstyle:m_r:77_c:44_sp:4,none,relative,1.0,0.0001,5.0,p_inst:0,1.0,0.0,1,44,0,p,m,gr,77,4,q
pname:p_inst:0_ptype:gr_usecol:q_pstyle:m_r:47_c:49_sp:4,none,relative,1.0,0.0001,5.0,p_inst:0,1.0,0.0,1,49,0,p,m,gr,47,4,q
pname:p_inst:0_ptype:gr_usecol:q_pstyle:m_r:45_c:51_sp:4,none,relative,1.0,0.0001,5.0,p_inst:0,1.0,0.0,1,51,0,p,m,gr,45,4,q
pname:p_inst:0_ptype:gr_usecol:q_pstyle:m_r:44_c:39_sp:4,none,relative,1.0,0.0001,5.0,p_inst:0,1.0,0.0,1,39,0,p,m,gr,44,4,q
pname:p_inst:0_ptype:gr_usecol:q_pstyle:m_r:38_c:59_sp:4,none,relative,1.0,0.0001,5.0,p_inst:0,1.0,0.0,1,59,0,p,m,gr,38,4,q
pname:p_inst:0_ptype:gr_usecol:q_pstyle:m_r:77_c:34_sp:4,none,relative,1.0,0.0001,5.0,p_inst:0,1.0,0.0,1,34,0,p,m,gr,77,4,q
pname:p_inst:0_ptype:gr_usecol:q_pstyle:m_r:36_c:47_sp:4,none,relative,1.0,0.0001,5.0,p_inst:0,1.0,0.0,1,47,0,p,m,gr,36,4,q
pname:p_inst:0_ptype:gr_usecol:q_pstyle:m_r:73_c:39_sp:4,none,relative,1.0,0.0001,5.0,p_inst:0,1.0,0.0,1,39,0,p,m,gr,73,4,q
pname:p_inst:0_ptype:gr_usecol:q_pstyle:m_r:77_c:42_sp:4,none,relative,1.0,0.0001,5.0,p_inst:0,1.0,0.0,1,42,0,p,m,gr,77,4,q
pname:p_inst:0_ptype:gr_usecol:q_pstyle:m_r:64_c:58_sp:4,none,relative,1.0,0.0001,5.0,p_inst:0,1.0,0.0,1,58,0,p,m,gr,64,4,q
pname:p_inst:0_ptype:gr_usecol:q_pstyle:m_r:35_c:48_sp:4,none,relative,1.0,0.0001,5.0,p_inst:0,1.0,0.0,1,48,0,p,m,gr,35,4,q
pname:p_inst:0_ptype:gr_usecol:q_pstyle:m_r:67_c:55_sp:4,none,relative,1.0,0.0001,5.0,p_inst:0,1.0,0.0,1,55,0,p,m,gr,67,4,q
pname:p_inst:0_ptype:gr_usecol:q_pstyle:m_r:57_c:30_sp:4,none,relative,1.0,0.0001,5.0,p_inst:0,1.0,0.0,1,30,0,p,m,gr,57,4,q
pname:p_inst:0_ptype:gr_usecol:q_pstyle:m_r:32_c:31_sp:4,none,relative,1.0,0.0001,5.0,p_inst:0,1.0,0.0,1,31,0,p,m,gr,32,4,q
pname:p_inst:0_ptype:gr_usecol:q_pstyle:m_r:31_c:59_sp:4,none,relative,1.0,0.0001,5.0,p_inst:0,1.0,0.0,1,59,0,p,m,gr,31,4,q
pname:p_inst:0_ptype:gr_usecol:q_pstyle:m_r:35_c:61_sp:4,none,relative,1.0,0.0001,5.0,p_inst:0,1.0,0.0,1,61,0,p,m,gr,35,4,q
pname:p_inst:0_ptype:gr_usecol:q_pstyle:m_r:43_c:61_sp:4,none,relative,1.0,0.0001,5.0,p_inst:0,1.0,0.0,1,61,0,p,m,gr,43,4,q
pname:p_inst:0_ptype:gr_usecol:q_pstyle:m_r:70_c:59_sp:5,none,relative,1.0,0.0001,5.0,p_inst:0,1.0,0.0,1,59,0,p,m,gr,70,5,q
pname:p_inst:0_ptype:gr_usecol:q_pstyle:m_r:37_c:34_sp:5,none,relative,1.0,0.0001,5.0,p_inst:0,1.0,0.0,1,34,0,p,m,gr,37,5,q
pname:p_inst:0_ptype:gr_usecol:q_pstyle:m_r:31_c:49_sp:5,none,relative,1.0,0.0001,5.0,p_inst:0,1.0,0.0,1,49,0,p,m,gr,31,5,q
pname:p_inst:0_ptype:gr_usecol:q_pstyle:m_r:77_c:44_sp:5,none,relative,1.0,0.0001,5.0,p_inst:0,1.0,0.0,1,44,0,p,m,gr,77,5,q
pname:p_inst:0_ptype:gr_usecol:q_pstyle:m_r:47_c:49_sp:5,none,relative,1.0,0.0001,5.0,p_inst:0,1.0,0.0,1,49,0,p,m,gr,47,5,q
pname:p_inst:0_ptype:gr_usecol:q_pstyle:m_r:45_c:51_sp:5,none,relative,1.0,0.0001,5.0,p_inst:0,1.0,0.0,1,51,0,p,m,gr,45,5,q
pname:p_inst:0_ptype:gr_usecol:q_pstyle:m_r:44_c:39_sp:5,none,relative,1.0,0.0001,5.0,p_inst:0,1.0,0.0,1,39,0,p,m,gr,44,5,q
pname:p_inst:0_ptype:gr_usecol:q_pstyle:m_r:38_c:59_sp:5,none,relative,1.0,0.0001,5.0,p_inst:0,1.0,0.0,1,59,0,p,m,gr,38,5,q
pname:p_inst:0_ptype:gr_usecol:q_pstyle:m_r:77_c:34_sp:5,none,relative,1.0,0.0001,5.0,p_inst:0,1.0,0.0,1,34,0,p,m,gr,77,5,q
pname:p_inst:0_ptype:gr_usecol:q_pstyle:m_r:36_c:47_sp:5,none,relative,1.0,0.0001,5.0,p_inst:0,1.0,0.0,1,47,0,p,m,gr,36,5,q
pname:p_inst:0_ptype:gr_usecol:q_pstyle:m_r:73_c:39_sp:5,none,relative,1.0,0.0001,5.0,p_inst:0,1.0,0.0,1,39,0,p,m,gr,73,5,q
pname:p_inst:0_ptype:gr_usecol:q_pstyle:m_r:77_c:42_sp:5,none,relative,1.0,0.0001,5.0,p_inst:0,1.0,0.0,1,42,0,p,m,gr,77,5,q
pname:p_inst:0_ptype:gr_usecol:q_pstyle:m_r:64_c:58_sp:5,none,relative,1.0,0.0001,5.0,p_inst:0,1.0,0.0,1,58,0,p,m,gr,64,5,q
pname:p_inst:0_ptype:gr_usecol:q_pstyle:m_r:35_c:48_sp:5,none,relative,1.0,0.0001,5.0,p_inst:0,1.0,0.0,1,48,0,p,m,gr,35,5,q
pname:p_inst:0_ptype:gr_usecol:q_pstyle:m_r:67_c:55_sp:5,none,relative,1.0,0.0001,5.0,p_inst:0,1.0,0.0,1,55,0,p,m,gr,67,5,q
pname:p_inst:0_ptype:gr_usecol:q_pstyle:m_r:57_c:30_sp:5,none,relative,1.0,0.0001,5.0,p_inst:0,1.0,0.0,1,30,0,p,m,gr,57,5,q
pname:p_inst:0_ptype:gr_usecol:q_pstyle:m_r:32_c:31_sp:5,none,relative,1.0,0.0001,5.0,p_inst:0,1.0,0.0,1,31,0,p,m,gr,32,5,q
pname:p_inst:0_ptype:gr_usecol:q_pstyle:m_r:31_c:59_sp:5,none,relative,1.0,0.0001,5.0,p_inst:0,1.0,0.0,1,59,0,p,m,gr,31,5,q
pname:p_inst:0_ptype:gr_usecol:q_pstyle:m_r:35_c:61_sp:5,none,relative,1.0,0.0001,5.0,p_inst:0,1.0,0.0,1,61,0,p,m,gr,35,5,q
pname:p_inst:0_ptype:gr_usecol:q_pstyle:m_r:43_c:61_sp:5,none,relative,1.0,0.0001,5.0,p_inst:0,1.0,0.0,1,61,0,p,m,gr,43,5,q
pname:p_inst:0_ptype:gr_usecol:q_pstyle:m_r:70_c:59_sp:6,none,relative,1.0,0.0001,5.0,p_inst:0,1.0,0.0,1,59,0,p,m,gr,70,6,q
pname:p_inst:0_ptype:gr_usecol:q_pstyle:m_r:37_c:34_sp:6,none,relative,1.0,0.0001,5.0,p_inst:0,1.0,0.0,1,34,0,p,m,gr,37,6,q
pname:p_inst:0_ptype:gr_usecol:q_pstyle:m_r:31_c:49_sp:6,none,relative,1.0,0.0001,5.0,p_inst:0,1.0,0.0,1,49,0,p,m,gr,31,6,q
pname:p_inst:0_ptype:gr_usecol:q_pstyle:m_r:77_c:44_sp:6,none,relative,1.0,0.0001,5.0,p_inst:0,1.0,0.0,1,44,0,p,m,gr,77,6,q
pname:p_inst:0_ptype:gr_usecol:q_pstyle:m_r:47_c:49_sp:6,none,relative,1.0,0.0001,5.0,p_inst:0,1.0,0.0,1,49,0,p,m,gr,47,6,q
pname:p_inst:0_ptype:gr_usecol:q_pstyle:m_r:45_c:51_sp:6,none,relative,1.0,0.0001,5.0,p_inst:0,1.0,0.0,1,51,0,p,m,gr,45,6,q
pname:p_inst:0_ptype:gr_usecol:q_pstyle:m_r:44_c:39_sp:6,none,relative,1.0,0.0001,5.0,p_inst:0,1.0,0.0,1,39,0,p,m,gr,44,6,q
pname:p_inst:0_ptype:gr_usecol:q_pstyle:m_r:38_c:59_sp:6,none,relative,1.0,0.0001,5.0,p_inst:0,1.0,0.0,1,59,0,p,m,gr,38,6,q
pname:p_inst:0_ptype:gr_usecol:q_pstyle:m_r:77_c:34_sp:6,none,relative,1.0,0.0001,5.0,p_inst:0,1.0,0.0,1,34,0,p,m,gr,77,6,q
pname:p_inst:0_ptype:gr_usecol:q_pstyle:m_r:36_c:47_sp:6,none,relative,1.0,0.0001,5.0,p_inst:0,1.0,0.0,1,47,0,p,m,gr,36,6,q
pname:p_inst:0_ptype:gr_usecol:q_pstyle:m_r:73_c:39_sp:6,none,relative,1.0,0.0001,5.0,p_inst:0,1.0,0.0,1,39,0,p,m,gr,73,6,q
pname:p_inst:0_ptype:gr_usecol:q_pstyle:m_r:77_c:42_sp:6,none,relative,1.0,0.0001,5.0,p_inst:0,1.0,0.0,1,42,0,p,m,gr,77,6,q
pname:p_inst:0_ptype:gr_usecol:q_pstyle:m_r:64_c:58_sp:6,none,relative,1.0,0.0001,5.0,p_inst:0,1.0,0.0,1,58,0,p,m,gr,64,6,q
pname:p_inst:0_ptype:gr_usecol:q_pstyle:m_r:35_c:48_sp:6,none,relative,1.0,0.0001,5.0,p_inst:0,1.0,0.0,1,48,0,p,m,gr,35,6,q
pname:p_inst:0_ptype:gr_usecol:q_pstyle:m_r:67_c:55_sp:6,none,relative,1.0,0.0001,5.0,p_inst:0,1.0,0.0,1,55,0,p,m,gr,67,6,q
pname:p_inst:0_ptype:gr_usecol:q_pstyle:m_r:57_c:30_sp:6,none,relative,1.0,0.0001,5.0,p_inst:0,1.0,0.0,1,30,0,p,m,gr,57,6,q
pname:p_inst:0_ptype:gr_usecol:q_pstyle:m_r:32_c:31_sp:6,none,relative,1.0,0.0001,5.0,p_inst:0,1.0,0.0,1,31,0,p,m,gr,32,6,q
pname:p_inst:0_ptype:gr_usecol:q_pstyle:m_r:31_c:59_sp:6,none,relative,1.0,0.0001,5.0,p_inst:0,1.0,0.0,1,59,0,p,m,gr,31,6,q
pname:p_inst:0_ptype:gr_usecol:q_pstyle:m_r:35_c:61_sp:6,none,relative,1.0,0.0001,5.0,p_inst:0,1.0,0.0,1,61,0,p,m,gr,35,6,q
pname:p_inst:0_ptype:gr_usecol:q_pstyle:m_r:43_c:61_sp:6,none,relative,1.0,0.0001,5.0,p_inst:0,1.0,0.0,1,61,0,p,m,gr,43,6,q
pname:p_inst:0_ptype:gr_usecol:q_pstyle:m_r:70_c:59_sp:7,none,relative,1.0,0.0001,5.0,p_inst:0,1.0,0.0,1,59,0,p,m,gr,70,7,q
pname:p_inst:0_ptype:gr_usecol:q_pstyle:m_r:37_c:34_sp:7,none,relative,1.0,0.0001,5.0,p_inst:0,1.0,0.0,1,34,0,p,m,gr,37,7,q
pname:p_inst:0_ptype:gr_usecol:q_pstyle:m_r:31_c:49_sp:7,none,relative,1.0,0.0001,5.0,p_inst:0,1.0,0.0,1,49,0,p,m,gr,31,7,q
pname:p_inst:0_ptype:gr_usecol:q_pstyle:m_r:77_c:44_sp:7,none,relative,1.0,0.0001,5.0,p_inst:0,1.0,0.0,1,44,0,p,m,gr,77,7,q
pname:p_inst:0_ptype:gr_usecol:q_pstyle:m_r:47_c:49_sp:7,none,relative,1.0,0.0001,5.0,p_inst:0,1.0,0.0,1,49,0,p,m,gr,47,7,q
pname:p_inst:0_ptype:gr_usecol:q_pstyle:m_r:45_c:51_sp:7,none,relative,1.0,0.0001,5.0,p_inst:0,1.0,0.0,1,51,0,p,m,gr,45,7,q
pname:p_inst:0_ptype:gr_usecol:q_pstyle:m_r:44_c:39_sp:7,none,relative,1.0,0.0001,5.0,p_inst:0,1.0,0.0,1,39,0,p,m,gr,44,7,q
pname:p_inst:0_ptype:gr_usecol:q_pstyle:m_r:38_c:59_sp:7,none,relative,1.0,0.0001,5.0,p_inst:0,1.0,0.0,1,59,0,p,m,gr,38,7,q
pname:p_inst:0_ptype:gr_usecol:q_pstyle:m_r:77_c:34_sp:7,none,relative,1.0,0.0001,5.0,p_inst:0,1.0,0.0,1,34,0,p,m,gr,77,7,q
pname:p_inst:0_ptype:gr_usecol:q_pstyle:m_r:36_c:47_sp:7,none,relative,1.0,0.0001,5.0,p_inst:0,1.0,0.0,1,47,0,p,m,gr,36,7,q
pname:p_inst:0_ptype:gr_usecol:q_pstyle:m_r:73_c:39_sp:7,none,relative,1.0,0.0001,5.0,p_inst:0,1.0,0.0,1,39,0,p,m,gr,73,7,q
pname:p_inst:0_ptype:gr_usecol:q_pstyle:m_r:77_c:42_sp:7,none,relative,1.0,0.0001,5.0,p_inst:0,1.0,0.0,1,42,0,p,m,gr,77,7,q
pname:p_inst:0_ptype:gr_usecol:q_pstyle:m_r:64_c:58_sp:7,none,relative,1.0,0.0001,5.0,p_inst:0,1.0,0.0,1,58,0,p,m,gr,64,7,q
pname:p_inst:0_ptype:gr_usecol:q_pstyle:m_r:35_c:48_sp:7,none,relative,1.0,0.0001,5.0,p_inst:0,1.0,0.0,1,48,0,p,m,gr,35,7,q
pname:p_inst:0_ptype:gr_usecol:q_pstyle:m_r:67_c:55_sp:7,none,relative,1.0,0.0001,5.0,p_inst:0,1.0,0.0,1,55,0,p,m,gr,67,7,q
pname:p_inst:0_ptype:gr_usecol:q_pstyle:m_r:57_c:30_sp:7,none,relative,1.0,0.0001,5.0,p_inst:0,1.0,0.0,1,30,0,p,m,gr,57,7,q
pname:p_inst:0_ptype:gr_usecol:q_pstyle:m_r:32_c:31_sp:7,none,relative,1.0,0.0001,5.0,p_inst:0,1.0,0.0,1,31,0,p,m,gr,32,7,q
pname:p_inst:0_ptype:gr_usecol:q_pstyle:m_r:31_c:59_sp:7,none,relative,1.0,0.0001,5.0,p_inst:0,1.0,0.0,1,59,0,p,m,gr,31,7,q
pname:p_inst:0_ptype:gr_usecol:q_pstyle:m_r:35_c:61_sp:7,none,relative,1.0,0.0001,5.0,p_inst:0,1.0,0.0,1,61,0,p,m,gr,35,7,q
pname:p_inst:0_ptype:gr_usecol:q_pstyle:m_r:43_c:61_sp:7,none,relative,1.0,0.0001,5.0,p_inst:0,1.0,0.0,1,61,0,p,m,gr,43,7,q
pname:p_inst:0_ptype:gr_usecol:q_pstyle:m_r:70_c:59_sp:8,none,relative,1.0,0.0001,5.0,p_inst:0,1.0,0.0,1,59,0,p,m,gr,70,8,q
pname:p_inst:0_ptype:gr_usecol:q_pstyle:m_r:37_c:34_sp:8,none,relative,1.0,0.0001,5.0,p_inst:0,1.0,0.0,1,34,0,p,m,gr,37,8,q
pname:p_inst:0_ptype:gr_usecol:q_pstyle:m_r:31_c:49_sp:8,none,relative,1.0,0.0001,5.0,p_inst:0,1.0,0.0,1,49,0,p,m,gr,31,8,q
pname:p_inst:0_ptype:gr_usecol:q_pstyle:m_r:77_c:44_sp:8,none,relative,1.0,0.0001,5.0,p_inst:0,1.0,0.0,1,44,0,p,m,gr,77,8,q
pname:p_inst:0_ptype:gr_usecol:q_pstyle:m_r:47_c:49_sp:8,none,relative,1.0,0.0001,5.0,p_inst:0,1.0,0.0,1,49,0,p,m,gr,47,8,q
pname:p_inst:0_ptype:gr_usecol:q_pstyle:m_r:45_c:51_sp:8,none,relative,1.0,0.0001,5.0,p_inst:0,1.0,0.0,1,51,0,p,m,gr,45,8,q
pname:p_inst:0_ptype:gr_usecol:q_pstyle:m_r:44_c:39_sp:8,none,relative,1.0,0.0001,5.0,p_inst:0,1.0,0.0,1,39,0,p,m,gr,44,8,q
pname:p_inst:0_ptype:gr_usecol:q_pstyle:m_r:38_c:59_sp:8,none,relative,1.0,0.0001,5.0,p_inst:0,1.0,0.0,1,59,0,p,m,gr,38,8,q
pname:p_inst:0_ptype:gr_usecol:q_pstyle:m_r:77_c:34_sp:8,none,relative,1.0,0.0001,5.0,p_inst:0,1.0,0.0,1,34,0,p,m,gr,77,8,q
pname:p_inst:0_ptype:gr_usecol:q_pstyle:m_r:36_c:47_sp:8,none,relative,1.0,0.0001,5.0,p_inst:0,1.0,0.0,1,47,0,p,m,gr,36,8,q
pname:p_inst:0_ptype:gr_usecol:q_pstyle:m_r:73_c:39_sp:8,none,relative,1.0,0.0001,5.0,p_inst:0,1.0,0.0,1,39,0,p,m,gr,73,8,q
pname:p_inst:0_ptype:gr_usecol:q_pstyle:m_r:77_c:42_sp:8,none,relative,1.0,0.0001,5.0,p_inst:0,1.0,0.0,1,42,0,p,m,gr,77,8,q
pname:p_inst:0_ptype:gr_usecol:q_pstyle:m_r:64_c:58_sp:8,none,relative,1.0,0.0001,5.0,p_inst:0,1.0,0.0,1,58,0,p,m,gr,64,8,q
pname:p_inst:0_ptype:gr_usecol:q_pstyle:m_r:35_c:48_sp:8,none,relative,1.0,0.0001,5.0,p_inst:0,1.0,0.0,1,48,0,p,m,gr,35,8,q
pname:p_inst:0_ptype:gr_usecol:q_pstyle:m_r:67_c:55_sp:8,none,relative,1.0,0.0001,5.0,p_inst:0,1.0,0.0,1,55,0,p,m,gr,67,8,q
pname:p_inst:0_ptype:gr_usecol:q_pstyle:m_r:57_c:30_sp:8,none,relative,1.0,0.0001,5.0,p_inst:0,1.0,0.0,1,30,0,p,m,gr,57,8,q
pname:p_inst:0_ptype:gr_usecol:q_pstyle:m_r:32_c:31_sp:8,none,relative,1.0,0.0001,5.0,p_inst:0,1.0,0.0,1,31,0,p,m,gr,32,8,q
pname:p_inst:0_ptype:gr_usecol:q_pstyle:m_r:31_c:59_sp:8,none,relative,1.0,0.0001,5.0,p_inst:0,1.0,0.0,1,59,0,p,m,gr,31,8,q
pname:p_inst:0_ptype:gr_usecol:q_pstyle:m_r:35_c:61_sp:8,none,relative,1.0,0.0001,5.0,p_inst:0,1.0,0.0,1,61,0,p,m,gr,35,8,q
pname:p_inst:0_ptype:gr_usecol:q_pstyle:m_r:43_c:61_sp:8,none,relative,1.0,0.0001,5.0,p_inst:0,1.0,0.0,1,61,0,p,m,gr,43,8,q
pname:p_inst:0_ptype:gr_usecol:q_pstyle:m_r:70_c:59_sp:9,none,relative,1.0,0.0001,5.0,p_inst:0,1.0,0.0,1,59,0,p,m,gr,70,9,q
pname:p_inst:0_ptype:gr_usecol:q_pstyle:m_r:37_c:34_sp:9,none,relative,1.0,0.0001,5.0,p_inst:0,1.0,0.0,1,34,0,p,m,gr,37,9,q
pname:p_inst:0_ptype:gr_usecol:q_pstyle:m_r:31_c:49_sp:9,none,relative,1.0,0.0001,5.0,p_inst:0,1.0,0.0,1,49,0,p,m,gr,31,9,q
pname:p_inst:0_ptype:gr_usecol:q_pstyle:m_r:77_c:44_sp:9,none,relative,1.0,0.0001,5.0,p_inst:0,1.0,0.0,1,44,0,p,m,gr,77,9,q
pname:p_inst:0_ptype:gr_usecol:q_pstyle:m_r:47_c:49_sp:9,none,relative,1.0,0.0001,5.0,p_inst:0,1.0,0.0,1,49,0,p,m,gr,47,9,q
pname:p_inst:0_ptype:gr_usecol:q_pstyle:m_r:45_c:51_sp:9,none,relative,1.0,0.0001,5.0,p_inst:0,1.0,0.0,1,51,0,p,m,gr,45,9,q
pname:p_inst:0_ptype:gr_usecol:q_pstyle:m_r:44_c:39_sp:9,none,relative,1.0,0.0001,5.0,p_inst:0,1.0,0.0,1,39,0,p,m,gr,44,9,q
pname:p_inst:0_ptype:gr_usecol:q_pstyle:m_r:38_c:59_sp:9,none,relative,1.0,0.0001,5.0,p_inst:0,1.0,0.0,1,59,0,p,m,gr,38,9,q
pname:p_inst:0_ptype:gr_usecol:q_pstyle:m_r:77_c:34_sp:9,none,relative,1.0,0.0001,5.0,p_inst:0,1.0,0.0,1,34,0,p,m,gr,77,9,q
pname:p_inst:0_ptype:gr_usecol:q_pstyle:m_r:36_c:47_sp:9,none,relative,1.0,0.0001,5.0,p_inst:0,1.0,0.0,1,47,0,p,m,gr,36,9,q
pname:p_inst:0_ptype:gr_usecol:q_pstyle:m_r:73_c:39_sp:9,none,relative,1.0,0.0001,5.0,p_inst:0,1.0,0.0,1,39,0,p,m,gr,73,9,q
pname:p_inst:0_ptype:gr_usecol:q_pstyle:m_r:77_c:42_sp:9,none,relative,1.0,0.0001,5.0,p_inst:0,1.0,0.0,1,42,0,p,m,gr,77,9,q
pname:p_inst:0_ptype:gr_usecol:q_pstyle:m_r:64_c:58_sp:9,none,relative,1.0,0.0001,5.0,p_inst:0,1.0,0.0,1,58,0,p,m,gr,64,9,q
pname:p_inst:0_ptype:gr_usecol:q_pstyle:m_r:35_c:48_sp:9,none,relative,1.0,0.0001,5.0,p_inst:0,1.0,0.0,1,48,0,p,m,gr,35,9,q
pname:p_inst:0_ptype:gr_usecol:q_pstyle:m_r:67_c:55_sp:9,none,relative,1.0,0.0001,5.0,p_inst:0,1.0,0.0,1,55,0,p,m,gr,67,9,q
pname:p_inst:0_ptype:gr_usecol:q_pstyle:m_r:57_c:30_sp:9,none,relative,1.0,0.0001,5.0,p_inst:0,1.0,0.0,1,30,0,p,m,gr,57,9,q
pname:p_inst:0_ptype:gr_usecol:q_pstyle:m_r:32_c:31_sp:9,none,relative,1.0,0.0001,5.0,p_inst:0,1.0,0.0,1,31,0,p,m,gr,32,9,q
pname:p_inst:0_ptype:gr_usecol:q_pstyle:m_r:31_c:59_sp:9,none,relative,1.0,0.0001,5.0,p_inst:0,1.0,0.0,1,59,0,p,m,gr,31,9,q
pname:p_inst:0_ptype:gr_usecol:q_pstyle:m_r:35_c:61_sp:9,none,relative,1.0,0.0001,5.0,p_inst:0,1.0,0.0,1,61,0,p,m,gr,35,9,q
pname:p_inst:0_ptype:gr_usecol:q_pstyle:m_r:43_c:61_sp:9,none,relative,1.0,0.0001,5.0,p_inst:0,1.0,0.0,1,61,0,p,m,gr,43,9,q
pname:p_inst:0_ptype:gr_usecol:q_pstyle:m_r:70_c:59_sp:10,none,relative,1.0,0.0001,5.0,p_inst:0,1.0,0.0,1,59,0,p,m,gr,70,10,q
pname:p_inst:0_ptype:gr_usecol:q_pstyle:m_r:37_c:34_sp:10,none,relative,1.0,0.0001,5.0,p_inst:0,1.0,0.0,1,34,0,p,m,gr,37,10,q
pname:p_inst:0_ptype:gr_usecol:q_pstyle:m_r:31_c:49_sp:10,none,relative,1.0,0.0001,5.0,p_inst:0,1.0,0.0,1,49,0,p,m,gr,31,10,q
pname:p_inst:0_ptype:gr_usecol:q_pstyle:m_r:77_c:44_sp:10,none,relative,1.0,0.0001,5.0,p_inst:0,1.0,0.0,1,44,0,p,m,gr,77,10,q
pname:p_inst:0_ptype:gr_usecol:q_pstyle:m_r:47_c:49_sp:10,none,relative,1.0,0.0001,5.0,p_inst:0,1.0,0.0,1,49,0,p,m,gr,47,10,q
pname:p_inst:0_ptype:gr_usecol:q_pstyle:m_r:45_c:51_sp:10,none,relative,1.0,0.0001,5.0,p_inst:0,1.0,0.0,1,51,0,p,m,gr,45,10,q
pname:p_inst:0_ptype:gr_usecol:q_pstyle:m_r:44_c:39_sp:10,none,relative,1.0,0.0001,5.0,p_inst:0,1.0,0.0,1,39,0,p,m,gr,44,10,q
pname:p_inst:0_ptype:gr_usecol:q_pstyle:m_r:38_c:59_sp:10,none,relative,1.0,0.0001,5.0,p_inst:0,1.0,0.0,1,59,0,p,m,gr,38,10,q
pname:p_inst:0_ptype:gr_usecol:q_pstyle:m_r:77_c:34_sp:10,none,relative,1.0,0.0001,5.0,p_inst:0,1.0,0.0,1,34,0,p,m,gr,77,10,q
pname:p_inst:0_ptype:gr_usecol:q_pstyle:m_r:36_c:47_sp:10,none,relative,1.0,0.0001,5.0,p_inst:0,1.0,0.0,1,47,0,p,m,gr,36,10,q
pname:p_inst:0_ptype:gr_usecol:q_pstyle:m_r:73_c:39_sp:10,none,relative,1.0,0.0001,5.0,p_inst:0,1.0,0.0,1,39,0,p,m,gr,73,10,q
pname:p_inst:0_ptype:gr_usecol:q_pstyle:m_r:77_c:42_sp:10,none,relative,1.0,0.0001,5.0,p_inst:0,1.0,0.0,1,42,0,p,m,gr,77,10,q
pname:p_inst:0_ptype:gr_usecol:q_pstyle:m_r:64_c:58_sp:10,none,relative,1.0,0.0001,5.0,p_inst:0,1.0,0.0,1,58,0,p,m,gr,64,10,q
pname:p_inst:0_ptype:gr_usecol:q_pstyle:m_r:35_c:48_sp:10,none,relative,1.0,0.0001,5.0,p_inst:0,1.0,0.0,1,48,0,p,m,gr,35,10,q
pname:p_inst:0_ptype:gr_usecol:q_pstyle:m_r:67_c:55_sp:10,none,relative,1.0,0.0001,5.0,p_inst:0,1.0,0.0,1,55,0,p,m,gr,67,10,q
pname:p_inst:0_ptype:gr_usecol:q_pstyle:m_r:57_c:30_sp:10,none,relative,1.0,0.0001,5.0,p_inst:0,1.0,0.0,1,30,0,p,m,gr,57,10,q
pname:p_inst:0_ptype:gr_usecol:q_pstyle:m_r:32_c:31_sp:10,none,relative,1.0,0.0001,5.0,p_inst:0,1.0,0.0,1,31,0,p,m,gr,32,10,q
pname:p_inst:0_ptype:gr_usecol:q_pstyle:m_r:31_c:59_sp:10,none,relative,1.0,0.0001,5.0,p_inst:0,1.0,0.0,1,59,0,p,m,gr,31,10,q
pname:p_inst:0_ptype:gr_usecol:q_pstyle:m_r:35_c:61_sp:10,none,relative,1.0,0.0001,5.0,p_inst:0,1.0,0.0,1,61,0,p,m,gr,35,10,q
pname:p_inst:0_ptype:gr_usecol:q_pstyle:m_r:43_c:61_sp:10,none,relative,1.0,0.0001,5.0,p_inst:0,1.0,0.0,1,61,0,p,m,gr,43,10,q
pname:p_inst:0_ptype:gr_usecol:q_pstyle:m_r:70_c:59_sp:11,none,relative,1.0,0.0001,5.0,p_inst:0,1.0,0.0,1,59,0,p,m,gr,70,11,q
pname:p_inst:0_ptype:gr_usecol:q_pstyle:m_r:37_c:34_sp:11,none,relative,1.0,0.0001,5.0,p_inst:0,1.0,0.0,1,34,0,p,m,gr,37,11,q
pname:p_inst:0_ptype:gr_usecol:q_pstyle:m_r:31_c:49_sp:11,none,relative,1.0,0.0001,5.0,p_inst:0,1.0,0.0,1,49,0,p,m,gr,31,11,q
pname:p_inst:0_ptype:gr_usecol:q_pstyle:m_r:77_c:44_sp:11,none,relative,1.0,0.0001,5.0,p_inst:0,1.0,0.0,1,44,0,p,m,gr,77,11,q
pname:p_inst:0_ptype:gr_usecol:q_pstyle:m_r:47_c:49_sp:11,none,relative,1.0,0.0001,5.0,p_inst:0,1.0,0.0,1,49,0,p,m,gr,47,11,q
pname:p_inst:0_ptype:gr_usecol:q_pstyle:m_r:45_c:51_sp:11,none,relative,1.0,0.0001,5.0,p_inst:0,1.0,0.0,1,51,0,p,m,gr,45,11,q
pname:p_inst:0_ptype:gr_usecol:q_pstyle:m_r:44_c:39_sp:11,none,relative,1.0,0.0001,5.0,p_inst:0,1.0,0.0,1,39,0,p,m,gr,44,11,q
pname:p_inst:0_ptype:gr_usecol:q_pstyle:m_r:38_c:59_sp:11,none,relative,1.0,0.0001,5.0,p_inst:0,1.0,0.0,1,59,0,p,m,gr,38,11,q
pname:p_inst:0_ptype:gr_usecol:q_pstyle:m_r:77_c:34_sp:11,none,relative,1.0,0.0001,5.0,p_inst:0,1.0,0.0,1,34,0,p,m,gr,77,11,q
pname:p_inst:0_ptype:gr_usecol:q_pstyle:m_r:36_c:47_sp:11,none,relative,1.0,0.0001,5.0,p_inst:0,1.0,0.0,1,47,0,p,m,gr,36,11,q
pname:p_inst:0_ptype:gr_usecol:q_pstyle:m_r:73_c:39_sp:11,none,relative,1.0,0.0001,5.0,p_inst:0,1.0,0.0,1,39,0,p,m,gr,73,11,q
pname:p_inst:0_ptype:gr_usecol:q_pstyle:m_r:77_c:42_sp:11,none,relative,1.0,0.0001,5.0,p_inst:0,1.0,0.0,1,42,0,p,m,gr,77,11,q
pname:p_inst:0_ptype:gr_usecol:q_pstyle:m_r:64_c:58_sp:11,none,relative,1.0,0.0001,5.0,p_inst:0,1.0,0.0,1,58,0,p,m,gr,64,11,q
pname:p_inst:0_ptype:gr_usecol:q_pstyle:m_r:35_c:48_sp:11,none,relative,1.0,0.0001,5.0,p_inst:0,1.0,0.0,1,48,0,p,m,gr,35,11,q
pname:p_inst:0_ptype:gr_usecol:q_pstyle:m_r:67_c:55_sp:11,none,relative,1.0,0.0001,5.0,p_inst:0,1.0,0.0,1,55,0,p,m,gr,67,11,q
pname:p_inst:0_ptype:gr_usecol:q_pstyle:m_r:57_c:30_sp:11,none,relative,1.0,0.0001,5.0,p_inst:0,1.0,0.0,1,30,0,p,m,gr,57,11,q
pname:p_inst:0_ptype:gr_usecol:q_pstyle:m_r:32_c:31_sp:11,none,relative,1.0,0.0001,5.0,p_inst:0,1.0,0.0,1,31,0,p,m,gr,32,11,q
pname:p_inst:0_ptype:gr_usecol:q_pstyle:m_r:31_c:59_sp:11,none,relative,1.0,0.0001,5.0,p_inst:0,1.0,0.0,1,59,0,p,m,gr,31,11,q
pname:p_inst:0_ptype:gr_usecol:q_pstyle:m_r:35_c:61_sp:11,none,relative,1.0,0.0001,5.0,p_inst:0,1.0,0.0,1,61,0,p,m,gr,35,11,q
pname:p_inst:0_ptype:gr_usecol:q_pstyle:m_r:43_c:61_sp:11,none,relative,1.0,0.0001,5.0,p_inst:0,1.0,0.0,1,61,0,p,m,gr,43,11,q
pname:p_inst:0_ptype:gr_usecol:q_pstyle:m_r:70_c:59_sp:12,none,relative,1.0,0.0001,5.0,p_inst:0,1.0,0.0,1,59,0,p,m,gr,70,12,q
pname:p_inst:0_ptype:gr_usecol:q_pstyle:m_r:37_c:34_sp:12,none,relative,1.0,0.0001,5.0,p_inst:0,1.0,0.0,1,34,0,p,m,gr,37,12,q
pname:p_inst:0_ptype:gr_usecol:q_pstyle:m_r:31_c:49_sp:12,none,relative,1.0,0.0001,5.0,p_inst:0,1.0,0.0,1,49,0,p,m,gr,31,12,q
pname:p_inst:0_ptype:gr_usecol:q_pstyle:m_r:77_c:44_sp:12,none,relative,1.0,0.0001,5.0,p_inst:0,1.0,0.0,1,44,0,p,m,gr,77,12,q
pname:p_inst:0_ptype:gr_usecol:q_pstyle:m_r:47_c:49_sp:12,none,relative,1.0,0.0001,5.0,p_inst:0,1.0,0.0,1,49,0,p,m,gr,47,12,q
pname:p_inst:0_ptype:gr_usecol:q_pstyle:m_r:45_c:51_sp:12,none,relative,1.0,0.0001,5.0,p_inst:0,1.0,0.0,1,51,0,p,m,gr,45,12,q
pname:p_inst:0_ptype:gr_usecol:q_pstyle:m_r:44_c:39_sp:12,none,relative,1.0,0.0001,5.0,p_inst:0,1.0,0.0,1,39,0,p,m,gr,44,12,q
pname:p_inst:0_ptype:gr_usecol:q_pstyle:m_r:38_c:59_sp:12,none,relative,1.0,0.0001,5.0,p_inst:0,1.0,0.0,1,59,0,p,m,gr,38,12,q
pname:p_inst:0_ptype:gr_usecol:q_pstyle:m_r:77_c:34_sp:12,none,relative,1.0,0.0001,5.0,p_inst:0,1.0,0.0,1,34,0,p,m,gr,77,12,q
pname:p_inst:0_ptype:gr_usecol:q_pstyle:m_r:36_c:47_sp:12,none,relative,1.0,0.0001,5.0,p_inst:0,1.0,0.0,1,47,0,p,m,gr,36,12,q
pname:p_inst:0_ptype:gr_usecol:q_pstyle:m_r:73_c:39_sp:12,none,relative,1.0,0.0001,5.0,p_inst:0,1.0,0.0,1,39,0,p,m,gr,73,12,q
pname:p_inst:0_ptype:gr_usecol:q_pstyle:m_r:77_c:42_sp:12,none,relative,1.0,0.0001,5.0,p_inst:0,1.0,0.0,1,42,0,p,m,gr,77,12,q
pname:p_inst:0_ptype:gr_usecol:q_pstyle:m_r:64_c:58_sp:12,none,relative,1.0,0.0001,5.0,p_inst:0,1.0,0.0,1,58,0,p,m,gr,64,12,q
pname:p_inst:0_ptype:gr_usecol:q_pstyle:m_r:35_c:48_sp:12,none,relative,1.0,0.0001,5.0,p_inst:0,1.0,0.0,1,48,0,p,m,gr,35,12,q
pname:p_inst:0_ptype:gr_usecol:q_pstyle:m_r:67_c:55_sp:12,none,relative,1.0,0.0001,5.0,p_inst:0,1.0,0.0,1,55,0,p,m,gr,67,12,q
pname:p_inst:0_ptype:gr_usecol:q_pstyle:m_r:57_c:30_sp:12,none,relative,1.0,0.0001,5.0,p_inst:0,1.0,0.0,1,30,0,p,m,gr,57,12,q
pname:p_inst:0_ptype:gr_usecol:q_pstyle:m_r:32_c:31_sp:12,none,relative,1.0,0.0001,5.0,p_inst:0,1.0,0.0,1,31,0,p,m,gr,32,12,q
pname:p_inst:0_ptype:gr_usecol:q_pstyle:m_r:31_c:59_sp:12,none,relative,1.0,0.0001,5.0,p_inst:0,1.0,0.0,1,59,0,p,m,gr,31,12,q
pname:p_inst:0_ptype:gr_usecol:q_pstyle:m_r:35_c:61_sp:12,none,relative,1.0,0.0001,5.0,p_inst:0,1.0,0.0,1,61,0,p,m,gr,35,12,q
pname:p_inst:0_ptype:gr_usecol:q_pstyle:m_r:43_c:61_sp:12,none,relative,1.0,0.0001,5.0,p_inst:0,1.0,0.0,1,61,0,p,m,gr,43,12,q
pname:p_inst:0_ptype:gr_usecol:q_pstyle:m_r:70_c:59_sp:13,none,relative,1.0,0.0001,5.0,p_inst:0,1.0,0.0,1,59,0,p,m,gr,70,13,q
pname:p_inst:0_ptype:gr_usecol:q_pstyle:m_r:37_c:34_sp:13,none,relative,1.0,0.0001,5.0,p_inst:0,1.0,0.0,1,34,0,p,m,gr,37,13,q
pname:p_inst:0_ptype:gr_usecol:q_pstyle:m_r:31_c:49_sp:13,none,relative,1.0,0.0001,5.0,p_inst:0,1.0,0.0,1,49,0,p,m,gr,31,13,q
pname:p_inst:0_ptype:gr_usecol:q_pstyle:m_r:77_c:44_sp:13,none,relative,1.0,0.0001,5.0,p_inst:0,1.0,0.0,1,44,0,p,m,gr,77,13,q
pname:p_inst:0_ptype:gr_usecol:q_pstyle:m_r:47_c:49_sp:13,none,relative,1.0,0.0001,5.0,p_inst:0,1.0,0.0,1,49,0,p,m,gr,47,13,q
pname:p_inst:0_ptype:gr_usecol:q_pstyle:m_r:45_c:51_sp:13,none,relative,1.0,0.0001,5.0,p_inst:0,1.0,0.0,1,51,0,p,m,gr,45,13,q
pname:p_inst:0_ptype:gr_usecol:q_pstyle:m_r:44_c:39_sp:13,none,relative,1.0,0.0001,5.0,p_inst:0,1.0,0.0,1,39,0,p,m,gr,44,13,q
pname:p_inst:0_ptype:gr_usecol:q_pstyle:m_r:38_c:59_sp:13,none,relative,1.0,0.0001,5.0,p_inst:0,1.0,0.0,1,59,0,p,m,gr,38,13,q
pname:p_inst:0_ptype:gr_usecol:q_pstyle:m_r:77_c:34_sp:13,none,relative,1.0,0.0001,5.0,p_inst:0,1.0,0.0,1,34,0,p,m,gr,77,13,q
pname:p_inst:0_ptype:gr_usecol:q_pstyle:m_r:36_c:47_sp:13,none,relative,1.0,0.0001,5.0,p_inst:0,1.0,0.0,1,47,0,p,m,gr,36,13,q
pname:p_inst:0_ptype:gr_usecol:q_pstyle:m_r:73_c:39_sp:13,none,relative,1.0,0.0001,5.0,p_inst:0,1.0,0.0,1,39,0,p,m,gr,73,13,q
pname:p_inst:0_ptype:gr_usecol:q_pstyle:m_r:77_c:42_sp:13,none,relative,1.0,0.0001,5.0,p_inst:0,1.0,0.0,1,42,0,p,m,gr,77,13,q
pname:p_inst:0_ptype:gr_usecol:q_pstyle:m_r:64_c:58_sp:13,none,relative,1.0,0.0001,5.0,p_inst:0,1.0,0.0,1,58,0,p,m,gr,64,13,q
pname:p_inst:0_ptype:gr_usecol:q_pstyle:m_r:35_c:48_sp:13,none,relative,1.0,0.0001,5.0,p_inst:0,1.0,0.0,1,48,0,p,m,gr,35,13,q
pname:p_inst:0_ptype:gr_usecol:q_pstyle:m_r:67_c:55_sp:13,none,relative,1.0,0.0001,5.0,p_inst:0,1.0,0.0,1,55,0,p,m,gr,67,13,q
pname:p_inst:0_ptype:gr_usecol:q_pstyle:m_r:57_c:30_sp:13,none,relative,1.0,0.0001,5.0,p_inst:0,1.0,0.0,1,30,0,p,m,gr,57,13,q
pname:p_inst:0_ptype:gr_usecol:q_pstyle:m_r:32_c:31_sp:13,none,relative,1.0,0.0001,5.0,p_inst:0,1.0,0.0,1,31,0,p,m,gr,32,13,q
pname:p_inst:0_ptype:gr_usecol:q_pstyle:m_r:31_c:59_sp:13,none,relative,1.0,0.0001,5.0,p_inst:0,1.0,0.0,1,59,0,p,m,gr,31,13,q
pname:p_inst:0_ptype:gr_usecol:q_pstyle:m_r:35_c:61_sp:13,none,relative,1.0,0.0001,5.0,p_inst:0,1.0,0.0,1,61,0,p,m,gr,35,13,q
pname:p_inst:0_ptype:gr_usecol:q_pstyle:m_r:43_c:61_sp:13,none,relative,1.0,0.0001,5.0,p_inst:0,1.0,0.0,1,61,0,p,m,gr,43,13,q
pname:p_inst:0_ptype:gr_usecol:q_pstyle:m_r:70_c:59_sp:14,none,relative,1.0,0.0001,5.0,p_inst:0,1.0,0.0,1,59,0,p,m,gr,70,14,q
pname:p_inst:0_ptype:gr_usecol:q_pstyle:m_r:37_c:34_sp:14,none,relative,1.0,0.0001,5.0,p_inst:0,1.0,0.0,1,34,0,p,m,gr,37,14,q
pname:p_inst:0_ptype:gr_usecol:q_pstyle:m_r:31_c:49_sp:14,none,relative,1.0,0.0001,5.0,p_inst:0,1.0,0.0,1,49,0,p,m,gr,31,14,q
pname:p_inst:0_ptype:gr_usecol:q_pstyle:m_r:77_c:44_sp:14,none,relative,1.0,0.0001,5.0,p_inst:0,1.0,0.0,1,44,0,p,m,gr,77,14,q
pname:p_inst:0_ptype:gr_usecol:q_pstyle:m_r:47_c:49_sp:14,none,relative,1.0,0.0001,5.0,p_inst:0,1.0,0.0,1,49,0,p,m,gr,47,14,q
pname:p_inst:0_ptype:gr_usecol:q_pstyle:m_r:45_c:51_sp:14,none,relative,1.0,0.0001,5.0,p_inst:0,1.0,0.0,1,51,0,p,m,gr,45,14,q
pname:p_inst:0_ptype:gr_usecol:q_pstyle:m_r:44_c:39_sp:14,none,relative,1.0,0.0001,5.0,p_inst:0,1.0,0.0,1,39,0,p,m,gr,44,14,q
pname:p_inst:0_ptype:gr_usecol:q_pstyle:m_r:38_c:59_sp:14,none,relative,1.0,0.0001,5.0,p_inst:0,1.0,0.0,1,59,0,p,m,gr,38,14,q
pname:p_inst:0_ptype:gr_usecol:q_pstyle:m_r:77_c:34_sp:14,none,relative,1.0,0.0001,5.0,p_inst:0,1.0,0.0,1,34,0,p,m,gr,77,14,q
pname:p_inst:0_ptype:gr_usecol:q_pstyle:m_r:36_c:47_sp:14,none,relative,1.0,0.0001,5.0,p_inst:0,1.0,0.0,1,47,0,p,m,gr,36,14,q
pname:p_inst:0_ptype:gr_usecol:q_pstyle:m_r:73_c:39_sp:14,none,relative,1.0,0.0001,5.0,p_inst:0,1.0,0.0,1,39,0,p,m,gr,73,14,q
pname:p_inst:0_ptype:gr_usecol:q_pstyle:m_r:77_c:42_sp:14,none,relative,1.0,0.0001,5.0,p_inst:0,1.0,0.0,1,42,0,p,m,gr,77,14,q
pname:p_inst:0_ptype:gr_usecol:q_pstyle:m_r:64_c:58_sp:14,none,relative,1.0,0.0001,5.0,p_inst:0,1.0,0.0,1,58,0,p,m,gr,64,14,q
pname:p_inst:0_ptype:gr_usecol:q_pstyle:m_r:35_c:48_sp:14,none,relative,1.0,0.0001,5.0,p_inst:0,1.0,0.0,1,48,0,p,m,gr,35,14,q
pname:p_inst:0_ptype:gr_usecol:q_pstyle:m_r:67_c:55_sp:14,none,relative,1.0,0.0001,5.0,p_inst:0,1.0,0.0,1,55,0,p,m,gr,67,14,q
pname:p_inst:0_ptype:gr_usecol:q_pstyle:m_r:57_c:30_sp:14,none,relative,1.0,0.0001,5.0,p_inst:0,1.0,0.0,1,30,0,p,m,gr,57,14,q
pname:p_inst:0_ptype:gr_usecol:q_pstyle:m_r:32_c:31_sp:14,none,relative,1.0,0.0001,5.0,p_inst:0,1.0,0.0,1,31,0,p,m,gr,32,14,q
pname:p_inst:0_ptype:gr_usecol:q_pstyle:m_r:31_c:59_sp:14,none,relative,1.0,0.0001,5.0,p_inst:0,1.0,0.0,1,59,0,p,m,gr,31,14,q
pname:p_inst:0_ptype:gr_usecol:q_pstyle:m_r:35_c:61_sp:14,none,relative,1.0,0.0001,5.0,p_inst:0,1.0,0.0,1,61,0,p,m,gr,35,14,q
pname:p_inst:0_ptype:gr_usecol:q_pstyle:m_r:43_c:61_sp:14,none,relative,1.0,0.0001,5.0,p_inst:0,1.0,0.0,1,61,0,p,m,gr,43,14,q
pname:p_inst:0_ptype:gr_usecol:q_pstyle:m_r:70_c:59_sp:15,none,relative,1.0,0.0001,5.0,p_inst:0,1.0,0.0,1,59,0,p,m,gr,70,15,q
pname:p_inst:0_ptype:gr_usecol:q_pstyle:m_r:37_c:34_sp:15,none,relative,1.0,0.0001,5.0,p_inst:0,1.0,0.0,1,34,0,p,m,gr,37,15,q
pname:p_inst:0_ptype:gr_usecol:q_pstyle:m_r:31_c:49_sp:15,none,relative,1.0,0.0001,5.0,p_inst:0,1.0,0.0,1,49,0,p,m,gr,31,15,q
pname:p_inst:0_ptype:gr_usecol:q_pstyle:m_r:77_c:44_sp:15,none,relative,1.0,0.0001,5.0,p_inst:0,1.0,0.0,1,44,0,p,m,gr,77,15,q
pname:p_inst:0_ptype:gr_usecol:q_pstyle:m_r:47_c:49_sp:15,none,relative,1.0,0.0001,5.0,p_inst:0,1.0,0.0,1,49,0,p,m,gr,47,15,q
pname:p_inst:0_ptype:gr_usecol:q_pstyle:m_r:45_c:51_sp:15,none,relative,1.0,0.0001,5.0,p_inst:0,1.0,0.0,1,51,0,p,m,gr,45,15,q
pname:p_inst:0_ptype:gr_usecol:q_pstyle:m_r:44_c:39_sp:15,none,relative,1.0,0.0001,5.0,p_inst:0,1.0,0.0,1,39,0,p,m,gr,44,15,q
pname:p_inst:0_ptype:gr_usecol:q_pstyle:m_r:38_c:59_sp:15,none,relative,1.0,0.0001,5.0,p_inst:0,1.0,0.0,1,59,0,p,m,gr,38,15,q
pname:p_inst:0_ptype:gr_usecol:q_pstyle:m_r:77_c:34_sp:15,none,relative,1.0,0.0001,5.0,p_inst:0,1.0,0.0,1,34,0,p,m,gr,77,15,q
pname:p_inst:0_ptype:gr_usecol:q_pstyle:m_r:36_c:47_sp:15,none,relative,1.0,0.0001,5.0,p_inst:0,1.0,0.0,1,47,0,p,m,gr,36,15,q
pname:p_inst:0_ptype:gr_usecol:q_pstyle:m_r:73_c:39_sp:15,none,relative,1.0,0.0001,5.0,p_inst:0,1.0,0.0,1,39,0,p,m,gr,73,15,q
pname:p_inst:0_ptype:gr_usecol:q_pstyle:m_r:77_c:42_sp:15,none,relative,1.0,0.0001,5.0,p_inst:0,1.0,0.0,1,42,0,p,m,gr,77,15,q
pname:p_inst:0_ptype:gr_usecol:q_pstyle:m_r:64_c:58_sp:15,none,relative,1.0,0.0001,5.0,p_inst:0,1.0,0.0,1,58,0,p,m,gr,64,15,q
pname:p_inst:0_ptype:gr_usecol:q_pstyle:m_r:35_c:48_sp:15,none,relative,1.0,0.0001,5.0,p_inst:0,1.0,0.0,1,48,0,p,m,gr,35,15,q
pname:p_inst:0_ptype:gr_usecol:q_pstyle:m_r:67_c:55_sp:15,none,relative,1.0,0.0001,5.0,p_inst:0,1.0,0.0,1,55,0,p,m,gr,67,15,q
pname:p_inst:0_ptype:gr_usecol:q_pstyle:m_r:57_c:30_sp:15,none,relative,1.0,0.0001,5.0,p_inst:0,1.0,0.0,1,30,0,p,m,gr,57,15,q
pname:p_inst:0_ptype:gr_usecol:q_pstyle:m_r:32_c:31_sp:15,none,relative,1.0,0.0001,5.0,p_inst:0,1.0,0.0,1,31,0,p,m,gr,32,15,q
pname:p_inst:0_ptype:gr_usecol:q_pstyle:m_r:31_c:59_sp:15,none,relative,1.0,0.0001,5.0,p_inst:0,1.0,0.0,1,59,0,p,m,gr,31,15,q
pname:p_inst:0_ptype:gr_usecol:q_pstyle:m_r:35_c:61_sp:15,none,relative,1.0,0.0001,5.0,p_inst:0,1.0,0.0,1,61,0,p,m,gr,35,15,q
pname:p_inst:0_ptype:gr_usecol:q_pstyle:m_r:43_c:61_sp:15,none,relative,1.0,0.0001,5.0,p_inst:0,1.0,0.0,1,61,0,p,m,gr,43,15,q
pname:p_inst:0_ptype:gr_usecol:q_pstyle:m_r:70_c:59_sp:16,none,relative,1.0,0.0001,5.0,p_inst:0,1.0,0.0,1,59,0,p,m,gr,70,16,q
pname:p_inst:0_ptype:gr_usecol:q_pstyle:m_r:37_c:34_sp:16,none,relative,1.0,0.0001,5.0,p_inst:0,1.0,0.0,1,34,0,p,m,gr,37,16,q
pname:p_inst:0_ptype:gr_usecol:q_pstyle:m_r:31_c:49_sp:16,none,relative,1.0,0.0001,5.0,p_inst:0,1.0,0.0,1,49,0,p,m,gr,31,16,q
pname:p_inst:0_ptype:gr_usecol:q_pstyle:m_r:77_c:44_sp:16,none,relative,1.0,0.0001,5.0,p_inst:0,1.0,0.0,1,44,0,p,m,gr,77,16,q
pname:p_inst:0_ptype:gr_usecol:q_pstyle:m_r:47_c:49_sp:16,none,relative,1.0,0.0001,5.0,p_inst:0,1.0,0.0,1,49,0,p,m,gr,47,16,q
pname:p_inst:0_ptype:gr_usecol:q_pstyle:m_r:45_c:51_sp:16,none,relative,1.0,0.0001,5.0,p_inst:0,1.0,0.0,1,51,0,p,m,gr,45,16,q
pname:p_inst:0_ptype:gr_usecol:q_pstyle:m_r:44_c:39_sp:16,none,relative,1.0,0.0001,5.0,p_inst:0,1.0,0.0,1,39,0,p,m,gr,44,16,q
pname:p_inst:0_ptype:gr_usecol:q_pstyle:m_r:38_c:59_sp:16,none,relative,1.0,0.0001,5.0,p_inst:0,1.0,0.0,1,59,0,p,m,gr,38,16,q
pname:p_inst:0_ptype:gr_usecol:q_pstyle:m_r:77_c:34_sp:16,none,relative,1.0,0.0001,5.0,p_inst:0,1.0,0.0,1,34,0,p,m,gr,77,16,q
pname:p_inst:0_ptype:gr_usecol:q_pstyle:m_r:36_c:47_sp:16,none,relative,1.0,0.0001,5.0,p_inst:0,1.0,0.0,1,47,0,p,m,gr,36,16,q
pname:p_inst:0_ptype:gr_usecol:q_pstyle:m_r:73_c:39_sp:16,none,relative,1.0,0.0001,5.0,p_inst:0,1.0,0.0,1,39,0,p,m,gr,73,16,q
pname:p_inst:0_ptype:gr_usecol:q_pstyle:m_r:77_c:42_sp:16,none,relative,1.0,0.0001,5.0,p_inst:0,1.0,0.0,1,42,0,p,m,gr,77,16,q
pname:p_inst:0_ptype:gr_usecol:q_pstyle:m_r:64_c:58_sp:16,none,relative,1.0,0.0001,5.0,p_inst:0,1.0,0.0,1,58,0,p,m,gr,64,16,q
pname:p_inst:0_ptype:gr_usecol:q_pstyle:m_r:35_c:48_sp:16,none,relative,1.0,0.0001,5.0,p_inst:0,1.0,0.0,1,48,0,p,m,gr,35,16,q
pname:p_inst:0_ptype:gr_usecol:q_pstyle:m_r:67_c:55_sp:16,none,relative,1.0,0.0001,5.0,p_inst:0,1.0,0.0,1,55,0,p,m,gr,67,16,q
pname:p_inst:0_ptype:gr_usecol:q_pstyle:m_r:57_c:30_sp:16,none,relative,1.0,0.0001,5.0,p_inst:0,1.0,0.0,1,30,0,p,m,gr,57,16,q
pname:p_inst:0_ptype:gr_usecol:q_pstyle:m_r:32_c:31_sp:16,none,relative,1.0,0.0001,5.0,p_inst:0,1.0,0.0,1,31,0,p,m,gr,32,16,q
pname:p_inst:0_ptype:gr_usecol:q_pstyle:m_r:31_c:59_sp:16,none,relative,1.0,0.0001,5.0,p_inst:0,1.0,0.0,1,59,0,p,m,gr,31,16,q
pname:p_inst:0_ptype:gr_usecol:q_pstyle:m_r:35_c:61_sp:16,none,relative,1.0,0.0001,5.0,p_inst:0,1.0,0.0,1,61,0,p,m,gr,35,16,q
pname:p_inst:0_ptype:gr_usecol:q_pstyle:m_r:43_c:61_sp:16,none,relative,1.0,0.0001,5.0,p_inst:0,1.0,0.0,1,61,0,p,m,gr,43,16,q
pname:p_inst:0_ptype:gr_usecol:q_pstyle:m_r:70_c:59_sp:17,none,relative,1.0,0.0001,5.0,p_inst:0,1.0,0.0,1,59,0,p,m,gr,70,17,q
pname:p_inst:0_ptype:gr_usecol:q_pstyle:m_r:37_c:34_sp:17,none,relative,1.0,0.0001,5.0,p_inst:0,1.0,0.0,1,34,0,p,m,gr,37,17,q
pname:p_inst:0_ptype:gr_usecol:q_pstyle:m_r:31_c:49_sp:17,none,relative,1.0,0.0001,5.0,p_inst:0,1.0,0.0,1,49,0,p,m,gr,31,17,q
pname:p_inst:0_ptype:gr_usecol:q_pstyle:m_r:77_c:44_sp:17,none,relative,1.0,0.0001,5.0,p_inst:0,1.0,0.0,1,44,0,p,m,gr,77,17,q
pname:p_inst:0_ptype:gr_usecol:q_pstyle:m_r:47_c:49_sp:17,none,relative,1.0,0.0001,5.0,p_inst:0,1.0,0.0,1,49,0,p,m,gr,47,17,q
pname:p_inst:0_ptype:gr_usecol:q_pstyle:m_r:45_c:51_sp:17,none,relative,1.0,0.0001,5.0,p_inst:0,1.0,0.0,1,51,0,p,m,gr,45,17,q
pname:p_inst:0_ptype:gr_usecol:q_pstyle:m_r:44_c:39_sp:17,none,relative,1.0,0.0001,5.0,p_inst:0,1.0,0.0,1,39,0,p,m,gr,44,17,q
pname:p_inst:0_ptype:gr_usecol:q_pstyle:m_r:38_c:59_sp:17,none,relative,1.0,0.0001,5.0,p_inst:0,1.0,0.0,1,59,0,p,m,gr,38,17,q
pname:p_inst:0_ptype:gr_usecol:q_pstyle:m_r:77_c:34_sp:17,none,relative,1.0,0.0001,5.0,p_inst:0,1.0,0.0,1,34,0,p,m,gr,77,17,q
pname:p_inst:0_ptype:gr_usecol:q_pstyle:m_r:36_c:47_sp:17,none,relative,1.0,0.0001,5.0,p_inst:0,1.0,0.0,1,47,0,p,m,gr,36,17,q
pname:p_inst:0_ptype:gr_usecol:q_pstyle:m_r:73_c:39_sp:17,none,relative,1.0,0.0001,5.0,p_inst:0,1.0,0.0,1,39,0,p,m,gr,73,17,q
pname:p_inst:0_ptype:gr_usecol:q_pstyle:m_r:77_c:42_sp:17,none,relative,1.0,0.0001,5.0,p_inst:0,1.0,0.0,1,42,0,p,m,gr,77,17,q
pname:p_inst:0_ptype:gr_usecol:q_pstyle:m_r:64_c:58_sp:17,none,relative,1.0,0.0001,5.0,p_inst:0,1.0,0.0,1,58,0,p,m,gr,64,17,q
pname:p_inst:0_ptype:gr_usecol:q_pstyle:m_r:35_c:48_sp:17,none,relative,1.0,0.0001,5.0,p_inst:0,1.0,0.0,1,48,0,p,m,gr,35,17,q
pname:p_inst:0_ptype:gr_usecol:q_pstyle:m_r:67_c:55_sp:17,none,relative,1.0,0.0001,5.0,p_inst:0,1.0,0.0,1,55,0,p,m,gr,67,17,q
pname:p_inst:0_ptype:gr_usecol:q_pstyle:m_r:57_c:30_sp:17,none,relative,1.0,0.0001,5.0,p_inst:0,1.0,0.0,1,30,0,p,m,gr,57,17,q
pname:p_inst:0_ptype:gr_usecol:q_pstyle:m_r:32_c:31_sp:17,none,relative,1.0,0.0001,5.0,p_inst:0,1.0,0.0,1,31,0,p,m,gr,32,17,q
pname:p_inst:0_ptype:gr_usecol:q_pstyle:m_r:31_c:59_sp:17,none,relative,1.0,0.0001,5.0,p_inst:0,1.0,0.0,1,59,0,p,m,gr,31,17,q
pname:p_inst:0_ptype:gr_usecol:q_pstyle:m_r:35_c:61_sp:17,none,relative,1.0,0.0001,5.0,p_inst:0,1.0,0.0,1,61,0,p,m,gr,35,17,q
pname:p_inst:0_ptype:gr_usecol:q_pstyle:m_r:43_c:61_sp:17,none,relative,1.0,0.0001,5.0,p_inst:0,1.0,0.0,1,61,0,p,m,gr,43,17,q
pname:p_inst:0_ptype:gr_usecol:q_pstyle:m_r:70_c:59_sp:18,none,relative,1.0,0.0001,5.0,p_inst:0,1.0,0.0,1,59,0,p,m,gr,70,18,q
pname:p_inst:0_ptype:gr_usecol:q_pstyle:m_r:37_c:34_sp:18,none,relative,1.0,0.0001,5.0,p_inst:0,1.0,0.0,1,34,0,p,m,gr,37,18,q
pname:p_inst:0_ptype:gr_usecol:q_pstyle:m_r:31_c:49_sp:18,none,relative,1.0,0.0001,5.0,p_inst:0,1.0,0.0,1,49,0,p,m,gr,31,18,q
pname:p_inst:0_ptype:gr_usecol:q_pstyle:m_r:77_c:44_sp:18,none,relative,1.0,0.0001,5.0,p_inst:0,1.0,0.0,1,44,0,p,m,gr,77,18,q
pname:p_inst:0_ptype:gr_usecol:q_pstyle:m_r:47_c:49_sp:18,none,relative,1.0,0.0001,5.0,p_inst:0,1.0,0.0,1,49,0,p,m,gr,47,18,q
pname:p_inst:0_ptype:gr_usecol:q_pstyle:m_r:45_c:51_sp:18,none,relative,1.0,0.0001,5.0,p_inst:0,1.0,0.0,1,51,0,p,m,gr,45,18,q
pname:p_inst:0_ptype:gr_usecol:q_pstyle:m_r:44_c:39_sp:18,none,relative,1.0,0.0001,5.0,p_inst:0,1.0,0.0,1,39,0,p,m,gr,44,18,q
pname:p_inst:0_ptype:gr_usecol:q_pstyle:m_r:38_c:59_sp:18,none,relative,1.0,0.0001,5.0,p_inst:0,1.0,0.0,1,59,0,p,m,gr,38,18,q
pname:p_inst:0_ptype:gr_usecol:q_pstyle:m_r:77_c:34_sp:18,none,relative,1.0,0.0001,5.0,p_inst:0,1.0,0.0,1,34,0,p,m,gr,77,18,q
pname:p_inst:0_ptype:gr_usecol:q_pstyle:m_r:36_c:47_sp:18,none,relative,1.0,0.0001,5.0,p_inst:0,1.0,0.0,1,47,0,p,m,gr,36,18,q
pname:p_inst:0_ptype:gr_usecol:q_pstyle:m_r:73_c:39_sp:18,none,relative,1.0,0.0001,5.0,p_inst:0,1.0,0.0,1,39,0,p,m,gr,73,18,q
pname:p_inst:0_ptype:gr_usecol:q_pstyle:m_r:77_c:42_sp:18,none,relative,1.0,0.0001,5.0,p_inst:0,1.0,0.0,1,42,0,p,m,gr,77,18,q
pname:p_inst:0_ptype:gr_usecol:q_pstyle:m_r:64_c:58_sp:18,none,relative,1.0,0.0001,5.0,p_inst:0,1.0,0.0,1,58,0,p,m,gr,64,18,q
pname:p_inst:0_ptype:gr_usecol:q_pstyle:m_r:35_c:48_sp:18,none,relative,1.0,0.0001,5.0,p_inst:0,1.0,0.0,1,48,0,p,m,gr,35,18,q
pname:p_inst:0_ptype:gr_usecol:q_pstyle:m_r:67_c:55_sp:18,none,relative,1.0,0.0001,5.0,p_inst:0,1.0,0.0,1,55,0,p,m,gr,67,18,q
pname:p_inst:0_ptype:gr_usecol:q_pstyle:m_r:57_c:30_sp:18,none,relative,1.0,0.0001,5.0,p_inst:0,1.0,0.0,1,30,0,p,m,gr,57,18,q
pname:p_inst:0_ptype:gr_usecol:q_pstyle:m_r:32_c:31_sp:18,none,relative,1.0,0.0001,5.0,p_inst:0,1.0,0.0,1,31,0,p,m,gr,32,18,q
pname:p_inst:0_ptype:gr_usecol:q_pstyle:m_r:31_c:59_sp:18,none,relative,1.0,0.0001,5.0,p_inst:0,1.0,0.0,1,59,0,p,m,gr,31,18,q
pname:p_inst:0_ptype:gr_usecol:q_pstyle:m_r:35_c:61_sp:18,none,relative,1.0,0.0001,5.0,p_inst:0,1.0,0.0,1,61,0,p,m,gr,35,18,q
pname:p_inst:0_ptype:gr_usecol:q_pstyle:m_r:43_c:61_sp:18,none,relative,1.0,0.0001,5.0,p_inst:0,1.0,0.0,1,61,0,p,m,gr,43,18,q
pname:p_inst:0_ptype:gr_usecol:q_pstyle:m_r:70_c:59_sp:19,none,relative,1.0,0.0001,5.0,p_inst:0,1.0,0.0,1,59,0,p,m,gr,70,19,q
pname:p_inst:0_ptype:gr_usecol:q_pstyle:m_r:37_c:34_sp:19,none,relative,1.0,0.0001,5.0,p_inst:0,1.0,0.0,1,34,0,p,m,gr,37,19,q
pname:p_inst:0_ptype:gr_usecol:q_pstyle:m_r:31_c:49_sp:19,none,relative,1.0,0.0001,5.0,p_inst:0,1.0,0.0,1,49,0,p,m,gr,31,19,q
pname:p_inst:0_ptype:gr_usecol:q_pstyle:m_r:77_c:44_sp:19,none,relative,1.0,0.0001,5.0,p_inst:0,1.0,0.0,1,44,0,p,m,gr,77,19,q
pname:p_inst:0_ptype:gr_usecol:q_pstyle:m_r:47_c:49_sp:19,none,relative,1.0,0.0001,5.0,p_inst:0,1.0,0.0,1,49,0,p,m,gr,47,19,q
pname:p_inst:0_ptype:gr_usecol:q_pstyle:m_r:45_c:51_sp:19,none,relative,1.0,0.0001,5.0,p_inst:0,1.0,0.0,1,51,0,p,m,gr,45,19,q
pname:p_inst:0_ptype:gr_usecol:q_pstyle:m_r:44_c:39_sp:19,none,relative,1.0,0.0001,5.0,p_inst:0,1.0,0.0,1,39,0,p,m,gr,44,19,q
pname:p_inst:0_ptype:gr_usecol:q_pstyle:m_r:38_c:59_sp:19,none,relative,1.0,0.0001,5.0,p_inst:0,1.0,0.0,1,59,0,p,m,gr,38,19,q
pname:p_inst:0_ptype:gr_usecol:q_pstyle:m_r:77_c:34_sp:19,none,relative,1.0,0.0001,5.0,p_inst:0,1.0,0.0,1,34,0,p,m,gr,77,19,q
pname:p_inst:0_ptype:gr_usecol:q_pstyle:m_r:36_c:47_sp:19,none,relative,1.0,0.0001,5.0,p_inst:0,1.0,0.0,1,47,0,p,m,gr,36,19,q
pname:p_inst:0_ptype:gr_usecol:q_pstyle:m_r:73_c:39_sp:19,none,relative,1.0,0.0001,5.0,p_inst:0,1.0,0.0,1,39,0,p,m,gr,73,19,q
pname:p_inst:0_ptype:gr_usecol:q_pstyle:m_r:77_c:42_sp:19,none,relative,1.0,0.0001,5.0,p_inst:0,1.0,0.0,1,42,0,p,m,gr,77,19,q
pname:p_inst:0_ptype:gr_usecol:q_pstyle:m_r:64_c:58_sp:19,none,relative,1.0,0.0001,5.0,p_inst:0,1.0,0.0,1,58,0,p,m,gr,64,19,q
pname:p_inst:0_ptype:gr_usecol:q_pstyle:m_r:35_c:48_sp:19,none,relative,1.0,0.0001,5.0,p_inst:0,1.0,0.0,1,48,0,p,m,gr,35,19,q
pname:p_inst:0_ptype:gr_usecol:q_pstyle:m_r:67_c:55_sp:19,none,relative,1.0,0.0001,5.0,p_inst:0,1.0,0.0,1,55,0,p,m,gr,67,19,q
pname:p_inst:0_ptype:gr_usecol:q_pstyle:m_r:57_c:30_sp:19,none,relative,1.0,0.0001,5.0,p_inst:0,1.0,0.0,1,30,0,p,m,gr,57,19,q
pname:p_inst:0_ptype:gr_usecol:q_pstyle:m_r:32_c:31_sp:19,none,relative,1.0,0.0001,5.0,p_inst:0,1.0,0.0,1,31,0,p,m,gr,32,19,q
pname:p_inst:0_ptype:gr_usecol:q_pstyle:m_r:31_c:59_sp:19,none,relative,1.0,0.0001,5.0,p_inst:0,1.0,0.0,1,59,0,p,m,gr,31,19,q
pname:p_inst:0_ptype:gr_usecol:q_pstyle:m_r:35_c:61_sp:19,none,relative,1.0,0.0001,5.0,p_inst:0,1.0,0.0,1,61,0,p,m,gr,35,19,q
pname:p_inst:0_ptype:gr_usecol:q_pstyle:m_r:43_c:61_sp:19,none,relative,1.0,0.0001,5.0,p_inst:0,1.0,0.0,1,61,0,p,m,gr,43,19,q
pname:p_inst:0_ptype:gr_usecol:q_pstyle:m_r:70_c:59_sp:20,none,relative,1.0,0.0001,5.0,p_inst:0,1.0,0.0,1,59,0,p,m,gr,70,20,q
pname:p_inst:0_ptype:gr_usecol:q_pstyle:m_r:37_c:34_sp:20,none,relative,1.0,0.0001,5.0,p_inst:0,1.0,0.0,1,34,0,p,m,gr,37,20,q
pname:p_inst:0_ptype:gr_usecol:q_pstyle:m_r:31_c:49_sp:20,none,relative,1.0,0.0001,5.0,p_inst:0,1.0,0.0,1,49,0,p,m,gr,31,20,q
pname:p_inst:0_ptype:gr_usecol:q_pstyle:m_r:77_c:44_sp:20,none,relative,1.0,0.0001,5.0,p_inst:0,1.0,0.0,1,44,0,p,m,gr,77,20,q
pname:p_inst:0_ptype:gr_usecol:q_pstyle:m_r:47_c:49_sp:20,none,relative,1.0,0.0001,5.0,p_inst:0,1.0,0.0,1,49,0,p,m,gr,47,20,q
pname:p_inst:0_ptype:gr_usecol:q_pstyle:m_r:45_c:51_sp:20,none,relative,1.0,0.0001,5.0,p_inst:0,1.0,0.0,1,51,0,p,m,gr,45,20,q
pname:p_inst:0_ptype:gr_usecol:q_pstyle:m_r:44_c:39_sp:20,none,relative,1.0,0.0001,5.0,p_inst:0,1.0,0.0,1,39,0,p,m,gr,44,20,q
pname:p_inst:0_ptype:gr_usecol:q_pstyle:m_r:38_c:59_sp:20,none,relative,1.0,0.0001,5.0,p_inst:0,1.0,0.0,1,59,0,p,m,gr,38,20,q
pname:p_inst:0_ptype:gr_usecol:q_pstyle:m_r:77_c:34_sp:20,none,relative,1.0,0.0001,5.0,p_inst:0,1.0,0.0,1,34,0,p,m,gr,77,20,q
pname:p_inst:0_ptype:gr_usecol:q_pstyle:m_r:36_c:47_sp:20,none,relative,1.0,0.0001,5.0,p_inst:0,1.0,0.0,1,47,0,p,m,gr,36,20,q
pname:p_inst:0_ptype:gr_usecol:q_pstyle:m_r:73_c:39_sp:20,none,relative,1.0,0.0001,5.0,p_inst:0,1.0,0.0,1,39,0,p,m,gr,73,20,q
pname:p_inst:0_ptype:gr_usecol:q_pstyle:m_r:77_c:42_sp:20,none,relative,1.0,0.0001,5.0,p_inst:0,1.0,0.0,1,42,0,p,m,gr,77,20,q
pname:p_inst:0_ptype:gr_usecol:q_pstyle:m_r:64_c:58_sp:20,none,relative,1.0,0.0001,5.0,p_inst:0,1.0,0.0,1,58,0,p,m,gr,64,20,q
pname:p_inst:0_ptype:gr_usecol:q_pstyle:m_r:35_c:48_sp:20,none,relative,1.0,0.0001,5.0,p_inst:0,1.0,0.0,1,48,0,p,m,gr,35,20,q
pname:p_inst:0_ptype:gr_usecol:q_pstyle:m_r:67_c:55_sp:20,none,relative,1.0,0.0001,5.0,p_inst:0,1.0,0.0,1,55,0,p,m,gr,67,20,q
pname:p_inst:0_ptype:gr_usecol:q_pstyle:m_r:57_c:30_sp:20,none,relative,1.0,0.0001,5.0,p_inst:0,1.0,0.0,1,30,0,p,m,gr,57,20,q
pname:p_inst:0_ptype:gr_usecol:q_pstyle:m_r:32_c:31_sp:20,none,relative,1.0,0.0001,5.0,p_inst:0,1.0,0.0,1,31,0,p,m,gr,32,20,q
pname:p_inst:0_ptype:gr_usecol:q_pstyle:m_r:31_c:59_sp:20,none,relative,1.0,0.0001,5.0,p_inst:0,1.0,0.0,1,59,0,p,m,gr,31,20,q
pname:p_inst:0_ptype:gr_usecol:q_pstyle:m_r:35_c:61_sp:20,none,relative,1.0,0.0001,5.0,p_inst:0,1.0,0.0,1,61,0,p,m,gr,35,20,q
pname:p_inst:0_ptype:gr_usecol:q_pstyle:m_r:43_c:61_sp:20,none,relative,1.0,0.0001,5.0,p_inst:0,1.0,0.0,1,61,0,p,m,gr,43,20,q
pname:p_inst:0_ptype:gr_usecol:q_pstyle:m_r:70_c:59_sp:21,none,relative,1.0,0.0001,5.0,p_inst:0,1.0,0.0,1,59,0,p,m,gr,70,21,q
pname:p_inst:0_ptype:gr_usecol:q_pstyle:m_r:37_c:34_sp:21,none,relative,1.0,0.0001,5.0,p_inst:0,1.0,0.0,1,34,0,p,m,gr,37,21,q
pname:p_inst:0_ptype:gr_usecol:q_pstyle:m_r:31_c:49_sp:21,none,relative,1.0,0.0001,5.0,p_inst:0,1.0,0.0,1,49,0,p,m,gr,31,21,q
pname:p_inst:0_ptype:gr_usecol:q_pstyle:m_r:77_c:44_sp:21,none,relative,1.0,0.0001,5.0,p_inst:0,1.0,0.0,1,44,0,p,m,gr,77,21,q
pname:p_inst:0_ptype:gr_usecol:q_pstyle:m_r:47_c:49_sp:21,none,relative,1.0,0.0001,5.0,p_inst:0,1.0,0.0,1,49,0,p,m,gr,47,21,q
pname:p_inst:0_ptype:gr_usecol:q_pstyle:m_r:45_c:51_sp:21,none,relative,1.0,0.0001,5.0,p_inst:0,1.0,0.0,1,51,0,p,m,gr,45,21,q
pname:p_inst:0_ptype:gr_usecol:q_pstyle:m_r:44_c:39_sp:21,none,relative,1.0,0.0001,5.0,p_inst:0,1.0,0.0,1,39,0,p,m,gr,44,21,q
pname:p_inst:0_ptype:gr_usecol:q_pstyle:m_r:38_c:59_sp:21,none,relative,1.0,0.0001,5.0,p_inst:0,1.0,0.0,1,59,0,p,m,gr,38,21,q
pname:p_inst:0_ptype:gr_usecol:q_pstyle:m_r:77_c:34_sp:21,none,relative,1.0,0.0001,5.0,p_inst:0,1.0,0.0,1,34,0,p,m,gr,77,21,q
pname:p_inst:0_ptype:gr_usecol:q_pstyle:m_r:36_c:47_sp:21,none,relative,1.0,0.0001,5.0,p_inst:0,1.0,0.0,1,47,0,p,m,gr,36,21,q
pname:p_inst:0_ptype:gr_usecol:q_pstyle:m_r:73_c:39_sp:21,none,relative,1.0,0.0001,5.0,p_inst:0,1.0,0.0,1,39,0,p,m,gr,73,21,q
pname:p_inst:0_ptype:gr_usecol:q_pstyle:m_r:77_c:42_sp:21,none,relative,1.0,0.0001,5.0,p_inst:0,1.0,0.0,1,42,0,p,m,gr,77,21,q
pname:p_inst:0_ptype:gr_usecol:q_pstyle:m_r:64_c:58_sp:21,none,relative,1.0,0.0001,5.0,p_inst:0,1.0,0.0,1,58,0,p,m,gr,64,21,q
pname:p_inst:0_ptype:gr_usecol:q_pstyle:m_r:35_c:48_sp:21,none,relative,1.0,0.0001,5.0,p_inst:0,1.0,0.0,1,48,0,p,m,gr,35,21,q
pname:p_inst:0_ptype:gr_usecol:q_pstyle:m_r:67_c:55_sp:21,none,relative,1.0,0.0001,5.0,p_inst:0,1.0,0.0,1,55,0,p,m,gr,67,21,q
pname:p_inst:0_ptype:gr_usecol:q_pstyle:m_r:57_c:30_sp:21,none,relative,1.0,0.0001,5.0,p_inst:0,1.0,0.0,1,30,0,p,m,gr,57,21,q
pname:p_inst:0_ptype:gr_usecol:q_pstyle:m_r:32_c:31_sp:21,none,relative,1.0,0.0001,5.0,p_inst:0,1.0,0.0,1,31,0,p,m,gr,32,21,q
pname:p_inst:0_ptype:gr_usecol:q_pstyle:m_r:31_c:59_sp:21,none,relative,1.0,0.0001,5.0,p_inst:0,1.0,0.0,1,59,0,p,m,gr,31,21,q
pname:p_inst:0_ptype:gr_usecol:q_pstyle:m_r:35_c:61_sp:21,none,relative,1.0,0.0001,5.0,p_inst:0,1.0,0.0,1,61,0,p,m,gr,35,21,q
pname:p_inst:0_ptype:gr_usecol:q_pstyle:m_r:43_c:61_sp:21,none,relative,1.0,0.0001,5.0,p_inst:0,1.0,0.0,1,61,0,p,m,gr,43,21,q
pname:p_inst:0_ptype:gr_usecol:q_pstyle:m_r:70_c:59_sp:22,none,relative,1.0,0.0001,5.0,p_inst:0,1.0,0.0,1,59,0,p,m,gr,70,22,q
pname:p_inst:0_ptype:gr_usecol:q_pstyle:m_r:37_c:34_sp:22,none,relative,1.0,0.0001,5.0,p_inst:0,1.0,0.0,1,34,0,p,m,gr,37,22,q
pname:p_inst:0_ptype:gr_usecol:q_pstyle:m_r:31_c:49_sp:22,none,relative,1.0,0.0001,5.0,p_inst:0,1.0,0.0,1,49,0,p,m,gr,31,22,q
pname:p_inst:0_ptype:gr_usecol:q_pstyle:m_r:77_c:44_sp:22,none,relative,1.0,0.0001,5.0,p_inst:0,1.0,0.0,1,44,0,p,m,gr,77,22,q
pname:p_inst:0_ptype:gr_usecol:q_pstyle:m_r:47_c:49_sp:22,none,relative,1.0,0.0001,5.0,p_inst:0,1.0,0.0,1,49,0,p,m,gr,47,22,q
pname:p_inst:0_ptype:gr_usecol:q_pstyle:m_r:45_c:51_sp:22,none,relative,1.0,0.0001,5.0,p_inst:0,1.0,0.0,1,51,0,p,m,gr,45,22,q
pname:p_inst:0_ptype:gr_usecol:q_pstyle:m_r:44_c:39_sp:22,none,relative,1.0,0.0001,5.0,p_inst:0,1.0,0.0,1,39,0,p,m,gr,44,22,q
pname:p_inst:0_ptype:gr_usecol:q_pstyle:m_r:38_c:59_sp:22,none,relative,1.0,0.0001,5.0,p_inst:0,1.0,0.0,1,59,0,p,m,gr,38,22,q
pname:p_inst:0_ptype:gr_usecol:q_pstyle:m_r:77_c:34_sp:22,none,relative,1.0,0.0001,5.0,p_inst:0,1.0,0.0,1,34,0,p,m,gr,77,22,q
pname:p_inst:0_ptype:gr_usecol:q_pstyle:m_r:36_c:47_sp:22,none,relative,1.0,0.0001,5.0,p_inst:0,1.0,0.0,1,47,0,p,m,gr,36,22,q
pname:p_inst:0_ptype:gr_usecol:q_pstyle:m_r:73_c:39_sp:22,none,relative,1.0,0.0001,5.0,p_inst:0,1.0,0.0,1,39,0,p,m,gr,73,22,q
pname:p_inst:0_ptype:gr_usecol:q_pstyle:m_r:77_c:42_sp:22,none,relative,1.0,0.0001,5.0,p_inst:0,1.0,0.0,1,42,0,p,m,gr,77,22,q
pname:p_inst:0_ptype:gr_usecol:q_pstyle:m_r:64_c:58_sp:22,none,relative,1.0,0.0001,5.0,p_inst:0,1.0,0.0,1,58,0,p,m,gr,64,22,q
pname:p_inst:0_ptype:gr_usecol:q_pstyle:m_r:35_c:48_sp:22,none,relative,1.0,0.0001,5.0,p_inst:0,1.0,0.0,1,48,0,p,m,gr,35,22,q
pname:p_inst:0_ptype:gr_usecol:q_pstyle:m_r:67_c:55_sp:22,none,relative,1.0,0.0001,5.0,p_inst:0,1.0,0.0,1,55,0,p,m,gr,67,22,q
pname:p_inst:0_ptype:gr_usecol:q_pstyle:m_r:57_c:30_sp:22,none,relative,1.0,0.0001,5.0,p_inst:0,1.0,0.0,1,30,0,p,m,gr,57,22,q
pname:p_inst:0_ptype:gr_usecol:q_pstyle:m_r:32_c:31_sp:22,none,relative,1.0,0.0001,5.0,p_inst:0,1.0,0.0,1,31,0,p,m,gr,32,22,q
pname:p_inst:0_ptype:gr_usecol:q_pstyle:m_r:31_c:59_sp:22,none,relative,1.0,0.0001,5.0,p_inst:0,1.0,0.0,1,59,0,p,m,gr,31,22,q
pname:p_inst:0_ptype:gr_usecol:q_pstyle:m_r:35_c:61_sp:22,none,relative,1.0,0.0001,5.0,p_inst:0,1.0,0.0,1,61,0,p,m,gr,35,22,q
pname:p_inst:0_ptype:gr_usecol:q_pstyle:m_r:43_c:61_sp:22,none,relative,1.0,0.0001,5.0,p_inst:0,1.0,0.0,1,61,0,p,m,gr,43,22,q
pname:p_inst:0_ptype:gr_usecol:q_pstyle:m_r:70_c:59_sp:23,none,relative,1.0,0.0001,5.0,p_inst:0,1.0,0.0,1,59,0,p,m,gr,70,23,q
pname:p_inst:0_ptype:gr_usecol:q_pstyle:m_r:37_c:34_sp:23,none,relative,1.0,0.0001,5.0,p_inst:0,1.0,0.0,1,34,0,p,m,gr,37,23,q
pname:p_inst:0_ptype:gr_usecol:q_pstyle:m_r:31_c:49_sp:23,none,relative,1.0,0.0001,5.0,p_inst:0,1.0,0.0,1,49,0,p,m,gr,31,23,q
pname:p_inst:0_ptype:gr_usecol:q_pstyle:m_r:77_c:44_sp:23,none,relative,1.0,0.0001,5.0,p_inst:0,1.0,0.0,1,44,0,p,m,gr,77,23,q
pname:p_inst:0_ptype:gr_usecol:q_pstyle:m_r:47_c:49_sp:23,none,relative,1.0,0.0001,5.0,p_inst:0,1.0,0.0,1,49,0,p,m,gr,47,23,q
pname:p_inst:0_ptype:gr_usecol:q_pstyle:m_r:45_c:51_sp:23,none,relative,1.0,0.0001,5.0,p_inst:0,1.0,0.0,1,51,0,p,m,gr,45,23,q
pname:p_inst:0_ptype:gr_usecol:q_pstyle:m_r:44_c:39_sp:23,none,relative,1.0,0.0001,5.0,p_inst:0,1.0,0.0,1,39,0,p,m,gr,44,23,q
pname:p_inst:0_ptype:gr_usecol:q_pstyle:m_r:38_c:59_sp:23,none,relative,1.0,0.0001,5.0,p_inst:0,1.0,0.0,1,59,0,p,m,gr,38,23,q
pname:p_inst:0_ptype:gr_usecol:q_pstyle:m_r:77_c:34_sp:23,none,relative,1.0,0.0001,5.0,p_inst:0,1.0,0.0,1,34,0,p,m,gr,77,23,q
pname:p_inst:0_ptype:gr_usecol:q_pstyle:m_r:36_c:47_sp:23,none,relative,1.0,0.0001,5.0,p_inst:0,1.0,0.0,1,47,0,p,m,gr,36,23,q
pname:p_inst:0_ptype:gr_usecol:q_pstyle:m_r:73_c:39_sp:23,none,relative,1.0,0.0001,5.0,p_inst:0,1.0,0.0,1,39,0,p,m,gr,73,23,q
pname:p_inst:0_ptype:gr_usecol:q_pstyle:m_r:77_c:42_sp:23,none,relative,1.0,0.0001,5.0,p_inst:0,1.0,0.0,1,42,0,p,m,gr,77,23,q
pname:p_inst:0_ptype:gr_usecol:q_pstyle:m_r:64_c:58_sp:23,none,relative,1.0,0.0001,5.0,p_inst:0,1.0,0.0,1,58,0,p,m,gr,64,23,q
pname:p_inst:0_ptype:gr_usecol:q_pstyle:m_r:35_c:48_sp:23,none,relative,1.0,0.0001,5.0,p_inst:0,1.0,0.0,1,48,0,p,m,gr,35,23,q
pname:p_inst:0_ptype:gr_usecol:q_pstyle:m_r:67_c:55_sp:23,none,relative,1.0,0.0001,5.0,p_inst:0,1.0,0.0,1,55,0,p,m,gr,67,23,q
pname:p_inst:0_ptype:gr_usecol:q_pstyle:m_r:57_c:30_sp:23,none,relative,1.0,0.0001,5.0,p_inst:0,1.0,0.0,1,30,0,p,m,gr,57,23,q
pname:p_inst:0_ptype:gr_usecol:q_pstyle:m_r:32_c:31_sp:23,none,relative,1.0,0.0001,5.0,p_inst:0,1.0,0.0,1,31,0,p,m,gr,32,23,q
pname:p_inst:0_ptype:gr_usecol:q_pstyle:m_r:31_c:59_sp:23,none,relative,1.0,0.0001,5.0,p_inst:0,1.0,0.0,1,59,0,p,m,gr,31,23,q
pname:p_inst:0_ptype:gr_usecol:q_pstyle:m_r:35_c:61_sp:23,none,relative,1.0,0.0001,5.0,p_inst:0,1.0,0.0,1,61,0,p,m,gr,35,23,q
pname:p_inst:0_ptype:gr_usecol:q_pstyle:m_r:43_c:61_sp:23,none,relative,1.0,0.0001,5.0,p_inst:0,1.0,0.0,1,61,0,p,m,gr,43,23,q
pname:p_inst:0_ptype:gr_usecol:q_pstyle:m_r:70_c:59_sp:24,none,relative,1.0,0.0001,5.0,p_inst:0,1.0,0.0,1,59,0,p,m,gr,70,24,q
pname:p_inst:0_ptype:gr_usecol:q_pstyle:m_r:37_c:34_sp:24,none,relative,1.0,0.0001,5.0,p_inst:0,1.0,0.0,1,34,0,p,m,gr,37,24,q
pname:p_inst:0_ptype:gr_usecol:q_pstyle:m_r:31_c:49_sp:24,none,relative,1.0,0.0001,5.0,p_inst:0,1.0,0.0,1,49,0,p,m,gr,31,24,q
pname:p_inst:0_ptype:gr_usecol:q_pstyle:m_r:77_c:44_sp:24,none,relative,1.0,0.0001,5.0,p_inst:0,1.0,0.0,1,44,0,p,m,gr,77,24,q
pname:p_inst:0_ptype:gr_usecol:q_pstyle:m_r:47_c:49_sp:24,none,relative,1.0,0.0001,5.0,p_inst:0,1.0,0.0,1,49,0,p,m,gr,47,24,q
pname:p_inst:0_ptype:gr_usecol:q_pstyle:m_r:45_c:51_sp:24,none,relative,1.0,0.0001,5.0,p_inst:0,1.0,0.0,1,51,0,p,m,gr,45,24,q
pname:p_inst:0_ptype:gr_usecol:q_pstyle:m_r:44_c:39_sp:24,none,relative,1.0,0.0001,5.0,p_inst:0,1.0,0.0,1,39,0,p,m,gr,44,24,q
pname:p_inst:0_ptype:gr_usecol:q_pstyle:m_r:38_c:59_sp:24,none,relative,1.0,0.0001,5.0,p_inst:0,1.0,0.0,1,59,0,p,m,gr,38,24,q
pname:p_inst:0_ptype:gr_usecol:q_pstyle:m_r:77_c:34_sp:24,none,relative,1.0,0.0001,5.0,p_inst:0,1.0,0.0,1,34,0,p,m,gr,77,24,q
pname:p_inst:0_ptype:gr_usecol:q_pstyle:m_r:36_c:47_sp:24,none,relative,1.0,0.0001,5.0,p_inst:0,1.0,0.0,1,47,0,p,m,gr,36,24,q
pname:p_inst:0_ptype:gr_usecol:q_pstyle:m_r:73_c:39_sp:24,none,relative,1.0,0.0001,5.0,p_inst:0,1.0,0.0,1,39,0,p,m,gr,73,24,q
pname:p_inst:0_ptype:gr_usecol:q_pstyle:m_r:77_c:42_sp:24,none,relative,1.0,0.0001,5.0,p_inst:0,1.0,0.0,1,42,0,p,m,gr,77,24,q
pname:p_inst:0_ptype:gr_usecol:q_pstyle:m_r:64_c:58_sp:24,none,relative,1.0,0.0001,5.0,p_inst:0,1.0,0.0,1,58,0,p,m,gr,64,24,q
pname:p_inst:0_ptype:gr_usecol:q_pstyle:m_r:35_c:48_sp:24,none,relative,1.0,0.0001,5.0,p_inst:0,1.0,0.0,1,48,0,p,m,gr,35,24,q
pname:p_inst:0_ptype:gr_usecol:q_pstyle:m_r:67_c:55_sp:24,none,relative,1.0,0.0001,5.0,p_inst:0,1.0,0.0,1,55,0,p,m,gr,67,24,q
pname:p_inst:0_ptype:gr_usecol:q_pstyle:m_r:57_c:30_sp:24,none,relative,1.0,0.0001,5.0,p_inst:0,1.0,0.0,1,30,0,p,m,gr,57,24,q
pname:p_inst:0_ptype:gr_usecol:q_pstyle:m_r:32_c:31_sp:24,none,relative,1.0,0.0001,5.0,p_inst:0,1.0,0.0,1,31,0,p,m,gr,32,24,q
pname:p_inst:0_ptype:gr_usecol:q_pstyle:m_r:31_c:59_sp:24,none,relative,1.0,0.0001,5.0,p_inst:0,1.0,0.0,1,59,0,p,m,gr,31,24,q
pname:p_inst:0_ptype:gr_usecol:q_pstyle:m_r:35_c:61_sp:24,none,relative,1.0,0.0001,5.0,p_inst:0,1.0,0.0,1,61,0,p,m,gr,35,24,q
pname:p_inst:0_ptype:gr_usecol:q_pstyle:m_r:43_c:61_sp:24,none,relative,1.0,0.0001,5.0,p_inst:0,1.0,0.0,1,61,0,p,m,gr,43,24,q
pname:p_inst:0_ptype:gr_usecol:q_pstyle:m_r:70_c:59_sp:25,none,relative,1.0,0.0001,5.0,p_inst:0,1.0,0.0,1,59,0,p,m,gr,70,25,q
pname:p_inst:0_ptype:gr_usecol:q_pstyle:m_r:37_c:34_sp:25,none,relative,1.0,0.0001,5.0,p_inst:0,1.0,0.0,1,34,0,p,m,gr,37,25,q
pname:p_inst:0_ptype:gr_usecol:q_pstyle:m_r:31_c:49_sp:25,none,relative,1.0,0.0001,5.0,p_inst:0,1.0,0.0,1,49,0,p,m,gr,31,25,q
pname:p_inst:0_ptype:gr_usecol:q_pstyle:m_r:77_c:44_sp:25,none,relative,1.0,0.0001,5.0,p_inst:0,1.0,0.0,1,44,0,p,m,gr,77,25,q
pname:p_inst:0_ptype:gr_usecol:q_pstyle:m_r:47_c:49_sp:25,none,relative,1.0,0.0001,5.0,p_inst:0,1.0,0.0,1,49,0,p,m,gr,47,25,q
pname:p_inst:0_ptype:gr_usecol:q_pstyle:m_r:45_c:51_sp:25,none,relative,1.0,0.0001,5.0,p_inst:0,1.0,0.0,1,51,0,p,m,gr,45,25,q
pname:p_inst:0_ptype:gr_usecol:q_pstyle:m_r:44_c:39_sp:25,none,relative,1.0,0.0001,5.0,p_inst:0,1.0,0.0,1,39,0,p,m,gr,44,25,q
pname:p_inst:0_ptype:gr_usecol:q_pstyle:m_r:38_c:59_sp:25,none,relative,1.0,0.0001,5.0,p_inst:0,1.0,0.0,1,59,0,p,m,gr,38,25,q
pname:p_inst:0_ptype:gr_usecol:q_pstyle:m_r:77_c:34_sp:25,none,relative,1.0,0.0001,5.0,p_inst:0,1.0,0.0,1,34,0,p,m,gr,77,25,q
pname:p_inst:0_ptype:gr_usecol:q_pstyle:m_r:36_c:47_sp:25,none,relative,1.0,0.0001,5.0,p_inst:0,1.0,0.0,1,47,0,p,m,gr,36,25,q
pname:p_inst:0_ptype:gr_usecol:q_pstyle:m_r:73_c:39_sp:25,none,relative,1.0,0.0001,5.0,p_inst:0,1.0,0.0,1,39,0,p,m,gr,73,25,q
pname:p_inst:0_ptype:gr_usecol:q_pstyle:m_r:77_c:42_sp:25,none,relative,1.0,0.0001,5.0,p_inst:0,1.0,0.0,1,42,0,p,m,gr,77,25,q
pname:p_inst:0_ptype:gr_usecol:q_pstyle:m_r:64_c:58_sp:25,none,relative,1.0,0.0001,5.0,p_inst:0,1.0,0.0,1,58,0,p,m,gr,64,25,q
pname:p_inst:0_ptype:gr_usecol:q_pstyle:m_r:35_c:48_sp:25,none,relative,1.0,0.0001,5.0,p_inst:0,1.0,0.0,1,48,0,p,m,gr,35,25,q
pname:p_inst:0_ptype:gr_usecol:q_pstyle:m_r:67_c:55_sp:25,none,relative,1.0,0.0001,5.0,p_inst:0,1.0,0.0,1,55,0,p,m,gr,67,25,q
pname:p_inst:0_ptype:gr_usecol:q_pstyle:m_r:57_c:30_sp:25,none,relative,1.0,0.0001,5.0,p_inst:0,1.0,0.0,1,30,0,p,m,gr,57,25,q
pname:p_inst:0_ptype:gr_usecol:q_pstyle:m_r:32_c:31_sp:25,none,relative,1.0,0.0001,5.0,p_inst:0,1.0,0.0,1,31,0,p,m,gr,32,25,q
pname:p_inst:0_ptype:gr_usecol:q_pstyle:m_r:31_c:59_sp:25,none,relative,1.0,0.0001,5.0,p_inst:0,1.0,0.0,1,59,0,p,m,gr,31,25,q
pname:p_inst:0_ptype:gr_usecol:q_pstyle:m_r:35_c:61_sp:25,none,relative,1.0,0.0001,5.0,p_inst:0,1.0,0.0,1,61,0,p,m,gr,35,25,q
pname:p_inst:0_ptype:gr_usecol:q_pstyle:m_r:43_c:61_sp:25,none,relative,1.0,0.0001,5.0,p_inst:0,1.0,0.0,1,61,0,p,m,gr,43,25,q
pname:p_inst:0_ptype:gr_usecol:q_pstyle:m_r:70_c:59_sp:26,none,relative,1.0,0.0001,5.0,p_inst:0,1.0,0.0,1,59,0,p,m,gr,70,26,q
pname:p_inst:0_ptype:gr_usecol:q_pstyle:m_r:37_c:34_sp:26,none,relative,1.0,0.0001,5.0,p_inst:0,1.0,0.0,1,34,0,p,m,gr,37,26,q
pname:p_inst:0_ptype:gr_usecol:q_pstyle:m_r:31_c:49_sp:26,none,relative,1.0,0.0001,5.0,p_inst:0,1.0,0.0,1,49,0,p,m,gr,31,26,q
pname:p_inst:0_ptype:gr_usecol:q_pstyle:m_r:77_c:44_sp:26,none,relative,1.0,0.0001,5.0,p_inst:0,1.0,0.0,1,44,0,p,m,gr,77,26,q
pname:p_inst:0_ptype:gr_usecol:q_pstyle:m_r:47_c:49_sp:26,none,relative,1.0,0.0001,5.0,p_inst:0,1.0,0.0,1,49,0,p,m,gr,47,26,q
pname:p_inst:0_ptype:gr_usecol:q_pstyle:m_r:45_c:51_sp:26,none,relative,1.0,0.0001,5.0,p_inst:0,1.0,0.0,1,51,0,p,m,gr,45,26,q
pname:p_inst:0_ptype:gr_usecol:q_pstyle:m_r:44_c:39_sp:26,none,relative,1.0,0.0001,5.0,p_inst:0,1.0,0.0,1,39,0,p,m,gr,44,26,q
pname:p_inst:0_ptype:gr_usecol:q_pstyle:m_r:38_c:59_sp:26,none,relative,1.0,0.0001,5.0,p_inst:0,1.0,0.0,1,59,0,p,m,gr,38,26,q
pname:p_inst:0_ptype:gr_usecol:q_pstyle:m_r:77_c:34_sp:26,none,relative,1.0,0.0001,5.0,p_inst:0,1.0,0.0,1,34,0,p,m,gr,77,26,q
pname:p_inst:0_ptype:gr_usecol:q_pstyle:m_r:36_c:47_sp:26,none,relative,1.0,0.0001,5.0,p_inst:0,1.0,0.0,1,47,0,p,m,gr,36,26,q
pname:p_inst:0_ptype:gr_usecol:q_pstyle:m_r:73_c:39_sp:26,none,relative,1.0,0.0001,5.0,p_inst:0,1.0,0.0,1,39,0,p,m,gr,73,26,q
pname:p_inst:0_ptype:gr_usecol:q_pstyle:m_r:77_c:42_sp:26,none,relative,1.0,0.0001,5.0,p_inst:0,1.0,0.0,1,42,0,p,m,gr,77,26,q
pname:p_inst:0_ptype:gr_usecol:q_pstyle:m_r:64_c:58_sp:26,none,relative,1.0,0.0001,5.0,p_inst:0,1.0,0.0,1,58,0,p,m,gr,64,26,q
pname:p_inst:0_ptype:gr_usecol:q_pstyle:m_r:35_c:48_sp:26,none,relative,1.0,0.0001,5.0,p_inst:0,1.0,0.0,1,48,0,p,m,gr,35,26,q
pname:p_inst:0_ptype:gr_usecol:q_pstyle:m_r:67_c:55_sp:26,none,relative,1.0,0.0001,5.0,p_inst:0,1.0,0.0,1,55,0,p,m,gr,67,26,q
pname:p_inst:0_ptype:gr_usecol:q_pstyle:m_r:57_c:30_sp:26,none,relative,1.0,0.0001,5.0,p_inst:0,1.0,0.0,1,30,0,p,m,gr,57,26,q
pname:p_inst:0_ptype:gr_usecol:q_pstyle:m_r:32_c:31_sp:26,none,relative,1.0,0.0001,5.0,p_inst:0,1.0,0.0,1,31,0,p,m,gr,32,26,q
pname:p_inst:0_ptype:gr_usecol:q_pstyle:m_r:31_c:59_sp:26,none,relative,1.0,0.0001,5.0,p_inst:0,1.0,0.0,1,59,0,p,m,gr,31,26,q
pname:p_inst:0_ptype:gr_usecol:q_pstyle:m_r:35_c:61_sp:26,none,relative,1.0,0.0001,5.0,p_inst:0,1.0,0.0,1,61,0,p,m,gr,35,26,q
pname:p_inst:0_ptype:gr_usecol:q_pstyle:m_r:43_c:61_sp:26,none,relative,1.0,0.0001,5.0,p_inst:0,1.0,0.0,1,61,0,p,m,gr,43,26,q
pname:p_inst:0_ptype:gr_usecol:q_pstyle:m_r:70_c:59_sp:27,none,relative,1.0,0.0001,5.0,p_inst:0,1.0,0.0,1,59,0,p,m,gr,70,27,q
pname:p_inst:0_ptype:gr_usecol:q_pstyle:m_r:37_c:34_sp:27,none,relative,1.0,0.0001,5.0,p_inst:0,1.0,0.0,1,34,0,p,m,gr,37,27,q
pname:p_inst:0_ptype:gr_usecol:q_pstyle:m_r:31_c:49_sp:27,none,relative,1.0,0.0001,5.0,p_inst:0,1.0,0.0,1,49,0,p,m,gr,31,27,q
pname:p_inst:0_ptype:gr_usecol:q_pstyle:m_r:77_c:44_sp:27,none,relative,1.0,0.0001,5.0,p_inst:0,1.0,0.0,1,44,0,p,m,gr,77,27,q
pname:p_inst:0_ptype:gr_usecol:q_pstyle:m_r:47_c:49_sp:27,none,relative,1.0,0.0001,5.0,p_inst:0,1.0,0.0,1,49,0,p,m,gr,47,27,q
pname:p_inst:0_ptype:gr_usecol:q_pstyle:m_r:45_c:51_sp:27,none,relative,1.0,0.0001,5.0,p_inst:0,1.0,0.0,1,51,0,p,m,gr,45,27,q
pname:p_inst:0_ptype:gr_usecol:q_pstyle:m_r:44_c:39_sp:27,none,relative,1.0,0.0001,5.0,p_inst:0,1.0,0.0,1,39,0,p,m,gr,44,27,q
pname:p_inst:0_ptype:gr_usecol:q_pstyle:m_r:38_c:59_sp:27,none,relative,1.0,0.0001,5.0,p_inst:0,1.0,0.0,1,59,0,p,m,gr,38,27,q
pname:p_inst:0_ptype:gr_usecol:q_pstyle:m_r:77_c:34_sp:27,none,relative,1.0,0.0001,5.0,p_inst:0,1.0,0.0,1,34,0,p,m,gr,77,27,q
pname:p_inst:0_ptype:gr_usecol:q_pstyle:m_r:36_c:47_sp:27,none,relative,1.0,0.0001,5.0,p_inst:0,1.0,0.0,1,47,0,p,m,gr,36,27,q
pname:p_inst:0_ptype:gr_usecol:q_pstyle:m_r:73_c:39_sp:27,none,relative,1.0,0.0001,5.0,p_inst:0,1.0,0.0,1,39,0,p,m,gr,73,27,q
pname:p_inst:0_ptype:gr_usecol:q_pstyle:m_r:77_c:42_sp:27,none,relative,1.0,0.0001,5.0,p_inst:0,1.0,0.0,1,42,0,p,m,gr,77,27,q
pname:p_inst:0_ptype:gr_usecol:q_pstyle:m_r:64_c:58_sp:27,none,relative,1.0,0.0001,5.0,p_inst:0,1.0,0.0,1,58,0,p,m,gr,64,27,q
pname:p_inst:0_ptype:gr_usecol:q_pstyle:m_r:35_c:48_sp:27,none,relative,1.0,0.0001,5.0,p_inst:0,1.0,0.0,1,48,0,p,m,gr,35,27,q
pname:p_inst:0_ptype:gr_usecol:q_pstyle:m_r:67_c:55_sp:27,none,relative,1.0,0.0001,5.0,p_inst:0,1.0,0.0,1,55,0,p,m,gr,67,27,q
pname:p_inst:0_ptype:gr_usecol:q_pstyle:m_r:57_c:30_sp:27,none,relative,1.0,0.0001,5.0,p_inst:0,1.0,0.0,1,30,0,p,m,gr,57,27,q
pname:p_inst:0_ptype:gr_usecol:q_pstyle:m_r:32_c:31_sp:27,none,relative,1.0,0.0001,5.0,p_inst:0,1.0,0.0,1,31,0,p,m,gr,32,27,q
pname:p_inst:0_ptype:gr_usecol:q_pstyle:m_r:31_c:59_sp:27,none,relative,1.0,0.0001,5.0,p_inst:0,1.0,0.0,1,59,0,p,m,gr,31,27,q
pname:p_inst:0_ptype:gr_usecol:q_pstyle:m_r:35_c:61_sp:27,none,relative,1.0,0.0001,5.0,p_inst:0,1.0,0.0,1,61,0,p,m,gr,35,27,q
pname:p_inst:0_ptype:gr_usecol:q_pstyle:m_r:43_c:61_sp:27,none,relative,1.0,0.0001,5.0,p_inst:0,1.0,0.0,1,61,0,p,m,gr,43,27,q
pname:p_inst:0_ptype:gr_usecol:q_pstyle:m_r:70_c:59_sp:28,none,relative,1.0,0.0001,5.0,p_inst:0,1.0,0.0,1,59,0,p,m,gr,70,28,q
pname:p_inst:0_ptype:gr_usecol:q_pstyle:m_r:37_c:34_sp:28,none,relative,1.0,0.0001,5.0,p_inst:0,1.0,0.0,1,34,0,p,m,gr,37,28,q
pname:p_inst:0_ptype:gr_usecol:q_pstyle:m_r:31_c:49_sp:28,none,relative,1.0,0.0001,5.0,p_inst:0,1.0,0.0,1,49,0,p,m,gr,31,28,q
pname:p_inst:0_ptype:gr_usecol:q_pstyle:m_r:77_c:44_sp:28,none,relative,1.0,0.0001,5.0,p_inst:0,1.0,0.0,1,44,0,p,m,gr,77,28,q
pname:p_inst:0_ptype:gr_usecol:q_pstyle:m_r:47_c:49_sp:28,none,relative,1.0,0.0001,5.0,p_inst:0,1.0,0.0,1,49,0,p,m,gr,47,28,q
pname:p_inst:0_ptype:gr_usecol:q_pstyle:m_r:45_c:51_sp:28,none,relative,1.0,0.0001,5.0,p_inst:0,1.0,0.0,1,51,0,p,m,gr,45,28,q
pname:p_inst:0_ptype:gr_usecol:q_pstyle:m_r:44_c:39_sp:28,none,relative,1.0,0.0001,5.0,p_inst:0,1.0,0.0,1,39,0,p,m,gr,44,28,q
pname:p_inst:0_ptype:gr_usecol:q_pstyle:m_r:38_c:59_sp:28,none,relative,1.0,0.0001,5.0,p_inst:0,1.0,0.0,1,59,0,p,m,gr,38,28,q
pname:p_inst:0_ptype:gr_usecol:q_pstyle:m_r:77_c:34_sp:28,none,relative,1.0,0.0001,5.0,p_inst:0,1.0,0.0,1,34,0,p,m,gr,77,28,q
pname:p_inst:0_ptype:gr_usecol:q_pstyle:m_r:36_c:47_sp:28,none,relative,1.0,0.0001,5.0,p_inst:0,1.0,0.0,1,47,0,p,m,gr,36,28,q
pname:p_inst:0_ptype:gr_usecol:q_pstyle:m_r:73_c:39_sp:28,none,relative,1.0,0.0001,5.0,p_inst:0,1.0,0.0,1,39,0,p,m,gr,73,28,q
pname:p_inst:0_ptype:gr_usecol:q_pstyle:m_r:77_c:42_sp:28,none,relative,1.0,0.0001,5.0,p_inst:0,1.0,0.0,1,42,0,p,m,gr,77,28,q
pname:p_inst:0_ptype:gr_usecol:q_pstyle:m_r:64_c:58_sp:28,none,relative,1.0,0.0001,5.0,p_inst:0,1.0,0.0,1,58,0,p,m,gr,64,28,q
pname:p_inst:0_ptype:gr_usecol:q_pstyle:m_r:35_c:48_sp:28,none,relative,1.0,0.0001,5.0,p_inst:0,1.0,0.0,1,48,0,p,m,gr,35,28,q
pname:p_inst:0_ptype:gr_usecol:q_pstyle:m_r:67_c:55_sp:28,none,relative,1.0,0.0001,5.0,p_inst:0,1.0,0.0,1,55,0,p,m,gr,67,28,q
pname:p_inst:0_ptype:gr_usecol:q_pstyle:m_r:57_c:30_sp:28,none,relative,1.0,0.0001,5.0,p_inst:0,1.0,0.0,1,30,0,p,m,gr,57,28,q
pname:p_inst:0_ptype:gr_usecol:q_pstyle:m_r:32_c:31_sp:28,none,relative,1.0,0.0001,5.0,p_inst:0,1.0,0.0,1,31,0,p,m,gr,32,28,q
pname:p_inst:0_ptype:gr_usecol:q_pstyle:m_r:31_c:59_sp:28,none,relative,1.0,0.0001,5.0,p_inst:0,1.0,0.0,1,59,0,p,m,gr,31,28,q
pname:p_inst:0_ptype:gr_usecol:q_pstyle:m_r:35_c:61_sp:28,none,relative,1.0,0.0001,5.0,p_inst:0,1.0,0.0,1,61,0,p,m,gr,35,28,q
pname:p_inst:0_ptype:gr_usecol:q_pstyle:m_r:43_c:61_sp:28,none,relative,1.0,0.0001,5.0,p_inst:0,1.0,0.0,1,61,0,p,m,gr,43,28,q
pname:p_inst:0_ptype:gr_usecol:q_pstyle:m_r:70_c:59_sp:29,none,relative,1.0,0.0001,5.0,p_inst:0,1.0,0.0,1,59,0,p,m,gr,70,29,q
pname:p_inst:0_ptype:gr_usecol:q_pstyle:m_r:37_c:34_sp:29,none,relative,1.0,0.0001,5.0,p_inst:0,1.0,0.0,1,34,0,p,m,gr,37,29,q
pname:p_inst:0_ptype:gr_usecol:q_pstyle:m_r:31_c:49_sp:29,none,relative,1.0,0.0001,5.0,p_inst:0,1.0,0.0,1,49,0,p,m,gr,31,29,q
pname:p_inst:0_ptype:gr_usecol:q_pstyle:m_r:77_c:44_sp:29,none,relative,1.0,0.0001,5.0,p_inst:0,1.0,0.0,1,44,0,p,m,gr,77,29,q
pname:p_inst:0_ptype:gr_usecol:q_pstyle:m_r:47_c:49_sp:29,none,relative,1.0,0.0001,5.0,p_inst:0,1.0,0.0,1,49,0,p,m,gr,47,29,q
pname:p_inst:0_ptype:gr_usecol:q_pstyle:m_r:45_c:51_sp:29,none,relative,1.0,0.0001,5.0,p_inst:0,1.0,0.0,1,51,0,p,m,gr,45,29,q
pname:p_inst:0_ptype:gr_usecol:q_pstyle:m_r:44_c:39_sp:29,none,relative,1.0,0.0001,5.0,p_inst:0,1.0,0.0,1,39,0,p,m,gr,44,29,q
pname:p_inst:0_ptype:gr_usecol:q_pstyle:m_r:38_c:59_sp:29,none,relative,1.0,0.0001,5.0,p_inst:0,1.0,0.0,1,59,0,p,m,gr,38,29,q
pname:p_inst:0_ptype:gr_usecol:q_pstyle:m_r:77_c:34_sp:29,none,relative,1.0,0.0001,5.0,p_inst:0,1.0,0.0,1,34,0,p,m,gr,77,29,q
pname:p_inst:0_ptype:gr_usecol:q_pstyle:m_r:36_c:47_sp:29,none,relative,1.0,0.0001,5.0,p_inst:0,1.0,0.0,1,47,0,p,m,gr,36,29,q
pname:p_inst:0_ptype:gr_usecol:q_pstyle:m_r:73_c:39_sp:29,none,relative,1.0,0.0001,5.0,p_inst:0,1.0,0.0,1,39,0,p,m,gr,73,29,q
pname:p_inst:0_ptype:gr_usecol:q_pstyle:m_r:77_c:42_sp:29,none,relative,1.0,0.0001,5.0,p_inst:0,1.0,0.0,1,42,0,p,m,gr,77,29,q
pname:p_inst:0_ptype:gr_usecol:q_pstyle:m_r:64_c:58_sp:29,none,relative,1.0,0.0001,5.0,p_inst:0,1.0,0.0,1,58,0,p,m,gr,64,29,q
pname:p_inst:0_ptype:gr_usecol:q_pstyle:m_r:35_c:48_sp:29,none,relative,1.0,0.0001,5.0,p_inst:0,1.0,0.0,1,48,0,p,m,gr,35,29,q
pname:p_inst:0_ptype:gr_usecol:q_pstyle:m_r:67_c:55_sp:29,none,relative,1.0,0.0001,5.0,p_inst:0,1.0,0.0,1,55,0,p,m,gr,67,29,q
pname:p_inst:0_ptype:gr_usecol:q_pstyle:m_r:57_c:30_sp:29,none,relative,1.0,0.0001,5.0,p_inst:0,1.0,0.0,1,30,0,p,m,gr,57,29,q
pname:p_inst:0_ptype:gr_usecol:q_pstyle:m_r:32_c:31_sp:29,none,relative,1.0,0.0001,5.0,p_inst:0,1.0,0.0,1,31,0,p,m,gr,32,29,q
pname:p_inst:0_ptype:gr_usecol:q_pstyle:m_r:31_c:59_sp:29,none,relative,1.0,0.0001,5.0,p_inst:0,1.0,0.0,1,59,0,p,m,gr,31,29,q
pname:p_inst:0_ptype:gr_usecol:q_pstyle:m_r:35_c:61_sp:29,none,relative,1.0,0.0001,5.0,p_inst:0,1.0,0.0,1,61,0,p,m,gr,35,29,q
pname:p_inst:0_ptype:gr_usecol:q_pstyle:m_r:43_c:61_sp:29,none,relative,1.0,0.0001,5.0,p_inst:0,1.0,0.0,1,61,0,p,m,gr,43,29,q
pname:p_inst:0_ptype:gr_usecol:q_pstyle:m_r:70_c:59_sp:30,none,relative,1.0,0.0001,5.0,p_inst:0,1.0,0.0,1,59,0,p,m,gr,70,30,q
pname:p_inst:0_ptype:gr_usecol:q_pstyle:m_r:37_c:34_sp:30,none,relative,1.0,0.0001,5.0,p_inst:0,1.0,0.0,1,34,0,p,m,gr,37,30,q
pname:p_inst:0_ptype:gr_usecol:q_pstyle:m_r:31_c:49_sp:30,none,relative,1.0,0.0001,5.0,p_inst:0,1.0,0.0,1,49,0,p,m,gr,31,30,q
pname:p_inst:0_ptype:gr_usecol:q_pstyle:m_r:77_c:44_sp:30,none,relative,1.0,0.0001,5.0,p_inst:0,1.0,0.0,1,44,0,p,m,gr,77,30,q
pname:p_inst:0_ptype:gr_usecol:q_pstyle:m_r:47_c:49_sp:30,none,relative,1.0,0.0001,5.0,p_inst:0,1.0,0.0,1,49,0,p,m,gr,47,30,q
pname:p_inst:0_ptype:gr_usecol:q_pstyle:m_r:45_c:51_sp:30,none,relative,1.0,0.0001,5.0,p_inst:0,1.0,0.0,1,51,0,p,m,gr,45,30,q
pname:p_inst:0_ptype:gr_usecol:q_pstyle:m_r:44_c:39_sp:30,none,relative,1.0,0.0001,5.0,p_inst:0,1.0,0.0,1,39,0,p,m,gr,44,30,q
pname:p_inst:0_ptype:gr_usecol:q_pstyle:m_r:38_c:59_sp:30,none,relative,1.0,0.0001,5.0,p_inst:0,1.0,0.0,1,59,0,p,m,gr,38,30,q
pname:p_inst:0_ptype:gr_usecol:q_pstyle:m_r:77_c:34_sp:30,none,relative,1.0,0.0001,5.0,p_inst:0,1.0,0.0,1,34,0,p,m,gr,77,30,q
pname:p_inst:0_ptype:gr_usecol:q_pstyle:m_r:36_c:47_sp:30,none,relative,1.0,0.0001,5.0,p_inst:0,1.0,0.0,1,47,0,p,m,gr,36,30,q
pname:p_inst:0_ptype:gr_usecol:q_pstyle:m_r:73_c:39_sp:30,none,relative,1.0,0.0001,5.0,p_inst:0,1.0,0.0,1,39,0,p,m,gr,73,30,q
pname:p_inst:0_ptype:gr_usecol:q_pstyle:m_r:77_c:42_sp:30,none,relative,1.0,0.0001,5.0,p_inst:0,1.0,0.0,1,42,0,p,m,gr,77,30,q
pname:p_inst:0_ptype:gr_usecol:q_pstyle:m_r:64_c:58_sp:30,none,relative,1.0,0.0001,5.0,p_inst:0,1.0,0.0,1,58,0,p,m,gr,64,30,q
pname:p_inst:0_ptype:gr_usecol:q_pstyle:m_r:35_c:48_sp:30,none,relative,1.0,0.0001,5.0,p_inst:0,1.0,0.0,1,48,0,p,m,gr,35,30,q
pname:p_inst:0_ptype:gr_usecol:q_pstyle:m_r:67_c:55_sp:30,none,relative,1.0,0.0001,5.0,p_inst:0,1.0,0.0,1,55,0,p,m,gr,67,30,q
pname:p_inst:0_ptype:gr_usecol:q_pstyle:m_r:57_c:30_sp:30,none,relative,1.0,0.0001,5.0,p_inst:0,1.0,0.0,1,30,0,p,m,gr,57,30,q
pname:p_inst:0_ptype:gr_usecol:q_pstyle:m_r:32_c:31_sp:30,none,relative,1.0,0.0001,5.0,p_inst:0,1.0,0.0,1,31,0,p,m,gr,32,30,q
pname:p_inst:0_ptype:gr_usecol:q_pstyle:m_r:31_c:59_sp:30,none,relative,1.0,0.0001,5.0,p_inst:0,1.0,0.0,1,59,0,p,m,gr,31,30,q
pname:p_inst:0_ptype:gr_usecol:q_pstyle:m_r:35_c:61_sp:30,none,relative,1.0,0.0001,5.0,p_inst:0,1.0,0.0,1,61,0,p,m,gr,35,30,q
pname:p_inst:0_ptype:gr_usecol:q_pstyle:m_r:43_c:61_sp:30,none,relative,1.0,0.0001,5.0,p_inst:0,1.0,0.0,1,61,0,p,m,gr,43,30,q
pname:p_inst:0_ptype:gr_usecol:q_pstyle:m_r:70_c:59_sp:31,none,relative,1.0,0.0001,5.0,p_inst:0,1.0,0.0,1,59,0,p,m,gr,70,31,q
pname:p_inst:0_ptype:gr_usecol:q_pstyle:m_r:37_c:34_sp:31,none,relative,1.0,0.0001,5.0,p_inst:0,1.0,0.0,1,34,0,p,m,gr,37,31,q
pname:p_inst:0_ptype:gr_usecol:q_pstyle:m_r:31_c:49_sp:31,none,relative,1.0,0.0001,5.0,p_inst:0,1.0,0.0,1,49,0,p,m,gr,31,31,q
pname:p_inst:0_ptype:gr_usecol:q_pstyle:m_r:77_c:44_sp:31,none,relative,1.0,0.0001,5.0,p_inst:0,1.0,0.0,1,44,0,p,m,gr,77,31,q
pname:p_inst:0_ptype:gr_usecol:q_pstyle:m_r:47_c:49_sp:31,none,relative,1.0,0.0001,5.0,p_inst:0,1.0,0.0,1,49,0,p,m,gr,47,31,q
pname:p_inst:0_ptype:gr_usecol:q_pstyle:m_r:45_c:51_sp:31,none,relative,1.0,0.0001,5.0,p_inst:0,1.0,0.0,1,51,0,p,m,gr,45,31,q
pname:p_inst:0_ptype:gr_usecol:q_pstyle:m_r:44_c:39_sp:31,none,relative,1.0,0.0001,5.0,p_inst:0,1.0,0.0,1,39,0,p,m,gr,44,31,q
pname:p_inst:0_ptype:gr_usecol:q_pstyle:m_r:38_c:59_sp:31,none,relative,1.0,0.0001,5.0,p_inst:0,1.0,0.0,1,59,0,p,m,gr,38,31,q
pname:p_inst:0_ptype:gr_usecol:q_pstyle:m_r:77_c:34_sp:31,none,relative,1.0,0.0001,5.0,p_inst:0,1.0,0.0,1,34,0,p,m,gr,77,31,q
pname:p_inst:0_ptype:gr_usecol:q_pstyle:m_r:36_c:47_sp:31,none,relative,1.0,0.0001,5.0,p_inst:0,1.0,0.0,1,47,0,p,m,gr,36,31,q
pname:p_inst:0_ptype:gr_usecol:q_pstyle:m_r:73_c:39_sp:31,none,relative,1.0,0.0001,5.0,p_inst:0,1.0,0.0,1,39,0,p,m,gr,73,31,q
pname:p_inst:0_ptype:gr_usecol:q_pstyle:m_r:77_c:42_sp:31,none,relative,1.0,0.0001,5.0,p_inst:0,1.0,0.0,1,42,0,p,m,gr,77,31,q
pname:p_inst:0_ptype:gr_usecol:q_pstyle:m_r:64_c:58_sp:31,none,relative,1.0,0.0001,5.0,p_inst:0,1.0,0.0,1,58,0,p,m,gr,64,31,q
pname:p_inst:0_ptype:gr_usecol:q_pstyle:m_r:35_c:48_sp:31,none,relative,1.0,0.0001,5.0,p_inst:0,1.0,0.0,1,48,0,p,m,gr,35,31,q
pname:p_inst:0_ptype:gr_usecol:q_pstyle:m_r:67_c:55_sp:31,none,relative,1.0,0.0001,5.0,p_inst:0,1.0,0.0,1,55,0,p,m,gr,67,31,q
pname:p_inst:0_ptype:gr_usecol:q_pstyle:m_r:57_c:30_sp:31,none,relative,1.0,0.0001,5.0,p_inst:0,1.0,0.0,1,30,0,p,m,gr,57,31,q
pname:p_inst:0_ptype:gr_usecol:q_pstyle:m_r:32_c:31_sp:31,none,relative,1.0,0.0001,5.0,p_inst:0,1.0,0.0,1,31,0,p,m,gr,32,31,q
pname:p_inst:0_ptype:gr_usecol:q_pstyle:m_r:31_c:59_sp:31,none,relative,1.0,0.0001,5.0,p_inst:0,1.0,0.0,1,59,0,p,m,gr,31,31,q
pname:p_inst:0_ptype:gr_usecol:q_pstyle:m_r:35_c:61_sp:31,none,relative,1.0,0.0001,5.0,p_inst:0,1.0,0.0,1,61,0,p,m,gr,35,31,q
pname:p_inst:0_ptype:gr_usecol:q_pstyle:m_r:43_c:61_sp:31,none,relative,1.0,0.0001,5.0,p_inst:0,1.0,0.0,1,61,0,p,m,gr,43,31,q
pname:p_inst:0_ptype:gr_usecol:q_pstyle:m_r:70_c:59_sp:32,none,relative,1.0,0.0001,5.0,p_inst:0,1.0,0.0,1,59,0,p,m,gr,70,32,q
pname:p_inst:0_ptype:gr_usecol:q_pstyle:m_r:37_c:34_sp:32,none,relative,1.0,0.0001,5.0,p_inst:0,1.0,0.0,1,34,0,p,m,gr,37,32,q
pname:p_inst:0_ptype:gr_usecol:q_pstyle:m_r:31_c:49_sp:32,none,relative,1.0,0.0001,5.0,p_inst:0,1.0,0.0,1,49,0,p,m,gr,31,32,q
pname:p_inst:0_ptype:gr_usecol:q_pstyle:m_r:77_c:44_sp:32,none,relative,1.0,0.0001,5.0,p_inst:0,1.0,0.0,1,44,0,p,m,gr,77,32,q
pname:p_inst:0_ptype:gr_usecol:q_pstyle:m_r:47_c:49_sp:32,none,relative,1.0,0.0001,5.0,p_inst:0,1.0,0.0,1,49,0,p,m,gr,47,32,q
pname:p_inst:0_ptype:gr_usecol:q_pstyle:m_r:45_c:51_sp:32,none,relative,1.0,0.0001,5.0,p_inst:0,1.0,0.0,1,51,0,p,m,gr,45,32,q
pname:p_inst:0_ptype:gr_usecol:q_pstyle:m_r:44_c:39_sp:32,none,relative,1.0,0.0001,5.0,p_inst:0,1.0,0.0,1,39,0,p,m,gr,44,32,q
pname:p_inst:0_ptype:gr_usecol:q_pstyle:m_r:38_c:59_sp:32,none,relative,1.0,0.0001,5.0,p_inst:0,1.0,0.0,1,59,0,p,m,gr,38,32,q
pname:p_inst:0_ptype:gr_usecol:q_pstyle:m_r:77_c:34_sp:32,none,relative,1.0,0.0001,5.0,p_inst:0,1.0,0.0,1,34,0,p,m,gr,77,32,q
pname:p_inst:0_ptype:gr_usecol:q_pstyle:m_r:36_c:47_sp:32,none,relative,1.0,0.0001,5.0,p_inst:0,1.0,0.0,1,47,0,p,m,gr,36,32,q
pname:p_inst:0_ptype:gr_usecol:q_pstyle:m_r:73_c:39_sp:32,none,relative,1.0,0.0001,5.0,p_inst:0,1.0,0.0,1,39,0,p,m,gr,73,32,q
pname:p_inst:0_ptype:gr_usecol:q_pstyle:m_r:77_c:42_sp:32,none,relative,1.0,0.0001,5.0,p_inst:0,1.0,0.0,1,42,0,p,m,gr,77,32,q
pname:p_inst:0_ptype:gr_usecol:q_pstyle:m_r:64_c:58_sp:32,none,relative,1.0,0.0001,5.0,p_inst:0,1.0,0.0,1,58,0,p,m,gr,64,32,q
pname:p_inst:0_ptype:gr_usecol:q_pstyle:m_r:35_c:48_sp:32,none,relative,1.0,0.0001,5.0,p_inst:0,1.0,0.0,1,48,0,p,m,gr,35,32,q
pname:p_inst:0_ptype:gr_usecol:q_pstyle:m_r:67_c:55_sp:32,none,relative,1.0,0.0001,5.0,p_inst:0,1.0,0.0,1,55,0,p,m,gr,67,32,q
pname:p_inst:0_ptype:gr_usecol:q_pstyle:m_r:57_c:30_sp:32,none,relative,1.0,0.0001,5.0,p_inst:0,1.0,0.0,1,30,0,p,m,gr,57,32,q
pname:p_inst:0_ptype:gr_usecol:q_pstyle:m_r:32_c:31_sp:32,none,relative,1.0,0.0001,5.0,p_inst:0,1.0,0.0,1,31,0,p,m,gr,32,32,q
pname:p_inst:0_ptype:gr_usecol:q_pstyle:m_r:31_c:59_sp:32,none,relative,1.0,0.0001,5.0,p_inst:0,1.0,0.0,1,59,0,p,m,gr,31,32,q
pname:p_inst:0_ptype:gr_usecol:q_pstyle:m_r:35_c:61_sp:32,none,relative,1.0,0.0001,5.0,p_inst:0,1.0,0.0,1,61,0,p,m,gr,35,32,q
pname:p_inst:0_ptype:gr_usecol:q_pstyle:m_r:43_c:61_sp:32,none,relative,1.0,0.0001,5.0,p_inst:0,1.0,0.0,1,61,0,p,m,gr,43,32,q
pname:p_inst:0_ptype:gr_usecol:q_pstyle:m_r:70_c:59_sp:33,none,relative,1.0,0.0001,5.0,p_inst:0,1.0,0.0,1,59,0,p,m,gr,70,33,q
pname:p_inst:0_ptype:gr_usecol:q_pstyle:m_r:37_c:34_sp:33,none,relative,1.0,0.0001,5.0,p_inst:0,1.0,0.0,1,34,0,p,m,gr,37,33,q
pname:p_inst:0_ptype:gr_usecol:q_pstyle:m_r:31_c:49_sp:33,none,relative,1.0,0.0001,5.0,p_inst:0,1.0,0.0,1,49,0,p,m,gr,31,33,q
pname:p_inst:0_ptype:gr_usecol:q_pstyle:m_r:77_c:44_sp:33,none,relative,1.0,0.0001,5.0,p_inst:0,1.0,0.0,1,44,0,p,m,gr,77,33,q
pname:p_inst:0_ptype:gr_usecol:q_pstyle:m_r:47_c:49_sp:33,none,relative,1.0,0.0001,5.0,p_inst:0,1.0,0.0,1,49,0,p,m,gr,47,33,q
pname:p_inst:0_ptype:gr_usecol:q_pstyle:m_r:45_c:51_sp:33,none,relative,1.0,0.0001,5.0,p_inst:0,1.0,0.0,1,51,0,p,m,gr,45,33,q
pname:p_inst:0_ptype:gr_usecol:q_pstyle:m_r:44_c:39_sp:33,none,relative,1.0,0.0001,5.0,p_inst:0,1.0,0.0,1,39,0,p,m,gr,44,33,q
pname:p_inst:0_ptype:gr_usecol:q_pstyle:m_r:38_c:59_sp:33,none,relative,1.0,0.0001,5.0,p_inst:0,1.0,0.0,1,59,0,p,m,gr,38,33,q
pname:p_inst:0_ptype:gr_usecol:q_pstyle:m_r:77_c:34_sp:33,none,relative,1.0,0.0001,5.0,p_inst:0,1.0,0.0,1,34,0,p,m,gr,77,33,q
pname:p_inst:0_ptype:gr_usecol:q_pstyle:m_r:36_c:47_sp:33,none,relative,1.0,0.0001,5.0,p_inst:0,1.0,0.0,1,47,0,p,m,gr,36,33,q
pname:p_inst:0_ptype:gr_usecol:q_pstyle:m_r:73_c:39_sp:33,none,relative,1.0,0.0001,5.0,p_inst:0,1.0,0.0,1,39,0,p,m,gr,73,33,q
pname:p_inst:0_ptype:gr_usecol:q_pstyle:m_r:77_c:42_sp:33,none,relative,1.0,0.0001,5.0,p_inst:0,1.0,0.0,1,42,0,p,m,gr,77,33,q
pname:p_inst:0_ptype:gr_usecol:q_pstyle:m_r:64_c:58_sp:33,none,relative,1.0,0.0001,5.0,p_inst:0,1.0,0.0,1,58,0,p,m,gr,64,33,q
pname:p_inst:0_ptype:gr_usecol:q_pstyle:m_r:35_c:48_sp:33,none,relative,1.0,0.0001,5.0,p_inst:0,1.0,0.0,1,48,0,p,m,gr,35,33,q
pname:p_inst:0_ptype:gr_usecol:q_pstyle:m_r:67_c:55_sp:33,none,relative,1.0,0.0001,5.0,p_inst:0,1.0,0.0,1,55,0,p,m,gr,67,33,q
pname:p_inst:0_ptype:gr_usecol:q_pstyle:m_r:57_c:30_sp:33,none,relative,1.0,0.0001,5.0,p_inst:0,1.0,0.0,1,30,0,p,m,gr,57,33,q
pname:p_inst:0_ptype:gr_usecol:q_pstyle:m_r:32_c:31_sp:33,none,relative,1.0,0.0001,5.0,p_inst:0,1.0,0.0,1,31,0,p,m,gr,32,33,q
pname:p_inst:0_ptype:gr_usecol:q_pstyle:m_r:31_c:59_sp:33,none,relative,1.0,0.0001,5.0,p_inst:0,1.0,0.0,1,59,0,p,m,gr,31,33,q
pname:p_inst:0_ptype:gr_usecol:q_pstyle:m_r:35_c:61_sp:33,none,relative,1.0,0.0001,5.0,p_inst:0,1.0,0.0,1,61,0,p,m,gr,35,33,q
pname:p_inst:0_ptype:gr_usecol:q_pstyle:m_r:43_c:61_sp:33,none,relative,1.0,0.0001,5.0,p_inst:0,1.0,0.0,1,61,0,p,m,gr,43,33,q
pname:p_inst:0_ptype:gr_usecol:q_pstyle:m_r:70_c:59_sp:34,none,relative,1.0,0.0001,5.0,p_inst:0,1.0,0.0,1,59,0,p,m,gr,70,34,q
pname:p_inst:0_ptype:gr_usecol:q_pstyle:m_r:37_c:34_sp:34,none,relative,1.0,0.0001,5.0,p_inst:0,1.0,0.0,1,34,0,p,m,gr,37,34,q
pname:p_inst:0_ptype:gr_usecol:q_pstyle:m_r:31_c:49_sp:34,none,relative,1.0,0.0001,5.0,p_inst:0,1.0,0.0,1,49,0,p,m,gr,31,34,q
pname:p_inst:0_ptype:gr_usecol:q_pstyle:m_r:77_c:44_sp:34,none,relative,1.0,0.0001,5.0,p_inst:0,1.0,0.0,1,44,0,p,m,gr,77,34,q
pname:p_inst:0_ptype:gr_usecol:q_pstyle:m_r:47_c:49_sp:34,none,relative,1.0,0.0001,5.0,p_inst:0,1.0,0.0,1,49,0,p,m,gr,47,34,q
pname:p_inst:0_ptype:gr_usecol:q_pstyle:m_r:45_c:51_sp:34,none,relative,1.0,0.0001,5.0,p_inst:0,1.0,0.0,1,51,0,p,m,gr,45,34,q
pname:p_inst:0_ptype:gr_usecol:q_pstyle:m_r:44_c:39_sp:34,none,relative,1.0,0.0001,5.0,p_inst:0,1.0,0.0,1,39,0,p,m,gr,44,34,q
pname:p_inst:0_ptype:gr_usecol:q_pstyle:m_r:38_c:59_sp:34,none,relative,1.0,0.0001,5.0,p_inst:0,1.0,0.0,1,59,0,p,m,gr,38,34,q
pname:p_inst:0_ptype:gr_usecol:q_pstyle:m_r:77_c:34_sp:34,none,relative,1.0,0.0001,5.0,p_inst:0,1.0,0.0,1,34,0,p,m,gr,77,34,q
pname:p_inst:0_ptype:gr_usecol:q_pstyle:m_r:36_c:47_sp:34,none,relative,1.0,0.0001,5.0,p_inst:0,1.0,0.0,1,47,0,p,m,gr,36,34,q
pname:p_inst:0_ptype:gr_usecol:q_pstyle:m_r:73_c:39_sp:34,none,relative,1.0,0.0001,5.0,p_inst:0,1.0,0.0,1,39,0,p,m,gr,73,34,q
pname:p_inst:0_ptype:gr_usecol:q_pstyle:m_r:77_c:42_sp:34,none,relative,1.0,0.0001,5.0,p_inst:0,1.0,0.0,1,42,0,p,m,gr,77,34,q
pname:p_inst:0_ptype:gr_usecol:q_pstyle:m_r:64_c:58_sp:34,none,relative,1.0,0.0001,5.0,p_inst:0,1.0,0.0,1,58,0,p,m,gr,64,34,q
pname:p_inst:0_ptype:gr_usecol:q_pstyle:m_r:35_c:48_sp:34,none,relative,1.0,0.0001,5.0,p_inst:0,1.0,0.0,1,48,0,p,m,gr,35,34,q
pname:p_inst:0_ptype:gr_usecol:q_pstyle:m_r:67_c:55_sp:34,none,relative,1.0,0.0001,5.0,p_inst:0,1.0,0.0,1,55,0,p,m,gr,67,34,q
pname:p_inst:0_ptype:gr_usecol:q_pstyle:m_r:57_c:30_sp:34,none,relative,1.0,0.0001,5.0,p_inst:0,1.0,0.0,1,30,0,p,m,gr,57,34,q
pname:p_inst:0_ptype:gr_usecol:q_pstyle:m_r:32_c:31_sp:34,none,relative,1.0,0.0001,5.0,p_inst:0,1.0,0.0,1,31,0,p,m,gr,32,34,q
pname:p_inst:0_ptype:gr_usecol:q_pstyle:m_r:31_c:59_sp:34,none,relative,1.0,0.0001,5.0,p_inst:0,1.0,0.0,1,59,0,p,m,gr,31,34,q
pname:p_inst:0_ptype:gr_usecol:q_pstyle:m_r:35_c:61_sp:34,none,relative,1.0,0.0001,5.0,p_inst:0,1.0,0.0,1,61,0,p,m,gr,35,34,q
pname:p_inst:0_ptype:gr_usecol:q_pstyle:m_r:43_c:61_sp:34,none,relative,1.0,0.0001,5.0,p_inst:0,1.0,0.0,1,61,0,p,m,gr,43,34,q
pname:p_inst:0_ptype:gr_usecol:q_pstyle:m_r:70_c:59_sp:35,none,relative,1.0,0.0001,5.0,p_inst:0,1.0,0.0,1,59,0,p,m,gr,70,35,q
pname:p_inst:0_ptype:gr_usecol:q_pstyle:m_r:37_c:34_sp:35,none,relative,1.0,0.0001,5.0,p_inst:0,1.0,0.0,1,34,0,p,m,gr,37,35,q
pname:p_inst:0_ptype:gr_usecol:q_pstyle:m_r:31_c:49_sp:35,none,relative,1.0,0.0001,5.0,p_inst:0,1.0,0.0,1,49,0,p,m,gr,31,35,q
pname:p_inst:0_ptype:gr_usecol:q_pstyle:m_r:77_c:44_sp:35,none,relative,1.0,0.0001,5.0,p_inst:0,1.0,0.0,1,44,0,p,m,gr,77,35,q
pname:p_inst:0_ptype:gr_usecol:q_pstyle:m_r:47_c:49_sp:35,none,relative,1.0,0.0001,5.0,p_inst:0,1.0,0.0,1,49,0,p,m,gr,47,35,q
pname:p_inst:0_ptype:gr_usecol:q_pstyle:m_r:45_c:51_sp:35,none,relative,1.0,0.0001,5.0,p_inst:0,1.0,0.0,1,51,0,p,m,gr,45,35,q
pname:p_inst:0_ptype:gr_usecol:q_pstyle:m_r:44_c:39_sp:35,none,relative,1.0,0.0001,5.0,p_inst:0,1.0,0.0,1,39,0,p,m,gr,44,35,q
pname:p_inst:0_ptype:gr_usecol:q_pstyle:m_r:38_c:59_sp:35,none,relative,1.0,0.0001,5.0,p_inst:0,1.0,0.0,1,59,0,p,m,gr,38,35,q
pname:p_inst:0_ptype:gr_usecol:q_pstyle:m_r:77_c:34_sp:35,none,relative,1.0,0.0001,5.0,p_inst:0,1.0,0.0,1,34,0,p,m,gr,77,35,q
pname:p_inst:0_ptype:gr_usecol:q_pstyle:m_r:36_c:47_sp:35,none,relative,1.0,0.0001,5.0,p_inst:0,1.0,0.0,1,47,0,p,m,gr,36,35,q
pname:p_inst:0_ptype:gr_usecol:q_pstyle:m_r:73_c:39_sp:35,none,relative,1.0,0.0001,5.0,p_inst:0,1.0,0.0,1,39,0,p,m,gr,73,35,q
pname:p_inst:0_ptype:gr_usecol:q_pstyle:m_r:77_c:42_sp:35,none,relative,1.0,0.0001,5.0,p_inst:0,1.0,0.0,1,42,0,p,m,gr,77,35,q
pname:p_inst:0_ptype:gr_usecol:q_pstyle:m_r:64_c:58_sp:35,none,relative,1.0,0.0001,5.0,p_inst:0,1.0,0.0,1,58,0,p,m,gr,64,35,q
pname:p_inst:0_ptype:gr_usecol:q_pstyle:m_r:35_c:48_sp:35,none,relative,1.0,0.0001,5.0,p_inst:0,1.0,0.0,1,48,0,p,m,gr,35,35,q
pname:p_inst:0_ptype:gr_usecol:q_pstyle:m_r:67_c:55_sp:35,none,relative,1.0,0.0001,5.0,p_inst:0,1.0,0.0,1,55,0,p,m,gr,67,35,q
pname:p_inst:0_ptype:gr_usecol:q_pstyle:m_r:57_c:30_sp:35,none,relative,1.0,0.0001,5.0,p_inst:0,1.0,0.0,1,30,0,p,m,gr,57,35,q
pname:p_inst:0_ptype:gr_usecol:q_pstyle:m_r:32_c:31_sp:35,none,relative,1.0,0.0001,5.0,p_inst:0,1.0,0.0,1,31,0,p,m,gr,32,35,q
pname:p_inst:0_ptype:gr_usecol:q_pstyle:m_r:31_c:59_sp:35,none,relative,1.0,0.0001,5.0,p_inst:0,1.0,0.0,1,59,0,p,m,gr,31,35,q
pname:p_inst:0_ptype:gr_usecol:q_pstyle:m_r:35_c:61_sp:35,none,relative,1.0,0.0001,5.0,p_inst:0,1.0,0.0,1,61,0,p,m,gr,35,35,q
pname:p_inst:0_ptype:gr_usecol:q_pstyle:m_r:43_c:61_sp:35,none,relative,1.0,0.0001,5.0,p_inst:0,1.0,0.0,1,61,0,p,m,gr,43,35,q
pname:p_inst:0_ptype:gr_usecol:q_pstyle:m_r:70_c:59_sp:36,none,relative,1.0,0.0001,5.0,p_inst:0,1.0,0.0,1,59,0,p,m,gr,70,36,q
pname:p_inst:0_ptype:gr_usecol:q_pstyle:m_r:37_c:34_sp:36,none,relative,1.0,0.0001,5.0,p_inst:0,1.0,0.0,1,34,0,p,m,gr,37,36,q
pname:p_inst:0_ptype:gr_usecol:q_pstyle:m_r:31_c:49_sp:36,none,relative,1.0,0.0001,5.0,p_inst:0,1.0,0.0,1,49,0,p,m,gr,31,36,q
pname:p_inst:0_ptype:gr_usecol:q_pstyle:m_r:77_c:44_sp:36,none,relative,1.0,0.0001,5.0,p_inst:0,1.0,0.0,1,44,0,p,m,gr,77,36,q
pname:p_inst:0_ptype:gr_usecol:q_pstyle:m_r:47_c:49_sp:36,none,relative,1.0,0.0001,5.0,p_inst:0,1.0,0.0,1,49,0,p,m,gr,47,36,q
pname:p_inst:0_ptype:gr_usecol:q_pstyle:m_r:45_c:51_sp:36,none,relative,1.0,0.0001,5.0,p_inst:0,1.0,0.0,1,51,0,p,m,gr,45,36,q
pname:p_inst:0_ptype:gr_usecol:q_pstyle:m_r:44_c:39_sp:36,none,relative,1.0,0.0001,5.0,p_inst:0,1.0,0.0,1,39,0,p,m,gr,44,36,q
pname:p_inst:0_ptype:gr_usecol:q_pstyle:m_r:38_c:59_sp:36,none,relative,1.0,0.0001,5.0,p_inst:0,1.0,0.0,1,59,0,p,m,gr,38,36,q
pname:p_inst:0_ptype:gr_usecol:q_pstyle:m_r:77_c:34_sp:36,none,relative,1.0,0.0001,5.0,p_inst:0,1.0,0.0,1,34,0,p,m,gr,77,36,q
pname:p_inst:0_ptype:gr_usecol:q_pstyle:m_r:36_c:47_sp:36,none,relative,1.0,0.0001,5.0,p_inst:0,1.0,0.0,1,47,0,p,m,gr,36,36,q
pname:p_inst:0_ptype:gr_usecol:q_pstyle:m_r:73_c:39_sp:36,none,relative,1.0,0.0001,5.0,p_inst:0,1.0,0.0,1,39,0,p,m,gr,73,36,q
pname:p_inst:0_ptype:gr_usecol:q_pstyle:m_r:77_c:42_sp:36,none,relative,1.0,0.0001,5.0,p_inst:0,1.0,0.0,1,42,0,p,m,gr,77,36,q
pname:p_inst:0_ptype:gr_usecol:q_pstyle:m_r:64_c:58_sp:36,none,relative,1.0,0.0001,5.0,p_inst:0,1.0,0.0,1,58,0,p,m,gr,64,36,q
pname:p_inst:0_ptype:gr_usecol:q_pstyle:m_r:35_c:48_sp:36,none,relative,1.0,0.0001,5.0,p_inst:0,1.0,0.0,1,48,0,p,m,gr,35,36,q
pname:p_inst:0_ptype:gr_usecol:q_pstyle:m_r:67_c:55_sp:36,none,relative,1.0,0.0001,5.0,p_inst:0,1.0,0.0,1,55,0,p,m,gr,67,36,q
pname:p_inst:0_ptype:gr_usecol:q_pstyle:m_r:57_c:30_sp:36,none,relative,1.0,0.0001,5.0,p_inst:0,1.0,0.0,1,30,0,p,m,gr,57,36,q
pname:p_inst:0_ptype:gr_usecol:q_pstyle:m_r:32_c:31_sp:36,none,relative,1.0,0.0001,5.0,p_inst:0,1.0,0.0,1,31,0,p,m,gr,32,36,q
pname:p_inst:0_ptype:gr_usecol:q_pstyle:m_r:31_c:59_sp:36,none,relative,1.0,0.0001,5.0,p_inst:0,1.0,0.0,1,59,0,p,m,gr,31,36,q
pname:p_inst:0_ptype:gr_usecol:q_pstyle:m_r:35_c:61_sp:36,none,relative,1.0,0.0001,5.0,p_inst:0,1.0,0.0,1,61,0,p,m,gr,35,36,q
pname:p_inst:0_ptype:gr_usecol:q_pstyle:m_r:43_c:61_sp:36,none,relative,1.0,0.0001,5.0,p_inst:0,1.0,0.0,1,61,0,p,m,gr,43,36,q
pname:p_inst:0_ptype:gr_usecol:q_pstyle:m_r:70_c:59_sp:37,none,relative,1.0,0.0001,5.0,p_inst:0,1.0,0.0,1,59,0,p,m,gr,70,37,q
pname:p_inst:0_ptype:gr_usecol:q_pstyle:m_r:37_c:34_sp:37,none,relative,1.0,0.0001,5.0,p_inst:0,1.0,0.0,1,34,0,p,m,gr,37,37,q
pname:p_inst:0_ptype:gr_usecol:q_pstyle:m_r:31_c:49_sp:37,none,relative,1.0,0.0001,5.0,p_inst:0,1.0,0.0,1,49,0,p,m,gr,31,37,q
pname:p_inst:0_ptype:gr_usecol:q_pstyle:m_r:77_c:44_sp:37,none,relative,1.0,0.0001,5.0,p_inst:0,1.0,0.0,1,44,0,p,m,gr,77,37,q
pname:p_inst:0_ptype:gr_usecol:q_pstyle:m_r:47_c:49_sp:37,none,relative,1.0,0.0001,5.0,p_inst:0,1.0,0.0,1,49,0,p,m,gr,47,37,q
pname:p_inst:0_ptype:gr_usecol:q_pstyle:m_r:45_c:51_sp:37,none,relative,1.0,0.0001,5.0,p_inst:0,1.0,0.0,1,51,0,p,m,gr,45,37,q
pname:p_inst:0_ptype:gr_usecol:q_pstyle:m_r:44_c:39_sp:37,none,relative,1.0,0.0001,5.0,p_inst:0,1.0,0.0,1,39,0,p,m,gr,44,37,q
pname:p_inst:0_ptype:gr_usecol:q_pstyle:m_r:38_c:59_sp:37,none,relative,1.0,0.0001,5.0,p_inst:0,1.0,0.0,1,59,0,p,m,gr,38,37,q
pname:p_inst:0_ptype:gr_usecol:q_pstyle:m_r:77_c:34_sp:37,none,relative,1.0,0.0001,5.0,p_inst:0,1.0,0.0,1,34,0,p,m,gr,77,37,q
pname:p_inst:0_ptype:gr_usecol:q_pstyle:m_r:36_c:47_sp:37,none,relative,1.0,0.0001,5.0,p_inst:0,1.0,0.0,1,47,0,p,m,gr,36,37,q
pname:p_inst:0_ptype:gr_usecol:q_pstyle:m_r:73_c:39_sp:37,none,relative,1.0,0.0001,5.0,p_inst:0,1.0,0.0,1,39,0,p,m,gr,73,37,q
pname:p_inst:0_ptype:gr_usecol:q_pstyle:m_r:77_c:42_sp:37,none,relative,1.0,0.0001,5.0,p_inst:0,1.0,0.0,1,42,0,p,m,gr,77,37,q
pname:p_inst:0_ptype:gr_usecol:q_pstyle:m_r:64_c:58_sp:37,none,relative,1.0,0.0001,5.0,p_inst:0,1.0,0.0,1,58,0,p,m,gr,64,37,q
pname:p_inst:0_ptype:gr_usecol:q_pstyle:m_r:35_c:48_sp:37,none,relative,1.0,0.0001,5.0,p_inst:0,1.0,0.0,1,48,0,p,m,gr,35,37,q
pname:p_inst:0_ptype:gr_usecol:q_pstyle:m_r:67_c:55_sp:37,none,relative,1.0,0.0001,5.0,p_inst:0,1.0,0.0,1,55,0,p,m,gr,67,37,q
pname:p_inst:0_ptype:gr_usecol:q_pstyle:m_r:57_c:30_sp:37,none,relative,1.0,0.0001,5.0,p_inst:0,1.0,0.0,1,30,0,p,m,gr,57,37,q
pname:p_inst:0_ptype:gr_usecol:q_pstyle:m_r:32_c:31_sp:37,none,relative,1.0,0.0001,5.0,p_inst:0,1.0,0.0,1,31,0,p,m,gr,32,37,q
pname:p_inst:0_ptype:gr_usecol:q_pstyle:m_r:31_c:59_sp:37,none,relative,1.0,0.0001,5.0,p_inst:0,1.0,0.0,1,59,0,p,m,gr,31,37,q
pname:p_inst:0_ptype:gr_usecol:q_pstyle:m_r:35_c:61_sp:37,none,relative,1.0,0.0001,5.0,p_inst:0,1.0,0.0,1,61,0,p,m,gr,35,37,q
pname:p_inst:0_ptype:gr_usecol:q_pstyle:m_r:43_c:61_sp:37,none,relative,1.0,0.0001,5.0,p_inst:0,1.0,0.0,1,61,0,p,m,gr,43,37,q
pname:p_inst:0_ptype:gr_usecol:q_pstyle:m_r:70_c:59_sp:38,none,relative,1.0,0.0001,5.0,p_inst:0,1.0,0.0,1,59,0,p,m,gr,70,38,q
pname:p_inst:0_ptype:gr_usecol:q_pstyle:m_r:37_c:34_sp:38,none,relative,1.0,0.0001,5.0,p_inst:0,1.0,0.0,1,34,0,p,m,gr,37,38,q
pname:p_inst:0_ptype:gr_usecol:q_pstyle:m_r:31_c:49_sp:38,none,relative,1.0,0.0001,5.0,p_inst:0,1.0,0.0,1,49,0,p,m,gr,31,38,q
pname:p_inst:0_ptype:gr_usecol:q_pstyle:m_r:77_c:44_sp:38,none,relative,1.0,0.0001,5.0,p_inst:0,1.0,0.0,1,44,0,p,m,gr,77,38,q
pname:p_inst:0_ptype:gr_usecol:q_pstyle:m_r:47_c:49_sp:38,none,relative,1.0,0.0001,5.0,p_inst:0,1.0,0.0,1,49,0,p,m,gr,47,38,q
pname:p_inst:0_ptype:gr_usecol:q_pstyle:m_r:45_c:51_sp:38,none,relative,1.0,0.0001,5.0,p_inst:0,1.0,0.0,1,51,0,p,m,gr,45,38,q
pname:p_inst:0_ptype:gr_usecol:q_pstyle:m_r:44_c:39_sp:38,none,relative,1.0,0.0001,5.0,p_inst:0,1.0,0.0,1,39,0,p,m,gr,44,38,q
pname:p_inst:0_ptype:gr_usecol:q_pstyle:m_r:38_c:59_sp:38,none,relative,1.0,0.0001,5.0,p_inst:0,1.0,0.0,1,59,0,p,m,gr,38,38,q
pname:p_inst:0_ptype:gr_usecol:q_pstyle:m_r:77_c:34_sp:38,none,relative,1.0,0.0001,5.0,p_inst:0,1.0,0.0,1,34,0,p,m,gr,77,38,q
pname:p_inst:0_ptype:gr_usecol:q_pstyle:m_r:36_c:47_sp:38,none,relative,1.0,0.0001,5.0,p_inst:0,1.0,0.0,1,47,0,p,m,gr,36,38,q
pname:p_inst:0_ptype:gr_usecol:q_pstyle:m_r:73_c:39_sp:38,none,relative,1.0,0.0001,5.0,p_inst:0,1.0,0.0,1,39,0,p,m,gr,73,38,q
pname:p_inst:0_ptype:gr_usecol:q_pstyle:m_r:77_c:42_sp:38,none,relative,1.0,0.0001,5.0,p_inst:0,1.0,0.0,1,42,0,p,m,gr,77,38,q
pname:p_inst:0_ptype:gr_usecol:q_pstyle:m_r:64_c:58_sp:38,none,relative,1.0,0.0001,5.0,p_inst:0,1.0,0.0,1,58,0,p,m,gr,64,38,q
pname:p_inst:0_ptype:gr_usecol:q_pstyle:m_r:35_c:48_sp:38,none,relative,1.0,0.0001,5.0,p_inst:0,1.0,0.0,1,48,0,p,m,gr,35,38,q
pname:p_inst:0_ptype:gr_usecol:q_pstyle:m_r:67_c:55_sp:38,none,relative,1.0,0.0001,5.0,p_inst:0,1.0,0.0,1,55,0,p,m,gr,67,38,q
pname:p_inst:0_ptype:gr_usecol:q_pstyle:m_r:57_c:30_sp:38,none,relative,1.0,0.0001,5.0,p_inst:0,1.0,0.0,1,30,0,p,m,gr,57,38,q
pname:p_inst:0_ptype:gr_usecol:q_pstyle:m_r:32_c:31_sp:38,none,relative,1.0,0.0001,5.0,p_inst:0,1.0,0.0,1,31,0,p,m,gr,32,38,q
pname:p_inst:0_ptype:gr_usecol:q_pstyle:m_r:31_c:59_sp:38,none,relative,1.0,0.0001,5.0,p_inst:0,1.0,0.0,1,59,0,p,m,gr,31,38,q
pname:p_inst:0_ptype:gr_usecol:q_pstyle:m_r:35_c:61_sp:38,none,relative,1.0,0.0001,5.0,p_inst:0,1.0,0.0,1,61,0,p,m,gr,35,38,q
pname:p_inst:0_ptype:gr_usecol:q_pstyle:m_r:43_c:61_sp:38,none,relative,1.0,0.0001,5.0,p_inst:0,1.0,0.0,1,61,0,p,m,gr,43,38,q
pname:p_inst:0_ptype:gr_usecol:q_pstyle:m_r:70_c:59_sp:39,none,relative,1.0,0.0001,5.0,p_inst:0,1.0,0.0,1,59,0,p,m,gr,70,39,q
pname:p_inst:0_ptype:gr_usecol:q_pstyle:m_r:37_c:34_sp:39,none,relative,1.0,0.0001,5.0,p_inst:0,1.0,0.0,1,34,0,p,m,gr,37,39,q
pname:p_inst:0_ptype:gr_usecol:q_pstyle:m_r:31_c:49_sp:39,none,relative,1.0,0.0001,5.0,p_inst:0,1.0,0.0,1,49,0,p,m,gr,31,39,q
pname:p_inst:0_ptype:gr_usecol:q_pstyle:m_r:77_c:44_sp:39,none,relative,1.0,0.0001,5.0,p_inst:0,1.0,0.0,1,44,0,p,m,gr,77,39,q
pname:p_inst:0_ptype:gr_usecol:q_pstyle:m_r:47_c:49_sp:39,none,relative,1.0,0.0001,5.0,p_inst:0,1.0,0.0,1,49,0,p,m,gr,47,39,q
pname:p_inst:0_ptype:gr_usecol:q_pstyle:m_r:45_c:51_sp:39,none,relative,1.0,0.0001,5.0,p_inst:0,1.0,0.0,1,51,0,p,m,gr,45,39,q
pname:p_inst:0_ptype:gr_usecol:q_pstyle:m_r:44_c:39_sp:39,none,relative,1.0,0.0001,5.0,p_inst:0,1.0,0.0,1,39,0,p,m,gr,44,39,q
pname:p_inst:0_ptype:gr_usecol:q_pstyle:m_r:38_c:59_sp:39,none,relative,1.0,0.0001,5.0,p_inst:0,1.0,0.0,1,59,0,p,m,gr,38,39,q
pname:p_inst:0_ptype:gr_usecol:q_pstyle:m_r:77_c:34_sp:39,none,relative,1.0,0.0001,5.0,p_inst:0,1.0,0.0,1,34,0,p,m,gr,77,39,q
pname:p_inst:0_ptype:gr_usecol:q_pstyle:m_r:36_c:47_sp:39,none,relative,1.0,0.0001,5.0,p_inst:0,1.0,0.0,1,47,0,p,m,gr,36,39,q
pname:p_inst:0_ptype:gr_usecol:q_pstyle:m_r:73_c:39_sp:39,none,relative,1.0,0.0001,5.0,p_inst:0,1.0,0.0,1,39,0,p,m,gr,73,39,q
pname:p_inst:0_ptype:gr_usecol:q_pstyle:m_r:77_c:42_sp:39,none,relative,1.0,0.0001,5.0,p_inst:0,1.0,0.0,1,42,0,p,m,gr,77,39,q
pname:p_inst:0_ptype:gr_usecol:q_pstyle:m_r:64_c:58_sp:39,none,relative,1.0,0.0001,5.0,p_inst:0,1.0,0.0,1,58,0,p,m,gr,64,39,q
pname:p_inst:0_ptype:gr_usecol:q_pstyle:m_r:35_c:48_sp:39,none,relative,1.0,0.0001,5.0,p_inst:0,1.0,0.0,1,48,0,p,m,gr,35,39,q
pname:p_inst:0_ptype:gr_usecol:q_pstyle:m_r:67_c:55_sp:39,none,relative,1.0,0.0001,5.0,p_inst:0,1.0,0.0,1,55,0,p,m,gr,67,39,q
pname:p_inst:0_ptype:gr_usecol:q_pstyle:m_r:57_c:30_sp:39,none,relative,1.0,0.0001,5.0,p_inst:0,1.0,0.0,1,30,0,p,m,gr,57,39,q
pname:p_inst:0_ptype:gr_usecol:q_pstyle:m_r:32_c:31_sp:39,none,relative,1.0,0.0001,5.0,p_inst:0,1.0,0.0,1,31,0,p,m,gr,32,39,q
pname:p_inst:0_ptype:gr_usecol:q_pstyle:m_r:31_c:59_sp:39,none,relative,1.0,0.0001,5.0,p_inst:0,1.0,0.0,1,59,0,p,m,gr,31,39,q
pname:p_inst:0_ptype:gr_usecol:q_pstyle:m_r:35_c:61_sp:39,none,relative,1.0,0.0001,5.0,p_inst:0,1.0,0.0,1,61,0,p,m,gr,35,39,q
pname:p_inst:0_ptype:gr_usecol:q_pstyle:m_r:43_c:61_sp:39,none,relative,1.0,0.0001,5.0,p_inst:0,1.0,0.0,1,61,0,p,m,gr,43,39,q
pname:p_inst:0_ptype:gr_usecol:q_pstyle:m_r:70_c:59_sp:40,none,relative,1.0,0.0001,5.0,p_inst:0,1.0,0.0,1,59,0,p,m,gr,70,40,q
pname:p_inst:0_ptype:gr_usecol:q_pstyle:m_r:37_c:34_sp:40,none,relative,1.0,0.0001,5.0,p_inst:0,1.0,0.0,1,34,0,p,m,gr,37,40,q
pname:p_inst:0_ptype:gr_usecol:q_pstyle:m_r:31_c:49_sp:40,none,relative,1.0,0.0001,5.0,p_inst:0,1.0,0.0,1,49,0,p,m,gr,31,40,q
pname:p_inst:0_ptype:gr_usecol:q_pstyle:m_r:77_c:44_sp:40,none,relative,1.0,0.0001,5.0,p_inst:0,1.0,0.0,1,44,0,p,m,gr,77,40,q
pname:p_inst:0_ptype:gr_usecol:q_pstyle:m_r:47_c:49_sp:40,none,relative,1.0,0.0001,5.0,p_inst:0,1.0,0.0,1,49,0,p,m,gr,47,40,q
pname:p_inst:0_ptype:gr_usecol:q_pstyle:m_r:45_c:51_sp:40,none,relative,1.0,0.0001,5.0,p_inst:0,1.0,0.0,1,51,0,p,m,gr,45,40,q
pname:p_inst:0_ptype:gr_usecol:q_pstyle:m_r:44_c:39_sp:40,none,relative,1.0,0.0001,5.0,p_inst:0,1.0,0.0,1,39,0,p,m,gr,44,40,q
pname:p_inst:0_ptype:gr_usecol:q_pstyle:m_r:38_c:59_sp:40,none,relative,1.0,0.0001,5.0,p_inst:0,1.0,0.0,1,59,0,p,m,gr,38,40,q
pname:p_inst:0_ptype:gr_usecol:q_pstyle:m_r:77_c:34_sp:40,none,relative,1.0,0.0001,5.0,p_inst:0,1.0,0.0,1,34,0,p,m,gr,77,40,q
pname:p_inst:0_ptype:gr_usecol:q_pstyle:m_r:36_c:47_sp:40,none,relative,1.0,0.0001,5.0,p_inst:0,1.0,0.0,1,47,0,p,m,gr,36,40,q
pname:p_inst:0_ptype:gr_usecol:q_pstyle:m_r:73_c:39_sp:40,none,relative,1.0,0.0001,5.0,p_inst:0,1.0,0.0,1,39,0,p,m,gr,73,40,q
pname:p_inst:0_ptype:gr_usecol:q_pstyle:m_r:77_c:42_sp:40,none,relative,1.0,0.0001,5.0,p_inst:0,1.0,0.0,1,42,0,p,m,gr,77,40,q
pname:p_inst:0_ptype:gr_usecol:q_pstyle:m_r:64_c:58_sp:40,none,relative,1.0,0.0001,5.0,p_inst:0,1.0,0.0,1,58,0,p,m,gr,64,40,q
pname:p_inst:0_ptype:gr_usecol:q_pstyle:m_r:35_c:48_sp:40,none,relative,1.0,0.0001,5.0,p_inst:0,1.0,0.0,1,48,0,p,m,gr,35,40,q
pname:p_inst:0_ptype:gr_usecol:q_pstyle:m_r:67_c:55_sp:40,none,relative,1.0,0.0001,5.0,p_inst:0,1.0,0.0,1,55,0,p,m,gr,67,40,q
pname:p_inst:0_ptype:gr_usecol:q_pstyle:m_r:57_c:30_sp:40,none,relative,1.0,0.0001,5.0,p_inst:0,1.0,0.0,1,30,0,p,m,gr,57,40,q
pname:p_inst:0_ptype:gr_usecol:q_pstyle:m_r:32_c:31_sp:40,none,relative,1.0,0.0001,5.0,p_inst:0,1.0,0.0,1,31,0,p,m,gr,32,40,q
pname:p_inst:0_ptype:gr_usecol:q_pstyle:m_r:31_c:59_sp:40,none,relative,1.0,0.0001,5.0,p_inst:0,1.0,0.0,1,59,0,p,m,gr,31,40,q
pname:p_inst:0_ptype:gr_usecol:q_pstyle:m_r:35_c:61_sp:40,none,relative,1.0,0.0001,5.0,p_inst:0,1.0,0.0,1,61,0,p,m,gr,35,40,q
pname:p_inst:0_ptype:gr_usecol:q_pstyle:m_r:43_c:61_sp:40,none,relative,1.0,0.0001,5.0,p_inst:0,1.0,0.0,1,61,0,p,m,gr,43,40,q
pname:p_inst:0_ptype:gr_usecol:q_pstyle:m_r:70_c:59_sp:41,none,relative,1.0,0.0001,5.0,p_inst:0,1.0,0.0,1,59,0,p,m,gr,70,41,q
pname:p_inst:0_ptype:gr_usecol:q_pstyle:m_r:37_c:34_sp:41,none,relative,1.0,0.0001,5.0,p_inst:0,1.0,0.0,1,34,0,p,m,gr,37,41,q
pname:p_inst:0_ptype:gr_usecol:q_pstyle:m_r:31_c:49_sp:41,none,relative,1.0,0.0001,5.0,p_inst:0,1.0,0.0,1,49,0,p,m,gr,31,41,q
pname:p_inst:0_ptype:gr_usecol:q_pstyle:m_r:77_c:44_sp:41,none,relative,1.0,0.0001,5.0,p_inst:0,1.0,0.0,1,44,0,p,m,gr,77,41,q
pname:p_inst:0_ptype:gr_usecol:q_pstyle:m_r:47_c:49_sp:41,none,relative,1.0,0.0001,5.0,p_inst:0,1.0,0.0,1,49,0,p,m,gr,47,41,q
pname:p_inst:0_ptype:gr_usecol:q_pstyle:m_r:45_c:51_sp:41,none,relative,1.0,0.0001,5.0,p_inst:0,1.0,0.0,1,51,0,p,m,gr,45,41,q
pname:p_inst:0_ptype:gr_usecol:q_pstyle:m_r:44_c:39_sp:41,none,relative,1.0,0.0001,5.0,p_inst:0,1.0,0.0,1,39,0,p,m,gr,44,41,q
pname:p_inst:0_ptype:gr_usecol:q_pstyle:m_r:38_c:59_sp:41,none,relative,1.0,0.0001,5.0,p_inst:0,1.0,0.0,1,59,0,p,m,gr,38,41,q
pname:p_inst:0_ptype:gr_usecol:q_pstyle:m_r:77_c:34_sp:41,none,relative,1.0,0.0001,5.0,p_inst:0,1.0,0.0,1,34,0,p,m,gr,77,41,q
pname:p_inst:0_ptype:gr_usecol:q_pstyle:m_r:36_c:47_sp:41,none,relative,1.0,0.0001,5.0,p_inst:0,1.0,0.0,1,47,0,p,m,gr,36,41,q
pname:p_inst:0_ptype:gr_usecol:q_pstyle:m_r:73_c:39_sp:41,none,relative,1.0,0.0001,5.0,p_inst:0,1.0,0.0,1,39,0,p,m,gr,73,41,q
pname:p_inst:0_ptype:gr_usecol:q_pstyle:m_r:77_c:42_sp:41,none,relative,1.0,0.0001,5.0,p_inst:0,1.0,0.0,1,42,0,p,m,gr,77,41,q
pname:p_inst:0_ptype:gr_usecol:q_pstyle:m_r:64_c:58_sp:41,none,relative,1.0,0.0001,5.0,p_inst:0,1.0,0.0,1,58,0,p,m,gr,64,41,q
pname:p_inst:0_ptype:gr_usecol:q_pstyle:m_r:35_c:48_sp:41,none,relative,1.0,0.0001,5.0,p_inst:0,1.0,0.0,1,48,0,p,m,gr,35,41,q
pname:p_inst:0_ptype:gr_usecol:q_pstyle:m_r:67_c:55_sp:41,none,relative,1.0,0.0001,5.0,p_inst:0,1.0,0.0,1,55,0,p,m,gr,67,41,q
pname:p_inst:0_ptype:gr_usecol:q_pstyle:m_r:57_c:30_sp:41,none,relative,1.0,0.0001,5.0,p_inst:0,1.0,0.0,1,30,0,p,m,gr,57,41,q
pname:p_inst:0_ptype:gr_usecol:q_pstyle:m_r:32_c:31_sp:41,none,relative,1.0,0.0001,5.0,p_inst:0,1.0,0.0,1,31,0,p,m,gr,32,41,q
pname:p_inst:0_ptype:gr_usecol:q_pstyle:m_r:31_c:59_sp:41,none,relative,1.0,0.0001,5.0,p_inst:0,1.0,0.0,1,59,0,p,m,gr,31,41,q
pname:p_inst:0_ptype:gr_usecol:q_pstyle:m_r:35_c:61_sp:41,none,relative,1.0,0.0001,5.0,p_inst:0,1.0,0.0,1,61,0,p,m,gr,35,41,q
pname:p_inst:0_ptype:gr_usecol:q_pstyle:m_r:43_c:61_sp:41,none,relative,1.0,0.0001,5.0,p_inst:0,1.0,0.0,1,61,0,p,m,gr,43,41,q
pname:p_inst:0_ptype:gr_usecol:q_pstyle:m_r:70_c:59_sp:42,none,relative,1.0,0.0001,5.0,p_inst:0,1.0,0.0,1,59,0,p,m,gr,70,42,q
pname:p_inst:0_ptype:gr_usecol:q_pstyle:m_r:37_c:34_sp:42,none,relative,1.0,0.0001,5.0,p_inst:0,1.0,0.0,1,34,0,p,m,gr,37,42,q
pname:p_inst:0_ptype:gr_usecol:q_pstyle:m_r:31_c:49_sp:42,none,relative,1.0,0.0001,5.0,p_inst:0,1.0,0.0,1,49,0,p,m,gr,31,42,q
pname:p_inst:0_ptype:gr_usecol:q_pstyle:m_r:77_c:44_sp:42,none,relative,1.0,0.0001,5.0,p_inst:0,1.0,0.0,1,44,0,p,m,gr,77,42,q
pname:p_inst:0_ptype:gr_usecol:q_pstyle:m_r:47_c:49_sp:42,none,relative,1.0,0.0001,5.0,p_inst:0,1.0,0.0,1,49,0,p,m,gr,47,42,q
pname:p_inst:0_ptype:gr_usecol:q_pstyle:m_r:45_c:51_sp:42,none,relative,1.0,0.0001,5.0,p_inst:0,1.0,0.0,1,51,0,p,m,gr,45,42,q
pname:p_inst:0_ptype:gr_usecol:q_pstyle:m_r:44_c:39_sp:42,none,relative,1.0,0.0001,5.0,p_inst:0,1.0,0.0,1,39,0,p,m,gr,44,42,q
pname:p_inst:0_ptype:gr_usecol:q_pstyle:m_r:38_c:59_sp:42,none,relative,1.0,0.0001,5.0,p_inst:0,1.0,0.0,1,59,0,p,m,gr,38,42,q
pname:p_inst:0_ptype:gr_usecol:q_pstyle:m_r:77_c:34_sp:42,none,relative,1.0,0.0001,5.0,p_inst:0,1.0,0.0,1,34,0,p,m,gr,77,42,q
pname:p_inst:0_ptype:gr_usecol:q_pstyle:m_r:36_c:47_sp:42,none,relative,1.0,0.0001,5.0,p_inst:0,1.0,0.0,1,47,0,p,m,gr,36,42,q
pname:p_inst:0_ptype:gr_usecol:q_pstyle:m_r:73_c:39_sp:42,none,relative,1.0,0.0001,5.0,p_inst:0,1.0,0.0,1,39,0,p,m,gr,73,42,q
pname:p_inst:0_ptype:gr_usecol:q_pstyle:m_r:77_c:42_sp:42,none,relative,1.0,0.0001,5.0,p_inst:0,1.0,0.0,1,42,0,p,m,gr,77,42,q
pname:p_inst:0_ptype:gr_usecol:q_pstyle:m_r:64_c:58_sp:42,none,relative,1.0,0.0001,5.0,p_inst:0,1.0,0.0,1,58,0,p,m,gr,64,42,q
pname:p_inst:0_ptype:gr_usecol:q_pstyle:m_r:35_c:48_sp:42,none,relative,1.0,0.0001,5.0,p_inst:0,1.0,0.0,1,48,0,p,m,gr,35,42,q
pname:p_inst:0_ptype:gr_usecol:q_pstyle:m_r:67_c:55_sp:42,none,relative,1.0,0.0001,5.0,p_inst:0,1.0,0.0,1,55,0,p,m,gr,67,42,q
pname:p_inst:0_ptype:gr_usecol:q_pstyle:m_r:57_c:30_sp:42,none,relative,1.0,0.0001,5.0,p_inst:0,1.0,0.0,1,30,0,p,m,gr,57,42,q
pname:p_inst:0_ptype:gr_usecol:q_pstyle:m_r:32_c:31_sp:42,none,relative,1.0,0.0001,5.0,p_inst:0,1.0,0.0,1,31,0,p,m,gr,32,42,q
pname:p_inst:0_ptype:gr_usecol:q_pstyle:m_r:31_c:59_sp:42,none,relative,1.0,0.0001,5.0,p_inst:0,1.0,0.0,1,59,0,p,m,gr,31,42,q
pname:p_inst:0_ptype:gr_usecol:q_pstyle:m_r:35_c:61_sp:42,none,relative,1.0,0.0001,5.0,p_inst:0,1.0,0.0,1,61,0,p,m,gr,35,42,q
pname:p_inst:0_ptype:gr_usecol:q_pstyle:m_r:43_c:61_sp:42,none,relative,1.0,0.0001,5.0,p_inst:0,1.0,0.0,1,61,0,p,m,gr,43,42,q
pname:p_inst:0_ptype:gr_usecol:q_pstyle:m_r:70_c:59_sp:43,none,relative,1.0,0.0001,5.0,p_inst:0,1.0,0.0,1,59,0,p,m,gr,70,43,q
pname:p_inst:0_ptype:gr_usecol:q_pstyle:m_r:37_c:34_sp:43,none,relative,1.0,0.0001,5.0,p_inst:0,1.0,0.0,1,34,0,p,m,gr,37,43,q
pname:p_inst:0_ptype:gr_usecol:q_pstyle:m_r:31_c:49_sp:43,none,relative,1.0,0.0001,5.0,p_inst:0,1.0,0.0,1,49,0,p,m,gr,31,43,q
pname:p_inst:0_ptype:gr_usecol:q_pstyle:m_r:77_c:44_sp:43,none,relative,1.0,0.0001,5.0,p_inst:0,1.0,0.0,1,44,0,p,m,gr,77,43,q
pname:p_inst:0_ptype:gr_usecol:q_pstyle:m_r:47_c:49_sp:43,none,relative,1.0,0.0001,5.0,p_inst:0,1.0,0.0,1,49,0,p,m,gr,47,43,q
pname:p_inst:0_ptype:gr_usecol:q_pstyle:m_r:45_c:51_sp:43,none,relative,1.0,0.0001,5.0,p_inst:0,1.0,0.0,1,51,0,p,m,gr,45,43,q
pname:p_inst:0_ptype:gr_usecol:q_pstyle:m_r:44_c:39_sp:43,none,relative,1.0,0.0001,5.0,p_inst:0,1.0,0.0,1,39,0,p,m,gr,44,43,q
pname:p_inst:0_ptype:gr_usecol:q_pstyle:m_r:38_c:59_sp:43,none,relative,1.0,0.0001,5.0,p_inst:0,1.0,0.0,1,59,0,p,m,gr,38,43,q
pname:p_inst:0_ptype:gr_usecol:q_pstyle:m_r:77_c:34_sp:43,none,relative,1.0,0.0001,5.0,p_inst:0,1.0,0.0,1,34,0,p,m,gr,77,43,q
pname:p_inst:0_ptype:gr_usecol:q_pstyle:m_r:36_c:47_sp:43,none,relative,1.0,0.0001,5.0,p_inst:0,1.0,0.0,1,47,0,p,m,gr,36,43,q
pname:p_inst:0_ptype:gr_usecol:q_pstyle:m_r:73_c:39_sp:43,none,relative,1.0,0.0001,5.0,p_inst:0,1.0,0.0,1,39,0,p,m,gr,73,43,q
pname:p_inst:0_ptype:gr_usecol:q_pstyle:m_r:77_c:42_sp:43,none,relative,1.0,0.0001,5.0,p_inst:0,1.0,0.0,1,42,0,p,m,gr,77,43,q
pname:p_inst:0_ptype:gr_usecol:q_pstyle:m_r:64_c:58_sp:43,none,relative,1.0,0.0001,5.0,p_inst:0,1.0,0.0,1,58,0,p,m,gr,64,43,q
pname:p_inst:0_ptype:gr_usecol:q_pstyle:m_r:35_c:48_sp:43,none,relative,1.0,0.0001,5.0,p_inst:0,1.0,0.0,1,48,0,p,m,gr,35,43,q
pname:p_inst:0_ptype:gr_usecol:q_pstyle:m_r:67_c:55_sp:43,none,relative,1.0,0.0001,5.0,p_inst:0,1.0,0.0,1,55,0,p,m,gr,67,43,q
pname:p_inst:0_ptype:gr_usecol:q_pstyle:m_r:57_c:30_sp:43,none,relative,1.0,0.0001,5.0,p_inst:0,1.0,0.0,1,30,0,p,m,gr,57,43,q
pname:p_inst:0_ptype:gr_usecol:q_pstyle:m_r:32_c:31_sp:43,none,relative,1.0,0.0001,5.0,p_inst:0,1.0,0.0,1,31,0,p,m,gr,32,43,q
pname:p_inst:0_ptype:gr_usecol:q_pstyle:m_r:31_c:59_sp:43,none,relative,1.0,0.0001,5.0,p_inst:0,1.0,0.0,1,59,0,p,m,gr,31,43,q
pname:p_inst:0_ptype:gr_usecol:q_pstyle:m_r:35_c:61_sp:43,none,relative,1.0,0.0001,5.0,p_inst:0,1.0,0.0,1,61,0,p,m,gr,35,43,q
pname:p_inst:0_ptype:gr_usecol:q_pstyle:m_r:43_c:61_sp:43,none,relative,1.0,0.0001,5.0,p_inst:0,1.0,0.0,1,61,0,p,m,gr,43,43,q
pname:p_inst:0_ptype:gr_usecol:q_pstyle:m_r:70_c:59_sp:44,none,relative,1.0,0.0001,5.0,p_inst:0,1.0,0.0,1,59,0,p,m,gr,70,44,q
pname:p_inst:0_ptype:gr_usecol:q_pstyle:m_r:37_c:34_sp:44,none,relative,1.0,0.0001,5.0,p_inst:0,1.0,0.0,1,34,0,p,m,gr,37,44,q
pname:p_inst:0_ptype:gr_usecol:q_pstyle:m_r:31_c:49_sp:44,none,relative,1.0,0.0001,5.0,p_inst:0,1.0,0.0,1,49,0,p,m,gr,31,44,q
pname:p_inst:0_ptype:gr_usecol:q_pstyle:m_r:77_c:44_sp:44,none,relative,1.0,0.0001,5.0,p_inst:0,1.0,0.0,1,44,0,p,m,gr,77,44,q
pname:p_inst:0_ptype:gr_usecol:q_pstyle:m_r:47_c:49_sp:44,none,relative,1.0,0.0001,5.0,p_inst:0,1.0,0.0,1,49,0,p,m,gr,47,44,q
pname:p_inst:0_ptype:gr_usecol:q_pstyle:m_r:45_c:51_sp:44,none,relative,1.0,0.0001,5.0,p_inst:0,1.0,0.0,1,51,0,p,m,gr,45,44,q
pname:p_inst:0_ptype:gr_usecol:q_pstyle:m_r:44_c:39_sp:44,none,relative,1.0,0.0001,5.0,p_inst:0,1.0,0.0,1,39,0,p,m,gr,44,44,q
pname:p_inst:0_ptype:gr_usecol:q_pstyle:m_r:38_c:59_sp:44,none,relative,1.0,0.0001,5.0,p_inst:0,1.0,0.0,1,59,0,p,m,gr,38,44,q
pname:p_inst:0_ptype:gr_usecol:q_pstyle:m_r:77_c:34_sp:44,none,relative,1.0,0.0001,5.0,p_inst:0,1.0,0.0,1,34,0,p,m,gr,77,44,q
pname:p_inst:0_ptype:gr_usecol:q_pstyle:m_r:36_c:47_sp:44,none,relative,1.0,0.0001,5.0,p_inst:0,1.0,0.0,1,47,0,p,m,gr,36,44,q
pname:p_inst:0_ptype:gr_usecol:q_pstyle:m_r:73_c:39_sp:44,none,relative,1.0,0.0001,5.0,p_inst:0,1.0,0.0,1,39,0,p,m,gr,73,44,q
pname:p_inst:0_ptype:gr_usecol:q_pstyle:m_r:77_c:42_sp:44,none,relative,1.0,0.0001,5.0,p_inst:0,1.0,0.0,1,42,0,p,m,gr,77,44,q
pname:p_inst:0_ptype:gr_usecol:q_pstyle:m_r:64_c:58_sp:44,none,relative,1.0,0.0001,5.0,p_inst:0,1.0,0.0,1,58,0,p,m,gr,64,44,q
pname:p_inst:0_ptype:gr_usecol:q_pstyle:m_r:35_c:48_sp:44,none,relative,1.0,0.0001,5.0,p_inst:0,1.0,0.0,1,48,0,p,m,gr,35,44,q
pname:p_inst:0_ptype:gr_usecol:q_pstyle:m_r:67_c:55_sp:44,none,relative,1.0,0.0001,5.0,p_inst:0,1.0,0.0,1,55,0,p,m,gr,67,44,q
pname:p_inst:0_ptype:gr_usecol:q_pstyle:m_r:57_c:30_sp:44,none,relative,1.0,0.0001,5.0,p_inst:0,1.0,0.0,1,30,0,p,m,gr,57,44,q
pname:p_inst:0_ptype:gr_usecol:q_pstyle:m_r:32_c:31_sp:44,none,relative,1.0,0.0001,5.0,p_inst:0,1.0,0.0,1,31,0,p,m,gr,32,44,q
pname:p_inst:0_ptype:gr_usecol:q_pstyle:m_r:31_c:59_sp:44,none,relative,1.0,0.0001,5.0,p_inst:0,1.0,0.0,1,59,0,p,m,gr,31,44,q
pname:p_inst:0_ptype:gr_usecol:q_pstyle:m_r:35_c:61_sp:44,none,relative,1.0,0.0001,5.0,p_inst:0,1.0,0.0,1,61,0,p,m,gr,35,44,q
pname:p_inst:0_ptype:gr_usecol:q_pstyle:m_r:43_c:61_sp:44,none,relative,1.0,0.0001,5.0,p_inst:0,1.0,0.0,1,61,0,p,m,gr,43,44,q
pname:p_inst:0_ptype:gr_usecol:q_pstyle:m_r:70_c:59_sp:45,none,relative,1.0,0.0001,5.0,p_inst:0,1.0,0.0,1,59,0,p,m,gr,70,45,q
pname:p_inst:0_ptype:gr_usecol:q_pstyle:m_r:37_c:34_sp:45,none,relative,1.0,0.0001,5.0,p_inst:0,1.0,0.0,1,34,0,p,m,gr,37,45,q
pname:p_inst:0_ptype:gr_usecol:q_pstyle:m_r:31_c:49_sp:45,none,relative,1.0,0.0001,5.0,p_inst:0,1.0,0.0,1,49,0,p,m,gr,31,45,q
pname:p_inst:0_ptype:gr_usecol:q_pstyle:m_r:77_c:44_sp:45,none,relative,1.0,0.0001,5.0,p_inst:0,1.0,0.0,1,44,0,p,m,gr,77,45,q
pname:p_inst:0_ptype:gr_usecol:q_pstyle:m_r:47_c:49_sp:45,none,relative,1.0,0.0001,5.0,p_inst:0,1.0,0.0,1,49,0,p,m,gr,47,45,q
pname:p_inst:0_ptype:gr_usecol:q_pstyle:m_r:45_c:51_sp:45,none,relative,1.0,0.0001,5.0,p_inst:0,1.0,0.0,1,51,0,p,m,gr,45,45,q
pname:p_inst:0_ptype:gr_usecol:q_pstyle:m_r:44_c:39_sp:45,none,relative,1.0,0.0001,5.0,p_inst:0,1.0,0.0,1,39,0,p,m,gr,44,45,q
pname:p_inst:0_ptype:gr_usecol:q_pstyle:m_r:38_c:59_sp:45,none,relative,1.0,0.0001,5.0,p_inst:0,1.0,0.0,1,59,0,p,m,gr,38,45,q
pname:p_inst:0_ptype:gr_usecol:q_pstyle:m_r:77_c:34_sp:45,none,relative,1.0,0.0001,5.0,p_inst:0,1.0,0.0,1,34,0,p,m,gr,77,45,q
pname:p_inst:0_ptype:gr_usecol:q_pstyle:m_r:36_c:47_sp:45,none,relative,1.0,0.0001,5.0,p_inst:0,1.0,0.0,1,47,0,p,m,gr,36,45,q
pname:p_inst:0_ptype:gr_usecol:q_pstyle:m_r:73_c:39_sp:45,none,relative,1.0,0.0001,5.0,p_inst:0,1.0,0.0,1,39,0,p,m,gr,73,45,q
pname:p_inst:0_ptype:gr_usecol:q_pstyle:m_r:77_c:42_sp:45,none,relative,1.0,0.0001,5.0,p_inst:0,1.0,0.0,1,42,0,p,m,gr,77,45,q
pname:p_inst:0_ptype:gr_usecol:q_pstyle:m_r:64_c:58_sp:45,none,relative,1.0,0.0001,5.0,p_inst:0,1.0,0.0,1,58,0,p,m,gr,64,45,q
pname:p_inst:0_ptype:gr_usecol:q_pstyle:m_r:35_c:48_sp:45,none,relative,1.0,0.0001,5.0,p_inst:0,1.0,0.0,1,48,0,p,m,gr,35,45,q
pname:p_inst:0_ptype:gr_usecol:q_pstyle:m_r:67_c:55_sp:45,none,relative,1.0,0.0001,5.0,p_inst:0,1.0,0.0,1,55,0,p,m,gr,67,45,q
pname:p_inst:0_ptype:gr_usecol:q_pstyle:m_r:57_c:30_sp:45,none,relative,1.0,0.0001,5.0,p_inst:0,1.0,0.0,1,30,0,p,m,gr,57,45,q
pname:p_inst:0_ptype:gr_usecol:q_pstyle:m_r:32_c:31_sp:45,none,relative,1.0,0.0001,5.0,p_inst:0,1.0,0.0,1,31,0,p,m,gr,32,45,q
pname:p_inst:0_ptype:gr_usecol:q_pstyle:m_r:31_c:59_sp:45,none,relative,1.0,0.0001,5.0,p_inst:0,1.0,0.0,1,59,0,p,m,gr,31,45,q
pname:p_inst:0_ptype:gr_usecol:q_pstyle:m_r:35_c:61_sp:45,none,relative,1.0,0.0001,5.0,p_inst:0,1.0,0.0,1,61,0,p,m,gr,35,45,q
pname:p_inst:0_ptype:gr_usecol:q_pstyle:m_r:43_c:61_sp:45,none,relative,1.0,0.0001,5.0,p_inst:0,1.0,0.0,1,61,0,p,m,gr,43,45,q
pname:p_inst:0_ptype:gr_usecol:q_pstyle:m_r:70_c:59_sp:46,none,relative,1.0,0.0001,5.0,p_inst:0,1.0,0.0,1,59,0,p,m,gr,70,46,q
pname:p_inst:0_ptype:gr_usecol:q_pstyle:m_r:37_c:34_sp:46,none,relative,1.0,0.0001,5.0,p_inst:0,1.0,0.0,1,34,0,p,m,gr,37,46,q
pname:p_inst:0_ptype:gr_usecol:q_pstyle:m_r:31_c:49_sp:46,none,relative,1.0,0.0001,5.0,p_inst:0,1.0,0.0,1,49,0,p,m,gr,31,46,q
pname:p_inst:0_ptype:gr_usecol:q_pstyle:m_r:77_c:44_sp:46,none,relative,1.0,0.0001,5.0,p_inst:0,1.0,0.0,1,44,0,p,m,gr,77,46,q
pname:p_inst:0_ptype:gr_usecol:q_pstyle:m_r:47_c:49_sp:46,none,relative,1.0,0.0001,5.0,p_inst:0,1.0,0.0,1,49,0,p,m,gr,47,46,q
pname:p_inst:0_ptype:gr_usecol:q_pstyle:m_r:45_c:51_sp:46,none,relative,1.0,0.0001,5.0,p_inst:0,1.0,0.0,1,51,0,p,m,gr,45,46,q
pname:p_inst:0_ptype:gr_usecol:q_pstyle:m_r:44_c:39_sp:46,none,relative,1.0,0.0001,5.0,p_inst:0,1.0,0.0,1,39,0,p,m,gr,44,46,q
pname:p_inst:0_ptype:gr_usecol:q_pstyle:m_r:38_c:59_sp:46,none,relative,1.0,0.0001,5.0,p_inst:0,1.0,0.0,1,59,0,p,m,gr,38,46,q
pname:p_inst:0_ptype:gr_usecol:q_pstyle:m_r:77_c:34_sp:46,none,relative,1.0,0.0001,5.0,p_inst:0,1.0,0.0,1,34,0,p,m,gr,77,46,q
pname:p_inst:0_ptype:gr_usecol:q_pstyle:m_r:36_c:47_sp:46,none,relative,1.0,0.0001,5.0,p_inst:0,1.0,0.0,1,47,0,p,m,gr,36,46,q
pname:p_inst:0_ptype:gr_usecol:q_pstyle:m_r:73_c:39_sp:46,none,relative,1.0,0.0001,5.0,p_inst:0,1.0,0.0,1,39,0,p,m,gr,73,46,q
pname:p_inst:0_ptype:gr_usecol:q_pstyle:m_r:77_c:42_sp:46,none,relative,1.0,0.0001,5.0,p_inst:0,1.0,0.0,1,42,0,p,m,gr,77,46,q
pname:p_inst:0_ptype:gr_usecol:q_pstyle:m_r:64_c:58_sp:46,none,relative,1.0,0.0001,5.0,p_inst:0,1.0,0.0,1,58,0,p,m,gr,64,46,q
pname:p_inst:0_ptype:gr_usecol:q_pstyle:m_r:35_c:48_sp:46,none,relative,1.0,0.0001,5.0,p_inst:0,1.0,0.0,1,48,0,p,m,gr,35,46,q
pname:p_inst:0_ptype:gr_usecol:q_pstyle:m_r:67_c:55_sp:46,none,relative,1.0,0.0001,5.0,p_inst:0,1.0,0.0,1,55,0,p,m,gr,67,46,q
pname:p_inst:0_ptype:gr_usecol:q_pstyle:m_r:57_c:30_sp:46,none,relative,1.0,0.0001,5.0,p_inst:0,1.0,0.0,1,30,0,p,m,gr,57,46,q
pname:p_inst:0_ptype:gr_usecol:q_pstyle:m_r:32_c:31_sp:46,none,relative,1.0,0.0001,5.0,p_inst:0,1.0,0.0,1,31,0,p,m,gr,32,46,q
pname:p_inst:0_ptype:gr_usecol:q_pstyle:m_r:31_c:59_sp:46,none,relative,1.0,0.0001,5.0,p_inst:0,1.0,0.0,1,59,0,p,m,gr,31,46,q
pname:p_inst:0_ptype:gr_usecol:q_pstyle:m_r:35_c:61_sp:46,none,relative,1.0,0.0001,5.0,p_inst:0,1.0,0.0,1,61,0,p,m,gr,35,46,q
pname:p_inst:0_ptype:gr_usecol:q_pstyle:m_r:43_c:61_sp:46,none,relative,1.0,0.0001,5.0,p_inst:0,1.0,0.0,1,61,0,p,m,gr,43,46,q
pname:p_inst:0_ptype:gr_usecol:q_pstyle:m_r:70_c:59_sp:47,none,relative,1.0,0.0001,5.0,p_inst:0,1.0,0.0,1,59,0,p,m,gr,70,47,q
pname:p_inst:0_ptype:gr_usecol:q_pstyle:m_r:37_c:34_sp:47,none,relative,1.0,0.0001,5.0,p_inst:0,1.0,0.0,1,34,0,p,m,gr,37,47,q
pname:p_inst:0_ptype:gr_usecol:q_pstyle:m_r:31_c:49_sp:47,none,relative,1.0,0.0001,5.0,p_inst:0,1.0,0.0,1,49,0,p,m,gr,31,47,q
pname:p_inst:0_ptype:gr_usecol:q_pstyle:m_r:77_c:44_sp:47,none,relative,1.0,0.0001,5.0,p_inst:0,1.0,0.0,1,44,0,p,m,gr,77,47,q
pname:p_inst:0_ptype:gr_usecol:q_pstyle:m_r:47_c:49_sp:47,none,relative,1.0,0.0001,5.0,p_inst:0,1.0,0.0,1,49,0,p,m,gr,47,47,q
pname:p_inst:0_ptype:gr_usecol:q_pstyle:m_r:45_c:51_sp:47,none,relative,1.0,0.0001,5.0,p_inst:0,1.0,0.0,1,51,0,p,m,gr,45,47,q
pname:p_inst:0_ptype:gr_usecol:q_pstyle:m_r:44_c:39_sp:47,none,relative,1.0,0.0001,5.0,p_inst:0,1.0,0.0,1,39,0,p,m,gr,44,47,q
pname:p_inst:0_ptype:gr_usecol:q_pstyle:m_r:38_c:59_sp:47,none,relative,1.0,0.0001,5.0,p_inst:0,1.0,0.0,1,59,0,p,m,gr,38,47,q
pname:p_inst:0_ptype:gr_usecol:q_pstyle:m_r:77_c:34_sp:47,none,relative,1.0,0.0001,5.0,p_inst:0,1.0,0.0,1,34,0,p,m,gr,77,47,q
pname:p_inst:0_ptype:gr_usecol:q_pstyle:m_r:36_c:47_sp:47,none,relative,1.0,0.0001,5.0,p_inst:0,1.0,0.0,1,47,0,p,m,gr,36,47,q
pname:p_inst:0_ptype:gr_usecol:q_pstyle:m_r:73_c:39_sp:47,none,relative,1.0,0.0001,5.0,p_inst:0,1.0,0.0,1,39,0,p,m,gr,73,47,q
pname:p_inst:0_ptype:gr_usecol:q_pstyle:m_r:77_c:42_sp:47,none,relative,1.0,0.0001,5.0,p_inst:0,1.0,0.0,1,42,0,p,m,gr,77,47,q
pname:p_inst:0_ptype:gr_usecol:q_pstyle:m_r:64_c:58_sp:47,none,relative,1.0,0.0001,5.0,p_inst:0,1.0,0.0,1,58,0,p,m,gr,64,47,q
pname:p_inst:0_ptype:gr_usecol:q_pstyle:m_r:35_c:48_sp:47,none,relative,1.0,0.0001,5.0,p_inst:0,1.0,0.0,1,48,0,p,m,gr,35,47,q
pname:p_inst:0_ptype:gr_usecol:q_pstyle:m_r:67_c:55_sp:47,none,relative,1.0,0.0001,5.0,p_inst:0,1.0,0.0,1,55,0,p,m,gr,67,47,q
pname:p_inst:0_ptype:gr_usecol:q_pstyle:m_r:57_c:30_sp:47,none,relative,1.0,0.0001,5.0,p_inst:0,1.0,0.0,1,30,0,p,m,gr,57,47,q
pname:p_inst:0_ptype:gr_usecol:q_pstyle:m_r:32_c:31_sp:47,none,relative,1.0,0.0001,5.0,p_inst:0,1.0,0.0,1,31,0,p,m,gr,32,47,q
pname:p_inst:0_ptype:gr_usecol:q_pstyle:m_r:31_c:59_sp:47,none,relative,1.0,0.0001,5.0,p_inst:0,1.0,0.0,1,59,0,p,m,gr,31,47,q
pname:p_inst:0_ptype:gr_usecol:q_pstyle:m_r:35_c:61_sp:47,none,relative,1.0,0.0001,5.0,p_inst:0,1.0,0.0,1,61,0,p,m,gr,35,47,q
pname:p_inst:0_ptype:gr_usecol:q_pstyle:m_r:43_c:61_sp:47,none,relative,1.0,0.0001,5.0,p_inst:0,1.0,0.0,1,61,0,p,m,gr,43,47,q
pname:p_inst:0_ptype:gr_usecol:q_pstyle:m_r:70_c:59_sp:48,none,relative,1.0,0.0001,5.0,p_inst:0,1.0,0.0,1,59,0,p,m,gr,70,48,q
pname:p_inst:0_ptype:gr_usecol:q_pstyle:m_r:37_c:34_sp:48,none,relative,1.0,0.0001,5.0,p_inst:0,1.0,0.0,1,34,0,p,m,gr,37,48,q
pname:p_inst:0_ptype:gr_usecol:q_pstyle:m_r:31_c:49_sp:48,none,relative,1.0,0.0001,5.0,p_inst:0,1.0,0.0,1,49,0,p,m,gr,31,48,q
pname:p_inst:0_ptype:gr_usecol:q_pstyle:m_r:77_c:44_sp:48,none,relative,1.0,0.0001,5.0,p_inst:0,1.0,0.0,1,44,0,p,m,gr,77,48,q
pname:p_inst:0_ptype:gr_usecol:q_pstyle:m_r:47_c:49_sp:48,none,relative,1.0,0.0001,5.0,p_inst:0,1.0,0.0,1,49,0,p,m,gr,47,48,q
pname:p_inst:0_ptype:gr_usecol:q_pstyle:m_r:45_c:51_sp:48,none,relative,1.0,0.0001,5.0,p_inst:0,1.0,0.0,1,51,0,p,m,gr,45,48,q
pname:p_inst:0_ptype:gr_usecol:q_pstyle:m_r:44_c:39_sp:48,none,relative,1.0,0.0001,5.0,p_inst:0,1.0,0.0,1,39,0,p,m,gr,44,48,q
pname:p_inst:0_ptype:gr_usecol:q_pstyle:m_r:38_c:59_sp:48,none,relative,1.0,0.0001,5.0,p_inst:0,1.0,0.0,1,59,0,p,m,gr,38,48,q
pname:p_inst:0_ptype:gr_usecol:q_pstyle:m_r:77_c:34_sp:48,none,relative,1.0,0.0001,5.0,p_inst:0,1.0,0.0,1,34,0,p,m,gr,77,48,q
pname:p_inst:0_ptype:gr_usecol:q_pstyle:m_r:36_c:47_sp:48,none,relative,1.0,0.0001,5.0,p_inst:0,1.0,0.0,1,47,0,p,m,gr,36,48,q
pname:p_inst:0_ptype:gr_usecol:q_pstyle:m_r:73_c:39_sp:48,none,relative,1.0,0.0001,5.0,p_inst:0,1.0,0.0,1,39,0,p,m,gr,73,48,q
pname:p_inst:0_ptype:gr_usecol:q_pstyle:m_r:77_c:42_sp:48,none,relative,1.0,0.0001,5.0,p_inst:0,1.0,0.0,1,42,0,p,m,gr,77,48,q
pname:p_inst:0_ptype:gr_usecol:q_pstyle:m_r:64_c:58_sp:48,none,relative,1.0,0.0001,5.0,p_inst:0,1.0,0.0,1,58,0,p,m,gr,64,48,q
pname:p_inst:0_ptype:gr_usecol:q_pstyle:m_r:35_c:48_sp:48,none,relative,1.0,0.0001,5.0,p_inst:0,1.0,0.0,1,48,0,p,m,gr,35,48,q
pname:p_inst:0_ptype:gr_usecol:q_pstyle:m_r:67_c:55_sp:48,none,relative,1.0,0.0001,5.0,p_inst:0,1.0,0.0,1,55,0,p,m,gr,67,48,q
pname:p_inst:0_ptype:gr_usecol:q_pstyle:m_r:57_c:30_sp:48,none,relative,1.0,0.0001,5.0,p_inst:0,1.0,0.0,1,30,0,p,m,gr,57,48,q
pname:p_inst:0_ptype:gr_usecol:q_pstyle:m_r:32_c:31_sp:48,none,relative,1.0,0.0001,5.0,p_inst:0,1.0,0.0,1,31,0,p,m,gr,32,48,q
pname:p_inst:0_ptype:gr_usecol:q_pstyle:m_r:31_c:59_sp:48,none,relative,1.0,0.0001,5.0,p_inst:0,1.0,0.0,1,59,0,p,m,gr,31,48,q
pname:p_inst:0_ptype:gr_usecol:q_pstyle:m_r:35_c:61_sp:48,none,relative,1.0,0.0001,5.0,p_inst:0,1.0,0.0,1,61,0,p,m,gr,35,48,q
pname:p_inst:0_ptype:gr_usecol:q_pstyle:m_r:43_c:61_sp:48,none,relative,1.0,0.0001,5.0,p_inst:0,1.0,0.0,1,61,0,p,m,gr,43,48,q
pname:p_inst:0_ptype:gr_usecol:q_pstyle:m_r:70_c:59_sp:49,none,relative,1.0,0.0001,5.0,p_inst:0,1.0,0.0,1,59,0,p,m,gr,70,49,q
pname:p_inst:0_ptype:gr_usecol:q_pstyle:m_r:37_c:34_sp:49,none,relative,1.0,0.0001,5.0,p_inst:0,1.0,0.0,1,34,0,p,m,gr,37,49,q
pname:p_inst:0_ptype:gr_usecol:q_pstyle:m_r:31_c:49_sp:49,none,relative,1.0,0.0001,5.0,p_inst:0,1.0,0.0,1,49,0,p,m,gr,31,49,q
pname:p_inst:0_ptype:gr_usecol:q_pstyle:m_r:77_c:44_sp:49,none,relative,1.0,0.0001,5.0,p_inst:0,1.0,0.0,1,44,0,p,m,gr,77,49,q
pname:p_inst:0_ptype:gr_usecol:q_pstyle:m_r:47_c:49_sp:49,none,relative,1.0,0.0001,5.0,p_inst:0,1.0,0.0,1,49,0,p,m,gr,47,49,q
pname:p_inst:0_ptype:gr_usecol:q_pstyle:m_r:45_c:51_sp:49,none,relative,1.0,0.0001,5.0,p_inst:0,1.0,0.0,1,51,0,p,m,gr,45,49,q
pname:p_inst:0_ptype:gr_usecol:q_pstyle:m_r:44_c:39_sp:49,none,relative,1.0,0.0001,5.0,p_inst:0,1.0,0.0,1,39,0,p,m,gr,44,49,q
pname:p_inst:0_ptype:gr_usecol:q_pstyle:m_r:38_c:59_sp:49,none,relative,1.0,0.0001,5.0,p_inst:0,1.0,0.0,1,59,0,p,m,gr,38,49,q
pname:p_inst:0_ptype:gr_usecol:q_pstyle:m_r:77_c:34_sp:49,none,relative,1.0,0.0001,5.0,p_inst:0,1.0,0.0,1,34,0,p,m,gr,77,49,q
pname:p_inst:0_ptype:gr_usecol:q_pstyle:m_r:36_c:47_sp:49,none,relative,1.0,0.0001,5.0,p_inst:0,1.0,0.0,1,47,0,p,m,gr,36,49,q
pname:p_inst:0_ptype:gr_usecol:q_pstyle:m_r:73_c:39_sp:49,none,relative,1.0,0.0001,5.0,p_inst:0,1.0,0.0,1,39,0,p,m,gr,73,49,q
pname:p_inst:0_ptype:gr_usecol:q_pstyle:m_r:77_c:42_sp:49,none,relative,1.0,0.0001,5.0,p_inst:0,1.0,0.0,1,42,0,p,m,gr,77,49,q
pname:p_inst:0_ptype:gr_usecol:q_pstyle:m_r:64_c:58_sp:49,none,relative,1.0,0.0001,5.0,p_inst:0,1.0,0.0,1,58,0,p,m,gr,64,49,q
pname:p_inst:0_ptype:gr_usecol:q_pstyle:m_r:35_c:48_sp:49,none,relative,1.0,0.0001,5.0,p_inst:0,1.0,0.0,1,48,0,p,m,gr,35,49,q
pname:p_inst:0_ptype:gr_usecol:q_pstyle:m_r:67_c:55_sp:49,none,relative,1.0,0.0001,5.0,p_inst:0,1.0,0.0,1,55,0,p,m,gr,67,49,q
pname:p_inst:0_ptype:gr_usecol:q_pstyle:m_r:57_c:30_sp:49,none,relative,1.0,0.0001,5.0,p_inst:0,1.0,0.0,1,30,0,p,m,gr,57,49,q
pname:p_inst:0_ptype:gr_usecol:q_pstyle:m_r:32_c:31_sp:49,none,relative,1.0,0.0001,5.0,p_inst:0,1.0,0.0,1,31,0,p,m,gr,32,49,q
pname:p_inst:0_ptype:gr_usecol:q_pstyle:m_r:31_c:59_sp:49,none,relative,1.0,0.0001,5.0,p_inst:0,1.0,0.0,1,59,0,p,m,gr,31,49,q
pname:p_inst:0_ptype:gr_usecol:q_pstyle:m_r:35_c:61_sp:49,none,relative,1.0,0.0001,5.0,p_inst:0,1.0,0.0,1,61,0,p,m,gr,35,49,q
pname:p_inst:0_ptype:gr_usecol:q_pstyle:m_r:43_c:61_sp:49,none,relative,1.0,0.0001,5.0,p_inst:0,1.0,0.0,1,61,0,p,m,gr,43,49,q
pname:p_inst:0_ptype:gr_usecol:q_pstyle:m_r:70_c:59_sp:50,none,relative,1.0,0.0001,5.0,p_inst:0,1.0,0.0,1,59,0,p,m,gr,70,50,q
pname:p_inst:0_ptype:gr_usecol:q_pstyle:m_r:37_c:34_sp:50,none,relative,1.0,0.0001,5.0,p_inst:0,1.0,0.0,1,34,0,p,m,gr,37,50,q
pname:p_inst:0_ptype:gr_usecol:q_pstyle:m_r:31_c:49_sp:50,none,relative,1.0,0.0001,5.0,p_inst:0,1.0,0.0,1,49,0,p,m,gr,31,50,q
pname:p_inst:0_ptype:gr_usecol:q_pstyle:m_r:77_c:44_sp:50,none,relative,1.0,0.0001,5.0,p_inst:0,1.0,0.0,1,44,0,p,m,gr,77,50,q
pname:p_inst:0_ptype:gr_usecol:q_pstyle:m_r:47_c:49_sp:50,none,relative,1.0,0.0001,5.0,p_inst:0,1.0,0.0,1,49,0,p,m,gr,47,50,q
pname:p_inst:0_ptype:gr_usecol:q_pstyle:m_r:45_c:51_sp:50,none,relative,1.0,0.0001,5.0,p_inst:0,1.0,0.0,1,51,0,p,m,gr,45,50,q
pname:p_inst:0_ptype:gr_usecol:q_pstyle:m_r:44_c:39_sp:50,none,relative,1.0,0.0001,5.0,p_inst:0,1.0,0.0,1,39,0,p,m,gr,44,50,q
pname:p_inst:0_ptype:gr_usecol:q_pstyle:m_r:38_c:59_sp:50,none,relative,1.0,0.0001,5.0,p_inst:0,1.0,0.0,1,59,0,p,m,gr,38,50,q
pname:p_inst:0_ptype:gr_usecol:q_pstyle:m_r:77_c:34_sp:50,none,relative,1.0,0.0001,5.0,p_inst:0,1.0,0.0,1,34,0,p,m,gr,77,50,q
pname:p_inst:0_ptype:gr_usecol:q_pstyle:m_r:36_c:47_sp:50,none,relative,1.0,0.0001,5.0,p_inst:0,1.0,0.0,1,47,0,p,m,gr,36,50,q
pname:p_inst:0_ptype:gr_usecol:q_pstyle:m_r:73_c:39_sp:50,none,relative,1.0,0.0001,5.0,p_inst:0,1.0,0.0,1,39,0,p,m,gr,73,50,q
pname:p_inst:0_ptype:gr_usecol:q_pstyle:m_r:77_c:42_sp:50,none,relative,1.0,0.0001,5.0,p_inst:0,1.0,0.0,1,42,0,p,m,gr,77,50,q
pname:p_inst:0_ptype:gr_usecol:q_pstyle:m_r:64_c:58_sp:50,none,relative,1.0,0.0001,5.0,p_inst:0,1.0,0.0,1,58,0,p,m,gr,64,50,q
pname:p_inst:0_ptype:gr_usecol:q_pstyle:m_r:35_c:48_sp:50,none,relative,1.0,0.0001,5.0,p_inst:0,1.0,0.0,1,48,0,p,m,gr,35,50,q
pname:p_inst:0_ptype:gr_usecol:q_pstyle:m_r:67_c:55_sp:50,none,relative,1.0,0.0001,5.0,p_inst:0,1.0,0.0,1,55,0,p,m,gr,67,50,q
pname:p_inst:0_ptype:gr_usecol:q_pstyle:m_r:57_c:30_sp:50,none,relative,1.0,0.0001,5.0,p_inst:0,1.0,0.0,1,30,0,p,m,gr,57,50,q
pname:p_inst:0_ptype:gr_usecol:q_pstyle:m_r:32_c:31_sp:50,none,relative,1.0,0.0001,5.0,p_inst:0,1.0,0.0,1,31,0,p,m,gr,32,50,q
pname:p_inst:0_ptype:gr_usecol:q_pstyle:m_r:31_c:59_sp:50,none,relative,1.0,0.0001,5.0,p_inst:0,1.0,0.0,1,59,0,p,m,gr,31,50,q
pname:p_inst:0_ptype:gr_usecol:q_pstyle:m_r:35_c:61_sp:50,none,relative,1.0,0.0001,5.0,p_inst:0,1.0,0.0,1,61,0,p,m,gr,35,50,q
pname:p_inst:0_ptype:gr_usecol:q_pstyle:m_r:43_c:61_sp:50,none,relative,1.0,0.0001,5.0,p_inst:0,1.0,0.0,1,61,0,p,m,gr,43,50,q
pname:p_inst:0_ptype:gr_usecol:q_pstyle:m_r:70_c:59_sp:51,none,relative,1.0,0.0001,5.0,p_inst:0,1.0,0.0,1,59,0,p,m,gr,70,51,q
pname:p_inst:0_ptype:gr_usecol:q_pstyle:m_r:37_c:34_sp:51,none,relative,1.0,0.0001,5.0,p_inst:0,1.0,0.0,1,34,0,p,m,gr,37,51,q
pname:p_inst:0_ptype:gr_usecol:q_pstyle:m_r:31_c:49_sp:51,none,relative,1.0,0.0001,5.0,p_inst:0,1.0,0.0,1,49,0,p,m,gr,31,51,q
pname:p_inst:0_ptype:gr_usecol:q_pstyle:m_r:77_c:44_sp:51,none,relative,1.0,0.0001,5.0,p_inst:0,1.0,0.0,1,44,0,p,m,gr,77,51,q
pname:p_inst:0_ptype:gr_usecol:q_pstyle:m_r:47_c:49_sp:51,none,relative,1.0,0.0001,5.0,p_inst:0,1.0,0.0,1,49,0,p,m,gr,47,51,q
pname:p_inst:0_ptype:gr_usecol:q_pstyle:m_r:45_c:51_sp:51,none,relative,1.0,0.0001,5.0,p_inst:0,1.0,0.0,1,51,0,p,m,gr,45,51,q
pname:p_inst:0_ptype:gr_usecol:q_pstyle:m_r:44_c:39_sp:51,none,relative,1.0,0.0001,5.0,p_inst:0,1.0,0.0,1,39,0,p,m,gr,44,51,q
pname:p_inst:0_ptype:gr_usecol:q_pstyle:m_r:38_c:59_sp:51,none,relative,1.0,0.0001,5.0,p_inst:0,1.0,0.0,1,59,0,p,m,gr,38,51,q
pname:p_inst:0_ptype:gr_usecol:q_pstyle:m_r:77_c:34_sp:51,none,relative,1.0,0.0001,5.0,p_inst:0,1.0,0.0,1,34,0,p,m,gr,77,51,q
pname:p_inst:0_ptype:gr_usecol:q_pstyle:m_r:36_c:47_sp:51,none,relative,1.0,0.0001,5.0,p_inst:0,1.0,0.0,1,47,0,p,m,gr,36,51,q
pname:p_inst:0_ptype:gr_usecol:q_pstyle:m_r:73_c:39_sp:51,none,relative,1.0,0.0001,5.0,p_inst:0,1.0,0.0,1,39,0,p,m,gr,73,51,q
pname:p_inst:0_ptype:gr_usecol:q_pstyle:m_r:77_c:42_sp:51,none,relative,1.0,0.0001,5.0,p_inst:0,1.0,0.0,1,42,0,p,m,gr,77,51,q
pname:p_inst:0_ptype:gr_usecol:q_pstyle:m_r:64_c:58_sp:51,none,relative,1.0,0.0001,5.0,p_inst:0,1.0,0.0,1,58,0,p,m,gr,64,51,q
pname:p_inst:0_ptype:gr_usecol:q_pstyle:m_r:35_c:48_sp:51,none,relative,1.0,0.0001,5.0,p_inst:0,1.0,0.0,1,48,0,p,m,gr,35,51,q
pname:p_inst:0_ptype:gr_usecol:q_pstyle:m_r:67_c:55_sp:51,none,relative,1.0,0.0001,5.0,p_inst:0,1.0,0.0,1,55,0,p,m,gr,67,51,q
pname:p_inst:0_ptype:gr_usecol:q_pstyle:m_r:57_c:30_sp:51,none,relative,1.0,0.0001,5.0,p_inst:0,1.0,0.0,1,30,0,p,m,gr,57,51,q
pname:p_inst:0_ptype:gr_usecol:q_pstyle:m_r:32_c:31_sp:51,none,relative,1.0,0.0001,5.0,p_inst:0,1.0,0.0,1,31,0,p,m,gr,32,51,q
pname:p_inst:0_ptype:gr_usecol:q_pstyle:m_r:31_c:59_sp:51,none,relative,1.0,0.0001,5.0,p_inst:0,1.0,0.0,1,59,0,p,m,gr,31,51,q
pname:p_inst:0_ptype:gr_usecol:q_pstyle:m_r:35_c:61_sp:51,none,relative,1.0,0.0001,5.0,p_inst:0,1.0,0.0,1,61,0,p,m,gr,35,51,q
pname:p_inst:0_ptype:gr_usecol:q_pstyle:m_r:43_c:61_sp:51,none,relative,1.0,0.0001,5.0,p_inst:0,1.0,0.0,1,61,0,p,m,gr,43,51,q
