                                   MODFLOW 6
                U.S. GEOLOGICAL SURVEY MODULAR HYDROLOGIC MODEL
                          GROUNDWATER FLOW MODEL (GWF)
                            VERSION 6.7.0 02/05/2026

   MODFLOW 6 compiled Feb 05 2026 22:36:44 with Intel(R) Fortran Intel(R) 64
   Compiler Classic for applications running on Intel(R) 64, Version 2021.6.0
                             Build 20220226_000000

This software has been approved for release by the U.S. Geological 
Survey (USGS). Although the software has been subjected to rigorous 
review, the USGS reserves the right to update the software as needed 
pursuant to further analysis and review. No warranty, expressed or 
implied, is made by the USGS or the U.S. Government as to the 
functionality of the software and related material nor shall the 
fact of release constitute any such warranty. Furthermore, the 
software is released on condition that neither the USGS nor the U.S. 
Government shall be held liable for any damages resulting from its 
authorized or unauthorized use. Also refer to the USGS Water 
Resources Software User Rights Notice for complete use, copyright, 
and distribution information.


As a work of the United States Government, this USGS product is 
in the public domain within the United States. You can copy, 
modify, distribute, and perform the work, even for commercial 
purposes, all without asking permission. Additionally, USGS 
waives copyright and related rights in the work worldwide 
through CC0 1.0 Universal Public Domain Dedication 
(https://creativecommons.org/publicdomain/zero/1.0/).

The following GNU Lesser General Public License (LGPL) libraries
are used in this USGS product:

    SPARSKIT version 2.0
      ilut, luson, and qsplit 
      (https://www-users.cse.umn.edu/~saad/software/SPARSKIT/)

    RCM - Reverse Cuthill McKee Ordering
      (https://people.math.sc.edu/Burkardt/f_src/rcm/rcm.html)

    BLAS - Basic Linear Algebra Subprograms Level 1
      (https://people.math.sc.edu/Burkardt/f_src/blas1_d/blas1_d.html)

    SPARSEKIT - Sparse Matrix Utility Package
      amux, dperm, dvperm, rperm, and cperm
      (https://people.sc.fsu.edu/~jburkardt/f77_src/sparsekit/sparsekit.html)

The following BSD-3 License libraries are used in this USGS product:

    Modern Fortran DAG Library
      Copyright (c) 2018, Jacob Williams
      All rights reserved.
      (https://github.com/jacobwilliams/daglib)

MODFLOW 6 compiler options: /Isrc\libmf6_external.a.p /Isrc\libmf6core.a.p
/Isrc /I..\src /MT /nologo /warn:general /warn:truncated_source /stand:f18
/O2 /fpe:0 /heap-arrays:0 /traceback /fpp /Qdiag-disable:7416
/Qdiag-disable:7025 /Qdiag-disable:5268 /Qdiag-disable:10448
/Fdsrc\libmf6core.a.p\Utilities_compilerversion.F90.pdb
/module:src\libmf6core.a.p
/Fosrc/libmf6core.a.p/Utilities_compilerversion.F90.obj /c

System command used to initiate simulation:
C:\Python\Personal\kfm-ms\codes\binaries\MODFLOW6\windows\mf6.exe

MODFLOW was compiled using uniform precision.

Real Variables
  KIND: 8
  TINY (smallest non-zero value):    2.225074-308
  HUGE (largest value):    1.797693+308
  PRECISION: 15
  SIZE IN BITS: 64

Integer Variables
  KIND: 4
  HUGE (largest value): 2147483647
  SIZE IN BITS: 32

Long Integer Variables
  KIND: 8
  HUGE (largest value): 9223372036854775807
  SIZE IN BITS: 64

Logical Variables
  KIND: 4
  SIZE IN BITS: 32
 
 NAMEFILE OPTIONS:
    FLOWS WILL BE SAVED TO BUDGET FILE SPECIFIED IN OUTPUT CONTROL
 END NAMEFILE OPTIONS:

 DIS -- STRUCTURED GRID DISCRETIZATION PACKAGE, VERSION 2 : 3/27/2014 - INPUT READ FROM MEMPATH: __INPUT__/RAND_TARG/DIS                           


 NPF -- NODE PROPERTY FLOW PACKAGE, VERSION 1, 3/30/2015 INPUT READ FROM MEMPATH: __INPUT__/RAND_TARG/NPF                           


 IC -- Initial Conditions Package, Version 8, 3/28/2015 input read from mempath: __INPUT__/RAND_TARG/IC                            


 Setting Discretization Options
    XORIGIN = -40.50000000000000
    YORIGIN = -31.50000000000000
 End Setting Discretization Options

 Setting Discretization Dimensions
    NLAY = 1
    NROW = 21
    NCOL = 27
 End Setting Discretization Dimensions

 Setting Discretization Griddata
    DELR set from input file
    DELC set from input file
    TOP set from input file
    BOTM set from input file
 End Setting Discretization Griddata

 Setting NPF Options
    Cell-by-cell flow information will be saved to binary file whenever ICBCFL is not zero.
 End Setting NPF Options

 Setting NPF Griddata
    ICELLTYPE set from input file
    K set from input file
    K33 not provided.  Setting K33 = K.
    K22 not provided.  Setting K22 = K.
 End Setting NPF Griddata


 WEL -- WEL PACKAGE, VERSION 8, 2/22/2014 INPUT READ FROM MEMPATH: __INPUT__/RAND_TARG/WEL_0                         

 PROCESSING WEL BASE OPTIONS
    FLOWS WILL BE SAVED TO BUDGET FILE SPECIFIED IN OUTPUT CONTROL
 END OF WEL BASE OPTIONS

 PROCESSING WEL OPTIONS
 END OF WEL OPTIONS

 PROCESSING WEL BASE DIMENSIONS
    MAXBOUND =       3
 END OF WEL BASE DIMENSIONS
    STRT set from input file

 STO -- STORAGE PACKAGE, VERSION 1, 5/19/2014 INPUT READ FROM MEMPATH: __INPUT__/RAND_TARG/STO                           


 PROCESSING STORAGE OPTIONS
    CELL-BY-CELL FLOW INFORMATION WILL BE SAVED TO BINARY FILE WHENEVER ICBCFL IS NOT ZERO.
 END OF STORAGE OPTIONS
    BINARY GRID INFORMATION WILL BE WRITTEN TO:
      UNIT NUMBER: 1013
      FILE NAME: rand_targ.dis.grb

 OPENED rand_targ.dis.grb
 FILE TYPE:DATA(BINARY)   UNIT 1013   STATUS:REPLACE             
 FORMAT:UNFORMATTED            ACCESS:STREAM              
 ACTION:READWRITE           

      THE LAST TIME STEP WILL BE PRINTED
      THE LAST TIME STEP WILL BE PRINTED

 PROCESSING OC OPTIONS

    BUDGET INFORMATION WILL BE WRITTEN TO:
      UNIT NUMBER: 1014
      FILE NAME: rand_targ.cbc

 OPENED rand_targ.cbc
 FILE TYPE:DATA(BINARY)   UNIT 1014   STATUS:REPLACE             
 FORMAT:UNFORMATTED            ACCESS:STREAM              
 ACTION:READWRITE           

    HEAD INFORMATION WILL BE WRITTEN TO:
      UNIT NUMBER: 1015
      FILE NAME: rand_targ.hds

 OPENED rand_targ.hds
 FILE TYPE:DATA(BINARY)   UNIT 1015   STATUS:REPLACE             
 FORMAT:UNFORMATTED            ACCESS:STREAM              
 ACTION:READWRITE           

 END OF OC OPTIONS

start timestep kper="1" kstp="1" mode="normal"


 BEGIN READING OUTPUT CONTROL FOR STRESS PERIOD 1
      ALL TIME STEPS WILL BE SAVED
      ALL TIME STEPS WILL BE SAVED

 END READING OUTPUT CONTROL FOR STRESS PERIOD 1


 PROCESSING STORAGE PERIOD DATA
 END PROCESSING STORAGE PERIOD DATA


 STRESS PERIOD 1 IS TRANSIENT

 UBDSV1 SAVING           STO-SS ON UNIT   1014 AT TIME STEP      1, STRESS PERIOD      1
 UBDSV1 SAVING     FLOW-JA-FACE ON UNIT   1014 AT TIME STEP      1, STRESS PERIOD      1
 UBDSV06 SAVING              WEL IN MODEL RAND_TARG        PACKAGE RAND_TARG       CONNECTED TO MODEL RAND_TARG        PACKAGE WEL_0            ON UNIT   1014 AT TIME STEP      1, STRESS PERIOD      1

 HEAD WILL BE SAVED ON UNIT 1015 AT END OF TIME STEP    1, STRESS PERIOD    1


  VOLUME BUDGET FOR ENTIRE MODEL AT END OF TIME STEP    1, STRESS PERIOD   1
  ---------------------------------------------------------------------------------------------------

     CUMULATIVE VOLUME      L**3       RATES FOR THIS TIME STEP      L**3/T          PACKAGE NAME    
     ------------------                 ------------------------                     ----------------

           IN:                                      IN:
           ---                                      ---
              STO-SS =          20.5413                STO-SS =           2.9345     STORAGE                          
                 WEL =           0.0000                   WEL =           0.0000     WEL_0                            

            TOTAL IN =          20.5413              TOTAL IN =           2.9345

          OUT:                                     OUT:
          ----                                     ----
              STO-SS =           0.0000                STO-SS =           0.0000     STORAGE                          
                 WEL =          20.5413                   WEL =           2.9345     WEL_0                            

           TOTAL OUT =          20.5413             TOTAL OUT =           2.9345

            IN - OUT =      -3.4877E-08              IN - OUT =      -4.9824E-09

 PERCENT DISCREPANCY =          -0.00     PERCENT DISCREPANCY =          -0.00




         TIME SUMMARY AT END OF TIME STEP    1 IN STRESS PERIOD    1
                          TIME STEP LENGTH =    7.00000    
                        STRESS PERIOD TIME =    7.00000    
                     TOTAL SIMULATION TIME =    7.00000    

end timestep


start timestep kper="2" kstp="1" mode="normal"


 OUTPUT CONTROL FOR STRESS PERIOD 2 IS REPEATED USING SETTINGS FROM A PREVIOUS STRESS PERIOD.
 UBDSV1 SAVING           STO-SS ON UNIT   1014 AT TIME STEP      1, STRESS PERIOD      2
 UBDSV1 SAVING     FLOW-JA-FACE ON UNIT   1014 AT TIME STEP      1, STRESS PERIOD      2
 UBDSV06 SAVING              WEL IN MODEL RAND_TARG        PACKAGE RAND_TARG       CONNECTED TO MODEL RAND_TARG        PACKAGE WEL_0            ON UNIT   1014 AT TIME STEP      1, STRESS PERIOD      2

 HEAD WILL BE SAVED ON UNIT 1015 AT END OF TIME STEP    1, STRESS PERIOD    2


  VOLUME BUDGET FOR ENTIRE MODEL AT END OF TIME STEP    1, STRESS PERIOD   2
  ---------------------------------------------------------------------------------------------------

     CUMULATIVE VOLUME      L**3       RATES FOR THIS TIME STEP      L**3/T          PACKAGE NAME    
     ------------------                 ------------------------                     ----------------

           IN:                                      IN:
           ---                                      ---
              STO-SS =          71.7500                STO-SS =           7.3155     STORAGE                          
                 WEL =           0.0000                   WEL =           0.0000     WEL_0                            

            TOTAL IN =          71.7500              TOTAL IN =           7.3155

          OUT:                                     OUT:
          ----                                     ----
              STO-SS =           0.0000                STO-SS =           0.0000     STORAGE                          
                 WEL =          71.7500                   WEL =           7.3155     WEL_0                            

           TOTAL OUT =          71.7500             TOTAL OUT =           7.3155

            IN - OUT =      -7.5159E-08              IN - OUT =      -5.7546E-09

 PERCENT DISCREPANCY =          -0.00     PERCENT DISCREPANCY =          -0.00




         TIME SUMMARY AT END OF TIME STEP    1 IN STRESS PERIOD    2
                          TIME STEP LENGTH =    7.00000    
                        STRESS PERIOD TIME =    7.00000    
                     TOTAL SIMULATION TIME =    14.0000    

end timestep


start timestep kper="3" kstp="1" mode="normal"


 OUTPUT CONTROL FOR STRESS PERIOD 3 IS REPEATED USING SETTINGS FROM A PREVIOUS STRESS PERIOD.
 UBDSV1 SAVING           STO-SS ON UNIT   1014 AT TIME STEP      1, STRESS PERIOD      3
 UBDSV1 SAVING     FLOW-JA-FACE ON UNIT   1014 AT TIME STEP      1, STRESS PERIOD      3
 UBDSV06 SAVING              WEL IN MODEL RAND_TARG        PACKAGE RAND_TARG       CONNECTED TO MODEL RAND_TARG        PACKAGE WEL_0            ON UNIT   1014 AT TIME STEP      1, STRESS PERIOD      3

 HEAD WILL BE SAVED ON UNIT 1015 AT END OF TIME STEP    1, STRESS PERIOD    3


  VOLUME BUDGET FOR ENTIRE MODEL AT END OF TIME STEP    1, STRESS PERIOD   3
  ---------------------------------------------------------------------------------------------------

     CUMULATIVE VOLUME      L**3       RATES FOR THIS TIME STEP      L**3/T          PACKAGE NAME    
     ------------------                 ------------------------                     ----------------

           IN:                                      IN:
           ---                                      ---
              STO-SS =         124.7341                STO-SS =           7.5691     STORAGE                          
                 WEL =           0.0000                   WEL =           0.0000     WEL_0                            

            TOTAL IN =         124.7341              TOTAL IN =           7.5691

          OUT:                                     OUT:
          ----                                     ----
              STO-SS =           0.0000                STO-SS =           0.0000     STORAGE                          
                 WEL =         124.7341                   WEL =           7.5691     WEL_0                            

           TOTAL OUT =         124.7341             TOTAL OUT =           7.5691

            IN - OUT =      -1.4587E-07              IN - OUT =      -1.0102E-08

 PERCENT DISCREPANCY =          -0.00     PERCENT DISCREPANCY =          -0.00




         TIME SUMMARY AT END OF TIME STEP    1 IN STRESS PERIOD    3
                          TIME STEP LENGTH =    7.00000    
                        STRESS PERIOD TIME =    7.00000    
                     TOTAL SIMULATION TIME =    21.0000    

end timestep


start timestep kper="4" kstp="1" mode="normal"


 OUTPUT CONTROL FOR STRESS PERIOD 4 IS REPEATED USING SETTINGS FROM A PREVIOUS STRESS PERIOD.
 UBDSV1 SAVING           STO-SS ON UNIT   1014 AT TIME STEP      1, STRESS PERIOD      4
 UBDSV1 SAVING     FLOW-JA-FACE ON UNIT   1014 AT TIME STEP      1, STRESS PERIOD      4
 UBDSV06 SAVING              WEL IN MODEL RAND_TARG        PACKAGE RAND_TARG       CONNECTED TO MODEL RAND_TARG        PACKAGE WEL_0            ON UNIT   1014 AT TIME STEP      1, STRESS PERIOD      4

 HEAD WILL BE SAVED ON UNIT 1015 AT END OF TIME STEP    1, STRESS PERIOD    4


  VOLUME BUDGET FOR ENTIRE MODEL AT END OF TIME STEP    1, STRESS PERIOD   4
  ---------------------------------------------------------------------------------------------------

     CUMULATIVE VOLUME      L**3       RATES FOR THIS TIME STEP      L**3/T          PACKAGE NAME    
     ------------------                 ------------------------                     ----------------

           IN:                                      IN:
           ---                                      ---
              STO-SS =         206.7134                STO-SS =          11.7113     STORAGE                          
                 WEL =           0.0000                   WEL =           0.0000     WEL_0                            

            TOTAL IN =         206.7134              TOTAL IN =          11.7113

          OUT:                                     OUT:
          ----                                     ----
              STO-SS =           0.0000                STO-SS =           0.0000     STORAGE                          
                 WEL =         206.7134                   WEL =          11.7113     WEL_0                            

           TOTAL OUT =         206.7134             TOTAL OUT =          11.7113

            IN - OUT =      -1.5603E-07              IN - OUT =      -1.4512E-09

 PERCENT DISCREPANCY =          -0.00     PERCENT DISCREPANCY =          -0.00




         TIME SUMMARY AT END OF TIME STEP    1 IN STRESS PERIOD    4
                          TIME STEP LENGTH =    7.00000    
                        STRESS PERIOD TIME =    7.00000    
                     TOTAL SIMULATION TIME =    28.0000    

end timestep


start timestep kper="5" kstp="1" mode="normal"


 OUTPUT CONTROL FOR STRESS PERIOD 5 IS REPEATED USING SETTINGS FROM A PREVIOUS STRESS PERIOD.
 UBDSV1 SAVING           STO-SS ON UNIT   1014 AT TIME STEP      1, STRESS PERIOD      5
 UBDSV1 SAVING     FLOW-JA-FACE ON UNIT   1014 AT TIME STEP      1, STRESS PERIOD      5
 UBDSV06 SAVING              WEL IN MODEL RAND_TARG        PACKAGE RAND_TARG       CONNECTED TO MODEL RAND_TARG        PACKAGE WEL_0            ON UNIT   1014 AT TIME STEP      1, STRESS PERIOD      5

 HEAD WILL BE SAVED ON UNIT 1015 AT END OF TIME STEP    1, STRESS PERIOD    5


  VOLUME BUDGET FOR ENTIRE MODEL AT END OF TIME STEP    1, STRESS PERIOD   5
  ---------------------------------------------------------------------------------------------------

     CUMULATIVE VOLUME      L**3       RATES FOR THIS TIME STEP      L**3/T          PACKAGE NAME    
     ------------------                 ------------------------                     ----------------

           IN:                                      IN:
           ---                                      ---
              STO-SS =         257.0793                STO-SS =           7.1951     STORAGE                          
                 WEL =           0.0000                   WEL =           0.0000     WEL_0                            

            TOTAL IN =         257.0793              TOTAL IN =           7.1951

          OUT:                                     OUT:
          ----                                     ----
              STO-SS =       8.1172E-02                STO-SS =       1.1596E-02     STORAGE                          
                 WEL =         256.9981                   WEL =           7.1835     WEL_0                            

           TOTAL OUT =         257.0793             TOTAL OUT =           7.1951

            IN - OUT =      -1.9366E-07              IN - OUT =      -5.3761E-09

 PERCENT DISCREPANCY =          -0.00     PERCENT DISCREPANCY =          -0.00




         TIME SUMMARY AT END OF TIME STEP    1 IN STRESS PERIOD    5
                          TIME STEP LENGTH =    7.00000    
                        STRESS PERIOD TIME =    7.00000    
                     TOTAL SIMULATION TIME =    35.0000    

end timestep


start timestep kper="6" kstp="1" mode="normal"


 OUTPUT CONTROL FOR STRESS PERIOD 6 IS REPEATED USING SETTINGS FROM A PREVIOUS STRESS PERIOD.
 UBDSV1 SAVING           STO-SS ON UNIT   1014 AT TIME STEP      1, STRESS PERIOD      6
 UBDSV1 SAVING     FLOW-JA-FACE ON UNIT   1014 AT TIME STEP      1, STRESS PERIOD      6
 UBDSV06 SAVING              WEL IN MODEL RAND_TARG        PACKAGE RAND_TARG       CONNECTED TO MODEL RAND_TARG        PACKAGE WEL_0            ON UNIT   1014 AT TIME STEP      1, STRESS PERIOD      6

 HEAD WILL BE SAVED ON UNIT 1015 AT END OF TIME STEP    1, STRESS PERIOD    6


  VOLUME BUDGET FOR ENTIRE MODEL AT END OF TIME STEP    1, STRESS PERIOD   6
  ---------------------------------------------------------------------------------------------------

     CUMULATIVE VOLUME      L**3       RATES FOR THIS TIME STEP      L**3/T          PACKAGE NAME    
     ------------------                 ------------------------                     ----------------

           IN:                                      IN:
           ---                                      ---
              STO-SS =         302.2041                STO-SS =           6.4464     STORAGE                          
                 WEL =           0.0000                   WEL =           0.0000     WEL_0                            

            TOTAL IN =         302.2041              TOTAL IN =           6.4464

          OUT:                                     OUT:
          ----                                     ----
              STO-SS =           0.1189                STO-SS =       5.3912E-03     STORAGE                          
                 WEL =         302.0852                   WEL =           6.4410     WEL_0                            

           TOTAL OUT =         302.2041             TOTAL OUT =           6.4464

            IN - OUT =      -1.5447E-07              IN - OUT =       5.5984E-09

 PERCENT DISCREPANCY =          -0.00     PERCENT DISCREPANCY =           0.00




         TIME SUMMARY AT END OF TIME STEP    1 IN STRESS PERIOD    6
                          TIME STEP LENGTH =    7.00000    
                        STRESS PERIOD TIME =    7.00000    
                     TOTAL SIMULATION TIME =    42.0000    

end timestep


start timestep kper="7" kstp="1" mode="normal"


 OUTPUT CONTROL FOR STRESS PERIOD 7 IS REPEATED USING SETTINGS FROM A PREVIOUS STRESS PERIOD.
 UBDSV1 SAVING           STO-SS ON UNIT   1014 AT TIME STEP      1, STRESS PERIOD      7
 UBDSV1 SAVING     FLOW-JA-FACE ON UNIT   1014 AT TIME STEP      1, STRESS PERIOD      7
 UBDSV06 SAVING              WEL IN MODEL RAND_TARG        PACKAGE RAND_TARG       CONNECTED TO MODEL RAND_TARG        PACKAGE WEL_0            ON UNIT   1014 AT TIME STEP      1, STRESS PERIOD      7

 HEAD WILL BE SAVED ON UNIT 1015 AT END OF TIME STEP    1, STRESS PERIOD    7


  VOLUME BUDGET FOR ENTIRE MODEL AT END OF TIME STEP    1, STRESS PERIOD   7
  ---------------------------------------------------------------------------------------------------

     CUMULATIVE VOLUME      L**3       RATES FOR THIS TIME STEP      L**3/T          PACKAGE NAME    
     ------------------                 ------------------------                     ----------------

           IN:                                      IN:
           ---                                      ---
              STO-SS =         373.0359                STO-SS =          10.1188     STORAGE                          
                 WEL =           0.0000                   WEL =           0.0000     WEL_0                            

            TOTAL IN =         373.0359              TOTAL IN =          10.1188

          OUT:                                     OUT:
          ----                                     ----
              STO-SS =           0.1189                STO-SS =           0.0000     STORAGE                          
                 WEL =         372.9170                   WEL =          10.1188     WEL_0                            

           TOTAL OUT =         373.0359             TOTAL OUT =          10.1188

            IN - OUT =      -1.6371E-07              IN - OUT =      -1.3196E-09

 PERCENT DISCREPANCY =          -0.00     PERCENT DISCREPANCY =          -0.00




         TIME SUMMARY AT END OF TIME STEP    1 IN STRESS PERIOD    7
                          TIME STEP LENGTH =    7.00000    
                        STRESS PERIOD TIME =    7.00000    
                     TOTAL SIMULATION TIME =    49.0000    

end timestep


start timestep kper="8" kstp="1" mode="normal"


 OUTPUT CONTROL FOR STRESS PERIOD 8 IS REPEATED USING SETTINGS FROM A PREVIOUS STRESS PERIOD.
 UBDSV1 SAVING           STO-SS ON UNIT   1014 AT TIME STEP      1, STRESS PERIOD      8
 UBDSV1 SAVING     FLOW-JA-FACE ON UNIT   1014 AT TIME STEP      1, STRESS PERIOD      8
 UBDSV06 SAVING              WEL IN MODEL RAND_TARG        PACKAGE RAND_TARG       CONNECTED TO MODEL RAND_TARG        PACKAGE WEL_0            ON UNIT   1014 AT TIME STEP      1, STRESS PERIOD      8

 HEAD WILL BE SAVED ON UNIT 1015 AT END OF TIME STEP    1, STRESS PERIOD    8


  VOLUME BUDGET FOR ENTIRE MODEL AT END OF TIME STEP    1, STRESS PERIOD   8
  ---------------------------------------------------------------------------------------------------

     CUMULATIVE VOLUME      L**3       RATES FOR THIS TIME STEP      L**3/T          PACKAGE NAME    
     ------------------                 ------------------------                     ----------------

           IN:                                      IN:
           ---                                      ---
              STO-SS =         408.4890                STO-SS =           5.0647     STORAGE                          
                 WEL =           0.0000                   WEL =           0.0000     WEL_0                            

            TOTAL IN =         408.4890              TOTAL IN =           5.0647

          OUT:                                     OUT:
          ----                                     ----
              STO-SS =           0.3230                STO-SS =       2.9150E-02     STORAGE                          
                 WEL =         408.1660                   WEL =           5.0356     WEL_0                            

           TOTAL OUT =         408.4890             TOTAL OUT =           5.0647

            IN - OUT =      -2.0293E-07              IN - OUT =      -5.6033E-09

 PERCENT DISCREPANCY =          -0.00     PERCENT DISCREPANCY =          -0.00




         TIME SUMMARY AT END OF TIME STEP    1 IN STRESS PERIOD    8
                          TIME STEP LENGTH =    7.00000    
                        STRESS PERIOD TIME =    7.00000    
                     TOTAL SIMULATION TIME =    56.0000    

end timestep


start timestep kper="9" kstp="1" mode="normal"


 OUTPUT CONTROL FOR STRESS PERIOD 9 IS REPEATED USING SETTINGS FROM A PREVIOUS STRESS PERIOD.
 UBDSV1 SAVING           STO-SS ON UNIT   1014 AT TIME STEP      1, STRESS PERIOD      9
 UBDSV1 SAVING     FLOW-JA-FACE ON UNIT   1014 AT TIME STEP      1, STRESS PERIOD      9
 UBDSV06 SAVING              WEL IN MODEL RAND_TARG        PACKAGE RAND_TARG       CONNECTED TO MODEL RAND_TARG        PACKAGE WEL_0            ON UNIT   1014 AT TIME STEP      1, STRESS PERIOD      9

 HEAD WILL BE SAVED ON UNIT 1015 AT END OF TIME STEP    1, STRESS PERIOD    9


  VOLUME BUDGET FOR ENTIRE MODEL AT END OF TIME STEP    1, STRESS PERIOD   9
  ---------------------------------------------------------------------------------------------------

     CUMULATIVE VOLUME      L**3       RATES FOR THIS TIME STEP      L**3/T          PACKAGE NAME    
     ------------------                 ------------------------                     ----------------

           IN:                                      IN:
           ---                                      ---
              STO-SS =         433.3818                STO-SS =           3.5561     STORAGE                          
                 WEL =           0.0000                   WEL =           0.0000     WEL_0                            

            TOTAL IN =         433.3818              TOTAL IN =           3.5561

          OUT:                                     OUT:
          ----                                     ----
              STO-SS =           0.5201                STO-SS =       2.8160E-02     STORAGE                          
                 WEL =         432.8617                   WEL =           3.5280     WEL_0                            

           TOTAL OUT =         433.3818             TOTAL OUT =           3.5561

            IN - OUT =      -4.0198E-07              IN - OUT =      -2.8435E-08

 PERCENT DISCREPANCY =          -0.00     PERCENT DISCREPANCY =          -0.00




         TIME SUMMARY AT END OF TIME STEP    1 IN STRESS PERIOD    9
                          TIME STEP LENGTH =    7.00000    
                        STRESS PERIOD TIME =    7.00000    
                     TOTAL SIMULATION TIME =    63.0000    

end timestep


start timestep kper="10" kstp="1" mode="normal"


 OUTPUT CONTROL FOR STRESS PERIOD 10 IS REPEATED USING SETTINGS FROM A PREVIOUS STRESS PERIOD.
 UBDSV1 SAVING           STO-SS ON UNIT   1014 AT TIME STEP      1, STRESS PERIOD     10
 UBDSV1 SAVING     FLOW-JA-FACE ON UNIT   1014 AT TIME STEP      1, STRESS PERIOD     10
 UBDSV06 SAVING              WEL IN MODEL RAND_TARG        PACKAGE RAND_TARG       CONNECTED TO MODEL RAND_TARG        PACKAGE WEL_0            ON UNIT   1014 AT TIME STEP      1, STRESS PERIOD     10

 HEAD WILL BE SAVED ON UNIT 1015 AT END OF TIME STEP    1, STRESS PERIOD   10


  VOLUME BUDGET FOR ENTIRE MODEL AT END OF TIME STEP    1, STRESS PERIOD  10
  ---------------------------------------------------------------------------------------------------

     CUMULATIVE VOLUME      L**3       RATES FOR THIS TIME STEP      L**3/T          PACKAGE NAME    
     ------------------                 ------------------------                     ----------------

           IN:                                      IN:
           ---                                      ---
              STO-SS =         477.3881                STO-SS =           6.2866     STORAGE                          
                 WEL =           0.0000                   WEL =           0.0000     WEL_0                            

            TOTAL IN =         477.3881              TOTAL IN =           6.2866

          OUT:                                     OUT:
          ----                                     ----
              STO-SS =           0.5201                STO-SS =           0.0000     STORAGE                          
                 WEL =         476.8680                   WEL =           6.2866     WEL_0                            

           TOTAL OUT =         477.3881             TOTAL OUT =           6.2866

            IN - OUT =      -4.3664E-07              IN - OUT =      -4.9519E-09

 PERCENT DISCREPANCY =          -0.00     PERCENT DISCREPANCY =          -0.00




         TIME SUMMARY AT END OF TIME STEP    1 IN STRESS PERIOD   10
                          TIME STEP LENGTH =    7.00000    
                        STRESS PERIOD TIME =    7.00000    
                     TOTAL SIMULATION TIME =    70.0000    

end timestep


start timestep kper="11" kstp="1" mode="normal"


 OUTPUT CONTROL FOR STRESS PERIOD 11 IS REPEATED USING SETTINGS FROM A PREVIOUS STRESS PERIOD.
 UBDSV1 SAVING           STO-SS ON UNIT   1014 AT TIME STEP      1, STRESS PERIOD     11
 UBDSV1 SAVING     FLOW-JA-FACE ON UNIT   1014 AT TIME STEP      1, STRESS PERIOD     11
 UBDSV06 SAVING              WEL IN MODEL RAND_TARG        PACKAGE RAND_TARG       CONNECTED TO MODEL RAND_TARG        PACKAGE WEL_0            ON UNIT   1014 AT TIME STEP      1, STRESS PERIOD     11

 HEAD WILL BE SAVED ON UNIT 1015 AT END OF TIME STEP    1, STRESS PERIOD   11


  VOLUME BUDGET FOR ENTIRE MODEL AT END OF TIME STEP    1, STRESS PERIOD  11
  ---------------------------------------------------------------------------------------------------

     CUMULATIVE VOLUME      L**3       RATES FOR THIS TIME STEP      L**3/T          PACKAGE NAME    
     ------------------                 ------------------------                     ----------------

           IN:                                      IN:
           ---                                      ---
              STO-SS =         527.7891                STO-SS =           7.2002     STORAGE                          
                 WEL =           0.0000                   WEL =           0.0000     WEL_0                            

            TOTAL IN =         527.7891              TOTAL IN =           7.2002

          OUT:                                     OUT:
          ----                                     ----
              STO-SS =           0.5201                STO-SS =           0.0000     STORAGE                          
                 WEL =         527.2691                   WEL =           7.2002     WEL_0                            

           TOTAL OUT =         527.7891             TOTAL OUT =           7.2002

            IN - OUT =      -4.5928E-07              IN - OUT =      -3.2345E-09

 PERCENT DISCREPANCY =          -0.00     PERCENT DISCREPANCY =          -0.00




         TIME SUMMARY AT END OF TIME STEP    1 IN STRESS PERIOD   11
                          TIME STEP LENGTH =    7.00000    
                        STRESS PERIOD TIME =    7.00000    
                     TOTAL SIMULATION TIME =    77.0000    

end timestep


start timestep kper="12" kstp="1" mode="normal"


 OUTPUT CONTROL FOR STRESS PERIOD 12 IS REPEATED USING SETTINGS FROM A PREVIOUS STRESS PERIOD.
 UBDSV1 SAVING           STO-SS ON UNIT   1014 AT TIME STEP      1, STRESS PERIOD     12
 UBDSV1 SAVING     FLOW-JA-FACE ON UNIT   1014 AT TIME STEP      1, STRESS PERIOD     12
 UBDSV06 SAVING              WEL IN MODEL RAND_TARG        PACKAGE RAND_TARG       CONNECTED TO MODEL RAND_TARG        PACKAGE WEL_0            ON UNIT   1014 AT TIME STEP      1, STRESS PERIOD     12

 HEAD WILL BE SAVED ON UNIT 1015 AT END OF TIME STEP    1, STRESS PERIOD   12


  VOLUME BUDGET FOR ENTIRE MODEL AT END OF TIME STEP    1, STRESS PERIOD  12
  ---------------------------------------------------------------------------------------------------

     CUMULATIVE VOLUME      L**3       RATES FOR THIS TIME STEP      L**3/T          PACKAGE NAME    
     ------------------                 ------------------------                     ----------------

           IN:                                      IN:
           ---                                      ---
              STO-SS =         574.2762                STO-SS =           6.6410     STORAGE                          
                 WEL =           0.0000                   WEL =           0.0000     WEL_0                            

            TOTAL IN =         574.2762              TOTAL IN =           6.6410

          OUT:                                     OUT:
          ----                                     ----
              STO-SS =           0.5201                STO-SS =           0.0000     STORAGE                          
                 WEL =         573.7561                   WEL =           6.6410     WEL_0                            

           TOTAL OUT =         574.2762             TOTAL OUT =           6.6410

            IN - OUT =      -5.7597E-07              IN - OUT =      -1.6670E-08

 PERCENT DISCREPANCY =          -0.00     PERCENT DISCREPANCY =          -0.00




         TIME SUMMARY AT END OF TIME STEP    1 IN STRESS PERIOD   12
                          TIME STEP LENGTH =    7.00000    
                        STRESS PERIOD TIME =    7.00000    
                     TOTAL SIMULATION TIME =    84.0000    

end timestep


start timestep kper="13" kstp="1" mode="normal"


 OUTPUT CONTROL FOR STRESS PERIOD 13 IS REPEATED USING SETTINGS FROM A PREVIOUS STRESS PERIOD.
 UBDSV1 SAVING           STO-SS ON UNIT   1014 AT TIME STEP      1, STRESS PERIOD     13
 UBDSV1 SAVING     FLOW-JA-FACE ON UNIT   1014 AT TIME STEP      1, STRESS PERIOD     13
 UBDSV06 SAVING              WEL IN MODEL RAND_TARG        PACKAGE RAND_TARG       CONNECTED TO MODEL RAND_TARG        PACKAGE WEL_0            ON UNIT   1014 AT TIME STEP      1, STRESS PERIOD     13

 HEAD WILL BE SAVED ON UNIT 1015 AT END OF TIME STEP    1, STRESS PERIOD   13


  VOLUME BUDGET FOR ENTIRE MODEL AT END OF TIME STEP    1, STRESS PERIOD  13
  ---------------------------------------------------------------------------------------------------

     CUMULATIVE VOLUME      L**3       RATES FOR THIS TIME STEP      L**3/T          PACKAGE NAME    
     ------------------                 ------------------------                     ----------------

           IN:                                      IN:
           ---                                      ---
              STO-SS =         609.3736                STO-SS =           5.0139     STORAGE                          
                 WEL =           0.0000                   WEL =           0.0000     WEL_0                            

            TOTAL IN =         609.3736              TOTAL IN =           5.0139

          OUT:                                     OUT:
          ----                                     ----
              STO-SS =           0.6925                STO-SS =       2.4631E-02     STORAGE                          
                 WEL =         608.6811                   WEL =           4.9893     WEL_0                            

           TOTAL OUT =         609.3736             TOTAL OUT =           5.0139

            IN - OUT =      -9.1107E-07              IN - OUT =      -4.7871E-08

 PERCENT DISCREPANCY =          -0.00     PERCENT DISCREPANCY =          -0.00




         TIME SUMMARY AT END OF TIME STEP    1 IN STRESS PERIOD   13
                          TIME STEP LENGTH =    7.00000    
                        STRESS PERIOD TIME =    7.00000    
                     TOTAL SIMULATION TIME =    91.0000    

end timestep


start timestep kper="14" kstp="1" mode="normal"


 OUTPUT CONTROL FOR STRESS PERIOD 14 IS REPEATED USING SETTINGS FROM A PREVIOUS STRESS PERIOD.
 UBDSV1 SAVING           STO-SS ON UNIT   1014 AT TIME STEP      1, STRESS PERIOD     14
 UBDSV1 SAVING     FLOW-JA-FACE ON UNIT   1014 AT TIME STEP      1, STRESS PERIOD     14
 UBDSV06 SAVING              WEL IN MODEL RAND_TARG        PACKAGE RAND_TARG       CONNECTED TO MODEL RAND_TARG        PACKAGE WEL_0            ON UNIT   1014 AT TIME STEP      1, STRESS PERIOD     14

 HEAD WILL BE SAVED ON UNIT 1015 AT END OF TIME STEP    1, STRESS PERIOD   14


  VOLUME BUDGET FOR ENTIRE MODEL AT END OF TIME STEP    1, STRESS PERIOD  14
  ---------------------------------------------------------------------------------------------------

     CUMULATIVE VOLUME      L**3       RATES FOR THIS TIME STEP      L**3/T          PACKAGE NAME    
     ------------------                 ------------------------                     ----------------

           IN:                                      IN:
           ---                                      ---
              STO-SS =         649.7689                STO-SS =           5.7708     STORAGE                          
                 WEL =           0.0000                   WEL =           0.0000     WEL_0                            

            TOTAL IN =         649.7689              TOTAL IN =           5.7708

          OUT:                                     OUT:
          ----                                     ----
              STO-SS =           0.7371                STO-SS =       6.3717E-03     STORAGE                          
                 WEL =         649.0318                   WEL =           5.7644     WEL_0                            

           TOTAL OUT =         649.7689             TOTAL OUT =           5.7708

            IN - OUT =      -9.5164E-07              IN - OUT =      -5.7959E-09

 PERCENT DISCREPANCY =          -0.00     PERCENT DISCREPANCY =          -0.00




         TIME SUMMARY AT END OF TIME STEP    1 IN STRESS PERIOD   14
                          TIME STEP LENGTH =    7.00000    
                        STRESS PERIOD TIME =    7.00000    
                     TOTAL SIMULATION TIME =    98.0000    

end timestep


start timestep kper="15" kstp="1" mode="normal"


 OUTPUT CONTROL FOR STRESS PERIOD 15 IS REPEATED USING SETTINGS FROM A PREVIOUS STRESS PERIOD.
 UBDSV1 SAVING           STO-SS ON UNIT   1014 AT TIME STEP      1, STRESS PERIOD     15
 UBDSV1 SAVING     FLOW-JA-FACE ON UNIT   1014 AT TIME STEP      1, STRESS PERIOD     15
 UBDSV06 SAVING              WEL IN MODEL RAND_TARG        PACKAGE RAND_TARG       CONNECTED TO MODEL RAND_TARG        PACKAGE WEL_0            ON UNIT   1014 AT TIME STEP      1, STRESS PERIOD     15

 HEAD WILL BE SAVED ON UNIT 1015 AT END OF TIME STEP    1, STRESS PERIOD   15


  VOLUME BUDGET FOR ENTIRE MODEL AT END OF TIME STEP    1, STRESS PERIOD  15
  ---------------------------------------------------------------------------------------------------

     CUMULATIVE VOLUME      L**3       RATES FOR THIS TIME STEP      L**3/T          PACKAGE NAME    
     ------------------                 ------------------------                     ----------------

           IN:                                      IN:
           ---                                      ---
              STO-SS =         681.5592                STO-SS =           4.5415     STORAGE                          
                 WEL =           0.0000                   WEL =           0.0000     WEL_0                            

            TOTAL IN =         681.5592              TOTAL IN =           4.5415

          OUT:                                     OUT:
          ----                                     ----
              STO-SS =           0.7371                STO-SS =           0.0000     STORAGE                          
                 WEL =         680.8221                   WEL =           4.5415     WEL_0                            

           TOTAL OUT =         681.5592             TOTAL OUT =           4.5415

            IN - OUT =      -9.9244E-07              IN - OUT =      -5.8288E-09

 PERCENT DISCREPANCY =          -0.00     PERCENT DISCREPANCY =          -0.00




         TIME SUMMARY AT END OF TIME STEP    1 IN STRESS PERIOD   15
                          TIME STEP LENGTH =    7.00000    
                        STRESS PERIOD TIME =    7.00000    
                     TOTAL SIMULATION TIME =    105.000    

end timestep


start timestep kper="16" kstp="1" mode="normal"


 OUTPUT CONTROL FOR STRESS PERIOD 16 IS REPEATED USING SETTINGS FROM A PREVIOUS STRESS PERIOD.
 UBDSV1 SAVING           STO-SS ON UNIT   1014 AT TIME STEP      1, STRESS PERIOD     16
 UBDSV1 SAVING     FLOW-JA-FACE ON UNIT   1014 AT TIME STEP      1, STRESS PERIOD     16
 UBDSV06 SAVING              WEL IN MODEL RAND_TARG        PACKAGE RAND_TARG       CONNECTED TO MODEL RAND_TARG        PACKAGE WEL_0            ON UNIT   1014 AT TIME STEP      1, STRESS PERIOD     16

 HEAD WILL BE SAVED ON UNIT 1015 AT END OF TIME STEP    1, STRESS PERIOD   16


  VOLUME BUDGET FOR ENTIRE MODEL AT END OF TIME STEP    1, STRESS PERIOD  16
  ---------------------------------------------------------------------------------------------------

     CUMULATIVE VOLUME      L**3       RATES FOR THIS TIME STEP      L**3/T          PACKAGE NAME    
     ------------------                 ------------------------                     ----------------

           IN:                                      IN:
           ---                                      ---
              STO-SS =         706.4797                STO-SS =           3.5601     STORAGE                          
                 WEL =           0.0000                   WEL =           0.0000     WEL_0                            

            TOTAL IN =         706.4797              TOTAL IN =           3.5601

          OUT:                                     OUT:
          ----                                     ----
              STO-SS =           0.8654                STO-SS =       1.8327E-02     STORAGE                          
                 WEL =         705.6143                   WEL =           3.5417     WEL_0                            

           TOTAL OUT =         706.4797             TOTAL OUT =           3.5601

            IN - OUT =      -1.1794E-06              IN - OUT =      -2.6708E-08

 PERCENT DISCREPANCY =          -0.00     PERCENT DISCREPANCY =          -0.00




         TIME SUMMARY AT END OF TIME STEP    1 IN STRESS PERIOD   16
                          TIME STEP LENGTH =    7.00000    
                        STRESS PERIOD TIME =    7.00000    
                     TOTAL SIMULATION TIME =    112.000    

end timestep


start timestep kper="17" kstp="1" mode="normal"


 OUTPUT CONTROL FOR STRESS PERIOD 17 IS REPEATED USING SETTINGS FROM A PREVIOUS STRESS PERIOD.
 UBDSV1 SAVING           STO-SS ON UNIT   1014 AT TIME STEP      1, STRESS PERIOD     17
 UBDSV1 SAVING     FLOW-JA-FACE ON UNIT   1014 AT TIME STEP      1, STRESS PERIOD     17
 UBDSV06 SAVING              WEL IN MODEL RAND_TARG        PACKAGE RAND_TARG       CONNECTED TO MODEL RAND_TARG        PACKAGE WEL_0            ON UNIT   1014 AT TIME STEP      1, STRESS PERIOD     17

 HEAD WILL BE SAVED ON UNIT 1015 AT END OF TIME STEP    1, STRESS PERIOD   17


  VOLUME BUDGET FOR ENTIRE MODEL AT END OF TIME STEP    1, STRESS PERIOD  17
  ---------------------------------------------------------------------------------------------------

     CUMULATIVE VOLUME      L**3       RATES FOR THIS TIME STEP      L**3/T          PACKAGE NAME    
     ------------------                 ------------------------                     ----------------

           IN:                                      IN:
           ---                                      ---
              STO-SS =         754.3222                STO-SS =           6.8347     STORAGE                          
                 WEL =           0.0000                   WEL =           0.0000     WEL_0                            

            TOTAL IN =         754.3222              TOTAL IN =           6.8347

          OUT:                                     OUT:
          ----                                     ----
              STO-SS =           0.8654                STO-SS =           0.0000     STORAGE                          
                 WEL =         753.4569                   WEL =           6.8347     WEL_0                            

           TOTAL OUT =         754.3222             TOTAL OUT =           6.8347

            IN - OUT =      -1.2826E-06              IN - OUT =      -1.4745E-08

 PERCENT DISCREPANCY =          -0.00     PERCENT DISCREPANCY =          -0.00




         TIME SUMMARY AT END OF TIME STEP    1 IN STRESS PERIOD   17
                          TIME STEP LENGTH =    7.00000    
                        STRESS PERIOD TIME =    7.00000    
                     TOTAL SIMULATION TIME =    119.000    

end timestep


start timestep kper="18" kstp="1" mode="normal"


 OUTPUT CONTROL FOR STRESS PERIOD 18 IS REPEATED USING SETTINGS FROM A PREVIOUS STRESS PERIOD.
 UBDSV1 SAVING           STO-SS ON UNIT   1014 AT TIME STEP      1, STRESS PERIOD     18
 UBDSV1 SAVING     FLOW-JA-FACE ON UNIT   1014 AT TIME STEP      1, STRESS PERIOD     18
 UBDSV06 SAVING              WEL IN MODEL RAND_TARG        PACKAGE RAND_TARG       CONNECTED TO MODEL RAND_TARG        PACKAGE WEL_0            ON UNIT   1014 AT TIME STEP      1, STRESS PERIOD     18

 HEAD WILL BE SAVED ON UNIT 1015 AT END OF TIME STEP    1, STRESS PERIOD   18


  VOLUME BUDGET FOR ENTIRE MODEL AT END OF TIME STEP    1, STRESS PERIOD  18
  ---------------------------------------------------------------------------------------------------

     CUMULATIVE VOLUME      L**3       RATES FOR THIS TIME STEP      L**3/T          PACKAGE NAME    
     ------------------                 ------------------------                     ----------------

           IN:                                      IN:
           ---                                      ---
              STO-SS =         786.5350                STO-SS =           4.6018     STORAGE                          
                 WEL =           0.0000                   WEL =           0.0000     WEL_0                            

            TOTAL IN =         786.5350              TOTAL IN =           4.6018

          OUT:                                     OUT:
          ----                                     ----
              STO-SS =           1.9945                STO-SS =           0.1613     STORAGE                          
                 WEL =         784.5405                   WEL =           4.4405     WEL_0                            

           TOTAL OUT =         786.5350             TOTAL OUT =           4.6018

            IN - OUT =      -1.3503E-06              IN - OUT =      -9.6731E-09

 PERCENT DISCREPANCY =          -0.00     PERCENT DISCREPANCY =          -0.00




         TIME SUMMARY AT END OF TIME STEP    1 IN STRESS PERIOD   18
                          TIME STEP LENGTH =    7.00000    
                        STRESS PERIOD TIME =    7.00000    
                     TOTAL SIMULATION TIME =    126.000    

end timestep


start timestep kper="19" kstp="1" mode="normal"


 OUTPUT CONTROL FOR STRESS PERIOD 19 IS REPEATED USING SETTINGS FROM A PREVIOUS STRESS PERIOD.
 UBDSV1 SAVING           STO-SS ON UNIT   1014 AT TIME STEP      1, STRESS PERIOD     19
 UBDSV1 SAVING     FLOW-JA-FACE ON UNIT   1014 AT TIME STEP      1, STRESS PERIOD     19
 UBDSV06 SAVING              WEL IN MODEL RAND_TARG        PACKAGE RAND_TARG       CONNECTED TO MODEL RAND_TARG        PACKAGE WEL_0            ON UNIT   1014 AT TIME STEP      1, STRESS PERIOD     19

 HEAD WILL BE SAVED ON UNIT 1015 AT END OF TIME STEP    1, STRESS PERIOD   19


  VOLUME BUDGET FOR ENTIRE MODEL AT END OF TIME STEP    1, STRESS PERIOD  19
  ---------------------------------------------------------------------------------------------------

     CUMULATIVE VOLUME      L**3       RATES FOR THIS TIME STEP      L**3/T          PACKAGE NAME    
     ------------------                 ------------------------                     ----------------

           IN:                                      IN:
           ---                                      ---
              STO-SS =         852.3140                STO-SS =           9.3970     STORAGE                          
                 WEL =           0.0000                   WEL =           0.0000     WEL_0                            

            TOTAL IN =         852.3140              TOTAL IN =           9.3970

          OUT:                                     OUT:
          ----                                     ----
              STO-SS =           1.9945                STO-SS =           0.0000     STORAGE                          
                 WEL =         850.3194                   WEL =           9.3970     WEL_0                            

           TOTAL OUT =         852.3140             TOTAL OUT =           9.3970

            IN - OUT =      -1.3500E-06              IN - OUT =       4.7732E-11

 PERCENT DISCREPANCY =          -0.00     PERCENT DISCREPANCY =           0.00




         TIME SUMMARY AT END OF TIME STEP    1 IN STRESS PERIOD   19
                          TIME STEP LENGTH =    7.00000    
                        STRESS PERIOD TIME =    7.00000    
                     TOTAL SIMULATION TIME =    133.000    

end timestep


start timestep kper="20" kstp="1" mode="normal"


 OUTPUT CONTROL FOR STRESS PERIOD 20 IS REPEATED USING SETTINGS FROM A PREVIOUS STRESS PERIOD.
 UBDSV1 SAVING           STO-SS ON UNIT   1014 AT TIME STEP      1, STRESS PERIOD     20
 UBDSV1 SAVING     FLOW-JA-FACE ON UNIT   1014 AT TIME STEP      1, STRESS PERIOD     20
 UBDSV06 SAVING              WEL IN MODEL RAND_TARG        PACKAGE RAND_TARG       CONNECTED TO MODEL RAND_TARG        PACKAGE WEL_0            ON UNIT   1014 AT TIME STEP      1, STRESS PERIOD     20

 HEAD WILL BE SAVED ON UNIT 1015 AT END OF TIME STEP    1, STRESS PERIOD   20


  VOLUME BUDGET FOR ENTIRE MODEL AT END OF TIME STEP    1, STRESS PERIOD  20
  ---------------------------------------------------------------------------------------------------

     CUMULATIVE VOLUME      L**3       RATES FOR THIS TIME STEP      L**3/T          PACKAGE NAME    
     ------------------                 ------------------------                     ----------------

           IN:                                      IN:
           ---                                      ---
              STO-SS =         872.7577                STO-SS =           2.9205     STORAGE                          
                 WEL =           0.0000                   WEL =           0.0000     WEL_0                            

            TOTAL IN =         872.7577              TOTAL IN =           2.9205

          OUT:                                     OUT:
          ----                                     ----
              STO-SS =           4.6703                STO-SS =           0.3822     STORAGE                          
                 WEL =         868.0874                   WEL =           2.5383     WEL_0                            

           TOTAL OUT =         872.7577             TOTAL OUT =           2.9205

            IN - OUT =      -1.4222E-06              IN - OUT =      -1.0316E-08

 PERCENT DISCREPANCY =          -0.00     PERCENT DISCREPANCY =          -0.00




         TIME SUMMARY AT END OF TIME STEP    1 IN STRESS PERIOD   20
                          TIME STEP LENGTH =    7.00000    
                        STRESS PERIOD TIME =    7.00000    
                     TOTAL SIMULATION TIME =    140.000    

end timestep


start timestep kper="21" kstp="1" mode="normal"


 OUTPUT CONTROL FOR STRESS PERIOD 21 IS REPEATED USING SETTINGS FROM A PREVIOUS STRESS PERIOD.
 UBDSV1 SAVING           STO-SS ON UNIT   1014 AT TIME STEP      1, STRESS PERIOD     21
 UBDSV1 SAVING     FLOW-JA-FACE ON UNIT   1014 AT TIME STEP      1, STRESS PERIOD     21
 UBDSV06 SAVING              WEL IN MODEL RAND_TARG        PACKAGE RAND_TARG       CONNECTED TO MODEL RAND_TARG        PACKAGE WEL_0            ON UNIT   1014 AT TIME STEP      1, STRESS PERIOD     21

 HEAD WILL BE SAVED ON UNIT 1015 AT END OF TIME STEP    1, STRESS PERIOD   21


  VOLUME BUDGET FOR ENTIRE MODEL AT END OF TIME STEP    1, STRESS PERIOD  21
  ---------------------------------------------------------------------------------------------------

     CUMULATIVE VOLUME      L**3       RATES FOR THIS TIME STEP      L**3/T          PACKAGE NAME    
     ------------------                 ------------------------                     ----------------

           IN:                                      IN:
           ---                                      ---
              STO-SS =         942.1130                STO-SS =           9.9079     STORAGE                          
                 WEL =           0.0000                   WEL =           0.0000     WEL_0                            

            TOTAL IN =         942.1130              TOTAL IN =           9.9079

          OUT:                                     OUT:
          ----                                     ----
              STO-SS =           4.6703                STO-SS =           0.0000     STORAGE                          
                 WEL =         937.4427                   WEL =           9.9079     WEL_0                            

           TOTAL OUT =         942.1130             TOTAL OUT =           9.9079

            IN - OUT =      -1.4709E-06              IN - OUT =      -6.9613E-09

 PERCENT DISCREPANCY =          -0.00     PERCENT DISCREPANCY =          -0.00




         TIME SUMMARY AT END OF TIME STEP    1 IN STRESS PERIOD   21
                          TIME STEP LENGTH =    7.00000    
                        STRESS PERIOD TIME =    7.00000    
                     TOTAL SIMULATION TIME =    147.000    

end timestep


start timestep kper="22" kstp="1" mode="normal"


 OUTPUT CONTROL FOR STRESS PERIOD 22 IS REPEATED USING SETTINGS FROM A PREVIOUS STRESS PERIOD.
 UBDSV1 SAVING           STO-SS ON UNIT   1014 AT TIME STEP      1, STRESS PERIOD     22
 UBDSV1 SAVING     FLOW-JA-FACE ON UNIT   1014 AT TIME STEP      1, STRESS PERIOD     22
 UBDSV06 SAVING              WEL IN MODEL RAND_TARG        PACKAGE RAND_TARG       CONNECTED TO MODEL RAND_TARG        PACKAGE WEL_0            ON UNIT   1014 AT TIME STEP      1, STRESS PERIOD     22

 HEAD WILL BE SAVED ON UNIT 1015 AT END OF TIME STEP    1, STRESS PERIOD   22


  VOLUME BUDGET FOR ENTIRE MODEL AT END OF TIME STEP    1, STRESS PERIOD  22
  ---------------------------------------------------------------------------------------------------

     CUMULATIVE VOLUME      L**3       RATES FOR THIS TIME STEP      L**3/T          PACKAGE NAME    
     ------------------                 ------------------------                     ----------------

           IN:                                      IN:
           ---                                      ---
              STO-SS =         994.4150                STO-SS =           7.4717     STORAGE                          
                 WEL =           0.0000                   WEL =           0.0000     WEL_0                            

            TOTAL IN =         994.4150              TOTAL IN =           7.4717

          OUT:                                     OUT:
          ----                                     ----
              STO-SS =           4.7233                STO-SS =       7.5818E-03     STORAGE                          
                 WEL =         989.6917                   WEL =           7.4641     WEL_0                            

           TOTAL OUT =         994.4150             TOTAL OUT =           7.4717

            IN - OUT =      -1.5365E-06              IN - OUT =      -9.3740E-09

 PERCENT DISCREPANCY =          -0.00     PERCENT DISCREPANCY =          -0.00




         TIME SUMMARY AT END OF TIME STEP    1 IN STRESS PERIOD   22
                          TIME STEP LENGTH =    7.00000    
                        STRESS PERIOD TIME =    7.00000    
                     TOTAL SIMULATION TIME =    154.000    

end timestep


start timestep kper="23" kstp="1" mode="normal"


 OUTPUT CONTROL FOR STRESS PERIOD 23 IS REPEATED USING SETTINGS FROM A PREVIOUS STRESS PERIOD.
 UBDSV1 SAVING           STO-SS ON UNIT   1014 AT TIME STEP      1, STRESS PERIOD     23
 UBDSV1 SAVING     FLOW-JA-FACE ON UNIT   1014 AT TIME STEP      1, STRESS PERIOD     23
 UBDSV06 SAVING              WEL IN MODEL RAND_TARG        PACKAGE RAND_TARG       CONNECTED TO MODEL RAND_TARG        PACKAGE WEL_0            ON UNIT   1014 AT TIME STEP      1, STRESS PERIOD     23

 HEAD WILL BE SAVED ON UNIT 1015 AT END OF TIME STEP    1, STRESS PERIOD   23


  VOLUME BUDGET FOR ENTIRE MODEL AT END OF TIME STEP    1, STRESS PERIOD  23
  ---------------------------------------------------------------------------------------------------

     CUMULATIVE VOLUME      L**3       RATES FOR THIS TIME STEP      L**3/T          PACKAGE NAME    
     ------------------                 ------------------------                     ----------------

           IN:                                      IN:
           ---                                      ---
              STO-SS =        1040.4528                STO-SS =           6.5768     STORAGE                          
                 WEL =           0.0000                   WEL =           0.0000     WEL_0                            

            TOTAL IN =        1040.4528              TOTAL IN =           6.5768

          OUT:                                     OUT:
          ----                                     ----
              STO-SS =           4.7233                STO-SS =           0.0000     STORAGE                          
                 WEL =        1035.7295                   WEL =           6.5768     WEL_0                            

           TOTAL OUT =        1040.4528             TOTAL OUT =           6.5768

            IN - OUT =      -1.5584E-06              IN - OUT =      -3.1226E-09

 PERCENT DISCREPANCY =          -0.00     PERCENT DISCREPANCY =          -0.00




         TIME SUMMARY AT END OF TIME STEP    1 IN STRESS PERIOD   23
                          TIME STEP LENGTH =    7.00000    
                        STRESS PERIOD TIME =    7.00000    
                     TOTAL SIMULATION TIME =    161.000    

end timestep


start timestep kper="24" kstp="1" mode="normal"


 OUTPUT CONTROL FOR STRESS PERIOD 24 IS REPEATED USING SETTINGS FROM A PREVIOUS STRESS PERIOD.
 UBDSV1 SAVING           STO-SS ON UNIT   1014 AT TIME STEP      1, STRESS PERIOD     24
 UBDSV1 SAVING     FLOW-JA-FACE ON UNIT   1014 AT TIME STEP      1, STRESS PERIOD     24
 UBDSV06 SAVING              WEL IN MODEL RAND_TARG        PACKAGE RAND_TARG       CONNECTED TO MODEL RAND_TARG        PACKAGE WEL_0            ON UNIT   1014 AT TIME STEP      1, STRESS PERIOD     24

 HEAD WILL BE SAVED ON UNIT 1015 AT END OF TIME STEP    1, STRESS PERIOD   24


  VOLUME BUDGET FOR ENTIRE MODEL AT END OF TIME STEP    1, STRESS PERIOD  24
  ---------------------------------------------------------------------------------------------------

     CUMULATIVE VOLUME      L**3       RATES FOR THIS TIME STEP      L**3/T          PACKAGE NAME    
     ------------------                 ------------------------                     ----------------

           IN:                                      IN:
           ---                                      ---
              STO-SS =        1082.8981                STO-SS =           6.0636     STORAGE                          
                 WEL =           0.0000                   WEL =           0.0000     WEL_0                            

            TOTAL IN =        1082.8981              TOTAL IN =           6.0636

          OUT:                                     OUT:
          ----                                     ----
              STO-SS =           4.7695                STO-SS =       6.6005E-03     STORAGE                          
                 WEL =        1078.1286                   WEL =           6.0570     WEL_0                            

           TOTAL OUT =        1082.8981             TOTAL OUT =           6.0636

            IN - OUT =      -1.5596E-06              IN - OUT =      -1.7560E-10

 PERCENT DISCREPANCY =          -0.00     PERCENT DISCREPANCY =          -0.00




         TIME SUMMARY AT END OF TIME STEP    1 IN STRESS PERIOD   24
                          TIME STEP LENGTH =    7.00000    
                        STRESS PERIOD TIME =    7.00000    
                     TOTAL SIMULATION TIME =    168.000    

end timestep


start timestep kper="25" kstp="1" mode="normal"


 OUTPUT CONTROL FOR STRESS PERIOD 25 IS REPEATED USING SETTINGS FROM A PREVIOUS STRESS PERIOD.
 UBDSV1 SAVING           STO-SS ON UNIT   1014 AT TIME STEP      1, STRESS PERIOD     25
 UBDSV1 SAVING     FLOW-JA-FACE ON UNIT   1014 AT TIME STEP      1, STRESS PERIOD     25
 UBDSV06 SAVING              WEL IN MODEL RAND_TARG        PACKAGE RAND_TARG       CONNECTED TO MODEL RAND_TARG        PACKAGE WEL_0            ON UNIT   1014 AT TIME STEP      1, STRESS PERIOD     25

 HEAD WILL BE SAVED ON UNIT 1015 AT END OF TIME STEP    1, STRESS PERIOD   25


  VOLUME BUDGET FOR ENTIRE MODEL AT END OF TIME STEP    1, STRESS PERIOD  25
  ---------------------------------------------------------------------------------------------------

     CUMULATIVE VOLUME      L**3       RATES FOR THIS TIME STEP      L**3/T          PACKAGE NAME    
     ------------------                 ------------------------                     ----------------

           IN:                                      IN:
           ---                                      ---
              STO-SS =        1111.4888                STO-SS =           4.0844     STORAGE                          
                 WEL =           0.0000                   WEL =           0.0000     WEL_0                            

            TOTAL IN =        1111.4888              TOTAL IN =           4.0844

          OUT:                                     OUT:
          ----                                     ----
              STO-SS =           4.9244                STO-SS =       2.2128E-02     STORAGE                          
                 WEL =        1106.5644                   WEL =           4.0623     WEL_0                            

           TOTAL OUT =        1111.4888             TOTAL OUT =           4.0844

            IN - OUT =      -1.6647E-06              IN - OUT =      -1.5006E-08

 PERCENT DISCREPANCY =          -0.00     PERCENT DISCREPANCY =          -0.00




         TIME SUMMARY AT END OF TIME STEP    1 IN STRESS PERIOD   25
                          TIME STEP LENGTH =    7.00000    
                        STRESS PERIOD TIME =    7.00000    
                     TOTAL SIMULATION TIME =    175.000    

end timestep


start timestep kper="26" kstp="1" mode="normal"


 OUTPUT CONTROL FOR STRESS PERIOD 26 IS REPEATED USING SETTINGS FROM A PREVIOUS STRESS PERIOD.
 UBDSV1 SAVING           STO-SS ON UNIT   1014 AT TIME STEP      1, STRESS PERIOD     26
 UBDSV1 SAVING     FLOW-JA-FACE ON UNIT   1014 AT TIME STEP      1, STRESS PERIOD     26
 UBDSV06 SAVING              WEL IN MODEL RAND_TARG        PACKAGE RAND_TARG       CONNECTED TO MODEL RAND_TARG        PACKAGE WEL_0            ON UNIT   1014 AT TIME STEP      1, STRESS PERIOD     26

 HEAD WILL BE SAVED ON UNIT 1015 AT END OF TIME STEP    1, STRESS PERIOD   26


  VOLUME BUDGET FOR ENTIRE MODEL AT END OF TIME STEP    1, STRESS PERIOD  26
  ---------------------------------------------------------------------------------------------------

     CUMULATIVE VOLUME      L**3       RATES FOR THIS TIME STEP      L**3/T          PACKAGE NAME    
     ------------------                 ------------------------                     ----------------

           IN:                                      IN:
           ---                                      ---
              STO-SS =        1143.0038                STO-SS =           4.5021     STORAGE                          
                 WEL =           0.0000                   WEL =           0.0000     WEL_0                            

            TOTAL IN =        1143.0038              TOTAL IN =           4.5021

          OUT:                                     OUT:
          ----                                     ----
              STO-SS =           4.9566                STO-SS =       4.5970E-03     STORAGE                          
                 WEL =        1138.0472                   WEL =           4.4975     WEL_0                            

           TOTAL OUT =        1143.0038             TOTAL OUT =           4.5021

            IN - OUT =      -1.7352E-06              IN - OUT =      -1.0073E-08

 PERCENT DISCREPANCY =          -0.00     PERCENT DISCREPANCY =          -0.00




         TIME SUMMARY AT END OF TIME STEP    1 IN STRESS PERIOD   26
                          TIME STEP LENGTH =    7.00000    
                        STRESS PERIOD TIME =    7.00000    
                     TOTAL SIMULATION TIME =    182.000    

end timestep


start timestep kper="27" kstp="1" mode="normal"


 OUTPUT CONTROL FOR STRESS PERIOD 27 IS REPEATED USING SETTINGS FROM A PREVIOUS STRESS PERIOD.
 UBDSV1 SAVING           STO-SS ON UNIT   1014 AT TIME STEP      1, STRESS PERIOD     27
 UBDSV1 SAVING     FLOW-JA-FACE ON UNIT   1014 AT TIME STEP      1, STRESS PERIOD     27
 UBDSV06 SAVING              WEL IN MODEL RAND_TARG        PACKAGE RAND_TARG       CONNECTED TO MODEL RAND_TARG        PACKAGE WEL_0            ON UNIT   1014 AT TIME STEP      1, STRESS PERIOD     27

 HEAD WILL BE SAVED ON UNIT 1015 AT END OF TIME STEP    1, STRESS PERIOD   27


  VOLUME BUDGET FOR ENTIRE MODEL AT END OF TIME STEP    1, STRESS PERIOD  27
  ---------------------------------------------------------------------------------------------------

     CUMULATIVE VOLUME      L**3       RATES FOR THIS TIME STEP      L**3/T          PACKAGE NAME    
     ------------------                 ------------------------                     ----------------

           IN:                                      IN:
           ---                                      ---
              STO-SS =        1192.4293                STO-SS =           7.0608     STORAGE                          
                 WEL =           0.0000                   WEL =           0.0000     WEL_0                            

            TOTAL IN =        1192.4293              TOTAL IN =           7.0608

          OUT:                                     OUT:
          ----                                     ----
              STO-SS =           4.9960                STO-SS =       5.6315E-03     STORAGE                          
                 WEL =        1187.4332                   WEL =           7.0551     WEL_0                            

           TOTAL OUT =        1192.4293             TOTAL OUT =           7.0608

            IN - OUT =      -1.8113E-06              IN - OUT =      -1.0875E-08

 PERCENT DISCREPANCY =          -0.00     PERCENT DISCREPANCY =          -0.00




         TIME SUMMARY AT END OF TIME STEP    1 IN STRESS PERIOD   27
                          TIME STEP LENGTH =    7.00000    
                        STRESS PERIOD TIME =    7.00000    
                     TOTAL SIMULATION TIME =    189.000    

end timestep


start timestep kper="28" kstp="1" mode="normal"


 OUTPUT CONTROL FOR STRESS PERIOD 28 IS REPEATED USING SETTINGS FROM A PREVIOUS STRESS PERIOD.
 UBDSV1 SAVING           STO-SS ON UNIT   1014 AT TIME STEP      1, STRESS PERIOD     28
 UBDSV1 SAVING     FLOW-JA-FACE ON UNIT   1014 AT TIME STEP      1, STRESS PERIOD     28
 UBDSV06 SAVING              WEL IN MODEL RAND_TARG        PACKAGE RAND_TARG       CONNECTED TO MODEL RAND_TARG        PACKAGE WEL_0            ON UNIT   1014 AT TIME STEP      1, STRESS PERIOD     28

 HEAD WILL BE SAVED ON UNIT 1015 AT END OF TIME STEP    1, STRESS PERIOD   28


  VOLUME BUDGET FOR ENTIRE MODEL AT END OF TIME STEP    1, STRESS PERIOD  28
  ---------------------------------------------------------------------------------------------------

     CUMULATIVE VOLUME      L**3       RATES FOR THIS TIME STEP      L**3/T          PACKAGE NAME    
     ------------------                 ------------------------                     ----------------

           IN:                                      IN:
           ---                                      ---
              STO-SS =        1265.5511                STO-SS =          10.4460     STORAGE                          
                 WEL =           0.0000                   WEL =           0.0000     WEL_0                            

            TOTAL IN =        1265.5511              TOTAL IN =          10.4460

          OUT:                                     OUT:
          ----                                     ----
              STO-SS =           4.9960                STO-SS =           0.0000     STORAGE                          
                 WEL =        1260.5550                   WEL =          10.4460     WEL_0                            

           TOTAL OUT =        1265.5511             TOTAL OUT =          10.4460

            IN - OUT =      -1.8421E-06              IN - OUT =      -4.4040E-09

 PERCENT DISCREPANCY =          -0.00     PERCENT DISCREPANCY =          -0.00




         TIME SUMMARY AT END OF TIME STEP    1 IN STRESS PERIOD   28
                          TIME STEP LENGTH =    7.00000    
                        STRESS PERIOD TIME =    7.00000    
                     TOTAL SIMULATION TIME =    196.000    

end timestep


start timestep kper="29" kstp="1" mode="normal"


 OUTPUT CONTROL FOR STRESS PERIOD 29 IS REPEATED USING SETTINGS FROM A PREVIOUS STRESS PERIOD.
 UBDSV1 SAVING           STO-SS ON UNIT   1014 AT TIME STEP      1, STRESS PERIOD     29
 UBDSV1 SAVING     FLOW-JA-FACE ON UNIT   1014 AT TIME STEP      1, STRESS PERIOD     29
 UBDSV06 SAVING              WEL IN MODEL RAND_TARG        PACKAGE RAND_TARG       CONNECTED TO MODEL RAND_TARG        PACKAGE WEL_0            ON UNIT   1014 AT TIME STEP      1, STRESS PERIOD     29

 HEAD WILL BE SAVED ON UNIT 1015 AT END OF TIME STEP    1, STRESS PERIOD   29


  VOLUME BUDGET FOR ENTIRE MODEL AT END OF TIME STEP    1, STRESS PERIOD  29
  ---------------------------------------------------------------------------------------------------

     CUMULATIVE VOLUME      L**3       RATES FOR THIS TIME STEP      L**3/T          PACKAGE NAME    
     ------------------                 ------------------------                     ----------------

           IN:                                      IN:
           ---                                      ---
              STO-SS =        1303.6518                STO-SS =           5.4430     STORAGE                          
                 WEL =           0.0000                   WEL =           0.0000     WEL_0                            

            TOTAL IN =        1303.6518              TOTAL IN =           5.4430

          OUT:                                     OUT:
          ----                                     ----
              STO-SS =           5.0504                STO-SS =       7.7684E-03     STORAGE                          
                 WEL =        1298.6014                   WEL =           5.4352     WEL_0                            

           TOTAL OUT =        1303.6518             TOTAL OUT =           5.4430

            IN - OUT =      -1.8444E-06              IN - OUT =      -3.2412E-10

 PERCENT DISCREPANCY =          -0.00     PERCENT DISCREPANCY =          -0.00




         TIME SUMMARY AT END OF TIME STEP    1 IN STRESS PERIOD   29
                          TIME STEP LENGTH =    7.00000    
                        STRESS PERIOD TIME =    7.00000    
                     TOTAL SIMULATION TIME =    203.000    

end timestep


start timestep kper="30" kstp="1" mode="normal"


 OUTPUT CONTROL FOR STRESS PERIOD 30 IS REPEATED USING SETTINGS FROM A PREVIOUS STRESS PERIOD.
 UBDSV1 SAVING           STO-SS ON UNIT   1014 AT TIME STEP      1, STRESS PERIOD     30
 UBDSV1 SAVING     FLOW-JA-FACE ON UNIT   1014 AT TIME STEP      1, STRESS PERIOD     30
 UBDSV06 SAVING              WEL IN MODEL RAND_TARG        PACKAGE RAND_TARG       CONNECTED TO MODEL RAND_TARG        PACKAGE WEL_0            ON UNIT   1014 AT TIME STEP      1, STRESS PERIOD     30

 HEAD WILL BE SAVED ON UNIT 1015 AT END OF TIME STEP    1, STRESS PERIOD   30


  VOLUME BUDGET FOR ENTIRE MODEL AT END OF TIME STEP    1, STRESS PERIOD  30
  ---------------------------------------------------------------------------------------------------

     CUMULATIVE VOLUME      L**3       RATES FOR THIS TIME STEP      L**3/T          PACKAGE NAME    
     ------------------                 ------------------------                     ----------------

           IN:                                      IN:
           ---                                      ---
              STO-SS =        1327.9283                STO-SS =           3.4681     STORAGE                          
                 WEL =           0.0000                   WEL =           0.0000     WEL_0                            

            TOTAL IN =        1327.9283              TOTAL IN =           3.4681

          OUT:                                     OUT:
          ----                                     ----
              STO-SS =           5.6430                STO-SS =       8.4657E-02     STORAGE                          
                 WEL =        1322.2853                   WEL =           3.3834     WEL_0                            

           TOTAL OUT =        1327.9283             TOTAL OUT =           3.4681

            IN - OUT =      -1.9020E-06              IN - OUT =      -8.2330E-09

 PERCENT DISCREPANCY =          -0.00     PERCENT DISCREPANCY =          -0.00




         TIME SUMMARY AT END OF TIME STEP    1 IN STRESS PERIOD   30
                          TIME STEP LENGTH =    7.00000    
                        STRESS PERIOD TIME =    7.00000    
                     TOTAL SIMULATION TIME =    210.000    

end timestep


start timestep kper="31" kstp="1" mode="normal"


 OUTPUT CONTROL FOR STRESS PERIOD 31 IS REPEATED USING SETTINGS FROM A PREVIOUS STRESS PERIOD.
 UBDSV1 SAVING           STO-SS ON UNIT   1014 AT TIME STEP      1, STRESS PERIOD     31
 UBDSV1 SAVING     FLOW-JA-FACE ON UNIT   1014 AT TIME STEP      1, STRESS PERIOD     31
 UBDSV06 SAVING              WEL IN MODEL RAND_TARG        PACKAGE RAND_TARG       CONNECTED TO MODEL RAND_TARG        PACKAGE WEL_0            ON UNIT   1014 AT TIME STEP      1, STRESS PERIOD     31

 HEAD WILL BE SAVED ON UNIT 1015 AT END OF TIME STEP    1, STRESS PERIOD   31


  VOLUME BUDGET FOR ENTIRE MODEL AT END OF TIME STEP    1, STRESS PERIOD  31
  ---------------------------------------------------------------------------------------------------

     CUMULATIVE VOLUME      L**3       RATES FOR THIS TIME STEP      L**3/T          PACKAGE NAME    
     ------------------                 ------------------------                     ----------------

           IN:                                      IN:
           ---                                      ---
              STO-SS =        1366.4974                STO-SS =           5.5099     STORAGE                          
                 WEL =           0.0000                   WEL =           0.0000     WEL_0                            

            TOTAL IN =        1366.4974              TOTAL IN =           5.5099

          OUT:                                     OUT:
          ----                                     ----
              STO-SS =           5.6430                STO-SS =           0.0000     STORAGE                          
                 WEL =        1360.8544                   WEL =           5.5099     WEL_0                            

           TOTAL OUT =        1366.4975             TOTAL OUT =           5.5099

            IN - OUT =      -1.9843E-06              IN - OUT =      -1.1752E-08

 PERCENT DISCREPANCY =          -0.00     PERCENT DISCREPANCY =          -0.00




         TIME SUMMARY AT END OF TIME STEP    1 IN STRESS PERIOD   31
                          TIME STEP LENGTH =    7.00000    
                        STRESS PERIOD TIME =    7.00000    
                     TOTAL SIMULATION TIME =    217.000    

end timestep


start timestep kper="32" kstp="1" mode="normal"


 OUTPUT CONTROL FOR STRESS PERIOD 32 IS REPEATED USING SETTINGS FROM A PREVIOUS STRESS PERIOD.
 UBDSV1 SAVING           STO-SS ON UNIT   1014 AT TIME STEP      1, STRESS PERIOD     32
 UBDSV1 SAVING     FLOW-JA-FACE ON UNIT   1014 AT TIME STEP      1, STRESS PERIOD     32
 UBDSV06 SAVING              WEL IN MODEL RAND_TARG        PACKAGE RAND_TARG       CONNECTED TO MODEL RAND_TARG        PACKAGE WEL_0            ON UNIT   1014 AT TIME STEP      1, STRESS PERIOD     32

 HEAD WILL BE SAVED ON UNIT 1015 AT END OF TIME STEP    1, STRESS PERIOD   32


  VOLUME BUDGET FOR ENTIRE MODEL AT END OF TIME STEP    1, STRESS PERIOD  32
  ---------------------------------------------------------------------------------------------------

     CUMULATIVE VOLUME      L**3       RATES FOR THIS TIME STEP      L**3/T          PACKAGE NAME    
     ------------------                 ------------------------                     ----------------

           IN:                                      IN:
           ---                                      ---
              STO-SS =        1435.7662                STO-SS =           9.8955     STORAGE                          
                 WEL =           0.0000                   WEL =           0.0000     WEL_0                            

            TOTAL IN =        1435.7662              TOTAL IN =           9.8955

          OUT:                                     OUT:
          ----                                     ----
              STO-SS =           5.6430                STO-SS =           0.0000     STORAGE                          
                 WEL =        1430.1232                   WEL =           9.8955     WEL_0                            

           TOTAL OUT =        1435.7662             TOTAL OUT =           9.8955

            IN - OUT =      -1.9736E-06              IN - OUT =       1.5307E-09

 PERCENT DISCREPANCY =          -0.00     PERCENT DISCREPANCY =           0.00




         TIME SUMMARY AT END OF TIME STEP    1 IN STRESS PERIOD   32
                          TIME STEP LENGTH =    7.00000    
                        STRESS PERIOD TIME =    7.00000    
                     TOTAL SIMULATION TIME =    224.000    

end timestep


start timestep kper="33" kstp="1" mode="normal"


 OUTPUT CONTROL FOR STRESS PERIOD 33 IS REPEATED USING SETTINGS FROM A PREVIOUS STRESS PERIOD.
 UBDSV1 SAVING           STO-SS ON UNIT   1014 AT TIME STEP      1, STRESS PERIOD     33
 UBDSV1 SAVING     FLOW-JA-FACE ON UNIT   1014 AT TIME STEP      1, STRESS PERIOD     33
 UBDSV06 SAVING              WEL IN MODEL RAND_TARG        PACKAGE RAND_TARG       CONNECTED TO MODEL RAND_TARG        PACKAGE WEL_0            ON UNIT   1014 AT TIME STEP      1, STRESS PERIOD     33

 HEAD WILL BE SAVED ON UNIT 1015 AT END OF TIME STEP    1, STRESS PERIOD   33


  VOLUME BUDGET FOR ENTIRE MODEL AT END OF TIME STEP    1, STRESS PERIOD  33
  ---------------------------------------------------------------------------------------------------

     CUMULATIVE VOLUME      L**3       RATES FOR THIS TIME STEP      L**3/T          PACKAGE NAME    
     ------------------                 ------------------------                     ----------------

           IN:                                      IN:
           ---                                      ---
              STO-SS =        1467.7813                STO-SS =           4.5736     STORAGE                          
                 WEL =           0.0000                   WEL =           0.0000     WEL_0                            

            TOTAL IN =        1467.7813              TOTAL IN =           4.5736

          OUT:                                     OUT:
          ----                                     ----
              STO-SS =           5.9665                STO-SS =       4.6218E-02     STORAGE                          
                 WEL =        1461.8148                   WEL =           4.5274     WEL_0                            

           TOTAL OUT =        1467.7813             TOTAL OUT =           4.5736

            IN - OUT =      -2.0293E-06              IN - OUT =      -7.9589E-09

 PERCENT DISCREPANCY =          -0.00     PERCENT DISCREPANCY =          -0.00




         TIME SUMMARY AT END OF TIME STEP    1 IN STRESS PERIOD   33
                          TIME STEP LENGTH =    7.00000    
                        STRESS PERIOD TIME =    7.00000    
                     TOTAL SIMULATION TIME =    231.000    

end timestep


start timestep kper="34" kstp="1" mode="normal"


 OUTPUT CONTROL FOR STRESS PERIOD 34 IS REPEATED USING SETTINGS FROM A PREVIOUS STRESS PERIOD.
 UBDSV1 SAVING           STO-SS ON UNIT   1014 AT TIME STEP      1, STRESS PERIOD     34
 UBDSV1 SAVING     FLOW-JA-FACE ON UNIT   1014 AT TIME STEP      1, STRESS PERIOD     34
 UBDSV06 SAVING              WEL IN MODEL RAND_TARG        PACKAGE RAND_TARG       CONNECTED TO MODEL RAND_TARG        PACKAGE WEL_0            ON UNIT   1014 AT TIME STEP      1, STRESS PERIOD     34

 HEAD WILL BE SAVED ON UNIT 1015 AT END OF TIME STEP    1, STRESS PERIOD   34


  VOLUME BUDGET FOR ENTIRE MODEL AT END OF TIME STEP    1, STRESS PERIOD  34
  ---------------------------------------------------------------------------------------------------

     CUMULATIVE VOLUME      L**3       RATES FOR THIS TIME STEP      L**3/T          PACKAGE NAME    
     ------------------                 ------------------------                     ----------------

           IN:                                      IN:
           ---                                      ---
              STO-SS =        1542.7428                STO-SS =          10.7088     STORAGE                          
                 WEL =           0.0000                   WEL =           0.0000     WEL_0                            

            TOTAL IN =        1542.7428              TOTAL IN =          10.7088

          OUT:                                     OUT:
          ----                                     ----
              STO-SS =           5.9665                STO-SS =           0.0000     STORAGE                          
                 WEL =        1536.7763                   WEL =          10.7088     WEL_0                            

           TOTAL OUT =        1542.7428             TOTAL OUT =          10.7088

            IN - OUT =      -2.1671E-06              IN - OUT =      -1.9681E-08

 PERCENT DISCREPANCY =          -0.00     PERCENT DISCREPANCY =          -0.00




         TIME SUMMARY AT END OF TIME STEP    1 IN STRESS PERIOD   34
                          TIME STEP LENGTH =    7.00000    
                        STRESS PERIOD TIME =    7.00000    
                     TOTAL SIMULATION TIME =    238.000    

end timestep


start timestep kper="35" kstp="1" mode="normal"


 OUTPUT CONTROL FOR STRESS PERIOD 35 IS REPEATED USING SETTINGS FROM A PREVIOUS STRESS PERIOD.
 UBDSV1 SAVING           STO-SS ON UNIT   1014 AT TIME STEP      1, STRESS PERIOD     35
 UBDSV1 SAVING     FLOW-JA-FACE ON UNIT   1014 AT TIME STEP      1, STRESS PERIOD     35
 UBDSV06 SAVING              WEL IN MODEL RAND_TARG        PACKAGE RAND_TARG       CONNECTED TO MODEL RAND_TARG        PACKAGE WEL_0            ON UNIT   1014 AT TIME STEP      1, STRESS PERIOD     35

 HEAD WILL BE SAVED ON UNIT 1015 AT END OF TIME STEP    1, STRESS PERIOD   35


  VOLUME BUDGET FOR ENTIRE MODEL AT END OF TIME STEP    1, STRESS PERIOD  35
  ---------------------------------------------------------------------------------------------------

     CUMULATIVE VOLUME      L**3       RATES FOR THIS TIME STEP      L**3/T          PACKAGE NAME    
     ------------------                 ------------------------                     ----------------

           IN:                                      IN:
           ---                                      ---
              STO-SS =        1626.3543                STO-SS =          11.9445     STORAGE                          
                 WEL =           0.0000                   WEL =           0.0000     WEL_0                            

            TOTAL IN =        1626.3543              TOTAL IN =          11.9445

          OUT:                                     OUT:
          ----                                     ----
              STO-SS =           5.9665                STO-SS =           0.0000     STORAGE                          
                 WEL =        1620.3878                   WEL =          11.9445     WEL_0                            

           TOTAL OUT =        1626.3543             TOTAL OUT =          11.9445

            IN - OUT =      -2.1708E-06              IN - OUT =      -5.3742E-10

 PERCENT DISCREPANCY =          -0.00     PERCENT DISCREPANCY =          -0.00




         TIME SUMMARY AT END OF TIME STEP    1 IN STRESS PERIOD   35
                          TIME STEP LENGTH =    7.00000    
                        STRESS PERIOD TIME =    7.00000    
                     TOTAL SIMULATION TIME =    245.000    

end timestep


start timestep kper="36" kstp="1" mode="normal"


 OUTPUT CONTROL FOR STRESS PERIOD 36 IS REPEATED USING SETTINGS FROM A PREVIOUS STRESS PERIOD.
 UBDSV1 SAVING           STO-SS ON UNIT   1014 AT TIME STEP      1, STRESS PERIOD     36
 UBDSV1 SAVING     FLOW-JA-FACE ON UNIT   1014 AT TIME STEP      1, STRESS PERIOD     36
 UBDSV06 SAVING              WEL IN MODEL RAND_TARG        PACKAGE RAND_TARG       CONNECTED TO MODEL RAND_TARG        PACKAGE WEL_0            ON UNIT   1014 AT TIME STEP      1, STRESS PERIOD     36

 HEAD WILL BE SAVED ON UNIT 1015 AT END OF TIME STEP    1, STRESS PERIOD   36


  VOLUME BUDGET FOR ENTIRE MODEL AT END OF TIME STEP    1, STRESS PERIOD  36
  ---------------------------------------------------------------------------------------------------

     CUMULATIVE VOLUME      L**3       RATES FOR THIS TIME STEP      L**3/T          PACKAGE NAME    
     ------------------                 ------------------------                     ----------------

           IN:                                      IN:
           ---                                      ---
              STO-SS =        1675.7033                STO-SS =           7.0499     STORAGE                          
                 WEL =           0.0000                   WEL =           0.0000     WEL_0                            

            TOTAL IN =        1675.7033              TOTAL IN =           7.0499

          OUT:                                     OUT:
          ----                                     ----
              STO-SS =           6.5155                STO-SS =       7.8418E-02     STORAGE                          
                 WEL =        1669.1879                   WEL =           6.9714     WEL_0                            

           TOTAL OUT =        1675.7033             TOTAL OUT =           7.0499

            IN - OUT =      -2.2461E-06              IN - OUT =      -1.0754E-08

 PERCENT DISCREPANCY =          -0.00     PERCENT DISCREPANCY =          -0.00




         TIME SUMMARY AT END OF TIME STEP    1 IN STRESS PERIOD   36
                          TIME STEP LENGTH =    7.00000    
                        STRESS PERIOD TIME =    7.00000    
                     TOTAL SIMULATION TIME =    252.000    

end timestep


start timestep kper="37" kstp="1" mode="normal"


 OUTPUT CONTROL FOR STRESS PERIOD 37 IS REPEATED USING SETTINGS FROM A PREVIOUS STRESS PERIOD.
 UBDSV1 SAVING           STO-SS ON UNIT   1014 AT TIME STEP      1, STRESS PERIOD     37
 UBDSV1 SAVING     FLOW-JA-FACE ON UNIT   1014 AT TIME STEP      1, STRESS PERIOD     37
 UBDSV06 SAVING              WEL IN MODEL RAND_TARG        PACKAGE RAND_TARG       CONNECTED TO MODEL RAND_TARG        PACKAGE WEL_0            ON UNIT   1014 AT TIME STEP      1, STRESS PERIOD     37

 HEAD WILL BE SAVED ON UNIT 1015 AT END OF TIME STEP    1, STRESS PERIOD   37


  VOLUME BUDGET FOR ENTIRE MODEL AT END OF TIME STEP    1, STRESS PERIOD  37
  ---------------------------------------------------------------------------------------------------

     CUMULATIVE VOLUME      L**3       RATES FOR THIS TIME STEP      L**3/T          PACKAGE NAME    
     ------------------                 ------------------------                     ----------------

           IN:                                      IN:
           ---                                      ---
              STO-SS =        1758.5210                STO-SS =          11.8311     STORAGE                          
                 WEL =           0.0000                   WEL =           0.0000     WEL_0                            

            TOTAL IN =        1758.5210              TOTAL IN =          11.8311

          OUT:                                     OUT:
          ----                                     ----
              STO-SS =           6.5155                STO-SS =           0.0000     STORAGE                          
                 WEL =        1752.0055                   WEL =          11.8311     WEL_0                            

           TOTAL OUT =        1758.5210             TOTAL OUT =          11.8311

            IN - OUT =      -2.2930E-06              IN - OUT =      -6.7028E-09

 PERCENT DISCREPANCY =          -0.00     PERCENT DISCREPANCY =          -0.00




         TIME SUMMARY AT END OF TIME STEP    1 IN STRESS PERIOD   37
                          TIME STEP LENGTH =    7.00000    
                        STRESS PERIOD TIME =    7.00000    
                     TOTAL SIMULATION TIME =    259.000    

end timestep


start timestep kper="38" kstp="1" mode="normal"


 OUTPUT CONTROL FOR STRESS PERIOD 38 IS REPEATED USING SETTINGS FROM A PREVIOUS STRESS PERIOD.
 UBDSV1 SAVING           STO-SS ON UNIT   1014 AT TIME STEP      1, STRESS PERIOD     38
 UBDSV1 SAVING     FLOW-JA-FACE ON UNIT   1014 AT TIME STEP      1, STRESS PERIOD     38
 UBDSV06 SAVING              WEL IN MODEL RAND_TARG        PACKAGE RAND_TARG       CONNECTED TO MODEL RAND_TARG        PACKAGE WEL_0            ON UNIT   1014 AT TIME STEP      1, STRESS PERIOD     38

 HEAD WILL BE SAVED ON UNIT 1015 AT END OF TIME STEP    1, STRESS PERIOD   38


  VOLUME BUDGET FOR ENTIRE MODEL AT END OF TIME STEP    1, STRESS PERIOD  38
  ---------------------------------------------------------------------------------------------------

     CUMULATIVE VOLUME      L**3       RATES FOR THIS TIME STEP      L**3/T          PACKAGE NAME    
     ------------------                 ------------------------                     ----------------

           IN:                                      IN:
           ---                                      ---
              STO-SS =        1787.4127                STO-SS =           4.1274     STORAGE                          
                 WEL =           0.0000                   WEL =           0.0000     WEL_0                            

            TOTAL IN =        1787.4127              TOTAL IN =           4.1274

          OUT:                                     OUT:
          ----                                     ----
              STO-SS =           8.6735                STO-SS =           0.3083     STORAGE                          
                 WEL =        1778.7392                   WEL =           3.8191     WEL_0                            

           TOTAL OUT =        1787.4127             TOTAL OUT =           4.1274

            IN - OUT =      -2.3878E-06              IN - OUT =      -1.3542E-08

 PERCENT DISCREPANCY =          -0.00     PERCENT DISCREPANCY =          -0.00




         TIME SUMMARY AT END OF TIME STEP    1 IN STRESS PERIOD   38
                          TIME STEP LENGTH =    7.00000    
                        STRESS PERIOD TIME =    7.00000    
                     TOTAL SIMULATION TIME =    266.000    

end timestep


start timestep kper="39" kstp="1" mode="normal"


 OUTPUT CONTROL FOR STRESS PERIOD 39 IS REPEATED USING SETTINGS FROM A PREVIOUS STRESS PERIOD.
 UBDSV1 SAVING           STO-SS ON UNIT   1014 AT TIME STEP      1, STRESS PERIOD     39
 UBDSV1 SAVING     FLOW-JA-FACE ON UNIT   1014 AT TIME STEP      1, STRESS PERIOD     39
 UBDSV06 SAVING              WEL IN MODEL RAND_TARG        PACKAGE RAND_TARG       CONNECTED TO MODEL RAND_TARG        PACKAGE WEL_0            ON UNIT   1014 AT TIME STEP      1, STRESS PERIOD     39

 HEAD WILL BE SAVED ON UNIT 1015 AT END OF TIME STEP    1, STRESS PERIOD   39


  VOLUME BUDGET FOR ENTIRE MODEL AT END OF TIME STEP    1, STRESS PERIOD  39
  ---------------------------------------------------------------------------------------------------

     CUMULATIVE VOLUME      L**3       RATES FOR THIS TIME STEP      L**3/T          PACKAGE NAME    
     ------------------                 ------------------------                     ----------------

           IN:                                      IN:
           ---                                      ---
              STO-SS =        1801.3710                STO-SS =           1.9940     STORAGE                          
                 WEL =           0.0000                   WEL =           0.0000     WEL_0                            

            TOTAL IN =        1801.3710              TOTAL IN =           1.9940

          OUT:                                     OUT:
          ----                                     ----
              STO-SS =           9.3246                STO-SS =       9.3016E-02     STORAGE                          
                 WEL =        1792.0463                   WEL =           1.9010     WEL_0                            

           TOTAL OUT =        1801.3710             TOTAL OUT =           1.9940

            IN - OUT =      -2.4003E-06              IN - OUT =      -1.7831E-09

 PERCENT DISCREPANCY =          -0.00     PERCENT DISCREPANCY =          -0.00




         TIME SUMMARY AT END OF TIME STEP    1 IN STRESS PERIOD   39
                          TIME STEP LENGTH =    7.00000    
                        STRESS PERIOD TIME =    7.00000    
                     TOTAL SIMULATION TIME =    273.000    

end timestep


start timestep kper="40" kstp="1" mode="normal"


 OUTPUT CONTROL FOR STRESS PERIOD 40 IS REPEATED USING SETTINGS FROM A PREVIOUS STRESS PERIOD.
 UBDSV1 SAVING           STO-SS ON UNIT   1014 AT TIME STEP      1, STRESS PERIOD     40
 UBDSV1 SAVING     FLOW-JA-FACE ON UNIT   1014 AT TIME STEP      1, STRESS PERIOD     40
 UBDSV06 SAVING              WEL IN MODEL RAND_TARG        PACKAGE RAND_TARG       CONNECTED TO MODEL RAND_TARG        PACKAGE WEL_0            ON UNIT   1014 AT TIME STEP      1, STRESS PERIOD     40

 HEAD WILL BE SAVED ON UNIT 1015 AT END OF TIME STEP    1, STRESS PERIOD   40


  VOLUME BUDGET FOR ENTIRE MODEL AT END OF TIME STEP    1, STRESS PERIOD  40
  ---------------------------------------------------------------------------------------------------

     CUMULATIVE VOLUME      L**3       RATES FOR THIS TIME STEP      L**3/T          PACKAGE NAME    
     ------------------                 ------------------------                     ----------------

           IN:                                      IN:
           ---                                      ---
              STO-SS =        1866.6219                STO-SS =           9.3216     STORAGE                          
                 WEL =           0.0000                   WEL =           0.0000     WEL_0                            

            TOTAL IN =        1866.6219              TOTAL IN =           9.3216

          OUT:                                     OUT:
          ----                                     ----
              STO-SS =           9.3246                STO-SS =           0.0000     STORAGE                          
                 WEL =        1857.2973                   WEL =           9.3216     WEL_0                            

           TOTAL OUT =        1866.6219             TOTAL OUT =           9.3216

            IN - OUT =      -2.4050E-06              IN - OUT =      -6.7760E-10

 PERCENT DISCREPANCY =          -0.00     PERCENT DISCREPANCY =          -0.00




         TIME SUMMARY AT END OF TIME STEP    1 IN STRESS PERIOD   40
                          TIME STEP LENGTH =    7.00000    
                        STRESS PERIOD TIME =    7.00000    
                     TOTAL SIMULATION TIME =    280.000    

end timestep


start timestep kper="41" kstp="1" mode="normal"


 OUTPUT CONTROL FOR STRESS PERIOD 41 IS REPEATED USING SETTINGS FROM A PREVIOUS STRESS PERIOD.
 UBDSV1 SAVING           STO-SS ON UNIT   1014 AT TIME STEP      1, STRESS PERIOD     41
 UBDSV1 SAVING     FLOW-JA-FACE ON UNIT   1014 AT TIME STEP      1, STRESS PERIOD     41
 UBDSV06 SAVING              WEL IN MODEL RAND_TARG        PACKAGE RAND_TARG       CONNECTED TO MODEL RAND_TARG        PACKAGE WEL_0            ON UNIT   1014 AT TIME STEP      1, STRESS PERIOD     41

 HEAD WILL BE SAVED ON UNIT 1015 AT END OF TIME STEP    1, STRESS PERIOD   41


  VOLUME BUDGET FOR ENTIRE MODEL AT END OF TIME STEP    1, STRESS PERIOD  41
  ---------------------------------------------------------------------------------------------------

     CUMULATIVE VOLUME      L**3       RATES FOR THIS TIME STEP      L**3/T          PACKAGE NAME    
     ------------------                 ------------------------                     ----------------

           IN:                                      IN:
           ---                                      ---
              STO-SS =        1926.7799                STO-SS =           8.5940     STORAGE                          
                 WEL =           0.0000                   WEL =           0.0000     WEL_0                            

            TOTAL IN =        1926.7799              TOTAL IN =           8.5940

          OUT:                                     OUT:
          ----                                     ----
              STO-SS =           9.3620                STO-SS =       5.3439E-03     STORAGE                          
                 WEL =        1917.4178                   WEL =           8.5886     WEL_0                            

           TOTAL OUT =        1926.7799             TOTAL OUT =           8.5940

            IN - OUT =      -2.4469E-06              IN - OUT =      -5.9815E-09

 PERCENT DISCREPANCY =          -0.00     PERCENT DISCREPANCY =          -0.00




         TIME SUMMARY AT END OF TIME STEP    1 IN STRESS PERIOD   41
                          TIME STEP LENGTH =    7.00000    
                        STRESS PERIOD TIME =    7.00000    
                     TOTAL SIMULATION TIME =    287.000    

end timestep


start timestep kper="42" kstp="1" mode="normal"


 OUTPUT CONTROL FOR STRESS PERIOD 42 IS REPEATED USING SETTINGS FROM A PREVIOUS STRESS PERIOD.
 UBDSV1 SAVING           STO-SS ON UNIT   1014 AT TIME STEP      1, STRESS PERIOD     42
 UBDSV1 SAVING     FLOW-JA-FACE ON UNIT   1014 AT TIME STEP      1, STRESS PERIOD     42
 UBDSV06 SAVING              WEL IN MODEL RAND_TARG        PACKAGE RAND_TARG       CONNECTED TO MODEL RAND_TARG        PACKAGE WEL_0            ON UNIT   1014 AT TIME STEP      1, STRESS PERIOD     42

 HEAD WILL BE SAVED ON UNIT 1015 AT END OF TIME STEP    1, STRESS PERIOD   42


  VOLUME BUDGET FOR ENTIRE MODEL AT END OF TIME STEP    1, STRESS PERIOD  42
  ---------------------------------------------------------------------------------------------------

     CUMULATIVE VOLUME      L**3       RATES FOR THIS TIME STEP      L**3/T          PACKAGE NAME    
     ------------------                 ------------------------                     ----------------

           IN:                                      IN:
           ---                                      ---
              STO-SS =        1948.3139                STO-SS =           3.0763     STORAGE                          
                 WEL =           0.0000                   WEL =           0.0000     WEL_0                            

            TOTAL IN =        1948.3139              TOTAL IN =           3.0763

          OUT:                                     OUT:
          ----                                     ----
              STO-SS =          10.7914                STO-SS =           0.2042     STORAGE                          
                 WEL =        1937.5225                   WEL =           2.8721     WEL_0                            

           TOTAL OUT =        1948.3139             TOTAL OUT =           3.0763

            IN - OUT =      -2.6309E-06              IN - OUT =      -2.6281E-08

 PERCENT DISCREPANCY =          -0.00     PERCENT DISCREPANCY =          -0.00




         TIME SUMMARY AT END OF TIME STEP    1 IN STRESS PERIOD   42
                          TIME STEP LENGTH =    7.00000    
                        STRESS PERIOD TIME =    7.00000    
                     TOTAL SIMULATION TIME =    294.000    

end timestep


start timestep kper="43" kstp="1" mode="normal"


 OUTPUT CONTROL FOR STRESS PERIOD 43 IS REPEATED USING SETTINGS FROM A PREVIOUS STRESS PERIOD.
 UBDSV1 SAVING           STO-SS ON UNIT   1014 AT TIME STEP      1, STRESS PERIOD     43
 UBDSV1 SAVING     FLOW-JA-FACE ON UNIT   1014 AT TIME STEP      1, STRESS PERIOD     43
 UBDSV06 SAVING              WEL IN MODEL RAND_TARG        PACKAGE RAND_TARG       CONNECTED TO MODEL RAND_TARG        PACKAGE WEL_0            ON UNIT   1014 AT TIME STEP      1, STRESS PERIOD     43

 HEAD WILL BE SAVED ON UNIT 1015 AT END OF TIME STEP    1, STRESS PERIOD   43


  VOLUME BUDGET FOR ENTIRE MODEL AT END OF TIME STEP    1, STRESS PERIOD  43
  ---------------------------------------------------------------------------------------------------

     CUMULATIVE VOLUME      L**3       RATES FOR THIS TIME STEP      L**3/T          PACKAGE NAME    
     ------------------                 ------------------------                     ----------------

           IN:                                      IN:
           ---                                      ---
              STO-SS =        1966.5545                STO-SS =           2.6058     STORAGE                          
                 WEL =           0.0000                   WEL =           0.0000     WEL_0                            

            TOTAL IN =        1966.5545              TOTAL IN =           2.6058

          OUT:                                     OUT:
          ----                                     ----
              STO-SS =          10.9251                STO-SS =       1.9108E-02     STORAGE                          
                 WEL =        1955.6294                   WEL =           2.5867     WEL_0                            

           TOTAL OUT =        1966.5545             TOTAL OUT =           2.6058

            IN - OUT =      -2.6911E-06              IN - OUT =      -8.6082E-09

 PERCENT DISCREPANCY =          -0.00     PERCENT DISCREPANCY =          -0.00




         TIME SUMMARY AT END OF TIME STEP    1 IN STRESS PERIOD   43
                          TIME STEP LENGTH =    7.00000    
                        STRESS PERIOD TIME =    7.00000    
                     TOTAL SIMULATION TIME =    301.000    

end timestep


start timestep kper="44" kstp="1" mode="normal"


 OUTPUT CONTROL FOR STRESS PERIOD 44 IS REPEATED USING SETTINGS FROM A PREVIOUS STRESS PERIOD.
 UBDSV1 SAVING           STO-SS ON UNIT   1014 AT TIME STEP      1, STRESS PERIOD     44
 UBDSV1 SAVING     FLOW-JA-FACE ON UNIT   1014 AT TIME STEP      1, STRESS PERIOD     44
 UBDSV06 SAVING              WEL IN MODEL RAND_TARG        PACKAGE RAND_TARG       CONNECTED TO MODEL RAND_TARG        PACKAGE WEL_0            ON UNIT   1014 AT TIME STEP      1, STRESS PERIOD     44

 HEAD WILL BE SAVED ON UNIT 1015 AT END OF TIME STEP    1, STRESS PERIOD   44


  VOLUME BUDGET FOR ENTIRE MODEL AT END OF TIME STEP    1, STRESS PERIOD  44
  ---------------------------------------------------------------------------------------------------

     CUMULATIVE VOLUME      L**3       RATES FOR THIS TIME STEP      L**3/T          PACKAGE NAME    
     ------------------                 ------------------------                     ----------------

           IN:                                      IN:
           ---                                      ---
              STO-SS =        2016.8822                STO-SS =           7.1897     STORAGE                          
                 WEL =           0.0000                   WEL =           0.0000     WEL_0                            

            TOTAL IN =        2016.8822              TOTAL IN =           7.1897

          OUT:                                     OUT:
          ----                                     ----
              STO-SS =          10.9251                STO-SS =           0.0000     STORAGE                          
                 WEL =        2005.9571                   WEL =           7.1897     WEL_0                            

           TOTAL OUT =        2016.8822             TOTAL OUT =           7.1897

            IN - OUT =      -2.8292E-06              IN - OUT =      -1.9730E-08

 PERCENT DISCREPANCY =          -0.00     PERCENT DISCREPANCY =          -0.00




         TIME SUMMARY AT END OF TIME STEP    1 IN STRESS PERIOD   44
                          TIME STEP LENGTH =    7.00000    
                        STRESS PERIOD TIME =    7.00000    
                     TOTAL SIMULATION TIME =    308.000    

end timestep


start timestep kper="45" kstp="1" mode="normal"


 OUTPUT CONTROL FOR STRESS PERIOD 45 IS REPEATED USING SETTINGS FROM A PREVIOUS STRESS PERIOD.
 UBDSV1 SAVING           STO-SS ON UNIT   1014 AT TIME STEP      1, STRESS PERIOD     45
 UBDSV1 SAVING     FLOW-JA-FACE ON UNIT   1014 AT TIME STEP      1, STRESS PERIOD     45
 UBDSV06 SAVING              WEL IN MODEL RAND_TARG        PACKAGE RAND_TARG       CONNECTED TO MODEL RAND_TARG        PACKAGE WEL_0            ON UNIT   1014 AT TIME STEP      1, STRESS PERIOD     45

 HEAD WILL BE SAVED ON UNIT 1015 AT END OF TIME STEP    1, STRESS PERIOD   45


  VOLUME BUDGET FOR ENTIRE MODEL AT END OF TIME STEP    1, STRESS PERIOD  45
  ---------------------------------------------------------------------------------------------------

     CUMULATIVE VOLUME      L**3       RATES FOR THIS TIME STEP      L**3/T          PACKAGE NAME    
     ------------------                 ------------------------                     ----------------

           IN:                                      IN:
           ---                                      ---
              STO-SS =        2074.6859                STO-SS =           8.2577     STORAGE                          
                 WEL =           0.0000                   WEL =           0.0000     WEL_0                            

            TOTAL IN =        2074.6859              TOTAL IN =           8.2577

          OUT:                                     OUT:
          ----                                     ----
              STO-SS =          10.9515                STO-SS =       3.7713E-03     STORAGE                          
                 WEL =        2063.7344                   WEL =           8.2539     WEL_0                            

           TOTAL OUT =        2074.6859             TOTAL OUT =           8.2577

            IN - OUT =      -2.8833E-06              IN - OUT =      -7.7177E-09

 PERCENT DISCREPANCY =          -0.00     PERCENT DISCREPANCY =          -0.00




         TIME SUMMARY AT END OF TIME STEP    1 IN STRESS PERIOD   45
                          TIME STEP LENGTH =    7.00000    
                        STRESS PERIOD TIME =    7.00000    
                     TOTAL SIMULATION TIME =    315.000    

end timestep


start timestep kper="46" kstp="1" mode="normal"


 OUTPUT CONTROL FOR STRESS PERIOD 46 IS REPEATED USING SETTINGS FROM A PREVIOUS STRESS PERIOD.
 UBDSV1 SAVING           STO-SS ON UNIT   1014 AT TIME STEP      1, STRESS PERIOD     46
 UBDSV1 SAVING     FLOW-JA-FACE ON UNIT   1014 AT TIME STEP      1, STRESS PERIOD     46
 UBDSV06 SAVING              WEL IN MODEL RAND_TARG        PACKAGE RAND_TARG       CONNECTED TO MODEL RAND_TARG        PACKAGE WEL_0            ON UNIT   1014 AT TIME STEP      1, STRESS PERIOD     46

 HEAD WILL BE SAVED ON UNIT 1015 AT END OF TIME STEP    1, STRESS PERIOD   46


  VOLUME BUDGET FOR ENTIRE MODEL AT END OF TIME STEP    1, STRESS PERIOD  46
  ---------------------------------------------------------------------------------------------------

     CUMULATIVE VOLUME      L**3       RATES FOR THIS TIME STEP      L**3/T          PACKAGE NAME    
     ------------------                 ------------------------                     ----------------

           IN:                                      IN:
           ---                                      ---
              STO-SS =        2136.9910                STO-SS =           8.9007     STORAGE                          
                 WEL =           0.0000                   WEL =           0.0000     WEL_0                            

            TOTAL IN =        2136.9910              TOTAL IN =           8.9007

          OUT:                                     OUT:
          ----                                     ----
              STO-SS =          10.9515                STO-SS =           0.0000     STORAGE                          
                 WEL =        2126.0395                   WEL =           8.9007     WEL_0                            

           TOTAL OUT =        2136.9910             TOTAL OUT =           8.9007

            IN - OUT =      -2.9494E-06              IN - OUT =      -9.4521E-09

 PERCENT DISCREPANCY =          -0.00     PERCENT DISCREPANCY =          -0.00




         TIME SUMMARY AT END OF TIME STEP    1 IN STRESS PERIOD   46
                          TIME STEP LENGTH =    7.00000    
                        STRESS PERIOD TIME =    7.00000    
                     TOTAL SIMULATION TIME =    322.000    

end timestep


start timestep kper="47" kstp="1" mode="normal"


 OUTPUT CONTROL FOR STRESS PERIOD 47 IS REPEATED USING SETTINGS FROM A PREVIOUS STRESS PERIOD.
 UBDSV1 SAVING           STO-SS ON UNIT   1014 AT TIME STEP      1, STRESS PERIOD     47
 UBDSV1 SAVING     FLOW-JA-FACE ON UNIT   1014 AT TIME STEP      1, STRESS PERIOD     47
 UBDSV06 SAVING              WEL IN MODEL RAND_TARG        PACKAGE RAND_TARG       CONNECTED TO MODEL RAND_TARG        PACKAGE WEL_0            ON UNIT   1014 AT TIME STEP      1, STRESS PERIOD     47

 HEAD WILL BE SAVED ON UNIT 1015 AT END OF TIME STEP    1, STRESS PERIOD   47


  VOLUME BUDGET FOR ENTIRE MODEL AT END OF TIME STEP    1, STRESS PERIOD  47
  ---------------------------------------------------------------------------------------------------

     CUMULATIVE VOLUME      L**3       RATES FOR THIS TIME STEP      L**3/T          PACKAGE NAME    
     ------------------                 ------------------------                     ----------------

           IN:                                      IN:
           ---                                      ---
              STO-SS =        2189.7713                STO-SS =           7.5400     STORAGE                          
                 WEL =           0.0000                   WEL =           0.0000     WEL_0                            

            TOTAL IN =        2189.7713              TOTAL IN =           7.5400

          OUT:                                     OUT:
          ----                                     ----
              STO-SS =          10.9515                STO-SS =           0.0000     STORAGE                          
                 WEL =        2178.8197                   WEL =           7.5400     WEL_0                            

           TOTAL OUT =        2189.7713             TOTAL OUT =           7.5400

            IN - OUT =      -3.0299E-06              IN - OUT =      -1.1498E-08

 PERCENT DISCREPANCY =          -0.00     PERCENT DISCREPANCY =          -0.00




         TIME SUMMARY AT END OF TIME STEP    1 IN STRESS PERIOD   47
                          TIME STEP LENGTH =    7.00000    
                        STRESS PERIOD TIME =    7.00000    
                     TOTAL SIMULATION TIME =    329.000    

end timestep


start timestep kper="48" kstp="1" mode="normal"


 OUTPUT CONTROL FOR STRESS PERIOD 48 IS REPEATED USING SETTINGS FROM A PREVIOUS STRESS PERIOD.
 UBDSV1 SAVING           STO-SS ON UNIT   1014 AT TIME STEP      1, STRESS PERIOD     48
 UBDSV1 SAVING     FLOW-JA-FACE ON UNIT   1014 AT TIME STEP      1, STRESS PERIOD     48
 UBDSV06 SAVING              WEL IN MODEL RAND_TARG        PACKAGE RAND_TARG       CONNECTED TO MODEL RAND_TARG        PACKAGE WEL_0            ON UNIT   1014 AT TIME STEP      1, STRESS PERIOD     48

 HEAD WILL BE SAVED ON UNIT 1015 AT END OF TIME STEP    1, STRESS PERIOD   48


  VOLUME BUDGET FOR ENTIRE MODEL AT END OF TIME STEP    1, STRESS PERIOD  48
  ---------------------------------------------------------------------------------------------------

     CUMULATIVE VOLUME      L**3       RATES FOR THIS TIME STEP      L**3/T          PACKAGE NAME    
     ------------------                 ------------------------                     ----------------

           IN:                                      IN:
           ---                                      ---
              STO-SS =        2254.5753                STO-SS =           9.2577     STORAGE                          
                 WEL =           0.0000                   WEL =           0.0000     WEL_0                            

            TOTAL IN =        2254.5753              TOTAL IN =           9.2577

          OUT:                                     OUT:
          ----                                     ----
              STO-SS =          11.0038                STO-SS =       7.4759E-03     STORAGE                          
                 WEL =        2243.5714                   WEL =           9.2502     WEL_0                            

           TOTAL OUT =        2254.5753             TOTAL OUT =           9.2577

            IN - OUT =      -3.0796E-06              IN - OUT =      -7.0976E-09

 PERCENT DISCREPANCY =          -0.00     PERCENT DISCREPANCY =          -0.00




         TIME SUMMARY AT END OF TIME STEP    1 IN STRESS PERIOD   48
                          TIME STEP LENGTH =    7.00000    
                        STRESS PERIOD TIME =    7.00000    
                     TOTAL SIMULATION TIME =    336.000    

end timestep


start timestep kper="49" kstp="1" mode="normal"


 OUTPUT CONTROL FOR STRESS PERIOD 49 IS REPEATED USING SETTINGS FROM A PREVIOUS STRESS PERIOD.
 UBDSV1 SAVING           STO-SS ON UNIT   1014 AT TIME STEP      1, STRESS PERIOD     49
 UBDSV1 SAVING     FLOW-JA-FACE ON UNIT   1014 AT TIME STEP      1, STRESS PERIOD     49
 UBDSV06 SAVING              WEL IN MODEL RAND_TARG        PACKAGE RAND_TARG       CONNECTED TO MODEL RAND_TARG        PACKAGE WEL_0            ON UNIT   1014 AT TIME STEP      1, STRESS PERIOD     49

 HEAD WILL BE SAVED ON UNIT 1015 AT END OF TIME STEP    1, STRESS PERIOD   49


  VOLUME BUDGET FOR ENTIRE MODEL AT END OF TIME STEP    1, STRESS PERIOD  49
  ---------------------------------------------------------------------------------------------------

     CUMULATIVE VOLUME      L**3       RATES FOR THIS TIME STEP      L**3/T          PACKAGE NAME    
     ------------------                 ------------------------                     ----------------

           IN:                                      IN:
           ---                                      ---
              STO-SS =        2319.2646                STO-SS =           9.2413     STORAGE                          
                 WEL =           0.0000                   WEL =           0.0000     WEL_0                            

            TOTAL IN =        2319.2646              TOTAL IN =           9.2413

          OUT:                                     OUT:
          ----                                     ----
              STO-SS =          11.0038                STO-SS =           0.0000     STORAGE                          
                 WEL =        2308.2607                   WEL =           9.2413     WEL_0                            

           TOTAL OUT =        2319.2646             TOTAL OUT =           9.2413

            IN - OUT =      -3.1013E-06              IN - OUT =      -3.0994E-09

 PERCENT DISCREPANCY =          -0.00     PERCENT DISCREPANCY =          -0.00




         TIME SUMMARY AT END OF TIME STEP    1 IN STRESS PERIOD   49
                          TIME STEP LENGTH =    7.00000    
                        STRESS PERIOD TIME =    7.00000    
                     TOTAL SIMULATION TIME =    343.000    

end timestep


start timestep kper="50" kstp="1" mode="normal"


 OUTPUT CONTROL FOR STRESS PERIOD 50 IS REPEATED USING SETTINGS FROM A PREVIOUS STRESS PERIOD.
 UBDSV1 SAVING           STO-SS ON UNIT   1014 AT TIME STEP      1, STRESS PERIOD     50
 UBDSV1 SAVING     FLOW-JA-FACE ON UNIT   1014 AT TIME STEP      1, STRESS PERIOD     50
 UBDSV06 SAVING              WEL IN MODEL RAND_TARG        PACKAGE RAND_TARG       CONNECTED TO MODEL RAND_TARG        PACKAGE WEL_0            ON UNIT   1014 AT TIME STEP      1, STRESS PERIOD     50

 HEAD WILL BE SAVED ON UNIT 1015 AT END OF TIME STEP    1, STRESS PERIOD   50


  VOLUME BUDGET FOR ENTIRE MODEL AT END OF TIME STEP    1, STRESS PERIOD  50
  ---------------------------------------------------------------------------------------------------

     CUMULATIVE VOLUME      L**3       RATES FOR THIS TIME STEP      L**3/T          PACKAGE NAME    
     ------------------                 ------------------------                     ----------------

           IN:                                      IN:
           ---                                      ---
              STO-SS =        2347.1004                STO-SS =           3.9766     STORAGE                          
                 WEL =           0.0000                   WEL =           0.0000     WEL_0                            

            TOTAL IN =        2347.1004              TOTAL IN =           3.9766

          OUT:                                     OUT:
          ----                                     ----
              STO-SS =          13.0150                STO-SS =           0.2873     STORAGE                          
                 WEL =        2334.0854                   WEL =           3.6892     WEL_0                            

           TOTAL OUT =        2347.1004             TOTAL OUT =           3.9766

            IN - OUT =      -3.2625E-06              IN - OUT =      -2.3026E-08

 PERCENT DISCREPANCY =          -0.00     PERCENT DISCREPANCY =          -0.00




         TIME SUMMARY AT END OF TIME STEP    1 IN STRESS PERIOD   50
                          TIME STEP LENGTH =    7.00000    
                        STRESS PERIOD TIME =    7.00000    
                     TOTAL SIMULATION TIME =    350.000    

end timestep


start timestep kper="51" kstp="1" mode="normal"


 OUTPUT CONTROL FOR STRESS PERIOD 51 IS REPEATED USING SETTINGS FROM A PREVIOUS STRESS PERIOD.
 UBDSV1 SAVING           STO-SS ON UNIT   1014 AT TIME STEP      1, STRESS PERIOD     51
 UBDSV1 SAVING     FLOW-JA-FACE ON UNIT   1014 AT TIME STEP      1, STRESS PERIOD     51
 UBDSV06 SAVING              WEL IN MODEL RAND_TARG        PACKAGE RAND_TARG       CONNECTED TO MODEL RAND_TARG        PACKAGE WEL_0            ON UNIT   1014 AT TIME STEP      1, STRESS PERIOD     51

 HEAD WILL BE SAVED ON UNIT 1015 AT END OF TIME STEP    1, STRESS PERIOD   51


  VOLUME BUDGET FOR ENTIRE MODEL AT END OF TIME STEP    1, STRESS PERIOD  51
  ---------------------------------------------------------------------------------------------------

     CUMULATIVE VOLUME      L**3       RATES FOR THIS TIME STEP      L**3/T          PACKAGE NAME    
     ------------------                 ------------------------                     ----------------

           IN:                                      IN:
           ---                                      ---
              STO-SS =        2397.5583                STO-SS =           7.2083     STORAGE                          
                 WEL =           0.0000                   WEL =           0.0000     WEL_0                            

            TOTAL IN =        2397.5583              TOTAL IN =           7.2083

          OUT:                                     OUT:
          ----                                     ----
              STO-SS =          13.0150                STO-SS =           0.0000     STORAGE                          
                 WEL =        2384.5433                   WEL =           7.2083     WEL_0                            

           TOTAL OUT =        2397.5583             TOTAL OUT =           7.2083

            IN - OUT =      -3.3519E-06              IN - OUT =      -1.2773E-08

 PERCENT DISCREPANCY =          -0.00     PERCENT DISCREPANCY =          -0.00




         TIME SUMMARY AT END OF TIME STEP    1 IN STRESS PERIOD   51
                          TIME STEP LENGTH =    7.00000    
                        STRESS PERIOD TIME =    7.00000    
                     TOTAL SIMULATION TIME =    357.000    

end timestep


start timestep kper="52" kstp="1" mode="normal"


 OUTPUT CONTROL FOR STRESS PERIOD 52 IS REPEATED USING SETTINGS FROM A PREVIOUS STRESS PERIOD.
 UBDSV1 SAVING           STO-SS ON UNIT   1014 AT TIME STEP      1, STRESS PERIOD     52
 UBDSV1 SAVING     FLOW-JA-FACE ON UNIT   1014 AT TIME STEP      1, STRESS PERIOD     52
 UBDSV06 SAVING              WEL IN MODEL RAND_TARG        PACKAGE RAND_TARG       CONNECTED TO MODEL RAND_TARG        PACKAGE WEL_0            ON UNIT   1014 AT TIME STEP      1, STRESS PERIOD     52

 HEAD WILL BE SAVED ON UNIT 1015 AT END OF TIME STEP    1, STRESS PERIOD   52


  VOLUME BUDGET FOR ENTIRE MODEL AT END OF TIME STEP    1, STRESS PERIOD  52
  ---------------------------------------------------------------------------------------------------

     CUMULATIVE VOLUME      L**3       RATES FOR THIS TIME STEP      L**3/T          PACKAGE NAME    
     ------------------                 ------------------------                     ----------------

           IN:                                      IN:
           ---                                      ---
              STO-SS =        2412.5955                STO-SS =           2.1482     STORAGE                          
                 WEL =           0.0000                   WEL =           0.0000     WEL_0                            

            TOTAL IN =        2412.5955              TOTAL IN =           2.1482

          OUT:                                     OUT:
          ----                                     ----
              STO-SS =          14.6936                STO-SS =           0.2398     STORAGE                          
                 WEL =        2397.9019                   WEL =           1.9084     WEL_0                            

           TOTAL OUT =        2412.5955             TOTAL OUT =           2.1482

            IN - OUT =      -3.3970E-06              IN - OUT =      -6.4463E-09

 PERCENT DISCREPANCY =          -0.00     PERCENT DISCREPANCY =          -0.00




         TIME SUMMARY AT END OF TIME STEP    1 IN STRESS PERIOD   52
                          TIME STEP LENGTH =    7.00000    
                        STRESS PERIOD TIME =    7.00000    
                     TOTAL SIMULATION TIME =    364.000    

end timestep

