                                   MODFLOW 6
                U.S. GEOLOGICAL SURVEY MODULAR HYDROLOGIC MODEL
                          GROUNDWATER FLOW MODEL (GWF)
                            VERSION 6.6.3 09/29/2025

   MODFLOW 6 compiled Sep 29 2025 08:23:57 with Intel(R) Fortran Intel(R) 64
   Compiler Classic for applications running on Intel(R) 64, Version 2021.7.0
                             Build 20220726_000000

This software has been approved for release by the U.S. Geological 
Survey (USGS). Although the software has been subjected to rigorous 
review, the USGS reserves the right to update the software as needed 
pursuant to further analysis and review. No warranty, expressed or 
implied, is made by the USGS or the U.S. Government as to the 
functionality of the software and related material nor shall the 
fact of release constitute any such warranty. Furthermore, the 
software is released on condition that neither the USGS nor the U.S. 
Government shall be held liable for any damages resulting from its 
authorized or unauthorized use. Also refer to the USGS Water 
Resources Software User Rights Notice for complete use, copyright, 
and distribution information.


As a work of the United States Government, this USGS product is 
in the public domain within the United States. You can copy, 
modify, distribute, and perform the work, even for commercial 
purposes, all without asking permission. Additionally, USGS 
waives copyright and related rights in the work worldwide 
through CC0 1.0 Universal Public Domain Dedication 
(https://creativecommons.org/publicdomain/zero/1.0/).

The following GNU Lesser General Public License (LGPL) libraries
are used in this USGS product:

    SPARSKIT version 2.0
      ilut, luson, and qsplit 
      (https://www-users.cse.umn.edu/~saad/software/SPARSKIT/)

    RCM - Reverse Cuthill McKee Ordering
      (https://people.math.sc.edu/Burkardt/f_src/rcm/rcm.html)

    BLAS - Basic Linear Algebra Subprograms Level 1
      (https://people.math.sc.edu/Burkardt/f_src/blas1_d/blas1_d.html)

    SPARSEKIT - Sparse Matrix Utility Package
      amux, dperm, dvperm, rperm, and cperm
      (https://people.sc.fsu.edu/~jburkardt/f77_src/sparsekit/sparsekit.html)

The following BSD-3 License libraries are used in this USGS product:

    Modern Fortran DAG Library
      Copyright (c) 2018, Jacob Williams
      All rights reserved.
      (https://github.com/jacobwilliams/daglib)

MODFLOW 6 compiler options: /Isrc\libmf6_external.a.p /Isrc\libmf6core.a.p
/Isrc /I..\src /MT /nologo /warn:general /warn:truncated_source /stand:f18
/O2 /fpe:0 /heap-arrays:0 /traceback /fpp /Qdiag-disable:7416
/Qdiag-disable:7025 /Qdiag-disable:5268 /Qdiag-disable:10448
/Fdsrc\libmf6core.a.p\Utilities_compilerversion.F90.pdb
/module:src\libmf6core.a.p
/Fosrc/libmf6core.a.p/Utilities_compilerversion.F90.obj /c

System command used to initiate simulation:
C:\Python\Personal\kfm-ms\codes\binaries\MODFLOW6\windows\mf6.exe

MODFLOW was compiled using uniform precision.

Real Variables
  KIND: 8
  TINY (smallest non-zero value):    2.225074-308
  HUGE (largest value):    1.797693+308
  PRECISION: 15
  SIZE IN BITS: 64

Integer Variables
  KIND: 4
  HUGE (largest value): 2147483647
  SIZE IN BITS: 32

Long Integer Variables
  KIND: 8
  HUGE (largest value): 9223372036854775807
  SIZE IN BITS: 64

Logical Variables
  KIND: 4
  SIZE IN BITS: 32
 
 NAMEFILE OPTIONS:
    FLOWS WILL BE SAVED TO BUDGET FILE SPECIFIED IN OUTPUT CONTROL
 END NAMEFILE OPTIONS:

 DIS -- STRUCTURED GRID DISCRETIZATION PACKAGE, VERSION 2 : 3/27/2014 - INPUT READ FROM MEMPATH: __INPUT__/UNIT_RESPONSE/DIS                       


 NPF -- NODE PROPERTY FLOW PACKAGE, VERSION 1, 3/30/2015 INPUT READ FROM MEMPATH: __INPUT__/UNIT_RESPONSE/NPF                       


 IC -- Initial Conditions Package, Version 8, 3/28/2015 input read from mempath: __INPUT__/UNIT_RESPONSE/IC                        


 Setting Discretization Options
    XORIGIN = -67.30913999000001
    YORIGIN = -72.29500222000000
 End Setting Discretization Options

 Setting Discretization Dimensions
    NLAY = 1
    NROW = 29
    NCOL = 27
 End Setting Discretization Dimensions

 Setting Discretization Griddata
    DELR set from input file
    DELC set from input file
    TOP set from input file
    BOTM set from input file
 End Setting Discretization Griddata

 Setting NPF Options
 End Setting NPF Options

 Setting NPF Griddata
    ICELLTYPE set from input file
    K set from input file
    K33 not provided.  Setting K33 = K.
    K22 not provided.  Setting K22 = K.
 End Setting NPF Griddata


 WEL -- WEL PACKAGE, VERSION 8, 2/22/2014 INPUT READ FROM MEMPATH: __INPUT__/UNIT_RESPONSE/WEL_0                     

 PROCESSING WEL BASE OPTIONS
 END OF WEL BASE OPTIONS

 PROCESSING WEL OPTIONS
 END OF WEL OPTIONS

 PROCESSING WEL BASE DIMENSIONS
    MAXBOUND =       1
 END OF WEL BASE DIMENSIONS
    STRT set from input file

 STO -- STORAGE PACKAGE, VERSION 1, 5/19/2014 INPUT READ FROM MEMPATH: __INPUT__/UNIT_RESPONSE/STO                       


 PROCESSING STORAGE OPTIONS
 END OF STORAGE OPTIONS
    BINARY GRID INFORMATION WILL BE WRITTEN TO:
      UNIT NUMBER: 1013
      FILE NAME: unit_response.dis.grb

 OPENED unit_response.dis.grb
 FILE TYPE:DATA(BINARY)   UNIT 1013   STATUS:REPLACE             
 FORMAT:UNFORMATTED            ACCESS:STREAM              
 ACTION:READWRITE           

      THE LAST TIME STEP WILL BE PRINTED
      THE LAST TIME STEP WILL BE PRINTED
 # File generated by Flopy version 3.9.5 on 04/07/2026 at 17:45:11.

 PROCESSING OC OPTIONS

    HEAD INFORMATION WILL BE WRITTEN TO:
      UNIT NUMBER: 1014
      FILE NAME: unit_response.hds

 OPENED unit_response.hds
 FILE TYPE:DATA(BINARY)   UNIT 1014   STATUS:REPLACE             
 FORMAT:UNFORMATTED            ACCESS:STREAM              
 ACTION:READWRITE           

 END OF OC OPTIONS

start timestep kper="1" kstp="1" mode="normal"


 BEGIN READING OUTPUT CONTROL FOR STRESS PERIOD 1
      ALL TIME STEPS WILL BE SAVED

 END READING OUTPUT CONTROL FOR STRESS PERIOD 1


 PROCESSING STORAGE PERIOD DATA
 END PROCESSING STORAGE PERIOD DATA


 STRESS PERIOD 1 IS TRANSIENT


 HEAD WILL BE SAVED ON UNIT 1014 AT END OF TIME STEP    1, STRESS PERIOD    1


  VOLUME BUDGET FOR ENTIRE MODEL AT END OF TIME STEP    1, STRESS PERIOD   1
  ---------------------------------------------------------------------------------------------------

     CUMULATIVE VOLUME      L**3       RATES FOR THIS TIME STEP      L**3/T          PACKAGE NAME    
     ------------------                 ------------------------                     ----------------

           IN:                                      IN:
           ---                                      ---
              STO-SS =           7.0000                STO-SS =           1.0000     STORAGE                          
                 WEL =           0.0000                   WEL =           0.0000     WEL_0                            

            TOTAL IN =           7.0000              TOTAL IN =           1.0000

          OUT:                                     OUT:
          ----                                     ----
              STO-SS =           0.0000                STO-SS =           0.0000     STORAGE                          
                 WEL =           7.0000                   WEL =           1.0000     WEL_0                            

           TOTAL OUT =           7.0000             TOTAL OUT =           1.0000

            IN - OUT =      -9.6378E-09              IN - OUT =      -1.3768E-09

 PERCENT DISCREPANCY =          -0.00     PERCENT DISCREPANCY =          -0.00




         TIME SUMMARY AT END OF TIME STEP    1 IN STRESS PERIOD    1
                          TIME STEP LENGTH =    7.00000    
                        STRESS PERIOD TIME =    7.00000    
                     TOTAL SIMULATION TIME =    7.00000    

end timestep


start timestep kper="2" kstp="1" mode="normal"


 END OF FILE DETECTED IN OUTPUT CONTROL.
 CURRENT OUTPUT CONTROL SETTINGS WILL BE 
 REPEATED UNTIL THE END OF THE SIMULATION.

 OUTPUT CONTROL FOR STRESS PERIOD 2 IS REPEATED USING SETTINGS FROM A PREVIOUS STRESS PERIOD.

 HEAD WILL BE SAVED ON UNIT 1014 AT END OF TIME STEP    1, STRESS PERIOD    2


  VOLUME BUDGET FOR ENTIRE MODEL AT END OF TIME STEP    1, STRESS PERIOD   2
  ---------------------------------------------------------------------------------------------------

     CUMULATIVE VOLUME      L**3       RATES FOR THIS TIME STEP      L**3/T          PACKAGE NAME    
     ------------------                 ------------------------                     ----------------

           IN:                                      IN:
           ---                                      ---
              STO-SS =          14.0000                STO-SS =           1.0000     STORAGE                          
                 WEL =           0.0000                   WEL =           0.0000     WEL_0                            

            TOTAL IN =          14.0000              TOTAL IN =           1.0000

          OUT:                                     OUT:
          ----                                     ----
              STO-SS =           0.0000                STO-SS =           0.0000     STORAGE                          
                 WEL =          14.0000                   WEL =           1.0000     WEL_0                            

           TOTAL OUT =          14.0000             TOTAL OUT =           1.0000

            IN - OUT =      -1.5891E-08              IN - OUT =      -8.9325E-10

 PERCENT DISCREPANCY =          -0.00     PERCENT DISCREPANCY =          -0.00




         TIME SUMMARY AT END OF TIME STEP    1 IN STRESS PERIOD    2
                          TIME STEP LENGTH =    7.00000    
                        STRESS PERIOD TIME =    7.00000    
                     TOTAL SIMULATION TIME =    14.0000    

end timestep


start timestep kper="3" kstp="1" mode="normal"


 OUTPUT CONTROL FOR STRESS PERIOD 3 IS REPEATED USING SETTINGS FROM A PREVIOUS STRESS PERIOD.

 HEAD WILL BE SAVED ON UNIT 1014 AT END OF TIME STEP    1, STRESS PERIOD    3


  VOLUME BUDGET FOR ENTIRE MODEL AT END OF TIME STEP    1, STRESS PERIOD   3
  ---------------------------------------------------------------------------------------------------

     CUMULATIVE VOLUME      L**3       RATES FOR THIS TIME STEP      L**3/T          PACKAGE NAME    
     ------------------                 ------------------------                     ----------------

           IN:                                      IN:
           ---                                      ---
              STO-SS =          21.0000                STO-SS =           1.0000     STORAGE                          
                 WEL =           0.0000                   WEL =           0.0000     WEL_0                            

            TOTAL IN =          21.0000              TOTAL IN =           1.0000

          OUT:                                     OUT:
          ----                                     ----
              STO-SS =           0.0000                STO-SS =           0.0000     STORAGE                          
                 WEL =          21.0000                   WEL =           1.0000     WEL_0                            

           TOTAL OUT =          21.0000             TOTAL OUT =           1.0000

            IN - OUT =      -1.4055E-08              IN - OUT =       2.6228E-10

 PERCENT DISCREPANCY =          -0.00     PERCENT DISCREPANCY =           0.00




         TIME SUMMARY AT END OF TIME STEP    1 IN STRESS PERIOD    3
                          TIME STEP LENGTH =    7.00000    
                        STRESS PERIOD TIME =    7.00000    
                     TOTAL SIMULATION TIME =    21.0000    

end timestep


start timestep kper="4" kstp="1" mode="normal"


 OUTPUT CONTROL FOR STRESS PERIOD 4 IS REPEATED USING SETTINGS FROM A PREVIOUS STRESS PERIOD.

 HEAD WILL BE SAVED ON UNIT 1014 AT END OF TIME STEP    1, STRESS PERIOD    4


  VOLUME BUDGET FOR ENTIRE MODEL AT END OF TIME STEP    1, STRESS PERIOD   4
  ---------------------------------------------------------------------------------------------------

     CUMULATIVE VOLUME      L**3       RATES FOR THIS TIME STEP      L**3/T          PACKAGE NAME    
     ------------------                 ------------------------                     ----------------

           IN:                                      IN:
           ---                                      ---
              STO-SS =          28.0000                STO-SS =           1.0000     STORAGE                          
                 WEL =           0.0000                   WEL =           0.0000     WEL_0                            

            TOTAL IN =          28.0000              TOTAL IN =           1.0000

          OUT:                                     OUT:
          ----                                     ----
              STO-SS =           0.0000                STO-SS =           0.0000     STORAGE                          
                 WEL =          28.0000                   WEL =           1.0000     WEL_0                            

           TOTAL OUT =          28.0000             TOTAL OUT =           1.0000

            IN - OUT =      -1.1589E-08              IN - OUT =       3.5220E-10

 PERCENT DISCREPANCY =          -0.00     PERCENT DISCREPANCY =           0.00




         TIME SUMMARY AT END OF TIME STEP    1 IN STRESS PERIOD    4
                          TIME STEP LENGTH =    7.00000    
                        STRESS PERIOD TIME =    7.00000    
                     TOTAL SIMULATION TIME =    28.0000    

end timestep


start timestep kper="5" kstp="1" mode="normal"


 OUTPUT CONTROL FOR STRESS PERIOD 5 IS REPEATED USING SETTINGS FROM A PREVIOUS STRESS PERIOD.

 HEAD WILL BE SAVED ON UNIT 1014 AT END OF TIME STEP    1, STRESS PERIOD    5


  VOLUME BUDGET FOR ENTIRE MODEL AT END OF TIME STEP    1, STRESS PERIOD   5
  ---------------------------------------------------------------------------------------------------

     CUMULATIVE VOLUME      L**3       RATES FOR THIS TIME STEP      L**3/T          PACKAGE NAME    
     ------------------                 ------------------------                     ----------------

           IN:                                      IN:
           ---                                      ---
              STO-SS =          35.0000                STO-SS =           1.0000     STORAGE                          
                 WEL =           0.0000                   WEL =           0.0000     WEL_0                            

            TOTAL IN =          35.0000              TOTAL IN =           1.0000

          OUT:                                     OUT:
          ----                                     ----
              STO-SS =           0.0000                STO-SS =           0.0000     STORAGE                          
                 WEL =          35.0000                   WEL =           1.0000     WEL_0                            

           TOTAL OUT =          35.0000             TOTAL OUT =           1.0000

            IN - OUT =      -1.8805E-08              IN - OUT =      -1.0309E-09

 PERCENT DISCREPANCY =          -0.00     PERCENT DISCREPANCY =          -0.00




         TIME SUMMARY AT END OF TIME STEP    1 IN STRESS PERIOD    5
                          TIME STEP LENGTH =    7.00000    
                        STRESS PERIOD TIME =    7.00000    
                     TOTAL SIMULATION TIME =    35.0000    

end timestep


start timestep kper="6" kstp="1" mode="normal"


 OUTPUT CONTROL FOR STRESS PERIOD 6 IS REPEATED USING SETTINGS FROM A PREVIOUS STRESS PERIOD.

 HEAD WILL BE SAVED ON UNIT 1014 AT END OF TIME STEP    1, STRESS PERIOD    6


  VOLUME BUDGET FOR ENTIRE MODEL AT END OF TIME STEP    1, STRESS PERIOD   6
  ---------------------------------------------------------------------------------------------------

     CUMULATIVE VOLUME      L**3       RATES FOR THIS TIME STEP      L**3/T          PACKAGE NAME    
     ------------------                 ------------------------                     ----------------

           IN:                                      IN:
           ---                                      ---
              STO-SS =          42.0000                STO-SS =           1.0000     STORAGE                          
                 WEL =           0.0000                   WEL =           0.0000     WEL_0                            

            TOTAL IN =          42.0000              TOTAL IN =           1.0000

          OUT:                                     OUT:
          ----                                     ----
              STO-SS =           0.0000                STO-SS =           0.0000     STORAGE                          
                 WEL =          42.0000                   WEL =           1.0000     WEL_0                            

           TOTAL OUT =          42.0000             TOTAL OUT =           1.0000

            IN - OUT =      -2.1505E-08              IN - OUT =      -3.8566E-10

 PERCENT DISCREPANCY =          -0.00     PERCENT DISCREPANCY =          -0.00




         TIME SUMMARY AT END OF TIME STEP    1 IN STRESS PERIOD    6
                          TIME STEP LENGTH =    7.00000    
                        STRESS PERIOD TIME =    7.00000    
                     TOTAL SIMULATION TIME =    42.0000    

end timestep


start timestep kper="7" kstp="1" mode="normal"


 OUTPUT CONTROL FOR STRESS PERIOD 7 IS REPEATED USING SETTINGS FROM A PREVIOUS STRESS PERIOD.

 HEAD WILL BE SAVED ON UNIT 1014 AT END OF TIME STEP    1, STRESS PERIOD    7


  VOLUME BUDGET FOR ENTIRE MODEL AT END OF TIME STEP    1, STRESS PERIOD   7
  ---------------------------------------------------------------------------------------------------

     CUMULATIVE VOLUME      L**3       RATES FOR THIS TIME STEP      L**3/T          PACKAGE NAME    
     ------------------                 ------------------------                     ----------------

           IN:                                      IN:
           ---                                      ---
              STO-SS =          49.0000                STO-SS =           1.0000     STORAGE                          
                 WEL =           0.0000                   WEL =           0.0000     WEL_0                            

            TOTAL IN =          49.0000              TOTAL IN =           1.0000

          OUT:                                     OUT:
          ----                                     ----
              STO-SS =           0.0000                STO-SS =           0.0000     STORAGE                          
                 WEL =          49.0000                   WEL =           1.0000     WEL_0                            

           TOTAL OUT =          49.0000             TOTAL OUT =           1.0000

            IN - OUT =      -2.1928E-08              IN - OUT =      -6.0489E-11

 PERCENT DISCREPANCY =          -0.00     PERCENT DISCREPANCY =          -0.00




         TIME SUMMARY AT END OF TIME STEP    1 IN STRESS PERIOD    7
                          TIME STEP LENGTH =    7.00000    
                        STRESS PERIOD TIME =    7.00000    
                     TOTAL SIMULATION TIME =    49.0000    

end timestep


start timestep kper="8" kstp="1" mode="normal"


 OUTPUT CONTROL FOR STRESS PERIOD 8 IS REPEATED USING SETTINGS FROM A PREVIOUS STRESS PERIOD.

 HEAD WILL BE SAVED ON UNIT 1014 AT END OF TIME STEP    1, STRESS PERIOD    8


  VOLUME BUDGET FOR ENTIRE MODEL AT END OF TIME STEP    1, STRESS PERIOD   8
  ---------------------------------------------------------------------------------------------------

     CUMULATIVE VOLUME      L**3       RATES FOR THIS TIME STEP      L**3/T          PACKAGE NAME    
     ------------------                 ------------------------                     ----------------

           IN:                                      IN:
           ---                                      ---
              STO-SS =          56.0000                STO-SS =           1.0000     STORAGE                          
                 WEL =           0.0000                   WEL =           0.0000     WEL_0                            

            TOTAL IN =          56.0000              TOTAL IN =           1.0000

          OUT:                                     OUT:
          ----                                     ----
              STO-SS =           0.0000                STO-SS =           0.0000     STORAGE                          
                 WEL =          56.0000                   WEL =           1.0000     WEL_0                            

           TOTAL OUT =          56.0000             TOTAL OUT =           1.0000

            IN - OUT =      -2.2110E-08              IN - OUT =      -2.5927E-11

 PERCENT DISCREPANCY =          -0.00     PERCENT DISCREPANCY =          -0.00




         TIME SUMMARY AT END OF TIME STEP    1 IN STRESS PERIOD    8
                          TIME STEP LENGTH =    7.00000    
                        STRESS PERIOD TIME =    7.00000    
                     TOTAL SIMULATION TIME =    56.0000    

end timestep


start timestep kper="9" kstp="1" mode="normal"


 OUTPUT CONTROL FOR STRESS PERIOD 9 IS REPEATED USING SETTINGS FROM A PREVIOUS STRESS PERIOD.

 HEAD WILL BE SAVED ON UNIT 1014 AT END OF TIME STEP    1, STRESS PERIOD    9


  VOLUME BUDGET FOR ENTIRE MODEL AT END OF TIME STEP    1, STRESS PERIOD   9
  ---------------------------------------------------------------------------------------------------

     CUMULATIVE VOLUME      L**3       RATES FOR THIS TIME STEP      L**3/T          PACKAGE NAME    
     ------------------                 ------------------------                     ----------------

           IN:                                      IN:
           ---                                      ---
              STO-SS =          63.0000                STO-SS =           1.0000     STORAGE                          
                 WEL =           0.0000                   WEL =           0.0000     WEL_0                            

            TOTAL IN =          63.0000              TOTAL IN =           1.0000

          OUT:                                     OUT:
          ----                                     ----
              STO-SS =           0.0000                STO-SS =           0.0000     STORAGE                          
                 WEL =          63.0000                   WEL =           1.0000     WEL_0                            

           TOTAL OUT =          63.0000             TOTAL OUT =           1.0000

            IN - OUT =      -2.2192E-08              IN - OUT =      -1.1657E-11

 PERCENT DISCREPANCY =          -0.00     PERCENT DISCREPANCY =          -0.00




         TIME SUMMARY AT END OF TIME STEP    1 IN STRESS PERIOD    9
                          TIME STEP LENGTH =    7.00000    
                        STRESS PERIOD TIME =    7.00000    
                     TOTAL SIMULATION TIME =    63.0000    

end timestep


start timestep kper="10" kstp="1" mode="normal"


 OUTPUT CONTROL FOR STRESS PERIOD 10 IS REPEATED USING SETTINGS FROM A PREVIOUS STRESS PERIOD.

 HEAD WILL BE SAVED ON UNIT 1014 AT END OF TIME STEP    1, STRESS PERIOD   10


  VOLUME BUDGET FOR ENTIRE MODEL AT END OF TIME STEP    1, STRESS PERIOD  10
  ---------------------------------------------------------------------------------------------------

     CUMULATIVE VOLUME      L**3       RATES FOR THIS TIME STEP      L**3/T          PACKAGE NAME    
     ------------------                 ------------------------                     ----------------

           IN:                                      IN:
           ---                                      ---
              STO-SS =          70.0000                STO-SS =           1.0000     STORAGE                          
                 WEL =           0.0000                   WEL =           0.0000     WEL_0                            

            TOTAL IN =          70.0000              TOTAL IN =           1.0000

          OUT:                                     OUT:
          ----                                     ----
              STO-SS =           0.0000                STO-SS =           0.0000     STORAGE                          
                 WEL =          70.0000                   WEL =           1.0000     WEL_0                            

           TOTAL OUT =          70.0000             TOTAL OUT =           1.0000

            IN - OUT =      -2.2229E-08              IN - OUT =      -5.2989E-12

 PERCENT DISCREPANCY =          -0.00     PERCENT DISCREPANCY =          -0.00




         TIME SUMMARY AT END OF TIME STEP    1 IN STRESS PERIOD   10
                          TIME STEP LENGTH =    7.00000    
                        STRESS PERIOD TIME =    7.00000    
                     TOTAL SIMULATION TIME =    70.0000    

end timestep


start timestep kper="11" kstp="1" mode="normal"


 OUTPUT CONTROL FOR STRESS PERIOD 11 IS REPEATED USING SETTINGS FROM A PREVIOUS STRESS PERIOD.

 HEAD WILL BE SAVED ON UNIT 1014 AT END OF TIME STEP    1, STRESS PERIOD   11


  VOLUME BUDGET FOR ENTIRE MODEL AT END OF TIME STEP    1, STRESS PERIOD  11
  ---------------------------------------------------------------------------------------------------

     CUMULATIVE VOLUME      L**3       RATES FOR THIS TIME STEP      L**3/T          PACKAGE NAME    
     ------------------                 ------------------------                     ----------------

           IN:                                      IN:
           ---                                      ---
              STO-SS =          77.0000                STO-SS =           1.0000     STORAGE                          
                 WEL =           0.0000                   WEL =           0.0000     WEL_0                            

            TOTAL IN =          77.0000              TOTAL IN =           1.0000

          OUT:                                     OUT:
          ----                                     ----
              STO-SS =           0.0000                STO-SS =           0.0000     STORAGE                          
                 WEL =          77.0000                   WEL =           1.0000     WEL_0                            

           TOTAL OUT =          77.0000             TOTAL OUT =           1.0000

            IN - OUT =      -2.2246E-08              IN - OUT =      -2.4151E-12

 PERCENT DISCREPANCY =          -0.00     PERCENT DISCREPANCY =          -0.00




         TIME SUMMARY AT END OF TIME STEP    1 IN STRESS PERIOD   11
                          TIME STEP LENGTH =    7.00000    
                        STRESS PERIOD TIME =    7.00000    
                     TOTAL SIMULATION TIME =    77.0000    

end timestep


start timestep kper="12" kstp="1" mode="normal"


 OUTPUT CONTROL FOR STRESS PERIOD 12 IS REPEATED USING SETTINGS FROM A PREVIOUS STRESS PERIOD.

 HEAD WILL BE SAVED ON UNIT 1014 AT END OF TIME STEP    1, STRESS PERIOD   12


  VOLUME BUDGET FOR ENTIRE MODEL AT END OF TIME STEP    1, STRESS PERIOD  12
  ---------------------------------------------------------------------------------------------------

     CUMULATIVE VOLUME      L**3       RATES FOR THIS TIME STEP      L**3/T          PACKAGE NAME    
     ------------------                 ------------------------                     ----------------

           IN:                                      IN:
           ---                                      ---
              STO-SS =          84.0000                STO-SS =           1.0000     STORAGE                          
                 WEL =           0.0000                   WEL =           0.0000     WEL_0                            

            TOTAL IN =          84.0000              TOTAL IN =           1.0000

          OUT:                                     OUT:
          ----                                     ----
              STO-SS =           0.0000                STO-SS =           0.0000     STORAGE                          
                 WEL =          84.0000                   WEL =           1.0000     WEL_0                            

           TOTAL OUT =          84.0000             TOTAL OUT =           1.0000

            IN - OUT =      -2.2253E-08              IN - OUT =      -1.1097E-12

 PERCENT DISCREPANCY =          -0.00     PERCENT DISCREPANCY =          -0.00




         TIME SUMMARY AT END OF TIME STEP    1 IN STRESS PERIOD   12
                          TIME STEP LENGTH =    7.00000    
                        STRESS PERIOD TIME =    7.00000    
                     TOTAL SIMULATION TIME =    84.0000    

end timestep


start timestep kper="13" kstp="1" mode="normal"


 OUTPUT CONTROL FOR STRESS PERIOD 13 IS REPEATED USING SETTINGS FROM A PREVIOUS STRESS PERIOD.

 HEAD WILL BE SAVED ON UNIT 1014 AT END OF TIME STEP    1, STRESS PERIOD   13


  VOLUME BUDGET FOR ENTIRE MODEL AT END OF TIME STEP    1, STRESS PERIOD  13
  ---------------------------------------------------------------------------------------------------

     CUMULATIVE VOLUME      L**3       RATES FOR THIS TIME STEP      L**3/T          PACKAGE NAME    
     ------------------                 ------------------------                     ----------------

           IN:                                      IN:
           ---                                      ---
              STO-SS =          91.0000                STO-SS =           1.0000     STORAGE                          
                 WEL =           0.0000                   WEL =           0.0000     WEL_0                            

            TOTAL IN =          91.0000              TOTAL IN =           1.0000

          OUT:                                     OUT:
          ----                                     ----
              STO-SS =           0.0000                STO-SS =           0.0000     STORAGE                          
                 WEL =          91.0000                   WEL =           1.0000     WEL_0                            

           TOTAL OUT =          91.0000             TOTAL OUT =           1.0000

            IN - OUT =      -2.2257E-08              IN - OUT =      -5.2014E-13

 PERCENT DISCREPANCY =          -0.00     PERCENT DISCREPANCY =          -0.00




         TIME SUMMARY AT END OF TIME STEP    1 IN STRESS PERIOD   13
                          TIME STEP LENGTH =    7.00000    
                        STRESS PERIOD TIME =    7.00000    
                     TOTAL SIMULATION TIME =    91.0000    

end timestep


start timestep kper="14" kstp="1" mode="normal"


 OUTPUT CONTROL FOR STRESS PERIOD 14 IS REPEATED USING SETTINGS FROM A PREVIOUS STRESS PERIOD.

 HEAD WILL BE SAVED ON UNIT 1014 AT END OF TIME STEP    1, STRESS PERIOD   14


  VOLUME BUDGET FOR ENTIRE MODEL AT END OF TIME STEP    1, STRESS PERIOD  14
  ---------------------------------------------------------------------------------------------------

     CUMULATIVE VOLUME      L**3       RATES FOR THIS TIME STEP      L**3/T          PACKAGE NAME    
     ------------------                 ------------------------                     ----------------

           IN:                                      IN:
           ---                                      ---
              STO-SS =          98.0000                STO-SS =           1.0000     STORAGE                          
                 WEL =           0.0000                   WEL =           0.0000     WEL_0                            

            TOTAL IN =          98.0000              TOTAL IN =           1.0000

          OUT:                                     OUT:
          ----                                     ----
              STO-SS =           0.0000                STO-SS =           0.0000     STORAGE                          
                 WEL =          98.0000                   WEL =           1.0000     WEL_0                            

           TOTAL OUT =          98.0000             TOTAL OUT =           1.0000

            IN - OUT =      -2.2259E-08              IN - OUT =      -2.4980E-13

 PERCENT DISCREPANCY =          -0.00     PERCENT DISCREPANCY =          -0.00




         TIME SUMMARY AT END OF TIME STEP    1 IN STRESS PERIOD   14
                          TIME STEP LENGTH =    7.00000    
                        STRESS PERIOD TIME =    7.00000    
                     TOTAL SIMULATION TIME =    98.0000    

end timestep


start timestep kper="15" kstp="1" mode="normal"


 OUTPUT CONTROL FOR STRESS PERIOD 15 IS REPEATED USING SETTINGS FROM A PREVIOUS STRESS PERIOD.

 HEAD WILL BE SAVED ON UNIT 1014 AT END OF TIME STEP    1, STRESS PERIOD   15


  VOLUME BUDGET FOR ENTIRE MODEL AT END OF TIME STEP    1, STRESS PERIOD  15
  ---------------------------------------------------------------------------------------------------

     CUMULATIVE VOLUME      L**3       RATES FOR THIS TIME STEP      L**3/T          PACKAGE NAME    
     ------------------                 ------------------------                     ----------------

           IN:                                      IN:
           ---                                      ---
              STO-SS =         105.0000                STO-SS =           1.0000     STORAGE                          
                 WEL =           0.0000                   WEL =           0.0000     WEL_0                            

            TOTAL IN =         105.0000              TOTAL IN =           1.0000

          OUT:                                     OUT:
          ----                                     ----
              STO-SS =           0.0000                STO-SS =           0.0000     STORAGE                          
                 WEL =         105.0000                   WEL =           1.0000     WEL_0                            

           TOTAL OUT =         105.0000             TOTAL OUT =           1.0000

            IN - OUT =      -2.2260E-08              IN - OUT =      -1.1924E-13

 PERCENT DISCREPANCY =          -0.00     PERCENT DISCREPANCY =          -0.00




         TIME SUMMARY AT END OF TIME STEP    1 IN STRESS PERIOD   15
                          TIME STEP LENGTH =    7.00000    
                        STRESS PERIOD TIME =    7.00000    
                     TOTAL SIMULATION TIME =    105.000    

end timestep


start timestep kper="16" kstp="1" mode="normal"


 OUTPUT CONTROL FOR STRESS PERIOD 16 IS REPEATED USING SETTINGS FROM A PREVIOUS STRESS PERIOD.

 HEAD WILL BE SAVED ON UNIT 1014 AT END OF TIME STEP    1, STRESS PERIOD   16


  VOLUME BUDGET FOR ENTIRE MODEL AT END OF TIME STEP    1, STRESS PERIOD  16
  ---------------------------------------------------------------------------------------------------

     CUMULATIVE VOLUME      L**3       RATES FOR THIS TIME STEP      L**3/T          PACKAGE NAME    
     ------------------                 ------------------------                     ----------------

           IN:                                      IN:
           ---                                      ---
              STO-SS =         112.0000                STO-SS =           1.0000     STORAGE                          
                 WEL =           0.0000                   WEL =           0.0000     WEL_0                            

            TOTAL IN =         112.0000              TOTAL IN =           1.0000

          OUT:                                     OUT:
          ----                                     ----
              STO-SS =           0.0000                STO-SS =           0.0000     STORAGE                          
                 WEL =         112.0000                   WEL =           1.0000     WEL_0                            

           TOTAL OUT =         112.0000             TOTAL OUT =           1.0000

            IN - OUT =      -2.2260E-08              IN - OUT =      -7.6494E-14

 PERCENT DISCREPANCY =          -0.00     PERCENT DISCREPANCY =          -0.00




         TIME SUMMARY AT END OF TIME STEP    1 IN STRESS PERIOD   16
                          TIME STEP LENGTH =    7.00000    
                        STRESS PERIOD TIME =    7.00000    
                     TOTAL SIMULATION TIME =    112.000    

end timestep


start timestep kper="17" kstp="1" mode="normal"


 OUTPUT CONTROL FOR STRESS PERIOD 17 IS REPEATED USING SETTINGS FROM A PREVIOUS STRESS PERIOD.

 HEAD WILL BE SAVED ON UNIT 1014 AT END OF TIME STEP    1, STRESS PERIOD   17


  VOLUME BUDGET FOR ENTIRE MODEL AT END OF TIME STEP    1, STRESS PERIOD  17
  ---------------------------------------------------------------------------------------------------

     CUMULATIVE VOLUME      L**3       RATES FOR THIS TIME STEP      L**3/T          PACKAGE NAME    
     ------------------                 ------------------------                     ----------------

           IN:                                      IN:
           ---                                      ---
              STO-SS =         119.0000                STO-SS =           1.0000     STORAGE                          
                 WEL =           0.0000                   WEL =           0.0000     WEL_0                            

            TOTAL IN =         119.0000              TOTAL IN =           1.0000

          OUT:                                     OUT:
          ----                                     ----
              STO-SS =           0.0000                STO-SS =           0.0000     STORAGE                          
                 WEL =         119.0000                   WEL =           1.0000     WEL_0                            

           TOTAL OUT =         119.0000             TOTAL OUT =           1.0000

            IN - OUT =      -2.2260E-08              IN - OUT =      -5.2847E-14

 PERCENT DISCREPANCY =          -0.00     PERCENT DISCREPANCY =          -0.00




         TIME SUMMARY AT END OF TIME STEP    1 IN STRESS PERIOD   17
                          TIME STEP LENGTH =    7.00000    
                        STRESS PERIOD TIME =    7.00000    
                     TOTAL SIMULATION TIME =    119.000    

end timestep


start timestep kper="18" kstp="1" mode="normal"


 OUTPUT CONTROL FOR STRESS PERIOD 18 IS REPEATED USING SETTINGS FROM A PREVIOUS STRESS PERIOD.

 HEAD WILL BE SAVED ON UNIT 1014 AT END OF TIME STEP    1, STRESS PERIOD   18


  VOLUME BUDGET FOR ENTIRE MODEL AT END OF TIME STEP    1, STRESS PERIOD  18
  ---------------------------------------------------------------------------------------------------

     CUMULATIVE VOLUME      L**3       RATES FOR THIS TIME STEP      L**3/T          PACKAGE NAME    
     ------------------                 ------------------------                     ----------------

           IN:                                      IN:
           ---                                      ---
              STO-SS =         126.0000                STO-SS =           1.0000     STORAGE                          
                 WEL =           0.0000                   WEL =           0.0000     WEL_0                            

            TOTAL IN =         126.0000              TOTAL IN =           1.0000

          OUT:                                     OUT:
          ----                                     ----
              STO-SS =           0.0000                STO-SS =           0.0000     STORAGE                          
                 WEL =         126.0000                   WEL =           1.0000     WEL_0                            

           TOTAL OUT =         126.0000             TOTAL OUT =           1.0000

            IN - OUT =      -2.2261E-08              IN - OUT =      -4.0079E-14

 PERCENT DISCREPANCY =          -0.00     PERCENT DISCREPANCY =          -0.00




         TIME SUMMARY AT END OF TIME STEP    1 IN STRESS PERIOD   18
                          TIME STEP LENGTH =    7.00000    
                        STRESS PERIOD TIME =    7.00000    
                     TOTAL SIMULATION TIME =    126.000    

end timestep


start timestep kper="19" kstp="1" mode="normal"


 OUTPUT CONTROL FOR STRESS PERIOD 19 IS REPEATED USING SETTINGS FROM A PREVIOUS STRESS PERIOD.

 HEAD WILL BE SAVED ON UNIT 1014 AT END OF TIME STEP    1, STRESS PERIOD   19


  VOLUME BUDGET FOR ENTIRE MODEL AT END OF TIME STEP    1, STRESS PERIOD  19
  ---------------------------------------------------------------------------------------------------

     CUMULATIVE VOLUME      L**3       RATES FOR THIS TIME STEP      L**3/T          PACKAGE NAME    
     ------------------                 ------------------------                     ----------------

           IN:                                      IN:
           ---                                      ---
              STO-SS =         133.0000                STO-SS =           1.0000     STORAGE                          
                 WEL =           0.0000                   WEL =           0.0000     WEL_0                            

            TOTAL IN =         133.0000              TOTAL IN =           1.0000

          OUT:                                     OUT:
          ----                                     ----
              STO-SS =           0.0000                STO-SS =           0.0000     STORAGE                          
                 WEL =         133.0000                   WEL =           1.0000     WEL_0                            

           TOTAL OUT =         133.0000             TOTAL OUT =           1.0000

            IN - OUT =      -2.2261E-08              IN - OUT =      -3.7192E-14

 PERCENT DISCREPANCY =          -0.00     PERCENT DISCREPANCY =          -0.00




         TIME SUMMARY AT END OF TIME STEP    1 IN STRESS PERIOD   19
                          TIME STEP LENGTH =    7.00000    
                        STRESS PERIOD TIME =    7.00000    
                     TOTAL SIMULATION TIME =    133.000    

end timestep


start timestep kper="20" kstp="1" mode="normal"


 OUTPUT CONTROL FOR STRESS PERIOD 20 IS REPEATED USING SETTINGS FROM A PREVIOUS STRESS PERIOD.

 HEAD WILL BE SAVED ON UNIT 1014 AT END OF TIME STEP    1, STRESS PERIOD   20


  VOLUME BUDGET FOR ENTIRE MODEL AT END OF TIME STEP    1, STRESS PERIOD  20
  ---------------------------------------------------------------------------------------------------

     CUMULATIVE VOLUME      L**3       RATES FOR THIS TIME STEP      L**3/T          PACKAGE NAME    
     ------------------                 ------------------------                     ----------------

           IN:                                      IN:
           ---                                      ---
              STO-SS =         140.0000                STO-SS =           1.0000     STORAGE                          
                 WEL =           0.0000                   WEL =           0.0000     WEL_0                            

            TOTAL IN =         140.0000              TOTAL IN =           1.0000

          OUT:                                     OUT:
          ----                                     ----
              STO-SS =           0.0000                STO-SS =           0.0000     STORAGE                          
                 WEL =         140.0000                   WEL =           1.0000     WEL_0                            

           TOTAL OUT =         140.0000             TOTAL OUT =           1.0000

            IN - OUT =      -2.2261E-08              IN - OUT =      -3.7303E-14

 PERCENT DISCREPANCY =          -0.00     PERCENT DISCREPANCY =          -0.00




         TIME SUMMARY AT END OF TIME STEP    1 IN STRESS PERIOD   20
                          TIME STEP LENGTH =    7.00000    
                        STRESS PERIOD TIME =    7.00000    
                     TOTAL SIMULATION TIME =    140.000    

end timestep


start timestep kper="21" kstp="1" mode="normal"


 OUTPUT CONTROL FOR STRESS PERIOD 21 IS REPEATED USING SETTINGS FROM A PREVIOUS STRESS PERIOD.

 HEAD WILL BE SAVED ON UNIT 1014 AT END OF TIME STEP    1, STRESS PERIOD   21


  VOLUME BUDGET FOR ENTIRE MODEL AT END OF TIME STEP    1, STRESS PERIOD  21
  ---------------------------------------------------------------------------------------------------

     CUMULATIVE VOLUME      L**3       RATES FOR THIS TIME STEP      L**3/T          PACKAGE NAME    
     ------------------                 ------------------------                     ----------------

           IN:                                      IN:
           ---                                      ---
              STO-SS =         147.0000                STO-SS =           1.0000     STORAGE                          
                 WEL =           0.0000                   WEL =           0.0000     WEL_0                            

            TOTAL IN =         147.0000              TOTAL IN =           1.0000

          OUT:                                     OUT:
          ----                                     ----
              STO-SS =           0.0000                STO-SS =           0.0000     STORAGE                          
                 WEL =         147.0000                   WEL =           1.0000     WEL_0                            

           TOTAL OUT =         147.0000             TOTAL OUT =           1.0000

            IN - OUT =      -2.2262E-08              IN - OUT =      -5.8065E-14

 PERCENT DISCREPANCY =          -0.00     PERCENT DISCREPANCY =          -0.00




         TIME SUMMARY AT END OF TIME STEP    1 IN STRESS PERIOD   21
                          TIME STEP LENGTH =    7.00000    
                        STRESS PERIOD TIME =    7.00000    
                     TOTAL SIMULATION TIME =    147.000    

end timestep


start timestep kper="22" kstp="1" mode="normal"


 OUTPUT CONTROL FOR STRESS PERIOD 22 IS REPEATED USING SETTINGS FROM A PREVIOUS STRESS PERIOD.

 HEAD WILL BE SAVED ON UNIT 1014 AT END OF TIME STEP    1, STRESS PERIOD   22


  VOLUME BUDGET FOR ENTIRE MODEL AT END OF TIME STEP    1, STRESS PERIOD  22
  ---------------------------------------------------------------------------------------------------

     CUMULATIVE VOLUME      L**3       RATES FOR THIS TIME STEP      L**3/T          PACKAGE NAME    
     ------------------                 ------------------------                     ----------------

           IN:                                      IN:
           ---                                      ---
              STO-SS =         154.0000                STO-SS =           1.0000     STORAGE                          
                 WEL =           0.0000                   WEL =           0.0000     WEL_0                            

            TOTAL IN =         154.0000              TOTAL IN =           1.0000

          OUT:                                     OUT:
          ----                                     ----
              STO-SS =           0.0000                STO-SS =           0.0000     STORAGE                          
                 WEL =         154.0000                   WEL =           1.0000     WEL_0                            

           TOTAL OUT =         154.0000             TOTAL OUT =           1.0000

            IN - OUT =      -2.2262E-08              IN - OUT =      -3.9857E-14

 PERCENT DISCREPANCY =          -0.00     PERCENT DISCREPANCY =          -0.00




         TIME SUMMARY AT END OF TIME STEP    1 IN STRESS PERIOD   22
                          TIME STEP LENGTH =    7.00000    
                        STRESS PERIOD TIME =    7.00000    
                     TOTAL SIMULATION TIME =    154.000    

end timestep


start timestep kper="23" kstp="1" mode="normal"


 OUTPUT CONTROL FOR STRESS PERIOD 23 IS REPEATED USING SETTINGS FROM A PREVIOUS STRESS PERIOD.

 HEAD WILL BE SAVED ON UNIT 1014 AT END OF TIME STEP    1, STRESS PERIOD   23


  VOLUME BUDGET FOR ENTIRE MODEL AT END OF TIME STEP    1, STRESS PERIOD  23
  ---------------------------------------------------------------------------------------------------

     CUMULATIVE VOLUME      L**3       RATES FOR THIS TIME STEP      L**3/T          PACKAGE NAME    
     ------------------                 ------------------------                     ----------------

           IN:                                      IN:
           ---                                      ---
              STO-SS =         161.0000                STO-SS =           1.0000     STORAGE                          
                 WEL =           0.0000                   WEL =           0.0000     WEL_0                            

            TOTAL IN =         161.0000              TOTAL IN =           1.0000

          OUT:                                     OUT:
          ----                                     ----
              STO-SS =           0.0000                STO-SS =           0.0000     STORAGE                          
                 WEL =         161.0000                   WEL =           1.0000     WEL_0                            

           TOTAL OUT =         161.0000             TOTAL OUT =           1.0000

            IN - OUT =      -2.2262E-08              IN - OUT =      -3.3640E-14

 PERCENT DISCREPANCY =          -0.00     PERCENT DISCREPANCY =          -0.00




         TIME SUMMARY AT END OF TIME STEP    1 IN STRESS PERIOD   23
                          TIME STEP LENGTH =    7.00000    
                        STRESS PERIOD TIME =    7.00000    
                     TOTAL SIMULATION TIME =    161.000    

end timestep


start timestep kper="24" kstp="1" mode="normal"


 OUTPUT CONTROL FOR STRESS PERIOD 24 IS REPEATED USING SETTINGS FROM A PREVIOUS STRESS PERIOD.

 HEAD WILL BE SAVED ON UNIT 1014 AT END OF TIME STEP    1, STRESS PERIOD   24


  VOLUME BUDGET FOR ENTIRE MODEL AT END OF TIME STEP    1, STRESS PERIOD  24
  ---------------------------------------------------------------------------------------------------

     CUMULATIVE VOLUME      L**3       RATES FOR THIS TIME STEP      L**3/T          PACKAGE NAME    
     ------------------                 ------------------------                     ----------------

           IN:                                      IN:
           ---                                      ---
              STO-SS =         168.0000                STO-SS =           1.0000     STORAGE                          
                 WEL =           0.0000                   WEL =           0.0000     WEL_0                            

            TOTAL IN =         168.0000              TOTAL IN =           1.0000

          OUT:                                     OUT:
          ----                                     ----
              STO-SS =           0.0000                STO-SS =           0.0000     STORAGE                          
                 WEL =         168.0000                   WEL =           1.0000     WEL_0                            

           TOTAL OUT =         168.0000             TOTAL OUT =           1.0000

            IN - OUT =      -2.2262E-08              IN - OUT =      -4.5852E-14

 PERCENT DISCREPANCY =          -0.00     PERCENT DISCREPANCY =          -0.00




         TIME SUMMARY AT END OF TIME STEP    1 IN STRESS PERIOD   24
                          TIME STEP LENGTH =    7.00000    
                        STRESS PERIOD TIME =    7.00000    
                     TOTAL SIMULATION TIME =    168.000    

end timestep


start timestep kper="25" kstp="1" mode="normal"


 OUTPUT CONTROL FOR STRESS PERIOD 25 IS REPEATED USING SETTINGS FROM A PREVIOUS STRESS PERIOD.

 HEAD WILL BE SAVED ON UNIT 1014 AT END OF TIME STEP    1, STRESS PERIOD   25


  VOLUME BUDGET FOR ENTIRE MODEL AT END OF TIME STEP    1, STRESS PERIOD  25
  ---------------------------------------------------------------------------------------------------

     CUMULATIVE VOLUME      L**3       RATES FOR THIS TIME STEP      L**3/T          PACKAGE NAME    
     ------------------                 ------------------------                     ----------------

           IN:                                      IN:
           ---                                      ---
              STO-SS =         175.0000                STO-SS =           1.0000     STORAGE                          
                 WEL =           0.0000                   WEL =           0.0000     WEL_0                            

            TOTAL IN =         175.0000              TOTAL IN =           1.0000

          OUT:                                     OUT:
          ----                                     ----
              STO-SS =           0.0000                STO-SS =           0.0000     STORAGE                          
                 WEL =         175.0000                   WEL =           1.0000     WEL_0                            

           TOTAL OUT =         175.0000             TOTAL OUT =           1.0000

            IN - OUT =      -2.2263E-08              IN - OUT =      -3.5860E-14

 PERCENT DISCREPANCY =          -0.00     PERCENT DISCREPANCY =          -0.00




         TIME SUMMARY AT END OF TIME STEP    1 IN STRESS PERIOD   25
                          TIME STEP LENGTH =    7.00000    
                        STRESS PERIOD TIME =    7.00000    
                     TOTAL SIMULATION TIME =    175.000    

end timestep


start timestep kper="26" kstp="1" mode="normal"


 OUTPUT CONTROL FOR STRESS PERIOD 26 IS REPEATED USING SETTINGS FROM A PREVIOUS STRESS PERIOD.

 HEAD WILL BE SAVED ON UNIT 1014 AT END OF TIME STEP    1, STRESS PERIOD   26


  VOLUME BUDGET FOR ENTIRE MODEL AT END OF TIME STEP    1, STRESS PERIOD  26
  ---------------------------------------------------------------------------------------------------

     CUMULATIVE VOLUME      L**3       RATES FOR THIS TIME STEP      L**3/T          PACKAGE NAME    
     ------------------                 ------------------------                     ----------------

           IN:                                      IN:
           ---                                      ---
              STO-SS =         182.0000                STO-SS =           1.0000     STORAGE                          
                 WEL =           0.0000                   WEL =           0.0000     WEL_0                            

            TOTAL IN =         182.0000              TOTAL IN =           1.0000

          OUT:                                     OUT:
          ----                                     ----
              STO-SS =           0.0000                STO-SS =           0.0000     STORAGE                          
                 WEL =         182.0000                   WEL =           1.0000     WEL_0                            

           TOTAL OUT =         182.0000             TOTAL OUT =           1.0000

            IN - OUT =      -2.2263E-08              IN - OUT =      -5.7843E-14

 PERCENT DISCREPANCY =          -0.00     PERCENT DISCREPANCY =          -0.00




         TIME SUMMARY AT END OF TIME STEP    1 IN STRESS PERIOD   26
                          TIME STEP LENGTH =    7.00000    
                        STRESS PERIOD TIME =    7.00000    
                     TOTAL SIMULATION TIME =    182.000    

end timestep


start timestep kper="27" kstp="1" mode="normal"


 OUTPUT CONTROL FOR STRESS PERIOD 27 IS REPEATED USING SETTINGS FROM A PREVIOUS STRESS PERIOD.

 HEAD WILL BE SAVED ON UNIT 1014 AT END OF TIME STEP    1, STRESS PERIOD   27


  VOLUME BUDGET FOR ENTIRE MODEL AT END OF TIME STEP    1, STRESS PERIOD  27
  ---------------------------------------------------------------------------------------------------

     CUMULATIVE VOLUME      L**3       RATES FOR THIS TIME STEP      L**3/T          PACKAGE NAME    
     ------------------                 ------------------------                     ----------------

           IN:                                      IN:
           ---                                      ---
              STO-SS =         189.0000                STO-SS =           1.0000     STORAGE                          
                 WEL =           0.0000                   WEL =           0.0000     WEL_0                            

            TOTAL IN =         189.0000              TOTAL IN =           1.0000

          OUT:                                     OUT:
          ----                                     ----
              STO-SS =           0.0000                STO-SS =           0.0000     STORAGE                          
                 WEL =         189.0000                   WEL =           1.0000     WEL_0                            

           TOTAL OUT =         189.0000             TOTAL OUT =           1.0000

            IN - OUT =      -2.2263E-08              IN - OUT =      -4.6074E-14

 PERCENT DISCREPANCY =          -0.00     PERCENT DISCREPANCY =          -0.00




         TIME SUMMARY AT END OF TIME STEP    1 IN STRESS PERIOD   27
                          TIME STEP LENGTH =    7.00000    
                        STRESS PERIOD TIME =    7.00000    
                     TOTAL SIMULATION TIME =    189.000    

end timestep


start timestep kper="28" kstp="1" mode="normal"


 OUTPUT CONTROL FOR STRESS PERIOD 28 IS REPEATED USING SETTINGS FROM A PREVIOUS STRESS PERIOD.

 HEAD WILL BE SAVED ON UNIT 1014 AT END OF TIME STEP    1, STRESS PERIOD   28


  VOLUME BUDGET FOR ENTIRE MODEL AT END OF TIME STEP    1, STRESS PERIOD  28
  ---------------------------------------------------------------------------------------------------

     CUMULATIVE VOLUME      L**3       RATES FOR THIS TIME STEP      L**3/T          PACKAGE NAME    
     ------------------                 ------------------------                     ----------------

           IN:                                      IN:
           ---                                      ---
              STO-SS =         196.0000                STO-SS =           1.0000     STORAGE                          
                 WEL =           0.0000                   WEL =           0.0000     WEL_0                            

            TOTAL IN =         196.0000              TOTAL IN =           1.0000

          OUT:                                     OUT:
          ----                                     ----
              STO-SS =           0.0000                STO-SS =           0.0000     STORAGE                          
                 WEL =         196.0000                   WEL =           1.0000     WEL_0                            

           TOTAL OUT =         196.0000             TOTAL OUT =           1.0000

            IN - OUT =      -2.2264E-08              IN - OUT =      -5.2069E-14

 PERCENT DISCREPANCY =          -0.00     PERCENT DISCREPANCY =          -0.00




         TIME SUMMARY AT END OF TIME STEP    1 IN STRESS PERIOD   28
                          TIME STEP LENGTH =    7.00000    
                        STRESS PERIOD TIME =    7.00000    
                     TOTAL SIMULATION TIME =    196.000    

end timestep


start timestep kper="29" kstp="1" mode="normal"


 OUTPUT CONTROL FOR STRESS PERIOD 29 IS REPEATED USING SETTINGS FROM A PREVIOUS STRESS PERIOD.

 HEAD WILL BE SAVED ON UNIT 1014 AT END OF TIME STEP    1, STRESS PERIOD   29


  VOLUME BUDGET FOR ENTIRE MODEL AT END OF TIME STEP    1, STRESS PERIOD  29
  ---------------------------------------------------------------------------------------------------

     CUMULATIVE VOLUME      L**3       RATES FOR THIS TIME STEP      L**3/T          PACKAGE NAME    
     ------------------                 ------------------------                     ----------------

           IN:                                      IN:
           ---                                      ---
              STO-SS =         203.0000                STO-SS =           1.0000     STORAGE                          
                 WEL =           0.0000                   WEL =           0.0000     WEL_0                            

            TOTAL IN =         203.0000              TOTAL IN =           1.0000

          OUT:                                     OUT:
          ----                                     ----
              STO-SS =           0.0000                STO-SS =           0.0000     STORAGE                          
                 WEL =         203.0000                   WEL =           1.0000     WEL_0                            

           TOTAL OUT =         203.0000             TOTAL OUT =           1.0000

            IN - OUT =      -2.2264E-08              IN - OUT =      -5.6177E-14

 PERCENT DISCREPANCY =          -0.00     PERCENT DISCREPANCY =          -0.00




         TIME SUMMARY AT END OF TIME STEP    1 IN STRESS PERIOD   29
                          TIME STEP LENGTH =    7.00000    
                        STRESS PERIOD TIME =    7.00000    
                     TOTAL SIMULATION TIME =    203.000    

end timestep


start timestep kper="30" kstp="1" mode="normal"


 OUTPUT CONTROL FOR STRESS PERIOD 30 IS REPEATED USING SETTINGS FROM A PREVIOUS STRESS PERIOD.

 HEAD WILL BE SAVED ON UNIT 1014 AT END OF TIME STEP    1, STRESS PERIOD   30


  VOLUME BUDGET FOR ENTIRE MODEL AT END OF TIME STEP    1, STRESS PERIOD  30
  ---------------------------------------------------------------------------------------------------

     CUMULATIVE VOLUME      L**3       RATES FOR THIS TIME STEP      L**3/T          PACKAGE NAME    
     ------------------                 ------------------------                     ----------------

           IN:                                      IN:
           ---                                      ---
              STO-SS =         210.0000                STO-SS =           1.0000     STORAGE                          
                 WEL =           0.0000                   WEL =           0.0000     WEL_0                            

            TOTAL IN =         210.0000              TOTAL IN =           1.0000

          OUT:                                     OUT:
          ----                                     ----
              STO-SS =           0.0000                STO-SS =           0.0000     STORAGE                          
                 WEL =         210.0000                   WEL =           1.0000     WEL_0                            

           TOTAL OUT =         210.0000             TOTAL OUT =           1.0000

            IN - OUT =      -2.2265E-08              IN - OUT =      -4.9849E-14

 PERCENT DISCREPANCY =          -0.00     PERCENT DISCREPANCY =          -0.00




         TIME SUMMARY AT END OF TIME STEP    1 IN STRESS PERIOD   30
                          TIME STEP LENGTH =    7.00000    
                        STRESS PERIOD TIME =    7.00000    
                     TOTAL SIMULATION TIME =    210.000    

end timestep


start timestep kper="31" kstp="1" mode="normal"


 OUTPUT CONTROL FOR STRESS PERIOD 31 IS REPEATED USING SETTINGS FROM A PREVIOUS STRESS PERIOD.

 HEAD WILL BE SAVED ON UNIT 1014 AT END OF TIME STEP    1, STRESS PERIOD   31


  VOLUME BUDGET FOR ENTIRE MODEL AT END OF TIME STEP    1, STRESS PERIOD  31
  ---------------------------------------------------------------------------------------------------

     CUMULATIVE VOLUME      L**3       RATES FOR THIS TIME STEP      L**3/T          PACKAGE NAME    
     ------------------                 ------------------------                     ----------------

           IN:                                      IN:
           ---                                      ---
              STO-SS =         217.0000                STO-SS =           1.0000     STORAGE                          
                 WEL =           0.0000                   WEL =           0.0000     WEL_0                            

            TOTAL IN =         217.0000              TOTAL IN =           1.0000

          OUT:                                     OUT:
          ----                                     ----
              STO-SS =           0.0000                STO-SS =           0.0000     STORAGE                          
                 WEL =         217.0000                   WEL =           1.0000     WEL_0                            

           TOTAL OUT =         217.0000             TOTAL OUT =           1.0000

            IN - OUT =      -2.2265E-08              IN - OUT =      -6.7724E-14

 PERCENT DISCREPANCY =          -0.00     PERCENT DISCREPANCY =          -0.00




         TIME SUMMARY AT END OF TIME STEP    1 IN STRESS PERIOD   31
                          TIME STEP LENGTH =    7.00000    
                        STRESS PERIOD TIME =    7.00000    
                     TOTAL SIMULATION TIME =    217.000    

end timestep


start timestep kper="32" kstp="1" mode="normal"


 OUTPUT CONTROL FOR STRESS PERIOD 32 IS REPEATED USING SETTINGS FROM A PREVIOUS STRESS PERIOD.

 HEAD WILL BE SAVED ON UNIT 1014 AT END OF TIME STEP    1, STRESS PERIOD   32


  VOLUME BUDGET FOR ENTIRE MODEL AT END OF TIME STEP    1, STRESS PERIOD  32
  ---------------------------------------------------------------------------------------------------

     CUMULATIVE VOLUME      L**3       RATES FOR THIS TIME STEP      L**3/T          PACKAGE NAME    
     ------------------                 ------------------------                     ----------------

           IN:                                      IN:
           ---                                      ---
              STO-SS =         224.0000                STO-SS =           1.0000     STORAGE                          
                 WEL =           0.0000                   WEL =           0.0000     WEL_0                            

            TOTAL IN =         224.0000              TOTAL IN =           1.0000

          OUT:                                     OUT:
          ----                                     ----
              STO-SS =           0.0000                STO-SS =           0.0000     STORAGE                          
                 WEL =         224.0000                   WEL =           1.0000     WEL_0                            

           TOTAL OUT =         224.0000             TOTAL OUT =           1.0000

            IN - OUT =      -2.2265E-08              IN - OUT =      -6.3727E-14

 PERCENT DISCREPANCY =          -0.00     PERCENT DISCREPANCY =          -0.00




         TIME SUMMARY AT END OF TIME STEP    1 IN STRESS PERIOD   32
                          TIME STEP LENGTH =    7.00000    
                        STRESS PERIOD TIME =    7.00000    
                     TOTAL SIMULATION TIME =    224.000    

end timestep


start timestep kper="33" kstp="1" mode="normal"


 OUTPUT CONTROL FOR STRESS PERIOD 33 IS REPEATED USING SETTINGS FROM A PREVIOUS STRESS PERIOD.

 HEAD WILL BE SAVED ON UNIT 1014 AT END OF TIME STEP    1, STRESS PERIOD   33


  VOLUME BUDGET FOR ENTIRE MODEL AT END OF TIME STEP    1, STRESS PERIOD  33
  ---------------------------------------------------------------------------------------------------

     CUMULATIVE VOLUME      L**3       RATES FOR THIS TIME STEP      L**3/T          PACKAGE NAME    
     ------------------                 ------------------------                     ----------------

           IN:                                      IN:
           ---                                      ---
              STO-SS =         231.0000                STO-SS =           1.0000     STORAGE                          
                 WEL =           0.0000                   WEL =           0.0000     WEL_0                            

            TOTAL IN =         231.0000              TOTAL IN =           1.0000

          OUT:                                     OUT:
          ----                                     ----
              STO-SS =           0.0000                STO-SS =           0.0000     STORAGE                          
                 WEL =         231.0000                   WEL =           1.0000     WEL_0                            

           TOTAL OUT =         231.0000             TOTAL OUT =           1.0000

            IN - OUT =      -2.2266E-08              IN - OUT =      -3.8414E-14

 PERCENT DISCREPANCY =          -0.00     PERCENT DISCREPANCY =          -0.00




         TIME SUMMARY AT END OF TIME STEP    1 IN STRESS PERIOD   33
                          TIME STEP LENGTH =    7.00000    
                        STRESS PERIOD TIME =    7.00000    
                     TOTAL SIMULATION TIME =    231.000    

end timestep


start timestep kper="34" kstp="1" mode="normal"


 OUTPUT CONTROL FOR STRESS PERIOD 34 IS REPEATED USING SETTINGS FROM A PREVIOUS STRESS PERIOD.

 HEAD WILL BE SAVED ON UNIT 1014 AT END OF TIME STEP    1, STRESS PERIOD   34


  VOLUME BUDGET FOR ENTIRE MODEL AT END OF TIME STEP    1, STRESS PERIOD  34
  ---------------------------------------------------------------------------------------------------

     CUMULATIVE VOLUME      L**3       RATES FOR THIS TIME STEP      L**3/T          PACKAGE NAME    
     ------------------                 ------------------------                     ----------------

           IN:                                      IN:
           ---                                      ---
              STO-SS =         238.0000                STO-SS =           1.0000     STORAGE                          
                 WEL =           0.0000                   WEL =           0.0000     WEL_0                            

            TOTAL IN =         238.0000              TOTAL IN =           1.0000

          OUT:                                     OUT:
          ----                                     ----
              STO-SS =           0.0000                STO-SS =           0.0000     STORAGE                          
                 WEL =         238.0000                   WEL =           1.0000     WEL_0                            

           TOTAL OUT =         238.0000             TOTAL OUT =           1.0000

            IN - OUT =      -2.2266E-08              IN - OUT =      -6.6058E-14

 PERCENT DISCREPANCY =          -0.00     PERCENT DISCREPANCY =          -0.00




         TIME SUMMARY AT END OF TIME STEP    1 IN STRESS PERIOD   34
                          TIME STEP LENGTH =    7.00000    
                        STRESS PERIOD TIME =    7.00000    
                     TOTAL SIMULATION TIME =    238.000    

end timestep


start timestep kper="35" kstp="1" mode="normal"


 OUTPUT CONTROL FOR STRESS PERIOD 35 IS REPEATED USING SETTINGS FROM A PREVIOUS STRESS PERIOD.

 HEAD WILL BE SAVED ON UNIT 1014 AT END OF TIME STEP    1, STRESS PERIOD   35


  VOLUME BUDGET FOR ENTIRE MODEL AT END OF TIME STEP    1, STRESS PERIOD  35
  ---------------------------------------------------------------------------------------------------

     CUMULATIVE VOLUME      L**3       RATES FOR THIS TIME STEP      L**3/T          PACKAGE NAME    
     ------------------                 ------------------------                     ----------------

           IN:                                      IN:
           ---                                      ---
              STO-SS =         245.0000                STO-SS =           1.0000     STORAGE                          
                 WEL =           0.0000                   WEL =           0.0000     WEL_0                            

            TOTAL IN =         245.0000              TOTAL IN =           1.0000

          OUT:                                     OUT:
          ----                                     ----
              STO-SS =           0.0000                STO-SS =           0.0000     STORAGE                          
                 WEL =         245.0000                   WEL =           1.0000     WEL_0                            

           TOTAL OUT =         245.0000             TOTAL OUT =           1.0000

            IN - OUT =      -2.2267E-08              IN - OUT =      -7.1054E-14

 PERCENT DISCREPANCY =          -0.00     PERCENT DISCREPANCY =          -0.00




         TIME SUMMARY AT END OF TIME STEP    1 IN STRESS PERIOD   35
                          TIME STEP LENGTH =    7.00000    
                        STRESS PERIOD TIME =    7.00000    
                     TOTAL SIMULATION TIME =    245.000    

end timestep


start timestep kper="36" kstp="1" mode="normal"


 OUTPUT CONTROL FOR STRESS PERIOD 36 IS REPEATED USING SETTINGS FROM A PREVIOUS STRESS PERIOD.

 HEAD WILL BE SAVED ON UNIT 1014 AT END OF TIME STEP    1, STRESS PERIOD   36


  VOLUME BUDGET FOR ENTIRE MODEL AT END OF TIME STEP    1, STRESS PERIOD  36
  ---------------------------------------------------------------------------------------------------

     CUMULATIVE VOLUME      L**3       RATES FOR THIS TIME STEP      L**3/T          PACKAGE NAME    
     ------------------                 ------------------------                     ----------------

           IN:                                      IN:
           ---                                      ---
              STO-SS =         252.0000                STO-SS =           1.0000     STORAGE                          
                 WEL =           0.0000                   WEL =           0.0000     WEL_0                            

            TOTAL IN =         252.0000              TOTAL IN =           1.0000

          OUT:                                     OUT:
          ----                                     ----
              STO-SS =           0.0000                STO-SS =           0.0000     STORAGE                          
                 WEL =         252.0000                   WEL =           1.0000     WEL_0                            

           TOTAL OUT =         252.0000             TOTAL OUT =           1.0000

            IN - OUT =      -2.2267E-08              IN - OUT =      -5.2403E-14

 PERCENT DISCREPANCY =          -0.00     PERCENT DISCREPANCY =          -0.00




         TIME SUMMARY AT END OF TIME STEP    1 IN STRESS PERIOD   36
                          TIME STEP LENGTH =    7.00000    
                        STRESS PERIOD TIME =    7.00000    
                     TOTAL SIMULATION TIME =    252.000    

end timestep


start timestep kper="37" kstp="1" mode="normal"


 OUTPUT CONTROL FOR STRESS PERIOD 37 IS REPEATED USING SETTINGS FROM A PREVIOUS STRESS PERIOD.

 HEAD WILL BE SAVED ON UNIT 1014 AT END OF TIME STEP    1, STRESS PERIOD   37


  VOLUME BUDGET FOR ENTIRE MODEL AT END OF TIME STEP    1, STRESS PERIOD  37
  ---------------------------------------------------------------------------------------------------

     CUMULATIVE VOLUME      L**3       RATES FOR THIS TIME STEP      L**3/T          PACKAGE NAME    
     ------------------                 ------------------------                     ----------------

           IN:                                      IN:
           ---                                      ---
              STO-SS =         259.0000                STO-SS =           1.0000     STORAGE                          
                 WEL =           0.0000                   WEL =           0.0000     WEL_0                            

            TOTAL IN =         259.0000              TOTAL IN =           1.0000

          OUT:                                     OUT:
          ----                                     ----
              STO-SS =           0.0000                STO-SS =           0.0000     STORAGE                          
                 WEL =         259.0000                   WEL =           1.0000     WEL_0                            

           TOTAL OUT =         259.0000             TOTAL OUT =           1.0000

            IN - OUT =      -2.2268E-08              IN - OUT =      -6.9833E-14

 PERCENT DISCREPANCY =          -0.00     PERCENT DISCREPANCY =          -0.00




         TIME SUMMARY AT END OF TIME STEP    1 IN STRESS PERIOD   37
                          TIME STEP LENGTH =    7.00000    
                        STRESS PERIOD TIME =    7.00000    
                     TOTAL SIMULATION TIME =    259.000    

end timestep


start timestep kper="38" kstp="1" mode="normal"


 OUTPUT CONTROL FOR STRESS PERIOD 38 IS REPEATED USING SETTINGS FROM A PREVIOUS STRESS PERIOD.

 HEAD WILL BE SAVED ON UNIT 1014 AT END OF TIME STEP    1, STRESS PERIOD   38


  VOLUME BUDGET FOR ENTIRE MODEL AT END OF TIME STEP    1, STRESS PERIOD  38
  ---------------------------------------------------------------------------------------------------

     CUMULATIVE VOLUME      L**3       RATES FOR THIS TIME STEP      L**3/T          PACKAGE NAME    
     ------------------                 ------------------------                     ----------------

           IN:                                      IN:
           ---                                      ---
              STO-SS =         266.0000                STO-SS =           1.0000     STORAGE                          
                 WEL =           0.0000                   WEL =           0.0000     WEL_0                            

            TOTAL IN =         266.0000              TOTAL IN =           1.0000

          OUT:                                     OUT:
          ----                                     ----
              STO-SS =           0.0000                STO-SS =           0.0000     STORAGE                          
                 WEL =         266.0000                   WEL =           1.0000     WEL_0                            

           TOTAL OUT =         266.0000             TOTAL OUT =           1.0000

            IN - OUT =      -2.2268E-08              IN - OUT =      -5.4845E-14

 PERCENT DISCREPANCY =          -0.00     PERCENT DISCREPANCY =          -0.00




         TIME SUMMARY AT END OF TIME STEP    1 IN STRESS PERIOD   38
                          TIME STEP LENGTH =    7.00000    
                        STRESS PERIOD TIME =    7.00000    
                     TOTAL SIMULATION TIME =    266.000    

end timestep


start timestep kper="39" kstp="1" mode="normal"


 OUTPUT CONTROL FOR STRESS PERIOD 39 IS REPEATED USING SETTINGS FROM A PREVIOUS STRESS PERIOD.

 HEAD WILL BE SAVED ON UNIT 1014 AT END OF TIME STEP    1, STRESS PERIOD   39


  VOLUME BUDGET FOR ENTIRE MODEL AT END OF TIME STEP    1, STRESS PERIOD  39
  ---------------------------------------------------------------------------------------------------

     CUMULATIVE VOLUME      L**3       RATES FOR THIS TIME STEP      L**3/T          PACKAGE NAME    
     ------------------                 ------------------------                     ----------------

           IN:                                      IN:
           ---                                      ---
              STO-SS =         273.0000                STO-SS =           1.0000     STORAGE                          
                 WEL =           0.0000                   WEL =           0.0000     WEL_0                            

            TOTAL IN =         273.0000              TOTAL IN =           1.0000

          OUT:                                     OUT:
          ----                                     ----
              STO-SS =           0.0000                STO-SS =           0.0000     STORAGE                          
                 WEL =         273.0000                   WEL =           1.0000     WEL_0                            

           TOTAL OUT =         273.0000             TOTAL OUT =           1.0000

            IN - OUT =      -2.2268E-08              IN - OUT =      -7.3386E-14

 PERCENT DISCREPANCY =          -0.00     PERCENT DISCREPANCY =          -0.00




         TIME SUMMARY AT END OF TIME STEP    1 IN STRESS PERIOD   39
                          TIME STEP LENGTH =    7.00000    
                        STRESS PERIOD TIME =    7.00000    
                     TOTAL SIMULATION TIME =    273.000    

end timestep


start timestep kper="40" kstp="1" mode="normal"


 OUTPUT CONTROL FOR STRESS PERIOD 40 IS REPEATED USING SETTINGS FROM A PREVIOUS STRESS PERIOD.

 HEAD WILL BE SAVED ON UNIT 1014 AT END OF TIME STEP    1, STRESS PERIOD   40


  VOLUME BUDGET FOR ENTIRE MODEL AT END OF TIME STEP    1, STRESS PERIOD  40
  ---------------------------------------------------------------------------------------------------

     CUMULATIVE VOLUME      L**3       RATES FOR THIS TIME STEP      L**3/T          PACKAGE NAME    
     ------------------                 ------------------------                     ----------------

           IN:                                      IN:
           ---                                      ---
              STO-SS =         280.0000                STO-SS =           1.0000     STORAGE                          
                 WEL =           0.0000                   WEL =           0.0000     WEL_0                            

            TOTAL IN =         280.0000              TOTAL IN =           1.0000

          OUT:                                     OUT:
          ----                                     ----
              STO-SS =           0.0000                STO-SS =           0.0000     STORAGE                          
                 WEL =         280.0000                   WEL =           1.0000     WEL_0                            

           TOTAL OUT =         280.0000             TOTAL OUT =           1.0000

            IN - OUT =      -2.2269E-08              IN - OUT =      -7.0388E-14

 PERCENT DISCREPANCY =          -0.00     PERCENT DISCREPANCY =          -0.00




         TIME SUMMARY AT END OF TIME STEP    1 IN STRESS PERIOD   40
                          TIME STEP LENGTH =    7.00000    
                        STRESS PERIOD TIME =    7.00000    
                     TOTAL SIMULATION TIME =    280.000    

end timestep


start timestep kper="41" kstp="1" mode="normal"


 OUTPUT CONTROL FOR STRESS PERIOD 41 IS REPEATED USING SETTINGS FROM A PREVIOUS STRESS PERIOD.

 HEAD WILL BE SAVED ON UNIT 1014 AT END OF TIME STEP    1, STRESS PERIOD   41


  VOLUME BUDGET FOR ENTIRE MODEL AT END OF TIME STEP    1, STRESS PERIOD  41
  ---------------------------------------------------------------------------------------------------

     CUMULATIVE VOLUME      L**3       RATES FOR THIS TIME STEP      L**3/T          PACKAGE NAME    
     ------------------                 ------------------------                     ----------------

           IN:                                      IN:
           ---                                      ---
              STO-SS =         287.0000                STO-SS =           1.0000     STORAGE                          
                 WEL =           0.0000                   WEL =           0.0000     WEL_0                            

            TOTAL IN =         287.0000              TOTAL IN =           1.0000

          OUT:                                     OUT:
          ----                                     ----
              STO-SS =           0.0000                STO-SS =           0.0000     STORAGE                          
                 WEL =         287.0000                   WEL =           1.0000     WEL_0                            

           TOTAL OUT =         287.0000             TOTAL OUT =           1.0000

            IN - OUT =      -2.2269E-08              IN - OUT =      -6.9389E-14

 PERCENT DISCREPANCY =          -0.00     PERCENT DISCREPANCY =          -0.00




         TIME SUMMARY AT END OF TIME STEP    1 IN STRESS PERIOD   41
                          TIME STEP LENGTH =    7.00000    
                        STRESS PERIOD TIME =    7.00000    
                     TOTAL SIMULATION TIME =    287.000    

end timestep


start timestep kper="42" kstp="1" mode="normal"


 OUTPUT CONTROL FOR STRESS PERIOD 42 IS REPEATED USING SETTINGS FROM A PREVIOUS STRESS PERIOD.

 HEAD WILL BE SAVED ON UNIT 1014 AT END OF TIME STEP    1, STRESS PERIOD   42


  VOLUME BUDGET FOR ENTIRE MODEL AT END OF TIME STEP    1, STRESS PERIOD  42
  ---------------------------------------------------------------------------------------------------

     CUMULATIVE VOLUME      L**3       RATES FOR THIS TIME STEP      L**3/T          PACKAGE NAME    
     ------------------                 ------------------------                     ----------------

           IN:                                      IN:
           ---                                      ---
              STO-SS =         294.0000                STO-SS =           1.0000     STORAGE                          
                 WEL =           0.0000                   WEL =           0.0000     WEL_0                            

            TOTAL IN =         294.0000              TOTAL IN =           1.0000

          OUT:                                     OUT:
          ----                                     ----
              STO-SS =           0.0000                STO-SS =           0.0000     STORAGE                          
                 WEL =         294.0000                   WEL =           1.0000     WEL_0                            

           TOTAL OUT =         294.0000             TOTAL OUT =           1.0000

            IN - OUT =      -2.2270E-08              IN - OUT =      -9.5146E-14

 PERCENT DISCREPANCY =          -0.00     PERCENT DISCREPANCY =          -0.00




         TIME SUMMARY AT END OF TIME STEP    1 IN STRESS PERIOD   42
                          TIME STEP LENGTH =    7.00000    
                        STRESS PERIOD TIME =    7.00000    
                     TOTAL SIMULATION TIME =    294.000    

end timestep


start timestep kper="43" kstp="1" mode="normal"


 OUTPUT CONTROL FOR STRESS PERIOD 43 IS REPEATED USING SETTINGS FROM A PREVIOUS STRESS PERIOD.

 HEAD WILL BE SAVED ON UNIT 1014 AT END OF TIME STEP    1, STRESS PERIOD   43


  VOLUME BUDGET FOR ENTIRE MODEL AT END OF TIME STEP    1, STRESS PERIOD  43
  ---------------------------------------------------------------------------------------------------

     CUMULATIVE VOLUME      L**3       RATES FOR THIS TIME STEP      L**3/T          PACKAGE NAME    
     ------------------                 ------------------------                     ----------------

           IN:                                      IN:
           ---                                      ---
              STO-SS =         301.0000                STO-SS =           1.0000     STORAGE                          
                 WEL =           0.0000                   WEL =           0.0000     WEL_0                            

            TOTAL IN =         301.0000              TOTAL IN =           1.0000

          OUT:                                     OUT:
          ----                                     ----
              STO-SS =           0.0000                STO-SS =           0.0000     STORAGE                          
                 WEL =         301.0000                   WEL =           1.0000     WEL_0                            

           TOTAL OUT =         301.0000             TOTAL OUT =           1.0000

            IN - OUT =      -2.2271E-08              IN - OUT =      -7.1498E-14

 PERCENT DISCREPANCY =          -0.00     PERCENT DISCREPANCY =          -0.00




         TIME SUMMARY AT END OF TIME STEP    1 IN STRESS PERIOD   43
                          TIME STEP LENGTH =    7.00000    
                        STRESS PERIOD TIME =    7.00000    
                     TOTAL SIMULATION TIME =    301.000    

end timestep


start timestep kper="44" kstp="1" mode="normal"


 OUTPUT CONTROL FOR STRESS PERIOD 44 IS REPEATED USING SETTINGS FROM A PREVIOUS STRESS PERIOD.

 HEAD WILL BE SAVED ON UNIT 1014 AT END OF TIME STEP    1, STRESS PERIOD   44


  VOLUME BUDGET FOR ENTIRE MODEL AT END OF TIME STEP    1, STRESS PERIOD  44
  ---------------------------------------------------------------------------------------------------

     CUMULATIVE VOLUME      L**3       RATES FOR THIS TIME STEP      L**3/T          PACKAGE NAME    
     ------------------                 ------------------------                     ----------------

           IN:                                      IN:
           ---                                      ---
              STO-SS =         308.0000                STO-SS =           1.0000     STORAGE                          
                 WEL =           0.0000                   WEL =           0.0000     WEL_0                            

            TOTAL IN =         308.0000              TOTAL IN =           1.0000

          OUT:                                     OUT:
          ----                                     ----
              STO-SS =           0.0000                STO-SS =           0.0000     STORAGE                          
                 WEL =         308.0000                   WEL =           1.0000     WEL_0                            

           TOTAL OUT =         308.0000             TOTAL OUT =           1.0000

            IN - OUT =      -2.2271E-08              IN - OUT =      -7.2276E-14

 PERCENT DISCREPANCY =          -0.00     PERCENT DISCREPANCY =          -0.00




         TIME SUMMARY AT END OF TIME STEP    1 IN STRESS PERIOD   44
                          TIME STEP LENGTH =    7.00000    
                        STRESS PERIOD TIME =    7.00000    
                     TOTAL SIMULATION TIME =    308.000    

end timestep


start timestep kper="45" kstp="1" mode="normal"


 OUTPUT CONTROL FOR STRESS PERIOD 45 IS REPEATED USING SETTINGS FROM A PREVIOUS STRESS PERIOD.

 HEAD WILL BE SAVED ON UNIT 1014 AT END OF TIME STEP    1, STRESS PERIOD   45


  VOLUME BUDGET FOR ENTIRE MODEL AT END OF TIME STEP    1, STRESS PERIOD  45
  ---------------------------------------------------------------------------------------------------

     CUMULATIVE VOLUME      L**3       RATES FOR THIS TIME STEP      L**3/T          PACKAGE NAME    
     ------------------                 ------------------------                     ----------------

           IN:                                      IN:
           ---                                      ---
              STO-SS =         315.0000                STO-SS =           1.0000     STORAGE                          
                 WEL =           0.0000                   WEL =           0.0000     WEL_0                            

            TOTAL IN =         315.0000              TOTAL IN =           1.0000

          OUT:                                     OUT:
          ----                                     ----
              STO-SS =           0.0000                STO-SS =           0.0000     STORAGE                          
                 WEL =         315.0000                   WEL =           1.0000     WEL_0                            

           TOTAL OUT =         315.0000             TOTAL OUT =           1.0000

            IN - OUT =      -2.2272E-08              IN - OUT =      -1.0636E-13

 PERCENT DISCREPANCY =          -0.00     PERCENT DISCREPANCY =          -0.00




         TIME SUMMARY AT END OF TIME STEP    1 IN STRESS PERIOD   45
                          TIME STEP LENGTH =    7.00000    
                        STRESS PERIOD TIME =    7.00000    
                     TOTAL SIMULATION TIME =    315.000    

end timestep


start timestep kper="46" kstp="1" mode="normal"


 OUTPUT CONTROL FOR STRESS PERIOD 46 IS REPEATED USING SETTINGS FROM A PREVIOUS STRESS PERIOD.

 HEAD WILL BE SAVED ON UNIT 1014 AT END OF TIME STEP    1, STRESS PERIOD   46


  VOLUME BUDGET FOR ENTIRE MODEL AT END OF TIME STEP    1, STRESS PERIOD  46
  ---------------------------------------------------------------------------------------------------

     CUMULATIVE VOLUME      L**3       RATES FOR THIS TIME STEP      L**3/T          PACKAGE NAME    
     ------------------                 ------------------------                     ----------------

           IN:                                      IN:
           ---                                      ---
              STO-SS =         322.0000                STO-SS =           1.0000     STORAGE                          
                 WEL =           0.0000                   WEL =           0.0000     WEL_0                            

            TOTAL IN =         322.0000              TOTAL IN =           1.0000

          OUT:                                     OUT:
          ----                                     ----
              STO-SS =           0.0000                STO-SS =           0.0000     STORAGE                          
                 WEL =         322.0000                   WEL =           1.0000     WEL_0                            

           TOTAL OUT =         322.0000             TOTAL OUT =           1.0000

            IN - OUT =      -2.2273E-08              IN - OUT =      -9.2037E-14

 PERCENT DISCREPANCY =          -0.00     PERCENT DISCREPANCY =          -0.00




         TIME SUMMARY AT END OF TIME STEP    1 IN STRESS PERIOD   46
                          TIME STEP LENGTH =    7.00000    
                        STRESS PERIOD TIME =    7.00000    
                     TOTAL SIMULATION TIME =    322.000    

end timestep


start timestep kper="47" kstp="1" mode="normal"


 OUTPUT CONTROL FOR STRESS PERIOD 47 IS REPEATED USING SETTINGS FROM A PREVIOUS STRESS PERIOD.

 HEAD WILL BE SAVED ON UNIT 1014 AT END OF TIME STEP    1, STRESS PERIOD   47


  VOLUME BUDGET FOR ENTIRE MODEL AT END OF TIME STEP    1, STRESS PERIOD  47
  ---------------------------------------------------------------------------------------------------

     CUMULATIVE VOLUME      L**3       RATES FOR THIS TIME STEP      L**3/T          PACKAGE NAME    
     ------------------                 ------------------------                     ----------------

           IN:                                      IN:
           ---                                      ---
              STO-SS =         329.0000                STO-SS =           1.0000     STORAGE                          
                 WEL =           0.0000                   WEL =           0.0000     WEL_0                            

            TOTAL IN =         329.0000              TOTAL IN =           1.0000

          OUT:                                     OUT:
          ----                                     ----
              STO-SS =           0.0000                STO-SS =           0.0000     STORAGE                          
                 WEL =         329.0000                   WEL =           1.0000     WEL_0                            

           TOTAL OUT =         329.0000             TOTAL OUT =           1.0000

            IN - OUT =      -2.2273E-08              IN - OUT =      -1.1435E-13

 PERCENT DISCREPANCY =          -0.00     PERCENT DISCREPANCY =          -0.00




         TIME SUMMARY AT END OF TIME STEP    1 IN STRESS PERIOD   47
                          TIME STEP LENGTH =    7.00000    
                        STRESS PERIOD TIME =    7.00000    
                     TOTAL SIMULATION TIME =    329.000    

end timestep


start timestep kper="48" kstp="1" mode="normal"


 OUTPUT CONTROL FOR STRESS PERIOD 48 IS REPEATED USING SETTINGS FROM A PREVIOUS STRESS PERIOD.

 HEAD WILL BE SAVED ON UNIT 1014 AT END OF TIME STEP    1, STRESS PERIOD   48


  VOLUME BUDGET FOR ENTIRE MODEL AT END OF TIME STEP    1, STRESS PERIOD  48
  ---------------------------------------------------------------------------------------------------

     CUMULATIVE VOLUME      L**3       RATES FOR THIS TIME STEP      L**3/T          PACKAGE NAME    
     ------------------                 ------------------------                     ----------------

           IN:                                      IN:
           ---                                      ---
              STO-SS =         336.0000                STO-SS =           1.0000     STORAGE                          
                 WEL =           0.0000                   WEL =           0.0000     WEL_0                            

            TOTAL IN =         336.0000              TOTAL IN =           1.0000

          OUT:                                     OUT:
          ----                                     ----
              STO-SS =           0.0000                STO-SS =           0.0000     STORAGE                          
                 WEL =         336.0000                   WEL =           1.0000     WEL_0                            

           TOTAL OUT =         336.0000             TOTAL OUT =           1.0000

            IN - OUT =      -2.2274E-08              IN - OUT =      -9.9587E-14

 PERCENT DISCREPANCY =          -0.00     PERCENT DISCREPANCY =          -0.00




         TIME SUMMARY AT END OF TIME STEP    1 IN STRESS PERIOD   48
                          TIME STEP LENGTH =    7.00000    
                        STRESS PERIOD TIME =    7.00000    
                     TOTAL SIMULATION TIME =    336.000    

end timestep


start timestep kper="49" kstp="1" mode="normal"


 OUTPUT CONTROL FOR STRESS PERIOD 49 IS REPEATED USING SETTINGS FROM A PREVIOUS STRESS PERIOD.

 HEAD WILL BE SAVED ON UNIT 1014 AT END OF TIME STEP    1, STRESS PERIOD   49


  VOLUME BUDGET FOR ENTIRE MODEL AT END OF TIME STEP    1, STRESS PERIOD  49
  ---------------------------------------------------------------------------------------------------

     CUMULATIVE VOLUME      L**3       RATES FOR THIS TIME STEP      L**3/T          PACKAGE NAME    
     ------------------                 ------------------------                     ----------------

           IN:                                      IN:
           ---                                      ---
              STO-SS =         343.0000                STO-SS =           1.0000     STORAGE                          
                 WEL =           0.0000                   WEL =           0.0000     WEL_0                            

            TOTAL IN =         343.0000              TOTAL IN =           1.0000

          OUT:                                     OUT:
          ----                                     ----
              STO-SS =           0.0000                STO-SS =           0.0000     STORAGE                          
                 WEL =         343.0000                   WEL =           1.0000     WEL_0                            

           TOTAL OUT =         343.0000             TOTAL OUT =           1.0000

            IN - OUT =      -2.2275E-08              IN - OUT =      -8.1712E-14

 PERCENT DISCREPANCY =          -0.00     PERCENT DISCREPANCY =          -0.00




         TIME SUMMARY AT END OF TIME STEP    1 IN STRESS PERIOD   49
                          TIME STEP LENGTH =    7.00000    
                        STRESS PERIOD TIME =    7.00000    
                     TOTAL SIMULATION TIME =    343.000    

end timestep


start timestep kper="50" kstp="1" mode="normal"


 OUTPUT CONTROL FOR STRESS PERIOD 50 IS REPEATED USING SETTINGS FROM A PREVIOUS STRESS PERIOD.

 HEAD WILL BE SAVED ON UNIT 1014 AT END OF TIME STEP    1, STRESS PERIOD   50


  VOLUME BUDGET FOR ENTIRE MODEL AT END OF TIME STEP    1, STRESS PERIOD  50
  ---------------------------------------------------------------------------------------------------

     CUMULATIVE VOLUME      L**3       RATES FOR THIS TIME STEP      L**3/T          PACKAGE NAME    
     ------------------                 ------------------------                     ----------------

           IN:                                      IN:
           ---                                      ---
              STO-SS =         350.0000                STO-SS =           1.0000     STORAGE                          
                 WEL =           0.0000                   WEL =           0.0000     WEL_0                            

            TOTAL IN =         350.0000              TOTAL IN =           1.0000

          OUT:                                     OUT:
          ----                                     ----
              STO-SS =           0.0000                STO-SS =           0.0000     STORAGE                          
                 WEL =         350.0000                   WEL =           1.0000     WEL_0                            

           TOTAL OUT =         350.0000             TOTAL OUT =           1.0000

            IN - OUT =      -2.2275E-08              IN - OUT =      -9.3148E-14

 PERCENT DISCREPANCY =          -0.00     PERCENT DISCREPANCY =          -0.00




         TIME SUMMARY AT END OF TIME STEP    1 IN STRESS PERIOD   50
                          TIME STEP LENGTH =    7.00000    
                        STRESS PERIOD TIME =    7.00000    
                     TOTAL SIMULATION TIME =    350.000    

end timestep


start timestep kper="51" kstp="1" mode="normal"


 OUTPUT CONTROL FOR STRESS PERIOD 51 IS REPEATED USING SETTINGS FROM A PREVIOUS STRESS PERIOD.

 HEAD WILL BE SAVED ON UNIT 1014 AT END OF TIME STEP    1, STRESS PERIOD   51


  VOLUME BUDGET FOR ENTIRE MODEL AT END OF TIME STEP    1, STRESS PERIOD  51
  ---------------------------------------------------------------------------------------------------

     CUMULATIVE VOLUME      L**3       RATES FOR THIS TIME STEP      L**3/T          PACKAGE NAME    
     ------------------                 ------------------------                     ----------------

           IN:                                      IN:
           ---                                      ---
              STO-SS =         357.0000                STO-SS =           1.0000     STORAGE                          
                 WEL =           0.0000                   WEL =           0.0000     WEL_0                            

            TOTAL IN =         357.0000              TOTAL IN =           1.0000

          OUT:                                     OUT:
          ----                                     ----
              STO-SS =           0.0000                STO-SS =           0.0000     STORAGE                          
                 WEL =         357.0000                   WEL =           1.0000     WEL_0                            

           TOTAL OUT =         357.0000             TOTAL OUT =           1.0000

            IN - OUT =      -2.2276E-08              IN - OUT =      -8.2934E-14

 PERCENT DISCREPANCY =          -0.00     PERCENT DISCREPANCY =          -0.00




         TIME SUMMARY AT END OF TIME STEP    1 IN STRESS PERIOD   51
                          TIME STEP LENGTH =    7.00000    
                        STRESS PERIOD TIME =    7.00000    
                     TOTAL SIMULATION TIME =    357.000    

end timestep


start timestep kper="52" kstp="1" mode="normal"


 OUTPUT CONTROL FOR STRESS PERIOD 52 IS REPEATED USING SETTINGS FROM A PREVIOUS STRESS PERIOD.

 HEAD WILL BE SAVED ON UNIT 1014 AT END OF TIME STEP    1, STRESS PERIOD   52


  VOLUME BUDGET FOR ENTIRE MODEL AT END OF TIME STEP    1, STRESS PERIOD  52
  ---------------------------------------------------------------------------------------------------

     CUMULATIVE VOLUME      L**3       RATES FOR THIS TIME STEP      L**3/T          PACKAGE NAME    
     ------------------                 ------------------------                     ----------------

           IN:                                      IN:
           ---                                      ---
              STO-SS =         364.0000                STO-SS =           1.0000     STORAGE                          
                 WEL =           0.0000                   WEL =           0.0000     WEL_0                            

            TOTAL IN =         364.0000              TOTAL IN =           1.0000

          OUT:                                     OUT:
          ----                                     ----
              STO-SS =           0.0000                STO-SS =           0.0000     STORAGE                          
                 WEL =         364.0000                   WEL =           1.0000     WEL_0                            

           TOTAL OUT =         364.0000             TOTAL OUT =           1.0000

            IN - OUT =      -2.2276E-08              IN - OUT =      -9.1482E-14

 PERCENT DISCREPANCY =          -0.00     PERCENT DISCREPANCY =          -0.00




         TIME SUMMARY AT END OF TIME STEP    1 IN STRESS PERIOD   52
                          TIME STEP LENGTH =    7.00000    
                        STRESS PERIOD TIME =    7.00000    
                     TOTAL SIMULATION TIME =    364.000    

end timestep

