                                   MODFLOW 6
                U.S. GEOLOGICAL SURVEY MODULAR HYDROLOGIC MODEL
                          GROUNDWATER FLOW MODEL (GWF)
                            VERSION 6.7.0 02/05/2026

   MODFLOW 6 compiled Feb 05 2026 22:36:44 with Intel(R) Fortran Intel(R) 64
   Compiler Classic for applications running on Intel(R) 64, Version 2021.6.0
                             Build 20220226_000000

This software has been approved for release by the U.S. Geological 
Survey (USGS). Although the software has been subjected to rigorous 
review, the USGS reserves the right to update the software as needed 
pursuant to further analysis and review. No warranty, expressed or 
implied, is made by the USGS or the U.S. Government as to the 
functionality of the software and related material nor shall the 
fact of release constitute any such warranty. Furthermore, the 
software is released on condition that neither the USGS nor the U.S. 
Government shall be held liable for any damages resulting from its 
authorized or unauthorized use. Also refer to the USGS Water 
Resources Software User Rights Notice for complete use, copyright, 
and distribution information.


As a work of the United States Government, this USGS product is 
in the public domain within the United States. You can copy, 
modify, distribute, and perform the work, even for commercial 
purposes, all without asking permission. Additionally, USGS 
waives copyright and related rights in the work worldwide 
through CC0 1.0 Universal Public Domain Dedication 
(https://creativecommons.org/publicdomain/zero/1.0/).

The following GNU Lesser General Public License (LGPL) libraries
are used in this USGS product:

    SPARSKIT version 2.0
      ilut, luson, and qsplit 
      (https://www-users.cse.umn.edu/~saad/software/SPARSKIT/)

    RCM - Reverse Cuthill McKee Ordering
      (https://people.math.sc.edu/Burkardt/f_src/rcm/rcm.html)

    BLAS - Basic Linear Algebra Subprograms Level 1
      (https://people.math.sc.edu/Burkardt/f_src/blas1_d/blas1_d.html)

    SPARSEKIT - Sparse Matrix Utility Package
      amux, dperm, dvperm, rperm, and cperm
      (https://people.sc.fsu.edu/~jburkardt/f77_src/sparsekit/sparsekit.html)

The following BSD-3 License libraries are used in this USGS product:

    Modern Fortran DAG Library
      Copyright (c) 2018, Jacob Williams
      All rights reserved.
      (https://github.com/jacobwilliams/daglib)

MODFLOW 6 compiler options: /Isrc\libmf6_external.a.p /Isrc\libmf6core.a.p
/Isrc /I..\src /MT /nologo /warn:general /warn:truncated_source /stand:f18
/O2 /fpe:0 /heap-arrays:0 /traceback /fpp /Qdiag-disable:7416
/Qdiag-disable:7025 /Qdiag-disable:5268 /Qdiag-disable:10448
/Fdsrc\libmf6core.a.p\Utilities_compilerversion.F90.pdb
/module:src\libmf6core.a.p
/Fosrc/libmf6core.a.p/Utilities_compilerversion.F90.obj /c

System command used to initiate simulation:
C:\Python\Personal\kfm-ms\codes\binaries\MODFLOW6\windows\mf6.exe

MODFLOW was compiled using uniform precision.

Real Variables
  KIND: 8
  TINY (smallest non-zero value):    2.225074-308
  HUGE (largest value):    1.797693+308
  PRECISION: 15
  SIZE IN BITS: 64

Integer Variables
  KIND: 4
  HUGE (largest value): 2147483647
  SIZE IN BITS: 32

Long Integer Variables
  KIND: 8
  HUGE (largest value): 9223372036854775807
  SIZE IN BITS: 64

Logical Variables
  KIND: 4
  SIZE IN BITS: 32
 
 NAMEFILE OPTIONS:
    FLOWS WILL BE SAVED TO BUDGET FILE SPECIFIED IN OUTPUT CONTROL
 END NAMEFILE OPTIONS:

 DIS -- STRUCTURED GRID DISCRETIZATION PACKAGE, VERSION 2 : 3/27/2014 - INPUT READ FROM MEMPATH: __INPUT__/UNIT_RESP/DIS                           


 NPF -- NODE PROPERTY FLOW PACKAGE, VERSION 1, 3/30/2015 INPUT READ FROM MEMPATH: __INPUT__/UNIT_RESP/NPF                           


 IC -- Initial Conditions Package, Version 8, 3/28/2015 input read from mempath: __INPUT__/UNIT_RESP/IC                            


 Setting Discretization Options
    XORIGIN = -33.00000000000000
    YORIGIN = -68.00000000000000
 End Setting Discretization Options

 Setting Discretization Dimensions
    NLAY = 1
    NROW = 68
    NCOL = 33
 End Setting Discretization Dimensions

 Setting Discretization Griddata
    DELR set from input file
    DELC set from input file
    TOP set from input file
    BOTM set from input file
 End Setting Discretization Griddata

 Setting NPF Options
    Cell-by-cell flow information will be saved to binary file whenever ICBCFL is not zero.
 End Setting NPF Options

 Setting NPF Griddata
    ICELLTYPE set from input file
    K set from input file
    K33 not provided.  Setting K33 = K.
    K22 not provided.  Setting K22 = K.
 End Setting NPF Griddata


 WEL -- WEL PACKAGE, VERSION 8, 2/22/2014 INPUT READ FROM MEMPATH: __INPUT__/UNIT_RESP/WEL_0                         

 PROCESSING WEL BASE OPTIONS
    FLOWS WILL BE SAVED TO BUDGET FILE SPECIFIED IN OUTPUT CONTROL
 END OF WEL BASE OPTIONS

 PROCESSING WEL OPTIONS
 END OF WEL OPTIONS

 PROCESSING WEL BASE DIMENSIONS
    MAXBOUND =       1
 END OF WEL BASE DIMENSIONS
    STRT set from input file

 STO -- STORAGE PACKAGE, VERSION 1, 5/19/2014 INPUT READ FROM MEMPATH: __INPUT__/UNIT_RESP/STO                           


 PROCESSING STORAGE OPTIONS
    CELL-BY-CELL FLOW INFORMATION WILL BE SAVED TO BINARY FILE WHENEVER ICBCFL IS NOT ZERO.
 END OF STORAGE OPTIONS
    BINARY GRID INFORMATION WILL BE WRITTEN TO:
      UNIT NUMBER: 1013
      FILE NAME: unit_resp.dis.grb

 OPENED unit_resp.dis.grb
 FILE TYPE:DATA(BINARY)   UNIT 1013   STATUS:REPLACE             
 FORMAT:UNFORMATTED            ACCESS:STREAM              
 ACTION:READWRITE           

      THE LAST TIME STEP WILL BE PRINTED
      THE LAST TIME STEP WILL BE PRINTED

 PROCESSING OC OPTIONS

    BUDGET INFORMATION WILL BE WRITTEN TO:
      UNIT NUMBER: 1014
      FILE NAME: unit_resp.cbc

 OPENED unit_resp.cbc
 FILE TYPE:DATA(BINARY)   UNIT 1014   STATUS:REPLACE             
 FORMAT:UNFORMATTED            ACCESS:STREAM              
 ACTION:READWRITE           

    HEAD INFORMATION WILL BE WRITTEN TO:
      UNIT NUMBER: 1015
      FILE NAME: unit_resp.hds

 OPENED unit_resp.hds
 FILE TYPE:DATA(BINARY)   UNIT 1015   STATUS:REPLACE             
 FORMAT:UNFORMATTED            ACCESS:STREAM              
 ACTION:READWRITE           

 END OF OC OPTIONS

start timestep kper="1" kstp="1" mode="normal"


 BEGIN READING OUTPUT CONTROL FOR STRESS PERIOD 1
      ALL TIME STEPS WILL BE SAVED
      ALL TIME STEPS WILL BE SAVED

 END READING OUTPUT CONTROL FOR STRESS PERIOD 1


 PROCESSING STORAGE PERIOD DATA
 END PROCESSING STORAGE PERIOD DATA


 STRESS PERIOD 1 IS TRANSIENT

 UBDSV1 SAVING           STO-SS ON UNIT   1014 AT TIME STEP      1, STRESS PERIOD      1
 UBDSV1 SAVING     FLOW-JA-FACE ON UNIT   1014 AT TIME STEP      1, STRESS PERIOD      1
 UBDSV06 SAVING              WEL IN MODEL UNIT_RESP        PACKAGE UNIT_RESP       CONNECTED TO MODEL UNIT_RESP        PACKAGE WEL_0            ON UNIT   1014 AT TIME STEP      1, STRESS PERIOD      1

 HEAD WILL BE SAVED ON UNIT 1015 AT END OF TIME STEP    1, STRESS PERIOD    1


  VOLUME BUDGET FOR ENTIRE MODEL AT END OF TIME STEP    1, STRESS PERIOD   1
  ---------------------------------------------------------------------------------------------------

     CUMULATIVE VOLUME      L**3       RATES FOR THIS TIME STEP      L**3/T          PACKAGE NAME    
     ------------------                 ------------------------                     ----------------

           IN:                                      IN:
           ---                                      ---
              STO-SS =           6.9997                STO-SS =           1.0000     STORAGE                          
                 WEL =           0.0000                   WEL =           0.0000     WEL_0                            

            TOTAL IN =           6.9997              TOTAL IN =           1.0000

          OUT:                                     OUT:
          ----                                     ----
              STO-SS =           0.0000                STO-SS =           0.0000     STORAGE                          
                 WEL =           7.0000                   WEL =           1.0000     WEL_0                            

           TOTAL OUT =           7.0000             TOTAL OUT =           1.0000

            IN - OUT =      -2.6547E-04              IN - OUT =      -3.7925E-05

 PERCENT DISCREPANCY =          -0.00     PERCENT DISCREPANCY =          -0.00




         TIME SUMMARY AT END OF TIME STEP    1 IN STRESS PERIOD    1
                          TIME STEP LENGTH =    7.00000    
                        STRESS PERIOD TIME =    7.00000    
                     TOTAL SIMULATION TIME =    7.00000    

end timestep


start timestep kper="2" kstp="1" mode="normal"


 OUTPUT CONTROL FOR STRESS PERIOD 2 IS REPEATED USING SETTINGS FROM A PREVIOUS STRESS PERIOD.
 UBDSV1 SAVING           STO-SS ON UNIT   1014 AT TIME STEP      1, STRESS PERIOD      2
 UBDSV1 SAVING     FLOW-JA-FACE ON UNIT   1014 AT TIME STEP      1, STRESS PERIOD      2
 UBDSV06 SAVING              WEL IN MODEL UNIT_RESP        PACKAGE UNIT_RESP       CONNECTED TO MODEL UNIT_RESP        PACKAGE WEL_0            ON UNIT   1014 AT TIME STEP      1, STRESS PERIOD      2

 HEAD WILL BE SAVED ON UNIT 1015 AT END OF TIME STEP    1, STRESS PERIOD    2


  VOLUME BUDGET FOR ENTIRE MODEL AT END OF TIME STEP    1, STRESS PERIOD   2
  ---------------------------------------------------------------------------------------------------

     CUMULATIVE VOLUME      L**3       RATES FOR THIS TIME STEP      L**3/T          PACKAGE NAME    
     ------------------                 ------------------------                     ----------------

           IN:                                      IN:
           ---                                      ---
              STO-SS =          13.9994                STO-SS =           1.0000     STORAGE                          
                 WEL =           0.0000                   WEL =           0.0000     WEL_0                            

            TOTAL IN =          13.9994              TOTAL IN =           1.0000

          OUT:                                     OUT:
          ----                                     ----
              STO-SS =           0.0000                STO-SS =           0.0000     STORAGE                          
                 WEL =          14.0000                   WEL =           1.0000     WEL_0                            

           TOTAL OUT =          14.0000             TOTAL OUT =           1.0000

            IN - OUT =      -5.7273E-04              IN - OUT =      -4.3894E-05

 PERCENT DISCREPANCY =          -0.00     PERCENT DISCREPANCY =          -0.00




         TIME SUMMARY AT END OF TIME STEP    1 IN STRESS PERIOD    2
                          TIME STEP LENGTH =    7.00000    
                        STRESS PERIOD TIME =    7.00000    
                     TOTAL SIMULATION TIME =    14.0000    

end timestep


start timestep kper="3" kstp="1" mode="normal"


 OUTPUT CONTROL FOR STRESS PERIOD 3 IS REPEATED USING SETTINGS FROM A PREVIOUS STRESS PERIOD.
 UBDSV1 SAVING           STO-SS ON UNIT   1014 AT TIME STEP      1, STRESS PERIOD      3
 UBDSV1 SAVING     FLOW-JA-FACE ON UNIT   1014 AT TIME STEP      1, STRESS PERIOD      3
 UBDSV06 SAVING              WEL IN MODEL UNIT_RESP        PACKAGE UNIT_RESP       CONNECTED TO MODEL UNIT_RESP        PACKAGE WEL_0            ON UNIT   1014 AT TIME STEP      1, STRESS PERIOD      3

 HEAD WILL BE SAVED ON UNIT 1015 AT END OF TIME STEP    1, STRESS PERIOD    3


  VOLUME BUDGET FOR ENTIRE MODEL AT END OF TIME STEP    1, STRESS PERIOD   3
  ---------------------------------------------------------------------------------------------------

     CUMULATIVE VOLUME      L**3       RATES FOR THIS TIME STEP      L**3/T          PACKAGE NAME    
     ------------------                 ------------------------                     ----------------

           IN:                                      IN:
           ---                                      ---
              STO-SS =          20.9991                STO-SS =           1.0000     STORAGE                          
                 WEL =           0.0000                   WEL =           0.0000     WEL_0                            

            TOTAL IN =          20.9991              TOTAL IN =           1.0000

          OUT:                                     OUT:
          ----                                     ----
              STO-SS =           0.0000                STO-SS =           0.0000     STORAGE                          
                 WEL =          21.0000                   WEL =           1.0000     WEL_0                            

           TOTAL OUT =          21.0000             TOTAL OUT =           1.0000

            IN - OUT =      -9.1854E-04              IN - OUT =      -4.9401E-05

 PERCENT DISCREPANCY =          -0.00     PERCENT DISCREPANCY =          -0.00




         TIME SUMMARY AT END OF TIME STEP    1 IN STRESS PERIOD    3
                          TIME STEP LENGTH =    7.00000    
                        STRESS PERIOD TIME =    7.00000    
                     TOTAL SIMULATION TIME =    21.0000    

end timestep


start timestep kper="4" kstp="1" mode="normal"


 OUTPUT CONTROL FOR STRESS PERIOD 4 IS REPEATED USING SETTINGS FROM A PREVIOUS STRESS PERIOD.
 UBDSV1 SAVING           STO-SS ON UNIT   1014 AT TIME STEP      1, STRESS PERIOD      4
 UBDSV1 SAVING     FLOW-JA-FACE ON UNIT   1014 AT TIME STEP      1, STRESS PERIOD      4
 UBDSV06 SAVING              WEL IN MODEL UNIT_RESP        PACKAGE UNIT_RESP       CONNECTED TO MODEL UNIT_RESP        PACKAGE WEL_0            ON UNIT   1014 AT TIME STEP      1, STRESS PERIOD      4

 HEAD WILL BE SAVED ON UNIT 1015 AT END OF TIME STEP    1, STRESS PERIOD    4


  VOLUME BUDGET FOR ENTIRE MODEL AT END OF TIME STEP    1, STRESS PERIOD   4
  ---------------------------------------------------------------------------------------------------

     CUMULATIVE VOLUME      L**3       RATES FOR THIS TIME STEP      L**3/T          PACKAGE NAME    
     ------------------                 ------------------------                     ----------------

           IN:                                      IN:
           ---                                      ---
              STO-SS =          27.9989                STO-SS =           1.0000     STORAGE                          
                 WEL =           0.0000                   WEL =           0.0000     WEL_0                            

            TOTAL IN =          27.9989              TOTAL IN =           1.0000

          OUT:                                     OUT:
          ----                                     ----
              STO-SS =           0.0000                STO-SS =           0.0000     STORAGE                          
                 WEL =          28.0000                   WEL =           1.0000     WEL_0                            

           TOTAL OUT =          28.0000             TOTAL OUT =           1.0000

            IN - OUT =      -1.0862E-03              IN - OUT =      -2.3958E-05

 PERCENT DISCREPANCY =          -0.00     PERCENT DISCREPANCY =          -0.00




         TIME SUMMARY AT END OF TIME STEP    1 IN STRESS PERIOD    4
                          TIME STEP LENGTH =    7.00000    
                        STRESS PERIOD TIME =    7.00000    
                     TOTAL SIMULATION TIME =    28.0000    

end timestep


start timestep kper="5" kstp="1" mode="normal"


 OUTPUT CONTROL FOR STRESS PERIOD 5 IS REPEATED USING SETTINGS FROM A PREVIOUS STRESS PERIOD.
 UBDSV1 SAVING           STO-SS ON UNIT   1014 AT TIME STEP      1, STRESS PERIOD      5
 UBDSV1 SAVING     FLOW-JA-FACE ON UNIT   1014 AT TIME STEP      1, STRESS PERIOD      5
 UBDSV06 SAVING              WEL IN MODEL UNIT_RESP        PACKAGE UNIT_RESP       CONNECTED TO MODEL UNIT_RESP        PACKAGE WEL_0            ON UNIT   1014 AT TIME STEP      1, STRESS PERIOD      5

 HEAD WILL BE SAVED ON UNIT 1015 AT END OF TIME STEP    1, STRESS PERIOD    5


  VOLUME BUDGET FOR ENTIRE MODEL AT END OF TIME STEP    1, STRESS PERIOD   5
  ---------------------------------------------------------------------------------------------------

     CUMULATIVE VOLUME      L**3       RATES FOR THIS TIME STEP      L**3/T          PACKAGE NAME    
     ------------------                 ------------------------                     ----------------

           IN:                                      IN:
           ---                                      ---
              STO-SS =          34.9988                STO-SS =           1.0000     STORAGE                          
                 WEL =           0.0000                   WEL =           0.0000     WEL_0                            

            TOTAL IN =          34.9988              TOTAL IN =           1.0000

          OUT:                                     OUT:
          ----                                     ----
              STO-SS =           0.0000                STO-SS =           0.0000     STORAGE                          
                 WEL =          35.0000                   WEL =           1.0000     WEL_0                            

           TOTAL OUT =          35.0000             TOTAL OUT =           1.0000

            IN - OUT =      -1.2069E-03              IN - OUT =      -1.7232E-05

 PERCENT DISCREPANCY =          -0.00     PERCENT DISCREPANCY =          -0.00




         TIME SUMMARY AT END OF TIME STEP    1 IN STRESS PERIOD    5
                          TIME STEP LENGTH =    7.00000    
                        STRESS PERIOD TIME =    7.00000    
                     TOTAL SIMULATION TIME =    35.0000    

end timestep


start timestep kper="6" kstp="1" mode="normal"


 OUTPUT CONTROL FOR STRESS PERIOD 6 IS REPEATED USING SETTINGS FROM A PREVIOUS STRESS PERIOD.
 UBDSV1 SAVING           STO-SS ON UNIT   1014 AT TIME STEP      1, STRESS PERIOD      6
 UBDSV1 SAVING     FLOW-JA-FACE ON UNIT   1014 AT TIME STEP      1, STRESS PERIOD      6
 UBDSV06 SAVING              WEL IN MODEL UNIT_RESP        PACKAGE UNIT_RESP       CONNECTED TO MODEL UNIT_RESP        PACKAGE WEL_0            ON UNIT   1014 AT TIME STEP      1, STRESS PERIOD      6

 HEAD WILL BE SAVED ON UNIT 1015 AT END OF TIME STEP    1, STRESS PERIOD    6


  VOLUME BUDGET FOR ENTIRE MODEL AT END OF TIME STEP    1, STRESS PERIOD   6
  ---------------------------------------------------------------------------------------------------

     CUMULATIVE VOLUME      L**3       RATES FOR THIS TIME STEP      L**3/T          PACKAGE NAME    
     ------------------                 ------------------------                     ----------------

           IN:                                      IN:
           ---                                      ---
              STO-SS =          41.9987                STO-SS =           1.0000     STORAGE                          
                 WEL =           0.0000                   WEL =           0.0000     WEL_0                            

            TOTAL IN =          41.9987              TOTAL IN =           1.0000

          OUT:                                     OUT:
          ----                                     ----
              STO-SS =           0.0000                STO-SS =           0.0000     STORAGE                          
                 WEL =          42.0000                   WEL =           1.0000     WEL_0                            

           TOTAL OUT =          42.0000             TOTAL OUT =           1.0000

            IN - OUT =      -1.2986E-03              IN - OUT =      -1.3109E-05

 PERCENT DISCREPANCY =          -0.00     PERCENT DISCREPANCY =          -0.00




         TIME SUMMARY AT END OF TIME STEP    1 IN STRESS PERIOD    6
                          TIME STEP LENGTH =    7.00000    
                        STRESS PERIOD TIME =    7.00000    
                     TOTAL SIMULATION TIME =    42.0000    

end timestep


start timestep kper="7" kstp="1" mode="normal"


 OUTPUT CONTROL FOR STRESS PERIOD 7 IS REPEATED USING SETTINGS FROM A PREVIOUS STRESS PERIOD.
 UBDSV1 SAVING           STO-SS ON UNIT   1014 AT TIME STEP      1, STRESS PERIOD      7
 UBDSV1 SAVING     FLOW-JA-FACE ON UNIT   1014 AT TIME STEP      1, STRESS PERIOD      7
 UBDSV06 SAVING              WEL IN MODEL UNIT_RESP        PACKAGE UNIT_RESP       CONNECTED TO MODEL UNIT_RESP        PACKAGE WEL_0            ON UNIT   1014 AT TIME STEP      1, STRESS PERIOD      7

 HEAD WILL BE SAVED ON UNIT 1015 AT END OF TIME STEP    1, STRESS PERIOD    7


  VOLUME BUDGET FOR ENTIRE MODEL AT END OF TIME STEP    1, STRESS PERIOD   7
  ---------------------------------------------------------------------------------------------------

     CUMULATIVE VOLUME      L**3       RATES FOR THIS TIME STEP      L**3/T          PACKAGE NAME    
     ------------------                 ------------------------                     ----------------

           IN:                                      IN:
           ---                                      ---
              STO-SS =          48.9986                STO-SS =           1.0000     STORAGE                          
                 WEL =           0.0000                   WEL =           0.0000     WEL_0                            

            TOTAL IN =          48.9986              TOTAL IN =           1.0000

          OUT:                                     OUT:
          ----                                     ----
              STO-SS =           0.0000                STO-SS =           0.0000     STORAGE                          
                 WEL =          49.0000                   WEL =           1.0000     WEL_0                            

           TOTAL OUT =          49.0000             TOTAL OUT =           1.0000

            IN - OUT =      -1.3590E-03              IN - OUT =      -8.6237E-06

 PERCENT DISCREPANCY =          -0.00     PERCENT DISCREPANCY =          -0.00




         TIME SUMMARY AT END OF TIME STEP    1 IN STRESS PERIOD    7
                          TIME STEP LENGTH =    7.00000    
                        STRESS PERIOD TIME =    7.00000    
                     TOTAL SIMULATION TIME =    49.0000    

end timestep


start timestep kper="8" kstp="1" mode="normal"


 OUTPUT CONTROL FOR STRESS PERIOD 8 IS REPEATED USING SETTINGS FROM A PREVIOUS STRESS PERIOD.
 UBDSV1 SAVING           STO-SS ON UNIT   1014 AT TIME STEP      1, STRESS PERIOD      8
 UBDSV1 SAVING     FLOW-JA-FACE ON UNIT   1014 AT TIME STEP      1, STRESS PERIOD      8
 UBDSV06 SAVING              WEL IN MODEL UNIT_RESP        PACKAGE UNIT_RESP       CONNECTED TO MODEL UNIT_RESP        PACKAGE WEL_0            ON UNIT   1014 AT TIME STEP      1, STRESS PERIOD      8

 HEAD WILL BE SAVED ON UNIT 1015 AT END OF TIME STEP    1, STRESS PERIOD    8


  VOLUME BUDGET FOR ENTIRE MODEL AT END OF TIME STEP    1, STRESS PERIOD   8
  ---------------------------------------------------------------------------------------------------

     CUMULATIVE VOLUME      L**3       RATES FOR THIS TIME STEP      L**3/T          PACKAGE NAME    
     ------------------                 ------------------------                     ----------------

           IN:                                      IN:
           ---                                      ---
              STO-SS =          55.9986                STO-SS =           1.0000     STORAGE                          
                 WEL =           0.0000                   WEL =           0.0000     WEL_0                            

            TOTAL IN =          55.9986              TOTAL IN =           1.0000

          OUT:                                     OUT:
          ----                                     ----
              STO-SS =           0.0000                STO-SS =           0.0000     STORAGE                          
                 WEL =          56.0000                   WEL =           1.0000     WEL_0                            

           TOTAL OUT =          56.0000             TOTAL OUT =           1.0000

            IN - OUT =      -1.4006E-03              IN - OUT =      -5.9374E-06

 PERCENT DISCREPANCY =          -0.00     PERCENT DISCREPANCY =          -0.00




         TIME SUMMARY AT END OF TIME STEP    1 IN STRESS PERIOD    8
                          TIME STEP LENGTH =    7.00000    
                        STRESS PERIOD TIME =    7.00000    
                     TOTAL SIMULATION TIME =    56.0000    

end timestep


start timestep kper="9" kstp="1" mode="normal"


 OUTPUT CONTROL FOR STRESS PERIOD 9 IS REPEATED USING SETTINGS FROM A PREVIOUS STRESS PERIOD.
 UBDSV1 SAVING           STO-SS ON UNIT   1014 AT TIME STEP      1, STRESS PERIOD      9
 UBDSV1 SAVING     FLOW-JA-FACE ON UNIT   1014 AT TIME STEP      1, STRESS PERIOD      9
 UBDSV06 SAVING              WEL IN MODEL UNIT_RESP        PACKAGE UNIT_RESP       CONNECTED TO MODEL UNIT_RESP        PACKAGE WEL_0            ON UNIT   1014 AT TIME STEP      1, STRESS PERIOD      9

 HEAD WILL BE SAVED ON UNIT 1015 AT END OF TIME STEP    1, STRESS PERIOD    9


  VOLUME BUDGET FOR ENTIRE MODEL AT END OF TIME STEP    1, STRESS PERIOD   9
  ---------------------------------------------------------------------------------------------------

     CUMULATIVE VOLUME      L**3       RATES FOR THIS TIME STEP      L**3/T          PACKAGE NAME    
     ------------------                 ------------------------                     ----------------

           IN:                                      IN:
           ---                                      ---
              STO-SS =          62.9986                STO-SS =           1.0000     STORAGE                          
                 WEL =           0.0000                   WEL =           0.0000     WEL_0                            

            TOTAL IN =          62.9986              TOTAL IN =           1.0000

          OUT:                                     OUT:
          ----                                     ----
              STO-SS =           0.0000                STO-SS =           0.0000     STORAGE                          
                 WEL =          63.0000                   WEL =           1.0000     WEL_0                            

           TOTAL OUT =          63.0000             TOTAL OUT =           1.0000

            IN - OUT =      -1.4302E-03              IN - OUT =      -4.2350E-06

 PERCENT DISCREPANCY =          -0.00     PERCENT DISCREPANCY =          -0.00




         TIME SUMMARY AT END OF TIME STEP    1 IN STRESS PERIOD    9
                          TIME STEP LENGTH =    7.00000    
                        STRESS PERIOD TIME =    7.00000    
                     TOTAL SIMULATION TIME =    63.0000    

end timestep


start timestep kper="10" kstp="1" mode="normal"


 OUTPUT CONTROL FOR STRESS PERIOD 10 IS REPEATED USING SETTINGS FROM A PREVIOUS STRESS PERIOD.
 UBDSV1 SAVING           STO-SS ON UNIT   1014 AT TIME STEP      1, STRESS PERIOD     10
 UBDSV1 SAVING     FLOW-JA-FACE ON UNIT   1014 AT TIME STEP      1, STRESS PERIOD     10
 UBDSV06 SAVING              WEL IN MODEL UNIT_RESP        PACKAGE UNIT_RESP       CONNECTED TO MODEL UNIT_RESP        PACKAGE WEL_0            ON UNIT   1014 AT TIME STEP      1, STRESS PERIOD     10

 HEAD WILL BE SAVED ON UNIT 1015 AT END OF TIME STEP    1, STRESS PERIOD   10


  VOLUME BUDGET FOR ENTIRE MODEL AT END OF TIME STEP    1, STRESS PERIOD  10
  ---------------------------------------------------------------------------------------------------

     CUMULATIVE VOLUME      L**3       RATES FOR THIS TIME STEP      L**3/T          PACKAGE NAME    
     ------------------                 ------------------------                     ----------------

           IN:                                      IN:
           ---                                      ---
              STO-SS =          69.9985                STO-SS =           1.0000     STORAGE                          
                 WEL =           0.0000                   WEL =           0.0000     WEL_0                            

            TOTAL IN =          69.9985              TOTAL IN =           1.0000

          OUT:                                     OUT:
          ----                                     ----
              STO-SS =           0.0000                STO-SS =           0.0000     STORAGE                          
                 WEL =          70.0000                   WEL =           1.0000     WEL_0                            

           TOTAL OUT =          70.0000             TOTAL OUT =           1.0000

            IN - OUT =      -1.4519E-03              IN - OUT =      -3.1058E-06

 PERCENT DISCREPANCY =          -0.00     PERCENT DISCREPANCY =          -0.00




         TIME SUMMARY AT END OF TIME STEP    1 IN STRESS PERIOD   10
                          TIME STEP LENGTH =    7.00000    
                        STRESS PERIOD TIME =    7.00000    
                     TOTAL SIMULATION TIME =    70.0000    

end timestep


start timestep kper="11" kstp="1" mode="normal"


 OUTPUT CONTROL FOR STRESS PERIOD 11 IS REPEATED USING SETTINGS FROM A PREVIOUS STRESS PERIOD.
 UBDSV1 SAVING           STO-SS ON UNIT   1014 AT TIME STEP      1, STRESS PERIOD     11
 UBDSV1 SAVING     FLOW-JA-FACE ON UNIT   1014 AT TIME STEP      1, STRESS PERIOD     11
 UBDSV06 SAVING              WEL IN MODEL UNIT_RESP        PACKAGE UNIT_RESP       CONNECTED TO MODEL UNIT_RESP        PACKAGE WEL_0            ON UNIT   1014 AT TIME STEP      1, STRESS PERIOD     11

 HEAD WILL BE SAVED ON UNIT 1015 AT END OF TIME STEP    1, STRESS PERIOD   11


  VOLUME BUDGET FOR ENTIRE MODEL AT END OF TIME STEP    1, STRESS PERIOD  11
  ---------------------------------------------------------------------------------------------------

     CUMULATIVE VOLUME      L**3       RATES FOR THIS TIME STEP      L**3/T          PACKAGE NAME    
     ------------------                 ------------------------                     ----------------

           IN:                                      IN:
           ---                                      ---
              STO-SS =          76.9985                STO-SS =           1.0000     STORAGE                          
                 WEL =           0.0000                   WEL =           0.0000     WEL_0                            

            TOTAL IN =          76.9985              TOTAL IN =           1.0000

          OUT:                                     OUT:
          ----                                     ----
              STO-SS =           0.0000                STO-SS =           0.0000     STORAGE                          
                 WEL =          77.0000                   WEL =           1.0000     WEL_0                            

           TOTAL OUT =          77.0000             TOTAL OUT =           1.0000

            IN - OUT =      -1.4683E-03              IN - OUT =      -2.3393E-06

 PERCENT DISCREPANCY =          -0.00     PERCENT DISCREPANCY =          -0.00




         TIME SUMMARY AT END OF TIME STEP    1 IN STRESS PERIOD   11
                          TIME STEP LENGTH =    7.00000    
                        STRESS PERIOD TIME =    7.00000    
                     TOTAL SIMULATION TIME =    77.0000    

end timestep


start timestep kper="12" kstp="1" mode="normal"


 OUTPUT CONTROL FOR STRESS PERIOD 12 IS REPEATED USING SETTINGS FROM A PREVIOUS STRESS PERIOD.
 UBDSV1 SAVING           STO-SS ON UNIT   1014 AT TIME STEP      1, STRESS PERIOD     12
 UBDSV1 SAVING     FLOW-JA-FACE ON UNIT   1014 AT TIME STEP      1, STRESS PERIOD     12
 UBDSV06 SAVING              WEL IN MODEL UNIT_RESP        PACKAGE UNIT_RESP       CONNECTED TO MODEL UNIT_RESP        PACKAGE WEL_0            ON UNIT   1014 AT TIME STEP      1, STRESS PERIOD     12

 HEAD WILL BE SAVED ON UNIT 1015 AT END OF TIME STEP    1, STRESS PERIOD   12


  VOLUME BUDGET FOR ENTIRE MODEL AT END OF TIME STEP    1, STRESS PERIOD  12
  ---------------------------------------------------------------------------------------------------

     CUMULATIVE VOLUME      L**3       RATES FOR THIS TIME STEP      L**3/T          PACKAGE NAME    
     ------------------                 ------------------------                     ----------------

           IN:                                      IN:
           ---                                      ---
              STO-SS =          83.9985                STO-SS =           1.0000     STORAGE                          
                 WEL =           0.0000                   WEL =           0.0000     WEL_0                            

            TOTAL IN =          83.9985              TOTAL IN =           1.0000

          OUT:                                     OUT:
          ----                                     ----
              STO-SS =           0.0000                STO-SS =           0.0000     STORAGE                          
                 WEL =          84.0000                   WEL =           1.0000     WEL_0                            

           TOTAL OUT =          84.0000             TOTAL OUT =           1.0000

            IN - OUT =      -1.4810E-03              IN - OUT =      -1.8123E-06

 PERCENT DISCREPANCY =          -0.00     PERCENT DISCREPANCY =          -0.00




         TIME SUMMARY AT END OF TIME STEP    1 IN STRESS PERIOD   12
                          TIME STEP LENGTH =    7.00000    
                        STRESS PERIOD TIME =    7.00000    
                     TOTAL SIMULATION TIME =    84.0000    

end timestep


start timestep kper="13" kstp="1" mode="normal"


 OUTPUT CONTROL FOR STRESS PERIOD 13 IS REPEATED USING SETTINGS FROM A PREVIOUS STRESS PERIOD.
 UBDSV1 SAVING           STO-SS ON UNIT   1014 AT TIME STEP      1, STRESS PERIOD     13
 UBDSV1 SAVING     FLOW-JA-FACE ON UNIT   1014 AT TIME STEP      1, STRESS PERIOD     13
 UBDSV06 SAVING              WEL IN MODEL UNIT_RESP        PACKAGE UNIT_RESP       CONNECTED TO MODEL UNIT_RESP        PACKAGE WEL_0            ON UNIT   1014 AT TIME STEP      1, STRESS PERIOD     13

 HEAD WILL BE SAVED ON UNIT 1015 AT END OF TIME STEP    1, STRESS PERIOD   13


  VOLUME BUDGET FOR ENTIRE MODEL AT END OF TIME STEP    1, STRESS PERIOD  13
  ---------------------------------------------------------------------------------------------------

     CUMULATIVE VOLUME      L**3       RATES FOR THIS TIME STEP      L**3/T          PACKAGE NAME    
     ------------------                 ------------------------                     ----------------

           IN:                                      IN:
           ---                                      ---
              STO-SS =          90.9985                STO-SS =           1.0000     STORAGE                          
                 WEL =           0.0000                   WEL =           0.0000     WEL_0                            

            TOTAL IN =          90.9985              TOTAL IN =           1.0000

          OUT:                                     OUT:
          ----                                     ----
              STO-SS =           0.0000                STO-SS =           0.0000     STORAGE                          
                 WEL =          91.0000                   WEL =           1.0000     WEL_0                            

           TOTAL OUT =          91.0000             TOTAL OUT =           1.0000

            IN - OUT =      -1.4911E-03              IN - OUT =      -1.4471E-06

 PERCENT DISCREPANCY =          -0.00     PERCENT DISCREPANCY =          -0.00




         TIME SUMMARY AT END OF TIME STEP    1 IN STRESS PERIOD   13
                          TIME STEP LENGTH =    7.00000    
                        STRESS PERIOD TIME =    7.00000    
                     TOTAL SIMULATION TIME =    91.0000    

end timestep


start timestep kper="14" kstp="1" mode="normal"


 OUTPUT CONTROL FOR STRESS PERIOD 14 IS REPEATED USING SETTINGS FROM A PREVIOUS STRESS PERIOD.
 UBDSV1 SAVING           STO-SS ON UNIT   1014 AT TIME STEP      1, STRESS PERIOD     14
 UBDSV1 SAVING     FLOW-JA-FACE ON UNIT   1014 AT TIME STEP      1, STRESS PERIOD     14
 UBDSV06 SAVING              WEL IN MODEL UNIT_RESP        PACKAGE UNIT_RESP       CONNECTED TO MODEL UNIT_RESP        PACKAGE WEL_0            ON UNIT   1014 AT TIME STEP      1, STRESS PERIOD     14

 HEAD WILL BE SAVED ON UNIT 1015 AT END OF TIME STEP    1, STRESS PERIOD   14


  VOLUME BUDGET FOR ENTIRE MODEL AT END OF TIME STEP    1, STRESS PERIOD  14
  ---------------------------------------------------------------------------------------------------

     CUMULATIVE VOLUME      L**3       RATES FOR THIS TIME STEP      L**3/T          PACKAGE NAME    
     ------------------                 ------------------------                     ----------------

           IN:                                      IN:
           ---                                      ---
              STO-SS =          97.9985                STO-SS =           1.0000     STORAGE                          
                 WEL =           0.0000                   WEL =           0.0000     WEL_0                            

            TOTAL IN =          97.9985              TOTAL IN =           1.0000

          OUT:                                     OUT:
          ----                                     ----
              STO-SS =           0.0000                STO-SS =           0.0000     STORAGE                          
                 WEL =          98.0000                   WEL =           1.0000     WEL_0                            

           TOTAL OUT =          98.0000             TOTAL OUT =           1.0000

            IN - OUT =      -1.4995E-03              IN - OUT =      -1.1929E-06

 PERCENT DISCREPANCY =          -0.00     PERCENT DISCREPANCY =          -0.00




         TIME SUMMARY AT END OF TIME STEP    1 IN STRESS PERIOD   14
                          TIME STEP LENGTH =    7.00000    
                        STRESS PERIOD TIME =    7.00000    
                     TOTAL SIMULATION TIME =    98.0000    

end timestep


start timestep kper="15" kstp="1" mode="normal"


 OUTPUT CONTROL FOR STRESS PERIOD 15 IS REPEATED USING SETTINGS FROM A PREVIOUS STRESS PERIOD.
 UBDSV1 SAVING           STO-SS ON UNIT   1014 AT TIME STEP      1, STRESS PERIOD     15
 UBDSV1 SAVING     FLOW-JA-FACE ON UNIT   1014 AT TIME STEP      1, STRESS PERIOD     15
 UBDSV06 SAVING              WEL IN MODEL UNIT_RESP        PACKAGE UNIT_RESP       CONNECTED TO MODEL UNIT_RESP        PACKAGE WEL_0            ON UNIT   1014 AT TIME STEP      1, STRESS PERIOD     15

 HEAD WILL BE SAVED ON UNIT 1015 AT END OF TIME STEP    1, STRESS PERIOD   15


  VOLUME BUDGET FOR ENTIRE MODEL AT END OF TIME STEP    1, STRESS PERIOD  15
  ---------------------------------------------------------------------------------------------------

     CUMULATIVE VOLUME      L**3       RATES FOR THIS TIME STEP      L**3/T          PACKAGE NAME    
     ------------------                 ------------------------                     ----------------

           IN:                                      IN:
           ---                                      ---
              STO-SS =         104.9985                STO-SS =           1.0000     STORAGE                          
                 WEL =           0.0000                   WEL =           0.0000     WEL_0                            

            TOTAL IN =         104.9985              TOTAL IN =           1.0000

          OUT:                                     OUT:
          ----                                     ----
              STO-SS =           0.0000                STO-SS =           0.0000     STORAGE                          
                 WEL =         105.0000                   WEL =           1.0000     WEL_0                            

           TOTAL OUT =         105.0000             TOTAL OUT =           1.0000

            IN - OUT =      -1.5066E-03              IN - OUT =      -1.0152E-06

 PERCENT DISCREPANCY =          -0.00     PERCENT DISCREPANCY =          -0.00




         TIME SUMMARY AT END OF TIME STEP    1 IN STRESS PERIOD   15
                          TIME STEP LENGTH =    7.00000    
                        STRESS PERIOD TIME =    7.00000    
                     TOTAL SIMULATION TIME =    105.000    

end timestep


start timestep kper="16" kstp="1" mode="normal"


 OUTPUT CONTROL FOR STRESS PERIOD 16 IS REPEATED USING SETTINGS FROM A PREVIOUS STRESS PERIOD.
 UBDSV1 SAVING           STO-SS ON UNIT   1014 AT TIME STEP      1, STRESS PERIOD     16
 UBDSV1 SAVING     FLOW-JA-FACE ON UNIT   1014 AT TIME STEP      1, STRESS PERIOD     16
 UBDSV06 SAVING              WEL IN MODEL UNIT_RESP        PACKAGE UNIT_RESP       CONNECTED TO MODEL UNIT_RESP        PACKAGE WEL_0            ON UNIT   1014 AT TIME STEP      1, STRESS PERIOD     16

 HEAD WILL BE SAVED ON UNIT 1015 AT END OF TIME STEP    1, STRESS PERIOD   16


  VOLUME BUDGET FOR ENTIRE MODEL AT END OF TIME STEP    1, STRESS PERIOD  16
  ---------------------------------------------------------------------------------------------------

     CUMULATIVE VOLUME      L**3       RATES FOR THIS TIME STEP      L**3/T          PACKAGE NAME    
     ------------------                 ------------------------                     ----------------

           IN:                                      IN:
           ---                                      ---
              STO-SS =         111.9985                STO-SS =           1.0000     STORAGE                          
                 WEL =           0.0000                   WEL =           0.0000     WEL_0                            

            TOTAL IN =         111.9985              TOTAL IN =           1.0000

          OUT:                                     OUT:
          ----                                     ----
              STO-SS =           0.0000                STO-SS =           0.0000     STORAGE                          
                 WEL =         112.0000                   WEL =           1.0000     WEL_0                            

           TOTAL OUT =         112.0000             TOTAL OUT =           1.0000

            IN - OUT =      -1.5128E-03              IN - OUT =      -8.9071E-07

 PERCENT DISCREPANCY =          -0.00     PERCENT DISCREPANCY =          -0.00




         TIME SUMMARY AT END OF TIME STEP    1 IN STRESS PERIOD   16
                          TIME STEP LENGTH =    7.00000    
                        STRESS PERIOD TIME =    7.00000    
                     TOTAL SIMULATION TIME =    112.000    

end timestep


start timestep kper="17" kstp="1" mode="normal"


 OUTPUT CONTROL FOR STRESS PERIOD 17 IS REPEATED USING SETTINGS FROM A PREVIOUS STRESS PERIOD.
 UBDSV1 SAVING           STO-SS ON UNIT   1014 AT TIME STEP      1, STRESS PERIOD     17
 UBDSV1 SAVING     FLOW-JA-FACE ON UNIT   1014 AT TIME STEP      1, STRESS PERIOD     17
 UBDSV06 SAVING              WEL IN MODEL UNIT_RESP        PACKAGE UNIT_RESP       CONNECTED TO MODEL UNIT_RESP        PACKAGE WEL_0            ON UNIT   1014 AT TIME STEP      1, STRESS PERIOD     17

 HEAD WILL BE SAVED ON UNIT 1015 AT END OF TIME STEP    1, STRESS PERIOD   17


  VOLUME BUDGET FOR ENTIRE MODEL AT END OF TIME STEP    1, STRESS PERIOD  17
  ---------------------------------------------------------------------------------------------------

     CUMULATIVE VOLUME      L**3       RATES FOR THIS TIME STEP      L**3/T          PACKAGE NAME    
     ------------------                 ------------------------                     ----------------

           IN:                                      IN:
           ---                                      ---
              STO-SS =         118.9985                STO-SS =           1.0000     STORAGE                          
                 WEL =           0.0000                   WEL =           0.0000     WEL_0                            

            TOTAL IN =         118.9985              TOTAL IN =           1.0000

          OUT:                                     OUT:
          ----                                     ----
              STO-SS =           0.0000                STO-SS =           0.0000     STORAGE                          
                 WEL =         119.0000                   WEL =           1.0000     WEL_0                            

           TOTAL OUT =         119.0000             TOTAL OUT =           1.0000

            IN - OUT =      -1.5185E-03              IN - OUT =      -8.0338E-07

 PERCENT DISCREPANCY =          -0.00     PERCENT DISCREPANCY =          -0.00




         TIME SUMMARY AT END OF TIME STEP    1 IN STRESS PERIOD   17
                          TIME STEP LENGTH =    7.00000    
                        STRESS PERIOD TIME =    7.00000    
                     TOTAL SIMULATION TIME =    119.000    

end timestep


start timestep kper="18" kstp="1" mode="normal"


 OUTPUT CONTROL FOR STRESS PERIOD 18 IS REPEATED USING SETTINGS FROM A PREVIOUS STRESS PERIOD.
 UBDSV1 SAVING           STO-SS ON UNIT   1014 AT TIME STEP      1, STRESS PERIOD     18
 UBDSV1 SAVING     FLOW-JA-FACE ON UNIT   1014 AT TIME STEP      1, STRESS PERIOD     18
 UBDSV06 SAVING              WEL IN MODEL UNIT_RESP        PACKAGE UNIT_RESP       CONNECTED TO MODEL UNIT_RESP        PACKAGE WEL_0            ON UNIT   1014 AT TIME STEP      1, STRESS PERIOD     18

 HEAD WILL BE SAVED ON UNIT 1015 AT END OF TIME STEP    1, STRESS PERIOD   18


  VOLUME BUDGET FOR ENTIRE MODEL AT END OF TIME STEP    1, STRESS PERIOD  18
  ---------------------------------------------------------------------------------------------------

     CUMULATIVE VOLUME      L**3       RATES FOR THIS TIME STEP      L**3/T          PACKAGE NAME    
     ------------------                 ------------------------                     ----------------

           IN:                                      IN:
           ---                                      ---
              STO-SS =         125.9985                STO-SS =           1.0000     STORAGE                          
                 WEL =           0.0000                   WEL =           0.0000     WEL_0                            

            TOTAL IN =         125.9985              TOTAL IN =           1.0000

          OUT:                                     OUT:
          ----                                     ----
              STO-SS =           0.0000                STO-SS =           0.0000     STORAGE                          
                 WEL =         126.0000                   WEL =           1.0000     WEL_0                            

           TOTAL OUT =         126.0000             TOTAL OUT =           1.0000

            IN - OUT =      -1.5236E-03              IN - OUT =      -7.4206E-07

 PERCENT DISCREPANCY =          -0.00     PERCENT DISCREPANCY =          -0.00




         TIME SUMMARY AT END OF TIME STEP    1 IN STRESS PERIOD   18
                          TIME STEP LENGTH =    7.00000    
                        STRESS PERIOD TIME =    7.00000    
                     TOTAL SIMULATION TIME =    126.000    

end timestep


start timestep kper="19" kstp="1" mode="normal"


 OUTPUT CONTROL FOR STRESS PERIOD 19 IS REPEATED USING SETTINGS FROM A PREVIOUS STRESS PERIOD.
 UBDSV1 SAVING           STO-SS ON UNIT   1014 AT TIME STEP      1, STRESS PERIOD     19
 UBDSV1 SAVING     FLOW-JA-FACE ON UNIT   1014 AT TIME STEP      1, STRESS PERIOD     19
 UBDSV06 SAVING              WEL IN MODEL UNIT_RESP        PACKAGE UNIT_RESP       CONNECTED TO MODEL UNIT_RESP        PACKAGE WEL_0            ON UNIT   1014 AT TIME STEP      1, STRESS PERIOD     19

 HEAD WILL BE SAVED ON UNIT 1015 AT END OF TIME STEP    1, STRESS PERIOD   19


  VOLUME BUDGET FOR ENTIRE MODEL AT END OF TIME STEP    1, STRESS PERIOD  19
  ---------------------------------------------------------------------------------------------------

     CUMULATIVE VOLUME      L**3       RATES FOR THIS TIME STEP      L**3/T          PACKAGE NAME    
     ------------------                 ------------------------                     ----------------

           IN:                                      IN:
           ---                                      ---
              STO-SS =         132.9985                STO-SS =           1.0000     STORAGE                          
                 WEL =           0.0000                   WEL =           0.0000     WEL_0                            

            TOTAL IN =         132.9985              TOTAL IN =           1.0000

          OUT:                                     OUT:
          ----                                     ----
              STO-SS =           0.0000                STO-SS =           0.0000     STORAGE                          
                 WEL =         133.0000                   WEL =           1.0000     WEL_0                            

           TOTAL OUT =         133.0000             TOTAL OUT =           1.0000

            IN - OUT =      -1.5285E-03              IN - OUT =      -6.9897E-07

 PERCENT DISCREPANCY =          -0.00     PERCENT DISCREPANCY =          -0.00




         TIME SUMMARY AT END OF TIME STEP    1 IN STRESS PERIOD   19
                          TIME STEP LENGTH =    7.00000    
                        STRESS PERIOD TIME =    7.00000    
                     TOTAL SIMULATION TIME =    133.000    

end timestep


start timestep kper="20" kstp="1" mode="normal"


 OUTPUT CONTROL FOR STRESS PERIOD 20 IS REPEATED USING SETTINGS FROM A PREVIOUS STRESS PERIOD.
 UBDSV1 SAVING           STO-SS ON UNIT   1014 AT TIME STEP      1, STRESS PERIOD     20
 UBDSV1 SAVING     FLOW-JA-FACE ON UNIT   1014 AT TIME STEP      1, STRESS PERIOD     20
 UBDSV06 SAVING              WEL IN MODEL UNIT_RESP        PACKAGE UNIT_RESP       CONNECTED TO MODEL UNIT_RESP        PACKAGE WEL_0            ON UNIT   1014 AT TIME STEP      1, STRESS PERIOD     20

 HEAD WILL BE SAVED ON UNIT 1015 AT END OF TIME STEP    1, STRESS PERIOD   20


  VOLUME BUDGET FOR ENTIRE MODEL AT END OF TIME STEP    1, STRESS PERIOD  20
  ---------------------------------------------------------------------------------------------------

     CUMULATIVE VOLUME      L**3       RATES FOR THIS TIME STEP      L**3/T          PACKAGE NAME    
     ------------------                 ------------------------                     ----------------

           IN:                                      IN:
           ---                                      ---
              STO-SS =         139.9985                STO-SS =           1.0000     STORAGE                          
                 WEL =           0.0000                   WEL =           0.0000     WEL_0                            

            TOTAL IN =         139.9985              TOTAL IN =           1.0000

          OUT:                                     OUT:
          ----                                     ----
              STO-SS =           0.0000                STO-SS =           0.0000     STORAGE                          
                 WEL =         140.0000                   WEL =           1.0000     WEL_0                            

           TOTAL OUT =         140.0000             TOTAL OUT =           1.0000

            IN - OUT =      -1.5332E-03              IN - OUT =      -6.6869E-07

 PERCENT DISCREPANCY =          -0.00     PERCENT DISCREPANCY =          -0.00




         TIME SUMMARY AT END OF TIME STEP    1 IN STRESS PERIOD   20
                          TIME STEP LENGTH =    7.00000    
                        STRESS PERIOD TIME =    7.00000    
                     TOTAL SIMULATION TIME =    140.000    

end timestep


start timestep kper="21" kstp="1" mode="normal"


 OUTPUT CONTROL FOR STRESS PERIOD 21 IS REPEATED USING SETTINGS FROM A PREVIOUS STRESS PERIOD.
 UBDSV1 SAVING           STO-SS ON UNIT   1014 AT TIME STEP      1, STRESS PERIOD     21
 UBDSV1 SAVING     FLOW-JA-FACE ON UNIT   1014 AT TIME STEP      1, STRESS PERIOD     21
 UBDSV06 SAVING              WEL IN MODEL UNIT_RESP        PACKAGE UNIT_RESP       CONNECTED TO MODEL UNIT_RESP        PACKAGE WEL_0            ON UNIT   1014 AT TIME STEP      1, STRESS PERIOD     21

 HEAD WILL BE SAVED ON UNIT 1015 AT END OF TIME STEP    1, STRESS PERIOD   21


  VOLUME BUDGET FOR ENTIRE MODEL AT END OF TIME STEP    1, STRESS PERIOD  21
  ---------------------------------------------------------------------------------------------------

     CUMULATIVE VOLUME      L**3       RATES FOR THIS TIME STEP      L**3/T          PACKAGE NAME    
     ------------------                 ------------------------                     ----------------

           IN:                                      IN:
           ---                                      ---
              STO-SS =         146.9985                STO-SS =           1.0000     STORAGE                          
                 WEL =           0.0000                   WEL =           0.0000     WEL_0                            

            TOTAL IN =         146.9985              TOTAL IN =           1.0000

          OUT:                                     OUT:
          ----                                     ----
              STO-SS =           0.0000                STO-SS =           0.0000     STORAGE                          
                 WEL =         147.0000                   WEL =           1.0000     WEL_0                            

           TOTAL OUT =         147.0000             TOTAL OUT =           1.0000

            IN - OUT =      -1.5378E-03              IN - OUT =      -6.4739E-07

 PERCENT DISCREPANCY =          -0.00     PERCENT DISCREPANCY =          -0.00




         TIME SUMMARY AT END OF TIME STEP    1 IN STRESS PERIOD   21
                          TIME STEP LENGTH =    7.00000    
                        STRESS PERIOD TIME =    7.00000    
                     TOTAL SIMULATION TIME =    147.000    

end timestep


start timestep kper="22" kstp="1" mode="normal"


 OUTPUT CONTROL FOR STRESS PERIOD 22 IS REPEATED USING SETTINGS FROM A PREVIOUS STRESS PERIOD.
 UBDSV1 SAVING           STO-SS ON UNIT   1014 AT TIME STEP      1, STRESS PERIOD     22
 UBDSV1 SAVING     FLOW-JA-FACE ON UNIT   1014 AT TIME STEP      1, STRESS PERIOD     22
 UBDSV06 SAVING              WEL IN MODEL UNIT_RESP        PACKAGE UNIT_RESP       CONNECTED TO MODEL UNIT_RESP        PACKAGE WEL_0            ON UNIT   1014 AT TIME STEP      1, STRESS PERIOD     22

 HEAD WILL BE SAVED ON UNIT 1015 AT END OF TIME STEP    1, STRESS PERIOD   22


  VOLUME BUDGET FOR ENTIRE MODEL AT END OF TIME STEP    1, STRESS PERIOD  22
  ---------------------------------------------------------------------------------------------------

     CUMULATIVE VOLUME      L**3       RATES FOR THIS TIME STEP      L**3/T          PACKAGE NAME    
     ------------------                 ------------------------                     ----------------

           IN:                                      IN:
           ---                                      ---
              STO-SS =         153.9985                STO-SS =           1.0000     STORAGE                          
                 WEL =           0.0000                   WEL =           0.0000     WEL_0                            

            TOTAL IN =         153.9985              TOTAL IN =           1.0000

          OUT:                                     OUT:
          ----                                     ----
              STO-SS =           0.0000                STO-SS =           0.0000     STORAGE                          
                 WEL =         154.0000                   WEL =           1.0000     WEL_0                            

           TOTAL OUT =         154.0000             TOTAL OUT =           1.0000

            IN - OUT =      -1.5422E-03              IN - OUT =      -6.3243E-07

 PERCENT DISCREPANCY =          -0.00     PERCENT DISCREPANCY =          -0.00




         TIME SUMMARY AT END OF TIME STEP    1 IN STRESS PERIOD   22
                          TIME STEP LENGTH =    7.00000    
                        STRESS PERIOD TIME =    7.00000    
                     TOTAL SIMULATION TIME =    154.000    

end timestep


start timestep kper="23" kstp="1" mode="normal"


 OUTPUT CONTROL FOR STRESS PERIOD 23 IS REPEATED USING SETTINGS FROM A PREVIOUS STRESS PERIOD.
 UBDSV1 SAVING           STO-SS ON UNIT   1014 AT TIME STEP      1, STRESS PERIOD     23
 UBDSV1 SAVING     FLOW-JA-FACE ON UNIT   1014 AT TIME STEP      1, STRESS PERIOD     23
 UBDSV06 SAVING              WEL IN MODEL UNIT_RESP        PACKAGE UNIT_RESP       CONNECTED TO MODEL UNIT_RESP        PACKAGE WEL_0            ON UNIT   1014 AT TIME STEP      1, STRESS PERIOD     23

 HEAD WILL BE SAVED ON UNIT 1015 AT END OF TIME STEP    1, STRESS PERIOD   23


  VOLUME BUDGET FOR ENTIRE MODEL AT END OF TIME STEP    1, STRESS PERIOD  23
  ---------------------------------------------------------------------------------------------------

     CUMULATIVE VOLUME      L**3       RATES FOR THIS TIME STEP      L**3/T          PACKAGE NAME    
     ------------------                 ------------------------                     ----------------

           IN:                                      IN:
           ---                                      ---
              STO-SS =         160.9985                STO-SS =           1.0000     STORAGE                          
                 WEL =           0.0000                   WEL =           0.0000     WEL_0                            

            TOTAL IN =         160.9985              TOTAL IN =           1.0000

          OUT:                                     OUT:
          ----                                     ----
              STO-SS =           0.0000                STO-SS =           0.0000     STORAGE                          
                 WEL =         161.0000                   WEL =           1.0000     WEL_0                            

           TOTAL OUT =         161.0000             TOTAL OUT =           1.0000

            IN - OUT =      -1.5465E-03              IN - OUT =      -6.2191E-07

 PERCENT DISCREPANCY =          -0.00     PERCENT DISCREPANCY =          -0.00




         TIME SUMMARY AT END OF TIME STEP    1 IN STRESS PERIOD   23
                          TIME STEP LENGTH =    7.00000    
                        STRESS PERIOD TIME =    7.00000    
                     TOTAL SIMULATION TIME =    161.000    

end timestep


start timestep kper="24" kstp="1" mode="normal"


 OUTPUT CONTROL FOR STRESS PERIOD 24 IS REPEATED USING SETTINGS FROM A PREVIOUS STRESS PERIOD.
 UBDSV1 SAVING           STO-SS ON UNIT   1014 AT TIME STEP      1, STRESS PERIOD     24
 UBDSV1 SAVING     FLOW-JA-FACE ON UNIT   1014 AT TIME STEP      1, STRESS PERIOD     24
 UBDSV06 SAVING              WEL IN MODEL UNIT_RESP        PACKAGE UNIT_RESP       CONNECTED TO MODEL UNIT_RESP        PACKAGE WEL_0            ON UNIT   1014 AT TIME STEP      1, STRESS PERIOD     24

 HEAD WILL BE SAVED ON UNIT 1015 AT END OF TIME STEP    1, STRESS PERIOD   24


  VOLUME BUDGET FOR ENTIRE MODEL AT END OF TIME STEP    1, STRESS PERIOD  24
  ---------------------------------------------------------------------------------------------------

     CUMULATIVE VOLUME      L**3       RATES FOR THIS TIME STEP      L**3/T          PACKAGE NAME    
     ------------------                 ------------------------                     ----------------

           IN:                                      IN:
           ---                                      ---
              STO-SS =         167.9984                STO-SS =           1.0000     STORAGE                          
                 WEL =           0.0000                   WEL =           0.0000     WEL_0                            

            TOTAL IN =         167.9984              TOTAL IN =           1.0000

          OUT:                                     OUT:
          ----                                     ----
              STO-SS =           0.0000                STO-SS =           0.0000     STORAGE                          
                 WEL =         168.0000                   WEL =           1.0000     WEL_0                            

           TOTAL OUT =         168.0000             TOTAL OUT =           1.0000

            IN - OUT =      -1.5508E-03              IN - OUT =      -6.1454E-07

 PERCENT DISCREPANCY =          -0.00     PERCENT DISCREPANCY =          -0.00




         TIME SUMMARY AT END OF TIME STEP    1 IN STRESS PERIOD   24
                          TIME STEP LENGTH =    7.00000    
                        STRESS PERIOD TIME =    7.00000    
                     TOTAL SIMULATION TIME =    168.000    

end timestep


start timestep kper="25" kstp="1" mode="normal"


 OUTPUT CONTROL FOR STRESS PERIOD 25 IS REPEATED USING SETTINGS FROM A PREVIOUS STRESS PERIOD.
 UBDSV1 SAVING           STO-SS ON UNIT   1014 AT TIME STEP      1, STRESS PERIOD     25
 UBDSV1 SAVING     FLOW-JA-FACE ON UNIT   1014 AT TIME STEP      1, STRESS PERIOD     25
 UBDSV06 SAVING              WEL IN MODEL UNIT_RESP        PACKAGE UNIT_RESP       CONNECTED TO MODEL UNIT_RESP        PACKAGE WEL_0            ON UNIT   1014 AT TIME STEP      1, STRESS PERIOD     25

 HEAD WILL BE SAVED ON UNIT 1015 AT END OF TIME STEP    1, STRESS PERIOD   25


  VOLUME BUDGET FOR ENTIRE MODEL AT END OF TIME STEP    1, STRESS PERIOD  25
  ---------------------------------------------------------------------------------------------------

     CUMULATIVE VOLUME      L**3       RATES FOR THIS TIME STEP      L**3/T          PACKAGE NAME    
     ------------------                 ------------------------                     ----------------

           IN:                                      IN:
           ---                                      ---
              STO-SS =         174.9984                STO-SS =           1.0000     STORAGE                          
                 WEL =           0.0000                   WEL =           0.0000     WEL_0                            

            TOTAL IN =         174.9984              TOTAL IN =           1.0000

          OUT:                                     OUT:
          ----                                     ----
              STO-SS =           0.0000                STO-SS =           0.0000     STORAGE                          
                 WEL =         175.0000                   WEL =           1.0000     WEL_0                            

           TOTAL OUT =         175.0000             TOTAL OUT =           1.0000

            IN - OUT =      -1.5551E-03              IN - OUT =      -6.0935E-07

 PERCENT DISCREPANCY =          -0.00     PERCENT DISCREPANCY =          -0.00




         TIME SUMMARY AT END OF TIME STEP    1 IN STRESS PERIOD   25
                          TIME STEP LENGTH =    7.00000    
                        STRESS PERIOD TIME =    7.00000    
                     TOTAL SIMULATION TIME =    175.000    

end timestep


start timestep kper="26" kstp="1" mode="normal"


 OUTPUT CONTROL FOR STRESS PERIOD 26 IS REPEATED USING SETTINGS FROM A PREVIOUS STRESS PERIOD.
 UBDSV1 SAVING           STO-SS ON UNIT   1014 AT TIME STEP      1, STRESS PERIOD     26
 UBDSV1 SAVING     FLOW-JA-FACE ON UNIT   1014 AT TIME STEP      1, STRESS PERIOD     26
 UBDSV06 SAVING              WEL IN MODEL UNIT_RESP        PACKAGE UNIT_RESP       CONNECTED TO MODEL UNIT_RESP        PACKAGE WEL_0            ON UNIT   1014 AT TIME STEP      1, STRESS PERIOD     26

 HEAD WILL BE SAVED ON UNIT 1015 AT END OF TIME STEP    1, STRESS PERIOD   26


  VOLUME BUDGET FOR ENTIRE MODEL AT END OF TIME STEP    1, STRESS PERIOD  26
  ---------------------------------------------------------------------------------------------------

     CUMULATIVE VOLUME      L**3       RATES FOR THIS TIME STEP      L**3/T          PACKAGE NAME    
     ------------------                 ------------------------                     ----------------

           IN:                                      IN:
           ---                                      ---
              STO-SS =         181.9984                STO-SS =           1.0000     STORAGE                          
                 WEL =           0.0000                   WEL =           0.0000     WEL_0                            

            TOTAL IN =         181.9984              TOTAL IN =           1.0000

          OUT:                                     OUT:
          ----                                     ----
              STO-SS =           0.0000                STO-SS =           0.0000     STORAGE                          
                 WEL =         182.0000                   WEL =           1.0000     WEL_0                            

           TOTAL OUT =         182.0000             TOTAL OUT =           1.0000

            IN - OUT =      -1.5593E-03              IN - OUT =      -6.0573E-07

 PERCENT DISCREPANCY =          -0.00     PERCENT DISCREPANCY =          -0.00




         TIME SUMMARY AT END OF TIME STEP    1 IN STRESS PERIOD   26
                          TIME STEP LENGTH =    7.00000    
                        STRESS PERIOD TIME =    7.00000    
                     TOTAL SIMULATION TIME =    182.000    

end timestep


start timestep kper="27" kstp="1" mode="normal"


 OUTPUT CONTROL FOR STRESS PERIOD 27 IS REPEATED USING SETTINGS FROM A PREVIOUS STRESS PERIOD.
 UBDSV1 SAVING           STO-SS ON UNIT   1014 AT TIME STEP      1, STRESS PERIOD     27
 UBDSV1 SAVING     FLOW-JA-FACE ON UNIT   1014 AT TIME STEP      1, STRESS PERIOD     27
 UBDSV06 SAVING              WEL IN MODEL UNIT_RESP        PACKAGE UNIT_RESP       CONNECTED TO MODEL UNIT_RESP        PACKAGE WEL_0            ON UNIT   1014 AT TIME STEP      1, STRESS PERIOD     27

 HEAD WILL BE SAVED ON UNIT 1015 AT END OF TIME STEP    1, STRESS PERIOD   27


  VOLUME BUDGET FOR ENTIRE MODEL AT END OF TIME STEP    1, STRESS PERIOD  27
  ---------------------------------------------------------------------------------------------------

     CUMULATIVE VOLUME      L**3       RATES FOR THIS TIME STEP      L**3/T          PACKAGE NAME    
     ------------------                 ------------------------                     ----------------

           IN:                                      IN:
           ---                                      ---
              STO-SS =         188.9984                STO-SS =           1.0000     STORAGE                          
                 WEL =           0.0000                   WEL =           0.0000     WEL_0                            

            TOTAL IN =         188.9984              TOTAL IN =           1.0000

          OUT:                                     OUT:
          ----                                     ----
              STO-SS =           0.0000                STO-SS =           0.0000     STORAGE                          
                 WEL =         189.0000                   WEL =           1.0000     WEL_0                            

           TOTAL OUT =         189.0000             TOTAL OUT =           1.0000

            IN - OUT =      -1.5636E-03              IN - OUT =      -6.0317E-07

 PERCENT DISCREPANCY =          -0.00     PERCENT DISCREPANCY =          -0.00




         TIME SUMMARY AT END OF TIME STEP    1 IN STRESS PERIOD   27
                          TIME STEP LENGTH =    7.00000    
                        STRESS PERIOD TIME =    7.00000    
                     TOTAL SIMULATION TIME =    189.000    

end timestep


start timestep kper="28" kstp="1" mode="normal"


 OUTPUT CONTROL FOR STRESS PERIOD 28 IS REPEATED USING SETTINGS FROM A PREVIOUS STRESS PERIOD.
 UBDSV1 SAVING           STO-SS ON UNIT   1014 AT TIME STEP      1, STRESS PERIOD     28
 UBDSV1 SAVING     FLOW-JA-FACE ON UNIT   1014 AT TIME STEP      1, STRESS PERIOD     28
 UBDSV06 SAVING              WEL IN MODEL UNIT_RESP        PACKAGE UNIT_RESP       CONNECTED TO MODEL UNIT_RESP        PACKAGE WEL_0            ON UNIT   1014 AT TIME STEP      1, STRESS PERIOD     28

 HEAD WILL BE SAVED ON UNIT 1015 AT END OF TIME STEP    1, STRESS PERIOD   28


  VOLUME BUDGET FOR ENTIRE MODEL AT END OF TIME STEP    1, STRESS PERIOD  28
  ---------------------------------------------------------------------------------------------------

     CUMULATIVE VOLUME      L**3       RATES FOR THIS TIME STEP      L**3/T          PACKAGE NAME    
     ------------------                 ------------------------                     ----------------

           IN:                                      IN:
           ---                                      ---
              STO-SS =         195.9984                STO-SS =           1.0000     STORAGE                          
                 WEL =           0.0000                   WEL =           0.0000     WEL_0                            

            TOTAL IN =         195.9984              TOTAL IN =           1.0000

          OUT:                                     OUT:
          ----                                     ----
              STO-SS =           0.0000                STO-SS =           0.0000     STORAGE                          
                 WEL =         196.0000                   WEL =           1.0000     WEL_0                            

           TOTAL OUT =         196.0000             TOTAL OUT =           1.0000

            IN - OUT =      -1.5678E-03              IN - OUT =      -6.0140E-07

 PERCENT DISCREPANCY =          -0.00     PERCENT DISCREPANCY =          -0.00




         TIME SUMMARY AT END OF TIME STEP    1 IN STRESS PERIOD   28
                          TIME STEP LENGTH =    7.00000    
                        STRESS PERIOD TIME =    7.00000    
                     TOTAL SIMULATION TIME =    196.000    

end timestep


start timestep kper="29" kstp="1" mode="normal"


 OUTPUT CONTROL FOR STRESS PERIOD 29 IS REPEATED USING SETTINGS FROM A PREVIOUS STRESS PERIOD.
 UBDSV1 SAVING           STO-SS ON UNIT   1014 AT TIME STEP      1, STRESS PERIOD     29
 UBDSV1 SAVING     FLOW-JA-FACE ON UNIT   1014 AT TIME STEP      1, STRESS PERIOD     29
 UBDSV06 SAVING              WEL IN MODEL UNIT_RESP        PACKAGE UNIT_RESP       CONNECTED TO MODEL UNIT_RESP        PACKAGE WEL_0            ON UNIT   1014 AT TIME STEP      1, STRESS PERIOD     29

 HEAD WILL BE SAVED ON UNIT 1015 AT END OF TIME STEP    1, STRESS PERIOD   29


  VOLUME BUDGET FOR ENTIRE MODEL AT END OF TIME STEP    1, STRESS PERIOD  29
  ---------------------------------------------------------------------------------------------------

     CUMULATIVE VOLUME      L**3       RATES FOR THIS TIME STEP      L**3/T          PACKAGE NAME    
     ------------------                 ------------------------                     ----------------

           IN:                                      IN:
           ---                                      ---
              STO-SS =         202.9984                STO-SS =           1.0000     STORAGE                          
                 WEL =           0.0000                   WEL =           0.0000     WEL_0                            

            TOTAL IN =         202.9984              TOTAL IN =           1.0000

          OUT:                                     OUT:
          ----                                     ----
              STO-SS =           0.0000                STO-SS =           0.0000     STORAGE                          
                 WEL =         203.0000                   WEL =           1.0000     WEL_0                            

           TOTAL OUT =         203.0000             TOTAL OUT =           1.0000

            IN - OUT =      -1.5720E-03              IN - OUT =      -6.0015E-07

 PERCENT DISCREPANCY =          -0.00     PERCENT DISCREPANCY =          -0.00




         TIME SUMMARY AT END OF TIME STEP    1 IN STRESS PERIOD   29
                          TIME STEP LENGTH =    7.00000    
                        STRESS PERIOD TIME =    7.00000    
                     TOTAL SIMULATION TIME =    203.000    

end timestep


start timestep kper="30" kstp="1" mode="normal"


 OUTPUT CONTROL FOR STRESS PERIOD 30 IS REPEATED USING SETTINGS FROM A PREVIOUS STRESS PERIOD.
 UBDSV1 SAVING           STO-SS ON UNIT   1014 AT TIME STEP      1, STRESS PERIOD     30
 UBDSV1 SAVING     FLOW-JA-FACE ON UNIT   1014 AT TIME STEP      1, STRESS PERIOD     30
 UBDSV06 SAVING              WEL IN MODEL UNIT_RESP        PACKAGE UNIT_RESP       CONNECTED TO MODEL UNIT_RESP        PACKAGE WEL_0            ON UNIT   1014 AT TIME STEP      1, STRESS PERIOD     30

 HEAD WILL BE SAVED ON UNIT 1015 AT END OF TIME STEP    1, STRESS PERIOD   30


  VOLUME BUDGET FOR ENTIRE MODEL AT END OF TIME STEP    1, STRESS PERIOD  30
  ---------------------------------------------------------------------------------------------------

     CUMULATIVE VOLUME      L**3       RATES FOR THIS TIME STEP      L**3/T          PACKAGE NAME    
     ------------------                 ------------------------                     ----------------

           IN:                                      IN:
           ---                                      ---
              STO-SS =         209.9984                STO-SS =           1.0000     STORAGE                          
                 WEL =           0.0000                   WEL =           0.0000     WEL_0                            

            TOTAL IN =         209.9984              TOTAL IN =           1.0000

          OUT:                                     OUT:
          ----                                     ----
              STO-SS =           0.0000                STO-SS =           0.0000     STORAGE                          
                 WEL =         210.0000                   WEL =           1.0000     WEL_0                            

           TOTAL OUT =         210.0000             TOTAL OUT =           1.0000

            IN - OUT =      -1.5762E-03              IN - OUT =      -5.9929E-07

 PERCENT DISCREPANCY =          -0.00     PERCENT DISCREPANCY =          -0.00




         TIME SUMMARY AT END OF TIME STEP    1 IN STRESS PERIOD   30
                          TIME STEP LENGTH =    7.00000    
                        STRESS PERIOD TIME =    7.00000    
                     TOTAL SIMULATION TIME =    210.000    

end timestep


start timestep kper="31" kstp="1" mode="normal"


 OUTPUT CONTROL FOR STRESS PERIOD 31 IS REPEATED USING SETTINGS FROM A PREVIOUS STRESS PERIOD.
 UBDSV1 SAVING           STO-SS ON UNIT   1014 AT TIME STEP      1, STRESS PERIOD     31
 UBDSV1 SAVING     FLOW-JA-FACE ON UNIT   1014 AT TIME STEP      1, STRESS PERIOD     31
 UBDSV06 SAVING              WEL IN MODEL UNIT_RESP        PACKAGE UNIT_RESP       CONNECTED TO MODEL UNIT_RESP        PACKAGE WEL_0            ON UNIT   1014 AT TIME STEP      1, STRESS PERIOD     31

 HEAD WILL BE SAVED ON UNIT 1015 AT END OF TIME STEP    1, STRESS PERIOD   31


  VOLUME BUDGET FOR ENTIRE MODEL AT END OF TIME STEP    1, STRESS PERIOD  31
  ---------------------------------------------------------------------------------------------------

     CUMULATIVE VOLUME      L**3       RATES FOR THIS TIME STEP      L**3/T          PACKAGE NAME    
     ------------------                 ------------------------                     ----------------

           IN:                                      IN:
           ---                                      ---
              STO-SS =         216.9984                STO-SS =           1.0000     STORAGE                          
                 WEL =           0.0000                   WEL =           0.0000     WEL_0                            

            TOTAL IN =         216.9984              TOTAL IN =           1.0000

          OUT:                                     OUT:
          ----                                     ----
              STO-SS =           0.0000                STO-SS =           0.0000     STORAGE                          
                 WEL =         217.0000                   WEL =           1.0000     WEL_0                            

           TOTAL OUT =         217.0000             TOTAL OUT =           1.0000

            IN - OUT =      -1.5804E-03              IN - OUT =      -5.9868E-07

 PERCENT DISCREPANCY =          -0.00     PERCENT DISCREPANCY =          -0.00




         TIME SUMMARY AT END OF TIME STEP    1 IN STRESS PERIOD   31
                          TIME STEP LENGTH =    7.00000    
                        STRESS PERIOD TIME =    7.00000    
                     TOTAL SIMULATION TIME =    217.000    

end timestep


start timestep kper="32" kstp="1" mode="normal"


 OUTPUT CONTROL FOR STRESS PERIOD 32 IS REPEATED USING SETTINGS FROM A PREVIOUS STRESS PERIOD.
 UBDSV1 SAVING           STO-SS ON UNIT   1014 AT TIME STEP      1, STRESS PERIOD     32
 UBDSV1 SAVING     FLOW-JA-FACE ON UNIT   1014 AT TIME STEP      1, STRESS PERIOD     32
 UBDSV06 SAVING              WEL IN MODEL UNIT_RESP        PACKAGE UNIT_RESP       CONNECTED TO MODEL UNIT_RESP        PACKAGE WEL_0            ON UNIT   1014 AT TIME STEP      1, STRESS PERIOD     32

 HEAD WILL BE SAVED ON UNIT 1015 AT END OF TIME STEP    1, STRESS PERIOD   32


  VOLUME BUDGET FOR ENTIRE MODEL AT END OF TIME STEP    1, STRESS PERIOD  32
  ---------------------------------------------------------------------------------------------------

     CUMULATIVE VOLUME      L**3       RATES FOR THIS TIME STEP      L**3/T          PACKAGE NAME    
     ------------------                 ------------------------                     ----------------

           IN:                                      IN:
           ---                                      ---
              STO-SS =         223.9984                STO-SS =           1.0000     STORAGE                          
                 WEL =           0.0000                   WEL =           0.0000     WEL_0                            

            TOTAL IN =         223.9984              TOTAL IN =           1.0000

          OUT:                                     OUT:
          ----                                     ----
              STO-SS =           0.0000                STO-SS =           0.0000     STORAGE                          
                 WEL =         224.0000                   WEL =           1.0000     WEL_0                            

           TOTAL OUT =         224.0000             TOTAL OUT =           1.0000

            IN - OUT =      -1.5845E-03              IN - OUT =      -5.9827E-07

 PERCENT DISCREPANCY =          -0.00     PERCENT DISCREPANCY =          -0.00




         TIME SUMMARY AT END OF TIME STEP    1 IN STRESS PERIOD   32
                          TIME STEP LENGTH =    7.00000    
                        STRESS PERIOD TIME =    7.00000    
                     TOTAL SIMULATION TIME =    224.000    

end timestep


start timestep kper="33" kstp="1" mode="normal"


 OUTPUT CONTROL FOR STRESS PERIOD 33 IS REPEATED USING SETTINGS FROM A PREVIOUS STRESS PERIOD.
 UBDSV1 SAVING           STO-SS ON UNIT   1014 AT TIME STEP      1, STRESS PERIOD     33
 UBDSV1 SAVING     FLOW-JA-FACE ON UNIT   1014 AT TIME STEP      1, STRESS PERIOD     33
 UBDSV06 SAVING              WEL IN MODEL UNIT_RESP        PACKAGE UNIT_RESP       CONNECTED TO MODEL UNIT_RESP        PACKAGE WEL_0            ON UNIT   1014 AT TIME STEP      1, STRESS PERIOD     33

 HEAD WILL BE SAVED ON UNIT 1015 AT END OF TIME STEP    1, STRESS PERIOD   33


  VOLUME BUDGET FOR ENTIRE MODEL AT END OF TIME STEP    1, STRESS PERIOD  33
  ---------------------------------------------------------------------------------------------------

     CUMULATIVE VOLUME      L**3       RATES FOR THIS TIME STEP      L**3/T          PACKAGE NAME    
     ------------------                 ------------------------                     ----------------

           IN:                                      IN:
           ---                                      ---
              STO-SS =         230.9984                STO-SS =           1.0000     STORAGE                          
                 WEL =           0.0000                   WEL =           0.0000     WEL_0                            

            TOTAL IN =         230.9984              TOTAL IN =           1.0000

          OUT:                                     OUT:
          ----                                     ----
              STO-SS =           0.0000                STO-SS =           0.0000     STORAGE                          
                 WEL =         231.0000                   WEL =           1.0000     WEL_0                            

           TOTAL OUT =         231.0000             TOTAL OUT =           1.0000

            IN - OUT =      -1.5887E-03              IN - OUT =      -5.9797E-07

 PERCENT DISCREPANCY =          -0.00     PERCENT DISCREPANCY =          -0.00




         TIME SUMMARY AT END OF TIME STEP    1 IN STRESS PERIOD   33
                          TIME STEP LENGTH =    7.00000    
                        STRESS PERIOD TIME =    7.00000    
                     TOTAL SIMULATION TIME =    231.000    

end timestep


start timestep kper="34" kstp="1" mode="normal"


 OUTPUT CONTROL FOR STRESS PERIOD 34 IS REPEATED USING SETTINGS FROM A PREVIOUS STRESS PERIOD.
 UBDSV1 SAVING           STO-SS ON UNIT   1014 AT TIME STEP      1, STRESS PERIOD     34
 UBDSV1 SAVING     FLOW-JA-FACE ON UNIT   1014 AT TIME STEP      1, STRESS PERIOD     34
 UBDSV06 SAVING              WEL IN MODEL UNIT_RESP        PACKAGE UNIT_RESP       CONNECTED TO MODEL UNIT_RESP        PACKAGE WEL_0            ON UNIT   1014 AT TIME STEP      1, STRESS PERIOD     34

 HEAD WILL BE SAVED ON UNIT 1015 AT END OF TIME STEP    1, STRESS PERIOD   34


  VOLUME BUDGET FOR ENTIRE MODEL AT END OF TIME STEP    1, STRESS PERIOD  34
  ---------------------------------------------------------------------------------------------------

     CUMULATIVE VOLUME      L**3       RATES FOR THIS TIME STEP      L**3/T          PACKAGE NAME    
     ------------------                 ------------------------                     ----------------

           IN:                                      IN:
           ---                                      ---
              STO-SS =         237.9984                STO-SS =           1.0000     STORAGE                          
                 WEL =           0.0000                   WEL =           0.0000     WEL_0                            

            TOTAL IN =         237.9984              TOTAL IN =           1.0000

          OUT:                                     OUT:
          ----                                     ----
              STO-SS =           0.0000                STO-SS =           0.0000     STORAGE                          
                 WEL =         238.0000                   WEL =           1.0000     WEL_0                            

           TOTAL OUT =         238.0000             TOTAL OUT =           1.0000

            IN - OUT =      -1.5929E-03              IN - OUT =      -5.9778E-07

 PERCENT DISCREPANCY =          -0.00     PERCENT DISCREPANCY =          -0.00




         TIME SUMMARY AT END OF TIME STEP    1 IN STRESS PERIOD   34
                          TIME STEP LENGTH =    7.00000    
                        STRESS PERIOD TIME =    7.00000    
                     TOTAL SIMULATION TIME =    238.000    

end timestep


start timestep kper="35" kstp="1" mode="normal"


 OUTPUT CONTROL FOR STRESS PERIOD 35 IS REPEATED USING SETTINGS FROM A PREVIOUS STRESS PERIOD.
 UBDSV1 SAVING           STO-SS ON UNIT   1014 AT TIME STEP      1, STRESS PERIOD     35
 UBDSV1 SAVING     FLOW-JA-FACE ON UNIT   1014 AT TIME STEP      1, STRESS PERIOD     35
 UBDSV06 SAVING              WEL IN MODEL UNIT_RESP        PACKAGE UNIT_RESP       CONNECTED TO MODEL UNIT_RESP        PACKAGE WEL_0            ON UNIT   1014 AT TIME STEP      1, STRESS PERIOD     35

 HEAD WILL BE SAVED ON UNIT 1015 AT END OF TIME STEP    1, STRESS PERIOD   35


  VOLUME BUDGET FOR ENTIRE MODEL AT END OF TIME STEP    1, STRESS PERIOD  35
  ---------------------------------------------------------------------------------------------------

     CUMULATIVE VOLUME      L**3       RATES FOR THIS TIME STEP      L**3/T          PACKAGE NAME    
     ------------------                 ------------------------                     ----------------

           IN:                                      IN:
           ---                                      ---
              STO-SS =         244.9984                STO-SS =           1.0000     STORAGE                          
                 WEL =           0.0000                   WEL =           0.0000     WEL_0                            

            TOTAL IN =         244.9984              TOTAL IN =           1.0000

          OUT:                                     OUT:
          ----                                     ----
              STO-SS =           0.0000                STO-SS =           0.0000     STORAGE                          
                 WEL =         245.0000                   WEL =           1.0000     WEL_0                            

           TOTAL OUT =         245.0000             TOTAL OUT =           1.0000

            IN - OUT =      -1.5971E-03              IN - OUT =      -5.9763E-07

 PERCENT DISCREPANCY =          -0.00     PERCENT DISCREPANCY =          -0.00




         TIME SUMMARY AT END OF TIME STEP    1 IN STRESS PERIOD   35
                          TIME STEP LENGTH =    7.00000    
                        STRESS PERIOD TIME =    7.00000    
                     TOTAL SIMULATION TIME =    245.000    

end timestep


start timestep kper="36" kstp="1" mode="normal"


 OUTPUT CONTROL FOR STRESS PERIOD 36 IS REPEATED USING SETTINGS FROM A PREVIOUS STRESS PERIOD.
 UBDSV1 SAVING           STO-SS ON UNIT   1014 AT TIME STEP      1, STRESS PERIOD     36
 UBDSV1 SAVING     FLOW-JA-FACE ON UNIT   1014 AT TIME STEP      1, STRESS PERIOD     36
 UBDSV06 SAVING              WEL IN MODEL UNIT_RESP        PACKAGE UNIT_RESP       CONNECTED TO MODEL UNIT_RESP        PACKAGE WEL_0            ON UNIT   1014 AT TIME STEP      1, STRESS PERIOD     36

 HEAD WILL BE SAVED ON UNIT 1015 AT END OF TIME STEP    1, STRESS PERIOD   36


  VOLUME BUDGET FOR ENTIRE MODEL AT END OF TIME STEP    1, STRESS PERIOD  36
  ---------------------------------------------------------------------------------------------------

     CUMULATIVE VOLUME      L**3       RATES FOR THIS TIME STEP      L**3/T          PACKAGE NAME    
     ------------------                 ------------------------                     ----------------

           IN:                                      IN:
           ---                                      ---
              STO-SS =         251.9984                STO-SS =           1.0000     STORAGE                          
                 WEL =           0.0000                   WEL =           0.0000     WEL_0                            

            TOTAL IN =         251.9984              TOTAL IN =           1.0000

          OUT:                                     OUT:
          ----                                     ----
              STO-SS =           0.0000                STO-SS =           0.0000     STORAGE                          
                 WEL =         252.0000                   WEL =           1.0000     WEL_0                            

           TOTAL OUT =         252.0000             TOTAL OUT =           1.0000

            IN - OUT =      -1.6013E-03              IN - OUT =      -5.9754E-07

 PERCENT DISCREPANCY =          -0.00     PERCENT DISCREPANCY =          -0.00




         TIME SUMMARY AT END OF TIME STEP    1 IN STRESS PERIOD   36
                          TIME STEP LENGTH =    7.00000    
                        STRESS PERIOD TIME =    7.00000    
                     TOTAL SIMULATION TIME =    252.000    

end timestep


start timestep kper="37" kstp="1" mode="normal"


 OUTPUT CONTROL FOR STRESS PERIOD 37 IS REPEATED USING SETTINGS FROM A PREVIOUS STRESS PERIOD.
 UBDSV1 SAVING           STO-SS ON UNIT   1014 AT TIME STEP      1, STRESS PERIOD     37
 UBDSV1 SAVING     FLOW-JA-FACE ON UNIT   1014 AT TIME STEP      1, STRESS PERIOD     37
 UBDSV06 SAVING              WEL IN MODEL UNIT_RESP        PACKAGE UNIT_RESP       CONNECTED TO MODEL UNIT_RESP        PACKAGE WEL_0            ON UNIT   1014 AT TIME STEP      1, STRESS PERIOD     37

 HEAD WILL BE SAVED ON UNIT 1015 AT END OF TIME STEP    1, STRESS PERIOD   37


  VOLUME BUDGET FOR ENTIRE MODEL AT END OF TIME STEP    1, STRESS PERIOD  37
  ---------------------------------------------------------------------------------------------------

     CUMULATIVE VOLUME      L**3       RATES FOR THIS TIME STEP      L**3/T          PACKAGE NAME    
     ------------------                 ------------------------                     ----------------

           IN:                                      IN:
           ---                                      ---
              STO-SS =         258.9984                STO-SS =           1.0000     STORAGE                          
                 WEL =           0.0000                   WEL =           0.0000     WEL_0                            

            TOTAL IN =         258.9984              TOTAL IN =           1.0000

          OUT:                                     OUT:
          ----                                     ----
              STO-SS =           0.0000                STO-SS =           0.0000     STORAGE                          
                 WEL =         259.0000                   WEL =           1.0000     WEL_0                            

           TOTAL OUT =         259.0000             TOTAL OUT =           1.0000

            IN - OUT =      -1.6055E-03              IN - OUT =      -5.9747E-07

 PERCENT DISCREPANCY =          -0.00     PERCENT DISCREPANCY =          -0.00




         TIME SUMMARY AT END OF TIME STEP    1 IN STRESS PERIOD   37
                          TIME STEP LENGTH =    7.00000    
                        STRESS PERIOD TIME =    7.00000    
                     TOTAL SIMULATION TIME =    259.000    

end timestep


start timestep kper="38" kstp="1" mode="normal"


 OUTPUT CONTROL FOR STRESS PERIOD 38 IS REPEATED USING SETTINGS FROM A PREVIOUS STRESS PERIOD.
 UBDSV1 SAVING           STO-SS ON UNIT   1014 AT TIME STEP      1, STRESS PERIOD     38
 UBDSV1 SAVING     FLOW-JA-FACE ON UNIT   1014 AT TIME STEP      1, STRESS PERIOD     38
 UBDSV06 SAVING              WEL IN MODEL UNIT_RESP        PACKAGE UNIT_RESP       CONNECTED TO MODEL UNIT_RESP        PACKAGE WEL_0            ON UNIT   1014 AT TIME STEP      1, STRESS PERIOD     38

 HEAD WILL BE SAVED ON UNIT 1015 AT END OF TIME STEP    1, STRESS PERIOD   38


  VOLUME BUDGET FOR ENTIRE MODEL AT END OF TIME STEP    1, STRESS PERIOD  38
  ---------------------------------------------------------------------------------------------------

     CUMULATIVE VOLUME      L**3       RATES FOR THIS TIME STEP      L**3/T          PACKAGE NAME    
     ------------------                 ------------------------                     ----------------

           IN:                                      IN:
           ---                                      ---
              STO-SS =         265.9984                STO-SS =           1.0000     STORAGE                          
                 WEL =           0.0000                   WEL =           0.0000     WEL_0                            

            TOTAL IN =         265.9984              TOTAL IN =           1.0000

          OUT:                                     OUT:
          ----                                     ----
              STO-SS =           0.0000                STO-SS =           0.0000     STORAGE                          
                 WEL =         266.0000                   WEL =           1.0000     WEL_0                            

           TOTAL OUT =         266.0000             TOTAL OUT =           1.0000

            IN - OUT =      -1.6096E-03              IN - OUT =      -5.9744E-07

 PERCENT DISCREPANCY =          -0.00     PERCENT DISCREPANCY =          -0.00




         TIME SUMMARY AT END OF TIME STEP    1 IN STRESS PERIOD   38
                          TIME STEP LENGTH =    7.00000    
                        STRESS PERIOD TIME =    7.00000    
                     TOTAL SIMULATION TIME =    266.000    

end timestep


start timestep kper="39" kstp="1" mode="normal"


 OUTPUT CONTROL FOR STRESS PERIOD 39 IS REPEATED USING SETTINGS FROM A PREVIOUS STRESS PERIOD.
 UBDSV1 SAVING           STO-SS ON UNIT   1014 AT TIME STEP      1, STRESS PERIOD     39
 UBDSV1 SAVING     FLOW-JA-FACE ON UNIT   1014 AT TIME STEP      1, STRESS PERIOD     39
 UBDSV06 SAVING              WEL IN MODEL UNIT_RESP        PACKAGE UNIT_RESP       CONNECTED TO MODEL UNIT_RESP        PACKAGE WEL_0            ON UNIT   1014 AT TIME STEP      1, STRESS PERIOD     39

 HEAD WILL BE SAVED ON UNIT 1015 AT END OF TIME STEP    1, STRESS PERIOD   39


  VOLUME BUDGET FOR ENTIRE MODEL AT END OF TIME STEP    1, STRESS PERIOD  39
  ---------------------------------------------------------------------------------------------------

     CUMULATIVE VOLUME      L**3       RATES FOR THIS TIME STEP      L**3/T          PACKAGE NAME    
     ------------------                 ------------------------                     ----------------

           IN:                                      IN:
           ---                                      ---
              STO-SS =         272.9984                STO-SS =           1.0000     STORAGE                          
                 WEL =           0.0000                   WEL =           0.0000     WEL_0                            

            TOTAL IN =         272.9984              TOTAL IN =           1.0000

          OUT:                                     OUT:
          ----                                     ----
              STO-SS =           0.0000                STO-SS =           0.0000     STORAGE                          
                 WEL =         273.0000                   WEL =           1.0000     WEL_0                            

           TOTAL OUT =         273.0000             TOTAL OUT =           1.0000

            IN - OUT =      -1.6138E-03              IN - OUT =      -5.9740E-07

 PERCENT DISCREPANCY =          -0.00     PERCENT DISCREPANCY =          -0.00




         TIME SUMMARY AT END OF TIME STEP    1 IN STRESS PERIOD   39
                          TIME STEP LENGTH =    7.00000    
                        STRESS PERIOD TIME =    7.00000    
                     TOTAL SIMULATION TIME =    273.000    

end timestep


start timestep kper="40" kstp="1" mode="normal"


 OUTPUT CONTROL FOR STRESS PERIOD 40 IS REPEATED USING SETTINGS FROM A PREVIOUS STRESS PERIOD.
 UBDSV1 SAVING           STO-SS ON UNIT   1014 AT TIME STEP      1, STRESS PERIOD     40
 UBDSV1 SAVING     FLOW-JA-FACE ON UNIT   1014 AT TIME STEP      1, STRESS PERIOD     40
 UBDSV06 SAVING              WEL IN MODEL UNIT_RESP        PACKAGE UNIT_RESP       CONNECTED TO MODEL UNIT_RESP        PACKAGE WEL_0            ON UNIT   1014 AT TIME STEP      1, STRESS PERIOD     40

 HEAD WILL BE SAVED ON UNIT 1015 AT END OF TIME STEP    1, STRESS PERIOD   40


  VOLUME BUDGET FOR ENTIRE MODEL AT END OF TIME STEP    1, STRESS PERIOD  40
  ---------------------------------------------------------------------------------------------------

     CUMULATIVE VOLUME      L**3       RATES FOR THIS TIME STEP      L**3/T          PACKAGE NAME    
     ------------------                 ------------------------                     ----------------

           IN:                                      IN:
           ---                                      ---
              STO-SS =         279.9984                STO-SS =           1.0000     STORAGE                          
                 WEL =           0.0000                   WEL =           0.0000     WEL_0                            

            TOTAL IN =         279.9984              TOTAL IN =           1.0000

          OUT:                                     OUT:
          ----                                     ----
              STO-SS =           0.0000                STO-SS =           0.0000     STORAGE                          
                 WEL =         280.0000                   WEL =           1.0000     WEL_0                            

           TOTAL OUT =         280.0000             TOTAL OUT =           1.0000

            IN - OUT =      -1.6180E-03              IN - OUT =      -5.9739E-07

 PERCENT DISCREPANCY =          -0.00     PERCENT DISCREPANCY =          -0.00




         TIME SUMMARY AT END OF TIME STEP    1 IN STRESS PERIOD   40
                          TIME STEP LENGTH =    7.00000    
                        STRESS PERIOD TIME =    7.00000    
                     TOTAL SIMULATION TIME =    280.000    

end timestep


start timestep kper="41" kstp="1" mode="normal"


 OUTPUT CONTROL FOR STRESS PERIOD 41 IS REPEATED USING SETTINGS FROM A PREVIOUS STRESS PERIOD.
 UBDSV1 SAVING           STO-SS ON UNIT   1014 AT TIME STEP      1, STRESS PERIOD     41
 UBDSV1 SAVING     FLOW-JA-FACE ON UNIT   1014 AT TIME STEP      1, STRESS PERIOD     41
 UBDSV06 SAVING              WEL IN MODEL UNIT_RESP        PACKAGE UNIT_RESP       CONNECTED TO MODEL UNIT_RESP        PACKAGE WEL_0            ON UNIT   1014 AT TIME STEP      1, STRESS PERIOD     41

 HEAD WILL BE SAVED ON UNIT 1015 AT END OF TIME STEP    1, STRESS PERIOD   41


  VOLUME BUDGET FOR ENTIRE MODEL AT END OF TIME STEP    1, STRESS PERIOD  41
  ---------------------------------------------------------------------------------------------------

     CUMULATIVE VOLUME      L**3       RATES FOR THIS TIME STEP      L**3/T          PACKAGE NAME    
     ------------------                 ------------------------                     ----------------

           IN:                                      IN:
           ---                                      ---
              STO-SS =         286.9984                STO-SS =           1.0000     STORAGE                          
                 WEL =           0.0000                   WEL =           0.0000     WEL_0                            

            TOTAL IN =         286.9984              TOTAL IN =           1.0000

          OUT:                                     OUT:
          ----                                     ----
              STO-SS =           0.0000                STO-SS =           0.0000     STORAGE                          
                 WEL =         287.0000                   WEL =           1.0000     WEL_0                            

           TOTAL OUT =         287.0000             TOTAL OUT =           1.0000

            IN - OUT =      -1.6222E-03              IN - OUT =      -5.9737E-07

 PERCENT DISCREPANCY =          -0.00     PERCENT DISCREPANCY =          -0.00




         TIME SUMMARY AT END OF TIME STEP    1 IN STRESS PERIOD   41
                          TIME STEP LENGTH =    7.00000    
                        STRESS PERIOD TIME =    7.00000    
                     TOTAL SIMULATION TIME =    287.000    

end timestep


start timestep kper="42" kstp="1" mode="normal"


 OUTPUT CONTROL FOR STRESS PERIOD 42 IS REPEATED USING SETTINGS FROM A PREVIOUS STRESS PERIOD.
 UBDSV1 SAVING           STO-SS ON UNIT   1014 AT TIME STEP      1, STRESS PERIOD     42
 UBDSV1 SAVING     FLOW-JA-FACE ON UNIT   1014 AT TIME STEP      1, STRESS PERIOD     42
 UBDSV06 SAVING              WEL IN MODEL UNIT_RESP        PACKAGE UNIT_RESP       CONNECTED TO MODEL UNIT_RESP        PACKAGE WEL_0            ON UNIT   1014 AT TIME STEP      1, STRESS PERIOD     42

 HEAD WILL BE SAVED ON UNIT 1015 AT END OF TIME STEP    1, STRESS PERIOD   42


  VOLUME BUDGET FOR ENTIRE MODEL AT END OF TIME STEP    1, STRESS PERIOD  42
  ---------------------------------------------------------------------------------------------------

     CUMULATIVE VOLUME      L**3       RATES FOR THIS TIME STEP      L**3/T          PACKAGE NAME    
     ------------------                 ------------------------                     ----------------

           IN:                                      IN:
           ---                                      ---
              STO-SS =         293.9984                STO-SS =           1.0000     STORAGE                          
                 WEL =           0.0000                   WEL =           0.0000     WEL_0                            

            TOTAL IN =         293.9984              TOTAL IN =           1.0000

          OUT:                                     OUT:
          ----                                     ----
              STO-SS =           0.0000                STO-SS =           0.0000     STORAGE                          
                 WEL =         294.0000                   WEL =           1.0000     WEL_0                            

           TOTAL OUT =         294.0000             TOTAL OUT =           1.0000

            IN - OUT =      -1.6264E-03              IN - OUT =      -5.9737E-07

 PERCENT DISCREPANCY =          -0.00     PERCENT DISCREPANCY =          -0.00




         TIME SUMMARY AT END OF TIME STEP    1 IN STRESS PERIOD   42
                          TIME STEP LENGTH =    7.00000    
                        STRESS PERIOD TIME =    7.00000    
                     TOTAL SIMULATION TIME =    294.000    

end timestep


start timestep kper="43" kstp="1" mode="normal"


 OUTPUT CONTROL FOR STRESS PERIOD 43 IS REPEATED USING SETTINGS FROM A PREVIOUS STRESS PERIOD.
 UBDSV1 SAVING           STO-SS ON UNIT   1014 AT TIME STEP      1, STRESS PERIOD     43
 UBDSV1 SAVING     FLOW-JA-FACE ON UNIT   1014 AT TIME STEP      1, STRESS PERIOD     43
 UBDSV06 SAVING              WEL IN MODEL UNIT_RESP        PACKAGE UNIT_RESP       CONNECTED TO MODEL UNIT_RESP        PACKAGE WEL_0            ON UNIT   1014 AT TIME STEP      1, STRESS PERIOD     43

 HEAD WILL BE SAVED ON UNIT 1015 AT END OF TIME STEP    1, STRESS PERIOD   43


  VOLUME BUDGET FOR ENTIRE MODEL AT END OF TIME STEP    1, STRESS PERIOD  43
  ---------------------------------------------------------------------------------------------------

     CUMULATIVE VOLUME      L**3       RATES FOR THIS TIME STEP      L**3/T          PACKAGE NAME    
     ------------------                 ------------------------                     ----------------

           IN:                                      IN:
           ---                                      ---
              STO-SS =         300.9984                STO-SS =           1.0000     STORAGE                          
                 WEL =           0.0000                   WEL =           0.0000     WEL_0                            

            TOTAL IN =         300.9984              TOTAL IN =           1.0000

          OUT:                                     OUT:
          ----                                     ----
              STO-SS =           0.0000                STO-SS =           0.0000     STORAGE                          
                 WEL =         301.0000                   WEL =           1.0000     WEL_0                            

           TOTAL OUT =         301.0000             TOTAL OUT =           1.0000

            IN - OUT =      -1.6306E-03              IN - OUT =      -5.9735E-07

 PERCENT DISCREPANCY =          -0.00     PERCENT DISCREPANCY =          -0.00




         TIME SUMMARY AT END OF TIME STEP    1 IN STRESS PERIOD   43
                          TIME STEP LENGTH =    7.00000    
                        STRESS PERIOD TIME =    7.00000    
                     TOTAL SIMULATION TIME =    301.000    

end timestep


start timestep kper="44" kstp="1" mode="normal"


 OUTPUT CONTROL FOR STRESS PERIOD 44 IS REPEATED USING SETTINGS FROM A PREVIOUS STRESS PERIOD.
 UBDSV1 SAVING           STO-SS ON UNIT   1014 AT TIME STEP      1, STRESS PERIOD     44
 UBDSV1 SAVING     FLOW-JA-FACE ON UNIT   1014 AT TIME STEP      1, STRESS PERIOD     44
 UBDSV06 SAVING              WEL IN MODEL UNIT_RESP        PACKAGE UNIT_RESP       CONNECTED TO MODEL UNIT_RESP        PACKAGE WEL_0            ON UNIT   1014 AT TIME STEP      1, STRESS PERIOD     44

 HEAD WILL BE SAVED ON UNIT 1015 AT END OF TIME STEP    1, STRESS PERIOD   44


  VOLUME BUDGET FOR ENTIRE MODEL AT END OF TIME STEP    1, STRESS PERIOD  44
  ---------------------------------------------------------------------------------------------------

     CUMULATIVE VOLUME      L**3       RATES FOR THIS TIME STEP      L**3/T          PACKAGE NAME    
     ------------------                 ------------------------                     ----------------

           IN:                                      IN:
           ---                                      ---
              STO-SS =         307.9984                STO-SS =           1.0000     STORAGE                          
                 WEL =           0.0000                   WEL =           0.0000     WEL_0                            

            TOTAL IN =         307.9984              TOTAL IN =           1.0000

          OUT:                                     OUT:
          ----                                     ----
              STO-SS =           0.0000                STO-SS =           0.0000     STORAGE                          
                 WEL =         308.0000                   WEL =           1.0000     WEL_0                            

           TOTAL OUT =         308.0000             TOTAL OUT =           1.0000

            IN - OUT =      -1.6347E-03              IN - OUT =      -5.9736E-07

 PERCENT DISCREPANCY =          -0.00     PERCENT DISCREPANCY =          -0.00




         TIME SUMMARY AT END OF TIME STEP    1 IN STRESS PERIOD   44
                          TIME STEP LENGTH =    7.00000    
                        STRESS PERIOD TIME =    7.00000    
                     TOTAL SIMULATION TIME =    308.000    

end timestep


start timestep kper="45" kstp="1" mode="normal"


 OUTPUT CONTROL FOR STRESS PERIOD 45 IS REPEATED USING SETTINGS FROM A PREVIOUS STRESS PERIOD.
 UBDSV1 SAVING           STO-SS ON UNIT   1014 AT TIME STEP      1, STRESS PERIOD     45
 UBDSV1 SAVING     FLOW-JA-FACE ON UNIT   1014 AT TIME STEP      1, STRESS PERIOD     45
 UBDSV06 SAVING              WEL IN MODEL UNIT_RESP        PACKAGE UNIT_RESP       CONNECTED TO MODEL UNIT_RESP        PACKAGE WEL_0            ON UNIT   1014 AT TIME STEP      1, STRESS PERIOD     45

 HEAD WILL BE SAVED ON UNIT 1015 AT END OF TIME STEP    1, STRESS PERIOD   45


  VOLUME BUDGET FOR ENTIRE MODEL AT END OF TIME STEP    1, STRESS PERIOD  45
  ---------------------------------------------------------------------------------------------------

     CUMULATIVE VOLUME      L**3       RATES FOR THIS TIME STEP      L**3/T          PACKAGE NAME    
     ------------------                 ------------------------                     ----------------

           IN:                                      IN:
           ---                                      ---
              STO-SS =         314.9984                STO-SS =           1.0000     STORAGE                          
                 WEL =           0.0000                   WEL =           0.0000     WEL_0                            

            TOTAL IN =         314.9984              TOTAL IN =           1.0000

          OUT:                                     OUT:
          ----                                     ----
              STO-SS =           0.0000                STO-SS =           0.0000     STORAGE                          
                 WEL =         315.0000                   WEL =           1.0000     WEL_0                            

           TOTAL OUT =         315.0000             TOTAL OUT =           1.0000

            IN - OUT =      -1.6389E-03              IN - OUT =      -5.9735E-07

 PERCENT DISCREPANCY =          -0.00     PERCENT DISCREPANCY =          -0.00




         TIME SUMMARY AT END OF TIME STEP    1 IN STRESS PERIOD   45
                          TIME STEP LENGTH =    7.00000    
                        STRESS PERIOD TIME =    7.00000    
                     TOTAL SIMULATION TIME =    315.000    

end timestep


start timestep kper="46" kstp="1" mode="normal"


 OUTPUT CONTROL FOR STRESS PERIOD 46 IS REPEATED USING SETTINGS FROM A PREVIOUS STRESS PERIOD.
 UBDSV1 SAVING           STO-SS ON UNIT   1014 AT TIME STEP      1, STRESS PERIOD     46
 UBDSV1 SAVING     FLOW-JA-FACE ON UNIT   1014 AT TIME STEP      1, STRESS PERIOD     46
 UBDSV06 SAVING              WEL IN MODEL UNIT_RESP        PACKAGE UNIT_RESP       CONNECTED TO MODEL UNIT_RESP        PACKAGE WEL_0            ON UNIT   1014 AT TIME STEP      1, STRESS PERIOD     46

 HEAD WILL BE SAVED ON UNIT 1015 AT END OF TIME STEP    1, STRESS PERIOD   46


  VOLUME BUDGET FOR ENTIRE MODEL AT END OF TIME STEP    1, STRESS PERIOD  46
  ---------------------------------------------------------------------------------------------------

     CUMULATIVE VOLUME      L**3       RATES FOR THIS TIME STEP      L**3/T          PACKAGE NAME    
     ------------------                 ------------------------                     ----------------

           IN:                                      IN:
           ---                                      ---
              STO-SS =         321.9984                STO-SS =           1.0000     STORAGE                          
                 WEL =           0.0000                   WEL =           0.0000     WEL_0                            

            TOTAL IN =         321.9984              TOTAL IN =           1.0000

          OUT:                                     OUT:
          ----                                     ----
              STO-SS =           0.0000                STO-SS =           0.0000     STORAGE                          
                 WEL =         322.0000                   WEL =           1.0000     WEL_0                            

           TOTAL OUT =         322.0000             TOTAL OUT =           1.0000

            IN - OUT =      -1.6431E-03              IN - OUT =      -5.9736E-07

 PERCENT DISCREPANCY =          -0.00     PERCENT DISCREPANCY =          -0.00




         TIME SUMMARY AT END OF TIME STEP    1 IN STRESS PERIOD   46
                          TIME STEP LENGTH =    7.00000    
                        STRESS PERIOD TIME =    7.00000    
                     TOTAL SIMULATION TIME =    322.000    

end timestep


start timestep kper="47" kstp="1" mode="normal"


 OUTPUT CONTROL FOR STRESS PERIOD 47 IS REPEATED USING SETTINGS FROM A PREVIOUS STRESS PERIOD.
 UBDSV1 SAVING           STO-SS ON UNIT   1014 AT TIME STEP      1, STRESS PERIOD     47
 UBDSV1 SAVING     FLOW-JA-FACE ON UNIT   1014 AT TIME STEP      1, STRESS PERIOD     47
 UBDSV06 SAVING              WEL IN MODEL UNIT_RESP        PACKAGE UNIT_RESP       CONNECTED TO MODEL UNIT_RESP        PACKAGE WEL_0            ON UNIT   1014 AT TIME STEP      1, STRESS PERIOD     47

 HEAD WILL BE SAVED ON UNIT 1015 AT END OF TIME STEP    1, STRESS PERIOD   47


  VOLUME BUDGET FOR ENTIRE MODEL AT END OF TIME STEP    1, STRESS PERIOD  47
  ---------------------------------------------------------------------------------------------------

     CUMULATIVE VOLUME      L**3       RATES FOR THIS TIME STEP      L**3/T          PACKAGE NAME    
     ------------------                 ------------------------                     ----------------

           IN:                                      IN:
           ---                                      ---
              STO-SS =         328.9984                STO-SS =           1.0000     STORAGE                          
                 WEL =           0.0000                   WEL =           0.0000     WEL_0                            

            TOTAL IN =         328.9984              TOTAL IN =           1.0000

          OUT:                                     OUT:
          ----                                     ----
              STO-SS =           0.0000                STO-SS =           0.0000     STORAGE                          
                 WEL =         329.0000                   WEL =           1.0000     WEL_0                            

           TOTAL OUT =         329.0000             TOTAL OUT =           1.0000

            IN - OUT =      -1.6473E-03              IN - OUT =      -5.9735E-07

 PERCENT DISCREPANCY =          -0.00     PERCENT DISCREPANCY =          -0.00




         TIME SUMMARY AT END OF TIME STEP    1 IN STRESS PERIOD   47
                          TIME STEP LENGTH =    7.00000    
                        STRESS PERIOD TIME =    7.00000    
                     TOTAL SIMULATION TIME =    329.000    

end timestep


start timestep kper="48" kstp="1" mode="normal"


 OUTPUT CONTROL FOR STRESS PERIOD 48 IS REPEATED USING SETTINGS FROM A PREVIOUS STRESS PERIOD.
 UBDSV1 SAVING           STO-SS ON UNIT   1014 AT TIME STEP      1, STRESS PERIOD     48
 UBDSV1 SAVING     FLOW-JA-FACE ON UNIT   1014 AT TIME STEP      1, STRESS PERIOD     48
 UBDSV06 SAVING              WEL IN MODEL UNIT_RESP        PACKAGE UNIT_RESP       CONNECTED TO MODEL UNIT_RESP        PACKAGE WEL_0            ON UNIT   1014 AT TIME STEP      1, STRESS PERIOD     48

 HEAD WILL BE SAVED ON UNIT 1015 AT END OF TIME STEP    1, STRESS PERIOD   48


  VOLUME BUDGET FOR ENTIRE MODEL AT END OF TIME STEP    1, STRESS PERIOD  48
  ---------------------------------------------------------------------------------------------------

     CUMULATIVE VOLUME      L**3       RATES FOR THIS TIME STEP      L**3/T          PACKAGE NAME    
     ------------------                 ------------------------                     ----------------

           IN:                                      IN:
           ---                                      ---
              STO-SS =         335.9983                STO-SS =           1.0000     STORAGE                          
                 WEL =           0.0000                   WEL =           0.0000     WEL_0                            

            TOTAL IN =         335.9983              TOTAL IN =           1.0000

          OUT:                                     OUT:
          ----                                     ----
              STO-SS =           0.0000                STO-SS =           0.0000     STORAGE                          
                 WEL =         336.0000                   WEL =           1.0000     WEL_0                            

           TOTAL OUT =         336.0000             TOTAL OUT =           1.0000

            IN - OUT =      -1.6515E-03              IN - OUT =      -5.9736E-07

 PERCENT DISCREPANCY =          -0.00     PERCENT DISCREPANCY =          -0.00




         TIME SUMMARY AT END OF TIME STEP    1 IN STRESS PERIOD   48
                          TIME STEP LENGTH =    7.00000    
                        STRESS PERIOD TIME =    7.00000    
                     TOTAL SIMULATION TIME =    336.000    

end timestep


start timestep kper="49" kstp="1" mode="normal"


 OUTPUT CONTROL FOR STRESS PERIOD 49 IS REPEATED USING SETTINGS FROM A PREVIOUS STRESS PERIOD.
 UBDSV1 SAVING           STO-SS ON UNIT   1014 AT TIME STEP      1, STRESS PERIOD     49
 UBDSV1 SAVING     FLOW-JA-FACE ON UNIT   1014 AT TIME STEP      1, STRESS PERIOD     49
 UBDSV06 SAVING              WEL IN MODEL UNIT_RESP        PACKAGE UNIT_RESP       CONNECTED TO MODEL UNIT_RESP        PACKAGE WEL_0            ON UNIT   1014 AT TIME STEP      1, STRESS PERIOD     49

 HEAD WILL BE SAVED ON UNIT 1015 AT END OF TIME STEP    1, STRESS PERIOD   49


  VOLUME BUDGET FOR ENTIRE MODEL AT END OF TIME STEP    1, STRESS PERIOD  49
  ---------------------------------------------------------------------------------------------------

     CUMULATIVE VOLUME      L**3       RATES FOR THIS TIME STEP      L**3/T          PACKAGE NAME    
     ------------------                 ------------------------                     ----------------

           IN:                                      IN:
           ---                                      ---
              STO-SS =         342.9983                STO-SS =           1.0000     STORAGE                          
                 WEL =           0.0000                   WEL =           0.0000     WEL_0                            

            TOTAL IN =         342.9983              TOTAL IN =           1.0000

          OUT:                                     OUT:
          ----                                     ----
              STO-SS =           0.0000                STO-SS =           0.0000     STORAGE                          
                 WEL =         343.0000                   WEL =           1.0000     WEL_0                            

           TOTAL OUT =         343.0000             TOTAL OUT =           1.0000

            IN - OUT =      -1.6556E-03              IN - OUT =      -5.9735E-07

 PERCENT DISCREPANCY =          -0.00     PERCENT DISCREPANCY =          -0.00




         TIME SUMMARY AT END OF TIME STEP    1 IN STRESS PERIOD   49
                          TIME STEP LENGTH =    7.00000    
                        STRESS PERIOD TIME =    7.00000    
                     TOTAL SIMULATION TIME =    343.000    

end timestep


start timestep kper="50" kstp="1" mode="normal"


 OUTPUT CONTROL FOR STRESS PERIOD 50 IS REPEATED USING SETTINGS FROM A PREVIOUS STRESS PERIOD.
 UBDSV1 SAVING           STO-SS ON UNIT   1014 AT TIME STEP      1, STRESS PERIOD     50
 UBDSV1 SAVING     FLOW-JA-FACE ON UNIT   1014 AT TIME STEP      1, STRESS PERIOD     50
 UBDSV06 SAVING              WEL IN MODEL UNIT_RESP        PACKAGE UNIT_RESP       CONNECTED TO MODEL UNIT_RESP        PACKAGE WEL_0            ON UNIT   1014 AT TIME STEP      1, STRESS PERIOD     50

 HEAD WILL BE SAVED ON UNIT 1015 AT END OF TIME STEP    1, STRESS PERIOD   50


  VOLUME BUDGET FOR ENTIRE MODEL AT END OF TIME STEP    1, STRESS PERIOD  50
  ---------------------------------------------------------------------------------------------------

     CUMULATIVE VOLUME      L**3       RATES FOR THIS TIME STEP      L**3/T          PACKAGE NAME    
     ------------------                 ------------------------                     ----------------

           IN:                                      IN:
           ---                                      ---
              STO-SS =         349.9983                STO-SS =           1.0000     STORAGE                          
                 WEL =           0.0000                   WEL =           0.0000     WEL_0                            

            TOTAL IN =         349.9983              TOTAL IN =           1.0000

          OUT:                                     OUT:
          ----                                     ----
              STO-SS =           0.0000                STO-SS =           0.0000     STORAGE                          
                 WEL =         350.0000                   WEL =           1.0000     WEL_0                            

           TOTAL OUT =         350.0000             TOTAL OUT =           1.0000

            IN - OUT =      -1.6598E-03              IN - OUT =      -5.9736E-07

 PERCENT DISCREPANCY =          -0.00     PERCENT DISCREPANCY =          -0.00




         TIME SUMMARY AT END OF TIME STEP    1 IN STRESS PERIOD   50
                          TIME STEP LENGTH =    7.00000    
                        STRESS PERIOD TIME =    7.00000    
                     TOTAL SIMULATION TIME =    350.000    

end timestep


start timestep kper="51" kstp="1" mode="normal"


 OUTPUT CONTROL FOR STRESS PERIOD 51 IS REPEATED USING SETTINGS FROM A PREVIOUS STRESS PERIOD.
 UBDSV1 SAVING           STO-SS ON UNIT   1014 AT TIME STEP      1, STRESS PERIOD     51
 UBDSV1 SAVING     FLOW-JA-FACE ON UNIT   1014 AT TIME STEP      1, STRESS PERIOD     51
 UBDSV06 SAVING              WEL IN MODEL UNIT_RESP        PACKAGE UNIT_RESP       CONNECTED TO MODEL UNIT_RESP        PACKAGE WEL_0            ON UNIT   1014 AT TIME STEP      1, STRESS PERIOD     51

 HEAD WILL BE SAVED ON UNIT 1015 AT END OF TIME STEP    1, STRESS PERIOD   51


  VOLUME BUDGET FOR ENTIRE MODEL AT END OF TIME STEP    1, STRESS PERIOD  51
  ---------------------------------------------------------------------------------------------------

     CUMULATIVE VOLUME      L**3       RATES FOR THIS TIME STEP      L**3/T          PACKAGE NAME    
     ------------------                 ------------------------                     ----------------

           IN:                                      IN:
           ---                                      ---
              STO-SS =         356.9983                STO-SS =           1.0000     STORAGE                          
                 WEL =           0.0000                   WEL =           0.0000     WEL_0                            

            TOTAL IN =         356.9983              TOTAL IN =           1.0000

          OUT:                                     OUT:
          ----                                     ----
              STO-SS =           0.0000                STO-SS =           0.0000     STORAGE                          
                 WEL =         357.0000                   WEL =           1.0000     WEL_0                            

           TOTAL OUT =         357.0000             TOTAL OUT =           1.0000

            IN - OUT =      -1.6640E-03              IN - OUT =      -5.9735E-07

 PERCENT DISCREPANCY =          -0.00     PERCENT DISCREPANCY =          -0.00




         TIME SUMMARY AT END OF TIME STEP    1 IN STRESS PERIOD   51
                          TIME STEP LENGTH =    7.00000    
                        STRESS PERIOD TIME =    7.00000    
                     TOTAL SIMULATION TIME =    357.000    

end timestep


start timestep kper="52" kstp="1" mode="normal"


 OUTPUT CONTROL FOR STRESS PERIOD 52 IS REPEATED USING SETTINGS FROM A PREVIOUS STRESS PERIOD.
 UBDSV1 SAVING           STO-SS ON UNIT   1014 AT TIME STEP      1, STRESS PERIOD     52
 UBDSV1 SAVING     FLOW-JA-FACE ON UNIT   1014 AT TIME STEP      1, STRESS PERIOD     52
 UBDSV06 SAVING              WEL IN MODEL UNIT_RESP        PACKAGE UNIT_RESP       CONNECTED TO MODEL UNIT_RESP        PACKAGE WEL_0            ON UNIT   1014 AT TIME STEP      1, STRESS PERIOD     52

 HEAD WILL BE SAVED ON UNIT 1015 AT END OF TIME STEP    1, STRESS PERIOD   52


  VOLUME BUDGET FOR ENTIRE MODEL AT END OF TIME STEP    1, STRESS PERIOD  52
  ---------------------------------------------------------------------------------------------------

     CUMULATIVE VOLUME      L**3       RATES FOR THIS TIME STEP      L**3/T          PACKAGE NAME    
     ------------------                 ------------------------                     ----------------

           IN:                                      IN:
           ---                                      ---
              STO-SS =         363.9983                STO-SS =           1.0000     STORAGE                          
                 WEL =           0.0000                   WEL =           0.0000     WEL_0                            

            TOTAL IN =         363.9983              TOTAL IN =           1.0000

          OUT:                                     OUT:
          ----                                     ----
              STO-SS =           0.0000                STO-SS =           0.0000     STORAGE                          
                 WEL =         364.0000                   WEL =           1.0000     WEL_0                            

           TOTAL OUT =         364.0000             TOTAL OUT =           1.0000

            IN - OUT =      -1.6682E-03              IN - OUT =      -5.9736E-07

 PERCENT DISCREPANCY =          -0.00     PERCENT DISCREPANCY =          -0.00




         TIME SUMMARY AT END OF TIME STEP    1 IN STRESS PERIOD   52
                          TIME STEP LENGTH =    7.00000    
                        STRESS PERIOD TIME =    7.00000    
                     TOTAL SIMULATION TIME =    364.000    

end timestep

