                                   MODFLOW 6
                U.S. GEOLOGICAL SURVEY MODULAR HYDROLOGIC MODEL
                          GROUNDWATER FLOW MODEL (GWF)
                            VERSION 6.6.3 09/29/2025

   MODFLOW 6 compiled Oct 07 2025 23:07:48 with Intel(R) Fortran Intel(R) 64
   Compiler Classic for applications running on Intel(R) 64, Version 2021.7.0
                             Build 20220726_000000

This software has been approved for release by the U.S. Geological 
Survey (USGS). Although the software has been subjected to rigorous 
review, the USGS reserves the right to update the software as needed 
pursuant to further analysis and review. No warranty, expressed or 
implied, is made by the USGS or the U.S. Government as to the 
functionality of the software and related material nor shall the 
fact of release constitute any such warranty. Furthermore, the 
software is released on condition that neither the USGS nor the U.S. 
Government shall be held liable for any damages resulting from its 
authorized or unauthorized use. Also refer to the USGS Water 
Resources Software User Rights Notice for complete use, copyright, 
and distribution information.


As a work of the United States Government, this USGS product is 
in the public domain within the United States. You can copy, 
modify, distribute, and perform the work, even for commercial 
purposes, all without asking permission. Additionally, USGS 
waives copyright and related rights in the work worldwide 
through CC0 1.0 Universal Public Domain Dedication 
(https://creativecommons.org/publicdomain/zero/1.0/).

The following GNU Lesser General Public License (LGPL) libraries
are used in this USGS product:

    SPARSKIT version 2.0
      ilut, luson, and qsplit 
      (https://www-users.cse.umn.edu/~saad/software/SPARSKIT/)

    RCM - Reverse Cuthill McKee Ordering
      (https://people.math.sc.edu/Burkardt/f_src/rcm/rcm.html)

    BLAS - Basic Linear Algebra Subprograms Level 1
      (https://people.math.sc.edu/Burkardt/f_src/blas1_d/blas1_d.html)

    SPARSEKIT - Sparse Matrix Utility Package
      amux, dperm, dvperm, rperm, and cperm
      (https://people.sc.fsu.edu/~jburkardt/f77_src/sparsekit/sparsekit.html)

The following BSD-3 License libraries are used in this USGS product:

    Modern Fortran DAG Library
      Copyright (c) 2018, Jacob Williams
      All rights reserved.
      (https://github.com/jacobwilliams/daglib)

MODFLOW 6 compiler options: /O2 /heap-arrays:0 /fpe:0 /traceback /nologo /fpp
/c /module:win64\mod_mf6\ /object:win64\obj_mf6\

System command used to initiate simulation:
C:\Python\Personal\kfm-ms\codes\binaries\MODFLOW6\windows\mf6.exe

MODFLOW was compiled using uniform precision.

Real Variables
  KIND: 8
  TINY (smallest non-zero value):    2.225074-308
  HUGE (largest value):    1.797693+308
  PRECISION: 15
  SIZE IN BITS: 64

Integer Variables
  KIND: 4
  HUGE (largest value): 2147483647
  SIZE IN BITS: 32

Long Integer Variables
  KIND: 8
  HUGE (largest value): 9223372036854775807
  SIZE IN BITS: 64

Logical Variables
  KIND: 4
  SIZE IN BITS: 32
 
 NAMEFILE OPTIONS:
    FLOWS WILL BE SAVED TO BUDGET FILE SPECIFIED IN OUTPUT CONTROL
 END NAMEFILE OPTIONS:

 DIS -- STRUCTURED GRID DISCRETIZATION PACKAGE, VERSION 2 : 3/27/2014 - INPUT READ FROM MEMPATH: __INPUT__/PHANTOM_69/DIS                          


 NPF -- NODE PROPERTY FLOW PACKAGE, VERSION 1, 3/30/2015 INPUT READ FROM MEMPATH: __INPUT__/PHANTOM_69/NPF                          


 IC -- Initial Conditions Package, Version 8, 3/28/2015 input read from mempath: __INPUT__/PHANTOM_69/IC                           


 Setting Discretization Options
    XORIGIN = .000000000000000
    YORIGIN = .000000000000000
 End Setting Discretization Options

 Setting Discretization Dimensions
    NLAY = 1
    NROW = 116
    NCOL = 92
 End Setting Discretization Dimensions

 Setting Discretization Griddata
    DELR set from input file
    DELC set from input file
    TOP set from input file
    BOTM set from input file
    IDOMAIN set from input file
 End Setting Discretization Griddata

 Setting NPF Options
 End Setting NPF Options

 Setting NPF Griddata
    ICELLTYPE set from input file
    K set from input file
    K33 not provided.  Setting K33 = K.
    K22 not provided.  Setting K22 = K.
 End Setting NPF Griddata


 WEL -- WEL PACKAGE, VERSION 8, 2/22/2014 INPUT READ FROM MEMPATH: __INPUT__/PHANTOM_69/WEL                          

 PROCESSING WEL BASE OPTIONS
 END OF WEL BASE OPTIONS

 PROCESSING WEL OPTIONS
 END OF WEL OPTIONS

 PROCESSING WEL BASE DIMENSIONS
    MAXBOUND =       1
 END OF WEL BASE DIMENSIONS

 GHB -- GHB PACKAGE, VERSION 8, 2/22/2014 INPUT READ FROM MEMPATH: __INPUT__/PHANTOM_69/GHB                          

 PROCESSING GHB BASE OPTIONS
 END OF GHB BASE OPTIONS

 PROCESSING GHB OPTIONS
 END OF GHB OPTIONS

 PROCESSING GHB BASE DIMENSIONS
    MAXBOUND =     232
 END OF GHB BASE DIMENSIONS
    STRT set from input file

 STO -- STORAGE PACKAGE, VERSION 1, 5/19/2014 INPUT READ FROM MEMPATH: __INPUT__/PHANTOM_69/STO                          


 PROCESSING STORAGE OPTIONS
 END OF STORAGE OPTIONS
    BINARY GRID INFORMATION WILL BE WRITTEN TO:
      UNIT NUMBER: 1015
      FILE NAME: phantom_69.dis.grb

 OPENED phantom_69.dis.grb
 FILE TYPE:DATA(BINARY)   UNIT 1015   STATUS:REPLACE             
 FORMAT:UNFORMATTED            ACCESS:STREAM              
 ACTION:READWRITE           

      THE LAST TIME STEP WILL BE PRINTED
      THE LAST TIME STEP WILL BE PRINTED
 # File generated by Flopy version 3.10.0 on 06/11/2026 at 21:00:51.

 PROCESSING OC OPTIONS

    HEAD INFORMATION WILL BE WRITTEN TO:
      UNIT NUMBER: 1016
      FILE NAME: phantom_69.hds

 OPENED phantom_69.hds
 FILE TYPE:DATA(BINARY)   UNIT 1016   STATUS:REPLACE             
 FORMAT:UNFORMATTED            ACCESS:STREAM              
 ACTION:READWRITE           

 END OF OC OPTIONS

start timestep kper="1" kstp="1" mode="normal"


 BEGIN READING OUTPUT CONTROL FOR STRESS PERIOD 1
      ALL TIME STEPS WILL BE SAVED

 END READING OUTPUT CONTROL FOR STRESS PERIOD 1


 PROCESSING STORAGE PERIOD DATA
 END PROCESSING STORAGE PERIOD DATA


 STRESS PERIOD 1 IS TRANSIENT


 HEAD WILL BE SAVED ON UNIT 1016 AT END OF TIME STEP    1, STRESS PERIOD    1


  VOLUME BUDGET FOR ENTIRE MODEL AT END OF TIME STEP    1, STRESS PERIOD   1
  ---------------------------------------------------------------------------------------------------

     CUMULATIVE VOLUME      L**3       RATES FOR THIS TIME STEP      L**3/T          PACKAGE NAME    
     ------------------                 ------------------------                     ----------------

           IN:                                      IN:
           ---                                      ---
              STO-SS =      127063.5720                STO-SS =       18151.9389     STORAGE                          
                 WEL =           0.0000                   WEL =           0.0000     WEL                              
                 GHB =         103.5060                   GHB =          14.7866     GHB                              

            TOTAL IN =      127167.0780              TOTAL IN =       18166.7254

          OUT:                                     OUT:
          ----                                     ----
              STO-SS =      120063.5720                STO-SS =       17151.9389     STORAGE                          
                 WEL =        7000.0000                   WEL =        1000.0000     WEL                              
                 GHB =         103.5060                   GHB =          14.7866     GHB                              

           TOTAL OUT =      127167.0780             TOTAL OUT =       18166.7254

            IN - OUT =      -1.9168E-06              IN - OUT =      -2.7383E-07

 PERCENT DISCREPANCY =          -0.00     PERCENT DISCREPANCY =          -0.00




         TIME SUMMARY AT END OF TIME STEP    1 IN STRESS PERIOD    1
                    SECONDS     MINUTES      HOURS       DAYS        YEARS
                    -----------------------------------------------------------
   TIME STEP LENGTH 6.04800E+05  10080.      168.00      7.0000     1.91650E-02
 STRESS PERIOD TIME 6.04800E+05  10080.      168.00      7.0000     1.91650E-02
         TOTAL TIME 6.04800E+05  10080.      168.00      7.0000     1.91650E-02


end timestep


start timestep kper="2" kstp="1" mode="normal"


 END OF FILE DETECTED IN OUTPUT CONTROL.
 CURRENT OUTPUT CONTROL SETTINGS WILL BE 
 REPEATED UNTIL THE END OF THE SIMULATION.

 OUTPUT CONTROL FOR STRESS PERIOD 2 IS REPEATED USING SETTINGS FROM A PREVIOUS STRESS PERIOD.

 HEAD WILL BE SAVED ON UNIT 1016 AT END OF TIME STEP    1, STRESS PERIOD    2


  VOLUME BUDGET FOR ENTIRE MODEL AT END OF TIME STEP    1, STRESS PERIOD   2
  ---------------------------------------------------------------------------------------------------

     CUMULATIVE VOLUME      L**3       RATES FOR THIS TIME STEP      L**3/T          PACKAGE NAME    
     ------------------                 ------------------------                     ----------------

           IN:                                      IN:
           ---                                      ---
              STO-SS =      254044.8900                STO-SS =       18140.1883     STORAGE                          
                 WEL =           0.0000                   WEL =           0.0000     WEL                              
                 GHB =         289.2608                   GHB =          26.5364     GHB                              

            TOTAL IN =      254334.1509              TOTAL IN =       18166.7247

          OUT:                                     OUT:
          ----                                     ----
              STO-SS =      240044.8904                STO-SS =       17140.1884     STORAGE                          
                 WEL =       14000.0000                   WEL =        1000.0000     WEL                              
                 GHB =         289.2608                   GHB =          26.5364     GHB                              

           TOTAL OUT =      254334.1512             TOTAL OUT =       18166.7247

            IN - OUT =      -3.8918E-04              IN - OUT =      -5.5323E-05

 PERCENT DISCREPANCY =          -0.00     PERCENT DISCREPANCY =          -0.00




         TIME SUMMARY AT END OF TIME STEP    1 IN STRESS PERIOD    2
                    SECONDS     MINUTES      HOURS       DAYS        YEARS
                    -----------------------------------------------------------
   TIME STEP LENGTH 6.04800E+05  10080.      168.00      7.0000     1.91650E-02
 STRESS PERIOD TIME 6.04800E+05  10080.      168.00      7.0000     1.91650E-02
         TOTAL TIME 1.20960E+06  20160.      336.00      14.000     3.83299E-02


end timestep


start timestep kper="3" kstp="1" mode="normal"


 OUTPUT CONTROL FOR STRESS PERIOD 3 IS REPEATED USING SETTINGS FROM A PREVIOUS STRESS PERIOD.

 HEAD WILL BE SAVED ON UNIT 1016 AT END OF TIME STEP    1, STRESS PERIOD    3


  VOLUME BUDGET FOR ENTIRE MODEL AT END OF TIME STEP    1, STRESS PERIOD   3
  ---------------------------------------------------------------------------------------------------

     CUMULATIVE VOLUME      L**3       RATES FOR THIS TIME STEP      L**3/T          PACKAGE NAME    
     ------------------                 ------------------------                     ----------------

           IN:                                      IN:
           ---                                      ---
              STO-SS =      380957.4060                STO-SS =       18130.3594     STORAGE                          
                 WEL =           0.0000                   WEL =           0.0000     WEL                              
                 GHB =         543.8186                   GHB =          36.3654     GHB                              

            TOTAL IN =      381501.2246              TOTAL IN =       18166.7248

          OUT:                                     OUT:
          ----                                     ----
              STO-SS =      359957.4067                STO-SS =       17130.3595     STORAGE                          
                 WEL =       21000.0000                   WEL =        1000.0000     WEL                              
                 GHB =         543.8186                   GHB =          36.3654     GHB                              

           TOTAL OUT =      381501.2253             TOTAL OUT =       18166.7249

            IN - OUT =      -6.6735E-04              IN - OUT =      -3.9738E-05

 PERCENT DISCREPANCY =          -0.00     PERCENT DISCREPANCY =          -0.00




         TIME SUMMARY AT END OF TIME STEP    1 IN STRESS PERIOD    3
                    SECONDS     MINUTES      HOURS       DAYS        YEARS
                    -----------------------------------------------------------
   TIME STEP LENGTH 6.04800E+05  10080.      168.00      7.0000     1.91650E-02
 STRESS PERIOD TIME 6.04800E+05  10080.      168.00      7.0000     1.91650E-02
         TOTAL TIME 1.81440E+06  30240.      504.00      21.000     5.74949E-02


end timestep


start timestep kper="4" kstp="1" mode="normal"


 OUTPUT CONTROL FOR STRESS PERIOD 4 IS REPEATED USING SETTINGS FROM A PREVIOUS STRESS PERIOD.

 HEAD WILL BE SAVED ON UNIT 1016 AT END OF TIME STEP    1, STRESS PERIOD    4


  VOLUME BUDGET FOR ENTIRE MODEL AT END OF TIME STEP    1, STRESS PERIOD   4
  ---------------------------------------------------------------------------------------------------

     CUMULATIVE VOLUME      L**3       RATES FOR THIS TIME STEP      L**3/T          PACKAGE NAME    
     ------------------                 ------------------------                     ----------------

           IN:                                      IN:
           ---                                      ---
              STO-SS =      507810.1872                STO-SS =       18121.8259     STORAGE                          
                 WEL =           0.0000                   WEL =           0.0000     WEL                              
                 GHB =         858.1115                   GHB =          44.8990     GHB                              

            TOTAL IN =      508668.2987              TOTAL IN =       18166.7249

          OUT:                                     OUT:
          ----                                     ----
              STO-SS =      479810.1880                STO-SS =       17121.8259     STORAGE                          
                 WEL =       28000.0000                   WEL =        1000.0000     WEL                              
                 GHB =         858.1115                   GHB =          44.8990     GHB                              

           TOTAL OUT =      508668.2996             TOTAL OUT =       18166.7249

            IN - OUT =      -8.4870E-04              IN - OUT =      -2.5907E-05

 PERCENT DISCREPANCY =          -0.00     PERCENT DISCREPANCY =          -0.00




         TIME SUMMARY AT END OF TIME STEP    1 IN STRESS PERIOD    4
                    SECONDS     MINUTES      HOURS       DAYS        YEARS
                    -----------------------------------------------------------
   TIME STEP LENGTH 6.04800E+05  10080.      168.00      7.0000     1.91650E-02
 STRESS PERIOD TIME 6.04800E+05  10080.      168.00      7.0000     1.91650E-02
         TOTAL TIME 2.41920E+06  40320.      672.00      28.000     7.66598E-02


end timestep


start timestep kper="5" kstp="1" mode="normal"


 OUTPUT CONTROL FOR STRESS PERIOD 5 IS REPEATED USING SETTINGS FROM A PREVIOUS STRESS PERIOD.

 HEAD WILL BE SAVED ON UNIT 1016 AT END OF TIME STEP    1, STRESS PERIOD    5


  VOLUME BUDGET FOR ENTIRE MODEL AT END OF TIME STEP    1, STRESS PERIOD   5
  ---------------------------------------------------------------------------------------------------

     CUMULATIVE VOLUME      L**3       RATES FOR THIS TIME STEP      L**3/T          PACKAGE NAME    
     ------------------                 ------------------------                     ----------------

           IN:                                      IN:
           ---                                      ---
              STO-SS =      634609.7039                STO-SS =       18114.2167     STORAGE                          
                 WEL =           0.0000                   WEL =           0.0000     WEL                              
                 GHB =        1225.6676                   GHB =          52.5080     GHB                              

            TOTAL IN =      635835.3715              TOTAL IN =       18166.7247

          OUT:                                     OUT:
          ----                                     ----
              STO-SS =      599609.7048                STO-SS =       17114.2167     STORAGE                          
                 WEL =       35000.0000                   WEL =        1000.0000     WEL                              
                 GHB =        1225.6676                   GHB =          52.5080     GHB                              

           TOTAL OUT =      635835.3725             TOTAL OUT =       18166.7247

            IN - OUT =      -9.5598E-04              IN - OUT =      -1.5326E-05

 PERCENT DISCREPANCY =          -0.00     PERCENT DISCREPANCY =          -0.00




         TIME SUMMARY AT END OF TIME STEP    1 IN STRESS PERIOD    5
                    SECONDS     MINUTES      HOURS       DAYS        YEARS
                    -----------------------------------------------------------
   TIME STEP LENGTH 6.04800E+05  10080.      168.00      7.0000     1.91650E-02
 STRESS PERIOD TIME 6.04800E+05  10080.      168.00      7.0000     1.91650E-02
         TOTAL TIME 3.02400E+06  50400.      840.00      35.000     9.58248E-02


end timestep


start timestep kper="6" kstp="1" mode="normal"


 OUTPUT CONTROL FOR STRESS PERIOD 6 IS REPEATED USING SETTINGS FROM A PREVIOUS STRESS PERIOD.

 HEAD WILL BE SAVED ON UNIT 1016 AT END OF TIME STEP    1, STRESS PERIOD    6


  VOLUME BUDGET FOR ENTIRE MODEL AT END OF TIME STEP    1, STRESS PERIOD   6
  ---------------------------------------------------------------------------------------------------

     CUMULATIVE VOLUME      L**3       RATES FOR THIS TIME STEP      L**3/T          PACKAGE NAME    
     ------------------                 ------------------------                     ----------------

           IN:                                      IN:
           ---                                      ---
              STO-SS =      761360.7979                STO-SS =       18107.2991     STORAGE                          
                 WEL =           0.0000                   WEL =           0.0000     WEL                              
                 GHB =        1641.6415                   GHB =          59.4248     GHB                              

            TOTAL IN =      763002.4394              TOTAL IN =       18166.7240

          OUT:                                     OUT:
          ----                                     ----
              STO-SS =      719360.7990                STO-SS =       17107.2992     STORAGE                          
                 WEL =       42000.0000                   WEL =        1000.0000     WEL                              
                 GHB =        1641.6415                   GHB =          59.4248     GHB                              

           TOTAL OUT =      763002.4405             TOTAL OUT =       18166.7240

            IN - OUT =      -1.0237E-03              IN - OUT =      -9.6762E-06

 PERCENT DISCREPANCY =          -0.00     PERCENT DISCREPANCY =          -0.00




         TIME SUMMARY AT END OF TIME STEP    1 IN STRESS PERIOD    6
                    SECONDS     MINUTES      HOURS       DAYS        YEARS
                    -----------------------------------------------------------
   TIME STEP LENGTH 6.04800E+05  10080.      168.00      7.0000     1.91650E-02
 STRESS PERIOD TIME 6.04800E+05  10080.      168.00      7.0000     1.91650E-02
         TOTAL TIME 3.62880E+06  60480.      1008.0      42.000     0.11499    


end timestep


start timestep kper="7" kstp="1" mode="normal"


 OUTPUT CONTROL FOR STRESS PERIOD 7 IS REPEATED USING SETTINGS FROM A PREVIOUS STRESS PERIOD.

 HEAD WILL BE SAVED ON UNIT 1016 AT END OF TIME STEP    1, STRESS PERIOD    7


  VOLUME BUDGET FOR ENTIRE MODEL AT END OF TIME STEP    1, STRESS PERIOD   7
  ---------------------------------------------------------------------------------------------------

     CUMULATIVE VOLUME      L**3       RATES FOR THIS TIME STEP      L**3/T          PACKAGE NAME    
     ------------------                 ------------------------                     ----------------

           IN:                                      IN:
           ---                                      ---
              STO-SS =      888067.2356                STO-SS =       18100.9197     STORAGE                          
                 WEL =           0.0000                   WEL =           0.0000     WEL                              
                 GHB =        2102.2603                   GHB =          65.8027     GHB                              

            TOTAL IN =      890169.4959              TOTAL IN =       18166.7224

          OUT:                                     OUT:
          ----                                     ----
              STO-SS =      839067.2366                STO-SS =       17100.9197     STORAGE                          
                 WEL =       49000.0000                   WEL =        1000.0000     WEL                              
                 GHB =        2102.2603                   GHB =          65.8027     GHB                              

           TOTAL OUT =      890169.4970             TOTAL OUT =       18166.7224

            IN - OUT =      -1.0721E-03              IN - OUT =      -6.9171E-06

 PERCENT DISCREPANCY =          -0.00     PERCENT DISCREPANCY =          -0.00




         TIME SUMMARY AT END OF TIME STEP    1 IN STRESS PERIOD    7
                    SECONDS     MINUTES      HOURS       DAYS        YEARS
                    -----------------------------------------------------------
   TIME STEP LENGTH 6.04800E+05  10080.      168.00      7.0000     1.91650E-02
 STRESS PERIOD TIME 6.04800E+05  10080.      168.00      7.0000     1.91650E-02
         TOTAL TIME 4.23360E+06  70560.      1176.0      49.000     0.13415    


end timestep


start timestep kper="8" kstp="1" mode="normal"


 OUTPUT CONTROL FOR STRESS PERIOD 8 IS REPEATED USING SETTINGS FROM A PREVIOUS STRESS PERIOD.

 HEAD WILL BE SAVED ON UNIT 1016 AT END OF TIME STEP    1, STRESS PERIOD    8


  VOLUME BUDGET FOR ENTIRE MODEL AT END OF TIME STEP    1, STRESS PERIOD   8
  ---------------------------------------------------------------------------------------------------

     CUMULATIVE VOLUME      L**3       RATES FOR THIS TIME STEP      L**3/T          PACKAGE NAME    
     ------------------                 ------------------------                     ----------------

           IN:                                      IN:
           ---                                      ---
              STO-SS =     1014732.0377                STO-SS =       18094.9717     STORAGE                          
                 WEL =           0.0000                   WEL =           0.0000     WEL                              
                 GHB =        2604.4915                   GHB =          71.7473     GHB                              

            TOTAL IN =     1017336.5292              TOTAL IN =       18166.7190

          OUT:                                     OUT:
          ----                                     ----
              STO-SS =      958732.0388                STO-SS =       17094.9717     STORAGE                          
                 WEL =       56000.0000                   WEL =        1000.0000     WEL                              
                 GHB =        2604.4915                   GHB =          71.7473     GHB                              

           TOTAL OUT =     1017336.5303             TOTAL OUT =       18166.7190

            IN - OUT =      -1.1105E-03              IN - OUT =      -5.4820E-06

 PERCENT DISCREPANCY =          -0.00     PERCENT DISCREPANCY =          -0.00




         TIME SUMMARY AT END OF TIME STEP    1 IN STRESS PERIOD    8
                    SECONDS     MINUTES      HOURS       DAYS        YEARS
                    -----------------------------------------------------------
   TIME STEP LENGTH 6.04800E+05  10080.      168.00      7.0000     1.91650E-02
 STRESS PERIOD TIME 6.04800E+05  10080.      168.00      7.0000     1.91650E-02
         TOTAL TIME 4.83840E+06  80640.      1344.0      56.000     0.15332    


end timestep


start timestep kper="9" kstp="1" mode="normal"


 OUTPUT CONTROL FOR STRESS PERIOD 9 IS REPEATED USING SETTINGS FROM A PREVIOUS STRESS PERIOD.

 HEAD WILL BE SAVED ON UNIT 1016 AT END OF TIME STEP    1, STRESS PERIOD    9


  VOLUME BUDGET FOR ENTIRE MODEL AT END OF TIME STEP    1, STRESS PERIOD   9
  ---------------------------------------------------------------------------------------------------

     CUMULATIVE VOLUME      L**3       RATES FOR THIS TIME STEP      L**3/T          PACKAGE NAME    
     ------------------                 ------------------------                     ----------------

           IN:                                      IN:
           ---                                      ---
              STO-SS =     1141357.6855                STO-SS =       18089.3783     STORAGE                          
                 WEL =           0.0000                   WEL =           0.0000     WEL                              
                 GHB =        3145.8341                   GHB =          77.3347     GHB                              

            TOTAL IN =     1144503.5196              TOTAL IN =       18166.7129

          OUT:                                     OUT:
          ----                                     ----
              STO-SS =     1078357.6866                STO-SS =       17089.3783     STORAGE                          
                 WEL =       63000.0000                   WEL =        1000.0000     WEL                              
                 GHB =        3145.8341                   GHB =          77.3347     GHB                              

           TOTAL OUT =     1144503.5207             TOTAL OUT =       18166.7129

            IN - OUT =      -1.1428E-03              IN - OUT =      -4.6184E-06

 PERCENT DISCREPANCY =          -0.00     PERCENT DISCREPANCY =          -0.00




         TIME SUMMARY AT END OF TIME STEP    1 IN STRESS PERIOD    9
                    SECONDS     MINUTES      HOURS       DAYS        YEARS
                    -----------------------------------------------------------
   TIME STEP LENGTH 6.04800E+05  10080.      168.00      7.0000     1.91650E-02
 STRESS PERIOD TIME 6.04800E+05  10080.      168.00      7.0000     1.91650E-02
         TOTAL TIME 5.44320E+06  90720.      1512.0      63.000     0.17248    


end timestep


start timestep kper="10" kstp="1" mode="normal"


 OUTPUT CONTROL FOR STRESS PERIOD 10 IS REPEATED USING SETTINGS FROM A PREVIOUS STRESS PERIOD.

 HEAD WILL BE SAVED ON UNIT 1016 AT END OF TIME STEP    1, STRESS PERIOD   10


  VOLUME BUDGET FOR ENTIRE MODEL AT END OF TIME STEP    1, STRESS PERIOD  10
  ---------------------------------------------------------------------------------------------------

     CUMULATIVE VOLUME      L**3       RATES FOR THIS TIME STEP      L**3/T          PACKAGE NAME    
     ------------------                 ------------------------                     ----------------

           IN:                                      IN:
           ---                                      ---
              STO-SS =     1267946.2541                STO-SS =       18084.0812     STORAGE                          
                 WEL =           0.0000                   WEL =           0.0000     WEL                              
                 GHB =        3724.1821                   GHB =          82.6211     GHB                              

            TOTAL IN =     1271670.4362              TOTAL IN =       18166.7024

          OUT:                                     OUT:
          ----                                     ----
              STO-SS =     1197946.2553                STO-SS =       17084.0812     STORAGE                          
                 WEL =       70000.0000                   WEL =        1000.0000     WEL                              
                 GHB =        3724.1821                   GHB =          82.6211     GHB                              

           TOTAL OUT =     1271670.4374             TOTAL OUT =       18166.7024

            IN - OUT =      -1.1707E-03              IN - OUT =      -3.9848E-06

 PERCENT DISCREPANCY =          -0.00     PERCENT DISCREPANCY =          -0.00




         TIME SUMMARY AT END OF TIME STEP    1 IN STRESS PERIOD   10
                    SECONDS     MINUTES      HOURS       DAYS        YEARS
                    -----------------------------------------------------------
   TIME STEP LENGTH 6.04800E+05  10080.      168.00      7.0000     1.91650E-02
 STRESS PERIOD TIME 6.04800E+05  10080.      168.00      7.0000     1.91650E-02
         TOTAL TIME 6.04800E+06 1.00800E+05  1680.0      70.000     0.19165    


end timestep


start timestep kper="11" kstp="1" mode="normal"


 OUTPUT CONTROL FOR STRESS PERIOD 11 IS REPEATED USING SETTINGS FROM A PREVIOUS STRESS PERIOD.

 HEAD WILL BE SAVED ON UNIT 1016 AT END OF TIME STEP    1, STRESS PERIOD   11


  VOLUME BUDGET FOR ENTIRE MODEL AT END OF TIME STEP    1, STRESS PERIOD  11
  ---------------------------------------------------------------------------------------------------

     CUMULATIVE VOLUME      L**3       RATES FOR THIS TIME STEP      L**3/T          PACKAGE NAME    
     ------------------                 ------------------------                     ----------------

           IN:                                      IN:
           ---                                      ---
              STO-SS =     1394499.5012                STO-SS =       18079.0353     STORAGE                          
                 WEL =           0.0000                   WEL =           0.0000     WEL                              
                 GHB =        4337.7319                   GHB =          87.6500     GHB                              

            TOTAL IN =     1398837.2331              TOTAL IN =       18166.6853

          OUT:                                     OUT:
          ----                                     ----
              STO-SS =     1317499.5024                STO-SS =       17079.0353     STORAGE                          
                 WEL =       77000.0000                   WEL =        1000.0000     WEL                              
                 GHB =        4337.7319                   GHB =          87.6500     GHB                              

           TOTAL OUT =     1398837.2343             TOTAL OUT =       18166.6853

            IN - OUT =      -1.1957E-03              IN - OUT =      -3.5700E-06

 PERCENT DISCREPANCY =          -0.00     PERCENT DISCREPANCY =          -0.00




         TIME SUMMARY AT END OF TIME STEP    1 IN STRESS PERIOD   11
                    SECONDS     MINUTES      HOURS       DAYS        YEARS
                    -----------------------------------------------------------
   TIME STEP LENGTH 6.04800E+05  10080.      168.00      7.0000     1.91650E-02
 STRESS PERIOD TIME 6.04800E+05  10080.      168.00      7.0000     1.91650E-02
         TOTAL TIME 6.65280E+06 1.10880E+05  1848.0      77.000     0.21081    


end timestep


start timestep kper="12" kstp="1" mode="normal"


 OUTPUT CONTROL FOR STRESS PERIOD 12 IS REPEATED USING SETTINGS FROM A PREVIOUS STRESS PERIOD.

 HEAD WILL BE SAVED ON UNIT 1016 AT END OF TIME STEP    1, STRESS PERIOD   12


  VOLUME BUDGET FOR ENTIRE MODEL AT END OF TIME STEP    1, STRESS PERIOD  12
  ---------------------------------------------------------------------------------------------------

     CUMULATIVE VOLUME      L**3       RATES FOR THIS TIME STEP      L**3/T          PACKAGE NAME    
     ------------------                 ------------------------                     ----------------

           IN:                                      IN:
           ---                                      ---
              STO-SS =     1521018.9280                STO-SS =       18074.2038     STORAGE                          
                 WEL =           0.0000                   WEL =           0.0000     WEL                              
                 GHB =        4984.9166                   GHB =          92.4550     GHB                              

            TOTAL IN =     1526003.8446              TOTAL IN =       18166.6588

          OUT:                                     OUT:
          ----                                     ----
              STO-SS =     1437018.9292                STO-SS =       17074.2038     STORAGE                          
                 WEL =       84000.0000                   WEL =        1000.0000     WEL                              
                 GHB =        4984.9166                   GHB =          92.4550     GHB                              

           TOTAL OUT =     1526003.8459             TOTAL OUT =       18166.6588

            IN - OUT =      -1.2181E-03              IN - OUT =      -3.1966E-06

 PERCENT DISCREPANCY =          -0.00     PERCENT DISCREPANCY =          -0.00




         TIME SUMMARY AT END OF TIME STEP    1 IN STRESS PERIOD   12
                    SECONDS     MINUTES      HOURS       DAYS        YEARS
                    -----------------------------------------------------------
   TIME STEP LENGTH 6.04800E+05  10080.      168.00      7.0000     1.91650E-02
 STRESS PERIOD TIME 6.04800E+05  10080.      168.00      7.0000     1.91650E-02
         TOTAL TIME 7.25760E+06 1.20960E+05  2016.0      84.000     0.22998    


end timestep


start timestep kper="13" kstp="1" mode="normal"


 OUTPUT CONTROL FOR STRESS PERIOD 13 IS REPEATED USING SETTINGS FROM A PREVIOUS STRESS PERIOD.

 HEAD WILL BE SAVED ON UNIT 1016 AT END OF TIME STEP    1, STRESS PERIOD   13


  VOLUME BUDGET FOR ENTIRE MODEL AT END OF TIME STEP    1, STRESS PERIOD  13
  ---------------------------------------------------------------------------------------------------

     CUMULATIVE VOLUME      L**3       RATES FOR THIS TIME STEP      L**3/T          PACKAGE NAME    
     ------------------                 ------------------------                     ----------------

           IN:                                      IN:
           ---                                      ---
              STO-SS =     1647505.8223                STO-SS =       18069.5563     STORAGE                          
                 WEL =           0.0000                   WEL =           0.0000     WEL                              
                 GHB =        5664.3588                   GHB =          97.0632     GHB                              

            TOTAL IN =     1653170.1811              TOTAL IN =       18166.6195

          OUT:                                     OUT:
          ----                                     ----
              STO-SS =     1556505.8236                STO-SS =       17069.5563     STORAGE                          
                 WEL =       91000.0000                   WEL =        1000.0000     WEL                              
                 GHB =        5664.3588                   GHB =          97.0632     GHB                              

           TOTAL OUT =     1653170.1824             TOTAL OUT =       18166.6195

            IN - OUT =      -1.2385E-03              IN - OUT =      -2.9098E-06

 PERCENT DISCREPANCY =          -0.00     PERCENT DISCREPANCY =          -0.00




         TIME SUMMARY AT END OF TIME STEP    1 IN STRESS PERIOD   13
                    SECONDS     MINUTES      HOURS       DAYS        YEARS
                    -----------------------------------------------------------
   TIME STEP LENGTH 6.04800E+05  10080.      168.00      7.0000     1.91650E-02
 STRESS PERIOD TIME 6.04800E+05  10080.      168.00      7.0000     1.91650E-02
         TOTAL TIME 7.86240E+06 1.31040E+05  2184.0      91.000     0.24914    


end timestep


start timestep kper="14" kstp="1" mode="normal"


 OUTPUT CONTROL FOR STRESS PERIOD 14 IS REPEATED USING SETTINGS FROM A PREVIOUS STRESS PERIOD.

 HEAD WILL BE SAVED ON UNIT 1016 AT END OF TIME STEP    1, STRESS PERIOD   14


  VOLUME BUDGET FOR ENTIRE MODEL AT END OF TIME STEP    1, STRESS PERIOD  14
  ---------------------------------------------------------------------------------------------------

     CUMULATIVE VOLUME      L**3       RATES FOR THIS TIME STEP      L**3/T          PACKAGE NAME    
     ------------------                 ------------------------                     ----------------

           IN:                                      IN:
           ---                                      ---
              STO-SS =     1773961.2887                STO-SS =       18065.0666     STORAGE                          
                 WEL =           0.0000                   WEL =           0.0000     WEL                              
                 GHB =        6374.8354                   GHB =         101.4967     GHB                              

            TOTAL IN =     1780336.1241              TOTAL IN =       18166.5633

          OUT:                                     OUT:
          ----                                     ----
              STO-SS =     1675961.2900                STO-SS =       17065.0666     STORAGE                          
                 WEL =       98000.0000                   WEL =        1000.0000     WEL                              
                 GHB =        6374.8354                   GHB =         101.4967     GHB                              

           TOTAL OUT =     1780336.1254             TOTAL OUT =       18166.5633

            IN - OUT =      -1.2572E-03              IN - OUT =      -2.6726E-06

 PERCENT DISCREPANCY =          -0.00     PERCENT DISCREPANCY =          -0.00




         TIME SUMMARY AT END OF TIME STEP    1 IN STRESS PERIOD   14
                    SECONDS     MINUTES      HOURS       DAYS        YEARS
                    -----------------------------------------------------------
   TIME STEP LENGTH 6.04800E+05  10080.      168.00      7.0000     1.91650E-02
 STRESS PERIOD TIME 6.04800E+05  10080.      168.00      7.0000     1.91650E-02
         TOTAL TIME 8.46720E+06 1.41120E+05  2352.0      98.000     0.26831    


end timestep


start timestep kper="15" kstp="1" mode="normal"


 OUTPUT CONTROL FOR STRESS PERIOD 15 IS REPEATED USING SETTINGS FROM A PREVIOUS STRESS PERIOD.

 HEAD WILL BE SAVED ON UNIT 1016 AT END OF TIME STEP    1, STRESS PERIOD   15


  VOLUME BUDGET FOR ENTIRE MODEL AT END OF TIME STEP    1, STRESS PERIOD  15
  ---------------------------------------------------------------------------------------------------

     CUMULATIVE VOLUME      L**3       RATES FOR THIS TIME STEP      L**3/T          PACKAGE NAME    
     ------------------                 ------------------------                     ----------------

           IN:                                      IN:
           ---                                      ---
              STO-SS =     1900386.2708                STO-SS =       18060.7117     STORAGE                          
                 WEL =           0.0000                   WEL =           0.0000     WEL                              
                 GHB =        7115.2510                   GHB =         105.7737     GHB                              

            TOTAL IN =     1907501.5218              TOTAL IN =       18166.4854

          OUT:                                     OUT:
          ----                                     ----
              STO-SS =     1795386.2721                STO-SS =       17060.7117     STORAGE                          
                 WEL =      105000.0000                   WEL =        1000.0000     WEL                              
                 GHB =        7115.2510                   GHB =         105.7737     GHB                              

           TOTAL OUT =     1907501.5231             TOTAL OUT =       18166.4854

            IN - OUT =      -1.2746E-03              IN - OUT =      -2.4850E-06

 PERCENT DISCREPANCY =          -0.00     PERCENT DISCREPANCY =          -0.00




         TIME SUMMARY AT END OF TIME STEP    1 IN STRESS PERIOD   15
                    SECONDS     MINUTES      HOURS       DAYS        YEARS
                    -----------------------------------------------------------
   TIME STEP LENGTH 6.04800E+05  10080.      168.00      7.0000     1.91650E-02
 STRESS PERIOD TIME 6.04800E+05  10080.      168.00      7.0000     1.91650E-02
         TOTAL TIME 9.07200E+06 1.51200E+05  2520.0      105.00     0.28747    


end timestep


start timestep kper="16" kstp="1" mode="normal"


 OUTPUT CONTROL FOR STRESS PERIOD 16 IS REPEATED USING SETTINGS FROM A PREVIOUS STRESS PERIOD.

 HEAD WILL BE SAVED ON UNIT 1016 AT END OF TIME STEP    1, STRESS PERIOD   16


  VOLUME BUDGET FOR ENTIRE MODEL AT END OF TIME STEP    1, STRESS PERIOD  16
  ---------------------------------------------------------------------------------------------------

     CUMULATIVE VOLUME      L**3       RATES FOR THIS TIME STEP      L**3/T          PACKAGE NAME    
     ------------------                 ------------------------                     ----------------

           IN:                                      IN:
           ---                                      ---
              STO-SS =     2026781.5681                STO-SS =       18056.4710     STORAGE                          
                 WEL =           0.0000                   WEL =           0.0000     WEL                              
                 GHB =        7884.6172                   GHB =         109.9095     GHB                              

            TOTAL IN =     2034666.1853              TOTAL IN =       18166.3805

          OUT:                                     OUT:
          ----                                     ----
              STO-SS =     1914781.5694                STO-SS =       17056.4710     STORAGE                          
                 WEL =      112000.0000                   WEL =        1000.0000     WEL                              
                 GHB =        7884.6172                   GHB =         109.9095     GHB                              

           TOTAL OUT =     2034666.1866             TOTAL OUT =       18166.3805

            IN - OUT =      -1.2908E-03              IN - OUT =      -2.3165E-06

 PERCENT DISCREPANCY =          -0.00     PERCENT DISCREPANCY =          -0.00




         TIME SUMMARY AT END OF TIME STEP    1 IN STRESS PERIOD   16
                    SECONDS     MINUTES      HOURS       DAYS        YEARS
                    -----------------------------------------------------------
   TIME STEP LENGTH 6.04800E+05  10080.      168.00      7.0000     1.91650E-02
 STRESS PERIOD TIME 6.04800E+05  10080.      168.00      7.0000     1.91650E-02
         TOTAL TIME 9.67680E+06 1.61280E+05  2688.0      112.00     0.30664    


end timestep


start timestep kper="17" kstp="1" mode="normal"


 OUTPUT CONTROL FOR STRESS PERIOD 17 IS REPEATED USING SETTINGS FROM A PREVIOUS STRESS PERIOD.

 HEAD WILL BE SAVED ON UNIT 1016 AT END OF TIME STEP    1, STRESS PERIOD   17


  VOLUME BUDGET FOR ENTIRE MODEL AT END OF TIME STEP    1, STRESS PERIOD  17
  ---------------------------------------------------------------------------------------------------

     CUMULATIVE VOLUME      L**3       RATES FOR THIS TIME STEP      L**3/T          PACKAGE NAME    
     ------------------                 ------------------------                     ----------------

           IN:                                      IN:
           ---                                      ---
              STO-SS =     2153147.8539                STO-SS =       18052.3265     STORAGE                          
                 WEL =           0.0000                   WEL =           0.0000     WEL                              
                 GHB =        8682.0362                   GHB =         113.9170     GHB                              

            TOTAL IN =     2161829.8901              TOTAL IN =       18166.2435

          OUT:                                     OUT:
          ----                                     ----
              STO-SS =     2034147.8552                STO-SS =       17052.3265     STORAGE                          
                 WEL =      119000.0000                   WEL =        1000.0000     WEL                              
                 GHB =        8682.0362                   GHB =         113.9170     GHB                              

           TOTAL OUT =     2161829.8914             TOTAL OUT =       18166.2435

            IN - OUT =      -1.3060E-03              IN - OUT =      -2.1751E-06

 PERCENT DISCREPANCY =          -0.00     PERCENT DISCREPANCY =          -0.00




         TIME SUMMARY AT END OF TIME STEP    1 IN STRESS PERIOD   17
                    SECONDS     MINUTES      HOURS       DAYS        YEARS
                    -----------------------------------------------------------
   TIME STEP LENGTH 6.04800E+05  10080.      168.00      7.0000     1.91650E-02
 STRESS PERIOD TIME 6.04800E+05  10080.      168.00      7.0000     1.91650E-02
         TOTAL TIME 1.02816E+07 1.71360E+05  2856.0      119.00     0.32580    


end timestep


start timestep kper="18" kstp="1" mode="normal"


 OUTPUT CONTROL FOR STRESS PERIOD 18 IS REPEATED USING SETTINGS FROM A PREVIOUS STRESS PERIOD.

 HEAD WILL BE SAVED ON UNIT 1016 AT END OF TIME STEP    1, STRESS PERIOD   18


  VOLUME BUDGET FOR ENTIRE MODEL AT END OF TIME STEP    1, STRESS PERIOD  18
  ---------------------------------------------------------------------------------------------------

     CUMULATIVE VOLUME      L**3       RATES FOR THIS TIME STEP      L**3/T          PACKAGE NAME    
     ------------------                 ------------------------                     ----------------

           IN:                                      IN:
           ---                                      ---
              STO-SS =     2279485.6796                STO-SS =       18048.2608     STORAGE                          
                 WEL =           0.0000                   WEL =           0.0000     WEL                              
                 GHB =        9506.6878                   GHB =         117.8074     GHB                              

            TOTAL IN =     2288992.3674              TOTAL IN =       18166.0682

          OUT:                                     OUT:
          ----                                     ----
              STO-SS =     2153485.6809                STO-SS =       17048.2608     STORAGE                          
                 WEL =      126000.0000                   WEL =        1000.0000     WEL                              
                 GHB =        9506.6878                   GHB =         117.8074     GHB                              

           TOTAL OUT =     2288992.3687             TOTAL OUT =       18166.0682

            IN - OUT =      -1.3208E-03              IN - OUT =      -2.1128E-06

 PERCENT DISCREPANCY =          -0.00     PERCENT DISCREPANCY =          -0.00




         TIME SUMMARY AT END OF TIME STEP    1 IN STRESS PERIOD   18
                    SECONDS     MINUTES      HOURS       DAYS        YEARS
                    -----------------------------------------------------------
   TIME STEP LENGTH 6.04800E+05  10080.      168.00      7.0000     1.91650E-02
 STRESS PERIOD TIME 6.04800E+05  10080.      168.00      7.0000     1.91650E-02
         TOTAL TIME 1.08864E+07 1.81440E+05  3024.0      126.00     0.34497    


end timestep


start timestep kper="19" kstp="1" mode="normal"


 OUTPUT CONTROL FOR STRESS PERIOD 19 IS REPEATED USING SETTINGS FROM A PREVIOUS STRESS PERIOD.

 HEAD WILL BE SAVED ON UNIT 1016 AT END OF TIME STEP    1, STRESS PERIOD   19


  VOLUME BUDGET FOR ENTIRE MODEL AT END OF TIME STEP    1, STRESS PERIOD  19
  ---------------------------------------------------------------------------------------------------

     CUMULATIVE VOLUME      L**3       RATES FOR THIS TIME STEP      L**3/T          PACKAGE NAME    
     ------------------                 ------------------------                     ----------------

           IN:                                      IN:
           ---                                      ---
              STO-SS =     2405795.4833                STO-SS =       18044.2577     STORAGE                          
                 WEL =           0.0000                   WEL =           0.0000     WEL                              
                 GHB =       10357.8189                   GHB =         121.5902     GHB                              

            TOTAL IN =     2416153.3022              TOTAL IN =       18165.8478

          OUT:                                     OUT:
          ----                                     ----
              STO-SS =     2272795.4846                STO-SS =       17044.2577     STORAGE                          
                 WEL =      133000.0000                   WEL =        1000.0000     WEL                              
                 GHB =       10357.8189                   GHB =         121.5902     GHB                              

           TOTAL OUT =     2416153.3036             TOTAL OUT =       18165.8478

            IN - OUT =      -1.3348E-03              IN - OUT =      -1.9985E-06

 PERCENT DISCREPANCY =          -0.00     PERCENT DISCREPANCY =          -0.00




         TIME SUMMARY AT END OF TIME STEP    1 IN STRESS PERIOD   19
                    SECONDS     MINUTES      HOURS       DAYS        YEARS
                    -----------------------------------------------------------
   TIME STEP LENGTH 6.04800E+05  10080.      168.00      7.0000     1.91650E-02
 STRESS PERIOD TIME 6.04800E+05  10080.      168.00      7.0000     1.91650E-02
         TOTAL TIME 1.14912E+07 1.91520E+05  3192.0      133.00     0.36413    


end timestep


start timestep kper="20" kstp="1" mode="normal"


 OUTPUT CONTROL FOR STRESS PERIOD 20 IS REPEATED USING SETTINGS FROM A PREVIOUS STRESS PERIOD.

 HEAD WILL BE SAVED ON UNIT 1016 AT END OF TIME STEP    1, STRESS PERIOD   20


  VOLUME BUDGET FOR ENTIRE MODEL AT END OF TIME STEP    1, STRESS PERIOD  20
  ---------------------------------------------------------------------------------------------------

     CUMULATIVE VOLUME      L**3       RATES FOR THIS TIME STEP      L**3/T          PACKAGE NAME    
     ------------------                 ------------------------                     ----------------

           IN:                                      IN:
           ---                                      ---
              STO-SS =     2532077.5966                STO-SS =       18040.3019     STORAGE                          
                 WEL =           0.0000                   WEL =           0.0000     WEL                              
                 GHB =       11234.7349                   GHB =         125.2737     GHB                              

            TOTAL IN =     2543312.3315              TOTAL IN =       18165.5756

          OUT:                                     OUT:
          ----                                     ----
              STO-SS =     2392077.5979                STO-SS =       17040.3019     STORAGE                          
                 WEL =      140000.0000                   WEL =        1000.0000     WEL                              
                 GHB =       11234.7349                   GHB =         125.2737     GHB                              

           TOTAL OUT =     2543312.3328             TOTAL OUT =       18165.5756

            IN - OUT =      -1.3484E-03              IN - OUT =      -1.9382E-06

 PERCENT DISCREPANCY =          -0.00     PERCENT DISCREPANCY =          -0.00




         TIME SUMMARY AT END OF TIME STEP    1 IN STRESS PERIOD   20
                    SECONDS     MINUTES      HOURS       DAYS        YEARS
                    -----------------------------------------------------------
   TIME STEP LENGTH 6.04800E+05  10080.      168.00      7.0000     1.91650E-02
 STRESS PERIOD TIME 6.04800E+05  10080.      168.00      7.0000     1.91650E-02
         TOTAL TIME 1.20960E+07 2.01600E+05  3360.0      140.00     0.38330    


end timestep


start timestep kper="21" kstp="1" mode="normal"


 OUTPUT CONTROL FOR STRESS PERIOD 21 IS REPEATED USING SETTINGS FROM A PREVIOUS STRESS PERIOD.

 HEAD WILL BE SAVED ON UNIT 1016 AT END OF TIME STEP    1, STRESS PERIOD   21


  VOLUME BUDGET FOR ENTIRE MODEL AT END OF TIME STEP    1, STRESS PERIOD  21
  ---------------------------------------------------------------------------------------------------

     CUMULATIVE VOLUME      L**3       RATES FOR THIS TIME STEP      L**3/T          PACKAGE NAME    
     ------------------                 ------------------------                     ----------------

           IN:                                      IN:
           ---                                      ---
              STO-SS =     2658332.2626                STO-SS =       18036.3809     STORAGE                          
                 WEL =           0.0000                   WEL =           0.0000     WEL                              
                 GHB =       12136.7923                   GHB =         128.8653     GHB                              

            TOTAL IN =     2670469.0549              TOTAL IN =       18165.2462

          OUT:                                     OUT:
          ----                                     ----
              STO-SS =     2511332.2640                STO-SS =       17036.3809     STORAGE                          
                 WEL =      147000.0000                   WEL =        1000.0000     WEL                              
                 GHB =       12136.7923                   GHB =         128.8653     GHB                              

           TOTAL OUT =     2670469.0563             TOTAL OUT =       18165.2462

            IN - OUT =      -1.3615E-03              IN - OUT =      -1.8798E-06

 PERCENT DISCREPANCY =          -0.00     PERCENT DISCREPANCY =          -0.00




         TIME SUMMARY AT END OF TIME STEP    1 IN STRESS PERIOD   21
                    SECONDS     MINUTES      HOURS       DAYS        YEARS
                    -----------------------------------------------------------
   TIME STEP LENGTH 6.04800E+05  10080.      168.00      7.0000     1.91650E-02
 STRESS PERIOD TIME 6.04800E+05  10080.      168.00      7.0000     1.91650E-02
         TOTAL TIME 1.27008E+07 2.11680E+05  3528.0      147.00     0.40246    


end timestep


start timestep kper="22" kstp="1" mode="normal"


 OUTPUT CONTROL FOR STRESS PERIOD 22 IS REPEATED USING SETTINGS FROM A PREVIOUS STRESS PERIOD.

 HEAD WILL BE SAVED ON UNIT 1016 AT END OF TIME STEP    1, STRESS PERIOD   22


  VOLUME BUDGET FOR ENTIRE MODEL AT END OF TIME STEP    1, STRESS PERIOD  22
  ---------------------------------------------------------------------------------------------------

     CUMULATIVE VOLUME      L**3       RATES FOR THIS TIME STEP      L**3/T          PACKAGE NAME    
     ------------------                 ------------------------                     ----------------

           IN:                                      IN:
           ---                                      ---
              STO-SS =     2784559.6334                STO-SS =       18032.4815     STORAGE                          
                 WEL =           0.0000                   WEL =           0.0000     WEL                              
                 GHB =       13063.3930                   GHB =         132.3715     GHB                              

            TOTAL IN =     2797623.0264              TOTAL IN =       18164.8531

          OUT:                                     OUT:
          ----                                     ----
              STO-SS =     2630559.6348                STO-SS =       17032.4815     STORAGE                          
                 WEL =      154000.0000                   WEL =        1000.0000     WEL                              
                 GHB =       13063.3930                   GHB =         132.3715     GHB                              

           TOTAL OUT =     2797623.0278             TOTAL OUT =       18164.8531

            IN - OUT =      -1.3741E-03              IN - OUT =      -1.8013E-06

 PERCENT DISCREPANCY =          -0.00     PERCENT DISCREPANCY =          -0.00




         TIME SUMMARY AT END OF TIME STEP    1 IN STRESS PERIOD   22
                    SECONDS     MINUTES      HOURS       DAYS        YEARS
                    -----------------------------------------------------------
   TIME STEP LENGTH 6.04800E+05  10080.      168.00      7.0000     1.91650E-02
 STRESS PERIOD TIME 6.04800E+05  10080.      168.00      7.0000     1.91650E-02
         TOTAL TIME 1.33056E+07 2.21760E+05  3696.0      154.00     0.42163    


end timestep


start timestep kper="23" kstp="1" mode="normal"


 OUTPUT CONTROL FOR STRESS PERIOD 23 IS REPEATED USING SETTINGS FROM A PREVIOUS STRESS PERIOD.

 HEAD WILL BE SAVED ON UNIT 1016 AT END OF TIME STEP    1, STRESS PERIOD   23


  VOLUME BUDGET FOR ENTIRE MODEL AT END OF TIME STEP    1, STRESS PERIOD  23
  ---------------------------------------------------------------------------------------------------

     CUMULATIVE VOLUME      L**3       RATES FOR THIS TIME STEP      L**3/T          PACKAGE NAME    
     ------------------                 ------------------------                     ----------------

           IN:                                      IN:
           ---                                      ---
              STO-SS =     2910759.7670                STO-SS =       18028.5905     STORAGE                          
                 WEL =           0.0000                   WEL =           0.0000     WEL                              
                 GHB =       14013.9789                   GHB =         135.7980     GHB                              

            TOTAL IN =     2924773.7459              TOTAL IN =       18164.3885

          OUT:                                     OUT:
          ----                                     ----
              STO-SS =     2749759.7684                STO-SS =       17028.5905     STORAGE                          
                 WEL =      161000.0000                   WEL =        1000.0000     WEL                              
                 GHB =       14013.9789                   GHB =         135.7980     GHB                              

           TOTAL OUT =     2924773.7473             TOTAL OUT =       18164.3885

            IN - OUT =      -1.3864E-03              IN - OUT =      -1.7473E-06

 PERCENT DISCREPANCY =          -0.00     PERCENT DISCREPANCY =          -0.00




         TIME SUMMARY AT END OF TIME STEP    1 IN STRESS PERIOD   23
                    SECONDS     MINUTES      HOURS       DAYS        YEARS
                    -----------------------------------------------------------
   TIME STEP LENGTH 6.04800E+05  10080.      168.00      7.0000     1.91650E-02
 STRESS PERIOD TIME 6.04800E+05  10080.      168.00      7.0000     1.91650E-02
         TOTAL TIME 1.39104E+07 2.31840E+05  3864.0      161.00     0.44079    


end timestep


start timestep kper="24" kstp="1" mode="normal"


 OUTPUT CONTROL FOR STRESS PERIOD 24 IS REPEATED USING SETTINGS FROM A PREVIOUS STRESS PERIOD.

 HEAD WILL BE SAVED ON UNIT 1016 AT END OF TIME STEP    1, STRESS PERIOD   24


  VOLUME BUDGET FOR ENTIRE MODEL AT END OF TIME STEP    1, STRESS PERIOD  24
  ---------------------------------------------------------------------------------------------------

     CUMULATIVE VOLUME      L**3       RATES FOR THIS TIME STEP      L**3/T          PACKAGE NAME    
     ------------------                 ------------------------                     ----------------

           IN:                                      IN:
           ---                                      ---
              STO-SS =     3036932.6588                STO-SS =       18024.6988     STORAGE                          
                 WEL =           0.0000                   WEL =           0.0000     WEL                              
                 GHB =       14988.0281                   GHB =         139.1499     GHB                              

            TOTAL IN =     3051920.6869              TOTAL IN =       18163.8487

          OUT:                                     OUT:
          ----                                     ----
              STO-SS =     2868932.6602                STO-SS =       17024.6988     STORAGE                          
                 WEL =      168000.0000                   WEL =        1000.0000     WEL                              
                 GHB =       14988.0281                   GHB =         139.1499     GHB                              

           TOTAL OUT =     3051920.6883             TOTAL OUT =       18163.8487

            IN - OUT =      -1.3983E-03              IN - OUT =      -1.7138E-06

 PERCENT DISCREPANCY =          -0.00     PERCENT DISCREPANCY =          -0.00




         TIME SUMMARY AT END OF TIME STEP    1 IN STRESS PERIOD   24
                    SECONDS     MINUTES      HOURS       DAYS        YEARS
                    -----------------------------------------------------------
   TIME STEP LENGTH 6.04800E+05  10080.      168.00      7.0000     1.91650E-02
 STRESS PERIOD TIME 6.04800E+05  10080.      168.00      7.0000     1.91650E-02
         TOTAL TIME 1.45152E+07 2.41920E+05  4032.0      168.00     0.45996    


end timestep


start timestep kper="25" kstp="1" mode="normal"


 OUTPUT CONTROL FOR STRESS PERIOD 25 IS REPEATED USING SETTINGS FROM A PREVIOUS STRESS PERIOD.

 HEAD WILL BE SAVED ON UNIT 1016 AT END OF TIME STEP    1, STRESS PERIOD   25


  VOLUME BUDGET FOR ENTIRE MODEL AT END OF TIME STEP    1, STRESS PERIOD  25
  ---------------------------------------------------------------------------------------------------

     CUMULATIVE VOLUME      L**3       RATES FOR THIS TIME STEP      L**3/T          PACKAGE NAME    
     ------------------                 ------------------------                     ----------------

           IN:                                      IN:
           ---                                      ---
              STO-SS =     3163078.2269                STO-SS =       18020.7954     STORAGE                          
                 WEL =           0.0000                   WEL =           0.0000     WEL                              
                 GHB =       15985.0506                   GHB =         142.4318     GHB                              

            TOTAL IN =     3179063.2775              TOTAL IN =       18163.2272

          OUT:                                     OUT:
          ----                                     ----
              STO-SS =     2988078.2283                STO-SS =       17020.7954     STORAGE                          
                 WEL =      175000.0000                   WEL =        1000.0000     WEL                              
                 GHB =       15985.0506                   GHB =         142.4318     GHB                              

           TOTAL OUT =     3179063.2789             TOTAL OUT =       18163.2272

            IN - OUT =      -1.4101E-03              IN - OUT =      -1.6807E-06

 PERCENT DISCREPANCY =          -0.00     PERCENT DISCREPANCY =          -0.00




         TIME SUMMARY AT END OF TIME STEP    1 IN STRESS PERIOD   25
                    SECONDS     MINUTES      HOURS       DAYS        YEARS
                    -----------------------------------------------------------
   TIME STEP LENGTH 6.04800E+05  10080.      168.00      7.0000     1.91650E-02
 STRESS PERIOD TIME 6.04800E+05  10080.      168.00      7.0000     1.91650E-02
         TOTAL TIME 1.51200E+07 2.52000E+05  4200.0      175.00     0.47912    


end timestep


start timestep kper="26" kstp="1" mode="normal"


 OUTPUT CONTROL FOR STRESS PERIOD 26 IS REPEATED USING SETTINGS FROM A PREVIOUS STRESS PERIOD.

 HEAD WILL BE SAVED ON UNIT 1016 AT END OF TIME STEP    1, STRESS PERIOD   26


  VOLUME BUDGET FOR ENTIRE MODEL AT END OF TIME STEP    1, STRESS PERIOD  26
  ---------------------------------------------------------------------------------------------------

     CUMULATIVE VOLUME      L**3       RATES FOR THIS TIME STEP      L**3/T          PACKAGE NAME    
     ------------------                 ------------------------                     ----------------

           IN:                                      IN:
           ---                                      ---
              STO-SS =     3289196.3534                STO-SS =       18016.8752     STORAGE                          
                 WEL =           0.0000                   WEL =           0.0000     WEL                              
                 GHB =       17004.5855                   GHB =         145.6478     GHB                              

            TOTAL IN =     3306200.9389              TOTAL IN =       18162.5231

          OUT:                                     OUT:
          ----                                     ----
              STO-SS =     3107196.3548                STO-SS =       17016.8752     STORAGE                          
                 WEL =      182000.0000                   WEL =        1000.0000     WEL                              
                 GHB =       17004.5855                   GHB =         145.6478     GHB                              

           TOTAL OUT =     3306200.9403             TOTAL OUT =       18162.5231

            IN - OUT =      -1.4216E-03              IN - OUT =      -1.6362E-06

 PERCENT DISCREPANCY =          -0.00     PERCENT DISCREPANCY =          -0.00




         TIME SUMMARY AT END OF TIME STEP    1 IN STRESS PERIOD   26
                    SECONDS     MINUTES      HOURS       DAYS        YEARS
                    -----------------------------------------------------------
   TIME STEP LENGTH 6.04800E+05  10080.      168.00      7.0000     1.91650E-02
 STRESS PERIOD TIME 6.04800E+05  10080.      168.00      7.0000     1.91650E-02
         TOTAL TIME 1.57248E+07 2.62080E+05  4368.0      182.00     0.49829    


end timestep


start timestep kper="27" kstp="1" mode="normal"


 OUTPUT CONTROL FOR STRESS PERIOD 27 IS REPEATED USING SETTINGS FROM A PREVIOUS STRESS PERIOD.

 HEAD WILL BE SAVED ON UNIT 1016 AT END OF TIME STEP    1, STRESS PERIOD   27


  VOLUME BUDGET FOR ENTIRE MODEL AT END OF TIME STEP    1, STRESS PERIOD  27
  ---------------------------------------------------------------------------------------------------

     CUMULATIVE VOLUME      L**3       RATES FOR THIS TIME STEP      L**3/T          PACKAGE NAME    
     ------------------                 ------------------------                     ----------------

           IN:                                      IN:
           ---                                      ---
              STO-SS =     3415286.8775                STO-SS =       18012.9320     STORAGE                          
                 WEL =           0.0000                   WEL =           0.0000     WEL                              
                 GHB =       18046.1983                   GHB =         148.8018     GHB                              

            TOTAL IN =     3433333.0759              TOTAL IN =       18161.7339

          OUT:                                     OUT:
          ----                                     ----
              STO-SS =     3226286.8790                STO-SS =       17012.9320     STORAGE                          
                 WEL =      189000.0000                   WEL =        1000.0000     WEL                              
                 GHB =       18046.1983                   GHB =         148.8018     GHB                              

           TOTAL OUT =     3433333.0773             TOTAL OUT =       18161.7339

            IN - OUT =      -1.4328E-03              IN - OUT =      -1.5981E-06

 PERCENT DISCREPANCY =          -0.00     PERCENT DISCREPANCY =          -0.00




         TIME SUMMARY AT END OF TIME STEP    1 IN STRESS PERIOD   27
                    SECONDS     MINUTES      HOURS       DAYS        YEARS
                    -----------------------------------------------------------
   TIME STEP LENGTH 6.04800E+05  10080.      168.00      7.0000     1.91650E-02
 STRESS PERIOD TIME 6.04800E+05  10080.      168.00      7.0000     1.91650E-02
         TOTAL TIME 1.63296E+07 2.72160E+05  4536.0      189.00     0.51745    


end timestep


start timestep kper="28" kstp="1" mode="normal"


 OUTPUT CONTROL FOR STRESS PERIOD 28 IS REPEATED USING SETTINGS FROM A PREVIOUS STRESS PERIOD.

 HEAD WILL BE SAVED ON UNIT 1016 AT END OF TIME STEP    1, STRESS PERIOD   28


  VOLUME BUDGET FOR ENTIRE MODEL AT END OF TIME STEP    1, STRESS PERIOD  28
  ---------------------------------------------------------------------------------------------------

     CUMULATIVE VOLUME      L**3       RATES FOR THIS TIME STEP      L**3/T          PACKAGE NAME    
     ------------------                 ------------------------                     ----------------

           IN:                                      IN:
           ---                                      ---
              STO-SS =     3541349.6065                STO-SS =       18008.9613     STORAGE                          
                 WEL =           0.0000                   WEL =           0.0000     WEL                              
                 GHB =       19109.4783                   GHB =         151.8971     GHB                              

            TOTAL IN =     3560459.0849              TOTAL IN =       18160.8584

          OUT:                                     OUT:
          ----                                     ----
              STO-SS =     3345349.6080                STO-SS =       17008.9613     STORAGE                          
                 WEL =      196000.0000                   WEL =        1000.0000     WEL                              
                 GHB =       19109.4783                   GHB =         151.8971     GHB                              

           TOTAL OUT =     3560459.0863             TOTAL OUT =       18160.8584

            IN - OUT =      -1.4438E-03              IN - OUT =      -1.5794E-06

 PERCENT DISCREPANCY =          -0.00     PERCENT DISCREPANCY =          -0.00




         TIME SUMMARY AT END OF TIME STEP    1 IN STRESS PERIOD   28
                    SECONDS     MINUTES      HOURS       DAYS        YEARS
                    -----------------------------------------------------------
   TIME STEP LENGTH 6.04800E+05  10080.      168.00      7.0000     1.91650E-02
 STRESS PERIOD TIME 6.04800E+05  10080.      168.00      7.0000     1.91650E-02
         TOTAL TIME 1.69344E+07 2.82240E+05  4704.0      196.00     0.53662    


end timestep


start timestep kper="29" kstp="1" mode="normal"


 OUTPUT CONTROL FOR STRESS PERIOD 29 IS REPEATED USING SETTINGS FROM A PREVIOUS STRESS PERIOD.

 HEAD WILL BE SAVED ON UNIT 1016 AT END OF TIME STEP    1, STRESS PERIOD   29


  VOLUME BUDGET FOR ENTIRE MODEL AT END OF TIME STEP    1, STRESS PERIOD  29
  ---------------------------------------------------------------------------------------------------

     CUMULATIVE VOLUME      L**3       RATES FOR THIS TIME STEP      L**3/T          PACKAGE NAME    
     ------------------                 ------------------------                     ----------------

           IN:                                      IN:
           ---                                      ---
              STO-SS =     3667384.2329                STO-SS =       18004.9466     STORAGE                          
                 WEL =           0.0000                   WEL =           0.0000     WEL                              
                 GHB =       20194.0366                   GHB =         154.9369     GHB                              

            TOTAL IN =     3687578.2694              TOTAL IN =       18159.8835

          OUT:                                     OUT:
          ----                                     ----
              STO-SS =     3464384.2343                STO-SS =       17004.9466     STORAGE                          
                 WEL =      203000.0000                   WEL =        1000.0000     WEL                              
                 GHB =       20194.0366                   GHB =         154.9369     GHB                              

           TOTAL OUT =     3687578.2709             TOTAL OUT =       18159.8835

            IN - OUT =      -1.4547E-03              IN - OUT =      -1.5508E-06

 PERCENT DISCREPANCY =          -0.00     PERCENT DISCREPANCY =          -0.00




         TIME SUMMARY AT END OF TIME STEP    1 IN STRESS PERIOD   29
                    SECONDS     MINUTES      HOURS       DAYS        YEARS
                    -----------------------------------------------------------
   TIME STEP LENGTH 6.04800E+05  10080.      168.00      7.0000     1.91650E-02
 STRESS PERIOD TIME 6.04800E+05  10080.      168.00      7.0000     1.91650E-02
         TOTAL TIME 1.75392E+07 2.92320E+05  4872.0      203.00     0.55578    


end timestep


start timestep kper="30" kstp="1" mode="normal"


 OUTPUT CONTROL FOR STRESS PERIOD 30 IS REPEATED USING SETTINGS FROM A PREVIOUS STRESS PERIOD.

 HEAD WILL BE SAVED ON UNIT 1016 AT END OF TIME STEP    1, STRESS PERIOD   30


  VOLUME BUDGET FOR ENTIRE MODEL AT END OF TIME STEP    1, STRESS PERIOD  30
  ---------------------------------------------------------------------------------------------------

     CUMULATIVE VOLUME      L**3       RATES FOR THIS TIME STEP      L**3/T          PACKAGE NAME    
     ------------------                 ------------------------                     ----------------

           IN:                                      IN:
           ---                                      ---
              STO-SS =     3793390.3974                STO-SS =       18000.8807     STORAGE                          
                 WEL =           0.0000                   WEL =           0.0000     WEL                              
                 GHB =       21299.5040                   GHB =         157.9239     GHB                              

            TOTAL IN =     3814689.9014              TOTAL IN =       18158.8046

          OUT:                                     OUT:
          ----                                     ----
              STO-SS =     3583390.3989                STO-SS =       17000.8807     STORAGE                          
                 WEL =      210000.0000                   WEL =        1000.0000     WEL                              
                 GHB =       21299.5040                   GHB =         157.9239     GHB                              

           TOTAL OUT =     3814689.9028             TOTAL OUT =       18158.8046

            IN - OUT =      -1.4653E-03              IN - OUT =      -1.5154E-06

 PERCENT DISCREPANCY =          -0.00     PERCENT DISCREPANCY =          -0.00




         TIME SUMMARY AT END OF TIME STEP    1 IN STRESS PERIOD   30
                    SECONDS     MINUTES      HOURS       DAYS        YEARS
                    -----------------------------------------------------------
   TIME STEP LENGTH 6.04800E+05  10080.      168.00      7.0000     1.91650E-02
 STRESS PERIOD TIME 6.04800E+05  10080.      168.00      7.0000     1.91650E-02
         TOTAL TIME 1.81440E+07 3.02400E+05  5040.0      210.00     0.57495    


end timestep


start timestep kper="31" kstp="1" mode="normal"


 OUTPUT CONTROL FOR STRESS PERIOD 31 IS REPEATED USING SETTINGS FROM A PREVIOUS STRESS PERIOD.

 HEAD WILL BE SAVED ON UNIT 1016 AT END OF TIME STEP    1, STRESS PERIOD   31


  VOLUME BUDGET FOR ENTIRE MODEL AT END OF TIME STEP    1, STRESS PERIOD  31
  ---------------------------------------------------------------------------------------------------

     CUMULATIVE VOLUME      L**3       RATES FOR THIS TIME STEP      L**3/T          PACKAGE NAME    
     ------------------                 ------------------------                     ----------------

           IN:                                      IN:
           ---                                      ---
              STO-SS =     3919367.6952                STO-SS =       17996.7568     STORAGE                          
                 WEL =           0.0000                   WEL =           0.0000     WEL                              
                 GHB =       22425.5298                   GHB =         160.8608     GHB                              

            TOTAL IN =     3941793.2250              TOTAL IN =       18157.6177

          OUT:                                     OUT:
          ----                                     ----
              STO-SS =     3702367.6967                STO-SS =       16996.7568     STORAGE                          
                 WEL =      217000.0000                   WEL =        1000.0000     WEL                              
                 GHB =       22425.5298                   GHB =         160.8608     GHB                              

           TOTAL OUT =     3941793.2265             TOTAL OUT =       18157.6177

            IN - OUT =      -1.4757E-03              IN - OUT =      -1.4872E-06

 PERCENT DISCREPANCY =          -0.00     PERCENT DISCREPANCY =          -0.00




         TIME SUMMARY AT END OF TIME STEP    1 IN STRESS PERIOD   31
                    SECONDS     MINUTES      HOURS       DAYS        YEARS
                    -----------------------------------------------------------
   TIME STEP LENGTH 6.04800E+05  10080.      168.00      7.0000     1.91650E-02
 STRESS PERIOD TIME 6.04800E+05  10080.      168.00      7.0000     1.91650E-02
         TOTAL TIME 1.87488E+07 3.12480E+05  5208.0      217.00     0.59411    


end timestep


start timestep kper="32" kstp="1" mode="normal"


 OUTPUT CONTROL FOR STRESS PERIOD 32 IS REPEATED USING SETTINGS FROM A PREVIOUS STRESS PERIOD.

 HEAD WILL BE SAVED ON UNIT 1016 AT END OF TIME STEP    1, STRESS PERIOD   32


  VOLUME BUDGET FOR ENTIRE MODEL AT END OF TIME STEP    1, STRESS PERIOD  32
  ---------------------------------------------------------------------------------------------------

     CUMULATIVE VOLUME      L**3       RATES FOR THIS TIME STEP      L**3/T          PACKAGE NAME    
     ------------------                 ------------------------                     ----------------

           IN:                                      IN:
           ---                                      ---
              STO-SS =     4045315.7352                STO-SS =       17992.5771     STORAGE                          
                 WEL =           0.0000                   WEL =           0.0000     WEL                              
                 GHB =       23571.7800                   GHB =         163.7500     GHB                              

            TOTAL IN =     4068887.5151              TOTAL IN =       18156.3272

          OUT:                                     OUT:
          ----                                     ----
              STO-SS =     3821315.7366                STO-SS =       16992.5771     STORAGE                          
                 WEL =      224000.0000                   WEL =        1000.0000     WEL                              
                 GHB =       23571.7800                   GHB =         163.7500     GHB                              

           TOTAL OUT =     4068887.5166             TOTAL OUT =       18156.3272

            IN - OUT =      -1.4860E-03              IN - OUT =      -1.4735E-06

 PERCENT DISCREPANCY =          -0.00     PERCENT DISCREPANCY =          -0.00




         TIME SUMMARY AT END OF TIME STEP    1 IN STRESS PERIOD   32
                    SECONDS     MINUTES      HOURS       DAYS        YEARS
                    -----------------------------------------------------------
   TIME STEP LENGTH 6.04800E+05  10080.      168.00      7.0000     1.91650E-02
 STRESS PERIOD TIME 6.04800E+05  10080.      168.00      7.0000     1.91650E-02
         TOTAL TIME 1.93536E+07 3.22560E+05  5376.0      224.00     0.61328    


end timestep


start timestep kper="33" kstp="1" mode="normal"


 OUTPUT CONTROL FOR STRESS PERIOD 33 IS REPEATED USING SETTINGS FROM A PREVIOUS STRESS PERIOD.

 HEAD WILL BE SAVED ON UNIT 1016 AT END OF TIME STEP    1, STRESS PERIOD   33


  VOLUME BUDGET FOR ENTIRE MODEL AT END OF TIME STEP    1, STRESS PERIOD  33
  ---------------------------------------------------------------------------------------------------

     CUMULATIVE VOLUME      L**3       RATES FOR THIS TIME STEP      L**3/T          PACKAGE NAME    
     ------------------                 ------------------------                     ----------------

           IN:                                      IN:
           ---                                      ---
              STO-SS =     4171234.0586                STO-SS =       17988.3319     STORAGE                          
                 WEL =           0.0000                   WEL =           0.0000     WEL                              
                 GHB =       24737.9362                   GHB =         166.5937     GHB                              

            TOTAL IN =     4195971.9949              TOTAL IN =       18154.9257

          OUT:                                     OUT:
          ----                                     ----
              STO-SS =     3940234.0601                STO-SS =       16988.3319     STORAGE                          
                 WEL =      231000.0000                   WEL =        1000.0000     WEL                              
                 GHB =       24737.9362                   GHB =         166.5937     GHB                              

           TOTAL OUT =     4195971.9963             TOTAL OUT =       18154.9257

            IN - OUT =      -1.4963E-03              IN - OUT =      -1.4723E-06

 PERCENT DISCREPANCY =          -0.00     PERCENT DISCREPANCY =          -0.00




         TIME SUMMARY AT END OF TIME STEP    1 IN STRESS PERIOD   33
                    SECONDS     MINUTES      HOURS       DAYS        YEARS
                    -----------------------------------------------------------
   TIME STEP LENGTH 6.04800E+05  10080.      168.00      7.0000     1.91650E-02
 STRESS PERIOD TIME 6.04800E+05  10080.      168.00      7.0000     1.91650E-02
         TOTAL TIME 1.99584E+07 3.32640E+05  5544.0      231.00     0.63244    


end timestep


start timestep kper="34" kstp="1" mode="normal"


 OUTPUT CONTROL FOR STRESS PERIOD 34 IS REPEATED USING SETTINGS FROM A PREVIOUS STRESS PERIOD.

 HEAD WILL BE SAVED ON UNIT 1016 AT END OF TIME STEP    1, STRESS PERIOD   34


  VOLUME BUDGET FOR ENTIRE MODEL AT END OF TIME STEP    1, STRESS PERIOD  34
  ---------------------------------------------------------------------------------------------------

     CUMULATIVE VOLUME      L**3       RATES FOR THIS TIME STEP      L**3/T          PACKAGE NAME    
     ------------------                 ------------------------                     ----------------

           IN:                                      IN:
           ---                                      ---
              STO-SS =     4297122.1575                STO-SS =       17984.0141     STORAGE                          
                 WEL =           0.0000                   WEL =           0.0000     WEL                              
                 GHB =       25923.6943                   GHB =         169.3940     GHB                              

            TOTAL IN =     4323045.8518              TOTAL IN =       18153.4081

          OUT:                                     OUT:
          ----                                     ----
              STO-SS =     4059122.1590                STO-SS =       16984.0141     STORAGE                          
                 WEL =      238000.0000                   WEL =        1000.0000     WEL                              
                 GHB =       25923.6943                   GHB =         169.3940     GHB                              

           TOTAL OUT =     4323045.8533             TOTAL OUT =       18153.4081

            IN - OUT =      -1.5064E-03              IN - OUT =      -1.4380E-06

 PERCENT DISCREPANCY =          -0.00     PERCENT DISCREPANCY =          -0.00




         TIME SUMMARY AT END OF TIME STEP    1 IN STRESS PERIOD   34
                    SECONDS     MINUTES      HOURS       DAYS        YEARS
                    -----------------------------------------------------------
   TIME STEP LENGTH 6.04800E+05  10080.      168.00      7.0000     1.91650E-02
 STRESS PERIOD TIME 6.04800E+05  10080.      168.00      7.0000     1.91650E-02
         TOTAL TIME 2.05632E+07 3.42720E+05  5712.0      238.00     0.65161    


end timestep


start timestep kper="35" kstp="1" mode="normal"


 OUTPUT CONTROL FOR STRESS PERIOD 35 IS REPEATED USING SETTINGS FROM A PREVIOUS STRESS PERIOD.

 HEAD WILL BE SAVED ON UNIT 1016 AT END OF TIME STEP    1, STRESS PERIOD   35


  VOLUME BUDGET FOR ENTIRE MODEL AT END OF TIME STEP    1, STRESS PERIOD  35
  ---------------------------------------------------------------------------------------------------

     CUMULATIVE VOLUME      L**3       RATES FOR THIS TIME STEP      L**3/T          PACKAGE NAME    
     ------------------                 ------------------------                     ----------------

           IN:                                      IN:
           ---                                      ---
              STO-SS =     4422979.5269                STO-SS =       17979.6242     STORAGE                          
                 WEL =           0.0000                   WEL =           0.0000     WEL                              
                 GHB =       27128.7634                   GHB =         172.1527     GHB                              

            TOTAL IN =     4450108.2903              TOTAL IN =       18151.7769

          OUT:                                     OUT:
          ----                                     ----
              STO-SS =     4177979.5284                STO-SS =       16979.6242     STORAGE                          
                 WEL =      245000.0000                   WEL =        1000.0000     WEL                              
                 GHB =       27128.7634                   GHB =         172.1527     GHB                              

           TOTAL OUT =     4450108.2918             TOTAL OUT =       18151.7769

            IN - OUT =      -1.5163E-03              IN - OUT =      -1.4126E-06

 PERCENT DISCREPANCY =          -0.00     PERCENT DISCREPANCY =          -0.00




         TIME SUMMARY AT END OF TIME STEP    1 IN STRESS PERIOD   35
                    SECONDS     MINUTES      HOURS       DAYS        YEARS
                    -----------------------------------------------------------
   TIME STEP LENGTH 6.04800E+05  10080.      168.00      7.0000     1.91650E-02
 STRESS PERIOD TIME 6.04800E+05  10080.      168.00      7.0000     1.91650E-02
         TOTAL TIME 2.11680E+07 3.52800E+05  5880.0      245.00     0.67077    


end timestep


start timestep kper="36" kstp="1" mode="normal"


 OUTPUT CONTROL FOR STRESS PERIOD 36 IS REPEATED USING SETTINGS FROM A PREVIOUS STRESS PERIOD.

 HEAD WILL BE SAVED ON UNIT 1016 AT END OF TIME STEP    1, STRESS PERIOD   36


  VOLUME BUDGET FOR ENTIRE MODEL AT END OF TIME STEP    1, STRESS PERIOD  36
  ---------------------------------------------------------------------------------------------------

     CUMULATIVE VOLUME      L**3       RATES FOR THIS TIME STEP      L**3/T          PACKAGE NAME    
     ------------------                 ------------------------                     ----------------

           IN:                                      IN:
           ---                                      ---
              STO-SS =     4548805.6841                STO-SS =       17975.1653     STORAGE                          
                 WEL =           0.0000                   WEL =           0.0000     WEL                              
                 GHB =       28352.8652                   GHB =         174.8717     GHB                              

            TOTAL IN =     4577158.5493              TOTAL IN =       18150.0370

          OUT:                                     OUT:
          ----                                     ----
              STO-SS =     4296805.6856                STO-SS =       16975.1653     STORAGE                          
                 WEL =      252000.0000                   WEL =        1000.0000     WEL                              
                 GHB =       28352.8652                   GHB =         174.8717     GHB                              

           TOTAL OUT =     4577158.5508             TOTAL OUT =       18150.0370

            IN - OUT =      -1.5261E-03              IN - OUT =      -1.3994E-06

 PERCENT DISCREPANCY =          -0.00     PERCENT DISCREPANCY =          -0.00




         TIME SUMMARY AT END OF TIME STEP    1 IN STRESS PERIOD   36
                    SECONDS     MINUTES      HOURS       DAYS        YEARS
                    -----------------------------------------------------------
   TIME STEP LENGTH 6.04800E+05  10080.      168.00      7.0000     1.91650E-02
 STRESS PERIOD TIME 6.04800E+05  10080.      168.00      7.0000     1.91650E-02
         TOTAL TIME 2.17728E+07 3.62880E+05  6048.0      252.00     0.68994    


end timestep


start timestep kper="37" kstp="1" mode="normal"


 OUTPUT CONTROL FOR STRESS PERIOD 37 IS REPEATED USING SETTINGS FROM A PREVIOUS STRESS PERIOD.

 HEAD WILL BE SAVED ON UNIT 1016 AT END OF TIME STEP    1, STRESS PERIOD   37


  VOLUME BUDGET FOR ENTIRE MODEL AT END OF TIME STEP    1, STRESS PERIOD  37
  ---------------------------------------------------------------------------------------------------

     CUMULATIVE VOLUME      L**3       RATES FOR THIS TIME STEP      L**3/T          PACKAGE NAME    
     ------------------                 ------------------------                     ----------------

           IN:                                      IN:
           ---                                      ---
              STO-SS =     4674600.1006                STO-SS =       17970.6309     STORAGE                          
                 WEL =           0.0000                   WEL =           0.0000     WEL                              
                 GHB =       29595.7326                   GHB =         177.5525     GHB                              

            TOTAL IN =     4704195.8331              TOTAL IN =       18148.1834

          OUT:                                     OUT:
          ----                                     ----
              STO-SS =     4415600.1021                STO-SS =       16970.6309     STORAGE                          
                 WEL =      259000.0000                   WEL =        1000.0000     WEL                              
                 GHB =       29595.7326                   GHB =         177.5525     GHB                              

           TOTAL OUT =     4704195.8347             TOTAL OUT =       18148.1834

            IN - OUT =      -1.5357E-03              IN - OUT =      -1.3748E-06

 PERCENT DISCREPANCY =          -0.00     PERCENT DISCREPANCY =          -0.00




         TIME SUMMARY AT END OF TIME STEP    1 IN STRESS PERIOD   37
                    SECONDS     MINUTES      HOURS       DAYS        YEARS
                    -----------------------------------------------------------
   TIME STEP LENGTH 6.04800E+05  10080.      168.00      7.0000     1.91650E-02
 STRESS PERIOD TIME 6.04800E+05  10080.      168.00      7.0000     1.91650E-02
         TOTAL TIME 2.23776E+07 3.72960E+05  6216.0      259.00     0.70910    


end timestep


start timestep kper="38" kstp="1" mode="normal"


 OUTPUT CONTROL FOR STRESS PERIOD 38 IS REPEATED USING SETTINGS FROM A PREVIOUS STRESS PERIOD.

 HEAD WILL BE SAVED ON UNIT 1016 AT END OF TIME STEP    1, STRESS PERIOD   38


  VOLUME BUDGET FOR ENTIRE MODEL AT END OF TIME STEP    1, STRESS PERIOD  38
  ---------------------------------------------------------------------------------------------------

     CUMULATIVE VOLUME      L**3       RATES FOR THIS TIME STEP      L**3/T          PACKAGE NAME    
     ------------------                 ------------------------                     ----------------

           IN:                                      IN:
           ---                                      ---
              STO-SS =     4800362.1828                STO-SS =       17966.0118     STORAGE                          
                 WEL =           0.0000                   WEL =           0.0000     WEL                              
                 GHB =       30857.1094                   GHB =         180.1967     GHB                              

            TOTAL IN =     4831219.2923              TOTAL IN =       18146.2084

          OUT:                                     OUT:
          ----                                     ----
              STO-SS =     4534362.1844                STO-SS =       16966.0118     STORAGE                          
                 WEL =      266000.0000                   WEL =        1000.0000     WEL                              
                 GHB =       30857.1094                   GHB =         180.1967     GHB                              

           TOTAL OUT =     4831219.2938             TOTAL OUT =       18146.2084

            IN - OUT =      -1.5452E-03              IN - OUT =      -1.3581E-06

 PERCENT DISCREPANCY =          -0.00     PERCENT DISCREPANCY =          -0.00




         TIME SUMMARY AT END OF TIME STEP    1 IN STRESS PERIOD   38
                    SECONDS     MINUTES      HOURS       DAYS        YEARS
                    -----------------------------------------------------------
   TIME STEP LENGTH 6.04800E+05  10080.      168.00      7.0000     1.91650E-02
 STRESS PERIOD TIME 6.04800E+05  10080.      168.00      7.0000     1.91650E-02
         TOTAL TIME 2.29824E+07 3.83040E+05  6384.0      266.00     0.72827    


end timestep


start timestep kper="39" kstp="1" mode="normal"


 OUTPUT CONTROL FOR STRESS PERIOD 39 IS REPEATED USING SETTINGS FROM A PREVIOUS STRESS PERIOD.

 HEAD WILL BE SAVED ON UNIT 1016 AT END OF TIME STEP    1, STRESS PERIOD   39


  VOLUME BUDGET FOR ENTIRE MODEL AT END OF TIME STEP    1, STRESS PERIOD  39
  ---------------------------------------------------------------------------------------------------

     CUMULATIVE VOLUME      L**3       RATES FOR THIS TIME STEP      L**3/T          PACKAGE NAME    
     ------------------                 ------------------------                     ----------------

           IN:                                      IN:
           ---                                      ---
              STO-SS =     4926091.3195                STO-SS =       17961.3052     STORAGE                          
                 WEL =           0.0000                   WEL =           0.0000     WEL                              
                 GHB =       32136.7495                   GHB =         182.8057     GHB                              

            TOTAL IN =     4958228.0690              TOTAL IN =       18144.1110

          OUT:                                     OUT:
          ----                                     ----
              STO-SS =     4653091.3211                STO-SS =       16961.3052     STORAGE                          
                 WEL =      273000.0000                   WEL =        1000.0000     WEL                              
                 GHB =       32136.7495                   GHB =         182.8057     GHB                              

           TOTAL OUT =     4958228.0706             TOTAL OUT =       18144.1110

            IN - OUT =      -1.5546E-03              IN - OUT =      -1.3398E-06

 PERCENT DISCREPANCY =          -0.00     PERCENT DISCREPANCY =          -0.00




         TIME SUMMARY AT END OF TIME STEP    1 IN STRESS PERIOD   39
                    SECONDS     MINUTES      HOURS       DAYS        YEARS
                    -----------------------------------------------------------
   TIME STEP LENGTH 6.04800E+05  10080.      168.00      7.0000     1.91650E-02
 STRESS PERIOD TIME 6.04800E+05  10080.      168.00      7.0000     1.91650E-02
         TOTAL TIME 2.35872E+07 3.93120E+05  6552.0      273.00     0.74743    


end timestep


start timestep kper="40" kstp="1" mode="normal"


 OUTPUT CONTROL FOR STRESS PERIOD 40 IS REPEATED USING SETTINGS FROM A PREVIOUS STRESS PERIOD.

 HEAD WILL BE SAVED ON UNIT 1016 AT END OF TIME STEP    1, STRESS PERIOD   40


  VOLUME BUDGET FOR ENTIRE MODEL AT END OF TIME STEP    1, STRESS PERIOD  40
  ---------------------------------------------------------------------------------------------------

     CUMULATIVE VOLUME      L**3       RATES FOR THIS TIME STEP      L**3/T          PACKAGE NAME    
     ------------------                 ------------------------                     ----------------

           IN:                                      IN:
           ---                                      ---
              STO-SS =     5051787.0076                STO-SS =       17956.5269     STORAGE                          
                 WEL =           0.0000                   WEL =           0.0000     WEL                              
                 GHB =       33434.4161                   GHB =         185.3809     GHB                              

            TOTAL IN =     5085221.4237              TOTAL IN =       18141.9078

          OUT:                                     OUT:
          ----                                     ----
              STO-SS =     4771787.0092                STO-SS =       16956.5269     STORAGE                          
                 WEL =      280000.0000                   WEL =        1000.0000     WEL                              
                 GHB =       33434.4161                   GHB =         185.3809     GHB                              

           TOTAL OUT =     5085221.4253             TOTAL OUT =       18141.9078

            IN - OUT =      -1.5638E-03              IN - OUT =      -1.3168E-06

 PERCENT DISCREPANCY =          -0.00     PERCENT DISCREPANCY =          -0.00




         TIME SUMMARY AT END OF TIME STEP    1 IN STRESS PERIOD   40
                    SECONDS     MINUTES      HOURS       DAYS        YEARS
                    -----------------------------------------------------------
   TIME STEP LENGTH 6.04800E+05  10080.      168.00      7.0000     1.91650E-02
 STRESS PERIOD TIME 6.04800E+05  10080.      168.00      7.0000     1.91650E-02
         TOTAL TIME 2.41920E+07 4.03200E+05  6720.0      280.00     0.76660    


end timestep


start timestep kper="41" kstp="1" mode="normal"


 OUTPUT CONTROL FOR STRESS PERIOD 41 IS REPEATED USING SETTINGS FROM A PREVIOUS STRESS PERIOD.

 HEAD WILL BE SAVED ON UNIT 1016 AT END OF TIME STEP    1, STRESS PERIOD   41


  VOLUME BUDGET FOR ENTIRE MODEL AT END OF TIME STEP    1, STRESS PERIOD  41
  ---------------------------------------------------------------------------------------------------

     CUMULATIVE VOLUME      L**3       RATES FOR THIS TIME STEP      L**3/T          PACKAGE NAME    
     ------------------                 ------------------------                     ----------------

           IN:                                      IN:
           ---                                      ---
              STO-SS =     5177448.6650                STO-SS =       17951.6654     STORAGE                          
                 WEL =           0.0000                   WEL =           0.0000     WEL                              
                 GHB =       34749.8813                   GHB =         187.9236     GHB                              

            TOTAL IN =     5212198.5463              TOTAL IN =       18139.5889

          OUT:                                     OUT:
          ----                                     ----
              STO-SS =     4890448.6667                STO-SS =       16951.6654     STORAGE                          
                 WEL =      287000.0000                   WEL =        1000.0000     WEL                              
                 GHB =       34749.8812                   GHB =         187.9236     GHB                              

           TOTAL OUT =     5212198.5479             TOTAL OUT =       18139.5889

            IN - OUT =      -1.5729E-03              IN - OUT =      -1.2967E-06

 PERCENT DISCREPANCY =          -0.00     PERCENT DISCREPANCY =          -0.00




         TIME SUMMARY AT END OF TIME STEP    1 IN STRESS PERIOD   41
                    SECONDS     MINUTES      HOURS       DAYS        YEARS
                    -----------------------------------------------------------
   TIME STEP LENGTH 6.04800E+05  10080.      168.00      7.0000     1.91650E-02
 STRESS PERIOD TIME 6.04800E+05  10080.      168.00      7.0000     1.91650E-02
         TOTAL TIME 2.47968E+07 4.13280E+05  6888.0      287.00     0.78576    


end timestep


start timestep kper="42" kstp="1" mode="normal"


 OUTPUT CONTROL FOR STRESS PERIOD 42 IS REPEATED USING SETTINGS FROM A PREVIOUS STRESS PERIOD.

 HEAD WILL BE SAVED ON UNIT 1016 AT END OF TIME STEP    1, STRESS PERIOD   42


  VOLUME BUDGET FOR ENTIRE MODEL AT END OF TIME STEP    1, STRESS PERIOD  42
  ---------------------------------------------------------------------------------------------------

     CUMULATIVE VOLUME      L**3       RATES FOR THIS TIME STEP      L**3/T          PACKAGE NAME    
     ------------------                 ------------------------                     ----------------

           IN:                                      IN:
           ---                                      ---
              STO-SS =     5303075.7834                STO-SS =       17946.7312     STORAGE                          
                 WEL =           0.0000                   WEL =           0.0000     WEL                              
                 GHB =       36082.9253                   GHB =         190.4349     GHB                              

            TOTAL IN =     5339158.7087              TOTAL IN =       18137.1661

          OUT:                                     OUT:
          ----                                     ----
              STO-SS =     5009075.7851                STO-SS =       16946.7312     STORAGE                          
                 WEL =      294000.0000                   WEL =        1000.0000     WEL                              
                 GHB =       36082.9252                   GHB =         190.4349     GHB                              

           TOTAL OUT =     5339158.7102             TOTAL OUT =       18137.1661

            IN - OUT =      -1.5818E-03              IN - OUT =      -1.2751E-06

 PERCENT DISCREPANCY =          -0.00     PERCENT DISCREPANCY =          -0.00




         TIME SUMMARY AT END OF TIME STEP    1 IN STRESS PERIOD   42
                    SECONDS     MINUTES      HOURS       DAYS        YEARS
                    -----------------------------------------------------------
   TIME STEP LENGTH 6.04800E+05  10080.      168.00      7.0000     1.91650E-02
 STRESS PERIOD TIME 6.04800E+05  10080.      168.00      7.0000     1.91650E-02
         TOTAL TIME 2.54016E+07 4.23360E+05  7056.0      294.00     0.80493    


end timestep


start timestep kper="43" kstp="1" mode="normal"


 OUTPUT CONTROL FOR STRESS PERIOD 43 IS REPEATED USING SETTINGS FROM A PREVIOUS STRESS PERIOD.

 HEAD WILL BE SAVED ON UNIT 1016 AT END OF TIME STEP    1, STRESS PERIOD   43


  VOLUME BUDGET FOR ENTIRE MODEL AT END OF TIME STEP    1, STRESS PERIOD  43
  ---------------------------------------------------------------------------------------------------

     CUMULATIVE VOLUME      L**3       RATES FOR THIS TIME STEP      L**3/T          PACKAGE NAME    
     ------------------                 ------------------------                     ----------------

           IN:                                      IN:
           ---                                      ---
              STO-SS =     5428667.8695                STO-SS =       17941.7266     STORAGE                          
                 WEL =           0.0000                   WEL =           0.0000     WEL                              
                 GHB =       37433.3363                   GHB =         192.9159     GHB                              

            TOTAL IN =     5466101.2058              TOTAL IN =       18134.6424

          OUT:                                     OUT:
          ----                                     ----
              STO-SS =     5127667.8713                STO-SS =       16941.7266     STORAGE                          
                 WEL =      301000.0000                   WEL =        1000.0000     WEL                              
                 GHB =       37433.3361                   GHB =         192.9158     GHB                              

           TOTAL OUT =     5466101.2074             TOTAL OUT =       18134.6424

            IN - OUT =      -1.5906E-03              IN - OUT =      -1.2593E-06

 PERCENT DISCREPANCY =          -0.00     PERCENT DISCREPANCY =          -0.00




         TIME SUMMARY AT END OF TIME STEP    1 IN STRESS PERIOD   43
                    SECONDS     MINUTES      HOURS       DAYS        YEARS
                    -----------------------------------------------------------
   TIME STEP LENGTH 6.04800E+05  10080.      168.00      7.0000     1.91650E-02
 STRESS PERIOD TIME 6.04800E+05  10080.      168.00      7.0000     1.91650E-02
         TOTAL TIME 2.60064E+07 4.33440E+05  7224.0      301.00     0.82409    


end timestep


start timestep kper="44" kstp="1" mode="normal"


 OUTPUT CONTROL FOR STRESS PERIOD 44 IS REPEATED USING SETTINGS FROM A PREVIOUS STRESS PERIOD.

 HEAD WILL BE SAVED ON UNIT 1016 AT END OF TIME STEP    1, STRESS PERIOD   44


  VOLUME BUDGET FOR ENTIRE MODEL AT END OF TIME STEP    1, STRESS PERIOD  44
  ---------------------------------------------------------------------------------------------------

     CUMULATIVE VOLUME      L**3       RATES FOR THIS TIME STEP      L**3/T          PACKAGE NAME    
     ------------------                 ------------------------                     ----------------

           IN:                                      IN:
           ---                                      ---
              STO-SS =     5554224.3217                STO-SS =       17936.6360     STORAGE                          
                 WEL =           0.0000                   WEL =           0.0000     WEL                              
                 GHB =       38800.9097                   GHB =         195.3676     GHB                              

            TOTAL IN =     5593025.2314              TOTAL IN =       18132.0037

          OUT:                                     OUT:
          ----                                     ----
              STO-SS =     5246224.3236                STO-SS =       16936.6360     STORAGE                          
                 WEL =      308000.0000                   WEL =        1000.0000     WEL                              
                 GHB =       38800.9094                   GHB =         195.3676     GHB                              

           TOTAL OUT =     5593025.2330             TOTAL OUT =       18132.0037

            IN - OUT =      -1.5993E-03              IN - OUT =      -1.2464E-06

 PERCENT DISCREPANCY =          -0.00     PERCENT DISCREPANCY =          -0.00




         TIME SUMMARY AT END OF TIME STEP    1 IN STRESS PERIOD   44
                    SECONDS     MINUTES      HOURS       DAYS        YEARS
                    -----------------------------------------------------------
   TIME STEP LENGTH 6.04800E+05  10080.      168.00      7.0000     1.91650E-02
 STRESS PERIOD TIME 6.04800E+05  10080.      168.00      7.0000     1.91650E-02
         TOTAL TIME 2.66112E+07 4.43520E+05  7392.0      308.00     0.84326    


end timestep


start timestep kper="45" kstp="1" mode="normal"


 OUTPUT CONTROL FOR STRESS PERIOD 45 IS REPEATED USING SETTINGS FROM A PREVIOUS STRESS PERIOD.

 HEAD WILL BE SAVED ON UNIT 1016 AT END OF TIME STEP    1, STRESS PERIOD   45


  VOLUME BUDGET FOR ENTIRE MODEL AT END OF TIME STEP    1, STRESS PERIOD  45
  ---------------------------------------------------------------------------------------------------

     CUMULATIVE VOLUME      L**3       RATES FOR THIS TIME STEP      L**3/T          PACKAGE NAME    
     ------------------                 ------------------------                     ----------------

           IN:                                      IN:
           ---                                      ---
              STO-SS =     5679744.7348                STO-SS =       17931.4876     STORAGE                          
                 WEL =           0.0000                   WEL =           0.0000     WEL                              
                 GHB =       40185.4479                   GHB =         197.7912     GHB                              

            TOTAL IN =     5719930.1827              TOTAL IN =       18129.2788

          OUT:                                     OUT:
          ----                                     ----
              STO-SS =     5364744.7367                STO-SS =       16931.4876     STORAGE                          
                 WEL =      315000.0000                   WEL =        1000.0000     WEL                              
                 GHB =       40185.4476                   GHB =         197.7912     GHB                              

           TOTAL OUT =     5719930.1843             TOTAL OUT =       18129.2788

            IN - OUT =      -1.6080E-03              IN - OUT =      -1.2350E-06

 PERCENT DISCREPANCY =          -0.00     PERCENT DISCREPANCY =          -0.00




         TIME SUMMARY AT END OF TIME STEP    1 IN STRESS PERIOD   45
                    SECONDS     MINUTES      HOURS       DAYS        YEARS
                    -----------------------------------------------------------
   TIME STEP LENGTH 6.04800E+05  10080.      168.00      7.0000     1.91650E-02
 STRESS PERIOD TIME 6.04800E+05  10080.      168.00      7.0000     1.91650E-02
         TOTAL TIME 2.72160E+07 4.53600E+05  7560.0      315.00     0.86242    


end timestep


start timestep kper="46" kstp="1" mode="normal"


 OUTPUT CONTROL FOR STRESS PERIOD 46 IS REPEATED USING SETTINGS FROM A PREVIOUS STRESS PERIOD.

 HEAD WILL BE SAVED ON UNIT 1016 AT END OF TIME STEP    1, STRESS PERIOD   46


  VOLUME BUDGET FOR ENTIRE MODEL AT END OF TIME STEP    1, STRESS PERIOD  46
  ---------------------------------------------------------------------------------------------------

     CUMULATIVE VOLUME      L**3       RATES FOR THIS TIME STEP      L**3/T          PACKAGE NAME    
     ------------------                 ------------------------                     ----------------

           IN:                                      IN:
           ---                                      ---
              STO-SS =     5805228.6155                STO-SS =       17926.2687     STORAGE                          
                 WEL =           0.0000                   WEL =           0.0000     WEL                              
                 GHB =       41586.7598                   GHB =         200.1874     GHB                              

            TOTAL IN =     5846815.3754              TOTAL IN =       18126.4561

          OUT:                                     OUT:
          ----                                     ----
              STO-SS =     5483228.6175                STO-SS =       16926.2687     STORAGE                          
                 WEL =      322000.0000                   WEL =        1000.0000     WEL                              
                 GHB =       41586.7595                   GHB =         200.1874     GHB                              

           TOTAL OUT =     5846815.3770             TOTAL OUT =       18126.4561

            IN - OUT =      -1.6165E-03              IN - OUT =      -1.2238E-06

 PERCENT DISCREPANCY =          -0.00     PERCENT DISCREPANCY =          -0.00




         TIME SUMMARY AT END OF TIME STEP    1 IN STRESS PERIOD   46
                    SECONDS     MINUTES      HOURS       DAYS        YEARS
                    -----------------------------------------------------------
   TIME STEP LENGTH 6.04800E+05  10080.      168.00      7.0000     1.91650E-02
 STRESS PERIOD TIME 6.04800E+05  10080.      168.00      7.0000     1.91650E-02
         TOTAL TIME 2.78208E+07 4.63680E+05  7728.0      322.00     0.88159    


end timestep


start timestep kper="47" kstp="1" mode="normal"


 OUTPUT CONTROL FOR STRESS PERIOD 47 IS REPEATED USING SETTINGS FROM A PREVIOUS STRESS PERIOD.

 HEAD WILL BE SAVED ON UNIT 1016 AT END OF TIME STEP    1, STRESS PERIOD   47


  VOLUME BUDGET FOR ENTIRE MODEL AT END OF TIME STEP    1, STRESS PERIOD  47
  ---------------------------------------------------------------------------------------------------

     CUMULATIVE VOLUME      L**3       RATES FOR THIS TIME STEP      L**3/T          PACKAGE NAME    
     ------------------                 ------------------------                     ----------------

           IN:                                      IN:
           ---                                      ---
              STO-SS =     5930675.7613                STO-SS =       17921.0208     STORAGE                          
                 WEL =           0.0000                   WEL =           0.0000     WEL                              
                 GHB =       43004.6607                   GHB =         202.5573     GHB                              

            TOTAL IN =     5973680.4219              TOTAL IN =       18123.5781

          OUT:                                     OUT:
          ----                                     ----
              STO-SS =     5601675.7634                STO-SS =       16921.0208     STORAGE                          
                 WEL =      329000.0000                   WEL =        1000.0000     WEL                              
                 GHB =       43004.6602                   GHB =         202.5572     GHB                              

           TOTAL OUT =     5973680.4235             TOTAL OUT =       18123.5781

            IN - OUT =      -1.6249E-03              IN - OUT =      -1.1980E-06

 PERCENT DISCREPANCY =          -0.00     PERCENT DISCREPANCY =          -0.00




         TIME SUMMARY AT END OF TIME STEP    1 IN STRESS PERIOD   47
                    SECONDS     MINUTES      HOURS       DAYS        YEARS
                    -----------------------------------------------------------
   TIME STEP LENGTH 6.04800E+05  10080.      168.00      7.0000     1.91650E-02
 STRESS PERIOD TIME 6.04800E+05  10080.      168.00      7.0000     1.91650E-02
         TOTAL TIME 2.84256E+07 4.73760E+05  7896.0      329.00     0.90075    


end timestep


start timestep kper="48" kstp="1" mode="normal"


 OUTPUT CONTROL FOR STRESS PERIOD 48 IS REPEATED USING SETTINGS FROM A PREVIOUS STRESS PERIOD.

 HEAD WILL BE SAVED ON UNIT 1016 AT END OF TIME STEP    1, STRESS PERIOD   48


  VOLUME BUDGET FOR ENTIRE MODEL AT END OF TIME STEP    1, STRESS PERIOD  48
  ---------------------------------------------------------------------------------------------------

     CUMULATIVE VOLUME      L**3       RATES FOR THIS TIME STEP      L**3/T          PACKAGE NAME    
     ------------------                 ------------------------                     ----------------

           IN:                                      IN:
           ---                                      ---
              STO-SS =     6056085.7676                STO-SS =       17915.7152     STORAGE                          
                 WEL =           0.0000                   WEL =           0.0000     WEL                              
                 GHB =       44438.9713                   GHB =         204.9015     GHB                              

            TOTAL IN =     6100524.7389              TOTAL IN =       18120.6167

          OUT:                                     OUT:
          ----                                     ----
              STO-SS =     5720085.7698                STO-SS =       16915.7152     STORAGE                          
                 WEL =      336000.0000                   WEL =        1000.0000     WEL                              
                 GHB =       44438.9707                   GHB =         204.9015     GHB                              

           TOTAL OUT =     6100524.7405             TOTAL OUT =       18120.6167

            IN - OUT =      -1.6333E-03              IN - OUT =      -1.1929E-06

 PERCENT DISCREPANCY =          -0.00     PERCENT DISCREPANCY =          -0.00




         TIME SUMMARY AT END OF TIME STEP    1 IN STRESS PERIOD   48
                    SECONDS     MINUTES      HOURS       DAYS        YEARS
                    -----------------------------------------------------------
   TIME STEP LENGTH 6.04800E+05  10080.      168.00      7.0000     1.91650E-02
 STRESS PERIOD TIME 6.04800E+05  10080.      168.00      7.0000     1.91650E-02
         TOTAL TIME 2.90304E+07 4.83840E+05  8064.0      336.00     0.91992    


end timestep


start timestep kper="49" kstp="1" mode="normal"


 OUTPUT CONTROL FOR STRESS PERIOD 49 IS REPEATED USING SETTINGS FROM A PREVIOUS STRESS PERIOD.

 HEAD WILL BE SAVED ON UNIT 1016 AT END OF TIME STEP    1, STRESS PERIOD   49


  VOLUME BUDGET FOR ENTIRE MODEL AT END OF TIME STEP    1, STRESS PERIOD  49
  ---------------------------------------------------------------------------------------------------

     CUMULATIVE VOLUME      L**3       RATES FOR THIS TIME STEP      L**3/T          PACKAGE NAME    
     ------------------                 ------------------------                     ----------------

           IN:                                      IN:
           ---                                      ---
              STO-SS =     6181458.1085                STO-SS =       17910.3344     STORAGE                          
                 WEL =           0.0000                   WEL =           0.0000     WEL                              
                 GHB =       45889.5184                   GHB =         207.2210     GHB                              

            TOTAL IN =     6227347.6269              TOTAL IN =       18117.5554

          OUT:                                     OUT:
          ----                                     ----
              STO-SS =     5838458.1109                STO-SS =       16910.3344     STORAGE                          
                 WEL =      343000.0000                   WEL =        1000.0000     WEL                              
                 GHB =       45889.5176                   GHB =         207.2210     GHB                              

           TOTAL OUT =     6227347.6286             TOTAL OUT =       18117.5554

            IN - OUT =      -1.6415E-03              IN - OUT =      -1.1727E-06

 PERCENT DISCREPANCY =          -0.00     PERCENT DISCREPANCY =          -0.00




         TIME SUMMARY AT END OF TIME STEP    1 IN STRESS PERIOD   49
                    SECONDS     MINUTES      HOURS       DAYS        YEARS
                    -----------------------------------------------------------
   TIME STEP LENGTH 6.04800E+05  10080.      168.00      7.0000     1.91650E-02
 STRESS PERIOD TIME 6.04800E+05  10080.      168.00      7.0000     1.91650E-02
         TOTAL TIME 2.96352E+07 4.93920E+05  8232.0      343.00     0.93908    


end timestep


start timestep kper="50" kstp="1" mode="normal"


 OUTPUT CONTROL FOR STRESS PERIOD 50 IS REPEATED USING SETTINGS FROM A PREVIOUS STRESS PERIOD.

 HEAD WILL BE SAVED ON UNIT 1016 AT END OF TIME STEP    1, STRESS PERIOD   50


  VOLUME BUDGET FOR ENTIRE MODEL AT END OF TIME STEP    1, STRESS PERIOD  50
  ---------------------------------------------------------------------------------------------------

     CUMULATIVE VOLUME      L**3       RATES FOR THIS TIME STEP      L**3/T          PACKAGE NAME    
     ------------------                 ------------------------                     ----------------

           IN:                                      IN:
           ---                                      ---
              STO-SS =     6306792.2069                STO-SS =       17904.8712     STORAGE                          
                 WEL =           0.0000                   WEL =           0.0000     WEL                              
                 GHB =       47356.1336                   GHB =         209.5165     GHB                              

            TOTAL IN =     6354148.3405              TOTAL IN =       18114.3877

          OUT:                                     OUT:
          ----                                     ----
              STO-SS =     5956792.2094                STO-SS =       16904.8712     STORAGE                          
                 WEL =      350000.0000                   WEL =        1000.0000     WEL                              
                 GHB =       47356.1327                   GHB =         209.5164     GHB                              

           TOTAL OUT =     6354148.3422             TOTAL OUT =       18114.3877

            IN - OUT =      -1.6496E-03              IN - OUT =      -1.1610E-06

 PERCENT DISCREPANCY =          -0.00     PERCENT DISCREPANCY =          -0.00




         TIME SUMMARY AT END OF TIME STEP    1 IN STRESS PERIOD   50
                    SECONDS     MINUTES      HOURS       DAYS        YEARS
                    -----------------------------------------------------------
   TIME STEP LENGTH 6.04800E+05  10080.      168.00      7.0000     1.91650E-02
 STRESS PERIOD TIME 6.04800E+05  10080.      168.00      7.0000     1.91650E-02
         TOTAL TIME 3.02400E+07 5.04000E+05  8400.0      350.00     0.95825    


end timestep


start timestep kper="51" kstp="1" mode="normal"


 OUTPUT CONTROL FOR STRESS PERIOD 51 IS REPEATED USING SETTINGS FROM A PREVIOUS STRESS PERIOD.

 HEAD WILL BE SAVED ON UNIT 1016 AT END OF TIME STEP    1, STRESS PERIOD   51


  VOLUME BUDGET FOR ENTIRE MODEL AT END OF TIME STEP    1, STRESS PERIOD  51
  ---------------------------------------------------------------------------------------------------

     CUMULATIVE VOLUME      L**3       RATES FOR THIS TIME STEP      L**3/T          PACKAGE NAME    
     ------------------                 ------------------------                     ----------------

           IN:                                      IN:
           ---                                      ---
              STO-SS =     6432087.5976                STO-SS =       17899.3415     STORAGE                          
                 WEL =           0.0000                   WEL =           0.0000     WEL                              
                 GHB =       48838.6540                   GHB =         211.7886     GHB                              

            TOTAL IN =     6480926.2516              TOTAL IN =       18111.1302

          OUT:                                     OUT:
          ----                                     ----
              STO-SS =     6075087.6004                STO-SS =       16899.3416     STORAGE                          
                 WEL =      357000.0000                   WEL =        1000.0000     WEL                              
                 GHB =       48838.6528                   GHB =         211.7886     GHB                              

           TOTAL OUT =     6480926.2532             TOTAL OUT =       18111.1302

            IN - OUT =      -1.6577E-03              IN - OUT =      -1.1515E-06

 PERCENT DISCREPANCY =          -0.00     PERCENT DISCREPANCY =          -0.00




         TIME SUMMARY AT END OF TIME STEP    1 IN STRESS PERIOD   51
                    SECONDS     MINUTES      HOURS       DAYS        YEARS
                    -----------------------------------------------------------
   TIME STEP LENGTH 6.04800E+05  10080.      168.00      7.0000     1.91650E-02
 STRESS PERIOD TIME 6.04800E+05  10080.      168.00      7.0000     1.91650E-02
         TOTAL TIME 3.08448E+07 5.14080E+05  8568.0      357.00     0.97741    


end timestep


start timestep kper="52" kstp="1" mode="normal"


 OUTPUT CONTROL FOR STRESS PERIOD 52 IS REPEATED USING SETTINGS FROM A PREVIOUS STRESS PERIOD.

 HEAD WILL BE SAVED ON UNIT 1016 AT END OF TIME STEP    1, STRESS PERIOD   52


  VOLUME BUDGET FOR ENTIRE MODEL AT END OF TIME STEP    1, STRESS PERIOD  52
  ---------------------------------------------------------------------------------------------------

     CUMULATIVE VOLUME      L**3       RATES FOR THIS TIME STEP      L**3/T          PACKAGE NAME    
     ------------------                 ------------------------                     ----------------

           IN:                                      IN:
           ---                                      ---
              STO-SS =     6557343.8109                STO-SS =       17893.7448     STORAGE                          
                 WEL =           0.0000                   WEL =           0.0000     WEL                              
                 GHB =       50336.9210                   GHB =         214.0381     GHB                              

            TOTAL IN =     6607680.7319              TOTAL IN =       18107.7829

          OUT:                                     OUT:
          ----                                     ----
              STO-SS =     6193343.8140                STO-SS =       16893.7448     STORAGE                          
                 WEL =      364000.0000                   WEL =        1000.0000     WEL                              
                 GHB =       50336.9196                   GHB =         214.0381     GHB                              

           TOTAL OUT =     6607680.7336             TOTAL OUT =       18107.7829

            IN - OUT =      -1.6656E-03              IN - OUT =      -1.1401E-06

 PERCENT DISCREPANCY =          -0.00     PERCENT DISCREPANCY =          -0.00




         TIME SUMMARY AT END OF TIME STEP    1 IN STRESS PERIOD   52
                    SECONDS     MINUTES      HOURS       DAYS        YEARS
                    -----------------------------------------------------------
   TIME STEP LENGTH 6.04800E+05  10080.      168.00      7.0000     1.91650E-02
 STRESS PERIOD TIME 6.04800E+05  10080.      168.00      7.0000     1.91650E-02
         TOTAL TIME 3.14496E+07 5.24160E+05  8736.0      364.00     0.99658    


end timestep

