                                   MODFLOW 6
                U.S. GEOLOGICAL SURVEY MODULAR HYDROLOGIC MODEL
                          GROUNDWATER FLOW MODEL (GWF)
                            VERSION 6.6.3 09/29/2025

   MODFLOW 6 compiled Oct 07 2025 23:07:48 with Intel(R) Fortran Intel(R) 64
   Compiler Classic for applications running on Intel(R) 64, Version 2021.7.0
                             Build 20220726_000000

This software has been approved for release by the U.S. Geological 
Survey (USGS). Although the software has been subjected to rigorous 
review, the USGS reserves the right to update the software as needed 
pursuant to further analysis and review. No warranty, expressed or 
implied, is made by the USGS or the U.S. Government as to the 
functionality of the software and related material nor shall the 
fact of release constitute any such warranty. Furthermore, the 
software is released on condition that neither the USGS nor the U.S. 
Government shall be held liable for any damages resulting from its 
authorized or unauthorized use. Also refer to the USGS Water 
Resources Software User Rights Notice for complete use, copyright, 
and distribution information.


As a work of the United States Government, this USGS product is 
in the public domain within the United States. You can copy, 
modify, distribute, and perform the work, even for commercial 
purposes, all without asking permission. Additionally, USGS 
waives copyright and related rights in the work worldwide 
through CC0 1.0 Universal Public Domain Dedication 
(https://creativecommons.org/publicdomain/zero/1.0/).

The following GNU Lesser General Public License (LGPL) libraries
are used in this USGS product:

    SPARSKIT version 2.0
      ilut, luson, and qsplit 
      (https://www-users.cse.umn.edu/~saad/software/SPARSKIT/)

    RCM - Reverse Cuthill McKee Ordering
      (https://people.math.sc.edu/Burkardt/f_src/rcm/rcm.html)

    BLAS - Basic Linear Algebra Subprograms Level 1
      (https://people.math.sc.edu/Burkardt/f_src/blas1_d/blas1_d.html)

    SPARSEKIT - Sparse Matrix Utility Package
      amux, dperm, dvperm, rperm, and cperm
      (https://people.sc.fsu.edu/~jburkardt/f77_src/sparsekit/sparsekit.html)

The following BSD-3 License libraries are used in this USGS product:

    Modern Fortran DAG Library
      Copyright (c) 2018, Jacob Williams
      All rights reserved.
      (https://github.com/jacobwilliams/daglib)

MODFLOW 6 compiler options: /O2 /heap-arrays:0 /fpe:0 /traceback /nologo /fpp
/c /module:win64\mod_mf6\ /object:win64\obj_mf6\

System command used to initiate simulation:
C:\Python\Personal\kfm-ms\codes\binaries\MODFLOW6\windows\mf6.exe

MODFLOW was compiled using uniform precision.

Real Variables
  KIND: 8
  TINY (smallest non-zero value):    2.225074-308
  HUGE (largest value):    1.797693+308
  PRECISION: 15
  SIZE IN BITS: 64

Integer Variables
  KIND: 4
  HUGE (largest value): 2147483647
  SIZE IN BITS: 32

Long Integer Variables
  KIND: 8
  HUGE (largest value): 9223372036854775807
  SIZE IN BITS: 64

Logical Variables
  KIND: 4
  SIZE IN BITS: 32
 
 NAMEFILE OPTIONS:
    FLOWS WILL BE SAVED TO BUDGET FILE SPECIFIED IN OUTPUT CONTROL
 END NAMEFILE OPTIONS:

 DIS -- STRUCTURED GRID DISCRETIZATION PACKAGE, VERSION 2 : 3/27/2014 - INPUT READ FROM MEMPATH: __INPUT__/PHANTOM_66/DIS                          


 NPF -- NODE PROPERTY FLOW PACKAGE, VERSION 1, 3/30/2015 INPUT READ FROM MEMPATH: __INPUT__/PHANTOM_66/NPF                          


 IC -- Initial Conditions Package, Version 8, 3/28/2015 input read from mempath: __INPUT__/PHANTOM_66/IC                           


 Setting Discretization Options
    XORIGIN = .000000000000000
    YORIGIN = .000000000000000
 End Setting Discretization Options

 Setting Discretization Dimensions
    NLAY = 1
    NROW = 116
    NCOL = 92
 End Setting Discretization Dimensions

 Setting Discretization Griddata
    DELR set from input file
    DELC set from input file
    TOP set from input file
    BOTM set from input file
    IDOMAIN set from input file
 End Setting Discretization Griddata

 Setting NPF Options
 End Setting NPF Options

 Setting NPF Griddata
    ICELLTYPE set from input file
    K set from input file
    K33 not provided.  Setting K33 = K.
    K22 not provided.  Setting K22 = K.
 End Setting NPF Griddata


 WEL -- WEL PACKAGE, VERSION 8, 2/22/2014 INPUT READ FROM MEMPATH: __INPUT__/PHANTOM_66/WEL                          

 PROCESSING WEL BASE OPTIONS
 END OF WEL BASE OPTIONS

 PROCESSING WEL OPTIONS
 END OF WEL OPTIONS

 PROCESSING WEL BASE DIMENSIONS
    MAXBOUND =       1
 END OF WEL BASE DIMENSIONS

 GHB -- GHB PACKAGE, VERSION 8, 2/22/2014 INPUT READ FROM MEMPATH: __INPUT__/PHANTOM_66/GHB                          

 PROCESSING GHB BASE OPTIONS
 END OF GHB BASE OPTIONS

 PROCESSING GHB OPTIONS
 END OF GHB OPTIONS

 PROCESSING GHB BASE DIMENSIONS
    MAXBOUND =     232
 END OF GHB BASE DIMENSIONS
    STRT set from input file

 STO -- STORAGE PACKAGE, VERSION 1, 5/19/2014 INPUT READ FROM MEMPATH: __INPUT__/PHANTOM_66/STO                          


 PROCESSING STORAGE OPTIONS
 END OF STORAGE OPTIONS
    BINARY GRID INFORMATION WILL BE WRITTEN TO:
      UNIT NUMBER: 1015
      FILE NAME: phantom_66.dis.grb

 OPENED phantom_66.dis.grb
 FILE TYPE:DATA(BINARY)   UNIT 1015   STATUS:REPLACE             
 FORMAT:UNFORMATTED            ACCESS:STREAM              
 ACTION:READWRITE           

      THE LAST TIME STEP WILL BE PRINTED
      THE LAST TIME STEP WILL BE PRINTED
 # File generated by Flopy version 3.10.0 on 06/11/2026 at 21:00:52.

 PROCESSING OC OPTIONS

    HEAD INFORMATION WILL BE WRITTEN TO:
      UNIT NUMBER: 1016
      FILE NAME: phantom_66.hds

 OPENED phantom_66.hds
 FILE TYPE:DATA(BINARY)   UNIT 1016   STATUS:REPLACE             
 FORMAT:UNFORMATTED            ACCESS:STREAM              
 ACTION:READWRITE           

 END OF OC OPTIONS

start timestep kper="1" kstp="1" mode="normal"


 BEGIN READING OUTPUT CONTROL FOR STRESS PERIOD 1
      ALL TIME STEPS WILL BE SAVED

 END READING OUTPUT CONTROL FOR STRESS PERIOD 1


 PROCESSING STORAGE PERIOD DATA
 END PROCESSING STORAGE PERIOD DATA


 STRESS PERIOD 1 IS TRANSIENT


 HEAD WILL BE SAVED ON UNIT 1016 AT END OF TIME STEP    1, STRESS PERIOD    1


  VOLUME BUDGET FOR ENTIRE MODEL AT END OF TIME STEP    1, STRESS PERIOD   1
  ---------------------------------------------------------------------------------------------------

     CUMULATIVE VOLUME      L**3       RATES FOR THIS TIME STEP      L**3/T          PACKAGE NAME    
     ------------------                 ------------------------                     ----------------

           IN:                                      IN:
           ---                                      ---
              STO-SS =      127063.5720                STO-SS =       18151.9389     STORAGE                          
                 WEL =           0.0000                   WEL =           0.0000     WEL                              
                 GHB =         103.5060                   GHB =          14.7866     GHB                              

            TOTAL IN =      127167.0780              TOTAL IN =       18166.7254

          OUT:                                     OUT:
          ----                                     ----
              STO-SS =      120063.5720                STO-SS =       17151.9389     STORAGE                          
                 WEL =        7000.0000                   WEL =        1000.0000     WEL                              
                 GHB =         103.5060                   GHB =          14.7866     GHB                              

           TOTAL OUT =      127167.0780             TOTAL OUT =       18166.7254

            IN - OUT =      -1.8901E-06              IN - OUT =      -2.7001E-07

 PERCENT DISCREPANCY =          -0.00     PERCENT DISCREPANCY =          -0.00




         TIME SUMMARY AT END OF TIME STEP    1 IN STRESS PERIOD    1
                    SECONDS     MINUTES      HOURS       DAYS        YEARS
                    -----------------------------------------------------------
   TIME STEP LENGTH 6.04800E+05  10080.      168.00      7.0000     1.91650E-02
 STRESS PERIOD TIME 6.04800E+05  10080.      168.00      7.0000     1.91650E-02
         TOTAL TIME 6.04800E+05  10080.      168.00      7.0000     1.91650E-02


end timestep


start timestep kper="2" kstp="1" mode="normal"


 END OF FILE DETECTED IN OUTPUT CONTROL.
 CURRENT OUTPUT CONTROL SETTINGS WILL BE 
 REPEATED UNTIL THE END OF THE SIMULATION.

 OUTPUT CONTROL FOR STRESS PERIOD 2 IS REPEATED USING SETTINGS FROM A PREVIOUS STRESS PERIOD.

 HEAD WILL BE SAVED ON UNIT 1016 AT END OF TIME STEP    1, STRESS PERIOD    2


  VOLUME BUDGET FOR ENTIRE MODEL AT END OF TIME STEP    1, STRESS PERIOD   2
  ---------------------------------------------------------------------------------------------------

     CUMULATIVE VOLUME      L**3       RATES FOR THIS TIME STEP      L**3/T          PACKAGE NAME    
     ------------------                 ------------------------                     ----------------

           IN:                                      IN:
           ---                                      ---
              STO-SS =      254044.8901                STO-SS =       18140.1883     STORAGE                          
                 WEL =           0.0000                   WEL =           0.0000     WEL                              
                 GHB =         289.2608                   GHB =          26.5364     GHB                              

            TOTAL IN =      254334.1509              TOTAL IN =       18166.7247

          OUT:                                     OUT:
          ----                                     ----
              STO-SS =      240044.8905                STO-SS =       17140.1884     STORAGE                          
                 WEL =       14000.0000                   WEL =        1000.0000     WEL                              
                 GHB =         289.2608                   GHB =          26.5364     GHB                              

           TOTAL OUT =      254334.1513             TOTAL OUT =       18166.7248

            IN - OUT =      -3.8906E-04              IN - OUT =      -5.5310E-05

 PERCENT DISCREPANCY =          -0.00     PERCENT DISCREPANCY =          -0.00




         TIME SUMMARY AT END OF TIME STEP    1 IN STRESS PERIOD    2
                    SECONDS     MINUTES      HOURS       DAYS        YEARS
                    -----------------------------------------------------------
   TIME STEP LENGTH 6.04800E+05  10080.      168.00      7.0000     1.91650E-02
 STRESS PERIOD TIME 6.04800E+05  10080.      168.00      7.0000     1.91650E-02
         TOTAL TIME 1.20960E+06  20160.      336.00      14.000     3.83299E-02


end timestep


start timestep kper="3" kstp="1" mode="normal"


 OUTPUT CONTROL FOR STRESS PERIOD 3 IS REPEATED USING SETTINGS FROM A PREVIOUS STRESS PERIOD.

 HEAD WILL BE SAVED ON UNIT 1016 AT END OF TIME STEP    1, STRESS PERIOD    3


  VOLUME BUDGET FOR ENTIRE MODEL AT END OF TIME STEP    1, STRESS PERIOD   3
  ---------------------------------------------------------------------------------------------------

     CUMULATIVE VOLUME      L**3       RATES FOR THIS TIME STEP      L**3/T          PACKAGE NAME    
     ------------------                 ------------------------                     ----------------

           IN:                                      IN:
           ---                                      ---
              STO-SS =      380957.4061                STO-SS =       18130.3594     STORAGE                          
                 WEL =           0.0000                   WEL =           0.0000     WEL                              
                 GHB =         543.8186                   GHB =          36.3654     GHB                              

            TOTAL IN =      381501.2248              TOTAL IN =       18166.7248

          OUT:                                     OUT:
          ----                                     ----
              STO-SS =      359957.4068                STO-SS =       17130.3595     STORAGE                          
                 WEL =       21000.0000                   WEL =        1000.0000     WEL                              
                 GHB =         543.8186                   GHB =          36.3654     GHB                              

           TOTAL OUT =      381501.2254             TOTAL OUT =       18166.7249

            IN - OUT =      -6.6724E-04              IN - OUT =      -3.9740E-05

 PERCENT DISCREPANCY =          -0.00     PERCENT DISCREPANCY =          -0.00




         TIME SUMMARY AT END OF TIME STEP    1 IN STRESS PERIOD    3
                    SECONDS     MINUTES      HOURS       DAYS        YEARS
                    -----------------------------------------------------------
   TIME STEP LENGTH 6.04800E+05  10080.      168.00      7.0000     1.91650E-02
 STRESS PERIOD TIME 6.04800E+05  10080.      168.00      7.0000     1.91650E-02
         TOTAL TIME 1.81440E+06  30240.      504.00      21.000     5.74949E-02


end timestep


start timestep kper="4" kstp="1" mode="normal"


 OUTPUT CONTROL FOR STRESS PERIOD 4 IS REPEATED USING SETTINGS FROM A PREVIOUS STRESS PERIOD.

 HEAD WILL BE SAVED ON UNIT 1016 AT END OF TIME STEP    1, STRESS PERIOD    4


  VOLUME BUDGET FOR ENTIRE MODEL AT END OF TIME STEP    1, STRESS PERIOD   4
  ---------------------------------------------------------------------------------------------------

     CUMULATIVE VOLUME      L**3       RATES FOR THIS TIME STEP      L**3/T          PACKAGE NAME    
     ------------------                 ------------------------                     ----------------

           IN:                                      IN:
           ---                                      ---
              STO-SS =      507810.1877                STO-SS =       18121.8259     STORAGE                          
                 WEL =           0.0000                   WEL =           0.0000     WEL                              
                 GHB =         858.1115                   GHB =          44.8990     GHB                              

            TOTAL IN =      508668.2993              TOTAL IN =       18166.7249

          OUT:                                     OUT:
          ----                                     ----
              STO-SS =      479810.1886                STO-SS =       17121.8260     STORAGE                          
                 WEL =       28000.0000                   WEL =        1000.0000     WEL                              
                 GHB =         858.1115                   GHB =          44.8990     GHB                              

           TOTAL OUT =      508668.3001             TOTAL OUT =       18166.7250

            IN - OUT =      -8.4862E-04              IN - OUT =      -2.5911E-05

 PERCENT DISCREPANCY =          -0.00     PERCENT DISCREPANCY =          -0.00




         TIME SUMMARY AT END OF TIME STEP    1 IN STRESS PERIOD    4
                    SECONDS     MINUTES      HOURS       DAYS        YEARS
                    -----------------------------------------------------------
   TIME STEP LENGTH 6.04800E+05  10080.      168.00      7.0000     1.91650E-02
 STRESS PERIOD TIME 6.04800E+05  10080.      168.00      7.0000     1.91650E-02
         TOTAL TIME 2.41920E+06  40320.      672.00      28.000     7.66598E-02


end timestep


start timestep kper="5" kstp="1" mode="normal"


 OUTPUT CONTROL FOR STRESS PERIOD 5 IS REPEATED USING SETTINGS FROM A PREVIOUS STRESS PERIOD.

 HEAD WILL BE SAVED ON UNIT 1016 AT END OF TIME STEP    1, STRESS PERIOD    5


  VOLUME BUDGET FOR ENTIRE MODEL AT END OF TIME STEP    1, STRESS PERIOD   5
  ---------------------------------------------------------------------------------------------------

     CUMULATIVE VOLUME      L**3       RATES FOR THIS TIME STEP      L**3/T          PACKAGE NAME    
     ------------------                 ------------------------                     ----------------

           IN:                                      IN:
           ---                                      ---
              STO-SS =      634609.7057                STO-SS =       18114.2169     STORAGE                          
                 WEL =           0.0000                   WEL =           0.0000     WEL                              
                 GHB =        1225.6676                   GHB =          52.5080     GHB                              

            TOTAL IN =      635835.3733              TOTAL IN =       18166.7249

          OUT:                                     OUT:
          ----                                     ----
              STO-SS =      599609.7067                STO-SS =       17114.2169     STORAGE                          
                 WEL =       35000.0000                   WEL =        1000.0000     WEL                              
                 GHB =        1225.6676                   GHB =          52.5080     GHB                              

           TOTAL OUT =      635835.3743             TOTAL OUT =       18166.7249

            IN - OUT =      -9.5585E-04              IN - OUT =      -1.5319E-05

 PERCENT DISCREPANCY =          -0.00     PERCENT DISCREPANCY =          -0.00




         TIME SUMMARY AT END OF TIME STEP    1 IN STRESS PERIOD    5
                    SECONDS     MINUTES      HOURS       DAYS        YEARS
                    -----------------------------------------------------------
   TIME STEP LENGTH 6.04800E+05  10080.      168.00      7.0000     1.91650E-02
 STRESS PERIOD TIME 6.04800E+05  10080.      168.00      7.0000     1.91650E-02
         TOTAL TIME 3.02400E+06  50400.      840.00      35.000     9.58248E-02


end timestep


start timestep kper="6" kstp="1" mode="normal"


 OUTPUT CONTROL FOR STRESS PERIOD 6 IS REPEATED USING SETTINGS FROM A PREVIOUS STRESS PERIOD.

 HEAD WILL BE SAVED ON UNIT 1016 AT END OF TIME STEP    1, STRESS PERIOD    6


  VOLUME BUDGET FOR ENTIRE MODEL AT END OF TIME STEP    1, STRESS PERIOD   6
  ---------------------------------------------------------------------------------------------------

     CUMULATIVE VOLUME      L**3       RATES FOR THIS TIME STEP      L**3/T          PACKAGE NAME    
     ------------------                 ------------------------                     ----------------

           IN:                                      IN:
           ---                                      ---
              STO-SS =      761360.8031                STO-SS =       18107.2996     STORAGE                          
                 WEL =           0.0000                   WEL =           0.0000     WEL                              
                 GHB =        1641.6415                   GHB =          59.4248     GHB                              

            TOTAL IN =      763002.4446              TOTAL IN =       18166.7245

          OUT:                                     OUT:
          ----                                     ----
              STO-SS =      719360.8042                STO-SS =       17107.2996     STORAGE                          
                 WEL =       42000.0000                   WEL =        1000.0000     WEL                              
                 GHB =        1641.6415                   GHB =          59.4248     GHB                              

           TOTAL OUT =      763002.4457             TOTAL OUT =       18166.7245

            IN - OUT =      -1.0236E-03              IN - OUT =      -9.6747E-06

 PERCENT DISCREPANCY =          -0.00     PERCENT DISCREPANCY =          -0.00




         TIME SUMMARY AT END OF TIME STEP    1 IN STRESS PERIOD    6
                    SECONDS     MINUTES      HOURS       DAYS        YEARS
                    -----------------------------------------------------------
   TIME STEP LENGTH 6.04800E+05  10080.      168.00      7.0000     1.91650E-02
 STRESS PERIOD TIME 6.04800E+05  10080.      168.00      7.0000     1.91650E-02
         TOTAL TIME 3.62880E+06  60480.      1008.0      42.000     0.11499    


end timestep


start timestep kper="7" kstp="1" mode="normal"


 OUTPUT CONTROL FOR STRESS PERIOD 7 IS REPEATED USING SETTINGS FROM A PREVIOUS STRESS PERIOD.

 HEAD WILL BE SAVED ON UNIT 1016 AT END OF TIME STEP    1, STRESS PERIOD    7


  VOLUME BUDGET FOR ENTIRE MODEL AT END OF TIME STEP    1, STRESS PERIOD   7
  ---------------------------------------------------------------------------------------------------

     CUMULATIVE VOLUME      L**3       RATES FOR THIS TIME STEP      L**3/T          PACKAGE NAME    
     ------------------                 ------------------------                     ----------------

           IN:                                      IN:
           ---                                      ---
              STO-SS =      888067.2487                STO-SS =       18100.9208     STORAGE                          
                 WEL =           0.0000                   WEL =           0.0000     WEL                              
                 GHB =        2102.2603                   GHB =          65.8027     GHB                              

            TOTAL IN =      890169.5090              TOTAL IN =       18166.7235

          OUT:                                     OUT:
          ----                                     ----
              STO-SS =      839067.2497                STO-SS =       17100.9208     STORAGE                          
                 WEL =       49000.0000                   WEL =        1000.0000     WEL                              
                 GHB =        2102.2603                   GHB =          65.8027     GHB                              

           TOTAL OUT =      890169.5101             TOTAL OUT =       18166.7235

            IN - OUT =      -1.0718E-03              IN - OUT =      -6.8917E-06

 PERCENT DISCREPANCY =          -0.00     PERCENT DISCREPANCY =          -0.00




         TIME SUMMARY AT END OF TIME STEP    1 IN STRESS PERIOD    7
                    SECONDS     MINUTES      HOURS       DAYS        YEARS
                    -----------------------------------------------------------
   TIME STEP LENGTH 6.04800E+05  10080.      168.00      7.0000     1.91650E-02
 STRESS PERIOD TIME 6.04800E+05  10080.      168.00      7.0000     1.91650E-02
         TOTAL TIME 4.23360E+06  70560.      1176.0      49.000     0.13415    


end timestep


start timestep kper="8" kstp="1" mode="normal"


 OUTPUT CONTROL FOR STRESS PERIOD 8 IS REPEATED USING SETTINGS FROM A PREVIOUS STRESS PERIOD.

 HEAD WILL BE SAVED ON UNIT 1016 AT END OF TIME STEP    1, STRESS PERIOD    8


  VOLUME BUDGET FOR ENTIRE MODEL AT END OF TIME STEP    1, STRESS PERIOD   8
  ---------------------------------------------------------------------------------------------------

     CUMULATIVE VOLUME      L**3       RATES FOR THIS TIME STEP      L**3/T          PACKAGE NAME    
     ------------------                 ------------------------                     ----------------

           IN:                                      IN:
           ---                                      ---
              STO-SS =     1014732.0673                STO-SS =       18094.9741     STORAGE                          
                 WEL =           0.0000                   WEL =           0.0000     WEL                              
                 GHB =        2604.4915                   GHB =          71.7473     GHB                              

            TOTAL IN =     1017336.5588              TOTAL IN =       18166.7214

          OUT:                                     OUT:
          ----                                     ----
              STO-SS =      958732.0684                STO-SS =       17094.9741     STORAGE                          
                 WEL =       56000.0000                   WEL =        1000.0000     WEL                              
                 GHB =        2604.4915                   GHB =          71.7473     GHB                              

           TOTAL OUT =     1017336.5599             TOTAL OUT =       18166.7214

            IN - OUT =      -1.1102E-03              IN - OUT =      -5.4870E-06

 PERCENT DISCREPANCY =          -0.00     PERCENT DISCREPANCY =          -0.00




         TIME SUMMARY AT END OF TIME STEP    1 IN STRESS PERIOD    8
                    SECONDS     MINUTES      HOURS       DAYS        YEARS
                    -----------------------------------------------------------
   TIME STEP LENGTH 6.04800E+05  10080.      168.00      7.0000     1.91650E-02
 STRESS PERIOD TIME 6.04800E+05  10080.      168.00      7.0000     1.91650E-02
         TOTAL TIME 4.83840E+06  80640.      1344.0      56.000     0.15332    


end timestep


start timestep kper="9" kstp="1" mode="normal"


 OUTPUT CONTROL FOR STRESS PERIOD 9 IS REPEATED USING SETTINGS FROM A PREVIOUS STRESS PERIOD.

 HEAD WILL BE SAVED ON UNIT 1016 AT END OF TIME STEP    1, STRESS PERIOD    9


  VOLUME BUDGET FOR ENTIRE MODEL AT END OF TIME STEP    1, STRESS PERIOD   9
  ---------------------------------------------------------------------------------------------------

     CUMULATIVE VOLUME      L**3       RATES FOR THIS TIME STEP      L**3/T          PACKAGE NAME    
     ------------------                 ------------------------                     ----------------

           IN:                                      IN:
           ---                                      ---
              STO-SS =     1141357.7470                STO-SS =       18089.3828     STORAGE                          
                 WEL =           0.0000                   WEL =           0.0000     WEL                              
                 GHB =        3145.8341                   GHB =          77.3347     GHB                              

            TOTAL IN =     1144503.5811              TOTAL IN =       18166.7175

          OUT:                                     OUT:
          ----                                     ----
              STO-SS =     1078357.7481                STO-SS =       17089.3828     STORAGE                          
                 WEL =       63000.0000                   WEL =        1000.0000     WEL                              
                 GHB =        3145.8341                   GHB =          77.3347     GHB                              

           TOTAL OUT =     1144503.5822             TOTAL OUT =       18166.7175

            IN - OUT =      -1.1425E-03              IN - OUT =      -4.6124E-06

 PERCENT DISCREPANCY =          -0.00     PERCENT DISCREPANCY =          -0.00




         TIME SUMMARY AT END OF TIME STEP    1 IN STRESS PERIOD    9
                    SECONDS     MINUTES      HOURS       DAYS        YEARS
                    -----------------------------------------------------------
   TIME STEP LENGTH 6.04800E+05  10080.      168.00      7.0000     1.91650E-02
 STRESS PERIOD TIME 6.04800E+05  10080.      168.00      7.0000     1.91650E-02
         TOTAL TIME 5.44320E+06  90720.      1512.0      63.000     0.17248    


end timestep


start timestep kper="10" kstp="1" mode="normal"


 OUTPUT CONTROL FOR STRESS PERIOD 10 IS REPEATED USING SETTINGS FROM A PREVIOUS STRESS PERIOD.

 HEAD WILL BE SAVED ON UNIT 1016 AT END OF TIME STEP    1, STRESS PERIOD   10


  VOLUME BUDGET FOR ENTIRE MODEL AT END OF TIME STEP    1, STRESS PERIOD  10
  ---------------------------------------------------------------------------------------------------

     CUMULATIVE VOLUME      L**3       RATES FOR THIS TIME STEP      L**3/T          PACKAGE NAME    
     ------------------                 ------------------------                     ----------------

           IN:                                      IN:
           ---                                      ---
              STO-SS =     1267946.3731                STO-SS =       18084.0894     STORAGE                          
                 WEL =           0.0000                   WEL =           0.0000     WEL                              
                 GHB =        3724.1821                   GHB =          82.6211     GHB                              

            TOTAL IN =     1271670.5552              TOTAL IN =       18166.7106

          OUT:                                     OUT:
          ----                                     ----
              STO-SS =     1197946.3742                STO-SS =       17084.0894     STORAGE                          
                 WEL =       70000.0000                   WEL =        1000.0000     WEL                              
                 GHB =        3724.1821                   GHB =          82.6211     GHB                              

           TOTAL OUT =     1271670.5564             TOTAL OUT =       18166.7106

            IN - OUT =      -1.1704E-03              IN - OUT =      -3.9877E-06

 PERCENT DISCREPANCY =          -0.00     PERCENT DISCREPANCY =          -0.00




         TIME SUMMARY AT END OF TIME STEP    1 IN STRESS PERIOD   10
                    SECONDS     MINUTES      HOURS       DAYS        YEARS
                    -----------------------------------------------------------
   TIME STEP LENGTH 6.04800E+05  10080.      168.00      7.0000     1.91650E-02
 STRESS PERIOD TIME 6.04800E+05  10080.      168.00      7.0000     1.91650E-02
         TOTAL TIME 6.04800E+06 1.00800E+05  1680.0      70.000     0.19165    


end timestep


start timestep kper="11" kstp="1" mode="normal"


 OUTPUT CONTROL FOR STRESS PERIOD 11 IS REPEATED USING SETTINGS FROM A PREVIOUS STRESS PERIOD.

 HEAD WILL BE SAVED ON UNIT 1016 AT END OF TIME STEP    1, STRESS PERIOD   11


  VOLUME BUDGET FOR ENTIRE MODEL AT END OF TIME STEP    1, STRESS PERIOD  11
  ---------------------------------------------------------------------------------------------------

     CUMULATIVE VOLUME      L**3       RATES FOR THIS TIME STEP      L**3/T          PACKAGE NAME    
     ------------------                 ------------------------                     ----------------

           IN:                                      IN:
           ---                                      ---
              STO-SS =     1394499.7180                STO-SS =       18079.0493     STORAGE                          
                 WEL =           0.0000                   WEL =           0.0000     WEL                              
                 GHB =        4337.7319                   GHB =          87.6500     GHB                              

            TOTAL IN =     1398837.4499              TOTAL IN =       18166.6992

          OUT:                                     OUT:
          ----                                     ----
              STO-SS =     1317499.7192                STO-SS =       17079.0493     STORAGE                          
                 WEL =       77000.0000                   WEL =        1000.0000     WEL                              
                 GHB =        4337.7319                   GHB =          87.6500     GHB                              

           TOTAL OUT =     1398837.4511             TOTAL OUT =       18166.6992

            IN - OUT =      -1.1954E-03              IN - OUT =      -3.5659E-06

 PERCENT DISCREPANCY =          -0.00     PERCENT DISCREPANCY =          -0.00




         TIME SUMMARY AT END OF TIME STEP    1 IN STRESS PERIOD   11
                    SECONDS     MINUTES      HOURS       DAYS        YEARS
                    -----------------------------------------------------------
   TIME STEP LENGTH 6.04800E+05  10080.      168.00      7.0000     1.91650E-02
 STRESS PERIOD TIME 6.04800E+05  10080.      168.00      7.0000     1.91650E-02
         TOTAL TIME 6.65280E+06 1.10880E+05  1848.0      77.000     0.21081    


end timestep


start timestep kper="12" kstp="1" mode="normal"


 OUTPUT CONTROL FOR STRESS PERIOD 12 IS REPEATED USING SETTINGS FROM A PREVIOUS STRESS PERIOD.

 HEAD WILL BE SAVED ON UNIT 1016 AT END OF TIME STEP    1, STRESS PERIOD   12


  VOLUME BUDGET FOR ENTIRE MODEL AT END OF TIME STEP    1, STRESS PERIOD  12
  ---------------------------------------------------------------------------------------------------

     CUMULATIVE VOLUME      L**3       RATES FOR THIS TIME STEP      L**3/T          PACKAGE NAME    
     ------------------                 ------------------------                     ----------------

           IN:                                      IN:
           ---                                      ---
              STO-SS =     1521019.3032                STO-SS =       18074.2265     STORAGE                          
                 WEL =           0.0000                   WEL =           0.0000     WEL                              
                 GHB =        4984.9166                   GHB =          92.4550     GHB                              

            TOTAL IN =     1526004.2199              TOTAL IN =       18166.6814

          OUT:                                     OUT:
          ----                                     ----
              STO-SS =     1437019.3045                STO-SS =       17074.2265     STORAGE                          
                 WEL =       84000.0000                   WEL =        1000.0000     WEL                              
                 GHB =        4984.9166                   GHB =          92.4550     GHB                              

           TOTAL OUT =     1526004.2211             TOTAL OUT =       18166.6814

            IN - OUT =      -1.2177E-03              IN - OUT =      -3.1937E-06

 PERCENT DISCREPANCY =          -0.00     PERCENT DISCREPANCY =          -0.00




         TIME SUMMARY AT END OF TIME STEP    1 IN STRESS PERIOD   12
                    SECONDS     MINUTES      HOURS       DAYS        YEARS
                    -----------------------------------------------------------
   TIME STEP LENGTH 6.04800E+05  10080.      168.00      7.0000     1.91650E-02
 STRESS PERIOD TIME 6.04800E+05  10080.      168.00      7.0000     1.91650E-02
         TOTAL TIME 7.25760E+06 1.20960E+05  2016.0      84.000     0.22998    


end timestep


start timestep kper="13" kstp="1" mode="normal"


 OUTPUT CONTROL FOR STRESS PERIOD 13 IS REPEATED USING SETTINGS FROM A PREVIOUS STRESS PERIOD.

 HEAD WILL BE SAVED ON UNIT 1016 AT END OF TIME STEP    1, STRESS PERIOD   13


  VOLUME BUDGET FOR ENTIRE MODEL AT END OF TIME STEP    1, STRESS PERIOD  13
  ---------------------------------------------------------------------------------------------------

     CUMULATIVE VOLUME      L**3       RATES FOR THIS TIME STEP      L**3/T          PACKAGE NAME    
     ------------------                 ------------------------                     ----------------

           IN:                                      IN:
           ---                                      ---
              STO-SS =     1647506.4444                STO-SS =       18069.5916     STORAGE                          
                 WEL =           0.0000                   WEL =           0.0000     WEL                              
                 GHB =        5664.3588                   GHB =          97.0632     GHB                              

            TOTAL IN =     1653170.8032              TOTAL IN =       18166.6548

          OUT:                                     OUT:
          ----                                     ----
              STO-SS =     1556506.4456                STO-SS =       17069.5916     STORAGE                          
                 WEL =       91000.0000                   WEL =        1000.0000     WEL                              
                 GHB =        5664.3588                   GHB =          97.0632     GHB                              

           TOTAL OUT =     1653170.8044             TOTAL OUT =       18166.6548

            IN - OUT =      -1.2382E-03              IN - OUT =      -2.9188E-06

 PERCENT DISCREPANCY =          -0.00     PERCENT DISCREPANCY =          -0.00




         TIME SUMMARY AT END OF TIME STEP    1 IN STRESS PERIOD   13
                    SECONDS     MINUTES      HOURS       DAYS        YEARS
                    -----------------------------------------------------------
   TIME STEP LENGTH 6.04800E+05  10080.      168.00      7.0000     1.91650E-02
 STRESS PERIOD TIME 6.04800E+05  10080.      168.00      7.0000     1.91650E-02
         TOTAL TIME 7.86240E+06 1.31040E+05  2184.0      91.000     0.24914    


end timestep


start timestep kper="14" kstp="1" mode="normal"


 OUTPUT CONTROL FOR STRESS PERIOD 14 IS REPEATED USING SETTINGS FROM A PREVIOUS STRESS PERIOD.

 HEAD WILL BE SAVED ON UNIT 1016 AT END OF TIME STEP    1, STRESS PERIOD   14


  VOLUME BUDGET FOR ENTIRE MODEL AT END OF TIME STEP    1, STRESS PERIOD  14
  ---------------------------------------------------------------------------------------------------

     CUMULATIVE VOLUME      L**3       RATES FOR THIS TIME STEP      L**3/T          PACKAGE NAME    
     ------------------                 ------------------------                     ----------------

           IN:                                      IN:
           ---                                      ---
              STO-SS =     1773962.2819                STO-SS =       18065.1196     STORAGE                          
                 WEL =           0.0000                   WEL =           0.0000     WEL                              
                 GHB =        6374.8354                   GHB =         101.4967     GHB                              

            TOTAL IN =     1780337.1173              TOTAL IN =       18166.6163

          OUT:                                     OUT:
          ----                                     ----
              STO-SS =     1675962.2831                STO-SS =       17065.1196     STORAGE                          
                 WEL =       98000.0000                   WEL =        1000.0000     WEL                              
                 GHB =        6374.8354                   GHB =         101.4967     GHB                              

           TOTAL OUT =     1780337.1185             TOTAL OUT =       18166.6163

            IN - OUT =      -1.2569E-03              IN - OUT =      -2.6758E-06

 PERCENT DISCREPANCY =          -0.00     PERCENT DISCREPANCY =          -0.00




         TIME SUMMARY AT END OF TIME STEP    1 IN STRESS PERIOD   14
                    SECONDS     MINUTES      HOURS       DAYS        YEARS
                    -----------------------------------------------------------
   TIME STEP LENGTH 6.04800E+05  10080.      168.00      7.0000     1.91650E-02
 STRESS PERIOD TIME 6.04800E+05  10080.      168.00      7.0000     1.91650E-02
         TOTAL TIME 8.46720E+06 1.41120E+05  2352.0      98.000     0.26831    


end timestep


start timestep kper="15" kstp="1" mode="normal"


 OUTPUT CONTROL FOR STRESS PERIOD 15 IS REPEATED USING SETTINGS FROM A PREVIOUS STRESS PERIOD.

 HEAD WILL BE SAVED ON UNIT 1016 AT END OF TIME STEP    1, STRESS PERIOD   15


  VOLUME BUDGET FOR ENTIRE MODEL AT END OF TIME STEP    1, STRESS PERIOD  15
  ---------------------------------------------------------------------------------------------------

     CUMULATIVE VOLUME      L**3       RATES FOR THIS TIME STEP      L**3/T          PACKAGE NAME    
     ------------------                 ------------------------                     ----------------

           IN:                                      IN:
           ---                                      ---
              STO-SS =     1900387.8077                STO-SS =       18060.7894     STORAGE                          
                 WEL =           0.0000                   WEL =           0.0000     WEL                              
                 GHB =        7115.2510                   GHB =         105.7737     GHB                              

            TOTAL IN =     1907503.0587              TOTAL IN =       18166.5631

          OUT:                                     OUT:
          ----                                     ----
              STO-SS =     1795387.8089                STO-SS =       17060.7894     STORAGE                          
                 WEL =      105000.0000                   WEL =        1000.0000     WEL                              
                 GHB =        7115.2510                   GHB =         105.7737     GHB                              

           TOTAL OUT =     1907503.0599             TOTAL OUT =       18166.5631

            IN - OUT =      -1.2743E-03              IN - OUT =      -2.4821E-06

 PERCENT DISCREPANCY =          -0.00     PERCENT DISCREPANCY =          -0.00




         TIME SUMMARY AT END OF TIME STEP    1 IN STRESS PERIOD   15
                    SECONDS     MINUTES      HOURS       DAYS        YEARS
                    -----------------------------------------------------------
   TIME STEP LENGTH 6.04800E+05  10080.      168.00      7.0000     1.91650E-02
 STRESS PERIOD TIME 6.04800E+05  10080.      168.00      7.0000     1.91650E-02
         TOTAL TIME 9.07200E+06 1.51200E+05  2520.0      105.00     0.28747    


end timestep


start timestep kper="16" kstp="1" mode="normal"


 OUTPUT CONTROL FOR STRESS PERIOD 16 IS REPEATED USING SETTINGS FROM A PREVIOUS STRESS PERIOD.

 HEAD WILL BE SAVED ON UNIT 1016 AT END OF TIME STEP    1, STRESS PERIOD   16


  VOLUME BUDGET FOR ENTIRE MODEL AT END OF TIME STEP    1, STRESS PERIOD  16
  ---------------------------------------------------------------------------------------------------

     CUMULATIVE VOLUME      L**3       RATES FOR THIS TIME STEP      L**3/T          PACKAGE NAME    
     ------------------                 ------------------------                     ----------------

           IN:                                      IN:
           ---                                      ---
              STO-SS =     2026783.8786                STO-SS =       18056.5816     STORAGE                          
                 WEL =           0.0000                   WEL =           0.0000     WEL                              
                 GHB =        7884.6172                   GHB =         109.9095     GHB                              

            TOTAL IN =     2034668.4958              TOTAL IN =       18166.4910

          OUT:                                     OUT:
          ----                                     ----
              STO-SS =     1914783.8799                STO-SS =       17056.5816     STORAGE                          
                 WEL =      112000.0000                   WEL =        1000.0000     WEL                              
                 GHB =        7884.6172                   GHB =         109.9095     GHB                              

           TOTAL OUT =     2034668.4971             TOTAL OUT =       18166.4910

            IN - OUT =      -1.2905E-03              IN - OUT =      -2.3196E-06

 PERCENT DISCREPANCY =          -0.00     PERCENT DISCREPANCY =          -0.00




         TIME SUMMARY AT END OF TIME STEP    1 IN STRESS PERIOD   16
                    SECONDS     MINUTES      HOURS       DAYS        YEARS
                    -----------------------------------------------------------
   TIME STEP LENGTH 6.04800E+05  10080.      168.00      7.0000     1.91650E-02
 STRESS PERIOD TIME 6.04800E+05  10080.      168.00      7.0000     1.91650E-02
         TOTAL TIME 9.67680E+06 1.61280E+05  2688.0      112.00     0.30664    


end timestep


start timestep kper="17" kstp="1" mode="normal"


 OUTPUT CONTROL FOR STRESS PERIOD 17 IS REPEATED USING SETTINGS FROM A PREVIOUS STRESS PERIOD.

 HEAD WILL BE SAVED ON UNIT 1016 AT END OF TIME STEP    1, STRESS PERIOD   17


  VOLUME BUDGET FOR ENTIRE MODEL AT END OF TIME STEP    1, STRESS PERIOD  17
  ---------------------------------------------------------------------------------------------------

     CUMULATIVE VOLUME      L**3       RATES FOR THIS TIME STEP      L**3/T          PACKAGE NAME    
     ------------------                 ------------------------                     ----------------

           IN:                                      IN:
           ---                                      ---
              STO-SS =     2153151.2299                STO-SS =       18052.4788     STORAGE                          
                 WEL =           0.0000                   WEL =           0.0000     WEL                              
                 GHB =        8682.0362                   GHB =         113.9170     GHB                              

            TOTAL IN =     2161833.2662              TOTAL IN =       18166.3958

          OUT:                                     OUT:
          ----                                     ----
              STO-SS =     2034151.2313                STO-SS =       17052.4788     STORAGE                          
                 WEL =      119000.0000                   WEL =        1000.0000     WEL                              
                 GHB =        8682.0362                   GHB =         113.9170     GHB                              

           TOTAL OUT =     2161833.2675             TOTAL OUT =       18166.3958

            IN - OUT =      -1.3058E-03              IN - OUT =      -2.1788E-06

 PERCENT DISCREPANCY =          -0.00     PERCENT DISCREPANCY =          -0.00




         TIME SUMMARY AT END OF TIME STEP    1 IN STRESS PERIOD   17
                    SECONDS     MINUTES      HOURS       DAYS        YEARS
                    -----------------------------------------------------------
   TIME STEP LENGTH 6.04800E+05  10080.      168.00      7.0000     1.91650E-02
 STRESS PERIOD TIME 6.04800E+05  10080.      168.00      7.0000     1.91650E-02
         TOTAL TIME 1.02816E+07 1.71360E+05  2856.0      119.00     0.32580    


end timestep


start timestep kper="18" kstp="1" mode="normal"


 OUTPUT CONTROL FOR STRESS PERIOD 18 IS REPEATED USING SETTINGS FROM A PREVIOUS STRESS PERIOD.

 HEAD WILL BE SAVED ON UNIT 1016 AT END OF TIME STEP    1, STRESS PERIOD   18


  VOLUME BUDGET FOR ENTIRE MODEL AT END OF TIME STEP    1, STRESS PERIOD  18
  ---------------------------------------------------------------------------------------------------

     CUMULATIVE VOLUME      L**3       RATES FOR THIS TIME STEP      L**3/T          PACKAGE NAME    
     ------------------                 ------------------------                     ----------------

           IN:                                      IN:
           ---                                      ---
              STO-SS =     2279490.4859                STO-SS =       18048.4651     STORAGE                          
                 WEL =           0.0000                   WEL =           0.0000     WEL                              
                 GHB =        9506.6878                   GHB =         117.8074     GHB                              

            TOTAL IN =     2288997.1737              TOTAL IN =       18166.2725

          OUT:                                     OUT:
          ----                                     ----
              STO-SS =     2153490.4872                STO-SS =       17048.4651     STORAGE                          
                 WEL =      126000.0000                   WEL =        1000.0000     WEL                              
                 GHB =        9506.6878                   GHB =         117.8074     GHB                              

           TOTAL OUT =     2288997.1750             TOTAL OUT =       18166.2725

            IN - OUT =      -1.3205E-03              IN - OUT =      -2.1090E-06

 PERCENT DISCREPANCY =          -0.00     PERCENT DISCREPANCY =          -0.00




         TIME SUMMARY AT END OF TIME STEP    1 IN STRESS PERIOD   18
                    SECONDS     MINUTES      HOURS       DAYS        YEARS
                    -----------------------------------------------------------
   TIME STEP LENGTH 6.04800E+05  10080.      168.00      7.0000     1.91650E-02
 STRESS PERIOD TIME 6.04800E+05  10080.      168.00      7.0000     1.91650E-02
         TOTAL TIME 1.08864E+07 1.81440E+05  3024.0      126.00     0.34497    


end timestep


start timestep kper="19" kstp="1" mode="normal"


 OUTPUT CONTROL FOR STRESS PERIOD 19 IS REPEATED USING SETTINGS FROM A PREVIOUS STRESS PERIOD.

 HEAD WILL BE SAVED ON UNIT 1016 AT END OF TIME STEP    1, STRESS PERIOD   19


  VOLUME BUDGET FOR ENTIRE MODEL AT END OF TIME STEP    1, STRESS PERIOD  19
  ---------------------------------------------------------------------------------------------------

     CUMULATIVE VOLUME      L**3       RATES FOR THIS TIME STEP      L**3/T          PACKAGE NAME    
     ------------------                 ------------------------                     ----------------

           IN:                                      IN:
           ---                                      ---
              STO-SS =     2405802.1678                STO-SS =       18044.5260     STORAGE                          
                 WEL =           0.0000                   WEL =           0.0000     WEL                              
                 GHB =       10357.8189                   GHB =         121.5902     GHB                              

            TOTAL IN =     2416159.9867              TOTAL IN =       18166.1161

          OUT:                                     OUT:
          ----                                     ----
              STO-SS =     2272802.1691                STO-SS =       17044.5260     STORAGE                          
                 WEL =      133000.0000                   WEL =        1000.0000     WEL                              
                 GHB =       10357.8189                   GHB =         121.5902     GHB                              

           TOTAL OUT =     2416159.9881             TOTAL OUT =       18166.1161

            IN - OUT =      -1.3345E-03              IN - OUT =      -1.9988E-06

 PERCENT DISCREPANCY =          -0.00     PERCENT DISCREPANCY =          -0.00




         TIME SUMMARY AT END OF TIME STEP    1 IN STRESS PERIOD   19
                    SECONDS     MINUTES      HOURS       DAYS        YEARS
                    -----------------------------------------------------------
   TIME STEP LENGTH 6.04800E+05  10080.      168.00      7.0000     1.91650E-02
 STRESS PERIOD TIME 6.04800E+05  10080.      168.00      7.0000     1.91650E-02
         TOTAL TIME 1.14912E+07 1.91520E+05  3192.0      133.00     0.36413    


end timestep


start timestep kper="20" kstp="1" mode="normal"


 OUTPUT CONTROL FOR STRESS PERIOD 20 IS REPEATED USING SETTINGS FROM A PREVIOUS STRESS PERIOD.

 HEAD WILL BE SAVED ON UNIT 1016 AT END OF TIME STEP    1, STRESS PERIOD   20


  VOLUME BUDGET FOR ENTIRE MODEL AT END OF TIME STEP    1, STRESS PERIOD  20
  ---------------------------------------------------------------------------------------------------

     CUMULATIVE VOLUME      L**3       RATES FOR THIS TIME STEP      L**3/T          PACKAGE NAME    
     ------------------                 ------------------------                     ----------------

           IN:                                      IN:
           ---                                      ---
              STO-SS =     2532086.7035                STO-SS =       18040.6480     STORAGE                          
                 WEL =           0.0000                   WEL =           0.0000     WEL                              
                 GHB =       11234.7349                   GHB =         125.2737     GHB                              

            TOTAL IN =     2543321.4384              TOTAL IN =       18165.9217

          OUT:                                     OUT:
          ----                                     ----
              STO-SS =     2392086.7049                STO-SS =       17040.6480     STORAGE                          
                 WEL =      140000.0000                   WEL =        1000.0000     WEL                              
                 GHB =       11234.7349                   GHB =         125.2737     GHB                              

           TOTAL OUT =     2543321.4398             TOTAL OUT =       18165.9217

            IN - OUT =      -1.3480E-03              IN - OUT =      -1.9258E-06

 PERCENT DISCREPANCY =          -0.00     PERCENT DISCREPANCY =          -0.00




         TIME SUMMARY AT END OF TIME STEP    1 IN STRESS PERIOD   20
                    SECONDS     MINUTES      HOURS       DAYS        YEARS
                    -----------------------------------------------------------
   TIME STEP LENGTH 6.04800E+05  10080.      168.00      7.0000     1.91650E-02
 STRESS PERIOD TIME 6.04800E+05  10080.      168.00      7.0000     1.91650E-02
         TOTAL TIME 1.20960E+07 2.01600E+05  3360.0      140.00     0.38330    


end timestep


start timestep kper="21" kstp="1" mode="normal"


 OUTPUT CONTROL FOR STRESS PERIOD 21 IS REPEATED USING SETTINGS FROM A PREVIOUS STRESS PERIOD.

 HEAD WILL BE SAVED ON UNIT 1016 AT END OF TIME STEP    1, STRESS PERIOD   21


  VOLUME BUDGET FOR ENTIRE MODEL AT END OF TIME STEP    1, STRESS PERIOD  21
  ---------------------------------------------------------------------------------------------------

     CUMULATIVE VOLUME      L**3       RATES FOR THIS TIME STEP      L**3/T          PACKAGE NAME    
     ------------------                 ------------------------                     ----------------

           IN:                                      IN:
           ---                                      ---
              STO-SS =     2658344.4329                STO-SS =       18036.8185     STORAGE                          
                 WEL =           0.0000                   WEL =           0.0000     WEL                              
                 GHB =       12136.7923                   GHB =         128.8653     GHB                              

            TOTAL IN =     2670481.2252              TOTAL IN =       18165.6838

          OUT:                                     OUT:
          ----                                     ----
              STO-SS =     2511344.4342                STO-SS =       17036.8185     STORAGE                          
                 WEL =      147000.0000                   WEL =        1000.0000     WEL                              
                 GHB =       12136.7923                   GHB =         128.8653     GHB                              

           TOTAL OUT =     2670481.2265             TOTAL OUT =       18165.6838

            IN - OUT =      -1.3611E-03              IN - OUT =      -1.8725E-06

 PERCENT DISCREPANCY =          -0.00     PERCENT DISCREPANCY =          -0.00




         TIME SUMMARY AT END OF TIME STEP    1 IN STRESS PERIOD   21
                    SECONDS     MINUTES      HOURS       DAYS        YEARS
                    -----------------------------------------------------------
   TIME STEP LENGTH 6.04800E+05  10080.      168.00      7.0000     1.91650E-02
 STRESS PERIOD TIME 6.04800E+05  10080.      168.00      7.0000     1.91650E-02
         TOTAL TIME 1.27008E+07 2.11680E+05  3528.0      147.00     0.40246    


end timestep


start timestep kper="22" kstp="1" mode="normal"


 OUTPUT CONTROL FOR STRESS PERIOD 22 IS REPEATED USING SETTINGS FROM A PREVIOUS STRESS PERIOD.

 HEAD WILL BE SAVED ON UNIT 1016 AT END OF TIME STEP    1, STRESS PERIOD   22


  VOLUME BUDGET FOR ENTIRE MODEL AT END OF TIME STEP    1, STRESS PERIOD  22
  ---------------------------------------------------------------------------------------------------

     CUMULATIVE VOLUME      L**3       RATES FOR THIS TIME STEP      L**3/T          PACKAGE NAME    
     ------------------                 ------------------------                     ----------------

           IN:                                      IN:
           ---                                      ---
              STO-SS =     2784575.6088                STO-SS =       18033.0251     STORAGE                          
                 WEL =           0.0000                   WEL =           0.0000     WEL                              
                 GHB =       13063.3930                   GHB =         132.3715     GHB                              

            TOTAL IN =     2797639.0018              TOTAL IN =       18165.3967

          OUT:                                     OUT:
          ----                                     ----
              STO-SS =     2630575.6102                STO-SS =       17033.0251     STORAGE                          
                 WEL =      154000.0000                   WEL =        1000.0000     WEL                              
                 GHB =       13063.3930                   GHB =         132.3715     GHB                              

           TOTAL OUT =     2797639.0031             TOTAL OUT =       18165.3967

            IN - OUT =      -1.3737E-03              IN - OUT =      -1.8022E-06

 PERCENT DISCREPANCY =          -0.00     PERCENT DISCREPANCY =          -0.00




         TIME SUMMARY AT END OF TIME STEP    1 IN STRESS PERIOD   22
                    SECONDS     MINUTES      HOURS       DAYS        YEARS
                    -----------------------------------------------------------
   TIME STEP LENGTH 6.04800E+05  10080.      168.00      7.0000     1.91650E-02
 STRESS PERIOD TIME 6.04800E+05  10080.      168.00      7.0000     1.91650E-02
         TOTAL TIME 1.33056E+07 2.21760E+05  3696.0      154.00     0.42163    


end timestep


start timestep kper="23" kstp="1" mode="normal"


 OUTPUT CONTROL FOR STRESS PERIOD 23 IS REPEATED USING SETTINGS FROM A PREVIOUS STRESS PERIOD.

 HEAD WILL BE SAVED ON UNIT 1016 AT END OF TIME STEP    1, STRESS PERIOD   23


  VOLUME BUDGET FOR ENTIRE MODEL AT END OF TIME STEP    1, STRESS PERIOD  23
  ---------------------------------------------------------------------------------------------------

     CUMULATIVE VOLUME      L**3       RATES FOR THIS TIME STEP      L**3/T          PACKAGE NAME    
     ------------------                 ------------------------                     ----------------

           IN:                                      IN:
           ---                                      ---
              STO-SS =     2910780.4042                STO-SS =       18029.2565     STORAGE                          
                 WEL =           0.0000                   WEL =           0.0000     WEL                              
                 GHB =       14013.9789                   GHB =         135.7980     GHB                              

            TOTAL IN =     2924794.3831              TOTAL IN =       18165.0545

          OUT:                                     OUT:
          ----                                     ----
              STO-SS =     2749780.4056                STO-SS =       17029.2565     STORAGE                          
                 WEL =      161000.0000                   WEL =        1000.0000     WEL                              
                 GHB =       14013.9789                   GHB =         135.7980     GHB                              

           TOTAL OUT =     2924794.3845             TOTAL OUT =       18165.0545

            IN - OUT =      -1.3860E-03              IN - OUT =      -1.7536E-06

 PERCENT DISCREPANCY =          -0.00     PERCENT DISCREPANCY =          -0.00




         TIME SUMMARY AT END OF TIME STEP    1 IN STRESS PERIOD   23
                    SECONDS     MINUTES      HOURS       DAYS        YEARS
                    -----------------------------------------------------------
   TIME STEP LENGTH 6.04800E+05  10080.      168.00      7.0000     1.91650E-02
 STRESS PERIOD TIME 6.04800E+05  10080.      168.00      7.0000     1.91650E-02
         TOTAL TIME 1.39104E+07 2.31840E+05  3864.0      161.00     0.44079    


end timestep


start timestep kper="24" kstp="1" mode="normal"


 OUTPUT CONTROL FOR STRESS PERIOD 24 IS REPEATED USING SETTINGS FROM A PREVIOUS STRESS PERIOD.

 HEAD WILL BE SAVED ON UNIT 1016 AT END OF TIME STEP    1, STRESS PERIOD   24


  VOLUME BUDGET FOR ENTIRE MODEL AT END OF TIME STEP    1, STRESS PERIOD  24
  ---------------------------------------------------------------------------------------------------

     CUMULATIVE VOLUME      L**3       RATES FOR THIS TIME STEP      L**3/T          PACKAGE NAME    
     ------------------                 ------------------------                     ----------------

           IN:                                      IN:
           ---                                      ---
              STO-SS =     3036958.9146                STO-SS =       18025.5015     STORAGE                          
                 WEL =           0.0000                   WEL =           0.0000     WEL                              
                 GHB =       14988.0281                   GHB =         139.1499     GHB                              

            TOTAL IN =     3051946.9427              TOTAL IN =       18164.6514

          OUT:                                     OUT:
          ----                                     ----
              STO-SS =     2868958.9160                STO-SS =       17025.5015     STORAGE                          
                 WEL =      168000.0000                   WEL =        1000.0000     WEL                              
                 GHB =       14988.0281                   GHB =         139.1499     GHB                              

           TOTAL OUT =     3051946.9441             TOTAL OUT =       18164.6514

            IN - OUT =      -1.3980E-03              IN - OUT =      -1.7141E-06

 PERCENT DISCREPANCY =          -0.00     PERCENT DISCREPANCY =          -0.00




         TIME SUMMARY AT END OF TIME STEP    1 IN STRESS PERIOD   24
                    SECONDS     MINUTES      HOURS       DAYS        YEARS
                    -----------------------------------------------------------
   TIME STEP LENGTH 6.04800E+05  10080.      168.00      7.0000     1.91650E-02
 STRESS PERIOD TIME 6.04800E+05  10080.      168.00      7.0000     1.91650E-02
         TOTAL TIME 1.45152E+07 2.41920E+05  4032.0      168.00     0.45996    


end timestep


start timestep kper="25" kstp="1" mode="normal"


 OUTPUT CONTROL FOR STRESS PERIOD 25 IS REPEATED USING SETTINGS FROM A PREVIOUS STRESS PERIOD.

 HEAD WILL BE SAVED ON UNIT 1016 AT END OF TIME STEP    1, STRESS PERIOD   25


  VOLUME BUDGET FOR ENTIRE MODEL AT END OF TIME STEP    1, STRESS PERIOD  25
  ---------------------------------------------------------------------------------------------------

     CUMULATIVE VOLUME      L**3       RATES FOR THIS TIME STEP      L**3/T          PACKAGE NAME    
     ------------------                 ------------------------                     ----------------

           IN:                                      IN:
           ---                                      ---
              STO-SS =     3163111.1684                STO-SS =       18021.7505     STORAGE                          
                 WEL =           0.0000                   WEL =           0.0000     WEL                              
                 GHB =       15985.0506                   GHB =         142.4318     GHB                              

            TOTAL IN =     3179096.2190              TOTAL IN =       18164.1823

          OUT:                                     OUT:
          ----                                     ----
              STO-SS =     2988111.1698                STO-SS =       17021.7505     STORAGE                          
                 WEL =      175000.0000                   WEL =        1000.0000     WEL                              
                 GHB =       15985.0506                   GHB =         142.4318     GHB                              

           TOTAL OUT =     3179096.2204             TOTAL OUT =       18164.1823

            IN - OUT =      -1.4097E-03              IN - OUT =      -1.6772E-06

 PERCENT DISCREPANCY =          -0.00     PERCENT DISCREPANCY =          -0.00




         TIME SUMMARY AT END OF TIME STEP    1 IN STRESS PERIOD   25
                    SECONDS     MINUTES      HOURS       DAYS        YEARS
                    -----------------------------------------------------------
   TIME STEP LENGTH 6.04800E+05  10080.      168.00      7.0000     1.91650E-02
 STRESS PERIOD TIME 6.04800E+05  10080.      168.00      7.0000     1.91650E-02
         TOTAL TIME 1.51200E+07 2.52000E+05  4200.0      175.00     0.47912    


end timestep


start timestep kper="26" kstp="1" mode="normal"


 OUTPUT CONTROL FOR STRESS PERIOD 26 IS REPEATED USING SETTINGS FROM A PREVIOUS STRESS PERIOD.

 HEAD WILL BE SAVED ON UNIT 1016 AT END OF TIME STEP    1, STRESS PERIOD   26


  VOLUME BUDGET FOR ENTIRE MODEL AT END OF TIME STEP    1, STRESS PERIOD  26
  ---------------------------------------------------------------------------------------------------

     CUMULATIVE VOLUME      L**3       RATES FOR THIS TIME STEP      L**3/T          PACKAGE NAME    
     ------------------                 ------------------------                     ----------------

           IN:                                      IN:
           ---                                      ---
              STO-SS =     3289237.1479                STO-SS =       18017.9971     STORAGE                          
                 WEL =           0.0000                   WEL =           0.0000     WEL                              
                 GHB =       17004.5855                   GHB =         145.6478     GHB                              

            TOTAL IN =     3306241.7334              TOTAL IN =       18163.6449

          OUT:                                     OUT:
          ----                                     ----
              STO-SS =     3107237.1493                STO-SS =       17017.9971     STORAGE                          
                 WEL =      182000.0000                   WEL =        1000.0000     WEL                              
                 GHB =       17004.5855                   GHB =         145.6478     GHB                              

           TOTAL OUT =     3306241.7348             TOTAL OUT =       18163.6449

            IN - OUT =      -1.4212E-03              IN - OUT =      -1.6400E-06

 PERCENT DISCREPANCY =          -0.00     PERCENT DISCREPANCY =          -0.00




         TIME SUMMARY AT END OF TIME STEP    1 IN STRESS PERIOD   26
                    SECONDS     MINUTES      HOURS       DAYS        YEARS
                    -----------------------------------------------------------
   TIME STEP LENGTH 6.04800E+05  10080.      168.00      7.0000     1.91650E-02
 STRESS PERIOD TIME 6.04800E+05  10080.      168.00      7.0000     1.91650E-02
         TOTAL TIME 1.57248E+07 2.62080E+05  4368.0      182.00     0.49829    


end timestep


start timestep kper="27" kstp="1" mode="normal"


 OUTPUT CONTROL FOR STRESS PERIOD 27 IS REPEATED USING SETTINGS FROM A PREVIOUS STRESS PERIOD.

 HEAD WILL BE SAVED ON UNIT 1016 AT END OF TIME STEP    1, STRESS PERIOD   27


  VOLUME BUDGET FOR ENTIRE MODEL AT END OF TIME STEP    1, STRESS PERIOD  27
  ---------------------------------------------------------------------------------------------------

     CUMULATIVE VOLUME      L**3       RATES FOR THIS TIME STEP      L**3/T          PACKAGE NAME    
     ------------------                 ------------------------                     ----------------

           IN:                                      IN:
           ---                                      ---
              STO-SS =     3415336.7612                STO-SS =       18014.2305     STORAGE                          
                 WEL =           0.0000                   WEL =           0.0000     WEL                              
                 GHB =       18046.1983                   GHB =         148.8018     GHB                              

            TOTAL IN =     3433382.9596              TOTAL IN =       18163.0323

          OUT:                                     OUT:
          ----                                     ----
              STO-SS =     3226336.7627                STO-SS =       17014.2305     STORAGE                          
                 WEL =      189000.0000                   WEL =        1000.0000     WEL                              
                 GHB =       18046.1983                   GHB =         148.8018     GHB                              

           TOTAL OUT =     3433382.9610             TOTAL OUT =       18163.0323

            IN - OUT =      -1.4324E-03              IN - OUT =      -1.6018E-06

 PERCENT DISCREPANCY =          -0.00     PERCENT DISCREPANCY =          -0.00




         TIME SUMMARY AT END OF TIME STEP    1 IN STRESS PERIOD   27
                    SECONDS     MINUTES      HOURS       DAYS        YEARS
                    -----------------------------------------------------------
   TIME STEP LENGTH 6.04800E+05  10080.      168.00      7.0000     1.91650E-02
 STRESS PERIOD TIME 6.04800E+05  10080.      168.00      7.0000     1.91650E-02
         TOTAL TIME 1.63296E+07 2.72160E+05  4536.0      189.00     0.51745    


end timestep


start timestep kper="28" kstp="1" mode="normal"


 OUTPUT CONTROL FOR STRESS PERIOD 28 IS REPEATED USING SETTINGS FROM A PREVIOUS STRESS PERIOD.

 HEAD WILL BE SAVED ON UNIT 1016 AT END OF TIME STEP    1, STRESS PERIOD   28


  VOLUME BUDGET FOR ENTIRE MODEL AT END OF TIME STEP    1, STRESS PERIOD  28
  ---------------------------------------------------------------------------------------------------

     CUMULATIVE VOLUME      L**3       RATES FOR THIS TIME STEP      L**3/T          PACKAGE NAME    
     ------------------                 ------------------------                     ----------------

           IN:                                      IN:
           ---                                      ---
              STO-SS =     3541409.8506                STO-SS =       18010.4413     STORAGE                          
                 WEL =           0.0000                   WEL =           0.0000     WEL                              
                 GHB =       19109.4783                   GHB =         151.8971     GHB                              

            TOTAL IN =     3560519.3290              TOTAL IN =       18162.3385

          OUT:                                     OUT:
          ----                                     ----
              STO-SS =     3345409.8521                STO-SS =       17010.4413     STORAGE                          
                 WEL =      196000.0000                   WEL =        1000.0000     WEL                              
                 GHB =       19109.4783                   GHB =         151.8971     GHB                              

           TOTAL OUT =     3560519.3304             TOTAL OUT =       18162.3385

            IN - OUT =      -1.4435E-03              IN - OUT =      -1.5816E-06

 PERCENT DISCREPANCY =          -0.00     PERCENT DISCREPANCY =          -0.00




         TIME SUMMARY AT END OF TIME STEP    1 IN STRESS PERIOD   28
                    SECONDS     MINUTES      HOURS       DAYS        YEARS
                    -----------------------------------------------------------
   TIME STEP LENGTH 6.04800E+05  10080.      168.00      7.0000     1.91650E-02
 STRESS PERIOD TIME 6.04800E+05  10080.      168.00      7.0000     1.91650E-02
         TOTAL TIME 1.69344E+07 2.82240E+05  4704.0      196.00     0.53662    


end timestep


start timestep kper="29" kstp="1" mode="normal"


 OUTPUT CONTROL FOR STRESS PERIOD 29 IS REPEATED USING SETTINGS FROM A PREVIOUS STRESS PERIOD.

 HEAD WILL BE SAVED ON UNIT 1016 AT END OF TIME STEP    1, STRESS PERIOD   29


  VOLUME BUDGET FOR ENTIRE MODEL AT END OF TIME STEP    1, STRESS PERIOD  29
  ---------------------------------------------------------------------------------------------------

     CUMULATIVE VOLUME      L**3       RATES FOR THIS TIME STEP      L**3/T          PACKAGE NAME    
     ------------------                 ------------------------                     ----------------

           IN:                                      IN:
           ---                                      ---
              STO-SS =     3667456.2021                STO-SS =       18006.6216     STORAGE                          
                 WEL =           0.0000                   WEL =           0.0000     WEL                              
                 GHB =       20194.0366                   GHB =         154.9369     GHB                              

            TOTAL IN =     3687650.2387              TOTAL IN =       18161.5585

          OUT:                                     OUT:
          ----                                     ----
              STO-SS =     3464456.2036                STO-SS =       17006.6216     STORAGE                          
                 WEL =      203000.0000                   WEL =        1000.0000     WEL                              
                 GHB =       20194.0366                   GHB =         154.9369     GHB                              

           TOTAL OUT =     3687650.2401             TOTAL OUT =       18161.5585

            IN - OUT =      -1.4543E-03              IN - OUT =      -1.5468E-06

 PERCENT DISCREPANCY =          -0.00     PERCENT DISCREPANCY =          -0.00




         TIME SUMMARY AT END OF TIME STEP    1 IN STRESS PERIOD   29
                    SECONDS     MINUTES      HOURS       DAYS        YEARS
                    -----------------------------------------------------------
   TIME STEP LENGTH 6.04800E+05  10080.      168.00      7.0000     1.91650E-02
 STRESS PERIOD TIME 6.04800E+05  10080.      168.00      7.0000     1.91650E-02
         TOTAL TIME 1.75392E+07 2.92320E+05  4872.0      203.00     0.55578    


end timestep


start timestep kper="30" kstp="1" mode="normal"


 OUTPUT CONTROL FOR STRESS PERIOD 30 IS REPEATED USING SETTINGS FROM A PREVIOUS STRESS PERIOD.

 HEAD WILL BE SAVED ON UNIT 1016 AT END OF TIME STEP    1, STRESS PERIOD   30


  VOLUME BUDGET FOR ENTIRE MODEL AT END OF TIME STEP    1, STRESS PERIOD  30
  ---------------------------------------------------------------------------------------------------

     CUMULATIVE VOLUME      L**3       RATES FOR THIS TIME STEP      L**3/T          PACKAGE NAME    
     ------------------                 ------------------------                     ----------------

           IN:                                      IN:
           ---                                      ---
              STO-SS =     3793475.5713                STO-SS =       18002.7670     STORAGE                          
                 WEL =           0.0000                   WEL =           0.0000     WEL                              
                 GHB =       21299.5040                   GHB =         157.9239     GHB                              

            TOTAL IN =     3814775.0752              TOTAL IN =       18160.6909

          OUT:                                     OUT:
          ----                                     ----
              STO-SS =     3583475.5727                STO-SS =       17002.7670     STORAGE                          
                 WEL =      210000.0000                   WEL =        1000.0000     WEL                              
                 GHB =       21299.5040                   GHB =         157.9239     GHB                              

           TOTAL OUT =     3814775.0767             TOTAL OUT =       18160.6909

            IN - OUT =      -1.4650E-03              IN - OUT =      -1.5177E-06

 PERCENT DISCREPANCY =          -0.00     PERCENT DISCREPANCY =          -0.00




         TIME SUMMARY AT END OF TIME STEP    1 IN STRESS PERIOD   30
                    SECONDS     MINUTES      HOURS       DAYS        YEARS
                    -----------------------------------------------------------
   TIME STEP LENGTH 6.04800E+05  10080.      168.00      7.0000     1.91650E-02
 STRESS PERIOD TIME 6.04800E+05  10080.      168.00      7.0000     1.91650E-02
         TOTAL TIME 1.81440E+07 3.02400E+05  5040.0      210.00     0.57495    


end timestep


start timestep kper="31" kstp="1" mode="normal"


 OUTPUT CONTROL FOR STRESS PERIOD 31 IS REPEATED USING SETTINGS FROM A PREVIOUS STRESS PERIOD.

 HEAD WILL BE SAVED ON UNIT 1016 AT END OF TIME STEP    1, STRESS PERIOD   31


  VOLUME BUDGET FOR ENTIRE MODEL AT END OF TIME STEP    1, STRESS PERIOD  31
  ---------------------------------------------------------------------------------------------------

     CUMULATIVE VOLUME      L**3       RATES FOR THIS TIME STEP      L**3/T          PACKAGE NAME    
     ------------------                 ------------------------                     ----------------

           IN:                                      IN:
           ---                                      ---
              STO-SS =     3919467.6739                STO-SS =       17998.8718     STORAGE                          
                 WEL =           0.0000                   WEL =           0.0000     WEL                              
                 GHB =       22425.5298                   GHB =         160.8608     GHB                              

            TOTAL IN =     3941893.2037              TOTAL IN =       18159.7326

          OUT:                                     OUT:
          ----                                     ----
              STO-SS =     3702467.6754                STO-SS =       16998.8718     STORAGE                          
                 WEL =      217000.0000                   WEL =        1000.0000     WEL                              
                 GHB =       22425.5298                   GHB =         160.8608     GHB                              

           TOTAL OUT =     3941893.2051             TOTAL OUT =       18159.7326

            IN - OUT =      -1.4755E-03              IN - OUT =      -1.4999E-06

 PERCENT DISCREPANCY =          -0.00     PERCENT DISCREPANCY =          -0.00




         TIME SUMMARY AT END OF TIME STEP    1 IN STRESS PERIOD   31
                    SECONDS     MINUTES      HOURS       DAYS        YEARS
                    -----------------------------------------------------------
   TIME STEP LENGTH 6.04800E+05  10080.      168.00      7.0000     1.91650E-02
 STRESS PERIOD TIME 6.04800E+05  10080.      168.00      7.0000     1.91650E-02
         TOTAL TIME 1.87488E+07 3.12480E+05  5208.0      217.00     0.59411    


end timestep


start timestep kper="32" kstp="1" mode="normal"


 OUTPUT CONTROL FOR STRESS PERIOD 32 IS REPEATED USING SETTINGS FROM A PREVIOUS STRESS PERIOD.

 HEAD WILL BE SAVED ON UNIT 1016 AT END OF TIME STEP    1, STRESS PERIOD   32


  VOLUME BUDGET FOR ENTIRE MODEL AT END OF TIME STEP    1, STRESS PERIOD  32
  ---------------------------------------------------------------------------------------------------

     CUMULATIVE VOLUME      L**3       RATES FOR THIS TIME STEP      L**3/T          PACKAGE NAME    
     ------------------                 ------------------------                     ----------------

           IN:                                      IN:
           ---                                      ---
              STO-SS =     4045432.1626                STO-SS =       17994.9270     STORAGE                          
                 WEL =           0.0000                   WEL =           0.0000     WEL                              
                 GHB =       23571.7800                   GHB =         163.7500     GHB                              

            TOTAL IN =     4069003.9426              TOTAL IN =       18158.6770

          OUT:                                     OUT:
          ----                                     ----
              STO-SS =     3821432.1641                STO-SS =       16994.9270     STORAGE                          
                 WEL =      224000.0000                   WEL =        1000.0000     WEL                              
                 GHB =       23571.7800                   GHB =         163.7500     GHB                              

           TOTAL OUT =     4069003.9441             TOTAL OUT =       18158.6770

            IN - OUT =      -1.4858E-03              IN - OUT =      -1.4804E-06

 PERCENT DISCREPANCY =          -0.00     PERCENT DISCREPANCY =          -0.00




         TIME SUMMARY AT END OF TIME STEP    1 IN STRESS PERIOD   32
                    SECONDS     MINUTES      HOURS       DAYS        YEARS
                    -----------------------------------------------------------
   TIME STEP LENGTH 6.04800E+05  10080.      168.00      7.0000     1.91650E-02
 STRESS PERIOD TIME 6.04800E+05  10080.      168.00      7.0000     1.91650E-02
         TOTAL TIME 1.93536E+07 3.22560E+05  5376.0      224.00     0.61328    


end timestep


start timestep kper="33" kstp="1" mode="normal"


 OUTPUT CONTROL FOR STRESS PERIOD 33 IS REPEATED USING SETTINGS FROM A PREVIOUS STRESS PERIOD.

 HEAD WILL BE SAVED ON UNIT 1016 AT END OF TIME STEP    1, STRESS PERIOD   33


  VOLUME BUDGET FOR ENTIRE MODEL AT END OF TIME STEP    1, STRESS PERIOD  33
  ---------------------------------------------------------------------------------------------------

     CUMULATIVE VOLUME      L**3       RATES FOR THIS TIME STEP      L**3/T          PACKAGE NAME    
     ------------------                 ------------------------                     ----------------

           IN:                                      IN:
           ---                                      ---
              STO-SS =     4171368.7189                STO-SS =       17990.9366     STORAGE                          
                 WEL =           0.0000                   WEL =           0.0000     WEL                              
                 GHB =       24737.9362                   GHB =         166.5937     GHB                              

            TOTAL IN =     4196106.6551              TOTAL IN =       18157.5304

          OUT:                                     OUT:
          ----                                     ----
              STO-SS =     3940368.7204                STO-SS =       16990.9366     STORAGE                          
                 WEL =      231000.0000                   WEL =        1000.0000     WEL                              
                 GHB =       24737.9362                   GHB =         166.5937     GHB                              

           TOTAL OUT =     4196106.6566             TOTAL OUT =       18157.5304

            IN - OUT =      -1.4961E-03              IN - OUT =      -1.4628E-06

 PERCENT DISCREPANCY =          -0.00     PERCENT DISCREPANCY =          -0.00




         TIME SUMMARY AT END OF TIME STEP    1 IN STRESS PERIOD   33
                    SECONDS     MINUTES      HOURS       DAYS        YEARS
                    -----------------------------------------------------------
   TIME STEP LENGTH 6.04800E+05  10080.      168.00      7.0000     1.91650E-02
 STRESS PERIOD TIME 6.04800E+05  10080.      168.00      7.0000     1.91650E-02
         TOTAL TIME 1.99584E+07 3.32640E+05  5544.0      231.00     0.63244    


end timestep


start timestep kper="34" kstp="1" mode="normal"


 OUTPUT CONTROL FOR STRESS PERIOD 34 IS REPEATED USING SETTINGS FROM A PREVIOUS STRESS PERIOD.

 HEAD WILL BE SAVED ON UNIT 1016 AT END OF TIME STEP    1, STRESS PERIOD   34


  VOLUME BUDGET FOR ENTIRE MODEL AT END OF TIME STEP    1, STRESS PERIOD  34
  ---------------------------------------------------------------------------------------------------

     CUMULATIVE VOLUME      L**3       RATES FOR THIS TIME STEP      L**3/T          PACKAGE NAME    
     ------------------                 ------------------------                     ----------------

           IN:                                      IN:
           ---                                      ---
              STO-SS =     4297276.9825                STO-SS =       17986.8948     STORAGE                          
                 WEL =           0.0000                   WEL =           0.0000     WEL                              
                 GHB =       25923.6943                   GHB =         169.3940     GHB                              

            TOTAL IN =     4323200.6768              TOTAL IN =       18156.2888

          OUT:                                     OUT:
          ----                                     ----
              STO-SS =     4059276.9840                STO-SS =       16986.8948     STORAGE                          
                 WEL =      238000.0000                   WEL =        1000.0000     WEL                              
                 GHB =       25923.6943                   GHB =         169.3940     GHB                              

           TOTAL OUT =     4323200.6783             TOTAL OUT =       18156.2888

            IN - OUT =      -1.5061E-03              IN - OUT =      -1.4305E-06

 PERCENT DISCREPANCY =          -0.00     PERCENT DISCREPANCY =          -0.00




         TIME SUMMARY AT END OF TIME STEP    1 IN STRESS PERIOD   34
                    SECONDS     MINUTES      HOURS       DAYS        YEARS
                    -----------------------------------------------------------
   TIME STEP LENGTH 6.04800E+05  10080.      168.00      7.0000     1.91650E-02
 STRESS PERIOD TIME 6.04800E+05  10080.      168.00      7.0000     1.91650E-02
         TOTAL TIME 2.05632E+07 3.42720E+05  5712.0      238.00     0.65161    


end timestep


start timestep kper="35" kstp="1" mode="normal"


 OUTPUT CONTROL FOR STRESS PERIOD 35 IS REPEATED USING SETTINGS FROM A PREVIOUS STRESS PERIOD.

 HEAD WILL BE SAVED ON UNIT 1016 AT END OF TIME STEP    1, STRESS PERIOD   35


  VOLUME BUDGET FOR ENTIRE MODEL AT END OF TIME STEP    1, STRESS PERIOD  35
  ---------------------------------------------------------------------------------------------------

     CUMULATIVE VOLUME      L**3       RATES FOR THIS TIME STEP      L**3/T          PACKAGE NAME    
     ------------------                 ------------------------                     ----------------

           IN:                                      IN:
           ---                                      ---
              STO-SS =     4423156.5130                STO-SS =       17982.7901     STORAGE                          
                 WEL =           0.0000                   WEL =           0.0000     WEL                              
                 GHB =       27128.7634                   GHB =         172.1527     GHB                              

            TOTAL IN =     4450285.2764              TOTAL IN =       18154.9428

          OUT:                                     OUT:
          ----                                     ----
              STO-SS =     4178156.5145                STO-SS =       16982.7901     STORAGE                          
                 WEL =      245000.0000                   WEL =        1000.0000     WEL                              
                 GHB =       27128.7634                   GHB =         172.1527     GHB                              

           TOTAL OUT =     4450285.2779             TOTAL OUT =       18154.9428

            IN - OUT =      -1.5159E-03              IN - OUT =      -1.4084E-06

 PERCENT DISCREPANCY =          -0.00     PERCENT DISCREPANCY =          -0.00




         TIME SUMMARY AT END OF TIME STEP    1 IN STRESS PERIOD   35
                    SECONDS     MINUTES      HOURS       DAYS        YEARS
                    -----------------------------------------------------------
   TIME STEP LENGTH 6.04800E+05  10080.      168.00      7.0000     1.91650E-02
 STRESS PERIOD TIME 6.04800E+05  10080.      168.00      7.0000     1.91650E-02
         TOTAL TIME 2.11680E+07 3.52800E+05  5880.0      245.00     0.67077    


end timestep


start timestep kper="36" kstp="1" mode="normal"


 OUTPUT CONTROL FOR STRESS PERIOD 36 IS REPEATED USING SETTINGS FROM A PREVIOUS STRESS PERIOD.

 HEAD WILL BE SAVED ON UNIT 1016 AT END OF TIME STEP    1, STRESS PERIOD   36


  VOLUME BUDGET FOR ENTIRE MODEL AT END OF TIME STEP    1, STRESS PERIOD  36
  ---------------------------------------------------------------------------------------------------

     CUMULATIVE VOLUME      L**3       RATES FOR THIS TIME STEP      L**3/T          PACKAGE NAME    
     ------------------                 ------------------------                     ----------------

           IN:                                      IN:
           ---                                      ---
              STO-SS =     4549006.9218                STO-SS =       17978.6298     STORAGE                          
                 WEL =           0.0000                   WEL =           0.0000     WEL                              
                 GHB =       28352.8652                   GHB =         174.8717     GHB                              

            TOTAL IN =     4577359.7870              TOTAL IN =       18153.5015

          OUT:                                     OUT:
          ----                                     ----
              STO-SS =     4297006.9234                STO-SS =       16978.6298     STORAGE                          
                 WEL =      252000.0000                   WEL =        1000.0000     WEL                              
                 GHB =       28352.8652                   GHB =         174.8717     GHB                              

           TOTAL OUT =     4577359.7886             TOTAL OUT =       18153.5015

            IN - OUT =      -1.5257E-03              IN - OUT =      -1.3908E-06

 PERCENT DISCREPANCY =          -0.00     PERCENT DISCREPANCY =          -0.00




         TIME SUMMARY AT END OF TIME STEP    1 IN STRESS PERIOD   36
                    SECONDS     MINUTES      HOURS       DAYS        YEARS
                    -----------------------------------------------------------
   TIME STEP LENGTH 6.04800E+05  10080.      168.00      7.0000     1.91650E-02
 STRESS PERIOD TIME 6.04800E+05  10080.      168.00      7.0000     1.91650E-02
         TOTAL TIME 2.17728E+07 3.62880E+05  6048.0      252.00     0.68994    


end timestep


start timestep kper="37" kstp="1" mode="normal"


 OUTPUT CONTROL FOR STRESS PERIOD 37 IS REPEATED USING SETTINGS FROM A PREVIOUS STRESS PERIOD.

 HEAD WILL BE SAVED ON UNIT 1016 AT END OF TIME STEP    1, STRESS PERIOD   37


  VOLUME BUDGET FOR ENTIRE MODEL AT END OF TIME STEP    1, STRESS PERIOD  37
  ---------------------------------------------------------------------------------------------------

     CUMULATIVE VOLUME      L**3       RATES FOR THIS TIME STEP      L**3/T          PACKAGE NAME    
     ------------------                 ------------------------                     ----------------

           IN:                                      IN:
           ---                                      ---
              STO-SS =     4674827.7756                STO-SS =       17974.4077     STORAGE                          
                 WEL =           0.0000                   WEL =           0.0000     WEL                              
                 GHB =       29595.7326                   GHB =         177.5525     GHB                              

            TOTAL IN =     4704423.5082              TOTAL IN =       18151.9602

          OUT:                                     OUT:
          ----                                     ----
              STO-SS =     4415827.7772                STO-SS =       16974.4077     STORAGE                          
                 WEL =      259000.0000                   WEL =        1000.0000     WEL                              
                 GHB =       29595.7326                   GHB =         177.5525     GHB                              

           TOTAL OUT =     4704423.5098             TOTAL OUT =       18151.9602

            IN - OUT =      -1.5353E-03              IN - OUT =      -1.3747E-06

 PERCENT DISCREPANCY =          -0.00     PERCENT DISCREPANCY =          -0.00




         TIME SUMMARY AT END OF TIME STEP    1 IN STRESS PERIOD   37
                    SECONDS     MINUTES      HOURS       DAYS        YEARS
                    -----------------------------------------------------------
   TIME STEP LENGTH 6.04800E+05  10080.      168.00      7.0000     1.91650E-02
 STRESS PERIOD TIME 6.04800E+05  10080.      168.00      7.0000     1.91650E-02
         TOTAL TIME 2.23776E+07 3.72960E+05  6216.0      259.00     0.70910    


end timestep


start timestep kper="38" kstp="1" mode="normal"


 OUTPUT CONTROL FOR STRESS PERIOD 38 IS REPEATED USING SETTINGS FROM A PREVIOUS STRESS PERIOD.

 HEAD WILL BE SAVED ON UNIT 1016 AT END OF TIME STEP    1, STRESS PERIOD   38


  VOLUME BUDGET FOR ENTIRE MODEL AT END OF TIME STEP    1, STRESS PERIOD  38
  ---------------------------------------------------------------------------------------------------

     CUMULATIVE VOLUME      L**3       RATES FOR THIS TIME STEP      L**3/T          PACKAGE NAME    
     ------------------                 ------------------------                     ----------------

           IN:                                      IN:
           ---                                      ---
              STO-SS =     4800618.7139                STO-SS =       17970.1340     STORAGE                          
                 WEL =           0.0000                   WEL =           0.0000     WEL                              
                 GHB =       30857.1094                   GHB =         180.1967     GHB                              

            TOTAL IN =     4831475.8233              TOTAL IN =       18150.3307

          OUT:                                     OUT:
          ----                                     ----
              STO-SS =     4534618.7154                STO-SS =       16970.1340     STORAGE                          
                 WEL =      266000.0000                   WEL =        1000.0000     WEL                              
                 GHB =       30857.1094                   GHB =         180.1967     GHB                              

           TOTAL OUT =     4831475.8249             TOTAL OUT =       18150.3307

            IN - OUT =      -1.5448E-03              IN - OUT =      -1.3619E-06

 PERCENT DISCREPANCY =          -0.00     PERCENT DISCREPANCY =          -0.00




         TIME SUMMARY AT END OF TIME STEP    1 IN STRESS PERIOD   38
                    SECONDS     MINUTES      HOURS       DAYS        YEARS
                    -----------------------------------------------------------
   TIME STEP LENGTH 6.04800E+05  10080.      168.00      7.0000     1.91650E-02
 STRESS PERIOD TIME 6.04800E+05  10080.      168.00      7.0000     1.91650E-02
         TOTAL TIME 2.29824E+07 3.83040E+05  6384.0      266.00     0.72827    


end timestep


start timestep kper="39" kstp="1" mode="normal"


 OUTPUT CONTROL FOR STRESS PERIOD 39 IS REPEATED USING SETTINGS FROM A PREVIOUS STRESS PERIOD.

 HEAD WILL BE SAVED ON UNIT 1016 AT END OF TIME STEP    1, STRESS PERIOD   39


  VOLUME BUDGET FOR ENTIRE MODEL AT END OF TIME STEP    1, STRESS PERIOD  39
  ---------------------------------------------------------------------------------------------------

     CUMULATIVE VOLUME      L**3       RATES FOR THIS TIME STEP      L**3/T          PACKAGE NAME    
     ------------------                 ------------------------                     ----------------

           IN:                                      IN:
           ---                                      ---
              STO-SS =     4926379.4341                STO-SS =       17965.8172     STORAGE                          
                 WEL =           0.0000                   WEL =           0.0000     WEL                              
                 GHB =       32136.7495                   GHB =         182.8057     GHB                              

            TOTAL IN =     4958516.1836              TOTAL IN =       18148.6229

          OUT:                                     OUT:
          ----                                     ----
              STO-SS =     4653379.4357                STO-SS =       16965.8172     STORAGE                          
                 WEL =      273000.0000                   WEL =        1000.0000     WEL                              
                 GHB =       32136.7495                   GHB =         182.8057     GHB                              

           TOTAL OUT =     4958516.1852             TOTAL OUT =       18148.6229

            IN - OUT =      -1.5542E-03              IN - OUT =      -1.3421E-06

 PERCENT DISCREPANCY =          -0.00     PERCENT DISCREPANCY =          -0.00




         TIME SUMMARY AT END OF TIME STEP    1 IN STRESS PERIOD   39
                    SECONDS     MINUTES      HOURS       DAYS        YEARS
                    -----------------------------------------------------------
   TIME STEP LENGTH 6.04800E+05  10080.      168.00      7.0000     1.91650E-02
 STRESS PERIOD TIME 6.04800E+05  10080.      168.00      7.0000     1.91650E-02
         TOTAL TIME 2.35872E+07 3.93120E+05  6552.0      273.00     0.74743    


end timestep


start timestep kper="40" kstp="1" mode="normal"


 OUTPUT CONTROL FOR STRESS PERIOD 40 IS REPEATED USING SETTINGS FROM A PREVIOUS STRESS PERIOD.

 HEAD WILL BE SAVED ON UNIT 1016 AT END OF TIME STEP    1, STRESS PERIOD   40


  VOLUME BUDGET FOR ENTIRE MODEL AT END OF TIME STEP    1, STRESS PERIOD  40
  ---------------------------------------------------------------------------------------------------

     CUMULATIVE VOLUME      L**3       RATES FOR THIS TIME STEP      L**3/T          PACKAGE NAME    
     ------------------                 ------------------------                     ----------------

           IN:                                      IN:
           ---                                      ---
              STO-SS =     5052109.4381                STO-SS =       17961.4291     STORAGE                          
                 WEL =           0.0000                   WEL =           0.0000     WEL                              
                 GHB =       33434.4161                   GHB =         185.3809     GHB                              

            TOTAL IN =     5085543.8542              TOTAL IN =       18146.8101

          OUT:                                     OUT:
          ----                                     ----
              STO-SS =     4772109.4397                STO-SS =       16961.4291     STORAGE                          
                 WEL =      280000.0000                   WEL =        1000.0000     WEL                              
                 GHB =       33434.4161                   GHB =         185.3809     GHB                              

           TOTAL OUT =     5085543.8558             TOTAL OUT =       18146.8101

            IN - OUT =      -1.5634E-03              IN - OUT =      -1.3133E-06

 PERCENT DISCREPANCY =          -0.00     PERCENT DISCREPANCY =          -0.00




         TIME SUMMARY AT END OF TIME STEP    1 IN STRESS PERIOD   40
                    SECONDS     MINUTES      HOURS       DAYS        YEARS
                    -----------------------------------------------------------
   TIME STEP LENGTH 6.04800E+05  10080.      168.00      7.0000     1.91650E-02
 STRESS PERIOD TIME 6.04800E+05  10080.      168.00      7.0000     1.91650E-02
         TOTAL TIME 2.41920E+07 4.03200E+05  6720.0      280.00     0.76660    


end timestep


start timestep kper="41" kstp="1" mode="normal"


 OUTPUT CONTROL FOR STRESS PERIOD 41 IS REPEATED USING SETTINGS FROM A PREVIOUS STRESS PERIOD.

 HEAD WILL BE SAVED ON UNIT 1016 AT END OF TIME STEP    1, STRESS PERIOD   41


  VOLUME BUDGET FOR ENTIRE MODEL AT END OF TIME STEP    1, STRESS PERIOD  41
  ---------------------------------------------------------------------------------------------------

     CUMULATIVE VOLUME      L**3       RATES FOR THIS TIME STEP      L**3/T          PACKAGE NAME    
     ------------------                 ------------------------                     ----------------

           IN:                                      IN:
           ---                                      ---
              STO-SS =     5177808.2511                STO-SS =       17956.9733     STORAGE                          
                 WEL =           0.0000                   WEL =           0.0000     WEL                              
                 GHB =       34749.8813                   GHB =         187.9236     GHB                              

            TOTAL IN =     5212558.1324              TOTAL IN =       18144.8969

          OUT:                                     OUT:
          ----                                     ----
              STO-SS =     4890808.2527                STO-SS =       16956.9733     STORAGE                          
                 WEL =      287000.0000                   WEL =        1000.0000     WEL                              
                 GHB =       34749.8812                   GHB =         187.9236     GHB                              

           TOTAL OUT =     5212558.1340             TOTAL OUT =       18144.8969

            IN - OUT =      -1.5726E-03              IN - OUT =      -1.3092E-06

 PERCENT DISCREPANCY =          -0.00     PERCENT DISCREPANCY =          -0.00




         TIME SUMMARY AT END OF TIME STEP    1 IN STRESS PERIOD   41
                    SECONDS     MINUTES      HOURS       DAYS        YEARS
                    -----------------------------------------------------------
   TIME STEP LENGTH 6.04800E+05  10080.      168.00      7.0000     1.91650E-02
 STRESS PERIOD TIME 6.04800E+05  10080.      168.00      7.0000     1.91650E-02
         TOTAL TIME 2.47968E+07 4.13280E+05  6888.0      287.00     0.78576    


end timestep


start timestep kper="42" kstp="1" mode="normal"


 OUTPUT CONTROL FOR STRESS PERIOD 42 IS REPEATED USING SETTINGS FROM A PREVIOUS STRESS PERIOD.

 HEAD WILL BE SAVED ON UNIT 1016 AT END OF TIME STEP    1, STRESS PERIOD   42


  VOLUME BUDGET FOR ENTIRE MODEL AT END OF TIME STEP    1, STRESS PERIOD  42
  ---------------------------------------------------------------------------------------------------

     CUMULATIVE VOLUME      L**3       RATES FOR THIS TIME STEP      L**3/T          PACKAGE NAME    
     ------------------                 ------------------------                     ----------------

           IN:                                      IN:
           ---                                      ---
              STO-SS =     5303475.3442                STO-SS =       17952.4419     STORAGE                          
                 WEL =           0.0000                   WEL =           0.0000     WEL                              
                 GHB =       36082.9253                   GHB =         190.4349     GHB                              

            TOTAL IN =     5339558.2695              TOTAL IN =       18142.8767

          OUT:                                     OUT:
          ----                                     ----
              STO-SS =     5009475.3458                STO-SS =       16952.4419     STORAGE                          
                 WEL =      294000.0000                   WEL =        1000.0000     WEL                              
                 GHB =       36082.9252                   GHB =         190.4349     GHB                              

           TOTAL OUT =     5339558.2711             TOTAL OUT =       18142.8767

            IN - OUT =      -1.5815E-03              IN - OUT =      -1.2754E-06

 PERCENT DISCREPANCY =          -0.00     PERCENT DISCREPANCY =          -0.00




         TIME SUMMARY AT END OF TIME STEP    1 IN STRESS PERIOD   42
                    SECONDS     MINUTES      HOURS       DAYS        YEARS
                    -----------------------------------------------------------
   TIME STEP LENGTH 6.04800E+05  10080.      168.00      7.0000     1.91650E-02
 STRESS PERIOD TIME 6.04800E+05  10080.      168.00      7.0000     1.91650E-02
         TOTAL TIME 2.54016E+07 4.23360E+05  7056.0      294.00     0.80493    


end timestep


start timestep kper="43" kstp="1" mode="normal"


 OUTPUT CONTROL FOR STRESS PERIOD 43 IS REPEATED USING SETTINGS FROM A PREVIOUS STRESS PERIOD.

 HEAD WILL BE SAVED ON UNIT 1016 AT END OF TIME STEP    1, STRESS PERIOD   43


  VOLUME BUDGET FOR ENTIRE MODEL AT END OF TIME STEP    1, STRESS PERIOD  43
  ---------------------------------------------------------------------------------------------------

     CUMULATIVE VOLUME      L**3       RATES FOR THIS TIME STEP      L**3/T          PACKAGE NAME    
     ------------------                 ------------------------                     ----------------

           IN:                                      IN:
           ---                                      ---
              STO-SS =     5429110.2242                STO-SS =       17947.8400     STORAGE                          
                 WEL =           0.0000                   WEL =           0.0000     WEL                              
                 GHB =       37433.3363                   GHB =         192.9159     GHB                              

            TOTAL IN =     5466543.5604              TOTAL IN =       18140.7559

          OUT:                                     OUT:
          ----                                     ----
              STO-SS =     5128110.2258                STO-SS =       16947.8400     STORAGE                          
                 WEL =      301000.0000                   WEL =        1000.0000     WEL                              
                 GHB =       37433.3362                   GHB =         192.9159     GHB                              

           TOTAL OUT =     5466543.5620             TOTAL OUT =       18140.7559

            IN - OUT =      -1.5903E-03              IN - OUT =      -1.2573E-06

 PERCENT DISCREPANCY =          -0.00     PERCENT DISCREPANCY =          -0.00




         TIME SUMMARY AT END OF TIME STEP    1 IN STRESS PERIOD   43
                    SECONDS     MINUTES      HOURS       DAYS        YEARS
                    -----------------------------------------------------------
   TIME STEP LENGTH 6.04800E+05  10080.      168.00      7.0000     1.91650E-02
 STRESS PERIOD TIME 6.04800E+05  10080.      168.00      7.0000     1.91650E-02
         TOTAL TIME 2.60064E+07 4.33440E+05  7224.0      301.00     0.82409    


end timestep


start timestep kper="44" kstp="1" mode="normal"


 OUTPUT CONTROL FOR STRESS PERIOD 44 IS REPEATED USING SETTINGS FROM A PREVIOUS STRESS PERIOD.

 HEAD WILL BE SAVED ON UNIT 1016 AT END OF TIME STEP    1, STRESS PERIOD   44


  VOLUME BUDGET FOR ENTIRE MODEL AT END OF TIME STEP    1, STRESS PERIOD  44
  ---------------------------------------------------------------------------------------------------

     CUMULATIVE VOLUME      L**3       RATES FOR THIS TIME STEP      L**3/T          PACKAGE NAME    
     ------------------                 ------------------------                     ----------------

           IN:                                      IN:
           ---                                      ---
              STO-SS =     5554712.3928                STO-SS =       17943.1669     STORAGE                          
                 WEL =           0.0000                   WEL =           0.0000     WEL                              
                 GHB =       38800.9097                   GHB =         195.3676     GHB                              

            TOTAL IN =     5593513.3025              TOTAL IN =       18138.5346

          OUT:                                     OUT:
          ----                                     ----
              STO-SS =     5246712.3945                STO-SS =       16943.1670     STORAGE                          
                 WEL =      308000.0000                   WEL =        1000.0000     WEL                              
                 GHB =       38800.9096                   GHB =         195.3676     GHB                              

           TOTAL OUT =     5593513.3041             TOTAL OUT =       18138.5346

            IN - OUT =      -1.5990E-03              IN - OUT =      -1.2433E-06

 PERCENT DISCREPANCY =          -0.00     PERCENT DISCREPANCY =          -0.00




         TIME SUMMARY AT END OF TIME STEP    1 IN STRESS PERIOD   44
                    SECONDS     MINUTES      HOURS       DAYS        YEARS
                    -----------------------------------------------------------
   TIME STEP LENGTH 6.04800E+05  10080.      168.00      7.0000     1.91650E-02
 STRESS PERIOD TIME 6.04800E+05  10080.      168.00      7.0000     1.91650E-02
         TOTAL TIME 2.66112E+07 4.43520E+05  7392.0      308.00     0.84326    


end timestep


start timestep kper="45" kstp="1" mode="normal"


 OUTPUT CONTROL FOR STRESS PERIOD 45 IS REPEATED USING SETTINGS FROM A PREVIOUS STRESS PERIOD.

 HEAD WILL BE SAVED ON UNIT 1016 AT END OF TIME STEP    1, STRESS PERIOD   45


  VOLUME BUDGET FOR ENTIRE MODEL AT END OF TIME STEP    1, STRESS PERIOD  45
  ---------------------------------------------------------------------------------------------------

     CUMULATIVE VOLUME      L**3       RATES FOR THIS TIME STEP      L**3/T          PACKAGE NAME    
     ------------------                 ------------------------                     ----------------

           IN:                                      IN:
           ---                                      ---
              STO-SS =     5680281.2951                STO-SS =       17938.4146     STORAGE                          
                 WEL =           0.0000                   WEL =           0.0000     WEL                              
                 GHB =       40185.4479                   GHB =         197.7912     GHB                              

            TOTAL IN =     5720466.7430              TOTAL IN =       18136.2058

          OUT:                                     OUT:
          ----                                     ----
              STO-SS =     5365281.2968                STO-SS =       16938.4146     STORAGE                          
                 WEL =      315000.0000                   WEL =        1000.0000     WEL                              
                 GHB =       40185.4477                   GHB =         197.7912     GHB                              

           TOTAL OUT =     5720466.7446             TOTAL OUT =       18136.2058

            IN - OUT =      -1.6076E-03              IN - OUT =      -1.2310E-06

 PERCENT DISCREPANCY =          -0.00     PERCENT DISCREPANCY =          -0.00




         TIME SUMMARY AT END OF TIME STEP    1 IN STRESS PERIOD   45
                    SECONDS     MINUTES      HOURS       DAYS        YEARS
                    -----------------------------------------------------------
   TIME STEP LENGTH 6.04800E+05  10080.      168.00      7.0000     1.91650E-02
 STRESS PERIOD TIME 6.04800E+05  10080.      168.00      7.0000     1.91650E-02
         TOTAL TIME 2.72160E+07 4.53600E+05  7560.0      315.00     0.86242    


end timestep


start timestep kper="46" kstp="1" mode="normal"


 OUTPUT CONTROL FOR STRESS PERIOD 46 IS REPEATED USING SETTINGS FROM A PREVIOUS STRESS PERIOD.

 HEAD WILL BE SAVED ON UNIT 1016 AT END OF TIME STEP    1, STRESS PERIOD   46


  VOLUME BUDGET FOR ENTIRE MODEL AT END OF TIME STEP    1, STRESS PERIOD  46
  ---------------------------------------------------------------------------------------------------

     CUMULATIVE VOLUME      L**3       RATES FOR THIS TIME STEP      L**3/T          PACKAGE NAME    
     ------------------                 ------------------------                     ----------------

           IN:                                      IN:
           ---                                      ---
              STO-SS =     5805816.4189                STO-SS =       17933.5891     STORAGE                          
                 WEL =           0.0000                   WEL =           0.0000     WEL                              
                 GHB =       41586.7598                   GHB =         200.1874     GHB                              

            TOTAL IN =     5847403.1787              TOTAL IN =       18133.7765

          OUT:                                     OUT:
          ----                                     ----
              STO-SS =     5483816.4207                STO-SS =       16933.5891     STORAGE                          
                 WEL =      322000.0000                   WEL =        1000.0000     WEL                              
                 GHB =       41586.7596                   GHB =         200.1874     GHB                              

           TOTAL OUT =     5847403.1803             TOTAL OUT =       18133.7765

            IN - OUT =      -1.6161E-03              IN - OUT =      -1.2056E-06

 PERCENT DISCREPANCY =          -0.00     PERCENT DISCREPANCY =          -0.00




         TIME SUMMARY AT END OF TIME STEP    1 IN STRESS PERIOD   46
                    SECONDS     MINUTES      HOURS       DAYS        YEARS
                    -----------------------------------------------------------
   TIME STEP LENGTH 6.04800E+05  10080.      168.00      7.0000     1.91650E-02
 STRESS PERIOD TIME 6.04800E+05  10080.      168.00      7.0000     1.91650E-02
         TOTAL TIME 2.78208E+07 4.63680E+05  7728.0      322.00     0.88159    


end timestep


start timestep kper="47" kstp="1" mode="normal"


 OUTPUT CONTROL FOR STRESS PERIOD 47 IS REPEATED USING SETTINGS FROM A PREVIOUS STRESS PERIOD.

 HEAD WILL BE SAVED ON UNIT 1016 AT END OF TIME STEP    1, STRESS PERIOD   47


  VOLUME BUDGET FOR ENTIRE MODEL AT END OF TIME STEP    1, STRESS PERIOD  47
  ---------------------------------------------------------------------------------------------------

     CUMULATIVE VOLUME      L**3       RATES FOR THIS TIME STEP      L**3/T          PACKAGE NAME    
     ------------------                 ------------------------                     ----------------

           IN:                                      IN:
           ---                                      ---
              STO-SS =     5931317.3362                STO-SS =       17928.7025     STORAGE                          
                 WEL =           0.0000                   WEL =           0.0000     WEL                              
                 GHB =       43004.6607                   GHB =         202.5573     GHB                              

            TOTAL IN =     5974321.9969              TOTAL IN =       18131.2597

          OUT:                                     OUT:
          ----                                     ----
              STO-SS =     5602317.3381                STO-SS =       16928.7025     STORAGE                          
                 WEL =      329000.0000                   WEL =        1000.0000     WEL                              
                 GHB =       43004.6604                   GHB =         202.5573     GHB                              

           TOTAL OUT =     5974321.9985             TOTAL OUT =       18131.2597

            IN - OUT =      -1.6245E-03              IN - OUT =      -1.2029E-06

 PERCENT DISCREPANCY =          -0.00     PERCENT DISCREPANCY =          -0.00




         TIME SUMMARY AT END OF TIME STEP    1 IN STRESS PERIOD   47
                    SECONDS     MINUTES      HOURS       DAYS        YEARS
                    -----------------------------------------------------------
   TIME STEP LENGTH 6.04800E+05  10080.      168.00      7.0000     1.91650E-02
 STRESS PERIOD TIME 6.04800E+05  10080.      168.00      7.0000     1.91650E-02
         TOTAL TIME 2.84256E+07 4.73760E+05  7896.0      329.00     0.90075    


end timestep


start timestep kper="48" kstp="1" mode="normal"


 OUTPUT CONTROL FOR STRESS PERIOD 48 IS REPEATED USING SETTINGS FROM A PREVIOUS STRESS PERIOD.

 HEAD WILL BE SAVED ON UNIT 1016 AT END OF TIME STEP    1, STRESS PERIOD   48


  VOLUME BUDGET FOR ENTIRE MODEL AT END OF TIME STEP    1, STRESS PERIOD  48
  ---------------------------------------------------------------------------------------------------

     CUMULATIVE VOLUME      L**3       RATES FOR THIS TIME STEP      L**3/T          PACKAGE NAME    
     ------------------                 ------------------------                     ----------------

           IN:                                      IN:
           ---                                      ---
              STO-SS =     6056783.6092                STO-SS =       17923.7533     STORAGE                          
                 WEL =           0.0000                   WEL =           0.0000     WEL                              
                 GHB =       44438.9713                   GHB =         204.9015     GHB                              

            TOTAL IN =     6101222.5805              TOTAL IN =       18128.6548

          OUT:                                     OUT:
          ----                                     ----
              STO-SS =     5720783.6111                STO-SS =       16923.7533     STORAGE                          
                 WEL =      336000.0000                   WEL =        1000.0000     WEL                              
                 GHB =       44438.9710                   GHB =         204.9015     GHB                              

           TOTAL OUT =     6101222.5821             TOTAL OUT =       18128.6548

            IN - OUT =      -1.6328E-03              IN - OUT =      -1.1882E-06

 PERCENT DISCREPANCY =          -0.00     PERCENT DISCREPANCY =          -0.00




         TIME SUMMARY AT END OF TIME STEP    1 IN STRESS PERIOD   48
                    SECONDS     MINUTES      HOURS       DAYS        YEARS
                    -----------------------------------------------------------
   TIME STEP LENGTH 6.04800E+05  10080.      168.00      7.0000     1.91650E-02
 STRESS PERIOD TIME 6.04800E+05  10080.      168.00      7.0000     1.91650E-02
         TOTAL TIME 2.90304E+07 4.83840E+05  8064.0      336.00     0.91992    


end timestep


start timestep kper="49" kstp="1" mode="normal"


 OUTPUT CONTROL FOR STRESS PERIOD 49 IS REPEATED USING SETTINGS FROM A PREVIOUS STRESS PERIOD.

 HEAD WILL BE SAVED ON UNIT 1016 AT END OF TIME STEP    1, STRESS PERIOD   49


  VOLUME BUDGET FOR ENTIRE MODEL AT END OF TIME STEP    1, STRESS PERIOD  49
  ---------------------------------------------------------------------------------------------------

     CUMULATIVE VOLUME      L**3       RATES FOR THIS TIME STEP      L**3/T          PACKAGE NAME    
     ------------------                 ------------------------                     ----------------

           IN:                                      IN:
           ---                                      ---
              STO-SS =     6182214.7233                STO-SS =       17918.7306     STORAGE                          
                 WEL =           0.0000                   WEL =           0.0000     WEL                              
                 GHB =       45889.5184                   GHB =         207.2210     GHB                              

            TOTAL IN =     6228104.2416              TOTAL IN =       18125.9516

          OUT:                                     OUT:
          ----                                     ----
              STO-SS =     5839214.7253                STO-SS =       16918.7306     STORAGE                          
                 WEL =      343000.0000                   WEL =        1000.0000     WEL                              
                 GHB =       45889.5180                   GHB =         207.2210     GHB                              

           TOTAL OUT =     6228104.2433             TOTAL OUT =       18125.9516

            IN - OUT =      -1.6411E-03              IN - OUT =      -1.1861E-06

 PERCENT DISCREPANCY =          -0.00     PERCENT DISCREPANCY =          -0.00




         TIME SUMMARY AT END OF TIME STEP    1 IN STRESS PERIOD   49
                    SECONDS     MINUTES      HOURS       DAYS        YEARS
                    -----------------------------------------------------------
   TIME STEP LENGTH 6.04800E+05  10080.      168.00      7.0000     1.91650E-02
 STRESS PERIOD TIME 6.04800E+05  10080.      168.00      7.0000     1.91650E-02
         TOTAL TIME 2.96352E+07 4.93920E+05  8232.0      343.00     0.93908    


end timestep


start timestep kper="50" kstp="1" mode="normal"


 OUTPUT CONTROL FOR STRESS PERIOD 50 IS REPEATED USING SETTINGS FROM A PREVIOUS STRESS PERIOD.

 HEAD WILL BE SAVED ON UNIT 1016 AT END OF TIME STEP    1, STRESS PERIOD   50


  VOLUME BUDGET FOR ENTIRE MODEL AT END OF TIME STEP    1, STRESS PERIOD  50
  ---------------------------------------------------------------------------------------------------

     CUMULATIVE VOLUME      L**3       RATES FOR THIS TIME STEP      L**3/T          PACKAGE NAME    
     ------------------                 ------------------------                     ----------------

           IN:                                      IN:
           ---                                      ---
              STO-SS =     6307610.1904                STO-SS =       17913.6382     STORAGE                          
                 WEL =           0.0000                   WEL =           0.0000     WEL                              
                 GHB =       47356.1336                   GHB =         209.5165     GHB                              

            TOTAL IN =     6354966.3240              TOTAL IN =       18123.1546

          OUT:                                     OUT:
          ----                                     ----
              STO-SS =     5957610.1925                STO-SS =       16913.6382     STORAGE                          
                 WEL =      350000.0000                   WEL =        1000.0000     WEL                              
                 GHB =       47356.1332                   GHB =         209.5165     GHB                              

           TOTAL OUT =     6354966.3257             TOTAL OUT =       18123.1546

            IN - OUT =      -1.6493E-03              IN - OUT =      -1.1669E-06

 PERCENT DISCREPANCY =          -0.00     PERCENT DISCREPANCY =          -0.00




         TIME SUMMARY AT END OF TIME STEP    1 IN STRESS PERIOD   50
                    SECONDS     MINUTES      HOURS       DAYS        YEARS
                    -----------------------------------------------------------
   TIME STEP LENGTH 6.04800E+05  10080.      168.00      7.0000     1.91650E-02
 STRESS PERIOD TIME 6.04800E+05  10080.      168.00      7.0000     1.91650E-02
         TOTAL TIME 3.02400E+07 5.04000E+05  8400.0      350.00     0.95825    


end timestep


start timestep kper="51" kstp="1" mode="normal"


 OUTPUT CONTROL FOR STRESS PERIOD 51 IS REPEATED USING SETTINGS FROM A PREVIOUS STRESS PERIOD.

 HEAD WILL BE SAVED ON UNIT 1016 AT END OF TIME STEP    1, STRESS PERIOD   51


  VOLUME BUDGET FOR ENTIRE MODEL AT END OF TIME STEP    1, STRESS PERIOD  51
  ---------------------------------------------------------------------------------------------------

     CUMULATIVE VOLUME      L**3       RATES FOR THIS TIME STEP      L**3/T          PACKAGE NAME    
     ------------------                 ------------------------                     ----------------

           IN:                                      IN:
           ---                                      ---
              STO-SS =     6432969.5615                STO-SS =       17908.4816     STORAGE                          
                 WEL =           0.0000                   WEL =           0.0000     WEL                              
                 GHB =       48838.6540                   GHB =         211.7886     GHB                              

            TOTAL IN =     6481808.2155              TOTAL IN =       18120.2702

          OUT:                                     OUT:
          ----                                     ----
              STO-SS =     6075969.5638                STO-SS =       16908.4816     STORAGE                          
                 WEL =      357000.0000                   WEL =        1000.0000     WEL                              
                 GHB =       48838.6534                   GHB =         211.7886     GHB                              

           TOTAL OUT =     6481808.2172             TOTAL OUT =       18120.2702

            IN - OUT =      -1.6574E-03              IN - OUT =      -1.1547E-06

 PERCENT DISCREPANCY =          -0.00     PERCENT DISCREPANCY =          -0.00




         TIME SUMMARY AT END OF TIME STEP    1 IN STRESS PERIOD   51
                    SECONDS     MINUTES      HOURS       DAYS        YEARS
                    -----------------------------------------------------------
   TIME STEP LENGTH 6.04800E+05  10080.      168.00      7.0000     1.91650E-02
 STRESS PERIOD TIME 6.04800E+05  10080.      168.00      7.0000     1.91650E-02
         TOTAL TIME 3.08448E+07 5.14080E+05  8568.0      357.00     0.97741    


end timestep


start timestep kper="52" kstp="1" mode="normal"


 OUTPUT CONTROL FOR STRESS PERIOD 52 IS REPEATED USING SETTINGS FROM A PREVIOUS STRESS PERIOD.

 HEAD WILL BE SAVED ON UNIT 1016 AT END OF TIME STEP    1, STRESS PERIOD   52


  VOLUME BUDGET FOR ENTIRE MODEL AT END OF TIME STEP    1, STRESS PERIOD  52
  ---------------------------------------------------------------------------------------------------

     CUMULATIVE VOLUME      L**3       RATES FOR THIS TIME STEP      L**3/T          PACKAGE NAME    
     ------------------                 ------------------------                     ----------------

           IN:                                      IN:
           ---                                      ---
              STO-SS =     6558292.2973                STO-SS =       17903.2480     STORAGE                          
                 WEL =           0.0000                   WEL =           0.0000     WEL                              
                 GHB =       50336.9210                   GHB =         214.0381     GHB                              

            TOTAL IN =     6608629.2183              TOTAL IN =       18117.2861

          OUT:                                     OUT:
          ----                                     ----
              STO-SS =     6194292.2997                STO-SS =       16903.2480     STORAGE                          
                 WEL =      364000.0000                   WEL =        1000.0000     WEL                              
                 GHB =       50336.9203                   GHB =         214.0381     GHB                              

           TOTAL OUT =     6608629.2200             TOTAL OUT =       18117.2861

            IN - OUT =      -1.6653E-03              IN - OUT =      -1.1378E-06

 PERCENT DISCREPANCY =          -0.00     PERCENT DISCREPANCY =          -0.00




         TIME SUMMARY AT END OF TIME STEP    1 IN STRESS PERIOD   52
                    SECONDS     MINUTES      HOURS       DAYS        YEARS
                    -----------------------------------------------------------
   TIME STEP LENGTH 6.04800E+05  10080.      168.00      7.0000     1.91650E-02
 STRESS PERIOD TIME 6.04800E+05  10080.      168.00      7.0000     1.91650E-02
         TOTAL TIME 3.14496E+07 5.24160E+05  8736.0      364.00     0.99658    


end timestep

