obsnme,obsval,weight,obsgp
hd_p0_cp0,2292.934065932088,1.0,head
hd_p0_cp1,2292.934065932088,1.0,head
hd_p0_cp2,2285.5714285703157,1.0,head
hd_p0_cp3,2285.5714285703157,1.0,head
hd_p0_cp4,2278.208791209685,1.0,head
hd_p0_cp5,2278.208791209685,1.0,head
hd_p0_cp6,2270.846153847912,1.0,head
hd_p0_cp7,2270.846153847912,1.0,head
hd_p0_cp8,2263.4835164820875,1.0,head
hd_p0_cp9,2263.4835164820875,1.0,head
hd_p0_cp10,2256.1208791203153,1.0,head
hd_p0_cp11,2256.1208791203153,1.0,head
hd_p0_cp12,2248.758241759685,1.0,head
hd_p0_cp13,2248.758241759685,1.0,head
hd_p0_cp14,2241.395604397913,1.0,head
hd_p0_cp15,2241.395604397913,1.0,head
hd_p0_cp16,2234.032967032088,1.0,head
hd_p0_cp17,2234.032967032088,1.0,head
hd_p0_cp18,2226.6703296703154,1.0,head
hd_p0_cp19,2226.6703296703154,1.0,head
hd_p0_cp20,2219.3076923096837,1.0,head
hd_p0_cp21,2219.3076923096837,1.0,head
hd_p0_cp22,2211.9450549479056,1.0,head
hd_p0_cp23,2211.9450549479056,1.0,head
hd_p0_cp24,2204.582417582042,1.0,head
hd_p0_cp25,2204.582417582042,1.0,head
hd_p0_cp26,2197.219780219999,1.0,head
hd_p0_cp27,2197.219780219999,1.0,head
hd_p0_cp28,2189.8571428579567,1.0,head
hd_p0_cp29,2189.8571428579567,1.0,head
hd_p0_cp30,2182.494505492093,1.0,head
hd_p0_cp31,2182.494505492093,1.0,head
hd_p0_cp32,2175.131868130316,1.0,head
hd_p0_cp33,2175.131868130316,1.0,head
hd_p0_cp34,2167.7692307696843,1.0,head
hd_p0_cp35,2167.7692307696843,1.0,head
hd_p0_cp36,2160.4065934079117,1.0,head
hd_p0_cp37,2160.4065934079117,1.0,head
hd_p0_cp38,2153.0439560420873,1.0,head
hd_p0_cp39,2153.0439560420873,1.0,head
hd_p0_cp40,2145.681318680315,1.0,head
hd_p0_cp41,2145.681318680315,1.0,head
hd_p0_cp42,2138.318681319683,1.0,head
hd_p0_cp43,2138.3186813196835,1.0,head
hd_p0_cp44,2130.9560439579072,1.0,head
hd_p0_cp45,2130.9560439579113,1.0,head
hd_p0_cp46,2123.593406592062,1.0,head
hd_p0_cp47,2123.5934065920874,1.0,head
hd_p0_cp48,2116.2307692301665,1.0,head
hd_p0_cp49,2116.230769230315,1.0,head
hd_p0_cp50,2108.868131868911,1.0,head
hd_p0_cp51,2108.868131869684,1.0,head
hd_p0_cp52,2101.505494504467,1.0,head
hd_p0_cp53,2101.505494507907,1.0,head
hd_p0_cp54,2094.142857129604,1.0,head
hd_p0_cp55,2094.142857142043,1.0,head
hd_p0_cp56,2086.780219746602,1.0,head
hd_p0_cp57,2086.7802197799992,1.0,head
hd_p0_cp58,2079.417582362676,1.0,head
hd_p0_cp59,2079.4175824179574,1.0,head
hd_p0_cp60,2072.054945018695,1.0,head
hd_p0_cp61,2072.0549450520934,1.0,head
hd_p0_cp62,2064.6923076778776,1.0,head
hd_p0_cp63,2064.692307690316,1.0,head
hd_p0_cp64,2057.3296703262454,1.0,head
hd_p0_cp65,2057.329670329685,1.0,head
hd_p0_cp66,2049.9670329671385,1.0,head
hd_p0_cp67,2049.967032967912,1.0,head
hd_p0_cp68,2042.604395601939,1.0,head
hd_p0_cp69,2042.6043956020872,1.0,head
hd_p0_cp70,2035.2417582402898,1.0,head
hd_p0_cp71,2035.2417582403145,1.0,head
hd_p0_cp72,2027.87912087968,1.0,head
hd_p0_cp73,2027.8791208796843,1.0,head
hd_p0_cp74,2020.5164835179114,1.0,head
hd_p0_cp75,2020.5164835179119,1.0,head
hd_p0_cp76,2013.153846152087,1.0,head
hd_p0_cp77,2013.1538461520868,1.0,head
hd_p0_cp78,2005.7912087903142,1.0,head
hd_p0_cp79,2005.7912087903142,1.0,head
hd_p0_cp80,1998.4285714296836,1.0,head
hd_p0_cp81,1998.4285714296836,1.0,head
hd_p0_cp82,1991.0659340679115,1.0,head
hd_p0_cp83,1991.0659340679115,1.0,head
hd_p0_cp84,2292.934065932088,1.0,head
hd_p0_cp85,1991.0659340679115,1.0,head
hd_p0_cp86,2292.934065932088,1.0,head
hd_p0_cp87,1991.0659340679115,1.0,head
hd_p0_cp88,2292.934065932088,1.0,head
hd_p0_cp89,1991.0659340679115,1.0,head
hd_p0_cp90,2292.934065932088,1.0,head
hd_p0_cp91,1991.0659340679115,1.0,head
hd_p0_cp92,2292.934065932088,1.0,head
hd_p0_cp93,1991.0659340679106,1.0,head
hd_p0_cp94,2292.934065932088,1.0,head
hd_p0_cp95,1991.0659340679088,1.0,head
hd_p0_cp96,2292.934065932088,1.0,head
hd_p0_cp97,1991.0659340679035,1.0,head
hd_p0_cp98,2292.934065932088,1.0,head
hd_p0_cp99,1991.0659340678935,1.0,head
hd_p0_cp100,2292.934065932088,1.0,head
hd_p0_cp101,1991.0659340678853,1.0,head
hd_p0_cp102,2292.934065932088,1.0,head
hd_p0_cp103,1991.0659340678935,1.0,head
hd_p0_cp104,2292.934065932088,1.0,head
hd_p0_cp105,1991.065934067904,1.0,head
hd_p0_cp106,2292.934065932088,1.0,head
hd_p0_cp107,1991.0659340679088,1.0,head
hd_p0_cp108,2292.934065932088,1.0,head
hd_p0_cp109,1991.0659340679108,1.0,head
hd_p0_cp110,2292.934065932088,1.0,head
hd_p0_cp111,1991.0659340679115,1.0,head
hd_p0_cp112,2292.934065932088,1.0,head
hd_p0_cp113,1991.0659340679115,1.0,head
hd_p0_cp114,2292.934065932088,1.0,head
hd_p0_cp115,1991.0659340679115,1.0,head
hd_p0_cp116,2292.934065932088,1.0,head
hd_p0_cp117,1991.0659340679115,1.0,head
hd_p0_cp118,2292.934065932088,1.0,head
hd_p0_cp119,1991.0659340679115,1.0,head
hd_p0_cp120,2292.934065932088,1.0,head
hd_p0_cp121,1991.0659340679115,1.0,head
hd_p0_cp122,2292.934065932088,1.0,head
hd_p0_cp123,1991.0659340679115,1.0,head
hd_p0_cp124,2292.934065932088,1.0,head
hd_p0_cp125,1991.0659340679115,1.0,head
hd_p0_cp126,2292.934065932088,1.0,head
hd_p0_cp127,1991.0659340679115,1.0,head
hd_p0_cp128,2292.934065932088,1.0,head
hd_p0_cp129,1991.0659340679115,1.0,head
hd_p0_cp130,2292.934065932088,1.0,head
hd_p0_cp131,1991.0659340679115,1.0,head
hd_p0_cp132,2292.934065932088,1.0,head
hd_p0_cp133,1991.0659340679115,1.0,head
hd_p0_cp134,2292.934065932088,1.0,head
hd_p0_cp135,1991.0659340679115,1.0,head
hd_p0_cp136,2292.934065932088,1.0,head
hd_p0_cp137,1991.0659340679115,1.0,head
hd_p0_cp138,2292.934065932088,1.0,head
hd_p0_cp139,1991.0659340679115,1.0,head
hd_p0_cp140,2292.934065932088,1.0,head
hd_p0_cp141,1991.0659340679115,1.0,head
hd_p0_cp142,2292.934065932088,1.0,head
hd_p0_cp143,1991.0659340679115,1.0,head
hd_p0_cp144,2292.934065932088,1.0,head
hd_p0_cp145,1991.0659340679117,1.0,head
hd_p0_cp146,2292.934065932088,1.0,head
hd_p0_cp147,1991.0659340679115,1.0,head
hd_p0_cp148,2292.934065932088,1.0,head
hd_p0_cp149,1991.0659340679115,1.0,head
hd_p0_cp150,2292.9340659320874,1.0,head
hd_p0_cp151,1991.0659340679115,1.0,head
hd_p0_cp152,2292.9340659320874,1.0,head
hd_p0_cp153,1991.0659340679117,1.0,head
hd_p0_cp154,2292.9340659320837,1.0,head
hd_p0_cp155,1991.0659340679115,1.0,head
hd_p0_cp156,2292.934065932055,1.0,head
hd_p0_cp157,1991.0659340679113,1.0,head
hd_p0_cp158,2292.9340659318063,1.0,head
hd_p0_cp159,1991.0659340679108,1.0,head
hd_p0_cp160,2292.934065929834,1.0,head
hd_p0_cp161,1991.065934067904,1.0,head
hd_p0_cp162,2292.934065915288,1.0,head
hd_p0_cp163,1991.0659340678517,1.0,head
hd_p0_cp164,2292.934065817402,1.0,head
hd_p0_cp165,1991.0659340674765,1.0,head
hd_p0_cp166,2292.9340652310643,1.0,head
hd_p0_cp167,1991.0659340650009,1.0,head
hd_p0_cp168,2292.9340622206637,1.0,head
hd_p0_cp169,1991.0659340502398,1.0,head
hd_p0_cp170,2292.9340497948233,1.0,head
hd_p0_cp171,1991.0659339728113,1.0,head
hd_p0_cp172,2292.9340135833827,1.0,head
hd_p0_cp173,1991.065933629606,1.0,head
hd_p0_cp174,2292.9339637307103,1.0,head
hd_p0_cp175,1991.0659324288938,1.0,head
hd_p0_cp176,2292.9340147131693,1.0,head
hd_p0_cp177,1991.0659295446476,1.0,head
hd_p0_cp178,2292.9340504763945,1.0,head
hd_p0_cp179,1991.0659265272077,1.0,head
hd_p0_cp180,2292.934062450712,1.0,head
hd_p0_cp181,1991.0659300692623,1.0,head
hd_p0_cp182,2292.934065287758,1.0,head
hd_p0_cp183,1991.065932771104,1.0,head
hd_p0_cp184,2292.934065828754,1.0,head
hd_p0_cp185,1991.0659337540926,1.0,head
hd_p0_cp186,2292.9340659172426,1.0,head
hd_p0_cp187,1991.0659340057232,1.0,head
hd_p0_cp188,2292.934065930134,1.0,head
hd_p0_cp189,1991.065934057274,1.0,head
hd_p0_cp190,2292.9340659318486,1.0,head
hd_p0_cp191,1991.0659340662878,1.0,head
hd_p0_cp192,2292.93406593206,1.0,head
hd_p0_cp193,1991.0659340676855,1.0,head
hd_p0_cp194,2292.9340659320837,1.0,head
hd_p0_cp195,1991.0659340678826,1.0,head
hd_p0_cp196,2292.934065932087,1.0,head
hd_p0_cp197,1991.0659340679085,1.0,head
hd_p0_cp198,2292.9340659320874,1.0,head
hd_p0_cp199,1991.0659340679115,1.0,head
hd_p0_cp200,2292.9340659320874,1.0,head
hd_p0_cp201,1991.0659340679115,1.0,head
hd_p0_cp202,2292.934065932088,1.0,head
hd_p0_cp203,1991.0659340679115,1.0,head
hd_p0_cp204,2292.934065932088,1.0,head
hd_p0_cp205,1991.0659340679115,1.0,head
hd_p0_cp206,2292.934065932088,1.0,head
hd_p0_cp207,1991.0659340679115,1.0,head
hd_p0_cp208,2292.934065932088,1.0,head
hd_p0_cp209,1991.0659340679115,1.0,head
hd_p0_cp210,2292.934065932088,1.0,head
hd_p0_cp211,1991.0659340679115,1.0,head
hd_p1_cp0,2292.934065932969,1.0,head
hd_p1_cp1,2292.934065932969,1.0,head
hd_p1_cp2,2285.5714285706817,1.0,head
hd_p1_cp3,2285.5714285706817,1.0,head
hd_p1_cp4,2278.208791209318,1.0,head
hd_p1_cp5,2278.208791209318,1.0,head
hd_p1_cp6,2270.84615384703,1.0,head
hd_p1_cp7,2270.84615384703,1.0,head
hd_p1_cp8,2263.483516482969,1.0,head
hd_p1_cp9,2263.483516482969,1.0,head
hd_p1_cp10,2256.120879120681,1.0,head
hd_p1_cp11,2256.1208791206814,1.0,head
hd_p1_cp12,2248.7582417593167,1.0,head
hd_p1_cp13,2248.758241759319,1.0,head
hd_p1_cp14,2241.3956043970225,1.0,head
hd_p1_cp15,2241.3956043970297,1.0,head
hd_p1_cp16,2234.0329670329284,1.0,head
hd_p1_cp17,2234.032967032956,1.0,head
hd_p1_cp18,2226.670329670506,1.0,head
hd_p1_cp19,2226.670329670556,1.0,head
hd_p1_cp20,2219.3076923087174,1.0,head
hd_p1_cp21,2219.3076923082945,1.0,head
hd_p1_cp22,2211.945054945486,1.0,head
hd_p1_cp23,2211.945054939262,1.0,head
hd_p1_cp24,2204.5824175804137,1.0,head
hd_p1_cp25,2204.5824175289667,1.0,head
hd_p1_cp26,2197.2197802184883,1.0,head
hd_p1_cp27,2197.219779884341,1.0,head
hd_p1_cp28,2189.857142856598,1.0,head
hd_p1_cp29,2189.8571410440522,1.0,head
hd_p1_cp30,2182.4945054928266,1.0,head
hd_p1_cp31,2182.4944974471277,1.0,head
hd_p1_cp32,2175.131868130645,1.0,head
hd_p1_cp33,2175.1318414919815,1.0,head
hd_p1_cp34,2167.7692307693114,1.0,head
hd_p1_cp35,2167.7691777496966,1.0,head
hd_p1_cp36,2160.406593407028,1.0,head
hd_p1_cp37,2160.406566768324,1.0,head
hd_p1_cp38,2153.043956042966,1.0,head
hd_p1_cp39,2153.043947997095,1.0,head
hd_p1_cp40,2145.6813186806594,1.0,head
hd_p1_cp41,2145.6813168675385,1.0,head
hd_p1_cp42,2138.3186813191855,1.0,head
hd_p1_cp43,2138.318680983658,1.0,head
hd_p1_cp44,2130.956043956274,1.0,head
hd_p1_cp45,2130.9560439031875,1.0,head
hd_p1_cp46,2123.5934065889924,1.0,head
hd_p1_cp47,2123.5934065852325,1.0,head
hd_p1_cp48,2116.230769211818,1.0,head
hd_p1_cp49,2116.230769229662,1.0,head
hd_p1_cp50,2108.868131790502,1.0,head
hd_p1_cp51,2108.8681318691883,1.0,head
hd_p1_cp52,2101.505494226142,1.0,head
hd_p1_cp53,2101.5054945069824,1.0,head
hd_p1_cp54,2094.1428563295135,1.0,head
hd_p1_cp55,2094.142857142804,1.0,head
hd_p1_cp56,2086.7802180111516,1.0,head
hd_p1_cp57,2086.780219779998,1.0,head
hd_p1_cp58,2079.417579909966,1.0,head
hd_p1_cp59,2079.417582417193,1.0,head
hd_p1_cp60,2072.0549432840935,1.0,head
hd_p1_cp61,2072.054945053002,1.0,head
hd_p1_cp62,2064.692306877077,1.0,head
hd_p1_cp63,2064.6923076906864,1.0,head
hd_p1_cp64,2057.3296700470555,1.0,head
hd_p1_cp65,2057.329670329319,1.0,head
hd_p1_cp66,2049.9670328831307,1.0,head
hd_p1_cp67,2049.96703296703,1.0,head
hd_p1_cp68,2042.604395570444,1.0,head
hd_p1_cp69,2042.604395602969,1.0,head
hd_p1_cp70,2035.2417582140883,1.0,head
hd_p1_cp71,2035.2417582406813,1.0,head
hd_p1_cp72,2027.8791208648997,1.0,head
hd_p1_cp73,2027.879120879318,1.0,head
hd_p1_cp74,2020.5164835118094,1.0,head
hd_p1_cp75,2020.5164835170294,1.0,head
hd_p1_cp76,2013.1538461515408,1.0,head
hd_p1_cp77,2013.1538461529683,1.0,head
hd_p1_cp78,2005.791208790361,1.0,head
hd_p1_cp79,2005.7912087906802,1.0,head
hd_p1_cp80,1998.4285714292562,1.0,head
hd_p1_cp81,1998.4285714293173,1.0,head
hd_p1_cp82,1991.0659340670186,1.0,head
hd_p1_cp83,1991.0659340670297,1.0,head
hd_p1_cp84,2292.934065932969,1.0,head
hd_p1_cp85,1991.0659340669392,1.0,head
hd_p1_cp86,2292.934065932969,1.0,head
hd_p1_cp87,1991.0659340662926,1.0,head
hd_p1_cp88,2292.934065932969,1.0,head
hd_p1_cp89,1991.0659340614372,1.0,head
hd_p1_cp90,2292.9340659329696,1.0,head
hd_p1_cp91,1991.065934028128,1.0,head
hd_p1_cp92,2292.934065932969,1.0,head
hd_p1_cp93,1991.065933824591,1.0,head
hd_p1_cp94,2292.934065932969,1.0,head
hd_p1_cp95,1991.0659327577378,1.0,head
hd_p1_cp96,2292.934065932968,1.0,head
hd_p1_cp97,1991.0659282577933,1.0,head
hd_p1_cp98,2292.934065932965,1.0,head
hd_p1_cp99,1991.0659148349707,1.0,head
hd_p1_cp100,2292.9340659329596,1.0,head
hd_p1_cp101,1991.065895790434,1.0,head
hd_p1_cp102,2292.934065932955,1.0,head
hd_p1_cp103,1991.0659148349712,1.0,head
hd_p1_cp104,2292.934065932959,1.0,head
hd_p1_cp105,1991.0659282577926,1.0,head
hd_p1_cp106,2292.934065932959,1.0,head
hd_p1_cp107,1991.065932757737,1.0,head
hd_p1_cp108,2292.934065932942,1.0,head
hd_p1_cp109,1991.0659338245905,1.0,head
hd_p1_cp110,2292.934065932884,1.0,head
hd_p1_cp111,1991.0659340281263,1.0,head
hd_p1_cp112,2292.9340659327663,1.0,head
hd_p1_cp113,1991.0659340614357,1.0,head
hd_p1_cp114,2292.9340659326595,1.0,head
hd_p1_cp115,1991.0659340662926,1.0,head
hd_p1_cp116,2292.9340659327663,1.0,head
hd_p1_cp117,1991.0659340669386,1.0,head
hd_p1_cp118,2292.934065932885,1.0,head
hd_p1_cp119,1991.0659340670186,1.0,head
hd_p1_cp120,2292.9340659329437,1.0,head
hd_p1_cp121,1991.0659340670284,1.0,head
hd_p1_cp122,2292.9340659329628,1.0,head
hd_p1_cp123,1991.0659340670297,1.0,head
hd_p1_cp124,2292.934065932968,1.0,head
hd_p1_cp125,1991.0659340670297,1.0,head
hd_p1_cp126,2292.934065932969,1.0,head
hd_p1_cp127,1991.0659340670297,1.0,head
hd_p1_cp128,2292.934065932969,1.0,head
hd_p1_cp129,1991.0659340670297,1.0,head
hd_p1_cp130,2292.9340659329696,1.0,head
hd_p1_cp131,1991.0659340670297,1.0,head
hd_p1_cp132,2292.934065932969,1.0,head
hd_p1_cp133,1991.0659340670297,1.0,head
hd_p1_cp134,2292.9340659329687,1.0,head
hd_p1_cp135,1991.0659340670297,1.0,head
hd_p1_cp136,2292.9340659329664,1.0,head
hd_p1_cp137,1991.0659340670295,1.0,head
hd_p1_cp138,2292.934065932962,1.0,head
hd_p1_cp139,1991.065934067029,1.0,head
hd_p1_cp140,2292.93406593295,1.0,head
hd_p1_cp141,1991.0659340670281,1.0,head
hd_p1_cp142,2292.9340659329405,1.0,head
hd_p1_cp143,1991.0659340670263,1.0,head
hd_p1_cp144,2292.93406593295,1.0,head
hd_p1_cp145,1991.0659340670218,1.0,head
hd_p1_cp146,2292.93406593296,1.0,head
hd_p1_cp147,1991.0659340670152,1.0,head
hd_p1_cp148,2292.934065932964,1.0,head
hd_p1_cp149,1991.0659340670115,1.0,head
hd_p1_cp150,2292.934065932955,1.0,head
hd_p1_cp151,1991.0659340670152,1.0,head
hd_p1_cp152,2292.9340659328745,1.0,head
hd_p1_cp153,1991.065934067021,1.0,head
hd_p1_cp154,2292.93406593226,1.0,head
hd_p1_cp155,1991.0659340670218,1.0,head
hd_p1_cp156,2292.934065927833,1.0,head
hd_p1_cp157,1991.0659340669968,1.0,head
hd_p1_cp158,2292.9340658978763,1.0,head
hd_p1_cp159,1991.0659340668078,1.0,head
hd_p1_cp160,2292.9340657093326,1.0,head
hd_p1_cp161,1991.0659340655448,1.0,head
hd_p1_cp162,2292.9340646201204,1.0,head
hd_p1_cp163,1991.0659340576908,1.0,head
hd_p1_cp164,2292.9340589505264,1.0,head
hd_p1_cp165,1991.065934012527,1.0,head
hd_p1_cp166,2292.934033048789,1.0,head
hd_p1_cp167,1991.0659337757638,1.0,head
hd_p1_cp168,2292.933933252275,1.0,head
hd_p1_cp169,1991.0659326658758,1.0,head
hd_p1_cp170,2292.9336300922278,1.0,head
hd_p1_cp171,1991.065928138818,1.0,head
hd_p1_cp172,2292.9329970927442,1.0,head
hd_p1_cp173,1991.0659127206784,1.0,head
hd_p1_cp174,2292.9324169038887,1.0,head
hd_p1_cp175,1991.0658717966817,1.0,head
hd_p1_cp176,2292.9330199058645,1.0,head
hd_p1_cp177,1991.0657981487902,1.0,head
hd_p1_cp178,2292.9336483104867,1.0,head
hd_p1_cp179,1991.0657406243379,1.0,head
hd_p1_cp180,2292.9339413936423,1.0,head
hd_p1_cp181,1991.0657838280483,1.0,head
hd_p1_cp182,2292.9340356815783,1.0,head
hd_p1_cp183,1991.065775220804,1.0,head
hd_p1_cp184,2292.9340596344637,1.0,head
hd_p1_cp185,1991.0656818310372,1.0,head
hd_p1_cp186,2292.934064771192,1.0,head
hd_p1_cp187,1991.0658209530661,1.0,head
hd_p1_cp188,2292.9340657387334,1.0,head
hd_p1_cp189,1991.065903026383,1.0,head
hd_p1_cp190,2292.9340659030413,1.0,head
hd_p1_cp191,1991.0659276407823,1.0,head
hd_p1_cp192,2292.934065928666,1.0,head
hd_p1_cp193,1991.0659329645957,1.0,head
hd_p1_cp194,2292.934065932386,1.0,head
hd_p1_cp195,1991.0659339019694,1.0,head
hd_p1_cp196,2292.934065932894,1.0,head
hd_p1_cp197,1991.0659340447532,1.0,head
hd_p1_cp198,2292.9340659329596,1.0,head
hd_p1_cp199,1991.06593406426,1.0,head
hd_p1_cp200,2292.934065932968,1.0,head
hd_p1_cp201,1991.0659340667073,1.0,head
hd_p1_cp202,2292.934065932969,1.0,head
hd_p1_cp203,1991.0659340669938,1.0,head
hd_p1_cp204,2292.934065932969,1.0,head
hd_p1_cp205,1991.0659340670252,1.0,head
hd_p1_cp206,2292.934065932969,1.0,head
hd_p1_cp207,1991.065934067029,1.0,head
hd_p1_cp208,2292.934065932969,1.0,head
hd_p1_cp209,1991.0659340670297,1.0,head
hd_p1_cp210,2292.934065932969,1.0,head
hd_p1_cp211,1991.0659340670297,1.0,head
hd_p2_cp0,2292.934065933368,1.0,head
hd_p2_cp1,2292.9340659333675,1.0,head
hd_p2_cp2,2285.57142857093,1.0,head
hd_p2_cp3,2285.57142857093,1.0,head
hd_p2_cp4,2278.2087912090683,1.0,head
hd_p2_cp5,2278.2087912090687,1.0,head
hd_p2_cp6,2270.846153846629,1.0,head
hd_p2_cp7,2270.84615384663,1.0,head
hd_p2_cp8,2263.4835164833585,1.0,head
hd_p2_cp9,2263.4835164833676,1.0,head
hd_p2_cp10,2256.120879120873,1.0,head
hd_p2_cp11,2256.1208791209247,1.0,head
hd_p2_cp12,2248.7582417587796,1.0,head
hd_p2_cp13,2248.75824175903,1.0,head
hd_p2_cp14,2241.3956043953126,1.0,head
hd_p2_cp15,2241.395604396328,1.0,head
hd_p2_cp16,2234.0329670280935,1.0,head
hd_p2_cp17,2234.0329670311294,1.0,head
hd_p2_cp18,2226.6703296529563,1.0,head
hd_p2_cp19,2226.670329655354,1.0,head
hd_p2_cp20,2219.3076922593277,1.0,head
hd_p2_cp21,2219.3076922079954,1.0,head
hd_p2_cp22,2211.945054842945,1.0,head
hd_p2_cp23,2211.945054342215,1.0,head
hd_p2_cp24,2204.5824174404725,1.0,head
hd_p2_cp25,2204.582414307517,1.0,head
hd_p2_cp26,2197.219780116396,1.0,head
hd_p2_cp27,2197.2197644935104,1.0,head
hd_p2_cp28,2189.857142807213,1.0,head
hd_p2_cp29,2189.8570781507465,1.0,head
hd_p2_cp30,2182.49450547548,1.0,head
hd_p2_cp31,2182.4942887177294,1.0,head
hd_p2_cp32,2175.131868125673,1.0,head
hd_p2_cp33,2175.1313261455493,1.0,head
hd_p2_cp34,2167.76923076775,1.0,head
hd_p2_cp35,2167.768380028446,1.0,head
hd_p2_cp36,2160.406593406314,1.0,head
hd_p2_cp37,2160.4060514212315,1.0,head
hd_p2_cp38,2153.043956043145,1.0,head
hd_p2_cp39,2153.0437392676477,1.0,head
hd_p2_cp40,2145.681318679976,1.0,head
hd_p2_cp41,2145.681253974739,1.0,head
hd_p2_cp42,2138.318681314077,1.0,head
hd_p2_cp43,2138.3186655925783,1.0,head
hd_p2_cp44,2130.956043932236,1.0,head
hd_p2_cp45,2130.956040681082,1.0,head
hd_p2_cp46,2123.5934064844478,1.0,head
hd_p2_cp47,2123.5934059890274,1.0,head
hd_p2_cp48,2116.2307687939524,1.0,head
hd_p2_cp49,2116.2307691298565,1.0,head
hd_p2_cp50,2108.8681303276385,1.0,head
hd_p2_cp51,2108.8681318534436,1.0,head
hd_p2_cp52,2101.505489866846,1.0,head
hd_p2_cp53,2101.5054945042457,1.0,head
hd_p2_cp54,2094.142845731308,1.0,head
hd_p2_cp55,2094.142857142677,1.0,head
hd_p2_cp56,2086.7801983116965,1.0,head
hd_p2_cp57,2086.7802197798956,1.0,head
hd_p2_cp58,2079.417554606724,1.0,head
hd_p2_cp59,2079.4175824168965,1.0,head
hd_p2_cp60,2072.054923577739,1.0,head
hd_p2_cp61,2072.0549450534354,1.0,head
hd_p2_cp62,2064.692296247004,1.0,head
hd_p2_cp63,2064.6923076909434,1.0,head
hd_p2_cp64,2057.329665574477,1.0,head
hd_p2_cp65,2057.32967032907,1.0,head
hd_p2_cp66,2049.9670310924944,1.0,head
hd_p2_cp67,2049.9670329666287,1.0,head
hd_p2_cp68,2042.6043944427452,1.0,head
hd_p2_cp69,2042.6043956033643,1.0,head
hd_p2_cp70,2035.2417571062879,1.0,head
hd_p2_cp71,2035.2417582409246,1.0,head
hd_p2_cp72,2027.8791201310253,1.0,head
hd_p2_cp73,2027.8791208790626,1.0,head
hd_p2_cp74,2020.5164831789164,1.0,head
hd_p2_cp75,2020.516483516625,1.0,head
hd_p2_cp76,2013.153846037524,1.0,head
hd_p2_cp77,2013.153846153364,1.0,head
hd_p2_cp78,2005.7912087585216,1.0,head
hd_p2_cp79,2005.7912087909272,1.0,head
hd_p2_cp80,1998.4285714213245,1.0,head
hd_p2_cp81,1998.4285714290677,1.0,head
hd_p2_cp82,1991.065934064999,1.0,head
hd_p2_cp83,1991.0659340666307,1.0,head
hd_p2_cp84,2292.934065933368,1.0,head
hd_p2_cp85,1991.0659340552772,1.0,head
hd_p2_cp86,2292.934065933368,1.0,head
hd_p2_cp87,1991.0659339928513,1.0,head
hd_p2_cp88,2292.934065933367,1.0,head
hd_p2_cp89,1991.065933624406,1.0,head
hd_p2_cp90,2292.9340659333634,1.0,head
hd_p2_cp91,1991.0659316618182,1.0,head
hd_p2_cp92,2292.9340659333484,1.0,head
hd_p2_cp93,1991.0659224672247,1.0,head
hd_p2_cp94,2292.9340659332956,1.0,head
hd_p2_cp95,1991.0658860354824,1.0,head
hd_p2_cp96,2292.934065933142,1.0,head
hd_p2_cp97,1991.065771745178,1.0,head
hd_p2_cp98,2292.9340659327863,1.0,head
hd_p2_cp99,1991.0655235410277,1.0,head
hd_p2_cp100,2292.934065932228,1.0,head
hd_p2_cp101,1991.0652816017086,1.0,head
hd_p2_cp102,2292.9340659318204,1.0,head
hd_p2_cp103,1991.065523541028,1.0,head
hd_p2_cp104,2292.9340659319705,1.0,head
hd_p2_cp105,1991.0657717451768,1.0,head
hd_p2_cp106,2292.9340659317454,1.0,head
hd_p2_cp107,1991.0658860354808,1.0,head
hd_p2_cp108,2292.9340659297236,1.0,head
hd_p2_cp109,1991.065922467223,1.0,head
hd_p2_cp110,2292.934065924186,1.0,head
hd_p2_cp111,1991.0659316618157,1.0,head
hd_p2_cp112,2292.9340659150002,1.0,head
hd_p2_cp113,1991.065933624404,1.0,head
hd_p2_cp114,2292.934065908648,1.0,head
hd_p2_cp115,1991.0659339928504,1.0,head
hd_p2_cp116,2292.9340659150207,1.0,head
hd_p2_cp117,1991.0659340552772,1.0,head
hd_p2_cp118,2292.934065924258,1.0,head
hd_p2_cp119,1991.0659340649981,1.0,head
hd_p2_cp120,2292.934065929948,1.0,head
hd_p2_cp121,1991.065934066409,1.0,head
hd_p2_cp122,2292.9340659323193,1.0,head
hd_p2_cp123,1991.0659340666016,1.0,head
hd_p2_cp124,2292.9340659330564,1.0,head
hd_p2_cp125,1991.0659340666275,1.0,head
hd_p2_cp126,2292.9340659329787,1.0,head
hd_p2_cp127,1991.0659340666302,1.0,head
hd_p2_cp128,2292.934065930865,1.0,head
hd_p2_cp129,1991.0659340666307,1.0,head
hd_p2_cp130,2292.934065916033,1.0,head
hd_p2_cp131,1991.0659340666305,1.0,head
hd_p2_cp132,2292.9340658253295,1.0,head
hd_p2_cp133,1991.06593406663,1.0,head
hd_p2_cp134,2292.934065349843,1.0,head
hd_p2_cp135,1991.0659340666289,1.0,head
hd_p2_cp136,2292.934063344142,1.0,head
hd_p2_cp137,1991.0659340666255,1.0,head
hd_p2_cp138,2292.9340573611535,1.0,head
hd_p2_cp139,1991.0659340666132,1.0,head
hd_p2_cp140,2292.9340488719495,1.0,head
hd_p2_cp141,1991.0659340665793,1.0,head
hd_p2_cp142,2292.9340573593895,1.0,head
hd_p2_cp143,1991.0659340664984,1.0,head
hd_p2_cp144,2292.9340633423813,1.0,head
hd_p2_cp145,1991.0659340663508,1.0,head
hd_p2_cp146,2292.934065348828,1.0,head
hd_p2_cp147,1991.065934066167,1.0,head
hd_p2_cp148,2292.9340658248257,1.0,head
hd_p2_cp149,1991.0659340660698,1.0,head
hd_p2_cp150,2292.934065915357,1.0,head
hd_p2_cp151,1991.0659340661628,1.0,head
hd_p2_cp152,2292.9340659273375,1.0,head
hd_p2_cp153,1991.0659340663185,1.0,head
hd_p2_cp154,2292.934065910617,1.0,head
hd_p2_cp155,1991.0659340662835,1.0,head
hd_p2_cp156,2292.9340657969706,1.0,head
hd_p2_cp157,1991.0659340652066,1.0,head
hd_p2_cp158,2292.9340651560733,1.0,head
hd_p2_cp159,1991.0659340583168,1.0,head
hd_p2_cp160,2292.934061825432,1.0,head
hd_p2_cp161,1991.0659340194222,1.0,head
hd_p2_cp162,2292.934046061354,1.0,head
hd_p2_cp163,1991.0659338160367,1.0,head
hd_p2_cp164,2292.933979390883,1.0,head
hd_p2_cp165,1991.065932837808,1.0,head
hd_p2_cp166,2292.9337341258893,1.0,head
hd_p2_cp167,1991.065928571218,1.0,head
hd_p2_cp168,2292.9329804668014,1.0,head
hd_p2_cp169,1991.0659120170915,1.0,head
hd_p2_cp170,2292.931173048493,1.0,head
hd_p2_cp171,1991.0658563866796,1.0,head
hd_p2_cp172,2292.92822852059,1.0,head
hd_p2_cp173,1991.0657007446018,1.0,head
hd_p2_cp174,2292.9262027648456,1.0,head
hd_p2_cp175,1991.065360744713,1.0,head
hd_p2_cp176,2292.9283512767347,1.0,head
hd_p2_cp177,1991.0648468772804,1.0,head
hd_p2_cp178,2292.9312923104117,1.0,head
hd_p2_cp179,1991.064448752992,1.0,head
hd_p2_cp180,2292.933046191986,1.0,head
hd_p2_cp181,1991.0644014723398,1.0,head
hd_p2_cp182,2292.9337603478502,1.0,head
hd_p2_cp183,1991.0639185889825,1.0,head
hd_p2_cp184,2292.9339877594293,1.0,head
hd_p2_cp185,1991.0632052007272,1.0,head
hd_p2_cp186,2292.9340483189385,1.0,head
hd_p2_cp187,1991.0643279964456,1.0,head
hd_p2_cp188,2292.934062358611,1.0,head
hd_p2_cp189,1991.0653342783428,1.0,head
hd_p2_cp190,2292.934065269019,1.0,head
hd_p2_cp191,1991.0657659128499,1.0,head
hd_p2_cp192,2292.93406581886,1.0,head
hd_p2_cp193,1991.0658954981748,1.0,head
hd_p2_cp194,2292.9340659148784,1.0,head
hd_p2_cp195,1991.0659264542344,1.0,head
hd_p2_cp196,2292.9340659305485,1.0,head
hd_p2_cp197,1991.065932730804,1.0,head
hd_p2_cp198,2292.934065932959,1.0,head
hd_p2_cp199,1991.0659338534715,1.0,head
hd_p2_cp200,2292.9340659333106,1.0,head
hd_p2_cp201,1991.0659340351904,1.0,head
hd_p2_cp202,2292.9340659333598,1.0,head
hd_p2_cp203,1991.0659340622901,1.0,head
hd_p2_cp204,2292.934065933367,1.0,head
hd_p2_cp205,1991.0659340660636,1.0,head
hd_p2_cp206,2292.9340659333675,1.0,head
hd_p2_cp207,1991.0659340665595,1.0,head
hd_p2_cp208,2292.9340659333675,1.0,head
hd_p2_cp209,1991.065934066622,1.0,head
hd_p2_cp210,2292.9340659333675,1.0,head
hd_p2_cp211,1991.0659340666298,1.0,head
hd_p3_cp0,2292.9340659335576,1.0,head
hd_p3_cp1,2292.9340659335576,1.0,head
hd_p3_cp2,2285.5714285710724,1.0,head
hd_p3_cp3,2285.5714285710756,1.0,head
hd_p3_cp4,2278.208791208905,1.0,head
hd_p3_cp5,2278.2087912089205,1.0,head
hd_p3_cp6,2270.846153846351,1.0,head
hd_p3_cp7,2270.8461538464353,1.0,head
hd_p3_cp8,2263.483516483106,1.0,head
hd_p3_cp9,2263.483516483528,1.0,head
hd_p3_cp10,2256.1208791189424,1.0,head
hd_p3_cp11,2256.1208791208633,1.0,head
hd_p3_cp12,2248.7582417497433,1.0,head
hd_p3_cp13,2248.758241757457,1.0,head
hd_p3_cp14,2241.3956043610415,1.0,head
hd_p3_cp15,2241.3956043868347,1.0,head
hd_p3_cp16,2234.0329669137514,1.0,head
hd_p3_cp17,2234.0329669740822,1.0,head
hd_p3_cp18,2226.670329325573,1.0,head
hd_p3_cp19,2226.6703293261244,1.0,head
hd_p3_cp20,2219.307691494841,1.0,head
hd_p3_cp21,2219.307690453631,1.0,head
hd_p3_cp22,2211.9450534736484,1.0,head
hd_p3_cp23,2211.945045810528,1.0,head
hd_p3_cp24,2204.582415719981,1.0,head
hd_p3_cp25,2204.582377076685,1.0,head
hd_p3_cp26,2197.219778747362,1.0,head
hd_p3_cp27,2197.2196221094187,1.0,head
hd_p3_cp28,2189.8571420428507,1.0,head
hd_p3_cp29,2189.856616456394,1.0,head
hd_p3_cp30,2182.4945051482173,1.0,head
hd_p3_cp31,2182.4930790958088,1.0,head
hd_p3_cp32,2175.131868011298,1.0,head
hd_p3_cp33,2175.128947522028,1.0,head
hd_p3_cp34,2167.7692307334287,1.0,head
hd_p3_cp35,2167.7652520684146,1.0,head
hd_p3_cp36,2160.4065933966654,1.0,head
hd_p3_cp37,2160.403672797352,1.0,head
hd_p3_cp38,2153.043956038262,1.0,head
hd_p3_cp39,2153.042529645663,1.0,head
hd_p3_cp40,2145.6813186649106,1.0,head
hd_p3_cp41,2145.6807922805892,1.0,head
hd_p3_cp42,2138.318681246068,1.0,head
hd_p3_cp43,2138.318523208325,1.0,head
hd_p3_cp44,2130.956043645424,1.0,head
hd_p3_cp45,2130.956003449945,1.0,head
hd_p3_cp46,2123.5934053815017,1.0,head
hd_p3_cp47,2123.5933974576124,1.0,head
hd_p3_cp48,2116.230764989874,1.0,head
hd_p3_cp49,2116.230767375354,1.0,head
hd_p3_cp50,2108.8681188111022,1.0,head
hd_p3_cp51,2108.8681315229405,1.0,head
hd_p3_cp52,2101.505460086167,1.0,head
hd_p3_cp53,2101.5054944451376,1.0,head
hd_p3_cp54,2094.142782360598,1.0,head
hd_p3_cp55,2094.1428571314646,1.0,head
hd_p3_cp56,2086.780092968419,1.0,head
hd_p3_cp57,2086.7802197768483,1.0,head
hd_p3_cp58,2079.4174270116464,1.0,head
hd_p3_cp59,2079.4175824156628,1.0,head
hd_p3_cp60,2072.0548180733917,1.0,head
hd_p3_cp61,2072.0549450532067,1.0,head
hd_p3_cp62,2064.692232280345,1.0,head
hd_p3_cp63,2064.692307690925,1.0,head
hd_p3_cp64,2057.32963401246,1.0,head
hd_p3_cp65,2057.3296703288456,1.0,head
hd_p3_cp66,2049.9670152452,1.0,head
hd_p3_cp67,2049.9670329663663,1.0,head
hd_p3_cp68,2042.6043825933143,1.0,head
hd_p3_cp69,2042.6043956034464,1.0,head
hd_p3_cp70,2035.24174567493,1.0,head
hd_p3_cp71,2035.241758240913,1.0,head
hd_p3_cp72,2027.87911179886,1.0,head
hd_p3_cp73,2027.8791208787354,1.0,head
hd_p3_cp74,2020.516478780146,1.0,head
hd_p3_cp75,2020.516483516288,1.0,head
hd_p3_cp76,2013.1538442411154,1.0,head
hd_p3_cp77,2013.1538461534665,1.0,head
hd_p3_cp78,2005.791208157626,1.0,head
hd_p3_cp79,2005.791208791032,1.0,head
hd_p3_cp80,1998.4285712496153,1.0,head
hd_p3_cp81,1998.4285714289047,1.0,head
hd_p3_cp82,1991.0659340217835,1.0,head
hd_p3_cp83,1991.0659340664342,1.0,head
hd_p3_cp84,2292.934065933556,1.0,head
hd_p3_cp85,1991.0659338057326,1.0,head
hd_p3_cp86,2292.9340659335476,1.0,head
hd_p3_cp87,1991.0659326524135,1.0,head
hd_p3_cp88,2292.934065933508,1.0,head
hd_p3_cp89,1991.0659270287613,1.0,head
hd_p3_cp90,2292.9340659333543,1.0,head
hd_p3_cp91,1991.0659024401943,1.0,head
hd_p3_cp92,2292.9340659328204,1.0,head
hd_p3_cp93,1991.0658085177427,1.0,head
hd_p3_cp94,2292.93406593121,1.0,head
hd_p3_cp95,1991.0655072147024,1.0,head
hd_p3_cp96,2292.934065927175,1.0,head
hd_p3_cp97,1991.0647476034746,1.0,head
hd_p3_cp98,2292.9340659192812,1.0,head
hd_p3_cp99,1991.0634340294212,1.0,head
hd_p3_cp100,2292.934065908537,1.0,head
hd_p3_cp101,1991.0624472443876,1.0,head
hd_p3_cp102,2292.9340659007808,1.0,head
hd_p3_cp103,1991.0634340294207,1.0,head
hd_p3_cp104,2292.9340658992764,1.0,head
hd_p3_cp105,1991.0647476034735,1.0,head
hd_p3_cp106,2292.934065888431,1.0,head
hd_p3_cp107,1991.0655072147,1.0,head
hd_p3_cp108,2292.9340658436436,1.0,head
hd_p3_cp109,1991.065808517739,1.0,head
hd_p3_cp110,2292.934065740848,1.0,head
hd_p3_cp111,1991.0659024401925,1.0,head
hd_p3_cp112,2292.934065595503,1.0,head
hd_p3_cp113,1991.0659270287595,1.0,head
hd_p3_cp114,2292.9340655108444,1.0,head
hd_p3_cp115,1991.0659326524126,1.0,head
hd_p3_cp116,2292.934065596303,1.0,head
hd_p3_cp117,1991.0659338057324,1.0,head
hd_p3_cp118,2292.9340657435764,1.0,head
hd_p3_cp119,1991.0659340217821,1.0,head
hd_p3_cp120,2292.9340658509395,1.0,head
hd_p3_cp121,1991.0659340592636,1.0,head
hd_p3_cp122,2292.934065903484,1.0,head
hd_p3_cp123,1991.0659340653497,1.0,head
hd_p3_cp124,2292.934065919637,1.0,head
hd_p3_cp125,1991.065934066282,1.0,head
hd_p3_cp126,2292.9340658986484,1.0,head
hd_p3_cp127,1991.0659340664176,1.0,head
hd_p3_cp128,2292.934065738444,1.0,head
hd_p3_cp129,1991.065934066436,1.0,head
hd_p3_cp130,2292.9340648791162,1.0,head
hd_p3_cp131,1991.0659340664367,1.0,head
hd_p3_cp132,2292.934060872039,1.0,head
hd_p3_cp133,1991.0659340664313,1.0,head
hd_p3_cp134,2292.934045109555,1.0,head
hd_p3_cp135,1991.0659340664076,1.0,head
hd_p3_cp136,2292.93399617291,1.0,head
hd_p3_cp137,1991.0659340663306,1.0,head
hd_p3_cp138,2292.93389152059,1.0,head
hd_p3_cp139,1991.065934066106,1.0,head
hd_p3_cp140,2292.9337921578203,1.0,head
hd_p3_cp141,1991.0659340655402,1.0,head
hd_p3_cp142,2292.9338914897216,1.0,head
hd_p3_cp143,1991.0659340643579,1.0,head
hd_p3_cp144,2292.933996137816,1.0,head
hd_p3_cp145,1991.0659340624336,1.0,head
hd_p3_cp146,2292.9340450861737,1.0,head
hd_p3_cp147,1991.065934060285,1.0,head
hd_p3_cp148,2292.9340608593575,1.0,head
hd_p3_cp149,1991.0659340592374,1.0,head
hd_p3_cp150,2292.934064866225,1.0,head
hd_p3_cp151,1991.0659340601762,1.0,head
hd_p3_cp152,2292.9340656881277,1.0,head
hd_p3_cp153,1991.0659340617515,1.0,head
hd_p3_cp154,2292.934065626485,1.0,head
hd_p3_cp155,1991.065934060345,1.0,head
hd_p3_cp156,2292.9340644915505,1.0,head
hd_p3_cp157,1991.0659340431325,1.0,head
hd_p3_cp158,2292.9340589006065,1.0,head
hd_p3_cp159,1991.065933947937,1.0,head
hd_p3_cp160,2292.934034136251,1.0,head
hd_p3_cp161,1991.065933481668,1.0,head
hd_p3_cp162,2292.9339347290684,1.0,head
hd_p3_cp163,1991.0659313742153,1.0,head
hd_p3_cp164,2292.933579573302,1.0,head
hd_p3_cp165,1991.0659226413904,1.0,head
hd_p3_cp166,2292.9324792858124,1.0,head
hd_p3_cp167,1991.0658899188109,1.0,head
hd_p3_cp168,2292.9296362210775,1.0,head
hd_p3_cp169,1991.0657810857306,1.0,head
hd_p3_cp170,2292.9238940060295,1.0,head
hd_p3_cp171,1991.0654678977644,1.0,head
hd_p3_cp172,2292.9159643897133,1.0,head
hd_p3_cp173,1991.0647164178702,1.0,head
hd_p3_cp174,2292.9113295967813,1.0,head
hd_p3_cp175,1991.0632971765265,1.0,head
hd_p3_cp176,2292.916338714122,1.0,head
hd_p3_cp177,1991.0613859546906,1.0,head
hd_p3_cp178,2292.9243066414724,1.0,head
hd_p3_cp179,1991.0598510793163,1.0,head
hd_p3_cp180,2292.9299002533426,1.0,head
hd_p3_cp181,1991.0590767687077,1.0,head
hd_p3_cp182,2292.9326027489005,1.0,head
hd_p3_cp183,1991.057455980568,1.0,head
hd_p3_cp184,2292.9336258893263,1.0,head
hd_p3_cp185,1991.0561610338368,1.0,head
hd_p3_cp186,2292.933949410065,1.0,head
hd_p3_cp187,1991.059270581924,1.0,head
hd_p3_cp188,2292.934038201534,1.0,head
hd_p3_cp189,1991.0628552873025,1.0,head
hd_p3_cp190,2292.934059907906,1.0,head
hd_p3_cp191,1991.0648521927035,1.0,head
hd_p3_cp192,2292.9340647234976,1.0,head
hd_p3_cp193,1991.0656234792245,1.0,head
hd_p3_cp194,2292.9340657067523,1.0,head
hd_p3_cp195,1991.065857795015,1.0,head
hd_p3_cp196,2292.9340658935616,1.0,head
hd_p3_cp197,1991.0659175365633,1.0,head
hd_p3_cp198,2292.934065926878,1.0,head
hd_p3_cp199,1991.0659308336828,1.0,head
hd_p3_cp200,2292.9340659324953,1.0,head
hd_p3_cp201,1991.0659334864242,1.0,head
hd_p3_cp202,2292.9340659333957,1.0,head
hd_p3_cp203,1991.0659339697554,1.0,head
hd_p3_cp204,2292.9340659335344,1.0,head
hd_p3_cp205,1991.0659340513164,1.0,head
hd_p3_cp206,2292.9340659335544,1.0,head
hd_p3_cp207,1991.0659340642017,1.0,head
hd_p3_cp208,2292.9340659335576,1.0,head
hd_p3_cp209,1991.0659340661246,1.0,head
hd_p3_cp210,2292.9340659335576,1.0,head
hd_p3_cp211,1991.065934066397,1.0,head
hd_p4_cp0,2292.9340659336403,1.0,head
hd_p4_cp1,2292.9340659336503,1.0,head
hd_p4_cp2,2285.571428571091,1.0,head
hd_p4_cp3,2285.571428571154,1.0,head
hd_p4_cp4,2278.208791208503,1.0,head
hd_p4_cp5,2278.2087912088273,1.0,head
hd_p4_cp6,2270.8461538447214,1.0,head
hd_p4_cp7,2270.8461538462593,1.0,head
hd_p4_cp8,2263.483516476381,1.0,head
hd_p4_cp9,2263.4835164830974,1.0,head
hd_p4_cp10,2256.1208790911815,1.0,head
hd_p4_cp11,2256.1208791176923,1.0,head
hd_p4_cp12,2248.7582416463947,1.0,head
hd_p4_cp13,2248.7582417381277,1.0,head
hd_p4_cp14,2241.395604018426,1.0,head
hd_p4_cp15,2241.395604279015,1.0,head
hd_p4_cp16,2234.032965918239,1.0,head
hd_p4_cp17,2234.032966408473,1.0,head
hd_p4_cp18,2226.670326855873,1.0,head
hd_p4_cp19,2226.6703265635356,1.0,head
hd_p4_cp20,2219.307686447445,1.0,head
hd_p4_cp21,2219.3076780425235,1.0,head
hd_p4_cp22,2211.945045367316,1.0,head
hd_p4_cp23,2211.944995218993,1.0,head
hd_p4_cp24,2204.5824060731256,1.0,head
hd_p4_cp25,2204.5821932101817,1.0,head
hd_p4_cp26,2197.219770641869,1.0,head
hd_p4_cp27,2197.2190399020333,1.0,head
hd_p4_cp28,2189.8571369966267,1.0,head
hd_p4_cp29,2189.855059004799,1.0,head
hd_p4_cp30,2182.4945026793926,1.0,head
hd_p4_cp31,2182.4897032301737,1.0,head
hd_p4_cp32,2175.1318670160053,1.0,head
hd_p4_cp33,2175.1233376254295,1.0,head
hd_p4_cp34,2167.769230389775,1.0,head
hd_p4_cp35,2167.758541773616,1.0,head
hd_p4_cp36,2160.4065932872363,1.0,head
hd_p4_cp37,2160.3980629005473,1.0,head
hd_p4_cp38,2153.04395598186,1.0,head
hd_p4_cp39,2153.0391537799396,1.0,head
hd_p4_cp40,2145.6813185325445,1.0,head
hd_p4_cp41,2145.679234828978,1.0,head
hd_p4_cp42,2138.318680732973,1.0,head
hd_p4_cp43,2138.3179410005732,1.0,head
hd_p4_cp44,2130.956041728862,1.0,head
hd_p4_cp45,2130.9558195824798,1.0,head
hd_p4_cp46,2123.5933988537695,1.0,head
hd_p4_cp47,2123.5933468639337,1.0,head
hd_p4_cp48,2116.2307450637063,1.0,head
hd_p4_cp49,2116.2307549588513,1.0,head
hd_p4_cp50,2108.868065320545,1.0,head
hd_p4_cp51,2108.8681287493987,1.0,head
hd_p4_cp52,2101.505336825503,1.0,head
hd_p4_cp53,2101.505493862705,1.0,head
hd_p4_cp54,2094.1425460974365,1.0,head
hd_p4_cp55,2094.142857004371,1.0,head
hd_p4_cp56,2086.779731213135,1.0,head
hd_p4_cp57,2086.7802197410215,1.0,head
hd_p4_cp58,2079.417004935604,1.0,head
hd_p4_cp59,2079.4175824016247,1.0,head
hd_p4_cp60,2072.0544548865378,1.0,head
hd_p4_cp61,2072.054945047192,1.0,head
hd_p4_cp62,2064.6919913654965,1.0,head
hd_p4_cp63,2064.6923076883786,1.0,head
hd_p4_cp64,2057.329498688158,1.0,head
hd_p4_cp65,2057.329670327485,1.0,head
hd_p4_cp66,2049.966936158852,1.0,head
hd_p4_cp67,2049.967032965213,1.0,head
hd_p4_cp68,2042.6043202845826,1.0,head
hd_p4_cp69,2042.6043956021374,1.0,head
hd_p4_cp70,2035.2416879678199,1.0,head
hd_p4_cp71,2035.2417582391,1.0,head
hd_p4_cp72,2027.8790674998068,1.0,head
hd_p4_cp73,2027.8791208765558,1.0,head
hd_p4_cp74,2020.516452671536,1.0,head
hd_p4_cp75,2020.5164835144249,1.0,head
hd_p4_cp76,2013.153832045815,1.0,head
hd_p4_cp77,2013.1538461524065,1.0,head
hd_p4_cp78,2005.7912034495523,1.0,head
hd_p4_cp79,2005.7912087905086,1.0,head
hd_p4_cp80,1998.4285696947304,1.0,head
hd_p4_cp81,1998.4285714285593,1.0,head
hd_p4_cp82,1991.0659335707705,1.0,head
hd_p4_cp83,1991.0659340662396,1.0,head
hd_p4_cp84,2292.9340659335967,1.0,head
hd_p4_cp85,1991.065931568846,1.0,head
hd_p4_cp86,2292.934065933415,1.0,head
hd_p4_cp87,1991.0659224101635,1.0,head
hd_p4_cp88,2292.934065932722,1.0,head
hd_p4_cp89,1991.0658842960922,1.0,head
hd_p4_cp90,2292.934065930329,1.0,head
hd_p4_cp91,1991.0657426825137,1.0,head
hd_p4_cp92,2292.934065923013,1.0,head
hd_p4_cp93,1991.0652850665922,1.0,head
hd_p4_cp94,2292.9340659036616,1.0,head
hd_p4_cp95,1991.0640488014267,1.0,head
hd_p4_cp96,2292.934065860886,1.0,head
hd_p4_cp97,1991.0614359170972,1.0,head
hd_p4_cp98,2292.9340657857115,1.0,head
hd_p4_cp99,1991.0576650472553,1.0,head
hd_p4_cp100,2292.9340656879504,1.0,head
hd_p4_cp101,1991.0553426491015,1.0,head
hd_p4_cp102,2292.9340655997426,1.0,head
hd_p4_cp103,1991.0576650472547,1.0,head
hd_p4_cp104,2292.934065521861,1.0,head
hd_p4_cp105,1991.061435917096,1.0,head
hd_p4_cp106,2292.934065356105,1.0,head
hd_p4_cp107,1991.0640488014235,1.0,head
hd_p4_cp108,2292.9340649553237,1.0,head
hd_p4_cp109,1991.065285066589,1.0,head
hd_p4_cp110,2292.9340641539898,1.0,head
hd_p4_cp111,1991.065742682512,1.0,head
hd_p4_cp112,2292.934063134474,1.0,head
hd_p4_cp113,1991.0658842960918,1.0,head
hd_p4_cp114,2292.934062605717,1.0,head
hd_p4_cp115,1991.0659224101623,1.0,head
hd_p4_cp116,2292.9340631556643,1.0,head
hd_p4_cp117,1991.0659315688451,1.0,head
hd_p4_cp118,2292.934064217492,1.0,head
hd_p4_cp119,1991.0659335707708,1.0,head
hd_p4_cp120,2292.9340650960116,1.0,head
hd_p4_cp121,1991.0659339743925,1.0,head
hd_p4_cp122,2292.934065578937,1.0,head
hd_p4_cp123,1991.0659340502648,1.0,head
hd_p4_cp124,2292.9340657070074,1.0,head
hd_p4_cp125,1991.0659340636764,1.0,head
hd_p4_cp126,2292.9340653012705,1.0,head
hd_p4_cp127,1991.0659340659204,1.0,head
hd_p4_cp128,2292.9340629828594,1.0,head
hd_p4_cp129,1991.0659340662726,1.0,head
hd_p4_cp130,2292.9340528917114,1.0,head
hd_p4_cp131,1991.0659340663028,1.0,head
hd_p4_cp132,2292.9340150397984,1.0,head
hd_p4_cp133,1991.0659340662237,1.0,head
hd_p4_cp134,2292.9338965045176,1.0,head
hd_p4_cp135,1991.0659340659377,1.0,head
hd_p4_cp136,2292.933606846556,1.0,head
hd_p4_cp137,1991.0659340650861,1.0,head
hd_p4_cp138,2292.93312594218,1.0,head
hd_p4_cp139,1991.0659340628474,1.0,head
hd_p4_cp140,2292.9327853390555,1.0,head
hd_p4_cp141,1991.0659340577652,1.0,head
hd_p4_cp142,2292.9331257041704,1.0,head
hd_p4_cp143,1991.065934048161,1.0,head
hd_p4_cp144,2292.9336065489606,1.0,head
hd_p4_cp145,1991.0659340339319,1.0,head
hd_p4_cp146,2292.9338962818124,1.0,head
hd_p4_cp147,1991.0659340192951,1.0,head
hd_p4_cp148,2292.9340149054387,1.0,head
hd_p4_cp149,1991.0659340125064,1.0,head
hd_p4_cp150,2292.9340527660643,1.0,head
hd_p4_cp151,1991.0659340179675,1.0,head
hd_p4_cp152,2292.9340625917657,1.0,head
hd_p4_cp153,1991.0659340264172,1.0,head
hd_p4_cp154,2292.934063466005,1.0,head
hd_p4_cp155,1991.065934008751,1.0,head
hd_p4_cp156,2292.9340572151264,1.0,head
hd_p4_cp157,1991.0659338619969,1.0,head
hd_p4_cp158,2292.9340288689837,1.0,head
hd_p4_cp159,1991.0659331460613,1.0,head
hd_p4_cp160,2292.933918725632,1.0,head
hd_p4_cp161,1991.0659300438779,1.0,head
hd_p4_cp162,2292.9335321104595,1.0,head
hd_p4_cp163,1991.065917673517,1.0,head
hd_p4_cp164,2292.932324154704,1.0,head
hd_p4_cp165,1991.065872537288,1.0,head
hd_p4_cp166,2292.9290450249414,1.0,head
hd_p4_cp167,1991.0657238196886,1.0,head
hd_p4_cp168,2292.921586693442,1.0,head
hd_p4_cp169,1991.0652891728748,1.0,head
hd_p4_cp170,2292.908217231415,1.0,head
hd_p4_cp171,1991.0641893665806,1.0,head
hd_p4_cp172,2292.891621337601,1.0,head
hd_p4_cp173,1991.0618615274198,1.0,head
hd_p4_cp174,2292.8828148272078,1.0,head
hd_p4_cp175,1991.0579475990655,1.0,head
hd_p4_cp176,2292.8924854561233,1.0,head
hd_p4_cp177,1991.0531291155144,1.0,head
hd_p4_cp178,2292.909249049617,1.0,head
hd_p4_cp179,1991.0492659600452,1.0,head
hd_p4_cp180,2292.922318371518,1.0,head
hd_p4_cp181,1991.0470287468315,1.0,head
hd_p4_cp182,2292.929429264415,1.0,head
hd_p4_cp183,1991.0444568243297,1.0,head
hd_p4_cp184,2292.9324872665807,1.0,head
hd_p4_cp185,1991.0436736576635,1.0,head
hd_p4_cp186,2292.9335908473245,1.0,head
hd_p4_cp187,1991.0496999239092,1.0,head
hd_p4_cp188,2292.9339372351988,1.0,head
hd_p4_cp189,1991.0573083311658,1.0,head
hd_p4_cp190,2292.934034103163,1.0,head
hd_p4_cp191,1991.062356540762,1.0,head
hd_p4_cp192,2292.934058664419,1.0,head
hd_p4_cp193,1991.0647119014902,1.0,head
hd_p4_cp194,2292.9340643865967,1.0,head
hd_p4_cp195,1991.0655766118123,1.0,head
hd_p4_cp196,2292.9340656244726,1.0,head
hd_p4_cp197,1991.0658420145703,1.0,head
hd_p4_cp198,2292.934065875251,1.0,head
hd_p4_cp199,1991.0659127545605,1.0,head
hd_p4_cp200,2292.934065923162,1.0,head
hd_p4_cp201,1991.0659295592593,1.0,head
hd_p4_cp202,2292.9340659318473,1.0,head
hd_p4_cp203,1991.0659331847648,1.0,head
hd_p4_cp204,2292.934065933351,1.0,head
hd_p4_cp205,1991.0659339052697,1.0,head
hd_p4_cp206,2292.9340659336026,1.0,head
hd_p4_cp207,1991.0659340386308,1.0,head
hd_p4_cp208,2292.9340659336435,1.0,head
hd_p4_cp209,1991.0659340618242,1.0,head
hd_p4_cp210,2292.9340659336494,1.0,head
hd_p4_cp211,1991.0659340656416,1.0,head
hd_p5_cp0,2292.9340659335376,1.0,head
hd_p5_cp1,2292.9340659336945,1.0,head
hd_p5_cp2,2285.5714285704066,1.0,head
hd_p5_cp3,2285.571428571171,1.0,head
hd_p5_cp4,2278.208791205153,1.0,head
hd_p5_cp5,2278.2087912086354,1.0,head
hd_p5_cp6,2270.8461538306456,1.0,head
hd_p5_cp7,2270.846153845356,1.0,head
hd_p5_cp8,2263.4835164212245,1.0,head
hd_p5_cp9,2263.4835164782758,1.0,head
hd_p5_cp10,2256.1208788917206,1.0,head
hd_p5_cp11,2256.1208790911423,1.0,head
hd_p5_cp12,2248.7582409919464,1.0,head
hd_p5_cp13,2248.7582416001815,1.0,head
hd_p5_cp14,2241.3956020982473,1.0,head
hd_p5_cp15,2241.3956036054037,1.0,head
hd_p5_cp16,2234.032960969201,1.0,head
hd_p5_cp17,2234.0329633342403,1.0,head
hd_p5_cp18,2226.6703159036533,1.0,head
hd_p5_cp19,2226.6703135703265,1.0,head
hd_p5_cp20,2219.3076662288927,1.0,head
hd_p5_cp21,2219.3076277472696,1.0,head
hd_p5_cp22,2211.9450153161165,1.0,head
hd_p5_cp23,2211.94481932109,1.0,head
hd_p5_cp24,2204.58237148696,1.0,head
hd_p5_cp25,2204.5816468207695,1.0,head
hd_p5_cp26,2197.219740603651,1.0,head
hd_p5_cp27,2197.2175647043073,1.0,head
hd_p5_cp28,2189.8571167978594,1.0,head
hd_p5_cp29,2189.8516907871212,1.0,head
hd_p5_cp30,2182.4944917437224,1.0,head
hd_p5_cp31,2182.4834147101446,1.0,head
hd_p5_cp32,2175.131862075033,1.0,head
hd_p5_cp33,2175.114080377701,1.0,head
hd_p5_cp34,2167.7692284649124,1.0,head
hd_p5_cp35,2167.7480519468495,1.0,head
hd_p5_cp36,2160.406592592998,1.0,head
hd_p5_cp37,2160.388805652634,1.0,head
hd_p5_cp38,2153.043955607791,1.0,head
hd_p5_cp39,2153.032865259594,1.0,head
hd_p5_cp40,2145.681317785842,1.0,head
hd_p5_cp41,2145.6758666104456,1.0,head
hd_p5_cp42,2138.3186781834543,1.0,head
hd_p5_cp43,2138.31646580014,1.0,head
hd_p5_cp44,2130.956033177474,1.0,head
hd_p5_cp45,2130.955273185667,1.0,head
hd_p5_cp46,2123.5933726413377,1.0,head
hd_p5_cp47,2123.5931709481238,1.0,head
hd_p5_cp48,2116.230672948479,1.0,head
hd_p5_cp49,2116.2307046256406,1.0,head
hd_p5_cp50,2108.8678902854817,1.0,head
hd_p5_cp51,2108.8681156887037,1.0,head
hd_p5_cp52,2101.5049698353328,1.0,head
hd_p5_cp53,2101.5054906912096,1.0,head
hd_p5_cp54,2094.1418985136575,1.0,head
hd_p5_cp55,2094.142856220381,1.0,head
hd_p5_cp56,2086.778798838888,1.0,head
hd_p5_cp57,2086.7802195059253,1.0,head
hd_p5_cp58,2079.4159437899207,1.0,head
hd_p5_cp59,2079.4175823074274,1.0,head
hd_p5_cp60,2072.0535153058095,1.0,head
hd_p5_cp61,2072.0549450036924,1.0,head
hd_p5_cp62,2064.691322704594,1.0,head
hd_p5_cp63,2064.6923076679886,1.0,head
hd_p5_cp64,2057.3290831079453,1.0,head
hd_p5_cp65,2057.3296703167266,1.0,head
hd_p5_cp66,2049.9666688255948,1.0,head
hd_p5_cp67,2049.96703295662,1.0,head
hd_p5_cp68,2042.6041082819704,1.0,head
hd_p5_cp69,2042.604395591953,1.0,head
hd_p5_cp70,2035.2414996168977,1.0,head
hd_p5_cp71,2035.2417582262847,1.0,head
hd_p5_cp72,2027.878919061767,1.0,head
hd_p5_cp73,2027.8791208626694,1.0,head
hd_p5_cp74,2020.5163578261001,1.0,head
hd_p5_cp75,2020.5164835024257,1.0,head
hd_p5_cp76,2013.1537827130217,1.0,head
hd_p5_cp77,2013.153846144172,1.0,head
hd_p5_cp78,2005.7911819899375,1.0,head
hd_p5_cp79,2005.7912087858363,1.0,head
hd_p5_cp80,1998.4285616723696,1.0,head
hd_p5_cp81,1998.4285714262483,1.0,head
hd_p5_cp82,1991.0659309338612,1.0,head
hd_p5_cp83,1991.065934065249,1.0,head
hd_p5_cp84,2292.9340659330273,1.0,head
hd_p5_cp85,1991.0659201628125,1.0,head
hd_p5_cp86,2292.93406593112,1.0,head
hd_p5_cp87,1991.0658770412037,1.0,head
hd_p5_cp88,2292.934065924596,1.0,head
hd_p5_cp89,1991.0657205000468,1.0,head
hd_p5_cp90,2292.9340659044215,1.0,head
hd_p5_cp91,1991.0652147479057,1.0,head
hd_p5_cp92,2292.9340658489655,1.0,head
hd_p5_cp93,1991.063798073877,1.0,head
hd_p5_cp94,2292.9340657161247,1.0,head
hd_p5_cp95,1991.0604894733156,1.0,head
hd_p5_cp96,2292.9340654456246,1.0,head
hd_p5_cp97,1991.0544533146997,1.0,head
hd_p5_cp98,2292.9340649900982,1.0,head
hd_p5_cp99,1991.0469242618237,1.0,head
hd_p5_cp100,2292.934064366512,1.0,head
hd_p5_cp101,1991.0429166877436,1.0,head
hd_p5_cp102,2292.934063641499,1.0,head
hd_p5_cp103,1991.046924261823,1.0,head
hd_p5_cp104,2292.9340627773745,1.0,head
hd_p5_cp105,1991.0544533146979,1.0,head
hd_p5_cp106,2292.934061526925,1.0,head
hd_p5_cp107,1991.0604894733133,1.0,head
hd_p5_cp108,2292.93405946499,1.0,head
hd_p5_cp109,1991.063798073875,1.0,head
hd_p5_cp110,2292.9340558787508,1.0,head
hd_p5_cp111,1991.0652147479045,1.0,head
hd_p5_cp112,2292.934051642271,1.0,head
hd_p5_cp113,1991.0657205000457,1.0,head
hd_p5_cp114,2292.934049637378,1.0,head
hd_p5_cp115,1991.0658770412033,1.0,head
hd_p5_cp116,2292.9340519405046,1.0,head
hd_p5_cp117,1991.0659201628123,1.0,head
hd_p5_cp118,2292.9340566684655,1.0,head
hd_p5_cp119,1991.0659309338612,1.0,head
hd_p5_cp120,2292.9340609688206,1.0,head
hd_p5_cp121,1991.065933407898,1.0,head
hd_p5_cp122,2292.9340635416274,1.0,head
hd_p5_cp123,1991.0659339361791,1.0,head
hd_p5_cp124,2292.9340640938826,1.0,head
hd_p5_cp125,1991.065934041956,1.0,head
hd_p5_cp126,2292.9340610551812,1.0,head
hd_p5_cp127,1991.0659340619436,1.0,head
hd_p5_cp128,2292.93404661033,1.0,head
hd_p5_cp129,1991.0659340654745,1.0,head
hd_p5_cp130,2292.9339936432066,1.0,head
hd_p5_cp131,1991.0659340658672,1.0,head
hd_p5_cp132,2292.933827457439,1.0,head
hd_p5_cp133,1991.0659340652317,1.0,head
hd_p5_cp134,2292.9333944528453,1.0,head
hd_p5_cp135,1991.0659340630332,1.0,head
hd_p5_cp136,2292.9325173094608,1.0,head
hd_p5_cp137,1991.0659340570269,1.0,head
hd_p5_cp138,2292.9313110201388,1.0,head
hd_p5_cp139,1991.0659340425843,1.0,head
hd_p5_cp140,2292.930607258645,1.0,head
hd_p5_cp141,1991.0659340125517,1.0,head
hd_p5_cp142,2292.9313098903663,1.0,head
hd_p5_cp143,1991.0659339603662,1.0,head
hd_p5_cp144,2292.9325157954195,1.0,head
hd_p5_cp145,1991.0659338887804,1.0,head
hd_p5_cp146,2292.933393211689,1.0,head
hd_p5_cp147,1991.0659338196854,1.0,head
hd_p5_cp148,2292.9338266334744,1.0,head
hd_p5_cp149,1991.065933788367,1.0,head
hd_p5_cp150,2292.933992880074,1.0,head
hd_p5_cp151,1991.065933809507,1.0,head
hd_p5_cp152,2292.9340445972593,1.0,head
hd_p5_cp153,1991.0659338363512,1.0,head
hd_p5_cp154,2292.9340527146255,1.0,head
hd_p5_cp155,1991.0659337119748,1.0,head
hd_p5_cp156,2292.9340293931336,1.0,head
hd_p5_cp157,1991.0659328997406,1.0,head
hd_p5_cp158,2292.9339284078433,1.0,head
hd_p5_cp159,1991.0659293481667,1.0,head
hd_p5_cp160,2292.9335754038134,1.0,head
hd_p5_cp161,1991.0659155256965,1.0,head
hd_p5_cp162,2292.9324638508247,1.0,head
hd_p5_cp163,1991.0658661136897,1.0,head
hd_p5_cp164,2292.9293416056576,1.0,head
hd_p5_cp165,1991.0657046631623,1.0,head
hd_p5_cp166,2292.921692794334,1.0,head
hd_p5_cp167,1991.0652284873734,1.0,head
hd_p5_cp168,2292.9059091616396,1.0,head
hd_p5_cp169,1991.0639822450228,1.0,head
hd_p5_cp170,2292.8800702711187,1.0,head
hd_p5_cp171,1991.061153739572,1.0,head
hd_p5_cp172,2292.8505733308807,1.0,head
hd_p5_cp173,1991.055762533105,1.0,head
hd_p5_cp174,2292.8362034975235,1.0,head
hd_p5_cp175,1991.047526284848,1.0,head
hd_p5_cp176,2292.852265258061,1.0,head
hd_p5_cp177,1991.0381126157588,1.0,head
hd_p5_cp178,2292.882206035116,1.0,head
hd_p5_cp179,1991.030727078016,1.0,head
hd_p5_cp180,2292.907539453111,1.0,head
hd_p5_cp181,1991.0264814197997,1.0,head
hd_p5_cp182,2292.92262580545,1.0,head
hd_p5_cp183,1991.0234257110187,1.0,head
hd_p5_cp184,2292.929776948034,1.0,head
hd_p5_cp185,1991.0242566287075,1.0,head
hd_p5_cp186,2292.9326371751704,1.0,head
hd_p5_cp187,1991.034859857753,1.0,head
hd_p5_cp188,2292.9336360445486,1.0,head
hd_p5_cp189,1991.0480564872473,1.0,head
hd_p5_cp190,2292.933947607409,1.0,head
hd_p5_cp191,1991.0576389260743,1.0,head
hd_p5_cp192,2292.9340358330214,1.0,head
hd_p5_cp193,1991.062709868934,1.0,head
hd_p5_cp194,2292.934058796997,1.0,head
hd_p5_cp195,1991.0648526980515,1.0,head
hd_p5_cp196,2292.9340643454484,1.0,head
hd_p5_cp197,1991.0656138124116,1.0,head
hd_p5_cp198,2292.934065599872,1.0,head
hd_p5_cp199,1991.0658487850333,1.0,head
hd_p5_cp200,2292.934065867026,1.0,head
hd_p5_cp201,1991.0659133499132,1.0,head
hd_p5_cp202,2292.934065920942,1.0,head
hd_p5_cp203,1991.065929421943,1.0,head
hd_p5_cp204,2292.9340659313243,1.0,head
hd_p5_cp205,1991.0659330962048,1.0,head
hd_p5_cp206,2292.9340659332547,1.0,head
hd_p5_cp207,1991.0659338760183,1.0,head
hd_p5_cp208,2292.934065933611,1.0,head
hd_p5_cp209,1991.0659340310174,1.0,head
hd_p5_cp210,2292.9340659336794,1.0,head
hd_p5_cp211,1991.0659340600787,1.0,head
hd_p6_cp0,2292.934065932366,1.0,head
hd_p6_cp1,2292.9340659336776,1.0,head
hd_p6_cp2,2285.5714285652134,1.0,head
hd_p6_cp3,2285.5714285709864,1.0,head
hd_p6_cp4,2278.2087911837793,1.0,head
hd_p6_cp5,2278.2087912075353,1.0,head
hd_p6_cp6,2270.8461537490043,1.0,head
hd_p6_cp7,2270.846153839713,1.0,head
hd_p6_cp8,2263.4835161321353,1.0,head
hd_p6_cp9,2263.483516449731,1.0,head
hd_p6_cp10,2256.1208779513545,1.0,head
hd_p6_cp11,2256.120878952184,1.0,head
hd_p6_cp12,2248.75823821369,1.0,head
hd_p6_cp13,2248.7582409600604,1.0,head
hd_p6_cp14,2241.3955947403815,1.0,head
hd_p6_cp15,2241.3956008368514,1.0,head
hd_p6_cp16,2234.0329437766513,1.0,head
hd_p6_cp17,2234.032952178969,1.0,head
hd_p6_cp18,2226.670281139312,1.0,head
hd_p6_cp19,2226.670272076279,1.0,head
hd_p6_cp20,2219.307606800611,1.0,head
hd_p6_cp21,2219.307486805456,1.0,head
hd_p6_cp22,2211.9449317256594,1.0,head
hd_p6_cp23,2211.944387902971,1.0,head
hd_p6_cp24,2204.582277365843,1.0,head
hd_p6_cp25,2204.5804758905692,1.0,head
hd_p6_cp26,2197.2196571196987,1.0,head
hd_p6_cp27,2197.2148017585773,1.0,head
hd_p6_cp28,2189.8570575328968,1.0,head
hd_p6_cp29,2189.8461535809834,1.0,head
hd_p6_cp30,2182.494457126054,1.0,head
hd_p6_cp31,2182.4742230240877,1.0,head
hd_p6_cp32,2175.131844968551,1.0,head
hd_p6_cp33,2175.1016875051746,1.0,head
hd_p6_cp34,2167.7692211077974,1.0,head
hd_p6_cp35,2167.734464267624,1.0,head
hd_p6_cp36,2160.406589635301,1.0,head
hd_p6_cp37,2160.37641277952,1.0,head
hd_p6_cp38,2153.0439539033428,1.0,head
hd_p6_cp39,2153.0236735716576,1.0,head
hd_p6_cp40,2145.681314721009,1.0,head
hd_p6_cp41,2145.6703293986584,1.0,head
hd_p6_cp42,2138.3186688202622,1.0,head
hd_p6_cp43,2138.313702838563,1.0,head
hd_p6_cp44,2130.956004624744,1.0,head
hd_p6_cp45,2130.9541022155004,1.0,head
hd_p6_cp46,2123.5932927870413,1.0,head
hd_p6_cp47,2123.592739440696,1.0,head
hd_p6_cp48,2116.230472000742,1.0,head
hd_p6_cp49,2116.230563510205,1.0,head
hd_p6_cp50,2108.867442334842,1.0,head
hd_p6_cp51,2108.8680739076913,1.0,head
hd_p6_cp52,2101.504101143271,1.0,head
hd_p6_cp53,2101.5054791421658,1.0,head
hd_p6_cp54,2094.140463894142,1.0,head
hd_p6_cp55,2094.1428530126586,1.0,head
hd_p6_cp56,2086.7768280475148,1.0,head
hd_p6_cp57,2086.7802184715597,1.0,head
hd_p6_cp58,2079.4137389066937,1.0,head
hd_p6_cp59,2079.41758187985,1.0,head
hd_p6_cp60,2072.0515199487913,1.0,head
hd_p6_cp61,2072.054944797368,1.0,head
hd_p6_cp62,2064.689822202728,1.0,head
hd_p6_cp63,2064.692307564126,1.0,head
hd_p6_cp64,2057.328076758521,1.0,head
hd_p6_cp65,2057.3296702584917,1.0,head
hd_p6_cp66,2049.9659820234824,1.0,head
hd_p6_cp67,2049.9670329109895,1.0,head
hd_p6_cp68,2042.6035693200083,1.0,head
hd_p6_cp69,2042.6043955416842,1.0,head
hd_p6_cp70,2035.2410389059023,1.0,head
hd_p6_cp71,2035.241758166994,1.0,head
hd_p6_cp72,2027.8785524988336,1.0,head
hd_p6_cp73,2027.8791208004013,1.0,head
hd_p6_cp74,2020.5161096218044,1.0,head
hd_p6_cp75,2020.5164834478785,1.0,head
hd_p6_cp76,2013.1536420005245,1.0,head
hd_p6_cp77,2013.153846104652,1.0,head
hd_p6_cp78,2005.7911143263461,1.0,head
hd_p6_cp79,2005.7912087618006,1.0,head
hd_p6_cp80,1998.4285335264915,1.0,head
hd_p6_cp81,1998.4285714137118,1.0,head
hd_p6_cp82,1991.065920612971,1.0,head
hd_p6_cp83,1991.0659340595528,1.0,head
hd_p6_cp84,2292.9340659286063,1.0,head
hd_p6_cp85,1991.0658806735362,1.0,head
hd_p6_cp86,2292.9340659158147,1.0,head
hd_p6_cp87,1991.065738533311,1.0,head
hd_p6_cp88,2292.934065875902,1.0,head
hd_p6_cp89,1991.0652808672307,1.0,head
hd_p6_cp90,2292.9340657629646,1.0,head
hd_p6_cp91,1991.0639721042069,1.0,head
hd_p6_cp92,2292.934065476797,1.0,head
hd_p6_cp93,1991.0607323495437,1.0,head
hd_p6_cp94,2292.934064836474,1.0,head
hd_p6_cp95,1991.0540490816202,1.0,head
hd_p6_cp96,2292.9340635885405,1.0,head
hd_p6_cp97,1991.043259685196,1.0,head
hd_p6_cp98,2292.9340614887114,1.0,head
hd_p6_cp99,1991.0312702690803,1.0,head
hd_p6_cp100,2292.934058419068,1.0,head
hd_p6_cp101,1991.025507736416,1.0,head
hd_p6_cp102,2292.9340543943854,1.0,head
hd_p6_cp103,1991.0312702690796,1.0,head
hd_p6_cp104,2292.934049452875,1.0,head
hd_p6_cp105,1991.043259685195,1.0,head
hd_p6_cp106,2292.9340436107536,1.0,head
hd_p6_cp107,1991.0540490816181,1.0,head
hd_p6_cp108,2292.934036197062,1.0,head
hd_p6_cp109,1991.060732349542,1.0,head
hd_p6_cp110,2292.93402514875,1.0,head
hd_p6_cp111,1991.0639721042062,1.0,head
hd_p6_cp112,2292.9340129841526,1.0,head
hd_p6_cp113,1991.06528086723,1.0,head
hd_p6_cp114,2292.934007829279,1.0,head
hd_p6_cp115,1991.0657385333109,1.0,head
hd_p6_cp116,2292.9340152348277,1.0,head
hd_p6_cp117,1991.0658806735353,1.0,head
hd_p6_cp118,2292.934030571029,1.0,head
hd_p6_cp119,1991.0659206129699,1.0,head
hd_p6_cp120,2292.934045487954,1.0,head
hd_p6_cp121,1991.065930908995,1.0,head
hd_p6_cp122,2292.9340549839594,1.0,head
hd_p6_cp123,1991.065933370803,1.0,head
hd_p6_cp124,2292.9340566533524,1.0,head
hd_p6_cp125,1991.0659339215179,1.0,head
hd_p6_cp126,2292.934043580657,1.0,head
hd_p6_cp127,1991.0659340375025,1.0,head
hd_p6_cp128,2292.9339893086494,1.0,head
hd_p6_cp129,1991.065934060268,1.0,head
hd_p6_cp130,2292.933816390032,1.0,head
hd_p6_cp131,1991.0659340632417,1.0,head
hd_p6_cp132,2292.933347025456,1.0,head
hd_p6_cp133,1991.065934059658,1.0,head
hd_p6_cp134,2292.9322883359055,1.0,head
hd_p6_cp135,1991.0659340476134,1.0,head
hd_p6_cp136,2292.9304211542167,1.0,head
hd_p6_cp137,1991.0659340171042,1.0,head
hd_p6_cp138,2292.928152988278,1.0,head
hd_p6_cp139,1991.065933949218,1.0,head
hd_p6_cp140,2292.9269513456115,1.0,head
hd_p6_cp141,1991.065933818276,1.0,head
hd_p6_cp142,2292.928149063654,1.0,head
hd_p6_cp143,1991.065933606313,1.0,head
hd_p6_cp144,2292.9304156186436,1.0,head
hd_p6_cp145,1991.0659333333983,1.0,head
hd_p6_cp146,2292.93228346295,1.0,head
hd_p6_cp147,1991.0659330826702,1.0,head
hd_p6_cp148,2292.933343518995,1.0,head
hd_p6_cp149,1991.0659329692207,1.0,head
hd_p6_cp150,2292.933813087829,1.0,head
hd_p6_cp151,1991.0659330272624,1.0,head
hd_p6_cp152,2292.933981583542,1.0,head
hd_p6_cp153,1991.0659330709748,1.0,head
hd_p6_cp154,2292.9340148405836,1.0,head
hd_p6_cp155,1991.0659324711173,1.0,head
hd_p6_cp156,2292.9339473878963,1.0,head
hd_p6_cp157,1991.065929180712,1.0,head
hd_p6_cp158,2292.9336649564134,1.0,head
hd_p6_cp159,1991.065916121553,1.0,head
hd_p6_cp160,2292.9327595496616,1.0,head
hd_p6_cp161,1991.0658699086332,1.0,head
hd_p6_cp162,2292.930153856858,1.0,head
hd_p6_cp163,1991.0657198945485,1.0,head
hd_p6_cp164,2292.9234522870265,1.0,head
hd_p6_cp165,1991.0652749605001,1.0,head
hd_p6_cp166,2292.908380925632,1.0,head
hd_p6_cp167,1991.0640833321083,1.0,head
hd_p6_cp168,2292.879753237415,1.0,head
hd_p6_cp169,1991.0612480272575,1.0,head
hd_p6_cp170,2292.8365062338944,1.0,head
hd_p6_cp171,1991.0553840078699,1.0,head
hd_p6_cp172,2292.790836936805,1.0,head
hd_p6_cp173,1991.0451531507392,1.0,head
hd_p6_cp174,2292.7703226615404,1.0,head
hd_p6_cp175,1991.030716134442,1.0,head
hd_p6_cp176,2292.793784882451,1.0,head
hd_p6_cp177,1991.0151687253206,1.0,head
hd_p6_cp178,2292.8403932751366,1.0,head
hd_p6_cp179,1991.0031739104434,1.0,head
hd_p6_cp180,2292.882896050512,1.0,head
hd_p6_cp181,1990.9962756165808,1.0,head
hd_p6_cp182,2292.9103048051247,1.0,head
hd_p6_cp183,1990.9928420318276,1.0,head
hd_p6_cp184,2292.92441965341,1.0,head
hd_p6_cp185,1990.9964009288772,1.0,head
hd_p6_cp186,2292.9305713120543,1.0,head
hd_p6_cp187,1991.0134235701366,1.0,head
hd_p6_cp188,2292.9329186834098,1.0,head
hd_p6_cp189,1991.034235355491,1.0,head
hd_p6_cp190,2292.9337205583497,1.0,head
hd_p6_cp191,1991.0500975220623,1.0,head
hd_p6_cp192,2292.933969680459,1.0,head
hd_p6_cp193,1991.0591862698714,1.0,head
hd_p6_cp194,2292.934040906717,1.0,head
hd_p6_cp195,1991.0634240865302,1.0,head
hd_p6_cp196,2292.934059822557,1.0,head
hd_p6_cp197,1991.0651038976682,1.0,head
hd_p6_cp198,2292.9340645241155,1.0,head
hd_p6_cp199,1991.0656862598353,1.0,head
hd_p6_cp200,2292.934065624709,1.0,head
hd_p6_cp201,1991.065866483103,1.0,head
hd_p6_cp202,2292.9340658687593,1.0,head
hd_p6_cp203,1991.0659170528672,1.0,head
hd_p6_cp204,2292.9340659203835,1.0,head
hd_p6_cp205,1991.0659300786574,1.0,head
hd_p6_cp206,2292.9340659309423,1.0,head
hd_p6_cp207,1991.0659331897207,1.0,head
hd_p6_cp208,2292.934065933097,1.0,head
hd_p6_cp209,1991.0659338844293,1.0,head
hd_p6_cp210,2292.9340659335626,1.0,head
hd_p6_cp211,1991.0659340304771,1.0,head
hd_p7_cp0,2292.934065925727,1.0,head
hd_p7_cp1,2292.934065933431,1.0,head
hd_p7_cp2,2285.571428538759,1.0,head
hd_p7_cp3,2285.571428569827,1.0,head
hd_p7_cp4,2278.2087910848795,1.0,head
hd_p7_cp5,2278.208791201994,1.0,head
hd_p7_cp6,2270.8461534040753,1.0,head
hd_p7_cp7,2270.846153813575,1.0,head
hd_p7_cp8,2263.483515017127,1.0,head
hd_p7_cp9,2263.483516329842,1.0,head
hd_p7_cp10,2256.120874638657,1.0,head
hd_p7_cp11,2256.1208784269124,1.0,head
hd_p7_cp12,2248.7582292576585,1.0,head
hd_p7_cp13,2248.7582387860284,1.0,head
hd_p7_cp14,2241.395572963226,1.0,head
hd_p7_cp15,2241.3955924053685,1.0,head
hd_p7_cp16,2234.0328968062627,1.0,head
hd_p7_cp17,2234.0329217825138,1.0,head
hd_p7_cp18,2226.6701927379254,1.0,head
hd_p7_cp19,2226.6701711262954,1.0,head
hd_p7_cp20,2219.307464379218,1.0,head
hd_p7_cp21,2219.3071812103603,1.0,head
hd_p7_cp22,2211.944739466349,1.0,head
hd_p7_cp23,2211.9435552787604,1.0,head
hd_p7_cp24,2204.5820643055986,1.0,head
hd_p7_cp25,2204.5784645904964,1.0,head
hd_p7_cp26,2197.219465379126,1.0,head
hd_p7_cp27,2197.2105689825166,1.0,head
hd_p7_cp28,2189.856915916571,1.0,head
hd_p7_cp29,2189.83853928637,1.0,head
hd_p7_cp30,2182.4943694872263,1.0,head
hd_p7_cp31,2182.4627114758764,1.0,head
hd_p7_cp32,2175.1317984957454,1.0,head
hd_p7_cp33,2175.0871480079895,1.0,head
hd_p7_cp34,2167.7691994393103,1.0,head
hd_p7_cp35,2167.7188715365833,1.0,head
hd_p7_cp36,2160.406580073975,1.0,head
hd_p7_cp37,2160.3618732795094,1.0,head
hd_p7_cp38,2153.043947993161,1.0,head
hd_p7_cp39,2153.012162014188,1.0,head
hd_p7_cp40,2145.6813048250588,1.0,head
hd_p7_cp41,2145.6627150777995,1.0,head
hd_p7_cp42,2138.3186413984236,1.0,head
hd_p7_cp43,2138.3094699946537,1.0,head
hd_p7_cp44,2130.9559277920566,1.0,head
hd_p7_cp45,2130.9520907571873,1.0,head
hd_p7_cp46,2123.5930944816173,1.0,head
hd_p7_cp47,2123.591906488201,1.0,head
hd_p7_cp48,2116.230009980586,1.0,head
hd_p7_cp49,2116.230257318798,1.0,head
hd_p7_cp50,2108.866484306058,1.0,head
hd_p7_cp51,2108.867972025785,1.0,head
hd_p7_cp52,2101.5023602769015,1.0,head
hd_p7_cp53,2101.5054475147003,1.0,head
hd_p7_cp54,2094.137739176454,1.0,head
hd_p7_cp55,2094.1428432268654,1.0,head
hd_p7_cp56,2086.7732192638177,1.0,head
hd_p7_cp57,2086.7802150635794,1.0,head
hd_p7_cp58,2079.409750581323,1.0,head
hd_p7_cp59,2079.4175804144065,1.0,head
hd_p7_cp60,2072.0478480032525,1.0,head
hd_p7_cp61,2072.0549440624845,1.0,head
hd_p7_cp62,2064.6869397246364,1.0,head
hd_p7_cp63,2064.6923071720407,1.0,head
hd_p7_cp64,2057.3260321251996,1.0,head
hd_p7_cp65,2057.329670026252,1.0,head
hd_p7_cp66,2049.964534439714,1.0,head
hd_p7_cp67,2049.9670327305585,1.0,head
hd_p7_cp68,2042.6024504375578,1.0,head
hd_p7_cp69,2042.6043953552885,1.0,head
hd_p7_cp70,2035.2401152810778,1.0,head
hd_p7_cp71,2035.2417579589153,1.0,head
hd_p7_cp72,2027.877818819424,1.0,head
hd_p7_cp73,2027.87912058706,1.0,head
hd_p7_cp74,2020.5155926789728,1.0,head
hd_p7_cp75,2020.5164832594426,1.0,head
hd_p7_cp76,2013.1533283470621,1.0,head
hd_p7_cp77,2013.15384596328,1.0,head
hd_p7_cp78,2005.7909503228343,1.0,head
hd_p7_cp79,2005.7912086711513,1.0,head
hd_p7_cp80,1998.4284587277373,1.0,head
hd_p7_cp81,1998.4285713633712,1.0,head
hd_p7_cp82,1991.065890419616,1.0,head
hd_p7_cp83,1991.0659340350007,1.0,head
hd_p7_cp84,2292.9340659058844,1.0,head
hd_p7_cp85,1991.0657772597785,1.0,head
hd_p7_cp86,2292.9340658435194,1.0,head
hd_p7_cp87,1991.0654145903352,1.0,head
hd_p7_cp88,2292.934065663164,1.0,head
hd_p7_cp89,1991.0643644085405,1.0,head
hd_p7_cp90,2292.934065187368,1.0,head
hd_p7_cp91,1991.0616659768152,1.0,head
hd_p7_cp92,2292.9340640526734,1.0,head
hd_p7_cp93,1991.0556642199435,1.0,head
hd_p7_cp94,2292.9340616276363,1.0,head
hd_p7_cp95,1991.0445226005238,1.0,head
hd_p7_cp96,2292.9340570144586,1.0,head
hd_p7_cp97,1991.0282608025184,1.0,head
hd_p7_cp98,2292.934049222468,1.0,head
hd_p7_cp99,1991.011746948027,1.0,head
hd_p7_cp100,2292.9340375048296,1.0,head
hd_p7_cp101,1991.0043367559347,1.0,head
hd_p7_cp102,2292.9340217822632,1.0,head
hd_p7_cp103,1991.0117469480263,1.0,head
hd_p7_cp104,2292.9340031363176,1.0,head
hd_p7_cp105,1991.028260802517,1.0,head
hd_p7_cp106,2292.93398354589,1.0,head
hd_p7_cp107,1991.0445226005218,1.0,head
hd_p7_cp108,2292.933962647356,1.0,head
hd_p7_cp109,1991.055664219942,1.0,head
hd_p7_cp110,2292.933936162875,1.0,head
hd_p7_cp111,1991.061665976813,1.0,head
hd_p7_cp112,2292.9339094498555,1.0,head
hd_p7_cp113,1991.0643644085392,1.0,head
hd_p7_cp114,2292.933900127505,1.0,head
hd_p7_cp115,1991.065414590334,1.0,head
hd_p7_cp116,2292.933920180677,1.0,head
hd_p7_cp117,1991.0657772597772,1.0,head
hd_p7_cp118,2292.9339602672953,1.0,head
hd_p7_cp119,1991.0658904196107,1.0,head
hd_p7_cp120,2292.934000972554,1.0,head
hd_p7_cp121,1991.0659227622257,1.0,head
hd_p7_cp122,2292.9340280905694,1.0,head
hd_p7_cp123,1991.0659313216888,1.0,head
hd_p7_cp124,2292.9340323127185,1.0,head
hd_p7_cp125,1991.065933437372,1.0,head
hd_p7_cp126,2292.933993023966,1.0,head
hd_p7_cp127,1991.0659339287165,1.0,head
hd_p7_cp128,2292.933845500118,1.0,head
hd_p7_cp129,1991.0659340346924,1.0,head
hd_p7_cp130,2292.933425000362,1.0,head
hd_p7_cp131,1991.06593405028,1.0,head
hd_p7_cp132,2292.9324045226354,1.0,head
hd_p7_cp133,1991.065934034796,1.0,head
hd_p7_cp134,2292.9303321147336,1.0,head
hd_p7_cp135,1991.065933983908,1.0,head
hd_p7_cp136,2292.926995208022,1.0,head
hd_p7_cp137,1991.065933863165,1.0,head
hd_p7_cp138,2292.9232107721805,1.0,head
hd_p7_cp139,1991.0659336120796,1.0,head
hd_p7_cp140,2292.9212792637363,1.0,head
hd_p7_cp141,1991.0659331582822,1.0,head
hd_p7_cp142,2292.9231997714332,1.0,head
hd_p7_cp143,1991.0659324666858,1.0,head
hd_p7_cp144,2292.9269790780786,1.0,head
hd_p7_cp145,1991.0659316217984,1.0,head
hd_p7_cp146,2292.930317092969,1.0,head
hd_p7_cp147,1991.0659308746467,1.0,head
hd_p7_cp148,2292.9323929682378,1.0,head
hd_p7_cp149,1991.0659305311806,1.0,head
hd_p7_cp150,2292.9334138512827,1.0,head
hd_p7_cp151,1991.0659306417397,1.0,head
hd_p7_cp152,2292.93382163913,1.0,head
hd_p7_cp153,1991.065930598484,1.0,head
hd_p7_cp154,2292.933912134158,1.0,head
hd_p7_cp155,1991.0659283893492,1.0,head
hd_p7_cp156,2292.9337477722497,1.0,head
hd_p7_cp157,1991.06591783217,1.0,head
hd_p7_cp158,2292.9330851353775,1.0,head
hd_p7_cp159,1991.0658794163107,1.0,head
hd_p7_cp160,2292.931112032987,1.0,head
hd_p7_cp161,1991.0657545630543,1.0,head
hd_p7_cp162,2292.9258591963744,1.0,head
hd_p7_cp163,1991.0653826026305,1.0,head
hd_p7_cp164,2292.9133554754258,1.0,head
hd_p7_cp165,1991.064369918735,1.0,head
hd_p7_cp166,2292.8873022472076,1.0,head
hd_p7_cp167,1991.0618778486846,1.0,head
hd_p7_cp168,2292.8413967035763,1.0,head
hd_p7_cp169,1991.0564198180111,1.0,head
hd_p7_cp170,2292.776929740879,1.0,head
hd_p7_cp171,1991.0459982273355,1.0,head
hd_p7_cp172,2292.713311733298,1.0,head
hd_p7_cp173,1991.0291259096905,1.0,head
hd_p7_cp174,2292.6864265851445,1.0,head
hd_p7_cp175,1991.0068183636274,1.0,head
hd_p7_cp176,2292.7179859816497,1.0,head
hd_p7_cp177,1990.9838617511198,1.0,head
hd_p7_cp178,2292.783331419944,1.0,head
hd_p7_cp179,1990.966266137252,1.0,head
hd_p7_cp180,2292.846833630145,1.0,head
hd_p7_cp181,1990.955964197485,1.0,head
hd_p7_cp182,2292.8908243575347,1.0,head
hd_p7_cp183,1990.951986845946,1.0,head
hd_p7_cp184,2292.915240389366,1.0,head
hd_p7_cp185,1990.9591100004473,1.0,head
hd_p7_cp186,2292.926729129904,1.0,head
hd_p7_cp187,1990.984378563224,1.0,head
hd_p7_cp188,2292.9314685695085,1.0,head
hd_p7_cp189,1991.014971714367,1.0,head
hd_p7_cp190,2292.9332210944403,1.0,head
hd_p7_cp191,1991.0390833035226,1.0,head
hd_p7_cp192,2292.93381114973,1.0,head
hd_p7_cp193,1991.0536914981199,1.0,head
hd_p7_cp194,2292.933994163281,1.0,head
hd_p7_cp195,1991.061006756148,1.0,head
hd_p7_cp196,2292.934046931386,1.0,head
hd_p7_cp197,1991.0641564979055,1.0,head
hd_p7_cp198,2292.934061178169,1.0,head
hd_p7_cp199,1991.0653521239656,1.0,head
hd_p7_cp200,2292.9340648018506,1.0,head
hd_p7_cp201,1991.0657593911465,1.0,head
hd_p7_cp202,2292.934065675034,1.0,head
hd_p7_cp203,1991.0658855738754,1.0,head
hd_p7_cp204,2292.9340658758024,1.0,head
hd_p7_cp205,1991.0659215211292,1.0,head
hd_p7_cp206,2292.934065920481,1.0,head
hd_p7_cp207,1991.0659310220694,1.0,head
hd_p7_cp208,2292.934065930427,1.0,head
hd_p7_cp209,1991.0659333694118,1.0,head
hd_p7_cp210,2292.9340659327886,1.0,head
hd_p7_cp211,1991.0659339150252,1.0,head
hd_p8_cp0,2292.934065897376,1.0,head
hd_p8_cp1,2292.93406593223,1.0,head
hd_p8_cp2,2285.571428434727,1.0,head
hd_p8_cp3,2285.5714285648123,1.0,head
hd_p8_cp4,2278.208790726375,1.0,head
hd_p8_cp5,2278.2087911802864,1.0,head
hd_p8_cp6,2270.8461522504867,1.0,head
hd_p8_cp7,2270.846153720005,1.0,head
hd_p8_cp8,2263.483511573918,1.0,head
hd_p8_cp9,2263.483515938902,1.0,head
hd_p8_cp10,2256.120865179067,1.0,head
hd_p8_cp11,2256.1208768698016,1.0,head
hd_p8_cp12,2248.75820555034,1.0,head
hd_p8_cp13,2248.7582329355546,1.0,head
hd_p8_cp14,2241.395519325508,1.0,head
hd_p8_cp15,2241.395571838234,1.0,head
hd_p8_cp16,2234.032788571941,1.0,head
hd_p8_cp17,2234.032854671601,1.0,head
hd_p8_cp18,2226.670000675084,1.0,head
hd_p8_cp19,2226.6699696579344,1.0,head
hd_p8_cp20,2219.307169442576,1.0,head
hd_p8_cp21,2219.3066304411013,1.0,head
hd_p8_cp22,2211.94435421037,1.0,head
hd_p8_cp23,2211.942200432302,1.0,head
hd_p8_cp24,2204.581642790499,1.0,head
hd_p8_cp25,2204.5755066941088,1.0,head
hd_p8_cp26,2197.2190818819213,1.0,head
hd_p8_cp27,2197.2049240976257,1.0,head
hd_p8_cp28,2189.856623753486,1.0,head
hd_p8_cp29,2189.8292604804824,1.0,head
hd_p8_cp30,2182.49418016725,1.0,head
hd_p8_cp31,2182.4496985437017,1.0,head
hd_p8_cp32,2175.131692189215,1.0,head
hd_p8_cp33,2175.0715004026215,1.0,head
hd_p8_cp34,2167.769146427155,1.0,head
hd_p8_cp35,2167.7023364121574,1.0,head
hd_p8_cp36,2160.406554729109,1.0,head
hd_p8_cp37,2160.346225662657,1.0,head
hd_p8_cp38,2153.043931281196,1.0,head
hd_p8_cp39,2152.9991490462353,1.0,head
hd_p8_cp40,2145.681278285064,1.0,head
hd_p8_cp41,2145.6534361771955,1.0,head
hd_p8_cp42,2138.318573923518,1.0,head
hd_p8_cp43,2138.303824881796,1.0,head
hd_p8_cp44,2130.9557525191567,1.0,head
hd_p8_cp45,2130.9491323644356,1.0,head
hd_p8_cp46,2123.592672984411,1.0,head
hd_p8_cp47,2123.5905506756735,1.0,head
hd_p8_cp48,2116.2290915666367,1.0,head
hd_p8_cp49,2116.2297048910855,1.0,head
hd_p8_cp50,2108.864694397332,1.0,head
hd_p8_cp51,2108.8677680810865,1.0,head
hd_p8_cp52,2101.499280964179,1.0,head
hd_p8_cp53,2101.5053772304445,1.0,head
hd_p8_cp54,2094.133127539951,1.0,head
hd_p8_cp55,2094.142819205125,1.0,head
hd_p8_cp56,2086.7672863848825,1.0,head
hd_p8_cp57,2086.7802060279164,1.0,head
hd_p8_cp58,2079.4032534872977,1.0,head
hd_p8_cp59,2079.417576349782,1.0,head
hd_p8_cp60,2072.041783532212,1.0,head
hd_p8_cp61,2072.054941946718,1.0,head
hd_p8_cp62,2064.682017889935,1.0,head
hd_p8_cp63,2064.6923059859673,1.0,head
hd_p8_cp64,2057.322394376422,1.0,head
hd_p8_cp65,2057.329669290352,1.0,head
hd_p8_cp66,2049.9618968309446,1.0,head
hd_p8_cp67,2049.9670321601247,1.0,head
hd_p8_cp68,2042.6004408139352,1.0,head
hd_p8_cp69,2042.6043947946873,1.0,head
hd_p8_cp70,2035.2385065996582,1.0,head
hd_p8_cp71,2035.2417573615692,1.0,head
hd_p8_cp72,2027.876552385957,1.0,head
hd_p8_cp73,2027.879119987704,1.0,head
hd_p8_cp74,2020.5146776019983,1.0,head
hd_p8_cp75,2020.5164827279127,1.0,head
hd_p8_cp76,2013.1527433845977,1.0,head
hd_p8_cp77,2013.1538455542059,1.0,head
hd_p8_cp78,2005.7906225426148,1.0,head
hd_p8_cp79,2005.7912083976692,1.0,head
hd_p8_cp80,1998.4282969509034,1.0,head
hd_p8_cp81,1998.4285712031972,1.0,head
hd_p8_cp82,1991.0658193774086,1.0,head
hd_p8_cp83,1991.065933951924,1.0,head
hd_p8_cp84,2292.9340658156516,1.0,head
hd_p8_cp85,1991.0655571350087,1.0,head
hd_p8_cp86,2292.93406557541,1.0,head
hd_p8_cp87,1991.0647917301349,1.0,head
hd_p8_cp88,2292.9340649227306,1.0,head
hd_p8_cp89,1991.0627741803705,1.0,head
hd_p8_cp90,2292.9340632947797,1.0,head
hd_p8_cp91,1991.0580538897534,1.0,head
hd_p8_cp92,2292.9340595911426,1.0,head
hd_p8_cp93,1991.0484798679977,1.0,head
hd_p8_cp94,2292.934051951705,1.0,head
hd_p8_cp95,1991.0322107573843,1.0,head
hd_p8_cp96,2292.9340377349117,1.0,head
hd_p8_cp97,1991.0103013852402,1.0,head
hd_p8_cp98,2292.9340139642472,1.0,head
hd_p8_cp99,1990.989450522423,1.0,head
hd_p8_cp100,2292.933978468478,1.0,head
hd_p8_cp101,1990.9804244417405,1.0,head
hd_p8_cp102,2292.933931753667,1.0,head
hd_p8_cp103,1990.9894505224224,1.0,head
hd_p8_cp104,2292.9338787335287,1.0,head
hd_p8_cp105,1991.0103013852379,1.0,head
hd_p8_cp106,2292.9338267996377,1.0,head
hd_p8_cp107,1991.0322107573818,1.0,head
hd_p8_cp108,2292.933777254256,1.0,head
hd_p8_cp109,1991.0484798679947,1.0,head
hd_p8_cp110,2292.933723466041,1.0,head
hd_p8_cp111,1991.0580538897507,1.0,head
hd_p8_cp112,2292.9336752083177,1.0,head
hd_p8_cp113,1991.0627741803678,1.0,head
hd_p8_cp114,2292.933664159558,1.0,head
hd_p8_cp115,1991.0647917301317,1.0,head
hd_p8_cp116,2292.9337119476672,1.0,head
hd_p8_cp117,1991.0655571350014,1.0,head
hd_p8_cp118,2292.933801848252,1.0,head
hd_p8_cp119,1991.0658193773806,1.0,head
hd_p8_cp120,2292.9338953705933,1.0,head
hd_p8_cp121,1991.0659016108286,1.0,head
hd_p8_cp122,2292.933959791035,1.0,head
hd_p8_cp123,1991.065925462114,1.0,head
hd_p8_cp124,2292.933969605444,1.0,head
hd_p8_cp125,1991.0659319151341,1.0,head
hd_p8_cp126,2292.933876690555,1.0,head
hd_p8_cp127,1991.0659335527744,1.0,head
hd_p8_cp128,2292.933551868239,1.0,head
hd_p8_cp129,1991.0659339372976,1.0,head
hd_p8_cp130,2292.9327005168375,1.0,head
hd_p8_cp131,1991.0659339993704,1.0,head
hd_p8_cp132,2292.9307965950957,1.0,head
hd_p8_cp133,1991.0659339449976,1.0,head
hd_p8_cp134,2292.927197339892,1.0,head
hd_p8_cp135,1991.0659337696375,1.0,head
hd_p8_cp136,2292.9217214853466,1.0,head
hd_p8_cp137,1991.0659333765732,1.0,head
hd_p8_cp138,2292.9157506643564,1.0,head
hd_p8_cp139,1991.0659326063058,1.0,head
hd_p8_cp140,2292.9127748651913,1.0,head
hd_p8_cp141,1991.0659312907858,1.0,head
hd_p8_cp142,2292.9157242867013,1.0,head
hd_p8_cp143,1991.06592938691,1.0,head
hd_p8_cp144,2292.9216816129524,1.0,head
hd_p8_cp145,1991.0659271608677,1.0,head
hd_p8_cp146,2292.927158479316,1.0,head
hd_p8_cp147,1991.0659252487646,1.0,head
hd_p8_cp148,2292.930765006556,1.0,head
hd_p8_cp149,1991.0659243423534,1.0,head
hd_p8_cp150,2292.9326692736213,1.0,head
hd_p8_cp151,1991.065924447234,1.0,head
hd_p8_cp152,2292.9334894273247,1.0,head
hd_p8_cp153,1991.0659238701544,1.0,head
hd_p8_cp154,2292.933681543847,1.0,head
hd_p8_cp155,1991.0659172222238,1.0,head
hd_p8_cp156,2292.9333287255,1.0,head
hd_p8_cp157,1991.0658889040417,1.0,head
hd_p8_cp158,2292.9319703430215,1.0,head
hd_p8_cp159,1991.0657936447526,1.0,head
hd_p8_cp160,2292.928182558639,1.0,head
hd_p8_cp161,1991.0655069004474,1.0,head
hd_p8_cp162,2292.918778472176,1.0,head
hd_p8_cp163,1991.0647158559486,1.0,head
hd_p8_cp164,2292.8979033436863,1.0,head
hd_p8_cp165,1991.062720231233,1.0,head
hd_p8_cp166,2292.8572971078374,1.0,head
hd_p8_cp167,1991.0581629069072,1.0,head
hd_p8_cp168,2292.7903381771653,1.0,head
hd_p8_cp169,1991.048878946989,1.0,head
hd_p8_cp170,2292.7018642003895,1.0,head
hd_p8_cp171,1991.0323324286426,1.0,head
hd_p8_cp172,2292.6188492671477,1.0,head
hd_p8_cp173,1991.007184362229,1.0,head
hd_p8_cp174,2292.5850540096967,1.0,head
hd_p8_cp175,1990.9756511913317,1.0,head
hd_p8_cp176,2292.625685682101,1.0,head
hd_p8_cp177,1990.9442643861457,1.0,head
hd_p8_cp178,2292.7115542812608,1.0,head
hd_p8_cp179,1990.920149556273,1.0,head
hd_p8_cp180,2292.7989440963347,1.0,head
hd_p8_cp181,1990.905639476685,1.0,head
hd_p8_cp182,2292.86316255133,1.0,head
hd_p8_cp183,1990.900831652719,1.0,head
hd_p8_cp184,2292.901220002839,1.0,head
hd_p8_cp185,1990.912250729416,1.0,head
hd_p8_cp186,2292.920401802169,1.0,head
hd_p8_cp187,1990.947149534055,1.0,head
hd_p8_cp188,2292.92889156721,1.0,head
hd_p8_cp189,1990.9895411578357,1.0,head
hd_p8_cp190,2292.9322628743976,1.0,head
hd_p8_cp191,1991.0239659544222,1.0,head
hd_p8_cp192,2292.9334827055823,1.0,head
hd_p8_cp193,1991.0457613009696,1.0,head
hd_p8_cp194,2292.9338895486912,1.0,head
hd_p8_cp195,1991.057295463244,1.0,head
hd_p8_cp196,2292.9340157551546,1.0,head
hd_p8_cp197,1991.062593263959,1.0,head
hd_p8_cp198,2292.934052431085,1.0,head
hd_p8_cp199,1991.0647548013212,1.0,head
hd_p8_cp200,2292.934062475227,1.0,head
hd_p8_cp201,1991.065550777812,1.0,head
hd_p8_cp202,2292.9340650819167,1.0,head
hd_p8_cp203,1991.0658185004652,1.0,head
hd_p8_cp204,2292.9340657276716,1.0,head
hd_p8_cp205,1991.0659015321914,1.0,head
hd_p8_cp206,2292.9340658826204,1.0,head
hd_p8_cp207,1991.065925465526,1.0,head
hd_p8_cp208,2292.93406591986,1.0,head
hd_p8_cp209,1991.065931920282,1.0,head
hd_p8_cp210,2292.9340659294166,1.0,head
hd_p8_cp211,1991.065933558594,1.0,head
hd_p9_cp0,2292.9340657987495,1.0,head
hd_p9_cp1,2292.9340659277154,1.0,head
hd_p9_cp2,2285.571428098216,1.0,head
hd_p9_cp3,2285.571428547458,1.0,head
hd_p9_cp4,2278.208789647585,1.0,head
hd_p9_cp5,2278.2087911112008,1.0,head
hd_p9_cp6,2270.846149018755,1.0,head
hd_p9_cp7,2270.8461534464586,1.0,head
hd_p9_cp8,2263.483502583249,1.0,head
hd_p9_cp9,2263.483514890271,1.0,head
hd_p9_cp10,2256.1208421159376,1.0,head
hd_p9_cp11,2256.1208730410417,1.0,head
hd_p9_cp12,2248.7581514404465,1.0,head
hd_p9_cp13,2248.7582197599254,1.0,head
hd_p9_cp14,2241.395404297069,1.0,head
hd_p9_cp15,2241.395529456343,1.0,head
hd_p9_cp16,2234.032569373097,1.0,head
hd_p9_cp17,2234.032728246158,1.0,head
hd_p9_cp18,2226.669630791355,1.0,head
hd_p9_cp19,2226.6696229286376,1.0,head
hd_p9_cp20,2219.3066241531546,1.0,head
hd_p9_cp21,2219.3057646716898,1.0,head
hd_p9_cp22,2211.943661475606,1.0,head
hd_p9_cp23,2211.940254001056,1.0,head
hd_p9_cp24,2204.580892980901,1.0,head
hd_p9_cp25,2204.571614686128,1.0,head
hd_p9_cp26,2197.2183937464256,1.0,head
hd_p9_cp27,2197.1980874423216,1.0,head
hd_p9_cp28,2189.8560858421065,1.0,head
hd_p9_cp29,2189.8188096683457,1.0,head
hd_p9_cp30,2182.4938178452553,1.0,head
hd_p9_cp31,2182.435800348873,1.0,head
hd_p9_cp32,2175.131478608241,1.0,head
hd_p9_cp33,2175.0551711134303,1.0,head
hd_p9_cp34,2167.7690335734073,1.0,head
hd_p9_cp35,2167.68504166158,1.0,head
hd_p9_cp36,2160.406496847891,1.0,head
hd_p9_cp37,2160.329896335292,1.0,head
hd_p9_cp38,2153.043890883751,1.0,head
hd_p9_cp39,2152.9852507384817,1.0,head
hd_p9_cp40,2145.681216800005,1.0,head
hd_p9_cp41,2145.6429850842073,1.0,head
hd_p9_cp42,2138.3184291348975,1.0,head
hd_p9_cp43,2138.2969875918798,1.0,head
hd_p9_cp44,2130.955401162047,1.0,head
hd_p9_cp45,2130.945239055313,1.0,head
hd_p9_cp46,2123.591879382151,1.0,head
hd_p9_cp47,2123.5886018477568,1.0,head
hd_p9_cp48,2116.2274608340667,1.0,head
hd_p9_cp49,2116.2288351997026,1.0,head
hd_p9_cp50,2108.8616821573846,1.0,head
hd_p9_cp51,2108.8674157134838,1.0,head
hd_p9_cp52,2101.4943350557514,1.0,head
hd_p9_cp53,2101.5052437554946,1.0,head
hd_p9_cp54,2094.125989561979,1.0,head
hd_p9_cp55,2094.1427692116963,1.0,head
hd_p9_cp56,2086.7583205302294,1.0,head
hd_p9_cp57,2086.7801857644363,1.0,head
hd_p9_cp58,2079.3935063733315,1.0,head
hd_p9_cp59,2079.417566786075,1.0,head
hd_p9_cp60,2072.032583994189,1.0,head
hd_p9_cp61,2072.054936780479,1.0,head
hd_p9_cp62,2064.6743540184734,1.0,head
hd_p9_cp63,2064.692302961161,1.0,head
hd_p9_cp64,2057.316551801031,1.0,head
hd_p9_cp65,2057.3296673372247,1.0,head
hd_p9_cp66,2049.9575866847986,1.0,head
hd_p9_cp67,2049.967030642373,1.0,head
hd_p9_cp68,2042.5971913953824,1.0,head
hd_p9_cp69,2042.604393357409,1.0,head
hd_p9_cp70,2035.2359708705353,1.0,head
hd_p9_cp71,2035.2417558881314,1.0,head
hd_p9_cp72,2027.8745824829573,1.0,head
hd_p9_cp73,2027.879118538124,1.0,head
hd_p9_cp74,2020.5132351932484,1.0,head
hd_p9_cp75,2020.5164814408731,1.0,head
hd_p9_cp76,2013.1517854183242,1.0,head
hd_p9_cp77,2013.1538445446654,1.0,head
hd_p9_cp78,2005.7900549107858,1.0,head
hd_p9_cp79,2005.7912076999826,1.0,head
hd_p9_cp80,1998.4279973994153,1.0,head
hd_p9_cp81,1998.4285707762094,1.0,head
hd_p9_cp82,1991.065677807384,1.0,head
hd_p9_cp83,1991.0659337186387,1.0,head
hd_p9_cp84,2292.9340655205237,1.0,head
hd_p9_cp85,1991.0651564302848,1.0,head
hd_p9_cp86,2292.9340647480044,1.0,head
hd_p9_cp87,1991.0637565298748,1.0,head
hd_p9_cp88,2292.9340627571487,1.0,head
hd_p9_cp89,1991.0603599031035,1.0,head
hd_p9_cp90,2292.93405802074,1.0,head
hd_p9_cp91,1991.0530322689176,1.0,head
hd_p9_cp92,2292.934047674578,1.0,head
hd_p9_cp93,1991.0392772855125,1.0,head
hd_p9_cp94,2292.934027036473,1.0,head
hd_p9_cp95,1991.017492914227,1.0,head
hd_p9_cp96,2292.9339896587735,1.0,head
hd_p9_cp97,1990.9898079932755,1.0,head
hd_p9_cp98,2292.933928643884,1.0,head
hd_p9_cp99,1990.9644341989656,1.0,head
hd_p9_cp100,2292.933839874793,1.0,head
hd_p9_cp101,1990.9535485875872,1.0,head
hd_p9_cp102,2292.933726789016,1.0,head
hd_p9_cp103,1990.9644341989645,1.0,head
hd_p9_cp104,2292.933603247697,1.0,head
hd_p9_cp105,1990.989807993273,1.0,head
hd_p9_cp106,2292.933487162413,1.0,head
hd_p9_cp107,1991.0174929142245,1.0,head
hd_p9_cp108,2292.93338406932,1.0,head
hd_p9_cp109,1991.039277285509,1.0,head
hd_p9_cp110,2292.933286404568,1.0,head
hd_p9_cp111,1991.0530322689153,1.0,head
hd_p9_cp112,2292.9332109158763,1.0,head
hd_p9_cp113,1991.0603599031003,1.0,head
hd_p9_cp114,2292.9332074998642,1.0,head
hd_p9_cp115,1991.063756529865,1.0,head
hd_p9_cp116,2292.933309638021,1.0,head
hd_p9_cp117,1991.0651564302505,1.0,head
hd_p9_cp118,2292.9334892979937,1.0,head
hd_p9_cp119,1991.065677807258,1.0,head
hd_p9_cp120,2292.93367832449,1.0,head
hd_p9_cp121,1991.065855516416,1.0,head
hd_p9_cp122,2292.933811777698,1.0,head
hd_p9_cp123,1991.0659115150147,1.0,head
hd_p9_cp124,2292.933832989017,1.0,head
hd_p9_cp125,1991.0659279622628,1.0,head
hd_p9_cp126,2292.9336459154288,1.0,head
hd_p9_cp127,1991.065932487222,1.0,head
hd_p9_cp128,2292.9330229764755,1.0,head
hd_p9_cp129,1991.0659336343974,1.0,head
hd_p9_cp130,2292.931487035297,1.0,head
hd_p9_cp131,1991.0659338339788,1.0,head
hd_p9_cp132,2292.9282480131965,1.0,head
hd_p9_cp133,1991.0659336719536,1.0,head
hd_p9_cp134,2292.9224248741134,1.0,head
hd_p9_cp135,1991.0659331587606,1.0,head
hd_p9_cp136,2292.9139156757906,1.0,head
hd_p9_cp137,1991.06593206438,1.0,head
hd_p9_cp138,2292.9049291210454,1.0,head
hd_p9_cp139,1991.0659300290556,1.0,head
hd_p9_cp140,2292.900572450114,1.0,head
hd_p9_cp141,1991.0659267210237,1.0,head
hd_p9_cp142,2292.904872987862,1.0,head
hd_p9_cp143,1991.0659221423996,1.0,head
hd_p9_cp144,2292.913828698767,1.0,head
hd_p9_cp145,1991.0659169824694,1.0,head
hd_p9_cp146,2292.9223368513785,1.0,head
hd_p9_cp147,1991.0659126447458,1.0,head
hd_p9_cp148,2292.928173068722,1.0,head
hd_p9_cp149,1991.0659104978927,1.0,head
hd_p9_cp150,2292.931411219155,1.0,head
hd_p9_cp151,1991.0659102912007,1.0,head
hd_p9_cp152,2292.932879583518,1.0,head
hd_p9_cp153,1991.0659078972549,1.0,head
hd_p9_cp154,2292.9332291114415,1.0,head
hd_p9_cp155,1991.0658907889172,1.0,head
hd_p9_cp156,2292.932546728292,1.0,head
hd_p9_cp157,1991.0658248001673,1.0,head
hd_p9_cp158,2292.930047192213,1.0,head
hd_p9_cp159,1991.0656181580505,1.0,head
hd_p9_cp160,2292.9234793122523,1.0,head
hd_p9_cp161,1991.0650378733098,1.0,head
hd_p9_cp162,2292.908166803049,1.0,head
hd_p9_cp163,1991.063544109069,1.0,head
hd_p9_cp164,2292.8762322373386,1.0,head
hd_p9_cp165,1991.0600241056457,1.0,head
hd_p9_cp166,2292.817728398482,1.0,head
hd_p9_cp167,1991.0525015730486,1.0,head
hd_p9_cp168,2292.7264441101033,1.0,head
hd_p9_cp169,1991.0381215367593,1.0,head
hd_p9_cp170,2292.611411564355,1.0,head
hd_p9_cp171,1991.0139757386726,1.0,head
hd_p9_cp172,2292.5073010566166,1.0,head
hd_p9_cp173,1990.979183505739,1.0,head
hd_p9_cp174,2292.466070752774,1.0,head
hd_p9_cp175,1990.9373723770987,1.0,head
hd_p9_cp176,2292.516650216947,1.0,head
hd_p9_cp177,1990.8967016878653,1.0,head
hd_p9_cp178,2292.6250718988736,1.0,head
hd_p9_cp179,1990.865218814002,1.0,head
hd_p9_cp180,2292.7390797428347,1.0,head
hd_p9_cp181,1990.8458498554012,1.0,head
hd_p9_cp182,2292.8267514319846,1.0,head
hd_p9_cp183,1990.8399705205468,1.0,head
hd_p9_cp184,2292.881598101398,1.0,head
hd_p9_cp185,1990.856008476599,1.0,head
hd_p9_cp186,2292.9109372478006,1.0,head
hd_p9_cp187,1990.9017721327639,1.0,head
hd_p9_cp188,2292.924761530833,1.0,head
hd_p9_cp189,1990.9576513922418,1.0,head
hd_p9_cp190,2292.9306158782606,1.0,head
hd_p9_cp191,1991.0042855252993,1.0,head
hd_p9_cp192,2292.93287705145,1.0,head
hd_p9_cp193,1991.0349687347334,1.0,head
hd_p9_cp194,2292.933682564134,1.0,head
hd_p9_cp195,1991.051977898779,1.0,head
hd_p9_cp196,2292.9339495662407,1.0,head
hd_p9_cp197,1991.0602181668282,1.0,head
hd_p9_cp198,2292.9340325006265,1.0,head
hd_p9_cp199,1991.0637860527688,1.0,head
hd_p9_cp200,2292.9340567833,1.0,head
hd_p9_cp201,1991.0651876264994,1.0,head
hd_p9_cp202,2292.934063522612,1.0,head
hd_p9_cp203,1991.065692641039,1.0,head
hd_p9_cp204,2292.9340653086238,1.0,head
hd_p9_cp205,1991.0658609778766,1.0,head
hd_p9_cp206,2292.934065767263,1.0,head
hd_p9_cp207,1991.0659132520723,1.0,head
hd_p9_cp208,2292.9340658852316,1.0,head
hd_p9_cp209,1991.0659284653316,1.0,head
hd_p9_cp210,2292.934065917575,1.0,head
hd_p9_cp211,1991.0659326363534,1.0,head
hd_p10_cp0,2292.934065506638,1.0,head
hd_p10_cp1,2292.9340659135505,1.0,head
hd_p10_cp2,2285.571427164895,1.0,head
hd_p10_cp3,2285.5714284969044,1.0,head
hd_p10_cp4,2278.208786844201,1.0,head
hd_p10_cp5,2278.2087909250645,1.0,head
hd_p10_cp6,2270.8461411434732,1.0,head
hd_p10_cp7,2270.8461527655127,1.0,head
hd_p10_cp8,2263.4834820120163,1.0,head
hd_p10_cp9,2263.4835124792594,1.0,head
hd_p10_cp10,2256.1207924779155,1.0,head
hd_p10_cp11,2256.1208649123946,1.0,head
hd_p10_cp12,2248.758041616353,1.0,head
hd_p10_cp13,2248.7581939407896,1.0,head
hd_p10_cp14,2241.3951833714486,1.0,head
hd_p10_cp15,2241.395452833523,1.0,head
hd_p10_cp16,2234.032169127402,1.0,head
hd_p10_cp17,2234.032517448737,1.0,head
hd_p10_cp18,2226.6689846012305,1.0,head
hd_p10_cp19,2226.6690897508174,1.0,head
hd_p10_cp20,2219.3057047725756,1.0,head
hd_p10_cp21,2219.304535975712,1.0,head
hd_p10_cp22,2211.942521041736,1.0,head
hd_p10_cp23,2211.9376991841696,1.0,head
hd_p10_cp24,2204.5796698348763,1.0,head
hd_p10_cp25,2204.566866893967,1.0,head
hd_p10_cp26,2197.217263257233,1.0,head
hd_p10_cp27,2197.190255959896,1.0,head
hd_p10_cp28,2189.85518267648,1.0,head
hd_p10_cp29,2189.8073388797507,1.0,head
hd_p10_cp30,2182.4931887721987,1.0,head
hd_p10_cp31,2182.420692562146,1.0,head
hd_p10_cp32,2175.131091623572,1.0,head
hd_p10_cp33,2175.036980038678,1.0,head
hd_p10_cp34,2167.7688182859038,1.0,head
hd_p10_cp35,2167.665328527459,1.0,head
hd_p10_cp36,2160.4063792632264,1.0,head
hd_p10_cp37,2160.3117051533472,1.0,head
hd_p10_cp38,2153.0438046415807,1.0,head
hd_p10_cp39,2152.9701426490396,1.0,head
hd_p10_cp40,2145.6810901539934,1.0,head
hd_p10_cp41,2145.6315135834357,1.0,head
hd_p10_cp42,2138.3181506997944,1.0,head
hd_p10_cp43,2138.289154587677,1.0,head
hd_p10_cp44,2130.9547658475067,1.0,head
hd_p10_cp45,2130.9404883035186,1.0,head
hd_p10_cp46,2123.590522622624,1.0,head
hd_p10_cp47,2123.5860418337547,1.0,head
hd_p10_cp48,2116.2248138246423,1.0,head
hd_p10_cp49,2116.2275983396808,1.0,head
hd_p10_cp50,2108.857017227507,1.0,head
hd_p10_cp51,2108.8668711652595,1.0,head
hd_p10_cp52,2101.4869798861996,1.0,head
hd_p10_cp53,2101.5050190249935,1.0,head
hd_p10_cp54,2094.1157069106066,1.0,head
hd_p10_cp55,2094.142677640855,1.0,head
hd_p10_cp56,2086.745664098668,1.0,head
hd_p10_cp57,2086.7801459068473,1.0,head
hd_p10_cp58,2079.379830536175,1.0,head
hd_p10_cp59,2079.417547030678,1.0,head
hd_p10_cp60,2072.019560107955,1.0,head
hd_p10_cp61,2072.054925708358,1.0,head
hd_p10_cp62,2064.663273675163,1.0,head
hd_p10_cp63,2064.6922962203953,1.0,head
hd_p10_cp64,2057.307892745817,1.0,head
hd_p10_cp65,2057.3296628295966,1.0,head
hd_p10_cp66,2049.9511012518055,1.0,head
hd_p10_cp67,2049.967027118091,1.0,head
hd_p10_cp68,2042.5923254891845,1.0,head
hd_p10_cp69,2042.6043901071348,1.0,head
hd_p10_cp70,2035.2322440428732,1.0,head
hd_p10_cp71,2035.2417526588897,1.0,head
hd_p10_cp72,2027.871728651034,1.0,head
hd_p10_cp73,2027.8791154166186,1.0,head
hd_p10_cp74,2020.5111370991829,1.0,head
hd_p10_cp75,2020.5164786712548,1.0,head
hd_p10_cp76,2013.1503559998814,1.0,head
hd_p10_cp77,2013.153842340846,1.0,head
hd_p10_cp78,2005.7891706407684,1.0,head
hd_p10_cp79,2005.7912061358516,1.0,head
hd_p10_cp80,1998.4275042128759,1.0,head
hd_p10_cp81,1998.4285697835178,1.0,head
hd_p10_cp82,1991.0654295353197,1.0,head
hd_p10_cp83,1991.065933151937,1.0,head
hd_p10_cp84,2292.93406469241,1.0,head
hd_p10_cp85,1991.0645083504573,1.0,head
hd_p10_cp86,2292.934062541966,1.0,head
hd_p10_cp87,1991.06221091105,1.0,head
hd_p10_cp88,2292.9340572521364,1.0,head
hd_p10_cp89,1991.0570229255095,1.0,head
hd_p10_cp90,2292.9340451918247,1.0,head
hd_p10_cp91,1991.046568211977,1.0,head
hd_p10_cp92,2292.934019840648,1.0,head
hd_p10_cp93,1991.028119727929,1.0,head
hd_p10_cp94,2292.93397099531,1.0,head
hd_p10_cp95,1991.0003709603718,1.0,head
hd_p10_cp96,2292.933885332713,1.0,head
hd_p10_cp97,1990.9663742094815,1.0,head
hd_p10_cp98,2292.9337498472587,1.0,head
hd_p10_cp99,1990.9357840547655,1.0,head
hd_p10_cp100,2292.9335590700603,1.0,head
hd_p10_cp101,1990.9227048515615,1.0,head
hd_p10_cp102,2292.9333239795487,1.0,head
hd_p10_cp103,1990.935784054764,1.0,head
hd_p10_cp104,2292.9330747117347,1.0,head
hd_p10_cp105,1990.9663742094783,1.0,head
hd_p10_cp106,2292.9328463498778,1.0,head
hd_p10_cp107,1991.0003709603682,1.0,head
hd_p10_cp108,2292.9326530172457,1.0,head
hd_p10_cp109,1991.0281197279253,1.0,head
hd_p10_cp110,2292.9324898134737,1.0,head
hd_p10_cp111,1991.0465682119711,1.0,head
hd_p10_cp112,2292.9323843413517,1.0,head
hd_p10_cp113,1991.0570229254977,1.0,head
hd_p10_cp114,2292.9324079384082,1.0,head
hd_p10_cp115,1991.062210911012,1.0,head
hd_p10_cp116,2292.932606025023,1.0,head
hd_p10_cp117,1991.064508350317,1.0,head
hd_p10_cp118,2292.9329334088116,1.0,head
hd_p10_cp119,1991.06542953481,1.0,head
hd_p10_cp120,2292.9332790710787,1.0,head
hd_p10_cp121,1991.0657678662737,1.0,head
hd_p10_cp122,2292.9335275094973,1.0,head
hd_p10_cp123,1991.0658827734305,1.0,head
hd_p10_cp124,2292.9335691849165,1.0,head
hd_p10_cp125,1991.0659191386521,1.0,head
hd_p10_cp126,2292.9332312806487,1.0,head
hd_p10_cp127,1991.0659299072277,1.0,head
hd_p10_cp128,2292.9321433013843,1.0,head
hd_p10_cp129,1991.0659328331467,1.0,head
hd_p10_cp130,2292.929579914102,1.0,head
hd_p10_cp131,1991.0659333739422,1.0,head
hd_p10_cp132,2292.9244127496886,1.0,head
hd_p10_cp133,1991.0659329509679,1.0,head
hd_p10_cp134,2292.9154962031284,1.0,head
hd_p10_cp135,1991.0659316366275,1.0,head
hd_p10_cp136,2292.902942955402,1.0,head
hd_p10_cp137,1991.065928954299,1.0,head
hd_p10_cp138,2292.8901469206075,1.0,head
hd_p10_cp139,1991.0659241914511,1.0,head
hd_p10_cp140,2292.884156783689,1.0,head
hd_p10_cp141,1991.0659167809379,1.0,head
hd_p10_cp142,2292.8900382964976,1.0,head
hd_p10_cp143,1991.0659069142068,1.0,head
hd_p10_cp144,2292.902771114333,1.0,head
hd_p10_cp145,1991.0658961342835,1.0,head
hd_p10_cp146,2292.915316644854,1.0,head
hd_p10_cp147,1991.0658872078832,1.0,head
hd_p10_cp148,2292.924253710546,1.0,head
hd_p10_cp149,1991.0658825490275,1.0,head
hd_p10_cp150,2292.929415818354,1.0,head
hd_p10_cp151,1991.0658811317537,1.0,head
hd_p10_cp152,2292.931846999324,1.0,head
hd_p10_cp153,1991.0658739585065,1.0,head
hd_p10_cp154,2292.932424839715,1.0,head
hd_p10_cp155,1991.065835073771,1.0,head
hd_p10_cp156,2292.93121881462,1.0,head
hd_p10_cp157,1991.0656976801358,1.0,head
hd_p10_cp158,2292.92700707524,1.0,head
hd_p10_cp159,1991.0652947472413,1.0,head
hd_p10_cp160,2292.9165155831106,1.0,head
hd_p10_cp161,1991.06423253989,1.0,head
hd_p10_cp162,2292.893386999363,1.0,head
hd_p10_cp163,1991.0616641913994,1.0,head
hd_p10_cp164,2292.847714070717,1.0,head
hd_p10_cp165,1991.055971954544,1.0,head
hd_p10_cp166,2292.7681980201073,1.0,head
hd_p10_cp167,1991.0445058934902,1.0,head
hd_p10_cp168,2292.6496180282593,1.0,head
hd_p10_cp169,1991.023781029206,1.0,head
hd_p10_cp170,2292.5056956258595,1.0,head
hd_p10_cp171,1990.9907233443587,1.0,head
hd_p10_cp172,2292.379117987756,1.0,head
hd_p10_cp173,1990.9451448299878,1.0,head
hd_p10_cp174,2292.3301660887555,1.0,head
hd_p10_cp175,1990.8921093354352,1.0,head
hd_p10_cp176,2292.391206638292,1.0,head
hd_p10_cp177,1990.8412073470467,1.0,head
hd_p10_cp178,2292.523840809052,1.0,head
hd_p10_cp179,1990.8014108111167,1.0,head
hd_p10_cp180,2292.6670319521195,1.0,head
hd_p10_cp181,1990.7764770217855,1.0,head
hd_p10_cp182,2292.7811774568986,1.0,head
hd_p10_cp183,1990.7688685336702,1.0,head
hd_p10_cp184,2292.8558010921925,1.0,head
hd_p10_cp185,1990.7893413629179,1.0,head
hd_p10_cp186,2292.8977745806396,1.0,head
hd_p10_cp187,1990.8474295831043,1.0,head
hd_p10_cp188,2292.9186591677058,1.0,head
hd_p10_cp189,1990.9188321688762,1.0,head
hd_p10_cp190,2292.9280242959667,1.0,head
hd_p10_cp191,1990.9796558078394,1.0,head
hd_p10_cp192,2292.931860978597,1.0,head
hd_p10_cp193,1991.0209498202464,1.0,head
hd_p10_cp194,2292.9333121567342,1.0,head
hd_p10_cp195,1991.0447578076555,1.0,head
hd_p10_cp196,2292.9338231925194,1.0,head
hd_p10_cp197,1991.0568275370388,1.0,head
hd_p10_cp198,2292.933991894546,1.0,head
hd_p10_cp199,1991.0623244351477,1.0,head
hd_p10_cp200,2292.9340444045483,1.0,head
hd_p10_cp201,1991.0646058746588,1.0,head
hd_p10_cp202,2292.934059900658,1.0,head
hd_p10_cp203,1991.0654777270088,1.0,head
hd_p10_cp204,2292.9340642684806,1.0,head
hd_p10_cp205,1991.0657869301824,1.0,head
hd_p10_cp206,2292.9340654615394,1.0,head
hd_p10_cp207,1991.065889349464,1.0,head
hd_p10_cp208,2292.9340657876337,1.0,head
hd_p10_cp209,1991.0659212056062,1.0,head
hd_p10_cp210,2292.934065882301,1.0,head
hd_p10_cp211,1991.0659305534014,1.0,head
hd_p11_cp0,2292.9340647475865,1.0,head
hd_p11_cp1,2292.93406587503,1.0,head
hd_p11_cp2,2285.571424880972,1.0,head
hd_p11_cp3,2285.5714283688044,1.0,head
hd_p11_cp4,2278.208780379854,1.0,head
hd_p11_cp5,2278.2087904868013,1.0,head
hd_p11_cp6,2270.8461240158713,1.0,head
hd_p11_cp7,2270.8461512763492,1.0,head
hd_p11_cp8,2263.483439760135,1.0,head
hd_p11_cp9,2263.48350758043,1.0,head
hd_p11_cp10,2256.120696019336,1.0,head
hd_p11_cp11,2256.120849562968,1.0,head
hd_p11_cp12,2248.7578392057194,1.0,head
hd_p11_cp13,2248.758148625896,1.0,head
hd_p11_cp14,2241.394795904933,1.0,head
hd_p11_cp15,2241.395327828662,1.0,head
hd_p11_cp16,2234.031498139221,1.0,head
hd_p11_cp17,2234.032197650376,1.0,head
hd_p11_cp18,2226.6679428162183,1.0,head
hd_p11_cp19,2226.6683367027504,1.0,head
hd_p11_cp20,2219.3042677618305,1.0,head
hd_p11_cp21,2219.302916036555,1.0,head
hd_p11_cp22,2211.940774670665,1.0,head
hd_p11_cp23,2211.9345369735483,1.0,head
hd_p11_cp24,2204.577811394784,1.0,head
hd_p11_cp25,2204.5612866454517,1.0,head
hd_p11_cp26,2197.215535550805,1.0,head
hd_p11_cp27,2197.1813284443288,1.0,head
hd_p11_cp28,2189.8537765420037,1.0,head
hd_p11_cp29,2189.7942237700872,1.0,head
hd_p11_cp30,2182.492180376739,1.0,head
hd_p11_cp31,2182.4027139970904,1.0,head
hd_p11_cp32,2175.130447320668,1.0,head
hd_p11_cp33,2175.0141757929237,1.0,head
hd_p11_cp34,2167.7684427275394,1.0,head
hd_p11_cp35,2167.640096788651,1.0,head
hd_p11_cp36,2160.406162077602,1.0,head
hd_p11_cp37,2160.2889006455653,1.0,head
hd_p11_cp38,2153.0436382322305,1.0,head
hd_p11_cp39,2152.952163373492,1.0,head
hd_p11_cp40,2145.6808531776237,1.0,head
hd_p11_cp41,2145.6183968825612,1.0,head
hd_p11_cp42,2138.317660990463,1.0,head
hd_p11_cp43,2138.280223836169,1.0,head
hd_p11_cp44,2130.953709491108,1.0,head
hd_p11_cp45,2130.9349020468044,1.0,head
hd_p11_cp46,2123.588378032887,1.0,head
hd_p11_cp47,2123.582869500965,1.0,head
hd_p11_cp48,2116.2208196055026,1.0,head
hd_p11_cp49,2116.2259630442245,1.0,head
hd_p11_cp50,2108.850266045696,1.0,head
hd_p11_cp51,2108.8660972889643,1.0,head
hd_p11_cp52,2101.4767088021413,1.0,head
hd_p11_cp53,2101.504674119631,1.0,head
hd_p11_cp54,2094.1017396892166,1.0,head
hd_p11_cp55,2094.142525832154,1.0,head
hd_p11_cp56,2086.7287680607883,1.0,head
hd_p11_cp57,2086.780075231117,1.0,head
hd_p11_cp58,2079.36166737504,1.0,head
hd_p11_cp59,2079.417510253561,1.0,head
hd_p11_cp60,2072.0021364796976,1.0,head
hd_p11_cp61,2072.054904333097,1.0,head
hd_p11_cp62,2064.648191112983,1.0,head
hd_p11_cp63,2064.6922827365383,1.0,head
hd_p11_cp64,2057.295853956395,1.0,head
hd_p11_cp65,2057.3296535282666,1.0,head
hd_p11_cp66,2049.941944561355,1.0,head
hd_p11_cp67,2049.967019783828,1.0,head
hd_p11_cp68,2042.5854454447929,1.0,head
hd_p11_cp69,2042.6043834644165,1.0,head
hd_p11_cp70,2035.2270331358957,1.0,head
hd_p11_cp71,2035.2417462209685,1.0,head
hd_p11_cp72,2027.8677874407715,1.0,head
hd_p11_cp73,2027.8791092883114,1.0,head
hd_p11_cp74,2020.508244215747,1.0,head
hd_p11_cp75,2020.5164732431483,1.0,head
hd_p11_cp76,2013.1483554405204,1.0,head
hd_p11_cp77,2013.153837974064,1.0,head
hd_p11_cp78,2005.7878939929478,1.0,head
hd_p11_cp79,2005.7912029688612,1.0,head
hd_p11_cp80,1998.4267602743653,1.0,head
hd_p11_cp81,1998.4285677117116,1.0,head
hd_p11_cp82,1991.065034709812,1.0,head
hd_p11_cp83,1991.0659319242982,1.0,head
hd_p11_cp84,2292.9340626428575,1.0,head
hd_p11_cp85,1991.063548303526,1.0,head
hd_p11_cp86,2292.934057330094,1.0,head
hd_p11_cp87,1991.0600717047062,1.0,head
hd_p11_cp88,2292.9340448081152,1.0,head
hd_p11_cp89,1991.052683545889,1.0,head
hd_p11_cp90,2292.9340173822807,1.0,head
hd_p11_cp91,1991.038594819079,1.0,head
hd_p11_cp92,2292.9339618650324,1.0,head
hd_p11_cp93,1991.0148754071824,1.0,head
hd_p11_cp94,2292.9338586518784,1.0,head
hd_p11_cp95,1990.980457175541,1.0,head
hd_p11_cp96,2292.9336837742417,1.0,head
hd_p11_cp97,1990.9392514904614,1.0,head
hd_p11_cp98,2292.9334163705107,1.0,head
hd_p11_cp99,1990.9026126017523,1.0,head
hd_p11_cp100,2292.933051979891,1.0,head
hd_p11_cp101,1990.887052333956,1.0,head
hd_p11_cp102,2292.932616077001,1.0,head
hd_p11_cp103,1990.9026126017504,1.0,head
hd_p11_cp104,2292.9321643560843,1.0,head
hd_p11_cp105,1990.9392514904578,1.0,head
hd_p11_cp106,2292.9317575113996,1.0,head
hd_p11_cp107,1990.9804571755358,1.0,head
hd_p11_cp108,2292.9314250134553,1.0,head
hd_p11_cp109,1991.0148754071763,1.0,head
hd_p11_cp110,2292.931170553169,1.0,head
hd_p11_cp111,1991.0385948190665,1.0,head
hd_p11_cp112,2292.931037331039,1.0,head
hd_p11_cp113,1991.0526835458502,1.0,head
hd_p11_cp114,2292.931119724855,1.0,head
hd_p11_cp115,1991.060071704563,1.0,head
hd_p11_cp116,2292.931472358092,1.0,head
hd_p11_cp117,1991.0635483030103,1.0,head
hd_p11_cp118,2292.9320246934826,1.0,head
hd_p11_cp119,1991.0650347080234,1.0,head
hd_p11_cp120,2292.932607219956,1.0,head
hd_p11_cp121,1991.0656180202338,1.0,head
hd_p11_cp122,2292.9330309508778,1.0,head
hd_p11_cp123,1991.0658299258691,1.0,head
hd_p11_cp124,2292.933104178898,1.0,head
hd_p11_cp125,1991.0659016834777,1.0,head
hd_p11_cp126,2292.9325383736345,1.0,head
hd_p11_cp127,1991.0659244028861,1.0,head
hd_p11_cp128,2292.9307646409047,1.0,head
hd_p11_cp129,1991.0659309735172,1.0,head
hd_p11_cp130,2292.926738325931,1.0,head
hd_p11_cp131,1991.065932248261,1.0,head
hd_p11_cp132,2292.9189382560453,1.0,head
hd_p11_cp133,1991.065931257643,1.0,head
hd_p11_cp134,2292.9060017387606,1.0,head
hd_p11_cp135,1991.0659282437887,1.0,head
hd_p11_cp136,2292.888496641853,1.0,head
hd_p11_cp137,1991.0659223285359,1.0,head
hd_p11_cp138,2292.871335806588,1.0,head
hd_p11_cp139,1991.0659122494264,1.0,head
hd_p11_cp140,2292.8635702129673,1.0,head
hd_p11_cp141,1991.0658971626337,1.0,head
hd_p11_cp142,2292.8711414519107,1.0,head
hd_p11_cp143,1991.0658777455426,1.0,head
hd_p11_cp144,2292.8881836175997,1.0,head
hd_p11_cp145,1991.0658570790322,1.0,head
hd_p11_cp146,2292.9056654269893,1.0,head
hd_p11_cp147,1991.0658401262162,1.0,head
hd_p11_cp148,2292.9186299834814,1.0,head
hd_p11_cp149,1991.0658307243625,1.0,head
hd_p11_cp150,2292.926414758682,1.0,head
hd_p11_cp151,1991.0658260209275,1.0,head
hd_p11_cp152,2292.930203352758,1.0,head
hd_p11_cp153,1991.0658081625845,1.0,head
hd_p11_cp154,2292.931100091501,1.0,head
hd_p11_cp155,1991.065728234921,1.0,head
hd_p11_cp156,2292.9291281836963,1.0,head
hd_p11_cp157,1991.065467184517,1.0,head
hd_p11_cp158,2292.9225252578017,1.0,head
hd_p11_cp159,1991.064746442457,1.0,head
hd_p11_cp160,2292.9068372298802,1.0,head
hd_p11_cp161,1991.0629529989296,1.0,head
hd_p11_cp162,2292.873914671108,1.0,head
hd_p11_cp163,1991.058856168281,1.0,head
hd_p11_cp164,2292.811904673053,1.0,head
hd_p11_cp165,1991.0502644547555,1.0,head
hd_p11_cp166,2292.708519915613,1.0,head
hd_p11_cp167,1991.0338457205569,1.0,head
hd_p11_cp168,2292.5600695880976,1.0,head
hd_p11_cp169,1991.0055826826967,1.0,head
hd_p11_cp170,2292.3854562709053,1.0,head
hd_p11_cp171,1990.9624024981617,1.0,head
hd_p11_cp172,2292.2356087403505,1.0,head
hd_p11_cp173,1990.9048845071727,1.0,head
hd_p11_cp174,2292.1788501567034,1.0,head
hd_p11_cp175,1990.8393931208648,1.0,head
hd_p11_cp176,2292.2505284153995,1.0,head
hd_p11_cp177,1990.7768444509907,1.0,head
hd_p11_cp178,2292.4083869504484,1.0,head
hd_p11_cp179,1990.7274198711527,1.0,head
hd_p11_cp180,2292.5828208449325,1.0,head
hd_p11_cp181,1990.6959611526634,1.0,head
hd_p11_cp182,2292.7261576372366,1.0,head
hd_p11_cp183,1990.68590545619,1.0,head
hd_p11_cp184,2292.823379617987,1.0,head
hd_p11_cp185,1990.71095601687,1.0,head
hd_p11_cp186,2292.880435743278,1.0,head
hd_p11_cp187,1990.7827788344046,1.0,head
hd_p11_cp188,2292.910190660557,1.0,head
hd_p11_cp189,1990.8721048287596,1.0,head
hd_p11_cp190,2292.924222423159,1.0,head
hd_p11_cp191,1990.949478718653,1.0,head
hd_p11_cp192,2292.93028193669,1.0,head
hd_p11_cp193,1991.003303642938,1.0,head
hd_p11_cp194,2292.932701635343,1.0,head
hd_p11_cp195,1991.0353409156112,1.0,head
hd_p11_cp196,2292.933602131636,1.0,head
hd_p11_cp197,1991.0522144807128,1.0,head
hd_p11_cp198,2292.9339164796356,1.0,head
hd_p11_cp199,1991.0602391666803,1.0,head
hd_p11_cp200,2292.9340199858607,1.0,head
hd_p11_cp201,1991.0637318160998,1.0,head
hd_p11_cp202,2292.934052308894,1.0,head
hd_p11_cp203,1991.0651364608889,1.0,head
hd_p11_cp204,2292.9340619520717,1.0,head
hd_p11_cp205,1991.0656622903728,1.0,head
hd_p11_cp206,2292.934064739623,1.0,head
hd_p11_cp207,1991.0658465975803,1.0,head
hd_p11_cp208,2292.934065544643,1.0,head
hd_p11_cp209,1991.0659073822194,1.0,head
hd_p11_cp210,2292.9340657903695,1.0,head
hd_p11_cp211,1991.0659263250586,1.0,head
hd_p12_cp0,2292.9340629795543,1.0,head
hd_p12_cp1,2292.934065781937,1.0,head
hd_p12_cp2,2285.571419847783,1.0,head
hd_p12_cp3,2285.5714280793486,1.0,head
hd_p12_cp4,2278.2087668925974,1.0,head
hd_p12_cp5,2278.2087895627715,1.0,head
hd_p12_cp6,2270.8460901504577,1.0,head
hd_p12_cp7,2270.8461483461033,1.0,head
hd_p12_cp8,2263.483360481614,1.0,head
hd_p12_cp9,2263.4834985762286,1.0,head
hd_p12_cp10,2256.120523951052,1.0,head
hd_p12_cp11,2256.1208231877868,1.0,head
hd_p12_cp12,2248.757495078426,1.0,head
hd_p12_cp13,2248.75807577772,1.0,head
hd_p12_cp14,2241.394165992645,1.0,head
hd_p12_cp15,2241.3951396374623,1.0,head
hd_p12_cp16,2234.030450468293,1.0,head
hd_p12_cp17,2234.031746014984,1.0,head
hd_p12_cp18,2226.666371514006,1.0,head
hd_p12_cp19,2226.6673357552986,1.0,head
hd_p12_cp20,2219.302158367986,1.0,head
hd_p12_cp21,2219.3008765773097,1.0,head
hd_p12_cp22,2211.938256379173,1.0,head
hd_p12_cp23,2211.9307219429793,1.0,head
hd_p12_cp24,2204.5751496568214,1.0,head
hd_p12_cp25,2204.554705619184,1.0,head
hd_p12_cp26,2197.2130487348772,1.0,head
hd_p12_cp27,2197.1707324973236,1.0,head
hd_p12_cp28,2189.8517198590025,1.0,head
hd_p12_cp29,2189.778073003265,1.0,head
hd_p12_cp30,2182.4906671819863,1.0,head
hd_p12_cp31,2182.3794728201933,1.0,head
hd_p12_cp32,2175.129447127118,1.0,head
hd_p12_cp33,2174.9838353391283,1.0,head
hd_p12_cp34,2167.7678343679418,1.0,head
hd_p12_cp35,2167.60649228475,1.0,head
hd_p12_cp36,2160.405791376333,1.0,head
hd_p12_cp37,2160.258559620482,1.0,head
hd_p12_cp38,2153.0433429701934,1.0,head
hd_p12_cp39,2152.9289207015854,1.0,head
hd_p12_cp40,2145.6804437419814,1.0,head
hd_p12_cp41,2145.6022429098707,1.0,head
hd_p12_cp42,2138.3168610483035,1.0,head
hd_p12_cp43,2138.269621648113,1.0,head
hd_p12_cp44,2130.9520706807493,1.0,head
hd_p12_cp45,2130.9283098934125,1.0,head
hd_p12_cp46,2123.585200893088,1.0,head
hd_p12_cp47,2123.579036382521,1.0,head
hd_p12_cp48,2116.2151452098274,1.0,head
hd_p12_cp49,2116.2238969428263,1.0,head
hd_p12_cp50,2108.841026777945,1.0,head
hd_p12_cp51,2108.86506099367,1.0,head
hd_p12_cp52,2101.4630894341385,1.0,head
hd_p12_cp53,2101.504180439916,1.0,head
hd_p12_cp54,2094.083660328681,1.0,head
hd_p12_cp55,2094.142292920918,1.0,head
hd_p12_cp56,2086.70722019119,1.0,head
hd_p12_cp57,2086.779959789855,1.0,head
hd_p12_cp58,2079.3386053156014,1.0,head
hd_p12_cp59,2079.4174472666336,1.0,head
hd_p12_cp60,2071.97987928045,1.0,head
hd_p12_cp61,2072.054866398861,1.0,head
hd_p12_cp62,2064.6286395369634,1.0,head
hd_p12_cp63,2064.692258015549,1.0,head
hd_p12_cp64,2057.279950395394,1.0,head
hd_p12_cp65,2057.329635997817,1.0,head
hd_p12_cp66,2049.92965093597,1.0,head
hd_p12_cp67,2049.967005826019,1.0,head
hd_p12_cp68,2042.5761462835103,1.0,head
hd_p12_cp69,2042.604370972001,1.0,head
hd_p12_cp70,2035.2200187889646,1.0,head
hd_p12_cp71,2035.2417343447203,1.0,head
hd_p12_cp72,2027.8625261676752,1.0,head
hd_p12_cp73,2027.8790981297318,1.0,head
hd_p12_cp74,2020.5043956977333,1.0,head
hd_p12_cp75,2020.516463381055,1.0,head
hd_p12_cp76,2013.1456732738206,1.0,head
hd_p12_cp77,2013.1538299722827,1.0,head
hd_p12_cp78,2005.7861459811813,1.0,head
hd_p12_cp79,2005.7911970613486,1.0,head
hd_p12_cp80,1998.4257072889832,1.0,head
hd_p12_cp81,1998.428563747136,1.0,head
hd_p12_cp82,1991.0644514360808,1.0,head
hd_p12_cp83,1991.0659294990141,1.0,head
hd_p12_cp84,2292.934058078704,1.0,head
hd_p12_cp85,1991.0622134019325,1.0,head
hd_p12_cp86,2292.934046216254,1.0,head
hd_p12_cp87,1991.0572582613402,1.0,head
hd_p12_cp88,2292.934019358359,1.0,head
hd_p12_cp89,1991.0472437906062,1.0,head
hd_p12_cp90,2292.9339627535296,1.0,head
hd_p12_cp91,1991.0289637759997,1.0,head
hd_p12_cp92,2292.933852319662,1.0,head
hd_p12_cp93,1990.9992573875716,1.0,head
hd_p12_cp94,2292.933654172905,1.0,head
hd_p12_cp95,1990.9572553384546,1.0,head
hd_p12_cp96,2292.933329750242,1.0,head
hd_p12_cp97,1990.9078342017317,1.0,head
hd_p12_cp98,2292.9328496439184,1.0,head
hd_p12_cp99,1990.8644114452075,1.0,head
hd_p12_cp100,2292.9322147894172,1.0,head
hd_p12_cp101,1990.8461695591845,1.0,head
hd_p12_cp102,2292.931474281879,1.0,head
hd_p12_cp103,1990.8644114452056,1.0,head
hd_p12_cp104,2292.9307206516964,1.0,head
hd_p12_cp105,1990.907834201727,1.0,head
hd_p12_cp106,2292.9300511209776,1.0,head
hd_p12_cp107,1990.9572553384473,1.0,head
hd_p12_cp108,2292.9295201753994,1.0,head
hd_p12_cp109,1990.999257387558,1.0,head
hd_p12_cp110,2292.929147788374,1.0,head
hd_p12_cp111,1991.0289637759606,1.0,head
hd_p12_cp112,2292.928997001186,1.0,head
hd_p12_cp113,1991.04724379047,1.0,head
hd_p12_cp114,2292.929184230019,1.0,head
hd_p12_cp115,1991.0572582608552,1.0,head
hd_p12_cp116,2292.929767411252,1.0,head
hd_p12_cp117,1991.0622134002585,1.0,head
hd_p12_cp118,2292.93064012878,1.0,head
hd_p12_cp119,1991.0644514305313,1.0,head
hd_p12_cp120,2292.931556737668,1.0,head
hd_p12_cp121,1991.065382137032,1.0,head
hd_p12_cp122,2292.932227775405,1.0,head
hd_p12_cp123,1991.0657411321372,1.0,head
hd_p12_cp124,2292.932342486988,1.0,head
hd_p12_cp125,1991.0658703387205,1.0,head
hd_p12_cp126,2292.931448097406,1.0,head
hd_p12_cp127,1991.0659138013218,1.0,head
hd_p12_cp128,2292.9287162012265,1.0,head
hd_p12_cp129,1991.0659270940873,1.0,head
hd_p12_cp130,2292.922724099461,1.0,head
hd_p12_cp131,1991.0659297726995,1.0,head
hd_p12_cp132,2292.9115544231986,1.0,head
hd_p12_cp133,1991.0659276538727,1.0,head
hd_p12_cp134,2292.893761032245,1.0,head
hd_p12_cp135,1991.065921356215,1.0,head
hd_p12_cp136,2292.870640764712,1.0,head
hd_p12_cp137,1991.0659094205644,1.0,head
hd_p12_cp138,2292.8488181322227,1.0,head
hd_p12_cp139,1991.0658898204877,1.0,head
hd_p12_cp140,2292.839217080073,1.0,head
hd_p12_cp141,1991.065861478298,1.0,head
hd_p12_cp142,2292.8484927601094,1.0,head
hd_p12_cp143,1991.0658260746266,1.0,head
hd_p12_cp144,2292.8701083546543,1.0,head
hd_p12_cp145,1991.0657892125707,1.0,head
hd_p12_cp146,2292.89317466943,1.0,head
hd_p12_cp147,1991.0657591025893,1.0,head
hd_p12_cp148,2292.91100036246,1.0,head
hd_p12_cp149,1991.0657412632256,1.0,head
hd_p12_cp150,2292.922133673547,1.0,head
hd_p12_cp151,1991.0657291471632,1.0,head
hd_p12_cp152,2292.927727277113,1.0,head
hd_p12_cp153,1991.0656900436443,1.0,head
hd_p12_cp154,2292.929050601517,1.0,head
hd_p12_cp155,1991.065538774255,1.0,head
hd_p12_cp156,2292.926031568401,1.0,head
hd_p12_cp157,1991.0650787479162,1.0,head
hd_p12_cp158,2292.916275881291,1.0,head
hd_p12_cp159,1991.0638774900153,1.0,head
hd_p12_cp160,2292.8940385261194,1.0,head
hd_p12_cp161,1991.0610421569122,1.0,head
hd_p12_cp162,2292.849343454854,1.0,head
hd_p12_cp163,1991.0548907659067,1.0,head
hd_p12_cp164,2292.768554561434,1.0,head
hd_p12_cp165,1991.042613877371,1.0,head
hd_p12_cp166,2292.638804326606,1.0,head
hd_p12_cp167,1991.0202139952623,1.0,head
hd_p12_cp168,2292.458483003269,1.0,head
hd_p12_cp169,1990.9832198623442,1.0,head
hd_p12_cp170,2292.252109674923,1.0,head
hd_p12_cp171,1990.9286119264464,1.0,head
hd_p12_cp172,2292.078802417445,1.0,head
hd_p12_cp173,1990.857641494288,1.0,head
hd_p12_cp174,2292.0142646390386,1.0,head
hd_p12_cp175,1990.7778130263105,1.0,head
hd_p12_cp176,2292.0965472517055,1.0,head
hd_p12_cp177,1990.7015363257701,1.0,head
hd_p12_cp178,2292.2799362708242,1.0,head
hd_p12_cp179,1990.640834646559,1.0,head
hd_p12_cp180,2292.486916276834,1.0,head
hd_p12_cp181,1990.6021693470436,1.0,head
hd_p12_cp182,2292.6616483269413,1.0,head
hd_p12_cp183,1990.5902677633042,1.0,head
hd_p12_cp184,2292.7840224029906,1.0,head
hd_p12_cp185,1990.621522858579,1.0,head
hd_p12_cp186,2292.8585240100224,1.0,head
hd_p12_cp187,1990.7078781572689,1.0,head
hd_p12_cp188,2292.8989962857054,1.0,head
hd_p12_cp189,1990.8168552059772,1.0,head
hd_p12_cp190,2292.918945880402,1.0,head
hd_p12_cp191,1990.9130989623957,1.0,head
hd_p12_cp192,2292.9279748257104,1.0,head
hd_p12_cp193,1990.981552812163,1.0,head
hd_p12_cp194,2292.9317608753254,1.0,head
hd_p12_cp195,1991.0234023168473,1.0,head
hd_p12_cp196,2292.933242467285,1.0,head
hd_p12_cp197,1991.0461603767635,1.0,head
hd_p12_cp198,2292.9337868248645,1.0,head
hd_p12_cp199,1991.0573903407762,1.0,head
hd_p12_cp200,2292.9339755989363,1.0,head
hd_p12_cp201,1991.0624831416874,1.0,head
hd_p12_cp202,2292.9340377126464,1.0,head
hd_p12_cp203,1991.0646248014762,1.0,head
hd_p12_cp204,2292.9340572434476,1.0,head
hd_p12_cp205,1991.065465592046,1.0,head
hd_p12_cp206,2292.934063192456,1.0,head
hd_p12_cp207,1991.0657754113975,1.0,head
hd_p12_cp208,2292.9340649991755,1.0,head
hd_p12_cp209,1991.0658830494194,1.0,head
hd_p12_cp210,2292.934065575888,1.0,head
hd_p12_cp211,1991.0659184446265,1.0,head
hd_p13_cp0,2292.934059227954,1.0,head
hd_p13_cp1,2292.9340655780843,1.0,head
hd_p13_cp2,2285.5714097028454,1.0,head
hd_p13_cp3,2285.5714274846723,1.0,head
hd_p13_cp4,2278.208741049719,1.0,head
hd_p13_cp5,2278.20878778441,1.0,head
hd_p13_cp6,2270.8460283993054,1.0,head
hd_p13_cp7,2270.846143059284,1.0,head
hd_p13_cp8,2263.483222716679,1.0,head
hd_p13_cp9,2263.4834833242667,1.0,head
hd_p13_cp10,2256.1202384509165,1.0,head
hd_p13_cp11,2256.120781179956,1.0,head
hd_p13_cp12,2248.756948524044,1.0,head
hd_p13_cp13,2248.7579664986583,1.0,head
hd_p13_cp14,2241.3932052298346,1.0,head
hd_p13_cp15,2241.3948731305677,1.0,head
hd_p13_cp16,2234.0289094541718,1.0,head
hd_p13_cp17,2234.031139936268,1.0,head
hd_p13_cp18,2226.66413062659,1.0,head
hd_p13_cp19,2226.666054620364,1.0,head
hd_p13_cp20,2219.2992217966753,1.0,head
hd_p13_cp21,2219.2983597033935,1.0,head
hd_p13_cp22,2211.9348054757234,1.0,head
hd_p13_cp23,2211.926104825866,1.0,head
hd_p13_cp24,2204.5715241573153,1.0,head
hd_p13_cp25,2204.54671599969,1.0,head
hd_p13_cp26,2197.2096467368274,1.0,head
hd_p13_cp27,2197.157544027337,1.0,head
hd_p13_cp28,2189.848866008954,1.0,head
hd_p13_cp29,2189.7573096529068,1.0,head
hd_p13_cp30,2182.4885188432363,1.0,head
hd_p13_cp31,2182.349064590754,1.0,head
hd_p13_cp32,2175.1279828193533,1.0,head
hd_p13_cp33,2174.944343554604,1.0,head
hd_p13_cp34,2167.766908150648,1.0,head
hd_p13_cp35,2167.5631468722418,1.0,head
hd_p13_cp36,2160.405199227473,1.0,head
hd_p13_cp37,2160.219066703255,1.0,head
hd_p13_cp38,2153.042854760074,1.0,head
hd_p13_cp39,2152.898509597958,1.0,head
hd_p13_cp40,2145.679782255944,1.0,head
hd_p13_cp41,2145.5814736265306,1.0,head
hd_p13_cp42,2138.315632858044,1.0,head
hd_p13_cp43,2138.256422061859,1.0,head
hd_p13_cp44,2130.949671500791,1.0,head
hd_p13_cp45,2130.920301141763,1.0,head
hd_p13_cp46,2123.580742042684,1.0,head
hd_p13_cp47,2123.574389104249,1.0,head
hd_p13_cp48,2116.207478580773,1.0,head
hd_p13_cp49,2116.2213367387244,1.0,head
hd_p13_cp50,2108.8289549746896,1.0,head
hd_p13_cp51,2108.8637234128078,1.0,head
hd_p13_cp52,2101.4457853575573,1.0,head
hd_p13_cp53,2101.503507946638,1.0,head
hd_p13_cp54,2094.0611679401377,1.0,head
hd_p13_cp55,2094.141955964828,1.0,head
hd_p13_cp56,2086.6807539161427,1.0,head
hd_p13_cp57,2086.7797830120717,1.0,head
hd_p13_cp58,2079.3103855623663,1.0,head
hd_p13_cp59,2079.417346368083,1.0,head
hd_p13_cp60,2071.9525023078772,1.0,head
hd_p13_cp61,2072.05480350992,1.0,head
hd_p13_cp62,2064.6042799798606,1.0,head
hd_p13_cp63,2064.692215788835,1.0,head
hd_p13_cp64,2057.2597905106068,1.0,head
hd_p13_cp65,2057.3296053105887,1.0,head
hd_p13_cp66,2049.9138062514735,1.0,head
hd_p13_cp67,2049.966981148215,1.0,head
hd_p13_cp68,2042.5640370656354,1.0,head
hd_p13_cp69,2042.6043490502036,1.0,head
hd_p13_cp70,2035.2108704614218,1.0,head
hd_p13_cp71,2035.2417138090477,1.0,head
hd_p13_cp72,2027.855689391609,1.0,head
hd_p13_cp73,2027.8790790428575,1.0,head
hd_p13_cp74,2020.4994073559776,1.0,head
hd_p13_cp75,2020.5164465496725,1.0,head
hd_p13_cp76,2013.1421821943838,1.0,head
hd_p13_cp77,2013.1538162228117,1.0,head
hd_p13_cp78,2005.783838775269,1.0,head
hd_p13_cp79,2005.7911867583937,1.0,head
hd_p13_cp80,1998.4242831661866,1.0,head
hd_p13_cp81,1998.4285566807018,1.0,head
hd_p13_cp82,1991.0636355870804,1.0,head
hd_p13_cp83,1991.0659250556282,1.0,head
hd_p13_cp84,2292.9340487930695,1.0,head
hd_p13_cp85,1991.0604383539114,1.0,head
hd_p13_cp86,2292.9340245117737,1.0,head
hd_p13_cp87,1991.0536801849323,1.0,head
hd_p13_cp88,2292.933971591981,1.0,head
hd_p13_cp89,1991.0405734031947,1.0,head
hd_p13_cp90,2292.9338640902597,1.0,head
hd_p13_cp91,1991.0174689291114,1.0,head
hd_p13_cp92,2292.9336616726855,1.0,head
hd_p13_cp93,1990.9809547531424,1.0,head
hd_p13_cp94,2292.9333106628414,1.0,head
hd_p13_cp95,1990.9304222798553,1.0,head
hd_p13_cp96,2292.9327543033346,1.0,head
hd_p13_cp97,1990.8719741289933,1.0,head
hd_p13_cp98,2292.931955369153,1.0,head
hd_p13_cp99,1990.8214196759604,1.0,head
hd_p13_cp100,2292.9309265819925,1.0,head
hd_p13_cp101,1990.800513780709,1.0,head
hd_p13_cp102,2292.929751890653,1.0,head
hd_p13_cp103,1990.8214196759584,1.0,head
hd_p13_cp104,2292.928574457716,1.0,head
hd_p13_cp105,1990.8719741289874,1.0,head
hd_p13_cp106,2292.927542225611,1.0,head
hd_p13_cp107,1990.930422279842,1.0,head
hd_p13_cp108,2292.926747226333,1.0,head
hd_p13_cp109,1990.9809547531054,1.0,head
hd_p13_cp110,2292.926234116359,1.0,head
hd_p13_cp111,1991.0174689289854,1.0,head
hd_p13_cp112,2292.926087720632,1.0,head
hd_p13_cp113,1991.0405734027622,1.0,head
hd_p13_cp114,2292.926441724104,1.0,head
hd_p13_cp115,1991.0536801834555,1.0,head
hd_p13_cp116,2292.927348148189,1.0,head
hd_p13_cp117,1991.0604383490315,1.0,head
hd_p13_cp118,2292.9286519952116,1.0,head
hd_p13_cp119,1991.0636355715953,1.0,head
hd_p13_cp120,2292.930012371208,1.0,head
hd_p13_cp121,1991.0650336176984,1.0,head
hd_p13_cp122,2292.9310093130066,1.0,head
hd_p13_cp123,1991.0656021633217,1.0,head
hd_p13_cp124,2292.9311701456636,1.0,head
hd_p13_cp125,1991.065818250065,1.0,head
hd_p13_cp126,2292.92982344739,1.0,head
hd_p13_cp127,1991.0658950062073,1.0,head
hd_p13_cp128,2292.92582422495,1.0,head
hd_p13_cp129,1991.0659196792367,1.0,head
hd_p13_cp130,2292.9173422213144,1.0,head
hd_p13_cp131,1991.0659247957249,1.0,head
hd_p13_cp132,2292.9021209889083,1.0,head
hd_p13_cp133,1991.0659206011462,1.0,head
hd_p13_cp134,2292.878818582549,1.0,head
hd_p13_cp135,1991.0659084428373,1.0,head
hd_p13_cp136,2292.8496938788144,1.0,head
hd_p13_cp137,1991.0658861154232,1.0,head
hd_p13_cp138,2292.8231211484404,1.0,head
hd_p13_cp139,1991.0658506498348,1.0,head
hd_p13_cp140,2292.811669752199,1.0,head
hd_p13_cp141,1991.0658009305719,1.0,head
hd_p13_cp142,2292.8226069172847,1.0,head
hd_p13_cp143,1991.0657404407546,1.0,head
hd_p13_cp144,2292.848840348378,1.0,head
hd_p13_cp145,1991.0656786016352,1.0,head
hd_p13_cp146,2292.8778572185615,1.0,head
hd_p13_cp147,1991.0656280622757,1.0,head
hd_p13_cp148,2292.9011872709734,1.0,head
hd_p13_cp149,1991.0655959681194,1.0,head
hd_p13_cp150,2292.916333240773,1.0,head
hd_p13_cp151,1991.0655690709057,1.0,head
hd_p13_cp152,2292.924184918962,1.0,head
hd_p13_cp153,1991.0654913766764,1.0,head
hd_p13_cp154,2292.926046133082,1.0,head
hd_p13_cp155,1991.0652240941706,1.0,head
hd_p13_cp156,2292.9216684605253,1.0,head
hd_p13_cp157,1991.0644625858315,1.0,head
hd_p13_cp158,2292.9079445111447,1.0,head
hd_p13_cp159,1991.062573904312,1.0,head
hd_p13_cp160,2292.877775374852,1.0,head
hd_p13_cp161,1991.0583259874709,1.0,head
hd_p13_cp162,2292.8193974817973,1.0,head
hd_p13_cp163,1991.0495283187581,1.0,head
hd_p13_cp164,2292.7176266497754,1.0,head
hd_p13_cp165,1991.0327229768104,1.0,head
hd_p13_cp166,2292.5594562893007,1.0,head
hd_p13_cp167,1991.0032549116277,1.0,head
hd_p13_cp168,2292.34583826953,1.0,head
hd_p13_cp169,1990.9562053452578,1.0,head
hd_p13_cp170,2292.1070703191713,1.0,head
hd_p13_cp171,1990.8885249080242,1.0,head
hd_p13_cp172,2291.9100455677935,1.0,head
hd_p13_cp173,1990.8019599182878,1.0,head
hd_p13_cp174,2291.8374588828287,1.0,head
hd_p13_cp175,1990.705154359748,1.0,head
hd_p13_cp176,2291.9305370538195,1.0,head
hd_p13_cp177,1990.612583457986,1.0,head
hd_p13_cp178,2292.1397606967107,1.0,head
hd_p13_cp179,1990.539172320127,1.0,head
hd_p13_cp180,2292.380110274717,1.0,head
hd_p13_cp181,1990.4939491161858,1.0,head
hd_p13_cp182,2292.587885651847,1.0,head
hd_p13_cp183,1990.4831066000997,1.0,head
hd_p13_cp184,2292.7375933053463,1.0,head
hd_p13_cp185,1990.5236150831374,1.0,head
hd_p13_cp186,2292.831739413353,1.0,head
hd_p13_cp187,1990.625110420929,1.0,head
hd_p13_cp188,2292.8847602941855,1.0,head
hd_p13_cp189,1990.7540047070706,1.0,head
hd_p13_cp190,2292.911940646047,1.0,head
hd_p13_cp191,1990.870446863621,1.0,head
hd_p13_cp192,2292.924768256365,1.0,head
hd_p13_cp193,1990.955346432746,1.0,head
hd_p13_cp194,2292.930389144543,1.0,head
hd_p13_cp195,1991.0086205462264,1.0,head
hd_p13_cp196,2292.932691437625,1.0,head
hd_p13_cp197,1991.0384345428417,1.0,head
hd_p13_cp198,2292.933577875095,1.0,head
hd_p13_cp199,1991.0536275884854,1.0,head
hd_p13_cp200,2292.9339002902693,1.0,head
hd_p13_cp201,1991.0607690018526,1.0,head
hd_p13_cp202,2292.9340116292674,1.0,head
hd_p13_cp203,1991.0638921220216,1.0,head
hd_p13_cp204,2292.9340483862347,1.0,head
hd_p13_cp205,1991.0651708944183,1.0,head
hd_p13_cp206,2292.9340601385525,1.0,head
hd_p13_cp207,1991.0656635500472,1.0,head
hd_p13_cp208,2292.9340638771823,1.0,head
hd_p13_cp209,1991.0658428657741,1.0,head
hd_p13_cp210,2292.9340651198672,1.0,head
hd_p13_cp211,1991.0659047459935,1.0,head
hd_p14_cp0,2292.9340518825943,1.0,head
hd_p14_cp1,2292.9340651672655,1.0,head
hd_p14_cp2,2285.5713907670347,1.0,head
hd_p14_cp3,2285.5714263564346,1.0,head
hd_p14_cp4,2278.2086950255707,1.0,head
hd_p14_cp5,2278.20878461145,1.0,head
hd_p14_cp6,2270.8459233487856,1.0,head
hd_p14_cp7,2270.8461341774737,1.0,head
hd_p14_cp8,2263.482998508296,1.0,head
hd_p14_cp9,2263.483459146381,1.0,head
hd_p14_cp10,2256.1197930832927,1.0,head
hd_p14_cp11,2256.120718190287,1.0,head
hd_p14_cp12,2248.75612928092,1.0,head
hd_p14_cp13,2248.7578110444324,1.0,head
hd_p14_cp14,2241.3918171581277,1.0,head
hd_p14_cp15,2241.394511983816,1.0,head
hd_p14_cp16,2234.02675509614,1.0,head
hd_p14_cp17,2234.030352664967,1.0,head
hd_p14_cp18,2226.661084233145,1.0,head
hd_p14_cp19,2226.664444150356,1.0,head
hd_p14_cp20,2219.29531570033,1.0,head
hd_p14_cp21,2219.295255752084,1.0,head
hd_p14_cp22,2211.9302800350683,1.0,head
hd_p14_cp23,2211.9204237175954,1.0,head
hd_p14_cp24,2204.566795551793,1.0,head
hd_p14_cp25,2204.5367580410643,1.0,head
hd_p14_cp26,2197.2051925969067,1.0,head
hd_p14_cp27,2197.140812455374,1.0,head
hd_p14_cp28,2189.8450814644298,1.0,head
hd_p14_cp29,2189.7307735158465,1.0,head
hd_p14_cp30,2182.4856099272724,1.0,head
hd_p14_cp31,2182.31061506345,1.0,head
hd_p14_cp32,2175.125943266458,1.0,head
hd_p14_cp33,2174.8954041533393,1.0,head
hd_p14_cp34,2167.765570237708,1.0,head
hd_p14_cp35,2167.5099942378574,1.0,head
hd_p14_cp36,2160.4043051084286,1.0,head
hd_p14_cp37,2160.170125226963,1.0,head
hd_p14_cp38,2153.0420944767675,1.0,head
hd_p14_cp39,2152.86005494358,1.0,head
hd_p14_cp40,2145.678772828346,1.0,head
hd_p14_cp41,2145.554927251343,1.0,head
hd_p14_cp42,2138.313843522828,1.0,head
hd_p14_cp43,2138.239671936698,1.0,head
hd_p14_cp44,2130.946326721872,1.0,head
hd_p14_cp45,2130.910312211233,1.0,head
hd_p14_cp46,2123.57476249315,1.0,head
hd_p14_cp47,2123.5686604346474,1.0,head
hd_p14_cp48,2116.1975459878863,1.0,head
hd_p14_cp49,2116.2181658855757,1.0,head
hd_p14_cp50,2108.8137784332807,1.0,head
hd_p14_cp51,2108.8620271103896,1.0,head
hd_p14_cp52,2101.424563173149,1.0,head
hd_p14_cp53,2101.502620576171,1.0,head
hd_p14_cp54,2094.0340852118557,1.0,head
hd_p14_cp55,2094.1414888453364,1.0,head
hd_p14_cp56,2086.649235505195,1.0,head
hd_p14_cp57,2086.7795254729863,1.0,head
hd_p14_cp58,2079.276884099867,1.0,head
hd_p14_cp59,2079.4171931474916,1.0,head
hd_p14_cp60,2071.9198518843837,1.0,head
hd_p14_cp61,2072.054704859801,1.0,head
hd_p14_cp62,2064.5748955368445,1.0,head
hd_p14_cp63,2064.6921477128185,1.0,head
hd_p14_cp64,2057.2350834449594,1.0,head
hd_p14_cp65,2057.3295547540133,1.0,head
hd_p14_cp66,2049.8940678559043,1.0,head
hd_p14_cp67,2049.966940100475,1.0,head
hd_p14_cp68,2042.5487675629965,1.0,head
hd_p14_cp69,2042.6043127528865,1.0,head
hd_p14_cp70,2035.1992718747968,1.0,head
hd_p14_cp71,2035.2416801854615,1.0,head
hd_p14_cp72,2027.8470175947018,1.0,head
hd_p14_cp73,2027.879048066602,1.0,head
hd_p14_cp74,2020.4930813227306,1.0,head
hd_p14_cp75,2020.5164192904422,1.0,head
hd_p14_cp76,2013.1377398037916,1.0,head
hd_p14_cp77,2013.1537938312074,1.0,head
hd_p14_cp78,2005.7808733317631,1.0,head
hd_p14_cp79,2005.7911697672027,1.0,head
hd_p14_cp80,1998.4224193784955,1.0,head
hd_p14_cp81,1998.4285448069697,1.0,head
hd_p14_cp82,1991.06253955128,1.0,head
hd_p14_cp83,1991.0659174085556,1.0,head
hd_p14_cp84,2292.9340313193047,1.0,head
hd_p14_cp85,1991.0581517450207,1.0,head
hd_p14_cp86,2292.933985217272,1.0,head
hd_p14_cp87,1991.0492338575993,1.0,head
hd_p14_cp88,2292.933888302928,1.0,head
hd_p14_cp89,1991.0325231281527,1.0,head
hd_p14_cp90,2292.933698184784,1.0,head
hd_p14_cp91,1991.003911684583,1.0,head
hd_p14_cp92,2292.9333520246196,1.0,head
hd_p14_cp93,1990.9597796442733,1.0,head
hd_p14_cp94,2292.9327706289077,1.0,head
hd_p14_cp95,1990.899963991359,1.0,head
hd_p14_cp96,2292.9318762039734,1.0,head
hd_p14_cp97,1990.8320950814568,1.0,head
hd_p14_cp98,2292.930626015319,1.0,head
hd_p14_cp99,1990.774448472887,1.0,head
hd_p14_cp100,2292.9290529662726,1.0,head
hd_p14_cp101,1990.7509395458026,1.0,head
hd_p14_cp102,2292.92728950228,1.0,head
hd_p14_cp103,1990.7744484728835,1.0,head
hd_p14_cp104,2292.9255463494233,1.0,head
hd_p14_cp105,1990.8320950814457,1.0,head
hd_p14_cp106,2292.9240396999867,1.0,head
hd_p14_cp107,1990.899963991327,1.0,head
hd_p14_cp108,2292.9229137058483,1.0,head
hd_p14_cp109,1990.959779644165,1.0,head
hd_p14_cp110,2292.92224570042,1.0,head
hd_p14_cp111,1991.0039116842154,1.0,head
hd_p14_cp112,2292.922140782317,1.0,head
hd_p14_cp113,1991.0325231269123,1.0,head
hd_p14_cp114,2292.9227406197942,1.0,head
hd_p14_cp115,1991.049233853521,1.0,head
hd_p14_cp116,2292.9240785429056,1.0,head
hd_p14_cp117,1991.0581517320843,1.0,head
hd_p14_cp118,2292.9259360615956,1.0,head
hd_p14_cp119,1991.0625395118777,1.0,head
hd_p14_cp120,2292.9278567721076,1.0,head
hd_p14_cp121,1991.0645430020056,1.0,head
hd_p14_cp122,2292.9292586024962,1.0,head
hd_p14_cp123,1991.0653964357807,1.0,head
hd_p14_cp124,2292.9294613116103,1.0,head
hd_p14_cp125,1991.0657368883044,1.0,head
hd_p14_cp126,2292.9275206195257,1.0,head
hd_p14_cp127,1991.0658638501304,1.0,head
hd_p14_cp128,2292.9219312599566,1.0,head
hd_p14_cp129,1991.0659064944182,1.0,head
hd_p14_cp130,2292.9104614701805,1.0,head
hd_p14_cp131,1991.065915522365,1.0,head
hd_p14_cp132,2292.89061761352,1.0,head
hd_p14_cp133,1991.065907758443,1.0,head
hd_p14_cp134,2292.8613491561605,1.0,head
hd_p14_cp135,1991.065885831986,1.0,head
hd_p14_cp136,2292.826009135127,1.0,head
hd_p14_cp137,1991.065846702855,1.0,head
hd_p14_cp138,2292.794632818442,1.0,head
hd_p14_cp139,1991.0657863905503,1.0,head
hd_p14_cp140,2292.781268883958,1.0,head
hd_p14_cp141,1991.065704165063,1.0,head
hd_p14_cp142,2292.793860029349,1.0,head
hd_p14_cp143,1991.0656064314448,1.0,head
hd_p14_cp144,2292.8247097051744,1.0,head
hd_p14_cp145,1991.0655079984401,1.0,head
hd_p14_cp146,2292.859855102993,1.0,head
hd_p14_cp147,1991.0654271459264,1.0,head
hd_p14_cp148,2292.889129344915,1.0,head
hd_p14_cp149,1991.0653720349283,1.0,head
hd_p14_cp150,2292.9088314708556,1.0,head
hd_p14_cp151,1991.0653182462013,1.0,head
hd_p14_cp152,2292.9193508496733,1.0,head
hd_p14_cp153,1991.065175351996,1.0,head
hd_p14_cp154,2292.921844303944,1.0,head
hd_p14_cp155,1991.0647295611448,1.0,head
hd_p14_cp156,2292.9157721945585,1.0,head
hd_p14_cp157,1991.0635331988067,1.0,head
hd_p14_cp158,2292.8972392921373,1.0,head
hd_p14_cp159,1991.0607036547228,1.0,head
hd_p14_cp160,2292.8577741591193,1.0,head
hd_p14_cp161,1991.054612225145,1.0,head
hd_p14_cp162,2292.783928033135,1.0,head
hd_p14_cp163,1991.0425077627713,1.0,head
hd_p14_cp164,2292.6592459934477,1.0,head
hd_p14_cp165,1991.0202484744261,1.0,head
hd_p14_cp166,2292.470978535936,1.0,head
hd_p14_cp167,1990.9824885475791,1.0,head
hd_p14_cp168,2292.2229221485036,1.0,head
hd_p14_cp169,1990.9237769729527,1.0,head
hd_p14_cp170,2291.951062531563,1.0,head
hd_p14_cp171,1990.8408641168521,1.0,head
hd_p14_cp172,2291.7297921784425,1.0,head
hd_p14_cp173,1990.735871557445,1.0,head
hd_p14_cp174,2291.648930014047,1.0,head
hd_p14_cp175,1990.6188808529098,1.0,head
hd_p14_cp176,2291.7528781924875,1.0,head
hd_p14_cp177,1990.5074129608633,1.0,head
hd_p14_cp178,2291.98845622826,1.0,head
hd_p14_cp179,1990.4206203677143,1.0,head
hd_p14_cp180,2292.2630264935588,1.0,head
hd_p14_cp181,1990.3709118510963,1.0,head
hd_p14_cp182,2292.5052116287275,1.0,head
hd_p14_cp183,1990.365155721124,1.0,head
hd_p14_cp184,2292.68410326924,1.0,head
hd_p14_cp185,1990.4181780171498,1.0,head
hd_p14_cp186,2292.7998858367678,1.0,head
hd_p14_cp187,1990.5364768256989,1.0,head
hd_p14_cp188,2292.867221194524,1.0,head
hd_p14_cp189,1990.6852957052868,1.0,head
hd_p14_cp190,2292.9029717082885,1.0,head
hd_p14_cp191,1990.8222442667218,1.0,head
hd_p14_cp192,2292.9204905600936,1.0,head
hd_p14_cp193,1990.9247116124209,1.0,head
hd_p14_cp194,2292.9284782608493,1.0,head
hd_p14_cp195,1990.9907899448685,1.0,head
hd_p14_cp196,2292.9318884896293,1.0,head
hd_p14_cp197,1991.0288262042286,1.0,head
hd_p14_cp198,2292.9332589490296,1.0,head
hd_p14_cp199,1991.0487965587486,1.0,head
hd_p14_cp200,2292.933779765572,1.0,head
hd_p14_cp201,1991.0584911211515,1.0,head
hd_p14_cp202,2292.933967834817,1.0,head
hd_p14_cp203,1991.0628814106735,1.0,head
hd_p14_cp204,2292.934032793771,1.0,head
hd_p14_cp205,1991.064747712567,1.0,head
hd_p14_cp206,2292.9340545198656,1.0,head
hd_p14_cp207,1991.0654959325163,1.0,head
hd_p14_cp208,2292.9340617347525,1.0,head
hd_p14_cp209,1991.0657799067408,1.0,head
hd_p14_cp210,2292.934064223547,1.0,head
hd_p14_cp211,1991.0658822669088,1.0,head
hd_p15_cp0,2292.93403847126,1.0,head
hd_p15_cp1,2292.934064395663,1.0,head
hd_p15_cp2,2285.5713576988414,1.0,head
hd_p15_cp3,2285.571424354337,1.0,head
hd_p15_cp4,2278.208618079483,1.0,head
hd_p15_cp5,2278.208779295265,1.0,head
hd_p15_cp6,2270.845755005671,1.0,head
hd_p15_cp7,2270.8461201024998,1.0,head
hd_p15_cp8,2263.4826535993043,1.0,head
hd_p15_cp9,2263.4834228022414,1.0,head
hd_p15_cp10,2256.119134139379,1.0,head
hd_p15_cp11,2256.1206280561614,1.0,head
hd_p15_cp12,2248.754960757546,1.0,head
hd_p15_cp13,2248.7575983599445,1.0,head
hd_p15_cp14,2241.38990293205,1.0,head
hd_p15_cp15,2241.394036758835,1.0,head
hd_p15_cp16,2234.0238721710057,1.0,head
hd_p15_cp17,2234.02934810022,1.0,head
hd_p15_cp18,2226.6571102616426,1.0,head
hd_p15_cp19,2226.6624297636367,1.0,head
hd_p15_cp20,2219.290319930083,1.0,head
hd_p15_cp21,2219.2914021839833,1.0,head
hd_p15_cp22,2211.924565630905,1.0,head
hd_p15_cp23,2211.9133474176083,1.0,head
hd_p15_cp24,2204.5608537275098,1.0,head
hd_p15_cp25,2204.5242687659056,1.0,head
hd_p15_cp26,2197.199576988617,1.0,head
hd_p15_cp27,2197.1198274446892,1.0,head
hd_p15_cp28,2189.840255135026,1.0,head
hd_p15_cp29,2189.697943293946,1.0,head
hd_p15_cp30,2182.481829045177,1.0,head
hd_p15_cp31,2182.264193320811,1.0,head
hd_p15_cp32,2175.123221869116,1.0,head
hd_p15_cp33,2174.837682700411,1.0,head
hd_p15_cp34,2167.7637230027767,1.0,head
hd_p15_cp35,2167.4478625507954,1.0,head
hd_p15_cp36,2160.403018748889,1.0,head
hd_p15_cp37,2160.112400215599,1.0,head
hd_p15_cp38,2153.0409698427875,1.0,head
hd_p15_cp39,2152.8136246070126,1.0,head
hd_p15_cp40,2145.6773059549387,1.0,head
hd_p15_cp41,2145.522080354341,1.0,head
hd_p15_cp42,2138.311350612832,1.0,head
hd_p15_cp43,2138.218657570048,1.0,head
hd_p15_cp44,2130.94185279659,1.0,head
hd_p15_cp45,2130.8977752057763,1.0,head
hd_p15_cp46,2123.567044948261,1.0,head
hd_p15_cp47,2123.561512469391,1.0,head
hd_p15_cp48,2116.1851221647494,1.0,head
hd_p15_cp49,2116.2142133010093,1.0,head
hd_p15_cp50,2108.7953001894903,1.0,head
hd_p15_cp51,2108.859887311742,1.0,head
hd_p15_cp52,2101.399283044427,1.0,head
hd_p15_cp53,2101.501470822707,1.0,head
hd_p15_cp54,2094.0023340864677,1.0,head
hd_p15_cp55,2094.140860123966,1.0,head
hd_p15_cp56,2086.612627653954,1.0,head
hd_p15_cp57,2086.77916418894,1.0,head
hd_p15_cp58,2079.238070980648,1.0,head
hd_p15_cp59,2079.4169701592004,1.0,head
hd_p15_cp60,2071.8818704258842,1.0,head
hd_p15_cp61,2072.054556942145,1.0,head
hd_p15_cp62,2064.540369156664,1.0,head
hd_p15_cp63,2064.692043071428,1.0,head
hd_p15_cp64,2057.2056361213217,1.0,head
hd_p15_cp65,2057.329475542534,1.0,head
hd_p15_cp66,2049.870178487249,1.0,head
hd_p15_cp67,2049.9668752142943,1.0,head
hd_p15_cp68,2042.5300512402105,1.0,head
hd_p15_cp69,2042.6042555298316,1.0,head
hd_p15_cp70,2035.1849455094937,1.0,head
hd_p15_cp71,2035.2416276282866,1.0,head
hd_p15_cp72,2027.8362691869677,1.0,head
hd_p15_cp73,2027.8789999932976,1.0,head
hd_p15_cp74,2020.4852225307998,1.0,head
hd_p15_cp75,2020.5163770614129,1.0,head
hd_p15_cp76,2013.132197723373,1.0,head
hd_p15_cp77,2013.1537589815725,1.0,head
hd_p15_cp78,2005.7771422116691,1.0,head
hd_p15_cp79,2005.79114303593,1.0,head
hd_p15_cp80,1998.4200405606025,1.0,head
hd_p15_cp81,1998.428525820826,1.0,head
hd_p15_cp82,1991.0611112645408,1.0,head
hd_p15_cp83,1991.0659049216652,1.0,head
hd_p15_cp84,2292.9340005866966,1.0,head
hd_p15_cp85,1991.0552757004907,1.0,head
hd_p15_cp86,2292.933918580444,1.0,head
hd_p15_cp87,1991.0438094566116,1.0,head
hd_p15_cp88,2292.9337519586416,1.0,head
hd_p15_cp89,1991.0229539372303,1.0,head
hd_p15_cp90,2292.9334356451423,1.0,head
hd_p15_cp91,1990.9881622227851,1.0,head
hd_p15_cp92,2292.932877475695,1.0,head
hd_p15_cp93,1990.935717346826,1.0,head
hd_p15_cp94,2292.931967219454,1.0,head
hd_p15_cp95,1990.866110408053,1.0,head
hd_p15_cp96,2292.9306042874277,1.0,head
hd_p15_cp97,1990.7886284962244,1.0,head
hd_p15_cp98,2292.9287445001096,1.0,head
hd_p15_cp99,1990.723814256747,1.0,head
hd_p15_cp100,2292.9264515769974,1.0,head
hd_p15_cp101,1990.6975583729445,1.0,head
hd_p15_cp102,2292.9239228754077,1.0,head
hd_p15_cp103,1990.7238142567387,1.0,head
hd_p15_cp104,2292.921456669675,1.0,head
hd_p15_cp105,1990.7886284961978,1.0,head
hd_p15_cp106,2292.919357285152,1.0,head
hd_p15_cp107,1990.8661104079654,1.0,head
hd_p15_cp108,2292.917836372677,1.0,head
hd_p15_cp109,1990.935717346529,1.0,head
hd_p15_cp110,2292.917010542728,1.0,head
hd_p15_cp111,1990.9881622217888,1.0,head
hd_p15_cp112,2292.9170003344902,1.0,head
hd_p15_cp113,1991.0229539339653,1.0,head
hd_p15_cp114,2292.9179420472797,1.0,head
hd_p15_cp115,1991.043809446269,1.0,head
hd_p15_cp116,2292.919833935208,1.0,head
hd_p15_cp117,1991.0552756689315,1.0,head
hd_p15_cp118,2292.922376471297,1.0,head
hd_p15_cp119,1991.0611111720523,1.0,head
hd_p15_cp120,2292.92497613133,1.0,head
hd_p15_cp121,1991.0638775840685,1.0,head
hd_p15_cp122,2292.9268569195888,1.0,head
hd_p15_cp123,1991.0651048971483,1.0,head
hd_p15_cp124,2292.9270865576414,1.0,head
hd_p15_cp125,1991.06561594272,1.0,head
hd_p15_cp126,2292.924400040726,1.0,head
hd_p15_cp127,1991.0658149462085,1.0,head
hd_p15_cp128,2292.9169061364514,1.0,head
hd_p15_cp129,1991.0658844144648,1.0,head
hd_p15_cp130,2292.9020053177696,1.0,head
hd_p15_cp131,1991.0658993300215,1.0,head
hd_p15_cp132,2292.8770783846417,1.0,head
hd_p15_cp133,1991.0658857884737,1.0,head
hd_p15_cp134,2292.841498782426,1.0,head
hd_p15_cp135,1991.065848522395,1.0,head
hd_p15_cp136,2292.7997373747735,1.0,head
hd_p15_cp137,1991.0657837287556,1.0,head
hd_p15_cp138,2292.763387399918,1.0,head
hd_p15_cp139,1991.0656865448007,1.0,head
hd_p15_cp140,2292.7479841619543,1.0,head
hd_p15_cp141,1991.0655573412707,1.0,head
hd_p15_cp142,2292.762276238289,1.0,head
hd_p15_cp143,1991.0654068861936,1.0,head
hd_p15_cp144,2292.797846709135,1.0,head
hd_p15_cp145,1991.0652571258079,1.0,head
hd_p15_cp146,2292.839283171618,1.0,head
hd_p15_cp147,1991.0651329706543,1.0,head
hd_p15_cp148,2292.874818673086,1.0,head
hd_p15_cp149,1991.065042154021,1.0,head
hd_p15_cp150,2292.89949701935,1.0,head
hd_p15_cp151,1991.0649428532981,1.0,head
hd_p15_cp152,2292.91302025996,1.0,head
hd_p15_cp153,1991.06469615677,1.0,head
hd_p15_cp154,2292.916204217118,1.0,head
hd_p15_cp155,1991.0639880492495,1.0,head
hd_p15_cp156,2292.908081315396,1.0,head
hd_p15_cp157,1991.0621890725265,1.0,head
hd_p15_cp158,2292.8838987750446,1.0,head
hd_p15_cp159,1991.0581157477027,1.0,head
hd_p15_cp160,2292.8338290349043,1.0,head
hd_p15_cp161,1991.04968524769,1.0,head
hd_p15_cp162,2292.742880950726,1.0,head
hd_p15_cp163,1991.0335298268553,1.0,head
hd_p15_cp164,2292.593605325256,1.0,head
hd_p15_cp165,1991.0047658711126,1.0,head
hd_p15_cp166,2292.373822087059,1.0,head
hd_p15_cp167,1990.9572681093339,1.0,head
hd_p15_cp168,2292.09034150537,1.0,head
hd_p15_cp169,1990.8848991133812,1.0,head
hd_p15_cp170,2291.7848138515733,1.0,head
hd_p15_cp171,1990.7840392255498,1.0,head
hd_p15_cp172,2291.5390908015243,1.0,head
hd_p15_cp173,1990.6572418417848,1.0,head
hd_p15_cp174,2291.44993197212,1.0,head
hd_p15_cp175,1990.51665004292,1.0,head
hd_p15_cp176,2291.564565055591,1.0,head
hd_p15_cp177,1990.3840388770045,1.0,head
hd_p15_cp178,2291.826636922001,1.0,head
hd_p15_cp179,1990.283937746766,1.0,head
hd_p15_cp180,2292.1361222194437,1.0,head
hd_p15_cp181,1990.2323059784826,1.0,head
hd_p15_cp182,2292.4139256726303,1.0,head
hd_p15_cp183,1990.2355577991002,1.0,head
hd_p15_cp184,2292.6236273364284,1.0,head
hd_p15_cp185,1990.3046224410814,1.0,head
hd_p15_cp186,2292.7628486944086,1.0,head
hd_p15_cp187,1990.44213233953,1.0,head
hd_p15_cp188,2292.8461730926656,1.0,head
hd_p15_cp189,1990.6116793985352,1.0,head
hd_p15_cp190,2292.891829509338,1.0,head
hd_p15_cp191,1990.7693288931694,1.0,head
hd_p15_cp192,2292.914975347566,1.0,head
hd_p15_cp193,1990.8899716081355,1.0,head
hd_p15_cp194,2292.925915925711,1.0,head
hd_p15_cp195,1990.969880558693,1.0,head
hd_p15_cp196,2292.930766697722,1.0,head
hd_p15_cp197,1991.0171880644946,1.0,head
hd_p15_cp198,2292.932794031048,1.0,head
hd_p15_cp199,1991.0427557897528,1.0,head
hd_p15_cp200,2292.9335962277523,1.0,head
hd_p15_cp201,1991.0555486510673,1.0,head
hd_p15_cp202,2292.933898122087,1.0,head
hd_p15_cp203,1991.0615304031082,1.0,head
hd_p15_cp204,2292.93400686322,1.0,head
hd_p15_cp205,1991.0641611588078,1.0,head
hd_p15_cp206,2292.9340447883915,1.0,head
hd_p15_cp207,1991.0652545193554,1.0,head
hd_p15_cp208,2292.9340578961765,1.0,head
hd_p15_cp209,1991.065685502484,1.0,head
hd_p15_cp210,2292.934062575753,1.0,head
hd_p15_cp211,1991.0658471170784,1.0,head
hd_p16_cp0,2292.934015431991,1.0,head
hd_p16_cp1,2292.934063030787,1.0,head
hd_p16_cp2,2285.571303199528,1.0,head
hd_p16_cp3,2285.571420995671,1.0,head
hd_p16_cp4,2278.208496299179,1.0,head
hd_p16_cp5,2278.208770839791,1.0,head
hd_p16_cp6,2270.8454988388044,1.0,head
hd_p16_cp7,2270.8460988292154,1.0,head
hd_p16_cp8,2263.482148223436,1.0,head
hd_p16_cp9,2263.483370407813,1.0,head
hd_p16_cp10,2256.1182027589166,1.0,head
hd_p16_cp11,2256.1205035430985,1.0,head
hd_p16_cp12,2248.753363969828,1.0,head
hd_p16_cp13,2248.757315218295,1.0,head
hd_p16_cp14,2241.387367057522,1.0,head
hd_p16_cp15,2241.3934227122777,1.0,head
hd_p16_cp16,2234.0201568465422,1.0,head
hd_p16_cp17,2234.0280772797873,1.0,head
hd_p16_cp18,2226.6521062003576,1.0,head
hd_p16_cp19,2226.659911156041,1.0,head
hd_p16_cp20,2219.284139766728,1.0,head
hd_p16_cp21,2219.2866021290765,1.0,head
hd_p16_cp22,2211.9175761012043,1.0,head
hd_p16_cp23,2211.904539516147,1.0,head
hd_p16_cp24,2204.5536175844218,1.0,head
hd_p16_cp25,2204.5087993865905,1.0,head
hd_p16_cp26,2197.1927187058436,1.0,head
hd_p16_cp27,2197.0942096979156,1.0,head
hd_p16_cp28,2189.8343010868334,1.0,head
hd_p16_cp29,2189.6588006507945,1.0,head
hd_p16_cp30,2182.4770838867676,1.0,head
hd_p16_cp31,2182.210247356274,1.0,head
hd_p16_cp32,2175.1197224358034,1.0,head
hd_p16_cp33,2174.771787580313,1.0,head
hd_p16_cp34,2167.7612701626904,1.0,head
hd_p16_cp35,2167.377260987403,1.0,head
hd_p16_cp36,2160.4012439631756,1.0,head
hd_p16_cp37,2160.0464993212013,1.0,head
hd_p16_cp38,2153.0393785947963,1.0,head
hd_p16_cp39,2152.759664966607,1.0,head
hd_p16_cp40,2145.6752623551924,1.0,head
hd_p16_cp41,2145.482911825382,1.0,head
hd_p16_cp42,2138.3080078601442,1.0,head
hd_p16_cp43,2138.1929953817826,1.0,head
hd_p16_cp44,2130.9360753372944,1.0,head
hd_p16_cp45,2130.882235200766,1.0,head
hd_p16_cp46,2123.5574007107402,1.0,head
hd_p16_cp47,2123.552600567392,1.0,head
hd_p16_cp48,2116.170031883886,1.0,head
hd_p16_cp49,2116.2092717537134,1.0,head
hd_p16_cp50,2108.7733890556883,1.0,head
hd_p16_cp51,2108.857191454775,1.0,head
hd_p16_cp52,2101.369874483468,1.0,head
hd_p16_cp53,2101.499996067125,1.0,head
hd_p16_cp54,2093.9658981155653,1.0,head
hd_p16_cp55,2094.1400306808428,1.0,head
hd_p16_cp56,2086.5709446779456,1.0,head
hd_p16_cp57,2086.778671565149,1.0,head
hd_p16_cp58,2079.1939644678314,1.0,head
hd_p16_cp59,2079.416656446819,1.0,head
hd_p16_cp60,2071.8385537261775,1.0,head
hd_p16_cp61,2072.0543432316554,1.0,head
hd_p16_cp62,2064.5006507982416,1.0,head
hd_p16_cp63,2064.6918884837482,1.0,head
hd_p16_cp64,2057.1713358384463,1.0,head
hd_p16_cp65,2057.3293565391427,1.0,head
hd_p16_cp66,2049.8419627160524,1.0,head
hd_p16_cp67,2049.966776947969,1.0,head
hd_p16_cp68,2042.5076696148583,1.0,head
hd_p16_cp69,2042.6041690018578,1.0,head
hd_p16_cp70,2035.1676608664438,1.0,head
hd_p16_cp71,2035.241548679717,1.0,head
hd_p16_cp72,2027.8232308114927,1.0,head
hd_p16_cp73,2027.8789282002326,1.0,head
hd_p16_cp74,2020.475650195451,1.0,head
hd_p16_cp75,2020.5163140902723,1.0,head
hd_p16_cp76,2013.125411520711,1.0,head
hd_p16_cp77,2013.1537068065275,1.0,head
hd_p16_cp78,2005.7725355921143,1.0,head
hd_p16_cp79,2005.7911026381234,1.0,head
hd_p16_cp80,1998.4170667834603,1.0,head
hd_p16_cp81,1998.4284967160893,1.0,head
hd_p16_cp82,1991.0592944873313,1.0,head
hd_p16_cp83,1991.065885421903,1.0,head
hd_p16_cp84,2292.9339496196276,1.0,head
hd_p16_cp85,1991.05172911179,1.0,head
hd_p16_cp86,2292.9338117895763,1.0,head
hd_p16_cp87,1991.0373020328766,1.0,head
hd_p16_cp88,2292.9335405479987,1.0,head
hd_p16_cp89,1991.0117557929848,1.0,head
hd_p16_cp90,2292.933041153969,1.0,head
hd_p16_cp91,1990.9701540218653,1.0,head
hd_p16_cp92,2292.93218510385,1.0,head
hd_p16_cp93,1990.9087959446938,1.0,head
hd_p16_cp94,2292.930826221258,1.0,head
hd_p16_cp95,1990.8289218862353,1.0,head
hd_p16_cp96,2292.9288407741087,1.0,head
hd_p16_cp97,1990.7413918869916,1.0,head
hd_p16_cp98,2292.9261892215054,1.0,head
hd_p16_cp99,1990.6688635404616,1.0,head
hd_p16_cp100,2292.9229791823464,1.0,head
hd_p16_cp101,1990.639528030605,1.0,head
hd_p16_cp102,2292.9194919463102,1.0,head
hd_p16_cp103,1990.6688635404432,1.0,head
hd_p16_cp104,2292.9161354348444,1.0,head
hd_p16_cp105,1990.7413918869233,1.0,head
hd_p16_cp106,2292.9133230129833,1.0,head
hd_p16_cp107,1990.8289218860052,1.0,head
hd_p16_cp108,2292.9113488632293,1.0,head
hd_p16_cp109,1990.9087959439225,1.0,head
hd_p16_cp110,2292.910373475905,1.0,head
hd_p16_cp111,1990.9701540193505,1.0,head
hd_p16_cp112,2292.9105255740624,1.0,head
hd_p16_cp113,1991.0117557850244,1.0,head
hd_p16_cp114,2292.911920125191,1.0,head
hd_p16_cp115,1991.0373020085524,1.0,head
hd_p16_cp116,2292.9145008017967,1.0,head
hd_p16_cp117,1991.0517290402324,1.0,head
hd_p16_cp118,2292.9178664227707,1.0,head
hd_p16_cp119,1991.0592942851033,1.0,head
hd_p16_cp120,2292.921262804395,1.0,head
hd_p16_cp121,1991.0630011937174,1.0,head
hd_p16_cp122,2292.9236888093837,1.0,head
hd_p16_cp123,1991.064705857677,1.0,head
hd_p16_cp124,2292.923920020066,1.0,head
hd_p16_cp125,1991.065443179498,1.0,head
hd_p16_cp126,2292.9203329355787,1.0,head
hd_p16_cp127,1991.0657415304318,1.0,head
hd_p16_cp128,2292.910640507156,1.0,head
hd_p16_cp129,1991.065849250185,1.0,head
hd_p16_cp130,2292.891919137294,1.0,head
hd_p16_cp131,1991.0658725924773,1.0,head
hd_p16_cp132,2292.8615120477384,1.0,head
hd_p16_cp133,1991.0658501971925,1.0,head
hd_p16_cp134,2292.8192795693017,1.0,head
hd_p16_cp135,1991.0657900693552,1.0,head
hd_p16_cp136,2292.7707851344353,1.0,head
hd_p16_cp137,1991.0656879737116,1.0,head
hd_p16_cp138,2292.729157459267,1.0,head
hd_p16_cp139,1991.065538581252,1.0,head
hd_p16_cp140,2292.7115504758676,1.0,head
hd_p16_cp141,1991.0653444120885,1.0,head
hd_p16_cp142,2292.7276204175746,1.0,head
hd_p16_cp143,1991.0651223174455,1.0,head
hd_p16_cp144,2292.768141250776,1.0,head
hd_p16_cp145,1991.0649031695827,1.0,head
hd_p16_cp146,2292.81612604933,1.0,head
hd_p16_cp147,1991.0647190871307,1.0,head
hd_p16_cp148,2292.8582236154166,1.0,head
hd_p16_cp149,1991.0645748204113,1.0,head
hd_p16_cp150,2292.8882190524496,1.0,head
hd_p16_cp151,1991.0644029007917,1.0,head
hd_p16_cp152,2292.90500808898,1.0,head
hd_p16_cp153,1991.063998916528,1.0,head
hd_p16_cp154,2292.908895623492,1.0,head
hd_p16_cp155,1991.0629198297613,1.0,head
hd_p16_cp156,2292.8983486560132,1.0,head
hd_p16_cp157,1991.0603123073797,1.0,head
hd_p16_cp158,2292.8676948106618,1.0,head
hd_p16_cp159,1991.054638214239,1.0,head
hd_p16_cp160,2292.8057904208426,1.0,head
hd_p16_cp161,1991.0432991725893,1.0,head
hd_p16_cp162,2292.696263172962,1.0,head
hd_p16_cp163,1991.0222420680655,1.0,head
hd_p16_cp164,2292.5209283803542,1.0,head
hd_p16_cp165,1990.9857517087923,1.0,head
hd_p16_cp166,2292.268435960002,1.0,head
hd_p16_cp167,1990.9267876021509,1.0,head
hd_p16_cp168,2291.948754398225,1.0,head
hd_p16_cp169,1990.8383534986694,1.0,head
hd_p16_cp170,2291.609174468167,1.0,head
hd_p16_cp171,1990.716383247375,1.0,head
hd_p16_cp172,2291.3387949630232,1.0,head
hd_p16_cp173,1990.5641605082265,1.0,head
hd_p16_cp174,2291.2410871845677,1.0,head
hd_p16_cp175,1990.3967629119122,1.0,head
hd_p16_cp176,2291.3664494968075,1.0,head
hd_p16_cp177,1990.2413719295498,1.0,head
hd_p16_cp178,2291.655103520521,1.0,head
hd_p16_cp179,1990.1285241007297,1.0,head
hd_p16_cp180,2291.999948010373,1.0,head
hd_p16_cp181,1990.077396653536,1.0,head
hd_p16_cp182,2292.314345292442,1.0,head
hd_p16_cp183,1990.0930591143806,1.0,head
hd_p16_cp184,2292.5562758839055,1.0,head
hd_p16_cp185,1990.1815831307263,1.0,head
hd_p16_cp186,2292.7205689147654,1.0,head
hd_p16_cp187,1990.3413036354073,1.0,head
hd_p16_cp188,2292.821458232459,1.0,head
hd_p16_cp189,1990.5332156840122,1.0,head
hd_p16_cp190,2292.878332122957,1.0,head
hd_p16_cp191,1990.71216465454,1.0,head
hd_p16_cp192,2292.908065722888,1.0,head
hd_p16_cp193,1990.8514716152145,1.0,head
hd_p16_cp194,2292.922588906866,1.0,head
hd_p16_cp195,1990.9459776042102,1.0,head
hd_p16_cp196,2292.929254406556,1.0,head
hd_p16_cp197,1991.003447572002,1.0,head
hd_p16_cp198,2292.9321423108036,1.0,head
hd_p16_cp199,1991.0353920458147,1.0,head
hd_p16_cp200,2292.93332837117,1.0,head
hd_p16_cp201,1991.0518456383563,1.0,head
hd_p16_cp202,2292.933792126055,1.0,head
hd_p16_cp203,1991.059774141901,1.0,head
hd_p16_cp204,2292.933965806083,1.0,head
hd_p16_cp205,1991.0633725817943,1.0,head
hd_p16_cp206,2292.9340287894993,1.0,head
hd_p16_cp207,1991.0649183466467,1.0,head
hd_p16_cp208,2292.9340513850375,1.0,head
hd_p16_cp209,1991.0655491221323,1.0,head
hd_p16_cp210,2292.934059714777,1.0,head
hd_p16_cp211,1991.0657943578342,1.0,head
hd_p17_cp0,2292.9339779086604,1.0,head
hd_p17_cp1,2292.934060736934,1.0,head
hd_p17_cp2,2285.5712178084573,1.0,head
hd_p17_cp3,2285.5714156210665,1.0,head
hd_p17_cp4,2278.2083125530266,1.0,head
hd_p17_cp5,2278.208757955142,1.0,head
hd_p17_cp6,2270.8451261874106,1.0,head
hd_p17_cp7,2270.846067873638,1.0,head
hd_p17_cp8,2263.48143838879,1.0,head
hd_p17_cp9,2263.483297278591,1.0,head
hd_p17_cp10,2256.1169374712263,1.0,head
hd_p17_cp11,2256.120335930642,1.0,head
hd_p17_cp12,2248.751261352027,1.0,head
hd_p17_cp13,2248.756945249926,1.0,head
hd_p17_cp14,2241.3841217134695,1.0,head
hd_p17_cp15,2241.3926382405675,1.0,head
hd_p17_cp16,2234.015519908447,1.0,head
hd_p17_cp17,2234.0264780020616,1.0,head
hd_p17_cp18,2226.645989530412,1.0,head
hd_p17_cp19,2226.6567694201663,1.0,head
hd_p17_cp20,2219.2767030615114,1.0,head
hd_p17_cp21,2219.280650260876,1.0,head
hd_p17_cp22,2211.909248416821,1.0,head
hd_p17_cp23,2211.8937062065725,1.0,head
hd_p17_cp24,2204.545029046328,1.0,head
hd_p17_cp25,2204.490043206576,1.0,head
hd_p17_cp26,2197.184559237112,1.0,head
hd_p17_cp27,2197.0637945827734,1.0,head
hd_p17_cp28,2189.8271551296925,1.0,head
hd_p17_cp29,2189.6134106662503,1.0,head
hd_p17_cp30,2182.4713009193174,1.0,head
hd_p17_cp31,2182.1488882321864,1.0,head
hd_p17_cp32,2175.1153616439656,1.0,head
hd_p17_cp33,2174.697587974402,1.0,head
hd_p17_cp34,2167.7581205664233,1.0,head
hd_p17_cp35,2167.2979408232577,1.0,head
hd_p17_cp36,2160.398882587954,1.0,head
hd_p17_cp37,2159.9722907705723,1.0,head
hd_p17_cp38,2153.0372123902516,1.0,head
hd_p17_cp39,2152.6982850086865,1.0,head
hd_p17_cp40,2145.672517384564,1.0,head
hd_p17_cp41,2145.4374832429367,1.0,head
hd_p17_cp42,2138.3036703770927,1.0,head
hd_p17_cp43,2138.162515433648,1.0,head
hd_p17_cp44,2130.928834075341,1.0,head
hd_p17_cp45,2130.8633780267987,1.0,head
hd_p17_cp46,2123.545671293596,1.0,head
hd_p17_cp47,2123.5416210485737,1.0,head
hd_p17_cp48,2116.152143763811,1.0,head
hd_p17_cp49,2116.2031236418056,1.0,head
hd_p17_cp50,2108.7479622906576,1.0,head
hd_p17_cp51,2108.853806241211,1.0,head
hd_p17_cp52,2101.336309058863,1.0,head
hd_p17_cp53,2101.4981181525413,1.0,head
hd_p17_cp54,2093.9247917128528,1.0,head
hd_p17_cp55,2094.1389521130095,1.0,head
hd_p17_cp56,2086.5242248256536,1.0,head
hd_p17_cp57,2086.7780143514506,1.0,head
hd_p17_cp58,2079.144606257263,1.0,head
hd_p17_cp59,2079.416227010055,1.0,head
hd_p17_cp60,2071.7899253001406,1.0,head
hd_p17_cp61,2072.054043861486,1.0,head
hd_p17_cp62,2064.4557292107224,1.0,head
hd_p17_cp63,2064.69166763459,1.0,head
hd_p17_cp64,2057.1321228134634,1.0,head
hd_p17_cp65,2057.3291840017087,1.0,head
hd_p17_cp66,2049.8093039680257,1.0,head
hd_p17_cp67,2049.9666334545786,1.0,head
hd_p17_cp68,2042.4814558082107,1.0,head
hd_p17_cp69,2042.6040427596142,1.0,head
hd_p17_cp70,2035.1472245676368,1.0,head
hd_p17_cp71,2035.2414341010792,1.0,head
hd_p17_cp72,2027.807711936705,1.0,head
hd_p17_cp73,2027.878824508564,1.0,head
hd_p17_cp74,2020.4641969475572,1.0,head
hd_p17_cp75,2020.5162232531345,1.0,head
hd_p17_cp76,2013.117243814635,1.0,head
hd_p17_cp77,2013.1536312785888,1.0,head
hd_p17_cp78,2005.766945545678,1.0,head
hd_p17_cp79,2005.7910436724426,1.0,head
hd_p17_cp80,1998.413416596354,1.0,head
hd_p17_cp81,1998.4284536930736,1.0,head
hd_p17_cp82,1991.0570301499295,1.0,head
hd_p17_cp83,1991.0658561166358,1.0,head
hd_p17_cp84,2292.933869317912,1.0,head
hd_p17_cp85,1991.0474314054345,1.0,head
hd_p17_cp86,2292.9336488453578,1.0,head
hd_p17_cp87,1991.0296159399675,1.0,head
hd_p17_cp88,2292.933227735429,1.0,head
hd_p17_cp89,1990.9988365987197,1.0,head
hd_p17_cp90,2292.9324741651376,1.0,head
hd_p17_cp91,1990.949813919224,1.0,head
hd_p17_cp92,2292.931216488391,1.0,head
hd_p17_cp93,1990.8789136746148,1.0,head
hd_p17_cp94,2292.929268679412,1.0,head
hd_p17_cp95,1990.7880948572144,1.0,head
hd_p17_cp96,2292.926485224353,1.0,head
hd_p17_cp97,1990.6896976900925,1.0,head
hd_p17_cp98,2292.9228394664583,1.0,head
hd_p17_cp99,1990.6086622697032,1.0,head
hd_p17_cp100,2292.918498269414,1.0,head
hd_p17_cp101,1990.5759905582593,1.0,head
hd_p17_cp102,2292.913847727784,1.0,head
hd_p17_cp103,1990.6086622696562,1.0,head
hd_p17_cp104,2292.9094284741914,1.0,head
hd_p17_cp105,1990.6896976899197,1.0,head
hd_p17_cp106,2292.905783765368,1.0,head
hd_p17_cp107,1990.7880948566374,1.0,head
hd_p17_cp108,2292.903304132782,1.0,head
hd_p17_cp109,1990.8789136727391,1.0,head
hd_p17_cp110,2292.9021966420023,1.0,head
hd_p17_cp111,1990.949813913296,1.0,head
hd_p17_cp112,2292.902589536249,1.0,head
hd_p17_cp113,1990.9988365805907,1.0,head
hd_p17_cp114,2292.9045593860624,1.0,head
hd_p17_cp115,1991.0296158864621,1.0,head
hd_p17_cp116,2292.9079736408858,1.0,head
hd_p17_cp117,1991.0474312533793,1.0,head
hd_p17_cp118,2292.9123057532042,1.0,head
hd_p17_cp119,1991.0570297346835,1.0,head
hd_p17_cp120,2292.916614917771,1.0,head
hd_p17_cp121,1991.061874411658,1.0,head
hd_p17_cp122,2292.9196443666783,1.0,head
hd_p17_cp123,1991.06417490777,1.0,head
hd_p17_cp124,2292.919843137754,1.0,head
hd_p17_cp125,1991.065204300271,1.0,head
hd_p17_cp126,2292.915201707306,1.0,head
hd_p17_cp127,1991.0656353007184,1.0,head
hd_p17_cp128,2292.903036468428,1.0,head
hd_p17_cp129,1991.0657955816769,1.0,head
hd_p17_cp130,2292.880136938505,1.0,head
hd_p17_cp131,1991.065830527992,1.0,head
hd_p17_cp132,2292.8438608507745,1.0,head
hd_p17_cp133,1991.0657952268002,1.0,head
hd_p17_cp134,2292.79457397578,1.0,head
hd_p17_cp135,1991.0657025636015,1.0,head
hd_p17_cp136,2292.73892286075,1.0,head
hd_p17_cp137,1991.0655485632299,1.0,head
hd_p17_cp138,2292.691639044123,1.0,head
hd_p17_cp139,1991.065328209385,1.0,head
hd_p17_cp140,2292.6716541443493,1.0,head
hd_p17_cp141,1991.0650475623304,1.0,head
hd_p17_cp142,2292.689583579636,1.0,head
hd_p17_cp143,1991.0647314707587,1.0,head
hd_p17_cp144,2292.7353516918106,1.0,head
hd_p17_cp145,1991.0644213815779,1.0,head
hd_p17_cp146,2292.790243678613,1.0,head
hd_p17_cp147,1991.0641565314113,1.0,head
hd_p17_cp148,2292.8392495759335,1.0,head
hd_p17_cp149,1991.0639347598226,1.0,head
hd_p17_cp150,2292.8748764100355,1.0,head
hd_p17_cp151,1991.063652511471,1.0,head
hd_p17_cp152,2292.8951393694188,1.0,head
hd_p17_cp153,1991.0630198935603,1.0,head
hd_p17_cp154,2292.8997020046218,1.0,head
hd_p17_cp155,1991.0614326732164,1.0,head
hd_p17_cp156,2292.8863465475656,1.0,head
hd_p17_cp157,1991.057768189475,1.0,head
hd_p17_cp158,2292.8484319309114,1.0,head
hd_p17_cp159,1991.0500759137894,1.0,head
hd_p17_cp160,2292.773553367946,1.0,head
hd_p17_cp161,1991.035172596337,1.0,head
hd_p17_cp162,2292.644122212061,1.0,head
hd_p17_cp163,1991.0082331913343,1.0,head
hd_p17_cp164,2292.441450598429,1.0,head
hd_p17_cp165,1990.9625923984738,1.0,head
hd_p17_cp166,2292.1552165504745,1.0,head
hd_p17_cp167,1990.890139978447,1.0,head
hd_p17_cp168,2291.798583764775,1.0,head
hd_p17_cp169,1990.782894385534,1.0,head
hd_p17_cp170,2291.424296296914,1.0,head
hd_p17_cp171,1990.6364315633837,1.0,head
hd_p17_cp172,2291.128494904757,1.0,head
hd_p17_cp173,1990.4553003119802,1.0,head
hd_p17_cp174,2291.021720485194,1.0,head
hd_p17_cp175,1990.2584638877472,1.0,head
hd_p17_cp176,2291.1581403436144,1.0,head
hd_p17_cp177,1990.0793308976529,1.0,head
hd_p17_cp178,2291.4740169606916,1.0,head
hd_p17_cp179,1989.9545037292637,1.0,head
hd_p17_cp180,2291.8548845263986,1.0,head
hd_p17_cp181,1989.9058489263816,1.0,head
hd_p17_cp182,2292.206778624472,1.0,head
hd_p17_cp183,1989.936633893628,1.0,head
hd_p17_cp184,2292.4821898162068,1.0,head
hd_p17_cp185,1990.0478531560732,1.0,head
hd_p17_cp186,2292.673030963943,1.0,head
hd_p17_cp187,1990.232796071913,1.0,head
hd_p17_cp188,2292.792959511773,1.0,head
hd_p17_cp189,1990.449307882441,1.0,head
hd_p17_cp190,2292.8623246175407,1.0,head
hd_p17_cp191,1990.6507464309616,1.0,head
hd_p17_cp192,2292.899616831775,1.0,head
hd_p17_cp193,1990.8093965576572,1.0,head
hd_p17_cp194,2292.9183857189696,1.0,head
hd_p17_cp195,1990.9191811655946,1.0,head
hd_p17_cp196,2292.9272769154695,1.0,head
hd_p17_cp197,1990.987582212112,1.0,head
hd_p17_cp198,2292.931258900497,1.0,head
hd_p17_cp199,1991.026623336835,1.0,head
hd_p17_cp200,2292.9329515191894,1.0,head
hd_p17_cp201,1991.0472969116995,1.0,head
hd_p17_cp202,2292.9336372243197,1.0,head
hd_p17_cp203,1991.057548190056,1.0,head
hd_p17_cp204,2292.9339035044177,1.0,head
hd_p17_cp205,1991.0623407401506,1.0,head
hd_p17_cp206,2292.9340036474355,1.0,head
hd_p17_cp207,1991.0644637939545,1.0,head
hd_p17_cp208,2292.934040850357,1.0,head
hd_p17_cp209,1991.0653583406706,1.0,head
hd_p17_cp210,2292.934054985196,1.0,head
hd_p17_cp211,1991.065717906136,1.0,head
hd_p18_cp0,2292.933919592948,1.0,head
hd_p18_cp1,2292.9340570469585,1.0,head
hd_p18_cp2,2285.5710898162565,1.0,head
hd_p18_cp3,2285.571407354837,1.0,head
hd_p18_cp4,2278.208046661324,1.0,head
hd_p18_cp5,2278.208738998972,1.0,head
hd_p18_cp6,2270.8446049755503,1.0,head
hd_p18_cp7,2270.846024169186,1.0,head
hd_p18_cp8,2263.480477426316,1.0,head
hd_p18_cp9,2263.4831977085314,1.0,head
hd_p18_cp10,2256.1152766399287,1.0,head
hd_p18_cp11,2256.120114544806,1.0,head
hd_p18_cp12,2248.7485796045316,1.0,head
hd_p18_cp13,2248.756468185917,1.0,head
hd_p18_cp14,2241.380088799797,1.0,head
hd_p18_cp15,2241.3916444649444,1.0,head
hd_p18_cp16,2234.0098865171512,1.0,head
hd_p18_cp17,2234.024477199179,1.0,head
hd_p18_cp18,2226.6386943887574,1.0,head
hd_p18_cp19,2226.652876791559,1.0,head
hd_p18_cp20,2219.2679542491314,1.0,head
hd_p18_cp21,2219.2733514168544,1.0,head
hd_p18_cp22,2211.8995350749656,1.0,head
hd_p18_cp23,2211.880605653788,1.0,head
hd_p18_cp24,2204.535044796244,1.0,head
hd_p18_cp25,2204.467779259089,1.0,head
hd_p18_cp26,2197.1750549251856,1.0,head
hd_p18_cp27,2197.0284435944354,1.0,head
hd_p18_cp28,2189.8187683651727,1.0,head
hd_p18_cp29,2189.5616633074183,1.0,head
hd_p18_cp30,2182.4644214079535,1.0,head
hd_p18_cp31,2182.079901749749,1.0,head
hd_p18_cp32,2175.110068128078,1.0,head
hd_p18_cp33,2174.6148566501547,1.0,head
hd_p18_cp34,2167.7541898422533,1.0,head
hd_p18_cp35,2167.2098675258458,1.0,head
hd_p18_cp36,2160.395837628947,1.0,head
hd_p18_cp37,2159.889546125221,1.0,head
hd_p18_cp38,2153.0343607004784,1.0,head
hd_p18_cp39,2152.6292679415824,1.0,head
hd_p18_cp40,2145.668945331862,1.0,head
hd_p18_cp41,2145.385680269056,1.0,head
hd_p18_cp42,2138.2981987383605,1.0,head
hd_p18_cp43,2138.1270728077197,1.0,head
hd_p18_cp44,2130.919985015791,1.0,head
hd_p18_cp45,2130.840973836249,1.0,head
hd_p18_cp46,2123.531725843979,1.0,head
hd_p18_cp47,2123.5283205272617,1.0,head
hd_p18_cp48,2116.1313606966346,1.0,head
hd_p18_cp49,2116.1955596377306,1.0,head
hd_p18_cp50,2108.7189702639644,1.0,head
hd_p18_cp51,2108.849587473412,1.0,head
hd_p18_cp52,2101.2985856118703,1.0,head
hd_p18_cp53,2101.4957458966264,1.0,head
hd_p18_cp54,2093.8790534935165,1.0,head
hd_p18_cp55,2094.137566469152,1.0,head
hd_p18_cp56,2086.472532879043,1.0,head
hd_p18_cp57,2086.777153001069,1.0,head
hd_p18_cp58,2079.090067316206,1.0,head
hd_p18_cp59,2079.415652383116,1.0,head
hd_p18_cp60,2071.7360388236984,1.0,head
hd_p18_cp61,2072.0536353662046,1.0,head
hd_p18_cp62,2064.405622884968,1.0,head
hd_p18_cp63,2064.6913610665606,1.0,head
hd_p18_cp64,2057.087968648726,1.0,head
hd_p18_cp65,2057.3289413819907,1.0,head
hd_p18_cp66,2049.7721188105115,1.0,head
hd_p18_cp67,2049.9664303930826,1.0,head
hd_p18_cp68,2042.4512741687374,1.0,head
hd_p18_cp69,2042.603864200629,1.0,head
hd_p18_cp70,2035.123467494796,1.0,head
hd_p18_cp71,2035.2412727414794,1.0,head
hd_p18_cp72,2027.7895359591207,1.0,head
hd_p18_cp73,2027.878679079689,1.0,head
hd_p18_cp74,2020.4507018792162,1.0,head
hd_p18_cp75,2020.516095989475,1.0,head
hd_p18_cp76,2013.107560563504,1.0,head
hd_p18_cp77,2013.1535251338223,1.0,head
hd_p18_cp78,2005.760265761206,1.0,head
hd_p18_cp79,2005.7909601881988,1.0,head
hd_p18_cp80,1998.409008369364,1.0,head
hd_p18_cp81,1998.4283920840871,1.0,head
hd_p18_cp82,1991.0542576242087,1.0,head
hd_p18_cp83,1991.0658135214035,1.0,head
hd_p18_cp84,2292.9337483461704,1.0,head
hd_p18_cp85,1991.0423034533353,1.0,head
hd_p18_cp86,2292.933410629613,1.0,head
hd_p18_cp87,1991.0206589536137,1.0,head
hd_p18_cp88,2292.932783305854,1.0,head
hd_p18_cp89,1990.984095077947,1.0,head
hd_p18_cp90,2292.93168995555,1.0,head
hd_p18_cp91,1990.927009433341,1.0,head
hd_p18_cp92,2292.9299095787196,1.0,head
hd_p18_cp93,1990.8458344764308,1.0,head
hd_p18_cp94,2292.927213712821,1.0,head
hd_p18_cp95,1990.743233971253,1.0,head
hd_p18_cp96,2292.9234382705326,1.0,head
hd_p18_cp97,1990.6331591444198,1.0,head
hd_p18_cp98,2292.9185797373875,1.0,head
hd_p18_cp99,1990.5432144007393,1.0,head
hd_p18_cp100,2292.912881278387,1.0,head
hd_p18_cp101,1990.5072664599347,1.0,head
hd_p18_cp102,2292.906855631656,1.0,head
hd_p18_cp103,1990.5432144006234,1.0,head
hd_p18_cp104,2292.9011992336573,1.0,head
hd_p18_cp105,1990.6331591440023,1.0,head
hd_p18_cp106,2292.896605171939,1.0,head
hd_p18_cp107,1990.7432339698933,1.0,head
hd_p18_cp108,2292.8935725112538,1.0,head
hd_p18_cp109,1990.8458344721405,1.0,head
hd_p18_cp110,2292.892356292936,1.0,head
hd_p18_cp111,1990.927009420216,1.0,head
hd_p18_cp112,2292.8930752859574,1.0,head
hd_p18_cp113,1990.9840950391144,1.0,head
hd_p18_cp114,2292.8957505966173,1.0,head
hd_p18_cp115,1991.0206588427334,1.0,head
hd_p18_cp116,2292.9001506298605,1.0,head
hd_p18_cp117,1991.0423031483879,1.0,head
hd_p18_cp118,2292.905597075043,1.0,head
hd_p18_cp119,1991.0542568179728,1.0,head
hd_p18_cp120,2292.910933952488,1.0,head
hd_p18_cp121,1991.0604550871853,1.0,head
hd_p18_cp122,2292.9146187224774,1.0,head
hd_p18_cp123,1991.0634849888102,1.0,head
hd_p18_cp124,2292.9147445551375,1.0,head
hd_p18_cp125,1991.0648828464957,1.0,head
hd_p18_cp126,2292.908896010773,1.0,head
hd_p18_cp127,1991.065486271393,1.0,head
hd_p18_cp128,2292.8939944071312,1.0,head
hd_p18_cp129,1991.0657166106773,1.0,head
hd_p18_cp130,2292.866565910322,1.0,head
hd_p18_cp131,1991.0657670847615,1.0,head
hd_p18_cp132,2292.824007642127,1.0,head
hd_p18_cp133,1991.0657138133881,1.0,head
hd_p18_cp134,2292.767200997746,1.0,head
hd_p18_cp135,1991.0655767037504,1.0,head
hd_p18_cp136,2292.7039101461687,1.0,head
hd_p18_cp137,1991.0653531904843,1.0,head
hd_p18_cp138,2292.6505850689246,1.0,head
hd_p18_cp139,1991.065039764542,1.0,head
hd_p18_cp140,2292.628058249805,1.0,head
hd_p18_cp141,1991.064647732214,1.0,head
hd_p18_cp142,2292.6479160091303,1.0,head
hd_p18_cp143,1991.064211928107,1.0,head
hd_p18_cp144,2292.699229887138,1.0,head
hd_p18_cp145,1991.0637856851909,1.0,head
hd_p18_cp146,2292.7614377438645,1.0,head
hd_p18_cp147,1991.063414362875,1.0,head
hd_p18_cp148,2292.817747116734,1.0,head
hd_p18_cp149,1991.0630833676582,1.0,head
hd_p18_cp150,2292.859324051423,1.0,head
hd_p18_cp151,1991.0626402906619,1.0,head
hd_p18_cp152,2292.8832397250235,1.0,head
hd_p18_cp153,1991.0616868412455,1.0,head
hd_p18_cp154,2292.888419481731,1.0,head
hd_p18_cp155,1991.0594221366566,1.0,head
hd_p18_cp156,2292.8718682204467,1.0,head
hd_p18_cp157,1991.054405069382,1.0,head
hd_p18_cp158,2292.8259440594866,1.0,head
hd_p18_cp159,1991.044209640674,1.0,head
hd_p18_cp160,2292.737044060044,1.0,head
hd_p18_cp161,1991.0249883810368,1.0,head
hd_p18_cp162,2292.58651591977,1.0,head
hd_p18_cp163,1990.9910412889508,1.0,head
hd_p18_cp164,2292.3553500670228,1.0,head
hd_p18_cp165,1990.934620713402,1.0,head
hd_p18_cp166,2292.0343509977674,1.0,head
hd_p18_cp167,1990.8464133729324,1.0,head
hd_p18_cp168,2291.6398047651464,1.0,head
hd_p18_cp169,1990.7174297096024,1.0,head
hd_p18_cp170,2291.2297843685983,1.0,head
hd_p18_cp171,1990.5431682077751,1.0,head
hd_p18_cp172,2290.9077045419826,1.0,head
hd_p18_cp173,1990.3301346899361,1.0,head
hd_p18_cp174,2290.7916688394334,1.0,head
hd_p18_cp175,1990.1020226731944,1.0,head
hd_p18_cp176,2290.9391526227355,1.0,head
hd_p18_cp177,1989.8988532723133,1.0,head
hd_p18_cp178,2291.282991002688,1.0,head
hd_p18_cp179,1989.7629213759153,1.0,head
hd_p18_cp180,2291.7008984230883,1.0,head
hd_p18_cp181,1989.7182044614972,1.0,head
hd_p18_cp182,2292.091367340495,1.0,head
hd_p18_cp183,1989.766051488757,1.0,head
hd_p18_cp184,2292.401481931129,1.0,head
hd_p18_cp185,1989.9024211553856,1.0,head
hd_p18_cp186,2292.6202418494418,1.0,head
hd_p18_cp187,1990.1156275349233,1.0,head
hd_p18_cp188,2292.760592014191,1.0,head
hd_p18_cp189,1990.3592423355444,1.0,head
hd_p18_cp190,2292.8436769955906,1.0,head
hd_p18_cp191,1990.5847794103781,1.0,head
hd_p18_cp192,2292.8894970952765,1.0,head
hd_p18_cp193,1990.7637343842334,1.0,head
hd_p18_cp194,2292.9131986742696,1.0,head
hd_p18_cp195,1990.8895348856834,1.0,head
hd_p18_cp196,2292.9247580485244,1.0,head
hd_p18_cp197,1990.969582412097,1.0,head
hd_p18_cp198,2292.93009564641,1.0,head
hd_p18_cp199,1991.016390257142,1.0,head
hd_p18_cp200,2292.932437878073,1.0,head
hd_p18_cp201,1991.0418296284342,1.0,head
hd_p18_cp202,2292.933418511718,1.0,head
hd_p18_cp203,1991.0547911638403,1.0,head
hd_p18_cp204,2292.9338123985904,1.0,head
hd_p18_cp205,1991.0610231902199,1.0,head
hd_p18_cp206,2292.933965657449,1.0,head
hd_p18_cp207,1991.0638650709288,1.0,head
hd_p18_cp208,2292.934024489653,1.0,head
hd_p18_cp209,1991.0650989133342,1.0,head
hd_p18_cp210,2292.934047489923,1.0,head
hd_p18_cp211,1991.0656104782352,1.0,head
hd_p19_cp0,2292.9338326300776,1.0,head
hd_p19_cp1,2292.93405132996,1.0,head
hd_p19_cp2,2285.570905305183,1.0,head
hd_p19_cp3,2285.571395058446,1.0,head
hd_p19_cp4,2278.207675756485,1.0,head
hd_p19_cp5,2278.2087119031494,1.0,head
hd_p19_cp6,2270.8439006061567,1.0,head
hd_p19_cp7,2270.8459639346365,1.0,head
hd_p19_cp8,2263.4792175143784,1.0,head
hd_p19_cp9,2263.4830647204426,1.0,head
hd_p19_cp10,2256.1131603596373,1.0,head
hd_p19_cp11,2256.1198263532006,1.0,head
hd_p19_cp12,2248.7452511685183,1.0,head
hd_p19_cp13,2248.7558595021037,1.0,head
hd_p19_cp14,2241.375199819227,1.0,head
hd_p19_cp15,2241.3903958394662,1.0,head
hd_p19_cp16,2234.0031935671736,1.0,head
hd_p19_cp17,2234.0219943899897,1.0,head
hd_p19_cp18,2226.630166317979,1.0,head
hd_p19_cp19,2226.648104041014,1.0,head
hd_p19_cp20,2219.2578471096267,1.0,head
hd_p19_cp21,2219.26452611451,1.0,head
hd_p19_cp22,2211.8883956336012,1.0,head
hd_p19_cp23,2211.8650324831424,1.0,head
hd_p19_cp24,2204.523627370619,1.0,head
hd_p19_cp25,2204.441820766993,1.0,head
hd_p19_cp26,2197.1641683567454,1.0,head
hd_p19_cp27,2196.9880249884354,1.0,head
hd_p19_cp28,2189.809099644296,1.0,head
hd_p19_cp29,2189.503539882873,1.0,head
hd_p19_cp30,2182.4563957243813,1.0,head
hd_p19_cp31,2182.0036229954617,1.0,head
hd_p19_cp32,2175.103779387552,1.0,head
hd_p19_cp33,2174.524649176852,1.0,head
hd_p19_cp34,2167.7494000848324,1.0,head
hd_p19_cp35,2167.1145521646035,1.0,head
hd_p19_cp36,2160.3920151639054,1.0,head
hd_p19_cp37,2159.7993194714454,1.0,head
hd_p19_cp38,2153.0307140352975,1.0,head
hd_p19_cp39,2152.552945696432,1.0,head
hd_p19_cp40,2145.6644230061443,1.0,head
hd_p19_cp41,2145.3274790506866,1.0,head
hd_p19_cp42,2138.291461685325,1.0,head
hd_p19_cp43,2138.0865282014693,1.0,head
hd_p19_cp44,2130.9094005529455,1.0,head
hd_p19_cp45,2130.8148255719602,1.0,head
hd_p19_cp46,2123.515457263225,1.0,head
hd_p19_cp47,2123.5124804906436,1.0,head
hd_p19_cp48,2116.1076128225723,1.0,head
hd_p19_cp49,2116.1863843974243,1.0,head
hd_p19_cp50,2108.6863909634767,1.0,head
hd_p19_cp51,2108.8443877407353,1.0,head
hd_p19_cp52,2101.256732794774,1.0,head
hd_p19_cp53,2101.4927789079393,1.0,head
hd_p19_cp54,2093.8287592507636,1.0,head
hd_p19_cp55,2094.1358072390126,1.0,head
hd_p19_cp56,2086.4159794404563,1.0,head
hd_p19_cp57,2086.776041657359,1.0,head
hd_p19_cp58,2079.0304684177536,1.0,head
hd_p19_cp59,2079.41489848546,1.0,head
hd_p19_cp60,2071.6769954051765,1.0,head
hd_p19_cp61,2072.0530905752757,1.0,head
hd_p19_cp62,2064.350388812115,1.0,head
hd_p19_cp63,2064.6909460843076,1.0,head
hd_p19_cp64,2057.0388740730277,1.0,head
hd_p19_cp65,2057.3286092132266,1.0,head
hd_p19_cp66,2049.7303498835936,1.0,head
hd_p19_cp67,2049.966150807328,1.0,head
hd_p19_cp68,2042.4170167431082,1.0,head
hd_p19_cp69,2042.603618419368,1.0,head
hd_p19_cp70,2035.0962463467542,1.0,head
hd_p19_cp71,2035.2410514512194,1.0,head
hd_p19_cp72,2027.7685434845419,1.0,head
hd_p19_cp73,2027.8784803528101,1.0,head
hd_p19_cp74,2020.4350109447912,1.0,head
hd_p19_cp75,2020.515922256454,1.0,head
hd_p19_cp76,2013.096228752635,1.0,head
hd_p19_cp77,2013.1533798324638,1.0,head
hd_p19_cp78,2005.7523893983525,1.0,head
hd_p19_cp79,2005.7908451432857,1.0,head
hd_p19_cp80,1998.4037596458845,1.0,head
hd_p19_cp81,1998.4283063043856,1.0,head
hd_p19_cp82,1991.050915048008,1.0,head
hd_p19_cp83,1991.0657534050426,1.0,head
hd_p19_cp84,2292.9335731442784,1.0,head
hd_p19_cp85,1991.0362656777265,1.0,head
hd_p19_cp86,2292.9330751584375,1.0,head
hd_p19_cp87,1991.0103346919777,1.0,head
hd_p19_cp88,2292.932173832874,1.0,head
hd_p19_cp89,1990.9674126139666,1.0,head
hd_p19_cp90,2292.9306408675734,1.0,head
hd_p19_cp91,1990.9015850693795,1.0,head
hd_p19_cp92,2292.928200589821,1.0,head
hd_p19_cp93,1990.8093865264436,1.0,head
hd_p19_cp94,2292.92458098875,1.0,head
hd_p19_cp95,1990.6943321138353,1.0,head
hd_p19_cp96,2292.9196043763404,1.0,head
hd_p19_cp97,1990.5723211845277,1.0,head
hd_p19_cp98,2292.913302264762,1.0,head
hd_p19_cp99,1990.4738207387009,1.0,head
hd_p19_cp100,2292.9060122284395,1.0,head
hd_p19_cp101,1990.4349485613618,1.0,head
hd_p19_cp102,2292.8983956787383,1.0,head
hd_p19_cp103,1990.4738207384291,1.0,head
hd_p19_cp104,2292.8913272373834,1.0,head
hd_p19_cp105,1990.5723211835716,1.0,head
hd_p19_cp106,2292.8856683480635,1.0,head
hd_p19_cp107,1990.694332110807,1.0,head
hd_p19_cp108,2292.8820373362582,1.0,head
hd_p19_cp109,1990.8093865171793,1.0,head
hd_p19_cp110,2292.88073802697,1.0,head
hd_p19_cp111,1990.9015850419203,1.0,head
hd_p19_cp112,2292.8818712991274,1.0,head
hd_p19_cp113,1990.9674125352508,1.0,head
hd_p19_cp114,2292.885386437405,1.0,head
hd_p19_cp115,1991.010334474167,1.0,head
hd_p19_cp116,2292.8909294741725,1.0,head
hd_p19_cp117,1991.036265097027,1.0,head
hd_p19_cp118,2292.8976418708107,1.0,head
hd_p19_cp119,1991.0509135591199,1.0,head
hd_p19_cp120,2292.9041215022166,1.0,head
hd_p19_cp121,1991.0586987959687,1.0,head
hd_p19_cp122,2292.9085096152257,1.0,head
hd_p19_cp123,1991.0626065628674,1.0,head
hd_p19_cp124,2292.9085174478378,1.0,head
hd_p19_cp125,1991.064460169323,1.0,head
hd_p19_cp126,2292.901307928055,1.0,head
hd_p19_cp127,1991.065282663046,1.0,head
hd_p19_cp128,2292.883407152777,1.0,head
hd_p19_cp129,1991.0656040454082,1.0,head
hd_p19_cp130,2292.8510901484924,1.0,head
hd_p19_cp131,1991.0656748724402,1.0,head
hd_p19_cp132,2292.801808413095,1.0,head
hd_p19_cp133,1991.0655976096784,1.0,head
hd_p19_cp134,2292.7369850619457,1.0,head
hd_p19_cp135,1991.0654019472959,1.0,head
hd_p19_cp136,2292.665576250456,1.0,head
hd_p19_cp137,1991.0650884144268,1.0,head
hd_p19_cp138,2292.605871574413,1.0,head
hd_p19_cp139,1991.0646566418773,1.0,head
hd_p19_cp140,2292.580669352616,1.0,head
hd_p19_cp141,1991.0641251425757,1.0,head
hd_p19_cp142,2292.602492820115,1.0,head
hd_p19_cp143,1991.0635406574609,1.0,head
hd_p19_cp144,2292.6596006537497,1.0,head
hd_p19_cp145,1991.062969182904,1.0,head
hd_p19_cp146,2292.729519750671,1.0,head
hd_p19_cp147,1991.0624600913804,1.0,head
hd_p19_cp148,2292.793544515844,1.0,head
hd_p19_cp149,1991.061979070122,1.0,head
hd_p19_cp150,2292.8413979935553,1.0,head
hd_p19_cp151,1991.0613096928457,1.0,head
hd_p19_cp152,2292.8691318645206,1.0,head
hd_p19_cp153,1991.0599194641322,1.0,head
hd_p19_cp154,2292.8748546709066,1.0,head
hd_p19_cp155,1991.0567721466387,1.0,head
hd_p19_cp156,2292.85472615025,1.0,head
hd_p19_cp157,1991.050055126041,1.0,head
hd_p19_cp158,2292.8000878426333,1.0,head
hd_p19_cp159,1991.0367979567918,1.0,head
hd_p19_cp160,2292.696201967583,1.0,head
hd_p19_cp161,1991.0124005423706,1.0,head
hd_p19_cp162,2292.5234797455237,1.0,head
hd_p19_cp163,1990.970176430853,1.0,head
hd_p19_cp164,2292.262718420813,1.0,head
hd_p19_cp165,1990.901172922784,1.0,head
hd_p19_cp166,2291.905915623451,1.0,head
hd_p19_cp167,1990.7948017835447,1.0,head
hd_p19_cp168,2291.4725485261233,1.0,head
hd_p19_cp169,1990.641181098881,1.0,head
hd_p19_cp170,2291.0263395837023,1.0,head
hd_p19_cp171,1990.4361826464967,1.0,head
hd_p19_cp172,2290.6784453198147,1.0,head
hd_p19_cp173,1990.1890091141145,1.0,head
hd_p19_cp174,2290.553835003095,1.0,head
hd_p19_cp175,1989.9286940823565,1.0,head
hd_p19_cp176,2290.711508018466,1.0,head
hd_p19_cp177,1989.7017981617787,1.0,head
hd_p19_cp178,2291.0827222043454,1.0,head
hd_p19_cp179,1989.555560944927,1.0,head
hd_p19_cp180,2291.5381119689578,1.0,head
hd_p19_cp181,1989.5154238942107,1.0,head
hd_p19_cp182,2291.9681626346437,1.0,head
hd_p19_cp183,1989.5808349446504,1.0,head
hd_p19_cp184,2292.314203509402,1.0,head
hd_p19_cp185,1989.7436741952015,1.0,head
hd_p19_cp186,2292.562202382394,1.0,head
hd_p19_cp187,1989.9880917160185,1.0,head
hd_p19_cp188,2292.7242894856904,1.0,head
hd_p19_cp189,1990.261902182191,1.0,head
hd_p19_cp190,2292.822279778265,1.0,head
hd_p19_cp191,1990.5137152359373,1.0,head
hd_p19_cp192,2292.877588115471,1.0,head
hd_p19_cp193,1990.7142989247757,1.0,head
hd_p19_cp194,2292.906925252075,1.0,head
hd_p19_cp195,1990.8569999059266,1.0,head
hd_p19_cp196,2292.9216215051024,1.0,head
hd_p19_cp197,1990.9494227803352,1.0,head
hd_p19_cp198,2292.9286019571214,1.0,head
hd_p19_cp199,1991.0046427073926,1.0,head
hd_p19_cp200,2292.931756872637,1.0,head
hd_p19_cp201,1991.0353807692459,1.0,head
hd_p19_cp202,2292.9331188415467,1.0,head
hd_p19_cp203,1991.0514457601882,1.0,head
hd_p19_cp204,2292.9336834090523,1.0,head
hd_p19_cp205,1991.0593774495862,1.0,head
hd_p19_cp206,2292.933910188058,1.0,head
hd_p19_cp207,1991.0630948040325,1.0,head
hd_p19_cp208,2292.933999970709,1.0,head
hd_p19_cp209,1991.0647549483135,1.0,head
hd_p19_cp210,2292.934036037763,1.0,head
hd_p19_cp211,1991.065463582452,1.0,head
hd_p20_cp0,2292.9337075963035,1.0,head
hd_p20_cp1,2292.9340427546317,1.0,head
hd_p20_cp2,2285.570648304602,1.0,head
hd_p20_cp3,2285.5713772764884,1.0,head
hd_p20_cp4,2278.2071747675523,1.0,head
hd_p20_cp5,2278.2086740871296,1.0,head
hd_p20_cp6,2270.842976879384,1.0,head
hd_p20_cp7,2270.845882526458,1.0,head
hd_p20_cp8,2263.477610930889,1.0,head
hd_p20_cp9,2263.482889830256,1.0,head
hd_p20_cp10,2256.1105315706327,1.0,head
hd_p20_cp11,2256.1194556972227,1.0,head
hd_p20_cp12,2248.7412143636666,1.0,head
hd_p20_cp13,2248.7550904538734,1.0,head
hd_p20_cp14,2241.3693941601828,1.0,head
hd_p20_cp15,2241.3888412886736,1.0,head
hd_p20_cp16,2233.995385714166,1.0,head
hd_p20_cp17,2234.0189447719986,1.0,head
hd_p20_cp18,2226.6203563457843,1.0,head
hd_p20_cp19,2226.6423246061013,1.0,head
hd_p20_cp20,2219.2463376560218,1.0,head
hd_p20_cp21,2219.2540115481347,1.0,head
hd_p20_cp22,2211.8757891949635,1.0,head
hd_p20_cp23,2211.846817042746,1.0,head
hd_p20_cp24,2204.5107376386204,1.0,head
hd_p20_cp25,2204.4120543049403,1.0,head
hd_p20_cp26,2197.151860795186,1.0,head
hd_p20_cp27,2196.9426136014476,1.0,head
hd_p20_cp28,2189.7981083318746,1.0,head
hd_p20_cp29,2189.4395852584926,1.0,head
hd_p20_cp30,2182.4471772305374,1.0,head
hd_p20_cp31,2181.9214541070405,1.0,head
hd_p20_cp32,2175.096437634779,1.0,head
hd_p20_cp33,2174.429233250263,1.0,head
hd_p20_cp34,2167.7436781818637,1.0,head
hd_p20_cp35,2167.0144499353537,1.0,head
hd_p20_cp36,2160.387325001346,1.0,head
hd_p20_cp37,2159.7038767273307,1.0,head
hd_p20_cp38,2153.0261661568356,1.0,head
hd_p20_cp39,2152.470716667497,1.0,head
hd_p20_cp40,2145.658832329956,1.0,head
hd_p20_cp41,2145.263418423056,1.0,head
hd_p20_cp42,2138.283337733162,1.0,head
hd_p20_cp43,2138.0409477820376,1.0,head
hd_p20_cp44,2130.8969689942073,1.0,head
hd_p20_cp45,2130.784808248752,1.0,head
hd_p20_cp46,2123.4967799043175,1.0,head
hd_p20_cp47,2123.4939168010787,1.0,head
hd_p20_cp48,2116.080856140489,1.0,head
hd_p20_cp49,2116.17541793128,1.0,head
hd_p20_cp50,2108.650233950641,1.0,head
hd_p20_cp51,2108.838061042591,1.0,head
hd_p20_cp52,2101.210820695463,1.0,head
hd_p20_cp53,2101.489111244345,1.0,head
hd_p20_cp54,2093.774038394299,1.0,head
hd_p20_cp55,2094.133601077281,1.0,head
hd_p20_cp56,2086.3547373968686,1.0,head
hd_p20_cp57,2086.774628737142,1.0,head
hd_p20_cp58,2078.96599531735,1.0,head
hd_p20_cp59,2079.4139268134404,1.0,head
hd_p20_cp60,2071.612958859002,1.0,head
hd_p20_cp61,2072.052378712454,1.0,head
hd_p20_cp62,2064.2901387032916,1.0,head
hd_p20_cp63,2064.690396810025,1.0,head
hd_p20_cp64,2056.9848852772766,1.0,head
hd_p20_cp65,2057.3281651168472,1.0,head
hd_p20_cp66,2049.6839823109203,1.0,head
hd_p20_cp67,2049.965775094983,1.0,head
hd_p20_cp68,2042.3786202983276,1.0,head
hd_p20_cp69,2042.603288162119,1.0,head
hd_p20_cp70,2035.0654613729753,1.0,head
hd_p20_cp71,2035.2407550427242,1.0,head
hd_p20_cp72,2027.7446099184897,1.0,head
hd_p20_cp73,2027.8782150206778,1.0,head
hd_p20_cp74,2020.4169903671539,1.0,head
hd_p20_cp75,2020.5156905177507,1.0,head
hd_p20_cp76,2013.0831229061448,1.0,head
hd_p20_cp77,2013.1531855529015,1.0,head
hd_p20_cp78,2005.7432105629628,1.0,head
hd_p20_cp79,2005.7906903939418,1.0,head
hd_p20_cp80,1998.397586898723,1.0,head
hd_p20_cp81,1998.428189831172,1.0,head
hd_p20_cp82,1991.0469391396257,1.0,head
hd_p20_cp83,1991.0656707567243,1.0,head
hd_p20_cp84,2292.9333280514757,1.0,head
hd_p20_cp85,1991.029237125597,1.0,head
hd_p20_cp86,2292.93261797541,1.0,head
hd_p20_cp87,1990.9985454185608,1.0,head
hd_p20_cp88,2292.9313634610594,1.0,head
hd_p20_cp89,1990.948681398984,1.0,head
hd_p20_cp90,2292.9292775403724,1.0,head
hd_p20_cp91,1990.8734645973827,1.0,head
hd_p20_cp92,2292.9260256173084,1.0,head
hd_p20_cp93,1990.7696746291883,1.0,head
hd_p20_cp94,2292.9212924806234,1.0,head
hd_p20_cp95,1990.641983584392,1.0,head
hd_p20_cp96,2292.914893312333,1.0,head
hd_p20_cp97,1990.5085585312886,1.0,head
hd_p20_cp98,2292.9069076570786,1.0,head
hd_p20_cp99,1990.4025051053302,1.0,head
hd_p20_cp100,2292.8977860137484,1.0,head
hd_p20_cp101,1990.3612091804102,1.0,head
hd_p20_cp102,2292.8883600644685,1.0,head
hd_p20_cp103,1990.402505104723,1.0,head
hd_p20_cp104,2292.879703897704,1.0,head
hd_p20_cp105,1990.5085585292102,1.0,head
hd_p20_cp106,2292.872864533658,1.0,head
hd_p20_cp107,1990.641983577998,1.0,head
hd_p20_cp108,2292.868589376345,1.0,head
hd_p20_cp109,1990.7696746102063,1.0,head
hd_p20_cp110,2292.8672318533236,1.0,head
hd_p20_cp111,1990.8734645427965,1.0,head
hd_p20_cp112,2292.8688674547034,1.0,head
hd_p20_cp113,1990.9486812471566,1.0,head
hd_p20_cp114,2292.8733582444956,1.0,head
hd_p20_cp115,1990.9985450108147,1.0,head
hd_p20_cp116,2292.880204523981,1.0,head
hd_p20_cp117,1991.02923607015,1.0,head
hd_p20_cp118,2292.8883376384856,1.0,head
hd_p20_cp119,1991.0469365111599,1.0,head
hd_p20_cp120,2292.8960763440205,1.0,head
hd_p20_cp121,1991.0565590717642,1.0,head
hd_p20_cp122,2292.9012143482664,1.0,head
hd_p20_cp123,1991.0615077858997,1.0,head
hd_p20_cp124,2292.9010561348255,1.0,head
hd_p20_cp125,1991.063915451511,1.0,head
hd_p20_cp126,2292.892328768183,1.0,head
hd_p20_cp127,1991.0650108380953,1.0,head
hd_p20_cp128,2292.87116112673,1.0,head
hd_p20_cp129,1991.0654480278308,1.0,head
hd_p20_cp130,2292.833585672776,1.0,head
hd_p20_cp131,1991.0655451423527,1.0,head
hd_p20_cp132,2292.7771304549906,1.0,head
hd_p20_cp133,1991.0654370633504,1.0,head
hd_p20_cp134,2292.7038172279854,1.0,head
hd_p20_cp135,1991.0651667133232,1.0,head
hd_p20_cp136,2292.6239068710242,1.0,head
hd_p20_cp137,1991.0647399861423,1.0,head
hd_p20_cp138,2292.5576421000887,1.0,head
hd_p20_cp139,1991.0641617136328,1.0,head
hd_p20_cp140,2292.529740438063,1.0,head
hd_p20_cp141,1991.063459744536,1.0,head
hd_p20_cp142,2292.5534573400464,1.0,head
hd_p20_cp143,1991.0626944294304,1.0,head
hd_p20_cp144,2292.6164468919033,1.0,head
hd_p20_cp145,1991.061944493586,1.0,head
hd_p20_cp146,2292.694370561191,1.0,head
hd_p20_cp147,1991.0612599330593,1.0,head
hd_p20_cp148,2292.7664850178007,1.0,head
hd_p20_cp149,1991.0605775572876,1.0,head
hd_p20_cp150,2292.820930752758,1.0,head
hd_p20_cp151,1991.0595993511827,1.0,head
hd_p20_cp152,2292.8526384616034,1.0,head
hd_p20_cp153,1991.0576300027928,1.0,head
hd_p20_cp154,2292.8588235050006,1.0,head
hd_p20_cp155,1991.0533560643032,1.0,head
hd_p20_cp156,2292.834748772641,1.0,head
hd_p20_cp157,1991.0445365248406,1.0,head
hd_p20_cp158,2292.7707353166456,1.0,head
hd_p20_cp159,1991.027582501545,1.0,head
hd_p20_cp160,2292.6509707564155,1.0,head
hd_p20_cp161,1990.9970481930568,1.0,head
hd_p20_cp162,2292.4550417205455,1.0,head
hd_p20_cp163,1990.9451537319073,1.0,head
hd_p20_cp164,2292.1636933478394,1.0,head
hd_p20_cp165,1990.8616535239785,1.0,head
hd_p20_cp166,2291.7703320943706,1.0,head
hd_p20_cp167,1990.7347031613062,1.0,head
hd_p20_cp168,2291.2980808189736,1.0,head
hd_p20_cp169,1990.5537851932409,1.0,head
hd_p20_cp170,2290.816975804189,1.0,head
hd_p20_cp171,1990.3157022321182,1.0,head
hd_p20_cp172,2290.445778820562,1.0,head
hd_p20_cp173,1990.0330122219052,1.0,head
hd_p20_cp174,2290.314048874162,1.0,head
hd_p20_cp175,1989.7403499999848,1.0,head
hd_p20_cp176,2290.480301986229,1.0,head
hd_p20_cp177,1989.4903143006698,1.0,head
hd_p20_cp178,2290.876253462513,1.0,head
hd_p20_cp179,1989.3342249974173,1.0,head
hd_p20_cp180,2291.367798309015,1.0,head
hd_p20_cp181,1989.29865290945,1.0,head
hd_p20_cp182,2291.8375746252295,1.0,head
hd_p20_cp183,1989.381626088305,1.0,head
hd_p20_cp184,2292.220468975331,1.0,head
hd_p20_cp185,1989.5721269723213,1.0,head
hd_p20_cp186,2292.4989205925035,1.0,head
hd_p20_cp187,1989.8494397609268,1.0,head
hd_p20_cp188,2292.6839970801648,1.0,head
hd_p20_cp189,1990.1561462226218,1.0,head
hd_p20_cp190,2292.798038816385,1.0,head
hd_p20_cp191,1990.4367620566711,1.0,head
hd_p20_cp192,2292.8637833447215,1.0,head
hd_p20_cp193,1990.6607131082785,1.0,head
hd_p20_cp194,2292.8994687211025,1.0,head
hd_p20_cp195,1990.8214346526158,1.0,head
hd_p20_cp196,2292.917791904204,1.0,head
hd_p20_cp197,1990.927041269843,1.0,head
hd_p20_cp198,2292.9267255795935,1.0,head
hd_p20_cp199,1990.991326833318,1.0,head
hd_p20_cp200,2292.9308755269203,1.0,head
hd_p20_cp201,1991.0278923479066,1.0,head
hd_p20_cp202,2292.9327189212795,1.0,head
hd_p20_cp203,1991.0474582617026,1.0,head
hd_p20_cp204,2292.933505891916,1.0,head
hd_p20_cp205,1991.0573616447537,1.0,head
hd_p20_cp206,2292.9338315961973,1.0,head
hd_p20_cp207,1991.062124571242,1.0,head
hd_p20_cp208,2292.9339643539774,1.0,head
hd_p20_cp209,1991.0643091358181,1.0,head
hd_p20_cp210,2292.934019087018,1.0,head
hd_p20_cp211,1991.0652675585006,1.0,head
hd_p21_cp0,2292.933533544991,1.0,head
hd_p21_cp1,2292.9340302483265,1.0,head
hd_p21_cp2,2285.5703010310494,1.0,head
hd_p21_cp3,2285.5713521759444,1.0,head
hd_p21_cp4,2278.206516947877,1.0,head
hd_p21_cp5,2278.2086223627903,1.0,head
hd_p21_cp6,2270.8417967962146,1.0,head
hd_p21_cp7,2270.845774291685,1.0,head
hd_p21_cp8,2263.475610885624,1.0,head
hd_p21_cp9,2263.482662857315,1.0,head
hd_p21_cp10,2256.1073363742717,1.0,head
hd_p21_cp11,2256.1189841797272,1.0,head
hd_p21_cp12,2248.7364124880582,1.0,head
hd_p21_cp13,2248.754128393473,1.0,head
hd_p21_cp14,2241.362616514011,1.0,head
hd_p21_cp15,2241.386925535497,1.0,head
hd_p21_cp16,2233.986411276562,1.0,head
hd_p21_cp17,2234.0152419976876,1.0,head
hd_p21_cp18,2226.6092162516884,1.0,head
hd_p21_cp19,2226.6354189465083,1.0,head
hd_p21_cp20,2219.2333799435582,1.0,head
hd_p21_cp21,2219.2416706376075,1.0,head
hd_p21_cp22,2211.861671385914,1.0,head
hd_p21_cp23,2211.8258560703644,1.0,head
hd_p21_cp24,2204.4963323756283,1.0,head
hd_p21_cp25,2204.378527923718,1.0,head
hd_p21_cp26,2197.138089203331,1.0,head
hd_p21_cp27,2196.8926304278707,1.0,head
hd_p21_cp28,2189.7857501728336,1.0,head
hd_p21_cp29,2189.3708794661256,1.0,head
hd_p21_cp30,2182.436717602243,1.0,head
hd_p21_cp31,2181.8352153498336,1.0,head
hd_p21_cp32,2175.0879858009666,1.0,head
hd_p21_cp33,2174.3307873621734,1.0,head
hd_p21_cp34,2167.7369535103685,1.0,head
hd_p21_cp35,2166.9117535120904,1.0,head
hd_p21_cp36,2160.3816803701584,1.0,head
hd_p21_cp37,2159.605394307876,1.0,head
hd_p21_cp38,2153.020615272963,1.0,head
hd_p21_cp39,2152.384396794168,1.0,head
hd_p21_cp40,2145.6520620071524,1.0,head
hd_p21_cp41,2145.1945715624083,1.0,head
hd_p21_cp42,2138.2737162457474,1.0,head
hd_p21_cp43,2137.9907428844876,1.0,head
hd_p21_cp44,2130.882594689982,1.0,head
hd_p21_cp45,2130.7509573166444,1.0,head
hd_p21_cp46,2123.475629875871,1.0,head
hd_p21_cp47,2123.472510743607,1.0,head
hd_p21_cp48,2116.0510753178814,1.0,head
hd_p21_cp49,2116.162505171955,1.0,head
hd_p21_cp50,2108.610546897523,1.0,head
hd_p21_cp51,2108.830467770455,1.0,head
hd_p21_cp52,2101.1609682945627,1.0,head
hd_p21_cp53,2101.4846348783053,1.0,head
hd_p21_cp54,2093.7150765784177,1.0,head
hd_p21_cp55,2094.1308698355083,1.0,head
hd_p21_cp56,2086.2890373106848,1.0,head
hd_p21_cp57,2086.772857921971,1.0,head
hd_p21_cp58,2078.8968914626353,1.0,head
hd_p21_cp59,2079.4126949291026,1.0,head
hd_p21_cp60,2071.544152979454,1.0,head
hd_p21_cp61,2072.051465697003,1.0,head
hd_p21_cp62,2064.2250478393926,1.0,head
hd_p21_cp63,2064.689684395473,1.0,head
hd_p21_cp64,2056.926114354899,1.0,head
hd_p21_cp65,2057.3275839384773,1.0,head
hd_p21_cp66,2049.6330690819145,1.0,head
hd_p21_cp67,2049.9652810770726,1.0,head
hd_p21_cp68,2042.3360901491858,1.0,head
hd_p21_cp69,2042.6028538527235,1.0,head
hd_p21_cp70,2035.0310778093892,1.0,head
hd_p21_cp71,2035.2403662979234,1.0,head
hd_p21_cp72,2027.7176663143011,1.0,head
hd_p21_cp73,2027.8778680364346,1.0,head
hd_p21_cp74,2020.3965460659833,1.0,head
hd_p21_cp75,2020.515387756746,1.0,head
hd_p21_cp76,2013.068139320399,1.0,head
hd_p21_cp77,2013.152931208955,1.0,head
hd_p21_cp78,2005.7326318238977,1.0,head
hd_p21_cp79,2005.7904867089073,1.0,head
hd_p21_cp80,1998.3904082884205,1.0,head
hd_p21_cp81,1998.4280352071469,1.0,head
hd_p21_cp82,1991.042265887664,1.0,head
hd_p21_cp83,1991.0655597750815,1.0,head
hd_p21_cp84,2292.9329955187523,1.0,head
hd_p21_cp85,1991.0211390974416,1.0,head
hd_p21_cp86,2292.9320126194257,1.0,head
hd_p21_cp87,1990.9852078091476,1.0,head
hd_p21_cp88,2292.930314681442,1.0,head
hd_p21_cp89,1990.9278504079566,1.0,head
hd_p21_cp90,2292.927549952921,1.0,head
hd_p21_cp91,1990.84273391195,1.0,head
hd_p21_cp92,2292.92332176835,1.0,head
hd_p21_cp93,1990.7271301996486,1.0,head
hd_p21_cp94,2292.9172733529285,1.0,head
hd_p21_cp95,1990.5872000621193,1.0,head
hd_p21_cp96,2292.9092203420614,1.0,head
hd_p21_cp97,1990.443452762017,1.0,head
hd_p21_cp98,2292.8993039089887,1.0,head
hd_p21_cp99,1990.3310132137171,1.0,head
hd_p21_cp100,2292.8881058717984,1.0,head
hd_p21_cp101,1990.287667643251,1.0,head
hd_p21_cp102,2292.876649041754,1.0,head
hd_p21_cp103,1990.3310132124336,1.0,head
hd_p21_cp104,2292.8662272539955,1.0,head
hd_p21_cp105,1990.443452757718,1.0,head
hd_p21_cp106,2292.858089441291,1.0,head
hd_p21_cp107,1990.5872000492584,1.0,head
hd_p21_cp108,2292.8531214789814,1.0,head
hd_p21_cp109,1990.7271301625638,1.0,head
hd_p21_cp110,2292.8517277449982,1.0,head
hd_p21_cp111,1990.842733808356,1.0,head
hd_p21_cp112,2292.853951744141,1.0,head
hd_p21_cp113,1990.9278501279884,1.0,head
hd_p21_cp114,2292.859553726691,1.0,head
hd_p21_cp115,1990.9852070783584,1.0,head
hd_p21_cp116,2292.867865099867,1.0,head
hd_p21_cp117,1991.0211372581948,1.0,head
hd_p21_cp118,2292.877576310683,1.0,head
hd_p21_cp119,1991.0422614321994,1.0,head
hd_p21_cp120,2292.886692484573,1.0,head
hd_p21_cp121,1991.0539876725181,1.0,head
hd_p21_cp122,2292.892627293341,1.0,head
hd_p21_cp123,1991.0601546762705,1.0,head
hd_p21_cp124,2292.8922535348283,1.0,head
hd_p21_cp125,1991.0632257645166,1.0,head
hd_p21_cp126,2292.881848655968,1.0,head
hd_p21_cp127,1991.0646552823262,1.0,head
hd_p21_cp128,2292.8571435123463,1.0,head
hd_p21_cp129,1991.0652371065767,1.0,head
hd_p21_cp130,2292.8139444200433,1.0,head
hd_p21_cp131,1991.065367812394,1.0,head
hd_p21_cp132,2292.749905998362,1.0,head
hd_p21_cp133,1991.0652215339462,1.0,head
hd_p21_cp134,2292.6677602405316,1.0,head
hd_p21_cp135,1991.0648586040725,1.0,head
hd_p21_cp136,2292.579234283155,1.0,head
hd_p21_cp137,1991.0642931559623,1.0,head
hd_p21_cp138,2292.506578563753,1.0,head
hd_p21_cp139,1991.0635376738617,1.0,head
hd_p21_cp140,2292.476130728684,1.0,head
hd_p21_cp141,1991.062631539661,1.0,head
hd_p21_cp142,2292.5014909777706,1.0,head
hd_p21_cp143,1991.0616500598298,1.0,head
hd_p21_cp144,2292.570097919613,1.0,head
hd_p21_cp145,1991.0606838979745,1.0,head
hd_p21_cp146,2292.6560433828454,1.0,head
hd_p21_cp147,1991.0597788921102,1.0,head
hd_p21_cp148,2292.736478943942,1.0,head
hd_p21_cp149,1991.0588318999503,1.0,head
hd_p21_cp150,2292.7977750145365,1.0,head
hd_p21_cp151,1991.057443398762,1.0,head
hd_p21_cp152,2292.833590236894,1.0,head
hd_p21_cp153,1991.054724015543,1.0,head
hd_p21_cp154,2292.840152059001,1.0,head
hd_p21_cp155,1991.0490383935958,1.0,head
hd_p21_cp156,2292.811778348241,1.0,head
hd_p21_cp157,1991.0376571794982,1.0,head
hd_p21_cp158,2292.737773260826,1.0,head
hd_p21_cp159,1991.016296579534,1.0,head
hd_p21_cp160,2292.601315694874,1.0,head
hd_p21_cp161,1990.9785744672392,1.0,head
hd_p21_cp162,2292.3813061471137,1.0,head
hd_p21_cp163,1990.9155299829233,1.0,head
hd_p21_cp164,2292.0586934101793,1.0,head
hd_p21_cp165,1990.8155920264858,1.0,head
hd_p21_cp166,2291.628784508241,1.0,head
hd_p21_cp167,1990.665778760734,1.0,head
hd_p21_cp168,2291.119121631523,1.0,head
hd_p21_cp169,1990.4553010331533,1.0,head
hd_p21_cp170,2290.6065441418004,1.0,head
hd_p21_cp171,1990.1824567424223,1.0,head
hd_p21_cp172,2290.2162164813444,1.0,head
hd_p21_cp173,1989.863612159162,1.0,head
hd_p21_cp174,2290.0792195185713,1.0,head
hd_p21_cp175,1989.5389085160155,1.0,head
hd_p21_cp176,2290.2520850395226,1.0,head
hd_p21_cp177,1989.2663168125237,1.0,head
hd_p21_cp178,2290.6684962434774,1.0,head
hd_p21_cp179,1989.1007024006622,1.0,head
hd_p21_cp180,2291.192721301126,1.0,head
hd_p21_cp181,1989.0699851632169,1.0,head
hd_p21_cp182,2291.7008023162775,1.0,head
hd_p21_cp183,1989.1714290653113,1.0,head
hd_p21_cp184,2292.1206926019645,1.0,head
hd_p21_cp185,1989.3909005153273,1.0,head
hd_p21_cp186,2292.430494627796,1.0,head
hd_p21_cp187,1989.7015565125432,1.0,head
hd_p21_cp188,2292.6396892062585,1.0,head
hd_p21_cp189,1990.0422164244837,1.0,head
hd_p21_cp190,2292.7708760122687,1.0,head
hd_p21_cp191,1990.3534848951417,1.0,head
hd_p21_cp192,2292.8479872053317,1.0,head
hd_p21_cp193,1990.6025715467167,1.0,head
hd_p21_cp194,2292.8907383076094,1.0,head
hd_p21_cp195,1990.782616392524,1.0,head
hd_p21_cp196,2292.9131955108423,1.0,head
hd_p21_cp197,1990.9023290505977,1.0,head
hd_p21_cp198,2292.9244132713293,1.0,head
hd_p21_cp199,1990.9763740015203,1.0,head
hd_p21_cp200,2292.9297588545255,1.0,head
hd_p21_cp201,1991.019305706341,1.0,head
hd_p21_cp202,2292.9321974481345,1.0,head
hd_p21_cp203,1991.0427768806167,1.0,head
hd_p21_cp204,2292.9332676259887,1.0,head
hd_p21_cp205,1991.0549345562677,1.0,head
hd_p21_cp206,2292.933723157293,1.0,head
hd_p21_cp207,1991.0609252654147,1.0,head
hd_p21_cp208,2292.933914017842,1.0,head
hd_p21_cp209,1991.0637429777187,1.0,head
hd_p21_cp210,2292.933994686214,1.0,head
hd_p21_cp211,1991.0650116491624,1.0,head
hd_p22_cp0,2292.933298108184,1.0,head
hd_p22_cp1,2292.9340124524333,1.0,head
hd_p22_cp2,2285.569844171951,1.0,head
hd_p22_cp3,2285.571317480805,1.0,head
hd_p22_cp4,2278.2056743690146,1.0,head
hd_p22_cp5,2278.2085528373764,1.0,head
hd_p22_cp6,2270.8403231551615,1.0,head
hd_p22_cp7,2270.8456324361405,1.0,head
hd_p22_cp8,2263.4731719030597,1.0,head
hd_p22_cp9,2263.48237179902,1.0,head
hd_p22_cp10,2256.103523721409,1.0,head
hd_p22_cp11,2256.118390702514,1.0,head
hd_p22_cp12,2248.7307924229926,1.0,head
hd_p22_cp13,2248.75293731657,1.0,head
hd_p22_cp14,2241.3548145086615,1.0,head
hd_p22_cp15,2241.384590702538,1.0,head
hd_p22_cp16,2233.9762198036615,1.0,head
hd_p22_cp17,2234.010801646067,1.0,head
hd_p22_cp18,2226.5966975538663,1.0,head
hd_p22_cp19,2226.627281878326,1.0,head
hd_p22_cp20,2219.2189276344125,1.0,head
hd_p22_cp21,2219.227408654744,1.0,head
hd_p22_cp22,2211.845998293739,1.0,head
hd_p22_cp23,2211.802145130182,1.0,head
hd_p22_cp24,2204.4803690888,1.0,head
hd_p22_cp25,2204.3414797067167,1.0,head
hd_p22_cp26,2197.122810272029,1.0,head
hd_p22_cp27,2196.838764292383,1.0,head
hd_p22_cp28,2189.7719790297992,1.0,head
hd_p22_cp29,2189.298701435055,1.0,head
hd_p22_cp30,2182.424966062192,1.0,head
hd_p22_cp31,2181.746681718266,1.0,head
hd_p22_cp32,2175.0783654431502,1.0,head
hd_p22_cp33,2174.2313723922452,1.0,head
hd_p22_cp34,2167.7291560516655,1.0,head
hd_p22_cp35,2166.808703009353,1.0,head
hd_p22_cp36,2160.374997180391,1.0,head
hd_p22_cp37,2159.505930730876,1.0,head
hd_p22_cp38,2153.013964478145,1.0,head
hd_p22_cp39,2152.2957562079578,1.0,head
hd_p22_cp40,2145.644008542797,1.0,head
hd_p22_cp41,2145.122209826311,1.0,head
hd_p22_cp42,2138.262498418351,1.0,head
hd_p22_cp43,2137.936591893953,1.0,head
hd_p22_cp44,2130.8661990000787,1.0,head
hd_p22_cp45,2130.71349755652,1.0,head
hd_p22_cp46,2123.451966716671,1.0,head
hd_p22_cp47,2123.448241937114,1.0,head
hd_p22_cp48,2116.0182862507645,1.0,head
hd_p22_cp49,2116.147533188437,1.0,head
hd_p22_cp50,2108.567416596532,1.0,head
hd_p22_cp51,2108.82148270452,1.0,head
hd_p22_cp52,2101.107337996611,1.0,head
hd_p22_cp53,2101.479243866959,1.0,head
hd_p22_cp54,2093.652101110651,1.0,head
hd_p22_cp55,2094.127532868141,1.0,head
hd_p22_cp56,2086.2191476848875,1.0,head
hd_p22_cp57,2086.7706693916225,1.0,head
hd_p22_cp58,2078.823438992265,1.0,head
hd_p22_cp59,2079.411157141648,1.0,head
hd_p22_cp60,2071.4708463114825,1.0,head
hd_p22_cp61,2072.050314588735,1.0,head
hd_p22_cp62,2064.1553498815797,1.0,head
hd_p22_cp63,2064.68877735625,1.0,head
hd_p22_cp64,2056.8627466405,1.0,head
hd_p22_cp65,2057.326837995466,1.0,head
hd_p22_cp66,2049.577744163185,1.0,head
hd_p22_cp67,2049.964644161544,1.0,head
hd_p22_cp68,2042.2895111287642,1.0,head
hd_p22_cp69,2042.6022936867082,1.0,head
hd_p22_cp70,2034.9931339614197,1.0,head
hd_p22_cp71,2035.2398660180424,1.0,head
hd_p22_cp72,2027.6877085391645,1.0,head
hd_p22_cp73,2027.8774226435141,1.0,head
hd_p22_cp74,2020.373636474037,1.0,head
hd_p22_cp75,2020.514999502504,1.0,head
hd_p22_cp76,2013.0512098912018,1.0,head
hd_p22_cp77,2013.1526044776228,1.0,head
hd_p22_cp78,2005.7205748185036,1.0,head
hd_p22_cp79,2005.790223796416,1.0,head
hd_p22_cp80,1998.3821496067026,1.0,head
hd_p22_cp81,1998.4278340602684,1.0,head
hd_p22_cp82,1991.0368330762815,1.0,head
hd_p22_cp83,1991.0654138750933,1.0,head
hd_p22_cp84,2292.9325563726925,1.0,head
hd_p22_cp85,1991.0119031096528,1.0,head
hd_p22_cp86,2292.931231097029,1.0,head
hd_p22_cp87,1990.970272487077,1.0,head
hd_p22_cp88,2292.92898899759,1.0,head
hd_p22_cp89,1990.904954810778,1.0,head
hd_p22_cp90,2292.9254081660247,1.0,head
hd_p22_cp91,1990.8096380412571,1.0,head
hd_p22_cp92,2292.920027739951,1.0,head
hd_p22_cp93,1990.6823520459973,1.0,head
hd_p22_cp94,2292.912452038975,1.0,head
hd_p22_cp95,1990.5309198986117,1.0,head
hd_p22_cp96,2292.9025054455806,1.0,head
hd_p22_cp97,1990.3779118402028,1.0,head
hd_p22_cp98,2292.8904045365603,1.0,head
hd_p22_cp99,1990.25974365455,1.0,head
hd_p22_cp100,2292.8768804809047,1.0,head
hd_p22_cp101,1990.2143878220763,1.0,head
hd_p22_cp102,2292.8631673845216,1.0,head
hd_p22_cp103,1990.2597436519527,1.0,head
hd_p22_cp104,2292.8507983254294,1.0,head
hd_p22_cp105,1990.377911831706,1.0,head
hd_p22_cp106,2292.841239769337,1.0,head
hd_p22_cp107,1990.5309198738723,1.0,head
hd_p22_cp108,2292.8355253349355,1.0,head
hd_p22_cp109,1990.6823519766194,1.0,head
hd_p22_cp110,2292.8341126218074,1.0,head
hd_p22_cp111,1990.809637852763,1.0,head
hd_p22_cp112,2292.8370076815036,1.0,head
hd_p22_cp113,1990.9049543151573,1.0,head
hd_p22_cp114,2292.843855062575,1.0,head
hd_p22_cp115,1990.9702712280073,1.0,head
hd_p22_cp116,2292.85379424462,1.0,head
hd_p22_cp117,1991.011900024477,1.0,head
hd_p22_cp118,2292.8652433337197,1.0,head
hd_p22_cp119,1991.036825796676,1.0,head
hd_p22_cp120,2292.8758580891713,1.0,head
hd_p22_cp121,1991.0509353461,1.0,head
hd_p22_cp122,2292.882638512934,1.0,head
hd_p22_cp123,1991.058511395632,1.0,head
hd_p22_cp124,2292.882000486518,1.0,head
hd_p22_cp125,1991.0623661748098,1.0,head
hd_p22_cp126,2292.869759895945,1.0,head
hd_p22_cp127,1991.0641986321068,1.0,head
hd_p22_cp128,2292.8412567007713,1.0,head
hd_p22_cp129,1991.0649582530527,1.0,head
hd_p22_cp130,2292.7921113378457,1.0,head
hd_p22_cp131,1991.0651315270313,1.0,head
hd_p22_cp132,2292.720206040361,1.0,head
hd_p22_cp133,1991.0649394276054,1.0,head
hd_p22_cp134,2292.629160314665,1.0,head
hd_p22_cp135,1991.0644646136243,1.0,head
hd_p22_cp136,2292.5323317396646,1.0,head
hd_p22_cp137,1991.0637329239144,1.0,head
hd_p22_cp138,2292.453859364966,1.0,head
hd_p22_cp139,1991.0627672775345,1.0,head
hd_p22_cp140,2292.4211470009745,1.0,head
hd_p22_cp141,1991.061620753584,1.0,head
hd_p22_cp142,2292.4477705800796,1.0,head
hd_p22_cp143,1991.060384485681,1.0,head
hd_p22_cp144,2292.52132242913,1.0,head
hd_p22_cp145,1991.0591593259458,1.0,head
hd_p22_cp146,2292.6148737013277,1.0,head
hd_p22_cp147,1991.0579807230918,1.0,head
hd_p22_cp148,2292.70357586837,1.0,head
hd_p22_cp149,1991.0566926180065,1.0,head
hd_p22_cp150,2292.7718399182136,1.0,head
hd_p22_cp151,1991.054771858518,1.0,head
hd_p22_cp152,2292.8118406346653,1.0,head
hd_p22_cp153,1991.0511014426645,1.0,head
hd_p22_cp154,2292.818680984935,1.0,head
hd_p22_cp155,1991.0436771938225,1.0,head
hd_p22_cp156,2292.785673375586,1.0,head
hd_p22_cp157,1991.029219952809,1.0,head
hd_p22_cp158,2292.701114523711,1.0,head
hd_p22_cp159,1991.0026759658144,1.0,head
hd_p22_cp160,2292.5472663131736,1.0,head
hd_p22_cp161,1990.9566469623799,1.0,head
hd_p22_cp162,2292.30255976322,1.0,head
hd_p22_cp163,1990.8809357174027,1.0,head
hd_p22_cp164,2291.94858051543,1.0,head
hd_p22_cp165,1990.7626776602528,1.0,head
hd_p22_cp166,2291.483266166475,1.0,head
hd_p22_cp167,1990.5879580514918,1.0,head
hd_p22_cp168,2290.939367556572,1.0,head
hd_p22_cp169,1990.3461274901133,1.0,head
hd_p22_cp170,2290.400420313235,1.0,head
hd_p22_cp171,1990.037461518555,1.0,head
hd_p22_cp172,2289.9959245755067,1.0,head
hd_p22_cp173,1989.6823596736303,1.0,head
hd_p22_cp174,2289.855545696124,1.0,head
hd_p22_cp175,1989.3261902679537,1.0,head
hd_p22_cp176,2290.0330342167154,1.0,head
hd_p22_cp177,1989.0317629789884,1.0,head
hd_p22_cp178,2290.464865111047,1.0,head
hd_p22_cp179,1988.8572847215057,1.0,head
hd_p22_cp180,2291.0166290566776,1.0,head
hd_p22_cp181,1988.8322336971632,1.0,head
hd_p22_cp182,2291.5598760518587,1.0,head
hd_p22_cp183,1988.9532238399147,1.0,head
hd_p22_cp184,2292.0157531566715,1.0,head
hd_p22_cp185,1989.202193622752,1.0,head
hd_p22_cp186,2292.357220243139,1.0,head
hd_p22_cp187,1989.5466240931362,1.0,head
hd_p22_cp188,2292.5914129487514,1.0,head
hd_p22_cp189,1989.9214399372586,1.0,head
hd_p22_cp190,2292.7407414537165,1.0,head
hd_p22_cp191,1990.264195557729,1.0,head
hd_p22_cp192,2292.8301174690264,1.0,head
hd_p22_cp193,1990.5397267537462,1.0,head
hd_p22_cp194,2292.880649820954,1.0,head
hd_p22_cp195,1990.7403485028221,1.0,head
hd_p22_cp196,2292.9077608411394,1.0,head
hd_p22_cp197,1990.875152566811,1.0,head
hd_p22_cp198,2292.9216113731804,1.0,head
hd_p22_cp199,1990.9596986381941,1.0,head
hd_p22_cp200,2292.9283702350504,1.0,head
hd_p22_cp201,1991.009557095033,1.0,head
hd_p22_cp202,2292.931531270118,1.0,head
hd_p22_cp203,1991.0373495990816,1.0,head
hd_p22_cp204,2292.9329548274654,1.0,head
hd_p22_cp205,1991.052055146882,1.0,head
hd_p22_cp206,2292.93357701161,1.0,head
hd_p22_cp207,1991.0594672272896,1.0,head
hd_p22_cp208,2292.933844589068,1.0,head
hd_p22_cp209,1991.0630369671683,1.0,head
hd_p22_cp210,2292.9339604135357,1.0,head
hd_p22_cp211,1991.0646840835263,1.0,head
hd_p23_cp0,2292.932987634149,1.0,head
hd_p23_cp1,2292.9339876751615,1.0,head
hd_p23_cp2,2285.569257171904,1.0,head
hd_p23_cp3,2285.571270405066,1.0,head
hd_p23_cp4,2278.2046183259304,1.0,head
hd_p23_cp5,2278.2084608216483,1.0,head
hd_p23_cp6,2270.8385189167075,1.0,head
hd_p23_cp7,2270.845448920199,1.0,head
hd_p23_cp8,2263.4702498557685,1.0,head
hd_p23_cp9,2263.4820027822757,1.0,head
hd_p23_cp10,2256.099044842713,1.0,head
hd_p23_cp11,2256.1176516599617,1.0,head
hd_p23_cp12,2248.724303529733,1.0,head
hd_p23_cp13,2248.7514786756587,1.0,head
hd_p23_cp14,2241.345937819073,1.0,head
hd_p23_cp15,2241.3817784028365,1.0,head
hd_p23_cp16,2233.9647627959257,1.0,head
hd_p23_cp17,2234.005545738329,1.0,head
hd_p23_cp18,2226.582755160827,1.0,head
hd_p23_cp19,2226.617831361552,1.0,head
hd_p23_cp20,2219.2029407437963,1.0,head
hd_p23_cp21,2219.21118700084,1.0,head
hd_p23_cp22,2211.8287351176605,1.0,head
hd_p23_cp23,2211.775787814017,1.0,head
hd_p23_cp24,2204.462815211539,1.0,head
hd_p23_cp25,2204.3013087266827,1.0,head
hd_p23_cp26,2197.105989142213,1.0,head
hd_p23_cp27,2196.781871803479,1.0,head
hd_p23_cp28,2189.7567537954556,1.0,head
hd_p23_cp29,2189.2244457023803,1.0,head
hd_p23_cp30,2182.411873324119,1.0,head
hd_p23_cp31,2181.6577553637794,1.0,head
hd_p23_cp32,2175.0675179080517,1.0,head
hd_p23_cp33,2174.133312026829,1.0,head
hd_p23_cp34,2167.7202160992924,1.0,head
hd_p23_cp35,2166.7077958583736,1.0,head
hd_p23_cp36,2160.3671936316982,1.0,head
hd_p23_cp37,2159.407807071112,1.0,head
hd_p23_cp38,2153.006121913507,1.0,head
hd_p23_cp39,2152.2066917486536,1.0,head
hd_p23_cp40,2145.634576921036,1.0,head
hd_p23_cp41,2145.0477196336,1.0,head
hd_p23_cp42,2138.249598226474,1.0,head
hd_p23_cp43,2137.8793404770136,1.0,head
hd_p23_cp44,2130.8477213944643,1.0,head
hd_p23_cp45,2130.6728144331955,1.0,head
hd_p23_cp46,2123.4257742881928,1.0,head
hd_p23_cp47,2123.421198035179,1.0,head
hd_p23_cp48,2115.9825351769687,1.0,head
hd_p23_cp49,2116.1304455317,1.0,head
hd_p23_cp50,2108.520963619498,1.0,head
hd_p23_cp51,2108.8110044007635,1.0,head
hd_p23_cp52,2101.0501251831893,1.0,head
hd_p23_cp53,2101.4728394743065,1.0,head
hd_p23_cp54,2093.5853701133033,1.0,head
hd_p23_cp55,2094.123509727135,1.0,head
hd_p23_cp56,2086.145369619991,1.0,head
hd_p23_cp57,2086.768001236641,1.0,head
hd_p23_cp58,2078.745957671308,1.0,head
hd_p23_cp59,2079.4092652903146,1.0,head
hd_p23_cp60,2071.39335101879,1.0,head
hd_p23_cp61,2072.0488861010654,1.0,head
hd_p23_cp62,2064.081332041623,1.0,head
hd_p23_cp63,2064.687641970057,1.0,head
hd_p23_cp64,2056.7950331527622,1.0,head
hd_p23_cp65,2057.3258973954976,1.0,head
hd_p23_cp66,2049.518212143877,1.0,head
hd_p23_cp67,2049.963837577539,1.0,head
hd_p23_cp68,2042.2390337783672,1.0,head
hd_p23_cp69,2042.6015837828404,1.0,head
hd_p23_cp70,2034.951726306598,1.0,head
hd_p23_cp71,2035.2392331104058,1.0,head
hd_p23_cp72,2027.654785354506,1.0,head
hd_p23_cp73,2027.8768604232664,1.0,head
hd_p23_cp74,2020.3482684566004,1.0,head
hd_p23_cp75,2020.5145098606426,1.0,head
hd_p23_cp76,2013.0323060936057,1.0,head
hd_p23_cp77,2013.152191826696,1.0,head
hd_p23_cp78,2005.70698773036,1.0,head
hd_p23_cp79,2005.7898903324083,1.0,head
hd_p23_cp80,1998.3727507702695,1.0,head
hd_p23_cp81,1998.427577129359,1.0,head
hd_p23_cp82,1991.0305841891839,1.0,head
hd_p23_cp83,1991.0652257053534,1.0,head
hd_p23_cp84,2292.931990091604,1.0,head
hd_p23_cp85,1991.0014790584637,1.0,head
hd_p23_cp86,2292.9302443011998,1.0,head
hd_p23_cp87,1990.9537335687583,1.0,head
hd_p23_cp88,2292.927347422484,1.0,head
hd_p23_cp89,1990.8801034622384,1.0,head
hd_p23_cp90,2292.9228027458107,1.0,head
hd_p23_cp91,1990.7744806988976,1.0,head
hd_p23_cp92,2292.916083949752,1.0,head
hd_p23_cp93,1990.6358232308887,1.0,head
hd_p23_cp94,2292.906759862417,1.0,head
hd_p23_cp95,1990.4735386983375,1.0,head
hd_p23_cp96,2292.8946723344816,1.0,head
hd_p23_cp97,1990.3117881656844,1.0,head
hd_p23_cp98,2292.8801271240814,1.0,head
hd_p23_cp99,1990.1878921717566,1.0,head
hd_p23_cp100,2292.8640224116393,1.0,head
hd_p23_cp101,1990.1404165890403,1.0,head
hd_p23_cp102,2292.84782311194,1.0,head
hd_p23_cp103,1990.1878921667246,1.0,head
hd_p23_cp104,2292.8333201647756,1.0,head
hd_p23_cp105,1990.3117881495764,1.0,head
hd_p23_cp106,2292.8222124272565,1.0,head
hd_p23_cp107,1990.4735386526484,1.0,head
hd_p23_cp108,2292.815690701371,1.0,head
hd_p23_cp109,1990.635823106135,1.0,head
hd_p23_cp110,2292.814269274932,1.0,head
hd_p23_cp111,1990.7744803688252,1.0,head
hd_p23_cp112,2292.81791287721,1.0,head
hd_p23_cp113,1990.8801026168412,1.0,head
hd_p23_cp114,2292.826137452727,1.0,head
hd_p23_cp115,1990.9537314760244,1.0,head
hd_p23_cp116,2292.8378675696463,1.0,head
hd_p23_cp117,1991.0014740596087,1.0,head
hd_p23_cp118,2292.8512168675766,1.0,head
hd_p23_cp119,1991.0305726858442,1.0,head
hd_p23_cp120,2292.8634549075446,1.0,head
hd_p23_cp121,1991.0473533214695,1.0,head
hd_p23_cp122,2292.8711335867515,1.0,head
hd_p23_cp123,1991.0565407910483,1.0,head
hd_p23_cp124,2292.8701874793273,1.0,head
hd_p23_cp125,1991.0613099463312,1.0,head
hd_p23_cp126,2292.8559646177246,1.0,head
hd_p23_cp127,1991.063621755153,1.0,head
hd_p23_cp128,2292.8234384696807,1.0,head
hd_p23_cp129,1991.0645969164343,1.0,head
hd_p23_cp130,2292.768121751809,1.0,head
hd_p23_cp131,1991.0648237402852,1.0,head
hd_p23_cp132,2292.688280348354,1.0,head
hd_p23_cp133,1991.0645783299422,1.0,head
hd_p23_cp134,2292.5886224678025,1.0,head
hd_p23_cp135,1991.0639713001224,1.0,head
hd_p23_cp136,2292.484197860313,1.0,head
hd_p23_cp137,1991.0630442143922,1.0,head
hd_p23_cp138,2292.400692143701,1.0,head
hd_p23_cp139,1991.0618334701237,1.0,head
hd_p23_cp140,2292.365984885257,1.0,head
hd_p23_cp141,1991.060407883313,1.0,head
hd_p23_cp142,2292.393500883507,1.0,head
hd_p23_cp143,1991.0588747220395,1.0,head
hd_p23_cp144,2292.471112178088,1.0,head
hd_p23_cp145,1991.0573422564557,1.0,head
hd_p23_cp146,2292.571453521394,1.0,head
hd_p23_cp147,1991.055827860309,1.0,head
hd_p23_cp148,2292.668003424352,1.0,head
hd_p23_cp149,1991.0541077932403,1.0,head
hd_p23_cp150,2292.743127625009,1.0,head
hd_p23_cp151,1991.0515111897175,1.0,head
hd_p23_cp152,2292.7872860966595,1.0,head
hd_p23_cp153,1991.0466580107784,1.0,head
hd_p23_cp154,2292.7942750611646,1.0,head
hd_p23_cp155,1991.0371271315155,1.0,head
hd_p23_cp156,2292.756317397626,1.0,head
hd_p23_cp157,1991.019028815129,1.0,head
hd_p23_cp158,2292.6607189766128,1.0,head
hd_p23_cp159,1990.9864703383162,1.0,head
hd_p23_cp160,2292.4889632265704,1.0,head
hd_p23_cp161,1990.930975924747,1.0,head
hd_p23_cp162,2292.2193359783414,1.0,head
hd_p23_cp163,1990.8410964377297,1.0,head
hd_p23_cp164,2291.8346504130604,1.0,head
hd_p23_cp165,1990.7027675837573,1.0,head
hd_p23_cp166,2291.3362675710473,1.0,head
hd_p23_cp167,1990.5014036816683,1.0,head
hd_p23_cp168,2290.762609587448,1.0,head
hd_p23_cp169,1990.2269018557918,1.0,head
hd_p23_cp170,2290.203023589511,1.0,head
hd_p23_cp171,1989.8818884325551,1.0,head
hd_p23_cp172,2289.7888457358818,1.0,head
hd_p23_cp173,1989.490874251594,1.0,head
hd_p23_cp174,2289.646365698869,1.0,head
hd_p23_cp175,1989.1041642966088,1.0,head
hd_p23_cp176,2289.8270960162868,1.0,head
hd_p23_cp177,1988.7890107230485,1.0,head
hd_p23_cp178,2290.269790613224,1.0,head
hd_p23_cp179,1988.6066854855471,1.0,head
hd_p23_cp180,2290.8433427749032,1.0,head
hd_p23_cp181,1988.587986144002,1.0,head
hd_p23_cp182,2291.4173234915197,1.0,head
hd_p23_cp183,1988.7288066799827,1.0,head
hd_p23_cp184,2291.9069758635324,1.0,head
hd_p23_cp185,1989.0072450989524,1.0,head
hd_p23_cp186,2292.27965329345,1.0,head
hd_p23_cp187,1989.3856414152106,1.0,head
hd_p23_cp188,2292.539335042385,1.0,head
hd_p23_cp189,1989.7948154776454,1.0,head
hd_p23_cp190,2292.707634491317,1.0,head
hd_p23_cp191,1990.1694783969344,1.0,head
hd_p23_cp192,2292.81011231625,1.0,head
hd_p23_cp193,1990.472305682695,1.0,head
hd_p23_cp194,2292.869127783558,1.0,head
hd_p23_cp195,1990.6945470253459,1.0,head
hd_p23_cp196,2292.9014195455234,1.0,head
hd_p23_cp197,1990.8453968481904,1.0,head
hd_p23_cp198,2292.9182663786,1.0,head
hd_p23_cp199,1990.9412090552032,1.0,head
hd_p23_cp200,2292.9266717816176,1.0,head
hd_p23_cp201,1990.9985775110401,1.0,head
hd_p23_cp202,2292.930695564127,1.0,head
hd_p23_cp203,1991.0311226749238,1.0,head
hd_p23_cp204,2292.932552188478,1.0,head
hd_p23_cp205,1991.048681887411,1.0,head
hd_p23_cp206,2292.9333841276016,1.0,head
hd_p23_cp207,1991.0577201756507,1.0,head
hd_p23_cp208,2292.9337508807557,1.0,head
hd_p23_cp209,1991.0621706894356,1.0,head
hd_p23_cp210,2292.9339133169615,1.0,head
hd_p23_cp211,1991.0642721512042,1.0,head
hd_p24_cp0,2292.9325873400344,1.0,head
hd_p24_cp1,2292.9339538432687,1.0,head
hd_p24_cp2,2285.5685184905265,1.0,head
hd_p24_cp3,2285.571207587634,1.0,head
hd_p24_cp4,2278.203319635166,1.0,head
hd_p24_cp5,2278.2083407502814,1.0,head
hd_p24_cp6,2270.8363473882823,1.0,head
hd_p24_cp7,2270.8452143929435,1.0,head
hd_p24_cp8,2263.466801867591,1.0,head
hd_p24_cp9,2263.4815401049505,1.0,head
hd_p24_cp10,2256.09385289736,1.0,head
hd_p24_cp11,2256.116741307318,1.0,head
hd_p24_cp12,2248.716897540546,1.0,head
hd_p24_cp13,2248.7497124954557,1.0,head
hd_p24_cp14,2241.335939323277,1.0,head
hd_p24_cp15,2241.3784322929478,1.0,head
hd_p24_cp16,2233.951997169139,1.0,head
hd_p24_cp17,2233.9994076197154,1.0,head
hd_p24_cp18,2226.5673532514033,1.0,head
hd_p24_cp19,2226.6070159467754,1.0,head
hd_p24_cp20,2219.1853927313296,1.0,head
hd_p24_cp21,2219.1930298757966,1.0,head
hd_p24_cp22,2211.809863123967,1.0,head
hd_p24_cp23,2211.7469911012504,1.0,head
hd_p24_cp24,2204.44365481746,1.0,head
hd_p24_cp25,2204.2585491983386,1.0,head
hd_p24_cp26,2197.0876063755145,1.0,head
hd_p24_cp27,2196.722952536023,1.0,head
hd_p24_cp28,2189.7400455670618,1.0,head
hd_p24_cp29,2189.1496513149473,1.0,head
hd_p24_cp30,2182.39739769377,1.0,head
hd_p24_cp31,2181.5704854237733,1.0,head
hd_p24_cp32,2175.055388205568,1.0,head
hd_p24_cp33,2174.038989691792,1.0,head
hd_p24_cp34,2167.7100660123047,1.0,head
hd_p24_cp35,2166.611477922764,1.0,head
hd_p24_cp36,2160.3581908239776,1.0,head
hd_p24_cp37,2159.3134039491556,1.0,head
hd_p24_cp38,2152.997001152318,1.0,head
hd_p24_cp39,2152.1192469188322,1.0,head
hd_p24_cp40,2145.6236811744757,1.0,head
hd_p24_cp41,2144.9726315802404,1.0,head
hd_p24_cp42,2138.2349431499297,1.0,head
hd_p24_cp43,2137.8199770767774,1.0,head
hd_p24_cp44,2130.827119958768,1.0,head
hd_p24_cp45,2130.62942864929,1.0,head
hd_p24_cp46,2123.3970602288396,1.0,head
hd_p24_cp47,2123.3915705454424,1.0,head
hd_p24_cp48,2115.943896143512,1.0,head
hd_p24_cp49,2116.111249383629,1.0,head
hd_p24_cp50,2108.471338664279,1.0,head
hd_p24_cp51,2108.7989631101987,1.0,head
hd_p24_cp52,2100.9895582177896,1.0,head
hd_p24_cp53,2101.46533550975,1.0,head
hd_p24_cp54,2093.51518218958,1.0,head
hd_p24_cp55,2094.118723163196,1.0,head
hd_p24_cp56,2086.0680560156475,1.0,head
hd_p24_cp57,2086.7647910282417,1.0,head
hd_p24_cp58,2078.6648275285665,1.0,head
hd_p24_cp59,2079.4069695843923,1.0,head
hd_p24_cp60,2071.3120427369267,1.0,head
hd_p24_cp61,2072.0471391273622,1.0,head
hd_p24_cp62,2064.0033423317714,1.0,head
hd_p24_cp63,2064.686242684071,1.0,head
hd_p24_cp64,2056.723280259552,1.0,head
hd_p24_cp65,2057.3247303799744,1.0,head
hd_p24_cp66,2049.4547248865147,1.0,head
hd_p24_cp67,2049.9628326493726,1.0,head
hd_p24_cp68,2042.184846496917,1.0,head
hd_p24_cp69,2042.6006983771636,1.0,head
hd_p24_cp70,2034.9069823120128,1.0,head
hd_p24_cp71,2035.238444708523,1.0,head
hd_p24_cp72,2027.6189736249735,1.0,head
hd_p24_cp73,2027.8761613611443,1.0,head
hd_p24_cp74,2020.3204785530709,1.0,head
hd_p24_cp75,2020.5139015491768,1.0,head
hd_p24_cp76,2013.0114299037168,1.0,head
hd_p24_cp77,2013.1516785389506,1.0,head
hd_p24_cp78,2005.691844687773,1.0,head
hd_p24_cp79,2005.7894739832443,1.0,head
hd_p24_cp80,1998.362169169112,1.0,head
hd_p24_cp81,1998.4272542871684,1.0,head
hd_p24_cp82,1991.0234719541766,1.0,head
hd_p24_cp83,1991.0649871679125,1.0,head
hd_p24_cp84,2292.931275062318,1.0,head
hd_p24_cp85,1990.9898384206354,1.0,head
hd_p24_cp86,2292.9290223461826,1.0,head
hd_p24_cp87,1990.935620246793,1.0,head
hd_p24_cp88,2292.9253508090874,1.0,head
hd_p24_cp89,1990.8534295602276,1.0,head
hd_p24_cp90,2292.9196849639,1.0,head
hd_p24_cp91,1990.7374978745945,1.0,head
hd_p24_cp92,2292.911432489894,1.0,head
hd_p24_cp93,1990.5877389247391,1.0,head
hd_p24_cp94,2292.9001307266794,1.0,head
hd_p24_cp95,1990.4149155566172,1.0,head
hd_p24_cp96,2292.885648029928,1.0,head
hd_p24_cp97,1990.2444239990084,1.0,head
hd_p24_cp98,2292.8683930872885,1.0,head
hd_p24_cp99,1990.1145206290137,1.0,head
hd_p24_cp100,2292.8494483294144,1.0,head
hd_p24_cp101,1990.0648100693988,1.0,head
hd_p24_cp102,2292.8305281329904,1.0,head
hd_p24_cp103,1990.1145206196445,1.0,head
hd_p24_cp104,2292.8136987584917,1.0,head
hd_p24_cp105,1990.2444239696308,1.0,head
hd_p24_cp106,2292.800905504745,1.0,head
hd_p24_cp107,1990.4149154753297,1.0,head
hd_p24_cp108,2292.793506161492,1.0,head
hd_p24_cp109,1990.5877387083792,1.0,head
hd_p24_cp110,2292.792076818071,1.0,head
hd_p24_cp111,1990.7374973165142,1.0,head
hd_p24_cp112,2292.7965391028038,1.0,head
hd_p24_cp113,1990.853428166272,1.0,head
hd_p24_cp114,2292.806268813152,1.0,head
hd_p24_cp115,1990.9356168804313,1.0,head
hd_p24_cp116,2292.8199527438487,1.0,head
hd_p24_cp117,1990.9898305727029,1.0,head
hd_p24_cp118,2292.8353673112224,1.0,head
hd_p24_cp119,1991.0234543201086,1.0,head
hd_p24_cp120,2292.8493581594876,1.0,head
hd_p24_cp121,1991.0431952339995,1.0,head
hd_p24_cp122,2292.857994571966,1.0,head
hd_p24_cp123,1991.0542052363649,1.0,head
hd_p24_cp124,2292.8567084588276,1.0,head
hd_p24_cp125,1991.0600288834794,1.0,head
hd_p24_cp126,2292.840384281239,1.0,head
hd_p24_cp127,1991.0629038993122,1.0,head
hd_p24_cp128,2292.803677540087,1.0,head
hd_p24_cp129,1991.06413711509,1.0,head
hd_p24_cp130,2292.7421085759647,1.0,head
hd_p24_cp131,1991.06443081094,1.0,head
hd_p24_cp132,2292.654505710401,1.0,head
hd_p24_cp133,1991.0641251230172,1.0,head
hd_p24_cp134,2292.5468094254074,1.0,head
hd_p24_cp135,1991.0633649107185,1.0,head
hd_p24_cp136,2292.4356559414205,1.0,head
hd_p24_cp137,1991.062211976201,1.0,head
hd_p24_cp138,2292.3478385369776,1.0,head
hd_p24_cp139,1991.0607194288957,1.0,head
hd_p24_cp140,2292.3113405352487,1.0,head
hd_p24_cp141,1991.058973663189,1.0,head
hd_p24_cp142,2292.3394393620383,1.0,head
hd_p24_cp143,1991.0570977661587,1.0,head
hd_p24_cp144,2292.420281366457,1.0,head
hd_p24_cp145,1991.0552036120228,1.0,head
hd_p24_cp146,2292.5264301494144,1.0,head
hd_p24_cp147,1991.0532814032554,1.0,head
hd_p24_cp148,2292.630115221313,1.0,head
hd_p24_cp149,1991.0510233123773,1.0,head
hd_p24_cp150,2292.7117402981967,1.0,head
hd_p24_cp151,1991.0475850574896,1.0,head
hd_p24_cp152,2292.7598822762034,1.0,head
hd_p24_cp153,1991.041286982183,1.0,head
hd_p24_cp154,2292.766836041655,1.0,head
hd_p24_cp155,1991.029242989741,1.0,head
hd_p24_cp156,2292.7236326580582,1.0,head
hd_p24_cp157,1991.0068952875165,1.0,head
hd_p24_cp158,2292.6166154365437,1.0,head
hd_p24_cp159,1990.9674536850591,1.0,head
hd_p24_cp160,2292.4266839123934,1.0,head
hd_p24_cp161,1990.9013274416368,1.0,head
hd_p24_cp162,2292.1323960819564,1.0,head
hd_p24_cp163,1990.7958414272084,1.0,head
hd_p24_cp164,2291.718433343865,1.0,head
hd_p24_cp165,1990.6358761187464,1.0,head
hd_p24_cp166,2291.1901737530757,1.0,head
hd_p24_cp167,1990.4064665456442,1.0,head
hd_p24_cp168,2290.5915294850543,1.0,head
hd_p24_cp169,1990.0984324379863,1.0,head
hd_p24_cp170,2290.0160045210446,1.0,head
hd_p24_cp171,1989.717035269013,1.0,head
hd_p24_cp172,2289.5945557817076,1.0,head
hd_p24_cp173,1989.2909104031303,1.0,head
hd_p24_cp174,2289.450153129921,1.0,head
hd_p24_cp175,1988.8750365714532,1.0,head
hd_p24_cp176,2289.6338988477137,1.0,head
hd_p24_cp177,1988.5406993021945,1.0,head
hd_p24_cp178,2290.084974026759,1.0,head
hd_p24_cp179,1988.3517049661145,1.0,head
hd_p24_cp180,2290.6755821848833,1.0,head
hd_p24_cp181,1988.339657965567,1.0,head
hd_p24_cp182,2291.2755651408734,1.0,head
hd_p24_cp183,1988.4997479802864,1.0,head
hd_p24_cp184,2291.7959245517254,1.0,head
hd_p24_cp185,1988.806900296561,1.0,head
hd_p24_cp186,2292.198585885097,1.0,head
hd_p24_cp187,1989.2191914894593,1.0,head
hd_p24_cp188,2292.4837657811727,1.0,head
hd_p24_cp189,1989.6629182461459,1.0,head
hd_p24_cp190,2292.6716244147,1.0,head
hd_p24_cp191,1990.0698091719805,1.0,head
hd_p24_cp192,2292.7879405268623,1.0,head
hd_p24_cp193,1990.4005324845148,1.0,head
hd_p24_cp194,2292.8561094174884,1.0,head
hd_p24_cp195,1990.6452272496415,1.0,head
hd_p24_cp196,2292.894107947775,1.0,head
hd_p24_cp197,1990.8129896802848,1.0,head
hd_p24_cp198,2292.9143256594693,1.0,head
hd_p24_cp199,1990.920822050155,1.0,head
hd_p24_cp200,2292.924624740684,1.0,head
hd_p24_cp201,1990.986296701009,1.0,head
hd_p24_cp202,2292.9296640350904,1.0,head
hd_p24_cp203,1991.0240407122226,1.0,head
hd_p24_cp204,2292.932042938335,1.0,head
hd_p24_cp205,1991.0447723319612,1.0,head
hd_p24_cp206,2292.933134283093,1.0,head
hd_p24_cp207,1991.0556530591161,1.0,head
hd_p24_cp208,2292.933626840055,1.0,head
hd_p24_cp209,1991.0611228518885,1.0,head
hd_p24_cp210,2292.933849857351,1.0,head
hd_p24_cp211,1991.0637622550325,1.0,head
hd_p25_cp0,2292.932081463039,1.0,head
hd_p25_cp1,2292.93390845459,1.0,head
hd_p25_cp2,2285.567605819337,1.0,head
hd_p25_cp3,2285.571125033012,1.0,head
hd_p25_cp4,2278.201748849319,1.0,head
hd_p25_cp5,2278.2081861214383,1.0,head
hd_p25_cp6,2270.833772343218,1.0,head
hd_p25_cp7,2270.844918174989,1.0,head
hd_p25_cp8,2263.4627863355086,1.0,head
hd_p25_cp9,2263.480966379454,1.0,head
hd_p25_cp10,2256.0879031676886,1.0,head
hd_p25_cp11,2256.115632310881,1.0,head
hd_p25_cp12,2248.7085295358747,1.0,head
hd_p25_cp13,2248.7475987524217,1.0,head
hd_p25_cp14,2241.324777489984,1.0,head
hd_p25_cp15,2241.374500842088,1.0,head
hd_p25_cp16,2233.9378889534037,1.0,head
hd_p25_cp17,2233.992336450408,1.0,head
hd_p25_cp18,2226.5504689787413,1.0,head
hd_p25_cp19,2226.594820002496,1.0,head
hd_p25_cp20,2219.166272519294,1.0,head
hd_p25_cp21,2219.1730263991517,1.0,head
hd_p25_cp22,2211.7893796100957,1.0,head
hd_p25_cp23,2211.7160584782414,1.0,head
hd_p25_cp24,2204.422887773358,1.0,head
hd_p25_cp25,2204.21385229126,1.0,head
hd_p25_cp26,2197.067657880702,1.0,head
hd_p25_cp27,2196.66311675361,1.0,head
hd_p25_cp28,2189.721839650965,1.0,head
hd_p25_cp29,2189.0759103456753,1.0,head
hd_p25_cp30,2182.381508878497,1.0,head
hd_p25_cp31,2181.486817802027,1.0,head
hd_p25_cp32,2175.04192900827,1.0,head
hd_p25_cp33,2173.9504566960813,1.0,head
hd_p25_cp34,2167.698643113528,1.0,head
hd_p25_cp35,2166.521769730831,1.0,head
hd_p25_cp36,2160.347914395298,1.0,head
hd_p25_cp37,2159.2247697468893,1.0,head
hd_p25_cp38,2152.986522091753,1.0,head
hd_p25_cp39,2152.0353618149043,1.0,head
hd_p25_cp40,2145.611245007279,1.0,head
hd_p25_cp41,2144.898529190151,1.0,head
hd_p25_cp42,2138.218474633142,1.0,head
hd_p25_cp43,2137.759600946159,1.0,head
hd_p25_cp44,2130.8043714596643,1.0,head
hd_p25_cp45,2130.5839783200213,1.0,head
hd_p25_cp46,2123.3658555087904,1.0,head
hd_p25_cp47,2123.3596483254046,1.0,head
hd_p25_cp48,2115.9024712102964,1.0,head
hd_p25_cp49,2116.0900180367425,1.0,head
hd_p25_cp50,2108.418726995276,1.0,head
hd_p25_cp51,2108.7853263321144,1.0,head
hd_p25_cp52,2100.9259115763634,1.0,head
hd_p25_cp53,2101.4566631164003,1.0,head
hd_p25_cp54,2093.441898559637,1.0,head
hd_p25_cp55,2094.1131021822644,1.0,head
hd_p25_cp56,2085.9876376617776,1.0,head
hd_p25_cp57,2086.760977499524,1.0,head
hd_p25_cp58,2078.58051477727,1.0,head
hd_p25_cp59,2079.4042194898548,1.0,head
hd_p25_cp60,2071.2273828926445,1.0,head
hd_p25_cp61,2072.0450312620765,1.0,head
hd_p25_cp62,2063.921802000951,1.0,head
hd_p25_cp63,2064.6845425014276,1.0,head
hd_p25_cp64,2056.6478462461655,1.0,head
hd_p25_cp65,2057.3233036587676,1.0,head
hd_p25_cp66,2049.3875654353023,1.0,head
hd_p25_cp67,2049.9615990839034,1.0,head
hd_p25_cp68,2042.1271550185697,1.0,head
hd_p25_cp69,2042.599610046276,1.0,head
hd_p25_cp70,2034.8590394771138,1.0,head
hd_p25_cp71,2035.2374763245246,1.0,head
hd_p25_cp72,2027.5803577725067,1.0,head
hd_p25_cp73,2027.8753039378282,1.0,head
hd_p25_cp74,2020.2903132518854,1.0,head
hd_p25_cp75,2020.5131559474648,1.0,head
hd_p25_cp76,2012.9885985673866,1.0,head
hd_p25_cp77,2013.1510487386395,1.0,head
hd_p25_cp78,2005.6751379286989,1.0,head
hd_p25_cp79,2005.7889614242472,1.0,head
hd_p25_cp80,1998.3503780830638,1.0,head
hd_p25_cp81,1998.4268545580578,1.0,head
hd_p25_cp82,1991.0154597508435,1.0,head
hd_p25_cp83,1991.0646894355878,1.0,head
hd_p25_cp84,2292.9303888021936,1.0,head
hd_p25_cp85,1990.9769705301837,1.0,head
hd_p25_cp86,2292.9275348243546,1.0,head
hd_p25_cp87,1990.915976143195,1.0,head
hd_p25_cp88,2292.9229600785616,1.0,head
hd_p25_cp89,1990.825040643226,1.0,head
hd_p25_cp90,2292.916006941086,1.0,head
hd_p25_cp91,1990.6987999651067,1.0,head
hd_p25_cp92,2292.906017197012,1.0,head
hd_p25_cp93,1990.5380513809487,1.0,head
hd_p25_cp94,2292.892501235886,1.0,head
hd_p25_cp95,1990.3546847348484,1.0,head
hd_p25_cp96,2292.875363252593,1.0,head
hd_p25_cp97,1990.1751858282603,1.0,head
hd_p25_cp98,2292.8551285378503,1.0,head
hd_p25_cp99,1990.038955676726,1.0,head
hd_p25_cp100,2292.8330804252655,1.0,head
hd_p25_cp101,1989.9869188456432,1.0,head
hd_p25_cp102,2292.8112002545904,1.0,head
hd_p25_cp103,1990.0389556599027,1.0,head
hd_p25_cp104,2292.7918455841937,1.0,head
hd_p25_cp105,1990.17518577654,1.0,head
hd_p25_cp106,2292.7772211264737,1.0,head
hd_p25_cp107,1990.3546845950898,1.0,head
hd_p25_cp108,2292.7688618867633,1.0,head
hd_p25_cp109,1990.5380510179548,1.0,head
hd_p25_cp110,2292.767413212108,1.0,head
hd_p25_cp111,1990.6987990513092,1.0,head
hd_p25_cp112,2292.77275457371,1.0,head
hd_p25_cp113,1990.8250384149426,1.0,head
hd_p25_cp114,2292.7841116363675,1.0,head
hd_p25_cp115,1990.9159708876623,1.0,head
hd_p25_cp116,2292.79991077542,1.0,head
hd_p25_cp117,1990.9769585591223,1.0,head
hd_p25_cp118,2292.8175581023715,1.0,head
hd_p25_cp119,1991.0154334564058,1.0,head
hd_p25_cp120,2292.833437394891,1.0,head
hd_p25_cp121,1991.0384188059863,1.0,head
hd_p25_cp122,2292.8431019601967,1.0,head
hd_p25_cp123,1991.051467628508,1.0,head
hd_p25_cp124,2292.8414651108774,1.0,head
hd_p25_cp125,1991.0584938117934,1.0,head
hd_p25_cp126,2292.8229656853428,1.0,head
hd_p25_cp127,1991.0620229184178,1.0,head
hd_p25_cp128,2292.7820125037574,1.0,head
hd_p25_cp129,1991.0635615639785,1.0,head
hd_p25_cp130,2292.714267249336,1.0,head
hd_p25_cp131,1991.0639381035398,1.0,head
hd_p25_cp132,2292.6192756909086,1.0,head
hd_p25_cp133,1991.0635660806274,1.0,head
hd_p25_cp134,2292.50425683444,1.0,head
hd_p25_cp135,1991.0626314614794,1.0,head
hd_p25_cp136,2292.3872309164794,1.0,head
hd_p25_cp137,1991.061221225106,1.0,head
hd_p25_cp138,2292.2957401643216,1.0,head
hd_p25_cp139,1991.0594085516404,1.0,head
hd_p25_cp140,2292.257657526908,1.0,head
hd_p25_cp141,1991.057299002701,1.0,head
hd_p25_cp142,2292.286022533383,1.0,head
hd_p25_cp143,1991.05503051468,1.0,head
hd_p25_cp144,2292.3693441606465,1.0,head
hd_p25_cp145,1991.0527137189372,1.0,head
hd_p25_cp146,2292.4803220511376,1.0,head
hd_p25_cp147,1991.0503012269876,1.0,head
hd_p25_cp148,2292.5902811775945,1.0,head
hd_p25_cp149,1991.0473832971563,1.0,head
hd_p25_cp150,2292.6778457161745,1.0,head
hd_p25_cp151,1991.0429153508617,1.0,head
hd_p25_cp152,2292.7296446016326,1.0,head
hd_p25_cp153,1991.034881190559,1.0,head
hd_p25_cp154,2292.736313070554,1.0,head
hd_p25_cp155,1991.019883359135,1.0,head
hd_p25_cp156,2292.6875933877436,1.0,head
hd_p25_cp157,1990.9926444433806,1.0,head
hd_p25_cp158,2292.5689131930862,1.0,head
hd_p25_cp159,1990.9454323886341,1.0,head
hd_p25_cp160,2292.3608267370087,1.0,head
hd_p25_cp161,1990.8675305559248,1.0,head
hd_p25_cp162,2292.0426081761348,1.0,head
hd_p25_cp163,1990.745102156895,1.0,head
hd_p25_cp164,2291.6013236921644,1.0,head
hd_p25_cp165,1990.562154130803,1.0,head
hd_p25_cp166,2291.0465003348436,1.0,head
hd_p25_cp167,1990.3036432453641,1.0,head
hd_p25_cp168,2290.426609215838,1.0,head
hd_p25_cp169,1989.9616497739764,1.0,head
hd_p25_cp170,2289.8373655159535,1.0,head
hd_p25_cp171,1989.544290899192,1.0,head
hd_p25_cp172,2289.408380626439,1.0,head
hd_p25_cp173,1989.0843056925164,1.0,head
hd_p25_cp174,2289.2613705424583,1.0,head
hd_p25_cp175,1988.6410718474558,1.0,head
hd_p25_cp176,2289.4488795111724,1.0,head
hd_p25_cp177,1988.2893929537215,1.0,head
hd_p25_cp178,2289.908558820017,1.0,head
hd_p25_cp179,1988.0948786461295,1.0,head
hd_p25_cp180,2290.513933935448,1.0,head
hd_p25_cp181,1988.0893825597514,1.0,head
hd_p25_cp182,2291.1361825005197,1.0,head
hd_p25_cp183,1988.2675600668724,1.0,head
hd_p25_cp184,2291.68403936388,1.0,head
hd_p25_cp185,1988.6022220745986,1.0,head
hd_p25_cp186,2292.114924212259,1.0,head
hd_p25_cp187,1989.047727002167,1.0,head
hd_p25_cp188,2292.4251407565544,1.0,head
hd_p25_cp189,1989.526035568154,1.0,head
hd_p25_cp190,2292.632859574027,1.0,head
hd_p25_cp191,1989.9654766043025,1.0,head
hd_p25_cp192,2292.763610833832,1.0,head
hd_p25_cp193,1990.3246065479868,1.0,head
hd_p25_cp194,2292.841549726784,1.0,head
hd_p25_cp195,1990.592450109165,1.0,head
hd_p25_cp196,2292.8857693225877,1.0,head
hd_p25_cp197,1990.7778980133185,1.0,head
hd_p25_cp198,2292.909738484376,1.0,head
hd_p25_cp199,1990.8984709270421,1.0,head
hd_p25_cp200,2292.9221899863724,1.0,head
hd_p25_cp201,1990.9726480347244,1.0,head
hd_p25_cp202,2292.928409153845,1.0,head
hd_p25_cp203,1991.0160480375007,1.0,head
hd_p25_cp204,2292.931408931158,1.0,head
hd_p25_cp205,1991.0402832031746,1.0,head
hd_p25_cp206,2292.932816066149,1.0,head
hd_p25_cp207,1991.0532339827503,1.0,head
hd_p25_cp208,2292.9334655080156,1.0,head
hd_p25_cp209,1991.059871285106,1.0,head
hd_p25_cp210,2292.933765856913,1.0,head
hd_p25_cp211,1991.063139943268,1.0,head
hd_p26_cp0,2292.931453401953,1.0,head
hd_p26_cp1,2292.933848533497,1.0,head
hd_p26_cp2,2285.5664962653404,1.0,head
hd_p26_cp3,2285.57101806181,1.0,head
hd_p26_cp4,2278.1998764391155,1.0,head
hd_p26_cp5,2278.2079894621893,1.0,head
hd_p26_cp6,2270.8307581893937,1.0,head
hd_p26_cp7,2270.8445482985317,1.0,head
hd_p26_cp8,2263.458163205022,1.0,head
hd_p26_cp9,2263.4802627839435,1.0,head
hd_p26_cp10,2256.0811537458703,1.0,head
hd_p26_cp11,2256.1142964637734,1.0,head
hd_p26_cp12,2248.699159347357,1.0,head
hd_p26_cp13,2248.7450989261833,1.0,head
hd_p26_cp14,2241.3124182959414,1.0,head
hd_p26_cp15,2241.3699400596943,1.0,head
hd_p26_cp16,2233.9224145666044,1.0,head
hd_p26_cp17,2233.984300934967,1.0,head
hd_p26_cp18,2226.5320914183962,1.0,head
hd_p26_cp19,2226.581266857647,1.0,head
hd_p26_cp20,2219.1455803445665,1.0,head
hd_p26_cp21,2219.151329311321,1.0,head
hd_p26_cp22,2211.7672915673597,1.0,head
hd_p26_cp23,2211.683377773473,1.0,head
hd_p26_cp24,2204.400522691784,1.0,head
hd_p26_cp25,2204.167951420526,1.0,head
hd_p26_cp26,2197.046148473047,1.0,head
hd_p26_cp27,2196.603500889621,1.0,head
hd_p26_cp28,2189.702131283629,1.0,head
hd_p26_cp29,2189.0046914969785,1.0,head
hd_p26_cp30,2182.3641868932027,1.0,head
hd_p26_cp31,2181.408330092539,1.0,head
hd_p26_cp32,2175.027102072101,1.0,head
hd_p26_cp33,2173.869165916996,1.0,head
hd_p26_cp34,2167.6858919774677,1.0,head
hd_p26_cp35,2166.4400105689047,1.0,head
hd_p26_cp36,2160.336296469203,1.0,head
hd_p26_cp37,2159.1433543733924,1.0,head
hd_p26_cp38,2152.9746122408346,1.0,head
hd_p26_cp39,2151.9566082109145,1.0,head
hd_p26_cp40,2145.5972025843257,1.0,head
hd_p26_cp41,2144.8268727494938,1.0,head
hd_p26_cp42,2138.200148581017,1.0,head
hd_p26_cp43,2137.6993379091773,1.0,head
hd_p26_cp44,2130.77947183514,1.0,head
hd_p26_cp45,2130.5371845602367,1.0,head
hd_p26_cp46,2123.332215860546,1.0,head
hd_p26_cp47,2123.3258056957775,1.0,head
hd_p26_cp48,2115.858394997239,1.0,head
hd_p26_cp49,2116.066889833188,1.0,head
hd_p26_cp50,2108.363358599896,1.0,head
hd_p26_cp51,2108.7701021501166,1.0,head
hd_p26_cp52,2100.859521301656,1.0,head
hd_p26_cp53,2101.446774662548,1.0,head
hd_p26_cp54,2093.36595912129,1.0,head
hd_p26_cp55,2094.1065849272677,1.0,head
hd_p26_cp56,2085.904635521298,1.0,head
hd_p26_cp57,2086.7565022708422,1.0,head
hd_p26_cp58,2078.4935805387627,1.0,head
hd_p26_cp59,2079.400964662898,1.0,head
hd_p26_cp60,2071.139925026983,1.0,head
hd_p26_cp61,2072.0425193260116,1.0,head
hd_p26_cp62,2063.837210447715,1.0,head
hd_p26_cp63,2064.6825033458076,1.0,head
hd_p26_cp64,2056.5691432889057,1.0,head
hd_p26_cp65,2057.3215827249333,1.0,head
hd_p26_cp66,2049.3170461878867,1.0,head
hd_p26_cp67,2049.9601052573166,1.0,head
hd_p26_cp68,2042.0661776247744,1.0,head
hd_p26_cp69,2042.5982899510852,1.0,head
hd_p26_cp70,2034.8080384527939,1.0,head
hd_p26_cp71,2035.236302033756,1.0,head
hd_p26_cp72,2027.539021086738,1.0,head
hd_p26_cp73,2027.8742652525173,1.0,head
hd_p26_cp74,2020.2578178416843,1.0,head
hd_p26_cp75,2020.512253169222,1.0,head
hd_p26_cp76,2012.9638323640545,1.0,head
hd_p26_cp77,2013.150285431113,1.0,head
hd_p26_cp78,2005.6568681189835,1.0,head
hd_p26_cp79,2005.7883383618405,1.0,head
hd_p26_cp80,1998.3373616647134,1.0,head
hd_p26_cp81,1998.4263661336943,1.0,head
hd_p26_cp82,1991.0065204419416,1.0,head
hd_p26_cp83,1991.0643229662085,1.0,head
hd_p26_cp84,2292.929308149811,1.0,head
hd_p26_cp85,1990.9628746948395,1.0,head
hd_p26_cp86,2292.9257510202506,1.0,head
hd_p26_cp87,1990.8948398245366,1.0,head
hd_p26_cp88,2292.9201364343826,1.0,head
hd_p26_cp89,1990.794996161732,1.0,head
hd_p26_cp90,2292.911721877196,1.0,head
hd_p26_cp91,1990.658391645634,1.0,head
hd_p26_cp92,2292.8997839839344,1.0,head
hd_p26_cp93,1990.4866054259012,1.0,head
hd_p26_cp94,2292.88381127979,1.0,head
hd_p26_cp95,1990.2925119269112,1.0,head
hd_p26_cp96,2292.8637534329314,1.0,head
hd_p26_cp97,1990.1037034990425,1.0,head
hd_p26_cp98,2292.840265882355,1.0,head
hd_p26_cp99,1989.9609309447478,1.0,head
hd_p26_cp100,2292.814848784301,1.0,head
hd_p26_cp101,1989.9065127915617,1.0,head
hd_p26_cp102,2292.78976648842,1.0,head
hd_p26_cp103,1989.9609309155373,1.0,head
hd_p26_cp104,2292.7676818336513,1.0,head
hd_p26_cp105,1990.1037034108972,1.0,head
hd_p26_cp106,2292.7510703947373,1.0,head
hd_p26_cp107,1990.2925116940692,1.0,head
hd_p26_cp108,2292.741655168465,1.0,head
hd_p26_cp109,1990.4866048351619,1.0,head
hd_p26_cp110,2292.7401609868243,1.0,head
hd_p26_cp111,1990.6583901928059,1.0,head
hd_p26_cp112,2292.7464293929715,1.0,head
hd_p26_cp113,1990.7949926995584,1.0,head
hd_p26_cp114,2292.759527779746,1.0,head
hd_p26_cp115,1990.8948318412604,1.0,head
hd_p26_cp116,2292.777599923006,1.0,head
hd_p26_cp117,1990.9628569089036,1.0,head
hd_p26_cp118,2292.7976487236656,1.0,head
hd_p26_cp119,1991.0064822116904,1.0,head
hd_p26_cp120,2292.8155589887556,1.0,head
hd_p26_cp121,1991.0329866886418,1.0,head
hd_p26_cp122,2292.826337393576,1.0,head
hd_p26_cp123,1991.0482922835797,1.0,head
hd_p26_cp124,2292.8243696962854,1.0,head
hd_p26_cp125,1991.0566751310464,1.0,head
hd_p26_cp126,2292.803680008056,1.0,head
hd_p26_cp127,1991.0609555660958,1.0,head
hd_p26_cp128,2292.758515589869,1.0,head
hd_p26_cp129,1991.0628518365431,1.0,head
hd_p26_cp130,2292.6848092269834,1.0,head
hd_p26_cp131,1991.063330093626,1.0,head
hd_p26_cp132,2292.582934382277,1.0,head
hd_p26_cp133,1991.0628869443847,1.0,head
hd_p26_cp134,2292.4613675624355,1.0,head
hd_p26_cp135,1991.061756784458,1.0,head
hd_p26_cp136,2292.339309503341,1.0,head
hd_p26_cp137,1991.0600570543695,1.0,head
hd_p26_cp138,2292.244779716626,1.0,head
hd_p26_cp139,1991.0578844311362,1.0,head
hd_p26_cp140,2292.2053253296376,1.0,head
hd_p26_cp141,1991.0553649428243,1.0,head
hd_p26_cp142,2292.233627480691,1.0,head
hd_p26_cp143,1991.0526497420126,1.0,head
hd_p26_cp144,2292.318675651908,1.0,head
hd_p26_cp145,1991.049842375789,1.0,head
hd_p26_cp146,2292.4335142400478,1.0,head
hd_p26_cp147,1991.046846247837,1.0,head
hd_p26_cp148,2292.548822530834,1.0,head
hd_p26_cp149,1991.0431307313656,1.0,head
hd_p26_cp150,2292.6416322955406,1.0,head
hd_p26_cp151,1991.037423418036,1.0,head
hd_p26_cp152,2292.6966344427337,1.0,head
hd_p26_cp153,1991.027335234192,1.0,head
hd_p26_cp154,2292.702705635094,1.0,head
hd_p26_cp155,1991.008914172503,1.0,head
hd_p26_cp156,2292.648231740405,1.0,head
hd_p26_cp157,1990.976119819052,1.0,head
hd_p26_cp158,2292.517792962185,1.0,head
hd_p26_cp159,1990.9202502328935,1.0,head
hd_p26_cp160,2292.291845650399,1.0,head
hd_p26_cp161,1990.8294784407515,1.0,head
hd_p26_cp162,2291.9507498866824,1.0,head
hd_p26_cp163,1990.688902839968,1.0,head
hd_p26_cp164,2291.484185128247,1.0,head
hd_p26_cp165,1990.4818625423306,1.0,head
hd_p26_cp166,2290.9054121393533,1.0,head
hd_p26_cp167,1990.1935324324343,1.0,head
hd_p26_cp168,2290.2660985234747,1.0,head
hd_p26_cp169,1989.8175515217058,1.0,head
hd_p26_cp170,2289.662773759897,1.0,head
hd_p26_cp171,1989.3650617502008,1.0,head
hd_p26_cp172,2289.224396889276,1.0,head
hd_p26_cp173,1988.872845606462,1.0,head
hd_p26_cp174,2289.0740802393393,1.0,head
hd_p26_cp175,1988.4043421655297,1.0,head
hd_p26_cp176,2289.266228391858,1.0,head
hd_p26_cp177,1988.037238577237,1.0,head
hd_p26_cp178,2289.73640323605,1.0,head
hd_p26_cp179,1987.8382061019402,1.0,head
hd_p26_cp180,2290.356828089533,1.0,head
hd_p26_cp181,1987.8389983418078,1.0,head
hd_p26_cp182,2290.9994647750677,1.0,head
hd_p26_cp183,1988.0338078360328,1.0,head
hd_p26_cp184,2291.5722610388802,1.0,head
hd_p26_cp185,1988.394161450294,1.0,head
hd_p26_cp186,2292.0294980254525,1.0,head
hd_p26_cp187,1988.8719418468024,1.0,head
hd_p26_cp188,2292.3639559400517,1.0,head
hd_p26_cp189,1989.3845525957079,1.0,head
hd_p26_cp190,2292.5915564764664,1.0,head
hd_p26_cp191,1989.8567146447206,1.0,head
hd_p26_cp192,2292.7371756309494,1.0,head
hd_p26_cp193,1990.244684078763,1.0,head
hd_p26_cp194,2292.8254259633904,1.0,head
hd_p26_cp195,1990.5362838056383,1.0,head
hd_p26_cp196,2292.8763565573,1.0,head
hd_p26_cp197,1990.7401128891847,1.0,head
hd_p26_cp198,2292.9044573436313,1.0,head
hd_p26_cp199,1990.8741056958452,1.0,head
hd_p26_cp200,2292.9193286583395,1.0,head
hd_p26_cp201,1990.9575715972144,1.0,head
hd_p26_cp202,2292.9269024584883,1.0,head
hd_p26_cp203,1991.0070904277004,1.0,head
hd_p26_cp204,2292.9306307686393,1.0,head
hd_p26_cp205,1991.0351709077356,1.0,head
hd_p26_cp206,2292.932416899325,1.0,head
hd_p26_cp207,1991.050430294687,1.0,head
hd_p26_cp208,2292.9332589944465,1.0,head
hd_p26_cp209,1991.058392964994,1.0,head
hd_p26_cp210,2292.9336564556716,1.0,head
hd_p26_cp211,1991.062389933872,1.0,head
hd_p27_cp0,2292.9306858499376,1.0,head
hd_p27_cp1,2292.9337705916055,1.0,head
hd_p27_cp2,2285.5651665212627,1.0,head
hd_p27_cp3,2285.570881275148,1.0,head
hd_p27_cp4,2278.197672991894,1.0,head
hd_p27_cp5,2278.2077423256637,1.0,head
hd_p27_cp6,2270.8272702396434,1.0,head
hd_p27_cp7,2270.8440916100967,1.0,head
hd_p27_cp8,2263.452894441572,1.0,head
hd_p27_cp9,2263.4794094173926,1.0,head
hd_p27_cp10,2256.0735663288187,1.0,head
hd_p27_cp11,2256.11270553142,1.0,head
hd_p27_cp12,2248.68875249328,1.0,head
hd_p27_cp13,2248.7421776136644,1.0,head
hd_p27_cp14,2241.298835490349,1.0,head
hd_p27_cp15,2241.364715968482,1.0,head
hd_p27_cp16,2233.9055591637643,1.0,head
hd_p27_cp17,2233.975292020645,1.0,head
hd_p27_cp18,2226.512217339881,1.0,head
hd_p27_cp19,2226.566419480201,1.0,head
hd_p27_cp20,2219.123321712539,1.0,head
hd_p27_cp21,2219.128148570133,1.0,head
hd_p27_cp22,2211.7436091475292,1.0,head
hd_p27_cp23,2211.649397840139,1.0,head
hd_p27_cp24,2204.376570326403,1.0,head
hd_p27_cp25,2204.1216041106873,1.0,head
hd_p27_cp26,2197.0230851769206,1.0,head
hd_p27_cp27,2196.545148218522,1.0,head
hd_p27_cp28,2189.6809193398212,1.0,head
hd_p27_cp29,2188.937136232804,1.0,head
hd_p27_cp30,2182.345417630572,1.0,head
hd_p27_cp31,2181.335922746605,1.0,head
hd_p27_cp32,2175.0108765498226,1.0,head
hd_p27_cp33,2173.795490781615,1.0,head
hd_p27_cp34,2167.6717648847416,1.0,head
hd_p27_cp35,2166.3662031393906,1.0,head
hd_p27_cp36,2160.323276978356,1.0,head
hd_p27_cp37,2159.069528327627,1.0,head
hd_p27_cp38,2152.961208008245,1.0,head
hd_p27_cp39,2151.883880879837,1.0,head
hd_p27_cp40,2145.5814995206883,1.0,head
hd_p27_cp41,2144.75879564701,1.0,head
hd_p27_cp42,2138.1799362734405,1.0,head
hd_p27_cp43,2137.6402212650523,1.0,head
hd_p27_cp44,2130.7524377165337,1.0,head
hd_p27_cp45,2130.489793571738,1.0,head
hd_p27_cp46,2123.2962251200142,1.0,head
hd_p27_cp47,2123.290479309689,1.0,head
hd_p27_cp48,2115.8118409716694,1.0,head
hd_p27_cp49,2116.0420618992116,1.0,head
hd_p27_cp50,2108.30551656708,1.0,head
hd_p27_cp51,2108.7533400047178,1.0,head
hd_p27_cp52,2100.7907911676903,1.0,head
hd_p27_cp53,2101.4356465072806,1.0,head
hd_p27_cp54,2093.2878812197155,1.0,head
hd_p27_cp55,2094.0991212159233,1.0,head
hd_p27_cp56,2085.8196511799197,1.0,head
hd_p27_cp57,2086.7513115520724,1.0,head
hd_p27_cp58,2078.4046663531585,1.0,head
hd_p27_cp59,2079.397155930071,1.0,head
hd_p27_cp60,2071.050300147836,1.0,head
hd_p27_cp61,2072.0395599174863,1.0,head
hd_p27_cp62,2063.750136344967,1.0,head
hd_p27_cp63,2064.6800864228485,1.0,head
hd_p27_cp64,2056.487637320053,1.0,head
hd_p27_cp65,2057.319532156805,1.0,head
hd_p27_cp66,2049.243514730392,1.0,head
hd_p27_cp67,2049.9583184994226,1.0,head
hd_p27_cp68,2042.0021519471716,1.0,head
hd_p27_cp69,2042.5967080962146,1.0,head
hd_p27_cp70,2034.754127978187,1.0,head
hd_p27_cp71,2035.2348946895527,1.0,head
hd_p27_cp72,2027.4950478989133,1.0,head
hd_p27_cp73,2027.8730211816496,1.0,head
hd_p27_cp74,2020.2230350002096,1.0,head
hd_p27_cp75,2020.5111721673652,1.0,head
hd_p27_cp76,2012.9371493915478,1.0,head
hd_p27_cp77,2013.1493705655166,1.0,head
hd_p27_cp78,2005.6370375128163,1.0,head
hd_p27_cp79,2005.7875895688128,1.0,head
hd_p27_cp80,1998.3231094872056,1.0,head
hd_p27_cp81,1998.4257763937198,1.0,head
hd_p27_cp82,1990.996633632997,1.0,head
hd_p27_cp83,1991.0638775171874,1.0,head
hd_p27_cp84,2292.9280094406486,1.0,head
hd_p27_cp85,1990.9475526083124,1.0,head
hd_p27_cp86,2292.923640123231,1.0,head
hd_p27_cp87,1990.872235009894,1.0,head
hd_p27_cp88,2292.91684162527,1.0,head
hd_p27_cp89,1990.7633129327253,1.0,head
hd_p27_cp90,2292.9067844171145,1.0,head
hd_p27_cp91,1990.6162256684347,1.0,head
hd_p27_cp92,2292.8926814042247,1.0,head
hd_p27_cp93,1990.4332531661196,1.0,head
hd_p27_cp94,2292.8740049196513,1.0,head
hd_p27_cp95,1990.228201729421,1.0,head
hd_p27_cp96,2292.8507600628823,1.0,head
hd_p27_cp97,1990.0298476359515,1.0,head
hd_p27_cp98,2292.8237458159533,1.0,head
hd_p27_cp99,1989.880416181388,1.0,head
hd_p27_cp100,2292.7946941768687,1.0,head
hd_p27_cp101,1989.823610372179,1.0,head
hd_p27_cp102,2292.766166652698,1.0,head
hd_p27_cp103,1989.8804161322118,1.0,head
hd_p27_cp104,2292.741142802659,1.0,head
hd_p27_cp105,1990.029847490168,1.0,head
hd_p27_cp106,2292.722378841837,1.0,head
hd_p27_cp107,1990.2282013525867,1.0,head
hd_p27_cp108,2292.7117971823413,1.0,head
hd_p27_cp109,1990.4332522313189,1.0,head
hd_p27_cp110,2292.710214990601,1.0,head
hd_p27_cp111,1990.6162234202877,1.0,head
hd_p27_cp112,2292.7174433760883,1.0,head
hd_p27_cp113,1990.7633076919503,1.0,head
hd_p27_cp114,2292.732385621558,1.0,head
hd_p27_cp115,1990.8722231837628,1.0,head
hd_p27_cp116,2292.752881851143,1.0,head
hd_p27_cp117,1990.947526812229,1.0,head
hd_p27_cp118,2292.7754998173878,1.0,head
hd_p27_cp119,1990.996579317211,1.0,head
hd_p27_cp120,2292.7955903023967,1.0,head
hd_p27_cp121,1991.0268663392867,1.0,head
hd_p27_cp122,2292.807586821848,1.0,head
hd_p27_cp123,1991.0446455240979,1.0,head
hd_p27_cp124,2292.8053458614995,1.0,head
hd_p27_cp125,1991.054543343005,1.0,head
hd_p27_cp126,2292.782516976883,1.0,head
hd_p27_cp127,1991.0596778280872,1.0,head
hd_p27_cp128,2292.7332744935793,1.0,head
hd_p27_cp129,1991.061988555168,1.0,head
hd_p27_cp130,2292.6539355950963,1.0,head
hd_p27_cp131,1991.062590478877,1.0,head
hd_p27_cp132,2292.545771551472,1.0,head
hd_p27_cp133,1991.062072988815,1.0,head
hd_p27_cp134,2292.4184610291522,1.0,head
hd_p27_cp135,1991.060726558785,1.0,head
hd_p27_cp136,2292.2921854342094,1.0,head
hd_p27_cp137,1991.0587046385356,1.0,head
hd_p27_cp138,2292.1951761511204,1.0,head
hd_p27_cp139,1991.0561308448914,1.0,head
hd_p27_cp140,2292.1544733917613,1.0,head
hd_p27_cp141,1991.053152657519,1.0,head
hd_p27_cp142,2292.182467542324,1.0,head
hd_p27_cp143,1991.0499321559823,1.0,head
hd_p27_cp144,2292.268558037982,1.0,head
hd_p27_cp145,1991.046559029629,1.0,head
hd_p27_cp146,2292.3863089491374,1.0,head
hd_p27_cp147,1991.0428748227637,1.0,head
hd_p27_cp148,2292.5060086538283,1.0,head
hd_p27_cp149,1991.0382082351198,1.0,head
hd_p27_cp150,2292.6032847172046,1.0,head
hd_p27_cp151,1991.0310314205517,1.0,head
hd_p27_cp152,2292.660943241447,1.0,head
hd_p27_cp153,1991.0185476332674,1.0,head
hd_p27_cp154,2292.6660589142157,1.0,head
hd_p27_cp155,1990.9962117383245,1.0,head
hd_p27_cp156,2292.605631749181,1.0,head
hd_p27_cp157,1990.957186785748,1.0,head
hd_p27_cp158,2292.463475395783,1.0,head
hd_p27_cp159,1990.8917901669424,1.0,head
hd_p27_cp160,2292.220156282405,1.0,head
hd_p27_cp161,1990.7871245494061,1.0,head
hd_p27_cp162,2291.857329162786,1.0,head
hd_p27_cp163,1990.6273455970904,1.0,head
hd_p27_cp164,2291.367181966151,1.0,head
hd_p27_cp165,1990.395342605374,1.0,head
hd_p27_cp166,2290.7659571293243,1.0,head
hd_p27_cp167,1990.0767902365624,1.0,head
hd_p27_cp168,2290.1073682408514,1.0,head
hd_p27_cp169,1989.6671420024932,1.0,head
hd_p27_cp170,2289.488528931388,1.0,head
hd_p27_cp171,1989.1806756155122,1.0,head
hd_p27_cp172,2289.039391232078,1.0,head
hd_p27_cp173,1988.6580773410915,1.0,head
hd_p27_cp174,2288.8857320394536,1.0,head
hd_p27_cp175,1988.1663899894252,1.0,head
hd_p27_cp176,2289.082773324057,1.0,head
hd_p27_cp177,1987.785488921285,1.0,head
hd_p27_cp178,2289.5649377655213,1.0,head
hd_p27_cp179,1987.5825646570577,1.0,head
hd_p27_cp180,2290.2018196158983,1.0,head
hd_p27_cp181,1987.5890839674637,1.0,head
hd_p27_cp182,2290.864624003224,1.0,head
hd_p27_cp183,1987.7985790999999,1.0,head
hd_p27_cp184,2291.4608680635065,1.0,head
hd_p27_cp185,1988.182369423714,1.0,head
hd_p27_cp186,2291.9428889576407,1.0,head
hd_p27_cp187,1988.6915517280495,1.0,head
hd_p27_cp188,2292.3006768586106,1.0,head
hd_p27_cp189,1989.2384841279188,1.0,head
hd_p27_cp190,2292.5479684788793,1.0,head
hd_p27_cp191,1989.7436518108568,1.0,head
hd_p27_cp192,2292.708725639392,1.0,head
hd_p27_cp193,1990.1608842365297,1.0,head
hd_p27_cp194,2292.8077394577253,1.0,head
hd_p27_cp195,1990.4767922885098,1.0,head
hd_p27_cp196,2292.8658344663845,1.0,head
hd_p27_cp197,1990.6996380224098,1.0,head
hd_p27_cp198,2292.8984394205922,1.0,head
hd_p27_cp199,1990.847689789788,1.0,head
hd_p27_cp200,2292.916002942229,1.0,head
hd_p27_cp201,1990.9410151365341,1.0,head
hd_p27_cp202,2292.925114937395,1.0,head
hd_p27_cp203,1990.9971164555998,1.0,head
hd_p27_cp204,2292.929687968799,1.0,head
hd_p27_cp205,1991.0293922259264,1.0,head
hd_p27_cp206,2292.9319230926553,1.0,head
hd_p27_cp207,1991.0472088223094,1.0,head
hd_p27_cp208,2292.9329984712294,1.0,head
hd_p27_cp209,1991.056664086722,1.0,head
hd_p27_cp210,2292.933516078805,1.0,head
hd_p27_cp211,1991.061496146814,1.0,head
hd_p28_cp0,2292.9297609249043,1.0,head
hd_p28_cp1,2292.9336705962296,1.0,head
hd_p28_cp2,2285.563593041248,1.0,head
hd_p28_cp3,2285.570708536864,1.0,head
hd_p28_cp4,2278.1951094465553,1.0,head
hd_p28_cp5,2278.2074353244934,1.0,head
hd_p28_cp6,2270.823275052818,1.0,head
hd_p28_cp7,2270.8435339372218,1.0,head
hd_p28_cp8,2263.4469445179493,1.0,head
hd_p28_cp9,2263.478385745498,1.0,head
hd_p28_cp10,2256.0651067337653,1.0,head
hd_p28_cp11,2256.110832176873,1.0,head
hd_p28_cp12,2248.6772802580745,1.0,head
hd_p28_cp13,2248.73880408583,1.0,head
hd_p28_cp14,2241.2840095195847,1.0,head
hd_p28_cp15,2241.3588065960703,1.0,head
hd_p28_cp16,2233.887314087065,1.0,head
hd_p28_cp17,2233.9653241538967,1.0,head
hd_p28_cp18,2226.490847991037,1.0,head
hd_p28_cp19,2226.550377779561,1.0,head
hd_p28_cp20,2219.099504997004,1.0,head
hd_p28_cp21,2219.103737690291,1.0,head
hd_p28_cp22,2211.718344600723,1.0,head
hd_p28_cp23,2211.614590266733,1.0,head
hd_p28_cp24,2204.351042977068,1.0,head
hd_p28_cp25,2204.075504231518,1.0,head
hd_p28_cp26,2196.99847599275,1.0,head
hd_p28_cp27,2196.4888284003455,1.0,head
hd_p28_cp28,2189.6582036498257,1.0,head
hd_p28_cp29,2188.8737123762367,1.0,head
hd_p28_cp30,2182.3251893568004,1.0,head
hd_p28_cp31,2181.2692141790685,1.0,head
hd_p28_cp32,2174.9932262637753,1.0,head
hd_p28_cp33,2173.7278902706153,1.0,head
hd_p28_cp34,2167.656220765329,1.0,head
hd_p28_cp35,2166.298217726286,1.0,head
hd_p28_cp36,2160.308803975542,1.0,head
hd_p28_cp37,2159.001747777331,1.0,head
hd_p28_cp38,2152.946255633855,1.0,head
hd_p28_cp39,2151.8167928370563,1.0,head
hd_p28_cp40,2145.5640939967966,1.0,head
hd_p28_cp41,2144.6947581463546,1.0,head
hd_p28_cp42,2138.1578257854453,1.0,head
hd_p28_cp43,2137.5830115133226,1.0,head
hd_p28_cp44,2130.7233087062737,1.0,head
hd_p28_cp45,2130.442489035871,1.0,head
hd_p28_cp46,2123.257998782588,1.0,head
hd_p28_cp47,2123.254129977792,1.0,head
hd_p28_cp48,2115.7630253308607,1.0,head
hd_p28_cp49,2116.015776553621,1.0,head
hd_p28_cp50,2108.245537770586,1.0,head
hd_p28_cp51,2108.7351280291327,1.0,head
hd_p28_cp52,2100.7201851161303,1.0,head
hd_p28_cp53,2101.423280272725,1.0,head
hd_p28_cp54,2093.208241183996,1.0,head
hd_p28_cp55,2094.0906745522084,1.0,head
hd_p28_cp56,2085.733339529261,1.0,head
hd_p28_cp57,2086.7453577458177,1.0,head
hd_p28_cp58,2078.3144625803184,1.0,head
hd_p28_cp59,2079.39274630629,1.0,head
hd_p28_cp60,2070.9591868426483,1.0,head
hd_p28_cp61,2072.0361100110736,1.0,head
hd_p28_cp62,2063.6611965038205,1.0,head
hd_p28_cp63,2064.6772526044324,1.0,head
hd_p28_cp64,2056.4038404495873,1.0,head
hd_p28_cp65,2057.317115924793,1.0,head
hd_p28_cp66,2049.167357901627,1.0,head
hd_p28_cp67,2049.9562053810996,1.0,head
hd_p28_cp68,2041.9353445865966,1.0,head
hd_p28_cp69,2042.5948336026077,1.0,head
hd_p28_cp70,2034.69747518006,1.0,head
hd_p28_cp71,2035.2332261635265,1.0,head
hd_p28_cp72,2027.4485316762093,1.0,head
hd_p28_cp73,2027.8715465706318,1.0,head
hd_p28_cp74,2020.186009658305,1.0,head
hd_p28_cp75,2020.5098908723023,1.0,head
hd_p28_cp76,2012.908566491745,1.0,head
hd_p28_cp77,2013.1482851256483,1.0,head
hd_p28_cp78,2005.6156474956717,1.0,head
hd_p28_cp79,2005.7866989396148,1.0,head
hd_p28_cp80,1998.307612862142,1.0,head
hd_p28_cp81,1998.4250719381862,1.0,head
hd_p28_cp82,1990.9857828211668,1.0,head
hd_p28_cp83,1991.0633421654773,1.0,head
hd_p28_cp84,2292.926468685209,1.0,head
hd_p28_cp85,1990.9310038899237,1.0,head
hd_p28_cp86,2292.921171464185,1.0,head
hd_p28_cp87,1990.8481707371948,1.0,head
hd_p28_cp88,2292.913038270684,1.0,head
hd_p28_cp89,1990.729984185567,1.0,head
hd_p28_cp90,2292.9011511193717,1.0,head
hd_p28_cp91,1990.572251813284,1.0,head
hd_p28_cp92,2292.8846613379424,1.0,head
hd_p28_cp93,1990.3779155766272,1.0,head
hd_p28_cp94,2292.8630313833814,1.0,head
hd_p28_cp95,1990.1617370718545,1.0,head
hd_p28_cp96,2292.836332109755,1.0,head
hd_p28_cp97,1989.9537974090579,1.0,head
hd_p28_cp98,2292.8055192334264,1.0,head
hd_p28_cp99,1989.7978756119653,1.0,head
hd_p28_cp100,2292.772570428701,1.0,head
hd_p28_cp101,1989.7388524071864,1.0,head
hd_p28_cp102,2292.7403561465517,1.0,head
hd_p28_cp103,1989.7978755315112,1.0,head
hd_p28_cp104,2292.712181339947,1.0,head
hd_p28_cp105,1989.9537971745344,1.0,head
hd_p28_cp106,2292.6910910769193,1.0,head
hd_p28_cp107,1990.1617364780825,1.0,head
hd_p28_cp108,2292.679219071706,1.0,head
hd_p28_cp109,1990.377914135101,1.0,head
hd_p28_cp110,2292.6774897857504,1.0,head
hd_p28_cp111,1990.5722484200462,1.0,head
hd_p28_cp112,2292.685694139772,1.0,head
hd_p28_cp113,1990.7299764405334,1.0,head
hd_p28_cp114,2292.7025680196125,1.0,head
hd_p28_cp115,1990.848153617584,1.0,head
hd_p28_cp116,2292.725628870042,1.0,head
hd_p28_cp117,1990.9309672937343,1.0,head
hd_p28_cp118,2292.7509794779994,1.0,head
hd_p28_cp119,1990.9857072646528,1.0,head
hd_p28_cp120,2292.7734048183984,1.0,head
hd_p28_cp121,1991.0200292517848,1.0,head
hd_p28_cp122,2292.7867437806235,1.0,head
hd_p28_cp123,1991.040495900867,1.0,head
hd_p28_cp124,2292.7843282975127,1.0,head
hd_p28_cp125,1991.0520694732008,1.0,head
hd_p28_cp126,2292.759478273987,1.0,head
hd_p28_cp127,1991.0581652542262,1.0,head
hd_p28_cp128,2292.706379076377,1.0,head
hd_p28_cp129,1991.0609515992408,1.0,head
hd_p28_cp130,2292.621822643041,1.0,head
hd_p28_cp131,1991.0617022984004,1.0,head
hd_p28_cp132,2292.508007062035,1.0,head
hd_p28_cp133,1991.0611090854818,1.0,head
hd_p28_cp134,2292.375709353513,1.0,head
hd_p28_cp135,1991.0595263412258,1.0,head
hd_p28_cp136,2292.245846969613,1.0,head
hd_p28_cp137,1991.0571492472309,1.0,head
hd_p28_cp138,2292.146618992053,1.0,head
hd_p28_cp139,1991.054131771265,1.0,head
hd_p28_cp140,2292.10461446152,1.0,head
hd_p28_cp141,1991.0506434978154,1.0,head
hd_p28_cp142,2292.1322270900937,1.0,head
hd_p28_cp143,1991.0468545079923,1.0,head
hd_p28_cp144,2292.2189691053686,1.0,head
hd_p28_cp145,1991.042833013594,1.0,head
hd_p28_cp146,2292.3388632111173,1.0,head
hd_p28_cp147,1991.0383452106028,1.0,head
hd_p28_cp148,2292.4620432880497,1.0,head
hd_p28_cp149,1991.0325588826263,1.0,head
hd_p28_cp150,2292.562971441604,1.0,head
hd_p28_cp151,1991.0236636542832,1.0,head
hd_p28_cp152,2292.622680319848,1.0,head
hd_p28_cp153,1991.0084227301606,1.0,head
hd_p28_cp154,2292.6264540222683,1.0,head
hd_p28_cp155,1990.9816650030946,1.0,head
hd_p28_cp156,2292.5599124934033,1.0,head
hd_p28_cp157,1990.9357342339165,1.0,head
hd_p28_cp158,2292.406179017601,1.0,head
hd_p28_cp159,1990.85997322533,1.0,head
hd_p28_cp160,2292.146060477539,1.0,head
hd_p28_cp161,1990.7404752301366,1.0,head
hd_p28_cp162,2291.7625340737422,1.0,head
hd_p28_cp163,1990.560592864439,1.0,head
hd_p28_cp164,2291.2499764793174,1.0,head
hd_p28_cp165,1990.302985476534,1.0,head
hd_p28_cp166,2290.6269093155715,1.0,head
hd_p28_cp167,1989.9540841220683,1.0,head
hd_p28_cp168,2289.9486082632047,1.0,head
hd_p28_cp169,1989.5113560234815,1.0,head
hd_p28_cp170,2289.3134012714945,1.0,head
hd_p28_cp171,1988.9922318742526,1.0,head
hd_p28_cp172,2288.8533925675065,1.0,head
hd_p28_cp173,1988.441023391894,1.0,head
hd_p28_cp174,2288.696629674155,1.0,head
hd_p28_cp175,1987.9277998898685,1.0,head
hd_p28_cp176,2288.898513131309,1.0,head
hd_p28_cp177,1987.5340331553205,1.0,head
hd_p28_cp178,2289.3929445133613,1.0,head
hd_p28_cp179,1987.3272657915559,1.0,head
hd_p28_cp180,2290.047198217416,1.0,head
hd_p28_cp181,1987.3387815583721,1.0,head
hd_p28_cp182,2290.730577540754,1.0,head
hd_p28_cp183,1987.561545833212,1.0,head
hd_p28_cp184,2291.3496512247316,1.0,head
hd_p28_cp185,1987.967384447171,1.0,head
hd_p28_cp186,2291.8553771624606,1.0,head
hd_p28_cp187,1988.5065927572937,1.0,head
hd_p28_cp188,2292.2356647010433,1.0,head
hd_p28_cp189,1989.087627842149,1.0,head
hd_p28_cp190,2292.5023453310314,1.0,head
hd_p28_cp191,1989.6262034809233,1.0,head
hd_p28_cp192,2292.678376063238,1.0,head
hd_p28_cp193,1990.0732282110182,1.0,head
hd_p28_cp194,2292.7885135355596,1.0,head
hd_p28_cp195,1990.4140113826397,1.0,head
hd_p28_cp196,2292.85418093708,1.0,head
hd_p28_cp197,1990.656478578484,1.0,head
hd_p28_cp198,2292.891647902969,1.0,head
hd_p28_cp199,1990.8191956862825,1.0,head
hd_p28_cp200,2292.9121769220033,1.0,head
hd_p28_cp201,1990.922933599038,1.0,head
hd_p28_cp202,2292.923017491438,1.0,head
hd_p28_cp203,1990.98607823987,1.0,head
hd_p28_cp204,2292.928559188254,1.0,head
hd_p28_cp205,1991.02290495702,1.0,head
hd_p28_cp206,2292.9313199311305,1.0,head
hd_p28_cp207,1991.043536194023,1.0,head
hd_p28_cp208,2292.932674188017,1.0,head
hd_p28_cp209,1991.054660194475,1.0,head
hd_p28_cp210,2292.933338417884,1.0,head
hd_p28_cp211,1991.0604417559318,1.0,head
hd_p29_cp0,2292.92866030382,1.0,head
hd_p29_cp1,2292.9335439490756,1.0,head
hd_p29_cp2,2285.561752229765,1.0,head
hd_p29_cp3,2285.570492976875,1.0,head
hd_p29_cp4,2278.1921573530126,1.0,head
hd_p29_cp5,2278.2070582031647,1.0,head
hd_p29_cp6,2270.8187407744704,1.0,head
hd_p29_cp7,2270.842860315603,1.0,head
hd_p29_cp8,2263.440280774953,1.0,head
hd_p29_cp9,2263.4771711152816,1.0,head
hd_p29_cp10,2256.055745054875,1.0,head
hd_p29_cp11,2256.108650901939,1.0,head
hd_p29_cp12,2248.664719306381,1.0,head
hd_p29_cp13,2248.734953643509,1.0,head
hd_p29_cp14,2241.267926530552,1.0,head
hd_p29_cp15,2241.352203194267,1.0,head
hd_p29_cp16,2233.8676759872415,1.0,head
hd_p29_cp17,2233.954434488248,1.0,head
hd_p29_cp18,2226.467989706951,1.0,head
hd_p29_cp19,2226.5332711673746,1.0,head
hd_p29_cp20,2219.0741443056563,1.0,head
hd_p29_cp21,2219.0783697041434,1.0,head
hd_p29_cp22,2211.691516730715,1.0,head
hd_p29_cp23,2211.5793892008114,1.0,head
hd_p29_cp24,2204.323959374285,1.0,head
hd_p29_cp25,2204.030151685172,1.0,head
hd_p29_cp26,2196.9723342228585,1.0,head
hd_p29_cp27,2196.434794078024,1.0,head
hd_p29_cp28,2189.6339876335305,1.0,head
hd_p29_cp29,2188.8138596334366,1.0,head
hd_p29_cp30,2182.303493051779,1.0,head
hd_p29_cp31,2181.2062590197033,1.0,head
hd_p29_cp32,2174.974128610743,1.0,head
hd_p29_cp33,2173.6630689949293,1.0,head
hd_p29_cp34,2167.6392241259773,1.0,head
hd_p29_cp35,2166.2323187359902,1.0,head
hd_p29_cp36,2160.292833376167,1.0,head
hd_p29_cp37,2158.936714700085,1.0,head
hd_p29_cp38,2152.929711728568,1.0,head
hd_p29_cp39,2151.753393705748,1.0,head
hd_p29_cp40,2145.5449578552993,1.0,head
hd_p29_cp41,2144.6341930479184,1.0,head
hd_p29_cp42,2138.133823590115,1.0,head
hd_p29_cp43,2137.5279530838884,1.0,head
hd_p29_cp44,2130.6921494420003,1.0,head
hd_p29_cp45,2130.3957619049843,1.0,head
hd_p29_cp46,2123.217685686718,1.0,head
hd_p29_cp47,2123.217182556791,1.0,head
hd_p29_cp48,2115.712205703112,1.0,head
hd_p29_cp49,2115.9882972952882,1.0,head
hd_p29_cp50,2108.1838043971957,1.0,head
hd_p29_cp51,2108.715585609326,1.0,head
hd_p29_cp52,2100.6482081776585,1.0,head
hd_p29_cp53,2101.4097020401155,1.0,head
hd_p29_cp54,2093.1276446468733,1.0,head
hd_p29_cp55,2094.081223343583,1.0,head
hd_p29_cp56,2085.6463715519517,1.0,head
hd_p29_cp57,2086.7386008325075,1.0,head
hd_p29_cp58,2078.2236680662218,1.0,head
hd_p29_cp59,2079.387692014136,1.0,head
hd_p29_cp60,2070.867274028845,1.0,head
hd_p29_cp61,2072.0321276099726,1.0,head
hd_p29_cp62,2063.571027627449,1.0,head
hd_p29_cp63,2064.6739628563623,1.0,head
hd_p29_cp64,2056.318296236197,1.0,head
hd_p29_cp65,2057.3142977206653,1.0,head
hd_p29_cp66,2049.0890009049726,1.0,head
hd_p29_cp67,2049.9537320127893,1.0,head
hd_p29_cp68,2041.8660600204223,1.0,head
hd_p29_cp69,2042.5926349917556,1.0,head
hd_p29_cp70,2034.6382784693255,1.0,head
hd_p29_cp71,2035.2312676046265,1.0,head
hd_p29_cp72,2027.3995873129084,1.0,head
hd_p29_cp73,2027.8698154514982,1.0,head
hd_p29_cp74,2020.146798136267,1.0,head
hd_p29_cp75,2020.508386359261,1.0,head
hd_p29_cp76,2012.8781044199573,1.0,head
hd_p29_cp77,2013.147009248233,1.0,head
hd_p29_cp78,2005.5926999297665,1.0,head
hd_p29_cp79,2005.7856495680287,1.0,head
hd_p29_cp80,1998.2908636329016,1.0,head
hd_p29_cp81,1998.4242386358487,1.0,head
hd_p29_cp82,1990.9739534634675,1.0,head
hd_p29_cp83,1991.062705337175,1.0,head
hd_p29_cp84,2292.9246617588265,1.0,head
hd_p29_cp85,1990.913225265124,1.0,head
hd_p29_cp86,2292.918314778685,1.0,head
hd_p29_cp87,1990.8226479843208,1.0,head
hd_p29_cp88,2292.9086902270165,1.0,head
hd_p29_cp89,1990.6950025478818,1.0,head
hd_p29_cp90,2292.8947809670185,1.0,head
hd_p29_cp91,1990.5264603645392,1.0,head
hd_p29_cp92,2292.875679701795,1.0,head
hd_p29_cp93,1990.3206445469975,1.0,head
hd_p29_cp94,2292.8508460427897,1.0,head
hd_p29_cp95,1990.093366958522,1.0,head
hd_p29_cp96,2292.820427313449,1.0,head
hd_p29_cp97,1989.876131222438,1.0,head
hd_p29_cp98,2292.7855488253695,1.0,head
hd_p29_cp99,1989.714169258238,1.0,head
hd_p29_cp100,2292.7484462588677,1.0,head
hd_p29_cp101,1989.6531223175616,1.0,head
hd_p29_cp102,2292.7123081614545,1.0,head
hd_p29_cp103,1989.7141691300521,1.0,head
hd_p29_cp104,2292.6807708114775,1.0,head
hd_p29_cp105,1989.8761308547066,1.0,head
hd_p29_cp106,2292.6571747877515,1.0,head
hd_p29_cp107,1990.093366045777,1.0,head
hd_p29_cp108,2292.643877091792,1.0,head
hd_p29_cp109,1990.3206423764482,1.0,head
hd_p29_cp110,2292.6419258447627,1.0,head
hd_p29_cp111,1990.5264553592763,1.0,head
hd_p29_cp112,2292.6511041485046,1.0,head
hd_p29_cp113,1990.6949913519957,1.0,head
hd_p29_cp114,2292.6699797307474,1.0,head
hd_p29_cp115,1990.8226237214212,1.0,head
hd_p29_cp116,2292.6957311431747,1.0,head
hd_p29_cp117,1990.9131743892424,1.0,head
hd_p29_cp118,2292.723969774726,1.0,head
hd_p29_cp119,1990.973850374053,1.0,head
hd_p29_cp120,2292.748887466435,1.0,head
hd_p29_cp121,1991.0124500197358,1.0,head
hd_p29_cp122,2292.7637125186766,1.0,head
hd_p29_cp123,1991.0358141370116,1.0,head
hd_p29_cp124,2292.7612619753895,1.0,head
hd_p29_cp125,1991.0492253552059,1.0,head
hd_p29_cp126,2292.734571000907,1.0,head
hd_p29_cp127,1991.05639325718,1.0,head
hd_p29_cp128,2292.677907351075,1.0,head
hd_p29_cp129,1991.059720317533,1.0,head
hd_p29_cp130,2292.5885942555574,1.0,head
hd_p29_cp131,1991.060648060755,1.0,head
hd_p29_cp132,2292.4697268125137,1.0,head
hd_p29_cp133,1991.0599797735615,1.0,head
hd_p29_cp134,2292.3330045253524,1.0,head
hd_p29_cp135,1991.0581416045184,1.0,head
hd_p29_cp136,2292.199812246491,1.0,head
hd_p29_cp137,1991.0553762713498,1.0,head
hd_p29_cp138,2292.0982243467065,1.0,head
hd_p29_cp139,1991.0518714208135,1.0,head
hd_p29_cp140,2292.054723099597,1.0,head
hd_p29_cp141,1991.04781904777,1.0,head
hd_p29_cp142,2292.082017917302,1.0,head
hd_p29_cp143,1991.0433937050127,1.0,head
hd_p29_cp144,2292.1694183842937,1.0,head
hd_p29_cp145,1991.038633771425,1.0,head
hd_p29_cp146,2292.291057308595,1.0,head
hd_p29_cp147,1991.0332159974448,1.0,head
hd_p29_cp148,2292.4170020820634,1.0,head
hd_p29_cp149,1991.0261269364873,1.0,head
hd_p29_cp150,2292.520818403217,1.0,head
hd_p29_cp151,1991.015247673687,1.0,head
hd_p29_cp152,2292.581958065755,1.0,head
hd_p29_cp153,1990.9968721435503,1.0,head
hd_p29_cp154,2292.5839943233,1.0,head
hd_p29_cp155,1990.9651769064633,1.0,head
hd_p29_cp156,2292.5112069783395,1.0,head
hd_p29_cp157,1990.9116746940504,1.0,head
hd_p29_cp158,2292.3460876076347,1.0,head
hd_p29_cp159,1990.8247552950986,1.0,head
hd_p29_cp160,2292.069728872095,1.0,head
hd_p29_cp161,1990.6895801653945,1.0,head
hd_p29_cp162,2291.6663314060625,1.0,head
hd_p29_cp163,1990.4888482403665,1.0,head
hd_p29_cp164,2291.132112099215,1.0,head
hd_p29_cp165,1990.2051993902296,1.0,head
hd_p29_cp166,2290.4874571331784,1.0,head
hd_p29_cp167,1989.826036552373,1.0,head
hd_p29_cp168,2289.789249324323,1.0,head
hd_p29_cp169,1989.3509554663317,1.0,head
hd_p29_cp170,2289.13767498983,1.0,head
hd_p29_cp171,1988.8004239348236,1.0,head
hd_p29_cp172,2288.6672302858424,1.0,head
hd_p29_cp173,1988.2219595755298,1.0,head
hd_p29_cp174,2288.5075903361526,1.0,head
hd_p29_cp175,1987.688081378099,1.0,head
hd_p29_cp176,2288.714253086786,1.0,head
hd_p29_cp177,1987.2815664774432,1.0,head
hd_p29_cp178,2289.2206715498146,1.0,head
hd_p29_cp179,1987.070612667796,1.0,head
hd_p29_cp180,2289.8924097843096,1.0,head
hd_p29_cp181,1987.0868070943886,1.0,head
hd_p29_cp182,2290.59659648469,1.0,head
hd_p29_cp183,1987.322656022925,1.0,head
hd_p29_cp184,2291.2382630041934,1.0,head
hd_p29_cp185,1987.7499897957914,1.0,head
hd_p29_cp186,2291.767024520786,1.0,head
hd_p29_cp187,1988.3180515171307,1.0,head
hd_p29_cp188,2292.1691550493856,1.0,head
hd_p29_cp189,1988.932401852317,1.0,head
hd_p29_cp190,2292.4549014335776,1.0,head
hd_p29_cp191,1989.504426942446,1.0,head
hd_p29_cp192,2292.6462493370354,1.0,head
hd_p29_cp193,1989.9817098898982,1.0,head
hd_p29_cp194,2292.7677879218413,1.0,head
hd_p29_cp195,1990.3479448677726,1.0,head
hd_p29_cp196,2292.841386427661,1.0,head
hd_p29_cp197,1990.6106307536609,1.0,head
hd_p29_cp198,2292.8840528043447,1.0,head
hd_p29_cp199,1990.788599333133,1.0,head
hd_p29_cp200,2292.9078173775597,1.0,head
hd_p29_cp201,1990.9032875197047,1.0,head
hd_p29_cp202,2292.9205814449506,1.0,head
hd_p29_cp203,1990.9739315727643,1.0,head
hd_p29_cp204,2292.927222496699,1.0,head
hd_p29_cp205,1991.015668390932,1.0,head
hd_p29_cp206,2292.9305918004975,1.0,head
hd_p29_cp207,1991.0393791754877,1.0,head
hd_p29_cp208,2292.9322755139706,1.0,head
hd_p29_cp209,1991.0523563521972,1.0,head
hd_p29_cp210,2292.933116429062,1.0,head
hd_p29_cp211,1991.0592092642962,1.0,head
hd_p30_cp0,2292.927365363857,1.0,head
hd_p30_cp1,2292.9333854775414,1.0,head
hd_p30_cp2,2285.559620640553,1.0,head
hd_p30_cp3,2285.5702270182196,1.0,head
hd_p30_cp4,2278.1887891326364,1.0,head
hd_p30_cp5,2278.206599949399,1.0,head
hd_p30_cp6,2270.8136374329288,1.0,head
hd_p30_cp7,2270.84205526766,1.0,head
hd_p30_cp8,2263.4328736604775,1.0,head
hd_p30_cp9,2263.475745305877,1.0,head
hd_p30_cp10,2256.045455712659,1.0,head
hd_p30_cp11,2256.106138921054,1.0,head
hd_p30_cp12,2248.6510515735677,1.0,head
hd_p30_cp13,2248.730608588048,1.0,head
hd_p30_cp14,2241.2505786122542,1.0,head
hd_p30_cp15,2241.344910295369,1.0,head
hd_p30_cp16,2233.8466483742723,1.0,head
hd_p30_cp17,2233.9426792260915,1.0,head
hd_p30_cp18,2226.4436573885596,1.0,head
hd_p30_cp19,2226.515244831319,1.0,head
hd_p30_cp20,2219.047264371928,1.0,head
hd_p30_cp21,2219.0523010509805,1.0,head
hd_p30_cp22,2211.6631561744493,1.0,head
hd_p30_cp23,2211.544114229876,1.0,head
hd_p30_cp24,2204.295349979794,1.0,head
hd_p30_cp25,2203.985722821017,1.0,head
hd_p30_cp26,2196.9446836806346,1.0,head
hd_p30_cp27,2196.38264900524,1.0,head
hd_p30_cp28,2189.608283057087,1.0,head
hd_p30_cp29,2188.7560726871093,1.0,head
hd_p30_cp30,2182.2803257106257,1.0,head
hd_p30_cp31,2181.1442436382094,1.0,head
hd_p30_cp32,2174.9535659474677,1.0,head
hd_p30_cp33,2173.5974672252987,1.0,head
hd_p30_cp34,2167.620745215408,1.0,head
hd_p30_cp35,2166.1649416850746,1.0,head
hd_p30_cp36,2160.275328948852,1.0,head
hd_p30_cp37,2158.870866964589,1.0,head
hd_p30_cp38,2152.91154369104,1.0,head
hd_p30_cp39,2151.69086533107,1.0,head
hd_p30_cp40,2145.524077544868,1.0,head
hd_p30_cp41,2144.575588885438,1.0,head
hd_p30_cp42,2138.107955804378,1.0,head
hd_p30_cp43,2137.474642557421,1.0,head
hd_p30_cp44,2130.659050386968,1.0,head
hd_p30_cp45,2130.3497808812776,1.0,head
hd_p30_cp46,2123.175466470266,1.0,head
hd_p30_cp47,2123.179948857754,1.0,head
hd_p30_cp48,2115.6596740241725,1.0,head
hd_p30_cp49,2115.959872684123,1.0,head
hd_p30_cp50,2108.1207276506284,1.0,head
hd_p30_cp51,2108.6948496221685,1.0,head
hd_p30_cp52,2100.5753790011895,1.0,head
hd_p30_cp53,2101.394958645365,1.0,head
hd_p30_cp54,2093.0466883445188,1.0,head
hd_p30_cp55,2094.070760924165,1.0,head
hd_p30_cp56,2085.5593878704303,1.0,head
hd_p30_cp57,2086.7310093458645,1.0,head
hd_p30_cp58,2078.132940828488,1.0,head
hd_p30_cp59,2079.3819534198637,1.0,head
hd_p30_cp60,2070.7752163919663,1.0,head
hd_p30_cp61,2072.027572425156,1.0,head
hd_p30_cp62,2063.4802525322784,1.0,head
hd_p30_cp63,2064.670178710148,1.0,head
hd_p30_cp64,2056.2315595803702,1.0,head
hd_p30_cp65,2057.3110413175336,1.0,head
hd_p30_cp66,2049.0089007444153,1.0,head
hd_p30_cp67,2049.9508643585127,1.0,head
hd_p30_cp68,2041.7946440837356,1.0,head
hd_p30_cp69,2042.5900804787536,1.0,head
hd_p30_cp70,2034.5767764614163,1.0,head
hd_p30_cp71,2035.2289897086214,1.0,head
hd_p30_cp72,2027.3483625052288,1.0,head
hd_p30_cp73,2027.867801276277,1.0,head
hd_p30_cp74,2020.1054790155802,1.0,head
hd_p30_cp75,2020.5066350358582,1.0,head
hd_p30_cp76,2012.8457958677488,1.0,head
hd_p30_cp77,2013.1455223629503,1.0,head
hd_p30_cp78,2005.5682014765966,1.0,head
hd_p30_cp79,2005.7844238449843,1.0,head
hd_p30_cp80,1998.2728553538075,1.0,head
hd_p30_cp81,1998.4232616888523,1.0,head
hd_p30_cp82,1990.9611324096563,1.0,head
hd_p30_cp83,1991.0619548489121,1.0,head
hd_p30_cp84,2292.92256460305,1.0,head
hd_p30_cp85,1990.8942128859344,1.0,head
hd_p30_cp86,2292.9150404862485,1.0,head
hd_p30_cp87,1990.7956701758449,1.0,head
hd_p30_cp88,2292.9037629695977,1.0,head
hd_p30_cp89,1990.658383678799,1.0,head
hd_p30_cp90,2292.8876358882076,1.0,head
hd_p30_cp91,1990.4789152529177,1.0,head
hd_p30_cp92,2292.8656971598302,1.0,head
hd_p30_cp93,1990.26163602374,1.0,head
hd_p30_cp94,2292.83741137046,1.0,head
hd_p30_cp95,1990.023506631342,1.0,head
hd_p30_cp96,2292.803013408405,1.0,head
hd_p30_cp97,1989.7974473703428,1.0,head
hd_p30_cp98,2292.7638105263745,1.0,head
hd_p30_cp99,1989.6298857317606,1.0,head
hd_p30_cp100,2292.722306942643,1.0,head
hd_p30_cp101,1989.566955912502,1.0,head
hd_p30_cp102,2292.682015658568,1.0,head
hd_p30_cp103,1989.629885532479,1.0,head
hd_p30_cp104,2292.6469075140335,1.0,head
hd_p30_cp105,1989.797446807277,1.0,head
hd_p30_cp106,2292.6206237647752,1.0,head
hd_p30_cp107,1990.0235052600208,1.0,head
hd_p30_cp108,2292.605756560721,1.0,head
hd_p30_cp109,1990.2616328267331,1.0,head
hd_p30_cp110,2292.6034944969915,1.0,head
hd_p30_cp111,1990.4789080247144,1.0,head
hd_p30_cp112,2292.6136265387763,1.0,head
hd_p30_cp113,1990.6583678206807,1.0,head
hd_p30_cp114,2292.634553839579,1.0,head
hd_p30_cp115,1990.7956364531653,1.0,head
hd_p30_cp116,2292.663103251865,1.0,head
hd_p30_cp117,1990.89414346396,1.0,head
hd_p30_cp118,2292.6943728810174,1.0,head
hd_p30_cp119,1990.9609942285288,1.0,head
hd_p30_cp120,2292.721939593196,1.0,head
hd_p30_cp121,1991.0041056389562,1.0,head
hd_p30_cp122,2292.7384106389027,1.0,head
hd_p30_cp123,1991.030572952315,1.0,head
hd_p30_cp124,2292.736100630618,1.0,head
hd_p30_cp125,1991.0459837960166,1.0,head
hd_p30_cp126,2292.707799380669,1.0,head
hd_p30_cp127,1991.054337361332,1.0,head
hd_p30_cp128,2292.6479060491492,1.0,head
hd_p30_cp129,1991.0582737329748,1.0,head
hd_p30_cp130,2292.554284597696,1.0,head
hd_p30_cp131,1991.0594098782954,1.0,head
hd_p30_cp132,2292.4308301588803,1.0,head
hd_p30_cp133,1991.0586693384184,1.0,head
hd_p30_cp134,2292.2899460741623,1.0,head
hd_p30_cp135,1991.0565577815964,1.0,head
hd_p30_cp136,2292.1532967158855,1.0,head
hd_p30_cp137,1991.0533712491363,1.0,head
hd_p30_cp138,2292.048971548037,1.0,head
hd_p30_cp139,1991.0493342547043,1.0,head
hd_p30_cp140,2292.0037776433423,1.0,head
hd_p30_cp141,1991.0446611472607,1.0,head
hd_p30_cp142,2292.0308161475527,1.0,head
hd_p30_cp143,1991.0395268637226,1.0,head
hd_p30_cp144,2292.119115166138,1.0,head
hd_p30_cp145,1991.0339309966203,1.0,head
hd_p30_cp146,2292.2424833653913,1.0,head
hd_p30_cp147,1991.027446399475,1.0,head
hd_p30_cp148,2292.3707810539986,1.0,head
hd_p30_cp149,1991.018858392499,1.0,head
hd_p30_cp150,2292.476871954897,1.0,head
hd_p30_cp151,1991.0057150952455,1.0,head
hd_p30_cp152,2292.538869869402,1.0,head
hd_p30_cp153,1990.983815664313,1.0,head
hd_p30_cp154,2292.5387882699292,1.0,head
hd_p30_cp155,1990.9466648173945,1.0,head
hd_p30_cp156,2292.4596439825045,1.0,head
hd_p30_cp157,1990.8849431246965,1.0,head
hd_p30_cp158,2292.2833393359947,1.0,head
hd_p30_cp159,1990.7861222706192,1.0,head
hd_p30_cp160,2291.991236097693,1.0,head
hd_p30_cp161,1990.6345211518867,1.0,head
hd_p30_cp162,2291.568612186605,1.0,head
hd_p30_cp163,1990.4123352680917,1.0,head
hd_p30_cp164,2291.013262559255,1.0,head
hd_p30_cp165,1990.102372695586,1.0,head
hd_p30_cp166,2290.3472839409314,1.0,head
hd_p30_cp167,1989.6931633460529,1.0,head
hd_p30_cp168,2289.6293687435623,1.0,head
hd_p30_cp169,1989.1864406933603,1.0,head
hd_p30_cp170,2288.961867561831,1.0,head
hd_p30_cp171,1988.6054654088227,1.0,head
hd_p30_cp172,2288.4814704031273,1.0,head
hd_p30_cp173,1988.0004828590068,1.0,head
hd_p30_cp174,2288.3191006151733,1.0,head
hd_p30_cp175,1987.446033998334,1.0,head
hd_p30_cp176,2288.5305824125803,1.0,head
hd_p30_cp177,1987.026264641609,1.0,head
hd_p30_cp178,2289.0486456092904,1.0,head
hd_p30_cp179,1986.8106550149173,1.0,head
hd_p30_cp180,2289.7375381537527,1.0,head
hd_p30_cp181,1986.8317086800173,1.0,head
hd_p30_cp182,2290.462406443206,1.0,head
hd_p30_cp183,1987.0814197087707,1.0,head
hd_p30_cp184,2291.126454649039,1.0,head
hd_p30_cp185,1987.530632694761,1.0,head
hd_p30_cp186,2291.6778052321292,1.0,head
hd_p30_cp187,1988.1267988245138,1.0,head
hd_p30_cp188,2292.10128557409,1.0,head
hd_p30_cp189,1988.7735208493598,1.0,head
hd_p30_cp190,2292.405804084073,1.0,head
hd_p30_cp191,1989.3786510259156,1.0,head
hd_p30_cp192,2292.612461092785,1.0,head
hd_p30_cp193,1989.886423745012,1.0,head
hd_p30_cp194,2292.745611639145,1.0,head
hd_p30_cp195,1990.2786097094115,1.0,head
hd_p30_cp196,2292.827451987502,1.0,head
hd_p30_cp197,1990.5620878434302,1.0,head
hd_p30_cp198,2292.8756311055968,1.0,head
hd_p30_cp199,1990.755877700424,1.0,head
hd_p30_cp200,2292.9028943934595,1.0,head
hd_p30_cp201,1990.882041236146,1.0,head
hd_p30_cp202,2292.9177790528265,1.0,head
hd_p30_cp203,1990.9606355613942,1.0,head
hd_p30_cp204,2292.925655690582,1.0,head
hd_p30_cp205,1991.0076435468693,1.0,head
hd_p30_cp206,2292.929722351077,1.0,head
hd_p30_cp207,1991.0347049606007,1.0,head
hd_p30_cp208,2292.93179100796,1.0,head
hd_p30_cp209,1991.049727331631,1.0,head
hd_p30_cp210,2292.9328423508196,1.0,head
hd_p30_cp211,1991.057780600063,1.0,head
hd_p31_cp0,2292.925857330034,1.0,head
hd_p31_cp1,2292.9331894405786,1.0,head
hd_p31_cp2,2285.5571751794537,1.0,head
hd_p31_cp3,2285.569902428937,1.0,head
hd_p31_cp4,2278.1849783290745,1.0,head
hd_p31_cp5,2278.2060489414393,1.0,head
hd_p31_cp6,2270.8079372063326,1.0,head
hd_p31_cp7,2270.841103116866,1.0,head
hd_p31_cp8,2263.424696970279,1.0,head
hd_p31_cp9,2263.4740890702965,1.0,head
hd_p31_cp10,2256.0342177108805,1.0,head
hd_p31_cp11,2256.10327686091,1.0,head
hd_p31_cp12,2248.636264825407,1.0,head
hd_p31_cp13,2248.7257585808416,1.0,head
hd_p31_cp14,2241.231965184887,1.0,head
hd_p31_cp15,2241.3369441872173,1.0,head
hd_p31_cp16,2233.8242441509487,1.0,head
hd_p31_cp17,2233.9301265694185,1.0,head
hd_p31_cp18,2226.417877687977,1.0,head
hd_p31_cp19,2226.496440305749,1.0,head
hd_p31_cp20,2219.018903362443,1.0,head
hd_p31_cp21,2219.0257309464596,1.0,head
hd_p31_cp22,2211.6333074180216,1.0,head
hd_p31_cp23,2211.50890958071,1.0,head
hd_p31_cp24,2204.265258682748,1.0,head
hd_p31_cp25,2203.942038540219,1.0,head
hd_p31_cp26,2196.9155607321845,1.0,head
hd_p31_cp27,2196.331508921795,1.0,head
hd_p31_cp28,2189.58111286441,1.0,head
hd_p31_cp29,2188.6985428652765,1.0,head
hd_p31_cp30,2182.25569352174,1.0,head
hd_p31_cp31,2181.08076927464,1.0,head
hd_p31_cp32,2174.931528093646,1.0,head
hd_p31_cp33,2173.5288020448975,1.0,head
hd_p31_cp34,2167.600761417071,1.0,head
hd_p31_cp35,2166.093992636017,1.0,head
hd_p31_cp36,2160.256262999964,1.0,head
hd_p31_cp37,2158.8019195223487,1.0,head
hd_p31_cp38,2152.891730280665,1.0,head
hd_p31_cp39,2151.626804976199,1.0,head
hd_p31_cp40,2145.50145480664,1.0,head
hd_p31_cp41,2144.5171316667956,1.0,head
hd_p31_cp42,2138.080268575815,1.0,head
hd_p31_cp43,2137.422189598353,1.0,head
hd_p31_cp44,2130.6241265997455,1.0,head
hd_p31_cp45,2130.3043605484213,1.0,head
hd_p31_cp46,2123.1315482538694,1.0,head
hd_p31_cp47,2123.1425668323122,1.0,head
hd_p31_cp48,2115.6057437908544,1.0,head
hd_p31_cp49,2115.9306956552846,1.0,head
hd_p31_cp50,2108.05672446371,1.0,head
hd_p31_cp51,2108.673054917061,1.0,head
hd_p31_cp52,2100.502194516148,1.0,head
hd_p31_cp53,2101.3791105270957,1.0,head
hd_p31_cp54,2092.9659138902753,1.0,head
hd_p31_cp55,2094.0592939419817,1.0,head
hd_p31_cp56,2085.472946213498,1.0,head
hd_p31_cp57,2086.7225606892134,1.0,head
hd_p31_cp58,2078.0428452322144,1.0,head
hd_p31_cp59,2079.375495757383,1.0,head
hd_p31_cp60,2070.683584732861,1.0,head
hd_p31_cp61,2072.0224065192424,1.0,head
hd_p31_cp62,2063.3894392898974,1.0,head
hd_p31_cp63,2064.6658627528914,1.0,head
hd_p31_cp64,2056.144167998182,1.0,head
hd_p31_cp65,2057.3073109515135,1.0,head
hd_p31_cp66,2048.9275288589097,1.0,head
hd_p31_cp67,2049.9475685610455,1.0,head
hd_p31_cp68,2041.7214754770055,1.0,head
hd_p31_cp69,2042.5871382681232,1.0,head
hd_p31_cp70,2034.5132463541622,1.0,head
hd_p31_cp71,2035.2263629888148,1.0,head
hd_p31_cp72,2027.2950407302267,1.0,head
hd_p31_cp73,2027.865477155209,1.0,head
hd_p31_cp74,2020.0621593113733,1.0,head
hd_p31_cp75,2020.504612839508,1.0,head
hd_p31_cp76,2012.8116924644164,1.0,head
hd_p31_cp77,2013.1438033459133,1.0,head
hd_p31_cp78,2005.5421690337512,1.0,head
hd_p31_cp79,2005.783003571082,1.0,head
hd_p31_cp80,1998.2535861787799,1.0,head
hd_p31_cp81,1998.4221257112406,1.0,head
hd_p31_cp82,1990.9473086978994,1.0,head
hd_p31_cp83,1991.0610779606961,1.0,head
hd_p31_cp84,2292.92015343491,1.0,head
hd_p31_cp85,1990.873966633039,1.0,head
hd_p31_cp86,2292.9113199783887,1.0,head
hd_p31_cp87,1990.7672535741679,1.0,head
hd_p31_cp88,2292.8982239859447,1.0,head
hd_p31_cp89,1990.620179459712,1.0,head
hd_p31_cp90,2292.879681296534,1.0,head
hd_p31_cp91,1990.4297486907037,1.0,head
hd_p31_cp92,2292.8546798642355,1.0,head
hd_p31_cp93,1990.2011581560976,1.0,head
hd_p31_cp94,2292.8226979107926,1.0,head
hd_p31_cp95,1989.9525679139433,1.0,head
hd_p31_cp96,2292.7840692707036,1.0,head
hd_p31_cp97,1989.7182341577063,1.0,head
hd_p31_cp98,2292.740294671042,1.0,head
hd_p31_cp99,1989.5455727942979,1.0,head
hd_p31_cp100,2292.6941552321796,1.0,head
hd_p31_cp101,1989.4810053654537,1.0,head
hd_p31_cp102,2292.6494918194267,1.0,head
hd_p31_cp103,1989.5455724914732,1.0,head
hd_p31_cp104,2292.61061068382,1.0,head
hd_p31_cp105,1989.7182333143455,1.0,head
hd_p31_cp106,2292.581458070822,1.0,head
hd_p31_cp107,1989.952565896892,1.0,head
hd_p31_cp108,2292.564873036082,1.0,head
hd_p31_cp109,1990.2011535423055,1.0,head
hd_p31_cp110,2292.5622007277843,1.0,head
hd_p31_cp111,1990.4297384548754,1.0,head
hd_p31_cp112,2292.573249489665,1.0,head
hd_p31_cp113,1990.620157415974,1.0,head
hd_p31_cp114,2292.5962572104117,1.0,head
hd_p31_cp115,1990.7672075381329,1.0,head
hd_p31_cp116,2292.6276900860216,1.0,head
hd_p31_cp117,1990.8738735137756,1.0,head
hd_p31_cp118,2292.66211665827,1.0,head
hd_p31_cp119,1990.947126473613,1.0,head
hd_p31_cp120,2292.6924833330254,1.0,head
hd_p31_cp121,1990.9949753002384,1.0,head
hd_p31_cp122,2292.7107709410043,1.0,head
hd_p31_cp123,1991.0247469293834,1.0,head
hd_p31_cp124,2292.7088041084276,1.0,head
hd_p31_cp125,1991.0423186737285,1.0,head
hd_p31_cp126,2292.679155179481,1.0,head
hd_p31_cp127,1991.0519734032391,1.0,head
hd_p31_cp128,2292.616373483846,1.0,head
hd_p31_cp129,1991.0565907319483,1.0,head
hd_p31_cp130,2292.518824589265,1.0,head
hd_p31_cp131,1991.057969602392,1.0,head
hd_p31_cp132,2292.3910678494776,1.0,head
hd_p31_cp133,1991.057161892849,1.0,head
hd_p31_cp134,2292.2460342828485,1.0,head
hd_p31_cp135,1991.0547603046152,1.0,head
hd_p31_cp136,2292.105655300258,1.0,head
hd_p31_cp137,1991.0511198709037,1.0,head
hd_p31_cp138,2291.998317049421,1.0,head
hd_p31_cp139,1991.0465049584272,1.0,head
hd_p31_cp140,2291.951357194118,1.0,head
hd_p31_cp141,1991.0411518433132,1.0,head
hd_p31_cp142,2291.978076342058,1.0,head
hd_p31_cp143,1991.0352312671055,1.0,head
hd_p31_cp144,2292.0674110810633,1.0,head
hd_p31_cp145,1991.02869464697,1.0,head
hd_p31_cp146,2292.19263911452,1.0,head
hd_p31_cp147,1991.020996401212,1.0,head
hd_p31_cp148,2292.3231348759764,1.0,head
hd_p31_cp149,1991.010701285794,1.0,head
hd_p31_cp150,2292.431084525144,1.0,head
hd_p31_cp151,1990.9950020287954,1.0,head
hd_p31_cp152,2292.493469273425,1.0,head
hd_p31_cp153,1990.9691815681338,1.0,head
hd_p31_cp154,2292.4909318559253,1.0,head
hd_p31_cp155,1990.926060109792,1.0,head
hd_p31_cp156,2292.4053363948015,1.0,head
hd_p31_cp157,1990.8554945615952,1.0,head
hd_p31_cp158,2292.2180334509844,1.0,head
hd_p31_cp159,1990.7440838844177,1.0,head
hd_p31_cp160,2291.9106097096833,1.0,head
hd_p31_cp161,1990.5753995051195,1.0,head
hd_p31_cp162,2291.4692825966195,1.0,head
hd_p31_cp163,1990.331275217319,1.0,head
hd_p31_cp164,2290.8932600792355,1.0,head
hd_p31_cp165,1989.9948395494016,1.0,head
hd_p31_cp166,2290.2063052605804,1.0,head
hd_p31_cp167,1989.555832764176,1.0,head
hd_p31_cp168,2289.4690070399142,1.0,head
hd_p31_cp169,1989.0180363484997,1.0,head
hd_p31_cp170,2288.7858002583935,1.0,head
hd_p31_cp171,1988.4071854893457,1.0,head
hd_p31_cp172,2288.295264498382,1.0,head
hd_p31_cp173,1987.775821166994,1.0,head
hd_p31_cp174,2288.1298823775496,1.0,head
hd_p31_cp175,1987.2002931059633,1.0,head
hd_p31_cp176,2288.3466895609977,1.0,head
hd_p31_cp177,1986.7664393255272,1.0,head
hd_p31_cp178,2288.8767447245273,1.0,head
hd_p31_cp179,1986.545759704352,1.0,head
hd_p31_cp180,2289.582669984499,1.0,head
hd_p31_cp181,1986.5722242834327,1.0,head
hd_p31_cp182,2290.327968275304,1.0,head
hd_p31_cp183,1986.837103656675,1.0,head
hd_p31_cp184,2291.014119128754,1.0,head
hd_p31_cp185,1987.3090813178796,1.0,head
hd_p31_cp186,2291.5876939175937,1.0,head
hd_p31_cp187,1987.9333635769437,1.0,head
hd_p31_cp188,2292.032139673796,1.0,head
hd_p31_cp189,1988.6117090925156,1.0,head
hd_p31_cp190,2292.355178964788,1.0,head
hd_p31_cp191,1989.2493650376368,1.0,head
hd_p31_cp192,2292.57711297978,1.0,head
hd_p31_cp193,1989.7875890541347,1.0,head
hd_p31_cp194,2292.722036728024,1.0,head
hd_p31_cp195,1990.2060748644315,1.0,head
hd_p31_cp196,2292.8123865077187,1.0,head
hd_p31_cp197,1990.510857314761,1.0,head
hd_p31_cp198,2292.866366258229,1.0,head
hd_p31_cp199,1990.721012190774,1.0,head
hd_p31_cp200,2292.89738169459,1.0,head
hd_p31_cp201,1990.8591625839047,1.0,head
hd_p31_cp202,2292.914583946647,1.0,head
hd_p31_cp203,1990.9461522929541,1.0,head
hd_p31_cp204,2292.9238366232858,1.0,head
hd_p31_cp205,1990.998793251119,1.0,head
hd_p31_cp206,2292.9286946938864,1.0,head
hd_p31_cp207,1991.0294813911325,1.0,head
hd_p31_cp208,2292.9312085173856,1.0,head
hd_p31_cp209,1991.0467477950538,1.0,head
hd_p31_cp210,2292.932507742996,1.0,head
hd_p31_cp211,1991.0561372253774,1.0,head
hd_p32_cp0,2292.9241174283825,1.0,head
hd_p32_cp1,2292.9329495503325,1.0,head
hd_p32_cp2,2285.5543933098825,1.0,head
hd_p32_cp3,2285.569510398074,1.0,head
hd_p32_cp4,2278.1806998593274,1.0,head
hd_p32_cp5,2278.2053931241326,1.0,head
hd_p32_cp6,2270.8016147099956,1.0,head
hd_p32_cp7,2270.839988314489,1.0,head
hd_p32_cp8,2263.415728198787,1.0,head
hd_p32_cp9,2263.472184609952,1.0,head
hd_p32_cp10,2256.022015180887,1.0,head
hd_p32_cp11,2256.1000491642603,1.0,head
hd_p32_cp12,2248.6203536184903,1.0,head
hd_p32_cp13,2248.7204001918894,1.0,head
hd_p32_cp14,2241.212094439663,1.0,head
hd_p32_cp15,2241.328329670919,1.0,head
hd_p32_cp16,2233.800487034644,1.0,head
hd_p32_cp17,2233.9168470774334,1.0,head
hd_p32_cp18,2226.39068938779,1.0,head
hd_p32_cp19,2226.4769752556617,1.0,head
hd_p32_cp20,2218.9891114863144,1.0,head
hd_p32_cp21,2218.9987731775004,1.0,head
hd_p32_cp22,2211.602025913737,1.0,head
hd_p32_cp23,2211.473738306353,1.0,head
hd_p32_cp24,2204.2337394194064,1.0,head
hd_p32_cp25,2203.898671307309,1.0,head
hd_p32_cp26,2196.8850116072604,1.0,head
hd_p32_cp27,2196.280363869031,1.0,head
hd_p32_cp28,2189.5525100889486,1.0,head
hd_p32_cp29,2188.6398084494776,1.0,head
hd_p32_cp30,2182.2296125482794,1.0,head
hd_p32_cp31,2181.014447899729,1.0,head
hd_p32_cp32,2174.9080139895577,1.0,head
hd_p32_cp33,2173.456144521761,1.0,head
hd_p32_cp34,2167.579258871338,1.0,head
hd_p32_cp35,2166.018754182744,1.0,head
hd_p32_cp36,2160.235617521362,1.0,head
hd_p32_cp37,2158.7289416073086,1.0,head
hd_p32_cp38,2152.8702623541017,1.0,head
hd_p32_cp39,2151.5598212264167,1.0,head
hd_p32_cp40,2145.4771069683857,1.0,head
hd_p32_cp41,2144.457355224936,1.0,head
hd_p32_cp42,2138.050827246681,1.0,head
hd_p32_cp43,2137.369579292492,1.0,head
hd_p32_cp44,2130.5875140773055,1.0,head
hd_p32_cp45,2130.259068367489,1.0,head
hd_p32_cp46,2123.0861554864923,1.0,head
hd_p32_cp47,2123.1049946943517,1.0,head
hd_p32_cp48,2115.550732452432,1.0,head
hd_p32_cp49,2115.9008751967363,1.0,head
hd_p32_cp50,2107.9921897744625,1.0,head
hd_p32_cp51,2108.650313941654,1.0,head
hd_p32_cp52,2100.4290937884434,1.0,head
hd_p32_cp53,2101.3622219097406,1.0,head
hd_p32_cp54,2092.885769169885,1.0,head
hd_p32_cp55,2094.0468389583957,1.0,head
hd_p32_cp56,2085.3874868514567,1.0,head
hd_p32_cp57,2086.7132405748234,1.0,head
hd_p32_cp58,2077.953821151146,1.0,head
hd_p32_cp59,2079.368289497561,1.0,head
hd_p32_cp60,2070.592833934763,1.0,head
hd_p32_cp61,2072.01659483354,1.0,head
hd_p32_cp62,2063.2990664606605,1.0,head
hd_p32_cp63,2064.660979089788,1.0,head
hd_p32_cp64,2056.056608778048,1.0,head
hd_p32_cp65,2057.303071700057,1.0,head
hd_p32_cp66,2048.8453452137196,1.0,head
hd_p32_cp67,2049.943811264078,1.0,head
hd_p32_cp68,2041.6469493317386,1.0,head
hd_p32_cp69,2042.5837768426427,1.0,head
hd_p32_cp70,2034.447996024405,1.0,head
hd_p32_cp71,2035.2233580391337,1.0,head
hd_p32_cp72,2027.239838698985,1.0,head
hd_p32_cp73,2027.8628160907965,1.0,head
hd_p32_cp74,2020.0169752846305,1.0,head
hd_p32_cp75,2020.5022954359506,1.0,head
hd_p32_cp76,2012.7758680487568,1.0,head
hd_p32_cp77,2013.1418306789196,1.0,head
hd_p32_cp78,2005.5146338250515,1.0,head
hd_p32_cp79,2005.7813700777626,1.0,head
hd_p32_cp80,1998.2330620639045,1.0,head
hd_p32_cp81,1998.4208148171626,1.0,head
hd_p32_cp82,1990.9324752114837,1.0,head
hd_p32_cp83,1991.06006143806,1.0,head
hd_p32_cp84,2292.9174049631215,1.0,head
hd_p32_cp85,1990.8524943989003,1.0,head
hd_p32_cp86,2292.9071259181874,1.0,head
hd_p32_cp87,1990.7374331708122,1.0,head
hd_p32_cp88,2292.892043190783,1.0,head
hd_p32_cp89,1990.5804775147865,1.0,head
hd_p32_cp90,2292.8708866622633,1.0,head
hd_p32_cp91,1990.3791406150408,1.0,head
hd_p32_cp92,2292.8426001999833,1.0,head
hd_p32_cp93,1990.139520660266,1.0,head
hd_p32_cp94,2292.806685115808,1.0,head
hd_p32_cp95,1989.8810133372515,1.0,head
hd_p32_cp96,2292.7635855736235,1.0,head
hd_p32_cp97,1989.639151579039,1.0,head
hd_p32_cp98,2292.7150059883506,1.0,head
hd_p32_cp99,1989.462147947416,1.0,head
hd_p32_cp100,2292.664010147749,1.0,head
hd_p32_cp101,1989.3963152586994,1.0,head
hd_p32_cp102,2292.6147674148806,1.0,head
hd_p32_cp103,1989.4621474969017,1.0,head
hd_p32_cp104,2292.571918953333,1.0,head
hd_p32_cp105,1989.6391503414563,1.0,head
hd_p32_cp106,2292.53972060351,1.0,head
hd_p32_cp107,1989.881010428228,1.0,head
hd_p32_cp108,2292.521269923738,1.0,head
hd_p32_cp109,1990.139514126498,1.0,head
hd_p32_cp110,2292.5180827692457,1.0,head
hd_p32_cp111,1990.3791263805679,1.0,head
hd_p32_cp112,2292.5299981271446,1.0,head
hd_p32_cp113,1990.5804473999347,1.0,head
hd_p32_cp114,2292.555094266338,1.0,head
hd_p32_cp115,1990.7373713583777,1.0,head
hd_p32_cp116,2292.5894716925422,1.0,head
hd_p32_cp117,1990.8523714489224,1.0,head
hd_p32_cp118,2292.6271595472026,1.0,head
hd_p32_cp119,1990.9322384791749,1.0,head
hd_p32_cp120,2292.6604653314234,1.0,head
hd_p32_cp121,1990.985040713026,1.0,head
hd_p32_cp122,2292.6807425662937,1.0,head
hd_p32_cp123,1991.0183125363737,1.0,head
hd_p32_cp124,2292.679335576339,1.0,head
hd_p32_cp125,1991.0382050283515,1.0,head
hd_p32_cp126,2292.6486115882467,1.0,head
hd_p32_cp127,1991.049277698612,1.0,head
hd_p32_cp128,2292.583259007616,1.0,head
hd_p32_cp129,1991.05465023498,1.0,head
hd_p32_cp130,2292.4820768467075,1.0,head
hd_p32_cp131,1991.0563089520822,1.0,head
hd_p32_cp132,2292.3501702019053,1.0,head
hd_p32_cp133,1991.0554414508217,1.0,head
hd_p32_cp134,2292.20093551065,1.0,head
hd_p32_cp135,1991.0527346237548,1.0,head
hd_p32_cp136,2292.0567065708497,1.0,head
hd_p32_cp137,1991.0486079427158,1.0,head
hd_p32_cp138,2291.9463807783,1.0,head
hd_p32_cp139,1991.0433683509714,1.0,head
hd_p32_cp140,2291.897704631573,1.0,head
hd_p32_cp141,1991.0372732569012,1.0,head
hd_p32_cp142,2291.9239180005447,1.0,head
hd_p32_cp143,1991.0304842221,1.0,head
hd_p32_cp144,2292.0141245428226,1.0,head
hd_p32_cp145,1991.0228948442102,1.0,head
hd_p32_cp146,2292.1411934472208,1.0,head
hd_p32_cp147,1991.0138267451653,1.0,head
hd_p32_cp148,2292.2738047941907,1.0,head
hd_p32_cp149,1991.0016057766784,1.0,head
hd_p32_cp150,2292.3833479697987,1.0,head
hd_p32_cp151,1990.983049161278,1.0,head
hd_p32_cp152,2292.4457655320625,1.0,head
hd_p32_cp153,1990.9529063930233,1.0,head
hd_p32_cp154,2292.4404967409464,1.0,head
hd_p32_cp155,1990.9033069802056,1.0,head
hd_p32_cp156,2292.3483756999694,1.0,head
hd_p32_cp157,1990.8233008280797,1.0,head
hd_p32_cp158,2292.1502418604164,1.0,head
hd_p32_cp159,1990.6986666416512,1.0,head
hd_p32_cp160,2291.827860708534,1.0,head
hd_p32_cp161,1990.5123233751053,1.0,head
hd_p32_cp162,2291.3682745968495,1.0,head
hd_p32_cp163,1990.2458682180172,1.0,head
hd_p32_cp164,2290.7719806773957,1.0,head
hd_p32_cp165,1989.8828600983222,1.0,head
hd_p32_cp166,2290.0643204858966,1.0,head
hd_p32_cp167,1989.4142656843337,1.0,head
hd_p32_cp168,2289.307646367077,1.0,head
hd_p32_cp169,1988.8457586913926,1.0,head
hd_p32_cp170,2288.608246053519,1.0,head
hd_p32_cp171,1988.205225586971,1.0,head
hd_p32_cp172,2288.1067254815134,1.0,head
hd_p32_cp173,1987.5471846047035,1.0,head
hd_p32_cp174,2287.9380494119823,1.0,head
hd_p32_cp175,1986.9497802139504,1.0,head
hd_p32_cp176,2288.160671716629,1.0,head
hd_p32_cp177,1986.5009915021046,1.0,head
hd_p32_cp178,2288.7037611603723,1.0,head
hd_p32_cp179,1986.2749673602757,1.0,head
hd_p32_cp180,2289.4273370127175,1.0,head
hd_p32_cp181,1986.3074290530142,1.0,head
hd_p32_cp182,2290.1931380568576,1.0,head
hd_p32_cp183,1986.5888598503518,1.0,head
hd_p32_cp184,2290.9011920237076,1.0,head
hd_p32_cp185,1987.0850161271096,1.0,head
hd_p32_cp186,2291.4966824039493,1.0,head
hd_p32_cp187,1987.737738271849,1.0,head
hd_p32_cp188,2291.961776947522,1.0,head
hd_p32_cp189,1988.4473354588781,1.0,head
hd_p32_cp190,2292.303122171198,1.0,head
hd_p32_cp191,1989.1170031684117,1.0,head
hd_p32_cp192,2292.5402915624745,1.0,head
hd_p32_cp193,1989.6854868637756,1.0,head
hd_p32_cp194,2292.697114091824,1.0,head
hd_p32_cp195,1990.1304647910652,1.0,head
hd_p32_cp196,2292.7962040073926,1.0,head
hd_p32_cp197,1990.4569732525554,1.0,head
hd_p32_cp198,2292.8562472758626,1.0,head
hd_p32_cp199,1990.6839946715704,1.0,head
hd_p32_cp200,2292.8912567039415,1.0,head
hd_p32_cp201,1990.8346243896817,1.0,head
hd_p32_cp202,2292.910971477953,1.0,head
hd_p32_cp203,1990.9304470020425,1.0,head
hd_p32_cp204,2292.9217435254386,1.0,head
hd_p32_cp205,1990.98908223015,1.0,head
hd_p32_cp206,2292.9274916183913,1.0,head
hd_p32_cp207,1991.0236771293862,1.0,head
hd_p32_cp208,2292.930515302835,1.0,head
hd_p32_cp209,1991.0433924624274,1.0,head
hd_p32_cp210,2292.93210354731,1.0,head
hd_p32_cp211,1991.0542602505452,1.0,head
hd_p33_cp0,2292.92212704513,1.0,head
hd_p33_cp1,2292.932659009698,1.0,head
hd_p33_cp2,2285.551253265224,1.0,head
hd_p33_cp3,2285.5690416327857,1.0,head
hd_p33_cp4,2278.175930280522,1.0,head
hd_p33_cp5,2278.2046202021984,1.0,head
hd_p33_cp6,2270.7946473293805,1.0,head
hd_p33_cp7,2270.8386957483717,1.0,head
hd_p33_cp8,2263.405948980037,1.0,head
hd_p33_cp9,2263.470015918618,1.0,head
hd_p33_cp10,2256.0088379815747,1.0,head
hd_p33_cp11,2256.0964441008196,1.0,head
hd_p33_cp12,2248.6033199732283,1.0,head
hd_p33_cp13,2248.7145356011806,1.0,head
hd_p33_cp14,2241.1909836063137,1.0,head
hd_p33_cp15,2241.31909558474,1.0,head
hd_p33_cp16,2233.7754104891433,1.0,head
hd_p33_cp17,2233.902903841801,1.0,head
hd_p33_cp18,2226.362140120926,1.0,head
hd_p33_cp19,2226.4569295459323,1.0,head
hd_p33_cp20,2218.9579454518516,1.0,head
hd_p33_cp21,2218.9714528836626,1.0,head
hd_p33_cp22,2211.5693711542035,1.0,head
hd_p33_cp23,2211.4384328572187,1.0,head
hd_p33_cp24,2204.2008489850123,1.0,head
hd_p33_cp25,2203.8551163793036,1.0,head
hd_p33_cp26,2196.85308585956,1.0,head
hd_p33_cp27,2196.228389707219,1.0,head
hd_p33_cp28,2189.5225129528862,1.0,head
hd_p33_cp29,2188.5790680541986,1.0,head
hd_p33_cp30,2182.202106163471,1.0,head
hd_p33_cp31,2180.9450295711013,1.0,head
hd_p33_cp32,2174.8830312600317,1.0,head
hd_p33_cp33,2173.380021976276,1.0,head
hd_p33_cp34,2167.556233216363,1.0,head
hd_p33_cp35,2165.9401382047113,1.0,head
hd_p33_cp36,2160.2133851558065,1.0,head
hd_p33_cp37,2158.65245901935,1.0,head
hd_p33_cp38,2152.8471434625003,1.0,head
hd_p33_cp39,2151.489661367775,1.0,head
hd_p33_cp40,2145.451066631865,1.0,head
hd_p33_cp41,2144.395454609613,1.0,head
hd_p33_cp42,2138.019714095578,1.0,head
hd_p33_cp43,2137.3159836469185,1.0,head
hd_p33_cp44,2130.549363743058,1.0,head
hd_p33_cp45,2130.213395840387,1.0,head
hd_p33_cp46,2123.039518003283,1.0,head
hd_p33_cp47,2123.067061365376,1.0,head
hd_p33_cp48,2115.494942419547,1.0,head
hd_p33_cp49,2115.870432945335,1.0,head
hd_p33_cp50,2107.9274726739422,1.0,head
hd_p33_cp51,2108.6267025819957,1.0,head
hd_p33_cp52,2100.35643605183,1.0,head
hd_p33_cp53,2101.3443507338347,1.0,head
hd_p33_cp54,2092.806596234141,1.0,head
hd_p33_cp55,2094.033417744668,1.0,head
hd_p33_cp56,2085.303331725419,1.0,head
hd_p33_cp57,2086.7030415477893,1.0,head
hd_p33_cp58,2077.8661874746826,1.0,head
hd_p33_cp59,2079.360310256875,1.0,head
hd_p33_cp60,2070.50330363919,1.0,head
hd_p33_cp61,2072.0101055189684,1.0,head
hd_p33_cp62,2063.2095131637757,1.0,head
hd_p33_cp63,2064.6554937283177,1.0,head
hd_p33_cp64,2055.9692991419265,1.0,head
hd_p33_cp65,2057.298289824903,1.0,head
hd_p33_cp66,2048.762777001705,1.0,head
hd_p33_cp67,2049.93955991165,1.0,head
hd_p33_cp68,2041.5714617082356,1.0,head
hd_p33_cp69,2042.5799652332162,1.0,head
hd_p33_cp70,2034.3813557986064,1.0,head
hd_p33_cp71,2035.2199457816582,1.0,head
hd_p33_cp72,2027.1830037520267,1.0,head
hd_p33_cp73,2027.8597912014807,1.0,head
hd_p33_cp74,2019.9700925490495,1.0,head
hd_p33_cp75,2020.4996584134324,1.0,head
hd_p33_cp76,2012.7384201826076,1.0,head
hd_p33_cp77,2013.13958260957,1.0,head
hd_p33_cp78,2005.4856438639542,1.0,head
hd_p33_cp79,2005.779504352823,1.0,head
hd_p33_cp80,1998.2112993282356,1.0,head
hd_p33_cp81,1998.4193127152637,1.0,head
hd_p33_cp82,1990.9166305110527,1.0,head
hd_p33_cp83,1991.058891620987,1.0,head
hd_p33_cp84,2292.914296613807,1.0,head
hd_p33_cp85,1990.8298151930867,1.0,head
hd_p33_cp86,2292.9024325555797,1.0,head
hd_p33_cp87,1990.7062651602346,1.0,head
hd_p33_cp88,2292.8851933573706,1.0,head
hd_p33_cp89,1990.539400164642,1.0,head
hd_p33_cp90,2292.8612260617233,1.0,head
hd_p33_cp91,1990.3273211336193,1.0,head
hd_p33_cp92,2292.8294373592425,1.0,head
hd_p33_cp93,1990.077114310436,1.0,head
hd_p33_cp94,2292.789361656125,1.0,head
hd_p33_cp95,1989.8094642229553,1.0,head
hd_p33_cp96,2292.741564304396,1.0,head
hd_p33_cp97,1989.561120867847,1.0,head
hd_p33_cp98,2292.687961696595,1.0,head
hd_p33_cp99,1989.3807911506237,1.0,head
hd_p33_cp100,2292.63190333419,1.0,head
hd_p33_cp101,1989.314128540456,1.0,head
hd_p33_cp102,2292.5778858347235,1.0,head
hd_p33_cp103,1989.3807904934854,1.0,head
hd_p33_cp104,2292.530884999479,1.0,head
hd_p33_cp105,1989.5611190860247,1.0,head
hd_p33_cp106,2292.495472058521,1.0,head
hd_p33_cp107,1989.8094601035095,1.0,head
hd_p33_cp108,2292.475014126263,1.0,head
hd_p33_cp109,1990.0771052185119,1.0,head
hd_p33_cp110,2292.4712088558636,1.0,head
hd_p33_cp111,1990.3273016680603,1.0,head
hd_p33_cp112,2292.483933041076,1.0,head
hd_p33_cp113,1990.53935967864,1.0,head
hd_p33_cp114,2292.511107614113,1.0,head
hd_p33_cp115,1990.7061834254125,1.0,head
hd_p33_cp116,2292.5484656917806,1.0,head
hd_p33_cp117,1990.8296552010206,1.0,head
hd_p33_cp118,2292.5894938454135,1.0,head
hd_p33_cp119,1990.916327178115,1.0,head
hd_p33_cp120,2292.6258595085815,1.0,head
hd_p33_cp121,1990.9742868015094,1.0,head
hd_p33_cp122,2292.648291959204,1.0,head
hd_p33_cp123,1991.011248340372,1.0,head
hd_p33_cp124,2292.647660795452,1.0,head
hd_p33_cp125,1991.0336191934018,1.0,head
hd_p33_cp126,2292.616125622411,1.0,head
hd_p33_cp127,1991.0462271960878,1.0,head
hd_p33_cp128,2292.548483784453,1.0,head
hd_p33_cp129,1991.0524313497215,1.0,head
hd_p33_cp130,2292.443901767877,1.0,head
hd_p33_cp131,1991.0544096287376,1.0,head
hd_p33_cp132,2292.3079727299605,1.0,head
hd_p33_cp133,1991.053491982815,1.0,head
hd_p33_cp134,2292.1546069371307,1.0,head
hd_p33_cp135,1991.0504661940327,1.0,head
hd_p33_cp136,2292.006704608798,1.0,head
hd_p33_cp137,1991.0458213009208,1.0,head
hd_p33_cp138,2291.8936998001313,1.0,head
hd_p33_cp139,1991.0399092320624,1.0,head
hd_p33_cp140,2291.843431565468,1.0,head
hd_p33_cp141,1991.033007384771,1.0,head
hd_p33_cp142,2291.86887925529,1.0,head
hd_p33_cp143,1991.0252628564872,1.0,head
hd_p33_cp144,2291.959512636929,1.0,head
hd_p33_cp145,1991.0165017120814,1.0,head
hd_p33_cp146,2292.0881110102932,1.0,head
hd_p33_cp147,1991.005898835937,1.0,head
hd_p33_cp148,2292.2226435006405,1.0,head
hd_p33_cp149,1990.991524086181,1.0,head
hd_p33_cp150,2292.333557658399,1.0,head
hd_p33_cp151,1990.9698015737667,1.0,head
hd_p33_cp152,2292.3957408466567,1.0,head
hd_p33_cp153,1990.9349342889689,1.0,head
hd_p33_cp154,2292.3875288501104,1.0,head
hd_p33_cp155,1990.878360682592,1.0,head
hd_p33_cp156,2292.2888309034015,1.0,head
hd_p33_cp157,1990.788346669662,1.0,head
hd_p33_cp158,2292.0800158481497,1.0,head
hd_p33_cp159,1990.6499067659465,1.0,head
hd_p33_cp160,2291.742987204505,1.0,head
hd_p33_cp161,1990.4453972893339,1.0,head
hd_p33_cp162,2291.26550805693,1.0,head
hd_p33_cp163,1990.1562826367244,1.0,head
hd_p33_cp164,2290.649229614458,1.0,head
hd_p33_cp165,1989.7666212877882,1.0,head
hd_p33_cp166,2289.9209182302834,1.0,head
hd_p33_cp167,1989.2685729022298,1.0,head
hd_p33_cp168,2289.1445492380444,1.0,head
hd_p33_cp169,1988.6695241194816,1.0,head
hd_p33_cp170,2288.4283805104305,1.0,head
hd_p33_cp171,1987.9992414769263,1.0,head
hd_p33_cp172,2287.9156688438025,1.0,head
hd_p33_cp173,1987.314048770457,1.0,head
hd_p33_cp174,2287.744050125921,1.0,head
hd_p33_cp175,1986.6940402805042,1.0,head
hd_p33_cp176,2287.9722780691113,1.0,head
hd_p33_cp177,1986.2298062401492,1.0,head
hd_p33_cp178,2288.5288023518824,1.0,head
hd_p33_cp179,1985.9985236011012,1.0,head
hd_p33_cp180,2289.270788005128,1.0,head
hd_p33_cp181,1986.037752277879,1.0,head
hd_p33_cp182,2290.0575366165494,1.0,head
hd_p33_cp183,1986.3374689265047,1.0,head
hd_p33_cp184,2290.787530325038,1.0,head
hd_p33_cp185,1986.8596181583227,1.0,head
hd_p33_cp186,2291.404744409615,1.0,head
hd_p33_cp187,1987.5408677402513,1.0,head
hd_p33_cp188,2291.8902390309254,1.0,head
hd_p33_cp189,1988.2809955349303,1.0,head
hd_p33_cp190,2292.249708819799,1.0,head
hd_p33_cp191,1988.9819944183287,1.0,head
hd_p33_cp192,2292.502069968079,1.0,head
hd_p33_cp193,1989.580410198843,1.0,head
hd_p33_cp194,2292.6708913870343,1.0,head
hd_p33_cp195,1990.051937794363,1.0,head
hd_p33_cp196,2292.778921453945,1.0,head
hd_p33_cp197,1990.4004965120073,1.0,head
hd_p33_cp198,2292.8452676851325,1.0,head
hd_p33_cp199,1990.6448314077409,1.0,head
hd_p33_cp200,2292.8845003825368,1.0,head
hd_p33_cp201,1990.8084065836372,1.0,head
hd_p33_cp202,2292.906918942473,1.0,head
hd_p33_cp203,1990.9134887556295,1.0,head
hd_p33_cp204,2292.919355292036,1.0,head
hd_p33_cp205,1990.9784773507401,1.0,head
hd_p33_cp206,2292.926095818139,1.0,head
hd_p33_cp207,1991.0172618352913,1.0,head
hd_p33_cp208,2292.929698182752,1.0,head
hd_p33_cp209,1991.039636268496,1.0,head
hd_p33_cp210,2292.9316201677275,1.0,head
hd_p33_cp211,1991.0521305493266,1.0,head
hd_p34_cp0,2292.9198678930643,1.0,head
hd_p34_cp1,2292.9323105646104,1.0,head
hd_p34_cp2,2285.5477342704976,1.0,head
hd_p34_cp3,2285.568486470947,1.0,head
hd_p34_cp4,2278.1706480701164,1.0,head
hd_p34_cp5,2278.203717835279,1.0,head
hd_p34_cp6,2270.787015560007,1.0,head
hd_p34_cp7,2270.837211001047,1.0,head
hd_p34_cp8,2263.3953454617917,1.0,head
hd_p34_cp9,2263.4675689457704,1.0,head
hd_p34_cp10,2255.9946819664247,1.0,head
hd_p34_cp11,2256.0924533653742,1.0,head
hd_p34_cp12,2248.5851731254415,1.0,head
hd_p34_cp13,2248.7081706734502,1.0,head
hd_p34_cp14,2241.1686574594987,1.0,head
hd_p34_cp15,2241.30927013298,1.0,head
hd_p34_cp16,2233.7490542530786,1.0,head
hd_p34_cp17,2233.888345275465,1.0,head
hd_p34_cp18,2226.33228084821,1.0,head
hd_p34_cp19,2226.436341888778,1.0,head
hd_p34_cp20,2218.925461788729,1.0,head
hd_p34_cp21,2218.9437270866447,1.0,head
hd_p34_cp22,2211.535399976193,1.0,head
hd_p34_cp23,2211.4027742954004,1.0,head
hd_p34_cp24,2204.166640669989,1.0,head
hd_p34_cp25,2203.8109546909313,1.0,head
hd_p34_cp26,2196.819830171952,1.0,head
hd_p34_cp27,2196.1751600739535,1.0,head
hd_p34_cp28,2189.4911590709607,1.0,head
hd_p34_cp29,2188.516346826396,1.0,head
hd_p34_cp30,2182.173200588112,1.0,head
hd_p34_cp31,2180.8734640296334,1.0,head
hd_p34_cp32,2174.8565937628987,1.0,head
hd_p34_cp33,2173.302324423484,1.0,head
hd_p34_cp34,2167.5316888911707,1.0,head
hd_p34_cp35,2165.8603771058174,1.0,head
hd_p34_cp36,2160.1895693620445,1.0,head
hd_p34_cp37,2158.574360571426,1.0,head
hd_p34_cp38,2152.8223898768697,1.0,head
hd_p34_cp39,2151.417272983886,1.0,head
hd_p34_cp40,2145.4233805322638,1.0,head
hd_p34_cp41,2144.3314522665733,1.0,head
hd_p34_cp42,2137.987024758354,1.0,head
hd_p34_cp43,2137.260973487618,1.0,head
hd_p34_cp44,2130.5098339782444,1.0,head
hd_p34_cp45,2130.1669212766124,1.0,head
hd_p34_cp46,2122.991858951353,1.0,head
hd_p34_cp47,2123.0285455044796,1.0,head
hd_p34_cp48,2115.4386461617146,1.0,head
hd_p34_cp49,2115.839323472287,1.0,head
hd_p34_cp50,2107.8628641596993,1.0,head
hd_p34_cp51,2108.6022565265666,1.0,head
hd_p34_cp52,2100.2844980910686,1.0,head
hd_p34_cp53,2101.3255411507457,1.0,head
hd_p34_cp54,2092.7286405337427,1.0,head
hd_p34_cp55,2094.019052336027,1.0,head
hd_p34_cp56,2085.220700373512,1.0,head
hd_p34_cp57,2086.691960832031,1.0,head
hd_p34_cp58,2077.7801597166213,1.0,head
hd_p34_cp59,2079.3515382341093,1.0,head
hd_p34_cp60,2070.4152352341016,1.0,head
hd_p34_cp61,2072.0029100192346,1.0,head
hd_p34_cp62,2063.1210703011857,1.0,head
hd_p34_cp63,2064.649374841395,1.0,head
hd_p34_cp64,2055.8825866886136,1.0,head
hd_p34_cp65,2057.2929330500647,1.0,head
hd_p34_cp66,2048.6802106105742,1.0,head
hd_p34_cp67,2049.934783005602,1.0,head
hd_p34_cp68,2041.495399361548,1.0,head
hd_p34_cp69,2042.5756732579114,1.0,head
hd_p34_cp70,2034.3136709592384,1.0,head
hd_p34_cp71,2035.2160976914884,1.0,head
hd_p34_cp72,2027.1248109716614,1.0,head
hd_p34_cp73,2027.856375930462,1.0,head
hd_p34_cp74,2019.9217065368412,1.0,head
hd_p34_cp75,2020.4966774694108,1.0,head
hd_p34_cp76,2012.699471894271,1.0,head
hd_p34_cp77,2013.1370373098569,1.0,head
hd_p34_cp78,2005.4552660415534,1.0,head
hd_p34_cp79,2005.77738716827,1.0,head
hd_p34_cp80,1998.1883267435048,1.0,head
hd_p34_cp81,1998.417602807364,1.0,head
hd_p34_cp82,1990.8997805409028,1.0,head
hd_p34_cp83,1991.0575544978606,1.0,head
hd_p34_cp84,2292.9108067657116,1.0,head
hd_p34_cp85,1990.8059615790078,1.0,head
hd_p34_cp86,2292.8972160473368,1.0,head
hd_p34_cp87,1990.6738296892286,1.0,head
hd_p34_cp88,2292.8776505160254,1.0,head
hd_p34_cp89,1990.497109461153,1.0,head
hd_p34_cp90,2292.850678570666,1.0,head
hd_p34_cp91,1990.2745851307238,1.0,head
hd_p34_cp92,2292.8151774836147,1.0,head
hd_p34_cp93,1990.0144338408304,1.0,head
hd_p34_cp94,2292.7707248530305,1.0,head
hd_p34_cp95,1989.7386787560768,1.0,head
hd_p34_cp96,2292.718016924377,1.0,head
hd_p34_cp97,1989.485157712383,1.0,head
hd_p34_cp98,2292.6591880798983,1.0,head
hd_p34_cp99,1989.3026455951733,1.0,head
hd_p34_cp100,2292.5978743896344,1.0,head
hd_p34_cp101,1989.2355919892987,1.0,head
hd_p34_cp102,2292.538898060817,1.0,head
hd_p34_cp103,1989.302644654102,1.0,head
hd_p34_cp104,2292.487570840889,1.0,head
hd_p34_cp105,1989.4851551920647,1.0,head
hd_p34_cp106,2292.4487865121832,1.0,head
hd_p34_cp107,1989.7386730208743,1.0,head
hd_p34_cp108,2292.42619152984,1.0,head
hd_p34_cp109,1990.014421393424,1.0,head
hd_p34_cp110,2292.421672386108,1.0,head
hd_p34_cp111,1990.274558922916,1.0,head
hd_p34_cp112,2292.4351457496086,1.0,head
hd_p34_cp113,1990.4970558352284,1.0,head
hd_p34_cp114,2292.4643748981434,1.0,head
hd_p34_cp115,1990.6737231293723,1.0,head
hd_p34_cp116,2292.5047260600595,1.0,head
hd_p34_cp117,1990.8057561625944,1.0,head
hd_p34_cp118,2292.5491461274373,1.0,head
hd_p34_cp119,1990.899396780113,1.0,head
hd_p34_cp120,2292.5886681783204,1.0,head
hd_p34_cp121,1990.9627025797768,1.0,head
hd_p34_cp122,2292.6134040032766,1.0,head
hd_p34_cp123,1991.0035353797339,1.0,head
hd_p34_cp124,2292.6137508559996,1.0,head
hd_p34_cp125,1991.0285389897674,1.0,head
hd_p34_cp126,2292.581649068568,1.0,head
hd_p34_cp127,1991.04279963494,1.0,head
hd_p34_cp128,2292.511971726058,1.0,head
hd_p34_cp129,1991.049913509353,1.0,head
hd_p34_cp130,2292.4042132620934,1.0,head
hd_p34_cp131,1991.0522534115587,1.0,head
hd_p34_cp132,2292.264463151652,1.0,head
hd_p34_cp133,1991.051297445871,1.0,head
hd_p34_cp134,2292.1072449574563,1.0,head
hd_p34_cp135,1991.0479404275918,1.0,head
hd_p34_cp136,2291.9561170712236,1.0,head
hd_p34_cp137,1991.042745686196,1.0,head
hd_p34_cp138,2291.840902733848,1.0,head
hd_p34_cp139,1991.0361121935368,1.0,head
hd_p34_cp140,2291.7891881110922,1.0,head
hd_p34_cp141,1991.0283358823992,1.0,head
hd_p34_cp142,2291.8135912172434,1.0,head
hd_p34_cp143,1991.0195439186848,1.0,head
hd_p34_cp144,2291.9040489752792,1.0,head
hd_p34_cp145,1991.0094852286984,1.0,head
hd_p34_cp146,2292.033600074682,1.0,head
hd_p34_cp147,1990.9971746428957,1.0,head
hd_p34_cp148,2292.1696609675028,1.0,head
hd_p34_cp149,1990.9804103745073,1.0,head
hd_p34_cp150,2292.2816660165377,1.0,head
hd_p34_cp151,1990.955208403806,1.0,head
hd_p34_cp152,2292.3433782068655,1.0,head
hd_p34_cp153,1990.9152160993729,1.0,head
hd_p34_cp154,2292.33205652745,1.0,head
hd_p34_cp155,1990.851185462949,1.0,head
hd_p34_cp156,2292.2267505143946,1.0,head
hd_p34_cp157,1990.7506258974356,1.0,head
hd_p34_cp158,2292.0073871590475,1.0,head
hd_p34_cp159,1990.5978443685876,1.0,head
hd_p34_cp160,2291.655968175034,1.0,head
hd_p34_cp161,1990.3747159937361,1.0,head
hd_p34_cp162,2291.1608768691817,1.0,head
hd_p34_cp163,1990.0626545135383,1.0,head
hd_p34_cp164,2290.524792047582,1.0,head
hd_p34_cp165,1989.6462546653092,1.0,head
hd_p34_cp166,2289.7758294691425,1.0,head
hd_p34_cp167,1989.1188099543872,1.0,head
hd_p34_cp168,2288.9797416536476,1.0,head
hd_p34_cp169,1988.4892566222868,1.0,head
hd_p34_cp170,2288.2472953762604,1.0,head
hd_p34_cp171,1987.7890632915392,1.0,head
hd_p34_cp172,2287.7247408844223,1.0,head
hd_p34_cp173,1987.0763502164848,1.0,head
hd_p34_cp174,2287.551165957825,1.0,head
hd_p34_cp175,1986.4334449897597,1.0,head
hd_p34_cp176,2287.7841106935116,1.0,head
hd_p34_cp177,1985.953934437524,1.0,head
hd_p34_cp178,2288.3528733256608,1.0,head
hd_p34_cp179,1985.7181174418881,1.0,head
hd_p34_cp180,2289.1129792748757,1.0,head
hd_p34_cp181,1985.7653790123873,1.0,head
hd_p34_cp182,2289.92087868841,1.0,head
hd_p34_cp183,1986.0852224123694,1.0,head
hd_p34_cp184,2290.6729447290572,1.0,head
hd_p34_cp185,1986.6347977703501,1.0,head
hd_p34_cp186,2291.3118154677136,1.0,head
hd_p34_cp187,1987.3444525567347,1.0,head
hd_p34_cp188,2291.8175430300453,1.0,head
hd_p34_cp189,1988.1138744718282,1.0,head
hd_p34_cp190,2292.194995172324,1.0,head
hd_p34_cp191,1988.8450317985505,1.0,head
hd_p34_cp192,2292.462509203416,1.0,head
hd_p34_cp193,1989.4727438062932,1.0,head
hd_p34_cp194,2292.643412041102,1.0,head
hd_p34_cp195,1989.9706941504503,1.0,head
hd_p34_cp196,2292.7605571890613,1.0,head
hd_p34_cp197,1990.3415142889207,1.0,head
hd_p34_cp198,2292.8334245262736,1.0,head
hd_p34_cp199,1990.603544579474,1.0,head
hd_p34_cp200,2292.8770969345933,1.0,head
hd_p34_cp201,1990.780497829784,1.0,head
hd_p34_cp202,2292.9024056919056,1.0,head
hd_p34_cp203,1990.895251321004,1.0,head
hd_p34_cp204,2292.9166517204267,1.0,head
hd_p34_cp205,1990.966948004523,1.0,head
hd_p34_cp206,2292.924490109892,1.0,head
hd_p34_cp207,1991.0102063831378,1.0,head
hd_p34_cp208,2292.9287436899035,1.0,head
hd_p34_cp209,1991.0354545227117,1.0,head
hd_p34_cp210,2292.9310475669677,1.0,head
hd_p34_cp211,1991.0497288756205,1.0,head
hd_p35_cp0,2292.9173221834662,1.0,head
hd_p35_cp1,2292.9318965684038,1.0,head
hd_p35_cp2,2285.5438167650696,1.0,head
hd_p35_cp3,2285.567835001513,1.0,head
hd_p35_cp4,2278.1648338874634,1.0,head
hd_p35_cp5,2278.202673817762,1.0,head
hd_p35_cp6,2270.778703260895,1.0,head
hd_p35_cp7,2270.8355205299495,1.0,head
hd_p35_cp8,2263.3839084139227,1.0,head
hd_p35_cp9,2263.4648315623235,1.0,head
hd_p35_cp10,2255.9795486376356,1.0,head
hd_p35_cp11,2256.088071347133,1.0,head
hd_p35_cp12,2248.565928224179,1.0,head
hd_p35_cp13,2248.7013128315743,1.0,head
hd_p35_cp14,2241.145145587433,1.0,head
hd_p35_cp15,2241.298877161284,1.0,head
hd_p35_cp16,2233.7214602523986,1.0,head
hd_p35_cp17,2233.8732022998206,1.0,head
hd_p35_cp18,2226.301161403439,1.0,head
hd_p35_cp19,2226.415217098668,1.0,head
hd_p35_cp20,2218.891713400396,1.0,head
hd_p35_cp21,2218.915520297272,1.0,head
hd_p35_cp22,2211.5001646154446,1.0,head
hd_p35_cp23,2211.3665756282644,1.0,head
hd_p35_cp24,2204.1311630713485,1.0,head
hd_p35_cp25,2203.7659776587752,1.0,head
hd_p35_cp26,2196.785286904269,1.0,head
hd_p35_cp27,2196.1207484110537,1.0,head
hd_p35_cp28,2189.4584829183364,1.0,head
hd_p35_cp29,2188.452448496981,1.0,head
hd_p35_cp30,2182.142921618721,1.0,head
hd_p35_cp31,2180.801544520831,1.0,head
hd_p35_cp32,2174.828718729259,1.0,head
hd_p35_cp33,2173.22556850412,1.0,head
hd_p35_cp34,2167.5056374111887,1.0,head
hd_p35_cp35,2165.7821494410705,1.0,head
hd_p35_cp36,2160.164183588012,1.0,head
hd_p35_cp37,2158.4971620138863,1.0,head
hd_p35_cp38,2152.7960297506875,1.0,head
hd_p35_cp39,2151.3444477548346,1.0,head
hd_p35_cp40,2145.3941075066655,1.0,head
hd_p35_cp41,2144.266150035098,1.0,head
hd_p35_cp42,2137.952863819221,1.0,head
hd_p35_cp43,2137.2046203832892,1.0,head
hd_p35_cp44,2130.4690831852095,1.0,head
hd_p35_cp45,2130.1194344322785,1.0,head
hd_p35_cp46,2122.943385266386,1.0,head
hd_p35_cp47,2122.9892586134406,1.0,head
hd_p35_cp48,2115.3820780034293,1.0,head
hd_p35_cp49,2115.8074696109306,1.0,head
hd_p35_cp50,2107.798594901576,1.0,head
hd_p35_cp51,2108.5769782141692,1.0,head
hd_p35_cp52,2100.2134797250164,1.0,head
hd_p35_cp53,2101.3058204005815,1.0,head
hd_p35_cp54,2092.6520603740564,1.0,head
hd_p35_cp55,2094.0037610181726,1.0,head
hd_p35_cp56,2085.139719227297,1.0,head
hd_p35_cp57,2086.6799979534017,1.0,head
hd_p35_cp58,2077.695859751993,1.0,head
hd_p35_cp59,2079.341957282102,1.0,head
hd_p35_cp60,2070.328782242659,1.0,head
hd_p35_cp61,2071.9949829033008,1.0,head
hd_p35_cp62,2063.0339521997807,1.0,head
hd_p35_cp63,2064.642592886872,1.0,head
hd_p35_cp64,2055.796757868361,1.0,head
hd_p35_cp65,2057.286970755224,1.0,head
hd_p35_cp66,2048.5979922728575,1.0,head
hd_p35_cp67,2049.9294503069923,1.0,head
hd_p35_cp68,2041.4191335023218,1.0,head
hd_p35_cp69,2042.570871720815,1.0,head
hd_p35_cp70,2034.2452937084176,1.0,head
hd_p35_cp71,2035.2117859930597,1.0,head
hd_p35_cp72,2027.0655576417178,1.0,head
hd_p35_cp73,2027.8525442360806,1.0,head
hd_p35_cp74,2019.8720408909765,1.0,head
hd_p35_cp75,2020.4933285875754,1.0,head
hd_p35_cp76,2012.659172712398,1.0,head
hd_p35_cp77,2013.1341730319393,1.0,head
hd_p35_cp78,2005.4235880832853,1.0,head
hd_p35_cp79,2005.774999209798,1.0,head
hd_p35_cp80,1998.1641875141358,1.0,head
hd_p35_cp81,1998.4156682909406,1.0,head
hd_p35_cp82,1990.8819402696463,1.0,head
hd_p35_cp83,1991.0560357838674,1.0,head
hd_p35_cp84,2292.9069149847815,1.0,head
hd_p35_cp85,1990.7809820818331,1.0,head
hd_p35_cp86,2292.891454746533,1.0,head
hd_p35_cp87,1990.6402342053257,1.0,head
hd_p35_cp88,2292.869394234097,1.0,head
hd_p35_cp89,1990.453811449472,1.0,head
hd_p35_cp90,2292.8392283513917,1.0,head
hd_p35_cp91,1990.221291189974,1.0,head
hd_p35_cp92,2292.7998132116645,1.0,head
hd_p35_cp93,1989.9520436171738,1.0,head
hd_p35_cp94,2292.7507792455704,1.0,head
hd_p35_cp95,1989.669434781586,1.0,head
hd_p35_cp96,2292.692961684822,1.0,head
hd_p35_cp97,1989.412161872788,1.0,head
hd_p35_cp98,2292.628716798271,1.0,head
hd_p35_cp99,1989.2285859712388,1.0,head
hd_p35_cp100,2292.561966959797,1.0,head
hd_p35_cp101,1989.1615262068697,1.0,head
hd_p35_cp102,2292.497859291659,1.0,head
hd_p35_cp103,1989.2285846464595,1.0,head
hd_p35_cp104,2292.442044998414,1.0,head
hd_p35_cp105,1989.4121583663134,1.0,head
hd_p35_cp106,2292.3997484522574,1.0,head
hd_p35_cp107,1989.6694269222037,1.0,head
hd_p35_cp108,2292.3749031426055,1.0,head
hd_p35_cp109,1989.9520268317813,1.0,head
hd_p35_cp110,2292.369586766238,1.0,head
hd_p35_cp111,1990.2212564108488,1.0,head
hd_p35_cp112,2292.383752703651,1.0,head
hd_p35_cp113,1990.453741390714,1.0,head
hd_p35_cp114,2292.4150031107224,1.0,head
hd_p35_cp115,1990.6400970879515,1.0,head
hd_p35_cp116,2292.458338790923,1.0,head
hd_p35_cp117,1990.7807215986281,1.0,head
hd_p35_cp118,2292.506174677234,1.0,head
hd_p35_cp119,1990.8814604204547,1.0,head
hd_p35_cp120,2292.5489212021203,1.0,head
hd_p35_cp121,1990.9502821090452,1.0,head
hd_p35_cp122,2292.5760832055553,1.0,head
hd_p35_cp123,1990.9951576484693,1.0,head
hd_p35_cp124,2292.577587601899,1.0,head
hd_p35_cp125,1991.0229439821246,1.0,head
hd_p35_cp126,2292.545142789635,1.0,head
hd_p35_cp127,1991.0389737167081,1.0,head
hd_p35_cp128,2292.473674614181,1.0,head
hd_p35_cp129,1991.047076600351,1.0,head
hd_p35_cp130,2292.3629988545126,1.0,head
hd_p35_cp131,1991.0498222328217,1.0,head
hd_p35_cp132,2292.2197482933516,1.0,head
hd_p35_cp133,1991.048841788691,1.0,head
hd_p35_cp134,2292.05913942655,1.0,head
hd_p35_cp135,1991.045142620519,1.0,head
hd_p35_cp136,2291.90535821473,1.0,head
hd_p35_cp137,1991.0393666010077,1.0,head
hd_p35_cp138,2291.7883638135213,1.0,head
hd_p35_cp139,1991.0319614364541,1.0,head
hd_p35_cp140,2291.735264800459,1.0,head
hd_p35_cp141,1991.023239885275,1.0,head
hd_p35_cp142,2291.758431934082,1.0,head
hd_p35_cp143,1991.013303647443,1.0,head
hd_p35_cp144,2291.8481563942787,1.0,head
hd_p35_cp145,1991.0018151646912,1.0,head
hd_p35_cp146,2291.9779660199733,1.0,head
hd_p35_cp147,1990.9876166767353,1.0,head
hd_p35_cp148,2292.1149899121606,1.0,head
hd_p35_cp149,1990.9682206493187,1.0,head
hd_p35_cp150,2292.227700384154,1.0,head
hd_p35_cp151,1990.9392224728108,1.0,head
hd_p35_cp152,2292.2886837790093,1.0,head
hd_p35_cp153,1990.8937083731898,1.0,head
hd_p35_cp154,2292.2741025964806,1.0,head
hd_p35_cp155,1990.8217525601274,1.0,head
hd_p35_cp156,2292.162167313644,1.0,head
hd_p35_cp157,1990.7101381934651,1.0,head
hd_p35_cp158,2291.9323709485375,1.0,head
hd_p35_cp159,1990.5425197728462,1.0,head
hd_p35_cp160,2291.5667736863525,1.0,head
hd_p35_cp161,1990.3003631164895,1.0,head
hd_p35_cp162,2291.054303701787,1.0,head
hd_p35_cp163,1989.9650948043534,1.0,head
hd_p35_cp164,2290.3986282965875,1.0,head
hd_p35_cp165,1989.5218617439475,1.0,head
hd_p35_cp166,2289.6293591560197,1.0,head
hd_p35_cp167,1988.9650295601837,1.0,head
hd_p35_cp168,2288.814505157044,1.0,head
hd_p35_cp169,1988.3049671866609,1.0,head
hd_p35_cp170,2288.0678856096656,1.0,head
hd_p35_cp171,1987.574780872755,1.0,head
hd_p35_cp172,2287.538253477407,1.0,head
hd_p35_cp173,1986.8345173021323,1.0,head
hd_p35_cp174,2287.364069668786,1.0,head
hd_p35_cp175,1986.1690538280807,1.0,head
hd_p35_cp176,2287.6004799756215,1.0,head
hd_p35_cp177,1985.6751858422479,1.0,head
hd_p35_cp178,2288.178837075658,1.0,head
hd_p35_cp179,1985.4362301373228,1.0,head
hd_p35_cp180,2288.9551352823296,1.0,head
hd_p35_cp181,1985.4932252813621,1.0,head
hd_p35_cp182,2289.7834298815865,1.0,head
hd_p35_cp183,1985.8347316767856,1.0,head
hd_p35_cp184,2290.557393462082,1.0,head
hd_p35_cp185,1986.412402969196,1.0,head
hd_p35_cp186,2291.217841870734,1.0,head
hd_p35_cp187,1987.1500925062996,1.0,head
hd_p35_cp188,2291.7436888749335,1.0,head
hd_p35_cp189,1987.9473347545331,1.0,head
hd_p35_cp190,2292.1390201807594,1.0,head
hd_p35_cp191,1988.7070478435062,1.0,head
hd_p35_cp192,2292.4216587314295,1.0,head
hd_p35_cp193,1989.3630233695524,1.0,head
hd_p35_cp194,2292.6147146347625,1.0,head
hd_p35_cp195,1989.8870080470945,1.0,head
hd_p35_cp196,2292.7411297818853,1.0,head
hd_p35_cp197,1990.280150024885,1.0,head
hd_p35_cp198,2292.8207174731433,1.0,head
hd_p35_cp199,1990.5601754817844,1.0,head
hd_p35_cp200,2292.869033445744,1.0,head
hd_p35_cp201,1990.7508971441487,1.0,head
hd_p35_cp202,2292.8974131516334,1.0,head
hd_p35_cp203,1990.8757140719501,1.0,head
hd_p35_cp204,2292.913613691101,1.0,head
hd_p35_cp205,1990.9544665780327,1.0,head
hd_p35_cp206,2292.9226576334113,1.0,head
hd_p35_cp207,1991.0024831227533,1.0,head
hd_p35_cp208,2292.9276382300777,1.0,head
hd_p35_cp209,1991.0308230815147,1.0,head
hd_p35_cp210,2292.930375373627,1.0,head
hd_p35_cp211,1991.0470359840592,1.0,head
hd_p36_cp0,2292.9144727963194,1.0,head
hd_p36_cp1,2292.931409054358,1.0,head
hd_p36_cp2,2285.5394826051515,1.0,head
hd_p36_cp3,2285.5670771837586,1.0,head
hd_p36_cp4,2278.158470765571,1.0,head
hd_p36_cp5,2278.2014762282383,1.0,head
hd_p36_cp6,2270.769697727627,1.0,head
hd_p36_cp7,2270.8336117560607,1.0,head
hd_p36_cp8,2263.3716329675817,1.0,head
hd_p36_cp9,2263.4617933545287,1.0,head
hd_p36_cp10,2255.9634442314823,1.0,head
hd_p36_cp11,2256.0832942385578,1.0,head
hd_p36_cp12,2248.5456044968646,1.0,head
hd_p36_cp13,2248.693969209457,1.0,head
hd_p36_cp14,2241.1204797928654,1.0,head
hd_p36_cp15,2241.2879342031583,1.0,head
hd_p36_cp16,2233.692670140993,1.0,head
hd_p36_cp17,2233.85749028475,1.0,head
hd_p36_cp18,2226.2688295193116,1.0,head
hd_p36_cp19,2226.3935410703702,1.0,head
hd_p36_cp20,2218.8567507820976,1.0,head
hd_p36_cp21,2218.8867644537827,1.0,head
hd_p36_cp22,2211.4637155348,1.0,head
hd_p36_cp23,2211.3297475205372,1.0,head
hd_p36_cp24,2204.0944635163296,1.0,head
hd_p36_cp25,2203.720240565415,1.0,head
hd_p36_cp26,2196.749497316907,1.0,head
hd_p36_cp27,2196.0656647261235,1.0,head
hd_p36_cp28,2189.4245178227343,1.0,head
hd_p36_cp29,2188.3886121219316,1.0,head
hd_p36_cp30,2182.111294724331,1.0,head
hd_p36_cp31,2180.731144695001,1.0,head
hd_p36_cp32,2174.7994254901364,1.0,head
hd_p36_cp33,2173.1517453824254,1.0,head
hd_p36_cp34,2167.4780957752873,1.0,head
hd_p36_cp35,2165.7072725870335,1.0,head
hd_p36_cp36,2160.137249847981,1.0,head
hd_p36_cp37,2158.422853913916,1.0,head
hd_p36_cp38,2152.7681014850746,1.0,head
hd_p36_cp39,2151.273058312366,1.0,head
hd_p36_cp40,2145.363315763321,1.0,head
hd_p36_cp41,2144.200785803992,1.0,head
hd_p36_cp42,2137.9173402313218,1.0,head
hd_p36_cp43,2137.1474332685584,1.0,head
hd_p36_cp44,2130.427263509896,1.0,head
hd_p36_cp45,2130.0709896969965,1.0,head
hd_p36_cp46,2122.8942813747362,1.0,head
hd_p36_cp47,2122.9491104989033,1.0,head
hd_p36_cp48,2115.3254305258884,1.0,head
hd_p36_cp49,2115.7748021098837,1.0,head
hd_p36_cp50,2107.734835815737,1.0,head
hd_p36_cp51,2108.5508515137144,1.0,head
hd_p36_cp52,2100.1435067279112,1.0,head
hd_p36_cp53,2101.285200460585,1.0,head
hd_p36_cp54,2092.5769292759023,1.0,head
hd_p36_cp55,2093.9875561025365,1.0,head
hd_p36_cp56,2085.060423537005,1.0,head
hd_p36_cp57,2086.66715265003,1.0,head
hd_p36_cp58,2077.613318273633,1.0,head
hd_p36_cp59,2079.3315538091933,1.0,head
hd_p36_cp60,2070.2440131319886,1.0,head
hd_p36_cp61,2071.986301495119,1.0,head
hd_p36_cp62,2062.94830028158,1.0,head
hd_p36_cp63,2064.6351205859582,1.0,head
hd_p36_cp64,2055.7120415648446,1.0,head
hd_p36_cp65,2057.280374078723,1.0,head
hd_p36_cp66,2048.5164273952005,1.0,head
hd_p36_cp67,2049.923532976124,1.0,head
hd_p36_cp68,2041.343012807328,1.0,head
hd_p36_cp69,2042.5655325668106,1.0,head
hd_p36_cp70,2034.176572538471,1.0,head
hd_p36_cp71,2035.2069838253155,1.0,head
hd_p36_cp72,2027.0055535615695,1.0,head
hd_p36_cp73,2027.848270762117,1.0,head
hd_p36_cp74,2019.8213417056572,1.0,head
hd_p36_cp75,2020.4895882042,1.0,head
hd_p36_cp76,2012.6176969786002,1.0,head
hd_p36_cp77,2013.1309682605236,1.0,head
hd_p36_cp78,2005.3907192995875,1.0,head
hd_p36_cp79,2005.7723212077242,1.0,head
hd_p36_cp80,1998.1389408657865,1.0,head
hd_p36_cp81,1998.4134922655333,1.0,head
hd_p36_cp82,1990.8631352410584,1.0,head
hd_p36_cp83,1991.0543210039737,1.0,head
hd_p36_cp84,2292.902602236093,1.0,head
hd_p36_cp85,1990.7549431563962,1.0,head
hd_p36_cp86,2292.885129412173,1.0,head
hd_p36_cp87,1990.6056146539572,1.0,head
hd_p36_cp88,2292.860407698758,1.0,head
hd_p36_cp89,1990.4097514884158,1.0,head
hd_p36_cp90,2292.8268643689594,1.0,head
hd_p36_cp91,1990.167835615772,1.0,head
hd_p36_cp92,2292.78334271026,1.0,head
hd_p36_cp93,1989.8905010714454,1.0,head
hd_p36_cp94,2292.729534716576,1.0,head
hd_p36_cp95,1989.6023730370673,1.0,head
hd_p36_cp96,2292.6664209942505,1.0,head
hd_p36_cp97,1989.3426629167993,1.0,head
hd_p36_cp98,2292.596582105023,1.0,head
hd_p36_cp99,1989.158827689019,1.0,head
hd_p36_cp100,2292.5242264967687,1.0,head
hd_p36_cp101,1989.0919055620043,1.0,head
hd_p36_cp102,2292.4548273604814,1.0,head
hd_p36_cp103,1989.1588258536813,1.0,head
hd_p36_cp104,2292.3943809563343,1.0,head
hd_p36_cp105,1989.3426581129124,1.0,head
hd_p36_cp106,2292.3484505093247,1.0,head
hd_p36_cp107,1989.602362424341,1.0,head
hd_p36_cp108,2292.3212616254614,1.0,head
hd_p36_cp109,1989.8904787526374,1.0,head
hd_p36_cp110,2292.3150806022636,1.0,head
hd_p36_cp111,1990.1677900776265,1.0,head
hd_p36_cp112,2292.3298893131027,1.0,head
hd_p36_cp113,1990.4096611237053,1.0,head
hd_p36_cp114,2292.3631221433357,1.0,head
hd_p36_cp115,1990.6054403448,1.0,head
hd_p36_cp116,2292.4094160218565,1.0,head
hd_p36_cp117,1990.7546166188279,1.0,head
hd_p36_cp118,2292.46066503944,1.0,head
hd_p36_cp119,1990.8625417194476,1.0,head
hd_p36_cp120,2292.5066736643894,1.0,head
hd_p36_cp121,1990.9370254924088,1.0,head
hd_p36_cp122,2292.536354561371,1.0,head
hd_p36_cp123,1990.986102656055,1.0,head
hd_p36_cp124,2292.5391694257937,1.0,head
hd_p36_cp125,1991.0168157886246,1.0,head
hd_p36_cp126,2292.5065880027,1.0,head
hd_p36_cp127,1991.0347292943675,1.0,head
hd_p36_cp128,2292.433581257382,1.0,head
hd_p36_cp129,1991.0439010838502,1.0,head
hd_p36_cp130,2292.320300590786,1.0,head
hd_p36_cp131,1991.0470982365273,1.0,head
hd_p36_cp132,2292.173961941151,1.0,head
hd_p36_cp133,1991.0461089399746,1.0,head
hd_p36_cp134,2292.010469944999,1.0,head
hd_p36_cp135,1991.0420578728026,1.0,head
hd_p36_cp136,2291.8544740360903,1.0,head
hd_p36_cp137,1991.0356691826573,1.0,head
hd_p36_cp138,2291.735826299559,1.0,head
hd_p36_cp139,1991.027440637936,1.0,head
hd_p36_cp140,2291.6812344602704,1.0,head
hd_p36_cp141,1991.0176999182202,1.0,head
hd_p36_cp142,2291.703149679395,1.0,head
hd_p36_cp143,1991.0065177599784,1.0,head
hd_p36_cp144,2291.7918917285388,1.0,head
hd_p36_cp145,1990.9934611515498,1.0,head
hd_p36_cp146,2291.921406787794,1.0,head
hd_p36_cp147,1990.9771880851192,1.0,head
hd_p36_cp148,2292.058792153199,1.0,head
hd_p36_cp149,1990.9549127649725,1.0,head
hd_p36_cp150,2292.1717417960135,1.0,head
hd_p36_cp151,1990.9217999854534,1.0,head
hd_p36_cp152,2292.2316938200797,1.0,head
hd_p36_cp153,1990.870372508149,1.0,head
hd_p36_cp154,2292.2136944561944,1.0,head
hd_p36_cp155,1990.7900386135775,1.0,head
hd_p36_cp156,2292.095106250567,1.0,head
hd_p36_cp157,1990.666887012417,1.0,head
hd_p36_cp158,2291.8549776793197,1.0,head
hd_p36_cp159,1990.48397213558,1.0,head
hd_p36_cp160,2291.4753989813626,1.0,head
hd_p36_cp161,1990.2224134060148,1.0,head
hd_p36_cp162,2290.9458308327703,1.0,head
hd_p36_cp163,1989.8636999131666,1.0,head
hd_p36_cp164,2290.2710404807012,1.0,head
hd_p36_cp165,1989.3935376204465,1.0,head
hd_p36_cp166,2289.4825110320626,1.0,head
hd_p36_cp167,1988.8073183075164,1.0,head
hd_p36_cp168,2288.651089155311,1.0,head
hd_p36_cp169,1988.1167889406122,1.0,head
hd_p36_cp170,2287.893786600371,1.0,head
hd_p36_cp171,1987.3567325913662,1.0,head
hd_p36_cp172,2287.360591089105,1.0,head
hd_p36_cp173,1986.5893298450528,1.0,head
hd_p36_cp174,2287.187201577862,1.0,head
hd_p36_cp175,1985.902275127494,1.0,head
hd_p36_cp176,2287.4257730592794,1.0,head
hd_p36_cp177,1985.3956260365435,1.0,head
hd_p36_cp178,2288.010328204665,1.0,head
hd_p36_cp179,1985.155451613035,1.0,head
hd_p36_cp180,2288.799484522686,1.0,head
hd_p36_cp181,1985.2239356676903,1.0,head
hd_p36_cp182,2289.6461650534216,1.0,head
hd_p36_cp183,1985.588014836955,1.0,head
hd_p36_cp184,2290.441165686681,1.0,head
hd_p36_cp185,1986.1936028481382,1.0,head
hd_p36_cp186,2291.1228745578833,1.0,head
hd_p36_cp187,1986.9587998451584,1.0,head
hd_p36_cp188,2291.6686918966325,1.0,head
hd_p36_cp189,1987.782459712979,1.0,head
hd_p36_cp190,2292.0818144883006,1.0,head
hd_p36_cp191,1988.5689768564855,1.0,head
hd_p36_cp192,2292.3795585113967,1.0,head
hd_p36_cp193,1989.2518784800804,1.0,head
hd_p36_cp194,2292.584832755369,1.0,head
hd_p36_cp195,1989.8012321714407,1.0,head
hd_p36_cp196,2292.720657200713,1.0,head
hd_p36_cp197,1990.2165732031222,1.0,head
hd_p36_cp198,2292.8071480784497,1.0,head
hd_p36_cp199,1990.5147897536442,1.0,head
hd_p36_cp200,2292.860299495177,1.0,head
hd_p36_cp201,1990.7196162643468,1.0,head
hd_p36_cp202,2292.8919247641065,1.0,head
hd_p36_cp203,1990.8548631107685,1.0,head
hd_p36_cp204,2292.9102232893424,1.0,head
hd_p36_cp205,1990.9410090148092,1.0,head
hd_p36_cp206,2292.920582021878,1.0,head
hd_p36_cp207,1990.9940661855778,1.0,head
hd_p36_cp208,2292.9263682334276,1.0,head
hd_p36_cp209,1991.025718537933,1.0,head
hd_p36_cp210,2292.9295929933123,1.0,head
hd_p36_cp211,1991.0440327570768,1.0,head
hd_p37_cp0,2292.911303436062,1.0,head
hd_p37_cp1,2292.930839811783,1.0,head
hd_p37_cp2,2285.534715219199,1.0,head
hd_p37_cp3,2285.566202956932,1.0,head
hd_p37_cp4,2278.151544190452,1.0,head
hd_p37_cp5,2278.2001135387513,1.0,head
hd_p37_cp6,2270.7599895528797,1.0,head
hd_p37_cp7,2270.83147306517,1.0,head
hd_p37_cp8,2263.3585180560613,1.0,head
hd_p37_cp9,2263.4584453089915,1.0,head
hd_p37_cp10,2255.9463785854837,1.0,head
hd_p37_cp11,2256.078119186176,1.0,head
hd_p37_cp12,2248.524223673447,1.0,head
hd_p37_cp13,2248.6861454709433,1.0,head
hd_p37_cp14,2241.0946927176556,1.0,head
hd_p37_cp15,2241.276452588072,1.0,head
hd_p37_cp16,2233.662725108056,1.0,head
hd_p37_cp17,2233.8412147450485,1.0,head
hd_p37_cp18,2226.235332347176,1.0,head
hd_p37_cp19,2226.3712985805914,1.0,head
hd_p37_cp20,2218.820624674122,1.0,head
hd_p37_cp21,2218.8574308874304,1.0,head
hd_p37_cp22,2211.426104228124,1.0,head
hd_p37_cp23,2211.29232433957,1.0,head
hd_p37_cp24,2204.056590878907,1.0,head
hd_p37_cp25,2203.6740147974215,1.0,head
hd_p37_cp26,2196.7125046652873,1.0,head
hd_p37_cp27,2196.0106073565044,1.0,head
hd_p37_cp28,2189.3892992035194,1.0,head
hd_p37_cp29,2188.3259285412337,1.0,head
hd_p37_cp30,2182.078347411733,1.0,head
hd_p37_cp31,2180.663308540687,1.0,head
hd_p37_cp32,2174.768736253369,1.0,head
hd_p37_cp33,2173.0813810801606,1.0,head
hd_p37_cp34,2167.4490859049974,1.0,head
hd_p37_cp35,2165.636003534933,1.0,head
hd_p37_cp36,2160.1087973704266,1.0,head
hd_p37_cp37,2158.351961960322,1.0,head
hd_p37_cp38,2152.738651690314,1.0,head
hd_p37_cp39,2151.2041481084025,1.0,head
hd_p37_cp40,2145.3310798236134,1.0,head
hd_p37_cp41,2144.136449860511,1.0,head
hd_p37_cp42,2137.880563042957,1.0,head
hd_p37_cp43,2137.0901100464093,1.0,head
hd_p37_cp44,2130.3845159299212,1.0,head
hd_p37_cp45,2130.021858121019,1.0,head
hd_p37_cp46,2122.8447050567215,1.0,head
hd_p37_cp47,2122.9081350702886,1.0,head
hd_p37_cp48,2115.268852454168,1.0,head
hd_p37_cp49,2115.74129133425,1.0,head
hd_p37_cp50,2107.6716977409596,1.0,head
hd_p37_cp51,2108.523859263456,1.0,head
hd_p37_cp52,2100.0746311474177,1.0,head
hd_p37_cp53,2101.263683493765,1.0,head
hd_p37_cp54,2092.5032373628146,1.0,head
hd_p37_cp55,2093.9704438056474,1.0,head
hd_p37_cp56,2084.9827614448536,1.0,head
hd_p37_cp57,2086.653423480554,1.0,head
hd_p37_cp58,2077.5324805296564,1.0,head
hd_p37_cp59,2079.320315736531,1.0,head
hd_p37_cp60,2070.160915332273,1.0,head
hd_p37_cp61,2071.976845386987,1.0,head
hd_p37_cp62,2062.8641833542424,1.0,head
hd_p37_cp63,2064.626932786623,1.0,head
hd_p37_cp64,2055.628605586166,1.0,head
hd_p37_cp65,2057.2731159385908,1.0,head
hd_p37_cp66,2048.435772221635,1.0,head
hd_p37_cp67,2049.9170036559326,1.0,head
hd_p37_cp68,2041.2673491717774,1.0,head
hd_p37_cp69,2042.5596289960192,1.0,head
hd_p37_cp70,2034.1078341482262,1.0,head
hd_p37_cp71,2035.2016653786127,1.0,head
hd_p37_cp72,2026.94510405488,1.0,head
hd_p37_cp73,2027.8435309900485,1.0,head
hd_p37_cp74,2019.7698654683616,1.0,head
hd_p37_cp75,2020.4854333651674,1.0,head
hd_p37_cp76,2012.5752375841528,1.0,head
hd_p37_cp77,2013.1274018627655,1.0,head
hd_p37_cp78,2005.3567886821988,1.0,head
hd_p37_cp79,2005.7693340700664,1.0,head
hd_p37_cp80,1998.1126624293204,1.0,head
hd_p37_cp81,1998.4110578436976,1.0,head
hd_p37_cp82,1990.8434027063165,1.0,head
hd_p37_cp83,1991.0523955810606,1.0,head
hd_p37_cp84,2292.8978510464076,1.0,head
hd_p37_cp85,1990.727929546864,1.0,head
hd_p37_cp86,2292.878223299814,1.0,head
hd_p37_cp87,1990.5701314832947,1.0,head
hd_p37_cp88,2292.8506775799246,1.0,head
hd_p37_cp89,1990.3651958126793,1.0,head
hd_p37_cp90,2292.8135798086646,1.0,head
hd_p37_cp91,1990.1145971235235,1.0,head
hd_p37_cp92,2292.7657684723617,1.0,head
hd_p37_cp93,1989.83022487118,1.0,head
hd_p37_cp94,2292.7070047255074,1.0,head
hd_p37_cp95,1989.5377302485736,1.0,head
hd_p37_cp96,2292.638419478054,1.0,head
hd_p37_cp97,1989.2763571154203,1.0,head
hd_p37_cp98,2292.562819255191,1.0,head
hd_p37_cp99,1989.092304588575,1.0,head
hd_p37_cp100,2292.4846991720647,1.0,head
hd_p37_cp101,1989.02528149874,1.0,head
hd_p37_cp102,2292.409861676457,1.0,head
hd_p37_cp103,1989.0923020836378,1.0,head
hd_p37_cp104,2292.344655415363,1.0,head
hd_p37_cp105,1989.276350628097,1.0,head
hd_p37_cp106,2292.2949905860673,1.0,head
hd_p37_cp107,1989.5377161135793,1.0,head
hd_p37_cp108,2292.265387155604,1.0,head
hd_p37_cp109,1989.8301955813622,1.0,head
hd_p37_cp110,2292.2582924500766,1.0,head
hd_p37_cp111,1990.114538238103,1.0,head
hd_p37_cp112,2292.273703691704,1.0,head
hd_p37_cp113,1990.3650806324608,1.0,head
hd_p37_cp114,2292.3088778901315,1.0,head
hd_p37_cp115,1990.5699123761872,1.0,head
hd_p37_cp116,2292.3580893541057,1.0,head
hd_p37_cp117,1990.7275245421374,1.0,head
hd_p37_cp118,2292.4127245722534,1.0,head
hd_p37_cp119,1990.8426759232689,1.0,head
hd_p37_cp120,2292.4620026492785,1.0,head
hd_p37_cp121,1990.9229398078162,1.0,head
hd_p37_cp122,2292.494263612513,1.0,head
hd_p37_cp123,1990.9763620214983,1.0,head
hd_p37_cp124,2292.4985149192703,1.0,head
hd_p37_cp125,1991.0101384295756,1.0,head
hd_p37_cp126,2292.465989808694,1.0,head
hd_p37_cp127,1991.0300475787255,1.0,head
hd_p37_cp128,2292.391707117827,1.0,head
hd_p37_cp129,1991.040368115325,1.0,head
hd_p37_cp130,2292.27616344964,1.0,head
hd_p37_cp131,1991.0440638283922,1.0,head
hd_p37_cp132,2292.1271435546864,1.0,head
hd_p37_cp133,1991.0430827939906,1.0,head
hd_p37_cp134,2291.9611233576056,1.0,head
hd_p37_cp135,1991.0386710242665,1.0,head
hd_p37_cp136,2291.802987918249,1.0,head
hd_p37_cp137,1991.031638122739,1.0,head
hd_p37_cp138,2291.682409964233,1.0,head
hd_p37_cp139,1991.022532901212,1.0,head
hd_p37_cp140,2291.6260834345185,1.0,head
hd_p37_cp141,1991.0116959214272,1.0,head
hd_p37_cp142,2291.646870294863,1.0,head
hd_p37_cp143,1990.9991615775132,1.0,head
hd_p37_cp144,2291.734791056597,1.0,head
hd_p37_cp145,1990.9843928909418,1.0,head
hd_p37_cp146,2291.8638295443625,1.0,head
hd_p37_cp147,1990.965852879367,1.0,head
hd_p37_cp148,2292.001135933229,1.0,head
hd_p37_cp149,1990.9404465442542,1.0,head
hd_p37_cp150,2292.113871625435,1.0,head
hd_p37_cp151,1990.902900378928,1.0,head
hd_p37_cp152,2292.1724629272603,1.0,head
hd_p37_cp153,1990.845174171597,1.0,head
hd_p37_cp154,2292.1508683843904,1.0,head
hd_p37_cp155,1990.756024662026,1.0,head
hd_p37_cp156,2292.0255947009578,1.0,head
hd_p37_cp157,1990.6208786057628,1.0,head
hd_p37_cp158,2291.7752332342193,1.0,head
hd_p37_cp159,1990.4222397360516,1.0,head
hd_p37_cp160,2291.3819065361763,1.0,head
hd_p37_cp161,1990.140936474135,1.0,head
hd_p37_cp162,2290.8356853757655,1.0,head
hd_p37_cp163,1989.758561434103,1.0,head
hd_p37_cp164,2290.1426963933486,1.0,head
hd_p37_cp165,1989.261387326433,1.0,head
hd_p37_cp166,2289.336770797573,1.0,head
hd_p37_cp167,1988.6458130554597,1.0,head
hd_p37_cp168,2288.4919730473935,1.0,head
hd_p37_cp169,1987.9249717322987,1.0,head
hd_p37_cp170,2287.728010539703,1.0,head
hd_p37_cp171,1987.1354386455846,1.0,head
hd_p37_cp172,2287.1943728128435,1.0,head
hd_p37_cp173,1986.341762404351,1.0,head
hd_p37_cp174,2287.0226330376977,1.0,head
hd_p37_cp175,1985.6346500472005,1.0,head
hd_p37_cp176,2287.26262196675,1.0,head
hd_p37_cp177,1985.1173181839683,1.0,head
hd_p37_cp178,2287.8503704557043,1.0,head
hd_p37_cp179,1984.878030442908,1.0,head
hd_p37_cp180,2288.64850606926,1.0,head
hd_p37_cp181,1984.9591847940471,1.0,head
hd_p37_cp182,2289.5105576795504,1.0,head
hd_p37_cp183,1985.3453663280932,1.0,head
hd_p37_cp184,2290.3249185083064,1.0,head
hd_p37_cp185,1985.9774719901077,1.0,head
hd_p37_cp186,2291.027141915115,1.0,head
hd_p37_cp187,1986.7699933566325,1.0,head
hd_p37_cp188,2291.592626257835,1.0,head
hd_p37_cp189,1987.619475459954,1.0,head
hd_p37_cp190,2292.023418187127,1.0,head
hd_p37_cp191,1988.431436193827,1.0,head
hd_p37_cp192,2292.336244592232,1.0,head
hd_p37_cp193,1989.1398934989859,1.0,head
hd_p37_cp194,2292.553796051074,1.0,head
hd_p37_cp195,1989.7137577133833,1.0,head
hd_p37_cp196,2292.699156434104,1.0,head
hd_p37_cp197,1990.1509950994687,1.0,head
hd_p37_cp198,2292.7927191753906,1.0,head
hd_p37_cp199,1990.4674802617208,1.0,head
hd_p37_cp200,2292.850886771791,1.0,head
hd_p37_cp201,1990.68668212878,1.0,head
hd_p37_cp202,2292.8859258763873,1.0,head
hd_p37_cp203,1990.8326926347697,1.0,head
hd_p37_cp204,2292.906463870153,1.0,head
hd_p37_cp205,1990.9265555062266,1.0,head
hd_p37_cp206,2292.918247536414,1.0,head
hd_p37_cp207,1990.9849318480444,1.0,head
hd_p37_cp208,2292.9249202901406,1.0,head
hd_p37_cp209,1991.0201184341956,1.0,head
hd_p37_cp210,2292.928689716943,1.0,head
hd_p37_cp211,1991.0407003410974,1.0,head
hd_p38_cp0,2292.9077987588407,1.0,head
hd_p38_cp1,2292.930180460928,1.0,head
hd_p38_cp2,2285.5294996965395,1.0,head
hd_p38_cp3,2285.5652023338293,1.0,head
hd_p38_cp4,2278.144042058823,1.0,head
hd_p38_cp5,2278.198574681481,1.0,head
hd_p38_cp6,2270.7495723236684,1.0,head
hd_p38_cp7,2270.829093742719,1.0,head
hd_p38_cp8,2263.3445657468123,1.0,head
hd_p38_cp9,2263.454779471485,1.0,head
hd_p38_cp10,2255.92836416388,1.0,head
hd_p38_cp11,2256.0725436607586,1.0,head
hd_p38_cp12,2248.501809064226,1.0,head
hd_p38_cp13,2248.6778454747437,1.0,head
hd_p38_cp14,2241.0678175289263,1.0,head
hd_p38_cp15,2241.2644392855036,1.0,head
hd_p38_cp16,2233.6316664002557,1.0,head
hd_p38_cp17,2233.8243786475273,1.0,head
hd_p38_cp18,2226.200717179339,1.0,head
hd_p38_cp19,2226.3484878313407,1.0,head
hd_p38_cp20,2218.7833859178986,1.0,head
hd_p38_cp21,2218.8275429286946,1.0,head
hd_p38_cp22,2211.387382002687,1.0,head
hd_p38_cp23,2211.2544386503937,1.0,head
hd_p38_cp24,2204.01759408074,1.0,head
hd_p38_cp25,2203.627652821219,1.0,head
hd_p38_cp26,2196.674353206812,1.0,head
hd_p38_cp27,2195.956152218844,1.0,head
hd_p38_cp28,2189.352864873631,1.0,head
hd_p38_cp29,2188.264925866742,1.0,head
hd_p38_cp30,2182.0441105856,1.0,head
hd_p38_cp31,2180.598071261611,1.0,head
hd_p38_cp32,2174.736677340829,1.0,head
hd_p38_cp33,2173.013911108828,1.0,head
hd_p38_cp34,2167.418634873527,1.0,head
hd_p38_cp35,2165.5675830256005,1.0,head
hd_p38_cp36,2160.0788616536092,1.0,head
hd_p38_cp37,2158.283921557557,1.0,head
hd_p38_cp38,2152.707733171937,1.0,head
hd_p38_cp39,2151.1377522119133,1.0,head
hd_p38_cp40,2145.2974775076896,1.0,head
hd_p38_cp41,2144.0736702523936,1.0,head
hd_p38_cp42,2137.842637614387,1.0,head
hd_p38_cp43,2137.033226667158,1.0,head
hd_p38_cp44,2130.340966381983,1.0,head
hd_p38_cp45,2129.972392185307,1.0,head
hd_p38_cp46,2122.7947844494543,1.0,head
hd_p38_cp47,2122.8664646108696,1.0,head
hd_p38_cp48,2115.212447264188,1.0,head
hd_p38_cp49,2115.706959648786,1.0,head
hd_p38_cp50,2107.6092323191597,1.0,head
hd_p38_cp51,2108.495997606321,1.0,head
hd_p38_cp52,2100.00683648594,1.0,head
hd_p38_cp53,2101.24126896789,1.0,head
hd_p38_cp54,2092.4309043603525,1.0,head
hd_p38_cp55,2093.9524259213454,1.0,head
hd_p38_cp56,2084.9066157165266,1.0,head
hd_p38_cp57,2086.6388073257017,1.0,head
hd_p38_cp58,2077.4532312957754,1.0,head
hd_p38_cp59,2079.308231707156,1.0,head
hd_p38_cp60,2070.079415058217,1.0,head
hd_p38_cp61,2071.9665959409654,1.0,head
hd_p38_cp62,2062.7816053249057,1.0,head
hd_p38_cp63,2064.618006256773,1.0,head
hd_p38_cp64,2055.5465509906053,1.0,head
hd_p38_cp65,2057.2651709925544,1.0,head
hd_p38_cp66,2048.3562169551674,1.0,head
hd_p38_cp67,2049.9098365123486,1.0,head
hd_p38_cp68,2041.1923929477625,1.0,head
hd_p38_cp69,2042.55313554842,1.0,head
hd_p38_cp70,2034.0393552553812,1.0,head
hd_p38_cp71,2035.1958060111167,1.0,head
hd_p38_cp72,2026.8844828535268,1.0,head
hd_p38_cp73,2027.8383013785513,1.0,head
hd_p38_cp74,2019.7178578623727,1.0,head
hd_p38_cp75,2020.480841877157,1.0,head
hd_p38_cp76,2012.5319927846426,1.0,head
hd_p38_cp77,2013.1234532380415,1.0,head
hd_p38_cp78,2005.3219386051774,1.0,head
hd_p38_cp79,2005.7660190194308,1.0,head
hd_p38_cp80,1998.085442291617,1.0,head
hd_p38_cp81,1998.4083482677704,1.0,head
hd_p38_cp82,1990.8227917334402,1.0,head
hd_p38_cp83,1991.0502449302003,1.0,head
hd_p38_cp84,2292.8926455980586,1.0,head
hd_p38_cp85,1990.7000414969461,1.0,head
hd_p38_cp86,2292.8707221253376,1.0,head
hd_p38_cp87,1990.5339572996759,1.0,head
hd_p38_cp88,2292.8401937198273,1.0,head
hd_p38_cp89,1990.3203942455614,1.0,head
hd_p38_cp90,2292.7993713558144,1.0,head
hd_p38_cp91,1990.0618468122514,1.0,head
hd_p38_cp92,2292.7470961743106,1.0,head
hd_p38_cp93,1989.7713214415767,1.0,head
hd_p38_cp94,2292.6832049459945,1.0,head
hd_p38_cp95,1989.475103473484,1.0,head
hd_p38_cp96,2292.608982729784,1.0,head
hd_p38_cp97,1989.2120033488209,1.0,head
hd_p38_cp98,2292.5274635306496,1.0,head
hd_p38_cp99,1989.027048537839,1.0,head
hd_p38_cp100,2292.44343092047,1.0,head
hd_p38_cp101,1988.9595537222585,1.0,head
hd_p38_cp102,2292.363021792967,1.0,head
hd_p38_cp103,1989.0270451664642,1.0,head
hd_p38_cp104,2292.2929459980514,1.0,head
hd_p38_cp105,1989.2119947051615,1.0,head
hd_p38_cp106,2292.23946834144,1.0,head
hd_p38_cp107,1989.4750848872707,1.0,head
hd_p38_cp108,2292.207402302662,1.0,head
hd_p38_cp109,1989.7712834704596,1.0,head
hd_p38_cp110,2292.1993641264867,1.0,head
hd_p38_cp111,1990.0617715479736,1.0,head
hd_p38_cp112,2292.215348850824,1.0,head
hd_p38_cp113,1990.3202490479,1.0,head
hd_p38_cp114,2292.2524239473223,1.0,head
hd_p38_cp115,1990.5336847487267,1.0,head
hd_p38_cp116,2292.3045018537237,1.0,head
hd_p38_cp117,1990.6995441120503,1.0,head
hd_p38_cp118,2292.362475807487,1.0,head
hd_p38_cp119,1990.821910021673,1.0,head
hd_p38_cp120,2292.4150029346756,1.0,head
hd_p38_cp121,1990.908039769998,1.0,head
hd_p38_cp122,2292.4498748851734,1.0,head
hd_p38_cp123,1990.9659320294309,1.0,head
hd_p38_cp124,2292.4556624907405,1.0,head
hd_p38_cp125,1991.0028986914083,1.0,head
hd_p38_cp126,2292.42337141342,1.0,head
hd_p38_cp127,1991.0249113581378,1.0,head
hd_p38_cp128,2292.348069284548,1.0,head
hd_p38_cp129,1991.0364596675067,1.0,head
hd_p38_cp130,2292.230577041453,1.0,head
hd_p38_cp131,1991.0407017276416,1.0,head
hd_p38_cp132,2292.0791607779156,1.0,head
hd_p38_cp133,1991.0397472094357,1.0,head
hd_p38_cp134,2291.910682064585,1.0,head
hd_p38_cp135,1991.034966627426,1.0,head
hd_p38_cp136,2291.750103457835,1.0,head
hd_p38_cp137,1991.0272576547939,1.0,head
hd_p38_cp138,2291.627092058423,1.0,head
hd_p38_cp139,1991.017220804884,1.0,head
hd_p38_cp140,2291.5687981629985,1.0,head
hd_p38_cp141,1991.0052073978175,1.0,head
hd_p38_cp142,2291.5885780105755,1.0,head
hd_p38_cp143,1990.9912102802614,1.0,head
hd_p38_cp144,2291.676072132537,1.0,head
hd_p38_cp145,1990.9745804892868,1.0,head
hd_p38_cp146,2291.8048382161214,1.0,head
hd_p38_cp147,1990.953576279361,1.0,head
hd_p38_cp148,2291.9419172671314,1.0,head
hd_p38_cp149,1990.9247840276937,1.0,head
hd_p38_cp150,2292.054112091938,1.0,head
hd_p38_cp151,1990.8824863572052,1.0,head
hd_p38_cp152,2292.111038860009,1.0,head
hd_p38_cp153,1990.8180830492952,1.0,head
hd_p38_cp154,2292.0856668882575,1.0,head
hd_p38_cp155,1990.7196957094961,1.0,head
hd_p38_cp156,2291.953672410389,1.0,head
hd_p38_cp157,1990.5721218560066,1.0,head
hd_p38_cp158,2291.693199544048,1.0,head
hd_p38_cp159,1990.3573610164995,1.0,head
hd_p38_cp160,2291.286452866475,1.0,head
hd_p38_cp161,1990.056000344241,1.0,head
hd_p38_cp162,2290.724275079859,1.0,head
hd_p38_cp163,1989.6497730326964,1.0,head
hd_p38_cp164,2290.0144771208284,1.0,head
hd_p38_cp165,1989.1255341494834,1.0,head
hd_p38_cp166,2289.1935893434757,1.0,head
hd_p38_cp167,1988.480702356073,1.0,head
hd_p38_cp168,2288.3387584038805,1.0,head
hd_p38_cp169,1987.7298603758263,1.0,head
hd_p38_cp170,2287.5711951830835,1.0,head
hd_p38_cp171,1986.9115418841288,1.0,head
hd_p38_cp172,2287.0383262465434,1.0,head
hd_p38_cp173,1986.0928908891426,1.0,head
hd_p38_cp174,2286.8680406416693,1.0,head
hd_p38_cp175,1985.3677078812627,1.0,head
hd_p38_cp176,2287.1097773691026,1.0,head
hd_p38_cp177,1984.8420056500888,1.0,head
hd_p38_cp178,2287.6996337948744,1.0,head
hd_p38_cp179,1984.6053304916786,1.0,head
hd_p38_cp180,2288.503822664642,1.0,head
hd_p38_cp181,1984.6992496127086,1.0,head
hd_p38_cp182,2289.3780634493855,1.0,head
hd_p38_cp183,1985.1057269940973,1.0,head
hd_p38_cp184,2290.2095299787898,1.0,head
hd_p38_cp185,1985.762458311624,1.0,head
hd_p38_cp186,2290.9310514775057,1.0,head
hd_p38_cp187,1986.5818801034843,1.0,head
hd_p38_cp188,2291.5156543193266,1.0,head
hd_p38_cp189,1987.4574250778085,1.0,head
hd_p38_cp190,2291.9639007418336,1.0,head
hd_p38_cp191,1988.2943679530365,1.0,head
hd_p38_cp192,2292.2917578906213,1.0,head
hd_p38_cp193,1989.0274004551181,1.0,head
hd_p38_cp194,2292.5216329638806,1.0,head
hd_p38_cp195,1989.6249282602125,1.0,head
hd_p38_cp196,2292.6766438088966,1.0,head
hd_p38_cp197,1990.0836429682702,1.0,head
hd_p38_cp198,2292.777434525198,1.0,head
hd_p38_cp199,1990.4183627636196,1.0,head
hd_p38_cp200,2292.840788735373,1.0,head
hd_p38_cp201,1990.6521376919634,1.0,head
hd_p38_cp202,2292.879403593125,1.0,head
hd_p38_cp203,1990.8092061282505,1.0,head
hd_p38_cp204,2292.902320073065,1.0,head
hd_p38_cp205,1990.9110912520039,1.0,head
hd_p38_cp206,2292.9156391621896,1.0,head
hd_p38_cp207,1990.975058954193,1.0,head
hd_p38_cp208,2292.923281264428,1.0,head
hd_p38_cp209,1991.014001503157,1.0,head
hd_p38_cp210,2292.9276548202097,1.0,head
hd_p38_cp211,1991.037020294967,1.0,head
hd_p39_cp0,2292.903944461411,1.0,head
hd_p39_cp1,2292.929422522657,1.0,head
hd_p39_cp2,2285.5238228054786,1.0,head
hd_p39_cp3,2285.5640654748536,1.0,head
hd_p39_cp4,2278.1359545394125,1.0,head
hd_p39_cp5,2278.1968490780705,1.0,head
hd_p39_cp6,2270.738442244095,1.0,head
hd_p39_cp7,2270.8264638739874,1.0,head
hd_p39_cp8,2263.3297806228397,1.0,head
hd_p39_cp9,2263.4507886581514,1.0,head
hd_p39_cp10,2255.9094153510146,1.0,head
hd_p39_cp11,2256.0665651466006,1.0,head
hd_p39_cp12,2248.4783850228914,1.0,head
hd_p39_cp13,2248.669071700145,1.0,head
hd_p39_cp14,2241.0398876115823,1.0,head
hd_p39_cp15,2241.251899617227,1.0,head
hd_p39_cp16,2233.5995347530325,1.0,head
hd_p39_cp17,2233.8069886561766,1.0,head
hd_p39_cp18,2226.165029796803,1.0,head
hd_p39_cp19,2226.325126816893,1.0,head
hd_p39_cp20,2218.745082498525,1.0,head
hd_p39_cp21,2218.797166104532,1.0,head
hd_p39_cp22,2211.347596404856,1.0,head
hd_p39_cp23,2211.2162612715547,1.0,head
hd_p39_cp24,2203.977518457979,1.0,head
hd_p39_cp25,2203.5814478652396,1.0,head
hd_p39_cp26,2196.635084787216,1.0,head
hd_p39_cp27,2195.902576600538,1.0,head
hd_p39_cp28,2189.3152524012908,1.0,head
hd_p39_cp29,2188.2055413943067,1.0,head
hd_p39_cp30,2182.0086173470213,1.0,head
hd_p39_cp31,2180.534760439755,1.0,head
hd_p39_cp32,2174.7032790967282,1.0,head
hd_p39_cp33,2172.9481697691326,1.0,head
hd_p39_cp34,2167.38677487597,1.0,head
hd_p39_cp35,2165.500724771924,1.0,head
hd_p39_cp36,2160.047483675898,1.0,head
hd_p39_cp37,2158.2175670808847,1.0,head
hd_p39_cp38,2152.675403105122,1.0,head
hd_p39_cp39,2151.0731983830656,1.0,head
hd_p39_cp40,2145.2625871915347,1.0,head
hd_p39_cp41,2144.0123845684993,1.0,head
hd_p39_cp42,2137.8036623885387,1.0,head
hd_p39_cp43,2136.977060753827,1.0,head
hd_p39_cp44,2130.2967228123716,1.0,head
hd_p39_cp45,2129.9228852978235,1.0,head
hd_p39_cp46,2122.7446164818703,1.0,head
hd_p39_cp47,2122.824269646415,1.0,head
hd_p39_cp48,2115.1562747157814,1.0,head
hd_p39_cp49,2115.671871442122,1.0,head
hd_p39_cp50,2107.5474397656544,1.0,head
hd_p39_cp51,2108.467282205327,1.0,head
hd_p39_cp52,2099.9400563303507,1.0,head
hd_p39_cp53,2101.217959768744,1.0,head
hd_p39_cp54,2092.359811976738,1.0,head
hd_p39_cp55,2093.933502413039,1.0,head
hd_p39_cp56,2084.8318464076387,1.0,head
hd_p39_cp57,2086.62329969609,1.0,head
hd_p39_cp58,2077.3754394650246,1.0,head
hd_p39_cp59,2079.2952906520427,1.0,head
hd_p39_cp60,2069.999415470996,1.0,head
hd_p39_cp61,2071.9555358710263,1.0,head
hd_p39_cp62,2062.7005272637903,1.0,head
hd_p39_cp63,2064.6083194596163,1.0,head
hd_p39_cp64,2055.4659134972803,1.0,head
hd_p39_cp65,2057.256515565659,1.0,head
hd_p39_cp66,2048.277870684367,1.0,head
hd_p39_cp67,2049.902007250049,1.0,head
hd_p39_cp68,2041.118309655967,1.0,head
hd_p39_cp69,2042.5460281716882,1.0,head
hd_p39_cp70,2033.971336435359,1.0,head
hd_p39_cp71,2035.1893823534365,1.0,head
hd_p39_cp72,2026.8239044925683,1.0,head
hd_p39_cp73,2027.8325594953785,1.0,head
hd_p39_cp74,2019.6655280651746,1.0,head
hd_p39_cp75,2020.4757924557298,1.0,head
hd_p39_cp76,2012.4881468029048,1.0,head
hd_p39_cp77,2013.1191024692098,1.0,head
hd_p39_cp78,2005.2863132148184,1.0,head
hd_p39_cp79,2005.7623577350196,1.0,head
hd_p39_cp80,1998.0573796159483,1.0,head
hd_p39_cp81,1998.405347033704,1.0,head
hd_p39_cp82,1990.8013615220486,1.0,head
hd_p39_cp83,1991.0478545602423,1.0,head
hd_p39_cp84,2292.886971750421,1.0,head
hd_p39_cp85,1990.671387423842,1.0,head
hd_p39_cp86,2292.8626139258267,1.0,head
hd_p39_cp87,1990.4972553690204,1.0,head
hd_p39_cp88,2292.828948730219,1.0,head
hd_p39_cp89,1990.2755316896237,1.0,head
hd_p39_cp90,2292.7842384801256,1.0,head
hd_p39_cp91,1990.0096703370216,1.0,head
hd_p39_cp92,2292.727333721033,1.0,head
hd_p39_cp93,1989.7135392884918,1.0,head
hd_p39_cp94,2292.658152256483,1.0,head
hd_p39_cp95,1989.4136513709327,1.0,head
hd_p39_cp96,2292.578136401395,1.0,head
hd_p39_cp97,1989.1482081109148,1.0,head
hd_p39_cp98,2292.490549404999,1.0,head
hd_p39_cp99,1988.9615862623498,1.0,head
hd_p39_cp100,2292.4004665279876,1.0,head
hd_p39_cp101,1988.893414030877,1.0,head
hd_p39_cp102,2292.314366283848,1.0,head
hd_p39_cp103,1988.9615817838182,1.0,head
hd_p39_cp104,2292.2393296104237,1.0,head
hd_p39_cp105,1989.1481967381517,1.0,head
hd_p39_cp106,2292.1819822949024,1.0,head
hd_p39_cp107,1989.4136272231249,1.0,head
hd_p39_cp108,2292.1474271245206,1.0,head
hd_p39_cp109,1989.7134906214837,1.0,head
hd_p39_cp110,2292.1384335541925,1.0,head
hd_p39_cp111,1990.0095751756853,1.0,head
hd_p39_cp112,2292.1549739636807,1.0,head
hd_p39_cp113,1990.2753505249423,1.0,head
hd_p39_cp114,2292.1939122553304,1.0,head
hd_p39_cp115,1990.4969196234117,1.0,head
hd_p39_cp116,2292.2487989169063,1.0,head
hd_p39_cp117,1990.6707821756784,1.0,head
hd_p39_cp118,2292.310048509136,1.0,head
hd_p39_cp119,1990.8003010703026,1.0,head
hd_p39_cp120,2292.3657811129183,1.0,head
hd_p39_cp121,1990.8923477944122,1.0,head
hd_p39_cp122,2292.403267868464,1.0,head
hd_p39_cp123,1990.9548140261936,1.0,head
hd_p39_cp124,2292.4106654933303,1.0,head
hd_p39_cp125,1990.995086464732,1.0,head
hd_p39_cp126,2292.3787622430737,1.0,head
hd_p39_cp127,1991.0193052218895,1.0,head
hd_p39_cp128,2292.3026619342213,1.0,head
hd_p39_cp129,1991.0321586602715,1.0,head
hd_p39_cp130,2292.1834502845304,1.0,head
hd_p39_cp131,1991.0369950310826,1.0,head
hd_p39_cp132,2292.029742826066,1.0,head
hd_p39_cp133,1991.036086035788,1.0,head
hd_p39_cp134,2291.8586311603417,1.0,head
hd_p39_cp135,1991.0309289715876,1.0,head
hd_p39_cp136,2291.6951702082074,1.0,head
hd_p39_cp137,1991.0225116193194,1.0,head
hd_p39_cp138,2291.5693361836848,1.0,head
hd_p39_cp139,1991.0114865499042,1.0,head
hd_p39_cp140,2291.508968055188,1.0,head
hd_p39_cp141,1990.9982136665692,1.0,head
hd_p39_cp142,2291.527744182587,1.0,head
hd_p39_cp143,1990.9826392644447,1.0,head
hd_p39_cp144,2291.6150997825443,1.0,head
hd_p39_cp145,1990.9639948835422,1.0,head
hd_p39_cp146,2291.7439399970026,1.0,head
hd_p39_cp147,1990.9403251446047,1.0,head
hd_p39_cp148,2291.880892519805,1.0,head
hd_p39_cp149,1990.9078898280736,1.0,head
hd_p39_cp150,2291.992400491479,1.0,head
hd_p39_cp151,1990.8605240928398,1.0,head
hd_p39_cp152,2292.047439191524,1.0,head
hd_p39_cp153,1990.789072872558,1.0,head
hd_p39_cp154,2292.0181318180826,1.0,head
hd_p39_cp155,1990.6810406889376,1.0,head
hd_p39_cp156,2291.8793976637435,1.0,head
hd_p39_cp157,1990.5206285142197,1.0,head
hd_p39_cp158,2291.6089852550613,1.0,head
hd_p39_cp159,1990.289375697799,1.0,head
hd_p39_cp160,2291.1892796366974,1.0,head
hd_p39_cp161,1989.9676741298192,1.0,head
hd_p39_cp162,2290.6120924386814,1.0,head
hd_p39_cp163,1989.5374346940462,1.0,head
hd_p39_cp164,2289.887162118969,1.0,head
hd_p39_cp165,1988.986123169326,1.0,head
hd_p39_cp166,2289.0537034176677,1.0,head
hd_p39_cp167,1988.3122230425004,1.0,head
hd_p39_cp168,2288.1911672651363,1.0,head
hd_p39_cp169,1987.5318744436663,1.0,head
hd_p39_cp170,2287.42077644796,1.0,head
hd_p39_cp171,1986.6857560225706,1.0,head
hd_p39_cp172,2286.8873814338267,1.0,head
hd_p39_cp173,1985.8437689481677,1.0,head
hd_p39_cp174,2286.7174715131837,1.0,head
hd_p39_cp175,1985.1026859442354,1.0,head
hd_p39_cp176,2286.962170470087,1.0,head
hd_p39_cp177,1984.5706840750217,1.0,head
hd_p39_cp178,2287.555572237283,1.0,head
hd_p39_cp179,1984.3376286136536,1.0,head
hd_p39_cp180,2288.3651825131087,1.0,head
hd_p39_cp181,1984.4435614020665,1.0,head
hd_p39_cp182,2289.2494367397335,1.0,head
hd_p39_cp183,1984.8680401129536,1.0,head
hd_p39_cp184,2290.095785968462,1.0,head
hd_p39_cp185,1985.5472710563763,1.0,head
hd_p39_cp186,2290.8350977522964,1.0,head
hd_p39_cp187,1986.3929623602685,1.0,head
hd_p39_cp188,2291.438020361572,1.0,head
hd_p39_cp189,1987.2950287672923,1.0,head
hd_p39_cp190,2291.903372802016,1.0,head
hd_p39_cp191,1988.157185192878,1.0,head
hd_p39_cp192,2292.246153142193,1.0,head
hd_p39_cp193,1988.914383620909,1.0,head
hd_p39_cp194,2292.4883747199005,1.0,head
hd_p39_cp195,1989.534949097436,1.0,head
hd_p39_cp196,2292.6531361003254,1.0,head
hd_p39_cp197,1990.0147166445104,1.0,head
hd_p39_cp198,2292.761298809041,1.0,head
hd_p39_cp199,1990.3675617593,1.0,head
hd_p39_cp200,2292.8300003778218,1.0,head
hd_p39_cp201,1990.6160391419924,1.0,head
hd_p39_cp202,2292.8723466230886,1.0,head
hd_p39_cp203,1990.7844166042755,1.0,head
hd_p39_cp204,2292.897777798547,1.0,head
hd_p39_cp205,1990.8946070699735,1.0,head
hd_p39_cp206,2292.9127426678915,1.0,head
hd_p39_cp207,1990.9644293532206,1.0,head
hd_p39_cp208,2292.921438383891,1.0,head
hd_p39_cp209,1991.0073479348443,1.0,head
hd_p39_cp210,2292.926477649858,1.0,head
hd_p39_cp211,1991.032974752545,1.0,head
hd_p40_cp0,2292.8997273289447,1.0,head
hd_p40_cp1,2292.928557480097,1.0,head
hd_p40_cp2,2285.5176729512777,1.0,head
hd_p40_cp3,2285.5627827425824,1.0,head
hd_p40_cp4,2278.127273875888,1.0,head
hd_p40_cp5,2278.1949266425104,1.0,head
hd_p40_cp6,2270.7265977478833,1.0,head
hd_p40_cp7,2270.8235742428137,1.0,head
hd_p40_cp8,2263.3141692440427,1.0,head
hd_p40_cp9,2263.446466270761,1.0,head
hd_p40_cp10,2255.8895478614186,1.0,head
hd_p40_cp11,2256.060181143031,1.0,head
hd_p40_cp12,2248.4539763238467,1.0,head
hd_p40_cp13,2248.659826117608,1.0,head
hd_p40_cp14,2241.010935663169,1.0,head
hd_p40_cp15,2241.238839762672,1.0,head
hd_p40_cp16,2233.5663687871793,1.0,head
hd_p40_cp17,2233.7890583213475,1.0,head
hd_p40_cp18,2226.1283121352963,1.0,head
hd_p40_cp19,2226.3012506528075,1.0,head
hd_p40_cp20,2218.705757100346,1.0,head
hd_p40_cp21,2218.766384369306,1.0,head
hd_p40_cp22,2211.306789141002,1.0,head
hd_p40_cp23,2211.1779406782243,1.0,head
hd_p40_cp24,2203.9364038181816,1.0,head
hd_p40_cp25,2203.5355531519494,1.0,head
hd_p40_cp26,2196.5947368107904,1.0,head
hd_p40_cp27,2195.849849456094,1.0,head
hd_p40_cp28,2189.2764967899147,1.0,head
hd_p40_cp29,2188.147322324751,1.0,head
hd_p40_cp30,2181.9719008619536,1.0,head
hd_p40_cp31,2180.4724562701426,1.0,head
hd_p40_cp32,2174.66857448825,1.0,head
hd_p40_cp33,2172.8830025428856,1.0,head
hd_p40_cp34,2167.3535423374788,1.0,head
hd_p40_cp35,2165.4342261239485,1.0,head
hd_p40_cp36,2160.0147088234803,1.0,head
hd_p40_cp37,2158.1517442212426,1.0,head
hd_p40_cp38,2152.6417213008635,1.0,head
hd_p40_cp39,2151.009567216844,1.0,head
hd_p40_cp40,2145.2264854258797,1.0,head
hd_p40_cp41,2143.952140531915,1.0,head
hd_p40_cp42,2137.763726388188,1.0,head
hd_p40_cp43,2136.9215817469244,1.0,head
hd_p40_cp44,2130.2518736335546,1.0,head
hd_p40_cp45,2129.873490867198,1.0,head
hd_p40_cp46,2122.6942681845417,1.0,head
hd_p40_cp47,2122.7816981988576,1.0,head
hd_p40_cp48,2115.100358177812,1.0,head
hd_p40_cp49,2115.636109226402,1.0,head
hd_p40_cp50,2107.4862864843703,1.0,head
hd_p40_cp51,2108.43774546015,1.0,head
hd_p40_cp52,2099.874205256794,1.0,head
hd_p40_cp53,2101.1937652906013,1.0,head
hd_p40_cp54,2092.2898458777495,1.0,head
hd_p40_cp55,2093.91367382687,1.0,head
hd_p40_cp56,2084.7583367784314,1.0,head
hd_p40_cp57,2086.6068955103783,1.0,head
hd_p40_cp58,2077.299002309552,1.0,head
hd_p40_cp59,2079.281481694758,1.0,head
hd_p40_cp60,2069.920836283886,1.0,head
hd_p40_cp61,2071.9436489574136,1.0,head
hd_p40_cp62,2062.6208972554973,1.0,head
hd_p40_cp63,2064.597852354507,1.0,head
hd_p40_cp64,2055.3866789665476,1.0,head
hd_p40_cp65,2057.2471275722783,1.0,head
hd_p40_cp66,2048.200765010587,1.0,head
hd_p40_cp67,2049.8934931197077,1.0,head
hd_p40_cp68,2041.0451777701971,1.0,head
hd_p40_cp69,2042.53828428164,1.0,head
hd_p40_cp70,2033.9038959096347,1.0,head
hd_p40_cp71,2035.182372405635,1.0,head
hd_p40_cp72,2026.7635133932433,1.0,head
hd_p40_cp73,2027.826284141835,1.0,head
hd_p40_cp74,2019.613032569669,1.0,head
hd_p40_cp75,2020.4702648682992,1.0,head
hd_p40_cp76,2012.4438523542492,1.0,head
hd_p40_cp77,2013.1143304728807,1.0,head
hd_p40_cp78,2005.2500445696412,1.0,head
hd_p40_cp79,2005.7583324980633,1.0,head
hd_p40_cp80,1998.0285742605356,1.0,head
hd_p40_cp81,1998.4020380214151,1.0,head
hd_p40_cp82,1990.7791775342907,1.0,head
hd_p40_cp83,1991.0452101830176,1.0,head
hd_p40_cp84,2292.8808169990375,1.0,head
hd_p40_cp85,1990.6420729446709,1.0,head
hd_p40_cp86,2292.853888854515,1.0,head
hd_p40_cp87,1990.460156816472,1.0,head
hd_p40_cp88,2292.816937563186,1.0,head
hd_p40_cp89,1990.2306990833504,1.0,head
hd_p40_cp90,2292.7681827844726,1.0,head
hd_p40_cp91,1989.9579796811267,1.0,head
hd_p40_cp92,2292.706490458568,1.0,head
hd_p40_cp93,1989.6564494253832,1.0,head
hd_p40_cp94,2292.6318639482474,1.0,head
hd_p40_cp95,1989.3525993878272,1.0,head
hd_p40_cp96,2292.5459055247134,1.0,head
hd_p40_cp97,1989.0841544033315,1.0,head
hd_p40_cp98,2292.452110089657,1.0,head
hd_p40_cp99,1988.8953530960628,1.0,head
hd_p40_cp100,2292.355849522266,1.0,head
hd_p40_cp101,1988.8263443988835,1.0,head
hd_p40_cp102,2292.263952893124,1.0,head
hd_p40_cp103,1988.8953472192502,1.0,head
hd_p40_cp104,2292.183882249778,1.0,head
hd_p40_cp105,1989.08413961503,1.0,head
hd_p40_cp106,2292.1226284089125,1.0,head
hd_p40_cp107,1989.3525683642415,1.0,head
hd_p40_cp108,2292.0855759273713,1.0,head
hd_p40_cp109,1989.6563877111405,1.0,head
hd_p40_cp110,2292.0756295047354,1.0,head
hd_p40_cp111,1989.9578605743875,1.0,head
hd_p40_cp112,2292.0927174107296,1.0,head
hd_p40_cp113,1990.2304752001683,1.0,head
hd_p40_cp114,2292.1334850751928,1.0,head
hd_p40_cp115,1990.4597469580572,1.0,head
hd_p40_cp116,2292.191119888484,1.0,head
hd_p40_cp117,1990.6413427150787,1.0,head
hd_p40_cp118,2292.255571652883,1.0,head
hd_p40_cp119,1990.7779123281712,1.0,head
hd_p40_cp120,2292.3144485758467,1.0,head
hd_p40_cp121,1990.8758931255047,1.0,head
hd_p40_cp122,2292.354530699498,1.0,head
hd_p40_cp123,1990.9430144916544,1.0,head
hd_p40_cp124,2292.3635845794747,1.0,head
hd_p40_cp125,1990.9866949926786,1.0,head
hd_p40_cp126,2292.3321871270805,1.0,head
hd_p40_cp127,1991.0132157685496,1.0,head
hd_p40_cp128,2292.2554494234096,1.0,head
hd_p40_cp129,1991.0274490977358,1.0,head
hd_p40_cp130,2292.1346405567324,1.0,head
hd_p40_cp131,1991.0329272973793,1.0,head
hd_p40_cp132,2291.978607176266,1.0,head
hd_p40_cp133,1991.0320831766394,1.0,head
hd_p40_cp134,2291.8046176844987,1.0,head
hd_p40_cp135,1991.0265421640127,1.0,head
hd_p40_cp136,2291.637963154387,1.0,head
hd_p40_cp137,1991.017383602992,1.0,head
hd_p40_cp138,2291.5091545551863,1.0,head
hd_p40_cp139,1991.0053121882415,1.0,head
hd_p40_cp140,2291.4466664268384,1.0,head
hd_p40_cp141,1990.9906941930024,1.0,head
hd_p40_cp142,2291.464389424982,1.0,head
hd_p40_cp143,1990.9734245601474,1.0,head
hd_p40_cp144,2291.5516650900663,1.0,head
hd_p40_cp145,1990.9526083106289,1.0,head
hd_p40_cp146,2291.6808041616523,1.0,head
hd_p40_cp147,1990.9260684428618,1.0,head
hd_p40_cp148,2291.8178047280508,1.0,head
hd_p40_cp149,1990.88973154066,1.0,head
hd_p40_cp150,2291.9286187006965,1.0,head
hd_p40_cp151,1990.836983532381,1.0,head
hd_p40_cp152,2291.981646685267,1.0,head
hd_p40_cp153,1990.7581216127098,1.0,head
hd_p40_cp154,2291.948299041829,1.0,head
hd_p40_cp155,1990.64005262856,1.0,head
hd_p40_cp156,2291.8028471386424,1.0,head
hd_p40_cp157,1990.4664135772944,1.0,head
hd_p40_cp158,2291.522737889732,1.0,head
hd_p40_cp159,1990.218325804511,1.0,head
hd_p40_cp160,2291.090661531702,1.0,head
hd_p40_cp161,1989.8760301945542,1.0,head
hd_p40_cp162,2290.499550368767,1.0,head
hd_p40_cp163,1989.421655897435,1.0,head
hd_p40_cp164,2289.761088012006,1.0,head
hd_p40_cp165,1988.843323243257,1.0,head
hd_p40_cp166,2288.9166964563874,1.0,head
hd_p40_cp167,1988.140654225838,1.0,head
hd_p40_cp168,2288.046935768888,1.0,head
hd_p40_cp169,1987.33147807916,1.0,head
hd_p40_cp170,2287.271907365252,1.0,head
hd_p40_cp171,1986.4587779433014,1.0,head
hd_p40_cp172,2286.7347468021117,1.0,head
hd_p40_cp173,1985.5952424569534,1.0,head
hd_p40_cp174,2286.5636602214463,1.0,head
hd_p40_cp175,1984.840284235786,1.0,head
hd_p40_cp176,2286.812990849564,1.0,head
hd_p40_cp177,1984.3035136347892,1.0,head
hd_p40_cp178,2287.413324433489,1.0,head
hd_p40_cp179,1984.074367406158,1.0,head
hd_p40_cp180,2288.230325944866,1.0,head
hd_p40_cp181,1984.1911002992504,1.0,head
hd_p40_cp182,2289.12427411041,1.0,head
hd_p40_cp183,1984.6314647153922,1.0,head
hd_p40_cp184,2289.9840330737743,1.0,head
hd_p40_cp185,1985.3314961782453,1.0,head
hd_p40_cp186,2290.7396981564953,1.0,head
hd_p40_cp187,1986.2023677582117,1.0,head
hd_p40_cp188,2291.3600004365053,1.0,head
hd_p40_cp189,1987.1312001076565,1.0,head
hd_p40_cp190,2291.8419808588187,1.0,head
hd_p40_cp191,1988.019126640249,1.0,head
hd_p40_cp192,2292.199503628256,1.0,head
hd_p40_cp193,1988.8005713795374,1.0,head
hd_p40_cp194,2292.454059185774,1.0,head
hd_p40_cp195,1989.4438619633345,1.0,head
hd_p40_cp196,2292.6286521761936,1.0,head
hd_p40_cp197,1989.9443526471957,1.0,head
hd_p40_cp198,2292.7443179835627,1.0,head
hd_p40_cp199,1990.3151913080019,1.0,head
hd_p40_cp200,2292.818518132712,1.0,head
hd_p40_cp201,1990.5784492280693,1.0,head
hd_p40_cp202,2292.864745151948,1.0,head
hd_p40_cp203,1990.7583452289077,1.0,head
hd_p40_cp204,2292.892824162702,1.0,head
hd_p40_cp205,1990.877099532504,1.0,head
hd_p40_cp206,2292.9095446347055,1.0,head
hd_p40_cp207,1990.9530282475096,1.0,head
hd_p40_cp208,2292.9193793046034,1.0,head
hd_p40_cp209,1991.000139643686,1.0,head
hd_p40_cp210,2292.925147694668,1.0,head
hd_p40_cp211,1991.0285465961624,1.0,head
hd_p41_cp0,2292.8951352448794,1.0,head
hd_p41_cp1,2292.9275768309662,1.0,head
hd_p41_cp2,2285.511040089392,1.0,head
hd_p41_cp3,2285.5613447397373,1.0,head
hd_p41_cp4,2278.11799415916,1.0,head
hd_p41_cp5,2278.192797770669,1.0,head
hd_p41_cp6,2270.714039117497,1.0,head
hd_p41_cp7,2270.8204162540574,1.0,head
hd_p41_cp8,2263.2977396401875,1.0,head
hd_p41_cp9,2263.441806227637,1.0,head
hd_p41_cp10,2255.868778123644,1.0,head
hd_p41_cp11,2256.0533893773436,1.0,head
hd_p41_cp12,2248.428607364309,1.0,head
hd_p41_cp13,2248.6501110971417,1.0,head
hd_p41_cp14,2240.980992593296,1.0,head
hd_p41_cp15,2241.2252682458256,1.0,head
hd_p41_cp16,2233.532203704321,1.0,head
hd_p41_cp17,2233.7706077795233,1.0,head
hd_p41_cp18,2226.0906012623905,1.0,head
hd_p41_cp19,2226.2769030010045,1.0,head
hd_p41_cp20,2218.665446782127,1.0,head
hd_p41_cp21,2218.735275087852,1.0,head
hd_p41_cp22,2211.2649962556834,1.0,head
hd_p41_cp23,2211.1395658498836,1.0,head
hd_p41_cp24,2203.8942847310827,1.0,head
hd_p41_cp25,2203.4899733270217,1.0,head
hd_p41_cp26,2196.553342322127,1.0,head
hd_p41_cp27,2195.7977286038754,1.0,head
hd_p41_cp28,2189.2366300164026,1.0,head
hd_p41_cp29,2188.089667067525,1.0,head
hd_p41_cp30,2181.93399321055,1.0,head
hd_p41_cp31,2180.4102702470645,1.0,head
hd_p41_cp32,2174.632597658535,1.0,head
hd_p41_cp33,2172.8174240365042,1.0,head
hd_p41_cp34,2167.3189765230304,1.0,head
hd_p41_cp35,2165.3671175169957,1.0,head
hd_p41_cp36,2159.9805854564584,1.0,head
hd_p41_cp37,2158.085467882119,1.0,head
hd_p41_cp38,2152.6067484802115,1.0,head
hd_p41_cp39,2150.945970741512,1.0,head
hd_p41_cp40,2145.1892450000396,1.0,head
hd_p41_cp41,2143.892337185627,1.0,head
hd_p41_cp42,2137.722907774972,1.0,head
hd_p41_cp43,2136.866547967966,1.0,head
hd_p41_cp44,2130.206488317657,1.0,head
hd_p41_cp45,2129.8242135985574,1.0,head
hd_p41_cp46,2122.6437818715413,1.0,head
hd_p41_cp47,2122.738838510941,1.0,head
hd_p41_cp48,2115.0446976256344,1.0,head
hd_p41_cp49,2115.5997485105063,1.0,head
hd_p41_cp50,2107.4257278790687,1.0,head
hd_p41_cp51,2108.4074278328135,1.0,head
hd_p41_cp52,2099.8092089263378,1.0,head
hd_p41_cp53,2101.1687010425394,1.0,head
hd_p41_cp54,2092.2209253430055,1.0,head
hd_p41_cp55,2093.8929426872955,1.0,head
hd_p41_cp56,2084.686015923993,1.0,head
hd_p41_cp57,2086.58958991256,1.0,head
hd_p41_cp58,2077.223862556297,1.0,head
hd_p41_cp59,2079.2667942746953,1.0,head
hd_p41_cp60,2069.843631092524,1.0,head
hd_p41_cp61,2071.930919892785,1.0,head
hd_p41_cp62,2062.5426722974735,1.0,head
hd_p41_cp63,2064.5865862445494,1.0,head
hd_p41_cp64,2055.308808315802,1.0,head
hd_p41_cp65,2057.236986447668,1.0,head
hd_p41_cp66,2048.1248781519034,1.0,head
hd_p41_cp67,2049.8842729235544,1.0,head
hd_p41_cp68,2040.9730082864137,1.0,head
hd_p41_cp69,2042.5298828158172,1.0,head
hd_p41_cp70,2033.83708264243,1.0,head
hd_p41_cp71,2035.1747556226132,1.0,head
hd_p41_cp72,2026.7033911610313,1.0,head
hd_p41_cp73,2027.8194554625863,1.0,head
hd_p41_cp74,2019.5604752281413,1.0,head
hd_p41_cp75,2020.4642400630526,1.0,head
hd_p41_cp76,2012.3992235716976,1.0,head
hd_p41_cp77,2013.1091191399373,1.0,head
hd_p41_cp78,2005.2132426165992,1.0,head
hd_p41_cp79,2005.753926333672,1.0,head
hd_p41_cp80,1997.9991182383033,1.0,head
hd_p41_cp81,1998.398405627198,1.0,head
hd_p41_cp82,1990.7563062319116,1.0,head
hd_p41_cp83,1991.042297828063,1.0,head
hd_p41_cp84,2292.874170387921,1.0,head
hd_p41_cp85,1990.6121904513586,1.0,head
hd_p41_cp86,2292.8445389402114,1.0,head
hd_p41_cp87,1990.4227490121832,1.0,head
hd_p41_cp88,2292.804157088588,1.0,head
hd_p41_cp89,1990.1859038684781,1.0,head
hd_p41_cp90,2292.751207427203,1.0,head
hd_p41_cp91,1989.9065988221012,1.0,head
hd_p41_cp92,2292.6845765362505,1.0,head
hd_p41_cp93,1989.5996438414052,1.0,head
hd_p41_cp94,2292.604357188347,1.0,head
hd_p41_cp95,1989.2914101247152,1.0,head
hd_p41_cp96,2292.51231430577,1.0,head
hd_p41_cp97,1989.019321379692,1.0,head
hd_p41_cp98,2292.4121779251473,1.0,head
hd_p41_cp99,1988.8277418142645,1.0,head
hd_p41_cp100,2292.3096232613025,1.0,head
hd_p41_cp101,1988.7575576653635,1.0,head
hd_p41_cp102,2292.211839968097,1.0,head
hd_p41_cp103,1988.8277341907024,1.0,head
hd_p41_cp104,2292.1266800625626,1.0,head
hd_p41_cp105,1989.0193023612217,1.0,head
hd_p41_cp106,2292.061500240784,1.0,head
hd_p41_cp107,1989.2913706841243,1.0,head
hd_p41_cp108,2292.0219563845794,1.0,head
hd_p41_cp109,1989.5995663587428,1.0,head
hd_p41_cp110,2292.0110696363736,1.0,head
hd_p41_cp111,1989.9064511479723,1.0,head
hd_p41_cp112,2292.028703500779,1.0,head
hd_p41_cp113,1990.1856296603542,1.0,head
hd_p41_cp114,2292.0712703305057,1.0,head
hd_p41_cp115,1990.4222528959124,1.0,head
hd_p41_cp116,2292.131592326769,1.0,head
hd_p41_cp117,1990.611316426609,1.0,head
hd_p41_cp118,2292.199167019286,1.0,head
hd_p41_cp119,1990.7548080001036,1.0,head
hd_p41_cp120,2292.2611147802318,1.0,head
hd_p41_cp121,1990.858709967579,1.0,head
hd_p41_cp122,2292.3037531482505,1.0,head
hd_p41_cp123,1990.9305446514456,1.0,head
hd_p41_cp124,2292.3144805612574,1.0,head
hd_p41_cp125,1990.9777209540177,1.0,head
hd_p41_cp126,2292.2836627119373,1.0,head
hd_p41_cp127,1991.0066317706044,1.0,head
hd_p41_cp128,2292.206380314837,1.0,head
hd_p41_cp129,1991.0223162070695,1.0,head
hd_p41_cp130,2292.0840101277795,1.0,head
hd_p41_cp131,1991.0284826546817,1.0,head
hd_p41_cp132,2291.92556183498,1.0,head
hd_p41_cp133,1991.0277226932003,1.0,head
hd_p41_cp134,2291.7485097673334,1.0,head
hd_p41_cp135,1991.0217902651498,1.0,head
hd_p41_cp136,2291.578520813263,1.0,head
hd_p41_cp137,1991.0118571383498,1.0,head
hd_p41_cp138,2291.446706833784,1.0,head
hd_p41_cp139,1990.9986799064318,1.0,head
hd_p41_cp140,2291.382071029273,1.0,head
hd_p41_cp141,1990.9826289554933,1.0,head
hd_p41_cp142,2291.3986822901174,1.0,head
hd_p41_cp143,1990.9635432613597,1.0,head
hd_p41_cp144,2291.485823229663,1.0,head
hd_p41_cp145,1990.940394766864,1.0,head
hd_p41_cp146,2291.6153209498157,1.0,head
hd_p41_cp147,1990.9107776997832,1.0,head
hd_p41_cp148,2291.7524859283476,1.0,head
hd_p41_cp149,1990.870280145192,1.0,head
hd_p41_cp150,2291.86265062421,1.0,head
hd_p41_cp151,1990.8118387226077,1.0,head
hd_p41_cp152,2291.913626052278,1.0,head
hd_p41_cp153,1990.725211732509,1.0,head
hd_p41_cp154,2291.876198937792,1.0,head
hd_p41_cp155,1990.596728905071,1.0,head
hd_p41_cp156,2291.724109070525,1.0,head
hd_p41_cp157,1990.409495776095,1.0,head
hd_p41_cp158,2291.434616901533,1.0,head
hd_p41_cp159,1990.1442568295463,1.0,head
hd_p41_cp160,2290.9908274541813,1.0,head
hd_p41_cp161,1989.7811464321642,1.0,head
hd_p41_cp162,2290.386823823092,1.0,head
hd_p41_cp163,1989.3025585155583,1.0,head
hd_p41_cp164,2289.635965349993,1.0,head
hd_p41_cp165,1988.6973268822962,1.0,head
hd_p41_cp166,2288.7810527245247,1.0,head
hd_p41_cp167,1987.966303676665,1.0,head
hd_p41_cp168,2287.902564498019,1.0,head
hd_p41_cp169,1987.1291330202569,1.0,head
hd_p41_cp170,2287.1191335389653,1.0,head
hd_p41_cp171,1986.2311890001806,1.0,head
hd_p41_cp172,2286.574040603551,1.0,head
hd_p41_cp173,1985.3478260728566,1.0,head
hd_p41_cp174,2286.400133571764,1.0,head
hd_p41_cp175,1984.5806366997913,1.0,head
hd_p41_cp176,2286.655808369361,1.0,head
hd_p41_cp177,1984.0400339402022,1.0,head
hd_p41_cp178,2287.2673805402505,1.0,head
hd_p41_cp179,1983.814682294961,1.0,head
hd_p41_cp180,2288.09572167687,1.0,head
hd_p41_cp181,1983.941286883034,1.0,head
hd_p41_cp182,2289.0010523820843,1.0,head
hd_p41_cp183,1984.396536535184,1.0,head
hd_p41_cp184,2289.8739849540575,1.0,head
hd_p41_cp185,1985.1164194443406,1.0,head
hd_p41_cp186,2290.645030970593,1.0,head
hd_p41_cp187,1986.0109444803484,1.0,head
hd_p41_cp188,2291.2818239730987,1.0,head
hd_p41_cp189,1986.9658226280856,1.0,head
hd_p41_cp190,2291.7798827898096,1.0,head
hd_p41_cp191,1987.8797025499982,1.0,head
hd_p41_cp192,2292.1518981385293,1.0,head
hd_p41_cp193,1988.6856302614738,1.0,head
hd_p41_cp194,2292.4187327397844,1.0,head
hd_p41_cp195,1989.3515895437838,1.0,head
hd_p41_cp196,2292.603214552037,1.0,head
hd_p41_cp197,1989.8726144211614,1.0,head
hd_p41_cp198,2292.7264998739897,1.0,head
hd_p41_cp199,1990.2613398929384,1.0,head
hd_p41_cp200,2292.8063399427733,1.0,head
hd_p41_cp201,1990.5394289770668,1.0,head
hd_p41_cp202,2292.85659076864,1.0,head
hd_p41_cp203,1990.7310184143682,1.0,head
hd_p41_cp204,2292.8874474493177,1.0,head
hd_p41_cp205,1990.8585704101934,1.0,head
hd_p41_cp206,2292.9060324643674,1.0,head
hd_p41_cp207,1990.9408443232107,1.0,head
hd_p41_cp208,2292.9170921553346,1.0,head
hd_p41_cp209,1990.9923604904466,1.0,head
hd_p41_cp210,2292.9236546412844,1.0,head
hd_p41_cp211,1991.023719629002,1.0,head
hd_p42_cp0,2292.8901571687447,1.0,head
hd_p42_cp1,2292.9264721308077,1.0,head
hd_p42_cp2,2285.503915607125,1.0,head
hd_p42_cp3,2285.5597423351974,1.0,head
hd_p42_cp4,2278.1081110831014,1.0,head
hd_p42_cp5,2278.190453327994,1.0,head
hd_p42_cp6,2270.7007681086834,1.0,head
hd_p42_cp7,2270.816981891136,1.0,head
hd_p42_cp8,2263.2805008179043,1.0,head
hd_p42_cp9,2263.4368029846323,1.0,head
hd_p42_cp10,2255.847122679339,1.0,head
hd_p42_cp11,2256.046188084371,1.0,head
hd_p42_cp12,2248.402301477412,1.0,head
hd_p42_cp13,2248.6399300253133,1.0,head
hd_p42_cp14,2240.9500868968794,1.0,head
hd_p42_cp15,2241.211196140524,1.0,head
hd_p42_cp16,2233.497071078414,1.0,head
hd_p42_cp17,2233.7516609464233,1.0,head
hd_p42_cp18,2226.0519299512225,1.0,head
hd_p42_cp19,2226.252126176257,1.0,head
hd_p42_cp20,2218.6241843351813,1.0,head
hd_p42_cp21,2218.703891909604,1.0,head
hd_p42_cp22,2211.222249984187,1.0,head
hd_p42_cp23,2211.101157503961,1.0,head
hd_p42_cp24,2203.85119252536,1.0,head
hd_p42_cp25,2203.4446024327817,1.0,head
hd_p42_cp26,2196.5109316336116,1.0,head
hd_p42_cp27,2195.7458860021775,1.0,head
hd_p42_cp28,2189.195682003698,1.0,head
hd_p42_cp29,2188.0320465248074,1.0,head
hd_p42_cp30,2181.894925494117,1.0,head
hd_p42_cp31,2180.347688715444,1.0,head
hd_p42_cp32,2174.5953832009236,1.0,head
hd_p42_cp33,2172.7512083891056,1.0,head
hd_p42_cp34,2167.2831182916775,1.0,head
hd_p42_cp35,2165.299400571962,1.0,head
hd_p42_cp36,2159.945163406853,1.0,head
hd_p42_cp37,2158.018512543844,1.0,head
hd_p42_cp38,2152.570544670478,1.0,head
hd_p42_cp39,2150.8818958890765,1.0,head
hd_p42_cp40,2145.150933606729,1.0,head
hd_p42_cp41,2143.832446070585,1.0,head
hd_p42_cp42,2137.6812737514797,1.0,head
hd_p42_cp43,2136.8116317782674,1.0,head
hd_p42_cp44,2130.160620279627,1.0,head
hd_p42_cp45,2129.7749473497784,1.0,head
hd_p42_cp46,2122.593183155341,1.0,head
hd_p42_cp47,2122.6957101682847,1.0,head
hd_p42_cp48,2114.9892838244677,1.0,head
hd_p42_cp49,2115.5628405685648,1.0,head
hd_p42_cp50,2107.365725972777,1.0,head
hd_p42_cp51,2108.3763678528603,1.0,head
hd_p42_cp52,2099.74501746479,1.0,head
hd_p42_cp53,2101.1427857428116,1.0,head
hd_p42_cp54,2092.153004412318,1.0,head
hd_p42_cp55,2093.871313604586,1.0,head
hd_p42_cp56,2084.6148475632185,1.0,head
hd_p42_cp57,2086.5713787921914,1.0,head
hd_p42_cp58,2077.149992300605,1.0,head
hd_p42_cp59,2079.2512183347853,1.0,head
hd_p42_cp60,2069.767774216933,1.0,head
hd_p42_cp61,2071.917334222778,1.0,head
hd_p42_cp62,2062.4658185486333,1.0,head
hd_p42_cp63,2064.574503670153,1.0,head
hd_p42_cp64,2055.2322541607505,1.0,head
hd_p42_cp65,2057.2260730898397,1.0,head
hd_p42_cp66,2048.0501595453625,1.0,head
hd_p42_cp67,2049.8743270145724,1.0,head
hd_p42_cp68,2040.9017665204688,1.0,head
hd_p42_cp69,2042.5208042715526,1.0,head
hd_p42_cp70,2033.7708918421852,1.0,head
hd_p42_cp71,2035.1665129768342,1.0,head
hd_p42_cp72,2026.6435671570018,1.0,head
hd_p42_cp73,2027.8120550281906,1.0,head
hd_p42_cp74,2019.5079141731378,1.0,head
hd_p42_cp75,2020.4577002702597,1.0,head
hd_p42_cp76,2012.3543376679295,1.0,head
hd_p42_cp77,2013.1034514528408,1.0,head
hd_p42_cp78,2005.175991684415,1.0,head
hd_p42_cp79,2005.7491231372549,1.0,head
hd_p42_cp80,1997.9690900015412,1.0,head
hd_p42_cp81,1998.3944348892373,1.0,head
hd_p42_cp82,1990.7328101092342,1.0,head
hd_p42_cp83,1991.0391039572305,1.0,head
hd_p42_cp84,2292.8670223891786,1.0,head
hd_p42_cp85,1990.581813184515,1.0,head
hd_p42_cp86,2292.834557831549,1.0,head
hd_p42_cp87,1990.3850776650077,1.0,head
hd_p42_cp88,2292.7906056982147,1.0,head
hd_p42_cp89,1990.1410982933712,1.0,head
hd_p42_cp90,2292.7333166420012,1.0,head
hd_p42_cp91,1989.8553214678552,1.0,head
hd_p42_cp92,2292.661602483621,1.0,head
hd_p42_cp93,1989.5427396834255,1.0,head
hd_p42_cp94,2292.5756488950083,1.0,head
hd_p42_cp95,1989.2295301786132,1.0,head
hd_p42_cp96,2292.4773866023943,1.0,head
hd_p42_cp97,1988.9528875859205,1.0,head
hd_p42_cp98,2292.3707856589476,1.0,head
hd_p42_cp99,1988.7575295861777,1.0,head
hd_p42_cp100,2292.2618328465096,1.0,head
hd_p42_cp101,1988.6856567724326,1.0,head
hd_p42_cp102,2292.1580884553737,1.0,head
hd_p42_cp103,1988.7575198027525,1.0,head
hd_p42_cp104,2292.0678009354947,1.0,head
hd_p42_cp105,1988.9528633792845,1.0,head
hd_p42_cp106,2291.998690127126,1.0,head
hd_p42_cp107,1989.2294805288075,1.0,head
hd_p42_cp108,2291.9566705352304,1.0,head
hd_p42_cp109,1989.5426433077726,1.0,head
hd_p42_cp110,2291.944861305254,1.0,head
hd_p42_cp111,1989.8551399874389,1.0,head
hd_p42_cp112,2291.9630425707205,1.0,head
hd_p42_cp113,1990.1407652472035,1.0,head
hd_p42_cp114,2292.0073804334706,1.0,head
hd_p42_cp115,1990.3844818620787,1.0,head
hd_p42_cp116,2292.070329361654,1.0,head
hd_p42_cp117,1990.5807747987203,1.0,head
hd_p42_cp118,2292.1409451885424,1.0,head
hd_p42_cp119,1990.7310482739122,1.0,head
hd_p42_cp120,2292.205882077563,1.0,head
hd_p42_cp121,1990.8408350127204,1.0,head
hd_p42_cp122,2292.2510208753206,1.0,head
hd_p42_cp123,1990.917419628847,1.0,head
hd_p42_cp124,2292.2634102673237,1.0,head
hd_p42_cp125,1990.9681643273454,1.0,head
hd_p42_cp126,2292.2332009122533,1.0,head
hd_p42_cp127,1990.999544263306,1.0,head
hd_p42_cp128,2292.155407900395,1.0,head
hd_p42_cp129,1991.0167465675465,1.0,head
hd_p42_cp130,2292.031463270206,1.0,head
hd_p42_cp131,1991.0236459288242,1.0,head
hd_p42_cp132,2291.8705202222477,1.0,head
hd_p42_cp133,1991.022988944428,1.0,head
hd_p42_cp134,2291.690320142512,1.0,head
hd_p42_cp135,1991.0166574672967,1.0,head
hd_p42_cp136,2291.5170013260913,1.0,head
hd_p42_cp137,1991.0059159425787,1.0,head
hd_p42_cp138,2291.38227405576,1.0,head
hd_p42_cp139,1990.9915723312529,1.0,head
hd_p42_cp140,2291.3155403464516,1.0,head
hd_p42_cp141,1990.973998807482,1.0,head
hd_p42_cp142,2291.330912990606,1.0,head
hd_p42_cp143,1990.9529739209559,1.0,head
hd_p42_cp144,2291.4177492599356,1.0,head
hd_p42_cp145,1990.9273304077549,1.0,head
hd_p42_cp146,2291.547524920059,1.0,head
hd_p42_cp147,1990.8944273769164,1.0,head
hd_p42_cp148,2291.684872397095,1.0,head
hd_p42_cp149,1990.84951034024,1.0,head
hd_p42_cp150,2291.7944206304396,1.0,head
hd_p42_cp151,1990.7850680898214,1.0,head
hd_p42_cp152,2291.8433467579594,1.0,head
hd_p42_cp153,1990.6903304329637,1.0,head
hd_p42_cp154,2291.8018609192854,1.0,head
hd_p42_cp155,1990.5510715749697,1.0,head
hd_p42_cp156,2291.643271503647,1.0,head
hd_p42_cp157,1990.349898286648,1.0,head
hd_p42_cp158,2291.344756856549,1.0,head
hd_p42_cp159,1990.0672192793954,1.0,head
hd_p42_cp160,2290.8898879444187,1.0,head
hd_p42_cp161,1989.683108801479,1.0,head
hd_p42_cp162,2290.273769757858,1.0,head
hd_p42_cp163,1989.1802788138336,1.0,head
hd_p42_cp164,2289.5109292641523,1.0,head
hd_p42_cp165,1988.5483460499795,1.0,head
hd_p42_cp166,2288.644612235878,1.0,head
hd_p42_cp167,1987.7894858478512,1.0,head
hd_p42_cp168,2287.754419251469,1.0,head
hd_p42_cp169,1986.9252468984578,1.0,head
hd_p42_cp170,2286.9580651238325,1.0,head
hd_p42_cp171,1986.0033847123943,1.0,head
hd_p42_cp172,2286.4012912442395,1.0,head
hd_p42_cp173,1985.101685198282,1.0,head
hd_p42_cp174,2286.2234943217572,1.0,head
hd_p42_cp175,1984.3234780953426,1.0,head
hd_p42_cp176,2286.486588334794,1.0,head
hd_p42_cp177,1983.7796141912943,1.0,head
hd_p42_cp178,2287.1132552565296,1.0,head
hd_p42_cp179,1983.557979891981,1.0,head
hd_p42_cp180,2287.957657565892,1.0,head
hd_p42_cp181,1983.6939964748692,1.0,head
hd_p42_cp182,2288.8775701743775,1.0,head
hd_p42_cp183,1984.1635091424864,1.0,head
hd_p42_cp184,2289.764761991993,1.0,head
hd_p42_cp185,1984.9020569294319,1.0,head
hd_p42_cp186,2290.5509494046532,1.0,head
hd_p42_cp187,1985.8194147843842,1.0,head
hd_p42_cp188,2291.203599784434,1.0,head
hd_p42_cp189,1986.799451677501,1.0,head
hd_p42_cp190,2291.7172121052254,1.0,head
hd_p42_cp191,1987.7389403232612,1.0,head
hd_p42_cp192,2292.1034298162645,1.0,head
hd_p42_cp193,1988.5693892224958,1.0,head
hd_p42_cp194,2292.3824487888196,1.0,head
hd_p42_cp195,1989.2580347610747,1.0,head
hd_p42_cp196,2292.5768500915487,1.0,head
hd_p42_cp197,1989.7995144149345,1.0,head
hd_p42_cp198,2292.7078547388646,1.0,head
hd_p42_cp199,1990.2060664165297,1.0,head
hd_p42_cp200,2292.7934654335263,1.0,head
hd_p42_cp201,1990.499031174524,1.0,head
hd_p42_cp202,2292.8478764543843,1.0,head
hd_p42_cp203,1990.7024642923502,1.0,head
hd_p42_cp204,2292.8816370754494,1.0,head
hd_p42_cp205,1990.8390254859912,1.0,head
hd_p42_cp206,2292.9021943771727,1.0,head
hd_p42_cp207,1990.9278695851278,1.0,head
hd_p42_cp208,2292.914565566361,1.0,head
hd_p42_cp209,1990.983996407761,1.0,head
hd_p42_cp210,2292.921988416943,1.0,head
hd_p42_cp211,1991.0184787266426,1.0,head
hd_p43_cp0,2292.8847830884133,1.0,head
hd_p43_cp1,2292.925235028414,1.0,head
hd_p43_cp2,2285.496292184487,1.0,head
hd_p43_cp3,2285.5579666829103,1.0,head
hd_p43_cp4,2278.097621695717,1.0,head
hd_p43_cp5,2278.187884642659,1.0,head
hd_p43_cp6,2270.6867875967355,1.0,head
hd_p43_cp7,2270.8132637057165,1.0,head
hd_p43_cp8,2263.26246233344,1.0,head
hd_p43_cp9,2263.4314515992783,1.0,head
hd_p43_cp10,2255.8245977534393,1.0,head
hd_p43_cp11,2256.0385762231876,1.0,head
hd_p43_cp12,2248.3750806578564,1.0,head
hd_p43_cp13,2248.629287482295,1.0,head
hd_p43_cp14,2240.918244829255,1.0,head
hd_p43_cp15,2241.196636241801,1.0,head
hd_p43_cp16,2233.4609998428355,1.0,head
hd_p43_cp17,2233.7322417969126,1.0,head
hd_p43_cp18,2226.0123287085516,1.0,head
hd_p43_cp19,2226.2269536153053,1.0,head
hd_p43_cp20,2218.5820013331004,1.0,head
hd_p43_cp21,2218.6722591585367,1.0,head
hd_p43_cp22,2211.178582564745,1.0,head
hd_p43_cp23,2211.0626841859817,1.0,head
hd_p43_cp24,2203.8071592876463,1.0,head
hd_p43_cp25,2203.3992956599664,1.0,head
hd_p43_cp26,2196.467535836322,1.0,head
hd_p43_cp27,2195.694068844421,1.0,head
hd_p43_cp28,2189.1536831182625,1.0,head
hd_p43_cp29,2187.974260279095,1.0,head
hd_p43_cp30,2181.854729139418,1.0,head
hd_p43_cp31,2180.284825527977,1.0,head
hd_p43_cp32,2174.5569663158653,1.0,head
hd_p43_cp33,2172.684818485229,1.0,head
hd_p43_cp34,2167.246009364943,1.0,head
hd_p43_cp35,2165.231549255877,1.0,head
hd_p43_cp36,2159.908492754883,1.0,head
hd_p43_cp37,2157.951341436396,1.0,head
hd_p43_cp38,2152.533167955676,1.0,head
hd_p43_cp39,2150.8174570792576,1.0,head
hd_p43_cp40,2145.1116132462266,1.0,head
hd_p43_cp41,2143.772267317859,1.0,head
hd_p43_cp42,2137.638881712728,1.0,head
hd_p43_cp43,2136.756580567907,1.0,head
hd_p43_cp44,2130.114311116561,1.0,head
hd_p43_cp45,2129.725546774818,1.0,head
hd_p43_cp46,2122.542488851948,1.0,head
hd_p43_cp47,2122.652280083945,1.0,head
hd_p43_cp48,2114.9341078625566,1.0,head
hd_p43_cp49,2115.5254067305127,1.0,head
hd_p43_cp50,2107.306254847691,1.0,head
hd_p43_cp51,2108.34459449577,1.0,head
hd_p43_cp52,2099.681600274411,1.0,head
hd_p43_cp53,2101.1160375163245,1.0,head
hd_p43_cp54,2092.08605514676,1.0,head
hd_p43_cp55,2093.8487923677285,1.0,head
hd_p43_cp56,2084.5448075142335,1.0,head
hd_p43_cp57,2086.5522588827257,1.0,head
hd_p43_cp58,2077.0773692166526,1.0,head
hd_p43_cp59,2079.234744459572,1.0,head
hd_p43_cp60,2069.6932389899425,1.0,head
hd_p43_cp61,2071.9028783373615,1.0,head
hd_p43_cp62,2062.390297024977,1.0,head
hd_p43_cp63,2064.5615883376527,1.0,head
hd_p43_cp64,2055.1569590970585,1.0,head
hd_p43_cp65,2057.2143698046975,1.0,head
hd_p43_cp66,2047.9765374121641,1.0,head
hd_p43_cp67,2049.8636372786655,1.0,head
hd_p43_cp68,2040.8313816018006,1.0,head
hd_p43_cp69,2042.5110307159507,1.0,head
hd_p43_cp70,2033.7052722960075,1.0,head
hd_p43_cp71,2035.1576269859797,1.0,head
hd_p43_cp72,2026.5840226974801,1.0,head
hd_p43_cp73,2027.8040658782652,1.0,head
hd_p43_cp74,2019.4553649622735,1.0,head
hd_p43_cp75,2020.4506290635113,1.0,head
hd_p43_cp76,2012.309237278417,1.0,head
hd_p43_cp77,2013.0973115666368,1.0,head
hd_p43_cp78,2005.1383503918355,1.0,head
hd_p43_cp79,2005.743907772545,1.0,head
hd_p43_cp80,1997.9385518088739,1.0,head
hd_p43_cp81,1998.3901115948743,1.0,head
hd_p43_cp82,1990.7087441614203,1.0,head
hd_p43_cp83,1991.0356155706631,1.0,head
hd_p43_cp84,2292.859364762412,1.0,head
hd_p43_cp85,1990.5509935530138,1.0,head
hd_p43_cp86,2292.8239405448485,1.0,head
hd_p43_cp87,1990.3471528569382,1.0,head
hd_p43_cp88,2292.7762829661106,1.0,head
hd_p43_cp89,1990.0961926105706,1.0,head
hd_p43_cp90,2292.7145154096215,1.0,head
hd_p43_cp91,1989.8038991151534,1.0,head
hd_p43_cp92,2292.637579091739,1.0,head
hd_p43_cp93,1989.4852708077933,1.0,head
hd_p43_cp94,2292.5457561058543,1.0,head
hd_p43_cp95,1989.1661784820963,1.0,head
hd_p43_cp96,2292.4411470158498,1.0,head
hd_p43_cp97,1988.8836395133578,1.0,head
hd_p43_cp98,2292.3279682483812,1.0,head
hd_p43_cp99,1988.6831378350842,1.0,head
hd_p43_cp100,2292.2125272843896,1.0,head
hd_p43_cp101,1988.608988129898,1.0,head
hd_p43_cp102,2292.102764000344,1.0,head
hd_p43_cp103,1988.683125406396,1.0,head
hd_p43_cp104,2292.0073264614875,1.0,head
hd_p43_cp105,1988.8836090014665,1.0,head
hd_p43_cp106,2291.934291236001,1.0,head
hd_p43_cp107,1989.166116555364,1.0,head
hd_p43_cp108,2291.889817047806,1.0,head
hd_p43_cp109,1989.4851519773774,1.0,head
hd_p43_cp110,2291.877103939881,1.0,head
hd_p43_cp111,1989.8036779297697,1.0,head
hd_p43_cp112,2291.895833051063,1.0,head
hd_p43_cp113,1990.095791256286,1.0,head
hd_p43_cp114,2291.9419134238697,1.0,head
hd_p43_cp115,1990.3464426004603,1.0,head
hd_p43_cp116,2292.007429428823,1.0,head
hd_p43_cp117,1990.5497684348497,1.0,head
hd_p43_cp118,2292.081003736907,1.0,head
hd_p43_cp119,1990.7066857918207,1.0,head
hd_p43_cp120,2292.1488425882776,1.0,head
hd_p43_cp121,1990.8223049594683,1.0,head
hd_p43_cp122,2292.1964119951504,1.0,head
hd_p43_cp123,1990.90365728936,1.0,head
hd_p43_cp124,2292.210425548655,1.0,head
hd_p43_cp125,1990.9580280364648,1.0,head
hd_p43_cp126,2292.180814814698,1.0,head
hd_p43_cp127,1990.9919465351445,1.0,head
hd_p43_cp128,2292.102504651052,1.0,head
hd_p43_cp129,1991.0107282152474,1.0,head
hd_p43_cp130,2291.9769585448876,1.0,head
hd_p43_cp131,1991.018402783636,1.0,head
hd_p43_cp132,2291.8134909910245,1.0,head
hd_p43_cp133,1991.017866754141,1.0,head
hd_p43_cp134,2291.630185743927,1.0,head
hd_p43_cp135,1991.0111283003741,1.0,head
hd_p43_cp136,2291.453720189425,1.0,head
hd_p43_cp137,1990.9995441702233,1.0,head
hd_p43_cp138,2291.316342881631,1.0,head
hd_p43_cp139,1990.9839728245026,1.0,head
hd_p43_cp140,2291.2476301459974,1.0,head
hd_p43_cp141,1990.9647857968318,1.0,head
hd_p43_cp142,2291.261577328274,1.0,head
hd_p43_cp143,1990.941696871443,1.0,head
hd_p43_cp144,2291.3477754188393,1.0,head
hd_p43_cp145,1990.9133938489751,1.0,head
hd_p43_cp146,2291.4775743392147,1.0,head
hd_p43_cp147,1990.8769951381892,1.0,head
hd_p43_cp148,2291.6149948663774,1.0,head
hd_p43_cp149,1990.8274007692405,1.0,head
hd_p43_cp150,2291.723906981916,1.0,head
hd_p43_cp151,1990.7566546381522,1.0,head
hd_p43_cp152,2291.770798526555,1.0,head
hd_p43_cp153,1990.6534698893395,1.0,head
hd_p43_cp154,2291.7253170144318,1.0,head
hd_p43_cp155,1990.503087830702,1.0,head
hd_p43_cp156,2291.560408748506,1.0,head
hd_p43_cp157,1990.287649743253,1.0,head
hd_p43_cp158,2291.2532347553915,1.0,head
hd_p43_cp159,1989.9872705487144,1.0,head
hd_p43_cp160,2290.7877983675,1.0,head
hd_p43_cp161,1989.5820135797576,1.0,head
hd_p43_cp162,2290.159956360378,1.0,head
hd_p43_cp163,1989.054967294972,1.0,head
hd_p43_cp164,2289.3847945315715,1.0,head
hd_p43_cp165,1988.396603183714,1.0,head
hd_p43_cp166,2288.5052613345974,1.0,head
hd_p43_cp167,1987.610496896928,1.0,head
hd_p43_cp168,2287.599974596341,1.0,head
hd_p43_cp169,1986.7201389795227,1.0,head
hd_p43_cp170,2286.7870988723153,1.0,head
hd_p43_cp171,1985.7755805376096,1.0,head
hd_p43_cp172,2286.2168861069326,1.0,head
hd_p43_cp173,1984.8567867193644,1.0,head
hd_p43_cp174,2286.035203290585,1.0,head
hd_p43_cp175,1984.068517446682,1.0,head
hd_p43_cp176,2286.3057005842147,1.0,head
hd_p43_cp177,1983.5218796249403,1.0,head
hd_p43_cp178,2286.9492789030887,1.0,head
hd_p43_cp179,1983.3038766093207,1.0,head
hd_p43_cp180,2287.813519244077,1.0,head
hd_p43_cp181,1983.4484886960065,1.0,head
hd_p43_cp182,2288.7516444630605,1.0,head
hd_p43_cp183,1983.9306962649762,1.0,head
hd_p43_cp184,2289.655141036881,1.0,head
hd_p43_cp185,1984.6863272908167,1.0,head
hd_p43_cp186,2290.457005141163,1.0,head
hd_p43_cp187,1985.6264353735617,1.0,head
hd_p43_cp188,2291.1252764585975,1.0,head
hd_p43_cp189,1986.631799442459,1.0,head
hd_p43_cp190,2291.6540443390168,1.0,head
hd_p43_cp191,1987.5968546295273,1.0,head
hd_p43_cp192,2292.0541802204616,1.0,head
hd_p43_cp193,1988.4518075741692,1.0,head
hd_p43_cp194,2292.345262847231,1.0,head
hd_p43_cp195,1989.1631442986607,1.0,head
hd_p43_cp196,2292.5495893035536,1.0,head
hd_p43_cp197,1989.7250499660554,1.0,head
hd_p43_cp198,2292.6883954918235,1.0,head
hd_p43_cp199,1990.1494080171503,1.0,head
hd_p43_cp200,2292.7798960850037,1.0,head
hd_p43_cp201,1990.457298186709,1.0,head
hd_p43_cp202,2292.8385966167248,1.0,head
hd_p43_cp203,1990.6727098485408,1.0,head
hd_p43_cp204,2292.875383578067,1.0,head
hd_p43_cp205,1990.8184730926912,1.0,head
hd_p43_cp206,2292.898019409349,1.0,head
hd_p43_cp207,1990.9140989221294,1.0,head
hd_p43_cp208,2292.911788688978,1.0,head
hd_p43_cp209,1990.975035398378,1.0,head
hd_p43_cp210,2292.9201392222412,1.0,head
hd_p43_cp211,1991.0128099467333,1.0,head
hd_p44_cp0,2292.8790039539726,1.0,head
hd_p44_cp1,2292.9238572952827,1.0,head
hd_p44_cp2,2285.4881636462965,1.0,head
hd_p44_cp3,2285.5560092375968,1.0,head
hd_p44_cp4,2278.086524165498,1.0,head
hd_p44_cp5,2278.18508350633,1.0,head
hd_p44_cp6,2270.672101284003,1.0,head
hd_p44_cp7,2270.8092548268596,1.0,head
hd_p44_cp8,2263.2436340154904,1.0,head
hd_p44_cp9,2263.425747790317,1.0,head
hd_p44_cp10,2255.8012191416437,1.0,head
hd_p44_cp11,2256.030553556987,1.0,head
hd_p44_cp12,2248.346965871284,1.0,head
hd_p44_cp13,2248.6181890184475,1.0,head
hd_p44_cp14,2240.885491493326,1.0,head
hd_p44_cp15,2241.1816017470023,1.0,head
hd_p44_cp16,2233.424018509641,1.0,head
hd_p44_cp17,2233.7123712768152,1.0,head
hd_p44_cp18,2225.9718293227197,1.0,head
hd_p44_cp19,2226.2014069637016,1.0,head
hd_p44_cp20,2218.538932908611,1.0,head
hd_p44_cp21,2218.640378062669,1.0,head
hd_p44_cp22,2211.134031779835,1.0,head
hd_p44_cp23,2211.024095313623,1.0,head
hd_p44_cp24,2203.7622235202552,1.0,head
hd_p44_cp25,2203.3539420548386,1.0,head
hd_p44_cp26,2196.423192001701,1.0,head
hd_p44_cp27,2195.64217133718,1.0,head
hd_p44_cp28,2189.110668303514,1.0,head
hd_p44_cp29,2187.916321616455,1.0,head
hd_p44_cp30,2181.81343856654,1.0,head
hd_p44_cp31,2180.2217667447926,1.0,head
hd_p44_cp32,2174.517383995669,1.0,head
hd_p44_cp33,2172.618082024491,1.0,head
hd_p44_cp34,2167.207692319952,1.0,head
hd_p44_cp35,2165.1631052971593,1.0,head
hd_p44_cp36,2159.8706231376027,1.0,head
hd_p44_cp37,2157.883782573135,1.0,head
hd_p44_cp38,2152.4946737695896,1.0,head
hd_p44_cp39,2150.752740853135,1.0,head
hd_p44_cp40,2145.071340341494,1.0,head
hd_p44_cp41,2143.7118145853156,1.0,head
hd_p44_cp42,2137.595781101589,1.0,head
hd_p44_cp43,2136.7012884370474,1.0,head
hd_p44_cp44,2130.0675946710157,1.0,head
hd_p44_cp45,2129.675899933912,1.0,head
hd_p44_cp46,2122.491712174446,1.0,head
hd_p44_cp47,2122.6084954553266,1.0,head
hd_p44_cp48,2114.87916404691,1.0,head
hd_p44_cp49,2115.4874445439623,1.0,head
hd_p44_cp50,2107.247296859032,1.0,head
hd_p44_cp51,2108.3121242273546,1.0,head
hd_p44_cp52,2099.618934145704,1.0,head
hd_p44_cp53,2101.0884707858118,1.0,head
hd_p44_cp54,2092.02005072391,1.0,head
hd_p44_cp55,2093.825384614852,1.0,head
hd_p44_cp56,2084.475864516801,1.0,head
hd_p44_cp57,2086.532227523339,1.0,head
hd_p44_cp58,2077.0059560542804,1.0,head
hd_p44_cp59,2079.21736392695,1.0,head
hd_p44_cp60,2069.619979822495,1.0,head
hd_p44_cp61,2071.8875394879656,1.0,head
hd_p44_cp62,2062.316048144239,1.0,head
hd_p44_cp63,2064.5478250768247,1.0,head
hd_p44_cp64,2055.082843620006,1.0,head
hd_p44_cp65,2057.2018602509197,1.0,head
hd_p44_cp66,2047.9039123212085,1.0,head
hd_p44_cp67,2049.852187093015,1.0,head
hd_p44_cp68,2040.7617456086773,1.0,head
hd_p44_cp69,2042.5005457597183,1.0,head
hd_p44_cp70,2033.640127699684,1.0,head
hd_p44_cp71,2035.1480816986598,1.0,head
hd_p44_cp72,2026.5246912795112,1.0,head
hd_p44_cp73,2027.7954725197671,1.0,head
hd_p44_cp74,2019.402799499393,1.0,head
hd_p44_cp75,2020.4430113753383,1.0,head
hd_p44_cp76,2012.2639296681682,1.0,head
hd_p44_cp77,2013.0906848466261,1.0,head
hd_p44_cp78,2005.1003510307517,1.0,head
hd_p44_cp79,2005.7382661322945,1.0,head
hd_p44_cp80,1997.9075482837968,1.0,head
hd_p44_cp81,1998.3854223597566,1.0,head
hd_p44_cp82,1990.6841536014172,1.0,head
hd_p44_cp83,1991.0318202950873,1.0,head
hd_p44_cp84,2292.8511904075262,1.0,head
hd_p44_cp85,1990.5197625871463,1.0,head
hd_p44_cp86,2292.812683239217,1.0,head
hd_p44_cp87,1990.3089504216457,1.0,head
hd_p44_cp88,2292.7611894041465,1.0,head
hd_p44_cp89,1990.051049055019,1.0,head
hd_p44_cp90,2292.6948093355645,1.0,head
hd_p44_cp91,1989.752007903571,1.0,head
hd_p44_cp92,2292.6125176390565,1.0,head
hd_p44_cp93,1989.4266373049682,1.0,head
hd_p44_cp94,2292.5146967946994,1.0,head
hd_p44_cp95,1989.1003904144825,1.0,head
hd_p44_cp96,2292.4036224128527,1.0,head
hd_p44_cp97,1988.8102652636994,1.0,head
hd_p44_cp98,2292.283764959284,1.0,head
hd_p44_cp99,1988.6031151332618,1.0,head
hd_p44_cp100,2292.161761890504,1.0,head
hd_p44_cp101,1988.5261281670607,1.0,head
hd_p44_cp102,2292.0459395219837,1.0,head
hd_p44_cp103,1988.603099493707,1.0,head
hd_p44_cp104,2291.945344761163,1.0,head
hd_p44_cp105,1988.8102271541713,1.0,head
hd_p44_cp106,2291.8684007003853,1.0,head
hd_p44_cp107,1989.1003138426531,1.0,head
hd_p44_cp108,2291.8214946331673,1.0,head
hd_p44_cp109,1989.4264919868745,1.0,head
hd_p44_cp110,2291.8078924520255,1.0,head
hd_p44_cp111,1989.7517404123992,1.0,head
hd_p44_cp112,2291.827164549596,1.0,head
hd_p44_cp113,1990.0505689166575,1.0,head
hd_p44_cp114,2291.8749553131024,1.0,head
hd_p44_cp115,1990.308109554582,1.0,head
hd_p44_cp116,2291.942977438221,1.0,head
hd_p44_cp117,1990.518326509338,1.0,head
hd_p44_cp118,2292.0194270360644,1.0,head
hd_p44_cp119,1990.6817633698442,1.0,head
hd_p44_cp120,2292.0900769218765,1.0,head
hd_p44_cp121,1990.8031543731856,1.0,head
hd_p44_cp122,2292.1399958385205,1.0,head
hd_p44_cp123,1990.889276976553,1.0,head
hd_p44_cp124,2292.1555743068575,1.0,head
hd_p44_cp125,1990.9473174273169,1.0,head
hd_p44_cp126,2292.126524116602,1.0,head
hd_p44_cp127,1990.9838340158692,1.0,head
hd_p44_cp128,2292.047670622039,1.0,head
hd_p44_cp129,1991.0042507105027,1.0,head
hd_p44_cp130,2291.920513383401,1.0,head
hd_p44_cp131,1991.012739861174,1.0,head
hd_p44_cp132,2291.7545738363046,1.0,head
hd_p44_cp133,1991.0123415910555,1.0,head
hd_p44_cp134,2291.568351998599,1.0,head
hd_p44_cp135,1991.005187845606,1.0,head
hd_p44_cp136,2291.3890750534597,1.0,head
hd_p44_cp137,1990.9927266547472,1.0,head
hd_p44_cp138,2291.2493693471915,1.0,head
hd_p44_cp139,1990.975865737811,1.0,head
hd_p44_cp140,2291.1787551301986,1.0,head
hd_p44_cp141,1990.9549734125442,1.0,head
hd_p44_cp142,2291.191139982967,1.0,head
hd_p44_cp143,1990.929694442779,1.0,head
hd_p44_cp144,2291.2763152556104,1.0,head
hd_p44_cp145,1990.8985663417961,1.0,head
hd_p44_cp146,2291.405735024832,1.0,head
hd_p44_cp147,1990.858461980527,1.0,head
hd_p44_cp148,2291.5429744384696,1.0,head
hd_p44_cp149,1990.8039341197536,1.0,head
hd_p44_cp150,2291.651146909849,1.0,head
hd_p44_cp151,1990.726586063176,1.0,head
hd_p44_cp152,2291.6959992507077,1.0,head
hd_p44_cp153,1990.6146274947612,1.0,head
hd_p44_cp154,2291.6466026515027,1.0,head
hd_p44_cp155,1990.4527905980049,1.0,head
hd_p44_cp156,2291.475570206632,1.0,head
hd_p44_cp157,1990.2227854574044,1.0,head
hd_p44_cp158,2291.160053898271,1.0,head
hd_p44_cp159,1989.9044766971233,1.0,head
hd_p44_cp160,2290.68437326042,1.0,head
hd_p44_cp161,1989.477968460404,1.0,head
hd_p44_cp162,2290.0447954347187,1.0,head
hd_p44_cp163,1988.9267859183897,1.0,head
hd_p44_cp164,2289.2564400669803,1.0,head
hd_p44_cp165,1988.2423210355744,1.0,head
hd_p44_cp166,2288.3616552421768,1.0,head
hd_p44_cp167,1987.4296022963358,1.0,head
hd_p44_cp168,2287.438701754911,1.0,head
hd_p44_cp169,1986.5140577444513,1.0,head
hd_p44_cp170,2286.607810640174,1.0,head
hd_p44_cp171,1985.5479283394884,1.0,head
hd_p44_cp172,2286.0245519766686,1.0,head
hd_p44_cp173,1984.6131674790538,1.0,head
hd_p44_cp174,2285.839511113159,1.0,head
hd_p44_cp175,1983.8157602564672,1.0,head
hd_p44_cp176,2286.116905419084,1.0,head
hd_p44_cp177,1983.266818957485,1.0,head
hd_p44_cp178,2286.7770421890464,1.0,head
hd_p44_cp179,1983.0520672199484,1.0,head
hd_p44_cp180,2287.6627417628724,1.0,head
hd_p44_cp181,1983.203834076081,1.0,head
hd_p44_cp182,2288.621871113601,1.0,head
hd_p44_cp183,1983.6968717426885,1.0,head
hd_p44_cp184,2289.5439521840585,1.0,head
hd_p44_cp185,1984.4685928526974,1.0,head
hd_p44_cp186,2290.3625811607185,1.0,head
hd_p44_cp187,1985.4308107179338,1.0,head
hd_p44_cp188,2291.0466545981208,1.0,head
hd_p44_cp189,1986.4619040891498,1.0,head
hd_p44_cp190,2291.5903786595195,1.0,head
hd_p44_cp191,1987.4530317465048,1.0,head
hd_p44_cp192,2292.0042041673746,1.0,head
hd_p44_cp193,1988.3327448772072,1.0,head
hd_p44_cp194,2292.307225517077,1.0,head
hd_p44_cp195,1989.066864808756,1.0,head
hd_p44_cp196,2292.521464186529,1.0,head
hd_p44_cp197,1989.6492141542774,1.0,head
hd_p44_cp198,2292.6681373507495,1.0,head
hd_p44_cp199,1990.0913891643113,1.0,head
hd_p44_cp200,2292.765635272711,1.0,head
hd_p44_cp201,1990.4142632847277,1.0,head
hd_p44_cp202,2292.82874712667,1.0,head
hd_p44_cp203,1990.6417794575934,1.0,head
hd_p44_cp204,2292.868678617269,1.0,head
hd_p44_cp205,1990.796922814537,1.0,head
hd_p44_cp206,2292.8934974149306,1.0,head
hd_p44_cp207,1990.89952952773,1.0,head
hd_p44_cp208,2292.908751210899,1.0,head
hd_p44_cp209,1990.9654674128833,1.0,head
hd_p44_cp210,2292.9180975573104,1.0,head
hd_p44_cp211,1991.0067005832793,1.0,head
hd_p45_cp0,2292.8728116018974,1.0,head
hd_p45_cp1,2292.922330850891,1.0,head
hd_p45_cp2,2285.479524821023,1.0,head
hd_p45_cp3,2285.5538617694488,1.0,head
hd_p45_cp4,2278.074817590447,1.0,head
hd_p45_cp5,2278.1820421804746,1.0,head
hd_p45_cp6,2270.6567135178234,1.0,head
hd_p45_cp7,2270.8049489738255,1.0,head
hd_p45_cp8,2263.2240259172486,1.0,head
hd_p45_cp9,2263.419687960093,1.0,head
hd_p45_cp10,2255.7770025141376,1.0,head
hd_p45_cp11,2256.0221205899916,1.0,head
hd_p45_cp12,2248.317978027339,1.0,head
hd_p45_cp13,2248.606640703505,1.0,head
hd_p45_cp14,2240.851852846783,1.0,head
hd_p45_cp15,2241.1661050455587,1.0,head
hd_p45_cp16,2233.3861584801457,1.0,head
hd_p45_cp17,2233.6920658314793,1.0,head
hd_p45_cp18,2225.93046945657,1.0,head
hd_p45_cp19,2226.1754976374136,1.0,head
hd_p45_cp20,2218.49502321751,1.0,head
hd_p45_cp21,2218.608238006711,1.0,head
hd_p45_cp22,2211.088646696621,1.0,head
hd_p45_cp23,2210.985343324245,1.0,head
hd_p45_cp24,2203.716435787699,1.0,head
hd_p45_cp25,2203.3084630786007,1.0,head
hd_p45_cp26,2196.3779485673126,1.0,head
hd_p45_cp27,2195.5900965965,1.0,head
hd_p45_cp28,2189.066681860642,1.0,head
hd_p45_cp29,2187.8580314486353,1.0,head
hd_p45_cp30,2181.7710948238196,1.0,head
hd_p45_cp31,2180.1579572239934,1.0,head
hd_p45_cp32,2174.4766771948784,1.0,head
hd_p45_cp33,2172.54997887158,1.0,head
hd_p45_cp34,2167.1682114199334,1.0,head
hd_p45_cp35,2165.0929769857535,1.0,head
hd_p45_cp36,2159.831603745825,1.0,head
hd_p45_cp37,2157.8148160686087,1.0,head
hd_p45_cp38,2152.455114801584,1.0,head
hd_p45_cp39,2150.6871924046636,1.0,head
hd_p45_cp40,2145.0301663588766,1.0,head
hd_p45_cp41,2143.6508889033607,1.0,head
hd_p45_cp42,2137.552015284442,1.0,head
hd_p45_cp43,2136.64565801115,1.0,head
hd_p45_cp44,2130.020499820252,1.0,head
hd_p45_cp45,2129.6259267825735,1.0,head
hd_p45_cp46,2122.440864614341,1.0,head
hd_p45_cp47,2122.5643058693768,1.0,head
hd_p45_cp48,2114.82444793332,1.0,head
hd_p45_cp49,2115.448939027346,1.0,head
hd_p45_cp50,2107.1888345323637,1.0,head
hd_p45_cp51,2108.278962613139,1.0,head
hd_p45_cp52,2099.5569886285284,1.0,head
hd_p45_cp53,2101.0600948853325,1.0,head
hd_p45_cp54,2091.9549440925625,1.0,head
hd_p45_cp55,2093.801094723821,1.0,head
hd_p45_cp56,2084.407951865912,1.0,head
hd_p45_cp57,2086.5112822998185,1.0,head
hd_p45_cp58,2076.935669507204,1.0,head
hd_p45_cp59,2079.1990687063885,1.0,head
hd_p45_cp60,2069.547904212109,1.0,head
hd_p45_cp61,2071.8713058292337,1.0,head
hd_p45_cp62,2062.2429701613723,1.0,head
hd_p45_cp63,2064.533199831548,1.0,head
hd_p45_cp64,2055.0097901656018,1.0,head
hd_p45_cp65,2057.1885293914197,1.0,head
hd_p45_cp66,2047.83214781703,1.0,head
hd_p45_cp67,2049.8399612648113,1.0,head
hd_p45_cp68,2040.6927117677806,1.0,head
hd_p45_cp69,2042.4893344967616,1.0,head
hd_p45_cp70,2033.5753194510553,1.0,head
hd_p45_cp71,2035.13786263991,1.0,head
hd_p45_cp72,2026.4654613916637,1.0,head
hd_p45_cp73,2027.7862608828498,1.0,head
hd_p45_cp74,2019.350146232866,1.0,head
hd_p45_cp75,2020.43483346971,1.0,head
hd_p45_cp76,2012.2183851794405,1.0,head
hd_p45_cp77,2013.0835578636907,1.0,head
hd_p45_cp78,2005.0619978347254,1.0,head
hd_p45_cp79,2005.7321851597917,1.0,head
hd_p45_cp80,1997.876104766799,1.0,head
hd_p45_cp81,1998.380354674066,1.0,head
hd_p45_cp82,1990.6590720417175,1.0,head
hd_p45_cp83,1991.0277064479058,1.0,head
hd_p45_cp84,2292.8424932273592,1.0,head
hd_p45_cp85,1990.488128573378,1.0,head
hd_p45_cp86,2292.8007830459737,1.0,head
hd_p45_cp87,1990.2704094008634,1.0,head
hd_p45_cp88,2292.7453263496536,1.0,head
hd_p45_cp89,1990.0054748392008,1.0,head
hd_p45_cp90,2292.6742047657217,1.0,head
hd_p45_cp91,1989.699247229566,1.0,head
hd_p45_cp92,2292.586430456731,1.0,head
hd_p45_cp93,1989.3661654879538,1.0,head
hd_p45_cp94,2292.4824910715192,1.0,head
hd_p45_cp95,1989.031239671611,1.0,head
hd_p45_cp96,2292.3648437976317,1.0,head
hd_p45_cp97,1988.7317916749093,1.0,head
hd_p45_cp98,2292.238221774491,1.0,head
hd_p45_cp99,1988.516747746981,1.0,head
hd_p45_cp100,2292.109601032999,1.0,head
hd_p45_cp101,1988.4366102463155,1.0,head
hd_p45_cp102,2291.987698128461,1.0,head
hd_p45_cp103,1988.5167282425837,1.0,head
hd_p45_cp104,2291.881953473312,1.0,head
hd_p45_cp105,1988.7317444834944,1.0,head
hd_p45_cp106,2291.801122782094,1.0,head
hd_p45_cp107,1989.0311457607709,1.0,head
hd_p45_cp108,2291.75180560434,1.0,head
hd_p45_cp109,1989.3659891441675,1.0,head
hd_p45_cp110,2291.7373210544624,1.0,head
hd_p45_cp111,1989.6989260878515,1.0,head
hd_p45_cp112,2291.7571215025873,1.0,head
hd_p45_cp113,1990.004904387331,1.0,head
hd_p45_cp114,2291.8065831213044,1.0,head
hd_p45_cp115,1990.269420325996,1.0,head
hd_p45_cp116,2291.877046824337,1.0,head
hd_p45_cp117,1990.486455404527,1.0,head
hd_p45_cp118,2291.9562871775133,1.0,head
hd_p45_cp119,1990.6563121816462,1.0,head
hd_p45_cp120,2292.0296543212926,1.0,head
hd_p45_cp121,1990.78341387784,1.0,head
hd_p45_cp122,2292.0818333206294,1.0,head
hd_p45_cp123,1990.8742982648168,1.0,head
hd_p45_cp124,2292.0989025057374,1.0,head
hd_p45_cp125,1990.9360396416546,1.0,head
hd_p45_cp126,2292.070359237258,1.0,head
hd_p45_cp127,1990.9752040742528,1.0,head
hd_p45_cp128,2291.9909365505155,1.0,head
hd_p45_cp129,1990.997305160036,1.0,head
hd_p45_cp130,2291.862196442045,1.0,head
hd_p45_cp131,1991.006644908484,1.0,head
hd_p45_cp132,2291.6939176293304,1.0,head
hd_p45_cp133,1991.00639974555,1.0,head
hd_p45_cp134,2291.50504198518,1.0,head
hd_p45_cp135,1990.9988219374807,1.0,head
hd_p45_cp136,2291.3232498156494,1.0,head
hd_p45_cp137,1990.9854491164501,1.0,head
hd_p45_cp138,2291.181340443566,1.0,head
hd_p45_cp139,1990.9672366041793,1.0,head
hd_p45_cp140,2291.1087692962533,1.0,head
hd_p45_cp141,1990.9445467368191,1.0,head
hd_p45_cp142,2291.1195955388325,1.0,head
hd_p45_cp143,1990.9169510578283,1.0,head
hd_p45_cp144,2291.2035668536023,1.0,head
hd_p45_cp145,1990.8828318067897,1.0,head
hd_p45_cp146,2291.332248713241,1.0,head
hd_p45_cp147,1990.8388122173367,1.0,head
hd_p45_cp148,2291.468980281419,1.0,head
hd_p45_cp149,1990.7790970929634,1.0,head
hd_p45_cp150,2291.5762285418964,1.0,head
hd_p45_cp151,1990.6948547868924,1.0,head
hd_p45_cp152,2291.6189963172114,1.0,head
hd_p45_cp153,1990.5738061073234,1.0,head
hd_p45_cp154,2291.565755851525,1.0,head
hd_p45_cp155,1990.4001991903428,1.0,head
hd_p45_cp156,2291.3887758507126,1.0,head
hd_p45_cp157,1990.1553485500508,1.0,head
hd_p45_cp158,2291.0651508030287,1.0,head
hd_p45_cp159,1989.818913580067,1.0,head
hd_p45_cp160,2290.5793478221904,1.0,head
hd_p45_cp161,1989.3710922400073,1.0,head
hd_p45_cp162,2289.9277268061524,1.0,head
hd_p45_cp163,1988.795904832432,1.0,head
hd_p45_cp164,2289.1251458799247,1.0,head
hd_p45_cp165,1988.0857196734746,1.0,head
hd_p45_cp166,2288.2135238846186,1.0,head
hd_p45_cp167,1987.2470518173413,1.0,head
hd_p45_cp168,2287.2717398202094,1.0,head
hd_p45_cp169,1986.3072506911856,1.0,head
hd_p45_cp170,2286.4231838307514,1.0,head
hd_p45_cp171,1985.3206674279054,1.0,head
hd_p45_cp172,2285.828293130116,1.0,head
hd_p45_cp173,1984.3711077929213,1.0,head
hd_p45_cp174,2285.6405601512483,1.0,head
hd_p45_cp175,1983.5655549847615,1.0,head
hd_p45_cp176,2285.924241992197,1.0,head
hd_p45_cp177,1983.014727627476,1.0,head
hd_p45_cp178,2286.599580514359,1.0,head
hd_p45_cp179,1982.8027081184648,1.0,head
hd_p45_cp180,2287.5064865106624,1.0,head
hd_p45_cp181,1982.960490281494,1.0,head
hd_p45_cp182,2288.4879601358334,1.0,head
hd_p45_cp183,1983.463506269314,1.0,head
hd_p45_cp184,2289.4304379465,1.0,head
hd_p45_cp185,1984.250853702686,1.0,head
hd_p45_cp186,2290.2670850992345,1.0,head
hd_p45_cp187,1985.2337754303683,1.0,head
hd_p45_cp188,2290.967449579063,1.0,head
hd_p45_cp189,1986.289827077781,1.0,head
hd_p45_cp190,2291.5261428362533,1.0,head
hd_p45_cp191,1987.3071665262698,1.0,head
hd_p45_cp192,2291.953521060278,1.0,head
hd_p45_cp193,1988.2119817631049,1.0,head
hd_p45_cp194,2292.268375672861,1.0,head
hd_p45_cp195,1988.9690990265872,1.0,head
hd_p45_cp196,2292.492505141204,1.0,head
hd_p45_cp197,1989.5719825548845,1.0,head
hd_p45_cp198,2292.647096877891,1.0,head
hd_p45_cp199,1990.0320227508676,1.0,head
hd_p45_cp200,2292.750688079062,1.0,head
hd_p45_cp201,1990.3699518807632,1.0,head
hd_p45_cp202,2292.8183253064094,1.0,head
hd_p45_cp203,1990.6096943495118,1.0,head
hd_p45_cp204,2292.8615149803654,1.0,head
hd_p45_cp205,1990.7743845484758,1.0,head
hd_p45_cp206,2292.888619071589,1.0,head
hd_p45_cp207,1990.884160314032,1.0,head
hd_p45_cp208,2292.9054433705105,1.0,head
hd_p45_cp209,1990.9552841450225,1.0,head
hd_p45_cp210,2292.9158542440773,1.0,head
hd_p45_cp211,1991.0001391648316,1.0,head
hd_p46_cp0,2292.866198680068,1.0,head
hd_p46_cp1,2292.9206477851476,1.0,head
hd_p46_cp2,2285.470371424779,1.0,head
hd_p46_cp3,2285.551516378326,1.0,head
hd_p46_cp4,2278.062501880179,1.0,head
hd_p46_cp5,2278.1787534038704,1.0,head
hd_p46_cp6,2270.6406292645947,1.0,head
hd_p46_cp7,2270.800340459767,1.0,head
hd_p46_cp8,2263.2036485530775,1.0,head
hd_p46_cp9,2263.4132691696022,1.0,head
hd_p46_cp10,2255.7519641720564,1.0,head
hd_p46_cp11,2256.013278407593,1.0,head
hd_p46_cp12,2248.288139564539,1.0,head
hd_p46_cp13,2248.5946486510506,1.0,head
hd_p46_cp14,2240.8173583531993,1.0,head
hd_p46_cp15,2241.1501569628363,1.0,head
hd_p46_cp16,2233.347457722042,1.0,head
hd_p46_cp17,2233.6713373196094,1.0,head
hd_p46_cp18,2225.888296872673,1.0,head
hd_p46_cp19,2226.149229449384,1.0,head
hd_p46_cp20,2218.450329446958,1.0,head
hd_p46_cp21,2218.5758212277806,1.0,head
hd_p46_cp22,2211.042490961282,1.0,head
hd_p46_cp23,2210.9463751908975,1.0,head
hd_p46_cp24,2203.669861531581,1.0,head
hd_p46_cp25,2203.2627506980048,1.0,head
hd_p46_cp26,2196.331868319247,1.0,head
hd_p46_cp27,2195.5376193343354,1.0,head
hd_p46_cp28,2189.021780830555,1.0,head
hd_p46_cp29,2187.798920307807,1.0,head
hd_p46_cp30,2181.727748892194,1.0,head
hd_p46_cp31,2180.0926341149507,1.0,head
hd_p46_cp32,2174.4348933762944,1.0,head
hd_p46_cp33,2172.4796821574632,1.0,head
hd_p46_cp34,2167.1276141030244,1.0,head
hd_p46_cp35,2165.020420890011,1.0,head
hd_p46_cp36,2159.7914839997093,1.0,head
hd_p46_cp37,2157.7436152118185,1.0,head
hd_p46_cp38,2152.4145414607706,1.0,head
hd_p46_cp39,2150.620049024022,1.0,head
hd_p46_cp40,2144.9881386697552,1.0,head
hd_p46_cp41,2143.589020609534,1.0,head
hd_p46_cp42,2137.507622954912,1.0,head
hd_p46_cp43,2136.5894630745756,1.0,head
hd_p46_cp44,2129.9730515984465,1.0,head
hd_p46_cp45,2129.575517239017,1.0,head
hd_p46_cp46,2122.3899548204536,1.0,head
hd_p46_cp47,2122.5196548476433,1.0,head
hd_p46_cp48,2114.7699503909776,1.0,head
hd_p46_cp49,2115.4098674615043,1.0,head
hd_p46_cp50,2107.1308373921474,1.0,head
hd_p46_cp51,2108.245107106502,1.0,head
hd_p46_cp52,2099.4957034536146,1.0,head
hd_p46_cp53,2101.0309141837747,1.0,head
hd_p46_cp54,2091.890634873068,1.0,head
hd_p46_cp55,2093.7759252851242,1.0,head
hd_p46_cp56,2084.3409267329357,1.0,head
hd_p46_cp57,2086.489420784266,1.0,head
hd_p46_cp58,2076.8663377562025,1.0,head
hd_p46_cp59,2079.179851469464,1.0,head
hd_p46_cp60,2069.476832190106,1.0,head
hd_p46_cp61,2071.854166497544,1.0,head
hd_p46_cp62,2062.1708866429753,1.0,head
hd_p46_cp63,2064.5176996930772,1.0,head
hd_p46_cp64,2054.9376230455314,1.0,head
hd_p46_cp65,2057.174363465588,1.0,head
hd_p46_cp66,2047.7610639359514,1.0,head
hd_p46_cp67,2049.8269459641892,1.0,head
hd_p46_cp68,2040.6240998836588,1.0,head
hd_p46_cp69,2042.4773834201114,1.0,head
hd_p46_cp70,2033.5106788864528,1.0,head
hd_p46_cp71,2035.1269567245681,1.0,head
hd_p46_cp72,2026.406188790691,1.0,head
hd_p46_cp73,2027.7764182415121,1.0,head
hd_p46_cp74,2019.2972977310453,1.0,head
hd_p46_cp75,2020.4260828782267,1.0,head
hd_p46_cp76,2012.1725396364225,1.0,head
hd_p46_cp77,2013.0759183531209,1.0,head
hd_p46_cp78,2005.0232664462312,1.0,head
hd_p46_cp79,2005.7256528349205,1.0,head
hd_p46_cp80,1997.844225817326,1.0,head
hd_p46_cp81,1998.374896916441,1.0,head
hd_p46_cp82,1990.6335198112058,1.0,head
hd_p46_cp83,1991.0232630746907,1.0,head
hd_p46_cp84,2292.833268018413,1.0,head
hd_p46_cp85,1990.456075644527,1.0,head
hd_p46_cp86,2292.7882379785897,1.0,head
hd_p46_cp87,1990.2314321126078,1.0,head
hd_p46_cp88,2292.728696012369,1.0,head
hd_p46_cp89,1989.959232387438,1.0,head
hd_p46_cp90,2292.65270915082,1.0,head
hd_p46_cp91,1989.6451928762935,1.0,head
hd_p46_cp92,2292.559331805988,1.0,head
hd_p46_cp93,1989.3032745474752,1.0,head
hd_p46_cp94,2292.4491626883505,1.0,head
hd_p46_cp95,1988.9582036539969,1.0,head
hd_p46_cp96,2292.324848385739,1.0,head
hd_p46_cp97,1988.6481790505256,1.0,head
hd_p46_cp98,2292.1913937630507,1.0,head
hd_p46_cp99,1988.4247878723706,1.0,head
hd_p46_cp100,2292.056120362076,1.0,head
hd_p46_cp101,1988.3415950474853,1.0,head
hd_p46_cp102,2291.9281347823894,1.0,head
hd_p46_cp103,1988.4247637524168,1.0,head
hd_p46_cp104,2291.8172608105724,1.0,head
hd_p46_cp105,1988.6481210842203,1.0,head
hd_p46_cp106,2291.732569871229,1.0,head
hd_p46_cp107,1988.9580893589741,1.0,head
hd_p46_cp108,2291.680857508934,1.0,head
hd_p46_cp109,1989.3030621010184,1.0,head
hd_p46_cp110,2291.6654859372657,1.0,head
hd_p46_cp111,1989.64480995419,1.0,head
hd_p46_cp112,2291.68578659253,1.0,head
hd_p46_cp113,1989.9585589928379,1.0,head
hd_p46_cp114,2291.736868306048,1.0,head
hd_p46_cp115,1990.2302757443358,1.0,head
hd_p46_cp116,2291.8097023204045,1.0,head
hd_p46_cp117,1990.454137303072,1.0,head
hd_p46_cp118,2291.8916458293324,1.0,head
hd_p46_cp119,1990.6303500775844,1.0,head
hd_p46_cp120,2291.9676338942263,1.0,head
hd_p46_cp121,1990.76310855002,1.0,head
hd_p46_cp122,2292.021978277264,1.0,head
hd_p46_cp123,1990.8587397662802,1.0,head
hd_p46_cp124,2292.0404560845022,1.0,head
hd_p46_cp125,1990.9242029369798,1.0,head
hd_p46_cp126,2292.0123621593316,1.0,head
hd_p46_cp127,1990.9660557442055,1.0,head
hd_p46_cp128,2291.9323562611603,1.0,head
hd_p46_cp129,1990.9898841907154,1.0,head
hd_p46_cp130,2291.8020932288973,1.0,head
hd_p46_cp131,1991.0001068786003,1.0,head
hd_p46_cp132,2291.631628096955,1.0,head
hd_p46_cp133,1991.0000284869895,1.0,head
hd_p46_cp134,2291.440288623695,1.0,head
hd_p46_cp135,1990.9920173357725,1.0,head
hd_p46_cp136,2291.256051197871,1.0,head
hd_p46_cp137,1990.977698317892,1.0,head
hd_p46_cp138,2291.1118081619957,1.0,head
hd_p46_cp139,1990.9580722484461,1.0,head
hd_p46_cp140,2291.0371731167515,1.0,head
hd_p46_cp141,1990.9334924872403,1.0,head
hd_p46_cp142,2291.0465020186684,1.0,head
hd_p46_cp143,1990.9034531939826,1.0,head
hd_p46_cp144,2291.1293485175506,1.0,head
hd_p46_cp145,1990.8661767194374,1.0,head
hd_p46_cp146,2291.2571642305684,1.0,head
hd_p46_cp147,1990.8180333148637,1.0,head
hd_p46_cp148,2291.393136321612,1.0,head
hd_p46_cp149,1990.7528802479922,1.0,head
hd_p46_cp150,2291.4992552697695,1.0,head
hd_p46_cp151,1990.6614579093841,1.0,head
hd_p46_cp152,2291.5398567114844,1.0,head
hd_p46_cp153,1990.531014246175,1.0,head
hd_p46_cp154,2291.4828150095886,1.0,head
hd_p46_cp155,1990.3453398477918,1.0,head
hd_p46_cp156,2291.3000201439427,1.0,head
hd_p46_cp157,1990.0853906913076,1.0,head
hd_p46_cp158,2290.9684218597263,1.0,head
hd_p46_cp159,1989.730667198812,1.0,head
hd_p46_cp160,2290.4724584163173,1.0,head
hd_p46_cp161,1989.261514143885,1.0,head
hd_p46_cp162,2289.8083640987047,1.0,head
hd_p46_cp163,1988.6625022237788,1.0,head
hd_p46_cp164,2288.9907038031465,1.0,head
hd_p46_cp165,1987.9270249452534,1.0,head
hd_p46_cp166,2288.061442140282,1.0,head
hd_p46_cp167,1987.0631124914037,1.0,head
hd_p46_cp168,2287.1009952260038,1.0,head
hd_p46_cp169,1986.100029009682,1.0,head
hd_p46_cp170,2286.236378615068,1.0,head
hd_p46_cp171,1985.0941780837404,1.0,head
hd_p46_cp172,2285.631982858419,1.0,head
hd_p46_cp173,1984.1310669405086,1.0,head
hd_p46_cp174,2285.4425838478637,1.0,head
hd_p46_cp175,1983.318361251394,1.0,head
hd_p46_cp176,2285.731605295445,1.0,head
hd_p46_cp177,1982.7659934528751,1.0,head
hd_p46_cp178,2286.4200983476862,1.0,head
hd_p46_cp179,1982.5563967225348,1.0,head
hd_p46_cp180,2287.346702068685,1.0,head
hd_p46_cp181,1982.7197812892687,1.0,head
hd_p46_cp182,2288.3504986897806,1.0,head
hd_p46_cp183,1983.2323650064982,1.0,head
hd_p46_cp184,2289.3143741544623,1.0,head
hd_p46_cp185,1984.0342740542196,1.0,head
hd_p46_cp186,2290.170104850112,1.0,head
hd_p46_cp187,1985.0368806824927,1.0,head
hd_p46_cp188,2290.88737609888,1.0,head
hd_p46_cp189,1986.1166122226873,1.0,head
hd_p46_cp190,2291.4612194423744,1.0,head
hd_p46_cp191,1987.1595510634743,1.0,head
hd_p46_cp192,2291.902116013419,1.0,head
hd_p46_cp193,1988.0894756743162,1.0,head
hd_p46_cp194,2292.228736224072,1.0,head
hd_p46_cp195,1988.8697669645235,1.0,head
hd_p46_cp196,2292.462737876295,1.0,head
hd_p46_cp197,1989.493318475661,1.0,head
hd_p46_cp198,2292.6252906026766,1.0,head
hd_p46_cp199,1989.9713097667989,1.0,head
hd_p46_cp200,2292.735060850261,1.0,head
hd_p46_cp201,1990.3243815986884,1.0,head
hd_p46_cp202,2292.807329824596,1.0,head
hd_p46_cp203,1990.5764722126844,1.0,head
hd_p46_cp204,2292.853886565525,1.0,head
hd_p46_cp205,1990.750867815631,1.0,head
hd_p46_cp206,2292.8833758846536,1.0,head
hd_p46_cp207,1990.867991382399,1.0,head
hd_p46_cp208,2292.901855970202,1.0,head
hd_p46_cp209,1990.9444787861523,1.0,head
hd_p46_cp210,2292.913400446118,1.0,head
hd_p46_cp211,1990.9931154059236,1.0,head
hd_p47_cp0,2292.859158585491,1.0,head
hd_p47_cp1,2292.918800378627,1.0,head
hd_p47_cp2,2285.460699989541,1.0,head
hd_p47_cp3,2285.548965506634,1.0,head
hd_p47_cp4,2278.049577738029,1.0,head
hd_p47_cp5,2278.175210396839,1.0,head
hd_p47_cp6,2270.6238542688116,1.0,head
hd_p47_cp7,2270.7954241797306,1.0,head
hd_p47_cp8,2263.1825134252804,1.0,head
hd_p47_cp9,2263.4064890740447,1.0,head
hd_p47_cp10,2255.726122171871,1.0,head
hd_p47_cp11,2256.0040284783,1.0,head
hd_p47_cp12,2248.2574763348566,1.0,head
hd_p47_cp13,2248.5822186279784,1.0,head
hd_p47_cp14,2240.7820435176936,1.0,head
hd_p47_cp15,2241.133766363101,1.0,head
hd_p47_cp16,2233.3079633580733,1.0,head
hd_p47_cp17,2233.6501931451894,1.0,head
hd_p47_cp18,2225.845371012351,1.0,head
hd_p47_cp19,2226.122599007468,1.0,head
hd_p47_cp20,2218.4049213914554,1.0,head
hd_p47_cp21,2218.543098887474,1.0,head
hd_p47_cp22,2210.9956403069505,1.0,head
hd_p47_cp23,2210.9071140702713,1.0,head
hd_p47_cp24,2203.62257768283,1.0,head
hd_p47_cp25,2203.216639726413,1.0,head
hd_p47_cp26,2196.285025718589,1.0,head
hd_p47_cp27,2195.484425920205,1.0,head
hd_p47_cp28,2188.976034150858,1.0,head
hd_p47_cp29,2187.7385069612565,1.0,head
hd_p47_cp30,2181.6834625612178,1.0,head
hd_p47_cp31,2180.0252777581154,1.0,head
hd_p47_cp32,2174.39208815091,1.0,head
hd_p47_cp33,2172.406817107145,1.0,head
hd_p47_cp34,2167.0859524957255,1.0,head
hd_p47_cp35,2164.9451499684424,1.0,head
hd_p47_cp36,2159.7503146265512,1.0,head
hd_p47_cp37,2157.669805271972,1.0,head
hd_p47_cp38,2152.373002710629,1.0,head
hd_p47_cp39,2150.550790961174,1.0,head
hd_p47_cp40,2144.9453013968764,1.0,head
hd_p47_cp41,2143.525727928375,1.0,head
hd_p47_cp42,2137.462638760876,1.0,head
hd_p47_cp43,2136.5323886218034,1.0,head
hd_p47_cp44,2129.9252704582805,1.0,head
hd_p47_cp45,2129.52450356579,1.0,head
hd_p47_cp46,2122.3389843747473,1.0,head
hd_p47_cp47,2122.474461608621,1.0,head
hd_p47_cp48,2114.715647202438,1.0,head
hd_p47_cp49,2115.3701956597074,1.0,head
hd_p47_cp50,2107.0732429171953,1.0,head
hd_p47_cp51,2108.2105477202317,1.0,head
hd_p47_cp52,2099.4349600993314,1.0,head
hd_p47_cp53,2101.0009285429855,1.0,head
hd_p47_cp54,2091.826934535255,1.0,head
hd_p47_cp55,2093.7498770508064,1.0,head
hd_p47_cp56,2084.274534374734,1.0,head
hd_p47_cp57,2086.4666404728005,1.0,head
hd_p47_cp58,2076.7976656355495,1.0,head
hd_p47_cp59,2079.1597056659034,1.0,head
hd_p47_cp60,2069.406462153247,1.0,head
hd_p47_cp61,2071.8361117374343,1.0,head
hd_p47_cp62,2062.0995165722657,1.0,head
hd_p47_cp63,2064.5013129815775,1.0,head
hd_p47_cp64,2054.8660911301704,1.0,head
hd_p47_cp65,2057.159349995025,1.0,head
hd_p47_cp66,2047.6904374896799,1.0,head
hd_p47_cp67,2049.813128667602,1.0,head
hd_p47_cp68,2040.5557120201047,1.0,head
hd_p47_cp69,2042.464680328917,1.0,head
hd_p47_cp70,2033.4460313183913,1.0,head
hd_p47_cp71,2035.1153521503002,1.0,head
hd_p47_cp72,2026.3467215761264,1.0,head
hd_p47_cp73,2027.7659331085863,1.0,head
hd_p47_cp74,2019.2441300164498,1.0,head
hd_p47_cp75,2020.4167483083154,1.0,head
hd_p47_cp76,2012.1263052003135,1.0,head
hd_p47_cp77,2013.067755144274,1.0,head
hd_p47_cp78,2004.9841079611647,1.0,head
hd_p47_cp79,2005.7186581307258,1.0,head
hd_p47_cp80,1997.8118955829639,1.0,head
hd_p47_cp81,1998.369038339404,1.0,head
hd_p47_cp82,1990.607502915455,1.0,head
hd_p47_cp83,1991.018479961186,1.0,head
hd_p47_cp84,2292.8235104077767,1.0,head
hd_p47_cp85,1990.423564927713,1.0,head
hd_p47_cp86,2292.7750469439848,1.0,head
hd_p47_cp87,1990.1918939883378,1.0,head
hd_p47_cp88,2292.7113016923354,1.0,head
hd_p47_cp89,1989.9120772319272,1.0,head
hd_p47_cp90,2292.63033163828,1.0,head
hd_p47_cp91,1989.589503518515,1.0,head
hd_p47_cp92,2292.531238974076,1.0,head
hd_p47_cp93,1989.2376972488992,1.0,head
hd_p47_cp94,2292.4147406157317,1.0,head
hd_p47_cp95,1988.8814687354047,1.0,head
hd_p47_cp96,2292.283681370177,1.0,head
hd_p47_cp97,1988.5604776186715,1.0,head
hd_p47_cp98,2292.143346455441,1.0,head
hd_p47_cp99,1988.3290894019417,1.0,head
hd_p47_cp100,2292.001407113294,1.0,head
hd_p47_cp101,1988.2431044544187,1.0,head
hd_p47_cp102,2291.867355207671,1.0,head
hd_p47_cp103,1988.3290598104502,1.0,head
hd_p47_cp104,2291.751383500396,1.0,head
hd_p47_cp105,1988.5604069586013,1.0,head
hd_p47_cp106,2291.662860408198,1.0,head
hd_p47_cp107,1988.8813306341253,1.0,head
hd_p47_cp108,2291.60876199025,1.0,head
hd_p47_cp109,1989.2374430501286,1.0,head
hd_p47_cp110,2291.592485848387,1.0,head
hd_p47_cp111,1989.5890498605743,1.0,head
hd_p47_cp112,2291.6132431253445,1.0,head
hd_p47_cp113,1989.9112871204827,1.0,head
hd_p47_cp114,2291.66588016898,1.0,head
hd_p47_cp115,1990.1905497062005,1.0,head
hd_p47_cp116,2291.7410034010513,1.0,head
hd_p47_cp117,1990.421331338026,1.0,head
hd_p47_cp118,2291.8255570617616,1.0,head
hd_p47_cp119,1990.60388054771,1.0,head
hd_p47_cp120,2291.9040667692816,1.0,head
hd_p47_cp121,1990.742256547276,1.0,head
hd_p47_cp122,2291.960479156273,1.0,head
hd_p47_cp123,1990.8426180112972,1.0,head
hd_p47_cp124,2291.9802814620607,1.0,head
hd_p47_cp125,1990.9118159846405,1.0,head
hd_p47_cp126,2291.952581909568,1.0,head
hd_p47_cp127,1990.9563893967547,1.0,head
hd_p47_cp128,2291.871987937681,1.0,head
hd_p47_cp129,1990.9819818749231,1.0,head
hd_p47_cp130,2291.7402619606055,1.0,head
hd_p47_cp131,1990.9931159954897,1.0,head
hd_p47_cp132,2291.5677082591856,1.0,head
hd_p47_cp133,1990.9932161869797,1.0,head
hd_p47_cp134,2291.3739395370126,1.0,head
hd_p47_cp135,1990.9847618518513,1.0,head
hd_p47_cp136,2291.187122978412,1.0,head
hd_p47_cp137,1990.9694621520116,1.0,head
hd_p47_cp138,2291.0403169909496,1.0,head
hd_p47_cp139,1990.9483608048315,1.0,head
hd_p47_cp140,2290.9635118707743,1.0,head
hd_p47_cp141,1990.921798942418,1.0,head
hd_p47_cp142,2290.9714081094935,1.0,head
hd_p47_cp143,1990.8891892119188,1.0,head
hd_p47_cp144,2291.0533124156636,1.0,head
hd_p47_cp145,1990.8485898580332,1.0,head
hd_p47_cp146,2291.1803414405617,1.0,head
hd_p47_cp147,1990.7961155993946,1.0,head
hd_p47_cp148,2291.315460452358,1.0,head
hd_p47_cp149,1990.7252777361214,1.0,head
hd_p47_cp150,2291.4202999524086,1.0,head
hd_p47_cp151,1990.62639706433,1.0,head
hd_p47_cp152,2291.4586463486926,1.0,head
hd_p47_cp153,1990.4862661590691,1.0,head
hd_p47_cp154,2291.3978143297913,1.0,head
hd_p47_cp155,1990.2882460134347,1.0,head
hd_p47_cp156,2291.209281909307,1.0,head
hd_p47_cp157,1990.012972382447,1.0,head
hd_p47_cp158,2290.8697576470654,1.0,head
hd_p47_cp159,1989.6398337311145,1.0,head
hd_p47_cp160,2290.3635083115796,1.0,head
hd_p47_cp161,1989.1493742014425,1.0,head
hd_p47_cp162,2289.6865555751115,1.0,head
hd_p47_cp163,1988.5267681844014,1.0,head
hd_p47_cp164,2288.8533538161037,1.0,head
hd_p47_cp165,1987.7664814908999,1.0,head
hd_p47_cp166,2287.906512447908,1.0,head
hd_p47_cp167,1986.8780903788079,1.0,head
hd_p47_cp168,2286.9286959624146,1.0,head
hd_p47_cp169,1985.892770767102,1.0,head
hd_p47_cp170,2286.0505356604085,1.0,head
hd_p47_cp171,1984.8689015952232,1.0,head
hd_p47_cp172,2285.439129810793,1.0,head
hd_p47_cp173,1983.8934743737564,1.0,head
hd_p47_cp174,2285.248968662136,1.0,head
hd_p47_cp175,1983.0744851880938,1.0,head
hd_p47_cp176,2285.5425085448196,1.0,head
hd_p47_cp177,1982.5208469882405,1.0,head
hd_p47_cp178,2286.2417562720943,1.0,head
hd_p47_cp179,1982.3134981619844,1.0,head
hd_p47_cp180,2287.1856488402273,1.0,head
hd_p47_cp181,1982.481951379918,1.0,head
hd_p47_cp182,2288.210611964016,1.0,head
hd_p47_cp183,1983.002819933318,1.0,head
hd_p47_cp184,2289.196001134177,1.0,head
hd_p47_cp185,1983.8175581016703,1.0,head
hd_p47_cp186,2290.0714728906805,1.0,head
hd_p47_cp187,1984.8395172103917,1.0,head
hd_p47_cp188,2290.8062174649654,1.0,head
hd_p47_cp189,1985.9425628160818,1.0,head
hd_p47_cp190,2291.3954811093513,1.0,head
hd_p47_cp191,1987.010572543451,1.0,head
hd_p47_cp192,2291.8499497030525,1.0,head
hd_p47_cp193,1987.9653725570554,1.0,head
hd_p47_cp194,2292.188313777373,1.0,head
hd_p47_cp195,1988.7688717368674,1.0,head
hd_p47_cp196,2292.4321812566905,1.0,head
hd_p47_cp197,1989.413201415654,1.0,head
hd_p47_cp198,2292.6027335830527,1.0,head
hd_p47_cp199,1989.9092468343827,1.0,head
hd_p47_cp200,2292.7187605633703,1.0,head
hd_p47_cp201,1990.277563712685,1.0,head
hd_p47_cp202,2292.7957604835997,1.0,head
hd_p47_cp203,1990.5421270742318,1.0,head
hd_p47_cp204,2292.8457883261644,1.0,head
hd_p47_cp205,1990.7263812419885,1.0,head
hd_p47_cp206,2292.8777601806023,1.0,head
hd_p47_cp207,1990.8510235580152,1.0,head
hd_p47_cp208,2292.8979803865354,1.0,head
hd_p47_cp209,1990.9330457654894,1.0,head
hd_p47_cp210,2292.910727686211,1.0,head
hd_p47_cp211,1990.9856201239181,1.0,head
hd_p48_cp0,2292.851685426555,1.0,head
hd_p48_cp1,2292.916781120594,1.0,head
hd_p48_cp2,2285.4505078514767,1.0,head
hd_p48_cp3,2285.5462019494116,1.0,head
hd_p48_cp4,2278.0360467570913,1.0,head
hd_p48_cp5,2278.171406858827,1.0,head
hd_p48_cp6,2270.6063953877856,1.0,head
hd_p48_cp7,2270.790195581811,1.0,head
hd_p48_cp8,2263.160633753709,1.0,head
hd_p48_cp9,2263.3993458321197,1.0,head
hd_p48_cp10,2255.6994975409207,1.0,head
hd_p48_cp11,2255.9943724503337,1.0,head
hd_p48_cp12,2248.226019145064,1.0,head
hd_p48_cp13,2248.569355732043,1.0,head
hd_p48_cp14,2240.745951105495,1.0,head
hd_p48_cp15,2241.1169398093034,1.0,head
hd_p48_cp16,2233.26773134053,1.0,head
hd_p48_cp17,2233.6286358682883,1.0,head
hd_p48_cp18,2225.8017597205157,1.0,head
hd_p48_cp19,2226.095594279657,1.0,head
hd_p48_cp20,2218.358874555912,1.0,head
hd_p48_cp21,2218.51002680818,1.0,head
hd_p48_cp22,2210.9481728319265,1.0,head
hd_p48_cp23,2210.867456920412,1.0,head
hd_p48_cp24,2203.574661965745,1.0,head
hd_p48_cp25,2203.169936379656,1.0,head
hd_p48_cp26,2196.2374971802337,1.0,head
hd_p48_cp27,2195.4302266133905,1.0,head
hd_p48_cp28,2188.9295156562375,1.0,head
hd_p48_cp29,2187.6764915756335,1.0,head
hd_p48_cp30,2181.6383048267603,1.0,head
hd_p48_cp31,2179.955752843884,1.0,head
hd_p48_cp32,2174.34832436385,1.0,head
hd_p48_cp33,2172.3314800077414,1.0,head
hd_p48_cp34,2167.043283894379,1.0,head
hd_p48_cp35,2164.867311371285,1.0,head
hd_p48_cp36,2159.7081485518434,1.0,head
hd_p48_cp37,2157.5934824532083,1.0,head
hd_p48_cp38,2152.3305469228976,1.0,head
hd_p48_cp39,2150.479282568015,1.0,head
hd_p48_cp40,2144.901695966469,1.0,head
hd_p48_cp41,2143.4607101350143,1.0,head
hd_p48_cp42,2137.4170929146767,1.0,head
hd_p48_cp43,2136.474143131294,1.0,head
hd_p48_cp44,2129.8771695373266,1.0,head
hd_p48_cp45,2129.472689036578,1.0,head
hd_p48_cp46,2122.287940638953,1.0,head
hd_p48_cp47,2122.428618884276,1.0,head
hd_p48_cp48,2114.6614855511843,1.0,head
hd_p48_cp49,2115.329873993927,1.0,head
hd_p48_cp50,2107.015936545513,1.0,head
hd_p48_cp51,2108.175265959668,1.0,head
hd_p48_cp52,2099.3745588719553,1.0,head
hd_p48_cp53,2100.970133348472,1.0,head
hd_p48_cp54,2091.76354700012,1.0,head
hd_p48_cp55,2093.722949031792,1.0,head
hd_p48_cp56,2084.208396014293,1.0,head
hd_p48_cp57,2086.442938879923,1.0,head
hd_p48_cp58,2076.729227073956,1.0,head
hd_p48_cp59,2079.1386256779497,1.0,head
hd_p48_cp60,2069.336363412969,1.0,head
hd_p48_cp61,2071.817133077555,1.0,head
hd_p48_cp62,2062.0284661849873,1.0,head
hd_p48_cp63,2064.484029374172,1.0,head
hd_p48_cp64,2054.7948645777174,1.0,head
hd_p48_cp65,2057.1434778287285,1.0,head
hd_p48_cp66,2047.620009051233,1.0,head
hd_p48_cp67,2049.7984981251525,1.0,head
hd_p48_cp68,2040.487349074964,1.0,head
hd_p48_cp69,2042.451214242681,1.0,head
hd_p48_cp70,2033.3812190742135,1.0,head
hd_p48_cp71,2035.103038285457,1.0,head
hd_p48_cp72,2026.2869272233893,1.0,head
hd_p48_cp73,2027.7547951180381,1.0,head
hd_p48_cp74,2019.190528451636,1.0,head
hd_p48_cp75,2020.4068195343023,1.0,head
hd_p48_cp76,2012.079589407984,1.0,head
hd_p48_cp77,2013.0590580700632,1.0,head
hd_p48_cp78,2004.9444594623988,1.0,head
hd_p48_cp79,2005.71119094769,1.0,head
hd_p48_cp80,1997.7790819249208,1.0,head
hd_p48_cp81,1998.3627690316102,1.0,head
hd_p48_cp82,1990.581013714861,1.0,head
hd_p48_cp83,1991.0133476229298,1.0,head
hd_p48_cp84,2292.8132168506336,1.0,head
hd_p48_cp85,1990.3905408202559,1.0,head
hd_p48_cp86,2292.761209863378,1.0,head
hd_p48_cp87,1990.1516656432552,1.0,head
hd_p48_cp88,2292.6931481493407,1.0,head
hd_p48_cp89,1989.8638139137022,1.0,head
hd_p48_cp90,2292.6070838032147,1.0,head
hd_p48_cp91,1989.5320201471654,1.0,head
hd_p48_cp92,2292.502173363283,1.0,head
hd_p48_cp93,1989.1695605827001,1.0,head
hd_p48_cp94,2292.379260235379,1.0,head
hd_p48_cp95,1988.8017570854506,1.0,head
hd_p48_cp96,2292.2413966379386,1.0,head
hd_p48_cp97,1988.470038527755,1.0,head
hd_p48_cp98,2292.0941553125826,1.0,head
hd_p48_cp99,1988.2311777432267,1.0,head
hd_p48_cp100,2291.945557796088,1.0,head
hd_p48_cp101,1988.142536609553,1.0,head
hd_p48_cp102,2291.805471990176,1.0,head
hd_p48_cp103,1988.2311417102947,1.0,head
hd_p48_cp104,2291.6844421982228,1.0,head
hd_p48_cp105,1988.4699530118946,1.0,head
hd_p48_cp106,2291.5921146465403,1.0,head
hd_p48_cp107,1988.8015913532367,1.0,head
hd_p48_cp108,2291.535631742418,1.0,head
hd_p48_cp109,1989.169258375853,1.0,head
hd_p48_cp110,2291.5184208818328,1.0,head
hd_p48_cp111,1989.5314859324974,1.0,head
hd_p48_cp112,2291.5395759148773,1.0,head
hd_p48_cp113,1989.8628921225063,1.0,head
hd_p48_cp114,2291.593688456804,1.0,head
hd_p48_cp115,1990.150111247203,1.0,head
hd_p48_cp116,2291.6710077511675,1.0,head
hd_p48_cp117,1990.3879798711312,1.0,head
hd_p48_cp118,2291.758070796868,1.0,head
hd_p48_cp119,1990.5768934034477,1.0,head
hd_p48_cp120,2291.838998906935,1.0,head
hd_p48_cp121,1990.7208682731175,1.0,head
hd_p48_cp122,2291.8973805822748,1.0,head
hd_p48_cp123,1990.8259464831306,1.0,head
hd_p48_cp124,2291.9184241803496,1.0,head
hd_p48_cp125,1990.89888718088,1.0,head
hd_p48_cp126,2291.8910665231783,1.0,head
hd_p48_cp127,1990.9462063745793,1.0,head
hd_p48_cp128,2291.809875949399,1.0,head
hd_p48_cp129,1990.9735936094287,1.0,head
hd_p48_cp130,2291.676713798096,1.0,head
hd_p48_cp131,1990.985663775133,1.0,head
hd_p48_cp132,2291.502075992137,1.0,head
hd_p48_cp133,1990.985952396494,1.0,head
hd_p48_cp134,2291.3057643698635,1.0,head
hd_p48_cp135,1990.9770444171122,1.0,head
hd_p48_cp136,2291.1160989985433,1.0,head
hd_p48_cp137,1990.960729654067,1.0,head
hd_p48_cp138,2290.966418725077,1.0,head
hd_p48_cp139,1990.938091639621,1.0,head
hd_p48_cp140,2290.8872824068003,1.0,head
hd_p48_cp141,1990.9094557602841,1.0,head
hd_p48_cp142,2290.8938681000086,1.0,head
hd_p48_cp143,1990.874149075553,1.0,head
hd_p48_cp144,2290.9750976236114,1.0,head
hd_p48_cp145,1990.8300619529145,1.0,head
hd_p48_cp146,2291.1015582082914,1.0,head
hd_p48_cp147,1990.773051882318,1.0,head
hd_p48_cp148,2291.2358811622576,1.0,head
hd_p48_cp149,1990.6962869633915,1.0,head
hd_p48_cp150,2291.3393837489707,1.0,head
hd_p48_cp151,1990.5896781853917,1.0,head
hd_p48_cp152,2291.375410993876,1.0,head
hd_p48_cp153,1990.4395817295535,1.0,head
hd_p48_cp154,2291.310778544182,1.0,head
hd_p48_cp155,1990.2289583415954,1.0,head
hd_p48_cp156,2291.116535770941,1.0,head
hd_p48_cp157,1989.938162987713,1.0,head
hd_p48_cp158,2290.769073078777,1.0,head
hd_p48_cp159,1989.5465197967749,1.0,head
hd_p48_cp160,2290.252404841004,1.0,head
hd_p48_cp161,1989.034824830952,1.0,head
hd_p48_cp162,2289.5623800158137,1.0,head
hd_p48_cp163,1988.3889092916893,1.0,head
hd_p48_cp164,2288.713656588468,1.0,head
hd_p48_cp165,1987.604358524663,1.0,head
hd_p48_cp166,2287.750048826751,1.0,head
hd_p48_cp167,1986.6923227915074,1.0,head
hd_p48_cp168,2286.756805148407,1.0,head
hd_p48_cp169,1985.685866841112,1.0,head
hd_p48_cp170,2285.86756427415,1.0,head
hd_p48_cp171,1984.6452152469235,1.0,head
hd_p48_cp172,2285.2506882242615,1.0,head
hd_p48_cp173,1983.658571786455,1.0,head
hd_p48_cp174,2285.05991263038,1.0,head
hd_p48_cp175,1982.8339521002429,1.0,head
hd_p48_cp176,2285.3579058548953,1.0,head
hd_p48_cp177,1982.2791281042105,1.0,head
hd_p48_cp178,2286.066467783738,1.0,head
hd_p48_cp179,1982.0735525157133,1.0,head
hd_p48_cp180,2287.025304595281,1.0,head
hd_p48_cp181,1982.2458017449005,1.0,head
hd_p48_cp182,2288.069631074695,1.0,head
hd_p48_cp183,1982.7728515394576,1.0,head
hd_p48_cp184,2289.075885527184,1.0,head
hd_p48_cp185,1983.598769033843,1.0,head
hd_p48_cp186,2289.971259549477,1.0,head
hd_p48_cp187,1984.6398465368459,1.0,head
hd_p48_cp188,2290.7238638826448,1.0,head
hd_p48_cp189,1985.766766304042,1.0,head
hd_p48_cp190,2291.328822276924,1.0,head
hd_p48_cp191,1986.8600785443903,1.0,head
hd_p48_cp192,2291.7969727145046,1.0,head
hd_p48_cp193,1987.8397346700267,1.0,head
hd_p48_cp194,2292.147101945605,1.0,head
hd_p48_cp195,1988.666451098107,1.0,head
hd_p48_cp196,2292.4008466599666,1.0,head
hd_p48_cp197,1989.3316355254474,1.0,head
hd_p48_cp198,2292.579438280676,1.0,head
hd_p48_cp199,1989.8458352381797,1.0,head
hd_p48_cp200,2292.7017941351846,1.0,head
hd_p48_cp201,1990.2295066428098,1.0,head
hd_p48_cp202,2292.783617917875,1.0,head
hd_p48_cp203,1990.5066699927013,1.0,head
hd_p48_cp204,2292.837216167154,1.0,head
hd_p48_cp205,1990.7009323266661,1.0,head
hd_p48_cp206,2292.8717650817953,1.0,head
hd_p48_cp207,1990.833258017384,1.0,head
hd_p48_cp208,2292.893808573617,1.0,head
hd_p48_cp209,1990.9209804967954,1.0,head
hd_p48_cp210,2292.907827860625,1.0,head
hd_p48_cp211,1990.9776451329517,1.0,head
hd_p49_cp0,2292.8437740190775,1.0,head
hd_p49_cp1,2292.914582724246,1.0,head
hd_p49_cp2,2285.4397932057927,1.0,head
hd_p49_cp3,2285.5432188600425,1.0,head
hd_p49_cp4,2278.0219116177695,1.0,head
hd_p49_cp5,2278.1673369572723,1.0,head
hd_p49_cp6,2270.588261031329,1.0,head
hd_p49_cp7,2270.784650622601,1.0,head
hd_p49_cp8,2263.1380252014987,1.0,head
hd_p49_cp9,2263.391837997493,1.0,head
hd_p49_cp10,2255.6721151249903,1.0,head
hd_p49_cp11,2255.9843119454063,1.0,head
hd_p49_cp12,2248.193804138814,1.0,head
hd_p49_cp13,2248.5560640798876,1.0,head
hd_p49_cp14,2240.709129916325,1.0,head
hd_p49_cp15,2241.09968114932,1.0,head
hd_p49_cp16,2233.2268221569543,1.0,head
hd_p49_cp17,2233.606662589144,1.0,head
hd_p49_cp18,2225.7575308772675,1.0,head
hd_p49_cp19,2226.0681938237167,1.0,head
hd_p49_cp20,2218.312258016683,1.0,head
hd_p49_cp21,2218.4765471418054,1.0,head
hd_p49_cp22,2210.9001546011978,1.0,head
hd_p49_cp23,2210.8272892601276,1.0,head
hd_p49_cp24,2203.5261778764398,1.0,head
hd_p49_cp25,2203.1224637727614,1.0,head
hd_p49_cp26,2196.1893468319618,1.0,head
hd_p49_cp27,2195.374822561684,1.0,head
hd_p49_cp28,2188.8822921380993,1.0,head
hd_p49_cp29,2187.612740828803,1.0,head
hd_p49_cp30,2181.5923436010507,1.0,head
hd_p49_cp31,2179.8840104884366,1.0,head
hd_p49_cp32,2174.303667650866,1.0,head
hd_p49_cp33,2172.2535348415327,1.0,head
hd_p49_cp34,2166.999669180244,1.0,head
hd_p49_cp35,2164.786615756986,1.0,head
hd_p49_cp36,2159.6650408340747,1.0,head
hd_p49_cp37,2157.5145105257616,1.0,head
hd_p49_cp38,2152.28722225093,1.0,head
hd_p49_cp39,2150.4054743821234,1.0,head
hd_p49_cp40,2144.8573610543235,1.0,head
hd_p49_cp41,2143.3938327061865,1.0,head
hd_p49_cp42,2137.371009676912,1.0,head
hd_p49_cp43,2136.4145256610996,1.0,head
hd_p49_cp44,2129.8287502829207,1.0,head
hd_p49_cp45,2129.419893611019,1.0,head
hd_p49_cp46,2122.2367882489357,1.0,head
hd_p49_cp47,2122.3820079512457,1.0,head
hd_p49_cp48,2114.6073716728083,1.0,head
hd_p49_cp49,2115.2888394259503,1.0,head
hd_p49_cp50,2106.9587392174208,1.0,head
hd_p49_cp51,2108.139234487778,1.0,head
hd_p49_cp52,2099.314213779078,1.0,head
hd_p49_cp53,2100.9385193744524,1.0,head
hd_p49_cp54,2091.7000780270982,1.0,head
hd_p49_cp55,2093.6951385780444,1.0,head
hd_p49_cp56,2084.14203345322,1.0,head
hd_p49_cp57,2086.418313698467,1.0,head
hd_p49_cp58,2076.660497994838,1.0,head
hd_p49_cp59,2079.11660702803,1.0,head
hd_p49_cp60,2069.2660080424994,1.0,head
hd_p49_cp61,2071.7972235455923,1.0,head
hd_p49_cp62,2061.957252784469,1.0,head
hd_p49_cp63,2064.4658400721837,1.0,head
hd_p49_cp64,2054.7235491545794,1.0,head
hd_p49_cp65,2057.1267372282473,1.0,head
hd_p49_cp66,2047.5494899555708,1.0,head
hd_p49_cp67,2049.78304436174,1.0,head
hd_p49_cp68,2040.418814217843,1.0,head
hd_p49_cp69,2042.4369753384485,1.0,head
hd_p49_cp70,2033.316106935501,1.0,head
hd_p49_cp71,2035.09000556882,1.0,head
hd_p49_cp72,2026.226703645864,1.0,head
hd_p49_cp73,2027.7429949103337,1.0,head
hd_p49_cp74,2019.1364049731312,1.0,head
hd_p49_cp75,2020.396287284986,1.0,head
hd_p49_cp76,2012.0323135941458,1.0,head
hd_p49_cp77,2013.0498178677133,1.0,head
hd_p49_cp78,2004.9042580509238,1.0,head
hd_p49_cp79,2005.7032420348928,1.0,head
hd_p49_cp80,1997.7457442986022,1.0,head
hd_p49_cp81,1998.3560798637586,1.0,head
hd_p49_cp82,1990.5540340593566,1.0,head
hd_p49_cp83,1991.0078572770685,1.0,head
hd_p49_cp84,2292.8023846934643,1.0,head
hd_p49_cp85,1990.3569420410279,1.0,head
hd_p49_cp86,2292.746727887274,1.0,head
hd_p49_cp87,1990.1106387760674,1.0,head
hd_p49_cp88,2292.6742420549663,1.0,head
hd_p49_cp89,1989.8143346768256,1.0,head
hd_p49_cp90,2292.582980344224,1.0,head
hd_p49_cp91,1989.4727714543446,1.0,head
hd_p49_cp92,2292.4721612369135,1.0,head
hd_p49_cp93,1989.0992211813652,1.0,head
hd_p49_cp94,2292.3427636455563,1.0,head
hd_p49_cp95,1988.719817372708,1.0,head
hd_p49_cp96,2292.1980559122503,1.0,head
hd_p49_cp97,1988.3777476191897,1.0,head
hd_p49_cp98,2292.043903098059,1.0,head
hd_p49_cp99,1988.1317667298256,1.0,head
hd_p49_cp100,2291.8886738088872,1.0,head
hd_p49_cp101,1988.0405745372786,1.0,head
hd_p49_cp102,2291.742599244185,1.0,head
hd_p49_cp103,1988.1317231628882,1.0,head
hd_p49_cp104,2291.616556299063,1.0,head
hd_p49_cp105,1988.3776448249798,1.0,head
hd_p49_cp106,2291.5204503043924,1.0,head
hd_p49_cp107,1988.7196197566004,1.0,head
hd_p49_cp108,2291.4615772402,1.0,head
hd_p49_cp109,1989.09886407139,1.0,head
hd_p49_cp110,2291.4433903776057,1.0,head
hd_p49_cp111,1989.4721459574912,1.0,head
hd_p49_cp112,2291.464870637171,1.0,head
hd_p49_cp113,1989.8132650115087,1.0,head
hd_p49_cp114,2291.520364376031,1.0,head
hd_p49_cp115,1990.1088504436177,1.0,head
hd_p49_cp116,2291.599773664585,1.0,head
hd_p49_cp117,1990.35401954701,1.0,head
hd_p49_cp118,2291.6892358806112,1.0,head
hd_p49_cp119,1990.5493679169,1.0,head
hd_p49_cp120,2291.7724738622214,1.0,head
hd_p49_cp121,1990.698946502842,1.0,head
hd_p49_cp122,2291.832724525138,1.0,head
hd_p49_cp123,1990.808734968892,1.0,head
hd_p49_cp124,2291.8549266644327,1.0,head
hd_p49_cp125,1990.8854240296955,1.0,head
hd_p49_cp126,2291.827855895226,1.0,head
hd_p49_cp127,1990.9355086110618,1.0,head
hd_p49_cp128,2291.7460418306036,1.0,head
hd_p49_cp129,1990.9647159522656,1.0,head
hd_p49_cp130,2291.6114152079986,1.0,head
hd_p49_cp131,1990.9777429978453,1.0,head
hd_p49_cp132,2291.434591950798,1.0,head
hd_p49_cp133,1990.978227868676,1.0,head
hd_p49_cp134,2291.2354815024933,1.0,head
hd_p49_cp135,1990.9688550873982,1.0,head
hd_p49_cp136,2291.0425503575916,1.0,head
hd_p49_cp137,1990.9514909386296,1.0,head
hd_p49_cp138,2290.88955415411,1.0,head
hd_p49_cp139,1990.927255193297,1.0,head
hd_p49_cp140,2290.8078704451023,1.0,head
hd_p49_cp141,1990.8964537217153,1.0,head
hd_p49_cp142,2290.8133240591405,1.0,head
hd_p49_cp143,1990.8583240162388,1.0,head
hd_p49_cp144,2290.8942780343814,1.0,head
hd_p49_cp145,1990.8105853065201,1.0,head
hd_p49_cp146,2291.020537584669,1.0,head
hd_p49_cp147,1990.748837078328,1.0,head
hd_p49_cp148,2291.154265315207,1.0,head
hd_p49_cp149,1990.665908248416,1.0,head
hd_p49_cp150,2291.2564779287613,1.0,head
hd_p49_cp151,1990.5513112339238,1.0,head
hd_p49_cp152,2291.2901676600677,1.0,head
hd_p49_cp153,1990.3909862797377,1.0,head
hd_p49_cp154,2291.2217202364563,1.0,head
hd_p49_cp155,1990.1675245697134,1.0,head
hd_p49_cp156,2291.0217621240886,1.0,head
hd_p49_cp157,1989.8610407651706,1.0,head
hd_p49_cp158,2290.6663266262244,1.0,head
hd_p49_cp159,1989.4508430037658,1.0,head
hd_p49_cp160,2290.1391653264573,1.0,head
hd_p49_cp161,1988.9180322722204,1.0,head
hd_p49_cp162,2289.436084391368,1.0,head
hd_p49_cp163,1988.2491494280441,1.0,head
hd_p49_cp164,2288.5722716610653,1.0,head
hd_p49_cp165,1987.4409424044125,1.0,head
hd_p49_cp166,2287.5930691429976,1.0,head
hd_p49_cp167,1986.5061460553563,1.0,head
hd_p49_cp168,2286.5860956891747,1.0,head
hd_p49_cp169,1985.4796480991477,1.0,head
hd_p49_cp170,2285.686931062034,1.0,head
hd_p49_cp171,1984.4233270488958,1.0,head
hd_p49_cp172,2285.0643132041646,1.0,head
hd_p49_cp173,1983.4262962777004,1.0,head
hd_p49_cp174,2284.8723476692076,1.0,head
hd_p49_cp175,1982.5963213200919,1.0,head
hd_p49_cp176,2285.1754489098275,1.0,head
hd_p49_cp177,1982.0399456092146,1.0,head
hd_p49_cp178,2285.89369572518,1.0,head
hd_p49_cp179,1981.835171041124,1.0,head
hd_p49_cp180,2286.8664444824,1.0,head
hd_p49_cp181,1982.009778924517,1.0,head
hd_p49_cp182,2287.928581390044,1.0,head
hd_p49_cp183,1982.541642408837,1.0,head
hd_p49_cp184,2288.9546909976325,1.0,head
hd_p49_cp185,1983.3782015914155,1.0,head
hd_p49_cp186,2289.8697061137277,1.0,head
hd_p49_cp187,1984.4374094767281,1.0,head
hd_p49_cp188,2290.6403175848345,1.0,head
hd_p49_cp189,1985.5883441783553,1.0,head
hd_p49_cp190,2291.2611800776704,1.0,head
hd_p49_cp191,1986.7075342406697,1.0,head
hd_p49_cp192,2291.7431398422236,1.0,head
hd_p49_cp193,1987.7123956974933,1.0,head
hd_p49_cp194,2292.1050869578526,1.0,head
hd_p49_cp195,1988.5624825178795,1.0,head
hd_p49_cp196,2292.3687388703474,1.0,head
hd_p49_cp197,1989.2486234881785,1.0,head
hd_p49_cp198,2292.5554140051927,1.0,head
hd_p49_cp199,1989.7810798946468,1.0,head
hd_p49_cp200,2292.68416782129,1.0,head
hd_p49_cp201,1990.180218331355,1.0,head
hd_p49_cp202,2292.7709032505627,1.0,head
hd_p49_cp203,1990.470110174294,1.0,head
hd_p49_cp204,2292.828166797288,1.0,head
hd_p49_cp205,1990.6745275423846,1.0,head
hd_p49_cp206,2292.865384457647,1.0,head
hd_p49_cp207,1990.8146960541508,1.0,head
hd_p49_cp208,2292.889333055992,1.0,head
hd_p49_cp209,1990.908279156672,1.0,head
hd_p49_cp210,2292.9046932484775,1.0,head
hd_p49_cp211,1990.9691831277673,1.0,head
hd_p50_cp0,2292.8354199192286,1.0,head
hd_p50_cp1,2292.912198138367,1.0,head
hd_p50_cp2,2285.4285552180504,1.0,head
hd_p50_cp3,2285.5400097501206,1.0,head
hd_p50_cp4,2278.0071763379315,1.0,head
hd_p50_cp5,2278.1629953065863,1.0,head
hd_p50_cp6,2270.569461570496,1.0,head
hd_p50_cp7,2270.778785708106,1.0,head
hd_p50_cp8,2263.1147063081453,1.0,head
hd_p50_cp9,2263.3839643955057,1.0,head
hd_p50_cp10,2255.6440035873875,1.0,head
hd_p50_cp11,2255.9738483457036,1.0,head
hd_p50_cp12,2248.1608714478957,1.0,head
hd_p50_cp13,2248.542346498076,1.0,head
hd_p50_cp14,2240.6716308440477,1.0,head
hd_p50_cp15,2241.081991151914,1.0,head
hd_p50_cp16,2233.1852933035293,1.0,head
hd_p50_cp17,2233.584264782143,1.0,head
hd_p50_cp18,2225.712741344262,1.0,head
hd_p50_cp19,2226.0403680196005,1.0,head
hd_p50_cp20,2218.2651211263455,1.0,head
hd_p50_cp21,2218.4425944425925,1.0,head
hd_p50_cp22,2210.851625614822,1.0,head
hd_p50_cp23,2210.7864996589838,1.0,head
hd_p50_cp24,2203.477160624339,1.0,head
hd_p50_cp25,2203.074071926894,1.0,head
hd_p50_cp26,2196.1406127041196,1.0,head
hd_p50_cp27,2195.318048829763,1.0,head
hd_p50_cp28,2188.834410407002,1.0,head
hd_p50_cp29,2187.5470620298493,1.0,head
hd_p50_cp30,2181.545635010548,1.0,head
hd_p50_cp31,2179.809726671394,1.0,head
hd_p50_cp32,2174.2581791204466,1.0,head
hd_p50_cp33,2172.1724861853377,1.0,head
hd_p50_cp34,2166.9551688689585,1.0,head
hd_p50_cp35,2164.7025993841803,1.0,head
hd_p50_cp36,2159.621047061928,1.0,head
hd_p50_cp37,2157.4323937369663,1.0,head
hd_p50_cp38,2152.2430760274997,1.0,head
hd_p50_cp39,2150.329041599841,1.0,head
hd_p50_cp40,2144.8123316792394,1.0,head
hd_p50_cp41,2143.32490152053,1.0,head
hd_p50_cp42,2137.324404921659,1.0,head
hd_p50_cp43,2136.3533690258246,1.0,head
hd_p50_cp44,2129.7799975872103,1.0,head
hd_p50_cp45,2129.3659641759245,1.0,head
hd_p50_cp46,2122.1854622131195,1.0,head
hd_p50_cp47,2122.334513445212,1.0,head
hd_p50_cp48,2114.5531652421882,1.0,head
hd_p50_cp49,2115.2470219840407,1.0,head
hd_p50_cp50,2106.901410237936,1.0,head
hd_p50_cp51,2108.102418818883,1.0,head
hd_p50_cp52,2099.2535726603433,1.0,head
hd_p50_cp53,2100.9060731102763,1.0,head
hd_p50_cp54,2091.636077032022,1.0,head
hd_p50_cp55,2093.666441512386,1.0,head
hd_p50_cp56,2084.0749282397105,1.0,head
hd_p50_cp57,2086.3927629682626,1.0,head
hd_p50_cp58,2076.5909234478936,1.0,head
hd_p50_cp59,2079.0936465952054,1.0,head
hd_p50_cp60,2069.1948368736707,1.0,head
hd_p50_cp61,2071.776377897062,1.0,head
hd_p50_cp62,2061.885357454269,1.0,head
hd_p50_cp63,2064.446737993559,1.0,head
hd_p50_cp64,2054.651716074251,1.0,head
hd_p50_cp65,2057.1091199884477,1.0,head
hd_p50_cp66,2047.4785691276504,1.0,head
hd_p50_cp67,2049.76675871693,1.0,head
hd_p50_cp68,2040.3499059849921,1.0,head
hd_p50_cp69,2042.4219549221668,1.0,head
hd_p50_cp70,2033.2505723776121,1.0,head
hd_p50_cp71,2035.0762454348808,1.0,head
hd_p50_cp72,2026.165972714904,1.0,head
hd_p50_cp73,2027.730524034284,1.0,head
hd_p50_cp74,2019.0816990744906,1.0,head
hd_p50_cp75,2020.385143139954,1.0,head
hd_p50_cp76,2011.9844212795408,1.0,head
hd_p50_cp77,2013.0400260818283,1.0,head
hd_p50_cp78,2004.863451794531,1.0,head
hd_p50_cp79,2005.694802907752,1.0,head
hd_p50_cp80,1997.711842521621,1.0,head
hd_p50_cp81,1998.3489624260885,1.0,head
hd_p50_cp82,1990.5265402650587,1.0,head
hd_p50_cp83,1991.0020008021609,1.0,head
hd_p50_cp84,2292.7910122922704,1.0,head
hd_p50_cp85,1990.3227131195486,1.0,head
hd_p50_cp86,2292.7316036572456,1.0,head
hd_p50_cp87,1990.0687418745642,1.0,head
hd_p50_cp88,2292.654592408216,1.0,head
hd_p50_cp89,1989.7636169208165,1.0,head
hd_p50_cp90,2292.5580395203215,1.0,head
hd_p50_cp91,1989.4118953732993,1.0,head
hd_p50_cp92,2292.441233807539,1.0,head
hd_p50_cp93,1989.0270573711628,1.0,head
hd_p50_cp94,2292.3052988061804,1.0,head
hd_p50_cp95,1988.6361953855442,1.0,head
hd_p50_cp96,2292.153726379741,1.0,head
hd_p50_cp97,1988.2841396731067,1.0,head
hd_p50_cp98,2291.9926758749075,1.0,head
hd_p50_cp99,1988.031366234364,1.0,head
hd_p50_cp100,2291.830856440591,1.0,head
hd_p50_cp101,1987.9377718042872,1.0,head
hd_p50_cp102,2291.678847681127,1.0,head
hd_p50_cp103,1988.0313139093919,1.0,head
hd_p50_cp104,2291.5478398164973,1.0,head
hd_p50_cp105,1988.2840169000206,1.0,head
hd_p50_cp106,2291.447979383061,1.0,head
hd_p50_cp107,1988.6359611787013,1.0,head
hd_p50_cp108,2291.3867042896713,1.0,head
hd_p50_cp109,1989.0266377909147,1.0,head
hd_p50_cp110,2291.367490790363,1.0,head
hd_p50_cp111,1989.4111669259094,1.0,head
hd_p50_cp112,2291.3892120606106,1.0,head
hd_p50_cp113,1989.762381914246,1.0,head
hd_p50_cp114,2291.4459797485433,1.0,head
hd_p50_cp115,1990.06669412011,1.0,head
hd_p50_cp116,2291.527360546878,1.0,head
hd_p50_cp117,1990.3193927856885,1.0,head
hd_p50_cp118,2291.6191017157444,1.0,head
hd_p50_cp119,1990.5212778031857,1.0,head
hd_p50_cp120,2291.704534621817,1.0,head
hd_p50_cp121,1990.67648763762,1.0,head
hd_p50_cp122,2291.7665508959167,1.0,head
hd_p50_cp123,1990.7909893905016,1.0,head
hd_p50_cp124,2291.789826195472,1.0,head
hd_p50_cp125,1990.871432677608,1.0,head
hd_p50_cp126,2291.7629773521303,1.0,head
hd_p50_cp127,1990.9242982658147,1.0,head
hd_p50_cp128,2291.6804813120175,1.0,head
hd_p50_cp129,1990.955346426926,1.0,head
hd_p50_cp130,2291.544291703302,1.0,head
hd_p50_cp131,1990.9693476312227,1.0,head
hd_p50_cp132,2291.365065216174,1.0,head
hd_p50_cp133,1990.970034524911,1.0,head
hd_p50_cp134,2291.1627496984556,1.0,head
hd_p50_cp135,1990.960184986267,1.0,head
hd_p50_cp136,2290.9659840309737,1.0,head
hd_p50_cp137,1990.9417370765682,1.0,head
hd_p50_cp138,2290.809130718713,1.0,head
hd_p50_cp139,1990.9158427750483,1.0,head
hd_p50_cp140,2290.7246714637913,1.0,head
hd_p50_cp141,1990.8827844530238,1.0,head
hd_p50_cp142,2290.7291841004917,1.0,head
hd_p50_cp143,1990.841706212613,1.0,head
hd_p50_cp144,2290.8103620232287,1.0,head
hd_p50_cp145,1990.790153465627,1.0,head
hd_p50_cp146,2290.93694055363,1.0,head
hd_p50_cp147,1990.7234678989212,1.0,head
hd_p50_cp148,2291.0704245501147,1.0,head
hd_p50_cp149,1990.6341445536498,1.0,head
hd_p50_cp150,2291.1715081752704,1.0,head
hd_p50_cp151,1990.5113099705557,1.0,head
hd_p50_cp152,2291.2029032778905,1.0,head
hd_p50_cp153,1990.3405103813348,1.0,head
hd_p50_cp154,2291.1306402433274,1.0,head
hd_p50_cp155,1990.103999404977,1.0,head
hd_p50_cp156,2290.9249534419837,1.0,head
hd_p50_cp157,1989.7816929429953,1.0,head
hd_p50_cp158,2290.561524023369,1.0,head
hd_p50_cp159,1989.352932224511,1.0,head
hd_p50_cp160,2290.0238873912735,1.0,head
hd_p50_cp161,1988.7991760388106,1.0,head
hd_p50_cp162,2289.3079606059864,1.0,head
hd_p50_cp163,1988.1077242794042,1.0,head
hd_p50_cp164,2288.4296654924356,1.0,head
hd_p50_cp165,1987.2765170641132,1.0,head
hd_p50_cp166,2287.4358234347096,1.0,head
hd_p50_cp167,1986.319850406,1.0,head
hd_p50_cp168,2286.4157463687834,1.0,head
hd_p50_cp169,1985.2743098807591,1.0,head
hd_p50_cp170,2285.505956208149,1.0,head
hd_p50_cp171,1984.2031723934094,1.0,head
hd_p50_cp172,2284.8757506481834,1.0,head
hd_p50_cp173,1983.1961371356908,1.0,head
hd_p50_cp174,2284.6816634140496,1.0,head
hd_p50_cp175,1982.360508205989,1.0,head
hd_p50_cp176,2284.990902404149,1.0,head
hd_p50_cp177,1981.801692338727,1.0,head
hd_p50_cp178,2285.7207727898267,1.0,head
hd_p50_cp179,1981.5967065550499,1.0,head
hd_p50_cp180,2286.7082510857535,1.0,head
hd_p50_cp181,1981.7732777607648,1.0,head
hd_p50_cp182,2287.787714968487,1.0,head
hd_p50_cp183,1982.3106543926162,1.0,head
hd_p50_cp184,2288.832884091968,1.0,head
hd_p50_cp185,1983.1584617771491,1.0,head
hd_p50_cp186,2289.7670983097933,1.0,head
hd_p50_cp187,1984.2343619002863,1.0,head
hd_p50_cp188,2290.555661911356,1.0,head
hd_p50_cp189,1985.4079675060702,1.0,head
hd_p50_cp190,2291.19253949753,1.0,head
hd_p50_cp191,1986.5528322200325,1.0,head
hd_p50_cp192,2291.6884204863886,1.0,head
hd_p50_cp193,1987.5831726279152,1.0,head
hd_p50_cp194,2292.0622537954223,1.0,head
hd_p50_cp195,1988.456882623857,1.0,head
hd_p50_cp196,2292.335858099676,1.0,head
hd_p50_cp197,1989.1641437429764,1.0,head
hd_p50_cp198,2292.5306669977117,1.0,head
hd_p50_cp199,1989.7149806569344,1.0,head
hd_p50_cp200,2292.665886820901,1.0,head
hd_p50_cp201,1990.1297052957846,1.0,head
hd_p50_cp202,2292.7576177666915,1.0,head
hd_p50_cp203,1990.4324554896361,1.0,head
hd_p50_cp204,2292.81863755425,1.0,head
hd_p50_cp205,1990.6471725349586,1.0,head
hd_p50_cp206,2292.8586128525726,1.0,head
hd_p50_cp207,1990.7953389684599,1.0,head
hd_p50_cp208,2292.8845469085604,1.0,head
hd_p50_cp209,1990.8949385118694,1.0,head
hd_p50_cp210,2292.901316514474,1.0,head
hd_p50_cp211,1990.9602275704242,1.0,head
hd_p51_cp0,2292.826619486828,1.0,head
hd_p51_cp1,2292.9096205544934,1.0,head
hd_p51_cp2,2285.416794161807,1.0,head
hd_p51_cp3,2285.5365684823846,1.0,head
hd_p51_cp4,2277.9918464942257,1.0,head
hd_p51_cp5,2278.1583769367103,1.0,head
hd_p51_cp6,2270.550009548633,1.0,head
hd_p51_cp7,2270.7725976212805,1.0,head
hd_p51_cp8,2263.090698370721,1.0,head
hd_p51_cp9,2263.375723988372,1.0,head
hd_p51_cp10,2255.6151943060877,1.0,head
hd_p51_cp11,2255.962982583091,1.0,head
hd_p51_cp12,2248.1272621735357,1.0,head
hd_p51_cp13,2248.528204263355,1.0,head
hd_p51_cp14,2240.6335011357173,1.0,head
hd_p51_cp15,2241.063867354059,1.0,head
hd_p51_cp16,2233.1431908288896,1.0,head
hd_p51_cp17,2233.5614287519265,1.0,head
hd_p51_cp18,2225.66742700418,1.0,head
hd_p51_cp19,2226.012081174272,1.0,head
hd_p51_cp20,2218.21748381554,1.0,head
hd_p51_cp21,2218.4080997722785,1.0,head
hd_p51_cp22,2210.802591306427,1.0,head
hd_p51_cp23,2210.7449798333596,1.0,head
hd_p51_cp24,2203.427609317485,1.0,head
hd_p51_cp25,2203.0246145434808,1.0,head
hd_p51_cp26,2196.091298425744,1.0,head
hd_p51_cp27,2195.2597186570906,1.0,head
hd_p51_cp28,2188.7858879511655,1.0,head
hd_p51_cp29,2187.4792177758422,1.0,head
hd_p51_cp30,2181.4982138622254,1.0,head
hd_p51_cp31,2179.732667857827,1.0,head
hd_p51_cp32,2174.2119072734336,1.0,head
hd_p51_cp33,2172.0882755965144,1.0,head
hd_p51_cp34,2166.909837562725,1.0,head
hd_p51_cp35,2164.6153444887946,1.0,head
hd_p51_cp36,2159.5762201943844,1.0,head
hd_p51_cp37,2157.3470732231217,1.0,head
hd_p51_cp38,2152.198152951486,1.0,head
hd_p51_cp39,2150.2497497611575,1.0,head
hd_p51_cp40,2144.7666374279443,1.0,head
hd_p51_cp41,2143.2536776332445,1.0,head
hd_p51_cp42,2137.277283400996,1.0,head
hd_p51_cp43,2136.290484244688,1.0,head
hd_p51_cp44,2129.730876180825,1.0,head
hd_p51_cp45,2129.3107515900438,1.0,head
hd_p51_cp46,2122.1338658245304,1.0,head
hd_p51_cp47,2122.2860238020007,1.0,head
hd_p51_cp48,2114.4986844747837,1.0,head
hd_p51_cp49,2115.2043492685884,1.0,head
hd_p51_cp50,2106.843667408247,1.0,head
hd_p51_cp51,2108.0647798552286,1.0,head
hd_p51_cp52,2099.1922578219883,1.0,head
hd_p51_cp53,2100.8727776588125,1.0,head
hd_p51_cp54,2091.571096439156,1.0,head
hd_p51_cp55,2093.636852416337,1.0,head
hd_p51_cp56,2084.0065924083283,1.0,head
hd_p51_cp57,2086.366285239231,1.0,head
hd_p51_cp58,2076.5199935088463,1.0,head
hd_p51_cp59,2079.0697427964146,1.0,head
hd_p51_cp60,2069.122333843863,1.0,head
hd_p51_cp61,2071.7545928207264,1.0,head
hd_p51_cp62,2061.812288205785,1.0,head
hd_p51_cp63,2064.4267179657636,1.0,head
hd_p51_cp64,2054.5789425116477,1.0,head
hd_p51_cp65,2057.0906195805774,1.0,head
hd_p51_cp66,2047.4069282560588,1.0,head
hd_p51_cp67,2049.7496339193503,1.0,head
hd_p51_cp68,2040.2804158906383,1.0,head
hd_p51_cp69,2042.4061454362202,1.0,head
hd_p51_cp70,2033.184495103543,1.0,head
hd_p51_cp71,2035.0617502699001,1.0,head
hd_p51_cp72,2026.1046689510372,1.0,head
hd_p51_cp73,2027.717374871734,1.0,head
hd_p51_cp74,2019.0263699214463,1.0,head
hd_p51_cp75,2020.3733794411128,1.0,head
hd_p51_cp76,2011.9358767290034,1.0,head
hd_p51_cp77,2013.0296749763017,1.0,head
hd_p51_cp78,2004.8220040149688,1.0,head
hd_p51_cp79,2005.685865769143,1.0,head
hd_p51_cp80,1997.6773430585586,1.0,head
hd_p51_cp81,1998.3414089641785,1.0,head
hd_p51_cp82,1990.4985081878758,1.0,head
hd_p51_cp83,1990.9957706918249,1.0,head
hd_p51_cp84,2292.7790991563697,1.0,head
hd_p51_cp85,1990.2878117352366,1.0,head
hd_p51_cp86,2292.715841539998,1.0,head
hd_p51_cp87,1990.0259410396568,1.0,head
hd_p51_cp88,2292.634210776296,1.0,head
hd_p51_cp89,1989.7116957863227,1.0,head
hd_p51_cp90,2292.5322831426224,1.0,head
hd_p51_cp91,1989.3495657723922,1.0,head
hd_p51_cp92,2292.409426532784,1.0,head
hd_p51_cp93,1988.9533966084755,1.0,head
hd_p51_cp94,2292.266917646204,1.0,head
hd_p51_cp95,1988.5513028678222,1.0,head
hd_p51_cp96,2292.1084774010433,1.0,head
hd_p51_cp97,1988.189649247997,1.0,head
hd_p51_cp98,2291.940558689686,1.0,head
hd_p51_cp99,1987.9304529769076,1.0,head
hd_p51_cp100,2291.7722023482524,1.0,head
hd_p51_cp101,1987.8346314778116,1.0,head
hd_p51_cp102,2291.6143205639114,1.0,head
hd_p51_cp103,1987.9303905295767,1.0,head
hd_p51_cp104,2291.4783979796275,1.0,head
hd_p51_cp105,1988.1895035001196,1.0,head
hd_p51_cp106,2291.3748052873416,1.0,head
hd_p51_cp107,1988.5510268840783,1.0,head
hd_p51_cp108,2291.3111113837745,1.0,head
hd_p51_cp109,1988.952906286357,1.0,head
hd_p51_cp110,2291.2908129141388,1.0,head
hd_p51_cp111,1989.3487217257584,1.0,head
hd_p51_cp112,2291.3126810054478,1.0,head
hd_p51_cp113,1989.7102766588175,1.0,head
hd_p51_cp114,2291.370604201652,1.0,head
hd_p51_cp115,1990.0236066762725,1.0,head
hd_p51_cp116,2291.4538270884527,1.0,head
hd_p51_cp117,1990.2840551259294,1.0,head
hd_p51_cp118,2291.54771771769,1.0,head
hd_p51_cp119,1990.4925963007333,1.0,head
hd_p51_cp120,2291.6352237955152,1.0,head
hd_p51_cp121,1990.6534837481718,1.0,head
hd_p51_cp122,2291.6988972937384,1.0,head
hd_p51_cp123,1990.7727121513794,1.0,head
hd_p51_cp124,2291.7231532725655,1.0,head
hd_p51_cp125,1990.8569176666997,1.0,head
hd_p51_cp126,2291.6964432002887,1.0,head
hd_p51_cp127,1990.9125774141378,1.0,head
hd_p51_cp128,2291.6131635897273,1.0,head
hd_p51_cp129,1990.9454833090701,1.0,head
hd_p51_cp130,2291.475231764354,1.0,head
hd_p51_cp131,1990.9604727090036,1.0,head
hd_p51_cp132,2291.2932670078158,1.0,head
hd_p51_cp133,1990.9613653694057,1.0,head
hd_p51_cp134,2291.0872163469385,1.0,head
hd_p51_cp135,1990.9510262003546,1.0,head
hd_p51_cp136,2290.88598276652,1.0,head
hd_p51_cp137,1990.9314599395304,1.0,head
hd_p51_cp138,2290.7247838653834,1.0,head
hd_p51_cp139,1990.9038463540626,1.0,head
hd_p51_cp140,2290.637403707914,1.0,head
hd_p51_cp141,1990.8684401860446,1.0,head
hd_p51_cp142,2290.6410842517353,1.0,head
hd_p51_cp143,1990.8242885518594,1.0,head
hd_p51_cp144,2290.722933308544,1.0,head
hd_p51_cp145,1990.7687610108358,1.0,head
hd_p51_cp146,2290.8504155209644,1.0,head
hd_p51_cp147,1990.6969426822895,1.0,head
hd_p51_cp148,2290.9841302969407,1.0,head
hd_p51_cp149,1990.6010013519144,1.0,head
hd_p51_cp150,2291.084359964337,1.0,head
hd_p51_cp151,1990.4696918458237,1.0,head
hd_p51_cp152,2291.1135763166276,1.0,head
hd_p51_cp153,1990.2881897669627,1.0,head
hd_p51_cp154,2291.0375289773283,1.0,head
hd_p51_cp155,1990.0384444693436,1.0,head
hd_p51_cp156,2290.826114637899,1.0,head
hd_p51_cp157,1989.7002156148665,1.0,head
hd_p51_cp158,2290.4547045420427,1.0,head
hd_p51_cp159,1989.2529267736468,1.0,head
hd_p51_cp160,2289.906689901101,1.0,head
hd_p51_cp161,1988.6784450354526,1.0,head
hd_p51_cp162,2289.1782027106074,1.0,head
hd_p51_cp163,1987.9648691571638,1.0,head
hd_p51_cp164,2288.2858963241306,1.0,head
hd_p51_cp165,1987.1113360371078,1.0,head
hd_p51_cp166,2287.277691508764,1.0,head
hd_p51_cp167,1986.133631308975,1.0,head
hd_p51_cp168,2286.243804620074,1.0,head
hd_p51_cp169,1985.0698482163973,1.0,head
hd_p51_cp170,2285.321314605943,1.0,head
hd_p51_cp171,1983.9843599112537,1.0,head
hd_p51_cp172,2284.681271550036,1.0,head
hd_p51_cp173,1982.9671615057866,1.0,head
hd_p51_cp174,2284.4844444222517,1.0,head
hd_p51_cp175,1982.1250575537788,1.0,head
hd_p51_cp176,2284.8005938913575,1.0,head
hd_p51_cp177,1981.562733576722,1.0,head
hd_p51_cp178,2285.5444381350535,1.0,head
hd_p51_cp179,1981.3570347943553,1.0,head
hd_p51_cp180,2286.5488100496914,1.0,head
hd_p51_cp181,1981.5363684366712,1.0,head
hd_p51_cp182,2287.6464262219197,1.0,head
hd_p51_cp183,1982.0809259871535,1.0,head
hd_p51_cp184,2288.710524878587,1.0,head
hd_p51_cp185,1982.9405434664543,1.0,head
hd_p51_cp186,2289.6636237083303,1.0,head
hd_p51_cp187,1984.0326605770574,1.0,head
hd_p51_cp188,2290.470001903725,1.0,head
hd_p51_cp189,1985.227261097777,1.0,head
hd_p51_cp190,2291.1229209781204,1.0,head
hd_p51_cp191,1986.3966423318934,1.0,head
hd_p51_cp192,2291.6328021817963,1.0,head
hd_p51_cp193,1987.452179874162,1.0,head
hd_p51_cp194,2292.0185910152427,1.0,head
hd_p51_cp195,1988.3496215911782,1.0,head
hd_p51_cp196,2292.302202438981,1.0,head
hd_p51_cp197,1989.0781694887066,1.0,head
hd_p51_cp198,2292.50520103838,1.0,head
hd_p51_cp199,1989.6475303925617,1.0,head
hd_p51_cp200,2292.646955138548,1.0,head
hd_p51_cp201,1990.0779708395141,1.0,head
hd_p51_cp202,2292.7437626542496,1.0,head
hd_p51_cp203,1990.3937121992587,1.0,head
hd_p51_cp204,2292.8086262247425,1.0,head
hd_p51_cp205,1990.618872161312,1.0,head
hd_p51_cp206,2292.851445396029,1.0,head
hd_p51_cp207,1990.775187998986,1.0,head
hd_p51_cp208,2292.879443723026,1.0,head
hd_p51_cp209,1990.8809557894238,1.0,head
hd_p51_cp210,2292.89769070369,1.0,head
hd_p51_cp211,1990.9507725880044,1.0,head
