obsnme,obsval,weight,obsgp
dd_p0_cp0,3.4865479392465204e-09,1.0,drawdown
dd_p0_cp1,3.485183697193861e-09,1.0,drawdown
dd_p0_cp2,1.4042598195374012e-09,1.0,drawdown
dd_p0_cp3,1.3947101251687855e-09,1.0,drawdown
dd_p0_cp4,-1.1009433364961296e-09,1.0,drawdown
dd_p0_cp5,-1.1750671546906233e-09,1.0,drawdown
dd_p0_cp6,-2.7744135877583176e-09,1.0,drawdown
dd_p0_cp7,-3.265540726715699e-09,1.0,drawdown
dd_p0_cp8,5.639776645693928e-09,1.0,drawdown
dd_p0_cp9,2.9367583920247853e-09,1.0,drawdown
dd_p0_cp10,1.201988197863102e-08,1.0,drawdown
dd_p0_cp11,8.458300726488233e-10,1.0,drawdown
dd_p0_cp12,2.5665940484032035e-08,1.0,drawdown
dd_p0_cp13,-1.7257661966141313e-09,1.0,drawdown
dd_p0_cp14,7.358721632044762e-09,1.0,drawdown
dd_p0_cp15,-3.8157850212883204e-09,1.0,drawdown
dd_p0_cp16,5.089987098472193e-09,1.0,drawdown
dd_p0_cp17,2.3865140974521637e-09,1.0,drawdown
dd_p0_cp18,7.885319064371288e-10,1.0,drawdown
dd_p0_cp19,2.9695002012886107e-10,1.0,drawdown
dd_p0_cp20,-2.2000676835887134e-09,1.0,drawdown
dd_p0_cp21,-2.2737367544323206e-09,1.0,drawdown
dd_p0_cp22,-4.355115379439667e-09,1.0,drawdown
dd_p0_cp23,-4.364210326457396e-09,1.0,drawdown
dd_p0_cp24,1.8408172763884068e-09,1.0,drawdown
dd_p0_cp25,1.8403625290375203e-09,1.0,drawdown
dd_p0_cp26,-2.191882231272757e-10,1.0,drawdown
dd_p0_cp27,-2.191882231272757e-10,1.0,drawdown
dd_p0_cp28,-2.2782842279411852e-09,1.0,drawdown
dd_p0_cp29,-2.2782842279411852e-09,1.0,drawdown
dd_p0_cp30,3.924469638150185e-09,1.0,drawdown
dd_p0_cp31,3.924469638150185e-09,1.0,drawdown
dd_p0_cp32,1.8344508134759963e-09,1.0,drawdown
dd_p0_cp33,1.8344508134759963e-09,1.0,drawdown
dd_p0_cp34,-7.353264663834125e-10,1.0,drawdown
dd_p0_cp35,-7.353264663834125e-10,1.0,drawdown
dd_p0_cp36,-2.825800038408488e-09,1.0,drawdown
dd_p0_cp37,-2.825800038408488e-09,1.0,drawdown
dd_p0_cp38,3.3760443329811096e-09,1.0,drawdown
dd_p0_cp39,3.3760443329811096e-09,1.0,drawdown
dd_p0_cp40,1.285570760956034e-09,1.0,drawdown
dd_p0_cp41,1.285570760956034e-09,1.0,drawdown
dd_p0_cp42,-1.2846612662542611e-09,1.0,drawdown
dd_p0_cp43,-1.2846612662542611e-09,1.0,drawdown
dd_p0_cp44,-3.3751348382793367e-09,1.0,drawdown
dd_p0_cp45,-3.3746800909284502e-09,1.0,drawdown
dd_p0_cp46,2.8262547857593745e-09,1.0,drawdown
dd_p0_cp47,2.8262547857593745e-09,1.0,drawdown
dd_p0_cp48,7.353264663834125e-10,1.0,drawdown
dd_p0_cp49,7.353264663834125e-10,1.0,drawdown
dd_p0_cp50,-1.8349055608268827e-09,1.0,drawdown
dd_p0_cp51,-1.8349055608268827e-09,1.0,drawdown
dd_p0_cp52,-3.925379132851958e-09,1.0,drawdown
dd_p0_cp53,-3.925379132851958e-09,1.0,drawdown
dd_p0_cp54,2.2796484699938446e-09,1.0,drawdown
dd_p0_cp55,2.2787389752920717e-09,1.0,drawdown
dd_p0_cp56,2.305569068994373e-10,1.0,drawdown
dd_p0_cp57,2.2009771782904863e-10,1.0,drawdown
dd_p0_cp58,-1.7439560906495899e-09,1.0,drawdown
dd_p0_cp59,-1.838998286984861e-09,1.0,drawdown
dd_p0_cp60,5.149104254087433e-09,1.0,drawdown
dd_p0_cp61,4.365119821159169e-09,1.0,drawdown
dd_p0_cp62,7.975813787197694e-09,1.0,drawdown
dd_p0_cp63,2.2746462491340935e-09,1.0,drawdown
dd_p0_cp64,3.441618900978938e-08,1.0,drawdown
dd_p0_cp65,-2.9604052542708814e-10,1.0,drawdown
dd_p0_cp66,1.5790101315360516e-07,1.0,drawdown
dd_p0_cp67,-2.3860593501012772e-09,1.0,drawdown
dd_p0_cp68,4.443711532076122e-07,1.0,drawdown
dd_p0_cp69,3.815102900261991e-09,1.0,drawdown
dd_p0_cp70,1.6201238395296969e-07,1.0,drawdown
dd_p0_cp71,1.7248567019123584e-09,1.0,drawdown
dd_p0_cp72,3.386685420991853e-08,1.0,drawdown
dd_p0_cp73,-8.453753252979368e-10,1.0,drawdown
dd_p0_cp74,2.766000761766918e-09,1.0,drawdown
dd_p0_cp75,-2.9360762709984556e-09,1.0,drawdown
dd_p0_cp76,4.050434654345736e-09,1.0,drawdown
dd_p0_cp77,3.2659954740665853e-09,1.0,drawdown
dd_p0_cp78,1.269881977350451e-09,1.0,drawdown
dd_p0_cp79,1.1752945283660665e-09,1.0,drawdown
dd_p0_cp80,-1.3842509360983968e-09,1.0,drawdown
dd_p0_cp81,-1.3944827514933422e-09,1.0,drawdown
dd_p0_cp82,-3.484046828816645e-09,1.0,drawdown
dd_p0_cp83,-3.4854110708693042e-09,1.0,drawdown
dd_p0_cp84,3.497007128316909e-09,1.0,drawdown
dd_p0_cp85,-3.476543497527018e-09,1.0,drawdown
dd_p0_cp86,3.588866093195975e-09,1.0,drawdown
dd_p0_cp87,-3.4169715945608914e-09,1.0,drawdown
dd_p0_cp88,4.334651748649776e-09,1.0,drawdown
dd_p0_cp89,-3.0311184673337266e-09,1.0,drawdown
dd_p0_cp90,9.657924238126725e-09,1.0,drawdown
dd_p0_cp91,-9.879386198008433e-10,1.0,drawdown
dd_p0_cp92,4.1063231037696823e-08,1.0,drawdown
dd_p0_cp93,6.8366716732271016e-09,1.0,drawdown
dd_p0_cp94,1.770054041116964e-07,1.0,drawdown
dd_p0_cp95,2.1816276785102673e-08,1.0,drawdown
dd_p0_cp96,4.804119271284435e-07,1.0,drawdown
dd_p0_cp97,6.8366716732271016e-09,1.0,drawdown
dd_p0_cp98,1.770058588590473e-07,1.0,drawdown
dd_p0_cp99,-9.879386198008433e-10,1.0,drawdown
dd_p0_cp100,4.106368578504771e-08,1.0,drawdown
dd_p0_cp101,-3.0308910936582834e-09,1.0,drawdown
dd_p0_cp102,9.660652722232044e-09,1.0,drawdown
dd_p0_cp103,-3.416516847210005e-09,1.0,drawdown
dd_p0_cp104,4.343291948316619e-09,1.0,drawdown
dd_p0_cp105,-3.471313902991824e-09,1.0,drawdown
dd_p0_cp106,3.6052369978278875e-09,1.0,drawdown
dd_p0_cp107,-3.4344793675700203e-09,1.0,drawdown
dd_p0_cp108,3.5051925806328654e-09,1.0,drawdown
dd_p0_cp109,-2.9949660529382527e-09,1.0,drawdown
dd_p0_cp110,3.4888216760009527e-09,1.0,drawdown
dd_p0_cp111,9.579252946423367e-10,1.0,drawdown
dd_p0_cp112,3.486093191895634e-09,1.0,drawdown
dd_p0_cp113,3.2311163522535935e-08,1.0,drawdown
dd_p0_cp114,3.485183697193861e-09,1.0,drawdown
dd_p0_cp115,2.4084647520794533e-07,1.0,drawdown
dd_p0_cp116,3.485183697193861e-09,1.0,drawdown
dd_p0_cp117,1.2779694316122914e-06,1.0,drawdown
dd_p0_cp118,3.485183697193861e-09,1.0,drawdown
dd_p0_cp119,4.036789277961361e-06,1.0,drawdown
dd_p0_cp120,3.485183697193861e-09,1.0,drawdown
dd_p0_cp121,1.2779694316122914e-06,1.0,drawdown
dd_p0_cp122,3.485183697193861e-09,1.0,drawdown
dd_p0_cp123,2.4084602046059445e-07,1.0,drawdown
dd_p0_cp124,3.485183697193861e-09,1.0,drawdown
dd_p0_cp125,3.2311163522535935e-08,1.0,drawdown
dd_p0_cp126,3.485183697193861e-09,1.0,drawdown
dd_p0_cp127,9.576979209668934e-10,1.0,drawdown
dd_p0_cp128,3.485183697193861e-09,1.0,drawdown
dd_p0_cp129,-2.9940565582364798e-09,1.0,drawdown
dd_p0_cp130,3.486093191895634e-09,1.0,drawdown
dd_p0_cp131,-3.4356162359472364e-09,1.0,drawdown
dd_p0_cp132,3.4974618756677955e-09,1.0,drawdown
dd_p0_cp133,-3.4806362236849964e-09,1.0,drawdown
dd_p0_cp134,3.611603460740298e-09,1.0,drawdown
dd_p0_cp135,-3.485183697193861e-09,1.0,drawdown
dd_p0_cp136,4.727553459815681e-09,1.0,drawdown
dd_p0_cp137,-3.4854110708693042e-09,1.0,drawdown
dd_p0_cp138,1.4717443264089525e-08,1.0,drawdown
dd_p0_cp139,-3.4854110708693042e-09,1.0,drawdown
dd_p0_cp140,9.398218026035465e-08,1.0,drawdown
dd_p0_cp141,-3.4854110708693042e-09,1.0,drawdown
dd_p0_cp142,6.211785148479976e-07,1.0,drawdown
dd_p0_cp143,-3.4854110708693042e-09,1.0,drawdown
dd_p0_cp144,3.243122591811698e-06,1.0,drawdown
dd_p0_cp145,-3.4854110708693042e-09,1.0,drawdown
dd_p0_cp146,1.0217677754553733e-05,1.0,drawdown
dd_p0_cp147,-3.4854110708693042e-09,1.0,drawdown
dd_p0_cp148,3.243122591811698e-06,1.0,drawdown
dd_p0_cp149,-3.4854110708693042e-09,1.0,drawdown
dd_p0_cp150,6.211785148479976e-07,1.0,drawdown
dd_p0_cp151,-3.4854110708693042e-09,1.0,drawdown
dd_p0_cp152,9.398172551300377e-08,1.0,drawdown
dd_p0_cp153,-3.4854110708693042e-09,1.0,drawdown
dd_p0_cp154,1.4717898011440411e-08,1.0,drawdown
dd_p0_cp155,-3.4854110708693042e-09,1.0,drawdown
dd_p0_cp156,4.724824975710362e-09,1.0,drawdown
dd_p0_cp157,-3.4854110708693042e-09,1.0,drawdown
dd_p0_cp158,3.610693966038525e-09,1.0,drawdown
dd_p0_cp159,-3.4854110708693042e-09,1.0,drawdown
dd_p0_cp160,3.497916623018682e-09,1.0,drawdown
dd_p0_cp161,-3.484046828816645e-09,1.0,drawdown
dd_p0_cp162,3.486093191895634e-09,1.0,drawdown
dd_p0_cp163,-3.4749518817989156e-09,1.0,drawdown
dd_p0_cp164,3.485183697193861e-09,1.0,drawdown
dd_p0_cp165,-3.4044660424115136e-09,1.0,drawdown
dd_p0_cp166,3.485183697193861e-09,1.0,drawdown
dd_p0_cp167,-2.9478997021215037e-09,1.0,drawdown
dd_p0_cp168,3.485183697193861e-09,1.0,drawdown
dd_p0_cp169,-5.286437954055145e-10,1.0,drawdown
dd_p0_cp170,3.485183697193861e-09,1.0,drawdown
dd_p0_cp171,8.735923984204419e-09,1.0,drawdown
dd_p0_cp172,3.485183697193861e-09,1.0,drawdown
dd_p0_cp173,2.6471980163478293e-08,1.0,drawdown
dd_p0_cp174,3.485183697193861e-09,1.0,drawdown
dd_p0_cp175,8.735696610528976e-09,1.0,drawdown
dd_p0_cp176,3.485183697193861e-09,1.0,drawdown
dd_p0_cp177,-5.284164217300713e-10,1.0,drawdown
dd_p0_cp178,3.485183697193861e-09,1.0,drawdown
dd_p0_cp179,-2.9476723284460604e-09,1.0,drawdown
dd_p0_cp180,3.485183697193861e-09,1.0,drawdown
dd_p0_cp181,-3.404011295060627e-09,1.0,drawdown
dd_p0_cp182,3.485183697193861e-09,1.0,drawdown
dd_p0_cp183,-3.4747245081234723e-09,1.0,drawdown
dd_p0_cp184,3.485183697193861e-09,1.0,drawdown
dd_p0_cp185,-3.484046828816645e-09,1.0,drawdown
dd_p0_cp186,3.485183697193861e-09,1.0,drawdown
dd_p0_cp187,-3.4849563235184178e-09,1.0,drawdown
dd_p0_cp188,3.485183697193861e-09,1.0,drawdown
dd_p0_cp189,-3.4854110708693042e-09,1.0,drawdown
dd_p0_cp190,3.485183697193861e-09,1.0,drawdown
dd_p0_cp191,-3.4854110708693042e-09,1.0,drawdown
dd_p0_cp192,3.485183697193861e-09,1.0,drawdown
dd_p0_cp193,-3.4854110708693042e-09,1.0,drawdown
dd_p0_cp194,3.485183697193861e-09,1.0,drawdown
dd_p0_cp195,-3.4854110708693042e-09,1.0,drawdown
dd_p0_cp196,3.485183697193861e-09,1.0,drawdown
dd_p0_cp197,-3.4854110708693042e-09,1.0,drawdown
dd_p0_cp198,3.485183697193861e-09,1.0,drawdown
dd_p0_cp199,-3.4854110708693042e-09,1.0,drawdown
dd_p0_cp200,3.485183697193861e-09,1.0,drawdown
dd_p0_cp201,-3.4854110708693042e-09,1.0,drawdown
dd_p0_cp202,3.485183697193861e-09,1.0,drawdown
dd_p0_cp203,-3.4854110708693042e-09,1.0,drawdown
dd_p0_cp204,3.485183697193861e-09,1.0,drawdown
dd_p0_cp205,-3.4854110708693042e-09,1.0,drawdown
dd_p0_cp206,3.485183697193861e-09,1.0,drawdown
dd_p0_cp207,-3.4854110708693042e-09,1.0,drawdown
dd_p0_cp208,3.485183697193861e-09,1.0,drawdown
dd_p0_cp209,-3.4854110708693042e-09,1.0,drawdown
dd_p0_cp210,3.485183697193861e-09,1.0,drawdown
dd_p0_cp211,-3.4854110708693042e-09,1.0,drawdown
dd_p1_cp0,6.69797373120673e-09,1.0,drawdown
dd_p1_cp1,1.7389538697898388e-09,1.0,drawdown
dd_p1_cp2,3.184459274052642e-08,1.0,drawdown
dd_p1_cp3,1.0331859812140465e-09,1.0,drawdown
dd_p1_cp4,1.6958847481873818e-07,1.0,drawdown
dd_p1_cp5,-8.135430107358843e-10,1.0,drawdown
dd_p1_cp6,8.094607437669765e-07,1.0,drawdown
dd_p1_cp7,-1.5193108993116766e-09,1.0,drawdown
dd_p1_cp8,3.1515460250375327e-06,1.0,drawdown
dd_p1_cp9,1.1900738172698766e-09,1.0,drawdown
dd_p1_cp10,9.10191693037632e-06,1.0,drawdown
dd_p1_cp11,4.838511813431978e-10,1.0,drawdown
dd_p1_cp12,1.6042553852457786e-05,1.0,drawdown
dd_p1_cp13,-1.3633325579576194e-09,1.0,drawdown
dd_p1_cp14,9.099368526221951e-06,1.0,drawdown
dd_p1_cp15,-2.069555193884298e-09,1.0,drawdown
dd_p1_cp16,3.1510062399320304e-06,1.0,drawdown
dd_p1_cp17,6.393747753463686e-10,1.0,drawdown
dd_p1_cp18,8.109291229629889e-07,1.0,drawdown
dd_p1_cp19,-6.548361852765083e-11,1.0,drawdown
dd_p1_cp20,1.684989001660142e-07,1.0,drawdown
dd_p1_cp21,-1.9108483684249222e-09,1.0,drawdown
dd_p1_cp22,2.8205704438732937e-08,1.0,drawdown
dd_p1_cp23,-2.608430804684758e-09,1.0,drawdown
dd_p1_cp24,5.114998202770948e-09,1.0,drawdown
dd_p1_cp25,1.559783413540572e-10,1.0,drawdown
dd_p1_cp26,5.084075382910669e-10,1.0,drawdown
dd_p1_cp27,-2.1873347577638924e-10,1.0,drawdown
dd_p1_cp28,-4.94765117764473e-10,1.0,drawdown
dd_p1_cp29,-5.929905455559492e-10,1.0,drawdown
dd_p1_cp30,2.1832420316059142e-09,1.0,drawdown
dd_p1_cp31,2.1718733478337526e-09,1.0,drawdown
dd_p1_cp32,1.4738361642230302e-09,1.0,drawdown
dd_p1_cp33,1.477474143030122e-09,1.0,drawdown
dd_p1_cp34,-3.6834535421803594e-10,1.0,drawdown
dd_p1_cp35,-3.6698111216537654e-10,1.0,drawdown
dd_p1_cp36,-1.0504663805477321e-09,1.0,drawdown
dd_p1_cp37,-1.0741132427938282e-09,1.0,drawdown
dd_p1_cp38,1.8021637515630573e-09,1.0,drawdown
dd_p1_cp39,1.6320882423315197e-09,1.0,drawdown
dd_p1_cp40,1.9904291548300534e-09,1.0,drawdown
dd_p1_cp41,9.24956111703068e-10,1.0,drawdown
dd_p1_cp42,5.788024282082915e-09,1.0,drawdown
dd_p1_cp43,-9.217728802468628e-10,1.0,drawdown
dd_p1_cp44,3.6992332752561197e-08,1.0,drawdown
dd_p1_cp45,-1.6279955161735415e-09,1.0,drawdown
dd_p1_cp46,1.7659795048530214e-07,1.0,drawdown
dd_p1_cp47,1.0804797057062387e-09,1.0,drawdown
dd_p1_cp48,4.816706677956972e-07,1.0,drawdown
dd_p1_cp49,3.7425706977955997e-10,1.0,drawdown
dd_p1_cp50,1.7369802662869915e-07,1.0,drawdown
dd_p1_cp51,-1.4715624274685979e-09,1.0,drawdown
dd_p1_cp52,3.6342953535495326e-08,1.0,drawdown
dd_p1_cp53,-2.1695996110793203e-09,1.0,drawdown
dd_p1_cp54,1.1404608812881634e-08,1.0,drawdown
dd_p1_cp55,5.948095349594951e-10,1.0,drawdown
dd_p1_cp56,3.4089680411852896e-08,1.0,drawdown
dd_p1_cp57,2.2100721253082156e-10,1.0,drawdown
dd_p1_cp58,2.1737605493399315e-07,1.0,drawdown
dd_p1_cp59,-1.559783413540572e-10,1.0,drawdown
dd_p1_cp60,1.2819245966966264e-06,1.0,drawdown
dd_p1_cp61,2.6088855520356447e-09,1.0,drawdown
dd_p1_cp62,6.506070803879993e-06,1.0,drawdown
dd_p1_cp63,1.911757863126695e-09,1.0,drawdown
dd_p1_cp64,2.7099748876935337e-05,1.0,drawdown
dd_p1_cp65,6.548361852765083e-11,1.0,drawdown
dd_p1_cp66,8.417290973739e-05,1.0,drawdown
dd_p1_cp67,-6.39829522697255e-10,1.0,drawdown
dd_p1_cp68,0.0001583096616286639,1.0,drawdown
dd_p1_cp69,2.069555193884298e-09,1.0,drawdown
dd_p1_cp70,8.417491267209698e-05,1.0,drawdown
dd_p1_cp71,1.3637873053085059e-09,1.0,drawdown
dd_p1_cp72,2.7099198177893413e-05,1.0,drawdown
dd_p1_cp73,-4.833964339923114e-10,1.0,drawdown
dd_p1_cp74,6.5029689721995965e-06,1.0,drawdown
dd_p1_cp75,-1.1889369488926604e-09,1.0,drawdown
dd_p1_cp76,1.2808238807338057e-06,1.0,drawdown
dd_p1_cp77,1.5204477676888928e-09,1.0,drawdown
dd_p1_cp78,2.182393927796511e-07,1.0,drawdown
dd_p1_cp79,8.146798791131005e-10,1.0,drawdown
dd_p1_cp80,3.1978288461687043e-08,1.0,drawdown
dd_p1_cp81,-1.0320491128368303e-09,1.0,drawdown
dd_p1_cp82,2.8408067009877414e-09,1.0,drawdown
dd_p1_cp83,-1.7380443750880659e-09,1.0,drawdown
dd_p1_cp84,3.747845767065883e-08,1.0,drawdown
dd_p1_cp85,2.6722545953816734e-08,1.0,drawdown
dd_p1_cp86,2.371184564253781e-07,1.0,drawdown
dd_p1_cp87,1.5566729416605085e-07,1.0,drawdown
dd_p1_cp88,1.3866583685739897e-06,1.0,drawdown
dd_p1_cp89,7.473954610759392e-07,1.0,drawdown
dd_p1_cp90,7.04285685060313e-06,1.0,drawdown
dd_p1_cp91,2.9083691970299697e-06,1.0,drawdown
dd_p1_cp92,2.9338672902667895e-05,1.0,drawdown
dd_p1_cp93,8.405613471040851e-06,1.0,drawdown
dd_p1_cp94,9.112436055147555e-05,1.0,drawdown
dd_p1_cp95,1.4818658428339404e-05,1.0,drawdown
dd_p1_cp96,0.00017137870418082457,1.0,drawdown
dd_p1_cp97,8.405616426898632e-06,1.0,drawdown
dd_p1_cp98,9.112475618167082e-05,1.0,drawdown
dd_p1_cp99,2.9083969366183737e-06,1.0,drawdown
dd_p1_cp100,2.934040367108537e-05,1.0,drawdown
dd_p1_cp101,7.476385235349881e-07,1.0,drawdown
dd_p1_cp102,7.048814495647093e-06,1.0,drawdown
dd_p1_cp103,1.5771365724503994e-07,1.0,drawdown
dd_p1_cp104,1.4018864931131247e-06,1.0,drawdown
dd_p1_cp105,4.288085619919002e-08,1.0,drawdown
dd_p1_cp106,2.6136331143788993e-07,1.0,drawdown
dd_p1_cp107,1.218882061948534e-07,1.0,drawdown
dd_p1_cp108,5.2703398978337646e-08,1.0,drawdown
dd_p1_cp109,8.097110821836395e-07,1.0,drawdown
dd_p1_cp110,1.2654709280468524e-08,1.0,drawdown
dd_p1_cp111,5.023202902521007e-06,1.0,drawdown
dd_p1_cp112,4.110461304662749e-09,1.0,drawdown
dd_p1_cp113,2.741759158197965e-05,1.0,drawdown
dd_p1_cp114,2.2264430299401283e-09,1.0,drawdown
dd_p1_cp115,0.00012338239253040229,1.0,drawdown
dd_p1_cp116,1.832177076721564e-09,1.0,drawdown
dd_p1_cp117,0.0004156637569394661,1.0,drawdown
dd_p1_cp118,1.7553247744217515e-09,1.0,drawdown
dd_p1_cp119,0.0008435823608579085,1.0,drawdown
dd_p1_cp120,1.742137101246044e-09,1.0,drawdown
dd_p1_cp121,0.0004156637228334148,1.0,drawdown
dd_p1_cp122,1.7403181118424982e-09,1.0,drawdown
dd_p1_cp123,0.00012338216424723214,1.0,drawdown
dd_p1_cp124,1.7462298274040222e-09,1.0,drawdown
dd_p1_cp125,2.7416332841312396e-05,1.0,drawdown
dd_p1_cp126,1.7976162780541927e-09,1.0,drawdown
dd_p1_cp127,5.0179548907181015e-06,1.0,drawdown
dd_p1_cp128,2.2687345335725695e-09,1.0,drawdown
dd_p1_cp129,7.963981261127628e-07,1.0,drawdown
dd_p1_cp130,6.338723324006423e-09,1.0,drawdown
dd_p1_cp131,1.1215001904929522e-07,1.0,drawdown
dd_p1_cp132,3.943432602682151e-08,1.0,drawdown
dd_p1_cp133,1.3171302271075547e-08,1.0,drawdown
dd_p1_cp134,2.896617843362037e-07,1.0,drawdown
dd_p1_cp135,8.026290743146092e-11,1.0,drawdown
dd_p1_cp136,2.0195025172142778e-06,1.0,drawdown
dd_p1_cp137,-1.5293153410311788e-09,1.0,drawdown
dd_p1_cp138,1.2691993561020354e-05,1.0,drawdown
dd_p1_cp139,-1.7153070075437427e-09,1.0,drawdown
dd_p1_cp140,6.931718144187471e-05,1.0,drawdown
dd_p1_cp141,-1.73622538568452e-09,1.0,drawdown
dd_p1_cp142,0.00031192775486488244,1.0,drawdown
dd_p1_cp143,-1.7380443750880659e-09,1.0,drawdown
dd_p1_cp144,0.0010508427935747022,1.0,drawdown
dd_p1_cp145,-1.7380443750880659e-09,1.0,drawdown
dd_p1_cp146,0.002132661014002224,1.0,drawdown
dd_p1_cp147,-1.7380443750880659e-09,1.0,drawdown
dd_p1_cp148,0.0010508427940294496,1.0,drawdown
dd_p1_cp149,-1.7380443750880659e-09,1.0,drawdown
dd_p1_cp150,0.0003119277525911457,1.0,drawdown
dd_p1_cp151,-1.737134880386293e-09,1.0,drawdown
dd_p1_cp152,6.931717825864325e-05,1.0,drawdown
dd_p1_cp153,-1.7296315490966663e-09,1.0,drawdown
dd_p1_cp154,1.2691989923041547e-05,1.0,drawdown
dd_p1_cp155,-1.680291461525485e-09,1.0,drawdown
dd_p1_cp156,2.0194984244881198e-06,1.0,drawdown
dd_p1_cp157,-1.4058514352655038e-09,1.0,drawdown
dd_p1_cp158,2.896586011047475e-07,1.0,drawdown
dd_p1_cp159,-1.0163603292312473e-10,1.0,drawdown
dd_p1_cp160,3.943296178476885e-08,1.0,drawdown
dd_p1_cp161,5.556785254157148e-09,1.0,drawdown
dd_p1_cp162,6.33917807135731e-09,1.0,drawdown
dd_p1_cp163,3.2790921977721155e-08,1.0,drawdown
dd_p1_cp164,2.2687345335725695e-09,1.0,drawdown
dd_p1_cp165,1.8477362573321443e-07,1.0,drawdown
dd_p1_cp166,1.7976162780541927e-09,1.0,drawdown
dd_p1_cp167,8.84746896190336e-07,1.0,drawdown
dd_p1_cp168,1.7457750800531358e-09,1.0,drawdown
dd_p1_cp169,3.440895170570002e-06,1.0,drawdown
dd_p1_cp170,1.7403181118424982e-09,1.0,drawdown
dd_p1_cp171,9.940391919371905e-06,1.0,drawdown
dd_p1_cp172,1.7398633644916117e-09,1.0,drawdown
dd_p1_cp173,1.7515735862616566e-05,1.0,drawdown
dd_p1_cp174,1.7394086171407253e-09,1.0,drawdown
dd_p1_cp175,9.940390782503528e-06,1.0,drawdown
dd_p1_cp176,1.7389538697898388e-09,1.0,drawdown
dd_p1_cp177,3.440888121986063e-06,1.0,drawdown
dd_p1_cp178,1.7389538697898388e-09,1.0,drawdown
dd_p1_cp179,8.847018762025982e-07,1.0,drawdown
dd_p1_cp180,1.7389538697898388e-09,1.0,drawdown
dd_p1_cp181,1.8455011741025373e-07,1.0,drawdown
dd_p1_cp182,1.7389538697898388e-09,1.0,drawdown
dd_p1_cp183,3.1949639378581196e-08,1.0,drawdown
dd_p1_cp184,1.7389538697898388e-09,1.0,drawdown
dd_p1_cp185,3.6827714211540297e-09,1.0,drawdown
dd_p1_cp186,1.7389538697898388e-09,1.0,drawdown
dd_p1_cp187,-9.44510247791186e-10,1.0,drawdown
dd_p1_cp188,1.7389538697898388e-09,1.0,drawdown
dd_p1_cp189,-1.6307240002788603e-09,1.0,drawdown
dd_p1_cp190,1.7389538697898388e-09,1.0,drawdown
dd_p1_cp191,-1.7246293282369152e-09,1.0,drawdown
dd_p1_cp192,1.7389538697898388e-09,1.0,drawdown
dd_p1_cp193,-1.7366801330354065e-09,1.0,drawdown
dd_p1_cp194,1.7389538697898388e-09,1.0,drawdown
dd_p1_cp195,-1.7380443750880659e-09,1.0,drawdown
dd_p1_cp196,1.7389538697898388e-09,1.0,drawdown
dd_p1_cp197,-1.7380443750880659e-09,1.0,drawdown
dd_p1_cp198,1.7389538697898388e-09,1.0,drawdown
dd_p1_cp199,-1.7380443750880659e-09,1.0,drawdown
dd_p1_cp200,1.7389538697898388e-09,1.0,drawdown
dd_p1_cp201,-1.7380443750880659e-09,1.0,drawdown
dd_p1_cp202,1.7389538697898388e-09,1.0,drawdown
dd_p1_cp203,-1.7380443750880659e-09,1.0,drawdown
dd_p1_cp204,1.7389538697898388e-09,1.0,drawdown
dd_p1_cp205,-1.7380443750880659e-09,1.0,drawdown
dd_p1_cp206,1.7389538697898388e-09,1.0,drawdown
dd_p1_cp207,-1.7380443750880659e-09,1.0,drawdown
dd_p1_cp208,1.7389538697898388e-09,1.0,drawdown
dd_p1_cp209,-1.7380443750880659e-09,1.0,drawdown
dd_p1_cp210,1.7389538697898388e-09,1.0,drawdown
dd_p1_cp211,-1.7380443750880659e-09,1.0,drawdown
dd_p2_cp0,3.174122866766993e-07,1.0,drawdown
dd_p2_cp1,9.908944775816053e-10,1.0,drawdown
dd_p2_cp2,1.576420800120104e-06,1.0,drawdown
dd_p2_cp3,6.871232471894473e-10,1.0,drawdown
dd_p2_cp4,6.93293350195745e-06,1.0,drawdown
dd_p2_cp5,-4.670255293603987e-10,1.0,drawdown
dd_p2_cp6,2.609770081107854e-05,1.0,drawdown
dd_p2_cp7,-7.703420124016702e-10,1.0,drawdown
dd_p2_cp8,8.000389561857446e-05,1.0,drawdown
dd_p2_cp9,4.411049303598702e-10,1.0,drawdown
dd_p2_cp10,0.00018400994576950325,1.0,drawdown
dd_p2_cp11,1.382431946694851e-10,1.0,drawdown
dd_p2_cp12,0.00027190508126295754,1.0,drawdown
dd_p2_cp13,-1.0177245712839067e-09,1.0,drawdown
dd_p2_cp14,0.000184008816631831,1.0,drawdown
dd_p2_cp15,-1.3201315596234053e-09,1.0,drawdown
dd_p2_cp16,8.000404977792641e-05,1.0,drawdown
dd_p2_cp17,-1.0913936421275139e-10,1.0,drawdown
dd_p2_cp18,2.60989882008289e-05,1.0,drawdown
dd_p2_cp19,-4.0972736314870417e-10,1.0,drawdown
dd_p2_cp20,6.932557425898267e-06,1.0,drawdown
dd_p2_cp21,-1.5575096767861396e-09,1.0,drawdown
dd_p2_cp22,1.574282123328885e-06,1.0,drawdown
dd_p2_cp23,-1.8249011191073805e-09,1.0,drawdown
dd_p2_cp24,3.1610716177965514e-07,1.0,drawdown
dd_p2_cp25,-4.561115929391235e-10,1.0,drawdown
dd_p2_cp26,5.725951268686913e-08,1.0,drawdown
dd_p2_cp27,-1.8417267710901797e-10,1.0,drawdown
dd_p2_cp28,9.632458386477083e-09,1.0,drawdown
dd_p2_cp29,1.291482476517558e-10,1.0,drawdown
dd_p2_cp30,2.9822331271134317e-09,1.0,drawdown
dd_p2_cp31,1.6311787476297468e-09,1.0,drawdown
dd_p2_cp32,2.093656803481281e-09,1.0,drawdown
dd_p2_cp33,1.564785634400323e-09,1.0,drawdown
dd_p2_cp34,5.479705578181893e-09,1.0,drawdown
dd_p2_cp35,5.406946002040058e-10,1.0,drawdown
dd_p2_cp36,3.750483301701024e-08,1.0,drawdown
dd_p2_cp37,1.1687006917782128e-10,1.0,drawdown
dd_p2_cp38,2.4398423192906193e-07,1.0,drawdown
dd_p2_cp39,1.1254996934439987e-09,1.0,drawdown
dd_p2_cp40,1.4122997527010739e-06,1.0,drawdown
dd_p2_cp41,6.812115316279233e-10,1.0,drawdown
dd_p2_cp42,7.131097390811192e-06,1.0,drawdown
dd_p2_cp43,-5.411493475548923e-10,1.0,drawdown
dd_p2_cp44,2.9631307370436843e-05,1.0,drawdown
dd_p2_cp45,-8.694769348949194e-10,1.0,drawdown
dd_p2_cp46,9.194833137371461e-05,1.0,drawdown
dd_p2_cp47,3.3423930290155113e-10,1.0,drawdown
dd_p2_cp48,0.00017288667368120514,1.0,drawdown
dd_p2_cp49,2.955857780762017e-11,1.0,drawdown
dd_p2_cp50,9.192832021653885e-05,1.0,drawdown
dd_p2_cp51,-1.1195879778824747e-09,1.0,drawdown
dd_p2_cp52,2.9639756121468963e-05,1.0,drawdown
dd_p2_cp53,-1.3892531569581479e-09,1.0,drawdown
dd_p2_cp54,7.395226475637173e-06,1.0,drawdown
dd_p2_cp55,-2.6830093702301383e-11,1.0,drawdown
dd_p2_cp56,3.080345777561888e-06,1.0,drawdown
dd_p2_cp57,2.2100721253082156e-10,1.0,drawdown
dd_p2_cp58,9.018061064125504e-06,1.0,drawdown
dd_p2_cp59,4.665707820095122e-10,1.0,drawdown
dd_p2_cp60,4.0616509977553505e-05,1.0,drawdown
dd_p2_cp61,1.8285390979144722e-09,1.0,drawdown
dd_p2_cp62,0.00016086212554000667,1.0,drawdown
dd_p2_cp63,1.559783413540572e-09,1.0,drawdown
dd_p2_cp64,0.0005203540285947383,1.0,drawdown
dd_p2_cp65,4.1109160520136356e-10,1.0,drawdown
dd_p2_cp66,0.0012624045825759822,1.0,drawdown
dd_p2_cp67,1.0913936421275139e-10,1.0,drawdown
dd_p2_cp68,0.00194456021017686,1.0,drawdown
dd_p2_cp69,1.3205863069742918e-09,1.0,drawdown
dd_p2_cp70,0.0012624054133993923,1.0,drawdown
dd_p2_cp71,1.0172698239330202e-09,1.0,drawdown
dd_p2_cp72,0.0005203528351103159,1.0,drawdown
dd_p2_cp73,-1.375610736431554e-10,1.0,drawdown
dd_p2_cp74,0.0001608551235676714,1.0,drawdown
dd_p2_cp75,-4.4019543565809727e-10,1.0,drawdown
dd_p2_cp76,4.057939895574236e-05,1.0,drawdown
dd_p2_cp77,7.717062544543296e-10,1.0,drawdown
dd_p2_cp78,8.780609505265602e-06,1.0,drawdown
dd_p2_cp79,4.690718924393877e-10,1.0,drawdown
dd_p2_cp80,1.682334186625667e-06,1.0,drawdown
dd_p2_cp81,-6.862137524876744e-10,1.0,drawdown
dd_p2_cp82,2.912995569204213e-07,1.0,drawdown
dd_p2_cp83,-9.899849828798324e-10,1.0,drawdown
dd_p2_cp84,1.8229588931717444e-06,1.0,drawdown
dd_p2_cp85,1.4545764770446112e-06,1.0,drawdown
dd_p2_cp86,9.505992693448206e-06,1.0,drawdown
dd_p2_cp87,6.403664656318142e-06,1.0,drawdown
dd_p2_cp88,4.3929650928475894e-05,1.0,drawdown
dd_p2_cp89,2.4107195486067212e-05,1.0,drawdown
dd_p2_cp90,0.000174136246641865,1.0,drawdown
dd_p2_cp91,7.390135306195589e-05,1.0,drawdown
dd_p2_cp92,0.0005633126615975925,1.0,drawdown
dd_p2_cp93,0.00016997613784042187,1.0,drawdown
dd_p2_cp94,0.0013666262525475759,1.0,drawdown
dd_p2_cp95,0.0002511696377496264,1.0,drawdown
dd_p2_cp96,0.002105101983943314,1.0,drawdown
dd_p2_cp97,0.00016997866373458237,1.0,drawdown
dd_p2_cp98,0.0013666510185430525,1.0,drawdown
dd_p2_cp99,7.391780377474788e-05,1.0,drawdown
dd_p2_cp100,0.0005634019844364957,1.0,drawdown
dd_p2_cp101,2.4202358872571494e-05,1.0,drawdown
dd_p2_cp102,0.000174385229456675,1.0,drawdown
dd_p2_cp103,6.8929969074815745e-06,1.0,drawdown
dd_p2_cp104,4.445085551196826e-05,1.0,drawdown
dd_p2_cp105,3.6567494134942535e-06,1.0,drawdown
dd_p2_cp106,1.022563264996279e-05,1.0,drawdown
dd_p2_cp107,8.980030770544545e-06,1.0,drawdown
dd_p2_cp108,2.3441702978743706e-06,1.0,drawdown
dd_p2_cp109,3.1882103940006346e-05,1.0,drawdown
dd_p2_cp110,5.664451236953028e-07,1.0,drawdown
dd_p2_cp111,0.00012208405269120703,1.0,drawdown
dd_p2_cp112,1.4120496416580863e-07,1.0,drawdown
dd_p2_cp113,0.0004895022452728881,1.0,drawdown
dd_p2_cp114,3.47345121554099e-08,1.0,drawdown
dd_p2_cp115,0.0016474502981509431,1.0,drawdown
dd_p2_cp116,8.5769897850696e-09,1.0,drawdown
dd_p2_cp117,0.004151444209583133,1.0,drawdown
dd_p2_cp118,2.5634108169469982e-09,1.0,drawdown
dd_p2_cp119,0.006562066691230939,1.0,drawdown
dd_p2_cp120,1.3010321708861738e-09,1.0,drawdown
dd_p2_cp121,0.004151367808162831,1.0,drawdown
dd_p2_cp122,1.133685145759955e-09,1.0,drawdown
dd_p2_cp123,0.0016470760558604525,1.0,drawdown
dd_p2_cp124,1.7262209439650178e-09,1.0,drawdown
dd_p2_cp125,0.00048804659786583215,1.0,drawdown
dd_p2_cp126,6.638401828240603e-09,1.0,drawdown
dd_p2_cp127,0.0001178736540623504,1.0,drawdown
dd_p2_cp128,4.270623321644962e-08,1.0,drawdown
dd_p2_cp129,2.4422588694505976e-05,1.0,drawdown
dd_p2_cp130,2.916044650191907e-07,1.0,drawdown
dd_p2_cp131,4.486179250307032e-06,1.0,drawdown
dd_p2_cp132,1.891639385576127e-06,1.0,drawdown
dd_p2_cp133,7.468613603123231e-07,1.0,drawdown
dd_p2_cp134,1.1345099210302578e-05,1.0,drawdown
dd_p2_cp135,1.1396355148463044e-07,1.0,drawdown
dd_p2_cp136,6.17473147030978e-05,1.0,drawdown
dd_p2_cp137,1.5511204765061848e-08,1.0,drawdown
dd_p2_cp138,0.000298010301321483,1.0,drawdown
dd_p2_cp139,1.2437340046744794e-09,1.0,drawdown
dd_p2_cp140,0.0012339211934886407,1.0,drawdown
dd_p2_cp141,-7.023572834441438e-10,1.0,drawdown
dd_p2_cp142,0.004164582228895597,1.0,drawdown
dd_p2_cp143,-9.52468326431699e-10,1.0,drawdown
dd_p2_cp144,0.010498282355456467,1.0,drawdown
dd_p2_cp145,-9.688392310636118e-10,1.0,drawdown
dd_p2_cp146,0.016599698350546532,1.0,drawdown
dd_p2_cp147,-8.717506716493517e-10,1.0,drawdown
dd_p2_cp148,0.010498282354092225,1.0,drawdown
dd_p2_cp149,-2.28283170145005e-10,1.0,drawdown
dd_p2_cp150,0.0041645822257123655,1.0,drawdown
dd_p2_cp151,3.5004177334485576e-09,1.0,drawdown
dd_p2_cp152,0.0012339211884864199,1.0,drawdown
dd_p2_cp153,2.2512949726660736e-08,1.0,drawdown
dd_p2_cp154,0.0002980102967740095,1.0,drawdown
dd_p2_cp155,1.0480630407982972e-07,1.0,drawdown
dd_p2_cp156,6.174731015562429e-05,1.0,drawdown
dd_p2_cp157,3.8905591281945817e-07,1.0,drawdown
dd_p2_cp158,1.1345096027071122e-05,1.0,drawdown
dd_p2_cp159,1.0891978945437586e-06,1.0,drawdown
dd_p2_cp160,1.8916375665867236e-06,1.0,drawdown
dd_p2_cp161,2.0551192392304074e-06,1.0,drawdown
dd_p2_cp162,2.91603100777138e-07,1.0,drawdown
dd_p2_cp163,2.717041979849455e-06,1.0,drawdown
dd_p2_cp164,4.270623321644962e-08,1.0,drawdown
dd_p2_cp165,7.775916401442373e-06,1.0,drawdown
dd_p2_cp166,6.637037586187944e-09,1.0,drawdown
dd_p2_cp167,2.7761527235270478e-05,1.0,drawdown
dd_p2_cp168,1.7171259969472885e-09,1.0,drawdown
dd_p2_cp169,8.408079770561017e-05,1.0,drawdown
dd_p2_cp170,1.0804797057062387e-09,1.0,drawdown
dd_p2_cp171,0.0001913152962060849,1.0,drawdown
dd_p2_cp172,1.0018084140028805e-09,1.0,drawdown
dd_p2_cp173,0.0002798693149088649,1.0,drawdown
dd_p2_cp174,9.922587196342647e-10,1.0,drawdown
dd_p2_cp175,0.00019131080807710532,1.0,drawdown
dd_p2_cp176,9.908944775816053e-10,1.0,drawdown
dd_p2_cp177,8.405717699133675e-05,1.0,drawdown
dd_p2_cp178,9.913492249324918e-10,1.0,drawdown
dd_p2_cp179,2.7656795509756193e-05,1.0,drawdown
dd_p2_cp180,9.922587196342647e-10,1.0,drawdown
dd_p2_cp181,7.395868578896625e-06,1.0,drawdown
dd_p2_cp182,9.949872037395835e-10,1.0,drawdown
dd_p2_cp183,1.688722022663569e-06,1.0,drawdown
dd_p2_cp184,1.0040821507573128e-09,1.0,drawdown
dd_p2_cp185,3.396626198082231e-07,1.0,drawdown
dd_p2_cp186,1.0186340659856796e-09,1.0,drawdown
dd_p2_cp187,6.102391125750728e-08,1.0,drawdown
dd_p2_cp188,1.0045368981081992e-09,1.0,drawdown
dd_p2_cp189,9.377345122629777e-09,1.0,drawdown
dd_p2_cp190,9.949872037395835e-10,1.0,drawdown
dd_p2_cp191,6.223217496881261e-10,1.0,drawdown
dd_p2_cp192,9.922587196342647e-10,1.0,drawdown
dd_p2_cp193,-7.53516360418871e-10,1.0,drawdown
dd_p2_cp194,9.908944775816053e-10,1.0,drawdown
dd_p2_cp195,-9.565610525896773e-10,1.0,drawdown
dd_p2_cp196,9.908944775816053e-10,1.0,drawdown
dd_p2_cp197,-9.849827620200813e-10,1.0,drawdown
dd_p2_cp198,9.908944775816053e-10,1.0,drawdown
dd_p2_cp199,-9.883933671517298e-10,1.0,drawdown
dd_p2_cp200,9.908944775816053e-10,1.0,drawdown
dd_p2_cp201,-9.893028618535027e-10,1.0,drawdown
dd_p2_cp202,9.908944775816053e-10,1.0,drawdown
dd_p2_cp203,-9.899849828798324e-10,1.0,drawdown
dd_p2_cp204,9.908944775816053e-10,1.0,drawdown
dd_p2_cp205,-9.899849828798324e-10,1.0,drawdown
dd_p2_cp206,9.908944775816053e-10,1.0,drawdown
dd_p2_cp207,-9.899849828798324e-10,1.0,drawdown
dd_p2_cp208,9.908944775816053e-10,1.0,drawdown
dd_p2_cp209,-9.899849828798324e-10,1.0,drawdown
dd_p2_cp210,9.908944775816053e-10,1.0,drawdown
dd_p2_cp211,-9.899849828798324e-10,1.0,drawdown
dd_p3_cp0,4.922037078358699e-06,1.0,drawdown
dd_p3_cp1,6.489244697149843e-10,1.0,drawdown
dd_p3_cp2,2.058160589513136e-05,1.0,drawdown
dd_p3_cp3,4.62478055851534e-10,1.0,drawdown
dd_p3_cp4,7.584980039609945e-05,1.0,drawdown
dd_p3_cp5,-2.41016095969826e-10,1.0,drawdown
dd_p3_cp6,0.00023898911740616313,1.0,drawdown
dd_p3_cp7,-4.2655301513150334e-10,1.0,drawdown
dd_p3_cp8,0.0006156815411486605,1.0,drawdown
dd_p3_cp9,9.913492249324918e-11,1.0,drawdown
dd_p3_cp10,0.0012091023932043754,1.0,drawdown
dd_p3_cp11,-8.685674401931465e-11,1.0,drawdown
dd_p3_cp12,0.0016094702004920691,1.0,drawdown
dd_p3_cp13,-7.912603905424476e-10,1.0,drawdown
dd_p3_cp14,0.001209107635077089,1.0,drawdown
dd_p3_cp15,-9.76797309704125e-10,1.0,drawdown
dd_p3_cp16,0.0006156931140139932,1.0,drawdown
dd_p3_cp17,-4.488356353249401e-10,1.0,drawdown
dd_p3_cp18,0.00023900409360066988,1.0,drawdown
dd_p3_cp19,-6.239133654162288e-10,1.0,drawdown
dd_p3_cp20,7.586123092551134e-05,1.0,drawdown
dd_p3_cp21,-1.2896634871140122e-09,1.0,drawdown
dd_p3_cp22,2.0587131984939333e-05,1.0,drawdown
dd_p3_cp23,-1.3283170119393617e-09,1.0,drawdown
dd_p3_cp24,4.9241666602029e-06,1.0,drawdown
dd_p3_cp25,-3.142304194625467e-10,1.0,drawdown
dd_p3_cp26,1.0610683602862991e-06,1.0,drawdown
dd_p3_cp27,8.476490620523691e-10,1.0,drawdown
dd_p3_cp28,2.1079222278785892e-07,1.0,drawdown
dd_p3_cp29,2.985416358569637e-09,1.0,drawdown
dd_p3_cp30,4.772800821228884e-08,1.0,drawdown
dd_p3_cp31,6.860318535473198e-09,1.0,drawdown
dd_p3_cp32,6.195523383212276e-08,1.0,drawdown
dd_p3_cp33,1.0653366189217195e-08,1.0,drawdown
dd_p3_cp34,3.332056621729862e-07,1.0,drawdown
dd_p3_cp35,1.2097189028281718e-08,1.0,drawdown
dd_p3_cp36,1.8794257812260184e-06,1.0,drawdown
dd_p3_cp37,9.978521120501682e-09,1.0,drawdown
dd_p3_cp38,9.703525392978918e-06,1.0,drawdown
dd_p3_cp39,6.702975952066481e-09,1.0,drawdown
dd_p3_cp40,4.457665409063338e-05,1.0,drawdown
dd_p3_cp41,3.3514879760332406e-09,1.0,drawdown
dd_p3_cp42,0.00017613111640457646,1.0,drawdown
dd_p3_cp43,8.49468051455915e-10,1.0,drawdown
dd_p3_cp44,0.0005688530168299621,1.0,drawdown
dd_p3_cp45,-1.2778400559909642e-10,1.0,drawdown
dd_p3_cp46,0.0013790987036372826,1.0,drawdown
dd_p3_cp47,1.1095835361629725e-10,1.0,drawdown
dd_p3_cp48,0.002123799791206693,1.0,drawdown
dd_p3_cp49,-1.609805622138083e-10,1.0,drawdown
dd_p3_cp50,0.001378836104322545,1.0,drawdown
dd_p3_cp51,-8.708411769475788e-10,1.0,drawdown
dd_p3_cp52,0.000569139508115768,1.0,drawdown
dd_p3_cp53,-9.913492249324918e-10,1.0,drawdown
dd_p3_cp54,0.00018021557389147347,1.0,drawdown
dd_p3_cp55,-2.28283170145005e-10,1.0,drawdown
dd_p3_cp56,6.621945522056194e-05,1.0,drawdown
dd_p3_cp57,2.2146195988170803e-10,1.0,drawdown
dd_p3_cp58,0.00010480491937414627,1.0,drawdown
dd_p3_cp59,6.689333531539887e-10,1.0,drawdown
dd_p3_cp60,0.00036728158102050656,1.0,drawdown
dd_p3_cp61,1.4338183973450214e-09,1.0,drawdown
dd_p3_cp62,0.0012013700497846003,1.0,drawdown
dd_p3_cp63,1.318767317570746e-09,1.0,drawdown
dd_p3_cp64,0.003229437438676541,1.0,drawdown
dd_p3_cp65,6.334630597848445e-10,1.0,drawdown
dd_p3_cp66,0.006602131262752664,1.0,drawdown
dd_p3_cp67,4.5201886678114533e-10,1.0,drawdown
dd_p3_cp68,0.009026455483535756,1.0,drawdown
dd_p3_cp69,9.77934178081341e-10,1.0,drawdown
dd_p3_cp70,0.0066021241320868285,1.0,drawdown
dd_p3_cp71,7.919425115687773e-10,1.0,drawdown
dd_p3_cp72,0.0032293858550929144,1.0,drawdown
dd_p3_cp73,8.86757334228605e-11,1.0,drawdown
dd_p3_cp74,0.0012010494092464796,1.0,drawdown
dd_p3_cp75,-9.595169103704393e-11,1.0,drawdown
dd_p3_cp76,0.000365442487236578,1.0,drawdown
dd_p3_cp77,4.3019099393859506e-10,1.0,drawdown
dd_p3_cp78,9.521555148239713e-05,1.0,drawdown
dd_p3_cp79,2.43971953750588e-10,1.0,drawdown
dd_p3_cp80,2.1902705157117452e-05,1.0,drawdown
dd_p3_cp81,-4.602043190971017e-10,1.0,drawdown
dd_p3_cp82,4.545432830127538e-06,1.0,drawdown
dd_p3_cp83,-6.464233592851087e-10,1.0,drawdown
dd_p3_cp84,2.3712068013992393e-05,1.0,drawdown
dd_p3_cp85,1.901096356959897e-05,1.0,drawdown
dd_p3_cp86,0.00010307663023922942,1.0,drawdown
dd_p3_cp87,7.006501664363896e-05,1.0,drawdown
dd_p3_cp88,0.0003956125306103786,1.0,drawdown
dd_p3_cp89,0.00022076343088883732,1.0,drawdown
dd_p3_cp90,0.0013002058003621642,1.0,drawdown
dd_p3_cp91,0.000568729004044144,1.0,drawdown
dd_p3_cp92,0.003495999456390564,1.0,drawdown
dd_p3_cp93,0.0011168991579779686,1.0,drawdown
dd_p3_cp94,0.0071472007771262724,1.0,drawdown
dd_p3_cp95,0.0014867623006011854,1.0,drawdown
dd_p3_cp96,0.009771761338924989,1.0,drawdown
dd_p3_cp97,0.0011171006949552975,1.0,drawdown
dd_p3_cp98,0.007147567001538846,1.0,drawdown
dd_p3_cp99,0.0005698684058188519,1.0,drawdown
dd_p3_cp100,0.0034971386708093632,1.0,drawdown
dd_p3_cp101,0.00022617392460233532,1.0,drawdown
dd_p3_cp102,0.0013029125111643225,1.0,drawdown
dd_p3_cp103,8.986212151285145e-05,1.0,drawdown
dd_p3_cp104,0.0004005249697911495,1.0,drawdown
dd_p3_cp105,6.707286252094491e-05,1.0,drawdown
dd_p3_cp106,0.00010930319967883406,1.0,drawdown
dd_p3_cp107,0.00013526473662750504,1.0,drawdown
dd_p3_cp108,2.8624790047615534e-05,1.0,drawdown
dd_p3_cp109,0.0003281224007878336,1.0,drawdown
dd_p3_cp110,7.630233994859736e-06,1.0,drawdown
dd_p3_cp111,0.0008732218204841047,1.0,drawdown
dd_p3_cp112,2.083418621623423e-06,1.0,drawdown
dd_p3_cp113,0.002666191456000888,1.0,drawdown
dd_p3_cp114,5.625533958664164e-07,1.0,drawdown
dd_p3_cp115,0.007153979851636905,1.0,drawdown
dd_p3_cp116,1.4493070921162143e-07,1.0,drawdown
dd_p3_cp117,0.014664141161347288,1.0,drawdown
dd_p3_cp118,3.5234279494034126e-08,1.0,drawdown
dd_p3_cp119,0.020010160379570152,1.0,drawdown
dd_p3_cp120,8.680217433720827e-09,1.0,drawdown
dd_p3_cp121,0.014661085561783693,1.0,drawdown
dd_p3_cp122,4.8994479584507644e-09,1.0,drawdown
dd_p3_cp123,0.007141952243046035,1.0,drawdown
dd_p3_cp124,1.9374056137166917e-08,1.0,drawdown
dd_p3_cp125,0.0026292273298622604,1.0,drawdown
dd_p3_cp126,1.2141663319198415e-07,1.0,drawdown
dd_p3_cp127,0.0007880771481723059,1.0,drawdown
dd_p3_cp128,7.478820407413878e-07,1.0,drawdown
dd_p3_cp129,0.00020156810387561563,1.0,drawdown
dd_p3_cp130,4.335406174504897e-06,1.0,drawdown
dd_p3_cp131,4.540786585494061e-05,1.0,drawdown
dd_p3_cp132,2.3334231627814006e-05,1.0,drawdown
dd_p3_cp133,9.214156534653739e-06,1.0,drawdown
dd_p3_cp134,0.0001150856155618385,1.0,drawdown
dd_p3_cp135,1.7121690234489506e-06,1.0,drawdown
dd_p3_cp136,0.0005116040019856882,1.0,drawdown
dd_p3_cp137,2.947144821519032e-07,1.0,drawdown
dd_p3_cp138,0.002005034564717789,1.0,drawdown
dd_p3_cp139,4.708681444753893e-08,1.0,drawdown
dd_p3_cp140,0.006716328956827056,1.0,drawdown
dd_p3_cp141,6.686605047434568e-09,1.0,drawdown
dd_p3_cp142,0.018368000353802927,1.0,drawdown
dd_p3_cp143,7.275957614183426e-10,1.0,drawdown
dd_p3_cp144,0.038118305363241234,1.0,drawdown
dd_p3_cp145,1.457920006942004e-09,1.0,drawdown
dd_p3_cp146,0.0527285881626085,1.0,drawdown
dd_p3_cp147,1.0639269021339715e-08,1.0,drawdown
dd_p3_cp148,0.038118305360058,1.0,drawdown
dd_p3_cp149,5.8789964896277525e-08,1.0,drawdown
dd_p3_cp150,0.018368000349255453,1.0,drawdown
dd_p3_cp151,2.8209592528583016e-07,1.0,drawdown
dd_p3_cp152,0.006716328949096351,1.0,drawdown
dd_p3_cp153,1.1853610430989647e-06,1.0,drawdown
dd_p3_cp154,0.002005034557896579,1.0,drawdown
dd_p3_cp155,4.250261781635345e-06,1.0,drawdown
dd_p3_cp156,0.0005116039915264992,1.0,drawdown
dd_p3_cp157,1.2434886002665735e-05,1.0,drawdown
dd_p3_cp158,0.00011508560919537558,1.0,drawdown
dd_p3_cp159,2.7709543246601243e-05,1.0,drawdown
dd_p3_cp160,2.3334227080340497e-05,1.0,drawdown
dd_p3_cp161,4.27903939907992e-05,1.0,drawdown
dd_p3_cp162,4.33540299127344e-06,1.0,drawdown
dd_p3_cp163,4.7442185177715146e-05,1.0,drawdown
dd_p3_cp164,7.478734005417209e-07,1.0,drawdown
dd_p3_cp165,8.779914924161858e-05,1.0,drawdown
dd_p3_cp166,1.2136297300457954e-07,1.0,drawdown
dd_p3_cp167,0.00023796681875865033,1.0,drawdown
dd_p3_cp168,1.907164914882742e-08,1.0,drawdown
dd_p3_cp169,0.0005905227587845729,1.0,drawdown
dd_p3_cp170,3.3228388929273933e-09,1.0,drawdown
dd_p3_cp171,0.0011314017408494692,1.0,drawdown
dd_p3_cp172,1.0236362868454307e-09,1.0,drawdown
dd_p3_cp173,0.0014805183684529766,1.0,drawdown
dd_p3_cp174,7.207745511550456e-10,1.0,drawdown
dd_p3_cp175,0.0011311217501770443,1.0,drawdown
dd_p3_cp176,7.844391802791506e-10,1.0,drawdown
dd_p3_cp177,0.0005893246020605147,1.0,drawdown
dd_p3_cp178,1.2901182344648987e-09,1.0,drawdown
dd_p3_cp179,0.00023372826717604767,1.0,drawdown
dd_p3_cp180,3.359673428349197e-09,1.0,drawdown
dd_p3_cp181,7.556075911452353e-05,1.0,drawdown
dd_p3_cp182,9.967607184080407e-09,1.0,drawdown
dd_p3_cp183,2.0819513565584202e-05,1.0,drawdown
dd_p3_cp184,2.4469954951200634e-08,1.0,drawdown
dd_p3_cp185,5.0412882046657614e-06,1.0,drawdown
dd_p3_cp186,3.858531272271648e-08,1.0,drawdown
dd_p3_cp187,1.0964699868054595e-06,1.0,drawdown
dd_p3_cp188,2.4469500203849748e-08,1.0,drawdown
dd_p3_cp189,2.1744881451013498e-07,1.0,drawdown
dd_p3_cp190,9.967607184080407e-09,1.0,drawdown
dd_p3_cp191,3.9470705814892426e-08,1.0,drawdown
dd_p3_cp192,3.359673428349197e-09,1.0,drawdown
dd_p3_cp193,6.2516392063116655e-09,1.0,drawdown
dd_p3_cp194,1.2896634871140122e-09,1.0,drawdown
dd_p3_cp195,4.715730028692633e-10,1.0,drawdown
dd_p3_cp196,7.785274647176266e-10,1.0,drawdown
dd_p3_cp197,-4.740741132991388e-10,1.0,drawdown
dd_p3_cp198,6.72116584610194e-10,1.0,drawdown
dd_p3_cp199,-6.205027602845803e-10,1.0,drawdown
dd_p3_cp200,6.52562448522076e-10,1.0,drawdown
dd_p3_cp201,-6.42785380478017e-10,1.0,drawdown
dd_p3_cp202,6.489244697149843e-10,1.0,drawdown
dd_p3_cp203,-6.461959856096655e-10,1.0,drawdown
dd_p3_cp204,6.484697223640978e-10,1.0,drawdown
dd_p3_cp205,-6.464233592851087e-10,1.0,drawdown
dd_p3_cp206,6.489244697149843e-10,1.0,drawdown
dd_p3_cp207,-6.46650732960552e-10,1.0,drawdown
dd_p3_cp208,6.489244697149843e-10,1.0,drawdown
dd_p3_cp209,-6.46650732960552e-10,1.0,drawdown
dd_p3_cp210,6.489244697149843e-10,1.0,drawdown
dd_p3_cp211,-6.464233592851087e-10,1.0,drawdown
dd_p4_cp0,3.5863691664417274e-05,1.0,drawdown
dd_p4_cp1,4.838511813431978e-10,1.0,drawdown
dd_p4_cp2,0.00012985056673642248,1.0,drawdown
dd_p4_cp3,3.3242031349800527e-10,1.0,drawdown
dd_p4_cp4,0.0004140782780268637,1.0,drawdown
dd_p4_cp5,-1.0959411156363785e-10,1.0,drawdown
dd_p4_cp6,0.001130776784975751,1.0,drawdown
dd_p4_cp7,-2.6057023205794394e-10,1.0,drawdown
dd_p4_cp8,0.0025413925750399358,1.0,drawdown
dd_p4_cp9,-6.230038707144558e-11,1.0,drawdown
dd_p4_cp10,0.004434684291481972,1.0,drawdown
dd_p4_cp11,-2.0736479200422764e-10,1.0,drawdown
dd_p4_cp12,0.005515568236660329,1.0,drawdown
dd_p4_cp13,-6.325535650830716e-10,1.0,drawdown
dd_p4_cp14,0.0044347350553834985,1.0,drawdown
dd_p4_cp15,-7.4078343459405e-10,1.0,drawdown
dd_p4_cp16,0.0025414887763872684,1.0,drawdown
dd_p4_cp17,-4.6429704525507987e-10,1.0,drawdown
dd_p4_cp18,0.0011308942634968844,1.0,drawdown
dd_p4_cp19,-4.733919922728091e-10,1.0,drawdown
dd_p4_cp20,0.00041417872034799075,1.0,drawdown
dd_p4_cp21,-5.479705578181893e-10,1.0,drawdown
dd_p4_cp22,0.0001299146792916872,1.0,drawdown
dd_p4_cp23,5.697984306607395e-10,1.0,drawdown
dd_p4_cp24,3.58968945874949e-05,1.0,drawdown
dd_p4_cp25,4.574758349917829e-09,1.0,drawdown
dd_p4_cp26,8.924270787247224e-06,1.0,drawdown
dd_p4_cp27,1.4006673154653981e-08,1.0,drawdown
dd_p4_cp28,2.055517597909784e-06,1.0,drawdown
dd_p4_cp29,3.3331161830574274e-08,1.0,drawdown
dd_p4_cp30,6.051177479093894e-07,1.0,drawdown
dd_p4_cp31,6.480195224867202e-08,1.0,drawdown
dd_p4_cp32,1.0745011422841344e-06,1.0,drawdown
dd_p4_cp33,9.997347660828382e-08,1.0,drawdown
dd_p4_cp34,5.130021236254834e-06,1.0,drawdown
dd_p4_cp35,1.1780775821534917e-07,1.0,drawdown
dd_p4_cp36,2.4355595542147057e-05,1.0,drawdown
dd_p4_cp37,1.0317626220057718e-07,1.0,drawdown
dd_p4_cp38,0.00010506313856240013,1.0,drawdown
dd_p4_cp39,7.017388270469382e-08,1.0,drawdown
dd_p4_cp40,0.0004013435941487842,1.0,drawdown
dd_p4_cp41,3.8342932384693995e-08,1.0,drawdown
dd_p4_cp42,0.00131540016263898,1.0,drawdown
dd_p4_cp43,1.7117145034717396e-08,1.0,drawdown
dd_p4_cp44,0.0035314932661094645,1.0,drawdown
dd_p4_cp45,6.3691913965158165e-09,1.0,drawdown
dd_p4_cp46,0.00721436205367354,1.0,drawdown
dd_p4_cp47,2.1159394236747175e-09,1.0,drawdown
dd_p4_cp48,0.00986072599698673,1.0,drawdown
dd_p4_cp49,3.751665644813329e-10,1.0,drawdown
dd_p4_cp50,0.007212749575955968,1.0,drawdown
dd_p4_cp51,-5.343281372915953e-10,1.0,drawdown
dd_p4_cp52,0.0035344708394404734,1.0,drawdown
dd_p4_cp53,-7.157723302952945e-10,1.0,drawdown
dd_p4_cp54,0.0013449105367726588,1.0,drawdown
dd_p4_cp55,-2.546585164964199e-10,1.0,drawdown
dd_p4_cp56,0.0005367675767047331,1.0,drawdown
dd_p4_cp57,2.2373569663614035e-10,1.0,drawdown
dd_p4_cp58,0.000618713750554889,1.0,drawdown
dd_p4_cp59,7.080416253302246e-10,1.0,drawdown
dd_p4_cp60,0.0017210583878295438,1.0,drawdown
dd_p4_cp61,1.20508047984913e-09,1.0,drawdown
dd_p4_cp62,0.004799408951839723,1.0,drawdown
dd_p4_cp63,1.1655174603220075e-09,1.0,drawdown
dd_p4_cp64,0.011138903067603678,1.0,drawdown
dd_p4_cp65,7.566995918750763e-10,1.0,drawdown
dd_p4_cp66,0.020007021215860732,1.0,drawdown
dd_p4_cp67,6.148184183984995e-10,1.0,drawdown
dd_p4_cp68,0.025290952184604976,1.0,drawdown
dd_p4_cp69,8.126335160341114e-10,1.0,drawdown
dd_p4_cp70,0.02000686313249389,1.0,drawdown
dd_p4_cp71,6.616573955398053e-10,1.0,drawdown
dd_p4_cp72,0.011137965891521162,1.0,drawdown
dd_p4_cp73,2.191882231272757e-10,1.0,drawdown
dd_p4_cp74,0.004794447598669649,1.0,drawdown
dd_p4_cp75,6.912159733474255e-11,1.0,drawdown
dd_p4_cp76,0.001697136461871196,1.0,drawdown
dd_p4_cp77,2.651177055668086e-10,1.0,drawdown
dd_p4_cp78,0.0005147191650394234,1.0,drawdown
dd_p4_cp79,1.1300471669528633e-10,1.0,drawdown
dd_p4_cp80,0.00013763278980150062,1.0,drawdown
dd_p4_cp81,-3.296918293926865e-10,1.0,drawdown
dd_p4_cp82,3.312779631414742e-05,1.0,drawdown
dd_p4_cp83,-4.813500709133223e-10,1.0,drawdown
dd_p4_cp84,0.00014899602865625639,1.0,drawdown
dd_p4_cp85,0.00011994757960565039,1.0,drawdown
dd_p4_cp86,0.0005572128166022594,1.0,drawdown
dd_p4_cp87,0.0003825028409210063,1.0,drawdown
dd_p4_cp88,0.0018372472291048325,1.0,drawdown
dd_p4_cp89,0.0010445667141993908,1.0,drawdown
dd_p4_cp90,0.005190271030187432,1.0,drawdown
dd_p4_cp91,0.002347767517221655,1.0,drawdown
dd_p4_cp92,0.01205753795329656,1.0,drawdown
dd_p4_cp93,0.004097770455246064,1.0,drawdown
dd_p4_cp94,0.021658819998265244,1.0,drawdown
dd_p4_cp95,0.005102919166574793,1.0,drawdown
dd_p4_cp96,0.027379780961382494,1.0,drawdown
dd_p4_cp97,0.004139793134299907,1.0,drawdown
dd_p4_cp98,0.02166131855437925,1.0,drawdown
dd_p4_cp99,0.002541862606904033,1.0,drawdown
dd_p4_cp100,0.012064493127127207,1.0,drawdown
dd_p4_cp101,0.0017029296034252184,1.0,drawdown
dd_p4_cp102,0.005204936501286284,1.0,drawdown
dd_p4_cp103,0.0017648639918661502,1.0,drawdown
dd_p4_cp104,0.0018613237821227813,1.0,drawdown
dd_p4_cp105,0.0010788250167479418,1.0,drawdown
dd_p4_cp106,0.00058621357766242,1.0,drawdown
dd_p4_cp107,0.0009999520646033488,1.0,drawdown
dd_p4_cp108,0.00017307644066022476,1.0,drawdown
dd_p4_cp109,0.0016341371631369839,1.0,drawdown
dd_p4_cp110,5.0547137561807176e-05,1.0,drawdown
dd_p4_cp111,0.003343953579360459,1.0,drawdown
dd_p4_cp112,1.492286810389487e-05,1.0,drawdown
dd_p4_cp113,0.008098532861595231,1.0,drawdown
dd_p4_cp114,4.3857176024175715e-06,1.0,drawdown
dd_p4_cp115,0.018114362469532352,1.0,drawdown
dd_p4_cp116,1.2456885087885894e-06,1.0,drawdown
dd_p4_cp117,0.03202152223411758,1.0,drawdown
dd_p4_cp118,3.35116965288762e-07,1.0,drawdown
dd_p4_cp119,0.040098846480759676,1.0,drawdown
dd_p4_cp120,8.939559847931378e-08,1.0,drawdown
dd_p4_cp121,0.03198874332042578,1.0,drawdown
dd_p4_cp122,5.330184649210423e-08,1.0,drawdown
dd_p4_cp123,0.018004278773560145,1.0,drawdown
dd_p4_cp124,2.0373545339680277e-07,1.0,drawdown
dd_p4_cp125,0.007812824610482494,1.0,drawdown
dd_p4_cp126,1.1279071259195916e-06,1.0,drawdown
dd_p4_cp127,0.0027764401795593585,1.0,drawdown
dd_p4_cp128,6.003884664096404e-06,1.0,drawdown
dd_p4_cp129,0.0008419605640028749,1.0,drawdown
dd_p4_cp130,2.9877216547902208e-05,1.0,drawdown
dd_p4_cp131,0.00022431931938626803,1.0,drawdown
dd_p4_cp132,0.000137539198021841,1.0,drawdown
dd_p4_cp133,5.364096637094917e-05,1.0,drawdown
dd_p4_cp134,0.000578732406211202,1.0,drawdown
dd_p4_cp135,1.1700645018208888e-05,1.0,drawdown
dd_p4_cp136,0.002192310509599338,1.0,drawdown
dd_p4_cp137,2.357463017688133e-06,1.0,drawdown
dd_p4_cp138,0.007329733966798813,1.0,drawdown
dd_p4_cp139,4.431497018231312e-07,1.0,drawdown
dd_p4_cp140,0.02105436179544995,1.0,drawdown
dd_p4_cp141,7.957692105264869e-08,1.0,drawdown
dd_p4_cp142,0.04999053237497719,1.0,drawdown
dd_p4_cp143,2.1879941414226778e-08,1.0,drawdown
dd_p4_cp144,0.09240742609108565,1.0,drawdown
dd_p4_cp145,5.024662641517352e-08,1.0,drawdown
dd_p4_cp146,0.1200615212728735,1.0,drawdown
dd_p4_cp147,2.3689608497079462e-07,1.0,drawdown
dd_p4_cp148,0.09240742608790242,1.0,drawdown
dd_p4_cp149,1.0544595170358662e-06,1.0,drawdown
dd_p4_cp150,0.04999053236815598,1.0,drawdown
dd_p4_cp151,4.21585286858317e-06,1.0,drawdown
dd_p4_cp152,0.02105436178499076,1.0,drawdown
dd_p4_cp153,1.4815652320976369e-05,1.0,drawdown
dd_p4_cp154,0.0073297339563396235,1.0,drawdown
dd_p4_cp155,4.446371008270944e-05,1.0,drawdown
dd_p4_cp156,0.002192310500959138,1.0,drawdown
dd_p4_cp157,0.00010946498650810099,1.0,drawdown
dd_p4_cp158,0.0005787323989352444,1.0,drawdown
dd_p4_cp159,0.00020919964731547225,1.0,drawdown
dd_p4_cp160,0.00013753918847214663,1.0,drawdown
dd_p4_cp161,0.0002925825422153139,1.0,drawdown
dd_p4_cp162,2.9877183351345593e-05,1.0,drawdown
dd_p4_cp163,0.00032193685751735757,1.0,drawdown
dd_p4_cp164,6.003716862323927e-06,1.0,drawdown
dd_p4_cp165,0.0004852791651046573,1.0,drawdown
dd_p4_cp166,1.1270390132267494e-06,1.0,drawdown
dd_p4_cp167,0.0010483185276370932,1.0,drawdown
dd_p4_cp168,1.9949311536038294e-07,1.0,drawdown
dd_p4_cp169,0.002208708197940723,1.0,drawdown
dd_p4_cp170,3.38677637046203e-08,1.0,drawdown
dd_p4_cp171,0.0037334772225676716,1.0,drawdown
dd_p4_cp172,6.240497896214947e-09,1.0,drawdown
dd_p4_cp173,0.004570633972662108,1.0,drawdown
dd_p4_cp174,3.5579432733356953e-09,1.0,drawdown
dd_p4_cp175,0.003729364871787766,1.0,drawdown
dd_p4_cp176,1.0943040251731873e-08,1.0,drawdown
dd_p4_cp177,0.002193727499616216,1.0,drawdown
dd_p4_cp178,4.2105966713279486e-08,1.0,drawdown
dd_p4_cp179,0.0010039130586392275,1.0,drawdown
dd_p4_cp180,1.4328770703286864e-07,1.0,drawdown
dd_p4_cp181,0.0003775090510771406,1.0,drawdown
dd_p4_cp182,3.9912220017868094e-07,1.0,drawdown
dd_p4_cp183,0.00012123218903070665,1.0,drawdown
dd_p4_cp184,8.390948096348438e-07,1.0,drawdown
dd_p4_cp185,3.4187092296633637e-05,1.0,drawdown
dd_p4_cp186,1.1633746908046305e-06,1.0,drawdown
dd_p4_cp187,8.642881539344671e-06,1.0,drawdown
dd_p4_cp188,8.390920811507385e-07,1.0,drawdown
dd_p4_cp189,1.9900219285773346e-06,1.0,drawdown
dd_p4_cp190,3.991167432104703e-07,1.0,drawdown
dd_p4_cp191,4.2230658436892554e-07,1.0,drawdown
dd_p4_cp192,1.4327724784379825e-07,1.0,drawdown
dd_p4_cp193,8.317533684021328e-08,1.0,drawdown
dd_p4_cp194,4.208004611427896e-08,1.0,drawdown
dd_p4_cp195,1.5065552361193113e-08,1.0,drawdown
dd_p4_cp196,1.0816620488185436e-08,1.0,drawdown
dd_p4_cp197,2.2509993868879974e-09,1.0,drawdown
dd_p4_cp198,2.7439455152489245e-09,1.0,drawdown
dd_p4_cp199,-2.432898327242583e-11,1.0,drawdown
dd_p4_cp200,9.295035852119327e-10,1.0,drawdown
dd_p4_cp201,-4.083631210960448e-10,1.0,drawdown
dd_p4_cp202,5.638867150992155e-10,1.0,drawdown
dd_p4_cp203,-4.702087608166039e-10,1.0,drawdown
dd_p4_cp204,4.974936018697917e-10,1.0,drawdown
dd_p4_cp205,-4.795310815097764e-10,1.0,drawdown
dd_p4_cp206,4.856701707467437e-10,1.0,drawdown
dd_p4_cp207,-4.81122697237879e-10,1.0,drawdown
dd_p4_cp208,4.843059286940843e-10,1.0,drawdown
dd_p4_cp209,-4.81122697237879e-10,1.0,drawdown
dd_p4_cp210,4.838511813431978e-10,1.0,drawdown
dd_p4_cp211,-4.813500709133223e-10,1.0,drawdown
dd_p5_cp0,0.0001616144600120606,1.0,drawdown
dd_p5_cp1,4.019966581836343e-10,1.0,drawdown
dd_p5_cp2,0.0005174691341380822,1.0,drawdown
dd_p5_cp3,2.6284396881237626e-10,1.0,drawdown
dd_p5_cp4,0.001460336466152512,1.0,drawdown
dd_p5_cp5,-3.0468072509393096e-11,1.0,drawdown
dd_p5_cp6,0.003540826135122188,1.0,drawdown
dd_p5_cp7,-1.5188561519607902e-10,1.0,drawdown
dd_p5_cp8,0.007126170411993371,1.0,drawdown
dd_p5_cp9,-5.2295945351943374e-11,1.0,drawdown
dd_p5_cp10,0.011358468896105478,1.0,drawdown
dd_p5_cp11,-1.3642420526593924e-12,1.0,drawdown
dd_p5_cp12,0.01349977884456166,1.0,drawdown
dd_p5_cp13,1.6416379367001355e-10,1.0,drawdown
dd_p5_cp14,0.0113587315067889,1.0,drawdown
dd_p5_cp15,9.235918696504086e-10,1.0,drawdown
dd_p5_cp16,0.007126651552880503,1.0,drawdown
dd_p5_cp17,2.289652911713347e-09,1.0,drawdown
dd_p5_cp18,0.0035414055751061824,1.0,drawdown
dd_p5_cp19,3.807144821621478e-09,1.0,drawdown
dd_p5_cp20,0.0014608503961426322,1.0,drawdown
dd_p5_cp21,6.648861017310992e-09,1.0,drawdown
dd_p5_cp22,0.0005178238166081428,1.0,drawdown
dd_p5_cp23,1.645685188123025e-08,1.0,drawdown
dd_p5_cp24,0.0001618218147996231,1.0,drawdown
dd_p5_cp25,4.4616626837523654e-08,1.0,drawdown
dd_p5_cp26,4.5507948016165756e-05,1.0,drawdown
dd_p5_cp27,1.1001156963175163e-07,1.0,drawdown
dd_p5_cp28,1.1983053354924778e-05,1.0,drawdown
dd_p5_cp29,2.3496750145568512e-07,1.0,drawdown
dd_p5_cp30,4.483376415009843e-06,1.0,drawdown
dd_p5_cp31,4.2263491195626557e-07,1.0,drawdown
dd_p5_cp32,8.920460459194146e-06,1.0,drawdown
dd_p5_cp33,6.206973921507597e-07,1.0,drawdown
dd_p5_cp34,3.734676056410535e-05,1.0,drawdown
dd_p5_cp35,7.213943717943039e-07,1.0,drawdown
dd_p5_cp36,0.00015309655918827048,1.0,drawdown
dd_p5_cp37,6.531408871524036e-07,1.0,drawdown
dd_p5_cp38,0.0005685986925527686,1.0,drawdown
dd_p5_cp39,4.7297589844674803e-07,1.0,drawdown
dd_p5_cp40,0.0018668823536245327,1.0,drawdown
dd_p5_cp41,2.8189651857246645e-07,1.0,drawdown
dd_p5_cp42,0.005262114993456635,1.0,drawdown
dd_p5_cp43,1.415382939740084e-07,1.0,drawdown
dd_p5_cp44,0.012216801547310752,1.0,drawdown
dd_p5_cp45,6.108393790782429e-08,1.0,drawdown
dd_p5_cp46,0.021963203253562824,1.0,drawdown
dd_p5_cp47,2.305978341610171e-08,1.0,drawdown
dd_p5_cp48,0.027809339694158552,1.0,drawdown
dd_p5_cp49,7.510152499889955e-09,1.0,drawdown
dd_p5_cp50,0.021957608156299102,1.0,drawdown
dd_p5_cp51,1.788066583685577e-09,1.0,drawdown
dd_p5_cp52,0.012233977354298986,1.0,drawdown
dd_p5_cp53,5.729816621169448e-11,1.0,drawdown
dd_p5_cp54,0.005393694210397371,1.0,drawdown
dd_p5_cp55,-7.09405867382884e-11,1.0,drawdown
dd_p5_cp56,0.0024013294432734256,1.0,drawdown
dd_p5_cp57,2.632987161632627e-10,1.0,drawdown
dd_p5_cp58,0.0023582980893479544,1.0,drawdown
dd_p5_cp59,6.953086995054036e-10,1.0,drawdown
dd_p5_cp60,0.005357434017696505,1.0,drawdown
dd_p5_cp61,1.0600160749163479e-09,1.0,drawdown
dd_p5_cp62,0.013003912348722224,1.0,drawdown
dd_p5_cp63,1.0645635484252125e-09,1.0,drawdown
dd_p5_cp64,0.02676844520146915,1.0,drawdown
dd_p5_cp65,8.185452315956354e-10,1.0,drawdown
dd_p5_cp66,0.043537250747249345,1.0,drawdown
dd_p5_cp67,6.939444574527442e-10,1.0,drawdown
dd_p5_cp68,0.05225831302027473,1.0,drawdown
dd_p5_cp69,7.312337402254343e-10,1.0,drawdown
dd_p5_cp70,0.043535869101788194,1.0,drawdown
dd_p5_cp71,5.916263035032898e-10,1.0,drawdown
dd_p5_cp72,0.026760782969404318,1.0,drawdown
dd_p5_cp73,2.921751729445532e-10,1.0,drawdown
dd_p5_cp74,0.012967943224566625,1.0,drawdown
dd_p5_cp75,1.5143086784519255e-10,1.0,drawdown
dd_p5_cp76,0.005207162323131342,1.0,drawdown
dd_p5_cp77,1.844000507844612e-10,1.0,drawdown
dd_p5_cp78,0.0017958423752588715,1.0,drawdown
dd_p5_cp79,4.18367562815547e-11,1.0,drawdown
dd_p5_cp80,0.0005460637783016864,1.0,drawdown
dd_p5_cp81,-2.56704879575409e-10,1.0,drawdown
dd_p5_cp82,0.00014929212989045482,1.0,drawdown
dd_p5_cp83,-3.9835867937654257e-10,1.0,drawdown
dd_p5_cp84,0.0005911323405598523,1.0,drawdown
dd_p5_cp85,0.00047803080360608874,1.0,drawdown
dd_p5_cp86,0.001944059862580616,1.0,drawdown
dd_p5_cp87,0.0013491451254594722,1.0,drawdown
dd_p5_cp88,0.005636948184019275,1.0,drawdown
dd_p5_cp89,0.0032719449509386322,1.0,drawdown
dd_p5_cp90,0.014038384472769394,1.0,drawdown
dd_p5_cp91,0.006589595183868369,1.0,drawdown
dd_p5_cp92,0.028970104030122457,1.0,drawdown
dd_p5_cp93,0.01052963032475418,1.0,drawdown
dd_p5_cp94,0.047131039623309334,1.0,drawdown
dd_p5_cp95,0.01265044000456328,1.0,drawdown
dd_p5_cp96,0.056576189678253286,1.0,drawdown
dd_p5_cp97,0.011238445330945979,1.0,drawdown
dd_p5_cp98,0.04714170971101339,1.0,drawdown
dd_p5_cp99,0.009106208749699363,1.0,drawdown
dd_p5_cp100,0.028997480320867908,1.0,drawdown
dd_p5_cp101,0.00967744762942857,1.0,drawdown
dd_p5_cp102,0.01409128214663724,1.0,drawdown
dd_p5_cp103,0.011730109761856511,1.0,drawdown
dd_p5_cp104,0.005717943635772826,1.0,drawdown
dd_p5_cp105,0.008052232004502002,1.0,drawdown
dd_p5_cp106,0.0020386100500218163,1.0,drawdown
dd_p5_cp107,0.005374485083166292,1.0,drawdown
dd_p5_cp108,0.000672157407279883,1.0,drawdown
dd_p5_cp109,0.005657608819774396,1.0,drawdown
dd_p5_cp110,0.00021463639359353692,1.0,drawdown
dd_p5_cp111,0.00895115745061048,1.0,drawdown
dd_p5_cp112,6.816481345595093e-05,1.0,drawdown
dd_p5_cp113,0.017730151292425944,1.0,drawdown
dd_p5_cp114,2.1499706690519815e-05,1.0,drawdown
dd_p5_cp115,0.03415378597492236,1.0,drawdown
dd_p5_cp116,6.6071029323211405e-06,1.0,drawdown
dd_p5_cp117,0.05428821494615477,1.0,drawdown
dd_p5_cp118,1.944789801200386e-06,1.0,drawdown
dd_p5_cp119,0.06479303508308476,1.0,drawdown
dd_p5_cp120,5.783335836895276e-07,1.0,drawdown
dd_p5_cp121,0.05411241348133444,1.0,drawdown
dd_p5_cp122,3.7658583096344955e-07,1.0,drawdown
dd_p5_cp123,0.03362863193683552,1.0,drawdown
dd_p5_cp124,1.2894270184915513e-06,1.0,drawdown
dd_p5_cp125,0.016518862419616198,1.0,drawdown
dd_p5_cp126,6.2807334870740306e-06,1.0,drawdown
dd_p5_cp127,0.006717307167036779,1.0,drawdown
dd_p5_cp128,2.9457599339366425e-05,1.0,drawdown
dd_p5_cp129,0.002340366606176758,1.0,drawdown
dd_p5_cp130,0.00012904643062938703,1.0,drawdown
dd_p5_cp131,0.0007168530471517442,1.0,drawdown
dd_p5_cp132,0.0005228363379501388,1.0,drawdown
dd_p5_cp133,0.00019686348332470516,1.0,drawdown
dd_p5_cp134,0.001938107853220572,1.0,drawdown
dd_p5_cp135,4.921866866425262e-05,1.0,drawdown
dd_p5_cp136,0.0064858812443162606,1.0,drawdown
dd_p5_cp137,1.1340051059960388e-05,1.0,drawdown
dd_p5_cp138,0.019259126138877036,1.0,drawdown
dd_p5_cp139,2.435161604807945e-06,1.0,drawdown
dd_p5_cp140,0.049570304292046785,1.0,drawdown
dd_p5_cp141,5.112465260026511e-07,1.0,drawdown
dd_p5_cp142,0.10691340908897473,1.0,drawdown
dd_p5_cp143,2.0416928236954845e-07,1.0,drawdown
dd_p5_cp144,0.1832677263550977,1.0,drawdown
dd_p5_cp145,5.294662059895927e-07,1.0,drawdown
dd_p5_cp146,0.2286933406753633,1.0,drawdown
dd_p5_cp147,2.1766024929092964e-06,1.0,drawdown
dd_p5_cp148,0.18326772635100497,1.0,drawdown
dd_p5_cp149,8.393370308112935e-06,1.0,drawdown
dd_p5_cp150,0.10691340908124403,1.0,drawdown
dd_p5_cp151,2.9075002657918958e-05,1.0,drawdown
dd_p5_cp152,0.04957030428386133,1.0,drawdown
dd_p5_cp153,8.861968785822683e-05,1.0,drawdown
dd_p5_cp154,0.0192591261279631,1.0,drawdown
dd_p5_cp155,0.00023163141986515257,1.0,drawdown
dd_p5_cp156,0.006485881237949798,1.0,drawdown
dd_p5_cp157,0.0005019616642130131,1.0,drawdown
dd_p5_cp158,0.001938107837759162,1.0,drawdown
dd_p5_cp159,0.0008650162287722196,1.0,drawdown
dd_p5_cp160,0.0005228362701927836,1.0,drawdown
dd_p5_cp161,0.00114745044220399,1.0,drawdown
dd_p5_cp162,0.00012904609593533678,1.0,drawdown
dd_p5_cp163,0.0012715063971882046,1.0,drawdown
dd_p5_cp164,2.9455964522639988e-05,1.0,drawdown
dd_p5_cp165,0.0017205225967700244,1.0,drawdown
dd_p5_cp166,6.273150574997999e-06,1.0,drawdown
dd_p5_cp167,0.0031287995627735654,1.0,drawdown
dd_p5_cp168,1.2562695701490156e-06,1.0,drawdown
dd_p5_cp169,0.00577792602939553,1.0,drawdown
dd_p5_cp170,2.404249244136736e-07,1.0,drawdown
dd_p5_cp171,0.008925258940507774,1.0,drawdown
dd_p5_cp172,5.4631527746096253e-08,1.0,drawdown
dd_p5_cp173,0.01050161823968665,1.0,drawdown
dd_p5_cp174,5.738957042922266e-08,1.0,drawdown
dd_p5_cp175,0.008897415377987272,1.0,drawdown
dd_p5_cp176,1.9464232536847703e-07,1.0,drawdown
dd_p5_cp177,0.005688386953579538,1.0,drawdown
dd_p5_cp178,6.610043783439323e-07,1.0,drawdown
dd_p5_cp179,0.002897417246003897,1.0,drawdown
dd_p5_cp180,1.9299768609926105e-06,1.0,drawdown
dd_p5_cp181,0.0012272907674741873,1.0,drawdown
dd_p5_cp182,4.614299086824758e-06,1.0,drawdown
dd_p5_cp183,0.00044645819207289605,1.0,drawdown
dd_p5_cp184,8.471497949358309e-06,1.0,drawdown
dd_p5_cp185,0.00014291845286606986,1.0,drawdown
dd_p5_cp186,1.0821484465850517e-05,1.0,drawdown
dd_p5_cp187,4.102249613424647e-05,1.0,drawdown
dd_p5_cp188,8.471444289170904e-06,1.0,drawdown
dd_p5_cp189,1.0714857353377738e-05,1.0,drawdown
dd_p5_cp190,4.614169938577106e-06,1.0,drawdown
dd_p5_cp191,2.5768267732928507e-06,1.0,drawdown
dd_p5_cp192,1.929742666106904e-06,1.0,drawdown
dd_p5_cp193,5.759104624303291e-07,1.0,drawdown
dd_p5_cp194,6.605678208870813e-07,1.0,drawdown
dd_p5_cp195,1.203729880216997e-07,1.0,drawdown
dd_p5_cp196,1.9322715161251836e-07,1.0,drawdown
dd_p5_cp197,2.3478833099943586e-08,1.0,drawdown
dd_p5_cp198,4.9917616706807166e-08,1.0,drawdown
dd_p5_cp199,4.0804479795042425e-09,1.0,drawdown
dd_p5_cp200,1.182297637569718e-08,1.0,drawdown
dd_p5_cp201,4.019966581836343e-10,1.0,drawdown
dd_p5_cp202,2.8067006496712565e-09,1.0,drawdown
dd_p5_cp203,-2.6125235308427364e-10,1.0,drawdown
dd_p5_cp204,8.703864295966923e-10,1.0,drawdown
dd_p5_cp205,-3.7562131183221936e-10,1.0,drawdown
dd_p5_cp206,4.870344127994031e-10,1.0,drawdown
dd_p5_cp207,-3.951754479203373e-10,1.0,drawdown
dd_p5_cp208,4.1609382606111467e-10,1.0,drawdown
dd_p5_cp209,-3.9767655835021287e-10,1.0,drawdown
dd_p5_cp210,4.0472514228895307e-10,1.0,drawdown
dd_p5_cp211,-3.9813130570109934e-10,1.0,drawdown
dd_p6_cp0,0.000522631599324086,1.0,drawdown
dd_p6_cp1,3.67435859516263e-10,1.0,drawdown
dd_p6_cp2,0.0015044169017528475,1.0,drawdown
dd_p6_cp3,2.582964953035116e-10,1.0,drawdown
dd_p6_cp4,0.0038243397734731843,1.0,drawdown
dd_p6_cp5,1.3324097380973399e-10,1.0,drawdown
dd_p6_cp6,0.008392591562824236,1.0,drawdown
dd_p6_cp7,3.1650415621697903e-10,1.0,drawdown
dd_p6_cp8,0.015441259711678867,1.0,drawdown
dd_p6_cp9,1.210992195410654e-09,1.0,drawdown
dd_p6_cp10,0.02295591053825774,1.0,drawdown
dd_p6_cp11,3.474269760772586e-09,1.0,drawdown
dd_p6_cp12,0.026448988514403027,1.0,drawdown
dd_p6_cp13,8.369170245714486e-09,1.0,drawdown
dd_p6_cp14,0.022956883644837944,1.0,drawdown
dd_p6_cp15,1.6970716387731954e-08,1.0,drawdown
dd_p6_cp16,0.015443013649019122,1.0,drawdown
dd_p6_cp17,2.8342128643998876e-08,1.0,drawdown
dd_p6_cp18,0.008394694827075,1.0,drawdown
dd_p6_cp19,4.0426584746455774e-08,1.0,drawdown
dd_p6_cp20,0.0038262532643784652,1.0,drawdown
dd_p6_cp21,5.958463589195162e-08,1.0,drawdown
dd_p6_cp22,0.001505813252151711,1.0,drawdown
dd_p6_cp23,1.1511474440339953e-07,1.0,drawdown
dd_p6_cp24,0.000523542391420051,1.0,drawdown
dd_p6_cp25,2.6346970116719604e-07,1.0,drawdown
dd_p6_cp26,0.000164078761372366,1.0,drawdown
dd_p6_cp27,5.864244485564996e-07,1.0,drawdown
dd_p6_cp28,4.8841803618415724e-05,1.0,drawdown
dd_p6_cp29,1.1604874998738524e-06,1.0,drawdown
dd_p6_cp30,2.2253196220844984e-05,1.0,drawdown
dd_p6_cp31,1.965277078852523e-06,1.0,drawdown
dd_p6_cp32,4.556020485324552e-05,1.0,drawdown
dd_p6_cp33,2.7713344934454653e-06,1.0,drawdown
dd_p6_cp34,0.00016901230310395476,1.0,drawdown
dd_p6_cp35,3.1807130653760396e-06,1.0,drawdown
dd_p6_cp36,0.0006103848554630531,1.0,drawdown
dd_p6_cp37,2.9445127438521013e-06,1.0,drawdown
dd_p6_cp38,0.00199640644586907,1.0,drawdown
dd_p6_cp39,2.236120508314343e-06,1.0,drawdown
dd_p6_cp40,0.005777379573828512,1.0,drawdown
dd_p6_cp41,1.4232009561965242e-06,1.0,drawdown
dd_p6_cp42,0.01440775169612607,1.0,drawdown
dd_p6_cp43,7.737307896604761e-07,1.0,drawdown
dd_p6_cp44,0.029878546341478796,1.0,drawdown
dd_p6_cp45,3.6533083402900957e-07,1.0,drawdown
dd_p6_cp46,0.04900585168070393,1.0,drawdown
dd_p6_cp47,1.520074874861166e-07,1.0,drawdown
dd_p6_cp48,0.0592613238627564,1.0,drawdown
dd_p6_cp49,5.629590305034071e-08,1.0,drawdown
dd_p6_cp50,0.048993273360792955,1.0,drawdown
dd_p6_cp51,1.853777575888671e-08,1.0,drawdown
dd_p6_cp52,0.029945223479444394,1.0,drawdown
dd_p6_cp53,5.360561772249639e-09,1.0,drawdown
dd_p6_cp54,0.014827894795416796,1.0,drawdown
dd_p6_cp55,1.4611032383982092e-09,1.0,drawdown
dd_p6_cp56,0.007313710403195728,1.0,drawdown
dd_p6_cp57,6.607479008380324e-10,1.0,drawdown
dd_p6_cp58,0.006620882672905282,1.0,drawdown
dd_p6_cp59,7.562448445241898e-10,1.0,drawdown
dd_p6_cp60,0.012678190238602838,1.0,drawdown
dd_p6_cp61,9.790710464585572e-10,1.0,drawdown
dd_p6_cp62,0.02723781735767261,1.0,drawdown
dd_p6_cp63,9.990799298975617e-10,1.0,drawdown
dd_p6_cp64,0.05081816373467518,1.0,drawdown
dd_p6_cp65,8.476490620523691e-10,1.0,drawdown
dd_p6_cp66,0.07664511307120847,1.0,drawdown
dd_p6_cp67,7.362359610851854e-10,1.0,drawdown
dd_p6_cp68,0.08891491844042321,1.0,drawdown
dd_p6_cp69,6.946265784790739e-10,1.0,drawdown
dd_p6_cp70,0.07663813429621769,1.0,drawdown
dd_p6_cp71,5.582023732131347e-10,1.0,drawdown
dd_p6_cp72,0.05078057355058263,1.0,drawdown
dd_p6_cp73,3.3514879760332406e-10,1.0,drawdown
dd_p6_cp74,0.027076980542915408,1.0,drawdown
dd_p6_cp75,1.950866135302931e-10,1.0,drawdown
dd_p6_cp76,0.012081207956498474,1.0,drawdown
dd_p6_cp77,1.4506440493278205e-10,1.0,drawdown
dd_p6_cp78,0.00464980944002491,1.0,drawdown
dd_p6_cp79,5.229594535194337e-12,1.0,drawdown
dd_p6_cp80,0.0015802184514086548,1.0,drawdown
dd_p6_cp81,-2.1736923372372985e-10,1.0,drawdown
dd_p6_cp82,0.00048285067919096036,1.0,drawdown
dd_p6_cp83,-3.54702933691442e-10,1.0,drawdown
dd_p6_cp84,0.001710389503841725,1.0,drawdown
dd_p6_cp85,0.0013901629320116626,1.0,drawdown
dd_p6_cp86,0.005032756530908955,1.0,drawdown
dd_p6_cp87,0.003535447886633847,1.0,drawdown
dd_p6_cp88,0.013075685842522944,1.0,drawdown
dd_p6_cp89,0.0077673232874531095,1.0,drawdown
dd_p6_cp90,0.029302906787052052,1.0,drawdown
dd_p6_cp91,0.014335738231466166,1.0,drawdown
dd_p6_cp92,0.054941593087733054,1.0,drawdown
dd_p6_cp93,0.02152109558005577,1.0,drawdown
dd_p6_cp94,0.08287636243176166,1.0,drawdown
dd_p6_cp95,0.025652330988577887,1.0,drawdown
dd_p6_cp96,0.09609626437895713,1.0,drawdown
dd_p6_cp97,0.025259152978378552,1.0,drawdown
dd_p6_cp98,0.0829100125010882,1.0,drawdown
dd_p6_cp99,0.025369557673457166,1.0,drawdown
dd_p6_cp100,0.05502294780308148,1.0,drawdown
dd_p6_cp101,0.030992844528554997,1.0,drawdown
dd_p6_cp102,0.029450376740442152,1.0,drawdown
dd_p6_cp103,0.036477929045304336,1.0,drawdown
dd_p6_cp104,0.01329058391320359,1.0,drawdown
dd_p6_cp105,0.0277382937144921,1.0,drawdown
dd_p6_cp106,0.0052784742329095025,1.0,drawdown
dd_p6_cp107,0.018305083571704017,1.0,drawdown
dd_p6_cp108,0.0019254403041486512,1.0,drawdown
dd_p6_cp109,0.015366735363386397,1.0,drawdown
dd_p6_cp110,0.0006706884746563446,1.0,drawdown
dd_p6_cp111,0.019350464613580698,1.0,drawdown
dd_p6_cp112,0.00022896272139405482,1.0,drawdown
dd_p6_cp113,0.03219344713193095,1.0,drawdown
dd_p6_cp114,7.706493170189788e-05,1.0,drawdown
dd_p6_cp115,0.05511741921918656,1.0,drawdown
dd_p6_cp116,2.531826930862735e-05,1.0,drawdown
dd_p6_cp117,0.08175972529738829,1.0,drawdown
dd_p6_cp118,8.030974186112871e-06,1.0,drawdown
dd_p6_cp119,0.09536203771926921,1.0,drawdown
dd_p6_cp120,2.623900400067214e-06,1.0,drawdown
dd_p6_cp121,0.0811462397498417,1.0,drawdown
dd_p6_cp122,1.8354317035118584e-06,1.0,drawdown
dd_p6_cp123,0.05343310065109108,1.0,drawdown
dd_p6_cp124,5.690805664926302e-06,1.0,drawdown
dd_p6_cp125,0.028595524316642695,1.0,drawdown
dd_p6_cp126,2.4797125661280006e-05,1.0,drawdown
dd_p6_cp127,0.012880450901548102,1.0,drawdown
dd_p6_cp128,0.00010448568218635046,1.0,drawdown
dd_p6_cp129,0.005015197809143501,1.0,drawdown
dd_p6_cp130,0.00041166655046254164,1.0,drawdown
dd_p6_cp131,0.001723983887131908,1.0,drawdown
dd_p6_cp132,0.0015023034402474877,1.0,drawdown
dd_p6_cp133,0.0005321463445397967,1.0,drawdown
dd_p6_cp134,0.005028799792398786,1.0,drawdown
dd_p6_cp135,0.00014953996742406162,1.0,drawdown
dd_p6_cp136,0.015254570050274197,1.0,drawdown
dd_p6_cp137,3.8696336559951305e-05,1.0,drawdown
dd_p6_cp138,0.04127316576614248,1.0,drawdown
dd_p6_cp139,9.33913952394505e-06,1.0,drawdown
dd_p6_cp140,0.09744297150473358,1.0,drawdown
dd_p6_cp141,2.2701233319821768e-06,1.0,drawdown
dd_p6_cp142,0.19443748646153836,1.0,drawdown
dd_p6_cp143,1.217100361827761e-06,1.0,drawdown
dd_p6_cp144,0.3123894236155138,1.0,drawdown
dd_p6_cp145,3.246118012611987e-06,1.0,drawdown
dd_p6_cp146,0.3758192098944164,1.0,drawdown
dd_p6_cp147,1.1901584912266117e-05,1.0,drawdown
dd_p6_cp148,0.3123894236123306,1.0,drawdown
dd_p6_cp149,4.077521884937596e-05,1.0,drawdown
dd_p6_cp150,0.1944374864533529,1.0,drawdown
dd_p6_cp151,0.00012570312924253813,1.0,drawdown
dd_p6_cp152,0.09744297149654813,1.0,drawdown
dd_p6_cp153,0.0003422301390401117,1.0,drawdown
dd_p6_cp154,0.04127316575522855,1.0,drawdown
dd_p6_cp155,0.0008046969628594525,1.0,drawdown
dd_p6_cp156,0.015254570022989355,1.0,drawdown
dd_p6_cp157,0.0015892246942712518,1.0,drawdown
dd_p6_cp158,0.005028799685078411,1.0,drawdown
dd_p6_cp159,0.0025542724063143396,1.0,drawdown
dd_p6_cp160,0.0015023029372969177,1.0,drawdown
dd_p6_cp161,0.0032833160007612605,1.0,drawdown
dd_p6_cp162,0.00041166421624438954,1.0,drawdown
dd_p6_cp163,0.0036418750262328103,1.0,drawdown
dd_p6_cp164,0.00010447532895341283,1.0,drawdown
dd_p6_cp165,0.004596248012376236,1.0,drawdown
dd_p6_cp166,2.475360588505282e-05,1.0,drawdown
dd_p6_cp167,0.007348482223960673,1.0,drawdown
dd_p6_cp168,5.518171747098677e-06,1.0,drawdown
dd_p6_cp169,0.0122260167991044,1.0,drawdown
dd_p6_cp170,1.1908100532309618e-06,1.0,drawdown
dd_p6_cp171,0.01767551617376739,1.0,drawdown
dd_p6_cp172,3.596446731535252e-07,1.0,drawdown
dd_p6_cp173,0.020256055581967303,1.0,drawdown
dd_p6_cp174,5.272763701213989e-07,1.0,drawdown
dd_p6_cp175,0.01755755561839578,1.0,drawdown
dd_p6_cp176,1.6512331058038399e-06,1.0,drawdown
dd_p6_cp177,0.011880928312166361,1.0,drawdown
dd_p6_cp178,4.924434961139923e-06,1.0,drawdown
dd_p6_cp179,0.006544993969328061,1.0,drawdown
dd_p6_cp180,1.263892772840336e-05,1.0,drawdown
dd_p6_cp181,0.0030388301190669154,1.0,drawdown
dd_p6_cp182,2.6782885015563807e-05,1.0,drawdown
dd_p6_cp183,0.0012215390231631318,1.0,drawdown
dd_p6_cp184,4.446432967597502e-05,1.0,drawdown
dd_p6_cp185,0.0004340886132467858,1.0,drawdown
dd_p6_cp186,5.387236069509527e-05,1.0,drawdown
dd_p6_cp187,0.00013864020525033993,1.0,drawdown
dd_p6_cp188,4.446365528565366e-05,1.0,drawdown
dd_p6_cp189,4.032834272038599e-05,1.0,drawdown
dd_p6_cp190,2.6781380711327074e-05,1.0,drawdown
dd_p6_cp191,1.0800804830068955e-05,1.0,drawdown
dd_p6_cp192,1.2636427527468186e-05,1.0,drawdown
dd_p6_cp193,2.6872837679547956e-06,1.0,drawdown
dd_p6_cp194,4.92039089294849e-06,1.0,drawdown
dd_p6_cp195,6.256771030166419e-07,1.0,drawdown
dd_p6_cp196,1.6408921510446817e-06,1.0,drawdown
dd_p6_cp197,1.370272002532147e-07,1.0,drawdown
dd_p6_cp198,4.815751708520111e-07,1.0,drawdown
dd_p6_cp199,2.820388544932939e-08,1.0,drawdown
dd_p6_cp200,1.2705095286946744e-07,1.0,drawdown
dd_p6_cp201,5.295532901072875e-09,1.0,drawdown
dd_p6_cp202,3.076183929806575e-08,1.0,drawdown
dd_p6_cp203,7.130438461899757e-10,1.0,drawdown
dd_p6_cp204,7.0904206950217485e-09,1.0,drawdown
dd_p6_cp205,-1.609805622138083e-10,1.0,drawdown
dd_p6_cp206,1.7471393221057951e-09,1.0,drawdown
dd_p6_cp207,-3.2082425605040044e-10,1.0,drawdown
dd_p6_cp208,6.280060915742069e-10,1.0,drawdown
dd_p6_cp209,-3.48791218129918e-10,1.0,drawdown
dd_p6_cp210,4.083631210960448e-10,1.0,drawdown
dd_p6_cp211,-3.540208126651123e-10,1.0,drawdown
dd_p7_cp0,0.0013291947411744331,1.0,drawdown
dd_p7_cp1,4.433786671143025e-10,1.0,drawdown
dd_p7_cp2,0.0034873877903009998,1.0,drawdown
dd_p7_cp3,5.993570084683597e-10,1.0,drawdown
dd_p7_cp4,0.00810469665339042,1.0,drawdown
dd_p7_cp5,1.3760654837824404e-09,1.0,drawdown
dd_p7_cp6,0.01635579232879536,1.0,drawdown
dd_p7_cp7,4.0931809053290635e-09,1.0,drawdown
dd_p7_cp8,0.02797216825410942,1.0,drawdown
dd_p7_cp9,1.1545580491656438e-08,1.0,drawdown
dd_p7_cp10,0.03940008201971068,1.0,drawdown
dd_p7_cp11,2.8689100872725248e-08,1.0,drawdown
dd_p7_cp12,0.04440648417039483,1.0,drawdown
dd_p7_cp13,6.177288014441729e-08,1.0,drawdown
dd_p7_cp14,0.03940295419579343,1.0,drawdown
dd_p7_cp15,1.1330712368362583e-07,1.0,drawdown
dd_p7_cp16,0.027977301374903618,1.0,drawdown
dd_p7_cp17,1.7547790776006877e-07,1.0,drawdown
dd_p7_cp18,0.01636195062610568,1.0,drawdown
dd_p7_cp19,2.3804341253708117e-07,1.0,drawdown
dd_p7_cp20,0.0081104194900945,1.0,drawdown
dd_p7_cp21,3.290560925961472e-07,1.0,drawdown
dd_p7_cp22,0.0034917694815703726,1.0,drawdown
dd_p7_cp23,5.655583663610741e-07,1.0,drawdown
dd_p7_cp24,0.0013323759130798862,1.0,drawdown
dd_p7_cp25,1.1578031262615696e-06,1.0,drawdown
dd_p7_cp26,0.00045973156147738337,1.0,drawdown
dd_p7_cp27,2.372879407630535e-06,1.0,drawdown
dd_p7_cp28,0.00015323978641390568,1.0,drawdown
dd_p7_cp29,4.4052030716557056e-06,1.0,drawdown
dd_p7_cp30,8.19134179437242e-05,1.0,drawdown
dd_p7_cp31,7.098825335560832e-06,1.0,drawdown
dd_p7_cp32,0.00016616741504549282,1.0,drawdown
dd_p7_cp33,9.686817975307349e-06,1.0,drawdown
dd_p7_cp34,0.0005531470847017772,1.0,drawdown
dd_p7_cp35,1.1000464837707113e-05,1.0,drawdown
dd_p7_cp36,0.0017911293957695307,1.0,drawdown
dd_p7_cp37,1.0337083494960098e-05,1.0,drawdown
dd_p7_cp38,0.00526308796088415,1.0,drawdown
dd_p7_cp39,8.12987809695187e-06,1.0,drawdown
dd_p7_cp40,0.013730713962104346,1.0,drawdown
dd_p7_cp41,5.4398133215727285e-06,1.0,drawdown
dd_p7_cp42,0.031076623790340818,1.0,drawdown
dd_p7_cp43,3.1452991606784053e-06,1.0,drawdown
dd_p7_cp44,0.059195588734837656,1.0,drawdown
dd_p7_cp45,1.593527940713102e-06,1.0,drawdown
dd_p7_cp46,0.09105192662173067,1.0,drawdown
dd_p7_cp47,7.162884685385507e-07,1.0,drawdown
dd_p7_cp48,0.10699379110747032,1.0,drawdown
dd_p7_cp49,2.8878002922283486e-07,1.0,drawdown
dd_p7_cp50,0.09103319379664754,1.0,drawdown
dd_p7_cp51,1.0533449312788434e-07,1.0,drawdown
dd_p7_cp52,0.05939006746984887,1.0,drawdown
dd_p7_cp53,3.501372702885419e-08,1.0,drawdown
dd_p7_cp54,0.03212925673915379,1.0,drawdown
dd_p7_cp55,1.0792518878588453e-08,1.0,drawdown
dd_p7_cp56,0.017247628386485303,1.0,drawdown
dd_p7_cp57,3.3719516068231314e-09,1.0,drawdown
dd_p7_cp58,0.01492903079088137,1.0,drawdown
dd_p7_cp59,1.457920006942004e-09,1.0,drawdown
dd_p7_cp60,0.024815246466914687,1.0,drawdown
dd_p7_cp61,1.0982148523908108e-09,1.0,drawdown
dd_p7_cp62,0.04792723761602247,1.0,drawdown
dd_p7_cp63,1.0049916454590857e-09,1.0,drawdown
dd_p7_cp64,0.08261260435801887,1.0,drawdown
dd_p7_cp65,8.86757334228605e-10,1.0,drawdown
dd_p7_cp66,0.11793675333365172,1.0,drawdown
dd_p7_cp67,7.8580342233181e-10,1.0,drawdown
dd_p7_cp68,0.13396106453069478,1.0,drawdown
dd_p7_cp69,7.075868779793382e-10,1.0,drawdown
dd_p7_cp70,0.11791159701738252,1.0,drawdown
dd_p7_cp71,5.707079253625125e-10,1.0,drawdown
dd_p7_cp72,0.08248161242113383,1.0,drawdown
dd_p7_cp73,3.815330273937434e-10,1.0,drawdown
dd_p7_cp74,0.047409518678705354,1.0,drawdown
dd_p7_cp75,2.335127646801993e-10,1.0,drawdown
dd_p7_cp76,0.023073873007888324,1.0,drawdown
dd_p7_cp77,1.3346834748517722e-10,1.0,drawdown
dd_p7_cp78,0.009748288837272412,1.0,drawdown
dd_p7_cp79,-9.777068044058979e-12,1.0,drawdown
dd_p7_cp80,0.003647808912319306,1.0,drawdown
dd_p7_cp81,-1.9349499780219048e-10,1.0,drawdown
dd_p7_cp82,0.0012287905221910478,1.0,drawdown
dd_p7_cp83,-3.290097083663568e-10,1.0,drawdown
dd_p7_cp84,0.0039450638200833055,1.0,drawdown
dd_p7_cp85,0.0032264756250697246,1.0,drawdown
dd_p7_cp86,0.010538510898641107,1.0,drawdown
dd_p7_cp87,0.007510908875246969,1.0,drawdown
dd_p7_cp88,0.024924767596530728,1.0,drawdown
dd_p7_cp89,0.015215010484098457,1.0,drawdown
dd_p7_cp90,0.051134091599124076,1.0,drawdown
dd_p7_cp91,0.02625999281917757,1.0,drawdown
dd_p7_cp92,0.0887128953249885,1.0,drawdown
dd_p7_cp93,0.03788145186422298,1.0,drawdown
dd_p7_cp94,0.12627748898512436,1.0,drawdown
dd_p7_cp95,0.04567731050178736,1.0,drawdown
dd_p7_cp96,0.1429401188288466,1.0,drawdown
dd_p7_cp97,0.04925470698640311,1.0,drawdown
dd_p7_cp98,0.12636373407985957,1.0,drawdown
dd_p7_cp99,0.05617752390298847,1.0,drawdown
dd_p7_cp100,0.08891243818743533,1.0,drawdown
dd_p7_cp101,0.07161318479938927,1.0,drawdown
dd_p7_cp102,0.051478904750183574,1.0,drawdown
dd_p7_cp103,0.08268788091049828,1.0,drawdown
dd_p7_cp104,0.025409130963907955,1.0,drawdown
dd_p7_cp105,0.0661288730934757,1.0,drawdown
dd_p7_cp106,0.011084203505106416,1.0,drawdown
dd_p7_cp107,0.044795709111213,1.0,drawdown
dd_p7_cp108,0.00443001944131538,1.0,drawdown
dd_p7_cp109,0.03415883790398766,1.0,drawdown
dd_p7_cp110,0.0016761220822445466,1.0,drawdown
dd_p7_cp111,0.0364855666218773,1.0,drawdown
dd_p7_cp112,0.0006145113698039495,1.0,drawdown
dd_p7_cp113,0.052655859272817906,1.0,drawdown
dd_p7_cp114,0.00022026313263268094,1.0,drawdown
dd_p7_cp115,0.0822436022385773,1.0,drawdown
dd_p7_cp116,7.689082167416927e-05,1.0,drawdown
dd_p7_cp117,0.11604530426529891,1.0,drawdown
dd_p7_cp118,2.602958693387336e-05,1.0,drawdown
dd_p7_cp119,0.13274459468129862,1.0,drawdown
dd_p7_cp120,9.228193448507227e-06,1.0,drawdown
dd_p7_cp121,0.11444097216462978,1.0,drawdown
dd_p7_cp122,6.834406576672336e-06,1.0,drawdown
dd_p7_cp123,0.07809314643577636,1.0,drawdown
dd_p7_cp124,1.943638062584796e-05,1.0,drawdown
dd_p7_cp125,0.044215673595090266,1.0,drawdown
dd_p7_cp126,7.688313644393929e-05,1.0,drawdown
dd_p7_cp127,0.021430661503927695,1.0,drawdown
dd_p7_cp128,0.0002955999339064874,1.0,drawdown
dd_p7_cp129,0.009086926234431303,1.0,drawdown
dd_p7_cp130,0.0010646058462953079,1.0,drawdown
dd_p7_cp131,0.003427547323099134,1.0,drawdown
dd_p7_cp132,0.0035576089103415143,1.0,drawdown
dd_p7_cp133,0.001166010669521711,1.0,drawdown
dd_p7_cp134,0.01092891407870411,1.0,drawdown
dd_p7_cp135,0.000361922463071096,1.0,drawdown
dd_p7_cp136,0.030504634329190594,1.0,drawdown
dd_p7_cp137,0.00010355455424360116,1.0,drawdown
dd_p7_cp138,0.07617260771075962,1.0,drawdown
dd_p7_cp139,2.7724056053557433e-05,1.0,drawdown
dd_p7_cp140,0.16658994871704635,1.0,drawdown
dd_p7_cp141,7.761932920402614e-06,1.0,drawdown
dd_p7_cp142,0.30969960465336044,1.0,drawdown
dd_p7_cp143,5.258341843727976e-06,1.0,drawdown
dd_p7_cp144,0.46925479502851886,1.0,drawdown
dd_p7_cp145,1.3863929325452773e-05,1.0,drawdown
dd_p7_cp146,0.548193259769505,1.0,drawdown
dd_p7_cp147,4.611283316080517e-05,1.0,drawdown
dd_p7_cp148,0.4692547950239714,1.0,drawdown
dd_p7_cp149,0.00014324910398499924,1.0,drawdown
dd_p7_cp150,0.309699604645175,1.0,drawdown
dd_p7_cp151,0.000401747211071779,1.0,drawdown
dd_p7_cp152,0.16658994870158494,1.0,drawdown
dd_p7_cp153,0.0010001977209412871,1.0,drawdown
dd_p7_cp154,0.07617260767483458,1.0,drawdown
dd_p7_cp155,0.002168109989270306,1.0,drawdown
dd_p7_cp156,0.0305046341823072,1.0,drawdown
dd_p7_cp157,0.0039974240560241014,1.0,drawdown
dd_p7_cp158,0.010928913444331556,1.0,drawdown
dd_p7_cp159,0.006115488088425991,1.0,drawdown
dd_p7_cp160,0.0035576061213760113,1.0,drawdown
dd_p7_cp161,0.007690276716175504,1.0,drawdown
dd_p7_cp162,0.0010645940092217643,1.0,drawdown
dd_p7_cp163,0.008497760110685704,1.0,drawdown
dd_p7_cp164,0.0002955520562863967,1.0,drawdown
dd_p7_cp165,0.010193988263836218,1.0,drawdown
dd_p7_cp166,7.669935030207853e-05,1.0,drawdown
dd_p7_cp167,0.014777194573298402,1.0,drawdown
dd_p7_cp168,1.876857049865066e-05,1.0,drawdown
dd_p7_cp169,0.022604308471272816,1.0,drawdown
dd_p7_cp170,4.5405467972159386e-06,1.0,drawdown
dd_p7_cp171,0.031019555461170967,1.0,drawdown
dd_p7_cp172,1.7728266357153188e-06,1.0,drawdown
dd_p7_cp173,0.034838384622162266,1.0,drawdown
dd_p7_cp174,2.990839675476309e-06,1.0,drawdown
dd_p7_cp175,0.03065048660573666,1.0,drawdown
dd_p7_cp176,8.524329587089596e-06,1.0,drawdown
dd_p7_cp177,0.021598902360437933,1.0,drawdown
dd_p7_cp178,2.274541884617065e-05,1.0,drawdown
dd_p7_cp179,0.012614208284958295,1.0,drawdown
dd_p7_cp180,5.2450591283559334e-05,1.0,drawdown
dd_p7_cp181,0.006287249211254675,1.0,drawdown
dd_p7_cp182,0.00010084731002280023,1.0,drawdown
dd_p7_cp183,0.002736747936978645,1.0,drawdown
dd_p7_cp184,0.00015501539746765047,1.0,drawdown
dd_p7_cp185,0.0010593178183171403,1.0,drawdown
dd_p7_cp186,0.00018118355592378066,1.0,drawdown
dd_p7_cp187,0.00036991845286138414,1.0,drawdown
dd_p7_cp188,0.00015501054531341651,1.0,drawdown
dd_p7_cp189,0.00011792093391704839,1.0,drawdown
dd_p7_cp190,0.00010083701408802881,1.0,drawdown
dd_p7_cp191,3.465198255980795e-05,1.0,drawdown
dd_p7_cp192,5.24343881806999e-05,1.0,drawdown
dd_p7_cp193,9.464279855819768e-06,1.0,drawdown
dd_p7_cp194,2.272096435262938e-05,1.0,drawdown
dd_p7_cp195,2.419287739030551e-06,1.0,drawdown
dd_p7_cp196,8.46988814373617e-06,1.0,drawdown
dd_p7_cp197,5.821464128530351e-07,1.0,drawdown
dd_p7_cp198,2.7827568374050315e-06,1.0,drawdown
dd_p7_cp199,1.3239559848443605e-07,1.0,drawdown
dd_p7_cp200,8.210158739530016e-07,1.0,drawdown
dd_p7_cp201,2.842671165126376e-08,1.0,drawdown
dd_p7_cp202,2.2084850570536219e-07,1.0,drawdown
dd_p7_cp203,5.6177213991759345e-09,1.0,drawdown
dd_p7_cp204,5.494212018675171e-08,1.0,drawdown
dd_p7_cp205,8.476490620523691e-10,1.0,drawdown
dd_p7_cp206,1.2915734259877354e-08,1.0,drawdown
dd_p7_cp207,-1.0618350643198937e-10,1.0,drawdown
dd_p7_cp208,3.05317371385172e-09,1.0,drawdown
dd_p7_cp209,-2.892193151637912e-10,1.0,drawdown
dd_p7_cp210,8.899405656848103e-10,1.0,drawdown
dd_p7_cp211,-3.235527401557192e-10,1.0,drawdown
dd_p8_cp0,0.0028258518800612364,1.0,drawdown
dd_p8_cp1,1.177795638795942e-09,1.0,drawdown
dd_p8_cp2,0.0068376043532225594,1.0,drawdown
dd_p8_cp3,3.0927367333788425e-09,1.0,drawdown
dd_p8_cp4,0.014710679308791441,1.0,drawdown
dd_p8_cp5,9.099949238589033e-09,1.0,drawdown
dd_p8_cp6,0.02766259228610579,1.0,drawdown
dd_p8_cp7,2.5718236429383978e-08,1.0,drawdown
dd_p8_cp8,0.044563650118107034,1.0,drawdown
dd_p8_cp9,6.602203939110041e-08,1.0,drawdown
dd_p8_cp10,0.0601664548644294,1.0,drawdown
dd_p8_cp11,1.5056366464705206e-07,1.0,drawdown
dd_p8_cp12,0.06671915499646275,1.0,drawdown
dd_p8_cp13,3.0019600671948865e-07,1.0,drawdown
dd_p8_cp14,0.06017363786759233,1.0,drawdown
dd_p8_cp15,5.160400178283453e-07,1.0,drawdown
dd_p8_cp16,0.04457643552086665,1.0,drawdown
dd_p8_cp17,7.62949184718309e-07,1.0,drawdown
dd_p8_cp18,0.027677979511281592,1.0,drawdown
dd_p8_cp19,1.008531398838386e-06,1.0,drawdown
dd_p8_cp20,0.014725257306508865,1.0,drawdown
dd_p8_cp21,1.3542162378143985e-06,1.0,drawdown
dd_p8_cp22,0.006849276945104066,1.0,drawdown
dd_p8_cp23,2.1701630430470686e-06,1.0,drawdown
dd_p8_cp24,0.002835249085819669,1.0,drawdown
dd_p8_cp25,4.080184226040728e-06,1.0,drawdown
dd_p8_cp26,0.0010661740548130183,1.0,drawdown
dd_p8_cp27,7.791600637574447e-06,1.0,drawdown
dd_p8_cp28,0.0003946124807043816,1.0,drawdown
dd_p8_cp29,1.3687786122318357e-05,1.0,drawdown
dd_p8_cp30,0.0002404035958534223,1.0,drawdown
dd_p8_cp31,2.1149751319171628e-05,1.0,drawdown
dd_p8_cp32,0.00047588909865226015,1.0,drawdown
dd_p8_cp33,2.8081148229830433e-05,1.0,drawdown
dd_p8_cp34,0.0014401162588910665,1.0,drawdown
dd_p8_cp35,3.158968183925026e-05,1.0,drawdown
dd_p8_cp36,0.0042474328920434345,1.0,drawdown
dd_p8_cp37,2.9985831133672036e-05,1.0,drawdown
dd_p8_cp38,0.011410826765768434,1.0,drawdown
dd_p8_cp39,2.4211281470343238e-05,1.0,drawdown
dd_p8_cp40,0.02735356484026852,1.0,drawdown
dd_p8_cp41,1.6844262972881552e-05,1.0,drawdown
dd_p8_cp42,0.057318653849961265,1.0,drawdown
dd_p8_cp43,1.023014192469418e-05,1.0,drawdown
dd_p8_cp44,0.10224259769120181,1.0,drawdown
dd_p8_cp45,5.488800979946973e-06,1.0,drawdown
dd_p8_cp46,0.14980964785036122,1.0,drawdown
dd_p8_cp47,2.6297348085790873e-06,1.0,drawdown
dd_p8_cp48,0.1723046726588109,1.0,drawdown
dd_p8_cp49,1.1360775715729687e-06,1.0,drawdown
dd_p8_cp50,0.14979580585441,1.0,drawdown
dd_p8_cp51,4.464227458811365e-07,1.0,drawdown
dd_p8_cp52,0.10270161558946711,1.0,drawdown
dd_p8_cp53,1.6083322407212108e-07,1.0,drawdown
dd_p8_cp54,0.059520221313960064,1.0,drawdown
dd_p8_cp55,5.362335286918096e-08,1.0,drawdown
dd_p8_cp56,0.03416607593453591,1.0,drawdown
dd_p8_cp57,1.690705175860785e-08,1.0,drawdown
dd_p8_cp58,0.02876002436869385,1.0,drawdown
dd_p8_cp59,5.441961548058316e-09,1.0,drawdown
dd_p8_cp60,0.04259176859841318,1.0,drawdown
dd_p8_cp61,2.197793946834281e-09,1.0,drawdown
dd_p8_cp62,0.0751421362574547,1.0,drawdown
dd_p8_cp63,1.3351382222026587e-09,1.0,drawdown
dd_p8_cp64,0.12183305859707616,1.0,drawdown
dd_p8_cp65,1.0727490007411689e-09,1.0,drawdown
dd_p8_cp66,0.16751804225305023,1.0,drawdown
dd_p8_cp67,9.567884262651205e-10,1.0,drawdown
dd_p8_cp68,0.18789438413455173,1.0,drawdown
dd_p8_cp69,8.624283509561792e-10,1.0,drawdown
dd_p8_cp70,0.16744575267694017,1.0,drawdown
dd_p8_cp71,7.130438461899757e-10,1.0,drawdown
dd_p8_cp72,0.12147409307021917,1.0,drawdown
dd_p8_cp73,5.161382432561368e-10,1.0,drawdown
dd_p8_cp74,0.07381989093869379,1.0,drawdown
dd_p8_cp75,3.319655661471188e-10,1.0,drawdown
dd_p8_cp76,0.03849493602297116,1.0,drawdown
dd_p8_cp77,1.77351466845721e-10,1.0,drawdown
dd_p8_cp78,0.017572551972307338,1.0,drawdown
dd_p8_cp79,1.0686562745831907e-11,1.0,drawdown
dd_p8_cp80,0.007140087583820787,1.0,drawdown
dd_p8_cp81,-1.6621015674900264e-10,1.0,drawdown
dd_p8_cp82,0.0026186298566699406,1.0,drawdown
dd_p8_cp83,-3.07636582874693e-10,1.0,drawdown
dd_p8_cp84,0.007695423599216156,1.0,drawdown
dd_p8_cp85,0.006352765143674333,1.0,drawdown
dd_p8_cp86,0.01889717139829372,1.0,drawdown
dd_p8_cp87,0.013736118523411278,1.0,drawdown
dd_p8_cp88,0.0412350898832301,1.0,drawdown
dd_p8_cp89,0.026087101751500086,1.0,drawdown
dd_p8_cp90,0.07855314435892069,1.0,drawdown
dd_p8_cp91,0.042896814869209265,1.0,drawdown
dd_p8_cp92,0.1279446282551362,1.0,drawdown
dd_p8_cp93,0.06059232893016997,1.0,drawdown
dd_p8_cp94,0.17409248245439812,1.0,drawdown
dd_p8_cp95,0.07471527212283036,1.0,drawdown
dd_p8_cp96,0.19366568287568953,1.0,drawdown
dd_p8_cp97,0.08665862508564715,1.0,drawdown
dd_p8_cp98,0.17428273458654076,1.0,drawdown
dd_p8_cp99,0.10677651552600764,1.0,drawdown
dd_p8_cp100,0.12837026578699806,1.0,drawdown
dd_p8_cp101,0.1386750869678508,1.0,drawdown
dd_p8_cp102,0.0792617877759767,1.0,drawdown
dd_p8_cp103,0.15837110281017885,1.0,drawdown
dd_p8_cp104,0.042202421395359124,1.0,drawdown
dd_p8_cp105,0.13038450413000646,1.0,drawdown
dd_p8_cp106,0.019974730780631944,1.0,drawdown
dd_p8_cp107,0.0901640345296073,1.0,drawdown
dd_p8_cp108,0.00866461396935847,1.0,drawdown
dd_p8_cp109,0.06556547862123807,1.0,drawdown
dd_p8_cp110,0.0035407315808697604,1.0,drawdown
dd_p8_cp111,0.06248985773345339,1.0,drawdown
dd_p8_cp112,0.0013907469569858222,1.0,drawdown
dd_p8_cp113,0.08044864006637908,1.0,drawdown
dd_p8_cp114,0.0005300276911839319,1.0,drawdown
dd_p8_cp115,0.11623251296941817,1.0,drawdown
dd_p8_cp116,0.000195968766547594,1.0,drawdown
dd_p8_cp117,0.15665658473108124,1.0,drawdown
dd_p8_cp118,7.04005319676071e-05,1.0,drawdown
dd_p8_cp119,0.17568765590931434,1.0,drawdown
dd_p8_cp120,2.6848570996662602e-05,1.0,drawdown
dd_p8_cp121,0.15322939927568768,1.0,drawdown
dd_p8_cp122,2.0826473246415844e-05,1.0,drawdown
dd_p8_cp123,0.10772036385696993,1.0,drawdown
dd_p8_cp124,5.4893871492822655e-05,1.0,drawdown
dd_p8_cp125,0.06366311060014596,1.0,drawdown
dd_p8_cp126,0.00019936776561735314,1.0,drawdown
dd_p8_cp127,0.0325965861311488,1.0,drawdown
dd_p8_cp128,0.0007074497243593214,1.0,drawdown
dd_p8_cp129,0.014755173097455554,1.0,drawdown
dd_p8_cp130,0.002355515267481678,1.0,drawdown
dd_p8_cp131,0.005991112301444446,1.0,drawdown
dd_p8_cp132,0.0072861465750975185,1.0,drawdown
dd_p8_cp133,0.0022070458032885654,1.0,drawdown
dd_p8_cp134,0.020745927775351447,1.0,drawdown
dd_p8_cp135,0.0007447853533903981,1.0,drawdown
dd_p8_cp136,0.05375365040526958,1.0,drawdown
dd_p8_cp137,0.00023232985245158488,1.0,drawdown
dd_p8_cp138,0.12486827226530295,1.0,drawdown
dd_p8_cp139,6.823185776738683e-05,1.0,drawdown
dd_p8_cp140,0.2549945666110034,1.0,drawdown
dd_p8_cp141,2.189387328144221e-05,1.0,drawdown
dd_p8_cp142,0.44599462402629797,1.0,drawdown
dd_p8_cp143,1.7864717619886505e-05,1.0,drawdown
dd_p8_cp144,0.6455806905064492,1.0,drawdown
dd_p8_cp145,4.5878670789534226e-05,1.0,drawdown
dd_p8_cp146,0.7405284708279396,1.0,drawdown
dd_p8_cp147,0.00014048857292436878,1.0,drawdown
dd_p8_cp148,0.645580690499628,1.0,drawdown
dd_p8_cp149,0.0004022823068225989,1.0,drawdown
dd_p8_cp150,0.4459946240094723,1.0,drawdown
dd_p8_cp151,0.0010441339634326141,1.0,drawdown
dd_p8_cp152,0.25499456656370967,1.0,drawdown
dd_p8_cp153,0.002419084284611017,1.0,drawdown
dd_p8_cp154,0.12486827209022522,1.0,drawdown
dd_p8_cp155,0.004917845353475059,1.0,drawdown
dd_p8_cp156,0.05375364967994756,1.0,drawdown
dd_p8_cp157,0.008597623793320963,1.0,drawdown
dd_p8_cp158,0.020745924746279343,1.0,drawdown
dd_p8_cp159,0.012668755437971413,1.0,drawdown
dd_p8_cp160,0.007286134350124485,1.0,drawdown
dd_p8_cp161,0.015659174791608166,1.0,drawdown
dd_p8_cp162,0.002355467960569513,1.0,drawdown
dd_p8_cp163,0.017208368519732176,1.0,drawdown
dd_p8_cp164,0.0007072748412610963,1.0,drawdown
dd_p8_cp165,0.019869425231718196,1.0,drawdown
dd_p8_cp166,0.00019875153520843014,1.0,drawdown
dd_p8_cp167,0.026695832940276887,1.0,drawdown
dd_p8_cp168,5.28274149473873e-05,1.0,drawdown
dd_p8_cp169,0.038097971787692586,1.0,drawdown
dd_p8_cp170,1.4234211448638234e-05,1.0,drawdown
dd_p8_cp171,0.05004600979464158,1.0,drawdown
dd_p8_cp172,6.8022700361325406e-06,1.0,drawdown
dd_p8_cp173,0.055244261890720736,1.0,drawdown
dd_p8_cp174,1.1966907550231554e-05,1.0,drawdown
dd_p8_cp175,0.04910728365416617,1.0,drawdown
dd_p8_cp176,3.11575063278724e-05,1.0,drawdown
dd_p8_cp177,0.035676196491522205,1.0,drawdown
dd_p8_cp178,7.55610112719296e-05,1.0,drawdown
dd_p8_cp179,0.02179543317788557,1.0,drawdown
dd_p8_cp180,0.0001592887665538001,1.0,drawdown
dd_p8_cp181,0.0114880593205271,1.0,drawdown
dd_p8_cp182,0.0002830123476087465,1.0,drawdown
dd_p8_cp183,0.005331687666284779,1.0,drawdown
dd_p8_cp184,0.000409950416724314,1.0,drawdown
dd_p8_cp185,0.0022138980962154164,1.0,drawdown
dd_p8_cp186,0.00046729389623578754,1.0,drawdown
dd_p8_cp187,0.0008330524049142696,1.0,drawdown
dd_p8_cp188,0.00040992669892148115,1.0,drawdown
dd_p8_cp189,0.00028704550254587957,1.0,drawdown
dd_p8_cp190,0.00028296370419411687,1.0,drawdown
dd_p8_cp191,9.136726225733582e-05,1.0,drawdown
dd_p8_cp192,0.00015921480826364132,1.0,drawdown
dd_p8_cp193,2.7065670565207256e-05,1.0,drawdown
dd_p8_cp194,7.545311291323742e-05,1.0,drawdown
dd_p8_cp195,7.509430815844098e-06,1.0,drawdown
dd_p8_cp196,3.093576697210665e-05,1.0,drawdown
dd_p8_cp197,1.962189799087355e-06,1.0,drawdown
dd_p8_cp198,1.1209759577468503e-05,1.0,drawdown
dd_p8_cp199,4.850771802011877e-07,1.0,drawdown
dd_p8_cp200,3.6513015402306337e-06,1.0,drawdown
dd_p8_cp201,1.1379665920685511e-07,1.0,drawdown
dd_p8_cp202,1.083815277524991e-06,1.0,drawdown
dd_p8_cp203,2.5280542104155757e-08,1.0,drawdown
dd_p8_cp204,2.9654438549187034e-07,1.0,drawdown
dd_p8_cp205,5.180936568649486e-09,1.0,drawdown
dd_p8_cp206,7.560902304248884e-08,1.0,drawdown
dd_p8_cp207,8.174083632184193e-10,1.0,drawdown
dd_p8_cp208,1.824446371756494e-08,1.0,drawdown
dd_p8_cp209,-9.094947017729282e-11,1.0,drawdown
dd_p8_cp210,4.344201443018392e-09,1.0,drawdown
dd_p8_cp211,-2.72393663180992e-10,1.0,drawdown
dd_p9_cp0,0.005240169751687063,1.0,drawdown
dd_p9_cp1,5.1895767683163285e-09,1.0,drawdown
dd_p9_cp2,0.011812102167368721,1.0,drawdown
dd_p9_cp3,1.547823558212258e-08,1.0,drawdown
dd_p9_cp4,0.023776876013471338,1.0,drawdown
dd_p9_cp5,4.4230546336621046e-08,1.0,drawdown
dd_p9_cp6,0.04211816042334249,1.0,drawdown
dd_p9_cp7,1.1648171494016424e-07,1.0,drawdown
dd_p9_cp8,0.06458952531920659,1.0,drawdown
dd_p9_cp9,2.775382199615706e-07,1.0,drawdown
dd_p9_cp10,0.08431304934765649,1.0,drawdown
dd_p9_cp11,5.901174517930485e-07,1.0,drawdown
dd_p9_cp12,0.09234824813165687,1.0,drawdown
dd_p9_cp13,1.1054430615331512e-06,1.0,drawdown
dd_p9_cp14,0.0843288776773079,1.0,drawdown
dd_p9_cp15,1.8067075870931149e-06,1.0,drawdown
dd_p9_cp16,0.0646176586292313,1.0,drawdown
dd_p9_cp17,2.5843964976957068e-06,1.0,drawdown
dd_p9_cp18,0.04215218237413865,1.0,drawdown
dd_p9_cp19,3.3698374863888603e-06,1.0,drawdown
dd_p9_cp20,0.023809713452919823,1.0,drawdown
dd_p9_cp21,4.469716259336565e-06,1.0,drawdown
dd_p9_cp22,0.011839563743251347,1.0,drawdown
dd_p9_cp23,6.857837888674112e-06,1.0,drawdown
dd_p9_cp24,0.00526451302539499,1.0,drawdown
dd_p9_cp25,1.2079236512363423e-05,1.0,drawdown
dd_p9_cp26,0.002139098085990554,1.0,drawdown
dd_p9_cp27,2.171835012632073e-05,1.0,drawdown
dd_p9_cp28,0.0008725930097170931,1.0,drawdown
dd_p9_cp29,3.63603303412674e-05,1.0,drawdown
dd_p9_cp30,0.0005928960636083502,1.0,drawdown
dd_p9_cp31,5.418384307631641e-05,1.0,drawdown
dd_p9_cp32,0.001140323186518799,1.0,drawdown
dd_p9_cp33,7.027735546216718e-05,1.0,drawdown
dd_p9_cp34,0.003175012001520372,1.0,drawdown
dd_p9_cp35,7.837660632503685e-05,1.0,drawdown
dd_p9_cp36,0.008642388496809872,1.0,drawdown
dd_p9_cp37,7.490918551411596e-05,1.0,drawdown
dd_p9_cp38,0.021522624419958447,1.0,drawdown
dd_p9_cp39,6.171980294311652e-05,1.0,drawdown
dd_p9_cp40,0.04806690220493692,1.0,drawdown
dd_p9_cp41,4.429665386851411e-05,1.0,drawdown
dd_p9_cp42,0.09446977417655944,1.0,drawdown
dd_p9_cp43,2.800271658998099e-05,1.0,drawdown
dd_p9_cp44,0.15952543441881062,1.0,drawdown
dd_p9_cp45,1.5755136701045558e-05,1.0,drawdown
dd_p9_cp46,0.22437592147025498,1.0,drawdown
dd_p9_cp47,7.964019005157752e-06,1.0,drawdown
dd_p9_cp48,0.2534931247696477,1.0,drawdown
dd_p9_cp49,3.647984613053268e-06,1.0,drawdown
dd_p9_cp50,0.22439433174577061,1.0,drawdown
dd_p9_cp51,1.5260875443345867e-06,1.0,drawdown
dd_p9_cp52,0.16045001708425843,1.0,drawdown
dd_p9_cp53,5.872720976185519e-07,1.0,drawdown
dd_p9_cp54,0.09849156508698798,1.0,drawdown
dd_p9_cp55,2.0938750822097063e-07,1.0,drawdown
dd_p9_cp56,0.05974020370604194,1.0,drawdown
dd_p9_cp57,6.985419531702064e-08,1.0,drawdown
dd_p9_cp58,0.04945946208727037,1.0,drawdown
dd_p9_cp59,2.2331278159981593e-08,1.0,drawdown
dd_p9_cp60,0.06683487438795055,1.0,drawdown
dd_p9_cp61,7.381004252238199e-09,1.0,drawdown
dd_p9_cp62,0.10940246173004198,1.0,drawdown
dd_p9_cp63,3.052264219149947e-09,1.0,drawdown
dd_p9_cp64,0.16925233063830092,1.0,drawdown
dd_p9_cp65,1.911757863126695e-09,1.0,drawdown
dd_p9_cp66,0.2265970078042301,1.0,drawdown
dd_p9_cp67,1.6279955161735415e-09,1.0,drawdown
dd_p9_cp68,0.25181327976224566,1.0,drawdown
dd_p9_cp69,1.4956640370655805e-09,1.0,drawdown
dd_p9_cp70,0.2264216653436506,1.0,drawdown
dd_p9_cp71,1.2921645975438878e-09,1.0,drawdown
dd_p9_cp72,0.16842748326098445,1.0,drawdown
dd_p9_cp73,9.995346772484481e-10,1.0,drawdown
dd_p9_cp74,0.10654771354370496,1.0,drawdown
dd_p9_cp75,6.84849510435015e-10,1.0,drawdown
dd_p9_cp76,0.05857829601245612,1.0,drawdown
dd_p9_cp77,3.95857568946667e-10,1.0,drawdown
dd_p9_cp78,0.028461889253321715,1.0,drawdown
dd_p9_cp79,1.3505996321327984e-10,1.0,drawdown
dd_p9_cp80,0.012389688356734041,1.0,drawdown
dd_p9_cp81,-9.072209650184959e-11,1.0,drawdown
dd_p9_cp82,0.004888429132734018,1.0,drawdown
dd_p9_cp83,-2.6420821086503565e-10,1.0,drawdown
dd_p9_cp84,0.013225820842308167,1.0,drawdown
dd_p9_cp85,0.011093680186377242,1.0,drawdown
dd_p9_cp86,0.03017739606957548,1.0,drawdown
dd_p9_cp87,0.022592628838538076,1.0,drawdown
dd_p9_cp88,0.06144570434389607,1.0,drawdown
dd_p9_cp89,0.04085195790526086,1.0,drawdown
dd_p9_cp90,0.10997694865454832,1.0,drawdown
dd_p9_cp91,0.06503501678275825,1.0,drawdown
dd_p9_cp92,0.17011365198641215,1.0,drawdown
dd_p9_cp93,0.09118302572824177,1.0,drawdown
dd_p9_cp94,0.2234238819496568,1.0,drawdown
dd_p9_cp95,0.11544230833305846,1.0,drawdown
dd_p9_cp96,0.2453912856012721,1.0,drawdown
dd_p9_cp97,0.14166434121239035,1.0,drawdown
dd_p9_cp98,0.22379805961645616,1.0,drawdown
dd_p9_cp99,0.18285537455517442,1.0,drawdown
dd_p9_cp100,0.17092867288283742,1.0,drawdown
dd_p9_cp101,0.2386343986238444,1.0,drawdown
dd_p9_cp102,0.11129349381917564,1.0,drawdown
dd_p9_cp103,0.26965047904172934,1.0,drawdown
dd_p9_cp104,0.0632012337150627,1.0,drawdown
dd_p9_cp105,0.22683716705864754,1.0,drawdown
dd_p9_cp106,0.03211529987265749,1.0,drawdown
dd_p9_cp107,0.15984627755892689,1.0,drawdown
dd_p9_cp108,0.014986313938607054,1.0,drawdown
dd_p9_cp109,0.1134097670274059,1.0,drawdown
dd_p9_cp110,0.006572512389084295,1.0,drawdown
dd_p9_cp111,0.09962233804048992,1.0,drawdown
dd_p9_cp112,0.0027555843812478997,1.0,drawdown
dd_p9_cp113,0.11668037232266215,1.0,drawdown
dd_p9_cp114,0.0011141964137095783,1.0,drawdown
dd_p9_cp115,0.15748594406795746,1.0,drawdown
dd_p9_cp116,0.0004353171307229786,1.0,drawdown
dd_p9_cp117,0.20421873880172825,1.0,drawdown
dd_p9_cp118,0.00016538395220777602,1.0,drawdown
dd_p9_cp119,0.22588317594909313,1.0,drawdown
dd_p9_cp120,6.744420761606307e-05,1.0,drawdown
dd_p9_cp121,0.19788149345185957,1.0,drawdown
dd_p9_cp122,5.436217543319799e-05,1.0,drawdown
dd_p9_cp123,0.14215101066497482,1.0,drawdown
dd_p9_cp124,0.00013384682051764685,1.0,drawdown
dd_p9_cp125,0.08694698702697679,1.0,drawdown
dd_p9_cp126,0.0004500825161812827,1.0,drawdown
dd_p9_cp127,0.04652800817711977,1.0,drawdown
dd_p9_cp128,0.0014861114809718856,1.0,drawdown
dd_p9_cp129,0.02219678565893446,1.0,drawdown
dd_p9_cp130,0.004611208865753724,1.0,drawdown
dd_p9_cp131,0.009567081939621858,1.0,drawdown
dd_p9_cp132,0.01330448928365513,1.0,drawdown
dd_p9_cp133,0.00376331378379291,1.0,drawdown
dd_p9_cp134,0.03537483898253413,1.0,drawdown
dd_p9_cp135,0.001362293582133134,1.0,drawdown
dd_p9_cp136,0.08574570745395249,1.0,drawdown
dd_p9_cp137,0.00045766022958559915,1.0,drawdown
dd_p9_cp138,0.18693857741300235,1.0,drawdown
dd_p9_cp139,0.00014605664637201698,1.0,drawdown
dd_p9_cp140,0.36039563911072037,1.0,drawdown
dd_p9_cp141,5.342466147340019e-05,1.0,drawdown
dd_p9_cp142,0.6011985882237241,1.0,drawdown
dd_p9_cp143,5.056762643107504e-05,1.0,drawdown
dd_p9_cp144,0.8432033265348764,1.0,drawdown
dd_p9_cp145,0.00012590611459017964,1.0,drawdown
dd_p9_cp146,0.9564626468268216,1.0,drawdown
dd_p9_cp147,0.0003592743616991356,1.0,drawdown
dd_p9_cp148,0.8432033265198697,1.0,drawdown
dd_p9_cp149,0.0009604572683201695,1.0,drawdown
dd_p9_cp150,0.6011985881686996,1.0,drawdown
dd_p9_cp151,0.002336840220323211,1.0,drawdown
dd_p9_cp152,0.36039563890517456,1.0,drawdown
dd_p9_cp153,0.005101573422962247,1.0,drawdown
dd_p9_cp154,0.18693857659673085,1.0,drawdown
dd_p9_cp155,0.009840089364388405,1.0,drawdown
dd_p9_cp156,0.08574570424570993,1.0,drawdown
dd_p9_cp157,0.01647576063624001,1.0,drawdown
dd_p9_cp158,0.03537482676392756,1.0,drawdown
dd_p9_cp159,0.02355326329688978,1.0,drawdown
dd_p9_cp160,0.013304444502864499,1.0,drawdown
dd_p9_cp161,0.02870188204428814,1.0,drawdown
dd_p9_cp162,0.0046110511434562795,1.0,drawdown
dd_p9_cp163,0.03137178580323052,1.0,drawdown
dd_p9_cp164,0.001485577955008921,1.0,drawdown
dd_p9_cp165,0.035196544931068274,1.0,drawdown
dd_p9_cp166,0.0004483504303607333,1.0,drawdown
dd_p9_cp167,0.04454064846049732,1.0,drawdown
dd_p9_cp168,0.000128453472370893,1.0,drawdown
dd_p9_cp169,0.05991282875061188,1.0,drawdown
dd_p9_cp170,3.8251605019468116e-05,1.0,drawdown
dd_p9_cp171,0.07567933578570774,1.0,drawdown
dd_p9_cp172,2.1177076632739045e-05,1.0,drawdown
dd_p9_cp173,0.08218791450849494,1.0,drawdown
dd_p9_cp174,3.700019397001597e-05,1.0,drawdown
dd_p9_cp175,0.07362336065443742,1.0,drawdown
dd_p9_cp176,8.866242706062621e-05,1.0,drawdown
dd_p9_cp177,0.05483069668184726,1.0,drawdown
dd_p9_cp178,0.00019807703529295395,1.0,drawdown
dd_p9_cp179,0.034750117098610644,1.0,drawdown
dd_p9_cp180,0.0003873840555570496,1.0,drawdown
dd_p9_cp181,0.019172524654322842,1.0,drawdown
dd_p9_cp182,0.000645720165266539,1.0,drawdown
dd_p9_cp183,0.009380567365496972,1.0,drawdown
dd_p9_cp184,0.0008935427308642829,1.0,drawdown
dd_p9_cp185,0.004129770450845172,1.0,drawdown
dd_p9_cp186,0.0010004434047914401,1.0,drawdown
dd_p9_cp187,0.001654982739864863,1.0,drawdown
dd_p9_cp188,0.0008934550237427175,1.0,drawdown
dd_p9_cp189,0.000609429069527323,1.0,drawdown
dd_p9_cp190,0.0006455443385675608,1.0,drawdown
dd_p9_cp191,0.00020784084199476638,1.0,drawdown
dd_p9_cp192,0.00038712219611625187,1.0,drawdown
dd_p9_cp193,6.60887901631213e-05,1.0,drawdown
dd_p9_cp194,0.00019770062863244675,1.0,drawdown
dd_p9_cp195,1.9707556248249603e-05,1.0,drawdown
dd_p9_cp196,8.792401376922498e-05,1.0,drawdown
dd_p9_cp197,5.539175390367745e-06,1.0,drawdown
dd_p9_cp198,3.4688981031649746e-05,1.0,drawdown
dd_p9_cp199,1.4739389371243306e-06,1.0,drawdown
dd_p9_cp200,1.2326966043474386e-05,1.0,drawdown
dd_p9_cp201,3.726656814251328e-07,1.0,drawdown
dd_p9_cp202,3.9950828067958355e-06,1.0,drawdown
dd_p9_cp203,8.97139216249343e-08,1.0,drawdown
dd_p9_cp204,1.1932106644962914e-06,1.0,drawdown
dd_p9_cp205,2.0489096641540527e-08,1.0,drawdown
dd_p9_cp206,3.3137939681182615e-07,1.0,drawdown
dd_p9_cp207,4.305547918193042e-09,1.0,drawdown
dd_p9_cp208,8.63274181028828e-08,1.0,drawdown
dd_p9_cp209,6.789377948734909e-10,1.0,drawdown
dd_p9_cp210,2.1361756807891652e-08,1.0,drawdown
dd_p9_cp211,-1.020907802740112e-10,1.0,drawdown
dd_p10_cp0,0.008739143976072228,1.0,drawdown
dd_p10_cp1,2.1741016098530963e-08,1.0,drawdown
dd_p10_cp2,0.018512352714878944,1.0,drawdown
dd_p10_cp3,6.278924047364853e-08,1.0,drawdown
dd_p10_cp4,0.03518167134780015,1.0,drawdown
dd_p10_cp5,1.6875992514542304e-07,1.0,drawdown
dd_p10_cp6,0.05924614129071415,1.0,drawdown
dd_p10_cp7,4.158368938078638e-07,1.0,drawdown
dd_p10_cp8,0.08724447048462025,1.0,drawdown
dd_p10_cp9,9.288378350902349e-07,1.0,drawdown
dd_p10_cp10,0.11088807197438655,1.0,drawdown
dd_p10_cp11,1.8605569493956864e-06,1.0,drawdown
dd_p10_cp12,0.12033909965066414,1.0,drawdown
dd_p10_cp13,3.3090364013332874e-06,1.0,drawdown
dd_p10_cp14,0.11091960651401678,1.0,drawdown
dd_p10_cp15,5.195110134081915e-06,1.0,drawdown
dd_p10_cp16,0.08730053342060273,1.0,drawdown
dd_p10_cp17,7.2564771471661516e-06,1.0,drawdown
dd_p10_cp18,0.059314347866802564,1.0,drawdown
dd_p10_cp19,9.401615898241289e-06,1.0,drawdown
dd_p10_cp20,0.03524873716378352,1.0,drawdown
dd_p10_cp21,1.2424834494595416e-05,1.0,drawdown
dd_p10_cp22,0.018570901669590967,1.0,drawdown
dd_p10_cp23,1.8539742995926645e-05,1.0,drawdown
dd_p10_cp24,0.008795749023192911,1.0,drawdown
dd_p10_cp25,3.1056768875714624e-05,1.0,drawdown
dd_p10_cp26,0.0038339390580404142,1.0,drawdown
dd_p10_cp27,5.306638422553078e-05,1.0,drawdown
dd_p10_cp28,0.0017124061014328618,1.0,drawdown
dd_p10_cp29,8.518558661307907e-05,1.0,drawdown
dd_p10_cp30,0.001276732298265415,1.0,drawdown
dd_p10_cp31,0.00012299277523197816,1.0,drawdown
dd_p10_cp32,0.0023863625356170814,1.0,drawdown
dd_p10_cp33,0.00015630218649675953,1.0,drawdown
dd_p10_cp34,0.006175727968184219,1.0,drawdown
dd_p10_cp35,0.00017292306893068599,1.0,drawdown
dd_p10_cp36,0.015671500271309924,1.0,drawdown
dd_p10_cp37,0.00016605220298515633,1.0,drawdown
dd_p10_cp38,0.03653543176824314,1.0,drawdown
dd_p10_cp39,0.00013901818920203368,1.0,drawdown
dd_p10_cp40,0.07671482304249366,1.0,drawdown
dd_p10_cp41,0.00010233903685730183,1.0,drawdown
dd_p10_cp42,0.14253677062424686,1.0,drawdown
dd_p10_cp43,6.688334042337374e-05,1.0,drawdown
dd_p10_cp44,0.2293327057964234,1.0,drawdown
dd_p10_cp45,3.916429795935983e-05,1.0,drawdown
dd_p10_cp46,0.3111900515796151,1.0,drawdown
dd_p10_cp47,2.0720623979286756e-05,1.0,drawdown
dd_p10_cp48,0.3463422915906449,1.0,drawdown
dd_p10_cp49,9.980817139876308e-06,1.0,drawdown
dd_p10_cp50,0.3112886676585731,1.0,drawdown
dd_p10_cp51,4.407628239277983e-06,1.0,drawdown
dd_p10_cp52,0.2309866358364161,1.0,drawdown
dd_p10_cp53,1.796020569599932e-06,1.0,drawdown
dd_p10_cp54,0.14917780002542713,1.0,drawdown
dd_p10_cp55,6.794612090743612e-07,1.0,drawdown
dd_p10_cp56,0.09500194308611754,1.0,drawdown
dd_p10_cp57,2.4033442969084717e-07,1.0,drawdown
dd_p10_cp58,0.07818217167550756,1.0,drawdown
dd_p10_cp59,8.049983080127276e-08,1.0,drawdown
dd_p10_cp60,0.09850687711377759,1.0,drawdown
dd_p10_cp61,2.652586772455834e-08,1.0,drawdown
dd_p10_cp62,0.15153934877889697,1.0,drawdown
dd_p10_cp63,9.724772098707035e-09,1.0,drawdown
dd_p10_cp64,0.22554781294729764,1.0,drawdown
dd_p10_cp65,5.0386006478220224e-09,1.0,drawdown
dd_p10_cp66,0.2952624315180401,1.0,drawdown
dd_p10_cp67,3.920831659343094e-09,1.0,drawdown
dd_p10_cp68,0.32532124837371157,1.0,drawdown
dd_p10_cp69,3.586137609090656e-09,1.0,drawdown
dd_p10_cp70,0.2948905126579575,1.0,drawdown
dd_p10_cp71,3.1850504456087947e-09,1.0,drawdown
dd_p10_cp72,0.22389019485081008,1.0,drawdown
dd_p10_cp73,2.5704594008857384e-09,1.0,drawdown
dd_p10_cp74,0.14610971566912667,1.0,drawdown
dd_p10_cp75,1.8519585864851251e-09,1.0,drawdown
dd_p10_cp76,0.08369981638657009,1.0,drawdown
dd_p10_cp77,1.1687006917782128e-09,1.0,drawdown
dd_p10_cp78,0.04274666840933605,1.0,drawdown
dd_p10_cp79,5.995843821438029e-10,1.0,drawdown
dd_p10_cp80,0.019695746022534877,1.0,drawdown
dd_p10_cp81,1.6962076188065112e-10,1.0,drawdown
dd_p10_cp82,0.008267519412584079,1.0,drawdown
dd_p10_cp83,-1.2755663192365319e-10,1.0,drawdown
dd_p10_cp84,0.02062314198246895,1.0,drawdown
dd_p10_cp85,0.017754399569639645,1.0,drawdown
dd_p10_cp86,0.04413103131128082,1.0,drawdown
dd_p10_cp87,0.03448208117197282,1.0,drawdown
dd_p10_cp88,0.08467265568060611,1.0,drawdown
dd_p10_cp89,0.060125540538365385,1.0,drawdown
dd_p10_cp90,0.14384115532402575,1.0,drawdown
dd_p10_cp91,0.09374697274029131,1.0,drawdown
dd_p10_cp92,0.2134579768439835,1.0,drawdown
dd_p10_cp93,0.13146926508989054,1.0,drawdown
dd_p10_cp94,0.27302850818205116,1.0,drawdown
dd_p10_cp95,0.17072645037455914,1.0,drawdown
dd_p10_cp96,0.29740038472436936,1.0,drawdown
dd_p10_cp97,0.21835464518153458,1.0,drawdown
dd_p10_cp98,0.27369949424473816,1.0,drawdown
dd_p10_cp99,0.2889796769570694,1.0,drawdown
dd_p10_cp100,0.2148875789671365,1.0,drawdown
dd_p10_cp101,0.37521655824070876,1.0,drawdown
dd_p10_cp102,0.14609273215455687,1.0,drawdown
dd_p10_cp103,0.4193356083007984,1.0,drawdown
dd_p10_cp104,0.0876164375586086,1.0,drawdown
dd_p10_cp105,0.3590314876435059,1.0,drawdown
dd_p10_cp106,0.0473565490465262,1.0,drawdown
dd_p10_cp107,0.25813005765144226,1.0,drawdown
dd_p10_cp108,0.023578597221785458,1.0,drawdown
dd_p10_cp109,0.18149805924144857,1.0,drawdown
dd_p10_cp110,0.011026222564396448,1.0,drawdown
dd_p10_cp111,0.1505169506463062,1.0,drawdown
dd_p10_cp112,0.004912296007205441,1.0,drawdown
dd_p10_cp113,0.1631697707737203,1.0,drawdown
dd_p10_cp114,0.002101194474107615,1.0,drawdown
dd_p10_cp115,0.20823029778853197,1.0,drawdown
dd_p10_cp116,0.0008655230758449761,1.0,drawdown
dd_p10_cp117,0.26248100463817536,1.0,drawdown
dd_p10_cp118,0.000346891758908896,1.0,drawdown
dd_p10_cp119,0.28752685108042897,1.0,drawdown
dd_p10_cp120,0.00015061414387673722,1.0,drawdown
dd_p10_cp121,0.25190145594547175,1.0,drawdown
dd_p10_cp122,0.0001253937216461054,1.0,drawdown
dd_p10_cp123,0.1829966163638801,1.0,drawdown
dd_p10_cp124,0.00029013890298301703,1.0,drawdown
dd_p10_cp125,0.11458149079044233,1.0,drawdown
dd_p10_cp126,0.0009091108058782993,1.0,drawdown
dd_p10_cp127,0.06343319626489574,1.0,drawdown
dd_p10_cp128,0.002810923463130166,1.0,drawdown
dd_p10_cp129,0.03157230767214969,1.0,drawdown
dd_p10_cp130,0.008180995655948209,1.0,drawdown
dd_p10_cp131,0.01429488420853886,1.0,drawdown
dd_p10_cp132,0.022166522029237967,1.0,drawdown
dd_p10_cp133,0.005940069214602772,1.0,drawdown
dd_p10_cp134,0.05544400348890122,1.0,drawdown
dd_p10_cp135,0.0022820538540599955,1.0,drawdown
dd_p10_cp136,0.1267907226188072,1.0,drawdown
dd_p10_cp137,0.0008173987662303261,1.0,drawdown
dd_p10_cp138,0.2620241574636566,1.0,drawdown
dd_p10_cp139,0.00028134384547229274,1.0,drawdown
dd_p10_cp140,0.48232181618550385,1.0,drawdown
dd_p10_cp141,0.0001166174722584401,1.0,drawdown
dd_p10_cp142,0.775991356303166,1.0,drawdown
dd_p10_cp143,0.00012424526107679412,1.0,drawdown
dd_p10_cp144,1.0627081355073642,1.0,drawdown
dd_p10_cp145,0.00029969066508783726,1.0,drawdown
dd_p10_cp146,1.1940440889734418,1.0,drawdown
dd_p10_cp147,0.0008045393012707791,1.0,drawdown
dd_p10_cp148,1.0627081354477923,1.0,drawdown
dd_p10_cp149,0.002027458201155241,1.0,drawdown
dd_p10_cp150,0.7759913560589666,1.0,drawdown
dd_p10_cp151,0.004667583270475006,1.0,drawdown
dd_p10_cp152,0.4823218152523623,1.0,drawdown
dd_p10_cp153,0.009686601993507793,1.0,drawdown
dd_p10_cp154,0.262024154001665,1.0,drawdown
dd_p10_cp155,0.017868196419613014,1.0,drawdown
dd_p10_cp156,0.12679071021329946,1.0,drawdown
dd_p10_cp157,0.028843913066339155,1.0,drawdown
dd_p10_cp158,0.05544396068944479,1.0,drawdown
dd_p10_cp159,0.04019542647097296,1.0,drawdown
dd_p10_cp160,0.022166379776990652,1.0,drawdown
dd_p10_cp161,0.048394812976312096,1.0,drawdown
dd_p10_cp162,0.008180539383829455,1.0,drawdown
dd_p10_cp163,0.05265841265850213,1.0,drawdown
dd_p10_cp164,0.0028095085331187875,1.0,drawdown
dd_p10_cp165,0.05781400089199451,1.0,drawdown
dd_p10_cp166,0.0009048634810824296,1.0,drawdown
dd_p10_cp167,0.06972694467208385,1.0,drawdown
dd_p10_cp168,0.00027779130186900147,1.0,drawdown
dd_p10_cp169,0.08906477581558647,1.0,drawdown
dd_p10_cp170,9.061537775778561e-05,1.0,drawdown
dd_p10_cp171,0.10850686521462194,1.0,drawdown
dd_p10_cp172,5.557890244745067e-05,1.0,drawdown
dd_p10_cp173,0.11601269361676714,1.0,drawdown
dd_p10_cp174,9.420354717804003e-05,1.0,drawdown
dd_p10_cp175,0.10448854174023836,1.0,drawdown
dd_p10_cp176,0.00020947665734638576,1.0,drawdown
dd_p10_cp177,0.07947048966389048,1.0,drawdown
dd_p10_cp178,0.0004362145373306703,1.0,drawdown
dd_p10_cp179,0.05198184417304219,1.0,drawdown
dd_p10_cp180,0.0008014039526642591,1.0,drawdown
dd_p10_cp181,0.029824265692468543,1.0,drawdown
dd_p10_cp182,0.0012686593809121405,1.0,drawdown
dd_p10_cp183,0.015264443132764427,1.0,drawdown
dd_p10_cp184,0.00169413541607355,1.0,drawdown
dd_p10_cp185,0.007064069877969814,1.0,drawdown
dd_p10_cp186,0.0018716499821493926,1.0,drawdown
dd_p10_cp187,0.00298788414329465,1.0,drawdown
dd_p10_cp188,0.0016938716626100359,1.0,drawdown
dd_p10_cp189,0.0011651614734091709,1.0,drawdown
dd_p10_cp190,0.0012681383068411378,1.0,drawdown
dd_p10_cp191,0.00042194180696242256,1.0,drawdown
dd_p10_cp192,0.0008006365083019773,1.0,drawdown
dd_p10_cp193,0.00014276387332756713,1.0,drawdown
dd_p10_cp194,0.0004351156821940094,1.0,drawdown
dd_p10_cp195,4.5371166152108344e-05,1.0,drawdown
dd_p10_cp196,0.00020737989916597144,1.0,drawdown
dd_p10_cp197,1.3606673974209116e-05,1.0,drawdown
dd_p10_cp198,8.80769980540208e-05,1.0,drawdown
dd_p10_cp199,3.866462520818459e-06,1.0,drawdown
dd_p10_cp200,3.378613746463088e-05,1.0,drawdown
dd_p10_cp201,1.0447697604831774e-06,1.0,drawdown
dd_p10_cp202,1.1838720638479572e-05,1.0,drawdown
dd_p10_cp203,2.6922612050839234e-07,1.0,drawdown
dd_p10_cp204,3.825643489108188e-06,1.0,drawdown
dd_p10_cp205,6.62323600408854e-08,1.0,drawdown
dd_p10_cp206,1.1494207683426794e-06,1.0,drawdown
dd_p10_cp207,1.54641384142451e-08,1.0,drawdown
dd_p10_cp208,3.234217729186639e-07,1.0,drawdown
dd_p10_cp209,3.2966909202514216e-09,1.0,drawdown
dd_p10_cp210,8.585448085796088e-08,1.0,drawdown
dd_p10_cp211,4.934008757118136e-10,1.0,drawdown
dd_p11_cp0,0.01340929138041247,1.0,drawdown
dd_p11_cp1,7.689868652960286e-08,1.0,drawdown
dd_p11_cp2,0.02690112298932945,1.0,drawdown
dd_p11_cp3,2.1004188965889625e-07,1.0,drawdown
dd_p11_cp4,0.04866029266077021,1.0,drawdown
dd_p11_cp5,5.313704605214298e-07,1.0,drawdown
dd_p11_cp6,0.07855502698475902,1.0,drawdown
dd_p11_cp7,1.2334585335338488e-06,1.0,drawdown
dd_p11_cp8,0.1119864577149201,1.0,drawdown
dd_p11_cp9,2.6039424483315088e-06,1.0,drawdown
dd_p11_cp10,0.1395131347626375,1.0,drawdown
dd_p11_cp11,4.955811618856387e-06,1.0,drawdown
dd_p11_cp12,0.15043982208044326,1.0,drawdown
dd_p11_cp13,8.440245892415987e-06,1.0,drawdown
dd_p11_cp14,0.13957095424711952,1.0,drawdown
dd_p11_cp15,1.2833221262553707e-05,1.0,drawdown
dd_p11_cp16,0.11208939752532388,1.0,drawdown
dd_p11_cp17,1.762360716384137e-05,1.0,drawdown
dd_p11_cp18,0.07868114534676351,1.0,drawdown
dd_p11_cp19,2.279235104651889e-05,1.0,drawdown
dd_p11_cp20,0.04878667526418212,1.0,drawdown
dd_p11_cp21,3.014428102687816e-05,1.0,drawdown
dd_p11_cp22,0.027016249262032943,1.0,drawdown
dd_p11_cp23,4.4150227495265426e-05,1.0,drawdown
dd_p11_cp24,0.013529411263334623,1.0,drawdown
dd_p11_cp25,7.111397007975029e-05,1.0,drawdown
dd_p11_cp26,0.006287436711772898,1.0,drawdown
dd_p11_cp27,0.00011639504327831673,1.0,drawdown
dd_p11_cp28,0.0030565991282855975,1.0,drawdown
dd_p11_cp29,0.0001801053208509984,1.0,drawdown
dd_p11_cp30,0.0024684037944098236,1.0,drawdown
dd_p11_cp31,0.0002529044108996459,1.0,drawdown
dd_p11_cp32,0.004490546960823849,1.0,drawdown
dd_p11_cp33,0.0003156574725835526,1.0,drawdown
dd_p11_cp34,0.010888677133607416,1.0,drawdown
dd_p11_cp35,0.000346635746609536,1.0,drawdown
dd_p11_cp36,0.025950399485282105,1.0,drawdown
dd_p11_cp37,0.00033395438913430553,1.0,drawdown
dd_p11_cp38,0.05702740957713104,1.0,drawdown
dd_p11_cp39,0.0002832234013112611,1.0,drawdown
dd_p11_cp40,0.11328659472292202,1.0,drawdown
dd_p11_cp41,0.00021295111127983546,1.0,drawdown
dd_p11_cp42,0.20010134711856153,1.0,drawdown
dd_p11_cp43,0.0001431404607501463,1.0,drawdown
dd_p11_cp44,0.30830836245968385,1.0,drawdown
dd_p11_cp45,8.67239077706472e-05,1.0,drawdown
dd_p11_cp46,0.4054224956771577,1.0,drawdown
dd_p11_cp47,4.771927024194156e-05,1.0,drawdown
dd_p11_cp48,0.4456534581327105,1.0,drawdown
dd_p11_cp49,2.401095480308868e-05,1.0,drawdown
dd_p11_cp50,0.40567340137022256,1.0,drawdown
dd_p11_cp51,1.1117405392724322e-05,1.0,drawdown
dd_p11_cp52,0.3110164523209278,1.0,drawdown
dd_p11_cp53,4.7641078708693385e-06,1.0,drawdown
dd_p11_cp54,0.2102707533576904,1.0,drawdown
dd_p11_cp55,1.8999080566572957e-06,1.0,drawdown
dd_p11_cp56,0.14009876492764306,1.0,drawdown
dd_p11_cp57,7.093476597219706e-07,1.0,drawdown
dd_p11_cp58,0.11570093937052661,1.0,drawdown
dd_p11_cp59,2.503888936189469e-07,1.0,drawdown
dd_p11_cp60,0.13841903528464172,1.0,drawdown
dd_p11_cp61,8.588312994106673e-08,1.0,drawdown
dd_p11_cp62,0.20202614863364943,1.0,drawdown
dd_p11_cp63,3.135210135951638e-08,1.0,drawdown
dd_p11_cp64,0.29048272715454004,1.0,drawdown
dd_p11_cp65,1.5025761967990547e-08,1.0,drawdown
dd_p11_cp66,0.3725510568556274,1.0,drawdown
dd_p11_cp67,1.0782059689518064e-08,1.0,drawdown
dd_p11_cp68,0.40740223822763255,1.0,drawdown
dd_p11_cp69,9.591985872248188e-09,1.0,drawdown
dd_p11_cp70,0.37184351439782404,1.0,drawdown
dd_p11_cp71,8.565621101297438e-09,1.0,drawdown
dd_p11_cp72,0.2874859100672893,1.0,drawdown
dd_p11_cp73,7.060407369863242e-09,1.0,drawdown
dd_p11_cp74,0.19267972152238144,1.0,drawdown
dd_p11_cp75,5.250058165984228e-09,1.0,drawdown
dd_p11_cp76,0.11420727092468042,1.0,drawdown
dd_p11_cp77,3.493823896860704e-09,1.0,drawdown
dd_p11_cp78,0.060771221604454695,1.0,drawdown
dd_p11_cp79,2.0461357053136453e-09,1.0,drawdown
dd_p11_cp80,0.02935501542401653,1.0,drawdown
dd_p11_cp81,9.958966984413564e-10,1.0,drawdown
dd_p11_cp82,0.012984588735889702,1.0,drawdown
dd_p11_cp83,3.0877345125190914e-10,1.0,drawdown
dd_p11_cp84,0.029821589803759707,1.0,drawdown
dd_p11_cp85,0.026649072790633,1.0,drawdown
dd_p11_cp86,0.060359805793268606,1.0,drawdown
dd_p11_cp87,0.04985109877020477,1.0,drawdown
dd_p11_cp88,0.1101462537635598,1.0,drawdown
dd_p11_cp89,0.0845910278815154,1.0,drawdown
dd_p11_cp90,0.17941434690965252,1.0,drawdown
dd_p11_cp91,0.13010126510539521,1.0,drawdown
dd_p11_cp92,0.2581901314474635,1.0,drawdown
dd_p11_cp93,0.1830999747628539,1.0,drawdown
dd_p11_cp94,0.32470620328467703,1.0,drawdown
dd_p11_cp95,0.24298035681204055,1.0,drawdown
dd_p11_cp96,0.352300649060453,1.0,drawdown
dd_p11_cp97,0.31958429465089466,1.0,drawdown
dd_p11_cp98,0.3258202530291783,1.0,drawdown
dd_p11_cp99,0.4274064904898296,1.0,drawdown
dd_p11_cp100,0.26052005471410666,1.0,drawdown
dd_p11_cp101,0.5490925749420512,1.0,drawdown
dd_p11_cp102,0.18300583074233145,1.0,drawdown
dd_p11_cp103,0.6072593501962729,1.0,drawdown
dd_p11_cp104,0.11476406742576728,1.0,drawdown
dd_p11_cp105,0.5276725403057299,1.0,drawdown
dd_p11_cp106,0.06538866446589964,1.0,drawdown
dd_p11_cp107,0.3874486341305783,1.0,drawdown
dd_p11_cp108,0.03446417671557356,1.0,drawdown
dd_p11_cp109,0.27307695376953234,1.0,drawdown
dd_p11_cp110,0.017073179627914215,1.0,drawdown
dd_p11_cp111,0.21824811588271587,1.0,drawdown
dd_p11_cp112,0.008042642396503652,1.0,drawdown
dd_p11_cp113,0.22271549084393882,1.0,drawdown
dd_p11_cp114,0.0036265352578084276,1.0,drawdown
dd_p11_cp115,0.2712494355027957,1.0,drawdown
dd_p11_cp116,0.0015709505746599461,1.0,drawdown
dd_p11_cp117,0.33331697363701096,1.0,drawdown
dd_p11_cp118,0.000662760564864584,1.0,drawdown
dd_p11_cp119,0.3607288595451337,1.0,drawdown
dd_p11_cp120,0.0003052949896300561,1.0,drawdown
dd_p11_cp121,0.3168628807713958,1.0,drawdown
dd_p11_cp122,0.0002613534434203757,1.0,drawdown
dd_p11_cp123,0.23225523427549888,1.0,drawdown
dd_p11_cp124,0.0005712045754080464,1.0,drawdown
dd_p11_cp125,0.1477801512410224,1.0,drawdown
dd_p11_cp126,0.0016767206429904036,1.0,drawdown
dd_p11_cp127,0.08385387542239187,1.0,drawdown
dd_p11_cp128,0.004881770805695851,1.0,drawdown
dd_p11_cp129,0.043134194702133755,1.0,drawdown
dd_p11_cp130,0.01340757053139896,1.0,drawdown
dd_p11_cp131,0.020327817764155043,1.0,drawdown
dd_p11_cp132,0.03434256350510623,1.0,drawdown
dd_p11_cp133,0.008843491243624158,1.0,drawdown
dd_p11_cp134,0.08140900477019386,1.0,drawdown
dd_p11_cp135,0.0035742662694246974,1.0,drawdown
dd_p11_cp136,0.17709629389992187,1.0,drawdown
dd_p11_cp137,0.0013539329700051894,1.0,drawdown
dd_p11_cp138,0.3499910776199613,1.0,drawdown
dd_p11_cp139,0.0004996967679744557,1.0,drawdown
dd_p11_cp140,0.6203477548151568,1.0,drawdown
dd_p11_cp141,0.00023316609326684556,1.0,drawdown
dd_p11_cp142,0.9689922536354061,1.0,drawdown
dd_p11_cp143,0.00027282279916107655,1.0,drawdown
dd_p11_cp144,1.300648093080781,1.0,drawdown
dd_p11_cp145,0.0006378344694439875,1.0,drawdown
dd_p11_cp146,1.4494775531325104,1.0,drawdown
dd_p11_cp147,0.0016228356384999643,1.0,drawdown
dd_p11_cp148,1.3006480928097517,1.0,drawdown
dd_p11_cp149,0.0038829913141853467,1.0,drawdown
dd_p11_cp150,0.9689922525731163,1.0,drawdown
dd_p11_cp151,0.008516258799772913,1.0,drawdown
dd_p11_cp152,0.6203477510316588,1.0,drawdown
dd_p11_cp153,0.016905739072171855,1.0,drawdown
dd_p11_cp154,0.34999106471877894,1.0,drawdown
dd_p11_cp155,0.02998656492536611,1.0,drawdown
dd_p11_cp156,0.17709625171801235,1.0,drawdown
dd_p11_cp157,0.046878166095439155,1.0,drawdown
dd_p11_cp158,0.08140887227636995,1.0,drawdown
dd_p11_cp159,0.06388577227608039,1.0,drawdown
dd_p11_cp160,0.03434216233790721,1.0,drawdown
dd_p11_cp161,0.07612199140294251,1.0,drawdown
dd_p11_cp162,0.013406394198682392,1.0,drawdown
dd_p11_cp163,0.08255213642246417,1.0,drawdown
dd_p11_cp164,0.004878414151335164,1.0,drawdown
dd_p11_cp165,0.08919814294154094,1.0,drawdown
dd_p11_cp166,0.0016673643135618477,1.0,drawdown
dd_p11_cp167,0.10351007938538714,1.0,drawdown
dd_p11_cp168,0.0005456783578665636,1.0,drawdown
dd_p11_cp169,0.12644383506403756,1.0,drawdown
dd_p11_cp170,0.00019316888892717543,1.0,drawdown
dd_p11_cp171,0.14911894889951327,1.0,drawdown
dd_p11_cp172,0.00012703445827355608,1.0,drawdown
dd_p11_cp173,0.15713783722458174,1.0,drawdown
dd_p11_cp174,0.00020670987123594387,1.0,drawdown
dd_p11_cp175,0.14194692712385404,1.0,drawdown
dd_p11_cp176,0.00042989954044969636,1.0,drawdown
dd_p11_cp177,0.10980972407514855,1.0,drawdown
dd_p11_cp178,0.0008427651878264442,1.0,drawdown
dd_p11_cp179,0.07379940214013914,1.0,drawdown
dd_p11_cp180,0.001469213927975943,1.0,drawdown
dd_p11_cp181,0.04381622208325098,1.0,drawdown
dd_p11_cp182,0.0022295238777587656,1.0,drawdown
dd_p11_cp183,0.0233296441042512,1.0,drawdown
dd_p11_cp184,0.0028935904006175406,1.0,drawdown
dd_p11_cp185,0.011279072382649247,1.0,drawdown
dd_p11_cp186,0.0031635940358683,1.0,drawdown
dd_p11_cp187,0.0050015331580652855,1.0,drawdown
dd_p11_cp188,0.002892911923026986,1.0,drawdown
dd_p11_cp189,0.002050914861911224,1.0,drawdown
dd_p11_cp190,0.0022281951901277353,1.0,drawdown
dd_p11_cp191,0.0007829529602076946,1.0,drawdown
dd_p11_cp192,0.001467266008603474,1.0,drawdown
dd_p11_cp193,0.00027985603514935065,1.0,drawdown
dd_p11_cp194,0.0008399699117944692,1.0,drawdown
dd_p11_cp195,9.411675546289189e-05,1.0,drawdown
dd_p11_cp196,0.0004246597100063809,1.0,drawdown
dd_p11_cp197,2.9908196438555024e-05,1.0,drawdown
dd_p11_cp198,0.00019224258494432434,1.0,drawdown
dd_p11_cp199,9.014693432618515e-06,1.0,drawdown
dd_p11_cp200,7.886028924986022e-05,1.0,drawdown
dd_p11_cp201,2.585909896879457e-06,1.0,drawdown
dd_p11_cp202,2.9613257083838107e-05,1.0,drawdown
dd_p11_cp203,7.080261639202945e-07,1.0,drawdown
dd_p11_cp204,1.0268709047522862e-05,1.0,drawdown
dd_p11_cp205,1.8543937585491221e-07,1.0,drawdown
dd_p11_cp206,3.3128808354376815e-06,1.0,drawdown
dd_p11_cp207,4.6456307245534845e-08,1.0,drawdown
dd_p11_cp208,1.0009284778789151e-06,1.0,drawdown
dd_p11_cp209,1.1031261237803847e-08,1.0,drawdown
dd_p11_cp210,2.849119482561946e-07,1.0,drawdown
dd_p11_cp211,2.3549091565655544e-09,1.0,drawdown
dd_p12_cp0,0.01926946477851743,1.0,drawdown
dd_p12_cp1,2.3187340048025362e-07,1.0,drawdown
dd_p12_cp2,0.03687960073921204,1.0,drawdown
dd_p12_cp3,5.990636964270379e-07,1.0,drawdown
dd_p12_cp4,0.06399840295398462,1.0,drawdown
dd_p12_cp5,1.4339111658046022e-06,1.0,drawdown
dd_p12_cp6,0.09987238490657546,1.0,drawdown
dd_p12_cp7,3.1563899938191753e-06,1.0,drawdown
dd_p12_cp8,0.1389585845113288,1.0,drawdown
dd_p12_cp9,6.342469987430377e-06,1.0,drawdown
dd_p12_cp10,0.17077034847397954,1.0,drawdown
dd_p12_cp11,1.1552198429853888e-05,1.0,drawdown
dd_p12_cp12,0.18342379225623517,1.0,drawdown
dd_p12_cp13,1.8975201328430558e-05,1.0,drawdown
dd_p12_cp14,0.17086919067605777,1.0,drawdown
dd_p12_cp15,2.8125667540734867e-05,1.0,drawdown
dd_p12_cp16,0.13913497518160511,1.0,drawdown
dd_p12_cp17,3.8169633171492023e-05,1.0,drawdown
dd_p12_cp18,0.10009021083897096,1.0,drawdown
dd_p12_cp19,4.941706674799207e-05,1.0,drawdown
dd_p12_cp20,0.06422099612746024,1.0,drawdown
dd_p12_cp21,6.554209630849073e-05,1.0,drawdown
dd_p12_cp22,0.037091032885655295,1.0,drawdown
dd_p12_cp23,9.473525960856932e-05,1.0,drawdown
dd_p12_cp24,0.019505069747538073,1.0,drawdown
dd_p12_cp25,0.00014788278394917143,1.0,drawdown
dd_p12_cp26,0.009610656915810978,1.0,drawdown
dd_p12_cp27,0.00023337122956945677,1.0,drawdown
dd_p12_cp28,0.005056390540175926,1.0,drawdown
dd_p12_cp29,0.00034967570263688685,1.0,drawdown
dd_p12_cp30,0.004373466616470978,1.0,drawdown
dd_p12_cp31,0.0004790659791069629,1.0,drawdown
dd_p12_cp32,0.0077546092552438495,1.0,drawdown
dd_p12_cp33,0.0005884159559172986,1.0,drawdown
dd_p12_cp34,0.017729040367157722,1.0,drawdown
dd_p12_cp35,0.0006417365548259113,1.0,drawdown
dd_p12_cp36,0.039905309043660964,1.0,drawdown
dd_p12_cp37,0.0006197038178470393,1.0,drawdown
dd_p12_cp38,0.08309495393086763,1.0,drawdown
dd_p12_cp39,0.0005312315120136191,1.0,drawdown
dd_p12_cp40,0.15694577749900418,1.0,drawdown
dd_p12_cp41,0.00040666021459401236,1.0,drawdown
dd_p12_cp42,0.26480831730668797,1.0,drawdown
dd_p12_cp43,0.00028002322687825654,1.0,drawdown
dd_p12_cp44,0.39257915951066025,1.0,drawdown
dd_p12_cp45,0.00017473180650995346,1.0,drawdown
dd_p12_cp46,0.5024481840723638,1.0,drawdown
dd_p12_cp47,9.948443994289846e-05,1.0,drawdown
dd_p12_cp48,0.5467471885326631,1.0,drawdown
dd_p12_cp49,5.2007148042321205e-05,1.0,drawdown
dd_p12_cp50,0.5029522997288041,1.0,drawdown
dd_p12_cp51,2.51053520514688e-05,1.0,drawdown
dd_p12_cp52,0.3967293899700053,1.0,drawdown
dd_p12_cp53,1.1249610906816088e-05,1.0,drawdown
dd_p12_cp54,0.27951560639985473,1.0,drawdown
dd_p12_cp55,4.70267286800663e-06,1.0,drawdown
dd_p12_cp56,0.19432035319732677,1.0,drawdown
dd_p12_cp57,1.8439609448250849e-06,1.0,drawdown
dd_p12_cp58,0.1622207693631026,1.0,drawdown
dd_p12_cp59,6.841382855782285e-07,1.0,drawdown
dd_p12_cp60,0.18698156561549695,1.0,drawdown
dd_p12_cp61,2.4583096092101187e-07,1.0,drawdown
dd_p12_cp62,0.2609894770016581,1.0,drawdown
dd_p12_cp63,9.218047125614248e-08,1.0,drawdown
dd_p12_cp64,0.36386962069491346,1.0,drawdown
dd_p12_cp65,4.3096406443510205e-08,1.0,drawdown
dd_p12_cp66,0.4584913000958295,1.0,drawdown
dd_p12_cp67,2.9159309633541852e-08,1.0,drawdown
dd_p12_cp68,0.4984420029466037,1.0,drawdown
dd_p12_cp69,2.505998963897582e-08,1.0,drawdown
dd_p12_cp70,0.4572611104945281,1.0,drawdown
dd_p12_cp71,2.2251697373576462e-08,1.0,drawdown
dd_p12_cp72,0.35889915591201316,1.0,drawdown
dd_p12_cp73,1.8535274648456834e-08,1.0,drawdown
dd_p12_cp74,0.24615781326383512,1.0,drawdown
dd_p12_cp75,1.4078068488743156e-08,1.0,drawdown
dd_p12_cp76,0.15027791569650617,1.0,drawdown
dd_p12_cp77,9.6856638265308e-09,1.0,drawdown
dd_p12_cp78,0.0828279904262672,1.0,drawdown
dd_p12_cp79,6.013806341798045e-09,1.0,drawdown
dd_p12_cp80,0.04165521833283492,1.0,drawdown
dd_p12_cp81,3.3305695978924632e-09,1.0,drawdown
dd_p12_cp82,0.01927101062847214,1.0,drawdown
dd_p12_cp83,1.5772911865497008e-09,1.0,drawdown
dd_p12_cp84,0.04069413188835824,1.0,drawdown
dd_p12_cp85,0.03809671008684745,1.0,drawdown
dd_p12_cp86,0.07857457669342693,1.0,drawdown
dd_p12_cp87,0.06914508238764938,1.0,drawdown
dd_p12_cp88,0.1377055872276287,1.0,drawdown
dd_p12_cp89,0.11489413872936893,1.0,drawdown
dd_p12_cp90,0.2174343451074492,1.0,drawdown
dd_p12_cp91,0.17507611266751155,1.0,drawdown
dd_p12_cp92,0.3068464830621451,1.0,drawdown
dd_p12_cp93,0.24755190554537876,1.0,drawdown
dd_p12_cp94,0.3828042788845778,1.0,drawdown
dd_p12_cp95,0.33406349955407677,1.0,drawdown
dd_p12_cp96,0.41501999242063903,1.0,drawdown
dd_p12_cp97,0.44678950975117004,1.0,drawdown
dd_p12_cp98,0.3845367094299945,1.0,drawdown
dd_p12_cp99,0.5981541327826108,1.0,drawdown
dd_p12_cp100,0.31041321312795844,1.0,drawdown
dd_p12_cp101,0.7586065730929477,1.0,drawdown
dd_p12_cp102,0.22283253124123803,1.0,drawdown
dd_p12_cp103,0.8312128525897151,1.0,drawdown
dd_p12_cp104,0.1445486095817614,1.0,drawdown
dd_p12_cp105,0.7313944539957902,1.0,drawdown
dd_p12_cp106,0.08598936656562728,1.0,drawdown
dd_p12_cp107,0.5483738268248999,1.0,drawdown
dd_p12_cp108,0.04758543582465791,1.0,drawdown
dd_p12_cp109,0.3903331971471289,1.0,drawdown
dd_p12_cp110,0.02480386045499472,1.0,drawdown
dd_p12_cp111,0.3055882537007619,1.0,drawdown
dd_p12_cp112,0.012289336808862572,1.0,drawdown
dd_p12_cp113,0.29760687559746657,1.0,drawdown
dd_p12_cp114,0.005818605191052484,1.0,drawdown
dd_p12_cp115,0.34699849964476925,1.0,drawdown
dd_p12_cp116,0.002642977676259761,1.0,drawdown
dd_p12_cp117,0.4142184202860335,1.0,drawdown
dd_p12_cp118,0.001171105003777484,1.0,drawdown
dd_p12_cp119,0.4417186495613805,1.0,drawdown
dd_p12_cp120,0.0005705238381779054,1.0,drawdown
dd_p12_cp121,0.38985371107446554,1.0,drawdown
dd_p12_cp122,0.0005005415232517407,1.0,drawdown
dd_p12_cp123,0.2894110440215627,1.0,drawdown
dd_p12_cp124,0.0010383251410530647,1.0,drawdown
dd_p12_cp125,0.18714954825350105,1.0,drawdown
dd_p12_cp126,0.002869487716907315,1.0,drawdown
dd_p12_cp127,0.10839308094909939,1.0,drawdown
dd_p12_cp128,0.00790784156333757,1.0,drawdown
dd_p12_cp129,0.05724165314950369,1.0,drawdown
dd_p12_cp130,0.020613118630990357,1.0,drawdown
dd_p12_cp131,0.027865250762943106,1.0,drawdown
dd_p12_cp132,0.050228908109602344,1.0,drawdown
dd_p12_cp133,0.012593456885042542,1.0,drawdown
dd_p12_cp134,0.11361059833870968,1.0,drawdown
dd_p12_cp135,0.005314514485462496,1.0,drawdown
dd_p12_cp136,0.236755065581292,1.0,drawdown
dd_p12_cp137,0.0021145786745364603,1.0,drawdown
dd_p12_cp138,0.45045159976370996,1.0,drawdown
dd_p12_cp139,0.000833003434991042,1.0,drawdown
dd_p12_cp140,0.7731499417500345,1.0,drawdown
dd_p12_cp141,0.0004342719050782762,1.0,drawdown
dd_p12_cp142,1.1771603085830975,1.0,drawdown
dd_p12_cp143,0.0005467350376875402,1.0,drawdown
dd_p12_cp144,1.5520054854800946,1.0,drawdown
dd_p12_cp145,0.001239823374817206,1.0,drawdown
dd_p12_cp146,1.7167486913613175,1.0,drawdown
dd_p12_cp147,0.003006417312690246,1.0,drawdown
dd_p12_cp148,1.5520054843823345,1.0,drawdown
dd_p12_cp149,0.006866789711011734,1.0,drawdown
dd_p12_cp150,1.177160304521749,1.0,drawdown
dd_p12_cp151,0.014418221458527114,1.0,drawdown
dd_p12_cp152,0.7731499283086123,1.0,drawdown
dd_p12_cp153,0.02749839934699594,1.0,drawdown
dd_p12_cp154,0.45045155746856835,1.0,drawdown
dd_p12_cp155,0.04707902149493748,1.0,drawdown
dd_p12_cp156,0.23675493836026362,1.0,drawdown
dd_p12_cp157,0.07149942858154645,1.0,drawdown
dd_p12_cp158,0.11361023141716942,1.0,drawdown
dd_p12_cp159,0.09551765775086096,1.0,drawdown
dd_p12_cp160,0.050227888053086645,1.0,drawdown
dd_p12_cp161,0.11280067397046878,1.0,drawdown
dd_p12_cp162,0.020610365763332084,1.0,drawdown
dd_p12_cp163,0.12208042051156553,1.0,drawdown
dd_p12_cp164,0.007900572016296792,1.0,drawdown
dd_p12_cp165,0.1304770824260686,1.0,drawdown
dd_p12_cp166,0.0028505748032330303,1.0,drawdown
dd_p12_cp167,0.14700826662601685,1.0,drawdown
dd_p12_cp168,0.0009896633127937093,1.0,drawdown
dd_p12_cp169,0.17311039143669404,1.0,drawdown
dd_p12_cp170,0.000376705852431769,1.0,drawdown
dd_p12_cp171,0.19855664747865376,1.0,drawdown
dd_p12_cp172,0.0002596309714135714,1.0,drawdown
dd_p12_cp173,0.2065033603973916,1.0,drawdown
dd_p12_cp174,0.0004040229655402072,1.0,drawdown
dd_p12_cp175,0.18668470715533658,1.0,drawdown
dd_p12_cp176,0.0007912624992059136,1.0,drawdown
dd_p12_cp177,0.14625707811455868,1.0,drawdown
dd_p12_cp178,0.0014719840391990147,1.0,drawdown
dd_p12_cp179,0.10049742899764169,1.0,drawdown
dd_p12_cp180,0.0024541836628486635,1.0,drawdown
dd_p12_cp181,0.06144503100949805,1.0,drawdown
dd_p12_cp182,0.0035947121555182093,1.0,drawdown
dd_p12_cp183,0.033871103575393136,1.0,drawdown
dd_p12_cp184,0.004557219343041652,1.0,drawdown
dd_p12_cp185,0.017022839587070848,1.0,drawdown
dd_p12_cp186,0.0049405468012082565,1.0,drawdown
dd_p12_cp187,0.007872492836668243,1.0,drawdown
dd_p12_cp188,0.004555671529033134,1.0,drawdown
dd_p12_cp189,0.003375863871042384,1.0,drawdown
dd_p12_cp190,0.003591695358409197,1.0,drawdown
dd_p12_cp191,0.0013508410306712904,1.0,drawdown
dd_p12_cp192,0.0024497622830494947,1.0,drawdown
dd_p12_cp193,0.0005070967754363664,1.0,drawdown
dd_p12_cp194,0.001465605928842706,1.0,drawdown
dd_p12_cp195,0.00017940464977073134,1.0,drawdown
dd_p12_cp196,0.000779461429829098,1.0,drawdown
dd_p12_cp197,6.005744671711e-05,1.0,drawdown
dd_p12_cp198,0.0003729903710336657,1.0,drawdown
dd_p12_cp199,1.909081697704096e-05,1.0,drawdown
dd_p12_cp200,0.0001622985373614938,1.0,drawdown
dd_p12_cp201,5.780653964393423e-06,1.0,drawdown
dd_p12_cp202,6.480732781710685e-05,1.0,drawdown
dd_p12_cp203,1.6720332496333867e-06,1.0,drawdown
dd_p12_cp204,2.3937198875501053e-05,1.0,drawdown
dd_p12_cp205,4.630892362911254e-07,1.0,drawdown
dd_p12_cp206,8.234930191974854e-06,1.0,drawdown
dd_p12_cp207,1.2299324225750752e-07,1.0,drawdown
dd_p12_cp208,2.654669060575543e-06,1.0,drawdown
dd_p12_cp209,3.1277068046620116e-08,1.0,drawdown
dd_p12_cp210,8.062470442382619e-07,1.0,drawdown
dd_p12_cp211,7.508788257837296e-09,1.0,drawdown
dd_p13_cp0,0.026315863894524227,1.0,drawdown
dd_p13_cp1,6.108157322159968e-07,1.0,drawdown
dd_p13_cp2,0.04840266919154601,1.0,drawdown
dd_p13_cp3,1.4988772818469442e-06,1.0,drawdown
dd_p13_cp4,0.0812288993220136,1.0,drawdown
dd_p13_cp5,3.413100785110146e-06,1.0,drawdown
dd_p13_cp6,0.12356400489125008,1.0,drawdown
dd_p13_cp7,7.1670265242573805e-06,1.0,drawdown
dd_p13_cp8,0.1690959386828581,1.0,drawdown
dd_p13_cp9,1.3792171557724942e-05,1.0,drawdown
dd_p13_cp10,0.20611698284710656,1.0,drawdown
dd_p13_cp11,2.4189949272113154e-05,1.0,drawdown
dd_p13_cp12,0.22092979428634862,1.0,drawdown
dd_p13_cp13,3.854905526168295e-05,1.0,drawdown
dd_p13_cp14,0.20627611687859826,1.0,drawdown
dd_p13_cp15,5.599537098532892e-05,1.0,drawdown
dd_p13_cp16,0.16938081553053053,1.0,drawdown
dd_p13_cp17,7.538678391938447e-05,1.0,drawdown
dd_p13_cp18,0.12391890217031687,1.0,drawdown
dd_p13_cp19,9.787476574274478e-05,1.0,drawdown
dd_p13_cp20,0.08159897249652204,1.0,drawdown
dd_p13_cp21,0.0001302773066527152,1.0,drawdown
dd_p13_cp22,0.048768825256956916,1.0,drawdown
dd_p13_cp23,0.00018641971473698504,1.0,drawdown
dd_p13_cp24,0.0267474091369877,1.0,drawdown
dd_p13_cp25,0.0002836128210219613,1.0,drawdown
dd_p13_cp26,0.013897819228077424,1.0,drawdown
dd_p13_cp27,0.0004338108669799112,1.0,drawdown
dd_p13_cp28,0.007865923644658324,1.0,drawdown
dd_p13_cp29,0.0006318895871118002,1.0,drawdown
dd_p13_cp30,0.0072114270778911305,1.0,drawdown
dd_p13_cp31,0.0008469507843074098,1.0,drawdown
dd_p13_cp32,0.01247353734288481,1.0,drawdown
dd_p13_cp33,0.00102544301398666,1.0,drawdown
dd_p13_cp34,0.02702455908911361,1.0,drawdown
dd_p13_cp35,0.0011113373748230515,1.0,drawdown
dd_p13_cp36,0.05771283268541083,1.0,drawdown
dd_p13_cp37,0.0010750428314167948,1.0,drawdown
dd_p13_cp38,0.11438219277488315,1.0,drawdown
dd_p13_cp39,0.0009299985781581199,1.0,drawdown
dd_p13_cp40,0.20634061713326446,1.0,drawdown
dd_p13_cp41,0.0007230566075122624,1.0,drawdown
dd_p13_cp42,0.33415575528442787,1.0,drawdown
dd_p13_cp43,0.0005084720714876312,1.0,drawdown
dd_p13_cp44,0.4790542064870351,1.0,drawdown
dd_p13_cp45,0.0003255763758716057,1.0,drawdown
dd_p13_cp46,0.5995555610957126,1.0,drawdown
dd_p13_cp47,0.00019101638190477388,1.0,drawdown
dd_p13_cp48,0.6474412720522196,1.0,drawdown
dd_p13_cp49,0.00010328250709790154,1.0,drawdown
dd_p13_cp50,0.6004487822915507,1.0,drawdown
dd_p13_cp51,5.173626641408191e-05,1.0,drawdown
dd_p13_cp52,0.485102634445866,1.0,drawdown
dd_p13_cp53,2.4124670289893402e-05,1.0,drawdown
dd_p13_cp54,0.3545024465033748,1.0,drawdown
dd_p13_cp55,1.0520127034396864e-05,1.0,drawdown
dd_p13_cp56,0.2564046834313558,1.0,drawdown
dd_p13_cp57,4.311989414418349e-06,1.0,drawdown
dd_p13_cp58,0.21742657883032734,1.0,drawdown
dd_p13_cp59,1.6748667803767603e-06,1.0,drawdown
dd_p13_cp60,0.24433858624934146,1.0,drawdown
dd_p13_cp61,6.296263563854154e-07,1.0,drawdown
dd_p13_cp62,0.3288012319799236,1.0,drawdown
dd_p13_cp63,2.4428891265415587e-07,1.0,drawdown
dd_p13_cp64,0.44657333865461624,1.0,drawdown
dd_p13_cp65,1.1388192433514632e-07,1.0,drawdown
dd_p13_cp66,0.5547069946751435,1.0,drawdown
dd_p13_cp67,7.393919077003375e-08,1.0,drawdown
dd_p13_cp68,0.600295606453983,1.0,drawdown
dd_p13_cp69,6.144136932562105e-08,1.0,drawdown
dd_p13_cp70,0.552724298895555,1.0,drawdown
dd_p13_cp71,5.40017026651185e-08,1.0,drawdown
dd_p13_cp72,0.43890213342115203,1.0,drawdown
dd_p13_cp73,4.523667485045735e-08,1.0,drawdown
dd_p13_cp74,0.3068101431533705,1.0,drawdown
dd_p13_cp75,3.489890332275536e-08,1.0,drawdown
dd_p13_cp76,0.19210529618953842,1.0,drawdown
dd_p13_cp77,2.4593646230641752e-08,1.0,drawdown
dd_p13_cp78,0.10916802653468949,1.0,drawdown
dd_p13_cp79,1.5816794984857552e-08,1.0,drawdown
dd_p13_cp80,0.056864180609636605,1.0,drawdown
dd_p13_cp81,9.269115253118798e-09,1.0,drawdown
dd_p13_cp82,0.02735707812689725,1.0,drawdown
dd_p13_cp83,4.902858563582413e-09,1.0,drawdown
dd_p13_cp84,0.05318382370205654,1.0,drawdown
dd_p13_cp85,0.05241129996670679,1.0,drawdown
dd_p13_cp86,0.09884066994754903,1.0,drawdown
dd_p13_cp87,0.09280584542216275,1.0,drawdown
dd_p13_cp88,0.16805716619956002,1.0,drawdown
dd_p13_cp89,0.15170755177859974,1.0,drawdown
dd_p13_cp90,0.26002132654184607,1.0,drawdown
dd_p13_cp91,0.22973950904452067,1.0,drawdown
dd_p13_cp92,0.36336635737779943,1.0,drawdown
dd_p13_cp93,0.32633020069624763,1.0,drawdown
dd_p13_cp94,0.45248560900517987,1.0,drawdown
dd_p13_cp95,0.44544650663260654,1.0,drawdown
dd_p13_cp96,0.49096638160335715,1.0,drawdown
dd_p13_cp97,0.6004284422890578,1.0,drawdown
dd_p13_cp98,0.45503233473573346,1.0,drawdown
dd_p13_cp99,0.7998565976265581,1.0,drawdown
dd_p13_cp100,0.3685404548355109,1.0,drawdown
dd_p13_cp101,1.0008277953743345,1.0,drawdown
dd_p13_cp102,0.26773152001078415,1.0,drawdown
dd_p13_cp103,1.0878741537569567,1.0,drawdown
dd_p13_cp104,0.17771470292245795,1.0,drawdown
dd_p13_cp105,0.9675709232903955,1.0,drawdown
dd_p13_cp106,0.10926285101277244,1.0,drawdown
dd_p13_cp107,0.7399846470354987,1.0,drawdown
dd_p13_cp108,0.06292890824670394,1.0,drawdown
dd_p13_cp109,0.5341184885658095,1.0,drawdown
dd_p13_cp110,0.034265310908267566,1.0,drawdown
dd_p13_cp111,0.4141739090448482,1.0,drawdown
dd_p13_cp112,0.0177546324684954,1.0,drawdown
dd_p13_cp113,0.3887831962729251,1.0,drawdown
dd_p13_cp114,0.008788565853137698,1.0,drawdown
dd_p13_cp115,0.43467416782164037,1.0,drawdown
dd_p13_cp116,0.004172592163286026,1.0,drawdown
dd_p13_cp117,0.5035745122431763,1.0,drawdown
dd_p13_cp118,0.0019371811649762094,1.0,drawdown
dd_p13_cp119,0.5297972441776437,1.0,drawdown
dd_p13_cp120,0.000995043998955225,1.0,drawdown
dd_p13_cp121,0.4687769927709269,1.0,drawdown
dd_p13_cp122,0.0008925603042371222,1.0,drawdown
dd_p13_cp123,0.35262847730928115,1.0,drawdown
dd_p13_cp124,0.0017658524329817737,1.0,drawdown
dd_p13_cp125,0.23213623616743462,1.0,drawdown
dd_p13_cp126,0.004616069868916384,1.0,drawdown
dd_p13_cp127,0.13722041325308965,1.0,drawdown
dd_p13_cp128,0.012099402883904986,1.0,drawdown
dd_p13_cp129,0.07418824844626215,1.0,drawdown
dd_p13_cp130,0.030092323770531948,1.0,drawdown
dd_p13_cp131,0.03712511216508574,1.0,drawdown
dd_p13_cp132,0.07014928148055333,1.0,drawdown
dd_p13_cp133,0.017327088811271096,1.0,drawdown
dd_p13_cp134,0.15226044690962226,1.0,drawdown
dd_p13_cp135,0.007587508205006088,1.0,drawdown
dd_p13_cp136,0.3056224722427032,1.0,drawdown
dd_p13_cp137,0.0031531706338228105,1.0,drawdown
dd_p13_cp138,0.5625115584598461,1.0,drawdown
dd_p13_cp139,0.001320738637332397,1.0,drawdown
dd_p13_cp140,0.9385457235057402,1.0,drawdown
dd_p13_cp141,0.0007626423473539035,1.0,drawdown
dd_p13_cp142,1.3968866855957458,1.0,drawdown
dd_p13_cp143,0.0010153350958717056,1.0,drawdown
dd_p13_cp144,1.8131789869235035,1.0,drawdown
dd_p13_cp145,0.0022346236983139534,1.0,drawdown
dd_p13_cp146,1.9940190956349397,1.0,drawdown
dd_p13_cp147,0.005186135549593018,1.0,drawdown
dd_p13_cp148,1.8131789830395064,1.0,drawdown
dd_p13_cp149,0.011352306673643398,1.0,drawdown
dd_p13_cp150,1.3968866720297228,1.0,drawdown
dd_p13_cp151,0.02290213499645688,1.0,drawdown
dd_p13_cp152,0.9385456815548423,1.0,drawdown
dd_p13_cp153,0.04209935628546191,1.0,drawdown
dd_p13_cp154,0.5625114355611913,1.0,drawdown
dd_p13_cp155,0.06976954076912989,1.0,drawdown
dd_p13_cp156,0.3056221288961751,1.0,drawdown
dd_p13_cp157,0.10320061035872641,1.0,drawdown
dd_p13_cp158,0.15225952859509562,1.0,drawdown
dd_p13_cp159,0.1354414607826584,1.0,drawdown
dd_p13_cp160,0.0701469154496408,1.0,drawdown
dd_p13_cp161,0.15876302721858337,1.0,drawdown
dd_p13_cp162,0.03008639789004519,1.0,drawdown
dd_p13_cp163,0.1717090379943329,1.0,drawdown
dd_p13_cp164,0.012084818993116642,1.0,drawdown
dd_p13_cp165,0.18238024150628007,1.0,drawdown
dd_p13_cp166,0.004580451025503862,1.0,drawdown
dd_p13_cp167,0.20126846249468144,1.0,drawdown
dd_p13_cp168,0.0016790195122666773,1.0,drawdown
dd_p13_cp169,0.2304239435807176,1.0,drawdown
dd_p13_cp170,0.0006812787614762783,1.0,drawdown
dd_p13_cp171,0.25837771867122683,1.0,drawdown
dd_p13_cp172,0.0004844465975111234,1.0,drawdown
dd_p13_cp173,0.26561472970456634,1.0,drawdown
dd_p13_cp174,0.0007204968565019954,1.0,drawdown
dd_p13_cp175,0.23995358674733325,1.0,drawdown
dd_p13_cp176,0.0013363853990995267,1.0,drawdown
dd_p13_cp177,0.1896612532070776,1.0,drawdown
dd_p13_cp178,0.0023741317954772967,1.0,drawdown
dd_p13_cp179,0.13258671702328684,1.0,drawdown
dd_p13_cp180,0.0038087618545432633,1.0,drawdown
dd_p13_cp181,0.08305445068413064,1.0,drawdown
dd_p13_cp182,0.0054135178552314756,1.0,drawdown
dd_p13_cp183,0.047168718235298,1.0,drawdown
dd_p13_cp184,0.006729824864578404,1.0,drawdown
dd_p13_cp185,0.024528623862352106,1.0,drawdown
dd_p13_cp186,0.007245469523695647,1.0,drawdown
dd_p13_cp187,0.011776670339258999,1.0,drawdown
dd_p13_cp188,0.0067266114474477945,1.0,drawdown
dd_p13_cp189,0.005256852883348984,1.0,drawdown
dd_p13_cp190,0.005407267489317746,1.0,drawdown
dd_p13_cp191,0.002194495865751378,1.0,drawdown
dd_p13_cp192,0.003799580108079681,1.0,drawdown
dd_p13_cp193,0.0008610352722371317,1.0,drawdown
dd_p13_cp194,0.0023608026203874033,1.0,drawdown
dd_p13_cp195,0.00031889938168205845,1.0,drawdown
dd_p13_cp196,0.001311998155870242,1.0,drawdown
dd_p13_cp197,0.00011190858595000464,1.0,drawdown
dd_p13_cp198,0.0006590981633962656,1.0,drawdown
dd_p13_cp199,3.733284006557369e-05,1.0,drawdown
dd_p13_cp200,0.00030213479340091,1.0,drawdown
dd_p13_cp201,1.187473958452756e-05,1.0,drawdown
dd_p13_cp202,0.0001274319265576196,1.0,drawdown
dd_p13_cp203,3.610928388297907e-06,1.0,drawdown
dd_p13_cp204,4.981137999493512e-05,1.0,drawdown
dd_p13_cp205,1.0522026059334166e-06,1.0,drawdown
dd_p13_cp206,1.8159802493755706e-05,1.0,drawdown
dd_p13_cp207,2.9436591830744874e-07,1.0,drawdown
dd_p13_cp208,6.209519597177859e-06,1.0,drawdown
dd_p13_cp209,7.91194452176569e-08,1.0,drawdown
dd_p13_cp210,2.001396751438733e-06,1.0,drawdown
dd_p13_cp211,2.035562829405535e-08,1.0,drawdown
dd_p14_cp0,0.03458265711014974,1.0,drawdown
dd_p14_cp1,1.4372421901498456e-06,1.0,drawdown
dd_p14_cp2,0.0615814794086873,1.0,drawdown
dd_p14_cp3,3.365195880178362e-06,1.0,drawdown
dd_p14_cp4,0.10073233008142779,1.0,drawdown
dd_p14_cp5,7.326786089834059e-06,1.0,drawdown
dd_p14_cp6,0.15052416950402403,1.0,drawdown
dd_p14_cp7,1.4753527011635015e-05,1.0,drawdown
dd_p14_cp8,0.2039066592042218,1.0,drawdown
dd_p14_cp9,2.7334688638802618e-05,1.0,drawdown
dd_p14_cp10,0.2474945190847393,1.0,drawdown
dd_p14_cp11,4.6406654291786253e-05,1.0,drawdown
dd_p14_cp12,0.26503032682967387,1.0,drawdown
dd_p14_cp13,7.210359672171762e-05,1.0,drawdown
dd_p14_cp14,0.247737787557071,1.0,drawdown
dd_p14_cp15,0.00010307602542525274,1.0,drawdown
dd_p14_cp16,0.2043438111991236,1.0,drawdown
dd_p14_cp17,0.00013806411379846395,1.0,drawdown
dd_p14_cp18,0.15107401730347192,1.0,drawdown
dd_p14_cp19,0.00017992186758419848,1.0,drawdown
dd_p14_cp20,0.10131777307969969,1.0,drawdown
dd_p14_cp21,0.00024034392617977574,1.0,drawdown
dd_p14_cp22,0.062183985010960896,1.0,drawdown
dd_p14_cp23,0.00034109524631276145,1.0,drawdown
dd_p14_cp24,0.03532712362584789,1.0,drawdown
dd_p14_cp25,0.0005078195667920227,1.0,drawdown
dd_p14_cp26,0.01924887160430444,1.0,drawdown
dd_p14_cp27,0.000756108026507718,1.0,drawdown
dd_p14_cp28,0.011641606638022495,1.0,drawdown
dd_p14_cp29,0.0010742431281869358,1.0,drawdown
dd_p14_cp30,0.011199743787983607,1.0,drawdown
dd_p14_cp31,0.001412029099810752,1.0,drawdown
dd_p14_cp32,0.018905735690168513,1.0,drawdown
dd_p14_cp33,0.0016877684515748115,1.0,drawdown
dd_p14_cp34,0.038983275994269206,1.0,drawdown
dd_p14_cp35,0.0018186968768532097,1.0,drawdown
dd_p14_cp36,0.07931655138554561,1.0,drawdown
dd_p14_cp37,0.0017617134826650727,1.0,drawdown
dd_p14_cp38,0.15026680107985158,1.0,drawdown
dd_p14_cp39,0.00153613781913009,1.0,drawdown
dd_p14_cp40,0.26013408035032626,1.0,drawdown
dd_p14_cp41,0.0012107266229577363,1.0,drawdown
dd_p14_cp42,0.40650122157467194,1.0,drawdown
dd_p14_cp43,0.0008673741031088866,1.0,drawdown
dd_p14_cp44,0.5668494436895344,1.0,drawdown
dd_p14_cp45,0.0005682198020622309,1.0,drawdown
dd_p14_cp46,0.6974274450367375,1.0,drawdown
dd_p14_cp47,0.00034237390354974195,1.0,drawdown
dd_p14_cp48,0.7491971408499012,1.0,drawdown
dd_p14_cp49,0.00019076113812843687,1.0,drawdown
dd_p14_cp50,0.698887120692234,1.0,drawdown
dd_p14_cp51,9.876449757939554e-05,1.0,drawdown
dd_p14_cp52,0.5753268246890002,1.0,drawdown
dd_p14_cp53,4.772788497575675e-05,1.0,drawdown
dd_p14_cp54,0.4336798785161591,1.0,drawdown
dd_p14_cp55,2.1620444840664277e-05,1.0,drawdown
dd_p14_cp56,0.32510135175334653,1.0,drawdown
dd_p14_cp57,9.224995665135793e-06,1.0,drawdown
dd_p14_cp58,0.2807857271154717,1.0,drawdown
dd_p14_cp59,3.736606231541373e-06,1.0,drawdown
dd_p14_cp60,0.3106425311134444,1.0,drawdown
dd_p14_cp61,1.4652464415121358e-06,1.0,drawdown
dd_p14_cp62,0.4062744198627115,1.0,drawdown
dd_p14_cp63,5.887845873076003e-07,1.0,drawdown
dd_p14_cp64,0.5400520764110297,1.0,drawdown
dd_p14_cp65,2.7649093681247905e-07,1.0,drawdown
dd_p14_cp66,0.6628544127624991,1.0,drawdown
dd_p14_cp67,1.7445154298911802e-07,1.0,drawdown
dd_p14_cp68,0.7143558505147212,1.0,drawdown
dd_p14_cp69,1.406335741194198e-07,1.0,drawdown
dd_p14_cp70,0.6598596075059504,1.0,drawdown
dd_p14_cp71,1.2214195521664806e-07,1.0,drawdown
dd_p14_cp72,0.5289138483267379,1.0,drawdown
dd_p14_cp73,1.0260509952786379e-07,1.0,drawdown
dd_p14_cp74,0.37548353056195083,1.0,drawdown
dd_p14_cp75,8.013262231543195e-08,1.0,drawdown
dd_p14_cp76,0.24014374718922227,1.0,drawdown
dd_p14_cp77,5.7568058764445595e-08,1.0,drawdown
dd_p14_cp78,0.1401064685462643,1.0,drawdown
dd_p14_cp79,3.799914338742383e-08,1.0,drawdown
dd_p14_cp80,0.0752550942158905,1.0,drawdown
dd_p14_cp81,2.3067968868417665e-08,1.0,drawdown
dd_p14_cp82,0.03747450289165499,1.0,drawdown
dd_p14_cp83,1.2854798114858568e-08,1.0,drawdown
dd_p14_cp84,0.0674165350351359,1.0,drawdown
dd_p14_cp85,0.06992092560835772,1.0,drawdown
dd_p14_cp86,0.12168129867859534,1.0,drawdown
dd_p14_cp87,0.12133418712210187,1.0,drawdown
dd_p14_cp88,0.20265457874484127,1.0,drawdown
dd_p14_cp89,0.19584138292793796,1.0,drawdown
dd_p14_cp90,0.31001596124497155,1.0,drawdown
dd_p14_cp91,0.2953139413343706,1.0,drawdown
dd_p14_cp92,0.4318131942945911,1.0,drawdown
dd_p14_cp93,0.42087294212001325,1.0,drawdown
dd_p14_cp94,0.5382546037940301,1.0,drawdown
dd_p14_cp95,0.5781268509656456,1.0,drawdown
dd_p14_cp96,0.5846337581861007,1.0,drawdown
dd_p14_cp97,0.7802442246925239,1.0,drawdown
dd_p14_cp98,0.5418212904774009,1.0,drawdown
dd_p14_cp99,1.0303596675241806,1.0,drawdown
dd_p14_cp100,0.4389794138446632,1.0,drawdown
dd_p14_cp101,1.2718173584585202,1.0,drawdown
dd_p14_cp102,0.3205563343490212,1.0,drawdown
dd_p14_cp103,1.3723027836995243,1.0,drawdown
dd_p14_cp104,0.21572601999469043,1.0,drawdown
dd_p14_cp105,1.2323226734210948,1.0,drawdown
dd_p14_cp106,0.13574293116971603,1.0,drawdown
dd_p14_cp107,0.9600832600408467,1.0,drawdown
dd_p14_cp108,0.08063716480455696,1.0,drawdown
dd_p14_cp109,0.7039095744216866,1.0,drawdown
dd_p14_cp110,0.0455191545179332,1.0,drawdown
dd_p14_cp111,0.5444597053851794,1.0,drawdown
dd_p14_cp112,0.024516152565411176,1.0,drawdown
dd_p14_cp113,0.4968444050000471,1.0,drawdown
dd_p14_cp114,0.012628057474557863,1.0,drawdown
dd_p14_cp115,0.5352590992713431,1.0,drawdown
dd_p14_cp116,0.0062447759046335705,1.0,drawdown
dd_p14_cp117,0.6040172335974603,1.0,drawdown
dd_p14_cp118,0.0030297149196485407,1.0,drawdown
dd_p14_cp119,0.6284407132880006,1.0,drawdown
dd_p14_cp120,0.0016359010264750395,1.0,drawdown
dd_p14_cp121,0.5557704068326075,1.0,drawdown
dd_p14_cp122,0.0014977733076193545,1.0,drawdown
dd_p14_cp123,0.4219686502615332,1.0,drawdown
dd_p14_cp124,0.0028396725338097895,1.0,drawdown
dd_p14_cp125,0.28227668043405174,1.0,drawdown
dd_p14_cp126,0.007053082175389136,1.0,drawdown
dd_p14_cp127,0.17019808190707408,1.0,drawdown
dd_p14_cp128,0.01766106665127154,1.0,drawdown
dd_p14_cp129,0.0940986478594823,1.0,drawdown
dd_p14_cp130,0.042104856326204754,1.0,drawdown
dd_p14_cp131,0.04828363461911067,1.0,drawdown
dd_p14_cp132,0.09434438490461616,1.0,drawdown
dd_p14_cp133,0.02318281468387795,1.0,drawdown
dd_p14_cp134,0.19741701612520046,1.0,drawdown
dd_p14_cp135,0.01048582410680865,1.0,drawdown
dd_p14_cp136,0.38331896728232095,1.0,drawdown
dd_p14_cp137,0.004531262419504856,1.0,drawdown
dd_p14_cp138,0.6851162088232741,1.0,drawdown
dd_p14_cp139,0.0020113955372380588,1.0,drawdown
dd_p14_cp140,1.1150606427418097,1.0,drawdown
dd_p14_cp141,0.0012739930061798077,1.0,drawdown
dd_p14_cp142,1.6278059459223186,1.0,drawdown
dd_p14_cp143,0.001767324792126601,1.0,drawdown
dd_p14_cp144,2.08682998375798,1.0,drawdown
dd_p14_cp145,0.0037763908428587456,1.0,drawdown
dd_p14_cp146,2.2851380448860255,1.0,drawdown
dd_p14_cp147,0.008414956845399502,1.0,drawdown
dd_p14_cp148,2.086829971713996,1.0,drawdown
dd_p14_cp149,0.017707150530668514,1.0,drawdown
dd_p14_cp150,1.6278059059482075,1.0,drawdown
dd_p14_cp151,0.03441884224093883,1.0,drawdown
dd_p14_cp152,1.1150605263710531,1.0,drawdown
dd_p14_cp153,0.06114385003297684,1.0,drawdown
dd_p14_cp154,0.6851158887870952,1.0,drawdown
dd_p14_cp155,0.09834116553179229,1.0,drawdown
dd_p14_cp156,0.38331812928754516,1.0,drawdown
dd_p14_cp157,0.1420333200189816,1.0,drawdown
dd_p14_cp158,0.1974149181546636,1.0,drawdown
dd_p14_cp159,0.1835375373170791,1.0,drawdown
dd_p14_cp160,0.09433932840329362,1.0,drawdown
dd_p14_cp161,0.21387645085064833,1.0,drawdown
dd_p14_cp162,0.04209300077991429,1.0,drawdown
dd_p14_cp163,0.23147370732999661,1.0,drawdown
dd_p14_cp164,0.017633670407576574,1.0,drawdown
dd_p14_cp165,0.24532991344108268,1.0,drawdown
dd_p14_cp166,0.006989893524860236,1.0,drawdown
dd_p14_cp167,0.2672673807364845,1.0,drawdown
dd_p14_cp168,0.0026930777294182917,1.0,drawdown
dd_p14_cp169,0.29989727113820663,1.0,drawdown
dd_p14_cp170,0.001155725041826372,1.0,drawdown
dd_p14_cp171,0.3303888261234533,1.0,drawdown
dd_p14_cp172,0.0008387944621972565,1.0,drawdown
dd_p14_cp173,0.33627287507283654,1.0,drawdown
dd_p14_cp174,0.0011933964315176127,1.0,drawdown
dd_p14_cp175,0.30336008771041634,1.0,drawdown
dd_p14_cp176,0.00210639777014876,1.0,drawdown
dd_p14_cp177,0.241259497958481,1.0,drawdown
dd_p14_cp178,0.0035921194848924642,1.0,drawdown
dd_p14_cp179,0.17087995252245491,1.0,drawdown
dd_p14_cp180,0.005573070146510872,1.0,drawdown
dd_p14_cp181,0.10914347384755274,1.0,drawdown
dd_p14_cp182,0.007720746396898903,1.0,drawdown
dd_p14_cp183,0.06355160588054787,1.0,drawdown
dd_p14_cp184,0.009442257047794556,1.0,drawdown
dd_p14_cp185,0.03403687052150417,1.0,drawdown
dd_p14_cp186,0.010107875405083178,1.0,drawdown
dd_p14_cp187,0.016891472762381454,1.0,drawdown
dd_p14_cp188,0.009436073063625372,1.0,drawdown
dd_p14_cp189,0.007815863764335518,1.0,drawdown
dd_p14_cp190,0.007708721629569482,1.0,drawdown
dd_p14_cp191,0.0033898800070346624,1.0,drawdown
dd_p14_cp192,0.0055553385445819,1.0,drawdown
dd_p14_cp193,0.001384465220326092,1.0,drawdown
dd_p14_cp194,0.003566217480965861,1.0,drawdown
dd_p14_cp195,0.0005345720437617274,1.0,drawdown
dd_p14_cp196,0.002059515316886973,1.0,drawdown
dd_p14_cp197,0.00019583169409997936,1.0,drawdown
dd_p14_cp198,0.00107996433007429,1.0,drawdown
dd_p14_cp199,6.827575111856277e-05,1.0,drawdown
dd_p14_cp200,0.0005185452514524513,1.0,drawdown
dd_p14_cp201,2.2717972797181574e-05,1.0,drawdown
dd_p14_cp202,0.00022969054907662212,1.0,drawdown
dd_p14_cp203,7.232453981487197e-06,1.0,drawdown
dd_p14_cp204,9.448266837353003e-05,1.0,drawdown
dd_p14_cp205,2.207995748904068e-06,1.0,drawdown
dd_p14_cp206,3.630412311395048e-05,1.0,drawdown
dd_p14_cp207,6.476777798525291e-07,1.0,drawdown
dd_p14_cp208,1.3098160252411617e-05,1.0,drawdown
dd_p14_cp209,1.8279342839377932e-07,1.0,drawdown
dd_p14_cp210,4.457880550035043e-06,1.0,drawdown
dd_p14_cp211,4.9614300223765895e-08,1.0,drawdown
dd_p15_cp0,0.04419286563370406,1.0,drawdown
dd_p15_cp1,3.0759711080463603e-06,1.0,drawdown
dd_p15_cp2,0.07672985185354264,1.0,drawdown
dd_p15_cp3,6.901680535520427e-06,1.0,drawdown
dd_p15_cp4,0.12320879443723243,1.0,drawdown
dd_p15_cp5,1.4432065654546022e-05,1.0,drawdown
dd_p15_cp6,0.18198975364975922,1.0,drawdown
dd_p15_cp7,2.7995547497994266e-05,1.0,drawdown
dd_p15_cp8,0.2451170546942194,1.0,drawdown
dd_p15_cp9,5.0166831897513475e-05,1.0,drawdown
dd_p15_cp10,0.2968889977419167,1.0,drawdown
dd_p15_cp11,8.280948486572015e-05,1.0,drawdown
dd_p15_cp12,0.3177722443829225,1.0,drawdown
dd_p15_cp13,0.00012596478654813836,1.0,drawdown
dd_p15_cp14,0.29724454629240427,1.0,drawdown
dd_p15_cp15,0.00017783020257411408,1.0,drawdown
dd_p15_cp16,0.24575878865334744,1.0,drawdown
dd_p15_cp17,0.00023748681860524812,1.0,drawdown
dd_p15_cp18,0.18280531786422216,1.0,drawdown
dd_p15_cp19,0.00031076913182914723,1.0,drawdown
dd_p15_cp20,0.12409591360483319,1.0,drawdown
dd_p15_cp21,0.00041642783526185667,1.0,drawdown
dd_p15_cp22,0.0776777679479892,1.0,drawdown
dd_p15_cp23,0.0005867315817340568,1.0,drawdown
dd_p15_cp24,0.04541122565660771,1.0,drawdown
dd_p15_cp25,0.000857395661114424,1.0,drawdown
dd_p15_cp26,0.02579687959541843,1.0,drawdown
dd_p15_cp27,0.0012469976900320034,1.0,drawdown
dd_p15_cp28,0.016546375983125472,1.0,drawdown
dd_p15_cp29,0.0017330763744212163,1.0,drawdown
dd_p15_cp30,0.016541811719889665,1.0,drawdown
dd_p15_cp31,0.0022387280350812944,1.0,drawdown
dd_p15_cp32,0.02725554710605138,1.0,drawdown
dd_p15_cp33,0.0026453069285707898,1.0,drawdown
dd_p15_cp34,0.05369969421690257,1.0,drawdown
dd_p15_cp35,0.0028358905201457674,1.0,drawdown
dd_p15_cp36,0.10452558451879668,1.0,drawdown
dd_p15_cp37,0.002750263063262537,1.0,drawdown
dd_p15_cp38,0.19015812704355994,1.0,drawdown
dd_p15_cp39,0.0024150123936124146,1.0,drawdown
dd_p15_cp40,0.31756579809871255,1.0,drawdown
dd_p15_cp41,0.0019267252996542084,1.0,drawdown
dd_p15_cp42,0.4816979364618419,1.0,drawdown
dd_p15_cp43,0.001403425838361727,1.0,drawdown
dd_p15_cp44,0.6573323760844687,1.0,drawdown
dd_p15_cp45,0.000938378238970472,1.0,drawdown
dd_p15_cp46,0.7988230804280647,1.0,drawdown
dd_p15_cp47,0.0005790505956611014,1.0,drawdown
dd_p15_cp48,0.8550062386921127,1.0,drawdown
dd_p15_cp49,0.00033142593383672647,1.0,drawdown
dd_p15_cp50,0.8010744748480647,1.0,drawdown
dd_p15_cp51,0.0001767578537510417,1.0,drawdown
dd_p15_cp52,0.6688545026445354,1.0,drawdown
dd_p15_cp53,8.820997027214617e-05,1.0,drawdown
dd_p15_cp54,0.5170085676677445,1.0,drawdown
dd_p15_cp55,4.135822882744833e-05,1.0,drawdown
dd_p15_cp56,0.3997807710429697,1.0,drawdown
dd_p15_cp57,1.8302740045328392e-05,1.0,drawdown
dd_p15_cp58,0.35191484003507867,1.0,drawdown
dd_p15_cp59,7.70333690525149e-06,1.0,drawdown
dd_p15_cp60,0.38610370643800707,1.0,drawdown
dd_p15_cp61,3.1411082090926357e-06,1.0,drawdown
dd_p15_cp62,0.49414364072845274,1.0,drawdown
dd_p15_cp63,1.3059889170108363e-06,1.0,drawdown
dd_p15_cp64,0.64508565390679,1.0,drawdown
dd_p15_cp65,6.210980245668907e-07,1.0,drawdown
dd_p15_cp66,0.7831789856886644,1.0,drawdown
dd_p15_cp67,3.844256752927322e-07,1.0,drawdown
dd_p15_cp68,0.8405695859362368,1.0,drawdown
dd_p15_cp69,3.01858790408005e-07,1.0,drawdown
dd_p15_cp70,0.7789012253349483,1.0,drawdown
dd_p15_cp71,2.5893041311064735e-07,1.0,drawdown
dd_p15_cp72,0.6297330653781046,1.0,drawdown
dd_p15_cp73,2.1772689251520205e-07,1.0,drawdown
dd_p15_cp74,0.45306409868885567,1.0,drawdown
dd_p15_cp75,1.7173169908346608e-07,1.0,drawdown
dd_p15_cp76,0.29504380739581393,1.0,drawdown
dd_p15_cp77,1.2538498594949488e-07,1.0,drawdown
dd_p15_cp78,0.17607853670983786,1.0,drawdown
dd_p15_cp79,8.455685929220635e-08,1.0,drawdown
dd_p15_cp80,0.09714552900254603,1.0,drawdown
dd_p15_cp81,5.2730911193066277e-08,1.0,drawdown
dd_p15_cp82,0.049869851109860974,1.0,drawdown
dd_p15_cp83,3.040577212232165e-08,1.0,drawdown
dd_p15_cp84,0.0837470860378744,1.0,drawdown
dd_p15_cp85,0.09099805795290195,1.0,drawdown
dd_p15_cp86,0.14800983575423743,1.0,drawdown
dd_p15_cp87,0.15531940987079906,1.0,drawdown
dd_p15_cp88,0.2433356049464237,1.0,drawdown
dd_p15_cp89,0.2481877334262208,1.0,drawdown
dd_p15_cp90,0.3702306225495704,1.0,drawdown
dd_p15_cp91,0.3729172083233152,1.0,drawdown
dd_p15_cp92,0.5154472417589204,1.0,drawdown
dd_p15_cp93,0.532120297405072,1.0,drawdown
dd_p15_cp94,0.6431438319868903,1.0,drawdown
dd_p15_cp95,0.7322056791063005,1.0,drawdown
dd_p15_cp96,0.6988058223114422,1.0,drawdown
dd_p15_cp97,0.9846616730799269,1.0,drawdown
dd_p15_cp98,0.6479349283158626,1.0,drawdown
dd_p15_cp99,1.28528290038048,1.0,drawdown
dd_p15_cp100,0.524985224847569,1.0,drawdown
dd_p15_cp101,1.5633330045470757,1.0,drawdown
dd_p15_cp102,0.38410828320229484,1.0,drawdown
dd_p15_cp103,1.6735704345819613,1.0,drawdown
dd_p15_cp104,0.26040470635871316,1.0,drawdown
dd_p15_cp105,1.5171991647559935,1.0,drawdown
dd_p15_cp106,0.166327719848141,1.0,drawdown
dd_p15_cp107,1.2038958997143254,1.0,drawdown
dd_p15_cp108,0.10105703842418734,1.0,drawdown
dd_p15_cp109,0.8976681695087336,1.0,drawdown
dd_p15_cp110,0.05869348931037166,1.0,drawdown
dd_p15_cp111,0.6961498342295727,1.0,drawdown
dd_p15_cp112,0.03265262828699633,1.0,drawdown
dd_p15_cp113,0.6228815241145185,1.0,drawdown
dd_p15_cp114,0.01741517234222556,1.0,drawdown
dd_p15_cp115,0.6514990913865404,1.0,drawdown
dd_p15_cp116,0.00893650480747965,1.0,drawdown
dd_p15_cp117,0.7195157415835638,1.0,drawdown
dd_p15_cp118,0.0045178731902524305,1.0,drawdown
dd_p15_cp119,0.741106541881436,1.0,drawdown
dd_p15_cp120,0.002556493452630093,1.0,drawdown
dd_p15_cp121,0.6543902786429499,1.0,drawdown
dd_p15_cp122,0.0023859579014242627,1.0,drawdown
dd_p15_cp123,0.4995269356720655,1.0,drawdown
dd_p15_cp124,0.004355071353074891,1.0,drawdown
dd_p15_cp125,0.33819405557778737,1.0,drawdown
dd_p15_cp126,0.010320985002636007,1.0,drawdown
dd_p15_cp127,0.2074232613683762,1.0,drawdown
dd_p15_cp128,0.024785670047549502,1.0,drawdown
dd_p15_cp129,0.11705559929782794,1.0,drawdown
dd_p15_cp130,0.056869050783461716,1.0,drawdown
dd_p15_cp131,0.06146976120407999,1.0,drawdown
dd_p15_cp132,0.12297288361924075,1.0,drawdown
dd_p15_cp133,0.03028514356356027,1.0,drawdown
dd_p15_cp134,0.2490328956605481,1.0,drawdown
dd_p15_cp135,0.014104322470757324,1.0,drawdown
dd_p15_cp136,0.46946117706374935,1.0,drawdown
dd_p15_cp137,0.00631759364773643,1.0,drawdown
dd_p15_cp138,0.8176745712539741,1.0,drawdown
dd_p15_cp139,0.0029632970515649504,1.0,drawdown
dd_p15_cp140,1.30253275582254,1.0,drawdown
dd_p15_cp141,0.0020374690918743,1.0,drawdown
dd_p15_cp142,1.8706275059166728,1.0,drawdown
dd_p15_cp143,0.0029085337300784886,1.0,drawdown
dd_p15_cp144,2.3727668056144466,1.0,drawdown
dd_p15_cp145,0.006035189426029319,1.0,drawdown
dd_p15_cp146,2.5874069966612296,1.0,drawdown
dd_p15_cp147,0.012945138667873834,1.0,drawdown
dd_p15_cp148,2.3727667723974264,1.0,drawdown
dd_p15_cp149,0.026252140998622053,1.0,drawdown
dd_p15_cp150,1.8706274005280648,1.0,drawdown
dd_p15_cp151,0.04928959373432917,1.0,drawdown
dd_p15_cp152,1.3025324650661787,1.0,drawdown
dd_p15_cp153,0.08483522232154428,1.0,drawdown
dd_p15_cp154,0.8176738151842073,1.0,drawdown
dd_p15_cp155,0.1327696504413325,1.0,drawdown
dd_p15_cp156,0.4694593070435076,1.0,drawdown
dd_p15_cp157,0.1877310780218977,1.0,drawdown
dd_p15_cp158,0.24902847684825247,1.0,drawdown
dd_p15_cp159,0.23939873538097345,1.0,drawdown
dd_p15_cp160,0.1229628359533308,1.0,drawdown
dd_p15_cp161,0.27774971940539217,1.0,drawdown
dd_p15_cp162,0.05684681608045139,1.0,drawdown
dd_p15_cp163,0.3011945039982038,1.0,drawdown
dd_p15_cp164,0.024737074420499994,1.0,drawdown
dd_p15_cp165,0.31958047798661937,1.0,drawdown
dd_p15_cp166,0.010214524544608139,1.0,drawdown
dd_p15_cp167,0.34586394282268884,1.0,drawdown
dd_p15_cp168,0.004119076009374112,1.0,drawdown
dd_p15_cp169,0.3829443283425462,1.0,drawdown
dd_p15_cp170,0.0018565851592029503,1.0,drawdown
dd_p15_cp171,0.416294479089629,1.0,drawdown
dd_p15_cp172,0.0013651105000462849,1.0,drawdown
dd_p15_cp173,0.42022115990857856,1.0,drawdown
dd_p15_cp174,0.0018613214388096821,1.0,drawdown
dd_p15_cp175,0.3785457603755731,1.0,drawdown
dd_p15_cp176,0.0031393853510053304,1.0,drawdown
dd_p15_cp177,0.3024523088915885,1.0,drawdown
dd_p15_cp178,0.005162201523944532,1.0,drawdown
dd_p15_cp179,0.21641251567871223,1.0,drawdown
dd_p15_cp180,0.007779642250170582,1.0,drawdown
dd_p15_cp181,0.1403886027585486,1.0,drawdown
dd_p15_cp182,0.01054576875822022,1.0,drawdown
dd_p15_cp183,0.08344397773225865,1.0,drawdown
dd_p15_cp184,0.012722704449060984,1.0,drawdown
dd_p15_cp185,0.045824748004633875,1.0,drawdown
dd_p15_cp186,0.013555494739193819,1.0,drawdown
dd_p15_cp187,0.023406693294646175,1.0,drawdown
dd_p15_cp188,0.012711528295312746,1.0,drawdown
dd_p15_cp189,0.01118166598166681,1.0,drawdown
dd_p15_cp190,0.010524018860905926,1.0,drawdown
dd_p15_cp191,0.005019302520395286,1.0,drawdown
dd_p15_cp192,0.0077474237341448315,1.0,drawdown
dd_p15_cp193,0.002125864469235239,1.0,drawdown
dd_p15_cp194,0.005114872547892446,1.0,drawdown
dd_p15_cp195,0.0008526311942205211,1.0,drawdown
dd_p15_cp196,0.0030546429848072876,1.0,drawdown
dd_p15_cp197,0.0003248825337323069,1.0,drawdown
dd_p15_cp198,0.001663686908159434,1.0,drawdown
dd_p15_cp199,0.00011794830220424046,1.0,drawdown
dd_p15_cp200,0.0008325443891408213,1.0,drawdown
dd_p15_cp201,4.090669108336442e-05,1.0,drawdown
dd_p15_cp202,0.00038538008857358363,1.0,drawdown
dd_p15_cp203,1.3585175793195958e-05,1.0,drawdown
dd_p15_cp204,0.00016600969729552162,1.0,drawdown
dd_p15_cp205,4.329516741563566e-06,1.0,drawdown
dd_p15_cp206,6.69079440740461e-05,1.0,drawdown
dd_p15_cp207,1.3266308087622747e-06,1.0,drawdown
dd_p15_cp208,2.5352032480441267e-05,1.0,drawdown
dd_p15_cp209,3.91443791158963e-07,1.0,drawdown
dd_p15_cp210,9.07016828932683e-06,1.0,drawdown
dd_p15_cp211,1.1129009180876892e-07,1.0,drawdown
dd_p16_cp0,0.055381188793489855,1.0,drawdown
dd_p16_cp1,6.075894816603977e-06,1.0,drawdown
dd_p16_cp2,0.0943448405369054,1.0,drawdown
dd_p16_cp3,1.3114868124830537e-05,1.0,drawdown
dd_p16_cp4,0.14955609174012352,1.0,drawdown
dd_p16_cp5,2.644460073497612e-05,1.0,drawdown
dd_p16_cp6,0.2192797384309415,1.0,drawdown
dd_p16_cp7,4.9615659463597694e-05,1.0,drawdown
dd_p16_cp8,0.29429629925516565,1.0,drawdown
dd_p16_cp9,8.633454808659735e-05,1.0,drawdown
dd_p16_cp10,0.3558831595942138,1.0,drawdown
dd_p16_cp11,0.00013909564631831017,1.0,drawdown
dd_p16_cp12,0.38068722227262697,1.0,drawdown
dd_p16_cp13,0.00020787253606613376,1.0,drawdown
dd_p16_cp14,0.3563829297054326,1.0,drawdown
dd_p16_cp15,0.0002906209051616315,1.0,drawdown
dd_p16_cp16,0.29520278880318074,1.0,drawdown
dd_p16_cp17,0.0003875669699482387,1.0,drawdown
dd_p16_cp18,0.2204445511688391,1.0,drawdown
dd_p16_cp19,0.0005092459032312036,1.0,drawdown
dd_p16_cp20,0.15085091349646973,1.0,drawdown
dd_p16_cp21,0.0006840194955657353,1.0,drawdown
dd_p16_cp22,0.09577827330076616,1.0,drawdown
dd_p16_cp23,0.0009573027741680562,1.0,drawdown
dd_p16_cp24,0.05728450920832984,1.0,drawdown
dd_p16_cp25,0.00137620965097085,1.0,drawdown
dd_p16_cp26,0.03372936113328251,1.0,drawdown
dd_p16_cp27,0.0019607408471529197,1.0,drawdown
dd_p16_cp28,0.022756589929485926,1.0,drawdown
dd_p16_cp29,0.002672355849426822,1.0,drawdown
dd_p16_cp30,0.023422698712238343,1.0,drawdown
dd_p16_cp31,0.0033989159719567397,1.0,drawdown
dd_p16_cp32,0.03767473360449003,1.0,drawdown
dd_p16_cp33,0.003975197514137108,1.0,drawdown
dd_p16_cp34,0.07119845710030859,1.0,drawdown
dd_p16_cp35,0.0042421603329785285,1.0,drawdown
dd_p16_cp36,0.13315334347953467,1.0,drawdown
dd_p16_cp37,0.00411854329149719,1.0,drawdown
dd_p16_cp38,0.23374380157156338,1.0,drawdown
dd_p16_cp39,0.0036395088341123483,1.0,drawdown
dd_p16_cp40,0.37862799817457926,1.0,drawdown
dd_p16_cp41,0.002935720738605596,1.0,drawdown
dd_p16_cp42,0.5606860577995576,1.0,drawdown
dd_p16_cp43,0.0021706864527004655,1.0,drawdown
dd_p16_cp44,0.7525892448393279,1.0,drawdown
dd_p16_cp45,0.0014784422369302774,1.0,drawdown
dd_p16_cp46,0.9063574690694622,1.0,drawdown
dd_p16_cp47,0.0009321582765551284,1.0,drawdown
dd_p16_cp48,0.9675813315366213,1.0,drawdown
dd_p16_cp49,0.0005466415323098772,1.0,drawdown
dd_p16_cp50,0.909681160152104,1.0,drawdown
dd_p16_cp51,0.00029945461801617057,1.0,drawdown
dd_p16_cp52,0.7678726327549157,1.0,drawdown
dd_p16_cp53,0.0001538550222903723,1.0,drawdown
dd_p16_cp54,0.6055661695054368,1.0,drawdown
dd_p16_cp55,7.442668993462576e-05,1.0,drawdown
dd_p16_cp56,0.4806196766062385,1.0,drawdown
dd_p16_cp57,3.405102324904874e-05,1.0,drawdown
dd_p16_cp58,0.4307637989709292,1.0,drawdown
dd_p16_cp59,1.4843784356344258e-05,1.0,drawdown
dd_p16_cp60,0.47085675090784207,1.0,drawdown
dd_p16_cp61,6.275175110204145e-06,1.0,drawdown
dd_p16_cp62,0.5925937798506311,1.0,drawdown
dd_p16_cp63,2.6953080123348627e-06,1.0,drawdown
dd_p16_cp64,0.7614156877634741,1.0,drawdown
dd_p16_cp65,1.3019903235544916e-06,1.0,drawdown
dd_p16_cp66,0.9147606477413319,1.0,drawdown
dd_p16_cp67,7.961716619320214e-07,1.0,drawdown
dd_p16_cp68,0.9777616519356798,1.0,drawdown
dd_p16_cp69,6.114235020504566e-07,1.0,drawdown
dd_p16_cp70,0.9089354944644583,1.0,drawdown
dd_p16_cp71,5.180743301025359e-07,1.0,drawdown
dd_p16_cp72,0.7411642860645316,1.0,drawdown
dd_p16_cp73,4.354926659289049e-07,1.0,drawdown
dd_p16_cp74,0.5399462172324547,1.0,drawdown
dd_p16_cp75,3.462826043687528e-07,1.0,drawdown
dd_p16_cp76,0.35736419833892796,1.0,drawdown
dd_p16_cp77,2.5637450562499e-07,1.0,drawdown
dd_p16_cp78,0.21756439180762754,1.0,drawdown
dd_p16_cp79,1.761222847562749e-07,1.0,drawdown
dd_p16_cp80,0.12289916074792018,1.0,drawdown
dd_p16_cp81,1.1233919394726399e-07,1.0,drawdown
dd_p16_cp82,0.06481475998066344,1.0,drawdown
dd_p16_cp83,6.65279458189616e-08,1.0,drawdown
dd_p16_cp84,0.10273060317240379,1.0,drawdown
dd_p16_cp85,0.11605747972430436,1.0,drawdown
dd_p16_cp86,0.1789497601871517,1.0,drawdown
dd_p16_cp87,0.19537314094941394,1.0,drawdown
dd_p16_cp88,0.2918997932297316,1.0,drawdown
dd_p16_cp89,0.3095207542305616,1.0,drawdown
dd_p16_cp90,0.442809412767474,1.0,drawdown
dd_p16_cp91,0.4632336477327499,1.0,drawdown
dd_p16_cp92,0.6159664825909204,1.0,drawdown
dd_p16_cp93,0.6601414761476008,1.0,drawdown
dd_p16_cp94,0.7677728187322828,1.0,drawdown
dd_p16_cp95,0.9063224678548067,1.0,drawdown
dd_p16_cp96,0.8334304674731356,1.0,drawdown
dd_p16_cp97,1.2096096947266233,1.0,drawdown
dd_p16_cp98,0.7739818722357086,1.0,drawdown
dd_p16_cp99,1.5563197029478033,1.0,drawdown
dd_p16_cp100,0.628233786637793,1.0,drawdown
dd_p16_cp101,1.8627125307568804,1.0,drawdown
dd_p16_cp102,0.4604992874205891,1.0,drawdown
dd_p16_cp103,1.9779621689078795,1.0,drawdown
dd_p16_cp104,0.31351185958374117,1.0,drawdown
dd_p16_cp105,1.8093313529709576,1.0,drawdown
dd_p16_cp106,0.20210252793276595,1.0,drawdown
dd_p16_cp107,1.4628963508744164,1.0,drawdown
dd_p16_cp108,0.12471351037129352,1.0,drawdown
dd_p16_cp109,1.1112978287192163,1.0,drawdown
dd_p16_cp110,0.07400764486419575,1.0,drawdown
dd_p16_cp111,0.8681709806096478,1.0,drawdown
dd_p16_cp112,0.04226769440128919,1.0,drawdown
dd_p16_cp113,0.7677698097243137,1.0,drawdown
dd_p16_cp114,0.023225234492201707,1.0,drawdown
dd_p16_cp115,0.784992328954786,1.0,drawdown
dd_p16_cp116,0.012318524260081176,1.0,drawdown
dd_p16_cp117,0.8501986802903048,1.0,drawdown
dd_p16_cp118,0.006469718248354184,1.0,drawdown
dd_p16_cp119,0.8659294914391467,1.0,drawdown
dd_p16_cp120,0.003824651612831076,1.0,drawdown
dd_p16_cp121,0.7645011585059365,1.0,drawdown
dd_p16_cp122,0.0036344485411063943,1.0,drawdown
dd_p16_cp123,0.5866131180785032,1.0,drawdown
dd_p16_cp124,0.006414190440409584,1.0,drawdown
dd_p16_cp125,0.40096437019110454,1.0,drawdown
dd_p16_cp126,0.014560224870365346,1.0,drawdown
dd_p16_cp127,0.24938244730014958,1.0,drawdown
dd_p16_cp128,0.03365012138328893,1.0,drawdown
dd_p16_cp129,0.1432636515780814,1.0,drawdown
dd_p16_cp130,0.07456307986876709,1.0,drawdown
dd_p16_cp131,0.07681948611821099,1.0,drawdown
dd_p16_cp132,0.15613505029386943,1.0,drawdown
dd_p16_cp133,0.0387503278470831,1.0,drawdown
dd_p16_cp134,0.30703235648934424,1.0,drawdown
dd_p16_cp135,0.018537382969725513,1.0,drawdown
dd_p16_cp136,0.5637656374210565,1.0,drawdown
dd_p16_cp137,0.008586762918412205,1.0,drawdown
dd_p16_cp138,0.9597874058249545,1.0,drawdown
dd_p16_cp139,0.004244394636771176,1.0,drawdown
dd_p16_cp140,1.5003637499039542,1.0,drawdown
dd_p16_cp141,0.0031345555437383155,1.0,drawdown
dd_p16_cp142,2.1237102916506956,1.0,drawdown
dd_p16_cp143,0.004557108302606139,1.0,drawdown
dd_p16_cp144,2.66789501874473,1.0,drawdown
dd_p16_cp145,0.009184637580574417,1.0,drawdown
dd_p16_cp146,2.898649729819681,1.0,drawdown
dd_p16_cp147,0.01900557864973962,1.0,drawdown
dd_p16_cp148,2.6678949360662045,1.0,drawdown
dd_p16_cp149,0.03723263049255365,1.0,drawdown
dd_p16_cp150,2.1237100396160713,1.0,drawdown
dd_p16_cp151,0.06768995768879904,1.0,drawdown
dd_p16_cp152,1.5003630871146925,1.0,drawdown
dd_p16_cp153,0.1131720028156451,1.0,drawdown
dd_p16_cp154,0.9597857661246962,1.0,drawdown
dd_p16_cp155,0.17281253122905582,1.0,drawdown
dd_p16_cp156,0.5637617811025848,1.0,drawdown
dd_p16_cp157,0.23984212881100575,1.0,drawdown
dd_p16_cp158,0.30702369440587063,1.0,drawdown
dd_p16_cp159,0.3024765170359842,1.0,drawdown
dd_p16_cp160,0.15611633042362882,1.0,drawdown
dd_p16_cp161,0.34988886450264545,1.0,drawdown
dd_p16_cp162,0.074523695026528,1.0,drawdown
dd_p16_cp163,0.38061082905778676,1.0,drawdown
dd_p16_cp164,0.03356817031317405,1.0,drawdown
dd_p16_cp165,0.40528649396742367,1.0,drawdown
dd_p16_cp166,0.014388793772013742,1.0,drawdown
dd_p16_cp167,0.4377294037228694,1.0,drawdown
dd_p16_cp168,0.006049731382972823,1.0,drawdown
dd_p16_cp169,0.48067187773176556,1.0,drawdown
dd_p16_cp170,0.002846687756573374,1.0,drawdown
dd_p16_cp171,0.5174240862347688,1.0,drawdown
dd_p16_cp172,0.002109948809902562,1.0,drawdown
dd_p16_cp173,0.5188536236423715,1.0,drawdown
dd_p16_cp174,0.0027636922427518584,1.0,drawdown
dd_p16_cp175,0.4669092667170389,1.0,drawdown
dd_p16_cp176,0.0044713842030432716,1.0,drawdown
dd_p16_cp177,0.374558430944262,1.0,drawdown
dd_p16_cp178,0.0071178090979628905,1.0,drawdown
dd_p16_cp179,0.27028301524046583,1.0,drawdown
dd_p16_cp180,0.010460301427883678,1.0,drawdown
dd_p16_cp181,0.1775858729038191,1.0,drawdown
dd_p16_cp182,0.013920820973453374,1.0,drawdown
dd_p16_cp183,0.1073685043761543,1.0,drawdown
dd_p16_cp184,0.016604815444679843,1.0,drawdown
dd_p16_cp185,0.060224844388812926,1.0,drawdown
dd_p16_cp186,0.017622350471356185,1.0,drawdown
dd_p16_cp187,0.03153727029280162,1.0,drawdown
dd_p16_cp188,0.01658566817513929,1.0,drawdown
dd_p16_cp189,0.015494733909008573,1.0,drawdown
dd_p16_cp190,0.013883500343581545,1.0,drawdown
dd_p16_cp191,0.007172373253979458,1.0,drawdown
dd_p16_cp192,0.010404746439235169,1.0,drawdown
dd_p16_cp193,0.0031393026504247246,1.0,drawdown
dd_p16_cp194,0.007035802413611236,1.0,drawdown
dd_p16_cp195,0.0013034616169989022,1.0,drawdown
dd_p16_cp196,0.004326139546719787,1.0,drawdown
dd_p16_cp197,0.0005149038622676017,1.0,drawdown
dd_p16_cp198,0.0024363065604120493,1.0,drawdown
dd_p16_cp199,0.00019403060832701158,1.0,drawdown
dd_p16_cp200,0.0012649870354835002,1.0,drawdown
dd_p16_cp201,6.991711211412621e-05,1.0,drawdown
dd_p16_cp202,0.0006092265921324724,1.0,drawdown
dd_p16_cp203,2.414512664472568e-05,1.0,drawdown
dd_p16_cp204,0.00027363866502128076,1.0,drawdown
dd_p16_cp205,8.007365295270574e-06,1.0,drawdown
dd_p16_cp206,0.00011519127701831167,1.0,drawdown
dd_p16_cp207,2.5548174562572967e-06,1.0,drawdown
dd_p16_cp208,4.564941718854243e-05,1.0,drawdown
dd_p16_cp209,7.854432624299079e-07,1.0,drawdown
dd_p16_cp210,1.7098970602091867e-05,1.0,drawdown
dd_p16_cp211,2.3289089767786209e-07,1.0,drawdown
dd_p17_cp0,0.06848331284254527,1.0,drawdown
dd_p17_cp1,1.120864999393234e-05,1.0,drawdown
dd_p17_cp2,0.11503311101387226,1.0,drawdown
dd_p17_cp3,2.335643011974753e-05,1.0,drawdown
dd_p17_cp4,0.18069075563016668,1.0,drawdown
dd_p17_cp5,4.557433567242697e-05,1.0,drawdown
dd_p17_cp6,0.26349664545932683,1.0,drawdown
dd_p17_cp7,8.299834644276416e-05,1.0,drawdown
dd_p17_cp8,0.3524637577224894,1.0,drawdown
dd_p17_cp9,0.0001407337131240638,1.0,drawdown
dd_p17_cp10,0.425226784903316,1.0,drawdown
dd_p17_cp11,0.0002220491855950968,1.0,drawdown
dd_p17_cp12,0.454385350148641,1.0,drawdown
dd_p17_cp13,0.0003269997546340164,1.0,drawdown
dd_p17_cp14,0.4259058638931492,1.0,drawdown
dd_p17_cp15,0.00045377232163446024,1.0,drawdown
dd_p17_cp16,0.35370212653970157,1.0,drawdown
dd_p17_cp17,0.0006049326657375786,1.0,drawdown
dd_p17_cp18,0.26510652253091394,1.0,drawdown
dd_p17_cp19,0.0007978523613019206,1.0,drawdown
dd_p17_cp20,0.18251983488744372,1.0,drawdown
dd_p17_cp21,0.0010733122262536199,1.0,drawdown
dd_p17_cp22,0.1171259413658845,1.0,drawdown
dd_p17_cp23,0.001492392804721021,1.0,drawdown
dd_p17_cp24,0.07133695582933797,1.0,drawdown
dd_p17_cp25,0.002114315286235069,1.0,drawdown
dd_p17_cp26,0.043296104885484965,1.0,drawdown
dd_p17_cp27,0.0029579227048088796,1.0,drawdown
dd_p17_cp28,0.03046851820226948,1.0,drawdown
dd_p17_cp29,0.003962145589412103,1.0,drawdown
dd_p17_cp30,0.0320134004382453,1.0,drawdown
dd_p17_cp31,0.004970185078946088,1.0,drawdown
dd_p17_cp32,0.0502805928053931,1.0,drawdown
dd_p17_cp33,0.0057600296863711264,1.0,drawdown
dd_p17_cp34,0.09149200905449106,1.0,drawdown
dd_p17_cp35,0.006122181925093173,1.0,drawdown
dd_p17_cp36,0.16511948865900195,1.0,drawdown
dd_p17_cp37,0.005950099895471794,1.0,drawdown
dd_p17_cp38,0.2810472122432657,1.0,drawdown
dd_p17_cp39,0.00528864087891634,1.0,drawdown
dd_p17_cp40,0.44384513561135464,1.0,drawdown
dd_p17_cp41,0.004308911493353662,1.0,drawdown
dd_p17_cp42,0.6448205160895668,1.0,drawdown
dd_p17_cp43,0.0032298801565957547,1.0,drawdown
dd_p17_cp44,0.8547180617215417,1.0,drawdown
dd_p17_cp45,0.002237165800124785,1.0,drawdown
dd_p17_cp46,1.022565943482732,1.0,drawdown
dd_p17_cp47,0.0014384283363142458,1.0,drawdown
dd_p17_cp48,1.0897054870724787,1.0,drawdown
dd_p17_cp49,0.0008623527664894937,1.0,drawdown
dd_p17_cp50,1.027306386030432,1.0,drawdown
dd_p17_cp51,0.00048404738254248514,1.0,drawdown
dd_p17_cp52,0.8745980387334384,1.0,drawdown
dd_p17_cp53,0.00025536773682688363,1.0,drawdown
dd_p17_cp54,0.7008720971539333,1.0,drawdown
dd_p17_cp55,0.0001271018154511694,1.0,drawdown
dd_p17_cp56,0.5683449281350477,1.0,drawdown
dd_p17_cp57,5.9945891280221986e-05,1.0,drawdown
dd_p17_cp58,0.5175559527160658,1.0,drawdown
dd_p17_cp59,2.6988102490577148e-05,1.0,drawdown
dd_p17_cp60,0.5648610800590177,1.0,drawdown
dd_p17_cp61,1.1796058061008807e-05,1.0,drawdown
dd_p17_cp62,0.7011983147490355,1.0,drawdown
dd_p17_cp63,5.224822416494135e-06,1.0,drawdown
dd_p17_cp64,0.8879686708683039,1.0,drawdown
dd_p17_cp65,2.5676445147837512e-06,1.0,drawdown
dd_p17_cp66,1.055976614014071,1.0,drawdown
dd_p17_cp67,1.5596183402522001e-06,1.0,drawdown
dd_p17_cp68,1.1241937643299025,1.0,drawdown
dd_p17_cp69,1.175881607196061e-06,1.0,drawdown
dd_p17_cp70,1.0483544698895457,1.0,drawdown
dd_p17_cp71,9.847483397606993e-07,1.0,drawdown
dd_p17_cp72,0.862209738739466,1.0,drawdown
dd_p17_cp73,8.267368230008287e-07,1.0,drawdown
dd_p17_cp74,0.6358966607119783,1.0,drawdown
dd_p17_cp75,6.617444796575e-07,1.0,drawdown
dd_p17_cp76,0.427354493964458,1.0,drawdown
dd_p17_cp77,4.95918357046321e-07,1.0,drawdown
dd_p17_cp78,0.2649594843487648,1.0,drawdown
dd_p17_cp79,3.4629033507371787e-07,1.0,drawdown
dd_p17_cp80,0.15288201449425287,1.0,drawdown
dd_p17_cp81,2.252911599498475e-07,1.0,drawdown
dd_p17_cp82,0.08259896706795189,1.0,drawdown
dd_p17_cp83,1.3647809282701928e-07,1.0,drawdown
dd_p17_cp84,0.12503465494910415,1.0,drawdown
dd_p17_cp85,0.14551354176228415,1.0,drawdown
dd_p17_cp86,0.21559519093671042,1.0,drawdown
dd_p17_cp87,0.24201523952979187,1.0,drawdown
dd_p17_cp88,0.34967340759067156,1.0,drawdown
dd_p17_cp89,0.3803071971533427,1.0,drawdown
dd_p17_cp90,0.5286339496328765,1.0,drawdown
dd_p17_cp91,0.5662968859264765,1.0,drawdown
dd_p17_cp92,0.7328986256657117,1.0,drawdown
dd_p17_cp93,0.8039003966941891,1.0,drawdown
dd_p17_cp94,0.9100664928573678,1.0,drawdown
dd_p17_cp95,1.0974359114168237,1.0,drawdown
dd_p17_cp96,0.9858460049345013,1.0,drawdown
dd_p17_cp97,1.4490227702056018,1.0,drawdown
dd_p17_cp98,0.9178682171600485,1.0,drawdown
dd_p17_cp99,1.8346033061779963,1.0,drawdown
dd_p17_cp100,0.7482168216602076,1.0,drawdown
dd_p17_cp101,2.161101687102473,1.0,drawdown
dd_p17_cp102,0.5505617248786621,1.0,drawdown
dd_p17_cp103,2.2785602882875082,1.0,drawdown
dd_p17_cp104,0.37631748539206455,1.0,drawdown
dd_p17_cp105,2.099951006375022,1.0,drawdown
dd_p17_cp106,0.24410573366640165,1.0,drawdown
dd_p17_cp107,1.7285552610037485,1.0,drawdown
dd_p17_cp108,0.15222641334821674,1.0,drawdown
dd_p17_cp109,1.3393747616073597,1.0,drawdown
dd_p17_cp110,0.0917646397115277,1.0,drawdown
dd_p17_cp111,1.0582142264131562,1.0,drawdown
dd_p17_cp112,0.05350325008703294,1.0,drawdown
dd_p17_cp113,0.9305969416893731,1.0,drawdown
dd_p17_cp114,0.030141586130866926,1.0,drawdown
dd_p17_cp115,0.93375209474857,1.0,drawdown
dd_p17_cp116,0.016459505413877196,1.0,drawdown
dd_p17_cp117,0.9913280953173853,1.0,drawdown
dd_p17_cp118,0.008952259116995265,1.0,drawdown
dd_p17_cp119,0.9972286867821367,1.0,drawdown
dd_p17_cp120,0.005511162102720846,1.0,drawdown
dd_p17_cp121,0.8812681805598004,1.0,drawdown
dd_p17_cp122,0.0053261182142705366,1.0,drawdown
dd_p17_cp123,0.6813206473859736,1.0,drawdown
dd_p17_cp124,0.009123399720010639,1.0,drawdown
dd_p17_cp125,0.47053731746973426,1.0,drawdown
dd_p17_cp126,0.019908189729903825,1.0,drawdown
dd_p17_cp127,0.29644052979824664,1.0,drawdown
dd_p17_cp128,0.04441416151394151,1.0,drawdown
dd_p17_cp129,0.17299815237493021,1.0,drawdown
dd_p17_cp130,0.09533151291680042,1.0,drawdown
dd_p17_cp131,0.09450626121110872,1.0,drawdown
dd_p17_cp132,0.19389326351938507,1.0,drawdown
dd_p17_cp133,0.04870233851488592,1.0,drawdown
dd_p17_cp134,0.3713243942047484,1.0,drawdown
dd_p17_cp135,0.023881936426050743,1.0,drawdown
dd_p17_cp136,0.6659480826115214,1.0,drawdown
dd_p17_cp137,0.011418892860092456,1.0,drawdown
dd_p17_cp138,1.1109533011476742,1.0,drawdown
dd_p17_cp139,0.005931345985572989,1.0,drawdown
dd_p17_cp140,1.7078589534603452,1.0,drawdown
dd_p17_cp141,0.004656552872120301,1.0,drawdown
dd_p17_cp142,2.386865877795117,1.0,drawdown
dd_p17_cp143,0.0068370456042430305,1.0,drawdown
dd_p17_cp144,2.97448257033102,1.0,drawdown
dd_p17_cp145,0.013389534927227942,1.0,drawdown
dd_p17_cp146,3.2232166803182736,1.0,drawdown
dd_p17_cp147,0.026785203096096666,1.0,drawdown
dd_p17_cp148,2.974482382151109,1.0,drawdown
dd_p17_cp149,0.05080749117792038,1.0,drawdown
dd_p17_cp150,2.3868653241756874,1.0,drawdown
dd_p17_cp151,0.0896629596306866,1.0,drawdown
dd_p17_cp152,1.7078575587797786,1.0,drawdown
dd_p17_cp153,0.14600190973419558,1.0,drawdown
dd_p17_cp154,1.1109500012016724,1.0,drawdown
dd_p17_cp155,0.21810372604795703,1.0,drawdown
dd_p17_cp156,0.6659406612366183,1.0,drawdown
dd_p17_cp157,0.2978537900141873,1.0,drawdown
dd_p17_cp158,0.3713084525102204,1.0,drawdown
dd_p17_cp159,0.37223413202013944,1.0,drawdown
dd_p17_cp160,0.193860312801462,1.0,drawdown
dd_p17_cp161,0.4298586481509119,1.0,drawdown
dd_p17_cp162,0.09526518876236878,1.0,drawdown
dd_p17_cp163,0.4694923829442814,1.0,drawdown
dd_p17_cp164,0.04428201478867777,1.0,drawdown
dd_p17_cp165,0.5025231944209736,1.0,drawdown
dd_p17_cp166,0.01964298867551406,1.0,drawdown
dd_p17_cp167,0.5432688357575444,1.0,drawdown
dd_p17_cp168,0.008580864271152677,1.0,drawdown
dd_p17_cp169,0.5937052490810402,1.0,drawdown
dd_p17_cp170,0.00419371438511007,1.0,drawdown
dd_p17_cp171,0.6344623656614203,1.0,drawdown
dd_p17_cp172,0.0031234010689331626,1.0,drawdown
dd_p17_cp173,0.6328792337969844,1.0,drawdown
dd_p17_cp174,0.003941334881801595,1.0,drawdown
dd_p17_cp175,0.5693072090546138,1.0,drawdown
dd_p17_cp176,0.006138777943306195,1.0,drawdown
dd_p17_cp177,0.45857499809471847,1.0,drawdown
dd_p17_cp178,0.009493917363215587,1.0,drawdown
dd_p17_cp179,0.3334761700514264,1.0,drawdown
dd_p17_cp180,0.013651506161750149,1.0,drawdown
dd_p17_cp181,0.2215501529865378,1.0,drawdown
dd_p17_cp182,0.017886026720589143,1.0,drawdown
dd_p17_cp183,0.13591111558002922,1.0,drawdown
dd_p17_cp184,0.02113222081470667,1.0,drawdown
dd_p17_cp185,0.07762416700757058,1.0,drawdown
dd_p17_cp186,0.022353110048243252,1.0,drawdown
dd_p17_cp187,0.0415307804994427,1.0,drawdown
dd_p17_cp188,0.02110090746646165,1.0,drawdown
dd_p17_cp189,0.02091261112855136,1.0,drawdown
dd_p17_cp190,0.017824865697548375,1.0,drawdown
dd_p17_cp191,0.009948169962626707,1.0,drawdown
dd_p17_cp192,0.013560002358644851,1.0,drawdown
dd_p17_cp193,0.00448499061099028,1.0,drawdown
dd_p17_cp194,0.009358282203720591,1.0,drawdown
dd_p17_cp195,0.001921738763940084,1.0,drawdown
dd_p17_cp196,0.005901111670482351,1.0,drawdown
dd_p17_cp197,0.0007846266130400181,1.0,drawdown
dd_p17_cp198,0.0034222748340653197,1.0,drawdown
dd_p17_cp199,0.0003059860594021302,1.0,drawdown
dd_p17_cp200,0.0018361840670877427,1.0,drawdown
dd_p17_cp201,0.0001142268224612053,1.0,drawdown
dd_p17_cp202,0.0009163834261016746,1.0,drawdown
dd_p17_cp203,4.090256061317632e-05,1.0,drawdown
dd_p17_cp204,0.0004274910293133871,1.0,drawdown
dd_p17_cp205,1.4075693798076827e-05,1.0,drawdown
dd_p17_cp206,0.00018724305527939578,1.0,drawdown
dd_p17_cp207,4.663099389290437e-06,1.0,drawdown
dd_p17_cp208,7.731832101853797e-05,1.0,drawdown
dd_p17_cp209,1.489395572207286e-06,1.0,drawdown
dd_p17_cp210,3.0211475404939847e-05,1.0,drawdown
dd_p17_cp211,4.5908586798759643e-07,1.0,drawdown
dd_p18_cp0,0.08389469769008429,1.0,drawdown
dd_p18_cp1,1.9499609607009916e-05,1.0,drawdown
dd_p18_cp2,0.1394016198250938,1.0,drawdown
dd_p18_cp3,3.935050926884287e-05,1.0,drawdown
dd_p18_cp4,0.21735444939895388,1.0,drawdown
dd_p18_cp5,7.45405423003831e-05,1.0,drawdown
dd_p18_cp6,0.31528193163285323,1.0,drawdown
dd_p18_cp7,0.00013218905996836838,1.0,drawdown
dd_p18_cp8,0.4198875349620721,1.0,drawdown
dd_p18_cp9,0.00021910147688686266,1.0,drawdown
dd_p18_cp10,0.5047622017827962,1.0,drawdown
dd_p18_cp11,0.0003395453636585444,1.0,drawdown
dd_p18_cp12,0.5385381287842392,1.0,drawdown
dd_p18_cp13,0.0004939907516927633,1.0,drawdown
dd_p18_cp14,0.5056581268204354,1.0,drawdown
dd_p18_cp15,0.0006816415752837202,1.0,drawdown
dd_p18_cp16,0.4215308338034447,1.0,drawdown
dd_p18_cp17,0.0009089902373489167,1.0,drawdown
dd_p18_cp18,0.317444275564867,1.0,drawdown
dd_p18_cp19,0.0012027199400108657,1.0,drawdown
dd_p18_cp20,0.21986521647568225,1.0,drawdown
dd_p18_cp21,0.0016189348198167863,1.0,drawdown
dd_p18_cp22,0.14236320611871633,1.0,drawdown
dd_p18_cp23,0.0022365836225617386,1.0,drawdown
dd_p18_cp24,0.08802044347248739,1.0,drawdown
dd_p18_cp25,0.0031269432502085692,1.0,drawdown
dd_p18_cp26,0.05480059055525999,1.0,drawdown
dd_p18_cp27,0.004304095296902233,1.0,drawdown
dd_p18_cp28,0.039901519435261434,1.0,drawdown
dd_p18_cp29,0.0056770255341689335,1.0,drawdown
dd_p18_cp30,0.042480569168674265,1.0,drawdown
dd_p18_cp31,0.007034180607661256,1.0,drawdown
dd_p18_cp32,0.06518061924180074,1.0,drawdown
dd_p18_cp33,0.008086170879778365,1.0,drawdown
dd_p18_cp34,0.11462565984720641,1.0,drawdown
dd_p18_cp35,0.00856442880603936,1.0,drawdown
dd_p18_cp36,0.20048535605701545,1.0,drawdown
dd_p18_cp37,0.008332604807492316,1.0,drawdown
dd_p18_cp38,0.3323643466173962,1.0,drawdown
dd_p18_cp39,0.007446108230396931,1.0,drawdown
dd_p18_cp40,0.5140358373182607,1.0,drawdown
dd_p18_cp41,0.006122805595623504,1.0,drawdown
dd_p18_cp42,0.7355708999416493,1.0,drawdown
dd_p18_cp43,0.004647495172775962,1.0,drawdown
dd_p18_cp44,0.9656470527470447,1.0,drawdown
dd_p18_cp45,0.0032691374603928125,1.0,drawdown
dd_p18_cp46,1.1494444120116896,1.0,drawdown
dd_p18_cp47,0.0021400260470727517,1.0,drawdown
dd_p18_cp48,1.2232064469176294,1.0,drawdown
dd_p18_cp49,0.0013091487103338295,1.0,drawdown
dd_p18_cp50,1.1560173471152666,1.0,drawdown
dd_p18_cp51,0.0007513843384003849,1.0,drawdown
dd_p18_cp52,0.991090998571508,1.0,drawdown
dd_p18_cp53,0.0004061184195052192,1.0,drawdown
dd_p18_cp54,0.8045684842149967,1.0,drawdown
dd_p18_cp55,0.00020747142707477906,1.0,drawdown
dd_p18_cp56,0.6639444385468778,1.0,drawdown
dd_p18_cp57,0.0001006185752885358,1.0,drawdown
dd_p18_cp58,0.6126428626803317,1.0,drawdown
dd_p18_cp59,4.6662771183036966e-05,1.0,drawdown
dd_p18_cp60,0.6679022910993808,1.0,drawdown
dd_p18_cp61,2.1034325527580222e-05,1.0,drawdown
dd_p18_cp62,0.8191440400100873,1.0,drawdown
dd_p18_cp63,9.590119134372799e-06,1.0,drawdown
dd_p18_cp64,1.023357327066151,1.0,drawdown
dd_p18_cp65,4.798040208697785e-06,1.0,drawdown
dd_p18_cp66,1.2050863710096564,1.0,drawdown
dd_p18_cp67,2.9066181923553813e-06,1.0,drawdown
dd_p18_cp68,1.2779597063488382,1.0,drawdown
dd_p18_cp69,2.158968754883972e-06,1.0,drawdown
dd_p18_cp70,1.195426920588261,1.0,drawdown
dd_p18_cp71,1.7884167391457595e-06,1.0,drawdown
dd_p18_cp72,0.9915350032952119,1.0,drawdown
dd_p18_cp73,1.4985666894062888e-06,1.0,drawdown
dd_p18_cp74,0.7402192150495921,1.0,drawdown
dd_p18_cp75,1.2060002063662978e-06,1.0,drawdown
dd_p18_cp76,0.5049057327057653,1.0,drawdown
dd_p18_cp77,9.134616902883863e-07,1.0,drawdown
dd_p18_cp78,0.3184798489135119,1.0,drawdown
dd_p18_cp79,6.47213482807274e-07,1.0,drawdown
dd_p18_cp80,0.18740301095795076,1.0,drawdown
dd_p18_cp81,4.285723207431147e-07,1.0,drawdown
dd_p18_cp82,0.10350704215238693,1.0,drawdown
dd_p18_cp83,2.6487145987630356e-07,1.0,drawdown
dd_p18_cp84,0.1513143352494808,1.0,drawdown
dd_p18_cp85,0.1797213892784839,1.0,drawdown
dd_p18_cp86,0.258768132100613,1.0,drawdown
dd_p18_cp87,0.29557661178387207,1.0,drawdown
dd_p18_cp88,0.41720053554399783,1.0,drawdown
dd_p18_cp89,0.4606078020467521,1.0,drawdown
dd_p18_cp90,0.6271854226079085,1.0,drawdown
dd_p18_cp91,0.6814629199739102,1.0,drawdown
dd_p18_cp92,0.8640451511928404,1.0,drawdown
dd_p18_cp93,0.961435026912568,1.0,drawdown
dd_p18_cp94,1.0663901885905034,1.0,drawdown
dd_p18_cp95,1.3016426614633474,1.0,drawdown
dd_p18_cp96,1.151899970363047,1.0,drawdown
dd_p18_cp97,1.69717877576727,1.0,drawdown
dd_p18_cp98,1.0759348282808787,1.0,drawdown
dd_p18_cp99,2.1144196983607344,1.0,drawdown
dd_p18_cp100,0.8826904052152713,1.0,drawdown
dd_p18_cp101,2.454917306466541,1.0,drawdown
dd_p18_cp102,0.6537169570196966,1.0,drawdown
dd_p18_cp103,2.5726440497442127,1.0,drawdown
dd_p18_cp104,0.44929933527237154,1.0,drawdown
dd_p18_cp105,2.3858890759722726,1.0,drawdown
dd_p18_cp106,0.29309386410432126,1.0,drawdown
dd_p18_cp107,1.9959447956059648,1.0,drawdown
dd_p18_cp108,0.18419280277930739,1.0,drawdown
dd_p18_cp109,1.577101021289991,1.0,drawdown
dd_p18_cp110,0.11231562297871278,1.0,drawdown
dd_p18_cp111,1.2629149186161612,1.0,drawdown
dd_p18_cp112,0.06653943211222213,1.0,drawdown
dd_p18_cp113,1.1085243470711248,1.0,drawdown
dd_p18_cp114,0.03826298160402075,1.0,drawdown
dd_p18_cp115,1.0941020027587456,1.0,drawdown
dd_p18_cp116,0.021430819300803705,1.0,drawdown
dd_p18_cp117,1.1389923025269582,1.0,drawdown
dd_p18_cp118,0.01203267140817843,1.0,drawdown
dd_p18_cp119,1.1321430471648455,1.0,drawdown
dd_p18_cp120,0.00768889412529461,1.0,drawdown
dd_p18_cp121,1.0008322610451614,1.0,drawdown
dd_p18_cp122,0.0075475006046872295,1.0,drawdown
dd_p18_cp123,0.7803707649802618,1.0,drawdown
dd_p18_cp124,0.012590907301273546,1.0,drawdown
dd_p18_cp125,0.5454276802906861,1.0,drawdown
dd_p18_cp126,0.02649713317532587,1.0,drawdown
dd_p18_cp127,0.3483105181019255,1.0,drawdown
dd_p18_cp128,0.05722082211605084,1.0,drawdown
dd_p18_cp129,0.20637070608881913,1.0,drawdown
dd_p18_cp130,0.1192912595342932,1.0,drawdown
dd_p18_cp131,0.11468874168986076,1.0,drawdown
dd_p18_cp132,0.23628206017156117,1.0,drawdown
dd_p18_cp133,0.06027114173070913,1.0,drawdown
dd_p18_cp134,0.4418114086420246,1.0,drawdown
dd_p18_cp135,0.030240195396117997,1.0,drawdown
dd_p18_cp136,0.7757908188946203,1.0,drawdown
dd_p18_cp137,0.014900114941383436,1.0,drawdown
dd_p18_cp138,1.2710412751707736,1.0,drawdown
dd_p18_cp139,0.00810827007194348,1.0,drawdown
dd_p18_cp140,1.9256708065940984,1.0,drawdown
dd_p18_cp141,0.006701167961864485,1.0,drawdown
dd_p18_cp142,2.6627355012797125,1.0,drawdown
dd_p18_cp143,0.009871452044535545,1.0,drawdown
dd_p18_cp144,3.2971329592633083,1.0,drawdown
dd_p18_cp145,0.01879607286286955,1.0,drawdown
dd_p18_cp146,3.565076713085091,1.0,drawdown
dd_p18_cp147,0.036424890354055606,1.0,drawdown
dd_p18_cp148,3.2971325630583124,1.0,drawdown
dd_p18_cp149,0.06705390877732498,1.0,drawdown
dd_p18_cp150,2.662734371974693,1.0,drawdown
dd_p18_cp151,0.11515141675204177,1.0,drawdown
dd_p18_cp152,1.9256680693833914,1.0,drawdown
dd_p18_cp153,0.18309259708667014,1.0,drawdown
dd_p18_cp154,1.2710350528982417,1.0,drawdown
dd_p18_cp155,0.26826730858283554,1.0,drawdown
dd_p18_cp156,0.7757773735620503,1.0,drawdown
dd_p18_cp157,0.3613511872797517,1.0,drawdown
dd_p18_cp158,0.44178364863910247,1.0,drawdown
dd_p18_cp159,0.4483361618779327,1.0,drawdown
dd_p18_cp160,0.23622689200465175,1.0,drawdown
dd_p18_cp161,0.5174602239260366,1.0,drawdown
dd_p18_cp162,0.11918446125491755,1.0,drawdown
dd_p18_cp163,0.5677690530831114,1.0,drawdown
dd_p18_cp164,0.05701606837874351,1.0,drawdown
dd_p18_cp165,0.6113171517527007,1.0,drawdown
dd_p18_cp166,0.0261013116387403,1.0,drawdown
dd_p18_cp167,0.6625303616172005,1.0,drawdown
dd_p18_cp168,0.011809382647243183,1.0,drawdown
dd_p18_cp169,0.7219771801921979,1.0,drawdown
dd_p18_cp170,0.005968977864540648,1.0,drawdown
dd_p18_cp171,0.7671549810524994,1.0,drawdown
dd_p18_cp172,0.0044589547228497395,1.0,drawdown
dd_p18_cp173,0.7620213989239346,1.0,drawdown
dd_p18_cp174,0.005437658745904628,1.0,drawdown
dd_p18_cp175,0.685718124243067,1.0,drawdown
dd_p18_cp176,0.008180840025033831,1.0,drawdown
dd_p18_cp177,0.5548843174685771,1.0,drawdown
dd_p18_cp178,0.012330351509262982,1.0,drawdown
dd_p18_cp179,0.40665099186730913,1.0,drawdown
dd_p18_cp180,0.017397292144778476,1.0,drawdown
dd_p18_cp181,0.27298416992994134,1.0,drawdown
dd_p18_cp182,0.022491147527944122,1.0,drawdown
dd_p18_cp183,0.16965688032883008,1.0,drawdown
dd_p18_cp184,0.026358967633314023,1.0,drawdown
dd_p18_cp185,0.09844307954676879,1.0,drawdown
dd_p18_cp186,0.02780282628691566,1.0,drawdown
dd_p18_cp187,0.05366566442899057,1.0,drawdown
dd_p18_cp188,0.026309817895253218,1.0,drawdown
dd_p18_cp189,0.027612822594846875,1.0,drawdown
dd_p18_cp190,0.02239491060754517,1.0,drawdown
dd_p18_cp191,0.013457487134019175,1.0,drawdown
dd_p18_cp192,0.01725257260932267,1.0,drawdown
dd_p18_cp193,0.006230272448647156,1.0,drawdown
dd_p18_cp194,0.012115054727473762,1.0,drawdown
dd_p18_cp195,0.0027467778224945505,1.0,drawdown
dd_p18_cp196,0.007807469254657917,1.0,drawdown
dd_p18_cp197,0.0011558322748896899,1.0,drawdown
dd_p18_cp198,0.0046456488607873325,1.0,drawdown
dd_p18_cp199,0.00046519206853190553,1.0,drawdown
dd_p18_cp200,0.0025661185359240335,1.0,drawdown
dd_p18_cp201,0.00017942852173291612,1.0,drawdown
dd_p18_cp202,0.0013222220527495665,1.0,drawdown
dd_p18_cp203,6.644723271165276e-05,1.0,drawdown
dd_p18_cp204,0.0006383221948453865,1.0,drawdown
dd_p18_cp205,2.3666917059017578e-05,1.0,drawdown
dd_p18_cp206,0.0002898897369050246,1.0,drawdown
dd_p18_cp207,8.12042640063737e-06,1.0,drawdown
dd_p18_cp208,0.00012430589413270354,1.0,drawdown
dd_p18_cp209,2.687742153284489e-06,1.0,drawdown
dd_p18_cp210,5.050090430813725e-05,1.0,drawdown
dd_p18_cp211,8.589236131228972e-07,1.0,drawdown
dd_p19_cp0,0.10201080070146418,1.0,drawdown
dd_p19_cp1,3.224999863959965e-05,1.0,drawdown
dd_p19_cp2,0.16794690118331346,1.0,drawdown
dd_p19_cp3,6.320839656837052e-05,1.0,drawdown
dd_p19_cp4,0.2599741953617922,1.0,drawdown
dd_p19_cp5,0.0001165749840765784,1.0,drawdown
dd_p19_cp6,0.37471481545480856,1.0,drawdown
dd_p19_cp7,0.00020189007273074822,1.0,drawdown
dd_p19_cp8,0.496082143325566,1.0,drawdown
dd_p19_cp9,0.0003280201194684196,1.0,drawdown
dd_p19_cp10,0.5934818729756444,1.0,drawdown
dd_p19_cp11,0.0005005826569686178,1.0,drawdown
dd_p19_cp12,0.6319285297013266,1.0,drawdown
dd_p19_cp13,0.0007210300204860687,1.0,drawdown
dd_p19_cp14,0.5946339897041071,1.0,drawdown
dd_p19_cp15,0.0009907021030812757,1.0,drawdown
dd_p19_cp16,0.4982083854679331,1.0,drawdown
dd_p19_cp17,0.001321957912750804,1.0,drawdown
dd_p19_cp18,0.3775478652651145,1.0,drawdown
dd_p19_cp19,0.0017534939897814183,1.0,drawdown
dd_p19_cp20,0.2633349285329132,1.0,drawdown
dd_p19_cp21,0.0023595719626428036,1.0,drawdown
dd_p19_cp22,0.17202277433216295,1.0,drawdown
dd_p19_cp23,0.0032387372089033306,1.0,drawdown
dd_p19_cp24,0.10778709748183246,1.0,drawdown
dd_p19_cp25,0.004473445919302321,1.0,drawdown
dd_p19_cp26,0.0685767152963308,1.0,drawdown
dd_p19_cp27,0.006068470149330096,1.0,drawdown
dd_p19_cp28,0.051295700482114626,1.0,drawdown
dd_p19_cp29,0.00789465740444939,1.0,drawdown
dd_p19_cp30,0.05499676479530535,1.0,drawdown
dd_p19_cp31,0.009675138343027356,1.0,drawdown
dd_p19_cp32,0.08249412522764032,1.0,drawdown
dd_p19_cp33,0.011042313574762375,1.0,drawdown
dd_p19_cp34,0.14070095420447615,1.0,drawdown
dd_p19_cp35,0.011659729110760964,1.0,drawdown
dd_p19_cp36,0.23944256296363164,1.0,drawdown
dd_p19_cp37,0.011356425353824307,1.0,drawdown
dd_p19_cp38,0.3881598879283956,1.0,drawdown
dd_p19_cp39,0.010198911144016165,1.0,drawdown
dd_p19_cp40,0.5900771579904358,1.0,drawdown
dd_p19_cp41,0.008457955862922972,1.0,drawdown
dd_p19_cp42,0.8341168238098362,1.0,drawdown
dd_p19_cp43,0.006494746038242738,1.0,drawdown
dd_p19_cp44,1.0864397524387641,1.0,drawdown
dd_p19_cp45,0.004634061272099643,1.0,drawdown
dd_p19_cp46,1.2875927392346966,1.0,drawdown
dd_p19_cp47,0.00308417493261004,1.0,drawdown
dd_p19_cp48,1.3685283900881586,1.0,drawdown
dd_p19_cp49,0.0019221758634557773,1.0,drawdown
dd_p19_cp50,1.296487980377151,1.0,drawdown
dd_p19_cp51,0.0011260712367402448,1.0,drawdown
dd_p19_cp52,1.1185483140407086,1.0,drawdown
dd_p19_cp53,0.0006223334016794979,1.0,drawdown
dd_p19_cp54,0.9179903664239646,1.0,drawdown
dd_p19_cp55,0.00032564084585828823,1.0,drawdown
dd_p19_cp56,0.7683934150368259,1.0,drawdown
dd_p19_cp57,0.00016203572567974334,1.0,drawdown
dd_p19_cp58,0.7163790030526798,1.0,drawdown
dd_p19_cp59,7.72302546465653e-05,1.0,drawdown
dd_p19_cp60,0.7796348614224371,1.0,drawdown
dd_p19_cp61,3.582208955776878e-05,1.0,drawdown
dd_p19_cp62,0.9453651364929101,1.0,drawdown
dd_p19_cp63,1.678158514550887e-05,1.0,drawdown
dd_p19_cp64,1.165800610792303,1.0,drawdown
dd_p19_cp65,8.549101949029136e-06,1.0,drawdown
dd_p19_cp66,1.3596160449515082,1.0,drawdown
dd_p19_cp67,5.180730568099534e-06,1.0,drawdown
dd_p19_cp68,1.4361910290624564,1.0,drawdown
dd_p19_cp69,3.8025889352866216e-06,1.0,drawdown
dd_p19_cp70,1.3476707303684634,1.0,drawdown
dd_p19_cp71,3.118665063084336e-06,1.0,drawdown
dd_p19_cp72,1.12736244856319,1.0,drawdown
dd_p19_cp73,2.6070401872857474e-06,1.0,drawdown
dd_p19_cp74,0.8518565949341337,1.0,drawdown
dd_p19_cp75,2.107303544107708e-06,1.0,drawdown
dd_p19_cp76,0.589593377122128,1.0,drawdown
dd_p19_cp77,1.6111473541968735e-06,1.0,drawdown
dd_p19_cp78,0.3781300503064813,1.0,drawdown
dd_p19_cp79,1.1565628028620267e-06,1.0,drawdown
dd_p19_cp80,0.2266682794524968,1.0,drawdown
dd_p19_cp81,7.781654858263209e-07,1.0,drawdown
dd_p19_cp82,0.12778951909353964,1.0,drawdown
dd_p19_cp83,4.89650119561702e-07,1.0,drawdown
dd_p19_cp84,0.1820896051872296,1.0,drawdown
dd_p19_cp85,0.21892874989202937,1.0,drawdown
dd_p19_cp86,0.3088599435895958,1.0,drawdown
dd_p19_cp87,0.35615053053493284,1.0,drawdown
dd_p19_cp88,0.49417927908370984,1.0,drawdown
dd_p19_cp89,0.5500718740308912,1.0,drawdown
dd_p19_cp90,0.7367623977634139,1.0,drawdown
dd_p19_cp91,0.807510070233775,1.0,drawdown
dd_p19_cp92,1.0059355738694649,1.0,drawdown
dd_p19_cp93,1.1301980212720082,1.0,drawdown
dd_p19_cp94,1.23182799119013,1.0,drawdown
dd_p19_cp95,1.5150031156006207,1.0,drawdown
dd_p19_cp96,1.3261253245882472,1.0,drawdown
dd_p19_cp97,1.9497388795141433,1.0,drawdown
dd_p19_cp98,1.2432385738165976,1.0,drawdown
dd_p19_cp99,2.3928674535893606,1.0,drawdown
dd_p19_cp100,1.0281345518042144,1.0,drawdown
dd_p19_cp101,2.743667006726355,1.0,drawdown
dd_p19_cp102,0.768199798491878,1.0,drawdown
dd_p19_cp103,2.8610224440701586,1.0,drawdown
dd_p19_cp104,0.5320857743349734,1.0,drawdown
dd_p19_cp105,2.66716360941291,1.0,drawdown
dd_p19_cp106,0.3493894114935756,1.0,drawdown
dd_p19_cp107,2.262979909495016,1.0,drawdown
dd_p19_cp108,0.22107058769688592,1.0,drawdown
dd_p19_cp109,1.8209266354188003,1.0,drawdown
dd_p19_cp110,0.13600612265327072,1.0,drawdown
dd_p19_cp111,1.4786176714846988,1.0,drawdown
dd_p19_cp112,0.08158132619428216,1.0,drawdown
dd_p19_cp113,1.2982074625479072,1.0,drawdown
dd_p19_cp114,0.04770561613577229,1.0,drawdown
dd_p19_cp115,1.2631658651962425,1.0,drawdown
dd_p19_cp116,0.027310454254802607,1.0,drawdown
dd_p19_cp117,1.2911500195864392,1.0,drawdown
dd_p19_cp118,0.015780088601331954,1.0,drawdown
dd_p19_cp119,1.268555133359314,1.0,drawdown
dd_p19_cp120,0.010432496552311932,1.0,drawdown
dd_p19_cp121,1.1213344511770629,1.0,drawdown
dd_p19_cp122,0.01038724887985154,1.0,drawdown
dd_p19_cp123,0.881541326863271,1.0,drawdown
dd_p19_cp124,0.01692478600261893,1.0,drawdown
dd_p19_cp125,0.6239108443487567,1.0,drawdown
dd_p19_cp126,0.03445291989010002,1.0,drawdown
dd_p19_cp127,0.4042018428397114,1.0,drawdown
dd_p19_cp128,0.07219793883041348,1.0,drawdown
dd_p19_cp129,0.24320981568325806,1.0,drawdown
dd_p19_cp130,0.14653894889124786,1.0,drawdown
dd_p19_cp131,0.13743067556379174,1.0,drawdown
dd_p19_cp132,0.2833283202530765,1.0,drawdown
dd_p19_cp133,0.07356710612361894,1.0,drawdown
dd_p19_cp134,0.5184483120583536,1.0,drawdown
dd_p19_cp135,0.03771485283846232,1.0,drawdown
dd_p19_cp136,0.8932945889337134,1.0,drawdown
dd_p19_cp137,0.019121634658176845,1.0,drawdown
dd_p19_cp138,1.4404113595073795,1.0,drawdown
dd_p19_cp139,0.010865054703344867,1.0,drawdown
dd_p19_cp140,2.154747608536127,1.0,drawdown
dd_p19_cp141,0.009368864402404142,1.0,drawdown
dd_p19_cp142,2.9517002798334033,1.0,drawdown
dd_p19_cp143,0.013776802570419022,1.0,drawdown
dd_p19_cp144,3.632145024330839,1.0,drawdown
dd_p19_cp145,0.025526167694806645,1.0,drawdown
dd_p19_cp146,3.9161040283997863,1.0,drawdown
dd_p19_cp147,0.04801833986584825,1.0,drawdown
dd_p19_cp148,3.632144244931169,1.0,drawdown
dd_p19_cp149,0.08598584451101488,1.0,drawdown
dd_p19_cp150,2.951698120250967,1.0,drawdown
dd_p19_cp151,0.14404659267097486,1.0,drawdown
dd_p19_cp152,2.1547425531975932,1.0,drawdown
dd_p19_cp153,0.22421958275822362,1.0,drawdown
dd_p19_cp154,1.4404002754549765,1.0,drawdown
dd_p19_cp155,0.3230447360335802,1.0,drawdown
dd_p19_cp156,0.8932714824932191,1.0,drawdown
dd_p19_cp157,0.43016614599719105,1.0,drawdown
dd_p19_cp158,0.5184022625148828,1.0,drawdown
dd_p19_cp159,0.5307839032009269,1.0,drawdown
dd_p19_cp160,0.28323994332549773,1.0,drawdown
dd_p19_cp161,0.6128325466356728,1.0,drawdown
dd_p19_cp162,0.14637368278545182,1.0,drawdown
dd_p19_cp163,0.6755969439147975,1.0,drawdown
dd_p19_cp164,0.07189180587283772,1.0,drawdown
dd_p19_cp165,0.7316614779631436,1.0,drawdown
dd_p19_cp166,0.033880869874337805,1.0,drawdown
dd_p19_cp167,0.7951644299741929,1.0,drawdown
dd_p19_cp168,0.01583176239137174,1.0,drawdown
dd_p19_cp169,0.8646926278042883,1.0,drawdown
dd_p19_cp170,0.008246499176948419,1.0,drawdown
dd_p19_cp171,0.9143623143181685,1.0,drawdown
dd_p19_cp172,0.006173601629143377,1.0,drawdown
dd_p19_cp173,0.9051043797144303,1.0,drawdown
dd_p19_cp174,0.007299832645458082,1.0,drawdown
dd_p19_cp175,0.8152464476213481,1.0,drawdown
dd_p19_cp176,0.010641533228408662,1.0,drawdown
dd_p19_cp177,0.6631219070334282,1.0,drawdown
dd_p19_cp178,0.01567320474623557,1.0,drawdown
dd_p19_cp179,0.48996345791761087,1.0,drawdown
dd_p19_cp180,0.02174912947066332,1.0,drawdown
dd_p19_cp181,0.33233548283237724,1.0,drawdown
dd_p19_cp182,0.027793258826932288,1.0,drawdown
dd_p19_cp183,0.20910409505972893,1.0,drawdown
dd_p19_cp184,0.03234548671844095,1.0,drawdown
dd_p19_cp185,0.1230959456590881,1.0,drawdown
dd_p19_cp186,0.03403245928211618,1.0,drawdown
dd_p19_cp187,0.06823863007116415,1.0,drawdown
dd_p19_cp188,0.03227110919624465,1.0,drawdown
dd_p19_cp189,0.035791242167761084,1.0,drawdown
dd_p19_cp190,0.02764721764015121,1.0,drawdown
dd_p19_cp191,0.01782390186235716,1.0,drawdown
dd_p19_cp192,0.021528380453219143,1.0,drawdown
dd_p19_cp193,0.00845059528182901,1.0,drawdown
dd_p19_cp194,0.015343730007771228,1.0,drawdown
dd_p19_cp195,0.0038230352199661866,1.0,drawdown
dd_p19_cp196,0.01007572773960419,1.0,drawdown
dd_p19_cp197,0.0016535968120479083,1.0,drawdown
dd_p19_cp198,0.006131406938038708,1.0,drawdown
dd_p19_cp199,0.0006850914426195231,1.0,drawdown
dd_p19_cp200,0.003475030034678639,1.0,drawdown
dd_p19_cp201,0.0002723441853049735,1.0,drawdown
dd_p19_cp202,0.0018424098302602943,1.0,drawdown
dd_p19_cp203,0.00010405311786598759,1.0,drawdown
dd_p19_cp204,0.0009174104598059785,1.0,drawdown
dd_p19_cp205,3.826827719421999e-05,1.0,drawdown
dd_p19_cp206,0.0004305897700760397,1.0,drawdown
dd_p19_cp207,1.3567502492151107e-05,1.0,drawdown
dd_p19_cp208,0.00019113462076347787,1.0,drawdown
dd_p19_cp209,4.642810608856962e-06,1.0,drawdown
dd_p19_cp210,8.048982681430061e-05,1.0,drawdown
dd_p19_cp211,1.5346593045251211e-06,1.0,drawdown
dd_p20_cp0,0.12316583114625246,1.0,drawdown
dd_p20_cp1,5.105154332341044e-05,1.0,drawdown
dd_p20_cp2,0.20097104967226187,1.0,drawdown
dd_p20_cp3,9.743604596224031e-05,1.0,drawdown
dd_p20_cp4,0.3085929817448232,1.0,drawdown
dd_p20_cp5,0.0001754238705871103,1.0,drawdown
dd_p20_cp6,0.4413088966266514,1.0,drawdown
dd_p20_cp7,0.00029746712471023784,1.0,drawdown
dd_p20_cp8,0.5798990023645274,1.0,drawdown
dd_p20_cp9,0.00047494524869762245,1.0,drawdown
dd_p20_cp10,0.6897246768858167,1.0,drawdown
dd_p20_cp11,0.0007153453179853386,1.0,drawdown
dd_p20_cp12,0.7327361435145576,1.0,drawdown
dd_p20_cp13,0.001021931853301794,1.0,drawdown
dd_p20_cp14,0.6911736356114488,1.0,drawdown
dd_p20_cp15,0.001399620346546726,1.0,drawdown
dd_p20_cp16,0.5825903926179308,1.0,drawdown
dd_p20_cp17,0.0018688560276132193,1.0,drawdown
dd_p20_cp18,0.44494106657248267,1.0,drawdown
dd_p20_cp19,0.0024831456548781716,1.0,drawdown
dd_p20_cp20,0.31299252866210736,1.0,drawdown
dd_p20_cp21,0.003337518806802109,1.0,drawdown
dd_p20_cp22,0.20644277305200376,1.0,drawdown
dd_p20_cp23,0.004551263667508465,1.0,drawdown
dd_p20_cp24,0.13102665396718294,1.0,drawdown
dd_p20_cp25,0.006216318853603298,1.0,drawdown
dd_p20_cp26,0.08495693331542498,1.0,drawdown
dd_p20_cp27,0.008322783385665389,1.0,drawdown
dd_p20_cp28,0.06490359073040963,1.0,drawdown
dd_p20_cp29,0.01069458376878174,1.0,drawdown
dd_p20_cp30,0.06974707799236057,1.0,drawdown
dd_p20_cp31,0.012978665405171341,1.0,drawdown
dd_p20_cp32,0.10236542019583794,1.0,drawdown
dd_p20_cp33,0.014718242899562028,1.0,drawdown
dd_p20_cp34,0.16987754738102012,1.0,drawdown
dd_p20_cp35,0.015500011365475075,1.0,drawdown
dd_p20_cp36,0.28226821731959717,1.0,drawdown
dd_p20_cp37,0.01511334792485286,1.0,drawdown
dd_p20_cp38,0.4489345670244802,1.0,drawdown
dd_p20_cp39,0.013636072650569986,1.0,drawdown
dd_p20_cp40,0.6726792242338888,1.0,drawdown
dd_p20_cp41,0.01139773267777855,1.0,drawdown
dd_p20_cp42,0.9411548846428559,1.0,drawdown
dd_p20_cp43,0.008846484483001404,1.0,drawdown
dd_p20_cp44,1.217545938830881,1.0,drawdown
dd_p20_cp45,0.006395907711066684,1.0,drawdown
dd_p20_cp46,1.4373787072559026,1.0,drawdown
dd_p20_cp47,0.004322614043758222,1.0,drawdown
dd_p20_cp48,1.5262319937919528,1.0,drawdown
dd_p20_cp49,0.0027408952378209506,1.0,drawdown
dd_p20_cp50,1.4491563904534814,1.0,drawdown
dd_p20_cp51,0.0016364573943974392,1.0,drawdown
dd_p20_cp52,1.2575394331261123,1.0,drawdown
dd_p20_cp53,0.0009232147676812019,1.0,drawdown
dd_p20_cp54,1.041949159696287,1.0,drawdown
dd_p20_cp55,0.0004939037858093798,1.0,drawdown
dd_p20_cp56,0.8824037905660589,1.0,drawdown
dd_p20_cp57,0.0002516678869142197,1.0,drawdown
dd_p20_cp58,0.8289736196793456,1.0,drawdown
dd_p20_cp59,0.00012302935238039936,1.0,drawdown
dd_p20_cp60,0.8995072793936743,1.0,drawdown
dd_p20_cp61,5.859870088897878e-05,1.0,drawdown
dd_p20_cp62,1.0783938085251066,1.0,drawdown
dd_p20_cp63,2.8159153771412093e-05,1.0,drawdown
dd_p20_cp64,1.3128251457142142,1.0,drawdown
dd_p20_cp65,1.4603976978833089e-05,1.0,drawdown
dd_p20_cp66,1.516243739113179,1.0,drawdown
dd_p20_cp67,8.87251826497959e-06,1.0,drawdown
dd_p20_cp68,1.595318807845615,1.0,drawdown
dd_p20_cp69,6.452020215874654e-06,1.0,drawdown
dd_p20_cp70,1.5017321373045434,1.0,drawdown
dd_p20_cp71,5.24423649039818e-06,1.0,drawdown
dd_p20_cp72,1.2671619772145277,1.0,drawdown
dd_p20_cp73,4.372317562229e-06,1.0,drawdown
dd_p20_cp74,0.9692396043515146,1.0,drawdown
dd_p20_cp75,3.546739890225581e-06,1.0,drawdown
dd_p20_cp76,0.6806442318656991,1.0,drawdown
dd_p20_cp77,2.734113195401733e-06,1.0,drawdown
dd_p20_cp78,0.4436825161321849,1.0,drawdown
dd_p20_cp79,1.9859130588884e-06,1.0,drawdown
dd_p20_cp80,0.27075117135723303,1.0,drawdown
dd_p20_cp81,1.3556418707594275e-06,1.0,drawdown
dd_p20_cp82,0.1556368420160652,1.0,drawdown
dd_p20_cp83,8.670081115269568e-07,1.0,drawdown
dd_p20_cp84,0.21765576889083604,1.0,drawdown
dd_p20_cp85,0.26324291001060374,1.0,drawdown
dd_p20_cp86,0.3657694985604394,1.0,drawdown
dd_p20_cp87,0.42356713426602255,1.0,drawdown
dd_p20_cp88,0.5795347913531259,1.0,drawdown
dd_p20_cp89,0.6479398356354977,1.0,drawdown
dd_p20_cp90,0.8547854653243121,1.0,drawdown
dd_p20_cp91,0.9427154965324007,1.0,drawdown
dd_p20_cp92,1.1544740256822479,1.0,drawdown
dd_p20_cp93,1.3073094357666832,1.0,drawdown
dd_p20_cp94,1.4015125317346246,1.0,drawdown
dd_p20_cp95,1.7339195000279233,1.0,drawdown
dd_p20_cp96,1.5037163402066653,1.0,drawdown
dd_p20_cp97,2.203639827319421,1.0,drawdown
dd_p20_cp98,1.4148846463845075,1.0,drawdown
dd_p20_cp99,2.6686571299578645,1.0,drawdown
dd_p20_cp100,1.180403809858035,1.0,drawdown
dd_p20_cp101,3.027348838514854,1.0,drawdown
dd_p20_cp102,0.8913671950817843,1.0,drawdown
dd_p20_cp103,3.1433016971532197,1.0,drawdown
dd_p20_cp104,0.6235322018592342,1.0,drawdown
dd_p20_cp105,2.944169125068811,1.0,drawdown
dd_p20_cp106,0.4128220968982532,1.0,drawdown
dd_p20_cp107,2.5289841838080065,1.0,drawdown
dd_p20_cp108,0.26309209532564637,1.0,drawdown
dd_p20_cp109,2.068362881712119,1.0,drawdown
dd_p20_cp110,0.16311842047844038,1.0,drawdown
dd_p20_cp111,1.7019114940699183,1.0,drawdown
dd_p20_cp112,0.09883537058749425,1.0,drawdown
dd_p20_cp113,1.496303076981576,1.0,drawdown
dd_p20_cp114,0.05859877738339492,1.0,drawdown
dd_p20_cp115,1.4380082653167392,1.0,drawdown
dd_p20_cp116,0.034184775781795906,1.0,drawdown
dd_p20_cp117,1.4449193360376285,1.0,drawdown
dd_p20_cp118,0.020267283006887737,1.0,drawdown
dd_p20_cp119,1.4035797754636405,1.0,drawdown
dd_p20_cp120,0.013818507298765326,1.0,drawdown
dd_p20_cp121,1.240208265753381,1.0,drawdown
dd_p20_cp122,0.013935025050159311,1.0,drawdown
dd_p20_cp123,0.982782846937198,1.0,drawdown
dd_p20_cp124,0.022231541430755897,1.0,drawdown
dd_p20_cp125,0.704398964792972,1.0,drawdown
dd_p20_cp126,0.0438946873164241,1.0,drawdown
dd_p20_cp127,0.46315761071173256,1.0,drawdown
dd_p20_cp128,0.08946130184131107,1.0,drawdown
dd_p20_cp129,0.28313012317130415,1.0,drawdown
dd_p20_cp130,0.17716133578414883,1.0,drawdown
dd_p20_cp131,0.1626727881550778,1.0,drawdown
dd_p20_cp132,0.33507151304092986,1.0,drawdown
dd_p20_cp133,0.08865473403602664,1.0,drawdown
dd_p20_cp134,0.6012462277308259,1.0,drawdown
dd_p20_cp135,0.04639820089641944,1.0,drawdown
dd_p20_cp136,1.0184751460260486,1.0,drawdown
dd_p20_cp137,0.024175991271931707,1.0,drawdown
dd_p20_cp138,1.618818292324704,1.0,drawdown
dd_p20_cp139,0.014294817244490332,1.0,drawdown
dd_p20_cp140,2.3930905481192895,1.0,drawdown
dd_p20_cp141,0.012759447765347431,1.0,drawdown
dd_p20_cp142,3.2465100812905803,1.0,drawdown
dd_p20_cp143,0.018659132827906433,1.0,drawdown
dd_p20_cp144,3.964438258971768,1.0,drawdown
dd_p20_cp145,0.033676691496111744,1.0,drawdown
dd_p20_cp146,4.258125808235491,1.0,drawdown
dd_p20_cp147,0.061621534509640696,1.0,drawdown
dd_p20_cp148,3.9644368142066924,1.0,drawdown
dd_p20_cp149,0.10758366928575924,1.0,drawdown
dd_p20_cp150,3.2465061782481826,1.0,drawdown
dd_p20_cp151,0.17624629983993145,1.0,drawdown
dd_p20_cp152,2.39308169462538,1.0,drawdown
dd_p20_cp153,0.26925164250133093,1.0,drawdown
dd_p20_cp154,1.6187995059021887,1.0,drawdown
dd_p20_cp155,0.3823882778413008,1.0,drawdown
dd_p20_cp156,1.0184372321259616,1.0,drawdown
dd_p20_cp157,0.5044431814203563,1.0,drawdown
dd_p20_cp158,0.6011730317841284,1.0,drawdown
dd_p20_cp159,0.6199293154095358,1.0,drawdown
dd_p20_cp160,0.3349353599405731,1.0,drawdown
dd_p20_cp161,0.716425235332963,1.0,drawdown
dd_p20_cp162,0.17691449855101382,1.0,drawdown
dd_p20_cp163,0.7933169131356408,1.0,drawdown
dd_p20_cp164,0.08901802885657162,1.0,drawdown
dd_p20_cp165,0.8635057887368021,1.0,drawdown
dd_p20_cp166,0.04309164575988689,1.0,drawdown
dd_p20_cp167,0.9404950406224089,1.0,drawdown
dd_p20_cp168,0.020743075273912837,1.0,drawdown
dd_p20_cp169,1.0205214354768941,1.0,drawdown
dd_p20_cp170,0.011102350599230704,1.0,drawdown
dd_p20_cp171,1.0743388397258968,1.0,drawdown
dd_p20_cp172,0.008327944148277311,1.0,drawdown
dd_p20_cp173,1.0603312631506014,1.0,drawdown
dd_p20_cp174,0.009579477153693006,1.0,drawdown
dd_p20_cp175,0.9563508983990232,1.0,drawdown
dd_p20_cp176,0.013570055763466371,1.0,drawdown
dd_p20_cp177,0.7822787066522778,1.0,drawdown
dd_p20_cp178,0.019574216315049853,1.0,drawdown
dd_p20_cp179,0.5830340129548404,1.0,drawdown
dd_p20_cp180,0.0267634992501371,1.0,drawdown
dd_p20_cp181,0.39970541313869035,1.0,drawdown
dd_p20_cp182,0.033852916305477265,1.0,drawdown
dd_p20_cp183,0.25458215894195746,1.0,drawdown
dd_p20_cp184,0.03915435435510517,1.0,drawdown
dd_p20_cp185,0.1519413074863678,1.0,drawdown
dd_p20_cp186,0.041104590864051715,1.0,drawdown
dd_p20_cp187,0.08554222734119321,1.0,drawdown
dd_p20_cp188,0.03904541185238486,1.0,drawdown
dd_p20_cp189,0.04565487611353092,1.0,drawdown
dd_p20_cp190,0.03363835366690182,1.0,drawdown
dd_p20_cp191,0.023182595114576543,1.0,drawdown
dd_p20_cp192,0.026437496602738975,1.0,drawdown
dd_p20_cp193,0.011229886250475829,1.0,drawdown
dd_p20_cp194,0.01908619398409428,1.0,drawdown
dd_p20_cp195,0.005200564581627987,1.0,drawdown
dd_p20_cp196,0.012739633146338747,1.0,drawdown
dd_p20_cp197,0.002306580676304293,1.0,drawdown
dd_p20_cp198,0.007906376260962134,1.0,drawdown
dd_p20_cp199,0.0009813705985379784,1.0,drawdown
dd_p20_cp200,0.004584062834055658,1.0,drawdown
dd_p20_cp201,0.0004011468372482341,1.0,drawdown
dd_p20_cp202,0.002493170285561064,1.0,drawdown
dd_p20_cp203,0.00015776496206854063,1.0,drawdown
dd_p20_cp204,0.0012765777187269123,1.0,drawdown
dd_p20_cp205,5.978029344078095e-05,1.0,drawdown
dd_p20_cp206,0.0006173819369905686,1.0,drawdown
dd_p20_cp207,2.1852890313311946e-05,1.0,drawdown
dd_p20_cp208,0.0002828655742632691,1.0,drawdown
dd_p20_cp209,7.715110541539616e-06,1.0,drawdown
dd_p20_cp210,0.0001231254523190728,1.0,drawdown
dd_p20_cp211,2.632183623063611e-06,1.0,drawdown
dd_p21_cp0,0.14758375889869058,1.0,drawdown
dd_p21_cp1,7.779674751873245e-05,1.0,drawdown
dd_p21_cp2,0.23853952164517978,1.0,drawdown
dd_p21_cp3,0.00014494069046122604,1.0,drawdown
dd_p21_cp4,0.3628866614740218,1.0,drawdown
dd_p21_cp5,0.00025535694976497325,1.0,drawdown
dd_p21_cp6,0.5141656755008626,1.0,drawdown
dd_p21_cp7,0.00042497338790781214,1.0,drawdown
dd_p21_cp8,0.6699005590230627,1.0,drawdown
dd_p21_cp9,0.0006682573343823606,1.0,drawdown
dd_p21_cp10,0.7917869147368037,1.0,drawdown
dd_p21_cp11,0.0009952836248885433,1.0,drawdown
dd_p21_cp12,0.8392257600703488,1.0,drawdown
dd_p21_cp13,0.0014122270476946142,1.0,drawdown
dd_p21_cp14,0.7935743428301976,1.0,drawdown
dd_p21_cp15,0.001929298888626363,1.0,drawdown
dd_p21_cp16,0.6732429836847587,1.0,drawdown
dd_p21_cp17,0.002577436581304937,1.0,drawdown
dd_p21_cp18,0.5187350674486879,1.0,drawdown
dd_p21_cp19,0.0034277181061952433,1.0,drawdown
dd_p21_cp20,0.3685340280444507,1.0,drawdown
dd_p21_cp21,0.0045982027663740155,1.0,drawdown
dd_p21_cp22,0.2457239693480915,1.0,drawdown
dd_p21_cp23,0.006229427742255211,1.0,drawdown
dd_p21_cp24,0.15801666112975,1.0,drawdown
dd_p21_cp25,0.008420346940056334,1.0,drawdown
dd_p21_cp26,0.10423929525677522,1.0,drawdown
dd_p21_cp27,0.011140348209664808,1.0,drawdown
dd_p21_cp28,0.08097719976331064,1.0,drawdown
dd_p21_cp29,0.014157227759824309,1.0,drawdown
dd_p21_cp30,0.0869299215769388,1.0,drawdown
dd_p21_cp31,0.01703069413360936,1.0,drawdown
dd_p21_cp32,0.12496664678928937,1.0,drawdown
dd_p21_cp33,0.019203739628210315,1.0,drawdown
dd_p21_cp34,0.2023588353258674,1.0,drawdown
dd_p21_cp35,0.020177158762635372,1.0,drawdown
dd_p21_cp36,0.32927193982322933,1.0,drawdown
dd_p21_cp37,0.01969539568608525,1.0,drawdown
dd_p21_cp38,0.5151438914713253,1.0,drawdown
dd_p21_cp39,0.017847443723894685,1.0,drawdown
dd_p21_cp40,0.7623884036747768,1.0,drawdown
dd_p21_cp41,0.015027155999177921,1.0,drawdown
dd_p21_cp42,1.0572390254619677,1.0,drawdown
dd_p21_cp43,0.01178011915726529,1.0,drawdown
dd_p21_cp44,1.3596370957552608,1.0,drawdown
dd_p21_cp45,0.00862200415940606,1.0,drawdown
dd_p21_cp46,1.5998425680736545,1.0,drawdown
dd_p21_cp47,0.005910937397857197,1.0,drawdown
dd_p21_cp48,1.697562208972613,1.0,drawdown
dd_p21_cp49,0.0038087016478129954,1.0,drawdown
dd_p21_cp50,1.6151228319658912,1.0,drawdown
dd_p21_cp51,0.0023145013801695313,1.0,drawdown
dd_p21_cp52,1.4088277438536352,1.0,drawdown
dd_p21_cp53,0.0013309761548043753,1.0,drawdown
dd_p21_cp54,1.1770518363077827,1.0,drawdown
dd_p21_cp55,0.0007268657541317225,1.0,drawdown
dd_p21_cp56,1.0064019340502455,1.0,drawdown
dd_p21_cp57,0.00037863736997678643,1.0,drawdown
dd_p21_cp58,0.9503798344417191,1.0,drawdown
dd_p21_cp59,0.00018951097899844171,1.0,drawdown
dd_p21_cp60,1.026684631032822,1.0,drawdown
dd_p21_cp61,9.251972051060875e-05,1.0,drawdown
dd_p21_cp62,1.2164492071706263,1.0,drawdown
dd_p21_cp63,4.553315511657274e-05,1.0,drawdown
dd_p21_cp64,1.4618940079894855,1.0,drawdown
dd_p21_cp65,2.4030625354498625e-05,1.0,drawdown
dd_p21_cp66,1.6723295931378743,1.0,drawdown
dd_p21_cp67,1.4660291526524816e-05,1.0,drawdown
dd_p21_cp68,1.7530179480281731,1.0,drawdown
dd_p21_cp69,1.0585423069642275e-05,1.0,drawdown
dd_p21_cp70,1.6549158139978317,1.0,drawdown
dd_p21_cp71,8.53538381306862e-06,1.0,drawdown
dd_p21_cp72,1.4082843759288153,1.0,drawdown
dd_p21_cp73,7.096401986927958e-06,1.0,drawdown
dd_p21_cp74,1.0903986832558985,1.0,drawdown
dd_p21_cp75,5.7727654620975954e-06,1.0,drawdown
dd_p21_cp76,0.7769175245960014,1.0,drawdown
dd_p21_cp77,4.482516715142992e-06,1.0,drawdown
dd_p21_cp78,0.5146496375496099,1.0,drawdown
dd_p21_cp79,3.2905820717132883e-06,1.0,drawdown
dd_p21_cp80,0.3195659406626419,1.0,drawdown
dd_p21_cp81,2.275990482303314e-06,1.0,drawdown
dd_p21_cp82,0.1871565257893053,1.0,drawdown
dd_p21_cp83,1.4772995200473815e-06,1.0,drawdown
dd_p21_cp84,0.2580425822429788,1.0,drawdown
dd_p21_cp85,0.31260453523350407,1.0,drawdown
dd_p21_cp86,0.42895253255983334,1.0,drawdown
dd_p21_cp87,0.4973780797845393,1.0,drawdown
dd_p21_cp88,0.6717194793905037,1.0,drawdown
dd_p21_cp89,0.7530798649927419,1.0,drawdown
dd_p21_cp90,0.9786123108660831,1.0,drawdown
dd_p21_cp91,1.0850331016376913,1.0,drawdown
dd_p21_cp92,1.3065692613522515,1.0,drawdown
dd_p21_cp93,1.4899062886693173,1.0,drawdown
dd_p21_cp94,1.572909380639885,1.0,drawdown
dd_p21_cp95,1.9552764165787266,1.0,drawdown
dd_p21_cp96,1.6826243639447966,1.0,drawdown
dd_p21_cp97,2.4561367451699425,1.0,drawdown
dd_p21_cp98,1.5883124011447762,1.0,drawdown
dd_p21_cp99,2.9393724671385826,1.0,drawdown
dd_p21_cp100,1.3363594220650157,1.0,drawdown
dd_p21_cp101,3.302893383041919,1.0,drawdown
dd_p21_cp102,1.0205156297556641,1.0,drawdown
dd_p21_cp103,3.416237410273652,1.0,drawdown
dd_p21_cp104,0.7220239000439506,1.0,drawdown
dd_p21_cp105,3.2140722756105333,1.0,drawdown
dd_p21_cp106,0.48278101049163524,1.0,drawdown
dd_p21_cp107,2.791900620728029,1.0,drawdown
dd_p21_cp108,0.31022564684417375,1.0,drawdown
dd_p21_cp109,2.3169235780876534,1.0,drawdown
dd_p21_cp110,0.19382473303585357,1.0,drawdown
dd_p21_cp111,1.9295836905969281,1.0,drawdown
dd_p21_cp112,0.11848166783283887,1.0,drawdown
dd_p21_cp113,1.6995661739272236,1.0,drawdown
dd_p21_cp114,0.07107489880036155,1.0,drawdown
dd_p21_cp115,1.6162044954553494,1.0,drawdown
dd_p21_cp116,0.04214728509350607,1.0,drawdown
dd_p21_cp117,1.5996517693579335,1.0,drawdown
dd_p21_cp118,0.02557151595465257,1.0,drawdown
dd_p21_cp119,1.538433856849224,1.0,drawdown
dd_p21_cp120,0.017925593779636984,1.0,drawdown
dd_p21_cp121,1.3572639344968138,1.0,drawdown
dd_p21_cp122,0.018280819938809145,1.0,drawdown
dd_p21_cp123,1.0827665324165991,1.0,drawdown
dd_p21_cp124,0.028615291595997405,1.0,drawdown
dd_p21_cp125,0.7854726268988088,1.0,drawdown
dd_p21_cp126,0.05493527794487818,1.0,drawdown
dd_p21_cp127,0.5241705889661716,1.0,drawdown
dd_p21_cp128,0.10911769111862668,1.0,drawdown
dd_p21_cp129,0.32561365419496724,1.0,drawdown
dd_p21_cp130,0.21123789687680983,1.0,drawdown
dd_p21_cp131,0.19024578234802902,1.0,drawdown
dd_p21_cp132,0.39153892218064357,1.0,drawdown
dd_p21_cp133,0.10554079706116681,1.0,drawdown
dd_p21_cp134,0.6901110297458217,1.0,drawdown
dd_p21_cp135,0.05636162788255206,1.0,drawdown
dd_p21_cp136,1.1507887186321568,1.0,drawdown
dd_p21_cp137,0.030151518387583565,1.0,drawdown
dd_p21_cp138,1.804137496711519,1.0,drawdown
dd_p21_cp139,0.018490557017685205,1.0,drawdown
dd_p21_cp140,2.634557045490965,1.0,drawdown
dd_p21_cp141,0.016969235085753098,1.0,drawdown
dd_p21_cp142,3.53454284366353,1.0,drawdown
dd_p21_cp143,0.024612690941694382,1.0,drawdown
dd_p21_cp144,4.276366972305368,1.0,drawdown
dd_p21_cp145,0.043323582051016274,1.0,drawdown
dd_p21_cp146,4.573348979867205,1.0,drawdown
dd_p21_cp147,0.0772688739498335,1.0,drawdown
dd_p21_cp148,4.27636443023448,1.0,drawdown
dd_p21_cp149,0.1318285701941022,1.0,drawdown
dd_p21_cp150,3.5345361308040992,1.0,drawdown
dd_p21_cp151,0.21170687438689129,1.0,drawdown
dd_p21_cp152,2.634542246883484,1.0,drawdown
dd_p21_cp153,0.3182042755015573,1.0,drawdown
dd_p21_cp154,1.8041070168678743,1.0,drawdown
dd_p21_cp155,0.44648294965327295,1.0,drawdown
dd_p21_cp156,1.150728990760399,1.0,drawdown
dd_p21_cp157,0.5845971240844392,1.0,drawdown
dd_p21_cp158,0.6899989909670694,1.0,drawdown
dd_p21_cp159,0.7163639783557301,1.0,drawdown
dd_p21_cp160,0.3913363168953765,1.0,drawdown
dd_p21_cp161,0.8288495457036333,1.0,drawdown
dd_p21_cp162,0.2108807322224493,1.0,drawdown
dd_p21_cp163,0.921326466214623,1.0,drawdown
dd_p21_cp164,0.10849411016579324,1.0,drawdown
dd_p21_cp165,1.006727601325565,1.0,drawdown
dd_p21_cp166,0.05383725677347684,1.0,drawdown
dd_p21_cp167,1.0976557063338532,1.0,drawdown
dd_p21_cp168,0.026636553121079487,1.0,drawdown
dd_p21_cp169,1.187897446535544,1.0,drawdown
dd_p21_cp170,0.014614186177823285,1.0,drawdown
dd_p21_cp171,1.2451174474590516,1.0,drawdown
dd_p21_cp172,0.010986098980538372,1.0,drawdown
dd_p21_cp173,1.225664617975326,1.0,drawdown
dd_p21_cp174,0.012332673272794636,1.0,drawdown
dd_p21_cp175,1.1071905376616087,1.0,drawdown
dd_p21_cp176,0.017020278169638914,1.0,drawdown
dd_p21_cp177,0.9109458684467882,1.0,drawdown
dd_p21_cp178,0.02408905728134414,1.0,drawdown
dd_p21_cp179,0.6850515827654817,1.0,drawdown
dd_p21_cp180,0.03249904373888057,1.0,drawdown
dd_p21_cp181,0.47484423013702326,1.0,drawdown
dd_p21_cp182,0.0407305702319718,1.0,drawdown
dd_p21_cp183,0.30620347833314554,1.0,drawdown
dd_p21_cp184,0.04684599444090054,1.0,drawdown
dd_p21_cp185,0.18523677095004132,1.0,drawdown
dd_p21_cp186,0.04907859163631656,1.0,drawdown
dd_p21_cp187,0.10583765835053782,1.0,drawdown
dd_p21_cp188,0.04669100040837293,1.0,drawdown
dd_p21_cp189,0.05740975399589843,1.0,drawdown
dd_p21_cp190,0.040424319226531225,1.0,drawdown
dd_p21_cp191,0.0296764178237936,1.0,drawdown
dd_p21_cp192,0.032031332475071395,1.0,drawdown
dd_p21_cp193,0.014659833999985494,1.0,drawdown
dd_p21_cp194,0.023386957752336457,1.0,drawdown
dd_p21_cp195,0.006935171034683663,1.0,drawdown
dd_p21_cp196,0.015835732350296894,1.0,drawdown
dd_p21_cp197,0.0031472785706228024,1.0,drawdown
dd_p21_cp198,0.009999538084230153,1.0,drawdown
dd_p21_cp199,0.0013721482282562647,1.0,drawdown
dd_p21_cp200,0.005915723906127823,1.0,drawdown
dd_p21_cp201,0.0005754911010171782,1.0,drawdown
dd_p21_cp202,0.0032915819861045748,1.0,drawdown
dd_p21_cp203,0.000232488690471655,1.0,drawdown
dd_p21_cp204,0.0017282976496062474,1.0,drawdown
dd_p21_cp205,9.057762963493587e-05,1.0,drawdown
dd_p21_cp206,0.0008588909686295665,1.0,drawdown
dd_p21_cp207,3.4071438676619437e-05,1.0,drawdown
dd_p21_cp208,0.0004050819043186493,1.0,drawdown
dd_p21_cp209,1.238571621797746e-05,1.0,drawdown
dd_p21_cp210,0.0001817754910007352,1.0,drawdown
dd_p21_cp211,4.353017175162677e-06,1.0,drawdown
dd_p22_cp0,0.17535579697960202,1.0,drawdown
dd_p22_cp1,0.0001146882832472329,1.0,drawdown
dd_p22_cp2,0.2805033156614627,1.0,drawdown
dd_p22_cp3,0.00020904136135868612,1.0,drawdown
dd_p22_cp4,0.4223007745063114,1.0,drawdown
dd_p22_cp5,0.0003611872975852748,1.0,drawdown
dd_p22_cp6,0.5922955464243387,1.0,drawdown
dd_p22_cp7,0.0005911888165428536,1.0,drawdown
dd_p22_cp8,0.7648485638615057,1.0,drawdown
dd_p22_cp9,0.0009173252856271574,1.0,drawdown
dd_p22_cp10,0.8984134411584819,1.0,drawdown
dd_p22_cp11,0.001353190752070077,1.0,drawdown
dd_p22_cp12,0.9501490110865234,1.0,drawdown
dd_p22_cp13,0.0019092204283879255,1.0,drawdown
dd_p22_cp14,0.9005817947136165,1.0,drawdown
dd_p22_cp15,0.002602863000902289,1.0,drawdown
dd_p22_cp16,0.7689313549308281,1.0,drawdown
dd_p22_cp17,0.0034780409823724767,1.0,drawdown
dd_p22_cp18,0.5979496736026704,1.0,drawdown
dd_p22_cp19,0.004626012201242702,1.0,drawdown
dd_p22_cp20,0.4294246869312701,1.0,drawdown
dd_p22_cp21,0.0061896882334622205,1.0,drawdown
dd_p22_cp22,0.2897516393222759,1.0,drawdown
dd_p22_cp23,0.008330701772138127,1.0,drawdown
dd_p22_cp24,0.1888996832299199,1.0,drawdown
dd_p22_cp25,0.011151852283092012,1.0,drawdown
dd_p22_cp26,0.12666129869012366,1.0,drawdown
dd_p22_cp27,0.014595228963571572,1.0,drawdown
dd_p22_cp28,0.09975324440574695,1.0,drawdown
dd_p22_cp29,0.018362993772825575,1.0,drawdown
dd_p22_cp30,0.1067521909712923,1.0,drawdown
dd_p22_cp31,0.0219164959257796,1.0,drawdown
dd_p22_cp32,0.15049285678242086,1.0,drawdown
dd_p22_cp33,0.024587504379269376,1.0,drawdown
dd_p22_cp34,0.23837504005769006,1.0,drawdown
dd_p22_cp35,0.02578185754691731,1.0,drawdown
dd_p22_cp36,0.3807703870502337,1.0,drawdown
dd_p22_cp37,0.025193628450324468,1.0,drawdown
dd_p22_cp38,0.5872147583681908,1.0,drawdown
dd_p22_cp39,0.022922494715203356,1.0,drawdown
dd_p22_cp40,0.8597472608958014,1.0,drawdown
dd_p22_cp41,0.01943172496976331,1.0,drawdown
dd_p22_cp42,1.1831039482140113,1.0,drawdown
dd_p22_cp43,0.015374532651549089,1.0,drawdown
dd_p22_cp44,1.5138086934775856,1.0,drawdown
dd_p22_cp45,0.011382095917269908,1.0,drawdown
dd_p22_cp46,1.776436410045335,1.0,drawdown
dd_p22_cp47,0.007907860728664673,1.0,drawdown
dd_p22_cp48,1.8840475771953606,1.0,drawdown
dd_p22_cp49,0.005172437914097827,1.0,drawdown
dd_p22_cp50,1.795883451996815,1.0,drawdown
dd_p22_cp51,0.0031955276754160877,1.0,drawdown
dd_p22_cp52,1.573560862006616,1.0,drawdown
dd_p22_cp53,0.0018707904514485563,1.0,drawdown
dd_p22_cp54,1.324007856179378,1.0,drawdown
dd_p22_cp55,0.0010415100709906255,1.0,drawdown
dd_p22_cp56,1.1406789266870874,1.0,drawdown
dd_p22_cp57,0.0005538362834158761,1.0,drawdown
dd_p22_cp58,1.0803519154187597,1.0,drawdown
dd_p22_cp59,0.0002833630474015081,1.0,drawdown
dd_p22_cp60,1.1602540188532657,1.0,drawdown
dd_p22_cp61,0.00014156554607325234,1.0,drawdown
dd_p22_cp62,1.3581414193795354,1.0,drawdown
dd_p22_cp63,7.12494584149681e-05,1.0,drawdown
dd_p22_cp64,1.6118752966617649,1.0,drawdown
dd_p22_cp65,3.824495979642961e-05,1.0,drawdown
dd_p22_cp66,1.827786350777842,1.0,drawdown
dd_p22_cp67,2.345605298614828e-05,1.0,drawdown
dd_p22_cp68,1.909788890717664,1.0,drawdown
dd_p22_cp69,1.6847694723765017e-05,1.0,drawdown
dd_p22_cp70,1.8070590445486232,1.0,drawdown
dd_p22_cp71,1.3489648836184642e-05,1.0,drawdown
dd_p22_cp72,1.5494423869722596,1.0,drawdown
dd_p22_cp73,1.1183570450157276e-05,1.0,drawdown
dd_p22_cp74,1.2136960326286044,1.0,drawdown
dd_p22_cp75,9.117885838350048e-06,1.0,drawdown
dd_p22_cp76,0.8771463323046191,1.0,drawdown
dd_p22_cp77,7.125341653591022e-06,1.0,drawdown
dd_p22_cp78,0.5903314065876657,1.0,drawdown
dd_p22_cp79,5.280970299281762e-06,1.0,drawdown
dd_p22_cp80,0.3728607802506758,1.0,drawdown
dd_p22_cp81,3.696695102917147e-06,1.0,drawdown
dd_p22_cp82,0.2223560381482912,1.0,drawdown
dd_p22_cp83,2.4319576823472744e-06,1.0,drawdown
dd_p22_cp84,0.30304618960872176,1.0,drawdown
dd_p22_cp85,0.366781773141156,1.0,drawdown
dd_p22_cp86,0.4976215377905646,1.0,drawdown
dd_p22_cp87,0.5769044494174977,1.0,drawdown
dd_p22_cp88,0.7692375240544607,1.0,drawdown
dd_p22_cp89,0.8641772392816165,1.0,drawdown
dd_p22_cp90,1.1064139273626097,1.0,drawdown
dd_p22_cp91,1.2325031551695247,1.0,drawdown
dd_p22_cp92,1.4608574185622274,1.0,drawdown
dd_p22_cp93,1.675642033655322,1.0,drawdown
dd_p22_cp94,1.7453881280439418,1.0,drawdown
dd_p22_cp95,2.176635593546507,1.0,drawdown
dd_p22_cp96,1.8622375574277612,1.0,drawdown
dd_p22_cp97,2.7047756605729774,1.0,drawdown
dd_p22_cp98,1.7628673474082461,1.0,drawdown
dd_p22_cp99,3.2028457035191877,1.0,drawdown
dd_p22_cp100,1.4945939485332929,1.0,drawdown
dd_p22_cp101,3.5698330279867605,1.0,drawdown
dd_p22_cp102,1.1537602949592838,1.0,drawdown
dd_p22_cp103,3.681796795021228,1.0,drawdown
dd_p22_cp104,0.8260043285959,1.0,drawdown
dd_p22_cp105,3.4764724833542004,1.0,drawdown
dd_p22_cp106,0.5584183550131456,1.0,drawdown
dd_p22_cp107,3.0495743635910912,1.0,drawdown
dd_p22_cp108,0.36221120661684836,1.0,drawdown
dd_p22_cp109,2.563903466543934,1.0,drawdown
dd_p22_cp110,0.22816770415283827,1.0,drawdown
dd_p22_cp111,2.15872917670913,1.0,drawdown
dd_p22_cp112,0.14065117993095555,1.0,drawdown
dd_p22_cp113,1.9057847344488437,1.0,drawdown
dd_p22_cp114,0.08525721663500008,1.0,drawdown
dd_p22_cp115,1.7977897352568561,1.0,drawdown
dd_p22_cp116,0.0512946874850968,1.0,drawdown
dd_p22_cp117,1.7585254005991828,1.0,drawdown
dd_p22_cp118,0.031774122918250214,1.0,drawdown
dd_p22_cp119,1.6775543897429088,1.0,drawdown
dd_p22_cp120,0.022834603941646492,1.0,drawdown
dd_p22_cp121,1.4762677421394983,1.0,drawdown
dd_p22_cp122,0.023514576712841517,1.0,drawdown
dd_p22_cp123,1.182782569134588,1.0,drawdown
dd_p22_cp124,0.03617732668044482,1.0,drawdown
dd_p22_cp125,0.8667893222091152,1.0,drawdown
dd_p22_cp126,0.06768119289472452,1.0,drawdown
dd_p22_cp127,0.5865083877465622,1.0,drawdown
dd_p22_cp128,0.13126281566428588,1.0,drawdown
dd_p22_cp129,0.37012727926116895,1.0,drawdown
dd_p22_cp130,0.24882211656813524,1.0,drawdown
dd_p22_cp131,0.21990531338542496,1.0,drawdown
dd_p22_cp132,0.452662664887157,1.0,drawdown
dd_p22_cp133,0.12417579524867506,1.0,drawdown
dd_p22_cp134,0.7846037706431161,1.0,drawdown
dd_p22_cp135,0.06764906720513864,1.0,drawdown
dd_p22_cp136,1.2887171824654615,1.0,drawdown
dd_p22_cp137,0.037126816148202124,1.0,drawdown
dd_p22_cp138,1.9923086008830069,1.0,drawdown
dd_p22_cp139,0.023541569464214263,1.0,drawdown
dd_p22_cp140,2.8708310962902033,1.0,drawdown
dd_p22_cp141,0.022089108319050865,1.0,drawdown
dd_p22_cp142,3.8034023475406684,1.0,drawdown
dd_p22_cp143,0.031721063258601134,1.0,drawdown
dd_p22_cp144,4.554810741691654,1.0,drawdown
dd_p22_cp145,0.05452966990924324,1.0,drawdown
dd_p22_cp146,4.8497861863788785,1.0,drawdown
dd_p22_cp147,0.09499186429684414,1.0,drawdown
dd_p22_cp148,4.554806469812775,1.0,drawdown
dd_p22_cp149,0.1587321234412684,1.0,drawdown
dd_p22_cp150,3.803391295817164,1.0,drawdown
dd_p22_cp151,0.2504723010822545,1.0,drawdown
dd_p22_cp152,2.870807357277954,1.0,drawdown
dd_p22_cp153,0.3712410841806104,1.0,drawdown
dd_p22_cp154,1.9922610198709663,1.0,drawdown
dd_p22_cp155,0.5156845282022005,1.0,drawdown
dd_p22_cp156,1.288626418120657,1.0,drawdown
dd_p22_cp157,0.6711670249017061,1.0,drawdown
dd_p22_cp158,0.7844379213379398,1.0,drawdown
dd_p22_cp159,0.820704558658008,1.0,drawdown
dd_p22_cp160,0.45237035998843567,1.0,drawdown
dd_p22_cp161,0.9506445847905525,1.0,drawdown
dd_p22_cp162,0.2483198127056312,1.0,drawdown
dd_p22_cp163,1.0598898397588528,1.0,drawdown
dd_p22_cp164,0.1304081622479316,1.0,drawdown
dd_p22_cp165,1.1610685657851718,1.0,drawdown
dd_p22_cp166,0.06621520654925916,1.0,drawdown
dd_p22_cp167,1.2656872852826382,1.0,drawdown
dd_p22_cp168,0.0336034025299341,1.0,drawdown
dd_p22_cp169,1.3652059823537002,1.0,drawdown
dd_p22_cp170,0.01886085272735727,1.0,drawdown
dd_p22_cp171,1.4246580637482111,1.0,drawdown
dd_p22_cp172,0.014215327337296912,1.0,drawdown
dd_p22_cp173,1.3989255973588115,1.0,drawdown
dd_p22_cp174,0.015619365831753385,1.0,drawdown
dd_p22_cp175,1.2657608966690077,1.0,drawdown
dd_p22_cp176,0.0210494208054115,1.0,drawdown
dd_p22_cp177,1.0475039513073625,1.0,drawdown
dd_p22_cp178,0.02927485058489765,1.0,drawdown
dd_p22_cp179,0.7949253764020341,1.0,drawdown
dd_p22_cp180,0.0390125694298149,1.0,drawdown
dd_p22_cp181,0.557215368006382,1.0,drawdown
dd_p22_cp182,0.04848056676792112,1.0,drawdown
dd_p22_cp183,0.3638609722638648,1.0,drawdown
dd_p22_cp184,0.05547069446538444,1.0,drawdown
dd_p22_cp185,0.2231120014539556,1.0,drawdown
dd_p22_cp186,0.05800200418525492,1.0,drawdown
dd_p22_cp187,0.12933019969591442,1.0,drawdown
dd_p22_cp188,0.055255825878703035,1.0,drawdown
dd_p22_cp189,0.07124647864611688,1.0,drawdown
dd_p22_cp190,0.04805458015152908,1.0,drawdown
dd_p22_cp191,0.037449554430168064,1.0,drawdown
dd_p22_cp192,0.03835868941177978,1.0,drawdown
dd_p22_cp193,0.018837834437590573,1.0,drawdown
dd_p22_cp194,0.028290758932598692,1.0,drawdown
dd_p22_cp195,0.009088033606076351,1.0,drawdown
dd_p22_cp196,0.019402216272283113,1.0,drawdown
dd_p22_cp197,0.004212114881511297,1.0,drawdown
dd_p22_cp198,0.01244175400779568,1.0,drawdown
dd_p22_cp199,0.0018781360492994281,1.0,drawdown
dd_p22_cp200,0.007494034718092735,1.0,drawdown
dd_p22_cp201,0.0008066444218002289,1.0,drawdown
dd_p22_cp202,0.00425579669263243,1.0,drawdown
dd_p22_cp203,0.00033408529611733684,1.0,drawdown
dd_p22_cp204,0.002285828213643981,1.0,drawdown
dd_p22_cp205,0.00013357274838199373,1.0,drawdown
dd_p22_cp206,0.0011643735092548013,1.0,drawdown
dd_p22_cp207,5.160506771062501e-05,1.0,drawdown
dd_p22_cp208,0.0005638956281472929,1.0,drawdown
dd_p22_cp209,1.9280661035736557e-05,1.0,drawdown
dd_p22_cp210,0.00026023067266578437,1.0,drawdown
dd_p22_cp211,6.967831268411828e-06,1.0,drawdown
dd_p23_cp0,0.20645327158763394,1.0,drawdown
dd_p23_cp1,0.00016425016156063066,1.0,drawdown
dd_p23_cp2,0.3265783282126904,1.0,drawdown
dd_p23_cp3,0.0002934852927864995,1.0,drawdown
dd_p23_cp4,0.486226917928434,1.0,drawdown
dd_p23_cp5,0.000498300228628068,1.0,drawdown
dd_p23_cp6,0.674838780166283,1.0,drawdown
dd_p23_cp7,0.0008036666595216957,1.0,drawdown
dd_p23_cp8,0.86378962077697,1.0,drawdown
dd_p23_cp9,0.0012325658772169845,1.0,drawdown
dd_p23_cp10,1.0086105119044078,1.0,drawdown
dd_p23_cp11,0.00180325405426629,1.0,drawdown
dd_p23_cp12,1.0644555488624974,1.0,drawdown
dd_p23_cp13,0.00253199576809493,1.0,drawdown
dd_p23_cp14,1.0112031013400156,1.0,drawdown
dd_p23_cp15,0.003445571461270447,1.0,drawdown
dd_p23_cp16,0.8687055924183369,1.0,drawdown
dd_p23_cp17,0.0046033748376430594,1.0,drawdown
dd_p23_cp18,0.6817345283693612,1.0,drawdown
dd_p23_cp19,0.006119206526363996,1.0,drawdown
dd_p23_cp20,0.49507546487984655,1.0,drawdown
dd_p23_cp21,0.008162154325873416,1.0,drawdown
dd_p23_cp22,0.3382748679882752,1.0,drawdown
dd_p23_cp23,0.010914133940332249,1.0,drawdown
dd_p23_cp24,0.22369628919977913,1.0,drawdown
dd_p23_cp25,0.014477980166702764,1.0,drawdown
dd_p23_cp26,0.15238830709904505,1.0,drawdown
dd_p23_cp27,0.018761446171083662,1.0,drawdown
dd_p23_cp28,0.12144068212637649,1.0,drawdown
dd_p23_cp29,0.02339137174840289,1.0,drawdown
dd_p23_cp30,0.12942143584905352,1.0,drawdown
dd_p23_cp31,0.027719666650227737,1.0,drawdown
dd_p23_cp32,0.17915477626593201,1.0,drawdown
dd_p23_cp33,0.03095602241319284,1.0,drawdown
dd_p23_cp34,0.2781747172170981,1.0,drawdown
dd_p23_cp35,0.03240235680095793,1.0,drawdown
dd_p23_cp36,0.43709259584784377,1.0,drawdown
dd_p23_cp37,0.03169683345640806,1.0,drawdown
dd_p23_cp38,0.6655972547400779,1.0,drawdown
dd_p23_cp39,0.028948992967798404,1.0,drawdown
dd_p23_cp40,0.9653860191765489,1.0,drawdown
dd_p23_cp41,0.02469614784604346,1.0,drawdown
dd_p23_cp42,1.3196465500059276,1.0,drawdown
dd_p23_cp43,0.0197089237194632,1.0,drawdown
dd_p23_cp44,1.6812214036490332,1.0,drawdown
dd_p23_cp45,0.014747348297987628,1.0,drawdown
dd_p23_cp46,1.9683603626381228,1.0,drawdown
dd_p23_cp47,0.010374423493885843,1.0,drawdown
dd_p23_cp48,2.0867765619459533,1.0,drawdown
dd_p23_cp49,0.00688182653811964,1.0,drawdown
dd_p23_cp50,1.9926627053614538,1.0,drawdown
dd_p23_cp51,0.004317891130085627,1.0,drawdown
dd_p23_cp52,1.752905701585405,1.0,drawdown
dd_p23_cp53,0.002570653716702509,1.0,drawdown
dd_p23_cp54,1.4836117045633728,1.0,drawdown
dd_p23_cp55,0.0014572019417755655,1.0,drawdown
dd_p23_cp56,1.2855252123249556,1.0,drawdown
dd_p23_cp57,0.0007900073410382902,1.0,drawdown
dd_p23_cp58,1.2186692362188296,1.0,drawdown
dd_p23_cp59,0.00041261804472014774,1.0,drawdown
dd_p23_cp60,1.2996637089268006,1.0,drawdown
dd_p23_cp61,0.0002106454162458249,1.0,drawdown
dd_p23_cp62,1.5031540950672024,1.0,drawdown
dd_p23_cp63,0.00010827652840816882,1.0,drawdown
dd_p23_cp64,1.7634479732605541,1.0,drawdown
dd_p23_cp65,5.9078398862766335e-05,1.0,drawdown
dd_p23_cp66,1.9843307698315584,1.0,drawdown
dd_p23_cp67,3.645622518888558e-05,1.0,drawdown
dd_p23_cp68,2.067471611106839,1.0,drawdown
dd_p23_cp69,2.608853606034245e-05,1.0,drawdown
dd_p23_cp70,1.9597880186061047,1.0,drawdown
dd_p23_cp71,2.076110399684694e-05,1.0,drawdown
dd_p23_cp72,1.691129316960314,1.0,drawdown
dd_p23_cp73,1.7163564734801184e-05,1.0,drawdown
dd_p23_cp74,1.338527049719005,1.0,drawdown
dd_p23_cp75,1.401757845087559e-05,1.0,drawdown
dd_p23_cp76,0.9803826415518415,1.0,drawdown
dd_p23_cp77,1.1016021289833589e-05,1.0,drawdown
dd_p23_cp78,0.6699965595009871,1.0,drawdown
dd_p23_cp79,8.235418135882355e-06,1.0,drawdown
dd_p23_cp80,0.4302656757033674,1.0,drawdown
dd_p23_cp81,5.828083430969855e-06,1.0,drawdown
dd_p23_cp82,0.2611438806627575,1.0,drawdown
dd_p23_cp83,3.881422344420571e-06,1.0,drawdown
dd_p23_cp84,0.3523235500724695,1.0,drawdown
dd_p23_cp85,0.425414313990359,1.0,drawdown
dd_p23_cp86,0.5709795984557786,1.0,drawdown
dd_p23_cp87,0.6613863641632634,1.0,drawdown
dd_p23_cp88,0.8709375220714719,1.0,drawdown
dd_p23_cp89,0.9800482568871303,1.0,drawdown
dd_p23_cp90,1.23705812886692,1.0,drawdown
dd_p23_cp91,1.383676106243911,1.0,drawdown
dd_p23_cp92,1.6163968046553236,1.0,drawdown
dd_p23_cp93,1.8630428219516943,1.0,drawdown
dd_p23_cp94,1.9177107890382104,1.0,drawdown
dd_p23_cp95,2.3967217593497026,1.0,drawdown
dd_p23_cp96,2.040889255441016,1.0,drawdown
dd_p23_cp97,2.949123665080151,1.0,drawdown
dd_p23_cp98,1.9372905217642256,1.0,drawdown
dd_p23_cp99,3.4610134515535265,1.0,drawdown
dd_p23_cp100,1.6541279831008069,1.0,drawdown
dd_p23_cp101,3.8340882634881837,1.0,drawdown
dd_p23_cp102,1.289921064193095,1.0,drawdown
dd_p23_cp103,3.9477593235678796,1.0,drawdown
dd_p23_cp104,0.9342699807698409,1.0,drawdown
dd_p23_cp105,3.737199450515618,1.0,drawdown
dd_p23_cp106,0.6388852442632924,1.0,drawdown
dd_p23_cp107,3.3036516610918625,1.0,drawdown
dd_p23_cp108,0.41865705855207125,1.0,drawdown
dd_p23_cp109,2.8083213986781175,1.0,drawdown
dd_p23_cp110,0.26607593648077454,1.0,drawdown
dd_p23_cp111,2.38766975754379,1.0,drawdown
dd_p23_cp112,0.16541560651921827,1.0,drawdown
dd_p23_cp113,2.1141778743774466,1.0,drawdown
dd_p23_cp114,0.10124932772941975,1.0,drawdown
dd_p23_cp115,1.9838488979066824,1.0,drawdown
dd_p23_cp116,0.06172173695404126,1.0,drawdown
dd_p23_cp117,1.9235503290155975,1.0,drawdown
dd_p23_cp118,0.03895896438643831,1.0,drawdown
dd_p23_cp119,1.8224242124699686,1.0,drawdown
dd_p23_cp120,0.02862822020188105,1.0,drawdown
dd_p23_cp121,1.5998884867221932,1.0,drawdown
dd_p23_cp122,0.0297258493769732,1.0,drawdown
dd_p23_cp123,1.2851933486401776,1.0,drawdown
dd_p23_cp124,0.04501540935234516,1.0,drawdown
dd_p23_cp125,0.9492427394852712,1.0,drawdown
dd_p23_cp126,0.08223021377625628,1.0,drawdown
dd_p23_cp127,0.6500689505382979,1.0,drawdown
dd_p23_cp128,0.15597074990046167,1.0,drawdown
dd_p23_cp129,0.4163190780577679,1.0,drawdown
dd_p23_cp130,0.2899038875016231,1.0,drawdown
dd_p23_cp131,0.2514066835115045,1.0,drawdown
dd_p23_cp132,0.5181850596773074,1.0,drawdown
dd_p23_cp133,0.14447280758531633,1.0,drawdown
dd_p23_cp134,0.8838055033584169,1.0,drawdown
dd_p23_cp135,0.08027686846071447,1.0,drawdown
dd_p23_cp136,1.4298471908095962,1.0,drawdown
dd_p23_cp137,0.045166863800659485,1.0,drawdown
dd_p23_cp138,2.1783473847972346,1.0,drawdown
dd_p23_cp139,0.02953036979715762,1.0,drawdown
dd_p23_cp140,3.0941371406488543,1.0,drawdown
dd_p23_cp141,0.028203626388631164,1.0,drawdown
dd_p23_cp142,4.044641098701504,1.0,drawdown
dd_p23_cp143,0.04006018402060363,1.0,drawdown
dd_p23_cp144,4.793965048498649,1.0,drawdown
dd_p23_cp145,0.0673539259178142,1.0,drawdown
dd_p23_cp146,5.0840451701383245,1.0,drawdown
dd_p23_cp147,0.11483494465414879,1.0,drawdown
dd_p23_cp148,4.793958155915789,1.0,drawdown
dd_p23_cp149,0.1883518027404989,1.0,drawdown
dd_p23_cp150,4.044623594636505,1.0,drawdown
dd_p23_cp151,0.2926703061027638,1.0,drawdown
dd_p23_cp152,3.0941004230157887,1.0,drawdown
dd_p23_cp153,0.4286218400920916,1.0,drawdown
dd_p23_cp154,2.178275605158433,1.0,drawdown
dd_p23_cp155,0.5903990692263505,1.0,drawdown
dd_p23_cp156,1.4297136065201812,1.0,drawdown
dd_p23_cp157,0.7646393766017354,1.0,drawdown
dd_p23_cp158,0.8835672162522314,1.0,drawdown
dd_p23_cp159,0.9334037005492064,1.0,drawdown
dd_p23_cp160,0.5177748668143067,1.0,drawdown
dd_p23_cp161,1.0821066760672693,1.0,drawdown
dd_p23_cp162,0.2892153324314677,1.0,drawdown
dd_p23_cp163,1.2089911902241965,1.0,drawdown
dd_p23_cp164,0.15482669266793891,1.0,drawdown
dd_p23_cp165,1.3260398477132185,1.0,drawdown
dd_p23_cp166,0.08031473635264774,1.0,drawdown
dd_p23_cp167,1.443507839220274,1.0,drawdown
dd_p23_cp168,0.04173221792052573,1.0,drawdown
dd_p23_cp169,1.550789033881074,1.0,drawdown
dd_p23_cp170,0.023921890614019503,1.0,drawdown
dd_p23_cp171,1.6109096341233453,1.0,drawdown
dd_p23_cp172,0.018085355964103655,1.0,drawdown
dd_p23_cp173,1.577944440992951,1.0,drawdown
dd_p23_cp174,0.01950218550473437,1.0,drawdown
dd_p23_cp175,1.4299745536275168,1.0,drawdown
dd_p23_cp176,0.025715859760566673,1.0,drawdown
dd_p23_cp177,1.190185944553832,1.0,drawdown
dd_p23_cp178,0.03518636734497704,1.0,drawdown
dd_p23_cp179,0.9113708390057127,1.0,drawdown
dd_p23_cp180,0.046353204530078074,1.0,drawdown
dd_p23_cp181,0.6460642339648075,1.0,drawdown
dd_p23_cp182,0.05714362822845942,1.0,drawdown
dd_p23_cp183,0.42725337867773305,1.0,drawdown
dd_p23_cp184,0.065060825999808,1.0,drawdown
dd_p23_cp185,0.2655621693688772,1.0,drawdown
dd_p23_cp186,0.0679031655140534,1.0,drawdown
dd_p23_cp187,0.156152691264424,1.0,drawdown
dd_p23_cp188,0.06476974689940107,1.0,drawdown
dd_p23_cp189,0.0873266819521632,1.0,drawdown
dd_p23_cp190,0.05656457113354918,1.0,drawdown
dd_p23_cp191,0.046639910386147676,1.0,drawdown
dd_p23_cp192,0.04545996093747817,1.0,drawdown
dd_p23_cp193,0.023863739471607914,1.0,drawdown
dd_p23_cp194,0.03383884857703379,1.0,drawdown
dd_p23_cp195,0.011724678138762101,1.0,drawdown
dd_p23_cp196,0.02347690755232179,1.0,drawdown
dd_p23_cp197,0.005541279455428594,1.0,drawdown
dd_p23_cp198,0.015264913484770659,1.0,drawdown
dd_p23_cp199,0.0025227205128430796,1.0,drawdown
dd_p23_cp200,0.009344333226181334,1.0,drawdown
dd_p23_cp201,0.0011076014739046514,1.0,drawdown
dd_p23_cp202,0.005405102385338978,1.0,drawdown
dd_p23_cp203,0.00046946396651037503,1.0,drawdown
dd_p23_cp204,0.00296331048321008,1.0,drawdown
dd_p23_cp205,0.0001922816679780226,1.0,drawdown
dd_p23_cp206,0.0015437775023201539,1.0,drawdown
dd_p23_cp207,7.616582047376141e-05,1.0,drawdown
dd_p23_cp208,0.0007659718571630947,1.0,drawdown
dd_p23_cp209,2.919728513006703e-05,1.0,drawdown
dd_p23_cp210,0.0003627159394454793,1.0,drawdown
dd_p23_cp211,1.0831472536665387e-05,1.0,drawdown
dd_p24_cp0,0.24076165669112015,1.0,drawdown
dd_p24_cp1,0.00022934180196898524,1.0,drawdown
dd_p24_cp2,0.3764199591423676,1.0,drawdown
dd_p24_cp3,0.0004024691475024156,1.0,drawdown
dd_p24_cp4,0.5540735431482062,1.0,drawdown
dd_p24_cp5,0.0006726857632202154,1.0,drawdown
dd_p24_cp6,0.7610060971178427,1.0,drawdown
dd_p24_cp7,0.0010707752944654203,1.0,drawdown
dd_p24_cp8,0.9657568114876085,1.0,drawdown
dd_p24_cp9,0.0016254810684586118,1.0,drawdown
dd_p24_cp10,1.1212023396383302,1.0,drawdown
dd_p24_cp11,0.002361059027407464,1.0,drawdown
dd_p24_cp12,1.1808648895926126,1.0,drawdown
dd_p24_cp13,0.003301346318494325,1.0,drawdown
dd_p24_cp14,1.124263515943312,1.0,drawdown
dd_p24_cp15,0.004484633527681581,1.0,drawdown
dd_p24_cp16,0.9716025519519462,1.0,drawdown
dd_p24_cp17,0.005988186062040768,1.0,drawdown
dd_p24_cp18,0.7693099347693533,1.0,drawdown
dd_p24_cp19,0.007950396339310828,1.0,drawdown
dd_p24_cp20,0.5649139899578586,1.0,drawdown
dd_p24_cp21,0.010567316845936148,1.0,drawdown
dd_p24_cp22,0.39098130841057355,1.0,drawdown
dd_p24_cp23,0.014039681573194684,1.0,drawdown
dd_p24_cp24,0.2623394633060343,1.0,drawdown
dd_p24_cp25,0.01846595624465408,1.0,drawdown
dd_p24_cp26,0.18151780961716213,1.0,drawdown
dd_p24_cp27,0.023712146242360177,1.0,drawdown
dd_p24_cp28,0.14621418772367178,1.0,drawdown
dd_p24_cp29,0.029319996212961996,1.0,drawdown
dd_p24_cp30,0.155138590777824,1.0,drawdown
dd_p24_cp31,0.03452105591304644,1.0,drawdown
dd_p24_cp32,0.21117301744425276,1.0,drawdown
dd_p24_cp33,0.038392355063479044,1.0,drawdown
dd_p24_cp34,0.3220233992374233,1.0,drawdown
dd_p24_cp35,0.04012313220391661,1.0,drawdown
dd_p24_cp36,0.4985896682492239,1.0,drawdown
dd_p24_cp37,0.039290098053697875,1.0,drawdown
dd_p24_cp38,0.750773334810674,1.0,drawdown
dd_p24_cp39,0.03601154426860376,1.0,drawdown
dd_p24_cp40,1.0799456314521194,1.0,drawdown
dd_p24_cp41,0.030902928600426094,1.0,drawdown
dd_p24_cp42,1.467585909718764,1.0,drawdown
dd_p24_cp43,0.02486151651601176,1.0,drawdown
dd_p24_cp44,1.8623361677082357,1.0,drawdown
dd_p24_cp45,0.01878923867843696,1.0,drawdown
dd_p24_cp46,2.1753635147697423,1.0,drawdown
dd_p24_cp47,0.013373100121043535,1.0,drawdown
dd_p24_cp48,2.3049737720566554,1.0,drawdown
dd_p24_cp49,0.008988817083263712,1.0,drawdown
dd_p24_cp50,2.2052138282328997,1.0,drawdown
dd_p24_cp51,0.005722557585158938,1.0,drawdown
dd_p24_cp52,1.947288280974135,1.0,drawdown
dd_p24_cp53,0.003461171277649555,1.0,drawdown
dd_p24_cp54,1.6564309847740333,1.0,drawdown
dd_p24_cp55,0.0019956301539423293,1.0,drawdown
dd_p24_cp56,1.4412440024889293,1.0,drawdown
dd_p24_cp57,0.0011017827678188041,1.0,drawdown
dd_p24_cp58,1.3653344295821626,1.0,drawdown
dd_p24_cp59,0.0005867377408321772,1.0,drawdown
dd_p24_cp60,1.4449360729445289,1.0,drawdown
dd_p24_cp61,0.0003056923892472696,1.0,drawdown
dd_p24_cp62,1.6520549330971335,1.0,drawdown
dd_p24_cp63,0.00016029157313823816,1.0,drawdown
dd_p24_cp64,1.9179518684272807,1.0,drawdown
dd_p24_cp65,8.884829594535404e-05,1.0,drawdown
dd_p24_cp66,2.1436228264485635,1.0,drawdown
dd_p24_cp67,5.519641126738861e-05,1.0,drawdown
dd_p24_cp68,2.227679113949989,1.0,drawdown
dd_p24_cp69,3.9404465724146576e-05,1.0,drawdown
dd_p24_cp70,2.1146632675547608,1.0,drawdown
dd_p24_cp71,3.1192960022963234e-05,1.0,drawdown
dd_p24_cp72,1.8344807541459431,1.0,drawdown
dd_p24_cp73,2.5717540665937122e-05,1.0,drawdown
dd_p24_cp74,1.4651424526834944,1.0,drawdown
dd_p24_cp75,2.103143401654961e-05,1.0,drawdown
dd_p24_cp76,1.086211707276334,1.0,drawdown
dd_p24_cp77,1.6609912336207344e-05,1.0,drawdown
dd_p24_cp78,0.753081067393623,1.0,drawdown
dd_p24_cp79,1.2514613445091527e-05,1.0,drawdown
dd_p24_cp80,0.4913875750130501,1.0,drawdown
dd_p24_cp81,8.944956107370672e-06,1.0,drawdown
dd_p24_cp82,0.3033576616319351,1.0,drawdown
dd_p24_cp83,6.0240927268750966e-06,1.0,drawdown
dd_p24_cp84,0.4054771327905655,1.0,drawdown
dd_p24_cp85,0.4881009774348968,1.0,drawdown
dd_p24_cp86,0.6482954295347554,1.0,drawdown
dd_p24_cp87,0.7501536676466003,1.0,drawdown
dd_p24_cp88,0.9758275837384645,1.0,drawdown
dd_p24_cp89,1.0998439884358504,1.0,drawdown
dd_p24_cp90,1.369302533068094,1.0,drawdown
dd_p24_cp91,1.5377138726644262,1.0,drawdown
dd_p24_cp92,1.771343027194689,1.0,drawdown
dd_p24_cp93,2.051526101984564,1.0,drawdown
dd_p24_cp94,2.0870958854029595,1.0,drawdown
dd_p24_cp95,2.615761618889337,1.0,drawdown
dd_p24_cp96,2.2154296791363777,1.0,drawdown
dd_p24_cp97,3.191425079713099,1.0,drawdown
dd_p24_cp98,2.108783107083582,1.0,drawdown
dd_p24_cp99,3.7192892906591624,1.0,drawdown
dd_p24_cp100,1.8130858743352292,1.0,drawdown
dd_p24_cp101,4.103379013871063,1.0,drawdown
dd_p24_cp102,1.4277154091760167,1.0,drawdown
dd_p24_cp103,4.221341509914737,1.0,drawdown
dd_p24_cp104,1.045784657436343,1.0,drawdown
dd_p24_cp105,4.003826953024372,1.0,drawdown
dd_p24_cp106,0.7234057900000153,1.0,drawdown
dd_p24_cp107,3.559216406710675,1.0,drawdown
dd_p24_cp108,0.4791237895328777,1.0,drawdown
dd_p24_cp109,3.0520174743937787,1.0,drawdown
dd_p24_cp110,0.307398275129799,1.0,drawdown
dd_p24_cp111,2.616560764109863,1.0,drawdown
dd_p24_cp112,0.19279025902869762,1.0,drawdown
dd_p24_cp113,2.3247288234033476,1.0,drawdown
dd_p24_cp114,0.11912927287721686,1.0,drawdown
dd_p24_cp115,2.174517603537879,1.0,drawdown
dd_p24_cp116,0.07351645201879364,1.0,drawdown
dd_p24_cp117,2.0945143919743714,1.0,drawdown
dd_p24_cp118,0.04721024757100167,1.0,drawdown
dd_p24_cp119,1.9730638027397163,1.0,drawdown
dd_p24_cp120,0.03539016642707793,1.0,drawdown
dd_p24_cp121,1.7285289670628572,1.0,drawdown
dd_p24_cp122,0.037003158976858685,1.0,drawdown
dd_p24_cp123,1.3911831918005646,1.0,drawdown
dd_p24_cp124,0.05522210554090634,1.0,drawdown
dd_p24_cp125,1.0338430171511845,1.0,drawdown
dd_p24_cp126,0.09866583655229988,1.0,drawdown
dd_p24_cp127,0.7151869325064126,1.0,drawdown
dd_p24_cp128,0.18327714914175885,1.0,drawdown
dd_p24_cp129,0.46409882717625806,1.0,drawdown
dd_p24_cp130,0.3343712908140333,1.0,drawdown
dd_p24_cp131,0.28458227886017085,1.0,drawdown
dd_p24_cp132,0.587610694041814,1.0,drawdown
dd_p24_cp133,0.16634118523938923,1.0,drawdown
dd_p24_cp134,0.9863724397146143,1.0,drawdown
dd_p24_cp135,0.09424198802707906,1.0,drawdown
dd_p24_cp136,1.5713546047782074,1.0,drawdown
dd_p24_cp137,0.05432234267550484,1.0,drawdown
dd_p24_cp138,2.357743756841046,1.0,drawdown
dd_p24_cp139,0.03653088325927456,1.0,drawdown
dd_p24_cp140,3.299774132157836,1.0,drawdown
dd_p24_cp141,0.035391165164128324,1.0,drawdown
dd_p24_cp142,4.25731924972024,1.0,drawdown
dd_p24_cp143,0.049702126239026256,1.0,drawdown
dd_p24_cp144,5.0005687295792995,1.0,drawdown
dd_p24_cp145,0.08185933173717785,1.0,drawdown
dd_p24_cp146,5.288015496503704,1.0,drawdown
dd_p24_cp147,0.13686385220194097,1.0,drawdown
dd_p24_cp148,5.000558003685455,1.0,drawdown
dd_p24_cp149,0.22078864420973332,1.0,drawdown
dd_p24_cp150,4.257292465102182,1.0,drawdown
dd_p24_cp151,0.3384812704700835,1.0,drawdown
dd_p24_cp152,3.299719153713795,1.0,drawdown
dd_p24_cp153,0.4906296732003739,1.0,drawdown
dd_p24_cp154,2.3576387222815356,1.0,drawdown
dd_p24_cp155,0.6709811150312817,1.0,drawdown
dd_p24_cp156,1.571163536507811,1.0,drawdown
dd_p24_cp157,0.8653592273969934,1.0,drawdown
dd_p24_cp158,0.986039099655045,1.0,drawdown
dd_p24_cp159,1.0547046064932601,1.0,drawdown
dd_p24_cp160,0.5870492209924123,1.0,drawdown
dd_p24_cp161,1.2232725852379644,1.0,drawdown
dd_p24_cp162,0.33344898372524767,1.0,drawdown
dd_p24_cp163,1.368330149033227,1.0,drawdown
dd_p24_cp164,0.18177800296734858,1.0,drawdown
dd_p24_cp165,1.5009114958118062,1.0,drawdown
dd_p24_cp166,0.09621139959199354,1.0,drawdown
dd_p24_cp167,1.629943343171135,1.0,drawdown
dd_p24_cp168,0.05110729193165753,1.0,drawdown
dd_p24_cp169,1.7431384857889043,1.0,drawdown
dd_p24_cp170,0.029876631923798413,1.0,drawdown
dd_p24_cp171,1.8022508843494052,1.0,drawdown
dd_p24_cp172,0.022667293030281144,1.0,drawdown
dd_p24_cp173,1.7611065078694992,1.0,drawdown
dd_p24_cp174,0.024044668174610706,1.0,drawdown
dd_p24_cp175,1.5981411395023315,1.0,drawdown
dd_p24_cp176,0.031076223005129577,1.0,drawdown
dd_p24_cp177,1.3373495001610536,1.0,drawdown
dd_p24_cp178,0.041871953742884216,1.0,drawdown
dd_p24_cp179,1.033041367274791,1.0,drawdown
dd_p24_cp180,0.05455809075738216,1.0,drawdown
dd_p24_cp181,0.7404896101747909,1.0,drawdown
dd_p24_cp182,0.06674421092566263,1.0,drawdown
dd_p24_cp183,0.4959199883696783,1.0,drawdown
dd_p24_cp184,0.07563084294406508,1.0,drawdown
dd_p24_cp185,0.31245479829931355,1.0,drawdown
dd_p24_cp186,0.07879220701261147,1.0,drawdown
dd_p24_cp187,0.18635779893725157,1.0,drawdown
dd_p24_cp188,0.07524453594396618,1.0,drawdown
dd_p24_cp189,0.10577258741682272,1.0,drawdown
dd_p24_cp190,0.06597307476113201,1.0,drawdown
dd_p24_cp191,0.057371558863451355,1.0,drawdown
dd_p24_cp192,0.053362872383331705,1.0,drawdown
dd_p24_cp193,0.029835855523288046,1.0,drawdown
dd_p24_cp194,0.04006501872208901,1.0,drawdown
dd_p24_cp195,0.01491333783724258,1.0,drawdown
dd_p24_cp196,0.028094550085825176,1.0,drawdown
dd_p24_cp197,0.007178242778081767,1.0,drawdown
dd_p24_cp198,0.018500480780858197,1.0,drawdown
dd_p24_cp199,0.0033319163644591754,1.0,drawdown
dd_p24_cp200,0.011492680322589877,1.0,drawdown
dd_p24_cp201,0.0014931583564248285,1.0,drawdown
dd_p24_cp202,0.006759776287708519,1.0,drawdown
dd_p24_cp203,0.0006466662298407755,1.0,drawdown
dd_p24_cp204,0.003775785753987293,1.0,drawdown
dd_p24_cp205,0.00027088959063803486,1.0,drawdown
dd_p24_cp206,0.0020077858757758804,1.0,drawdown
dd_p24_cp207,0.00010984066170749429,1.0,drawdown
dd_p24_cp208,0.0010185589494540181,1.0,drawdown
dd_p24_cp209,4.3132415385116474e-05,1.0,drawdown
dd_p24_cp210,0.0004939084446959896,1.0,drawdown
dd_p24_cp211,1.6399450032622553e-05,1.0,drawdown
dd_p25_cp0,0.27810712463042364,1.0,drawdown
dd_p25_cp1,0.0003131743510493834,1.0,drawdown
dd_p25_cp2,0.4296423340852016,1.0,drawdown
dd_p25_cp3,0.0005406615082392818,1.0,drawdown
dd_p25_cp4,0.6252134957799171,1.0,drawdown
dd_p25_cp5,0.0008909664329621592,1.0,drawdown
dd_p25_cp6,0.8498989305930991,1.0,drawdown
dd_p25_cp7,0.0014017219514244061,1.0,drawdown
dd_p25_cp8,1.069524781772543,1.0,drawdown
dd_p25_cp9,0.0021086558890601736,1.0,drawdown
dd_p25_cp10,1.234659703059151,1.0,drawdown
dd_p25_cp11,0.0030435281873906206,1.0,drawdown
dd_p25_cp12,1.297740587928729,1.0,drawdown
dd_p25_cp13,0.004239617678649665,1.0,drawdown
dd_p25_cp14,1.2382351701394327,1.0,drawdown
dd_p25_cp15,0.005748926831984136,1.0,drawdown
dd_p25_cp16,1.0764011519554515,1.0,drawdown
dd_p25_cp17,0.007668846689739439,1.0,drawdown
dd_p25_cp18,0.8597873437206545,1.0,drawdown
dd_p25_cp19,0.01016404801794124,1.0,drawdown
dd_p25_cp20,0.6383323164145622,1.0,drawdown
dd_p25_cp21,0.013457777306939533,1.0,drawdown
dd_p25_cp22,0.4475166884153623,1.0,drawdown
dd_p25_cp23,0.017767476758763223,1.0,drawdown
dd_p25_cp24,0.30470166706390955,1.0,drawdown
dd_p25_cp25,0.023182277561772935,1.0,drawdown
dd_p25_cp26,0.2140909948125227,1.0,drawdown
dd_p25_cp27,0.02951870914102983,1.0,drawdown
dd_p25_cp28,0.17421365595009775,1.0,drawdown
dd_p25_cp29,0.03622364973534786,1.0,drawdown
dd_p25_cp30,0.18409323982132264,1.0,drawdown
dd_p25_cp31,0.04239764141129854,1.0,drawdown
dd_p25_cp32,0.24677339876689075,1.0,drawdown
dd_p25_cp33,0.04697486816576202,1.0,drawdown
dd_p25_cp34,0.370199099878846,1.0,drawdown
dd_p25_cp35,0.04902347638653737,1.0,drawdown
dd_p25_cp36,0.5656178224403448,1.0,drawdown
dd_p25_cp37,0.0480532984729507,1.0,drawdown
dd_p25_cp38,0.8431746866149297,1.0,drawdown
dd_p25_cp39,0.044190037029693485,1.0,drawdown
dd_p25_cp40,1.2038131878798595,1.0,drawdown
dd_p25_cp41,0.038130838675897394,1.0,drawdown
dd_p25_cp42,1.6268929772149932,1.0,drawdown
dd_p25_cp43,0.03090814134111497,1.0,drawdown
dd_p25_cp44,2.0561262578721653,1.0,drawdown
dd_p25_cp45,0.02357832059260545,1.0,drawdown
dd_p25_cp46,2.3952345914144644,1.0,drawdown
dd_p25_cp47,0.016966796813449037,1.0,drawdown
dd_p25_cp48,2.5360578537615766,1.0,drawdown
dd_p25_cp49,0.011546834796263283,1.0,drawdown
dd_p25_cp50,2.4313133013183688,1.0,drawdown
dd_p25_cp51,0.007452597440533282,1.0,drawdown
dd_p25_cp52,2.155621270481788,1.0,drawdown
dd_p25_cp53,0.004575267426844221,1.0,drawdown
dd_p25_cp54,1.8422787519057238,1.0,drawdown
dd_p25_cp55,0.0026806864825630328,1.0,drawdown
dd_p25_cp56,1.6079644638098216,1.0,drawdown
dd_p25_cp57,0.0015056784845910443,1.0,drawdown
dd_p25_cp58,1.5205497732763433,1.0,drawdown
dd_p25_cp59,0.0008166707052623678,1.0,drawdown
dd_p25_cp60,1.596500535123596,1.0,drawdown
dd_p25_cp61,0.0004337451414357929,1.0,drawdown
dd_p25_cp62,1.8057062530806434,1.0,drawdown
dd_p25_cp63,0.00023176272225100547,1.0,drawdown
dd_p25_cp64,2.076524859914116,1.0,drawdown
dd_p25_cp65,0.00013042933142060065,1.0,drawdown
dd_p25_cp66,2.306658914644231,1.0,drawdown
dd_p25_cp67,8.160913557730964e-05,1.0,drawdown
dd_p25_cp68,2.391199007696514,1.0,drawdown
dd_p25_cp69,5.81842020892509e-05,1.0,drawdown
dd_p25_cp70,2.272580239827903,1.0,drawdown
dd_p25_cp71,4.5853256779082585e-05,1.0,drawdown
dd_p25_cp72,1.9804244813788046,1.0,drawdown
dd_p25_cp73,3.7706617376898066e-05,1.0,drawdown
dd_p25_cp74,1.5940751940026985,1.0,drawdown
dd_p25_cp75,3.086647188865754e-05,1.0,drawdown
dd_p25_cp76,1.194614128475905,1.0,drawdown
dd_p25_cp77,2.448357440698601e-05,1.0,drawdown
dd_p25_cp78,0.8392560808531471,1.0,drawdown
dd_p25_cp79,1.8577509763417765e-05,1.0,drawdown
dd_p25_cp80,0.555893132858273,1.0,drawdown
dd_p25_cp81,1.3399486078924383e-05,1.0,drawdown
dd_p25_cp82,0.3488071447313814,1.0,drawdown
dd_p25_cp83,9.116268984143971e-06,1.0,drawdown
dd_p25_cp84,0.4620735094899828,1.0,drawdown
dd_p25_cp85,0.5544797072727761,1.0,drawdown
dd_p25_cp86,0.7288131391505885,1.0,drawdown
dd_p25_cp87,0.8427105673069946,1.0,drawdown
dd_p25_cp88,1.082745470050213,1.0,drawdown
dd_p25_cp89,1.223057138156264,1.0,drawdown
dd_p25_cp90,1.5013343005848583,1.0,drawdown
dd_p25_cp91,1.6942828518128863,1.0,drawdown
dd_p25_cp92,1.9229245493179405,1.0,drawdown
dd_p25_cp93,2.2412704236271566,1.0,drawdown
dd_p25_cp94,2.2499777048060423,1.0,drawdown
dd_p25_cp95,2.835141287637498,1.0,drawdown
dd_p25_cp96,2.382131364607176,1.0,drawdown
dd_p25_cp97,3.4349503671969615,1.0,drawdown
dd_p25_cp98,2.273765400499542,1.0,drawdown
dd_p25_cp99,3.9819905089241274,1.0,drawdown
dd_p25_cp100,1.968670528466646,1.0,drawdown
dd_p25_cp101,4.380149849556574,1.0,drawdown
dd_p25_cp102,1.5652971733866252,1.0,drawdown
dd_p25_cp103,4.502677869531908,1.0,drawdown
dd_p25_cp104,1.1593491390485724,1.0,drawdown
dd_p25_cp105,4.278671751854972,1.0,drawdown
dd_p25_cp106,0.8111868597775356,1.0,drawdown
dd_p25_cp107,3.8203515074874304,1.0,drawdown
dd_p25_cp108,0.5431425838310133,1.0,drawdown
dd_p25_cp109,3.2980847009962417,1.0,drawdown
dd_p25_cp110,0.35192978070745085,1.0,drawdown
dd_p25_cp111,2.8468688931077395,1.0,drawdown
dd_p25_cp112,0.22274270323759993,1.0,drawdown
dd_p25_cp113,2.537801203567824,1.0,drawdown
dd_p25_cp114,0.13894782899478741,1.0,drawdown
dd_p25_cp115,2.369299342356271,1.0,drawdown
dd_p25_cp116,0.08675652610236284,1.0,drawdown
dd_p25_cp117,2.2701948507872203,1.0,drawdown
dd_p25_cp118,0.05661018472710566,1.0,drawdown
dd_p25_cp119,2.1280701129239787,1.0,drawdown
dd_p25_cp120,0.04320398888557975,1.0,drawdown
dd_p25_cp121,1.8614164500934294,1.0,drawdown
dd_p25_cp122,0.045432776836605626,1.0,drawdown
dd_p25_cp123,1.5008668197128827,1.0,drawdown
dd_p25_cp124,0.06688186995052092,1.0,drawdown
dd_p25_cp125,1.1211339499045607,1.0,drawdown
dd_p25_cp126,0.11704957984193243,1.0,drawdown
dd_p25_cp127,0.7822422317617566,1.0,drawdown
dd_p25_cp128,0.21316312660337644,1.0,drawdown
dd_p25_cp129,0.5135423551919303,1.0,drawdown
dd_p25_cp130,0.3819924727254147,1.0,drawdown
dd_p25_cp131,0.3193613724979514,1.0,drawdown
dd_p25_cp132,0.66023831919847,1.0,drawdown
dd_p25_cp133,0.1897144768176986,1.0,drawdown
dd_p25_cp134,1.0907796591227452,1.0,drawdown
dd_p25_cp135,0.1095347788602794,1.0,drawdown
dd_p25_cp136,1.7107682965615822,1.0,drawdown
dd_p25_cp137,0.0646324808690224,1.0,drawdown
dd_p25_cp138,2.5280822087679553,1.0,drawdown
dd_p25_cp139,0.044608387470816524,1.0,drawdown
dd_p25_cp140,3.488616469859153,1.0,drawdown
dd_p25_cp141,0.04372485752560351,1.0,drawdown
dd_p25_cp142,4.450466597996183,1.0,drawdown
dd_p25_cp143,0.06071844673806481,1.0,drawdown
dd_p25_cp144,5.193500860750646,1.0,drawdown
dd_p25_cp145,0.09811730797082419,1.0,drawdown
dd_p25_cp146,5.483975199091219,1.0,drawdown
dd_p25_cp147,0.16116547203796472,1.0,drawdown
dd_p25_cp148,5.193484700369936,1.0,drawdown
dd_p25_cp149,0.2561725893176572,1.0,drawdown
dd_p25_cp150,4.45042685532826,1.0,drawdown
dd_p25_cp151,0.38810151362076795,1.0,drawdown
dd_p25_cp152,3.4885365040672696,1.0,drawdown
dd_p25_cp153,0.5575204997783203,1.0,drawdown
dd_p25_cp154,2.527932648920796,1.0,drawdown
dd_p25_cp155,0.7576982420214335,1.0,drawdown
dd_p25_cp156,1.7105019172954599,1.0,drawdown
dd_p25_cp157,0.9735348766168954,1.0,drawdown
dd_p25_cp158,1.0903244050814465,1.0,drawdown
dd_p25_cp159,1.1846763693620233,1.0,drawdown
dd_p25_cp160,0.6594868154443247,1.0,drawdown
dd_p25_cp161,1.3739734444252463,1.0,drawdown
dd_p25_cp162,0.38078257341794597,1.0,drawdown
dd_p25_cp163,1.5374162089649417,1.0,drawdown
dd_p25_cp164,0.21123619589752707,1.0,drawdown
dd_p25_cp165,1.6848601882861658,1.0,drawdown
dd_p25_cp166,0.11395941437604051,1.0,drawdown
dd_p25_cp167,1.8239727387383482,1.0,drawdown
dd_p25_cp168,0.06180556098934176,1.0,drawdown
dd_p25_cp169,1.9412882958176851,1.0,drawdown
dd_p25_cp170,0.036802643296596216,1.0,drawdown
dd_p25_cp171,1.9979497440015166,1.0,drawdown
dd_p25_cp172,0.028032114548295795,1.0,drawdown
dd_p25_cp173,1.9477803564559508,1.0,drawdown
dd_p25_cp174,0.029309220743925835,1.0,drawdown
dd_p25_cp175,1.769463227194592,1.0,drawdown
dd_p25_cp176,0.03718292094526987,1.0,drawdown
dd_p25_cp177,1.4879229738496633,1.0,drawdown
dd_p25_cp178,0.04937161603675122,1.0,drawdown
dd_p25_cp179,1.1588094385169825,1.0,drawdown
dd_p25_cp180,0.06365278131033847,1.0,drawdown
dd_p25_cp181,0.8395850647852967,1.0,drawdown
dd_p25_cp182,0.07729427619779017,1.0,drawdown
dd_p25_cp183,0.5693027206018542,1.0,drawdown
dd_p25_cp184,0.0871832857787922,1.0,drawdown
dd_p25_cp185,0.3635506162538604,1.0,drawdown
dd_p25_cp186,0.09066753077786416,1.0,drawdown
dd_p25_cp187,0.2199187311530295,1.0,drawdown
dd_p25_cp188,0.08667989539844712,1.0,drawdown
dd_p25_cp189,0.12666062995617722,1.0,drawdown
dd_p25_cp190,0.07628602279328334,1.0,drawdown
dd_p25_cp191,0.06974828034776692,1.0,drawdown
dd_p25_cp192,0.062082942180040845,1.0,drawdown
dd_p25_cp193,0.036846741401632244,1.0,drawdown
dd_p25_cp194,0.046993808992738195,1.0,drawdown
dd_p25_cp195,0.01872286484694996,1.0,drawdown
dd_p25_cp196,0.03328455555765686,1.0,drawdown
dd_p25_cp197,0.009168950536377451,1.0,drawdown
dd_p25_cp198,0.022177818619638856,1.0,drawdown
dd_p25_cp199,0.004334159120844561,1.0,drawdown
dd_p25_cp200,0.01396494202890608,1.0,drawdown
dd_p25_cp201,0.0019799229726231715,1.0,drawdown
dd_p25_cp202,0.008340708004652697,1.0,drawdown
dd_p25_cp203,0.0008749300402541849,1.0,drawdown
dd_p25_cp204,0.004739094927572296,1.0,drawdown
dd_p25_cp205,0.0003743123363619816,1.0,drawdown
dd_p25_cp206,0.002567816941791534,1.0,drawdown
dd_p25_cp207,0.00015513678522438568,1.0,drawdown
dd_p25_cp208,0.0013295101211951987,1.0,drawdown
dd_p25_cp209,6.231201132322894e-05,1.0,drawdown
dd_p25_cp210,0.0006589573181372543,1.0,drawdown
dd_p25_cp211,2.4245785425591748e-05,1.0,drawdown
dd_p26_cp0,0.3182614561687842,1.0,drawdown
dd_p26_cp1,0.000419327051986329,1.0,drawdown
dd_p26_cp2,0.4857940720453371,1.0,drawdown
dd_p26_cp3,0.0007132212685974082,1.0,drawdown
dd_p26_cp4,0.6989081587239525,1.0,drawdown
dd_p26_cp5,0.0011604113306020736,1.0,drawdown
dd_p26_cp6,0.9404209536710368,1.0,drawdown
dd_p26_cp7,0.0018065464973915368,1.0,drawdown
dd_p26_cp8,1.1736134994639542,1.0,drawdown
dd_p26_cp9,0.0026957058557854907,1.0,drawdown
dd_p26_cp10,1.347230434688754,1.0,drawdown
dd_p26_cp11,0.003868790432534297,1.0,drawdown
dd_p26_cp12,1.4132560313742033,1.0,drawdown
dd_p26_cp13,0.005370470654270321,1.0,drawdown
dd_p26_cp14,1.3513676490001671,1.0,drawdown
dd_p26_cp15,0.007268636626577063,1.0,drawdown
dd_p26_cp16,1.1816262848078622,1.0,drawdown
dd_p26_cp17,0.009682865438207955,1.0,drawdown
dd_p26_cp18,0.9520810722892747,1.0,drawdown
dd_p26_cp19,0.01280539361641786,1.0,drawdown
dd_p26_cp20,0.7146113004791914,1.0,drawdown
dd_p26_cp21,0.016886314926068735,1.0,drawdown
dd_p26_cp22,0.507460922412065,1.0,drawdown
dd_p26_cp23,0.022157030467042205,1.0,drawdown
dd_p26_cp24,0.3506002996477946,1.0,drawdown
dd_p26_cp25,0.028691836393591075,1.0,drawdown
dd_p26_cp26,0.2501010285209304,1.0,drawdown
dd_p26_cp27,0.03624978618881869,1.0,drawdown
dd_p26_cp28,0.2055461925842792,1.0,drawdown
dd_p26_cp29,0.04417319227695771,1.0,drawdown
dd_p26_cp30,0.21646047568219728,1.0,drawdown
dd_p26_cp31,0.05142131915545178,1.0,drawdown
dd_p26_cp32,0.28617968614707934,1.0,drawdown
dd_p26_cp33,0.056775867014494,1.0,drawdown
dd_p26_cp34,0.422973685985653,1.0,drawdown
dd_p26_cp35,0.0591759950116284,1.0,drawdown
dd_p26_cp36,0.6384821468732298,1.0,drawdown
dd_p26_cp37,0.058059501267507585,1.0,drawdown
dd_p26_cp38,0.943041398250898,1.0,drawdown
dd_p26_cp39,0.05355800772213115,1.0,drawdown
dd_p26_cp40,1.3368886646053397,1.0,drawdown
dd_p26_cp41,0.046453309631033335,1.0,drawdown
dd_p26_cp42,1.796688398461356,1.0,drawdown
dd_p26_cp43,0.03792072364603882,1.0,drawdown
dd_p26_cp44,2.2606955804644713,1.0,drawdown
dd_p26_cp45,0.029182881222823198,1.0,drawdown
dd_p26_cp46,2.625514450414812,1.0,drawdown
dd_p26_cp47,0.021217736750259064,1.0,drawdown
dd_p26_cp48,2.7775908295730005,1.0,drawdown
dd_p26_cp49,0.014609924226533622,1.0,drawdown
dd_p26_cp50,2.668479803836817,1.0,drawdown
dd_p26_cp51,0.009552586544032238,1.0,drawdown
dd_p26_cp52,2.37594090311768,1.0,drawdown
dd_p26_cp53,0.00594781626978147,1.0,drawdown
dd_p26_cp54,2.0401449434161805,1.0,drawdown
dd_p26_cp55,0.00353828136167067,1.0,drawdown
dd_p26_cp56,1.7854324986624306,1.0,drawdown
dd_p26_cp57,0.002020041120431415,1.0,drawdown
dd_p26_cp58,1.6845058948420046,1.0,drawdown
dd_p26_cp59,0.0011148790254082996,1.0,drawdown
dd_p26_cp60,1.7548499026847821,1.0,drawdown
dd_p26_cp61,0.0006030127992744383,1.0,drawdown
dd_p26_cp62,1.96470939464416,1.0,drawdown
dd_p26_cp63,0.00032802405576148885,1.0,drawdown
dd_p26_cp64,2.239408570867454,1.0,drawdown
dd_p26_cp65,0.0001873236046776583,1.0,drawdown
dd_p26_cp66,2.4728992448519875,1.0,drawdown
dd_p26_cp67,0.00011808310227934271,1.0,drawdown
dd_p26_cp68,2.557013005244471,1.0,drawdown
dd_p26_cp69,8.415653564952663e-05,1.0,drawdown
dd_p26_cp70,2.4329031933896204,1.0,drawdown
dd_p26_cp71,6.607309182982135e-05,1.0,drawdown
dd_p26_cp72,2.129000473458973,1.0,drawdown
dd_p26_cp73,5.4202681667447905e-05,1.0,drawdown
dd_p26_cp74,1.725614288523957,1.0,drawdown
dd_p26_cp75,4.440236693881161e-05,1.0,drawdown
dd_p26_cp76,1.3056906051560873,1.0,drawdown
dd_p26_cp77,3.535568157531088e-05,1.0,drawdown
dd_p26_cp78,0.9283682939069422,1.0,drawdown
dd_p26_cp79,2.6998664907296188e-05,1.0,drawdown
dd_p26_cp80,0.6235392856458475,1.0,drawdown
dd_p26_cp81,1.9635315766208805e-05,1.0,drawdown
dd_p26_cp82,0.3973105432526154,1.0,drawdown
dd_p26_cp83,1.348306591353321e-05,1.0,drawdown
dd_p26_cp84,0.5216127069747927,1.0,drawdown
dd_p26_cp85,0.6242644241333437,1.0,drawdown
dd_p26_cp86,0.8116441370889333,1.0,drawdown
dd_p26_cp87,0.938725977268632,1.0,drawdown
dd_p26_cp88,1.1902352638039702,1.0,drawdown
dd_p26_cp89,1.3494143327959591,1.0,drawdown
dd_p26_cp90,1.6309211531465735,1.0,drawdown
dd_p26_cp91,1.853320270722179,1.0,drawdown
dd_p26_cp92,2.068165521636274,1.0,drawdown
dd_p26_cp93,2.432717026955288,1.0,drawdown
dd_p26_cp94,2.403108432022691,1.0,drawdown
dd_p26_cp95,3.0561759677457303,1.0,drawdown
dd_p26_cp96,2.5378307684336505,1.0,drawdown
dd_p26_cp97,3.681600755165391,1.0,drawdown
dd_p26_cp98,2.4289787384536794,1.0,drawdown
dd_p26_cp99,4.24994387148854,1.0,drawdown
dd_p26_cp100,2.117886545487181,1.0,drawdown
dd_p26_cp101,4.663174850921678,1.0,drawdown
dd_p26_cp102,1.7004095311940546,1.0,drawdown
dd_p26_cp103,4.790753295214472,1.0,drawdown
dd_p26_cp104,1.2734817506602667,1.0,drawdown
dd_p26_cp105,4.560433054080249,1.0,drawdown
dd_p26_cp106,0.901314643265323,1.0,drawdown
dd_p26_cp107,4.087819880481675,1.0,drawdown
dd_p26_cp108,0.6101886683682096,1.0,drawdown
dd_p26_cp109,3.548528598825669,1.0,drawdown
dd_p26_cp110,0.39941899101677336,1.0,drawdown
dd_p26_cp111,3.08015292332675,1.0,drawdown
dd_p26_cp112,0.2552001093868057,1.0,drawdown
dd_p26_cp113,2.753820939829893,1.0,drawdown
dd_p26_cp114,0.16072924026639157,1.0,drawdown
dd_p26_cp115,2.5675663889091993,1.0,drawdown
dd_p26_cp116,0.10150706726426506,1.0,drawdown
dd_p26_cp117,2.4497508945303252,1.0,drawdown
dd_p26_cp118,0.06723677997570121,1.0,drawdown
dd_p26_cp119,2.2873531864606775,1.0,drawdown
dd_p26_cp120,0.052151458099160664,1.0,drawdown
dd_p26_cp121,1.99794287545933,1.0,drawdown
dd_p26_cp122,0.05509686511413747,1.0,drawdown
dd_p26_cp123,1.6137821093082039,1.0,drawdown
dd_p26_cp124,0.08006731181285431,1.0,drawdown
dd_p26_cp125,1.2111396587556555,1.0,drawdown
dd_p26_cp126,0.13741384644708887,1.0,drawdown
dd_p26_cp127,0.8514368825483416,1.0,drawdown
dd_p26_cp128,0.24554800631085527,1.0,drawdown
dd_p26_cp129,0.564757751675188,1.0,drawdown
dd_p26_cp130,0.4324325840639176,1.0,drawdown
dd_p26_cp131,0.35573911814685744,1.0,drawdown
dd_p26_cp132,0.7352800750004462,1.0,drawdown
dd_p26_cp133,0.21455875614969955,1.0,drawdown
dd_p26_cp134,1.195701625935726,1.0,drawdown
dd_p26_cp135,0.12614944212100454,1.0,drawdown
dd_p26_cp136,1.8467777548266895,1.0,drawdown
dd_p26_cp137,0.07612973750110541,1.0,drawdown
dd_p26_cp138,2.690080620812296,1.0,drawdown
dd_p26_cp139,0.053821007453052516,1.0,drawdown
dd_p26_cp140,3.6670059140546982,1.0,drawdown
dd_p26_cp141,0.053273964701020304,1.0,drawdown
dd_p26_cp142,4.638644160239892,1.0,drawdown
dd_p26_cp143,0.07318227938230848,1.0,drawdown
dd_p26_cp144,5.392573430993252,1.0,drawdown
dd_p26_cp145,0.11620839797592453,1.0,drawdown
dd_p26_cp146,5.690960537646788,1.0,drawdown
dd_p26_cp147,0.18784210313970107,1.0,drawdown
dd_p26_cp148,5.392549778169723,1.0,drawdown
dd_p26_cp149,0.29464554749733907,1.0,drawdown
dd_p26_cp150,4.638586798419965,1.0,drawdown
dd_p26_cp151,0.4417175862381555,1.0,drawdown
dd_p26_cp152,3.6668925971416684,1.0,drawdown
dd_p26_cp153,0.6295019612387023,1.0,drawdown
dd_p26_cp154,2.6898728183386993,1.0,drawdown
dd_p26_cp155,0.8507265447292411,1.0,drawdown
dd_p26_cp156,1.8464148374437173,1.0,drawdown
dd_p26_cp157,1.0892401856624474,1.0,drawdown
dd_p26_cp158,1.1950931669116471,1.0,drawdown
dd_p26_cp159,1.3232097271120438,1.0,drawdown
dd_p26_cp160,0.7342943778430708,1.0,drawdown
dd_p26_cp161,1.5338529362722966,1.0,drawdown
dd_p26_cp162,0.4308750708073603,1.0,drawdown
dd_p26_cp163,1.7156520482992619,1.0,drawdown
dd_p26_cp164,0.2431139977784369,1.0,drawdown
dd_p26_cp165,1.877155205641202,1.0,drawdown
dd_p26_cp166,0.13358447941027407,1.0,drawdown
dd_p26_cp167,2.0249711088758886,1.0,drawdown
dd_p26_cp168,0.07389264449420807,1.0,drawdown
dd_p26_cp169,2.1449674690550182,1.0,drawdown
dd_p26_cp170,0.04477351470222857,1.0,drawdown
dd_p26_cp171,2.198085366113446,1.0,drawdown
dd_p26_cp172,0.034248908321842464,1.0,drawdown
dd_p26_cp173,2.1381259118222715,1.0,drawdown
dd_p26_cp174,0.03535545848126276,1.0,drawdown
dd_p26_cp175,1.943977258551513,1.0,drawdown
dd_p26_cp176,0.04408313210342385,1.0,drawdown
dd_p26_cp177,1.6415779338938137,1.0,drawdown
dd_p26_cp178,0.05771783618592963,1.0,drawdown
dd_p26_cp179,1.288013904551235,1.0,drawdown
dd_p26_cp180,0.07365469127353208,1.0,drawdown
dd_p26_cp181,0.9426246805905976,1.0,drawdown
dd_p26_cp182,0.08879872267834799,1.0,drawdown
dd_p26_cp183,0.6468471222297012,1.0,drawdown
dd_p26_cp184,0.09971490237012404,1.0,drawdown
dd_p26_cp185,0.41854621562333705,1.0,drawdown
dd_p26_cp186,0.10352224429107082,1.0,drawdown
dd_p26_cp187,0.2567411014968002,1.0,drawdown
dd_p26_cp188,0.09906960181479008,1.0,drawdown
dd_p26_cp189,0.15002035718202933,1.0,drawdown
dd_p26_cp190,0.08750198094776351,1.0,drawdown
dd_p26_cp191,0.0838490727644512,1.0,drawdown
dd_p26_cp192,0.07162702670348153,1.0,drawdown
dd_p26_cp193,0.04497934996629738,1.0,drawdown
dd_p26_cp194,0.054641481393446156,1.0,drawdown
dd_p26_cp195,0.02322042784749101,1.0,drawdown
dd_p26_cp196,0.03907025048192736,1.0,drawdown
dd_p26_cp197,0.011560753574030969,1.0,drawdown
dd_p26_cp198,0.026322960165543918,1.0,drawdown
dd_p26_cp199,0.0055599275767690415,1.0,drawdown
dd_p26_cp200,0.01678582665590511,1.0,drawdown
dd_p26_cp201,0.002586243499763441,1.0,drawdown
dd_p26_cp202,0.010168864494517038,1.0,drawdown
dd_p26_cp203,0.001164722121984596,1.0,drawdown
dd_p26_cp204,0.005869656525192113,1.0,drawdown
dd_p26_cp205,0.0005082482018679002,1.0,drawdown
dd_p26_cp206,0.0032359626929974183,1.0,drawdown
dd_p26_cp207,0.0002150254013031372,1.0,drawdown
dd_p26_cp208,0.0017072823079615773,1.0,drawdown
dd_p26_cp209,8.822164704724855e-05,1.0,drawdown
dd_p26_cp210,0.0008634983141746488,1.0,drawdown
dd_p26_cp211,3.50820628227666e-05,1.0,drawdown
dd_p27_cp0,0.3609340041584801,1.0,drawdown
dd_p27_cp1,0.0005517604295164347,1.0,drawdown
dd_p27_cp2,0.5443349764877894,1.0,drawdown
dd_p27_cp3,0.000925806315990485,1.0,drawdown
dd_p27_cp4,0.7742934830089325,1.0,drawdown
dd_p27_cp5,0.0014889292169755208,1.0,drawdown
dd_p27_cp6,1.0313474670797405,1.0,drawdown
dd_p27_cp7,0.0022960796532061067,1.0,drawdown
dd_p27_cp8,1.2765127481061427,1.0,drawdown
dd_p27_cp9,0.0034011751954494684,1.0,drawdown
dd_p27_cp10,1.4573085357637865,1.0,drawdown
dd_p27_cp11,0.004855994565332367,1.0,drawdown
dd_p27_cp12,1.5258289453340694,1.0,drawdown
dd_p27_cp13,0.006718592128436285,1.0,drawdown
dd_p27_cp14,1.4620571898349226,1.0,drawdown
dd_p27_cp15,0.009074855072412902,1.0,drawdown
dd_p27_cp16,1.2857734661142786,1.0,drawdown
dd_p27_cp17,0.012068373736383364,1.0,drawdown
dd_p27_cp18,1.044977903162362,1.0,drawdown
dd_p27_cp19,0.015919806873171183,1.0,drawdown
dd_p27_cp20,0.7929069073370556,1.0,drawdown
dd_p27_cp21,0.020905157973629684,1.0,drawdown
dd_p27_cp22,0.5703051891250652,1.0,drawdown
dd_p27_cp23,0.02726640316313933,1.0,drawdown
dd_p27_cp24,0.39979018487974827,1.0,drawdown
dd_p27_cp25,0.0350569881438787,1.0,drawdown
dd_p27_cp26,0.28949430647344343,1.0,drawdown
dd_p27_cp27,0.04397025158368706,1.0,drawdown
dd_p27_cp28,0.2402867091313965,1.0,drawdown
dd_p27_cp29,0.05323436964090433,1.0,drawdown
dd_p27_cp30,0.25239671857889334,1.0,drawdown
dd_p27_cp31,0.06165754390985967,1.0,drawdown
dd_p27_cp32,0.3296008988641006,1.0,drawdown
dd_p27_cp33,0.06786006979655212,1.0,drawdown
dd_p27_cp34,0.4805819552684625,1.0,drawdown
dd_p27_cp35,0.07064494867108806,1.0,drawdown
dd_p27_cp36,0.7173751360951428,1.0,drawdown
dd_p27_cp37,0.06937323216061486,1.0,drawdown
dd_p27_cp38,1.0503526683328346,1.0,drawdown
dd_p27_cp39,0.06418090210945593,1.0,drawdown
dd_p27_cp40,1.478651547859954,1.0,drawdown
dd_p27_cp41,0.05593674587998976,1.0,drawdown
dd_p27_cp42,1.975715330242565,1.0,drawdown
dd_p27_cp43,0.045965701951445226,1.0,drawdown
dd_p27_cp44,2.474151597454693,1.0,drawdown
dd_p27_cp45,0.035667520379320194,1.0,drawdown
dd_p27_cp46,2.8639960023006097,1.0,drawdown
dd_p27_cp47,0.02618625455397705,1.0,drawdown
dd_p27_cp48,3.0271377291037425,1.0,drawdown
dd_p27_cp49,0.018231796738746198,1.0,drawdown
dd_p27_cp50,2.914480300361447,1.0,drawdown
dd_p27_cp51,0.012067915406532848,1.0,drawdown
dd_p27_cp52,2.6062927860652962,1.0,drawdown
dd_p27_cp53,0.0076151921193741146,1.0,drawdown
dd_p27_cp54,2.2486788566843643,1.0,drawdown
dd_p27_cp55,0.004596093734562601,1.0,drawdown
dd_p27_cp56,1.9730447359893333,1.0,drawdown
dd_p27_cp57,0.002664945246579009,1.0,drawdown
dd_p27_cp58,1.8571646258637884,1.0,drawdown
dd_p27_cp59,0.0014953309496377187,1.0,drawdown
dd_p27_cp60,1.9201556562179576,1.0,drawdown
dd_p27_cp61,0.000822919258098409,1.0,drawdown
dd_p27_cp62,2.128917487408671,1.0,drawdown
dd_p27_cp63,0.00045534029050031677,1.0,drawdown
dd_p27_cp64,2.405547325243333,1.0,drawdown
dd_p27_cp65,0.0002637269053593627,1.0,drawdown
dd_p27_cp66,2.6402726511178116,1.0,drawdown
dd_p27_cp67,0.00016752217379689682,1.0,drawdown
dd_p27_cp68,2.722715029846995,1.0,drawdown
dd_p27_cp69,0.00011943944878112234,1.0,drawdown
dd_p27_cp70,2.5934743520347183,1.0,drawdown
dd_p27_cp71,9.348653475171886e-05,1.0,drawdown
dd_p27_cp72,2.278974288766449,1.0,drawdown
dd_p27_cp73,7.652083741049864e-05,1.0,drawdown
dd_p27_cp74,1.8593537157357787,1.0,drawdown
dd_p27_cp75,6.271816687331011e-05,1.0,drawdown
dd_p27_cp76,1.419347289497864,1.0,drawdown
dd_p27_cp77,5.010927134208032e-05,1.0,drawdown
dd_p27_cp78,1.0203019530995334,1.0,drawdown
dd_p27_cp79,3.848676806228468e-05,1.0,drawdown
dd_p27_cp80,0.6941493445301603,1.0,drawdown
dd_p27_cp81,2.8202701741975034e-05,1.0,drawdown
dd_p27_cp82,0.4487104167878897,1.0,drawdown
dd_p27_cp83,1.9530179770299583e-05,1.0,drawdown
dd_p27_cp84,0.5835008107892463,1.0,drawdown
dd_p27_cp85,0.6972335742154883,1.0,drawdown
dd_p27_cp86,0.8957535556442053,1.0,drawdown
dd_p27_cp87,1.0379511466992426,1.0,drawdown
dd_p27_cp88,1.2966955880315254,1.0,drawdown
dd_p27_cp89,1.4786801002621814,1.0,drawdown
dd_p27_cp90,1.7559567470857473,1.0,drawdown
dd_p27_cp91,2.014673606787028,1.0,drawdown
dd_p27_cp92,2.204948974023864,1.0,drawdown
dd_p27_cp93,2.6259548923706006,1.0,drawdown
dd_p27_cp94,2.545074439980908,1.0,drawdown
dd_p27_cp95,3.2792936981586536,1.0,drawdown
dd_p27_cp96,2.681726734324002,1.0,drawdown
dd_p27_cp97,3.9318105732118056,1.0,drawdown
dd_p27_cp98,2.5730029011683655,1.0,drawdown
dd_p27_cp99,4.523410366280814,1.0,drawdown
dd_p27_cp100,2.2586064222782625,1.0,drawdown
dd_p27_cp101,4.953661803551995,1.0,drawdown
dd_p27_cp102,1.8309356932995797,1.0,drawdown
dd_p27_cp103,5.0879634931413875,1.0,drawdown
dd_p27_cp104,1.386573353076983,1.0,drawdown
dd_p27_cp105,4.850367360793143,1.0,drawdown
dd_p27_cp106,0.9927481698632619,1.0,drawdown
dd_p27_cp107,4.3621040451830595,1.0,drawdown
dd_p27_cp108,0.6796608949243819,1.0,drawdown
dd_p27_cp109,3.804279377351804,1.0,drawdown
dd_p27_cp110,0.44956561009212237,1.0,drawdown
dd_p27_cp111,3.317468859478822,1.0,drawdown
dd_p27_cp112,0.2900534736963891,1.0,drawdown
dd_p27_cp113,2.9734603379693,1.0,drawdown
dd_p27_cp114,0.18447303712309804,1.0,drawdown
dd_p27_cp115,2.769991354969079,1.0,drawdown
dd_p27_cp116,0.1178196108485281,1.0,drawdown
dd_p27_cp117,2.634744480140853,1.0,drawdown
dd_p27_cp118,0.0791619891983828,1.0,drawdown
dd_p27_cp119,2.4528864652859284,1.0,drawdown
dd_p27_cp120,0.062310732025252946,1.0,drawdown
dd_p27_cp121,2.1397204540701296,1.0,drawdown
dd_p27_cp122,0.0660711988462026,1.0,drawdown
dd_p27_cp123,1.73048499778929,1.0,drawdown
dd_p27_cp124,0.09483570443262579,1.0,drawdown
dd_p27_cp125,1.3039857932433279,1.0,drawdown
dd_p27_cp126,0.15975863573930837,1.0,drawdown
dd_p27_cp127,0.9228704549925624,1.0,drawdown
dd_p27_cp128,0.28029710631426497,1.0,drawdown
dd_p27_cp129,0.6178227262446399,1.0,drawdown
dd_p27_cp130,0.48530781650606514,1.0,drawdown
dd_p27_cp131,0.39373579023572347,1.0,drawdown
dd_p27_cp132,0.8120328420095575,1.0,drawdown
dd_p27_cp133,0.24086530220529312,1.0,drawdown
dd_p27_cp134,1.300360314176487,1.0,drawdown
dd_p27_cp135,0.14408851362372843,1.0,drawdown
dd_p27_cp136,1.979570173508364,1.0,drawdown
dd_p27_cp137,0.08884408914946107,1.0,drawdown
dd_p27_cp138,2.8469475304023035,1.0,drawdown
dd_p27_cp139,0.06422196828407323,1.0,drawdown
dd_p27_cp140,3.84292710398131,1.0,drawdown
dd_p27_cp141,0.06410527641696717,1.0,drawdown
dd_p27_cp142,4.832643316727626,1.0,drawdown
dd_p27_cp143,0.08716904502921352,1.0,drawdown
dd_p27_cp144,5.604856962461781,1.0,drawdown
dd_p27_cp145,0.13622033260844546,1.0,drawdown
dd_p27_cp146,5.9110458543455024,1.0,drawdown
dd_p27_cp147,0.21700388454542008,1.0,drawdown
dd_p27_cp148,5.604823235101321,1.0,drawdown
dd_p27_cp149,0.33634734766837937,1.0,drawdown
dd_p27_cp150,4.832562561288796,1.0,drawdown
dd_p27_cp151,0.4994895957479457,1.0,drawdown
dd_p27_cp152,3.8427702554645293,1.0,drawdown
dd_p27_cp153,0.7067184332724992,1.0,drawdown
dd_p27_cp154,2.846665116744134,1.0,drawdown
dd_p27_cp155,0.9501334809890523,1.0,drawdown
dd_p27_cp156,1.9790859030949832,1.0,drawdown
dd_p27_cp157,1.2123918938887073,1.0,drawdown
dd_p27_cp158,1.299562816805519,1.0,drawdown
dd_p27_cp159,1.4700117520592357,1.0,drawdown
dd_p27_cp160,0.8107634084217352,1.0,drawdown
dd_p27_cp161,1.7024058340789452,1.0,drawdown
dd_p27_cp162,0.4833367177297987,1.0,drawdown
dd_p27_cp163,1.9024024468940297,1.0,drawdown
dd_p27_cp164,0.2772705539900926,1.0,drawdown
dd_p27_cp165,2.0772303093642677,1.0,drawdown
dd_p27_cp166,0.1550803757122594,1.0,drawdown
dd_p27_cp167,2.232672782297641,1.0,drawdown
dd_p27_cp168,0.08741910471599112,1.0,drawdown
dd_p27_cp169,2.3542938413791035,1.0,drawdown
dd_p27_cp170,0.053856332803661644,1.0,drawdown
dd_p27_cp171,2.4029948494339806,1.0,drawdown
dd_p27_cp172,0.041383160144050635,1.0,drawdown
dd_p27_cp173,2.3325161621621646,1.0,drawdown
dd_p27_cp174,0.04223924457846806,1.0,drawdown
dd_p27_cp175,2.1220070798790402,1.0,drawdown
dd_p27_cp176,0.051819147408423305,1.0,drawdown
dd_p27_cp177,1.798432411050726,1.0,drawdown
dd_p27_cp178,0.06693781272861088,1.0,drawdown
dd_p27_cp179,1.4204386196365704,1.0,drawdown
dd_p27_cp180,0.08457711114851918,1.0,drawdown
dd_p27_cp181,1.0491635394432706,1.0,drawdown
dd_p27_cp182,0.10126045879860612,1.0,drawdown
dd_p27_cp183,0.7281006750824872,1.0,drawdown
dd_p27_cp184,0.11322236311752931,1.0,drawdown
dd_p27_cp185,0.4771318742079984,1.0,drawdown
dd_p27_cp186,0.11735013308907583,1.0,drawdown
dd_p27_cp187,0.2966869293431955,1.0,drawdown
dd_p27_cp188,0.11240726106552756,1.0,drawdown
dd_p27_cp189,0.17584003165757167,1.0,drawdown
dd_p27_cp190,0.09961730463828644,1.0,drawdown
dd_p27_cp191,0.09972660191010618,1.0,drawdown
dd_p27_cp192,0.0819974698556507,1.0,drawdown
dd_p27_cp193,0.05430409262771718,1.0,drawdown
dd_p27_cp194,0.06301847174927389,1.0,drawdown
dd_p27_cp195,0.028469280785657247,1.0,drawdown
dd_p27_cp196,0.045469550546840765,1.0,drawdown
dd_p27_cp197,0.014401175322063864,1.0,drawdown
dd_p27_cp198,0.03095820017506412,1.0,drawdown
dd_p27_cp199,0.007041213559432435,1.0,drawdown
dd_p27_cp200,0.01997818930840367,1.0,drawdown
dd_p27_cp201,0.003332046496325347,1.0,drawdown
dd_p27_cp202,0.01226474662325927,1.0,drawdown
dd_p27_cp203,0.0015277285783668049,1.0,drawdown
dd_p27_cp204,0.00718416664903998,1.0,drawdown
dd_p27_cp205,0.0006792142669382883,1.0,drawdown
dd_p27_cp206,0.004024865151677659,1.0,drawdown
dd_p27_cp207,0.00029298127833499166,1.0,drawdown
dd_p27_cp208,0.002160903130970837,1.0,drawdown
dd_p27_cp209,0.0001226367576236953,1.0,drawdown
dd_p27_cp210,0.001113656436700694,1.0,drawdown
dd_p27_cp211,4.9777290087149595e-05,1.0,drawdown
dd_p28_cp0,0.4057695517462889,1.0,drawdown
dd_p28_cp1,0.0007148230420170876,1.0,drawdown
dd_p28_cp2,0.6046515143593751,1.0,drawdown
dd_p28_cp3,0.0011845684334730322,1.0,drawdown
dd_p28_cp4,0.8504668719942856,1.0,drawdown
dd_p28_cp5,0.0018850381143238337,1.0,drawdown
dd_p28_cp6,1.121563137412977,1.0,drawdown
dd_p28_cp7,0.0028818686946578964,1.0,drawdown
dd_p28_cp8,1.3771177544740567,1.0,drawdown
dd_p28_cp9,0.0042403990355524,1.0,drawdown
dd_p28_cp10,1.564023976520275,1.0,drawdown
dd_p28_cp11,0.006025092308391322,1.0,drawdown
dd_p28_cp12,1.6347483498111615,1.0,drawdown
dd_p28_cp13,0.008309389210808149,1.0,drawdown
dd_p28_cp14,1.5694366055454338,1.0,drawdown
dd_p28_cp15,0.011199180818493915,1.0,drawdown
dd_p28_cp16,1.3877446857468385,1.0,drawdown
dd_p28_cp17,0.014863626062378898,1.0,drawdown
dd_p28_cp18,1.1373751220967279,1.0,drawdown
dd_p28_cp19,0.01955219890214721,1.0,drawdown
dd_p28_cp20,0.8723374655214684,1.0,drawdown
dd_p28_cp21,0.025565266913417872,1.0,drawdown
dd_p28_cp22,0.6354678539782981,1.0,drawdown
dd_p28_cp23,0.033151362640182924,1.0,drawdown
dd_p28_cp24,0.4519618739263933,1.0,drawdown
dd_p28_cp25,0.042336563657954684,1.0,drawdown
dd_p28_cp26,0.33216879144265476,1.0,drawdown
dd_p28_cp27,0.05274004240436625,1.0,drawdown
dd_p28_cp28,0.27847589902921754,1.0,drawdown
dd_p28_cp29,0.06346645752228142,1.0,drawdown
dd_p28_cp30,0.29203311804303667,1.0,drawdown
dd_p28_cp31,0.07316377486768033,1.0,drawdown
dd_p28_cp32,0.3772155235633363,1.0,drawdown
dd_p28_cp33,0.08028288514333326,1.0,drawdown
dd_p28_cp34,0.5431938521246593,1.0,drawdown
dd_p28_cp35,0.08348441850739619,1.0,drawdown
dd_p28_cp36,0.8023500175609115,1.0,drawdown
dd_p28_cp37,0.08204859781517371,1.0,drawdown
dd_p28_cp38,1.164855764675849,1.0,drawdown
dd_p28_cp39,0.0761142204000862,1.0,drawdown
dd_p28_cp40,1.6283175492653754,1.0,drawdown
dd_p28_cp41,0.0666387504584236,1.0,drawdown
dd_p28_cp42,2.1625315232709,1.0,drawdown
dd_p28_cp43,0.05510237915905236,1.0,drawdown
dd_p28_cp44,2.6944345040838016,1.0,drawdown
dd_p28_cp45,0.0430916679024449,1.0,drawdown
dd_p28_cp46,3.108119221599736,1.0,drawdown
dd_p28_cp47,0.03192952144809169,1.0,drawdown
dd_p28_cp48,3.2819451395271244,1.0,drawdown
dd_p28_cp49,0.022464798674718622,1.0,drawdown
dd_p28_cp50,3.166727982872544,1.0,drawdown
dd_p28_cp51,0.015044015528019372,1.0,drawdown
dd_p28_cp52,2.8445627419819175,1.0,drawdown
dd_p28_cp53,0.009614742059511627,1.0,drawdown
dd_p28_cp54,2.466364544170574,1.0,drawdown
dd_p28_cp55,0.005883254441869212,1.0,drawdown
dd_p28_cp56,2.1699346812965814,1.0,drawdown
dd_p28_cp57,0.003462038583620597,1.0,drawdown
dd_p28_cp58,2.0381324666391265,1.0,drawdown
dd_p28_cp59,0.001973456364339654,1.0,drawdown
dd_p28_cp60,2.0920540345036898,1.0,drawdown
dd_p28_cp61,0.0011041235634365876,1.0,drawdown
dd_p28_cp62,2.297442825995404,1.0,drawdown
dd_p28_cp63,0.0006209578618836531,1.0,drawdown
dd_p28_cp64,2.5732885482193524,1.0,drawdown
dd_p28_cp65,0.00036458844306253013,1.0,drawdown
dd_p28_cp66,2.8068216134845443,1.0,drawdown
dd_p28_cp67,0.00023340196730714524,1.0,drawdown
dd_p28_cp68,2.8865216305237027,1.0,drawdown
dd_p28_cp69,0.00016658894264764967,1.0,drawdown
dd_p28_cp70,2.7522626804554875,1.0,drawdown
dd_p28_cp71,0.0001300710869145405,1.0,drawdown
dd_p28_cp72,2.4285504092708834,1.0,drawdown
dd_p28_cp73,0.00010625266122588073,1.0,drawdown
dd_p28_cp74,1.9942271301683832,1.0,drawdown
dd_p28_cp75,8.711983764442266e-05,1.0,drawdown
dd_p28_cp76,1.5351121955757208,1.0,drawdown
dd_p28_cp77,6.981481237744447e-05,1.0,drawdown
dd_p28_cp78,1.1148309832674386,1.0,drawdown
dd_p28_cp79,5.390398496274429e-05,1.0,drawdown
dd_p28_cp80,0.7675520058628535,1.0,drawdown
dd_p28_cp81,3.9774454080543364e-05,1.0,drawdown
dd_p28_cp82,0.5028659949587109,1.0,drawdown
dd_p28_cp83,2.775635471152782e-05,1.0,drawdown
dd_p28_cp84,0.6470685048698215,1.0,drawdown
dd_p28_cp85,0.7731822567525342,1.0,drawdown
dd_p28_cp86,0.9800832961514061,1.0,drawdown
dd_p28_cp87,1.1401081929463999,1.0,drawdown
dd_p28_cp88,1.400777513131743,1.0,drawdown
dd_p28_cp89,1.6104874605043733,1.0,drawdown
dd_p28_cp90,1.875316849965202,1.0,drawdown
dd_p28_cp91,2.17792922315175,1.0,drawdown
dd_p28_cp92,2.333345945288329,1.0,drawdown
dd_p28_cp93,2.820682447228137,1.0,drawdown
dd_p28_cp94,2.677783469096539,1.0,drawdown
dd_p28_cp95,3.5044459783657658,1.0,drawdown
dd_p28_cp96,2.8166293135282103,1.0,drawdown
dd_p28_cp97,4.185885846758083,1.0,drawdown
dd_p28_cp98,2.7077453864849303,1.0,drawdown
dd_p28_cp99,4.803746553048086,1.0,drawdown
dd_p28_cp100,2.3909034796774904,1.0,drawdown
dd_p28_cp101,5.2545442003515745,1.0,drawdown
dd_p28_cp102,1.9557592872743044,1.0,drawdown
dd_p28_cp103,5.397632049447793,1.0,drawdown
dd_p28_cp104,1.497288489787934,1.0,drawdown
dd_p28_cp105,5.151632664617864,1.0,drawdown
dd_p28_cp106,1.0844450218332895,1.0,drawdown
dd_p28_cp107,4.645085855897378,1.0,drawdown
dd_p28_cp108,0.7509037227673616,1.0,drawdown
dd_p28_cp109,4.066460734823295,1.0,drawdown
dd_p28_cp110,0.5020229612296134,1.0,drawdown
dd_p28_cp111,3.5597921327419044,1.0,drawdown
dd_p28_cp112,0.3271604339242913,1.0,drawdown
dd_p28_cp113,3.1977186882957085,1.0,drawdown
dd_p28_cp114,0.21015614337966326,1.0,drawdown
dd_p28_cp115,2.9775968258738885,1.0,drawdown
dd_p28_cp116,0.13573216332679294,1.0,drawdown
dd_p28_cp117,2.8255551513746013,1.0,drawdown
dd_p28_cp118,0.0924504420845551,1.0,drawdown
dd_p28_cp119,2.623948078205558,1.0,drawdown
dd_p28_cp120,0.073754551001457,1.0,drawdown
dd_p28_cp121,2.287073005030379,1.0,drawdown
dd_p28_cp122,0.07842297631123074,1.0,drawdown
dd_p28_cp123,1.8517701161761124,1.0,drawdown
dd_p28_cp124,0.11122705052957826,1.0,drawdown
dd_p28_cp125,1.4001665865450832,1.0,drawdown
dd_p28_cp126,0.184054424129954,1.0,drawdown
dd_p28_cp127,0.9967640274903715,1.0,drawdown
dd_p28_cp128,0.3172443861908505,1.0,drawdown
dd_p28_cp129,0.6728351699450741,1.0,drawdown
dd_p28_cp130,0.5402573994219892,1.0,drawdown
dd_p28_cp131,0.43338726520278215,1.0,drawdown
dd_p28_cp132,0.890018070831502,1.0,drawdown
dd_p28_cp133,0.2686423281409134,1.0,drawdown
dd_p28_cp134,1.4046173042420378,1.0,drawdown
dd_p28_cp135,0.1633630596936655,1.0,drawdown
dd_p28_cp136,2.1103440577194306,1.0,drawdown
dd_p28_cp137,0.10280579546383706,1.0,drawdown
dd_p28_cp138,3.0021308218820195,1.0,drawdown
dd_p28_cp139,0.07586176068093664,1.0,drawdown
dd_p28_cp140,4.020840152467827,1.0,drawdown
dd_p28_cp141,0.0762842179440213,1.0,drawdown
dd_p28_cp142,5.0329274109089965,1.0,drawdown
dd_p28_cp143,0.1027560633806388,1.0,drawdown
dd_p28_cp144,5.822702904943071,1.0,drawdown
dd_p28_cp145,0.15824472020267422,1.0,drawdown
dd_p28_cp146,6.133903571583687,1.0,drawdown
dd_p28_cp147,0.24876110787658945,1.0,drawdown
dd_p28_cp148,5.822655932381622,1.0,drawdown
dd_p28_cp149,0.3814039232954656,1.0,drawdown
dd_p28_cp150,5.032816252622524,1.0,drawdown
dd_p28_cp151,0.561537365738559,1.0,drawdown
dd_p28_cp152,4.020627613846045,1.0,drawdown
dd_p28_cp153,0.7892379061088377,1.0,drawdown
dd_p28_cp154,3.001754605777478,1.0,drawdown
dd_p28_cp155,1.0558735306549352,1.0,drawdown
dd_p28_cp156,2.109709894287789,1.0,drawdown
dd_p28_cp157,1.342776978656957,1.0,drawdown
dd_p28_cp158,1.4035903460594454,1.0,drawdown
dd_p28_cp159,1.624685650137053,1.0,drawdown
dd_p28_cp160,0.8884100773043428,1.0,drawdown
dd_p28_cp161,1.879088689628361,1.0,drawdown
dd_p28_cp162,0.5378010665717738,1.0,drawdown
dd_p28_cp163,2.097085186151162,1.0,drawdown
dd_p28_cp164,0.31353404645460614,1.0,drawdown
dd_p28_cp165,2.2846575407650107,1.0,drawdown
dd_p28_cp166,0.17841171070040218,1.0,drawdown
dd_p28_cp167,2.4469588825138544,1.0,drawdown
dd_p28_cp168,0.10241830755694536,1.0,drawdown
dd_p28_cp169,2.5694353328542547,1.0,drawdown
dd_p28_cp170,0.0641094100628834,1.0,drawdown
dd_p28_cp171,2.6130007001825106,1.0,drawdown
dd_p28_cp172,0.04949531012744046,1.0,drawdown
dd_p28_cp173,2.531341961285534,1.0,drawdown
dd_p28_cp174,0.05001235859117514,1.0,drawdown
dd_p28_cp175,2.3038950265304265,1.0,drawdown
dd_p28_cp176,0.0604294758022661,1.0,drawdown
dd_p28_cp177,1.9587186275909971,1.0,drawdown
dd_p28_cp178,0.07705606673289367,1.0,drawdown
dd_p28_cp179,1.5561035174569042,1.0,drawdown
dd_p28_cp180,0.09643284934873009,1.0,drawdown
dd_p28_cp181,1.158994142938127,1.0,drawdown
dd_p28_cp182,0.11468434752214307,1.0,drawdown
dd_p28_cp183,0.8127522171514556,1.0,drawdown
dd_p28_cp184,0.1277058780792686,1.0,drawdown
dd_p28_cp185,0.539039402256094,1.0,drawdown
dd_p28_cp186,0.13214892790892918,1.0,drawdown
dd_p28_cp187,0.33960381132965267,1.0,drawdown
dd_p28_cp188,0.12668998114804708,1.0,drawdown
dd_p28_cp189,0.20407816860233652,1.0,drawdown
dd_p28_cp190,0.11263019628495385,1.0,drawdown
dd_p28_cp191,0.11740914017150317,1.0,drawdown
dd_p28_cp192,0.09319592281099176,1.0,drawdown
dd_p28_cp193,0.06487736796270838,1.0,drawdown
dd_p28_cp194,0.07213226101703185,1.0,drawdown
dd_p28_cp195,0.03452692168389149,1.0,drawdown
dd_p28_cp196,0.052496475377665774,1.0,drawdown
dd_p28_cp197,0.01773665763698773,1.0,drawdown
dd_p28_cp198,0.03610243808998348,1.0,drawdown
dd_p28_cp199,0.008810882069838044,1.0,drawdown
dd_p28_cp200,0.023562753159694694,1.0,drawdown
dd_p28_cp201,0.004238588350290229,1.0,drawdown
dd_p28_cp202,0.014647977620825259,1.0,drawdown
dd_p28_cp203,0.0019767976693856326,1.0,drawdown
dd_p28_cp204,0.00869929178725215,1.0,drawdown
dd_p28_cp205,0.0008945616593791783,1.0,drawdown
dd_p28_cp206,0.004947551790792204,1.0,drawdown
dd_p28_cp207,0.00039301496144616976,1.0,drawdown
dd_p28_cp208,0.002699906016005116,1.0,drawdown
dd_p28_cp209,0.00016765128361839743,1.0,drawdown
dd_p28_cp210,0.0014160321252347785,1.0,drawdown
dd_p28_cp211,6.937808575457893e-05,1.0,drawdown
dd_p29_cp0,0.45236963196339275,1.0,drawdown
dd_p29_cp1,0.0009132495797530282,1.0,drawdown
dd_p29_cp2,0.6661309450109911,1.0,drawdown
dd_p29_cp3,0.0014961333076826122,1.0,drawdown
dd_p29_cp4,0.9266713408846954,1.0,drawdown
dd_p29_cp5,0.0023578142363476218,1.0,drawdown
dd_p29_cp6,1.2103945768812991,1.0,drawdown
dd_p29_cp7,0.0035760807190854393,1.0,drawdown
dd_p29_cp8,1.4751596986429831,1.0,drawdown
dd_p29_cp9,0.005229348672855849,1.0,drawdown
dd_p29_cp10,1.6676384197667176,1.0,drawdown
dd_p29_cp11,0.007396617532776872,1.0,drawdown
dd_p29_cp12,1.7405051609816837,1.0,drawdown
dd_p29_cp13,0.010168696985601855,1.0,drawdown
dd_p29_cp14,1.6737711627765748,1.0,drawdown
dd_p29_cp15,0.013673348511019867,1.0,drawdown
dd_p29_cp16,1.4872791959096503,1.0,drawdown
dd_p29_cp17,0.018106540505868907,1.0,drawdown
dd_p29_cp18,1.228613468239928,1.0,drawdown
dd_p29_cp19,0.023746453863168426,1.0,drawdown
dd_p29_cp20,0.9521682707845684,1.0,drawdown
dd_p29_cp21,0.030915642229501827,1.0,drawdown
dd_p29_cp22,0.7023690674163845,1.0,drawdown
dd_p29_cp23,0.03986453223251374,1.0,drawdown
dd_p29_cp24,0.506763266354028,1.0,drawdown
dd_p29_cp25,0.05058482030653977,1.0,drawdown
dd_p29_cp26,0.3779776116134599,1.0,drawdown
dd_p29_cp27,0.06261288175164736,1.0,drawdown
dd_p29_cp28,0.3201177408022886,1.0,drawdown
dd_p29_cp29,0.07492075162235778,1.0,drawdown
dd_p29_cp30,0.33546780139568,1.0,drawdown
dd_p29_cp31,0.08598776459757573,1.0,drawdown
dd_p29_cp32,0.4291574439243959,1.0,drawdown
dd_p29_cp33,0.09408855953370221,1.0,drawdown
dd_p29_cp34,0.6108986830863614,1.0,drawdown
dd_p29_cp35,0.09773637911530386,1.0,drawdown
dd_p29_cp36,0.8933215855181516,1.0,drawdown
dd_p29_cp37,0.09612734574693604,1.0,drawdown
dd_p29_cp38,1.2861075265032014,1.0,drawdown
dd_p29_cp39,0.08940161719101525,1.0,drawdown
dd_p29_cp40,1.784901233281289,1.0,drawdown
dd_p29_cp41,0.07860631189305423,1.0,drawdown
dd_p29_cp42,2.3555106960470766,1.0,drawdown
dd_p29_cp43,0.06538123715381516,1.0,drawdown
dd_p29_cp44,2.9193072519533416,1.0,drawdown
dd_p29_cp45,0.051508062091215834,1.0,drawdown
dd_p29_cp46,3.355187003584888,1.0,drawdown
dd_p29_cp47,0.038500222561197006,1.0,drawdown
dd_p29_cp48,3.539098442530758,1.0,drawdown
dd_p29_cp49,0.027358819256733113,1.0,drawdown
dd_p29_cp50,3.4224964124937287,1.0,drawdown
dd_p29_cp51,0.018525516310546664,1.0,drawdown
dd_p29_cp52,3.088457056892821,1.0,drawdown
dd_p29_cp53,0.011984187709458638,1.0,drawdown
dd_p29_cp54,2.6914902426765366,1.0,drawdown
dd_p29_cp55,0.0074299651860201266,1.0,drawdown
dd_p29_cp56,2.3749716463921686,1.0,drawdown
dd_p29_cp57,0.004434334221514291,1.0,drawdown
dd_p29_cp58,2.2266513130789463,1.0,drawdown
dd_p29_cp59,0.0025660625615273602,1.0,drawdown
dd_p29_cp60,2.269789810939983,1.0,drawdown
dd_p29_cp61,0.0014585131884814473,1.0,drawdown
dd_p29_cp62,2.469292817443147,1.0,drawdown
dd_p29_cp63,0.0008331392186846642,1.0,drawdown
dd_p29_cp64,2.7416558858394637,1.0,drawdown
dd_p29_cp65,0.0004956611942361633,1.0,drawdown
dd_p29_cp66,2.9720658116061713,1.0,drawdown
dd_p29_cp67,0.00031982176051315037,1.0,drawdown
dd_p29_cp68,3.0481881875798535,1.0,drawdown
dd_p29_cp69,0.00022864577294967603,1.0,drawdown
dd_p29_cp70,2.908732012253722,1.0,drawdown
dd_p29_cp71,0.00017818731703300728,1.0,drawdown
dd_p29_cp72,2.576655853602233,1.0,drawdown
dd_p29_cp73,0.0001452991755286348,1.0,drawdown
dd_p29_cp74,2.129157414536621,1.0,drawdown
dd_p29_cp75,0.00011916780931642279,1.0,drawdown
dd_p29_cp76,1.6522793302160608,1.0,drawdown
dd_p29_cp77,9.575344324730395e-05,1.0,drawdown
dd_p29_cp78,1.2115737882891153,1.0,drawdown
dd_p29_cp79,7.428561798406008e-05,1.0,drawdown
dd_p29_cp80,0.8435267389222645,1.0,drawdown
dd_p29_cp81,5.51622767943627e-05,1.0,drawdown
dd_p29_cp82,0.5596314813788013,1.0,drawdown
dd_p29_cp83,3.876627147292311e-05,1.0,drawdown
dd_p29_cp84,0.7116563274726104,1.0,drawdown
dd_p29_cp85,0.8518748927824618,1.0,drawdown
dd_p29_cp86,1.0637962224727744,1.0,drawdown
dd_p29_cp87,1.2448400909677275,1.0,drawdown
dd_p29_cp88,1.5018854032364288,1.0,drawdown
dd_p29_cp89,1.74436338243936,1.0,drawdown
dd_p29_cp90,1.9895379751014843,1.0,drawdown
dd_p29_cp91,2.3426285585858295,1.0,drawdown
dd_p29_cp92,2.456001077070596,1.0,drawdown
dd_p29_cp93,3.0166966839635734,1.0,drawdown
dd_p29_cp94,2.805965996343275,1.0,drawdown
dd_p29_cp95,3.731863997837081,1.0,drawdown
dd_p29_cp96,2.947946041321302,1.0,drawdown
dd_p29_cp97,4.444687088878027,1.0,drawdown
dd_p29_cp98,2.837943806496696,1.0,drawdown
dd_p29_cp99,5.092716277898489,1.0,drawdown
dd_p29_cp100,2.5174379407662855,1.0,drawdown
dd_p29_cp101,5.568136594558155,1.0,drawdown
dd_p29_cp102,2.0754409424112055,1.0,drawdown
dd_p29_cp103,5.721964231654965,1.0,drawdown
dd_p29_cp104,1.6050613954994333,1.0,drawdown
dd_p29_cp105,5.466826453071917,1.0,drawdown
dd_p29_cp106,1.1755998097100928,1.0,drawdown
dd_p29_cp107,4.939039371499803,1.0,drawdown
dd_p29_cp108,0.8232878496737612,1.0,drawdown
dd_p29_cp109,4.336579049099328,1.0,drawdown
dd_p29_cp110,0.5564176971720372,1.0,drawdown
dd_p29_cp111,3.8081474286830144,1.0,drawdown
dd_p29_cp112,0.3663499564790982,1.0,drawdown
dd_p29_cp113,3.4272530440200626,1.0,drawdown
dd_p29_cp114,0.23773475656616938,1.0,drawdown
dd_p29_cp115,3.190255174351023,1.0,drawdown
dd_p29_cp116,0.15526963181628162,1.0,drawdown
dd_p29_cp117,3.020950307934072,1.0,drawdown
dd_p29_cp118,0.10715865111569656,1.0,drawdown
dd_p29_cp119,2.799133560058408,1.0,drawdown
dd_p29_cp120,0.08654874425610615,1.0,drawdown
dd_p29_cp121,2.438667847355646,1.0,drawdown
dd_p29_cp122,0.09220931390200349,1.0,drawdown
dd_p29_cp123,1.9772529026006396,1.0,drawdown
dd_p29_cp124,0.12926458970923704,1.0,drawdown
dd_p29_cp125,1.499858826405216,1.0,drawdown
dd_p29_cp126,0.21025084085840717,1.0,drawdown
dd_p29_cp127,1.0733448541820962,1.0,drawdown
dd_p29_cp128,0.35622131795253154,1.0,drawdown
dd_p29_cp129,0.7299300044917345,1.0,drawdown
dd_p29_cp130,0.5969988593401467,1.0,drawdown
dd_p29_cp131,0.4747535520009478,1.0,drawdown
dd_p29_cp132,0.9690091260767986,1.0,drawdown
dd_p29_cp133,0.297914045435391,1.0,drawdown
dd_p29_cp134,1.5087385223046113,1.0,drawdown
dd_p29_cp135,0.18399260575392873,1.0,drawdown
dd_p29_cp136,2.2403302388652264,1.0,drawdown
dd_p29_cp137,0.11804706077123228,1.0,drawdown
dd_p29_cp138,3.157366215030379,1.0,drawdown
dd_p29_cp139,0.08878980478084486,1.0,drawdown
dd_p29_cp140,4.200526607687152,1.0,drawdown
dd_p29_cp141,0.08987548796403644,1.0,drawdown
dd_p29_cp142,5.2346281659119995,1.0,drawdown
dd_p29_cp143,0.12002139872765838,1.0,drawdown
dd_p29_cp144,6.038934252822855,1.0,drawdown
dd_p29_cp145,0.18237313470945082,1.0,drawdown
dd_p29_cp146,6.354493297241788,1.0,drawdown
dd_p29_cp147,0.2832170699548442,1.0,drawdown
dd_p29_cp148,6.038870216094438,1.0,drawdown
dd_p29_cp149,0.42991820595511854,1.0,drawdown
dd_p29_cp150,5.234478250860775,1.0,drawdown
dd_p29_cp151,0.6279337877660964,1.0,drawdown
dd_p29_cp152,4.2002441027934765,1.0,drawdown
dd_p29_cp153,0.8770578279763868,1.0,drawdown
dd_p29_cp154,3.156874046093435,1.0,drawdown
dd_p29_cp155,1.1678233901434396,1.0,drawdown
dd_p29_cp156,2.239513829176758,1.0,drawdown
dd_p29_cp157,1.4801283910026086,1.0,drawdown
dd_p29_cp158,1.5074371030027578,1.0,drawdown
dd_p29_cp159,1.786830021599826,1.0,drawdown
dd_p29_cp160,0.9670026199273707,1.0,drawdown
dd_p29_cp161,2.0634117928600517,1.0,drawdown
dd_p29_cp162,0.5939802567027073,1.0,drawdown
dd_p29_cp163,2.299230274614274,1.0,drawdown
dd_p29_cp164,0.3517305145328464,1.0,drawdown
dd_p29_cp165,2.499119681155207,1.0,drawdown
dd_p29_cp166,0.20352247123537381,1.0,drawdown
dd_p29_cp167,2.6677520092998748,1.0,drawdown
dd_p29_cp168,0.11890681032491557,1.0,drawdown
dd_p29_cp169,2.7905338355401454,1.0,drawdown
dd_p29_cp170,0.07558085208938792,1.0,drawdown
dd_p29_cp171,2.828382308868413,1.0,drawdown
dd_p29_cp172,0.0586397324450445,1.0,drawdown
dd_p29_cp173,2.734929086970851,1.0,drawdown
dd_p29_cp174,0.05872255127178505,1.0,drawdown
dd_p29_cp175,2.4899715814763113,1.0,drawdown
dd_p29_cp176,0.06995006781789925,1.0,drawdown
dd_p29_cp177,2.1226962581977205,1.0,drawdown
dd_p29_cp178,0.088096403691452,1.0,drawdown
dd_p29_cp179,1.6951260820580956,1.0,drawdown
dd_p29_cp180,0.1092359867311643,1.0,drawdown
dd_p29_cp181,1.2720554476959478,1.0,drawdown
dd_p29_cp182,0.12907776570636997,1.0,drawdown
dd_p29_cp183,0.9006148760561246,1.0,drawdown
dd_p29_cp184,0.1431683885257371,1.0,drawdown
dd_p29_cp185,0.6040628028817991,1.0,drawdown
dd_p29_cp186,0.14791905313450116,1.0,drawdown
dd_p29_cp187,0.38534848208905714,1.0,drawdown
dd_p29_cp188,0.14191762897644367,1.0,drawdown
dd_p29_cp189,0.23467723504199967,1.0,drawdown
dd_p29_cp190,0.12654139653886887,1.0,drawdown
dd_p29_cp191,0.13690535800787984,1.0,drawdown
dd_p29_cp192,0.10522530613025083,1.0,drawdown
dd_p29_cp193,0.07674177385911207,1.0,drawdown
dd_p29_cp194,0.08198964844450529,1.0,drawdown
dd_p29_cp195,0.04144391425438698,1.0,drawdown
dd_p29_cp196,0.06016284994802845,1.0,drawdown
dd_p29_cp197,0.021611444367408694,1.0,drawdown
dd_p29_cp198,0.04177198814977601,1.0,drawdown
dd_p29_cp199,0.010901987072884367,1.0,drawdown
dd_p29_cp200,0.027558223469441145,1.0,drawdown
dd_p29_cp201,0.0053281370073818834,1.0,drawdown
dd_p29_cp202,0.01733709488689783,1.0,drawdown
dd_p29_cp203,0.002525834176594799,1.0,drawdown
dd_p29_cp204,0.010431419123506203,1.0,drawdown
dd_p29_cp205,0.001162465785682798,1.0,drawdown
dd_p29_cp206,0.0060172620919729525,1.0,drawdown
dd_p29_cp207,0.0005196946146952541,1.0,drawdown
dd_p29_cp208,0.0033342425199407444,1.0,drawdown
dd_p29_cp209,0.00022570308283320628,1.0,drawdown
dd_p29_cp210,0.0017776706049517088,1.0,drawdown
dd_p29_cp211,9.512844280834543e-05,1.0,drawdown
dd_p30_cp0,0.500343015092767,1.0,drawdown
dd_p30_cp1,0.0011521497754074517,1.0,drawdown
dd_p30_cp2,0.7282771196496469,1.0,drawdown
dd_p30_cp3,0.0018675676406019193,1.0,drawdown
dd_p30_cp4,1.0024925224638537,1.0,drawdown
dd_p30_cp5,0.0029168269998081087,1.0,drawdown
dd_p30_cp6,1.2978329506190676,1.0,drawdown
dd_p30_cp7,0.004391396343635279,1.0,drawdown
dd_p30_cp8,1.571314143563086,1.0,drawdown
dd_p30_cp9,0.00638447788060148,1.0,drawdown
dd_p30_cp10,1.7694549775542328,1.0,drawdown
dd_p30_cp11,0.008991481211523933,1.0,drawdown
dd_p30_cp12,1.844625404236922,1.0,drawdown
dd_p30_cp13,0.012322516280164564,1.0,drawdown
dd_p30_cp14,1.7763684566730262,1.0,drawdown
dd_p30_cp15,0.016528898055184982,1.0,drawdown
dd_p30_cp16,1.585062163099792,1.0,drawdown
dd_p30_cp17,0.02183428131365872,1.0,drawdown
dd_p30_cp18,1.3187000574257581,1.0,drawdown
dd_p30_cp19,0.028544899007556523,1.0,drawdown
dd_p30_cp20,1.0320089827259835,1.0,drawdown
dd_p30_cp21,0.037002646732616995,1.0,drawdown
dd_p30_cp22,0.7705469415413972,1.0,drawdown
dd_p30_cp23,0.047454521716645104,1.0,drawdown
dd_p30_cp24,0.5638501695693776,1.0,drawdown
dd_p30_cp25,0.059850340305274585,1.0,drawdown
dd_p30_cp26,0.42674511786890434,1.0,drawdown
dd_p30_cp27,0.07363492791409953,1.0,drawdown
dd_p30_cp28,0.36518058054662106,1.0,drawdown
dd_p30_cp29,0.08763899488576499,1.0,drawdown
dd_p30_cp30,0.38275960934925024,1.0,drawdown
dd_p30_cp31,0.10016583149399594,1.0,drawdown
dd_p30_cp32,0.4855061128150737,1.0,drawdown
dd_p30_cp33,0.1093083737591769,1.0,drawdown
dd_p30_cp34,0.6836989052180797,1.0,drawdown
dd_p30_cp35,0.11342888049648536,1.0,drawdown
dd_p30_cp36,0.9900749880848707,1.0,drawdown
dd_p30_cp37,0.11163706595743861,1.0,drawdown
dd_p30_cp38,1.4135000950141148,1.0,drawdown
dd_p30_cp39,0.10407313906671334,1.0,drawdown
dd_p30_cp40,1.9472304327314305,1.0,drawdown
dd_p30_cp41,0.09187409554215265,1.0,drawdown
dd_p30_cp42,2.5527873660107616,1.0,drawdown
dd_p30_cp43,0.07684231241955786,1.0,drawdown
dd_p30_cp44,3.1461193312052274,1.0,drawdown
dd_p30_cp45,0.06096125000885877,1.0,drawdown
dd_p30_cp46,3.6017539784529617,1.0,drawdown
dd_p30_cp47,0.04594522479828811,1.0,drawdown
dd_p30_cp48,3.7947302139937165,1.0,drawdown
dd_p30_cp49,0.032960164457563224,1.0,drawdown
dd_p30_cp50,3.6783038630842384,1.0,drawdown
dd_p30_cp51,0.022555350517905026,1.0,drawdown
dd_p30_cp52,3.3352523941807704,1.0,drawdown
dd_p30_cp53,0.014760967017991788,1.0,drawdown
dd_p30_cp54,2.9220680675425683,1.0,drawdown
dd_p30_cp55,0.009267058026580344,1.0,drawdown
dd_p30_cp56,2.5867634426531367,1.0,drawdown
dd_p30_cp57,0.005605950677818328,1.0,drawdown
dd_p30_cp58,2.4217134234504556,1.0,drawdown
dd_p30_cp59,0.0032912087158365466,1.0,drawdown
dd_p30_cp60,2.4525485263443443,1.0,drawdown
dd_p30_cp61,0.001899167455121642,1.0,drawdown
dd_p30_cp62,2.643902731660546,1.0,drawdown
dd_p30_cp63,0.001101177260352415,1.0,drawdown
dd_p30_cp64,2.910660500796439,1.0,drawdown
dd_p30_cp65,0.0006635400145569292,1.0,drawdown
dd_p30_cp66,3.1366806241114773,1.0,drawdown
dd_p30_cp67,0.00043154928698641015,1.0,drawdown
dd_p30_cp68,3.2086122534381047,1.0,drawdown
dd_p30_cp69,0.0003091781504735991,1.0,drawdown
dd_p30_cp70,3.0635242711332467,1.0,drawdown
dd_p30_cp71,0.00024061614158199518,1.0,drawdown
dd_p30_cp72,2.7232592294046754,1.0,drawdown
dd_p30_cp73,0.00019590235137911804,1.0,drawdown
dd_p30_cp74,2.263594573095361,1.0,drawdown
dd_p30_cp75,0.0001607035260349221,1.0,drawdown
dd_p30_cp76,1.7702335915150798,1.0,drawdown
dd_p30_cp77,0.0001294395751756383,1.0,drawdown
dd_p30_cp78,1.3100873967371172,1.0,drawdown
dd_p30_cp79,0.00010085942608384357,1.0,drawdown
dd_p30_cp80,0.9218001512185765,1.0,drawdown
dd_p30_cp81,7.533302732554148e-05,1.0,drawdown
dd_p30_cp82,0.6188404395636553,1.0,drawdown
dd_p30_cp83,5.3283521765479236e-05,1.0,drawdown
dd_p30_cp84,0.776745009791739,1.0,drawdown
dd_p30_cp85,0.9330394347982747,1.0,drawdown
dd_p30_cp86,1.1465210176720575,1.0,drawdown
dd_p30_cp87,1.3517647209027928,1.0,drawdown
dd_p30_cp88,1.6004448454723388,1.0,drawdown
dd_p30_cp89,1.8799020380961338,1.0,drawdown
dd_p30_cp90,2.100736882267938,1.0,drawdown
dd_p30_cp91,2.5085558413918534,1.0,drawdown
dd_p30_cp92,2.577185734667637,1.0,drawdown
dd_p30_cp93,3.2142011435557833,1.0,drawdown
dd_p30_cp94,2.935386122635009,1.0,drawdown
dd_p30_cp95,3.9622645971953716,1.0,drawdown
dd_p30_cp96,3.08177918444062,1.0,drawdown
dd_p30_cp97,4.709405544330821,1.0,drawdown
dd_p30_cp98,2.96937516321168,1.0,drawdown
dd_p30_cp99,5.391629539649102,1.0,drawdown
dd_p30_cp100,2.6425057107603607,1.0,drawdown
dd_p30_cp101,5.895293061763368,1.0,drawdown
dd_p30_cp102,2.1921303632875606,1.0,drawdown
dd_p30_cp103,6.061481770248292,1.0,drawdown
dd_p30_cp104,1.7103548970699194,1.0,drawdown
dd_p30_cp105,5.796929679555205,1.0,drawdown
dd_p30_cp106,1.265879843125731,1.0,drawdown
dd_p30_cp107,5.245436274424719,1.0,drawdown
dd_p30_cp108,0.8963317576008194,1.0,drawdown
dd_p30_cp109,4.615960688154701,1.0,drawdown
dd_p30_cp110,0.6123933558133103,1.0,drawdown
dd_p30_cp111,4.063346707965366,1.0,drawdown
dd_p30_cp112,0.4074338011655527,1.0,drawdown
dd_p30_cp113,3.6621828269276193,1.0,drawdown
dd_p30_cp114,0.26714674872573596,1.0,drawdown
dd_p30_cp115,3.40715808390496,1.0,drawdown
dd_p30_cp116,0.17644404827160542,1.0,drawdown
dd_p30_cp117,3.2192642401637386,1.0,drawdown
dd_p30_cp118,0.12333435482878485,1.0,drawdown
dd_p30_cp119,2.9763619062657654,1.0,drawdown
dd_p30_cp120,0.1007511576840443,1.0,drawdown
dd_p30_cp121,2.592733367237088,1.0,drawdown
dd_p30_cp122,0.10747678516736414,1.0,drawdown
dd_p30_cp123,2.105881598210999,1.0,drawdown
dd_p30_cp124,0.1489576025946917,1.0,drawdown
dd_p30_cp125,1.6027338820199475,1.0,drawdown
dd_p30_cp126,0.23828778748566037,1.0,drawdown
dd_p30_cp127,1.1526434131303631,1.0,drawdown
dd_p30_cp128,0.39707935982278286,1.0,drawdown
dd_p30_cp129,0.7892071252333608,1.0,drawdown
dd_p30_cp130,0.6553417140694364,1.0,drawdown
dd_p30_cp131,0.5179043330474542,1.0,drawdown
dd_p30_cp132,1.0489486397923429,1.0,drawdown
dd_p30_cp133,0.32871839083281884,1.0,drawdown
dd_p30_cp134,1.6130510384646186,1.0,drawdown
dd_p30_cp135,0.20600526152452403,1.0,drawdown
dd_p30_cp136,2.3701975099770607,1.0,drawdown
dd_p30_cp137,0.1346032056023887,1.0,drawdown
dd_p30_cp138,3.312776457743894,1.0,drawdown
dd_p30_cp139,0.1030556035709651,1.0,drawdown
dd_p30_cp140,4.380222987740581,1.0,drawdown
dd_p30_cp141,0.10494321923420102,1.0,drawdown
dd_p30_cp142,5.434500084377305,1.0,drawdown
dd_p30_cp143,0.1390422647880314,1.0,drawdown
dd_p30_cp144,6.251189470955524,1.0,drawdown
dd_p30_cp145,0.20869331729454643,1.0,drawdown
dd_p30_cp146,6.570629354599987,1.0,drawdown
dd_p30_cp147,0.32046273239643597,1.0,drawdown
dd_p30_cp148,6.251103849211177,1.0,drawdown
dd_p30_cp149,0.48196637852902313,1.0,drawdown
dd_p30_cp150,5.43430161794231,1.0,drawdown
dd_p30_cp151,0.6987093391746839,1.0,drawdown
dd_p30_cp152,4.379854007174799,1.0,drawdown
dd_p30_cp153,0.9701261340871952,1.0,drawdown
dd_p30_cp154,3.312143126119281,1.0,drawdown
dd_p30_cp155,1.2858196284030328,1.0,drawdown
dd_p30_cp156,2.369162646411951,1.0,drawdown
dd_p30_cp157,1.6241596243164622,1.0,drawdown
dd_p30_cp158,1.6114256422488324,1.0,drawdown
dd_p30_cp159,1.9560456259666807,1.0,drawdown
dd_p30_cp160,1.0464787300534226,1.0,drawdown
dd_p30_cp161,2.2549201313652247,1.0,drawdown
dd_p30_cp162,0.651678713511501,1.0,drawdown
dd_p30_cp163,2.5084367310469133,1.0,drawdown
dd_p30_cp164,0.3917062811510732,1.0,drawdown
dd_p30_cp165,2.7203548457830493,1.0,drawdown
dd_p30_cp166,0.23034706119597104,1.0,drawdown
dd_p30_cp167,2.8949383295494044,1.0,drawdown
dd_p30_cp168,0.13688714112777234,1.0,drawdown
dd_p30_cp169,3.0175429800310667,1.0,drawdown
dd_p30_cp170,0.08830828863165152,1.0,drawdown
dd_p30_cp171,3.0490415092976946,1.0,drawdown
dd_p30_cp172,0.06886419399279475,1.0,drawdown
dd_p30_cp173,2.9431271611515513,1.0,drawdown
dd_p30_cp174,0.06841365353648143,1.0,drawdown
dd_p30_cp175,2.680211626325672,1.0,drawdown
dd_p30_cp176,0.08041495599763948,1.0,drawdown
dd_p30_cp177,2.290467697717986,1.0,drawdown
dd_p30_cp178,0.10008229001277869,1.0,drawdown
dd_p30_cp179,1.8376105312534037,1.0,drawdown
dd_p30_cp180,0.12300098024024919,1.0,drawdown
dd_p30_cp181,1.3883546177960397,1.0,drawdown
dd_p30_cp182,0.14444800344199393,1.0,drawdown
dd_p30_cp183,0.9915893034378769,1.0,drawdown
dd_p30_cp184,0.15961180340036663,1.0,drawdown
dd_p30_cp185,0.6720568741488933,1.0,drawdown
dd_p30_cp186,0.1646595279948997,1.0,drawdown
dd_p30_cp187,0.43379973728565346,1.0,drawdown
dd_p30_cp188,0.15808913350429066,1.0,drawdown
dd_p30_cp189,0.2675754398965182,1.0,drawdown
dd_p30_cp190,0.1413517207502082,1.0,drawdown
dd_p30_cp191,0.1582103687851486,1.0,drawdown
dd_p30_cp192,0.11808913449294778,1.0,drawdown
dd_p30_cp193,0.08992772335454902,1.0,drawdown
dd_p30_cp194,0.09259746605039254,1.0,drawdown
dd_p30_cp195,0.049263486182553606,1.0,drawdown
dd_p30_cp196,0.0684794594790219,1.0,drawdown
dd_p30_cp197,0.02606673764557854,1.0,drawdown
dd_p30_cp198,0.04798144076266908,1.0,drawdown
dd_p30_cp199,0.01334711831691493,1.0,drawdown
dd_p30_cp200,0.03198164025479855,1.0,drawdown
dd_p30_cp201,0.006623612347084418,1.0,drawdown
dd_p30_cp202,0.020349536233879917,1.0,drawdown
dd_p30_cp203,0.0031896511206923606,1.0,drawdown
dd_p30_cp204,0.012396499826081708,1.0,drawdown
dd_p30_cp205,0.0014918899630629312,1.0,drawdown
dd_p30_cp206,0.007247295186516567,1.0,drawdown
dd_p30_cp207,0.0006781550237064948,1.0,drawdown
dd_p30_cp208,0.004074185922490869,1.0,drawdown
dd_p30_cp209,0.0002995944421400054,1.0,drawdown
dd_p30_cp210,0.0022060179549043823,1.0,drawdown
dd_p30_cp211,0.00012848825167566247,1.0,drawdown
dd_p31_cp0,0.5493711629346762,1.0,drawdown
dd_p31_cp1,0.001436989356079721,1.0,drawdown
dd_p31_cp2,0.7908155802438159,1.0,drawdown
dd_p31_cp3,0.002306337496975175,1.0,drawdown
dd_p31_cp4,1.0779603139881146,1.0,drawdown
dd_p31_cp5,0.0035720680793929205,1.0,drawdown
dd_p31_cp6,1.384521982606202,1.0,drawdown
dd_p31_cp7,0.005340904861895979,1.0,drawdown
dd_p31_cp8,1.6669715671177983,1.0,drawdown
dd_p31_cp9,0.007722581285179331,1.0,drawdown
dd_p31_cp10,1.8714088560118398,1.0,drawdown
dd_p31_cp11,0.010830788582097739,1.0,drawdown
dd_p31_cp12,1.9492176916105564,1.0,drawdown
dd_p31_cp13,0.014796779546486505,1.0,drawdown
dd_p31_cp14,1.8791690731709423,1.0,drawdown
dd_p31_cp15,0.019796871635207935,1.0,drawdown
dd_p31_cp16,1.6824952591177862,1.0,drawdown
dd_p31_cp17,0.026082862493694847,1.0,drawdown
dd_p31_cp18,1.4082965158177103,1.0,drawdown
dd_p31_cp19,0.03398778314658557,1.0,drawdown
dd_p31_cp20,1.1119154605157746,1.0,drawdown
dd_p31_cp21,0.043869319922123395,1.0,drawdown
dd_p31_cp22,0.8397627895442383,1.0,drawdown
dd_p31_cp23,0.05596503764127192,1.0,drawdown
dd_p31_cp24,0.6229515174100015,1.0,drawdown
dd_p31_cp25,0.07017491346323368,1.0,drawdown
dd_p31_cp26,0.4782958029513793,1.0,drawdown
dd_p31_cp27,0.08584344575183422,1.0,drawdown
dd_p31_cp28,0.41360483494872824,1.0,drawdown
dd_p31_cp29,0.10165190350107878,1.0,drawdown
dd_p31_cp30,0.4339256177704556,1.0,drawdown
dd_p31_cp31,0.11572133585377742,1.0,drawdown
dd_p31_cp32,0.5462810648955383,1.0,drawdown
dd_p31_cp33,0.12595915281372072,1.0,drawdown
dd_p31_cp34,0.761507982218518,1.0,drawdown
dd_p31_cp35,0.1305746298039594,1.0,drawdown
dd_p31_cp36,1.0922688863292933,1.0,drawdown
dd_p31_cp37,0.1285898298056054,1.0,drawdown
dd_p31_cp38,1.546252704960807,1.0,drawdown
dd_p31_cp39,0.12014387722183528,1.0,drawdown
dd_p31_cp40,2.1138769624790257,1.0,drawdown
dd_p31_cp41,0.10646307686374712,1.0,drawdown
dd_p31_cp42,2.7520656061083173,1.0,drawdown
dd_p31_cp43,0.08951381415317883,1.0,drawdown
dd_p31_cp44,3.3715478273788904,1.0,drawdown
dd_p31_cp45,0.07148623295370271,1.0,drawdown
dd_p31_cp46,3.843638358923272,1.0,drawdown
dd_p31_cp47,0.05430431200466046,1.0,drawdown
dd_p31_cp48,4.0444329709598605,1.0,drawdown
dd_p31_cp49,0.03931044296314212,1.0,drawdown
dd_p31_cp50,3.929921769575685,1.0,drawdown
dd_p31_cp51,0.02717383604431234,1.0,drawdown
dd_p31_cp52,3.5815293009050038,1.0,drawdown
dd_p31_cp53,0.01798153235404243,1.0,drawdown
dd_p31_cp54,3.1556405175601867,1.0,drawdown
dd_p31_cp55,0.011425503827922512,1.0,drawdown
dd_p31_cp56,2.803625673677743,1.0,drawdown
dd_p31_cp57,0.007001802887771191,1.0,drawdown
dd_p31_cp58,2.622185889517368,1.0,drawdown
dd_p31_cp59,0.004168038825355325,1.0,drawdown
dd_p31_cp60,2.6396740193331425,1.0,drawdown
dd_p31_cp61,0.0024402891176578123,1.0,drawdown
dd_p31_cp62,2.821234384367017,1.0,drawdown
dd_p31_cp63,0.0014353872911669896,1.0,drawdown
dd_p31_cp64,3.081028651568431,1.0,drawdown
dd_p31_cp65,0.0008756848728808109,1.0,drawdown
dd_p31_cp66,3.30191490432685,1.0,drawdown
dd_p31_cp67,0.0005740560914091475,1.0,drawdown
dd_p31_cp68,3.369078592211281,1.0,drawdown
dd_p31_cp69,0.0004123184962736559,1.0,drawdown
dd_p31_cp70,3.2178807756667993,1.0,drawdown
dd_p31_cp71,0.0003205922118922899,1.0,drawdown
dd_p31_cp72,2.869103207166063,1.0,drawdown
dd_p31_cp73,0.0002606738796657737,1.0,drawdown
dd_p31_cp74,2.397616639156695,1.0,drawdown
dd_p31_cp75,0.00021387398851402395,1.0,drawdown
dd_p31_cp76,1.8886671508103063,1.0,drawdown
dd_p31_cp77,0.0001726419993701711,1.0,drawdown
dd_p31_cp78,1.4100043923363046,1.0,drawdown
dd_p31_cp79,0.0001350638997337228,1.0,drawdown
dd_p31_cp80,1.0020904552566208,1.0,drawdown
dd_p31_cp81,0.00010142430460291507,1.0,drawdown
dd_p31_cp82,0.6803096847729648,1.0,drawdown
dd_p31_cp83,7.216320591396652e-05,1.0,drawdown
dd_p31_cp84,0.8420700393630796,1.0,drawdown
dd_p31_cp85,1.0164037856441155,1.0,drawdown
dd_p31_cp86,1.22845632320832,1.0,drawdown
dd_p31_cp87,1.4605712545339884,1.0,drawdown
dd_p31_cp88,1.6977783538677613,1.0,drawdown
dd_p31_cp89,2.016908439300323,1.0,drawdown
dd_p31_cp90,2.2119246793540697,1.0,drawdown
dd_p31_cp91,2.6758537477358004,1.0,drawdown
dd_p31_cp92,2.7014644237256107,1.0,drawdown
dd_p31_cp93,3.413811376852891,1.0,drawdown
dd_p31_cp94,3.0712945503473748,1.0,drawdown
dd_p31_cp95,4.196659872355212,1.0,drawdown
dd_p31_cp96,3.223454875920652,1.0,drawdown
dd_p31_cp97,4.981108567358206,1.0,drawdown
dd_p31_cp98,3.10730557446459,1.0,drawdown
dd_p31_cp99,5.700854778335497,1.0,drawdown
dd_p31_cp100,2.770699007156054,1.0,drawdown
dd_p31_cp101,6.234992372601255,1.0,drawdown
dd_p31_cp102,2.308873953037164,1.0,drawdown
dd_p31_cp103,6.414095992067132,1.0,drawdown
dd_p31_cp104,1.814530560653111,1.0,drawdown
dd_p31_cp105,6.140839377495922,1.0,drawdown
dd_p31_cp106,1.3555242619004275,1.0,drawdown
dd_p31_cp107,5.564441726054383,1.0,drawdown
dd_p31_cp108,0.9698109583478072,1.0,drawdown
dd_p31_cp109,4.905312964645418,1.0,drawdown
dd_p31_cp110,0.669669791691831,1.0,drawdown
dd_p31_cp111,4.325831704705706,1.0,drawdown
dd_p31_cp112,0.4502284056461576,1.0,drawdown
dd_p31_cp113,3.9022189114350567,1.0,drawdown
dd_p31_cp114,0.2983171417954509,1.0,drawdown
dd_p31_cp115,3.6272377428144864,1.0,drawdown
dd_p31_cp116,0.19925503502872743,1.0,drawdown
dd_p31_cp117,3.419152022877597,1.0,drawdown
dd_p31_cp118,0.141015805726056,1.0,drawdown
dd_p31_cp119,3.1545527073840276,1.0,drawdown
dd_p31_cp120,0.11641093391699542,1.0,drawdown
dd_p31_cp121,2.7478309843936586,1.0,drawdown
dd_p31_cp122,0.12426191227450545,1.0,drawdown
dd_p31_cp123,2.2363694068963014,1.0,drawdown
dd_p31_cp124,0.17030536402489815,1.0,drawdown
dd_p31_cp125,1.7080880139783403,1.0,drawdown
dd_p31_cp126,0.2681047917144497,1.0,drawdown
dd_p31_cp127,1.2344402711314615,1.0,drawdown
dd_p31_cp128,0.4396988333005538,1.0,drawdown
dd_p31_cp129,0.850665760513948,1.0,drawdown
dd_p31_cp130,0.715166229299939,1.0,drawdown
dd_p31_cp131,0.5628877937342622,1.0,drawdown
dd_p31_cp132,1.12984056150799,1.0,drawdown
dd_p31_cp133,0.36109717651333995,1.0,drawdown
dd_p31_cp134,1.7177528246320435,1.0,drawdown
dd_p31_cp135,0.2294357532905451,1.0,drawdown
dd_p31_cp136,2.500097412769719,1.0,drawdown
dd_p31_cp137,0.1525130732973139,1.0,drawdown
dd_p31_cp138,3.4678780074523274,1.0,drawdown
dd_p31_cp139,0.1187093954104057,1.0,drawdown
dd_p31_cp140,4.558653738779412,1.0,drawdown
dd_p31_cp141,0.12155077251941293,1.0,drawdown
dd_p31_cp142,5.631744878792233,1.0,drawdown
dd_p31_cp143,0.15989337242308466,1.0,drawdown
dd_p31_cp144,6.460874281146971,1.0,drawdown
dd_p31_cp145,0.23728622311614345,1.0,drawdown
dd_p31_cp146,6.78571882964161,1.0,drawdown
dd_p31_cp147,0.36057401437255976,1.0,drawdown
dd_p31_cp148,6.460761805380116,1.0,drawdown
dd_p31_cp149,0.5375987070569863,1.0,drawdown
dd_p31_cp150,5.63148654540737,1.0,drawdown
dd_p31_cp151,0.7738595904370413,1.0,drawdown
dd_p31_cp152,4.558179450218631,1.0,drawdown
dd_p31_cp153,1.0683526107591206,1.0,drawdown
dd_p31_cp154,3.467075180195934,1.0,drawdown
dd_p31_cp155,1.4096605365377854,1.0,drawdown
dd_p31_cp156,2.498804037677928,1.0,drawdown
dd_p31_cp157,1.7745446066537625,1.0,drawdown
dd_p31_cp158,1.7157495293758984,1.0,drawdown
dd_p31_cp159,2.1319013890029055,1.0,drawdown
dd_p31_cp160,1.1268376440411885,1.0,drawdown
dd_p31_cp161,2.453146903623974,1.0,drawdown
dd_p31_cp162,0.7107719101622934,1.0,drawdown
dd_p31_cp163,2.7242808293426606,1.0,drawdown
dd_p31_cp164,0.43333680185423873,1.0,drawdown
dd_p31_cp165,2.948014142990587,1.0,drawdown
dd_p31_cp166,0.2588196290766973,1.0,drawdown
dd_p31_cp167,3.128154018421583,1.0,drawdown
dd_p31_cp168,0.156351822646684,1.0,drawdown
dd_p31_cp169,3.249904934194319,1.0,drawdown
dd_p31_cp170,0.10231966314495367,1.0,drawdown
dd_p31_cp171,3.27413071352953,1.0,drawdown
dd_p31_cp172,0.08020971386986275,1.0,drawdown
dd_p31_cp173,3.1549784236535743,1.0,drawdown
dd_p31_cp174,0.07912543789780102,1.0,drawdown
dd_p31_cp175,2.8738541586371866,1.0,drawdown
dd_p31_cp176,0.09185593050551688,1.0,drawdown
dd_p31_cp177,2.4616447471337324,1.0,drawdown
dd_p31_cp178,0.11303562468219752,1.0,drawdown
dd_p31_cp179,1.9834380247066292,1.0,drawdown
dd_p31_cp180,0.13774003470416574,1.0,drawdown
dd_p31_cp181,1.5078532845059271,1.0,drawdown
dd_p31_cp182,0.16079850920687022,1.0,drawdown
dd_p31_cp183,1.0856093404775038,1.0,drawdown
dd_p31_cp184,0.17703282801312525,1.0,drawdown
dd_p31_cp185,0.7429204766401654,1.0,drawdown
dd_p31_cp186,0.18236375144715566,1.0,drawdown
dd_p31_cp187,0.484861106831886,1.0,drawdown
dd_p31_cp188,0.17519837456893583,1.0,drawdown
dd_p31_cp189,0.3027144761128966,1.0,drawdown
dd_p31_cp190,0.15705843194928093,1.0,drawdown
dd_p31_cp191,0.1813114313256392,1.0,drawdown
dd_p31_cp192,0.13178910321494186,1.0,drawdown
dd_p31_cp193,0.104455852958381,1.0,drawdown
dd_p31_cp194,0.10396168754459723,1.0,drawdown
dd_p31_cp195,0.05802182191587235,1.0,drawdown
dd_p31_cp196,0.07745622781112615,1.0,drawdown
dd_p31_cp197,0.031140196429305433,1.0,drawdown
dd_p31_cp198,0.054744175966789044,1.0,drawdown
dd_p31_cp199,0.016177846026039333,1.0,drawdown
dd_p31_cp200,0.03684874303689867,1.0,drawdown
dd_p31_cp201,0.008148219552822411,1.0,drawdown
dd_p31_cp202,0.023701742187768104,1.0,drawdown
dd_p31_cp203,0.003983790285701616,1.0,drawdown
dd_p31_cp204,0.01460998248148826,1.0,drawdown
dd_p31_cp205,0.0018925237975508935,1.0,drawdown
dd_p31_cp206,0.008650895939354086,1.0,drawdown
dd_p31_cp207,0.0008740922839933774,1.0,drawdown
dd_p31_cp208,0.004930239676468773,1.0,drawdown
dd_p31_cp209,0.0003925061926111084,1.0,drawdown
dd_p31_cp210,0.0027088697997896816,1.0,drawdown
dd_p31_cp211,0.00017114964862230408,1.0,drawdown
dd_p32_cp0,0.5992633222208497,1.0,drawdown
dd_p32_cp1,0.0017735653268573515,1.0,drawdown
dd_p32_cp2,0.8537417278162138,1.0,drawdown
dd_p32_cp3,0.0028202624712321267,1.0,drawdown
dd_p32_cp4,1.1535184057702281,1.0,drawdown
dd_p32_cp5,0.004333880845024396,1.0,drawdown
dd_p32_cp6,1.4715620916763328,1.0,drawdown
dd_p32_cp7,0.006438006555981701,1.0,drawdown
dd_p32_cp8,1.7638628830454763,1.0,drawdown
dd_p32_cp9,0.009260666049613064,1.0,drawdown
dd_p32_cp10,1.9756013010428433,1.0,drawdown
dd_p32_cp11,0.012935671712057228,1.0,drawdown
dd_p32_cp12,2.056485375425382,1.0,drawdown
dd_p32_cp13,0.017617128373785818,1.0,drawdown
dd_p32_cp14,1.9842804566760606,1.0,drawdown
dd_p32_cp15,0.02350751353878877,1.0,drawdown
dd_p32_cp16,1.7813220748953427,1.0,drawdown
dd_p32_cp17,0.0308867424678283,1.0,drawdown
dd_p32_cp18,1.4985230309353028,1.0,drawdown
dd_p32_cp19,0.040112735114234965,1.0,drawdown
dd_p32_cp20,1.1923592280736557,1.0,drawdown
dd_p32_cp21,0.05155466977339529,1.0,drawdown
dd_p32_cp22,0.9100491362819412,1.0,drawdown
dd_p32_cp23,0.06543399070051237,1.0,drawdown
dd_p32_cp24,0.6839239069822725,1.0,drawdown
dd_p32_cp25,0.08159247486946697,1.0,drawdown
dd_p32_cp26,0.5324882175818857,1.0,drawdown
dd_p32_cp27,0.09926563787894338,1.0,drawdown
dd_p32_cp28,0.4653168721711154,1.0,drawdown
dd_p32_cp29,0.1169779978358747,1.0,drawdown
dd_p32_cp30,0.4889431415040235,1.0,drawdown
dd_p32_cp31,0.13266362486774597,1.0,drawdown
dd_p32_cp32,0.611439287986741,1.0,drawdown
dd_p32_cp33,0.1440423970466327,1.0,drawdown
dd_p32_cp34,0.8441467065358665,1.0,drawdown
dd_p32_cp35,0.1491703016795327,1.0,drawdown
dd_p32_cp36,1.1994265730581901,1.0,drawdown
dd_p32_cp37,0.14698159469890015,1.0,drawdown
dd_p32_cp38,1.6833863426850257,1.0,drawdown
dd_p32_cp39,0.13761334662240188,1.0,drawdown
dd_p32_cp40,2.28313471868978,1.0,drawdown
dd_p32_cp41,0.12237979779592933,1.0,drawdown
dd_p32_cp42,2.950769749583287,1.0,drawdown
dd_p32_cp43,0.10341122154932236,1.0,drawdown
dd_p32_cp44,3.5923391186665867,1.0,drawdown
dd_p32_cp45,0.0831074375555545,1.0,drawdown
dd_p32_cp46,4.077570693859343,1.0,drawdown
dd_p32_cp47,0.06360911089950605,1.0,drawdown
dd_p32_cp48,4.285270941079943,1.0,drawdown
dd_p32_cp49,0.046445541448974836,1.0,drawdown
dd_p32_cp50,4.174023592916001,1.0,drawdown
dd_p32_cp51,0.03241777950825053,1.0,drawdown
dd_p32_cp52,3.823917185089158,1.0,drawdown
dd_p32_cp53,0.021680630579339777,1.0,drawdown
dd_p32_cp54,3.389449559550485,1.0,drawdown
dd_p32_cp55,0.013935883235262736,1.0,drawdown
dd_p32_cp56,3.0236128857259246,1.0,drawdown
dd_p32_cp57,0.008647250200738199,1.0,drawdown
dd_p32_cp58,2.826865165698564,1.0,drawdown
dd_p32_cp59,0.0052165747124490736,1.0,drawdown
dd_p32_cp60,2.830657426984544,1.0,drawdown
dd_p32_cp61,0.003097103219715791,1.0,drawdown
dd_p32_cp62,3.0014501108494187,1.0,drawdown
dd_p32_cp63,0.0018470744630576519,1.0,drawdown
dd_p32_cp64,3.2533197660063706,1.0,drawdown
dd_p32_cp65,0.0011404268952901475,1.0,drawdown
dd_p32_cp66,3.4681564256616184,1.0,drawdown
dd_p32_cp67,0.0007535413164987403,1.0,drawdown
dd_p32_cp68,3.5296920248340484,1.0,drawdown
dd_p32_cp69,0.0005427924563718989,1.0,drawdown
dd_p32_cp70,3.3722094252300394,1.0,drawdown
dd_p32_cp71,0.0004218319611482002,1.0,drawdown
dd_p32_cp72,3.0148251875227743,1.0,drawdown
dd_p32_cp73,0.0003426200451031036,1.0,drawdown
dd_p32_cp74,2.5316070233154733,1.0,drawdown
dd_p32_cp75,0.00028115329655520327,1.0,drawdown
dd_p32_cp76,2.007578170303759,1.0,drawdown
dd_p32_cp77,0.00022740266422260902,1.0,drawdown
dd_p32_cp78,1.5111146508038473,1.0,drawdown
dd_p32_cp79,0.0001785647539236379,1.0,drawdown
dd_p32_cp80,1.0841625265193215,1.0,drawdown
dd_p32_cp81,0.00013475876426127797,1.0,drawdown
dd_p32_cp82,0.7438590549938908,1.0,drawdown
dd_p32_cp83,9.64036985351413e-05,1.0,drawdown
dd_p32_cp84,0.9076689769194672,1.0,drawdown
dd_p32_cp85,1.1017432606779494,1.0,drawdown
dd_p32_cp86,1.3102986873623195,1.0,drawdown
dd_p32_cp87,1.571084023905314,1.0,drawdown
dd_p32_cp88,1.7957254064963308,1.0,drawdown
dd_p32_cp89,2.1554168099680737,1.0,drawdown
dd_p32_cp90,2.3262190853351967,1.0,drawdown
dd_p32_cp91,2.8448967618207917,1.0,drawdown
dd_p32_cp92,2.8327080775925424,1.0,drawdown
dd_p32_cp93,3.6161984568341268,1.0,drawdown
dd_p32_cp94,3.21754757603685,1.0,drawdown
dd_p32_cp95,4.435733343145557,1.0,drawdown
dd_p32_cp96,3.376656927242948,1.0,drawdown
dd_p32_cp97,5.259804026197571,1.0,drawdown
dd_p32_cp98,3.2556068641620186,1.0,drawdown
dd_p32_cp99,6.018288507068519,1.0,drawdown
dd_p32_cp100,2.905916602088837,1.0,drawdown
dd_p32_cp101,6.581687957308304,1.0,drawdown
dd_p32_cp102,2.428825378711281,1.0,drawdown
dd_p32_cp103,6.772110313463827,1.0,drawdown
dd_p32_cp104,1.9194685864208623,1.0,drawdown
dd_p32_cp105,6.492782892137257,1.0,drawdown
dd_p32_cp106,1.445272307839332,1.0,drawdown
dd_p32_cp107,5.893514811086334,1.0,drawdown
dd_p32_cp108,1.043805357880501,1.0,drawdown
dd_p32_cp109,5.204027166546666,1.0,drawdown
dd_p32_cp110,0.7280968470449807,1.0,drawdown
dd_p32_cp111,4.595478899756927,1.0,drawdown
dd_p32_cp112,0.49458427978197506,1.0,drawdown
dd_p32_cp113,4.1469304474264845,1.0,drawdown
dd_p32_cp114,0.3311687281648119,1.0,drawdown
dd_p32_cp115,3.8496413164562,1.0,drawdown
dd_p32_cp116,0.22369197287753195,1.0,drawdown
dd_p32_cp117,3.6193509128811456,1.0,drawdown
dd_p32_cp118,0.16023140819652326,1.0,drawdown
dd_p32_cp119,3.3317595836090277,1.0,drawdown
dd_p32_cp120,0.1335681051696156,1.0,drawdown
dd_p32_cp121,2.9026130695076517,1.0,drawdown
dd_p32_cp122,0.142592185212834,1.0,drawdown
dd_p32_cp123,2.3676648511850544,1.0,drawdown
dd_p32_cp124,0.19330085248839168,1.0,drawdown
dd_p32_cp125,1.8151693244126363,1.0,drawdown
dd_p32_cp126,0.29964629065898407,1.0,drawdown
dd_p32_cp127,1.3183576701571837,1.0,drawdown
dd_p32_cp128,0.4839864033237973,1.0,drawdown
dd_p32_cp129,0.9141930340626914,1.0,drawdown
dd_p32_cp130,0.776392450345611,1.0,drawdown
dd_p32_cp131,0.6097063181205158,1.0,drawdown
dd_p32_cp132,1.2116848968753402,1.0,drawdown
dd_p32_cp133,0.39508268897589005,1.0,drawdown
dd_p32_cp134,1.8229087670147237,1.0,drawdown
dd_p32_cp135,0.2543207623741637,1.0,drawdown
dd_p32_cp136,2.6299969062974924,1.0,drawdown
dd_p32_cp137,0.17181818120548087,1.0,drawdown
dd_p32_cp138,3.6225163502913347,1.0,drawdown
dd_p32_cp139,0.1358022051563239,1.0,drawdown
dd_p32_cp140,4.736426738851151,1.0,drawdown
dd_p32_cp141,0.13976028643332938,1.0,drawdown
dd_p32_cp142,5.829779663360114,1.0,drawdown
dd_p32_cp143,0.18264551553397723,1.0,drawdown
dd_p32_cp144,6.675361033951958,1.0,drawdown
dd_p32_cp145,0.26822410235422467,1.0,drawdown
dd_p32_cp146,7.008247101791767,1.0,drawdown
dd_p32_cp147,0.40361077614193164,1.0,drawdown
dd_p32_cp148,6.675215648954236,1.0,drawdown
dd_p32_cp149,0.5968408457060832,1.0,drawdown
dd_p32_cp150,5.829448563542428,1.0,drawdown
dd_p32_cp151,0.8533478894114523,1.0,drawdown
dd_p32_cp152,4.735825924755318,1.0,drawdown
dd_p32_cp153,1.1716089264323273,1.0,drawdown
dd_p32_cp154,3.621512545353198,1.0,drawdown
dd_p32_cp155,1.5391038305328948,1.0,drawdown
dd_p32_cp156,2.628401161478905,1.0,drawdown
dd_p32_cp157,1.9309269667144235,1.0,drawdown
dd_p32_cp158,1.8204693991610839,1.0,drawdown
dd_p32_cp159,2.313962098995944,1.0,drawdown
dd_p32_cp160,1.2080749146493872,1.0,drawdown
dd_p32_cp161,2.6576249381041634,1.0,drawdown
dd_p32_cp162,0.7711754145238956,1.0,drawdown
dd_p32_cp163,2.9462713497655386,1.0,drawdown
dd_p32_cp164,0.4765241479062752,1.0,drawdown
dd_p32_cp165,3.181525031317051,1.0,drawdown
dd_p32_cp166,0.28887938818252223,1.0,drawdown
dd_p32_cp167,3.3665880954058593,1.0,drawdown
dd_p32_cp168,0.17728724448670619,1.0,drawdown
dd_p32_cp169,3.4864005863068996,1.0,drawdown
dd_p32_cp170,0.11763463046145262,1.0,drawdown
dd_p32_cp171,3.502055341742107,1.0,drawdown
dd_p32_cp172,0.09271065981829452,1.0,drawdown
dd_p32_cp173,3.368793912731462,1.0,drawdown
dd_p32_cp174,0.09089313602589755,1.0,drawdown
dd_p32_cp175,3.0694028952655117,1.0,drawdown
dd_p32_cp176,0.10430142528002762,1.0,drawdown
dd_p32_cp177,2.6352008010776444,1.0,drawdown
dd_p32_cp178,0.12697471951332773,1.0,drawdown
dd_p32_cp179,2.1320758331844445,1.0,drawdown
dd_p32_cp180,0.15346029355805513,1.0,drawdown
dd_p32_cp181,1.6303245820115535,1.0,drawdown
dd_p32_cp182,0.1781257901261597,1.0,drawdown
dd_p32_cp183,1.1825621509042321,1.0,drawdown
dd_p32_cp184,0.19541981192651292,1.0,drawdown
dd_p32_cp185,0.8165628189983636,1.0,drawdown
dd_p32_cp186,0.20101623878645114,1.0,drawdown
dd_p32_cp187,0.5384530460744372,1.0,drawdown
dd_p32_cp188,0.19323107682521368,1.0,drawdown
dd_p32_cp189,0.3400421300434573,1.0,drawdown
dd_p32_cp190,0.17365224487730302,1.0,drawdown
dd_p32_cp191,0.20619212470683124,1.0,drawdown
dd_p32_cp192,0.1463224652397912,1.0,drawdown
dd_p32_cp193,0.12033954477442421,1.0,drawdown
dd_p32_cp194,0.11608571167289483,1.0,drawdown
dd_p32_cp195,0.0677488276294298,1.0,drawdown
dd_p32_cp196,0.08710153964284473,1.0,drawdown
dd_p32_cp197,0.03686576876248182,1.0,drawdown
dd_p32_cp198,0.06207235340025363,1.0,drawdown
dd_p32_cp199,0.01942430582516863,1.0,drawdown
dd_p32_cp200,0.042174154685653775,1.0,drawdown
dd_p32_cp201,0.009925108176048525,1.0,drawdown
dd_p32_cp202,0.02740926464457516,1.0,drawdown
dd_p32_cp203,0.004924326595983075,1.0,drawdown
dd_p32_cp204,0.017086800986817252,1.0,drawdown
dd_p32_cp205,0.002374700480459069,1.0,drawdown
dd_p32_cp206,0.010241179562854086,1.0,drawdown
dd_p32_cp207,0.0011137440303627955,1.0,drawdown
dd_p32_cp208,0.005913059109388996,1.0,drawdown
dd_p32_cp209,0.000508004350876945,1.0,drawdown
dd_p32_cp210,0.0032943185856311175,1.0,drawdown
dd_p32_cp211,0.00022505034394271206,1.0,drawdown
dd_p33_cp0,0.6499822552764272,1.0,drawdown
dd_p33_cp1,0.0021679780975318863,1.0,drawdown
dd_p33_cp2,0.9173006938731305,1.0,drawdown
dd_p33_cp3,0.0034174691595580953,1.0,drawdown
dd_p33_cp4,1.2298954032180518,1.0,drawdown
dd_p33_cp5,0.005212892964664206,1.0,drawdown
dd_p33_cp6,1.5602335833200414,1.0,drawdown
dd_p33_cp7,0.007696321460116451,1.0,drawdown
dd_p33_cp8,1.8636571861516131,1.0,drawdown
dd_p33_cp9,0.011015829826192203,1.0,drawdown
dd_p33_cp10,2.083814026658729,1.0,drawdown
dd_p33_cp11,0.01532712285325033,1.0,drawdown
dd_p33_cp12,2.16819104419028,1.0,drawdown
dd_p33_cp13,0.020808681632843218,1.0,drawdown
dd_p33_cp14,2.093491223424735,1.0,drawdown
dd_p33_cp15,0.027689948366969475,1.0,drawdown
dd_p33_cp16,1.883225676922848,1.0,drawdown
dd_p33_cp17,0.03627838679994966,1.0,drawdown
dd_p33_cp18,1.5906813247302125,1.0,drawdown
dd_p33_cp19,0.046954188969721145,1.0,drawdown
dd_p33_cp20,1.2740983418202632,1.0,drawdown
dd_p33_cp21,0.06009295158492023,1.0,drawdown
dd_p33_cp22,0.9816891858527015,1.0,drawdown
dd_p33_cp23,0.07589264903845105,1.0,drawdown
dd_p33_cp24,0.7467765207838966,1.0,drawdown
dd_p33_cp25,0.09412820034776814,1.0,drawdown
dd_p33_cp26,0.5892428191245926,1.0,drawdown
dd_p33_cp27,0.1139177997238221,1.0,drawdown
dd_p33_cp28,0.5202452120370253,1.0,drawdown
dd_p33_cp29,0.13362295993465523,1.0,drawdown
dd_p33_cp30,0.5477550692226032,1.0,drawdown
dd_p33_cp31,0.1509877100097583,1.0,drawdown
dd_p33_cp32,0.6808744016730088,1.0,drawdown
dd_p33_cp33,0.16354431543686587,1.0,drawdown
dd_p33_cp34,0.9313401690551473,1.0,drawdown
dd_p33_cp35,0.16919685298171316,1.0,drawdown
dd_p33_cp36,1.3109389113328689,1.0,drawdown
dd_p33_cp37,0.16679263532660116,1.0,drawdown
dd_p33_cp38,1.8237745654873834,1.0,drawdown
dd_p33_cp39,0.15646583768284472,1.0,drawdown
dd_p33_cp40,2.4532604522109978,1.0,drawdown
dd_p33_cp41,0.1396164794946344,1.0,drawdown
dd_p33_cp42,3.146738722770351,1.0,drawdown
dd_p33_cp43,0.11853707789759937,1.0,drawdown
dd_p33_cp44,3.8065555287134885,1.0,drawdown
dd_p33_cp45,0.09583820274747268,1.0,drawdown
dd_p33_cp46,4.3024018374408115,1.0,drawdown
dd_p33_cp47,0.07388235758799055,1.0,drawdown
dd_p33_cp48,4.516398406629378,1.0,drawdown
dd_p33_cp49,0.05439479440474315,1.0,drawdown
dd_p33_cp50,4.409396791271774,1.0,drawdown
dd_p33_cp51,0.03831966851885227,1.0,drawdown
dd_p33_cp52,4.060352294501172,1.0,drawdown
dd_p33_cp53,0.0258906043004572,1.0,drawdown
dd_p33_cp54,3.621154588332047,1.0,drawdown
dd_p33_cp55,0.016827841487156547,1.0,drawdown
dd_p33_cp56,3.2447864289024437,1.0,drawdown
dd_p33_cp57,0.010567711844942096,1.0,drawdown
dd_p33_cp58,3.0344967541782353,1.0,drawdown
dd_p33_cp59,0.0064574731686661835,1.0,drawdown
dd_p33_cp60,3.024906044969157,1.0,drawdown
dd_p33_cp61,0.0038857238109812897,1.0,drawdown
dd_p33_cp62,3.184329066918963,1.0,drawdown
dd_p33_cp63,0.002348475623421109,1.0,drawdown
dd_p33_cp64,3.4271220530981736,1.0,drawdown
dd_p33_cp65,0.001466955545311066,1.0,drawdown
dd_p33_cp66,3.634423501858919,1.0,drawdown
dd_p33_cp67,0.0009769422031240538,1.0,drawdown
dd_p33_cp68,3.6892874909126476,1.0,drawdown
dd_p33_cp69,0.0007059386966830061,1.0,drawdown
dd_p33_cp70,3.525575935206689,1.0,drawdown
dd_p33_cp71,0.0005485551043875603,1.0,drawdown
dd_p33_cp72,3.160152602911694,1.0,drawdown
dd_p33_cp73,0.0004451617205631919,1.0,drawdown
dd_p33_cp74,2.665670910814015,1.0,drawdown
dd_p33_cp75,0.0003653603832844965,1.0,drawdown
dd_p33_cp76,2.1270340069181657,1.0,drawdown
dd_p33_cp77,0.0002960523804631521,1.0,drawdown
dd_p33_cp78,1.613331819431778,1.0,drawdown
dd_p33_cp79,0.00023326898781306227,1.0,drawdown
dd_p33_cp80,1.1678523586922438,1.0,drawdown
dd_p33_cp81,0.00017685655984678306,1.0,drawdown
dd_p33_cp82,0.8093320876866983,1.0,drawdown
dd_p33_cp83,0.00012715707111965457,1.0,drawdown
dd_p33_cp84,0.9738513272500313,1.0,drawdown
dd_p33_cp85,1.1889024903566678,1.0,drawdown
dd_p33_cp86,1.393052226382224,1.0,drawdown
dd_p33_cp87,1.683240574269803,1.0,drawdown
dd_p33_cp88,1.8961941327202112,1.0,drawdown
dd_p33_cp89,2.295542950440904,1.0,drawdown
dd_p33_cp90,2.446156118968247,1.0,drawdown
dd_p33_cp91,3.015946145045973,1.0,drawdown
dd_p33_cp92,2.9732542117612866,1.0,drawdown
dd_p33_cp93,3.821534067174298,1.0,drawdown
dd_p33_cp94,3.3755227724191172,1.0,drawdown
dd_p33_cp95,4.679057258704461,1.0,drawdown
dd_p33_cp96,3.5420797159636095,1.0,drawdown
dd_p33_cp97,5.543454888857923,1.0,drawdown
dd_p33_cp98,3.4156717380865302,1.0,drawdown
dd_p33_cp99,6.339177786523351,1.0,drawdown
dd_p33_cp100,3.050523864499155,1.0,drawdown
dd_p33_cp101,6.928545099777693,1.0,drawdown
dd_p33_cp102,2.5545577544030493,1.0,drawdown
dd_p33_cp103,7.129224952074992,1.0,drawdown
dd_p33_cp104,2.027119765628413,1.0,drawdown
dd_p33_cp105,6.845651345658098,1.0,drawdown
dd_p33_cp106,1.536172987628106,1.0,drawdown
dd_p33_cp107,6.227433436444244,1.0,drawdown
dd_p33_cp108,1.1186694879170318,1.0,drawdown
dd_p33_cp109,5.509488930587395,1.0,drawdown
dd_p33_cp110,0.7876806029898944,1.0,drawdown
dd_p33_cp111,4.871097313841119,1.0,drawdown
dd_p33_cp112,0.54041319541966,1.0,drawdown
dd_p33_cp113,4.395284492104793,1.0,drawdown
dd_p33_cp114,0.36563645062142314,1.0,drawdown
dd_p33_cp115,4.072621643931598,1.0,drawdown
dd_p33_cp116,0.2497388443584896,1.0,drawdown
dd_p33_cp117,3.8169451732096604,1.0,drawdown
dd_p33_cp118,0.1810004570638739,1.0,drawdown
dd_p33_cp119,3.5046628485090423,1.0,drawdown
dd_p33_cp120,0.15225364409707254,1.0,drawdown
dd_p33_cp121,3.0540973616291467,1.0,drawdown
dd_p33_cp122,0.16248719478062412,1.0,drawdown
dd_p33_cp123,2.497911079374717,1.0,drawdown
dd_p33_cp124,0.2179333770395715,1.0,drawdown
dd_p33_cp125,1.9229574188218521,1.0,drawdown
dd_p33_cp126,0.3328631880754074,1.0,drawdown
dd_p33_cp127,1.4038809015557945,1.0,drawdown
dd_p33_cp128,0.5298682279299101,1.0,drawdown
dd_p33_cp129,0.9795797489337019,1.0,drawdown
dd_p33_cp130,0.8389599697948142,1.0,drawdown
dd_p33_cp131,0.6583090680080659,1.0,drawdown
dd_p33_cp132,1.2944726673181322,1.0,drawdown
dd_p33_cp133,0.43068739637305953,1.0,drawdown
dd_p33_cp134,1.9285683986913682,1.0,drawdown
dd_p33_cp135,0.2806932365326702,1.0,drawdown
dd_p33_cp136,2.760068874175886,1.0,drawdown
dd_p33_cp137,0.19256071032373256,1.0,drawdown
dd_p33_cp138,3.7774318208644218,1.0,drawdown
dd_p33_cp139,0.1543852456040895,1.0,drawdown
dd_p33_cp140,4.915790469710373,1.0,drawdown
dd_p33_cp141,0.1596320422863755,1.0,drawdown
dd_p33_cp142,6.032434364302844,1.0,drawdown
dd_p33_cp143,0.20736444324893455,1.0,drawdown
dd_p33_cp144,6.896962352287574,1.0,drawdown
dd_p33_cp145,0.3015692650114943,1.0,drawdown
dd_p33_cp146,7.236802486050237,1.0,drawdown
dd_p33_cp147,0.4496163186522608,1.0,drawdown
dd_p33_cp148,6.896777187632779,1.0,drawdown
dd_p33_cp149,0.6596946811298494,1.0,drawdown
dd_p33_cp150,6.032015970380144,1.0,drawdown
dd_p33_cp151,0.9371082328268585,1.0,drawdown
dd_p33_cp152,4.915039494052053,1.0,drawdown
dd_p33_cp153,1.2797377837771364,1.0,drawdown
dd_p33_cp154,3.776192420155894,1.0,drawdown
dd_p33_cp155,1.6738925200729682,1.0,drawdown
dd_p33_cp156,2.7581231968874818,1.0,drawdown
dd_p33_cp157,2.092966056467503,1.0,drawdown
dd_p33_cp158,1.9256307359610219,1.0,drawdown
dd_p33_cp159,2.5018294731651167,1.0,drawdown
dd_p33_cp160,1.29017741173584,1.0,drawdown
dd_p33_cp161,2.8678945725198446,1.0,drawdown
dd_p33_cp162,0.8328246883361317,1.0,drawdown
dd_p33_cp163,3.1738307136265576,1.0,drawdown
dd_p33_cp164,0.521190194920564,1.0,drawdown
dd_p33_cp165,3.4200569327574613,1.0,drawdown
dd_p33_cp166,0.32047227117436705,1.0,drawdown
dd_p33_cp167,3.6090062552968902,1.0,drawdown
dd_p33_cp168,0.19967651832166666,1.0,drawdown
dd_p33_cp169,3.7253649451552064,1.0,drawdown
dd_p33_cp170,0.13426604798814878,1.0,drawdown
dd_p33_cp171,3.7309210705441274,1.0,drawdown
dd_p33_cp172,0.106394928129248,1.0,drawdown
dd_p33_cp173,3.5826952566501404,1.0,drawdown
dd_p33_cp174,0.10374673106889531,1.0,drawdown
dd_p33_cp175,3.265071222802135,1.0,drawdown
dd_p33_cp176,0.11777506183670994,1.0,drawdown
dd_p33_cp177,2.80967790529985,1.0,drawdown
dd_p33_cp178,0.14191216416338648,1.0,drawdown
dd_p33_cp179,2.282575734820739,1.0,drawdown
dd_p33_cp180,0.1701611885841885,1.0,drawdown
dd_p33_cp181,1.7552685083185224,1.0,drawdown
dd_p33_cp182,0.19641627907822112,1.0,drawdown
dd_p33_cp183,1.2822098850226666,1.0,drawdown
dd_p33_cp184,0.21474908378468172,1.0,drawdown
dd_p33_cp185,0.8928581387619943,1.0,drawdown
dd_p33_cp186,0.22058880796475933,1.0,drawdown
dd_p33_cp187,0.5944950087591678,1.0,drawdown
dd_p33_cp188,0.2121611697498338,1.0,drawdown
dd_p33_cp189,0.37950899894622125,1.0,drawdown
dd_p33_cp190,0.19111425933033388,1.0,drawdown
dd_p33_cp191,0.23283407608209927,1.0,drawdown
dd_p33_cp192,0.16167951722945872,1.0,drawdown
dd_p33_cp193,0.13758691998873473,1.0,drawdown
dd_p33_cp194,0.12896846283820196,1.0,drawdown
dd_p33_cp195,0.07846907316184115,1.0,drawdown
dd_p33_cp196,0.09742110595288977,1.0,drawdown
dd_p33_cp197,0.04327378250309266,1.0,drawdown
dd_p33_cp198,0.06997645775390993,1.0,drawdown
dd_p33_cp199,0.023114934449040447,1.0,drawdown
dd_p33_cp200,0.04797130738324995,1.0,drawdown
dd_p33_cp201,0.011977081190025274,1.0,drawdown
dd_p33_cp202,0.03148679292780798,1.0,drawdown
dd_p33_cp203,0.006027671851143168,1.0,drawdown
dd_p33_cp204,0.019841367860408354,1.0,drawdown
dd_p33_cp205,0.0029492991682218417,1.0,drawdown
dd_p33_cp206,0.012031080208089406,1.0,drawdown
dd_p33_cp207,0.0014038563761005207,1.0,drawdown
dd_p33_cp208,0.00703338742869164,1.0,drawdown
dd_p33_cp209,0.000650038751473403,1.0,drawdown
dd_p33_cp210,0.003970703443883394,1.0,drawdown
dd_p33_cp211,0.00029238317438284867,1.0,drawdown
dd_p34_cp0,0.7016344029207175,1.0,drawdown
dd_p34_cp1,0.0026266022650816012,1.0,drawdown
dd_p34_cp2,0.981908951465357,1.0,drawdown
dd_p34_cp3,0.004106345278614754,1.0,drawdown
dd_p34_cp4,1.3079098706548393,1.0,drawdown
dd_p34_cp5,0.006219951227194542,1.0,drawdown
dd_p34_cp6,1.651659636796012,1.0,drawdown
dd_p34_cp7,0.009129599228799634,1.0,drawdown
dd_p34_cp8,1.9674870166390974,1.0,drawdown
dd_p34_cp9,0.013005134217110026,1.0,drawdown
dd_p34_cp10,2.196932002157155,1.0,drawdown
dd_p34_cp11,0.018025813257281698,1.0,drawdown
dd_p34_cp12,2.2850621148563732,1.0,drawdown
dd_p34_cp13,0.02439577681616356,1.0,drawdown
dd_p34_cp14,2.2076938359550695,1.0,drawdown
dd_p34_cp15,0.032371821776450815,1.0,drawdown
dd_p34_cp16,1.9893536635827331,1.0,drawdown
dd_p34_cp17,0.042287790491627675,1.0,drawdown
dd_p34_cp18,1.6859173593434207,1.0,drawdown
dd_p34_cp19,0.05454278419529146,1.0,drawdown
dd_p34_cp20,1.3579820649110843,1.0,drawdown
dd_p34_cp21,0.06951297098203213,1.0,drawdown
dd_p34_cp22,1.0551378700320129,1.0,drawdown
dd_p34_cp23,0.0873649148156801,1.0,drawdown
dd_p34_cp24,0.8116603248022329,1.0,drawdown
dd_p34_cp25,0.10779788210629704,1.0,drawdown
dd_p34_cp26,0.6485553687871288,1.0,drawdown
dd_p34_cp27,0.12980495971805794,1.0,drawdown
dd_p34_cp28,0.5783341053943332,1.0,drawdown
dd_p34_cp29,0.15157969758865875,1.0,drawdown
dd_p34_cp30,0.6102769043800436,1.0,drawdown
dd_p34_cp31,0.17067484521476217,1.0,drawdown
dd_p34_cp32,0.7544198450004842,1.0,drawdown
dd_p34_cp33,0.18443689109517436,1.0,drawdown
dd_p34_cp34,1.0227276639739102,1.0,drawdown
dd_p34_cp35,0.1906209282351483,1.0,drawdown
dd_p34_cp36,1.4261111162632005,1.0,drawdown
dd_p34_cp37,0.18798906190795606,1.0,drawdown
dd_p34_cp38,1.9662963610621773,1.0,drawdown
dd_p34_cp39,0.17667180235912383,1.0,drawdown
dd_p34_cp40,2.622808500357678,1.0,drawdown
dd_p34_cp41,0.15815207360719796,1.0,drawdown
dd_p34_cp42,3.3386113549049696,1.0,drawdown
dd_p34_cp43,0.13488158995414778,1.0,drawdown
dd_p34_cp44,4.013384882788159,1.0,drawdown
dd_p34_cp45,0.10968090994447266,1.0,drawdown
dd_p34_cp46,4.517742885363532,1.0,drawdown
dd_p34_cp47,0.0851376320520103,1.0,drawdown
dd_p34_cp48,4.7373424292768505,1.0,drawdown
dd_p34_cp49,0.06318045680654905,1.0,drawdown
dd_p34_cp50,4.635588845049369,1.0,drawdown
dd_p34_cp51,0.04490703221563308,1.0,drawdown
dd_p34_cp52,4.289899728760702,1.0,drawdown
dd_p34_cp53,0.030640766116448503,1.0,drawdown
dd_p34_cp54,3.8492301392361696,1.0,drawdown
dd_p34_cp55,0.020129557528889563,1.0,drawdown
dd_p34_cp56,3.465532139183324,1.0,drawdown
dd_p34_cp57,0.012788266037659923,1.0,drawdown
dd_p34_cp58,3.243819507055832,1.0,drawdown
dd_p34_cp59,0.007911754753877176,1.0,drawdown
dd_p34_cp60,3.221554502189065,1.0,drawdown
dd_p34_cp61,0.004822991165383428,1.0,drawdown
dd_p34_cp62,3.369092157344312,1.0,drawdown
dd_p34_cp63,0.0029526756898121675,1.0,drawdown
dd_p34_cp64,3.6014405228052055,1.0,drawdown
dd_p34_cp65,0.0018652859903340868,1.0,drawdown
dd_p34_cp66,3.799708769904555,1.0,drawdown
dd_p34_cp67,0.00125193010262592,1.0,drawdown
dd_p34_cp68,3.847147662785119,1.0,drawdown
dd_p34_cp69,0.0009077183478893858,1.0,drawdown
dd_p34_cp70,3.6770448106929052,1.0,drawdown
dd_p34_cp71,0.0007054986683669995,1.0,drawdown
dd_p34_cp72,3.3042846052194363,1.0,drawdown
dd_p34_cp73,0.000572148752553403,1.0,drawdown
dd_p34_cp74,2.799443381743913,1.0,drawdown
dd_p34_cp75,0.00046967230468908383,1.0,drawdown
dd_p34_cp76,2.2469276762333266,1.0,drawdown
dd_p34_cp77,0.00038122291539366415,1.0,drawdown
dd_p34_cp78,1.71657698590775,1.0,drawdown
dd_p34_cp79,0.0003013359753367695,1.0,drawdown
dd_p34_cp80,1.2530426549296863,1.0,drawdown
dd_p34_cp81,0.00022944542888581054,1.0,drawdown
dd_p34_cp82,0.8766018728756535,1.0,drawdown
dd_p34_cp83,0.00016573773336858721,1.0,drawdown
dd_p34_cp84,1.0411047007514753,1.0,drawdown
dd_p34_cp85,1.2777736771586206,1.0,drawdown
dd_p34_cp86,1.477767388429129,1.0,drawdown
dd_p34_cp87,1.796997861770933,1.0,drawdown
dd_p34_cp88,2.000665671961542,1.0,drawdown
dd_p34_cp89,2.437290986727703,1.0,drawdown
dd_p34_cp90,2.5729341984606435,1.0,drawdown
dd_p34_cp91,3.1889064737470108,1.0,drawdown
dd_p34_cp92,3.1229003688808916,1.0,drawdown
dd_p34_cp93,4.029321000381742,1.0,drawdown
dd_p34_cp94,3.543067316619272,1.0,drawdown
dd_p34_cp95,4.925214597995591,1.0,drawdown
dd_p34_cp96,3.716701733255377,1.0,drawdown
dd_p34_cp97,5.829190057165988,1.0,drawdown
dd_p34_cp98,3.58536214219248,1.0,drawdown
dd_p34_cp99,6.659948719428257,1.0,drawdown
dd_p34_cp100,3.20434564010111,1.0,drawdown
dd_p34_cp101,7.273513708759765,1.0,drawdown
dd_p34_cp102,2.68730545594417,1.0,drawdown
dd_p34_cp103,7.484858269064944,1.0,drawdown
dd_p34_cp104,2.139005609990363,1.0,drawdown
dd_p34_cp105,7.197160549506407,1.0,drawdown
dd_p34_cp106,1.6293190036499254,1.0,drawdown
dd_p34_cp107,6.562231400233486,1.0,drawdown
dd_p34_cp108,1.194934421153448,1.0,drawdown
dd_p34_cp109,5.81827817041426,1.0,drawdown
dd_p34_cp110,0.8485710831823781,1.0,drawdown
dd_p34_cp111,5.150395667923249,1.0,drawdown
dd_p34_cp112,0.5877022001582191,1.0,drawdown
dd_p34_cp113,4.645471771819075,1.0,drawdown
dd_p34_cp114,0.4016806753725177,1.0,drawdown
dd_p34_cp115,4.294481275763019,1.0,drawdown
dd_p34_cp116,0.2773808905490114,1.0,drawdown
dd_p34_cp117,4.0112038086786015,1.0,drawdown
dd_p34_cp118,0.20333530569951108,1.0,drawdown
dd_p34_cp119,3.6740572661892656,1.0,drawdown
dd_p34_cp120,0.17249017832136815,1.0,drawdown
dd_p34_cp121,3.2015489547566176,1.0,drawdown
dd_p34_cp122,0.1839597165280793,1.0,drawdown
dd_p34_cp123,2.6255134773555255,1.0,drawdown
dd_p34_cp124,0.24419010064684699,1.0,drawdown
dd_p34_cp125,2.0301793621963498,1.0,drawdown
dd_p34_cp126,0.36771260487103063,1.0,drawdown
dd_p34_cp127,1.490289256136748,1.0,drawdown
dd_p34_cp128,0.5772852061259073,1.0,drawdown
dd_p34_cp129,1.0464976582238705,1.0,drawdown
dd_p34_cp130,0.9028253403662347,1.0,drawdown
dd_p34_cp131,0.7085825396713972,1.0,drawdown
dd_p34_cp132,1.378217725568902,1.0,drawdown
dd_p34_cp133,0.4678960375240422,1.0,drawdown
dd_p34_cp134,2.0348684228533784,1.0,drawdown
dd_p34_cp135,0.3085769840570265,1.0,drawdown
dd_p34_cp136,2.890726848489521,1.0,drawdown
dd_p34_cp137,0.21478085204512354,1.0,drawdown
dd_p34_cp138,3.9334740724057156,1.0,drawdown
dd_p34_cp139,0.17450877546116317,1.0,drawdown
dd_p34_cp140,5.097356870192016,1.0,drawdown
dd_p34_cp141,0.18122366272427826,1.0,drawdown
dd_p34_cp142,6.237153182478323,1.0,drawdown
dd_p34_cp143,0.2341099523957837,1.0,drawdown
dd_p34_cp144,7.116564245512109,1.0,drawdown
dd_p34_cp145,0.33737335144405733,1.0,drawdown
dd_p34_cp146,7.459085077499822,1.0,drawdown
dd_p34_cp147,0.4986176718491606,1.0,drawdown
dd_p34_cp148,7.1163315963895,1.0,drawdown
dd_p34_cp149,0.7261411844563099,1.0,drawdown
dd_p34_cp150,6.236631314479382,1.0,drawdown
dd_p34_cp151,1.025053740202111,1.0,drawdown
dd_p34_cp152,5.0964296761903825,1.0,drawdown
dd_p34_cp153,1.3925705766985175,1.0,drawdown
dd_p34_cp154,3.931961376244999,1.0,drawdown
dd_p34_cp155,1.8137768949814017,1.0,drawdown
dd_p34_cp156,2.888380116616645,1.0,drawdown
dd_p34_cp157,2.260338820368588,1.0,drawdown
dd_p34_cp158,2.031366448778499,1.0,drawdown
dd_p34_cp159,2.695099135606597,1.0,drawdown
dd_p34_cp160,1.3731551870114345,1.0,drawdown
dd_p34_cp161,3.0834342639789156,1.0,drawdown
dd_p34_cp162,0.895672548946095,1.0,drawdown
dd_p34_cp163,3.4062475514410835,1.0,drawdown
dd_p34_cp164,0.5672719406770739,1.0,drawdown
dd_p34_cp165,3.6625894271364814,1.0,drawdown
dd_p34_cp166,0.3535508148297595,1.0,drawdown
dd_p34_cp167,3.8540383064948855,1.0,drawdown
dd_p34_cp168,0.22350122391662808,1.0,drawdown
dd_p34_cp169,3.965260779227947,1.0,drawdown
dd_p34_cp170,0.15222122440536623,1.0,drawdown
dd_p34_cp171,3.9593235884797195,1.0,drawdown
dd_p34_cp172,0.121284102919617,1.0,drawdown
dd_p34_cp173,3.7954451646362486,1.0,drawdown
dd_p34_cp174,0.11771016095644882,1.0,drawdown
dd_p34_cp175,3.459563703841468,1.0,drawdown
dd_p34_cp176,0.1322940882569128,1.0,drawdown
dd_p34_cp177,2.983741494042988,1.0,drawdown
dd_p34_cp178,0.1578526583684834,1.0,drawdown
dd_p34_cp179,2.433835654738914,1.0,drawdown
dd_p34_cp180,0.1878318514413877,1.0,drawdown
dd_p34_cp181,1.8819676064206305,1.0,drawdown
dd_p34_cp182,0.21564369326688393,1.0,drawdown
dd_p34_cp183,1.3841615677401933,1.0,drawdown
dd_p34_cp184,0.2349828405426706,1.0,drawdown
dd_p34_cp185,0.9716084071803834,1.0,drawdown
dd_p34_cp186,0.24103892731864107,1.0,drawdown
dd_p34_cp187,0.652883077686738,1.0,drawdown
dd_p34_cp188,0.23194867774464,1.0,drawdown
dd_p34_cp189,0.42106014070668607,1.0,drawdown
dd_p34_cp190,0.20941334000872303,1.0,drawdown
dd_p34_cp191,0.2612157975431728,1.0,drawdown
dd_p34_cp192,0.17784108400383047,1.0,drawdown
dd_p34_cp193,0.15620177321352458,1.0,drawdown
dd_p34_cp194,0.14260236884729238,1.0,drawdown
dd_p34_cp195,0.09020259335238734,1.0,drawdown
dd_p34_cp196,0.10841658313802327,1.0,drawdown
dd_p34_cp197,0.050391171381761524,1.0,drawdown
dd_p34_cp198,0.07846453953879973,1.0,drawdown
dd_p34_cp199,0.027276335074020608,1.0,drawdown
dd_p34_cp200,0.0542521277529886,1.0,drawdown
dd_p34_cp201,0.014326365517263184,1.0,drawdown
dd_p34_cp202,0.03594805522016031,1.0,drawdown
dd_p34_cp203,0.007310390857355742,1.0,drawdown
dd_p34_cp204,0.022887531743890577,1.0,drawdown
dd_p34_cp205,0.0036276394785090815,1.0,drawdown
dd_p34_cp206,0.014033302683856164,1.0,drawdown
dd_p34_cp207,0.0017516398627321905,1.0,drawdown
dd_p34_cp208,0.008302000724597747,1.0,drawdown
dd_p34_cp209,0.0008229337752254651,1.0,drawdown
dd_p34_cp210,0.004746563661683467,1.0,drawdown
dd_p34_cp211,0.00037560141868198116,1.0,drawdown
dd_p35_cp0,0.7544251699268898,1.0,drawdown
dd_p35_cp1,0.0031560567290398467,1.0,drawdown
dd_p35_cp2,1.0480291513495104,1.0,drawdown
dd_p35_cp3,0.004895493728326983,1.0,drawdown
dd_p35_cp4,1.3882336794094954,1.0,drawdown
dd_p35_cp5,0.007366054961039481,1.0,drawdown
dd_p35_cp6,1.7464695690991903,1.0,drawdown
dd_p35_cp7,0.010751622748102818,1.0,drawdown
dd_p35_cp8,2.075600260396641,1.0,drawdown
dd_p35_cp9,0.015245463116116298,1.0,drawdown
dd_p35_cp10,2.3147249437797655,1.0,drawdown
dd_p35_cp11,0.0210518855196824,1.0,drawdown
dd_p35_cp12,2.4066923359550856,1.0,drawdown
dd_p35_cp13,0.028401674449469283,1.0,drawdown
dd_p35_cp14,2.326665967471399,1.0,drawdown
dd_p35_cp15,0.03757890002498243,1.0,drawdown
dd_p35_cp16,2.0999698193345466,1.0,drawdown
dd_p35_cp17,0.048941969313546,1.0,drawdown
dd_p35_cp18,1.784884248589151,1.0,drawdown
dd_p35_cp19,0.06290477161519448,1.0,drawdown
dd_p35_cp20,1.444713739497729,1.0,drawdown
dd_p35_cp21,0.07983747007665443,1.0,drawdown
dd_p35_cp22,1.1308959983475688,1.0,drawdown
dd_p35_cp23,0.09986681268674147,1.0,drawdown
dd_p35_cp24,0.8788222943212531,1.0,drawdown
dd_p35_cp25,0.12260769237309432,1.0,drawdown
dd_p35_cp26,0.710491572780029,1.0,drawdown
dd_p35_cp27,0.14692110449232132,1.0,drawdown
dd_p35_cp28,0.6395506142775957,1.0,drawdown
dd_p35_cp29,0.1708291683612515,1.0,drawdown
dd_p35_cp30,0.6764045496288418,1.0,drawdown
dd_p35_cp31,0.19169397892301276,1.0,drawdown
dd_p35_cp32,0.8318591960637605,1.0,drawdown
dd_p35_cp33,0.20667986297166863,1.0,drawdown
dd_p35_cp34,1.1178902167744127,1.0,drawdown
dd_p35_cp35,0.2133971727757853,1.0,drawdown
dd_p35_cp36,1.544233883522793,1.0,drawdown
dd_p35_cp37,0.2105252173714689,1.0,drawdown
dd_p35_cp38,2.1099584885555487,1.0,drawdown
dd_p35_cp39,0.19819008800823212,1.0,drawdown
dd_p35_cp40,2.7906884314975287,1.0,drawdown
dd_p35_cp41,0.1779541219661951,1.0,drawdown
dd_p35_cp42,3.525483859154974,1.0,drawdown
dd_p35_cp43,0.1524239725363259,1.0,drawdown
dd_p35_cp44,4.212153161176502,1.0,drawdown
dd_p35_cp45,0.12462776206848503,1.0,drawdown
dd_p35_cp46,4.722868799150092,1.0,drawdown
dd_p35_cp47,0.09737961362498027,1.0,drawdown
dd_p35_cp48,4.9473277233732915,1.0,drawdown
dd_p35_cp49,0.07281755355734276,1.0,drawdown
dd_p35_cp50,4.851815649774835,1.0,drawdown
dd_p35_cp51,0.05220204134502637,1.0,drawdown
dd_p35_cp52,4.511772881797697,1.0,drawdown
dd_p35_cp53,0.035956901389909035,1.0,drawdown
dd_p35_cp54,4.072620877175268,1.0,drawdown
dd_p35_cp55,0.023867264582804637,1.0,drawdown
dd_p35_cp56,3.6845857320267896,1.0,drawdown
dd_p35_cp57,0.015333254707456945,1.0,drawdown
dd_p35_cp58,3.453631260817474,1.0,drawdown
dd_p35_cp59,0.009600515747933969,1.0,drawdown
dd_p35_cp60,3.4195846903830898,1.0,drawdown
dd_p35_cp61,0.005926284627093992,1.0,drawdown
dd_p35_cp62,3.554901582725961,1.0,drawdown
dd_p35_cp63,0.0036735002536261163,1.0,drawdown
dd_p35_cp64,3.775809784924604,1.0,drawdown
dd_p35_cp65,0.0023462067088075855,1.0,drawdown
dd_p35_cp66,3.9642204123376814,1.0,drawdown
dd_p35_cp67,0.0015868914151724312,1.0,drawdown
dd_p35_cp68,4.003805135300581,1.0,drawdown
dd_p35_cp69,0.0011547134301963524,1.0,drawdown
dd_p35_cp70,3.826916447564372,1.0,drawdown
dd_p35_cp71,0.0008979229801298061,1.0,drawdown
dd_p35_cp72,3.4469918123968455,1.0,drawdown
dd_p35_cp73,0.0007278682805917924,1.0,drawdown
dd_p35_cp74,2.932553203089583,1.0,drawdown
dd_p35_cp75,0.0005976327443022456,1.0,drawdown
dd_p35_cp76,2.367015205737289,1.0,drawdown
dd_p35_cp77,0.00048585512445242784,1.0,drawdown
dd_p35_cp78,1.8207098029577082,1.0,drawdown
dd_p35_cp79,0.0003851852402476652,1.0,drawdown
dd_p35_cp80,1.339619581266561,1.0,drawdown
dd_p35_cp81,0.0002944680354630691,1.0,drawdown
dd_p35_cp82,0.9455600084434082,1.0,drawdown
dd_p35_cp83,0.00021362893812693073,1.0,drawdown
dd_p35_cp84,1.1099514544439444,1.0,drawdown
dd_p35_cp85,1.3682556063533866,1.0,drawdown
dd_p35_cp86,1.5652410463794695,1.0,drawdown
dd_p35_cp87,1.9122620846014797,1.0,drawdown
dd_p35_cp88,2.109742296834156,1.0,drawdown
dd_p35_cp89,2.5805173120077143,1.0,drawdown
dd_p35_cp90,2.7060109740586995,1.0,drawdown
dd_p35_cp91,3.363458197655973,1.0,drawdown
dd_p35_cp92,3.279123519299901,1.0,drawdown
dd_p35_cp93,4.238853301402287,1.0,drawdown
dd_p35_cp94,3.716030442702049,1.0,drawdown
dd_p35_cp95,5.17286065917574,1.0,drawdown
dd_p35_cp96,3.8960942457911187,1.0,drawdown
dd_p35_cp97,6.1153130854747815,1.0,drawdown
dd_p35_cp98,3.7605406098523417,1.0,drawdown
dd_p35_cp99,6.98000013171395,1.0,drawdown
dd_p35_cp100,3.3648826572675716,1.0,drawdown
dd_p35_cp101,7.618134871831444,1.0,drawdown
dd_p35_cp102,2.8265558353159577,1.0,drawdown
dd_p35_cp103,7.841057377227344,1.0,drawdown
dd_p35_cp104,2.2557604043222454,1.0,drawdown
dd_p35_cp105,7.548637730913697,1.0,drawdown
dd_p35_cp106,1.7255407542702415,1.0,drawdown
dd_p35_cp107,6.896867242071721,1.0,drawdown
dd_p35_cp108,1.2731582467863518,1.0,drawdown
dd_p35_cp109,6.127962923687619,1.0,drawdown
dd_p35_cp110,0.9110121410990359,1.0,drawdown
dd_p35_cp111,5.4310644465608675,1.0,drawdown
dd_p35_cp112,0.6365082967022317,1.0,drawdown
dd_p35_cp113,4.896163483411556,1.0,drawdown
dd_p35_cp114,0.43929408619442256,1.0,drawdown
dd_p35_cp115,4.515831647227969,1.0,drawdown
dd_p35_cp116,0.3066107159670537,1.0,drawdown
dd_p35_cp117,4.205435703229796,1.0,drawdown
dd_p35_cp118,0.2272444222712693,1.0,drawdown
dd_p35_cp119,3.844205709235439,1.0,drawdown
dd_p35_cp120,0.19429336805887942,1.0,drawdown
dd_p35_cp121,3.348376972663573,1.0,drawdown
dd_p35_cp122,0.20701680606862283,1.0,drawdown
dd_p35_cp123,2.7514391797849385,1.0,drawdown
dd_p35_cp124,0.27205696722785433,1.0,drawdown
dd_p35_cp125,2.1364179014694855,1.0,drawdown
dd_p35_cp126,0.40415760586574834,1.0,drawdown
dd_p35_cp127,1.5769701239757978,1.0,drawdown
dd_p35_cp128,0.6261918746504307,1.0,drawdown
dd_p35_cp129,1.1145541183825571,1.0,drawdown
dd_p35_cp130,0.9679658469690366,1.0,drawdown
dd_p35_cp131,0.7603511577622157,1.0,drawdown
dd_p35_cp132,1.4629647336796552,1.0,drawdown
dd_p35_cp133,0.5066592306795883,1.0,drawdown
dd_p35_cp134,2.141963214714451,1.0,drawdown
dd_p35_cp135,0.3379815000960207,1.0,drawdown
dd_p35_cp136,3.0221567558678544,1.0,drawdown
dd_p35_cp137,0.2385138086663119,1.0,drawdown
dd_p35_cp138,4.09020119749357,1.0,drawdown
dd_p35_cp139,0.19622056789694398,1.0,drawdown
dd_p35_cp140,5.2780706806001945,1.0,drawdown
dd_p35_cp141,0.20458918588133201,1.0,drawdown
dd_p35_cp142,6.435542647669536,1.0,drawdown
dd_p35_cp143,0.2629352145947905,1.0,drawdown
dd_p35_cp144,7.320786323876291,1.0,drawdown
dd_p35_cp145,0.3756772512028874,1.0,drawdown
dd_p35_cp146,7.661231644987765,1.0,drawdown
dd_p35_cp147,0.5506271092212955,1.0,drawdown
dd_p35_cp148,7.320497642613191,1.0,drawdown
dd_p35_cp149,0.7961449015692779,1.0,drawdown
dd_p35_cp150,6.4348994710107945,1.0,drawdown
dd_p35_cp151,1.1170841249929708,1.0,drawdown
dd_p35_cp152,5.276938821693875,1.0,drawdown
dd_p35_cp153,1.5099314920910274,1.0,drawdown
dd_p35_cp154,4.088374523085349,1.0,drawdown
dd_p35_cp155,1.958498838590458,1.0,drawdown
dd_p35_cp156,3.01935448525046,1.0,drawdown
dd_p35_cp157,2.4326914227001453,1.0,drawdown
dd_p35_cp158,2.1378274288163084,1.0,drawdown
dd_p35_cp159,2.8932966774073066,1.0,drawdown
dd_p35_cp160,1.4570495075199688,1.0,drawdown
dd_p35_cp161,3.3036145952739844,1.0,drawdown
dd_p35_cp162,0.9596930008410709,1.0,drawdown
dd_p35_cp163,3.642686006338181,1.0,drawdown
dd_p35_cp164,0.6147204836138371,1.0,drawdown
dd_p35_cp165,3.9080774986080087,1.0,drawdown
dd_p35_cp166,0.38807401085841775,1.0,drawdown
dd_p35_cp167,4.100574583681237,1.0,drawdown
dd_p35_cp168,0.24874245455976052,1.0,drawdown
dd_p35_cp169,4.205216977867622,1.0,drawdown
dd_p35_cp170,0.1715028344365237,1.0,drawdown
dd_p35_cp171,4.186805245600226,1.0,drawdown
dd_p35_cp172,0.13739354091740097,1.0,drawdown
dd_p35_cp173,4.006783978692283,1.0,drawdown
dd_p35_cp174,0.13280053611651965,1.0,drawdown
dd_p35_cp175,3.6525259472252856,1.0,drawdown
dd_p35_cp176,0.14786798899967835,1.0,drawdown
dd_p35_cp177,3.1567122895799002,1.0,drawdown
dd_p35_cp178,0.17479149689597762,1.0,drawdown
dd_p35_cp179,2.585005459634658,1.0,drawdown
dd_p35_cp180,0.20645028459966852,1.0,drawdown
dd_p35_cp181,2.0096881383919936,1.0,drawdown
dd_p35_cp182,0.2357698323344266,1.0,drawdown
dd_p35_cp183,1.487929092581453,1.0,drawdown
dd_p35_cp184,0.25607170547482383,1.0,drawdown
dd_p35_cp185,1.0525384067657342,1.0,drawdown
dd_p35_cp186,0.26231286167512735,1.0,drawdown
dd_p35_cp187,0.7134742817570441,1.0,drawdown
dd_p35_cp188,0.25254225774870065,1.0,drawdown
dd_p35_cp189,0.46462524041794495,1.0,drawdown
dd_p35_cp190,0.22850689506230992,1.0,drawdown
dd_p35_cp191,0.2913092321500699,1.0,drawdown
dd_p35_cp192,0.19477770063349453,1.0,drawdown
dd_p35_cp193,0.1761832326988042,1.0,drawdown
dd_p35_cp194,0.15697189866432382,1.0,drawdown
dd_p35_cp195,0.10296528476806088,1.0,drawdown
dd_p35_cp196,0.12008422310964306,1.0,drawdown
dd_p35_cp197,0.05824169279912894,1.0,drawdown
dd_p35_cp198,0.08754129078215556,1.0,drawdown
dd_p35_cp199,0.031933225255897923,1.0,drawdown
dd_p35_cp200,0.061026533553103945,1.0,drawdown
dd_p35_cp201,0.016994441141150674,1.0,drawdown
dd_p35_cp202,0.040805589908814,1.0,drawdown
dd_p35_cp203,0.008789038069153321,1.0,drawdown
dd_p35_cp204,0.026238474400543055,1.0,drawdown
dd_p35_cp205,0.0044213746193690895,1.0,drawdown
dd_p35_cp206,0.01626025794803354,1.0,drawdown
dd_p35_cp207,0.0021647173718974955,1.0,drawdown
dd_p35_cp208,0.009729653365866398,1.0,drawdown
dd_p35_cp209,0.0010313718455563503,1.0,drawdown
dd_p35_cp210,0.005630594022477453,1.0,drawdown
dd_p35_cp211,0.00047741964158376504,1.0,drawdown
dd_p36_cp0,0.8085887535767142,1.0,drawdown
dd_p36_cp1,0.0037631736399816873,1.0,drawdown
dd_p36_cp2,1.1160332510808075,1.0,drawdown
dd_p36_cp3,0.005793684310901881,1.0,drawdown
dd_p36_cp4,1.47121129467223,1.0,drawdown
dd_p36_cp5,0.008662283357352862,1.0,drawdown
dd_p36_cp6,1.8446824496627414,1.0,drawdown
dd_p36_cp7,0.012576098584304418,1.0,drawdown
dd_p36_cp8,2.187476760786012,1.0,drawdown
dd_p36_cp9,0.017753358503796335,1.0,drawdown
dd_p36_cp10,2.436239576668868,1.0,drawdown
dd_p36_cp11,0.024424714623364707,1.0,drawdown
dd_p36_cp12,2.5319982798114324,1.0,drawdown
dd_p36_cp13,0.03284822781006369,1.0,drawdown
dd_p36_cp14,2.4494625937472847,1.0,drawdown
dd_p36_cp15,0.043334643260550365,1.0,drawdown
dd_p36_cp16,2.214570404899405,1.0,drawdown
dd_p36_cp17,0.05626445324560336,1.0,drawdown
dd_p36_cp18,1.887625416964056,1.0,drawdown
dd_p36_cp19,0.0720614793031018,1.0,drawdown
dd_p36_cp20,1.534669470514018,1.0,drawdown
dd_p36_cp21,0.09108266944122079,1.0,drawdown
dd_p36_cp22,1.209372573559449,1.0,drawdown
dd_p36_cp23,0.11340626712217272,1.0,drawdown
dd_p36_cp24,0.948534125061542,1.0,drawdown
dd_p36_cp25,0.1385543873784627,1.0,drawdown
dd_p36_cp26,0.775162888181967,1.0,drawdown
dd_p36_cp27,0.16524997717215228,1.0,drawdown
dd_p36_cp28,0.7038830443748338,1.0,drawdown
dd_p36_cp29,0.19134185134498694,1.0,drawdown
dd_p36_cp30,0.7460216536219377,1.0,drawdown
dd_p36_cp31,0.214003854765906,1.0,drawdown
dd_p36_cp32,0.9129418696993525,1.0,drawdown
dd_p36_cp33,0.23022330208277708,1.0,drawdown
dd_p36_cp34,1.2163824805352306,1.0,drawdown
dd_p36_cp35,0.23747107018061797,1.0,drawdown
dd_p36_cp36,1.664630188352021,1.0,drawdown
dd_p36_cp37,0.23434655037499397,1.0,drawdown
dd_p36_cp38,2.2539071490682545,1.0,drawdown
dd_p36_cp39,0.22097063955152407,1.0,drawdown
dd_p36_cp40,2.956028035264808,1.0,drawdown
dd_p36_cp41,0.19898110949316106,1.0,drawdown
dd_p36_cp42,3.7066215155264217,1.0,drawdown
dd_p36_cp43,0.1711343130232308,1.0,drawdown
dd_p36_cp44,4.402350286409728,1.0,drawdown
dd_p36_cp45,0.14066208081112563,1.0,drawdown
dd_p36_cp46,4.917699737534349,1.0,drawdown
dd_p36_cp47,0.11060480923197247,1.0,drawdown
dd_p36_cp48,5.146746479673311,1.0,drawdown
dd_p36_cp49,0.0833141154967052,1.0,drawdown
dd_p36_cp50,5.057944784436131,1.0,drawdown
dd_p36_cp51,0.06022138687376355,1.0,drawdown
dd_p36_cp52,4.7253601236957365,1.0,drawdown
dd_p36_cp53,0.041860944172185555,1.0,drawdown
dd_p36_cp54,4.290448563347127,1.0,drawdown
dd_p36_cp55,0.028064859154710575,1.0,drawdown
dd_p36_cp56,3.9008939925279265,1.0,drawdown
dd_p36_cp57,0.018225919193355367,1.0,drawdown
dd_p36_cp58,3.6628606114372815,1.0,drawdown
dd_p36_cp59,0.01154463834109265,1.0,drawdown
dd_p36_cp60,3.6181139001209885,1.0,drawdown
dd_p36_cp61,0.00721331893464594,1.0,drawdown
dd_p36_cp62,3.741332872843941,1.0,drawdown
dd_p36_cp63,0.004525387858393515,1.0,drawdown
dd_p36_cp64,3.9505860743824996,1.0,drawdown
dd_p36_cp65,0.002921208476436732,1.0,drawdown
dd_p36_cp66,4.129129612114184,1.0,drawdown
dd_p36_cp67,0.001990893571928609,1.0,drawdown
dd_p36_cp68,4.160793180591099,1.0,drawdown
dd_p36_cp69,0.0014541140258188534,1.0,drawdown
dd_p36_cp70,3.976470619408474,1.0,drawdown
dd_p36_cp71,0.001131609353251406,1.0,drawdown
dd_p36_cp72,3.588893178556191,1.0,drawdown
dd_p36_cp73,0.0009170468097181583,1.0,drawdown
dd_p36_cp74,3.0650579403911706,1.0,drawdown
dd_p36_cp75,0.0007531555781952193,1.0,drawdown
dd_p36_cp76,2.4871468452897716,1.0,drawdown
dd_p36_cp77,0.0006132029948275886,1.0,drawdown
dd_p36_cp78,1.925576064455754,1.0,drawdown
dd_p36_cp79,0.00048750075234238466,1.0,drawdown
dd_p36_cp80,1.4274593568013643,1.0,drawdown
dd_p36_cp81,0.0003740863751318102,1.0,drawdown
dd_p36_cp82,1.016103490863543,1.0,drawdown
dd_p36_cp83,0.00027248690093983896,1.0,drawdown
dd_p36_cp84,1.1807963843561993,1.0,drawdown
dd_p36_cp85,1.4602369098631698,1.0,drawdown
dd_p36_cp86,1.655807709023975,1.0,drawdown
dd_p36_cp87,2.0289068184592907,1.0,drawdown
dd_p36_cp88,2.223085230324614,1.0,drawdown
dd_p36_cp89,2.72505458889259,1.0,drawdown
dd_p36_cp90,2.843667943316177,1.0,drawdown
dd_p36_cp91,3.5393442328352194,1.0,drawdown
dd_p36_cp92,3.4387385535869726,1.0,drawdown
dd_p36_cp93,4.449705766942316,1.0,drawdown
dd_p36_cp94,3.890560328921765,1.0,drawdown
dd_p36_cp95,5.421463484195328,1.0,drawdown
dd_p36_cp96,4.076295413204662,1.0,drawdown
dd_p36_cp97,6.401780466352875,1.0,drawdown
dd_p36_cp98,3.9373653524794463,1.0,drawdown
dd_p36_cp99,7.300578840616254,1.0,drawdown
dd_p36_cp100,3.5289669218473136,1.0,drawdown
dd_p36_cp101,7.964639448099206,1.0,drawdown
dd_p36_cp102,2.9706107895167406,1.0,drawdown
dd_p36_cp103,8.199899348515146,1.0,drawdown
dd_p36_cp104,2.377067080566576,1.0,drawdown
dd_p36_cp105,7.9020419150008365,1.0,drawdown
dd_p36_cp106,1.8251960096872608,1.0,drawdown
dd_p36_cp107,7.232004178506486,1.0,drawdown
dd_p36_cp108,1.353771679897818,1.0,drawdown
dd_p36_cp109,6.437646242078472,1.0,drawdown
dd_p36_cp110,0.9752679034745597,1.0,drawdown
dd_p36_cp111,5.711842564508515,1.0,drawdown
dd_p36_cp112,0.6869354699265386,1.0,drawdown
dd_p36_cp113,5.147188334960902,1.0,drawdown
dd_p36_cp114,0.4784999071630409,1.0,drawdown
dd_p36_cp115,4.738312474973327,1.0,drawdown
dd_p36_cp116,0.33743168417049674,1.0,drawdown
dd_p36_cp117,4.4019955029777975,1.0,drawdown
dd_p36_cp118,0.2527352945353414,1.0,drawdown
dd_p36_cp119,4.016682080414284,1.0,drawdown
dd_p36_cp120,0.2176736539840931,1.0,drawdown
dd_p36_cp121,3.497134569622858,1.0,drawdown
dd_p36_cp122,0.231660984183236,1.0,drawdown
dd_p36_cp123,2.8778405715454483,1.0,drawdown
dd_p36_cp124,0.3015194537215393,1.0,drawdown
dd_p36_cp125,2.2424414861075093,1.0,drawdown
dd_p36_cp126,0.44216705294093117,1.0,drawdown
dd_p36_cp127,1.6638383788506417,1.0,drawdown
dd_p36_cp128,0.6765546653637102,1.0,drawdown
dd_p36_cp129,1.183477334339841,1.0,drawdown
dd_p36_cp130,1.0343703251660372,1.0,drawdown
dd_p36_cp131,0.8134286607767081,1.0,drawdown
dd_p36_cp132,1.5487370392165758,1.0,drawdown
dd_p36_cp133,0.5469007612441601,1.0,drawdown
dd_p36_cp134,2.24982193110327,1.0,drawdown
dd_p36_cp135,0.3688996687787949,1.0,drawdown
dd_p36_cp136,3.153839602012795,1.0,drawdown
dd_p36_cp137,0.2637870700880285,1.0,drawdown
dd_p36_cp138,4.24545191120842,1.0,drawdown
dd_p36_cp139,0.21956419250773251,1.0,drawdown
dd_p36_cp140,5.452402559539223,1.0,drawdown
dd_p36_cp141,0.2297780891972252,1.0,drawdown
dd_p36_cp142,6.618200618101582,1.0,drawdown
dd_p36_cp143,0.2938863584458886,1.0,drawdown
dd_p36_cp144,7.49890838352394,1.0,drawdown
dd_p36_cp145,0.4165115375617461,1.0,drawdown
dd_p36_cp146,7.833295277574052,1.0,drawdown
dd_p36_cp147,0.605643919495833,1.0,drawdown
dd_p36_cp148,7.4985542827125755,1.0,drawdown
dd_p36_cp149,0.8696565731447663,1.0,drawdown
dd_p36_cp150,6.617416664800658,1.0,drawdown
dd_p36_cp151,1.213085609164409,1.0,drawdown
dd_p36_cp152,5.451035265854898,1.0,drawdown
dd_p36_cp153,1.6316279440766266,1.0,drawdown
dd_p36_cp154,4.243267737459064,1.0,drawdown
dd_p36_cp155,2.107771015535718,1.0,drawdown
dd_p36_cp156,3.1505241976824436,1.0,drawdown
dd_p36_cp157,2.6096226022486917,1.0,drawdown
dd_p36_cp158,2.2449797154613407,1.0,drawdown
dd_p36_cp159,3.095887119201734,1.0,drawdown
dd_p36_cp160,1.5418807866617499,1.0,drawdown
dd_p36_cp161,3.527745761602546,1.0,drawdown
dd_p36_cp162,1.0248721094326356,1.0,drawdown
dd_p36_cp163,3.882309286738746,1.0,drawdown
dd_p36_cp164,0.6634993438219681,1.0,drawdown
dd_p36_cp165,4.155655391233495,1.0,drawdown
dd_p36_cp166,0.42400721826470544,1.0,drawdown
dd_p36_cp167,4.347974863129821,1.0,drawdown
dd_p36_cp168,0.27538150901955305,1.0,drawdown
dd_p36_cp169,4.445051932868637,1.0,drawdown
dd_p36_cp170,0.1921095665802568,1.0,drawdown
dd_p36_cp171,4.413603436380981,1.0,drawdown
dd_p36_cp172,0.15473242853704505,1.0,drawdown
dd_p36_cp173,4.2171142893632805,1.0,drawdown
dd_p36_cp174,0.14902761144958276,1.0,drawdown
dd_p36_cp175,3.8442941645232622,1.0,drawdown
dd_p36_cp176,0.164497869054685,1.0,drawdown
dd_p36_cp177,3.3285975194439743,1.0,drawdown
dd_p36_cp178,0.1927147802307445,1.0,drawdown
dd_p36_cp179,2.735711473513902,1.0,drawdown
dd_p36_cp180,0.22598545279788596,1.0,drawdown
dd_p36_cp181,2.137893295037884,1.0,drawdown
dd_p36_cp182,0.2567489934413061,1.0,drawdown
dd_p36_cp183,1.5930417586930616,1.0,drawdown
dd_p36_cp184,0.27796075810965704,1.0,drawdown
dd_p36_cp185,1.1353316018803525,1.0,drawdown
dd_p36_cp186,0.28435219311359106,1.0,drawdown
dd_p36_cp187,0.7760878858812248,1.0,drawdown
dd_p36_cp188,0.2738851973249439,1.0,drawdown
dd_p36_cp189,0.510112685182321,1.0,drawdown
dd_p36_cp190,0.24834524692141713,1.0,drawdown
dd_p36_cp191,0.3230758561123821,1.0,drawdown
dd_p36_cp192,0.21245167117467645,1.0,drawdown
dd_p36_cp193,0.1975244677739738,1.0,drawdown
dd_p36_cp194,0.1720537515379874,1.0,drawdown
dd_p36_cp195,0.11676879772221582,1.0,drawdown
dd_p36_cp196,0.1324141848099316,1.0,drawdown
dd_p36_cp197,0.06684601703204862,1.0,drawdown
dd_p36_cp198,0.09720724778526346,1.0,drawdown
dd_p36_cp199,0.03710840804046711,1.0,drawdown
dd_p36_cp200,0.0683018568697662,1.0,drawdown
dd_p36_cp201,0.020001913371288538,1.0,drawdown
dd_p36_cp202,0.04607041581948579,1.0,drawdown
dd_p36_cp203,0.010480016791916569,1.0,drawdown
dd_p36_cp204,0.029906540890806355,1.0,drawdown
dd_p36_cp205,0.005342387996506659,1.0,drawdown
dd_p36_cp206,0.018723969044913247,1.0,drawdown
dd_p36_cp207,0.0026510670081734133,1.0,drawdown
dd_p36_cp208,0.011327014894959575,1.0,drawdown
dd_p36_cp209,0.0012803707822968136,1.0,drawdown
dd_p36_cp210,0.006631598599142308,1.0,drawdown
dd_p36_cp211,0.0006008101429415547,1.0,drawdown
dd_p37_cp0,0.8643174488738623,1.0,drawdown
dd_p37_cp1,0.004454964859633037,1.0,drawdown
dd_p37_cp2,1.186112688569665,1.0,drawdown
dd_p37_cp3,0.006809800287555845,1.0,drawdown
dd_p37_cp4,1.5568237758675423,1.0,drawdown
dd_p37_cp5,0.010119712532741687,1.0,drawdown
dd_p37_cp6,1.945834388824096,1.0,drawdown
dd_p37_cp7,0.014616530307193898,1.0,drawdown
dd_p37_cp8,2.302139150926905,1.0,drawdown
dd_p37_cp9,0.02054483292158693,1.0,drawdown
dd_p37_cp10,2.560137320094327,1.0,drawdown
dd_p37_cp11,0.028162644471194653,1.0,drawdown
dd_p37_cp12,2.659506422328377,1.0,drawdown
dd_p37_cp13,0.0377555373602263,1.0,drawdown
dd_p37_cp14,2.5747534820870897,1.0,drawdown
dd_p37_cp15,0.049659788635835866,1.0,drawdown
dd_p37_cp16,2.3321946191726965,1.0,drawdown
dd_p37_cp17,0.06427483615743768,1.0,drawdown
dd_p37_cp18,1.9937013594699238,1.0,drawdown
dd_p37_cp19,0.08202890697111798,1.0,drawdown
dd_p37_cp20,1.6278614271154765,1.0,drawdown
dd_p37_cp21,0.10325803541309142,1.0,drawdown
dd_p37_cp22,1.2907940586683253,1.0,drawdown
dd_p37_cp23,0.12798321226864573,1.0,drawdown
dd_p37_cp24,1.0210204293944116,1.0,drawdown
dd_p37_cp25,0.15562593265713076,1.0,drawdown
dd_p37_cp26,0.8426905246415117,1.0,drawdown
dd_p37_cp27,0.1847663339153769,1.0,drawdown
dd_p37_cp28,0.7713310266585722,1.0,drawdown
dd_p37_cp29,0.213079643733181,1.0,drawdown
dd_p37_cp30,0.8190045102332988,1.0,drawdown
dd_p37_cp31,0.23755544332061618,1.0,drawdown
dd_p37_cp32,0.9973985771894149,1.0,drawdown
dd_p37_cp33,0.2550103978996958,1.0,drawdown
dd_p37_cp34,1.3177566409649444,1.0,drawdown
dd_p37_cp35,0.26278188229707666,1.0,drawdown
dd_p37_cp36,1.7866752063705462,1.0,drawdown
dd_p37_cp37,0.2593925311989551,1.0,drawdown
dd_p37_cp38,2.39742715067041,1.0,drawdown
dd_p37_cp39,0.2449572482610165,1.0,drawdown
dd_p37_cp40,3.1182197290581826,1.0,drawdown
dd_p37_cp41,0.22118492608478846,1.0,drawdown
dd_p37_cp42,3.881865882987313,1.0,drawdown
dd_p37_cp43,0.19097563840341536,1.0,drawdown
dd_p37_cp44,4.584813651403692,1.0,drawdown
dd_p37_cp45,0.1577598918415788,1.0,drawdown
dd_p37_cp46,5.104503919711078,1.0,drawdown
dd_p37_cp47,0.12480261467089804,1.0,drawdown
dd_p37_cp48,5.3385771795633445,1.0,drawdown
dd_p37_cp49,0.0946717399924637,1.0,drawdown
dd_p37_cp50,5.256198795023465,1.0,drawdown
dd_p37_cp51,0.06897642918602287,1.0,drawdown
dd_p37_cp52,4.931408957710119,1.0,drawdown
dd_p37_cp53,0.04837084629753008,1.0,drawdown
dd_p37_cp54,4.502425374279483,1.0,drawdown
dd_p37_cp55,0.03274362617366933,1.0,drawdown
dd_p37_cp56,4.113696152561715,1.0,drawdown
dd_p37_cp57,0.021488091063019965,1.0,drawdown
dd_p37_cp58,3.8706739485278376,1.0,drawdown
dd_p37_cp59,0.013764515890670737,1.0,drawdown
dd_p37_cp60,3.816607962005037,1.0,drawdown
dd_p37_cp61,0.00870193405671671,1.0,drawdown
dd_p37_cp62,3.9285779493939117,1.0,drawdown
dd_p37_cp63,0.005523247149994859,1.0,drawdown
dd_p37_cp64,4.1270494248246905,1.0,drawdown
dd_p37_cp65,0.0036023970355927304,1.0,drawdown
dd_p37_cp66,4.296786711446657,1.0,drawdown
dd_p37_cp67,0.0024736368859521463,1.0,drawdown
dd_p37_cp68,4.320935145557996,1.0,drawdown
dd_p37_cp69,0.0018136944026991841,1.0,drawdown
dd_p37_cp70,4.128179252738391,1.0,drawdown
dd_p37_cp71,0.0014128494951819448,1.0,drawdown
dd_p37_cp72,3.73154605078048,1.0,drawdown
dd_p37_cp73,0.0011448460541032546,1.0,drawdown
dd_p37_cp74,3.1976229633391995,1.0,drawdown
dd_p37_cp75,0.0009405235600752349,1.0,drawdown
dd_p37_cp76,2.607455123167938,1.0,drawdown
dd_p37_cp77,0.0007668336552342225,1.0,drawdown
dd_p37_cp78,2.031106867254266,1.0,drawdown
dd_p37_cp79,0.0006112317516908661,1.0,drawdown
dd_p37_cp80,1.516454062016237,1.0,drawdown
dd_p37_cp81,0.0004706831798557687,1.0,drawdown
dd_p37_cp82,1.0881338123108435,1.0,drawdown
dd_p37_cp83,0.00034414243600622285,1.0,drawdown
dd_p37_cp84,1.253831806821836,1.0,drawdown
dd_p37_cp85,1.553615027436308,1.0,drawdown
dd_p37_cp86,1.7493302502698498,1.0,drawdown
dd_p37_cp87,2.146844651036872,1.0,drawdown
dd_p37_cp88,2.3397205991368537,1.0,drawdown
dd_p37_cp89,2.8708627586433977,1.0,drawdown
dd_p37_cp90,2.983762615469459,1.0,drawdown
dd_p37_cp91,3.7166096595792624,1.0,drawdown
dd_p37_cp92,3.5986268394467515,1.0,drawdown
dd_p37_cp93,4.66206006953098,1.0,drawdown
dd_p37_cp94,4.062971331934477,1.0,drawdown
dd_p37_cp95,5.671505619949585,1.0,drawdown
dd_p37_cp96,4.253305664184609,1.0,drawdown
dd_p37_cp97,6.689653073116915,1.0,drawdown
dd_p37_cp98,4.112156721441806,1.0,drawdown
dd_p37_cp99,7.6231895983582945,1.0,drawdown
dd_p37_cp100,3.6934898358736064,1.0,drawdown
dd_p37_cp101,8.313982389480316,1.0,drawdown
dd_p37_cp102,3.117339877061113,1.0,drawdown
dd_p37_cp103,8.561307848811794,1.0,drawdown
dd_p37_cp104,2.501965171780739,1.0,drawdown
dd_p37_cp105,8.257990396314426,1.0,drawdown
dd_p37_cp106,1.9281627766667953,1.0,drawdown
dd_p37_cp107,7.568478641332831,1.0,drawdown
dd_p37_cp108,1.4369849725653694,1.0,drawdown
dd_p37_cp109,6.747530249686406,1.0,drawdown
dd_p37_cp110,1.041552629132184,1.0,drawdown
dd_p37_cp111,5.992566907236096,1.0,drawdown
dd_p37_cp112,0.739102593006919,1.0,drawdown
dd_p37_cp113,5.398810286810203,1.0,drawdown
dd_p37_cp114,0.5193429126788942,1.0,drawdown
dd_p37_cp115,4.962652821735674,1.0,drawdown
dd_p37_cp116,0.36985793767098585,1.0,drawdown
dd_p37_cp117,4.601526620905588,1.0,drawdown
dd_p37_cp118,0.2798163945963097,1.0,drawdown
dd_p37_cp119,4.192599591871158,1.0,drawdown
dd_p37_cp120,0.24263797552066535,1.0,drawdown
dd_p37_cp121,3.648708701405212,1.0,drawdown
dd_p37_cp122,0.25789143562906247,1.0,drawdown
dd_p37_cp123,3.005956520831205,1.0,drawdown
dd_p37_cp124,0.3325630490535332,1.0,drawdown
dd_p37_cp125,2.3491990246686782,1.0,drawdown
dd_p37_cp126,0.48171423356961895,1.0,drawdown
dd_p37_cp127,1.751212537889387,1.0,drawdown
dd_p37_cp128,0.7283444825866354,1.0,drawdown
dd_p37_cp129,1.253213902696416,1.0,drawdown
dd_p37_cp130,1.1020112389865062,1.0,drawdown
dd_p37_cp131,0.8676876730596632,1.0,drawdown
dd_p37_cp132,1.635454297600063,1.0,drawdown
dd_p37_cp133,0.5885422533672227,1.0,drawdown
dd_p37_cp134,2.358069503271963,1.0,drawdown
dd_p37_cp135,0.4013122642234066,1.0,drawdown
dd_p37_cp136,3.2844815273510903,1.0,drawdown
dd_p37_cp137,0.2906194793984014,1.0,drawdown
dd_p37_cp138,4.396018653088959,1.0,drawdown
dd_p37_cp139,0.24457757794834833,1.0,drawdown
dd_p37_cp140,5.614688126330748,1.0,drawdown
dd_p37_cp141,0.2568343727989486,1.0,drawdown
dd_p37_cp142,6.778415666210549,1.0,drawdown
dd_p37_cp143,0.32700219994785584,1.0,drawdown
dd_p37_cp144,7.646087000063744,1.0,drawdown
dd_p37_cp145,0.4598969186367867,1.0,drawdown
dd_p37_cp146,7.972524324252845,1.0,drawdown
dd_p37_cp147,0.6636553003265817,1.0,drawdown
dd_p37_cp148,7.645657268192281,1.0,drawdown
dd_p37_cp149,0.9466130705322939,1.0,drawdown
dd_p37_cp150,6.777469881156321,1.0,drawdown
dd_p37_cp151,1.3129276072957055,1.0,drawdown
dd_p37_cp152,5.613052408322346,1.0,drawdown
dd_p37_cp153,1.757444124916674,1.0,drawdown
dd_p37_cp154,4.393430812590395,1.0,drawdown
dd_p37_cp155,2.2612734820431797,1.0,drawdown
dd_p37_cp156,3.2805925873244632,1.0,drawdown
dd_p37_cp157,2.790689775962619,1.0,drawdown
dd_p37_cp158,2.35244554023393,1.0,drawdown
dd_p37_cp159,3.3022915031253888,1.0,drawdown
dd_p37_cp160,1.6275662499988357,1.0,drawdown
dd_p37_cp161,3.7551242707434085,1.0,drawdown
dd_p37_cp162,1.0911801116731112,1.0,drawdown
dd_p37_cp163,4.124376193061153,1.0,drawdown
dd_p37_cp164,0.7135770565764687,1.0,drawdown
dd_p37_cp165,4.40472866983805,1.0,drawdown
dd_p37_cp166,0.4613207503357444,1.0,drawdown
dd_p37_cp167,4.596024751661162,1.0,drawdown
dd_p37_cp168,0.30340012804208527,1.0,drawdown
dd_p37_cp169,4.685043483776553,1.0,drawdown
dd_p37_cp170,0.2140365803638815,1.0,drawdown
dd_p37_cp171,4.640384679690214,1.0,drawdown
dd_p37_cp172,0.17330395582484925,1.0,drawdown
dd_p37_cp173,4.4272841256156426,1.0,drawdown
dd_p37_cp174,0.16639382487619514,1.0,drawdown
dd_p37_cp175,4.035633542726828,1.0,drawdown
dd_p37_cp176,0.18217705227289116,1.0,drawdown
dd_p37_cp177,3.4998672558408543,1.0,drawdown
dd_p37_cp178,0.21160152069342075,1.0,drawdown
dd_p37_cp179,2.8860151008354933,1.0,drawdown
dd_p37_cp180,0.2464014836473325,1.0,drawdown
dd_p37_cp181,2.2663314581020586,1.0,drawdown
dd_p37_cp182,0.2785339183387805,1.0,drawdown
dd_p37_cp183,1.6991450502696352,1.0,drawdown
dd_p37_cp184,0.3005962754741631,1.0,drawdown
dd_p37_cp185,1.2196858609900119,1.0,drawdown
dd_p37_cp186,0.30710073146474315,1.0,drawdown
dd_p37_cp187,0.840523911514083,1.0,drawdown
dd_p37_cp188,0.29592212547640884,1.0,drawdown
dd_p37_cp189,0.5574113019374636,1.0,drawdown
dd_p37_cp190,0.2688775324299968,1.0,drawdown
dd_p37_cp191,0.356464638478883,1.0,drawdown
dd_p37_cp192,0.2308212193502186,1.0,drawdown
dd_p37_cp193,0.22021126773779542,1.0,drawdown
dd_p37_cp194,0.1878188980072082,1.0,drawdown
dd_p37_cp195,0.13162006392258263,1.0,drawdown
dd_p37_cp196,0.14539098772274883,1.0,drawdown
dd_p37_cp197,0.07622164110193808,1.0,drawdown
dd_p37_cp198,0.10745848860324259,1.0,drawdown
dd_p37_cp199,0.04282271527199555,1.0,drawdown
dd_p37_cp200,0.07608238774582787,1.0,drawdown
dd_p37_cp201,0.023368406119516294,1.0,drawdown
dd_p37_cp202,0.05175167759853139,1.0,drawdown
dd_p37_cp203,0.012399457299579808,1.0,drawdown
dd_p37_cp204,0.03390302058369343,1.0,drawdown
dd_p37_cp205,0.006402695755014065,1.0,drawdown
dd_p37_cp206,0.02143594411745653,1.0,drawdown
dd_p37_cp207,0.003218962542632653,1.0,drawdown
dd_p37_cp208,0.013104591994306247,1.0,drawdown
dd_p37_cp209,0.0015752562869693065,1.0,drawdown
dd_p37_cp210,0.007758439081499091,1.0,drawdown
dd_p37_cp211,0.0007489953136428085,1.0,drawdown
dd_p38_cp0,0.9217139557740666,1.0,drawdown
dd_p38_cp1,0.005238584297330817,1.0,drawdown
dd_p38_cp2,1.258253478908955,1.0,drawdown
dd_p38_cp3,0.007952777503760444,1.0,drawdown
dd_p38_cp4,1.6447422421138072,1.0,drawdown
dd_p38_cp5,0.011749320604849345,1.0,drawdown
dd_p38_cp6,2.04912184662453,1.0,drawdown
dd_p38_cp7,0.016886076038190367,1.0,drawdown
dd_p38_cp8,2.41829965994566,1.0,drawdown
dd_p38_cp9,0.023635166955955356,1.0,drawdown
dd_p38_cp10,2.684780482808492,1.0,drawdown
dd_p38_cp11,0.032282719434988394,1.0,drawdown
dd_p38_cp12,2.7874521995636314,1.0,drawdown
dd_p38_cp13,0.04314162360378759,1.0,drawdown
dd_p38_cp14,2.7009092088133,1.0,drawdown
dd_p38_cp15,0.05657199167580984,1.0,drawdown
dd_p38_cp16,2.4515710557197963,1.0,drawdown
dd_p38_cp17,0.07298844176148123,1.0,drawdown
dd_p38_cp18,2.102332427426063,1.0,drawdown
dd_p38_cp19,0.09281751114167491,1.0,drawdown
dd_p38_cp20,1.7239905959600037,1.0,drawdown
dd_p38_cp21,0.1163663182428536,1.0,drawdown
dd_p38_cp22,1.3751785642994037,1.0,drawdown
dd_p38_cp23,0.1435900348742507,1.0,drawdown
dd_p38_cp24,1.096410045714947,1.0,drawdown
dd_p38_cp25,0.17380247654909908,1.0,drawdown
dd_p38_cp26,0.9131698023143144,1.0,drawdown
dd_p38_cp27,0.20543749791067967,1.0,drawdown
dd_p38_cp28,0.8418906228398555,1.0,drawdown
dd_p38_cp29,0.23599794248320904,1.0,drawdown
dd_p38_cp30,0.8952234832254362,1.0,drawdown
dd_p38_cp31,0.2622944107447438,1.0,drawdown
dd_p38_cp32,1.084954240282059,1.0,drawdown
dd_p38_cp33,0.2809801331741255,1.0,drawdown
dd_p38_cp34,1.421584199314566,1.0,drawdown
dd_p38_cp35,0.2892653641024481,1.0,drawdown
dd_p38_cp36,1.9098326077446472,1.0,drawdown
dd_p38_cp37,0.2855992866921042,1.0,drawdown
dd_p38_cp38,2.540037543802555,1.0,drawdown
dd_p38_cp39,0.2700900275999629,1.0,drawdown
dd_p38_cp40,3.27719238384816,1.0,drawdown
dd_p38_cp41,0.2445131227937054,1.0,drawdown
dd_p38_cp42,4.0521284022738655,1.0,drawdown
dd_p38_cp43,0.2119058890607448,1.0,drawdown
dd_p38_cp44,4.761954975332628,1.0,drawdown
dd_p38_cp45,0.17589154577490262,1.0,drawdown
dd_p38_cp46,5.28689485648556,1.0,drawdown
dd_p38_cp47,0.13995652133326075,1.0,drawdown
dd_p38_cp48,5.526523319029366,1.0,drawdown
dd_p38_cp49,0.10688635988162787,1.0,drawdown
dd_p38_cp50,5.450152861815695,1.0,drawdown
dd_p38_cp51,0.07847356382626458,1.0,drawdown
dd_p38_cp52,5.132256965846409,1.0,drawdown
dd_p38_cp53,0.05550062850579707,1.0,drawdown
dd_p38_cp54,4.709365576321943,1.0,drawdown
dd_p38_cp55,0.037922091332802665,1.0,drawdown
dd_p38_cp56,4.3228475727569275,1.0,drawdown
dd_p38_cp57,0.025139955654140067,1.0,drawdown
dd_p38_cp58,4.076670703757827,1.0,drawdown
dd_p38_cp59,0.01627980896500958,1.0,drawdown
dd_p38_cp60,4.015032203359624,1.0,drawdown
dd_p38_cp61,0.010409889509446657,1.0,drawdown
dd_p38_cp62,4.117486238378206,1.0,drawdown
dd_p38_cp63,0.006682305413505674,1.0,drawdown
dd_p38_cp64,4.307133065982725,1.0,drawdown
dd_p38_cp65,0.004402392793963372,1.0,drawdown
dd_p38_cp66,4.469797539687534,1.0,drawdown
dd_p38_cp67,0.003045393769752991,1.0,drawdown
dd_p38_cp68,4.486872715206346,1.0,drawdown
dd_p38_cp69,0.002241778690404317,1.0,drawdown
dd_p38_cp70,4.284779164131123,1.0,drawdown
dd_p38_cp71,0.0017484268801126746,1.0,drawdown
dd_p38_cp72,3.8771656808362422,1.0,drawdown
dd_p38_cp73,0.0014168526990943064,1.0,drawdown
dd_p38_cp74,3.331543438767312,1.0,drawdown
dd_p38_cp75,0.0011643822754194844,1.0,drawdown
dd_p38_cp76,2.7284691479246703,1.0,drawdown
dd_p38_cp77,0.0009506235046501388,1.0,drawdown
dd_p38_cp78,2.137414647253763,1.0,drawdown
dd_p38_cp79,0.0007595902354751161,1.0,drawdown
dd_p38_cp80,1.606558346195925,1.0,drawdown
dd_p38_cp81,0.0005868603998351318,1.0,drawdown
dd_p38_cp82,1.1615704873804589,1.0,drawdown
dd_p38_cp83,0.00043060010011686245,1.0,drawdown
dd_p38_cp84,1.3290174969984037,1.0,drawdown
dd_p38_cp85,1.6483369331599533,1.0,drawdown
dd_p38_cp86,1.845299133528897,1.0,drawdown
dd_p38_cp87,2.266110973547484,1.0,drawdown
dd_p38_cp88,2.4583011293675554,1.0,drawdown
dd_p38_cp89,3.0181548167988694,1.0,drawdown
dd_p38_cp90,3.123946565573533,1.0,drawdown
dd_p38_cp91,3.895729981046088,1.0,drawdown
dd_p38_cp92,3.755569372751779,1.0,drawdown
dd_p38_cp93,4.876691983427463,1.0,drawdown
dd_p38_cp94,4.229453499312513,1.0,drawdown
dd_p38_cp95,5.924029366500918,1.0,drawdown
dd_p38_cp96,4.423166074788696,1.0,drawdown
dd_p38_cp97,6.979907956753777,1.0,drawdown
dd_p38_cp98,4.281107375972169,1.0,drawdown
dd_p38_cp99,7.947397960634817,1.0,drawdown
dd_p38_cp100,3.8552369916942553,1.0,drawdown
dd_p38_cp101,8.662596291381078,1.0,drawdown
dd_p38_cp102,3.264400815882709,1.0,drawdown
dd_p38_cp103,8.91954552703487,1.0,drawdown
dd_p38_cp104,2.6291151539412567,1.0,drawdown
dd_p38_cp105,8.612596553079356,1.0,drawdown
dd_p38_cp106,2.033941240398235,1.0,drawdown
dd_p38_cp107,7.905274217551096,1.0,drawdown
dd_p38_cp108,1.5227703034488513,1.0,drawdown
dd_p38_cp109,7.057902261627078,1.0,drawdown
dd_p38_cp110,1.1099850220784901,1.0,drawdown
dd_p38_cp111,6.273743734907612,1.0,drawdown
dd_p38_cp112,0.7931124353913219,1.0,drawdown
dd_p38_cp113,5.651647693332734,1.0,drawdown
dd_p38_cp114,0.5618765862986947,1.0,drawdown
dd_p38_cp115,5.189820778758531,1.0,drawdown
dd_p38_cp116,0.4039116136996199,1.0,drawdown
dd_p38_cp117,4.8057305313427605,1.0,drawdown
dd_p38_cp118,0.308497957340478,1.0,drawdown
dd_p38_cp119,4.374106872892526,1.0,drawdown
dd_p38_cp120,0.26919115739201516,1.0,drawdown
dd_p38_cp121,3.805011490210063,1.0,drawdown
dd_p38_cp122,0.28570499167062735,1.0,drawdown
dd_p38_cp123,3.137102595869692,1.0,drawdown
dd_p38_cp124,0.36517299646811807,1.0,drawdown
dd_p38_cp125,2.4575867036624004,1.0,drawdown
dd_p38_cp126,0.5227730778092337,1.0,drawdown
dd_p38_cp127,1.8395517238404864,1.0,drawdown
dd_p38_cp128,0.781523312252375,1.0,drawdown
dd_p38_cp129,1.3238745061571535,1.0,drawdown
dd_p38_cp130,1.1708104432163964,1.0,drawdown
dd_p38_cp131,0.9230853961196317,1.0,drawdown
dd_p38_cp132,1.7228757709440288,1.0,drawdown
dd_p38_cp133,0.631527128149628,1.0,drawdown
dd_p38_cp134,2.465984051959367,1.0,drawdown
dd_p38_cp135,0.4351974049045566,1.0,drawdown
dd_p38_cp136,3.41235290914301,1.0,drawdown
dd_p38_cp137,0.31902291334290567,1.0,drawdown
dd_p38_cp138,4.538854864282257,1.0,drawdown
dd_p38_cp139,0.2712924177753848,1.0,drawdown
dd_p38_cp140,5.761617396867678,1.0,drawdown
dd_p38_cp141,0.28579585723014134,1.0,drawdown
dd_p38_cp142,6.916011399854142,1.0,drawdown
dd_p38_cp143,0.3623139862691005,1.0,drawdown
dd_p38_cp144,7.769090466978923,1.0,drawdown
dd_p38_cp145,0.5058443791588161,1.0,drawdown
dd_p38_cp146,8.090573921644136,1.0,drawdown
dd_p38_cp147,0.7246363537906291,1.0,drawdown
dd_p38_cp148,7.768574097262899,1.0,drawdown
dd_p38_cp149,1.0269362482958968,1.0,drawdown
dd_p38_cp150,6.914881213177978,1.0,drawdown
dd_p38_cp151,1.4164598047082109,1.0,drawdown
dd_p38_cp152,5.759678186516794,1.0,drawdown
dd_p38_cp153,1.8871368328598237,1.0,drawdown
dd_p38_cp154,4.535814780671899,1.0,drawdown
dd_p38_cp155,2.4186482986365263,1.0,drawdown
dd_p38_cp156,3.4078275746683175,1.0,drawdown
dd_p38_cp157,2.9754022089070986,1.0,drawdown
dd_p38_cp158,2.4595007802136024,1.0,drawdown
dd_p38_cp159,3.5118889866448626,1.0,drawdown
dd_p38_cp160,1.7138632550363582,1.0,drawdown
dd_p38_cp161,3.9850570517162396,1.0,drawdown
dd_p38_cp162,1.158537173330842,1.0,drawdown
dd_p38_cp163,4.368261878645399,1.0,drawdown
dd_p38_cp164,0.7649137335656633,1.0,drawdown
dd_p38_cp165,4.654945788037821,1.0,drawdown
dd_p38_cp166,0.4999859476019992,1.0,drawdown
dd_p38_cp167,4.844822871418728,1.0,drawdown
dd_p38_cp168,0.33277987464862235,1.0,drawdown
dd_p38_cp169,4.9257722027925865,1.0,drawdown
dd_p38_cp170,0.23727576041665088,1.0,drawdown
dd_p38_cp171,4.8680764467683275,1.0,drawdown
dd_p38_cp172,0.1931057291012621,1.0,drawdown
dd_p38_cp173,4.638358890480731,1.0,drawdown
dd_p38_cp174,0.18489503573027832,1.0,drawdown
dd_p38_cp175,4.227573632751728,1.0,drawdown
dd_p38_cp176,0.20089276830367453,1.0,drawdown
dd_p38_cp177,3.671303202622994,1.0,drawdown
dd_p38_cp178,0.23142682470643194,1.0,drawdown
dd_p38_cp179,3.036308479006948,1.0,drawdown
dd_p38_cp180,0.2676622685894472,1.0,drawdown
dd_p38_cp181,2.3950249073895975,1.0,drawdown
dd_p38_cp182,0.3010811568660756,1.0,drawdown
dd_p38_cp183,1.806046124614113,1.0,drawdown
dd_p38_cp184,0.32393139510395486,1.0,drawdown
dd_p38_cp185,1.3053603568246217,1.0,drawdown
dd_p38_cp186,0.3305103750026319,1.0,drawdown
dd_p38_cp187,0.9065890358965589,1.0,drawdown
dd_p38_cp188,0.31860465698264306,1.0,drawdown
dd_p38_cp189,0.6063991133210038,1.0,drawdown
dd_p38_cp190,0.29005703491247914,1.0,drawdown
dd_p38_cp191,0.3914131907808951,1.0,drawdown
dd_p38_cp192,0.24984504610438307,1.0,drawdown
dd_p38_cp193,0.2442214042437172,1.0,drawdown
dd_p38_cp194,0.20423568352771326,1.0,drawdown
dd_p38_cp195,0.147520790624867,1.0,drawdown
dd_p38_cp196,0.15899502241836672,1.0,drawdown
dd_p38_cp197,0.0863826788067854,1.0,drawdown
dd_p38_cp198,0.11828701182093937,1.0,drawdown
dd_p38_cp199,0.04909490154318519,1.0,drawdown
dd_p38_cp200,0.08436922339978992,1.0,drawdown
dd_p38_cp201,0.027112456362829107,1.0,drawdown
dd_p38_cp202,0.05785637299368318,1.0,drawdown
dd_p38_cp203,0.014563106897867328,1.0,drawdown
dd_p38_cp204,0.03823792189223241,1.0,drawdown
dd_p38_cp205,0.0076143553351357696,1.0,drawdown
dd_p38_cp206,0.024407026483913796,1.0,drawdown
dd_p38_cp207,0.0038769131349454256,1.0,drawdown
dd_p38_cp208,0.015072634161697351,1.0,drawdown
dd_p38_cp209,0.0019216307637179852,1.0,drawdown
dd_p38_cp210,0.009019974851526058,1.0,drawdown
dd_p38_cp211,0.0009254363471882243,1.0,drawdown
dd_p39_cp0,0.9807696161906279,1.0,drawdown
dd_p39_cp1,0.0061212850123411044,1.0,drawdown
dd_p39_cp2,1.332247580762214,1.0,drawdown
dd_p39_cp3,0.009231535513663403,1.0,drawdown
dd_p39_cp4,1.7343914513071468,1.0,drawdown
dd_p39_cp5,0.013561882766680355,1.0,drawdown
dd_p39_cp6,2.1535027828713282,1.0,drawdown
dd_p39_cp7,0.01939739777799332,1.0,drawdown
dd_p39_cp8,2.5344939194169456,1.0,drawdown
dd_p39_cp9,0.027038708020427293,1.0,drawdown
dd_p39_cp10,2.808460883830321,1.0,drawdown
dd_p39_cp11,0.0368004379984086,1.0,drawdown
dd_p39_cp12,2.914083928504624,1.0,drawdown
dd_p39_cp13,0.049022156089904456,1.0,drawdown
dd_p39_cp14,2.8262296473026254,1.0,drawdown
dd_p39_cp15,0.06408557165877937,1.0,drawdown
dd_p39_cp16,2.571251228705478,1.0,drawdown
dd_p39_cp17,0.08241615370343425,1.0,drawdown
dd_p39_cp18,2.212499526148804,1.0,drawdown
dd_p39_cp19,0.10443221935611291,1.0,drawdown
dd_p39_cp20,1.822509713556883,1.0,drawdown
dd_p39_cp21,0.13040387141882093,1.0,drawdown
dd_p39_cp22,1.4623463983148213,1.0,drawdown
dd_p39_cp23,0.16021231286640614,1.0,drawdown
dd_p39_cp24,1.1747134899933371,1.0,drawdown
dd_p39_cp25,0.19305757456368156,1.0,drawdown
dd_p39_cp26,0.986643446578455,1.0,drawdown
dd_p39_cp27,0.22722505592309972,1.0,drawdown
dd_p39_cp28,0.9155392400698474,1.0,drawdown
dd_p39_cp29,0.2600477150035658,1.0,drawdown
dd_p39_cp30,0.9745425244782382,1.0,drawdown
dd_p39_cp31,0.28816341050924166,1.0,drawdown
dd_p39_cp32,1.1753412270886656,1.0,drawdown
dd_p39_cp33,0.30806963987652125,1.0,drawdown
dd_p39_cp34,1.5274859908113285,1.0,drawdown
dd_p39_cp35,0.3168560693738982,1.0,drawdown
dd_p39_cp36,2.0337148125381646,1.0,drawdown
dd_p39_cp37,0.31290179465941037,1.0,drawdown
dd_p39_cp38,2.681592402453134,1.0,drawdown
dd_p39_cp39,0.29630746668908614,1.0,drawdown
dd_p39_cp40,3.4334523498896488,1.0,drawdown
dd_p39_cp41,0.2689108028912415,1.0,drawdown
dd_p39_cp42,4.218931947045348,1.0,drawdown
dd_p39_cp43,0.23387961960588655,1.0,drawdown
dd_p39_cp44,4.936106158991606,1.0,drawdown
dd_p39_cp45,0.19502318588956769,1.0,drawdown
dd_p39_cp46,5.467096317602227,1.0,drawdown
dd_p39_cp47,0.15604529556821944,1.0,drawdown
dd_p39_cp48,5.712432904781508,1.0,drawdown
dd_p39_cp49,0.1199490876724667,1.0,drawdown
dd_p39_cp50,5.642000926788569,1.0,drawdown
dd_p39_cp51,0.0887147203884524,1.0,drawdown
dd_p39_cp52,5.330184826820641,1.0,drawdown
dd_p39_cp53,0.0632605747919115,1.0,drawdown
dd_p39_cp54,4.912749606380203,1.0,drawdown
dd_p39_cp55,0.04361599229105195,1.0,drawdown
dd_p39_cp56,4.528903950889799,1.0,drawdown
dd_p39_cp57,0.029199895476722304,1.0,drawdown
dd_p39_cp58,4.281019325146644,1.0,drawdown
dd_p39_cp59,0.019109243731236347,1.0,drawdown
dd_p39_cp60,4.213822524520765,1.0,drawdown
dd_p39_cp61,0.012354673397112492,1.0,drawdown
dd_p39_cp62,4.309144482224838,1.0,drawdown
dd_p39_cp63,0.008017955539799004,1.0,drawdown
dd_p39_cp64,4.492417648456922,1.0,drawdown
dd_p39_cp65,0.0053342216697274125,1.0,drawdown
dd_p39_cp66,4.649744101451006,1.0,drawdown
dd_p39_cp67,0.0037169374099903507,1.0,drawdown
dd_p39_cp68,4.660179817671178,1.0,drawdown
dd_p39_cp69,0.0027471970408896595,1.0,drawdown
dd_p39_cp70,4.447986650237226,1.0,drawdown
dd_p39_cp71,0.0021455904986851237,1.0,drawdown
dd_p39_cp72,4.027605309536739,1.0,drawdown
dd_p39_cp73,0.0017390623197570676,1.0,drawdown
dd_p39_cp74,3.468295522021208,1.0,drawdown
dd_p39_cp75,0.0014297295761025453,1.0,drawdown
dd_p39_cp76,2.8510268336538047,1.0,drawdown
dd_p39_cp77,0.0011687506662383385,1.0,drawdown
dd_p39_cp78,2.244828638461513,1.0,drawdown
dd_p39_cp79,0.0009360452929740859,1.0,drawdown
dd_p39_cp80,1.6978318733581546,1.0,drawdown
dd_p39_cp81,0.0007254349141021521,1.0,drawdown
dd_p39_cp82,1.2363728517177606,1.0,drawdown
dd_p39_cp83,0.0005340349705420522,1.0,drawdown
dd_p39_cp84,1.4060999760904451,1.0,drawdown
dd_p39_cp85,1.7444391983290188,1.0,drawdown
dd_p39_cp86,1.9429291056171678,1.0,drawdown
dd_p39_cp87,2.386908025269804,1.0,drawdown
dd_p39_cp88,2.577258077586521,1.0,drawdown
dd_p39_cp89,3.167384902718595,1.0,drawdown
dd_p39_cp90,3.2618489981523453,1.0,drawdown
dd_p39_cp91,4.077418948176273,1.0,drawdown
dd_p39_cp92,3.906731902708998,1.0,drawdown
dd_p39_cp93,5.094439174437639,1.0,drawdown
dd_p39_cp94,4.387319486364504,1.0,drawdown
dd_p39_cp95,6.1796486242396895,1.0,drawdown
dd_p39_cp96,4.583566405661259,1.0,drawdown
dd_p39_cp97,7.272044324185799,1.0,drawdown
dd_p39_cp98,4.441530477735796,1.0,drawdown
dd_p39_cp99,8.270191243035697,1.0,drawdown
dd_p39_cp100,4.011375545010651,1.0,drawdown
dd_p39_cp101,9.004968476542444,1.0,drawdown
dd_p39_cp102,3.4094258011923557,1.0,drawdown
dd_p39_cp103,9.26898819384428,1.0,drawdown
dd_p39_cp104,2.7569534115332317,1.0,drawdown
dd_p39_cp105,8.960179193182285,1.0,drawdown
dd_p39_cp106,2.1417535475652585,1.0,drawdown
dd_p39_cp107,8.239112038818348,1.0,drawdown
dd_p39_cp108,1.6108839002854438,1.0,drawdown
dd_p39_cp109,7.368031898336767,1.0,drawdown
dd_p39_cp110,1.1805688132635623,1.0,drawdown
dd_p39_cp111,6.5559392325669705,1.0,drawdown
dd_p39_cp112,0.849028347588046,1.0,drawdown
dd_p39_cp113,5.9066460865717545,1.0,drawdown
dd_p39_cp114,0.6061497966675233,1.0,drawdown
dd_p39_cp115,5.420671123481725,1.0,drawdown
dd_p39_cp116,0.43961826478471266,1.0,drawdown
dd_p39_cp117,5.014679262894333,1.0,drawdown
dd_p39_cp118,0.33879164811514784,1.0,drawdown
dd_p39_cp119,4.560267353645941,1.0,drawdown
dd_p39_cp120,0.29733678507273,1.0,drawdown
dd_p39_cp121,3.9662182321342243,1.0,drawdown
dd_p39_cp122,0.31509664273107774,1.0,drawdown
dd_p39_cp123,3.27222686112259,1.0,drawdown
dd_p39_cp124,0.3993329843306128,1.0,drawdown
dd_p39_cp125,2.568500217896144,1.0,drawdown
dd_p39_cp126,0.5653122989119765,1.0,drawdown
dd_p39_cp127,1.9294061172656711,1.0,drawdown
dd_p39_cp128,0.8360297307358451,1.0,drawdown
dd_p39_cp129,1.3956838040351158,1.0,drawdown
dd_p39_cp130,1.2406178082865154,1.0,drawdown
dd_p39_cp131,0.9796587201710736,1.0,drawdown
dd_p39_cp132,1.810609750619733,1.0,drawdown
dd_p39_cp133,0.67583281377415,1.0,drawdown
dd_p39_cp134,2.5726784187754674,1.0,drawdown
dd_p39_cp135,0.47053966998623764,1.0,drawdown
dd_p39_cp136,3.5359548543247,1.0,drawdown
dd_p39_cp137,0.3490056434109192,1.0,drawdown
dd_p39_cp138,4.672640919470268,1.0,drawdown
dd_p39_cp139,0.2997345770809261,1.0,drawdown
dd_p39_cp140,5.894854864815898,1.0,drawdown
dd_p39_cp141,0.3166938232618577,1.0,drawdown
dd_p39_cp142,7.040136607609838,1.0,drawdown
dd_p39_cp143,0.39984511110878884,1.0,drawdown
dd_p39_cp144,7.886306303914353,1.0,drawdown
dd_p39_cp145,0.5543549740159506,1.0,drawdown
dd_p39_cp146,8.209031210798457,1.0,drawdown
dd_p39_cp147,0.7885494452420971,1.0,drawdown
dd_p39_cp148,7.885691536677314,1.0,drawdown
dd_p39_cp149,1.1105310778684725,1.0,drawdown
dd_p39_cp150,7.038798033148851,1.0,drawdown
dd_p39_cp151,1.523508257173944,1.0,drawdown
dd_p39_cp152,5.892575192754975,1.0,drawdown
dd_p39_cp153,2.0204288231343526,1.0,drawdown
dd_p39_cp154,4.669097884919211,1.0,drawdown
dd_p39_cp155,2.579490850653201,1.0,drawdown
dd_p39_cp156,3.530728195296888,1.0,drawdown
dd_p39_cp157,3.163216524587142,1.0,drawdown
dd_p39_cp158,2.5652565080667955,1.0,drawdown
dd_p39_cp159,3.7240249798212517,1.0,drawdown
dd_p39_cp160,1.8003787040729549,1.0,drawdown
dd_p39_cp161,4.216873527206417,1.0,drawdown
dd_p39_cp162,1.2267919635414728,1.0,drawdown
dd_p39_cp163,4.61344391233024,1.0,drawdown
dd_p39_cp164,0.8174464594821984,1.0,drawdown
dd_p39_cp165,4.906120161245553,1.0,drawdown
dd_p39_cp166,0.5399690979593288,1.0,drawdown
dd_p39_cp167,5.094620660689088,1.0,drawdown
dd_p39_cp168,0.36350043082529737,1.0,drawdown
dd_p39_cp169,5.167861475273639,1.0,drawdown
dd_p39_cp170,0.2618156867988546,1.0,drawdown
dd_p39_cp171,5.097492962151591,1.0,drawdown
dd_p39_cp172,0.21413041587629777,1.0,drawdown
dd_p39_cp173,4.851223727689558,1.0,drawdown
dd_p39_cp174,0.20452183244151456,1.0,drawdown
dd_p39_cp175,4.421037981165227,1.0,drawdown
dd_p39_cp176,0.2206284653811963,1.0,drawdown
dd_p39_cp177,3.843747090253828,1.0,drawdown
dd_p39_cp178,0.2521653874709955,1.0,drawdown
dd_p39_cp179,3.1871682342191434,1.0,drawdown
dd_p39_cp180,0.289735999599543,1.0,drawdown
dd_p39_cp181,2.524209437440959,1.0,drawdown
dd_p39_cp182,0.32435654382197754,1.0,drawdown
dd_p39_cp183,1.9137154670606833,1.0,drawdown
dd_p39_cp184,0.3479325395883279,1.0,drawdown
dd_p39_cp185,1.392201841783617,1.0,drawdown
dd_p39_cp186,0.3545479254926249,1.0,drawdown
dd_p39_cp187,0.9741197912694588,1.0,drawdown
dd_p39_cp188,0.3418978134527606,1.0,drawdown
dd_p39_cp189,0.6569554339369006,1.0,drawdown
dd_p39_cp190,0.3118466517835259,1.0,drawdown
dd_p39_cp191,0.4278518447852093,1.0,drawdown
dd_p39_cp192,0.2694868401649728,1.0,drawdown
dd_p39_cp193,0.2695252904152312,1.0,drawdown
dd_p39_cp194,0.22127324893926925,1.0,drawdown
dd_p39_cp195,0.16446727374000147,1.0,drawdown
dd_p39_cp196,0.1732046858337526,1.0,drawdown
dd_p39_cp197,0.09733965077134599,1.0,drawdown
dd_p39_cp198,0.12968171530292238,1.0,drawdown
dd_p39_cp199,0.05594150506431106,1.0,drawdown
dd_p39_cp200,0.09316050019515387,1.0,drawdown
dd_p39_cp201,0.0312514005202047,1.0,drawdown
dd_p39_cp202,0.06438925199563528,1.0,drawdown
dd_p39_cp203,0.01698622513117698,1.0,drawdown
dd_p39_cp204,0.04291979483468822,1.0,drawdown
dd_p39_cp205,0.008989378529804526,1.0,drawdown
dd_p39_cp206,0.027647243683531997,1.0,drawdown
dd_p39_cp207,0.004633603160300481,1.0,drawdown
dd_p39_cp208,0.017241028302578343,1.0,drawdown
dd_p39_cp209,0.0023253394751918677,1.0,drawdown
dd_p39_cp210,0.010424994353343209,1.0,drawdown
dd_p39_cp211,0.001133818799189612,1.0,drawdown
dd_p40_cp0,1.0413621423213044,1.0,drawdown
dd_p40_cp1,0.007110370986083581,1.0,drawdown
dd_p40_cp2,1.4077262094347134,1.0,drawdown
dd_p40_cp3,0.010654902506757935,1.0,drawdown
dd_p40_cp4,1.825040262019229,1.0,drawdown
dd_p40_cp5,0.015567862148600398,1.0,drawdown
dd_p40_cp6,2.257876178097831,1.0,drawdown
dd_p40_cp7,0.022162514596857363,1.0,drawdown
dd_p40_cp8,2.649400670173236,1.0,drawdown
dd_p40_cp9,0.030768690263357712,1.0,drawdown
dd_p40_cp10,2.9298470045391696,1.0,drawdown
dd_p40_cp11,0.041729555771780724,1.0,drawdown
dd_p40_cp12,3.0381129675370175,1.0,drawdown
dd_p40_cp13,0.05541027134177057,1.0,drawdown
dd_p40_cp14,2.9493910364658404,1.0,drawdown
dd_p40_cp15,0.07221139544935795,1.0,drawdown
dd_p40_cp16,2.689929083679999,1.0,drawdown
dd_p40_cp17,0.09256443876120102,1.0,drawdown
dd_p40_cp18,2.323123285651036,1.0,drawdown
dd_p40_cp19,0.11687268515061078,1.0,drawdown
dd_p40_cp20,1.922713198618112,1.0,drawdown
dd_p40_cp21,0.14536123297057202,1.0,drawdown
dd_p40_cp22,1.5519527284905053,1.0,drawdown
dd_p40_cp23,0.1778297898558776,1.0,drawdown
dd_p40_cp24,1.2558202001550853,1.0,drawdown
dd_p40_cp25,0.21335956453185645,1.0,drawdown
dd_p40_cp26,1.0630860028950337,1.0,drawdown
dd_p40_cp27,0.2500865670576786,1.0,drawdown
dd_p40_cp28,0.9922240082310054,1.0,drawdown
dd_p40_cp29,0.28517741442010447,1.0,drawdown
dd_p40_cp30,1.0568192719129001,1.0,drawdown
dd_p40_cp31,0.3151040600837405,1.0,drawdown
dd_p40_cp32,1.2683137770709436,1.0,drawdown
dd_p40_cp33,0.3362161258414744,1.0,drawdown
dd_p40_cp34,1.635160938633362,1.0,drawdown
dd_p40_cp35,0.3454891777805642,1.0,drawdown
dd_p40_cp36,2.1581101507767926,1.0,drawdown
dd_p40_cp37,0.3412356073308729,1.0,drawdown
dd_p40_cp38,2.822222063270601,1.0,drawdown
dd_p40_cp39,0.3235480547145926,1.0,drawdown
dd_p40_cp40,3.5877145215481505,1.0,drawdown
dd_p40_cp41,0.2943221395589717,1.0,drawdown
dd_p40_cp42,4.383496377680785,1.0,drawdown
dd_p40_cp43,0.2568493905014293,1.0,drawdown
dd_p40_cp44,5.108418697011075,1.0,drawdown
dd_p40_cp45,0.21511798654591985,1.0,drawdown
dd_p40_cp46,5.645791720323359,1.0,drawdown
dd_p40_cp47,0.17304402627951276,1.0,drawdown
dd_p40_cp48,5.89696658619232,1.0,drawdown
dd_p40_cp49,0.13384702813800686,1.0,drawdown
dd_p40_cp50,5.832407101720946,1.0,drawdown
dd_p40_cp51,0.09969790884042595,1.0,drawdown
dd_p40_cp52,5.526322995105602,1.0,drawdown
dd_p40_cp53,0.07165751620777883,1.0,drawdown
dd_p40_cp54,5.113823613187833,1.0,drawdown
dd_p40_cp55,0.049838344544696156,1.0,drawdown
dd_p40_cp56,4.732756366629019,1.0,drawdown
dd_p40_cp57,0.03368440917211046,1.0,drawdown
dd_p40_cp58,4.484331201560508,1.0,drawdown
dd_p40_cp59,0.02227045804329464,1.0,drawdown
dd_p40_cp60,4.413676614773067,1.0,drawdown
dd_p40_cp61,0.014553333943240432,1.0,drawdown
dd_p40_cp62,4.504520923355813,1.0,drawdown
dd_p40_cp63,0.009545608013468154,1.0,drawdown
dd_p40_cp64,4.684027643057107,1.0,drawdown
dd_p40_cp65,0.006411201476112183,1.0,drawdown
dd_p40_cp66,4.8378638681128905,1.0,drawdown
dd_p40_cp67,0.004499462381318153,1.0,drawdown
dd_p40_cp68,4.842282613473344,1.0,drawdown
dd_p40_cp69,0.0033392335169537546,1.0,drawdown
dd_p40_cp70,4.6191667611306,1.0,drawdown
dd_p40_cp71,0.002612021563891176,1.0,drawdown
dd_p40_cp72,4.184231890456431,1.0,drawdown
dd_p40_cp73,0.002117857753091812,1.0,drawdown
dd_p40_cp74,3.6091488648658014,1.0,drawdown
dd_p40_cp75,0.0017419006917407387,1.0,drawdown
dd_p40_cp76,2.976038718141581,1.0,drawdown
dd_p40_cp77,0.0014256839726840553,1.0,drawdown
dd_p40_cp78,2.35382918679511,1.0,drawdown
dd_p40_cp79,0.0011443145126577292,1.0,drawdown
dd_p40_cp80,1.7904458953496487,1.0,drawdown
dd_p40_cp81,0.0008894316811165481,1.0,drawdown
dd_p40_cp82,1.312556884407968,1.0,drawdown
dd_p40_cp83,0.0006567871930656111,1.0,drawdown
dd_p40_cp84,1.4846542740538098,1.0,drawdown
dd_p40_cp85,1.8420574886229133,1.0,drawdown
dd_p40_cp86,2.0412822566681825,1.0,drawdown
dd_p40_cp87,2.5095667855948705,1.0,drawdown
dd_p40_cp88,2.6950711605954893,1.0,drawdown
dd_p40_cp89,3.3191011527528644,1.0,drawdown
dd_p40_cp90,3.3956557052060816,1.0,drawdown
dd_p40_cp91,4.262339774588327,1.0,drawdown
dd_p40_cp92,4.0506843363264124,1.0,drawdown
dd_p40_cp93,5.315816184583355,1.0,drawdown
dd_p40_cp94,4.536040510474322,1.0,drawdown
dd_p40_cp95,6.43820622789076,1.0,drawdown
dd_p40_cp96,4.734379585539045,1.0,drawdown
dd_p40_cp97,7.56438479731878,1.0,drawdown
dd_p40_cp98,4.5928969749129465,1.0,drawdown
dd_p40_cp99,8.587933140996483,1.0,drawdown
dd_p40_cp100,4.160475821571254,1.0,drawdown
dd_p40_cp101,9.336068310999053,1.0,drawdown
dd_p40_cp102,3.5506029207349457,1.0,drawdown
dd_p40_cp103,9.60377129208473,1.0,drawdown
dd_p40_cp104,2.8839643775645527,1.0,drawdown
dd_p40_cp105,9.2956832349264,1.0,drawdown
dd_p40_cp106,2.250668764868351,1.0,drawdown
dd_p40_cp107,8.566321887061122,1.0,drawdown
dd_p40_cp108,1.700909841084922,1.0,drawdown
dd_p40_cp109,7.676259017123812,1.0,drawdown
dd_p40_cp110,1.253192640378984,1.0,drawdown
dd_p40_cp111,6.839088073630592,1.0,drawdown
dd_p40_cp112,0.9068603530718065,1.0,drawdown
dd_p40_cp113,6.164196511589353,1.0,drawdown
dd_p40_cp114,0.6521954306685984,1.0,drawdown
dd_p40_cp115,5.654948090216976,1.0,drawdown
dd_p40_cp116,0.4770015736712594,1.0,drawdown
dd_p40_cp117,5.227253148231284,1.0,drawdown
dd_p40_cp118,0.3707093385464759,1.0,drawdown
dd_p40_cp119,4.750253264928915,1.0,drawdown
dd_p40_cp120,0.32707747616859706,1.0,drawdown
dd_p40_cp121,4.131188027223288,1.0,drawdown
dd_p40_cp122,0.34605945156181406,1.0,drawdown
dd_p40_cp123,3.410985344143228,1.0,drawdown
dd_p40_cp124,0.43502301199123394,1.0,drawdown
dd_p40_cp125,2.6822768734812144,1.0,drawdown
dd_p40_cp126,0.6092894744865589,1.0,drawdown
dd_p40_cp127,2.0212160136675266,1.0,drawdown
dd_p40_cp128,0.8917707253217486,1.0,drawdown
dd_p40_cp129,1.4689110208475995,1.0,drawdown
dd_p40_cp130,1.3112193364818268,1.0,drawdown
dd_p40_cp131,1.0375063126734858,1.0,drawdown
dd_p40_cp132,1.898206015611322,1.0,drawdown
dd_p40_cp133,0.721473580597376,1.0,drawdown
dd_p40_cp134,2.677431983162478,1.0,drawdown
dd_p40_cp135,0.5073364003335428,1.0,drawdown
dd_p40_cp136,3.654783859133204,1.0,drawdown
dd_p40_cp137,0.38057599750891313,1.0,drawdown
dd_p40_cp138,4.798863658408209,1.0,drawdown
dd_p40_cp139,0.3299252144865932,1.0,drawdown
dd_p40_cp140,6.0211630612657245,1.0,drawdown
dd_p40_cp141,0.34955300551837354,1.0,drawdown
dd_p40_cp142,7.16540222404501,1.0,drawdown
dd_p40_cp143,0.4396108051371357,1.0,drawdown
dd_p40_cp144,8.017849357156592,1.0,drawdown
dd_p40_cp145,0.6054192766239339,1.0,drawdown
dd_p40_cp146,8.348147930738378,1.0,drawdown
dd_p40_cp147,0.8553429276046245,1.0,drawdown
dd_p40_cp148,8.017123735474797,1.0,drawdown
dd_p40_cp149,1.197282893910824,1.0,drawdown
dd_p40_cp150,7.163829982569041,1.0,drawdown
dd_p40_cp151,1.6338706427541183,1.0,drawdown
dd_p40_cp152,6.018504265817228,1.0,drawdown
dd_p40_cp153,2.1570031684702826,1.0,drawdown
dd_p40_cp154,4.794765142391043,1.0,drawdown
dd_p40_cp155,2.7433485263638886,1.0,drawdown
dd_p40_cp156,3.6487892789650687,1.0,drawdown
dd_p40_cp157,3.353548481824646,1.0,drawdown
dd_p40_cp158,2.668990803338147,1.0,drawdown
dd_p40_cp159,3.9380373703083933,1.0,drawdown
dd_p40_cp160,1.8866614587518598,1.0,drawdown
dd_p40_cp161,4.4499457213926235,1.0,drawdown
dd_p40_cp162,1.2957296760018835,1.0,drawdown
dd_p40_cp163,4.85947794834442,1.0,drawdown
dd_p40_cp164,0.8710809479189265,1.0,drawdown
dd_p40_cp165,5.158123203895684,1.0,drawdown
dd_p40_cp166,0.5812252586638351,1.0,drawdown
dd_p40_cp167,5.345621907848454,1.0,drawdown
dd_p40_cp168,0.39553711517964985,1.0,drawdown
dd_p40_cp169,5.411720174861102,1.0,drawdown
dd_p40_cp170,0.28764129129513094,1.0,drawdown
dd_p40_cp171,5.329104629240646,1.0,drawdown
dd_p40_cp172,0.23636652868572128,1.0,drawdown
dd_p40_cp173,5.066390789823572,1.0,drawdown
dd_p40_cp174,0.22526122118597414,1.0,drawdown
dd_p40_cp175,4.616617429771395,1.0,drawdown
dd_p40_cp176,0.24136652999777652,1.0,drawdown
dd_p40_cp177,4.017850492556363,1.0,drawdown
dd_p40_cp178,0.2737953781943361,1.0,drawdown
dd_p40_cp179,3.3391619494525457,1.0,drawdown
dd_p40_cp180,0.3126002927206173,1.0,drawdown
dd_p40_cp181,2.6542270594209185,1.0,drawdown
dd_p40_cp182,0.34834145443073794,1.0,drawdown
dd_p40_cp183,2.022250886730717,1.0,drawdown
dd_p40_cp184,0.3725861832490409,1.0,drawdown
dd_p40_cp185,1.4801481064876043,1.0,drawdown
dd_p40_cp186,0.37920175436056525,1.0,drawdown
dd_p40_cp187,1.0429972647491468,1.0,drawdown
dd_p40_cp188,0.3657867967058337,1.0,drawdown
dd_p40_cp189,0.7089724333034155,1.0,drawdown
dd_p40_cp190,0.3342251553535789,1.0,drawdown
dd_p40_cp191,0.465709366560759,1.0,drawdown
dd_p40_cp192,0.2897203866973541,1.0,drawdown
dd_p40_cp193,0.29608789699091176,1.0,drawdown
dd_p40_cp194,0.23890534724341705,1.0,drawdown
dd_p40_cp195,0.18245074466562983,1.0,drawdown
dd_p40_cp196,0.1879989382327949,1.0,drawdown
dd_p40_cp197,0.10909941025920489,1.0,drawdown
dd_p40_cp198,0.14162982632115018,1.0,drawdown
dd_p40_cp199,0.06337672001086503,1.0,drawdown
dd_p40_cp200,0.1024519880538719,1.0,drawdown
dd_p40_cp201,0.03580125748453611,1.0,drawdown
dd_p40_cp202,0.07135293106512108,1.0,drawdown
dd_p40_cp203,0.01968348079981297,1.0,drawdown
dd_p40_cp204,0.047955647014987335,1.0,drawdown
dd_p40_cp205,0.010539647310451983,1.0,drawdown
dd_p40_cp206,0.031165682400569494,1.0,drawdown
dd_p40_cp207,0.005497832282571835,1.0,drawdown
dd_p40_cp208,0.01961919303994364,1.0,drawdown
dd_p40_cp209,0.0027924347045882314,1.0,drawdown
dd_p40_cp210,0.011982140404143138,1.0,drawdown
dd_p40_cp211,0.001378035484776774,1.0,drawdown
dd_p41_cp0,1.1032730530268964,1.0,drawdown
dd_p41_cp1,0.008213144939418271,1.0,drawdown
dd_p41_cp2,1.4842243027765107,1.0,drawdown
dd_p41_cp3,0.012231538084961358,1.0,drawdown
dd_p41_cp4,1.9159417988289533,1.0,drawdown
dd_p41_cp5,0.017777304867649946,1.0,drawdown
dd_p41_cp6,2.361313148995123,1.0,drawdown
dd_p41_cp7,0.025192673614583327,1.0,drawdown
dd_p41_cp8,2.7621171503274127,1.0,drawdown
dd_p41_cp9,0.03483709501551857,1.0,drawdown
dd_p41_cp10,3.0481969033976384,1.0,drawdown
dd_p41_cp11,0.04708196146611954,1.0,drawdown
dd_p41_cp12,3.1588780306592525,1.0,drawdown
dd_p41_cp13,0.06231650483459816,1.0,drawdown
dd_p41_cp14,3.06965884880492,1.0,drawdown
dd_p41_cp15,0.0809569218681645,1.0,drawdown
dd_p41_cp16,2.8067162579327487,1.0,drawdown
dd_p41_cp17,0.10343557437909112,1.0,drawdown
dd_p41_cp18,2.4332949212894164,1.0,drawdown
dd_p41_cp19,0.13013377453671637,1.0,drawdown
dd_p41_cp20,2.0238769213478918,1.0,drawdown
dd_p41_cp21,0.1612239311216399,1.0,drawdown
dd_p41_cp22,1.6435516116175677,1.0,drawdown
dd_p41_cp23,0.19641751666449636,1.0,drawdown
dd_p41_cp24,1.3395158678017651,1.0,drawdown
dd_p41_cp25,0.2346729966266139,1.0,drawdown
dd_p41_cp26,1.1424001582840901,1.0,drawdown
dd_p41_cp27,0.27397717153507983,1.0,drawdown
dd_p41_cp28,1.07185556264767,1.0,drawdown
dd_p41_cp29,0.31133462670823064,1.0,drawdown
dd_p41_cp30,1.141906313265281,1.0,drawdown
dd_p41_cp31,0.34305850866030596,1.0,drawdown
dd_p41_cp32,1.363658365691208,1.0,drawdown
dd_p41_cp33,0.36535831350010994,1.0,drawdown
dd_p41_cp34,1.744393660644164,1.0,drawdown
dd_p41_cp35,0.37510182514324697,1.0,drawdown
dd_p41_cp36,2.282945018031114,1.0,drawdown
dd_p41_cp37,0.37053812146086784,1.0,drawdown
dd_p41_cp38,2.96216647824167,1.0,drawdown
dd_p41_cp39,0.35175152201736637,1.0,drawdown
dd_p41_cp40,3.7405757722331145,1.0,drawdown
dd_p41_cp41,0.32069158139938736,1.0,drawdown
dd_p41_cp42,4.5465490957421935,1.0,drawdown
dd_p41_cp43,0.28076690475654686,1.0,drawdown
dd_p41_cp44,5.27946756490428,1.0,drawdown
dd_p41_cp45,0.23613718477690782,1.0,drawdown
dd_p41_cp46,5.823496719437571,1.0,drawdown
dd_p41_cp47,0.1909250205844728,1.0,drawdown
dd_p41_cp48,6.08069188321997,1.0,drawdown
dd_p41_cp49,0.14856400692269744,1.0,drawdown
dd_p41_cp50,6.021880523223899,1.0,drawdown
dd_p41_cp51,0.111417751362751,1.0,drawdown
dd_p41_cp52,5.7212593818444475,1.0,drawdown
dd_p41_cp53,0.08069515271245109,1.0,drawdown
dd_p41_cp54,5.313408048615656,1.0,drawdown
dd_p41_cp55,0.05659957019406647,1.0,drawdown
dd_p41_cp56,4.935273884067101,1.0,drawdown
dd_p41_cp57,0.038608092718277476,1.0,drawdown
dd_p41_cp58,4.687404029499703,1.0,drawdown
dd_p41_cp59,0.02577989400788283,1.0,drawdown
dd_p41_cp60,4.615395183339842,1.0,drawdown
dd_p41_cp61,0.017022337746766425,1.0,drawdown
dd_p41_cp62,4.704479354041723,1.0,drawdown
dd_p41_cp63,0.01128055318031329,1.0,drawdown
dd_p41_cp64,4.882836729651899,1.0,drawdown
dd_p41_cp65,0.007646828051292687,1.0,drawdown
dd_p41_cp66,5.034900512648164,1.0,drawdown
dd_p41_cp67,0.005404499906035198,1.0,drawdown
dd_p41_cp68,5.033695003507319,1.0,drawdown
dd_p41_cp69,0.004027567196999371,1.0,drawdown
dd_p41_cp70,4.799172680916627,1.0,drawdown
dd_p41_cp71,0.0031557938827972976,1.0,drawdown
dd_p41_cp72,4.348111890221162,1.0,drawdown
dd_p41_cp73,0.0025599822467938793,1.0,drawdown
dd_p41_cp74,3.75516663172516,1.0,drawdown
dd_p41_cp75,0.0021065492276193254,1.0,drawdown
dd_p41_cp76,3.1043642323916174,1.0,drawdown
dd_p41_cp77,0.0017261686662095599,1.0,drawdown
dd_p41_cp78,2.4649586252544395,1.0,drawdown
dd_p41_cp79,0.0013883526389690815,1.0,drawdown
dd_p41_cp80,1.8846558145321524,1.0,drawdown
dd_p41_cp81,0.0010820745039836765,1.0,drawdown
dd_p41_cp82,1.3901973161014212,1.0,drawdown
dd_p41_cp83,0.0008013544936602557,1.0,drawdown
dd_p41_cp84,1.5641590352861385,1.0,drawdown
dd_p41_cp85,1.9414042944667926,1.0,drawdown
dd_p41_cp86,2.1394498246913827,1.0,drawdown
dd_p41_cp87,2.6344768933620344,1.0,drawdown
dd_p41_cp88,2.810599343346894,1.0,drawdown
dd_p41_cp89,3.47382829659,1.0,drawdown
dd_p41_cp90,3.5245044453204173,1.0,drawdown
dd_p41_cp91,4.450977415600619,1.0,drawdown
dd_p41_cp92,4.187457975272082,1.0,drawdown
dd_p41_cp93,5.540911825224384,1.0,drawdown
dd_p41_cp94,4.676610900489322,1.0,drawdown
dd_p41_cp95,6.698812234376419,1.0,drawdown
dd_p41_cp96,4.876940436331552,1.0,drawdown
dd_p41_cp97,7.854443108343958,1.0,drawdown
dd_p41_cp98,4.736201019412874,1.0,drawdown
dd_p41_cp99,8.896212601668367,1.0,drawdown
dd_p41_cp100,4.302569658690118,1.0,drawdown
dd_p41_cp101,9.649928356280725,1.0,drawdown
dd_p41_cp102,3.6870720720371537,1.0,drawdown
dd_p41_cp103,9.9176905805557,1.0,drawdown
dd_p41_cp104,3.009011015951728,1.0,drawdown
dd_p41_cp105,9.613102771023023,1.0,drawdown
dd_p41_cp106,2.359784030898936,1.0,drawdown
dd_p41_cp107,8.882420916548426,1.0,drawdown
dd_p41_cp108,1.7923347381465646,1.0,drawdown
dd_p41_cp109,7.980047353899181,1.0,drawdown
dd_p41_cp110,1.327647864426126,1.0,drawdown
dd_p41_cp111,7.122228287219059,1.0,drawdown
dd_p41_cp112,0.9665605388436234,1.0,drawdown
dd_p41_cp113,6.424096273945452,1.0,drawdown
dd_p41_cp114,0.7000221946786951,1.0,drawdown
dd_p41_cp115,5.892708757178525,1.0,drawdown
dd_p41_cp116,0.5160782519296845,1.0,drawdown
dd_p41_cp117,5.444106633502088,1.0,drawdown
dd_p41_cp118,0.40426127974023984,1.0,drawdown
dd_p41_cp119,4.945049150454906,1.0,drawdown
dd_p41_cp120,0.358414554200408,1.0,drawdown
dd_p41_cp121,4.300498041216997,1.0,drawdown
dd_p41_cp122,0.3785839651700371,1.0,drawdown
dd_p41_cp123,3.5533674361665817,1.0,drawdown
dd_p41_cp124,0.47221726652514917,1.0,drawdown
dd_p41_cp125,2.7989735813328025,1.0,drawdown
dd_p41_cp126,0.6546480196475386,1.0,drawdown
dd_p41_cp127,2.115212313834263,1.0,drawdown
dd_p41_cp128,0.9486262702830572,1.0,drawdown
dd_p41_cp129,1.5437787336063593,1.0,drawdown
dd_p41_cp130,1.3823799033475552,1.0,drawdown
dd_p41_cp131,1.0967509654453806,1.0,drawdown
dd_p41_cp132,1.9853046474459006,1.0,drawdown
dd_p41_cp133,0.7684928951505299,1.0,drawdown
dd_p41_cp134,2.780018541404388,1.0,drawdown
dd_p41_cp135,0.5455999022858578,1.0,drawdown
dd_p41_cp136,3.7697162310009844,1.0,drawdown
dd_p41_cp137,0.4137452539885089,1.0,drawdown
dd_p41_cp138,4.921484052579217,1.0,drawdown
dd_p41_cp139,0.36188217198514394,1.0,drawdown
dd_p41_cp140,6.149682695141109,1.0,drawdown
dd_p41_cp141,0.38439183705759206,1.0,drawdown
dd_p41_cp142,7.30568466250952,1.0,drawdown
dd_p41_cp143,0.4816177907762267,1.0,drawdown
dd_p41_cp144,8.178362275155905,1.0,drawdown
dd_p41_cp145,0.6590165121065183,1.0,drawdown
dd_p41_cp146,8.521380820262493,1.0,drawdown
dd_p41_cp147,0.9249494295102068,1.0,drawdown
dd_p41_cp148,8.177512712746648,1.0,drawdown
dd_p41_cp149,1.2870546701069543,1.0,drawdown
dd_p41_cp150,7.303852326724609,1.0,drawdown
dd_p41_cp151,1.7473137255985876,1.0,drawdown
dd_p41_cp152,6.146604656766158,1.0,drawdown
dd_p41_cp153,2.2965052520330573,1.0,drawdown
dd_p41_cp154,4.916776030072015,1.0,drawdown
dd_p41_cp155,2.909734615598154,1.0,drawdown
dd_p41_cp156,3.762885872156403,1.0,drawdown
dd_p41_cp157,3.545802386095147,1.0,drawdown
dd_p41_cp158,2.7704765995354137,1.0,drawdown
dd_p41_cp159,4.15329047533578,1.0,drawdown
dd_p41_cp160,1.9723510778908349,1.0,drawdown
dd_p41_cp161,4.683703073002789,1.0,drawdown
dd_p41_cp162,1.365114637359511,1.0,drawdown
dd_p41_cp163,5.105967397160384,1.0,drawdown
dd_p41_cp164,0.9256959195299714,1.0,drawdown
dd_p41_cp165,5.410790934524584,1.0,drawdown
dd_p41_cp166,0.6236949720196208,1.0,drawdown
dd_p41_cp167,5.597847046730294,1.0,drawdown
dd_p41_cp168,0.42885852099561816,1.0,drawdown
dd_p41_cp169,5.6574274407491885,1.0,drawdown
dd_p41_cp170,0.3147333527272167,1.0,drawdown
dd_p41_cp171,5.562979401074699,1.0,drawdown
dd_p41_cp172,0.259799293659853,1.0,drawdown
dd_p41_cp173,5.2839658331583905,1.0,drawdown
dd_p41_cp174,0.24709858994219758,1.0,drawdown
dd_p41_cp175,4.814513052777329,1.0,drawdown
dd_p41_cp176,0.2630913019702348,1.0,drawdown
dd_p41_cp177,4.193959276972464,1.0,drawdown
dd_p41_cp178,0.29630236994671577,1.0,drawdown
dd_p41_cp179,3.492703691244742,1.0,drawdown
dd_p41_cp180,0.33624640757307134,1.0,drawdown
dd_p41_cp181,2.7854107886378188,1.0,drawdown
dd_p41_cp182,0.37303598273229,1.0,drawdown
dd_p41_cp183,2.1318163737455507,1.0,drawdown
dd_p41_cp184,0.39789987801168536,1.0,drawdown
dd_p41_cp185,1.5692102488453656,1.0,drawdown
dd_p41_cp186,0.4044816735790846,1.0,drawdown
dd_p41_cp187,1.113150533797807,1.0,drawdown
dd_p41_cp188,0.39027802111695564,1.0,drawdown
dd_p41_cp189,0.7623631803364788,1.0,drawdown
dd_p41_cp190,0.3571903742167706,1.0,drawdown
dd_p41_cp191,0.5049187134450221,1.0,drawdown
dd_p41_cp192,0.31053376607360406,1.0,drawdown
dd_p41_cp193,0.323871472255405,1.0,drawdown
dd_p41_cp194,0.2571142005826914,1.0,drawdown
dd_p41_cp195,0.20145826842463066,1.0,drawdown
dd_p41_cp196,0.20336017421732322,1.0,drawdown
dd_p41_cp197,0.12166529706905749,1.0,drawdown
dd_p41_cp198,0.15411869880654194,1.0,drawdown
dd_p41_cp199,0.07141233265019764,1.0,drawdown
dd_p41_cp200,0.11223800836978626,1.0,drawdown
dd_p41_cp201,0.04077662430586315,1.0,drawdown
dd_p41_cp202,0.0787482322057258,1.0,drawdown
dd_p41_cp203,0.022668852427614183,1.0,drawdown
dd_p41_cp204,0.05335098199384447,1.0,drawdown
dd_p41_cp205,0.0122768316418842,1.0,drawdown
dd_p41_cp206,0.034970413790688326,1.0,drawdown
dd_p41_cp207,0.006478455683463835,1.0,drawdown
dd_p41_cp208,0.022215986311493907,1.0,drawdown
dd_p41_cp209,0.003329138332446746,1.0,drawdown
dd_p41_cp210,0.013699834798444499,1.0,drawdown
dd_p41_cp211,0.0016621670820313739,1.0,drawdown
dd_p42_cp0,1.1662242114507535,1.0,drawdown
dd_p42_cp1,0.009436854884825152,1.0,drawdown
dd_p42_cp2,1.561265079461009,1.0,drawdown
dd_p42_cp3,0.013969859544431529,1.0,drawdown
dd_p42_cp4,2.0064689214818827,1.0,drawdown
dd_p42_cp5,0.020199748856157385,1.0,drawdown
dd_p42_cp6,2.463202397180794,1.0,drawdown
dd_p42_cp7,0.02849825239900383,1.0,drawdown
dd_p42_cp8,2.872235375935361,1.0,drawdown
dd_p42_cp9,0.03925456839488106,1.0,drawdown
dd_p42_cp10,3.1633389929584155,1.0,drawdown
dd_p42_cp11,0.052867643006720755,1.0,drawdown
dd_p42_cp12,3.276294065201,1.0,drawdown
dd_p42_cp13,0.06974885050294688,1.0,drawdown
dd_p42_cp14,3.1868685297295087,1.0,drawdown
dd_p42_cp15,0.0903264097896681,1.0,drawdown
dd_p42_cp16,2.921218257768942,1.0,drawdown
dd_p42_cp17,0.1150280662473051,1.0,drawdown
dd_p42_cp18,2.5424214816084714,1.0,drawdown
dd_p42_cp19,0.14420624735703313,1.0,drawdown
dd_p42_cp20,2.125393388444081,1.0,drawdown
dd_p42_cp21,0.17797345404005682,1.0,drawdown
dd_p42_cp22,1.7366803377340148,1.0,drawdown
dd_p42_cp23,0.21594707828126047,1.0,drawdown
dd_p42_cp24,1.425519274398539,1.0,drawdown
dd_p42_cp25,0.2569600209330929,1.0,drawdown
dd_p42_cp26,1.2244259071185297,1.0,drawdown
dd_p42_cp27,0.29885099749662913,1.0,drawdown
dd_p42_cp28,1.1543080930459837,1.0,drawdown
dd_p42_cp29,0.33846736054420035,1.0,drawdown
dd_p42_cp30,1.2296525520091564,1.0,drawdown
dd_p42_cp31,0.3719705373055149,1.0,drawdown
dd_p42_cp32,1.4611954031752248,1.0,drawdown
dd_p42_cp33,0.395437368302737,1.0,drawdown
dd_p42_cp34,1.8550397823396452,1.0,drawdown
dd_p42_cp35,0.405633941339147,1.0,drawdown
dd_p42_cp36,2.408222680049221,1.0,drawdown
dd_p42_cp37,0.4007494148359001,1.0,drawdown
dd_p42_cp38,3.101665238145415,1.0,drawdown
dd_p42_cp39,0.3808597296451808,1.0,drawdown
dd_p42_cp40,3.8924772907384977,1.0,drawdown
dd_p42_cp41,0.3479647932840635,1.0,drawdown
dd_p42_cp42,4.708590630498293,1.0,drawdown
dd_p42_cp43,0.3055839510848273,1.0,drawdown
dd_p42_cp44,5.449766446407921,1.0,drawdown
dd_p42_cp45,0.25804096394995213,1.0,drawdown
dd_p42_cp46,6.000839302080749,1.0,drawdown
dd_p42_cp47,0.20965858218323774,1.0,drawdown
dd_p42_cp48,6.264317300765015,1.0,drawdown
dd_p42_cp49,0.1640812157011169,1.0,drawdown
dd_p42_cp50,6.2110570578997795,1.0,drawdown
dd_p42_cp51,0.12386597402610278,1.0,drawdown
dd_p42_cp52,5.9155539227585905,1.0,drawdown
dd_p42_cp53,0.09037437836241224,1.0,drawdown
dd_p42_cp54,5.512150236243997,1.0,drawdown
dd_p42_cp55,0.06390766047888974,1.0,drawdown
dd_p42_cp56,5.1372253258505225,1.0,drawdown
dd_p42_cp57,0.043983665651012416,1.0,drawdown
dd_p42_cp58,4.891035363443734,1.0,drawdown
dd_p42_cp59,0.02965273078143582,1.0,drawdown
dd_p42_cp60,4.819701415699001,1.0,drawdown
dd_p42_cp61,0.019777455372150143,1.0,drawdown
dd_p42_cp62,4.9094810921292265,1.0,drawdown
dd_p42_cp63,0.013237837142696662,1.0,drawdown
dd_p42_cp64,5.088652450297559,1.0,drawdown
dd_p42_cp65,0.009054664665200107,1.0,drawdown
dd_p42_cp66,5.239620161811445,1.0,drawdown
dd_p42_cp67,0.006443830400257866,1.0,drawdown
dd_p42_cp68,5.232591222209294,1.0,drawdown
dd_p42_cp69,0.004822208107952974,1.0,drawdown
dd_p42_cp70,4.98685307842743,1.0,drawdown
dd_p42_cp71,0.003785328784260855,1.0,drawdown
dd_p42_cp72,4.519185192020359,1.0,drawdown
dd_p42_cp73,0.0030725078563591524,1.0,drawdown
dd_p42_cp74,3.906914688403049,1.0,drawdown
dd_p42_cp75,0.0025296243018146924,1.0,drawdown
dd_p42_cp76,3.2366880141892125,1.0,drawdown
dd_p42_cp77,0.0020752089842517307,1.0,drawdown
dd_p42_cp78,2.5787440430231072,1.0,drawdown
dd_p42_cp79,0.0016723376606933016,1.0,drawdown
dd_p42_cp80,1.9807625408957392,1.0,drawdown
dd_p42_cp81,0.00130677460424522,1.0,drawdown
dd_p42_cp82,1.4694173817201772,1.0,drawdown
dd_p42_cp83,0.0009703828275178239,1.0,drawdown
dd_p42_cp84,1.6440920043114602,1.0,drawdown
dd_p42_cp85,2.0427338379793127,1.0,drawdown
dd_p42_cp86,2.2367173729426213,1.0,drawdown
dd_p42_cp87,2.7620158164768327,1.0,drawdown
dd_p42_cp88,2.9232450175513804,1.0,drawdown
dd_p42_cp89,3.631947614365572,1.0,drawdown
dd_p42_cp90,3.648434884656126,1.0,drawdown
dd_p42_cp91,4.643429908315966,1.0,drawdown
dd_p42_cp92,4.318071043100645,1.0,drawdown
dd_p42_cp93,5.769088043890406,1.0,drawdown
dd_p42_cp94,4.81075346063426,1.0,drawdown
dd_p42_cp95,6.959666915970956,1.0,drawdown
dd_p42_cp96,5.013066708550468,1.0,drawdown
dd_p42_cp97,8.139266880793457,1.0,drawdown
dd_p42_cp98,4.873165290473935,1.0,drawdown
dd_p42_cp99,9.19184109492221,1.0,drawdown
dd_p42_cp100,4.438675343459636,1.0,drawdown
dd_p42_cp101,9.945358556712108,1.0,drawdown
dd_p42_cp102,3.818873329689268,1.0,drawdown
dd_p42_cp103,10.212159560028567,1.0,drawdown
dd_p42_cp104,3.1314965573810696,1.0,drawdown
dd_p42_cp105,9.91122122378124,1.0,drawdown
dd_p42_cp106,2.4683869152036095,1.0,drawdown
dd_p42_cp107,9.184282286505777,1.0,drawdown
dd_p42_cp108,1.8846407327687302,1.0,drawdown
dd_p42_cp109,8.276698214869384,1.0,drawdown
dd_p42_cp110,1.4036635209845372,1.0,drawdown
dd_p42_cp111,7.403860365648825,1.0,drawdown
dd_p42_cp112,1.0280281899713373,1.0,drawdown
dd_p42_cp113,6.685804006192257,1.0,drawdown
dd_p42_cp114,0.7496103469593436,1.0,drawdown
dd_p42_cp115,6.133775313461683,1.0,drawdown
dd_p42_cp116,0.5568537451108568,1.0,drawdown
dd_p42_cp117,5.664329162050535,1.0,drawdown
dd_p42_cp118,0.4394539522568266,1.0,drawdown
dd_p42_cp119,5.142343739104263,1.0,drawdown
dd_p42_cp120,0.39134723690585815,1.0,drawdown
dd_p42_cp121,4.473202771554725,1.0,drawdown
dd_p42_cp122,0.4126574571364472,1.0,drawdown
dd_p42_cp123,3.6993097782294626,1.0,drawdown
dd_p42_cp124,0.5108831537377228,1.0,drawdown
dd_p42_cp125,2.918701841367465,1.0,drawdown
dd_p42_cp126,0.7013194290825595,1.0,drawdown
dd_p42_cp127,2.211563161580443,1.0,drawdown
dd_p42_cp128,1.006467801922554,1.0,drawdown
dd_p42_cp129,1.6204599333716487,1.0,drawdown
dd_p42_cp130,1.4539066892530172,1.0,drawdown
dd_p42_cp131,1.1575129139505407,1.0,drawdown
dd_p42_cp132,2.071773333073452,1.0,drawdown
dd_p42_cp133,0.8169505204898542,1.0,drawdown
dd_p42_cp134,2.880855130948021,1.0,drawdown
dd_p42_cp135,0.585355410700231,1.0,drawdown
dd_p42_cp136,3.8828082246513986,1.0,drawdown
dd_p42_cp137,0.44852898253157036,1.0,drawdown
dd_p42_cp138,5.045605921724018,1.0,drawdown
dd_p42_cp139,0.39562115623539285,1.0,drawdown
dd_p42_cp140,6.288868320928486,1.0,drawdown
dd_p42_cp141,0.4212227761181566,1.0,drawdown
dd_p42_cp142,7.4703354427215345,1.0,drawdown
dd_p42_cp143,0.5258639063827104,1.0,drawdown
dd_p42_cp144,8.374436582619182,1.0,drawdown
dd_p42_cp145,0.7151135802189401,1.0,drawdown
dd_p42_cp146,8.732846702102961,1.0,drawdown
dd_p42_cp147,0.9972844094365882,1.0,drawdown
dd_p42_cp148,8.373449442127367,1.0,drawdown
dd_p42_cp149,1.3796860806301083,1.0,drawdown
dd_p42_cp150,7.468215599563337,1.0,drawdown
dd_p42_cp151,1.863576000432431,1.0,drawdown
dd_p42_cp152,6.285329713519332,1.0,drawdown
dd_p42_cp153,2.438554642366171,1.0,drawdown
dd_p42_cp154,5.040233206820631,1.0,drawdown
dd_p42_cp155,3.0781551226091324,1.0,drawdown
dd_p42_cp156,3.8750733547808522,1.0,drawdown
dd_p42_cp157,3.7394135492443183,1.0,drawdown
dd_p42_cp158,2.8701304510095724,1.0,drawdown
dd_p42_cp159,4.369225648376414,1.0,drawdown
dd_p42_cp160,2.057315014559208,1.0,drawdown
dd_p42_cp161,4.917670803132751,1.0,drawdown
dd_p42_cp162,1.4347535795604927,1.0,drawdown
dd_p42_cp163,5.352559889204713,1.0,drawdown
dd_p42_cp164,0.9811613706151547,1.0,drawdown
dd_p42_cp165,5.663888745358463,1.0,drawdown
dd_p42_cp166,0.6673062951299471,1.0,drawdown
dd_p42_cp167,5.8511237582704325,1.0,drawdown
dd_p42_cp168,0.4634254742336452,1.0,drawdown
dd_p42_cp169,5.904827981149992,1.0,drawdown
dd_p42_cp170,0.34306818991854016,1.0,drawdown
dd_p42_cp171,5.79901839527929,1.0,drawdown
dd_p42_cp172,0.2844115896141375,1.0,drawdown
dd_p42_cp173,5.503947268828142,1.0,drawdown
dd_p42_cp174,0.27001967407886696,1.0,drawdown
dd_p42_cp175,5.014769004210848,1.0,drawdown
dd_p42_cp176,0.28579157480180584,1.0,drawdown
dd_p42_cp177,4.37219906111136,1.0,drawdown
dd_p42_cp178,0.3196812686874182,1.0,drawdown
dd_p42_cp179,3.6480218101064565,1.0,drawdown
dd_p42_cp180,0.36067863843800296,1.0,drawdown
dd_p42_cp181,2.9180097542998737,1.0,drawdown
dd_p42_cp182,0.39845386750312173,1.0,drawdown
dd_p42_cp183,2.242580873075667,1.0,drawdown
dd_p42_cp184,0.42389297589670605,1.0,drawdown
dd_p42_cp185,1.6594424294348755,1.0,drawdown
dd_p42_cp186,0.4304082761073005,1.0,drawdown
dd_p42_cp187,1.1845496018618178,1.0,drawdown
dd_p42_cp188,0.41538983260625173,1.0,drawdown
dd_p42_cp189,0.8170645682005215,1.0,drawdown
dd_p42_cp190,0.38075410412375277,1.0,drawdown
dd_p42_cp191,0.5454214285928174,1.0,drawdown
dd_p42_cp192,0.3319287025342419,1.0,drawdown
dd_p42_cp193,0.35283841457840026,1.0,drawdown
dd_p42_cp194,0.27589234181323263,1.0,drawdown
dd_p42_cp195,0.2214740373397035,1.0,drawdown
dd_p42_cp196,0.21927659603716165,1.0,drawdown
dd_p42_cp197,0.13503754023258807,1.0,drawdown
dd_p42_cp198,0.16713769919306287,1.0,drawdown
dd_p42_cp199,0.08005776079448879,1.0,drawdown
dd_p42_cp200,0.12251258618107386,1.0,drawdown
dd_p42_cp201,0.046190604795356194,1.0,drawdown
dd_p42_cp202,0.08657473120138093,1.0,drawdown
dd_p42_cp203,0.02595553823971386,1.0,drawdown
dd_p42_cp204,0.05910997351611513,1.0,drawdown
dd_p42_cp205,0.014212310262564642,1.0,drawdown
dd_p42_cp206,0.03906848802807872,1.0,drawdown
dd_p42_cp207,0.007584324642266438,1.0,drawdown
dd_p42_cp208,0.02503963981189372,1.0,drawdown
dd_p42_cp209,0.00394180316470738,1.0,drawdown
dd_p42_cp210,0.015586209179218713,1.0,drawdown
dd_p42_cp211,0.0019904607743228553,1.0,drawdown
dd_p43_cp0,1.2299229458926675,1.0,drawdown
dd_p43_cp1,0.010788643076466542,1.0,drawdown
dd_p43_cp2,1.6384339474543594,1.0,drawdown
dd_p43_cp3,0.01587797801630586,1.0,drawdown
dd_p43_cp4,2.0961869160514652,1.0,drawdown
dd_p43_cp5,0.022844155603252148,1.0,drawdown
dd_p43_cp6,2.5632502797598136,1.0,drawdown
dd_p43_cp7,0.03208870360731453,1.0,drawdown
dd_p43_cp8,2.9796917448561544,1.0,drawdown
dd_p43_cp9,0.04403040574152328,1.0,drawdown
dd_p43_cp10,3.275357773939959,1.0,drawdown
dd_p43_cp11,0.059094747172366624,1.0,drawdown
dd_p43_cp12,3.3904659773611456,1.0,drawdown
dd_p43_cp13,0.07771293775340382,1.0,drawdown
dd_p43_cp14,3.3011111719765722,1.0,drawdown
dd_p43_cp15,0.10032125957195603,1.0,drawdown
dd_p43_cp16,3.033383932184279,1.0,drawdown
dd_p43_cp17,0.1273372015048153,1.0,drawdown
dd_p43_cp18,2.6502257168854157,1.0,drawdown
dd_p43_cp19,0.15907755570742665,1.0,drawdown
dd_p43_cp20,2.2268442183731167,1.0,drawdown
dd_p43_cp21,0.1955882868792287,1.0,drawdown
dd_p43_cp22,1.830933315184211,1.0,drawdown
dd_p43_cp23,0.23638779941211396,1.0,drawdown
dd_p43_cp24,1.5135280440435963,1.0,drawdown
dd_p43_cp25,0.28018162880061936,1.0,drawdown
dd_p43_cp26,1.3089602502896014,1.0,drawdown
dd_p43_cp27,0.32466228292742016,1.0,drawdown
dd_p43_cp28,1.2394253738366388,1.0,drawdown
dd_p43_cp29,0.3665249374348605,1.0,drawdown
dd_p43_cp30,1.3199042603341695,1.0,drawdown
dd_p43_cp31,0.4017861988945697,1.0,drawdown
dd_p43_cp32,1.560774114205742,1.0,drawdown
dd_p43_cp33,0.42639736197952516,1.0,drawdown
dd_p43_cp34,1.967004502806958,1.0,drawdown
dd_p43_cp35,0.4370286525654592,1.0,drawdown
dd_p43_cp36,2.533982447452672,1.0,drawdown
dd_p43_cp37,0.43181269488331964,1.0,drawdown
dd_p43_cp38,3.240936718472767,1.0,drawdown
dd_p43_cp39,0.4108172334408664,1.0,drawdown
dd_p43_cp40,4.043792648998533,1.0,drawdown
dd_p43_cp41,0.3760893485832639,1.0,drawdown
dd_p43_cp42,4.870117667764134,1.0,drawdown
dd_p43_cp43,0.33125317718076985,1.0,drawdown
dd_p43_cp44,5.619975544763747,1.0,drawdown
dd_p43_cp45,0.28078922773147497,1.0,drawdown
dd_p43_cp46,6.178638829404463,1.0,drawdown
dd_p43_cp47,0.2292137138410908,1.0,drawdown
dd_p43_cp48,6.448661110669946,1.0,drawdown
dd_p43_cp49,0.18037780069653309,1.0,drawdown
dd_p43_cp50,6.400778497924875,1.0,drawdown
dd_p43_cp51,0.13703186232396547,1.0,drawdown
dd_p43_cp52,6.10994155281378,1.0,drawdown
dd_p43_cp53,0.10069359641011033,1.0,drawdown
dd_p43_cp54,5.710726108401559,1.0,drawdown
dd_p43_cp55,0.0717683528573616,1.0,drawdown
dd_p43_cp56,5.33931074812881,1.0,drawdown
dd_p43_cp57,0.04982202662131385,1.0,drawdown
dd_p43_cp58,5.095874787690718,1.0,drawdown
dd_p43_cp59,0.0339028491348472,1.0,drawdown
dd_p43_cp60,5.026924725224944,1.0,drawdown
dd_p43_cp61,0.02283367210338838,1.0,drawdown
dd_p43_cp62,5.1190446822624835,1.0,drawdown
dd_p43_cp63,0.015432152733865223,1.0,drawdown
dd_p43_cp64,5.2996133683068365,1.0,drawdown
dd_p43_cp65,0.010648237350324052,1.0,drawdown
dd_p43_cp66,5.448764780875308,1.0,drawdown
dd_p43_cp67,0.007629395746334922,1.0,drawdown
dd_p43_cp68,5.435299826677237,1.0,drawdown
dd_p43_cp69,0.005733429739848361,1.0,drawdown
dd_p43_cp70,5.179001858457241,1.0,drawdown
dd_p43_cp71,0.004509345656060759,1.0,drawdown
dd_p43_cp72,4.6956620410946925,1.0,drawdown
dd_p43_cp73,0.003662799657377036,1.0,drawdown
dd_p43_cp74,4.063937339238464,1.0,drawdown
dd_p43_cp75,0.003017344134832456,1.0,drawdown
dd_p43_cp76,3.3732404051570484,1.0,drawdown
dd_p43_cp77,0.0024780478536285955,1.0,drawdown
dd_p43_cp78,2.6955681754534453,1.0,drawdown
dd_p43_cp79,0.0020006545034902956,1.0,drawdown
dd_p43_cp80,2.079055374578047,1.0,drawdown
dd_p43_cp81,0.0015671171731810318,1.0,drawdown
dd_p43_cp82,1.5503676913067466,1.0,drawdown
dd_p43_cp83,0.001166655328916022,1.0,drawdown
dd_p43_cp84,1.7240107706884373,1.0,drawdown
dd_p43_cp85,2.1462888805665443,1.0,drawdown
dd_p43_cp86,2.3326389082603782,1.0,drawdown
dd_p43_cp87,2.892437921475448,1.0,drawdown
dd_p43_cp88,3.0328804625019075,1.0,drawdown
dd_p43_cp89,3.7934945611775674,1.0,drawdown
dd_p43_cp90,3.767929443952198,1.0,drawdown
dd_p43_cp91,4.839133106567488,1.0,drawdown
dd_p43_cp92,4.4434721581933445,1.0,drawdown
dd_p43_cp93,5.998846512002501,1.0,drawdown
dd_p43_cp94,4.9392826929092735,1.0,drawdown
dd_p43_cp95,7.2185081481156885,1.0,drawdown
dd_p43_cp96,5.143283487438566,1.0,drawdown
dd_p43_cp97,8.417037161476856,1.0,drawdown
dd_p43_cp98,5.004603247755767,1.0,drawdown
dd_p43_cp99,9.475952350060197,1.0,drawdown
dd_p43_cp100,4.569738949948714,1.0,drawdown
dd_p43_cp101,10.228194531170857,1.0,drawdown
dd_p43_cp102,3.9464844527446985,1.0,drawdown
dd_p43_cp103,10.494758121249106,1.0,drawdown
dd_p43_cp104,3.251286764381348,1.0,drawdown
dd_p43_cp105,10.196117214646165,1.0,drawdown
dd_p43_cp106,2.576025086732443,1.0,drawdown
dd_p43_cp107,9.473676477834942,1.0,drawdown
dd_p43_cp108,1.9773820543982765,1.0,drawdown
dd_p43_cp109,8.565407896219995,1.0,drawdown
dd_p43_cp110,1.480948183224882,1.0,drawdown
dd_p43_cp111,7.6826770730144744,1.0,drawdown
dd_p43_cp112,1.0911230479341611,1.0,drawdown
dd_p43_cp113,6.947930829152938,1.0,drawdown
dd_p43_cp114,0.8009117538645114,1.0,drawdown
dd_p43_cp115,6.3757512720089835,1.0,drawdown
dd_p43_cp116,0.5993192653236292,1.0,drawdown
dd_p43_cp117,5.883541358170078,1.0,drawdown
dd_p43_cp118,0.47628788559359236,1.0,drawdown
dd_p43_cp119,5.337081214185673,1.0,drawdown
dd_p43_cp120,0.4258715456785467,1.0,drawdown
dd_p43_cp121,4.6449722650468175,1.0,drawdown
dd_p43_cp122,0.4482634398209484,1.0,drawdown
dd_p43_cp123,3.8466947216763856,1.0,drawdown
dd_p43_cp124,0.5509823555726143,1.0,drawdown
dd_p43_cp125,3.040835528777734,1.0,drawdown
dd_p43_cp126,0.7492310690859085,1.0,drawdown
dd_p43_cp127,2.3102226351472837,1.0,drawdown
dd_p43_cp128,1.0651848736733882,1.0,drawdown
dd_p43_cp129,1.6990602783191662,1.0,drawdown
dd_p43_cp130,1.5257076193411194,1.0,drawdown
dd_p43_cp131,1.2198972857552235,1.0,drawdown
dd_p43_cp132,2.1577729836421895,1.0,drawdown
dd_p43_cp133,0.8669124513826318,1.0,drawdown
dd_p43_cp134,2.9809195835978244,1.0,drawdown
dd_p43_cp135,0.6266372617310481,1.0,drawdown
dd_p43_cp136,3.9966896972914583,1.0,drawdown
dd_p43_cp137,0.4849469053001485,1.0,drawdown
dd_p43_cp138,5.175890158727725,1.0,drawdown
dd_p43_cp139,0.43115640382029596,1.0,drawdown
dd_p43_cp140,6.443858160232594,1.0,drawdown
dd_p43_cp141,0.4600525607495456,1.0,drawdown
dd_p43_cp142,7.660745642138863,1.0,drawdown
dd_p43_cp143,0.5723377740137039,1.0,drawdown
dd_p43_cp144,8.599640896259643,1.0,drawdown
dd_p43_cp145,0.7736643757502861,1.0,drawdown
dd_p43_cp146,8.970915097861507,1.0,drawdown
dd_p43_cp147,1.0722459586950208,1.0,drawdown
dd_p43_cp148,8.598502075367833,1.0,drawdown
dd_p43_cp149,1.4749961079953664,1.0,drawdown
dd_p43_cp150,7.658310066481135,1.0,drawdown
dd_p43_cp151,1.9823780215222087,1.0,drawdown
dd_p43_cp152,6.43981670911171,1.0,drawdown
dd_p43_cp153,2.5827708854039884,1.0,drawdown
dd_p43_cp154,5.169796728625897,1.0,drawdown
dd_p43_cp155,3.2481586742637774,1.0,drawdown
dd_p43_cp156,3.9879810564266336,1.0,drawdown
dd_p43_cp157,3.9339262159412556,1.0,drawdown
dd_p43_cp158,2.9689300065888347,1.0,drawdown
dd_p43_cp159,4.585456120029676,1.0,drawdown
dd_p43_cp160,2.141714108794986,1.0,drawdown
dd_p43_cp161,5.151556674590665,1.0,drawdown
dd_p43_cp162,1.5045539116690634,1.0,drawdown
dd_p43_cp163,5.599022231872823,1.0,drawdown
dd_p43_cp164,1.0373650438891673,1.0,drawdown
dd_p43_cp165,5.917196073523655,1.0,drawdown
dd_p43_cp166,0.7119824687338223,1.0,drawdown
dd_p43_cp167,6.10523813525424,1.0,drawdown
dd_p43_cp168,0.4991922210042503,1.0,drawdown
dd_p43_cp169,6.153771165150147,1.0,drawdown
dd_p43_cp170,0.3726179475288518,1.0,drawdown
dd_p43_cp171,6.037192424026671,1.0,drawdown
dd_p43_cp172,0.31018484609467123,1.0,drawdown
dd_p43_cp173,5.726388222515197,1.0,drawdown
dd_p43_cp174,0.2940118696474201,1.0,drawdown
dd_p43_cp175,5.217500154407844,1.0,drawdown
dd_p43_cp176,0.3094611920846546,1.0,drawdown
dd_p43_cp177,4.552690784129254,1.0,drawdown
dd_p43_cp178,0.3439342878523348,1.0,drawdown
dd_p43_cp179,3.8052625869822805,1.0,drawdown
dd_p43_cp180,0.3859078144787418,1.0,drawdown
dd_p43_cp181,3.0521943747605746,1.0,drawdown
dd_p43_cp182,0.424611543510764,1.0,drawdown
dd_p43_cp183,2.354685758006781,1.0,drawdown
dd_p43_cp184,0.4505836424359586,1.0,drawdown
dd_p43_cp185,1.7509134483750586,1.0,drawdown
dd_p43_cp186,0.4569997710750613,1.0,drawdown
dd_p43_cp187,1.257192497547976,1.0,drawdown
dd_p43_cp188,0.4411395052484295,1.0,drawdown
dd_p43_cp189,0.8730354205342792,1.0,drawdown
dd_p43_cp190,0.4049311213134388,1.0,drawdown
dd_p43_cp191,0.5871698740131706,1.0,drawdown
dd_p43_cp192,0.3539139967283518,1.0,drawdown
dd_p43_cp193,0.3829536774533153,1.0,drawdown
dd_p43_cp194,0.2952404867783116,1.0,drawdown
dd_p43_cp195,0.24248080280631257,1.0,drawdown
dd_p43_cp196,0.23574269815753723,1.0,drawdown
dd_p43_cp197,0.1492138589987917,1.0,drawdown
dd_p43_cp198,0.1806794942790475,1.0,drawdown
dd_p43_cp199,0.08932021040914151,1.0,drawdown
dd_p43_cp200,0.13327056736034137,1.0,drawdown
dd_p43_cp201,0.052054788058057966,1.0,drawdown
dd_p43_cp202,0.09483143165152796,1.0,drawdown
dd_p43_cp203,0.029555883819739392,1.0,drawdown
dd_p43_cp204,0.06523576310837598,1.0,drawdown
dd_p43_cp205,0.016357097033278478,1.0,drawdown
dd_p43_cp206,0.04346600720191418,1.0,drawdown
dd_p43_cp207,0.008824228190860595,1.0,drawdown
dd_p43_cp208,0.028097731535126513,1.0,drawdown
dd_p43_cp209,0.004636873359686433,1.0,drawdown
dd_p43_cp210,0.017649049669216765,1.0,drawdown
dd_p43_cp211,0.0023673072134897666,1.0,drawdown
dd_p44_cp0,1.2940990294778203,1.0,drawdown
dd_p44_cp1,0.012275501422209345,1.0,drawdown
dd_p44_cp2,1.7154105302911375,1.0,drawdown
dd_p44_cp3,0.01796365027075808,1.0,drawdown
dd_p44_cp4,2.1848252184618104,1.0,drawdown
dd_p44_cp5,0.02571887120075189,1.0,drawdown
dd_p44_cp6,2.6613161986360865,1.0,drawdown
dd_p44_cp7,0.03597254582518872,1.0,drawdown
dd_p44_cp8,3.0844343837393353,1.0,drawdown
dd_p44_cp9,0.049172598930454114,1.0,drawdown
dd_p44_cp10,3.3841689285654866,1.0,drawdown
dd_p44_cp11,0.06576971379126917,1.0,drawdown
dd_p44_cp12,3.5012711016165667,1.0,drawdown
dd_p44_cp13,0.08621228559377414,1.0,drawdown
dd_p44_cp14,3.412308506242425,1.0,drawdown
dd_p44_cp15,0.11094042323747999,1.0,drawdown
dd_p44_cp16,3.143172626480464,1.0,drawdown
dd_p44_cp17,0.14035564968571634,1.0,drawdown
dd_p44_cp18,2.7565812222615023,1.0,drawdown
dd_p44_cp19,0.17473265088574408,1.0,drawdown
dd_p44_cp20,2.327971671447358,1.0,drawdown
dd_p44_cp21,0.2140448934824235,1.0,drawdown
dd_p44_cp22,1.9259942005646735,1.0,drawdown
dd_p44_cp23,0.2577078071667529,1.0,drawdown
dd_p44_cp24,1.603256444717772,1.0,drawdown
dd_p44_cp25,0.30429865358883035,1.0,drawdown
dd_p44_cp26,1.3957808510363066,1.0,drawdown
dd_p44_cp27,0.3513661744250385,1.0,drawdown
dd_p44_cp28,1.327031004964283,1.0,drawdown
dd_p44_cp29,0.39545851759066863,1.0,drawdown
dd_p44_cp30,1.412506581822072,1.0,drawdown
dd_p44_cp31,0.43245409932796974,1.0,drawdown
dd_p44_cp32,1.6622657635202813,1.0,drawdown
dd_p44_cp33,0.45818540700611265,1.0,drawdown
dd_p44_cp34,2.080226606574797,1.0,drawdown
dd_p44_cp35,0.46923238325234706,1.0,drawdown
dd_p44_cp36,2.6602855922110393,1.0,drawdown
dd_p44_cp37,0.46367446641124843,1.0,drawdown
dd_p44_cp38,3.3801971522966596,1.0,drawdown
dd_p44_cp39,0.441571586324244,1.0,drawdown
dd_p44_cp40,4.194893846708055,1.0,drawdown
dd_p44_cp41,0.4050151949750216,1.0,drawdown
dd_p44_cp42,5.031651470934776,1.0,drawdown
dd_p44_cp43,0.3577286940017075,1.0,drawdown
dd_p44_cp44,5.7907363330023145,1.0,drawdown
dd_p44_cp45,0.30434226849138213,1.0,drawdown
dd_p44_cp46,6.357573429540025,1.0,drawdown
dd_p44_cp47,0.24955876161493507,1.0,drawdown
dd_p44_cp48,6.63442825896027,1.0,drawdown
dd_p44_cp49,0.19743141776461925,1.0,drawdown
dd_p44_cp50,6.5917574095133205,1.0,drawdown
dd_p44_cp51,0.15090269615711804,1.0,drawdown
dd_p44_cp52,6.305155827828457,1.0,drawdown
dd_p44_cp53,0.11164902648988573,1.0,drawdown
dd_p44_cp54,5.909834753897485,1.0,drawdown
dd_p44_cp55,0.08018531485868152,1.0,drawdown
dd_p44_cp56,5.542146874791342,1.0,drawdown
dd_p44_cp57,0.05613232783935018,1.0,drawdown
dd_p44_cp58,5.302289761667453,1.0,drawdown
dd_p44_cp59,0.03854281995654674,1.0,drawdown
dd_p44_cp60,5.236791639362309,1.0,drawdown
dd_p44_cp61,0.02620512035991851,1.0,drawdown
dd_p44_cp62,5.3317485902898625,1.0,drawdown
dd_p44_cp63,0.01787774553804411,1.0,drawdown
dd_p44_cp64,5.512993339805689,1.0,drawdown
dd_p44_cp65,0.012440937870451307,1.0,drawdown
dd_p44_cp66,5.658978218704078,1.0,drawdown
dd_p44_cp67,0.008973213364697585,1.0,drawdown
dd_p44_cp68,5.638598406992514,1.0,drawdown
dd_p44_cp69,0.006771699863293179,1.0,drawdown
dd_p44_cp70,5.372287322486727,1.0,drawdown
dd_p44_cp71,0.005336809294703926,1.0,drawdown
dd_p44_cp72,4.874836428519529,1.0,drawdown
dd_p44_cp73,0.004338476535394875,1.0,drawdown
dd_p44_cp74,4.224776994943795,1.0,drawdown
dd_p44_cp75,0.0035761665553764033,1.0,drawdown
dd_p44_cp76,3.5136019773408407,1.0,drawdown
dd_p44_cp77,0.0029401439765024406,1.0,drawdown
dd_p44_cp78,2.8155146492413223,1.0,drawdown
dd_p44_cp79,0.0023778765462338924,1.0,drawdown
dd_p44_cp80,2.1797294626248913,1.0,drawdown
dd_p44_cp81,0.0018668460936623887,1.0,drawdown
dd_p44_cp82,1.6331907060848607,1.0,drawdown
dd_p44_cp83,0.0013930797495049774,1.0,drawdown
dd_p44_cp84,1.8035841552664351,1.0,drawdown
dd_p44_cp85,2.2522247488820994,1.0,drawdown
dd_p44_cp86,2.4269766838865507,1.0,drawdown
dd_p44_cp87,3.025747362838729,1.0,drawdown
dd_p44_cp88,3.1395347135817246,1.0,drawdown
dd_p44_cp89,3.9580256252552317,1.0,drawdown
dd_p44_cp90,3.883209505317609,1.0,drawdown
dd_p44_cp91,5.036902005567754,1.0,drawdown
dd_p44_cp92,4.563589564208996,1.0,drawdown
dd_p44_cp93,6.228320957576443,1.0,drawdown
dd_p44_cp94,5.061429130716078,1.0,drawdown
dd_p44_cp95,7.4735759087834595,1.0,drawdown
dd_p44_cp96,5.266527576607132,1.0,drawdown
dd_p44_cp97,8.687637603488383,1.0,drawdown
dd_p44_cp98,5.129741934169033,1.0,drawdown
dd_p44_cp99,9.751432259151443,1.0,drawdown
dd_p44_cp100,4.695680823168459,1.0,drawdown
dd_p44_cp101,10.502675265430298,1.0,drawdown
dd_p44_cp102,4.07011388715955,1.0,drawdown
dd_p44_cp103,10.768331527860937,1.0,drawdown
dd_p44_cp104,3.368394005961818,1.0,drawdown
dd_p44_cp105,10.472679603123424,1.0,drawdown
dd_p44_cp106,2.682443742559826,1.0,drawdown
dd_p44_cp107,9.754764154423356,1.0,drawdown
dd_p44_cp108,2.0702136510112723,1.0,drawdown
dd_p44_cp109,8.847631274011974,1.0,drawdown
dd_p44_cp110,1.5592238295885181,1.0,drawdown
dd_p44_cp111,7.958085654039678,1.0,drawdown
dd_p44_cp112,1.1556820072933078,1.0,drawdown
dd_p44_cp113,7.208521355849371,1.0,drawdown
dd_p44_cp114,0.8538535859620424,1.0,drawdown
dd_p44_cp115,6.61557396958915,1.0,drawdown
dd_p44_cp116,0.6434504391709197,1.0,drawdown
dd_p44_cp117,6.098739160744799,1.0,drawdown
dd_p44_cp118,0.5147557591612895,1.0,drawdown
dd_p44_cp119,5.5273883899049,1.0,drawdown
dd_p44_cp120,0.46197920530357806,1.0,drawdown
dd_p44_cp121,4.812894661426071,1.0,drawdown
dd_p44_cp122,0.4853817971238641,1.0,drawdown
dd_p44_cp123,3.9927242306571316,1.0,drawdown
dd_p44_cp124,0.5924740215928068,1.0,drawdown
dd_p44_cp125,3.16383032558565,1.0,drawdown
dd_p44_cp126,0.798317384811071,1.0,drawdown
dd_p44_cp127,2.4106539111803613,1.0,drawdown
dd_p44_cp128,1.1247104044923617,1.0,drawdown
dd_p44_cp129,1.779500133453439,1.0,drawdown
dd_p44_cp130,1.5978218534023654,1.0,drawdown
dd_p44_cp131,1.28395507613277,1.0,drawdown
dd_p44_cp132,2.2437261231143566,1.0,drawdown
dd_p44_cp133,0.9184366511074131,1.0,drawdown
dd_p44_cp134,3.081467821264596,1.0,drawdown
dd_p44_cp135,0.6694836009639857,1.0,drawdown
dd_p44_cp136,4.113713986569564,1.0,drawdown
dd_p44_cp137,0.5230216305726572,1.0,drawdown
dd_p44_cp138,5.314863804986544,1.0,drawdown
dd_p44_cp139,0.4685007733344264,1.0,drawdown
dd_p44_cp140,6.614063043163696,1.0,drawdown
dd_p44_cp141,0.5008823383907384,1.0,drawdown
dd_p44_cp142,7.868343566456133,1.0,drawdown
dd_p44_cp143,0.6210186897203585,1.0,drawdown
dd_p44_cp144,8.836157478007863,1.0,drawdown
dd_p44_cp145,0.8346099936363771,1.0,drawdown
dd_p44_cp146,9.21538174737725,1.0,drawdown
dd_p44_cp147,1.1497170922309579,1.0,drawdown
dd_p44_cp148,8.834852500174293,1.0,drawdown
dd_p44_cp149,1.5727913959058242,1.0,drawdown
dd_p44_cp150,7.865563399433086,1.0,drawdown
dd_p44_cp151,2.103443850684016,1.0,drawdown
dd_p44_cp152,6.609475778941032,1.0,drawdown
dd_p44_cp153,2.7288170063961843,1.0,drawdown
dd_p44_cp154,5.307993099618216,1.0,drawdown
dd_p44_cp155,3.419407048644416,1.0,drawdown
dd_p44_cp156,4.103962078270797,1.0,drawdown
dd_p44_cp157,4.129082102909251,1.0,drawdown
dd_p44_cp158,3.0681312099322895,1.0,drawdown
dd_p44_cp159,4.801851984068662,1.0,drawdown
dd_p44_cp160,2.225970842570405,1.0,drawdown
dd_p44_cp161,5.385328938305747,1.0,drawdown
dd_p44_cp162,1.5745540546031407,1.0,drawdown
dd_p44_cp163,5.845338449985775,1.0,drawdown
dd_p44_cp164,1.094237546444674,1.0,drawdown
dd_p44_cp165,6.1706382876907355,1.0,drawdown
dd_p44_cp166,0.7576531215318028,1.0,drawdown
dd_p44_cp167,6.360054700367755,1.0,drawdown
dd_p44_cp168,0.5361099410465613,1.0,drawdown
dd_p44_cp169,6.404091175485519,1.0,drawdown
dd_p44_cp170,0.40335166739623673,1.0,drawdown
dd_p44_cp171,6.277287170984209,1.0,drawdown
dd_p44_cp172,0.33709968934090284,1.0,drawdown
dd_p44_cp173,5.951053469184217,1.0,drawdown
dd_p44_cp174,0.31906432158803,1.0,drawdown
dd_p44_cp175,5.422619777692944,1.0,drawdown
dd_p44_cp176,0.334097354746973,1.0,drawdown
dd_p44_cp177,4.7354901005039665,1.0,drawdown
dd_p44_cp178,0.36906626834343115,1.0,drawdown
dd_p44_cp179,3.9645408325707194,1.0,drawdown
dd_p44_cp180,0.4119439948958643,1.0,drawdown
dd_p44_cp181,3.188096007246486,1.0,drawdown
dd_p44_cp182,0.4515207099557301,1.0,drawdown
dd_p44_cp183,2.4682464575409995,1.0,drawdown
dd_p44_cp184,0.4779833704583325,1.0,drawdown
dd_p44_cp185,1.8436920780832224,1.0,drawdown
dd_p44_cp186,0.48426739127626206,1.0,drawdown
dd_p44_cp187,1.331093327275994,1.0,drawdown
dd_p44_cp188,0.46753772926331294,1.0,drawdown
dd_p44_cp189,0.9302519445923281,1.0,drawdown
dd_p44_cp190,0.4297316979386778,1.0,drawdown
dd_p44_cp191,0.630127390152893,1.0,drawdown
dd_p44_cp192,0.3764981383292252,1.0,drawdown
dd_p44_cp193,0.4141863347706476,1.0,drawdown
dd_p44_cp194,0.315162747355771,1.0,drawdown
dd_p44_cp195,0.26446118451553957,1.0,drawdown
dd_p44_cp196,0.25275747525893166,1.0,drawdown
dd_p44_cp197,0.16419016453050972,1.0,drawdown
dd_p44_cp198,0.1947401132943014,1.0,drawdown
dd_p44_cp199,0.09920493486742998,1.0,drawdown
dd_p44_cp200,0.1445083020284983,1.0,drawdown
dd_p44_cp201,0.05837928491314415,1.0,drawdown
dd_p44_cp202,0.10351738661665877,1.0,drawdown
dd_p44_cp203,0.03348133496524497,1.0,drawdown
dd_p44_cp204,0.07173082282542964,1.0,drawdown
dd_p44_cp205,0.018721776468055396,1.0,drawdown
dd_p44_cp206,0.04816826735395807,1.0,drawdown
dd_p44_cp207,0.010206837216856002,1.0,drawdown
dd_p44_cp208,0.031397201597883395,1.0,drawdown
dd_p44_cp209,0.00542084454423275,1.0,drawdown
dd_p44_cp210,0.019895761593488714,1.0,drawdown
dd_p44_cp211,0.0027972161178695387,1.0,drawdown
dd_p45_cp0,1.3585186704231091,1.0,drawdown
dd_p45_cp1,0.013904236867347208,1.0,drawdown
dd_p45_cp2,1.7919464048800364,1.0,drawdown
dd_p45_cp3,0.02023424966591847,1.0,drawdown
dd_p45_cp4,2.2721707595760563,1.0,drawdown
dd_p45_cp5,0.028831617481955618,1.0,drawdown
dd_p45_cp6,2.7572036476340145,1.0,drawdown
dd_p45_cp7,0.040157393997560575,1.0,drawdown
dd_p45_cp8,3.186179975851701,1.0,drawdown
dd_p45_cp9,0.05468792691908675,1.0,drawdown
dd_p45_cp10,3.4893458519400156,1.0,drawdown
dd_p45_cp11,0.07289744752188199,1.0,drawdown
dd_p45_cp12,3.6082329606388157,1.0,drawdown
dd_p45_cp13,0.09524857921633156,1.0,drawdown
dd_p45_cp14,3.5200392949104753,1.0,drawdown
dd_p45_cp15,0.12218081380069634,1.0,drawdown
dd_p45_cp16,3.2503107668376288,1.0,drawdown
dd_p45_cp17,0.1540740286172877,1.0,drawdown
dd_p45_cp18,2.861303204854721,1.0,drawdown
dd_p45_cp19,0.19115470356246078,1.0,drawdown
dd_p45_cp20,2.4285718159158023,1.0,drawdown
dd_p45_cp21,0.23331854116986506,1.0,drawdown
dd_p45_cp22,2.021613811682073,1.0,drawdown
dd_p45_cp23,0.27987486122492555,1.0,drawdown
dd_p45_cp24,1.69445024439392,1.0,drawdown
dd_p45_cp25,0.3292724840853225,1.0,drawdown
dd_p45_cp26,1.4846649291202993,1.0,drawdown
dd_p45_cp27,0.3789192287640617,1.0,drawdown
dd_p45_cp28,1.4169396810984836,1.0,drawdown
dd_p45_cp29,0.42522136611978567,1.0,drawdown
dd_p45_cp30,1.5073061212469838,1.0,drawdown
dd_p45_cp31,0.4639254783051001,1.0,drawdown
dd_p45_cp32,1.7655587904741878,1.0,drawdown
dd_p45_cp33,0.49075163677753153,1.0,drawdown
dd_p45_cp34,2.1946698463739267,1.0,drawdown
dd_p45_cp35,0.5021948197563688,1.0,drawdown
dd_p45_cp36,2.7872128246422108,1.0,drawdown
dd_p45_cp37,0.4962845505556288,1.0,drawdown
dd_p45_cp38,3.5196714411035828,1.0,drawdown
dd_p45_cp39,0.4730734707859483,1.0,drawdown
dd_p45_cp40,4.346153496788247,1.0,drawdown
dd_p45_cp41,0.4346949398759534,1.0,drawdown
dd_p45_cp42,5.193689442673076,1.0,drawdown
dd_p45_cp43,0.38496651781861146,1.0,drawdown
dd_p45_cp44,5.96260425653054,1.0,drawdown
dd_p45_cp45,0.3286613190098251,1.0,drawdown
dd_p45_cp46,6.538144619004015,1.0,drawdown
dd_p45_cp47,0.27066199374894495,1.0,drawdown
dd_p45_cp48,6.822004380393537,1.0,drawdown
dd_p45_cp49,0.2152187588940251,1.0,drawdown
dd_p45_cp50,6.784535452217369,1.0,drawdown
dd_p45_cp51,0.165464174857334,1.0,drawdown
dd_p45_cp52,6.5018430146415085,1.0,drawdown
dd_p45_cp53,0.12323501101809597,1.0,drawdown
dd_p45_cp54,6.110108153736746,1.0,drawdown
dd_p45_cp55,0.0891603348013632,1.0,drawdown
dd_p45_cp56,5.746200525316453,1.0,drawdown
dd_p45_cp57,0.06292206368289044,1.0,drawdown
dd_p45_cp58,5.5103298062385875,1.0,drawdown
dd_p45_cp59,0.04358391132791439,1.0,drawdown
dd_p45_cp60,5.448592237613866,1.0,drawdown
dd_p45_cp61,0.029905030453846848,1.0,drawdown
dd_p45_cp62,5.545970055063663,1.0,drawdown
dd_p45_cp63,0.02058833415776462,1.0,drawdown
dd_p45_cp64,5.726693216678541,1.0,drawdown
dd_p45_cp65,0.014445935282765276,1.0,drawdown
dd_p45_cp66,5.868434890215212,1.0,drawdown
dd_p45_cp67,0.010487293770893302,1.0,drawdown
dd_p45_cp68,5.840878767103732,1.0,drawdown
dd_p45_cp69,0.007947611299641721,1.0,drawdown
dd_p45_cp70,5.564888260746784,1.0,drawdown
dd_p45_cp71,0.006276875349158217,1.0,drawdown
dd_p45_cp72,5.054591925999603,1.0,drawdown
dd_p45_cp73,0.005107369441930132,1.0,drawdown
dd_p45_cp74,4.387729818177377,1.0,drawdown
dd_p45_cp75,0.004212757023424274,1.0,drawdown
dd_p45_cp76,3.6568780597856403,1.0,drawdown
dd_p45_cp77,0.003467146725370185,1.0,drawdown
dd_p45_cp78,2.938323470980322,1.0,drawdown
dd_p45_cp79,0.0028087452558338555,1.0,drawdown
dd_p45_cp80,2.2828166351748678,1.0,drawdown
dd_p45_cp81,0.0022098470569744677,1.0,drawdown
dd_p45_cp82,1.7179778500526481,1.0,drawdown
dd_p45_cp83,0.0016526745632745587,1.0,drawdown
dd_p45_cp84,1.8825620344377967,1.0,drawdown
dd_p45_cp85,2.3605457360579294,1.0,drawdown
dd_p45_cp86,2.5195466165414473,1.0,drawdown
dd_p45_cp87,3.161659583615574,1.0,drawdown
dd_p45_cp88,3.2430611771505937,1.0,drawdown
dd_p45_cp89,4.1247353132559965,1.0,drawdown
dd_p45_cp90,3.9938714322988744,1.0,drawdown
dd_p45_cp91,5.235367475626163,1.0,drawdown
dd_p45_cp92,4.677368917066815,1.0,drawdown
dd_p45_cp93,6.455955652129887,1.0,drawdown
dd_p45_cp94,5.175553098244109,1.0,drawdown
dd_p45_cp95,7.7238312496237995,1.0,drawdown
dd_p45_cp96,5.38108790605429,1.0,drawdown
dd_p45_cp97,8.950975260235964,1.0,drawdown
dd_p45_cp98,5.246934778889681,1.0,drawdown
dd_p45_cp99,10.018096138062447,1.0,drawdown
dd_p45_cp100,4.815432487131602,1.0,drawdown
dd_p45_cp101,10.766277564692473,1.0,drawdown
dd_p45_cp102,4.189337404891376,1.0,drawdown
dd_p45_cp103,11.029171275052931,1.0,drawdown
dd_p45_cp104,3.4826474075057376,1.0,drawdown
dd_p45_cp105,10.739255205994823,1.0,drawdown
dd_p45_cp106,2.787434263302657,1.0,drawdown
dd_p45_cp107,10.02881416689479,1.0,drawdown
dd_p45_cp108,2.1628635740548816,1.0,drawdown
dd_p45_cp109,9.124763089778526,1.0,drawdown
dd_p45_cp110,1.6382404716787278,1.0,drawdown
dd_p45_cp111,8.23003139284333,1.0,drawdown
dd_p45_cp112,1.2215339837725878,1.0,drawdown
dd_p45_cp113,7.46626139145701,1.0,drawdown
dd_p45_cp114,0.9083442973164892,1.0,drawdown
dd_p45_cp115,6.851778229294723,1.0,drawdown
dd_p45_cp116,0.6892076237068068,1.0,drawdown
dd_p45_cp117,6.309374815285992,1.0,drawdown
dd_p45_cp118,0.5548410925562166,1.0,drawdown
dd_p45_cp119,5.7129749734158395,1.0,drawdown
dd_p45_cp120,0.4996568046999528,1.0,drawdown
dd_p45_cp121,4.976481003339359,1.0,drawdown
dd_p45_cp122,0.5239896394282368,1.0,drawdown
dd_p45_cp123,4.136016957713082,1.0,drawdown
dd_p45_cp124,0.6353193209929486,1.0,drawdown
dd_p45_cp125,3.2862714433317706,1.0,drawdown
dd_p45_cp126,0.848530823548117,1.0,drawdown
dd_p45_cp127,2.5120374217603967,1.0,drawdown
dd_p45_cp128,1.1850349647043004,1.0,drawdown
dd_p45_cp129,1.8614805725346741,1.0,drawdown
dd_p45_cp130,1.6704086380323133,1.0,drawdown
dd_p45_cp131,1.3496390491743568,1.0,drawdown
dd_p45_cp132,2.3301908047178586,1.0,drawdown
dd_p45_cp133,0.9715508732929266,1.0,drawdown
dd_p45_cp134,3.183627576795516,1.0,drawdown
dd_p45_cp135,0.7139276489872373,1.0,drawdown
dd_p45_cp136,4.235147811106344,1.0,drawdown
dd_p45_cp137,0.5627758948885457,1.0,drawdown
dd_p45_cp138,5.462081925793882,1.0,drawdown
dd_p45_cp139,0.5076651991985273,1.0,drawdown
dd_p45_cp140,6.7941515332368,1.0,drawdown
dd_p45_cp141,0.54370771597155,1.0,drawdown
dd_p45_cp142,8.08145816117758,1.0,drawdown
dd_p45_cp143,0.6718770350767045,1.0,drawdown
dd_p45_cp144,9.070362900278269,1.0,drawdown
dd_p45_cp145,0.8978805404751711,1.0,drawdown
dd_p45_cp146,9.45517415793347,1.0,drawdown
dd_p45_cp147,1.2295717260417405,1.0,drawdown
dd_p45_cp148,9.0688770065276,1.0,drawdown
dd_p45_cp149,1.6728814214686736,1.0,drawdown
dd_p45_cp150,8.078304085886884,1.0,drawdown
dd_p45_cp151,2.226531762256627,1.0,drawdown
dd_p45_cp152,6.788975030798156,1.0,drawdown
dd_p45_cp153,2.876448508668318,1.0,drawdown
dd_p45_cp154,5.454377110019777,1.0,drawdown
dd_p45_cp155,3.591733254564815,1.0,drawdown
dd_p45_cp156,4.224283124964131,1.0,drawdown
dd_p45_cp157,4.324865420851893,1.0,drawdown
dd_p45_cp158,3.168861918287348,1.0,drawdown
dd_p45_cp159,5.01855873971931,1.0,drawdown
dd_p45_cp160,2.3106431305000115,1.0,drawdown
dd_p45_cp161,5.619225884000798,1.0,drawdown
dd_p45_cp162,1.644912173433113,1.0,drawdown
dd_p45_cp163,6.091732501181923,1.0,drawdown
dd_p45_cp164,1.1517665825276708,1.0,drawdown
dd_p45_cp165,6.424307844452187,1.0,drawdown
dd_p45_cp166,0.8042653145380427,1.0,drawdown
dd_p45_cp167,6.615449300862792,1.0,drawdown
dd_p45_cp168,0.5741317490178517,1.0,drawdown
dd_p45_cp169,6.6553922424118355,1.0,drawdown
dd_p45_cp170,0.43523704407834884,1.0,drawdown
dd_p45_cp171,6.518657670683751,1.0,drawdown
dd_p45_cp172,0.3651362737355157,1.0,drawdown
dd_p45_cp173,6.177245493167447,1.0,drawdown
dd_p45_cp174,0.34516702151677237,1.0,drawdown
dd_p45_cp175,5.629570866907898,1.0,drawdown
dd_p45_cp176,0.35969812360235665,1.0,drawdown
dd_p45_cp177,4.920327498782854,1.0,drawdown
dd_p45_cp178,0.39508113876308926,1.0,drawdown
dd_p45_cp179,4.125815582730638,1.0,drawdown
dd_p45_cp180,0.43879407601207276,1.0,drawdown
dd_p45_cp181,3.325779779732784,1.0,drawdown
dd_p45_cp182,0.47918930371042734,1.0,drawdown
dd_p45_cp183,2.5833494913640607,1.0,drawdown
dd_p45_cp184,0.5061008810303065,1.0,drawdown
dd_p45_cp185,1.9378407352746763,1.0,drawdown
dd_p45_cp186,0.512220042232002,1.0,drawdown
dd_p45_cp187,1.406274324172955,1.0,drawdown
dd_p45_cp188,0.49459248558696345,1.0,drawdown
dd_p45_cp189,0.988702978640049,1.0,drawdown
dd_p45_cp190,0.45516252207698926,1.0,drawdown
dd_p45_cp191,0.6742671693320972,1.0,drawdown
dd_p45_cp192,0.3996868335698309,1.0,drawdown
dd_p45_cp193,0.44651028888438304,1.0,drawdown
dd_p45_cp194,0.335662994149061,1.0,drawdown
dd_p45_cp195,0.2873986865770348,1.0,drawdown
dd_p45_cp196,0.2703218311717137,1.0,drawdown
dd_p45_cp197,0.17996125656532058,1.0,drawdown
dd_p45_cp198,0.2093179563571539,1.0,drawdown
dd_p45_cp199,0.10971556170011354,1.0,drawdown
dd_p45_cp200,0.1562236870399829,1.0,drawdown
dd_p45_cp201,0.06517281924038798,1.0,drawdown
dd_p45_cp202,0.11263208048512752,1.0,drawdown
dd_p45_cp203,0.03774242017539109,1.0,drawdown
dd_p45_cp204,0.07859728801258825,1.0,drawdown
dd_p45_cp205,0.021316451971870265,1.0,drawdown
dd_p45_cp206,0.05317993692096934,1.0,drawdown
dd_p45_cp207,0.011740652781554672,1.0,drawdown
dd_p45_cp208,0.03494440617487271,1.0,drawdown
dd_p45_cp209,0.006300224391679876,1.0,drawdown
dd_p45_cp210,0.022333357256684394,1.0,drawdown
dd_p45_cp211,0.003284790881025401,1.0,drawdown
dd_p46_cp0,1.422974103530123,1.0,drawdown
dd_p46_cp1,0.015681448565374012,1.0,drawdown
dd_p46_cp2,1.8678129216250454,1.0,drawdown
dd_p46_cp3,0.022696755874221708,1.0,drawdown
dd_p46_cp4,2.3579682240983857,1.0,drawdown
dd_p46_cp5,0.03218950737391424,1.0,drawdown
dd_p46_cp6,2.8505696134748177,1.0,drawdown
dd_p46_cp7,0.04465001434800797,1.0,drawdown
dd_p46_cp8,3.284444199304289,1.0,drawdown
dd_p46_cp9,0.06058206324087223,1.0,drawdown
dd_p46_cp10,3.5903222256201843,1.0,drawdown
dd_p46_cp11,0.08048149189380638,1.0,drawdown
dd_p46_cp12,3.710797856726458,1.0,drawdown
dd_p46_cp13,0.10482192984591165,1.0,drawdown
dd_p46_cp14,3.623741781173976,1.0,drawdown
dd_p46_cp15,0.13403767397176125,1.0,drawdown
dd_p46_cp16,3.3543220835445027,1.0,drawdown
dd_p46_cp17,0.16848139401508888,1.0,drawdown
dd_p46_cp18,2.964057653367945,1.0,drawdown
dd_p46_cp19,0.2083256944074492,1.0,drawdown
dd_p46_cp20,2.5283946812960494,1.0,drawdown
dd_p46_cp21,0.2533839315383375,1.0,drawdown
dd_p46_cp22,2.1175581951497406,1.0,drawdown
dd_p46_cp23,0.3028569361135851,1.0,drawdown
dd_p46_cp24,1.786877139335047,1.0,drawdown
dd_p46_cp25,0.3550655168801313,1.0,drawdown
dd_p46_cp26,1.5753973455857704,1.0,drawdown
dd_p46_cp27,0.407279696434216,1.0,drawdown
dd_p46_cp28,1.5089659350524016,1.0,drawdown
dd_p46_cp29,0.4557689819139341,1.0,drawdown
dd_p46_cp30,1.604154123693661,1.0,drawdown
dd_p46_cp31,0.49615423043496776,1.0,drawdown
dd_p46_cp32,1.8705563257740323,1.0,drawdown
dd_p46_cp33,0.5240491697759353,1.0,drawdown
dd_p46_cp34,2.3103180740663447,1.0,drawdown
dd_p46_cp35,0.5358688608262128,1.0,drawdown
dd_p46_cp36,2.9148603547978382,1.0,drawdown
dd_p46_cp37,0.5295960615840158,1.0,drawdown
dd_p46_cp38,3.659581986754347,1.0,drawdown
dd_p46_cp39,0.5052767458178096,1.0,drawdown
dd_p46_cp40,4.497888616625914,1.0,drawdown
dd_p46_cp41,0.465084010242208,1.0,drawdown
dd_p46_cp42,5.356516663911407,1.0,drawdown
dd_p46_cp43,0.41292486959855523,1.0,drawdown
dd_p46_cp44,6.135559650790128,1.0,drawdown
dd_p46_cp45,0.3537089788887897,1.0,drawdown
dd_p46_cp46,6.719749311932901,1.0,drawdown
dd_p46_cp47,0.29249209592489933,1.0,drawdown
dd_p46_cp48,7.010446751425661,1.0,drawdown
dd_p46_cp49,0.23371603811801833,1.0,drawdown
dd_p46_cp50,6.978546379770705,1.0,drawdown
dd_p46_cp51,0.18070083048587549,1.0,drawdown
dd_p46_cp52,6.700052047583995,1.0,drawdown
dd_p46_cp53,0.13544432411981688,1.0,drawdown
dd_p46_cp54,6.311892051855921,1.0,drawdown
dd_p46_cp55,0.09869352164059819,1.0,drawdown
dd_p46_cp56,5.951723567609406,1.0,drawdown
dd_p46_cp57,0.07019717260573088,1.0,drawdown
dd_p46_cp58,5.719827895946764,1.0,drawdown
dd_p46_cp59,0.04903611149120479,1.0,drawdown
dd_p46_cp60,5.6615662512763265,1.0,drawdown
dd_p46_cp61,0.03394569731608499,1.0,drawdown
dd_p46_cp62,5.760553251499914,1.0,drawdown
dd_p46_cp63,0.023577043845307344,1.0,drawdown
dd_p46_cp64,5.939749775118344,1.0,drawdown
dd_p46_cp65,0.016676096649007377,1.0,drawdown
dd_p46_cp66,6.076749267954256,1.0,drawdown
dd_p46_cp67,0.012183562949758198,1.0,drawdown
dd_p46_cp68,6.042040240489541,1.0,drawdown
dd_p46_cp69,0.009271814168414494,1.0,drawdown
dd_p46_cp70,5.756409777799718,1.0,drawdown
dd_p46_cp71,0.007338835200926042,1.0,drawdown
dd_p46_cp72,5.233922816333688,1.0,drawdown
dd_p46_cp73,0.005977478151180549,1.0,drawdown
dd_p46_cp74,4.551528709588638,1.0,drawdown
dd_p46_cp75,0.0049339548900206864,1.0,drawdown
dd_p46_cp76,3.802097740164527,1.0,drawdown
dd_p46_cp77,0.004064869350031586,1.0,drawdown
dd_p46_cp78,3.06350978565888,1.0,drawdown
dd_p46_cp79,0.003298148323665373,1.0,drawdown
dd_p46_cp80,2.3881797016135806,1.0,drawdown
dd_p46_cp81,0.0026001293711033213,1.0,drawdown
dd_p46_cp82,1.8047401587721197,1.0,drawdown
dd_p46_cp83,0.0019485539721699752,1.0,drawdown
dd_p46_cp84,1.960713418767682,1.0,drawdown
dd_p46_cp85,2.4710986561849495,1.0,drawdown
dd_p46_cp86,2.6100881722945815,1.0,drawdown
dd_p46_cp87,3.299692374182314,1.0,drawdown
dd_p46_cp88,3.343040505354111,1.0,drawdown
dd_p46_cp89,4.292725795863589,1.0,drawdown
dd_p46_cp90,4.099134840726947,1.0,drawdown
dd_p46_cp91,5.433359542451399,1.0,drawdown
dd_p46_cp92,4.783738935168458,1.0,drawdown
dd_p46_cp93,6.680639597448135,1.0,drawdown
dd_p46_cp94,5.28082487676329,1.0,drawdown
dd_p46_cp95,7.968345037817244,1.0,drawdown
dd_p46_cp96,5.486530260564905,1.0,drawdown
dd_p46_cp97,9.205632974773152,1.0,drawdown
dd_p46_cp98,5.355342522513183,1.0,drawdown
dd_p46_cp99,10.27256871324812,1.0,drawdown
dd_p46_cp100,4.927904688915987,1.0,drawdown
dd_p46_cp101,11.013536355703991,1.0,drawdown
dd_p46_cp102,4.303350873189629,1.0,drawdown
dd_p46_cp103,11.272042280666483,1.0,drawdown
dd_p46_cp104,3.5936014668523057,1.0,drawdown
dd_p46_cp105,10.991117985284745,1.0,drawdown
dd_p46_cp106,2.890710058973582,1.0,drawdown
dd_p46_cp107,10.293529658505577,1.0,drawdown
dd_p46_cp108,2.255076779869796,1.0,drawdown
dd_p46_cp109,9.396331434326612,1.0,drawdown
dd_p46_cp110,1.7177701508085192,1.0,drawdown
dd_p46_cp111,8.498256212940532,1.0,drawdown
dd_p46_cp112,1.2885087972667861,1.0,drawdown
dd_p46_cp113,7.720682734129014,1.0,drawdown
dd_p46_cp114,0.9642802038156333,1.0,drawdown
dd_p46_cp115,7.084390539081596,1.0,drawdown
dd_p46_cp116,0.7365377720143442,1.0,drawdown
dd_p46_cp117,6.5166311421414775,1.0,drawdown
dd_p46_cp118,0.5965178301348715,1.0,drawdown
dd_p46_cp119,5.895906336295411,1.0,drawdown
dd_p46_cp120,0.5388854470847946,1.0,drawdown
dd_p46_cp121,5.136904558167771,1.0,drawdown
dd_p46_cp122,0.5640626853901267,1.0,drawdown
dd_p46_cp123,4.276516607463236,1.0,drawdown
dd_p46_cp124,0.6794859418764645,1.0,drawdown
dd_p46_cp125,3.407408460815077,1.0,drawdown
dd_p46_cp126,0.8998485449851614,1.0,drawdown
dd_p46_cp127,2.6136497122474793,1.0,drawdown
dd_p46_cp128,1.2462040841569433,1.0,drawdown
dd_p46_cp129,1.9445997166508278,1.0,drawdown
dd_p46_cp130,1.7436968156671355,1.0,drawdown
dd_p46_cp131,1.4168084272459964,1.0,drawdown
dd_p46_cp132,2.4176907008254602,1.0,drawdown
dd_p46_cp133,1.0262378223167161,1.0,drawdown
dd_p46_cp134,3.2880751002876423,1.0,drawdown
dd_p46_cp135,0.7599877560796813,1.0,drawdown
dd_p46_cp136,4.360976315156677,1.0,drawdown
dd_p46_cp137,0.6042283310589482,1.0,drawdown
dd_p46_cp138,5.61515988878682,1.0,drawdown
dd_p46_cp139,0.54865743890673,1.0,drawdown
dd_p46_cp140,6.978145513081017,1.0,drawdown
dd_p46_cp141,0.5885188238919454,1.0,drawdown
dd_p46_cp142,8.292136344372011,1.0,drawdown
dd_p46_cp143,0.7248755356458787,1.0,drawdown
dd_p46_cp144,9.295348333273068,1.0,drawdown
dd_p46_cp145,0.9633990389422706,1.0,drawdown
dd_p46_cp146,9.682918287476696,1.0,drawdown
dd_p46_cp147,1.3116843162645182,1.0,drawdown
dd_p46_cp148,9.293666571370522,1.0,drawdown
dd_p46_cp149,1.7750977397934093,1.0,drawdown
dd_p46_cp150,8.28857875184758,1.0,drawdown
dd_p46_cp151,2.3514641819353983,1.0,drawdown
dd_p46_cp152,6.9723361060459865,1.0,drawdown
dd_p46_cp153,3.0255457216519517,1.0,drawdown
dd_p46_cp154,5.606564067155432,1.0,drawdown
dd_p46_cp155,3.7651550642608527,1.0,drawdown
dd_p46_cp156,4.3489294744458675,1.0,drawdown
dd_p46_cp157,4.521474402450849,1.0,drawdown
dd_p46_cp158,3.271798510822464,1.0,drawdown
dd_p46_cp159,5.235923857567286,1.0,drawdown
dd_p46_cp160,2.396254307459003,1.0,drawdown
dd_p46_cp161,5.853658557675544,1.0,drawdown
dd_p46_cp162,1.7158556192157448,1.0,drawdown
dd_p46_cp163,6.338571229956642,1.0,drawdown
dd_p46_cp164,1.2099942950890181,1.0,drawdown
dd_p46_cp165,6.678370883164689,1.0,drawdown
dd_p46_cp166,0.8517904757591168,1.0,drawdown
dd_p46_cp167,6.8712367889709185,1.0,drawdown
dd_p46_cp168,0.6132176931696449,1.0,drawdown
dd_p46_cp169,6.907095765779559,1.0,drawdown
dd_p46_cp170,0.46824254970579204,1.0,drawdown
dd_p46_cp171,6.760472185307435,1.0,drawdown
dd_p46_cp172,0.39427454245787885,1.0,drawdown
dd_p46_cp173,6.404088741943951,1.0,drawdown
dd_p46_cp174,0.3723098666464466,1.0,drawdown
dd_p46_cp175,5.837550969757103,1.0,drawdown
dd_p46_cp176,0.3862610276682972,1.0,drawdown
dd_p46_cp177,5.106628462485105,1.0,drawdown
dd_p46_cp178,0.42198159631470844,1.0,drawdown
dd_p46_cp179,4.288805542599448,1.0,drawdown
dd_p46_cp180,0.46646410854373244,1.0,drawdown
dd_p46_cp181,3.4651770405287152,1.0,drawdown
dd_p46_cp182,0.5076261649232947,1.0,drawdown
dd_p46_cp183,2.700022326858516,1.0,drawdown
dd_p46_cp184,0.5349472150192014,1.0,drawdown
dd_p46_cp185,2.0334027410124236,1.0,drawdown
dd_p46_cp186,0.5408692219534714,1.0,drawdown
dd_p46_cp187,1.4827583396806858,1.0,drawdown
dd_p46_cp188,0.5223141188689624,1.0,drawdown
dd_p46_cp189,1.0483854935066574,1.0,drawdown
dd_p46_cp190,0.4812313246193298,1.0,drawdown
dd_p46_cp191,0.7195705242922941,1.0,drawdown
dd_p46_cp192,0.42348526291698363,1.0,drawdown
dd_p46_cp193,0.4799043194511796,1.0,drawdown
dd_p46_cp194,0.3567444598693328,1.0,drawdown
dd_p46_cp195,0.3112783699962165,1.0,drawdown
dd_p46_cp196,0.28843708770773446,1.0,drawdown
dd_p46_cp197,0.19652143564917424,1.0,drawdown
dd_p46_cp198,0.22441265248335185,1.0,drawdown
dd_p46_cp199,0.12085444484841901,1.0,drawdown
dd_p46_cp200,0.16841577244258588,1.0,drawdown
dd_p46_cp201,0.07244286246145748,1.0,drawdown
dd_p46_cp202,0.12217551873709454,1.0,drawdown
dd_p46_cp203,0.04234876312625602,1.0,drawdown
dd_p46_cp204,0.08583718130148554,1.0,drawdown
dd_p46_cp205,0.024150709348532473,1.0,drawdown
dd_p46_cp206,0.05850522703167371,1.0,drawdown
dd_p46_cp207,0.01343396049196599,1.0,drawdown
dd_p46_cp208,0.03874519389046327,1.0,drawdown
dd_p46_cp209,0.007281494655899223,1.0,drawdown
dd_p46_cp210,0.024968464668290835,1.0,drawdown
dd_p46_cp211,0.003834702675248991,1.0,drawdown
dd_p47_cp0,1.4872638593633383,1.0,drawdown
dd_p47_cp1,0.017613516426990827,1.0,drawdown
dd_p47_cp2,1.9427655076528936,1.0,drawdown
dd_p47_cp3,0.025357759416692716,1.0,drawdown
dd_p47_cp4,2.4419103432105658,1.0,drawdown
dd_p47_cp5,0.035799074737496994,1.0,drawdown
dd_p47_cp6,2.94103319556325,1.0,drawdown
dd_p47_cp7,0.04945638789104123,1.0,drawdown
dd_p47_cp8,3.3788407733968597,1.0,drawdown
dd_p47_cp9,0.06685968150577537,1.0,drawdown
dd_p47_cp10,3.6868204619549942,1.0,drawdown
dd_p47_cp11,0.08852418928290717,1.0,drawdown
dd_p47_cp12,3.808760044405517,1.0,drawdown
dd_p47_cp13,0.11493110811716178,1.0,drawdown
dd_p47_cp14,3.723142072968585,1.0,drawdown
dd_p47_cp15,0.1465049002199521,1.0,drawdown
dd_p47_cp16,3.4548265537964653,1.0,drawdown
dd_p47_cp17,0.18356565251451684,1.0,drawdown
dd_p47_cp18,3.0644698683909155,1.0,drawdown
dd_p47_cp19,0.22622688244291567,1.0,drawdown
dd_p47_cp20,2.627134598691555,1.0,drawdown
dd_p47_cp21,0.2742156622175571,1.0,drawdown
dd_p47_cp22,2.2135732934029875,1.0,drawdown
dd_p47_cp23,0.32662260935831,1.0,drawdown
dd_p47_cp24,1.880307840065143,1.0,drawdown
dd_p47_cp25,0.38164143225549196,1.0,drawdown
dd_p47_cp26,1.6677688507193125,1.0,drawdown
dd_p47_cp27,0.43640769233843457,1.0,drawdown
dd_p47_cp28,1.60292838224359,1.0,drawdown
dd_p47_cp29,0.4870592005981962,1.0,drawdown
dd_p47_cp30,1.702908939423196,1.0,drawdown
dd_p47_cp31,0.5290969773045617,1.0,drawdown
dd_p47_cp32,1.9771744312570263,1.0,drawdown
dd_p47_cp33,0.5580341693125774,1.0,drawdown
dd_p47_cp34,2.4271686584233976,1.0,drawdown
dd_p47_cp35,0.5702106690032451,1.0,drawdown
dd_p47_cp36,3.0433218039829626,1.0,drawdown
dd_p47_cp37,0.5635654544148565,1.0,drawdown
dd_p47_cp38,3.8000922694795918,1.0,drawdown
dd_p47_cp39,0.538138509257351,1.0,drawdown
dd_p47_cp40,4.650212018068487,1.0,drawdown
dd_p47_cp41,0.49614076544412455,1.0,drawdown
dd_p47_cp42,5.519941773030951,1.0,drawdown
dd_p47_cp43,0.44156437830406503,1.0,drawdown
dd_p47_cp44,6.308845750279943,1.0,drawdown
dd_p47_cp45,0.37944952757379724,1.0,drawdown
dd_p47_cp46,6.901193835051345,1.0,drawdown
dd_p47_cp47,0.3150185710583173,1.0,drawdown
dd_p47_cp48,7.198622931013233,1.0,drawdown
dd_p47_cp49,0.2528994188505749,1.0,drawdown
dd_p47_cp50,7.172622181402403,1.0,drawdown
dd_p47_cp51,0.19659641738917344,1.0,drawdown
dd_p47_cp52,6.899058971976501,1.0,drawdown
dd_p47_cp53,0.14826847892936712,1.0,drawdown
dd_p47_cp54,6.514978132754095,1.0,drawdown
dd_p47_cp55,0.10878351379324158,1.0,drawdown
dd_p47_cp56,6.158656203412647,1.0,drawdown
dd_p47_cp57,0.07796215239295634,1.0,drawdown
dd_p47_cp58,5.930522261081023,1.0,drawdown
dd_p47_cp59,0.054908166802761116,1.0,drawdown
dd_p47_cp60,5.875207247989238,1.0,drawdown
dd_p47_cp61,0.03833846200268454,1.0,drawdown
dd_p47_cp62,5.975129558736626,1.0,drawdown
dd_p47_cp63,0.026856352912545844,1.0,drawdown
dd_p47_cp64,6.152532492397768,1.0,drawdown
dd_p47_cp65,0.01914391723812514,1.0,drawdown
dd_p47_cp66,6.285282974849451,1.0,drawdown
dd_p47_cp67,0.014073790614020254,1.0,drawdown
dd_p47_cp68,6.243926228830105,1.0,drawdown
dd_p47_cp69,0.010754950936188834,1.0,drawdown
dd_p47_cp70,5.948192952596855,1.0,drawdown
dd_p47_cp71,0.008532061543064628,1.0,drawdown
dd_p47_cp72,5.413137558965673,1.0,drawdown
dd_p47_cp73,0.006956927545161307,1.0,drawdown
dd_p47_cp74,4.715675993281593,1.0,drawdown
dd_p47_cp75,0.005746738713014565,1.0,drawdown
dd_p47_cp76,3.9485431218083704,1.0,drawdown
dd_p47_cp77,0.004739261118629656,1.0,drawdown
dd_p47_cp78,3.190548899140822,1.0,drawdown
dd_p47_cp79,0.0038510967533511575,1.0,drawdown
dd_p47_cp80,2.495569310954579,1.0,drawdown
dd_p47_cp81,0.003041806813371295,1.0,drawdown
dd_p47_cp82,1.8934071154649246,1.0,drawdown
dd_p47_cp83,0.002283912085886186,1.0,drawdown
dd_p47_cp84,2.037786310755564,1.0,drawdown
dd_p47_cp85,2.5836228885971195,1.0,drawdown
dd_p47_cp86,2.698264571569325,1.0,drawdown
dd_p47_cp87,3.4393106572276793,1.0,drawdown
dd_p47_cp88,3.4390087981660145,1.0,drawdown
dd_p47_cp89,4.4612283987585215,1.0,drawdown
dd_p47_cp90,4.198547303384203,1.0,drawdown
dd_p47_cp91,5.6300657819995195,1.0,drawdown
dd_p47_cp92,4.882751487627502,1.0,drawdown
dd_p47_cp93,6.9016378141507175,1.0,drawdown
dd_p47_cp94,5.3781698703610346,1.0,drawdown
dd_p47_cp95,8.206111738358459,1.0,drawdown
dd_p47_cp96,5.584070965720457,1.0,drawdown
dd_p47_cp97,9.449425559438623,1.0,drawdown
dd_p47_cp98,5.4558803990516935,1.0,drawdown
dd_p47_cp99,10.511003392170096,1.0,drawdown
dd_p47_cp100,5.033131245620552,1.0,drawdown
dd_p47_cp101,11.24015334994533,1.0,drawdown
dd_p47_cp102,4.411679501539311,1.0,drawdown
dd_p47_cp103,11.493322254475288,1.0,drawdown
dd_p47_cp104,3.700768626030822,1.0,drawdown
dd_p47_cp105,11.224259492682677,1.0,drawdown
dd_p47_cp106,2.9919110297714724,1.0,drawdown
dd_p47_cp107,10.54532031331928,1.0,drawdown
dd_p47_cp108,2.3465792914066697,1.0,drawdown
dd_p47_cp109,9.660176731311594,1.0,drawdown
dd_p47_cp110,1.7975915858919507,1.0,drawdown
dd_p47_cp111,8.7618542508269,1.0,drawdown
dd_p47_cp112,1.3564388093232083,1.0,drawdown
dd_p47_cp113,7.971989445274858,1.0,drawdown
dd_p47_cp114,1.0215506320469103,1.0,drawdown
dd_p47_cp115,7.3152056592184636,1.0,drawdown
dd_p47_cp116,0.7853772268640569,1.0,drawdown
dd_p47_cp117,6.724091841122117,1.0,drawdown
dd_p47_cp118,0.6397509345824801,1.0,drawdown
dd_p47_cp119,6.080255993920218,1.0,drawdown
dd_p47_cp120,0.5796410077482506,1.0,drawdown
dd_p47_cp121,5.297718841153028,1.0,drawdown
dd_p47_cp122,0.6055767579250642,1.0,drawdown
dd_p47_cp123,4.415971782671022,1.0,drawdown
dd_p47_cp124,0.7249510409633331,1.0,drawdown
dd_p47_cp125,3.52750100025969,1.0,drawdown
dd_p47_cp126,0.9522725580977749,1.0,drawdown
dd_p47_cp127,2.7151513941182657,1.0,drawdown
dd_p47_cp128,1.308300165300352,1.0,drawdown
dd_p47_cp129,2.028509845515373,1.0,drawdown
dd_p47_cp130,1.8179187909804568,1.0,drawdown
dd_p47_cp131,1.4852785350476552,1.0,drawdown
dd_p47_cp132,2.506586898464775,1.0,drawdown
dd_p47_cp133,1.082438953810879,1.0,drawdown
dd_p47_cp134,3.3949596412012397,1.0,drawdown
dd_p47_cp135,0.8076615875359039,1.0,drawdown
dd_p47_cp136,4.4902880031995664,1.0,drawdown
dd_p47_cp137,0.6473891911462033,1.0,drawdown
dd_p47_cp138,5.77110159469612,1.0,drawdown
dd_p47_cp139,0.5914804023170745,1.0,drawdown
dd_p47_cp140,7.160806329836305,1.0,drawdown
dd_p47_cp141,0.6353005352298169,1.0,drawdown
dd_p47_cp142,8.493866766591509,1.0,drawdown
dd_p47_cp143,0.7799715071018909,1.0,drawdown
dd_p47_cp144,9.50364103012771,1.0,drawdown
dd_p47_cp145,1.031087143981722,1.0,drawdown
dd_p47_cp146,9.890645181956188,1.0,drawdown
dd_p47_cp147,1.3959411197649843,1.0,drawdown
dd_p47_cp148,9.501748337665958,1.0,drawdown
dd_p47_cp149,1.8793109482874115,1.0,drawdown
dd_p47_cp150,8.489875905733697,1.0,drawdown
dd_p47_cp151,2.478143477204412,1.0,drawdown
dd_p47_cp152,7.154320293011551,1.0,drawdown
dd_p47_cp153,3.1761093666186753,1.0,drawdown
dd_p47_cp154,5.7615579731805155,1.0,drawdown
dd_p47_cp155,3.939821682899037,1.0,drawdown
dd_p47_cp156,4.476989839070939,1.0,drawdown
dd_p47_cp157,4.719196854803158,1.0,drawdown
dd_p47_cp158,3.3770902878850393,1.0,drawdown
dd_p47_cp159,5.4543057234200205,1.0,drawdown
dd_p47_cp160,2.483164858089822,1.0,drawdown
dd_p47_cp161,6.088988194235981,1.0,drawdown
dd_p47_cp162,1.7876148904611,1.0,drawdown
dd_p47_cp163,6.586156889778749,1.0,drawdown
dd_p47_cp164,1.2689992952314242,1.0,drawdown
dd_p47_cp165,6.93293847773225,1.0,drawdown
dd_p47_cp166,0.9002248364781735,1.0,drawdown
dd_p47_cp167,7.127196637852876,1.0,drawdown
dd_p47_cp168,0.6533382058378265,1.0,drawdown
dd_p47_cp169,7.158649803101753,1.0,drawdown
dd_p47_cp170,0.5023395099979098,1.0,drawdown
dd_p47_cp171,7.002000716009434,1.0,drawdown
dd_p47_cp172,0.4244947398938166,1.0,drawdown
dd_p47_cp173,6.630809878224227,1.0,drawdown
dd_p47_cp174,0.4004824218736758,1.0,drawdown
dd_p47_cp175,6.045796764583201,1.0,drawdown
dd_p47_cp176,0.4137831732700761,1.0,drawdown
dd_p47_cp177,5.293733468928394,1.0,drawdown
dd_p47_cp178,0.4497704619848264,1.0,drawdown
dd_p47_cp179,4.4530691675765866,1.0,drawdown
dd_p47_cp180,0.49496153105747,1.0,drawdown
dd_p47_cp181,3.606077547214909,1.0,drawdown
dd_p47_cp182,0.5368424455014065,1.0,drawdown
dd_p47_cp183,2.818207707131023,1.0,drawdown
dd_p47_cp184,0.564535522531969,1.0,drawdown
dd_p47_cp185,2.1303843029547807,1.0,drawdown
dd_p47_cp186,0.5702283004302444,1.0,drawdown
dd_p47_cp187,1.5605587890070183,1.0,drawdown
dd_p47_cp188,0.5507151216302191,1.0,drawdown
dd_p47_cp189,1.1092993090117034,1.0,drawdown
dd_p47_cp190,0.5079482731780445,1.0,drawdown
dd_p47_cp191,0.7660246030809503,1.0,drawdown
dd_p47_cp192,0.44790028477018495,1.0,drawdown
dd_p47_cp193,0.5143516138623454,1.0,drawdown
dd_p47_cp194,0.3784110398710254,1.0,drawdown
dd_p47_cp195,0.3360871934939951,1.0,drawdown
dd_p47_cp196,0.3071049762088478,1.0,drawdown
dd_p47_cp197,0.21386498610627314,1.0,drawdown
dd_p47_cp198,0.24002449554882332,1.0,drawdown
dd_p47_cp199,0.1326230051481616,1.0,drawdown
dd_p47_cp200,0.181084347342221,1.0,drawdown
dd_p47_cp201,0.08019579479218919,1.0,drawdown
dd_p47_cp202,0.13214814128150465,1.0,drawdown
dd_p47_cp203,0.04730912166678536,1.0,drawdown
dd_p47_cp204,0.09345251584727521,1.0,drawdown
dd_p47_cp205,0.027233596588303044,1.0,drawdown
dd_p47_cp206,0.06414802152357879,1.0,drawdown
dd_p47_cp207,0.015294792454596973,1.0,drawdown
dd_p47_cp208,0.04280498542902933,1.0,drawdown
dd_p47_cp209,0.00837107567235762,1.0,drawdown
dd_p47_cp210,0.02780735071610252,1.0,drawdown
dd_p47_cp211,0.0044516646128158754,1.0,drawdown
dd_p48_cp0,1.5511845809378428,1.0,drawdown
dd_p48_cp1,0.019706598737684544,1.0,drawdown
dd_p48_cp2,2.0165554706850344,1.0,drawdown
dd_p48_cp3,0.02822347540222836,1.0,drawdown
dd_p48_cp4,2.523718651359104,1.0,drawdown
dd_p48_cp5,0.039666309953645396,1.0,drawdown
dd_p48_cp6,3.028353497650187,1.0,drawdown
dd_p48_cp7,0.05458177324226199,1.0,drawdown
dd_p48_cp8,3.469275689276401,1.0,drawdown
dd_p48_cp9,0.07352455346153874,1.0,drawdown
dd_p48_cp10,3.7789143815780335,1.0,drawdown
dd_p48_cp11,0.0970268282503639,1.0,drawdown
dd_p48_cp12,3.902238923718869,1.0,drawdown
dd_p48_cp13,0.12557375773212698,1.0,drawdown
dd_p48_cp14,3.8183168334776383,1.0,drawdown
dd_p48_cp15,0.15957533088931086,1.0,drawdown
dd_p48_cp16,3.5517346611054563,1.0,drawdown
dd_p48_cp17,0.19931391039835944,1.0,drawdown
dd_p48_cp18,3.16230243661812,1.0,drawdown
dd_p48_cp19,0.24483917591487625,1.0,drawdown
dd_p48_cp20,2.724511188962879,1.0,drawdown
dd_p48_cp21,0.295788568919761,1.0,drawdown
dd_p48_cp22,2.3093972537840273,1.0,drawdown
dd_p48_cp23,0.3511413362271014,1.0,drawdown
dd_p48_cp24,1.9745087160808907,1.0,drawdown
dd_p48_cp25,0.40896539969253354,1.0,drawdown
dd_p48_cp26,1.7615719876048388,1.0,drawdown
dd_p48_cp27,0.4662653696846064,1.0,drawdown
dd_p48_cp28,1.6986503451262251,1.0,drawdown
dd_p48_cp29,0.5190523880196452,1.0,drawdown
dd_p48_cp30,1.8034365724029158,1.0,drawdown
dd_p48_cp31,0.5627133113280252,1.0,drawdown
dd_p48_cp32,2.0853383906028284,1.0,drawdown
dd_p48_cp33,0.5926661323619555,1.0,drawdown
dd_p48_cp34,2.5452195918569487,1.0,drawdown
dd_p48_cp35,0.605179971502821,1.0,drawdown
dd_p48_cp36,3.1726564451068953,1.0,drawdown
dd_p48_cp37,0.5981527994645148,1.0,drawdown
dd_p48_cp38,3.941250563372705,1.0,drawdown
dd_p48_cp39,0.5716193261282569,1.0,drawdown
dd_p48_cp40,4.803007933996923,1.0,drawdown
dd_p48_cp41,0.5278266925056414,1.0,drawdown
dd_p48_cp42,5.683536878182622,1.0,drawdown
dd_p48_cp43,0.47084828368588205,1.0,drawdown
dd_p48_cp44,6.481816653190435,1.0,drawdown
dd_p48_cp45,0.40584917808428145,1.0,drawdown
dd_p48_cp46,7.0819716723613055,1.0,drawdown
dd_p48_cp47,0.3382120597257199,1.0,drawdown
dd_p48_cp48,7.3861615061928205,1.0,drawdown
dd_p48_cp49,0.2727453757679541,1.0,drawdown
dd_p48_cp50,7.366267631911342,1.0,drawdown
dd_p48_cp51,0.21313426503047594,1.0,drawdown
dd_p48_cp52,7.098215126069135,1.0,drawdown
dd_p48_cp53,0.16169802397780586,1.0,drawdown
dd_p48_cp54,6.718867997754842,1.0,drawdown
dd_p48_cp55,0.11942769284905808,1.0,drawdown
dd_p48_cp56,6.366687237373753,1.0,drawdown
dd_p48_cp57,0.08622018754249439,1.0,drawdown
dd_p48_cp58,6.1421736676934415,1.0,drawdown
dd_p48_cp59,0.061207634150832746,1.0,drawdown
dd_p48_cp60,6.089462387722961,1.0,drawdown
dd_p48_cp61,0.04309370748478614,1.0,drawdown
dd_p48_cp62,6.190296156059958,1.0,drawdown
dd_p48_cp63,0.03043805170636915,1.0,drawdown
dd_p48_cp64,6.366776253982152,1.0,drawdown
dd_p48_cp65,0.02186146056101279,1.0,drawdown
dd_p48_cp66,6.496825913174462,1.0,drawdown
dd_p48_cp67,0.016169525204986712,1.0,drawdown
dd_p48_cp68,6.449615251495061,1.0,drawdown
dd_p48_cp69,0.0124075954147429,1.0,drawdown
dd_p48_cp70,6.142996581176021,1.0,drawdown
dd_p48_cp71,0.009865955821169337,1.0,drawdown
dd_p48_cp72,5.593895582251889,1.0,drawdown
dd_p48_cp73,0.00805392446454789,1.0,drawdown
dd_p48_cp74,4.880635541368747,1.0,drawdown
dd_p48_cp75,0.00665819144546731,1.0,drawdown
dd_p48_cp76,4.095982844732589,1.0,drawdown
dd_p48_cp77,0.005496379039414023,1.0,drawdown
dd_p48_cp78,3.319052981269806,1.0,drawdown
dd_p48_cp79,0.004472701430131565,1.0,drawdown
dd_p48_cp80,2.604711217348722,1.0,drawdown
dd_p48_cp81,0.003539077943059965,1.0,drawdown
dd_p48_cp82,1.9838513185006832,1.0,drawdown
dd_p48_cp83,0.0026620066007581045,1.0,drawdown
dd_p48_cp84,2.1135232421352157,1.0,drawdown
dd_p48_cp85,2.697827926146374,1.0,drawdown
dd_p48_cp86,2.783780874590775,1.0,drawdown
dd_p48_cp87,3.580064524652471,1.0,drawdown
dd_p48_cp88,3.5307527595427928,1.0,drawdown
dd_p48_cp89,4.629756358302757,1.0,drawdown
dd_p48_cp90,4.292284864938665,1.0,drawdown
dd_p48_cp91,5.825120845674746,1.0,drawdown
dd_p48_cp92,4.9752497225490515,1.0,drawdown
dd_p48_cp93,7.118634056206929,1.0,drawdown
dd_p48_cp94,5.468832025512256,1.0,drawdown
dd_p48_cp95,8.436377950240512,1.0,drawdown
dd_p48_cp96,5.674894173369921,1.0,drawdown
dd_p48_cp97,9.680672363218264,1.0,drawdown
dd_p48_cp98,5.549783366881002,1.0,drawdown
dd_p48_cp99,10.731132357464958,1.0,drawdown
dd_p48_cp100,5.131939814474208,1.0,drawdown
dd_p48_cp101,11.444419393574663,1.0,drawdown
dd_p48_cp102,4.514480630772141,1.0,drawdown
dd_p48_cp103,11.691767740339401,1.0,drawdown
dd_p48_cp104,3.8039159967656815,1.0,drawdown
dd_p48_cp105,11.436648500655565,1.0,drawdown
dd_p48_cp106,3.090722935134181,1.0,drawdown
dd_p48_cp107,10.781189271124731,1.0,drawdown
dd_p48_cp108,2.4370952205340473,1.0,drawdown
dd_p48_cp109,9.913662423588221,1.0,drawdown
dd_p48_cp110,1.877484121798716,1.0,drawdown
dd_p48_cp111,9.019503408473838,1.0,drawdown
dd_p48_cp112,1.425157383347596,1.0,drawdown
dd_p48_cp113,8.220544595862748,1.0,drawdown
dd_p48_cp114,1.0800407178994647,1.0,drawdown
dd_p48_cp115,7.545936597298123,1.0,drawdown
dd_p48_cp116,0.835654445389082,1.0,drawdown
dd_p48_cp117,6.933206755975334,1.0,drawdown
dd_p48_cp118,0.6844977029118127,1.0,drawdown
dd_p48_cp119,6.2660982436509585,1.0,drawdown
dd_p48_cp120,0.6218949017566047,1.0,drawdown
dd_p48_cp121,5.46042833466845,1.0,drawdown
dd_p48_cp122,0.6485089351763236,1.0,drawdown
dd_p48_cp123,4.556325971445403,1.0,drawdown
dd_p48_cp124,0.771701763418605,1.0,drawdown
dd_p48_cp125,3.647593084022219,1.0,drawdown
dd_p48_cp126,1.005823766332469,1.0,drawdown
dd_p48_cp127,2.816728651421954,1.0,drawdown
dd_p48_cp128,1.3714173536750422,1.0,drawdown
dd_p48_cp129,2.113060875190058,1.0,drawdown
dd_p48_cp130,1.8932560961980016,1.0,drawdown
dd_p48_cp131,1.55489260634954,1.0,drawdown
dd_p48_cp132,2.597026266396824,1.0,drawdown
dd_p48_cp133,1.1400760100386833,1.0,drawdown
dd_p48_cp134,3.5039871538901934,1.0,drawdown
dd_p48_cp135,0.8569277012165912,1.0,drawdown
dd_p48_cp136,4.621666726180138,1.0,drawdown
dd_p48_cp137,0.692257918398127,1.0,drawdown
dd_p48_cp138,5.926844463023826,1.0,drawdown
dd_p48_cp139,0.6361307366978508,1.0,drawdown
dd_p48_cp140,7.337787947927609,1.0,drawdown
dd_p48_cp141,0.6840330082789023,1.0,drawdown
dd_p48_cp142,8.682712034005363,1.0,drawdown
dd_p48_cp143,0.8371198506292785,1.0,drawdown
dd_p48_cp144,9.694595523486896,1.0,drawdown
dd_p48_cp145,1.1008713791761693,1.0,drawdown
dd_p48_cp146,10.0817069112245,1.0,drawdown
dd_p48_cp147,1.4822492986802445,1.0,drawdown
dd_p48_cp148,9.692476801911198,1.0,drawdown
dd_p48_cp149,1.9854374012447806,1.0,drawdown
dd_p48_cp150,8.678258140594608,1.0,drawdown
dd_p48_cp151,2.606541257290928,1.0,drawdown
dd_p48_cp152,7.330581643149344,1.0,drawdown
dd_p48_cp153,3.328206687085185,1.0,drawdown
dd_p48_cp154,5.916296457244698,1.0,drawdown
dd_p48_cp155,4.115891245138755,1.0,drawdown
dd_p48_cp156,4.607048287196449,1.0,drawdown
dd_p48_cp157,4.918217205476594,1.0,drawdown
dd_p48_cp158,3.484443117949013,1.0,drawdown
dd_p48_cp159,5.673844156816813,1.0,drawdown
dd_p48_cp160,2.571520762383898,1.0,drawdown
dd_p48_cp161,6.3252975132686515,1.0,drawdown
dd_p48_cp162,1.8603692576507456,1.0,drawdown
dd_p48_cp163,6.8345149001979735,1.0,drawdown
dd_p48_cp164,1.3288717207706213,1.0,drawdown
dd_p48_cp165,7.187942983731546,1.0,drawdown
dd_p48_cp166,0.9495838247726169,1.0,drawdown
dd_p48_cp167,7.383111894582953,1.0,drawdown
dd_p48_cp168,0.6944751022142555,1.0,drawdown
dd_p48_cp169,7.409726738851077,1.0,drawdown
dd_p48_cp170,0.5375037005528611,1.0,drawdown
dd_p48_cp171,7.242920622698875,1.0,drawdown
dd_p48_cp172,0.4557782127712926,1.0,drawdown
dd_p48_cp173,6.857105112643694,1.0,drawdown
dd_p48_cp174,0.4296742955780246,1.0,drawdown
dd_p48_cp175,6.253908893079597,1.0,drawdown
dd_p48_cp176,0.4422617508253097,1.0,drawdown
dd_p48_cp177,5.481154101486027,1.0,drawdown
dd_p48_cp178,0.4784510933036472,1.0,drawdown
dd_p48_cp179,4.618165681531991,1.0,drawdown
dd_p48_cp180,0.524294243728491,1.0,drawdown
dd_p48_cp181,3.7481934949009883,1.0,drawdown
dd_p48_cp182,0.5668483190816005,1.0,drawdown
dd_p48_cp183,2.9377713678993587,1.0,drawdown
dd_p48_cp184,0.5948759066577622,1.0,drawdown
dd_p48_cp185,2.228744915641755,1.0,drawdown
dd_p48_cp186,0.6003066860980653,1.0,drawdown
dd_p48_cp187,1.6396700037864775,1.0,drawdown
dd_p48_cp188,0.5798049868762973,1.0,drawdown
dd_p48_cp189,1.1714410582646906,1.0,drawdown
dd_p48_cp190,0.5353226925949457,1.0,drawdown
dd_p48_cp191,0.8136194517423974,1.0,drawdown
dd_p48_cp192,0.47293950816583674,1.0,drawdown
dd_p48_cp193,0.5498387998325143,1.0,drawdown
dd_p48_cp194,0.4006676666090243,1.0,drawdown
dd_p48_cp195,0.3618140303638029,1.0,drawdown
dd_p48_cp196,0.3263280005176057,1.0,drawdown
dd_p48_cp197,0.23198650431959322,1.0,drawdown
dd_p48_cp198,0.2561543978786176,1.0,drawdown
dd_p48_cp199,0.14502202982544077,1.0,drawdown
dd_p48_cp200,0.19422973736027416,1.0,drawdown
dd_p48_cp201,0.08843707608298246,1.0,drawdown
dd_p48_cp202,0.14255071809020592,1.0,drawdown
dd_p48_cp203,0.052631447249950725,1.0,drawdown
dd_p48_cp204,0.10144532508002158,1.0,drawdown
dd_p48_cp205,0.030573619317010525,1.0,drawdown
dd_p48_cp206,0.07011196182611457,1.0,drawdown
dd_p48_cp207,0.01733089775575536,1.0,drawdown
dd_p48_cp208,0.04712884291484443,1.0,drawdown
dd_p48_cp209,0.009575294283195035,1.0,drawdown
dd_p48_cp210,0.030855950925342768,1.0,drawdown
dd_p48_cp211,0.005140406554346555,1.0,drawdown
dd_p49_cp0,1.6145409828027368,1.0,drawdown
dd_p49_cp1,0.02196663589029413,1.0,drawdown
dd_p49_cp2,2.0889682798642752,1.0,drawdown
dd_p49_cp3,0.0312997618357258,1.0,drawdown
dd_p49_cp4,2.6032128798087797,1.0,drawdown
dd_p49_cp5,0.043796696544177394,1.0,drawdown
dd_p49_cp6,3.112471881071542,1.0,drawdown
dd_p49_cp7,0.060030766678664804,1.0,drawdown
dd_p49_cp8,3.5558702560083475,1.0,drawdown
dd_p49_cp9,0.08057964184763478,1.0,drawdown
dd_p49_cp10,3.8668670678284798,1.0,drawdown
dd_p49_cp11,0.10598978265670667,1.0,drawdown
dd_p49_cp12,3.9915576653984317,1.0,drawdown
dd_p49_cp13,0.13674659168100334,1.0,drawdown
dd_p49_cp14,3.909531194239662,1.0,drawdown
dd_p49_cp15,0.17324099757161093,1.0,drawdown
dd_p49_cp16,3.6451705620925168,1.0,drawdown
dd_p49_cp17,0.21571276047279753,1.0,drawdown
dd_p49_cp18,3.257497698365569,1.0,drawdown
dd_p49_cp19,0.2641434227393802,1.0,drawdown
dd_p49_cp20,2.8203391356100838,1.0,drawdown
dd_p49_cp21,0.3180779907033866,1.0,drawdown
dd_p49_cp22,2.4047993287153986,1.0,drawdown
dd_p49_cp23,0.37638368464513405,1.0,drawdown
dd_p49_cp24,2.069252584705737,1.0,drawdown
dd_p49_cp25,0.4370043129215446,1.0,drawdown
dd_p49_cp26,1.8566019977365613,1.0,drawdown
dd_p49_cp27,0.4968172132257678,1.0,drawdown
dd_p49_cp28,1.795959651225985,1.0,drawdown
dd_p49_cp29,0.5517118480547651,1.0,drawdown
dd_p49_cp30,1.9056091824245414,1.0,drawdown
dd_p49_cp31,0.5969663391169888,1.0,drawdown
dd_p49_cp32,2.194976495150513,1.0,drawdown
dd_p49_cp33,0.6279085392798152,1.0,drawdown
dd_p49_cp34,2.6644554626877834,1.0,drawdown
dd_p49_cp35,0.6407407486904049,1.0,drawdown
dd_p49_cp36,3.3028727611063005,1.0,drawdown
dd_p49_cp37,0.6333224306263219,1.0,drawdown
dd_p49_cp38,4.083010801162345,1.0,drawdown
dd_p49_cp39,0.6056837743421966,1.0,drawdown
dd_p49_cp40,4.956092765216454,1.0,drawdown
dd_p49_cp41,0.5601068297278289,1.0,drawdown
dd_p49_cp42,5.847023873283888,1.0,drawdown
dd_p49_cp43,0.5007427648611156,1.0,drawdown
dd_p49_cp44,6.654351776640851,1.0,drawdown
dd_p49_cp45,0.4328763644034552,1.0,drawdown
dd_p49_cp46,7.262338704095328,1.0,drawdown
dd_p49_cp47,0.3620446339218688,1.0,drawdown
dd_p49_cp48,7.573545639000713,1.0,drawdown
dd_p49_cp49,0.2932310093228807,1.0,drawdown
dd_p49_cp50,7.5597376064306445,1.0,drawdown
dd_p49_cp51,0.23029759224482405,1.0,drawdown
dd_p49_cp52,7.297374733248489,1.0,drawdown
dd_p49_cp53,0.17572282095170522,1.0,drawdown
dd_p49_cp54,6.923202129494712,1.0,drawdown
dd_p49_cp55,0.13062239607688753,1.0,drawdown
dd_p49_cp56,6.575505817848352,1.0,drawdown
dd_p49_cp57,0.09497328568522789,1.0,drawdown
dd_p49_cp58,6.354712786579057,1.0,drawdown
dd_p49_cp59,0.06794094661700001,1.0,drawdown
dd_p49_cp60,6.304780407577709,1.0,drawdown
dd_p49_cp61,0.04822086829381078,1.0,drawdown
dd_p49_cp62,6.407369968134844,1.0,drawdown
dd_p49_cp63,0.03433321409602286,1.0,drawdown
dd_p49_cp64,6.584679541922014,1.0,drawdown
dd_p49_cp65,0.024840308567945613,1.0,drawdown
dd_p49_cp66,6.713826741931143,1.0,drawdown
dd_p49_cp67,0.018482036319255712,1.0,drawdown
dd_p49_cp68,6.661308884179562,1.0,drawdown
dd_p49_cp69,0.01424019663886611,1.0,drawdown
dd_p49_cp70,6.343229301522797,1.0,drawdown
dd_p49_cp71,0.011349898527441837,1.0,drawdown
dd_p49_cp72,5.778310793174114,1.0,drawdown
dd_p49_cp73,0.009276716036083599,1.0,drawdown
dd_p49_cp74,5.047598812346905,1.0,drawdown
dd_p49_cp75,0.007675466288446842,1.0,drawdown
dd_p49_cp76,4.244734291180521,1.0,drawdown
dd_p49_cp77,0.006342359805103115,1.0,drawdown
dd_p49_cp78,3.448895615011452,1.0,drawdown
dd_p49_cp79,0.005168149691826329,1.0,drawdown
dd_p49_cp80,2.7153953022170754,1.0,drawdown
dd_p49_cp81,0.004096206291023918,1.0,drawdown
dd_p49_cp82,2.0759285749252285,1.0,drawdown
dd_p49_cp83,0.0030861423072110483,1.0,drawdown
dd_p49_cp84,2.187705971001378,1.0,drawdown
dd_p49_cp85,2.8134728853756314,1.0,drawdown
dd_p49_cp86,2.8664743804661157,1.0,drawdown
dd_p49_cp87,3.721689128459275,1.0,drawdown
dd_p49_cp88,3.618340543641807,1.0,drawdown
dd_p49_cp89,4.798161760303628,1.0,drawdown
dd_p49_cp90,4.380850591317994,1.0,drawdown
dd_p49_cp91,6.018552907994945,1.0,drawdown
dd_p49_cp92,5.062188623171551,1.0,drawdown
dd_p49_cp93,7.331627838577333,1.0,drawdown
dd_p49_cp94,5.554079938458926,1.0,drawdown
dd_p49_cp95,8.658802356523893,1.0,drawdown
dd_p49_cp96,5.760559180499058,1.0,drawdown
dd_p49_cp97,9.898836607573912,1.0,drawdown
dd_p49_cp98,5.638312961592419,1.0,drawdown
dd_p49_cp99,10.932937052345551,1.0,drawdown
dd_p49_cp100,5.2252731547696385,1.0,drawdown
dd_p49_cp101,11.62759212825108,1.0,drawdown
dd_p49_cp102,4.61224232051336,1.0,drawdown
dd_p49_cp103,11.869388761126856,1.0,drawdown
dd_p49_cp104,3.9030956853489442,1.0,drawdown
dd_p49_cp105,11.62877238608121,1.0,drawdown
dd_p49_cp106,3.1869670689325176,1.0,drawdown
dd_p49_cp107,10.999789800827557,1.0,drawdown
dd_p49_cp108,2.5263908787560467,1.0,drawdown
dd_p49_cp109,10.154808058756544,1.0,drawdown
dd_p49_cp110,1.9572376730980068,1.0,drawdown
dd_p49_cp111,9.269773039897245,1.0,drawdown
dd_p49_cp112,1.49449996255089,1.0,drawdown
dd_p49_cp113,8.465686208366378,1.0,drawdown
dd_p49_cp114,1.1396329907388463,1.0,drawdown
dd_p49_cp115,7.775524316063638,1.0,drawdown
dd_p49_cp116,0.8872921076458624,1.0,drawdown
dd_p49_cp117,7.141065617329787,1.0,drawdown
dd_p49_cp118,0.7307093044005342,1.0,drawdown
dd_p49_cp119,6.449872353922046,1.0,drawdown
dd_p49_cp120,0.6656150620315202,1.0,drawdown
dd_p49_cp121,5.622338627488034,1.0,drawdown
dd_p49_cp122,0.6928380259728328,1.0,drawdown
dd_p49_cp123,4.697097816351516,1.0,drawdown
dd_p49_cp124,0.819733379742047,1.0,drawdown
dd_p49_cp125,3.768168583121451,1.0,drawdown
dd_p49_cp126,1.060532441227224,1.0,drawdown
dd_p49_cp127,2.918724012854682,1.0,drawdown
dd_p49_cp128,1.4356378213751668,1.0,drawdown
dd_p49_cp129,2.1982915092166877,1.0,drawdown
dd_p49_cp130,1.9698077007415122,1.0,drawdown
dd_p49_cp131,1.625570455584466,1.0,drawdown
dd_p49_cp132,2.6889489575114567,1.0,drawdown
dd_p49_cp133,1.199079257434505,1.0,drawdown
dd_p49_cp134,3.6145707426112494,1.0,drawdown
dd_p49_cp135,0.9077540189430238,1.0,drawdown
dd_p49_cp136,4.753614548081259,1.0,drawdown
dd_p49_cp137,0.7388237587458661,1.0,drawdown
dd_p49_cp138,6.080188382053166,1.0,drawdown
dd_p49_cp139,0.6825983828107383,1.0,drawdown
dd_p49_cp140,7.507929924524888,1.0,drawdown
dd_p49_cp141,0.7346926394723141,1.0,drawdown
dd_p49_cp142,8.862171046467665,1.0,drawdown
dd_p49_cp143,0.8962761148502523,1.0,drawdown
dd_p49_cp144,9.879137547613936,1.0,drawdown
dd_p49_cp145,1.1726878119075081,1.0,drawdown
dd_p49_cp146,10.270350585820779,1.0,drawdown
dd_p49_cp147,1.5705396210732943,1.0,drawdown
dd_p49_cp148,9.876777725063675,1.0,drawdown
dd_p49_cp149,2.0934299345124145,1.0,drawdown
dd_p49_cp150,8.857224448234774,1.0,drawdown
dd_p49_cp151,2.736659632016199,1.0,drawdown
dd_p49_cp152,7.4999599087236675,1.0,drawdown
dd_p49_cp153,3.481886639907998,1.0,drawdown
dd_p49_cp154,6.068579676694753,1.0,drawdown
dd_p49_cp155,4.293405527451796,1.0,drawdown
dd_p49_cp156,4.737607060631035,1.0,drawdown
dd_p49_cp157,5.118493681239443,1.0,drawdown
dd_p49_cp158,3.5932698547303517,1.0,drawdown
dd_p49_cp159,5.894387478633007,1.0,drawdown
dd_p49_cp160,2.6612610237980334,1.0,drawdown
dd_p49_cp161,6.562357595761341,1.0,drawdown
dd_p49_cp162,1.9342151905830178,1.0,drawdown
dd_p49_cp163,7.083370843757848,1.0,drawdown
dd_p49_cp164,1.3896897615986745,1.0,drawdown
dd_p49_cp165,7.443137021109578,1.0,drawdown
dd_p49_cp166,0.9998929082657924,1.0,drawdown
dd_p49_cp167,7.6388532405828755,1.0,drawdown
dd_p49_cp168,0.7366201477075265,1.0,drawdown
dd_p49_cp169,7.660415935732999,1.0,drawdown
dd_p49_cp170,0.5737161215847664,1.0,drawdown
dd_p49_cp171,7.483567958576259,1.0,drawdown
dd_p49_cp172,0.4881081889620873,1.0,drawdown
dd_p49_cp173,7.083391069669915,1.0,drawdown
dd_p49_cp174,0.45987550548079525,1.0,drawdown
dd_p49_cp175,6.462142606365887,1.0,drawdown
dd_p49_cp176,0.47169375664088875,1.0,drawdown
dd_p49_cp177,5.6688509682855965,1.0,drawdown
dd_p49_cp178,0.5080256497235496,1.0,drawdown
dd_p49_cp179,4.7838613873725535,1.0,drawdown
dd_p49_cp180,0.5544664144808849,1.0,drawdown
dd_p49_cp181,3.891275250118042,1.0,drawdown
dd_p49_cp182,0.5976461986656432,1.0,drawdown
dd_p49_cp183,3.0585471191980105,1.0,drawdown
dd_p49_cp184,0.6259669779165051,1.0,drawdown
dd_p49_cp185,2.3284056371378483,1.0,drawdown
dd_p49_cp186,0.6311008924976704,1.0,drawdown
dd_p49_cp187,1.7200633345744336,1.0,drawdown
dd_p49_cp188,0.6095817810087283,1.0,drawdown
dd_p49_cp189,1.2347991527697104,1.0,drawdown
dd_p49_cp190,0.5633563093497287,1.0,drawdown
dd_p49_cp191,0.8623448206890316,1.0,drawdown
dd_p49_cp192,0.4986071136790997,1.0,drawdown
dd_p49_cp193,0.5863545596914719,1.0,drawdown
dd_p49_cp194,0.4235185384700344,1.0,drawdown
dd_p49_cp195,0.38844937154703985,1.0,drawdown
dd_p49_cp196,0.3461089870802425,1.0,drawdown
dd_p49_cp197,0.2508810555038963,1.0,drawdown
dd_p49_cp198,0.2728037990877965,1.0,drawdown
dd_p49_cp199,0.15805190807941472,1.0,drawdown
dd_p49_cp200,0.20785272330840598,1.0,drawdown
dd_p49_cp201,0.09717140996326634,1.0,drawdown
dd_p49_cp202,0.1533842905741949,1.0,drawdown
dd_p49_cp203,0.058322957210521054,1.0,drawdown
dd_p49_cp204,0.10981767091425354,1.0,drawdown
dd_p49_cp205,0.034178749894635985,1.0,drawdown
dd_p49_cp206,0.07640050112877361,1.0,drawdown
dd_p49_cp207,0.019549721729390512,1.0,drawdown
dd_p49_cp208,0.05172152541899777,1.0,drawdown
dd_p49_cp209,0.010900355904595926,1.0,drawdown
dd_p49_cp210,0.0341199000213237,1.0,drawdown
dd_p49_cp211,0.005905651156581371,1.0,drawdown
dd_p50_cp0,1.677162525742915,1.0,drawdown
dd_p50_cp1,0.024399357741458516,1.0,drawdown
dd_p50_cp2,2.159851936816267,1.0,drawdown
dd_p50_cp3,0.03459213978248954,1.0,drawdown
dd_p50_cp4,2.680332389702926,1.0,drawdown
dd_p50_cp5,0.04819524730874036,1.0,drawdown
dd_p50_cp6,3.1935078229712417,1.0,drawdown
dd_p50_cp7,0.06580735972738694,1.0,drawdown
dd_p50_cp8,3.6389878581421726,1.0,drawdown
dd_p50_cp9,0.08802718804054166,1.0,drawdown
dd_p50_cp10,3.9512914617203023,1.0,drawdown
dd_p50_cp11,0.11541263798244472,1.0,drawdown
dd_p50_cp12,4.077460299362883,1.0,drawdown
dd_p50_cp13,0.14844555941544968,1.0,drawdown
dd_p50_cp14,3.9973994199526715,1.0,drawdown
dd_p50_cp15,0.18749332441211664,1.0,drawdown
dd_p50_cp16,3.7354989987888985,1.0,drawdown
dd_p50_cp17,0.2327484966413067,1.0,drawdown
dd_p50_cp18,3.3501738829722854,1.0,drawdown
dd_p50_cp19,0.2841206253974633,1.0,drawdown
dd_p50_cp20,2.9145500738782175,1.0,drawdown
dd_p50_cp21,0.34105998672112037,1.0,drawdown
dd_p50_cp22,2.4996089118358213,1.0,drawdown
dd_p50_cp23,0.4023215845404593,1.0,drawdown
dd_p50_cp24,2.1643361545720836,1.0,drawdown
dd_p50_cp25,0.46572713085606665,1.0,drawdown
dd_p50_cp26,1.9526632511392563,1.0,drawdown
dd_p50_cp27,0.5280305397118354,1.0,drawdown
dd_p50_cp28,1.8946896853840371,1.0,drawdown
dd_p50_cp29,0.585004528083573,1.0,drawdown
dd_p50_cp30,2.0093028378964846,1.0,drawdown
dd_p50_cp31,0.6318235882208683,1.0,drawdown
dd_p50_cp32,2.3060142699473545,1.0,drawdown
dd_p50_cp33,0.6637299044487008,1.0,drawdown
dd_p50_cp34,2.7848419676674894,1.0,drawdown
dd_p50_cp35,0.6768623369571287,1.0,drawdown
dd_p50_cp36,3.4339425986941023,1.0,drawdown
dd_p50_cp37,0.6690440000315903,1.0,drawdown
dd_p50_cp38,4.225311427831457,1.0,drawdown
dd_p50_cp39,0.6403013651720357,1.0,drawdown
dd_p50_cp40,5.109407273509987,1.0,drawdown
dd_p50_cp41,0.5929505024346327,1.0,drawdown
dd_p50_cp42,6.010571447754955,1.0,drawdown
dd_p50_cp43,0.5312174924533792,1.0,drawdown
dd_p50_cp44,6.8272472702087725,1.0,drawdown
dd_p50_cp45,0.4605021555453277,1.0,drawdown
dd_p50_cp46,7.443965000969911,1.0,drawdown
dd_p50_cp47,0.38649013508893404,1.0,drawdown
dd_p50_cp48,7.762912910970044,1.0,drawdown
dd_p50_cp49,0.31433435372264285,1.0,drawdown
dd_p50_cp50,7.754694678471424,1.0,drawdown
dd_p50_cp51,0.24806979796358064,1.0,drawdown
dd_p50_cp52,7.497306125439991,1.0,drawdown
dd_p50_cp53,0.19033230426703085,1.0,drawdown
dd_p50_cp54,7.128100930174696,1.0,drawdown
dd_p50_cp55,0.14236312357252245,1.0,drawdown
dd_p50_cp56,6.7850527650448385,1.0,drawdown
dd_p50_cp57,0.104222419423877,1.0,drawdown
dd_p50_cp58,6.568320603728353,1.0,drawdown
dd_p50_cp59,0.07511349042124493,1.0,drawdown
dd_p50_cp60,6.521882468919102,1.0,drawdown
dd_p50_cp61,0.053728453199255455,1.0,drawdown
dd_p50_cp62,6.627622191021601,1.0,drawdown
dd_p50_cp63,0.03855218129046989,1.0,drawdown
dd_p50_cp64,6.8075532924335675,1.0,drawdown
dd_p50_cp65,0.02809152222243938,1.0,drawdown
dd_p50_cp66,6.937012057351694,1.0,drawdown
dd_p50_cp67,0.021022265103511018,1.0,drawdown
dd_p50_cp68,6.879418581095479,1.0,drawdown
dd_p50_cp69,0.01626302833938098,1.0,drawdown
dd_p50_cp70,6.54957251881001,1.0,drawdown
dd_p50_cp71,0.012993203139785692,1.0,drawdown
dd_p50_cp72,5.9676069476397515,1.0,drawdown
dd_p50_cp73,0.010633550237116651,1.0,drawdown
dd_p50_cp74,5.217723535069126,1.0,drawdown
dd_p50_cp75,0.008805753886690582,1.0,drawdown
dd_p50_cp76,4.395416735928848,1.0,drawdown
dd_p50_cp77,0.007283392552380974,1.0,drawdown
dd_p50_cp78,3.5802085686946157,1.0,drawdown
dd_p50_cp79,0.0059426823929698,1.0,drawdown
dd_p50_cp80,2.8275300569093815,1.0,drawdown
dd_p50_cp81,0.004717500868537172,1.0,drawdown
dd_p50_cp82,2.1695182801856845,1.0,drawdown
dd_p50_cp83,0.003559654800710632,1.0,drawdown
dd_p50_cp84,2.260186965290359,1.0,drawdown
dd_p50_cp85,2.9304167428194887,1.0,drawdown
dd_p50_cp86,2.9463343595994047,1.0,drawdown
dd_p50_cp87,3.864113701513361,1.0,drawdown
dd_p50_cp88,3.7020855248874796,1.0,drawdown
dd_p50_cp89,4.966517881735399,1.0,drawdown
dd_p50_cp90,4.465106835866209,1.0,drawdown
dd_p50_cp91,6.210502062491969,1.0,drawdown
dd_p50_cp92,5.145226428659953,1.0,drawdown
dd_p50_cp93,7.5406379984374325,1.0,drawdown
dd_p50_cp94,5.636562550881536,1.0,drawdown
dd_p50_cp95,8.873417195620505,1.0,drawdown
dd_p50_cp96,5.844247822905345,1.0,drawdown
dd_p50_cp97,10.104843402524466,1.0,drawdown
dd_p50_cp98,5.724112791353491,1.0,drawdown
dd_p50_cp99,11.119789956467912,1.0,drawdown
dd_p50_cp100,5.314779951084802,1.0,drawdown
dd_p50_cp101,11.796799071370287,1.0,drawdown
dd_p50_cp102,4.705814633958198,1.0,drawdown
dd_p50_cp103,12.035606188667089,1.0,drawdown
dd_p50_cp104,3.9986073871318695,1.0,drawdown
dd_p50_cp105,11.80693221373599,1.0,drawdown
dd_p50_cp106,3.280618715057244,1.0,drawdown
dd_p50_cp107,11.203197959121098,1.0,drawdown
dd_p50_cp108,2.6143050611003673,1.0,drawdown
dd_p50_cp109,10.383191285350676,1.0,drawdown
dd_p50_cp110,2.0366684585146686,1.0,drawdown
dd_p50_cp111,9.511373430912954,1.0,drawdown
dd_p50_cp112,1.56430906804826,1.0,drawdown
dd_p50_cp113,8.705656642768645,1.0,drawdown
dd_p50_cp114,1.2002093300893648,1.0,drawdown
dd_p50_cp115,8.001507957544618,1.0,drawdown
dd_p50_cp116,0.9402087802814094,1.0,drawdown
dd_p50_cp117,7.345312436944141,1.0,drawdown
dd_p50_cp118,0.7783321892634376,1.0,drawdown
dd_p50_cp119,6.630425189479865,1.0,drawdown
dd_p50_cp120,0.7107667987288551,1.0,drawdown
dd_p50_cp121,5.781448833848117,1.0,drawdown
dd_p50_cp122,0.738544260494109,1.0,drawdown
dd_p50_cp123,4.836601120593286,1.0,drawdown
dd_p50_cp124,0.8690457714264994,1.0,drawdown
dd_p50_cp125,3.8886552519309134,1.0,drawdown
dd_p50_cp126,1.1164280846255679,1.0,drawdown
dd_p50_cp127,3.0211305322895896,1.0,drawdown
dd_p50_cp128,1.5010151543233405,1.0,drawdown
dd_p50_cp129,2.2842403455615568,1.0,drawdown
dd_p50_cp130,2.047584943437414,1.0,drawdown
dd_p50_cp131,1.6972835403935278,1.0,drawdown
dd_p50_cp132,2.782152857206256,1.0,drawdown
dd_p50_cp133,1.2594002065661698,1.0,drawdown
dd_p50_cp134,3.726080617134812,1.0,drawdown
dd_p50_cp135,0.9601072861678404,1.0,drawdown
dd_p50_cp136,4.885166379066504,1.0,drawdown
dd_p50_cp137,0.7870688370242078,1.0,drawdown
dd_p50_cp138,6.2309396930982075,1.0,drawdown
dd_p50_cp139,0.73086739021619,1.0,drawdown
dd_p50_cp140,7.674445705428752,1.0,drawdown
dd_p50_cp141,0.7872533064219169,1.0,drawdown
dd_p50_cp142,9.041702536996581,1.0,drawdown
dd_p50_cp143,0.9573986781294934,1.0,drawdown
dd_p50_cp144,10.07208366378427,1.0,drawdown
dd_p50_cp145,1.2464832395310168,1.0,drawdown
dd_p50_cp146,10.471930738606261,1.0,drawdown
dd_p50_cp147,1.6607609114146271,1.0,drawdown
dd_p50_cp148,10.069467745609018,1.0,drawdown
dd_p50_cp149,2.2032557495861056,1.0,drawdown
dd_p50_cp150,9.036233733963854,1.0,drawdown
dd_p50_cp151,2.8684845701291124,1.0,drawdown
dd_p50_cp152,7.6656688032876446,1.0,drawdown
dd_p50_cp153,3.637118298004907,1.0,drawdown
dd_p50_cp154,6.218214261897174,1.0,drawdown
dd_p50_cp155,4.47225375897483,1.0,drawdown
dd_p50_cp156,4.8677011789245626,1.0,drawdown
dd_p50_cp157,5.319796792726038,1.0,drawdown
dd_p50_cp158,3.702940298080648,1.0,drawdown
dd_p50_cp159,6.115607155702037,1.0,drawdown
dd_p50_cp160,2.752182187132348,1.0,drawdown
dd_p50_cp161,6.799779596473172,1.0,drawdown
dd_p50_cp162,2.0091614532952917,1.0,drawdown
dd_p50_cp163,7.3323332947497875,1.0,drawdown
dd_p50_cp164,1.4515033168254377,1.0,drawdown
dd_p50_cp165,7.6982654476430525,1.0,drawdown
dd_p50_cp166,1.0511778092331951,1.0,drawdown
dd_p50_cp167,7.89450761734156,1.0,drawdown
dd_p50_cp168,0.7797718806077683,1.0,drawdown
dd_p50_cp169,7.911276599769053,1.0,drawdown
dd_p50_cp170,0.6109627857626947,1.0,drawdown
dd_p50_cp171,7.72488502790884,1.0,drawdown
dd_p50_cp172,0.5214701113900446,1.0,drawdown
dd_p50_cp173,7.310713508123172,1.0,drawdown
dd_p50_cp174,0.4910762542899647,1.0,drawdown
dd_p50_cp175,6.671393077236189,1.0,drawdown
dd_p50_cp176,0.5020744585817738,1.0,drawdown
dd_p50_cp177,5.857343289312212,1.0,drawdown
dd_p50_cp178,0.5384915275603817,1.0,drawdown
dd_p50_cp179,4.950289219545766,1.0,drawdown
dd_p50_cp180,0.5854727756304783,1.0,drawdown
dd_p50_cp181,4.035240331083514,1.0,drawdown
dd_p50_cp182,0.6292239243243785,1.0,drawdown
dd_p50_cp183,3.1804088396454517,1.0,drawdown
dd_p50_cp184,0.6577893083208437,1.0,drawdown
dd_p50_cp185,2.4292770485196797,1.0,drawdown
dd_p50_cp186,0.6625884093687091,1.0,drawdown
dd_p50_cp187,1.8016928399338212,1.0,drawdown
dd_p50_cp188,0.6400256175061259,1.0,drawdown
dd_p50_cp189,1.2993520657289537,1.0,drawdown
dd_p50_cp190,0.5920364670146228,1.0,drawdown
dd_p50_cp191,0.9121876375168085,1.0,drawdown
dd_p50_cp192,0.5248981612721764,1.0,drawdown
dd_p50_cp193,0.6238881106712597,1.0,drawdown
dd_p50_cp194,0.44696350326557877,1.0,drawdown
dd_p50_cp195,0.41598478170726594,1.0,drawdown
dd_p50_cp196,0.36644935731692385,1.0,drawdown
dd_p50_cp197,0.2705441594164313,1.0,drawdown
dd_p50_cp198,0.2899740212974393,1.0,drawdown
dd_p50_cp199,0.17171278674891255,1.0,drawdown
dd_p50_cp200,0.22195432593707665,1.0,drawdown
dd_p50_cp201,0.10640288681497623,1.0,drawdown
dd_p50_cp202,0.16465010185493156,1.0,drawdown
dd_p50_cp203,0.06439021170444903,1.0,drawdown
dd_p50_cp204,0.11857164262892184,1.0,drawdown
dd_p50_cp205,0.03805644707108513,1.0,drawdown
dd_p50_cp206,0.0830169412088253,1.0,drawdown
dd_p50_cp207,0.02195839355613316,1.0,drawdown
dd_p50_cp208,0.05658753281977624,1.0,drawdown
dd_p50_cp209,0.01235232117483065,1.0,drawdown
dd_p50_cp210,0.037604560571708134,1.0,drawdown
dd_p50_cp211,0.0067520916691137245,1.0,drawdown
dd_p51_cp0,1.7389197502743627,1.0,drawdown
dd_p51_cp1,0.027010292896648025,1.0,drawdown
dd_p51_cp2,2.229141026019988,1.0,drawdown
dd_p51_cp3,0.038105813885522366,1.0,drawdown
dd_p51_cp4,2.7551730841692006,1.0,drawdown
dd_p51_cp5,0.052866538716898503,1.0,drawdown
dd_p51_cp6,3.271838469559043,1.0,drawdown
dd_p51_cp7,0.07191499161308457,1.0,drawdown
dd_p51_cp8,3.719379976329492,1.0,drawdown
dd_p51_cp9,0.09586878702839385,1.0,drawdown
dd_p51_cp10,4.0332794718538025,1.0,drawdown
dd_p51_cp11,0.12529429011647153,1.0,drawdown
dd_p51_cp12,4.161155984109882,1.0,drawdown
dd_p51_cp13,0.16066596467862837,1.0,drawdown
dd_p51_cp14,4.083014079436907,1.0,drawdown
dd_p51_cp15,0.20232325612187196,1.0,drawdown
dd_p51_cp16,3.8234714686977895,1.0,drawdown
dd_p51_cp17,0.25040724645532464,1.0,drawdown
dd_p51_cp18,3.440704946455753,1.0,drawdown
dd_p51_cp19,0.3047520860241093,1.0,drawdown
dd_p51_cp20,3.0072299673938687,1.0,drawdown
dd_p51_cp21,0.36471152679951047,1.0,drawdown
dd_p51_cp22,2.5937402219929027,1.0,drawdown
dd_p51_cp23,0.4289286256325795,1.0,drawdown
dd_p51_cp24,2.259596988694284,1.0,drawdown
dd_p51_cp25,0.49510535883291595,1.0,drawdown
dd_p51_cp26,2.0495780620435653,1.0,drawdown
dd_p51_cp27,0.5598762222948608,1.0,drawdown
dd_p51_cp28,1.9946820185869,1.0,drawdown
dd_p51_cp29,0.6189019994262708,1.0,drawdown
dd_p51_cp30,2.1143962998762618,1.0,drawdown
dd_p51_cp31,0.6672582002670424,1.0,drawdown
dd_p51_cp32,2.418372713269491,1.0,drawdown
dd_p51_cp33,0.7001051009942785,1.0,drawdown
dd_p51_cp34,2.906333614412688,1.0,drawdown
dd_p51_cp35,0.7135207944011199,1.0,drawdown
dd_p51_cp36,3.5658425655997235,1.0,drawdown
dd_p51_cp37,0.7052937991043109,1.0,drawdown
dd_p51_cp38,4.368187914076316,1.0,drawdown
dd_p51_cp39,0.6754477407930608,1.0,drawdown
dd_p51_cp40,5.263229859251624,1.0,drawdown
dd_p51_cp41,0.6263323314142326,1.0,drawdown
dd_p51_cp42,6.175098355084629,1.0,drawdown
dd_p51_cp43,0.5622464176494759,1.0,drawdown
dd_p51_cp44,7.002505011602352,1.0,drawdown
dd_p51_cp45,0.4887008428518129,1.0,drawdown
dd_p51_cp46,7.62993060817962,1.0,drawdown
dd_p51_cp47,0.41152461211277114,1.0,drawdown
dd_p51_cp48,7.957706658257848,1.0,drawdown
dd_p51_cp49,0.3360347237589849,1.0,drawdown
dd_p51_cp50,7.954212330169867,1.0,drawdown
dd_p51_cp51,0.266434755008504,1.0,drawdown
dd_p51_cp52,7.699998968101227,1.0,drawdown
dd_p51_cp53,0.20551573252623712,1.0,drawdown
dd_p51_cp54,7.334492573286752,1.0,drawdown
dd_p51_cp55,0.15464474082637025,1.0,drawdown
dd_p51_cp56,6.995726767399901,1.0,drawdown
dd_p51_cp57,0.11396767135056507,1.0,drawdown
dd_p51_cp58,6.783403917487249,1.0,drawdown
dd_p51_cp59,0.08272969104109507,1.0,drawdown
dd_p51_cp60,6.741415227966172,1.0,drawdown
dd_p51_cp61,0.059624079765399074,1.0,drawdown
dd_p51_cp62,6.851699194631692,1.0,drawdown
dd_p51_cp63,0.043104557570131874,1.0,drawdown
dd_p51_cp64,7.035478256359056,1.0,drawdown
dd_p51_cp65,0.03162561247063422,1.0,drawdown
dd_p51_cp66,7.165657914260237,1.0,drawdown
dd_p51_cp67,0.023800782889338734,1.0,drawdown
dd_p51_cp68,7.1028558235339005,1.0,drawdown
dd_p51_cp69,0.01848614448385888,1.0,drawdown
dd_p51_cp70,6.761257444301691,1.0,drawdown
dd_p51_cp71,0.014805074268906537,1.0,drawdown
dd_p51_cp72,6.161781310935567,1.0,drawdown
dd_p51_cp73,0.012132639271612788,1.0,drawdown
dd_p51_cp74,5.391549144792407,1.0,drawdown
dd_p51_cp75,0.010056251394644278,1.0,drawdown
dd_p51_cp76,4.5485618768896074,1.0,drawdown
dd_p51_cp77,0.008325692906282711,1.0,drawdown
dd_p51_cp78,3.7132413201702548,1.0,drawdown
dd_p51_cp79,0.006801571911410065,1.0,drawdown
dd_p51_cp80,2.9411318636527994,1.0,drawdown
dd_p51_cp81,0.0054072973648544576,1.0,drawdown
dd_p51_cp82,2.2645455550205043,1.0,drawdown
dd_p51_cp83,0.0040858947065771645,1.0,drawdown
dd_p51_cp84,2.3309152316815016,1.0,drawdown
dd_p51_cp85,3.048612666127383,1.0,drawdown
dd_p51_cp86,3.023544465170289,1.0,drawdown
dd_p51_cp87,4.0073706331488665,1.0,drawdown
dd_p51_cp88,3.7826626603236946,1.0,drawdown
dd_p51_cp89,5.134911679791458,1.0,drawdown
dd_p51_cp90,4.546557285973904,1.0,drawdown
dd_p51_cp91,6.400995712759368,1.0,drawdown
dd_p51_cp92,5.226942503216378,1.0,drawdown
dd_p51_cp93,7.745696170701649,1.0,drawdown
dd_p51_cp94,5.719656640832454,1.0,drawdown
dd_p51_cp95,9.081001230204947,1.0,drawdown
dd_p51_cp96,5.929369549030071,1.0,drawdown
dd_p51_cp97,10.301931354964154,1.0,drawdown
dd_p51_cp98,5.8105554480580395,1.0,drawdown
dd_p51_cp99,11.299588685404615,1.0,drawdown
dd_p51_cp100,5.40303174949895,1.0,drawdown
dd_p51_cp101,11.964999914080408,1.0,drawdown
dd_p51_cp102,4.7966907637146505,1.0,drawdown
dd_p51_cp103,12.204806564543333,1.0,drawdown
dd_p51_cp104,4.091114083590128,1.0,drawdown
dd_p51_cp105,11.983470697240591,1.0,drawdown
dd_p51_cp106,3.3718490806754744,1.0,drawdown
dd_p51_cp107,11.39836725804048,1.0,drawdown
dd_p51_cp108,2.700774224804263,1.0,drawdown
dd_p51_cp109,10.601030774784249,1.0,drawdown
dd_p51_cp110,2.11563451035272,1.0,drawdown
dd_p51_cp111,9.74391146512312,1.0,drawdown
dd_p51_cp112,1.6344414852810587,1.0,drawdown
dd_p51_cp113,8.93893172501248,1.0,drawdown
dd_p51_cp114,1.2616539124528572,1.0,drawdown
dd_p51_cp115,8.222289072886042,1.0,drawdown
dd_p51_cp116,0.9943205616418709,1.0,drawdown
dd_p51_cp117,7.545020399732721,1.0,drawdown
dd_p51_cp118,0.8273092899039511,1.0,drawdown
dd_p51_cp119,6.806791402770159,1.0,drawdown
dd_p51_cp120,0.7573133505679834,1.0,drawdown
dd_p51_cp121,5.937233135238557,1.0,drawdown
dd_p51_cp122,0.7856083247315837,1.0,drawdown
dd_p51_cp123,4.973977104575852,1.0,drawdown
dd_p51_cp124,0.919639355918207,1.0,drawdown
dd_p51_cp125,4.008333057160826,1.0,drawdown
dd_p51_cp126,1.1735315137079851,1.0,drawdown
dd_p51_cp127,3.1236410823767073,1.0,drawdown
dd_p51_cp128,1.567569201351489,1.0,drawdown
dd_p51_cp129,2.3708238055187394,1.0,drawdown
dd_p51_cp130,2.1265363627071565,1.0,drawdown
dd_p51_cp131,1.7699932533284937,1.0,drawdown
dd_p51_cp132,2.8764101724805187,1.0,drawdown
dd_p51_cp133,1.3210007086399855,1.0,drawdown
dd_p51_cp134,3.838135861666615,1.0,drawdown
dd_p51_cp135,1.0139564152345883,1.0,drawdown
dd_p51_cp136,5.016342269912457,1.0,drawdown
dd_p51_cp137,0.8369713280058022,1.0,drawdown
dd_p51_cp138,6.381027756585354,1.0,drawdown
dd_p51_cp139,0.7809175026006869,1.0,drawdown
dd_p51_cp140,7.843173589456001,1.0,drawdown
dd_p51_cp141,0.8416875407922362,1.0,drawdown
dd_p51_cp142,9.23126837514883,1.0,drawdown
dd_p51_cp143,1.020449341188396,1.0,drawdown
dd_p51_cp144,10.284124181941024,1.0,drawdown
dd_p51_cp145,1.3222125430156666,1.0,drawdown
dd_p51_cp146,10.695331998902475,1.0,drawdown
dd_p51_cp147,1.7528692002181288,1.0,drawdown
dd_p51_cp148,10.28123728886385,1.0,drawdown
dd_p51_cp149,2.3148737298752167,1.0,drawdown
dd_p51_cp150,9.22524809668721,1.0,drawdown
dd_p51_cp151,3.001958306354709,1.0,drawdown
dd_p51_cp152,7.833546936233233,1.0,drawdown
dd_p51_cp153,3.793783991992086,1.0,drawdown
dd_p51_cp154,6.367129855681014,1.0,drawdown
dd_p51_cp155,4.6522177980132255,1.0,drawdown
dd_p51_cp156,4.997350727074263,1.0,drawdown
dd_p51_cp157,5.521804711438563,1.0,drawdown
dd_p51_cp158,3.8130729990230066,1.0,drawdown
dd_p51_cp159,6.33710601392545,1.0,drawdown
dd_p51_cp160,2.844055030929667,1.0,drawdown
dd_p51_cp161,7.037137163488296,1.0,drawdown
dd_p51_cp162,2.08515412132283,1.0,drawdown
dd_p51_cp163,7.581057356319889,1.0,drawdown
dd_p51_cp164,1.5143291090539606,1.0,drawdown
dd_p51_cp165,7.953232719115931,1.0,drawdown
dd_p51_cp166,1.1034568824529742,1.0,drawdown
dd_p51_cp167,8.15042405720419,1.0,drawdown
dd_p51_cp168,0.8239317266597936,1.0,drawdown
dd_p51_cp169,8.163152855285944,1.0,drawdown
dd_p51_cp170,0.649233583912519,1.0,drawdown
dd_p51_cp171,7.968007867006008,1.0,drawdown
dd_p51_cp172,0.5558512637408057,1.0,drawdown
dd_p51_cp173,7.540247619939919,1.0,drawdown
dd_p51_cp174,0.5232659606567722,1.0,drawdown
dd_p51_cp175,6.882796121379215,1.0,drawdown
dd_p51_cp176,0.5333951072657328,1.0,drawdown
dd_p51_cp177,6.047522187303002,1.0,drawdown
dd_p51_cp178,0.5698377965495638,1.0,drawdown
dd_p51_cp179,5.117943817148216,1.0,drawdown
dd_p51_cp180,0.6172949445817721,1.0,drawdown
dd_p51_cp181,4.180244972206765,1.0,drawdown
dd_p51_cp182,0.6615526706127639,1.0,drawdown
dd_p51_cp183,3.3033389688228,1.0,drawdown
dd_p51_cp184,0.690305409713801,1.0,drawdown
dd_p51_cp185,2.5312985607599785,1.0,drawdown
dd_p51_cp186,0.694728426868096,1.0,drawdown
dd_p51_cp187,1.8845105553227768,1.0,drawdown
dd_p51_cp188,0.6710986475995924,1.0,drawdown
dd_p51_cp189,1.3650714729915308,1.0,drawdown
dd_p51_cp190,0.6213340472186246,1.0,drawdown
dd_p51_cp191,0.963131196593622,1.0,drawdown
dd_p51_cp192,0.5517949007489733,1.0,drawdown
dd_p51_cp193,0.6624280174469277,1.0,drawdown
dd_p51_cp194,0.47099441694717825,1.0,drawdown
dd_p51_cp195,0.44441226518642907,1.0,drawdown
dd_p51_cp196,0.3873466376335273,1.0,drawdown
dd_p51_cp197,0.29097163958545025,1.0,drawdown
dd_p51_cp198,0.3076649760496366,1.0,drawdown
dd_p51_cp199,0.18600464202881994,1.0,drawdown
dd_p51_cp200,0.2365352633441944,1.0,drawdown
dd_p51_cp201,0.11613509465996685,1.0,drawdown
dd_p51_cp202,0.17634940861535142,1.0,drawdown
dd_p51_cp203,0.07083918736725536,1.0,drawdown
dd_p51_cp204,0.12770931614477377,1.0,drawdown
dd_p51_cp205,0.042213682431338384,1.0,drawdown
dd_p51_cp206,0.08996445032744305,1.0,drawdown
dd_p51_cp207,0.024563721125559823,1.0,drawdown
dd_p51_cp208,0.06173113924842255,1.0,drawdown
dd_p51_cp209,0.013937087285285088,1.0,drawdown
dd_p51_cp210,0.04131504859969937,1.0,drawdown
dd_p51_cp211,0.0076843718607051414,1.0,drawdown
