                                   MODFLOW 6
                U.S. GEOLOGICAL SURVEY MODULAR HYDROLOGIC MODEL
                          GROUNDWATER FLOW MODEL (GWF)
                            VERSION 6.6.3 09/29/2025

   MODFLOW 6 compiled Oct 07 2025 23:07:48 with Intel(R) Fortran Intel(R) 64
   Compiler Classic for applications running on Intel(R) 64, Version 2021.7.0
                             Build 20220726_000000

This software has been approved for release by the U.S. Geological 
Survey (USGS). Although the software has been subjected to rigorous 
review, the USGS reserves the right to update the software as needed 
pursuant to further analysis and review. No warranty, expressed or 
implied, is made by the USGS or the U.S. Government as to the 
functionality of the software and related material nor shall the 
fact of release constitute any such warranty. Furthermore, the 
software is released on condition that neither the USGS nor the U.S. 
Government shall be held liable for any damages resulting from its 
authorized or unauthorized use. Also refer to the USGS Water 
Resources Software User Rights Notice for complete use, copyright, 
and distribution information.


As a work of the United States Government, this USGS product is 
in the public domain within the United States. You can copy, 
modify, distribute, and perform the work, even for commercial 
purposes, all without asking permission. Additionally, USGS 
waives copyright and related rights in the work worldwide 
through CC0 1.0 Universal Public Domain Dedication 
(https://creativecommons.org/publicdomain/zero/1.0/).

The following GNU Lesser General Public License (LGPL) libraries
are used in this USGS product:

    SPARSKIT version 2.0
      ilut, luson, and qsplit 
      (https://www-users.cse.umn.edu/~saad/software/SPARSKIT/)

    RCM - Reverse Cuthill McKee Ordering
      (https://people.math.sc.edu/Burkardt/f_src/rcm/rcm.html)

    BLAS - Basic Linear Algebra Subprograms Level 1
      (https://people.math.sc.edu/Burkardt/f_src/blas1_d/blas1_d.html)

    SPARSEKIT - Sparse Matrix Utility Package
      amux, dperm, dvperm, rperm, and cperm
      (https://people.sc.fsu.edu/~jburkardt/f77_src/sparsekit/sparsekit.html)

The following BSD-3 License libraries are used in this USGS product:

    Modern Fortran DAG Library
      Copyright (c) 2018, Jacob Williams
      All rights reserved.
      (https://github.com/jacobwilliams/daglib)

MODFLOW 6 compiler options: /O2 /heap-arrays:0 /fpe:0 /traceback /nologo /fpp
/c /module:win64\mod_mf6\ /object:win64\obj_mf6\

System command used to initiate simulation:
C:\Python\Personal\kfm-ms\codes\binaries\MODFLOW6\windows\mf6.exe

MODFLOW was compiled using uniform precision.

Real Variables
  KIND: 8
  TINY (smallest non-zero value):    2.225074-308
  HUGE (largest value):    1.797693+308
  PRECISION: 15
  SIZE IN BITS: 64

Integer Variables
  KIND: 4
  HUGE (largest value): 2147483647
  SIZE IN BITS: 32

Long Integer Variables
  KIND: 8
  HUGE (largest value): 9223372036854775807
  SIZE IN BITS: 64

Logical Variables
  KIND: 4
  SIZE IN BITS: 32
 
 NAMEFILE OPTIONS:
    FLOWS WILL BE SAVED TO BUDGET FILE SPECIFIED IN OUTPUT CONTROL
 END NAMEFILE OPTIONS:

 DIS -- STRUCTURED GRID DISCRETIZATION PACKAGE, VERSION 2 : 3/27/2014 - INPUT READ FROM MEMPATH: __INPUT__/PHANTOM_65/DIS                          


 NPF -- NODE PROPERTY FLOW PACKAGE, VERSION 1, 3/30/2015 INPUT READ FROM MEMPATH: __INPUT__/PHANTOM_65/NPF                          


 IC -- Initial Conditions Package, Version 8, 3/28/2015 input read from mempath: __INPUT__/PHANTOM_65/IC                           


 Setting Discretization Options
    XORIGIN = .000000000000000
    YORIGIN = .000000000000000
 End Setting Discretization Options

 Setting Discretization Dimensions
    NLAY = 1
    NROW = 116
    NCOL = 92
 End Setting Discretization Dimensions

 Setting Discretization Griddata
    DELR set from input file
    DELC set from input file
    TOP set from input file
    BOTM set from input file
    IDOMAIN set from input file
 End Setting Discretization Griddata

 Setting NPF Options
 End Setting NPF Options

 Setting NPF Griddata
    ICELLTYPE set from input file
    K set from input file
    K33 not provided.  Setting K33 = K.
    K22 not provided.  Setting K22 = K.
 End Setting NPF Griddata


 WEL -- WEL PACKAGE, VERSION 8, 2/22/2014 INPUT READ FROM MEMPATH: __INPUT__/PHANTOM_65/WEL                          

 PROCESSING WEL BASE OPTIONS
 END OF WEL BASE OPTIONS

 PROCESSING WEL OPTIONS
 END OF WEL OPTIONS

 PROCESSING WEL BASE DIMENSIONS
    MAXBOUND =       1
 END OF WEL BASE DIMENSIONS

 GHB -- GHB PACKAGE, VERSION 8, 2/22/2014 INPUT READ FROM MEMPATH: __INPUT__/PHANTOM_65/GHB                          

 PROCESSING GHB BASE OPTIONS
 END OF GHB BASE OPTIONS

 PROCESSING GHB OPTIONS
 END OF GHB OPTIONS

 PROCESSING GHB BASE DIMENSIONS
    MAXBOUND =     232
 END OF GHB BASE DIMENSIONS
    STRT set from input file

 STO -- STORAGE PACKAGE, VERSION 1, 5/19/2014 INPUT READ FROM MEMPATH: __INPUT__/PHANTOM_65/STO                          


 PROCESSING STORAGE OPTIONS
 END OF STORAGE OPTIONS
    BINARY GRID INFORMATION WILL BE WRITTEN TO:
      UNIT NUMBER: 1015
      FILE NAME: phantom_65.dis.grb

 OPENED phantom_65.dis.grb
 FILE TYPE:DATA(BINARY)   UNIT 1015   STATUS:REPLACE             
 FORMAT:UNFORMATTED            ACCESS:STREAM              
 ACTION:READWRITE           

      THE LAST TIME STEP WILL BE PRINTED
      THE LAST TIME STEP WILL BE PRINTED
 # File generated by Flopy version 3.10.0 on 06/11/2026 at 21:00:52.

 PROCESSING OC OPTIONS

    HEAD INFORMATION WILL BE WRITTEN TO:
      UNIT NUMBER: 1016
      FILE NAME: phantom_65.hds

 OPENED phantom_65.hds
 FILE TYPE:DATA(BINARY)   UNIT 1016   STATUS:REPLACE             
 FORMAT:UNFORMATTED            ACCESS:STREAM              
 ACTION:READWRITE           

 END OF OC OPTIONS

start timestep kper="1" kstp="1" mode="normal"


 BEGIN READING OUTPUT CONTROL FOR STRESS PERIOD 1
      ALL TIME STEPS WILL BE SAVED

 END READING OUTPUT CONTROL FOR STRESS PERIOD 1


 PROCESSING STORAGE PERIOD DATA
 END PROCESSING STORAGE PERIOD DATA


 STRESS PERIOD 1 IS TRANSIENT


 HEAD WILL BE SAVED ON UNIT 1016 AT END OF TIME STEP    1, STRESS PERIOD    1


  VOLUME BUDGET FOR ENTIRE MODEL AT END OF TIME STEP    1, STRESS PERIOD   1
  ---------------------------------------------------------------------------------------------------

     CUMULATIVE VOLUME      L**3       RATES FOR THIS TIME STEP      L**3/T          PACKAGE NAME    
     ------------------                 ------------------------                     ----------------

           IN:                                      IN:
           ---                                      ---
              STO-SS =      127063.5720                STO-SS =       18151.9389     STORAGE                          
                 WEL =           0.0000                   WEL =           0.0000     WEL                              
                 GHB =         103.5060                   GHB =          14.7866     GHB                              

            TOTAL IN =      127167.0780              TOTAL IN =       18166.7254

          OUT:                                     OUT:
          ----                                     ----
              STO-SS =      120063.5720                STO-SS =       17151.9389     STORAGE                          
                 WEL =        7000.0000                   WEL =        1000.0000     WEL                              
                 GHB =         103.5060                   GHB =          14.7866     GHB                              

           TOTAL OUT =      127167.0780             TOTAL OUT =       18166.7254

            IN - OUT =      -1.8909E-06              IN - OUT =      -2.7013E-07

 PERCENT DISCREPANCY =          -0.00     PERCENT DISCREPANCY =          -0.00




         TIME SUMMARY AT END OF TIME STEP    1 IN STRESS PERIOD    1
                    SECONDS     MINUTES      HOURS       DAYS        YEARS
                    -----------------------------------------------------------
   TIME STEP LENGTH 6.04800E+05  10080.      168.00      7.0000     1.91650E-02
 STRESS PERIOD TIME 6.04800E+05  10080.      168.00      7.0000     1.91650E-02
         TOTAL TIME 6.04800E+05  10080.      168.00      7.0000     1.91650E-02


end timestep


start timestep kper="2" kstp="1" mode="normal"


 END OF FILE DETECTED IN OUTPUT CONTROL.
 CURRENT OUTPUT CONTROL SETTINGS WILL BE 
 REPEATED UNTIL THE END OF THE SIMULATION.

 OUTPUT CONTROL FOR STRESS PERIOD 2 IS REPEATED USING SETTINGS FROM A PREVIOUS STRESS PERIOD.

 HEAD WILL BE SAVED ON UNIT 1016 AT END OF TIME STEP    1, STRESS PERIOD    2


  VOLUME BUDGET FOR ENTIRE MODEL AT END OF TIME STEP    1, STRESS PERIOD   2
  ---------------------------------------------------------------------------------------------------

     CUMULATIVE VOLUME      L**3       RATES FOR THIS TIME STEP      L**3/T          PACKAGE NAME    
     ------------------                 ------------------------                     ----------------

           IN:                                      IN:
           ---                                      ---
              STO-SS =      254044.8901                STO-SS =       18140.1883     STORAGE                          
                 WEL =           0.0000                   WEL =           0.0000     WEL                              
                 GHB =         289.2608                   GHB =          26.5364     GHB                              

            TOTAL IN =      254334.1509              TOTAL IN =       18166.7247

          OUT:                                     OUT:
          ----                                     ----
              STO-SS =      240044.8905                STO-SS =       17140.1884     STORAGE                          
                 WEL =       14000.0000                   WEL =        1000.0000     WEL                              
                 GHB =         289.2608                   GHB =          26.5364     GHB                              

           TOTAL OUT =      254334.1513             TOTAL OUT =       18166.7248

            IN - OUT =      -3.8918E-04              IN - OUT =      -5.5327E-05

 PERCENT DISCREPANCY =          -0.00     PERCENT DISCREPANCY =          -0.00




         TIME SUMMARY AT END OF TIME STEP    1 IN STRESS PERIOD    2
                    SECONDS     MINUTES      HOURS       DAYS        YEARS
                    -----------------------------------------------------------
   TIME STEP LENGTH 6.04800E+05  10080.      168.00      7.0000     1.91650E-02
 STRESS PERIOD TIME 6.04800E+05  10080.      168.00      7.0000     1.91650E-02
         TOTAL TIME 1.20960E+06  20160.      336.00      14.000     3.83299E-02


end timestep


start timestep kper="3" kstp="1" mode="normal"


 OUTPUT CONTROL FOR STRESS PERIOD 3 IS REPEATED USING SETTINGS FROM A PREVIOUS STRESS PERIOD.

 HEAD WILL BE SAVED ON UNIT 1016 AT END OF TIME STEP    1, STRESS PERIOD    3


  VOLUME BUDGET FOR ENTIRE MODEL AT END OF TIME STEP    1, STRESS PERIOD   3
  ---------------------------------------------------------------------------------------------------

     CUMULATIVE VOLUME      L**3       RATES FOR THIS TIME STEP      L**3/T          PACKAGE NAME    
     ------------------                 ------------------------                     ----------------

           IN:                                      IN:
           ---                                      ---
              STO-SS =      380957.4062                STO-SS =       18130.3594     STORAGE                          
                 WEL =           0.0000                   WEL =           0.0000     WEL                              
                 GHB =         543.8186                   GHB =          36.3654     GHB                              

            TOTAL IN =      381501.2248              TOTAL IN =       18166.7248

          OUT:                                     OUT:
          ----                                     ----
              STO-SS =      359957.4069                STO-SS =       17130.3595     STORAGE                          
                 WEL =       21000.0000                   WEL =        1000.0000     WEL                              
                 GHB =         543.8186                   GHB =          36.3654     GHB                              

           TOTAL OUT =      381501.2255             TOTAL OUT =       18166.7249

            IN - OUT =      -6.6730E-04              IN - OUT =      -3.9731E-05

 PERCENT DISCREPANCY =          -0.00     PERCENT DISCREPANCY =          -0.00




         TIME SUMMARY AT END OF TIME STEP    1 IN STRESS PERIOD    3
                    SECONDS     MINUTES      HOURS       DAYS        YEARS
                    -----------------------------------------------------------
   TIME STEP LENGTH 6.04800E+05  10080.      168.00      7.0000     1.91650E-02
 STRESS PERIOD TIME 6.04800E+05  10080.      168.00      7.0000     1.91650E-02
         TOTAL TIME 1.81440E+06  30240.      504.00      21.000     5.74949E-02


end timestep


start timestep kper="4" kstp="1" mode="normal"


 OUTPUT CONTROL FOR STRESS PERIOD 4 IS REPEATED USING SETTINGS FROM A PREVIOUS STRESS PERIOD.

 HEAD WILL BE SAVED ON UNIT 1016 AT END OF TIME STEP    1, STRESS PERIOD    4


  VOLUME BUDGET FOR ENTIRE MODEL AT END OF TIME STEP    1, STRESS PERIOD   4
  ---------------------------------------------------------------------------------------------------

     CUMULATIVE VOLUME      L**3       RATES FOR THIS TIME STEP      L**3/T          PACKAGE NAME    
     ------------------                 ------------------------                     ----------------

           IN:                                      IN:
           ---                                      ---
              STO-SS =      507810.1880                STO-SS =       18121.8260     STORAGE                          
                 WEL =           0.0000                   WEL =           0.0000     WEL                              
                 GHB =         858.1115                   GHB =          44.8990     GHB                              

            TOTAL IN =      508668.2996              TOTAL IN =       18166.7250

          OUT:                                     OUT:
          ----                                     ----
              STO-SS =      479810.1889                STO-SS =       17121.8260     STORAGE                          
                 WEL =       28000.0000                   WEL =        1000.0000     WEL                              
                 GHB =         858.1115                   GHB =          44.8990     GHB                              

           TOTAL OUT =      508668.3004             TOTAL OUT =       18166.7250

            IN - OUT =      -8.4860E-04              IN - OUT =      -2.5901E-05

 PERCENT DISCREPANCY =          -0.00     PERCENT DISCREPANCY =          -0.00




         TIME SUMMARY AT END OF TIME STEP    1 IN STRESS PERIOD    4
                    SECONDS     MINUTES      HOURS       DAYS        YEARS
                    -----------------------------------------------------------
   TIME STEP LENGTH 6.04800E+05  10080.      168.00      7.0000     1.91650E-02
 STRESS PERIOD TIME 6.04800E+05  10080.      168.00      7.0000     1.91650E-02
         TOTAL TIME 2.41920E+06  40320.      672.00      28.000     7.66598E-02


end timestep


start timestep kper="5" kstp="1" mode="normal"


 OUTPUT CONTROL FOR STRESS PERIOD 5 IS REPEATED USING SETTINGS FROM A PREVIOUS STRESS PERIOD.

 HEAD WILL BE SAVED ON UNIT 1016 AT END OF TIME STEP    1, STRESS PERIOD    5


  VOLUME BUDGET FOR ENTIRE MODEL AT END OF TIME STEP    1, STRESS PERIOD   5
  ---------------------------------------------------------------------------------------------------

     CUMULATIVE VOLUME      L**3       RATES FOR THIS TIME STEP      L**3/T          PACKAGE NAME    
     ------------------                 ------------------------                     ----------------

           IN:                                      IN:
           ---                                      ---
              STO-SS =      634609.7068                STO-SS =       18114.2170     STORAGE                          
                 WEL =           0.0000                   WEL =           0.0000     WEL                              
                 GHB =        1225.6676                   GHB =          52.5080     GHB                              

            TOTAL IN =      635835.3744              TOTAL IN =       18166.7250

          OUT:                                     OUT:
          ----                                     ----
              STO-SS =      599609.7078                STO-SS =       17114.2170     STORAGE                          
                 WEL =       35000.0000                   WEL =        1000.0000     WEL                              
                 GHB =        1225.6676                   GHB =          52.5080     GHB                              

           TOTAL OUT =      635835.3754             TOTAL OUT =       18166.7250

            IN - OUT =      -9.5583E-04              IN - OUT =      -1.5318E-05

 PERCENT DISCREPANCY =          -0.00     PERCENT DISCREPANCY =          -0.00




         TIME SUMMARY AT END OF TIME STEP    1 IN STRESS PERIOD    5
                    SECONDS     MINUTES      HOURS       DAYS        YEARS
                    -----------------------------------------------------------
   TIME STEP LENGTH 6.04800E+05  10080.      168.00      7.0000     1.91650E-02
 STRESS PERIOD TIME 6.04800E+05  10080.      168.00      7.0000     1.91650E-02
         TOTAL TIME 3.02400E+06  50400.      840.00      35.000     9.58248E-02


end timestep


start timestep kper="6" kstp="1" mode="normal"


 OUTPUT CONTROL FOR STRESS PERIOD 6 IS REPEATED USING SETTINGS FROM A PREVIOUS STRESS PERIOD.

 HEAD WILL BE SAVED ON UNIT 1016 AT END OF TIME STEP    1, STRESS PERIOD    6


  VOLUME BUDGET FOR ENTIRE MODEL AT END OF TIME STEP    1, STRESS PERIOD   6
  ---------------------------------------------------------------------------------------------------

     CUMULATIVE VOLUME      L**3       RATES FOR THIS TIME STEP      L**3/T          PACKAGE NAME    
     ------------------                 ------------------------                     ----------------

           IN:                                      IN:
           ---                                      ---
              STO-SS =      761360.8064                STO-SS =       18107.2999     STORAGE                          
                 WEL =           0.0000                   WEL =           0.0000     WEL                              
                 GHB =        1641.6415                   GHB =          59.4248     GHB                              

            TOTAL IN =      763002.4479              TOTAL IN =       18166.7248

          OUT:                                     OUT:
          ----                                     ----
              STO-SS =      719360.8075                STO-SS =       17107.3000     STORAGE                          
                 WEL =       42000.0000                   WEL =        1000.0000     WEL                              
                 GHB =        1641.6415                   GHB =          59.4248     GHB                              

           TOTAL OUT =      763002.4490             TOTAL OUT =       18166.7248

            IN - OUT =      -1.0236E-03              IN - OUT =      -9.6764E-06

 PERCENT DISCREPANCY =          -0.00     PERCENT DISCREPANCY =          -0.00




         TIME SUMMARY AT END OF TIME STEP    1 IN STRESS PERIOD    6
                    SECONDS     MINUTES      HOURS       DAYS        YEARS
                    -----------------------------------------------------------
   TIME STEP LENGTH 6.04800E+05  10080.      168.00      7.0000     1.91650E-02
 STRESS PERIOD TIME 6.04800E+05  10080.      168.00      7.0000     1.91650E-02
         TOTAL TIME 3.62880E+06  60480.      1008.0      42.000     0.11499    


end timestep


start timestep kper="7" kstp="1" mode="normal"


 OUTPUT CONTROL FOR STRESS PERIOD 7 IS REPEATED USING SETTINGS FROM A PREVIOUS STRESS PERIOD.

 HEAD WILL BE SAVED ON UNIT 1016 AT END OF TIME STEP    1, STRESS PERIOD    7


  VOLUME BUDGET FOR ENTIRE MODEL AT END OF TIME STEP    1, STRESS PERIOD   7
  ---------------------------------------------------------------------------------------------------

     CUMULATIVE VOLUME      L**3       RATES FOR THIS TIME STEP      L**3/T          PACKAGE NAME    
     ------------------                 ------------------------                     ----------------

           IN:                                      IN:
           ---                                      ---
              STO-SS =      888067.2572                STO-SS =       18100.9215     STORAGE                          
                 WEL =           0.0000                   WEL =           0.0000     WEL                              
                 GHB =        2102.2603                   GHB =          65.8027     GHB                              

            TOTAL IN =      890169.5175              TOTAL IN =       18166.7242

          OUT:                                     OUT:
          ----                                     ----
              STO-SS =      839067.2582                STO-SS =       17100.9215     STORAGE                          
                 WEL =       49000.0000                   WEL =        1000.0000     WEL                              
                 GHB =        2102.2603                   GHB =          65.8027     GHB                              

           TOTAL OUT =      890169.5186             TOTAL OUT =       18166.7242

            IN - OUT =      -1.0719E-03              IN - OUT =      -6.9041E-06

 PERCENT DISCREPANCY =          -0.00     PERCENT DISCREPANCY =          -0.00




         TIME SUMMARY AT END OF TIME STEP    1 IN STRESS PERIOD    7
                    SECONDS     MINUTES      HOURS       DAYS        YEARS
                    -----------------------------------------------------------
   TIME STEP LENGTH 6.04800E+05  10080.      168.00      7.0000     1.91650E-02
 STRESS PERIOD TIME 6.04800E+05  10080.      168.00      7.0000     1.91650E-02
         TOTAL TIME 4.23360E+06  70560.      1176.0      49.000     0.13415    


end timestep


start timestep kper="8" kstp="1" mode="normal"


 OUTPUT CONTROL FOR STRESS PERIOD 8 IS REPEATED USING SETTINGS FROM A PREVIOUS STRESS PERIOD.

 HEAD WILL BE SAVED ON UNIT 1016 AT END OF TIME STEP    1, STRESS PERIOD    8


  VOLUME BUDGET FOR ENTIRE MODEL AT END OF TIME STEP    1, STRESS PERIOD   8
  ---------------------------------------------------------------------------------------------------

     CUMULATIVE VOLUME      L**3       RATES FOR THIS TIME STEP      L**3/T          PACKAGE NAME    
     ------------------                 ------------------------                     ----------------

           IN:                                      IN:
           ---                                      ---
              STO-SS =     1014732.0871                STO-SS =       18094.9757     STORAGE                          
                 WEL =           0.0000                   WEL =           0.0000     WEL                              
                 GHB =        2604.4915                   GHB =          71.7473     GHB                              

            TOTAL IN =     1017336.5786              TOTAL IN =       18166.7230

          OUT:                                     OUT:
          ----                                     ----
              STO-SS =      958732.0882                STO-SS =       17094.9757     STORAGE                          
                 WEL =       56000.0000                   WEL =        1000.0000     WEL                              
                 GHB =        2604.4915                   GHB =          71.7473     GHB                              

           TOTAL OUT =     1017336.5797             TOTAL OUT =       18166.7230

            IN - OUT =      -1.1102E-03              IN - OUT =      -5.4780E-06

 PERCENT DISCREPANCY =          -0.00     PERCENT DISCREPANCY =          -0.00




         TIME SUMMARY AT END OF TIME STEP    1 IN STRESS PERIOD    8
                    SECONDS     MINUTES      HOURS       DAYS        YEARS
                    -----------------------------------------------------------
   TIME STEP LENGTH 6.04800E+05  10080.      168.00      7.0000     1.91650E-02
 STRESS PERIOD TIME 6.04800E+05  10080.      168.00      7.0000     1.91650E-02
         TOTAL TIME 4.83840E+06  80640.      1344.0      56.000     0.15332    


end timestep


start timestep kper="9" kstp="1" mode="normal"


 OUTPUT CONTROL FOR STRESS PERIOD 9 IS REPEATED USING SETTINGS FROM A PREVIOUS STRESS PERIOD.

 HEAD WILL BE SAVED ON UNIT 1016 AT END OF TIME STEP    1, STRESS PERIOD    9


  VOLUME BUDGET FOR ENTIRE MODEL AT END OF TIME STEP    1, STRESS PERIOD   9
  ---------------------------------------------------------------------------------------------------

     CUMULATIVE VOLUME      L**3       RATES FOR THIS TIME STEP      L**3/T          PACKAGE NAME    
     ------------------                 ------------------------                     ----------------

           IN:                                      IN:
           ---                                      ---
              STO-SS =     1141357.7893                STO-SS =       18089.3860     STORAGE                          
                 WEL =           0.0000                   WEL =           0.0000     WEL                              
                 GHB =        3145.8341                   GHB =          77.3347     GHB                              

            TOTAL IN =     1144503.6234              TOTAL IN =       18166.7207

          OUT:                                     OUT:
          ----                                     ----
              STO-SS =     1078357.7905                STO-SS =       17089.3860     STORAGE                          
                 WEL =       63000.0000                   WEL =        1000.0000     WEL                              
                 GHB =        3145.8341                   GHB =          77.3347     GHB                              

           TOTAL OUT =     1144503.6245             TOTAL OUT =       18166.7207

            IN - OUT =      -1.1425E-03              IN - OUT =      -4.6055E-06

 PERCENT DISCREPANCY =          -0.00     PERCENT DISCREPANCY =          -0.00




         TIME SUMMARY AT END OF TIME STEP    1 IN STRESS PERIOD    9
                    SECONDS     MINUTES      HOURS       DAYS        YEARS
                    -----------------------------------------------------------
   TIME STEP LENGTH 6.04800E+05  10080.      168.00      7.0000     1.91650E-02
 STRESS PERIOD TIME 6.04800E+05  10080.      168.00      7.0000     1.91650E-02
         TOTAL TIME 5.44320E+06  90720.      1512.0      63.000     0.17248    


end timestep


start timestep kper="10" kstp="1" mode="normal"


 OUTPUT CONTROL FOR STRESS PERIOD 10 IS REPEATED USING SETTINGS FROM A PREVIOUS STRESS PERIOD.

 HEAD WILL BE SAVED ON UNIT 1016 AT END OF TIME STEP    1, STRESS PERIOD   10


  VOLUME BUDGET FOR ENTIRE MODEL AT END OF TIME STEP    1, STRESS PERIOD  10
  ---------------------------------------------------------------------------------------------------

     CUMULATIVE VOLUME      L**3       RATES FOR THIS TIME STEP      L**3/T          PACKAGE NAME    
     ------------------                 ------------------------                     ----------------

           IN:                                      IN:
           ---                                      ---
              STO-SS =     1267946.4568                STO-SS =       18084.0953     STORAGE                          
                 WEL =           0.0000                   WEL =           0.0000     WEL                              
                 GHB =        3724.1821                   GHB =          82.6211     GHB                              

            TOTAL IN =     1271670.6389              TOTAL IN =       18166.7165

          OUT:                                     OUT:
          ----                                     ----
              STO-SS =     1197946.4579                STO-SS =       17084.0954     STORAGE                          
                 WEL =       70000.0000                   WEL =        1000.0000     WEL                              
                 GHB =        3724.1821                   GHB =          82.6211     GHB                              

           TOTAL OUT =     1271670.6401             TOTAL OUT =       18166.7165

            IN - OUT =      -1.1704E-03              IN - OUT =      -3.9934E-06

 PERCENT DISCREPANCY =          -0.00     PERCENT DISCREPANCY =          -0.00




         TIME SUMMARY AT END OF TIME STEP    1 IN STRESS PERIOD   10
                    SECONDS     MINUTES      HOURS       DAYS        YEARS
                    -----------------------------------------------------------
   TIME STEP LENGTH 6.04800E+05  10080.      168.00      7.0000     1.91650E-02
 STRESS PERIOD TIME 6.04800E+05  10080.      168.00      7.0000     1.91650E-02
         TOTAL TIME 6.04800E+06 1.00800E+05  1680.0      70.000     0.19165    


end timestep


start timestep kper="11" kstp="1" mode="normal"


 OUTPUT CONTROL FOR STRESS PERIOD 11 IS REPEATED USING SETTINGS FROM A PREVIOUS STRESS PERIOD.

 HEAD WILL BE SAVED ON UNIT 1016 AT END OF TIME STEP    1, STRESS PERIOD   11


  VOLUME BUDGET FOR ENTIRE MODEL AT END OF TIME STEP    1, STRESS PERIOD  11
  ---------------------------------------------------------------------------------------------------

     CUMULATIVE VOLUME      L**3       RATES FOR THIS TIME STEP      L**3/T          PACKAGE NAME    
     ------------------                 ------------------------                     ----------------

           IN:                                      IN:
           ---                                      ---
              STO-SS =     1394499.8732                STO-SS =       18079.0595     STORAGE                          
                 WEL =           0.0000                   WEL =           0.0000     WEL                              
                 GHB =        4337.7319                   GHB =          87.6500     GHB                              

            TOTAL IN =     1398837.6051              TOTAL IN =       18166.7095

          OUT:                                     OUT:
          ----                                     ----
              STO-SS =     1317499.8744                STO-SS =       17079.0595     STORAGE                          
                 WEL =       77000.0000                   WEL =        1000.0000     WEL                              
                 GHB =        4337.7319                   GHB =          87.6500     GHB                              

           TOTAL OUT =     1398837.6063             TOTAL OUT =       18166.7095

            IN - OUT =      -1.1953E-03              IN - OUT =      -3.5474E-06

 PERCENT DISCREPANCY =          -0.00     PERCENT DISCREPANCY =          -0.00




         TIME SUMMARY AT END OF TIME STEP    1 IN STRESS PERIOD   11
                    SECONDS     MINUTES      HOURS       DAYS        YEARS
                    -----------------------------------------------------------
   TIME STEP LENGTH 6.04800E+05  10080.      168.00      7.0000     1.91650E-02
 STRESS PERIOD TIME 6.04800E+05  10080.      168.00      7.0000     1.91650E-02
         TOTAL TIME 6.65280E+06 1.10880E+05  1848.0      77.000     0.21081    


end timestep


start timestep kper="12" kstp="1" mode="normal"


 OUTPUT CONTROL FOR STRESS PERIOD 12 IS REPEATED USING SETTINGS FROM A PREVIOUS STRESS PERIOD.

 HEAD WILL BE SAVED ON UNIT 1016 AT END OF TIME STEP    1, STRESS PERIOD   12


  VOLUME BUDGET FOR ENTIRE MODEL AT END OF TIME STEP    1, STRESS PERIOD  12
  ---------------------------------------------------------------------------------------------------

     CUMULATIVE VOLUME      L**3       RATES FOR THIS TIME STEP      L**3/T          PACKAGE NAME    
     ------------------                 ------------------------                     ----------------

           IN:                                      IN:
           ---                                      ---
              STO-SS =     1521019.5761                STO-SS =       18074.2433     STORAGE                          
                 WEL =           0.0000                   WEL =           0.0000     WEL                              
                 GHB =        4984.9166                   GHB =          92.4550     GHB                              

            TOTAL IN =     1526004.4927              TOTAL IN =       18166.6982

          OUT:                                     OUT:
          ----                                     ----
              STO-SS =     1437019.5773                STO-SS =       17074.2433     STORAGE                          
                 WEL =       84000.0000                   WEL =        1000.0000     WEL                              
                 GHB =        4984.9166                   GHB =          92.4550     GHB                              

           TOTAL OUT =     1526004.4940             TOTAL OUT =       18166.6982

            IN - OUT =      -1.2176E-03              IN - OUT =      -3.1953E-06

 PERCENT DISCREPANCY =          -0.00     PERCENT DISCREPANCY =          -0.00




         TIME SUMMARY AT END OF TIME STEP    1 IN STRESS PERIOD   12
                    SECONDS     MINUTES      HOURS       DAYS        YEARS
                    -----------------------------------------------------------
   TIME STEP LENGTH 6.04800E+05  10080.      168.00      7.0000     1.91650E-02
 STRESS PERIOD TIME 6.04800E+05  10080.      168.00      7.0000     1.91650E-02
         TOTAL TIME 7.25760E+06 1.20960E+05  2016.0      84.000     0.22998    


end timestep


start timestep kper="13" kstp="1" mode="normal"


 OUTPUT CONTROL FOR STRESS PERIOD 13 IS REPEATED USING SETTINGS FROM A PREVIOUS STRESS PERIOD.

 HEAD WILL BE SAVED ON UNIT 1016 AT END OF TIME STEP    1, STRESS PERIOD   13


  VOLUME BUDGET FOR ENTIRE MODEL AT END OF TIME STEP    1, STRESS PERIOD  13
  ---------------------------------------------------------------------------------------------------

     CUMULATIVE VOLUME      L**3       RATES FOR THIS TIME STEP      L**3/T          PACKAGE NAME    
     ------------------                 ------------------------                     ----------------

           IN:                                      IN:
           ---                                      ---
              STO-SS =     1647506.9013                STO-SS =       18069.6179     STORAGE                          
                 WEL =           0.0000                   WEL =           0.0000     WEL                              
                 GHB =        5664.3588                   GHB =          97.0632     GHB                              

            TOTAL IN =     1653171.2601              TOTAL IN =       18166.6810

          OUT:                                     OUT:
          ----                                     ----
              STO-SS =     1556506.9025                STO-SS =       17069.6179     STORAGE                          
                 WEL =       91000.0000                   WEL =        1000.0000     WEL                              
                 GHB =        5664.3588                   GHB =          97.0632     GHB                              

           TOTAL OUT =     1653171.2613             TOTAL OUT =       18166.6811

            IN - OUT =      -1.2379E-03              IN - OUT =      -2.8969E-06

 PERCENT DISCREPANCY =          -0.00     PERCENT DISCREPANCY =          -0.00




         TIME SUMMARY AT END OF TIME STEP    1 IN STRESS PERIOD   13
                    SECONDS     MINUTES      HOURS       DAYS        YEARS
                    -----------------------------------------------------------
   TIME STEP LENGTH 6.04800E+05  10080.      168.00      7.0000     1.91650E-02
 STRESS PERIOD TIME 6.04800E+05  10080.      168.00      7.0000     1.91650E-02
         TOTAL TIME 7.86240E+06 1.31040E+05  2184.0      91.000     0.24914    


end timestep


start timestep kper="14" kstp="1" mode="normal"


 OUTPUT CONTROL FOR STRESS PERIOD 14 IS REPEATED USING SETTINGS FROM A PREVIOUS STRESS PERIOD.

 HEAD WILL BE SAVED ON UNIT 1016 AT END OF TIME STEP    1, STRESS PERIOD   14


  VOLUME BUDGET FOR ENTIRE MODEL AT END OF TIME STEP    1, STRESS PERIOD  14
  ---------------------------------------------------------------------------------------------------

     CUMULATIVE VOLUME      L**3       RATES FOR THIS TIME STEP      L**3/T          PACKAGE NAME    
     ------------------                 ------------------------                     ----------------

           IN:                                      IN:
           ---                                      ---
              STO-SS =     1773963.0150                STO-SS =       18065.1591     STORAGE                          
                 WEL =           0.0000                   WEL =           0.0000     WEL                              
                 GHB =        6374.8354                   GHB =         101.4967     GHB                              

            TOTAL IN =     1780337.8503              TOTAL IN =       18166.6557

          OUT:                                     OUT:
          ----                                     ----
              STO-SS =     1675963.0162                STO-SS =       17065.1591     STORAGE                          
                 WEL =       98000.0000                   WEL =        1000.0000     WEL                              
                 GHB =        6374.8354                   GHB =         101.4967     GHB                              

           TOTAL OUT =     1780337.8516             TOTAL OUT =       18166.6558

            IN - OUT =      -1.2565E-03              IN - OUT =      -2.6617E-06

 PERCENT DISCREPANCY =          -0.00     PERCENT DISCREPANCY =          -0.00




         TIME SUMMARY AT END OF TIME STEP    1 IN STRESS PERIOD   14
                    SECONDS     MINUTES      HOURS       DAYS        YEARS
                    -----------------------------------------------------------
   TIME STEP LENGTH 6.04800E+05  10080.      168.00      7.0000     1.91650E-02
 STRESS PERIOD TIME 6.04800E+05  10080.      168.00      7.0000     1.91650E-02
         TOTAL TIME 8.46720E+06 1.41120E+05  2352.0      98.000     0.26831    


end timestep


start timestep kper="15" kstp="1" mode="normal"


 OUTPUT CONTROL FOR STRESS PERIOD 15 IS REPEATED USING SETTINGS FROM A PREVIOUS STRESS PERIOD.

 HEAD WILL BE SAVED ON UNIT 1016 AT END OF TIME STEP    1, STRESS PERIOD   15


  VOLUME BUDGET FOR ENTIRE MODEL AT END OF TIME STEP    1, STRESS PERIOD  15
  ---------------------------------------------------------------------------------------------------

     CUMULATIVE VOLUME      L**3       RATES FOR THIS TIME STEP      L**3/T          PACKAGE NAME    
     ------------------                 ------------------------                     ----------------

           IN:                                      IN:
           ---                                      ---
              STO-SS =     1900388.9374                STO-SS =       18060.8461     STORAGE                          
                 WEL =           0.0000                   WEL =           0.0000     WEL                              
                 GHB =        7115.2510                   GHB =         105.7737     GHB                              

            TOTAL IN =     1907504.1884              TOTAL IN =       18166.6197

          OUT:                                     OUT:
          ----                                     ----
              STO-SS =     1795388.9386                STO-SS =       17060.8461     STORAGE                          
                 WEL =      105000.0000                   WEL =        1000.0000     WEL                              
                 GHB =        7115.2510                   GHB =         105.7737     GHB                              

           TOTAL OUT =     1907504.1896             TOTAL OUT =       18166.6197

            IN - OUT =      -1.2740E-03              IN - OUT =      -2.4916E-06

 PERCENT DISCREPANCY =          -0.00     PERCENT DISCREPANCY =          -0.00




         TIME SUMMARY AT END OF TIME STEP    1 IN STRESS PERIOD   15
                    SECONDS     MINUTES      HOURS       DAYS        YEARS
                    -----------------------------------------------------------
   TIME STEP LENGTH 6.04800E+05  10080.      168.00      7.0000     1.91650E-02
 STRESS PERIOD TIME 6.04800E+05  10080.      168.00      7.0000     1.91650E-02
         TOTAL TIME 9.07200E+06 1.51200E+05  2520.0      105.00     0.28747    


end timestep


start timestep kper="16" kstp="1" mode="normal"


 OUTPUT CONTROL FOR STRESS PERIOD 16 IS REPEATED USING SETTINGS FROM A PREVIOUS STRESS PERIOD.

 HEAD WILL BE SAVED ON UNIT 1016 AT END OF TIME STEP    1, STRESS PERIOD   16


  VOLUME BUDGET FOR ENTIRE MODEL AT END OF TIME STEP    1, STRESS PERIOD  16
  ---------------------------------------------------------------------------------------------------

     CUMULATIVE VOLUME      L**3       RATES FOR THIS TIME STEP      L**3/T          PACKAGE NAME    
     ------------------                 ------------------------                     ----------------

           IN:                                      IN:
           ---                                      ---
              STO-SS =     2026785.5604                STO-SS =       18056.6604     STORAGE                          
                 WEL =           0.0000                   WEL =           0.0000     WEL                              
                 GHB =        7884.6172                   GHB =         109.9095     GHB                              

            TOTAL IN =     2034670.1777              TOTAL IN =       18166.5699

          OUT:                                     OUT:
          ----                                     ----
              STO-SS =     1914785.5617                STO-SS =       17056.6604     STORAGE                          
                 WEL =      112000.0000                   WEL =        1000.0000     WEL                              
                 GHB =        7884.6172                   GHB =         109.9095     GHB                              

           TOTAL OUT =     2034670.1790             TOTAL OUT =       18166.5699

            IN - OUT =      -1.2903E-03              IN - OUT =      -2.3238E-06

 PERCENT DISCREPANCY =          -0.00     PERCENT DISCREPANCY =          -0.00




         TIME SUMMARY AT END OF TIME STEP    1 IN STRESS PERIOD   16
                    SECONDS     MINUTES      HOURS       DAYS        YEARS
                    -----------------------------------------------------------
   TIME STEP LENGTH 6.04800E+05  10080.      168.00      7.0000     1.91650E-02
 STRESS PERIOD TIME 6.04800E+05  10080.      168.00      7.0000     1.91650E-02
         TOTAL TIME 9.67680E+06 1.61280E+05  2688.0      112.00     0.30664    


end timestep


start timestep kper="17" kstp="1" mode="normal"


 OUTPUT CONTROL FOR STRESS PERIOD 17 IS REPEATED USING SETTINGS FROM A PREVIOUS STRESS PERIOD.

 HEAD WILL BE SAVED ON UNIT 1016 AT END OF TIME STEP    1, STRESS PERIOD   17


  VOLUME BUDGET FOR ENTIRE MODEL AT END OF TIME STEP    1, STRESS PERIOD  17
  ---------------------------------------------------------------------------------------------------

     CUMULATIVE VOLUME      L**3       RATES FOR THIS TIME STEP      L**3/T          PACKAGE NAME    
     ------------------                 ------------------------                     ----------------

           IN:                                      IN:
           ---                                      ---
              STO-SS =     2153153.6610                STO-SS =       18052.5858     STORAGE                          
                 WEL =           0.0000                   WEL =           0.0000     WEL                              
                 GHB =        8682.0362                   GHB =         113.9170     GHB                              

            TOTAL IN =     2161835.6972              TOTAL IN =       18166.5028

          OUT:                                     OUT:
          ----                                     ----
              STO-SS =     2034153.6623                STO-SS =       17052.5858     STORAGE                          
                 WEL =      119000.0000                   WEL =        1000.0000     WEL                              
                 GHB =        8682.0362                   GHB =         113.9170     GHB                              

           TOTAL OUT =     2161835.6985             TOTAL OUT =       18166.5028

            IN - OUT =      -1.3056E-03              IN - OUT =      -2.1872E-06

 PERCENT DISCREPANCY =          -0.00     PERCENT DISCREPANCY =          -0.00




         TIME SUMMARY AT END OF TIME STEP    1 IN STRESS PERIOD   17
                    SECONDS     MINUTES      HOURS       DAYS        YEARS
                    -----------------------------------------------------------
   TIME STEP LENGTH 6.04800E+05  10080.      168.00      7.0000     1.91650E-02
 STRESS PERIOD TIME 6.04800E+05  10080.      168.00      7.0000     1.91650E-02
         TOTAL TIME 1.02816E+07 1.71360E+05  2856.0      119.00     0.32580    


end timestep


start timestep kper="18" kstp="1" mode="normal"


 OUTPUT CONTROL FOR STRESS PERIOD 18 IS REPEATED USING SETTINGS FROM A PREVIOUS STRESS PERIOD.

 HEAD WILL BE SAVED ON UNIT 1016 AT END OF TIME STEP    1, STRESS PERIOD   18


  VOLUME BUDGET FOR ENTIRE MODEL AT END OF TIME STEP    1, STRESS PERIOD  18
  ---------------------------------------------------------------------------------------------------

     CUMULATIVE VOLUME      L**3       RATES FOR THIS TIME STEP      L**3/T          PACKAGE NAME    
     ------------------                 ------------------------                     ----------------

           IN:                                      IN:
           ---                                      ---
              STO-SS =     2279493.9140                STO-SS =       18048.6076     STORAGE                          
                 WEL =           0.0000                   WEL =           0.0000     WEL                              
                 GHB =        9506.6878                   GHB =         117.8074     GHB                              

            TOTAL IN =     2289000.6018              TOTAL IN =       18166.4149

          OUT:                                     OUT:
          ----                                     ----
              STO-SS =     2153493.9153                STO-SS =       17048.6076     STORAGE                          
                 WEL =      126000.0000                   WEL =        1000.0000     WEL                              
                 GHB =        9506.6878                   GHB =         117.8074     GHB                              

           TOTAL OUT =     2289000.6031             TOTAL OUT =       18166.4149

            IN - OUT =      -1.3202E-03              IN - OUT =      -2.0929E-06

 PERCENT DISCREPANCY =          -0.00     PERCENT DISCREPANCY =          -0.00




         TIME SUMMARY AT END OF TIME STEP    1 IN STRESS PERIOD   18
                    SECONDS     MINUTES      HOURS       DAYS        YEARS
                    -----------------------------------------------------------
   TIME STEP LENGTH 6.04800E+05  10080.      168.00      7.0000     1.91650E-02
 STRESS PERIOD TIME 6.04800E+05  10080.      168.00      7.0000     1.91650E-02
         TOTAL TIME 1.08864E+07 1.81440E+05  3024.0      126.00     0.34497    


end timestep


start timestep kper="19" kstp="1" mode="normal"


 OUTPUT CONTROL FOR STRESS PERIOD 19 IS REPEATED USING SETTINGS FROM A PREVIOUS STRESS PERIOD.

 HEAD WILL BE SAVED ON UNIT 1016 AT END OF TIME STEP    1, STRESS PERIOD   19


  VOLUME BUDGET FOR ENTIRE MODEL AT END OF TIME STEP    1, STRESS PERIOD  19
  ---------------------------------------------------------------------------------------------------

     CUMULATIVE VOLUME      L**3       RATES FOR THIS TIME STEP      L**3/T          PACKAGE NAME    
     ------------------                 ------------------------                     ----------------

           IN:                                      IN:
           ---                                      ---
              STO-SS =     2405806.8966                STO-SS =       18044.7118     STORAGE                          
                 WEL =           0.0000                   WEL =           0.0000     WEL                              
                 GHB =       10357.8189                   GHB =         121.5902     GHB                              

            TOTAL IN =     2416164.7156              TOTAL IN =       18166.3020

          OUT:                                     OUT:
          ----                                     ----
              STO-SS =     2272806.8980                STO-SS =       17044.7118     STORAGE                          
                 WEL =      133000.0000                   WEL =        1000.0000     WEL                              
                 GHB =       10357.8189                   GHB =         121.5902     GHB                              

           TOTAL OUT =     2416164.7169             TOTAL OUT =       18166.3020

            IN - OUT =      -1.3343E-03              IN - OUT =      -2.0070E-06

 PERCENT DISCREPANCY =          -0.00     PERCENT DISCREPANCY =          -0.00




         TIME SUMMARY AT END OF TIME STEP    1 IN STRESS PERIOD   19
                    SECONDS     MINUTES      HOURS       DAYS        YEARS
                    -----------------------------------------------------------
   TIME STEP LENGTH 6.04800E+05  10080.      168.00      7.0000     1.91650E-02
 STRESS PERIOD TIME 6.04800E+05  10080.      168.00      7.0000     1.91650E-02
         TOTAL TIME 1.14912E+07 1.91520E+05  3192.0      133.00     0.36413    


end timestep


start timestep kper="20" kstp="1" mode="normal"


 OUTPUT CONTROL FOR STRESS PERIOD 20 IS REPEATED USING SETTINGS FROM A PREVIOUS STRESS PERIOD.

 HEAD WILL BE SAVED ON UNIT 1016 AT END OF TIME STEP    1, STRESS PERIOD   20


  VOLUME BUDGET FOR ENTIRE MODEL AT END OF TIME STEP    1, STRESS PERIOD  20
  ---------------------------------------------------------------------------------------------------

     CUMULATIVE VOLUME      L**3       RATES FOR THIS TIME STEP      L**3/T          PACKAGE NAME    
     ------------------                 ------------------------                     ----------------

           IN:                                      IN:
           ---                                      ---
              STO-SS =     2532093.0955                STO-SS =       18040.8856     STORAGE                          
                 WEL =           0.0000                   WEL =           0.0000     WEL                              
                 GHB =       11234.7349                   GHB =         125.2737     GHB                              

            TOTAL IN =     2543327.8304              TOTAL IN =       18166.1593

          OUT:                                     OUT:
          ----                                     ----
              STO-SS =     2392093.0969                STO-SS =       17040.8856     STORAGE                          
                 WEL =      140000.0000                   WEL =        1000.0000     WEL                              
                 GHB =       11234.7349                   GHB =         125.2737     GHB                              

           TOTAL OUT =     2543327.8318             TOTAL OUT =       18166.1593

            IN - OUT =      -1.3477E-03              IN - OUT =      -1.9132E-06

 PERCENT DISCREPANCY =          -0.00     PERCENT DISCREPANCY =          -0.00




         TIME SUMMARY AT END OF TIME STEP    1 IN STRESS PERIOD   20
                    SECONDS     MINUTES      HOURS       DAYS        YEARS
                    -----------------------------------------------------------
   TIME STEP LENGTH 6.04800E+05  10080.      168.00      7.0000     1.91650E-02
 STRESS PERIOD TIME 6.04800E+05  10080.      168.00      7.0000     1.91650E-02
         TOTAL TIME 1.20960E+07 2.01600E+05  3360.0      140.00     0.38330    


end timestep


start timestep kper="21" kstp="1" mode="normal"


 OUTPUT CONTROL FOR STRESS PERIOD 21 IS REPEATED USING SETTINGS FROM A PREVIOUS STRESS PERIOD.

 HEAD WILL BE SAVED ON UNIT 1016 AT END OF TIME STEP    1, STRESS PERIOD   21


  VOLUME BUDGET FOR ENTIRE MODEL AT END OF TIME STEP    1, STRESS PERIOD  21
  ---------------------------------------------------------------------------------------------------

     CUMULATIVE VOLUME      L**3       RATES FOR THIS TIME STEP      L**3/T          PACKAGE NAME    
     ------------------                 ------------------------                     ----------------

           IN:                                      IN:
           ---                                      ---
              STO-SS =     2658352.9160                STO-SS =       18037.1172     STORAGE                          
                 WEL =           0.0000                   WEL =           0.0000     WEL                              
                 GHB =       12136.7923                   GHB =         128.8653     GHB                              

            TOTAL IN =     2670489.7083              TOTAL IN =       18165.9826

          OUT:                                     OUT:
          ----                                     ----
              STO-SS =     2511352.9174                STO-SS =       17037.1172     STORAGE                          
                 WEL =      147000.0000                   WEL =        1000.0000     WEL                              
                 GHB =       12136.7923                   GHB =         128.8653     GHB                              

           TOTAL OUT =     2670489.7097             TOTAL OUT =       18165.9826

            IN - OUT =      -1.3607E-03              IN - OUT =      -1.8678E-06

 PERCENT DISCREPANCY =          -0.00     PERCENT DISCREPANCY =          -0.00




         TIME SUMMARY AT END OF TIME STEP    1 IN STRESS PERIOD   21
                    SECONDS     MINUTES      HOURS       DAYS        YEARS
                    -----------------------------------------------------------
   TIME STEP LENGTH 6.04800E+05  10080.      168.00      7.0000     1.91650E-02
 STRESS PERIOD TIME 6.04800E+05  10080.      168.00      7.0000     1.91650E-02
         TOTAL TIME 1.27008E+07 2.11680E+05  3528.0      147.00     0.40246    


end timestep


start timestep kper="22" kstp="1" mode="normal"


 OUTPUT CONTROL FOR STRESS PERIOD 22 IS REPEATED USING SETTINGS FROM A PREVIOUS STRESS PERIOD.

 HEAD WILL BE SAVED ON UNIT 1016 AT END OF TIME STEP    1, STRESS PERIOD   22


  VOLUME BUDGET FOR ENTIRE MODEL AT END OF TIME STEP    1, STRESS PERIOD  22
  ---------------------------------------------------------------------------------------------------

     CUMULATIVE VOLUME      L**3       RATES FOR THIS TIME STEP      L**3/T          PACKAGE NAME    
     ------------------                 ------------------------                     ----------------

           IN:                                      IN:
           ---                                      ---
              STO-SS =     2784586.6901                STO-SS =       18033.3963     STORAGE                          
                 WEL =           0.0000                   WEL =           0.0000     WEL                              
                 GHB =       13063.3930                   GHB =         132.3715     GHB                              

            TOTAL IN =     2797650.0831              TOTAL IN =       18165.7678

          OUT:                                     OUT:
          ----                                     ----
              STO-SS =     2630586.6915                STO-SS =       17033.3963     STORAGE                          
                 WEL =      154000.0000                   WEL =        1000.0000     WEL                              
                 GHB =       13063.3930                   GHB =         132.3715     GHB                              

           TOTAL OUT =     2797650.0844             TOTAL OUT =       18165.7678

            IN - OUT =      -1.3733E-03              IN - OUT =      -1.7933E-06

 PERCENT DISCREPANCY =          -0.00     PERCENT DISCREPANCY =          -0.00




         TIME SUMMARY AT END OF TIME STEP    1 IN STRESS PERIOD   22
                    SECONDS     MINUTES      HOURS       DAYS        YEARS
                    -----------------------------------------------------------
   TIME STEP LENGTH 6.04800E+05  10080.      168.00      7.0000     1.91650E-02
 STRESS PERIOD TIME 6.04800E+05  10080.      168.00      7.0000     1.91650E-02
         TOTAL TIME 1.33056E+07 2.21760E+05  3696.0      154.00     0.42163    


end timestep


start timestep kper="23" kstp="1" mode="normal"


 OUTPUT CONTROL FOR STRESS PERIOD 23 IS REPEATED USING SETTINGS FROM A PREVIOUS STRESS PERIOD.

 HEAD WILL BE SAVED ON UNIT 1016 AT END OF TIME STEP    1, STRESS PERIOD   23


  VOLUME BUDGET FOR ENTIRE MODEL AT END OF TIME STEP    1, STRESS PERIOD  23
  ---------------------------------------------------------------------------------------------------

     CUMULATIVE VOLUME      L**3       RATES FOR THIS TIME STEP      L**3/T          PACKAGE NAME    
     ------------------                 ------------------------                     ----------------

           IN:                                      IN:
           ---                                      ---
              STO-SS =     2910794.6738                STO-SS =       18029.7120     STORAGE                          
                 WEL =           0.0000                   WEL =           0.0000     WEL                              
                 GHB =       14013.9789                   GHB =         135.7980     GHB                              

            TOTAL IN =     2924808.6527              TOTAL IN =       18165.5100

          OUT:                                     OUT:
          ----                                     ----
              STO-SS =     2749794.6752                STO-SS =       17029.7120     STORAGE                          
                 WEL =      161000.0000                   WEL =        1000.0000     WEL                              
                 GHB =       14013.9789                   GHB =         135.7980     GHB                              

           TOTAL OUT =     2924808.6541             TOTAL OUT =       18165.5100

            IN - OUT =      -1.3855E-03              IN - OUT =      -1.7503E-06

 PERCENT DISCREPANCY =          -0.00     PERCENT DISCREPANCY =          -0.00




         TIME SUMMARY AT END OF TIME STEP    1 IN STRESS PERIOD   23
                    SECONDS     MINUTES      HOURS       DAYS        YEARS
                    -----------------------------------------------------------
   TIME STEP LENGTH 6.04800E+05  10080.      168.00      7.0000     1.91650E-02
 STRESS PERIOD TIME 6.04800E+05  10080.      168.00      7.0000     1.91650E-02
         TOTAL TIME 1.39104E+07 2.31840E+05  3864.0      161.00     0.44079    


end timestep


start timestep kper="24" kstp="1" mode="normal"


 OUTPUT CONTROL FOR STRESS PERIOD 24 IS REPEATED USING SETTINGS FROM A PREVIOUS STRESS PERIOD.

 HEAD WILL BE SAVED ON UNIT 1016 AT END OF TIME STEP    1, STRESS PERIOD   24


  VOLUME BUDGET FOR ENTIRE MODEL AT END OF TIME STEP    1, STRESS PERIOD  24
  ---------------------------------------------------------------------------------------------------

     CUMULATIVE VOLUME      L**3       RATES FOR THIS TIME STEP      L**3/T          PACKAGE NAME    
     ------------------                 ------------------------                     ----------------

           IN:                                      IN:
           ---                                      ---
              STO-SS =     3036977.0483                STO-SS =       18026.0535     STORAGE                          
                 WEL =           0.0000                   WEL =           0.0000     WEL                              
                 GHB =       14988.0281                   GHB =         139.1499     GHB                              

            TOTAL IN =     3051965.0764              TOTAL IN =       18165.2034

          OUT:                                     OUT:
          ----                                     ----
              STO-SS =     2868977.0497                STO-SS =       17026.0535     STORAGE                          
                 WEL =      168000.0000                   WEL =        1000.0000     WEL                              
                 GHB =       14988.0281                   GHB =         139.1499     GHB                              

           TOTAL OUT =     3051965.0778             TOTAL OUT =       18165.2034

            IN - OUT =      -1.3975E-03              IN - OUT =      -1.7114E-06

 PERCENT DISCREPANCY =          -0.00     PERCENT DISCREPANCY =          -0.00




         TIME SUMMARY AT END OF TIME STEP    1 IN STRESS PERIOD   24
                    SECONDS     MINUTES      HOURS       DAYS        YEARS
                    -----------------------------------------------------------
   TIME STEP LENGTH 6.04800E+05  10080.      168.00      7.0000     1.91650E-02
 STRESS PERIOD TIME 6.04800E+05  10080.      168.00      7.0000     1.91650E-02
         TOTAL TIME 1.45152E+07 2.41920E+05  4032.0      168.00     0.45996    


end timestep


start timestep kper="25" kstp="1" mode="normal"


 OUTPUT CONTROL FOR STRESS PERIOD 25 IS REPEATED USING SETTINGS FROM A PREVIOUS STRESS PERIOD.

 HEAD WILL BE SAVED ON UNIT 1016 AT END OF TIME STEP    1, STRESS PERIOD   25


  VOLUME BUDGET FOR ENTIRE MODEL AT END OF TIME STEP    1, STRESS PERIOD  25
  ---------------------------------------------------------------------------------------------------

     CUMULATIVE VOLUME      L**3       RATES FOR THIS TIME STEP      L**3/T          PACKAGE NAME    
     ------------------                 ------------------------                     ----------------

           IN:                                      IN:
           ---                                      ---
              STO-SS =     3163133.9403                STO-SS =       18022.4132     STORAGE                          
                 WEL =           0.0000                   WEL =           0.0000     WEL                              
                 GHB =       15985.0506                   GHB =         142.4318     GHB                              

            TOTAL IN =     3179118.9909              TOTAL IN =       18164.8449

          OUT:                                     OUT:
          ----                                     ----
              STO-SS =     2988133.9417                STO-SS =       17022.4132     STORAGE                          
                 WEL =      175000.0000                   WEL =        1000.0000     WEL                              
                 GHB =       15985.0506                   GHB =         142.4318     GHB                              

           TOTAL OUT =     3179118.9923             TOTAL OUT =       18164.8449

            IN - OUT =      -1.4092E-03              IN - OUT =      -1.6760E-06

 PERCENT DISCREPANCY =          -0.00     PERCENT DISCREPANCY =          -0.00




         TIME SUMMARY AT END OF TIME STEP    1 IN STRESS PERIOD   25
                    SECONDS     MINUTES      HOURS       DAYS        YEARS
                    -----------------------------------------------------------
   TIME STEP LENGTH 6.04800E+05  10080.      168.00      7.0000     1.91650E-02
 STRESS PERIOD TIME 6.04800E+05  10080.      168.00      7.0000     1.91650E-02
         TOTAL TIME 1.51200E+07 2.52000E+05  4200.0      175.00     0.47912    


end timestep


start timestep kper="26" kstp="1" mode="normal"


 OUTPUT CONTROL FOR STRESS PERIOD 26 IS REPEATED USING SETTINGS FROM A PREVIOUS STRESS PERIOD.

 HEAD WILL BE SAVED ON UNIT 1016 AT END OF TIME STEP    1, STRESS PERIOD   26


  VOLUME BUDGET FOR ENTIRE MODEL AT END OF TIME STEP    1, STRESS PERIOD  26
  ---------------------------------------------------------------------------------------------------

     CUMULATIVE VOLUME      L**3       RATES FOR THIS TIME STEP      L**3/T          PACKAGE NAME    
     ------------------                 ------------------------                     ----------------

           IN:                                      IN:
           ---                                      ---
              STO-SS =     3289265.4111                STO-SS =       18018.7815     STORAGE                          
                 WEL =           0.0000                   WEL =           0.0000     WEL                              
                 GHB =       17004.5855                   GHB =         145.6478     GHB                              

            TOTAL IN =     3306269.9966              TOTAL IN =       18164.4294

          OUT:                                     OUT:
          ----                                     ----
              STO-SS =     3107265.4125                STO-SS =       17018.7815     STORAGE                          
                 WEL =      182000.0000                   WEL =        1000.0000     WEL                              
                 GHB =       17004.5855                   GHB =         145.6478     GHB                              

           TOTAL OUT =     3306269.9980             TOTAL OUT =       18164.4294

            IN - OUT =      -1.4208E-03              IN - OUT =      -1.6438E-06

 PERCENT DISCREPANCY =          -0.00     PERCENT DISCREPANCY =          -0.00




         TIME SUMMARY AT END OF TIME STEP    1 IN STRESS PERIOD   26
                    SECONDS     MINUTES      HOURS       DAYS        YEARS
                    -----------------------------------------------------------
   TIME STEP LENGTH 6.04800E+05  10080.      168.00      7.0000     1.91650E-02
 STRESS PERIOD TIME 6.04800E+05  10080.      168.00      7.0000     1.91650E-02
         TOTAL TIME 1.57248E+07 2.62080E+05  4368.0      182.00     0.49829    


end timestep


start timestep kper="27" kstp="1" mode="normal"


 OUTPUT CONTROL FOR STRESS PERIOD 27 IS REPEATED USING SETTINGS FROM A PREVIOUS STRESS PERIOD.

 HEAD WILL BE SAVED ON UNIT 1016 AT END OF TIME STEP    1, STRESS PERIOD   27


  VOLUME BUDGET FOR ENTIRE MODEL AT END OF TIME STEP    1, STRESS PERIOD  27
  ---------------------------------------------------------------------------------------------------

     CUMULATIVE VOLUME      L**3       RATES FOR THIS TIME STEP      L**3/T          PACKAGE NAME    
     ------------------                 ------------------------                     ----------------

           IN:                                      IN:
           ---                                      ---
              STO-SS =     3415371.4761                STO-SS =       18015.1522     STORAGE                          
                 WEL =           0.0000                   WEL =           0.0000     WEL                              
                 GHB =       18046.1983                   GHB =         148.8018     GHB                              

            TOTAL IN =     3433417.6745              TOTAL IN =       18163.9540

          OUT:                                     OUT:
          ----                                     ----
              STO-SS =     3226371.4776                STO-SS =       17015.1522     STORAGE                          
                 WEL =      189000.0000                   WEL =        1000.0000     WEL                              
                 GHB =       18046.1983                   GHB =         148.8018     GHB                              

           TOTAL OUT =     3433417.6759             TOTAL OUT =       18163.9540

            IN - OUT =      -1.4319E-03              IN - OUT =      -1.5964E-06

 PERCENT DISCREPANCY =          -0.00     PERCENT DISCREPANCY =          -0.00




         TIME SUMMARY AT END OF TIME STEP    1 IN STRESS PERIOD   27
                    SECONDS     MINUTES      HOURS       DAYS        YEARS
                    -----------------------------------------------------------
   TIME STEP LENGTH 6.04800E+05  10080.      168.00      7.0000     1.91650E-02
 STRESS PERIOD TIME 6.04800E+05  10080.      168.00      7.0000     1.91650E-02
         TOTAL TIME 1.63296E+07 2.72160E+05  4536.0      189.00     0.51745    


end timestep


start timestep kper="28" kstp="1" mode="normal"


 OUTPUT CONTROL FOR STRESS PERIOD 28 IS REPEATED USING SETTINGS FROM A PREVIOUS STRESS PERIOD.

 HEAD WILL BE SAVED ON UNIT 1016 AT END OF TIME STEP    1, STRESS PERIOD   28


  VOLUME BUDGET FOR ENTIRE MODEL AT END OF TIME STEP    1, STRESS PERIOD  28
  ---------------------------------------------------------------------------------------------------

     CUMULATIVE VOLUME      L**3       RATES FOR THIS TIME STEP      L**3/T          PACKAGE NAME    
     ------------------                 ------------------------                     ----------------

           IN:                                      IN:
           ---                                      ---
              STO-SS =     3541452.1199                STO-SS =       18011.5205     STORAGE                          
                 WEL =           0.0000                   WEL =           0.0000     WEL                              
                 GHB =       19109.4783                   GHB =         151.8971     GHB                              

            TOTAL IN =     3560561.5982              TOTAL IN =       18163.4177

          OUT:                                     OUT:
          ----                                     ----
              STO-SS =     3345452.1213                STO-SS =       17011.5205     STORAGE                          
                 WEL =      196000.0000                   WEL =        1000.0000     WEL                              
                 GHB =       19109.4783                   GHB =         151.8971     GHB                              

           TOTAL OUT =     3560561.5996             TOTAL OUT =       18163.4177

            IN - OUT =      -1.4429E-03              IN - OUT =      -1.5719E-06

 PERCENT DISCREPANCY =          -0.00     PERCENT DISCREPANCY =          -0.00




         TIME SUMMARY AT END OF TIME STEP    1 IN STRESS PERIOD   28
                    SECONDS     MINUTES      HOURS       DAYS        YEARS
                    -----------------------------------------------------------
   TIME STEP LENGTH 6.04800E+05  10080.      168.00      7.0000     1.91650E-02
 STRESS PERIOD TIME 6.04800E+05  10080.      168.00      7.0000     1.91650E-02
         TOTAL TIME 1.69344E+07 2.82240E+05  4704.0      196.00     0.53662    


end timestep


start timestep kper="29" kstp="1" mode="normal"


 OUTPUT CONTROL FOR STRESS PERIOD 29 IS REPEATED USING SETTINGS FROM A PREVIOUS STRESS PERIOD.

 HEAD WILL BE SAVED ON UNIT 1016 AT END OF TIME STEP    1, STRESS PERIOD   29


  VOLUME BUDGET FOR ENTIRE MODEL AT END OF TIME STEP    1, STRESS PERIOD  29
  ---------------------------------------------------------------------------------------------------

     CUMULATIVE VOLUME      L**3       RATES FOR THIS TIME STEP      L**3/T          PACKAGE NAME    
     ------------------                 ------------------------                     ----------------

           IN:                                      IN:
           ---                                      ---
              STO-SS =     3667507.2907                STO-SS =       18007.8815     STORAGE                          
                 WEL =           0.0000                   WEL =           0.0000     WEL                              
                 GHB =       20194.0366                   GHB =         154.9369     GHB                              

            TOTAL IN =     3687701.3272              TOTAL IN =       18162.8184

          OUT:                                     OUT:
          ----                                     ----
              STO-SS =     3464507.2921                STO-SS =       17007.8815     STORAGE                          
                 WEL =      203000.0000                   WEL =        1000.0000     WEL                              
                 GHB =       20194.0366                   GHB =         154.9369     GHB                              

           TOTAL OUT =     3687701.3287             TOTAL OUT =       18162.8184

            IN - OUT =      -1.4538E-03              IN - OUT =      -1.5542E-06

 PERCENT DISCREPANCY =          -0.00     PERCENT DISCREPANCY =          -0.00




         TIME SUMMARY AT END OF TIME STEP    1 IN STRESS PERIOD   29
                    SECONDS     MINUTES      HOURS       DAYS        YEARS
                    -----------------------------------------------------------
   TIME STEP LENGTH 6.04800E+05  10080.      168.00      7.0000     1.91650E-02
 STRESS PERIOD TIME 6.04800E+05  10080.      168.00      7.0000     1.91650E-02
         TOTAL TIME 1.75392E+07 2.92320E+05  4872.0      203.00     0.55578    


end timestep


start timestep kper="30" kstp="1" mode="normal"


 OUTPUT CONTROL FOR STRESS PERIOD 30 IS REPEATED USING SETTINGS FROM A PREVIOUS STRESS PERIOD.

 HEAD WILL BE SAVED ON UNIT 1016 AT END OF TIME STEP    1, STRESS PERIOD   30


  VOLUME BUDGET FOR ENTIRE MODEL AT END OF TIME STEP    1, STRESS PERIOD  30
  ---------------------------------------------------------------------------------------------------

     CUMULATIVE VOLUME      L**3       RATES FOR THIS TIME STEP      L**3/T          PACKAGE NAME    
     ------------------                 ------------------------                     ----------------

           IN:                                      IN:
           ---                                      ---
              STO-SS =     3793536.8531                STO-SS =       18004.2232     STORAGE                          
                 WEL =           0.0000                   WEL =           0.0000     WEL                              
                 GHB =       21299.5040                   GHB =         157.9239     GHB                              

            TOTAL IN =     3814836.3571              TOTAL IN =       18162.1471

          OUT:                                     OUT:
          ----                                     ----
              STO-SS =     3583536.8546                STO-SS =       17004.2232     STORAGE                          
                 WEL =      210000.0000                   WEL =        1000.0000     WEL                              
                 GHB =       21299.5040                   GHB =         157.9239     GHB                              

           TOTAL OUT =     3814836.3585             TOTAL OUT =       18162.1471

            IN - OUT =      -1.4645E-03              IN - OUT =      -1.5213E-06

 PERCENT DISCREPANCY =          -0.00     PERCENT DISCREPANCY =          -0.00




         TIME SUMMARY AT END OF TIME STEP    1 IN STRESS PERIOD   30
                    SECONDS     MINUTES      HOURS       DAYS        YEARS
                    -----------------------------------------------------------
   TIME STEP LENGTH 6.04800E+05  10080.      168.00      7.0000     1.91650E-02
 STRESS PERIOD TIME 6.04800E+05  10080.      168.00      7.0000     1.91650E-02
         TOTAL TIME 1.81440E+07 3.02400E+05  5040.0      210.00     0.57495    


end timestep


start timestep kper="31" kstp="1" mode="normal"


 OUTPUT CONTROL FOR STRESS PERIOD 31 IS REPEATED USING SETTINGS FROM A PREVIOUS STRESS PERIOD.

 HEAD WILL BE SAVED ON UNIT 1016 AT END OF TIME STEP    1, STRESS PERIOD   31


  VOLUME BUDGET FOR ENTIRE MODEL AT END OF TIME STEP    1, STRESS PERIOD  31
  ---------------------------------------------------------------------------------------------------

     CUMULATIVE VOLUME      L**3       RATES FOR THIS TIME STEP      L**3/T          PACKAGE NAME    
     ------------------                 ------------------------                     ----------------

           IN:                                      IN:
           ---                                      ---
              STO-SS =     3919540.6297                STO-SS =       18000.5395     STORAGE                          
                 WEL =           0.0000                   WEL =           0.0000     WEL                              
                 GHB =       22425.5298                   GHB =         160.8608     GHB                              

            TOTAL IN =     3941966.1595              TOTAL IN =       18161.4003

          OUT:                                     OUT:
          ----                                     ----
              STO-SS =     3702540.6312                STO-SS =       17000.5395     STORAGE                          
                 WEL =      217000.0000                   WEL =        1000.0000     WEL                              
                 GHB =       22425.5298                   GHB =         160.8608     GHB                              

           TOTAL OUT =     3941966.1610             TOTAL OUT =       18161.4003

            IN - OUT =      -1.4749E-03              IN - OUT =      -1.4985E-06

 PERCENT DISCREPANCY =          -0.00     PERCENT DISCREPANCY =          -0.00




         TIME SUMMARY AT END OF TIME STEP    1 IN STRESS PERIOD   31
                    SECONDS     MINUTES      HOURS       DAYS        YEARS
                    -----------------------------------------------------------
   TIME STEP LENGTH 6.04800E+05  10080.      168.00      7.0000     1.91650E-02
 STRESS PERIOD TIME 6.04800E+05  10080.      168.00      7.0000     1.91650E-02
         TOTAL TIME 1.87488E+07 3.12480E+05  5208.0      217.00     0.59411    


end timestep


start timestep kper="32" kstp="1" mode="normal"


 OUTPUT CONTROL FOR STRESS PERIOD 32 IS REPEATED USING SETTINGS FROM A PREVIOUS STRESS PERIOD.

 HEAD WILL BE SAVED ON UNIT 1016 AT END OF TIME STEP    1, STRESS PERIOD   32


  VOLUME BUDGET FOR ENTIRE MODEL AT END OF TIME STEP    1, STRESS PERIOD  32
  ---------------------------------------------------------------------------------------------------

     CUMULATIVE VOLUME      L**3       RATES FOR THIS TIME STEP      L**3/T          PACKAGE NAME    
     ------------------                 ------------------------                     ----------------

           IN:                                      IN:
           ---                                      ---
              STO-SS =     4045518.4044                STO-SS =       17996.8250     STORAGE                          
                 WEL =           0.0000                   WEL =           0.0000     WEL                              
                 GHB =       23571.7800                   GHB =         163.7500     GHB                              

            TOTAL IN =     4069090.1844              TOTAL IN =       18160.5750

          OUT:                                     OUT:
          ----                                     ----
              STO-SS =     3821518.4059                STO-SS =       16996.8250     STORAGE                          
                 WEL =      224000.0000                   WEL =        1000.0000     WEL                              
                 GHB =       23571.7800                   GHB =         163.7500     GHB                              

           TOTAL OUT =     4069090.1859             TOTAL OUT =       18160.5750

            IN - OUT =      -1.4853E-03              IN - OUT =      -1.4806E-06

 PERCENT DISCREPANCY =          -0.00     PERCENT DISCREPANCY =          -0.00




         TIME SUMMARY AT END OF TIME STEP    1 IN STRESS PERIOD   32
                    SECONDS     MINUTES      HOURS       DAYS        YEARS
                    -----------------------------------------------------------
   TIME STEP LENGTH 6.04800E+05  10080.      168.00      7.0000     1.91650E-02
 STRESS PERIOD TIME 6.04800E+05  10080.      168.00      7.0000     1.91650E-02
         TOTAL TIME 1.93536E+07 3.22560E+05  5376.0      224.00     0.61328    


end timestep


start timestep kper="33" kstp="1" mode="normal"


 OUTPUT CONTROL FOR STRESS PERIOD 33 IS REPEATED USING SETTINGS FROM A PREVIOUS STRESS PERIOD.

 HEAD WILL BE SAVED ON UNIT 1016 AT END OF TIME STEP    1, STRESS PERIOD   33


  VOLUME BUDGET FOR ENTIRE MODEL AT END OF TIME STEP    1, STRESS PERIOD  33
  ---------------------------------------------------------------------------------------------------

     CUMULATIVE VOLUME      L**3       RATES FOR THIS TIME STEP      L**3/T          PACKAGE NAME    
     ------------------                 ------------------------                     ----------------

           IN:                                      IN:
           ---                                      ---
              STO-SS =     4171469.9128                STO-SS =       17993.0726     STORAGE                          
                 WEL =           0.0000                   WEL =           0.0000     WEL                              
                 GHB =       24737.9362                   GHB =         166.5937     GHB                              

            TOTAL IN =     4196207.8490              TOTAL IN =       18159.6664

          OUT:                                     OUT:
          ----                                     ----
              STO-SS =     3940469.9143                STO-SS =       16993.0726     STORAGE                          
                 WEL =      231000.0000                   WEL =        1000.0000     WEL                              
                 GHB =       24737.9362                   GHB =         166.5937     GHB                              

           TOTAL OUT =     4196207.8505             TOTAL OUT =       18159.6664

            IN - OUT =      -1.4956E-03              IN - OUT =      -1.4661E-06

 PERCENT DISCREPANCY =          -0.00     PERCENT DISCREPANCY =          -0.00




         TIME SUMMARY AT END OF TIME STEP    1 IN STRESS PERIOD   33
                    SECONDS     MINUTES      HOURS       DAYS        YEARS
                    -----------------------------------------------------------
   TIME STEP LENGTH 6.04800E+05  10080.      168.00      7.0000     1.91650E-02
 STRESS PERIOD TIME 6.04800E+05  10080.      168.00      7.0000     1.91650E-02
         TOTAL TIME 1.99584E+07 3.32640E+05  5544.0      231.00     0.63244    


end timestep


start timestep kper="34" kstp="1" mode="normal"


 OUTPUT CONTROL FOR STRESS PERIOD 34 IS REPEATED USING SETTINGS FROM A PREVIOUS STRESS PERIOD.

 HEAD WILL BE SAVED ON UNIT 1016 AT END OF TIME STEP    1, STRESS PERIOD   34


  VOLUME BUDGET FOR ENTIRE MODEL AT END OF TIME STEP    1, STRESS PERIOD  34
  ---------------------------------------------------------------------------------------------------

     CUMULATIVE VOLUME      L**3       RATES FOR THIS TIME STEP      L**3/T          PACKAGE NAME    
     ------------------                 ------------------------                     ----------------

           IN:                                      IN:
           ---                                      ---
              STO-SS =     4297394.8865                STO-SS =       17989.2819     STORAGE                          
                 WEL =           0.0000                   WEL =           0.0000     WEL                              
                 GHB =       25923.6943                   GHB =         169.3940     GHB                              

            TOTAL IN =     4323318.5808              TOTAL IN =       18158.6760

          OUT:                                     OUT:
          ----                                     ----
              STO-SS =     4059394.8880                STO-SS =       16989.2820     STORAGE                          
                 WEL =      238000.0000                   WEL =        1000.0000     WEL                              
                 GHB =       25923.6943                   GHB =         169.3940     GHB                              

           TOTAL OUT =     4323318.5823             TOTAL OUT =       18158.6760

            IN - OUT =      -1.5056E-03              IN - OUT =      -1.4344E-06

 PERCENT DISCREPANCY =          -0.00     PERCENT DISCREPANCY =          -0.00




         TIME SUMMARY AT END OF TIME STEP    1 IN STRESS PERIOD   34
                    SECONDS     MINUTES      HOURS       DAYS        YEARS
                    -----------------------------------------------------------
   TIME STEP LENGTH 6.04800E+05  10080.      168.00      7.0000     1.91650E-02
 STRESS PERIOD TIME 6.04800E+05  10080.      168.00      7.0000     1.91650E-02
         TOTAL TIME 2.05632E+07 3.42720E+05  5712.0      238.00     0.65161    


end timestep


start timestep kper="35" kstp="1" mode="normal"


 OUTPUT CONTROL FOR STRESS PERIOD 35 IS REPEATED USING SETTINGS FROM A PREVIOUS STRESS PERIOD.

 HEAD WILL BE SAVED ON UNIT 1016 AT END OF TIME STEP    1, STRESS PERIOD   35


  VOLUME BUDGET FOR ENTIRE MODEL AT END OF TIME STEP    1, STRESS PERIOD  35
  ---------------------------------------------------------------------------------------------------

     CUMULATIVE VOLUME      L**3       RATES FOR THIS TIME STEP      L**3/T          PACKAGE NAME    
     ------------------                 ------------------------                     ----------------

           IN:                                      IN:
           ---                                      ---
              STO-SS =     4423293.0044                STO-SS =       17985.4454     STORAGE                          
                 WEL =           0.0000                   WEL =           0.0000     WEL                              
                 GHB =       27128.7634                   GHB =         172.1527     GHB                              

            TOTAL IN =     4450421.7679              TOTAL IN =       18157.5982

          OUT:                                     OUT:
          ----                                     ----
              STO-SS =     4178293.0060                STO-SS =       16985.4454     STORAGE                          
                 WEL =      245000.0000                   WEL =        1000.0000     WEL                              
                 GHB =       27128.7634                   GHB =         172.1527     GHB                              

           TOTAL OUT =     4450421.7694             TOTAL OUT =       18157.5982

            IN - OUT =      -1.5155E-03              IN - OUT =      -1.4069E-06

 PERCENT DISCREPANCY =          -0.00     PERCENT DISCREPANCY =          -0.00




         TIME SUMMARY AT END OF TIME STEP    1 IN STRESS PERIOD   35
                    SECONDS     MINUTES      HOURS       DAYS        YEARS
                    -----------------------------------------------------------
   TIME STEP LENGTH 6.04800E+05  10080.      168.00      7.0000     1.91650E-02
 STRESS PERIOD TIME 6.04800E+05  10080.      168.00      7.0000     1.91650E-02
         TOTAL TIME 2.11680E+07 3.52800E+05  5880.0      245.00     0.67077    


end timestep


start timestep kper="36" kstp="1" mode="normal"


 OUTPUT CONTROL FOR STRESS PERIOD 36 IS REPEATED USING SETTINGS FROM A PREVIOUS STRESS PERIOD.

 HEAD WILL BE SAVED ON UNIT 1016 AT END OF TIME STEP    1, STRESS PERIOD   36


  VOLUME BUDGET FOR ENTIRE MODEL AT END OF TIME STEP    1, STRESS PERIOD  36
  ---------------------------------------------------------------------------------------------------

     CUMULATIVE VOLUME      L**3       RATES FOR THIS TIME STEP      L**3/T          PACKAGE NAME    
     ------------------                 ------------------------                     ----------------

           IN:                                      IN:
           ---                                      ---
              STO-SS =     4549163.9059                STO-SS =       17981.5573     STORAGE                          
                 WEL =           0.0000                   WEL =           0.0000     WEL                              
                 GHB =       28352.8652                   GHB =         174.8717     GHB                              

            TOTAL IN =     4577516.7711              TOTAL IN =       18156.4290

          OUT:                                     OUT:
          ----                                     ----
              STO-SS =     4297163.9074                STO-SS =       16981.5573     STORAGE                          
                 WEL =      252000.0000                   WEL =        1000.0000     WEL                              
                 GHB =       28352.8652                   GHB =         174.8717     GHB                              

           TOTAL OUT =     4577516.7726             TOTAL OUT =       18156.4290

            IN - OUT =      -1.5252E-03              IN - OUT =      -1.3891E-06

 PERCENT DISCREPANCY =          -0.00     PERCENT DISCREPANCY =          -0.00




         TIME SUMMARY AT END OF TIME STEP    1 IN STRESS PERIOD   36
                    SECONDS     MINUTES      HOURS       DAYS        YEARS
                    -----------------------------------------------------------
   TIME STEP LENGTH 6.04800E+05  10080.      168.00      7.0000     1.91650E-02
 STRESS PERIOD TIME 6.04800E+05  10080.      168.00      7.0000     1.91650E-02
         TOTAL TIME 2.17728E+07 3.62880E+05  6048.0      252.00     0.68994    


end timestep


start timestep kper="37" kstp="1" mode="normal"


 OUTPUT CONTROL FOR STRESS PERIOD 37 IS REPEATED USING SETTINGS FROM A PREVIOUS STRESS PERIOD.

 HEAD WILL BE SAVED ON UNIT 1016 AT END OF TIME STEP    1, STRESS PERIOD   37


  VOLUME BUDGET FOR ENTIRE MODEL AT END OF TIME STEP    1, STRESS PERIOD  37
  ---------------------------------------------------------------------------------------------------

     CUMULATIVE VOLUME      L**3       RATES FOR THIS TIME STEP      L**3/T          PACKAGE NAME    
     ------------------                 ------------------------                     ----------------

           IN:                                      IN:
           ---                                      ---
              STO-SS =     4675007.2015                STO-SS =       17977.6137     STORAGE                          
                 WEL =           0.0000                   WEL =           0.0000     WEL                              
                 GHB =       29595.7326                   GHB =         177.5525     GHB                              

            TOTAL IN =     4704602.9340              TOTAL IN =       18155.1661

          OUT:                                     OUT:
          ----                                     ----
              STO-SS =     4416007.2030                STO-SS =       16977.6137     STORAGE                          
                 WEL =      259000.0000                   WEL =        1000.0000     WEL                              
                 GHB =       29595.7326                   GHB =         177.5525     GHB                              

           TOTAL OUT =     4704602.9356             TOTAL OUT =       18155.1661

            IN - OUT =      -1.5349E-03              IN - OUT =      -1.3847E-06

 PERCENT DISCREPANCY =          -0.00     PERCENT DISCREPANCY =          -0.00




         TIME SUMMARY AT END OF TIME STEP    1 IN STRESS PERIOD   37
                    SECONDS     MINUTES      HOURS       DAYS        YEARS
                    -----------------------------------------------------------
   TIME STEP LENGTH 6.04800E+05  10080.      168.00      7.0000     1.91650E-02
 STRESS PERIOD TIME 6.04800E+05  10080.      168.00      7.0000     1.91650E-02
         TOTAL TIME 2.23776E+07 3.72960E+05  6216.0      259.00     0.70910    


end timestep


start timestep kper="38" kstp="1" mode="normal"


 OUTPUT CONTROL FOR STRESS PERIOD 38 IS REPEATED USING SETTINGS FROM A PREVIOUS STRESS PERIOD.

 HEAD WILL BE SAVED ON UNIT 1016 AT END OF TIME STEP    1, STRESS PERIOD   38


  VOLUME BUDGET FOR ENTIRE MODEL AT END OF TIME STEP    1, STRESS PERIOD  38
  ---------------------------------------------------------------------------------------------------

     CUMULATIVE VOLUME      L**3       RATES FOR THIS TIME STEP      L**3/T          PACKAGE NAME    
     ------------------                 ------------------------                     ----------------

           IN:                                      IN:
           ---                                      ---
              STO-SS =     4800822.5185                STO-SS =       17973.6167     STORAGE                          
                 WEL =           0.0000                   WEL =           0.0000     WEL                              
                 GHB =       30857.1094                   GHB =         180.1967     GHB                              

            TOTAL IN =     4831679.6279              TOTAL IN =       18153.8134

          OUT:                                     OUT:
          ----                                     ----
              STO-SS =     4534822.5200                STO-SS =       16973.6167     STORAGE                          
                 WEL =      266000.0000                   WEL =        1000.0000     WEL                              
                 GHB =       30857.1094                   GHB =         180.1967     GHB                              

           TOTAL OUT =     4831679.6294             TOTAL OUT =       18153.8134

            IN - OUT =      -1.5444E-03              IN - OUT =      -1.3570E-06

 PERCENT DISCREPANCY =          -0.00     PERCENT DISCREPANCY =          -0.00




         TIME SUMMARY AT END OF TIME STEP    1 IN STRESS PERIOD   38
                    SECONDS     MINUTES      HOURS       DAYS        YEARS
                    -----------------------------------------------------------
   TIME STEP LENGTH 6.04800E+05  10080.      168.00      7.0000     1.91650E-02
 STRESS PERIOD TIME 6.04800E+05  10080.      168.00      7.0000     1.91650E-02
         TOTAL TIME 2.29824E+07 3.83040E+05  6384.0      266.00     0.72827    


end timestep


start timestep kper="39" kstp="1" mode="normal"


 OUTPUT CONTROL FOR STRESS PERIOD 39 IS REPEATED USING SETTINGS FROM A PREVIOUS STRESS PERIOD.

 HEAD WILL BE SAVED ON UNIT 1016 AT END OF TIME STEP    1, STRESS PERIOD   39


  VOLUME BUDGET FOR ENTIRE MODEL AT END OF TIME STEP    1, STRESS PERIOD  39
  ---------------------------------------------------------------------------------------------------

     CUMULATIVE VOLUME      L**3       RATES FOR THIS TIME STEP      L**3/T          PACKAGE NAME    
     ------------------                 ------------------------                     ----------------

           IN:                                      IN:
           ---                                      ---
              STO-SS =     4926609.5075                STO-SS =       17969.5699     STORAGE                          
                 WEL =           0.0000                   WEL =           0.0000     WEL                              
                 GHB =       32136.7495                   GHB =         182.8057     GHB                              

            TOTAL IN =     4958746.2570              TOTAL IN =       18152.3756

          OUT:                                     OUT:
          ----                                     ----
              STO-SS =     4653609.5091                STO-SS =       16969.5699     STORAGE                          
                 WEL =      273000.0000                   WEL =        1000.0000     WEL                              
                 GHB =       32136.7495                   GHB =         182.8057     GHB                              

           TOTAL OUT =     4958746.2586             TOTAL OUT =       18152.3756

            IN - OUT =      -1.5538E-03              IN - OUT =      -1.3514E-06

 PERCENT DISCREPANCY =          -0.00     PERCENT DISCREPANCY =          -0.00




         TIME SUMMARY AT END OF TIME STEP    1 IN STRESS PERIOD   39
                    SECONDS     MINUTES      HOURS       DAYS        YEARS
                    -----------------------------------------------------------
   TIME STEP LENGTH 6.04800E+05  10080.      168.00      7.0000     1.91650E-02
 STRESS PERIOD TIME 6.04800E+05  10080.      168.00      7.0000     1.91650E-02
         TOTAL TIME 2.35872E+07 3.93120E+05  6552.0      273.00     0.74743    


end timestep


start timestep kper="40" kstp="1" mode="normal"


 OUTPUT CONTROL FOR STRESS PERIOD 40 IS REPEATED USING SETTINGS FROM A PREVIOUS STRESS PERIOD.

 HEAD WILL BE SAVED ON UNIT 1016 AT END OF TIME STEP    1, STRESS PERIOD   40


  VOLUME BUDGET FOR ENTIRE MODEL AT END OF TIME STEP    1, STRESS PERIOD  40
  ---------------------------------------------------------------------------------------------------

     CUMULATIVE VOLUME      L**3       RATES FOR THIS TIME STEP      L**3/T          PACKAGE NAME    
     ------------------                 ------------------------                     ----------------

           IN:                                      IN:
           ---                                      ---
              STO-SS =     5052367.7262                STO-SS =       17965.4598     STORAGE                          
                 WEL =           0.0000                   WEL =           0.0000     WEL                              
                 GHB =       33434.4161                   GHB =         185.3809     GHB                              

            TOTAL IN =     5085802.1424              TOTAL IN =       18150.8408

          OUT:                                     OUT:
          ----                                     ----
              STO-SS =     4772367.7278                STO-SS =       16965.4598     STORAGE                          
                 WEL =      280000.0000                   WEL =        1000.0000     WEL                              
                 GHB =       33434.4161                   GHB =         185.3809     GHB                              

           TOTAL OUT =     5085802.1439             TOTAL OUT =       18150.8408

            IN - OUT =      -1.5631E-03              IN - OUT =      -1.3279E-06

 PERCENT DISCREPANCY =          -0.00     PERCENT DISCREPANCY =          -0.00




         TIME SUMMARY AT END OF TIME STEP    1 IN STRESS PERIOD   40
                    SECONDS     MINUTES      HOURS       DAYS        YEARS
                    -----------------------------------------------------------
   TIME STEP LENGTH 6.04800E+05  10080.      168.00      7.0000     1.91650E-02
 STRESS PERIOD TIME 6.04800E+05  10080.      168.00      7.0000     1.91650E-02
         TOTAL TIME 2.41920E+07 4.03200E+05  6720.0      280.00     0.76660    


end timestep


start timestep kper="41" kstp="1" mode="normal"


 OUTPUT CONTROL FOR STRESS PERIOD 41 IS REPEATED USING SETTINGS FROM A PREVIOUS STRESS PERIOD.

 HEAD WILL BE SAVED ON UNIT 1016 AT END OF TIME STEP    1, STRESS PERIOD   41


  VOLUME BUDGET FOR ENTIRE MODEL AT END OF TIME STEP    1, STRESS PERIOD  41
  ---------------------------------------------------------------------------------------------------

     CUMULATIVE VOLUME      L**3       RATES FOR THIS TIME STEP      L**3/T          PACKAGE NAME    
     ------------------                 ------------------------                     ----------------

           IN:                                      IN:
           ---                                      ---
              STO-SS =     5178096.7239                STO-SS =       17961.2854     STORAGE                          
                 WEL =           0.0000                   WEL =           0.0000     WEL                              
                 GHB =       34749.8813                   GHB =         187.9236     GHB                              

            TOTAL IN =     5212846.6052              TOTAL IN =       18149.2090

          OUT:                                     OUT:
          ----                                     ----
              STO-SS =     4891096.7255                STO-SS =       16961.2854     STORAGE                          
                 WEL =      287000.0000                   WEL =        1000.0000     WEL                              
                 GHB =       34749.8813                   GHB =         187.9236     GHB                              

           TOTAL OUT =     5212846.6068             TOTAL OUT =       18149.2090

            IN - OUT =      -1.5722E-03              IN - OUT =      -1.2998E-06

 PERCENT DISCREPANCY =          -0.00     PERCENT DISCREPANCY =          -0.00




         TIME SUMMARY AT END OF TIME STEP    1 IN STRESS PERIOD   41
                    SECONDS     MINUTES      HOURS       DAYS        YEARS
                    -----------------------------------------------------------
   TIME STEP LENGTH 6.04800E+05  10080.      168.00      7.0000     1.91650E-02
 STRESS PERIOD TIME 6.04800E+05  10080.      168.00      7.0000     1.91650E-02
         TOTAL TIME 2.47968E+07 4.13280E+05  6888.0      287.00     0.78576    


end timestep


start timestep kper="42" kstp="1" mode="normal"


 OUTPUT CONTROL FOR STRESS PERIOD 42 IS REPEATED USING SETTINGS FROM A PREVIOUS STRESS PERIOD.

 HEAD WILL BE SAVED ON UNIT 1016 AT END OF TIME STEP    1, STRESS PERIOD   42


  VOLUME BUDGET FOR ENTIRE MODEL AT END OF TIME STEP    1, STRESS PERIOD  42
  ---------------------------------------------------------------------------------------------------

     CUMULATIVE VOLUME      L**3       RATES FOR THIS TIME STEP      L**3/T          PACKAGE NAME    
     ------------------                 ------------------------                     ----------------

           IN:                                      IN:
           ---                                      ---
              STO-SS =     5303796.1202                STO-SS =       17957.0566     STORAGE                          
                 WEL =           0.0000                   WEL =           0.0000     WEL                              
                 GHB =       36082.9253                   GHB =         190.4349     GHB                              

            TOTAL IN =     5339879.0455              TOTAL IN =       18147.4915

          OUT:                                     OUT:
          ----                                     ----
              STO-SS =     5009796.1219                STO-SS =       16957.0566     STORAGE                          
                 WEL =      294000.0000                   WEL =        1000.0000     WEL                              
                 GHB =       36082.9253                   GHB =         190.4349     GHB                              

           TOTAL OUT =     5339879.0471             TOTAL OUT =       18147.4915

            IN - OUT =      -1.5811E-03              IN - OUT =      -1.2714E-06

 PERCENT DISCREPANCY =          -0.00     PERCENT DISCREPANCY =          -0.00




         TIME SUMMARY AT END OF TIME STEP    1 IN STRESS PERIOD   42
                    SECONDS     MINUTES      HOURS       DAYS        YEARS
                    -----------------------------------------------------------
   TIME STEP LENGTH 6.04800E+05  10080.      168.00      7.0000     1.91650E-02
 STRESS PERIOD TIME 6.04800E+05  10080.      168.00      7.0000     1.91650E-02
         TOTAL TIME 2.54016E+07 4.23360E+05  7056.0      294.00     0.80493    


end timestep


start timestep kper="43" kstp="1" mode="normal"


 OUTPUT CONTROL FOR STRESS PERIOD 43 IS REPEATED USING SETTINGS FROM A PREVIOUS STRESS PERIOD.

 HEAD WILL BE SAVED ON UNIT 1016 AT END OF TIME STEP    1, STRESS PERIOD   43


  VOLUME BUDGET FOR ENTIRE MODEL AT END OF TIME STEP    1, STRESS PERIOD  43
  ---------------------------------------------------------------------------------------------------

     CUMULATIVE VOLUME      L**3       RATES FOR THIS TIME STEP      L**3/T          PACKAGE NAME    
     ------------------                 ------------------------                     ----------------

           IN:                                      IN:
           ---                                      ---
              STO-SS =     5429465.4417                STO-SS =       17952.7602     STORAGE                          
                 WEL =           0.0000                   WEL =           0.0000     WEL                              
                 GHB =       37433.3363                   GHB =         192.9159     GHB                              

            TOTAL IN =     5466898.7780              TOTAL IN =       18145.6761

          OUT:                                     OUT:
          ----                                     ----
              STO-SS =     5128465.4433                STO-SS =       16952.7602     STORAGE                          
                 WEL =      301000.0000                   WEL =        1000.0000     WEL                              
                 GHB =       37433.3362                   GHB =         192.9159     GHB                              

           TOTAL OUT =     5466898.7796             TOTAL OUT =       18145.6761

            IN - OUT =      -1.5899E-03              IN - OUT =      -1.2519E-06

 PERCENT DISCREPANCY =          -0.00     PERCENT DISCREPANCY =          -0.00




         TIME SUMMARY AT END OF TIME STEP    1 IN STRESS PERIOD   43
                    SECONDS     MINUTES      HOURS       DAYS        YEARS
                    -----------------------------------------------------------
   TIME STEP LENGTH 6.04800E+05  10080.      168.00      7.0000     1.91650E-02
 STRESS PERIOD TIME 6.04800E+05  10080.      168.00      7.0000     1.91650E-02
         TOTAL TIME 2.60064E+07 4.33440E+05  7224.0      301.00     0.82409    


end timestep


start timestep kper="44" kstp="1" mode="normal"


 OUTPUT CONTROL FOR STRESS PERIOD 44 IS REPEATED USING SETTINGS FROM A PREVIOUS STRESS PERIOD.

 HEAD WILL BE SAVED ON UNIT 1016 AT END OF TIME STEP    1, STRESS PERIOD   44


  VOLUME BUDGET FOR ENTIRE MODEL AT END OF TIME STEP    1, STRESS PERIOD  44
  ---------------------------------------------------------------------------------------------------

     CUMULATIVE VOLUME      L**3       RATES FOR THIS TIME STEP      L**3/T          PACKAGE NAME    
     ------------------                 ------------------------                     ----------------

           IN:                                      IN:
           ---                                      ---
              STO-SS =     5555104.2044                STO-SS =       17948.3947     STORAGE                          
                 WEL =           0.0000                   WEL =           0.0000     WEL                              
                 GHB =       38800.9097                   GHB =         195.3676     GHB                              

            TOTAL IN =     5593905.1141              TOTAL IN =       18143.7623

          OUT:                                     OUT:
          ----                                     ----
              STO-SS =     5247104.2061                STO-SS =       16948.3947     STORAGE                          
                 WEL =      308000.0000                   WEL =        1000.0000     WEL                              
                 GHB =       38800.9096                   GHB =         195.3676     GHB                              

           TOTAL OUT =     5593905.1157             TOTAL OUT =       18143.7623

            IN - OUT =      -1.5986E-03              IN - OUT =      -1.2492E-06

 PERCENT DISCREPANCY =          -0.00     PERCENT DISCREPANCY =          -0.00




         TIME SUMMARY AT END OF TIME STEP    1 IN STRESS PERIOD   44
                    SECONDS     MINUTES      HOURS       DAYS        YEARS
                    -----------------------------------------------------------
   TIME STEP LENGTH 6.04800E+05  10080.      168.00      7.0000     1.91650E-02
 STRESS PERIOD TIME 6.04800E+05  10080.      168.00      7.0000     1.91650E-02
         TOTAL TIME 2.66112E+07 4.43520E+05  7392.0      308.00     0.84326    


end timestep


start timestep kper="45" kstp="1" mode="normal"


 OUTPUT CONTROL FOR STRESS PERIOD 45 IS REPEATED USING SETTINGS FROM A PREVIOUS STRESS PERIOD.

 HEAD WILL BE SAVED ON UNIT 1016 AT END OF TIME STEP    1, STRESS PERIOD   45


  VOLUME BUDGET FOR ENTIRE MODEL AT END OF TIME STEP    1, STRESS PERIOD  45
  ---------------------------------------------------------------------------------------------------

     CUMULATIVE VOLUME      L**3       RATES FOR THIS TIME STEP      L**3/T          PACKAGE NAME    
     ------------------                 ------------------------                     ----------------

           IN:                                      IN:
           ---                                      ---
              STO-SS =     5680712.0773                STO-SS =       17943.9818     STORAGE                          
                 WEL =           0.0000                   WEL =           0.0000     WEL                              
                 GHB =       40185.4479                   GHB =         197.7912     GHB                              

            TOTAL IN =     5720897.5252              TOTAL IN =       18141.7730

          OUT:                                     OUT:
          ----                                     ----
              STO-SS =     5365712.0789                STO-SS =       16943.9818     STORAGE                          
                 WEL =      315000.0000                   WEL =        1000.0000     WEL                              
                 GHB =       40185.4478                   GHB =         197.7912     GHB                              

           TOTAL OUT =     5720897.5268             TOTAL OUT =       18141.7730

            IN - OUT =      -1.6073E-03              IN - OUT =      -1.2376E-06

 PERCENT DISCREPANCY =          -0.00     PERCENT DISCREPANCY =          -0.00




         TIME SUMMARY AT END OF TIME STEP    1 IN STRESS PERIOD   45
                    SECONDS     MINUTES      HOURS       DAYS        YEARS
                    -----------------------------------------------------------
   TIME STEP LENGTH 6.04800E+05  10080.      168.00      7.0000     1.91650E-02
 STRESS PERIOD TIME 6.04800E+05  10080.      168.00      7.0000     1.91650E-02
         TOTAL TIME 2.72160E+07 4.53600E+05  7560.0      315.00     0.86242    


end timestep


start timestep kper="46" kstp="1" mode="normal"


 OUTPUT CONTROL FOR STRESS PERIOD 46 IS REPEATED USING SETTINGS FROM A PREVIOUS STRESS PERIOD.

 HEAD WILL BE SAVED ON UNIT 1016 AT END OF TIME STEP    1, STRESS PERIOD   46


  VOLUME BUDGET FOR ENTIRE MODEL AT END OF TIME STEP    1, STRESS PERIOD  46
  ---------------------------------------------------------------------------------------------------

     CUMULATIVE VOLUME      L**3       RATES FOR THIS TIME STEP      L**3/T          PACKAGE NAME    
     ------------------                 ------------------------                     ----------------

           IN:                                      IN:
           ---                                      ---
              STO-SS =     5806288.6122                STO-SS =       17939.5050     STORAGE                          
                 WEL =           0.0000                   WEL =           0.0000     WEL                              
                 GHB =       41586.7598                   GHB =         200.1874     GHB                              

            TOTAL IN =     5847875.3720              TOTAL IN =       18139.6924

          OUT:                                     OUT:
          ----                                     ----
              STO-SS =     5484288.6139                STO-SS =       16939.5050     STORAGE                          
                 WEL =      322000.0000                   WEL =        1000.0000     WEL                              
                 GHB =       41586.7597                   GHB =         200.1874     GHB                              

           TOTAL OUT =     5847875.3736             TOTAL OUT =       18139.6924

            IN - OUT =      -1.6159E-03              IN - OUT =      -1.2221E-06

 PERCENT DISCREPANCY =          -0.00     PERCENT DISCREPANCY =          -0.00




         TIME SUMMARY AT END OF TIME STEP    1 IN STRESS PERIOD   46
                    SECONDS     MINUTES      HOURS       DAYS        YEARS
                    -----------------------------------------------------------
   TIME STEP LENGTH 6.04800E+05  10080.      168.00      7.0000     1.91650E-02
 STRESS PERIOD TIME 6.04800E+05  10080.      168.00      7.0000     1.91650E-02
         TOTAL TIME 2.78208E+07 4.63680E+05  7728.0      322.00     0.88159    


end timestep


start timestep kper="47" kstp="1" mode="normal"


 OUTPUT CONTROL FOR STRESS PERIOD 47 IS REPEATED USING SETTINGS FROM A PREVIOUS STRESS PERIOD.

 HEAD WILL BE SAVED ON UNIT 1016 AT END OF TIME STEP    1, STRESS PERIOD   47


  VOLUME BUDGET FOR ENTIRE MODEL AT END OF TIME STEP    1, STRESS PERIOD  47
  ---------------------------------------------------------------------------------------------------

     CUMULATIVE VOLUME      L**3       RATES FOR THIS TIME STEP      L**3/T          PACKAGE NAME    
     ------------------                 ------------------------                     ----------------

           IN:                                      IN:
           ---                                      ---
              STO-SS =     5931833.4342                STO-SS =       17934.9746     STORAGE                          
                 WEL =           0.0000                   WEL =           0.0000     WEL                              
                 GHB =       43004.6607                   GHB =         202.5573     GHB                              

            TOTAL IN =     5974838.0949              TOTAL IN =       18137.5318

          OUT:                                     OUT:
          ----                                     ----
              STO-SS =     5602833.4360                STO-SS =       16934.9746     STORAGE                          
                 WEL =      329000.0000                   WEL =        1000.0000     WEL                              
                 GHB =       43004.6605                   GHB =         202.5573     GHB                              

           TOTAL OUT =     5974838.0965             TOTAL OUT =       18137.5318

            IN - OUT =      -1.6242E-03              IN - OUT =      -1.1970E-06

 PERCENT DISCREPANCY =          -0.00     PERCENT DISCREPANCY =          -0.00




         TIME SUMMARY AT END OF TIME STEP    1 IN STRESS PERIOD   47
                    SECONDS     MINUTES      HOURS       DAYS        YEARS
                    -----------------------------------------------------------
   TIME STEP LENGTH 6.04800E+05  10080.      168.00      7.0000     1.91650E-02
 STRESS PERIOD TIME 6.04800E+05  10080.      168.00      7.0000     1.91650E-02
         TOTAL TIME 2.84256E+07 4.73760E+05  7896.0      329.00     0.90075    


end timestep


start timestep kper="48" kstp="1" mode="normal"


 OUTPUT CONTROL FOR STRESS PERIOD 48 IS REPEATED USING SETTINGS FROM A PREVIOUS STRESS PERIOD.

 HEAD WILL BE SAVED ON UNIT 1016 AT END OF TIME STEP    1, STRESS PERIOD   48


  VOLUME BUDGET FOR ENTIRE MODEL AT END OF TIME STEP    1, STRESS PERIOD  48
  ---------------------------------------------------------------------------------------------------

     CUMULATIVE VOLUME      L**3       RATES FOR THIS TIME STEP      L**3/T          PACKAGE NAME    
     ------------------                 ------------------------                     ----------------

           IN:                                      IN:
           ---                                      ---
              STO-SS =     6057346.1200                STO-SS =       17930.3837     STORAGE                          
                 WEL =           0.0000                   WEL =           0.0000     WEL                              
                 GHB =       44438.9713                   GHB =         204.9015     GHB                              

            TOTAL IN =     6101785.0913              TOTAL IN =       18135.2852

          OUT:                                     OUT:
          ----                                     ----
              STO-SS =     5721346.1217                STO-SS =       16930.3837     STORAGE                          
                 WEL =      336000.0000                   WEL =        1000.0000     WEL                              
                 GHB =       44438.9712                   GHB =         204.9015     GHB                              

           TOTAL OUT =     6101785.0929             TOTAL OUT =       18135.2852

            IN - OUT =      -1.6325E-03              IN - OUT =      -1.1874E-06

 PERCENT DISCREPANCY =          -0.00     PERCENT DISCREPANCY =          -0.00




         TIME SUMMARY AT END OF TIME STEP    1 IN STRESS PERIOD   48
                    SECONDS     MINUTES      HOURS       DAYS        YEARS
                    -----------------------------------------------------------
   TIME STEP LENGTH 6.04800E+05  10080.      168.00      7.0000     1.91650E-02
 STRESS PERIOD TIME 6.04800E+05  10080.      168.00      7.0000     1.91650E-02
         TOTAL TIME 2.90304E+07 4.83840E+05  8064.0      336.00     0.91992    


end timestep


start timestep kper="49" kstp="1" mode="normal"


 OUTPUT CONTROL FOR STRESS PERIOD 49 IS REPEATED USING SETTINGS FROM A PREVIOUS STRESS PERIOD.

 HEAD WILL BE SAVED ON UNIT 1016 AT END OF TIME STEP    1, STRESS PERIOD   49


  VOLUME BUDGET FOR ENTIRE MODEL AT END OF TIME STEP    1, STRESS PERIOD  49
  ---------------------------------------------------------------------------------------------------

     CUMULATIVE VOLUME      L**3       RATES FOR THIS TIME STEP      L**3/T          PACKAGE NAME    
     ------------------                 ------------------------                     ----------------

           IN:                                      IN:
           ---                                      ---
              STO-SS =     6182826.3769                STO-SS =       17925.7510     STORAGE                          
                 WEL =           0.0000                   WEL =           0.0000     WEL                              
                 GHB =       45889.5184                   GHB =         207.2210     GHB                              

            TOTAL IN =     6228715.8953              TOTAL IN =       18132.9720

          OUT:                                     OUT:
          ----                                     ----
              STO-SS =     5839826.3787                STO-SS =       16925.7510     STORAGE                          
                 WEL =      343000.0000                   WEL =        1000.0000     WEL                              
                 GHB =       45889.5182                   GHB =         207.2210     GHB                              

           TOTAL OUT =     6228715.8969             TOTAL OUT =       18132.9720

            IN - OUT =      -1.6408E-03              IN - OUT =      -1.1773E-06

 PERCENT DISCREPANCY =          -0.00     PERCENT DISCREPANCY =          -0.00




         TIME SUMMARY AT END OF TIME STEP    1 IN STRESS PERIOD   49
                    SECONDS     MINUTES      HOURS       DAYS        YEARS
                    -----------------------------------------------------------
   TIME STEP LENGTH 6.04800E+05  10080.      168.00      7.0000     1.91650E-02
 STRESS PERIOD TIME 6.04800E+05  10080.      168.00      7.0000     1.91650E-02
         TOTAL TIME 2.96352E+07 4.93920E+05  8232.0      343.00     0.93908    


end timestep


start timestep kper="50" kstp="1" mode="normal"


 OUTPUT CONTROL FOR STRESS PERIOD 50 IS REPEATED USING SETTINGS FROM A PREVIOUS STRESS PERIOD.

 HEAD WILL BE SAVED ON UNIT 1016 AT END OF TIME STEP    1, STRESS PERIOD   50


  VOLUME BUDGET FOR ENTIRE MODEL AT END OF TIME STEP    1, STRESS PERIOD  50
  ---------------------------------------------------------------------------------------------------

     CUMULATIVE VOLUME      L**3       RATES FOR THIS TIME STEP      L**3/T          PACKAGE NAME    
     ------------------                 ------------------------                     ----------------

           IN:                                      IN:
           ---                                      ---
              STO-SS =     6308273.9338                STO-SS =       17921.0796     STORAGE                          
                 WEL =           0.0000                   WEL =           0.0000     WEL                              
                 GHB =       47356.1336                   GHB =         209.5165     GHB                              

            TOTAL IN =     6355630.0675              TOTAL IN =       18130.5960

          OUT:                                     OUT:
          ----                                     ----
              STO-SS =     5958273.9357                STO-SS =       16921.0796     STORAGE                          
                 WEL =      350000.0000                   WEL =        1000.0000     WEL                              
                 GHB =       47356.1334                   GHB =         209.5165     GHB                              

           TOTAL OUT =     6355630.0691             TOTAL OUT =       18130.5960

            IN - OUT =      -1.6489E-03              IN - OUT =      -1.1604E-06

 PERCENT DISCREPANCY =          -0.00     PERCENT DISCREPANCY =          -0.00




         TIME SUMMARY AT END OF TIME STEP    1 IN STRESS PERIOD   50
                    SECONDS     MINUTES      HOURS       DAYS        YEARS
                    -----------------------------------------------------------
   TIME STEP LENGTH 6.04800E+05  10080.      168.00      7.0000     1.91650E-02
 STRESS PERIOD TIME 6.04800E+05  10080.      168.00      7.0000     1.91650E-02
         TOTAL TIME 3.02400E+07 5.04000E+05  8400.0      350.00     0.95825    


end timestep


start timestep kper="51" kstp="1" mode="normal"


 OUTPUT CONTROL FOR STRESS PERIOD 51 IS REPEATED USING SETTINGS FROM A PREVIOUS STRESS PERIOD.

 HEAD WILL BE SAVED ON UNIT 1016 AT END OF TIME STEP    1, STRESS PERIOD   51


  VOLUME BUDGET FOR ENTIRE MODEL AT END OF TIME STEP    1, STRESS PERIOD  51
  ---------------------------------------------------------------------------------------------------

     CUMULATIVE VOLUME      L**3       RATES FOR THIS TIME STEP      L**3/T          PACKAGE NAME    
     ------------------                 ------------------------                     ----------------

           IN:                                      IN:
           ---                                      ---
              STO-SS =     6433688.3338                STO-SS =       17916.3428     STORAGE                          
                 WEL =           0.0000                   WEL =           0.0000     WEL                              
                 GHB =       48838.6540                   GHB =         211.7886     GHB                              

            TOTAL IN =     6482526.9878              TOTAL IN =       18128.1315

          OUT:                                     OUT:
          ----                                     ----
              STO-SS =     6076688.3357                STO-SS =       16916.3429     STORAGE                          
                 WEL =      357000.0000                   WEL =        1000.0000     WEL                              
                 GHB =       48838.6537                   GHB =         211.7886     GHB                              

           TOTAL OUT =     6482526.9894             TOTAL OUT =       18128.1315

            IN - OUT =      -1.6569E-03              IN - OUT =      -1.1394E-06

 PERCENT DISCREPANCY =          -0.00     PERCENT DISCREPANCY =          -0.00




         TIME SUMMARY AT END OF TIME STEP    1 IN STRESS PERIOD   51
                    SECONDS     MINUTES      HOURS       DAYS        YEARS
                    -----------------------------------------------------------
   TIME STEP LENGTH 6.04800E+05  10080.      168.00      7.0000     1.91650E-02
 STRESS PERIOD TIME 6.04800E+05  10080.      168.00      7.0000     1.91650E-02
         TOTAL TIME 3.08448E+07 5.14080E+05  8568.0      357.00     0.97741    


end timestep


start timestep kper="52" kstp="1" mode="normal"


 OUTPUT CONTROL FOR STRESS PERIOD 52 IS REPEATED USING SETTINGS FROM A PREVIOUS STRESS PERIOD.

 HEAD WILL BE SAVED ON UNIT 1016 AT END OF TIME STEP    1, STRESS PERIOD   52


  VOLUME BUDGET FOR ENTIRE MODEL AT END OF TIME STEP    1, STRESS PERIOD  52
  ---------------------------------------------------------------------------------------------------

     CUMULATIVE VOLUME      L**3       RATES FOR THIS TIME STEP      L**3/T          PACKAGE NAME    
     ------------------                 ------------------------                     ----------------

           IN:                                      IN:
           ---                                      ---
              STO-SS =     6559069.1502                STO-SS =       17911.5452     STORAGE                          
                 WEL =           0.0000                   WEL =           0.0000     WEL                              
                 GHB =       50336.9210                   GHB =         214.0381     GHB                              

            TOTAL IN =     6609406.0712              TOTAL IN =       18125.5834

          OUT:                                     OUT:
          ----                                     ----
              STO-SS =     6195069.1523                STO-SS =       16911.5452     STORAGE                          
                 WEL =      364000.0000                   WEL =        1000.0000     WEL                              
                 GHB =       50336.9206                   GHB =         214.0381     GHB                              

           TOTAL OUT =     6609406.0729             TOTAL OUT =       18125.5834

            IN - OUT =      -1.6648E-03              IN - OUT =      -1.1358E-06

 PERCENT DISCREPANCY =          -0.00     PERCENT DISCREPANCY =          -0.00




         TIME SUMMARY AT END OF TIME STEP    1 IN STRESS PERIOD   52
                    SECONDS     MINUTES      HOURS       DAYS        YEARS
                    -----------------------------------------------------------
   TIME STEP LENGTH 6.04800E+05  10080.      168.00      7.0000     1.91650E-02
 STRESS PERIOD TIME 6.04800E+05  10080.      168.00      7.0000     1.91650E-02
         TOTAL TIME 3.14496E+07 5.24160E+05  8736.0      364.00     0.99658    


end timestep

