obsnme,obsval,weight,obsgp
h_p0_cp0,-2251.1738040737387,1.0,head
h_p0_cp1,-2251.1738040730856,1.0,head
h_p0_cp2,-2246.0104691138695,1.0,head
h_p0_cp3,-2246.0104691136385,1.0,head
h_p0_cp4,-2240.8460200469813,1.0,head
h_p0_cp5,-2240.8460200468867,1.0,head
h_p0_cp6,-2235.681284246484,1.0,head
h_p0_cp7,-2235.6812842464356,1.0,head
h_p0_cp8,-2230.5164746561704,1.0,head
h_p0_cp9,-2230.5164746561422,1.0,head
h_p0_cp10,-2225.351646070869,1.0,head
h_p0_cp11,-2225.3516460708524,1.0,head
h_p0_cp12,-2220.186812601404,1.0,head
h_p0_cp13,-2220.186812601395,1.0,head
h_p0_cp14,-2215.021977870569,1.0,head
h_p0_cp15,-2215.0219778705646,1.0,head
h_p0_cp16,-2209.857142819497,1.0,head
h_p0_cp17,-2209.8571428194946,1.0,head
h_p0_cp18,-2204.692307681623,1.0,head
h_p0_cp19,-2204.692307681622,1.0,head
h_p0_cp20,-2199.5274725257977,1.0,head
h_p0_cp21,-2199.527472525797,1.0,head
h_p0_cp22,-2194.362637360965,1.0,head
h_p0_cp23,-2194.3626373609654,1.0,head
h_p0_cp24,-2189.1978021982013,1.0,head
h_p0_cp25,-2189.1978021982018,1.0,head
h_p0_cp26,-2184.032967031584,1.0,head
h_p0_cp27,-2184.0329670315846,1.0,head
h_p0_cp28,-2178.868131868361,1.0,head
h_p0_cp29,-2178.868131868361,1.0,head
h_p0_cp30,-2173.703296701626,1.0,head
h_p0_cp31,-2173.703296701626,1.0,head
h_p0_cp32,-2168.5384615383723,1.0,head
h_p0_cp33,-2168.5384615383723,1.0,head
h_p0_cp34,-2163.3736263716287,1.0,head
h_p0_cp35,-2163.3736263716287,1.0,head
h_p0_cp36,-2158.2087912083734,1.0,head
h_p0_cp37,-2158.2087912083734,1.0,head
h_p0_cp38,-2153.043956041629,1.0,head
h_p0_cp39,-2153.043956041629,1.0,head
h_p0_cp40,-2147.8791208783737,1.0,head
h_p0_cp41,-2147.8791208783737,1.0,head
h_p0_cp42,-2142.7142857116314,1.0,head
h_p0_cp43,-2142.7142857116314,1.0,head
h_p0_cp44,-2137.5494505483816,1.0,head
h_p0_cp45,-2137.5494505483816,1.0,head
h_p0_cp46,-2132.3846153816576,1.0,head
h_p0_cp47,-2132.3846153816576,1.0,head
h_p0_cp48,-2127.2197802184814,1.0,head
h_p0_cp49,-2127.2197802184814,1.0,head
h_p0_cp50,-2122.054945052048,1.0,head
h_p0_cp51,-2122.054945052048,1.0,head
h_p0_cp52,-2116.8901098899996,1.0,head
h_p0_cp53,-2116.89010989,1.0,head
h_p0_cp54,-2111.725274727952,1.0,head
h_p0_cp55,-2111.725274727952,1.0,head
h_p0_cp56,-2106.5604395615187,1.0,head
h_p0_cp57,-2106.5604395615187,1.0,head
h_p0_cp58,-2101.395604398343,1.0,head
h_p0_cp59,-2101.395604398343,1.0,head
h_p0_cp60,-2096.230769231619,1.0,head
h_p0_cp61,-2096.230769231619,1.0,head
h_p0_cp62,-2091.0659340683683,1.0,head
h_p0_cp63,-2091.0659340683683,1.0,head
h_p0_cp64,-2085.901098901626,1.0,head
h_p0_cp65,-2085.901098901626,1.0,head
h_p0_cp66,-2080.7362637383703,1.0,head
h_p0_cp67,-2080.736263738371,1.0,head
h_p0_cp68,-2075.5714285716263,1.0,head
h_p0_cp69,-2075.5714285716267,1.0,head
h_p0_cp70,-2070.406593408371,1.0,head
h_p0_cp71,-2070.4065934083715,1.0,head
h_p0_cp72,-2065.2417582416274,1.0,head
h_p0_cp73,-2065.241758241627,1.0,head
h_p0_cp74,-2060.0769230783717,1.0,head
h_p0_cp75,-2060.0769230783717,1.0,head
h_p0_cp76,-2054.912087911627,1.0,head
h_p0_cp77,-2054.9120879116276,1.0,head
h_p0_cp78,-2049.747252748372,1.0,head
h_p0_cp79,-2049.7472527483715,1.0,head
h_p0_cp80,-2044.582417581628,1.0,head
h_p0_cp81,-2044.5824175816276,1.0,head
h_p0_cp82,-2039.4175824183724,1.0,head
h_p0_cp83,-2039.4175824183721,1.0,head
h_p0_cp84,-2034.2527472516283,1.0,head
h_p0_cp85,-2034.2527472516283,1.0,head
h_p0_cp86,-2029.0879120883726,1.0,head
h_p0_cp87,-2029.0879120883721,1.0,head
h_p0_cp88,-2023.9230769216288,1.0,head
h_p0_cp89,-2023.9230769216288,1.0,head
h_p0_cp90,-2018.7582417583728,1.0,head
h_p0_cp91,-2018.7582417583728,1.0,head
h_p0_cp92,-2013.5934065916288,1.0,head
h_p0_cp93,-2013.593406591629,1.0,head
h_p0_cp94,-2008.428571428373,1.0,head
h_p0_cp95,-2008.4285714283733,1.0,head
h_p0_cp96,-2003.2637362616294,1.0,head
h_p0_cp97,-2003.2637362616294,1.0,head
h_p0_cp98,-1998.0989010983742,1.0,head
h_p0_cp99,-1998.0989010983742,1.0,head
h_p0_cp100,-1992.9340659316317,1.0,head
h_p0_cp101,-1992.9340659316317,1.0,head
h_p0_cp102,-1987.769230768381,1.0,head
h_p0_cp103,-1987.769230768381,1.0,head
h_p0_cp104,-1982.6043956016576,1.0,head
h_p0_cp105,-1982.6043956016579,1.0,head
h_p0_cp106,-1977.4395604384817,1.0,head
h_p0_cp107,-1977.4395604384815,1.0,head
h_p0_cp108,-1972.274725272048,1.0,head
h_p0_cp109,-1972.274725272048,1.0,head
h_p0_cp110,-1967.10989011,1.0,head
h_p0_cp111,-1967.10989011,1.0,head
h_p0_cp112,-1961.945054947952,1.0,head
h_p0_cp113,-1961.9450549479523,1.0,head
h_p0_cp114,-1956.780219781518,1.0,head
h_p0_cp115,-1956.7802197815188,1.0,head
h_p0_cp116,-1951.6153846183424,1.0,head
h_p0_cp117,-1951.615384618343,1.0,head
h_p0_cp118,-1946.4505494516186,1.0,head
h_p0_cp119,-1946.450549451619,1.0,head
h_p0_cp120,-1941.2857142883686,1.0,head
h_p0_cp121,-1941.2857142883684,1.0,head
h_p0_cp122,-1936.1208791216259,1.0,head
h_p0_cp123,-1936.1208791216259,1.0,head
h_p0_cp124,-1930.9560439583704,1.0,head
h_p0_cp125,-1930.9560439583704,1.0,head
h_p0_cp126,-1925.7912087916266,1.0,head
h_p0_cp127,-1925.7912087916266,1.0,head
h_p0_cp128,-1920.6263736283715,1.0,head
h_p0_cp129,-1920.6263736283713,1.0,head
h_p0_cp130,-1915.461538461628,1.0,head
h_p0_cp131,-1915.4615384616277,1.0,head
h_p0_cp132,-1910.2967032983745,1.0,head
h_p0_cp133,-1910.2967032983743,1.0,head
h_p0_cp134,-1905.131868131639,1.0,head
h_p0_cp135,-1905.1318681316384,1.0,head
h_p0_cp136,-1899.9670329684157,1.0,head
h_p0_cp137,-1899.9670329684152,1.0,head
h_p0_cp138,-1894.802197801798,1.0,head
h_p0_cp139,-1894.8021978017978,1.0,head
h_p0_cp140,-1889.637362639034,1.0,head
h_p0_cp141,-1889.6373626390343,1.0,head
h_p0_cp142,-1884.4725274742023,1.0,head
h_p0_cp143,-1884.4725274742016,1.0,head
h_p0_cp144,-1879.3076923183755,1.0,head
h_p0_cp145,-1879.3076923183746,1.0,head
h_p0_cp146,-1874.142857180498,1.0,head
h_p0_cp147,-1874.1428571804952,1.0,head
h_p0_cp148,-1868.9780221294036,1.0,head
h_p0_cp149,-1868.978022129399,1.0,head
h_p0_cp150,-1863.8131873984712,1.0,head
h_p0_cp151,-1863.813187398463,1.0,head
h_p0_cp152,-1858.6483539285894,1.0,head
h_p0_cp153,-1858.648353928576,1.0,head
h_p0_cp154,-1853.4835253415338,1.0,head
h_p0_cp155,-1853.4835253415129,1.0,head
h_p0_cp156,-1848.318715743921,1.0,head
h_p0_cp157,-1848.3187157438936,1.0,head
h_p0_cp158,-1843.1539799132565,1.0,head
h_p0_cp159,-1843.1539799132277,1.0,head
h_p0_cp160,-1837.9895307224008,1.0,head
h_p0_cp161,-1837.9895307223787,1.0,head
h_p0_cp162,-1832.826195256033,1.0,head
h_p0_cp163,-1832.826195256023,1.0,head
h_p0_cp164,-2251.173804059224,1.0,head
h_p0_cp165,-1832.8261952704843,1.0,head
h_p0_cp166,-2251.1738040548985,1.0,head
h_p0_cp167,-1832.8261952747898,1.0,head
h_p0_cp168,-2251.173804053642,1.0,head
h_p0_cp169,-1832.8261952760383,1.0,head
h_p0_cp170,-2251.173804053284,1.0,head
h_p0_cp171,-1832.8261952763921,1.0,head
h_p0_cp172,-2251.1738040531845,1.0,head
h_p0_cp173,-1832.8261952764904,1.0,head
h_p0_cp174,-2251.173804053157,1.0,head
h_p0_cp175,-1832.826195276517,1.0,head
h_p0_cp176,-2251.1738040531495,1.0,head
h_p0_cp177,-1832.8261952765245,1.0,head
h_p0_cp178,-2251.1738040531477,1.0,head
h_p0_cp179,-1832.8261952765265,1.0,head
h_p0_cp180,-2251.1738040531473,1.0,head
h_p0_cp181,-1832.8261952765274,1.0,head
h_p0_cp182,-2251.1738040531473,1.0,head
h_p0_cp183,-1832.8261952765272,1.0,head
h_p0_cp184,-2251.1738040531473,1.0,head
h_p0_cp185,-1832.8261952765274,1.0,head
h_p0_cp186,-2251.173804053147,1.0,head
h_p0_cp187,-1832.8261952765274,1.0,head
h_p0_cp188,-2251.1738040531473,1.0,head
h_p0_cp189,-1832.8261952765276,1.0,head
h_p0_cp190,-2251.1738040531473,1.0,head
h_p0_cp191,-1832.8261952765276,1.0,head
h_p0_cp192,-2251.1738040531473,1.0,head
h_p0_cp193,-1832.8261952765276,1.0,head
h_p0_cp194,-2251.1738040531473,1.0,head
h_p0_cp195,-1832.8261952765276,1.0,head
h_p0_cp196,-2251.1738040531473,1.0,head
h_p0_cp197,-1832.8261952765276,1.0,head
h_p0_cp198,-2251.1738040531473,1.0,head
h_p0_cp199,-1832.8261952765276,1.0,head
h_p0_cp200,-2251.1738040531473,1.0,head
h_p0_cp201,-1832.8261952765276,1.0,head
h_p0_cp202,-2251.1738040531473,1.0,head
h_p0_cp203,-1832.8261952765276,1.0,head
h_p0_cp204,-2251.1738040531473,1.0,head
h_p0_cp205,-1832.8261952765276,1.0,head
h_p0_cp206,-2251.1738040531473,1.0,head
h_p0_cp207,-1832.8261952765276,1.0,head
h_p0_cp208,-2251.1738040531473,1.0,head
h_p0_cp209,-1832.8261952765276,1.0,head
h_p0_cp210,-2251.1738040531473,1.0,head
h_p0_cp211,-1832.8261952765276,1.0,head
h_p0_cp212,-2251.1738040531473,1.0,head
h_p0_cp213,-1832.8261952765276,1.0,head
h_p0_cp214,-2251.1738040531473,1.0,head
h_p0_cp215,-1832.8261952765276,1.0,head
h_p0_cp216,-2251.1738040531473,1.0,head
h_p0_cp217,-1832.8261952765276,1.0,head
h_p0_cp218,-2251.1738040531473,1.0,head
h_p0_cp219,-1832.8261952765276,1.0,head
h_p0_cp220,-2251.1738040531473,1.0,head
h_p0_cp221,-1832.8261952765276,1.0,head
h_p0_cp222,-2251.1738040531473,1.0,head
h_p0_cp223,-1832.8261952765276,1.0,head
h_p0_cp224,-2251.1738040531473,1.0,head
h_p0_cp225,-1832.8261952765276,1.0,head
h_p0_cp226,-2251.1738040531473,1.0,head
h_p0_cp227,-1832.8261952765276,1.0,head
h_p0_cp228,-2251.1738040531473,1.0,head
h_p0_cp229,-1832.8261952765276,1.0,head
h_p0_cp230,-2251.1738040531473,1.0,head
h_p0_cp231,-1832.8261952765276,1.0,head
h_p0_cp232,-2251.1738040531473,1.0,head
h_p0_cp233,-1832.8261952765276,1.0,head
h_p0_cp234,-2251.1738040531473,1.0,head
h_p0_cp235,-1832.8261952765276,1.0,head
h_p0_cp236,-2251.1738040531473,1.0,head
h_p0_cp237,-1832.8261952765276,1.0,head
h_p0_cp238,-2251.1738040531473,1.0,head
h_p0_cp239,-1832.8261952765276,1.0,head
h_p0_cp240,-2251.1738040531473,1.0,head
h_p0_cp241,-1832.8261952765276,1.0,head
h_p0_cp242,-2251.1738040531473,1.0,head
h_p0_cp243,-1832.8261952765276,1.0,head
h_p0_cp244,-2251.1738040531473,1.0,head
h_p0_cp245,-1832.8261952765276,1.0,head
h_p0_cp246,-2251.1738040531473,1.0,head
h_p0_cp247,-1832.8261952765276,1.0,head
h_p0_cp248,-2251.1738040531473,1.0,head
h_p0_cp249,-1832.8261952765276,1.0,head
h_p0_cp250,-2251.1738040531473,1.0,head
h_p0_cp251,-1832.8261952765276,1.0,head
h_p0_cp252,-2251.1738040531473,1.0,head
h_p0_cp253,-1832.8261952765276,1.0,head
h_p0_cp254,-2251.1738040531473,1.0,head
h_p0_cp255,-1832.8261952765276,1.0,head
h_p0_cp256,-2251.1738040531473,1.0,head
h_p0_cp257,-1832.8261952765276,1.0,head
h_p0_cp258,-2251.1738040531473,1.0,head
h_p0_cp259,-1832.8261952765276,1.0,head
h_p0_cp260,-2251.1738040531473,1.0,head
h_p0_cp261,-1832.8261952765276,1.0,head
h_p0_cp262,-2251.1738040531473,1.0,head
h_p0_cp263,-1832.8261952765276,1.0,head
h_p0_cp264,-2251.1738040531473,1.0,head
h_p0_cp265,-1832.8261952765276,1.0,head
h_p0_cp266,-2251.1738040531473,1.0,head
h_p0_cp267,-1832.8261952765276,1.0,head
h_p0_cp268,-2251.1738040531473,1.0,head
h_p0_cp269,-1832.8261952765276,1.0,head
h_p0_cp270,-2251.1738040531473,1.0,head
h_p0_cp271,-1832.8261952765276,1.0,head
h_p0_cp272,-2251.1738040531473,1.0,head
h_p0_cp273,-1832.8261952765276,1.0,head
h_p0_cp274,-2251.1738040531473,1.0,head
h_p0_cp275,-1832.8261952765276,1.0,head
h_p0_cp276,-2251.1738040531473,1.0,head
h_p0_cp277,-1832.8261952765276,1.0,head
h_p0_cp278,-2251.1738040531473,1.0,head
h_p0_cp279,-1832.8261952765276,1.0,head
h_p0_cp280,-2251.1738040531473,1.0,head
h_p0_cp281,-1832.8261952765276,1.0,head
h_p0_cp282,-2251.1738040531473,1.0,head
h_p0_cp283,-1832.8261952765276,1.0,head
h_p0_cp284,-2251.1738040531473,1.0,head
h_p0_cp285,-1832.8261952765276,1.0,head
h_p0_cp286,-2251.1738040531473,1.0,head
h_p0_cp287,-1832.8261952765276,1.0,head
h_p0_cp288,-2251.1738040531473,1.0,head
h_p0_cp289,-1832.8261952765276,1.0,head
h_p0_cp290,-2251.1738040531473,1.0,head
h_p0_cp291,-1832.8261952765276,1.0,head
h_p0_cp292,-2251.1738040531473,1.0,head
h_p0_cp293,-1832.8261952765276,1.0,head
h_p0_cp294,-2251.1738040531473,1.0,head
h_p0_cp295,-1832.8261952765276,1.0,head
h_p0_cp296,-2251.1738040531473,1.0,head
h_p0_cp297,-1832.8261952765276,1.0,head
h_p0_cp298,-2251.1738040531473,1.0,head
h_p0_cp299,-1832.8261952765276,1.0,head
h_p0_cp300,-2251.1738040531473,1.0,head
h_p0_cp301,-1832.8261952765276,1.0,head
h_p0_cp302,-2251.1738040531473,1.0,head
h_p0_cp303,-1832.8261952765276,1.0,head
h_p0_cp304,-2251.1738040531473,1.0,head
h_p0_cp305,-1832.8261952765276,1.0,head
h_p0_cp306,-2251.1738040531473,1.0,head
h_p0_cp307,-1832.8261952765276,1.0,head
h_p0_cp308,-2251.1738040531473,1.0,head
h_p0_cp309,-1832.8261952765276,1.0,head
h_p0_cp310,-2251.1738040531473,1.0,head
h_p0_cp311,-1832.8261952765276,1.0,head
h_p0_cp312,-2251.1738040531473,1.0,head
h_p0_cp313,-1832.8261952765276,1.0,head
h_p0_cp314,-2251.1738040531473,1.0,head
h_p0_cp315,-1832.8261952765276,1.0,head
h_p0_cp316,-2251.1738040531473,1.0,head
h_p0_cp317,-1832.8261952765276,1.0,head
h_p0_cp318,-2251.1738040531473,1.0,head
h_p0_cp319,-1832.8261952765276,1.0,head
h_p0_cp320,-2251.1738040531473,1.0,head
h_p0_cp321,-1832.8261952765276,1.0,head
h_p0_cp322,-2251.1738040531473,1.0,head
h_p0_cp323,-1832.8261952765276,1.0,head
h_p0_cp324,-2251.1738040531473,1.0,head
h_p0_cp325,-1832.8261952765276,1.0,head
h_p0_cp326,-2251.1738040531473,1.0,head
h_p0_cp327,-1832.8261952765276,1.0,head
h_p0_cp328,-2251.1738040531473,1.0,head
h_p0_cp329,-1832.8261952765276,1.0,head
h_p0_cp330,-2251.1738040531473,1.0,head
h_p0_cp331,-1832.8261952765276,1.0,head
h_p0_cp332,-2251.1738040531473,1.0,head
h_p0_cp333,-1832.8261952765276,1.0,head
h_p0_cp334,-2251.1738040531473,1.0,head
h_p0_cp335,-1832.8261952765276,1.0,head
h_p0_cp336,-2251.1738040531473,1.0,head
h_p0_cp337,-1832.8261952765276,1.0,head
h_p0_cp338,-2251.1738040531473,1.0,head
h_p0_cp339,-1832.8261952765276,1.0,head
h_p0_cp340,-2251.1738040531473,1.0,head
h_p0_cp341,-1832.8261952765276,1.0,head
h_p0_cp342,-2251.1738040531473,1.0,head
h_p0_cp343,-1832.8261952765276,1.0,head
h_p0_cp344,-2251.1738040531473,1.0,head
h_p0_cp345,-1832.8261952765274,1.0,head
h_p0_cp346,-2251.1738040531473,1.0,head
h_p0_cp347,-1832.8261952765274,1.0,head
h_p0_cp348,-2251.173804053147,1.0,head
h_p0_cp349,-1832.8261952765272,1.0,head
h_p0_cp350,-2251.173804053146,1.0,head
h_p0_cp351,-1832.8261952765272,1.0,head
h_p0_cp352,-2251.1738040531463,1.0,head
h_p0_cp353,-1832.826195276527,1.0,head
h_p0_cp354,-2251.1738040531463,1.0,head
h_p0_cp355,-1832.8261952765267,1.0,head
h_p0_cp356,-2251.1738040531473,1.0,head
h_p0_cp357,-1832.8261952765263,1.0,head
h_p0_cp358,-2251.173804053149,1.0,head
h_p0_cp359,-1832.8261952765247,1.0,head
h_p0_cp360,-2251.173804053156,1.0,head
h_p0_cp361,-1832.826195276517,1.0,head
h_p0_cp362,-2251.1738040531827,1.0,head
h_p0_cp363,-1832.8261952764897,1.0,head
h_p0_cp364,-2251.1738040532805,1.0,head
h_p0_cp365,-1832.8261952763908,1.0,head
h_p0_cp366,-2251.17380405363,1.0,head
h_p0_cp367,-1832.8261952760365,1.0,head
h_p0_cp368,-2251.173804054857,1.0,head
h_p0_cp369,-1832.8261952747887,1.0,head
h_p0_cp370,-2251.1738040590617,1.0,head
h_p0_cp371,-1832.8261952704831,1.0,head
h_p1_cp0,-2251.166231569912,1.0,head
h_p1_cp1,-2251.1662315679027,1.0,head
h_p1_cp2,-2246.008213143371,1.0,head
h_p1_cp3,-2246.008213142415,1.0,head
h_p1_cp4,-2240.845360411071,1.0,head
h_p1_cp5,-2240.845360410624,1.0,head
h_p1_cp6,-2235.681094142031,1.0,head
h_p1_cp7,-2235.6810941418207,1.0,head
h_p1_cp8,-2230.5164204952266,1.0,head
h_p1_cp9,-2230.516420495125,1.0,head
h_p1_cp10,-2225.3516307854907,1.0,head
h_p1_cp11,-2225.351630785441,1.0,head
h_p1_cp12,-2220.186808320134,1.0,head
h_p1_cp13,-2220.186808320109,1.0,head
h_p1_cp14,-2215.02197668023,1.0,head
h_p1_cp15,-2215.021976680218,1.0,head
h_p1_cp16,-2209.8571424894753,1.0,head
h_p1_cp17,-2209.857142489469,1.0,head
h_p1_cp18,-2204.6923075914942,1.0,head
h_p1_cp19,-2204.692307591491,1.0,head
h_p1_cp20,-2199.5274725003674,1.0,head
h_p1_cp21,-2199.527472500366,1.0,head
h_p1_cp22,-2194.362637354744,1.0,head
h_p1_cp23,-2194.3626373547436,1.0,head
h_p1_cp24,-2189.197802195787,1.0,head
h_p1_cp25,-2189.1978021957866,1.0,head
h_p1_cp26,-2184.0329670316523,1.0,head
h_p1_cp27,-2184.032967031653,1.0,head
h_p1_cp28,-2178.86813186766,1.0,head
h_p1_cp29,-2178.86813186766,1.0,head
h_p1_cp30,-2173.7032967021596,1.0,head
h_p1_cp31,-2173.70329670216,1.0,head
h_p1_cp32,-2168.5384615377975,1.0,head
h_p1_cp33,-2168.5384615377975,1.0,head
h_p1_cp34,-2163.373626372198,1.0,head
h_p1_cp35,-2163.3736263721985,1.0,head
h_p1_cp36,-2158.2087912078096,1.0,head
h_p1_cp37,-2158.2087912078096,1.0,head
h_p1_cp38,-2153.0439560422024,1.0,head
h_p1_cp39,-2153.0439560422033,1.0,head
h_p1_cp40,-2147.879120877813,1.0,head
h_p1_cp41,-2147.8791208778134,1.0,head
h_p1_cp42,-2142.714285712211,1.0,head
h_p1_cp43,-2142.7142857122117,1.0,head
h_p1_cp44,-2137.5494505478396,1.0,head
h_p1_cp45,-2137.5494505478396,1.0,head
h_p1_cp46,-2132.384615382291,1.0,head
h_p1_cp47,-2132.384615382291,1.0,head
h_p1_cp48,-2127.2197802180845,1.0,head
h_p1_cp49,-2127.2197802180845,1.0,head
h_p1_cp50,-2122.0549450530134,1.0,head
h_p1_cp51,-2122.0549450530134,1.0,head
h_p1_cp52,-2116.89010989,1.0,head
h_p1_cp53,-2116.8901098900005,1.0,head
h_p1_cp54,-2111.7252747269877,1.0,head
h_p1_cp55,-2111.7252747269877,1.0,head
h_p1_cp56,-2106.560439561916,1.0,head
h_p1_cp57,-2106.5604395619166,1.0,head
h_p1_cp58,-2101.39560439771,1.0,head
h_p1_cp59,-2101.39560439771,1.0,head
h_p1_cp60,-2096.2307692321615,1.0,head
h_p1_cp61,-2096.2307692321615,1.0,head
h_p1_cp62,-2091.065934067789,1.0,head
h_p1_cp63,-2091.065934067789,1.0,head
h_p1_cp64,-2085.9010989021867,1.0,head
h_p1_cp65,-2085.9010989021867,1.0,head
h_p1_cp66,-2080.7362637377973,1.0,head
h_p1_cp67,-2080.736263737798,1.0,head
h_p1_cp68,-2075.57142857219,1.0,head
h_p1_cp69,-2075.571428572191,1.0,head
h_p1_cp70,-2070.4065934077994,1.0,head
h_p1_cp71,-2070.4065934078003,1.0,head
h_p1_cp72,-2065.241758242192,1.0,head
h_p1_cp73,-2065.241758242192,1.0,head
h_p1_cp74,-2060.076923077801,1.0,head
h_p1_cp75,-2060.076923077801,1.0,head
h_p1_cp76,-2054.9120879121933,1.0,head
h_p1_cp77,-2054.912087912194,1.0,head
h_p1_cp78,-2049.7472527478035,1.0,head
h_p1_cp79,-2049.747252747803,1.0,head
h_p1_cp80,-2044.5824175821956,1.0,head
h_p1_cp81,-2044.5824175821956,1.0,head
h_p1_cp82,-2039.4175824178046,1.0,head
h_p1_cp83,-2039.417582417805,1.0,head
h_p1_cp84,-2034.2527472521972,1.0,head
h_p1_cp85,-2034.2527472521972,1.0,head
h_p1_cp86,-2029.087912087806,1.0,head
h_p1_cp87,-2029.0879120878058,1.0,head
h_p1_cp88,-2023.9230769221988,1.0,head
h_p1_cp89,-2023.9230769221986,1.0,head
h_p1_cp90,-2018.7582417578076,1.0,head
h_p1_cp91,-2018.7582417578078,1.0,head
h_p1_cp92,-2013.5934065922,1.0,head
h_p1_cp93,-2013.5934065922004,1.0,head
h_p1_cp94,-2008.4285714278094,1.0,head
h_p1_cp95,-2008.4285714278096,1.0,head
h_p1_cp96,-2003.2637362622022,1.0,head
h_p1_cp97,-2003.2637362622022,1.0,head
h_p1_cp98,-1998.0989010978133,1.0,head
h_p1_cp99,-1998.098901097813,1.0,head
h_p1_cp100,-1992.934065932211,1.0,head
h_p1_cp101,-1992.9340659322108,1.0,head
h_p1_cp102,-1987.769230767838,1.0,head
h_p1_cp103,-1987.7692307678385,1.0,head
h_p1_cp104,-1982.6043956022904,1.0,head
h_p1_cp105,-1982.6043956022904,1.0,head
h_p1_cp106,-1977.4395604380834,1.0,head
h_p1_cp107,-1977.4395604380838,1.0,head
h_p1_cp108,-1972.2747252730126,1.0,head
h_p1_cp109,-1972.2747252730123,1.0,head
h_p1_cp110,-1967.1098901099997,1.0,head
h_p1_cp111,-1967.1098901099997,1.0,head
h_p1_cp112,-1961.9450549469866,1.0,head
h_p1_cp113,-1961.945054946987,1.0,head
h_p1_cp114,-1956.7802197819153,1.0,head
h_p1_cp115,-1956.7802197819158,1.0,head
h_p1_cp116,-1951.615384617709,1.0,head
h_p1_cp117,-1951.615384617709,1.0,head
h_p1_cp118,-1946.4505494521607,1.0,head
h_p1_cp119,-1946.4505494521607,1.0,head
h_p1_cp120,-1941.285714287788,1.0,head
h_p1_cp121,-1941.2857142877879,1.0,head
h_p1_cp122,-1936.1208791221864,1.0,head
h_p1_cp123,-1936.1208791221861,1.0,head
h_p1_cp124,-1930.956043957797,1.0,head
h_p1_cp125,-1930.9560439577967,1.0,head
h_p1_cp126,-1925.7912087921907,1.0,head
h_p1_cp127,-1925.7912087921904,1.0,head
h_p1_cp128,-1920.6263736278022,1.0,head
h_p1_cp129,-1920.6263736278017,1.0,head
h_p1_cp130,-1915.4615384622023,1.0,head
h_p1_cp131,-1915.4615384622018,1.0,head
h_p1_cp132,-1910.2967032978402,1.0,head
h_p1_cp133,-1910.2967032978397,1.0,head
h_p1_cp134,-1905.1318681323403,1.0,head
h_p1_cp135,-1905.1318681323396,1.0,head
h_p1_cp136,-1899.9670329683472,1.0,head
h_p1_cp137,-1899.9670329683468,1.0,head
h_p1_cp138,-1894.802197804212,1.0,head
h_p1_cp139,-1894.802197804212,1.0,head
h_p1_cp140,-1889.637362645253,1.0,head
h_p1_cp141,-1889.6373626452535,1.0,head
h_p1_cp142,-1884.472527499623,1.0,head
h_p1_cp143,-1884.4725274996229,1.0,head
h_p1_cp144,-1879.3076924084703,1.0,head
h_p1_cp145,-1879.3076924084685,1.0,head
h_p1_cp146,-1874.1428575103887,1.0,head
h_p1_cp147,-1874.142857510384,1.0,head
h_p1_cp148,-1868.9780233192505,1.0,head
h_p1_cp149,-1868.9780233192414,1.0,head
h_p1_cp150,-1863.8131916779,1.0,head
h_p1_cp151,-1863.8131916778846,1.0,head
h_p1_cp152,-1858.6483692071356,1.0,head
h_p1_cp153,-1858.648369207111,1.0,head
h_p1_cp154,-1853.4835794773278,1.0,head
h_p1_cp155,-1853.4835794772928,1.0,head
h_p1_cp156,-1848.3189057565264,1.0,head
h_p1_cp157,-1848.318905756483,1.0,head
h_p1_cp158,-1843.1546392166472,1.0,head
h_p1_cp159,-1843.1546392166028,1.0,head
h_p1_cp160,-1837.9917855010417,1.0,head
h_p1_cp161,-1837.9917855010074,1.0,head
h_p1_cp162,-1832.8337635377154,1.0,head
h_p1_cp163,-1832.8337635376936,1.0,head
h_p1_cp164,-2251.1662314679616,1.0,head
h_p1_cp165,-1832.8337636406743,1.0,head
h_p1_cp166,-2251.166231435502,1.0,head
h_p1_cp167,-1832.833763673449,1.0,head
h_p1_cp168,-2251.166231425464,1.0,head
h_p1_cp169,-1832.8337636835788,1.0,head
h_p1_cp170,-2251.1662314224304,1.0,head
h_p1_cp171,-1832.8337636866358,1.0,head
h_p1_cp172,-2251.1662314215305,1.0,head
h_p1_cp173,-1832.8337636875408,1.0,head
h_p1_cp174,-2251.166231421268,1.0,head
h_p1_cp175,-1832.8337636878039,1.0,head
h_p1_cp176,-2251.1662314211926,1.0,head
h_p1_cp177,-1832.8337636878796,1.0,head
h_p1_cp178,-2251.1662314211712,1.0,head
h_p1_cp179,-1832.8337636879014,1.0,head
h_p1_cp180,-2251.1662314211653,1.0,head
h_p1_cp181,-1832.8337636879073,1.0,head
h_p1_cp182,-2251.1662314211644,1.0,head
h_p1_cp183,-1832.833763687909,1.0,head
h_p1_cp184,-2251.1662314211635,1.0,head
h_p1_cp185,-1832.8337636879096,1.0,head
h_p1_cp186,-2251.1662314211626,1.0,head
h_p1_cp187,-1832.8337636879103,1.0,head
h_p1_cp188,-2251.1662314211626,1.0,head
h_p1_cp189,-1832.8337636879103,1.0,head
h_p1_cp190,-2251.1662314211626,1.0,head
h_p1_cp191,-1832.8337636879105,1.0,head
h_p1_cp192,-2251.1662314211626,1.0,head
h_p1_cp193,-1832.8337636879105,1.0,head
h_p1_cp194,-2251.1662314211626,1.0,head
h_p1_cp195,-1832.8337636879105,1.0,head
h_p1_cp196,-2251.1662314211626,1.0,head
h_p1_cp197,-1832.8337636879105,1.0,head
h_p1_cp198,-2251.1662314211626,1.0,head
h_p1_cp199,-1832.8337636879105,1.0,head
h_p1_cp200,-2251.1662314211626,1.0,head
h_p1_cp201,-1832.8337636879105,1.0,head
h_p1_cp202,-2251.1662314211626,1.0,head
h_p1_cp203,-1832.8337636879105,1.0,head
h_p1_cp204,-2251.1662314211626,1.0,head
h_p1_cp205,-1832.8337636879105,1.0,head
h_p1_cp206,-2251.1662314211626,1.0,head
h_p1_cp207,-1832.8337636879105,1.0,head
h_p1_cp208,-2251.1662314211626,1.0,head
h_p1_cp209,-1832.8337636879105,1.0,head
h_p1_cp210,-2251.1662314211626,1.0,head
h_p1_cp211,-1832.8337636879105,1.0,head
h_p1_cp212,-2251.1662314211626,1.0,head
h_p1_cp213,-1832.8337636879105,1.0,head
h_p1_cp214,-2251.1662314211626,1.0,head
h_p1_cp215,-1832.8337636879105,1.0,head
h_p1_cp216,-2251.1662314211626,1.0,head
h_p1_cp217,-1832.8337636879105,1.0,head
h_p1_cp218,-2251.1662314211626,1.0,head
h_p1_cp219,-1832.8337636879105,1.0,head
h_p1_cp220,-2251.1662314211626,1.0,head
h_p1_cp221,-1832.8337636879105,1.0,head
h_p1_cp222,-2251.1662314211626,1.0,head
h_p1_cp223,-1832.8337636879105,1.0,head
h_p1_cp224,-2251.1662314211626,1.0,head
h_p1_cp225,-1832.8337636879105,1.0,head
h_p1_cp226,-2251.1662314211626,1.0,head
h_p1_cp227,-1832.8337636879105,1.0,head
h_p1_cp228,-2251.1662314211626,1.0,head
h_p1_cp229,-1832.8337636879105,1.0,head
h_p1_cp230,-2251.1662314211626,1.0,head
h_p1_cp231,-1832.8337636879105,1.0,head
h_p1_cp232,-2251.1662314211626,1.0,head
h_p1_cp233,-1832.8337636879105,1.0,head
h_p1_cp234,-2251.1662314211626,1.0,head
h_p1_cp235,-1832.8337636879105,1.0,head
h_p1_cp236,-2251.1662314211626,1.0,head
h_p1_cp237,-1832.8337636879105,1.0,head
h_p1_cp238,-2251.1662314211626,1.0,head
h_p1_cp239,-1832.8337636879105,1.0,head
h_p1_cp240,-2251.1662314211626,1.0,head
h_p1_cp241,-1832.8337636879105,1.0,head
h_p1_cp242,-2251.1662314211626,1.0,head
h_p1_cp243,-1832.8337636879105,1.0,head
h_p1_cp244,-2251.1662314211626,1.0,head
h_p1_cp245,-1832.8337636879105,1.0,head
h_p1_cp246,-2251.1662314211626,1.0,head
h_p1_cp247,-1832.8337636879105,1.0,head
h_p1_cp248,-2251.1662314211626,1.0,head
h_p1_cp249,-1832.8337636879105,1.0,head
h_p1_cp250,-2251.1662314211626,1.0,head
h_p1_cp251,-1832.8337636879105,1.0,head
h_p1_cp252,-2251.1662314211626,1.0,head
h_p1_cp253,-1832.8337636879103,1.0,head
h_p1_cp254,-2251.1662314211626,1.0,head
h_p1_cp255,-1832.8337636879103,1.0,head
h_p1_cp256,-2251.1662314211626,1.0,head
h_p1_cp257,-1832.8337636879103,1.0,head
h_p1_cp258,-2251.1662314211626,1.0,head
h_p1_cp259,-1832.8337636879103,1.0,head
h_p1_cp260,-2251.1662314211626,1.0,head
h_p1_cp261,-1832.8337636879103,1.0,head
h_p1_cp262,-2251.1662314211626,1.0,head
h_p1_cp263,-1832.8337636879103,1.0,head
h_p1_cp264,-2251.1662314211626,1.0,head
h_p1_cp265,-1832.8337636879103,1.0,head
h_p1_cp266,-2251.1662314211626,1.0,head
h_p1_cp267,-1832.8337636879103,1.0,head
h_p1_cp268,-2251.1662314211626,1.0,head
h_p1_cp269,-1832.8337636879103,1.0,head
h_p1_cp270,-2251.1662314211626,1.0,head
h_p1_cp271,-1832.8337636879103,1.0,head
h_p1_cp272,-2251.1662314211626,1.0,head
h_p1_cp273,-1832.8337636879103,1.0,head
h_p1_cp274,-2251.1662314211626,1.0,head
h_p1_cp275,-1832.8337636879105,1.0,head
h_p1_cp276,-2251.1662314211626,1.0,head
h_p1_cp277,-1832.8337636879105,1.0,head
h_p1_cp278,-2251.1662314211626,1.0,head
h_p1_cp279,-1832.8337636879105,1.0,head
h_p1_cp280,-2251.1662314211626,1.0,head
h_p1_cp281,-1832.8337636879105,1.0,head
h_p1_cp282,-2251.1662314211626,1.0,head
h_p1_cp283,-1832.8337636879105,1.0,head
h_p1_cp284,-2251.1662314211626,1.0,head
h_p1_cp285,-1832.8337636879105,1.0,head
h_p1_cp286,-2251.1662314211626,1.0,head
h_p1_cp287,-1832.8337636879105,1.0,head
h_p1_cp288,-2251.1662314211626,1.0,head
h_p1_cp289,-1832.8337636879105,1.0,head
h_p1_cp290,-2251.1662314211626,1.0,head
h_p1_cp291,-1832.8337636879105,1.0,head
h_p1_cp292,-2251.1662314211626,1.0,head
h_p1_cp293,-1832.8337636879105,1.0,head
h_p1_cp294,-2251.1662314211626,1.0,head
h_p1_cp295,-1832.8337636879105,1.0,head
h_p1_cp296,-2251.1662314211626,1.0,head
h_p1_cp297,-1832.8337636879105,1.0,head
h_p1_cp298,-2251.1662314211626,1.0,head
h_p1_cp299,-1832.8337636879105,1.0,head
h_p1_cp300,-2251.1662314211626,1.0,head
h_p1_cp301,-1832.8337636879105,1.0,head
h_p1_cp302,-2251.1662314211626,1.0,head
h_p1_cp303,-1832.8337636879105,1.0,head
h_p1_cp304,-2251.1662314211626,1.0,head
h_p1_cp305,-1832.8337636879105,1.0,head
h_p1_cp306,-2251.1662314211626,1.0,head
h_p1_cp307,-1832.8337636879105,1.0,head
h_p1_cp308,-2251.1662314211626,1.0,head
h_p1_cp309,-1832.8337636879105,1.0,head
h_p1_cp310,-2251.1662314211626,1.0,head
h_p1_cp311,-1832.8337636879105,1.0,head
h_p1_cp312,-2251.1662314211626,1.0,head
h_p1_cp313,-1832.8337636879105,1.0,head
h_p1_cp314,-2251.1662314211626,1.0,head
h_p1_cp315,-1832.8337636879105,1.0,head
h_p1_cp316,-2251.1662314211626,1.0,head
h_p1_cp317,-1832.8337636879105,1.0,head
h_p1_cp318,-2251.1662314211626,1.0,head
h_p1_cp319,-1832.8337636879105,1.0,head
h_p1_cp320,-2251.1662314211626,1.0,head
h_p1_cp321,-1832.8337636879105,1.0,head
h_p1_cp322,-2251.1662314211626,1.0,head
h_p1_cp323,-1832.8337636879105,1.0,head
h_p1_cp324,-2251.1662314211626,1.0,head
h_p1_cp325,-1832.8337636879105,1.0,head
h_p1_cp326,-2251.1662314211626,1.0,head
h_p1_cp327,-1832.8337636879105,1.0,head
h_p1_cp328,-2251.1662314211626,1.0,head
h_p1_cp329,-1832.8337636879105,1.0,head
h_p1_cp330,-2251.1662314211626,1.0,head
h_p1_cp331,-1832.8337636879105,1.0,head
h_p1_cp332,-2251.1662314211626,1.0,head
h_p1_cp333,-1832.8337636879105,1.0,head
h_p1_cp334,-2251.1662314211626,1.0,head
h_p1_cp335,-1832.8337636879105,1.0,head
h_p1_cp336,-2251.1662314211626,1.0,head
h_p1_cp337,-1832.8337636879105,1.0,head
h_p1_cp338,-2251.1662314211626,1.0,head
h_p1_cp339,-1832.8337636879103,1.0,head
h_p1_cp340,-2251.1662314211626,1.0,head
h_p1_cp341,-1832.8337636879098,1.0,head
h_p1_cp342,-2251.1662314211626,1.0,head
h_p1_cp343,-1832.8337636879098,1.0,head
h_p1_cp344,-2251.166231421163,1.0,head
h_p1_cp345,-1832.8337636879098,1.0,head
h_p1_cp346,-2251.166231421163,1.0,head
h_p1_cp347,-1832.83376368791,1.0,head
h_p1_cp348,-2251.1662314211626,1.0,head
h_p1_cp349,-1832.8337636879098,1.0,head
h_p1_cp350,-2251.166231421162,1.0,head
h_p1_cp351,-1832.8337636879096,1.0,head
h_p1_cp352,-2251.1662314211626,1.0,head
h_p1_cp353,-1832.8337636879091,1.0,head
h_p1_cp354,-2251.1662314211644,1.0,head
h_p1_cp355,-1832.8337636879075,1.0,head
h_p1_cp356,-2251.166231421171,1.0,head
h_p1_cp357,-1832.8337636879012,1.0,head
h_p1_cp358,-2251.1662314211917,1.0,head
h_p1_cp359,-1832.8337636878798,1.0,head
h_p1_cp360,-2251.166231421266,1.0,head
h_p1_cp361,-1832.8337636878036,1.0,head
h_p1_cp362,-2251.166231421524,1.0,head
h_p1_cp363,-1832.8337636875399,1.0,head
h_p1_cp364,-2251.1662314224104,1.0,head
h_p1_cp365,-1832.8337636866336,1.0,head
h_p1_cp366,-2251.166231425401,1.0,head
h_p1_cp367,-1832.8337636835752,1.0,head
h_p1_cp368,-2251.1662314353043,1.0,head
h_p1_cp369,-1832.8337636734457,1.0,head
h_p1_cp370,-2251.1662314673304,1.0,head
h_p1_cp371,-1832.833763640668,1.0,head
h_p2_cp0,-2251.1493211927495,1.0,head
h_p2_cp1,-2251.1493211870975,1.0,head
h_p2_cp2,-2246.0025157254563,1.0,head
h_p2_cp3,-2246.0025157226064,1.0,head
h_p2_cp4,-2240.843501197645,1.0,head
h_p2_cp5,-2240.843501196276,1.0,head
h_p2_cp6,-2235.680502517944,1.0,head
h_p2_cp7,-2235.680502517307,1.0,head
h_p2_cp8,-2230.516236025932,1.0,head
h_p2_cp9,-2230.5162360256395,1.0,head
h_p2_cp10,-2225.351574225881,1.0,head
h_p2_cp11,-2225.351574225747,1.0,head
h_p2_cp12,-2220.1867912208872,1.0,head
h_p2_cp13,-2220.1867912208245,1.0,head
h_p2_cp14,-2215.0219715727103,1.0,head
h_p2_cp15,-2215.0219715726807,1.0,head
h_p2_cp16,-2209.8571409792157,1.0,head
h_p2_cp17,-2209.8571409792016,1.0,head
h_p2_cp18,-2204.69230714925,1.0,head
h_p2_cp19,-2204.692307149243,1.0,head
h_p2_cp20,-2199.527472371556,1.0,head
h_p2_cp21,-2199.5274723715524,1.0,head
h_p2_cp22,-2194.362637317817,1.0,head
h_p2_cp23,-2194.3626373178163,1.0,head
h_p2_cp24,-2189.1978021849413,1.0,head
h_p2_cp25,-2189.197802184941,1.0,head
h_p2_cp26,-2184.032967028817,1.0,head
h_p2_cp27,-2184.032967028816,1.0,head
h_p2_cp28,-2178.868131866605,1.0,head
h_p2_cp29,-2178.868131866605,1.0,head
h_p2_cp30,-2173.703296702121,1.0,head
h_p2_cp31,-2173.7032967021205,1.0,head
h_p2_cp32,-2168.538461537539,1.0,head
h_p2_cp33,-2168.5384615375388,1.0,head
h_p2_cp34,-2163.3736263723868,1.0,head
h_p2_cp35,-2163.3736263723868,1.0,head
h_p2_cp36,-2158.2087912076167,1.0,head
h_p2_cp37,-2158.208791207617,1.0,head
h_p2_cp38,-2153.043956042412,1.0,head
h_p2_cp39,-2153.043956042413,1.0,head
h_p2_cp40,-2147.879120877632,1.0,head
h_p2_cp41,-2147.8791208776324,1.0,head
h_p2_cp42,-2142.7142857124354,1.0,head
h_p2_cp43,-2142.7142857124354,1.0,head
h_p2_cp44,-2137.549450547688,1.0,head
h_p2_cp45,-2137.5494505476877,1.0,head
h_p2_cp46,-2132.384615382584,1.0,head
h_p2_cp47,-2132.3846153825834,1.0,head
h_p2_cp48,-2127.2197802180744,1.0,head
h_p2_cp49,-2127.219780218074,1.0,head
h_p2_cp50,-2122.0549450535127,1.0,head
h_p2_cp51,-2122.0549450535127,1.0,head
h_p2_cp52,-2116.8901098900014,1.0,head
h_p2_cp53,-2116.8901098900014,1.0,head
h_p2_cp54,-2111.7252747264897,1.0,head
h_p2_cp55,-2111.7252747264893,1.0,head
h_p2_cp56,-2106.560439561928,1.0,head
h_p2_cp57,-2106.560439561928,1.0,head
h_p2_cp58,-2101.395604397418,1.0,head
h_p2_cp59,-2101.395604397418,1.0,head
h_p2_cp60,-2096.230769232314,1.0,head
h_p2_cp61,-2096.230769232314,1.0,head
h_p2_cp62,-2091.0659340675656,1.0,head
h_p2_cp63,-2091.065934067566,1.0,head
h_p2_cp64,-2085.9010989023686,1.0,head
h_p2_cp65,-2085.901098902369,1.0,head
h_p2_cp66,-2080.7362637375873,1.0,head
h_p2_cp67,-2080.736263737588,1.0,head
h_p2_cp68,-2075.5714285723784,1.0,head
h_p2_cp69,-2075.5714285723793,1.0,head
h_p2_cp70,-2070.4065934075934,1.0,head
h_p2_cp71,-2070.4065934075943,1.0,head
h_p2_cp72,-2065.2417582423836,1.0,head
h_p2_cp73,-2065.2417582423845,1.0,head
h_p2_cp74,-2060.0769230775977,1.0,head
h_p2_cp75,-2060.0769230775986,1.0,head
h_p2_cp76,-2054.912087912388,1.0,head
h_p2_cp77,-2054.9120879123884,1.0,head
h_p2_cp78,-2049.747252747603,1.0,head
h_p2_cp79,-2049.7472527476025,1.0,head
h_p2_cp80,-2044.582417582393,1.0,head
h_p2_cp81,-2044.5824175823932,1.0,head
h_p2_cp82,-2039.4175824176068,1.0,head
h_p2_cp83,-2039.4175824176075,1.0,head
h_p2_cp84,-2034.252747252397,1.0,head
h_p2_cp85,-2034.2527472523973,1.0,head
h_p2_cp86,-2029.087912087611,1.0,head
h_p2_cp87,-2029.0879120876114,1.0,head
h_p2_cp88,-2023.9230769224014,1.0,head
h_p2_cp89,-2023.9230769224016,1.0,head
h_p2_cp90,-2018.7582417576152,1.0,head
h_p2_cp91,-2018.758241757616,1.0,head
h_p2_cp92,-2013.5934065924055,1.0,head
h_p2_cp93,-2013.5934065924064,1.0,head
h_p2_cp94,-2008.4285714276205,1.0,head
h_p2_cp95,-2008.4285714276207,1.0,head
h_p2_cp96,-2003.2637362624118,1.0,head
h_p2_cp97,-2003.263736262412,1.0,head
h_p2_cp98,-1998.0989010976305,1.0,head
h_p2_cp99,-1998.0989010976305,1.0,head
h_p2_cp100,-1992.9340659324334,1.0,head
h_p2_cp101,-1992.934065932433,1.0,head
h_p2_cp102,-1987.7692307676853,1.0,head
h_p2_cp103,-1987.7692307676855,1.0,head
h_p2_cp104,-1982.6043956025815,1.0,head
h_p2_cp105,-1982.6043956025815,1.0,head
h_p2_cp106,-1977.4395604380713,1.0,head
h_p2_cp107,-1977.4395604380718,1.0,head
h_p2_cp108,-1972.2747252735103,1.0,head
h_p2_cp109,-1972.2747252735105,1.0,head
h_p2_cp110,-1967.1098901099986,1.0,head
h_p2_cp111,-1967.109890109999,1.0,head
h_p2_cp112,-1961.945054946487,1.0,head
h_p2_cp113,-1961.9450549464875,1.0,head
h_p2_cp114,-1956.780219781926,1.0,head
h_p2_cp115,-1956.7802197819262,1.0,head
h_p2_cp116,-1951.6153846174159,1.0,head
h_p2_cp117,-1951.615384617416,1.0,head
h_p2_cp118,-1946.450549452312,1.0,head
h_p2_cp119,-1946.4505494523119,1.0,head
h_p2_cp120,-1941.285714287564,1.0,head
h_p2_cp121,-1941.2857142875641,1.0,head
h_p2_cp122,-1936.1208791223673,1.0,head
h_p2_cp123,-1936.1208791223676,1.0,head
h_p2_cp124,-1930.9560439575869,1.0,head
h_p2_cp125,-1930.956043957587,1.0,head
h_p2_cp126,-1925.7912087923833,1.0,head
h_p2_cp127,-1925.7912087923833,1.0,head
h_p2_cp128,-1920.626373627614,1.0,head
h_p2_cp129,-1920.626373627614,1.0,head
h_p2_cp130,-1915.4615384624612,1.0,head
h_p2_cp131,-1915.461538462461,1.0,head
h_p2_cp132,-1910.2967032978788,1.0,head
h_p2_cp133,-1910.2967032978786,1.0,head
h_p2_cp134,-1905.131868133395,1.0,head
h_p2_cp135,-1905.1318681333944,1.0,head
h_p2_cp136,-1899.9670329711826,1.0,head
h_p2_cp137,-1899.9670329711814,1.0,head
h_p2_cp138,-1894.802197815054,1.0,head
h_p2_cp139,-1894.8021978150532,1.0,head
h_p2_cp140,-1889.637362682163,1.0,head
h_p2_cp141,-1889.6373626821621,1.0,head
h_p2_cp142,-1884.4725276283732,1.0,head
h_p2_cp143,-1884.4725276283712,1.0,head
h_p2_cp144,-1879.3076928504945,1.0,head
h_p2_cp145,-1879.3076928504904,1.0,head
h_p2_cp146,-1874.1428590198714,1.0,head
h_p2_cp147,-1874.1428590198632,1.0,head
h_p2_cp148,-1868.9780284240492,1.0,head
h_p2_cp149,-1868.9780284240337,1.0,head
h_p2_cp150,-1863.8132087677066,1.0,head
h_p2_cp151,-1863.8132087676809,1.0,head
h_p2_cp152,-1858.6484257343093,1.0,head
h_p2_cp153,-1858.6484257342695,1.0,head
h_p2_cp154,-1853.4837638363701,1.0,head
h_p2_cp155,-1853.4837638363153,1.0,head
h_p2_cp156,-1848.3194970103727,1.0,head
h_p2_cp157,-1848.3194970103063,1.0,head
h_p2_cp158,-1843.1564972040328,1.0,head
h_p2_cp159,-1843.1564972039641,1.0,head
h_p2_cp160,-1837.9974789250782,1.0,head
h_p2_cp161,-1837.99747892502,1.0,head
h_p2_cp162,-1832.8506611577368,1.0,head
h_p2_cp163,-1832.8506611576947,1.0,head
h_p2_cp164,-2251.149320805915,1.0,head
h_p2_cp165,-1832.8506615609922,1.0,head
h_p2_cp166,-2251.149320674997,1.0,head
h_p2_cp167,-1832.8506616973675,1.0,head
h_p2_cp168,-2251.14932063203,1.0,head
h_p2_cp169,-1832.850661742061,1.0,head
h_p2_cp170,-2251.1493206182763,1.0,head
h_p2_cp171,-1832.850661756339,1.0,head
h_p2_cp172,-2251.149320613964,1.0,head
h_p2_cp173,-1832.8506617608057,1.0,head
h_p2_cp174,-2251.1493206126347,1.0,head
h_p2_cp175,-1832.8506617621779,1.0,head
h_p2_cp176,-2251.1493206122313,1.0,head
h_p2_cp177,-1832.8506617625937,1.0,head
h_p2_cp178,-2251.149320612111,1.0,head
h_p2_cp179,-1832.8506617627181,1.0,head
h_p2_cp180,-2251.149320612075,1.0,head
h_p2_cp181,-1832.8506617627547,1.0,head
h_p2_cp182,-2251.1493206120654,1.0,head
h_p2_cp183,-1832.8506617627654,1.0,head
h_p2_cp184,-2251.1493206120617,1.0,head
h_p2_cp185,-1832.8506617627688,1.0,head
h_p2_cp186,-2251.1493206120604,1.0,head
h_p2_cp187,-1832.85066176277,1.0,head
h_p2_cp188,-2251.14932061206,1.0,head
h_p2_cp189,-1832.85066176277,1.0,head
h_p2_cp190,-2251.14932061206,1.0,head
h_p2_cp191,-1832.8506617627706,1.0,head
h_p2_cp192,-2251.14932061206,1.0,head
h_p2_cp193,-1832.8506617627704,1.0,head
h_p2_cp194,-2251.14932061206,1.0,head
h_p2_cp195,-1832.8506617627706,1.0,head
h_p2_cp196,-2251.14932061206,1.0,head
h_p2_cp197,-1832.8506617627702,1.0,head
h_p2_cp198,-2251.14932061206,1.0,head
h_p2_cp199,-1832.8506617627702,1.0,head
h_p2_cp200,-2251.14932061206,1.0,head
h_p2_cp201,-1832.8506617627704,1.0,head
h_p2_cp202,-2251.14932061206,1.0,head
h_p2_cp203,-1832.8506617627706,1.0,head
h_p2_cp204,-2251.14932061206,1.0,head
h_p2_cp205,-1832.8506617627706,1.0,head
h_p2_cp206,-2251.14932061206,1.0,head
h_p2_cp207,-1832.8506617627706,1.0,head
h_p2_cp208,-2251.14932061206,1.0,head
h_p2_cp209,-1832.8506617627706,1.0,head
h_p2_cp210,-2251.14932061206,1.0,head
h_p2_cp211,-1832.8506617627706,1.0,head
h_p2_cp212,-2251.14932061206,1.0,head
h_p2_cp213,-1832.8506617627706,1.0,head
h_p2_cp214,-2251.14932061206,1.0,head
h_p2_cp215,-1832.8506617627706,1.0,head
h_p2_cp216,-2251.14932061206,1.0,head
h_p2_cp217,-1832.8506617627706,1.0,head
h_p2_cp218,-2251.14932061206,1.0,head
h_p2_cp219,-1832.8506617627706,1.0,head
h_p2_cp220,-2251.14932061206,1.0,head
h_p2_cp221,-1832.8506617627706,1.0,head
h_p2_cp222,-2251.14932061206,1.0,head
h_p2_cp223,-1832.8506617627706,1.0,head
h_p2_cp224,-2251.14932061206,1.0,head
h_p2_cp225,-1832.8506617627706,1.0,head
h_p2_cp226,-2251.14932061206,1.0,head
h_p2_cp227,-1832.8506617627706,1.0,head
h_p2_cp228,-2251.14932061206,1.0,head
h_p2_cp229,-1832.8506617627706,1.0,head
h_p2_cp230,-2251.14932061206,1.0,head
h_p2_cp231,-1832.8506617627706,1.0,head
h_p2_cp232,-2251.14932061206,1.0,head
h_p2_cp233,-1832.8506617627706,1.0,head
h_p2_cp234,-2251.14932061206,1.0,head
h_p2_cp235,-1832.8506617627706,1.0,head
h_p2_cp236,-2251.14932061206,1.0,head
h_p2_cp237,-1832.8506617627706,1.0,head
h_p2_cp238,-2251.14932061206,1.0,head
h_p2_cp239,-1832.8506617627706,1.0,head
h_p2_cp240,-2251.14932061206,1.0,head
h_p2_cp241,-1832.8506617627706,1.0,head
h_p2_cp242,-2251.14932061206,1.0,head
h_p2_cp243,-1832.8506617627706,1.0,head
h_p2_cp244,-2251.14932061206,1.0,head
h_p2_cp245,-1832.8506617627704,1.0,head
h_p2_cp246,-2251.14932061206,1.0,head
h_p2_cp247,-1832.8506617627702,1.0,head
h_p2_cp248,-2251.14932061206,1.0,head
h_p2_cp249,-1832.8506617627702,1.0,head
h_p2_cp250,-2251.14932061206,1.0,head
h_p2_cp251,-1832.8506617627702,1.0,head
h_p2_cp252,-2251.14932061206,1.0,head
h_p2_cp253,-1832.8506617627702,1.0,head
h_p2_cp254,-2251.14932061206,1.0,head
h_p2_cp255,-1832.85066176277,1.0,head
h_p2_cp256,-2251.14932061206,1.0,head
h_p2_cp257,-1832.8506617627697,1.0,head
h_p2_cp258,-2251.14932061206,1.0,head
h_p2_cp259,-1832.8506617627697,1.0,head
h_p2_cp260,-2251.14932061206,1.0,head
h_p2_cp261,-1832.8506617627695,1.0,head
h_p2_cp262,-2251.14932061206,1.0,head
h_p2_cp263,-1832.8506617627697,1.0,head
h_p2_cp264,-2251.14932061206,1.0,head
h_p2_cp265,-1832.8506617627697,1.0,head
h_p2_cp266,-2251.14932061206,1.0,head
h_p2_cp267,-1832.8506617627697,1.0,head
h_p2_cp268,-2251.14932061206,1.0,head
h_p2_cp269,-1832.8506617627697,1.0,head
h_p2_cp270,-2251.14932061206,1.0,head
h_p2_cp271,-1832.85066176277,1.0,head
h_p2_cp272,-2251.14932061206,1.0,head
h_p2_cp273,-1832.8506617627702,1.0,head
h_p2_cp274,-2251.14932061206,1.0,head
h_p2_cp275,-1832.8506617627704,1.0,head
h_p2_cp276,-2251.14932061206,1.0,head
h_p2_cp277,-1832.8506617627702,1.0,head
h_p2_cp278,-2251.14932061206,1.0,head
h_p2_cp279,-1832.8506617627702,1.0,head
h_p2_cp280,-2251.14932061206,1.0,head
h_p2_cp281,-1832.8506617627704,1.0,head
h_p2_cp282,-2251.14932061206,1.0,head
h_p2_cp283,-1832.8506617627702,1.0,head
h_p2_cp284,-2251.14932061206,1.0,head
h_p2_cp285,-1832.8506617627706,1.0,head
h_p2_cp286,-2251.14932061206,1.0,head
h_p2_cp287,-1832.8506617627706,1.0,head
h_p2_cp288,-2251.14932061206,1.0,head
h_p2_cp289,-1832.8506617627706,1.0,head
h_p2_cp290,-2251.14932061206,1.0,head
h_p2_cp291,-1832.8506617627706,1.0,head
h_p2_cp292,-2251.14932061206,1.0,head
h_p2_cp293,-1832.8506617627706,1.0,head
h_p2_cp294,-2251.14932061206,1.0,head
h_p2_cp295,-1832.8506617627706,1.0,head
h_p2_cp296,-2251.14932061206,1.0,head
h_p2_cp297,-1832.8506617627706,1.0,head
h_p2_cp298,-2251.14932061206,1.0,head
h_p2_cp299,-1832.8506617627706,1.0,head
h_p2_cp300,-2251.14932061206,1.0,head
h_p2_cp301,-1832.8506617627706,1.0,head
h_p2_cp302,-2251.14932061206,1.0,head
h_p2_cp303,-1832.8506617627706,1.0,head
h_p2_cp304,-2251.14932061206,1.0,head
h_p2_cp305,-1832.8506617627706,1.0,head
h_p2_cp306,-2251.14932061206,1.0,head
h_p2_cp307,-1832.8506617627706,1.0,head
h_p2_cp308,-2251.14932061206,1.0,head
h_p2_cp309,-1832.8506617627706,1.0,head
h_p2_cp310,-2251.14932061206,1.0,head
h_p2_cp311,-1832.8506617627706,1.0,head
h_p2_cp312,-2251.14932061206,1.0,head
h_p2_cp313,-1832.8506617627706,1.0,head
h_p2_cp314,-2251.14932061206,1.0,head
h_p2_cp315,-1832.8506617627706,1.0,head
h_p2_cp316,-2251.14932061206,1.0,head
h_p2_cp317,-1832.8506617627706,1.0,head
h_p2_cp318,-2251.14932061206,1.0,head
h_p2_cp319,-1832.8506617627706,1.0,head
h_p2_cp320,-2251.14932061206,1.0,head
h_p2_cp321,-1832.8506617627706,1.0,head
h_p2_cp322,-2251.14932061206,1.0,head
h_p2_cp323,-1832.8506617627706,1.0,head
h_p2_cp324,-2251.14932061206,1.0,head
h_p2_cp325,-1832.8506617627706,1.0,head
h_p2_cp326,-2251.14932061206,1.0,head
h_p2_cp327,-1832.8506617627706,1.0,head
h_p2_cp328,-2251.14932061206,1.0,head
h_p2_cp329,-1832.8506617627706,1.0,head
h_p2_cp330,-2251.14932061206,1.0,head
h_p2_cp331,-1832.8506617627706,1.0,head
h_p2_cp332,-2251.14932061206,1.0,head
h_p2_cp333,-1832.8506617627706,1.0,head
h_p2_cp334,-2251.14932061206,1.0,head
h_p2_cp335,-1832.8506617627704,1.0,head
h_p2_cp336,-2251.14932061206,1.0,head
h_p2_cp337,-1832.8506617627702,1.0,head
h_p2_cp338,-2251.14932061206,1.0,head
h_p2_cp339,-1832.8506617627702,1.0,head
h_p2_cp340,-2251.14932061206,1.0,head
h_p2_cp341,-1832.8506617627697,1.0,head
h_p2_cp342,-2251.1493206120604,1.0,head
h_p2_cp343,-1832.8506617627697,1.0,head
h_p2_cp344,-2251.149320612061,1.0,head
h_p2_cp345,-1832.8506617627697,1.0,head
h_p2_cp346,-2251.149320612061,1.0,head
h_p2_cp347,-1832.8506617627697,1.0,head
h_p2_cp348,-2251.1493206120604,1.0,head
h_p2_cp349,-1832.8506617627693,1.0,head
h_p2_cp350,-2251.149320612061,1.0,head
h_p2_cp351,-1832.8506617627686,1.0,head
h_p2_cp352,-2251.149320612064,1.0,head
h_p2_cp353,-1832.8506617627654,1.0,head
h_p2_cp354,-2251.1493206120745,1.0,head
h_p2_cp355,-1832.850661762755,1.0,head
h_p2_cp356,-2251.1493206121095,1.0,head
h_p2_cp357,-1832.850661762718,1.0,head
h_p2_cp358,-2251.1493206122286,1.0,head
h_p2_cp359,-1832.8506617625935,1.0,head
h_p2_cp360,-2251.149320612626,1.0,head
h_p2_cp361,-1832.8506617621774,1.0,head
h_p2_cp362,-2251.149320613936,1.0,head
h_p2_cp363,-1832.850661760804,1.0,head
h_p2_cp364,-2251.1493206181935,1.0,head
h_p2_cp365,-1832.8506617563357,1.0,head
h_p2_cp366,-2251.149320631785,1.0,head
h_p2_cp367,-1832.8506617420555,1.0,head
h_p2_cp368,-2251.149320674283,1.0,head
h_p2_cp369,-1832.8506616973589,1.0,head
h_p2_cp370,-2251.149320803875,1.0,head
h_p2_cp371,-1832.8506615609742,1.0,head
h_p3_cp0,-2251.1199527431427,1.0,head
h_p3_cp1,-2251.1199527340386,1.0,head
h_p3_cp2,-2245.9915278511075,1.0,head
h_p3_cp3,-2245.9915278461353,1.0,head
h_p3_cp4,-2240.839556686983,1.0,head
h_p3_cp5,-2240.8395566844074,1.0,head
h_p3_cp6,-2235.679132648702,1.0,head
h_p3_cp7,-2235.6791326474327,1.0,head
h_p3_cp8,-2230.5157730361225,1.0,head
h_p3_cp9,-2230.5157730355204,1.0,head
h_p3_cp10,-2225.3514212492983,1.0,head
h_p3_cp11,-2225.35142124902,1.0,head
h_p3_cp12,-2220.1867416361165,1.0,head
h_p3_cp13,-2220.1867416359883,1.0,head
h_p3_cp14,-2215.021955763027,1.0,head
h_p3_cp15,-2215.021955762968,1.0,head
h_p3_cp16,-2209.8571360097085,1.0,head
h_p3_cp17,-2209.8571360096817,1.0,head
h_p3_cp18,-2204.692305606672,1.0,head
h_p3_cp19,-2204.692305606659,1.0,head
h_p3_cp20,-2199.527471897857,1.0,head
h_p3_cp21,-2199.527471897851,1.0,head
h_p3_cp22,-2194.362637173891,1.0,head
h_p3_cp23,-2194.362637173888,1.0,head
h_p3_cp24,-2189.197802141479,1.0,head
h_p3_cp25,-2189.1978021414775,1.0,head
h_p3_cp26,-2184.0329670159163,1.0,head
h_p3_cp27,-2184.032967015916,1.0,head
h_p3_cp28,-2178.8681318626923,1.0,head
h_p3_cp29,-2178.8681318626923,1.0,head
h_p3_cp30,-2173.7032967010655,1.0,head
h_p3_cp31,-2173.7032967010646,1.0,head
h_p3_cp32,-2168.538461537151,1.0,head
h_p3_cp33,-2168.5384615371504,1.0,head
h_p3_cp34,-2163.373626372375,1.0,head
h_p3_cp35,-2163.373626372375,1.0,head
h_p3_cp36,-2158.208791207539,1.0,head
h_p3_cp37,-2158.208791207539,1.0,head
h_p3_cp38,-2153.0439560424966,1.0,head
h_p3_cp39,-2153.0439560424966,1.0,head
h_p3_cp40,-2147.87912087759,1.0,head
h_p3_cp41,-2147.87912087759,1.0,head
h_p3_cp42,-2142.7142857125464,1.0,head
h_p3_cp43,-2142.7142857125455,1.0,head
h_p3_cp44,-2137.5494505476863,1.0,head
h_p3_cp45,-2137.5494505476854,1.0,head
h_p3_cp46,-2132.3846153827676,1.0,head
h_p3_cp47,-2132.3846153827667,1.0,head
h_p3_cp48,-2127.2197802181868,1.0,head
h_p3_cp49,-2127.219780218186,1.0,head
h_p3_cp50,-2122.054945053801,1.0,head
h_p3_cp51,-2122.0549450538,1.0,head
h_p3_cp52,-2116.890109890002,1.0,head
h_p3_cp53,-2116.89010989,1.0,head
h_p3_cp54,-2111.725274726202,1.0,head
h_p3_cp55,-2111.7252747262,1.0,head
h_p3_cp56,-2106.560439561815,1.0,head
h_p3_cp57,-2106.5604395618143,1.0,head
h_p3_cp58,-2101.3956043972344,1.0,head
h_p3_cp59,-2101.3956043972335,1.0,head
h_p3_cp60,-2096.230769232315,1.0,head
h_p3_cp61,-2096.230769232315,1.0,head
h_p3_cp62,-2091.065934067454,1.0,head
h_p3_cp63,-2091.0659340674542,1.0,head
h_p3_cp64,-2085.9010989024077,1.0,head
h_p3_cp65,-2085.901098902409,1.0,head
h_p3_cp66,-2080.7362637374945,1.0,head
h_p3_cp67,-2080.7362637374968,1.0,head
h_p3_cp68,-2075.5714285724284,1.0,head
h_p3_cp69,-2075.571428572431,1.0,head
h_p3_cp70,-2070.4065934075084,1.0,head
h_p3_cp71,-2070.406593407511,1.0,head
h_p3_cp72,-2065.2417582424396,1.0,head
h_p3_cp73,-2065.2417582424423,1.0,head
h_p3_cp74,-2060.0769230775186,1.0,head
h_p3_cp75,-2060.076923077521,1.0,head
h_p3_cp76,-2054.91208791245,1.0,head
h_p3_cp77,-2054.9120879124516,1.0,head
h_p3_cp78,-2049.7472527475284,1.0,head
h_p3_cp79,-2049.7472527475297,1.0,head
h_p3_cp80,-2044.5824175824594,1.0,head
h_p3_cp81,-2044.5824175824612,1.0,head
h_p3_cp82,-2039.4175824175381,1.0,head
h_p3_cp83,-2039.4175824175395,1.0,head
h_p3_cp84,-2034.2527472524685,1.0,head
h_p3_cp85,-2034.25274725247,1.0,head
h_p3_cp86,-2029.0879120875468,1.0,head
h_p3_cp87,-2029.0879120875481,1.0,head
h_p3_cp88,-2023.9230769224775,1.0,head
h_p3_cp89,-2023.923076922479,1.0,head
h_p3_cp90,-2018.7582417575559,1.0,head
h_p3_cp91,-2018.7582417575575,1.0,head
h_p3_cp92,-2013.5934065924876,1.0,head
h_p3_cp93,-2013.5934065924887,1.0,head
h_p3_cp94,-2008.428571427567,1.0,head
h_p3_cp95,-2008.4285714275677,1.0,head
h_p3_cp96,-2003.2637362625007,1.0,head
h_p3_cp97,-2003.2637362625014,1.0,head
h_p3_cp98,-1998.0989010975875,1.0,head
h_p3_cp99,-1998.098901097588,1.0,head
h_p3_cp100,-1992.9340659325412,1.0,head
h_p3_cp101,-1992.9340659325412,1.0,head
h_p3_cp102,-1987.7692307676807,1.0,head
h_p3_cp103,-1987.7692307676812,1.0,head
h_p3_cp104,-1982.6043956027622,1.0,head
h_p3_cp105,-1982.6043956027625,1.0,head
h_p3_cp106,-1977.439560438182,1.0,head
h_p3_cp107,-1977.4395604381823,1.0,head
h_p3_cp108,-1972.2747252737963,1.0,head
h_p3_cp109,-1972.2747252737965,1.0,head
h_p3_cp110,-1967.1098901099972,1.0,head
h_p3_cp111,-1967.1098901099972,1.0,head
h_p3_cp112,-1961.9450549461976,1.0,head
h_p3_cp113,-1961.945054946198,1.0,head
h_p3_cp114,-1956.780219781812,1.0,head
h_p3_cp115,-1956.780219781812,1.0,head
h_p3_cp116,-1951.6153846172315,1.0,head
h_p3_cp117,-1951.6153846172317,1.0,head
h_p3_cp118,-1946.4505494523132,1.0,head
h_p3_cp119,-1946.4505494523132,1.0,head
h_p3_cp120,-1941.2857142874532,1.0,head
h_p3_cp121,-1941.2857142874534,1.0,head
h_p3_cp122,-1936.1208791224094,1.0,head
h_p3_cp123,-1936.1208791224096,1.0,head
h_p3_cp124,-1930.9560439575032,1.0,head
h_p3_cp125,-1930.9560439575032,1.0,head
h_p3_cp126,-1925.7912087924615,1.0,head
h_p3_cp127,-1925.7912087924612,1.0,head
h_p3_cp128,-1920.6263736276258,1.0,head
h_p3_cp129,-1920.6263736276258,1.0,head
h_p3_cp130,-1915.4615384628496,1.0,head
h_p3_cp131,-1915.4615384628494,1.0,head
h_p3_cp132,-1910.2967032989343,1.0,head
h_p3_cp133,-1910.2967032989338,1.0,head
h_p3_cp134,-1905.1318681373054,1.0,head
h_p3_cp135,-1905.1318681373052,1.0,head
h_p3_cp136,-1899.9670329840756,1.0,head
h_p3_cp137,-1899.9670329840753,1.0,head
h_p3_cp138,-1894.8021978584925,1.0,head
h_p3_cp139,-1894.8021978584916,1.0,head
h_p3_cp140,-1889.6373628260092,1.0,head
h_p3_cp141,-1889.6373628260073,1.0,head
h_p3_cp142,-1884.4725281017988,1.0,head
h_p3_cp143,-1884.4725281017948,1.0,head
h_p3_cp144,-1879.3076943921533,1.0,head
h_p3_cp145,-1879.3076943921458,1.0,head
h_p3_cp146,-1874.1428639863134,1.0,head
h_p3_cp147,-1874.1428639863004,1.0,head
h_p3_cp148,-1868.978044223627,1.0,head
h_p3_cp149,-1868.978044223605,1.0,head
h_p3_cp150,-1863.8132583195306,1.0,head
h_p3_cp151,-1863.813258319496,1.0,head
h_p3_cp152,-1858.6485786048293,1.0,head
h_p3_cp153,-1858.6485786047785,1.0,head
h_p3_cp154,-1853.484226489565,1.0,head
h_p3_cp155,-1853.4842264894978,1.0,head
h_p3_cp156,-1848.3208658285575,1.0,head
h_p3_cp157,-1848.3208658284786,1.0,head
h_p3_cp158,-1843.1604384942507,1.0,head
h_p3_cp159,-1843.1604384941702,1.0,head
h_p3_cp160,-1838.0084571487187,1.0,head
h_p3_cp161,-1838.008457148648,1.0,head
h_p3_cp162,-1832.880001444284,1.0,head
h_p3_cp163,-1832.880001444228,1.0,head
h_p3_cp164,-2251.119951679555,1.0,head
h_p3_cp165,-1832.880002595619,1.0,head
h_p3_cp166,-2251.119951299158,1.0,head
h_p3_cp167,-1832.880003007039,1.0,head
h_p3_cp168,-2251.1199511673185,1.0,head
h_p3_cp169,-1832.8800031493206,1.0,head
h_p3_cp170,-2251.119951122806,1.0,head
h_p3_cp171,-1832.8800031972148,1.0,head
h_p3_cp172,-2251.1199511081068,1.0,head
h_p3_cp173,-1832.880003212977,1.0,head
h_p3_cp174,-2251.119951103343,1.0,head
h_p3_cp175,-1832.8800032180657,1.0,head
h_p3_cp176,-2251.119951101824,1.0,head
h_p3_cp177,-1832.8800032196816,1.0,head
h_p3_cp178,-2251.119951101347,1.0,head
h_p3_cp179,-1832.8800032201877,1.0,head
h_p3_cp180,-2251.1199511011996,1.0,head
h_p3_cp181,-1832.8800032203442,1.0,head
h_p3_cp182,-2251.119951101154,1.0,head
h_p3_cp183,-1832.8800032203922,1.0,head
h_p3_cp184,-2251.11995110114,1.0,head
h_p3_cp185,-1832.8800032204065,1.0,head
h_p3_cp186,-2251.119951101136,1.0,head
h_p3_cp187,-1832.8800032204113,1.0,head
h_p3_cp188,-2251.1199511011346,1.0,head
h_p3_cp189,-1832.8800032204122,1.0,head
h_p3_cp190,-2251.1199511011337,1.0,head
h_p3_cp191,-1832.8800032204128,1.0,head
h_p3_cp192,-2251.1199511011337,1.0,head
h_p3_cp193,-1832.8800032204128,1.0,head
h_p3_cp194,-2251.1199511011337,1.0,head
h_p3_cp195,-1832.880003220413,1.0,head
h_p3_cp196,-2251.1199511011337,1.0,head
h_p3_cp197,-1832.8800032204128,1.0,head
h_p3_cp198,-2251.1199511011337,1.0,head
h_p3_cp199,-1832.8800032204128,1.0,head
h_p3_cp200,-2251.1199511011337,1.0,head
h_p3_cp201,-1832.8800032204128,1.0,head
h_p3_cp202,-2251.119951101133,1.0,head
h_p3_cp203,-1832.880003220413,1.0,head
h_p3_cp204,-2251.119951101133,1.0,head
h_p3_cp205,-1832.880003220413,1.0,head
h_p3_cp206,-2251.119951101133,1.0,head
h_p3_cp207,-1832.880003220413,1.0,head
h_p3_cp208,-2251.119951101133,1.0,head
h_p3_cp209,-1832.880003220413,1.0,head
h_p3_cp210,-2251.119951101133,1.0,head
h_p3_cp211,-1832.880003220413,1.0,head
h_p3_cp212,-2251.119951101133,1.0,head
h_p3_cp213,-1832.880003220413,1.0,head
h_p3_cp214,-2251.119951101133,1.0,head
h_p3_cp215,-1832.880003220413,1.0,head
h_p3_cp216,-2251.119951101133,1.0,head
h_p3_cp217,-1832.880003220413,1.0,head
h_p3_cp218,-2251.119951101133,1.0,head
h_p3_cp219,-1832.880003220413,1.0,head
h_p3_cp220,-2251.119951101133,1.0,head
h_p3_cp221,-1832.880003220413,1.0,head
h_p3_cp222,-2251.119951101133,1.0,head
h_p3_cp223,-1832.880003220413,1.0,head
h_p3_cp224,-2251.119951101133,1.0,head
h_p3_cp225,-1832.880003220413,1.0,head
h_p3_cp226,-2251.119951101133,1.0,head
h_p3_cp227,-1832.880003220413,1.0,head
h_p3_cp228,-2251.1199511011337,1.0,head
h_p3_cp229,-1832.880003220413,1.0,head
h_p3_cp230,-2251.1199511011337,1.0,head
h_p3_cp231,-1832.880003220413,1.0,head
h_p3_cp232,-2251.1199511011337,1.0,head
h_p3_cp233,-1832.880003220413,1.0,head
h_p3_cp234,-2251.1199511011337,1.0,head
h_p3_cp235,-1832.880003220413,1.0,head
h_p3_cp236,-2251.1199511011337,1.0,head
h_p3_cp237,-1832.880003220413,1.0,head
h_p3_cp238,-2251.1199511011337,1.0,head
h_p3_cp239,-1832.880003220413,1.0,head
h_p3_cp240,-2251.1199511011337,1.0,head
h_p3_cp241,-1832.880003220413,1.0,head
h_p3_cp242,-2251.1199511011337,1.0,head
h_p3_cp243,-1832.8800032204133,1.0,head
h_p3_cp244,-2251.1199511011337,1.0,head
h_p3_cp245,-1832.880003220413,1.0,head
h_p3_cp246,-2251.1199511011337,1.0,head
h_p3_cp247,-1832.8800032204126,1.0,head
h_p3_cp248,-2251.119951101133,1.0,head
h_p3_cp249,-1832.8800032204122,1.0,head
h_p3_cp250,-2251.119951101133,1.0,head
h_p3_cp251,-1832.8800032204117,1.0,head
h_p3_cp252,-2251.119951101133,1.0,head
h_p3_cp253,-1832.8800032204115,1.0,head
h_p3_cp254,-2251.119951101133,1.0,head
h_p3_cp255,-1832.8800032204106,1.0,head
h_p3_cp256,-2251.1199511011337,1.0,head
h_p3_cp257,-1832.88000322041,1.0,head
h_p3_cp258,-2251.1199511011337,1.0,head
h_p3_cp259,-1832.880003220409,1.0,head
h_p3_cp260,-2251.1199511011337,1.0,head
h_p3_cp261,-1832.8800032204083,1.0,head
h_p3_cp262,-2251.1199511011337,1.0,head
h_p3_cp263,-1832.8800032204083,1.0,head
h_p3_cp264,-2251.1199511011337,1.0,head
h_p3_cp265,-1832.880003220408,1.0,head
h_p3_cp266,-2251.1199511011337,1.0,head
h_p3_cp267,-1832.8800032204083,1.0,head
h_p3_cp268,-2251.1199511011337,1.0,head
h_p3_cp269,-1832.8800032204085,1.0,head
h_p3_cp270,-2251.1199511011337,1.0,head
h_p3_cp271,-1832.8800032204094,1.0,head
h_p3_cp272,-2251.1199511011337,1.0,head
h_p3_cp273,-1832.8800032204101,1.0,head
h_p3_cp274,-2251.1199511011337,1.0,head
h_p3_cp275,-1832.880003220411,1.0,head
h_p3_cp276,-2251.1199511011337,1.0,head
h_p3_cp277,-1832.8800032204113,1.0,head
h_p3_cp278,-2251.1199511011337,1.0,head
h_p3_cp279,-1832.8800032204117,1.0,head
h_p3_cp280,-2251.1199511011337,1.0,head
h_p3_cp281,-1832.880003220412,1.0,head
h_p3_cp282,-2251.1199511011337,1.0,head
h_p3_cp283,-1832.880003220412,1.0,head
h_p3_cp284,-2251.1199511011337,1.0,head
h_p3_cp285,-1832.8800032204122,1.0,head
h_p3_cp286,-2251.1199511011337,1.0,head
h_p3_cp287,-1832.8800032204122,1.0,head
h_p3_cp288,-2251.1199511011337,1.0,head
h_p3_cp289,-1832.8800032204122,1.0,head
h_p3_cp290,-2251.1199511011337,1.0,head
h_p3_cp291,-1832.880003220412,1.0,head
h_p3_cp292,-2251.1199511011337,1.0,head
h_p3_cp293,-1832.880003220412,1.0,head
h_p3_cp294,-2251.1199511011337,1.0,head
h_p3_cp295,-1832.880003220412,1.0,head
h_p3_cp296,-2251.1199511011337,1.0,head
h_p3_cp297,-1832.8800032204124,1.0,head
h_p3_cp298,-2251.119951101133,1.0,head
h_p3_cp299,-1832.8800032204128,1.0,head
h_p3_cp300,-2251.119951101133,1.0,head
h_p3_cp301,-1832.8800032204128,1.0,head
h_p3_cp302,-2251.1199511011337,1.0,head
h_p3_cp303,-1832.880003220413,1.0,head
h_p3_cp304,-2251.1199511011337,1.0,head
h_p3_cp305,-1832.8800032204133,1.0,head
h_p3_cp306,-2251.1199511011337,1.0,head
h_p3_cp307,-1832.880003220413,1.0,head
h_p3_cp308,-2251.1199511011337,1.0,head
h_p3_cp309,-1832.880003220413,1.0,head
h_p3_cp310,-2251.1199511011337,1.0,head
h_p3_cp311,-1832.880003220413,1.0,head
h_p3_cp312,-2251.1199511011337,1.0,head
h_p3_cp313,-1832.880003220413,1.0,head
h_p3_cp314,-2251.1199511011337,1.0,head
h_p3_cp315,-1832.880003220413,1.0,head
h_p3_cp316,-2251.1199511011337,1.0,head
h_p3_cp317,-1832.880003220413,1.0,head
h_p3_cp318,-2251.1199511011337,1.0,head
h_p3_cp319,-1832.880003220413,1.0,head
h_p3_cp320,-2251.119951101133,1.0,head
h_p3_cp321,-1832.880003220413,1.0,head
h_p3_cp322,-2251.119951101133,1.0,head
h_p3_cp323,-1832.880003220413,1.0,head
h_p3_cp324,-2251.119951101133,1.0,head
h_p3_cp325,-1832.880003220413,1.0,head
h_p3_cp326,-2251.119951101133,1.0,head
h_p3_cp327,-1832.880003220413,1.0,head
h_p3_cp328,-2251.119951101133,1.0,head
h_p3_cp329,-1832.880003220413,1.0,head
h_p3_cp330,-2251.1199511011337,1.0,head
h_p3_cp331,-1832.880003220413,1.0,head
h_p3_cp332,-2251.1199511011337,1.0,head
h_p3_cp333,-1832.880003220413,1.0,head
h_p3_cp334,-2251.1199511011337,1.0,head
h_p3_cp335,-1832.8800032204128,1.0,head
h_p3_cp336,-2251.1199511011337,1.0,head
h_p3_cp337,-1832.8800032204126,1.0,head
h_p3_cp338,-2251.1199511011337,1.0,head
h_p3_cp339,-1832.8800032204124,1.0,head
h_p3_cp340,-2251.1199511011337,1.0,head
h_p3_cp341,-1832.880003220412,1.0,head
h_p3_cp342,-2251.119951101134,1.0,head
h_p3_cp343,-1832.8800032204117,1.0,head
h_p3_cp344,-2251.119951101134,1.0,head
h_p3_cp345,-1832.8800032204117,1.0,head
h_p3_cp346,-2251.1199511011346,1.0,head
h_p3_cp347,-1832.8800032204117,1.0,head
h_p3_cp348,-2251.1199511011355,1.0,head
h_p3_cp349,-1832.8800032204106,1.0,head
h_p3_cp350,-2251.1199511011396,1.0,head
h_p3_cp351,-1832.880003220406,1.0,head
h_p3_cp352,-2251.119951101153,1.0,head
h_p3_cp353,-1832.8800032203917,1.0,head
h_p3_cp354,-2251.1199511011982,1.0,head
h_p3_cp355,-1832.880003220344,1.0,head
h_p3_cp356,-2251.1199511013438,1.0,head
h_p3_cp357,-1832.8800032201873,1.0,head
h_p3_cp358,-2251.1199511018153,1.0,head
h_p3_cp359,-1832.8800032196812,1.0,head
h_p3_cp360,-2251.119951103317,1.0,head
h_p3_cp361,-1832.8800032180648,1.0,head
h_p3_cp362,-2251.1199511080313,1.0,head
h_p3_cp363,-1832.8800032129745,1.0,head
h_p3_cp364,-2251.1199511225977,1.0,head
h_p3_cp365,-1832.8800031972105,1.0,head
h_p3_cp366,-2251.1199511667533,1.0,head
h_p3_cp367,-1832.8800031493126,1.0,head
h_p3_cp368,-2251.119951297669,1.0,head
h_p3_cp369,-1832.8800030070252,1.0,head
h_p3_cp370,-2251.1199516757824,1.0,head
h_p3_cp371,-1832.8800025955913,1.0,head
h_p4_cp0,-2251.0760550411474,1.0,head
h_p4_cp1,-2251.0760550266773,1.0,head
h_p4_cp2,-2245.973555761434,1.0,head
h_p4_cp3,-2245.9735557532445,1.0,head
h_p4_cp4,-2240.8325430548734,1.0,head
h_p4_cp5,-2240.83254305048,1.0,head
h_p4_cp6,-2235.6765003246587,1.0,head
h_p4_cp7,-2235.6765003224164,1.0,head
h_p4_cp8,-2230.5148165580113,1.0,head
h_p4_cp9,-2230.514816556914,1.0,head
h_p4_cp10,-2225.351083058689,1.0,head
h_p4_cp11,-2225.3510830581686,1.0,head
h_p4_cp12,-2220.186624812858,1.0,head
h_p4_cp13,-2220.186624812617,1.0,head
h_p4_cp14,-2215.0219162121466,1.0,head
h_p4_cp15,-2215.0219162120356,1.0,head
h_p4_cp16,-2209.857122852627,1.0,head
h_p4_cp17,-2209.857122852577,1.0,head
h_p4_cp18,-2204.692301296951,1.0,head
h_p4_cp19,-2204.6923012969273,1.0,head
h_p4_cp20,-2199.5274705053343,1.0,head
h_p4_cp21,-2199.5274705053234,1.0,head
h_p4_cp22,-2194.362636729464,1.0,head
h_p4_cp23,-2194.362636729459,1.0,head
h_p4_cp24,-2189.197802001151,1.0,head
h_p4_cp25,-2189.1978020011484,1.0,head
h_p4_cp26,-2184.032966972093,1.0,head
h_p4_cp27,-2184.0329669720913,1.0,head
h_p4_cp28,-2178.8681318490962,1.0,head
h_p4_cp29,-2178.868131849095,1.0,head
h_p4_cp30,-2173.7032966969327,1.0,head
h_p4_cp31,-2173.7032966969314,1.0,head
h_p4_cp32,-2168.538461535875,1.0,head
h_p4_cp33,-2168.538461535874,1.0,head
h_p4_cp34,-2163.3736263720375,1.0,head
h_p4_cp35,-2163.373626372037,1.0,head
h_p4_cp36,-2158.2087912074276,1.0,head
h_p4_cp37,-2158.2087912074267,1.0,head
h_p4_cp38,-2153.0439560425207,1.0,head
h_p4_cp39,-2153.04395604252,1.0,head
h_p4_cp40,-2147.8791208775992,1.0,head
h_p4_cp41,-2147.879120877598,1.0,head
h_p4_cp42,-2142.714285712627,1.0,head
h_p4_cp43,-2142.714285712624,1.0,head
h_p4_cp44,-2137.5494505477473,1.0,head
h_p4_cp45,-2137.5494505477436,1.0,head
h_p4_cp46,-2132.3846153829186,1.0,head
h_p4_cp47,-2132.3846153829136,1.0,head
h_p4_cp48,-2127.2197802183314,1.0,head
h_p4_cp49,-2127.2197802183255,1.0,head
h_p4_cp50,-2122.0549450539866,1.0,head
h_p4_cp51,-2122.05494505398,1.0,head
h_p4_cp52,-2116.8901098899987,1.0,head
h_p4_cp53,-2116.8901098899914,1.0,head
h_p4_cp54,-2111.7252747260104,1.0,head
h_p4_cp55,-2111.7252747260027,1.0,head
h_p4_cp56,-2106.560439561664,1.0,head
h_p4_cp57,-2106.5604395616583,1.0,head
h_p4_cp58,-2101.395604397075,1.0,head
h_p4_cp59,-2101.3956043970716,1.0,head
h_p4_cp60,-2096.230769232244,1.0,head
h_p4_cp61,-2096.230769232243,1.0,head
h_p4_cp62,-2091.0659340673596,1.0,head
h_p4_cp63,-2091.0659340673633,1.0,head
h_p4_cp64,-2085.9010989023773,1.0,head
h_p4_cp65,-2085.9010989023836,1.0,head
h_p4_cp66,-2080.736263737425,1.0,head
h_p4_cp67,-2080.736263737434,1.0,head
h_p4_cp68,-2075.571428572415,1.0,head
h_p4_cp69,-2075.5714285724243,1.0,head
h_p4_cp70,-2070.406593407453,1.0,head
h_p4_cp71,-2070.4065934074624,1.0,head
h_p4_cp72,-2065.241758242438,1.0,head
h_p4_cp73,-2065.2417582424473,1.0,head
h_p4_cp74,-2060.076923077474,1.0,head
h_p4_cp75,-2060.0769230774827,1.0,head
h_p4_cp76,-2054.9120879124584,1.0,head
h_p4_cp77,-2054.912087912466,1.0,head
h_p4_cp78,-2049.7472527474933,1.0,head
h_p4_cp79,-2049.7472527474997,1.0,head
h_p4_cp80,-2044.5824175824769,1.0,head
h_p4_cp81,-2044.582417582483,1.0,head
h_p4_cp82,-2039.4175824175106,1.0,head
h_p4_cp83,-2039.4175824175165,1.0,head
h_p4_cp84,-2034.2527472524928,1.0,head
h_p4_cp85,-2034.2527472524996,1.0,head
h_p4_cp86,-2029.0879120875268,1.0,head
h_p4_cp87,-2029.0879120875334,1.0,head
h_p4_cp88,-2023.9230769225096,1.0,head
h_p4_cp89,-2023.9230769225157,1.0,head
h_p4_cp90,-2018.758241757544,1.0,head
h_p4_cp91,-2018.7582417575493,1.0,head
h_p4_cp92,-2013.593406592528,1.0,head
h_p4_cp93,-2013.5934065925326,1.0,head
h_p4_cp94,-2008.4285714275645,1.0,head
h_p4_cp95,-2008.4285714275677,1.0,head
h_p4_cp96,-2003.263736262553,1.0,head
h_p4_cp97,-2003.2637362625555,1.0,head
h_p4_cp98,-1998.098901097601,1.0,head
h_p4_cp99,-1998.098901097603,1.0,head
h_p4_cp100,-1992.9340659326197,1.0,head
h_p4_cp101,-1992.934065932621,1.0,head
h_p4_cp102,-1987.7692307677382,1.0,head
h_p4_cp103,-1987.7692307677394,1.0,head
h_p4_cp104,-1982.604395602909,1.0,head
h_p4_cp105,-1982.6043956029098,1.0,head
h_p4_cp106,-1977.4395604383235,1.0,head
h_p4_cp107,-1977.4395604383237,1.0,head
h_p4_cp108,-1972.2747252739803,1.0,head
h_p4_cp109,-1972.2747252739807,1.0,head
h_p4_cp110,-1967.1098901099947,1.0,head
h_p4_cp111,-1967.1098901099947,1.0,head
h_p4_cp112,-1961.9450549460087,1.0,head
h_p4_cp113,-1961.945054946009,1.0,head
h_p4_cp114,-1956.7802197816657,1.0,head
h_p4_cp115,-1956.7802197816657,1.0,head
h_p4_cp116,-1951.6153846170796,1.0,head
h_p4_cp117,-1951.6153846170798,1.0,head
h_p4_cp118,-1946.4505494522512,1.0,head
h_p4_cp119,-1946.4505494522516,1.0,head
h_p4_cp120,-1941.2857142873725,1.0,head
h_p4_cp121,-1941.2857142873722,1.0,head
h_p4_cp122,-1936.1208791224,1.0,head
h_p4_cp123,-1936.1208791223996,1.0,head
h_p4_cp124,-1930.956043957479,1.0,head
h_p4_cp125,-1930.9560439574786,1.0,head
h_p4_cp126,-1925.791208792573,1.0,head
h_p4_cp127,-1925.7912087925727,1.0,head
h_p4_cp128,-1920.6263736279625,1.0,head
h_p4_cp129,-1920.6263736279625,1.0,head
h_p4_cp130,-1915.4615384641254,1.0,head
h_p4_cp131,-1915.4615384641252,1.0,head
h_p4_cp132,-1910.2967033030652,1.0,head
h_p4_cp133,-1910.2967033030648,1.0,head
h_p4_cp134,-1905.131868150894,1.0,head
h_p4_cp135,-1905.131868150894,1.0,head
h_p4_cp136,-1899.9670330278725,1.0,head
h_p4_cp137,-1899.9670330278718,1.0,head
h_p4_cp138,-1894.8021979987323,1.0,head
h_p4_cp139,-1894.802197998731,1.0,head
h_p4_cp140,-1889.6373632701489,1.0,head
h_p4_cp141,-1889.6373632701464,1.0,head
h_p4_cp142,-1884.4725294933928,1.0,head
h_p4_cp143,-1884.4725294933876,1.0,head
h_p4_cp144,-1879.3076986989017,1.0,head
h_p4_cp145,-1879.307698698891,1.0,head
h_p4_cp146,-1874.142877133986,1.0,head
h_p4_cp147,-1874.1428771339677,1.0,head
h_p4_cp148,-1868.9780837450942,1.0,head
h_p4_cp149,-1868.9780837450637,1.0,head
h_p4_cp150,-1863.8133750520994,1.0,head
h_p4_cp151,-1863.8133750520533,1.0,head
h_p4_cp152,-1858.6489165200985,1.0,head
h_p4_cp153,-1858.6489165200328,1.0,head
h_p4_cp154,-1853.4851821461875,1.0,head
h_p4_cp155,-1853.4851821461032,1.0,head
h_p4_cp156,-1848.3234957500943,1.0,head
h_p4_cp157,-1848.3234957499967,1.0,head
h_p4_cp158,-1843.167445260206,1.0,head
h_p4_cp159,-1843.1674452601067,1.0,head
h_p4_cp160,-1838.0264101374062,1.0,head
h_p4_cp161,-1838.0264101373166,1.0,head
h_p4_cp162,-1832.9238476796104,1.0,head
h_p4_cp163,-1832.9238476795367,1.0,head
h_p4_cp164,-2251.076052667887,1.0,head
h_p4_cp165,-1832.9238503614874,1.0,head
h_p4_cp166,-2251.0760517749036,1.0,head
h_p4_cp167,-1832.923851369198,1.0,head
h_p4_cp168,-2251.0760514494077,1.0,head
h_p4_cp169,-1832.92385173533,1.0,head
h_p4_cp170,-2251.0760513339255,1.0,head
h_p4_cp171,-1832.9238518646698,1.0,head
h_p4_cp172,-2251.0760512938955,1.0,head
h_p4_cp173,-1832.923851909284,1.0,head
h_p4_cp174,-2251.0760512802967,1.0,head
h_p4_cp175,-1832.9238519243606,1.0,head
h_p4_cp176,-2251.0760512757583,1.0,head
h_p4_cp177,-1832.9238519293654,1.0,head
h_p4_cp178,-2251.0760512742672,1.0,head
h_p4_cp179,-1832.9238519310015,1.0,head
h_p4_cp180,-2251.0760512737843,1.0,head
h_p4_cp181,-1832.923851931529,1.0,head
h_p4_cp182,-2251.0760512736297,1.0,head
h_p4_cp183,-1832.9238519316968,1.0,head
h_p4_cp184,-2251.07605127358,1.0,head
h_p4_cp185,-1832.9238519317498,1.0,head
h_p4_cp186,-2251.076051273565,1.0,head
h_p4_cp187,-1832.9238519317664,1.0,head
h_p4_cp188,-2251.07605127356,1.0,head
h_p4_cp189,-1832.9238519317712,1.0,head
h_p4_cp190,-2251.0760512735583,1.0,head
h_p4_cp191,-1832.9238519317728,1.0,head
h_p4_cp192,-2251.076051273558,1.0,head
h_p4_cp193,-1832.9238519317735,1.0,head
h_p4_cp194,-2251.076051273558,1.0,head
h_p4_cp195,-1832.9238519317737,1.0,head
h_p4_cp196,-2251.0760512735574,1.0,head
h_p4_cp197,-1832.9238519317735,1.0,head
h_p4_cp198,-2251.0760512735574,1.0,head
h_p4_cp199,-1832.9238519317732,1.0,head
h_p4_cp200,-2251.0760512735574,1.0,head
h_p4_cp201,-1832.9238519317732,1.0,head
h_p4_cp202,-2251.076051273558,1.0,head
h_p4_cp203,-1832.9238519317735,1.0,head
h_p4_cp204,-2251.076051273558,1.0,head
h_p4_cp205,-1832.9238519317735,1.0,head
h_p4_cp206,-2251.076051273558,1.0,head
h_p4_cp207,-1832.9238519317735,1.0,head
h_p4_cp208,-2251.076051273558,1.0,head
h_p4_cp209,-1832.9238519317737,1.0,head
h_p4_cp210,-2251.076051273558,1.0,head
h_p4_cp211,-1832.9238519317737,1.0,head
h_p4_cp212,-2251.076051273558,1.0,head
h_p4_cp213,-1832.9238519317737,1.0,head
h_p4_cp214,-2251.076051273558,1.0,head
h_p4_cp215,-1832.9238519317737,1.0,head
h_p4_cp216,-2251.0760512735574,1.0,head
h_p4_cp217,-1832.9238519317737,1.0,head
h_p4_cp218,-2251.0760512735574,1.0,head
h_p4_cp219,-1832.9238519317737,1.0,head
h_p4_cp220,-2251.0760512735574,1.0,head
h_p4_cp221,-1832.9238519317737,1.0,head
h_p4_cp222,-2251.0760512735574,1.0,head
h_p4_cp223,-1832.9238519317737,1.0,head
h_p4_cp224,-2251.076051273558,1.0,head
h_p4_cp225,-1832.9238519317737,1.0,head
h_p4_cp226,-2251.076051273558,1.0,head
h_p4_cp227,-1832.9238519317737,1.0,head
h_p4_cp228,-2251.076051273558,1.0,head
h_p4_cp229,-1832.9238519317737,1.0,head
h_p4_cp230,-2251.076051273558,1.0,head
h_p4_cp231,-1832.923851931774,1.0,head
h_p4_cp232,-2251.0760512735574,1.0,head
h_p4_cp233,-1832.9238519317737,1.0,head
h_p4_cp234,-2251.0760512735574,1.0,head
h_p4_cp235,-1832.9238519317732,1.0,head
h_p4_cp236,-2251.0760512735574,1.0,head
h_p4_cp237,-1832.9238519317732,1.0,head
h_p4_cp238,-2251.076051273557,1.0,head
h_p4_cp239,-1832.9238519317732,1.0,head
h_p4_cp240,-2251.0760512735574,1.0,head
h_p4_cp241,-1832.9238519317732,1.0,head
h_p4_cp242,-2251.0760512735574,1.0,head
h_p4_cp243,-1832.9238519317732,1.0,head
h_p4_cp244,-2251.076051273558,1.0,head
h_p4_cp245,-1832.9238519317726,1.0,head
h_p4_cp246,-2251.076051273558,1.0,head
h_p4_cp247,-1832.9238519317717,1.0,head
h_p4_cp248,-2251.076051273558,1.0,head
h_p4_cp249,-1832.9238519317703,1.0,head
h_p4_cp250,-2251.076051273558,1.0,head
h_p4_cp251,-1832.9238519317685,1.0,head
h_p4_cp252,-2251.076051273558,1.0,head
h_p4_cp253,-1832.923851931766,1.0,head
h_p4_cp254,-2251.076051273558,1.0,head
h_p4_cp255,-1832.923851931763,1.0,head
h_p4_cp256,-2251.076051273558,1.0,head
h_p4_cp257,-1832.9238519317596,1.0,head
h_p4_cp258,-2251.076051273558,1.0,head
h_p4_cp259,-1832.9238519317564,1.0,head
h_p4_cp260,-2251.0760512735574,1.0,head
h_p4_cp261,-1832.923851931753,1.0,head
h_p4_cp262,-2251.0760512735574,1.0,head
h_p4_cp263,-1832.9238519317512,1.0,head
h_p4_cp264,-2251.0760512735574,1.0,head
h_p4_cp265,-1832.9238519317503,1.0,head
h_p4_cp266,-2251.076051273557,1.0,head
h_p4_cp267,-1832.9238519317512,1.0,head
h_p4_cp268,-2251.076051273557,1.0,head
h_p4_cp269,-1832.9238519317532,1.0,head
h_p4_cp270,-2251.076051273557,1.0,head
h_p4_cp271,-1832.9238519317566,1.0,head
h_p4_cp272,-2251.076051273557,1.0,head
h_p4_cp273,-1832.9238519317598,1.0,head
h_p4_cp274,-2251.076051273557,1.0,head
h_p4_cp275,-1832.9238519317635,1.0,head
h_p4_cp276,-2251.076051273557,1.0,head
h_p4_cp277,-1832.923851931766,1.0,head
h_p4_cp278,-2251.076051273557,1.0,head
h_p4_cp279,-1832.923851931768,1.0,head
h_p4_cp280,-2251.076051273557,1.0,head
h_p4_cp281,-1832.9238519317694,1.0,head
h_p4_cp282,-2251.076051273557,1.0,head
h_p4_cp283,-1832.92385193177,1.0,head
h_p4_cp284,-2251.076051273557,1.0,head
h_p4_cp285,-1832.9238519317705,1.0,head
h_p4_cp286,-2251.0760512735574,1.0,head
h_p4_cp287,-1832.9238519317705,1.0,head
h_p4_cp288,-2251.0760512735574,1.0,head
h_p4_cp289,-1832.9238519317703,1.0,head
h_p4_cp290,-2251.0760512735574,1.0,head
h_p4_cp291,-1832.92385193177,1.0,head
h_p4_cp292,-2251.0760512735574,1.0,head
h_p4_cp293,-1832.9238519317698,1.0,head
h_p4_cp294,-2251.0760512735574,1.0,head
h_p4_cp295,-1832.9238519317698,1.0,head
h_p4_cp296,-2251.0760512735574,1.0,head
h_p4_cp297,-1832.92385193177,1.0,head
h_p4_cp298,-2251.076051273557,1.0,head
h_p4_cp299,-1832.923851931771,1.0,head
h_p4_cp300,-2251.076051273557,1.0,head
h_p4_cp301,-1832.9238519317712,1.0,head
h_p4_cp302,-2251.076051273557,1.0,head
h_p4_cp303,-1832.9238519317719,1.0,head
h_p4_cp304,-2251.076051273557,1.0,head
h_p4_cp305,-1832.9238519317726,1.0,head
h_p4_cp306,-2251.076051273557,1.0,head
h_p4_cp307,-1832.923851931773,1.0,head
h_p4_cp308,-2251.0760512735565,1.0,head
h_p4_cp309,-1832.9238519317732,1.0,head
h_p4_cp310,-2251.0760512735565,1.0,head
h_p4_cp311,-1832.9238519317735,1.0,head
h_p4_cp312,-2251.076051273556,1.0,head
h_p4_cp313,-1832.9238519317735,1.0,head
h_p4_cp314,-2251.076051273556,1.0,head
h_p4_cp315,-1832.9238519317732,1.0,head
h_p4_cp316,-2251.076051273556,1.0,head
h_p4_cp317,-1832.9238519317732,1.0,head
h_p4_cp318,-2251.076051273556,1.0,head
h_p4_cp319,-1832.9238519317732,1.0,head
h_p4_cp320,-2251.076051273556,1.0,head
h_p4_cp321,-1832.9238519317735,1.0,head
h_p4_cp322,-2251.076051273556,1.0,head
h_p4_cp323,-1832.9238519317737,1.0,head
h_p4_cp324,-2251.0760512735565,1.0,head
h_p4_cp325,-1832.9238519317737,1.0,head
h_p4_cp326,-2251.076051273556,1.0,head
h_p4_cp327,-1832.9238519317737,1.0,head
h_p4_cp328,-2251.0760512735565,1.0,head
h_p4_cp329,-1832.9238519317737,1.0,head
h_p4_cp330,-2251.076051273557,1.0,head
h_p4_cp331,-1832.9238519317732,1.0,head
h_p4_cp332,-2251.076051273557,1.0,head
h_p4_cp333,-1832.9238519317732,1.0,head
h_p4_cp334,-2251.076051273557,1.0,head
h_p4_cp335,-1832.9238519317735,1.0,head
h_p4_cp336,-2251.0760512735574,1.0,head
h_p4_cp337,-1832.9238519317735,1.0,head
h_p4_cp338,-2251.0760512735574,1.0,head
h_p4_cp339,-1832.9238519317732,1.0,head
h_p4_cp340,-2251.076051273558,1.0,head
h_p4_cp341,-1832.923851931773,1.0,head
h_p4_cp342,-2251.0760512735583,1.0,head
h_p4_cp343,-1832.9238519317726,1.0,head
h_p4_cp344,-2251.0760512735587,1.0,head
h_p4_cp345,-1832.923851931772,1.0,head
h_p4_cp346,-2251.0760512735606,1.0,head
h_p4_cp347,-1832.9238519317705,1.0,head
h_p4_cp348,-2251.0760512735646,1.0,head
h_p4_cp349,-1832.9238519317655,1.0,head
h_p4_cp350,-2251.0760512735797,1.0,head
h_p4_cp351,-1832.9238519317491,1.0,head
h_p4_cp352,-2251.0760512736283,1.0,head
h_p4_cp353,-1832.9238519316964,1.0,head
h_p4_cp354,-2251.076051273781,1.0,head
h_p4_cp355,-1832.9238519315286,1.0,head
h_p4_cp356,-2251.076051274259,1.0,head
h_p4_cp357,-1832.923851931001,1.0,head
h_p4_cp358,-2251.076051275736,1.0,head
h_p4_cp359,-1832.9238519293654,1.0,head
h_p4_cp360,-2251.0760512802353,1.0,head
h_p4_cp361,-1832.9238519243595,1.0,head
h_p4_cp362,-2251.0760512937295,1.0,head
h_p4_cp363,-1832.9238519092808,1.0,head
h_p4_cp364,-2251.0760513334913,1.0,head
h_p4_cp365,-1832.9238518646641,1.0,head
h_p4_cp366,-2251.0760514482986,1.0,head
h_p4_cp367,-1832.923851735319,1.0,head
h_p4_cp368,-2251.0760517721715,1.0,head
h_p4_cp369,-1832.9238513691773,1.0,head
h_p4_cp370,-2251.0760526614376,1.0,head
h_p4_cp371,-1832.923850361449,1.0,head
h_p5_cp0,-2251.01660848876,1.0,head
h_p5_cp1,-2251.016608468371,1.0,head
h_p5_cp2,-2245.947243391912,1.0,head
h_p5_cp3,-2245.9472433798796,1.0,head
h_p5_cp4,-2240.8214912367766,1.0,head
h_p5_cp5,-2240.821491230079,1.0,head
h_p5_cp6,-2235.672054998261,1.0,head
h_p5_cp7,-2235.6720549947217,1.0,head
h_p5_cp8,-2230.5130923443235,1.0,head
h_p5_cp9,-2230.513092342534,1.0,head
h_p5_cp10,-2225.350434646415,1.0,head
h_p5_cp11,-2225.350434645544,1.0,head
h_p5_cp12,-2220.1863873731922,1.0,head
h_p5_cp13,-2220.1863873727793,1.0,head
h_p5_cp14,-2215.0218312541792,1.0,head
h_p5_cp15,-2215.0218312539873,1.0,head
h_p5_cp16,-2209.8570930649903,1.0,head
h_p5_cp17,-2209.8570930649025,1.0,head
h_p5_cp18,-2204.6922910388294,1.0,head
h_p5_cp19,-2204.6922910387884,1.0,head
h_p5_cp20,-2199.5274670287326,1.0,head
h_p5_cp21,-2199.527467028714,1.0,head
h_p5_cp22,-2194.3626355679894,1.0,head
h_p5_cp23,-2194.362635567981,1.0,head
h_p5_cp24,-2189.197801618094,1.0,head
h_p5_cp25,-2189.197801618089,1.0,head
h_p5_cp26,-2184.032966847253,1.0,head
h_p5_cp27,-2184.0329668472505,1.0,head
h_p5_cp28,-2178.868131808837,1.0,head
h_p5_cp29,-2178.868131808835,1.0,head
h_p5_cp30,-2173.703296684103,1.0,head
h_p5_cp31,-2173.703296684101,1.0,head
h_p5_cp32,-2168.5384615318226,1.0,head
h_p5_cp33,-2168.5384615318208,1.0,head
h_p5_cp34,-2163.373626370801,1.0,head
h_p5_cp35,-2163.3736263707992,1.0,head
h_p5_cp36,-2158.2087912070597,1.0,head
h_p5_cp37,-2158.2087912070574,1.0,head
h_p5_cp38,-2153.043956042452,1.0,head
h_p5_cp39,-2153.0439560424493,1.0,head
h_p5_cp40,-2147.8791208776106,1.0,head
h_p5_cp41,-2147.8791208776056,1.0,head
h_p5_cp42,-2142.7142857126983,1.0,head
h_p5_cp43,-2142.71428571269,1.0,head
h_p5_cp44,-2137.549450547835,1.0,head
h_p5_cp45,-2137.5494505478227,1.0,head
h_p5_cp46,-2132.384615383056,1.0,head
h_p5_cp47,-2132.3846153830395,1.0,head
h_p5_cp48,-2127.219780218472,1.0,head
h_p5_cp49,-2127.2197802184514,1.0,head
h_p5_cp50,-2122.054945054112,1.0,head
h_p5_cp51,-2122.0549450540875,1.0,head
h_p5_cp52,-2116.8901098899837,1.0,head
h_p5_cp53,-2116.8901098899573,1.0,head
h_p5_cp54,-2111.7252747258544,1.0,head
h_p5_cp55,-2111.725274725828,1.0,head
h_p5_cp56,-2106.560439561489,1.0,head
h_p5_cp57,-2106.5604395614673,1.0,head
h_p5_cp58,-2101.3956043968983,1.0,head
h_p5_cp59,-2101.3956043968847,1.0,head
h_p5_cp60,-2096.230769232109,1.0,head
h_p5_cp61,-2096.2307692321074,1.0,head
h_p5_cp62,-2091.06593406723,1.0,head
h_p5_cp63,-2091.065934067241,1.0,head
h_p5_cp64,-2085.9010989022804,1.0,head
h_p5_cp65,-2085.9010989023022,1.0,head
h_p5_cp66,-2080.7362637373244,1.0,head
h_p5_cp67,-2080.736263737354,1.0,head
h_p5_cp68,-2075.5714285723425,1.0,head
h_p5_cp69,-2075.5714285723766,1.0,head
h_p5_cp70,-2070.4065934073756,1.0,head
h_p5_cp71,-2070.40659340741,1.0,head
h_p5_cp72,-2065.2417582423896,1.0,head
h_p5_cp73,-2065.2417582424223,1.0,head
h_p5_cp74,-2060.0769230774195,1.0,head
h_p5_cp75,-2060.0769230774495,1.0,head
h_p5_cp76,-2054.9120879124303,1.0,head
h_p5_cp77,-2054.912087912457,1.0,head
h_p5_cp78,-2049.747252747457,1.0,head
h_p5_cp79,-2049.747252747481,1.0,head
h_p5_cp80,-2044.582417582464,1.0,head
h_p5_cp81,-2044.582417582487,1.0,head
h_p5_cp82,-2039.4175824174865,1.0,head
h_p5_cp83,-2039.4175824175095,1.0,head
h_p5_cp84,-2034.2527472524912,1.0,head
h_p5_cp85,-2034.2527472525144,1.0,head
h_p5_cp86,-2029.0879120875136,1.0,head
h_p5_cp87,-2029.0879120875363,1.0,head
h_p5_cp88,-2023.9230769225192,1.0,head
h_p5_cp89,-2023.9230769225408,1.0,head
h_p5_cp90,-2018.7582417575431,1.0,head
h_p5_cp91,-2018.7582417575622,1.0,head
h_p5_cp92,-2013.5934065925512,1.0,head
h_p5_cp93,-2013.5934065925676,1.0,head
h_p5_cp94,-2008.428571427579,1.0,head
h_p5_cp95,-2008.4285714275923,1.0,head
h_p5_cp96,-2003.2637362625944,1.0,head
h_p5_cp97,-2003.263736262605,1.0,head
h_p5_cp98,-1998.098901097639,1.0,head
h_p5_cp99,-1998.0989010976475,1.0,head
h_p5_cp100,-1992.934065932694,1.0,head
h_p5_cp101,-1992.9340659327,1.0,head
h_p5_cp102,-1987.7692307678237,1.0,head
h_p5_cp103,-1987.7692307678276,1.0,head
h_p5_cp104,-1982.604395603045,1.0,head
h_p5_cp105,-1982.6043956030471,1.0,head
h_p5_cp106,-1977.439560438465,1.0,head
h_p5_cp107,-1977.4395604384665,1.0,head
h_p5_cp108,-1972.2747252741112,1.0,head
h_p5_cp109,-1972.2747252741121,1.0,head
h_p5_cp110,-1967.109890109991,1.0,head
h_p5_cp111,-1967.1098901099915,1.0,head
h_p5_cp112,-1961.945054945871,1.0,head
h_p5_cp113,-1961.9450549458716,1.0,head
h_p5_cp114,-1956.780219781517,1.0,head
h_p5_cp115,-1956.7802197815172,1.0,head
h_p5_cp116,-1951.615384616937,1.0,head
h_p5_cp117,-1951.6153846169373,1.0,head
h_p5_cp118,-1946.4505494521609,1.0,head
h_p5_cp119,-1946.4505494521609,1.0,head
h_p5_cp120,-1941.2857142872992,1.0,head
h_p5_cp121,-1941.285714287299,1.0,head
h_p5_cp122,-1936.1208791223876,1.0,head
h_p5_cp123,-1936.1208791223874,1.0,head
h_p5_cp124,-1930.9560439575464,1.0,head
h_p5_cp125,-1930.9560439575464,1.0,head
h_p5_cp126,-1925.7912087929399,1.0,head
h_p5_cp127,-1925.7912087929396,1.0,head
h_p5_cp128,-1920.626373629198,1.0,head
h_p5_cp129,-1920.6263736291978,1.0,head
h_p5_cp130,-1915.4615384681747,1.0,head
h_p5_cp131,-1915.461538468174,1.0,head
h_p5_cp132,-1910.2967033158868,1.0,head
h_p5_cp133,-1910.2967033158864,1.0,head
h_p5_cp134,-1905.1318681911266,1.0,head
h_p5_cp135,-1905.1318681911262,1.0,head
h_p5_cp136,-1899.9670331526274,1.0,head
h_p5_cp137,-1899.9670331526258,1.0,head
h_p5_cp138,-1894.8021983815188,1.0,head
h_p5_cp139,-1894.8021983815163,1.0,head
h_p5_cp140,-1889.6373644307755,1.0,head
h_p5_cp141,-1889.6373644307714,1.0,head
h_p5_cp142,-1884.4725329673697,1.0,head
h_p5_cp143,-1884.4725329673615,1.0,head
h_p5_cp144,-1879.307708948991,1.0,head
h_p5_cp145,-1879.3077089489764,1.0,head
h_p5_cp146,-1874.142906897368,1.0,head
h_p5_cp147,-1874.1429068973432,1.0,head
h_p5_cp148,-1868.978168630867,1.0,head
h_p5_cp149,-1868.9781686308281,1.0,head
h_p5_cp150,-1863.8136122802907,1.0,head
h_p5_cp151,-1863.8136122802327,1.0,head
h_p5_cp152,-1858.6495643238998,1.0,head
h_p5_cp153,-1858.64956432382,1.0,head
h_p5_cp154,-1853.486904644162,1.0,head
h_p5_cp155,-1853.486904644062,1.0,head
h_p5_cp156,-1848.327936348743,1.0,head
h_p5_cp157,-1848.3279363486292,1.0,head
h_p5_cp158,-1843.1784843906198,1.0,head
h_p5_cp159,-1843.1784843905032,1.0,head
h_p5_cp160,-1838.0526894859677,1.0,head
h_p5_cp161,-1838.0526894858613,1.0,head
h_p5_cp162,-1832.9832113286936,1.0,head
h_p5_cp163,-1832.983211328603,1.0,head
h_p5_cp164,-2251.016603916717,1.0,head
h_p5_cp165,-1832.983216739878,1.0,head
h_p5_cp166,-2251.0166021145483,1.0,head
h_p5_cp167,-1832.9832188685764,1.0,head
h_p5_cp168,-2251.016601426335,1.0,head
h_p5_cp169,-1832.9832196779148,1.0,head
h_p5_cp170,-2251.016601170644,1.0,head
h_p5_cp171,-1832.9832199768657,1.0,head
h_p5_cp172,-2251.016601077907,1.0,head
h_p5_cp173,-1832.9832200845851,1.0,head
h_p5_cp174,-2251.016601044979,1.0,head
h_p5_cp175,-1832.983220122571,1.0,head
h_p5_cp176,-2251.016601033505,1.0,head
h_p5_cp177,-1832.9832201357146,1.0,head
h_p5_cp178,-2251.0166010295743,1.0,head
h_p5_cp179,-1832.9832201401875,1.0,head
h_p5_cp180,-2251.016601028248,1.0,head
h_p5_cp181,-1832.9832201416866,1.0,head
h_p5_cp182,-2251.0166010278062,1.0,head
h_p5_cp183,-1832.983220142182,1.0,head
h_p5_cp184,-2251.016601027661,1.0,head
h_p5_cp185,-1832.983220142344,1.0,head
h_p5_cp186,-2251.0166010276134,1.0,head
h_p5_cp187,-1832.9832201423962,1.0,head
h_p5_cp188,-2251.0166010275984,1.0,head
h_p5_cp189,-1832.983220142413,1.0,head
h_p5_cp190,-2251.016601027594,1.0,head
h_p5_cp191,-1832.9832201424185,1.0,head
h_p5_cp192,-2251.0166010275925,1.0,head
h_p5_cp193,-1832.9832201424204,1.0,head
h_p5_cp194,-2251.0166010275916,1.0,head
h_p5_cp195,-1832.9832201424206,1.0,head
h_p5_cp196,-2251.0166010275916,1.0,head
h_p5_cp197,-1832.9832201424208,1.0,head
h_p5_cp198,-2251.0166010275916,1.0,head
h_p5_cp199,-1832.9832201424206,1.0,head
h_p5_cp200,-2251.0166010275916,1.0,head
h_p5_cp201,-1832.9832201424206,1.0,head
h_p5_cp202,-2251.0166010275916,1.0,head
h_p5_cp203,-1832.9832201424208,1.0,head
h_p5_cp204,-2251.0166010275916,1.0,head
h_p5_cp205,-1832.983220142421,1.0,head
h_p5_cp206,-2251.016601027591,1.0,head
h_p5_cp207,-1832.9832201424208,1.0,head
h_p5_cp208,-2251.016601027591,1.0,head
h_p5_cp209,-1832.983220142421,1.0,head
h_p5_cp210,-2251.016601027591,1.0,head
h_p5_cp211,-1832.983220142421,1.0,head
h_p5_cp212,-2251.016601027591,1.0,head
h_p5_cp213,-1832.9832201424208,1.0,head
h_p5_cp214,-2251.016601027591,1.0,head
h_p5_cp215,-1832.9832201424208,1.0,head
h_p5_cp216,-2251.0166010275916,1.0,head
h_p5_cp217,-1832.9832201424208,1.0,head
h_p5_cp218,-2251.0166010275916,1.0,head
h_p5_cp219,-1832.9832201424208,1.0,head
h_p5_cp220,-2251.0166010275916,1.0,head
h_p5_cp221,-1832.9832201424208,1.0,head
h_p5_cp222,-2251.0166010275916,1.0,head
h_p5_cp223,-1832.9832201424208,1.0,head
h_p5_cp224,-2251.0166010275916,1.0,head
h_p5_cp225,-1832.9832201424208,1.0,head
h_p5_cp226,-2251.016601027591,1.0,head
h_p5_cp227,-1832.9832201424208,1.0,head
h_p5_cp228,-2251.0166010275916,1.0,head
h_p5_cp229,-1832.9832201424208,1.0,head
h_p5_cp230,-2251.016601027591,1.0,head
h_p5_cp231,-1832.9832201424208,1.0,head
h_p5_cp232,-2251.016601027591,1.0,head
h_p5_cp233,-1832.983220142421,1.0,head
h_p5_cp234,-2251.016601027591,1.0,head
h_p5_cp235,-1832.9832201424206,1.0,head
h_p5_cp236,-2251.016601027591,1.0,head
h_p5_cp237,-1832.9832201424204,1.0,head
h_p5_cp238,-2251.0166010275907,1.0,head
h_p5_cp239,-1832.9832201424201,1.0,head
h_p5_cp240,-2251.016601027591,1.0,head
h_p5_cp241,-1832.9832201424194,1.0,head
h_p5_cp242,-2251.0166010275916,1.0,head
h_p5_cp243,-1832.9832201424188,1.0,head
h_p5_cp244,-2251.016601027592,1.0,head
h_p5_cp245,-1832.9832201424163,1.0,head
h_p5_cp246,-2251.0166010275916,1.0,head
h_p5_cp247,-1832.9832201424128,1.0,head
h_p5_cp248,-2251.0166010275916,1.0,head
h_p5_cp249,-1832.9832201424076,1.0,head
h_p5_cp250,-2251.016601027591,1.0,head
h_p5_cp251,-1832.9832201424003,1.0,head
h_p5_cp252,-2251.016601027591,1.0,head
h_p5_cp253,-1832.9832201423915,1.0,head
h_p5_cp254,-2251.016601027591,1.0,head
h_p5_cp255,-1832.9832201423803,1.0,head
h_p5_cp256,-2251.016601027591,1.0,head
h_p5_cp257,-1832.9832201423678,1.0,head
h_p5_cp258,-2251.016601027591,1.0,head
h_p5_cp259,-1832.983220142355,1.0,head
h_p5_cp260,-2251.016601027591,1.0,head
h_p5_cp261,-1832.9832201423435,1.0,head
h_p5_cp262,-2251.016601027591,1.0,head
h_p5_cp263,-1832.983220142336,1.0,head
h_p5_cp264,-2251.016601027591,1.0,head
h_p5_cp265,-1832.9832201423333,1.0,head
h_p5_cp266,-2251.016601027591,1.0,head
h_p5_cp267,-1832.9832201423362,1.0,head
h_p5_cp268,-2251.016601027591,1.0,head
h_p5_cp269,-1832.9832201423435,1.0,head
h_p5_cp270,-2251.016601027591,1.0,head
h_p5_cp271,-1832.9832201423549,1.0,head
h_p5_cp272,-2251.016601027591,1.0,head
h_p5_cp273,-1832.9832201423676,1.0,head
h_p5_cp274,-2251.016601027591,1.0,head
h_p5_cp275,-1832.9832201423799,1.0,head
h_p5_cp276,-2251.0166010275907,1.0,head
h_p5_cp277,-1832.9832201423908,1.0,head
h_p5_cp278,-2251.0166010275907,1.0,head
h_p5_cp279,-1832.983220142399,1.0,head
h_p5_cp280,-2251.016601027591,1.0,head
h_p5_cp281,-1832.9832201424047,1.0,head
h_p5_cp282,-2251.016601027591,1.0,head
h_p5_cp283,-1832.983220142408,1.0,head
h_p5_cp284,-2251.016601027591,1.0,head
h_p5_cp285,-1832.9832201424094,1.0,head
h_p5_cp286,-2251.016601027591,1.0,head
h_p5_cp287,-1832.9832201424092,1.0,head
h_p5_cp288,-2251.016601027591,1.0,head
h_p5_cp289,-1832.9832201424085,1.0,head
h_p5_cp290,-2251.016601027591,1.0,head
h_p5_cp291,-1832.9832201424076,1.0,head
h_p5_cp292,-2251.016601027591,1.0,head
h_p5_cp293,-1832.983220142407,1.0,head
h_p5_cp294,-2251.0166010275907,1.0,head
h_p5_cp295,-1832.9832201424067,1.0,head
h_p5_cp296,-2251.0166010275902,1.0,head
h_p5_cp297,-1832.9832201424074,1.0,head
h_p5_cp298,-2251.0166010275893,1.0,head
h_p5_cp299,-1832.9832201424092,1.0,head
h_p5_cp300,-2251.016601027589,1.0,head
h_p5_cp301,-1832.983220142411,1.0,head
h_p5_cp302,-2251.0166010275884,1.0,head
h_p5_cp303,-1832.983220142413,1.0,head
h_p5_cp304,-2251.0166010275875,1.0,head
h_p5_cp305,-1832.983220142415,1.0,head
h_p5_cp306,-2251.016601027587,1.0,head
h_p5_cp307,-1832.9832201424172,1.0,head
h_p5_cp308,-2251.016601027586,1.0,head
h_p5_cp309,-1832.9832201424185,1.0,head
h_p5_cp310,-2251.0166010275857,1.0,head
h_p5_cp311,-1832.9832201424192,1.0,head
h_p5_cp312,-2251.016601027585,1.0,head
h_p5_cp313,-1832.9832201424197,1.0,head
h_p5_cp314,-2251.0166010275843,1.0,head
h_p5_cp315,-1832.98322014242,1.0,head
h_p5_cp316,-2251.016601027584,1.0,head
h_p5_cp317,-1832.98322014242,1.0,head
h_p5_cp318,-2251.0166010275843,1.0,head
h_p5_cp319,-1832.98322014242,1.0,head
h_p5_cp320,-2251.016601027585,1.0,head
h_p5_cp321,-1832.9832201424206,1.0,head
h_p5_cp322,-2251.0166010275857,1.0,head
h_p5_cp323,-1832.9832201424208,1.0,head
h_p5_cp324,-2251.0166010275866,1.0,head
h_p5_cp325,-1832.983220142421,1.0,head
h_p5_cp326,-2251.016601027587,1.0,head
h_p5_cp327,-1832.9832201424208,1.0,head
h_p5_cp328,-2251.016601027588,1.0,head
h_p5_cp329,-1832.9832201424208,1.0,head
h_p5_cp330,-2251.0166010275884,1.0,head
h_p5_cp331,-1832.9832201424208,1.0,head
h_p5_cp332,-2251.016601027589,1.0,head
h_p5_cp333,-1832.9832201424208,1.0,head
h_p5_cp334,-2251.01660102759,1.0,head
h_p5_cp335,-1832.9832201424208,1.0,head
h_p5_cp336,-2251.0166010275907,1.0,head
h_p5_cp337,-1832.9832201424208,1.0,head
h_p5_cp338,-2251.0166010275916,1.0,head
h_p5_cp339,-1832.9832201424204,1.0,head
h_p5_cp340,-2251.016601027592,1.0,head
h_p5_cp341,-1832.9832201424204,1.0,head
h_p5_cp342,-2251.0166010275925,1.0,head
h_p5_cp343,-1832.98322014242,1.0,head
h_p5_cp344,-2251.0166010275943,1.0,head
h_p5_cp345,-1832.9832201424183,1.0,head
h_p5_cp346,-2251.0166010275984,1.0,head
h_p5_cp347,-1832.9832201424126,1.0,head
h_p5_cp348,-2251.016601027613,1.0,head
h_p5_cp349,-1832.9832201423958,1.0,head
h_p5_cp350,-2251.01660102766,1.0,head
h_p5_cp351,-1832.9832201423435,1.0,head
h_p5_cp352,-2251.0166010278035,1.0,head
h_p5_cp353,-1832.9832201421816,1.0,head
h_p5_cp354,-2251.0166010282414,1.0,head
h_p5_cp355,-1832.9832201416862,1.0,head
h_p5_cp356,-2251.0166010295566,1.0,head
h_p5_cp357,-1832.9832201401869,1.0,head
h_p5_cp358,-2251.0166010334588,1.0,head
h_p5_cp359,-1832.9832201357142,1.0,head
h_p5_cp360,-2251.0166010448556,1.0,head
h_p5_cp361,-1832.9832201225693,1.0,head
h_p5_cp362,-2251.0166010775934,1.0,head
h_p5_cp363,-1832.983220084581,1.0,head
h_p5_cp364,-2251.0166011698616,1.0,head
h_p5_cp365,-1832.9832199768578,1.0,head
h_p5_cp366,-2251.016601424448,1.0,head
h_p5_cp367,-1832.9832196778998,1.0,head
h_p5_cp368,-2251.016602110172,1.0,head
h_p5_cp369,-1832.9832188685489,1.0,head
h_p5_cp370,-2251.0166039070155,1.0,head
h_p5_cp371,-1832.9832167398274,1.0,head
h_p6_cp0,-2250.941459728556,1.0,head
h_p6_cp1,-2250.941459708604,1.0,head
h_p6_cp2,-2245.9116428668194,1.0,head
h_p6_cp3,-2245.911642855028,1.0,head
h_p6_cp4,-2240.8055333910224,1.0,head
h_p6_cp5,-2240.8055333838033,1.0,head
h_p6_cp6,-2235.66522565571,1.0,head
h_p6_cp7,-2235.6652256514635,1.0,head
h_p6_cp8,-2230.5102822792032,1.0,head
h_p6_cp9,-2230.5102822768517,1.0,head
h_p6_cp10,-2225.3493167483216,1.0,head
h_p6_cp11,-2225.349316747092,1.0,head
h_p6_cp12,-2220.1859554759753,1.0,head
h_p6_cp13,-2220.185955475361,1.0,head
h_p6_cp14,-2215.021668610712,1.0,head
h_p6_cp15,-2215.0216686104154,1.0,head
h_p6_cp16,-2209.857033185225,1.0,head
h_p6_cp17,-2209.857033185085,1.0,head
h_p6_cp18,-2204.6922694313885,1.0,head
h_p6_cp19,-2204.6922694313225,1.0,head
h_p6_cp20,-2199.527459370515,1.0,head
h_p6_cp21,-2199.527459370485,1.0,head
h_p6_cp22,-2194.3626328972314,1.0,head
h_p6_cp23,-2194.3626328972173,1.0,head
h_p6_cp24,-2189.197800700192,1.0,head
h_p6_cp25,-2189.1978007001853,1.0,head
h_p6_cp26,-2184.0329665359577,1.0,head
h_p6_cp27,-2184.032966535955,1.0,head
h_p6_cp28,-2178.8681317045434,1.0,head
h_p6_cp29,-2178.868131704541,1.0,head
h_p6_cp30,-2173.7032966495676,1.0,head
h_p6_cp31,-2173.703296649565,1.0,head
h_p6_cp32,-2168.5384615205166,1.0,head
h_p6_cp33,-2168.538461520513,1.0,head
h_p6_cp34,-2163.3736263671613,1.0,head
h_p6_cp35,-2163.373626367157,1.0,head
h_p6_cp36,-2158.208791205919,1.0,head
h_p6_cp37,-2158.208791205912,1.0,head
h_p6_cp38,-2153.043956042134,1.0,head
h_p6_cp39,-2153.0439560421228,1.0,head
h_p6_cp40,-2147.8791208775574,1.0,head
h_p6_cp41,-2147.879120877539,1.0,head
h_p6_cp42,-2142.7142857127487,1.0,head
h_p6_cp43,-2142.714285712721,1.0,head
h_p6_cp44,-2137.5494505479255,1.0,head
h_p6_cp45,-2137.5494505478855,1.0,head
h_p6_cp46,-2132.384615383178,1.0,head
h_p6_cp47,-2132.3846153831246,1.0,head
h_p6_cp48,-2127.219780218588,1.0,head
h_p6_cp49,-2127.21978021852,1.0,head
h_p6_cp50,-2122.054945054182,1.0,head
h_p6_cp51,-2122.0549450541025,1.0,head
h_p6_cp52,-2116.890109889932,1.0,head
h_p6_cp53,-2116.890109889846,1.0,head
h_p6_cp54,-2111.725274725676,1.0,head
h_p6_cp55,-2111.7252747255934,1.0,head
h_p6_cp56,-2106.5604395612554,1.0,head
h_p6_cp57,-2106.5604395611876,1.0,head
h_p6_cp58,-2101.395604396643,1.0,head
h_p6_cp59,-2101.395604396602,1.0,head
h_p6_cp60,-2096.230769231865,1.0,head
h_p6_cp61,-2096.230769231858,1.0,head
h_p6_cp62,-2091.065934066991,1.0,head
h_p6_cp63,-2091.065934067022,1.0,head
h_p6_cp64,-2085.9010989020603,1.0,head
h_p6_cp65,-2085.901098902126,1.0,head
h_p6_cp66,-2080.736263737115,1.0,head
h_p6_cp67,-2080.736263737206,1.0,head
h_p6_cp68,-2075.5714285721597,1.0,head
h_p6_cp69,-2075.5714285722656,1.0,head
h_p6_cp70,-2070.4065934072105,1.0,head
h_p6_cp71,-2070.40659340732,1.0,head
h_p6_cp72,-2065.2417582422554,1.0,head
h_p6_cp73,-2065.241758242361,1.0,head
h_p6_cp74,-2060.076923077303,1.0,head
h_p6_cp75,-2060.076923077401,1.0,head
h_p6_cp76,-2054.91208791234,1.0,head
h_p6_cp77,-2054.9120879124293,1.0,head
h_p6_cp78,-2049.7472527473774,1.0,head
h_p6_cp79,-2049.7472527474597,1.0,head
h_p6_cp80,-2044.5824175824023,1.0,head
h_p6_cp81,-2044.5824175824812,1.0,head
h_p6_cp82,-2039.4175824174288,1.0,head
h_p6_cp83,-2039.417582417506,1.0,head
h_p6_cp84,-2034.2527472524478,1.0,head
h_p6_cp85,-2034.2527472525244,1.0,head
h_p6_cp86,-2029.0879120874724,1.0,head
h_p6_cp87,-2029.087912087547,1.0,head
h_p6_cp88,-2023.9230769224937,1.0,head
h_p6_cp89,-2023.923076922564,1.0,head
h_p6_cp90,-2018.7582417575227,1.0,head
h_p6_cp91,-2018.7582417575863,1.0,head
h_p6_cp92,-2013.5934065925492,1.0,head
h_p6_cp93,-2013.5934065926047,1.0,head
h_p6_cp94,-2008.4285714275857,1.0,head
h_p6_cp95,-2008.4285714276311,1.0,head
h_p6_cp96,-2003.2637362626235,1.0,head
h_p6_cp97,-2003.2637362626597,1.0,head
h_p6_cp98,-1998.098901097682,1.0,head
h_p6_cp99,-1998.0989010977091,1.0,head
h_p6_cp100,-1992.934065932767,1.0,head
h_p6_cp101,-1992.934065932786,1.0,head
h_p6_cp102,-1987.7692307679188,1.0,head
h_p6_cp103,-1987.7692307679322,1.0,head
h_p6_cp104,-1982.604395603173,1.0,head
h_p6_cp105,-1982.6043956031817,1.0,head
h_p6_cp106,-1977.4395604385966,1.0,head
h_p6_cp107,-1977.4395604386016,1.0,head
h_p6_cp108,-1972.2747252742106,1.0,head
h_p6_cp109,-1972.2747252742142,1.0,head
h_p6_cp110,-1967.1098901099856,1.0,head
h_p6_cp111,-1967.1098901099879,1.0,head
h_p6_cp112,-1961.9450549457608,1.0,head
h_p6_cp113,-1961.945054945762,1.0,head
h_p6_cp114,-1956.7802197813742,1.0,head
h_p6_cp115,-1956.7802197813753,1.0,head
h_p6_cp116,-1951.6153846167979,1.0,head
h_p6_cp117,-1951.6153846167986,1.0,head
h_p6_cp118,-1946.45054945206,1.0,head
h_p6_cp119,-1946.45054945206,1.0,head
h_p6_cp120,-1941.2857142872426,1.0,head
h_p6_cp121,-1941.2857142872424,1.0,head
h_p6_cp122,-1936.1208791224378,1.0,head
h_p6_cp123,-1936.1208791224374,1.0,head
h_p6_cp124,-1930.9560439578631,1.0,head
h_p6_cp125,-1930.9560439578627,1.0,head
h_p6_cp126,-1925.7912087940792,1.0,head
h_p6_cp127,-1925.7912087940788,1.0,head
h_p6_cp128,-1920.6263736328349,1.0,head
h_p6_cp129,-1920.6263736328344,1.0,head
h_p6_cp130,-1915.4615384794727,1.0,head
h_p6_cp131,-1915.4615384794718,1.0,head
h_p6_cp132,-1910.2967033503967,1.0,head
h_p6_cp133,-1910.296703350396,1.0,head
h_p6_cp134,-1905.1318682953422,1.0,head
h_p6_cp135,-1905.1318682953415,1.0,head
h_p6_cp136,-1899.9670334636842,1.0,head
h_p6_cp137,-1899.9670334636826,1.0,head
h_p6_cp138,-1894.802199298697,1.0,head
h_p6_cp139,-1894.802199298694,1.0,head
h_p6_cp140,-1889.6373670993573,1.0,head
h_p6_cp141,-1889.6373670993519,1.0,head
h_p6_cp142,-1884.4725406191183,1.0,head
h_p6_cp143,-1884.4725406191078,1.0,head
h_p6_cp144,-1879.307730537462,1.0,head
h_p6_cp145,-1879.307730537444,1.0,head
h_p6_cp146,-1874.142966722306,1.0,head
h_p6_cp147,-1874.1429667222765,1.0,head
h_p6_cp148,-1868.9783311184058,1.0,head
h_p6_cp149,-1868.9783311183598,1.0,head
h_p6_cp150,-1863.8140437419172,1.0,head
h_p6_cp151,-1863.8140437418508,1.0,head
h_p6_cp152,-1858.6506810292708,1.0,head
h_p6_cp153,-1858.6506810291821,1.0,head
h_p6_cp154,-1853.4897115160963,1.0,head
h_p6_cp155,-1853.489711515987,1.0,head
h_p6_cp156,-1848.3347573576712,1.0,head
h_p6_cp157,-1848.334757357548,1.0,head
h_p6_cp158,-1843.1944211111238,1.0,head
h_p6_cp159,-1843.1944211109972,1.0,head
h_p6_cp160,-1838.0882382237935,1.0,head
h_p6_cp161,-1838.0882382236753,1.0,head
h_p6_cp162,-1833.0582379763875,1.0,head
h_p6_cp163,-1833.0582379762827,1.0,head
h_p6_cp164,-2250.9414518313665,1.0,head
h_p6_cp165,-1833.058247785823,1.0,head
h_p6_cp166,-2250.9414485827374,1.0,head
h_p6_cp167,-1833.0582518102397,1.0,head
h_p6_cp168,-2250.9414472875574,1.0,head
h_p6_cp169,-1833.0582534056573,1.0,head
h_p6_cp170,-2250.9414467852876,1.0,head
h_p6_cp171,-1833.058254019818,1.0,head
h_p6_cp172,-2250.9414465952477,1.0,head
h_p6_cp173,-1833.058254250283,1.0,head
h_p6_cp174,-2250.9414465249106,1.0,head
h_p6_cp175,-1833.058254334848,1.0,head
h_p6_cp176,-2250.9414464993883,1.0,head
h_p6_cp177,-1833.0582543652677,1.0,head
h_p6_cp178,-2250.941446490292,1.0,head
h_p6_cp179,-1833.0582543760177,1.0,head
h_p6_cp180,-2250.9414464871024,1.0,head
h_p6_cp181,-1833.0582543797561,1.0,head
h_p6_cp182,-2250.9414464859997,1.0,head
h_p6_cp183,-1833.0582543810378,1.0,head
h_p6_cp184,-2250.9414464856236,1.0,head
h_p6_cp185,-1833.0582543814714,1.0,head
h_p6_cp186,-2250.941446485497,1.0,head
h_p6_cp187,-1833.0582543816163,1.0,head
h_p6_cp188,-2250.941446485455,1.0,head
h_p6_cp189,-1833.0582543816643,1.0,head
h_p6_cp190,-2250.9414464854412,1.0,head
h_p6_cp191,-1833.05825438168,1.0,head
h_p6_cp192,-2250.9414464854367,1.0,head
h_p6_cp193,-1833.0582543816852,1.0,head
h_p6_cp194,-2250.9414464854353,1.0,head
h_p6_cp195,-1833.0582543816865,1.0,head
h_p6_cp196,-2250.9414464854353,1.0,head
h_p6_cp197,-1833.058254381687,1.0,head
h_p6_cp198,-2250.9414464854353,1.0,head
h_p6_cp199,-1833.058254381687,1.0,head
h_p6_cp200,-2250.9414464854353,1.0,head
h_p6_cp201,-1833.058254381687,1.0,head
h_p6_cp202,-2250.9414464854353,1.0,head
h_p6_cp203,-1833.058254381687,1.0,head
h_p6_cp204,-2250.941446485435,1.0,head
h_p6_cp205,-1833.0582543816872,1.0,head
h_p6_cp206,-2250.941446485435,1.0,head
h_p6_cp207,-1833.0582543816872,1.0,head
h_p6_cp208,-2250.9414464854344,1.0,head
h_p6_cp209,-1833.0582543816877,1.0,head
h_p6_cp210,-2250.9414464854344,1.0,head
h_p6_cp211,-1833.0582543816877,1.0,head
h_p6_cp212,-2250.9414464854344,1.0,head
h_p6_cp213,-1833.0582543816872,1.0,head
h_p6_cp214,-2250.9414464854344,1.0,head
h_p6_cp215,-1833.058254381687,1.0,head
h_p6_cp216,-2250.9414464854344,1.0,head
h_p6_cp217,-1833.058254381687,1.0,head
h_p6_cp218,-2250.941446485435,1.0,head
h_p6_cp219,-1833.0582543816868,1.0,head
h_p6_cp220,-2250.941446485435,1.0,head
h_p6_cp221,-1833.058254381687,1.0,head
h_p6_cp222,-2250.941446485435,1.0,head
h_p6_cp223,-1833.058254381687,1.0,head
h_p6_cp224,-2250.941446485435,1.0,head
h_p6_cp225,-1833.0582543816868,1.0,head
h_p6_cp226,-2250.9414464854344,1.0,head
h_p6_cp227,-1833.058254381687,1.0,head
h_p6_cp228,-2250.9414464854344,1.0,head
h_p6_cp229,-1833.0582543816872,1.0,head
h_p6_cp230,-2250.9414464854344,1.0,head
h_p6_cp231,-1833.0582543816872,1.0,head
h_p6_cp232,-2250.9414464854344,1.0,head
h_p6_cp233,-1833.058254381687,1.0,head
h_p6_cp234,-2250.9414464854344,1.0,head
h_p6_cp235,-1833.0582543816865,1.0,head
h_p6_cp236,-2250.9414464854344,1.0,head
h_p6_cp237,-1833.0582543816859,1.0,head
h_p6_cp238,-2250.9414464854344,1.0,head
h_p6_cp239,-1833.0582543816843,1.0,head
h_p6_cp240,-2250.9414464854344,1.0,head
h_p6_cp241,-1833.0582543816815,1.0,head
h_p6_cp242,-2250.941446485435,1.0,head
h_p6_cp243,-1833.0582543816774,1.0,head
h_p6_cp244,-2250.9414464854353,1.0,head
h_p6_cp245,-1833.05825438167,1.0,head
h_p6_cp246,-2250.9414464854353,1.0,head
h_p6_cp247,-1833.0582543816583,1.0,head
h_p6_cp248,-2250.941446485435,1.0,head
h_p6_cp249,-1833.0582543816415,1.0,head
h_p6_cp250,-2250.941446485435,1.0,head
h_p6_cp251,-1833.0582543816183,1.0,head
h_p6_cp252,-2250.9414464854344,1.0,head
h_p6_cp253,-1833.058254381588,1.0,head
h_p6_cp254,-2250.9414464854344,1.0,head
h_p6_cp255,-1833.0582543815515,1.0,head
h_p6_cp256,-2250.9414464854344,1.0,head
h_p6_cp257,-1833.058254381511,1.0,head
h_p6_cp258,-2250.9414464854344,1.0,head
h_p6_cp259,-1833.0582543814708,1.0,head
h_p6_cp260,-2250.9414464854344,1.0,head
h_p6_cp261,-1833.0582543814357,1.0,head
h_p6_cp262,-2250.9414464854344,1.0,head
h_p6_cp263,-1833.0582543814123,1.0,head
h_p6_cp264,-2250.9414464854344,1.0,head
h_p6_cp265,-1833.0582543814037,1.0,head
h_p6_cp266,-2250.941446485435,1.0,head
h_p6_cp267,-1833.0582543814126,1.0,head
h_p6_cp268,-2250.941446485435,1.0,head
h_p6_cp269,-1833.0582543814357,1.0,head
h_p6_cp270,-2250.9414464854353,1.0,head
h_p6_cp271,-1833.0582543814705,1.0,head
h_p6_cp272,-2250.9414464854353,1.0,head
h_p6_cp273,-1833.0582543815103,1.0,head
h_p6_cp274,-2250.9414464854353,1.0,head
h_p6_cp275,-1833.05825438155,1.0,head
h_p6_cp276,-2250.941446485435,1.0,head
h_p6_cp277,-1833.0582543815842,1.0,head
h_p6_cp278,-2250.941446485435,1.0,head
h_p6_cp279,-1833.0582543816115,1.0,head
h_p6_cp280,-2250.9414464854344,1.0,head
h_p6_cp281,-1833.0582543816306,1.0,head
h_p6_cp282,-2250.9414464854344,1.0,head
h_p6_cp283,-1833.0582543816424,1.0,head
h_p6_cp284,-2250.9414464854344,1.0,head
h_p6_cp285,-1833.0582543816479,1.0,head
h_p6_cp286,-2250.9414464854344,1.0,head
h_p6_cp287,-1833.0582543816486,1.0,head
h_p6_cp288,-2250.9414464854344,1.0,head
h_p6_cp289,-1833.0582543816465,1.0,head
h_p6_cp290,-2250.9414464854344,1.0,head
h_p6_cp291,-1833.0582543816442,1.0,head
h_p6_cp292,-2250.941446485434,1.0,head
h_p6_cp293,-1833.0582543816417,1.0,head
h_p6_cp294,-2250.941446485433,1.0,head
h_p6_cp295,-1833.058254381641,1.0,head
h_p6_cp296,-2250.9414464854317,1.0,head
h_p6_cp297,-1833.058254381643,1.0,head
h_p6_cp298,-2250.9414464854294,1.0,head
h_p6_cp299,-1833.0582543816477,1.0,head
h_p6_cp300,-2250.9414464854276,1.0,head
h_p6_cp301,-1833.0582543816533,1.0,head
h_p6_cp302,-2250.941446485426,1.0,head
h_p6_cp303,-1833.0582543816597,1.0,head
h_p6_cp304,-2250.941446485423,1.0,head
h_p6_cp305,-1833.0582543816663,1.0,head
h_p6_cp306,-2250.94144648542,1.0,head
h_p6_cp307,-1833.0582543816727,1.0,head
h_p6_cp308,-2250.9414464854162,1.0,head
h_p6_cp309,-1833.0582543816772,1.0,head
h_p6_cp310,-2250.9414464854135,1.0,head
h_p6_cp311,-1833.0582543816804,1.0,head
h_p6_cp312,-2250.941446485411,1.0,head
h_p6_cp313,-1833.0582543816831,1.0,head
h_p6_cp314,-2250.941446485409,1.0,head
h_p6_cp315,-1833.0582543816843,1.0,head
h_p6_cp316,-2250.941446485408,1.0,head
h_p6_cp317,-1833.0582543816854,1.0,head
h_p6_cp318,-2250.941446485409,1.0,head
h_p6_cp319,-1833.0582543816859,1.0,head
h_p6_cp320,-2250.941446485411,1.0,head
h_p6_cp321,-1833.0582543816865,1.0,head
h_p6_cp322,-2250.941446485414,1.0,head
h_p6_cp323,-1833.0582543816868,1.0,head
h_p6_cp324,-2250.941446485417,1.0,head
h_p6_cp325,-1833.058254381687,1.0,head
h_p6_cp326,-2250.9414464854212,1.0,head
h_p6_cp327,-1833.0582543816872,1.0,head
h_p6_cp328,-2250.941446485424,1.0,head
h_p6_cp329,-1833.0582543816874,1.0,head
h_p6_cp330,-2250.9414464854267,1.0,head
h_p6_cp331,-1833.0582543816872,1.0,head
h_p6_cp332,-2250.9414464854285,1.0,head
h_p6_cp333,-1833.058254381687,1.0,head
h_p6_cp334,-2250.941446485431,1.0,head
h_p6_cp335,-1833.0582543816872,1.0,head
h_p6_cp336,-2250.941446485433,1.0,head
h_p6_cp337,-1833.0582543816872,1.0,head
h_p6_cp338,-2250.941446485434,1.0,head
h_p6_cp339,-1833.0582543816868,1.0,head
h_p6_cp340,-2250.9414464854353,1.0,head
h_p6_cp341,-1833.0582543816863,1.0,head
h_p6_cp342,-2250.9414464854367,1.0,head
h_p6_cp343,-1833.058254381685,1.0,head
h_p6_cp344,-2250.941446485441,1.0,head
h_p6_cp345,-1833.0582543816797,1.0,head
h_p6_cp346,-2250.941446485455,1.0,head
h_p6_cp347,-1833.058254381664,1.0,head
h_p6_cp348,-2250.9414464854963,1.0,head
h_p6_cp349,-1833.0582543816158,1.0,head
h_p6_cp350,-2250.9414464856213,1.0,head
h_p6_cp351,-1833.0582543814708,1.0,head
h_p6_cp352,-2250.941446485994,1.0,head
h_p6_cp353,-1833.0582543810372,1.0,head
h_p6_cp354,-2250.941446487089,1.0,head
h_p6_cp355,-1833.0582543797557,1.0,head
h_p6_cp356,-2250.9414464902584,1.0,head
h_p6_cp357,-1833.058254376017,1.0,head
h_p6_cp358,-2250.941446499303,1.0,head
h_p6_cp359,-1833.0582543652665,1.0,head
h_p6_cp360,-2250.9414465246955,1.0,head
h_p6_cp361,-1833.0582543348455,1.0,head
h_p6_cp362,-2250.9414465947266,1.0,head
h_p6_cp363,-1833.0582542502775,1.0,head
h_p6_cp364,-2250.9414467840693,1.0,head
h_p6_cp365,-1833.0582540198077,1.0,head
h_p6_cp366,-2250.9414472848343,1.0,head
h_p6_cp367,-1833.058253405638,1.0,head
h_p6_cp368,-2250.9414485769885,1.0,head
h_p6_cp369,-1833.058251810205,1.0,head
h_p6_cp370,-2250.9414518200974,1.0,head
h_p6_cp371,-1833.0582477857622,1.0,head
h_p7_cp0,-2250.8510828811322,1.0,head
h_p7_cp1,-2250.8510828553954,1.0,head
h_p7_cp2,-2245.866206017182,1.0,head
h_p7_cp3,-2245.866206002174,1.0,head
h_p7_cp4,-2240.7839554826637,1.0,head
h_p7_cp5,-2240.7839554736684,1.0,head
h_p7_cp6,-2235.6554618824493,1.0,head
h_p7_cp7,-2235.6554618771024,1.0,head
h_p7_cp8,-2230.50604363351,1.0,head
h_p7_cp9,-2230.5060436304516,1.0,head
h_p7_cp10,-2225.347541529345,1.0,head
h_p7_cp11,-2225.347541527678,1.0,head
h_p7_cp12,-2220.1852349293817,1.0,head
h_p7_cp13,-2220.185234928514,1.0,head
h_p7_cp14,-2215.0213841103205,1.0,head
h_p7_cp15,-2215.0213841098857,1.0,head
h_p7_cp16,-2209.856923570398,1.0,head
h_p7_cp17,-2209.8569235701866,1.0,head
h_p7_cp18,-2204.6922281112575,1.0,head
h_p7_cp19,-2204.692228111156,1.0,head
h_p7_cp20,-2199.5274440973803,1.0,head
h_p7_cp21,-2199.5274440973335,1.0,head
h_p7_cp22,-2194.3626273510163,1.0,head
h_p7_cp23,-2194.3626273509935,1.0,head
h_p7_cp24,-2189.197798718297,1.0,head
h_p7_cp25,-2189.197798718286,1.0,head
h_p7_cp26,-2184.032965838058,1.0,head
h_p7_cp27,-2184.0329658380524,1.0,head
h_p7_cp28,-2178.8681314620726,1.0,head
h_p7_cp29,-2178.868131462068,1.0,head
h_p7_cp30,-2173.7032965663766,1.0,head
h_p7_cp31,-2173.703296566371,1.0,head
h_p7_cp32,-2168.5384614923155,1.0,head
h_p7_cp33,-2168.5384614923073,1.0,head
h_p7_cp34,-2163.373626357728,1.0,head
h_p7_cp35,-2163.3736263577152,1.0,head
h_p7_cp36,-2158.2087912028214,1.0,head
h_p7_cp37,-2158.208791202799,1.0,head
h_p7_cp38,-2153.043956041162,1.0,head
h_p7_cp39,-2153.0439560411264,1.0,head
h_p7_cp40,-2147.8791208772923,1.0,head
h_p7_cp41,-2147.8791208772377,1.0,head
h_p7_cp42,-2142.714285712726,1.0,head
h_p7_cp43,-2142.714285712644,1.0,head
h_p7_cp44,-2137.5494505479846,1.0,head
h_p7_cp45,-2137.549450547868,1.0,head
h_p7_cp46,-2132.3846153832606,1.0,head
h_p7_cp47,-2132.3846153831055,1.0,head
h_p7_cp48,-2127.219780218645,1.0,head
h_p7_cp49,-2127.219780218451,1.0,head
h_p7_cp50,-2122.0549450541644,1.0,head
h_p7_cp51,-2122.054945053938,1.0,head
h_p7_cp52,-2116.890109889781,1.0,head
h_p7_cp53,-2116.890109889539,1.0,head
h_p7_cp54,-2111.7252747253824,1.0,head
h_p7_cp55,-2111.725274725152,1.0,head
h_p7_cp56,-2106.5604395608616,1.0,head
h_p7_cp57,-2106.560439560674,1.0,head
h_p7_cp58,-2101.3956043961844,1.0,head
h_p7_cp59,-2101.3956043960707,1.0,head
h_p7_cp60,-2096.2307692313743,1.0,head
h_p7_cp61,-2096.230769231357,1.0,head
h_p7_cp62,-2091.0659340664847,1.0,head
h_p7_cp63,-2091.065934066571,1.0,head
h_p7_cp64,-2085.9010989015605,1.0,head
h_p7_cp65,-2085.901098901742,1.0,head
h_p7_cp66,-2080.736263736636,1.0,head
h_p7_cp67,-2080.736263736889,1.0,head
h_p7_cp68,-2075.5714285717213,1.0,head
h_p7_cp69,-2075.5714285720173,1.0,head
h_p7_cp70,-2070.4065934068203,1.0,head
h_p7_cp71,-2070.40659340713,1.0,head
h_p7_cp72,-2065.241758241922,1.0,head
h_p7_cp73,-2065.2417582422245,1.0,head
h_p7_cp74,-2060.07692307702,1.0,head
h_p7_cp75,-2060.0769230773035,1.0,head
h_p7_cp76,-2054.9120879121037,1.0,head
h_p7_cp77,-2054.9120879123666,1.0,head
h_p7_cp78,-2049.7472527471728,1.0,head
h_p7_cp79,-2049.747252747419,1.0,head
h_p7_cp80,-2044.5824175822247,1.0,head
h_p7_cp81,-2044.5824175824614,1.0,head
h_p7_cp82,-2039.4175824172667,1.0,head
h_p7_cp83,-2039.4175824174988,1.0,head
h_p7_cp84,-2034.2527472523016,1.0,head
h_p7_cp85,-2034.2527472525308,1.0,head
h_p7_cp86,-2029.0879120873383,1.0,head
h_p7_cp87,-2029.087912087561,1.0,head
h_p7_cp88,-2023.9230769223782,1.0,head
h_p7_cp89,-2023.9230769225887,1.0,head
h_p7_cp90,-2018.7582417574263,1.0,head
h_p7_cp91,-2018.7582417576177,1.0,head
h_p7_cp92,-2013.5934065924796,1.0,head
h_p7_cp93,-2013.5934065926465,1.0,head
h_p7_cp94,-2008.428571427542,1.0,head
h_p7_cp95,-2008.4285714276807,1.0,head
h_p7_cp96,-2003.2637362626128,1.0,head
h_p7_cp97,-2003.2637362627222,1.0,head
h_p7_cp98,-1998.0989010977016,1.0,head
h_p7_cp99,-1998.0989010977842,1.0,head
h_p7_cp100,-1992.9340659328225,1.0,head
h_p7_cp101,-1992.934065932882,1.0,head
h_p7_cp102,-1987.7692307680056,1.0,head
h_p7_cp103,-1987.769230768047,1.0,head
h_p7_cp104,-1982.6043956032872,1.0,head
h_p7_cp105,-1982.6043956033147,1.0,head
h_p7_cp106,-1977.4395604387107,1.0,head
h_p7_cp107,-1977.4395604387282,1.0,head
h_p7_cp108,-1972.2747252742877,1.0,head
h_p7_cp109,-1972.2747252742986,1.0,head
h_p7_cp110,-1967.109890109977,1.0,head
h_p7_cp111,-1967.1098901099833,1.0,head
h_p7_cp112,-1961.9450549456658,1.0,head
h_p7_cp113,-1961.9450549456694,1.0,head
h_p7_cp114,-1956.7802197812407,1.0,head
h_p7_cp115,-1956.7802197812432,1.0,head
h_p7_cp116,-1951.6153846166662,1.0,head
h_p7_cp117,-1951.6153846166676,1.0,head
h_p7_cp118,-1946.4505494519701,1.0,head
h_p7_cp119,-1946.4505494519708,1.0,head
h_p7_cp120,-1941.2857142872467,1.0,head
h_p7_cp121,-1941.2857142872467,1.0,head
h_p7_cp122,-1936.1208791226918,1.0,head
h_p7_cp123,-1936.1208791226916,1.0,head
h_p7_cp124,-1930.956043958829,1.0,head
h_p7_cp125,-1930.9560439588283,1.0,head
h_p7_cp126,-1925.791208797171,1.0,head
h_p7_cp127,-1925.7912087971706,1.0,head
h_p7_cp128,-1920.6263736422595,1.0,head
h_p7_cp129,-1920.6263736422586,1.0,head
h_p7_cp130,-1915.4615385076506,1.0,head
h_p7_cp131,-1915.46153850765,1.0,head
h_p7_cp132,-1910.296703433521,1.0,head
h_p7_cp133,-1910.2967034335204,1.0,head
h_p7_cp134,-1905.1318685376157,1.0,head
h_p7_cp135,-1905.1318685376145,1.0,head
h_p7_cp136,-1899.9670341609972,1.0,head
h_p7_cp137,-1899.9670341609947,1.0,head
h_p7_cp138,-1894.80220127887,1.0,head
h_p7_cp139,-1894.8022012788654,1.0,head
h_p7_cp140,-1889.6373726405777,1.0,head
h_p7_cp141,-1889.63737264057,1.0,head
h_p7_cp142,-1884.472555877962,1.0,head
h_p7_cp143,-1884.4725558779485,1.0,head
h_p7_cp144,-1879.3077718173015,1.0,head
h_p7_cp145,-1879.3077718172788,1.0,head
h_p7_cp146,-1874.143076225343,1.0,head
h_p7_cp147,-1874.1430762253067,1.0,head
h_p7_cp148,-1868.9786153140658,1.0,head
h_p7_cp149,-1868.9786153140103,1.0,head
h_p7_cp150,-1863.8147634739307,1.0,head
h_p7_cp151,-1863.8147634738527,1.0,head
h_p7_cp152,-1858.6524541177118,1.0,head
h_p7_cp153,-1858.6524541176098,1.0,head
h_p7_cp154,-1853.4939447236827,1.0,head
h_p7_cp155,-1853.4939447235595,1.0,head
h_p7_cp156,-1848.344507626789,1.0,head
h_p7_cp157,-1848.344507626651,1.0,head
h_p7_cp158,-1843.2159665146787,1.0,head
h_p7_cp159,-1843.2159665145368,1.0,head
h_p7_cp160,-1838.1335995683978,1.0,head
h_p7_cp161,-1838.133599568264,1.0,head
h_p7_cp162,-1833.1484464572773,1.0,head
h_p7_cp163,-1833.1484464571563,1.0,head
h_p7_cp164,-2250.8510703435245,1.0,head
h_p7_cp165,-1833.1484628270018,1.0,head
h_p7_cp166,-2250.8510649784394,1.0,head
h_p7_cp167,-1833.1484698065012,1.0,head
h_p7_cp168,-2250.851062752278,1.0,head
h_p7_cp169,-1833.1484726821925,1.0,head
h_p7_cp170,-2250.851061853816,1.0,head
h_p7_cp171,-1833.1484738324075,1.0,head
h_p7_cp172,-2250.851061500163,1.0,head
h_p7_cp173,-1833.1484742806529,1.0,head
h_p7_cp174,-2250.8510613640747,1.0,head
h_p7_cp175,-1833.1484744513546,1.0,head
h_p7_cp176,-2250.851061312774,1.0,head
h_p7_cp177,-1833.1484745150353,1.0,head
h_p7_cp178,-2250.851061293795,1.0,head
h_p7_cp179,-1833.1484745383552,1.0,head
h_p7_cp180,-2250.8510612868927,1.0,head
h_p7_cp181,-1833.1484745467521,1.0,head
h_p7_cp182,-2250.851061284421,1.0,head
h_p7_cp183,-1833.1484745497303,1.0,head
h_p7_cp184,-2250.851061283549,1.0,head
h_p7_cp185,-1833.1484745507717,1.0,head
h_p7_cp186,-2250.851061283245,1.0,head
h_p7_cp187,-1833.1484745511311,1.0,head
h_p7_cp188,-2250.8510612831406,1.0,head
h_p7_cp189,-1833.1484745512537,1.0,head
h_p7_cp190,-2250.8510612831055,1.0,head
h_p7_cp191,-1833.1484745512953,1.0,head
h_p7_cp192,-2250.851061283094,1.0,head
h_p7_cp193,-1833.148474551309,1.0,head
h_p7_cp194,-2250.85106128309,1.0,head
h_p7_cp195,-1833.1484745513135,1.0,head
h_p7_cp196,-2250.8510612830883,1.0,head
h_p7_cp197,-1833.148474551315,1.0,head
h_p7_cp198,-2250.8510612830883,1.0,head
h_p7_cp199,-1833.1484745513153,1.0,head
h_p7_cp200,-2250.8510612830883,1.0,head
h_p7_cp201,-1833.1484745513153,1.0,head
h_p7_cp202,-2250.8510612830883,1.0,head
h_p7_cp203,-1833.1484745513155,1.0,head
h_p7_cp204,-2250.851061283088,1.0,head
h_p7_cp205,-1833.148474551316,1.0,head
h_p7_cp206,-2250.851061283088,1.0,head
h_p7_cp207,-1833.148474551316,1.0,head
h_p7_cp208,-2250.8510612830873,1.0,head
h_p7_cp209,-1833.1484745513158,1.0,head
h_p7_cp210,-2250.8510612830873,1.0,head
h_p7_cp211,-1833.1484745513155,1.0,head
h_p7_cp212,-2250.851061283087,1.0,head
h_p7_cp213,-1833.1484745513155,1.0,head
h_p7_cp214,-2250.851061283087,1.0,head
h_p7_cp215,-1833.148474551315,1.0,head
h_p7_cp216,-2250.851061283087,1.0,head
h_p7_cp217,-1833.1484745513148,1.0,head
h_p7_cp218,-2250.8510612830873,1.0,head
h_p7_cp219,-1833.1484745513146,1.0,head
h_p7_cp220,-2250.8510612830873,1.0,head
h_p7_cp221,-1833.1484745513146,1.0,head
h_p7_cp222,-2250.8510612830873,1.0,head
h_p7_cp223,-1833.1484745513148,1.0,head
h_p7_cp224,-2250.8510612830873,1.0,head
h_p7_cp225,-1833.1484745513146,1.0,head
h_p7_cp226,-2250.8510612830873,1.0,head
h_p7_cp227,-1833.1484745513148,1.0,head
h_p7_cp228,-2250.8510612830873,1.0,head
h_p7_cp229,-1833.1484745513148,1.0,head
h_p7_cp230,-2250.851061283087,1.0,head
h_p7_cp231,-1833.1484745513146,1.0,head
h_p7_cp232,-2250.851061283087,1.0,head
h_p7_cp233,-1833.1484745513142,1.0,head
h_p7_cp234,-2250.851061283087,1.0,head
h_p7_cp235,-1833.1484745513128,1.0,head
h_p7_cp236,-2250.851061283087,1.0,head
h_p7_cp237,-1833.1484745513098,1.0,head
h_p7_cp238,-2250.851061283087,1.0,head
h_p7_cp239,-1833.148474551305,1.0,head
h_p7_cp240,-2250.8510612830873,1.0,head
h_p7_cp241,-1833.1484745512964,1.0,head
h_p7_cp242,-2250.851061283088,1.0,head
h_p7_cp243,-1833.1484745512826,1.0,head
h_p7_cp244,-2250.8510612830883,1.0,head
h_p7_cp245,-1833.14847455126,1.0,head
h_p7_cp246,-2250.8510612830883,1.0,head
h_p7_cp247,-1833.148474551225,1.0,head
h_p7_cp248,-2250.851061283088,1.0,head
h_p7_cp249,-1833.148474551175,1.0,head
h_p7_cp250,-2250.851061283088,1.0,head
h_p7_cp251,-1833.1484745511066,1.0,head
h_p7_cp252,-2250.8510612830873,1.0,head
h_p7_cp253,-1833.1484745510186,1.0,head
h_p7_cp254,-2250.8510612830873,1.0,head
h_p7_cp255,-1833.148474550914,1.0,head
h_p7_cp256,-2250.8510612830873,1.0,head
h_p7_cp257,-1833.1484745507994,1.0,head
h_p7_cp258,-2250.8510612830873,1.0,head
h_p7_cp259,-1833.1484745506862,1.0,head
h_p7_cp260,-2250.851061283087,1.0,head
h_p7_cp261,-1833.1484745505893,1.0,head
h_p7_cp262,-2250.8510612830873,1.0,head
h_p7_cp263,-1833.148474550524,1.0,head
h_p7_cp264,-2250.8510612830873,1.0,head
h_p7_cp265,-1833.148474550501,1.0,head
h_p7_cp266,-2250.851061283088,1.0,head
h_p7_cp267,-1833.1484745505243,1.0,head
h_p7_cp268,-2250.851061283088,1.0,head
h_p7_cp269,-1833.1484745505893,1.0,head
h_p7_cp270,-2250.851061283088,1.0,head
h_p7_cp271,-1833.1484745506853,1.0,head
h_p7_cp272,-2250.851061283088,1.0,head
h_p7_cp273,-1833.1484745507967,1.0,head
h_p7_cp274,-2250.851061283088,1.0,head
h_p7_cp275,-1833.1484745509076,1.0,head
h_p7_cp276,-2250.851061283088,1.0,head
h_p7_cp277,-1833.1484745510065,1.0,head
h_p7_cp278,-2250.851061283088,1.0,head
h_p7_cp279,-1833.1484745510859,1.0,head
h_p7_cp280,-2250.851061283088,1.0,head
h_p7_cp281,-1833.1484745511425,1.0,head
h_p7_cp282,-2250.8510612830873,1.0,head
h_p7_cp283,-1833.148474551178,1.0,head
h_p7_cp284,-2250.8510612830873,1.0,head
h_p7_cp285,-1833.1484745511957,1.0,head
h_p7_cp286,-2250.8510612830873,1.0,head
h_p7_cp287,-1833.1484745511996,1.0,head
h_p7_cp288,-2250.851061283087,1.0,head
h_p7_cp289,-1833.1484745511957,1.0,head
h_p7_cp290,-2250.851061283086,1.0,head
h_p7_cp291,-1833.1484745511889,1.0,head
h_p7_cp292,-2250.8510612830846,1.0,head
h_p7_cp293,-1833.148474551183,1.0,head
h_p7_cp294,-2250.8510612830823,1.0,head
h_p7_cp295,-1833.1484745511816,1.0,head
h_p7_cp296,-2250.8510612830787,1.0,head
h_p7_cp297,-1833.1484745511873,1.0,head
h_p7_cp298,-2250.851061283074,1.0,head
h_p7_cp299,-1833.148474551199,1.0,head
h_p7_cp300,-2250.8510612830682,1.0,head
h_p7_cp301,-1833.148474551215,1.0,head
h_p7_cp302,-2250.8510612830605,1.0,head
h_p7_cp303,-1833.1484745512332,1.0,head
h_p7_cp304,-2250.851061283051,1.0,head
h_p7_cp305,-1833.1484745512519,1.0,head
h_p7_cp306,-2250.85106128304,1.0,head
h_p7_cp307,-1833.1484745512687,1.0,head
h_p7_cp308,-2250.8510612830296,1.0,head
h_p7_cp309,-1833.1484745512828,1.0,head
h_p7_cp310,-2250.851061283019,1.0,head
h_p7_cp311,-1833.148474551294,1.0,head
h_p7_cp312,-2250.8510612830105,1.0,head
h_p7_cp313,-1833.1484745513014,1.0,head
h_p7_cp314,-2250.851061283005,1.0,head
h_p7_cp315,-1833.1484745513067,1.0,head
h_p7_cp316,-2250.8510612830037,1.0,head
h_p7_cp317,-1833.1484745513098,1.0,head
h_p7_cp318,-2250.8510612830064,1.0,head
h_p7_cp319,-1833.1484745513121,1.0,head
h_p7_cp320,-2250.851061283013,1.0,head
h_p7_cp321,-1833.1484745513137,1.0,head
h_p7_cp322,-2250.851061283023,1.0,head
h_p7_cp323,-1833.1484745513146,1.0,head
h_p7_cp324,-2250.8510612830337,1.0,head
h_p7_cp325,-1833.148474551315,1.0,head
h_p7_cp326,-2250.851061283045,1.0,head
h_p7_cp327,-1833.1484745513153,1.0,head
h_p7_cp328,-2250.8510612830555,1.0,head
h_p7_cp329,-1833.1484745513158,1.0,head
h_p7_cp330,-2250.851061283064,1.0,head
h_p7_cp331,-1833.1484745513158,1.0,head
h_p7_cp332,-2250.8510612830714,1.0,head
h_p7_cp333,-1833.1484745513153,1.0,head
h_p7_cp334,-2250.851061283077,1.0,head
h_p7_cp335,-1833.148474551315,1.0,head
h_p7_cp336,-2250.8510612830814,1.0,head
h_p7_cp337,-1833.1484745513153,1.0,head
h_p7_cp338,-2250.8510612830846,1.0,head
h_p7_cp339,-1833.1484745513146,1.0,head
h_p7_cp340,-2250.851061283088,1.0,head
h_p7_cp341,-1833.1484745513135,1.0,head
h_p7_cp342,-2250.8510612830923,1.0,head
h_p7_cp343,-1833.148474551309,1.0,head
h_p7_cp344,-2250.851061283104,1.0,head
h_p7_cp345,-1833.1484745512953,1.0,head
h_p7_cp346,-2250.85106128314,1.0,head
h_p7_cp347,-1833.1484745512537,1.0,head
h_p7_cp348,-2250.851061283244,1.0,head
h_p7_cp349,-1833.1484745511307,1.0,head
h_p7_cp350,-2250.8510612835453,1.0,head
h_p7_cp351,-1833.148474550771,1.0,head
h_p7_cp352,-2250.851061284412,1.0,head
h_p7_cp353,-1833.1484745497294,1.0,head
h_p7_cp354,-2250.851061286869,1.0,head
h_p7_cp355,-1833.1484745467515,1.0,head
h_p7_cp356,-2250.8510612937353,1.0,head
h_p7_cp357,-1833.148474538354,1.0,head
h_p7_cp358,-2250.8510613126286,1.0,head
h_p7_cp359,-1833.1484745150337,1.0,head
h_p7_cp360,-2250.851061363726,1.0,head
h_p7_cp361,-1833.1484744513514,1.0,head
h_p7_cp362,-2250.8510614993547,1.0,head
h_p7_cp363,-1833.148474280646,1.0,head
h_p7_cp364,-2250.8510618520154,1.0,head
h_p7_cp365,-1833.1484738323943,1.0,head
h_p7_cp366,-2250.85106274844,1.0,head
h_p7_cp367,-1833.1484726821686,1.0,head
h_p7_cp368,-2250.851064970691,1.0,head
h_p7_cp369,-1833.1484698064596,1.0,head
h_p7_cp370,-2250.851070328857,1.0,head
h_p7_cp371,-1833.1484628269297,1.0,head
h_p8_cp0,-2250.746358061618,1.0,head
h_p8_cp1,-2250.746358030079,1.0,head
h_p8_cp2,-2245.8107318581533,1.0,head
h_p8_cp3,-2245.8107318392263,1.0,head
h_p8_cp4,-2240.7562193485437,1.0,head
h_p8_cp5,-2240.7562193372064,1.0,head
h_p8_cp6,-2235.6422651257944,1.0,head
h_p8_cp7,-2235.6422651190455,1.0,head
h_p8_cp8,-2230.5000285249885,1.0,head
h_p8_cp9,-2230.5000285210713,1.0,head
h_p8_cp10,-2225.344900683444,1.0,head
h_p8_cp11,-2225.3449006812543,1.0,head
h_p8_cp12,-2220.1841131052747,1.0,head
h_p8_cp13,-2220.184113104099,1.0,head
h_p8_cp14,-2215.020921278618,1.0,head
h_p8_cp15,-2215.0209212780105,1.0,head
h_p8_cp16,-2209.8567375272164,1.0,head
h_p8_cp17,-2209.856737526912,1.0,head
h_p8_cp18,-2204.692155053879,1.0,head
h_p8_cp19,-2204.69215505373,1.0,head
h_p8_cp20,-2199.5274160060585,1.0,head
h_p8_cp21,-2199.527416005987,1.0,head
h_p8_cp22,-2194.362616753665,1.0,head
h_p8_cp23,-2194.36261675363,1.0,head
h_p8_cp24,-2189.19779478928,1.0,head
h_p8_cp25,-2189.197794789262,1.0,head
h_p8_cp26,-2184.0329644042918,1.0,head
h_p8_cp27,-2184.0329644042804,1.0,head
h_p8_cp28,-2178.868130946438,1.0,head
h_p8_cp29,-2178.868130946428,1.0,head
h_p8_cp30,-2173.703296383423,1.0,head
h_p8_cp31,-2173.7032963834095,1.0,head
h_p8_cp32,-2168.5384614282216,1.0,head
h_p8_cp33,-2168.5384614281993,1.0,head
h_p8_cp34,-2163.3736263355568,1.0,head
h_p8_cp35,-2163.37362633552,1.0,head
h_p8_cp36,-2158.208791195262,1.0,head
h_p8_cp37,-2158.2087911952003,1.0,head
h_p8_cp38,-2153.043956038642,1.0,head
h_p8_cp39,-2153.043956038543,1.0,head
h_p8_cp40,-2147.879120876491,1.0,head
h_p8_cp41,-2147.87912087634,1.0,head
h_p8_cp42,-2142.714285712503,1.0,head
h_p8_cp43,-2142.7142857122813,1.0,head
h_p8_cp44,-2137.5494505479405,1.0,head
h_p8_cp45,-2137.5494505476313,1.0,head
h_p8_cp46,-2132.3846153832437,1.0,head
h_p8_cp47,-2132.3846153828367,1.0,head
h_p8_cp48,-2127.2197802185706,1.0,head
h_p8_cp49,-2127.2197802180667,1.0,head
h_p8_cp50,-2122.054945053963,1.0,head
h_p8_cp51,-2122.0549450533836,1.0,head
h_p8_cp52,-2116.8901098893925,1.0,head
h_p8_cp53,-2116.890109888781,1.0,head
h_p8_cp54,-2111.725274724787,1.0,head
h_p8_cp55,-2111.725274724209,1.0,head
h_p8_cp56,-2106.5604395600803,1.0,head
h_p8_cp57,-2106.5604395596138,1.0,head
h_p8_cp58,-2101.3956043952526,1.0,head
h_p8_cp59,-2101.3956043949734,1.0,head
h_p8_cp60,-2096.2307692303334,1.0,head
h_p8_cp61,-2096.2307692302966,1.0,head
h_p8_cp62,-2091.0659340653788,1.0,head
h_p8_cp63,-2091.0659340656016,1.0,head
h_p8_cp64,-2085.901098900439,1.0,head
h_p8_cp65,-2085.9010989009003,1.0,head
h_p8_cp66,-2080.736263735546,1.0,head
h_p8_cp67,-2080.736263736191,1.0,head
h_p8_cp68,-2075.5714285707077,1.0,head
h_p8_cp69,-2075.571428571465,1.0,head
h_p8_cp70,-2070.406593405911,1.0,head
h_p8_cp71,-2070.4065934067107,1.0,head
h_p8_cp72,-2065.241758241131,1.0,head
h_p8_cp73,-2065.2417582419207,1.0,head
h_p8_cp74,-2060.0769230763412,1.0,head
h_p8_cp75,-2060.0769230770916,1.0,head
h_p8_cp76,-2054.912087911522,1.0,head
h_p8_cp77,-2054.912087912226,1.0,head
h_p8_cp78,-2049.7472527466634,1.0,head
h_p8_cp79,-2049.74725274733,1.0,head
h_p8_cp80,-2044.582417581767,1.0,head
h_p8_cp81,-2044.5824175824114,1.0,head
h_p8_cp82,-2039.4175824168426,1.0,head
h_p8_cp83,-2039.4175824174756,1.0,head
h_p8_cp84,-2034.2527472519046,1.0,head
h_p8_cp85,-2034.2527472525283,1.0,head
h_p8_cp86,-2029.0879120869674,1.0,head
h_p8_cp87,-2029.0879120875734,1.0,head
h_p8_cp88,-2023.9230769220414,1.0,head
h_p8_cp89,-2023.9230769226144,1.0,head
h_p8_cp90,-2018.7582417571316,1.0,head
h_p8_cp91,-2018.7582417576539,1.0,head
h_p8_cp92,-2013.5934065922377,1.0,head
h_p8_cp93,-2013.593406592694,1.0,head
h_p8_cp94,-2008.4285714273578,1.0,head
h_p8_cp95,-2008.428571427739,1.0,head
h_p8_cp96,-2003.263736262491,1.0,head
h_p8_cp97,-2003.263736262794,1.0,head
h_p8_cp98,-1998.09890109764,1.0,head
h_p8_cp99,-1998.0989010978712,1.0,head
h_p8_cp100,-1992.9340659328184,1.0,head
h_p8_cp101,-1992.934065932987,1.0,head
h_p8_cp102,-1987.7692307680502,1.0,head
h_p8_cp103,-1987.769230768168,1.0,head
h_p8_cp104,-1982.6043956033664,1.0,head
h_p8_cp105,-1982.6043956034455,1.0,head
h_p8_cp106,-1977.4395604387948,1.0,head
h_p8_cp107,-1977.439560438846,1.0,head
h_p8_cp108,-1972.274725274339,1.0,head
h_p8_cp109,-1972.2747252743711,1.0,head
h_p8_cp110,-1967.1098901099597,1.0,head
h_p8_cp111,-1967.1098901099792,1.0,head
h_p8_cp112,-1961.945054945578,1.0,head
h_p8_cp113,-1961.9450549455896,1.0,head
h_p8_cp114,-1956.780219781118,1.0,head
h_p8_cp115,-1956.7802197811247,1.0,head
h_p8_cp116,-1951.6153846165532,1.0,head
h_p8_cp117,-1951.615384616557,1.0,head
h_p8_cp118,-1946.4505494519324,1.0,head
h_p8_cp119,-1946.450549451934,1.0,head
h_p8_cp120,-1941.2857142874198,1.0,head
h_p8_cp121,-1941.2857142874204,1.0,head
h_p8_cp122,-1936.1208791234633,1.0,head
h_p8_cp123,-1936.1208791234633,1.0,head
h_p8_cp124,-1930.9560439613306,1.0,head
h_p8_cp125,-1930.95604396133,1.0,head
h_p8_cp126,-1925.7912088047158,1.0,head
h_p8_cp127,-1925.7912088047149,1.0,head
h_p8_cp128,-1920.6263736644073,1.0,head
h_p8_cp129,-1920.6263736644064,1.0,head
h_p8_cp130,-1915.461538571688,1.0,head
h_p8_cp131,-1915.4615385716872,1.0,head
h_p8_cp132,-1910.2967036163157,1.0,head
h_p8_cp133,-1910.2967036163145,1.0,head
h_p8_cp134,-1905.131869052791,1.0,head
h_p8_cp135,-1905.1318690527887,1.0,head
h_p8_cp136,-1899.9670355934459,1.0,head
h_p8_cp137,-1899.9670355934418,1.0,head
h_p8_cp138,-1894.802205204146,1.0,head
h_p8_cp139,-1894.80220520414,1.0,head
h_p8_cp140,-1889.6373832274535,1.0,head
h_p8_cp141,-1889.6373832274433,1.0,head
h_p8_cp142,-1884.4725839403718,1.0,head
h_p8_cp143,-1884.4725839403543,1.0,head
h_p8_cp144,-1879.3078447961316,1.0,head
h_p8_cp145,-1879.3078447961032,1.0,head
h_p8_cp146,-1874.1432620587848,1.0,head
h_p8_cp147,-1874.1432620587404,1.0,head
h_p8_cp148,-1868.9790775962526,1.0,head
h_p8_cp149,-1868.9790775961876,1.0,head
h_p8_cp150,-1863.8158838881725,1.0,head
h_p8_cp151,-1863.8158838880827,1.0,head
h_p8_cp152,-1858.6550914295133,1.0,head
h_p8_cp153,-1858.6550914293978,1.0,head
h_p8_cp154,-1853.4999511999788,1.0,head
h_p8_cp155,-1853.49995119984,1.0,head
h_p8_cp156,-1848.3576839024868,1.0,head
h_p8_cp157,-1848.357683902333,1.0,head
h_p8_cp158,-1843.2436556200753,1.0,head
h_p8_cp159,-1843.2436556199175,1.0,head
h_p8_cp160,-1838.1889696679796,1.0,head
h_p8_cp161,-1838.1889696678286,1.0,head
h_p8_cp162,-1833.2529505281443,1.0,head
h_p8_cp163,-1833.2529505280058,1.0,head
h_p8_cp164,-2250.746339438089,1.0,head
h_p8_cp165,-1833.2529761076466,1.0,head
h_p8_cp166,-2250.7463311727975,1.0,head
h_p8_cp167,-1833.2529874066468,1.0,head
h_p8_cp168,-2250.7463276136536,1.0,head
h_p8_cp169,-1833.252992230882,1.0,head
h_p8_cp170,-2250.74632612276,1.0,head
h_p8_cp171,-1833.2529942302874,1.0,head
h_p8_cp172,-2250.746325513804,1.0,head
h_p8_cp173,-1833.2529950374085,1.0,head
h_p8_cp174,-2250.746325270757,1.0,head
h_p8_cp175,-1833.25299535565,1.0,head
h_p8_cp176,-2250.746325175786,1.0,head
h_p8_cp177,-1833.252995478499,1.0,head
h_p8_cp178,-2250.7463251393906,1.0,head
h_p8_cp179,-1833.2529955250197,1.0,head
h_p8_cp180,-2250.746325125691,1.0,head
h_p8_cp181,-1833.2529955423302,1.0,head
h_p8_cp182,-2250.746325120618,1.0,head
h_p8_cp183,-1833.252995548669,1.0,head
h_p8_cp184,-2250.7463251187687,1.0,head
h_p8_cp185,-1833.2529955509567,1.0,head
h_p8_cp186,-2250.746325118104,1.0,head
h_p8_cp187,-1833.2529955517712,1.0,head
h_p8_cp188,-2250.7463251178674,1.0,head
h_p8_cp189,-1833.2529955520574,1.0,head
h_p8_cp190,-2250.746325117785,1.0,head
h_p8_cp191,-1833.252995552157,1.0,head
h_p8_cp192,-2250.7463251177564,1.0,head
h_p8_cp193,-1833.2529955521911,1.0,head
h_p8_cp194,-2250.746325117747,1.0,head
h_p8_cp195,-1833.252995552203,1.0,head
h_p8_cp196,-2250.7463251177433,1.0,head
h_p8_cp197,-1833.2529955522068,1.0,head
h_p8_cp198,-2250.7463251177423,1.0,head
h_p8_cp199,-1833.2529955522075,1.0,head
h_p8_cp200,-2250.746325117742,1.0,head
h_p8_cp201,-1833.252995552208,1.0,head
h_p8_cp202,-2250.746325117742,1.0,head
h_p8_cp203,-1833.2529955522084,1.0,head
h_p8_cp204,-2250.7463251177414,1.0,head
h_p8_cp205,-1833.2529955522086,1.0,head
h_p8_cp206,-2250.7463251177414,1.0,head
h_p8_cp207,-1833.2529955522086,1.0,head
h_p8_cp208,-2250.746325117741,1.0,head
h_p8_cp209,-1833.2529955522084,1.0,head
h_p8_cp210,-2250.746325117741,1.0,head
h_p8_cp211,-1833.2529955522082,1.0,head
h_p8_cp212,-2250.74632511774,1.0,head
h_p8_cp213,-1833.2529955522077,1.0,head
h_p8_cp214,-2250.7463251177396,1.0,head
h_p8_cp215,-1833.2529955522073,1.0,head
h_p8_cp216,-2250.74632511774,1.0,head
h_p8_cp217,-1833.2529955522073,1.0,head
h_p8_cp218,-2250.74632511774,1.0,head
h_p8_cp219,-1833.2529955522073,1.0,head
h_p8_cp220,-2250.74632511774,1.0,head
h_p8_cp221,-1833.2529955522073,1.0,head
h_p8_cp222,-2250.74632511774,1.0,head
h_p8_cp223,-1833.2529955522073,1.0,head
h_p8_cp224,-2250.74632511774,1.0,head
h_p8_cp225,-1833.252995552207,1.0,head
h_p8_cp226,-2250.74632511774,1.0,head
h_p8_cp227,-1833.2529955522068,1.0,head
h_p8_cp228,-2250.74632511774,1.0,head
h_p8_cp229,-1833.2529955522064,1.0,head
h_p8_cp230,-2250.74632511774,1.0,head
h_p8_cp231,-1833.2529955522054,1.0,head
h_p8_cp232,-2250.7463251177405,1.0,head
h_p8_cp233,-1833.252995552203,1.0,head
h_p8_cp234,-2250.746325117741,1.0,head
h_p8_cp235,-1833.2529955521984,1.0,head
h_p8_cp236,-2250.746325117741,1.0,head
h_p8_cp237,-1833.2529955521907,1.0,head
h_p8_cp238,-2250.746325117741,1.0,head
h_p8_cp239,-1833.2529955521766,1.0,head
h_p8_cp240,-2250.7463251177414,1.0,head
h_p8_cp241,-1833.252995552152,1.0,head
h_p8_cp242,-2250.746325117742,1.0,head
h_p8_cp243,-1833.2529955521122,1.0,head
h_p8_cp244,-2250.7463251177423,1.0,head
h_p8_cp245,-1833.2529955520495,1.0,head
h_p8_cp246,-2250.7463251177423,1.0,head
h_p8_cp247,-1833.2529955519544,1.0,head
h_p8_cp248,-2250.746325117742,1.0,head
h_p8_cp249,-1833.2529955518191,1.0,head
h_p8_cp250,-2250.746325117742,1.0,head
h_p8_cp251,-1833.252995551637,1.0,head
h_p8_cp252,-2250.7463251177414,1.0,head
h_p8_cp253,-1833.2529955514065,1.0,head
h_p8_cp254,-2250.7463251177405,1.0,head
h_p8_cp255,-1833.2529955511345,1.0,head
h_p8_cp256,-2250.74632511774,1.0,head
h_p8_cp257,-1833.2529955508398,1.0,head
h_p8_cp258,-2250.74632511774,1.0,head
h_p8_cp259,-1833.2529955505518,1.0,head
h_p8_cp260,-2250.74632511774,1.0,head
h_p8_cp261,-1833.2529955503073,1.0,head
h_p8_cp262,-2250.746325117741,1.0,head
h_p8_cp263,-1833.252995550143,1.0,head
h_p8_cp264,-2250.746325117741,1.0,head
h_p8_cp265,-1833.2529955500852,1.0,head
h_p8_cp266,-2250.7463251177414,1.0,head
h_p8_cp267,-1833.252995550144,1.0,head
h_p8_cp268,-2250.746325117742,1.0,head
h_p8_cp269,-1833.252995550308,1.0,head
h_p8_cp270,-2250.746325117742,1.0,head
h_p8_cp271,-1833.2529955505506,1.0,head
h_p8_cp272,-2250.7463251177423,1.0,head
h_p8_cp273,-1833.252995550833,1.0,head
h_p8_cp274,-2250.7463251177423,1.0,head
h_p8_cp275,-1833.252995551118,1.0,head
h_p8_cp276,-2250.7463251177423,1.0,head
h_p8_cp277,-1833.2529955513737,1.0,head
h_p8_cp278,-2250.746325117742,1.0,head
h_p8_cp279,-1833.2529955515818,1.0,head
h_p8_cp280,-2250.7463251177414,1.0,head
h_p8_cp281,-1833.252995551733,1.0,head
h_p8_cp282,-2250.746325117741,1.0,head
h_p8_cp283,-1833.2529955518294,1.0,head
h_p8_cp284,-2250.7463251177405,1.0,head
h_p8_cp285,-1833.2529955518796,1.0,head
h_p8_cp286,-2250.746325117739,1.0,head
h_p8_cp287,-1833.252995551894,1.0,head
h_p8_cp288,-2250.7463251177373,1.0,head
h_p8_cp289,-1833.2529955518867,1.0,head
h_p8_cp290,-2250.7463251177355,1.0,head
h_p8_cp291,-1833.2529955518712,1.0,head
h_p8_cp292,-2250.746325117731,1.0,head
h_p8_cp293,-1833.2529955518587,1.0,head
h_p8_cp294,-2250.7463251177246,1.0,head
h_p8_cp295,-1833.2529955518569,1.0,head
h_p8_cp296,-2250.746325117715,1.0,head
h_p8_cp297,-1833.2529955518708,1.0,head
h_p8_cp298,-2250.7463251177023,1.0,head
h_p8_cp299,-1833.2529955519,1.0,head
h_p8_cp300,-2250.746325117684,1.0,head
h_p8_cp301,-1833.2529955519408,1.0,head
h_p8_cp302,-2250.746325117662,1.0,head
h_p8_cp303,-1833.2529955519885,1.0,head
h_p8_cp304,-2250.7463251176346,1.0,head
h_p8_cp305,-1833.2529955520363,1.0,head
h_p8_cp306,-2250.7463251176046,1.0,head
h_p8_cp307,-1833.2529955520804,1.0,head
h_p8_cp308,-2250.7463251175736,1.0,head
h_p8_cp309,-1833.2529955521175,1.0,head
h_p8_cp310,-2250.746325117544,1.0,head
h_p8_cp311,-1833.2529955521466,1.0,head
h_p8_cp312,-2250.74632511752,1.0,head
h_p8_cp313,-1833.2529955521682,1.0,head
h_p8_cp314,-2250.746325117505,1.0,head
h_p8_cp315,-1833.2529955521832,1.0,head
h_p8_cp316,-2250.7463251175013,1.0,head
h_p8_cp317,-1833.2529955521932,1.0,head
h_p8_cp318,-2250.7463251175095,1.0,head
h_p8_cp319,-1833.2529955521993,1.0,head
h_p8_cp320,-2250.7463251175286,1.0,head
h_p8_cp321,-1833.2529955522032,1.0,head
h_p8_cp322,-2250.746325117555,1.0,head
h_p8_cp323,-1833.252995552206,1.0,head
h_p8_cp324,-2250.7463251175864,1.0,head
h_p8_cp325,-1833.2529955522068,1.0,head
h_p8_cp326,-2250.7463251176177,1.0,head
h_p8_cp327,-1833.2529955522075,1.0,head
h_p8_cp328,-2250.7463251176473,1.0,head
h_p8_cp329,-1833.2529955522082,1.0,head
h_p8_cp330,-2250.7463251176728,1.0,head
h_p8_cp331,-1833.2529955522086,1.0,head
h_p8_cp332,-2250.7463251176932,1.0,head
h_p8_cp333,-1833.2529955522082,1.0,head
h_p8_cp334,-2250.746325117709,1.0,head
h_p8_cp335,-1833.2529955522082,1.0,head
h_p8_cp336,-2250.7463251177214,1.0,head
h_p8_cp337,-1833.2529955522075,1.0,head
h_p8_cp338,-2250.7463251177305,1.0,head
h_p8_cp339,-1833.2529955522066,1.0,head
h_p8_cp340,-2250.7463251177387,1.0,head
h_p8_cp341,-1833.2529955522027,1.0,head
h_p8_cp342,-2250.7463251177514,1.0,head
h_p8_cp343,-1833.252995552191,1.0,head
h_p8_cp344,-2250.746325117782,1.0,head
h_p8_cp345,-1833.252995552157,1.0,head
h_p8_cp346,-2250.746325117865,1.0,head
h_p8_cp347,-1833.252995552057,1.0,head
h_p8_cp348,-2250.7463251181002,1.0,head
h_p8_cp349,-1833.252995551771,1.0,head
h_p8_cp350,-2250.746325118762,1.0,head
h_p8_cp351,-1833.2529955509565,1.0,head
h_p8_cp352,-2250.746325120602,1.0,head
h_p8_cp353,-1833.2529955486687,1.0,head
h_p8_cp354,-2250.7463251256504,1.0,head
h_p8_cp355,-1833.2529955423297,1.0,head
h_p8_cp356,-2250.7463251392933,1.0,head
h_p8_cp357,-1833.2529955250184,1.0,head
h_p8_cp358,-2250.7463251755553,1.0,head
h_p8_cp359,-1833.2529954784966,1.0,head
h_p8_cp360,-2250.7463252702273,1.0,head
h_p8_cp361,-1833.2529953556455,1.0,head
h_p8_cp362,-2250.7463255126277,1.0,head
h_p8_cp363,-1833.2529950373994,1.0,head
h_p8_cp364,-2250.7463261202465,1.0,head
h_p8_cp365,-1833.252994230271,1.0,head
h_p8_cp366,-2250.7463276085164,1.0,head
h_p8_cp367,-1833.252992230853,1.0,head
h_p8_cp368,-2250.7463311628176,1.0,head
h_p8_cp369,-1833.252987406597,1.0,head
h_p8_cp370,-2250.746339419784,1.0,head
h_p8_cp371,-1833.2529761075625,1.0,head
h_p9_cp0,-2250.6283944126885,1.0,head
h_p9_cp1,-2250.6283943769868,1.0,head
h_p9_cp2,-2245.7452965540133,1.0,head
h_p9_cp3,-2245.7452965344883,1.0,head
h_p9_cp4,-2240.7219620682595,1.0,head
h_p9_cp5,-2240.7219620566575,1.0,head
h_p9_cp6,-2235.6252088472474,1.0,head
h_p9_cp7,-2235.6252088400097,1.0,head
h_p9_cp8,-2230.491901049382,1.0,head
h_p9_cp9,-2230.4919010449257,1.0,head
h_p9_cp10,-2225.341174555916,1.0,head
h_p9_cp11,-2225.341174553286,1.0,head
h_p9_cp12,-2220.1824622449653,1.0,head
h_p9_cp13,-2220.182462243485,1.0,head
h_p9_cp14,-2215.0202118093825,1.0,head
h_p9_cp15,-2215.020211808586,1.0,head
h_p9_cp16,-2209.8564408365037,1.0,head
h_p9_cp17,-2209.8564408360908,1.0,head
h_p9_cp18,-2204.692033994334,1.0,head
h_p9_cp19,-2204.692033994126,1.0,head
h_p9_cp20,-2199.5273676965307,1.0,head
h_p9_cp21,-2199.5273676964275,1.0,head
h_p9_cp22,-2194.3625978614145,1.0,head
h_p9_cp23,-2194.3625978613636,1.0,head
h_p9_cp24,-2189.197787536292,1.0,head
h_p9_cp25,-2189.197787536263,1.0,head
h_p9_cp26,-2184.032961666489,1.0,head
h_p9_cp27,-2184.0329616664685,1.0,head
h_p9_cp28,-2178.8681299289597,1.0,head
h_p9_cp29,-2178.868129928937,1.0,head
h_p9_cp30,-2173.703296010695,1.0,head
h_p9_cp31,-2173.7032960106603,1.0,head
h_p9_cp32,-2168.538461293506,1.0,head
h_p9_cp33,-2168.5384612934477,1.0,head
h_p9_cp34,-2163.3736262874872,1.0,head
h_p9_cp35,-2163.3736262873904,1.0,head
h_p9_cp36,-2158.2087911783283,1.0,head
h_p9_cp37,-2158.2087911781696,1.0,head
h_p9_cp38,-2153.043956032759,1.0,head
h_p9_cp39,-2153.0439560325085,1.0,head
h_p9_cp40,-2147.879120874475,1.0,head
h_p9_cp41,-2147.8791208740963,1.0,head
h_p9_cp42,-2142.714285711804,1.0,head
h_p9_cp43,-2142.7142857112563,1.0,head
h_p9_cp44,-2137.5494505476436,1.0,head
h_p9_cp45,-2137.549450546891,1.0,head
h_p9_cp46,-2132.384615382999,1.0,head
h_p9_cp47,-2132.3846153820205,1.0,head
h_p9_cp48,-2127.2197802182077,1.0,head
h_p9_cp49,-2127.2197802170126,1.0,head
h_p9_cp50,-2122.0549450533695,1.0,head
h_p9_cp51,-2122.054945052011,1.0,head
h_p9_cp52,-2116.8901098884826,1.0,head
h_p9_cp53,-2116.890109887066,1.0,head
h_p9_cp54,-2111.7252747235166,1.0,head
h_p9_cp55,-2111.7252747221937,1.0,head
h_p9_cp56,-2106.5604395584505,1.0,head
h_p9_cp57,-2106.5604395573987,1.0,head
h_p9_cp58,-2101.395604393301,1.0,head
h_p9_cp59,-2101.3956043926887,1.0,head
h_p9_cp60,-2096.230769228126,1.0,head
h_p9_cp61,-2096.2307692280747,1.0,head
h_p9_cp62,-2091.065934063005,1.0,head
h_p9_cp63,-2091.065934063553,1.0,head
h_p9_cp64,-2085.9010988980053,1.0,head
h_p9_cp65,-2085.9010988991054,1.0,head
h_p9_cp66,-2080.7362637331616,1.0,head
h_p9_cp67,-2080.736263734693,1.0,head
h_p9_cp68,-2075.5714285684694,1.0,head
h_p9_cp69,-2075.571428570271,1.0,head
h_p9_cp70,-2070.406593403886,1.0,head
h_p9_cp71,-2070.406593405801,1.0,head
h_p9_cp72,-2065.241758239348,1.0,head
h_p9_cp73,-2065.241758241257,1.0,head
h_p9_cp74,-2060.076923074794,1.0,head
h_p9_cp75,-2060.0769230766273,1.0,head
h_p9_cp76,-2054.9120879101765,1.0,head
h_p9_cp77,-2054.9120879119155,1.0,head
h_p9_cp78,-2049.7472527454706,1.0,head
h_p9_cp79,-2049.7472527471323,1.0,head
h_p9_cp80,-2044.5824175806802,1.0,head
h_p9_cp81,-2044.5824175822934,1.0,head
h_p9_cp82,-2039.4175824158267,1.0,head
h_p9_cp83,-2039.4175824174124,1.0,head
h_p9_cp84,-2034.2527472509428,1.0,head
h_p9_cp85,-2034.2527472525035,1.0,head
h_p9_cp86,-2029.08791208606,1.0,head
h_p9_cp87,-2029.0879120875752,1.0,head
h_p9_cp88,-2023.9230769212033,1.0,head
h_p9_cp89,-2023.9230769226363,1.0,head
h_p9_cp90,-2018.7582417563829,1.0,head
h_p9_cp91,-2018.758241757691,1.0,head
h_p9_cp92,-2013.593406591599,1.0,head
h_p9_cp93,-2013.5934065927452,1.0,head
h_p9_cp94,-2008.4285714268415,1.0,head
h_p9_cp95,-2008.4285714278035,1.0,head
h_p9_cp96,-2003.2637362621017,1.0,head
h_p9_cp97,-2003.2637362628734,1.0,head
h_p9_cp98,-1998.0989010973733,1.0,head
h_p9_cp99,-1998.098901097966,1.0,head
h_p9_cp100,-1992.9340659326626,1.0,head
h_p9_cp101,-1992.934065933099,1.0,head
h_p9_cp102,-1987.7692307679854,1.0,head
h_p9_cp103,-1987.7692307682933,1.0,head
h_p9_cp104,-1982.6043956033654,1.0,head
h_p9_cp105,-1982.6043956035737,1.0,head
h_p9_cp106,-1977.4395604388199,1.0,head
h_p9_cp107,-1977.4395604389565,1.0,head
h_p9_cp108,-1972.2747252743495,1.0,head
h_p9_cp109,-1972.2747252744357,1.0,head
h_p9_cp110,-1967.1098901099226,1.0,head
h_p9_cp111,-1967.1098901099758,1.0,head
h_p9_cp112,-1961.9450549454907,1.0,head
h_p9_cp113,-1961.945054945522,1.0,head
h_p9_cp114,-1956.7802197810108,1.0,head
h_p9_cp115,-1956.7802197810288,1.0,head
h_p9_cp116,-1951.6153846164866,1.0,head
h_p9_cp117,-1951.6153846164966,1.0,head
h_p9_cp118,-1946.4505494520297,1.0,head
h_p9_cp119,-1946.450549452035,1.0,head
h_p9_cp120,-1941.2857142879961,1.0,head
h_p9_cp121,-1941.2857142879986,1.0,head
h_p9_cp122,-1936.1208791254048,1.0,head
h_p9_cp123,-1936.1208791254057,1.0,head
h_p9_cp124,-1930.9560439671661,1.0,head
h_p9_cp125,-1930.9560439671664,1.0,head
h_p9_cp126,-1925.791208821611,1.0,head
h_p9_cp127,-1925.7912088216106,1.0,head
h_p9_cp128,-1920.6263737124216,1.0,head
h_p9_cp129,-1920.6263737124214,1.0,head
h_p9_cp130,-1915.461538706275,1.0,head
h_p9_cp131,-1915.4615387062743,1.0,head
h_p9_cp132,-1910.2967039886917,1.0,head
h_p9_cp133,-1910.2967039886908,1.0,head
h_p9_cp134,-1905.1318700692848,1.0,head
h_p9_cp135,-1905.1318700692825,1.0,head
h_p9_cp136,-1899.9670383285106,1.0,head
h_p9_cp137,-1899.9670383285063,1.0,head
h_p9_cp138,-1894.8022124496126,1.0,head
h_p9_cp139,-1894.8022124496047,1.0,head
h_p9_cp140,-1889.637402099324,1.0,head
h_p9_cp141,-1889.637402099311,1.0,head
h_p9_cp142,-1884.4726321955286,1.0,head
h_p9_cp143,-1884.472632195508,1.0,head
h_p9_cp144,-1879.3079657130363,1.0,head
h_p9_cp145,-1879.3079657130031,1.0,head
h_p9_cp146,-1874.1435583820853,1.0,head
h_p9_cp147,-1874.1435583820346,1.0,head
h_p9_cp148,-1868.9797861379393,1.0,head
h_p9_cp149,-1868.9797861378668,1.0,head
h_p9_cp150,-1863.8175324580545,1.0,head
h_p9_cp151,-1863.8175324579563,1.0,head
h_p9_cp152,-1858.6588120377492,1.0,head
h_p9_cp153,-1858.6588120376246,1.0,head
h_p9_cp154,-1853.5080657315464,1.0,head
h_p9_cp155,-1853.508065731399,1.0,head
h_p9_cp156,-1848.3747107285787,1.0,head
h_p9_cp157,-1848.3747107284162,1.0,head
h_p9_cp158,-1843.2778481164894,1.0,head
h_p9_cp159,-1843.2778481163214,1.0,head
h_p9_cp160,-1838.2542677932986,1.0,head
h_p9_cp161,-1838.2542677931356,1.0,head
h_p9_cp162,-1833.370635889465,1.0,head
h_p9_cp163,-1833.3706358893119,1.0,head
h_p9_cp164,-2250.6283681885116,1.0,head
h_p9_cp165,-1833.370673787057,1.0,head
h_p9_cp166,-2250.6283561509326,1.0,head
h_p9_cp167,-1833.3706910813212,1.0,head
h_p9_cp168,-2250.6283507857506,1.0,head
h_p9_cp169,-1833.3706987127116,1.0,head
h_p9_cp170,-2250.6283484590012,1.0,head
h_p9_cp171,-1833.3707019817664,1.0,head
h_p9_cp172,-2250.628347475183,1.0,head
h_p9_cp173,-1833.3707033455294,1.0,head
h_p9_cp174,-2250.6283470688254,1.0,head
h_p9_cp175,-1833.3707039010449,1.0,head
h_p9_cp176,-2250.628346904579,1.0,head
h_p9_cp177,-1833.3707041224875,1.0,head
h_p9_cp178,-2250.6283468395072,1.0,head
h_p9_cp179,-1833.370704209035,1.0,head
h_p9_cp180,-2250.6283468142014,1.0,head
h_p9_cp181,-1833.370704242255,1.0,head
h_p9_cp182,-2250.6283468045276,1.0,head
h_p9_cp183,-1833.3707042547958,1.0,head
h_p9_cp184,-2250.628346800888,1.0,head
h_p9_cp185,-1833.3707042594579,1.0,head
h_p9_cp186,-2250.628346799539,1.0,head
h_p9_cp187,-1833.3707042611666,1.0,head
h_p9_cp188,-2250.6283467990456,1.0,head
h_p9_cp189,-1833.3707042617848,1.0,head
h_p9_cp190,-2250.628346798868,1.0,head
h_p9_cp191,-1833.3707042620053,1.0,head
h_p9_cp192,-2250.628346798804,1.0,head
h_p9_cp193,-1833.3707042620836,1.0,head
h_p9_cp194,-2250.6283467987823,1.0,head
h_p9_cp195,-1833.3707042621106,1.0,head
h_p9_cp196,-2250.628346798774,1.0,head
h_p9_cp197,-1833.3707042621197,1.0,head
h_p9_cp198,-2250.628346798772,1.0,head
h_p9_cp199,-1833.370704262123,1.0,head
h_p9_cp200,-2250.628346798771,1.0,head
h_p9_cp201,-1833.370704262124,1.0,head
h_p9_cp202,-2250.62834679877,1.0,head
h_p9_cp203,-1833.3707042621245,1.0,head
h_p9_cp204,-2250.6283467987696,1.0,head
h_p9_cp205,-1833.3707042621245,1.0,head
h_p9_cp206,-2250.628346798769,1.0,head
h_p9_cp207,-1833.3707042621247,1.0,head
h_p9_cp208,-2250.628346798769,1.0,head
h_p9_cp209,-1833.3707042621247,1.0,head
h_p9_cp210,-2250.6283467987687,1.0,head
h_p9_cp211,-1833.370704262124,1.0,head
h_p9_cp212,-2250.628346798768,1.0,head
h_p9_cp213,-1833.3707042621234,1.0,head
h_p9_cp214,-2250.6283467987673,1.0,head
h_p9_cp215,-1833.3707042621231,1.0,head
h_p9_cp216,-2250.6283467987673,1.0,head
h_p9_cp217,-1833.3707042621227,1.0,head
h_p9_cp218,-2250.6283467987673,1.0,head
h_p9_cp219,-1833.3707042621224,1.0,head
h_p9_cp220,-2250.628346798768,1.0,head
h_p9_cp221,-1833.3707042621224,1.0,head
h_p9_cp222,-2250.628346798768,1.0,head
h_p9_cp223,-1833.3707042621218,1.0,head
h_p9_cp224,-2250.6283467987687,1.0,head
h_p9_cp225,-1833.370704262121,1.0,head
h_p9_cp226,-2250.628346798769,1.0,head
h_p9_cp227,-1833.3707042621206,1.0,head
h_p9_cp228,-2250.628346798769,1.0,head
h_p9_cp229,-1833.3707042621195,1.0,head
h_p9_cp230,-2250.628346798769,1.0,head
h_p9_cp231,-1833.3707042621163,1.0,head
h_p9_cp232,-2250.6283467987696,1.0,head
h_p9_cp233,-1833.37070426211,1.0,head
h_p9_cp234,-2250.6283467987696,1.0,head
h_p9_cp235,-1833.3707042620977,1.0,head
h_p9_cp236,-2250.6283467987696,1.0,head
h_p9_cp237,-1833.3707042620758,1.0,head
h_p9_cp238,-2250.6283467987696,1.0,head
h_p9_cp239,-1833.370704262038,1.0,head
h_p9_cp240,-2250.62834679877,1.0,head
h_p9_cp241,-1833.3707042619737,1.0,head
h_p9_cp242,-2250.6283467987705,1.0,head
h_p9_cp243,-1833.37070426187,1.0,head
h_p9_cp244,-2250.628346798771,1.0,head
h_p9_cp245,-1833.3707042617095,1.0,head
h_p9_cp246,-2250.628346798771,1.0,head
h_p9_cp247,-1833.3707042614715,1.0,head
h_p9_cp248,-2250.6283467987705,1.0,head
h_p9_cp249,-1833.3707042611363,1.0,head
h_p9_cp250,-2250.62834679877,1.0,head
h_p9_cp251,-1833.3707042606911,1.0,head
h_p9_cp252,-2250.6283467987696,1.0,head
h_p9_cp253,-1833.3707042601343,1.0,head
h_p9_cp254,-2250.628346798769,1.0,head
h_p9_cp255,-1833.370704259485,1.0,head
h_p9_cp256,-2250.6283467987687,1.0,head
h_p9_cp257,-1833.3707042587878,1.0,head
h_p9_cp258,-2250.6283467987682,1.0,head
h_p9_cp259,-1833.3707042581118,1.0,head
h_p9_cp260,-2250.628346798768,1.0,head
h_p9_cp261,-1833.3707042575415,1.0,head
h_p9_cp262,-2250.6283467987682,1.0,head
h_p9_cp263,-1833.3707042571598,1.0,head
h_p9_cp264,-2250.628346798769,1.0,head
h_p9_cp265,-1833.370704257027,1.0,head
h_p9_cp266,-2250.6283467987696,1.0,head
h_p9_cp267,-1833.3707042571632,1.0,head
h_p9_cp268,-2250.62834679877,1.0,head
h_p9_cp269,-1833.3707042575456,1.0,head
h_p9_cp270,-2250.62834679877,1.0,head
h_p9_cp271,-1833.3707042581107,1.0,head
h_p9_cp272,-2250.6283467987705,1.0,head
h_p9_cp273,-1833.3707042587728,1.0,head
h_p9_cp274,-2250.6283467987705,1.0,head
h_p9_cp275,-1833.3707042594447,1.0,head
h_p9_cp276,-2250.6283467987705,1.0,head
h_p9_cp277,-1833.3707042600545,1.0,head
h_p9_cp278,-2250.62834679877,1.0,head
h_p9_cp279,-1833.3707042605547,1.0,head
h_p9_cp280,-2250.628346798769,1.0,head
h_p9_cp281,-1833.3707042609242,1.0,head
h_p9_cp282,-2250.6283467987687,1.0,head
h_p9_cp283,-1833.3707042611647,1.0,head
h_p9_cp284,-2250.628346798767,1.0,head
h_p9_cp285,-1833.3707042612943,1.0,head
h_p9_cp286,-2250.6283467987637,1.0,head
h_p9_cp287,-1833.3707042613394,1.0,head
h_p9_cp288,-2250.628346798759,1.0,head
h_p9_cp289,-1833.3707042613314,1.0,head
h_p9_cp290,-2250.6283467987523,1.0,head
h_p9_cp291,-1833.3707042613012,1.0,head
h_p9_cp292,-2250.6283467987405,1.0,head
h_p9_cp293,-1833.3707042612762,1.0,head
h_p9_cp294,-2250.6283467987237,1.0,head
h_p9_cp295,-1833.3707042612755,1.0,head
h_p9_cp296,-2250.628346798698,1.0,head
h_p9_cp297,-1833.3707042613094,1.0,head
h_p9_cp298,-2250.6283467986636,1.0,head
h_p9_cp299,-1833.3707042613785,1.0,head
h_p9_cp300,-2250.6283467986173,1.0,head
h_p9_cp301,-1833.370704261475,1.0,head
h_p9_cp302,-2250.628346798558,1.0,head
h_p9_cp303,-1833.3707042615868,1.0,head
h_p9_cp304,-2250.628346798488,1.0,head
h_p9_cp305,-1833.3707042617007,1.0,head
h_p9_cp306,-2250.6283467984103,1.0,head
h_p9_cp307,-1833.370704261806,1.0,head
h_p9_cp308,-2250.62834679833,1.0,head
h_p9_cp309,-1833.3707042618958,1.0,head
h_p9_cp310,-2250.6283467982553,1.0,head
h_p9_cp311,-1833.3707042619676,1.0,head
h_p9_cp312,-2250.6283467981953,1.0,head
h_p9_cp313,-1833.3707042620215,1.0,head
h_p9_cp314,-2250.6283467981575,1.0,head
h_p9_cp315,-1833.3707042620592,1.0,head
h_p9_cp316,-2250.628346798148,1.0,head
h_p9_cp317,-1833.3707042620847,1.0,head
h_p9_cp318,-2250.6283467981684,1.0,head
h_p9_cp319,-1833.3707042621006,1.0,head
h_p9_cp320,-2250.628346798216,1.0,head
h_p9_cp321,-1833.3707042621113,1.0,head
h_p9_cp322,-2250.6283467982835,1.0,head
h_p9_cp323,-1833.3707042621174,1.0,head
h_p9_cp324,-2250.628346798363,1.0,head
h_p9_cp325,-1833.3707042621204,1.0,head
h_p9_cp326,-2250.6283467984435,1.0,head
h_p9_cp327,-1833.3707042621227,1.0,head
h_p9_cp328,-2250.62834679852,1.0,head
h_p9_cp329,-1833.370704262124,1.0,head
h_p9_cp330,-2250.628346798586,1.0,head
h_p9_cp331,-1833.3707042621247,1.0,head
h_p9_cp332,-2250.6283467986405,1.0,head
h_p9_cp333,-1833.3707042621243,1.0,head
h_p9_cp334,-2250.628346798682,1.0,head
h_p9_cp335,-1833.370704262124,1.0,head
h_p9_cp336,-2250.628346798713,1.0,head
h_p9_cp337,-1833.3707042621231,1.0,head
h_p9_cp338,-2250.6283467987373,1.0,head
h_p9_cp339,-1833.3707042621197,1.0,head
h_p9_cp340,-2250.6283467987596,1.0,head
h_p9_cp341,-1833.3707042621104,1.0,head
h_p9_cp342,-2250.6283467987905,1.0,head
h_p9_cp343,-1833.370704262083,1.0,head
h_p9_cp344,-2250.6283467988596,1.0,head
h_p9_cp345,-1833.3707042620051,1.0,head
h_p9_cp346,-2250.62834679904,1.0,head
h_p9_cp347,-1833.3707042617843,1.0,head
h_p9_cp348,-2250.628346799532,1.0,head
h_p9_cp349,-1833.370704261166,1.0,head
h_p9_cp350,-2250.6283468008755,1.0,head
h_p9_cp351,-1833.3707042594574,1.0,head
h_p9_cp352,-2250.6283468044994,1.0,head
h_p9_cp353,-1833.3707042547953,1.0,head
h_p9_cp354,-2250.628346814136,1.0,head
h_p9_cp355,-1833.3707042422545,1.0,head
h_p9_cp356,-2250.628346839356,1.0,head
h_p9_cp357,-1833.3707042090336,1.0,head
h_p9_cp358,-2250.628346904234,1.0,head
h_p9_cp359,-1833.370704122484,1.0,head
h_p9_cp360,-2250.628347068064,1.0,head
h_p9_cp361,-1833.3707039010392,1.0,head
h_p9_cp362,-2250.628347473558,1.0,head
h_p9_cp363,-1833.370703345518,1.0,head
h_p9_cp364,-2250.628348455666,1.0,head
h_p9_cp365,-1833.3707019817466,1.0,head
h_p9_cp366,-2250.6283507792095,1.0,head
h_p9_cp367,-1833.3706987126773,1.0,head
h_p9_cp368,-2250.6283561387395,1.0,head
h_p9_cp369,-1833.3706910812639,1.0,head
h_p9_cp370,-2250.628368167029,1.0,head
h_p9_cp371,-1833.370673786962,1.0,head
h_p10_cp0,-2250.498401361965,1.0,head
h_p10_cp1,-2250.4984013214385,1.0,head
h_p10_cp2,-2245.6701824888924,1.0,head
h_p10_cp3,-2245.6701824651923,1.0,head
h_p10_cp4,-2240.680980940089,1.0,head
h_p10_cp5,-2240.6809809261404,1.0,head
h_p10_cp6,-2235.6039485646725,1.0,head
h_p10_cp7,-2235.603948556152,1.0,head
h_p10_cp8,-2230.4813507301465,1.0,head
h_p10_cp9,-2230.4813507248978,1.0,head
h_p10_cp10,-2225.3361411156047,1.0,head
h_p10_cp11,-2225.3361411124465,1.0,head
h_p10_cp12,-2220.180143634148,1.0,head
h_p10_cp13,-2220.1801436323194,1.0,head
h_p10_cp14,-2215.0191768054583,1.0,head
h_p10_cp15,-2215.019176804443,1.0,head
h_p10_cp16,-2209.8559917097245,1.0,head
h_p10_cp17,-2209.8559917091816,1.0,head
h_p10_cp18,-2204.6918440252393,1.0,head
h_p10_cp19,-2204.691844024958,1.0,head
h_p10_cp20,-2199.5272891906475,1.0,head
h_p10_cp21,-2199.527289190503,1.0,head
h_p10_cp22,-2194.3625660989424,1.0,head
h_p10_cp23,-2194.362566098867,1.0,head
h_p10_cp24,-2189.1977749326275,1.0,head
h_p10_cp25,-2189.1977749325806,1.0,head
h_p10_cp26,-2184.0329567536346,1.0,head
h_p10_cp27,-2184.0329567535937,1.0,head
h_p10_cp28,-2178.868128045186,1.0,head
h_p10_cp29,-2178.868128045133,1.0,head
h_p10_cp30,-2173.703295299298,1.0,head
h_p10_cp31,-2173.7032952992136,1.0,head
h_p10_cp32,-2168.5384610286283,1.0,head
h_p10_cp33,-2168.5384610284864,1.0,head
h_p10_cp34,-2163.3736261901636,1.0,head
h_p10_cp35,-2163.3736261899276,1.0,head
h_p10_cp36,-2158.2087911430076,1.0,head
h_p10_cp37,-2158.208791142629,1.0,head
h_p10_cp38,-2153.0439560200725,1.0,head
h_p10_cp39,-2153.0439560194823,1.0,head
h_p10_cp40,-2147.879120869917,1.0,head
h_p10_cp41,-2147.879120869038,1.0,head
h_p10_cp42,-2142.714285710073,1.0,head
h_p10_cp43,-2142.71428570882,1.0,head
h_p10_cp44,-2137.549450546788,1.0,head
h_p10_cp45,-2137.54945054509,1.0,head
h_p10_cp46,-2132.384615382262,1.0,head
h_p10_cp47,-2132.384615380084,1.0,head
h_p10_cp48,-2127.219780217242,1.0,head
h_p10_cp49,-2127.219780214616,1.0,head
h_p10_cp50,-2122.054945051967,1.0,head
h_p10_cp51,-2122.0549450490194,1.0,head
h_p10_cp52,-2116.890109886497,1.0,head
h_p10_cp53,-2116.8901098834617,1.0,head
h_p10_cp54,-2111.725274720859,1.0,head
h_p10_cp55,-2111.7252747180623,1.0,head
h_p10_cp56,-2106.5604395550977,1.0,head
h_p10_cp57,-2106.5604395529163,1.0,head
h_p10_cp58,-2101.395604389299,1.0,head
h_p10_cp59,-2101.3956043880826,1.0,head
h_p10_cp60,-2096.2307692235904,1.0,head
h_p10_cp61,-2096.230769223586,1.0,head
h_p10_cp62,-2091.0659340581087,1.0,head
h_p10_cp63,-2091.065934059397,1.0,head
h_p10_cp64,-2085.9010988929635,1.0,head
h_p10_cp65,-2085.9010988954424,1.0,head
h_p10_cp66,-2080.736263728198,1.0,head
h_p10_cp67,-2080.736263731614,1.0,head
h_p10_cp68,-2075.5714285637805,1.0,head
h_p10_cp69,-2075.571428567801,1.0,head
h_p10_cp70,-2070.4065933996094,1.0,head
h_p10_cp71,-2070.406593403905,1.0,head
h_p10_cp72,-2065.2417582355497,1.0,head
h_p10_cp73,-2065.241758239863,1.0,head
h_p10_cp74,-2060.076923071463,1.0,head
h_p10_cp75,-2060.0769230756446,1.0,head
h_p10_cp76,-2054.912087907248,1.0,head
h_p10_cp77,-2054.912087911251,1.0,head
h_p10_cp78,-2049.747252742851,1.0,head
h_p10_cp79,-2049.7472527467016,1.0,head
h_p10_cp80,-2044.5824175782764,1.0,head
h_p10_cp81,-2044.582417582028,1.0,head
h_p10_cp82,-2039.4175824135682,1.0,head
h_p10_cp83,-2039.41758241726,1.0,head
h_p10_cp84,-2034.252747248796,1.0,head
h_p10_cp85,-2034.2527472524268,1.0,head
h_p10_cp86,-2029.0879120840261,1.0,head
h_p10_cp87,-2029.0879120875488,1.0,head
h_p10_cp88,-2023.9230769193123,1.0,head
h_p10_cp89,-2023.923076922644,1.0,head
h_p10_cp90,-2018.7582417546773,1.0,head
h_p10_cp91,-2018.7582417577235,1.0,head
h_p10_cp92,-2013.593406590119,1.0,head
h_p10_cp93,-2013.593406592797,1.0,head
h_p10_cp94,-2008.4285714256143,1.0,head
h_p10_cp95,-2008.4285714278724,1.0,head
h_p10_cp96,-2003.2637362611358,1.0,head
h_p10_cp97,-2003.263736262959,1.0,head
h_p10_cp98,-1998.0989010966568,1.0,head
h_p10_cp99,-1998.0989010980677,1.0,head
h_p10_cp100,-1992.9340659321688,1.0,head
h_p10_cp101,-1992.9340659332158,1.0,head
h_p10_cp102,-1987.7692307676741,1.0,head
h_p10_cp103,-1987.7692307684201,1.0,head
h_p10_cp104,-1982.604395603188,1.0,head
h_p10_cp105,-1982.6043956036995,1.0,head
h_p10_cp106,-1977.4395604387225,1.0,head
h_p10_cp107,-1977.4395604390609,1.0,head
h_p10_cp108,-1972.2747252742797,1.0,head
h_p10_cp109,-1972.2747252744957,1.0,head
h_p10_cp110,-1967.1098901098424,1.0,head
h_p10_cp111,-1967.1098901099765,1.0,head
h_p10_cp112,-1961.9450549453925,1.0,head
h_p10_cp113,-1961.9450549454727,1.0,head
h_p10_cp114,-1956.7802197809297,1.0,head
h_p10_cp115,-1956.7802197809765,1.0,head
h_p10_cp116,-1951.615384616521,1.0,head
h_p10_cp117,-1951.6153846165475,1.0,head
h_p10_cp118,-1946.4505494524312,1.0,head
h_p10_cp119,-1946.4505494524458,1.0,head
h_p10_cp120,-1941.2857142894431,1.0,head
h_p10_cp121,-1941.2857142894507,1.0,head
h_p10_cp122,-1936.1208791297884,1.0,head
h_p10_cp123,-1936.120879129792,1.0,head
h_p10_cp124,-1930.9560439797415,1.0,head
h_p10_cp125,-1930.9560439797435,1.0,head
h_p10_cp126,-1925.791208856842,1.0,head
h_p10_cp127,-1925.7912088568426,1.0,head
h_p10_cp128,-1920.626373809622,1.0,head
h_p10_cp129,-1920.6263738096222,1.0,head
h_p10_cp130,-1915.4615389708767,1.0,head
h_p10_cp131,-1915.4615389708765,1.0,head
h_p10_cp132,-1910.2967046993624,1.0,head
h_p10_cp133,-1910.2967046993617,1.0,head
h_p10_cp134,-1905.1318719510884,1.0,head
h_p10_cp135,-1905.1318719510857,1.0,head
h_p10_cp136,-1899.9670432360488,1.0,head
h_p10_cp137,-1899.9670432360433,1.0,head
h_p10_cp138,-1894.802225039109,1.0,head
h_p10_cp139,-1894.802225039099,1.0,head
h_p10_cp140,-1889.6374338245903,1.0,head
h_p10_cp141,-1889.6374338245741,1.0,head
h_p10_cp142,-1884.4727106052824,1.0,head
h_p10_cp143,-1884.472710605257,1.0,head
h_p10_cp144,-1879.3081554381101,1.0,head
h_p10_cp145,-1879.3081554380708,1.0,head
h_p10_cp146,-1874.144006901237,1.0,head
h_p10_cp147,-1874.144006901178,1.0,head
h_p10_cp148,-1868.9808196603112,1.0,head
h_p10_cp149,-1868.9808196602285,1.0,head
h_p10_cp150,-1863.8198475388124,1.0,head
h_p10_cp151,-1863.8198475387026,1.0,head
h_p10_cp152,-1858.6638372779187,1.0,head
h_p10_cp153,-1858.6638372777807,1.0,head
h_p10_cp154,-1853.5185975293514,1.0,head
h_p10_cp155,-1853.5185975291897,1.0,head
h_p10_cp156,-1848.3959304595126,1.0,head
h_p10_cp157,-1848.395930459335,1.0,head
h_p10_cp158,-1843.3187434827219,1.0,head
h_p10_cp159,-1843.3187434825393,1.0,head
h_p10_cp160,-1838.329207359664,1.0,head
h_p10_cp161,-1838.3292073594848,1.0,head
h_p10_cp162,-1833.5002888857646,1.0,head
h_p10_cp163,-1833.5002888855945,1.0,head
h_p10_cp164,-2250.4983660191806,1.0,head
h_p10_cp165,-1833.500342623667,1.0,head
h_p10_cp166,-2250.4983492792885,1.0,head
h_p10_cp167,-1833.5003678940845,1.0,head
h_p10_cp168,-2250.4983415751503,1.0,head
h_p10_cp169,-1833.5003793908645,1.0,head
h_p10_cp170,-2250.498338124108,1.0,head
h_p10_cp171,-1833.5003844694788,1.0,head
h_p10_cp172,-2250.4983366168653,1.0,head
h_p10_cp173,-1833.5003866542272,1.0,head
h_p10_cp174,-2250.4983359739417,1.0,head
h_p10_cp175,-1833.500387571746,1.0,head
h_p10_cp176,-2250.498335705666,1.0,head
h_p10_cp177,-1833.5003879487085,1.0,head
h_p10_cp178,-2250.4983355959903,1.0,head
h_p10_cp179,-1833.5003881004964,1.0,head
h_p10_cp180,-2250.4983355519994,1.0,head
h_p10_cp181,-1833.5003881604928,1.0,head
h_p10_cp182,-2250.498335534666,1.0,head
h_p10_cp183,-1833.5003881838043,1.0,head
h_p10_cp184,-2250.4983355279473,1.0,head
h_p10_cp185,-1833.5003881927194,1.0,head
h_p10_cp186,-2250.498335525384,1.0,head
h_p10_cp187,-1833.500388196079,1.0,head
h_p10_cp188,-2250.498335524419,1.0,head
h_p10_cp189,-1833.500388197328,1.0,head
h_p10_cp190,-2250.4983355240615,1.0,head
h_p10_cp191,-1833.500388197786,1.0,head
h_p10_cp192,-2250.49833552393,1.0,head
h_p10_cp193,-1833.500388197952,1.0,head
h_p10_cp194,-2250.498335523883,1.0,head
h_p10_cp195,-1833.500388198011,1.0,head
h_p10_cp196,-2250.4983355238655,1.0,head
h_p10_cp197,-1833.500388198032,1.0,head
h_p10_cp198,-2250.4983355238587,1.0,head
h_p10_cp199,-1833.5003881980394,1.0,head
h_p10_cp200,-2250.498335523856,1.0,head
h_p10_cp201,-1833.5003881980424,1.0,head
h_p10_cp202,-2250.4983355238546,1.0,head
h_p10_cp203,-1833.5003881980429,1.0,head
h_p10_cp204,-2250.4983355238537,1.0,head
h_p10_cp205,-1833.500388198043,1.0,head
h_p10_cp206,-2250.4983355238537,1.0,head
h_p10_cp207,-1833.5003881980426,1.0,head
h_p10_cp208,-2250.498335523853,1.0,head
h_p10_cp209,-1833.5003881980426,1.0,head
h_p10_cp210,-2250.4983355238523,1.0,head
h_p10_cp211,-1833.5003881980417,1.0,head
h_p10_cp212,-2250.498335523852,1.0,head
h_p10_cp213,-1833.5003881980406,1.0,head
h_p10_cp214,-2250.4983355238514,1.0,head
h_p10_cp215,-1833.5003881980394,1.0,head
h_p10_cp216,-2250.498335523852,1.0,head
h_p10_cp217,-1833.5003881980388,1.0,head
h_p10_cp218,-2250.498335523852,1.0,head
h_p10_cp219,-1833.5003881980383,1.0,head
h_p10_cp220,-2250.4983355238523,1.0,head
h_p10_cp221,-1833.5003881980379,1.0,head
h_p10_cp222,-2250.4983355238533,1.0,head
h_p10_cp223,-1833.5003881980367,1.0,head
h_p10_cp224,-2250.4983355238537,1.0,head
h_p10_cp225,-1833.5003881980354,1.0,head
h_p10_cp226,-2250.498335523854,1.0,head
h_p10_cp227,-1833.5003881980338,1.0,head
h_p10_cp228,-2250.498335523855,1.0,head
h_p10_cp229,-1833.50038819803,1.0,head
h_p10_cp230,-2250.498335523855,1.0,head
h_p10_cp231,-1833.5003881980215,1.0,head
h_p10_cp232,-2250.4983355238555,1.0,head
h_p10_cp233,-1833.5003881980047,1.0,head
h_p10_cp234,-2250.4983355238555,1.0,head
h_p10_cp235,-1833.500388197974,1.0,head
h_p10_cp236,-2250.4983355238555,1.0,head
h_p10_cp237,-1833.5003881979194,1.0,head
h_p10_cp238,-2250.4983355238555,1.0,head
h_p10_cp239,-1833.500388197825,1.0,head
h_p10_cp240,-2250.498335523856,1.0,head
h_p10_cp241,-1833.5003881976686,1.0,head
h_p10_cp242,-2250.498335523856,1.0,head
h_p10_cp243,-1833.5003881974192,1.0,head
h_p10_cp244,-2250.498335523856,1.0,head
h_p10_cp245,-1833.5003881970388,1.0,head
h_p10_cp246,-2250.498335523856,1.0,head
h_p10_cp247,-1833.5003881964835,1.0,head
h_p10_cp248,-2250.498335523855,1.0,head
h_p10_cp249,-1833.500388195713,1.0,head
h_p10_cp250,-2250.4983355238546,1.0,head
h_p10_cp251,-1833.5003881947005,1.0,head
h_p10_cp252,-2250.4983355238537,1.0,head
h_p10_cp253,-1833.5003881934479,1.0,head
h_p10_cp254,-2250.4983355238533,1.0,head
h_p10_cp255,-1833.5003881920024,1.0,head
h_p10_cp256,-2250.4983355238523,1.0,head
h_p10_cp257,-1833.500388190465,1.0,head
h_p10_cp258,-2250.4983355238514,1.0,head
h_p10_cp259,-1833.5003881889863,1.0,head
h_p10_cp260,-2250.498335523851,1.0,head
h_p10_cp261,-1833.5003881877467,1.0,head
h_p10_cp262,-2250.498335523851,1.0,head
h_p10_cp263,-1833.5003881869204,1.0,head
h_p10_cp264,-2250.4983355238523,1.0,head
h_p10_cp265,-1833.500388186634,1.0,head
h_p10_cp266,-2250.498335523853,1.0,head
h_p10_cp267,-1833.5003881869309,1.0,head
h_p10_cp268,-2250.4983355238533,1.0,head
h_p10_cp269,-1833.5003881877608,1.0,head
h_p10_cp270,-2250.4983355238537,1.0,head
h_p10_cp271,-1833.5003881889895,1.0,head
h_p10_cp272,-2250.498335523854,1.0,head
h_p10_cp273,-1833.5003881904365,1.0,head
h_p10_cp274,-2250.4983355238546,1.0,head
h_p10_cp275,-1833.5003881919145,1.0,head
h_p10_cp276,-2250.4983355238546,1.0,head
h_p10_cp277,-1833.5003881932669,1.0,head
h_p10_cp278,-2250.498335523854,1.0,head
h_p10_cp279,-1833.5003881943874,1.0,head
h_p10_cp280,-2250.4983355238533,1.0,head
h_p10_cp281,-1833.5003881952268,1.0,head
h_p10_cp282,-2250.498335523851,1.0,head
h_p10_cp283,-1833.5003881957846,1.0,head
h_p10_cp284,-2250.498335523847,1.0,head
h_p10_cp285,-1833.5003881960963,1.0,head
h_p10_cp286,-2250.49833552384,1.0,head
h_p10_cp287,-1833.5003881962195,1.0,head
h_p10_cp288,-2250.4983355238287,1.0,head
h_p10_cp289,-1833.5003881962227,1.0,head
h_p10_cp290,-2250.4983355238096,1.0,head
h_p10_cp291,-1833.5003881961725,1.0,head
h_p10_cp292,-2250.4983355237805,1.0,head
h_p10_cp293,-1833.5003881961288,1.0,head
h_p10_cp294,-2250.4983355237373,1.0,head
h_p10_cp295,-1833.5003881961347,1.0,head
h_p10_cp296,-2250.498335523675,1.0,head
h_p10_cp297,-1833.5003881962127,1.0,head
h_p10_cp298,-2250.4983355235886,1.0,head
h_p10_cp299,-1833.5003881963648,1.0,head
h_p10_cp300,-2250.4983355234754,1.0,head
h_p10_cp301,-1833.500388196576,1.0,head
h_p10_cp302,-2250.4983355233335,1.0,head
h_p10_cp303,-1833.5003881968214,1.0,head
h_p10_cp304,-2250.4983355231657,1.0,head
h_p10_cp305,-1833.5003881970727,1.0,head
h_p10_cp306,-2250.4983355229806,1.0,head
h_p10_cp307,-1833.5003881973078,1.0,head
h_p10_cp308,-2250.498335522791,1.0,head
h_p10_cp309,-1833.5003881975103,1.0,head
h_p10_cp310,-2250.4983355226163,1.0,head
h_p10_cp311,-1833.5003881976734,1.0,head
h_p10_cp312,-2250.4983355224754,1.0,head
h_p10_cp313,-1833.500388197797,1.0,head
h_p10_cp314,-2250.498335522388,1.0,head
h_p10_cp315,-1833.5003881978853,1.0,head
h_p10_cp316,-2250.4983355223662,1.0,head
h_p10_cp317,-1833.5003881979458,1.0,head
h_p10_cp318,-2250.4983355224144,1.0,head
h_p10_cp319,-1833.5003881979853,1.0,head
h_p10_cp320,-2250.4983355225245,1.0,head
h_p10_cp321,-1833.5003881980097,1.0,head
h_p10_cp322,-2250.4983355226827,1.0,head
h_p10_cp323,-1833.5003881980244,1.0,head
h_p10_cp324,-2250.4983355228683,1.0,head
h_p10_cp325,-1833.500388198033,1.0,head
h_p10_cp326,-2250.49833552306,1.0,head
h_p10_cp327,-1833.5003881980385,1.0,head
h_p10_cp328,-2250.4983355232416,1.0,head
h_p10_cp329,-1833.5003881980417,1.0,head
h_p10_cp330,-2250.4983355234003,1.0,head
h_p10_cp331,-1833.500388198043,1.0,head
h_p10_cp332,-2250.4983355235318,1.0,head
h_p10_cp333,-1833.5003881980433,1.0,head
h_p10_cp334,-2250.498335523634,1.0,head
h_p10_cp335,-1833.5003881980426,1.0,head
h_p10_cp336,-2250.498335523711,1.0,head
h_p10_cp337,-1833.5003881980397,1.0,head
h_p10_cp338,-2250.49833552377,1.0,head
h_p10_cp339,-1833.5003881980322,1.0,head
h_p10_cp340,-2250.4983355238237,1.0,head
h_p10_cp341,-1833.5003881980113,1.0,head
h_p10_cp342,-2250.498335523894,1.0,head
h_p10_cp343,-1833.5003881979517,1.0,head
h_p10_cp344,-2250.4983355240397,1.0,head
h_p10_cp345,-1833.5003881977857,1.0,head
h_p10_cp346,-2250.498335524405,1.0,head
h_p10_cp347,-1833.5003881973275,1.0,head
h_p10_cp348,-2250.49833552537,1.0,head
h_p10_cp349,-1833.5003881960788,1.0,head
h_p10_cp350,-2250.4983355279264,1.0,head
h_p10_cp351,-1833.5003881927191,1.0,head
h_p10_cp352,-2250.4983355346208,1.0,head
h_p10_cp353,-1833.5003881838038,1.0,head
h_p10_cp354,-2250.4983355519,1.0,head
h_p10_cp355,-1833.5003881604916,1.0,head
h_p10_cp356,-2250.498335595766,1.0,head
h_p10_cp357,-1833.5003881004945,1.0,head
h_p10_cp358,-2250.4983357051738,1.0,head
h_p10_cp359,-1833.5003879487042,1.0,head
h_p10_cp360,-2250.4983359728926,1.0,head
h_p10_cp361,-1833.5003875717384,1.0,head
h_p10_cp362,-2250.4983366147053,1.0,head
h_p10_cp363,-1833.5003866542136,1.0,head
h_p10_cp364,-2250.498338119831,1.0,head
h_p10_cp365,-1833.5003844694556,1.0,head
h_p10_cp366,-2250.4983415670436,1.0,head
h_p10_cp367,-1833.5003793908245,1.0,head
h_p10_cp368,-2250.498349264658,1.0,head
h_p10_cp369,-1833.5003678940184,1.0,head
h_p10_cp370,-2250.4983659941477,1.0,head
h_p10_cp371,-1833.5003426235594,1.0,head
h_p11_cp0,-2250.3576016016286,1.0,head
h_p11_cp1,-2250.357601556502,1.0,head
h_p11_cp2,-2245.585815143277,1.0,head
h_p11_cp3,-2245.5858151153666,1.0,head
h_p11_cp4,-2240.633210961837,1.0,head
h_p11_cp5,-2240.6332109450595,1.0,head
h_p11_cp6,-2235.5782238730376,1.0,head
h_p11_cp7,-2235.578223862841,1.0,head
h_p11_cp8,-2230.468101892436,1.0,head
h_p11_cp9,-2230.4681018861884,1.0,head
h_p11_cp10,-2225.3295839513157,1.0,head
h_p11_cp11,-2225.3295839475327,1.0,head
h_p11_cp12,-2220.177012132754,1.0,head
h_p11_cp13,-2220.177012130528,1.0,head
h_p11_cp14,-2215.017728603647,1.0,head
h_p11_cp15,-2215.0177286023822,1.0,head
h_p11_cp16,-2209.8553411607363,1.0,head
h_p11_cp17,-2209.855341160042,1.0,head
h_p11_cp18,-2204.6915594052225,1.0,head
h_p11_cp19,-2204.691559404851,1.0,head
h_p11_cp20,-2199.5271676285124,1.0,head
h_p11_cp21,-2199.527167628315,1.0,head
h_p11_cp22,-2194.3625153102475,1.0,head
h_p11_cp23,-2194.362515310136,1.0,head
h_p11_cp24,-2189.197754137852,1.0,head
h_p11_cp25,-2189.197754137773,1.0,head
h_p11_cp26,-2184.0329483966048,1.0,head
h_p11_cp27,-2184.032948396522,1.0,head
h_p11_cp28,-2178.8681247439663,1.0,head
h_p11_cp29,-2178.868124743848,1.0,head
h_p11_cp30,-2173.7032940158806,1.0,head
h_p11_cp31,-2173.703294015686,1.0,head
h_p11_cp32,-2168.538460537017,1.0,head
h_p11_cp33,-2168.538460536691,1.0,head
h_p11_cp34,-2163.3736260044248,1.0,head
h_p11_cp35,-2163.3736260038913,1.0,head
h_p11_cp36,-2158.2087910736955,1.0,head
h_p11_cp37,-2158.208791072848,1.0,head
h_p11_cp38,-2153.0439559944316,1.0,head
h_p11_cp39,-2153.043955993133,1.0,head
h_p11_cp40,-2147.8791208603693,1.0,head
h_p11_cp41,-2147.879120858461,1.0,head
h_p11_cp42,-2142.7142857062536,1.0,head
h_p11_cp43,-2142.7142857035724,1.0,head
h_p11_cp44,-2137.549450544784,1.0,head
h_p11_cp45,-2137.5494505412003,1.0,head
h_p11_cp46,-2132.3846153805284,1.0,head
h_p11_cp47,-2132.384615375992,1.0,head
h_p11_cp48,-2127.2197802150818,1.0,head
h_p11_cp49,-2127.219780209683,1.0,head
h_p11_cp50,-2122.0549450489843,1.0,head
h_p11_cp51,-2122.0549450430026,1.0,head
h_p11_cp52,-2116.890109882426,1.0,head
h_p11_cp53,-2116.8901098763477,1.0,head
h_p11_cp54,-2111.7252747155285,1.0,head
h_p11_cp55,-2111.7252747100188,1.0,head
h_p11_cp56,-2106.5604395484515,1.0,head
h_p11_cp57,-2106.560439544254,1.0,head
h_p11_cp58,-2101.3956043814073,1.0,head
h_p11_cp59,-2101.395604379208,1.0,head
h_p11_cp60,-2096.2307692146587,1.0,head
h_p11_cp61,-2096.2307692149325,1.0,head
h_p11_cp62,-2091.0659340484635,1.0,head
h_p11_cp63,-2091.0659340513603,1.0,head
h_p11_cp64,-2085.901098883012,1.0,head
h_p11_cp65,-2085.901098888325,1.0,head
h_p11_cp66,-2080.736263718367,1.0,head
h_p11_cp67,-2080.736263725597,1.0,head
h_p11_cp68,-2075.571428554447,1.0,head
h_p11_cp69,-2075.5714285629383,1.0,head
h_p11_cp70,-2070.406593391042,1.0,head
h_p11_cp71,-2070.4065934001433,1.0,head
h_p11_cp72,-2065.2417582278763,1.0,head
h_p11_cp73,-2065.2417582370736,1.0,head
h_p11_cp74,-2060.0769230646747,1.0,head
h_p11_cp75,-2060.0769230736587,1.0,head
h_p11_cp76,-2054.912087901227,1.0,head
h_p11_cp77,-2054.9120879098928,1.0,head
h_p11_cp78,-2049.747252737426,1.0,head
h_p11_cp79,-2049.747252745809,1.0,head
h_p11_cp80,-2044.582417573275,1.0,head
h_p11_cp81,-2044.582417581466,1.0,head
h_p11_cp82,-2039.417582408859,1.0,head
h_p11_cp83,-2039.417582416924,1.0,head
h_p11_cp84,-2034.2527472443142,1.0,head
h_p11_cp85,-2034.2527472522406,1.0,head
h_p11_cp86,-2029.0879120797763,1.0,head
h_p11_cp87,-2029.08791208746,1.0,head
h_p11_cp88,-2023.9230769153503,1.0,head
h_p11_cp89,-2023.9230769226185,1.0,head
h_p11_cp90,-2018.7582417510846,1.0,head
h_p11_cp91,-2018.7582417577398,1.0,head
h_p11_cp92,-2013.5934065869747,1.0,head
h_p11_cp93,-2013.593406592843,1.0,head
h_p11_cp94,-2008.4285714229711,1.0,head
h_p11_cp95,-2008.428571427941,1.0,head
h_p11_cp96,-2003.2637362590094,1.0,head
h_p11_cp97,-2003.263736263047,1.0,head
h_p11_cp98,-1998.0989010950268,1.0,head
h_p11_cp99,-1998.0989010981734,1.0,head
h_p11_cp100,-1992.9340659309817,1.0,head
h_p11_cp101,-1992.9340659333361,1.0,head
h_p11_cp102,-1987.7692307668542,1.0,head
h_p11_cp103,-1987.7692307685481,1.0,head
h_p11_cp104,-1982.604395602649,1.0,head
h_p11_cp105,-1982.6043956038225,1.0,head
h_p11_cp106,-1977.4395604383767,1.0,head
h_p11_cp107,-1977.4395604391605,1.0,head
h_p11_cp108,-1972.2747252740478,1.0,head
h_p11_cp109,-1972.2747252745544,1.0,head
h_p11_cp110,-1967.1098901096695,1.0,head
h_p11_cp111,-1967.1098901099865,1.0,head
h_p11_cp112,-1961.9450549452638,1.0,head
h_p11_cp113,-1961.9450549454564,1.0,head
h_p11_cp114,-1956.7802197808978,1.0,head
h_p11_cp115,-1956.7802197810115,1.0,head
h_p11_cp116,-1951.6153846167676,1.0,head
h_p11_cp117,-1951.6153846168334,1.0,head
h_p11_cp118,-1946.4505494534621,1.0,head
h_p11_cp119,-1946.4505494534992,1.0,head
h_p11_cp120,-1941.2857142926457,1.0,head
h_p11_cp121,-1941.285714292666,1.0,head
h_p11_cp122,-1936.1208791389524,1.0,head
h_p11_cp123,-1936.120879138963,1.0,head
h_p11_cp124,-1930.9560440051357,1.0,head
h_p11_cp125,-1930.9560440051412,1.0,head
h_p11_cp126,-1925.7912089259578,1.0,head
h_p11_cp127,-1925.7912089259605,1.0,head
h_p11_cp128,-1920.6263739951003,1.0,head
h_p11_cp129,-1920.626373995101,1.0,head
h_p11_cp130,-1915.461539461934,1.0,head
h_p11_cp131,-1915.461539461934,1.0,head
h_p11_cp132,-1910.2967059813677,1.0,head
h_p11_cp133,-1910.2967059813666,1.0,head
h_p11_cp134,-1905.1318752485904,1.0,head
h_p11_cp135,-1905.131875248587,1.0,head
h_p11_cp136,-1899.9670515833313,1.0,head
h_p11_cp137,-1899.9670515833247,1.0,head
h_p11_cp138,-1894.8022458086489,1.0,head
h_p11_cp139,-1894.8022458086373,1.0,head
h_p11_cp140,-1889.6374845489536,1.0,head
h_p11_cp141,-1889.6374845489343,1.0,head
h_p11_cp142,-1884.4728320061747,1.0,head
h_p11_cp143,-1884.4728320061445,1.0,head
h_p11_cp144,-1879.3084396613572,1.0,head
h_p11_cp145,-1879.3084396613115,1.0,head
h_p11_cp146,-1874.144656493228,1.0,head
h_p11_cp147,-1874.1446564931612,1.0,head
h_p11_cp148,-1868.98226560363,1.0,head
h_p11_cp149,-1868.9822656035371,1.0,head
h_p11_cp150,-1863.82297383568,1.0,head
h_p11_cp151,-1863.822973835559,1.0,head
h_p11_cp152,-1858.6703827581066,1.0,head
h_p11_cp153,-1858.6703827579568,1.0,head
h_p11_cp154,-1853.531820880101,1.0,head
h_p11_cp155,-1853.5318208799265,1.0,head
h_p11_cp156,-1848.421601293411,1.0,head
h_p11_cp157,-1848.4216012932202,1.0,head
h_p11_cp158,-1843.3664035830045,1.0,head
h_p11_cp159,-1843.3664035828074,1.0,head
h_p11_cp160,-1838.4133591031434,1.0,head
h_p11_cp161,-1838.4133591029492,1.0,head
h_p11_cp162,-1833.6406834506604,1.0,head
h_p11_cp163,-1833.640683450474,1.0,head
h_p11_cp164,-2250.3575556740507,1.0,head
h_p11_cp165,-1833.6407569102173,1.0,head
h_p11_cp166,-2250.357533274739,1.0,head
h_p11_cp167,-1833.6407924265202,1.0,head
h_p11_cp168,-2250.357522652733,1.0,head
h_p11_cp169,-1833.6408090491059,1.0,head
h_p11_cp170,-2250.357517748393,1.0,head
h_p11_cp171,-1833.6408166053727,1.0,head
h_p11_cp172,-2250.3575155403914,1.0,head
h_p11_cp173,-1833.640819950705,1.0,head
h_p11_cp174,-2250.3575145696204,1.0,head
h_p11_cp175,-1833.6408213964523,1.0,head
h_p11_cp176,-2250.3575141521987,1.0,head
h_p11_cp177,-1833.6408220075698,1.0,head
h_p11_cp178,-2250.357513976411,1.0,head
h_p11_cp179,-1833.6408222606656,1.0,head
h_p11_cp180,-2250.3575139038103,1.0,head
h_p11_cp181,-1833.6408223635228,1.0,head
h_p11_cp182,-2250.357513874367,1.0,head
h_p11_cp183,-1833.6408224045967,1.0,head
h_p11_cp184,-2250.357513862629,1.0,head
h_p11_cp185,-1833.6408224207332,1.0,head
h_p11_cp186,-2250.3575138580236,1.0,head
h_p11_cp187,-1833.640822426977,1.0,head
h_p11_cp188,-2250.357513856243,1.0,head
h_p11_cp189,-1833.6408224293589,1.0,head
h_p11_cp190,-2250.357513855564,1.0,head
h_p11_cp191,-1833.6408224302554,1.0,head
h_p11_cp192,-2250.3575138553088,1.0,head
h_p11_cp193,-1833.6408224305887,1.0,head
h_p11_cp194,-2250.3575138552137,1.0,head
h_p11_cp195,-1833.6408224307108,1.0,head
h_p11_cp196,-2250.357513855178,1.0,head
h_p11_cp197,-1833.6408224307547,1.0,head
h_p11_cp198,-2250.357513855164,1.0,head
h_p11_cp199,-1833.6408224307704,1.0,head
h_p11_cp200,-2250.3575138551587,1.0,head
h_p11_cp201,-1833.6408224307763,1.0,head
h_p11_cp202,-2250.357513855155,1.0,head
h_p11_cp203,-1833.6408224307777,1.0,head
h_p11_cp204,-2250.3575138551532,1.0,head
h_p11_cp205,-1833.640822430778,1.0,head
h_p11_cp206,-2250.3575138551523,1.0,head
h_p11_cp207,-1833.640822430777,1.0,head
h_p11_cp208,-2250.357513855151,1.0,head
h_p11_cp209,-1833.6408224307759,1.0,head
h_p11_cp210,-2250.35751385515,1.0,head
h_p11_cp211,-1833.6408224307743,1.0,head
h_p11_cp212,-2250.3575138551496,1.0,head
h_p11_cp213,-1833.6408224307722,1.0,head
h_p11_cp214,-2250.3575138551496,1.0,head
h_p11_cp215,-1833.6408224307704,1.0,head
h_p11_cp216,-2250.35751385515,1.0,head
h_p11_cp217,-1833.6408224307688,1.0,head
h_p11_cp218,-2250.357513855151,1.0,head
h_p11_cp219,-1833.6408224307675,1.0,head
h_p11_cp220,-2250.357513855152,1.0,head
h_p11_cp221,-1833.6408224307659,1.0,head
h_p11_cp222,-2250.3575138551532,1.0,head
h_p11_cp223,-1833.640822430764,1.0,head
h_p11_cp224,-2250.357513855154,1.0,head
h_p11_cp225,-1833.640822430761,1.0,head
h_p11_cp226,-2250.357513855155,1.0,head
h_p11_cp227,-1833.6408224307563,1.0,head
h_p11_cp228,-2250.357513855157,1.0,head
h_p11_cp229,-1833.6408224307456,1.0,head
h_p11_cp230,-2250.357513855158,1.0,head
h_p11_cp231,-1833.640822430725,1.0,head
h_p11_cp232,-2250.357513855158,1.0,head
h_p11_cp233,-1833.6408224306847,1.0,head
h_p11_cp234,-2250.3575138551587,1.0,head
h_p11_cp235,-1833.6408224306115,1.0,head
h_p11_cp236,-2250.3575138551587,1.0,head
h_p11_cp237,-1833.6408224304826,1.0,head
h_p11_cp238,-2250.3575138551582,1.0,head
h_p11_cp239,-1833.640822430264,1.0,head
h_p11_cp240,-2250.3575138551582,1.0,head
h_p11_cp241,-1833.640822429907,1.0,head
h_p11_cp242,-2250.357513855158,1.0,head
h_p11_cp243,-1833.6408224293466,1.0,head
h_p11_cp244,-2250.3575138551573,1.0,head
h_p11_cp245,-1833.6408224285024,1.0,head
h_p11_cp246,-2250.3575138551564,1.0,head
h_p11_cp247,-1833.6408224272875,1.0,head
h_p11_cp248,-2250.3575138551546,1.0,head
h_p11_cp249,-1833.6408224256224,1.0,head
h_p11_cp250,-2250.3575138551532,1.0,head
h_p11_cp251,-1833.6408224234594,1.0,head
h_p11_cp252,-2250.3575138551514,1.0,head
h_p11_cp253,-1833.6408224208137,1.0,head
h_p11_cp254,-2250.357513855149,1.0,head
h_p11_cp255,-1833.64082241779,1.0,head
h_p11_cp256,-2250.357513855147,1.0,head
h_p11_cp257,-1833.6408224146012,1.0,head
h_p11_cp258,-2250.357513855144,1.0,head
h_p11_cp259,-1833.6408224115564,1.0,head
h_p11_cp260,-2250.357513855142,1.0,head
h_p11_cp261,-1833.640822409019,1.0,head
h_p11_cp262,-2250.3575138551414,1.0,head
h_p11_cp263,-1833.6408224073352,1.0,head
h_p11_cp264,-2250.357513855142,1.0,head
h_p11_cp265,-1833.6408224067554,1.0,head
h_p11_cp266,-2250.357513855143,1.0,head
h_p11_cp267,-1833.640822407364,1.0,head
h_p11_cp268,-2250.357513855145,1.0,head
h_p11_cp269,-1833.640822409059,1.0,head
h_p11_cp270,-2250.3575138551473,1.0,head
h_p11_cp271,-1833.640822411575,1.0,head
h_p11_cp272,-2250.3575138551496,1.0,head
h_p11_cp273,-1833.640822414551,1.0,head
h_p11_cp274,-2250.357513855152,1.0,head
h_p11_cp275,-1833.6408224176091,1.0,head
h_p11_cp276,-2250.357513855153,1.0,head
h_p11_cp277,-1833.640822420429,1.0,head
h_p11_cp278,-2250.3575138551523,1.0,head
h_p11_cp279,-1833.6408224227887,1.0,head
h_p11_cp280,-2250.357513855151,1.0,head
h_p11_cp281,-1833.640822424579,1.0,head
h_p11_cp282,-2250.3575138551455,1.0,head
h_p11_cp283,-1833.6408224257923,1.0,head
h_p11_cp284,-2250.357513855136,1.0,head
h_p11_cp285,-1833.6408224264949,1.0,head
h_p11_cp286,-2250.357513855119,1.0,head
h_p11_cp287,-1833.6408224268025,1.0,head
h_p11_cp288,-2250.3575138550905,1.0,head
h_p11_cp289,-1833.6408224268534,1.0,head
h_p11_cp290,-2250.357513855046,1.0,head
h_p11_cp291,-1833.640822426786,1.0,head
h_p11_cp292,-2250.357513854977,1.0,head
h_p11_cp293,-1833.6408224267213,1.0,head
h_p11_cp294,-2250.357513854875,1.0,head
h_p11_cp295,-1833.640822426749,1.0,head
h_p11_cp296,-2250.3575138547294,1.0,head
h_p11_cp297,-1833.6408224269173,1.0,head
h_p11_cp298,-2250.357513854531,1.0,head
h_p11_cp299,-1833.6408224272332,1.0,head
h_p11_cp300,-2250.3575138542733,1.0,head
h_p11_cp301,-1833.6408224276684,1.0,head
h_p11_cp302,-2250.357513853953,1.0,head
h_p11_cp303,-1833.6408224281745,1.0,head
h_p11_cp304,-2250.3575138535784,1.0,head
h_p11_cp305,-1833.6408224286963,1.0,head
h_p11_cp306,-2250.3575138531673,1.0,head
h_p11_cp307,-1833.6408224291872,1.0,head
h_p11_cp308,-2250.3575138527494,1.0,head
h_p11_cp309,-1833.6408224296147,1.0,head
h_p11_cp310,-2250.357513852365,1.0,head
h_p11_cp311,-1833.640822429962,1.0,head
h_p11_cp312,-2250.357513852059,1.0,head
h_p11_cp313,-1833.6408224302284,1.0,head
h_p11_cp314,-2250.3575138518695,1.0,head
h_p11_cp315,-1833.640822430422,1.0,head
h_p11_cp316,-2250.357513851823,1.0,head
h_p11_cp317,-1833.640822430556,1.0,head
h_p11_cp318,-2250.3575138519277,1.0,head
h_p11_cp319,-1833.6408224306447,1.0,head
h_p11_cp320,-2250.3575138521687,1.0,head
h_p11_cp321,-1833.6408224307006,1.0,head
h_p11_cp322,-2250.357513852515,1.0,head
h_p11_cp323,-1833.640822430735,1.0,head
h_p11_cp324,-2250.3575138529222,1.0,head
h_p11_cp325,-1833.6408224307552,1.0,head
h_p11_cp326,-2250.3575138533456,1.0,head
h_p11_cp327,-1833.6408224307672,1.0,head
h_p11_cp328,-2250.3575138537485,1.0,head
h_p11_cp329,-1833.6408224307738,1.0,head
h_p11_cp330,-2250.357513854105,1.0,head
h_p11_cp331,-1833.6408224307768,1.0,head
h_p11_cp332,-2250.3575138544015,1.0,head
h_p11_cp333,-1833.640822430778,1.0,head
h_p11_cp334,-2250.3575138546353,1.0,head
h_p11_cp335,-1833.6408224307766,1.0,head
h_p11_cp336,-2250.357513854813,1.0,head
h_p11_cp337,-1833.6408224307709,1.0,head
h_p11_cp338,-2250.357513854949,1.0,head
h_p11_cp339,-1833.6408224307552,1.0,head
h_p11_cp340,-2250.35751385507,1.0,head
h_p11_cp341,-1833.6408224307108,1.0,head
h_p11_cp342,-2250.3575138552205,1.0,head
h_p11_cp343,-1833.6408224305883,1.0,head
h_p11_cp344,-2250.3575138555107,1.0,head
h_p11_cp345,-1833.640822430255,1.0,head
h_p11_cp346,-2250.3575138562082,1.0,head
h_p11_cp347,-1833.6408224293586,1.0,head
h_p11_cp348,-2250.3575138579945,1.0,head
h_p11_cp349,-1833.640822426977,1.0,head
h_p11_cp350,-2250.3575138625924,1.0,head
h_p11_cp351,-1833.640822420733,1.0,head
h_p11_cp352,-2250.357513874299,1.0,head
h_p11_cp353,-1833.640822404596,1.0,head
h_p11_cp354,-2250.3575139036634,1.0,head
h_p11_cp355,-1833.6408223635217,1.0,head
h_p11_cp356,-2250.3575139760937,1.0,head
h_p11_cp357,-1833.6408222606633,1.0,head
h_p11_cp358,-2250.357514151525,1.0,head
h_p11_cp359,-1833.640822007565,1.0,head
h_p11_cp360,-2250.3575145682285,1.0,head
h_p11_cp361,-1833.6408213964432,1.0,head
h_p11_cp362,-2250.357515537617,1.0,head
h_p11_cp363,-1833.6408199506886,1.0,head
h_p11_cp364,-2250.3575177430716,1.0,head
h_p11_cp365,-1833.6408166053454,1.0,head
h_p11_cp366,-2250.357522642955,1.0,head
h_p11_cp367,-1833.6408090490604,1.0,head
h_p11_cp368,-2250.357533257599,1.0,head
h_p11_cp369,-1833.6407924264454,1.0,head
h_p11_cp370,-2250.3575556454934,1.0,head
h_p11_cp371,-1833.6407569100973,1.0,head
h_p12_cp0,-2250.207176318902,1.0,head
h_p12_cp1,-2250.2071762694836,1.0,head
h_p12_cp2,-2245.4927111828556,1.0,head
h_p12_cp3,-2245.4927111508855,1.0,head
h_p12_cp4,-2240.578699771409,1.0,head
h_p12_cp5,-2240.5786997515943,1.0,head
h_p12_cp6,-2235.547854779935,1.0,head
h_p12_cp7,-2235.5478547677776,1.0,head
h_p12_cp8,-2230.4519192078865,1.0,head
h_p12_cp9,-2230.4519192004364,1.0,head
h_p12_cp10,-2225.3212988209807,1.0,head
h_p12_cp11,-2225.321298816458,1.0,head
h_p12_cp12,-2220.17292062839,1.0,head
h_p12_cp13,-2220.1729206257014,1.0,head
h_p12_cp14,-2215.0157729694156,1.0,head
h_p12_cp15,-2215.0157729678626,1.0,head
h_p12_cp16,-2209.854433734558,1.0,head
h_p12_cp17,-2209.8544337336866,1.0,head
h_p12_cp18,-2204.691149586865,1.0,head
h_p12_cp19,-2204.6911495863847,1.0,head
h_p12_cp20,-2199.52698706587,1.0,head
h_p12_cp21,-2199.526987065602,1.0,head
h_p12_cp22,-2194.3624375418503,1.0,head
h_p12_cp23,-2194.362437541684,1.0,head
h_p12_cp24,-2189.1977213359805,1.0,head
h_p12_cp25,-2189.197721335842,1.0,head
h_p12_cp26,-2184.0329348256946,1.0,head
h_p12_cp27,-2184.032934825527,1.0,head
h_p12_cp28,-2178.86811922886,1.0,head
h_p12_cp29,-2178.8681192286026,1.0,head
h_p12_cp30,-2173.703291811486,1.0,head
h_p12_cp31,-2173.7032918110604,1.0,head
h_p12_cp32,-2168.538459669409,1.0,head
h_p12_cp33,-2168.5384596687036,1.0,head
h_p12_cp34,-2163.3736256677835,1.0,head
h_p12_cp35,-2163.373625666644,1.0,head
h_p12_cp36,-2158.208790944705,1.0,head
h_p12_cp37,-2158.2087909429197,1.0,head
h_p12_cp38,-2153.0439559454,1.0,head
h_p12_cp39,-2153.043955942706,1.0,head
h_p12_cp40,-2147.87912084155,1.0,head
h_p12_cp41,-2147.8791208376474,1.0,head
h_p12_cp42,-2142.7142856984447,1.0,head
h_p12_cp43,-2142.714285693038,1.0,head
h_p12_cp44,-2137.549450540552,1.0,head
h_p12_cp45,-2137.5494505334195,1.0,head
h_p12_cp46,-2132.384615376881,1.0,head
h_p12_cp47,-2132.384615367971,1.0,head
h_p12_cp48,-2127.2197802106703,1.0,head
h_p12_cp49,-2127.2197802002047,1.0,head
h_p12_cp50,-2122.054945043064,1.0,head
h_p12_cp51,-2122.054945031623,1.0,head
h_p12_cp52,-2116.8901098745105,1.0,head
h_p12_cp53,-2116.8901098630554,1.0,head
h_p12_cp54,-2111.7252747053135,1.0,head
h_p12_cp55,-2111.7252746951162,1.0,head
h_p12_cp56,-2106.560439535827,1.0,head
h_p12_cp57,-2106.5604395282894,1.0,head
h_p12_cp58,-2101.395604366496,1.0,head
h_p12_cp59,-2101.3956043628878,1.0,head
h_p12_cp60,-2096.2307691978294,1.0,head
h_p12_cp61,-2096.230769199013,1.0,head
h_p12_cp62,-2091.0659340303046,1.0,head
h_p12_cp63,-2091.0659340365387,1.0,head
h_p12_cp64,-2085.90109886426,1.0,head
h_p12_cp65,-2085.901098875145,1.0,head
h_p12_cp66,-2080.736263699794,1.0,head
h_p12_cp67,-2080.736263714392,1.0,head
h_p12_cp68,-2075.5714285367385,1.0,head
h_p12_cp69,-2075.571428553821,1.0,head
h_p12_cp70,-2070.406593374691,1.0,head
h_p12_cp71,-2070.406593393034,1.0,head
h_p12_cp72,-2065.241758213126,1.0,head
h_p12_cp73,-2065.2417582317535,1.0,head
h_p12_cp74,-2060.076923051521,1.0,head
h_p12_cp75,-2060.076923069833,1.0,head
h_p12_cp76,-2054.9120878894755,1.0,head
h_p12_cp77,-2054.912087907246,1.0,head
h_p12_cp78,-2049.7472527267782,1.0,head
h_p12_cp79,-2049.747252744047,1.0,head
h_p12_cp80,-2044.5824175634255,1.0,head
h_p12_cp81,-2044.5824175803373,1.0,head
h_p12_cp82,-2039.4175823995756,1.0,head
h_p12_cp83,-2039.417582416231,1.0,head
h_p12_cp84,-2034.2527472354814,1.0,head
h_p12_cp85,-2034.252747251837,1.0,head
h_p12_cp86,-2029.087912071401,1.0,head
h_p12_cp87,-2029.0879120872437,1.0,head
h_p12_cp88,-2023.923076907534,1.0,head
h_p12_cp89,-2023.923076922521,1.0,head
h_p12_cp90,-2018.7582417439762,1.0,head
h_p12_cp91,-2018.758241757718,1.0,head
h_p12_cp92,-2013.5934065807185,1.0,head
h_p12_cp93,-2013.5934065928707,1.0,head
h_p12_cp94,-2008.4285714176672,1.0,head
h_p12_cp95,-2008.4285714280027,1.0,head
h_p12_cp96,-2003.26373625469,1.0,head
h_p12_cp97,-2003.2637362631342,1.0,head
h_p12_cp98,-1998.0989010916537,1.0,head
h_p12_cp99,-1998.0989010982807,1.0,head
h_p12_cp100,-1992.9340659284587,1.0,head
h_p12_cp101,-1992.934065933457,1.0,head
h_p12_cp102,-1987.7692307650468,1.0,head
h_p12_cp103,-1987.7692307686748,1.0,head
h_p12_cp104,-1982.6043956014046,1.0,head
h_p12_cp105,-1982.6043956039425,1.0,head
h_p12_cp106,-1977.439560437544,1.0,head
h_p12_cp107,-1977.4395604392585,1.0,head
h_p12_cp108,-1972.2747252734969,1.0,head
h_p12_cp109,-1972.274725274617,1.0,head
h_p12_cp110,-1967.109890109309,1.0,head
h_p12_cp111,-1967.1098901100183,1.0,head
h_p12_cp112,-1961.9450549450687,1.0,head
h_p12_cp113,-1961.945054945505,1.0,head
h_p12_cp114,-1956.7802197809601,1.0,head
h_p12_cp115,-1956.780219781221,1.0,head
h_p12_cp116,-1951.6153846174336,1.0,head
h_p12_cp117,-1951.615384617586,1.0,head
h_p12_cp118,-1946.450549455721,1.0,head
h_p12_cp119,-1946.4505494558082,1.0,head
h_p12_cp120,-1941.2857142991875,1.0,head
h_p12_cp121,-1941.2857142992361,1.0,head
h_p12_cp122,-1936.1208791569743,1.0,head
h_p12_cp123,-1936.1208791570004,1.0,head
h_p12_cp124,-1930.9560440536507,1.0,head
h_p12_cp125,-1930.9560440536643,1.0,head
h_p12_cp126,-1925.7912090545406,1.0,head
h_p12_cp127,-1925.7912090545474,1.0,head
h_p12_cp128,-1920.6263743312225,1.0,head
h_p12_cp129,-1920.6263743312252,1.0,head
h_p12_cp130,-1915.4615403284845,1.0,head
h_p12_cp131,-1915.4615403284852,1.0,head
h_p12_cp132,-1910.296708183158,1.0,head
h_p12_cp133,-1910.2967081831566,1.0,head
h_p12_cp134,-1905.131880757032,1.0,head
h_p12_cp135,-1905.1318807570278,1.0,head
h_p12_cp136,-1899.967065137238,1.0,head
h_p12_cp137,-1899.9670651372303,1.0,head
h_p12_cp138,-1894.8022785677024,1.0,head
h_p12_cp139,-1894.8022785676885,1.0,head
h_p12_cp140,-1889.6375622112294,1.0,head
h_p12_cp141,-1889.6375622112068,1.0,head
h_p12_cp142,-1884.4730123103786,1.0,head
h_p12_cp143,-1884.4730123103432,1.0,head
h_p12_cp144,-1879.3088488622002,1.0,head
h_p12_cp145,-1879.3088488621474,1.0,head
h_p12_cp146,-1874.1455624740397,1.0,head
h_p12_cp147,-1874.1455624739644,1.0,head
h_p12_cp148,-1868.9842179297877,1.0,head
h_p12_cp149,-1868.9842179296857,1.0,head
h_p12_cp150,-1863.827057951388,1.0,head
h_p12_cp151,-1863.827057951256,1.0,head
h_p12_cp152,-1858.678651820469,1.0,head
h_p12_cp153,-1858.678651820307,1.0,head
h_p12_cp154,-1853.5479696299515,1.0,head
h_p12_cp155,-1853.547969629764,1.0,head
h_p12_cp156,-1848.4519009877008,1.0,head
h_p12_cp157,-1848.4519009874966,1.0,head
h_p12_cp158,-1843.4207777890097,1.0,head
h_p12_cp159,-1843.420777788798,1.0,head
h_p12_cp160,-1838.5062030217684,1.0,head
h_p12_cp161,-1838.5062030215581,1.0,head
h_p12_cp162,-1833.7906357967847,1.0,head
h_p12_cp163,-1833.790635796581,1.0,head
h_p12_cp164,-2250.207118422844,1.0,head
h_p12_cp165,-1833.790733159199,1.0,head
h_p12_cp166,-2250.207089405367,1.0,head
h_p12_cp167,-1833.7907814563014,1.0,head
h_p12_cp168,-2250.2070752548266,1.0,head
h_p12_cp169,-1833.7908046638834,1.0,head
h_p12_cp170,-2250.2070685335566,1.0,head
h_p12_cp171,-1833.7908154992688,1.0,head
h_p12_cp172,-2250.2070654201248,1.0,head
h_p12_cp173,-1833.7908204271152,1.0,head
h_p12_cp174,-2250.207064011757,1.0,head
h_p12_cp175,-1833.7908226148531,1.0,head
h_p12_cp176,-2250.2070633887893,1.0,head
h_p12_cp177,-1833.7908235647199,1.0,head
h_p12_cp178,-2250.207063118977,1.0,head
h_p12_cp179,-1833.7908239687076,1.0,head
h_p12_cp180,-2250.2070630044122,1.0,head
h_p12_cp181,-1833.7908241372638,1.0,head
h_p12_cp182,-2250.207062956663,1.0,head
h_p12_cp183,-1833.7908242063445,1.0,head
h_p12_cp184,-2250.207062937107,1.0,head
h_p12_cp185,-1833.7908242341884,1.0,head
h_p12_cp186,-2250.2070629292284,1.0,head
h_p12_cp187,-1833.7908242452372,1.0,head
h_p12_cp188,-2250.2070629261016,1.0,head
h_p12_cp189,-1833.7908242495578,1.0,head
h_p12_cp190,-2250.207062924879,1.0,head
h_p12_cp191,-1833.7908242512242,1.0,head
h_p12_cp192,-2250.2070629244067,1.0,head
h_p12_cp193,-1833.7908242518583,1.0,head
h_p12_cp194,-2250.207062924226,1.0,head
h_p12_cp195,-1833.7908242520969,1.0,head
h_p12_cp196,-2250.207062924156,1.0,head
h_p12_cp197,-1833.7908242521848,1.0,head
h_p12_cp198,-2250.207062924129,1.0,head
h_p12_cp199,-1833.790824252217,1.0,head
h_p12_cp200,-2250.207062924117,1.0,head
h_p12_cp201,-1833.790824252228,1.0,head
h_p12_cp202,-2250.2070629241107,1.0,head
h_p12_cp203,-1833.7908242522317,1.0,head
h_p12_cp204,-2250.207062924106,1.0,head
h_p12_cp205,-1833.7908242522312,1.0,head
h_p12_cp206,-2250.207062924103,1.0,head
h_p12_cp207,-1833.7908242522296,1.0,head
h_p12_cp208,-2250.2070629241007,1.0,head
h_p12_cp209,-1833.7908242522271,1.0,head
h_p12_cp210,-2250.2070629240993,1.0,head
h_p12_cp211,-1833.790824252224,1.0,head
h_p12_cp212,-2250.2070629240984,1.0,head
h_p12_cp213,-1833.7908242522203,1.0,head
h_p12_cp214,-2250.2070629240984,1.0,head
h_p12_cp215,-1833.7908242522162,1.0,head
h_p12_cp216,-2250.2070629241,1.0,head
h_p12_cp217,-1833.7908242522126,1.0,head
h_p12_cp218,-2250.2070629241016,1.0,head
h_p12_cp219,-1833.7908242522094,1.0,head
h_p12_cp220,-2250.2070629241043,1.0,head
h_p12_cp221,-1833.7908242522058,1.0,head
h_p12_cp222,-2250.207062924107,1.0,head
h_p12_cp223,-1833.7908242522012,1.0,head
h_p12_cp224,-2250.2070629241102,1.0,head
h_p12_cp225,-1833.7908242521942,1.0,head
h_p12_cp226,-2250.2070629241125,1.0,head
h_p12_cp227,-1833.790824252182,1.0,head
h_p12_cp228,-2250.207062924115,1.0,head
h_p12_cp229,-1833.7908242521569,1.0,head
h_p12_cp230,-2250.207062924116,1.0,head
h_p12_cp231,-1833.790824252108,1.0,head
h_p12_cp232,-2250.207062924117,1.0,head
h_p12_cp233,-1833.7908242520168,1.0,head
h_p12_cp234,-2250.207062924118,1.0,head
h_p12_cp235,-1833.7908242518522,1.0,head
h_p12_cp236,-2250.207062924118,1.0,head
h_p12_cp237,-1833.7908242515668,1.0,head
h_p12_cp238,-2250.207062924117,1.0,head
h_p12_cp239,-1833.7908242510896,1.0,head
h_p12_cp240,-2250.2070629241166,1.0,head
h_p12_cp241,-1833.7908242503213,1.0,head
h_p12_cp242,-2250.207062924115,1.0,head
h_p12_cp243,-1833.7908242491314,1.0,head
h_p12_cp244,-2250.2070629241134,1.0,head
h_p12_cp245,-1833.7908242473634,1.0,head
h_p12_cp246,-2250.2070629241102,1.0,head
h_p12_cp247,-1833.7908242448507,1.0,head
h_p12_cp248,-2250.207062924106,1.0,head
h_p12_cp249,-1833.790824241447,1.0,head
h_p12_cp250,-2250.207062924101,1.0,head
h_p12_cp251,-1833.790824237076,1.0,head
h_p12_cp252,-2250.207062924095,1.0,head
h_p12_cp253,-1833.7908242317835,1.0,head
h_p12_cp254,-2250.2070629240875,1.0,head
h_p12_cp255,-1833.7908242257922,1.0,head
h_p12_cp256,-2250.20706292408,1.0,head
h_p12_cp257,-1833.7908242195244,1.0,head
h_p12_cp258,-2250.207062924073,1.0,head
h_p12_cp259,-1833.7908242135807,1.0,head
h_p12_cp260,-2250.2070629240666,1.0,head
h_p12_cp261,-1833.7908242086548,1.0,head
h_p12_cp262,-2250.207062924064,1.0,head
h_p12_cp263,-1833.7908242054011,1.0,head
h_p12_cp264,-2250.2070629240634,1.0,head
h_p12_cp265,-1833.790824204286,1.0,head
h_p12_cp266,-2250.207062924066,1.0,head
h_p12_cp267,-1833.7908242054682,1.0,head
h_p12_cp268,-2250.2070629240716,1.0,head
h_p12_cp269,-1833.790824208753,1.0,head
h_p12_cp270,-2250.207062924078,1.0,head
h_p12_cp271,-1833.7908242136402,1.0,head
h_p12_cp272,-2250.2070629240857,1.0,head
h_p12_cp273,-1833.790824219444,1.0,head
h_p12_cp274,-2250.2070629240925,1.0,head
h_p12_cp275,-1833.7908242254425,1.0,head
h_p12_cp276,-2250.207062924098,1.0,head
h_p12_cp277,-1833.7908242310139,1.0,head
h_p12_cp278,-2250.2070629240993,1.0,head
h_p12_cp279,-1833.79082423572,1.0,head
h_p12_cp280,-2250.207062924096,1.0,head
h_p12_cp281,-1833.7908242393355,1.0,head
h_p12_cp282,-2250.207062924085,1.0,head
h_p12_cp283,-1833.79082424183,1.0,head
h_p12_cp284,-2250.2070629240634,1.0,head
h_p12_cp285,-1833.7908242433232,1.0,head
h_p12_cp286,-2250.2070629240243,1.0,head
h_p12_cp287,-1833.7908242440328,1.0,head
h_p12_cp288,-2250.2070629239597,1.0,head
h_p12_cp289,-1833.7908242442234,1.0,head
h_p12_cp290,-2250.2070629238583,1.0,head
h_p12_cp291,-1833.790824244164,1.0,head
h_p12_cp292,-2250.207062923704,1.0,head
h_p12_cp293,-1833.7908242440908,1.0,head
h_p12_cp294,-2250.2070629234786,1.0,head
h_p12_cp295,-1833.7908242441786,1.0,head
h_p12_cp296,-2250.2070629231603,1.0,head
h_p12_cp297,-1833.790824244525,1.0,head
h_p12_cp298,-2250.2070629227305,1.0,head
h_p12_cp299,-1833.7908242451474,1.0,head
h_p12_cp300,-2250.207062922177,1.0,head
h_p12_cp301,-1833.7908242459973,1.0,head
h_p12_cp302,-2250.207062921497,1.0,head
h_p12_cp303,-1833.7908242469862,1.0,head
h_p12_cp304,-2250.207062920707,1.0,head
h_p12_cp305,-1833.7908242480112,1.0,head
h_p12_cp306,-2250.2070629198465,1.0,head
h_p12_cp307,-1833.7908242489818,1.0,head
h_p12_cp308,-2250.2070629189793,1.0,head
h_p12_cp309,-1833.7908242498336,1.0,head
h_p12_cp310,-2250.2070629181862,1.0,head
h_p12_cp311,-1833.7908242505334,1.0,head
h_p12_cp312,-2250.2070629175564,1.0,head
h_p12_cp313,-1833.790824251076,1.0,head
h_p12_cp314,-2250.2070629171685,1.0,head
h_p12_cp315,-1833.7908242514748,1.0,head
h_p12_cp316,-2250.2070629170757,1.0,head
h_p12_cp317,-1833.790824251754,1.0,head
h_p12_cp318,-2250.2070629172918,1.0,head
h_p12_cp319,-1833.790824251941,1.0,head
h_p12_cp320,-2250.207062917789,1.0,head
h_p12_cp321,-1833.7908242520614,1.0,head
h_p12_cp322,-2250.207062918501,1.0,head
h_p12_cp323,-1833.7908242521362,1.0,head
h_p12_cp324,-2250.2070629193436,1.0,head
h_p12_cp325,-1833.7908242521808,1.0,head
h_p12_cp326,-2250.207062920226,1.0,head
h_p12_cp327,-1833.7908242522074,1.0,head
h_p12_cp328,-2250.2070629210702,1.0,head
h_p12_cp329,-1833.7908242522215,1.0,head
h_p12_cp330,-2250.2070629218238,1.0,head
h_p12_cp331,-1833.790824252229,1.0,head
h_p12_cp332,-2250.2070629224545,1.0,head
h_p12_cp333,-1833.7908242522317,1.0,head
h_p12_cp334,-2250.207062922957,1.0,head
h_p12_cp335,-1833.7908242522292,1.0,head
h_p12_cp336,-2250.207062923343,1.0,head
h_p12_cp337,-1833.790824252218,1.0,head
h_p12_cp338,-2250.2070629236405,1.0,head
h_p12_cp339,-1833.790824252186,1.0,head
h_p12_cp340,-2250.2070629238974,1.0,head
h_p12_cp341,-1833.7908242520973,1.0,head
h_p12_cp342,-2250.207062924203,1.0,head
h_p12_cp343,-1833.7908242518586,1.0,head
h_p12_cp344,-2250.2070629247546,1.0,head
h_p12_cp345,-1833.7908242512244,1.0,head
h_p12_cp346,-2250.207062926023,1.0,head
h_p12_cp347,-1833.7908242495578,1.0,head
h_p12_cp348,-2250.207062929169,1.0,head
h_p12_cp349,-1833.790824245237,1.0,head
h_p12_cp350,-2250.2070629370437,1.0,head
h_p12_cp351,-1833.7908242341882,1.0,head
h_p12_cp352,-2250.2070629565587,1.0,head
h_p12_cp353,-1833.7908242063438,1.0,head
h_p12_cp354,-2250.2070630042035,1.0,head
h_p12_cp355,-1833.790824137262,1.0,head
h_p12_cp356,-2250.207063118543,1.0,head
h_p12_cp357,-1833.7908239687047,1.0,head
h_p12_cp358,-2250.2070633878943,1.0,head
h_p12_cp359,-1833.7908235647142,1.0,head
h_p12_cp360,-2250.2070640099655,1.0,head
h_p12_cp361,-1833.7908226148422,1.0,head
h_p12_cp362,-2250.207065416658,1.0,head
h_p12_cp363,-1833.7908204270964,1.0,head
h_p12_cp364,-2250.207068527101,1.0,head
h_p12_cp365,-1833.7908154992372,1.0,head
h_p12_cp366,-2250.207075243296,1.0,head
h_p12_cp367,-1833.7908046638313,1.0,head
h_p12_cp368,-2250.2070893856862,1.0,head
h_p12_cp369,-1833.7907814562172,1.0,head
h_p12_cp370,-2250.2071183908533,1.0,head
h_p12_cp371,-1833.7907331590657,1.0,head
h_p13_cp0,-2250.0482335983015,1.0,head
h_p13_cp1,-2250.048233545017,1.0,head
h_p13_cp2,-2245.3914380685737,1.0,head
h_p13_cp3,-2245.391438034986,1.0,head
h_p13_cp4,-2240.517583184392,1.0,head
h_p13_cp5,-2240.517583167173,1.0,head
h_p13_cp6,-2235.5127344613757,1.0,head
h_p13_cp7,-2235.5127344509788,1.0,head
h_p13_cp8,-2230.432610002042,1.0,head
h_p13_cp9,-2230.4326099951136,1.0,head
h_p13_cp10,-2225.3110985759286,1.0,head
h_p13_cp11,-2225.311098571324,1.0,head
h_p13_cp12,-2220.16772409719,1.0,head
h_p13_cp13,-2220.167724094255,1.0,head
h_p13_cp14,-2215.0132114541634,1.0,head
h_p13_cp15,-2215.0132114523776,1.0,head
h_p13_cp16,-2209.853208509972,1.0,head
h_p13_cp17,-2209.853208508926,1.0,head
h_p13_cp18,-2204.690579451649,1.0,head
h_p13_cp19,-2204.690579451047,1.0,head
h_p13_cp20,-2199.5267283850235,1.0,head
h_p13_cp21,-2199.5267283846642,1.0,head
h_p13_cp22,-2194.362322872958,1.0,head
h_p13_cp23,-2194.3623228727056,1.0,head
h_p13_cp24,-2189.1976715855108,1.0,head
h_p13_cp25,-2189.197671585264,1.0,head
h_p13_cp26,-2184.032913665895,1.0,head
h_p13_cp27,-2184.032913665561,1.0,head
h_p13_cp28,-2178.868110393796,1.0,head
h_p13_cp29,-2178.8681103932636,1.0,head
h_p13_cp30,-2173.703288185279,1.0,head
h_p13_cp31,-2173.703288184396,1.0,head
h_p13_cp32,-2168.538458204667,1.0,head
h_p13_cp33,-2168.5384582032207,1.0,head
h_p13_cp34,-2163.3736250847696,1.0,head
h_p13_cp35,-2163.373625082462,1.0,head
h_p13_cp36,-2158.208790715599,1.0,head
h_p13_cp37,-2158.2087907120363,1.0,head
h_p13_cp38,-2153.043955856053,1.0,head
h_p13_cp39,-2153.0439558507514,1.0,head
h_p13_cp40,-2147.879120806308,1.0,head
h_p13_cp41,-2147.8791207987347,1.0,head
h_p13_cp42,-2142.714285683383,1.0,head
h_p13_cp43,-2142.7142856730325,1.0,head
h_p13_cp44,-2137.5494505322063,1.0,head
h_p13_cp45,-2137.549450518735,1.0,head
h_p13_cp46,-2132.3846153697286,1.0,head
h_p13_cp47,-2132.3846153531194,1.0,head
h_p13_cp48,-2127.2197802022033,1.0,head
h_p13_cp49,-2127.219780182951,1.0,head
h_p13_cp50,-2122.054945031923,1.0,head
h_p13_cp51,-2122.054945011167,1.0,head
h_p13_cp52,-2116.890109859834,1.0,head
h_p13_cp53,-2116.890109839379,1.0,head
h_p13_cp54,-2111.7252746865715,1.0,head
h_p13_cp55,-2111.7252746687427,1.0,head
h_p13_cp56,-2106.560439512837,1.0,head
h_p13_cp57,-2106.5604395001474,1.0,head
h_p13_cp58,-2101.3956043394764,1.0,head
h_p13_cp59,-2101.395604334166,1.0,head
h_p13_cp60,-2096.230769167424,1.0,head
h_p13_cp61,-2096.230769170988,1.0,head
h_p13_cp62,-2091.0659339975373,1.0,head
h_p13_cp63,-2091.06593401039,1.0,head
h_p13_cp64,-2085.9010988304067,1.0,head
h_p13_cp65,-2085.901098851803,1.0,head
h_p13_cp66,-2080.7362636661937,1.0,head
h_p13_cp67,-2080.736263694443,1.0,head
h_p13_cp68,-2075.57142850458,1.0,head
h_p13_cp69,-2075.571428537482,1.0,head
h_p13_cp70,-2070.406593344839,1.0,head
h_p13_cp71,-2070.406593380194,1.0,head
h_p13_cp72,-2065.2417581860213,1.0,head
h_p13_cp73,-2065.2417582220605,1.0,head
h_p13_cp74,-2060.0769230271817,1.0,head
h_p13_cp75,-2060.0769230627943,1.0,head
h_p13_cp76,-2054.9120878675894,1.0,head
h_p13_cp77,-2054.9120879023235,1.0,head
h_p13_cp78,-2049.747252706853,1.0,head
h_p13_cp79,-2049.7472527407276,1.0,head
h_p13_cp80,-2044.5824175449509,1.0,head
h_p13_cp81,-2044.5824175781795,1.0,head
h_p13_cp82,-2039.4175823821581,1.0,head
h_p13_cp83,-2039.4175824148797,1.0,head
h_p13_cp84,-2034.2527472189229,1.0,head
h_p13_cp85,-2034.252747251026,1.0,head
h_p13_cp86,-2029.0879120557124,1.0,head
h_p13_cp87,-2029.0879120867824,1.0,head
h_p13_cp88,-2023.9230768928885,1.0,head
h_p13_cp89,-2023.923076922282,1.0,head
h_p13_cp90,-2018.7582417306314,1.0,head
h_p13_cp91,-2018.758241757617,1.0,head
h_p13_cp92,-2013.593406568928,1.0,head
h_p13_cp93,-2013.5934065928564,1.0,head
h_p13_cp94,-2008.4285714076095,1.0,head
h_p13_cp95,-2008.4285714280438,1.0,head
h_p13_cp96,-2003.2637362464268,1.0,head
h_p13_cp97,-2003.2637362632122,1.0,head
h_p13_cp98,-1998.0989010851238,1.0,head
h_p13_cp99,-1998.0989010983837,1.0,head
h_p13_cp100,-1992.9340659234977,1.0,head
h_p13_cp101,-1992.9340659335762,1.0,head
h_p13_cp102,-1987.769230761421,1.0,head
h_p13_cp103,-1987.7692307687998,1.0,head
h_p13_cp104,-1982.6043955988496,1.0,head
h_p13_cp105,-1982.6043956040605,1.0,head
h_p13_cp106,-1977.4395604358015,1.0,head
h_p13_cp107,-1977.439560439357,1.0,head
h_p13_cp108,-1972.2747252723443,1.0,head
h_p13_cp109,-1972.2747252746922,1.0,head
h_p13_cp110,-1967.109890108591,1.0,head
h_p13_cp111,-1967.1098901100943,1.0,head
h_p13_cp112,-1961.945054944743,1.0,head
h_p13_cp113,-1961.9450549456783,1.0,head
h_p13_cp114,-1956.7802197811975,1.0,head
h_p13_cp115,-1956.780219781764,1.0,head
h_p13_cp116,-1951.6153846188888,1.0,head
h_p13_cp117,-1951.6153846192237,1.0,head
h_p13_cp118,-1946.4505494602545,1.0,head
h_p13_cp119,-1946.4505494604477,1.0,head
h_p13_cp120,-1941.2857143117753,1.0,head
h_p13_cp121,-1941.2857143118847,1.0,head
h_p13_cp122,-1936.1208791906402,1.0,head
h_p13_cp123,-1936.1208791907006,1.0,head
h_p13_cp124,-1930.9560441419662,1.0,head
h_p13_cp125,-1930.9560441419983,1.0,head
h_p13_cp126,-1925.791209282839,1.0,head
h_p13_cp127,-1925.7912092828558,1.0,head
h_p13_cp128,-1920.6263749132459,1.0,head
h_p13_cp129,-1920.626374913254,1.0,head
h_p13_cp130,-1915.4615417912976,1.0,head
h_p13_cp131,-1915.461541791301,1.0,head
h_p13_cp132,-1910.2967118047738,1.0,head
h_p13_cp133,-1910.2967118047736,1.0,head
h_p13_cp134,-1905.1318895806692,1.0,head
h_p13_cp135,-1905.131889580665,1.0,head
h_p13_cp136,-1899.9670862686467,1.0,head
h_p13_cp137,-1899.9670862686378,1.0,head
h_p13_cp138,-1894.8023282485412,1.0,head
h_p13_cp139,-1894.8023282485258,1.0,head
h_p13_cp140,-1889.6376767121094,1.0,head
h_p13_cp141,-1889.6376767120837,1.0,head
h_p13_cp142,-1884.4732705930805,1.0,head
h_p13_cp143,-1884.4732705930408,1.0,head
h_p13_cp144,-1879.3094180721844,1.0,head
h_p13_cp145,-1879.309418072126,1.0,head
h_p13_cp146,-1874.1467855934904,1.0,head
h_p13_cp147,-1874.1467855934088,1.0,head
h_p13_cp148,-1868.9867747637898,1.0,head
h_p13_cp149,-1868.9867747636804,1.0,head
h_p13_cp150,-1863.8322443286186,1.0,head
h_p13_cp151,-1863.8322443284787,1.0,head
h_p13_cp152,-1858.6888306299638,1.0,head
h_p13_cp153,-1858.6888306297938,1.0,head
h_p13_cp154,-1853.5672349048316,1.0,head
h_p13_cp155,-1853.5672349046358,1.0,head
h_p13_cp156,-1848.486934144614,1.0,head
h_p13_cp157,-1848.4869341444003,1.0,head
h_p13_cp158,-1843.4817274788036,1.0,head
h_p13_cp159,-1843.481727478581,1.0,head
h_p13_cp160,-1838.6071687537094,1.0,head
h_p13_cp161,-1838.607168753486,1.0,head
h_p13_cp162,-1833.9490359007618,1.0,head
h_p13_cp163,-1833.9490359005429,1.0,head
h_p13_cp164,-2250.0481624632002,1.0,head
h_p13_cp165,-1833.9491615874788,1.0,head
h_p13_cp166,-2250.048125889683,1.0,head
h_p13_cp167,-1833.9492254370032,1.0,head
h_p13_cp168,-2250.0481075820753,1.0,head
h_p13_cp169,-1833.9492568792048,1.0,head
h_p13_cp170,-2250.048098652427,1.0,head
h_p13_cp171,-1833.9492719303385,1.0,head
h_p13_cp172,-2250.0480944039414,1.0,head
h_p13_cp173,-1833.9492789502342,1.0,head
h_p13_cp174,-2250.048092429965,1.0,head
h_p13_cp175,-1833.949282146593,1.0,head
h_p13_cp176,-2250.04809153318,1.0,head
h_p13_cp177,-1833.9492835698873,1.0,head
h_p13_cp178,-2250.0480911343343,1.0,head
h_p13_cp179,-1833.9492841906367,1.0,head
h_p13_cp180,-2250.0480909604703,1.0,head
h_p13_cp181,-1833.9492844561717,1.0,head
h_p13_cp182,-2250.048090886099,1.0,head
h_p13_cp183,-1833.9492845677185,1.0,head
h_p13_cp184,-2250.048090854848,1.0,head
h_p13_cp185,-1833.9492846137882,1.0,head
h_p13_cp186,-2250.0480908419354,1.0,head
h_p13_cp187,-1833.9492846325147,1.0,head
h_p13_cp188,-2250.048090836682,1.0,head
h_p13_cp189,-1833.9492846400133,1.0,head
h_p13_cp190,-2250.048090834576,1.0,head
h_p13_cp191,-1833.9492846429741,1.0,head
h_p13_cp192,-2250.048090833742,1.0,head
h_p13_cp193,-1833.9492846441271,1.0,head
h_p13_cp194,-2250.0480908334152,1.0,head
h_p13_cp195,-1833.9492846445705,1.0,head
h_p13_cp196,-2250.0480908332856,1.0,head
h_p13_cp197,-1833.949284644738,1.0,head
h_p13_cp198,-2250.0480908332333,1.0,head
h_p13_cp199,-1833.9492846448004,1.0,head
h_p13_cp200,-2250.0480908332097,1.0,head
h_p13_cp201,-1833.949284644822,1.0,head
h_p13_cp202,-2250.0480908331965,1.0,head
h_p13_cp203,-1833.9492846448284,1.0,head
h_p13_cp204,-2250.0480908331874,1.0,head
h_p13_cp205,-1833.9492846448275,1.0,head
h_p13_cp206,-2250.048090833181,1.0,head
h_p13_cp207,-1833.949284644824,1.0,head
h_p13_cp208,-2250.048090833176,1.0,head
h_p13_cp209,-1833.9492846448186,1.0,head
h_p13_cp210,-2250.048090833173,1.0,head
h_p13_cp211,-1833.949284644812,1.0,head
h_p13_cp212,-2250.0480908331715,1.0,head
h_p13_cp213,-1833.9492846448043,1.0,head
h_p13_cp214,-2250.0480908331724,1.0,head
h_p13_cp215,-1833.9492846447963,1.0,head
h_p13_cp216,-2250.048090833175,1.0,head
h_p13_cp217,-1833.9492846447886,1.0,head
h_p13_cp218,-2250.0480908331792,1.0,head
h_p13_cp219,-1833.9492846447813,1.0,head
h_p13_cp220,-2250.0480908331847,1.0,head
h_p13_cp221,-1833.9492846447736,1.0,head
h_p13_cp222,-2250.0480908331906,1.0,head
h_p13_cp223,-1833.9492846447636,1.0,head
h_p13_cp224,-2250.0480908331965,1.0,head
h_p13_cp225,-1833.9492846447479,1.0,head
h_p13_cp226,-2250.048090833202,1.0,head
h_p13_cp227,-1833.9492846447192,1.0,head
h_p13_cp228,-2250.048090833207,1.0,head
h_p13_cp229,-1833.949284644663,1.0,head
h_p13_cp230,-2250.04809083321,1.0,head
h_p13_cp231,-1833.9492846445555,1.0,head
h_p13_cp232,-2250.0480908332124,1.0,head
h_p13_cp233,-1833.949284644358,1.0,head
h_p13_cp234,-2250.0480908332133,1.0,head
h_p13_cp235,-1833.949284644007,1.0,head
h_p13_cp236,-2250.0480908332133,1.0,head
h_p13_cp237,-1833.9492846434075,1.0,head
h_p13_cp238,-2250.0480908332115,1.0,head
h_p13_cp239,-1833.949284642419,1.0,head
h_p13_cp240,-2250.0480908332092,1.0,head
h_p13_cp241,-1833.9492846408493,1.0,head
h_p13_cp242,-2250.0480908332047,1.0,head
h_p13_cp243,-1833.9492846384494,1.0,head
h_p13_cp244,-2250.048090833199,1.0,head
h_p13_cp245,-1833.9492846349287,1.0,head
h_p13_cp246,-2250.0480908331897,1.0,head
h_p13_cp247,-1833.9492846299843,1.0,head
h_p13_cp248,-2250.0480908331783,1.0,head
h_p13_cp249,-1833.9492846233643,1.0,head
h_p13_cp250,-2250.0480908331638,1.0,head
h_p13_cp251,-1833.949284614952,1.0,head
h_p13_cp252,-2250.048090833146,1.0,head
h_p13_cp253,-1833.9492846048665,1.0,head
h_p13_cp254,-2250.0480908331256,1.0,head
h_p13_cp255,-1833.94928459355,1.0,head
h_p13_cp256,-2250.048090833104,1.0,head
h_p13_cp257,-1833.949284581802,1.0,head
h_p13_cp258,-2250.0480908330833,1.0,head
h_p13_cp259,-1833.9492845707334,1.0,head
h_p13_cp260,-2250.048090833066,1.0,head
h_p13_cp261,-1833.9492845616087,1.0,head
h_p13_cp262,-2250.048090833056,1.0,head
h_p13_cp263,-1833.9492845556078,1.0,head
h_p13_cp264,-2250.0480908330537,1.0,head
h_p13_cp265,-1833.9492845535635,1.0,head
h_p13_cp266,-2250.0480908330596,1.0,head
h_p13_cp267,-1833.9492845557559,1.0,head
h_p13_cp268,-2250.0480908330737,1.0,head
h_p13_cp269,-1833.949284561832,1.0,head
h_p13_cp270,-2250.0480908330933,1.0,head
h_p13_cp271,-1833.9492845708903,1.0,head
h_p13_cp272,-2250.0480908331147,1.0,head
h_p13_cp273,-1833.9492845816885,1.0,head
h_p13_cp274,-2250.048090833135,1.0,head
h_p13_cp275,-1833.94928459291,1.0,head
h_p13_cp276,-2250.048090833151,1.0,head
h_p13_cp277,-1833.9492846034054,1.0,head
h_p13_cp278,-2250.0480908331588,1.0,head
h_p13_cp279,-1833.94928461235,1.0,head
h_p13_cp280,-2250.0480908331547,1.0,head
h_p13_cp281,-1833.9492846193045,1.0,head
h_p13_cp282,-2250.0480908331333,1.0,head
h_p13_cp283,-1833.9492846241862,1.0,head
h_p13_cp284,-2250.0480908330865,1.0,head
h_p13_cp285,-1833.9492846271974,1.0,head
h_p13_cp286,-2250.048090833003,1.0,head
h_p13_cp287,-1833.9492846287276,1.0,head
h_p13_cp288,-2250.0480908328645,1.0,head
h_p13_cp289,-1833.9492846292608,1.0,head
h_p13_cp290,-2250.0480908326476,1.0,head
h_p13_cp291,-1833.9492846292924,1.0,head
h_p13_cp292,-2250.048090832321,1.0,head
h_p13_cp293,-1833.9492846292605,1.0,head
h_p13_cp294,-2250.0480908318477,1.0,head
h_p13_cp295,-1833.9492846294916,1.0,head
h_p13_cp296,-2250.048090831188,1.0,head
h_p13_cp297,-1833.9492846301719,1.0,head
h_p13_cp298,-2250.0480908303057,1.0,head
h_p13_cp299,-1833.9492846313437,1.0,head
h_p13_cp300,-2250.048090829178,1.0,head
h_p13_cp301,-1833.9492846329279,1.0,head
h_p13_cp302,-2250.0480908278055,1.0,head
h_p13_cp303,-1833.9492846347696,1.0,head
h_p13_cp304,-2250.048090826225,1.0,head
h_p13_cp305,-1833.9492846366861,1.0,head
h_p13_cp306,-2250.048090824517,1.0,head
h_p13_cp307,-1833.9492846385128,1.0,head
h_p13_cp308,-2250.0480908228055,1.0,head
h_p13_cp309,-1833.9492846401292,1.0,head
h_p13_cp310,-2250.04809082125,1.0,head
h_p13_cp311,-1833.9492846414696,1.0,head
h_p13_cp312,-2250.04809082002,1.0,head
h_p13_cp313,-1833.9492846425194,1.0,head
h_p13_cp314,-2250.0480908192667,1.0,head
h_p13_cp315,-1833.9492846432993,1.0,head
h_p13_cp316,-2250.0480908190893,1.0,head
h_p13_cp317,-1833.949284643853,1.0,head
h_p13_cp318,-2250.048090819514,1.0,head
h_p13_cp319,-1833.9492846442286,1.0,head
h_p13_cp320,-2250.048090820487,1.0,head
h_p13_cp321,-1833.949284644473,1.0,head
h_p13_cp322,-2250.0480908218838,1.0,head
h_p13_cp323,-1833.9492846446265,1.0,head
h_p13_cp324,-2250.04809082354,1.0,head
h_p13_cp325,-1833.9492846447197,1.0,head
h_p13_cp326,-2250.0480908252835,1.0,head
h_p13_cp327,-1833.9492846447743,1.0,head
h_p13_cp328,-2250.0480908269647,1.0,head
h_p13_cp329,-1833.949284644805,1.0,head
h_p13_cp330,-2250.0480908284735,1.0,head
h_p13_cp331,-1833.949284644821,1.0,head
h_p13_cp332,-2250.048090829749,1.0,head
h_p13_cp333,-1833.949284644827,1.0,head
h_p13_cp334,-2250.0480908307736,1.0,head
h_p13_cp335,-1833.9492846448234,1.0,head
h_p13_cp336,-2250.0480908315685,1.0,head
h_p13_cp337,-1833.949284644802,1.0,head
h_p13_cp338,-2250.048090832183,1.0,head
h_p13_cp339,-1833.9492846447397,1.0,head
h_p13_cp340,-2250.0480908327054,1.0,head
h_p13_cp341,-1833.9492846445714,1.0,head
h_p13_cp342,-2250.0480908332975,1.0,head
h_p13_cp343,-1833.9492846441276,1.0,head
h_p13_cp344,-2250.048090834302,1.0,head
h_p13_cp345,-1833.9492846429746,1.0,head
h_p13_cp346,-2250.048090836511,1.0,head
h_p13_cp347,-1833.9492846400137,1.0,head
h_p13_cp348,-2250.048090841816,1.0,head
h_p13_cp349,-1833.9492846325147,1.0,head
h_p13_cp350,-2250.0480908547374,1.0,head
h_p13_cp351,-1833.9492846137878,1.0,head
h_p13_cp352,-2250.048090885941,1.0,head
h_p13_cp353,-1833.9492845677175,1.0,head
h_p13_cp354,-2250.048090960179,1.0,head
h_p13_cp355,-1833.9492844561698,1.0,head
h_p13_cp356,-2250.0480911337545,1.0,head
h_p13_cp357,-1833.9492841906329,1.0,head
h_p13_cp358,-2250.048091532025,1.0,head
h_p13_cp359,-1833.9492835698802,1.0,head
h_p13_cp360,-2250.0480924277185,1.0,head
h_p13_cp361,-1833.9492821465803,1.0,head
h_p13_cp362,-2250.0480943997145,1.0,head
h_p13_cp363,-1833.9492789502126,1.0,head
h_p13_cp364,-2250.048098644764,1.0,head
h_p13_cp365,-1833.9492719303028,1.0,head
h_p13_cp366,-2250.048107568739,1.0,head
h_p13_cp367,-1833.9492568791468,1.0,head
h_p13_cp368,-2250.0481258674745,1.0,head
h_p13_cp369,-1833.94922543691,1.0,head
h_p13_cp370,-2250.048162427927,1.0,head
h_p13_cp371,-1833.9491615873337,1.0,head
h_p14_cp0,-2249.8817926596075,1.0,head
h_p14_cp1,-2249.8817926028246,1.0,head
h_p14_cp2,-2245.282584028278,1.0,head
h_p14_cp3,-2245.2825839917396,1.0,head
h_p14_cp4,-2240.450063088683,1.0,head
h_p14_cp5,-2240.450063068556,1.0,head
h_p14_cp6,-2235.4728201286594,1.0,head
h_p14_cp7,-2235.472820117045,1.0,head
h_p14_cp8,-2230.4100240476914,1.0,head
h_p14_cp9,-2230.4100240402904,1.0,head
h_p14_cp10,-2225.2988164953863,1.0,head
h_p14_cp11,-2225.2988164904705,1.0,head
h_p14_cp12,-2220.1612830743684,1.0,head
h_p14_cp13,-2220.161283071154,1.0,head
h_p14_cp14,-2215.0099437378494,1.0,head
h_p14_cp15,-2215.009943735824,1.0,head
h_p14_cp16,-2209.8516002833685,1.0,head
h_p14_cp17,-2209.851600282135,1.0,head
h_p14_cp18,-2204.6898097236426,1.0,head
h_p14_cp19,-2204.689809722896,1.0,head
h_p14_cp20,-2199.526369321435,1.0,head
h_p14_cp21,-2199.5263693209504,1.0,head
h_p14_cp22,-2194.36215930284,1.0,head
h_p14_cp23,-2194.3621593024477,1.0,head
h_p14_cp24,-2189.1975986901316,1.0,head
h_p14_cp25,-2189.1975986896864,1.0,head
h_p14_cp26,-2184.0328818352027,1.0,head
h_p14_cp27,-2184.03288183455,1.0,head
h_p14_cp28,-2178.868096755473,1.0,head
h_p14_cp29,-2178.868096754414,1.0,head
h_p14_cp30,-2173.703282444018,1.0,head
h_p14_cp31,-2173.703282442273,1.0,head
h_p14_cp32,-2168.538455827203,1.0,head
h_p14_cp33,-2168.538455824376,1.0,head
h_p14_cp34,-2163.3736241150405,1.0,head
h_p14_cp35,-2163.3736241105885,1.0,head
h_p14_cp36,-2158.208790325189,1.0,head
h_p14_cp37,-2158.208790318409,1.0,head
h_p14_cp38,-2153.0439557000373,1.0,head
h_p14_cp39,-2153.043955690088,1.0,head
h_p14_cp40,-2147.879120743182,1.0,head
h_p14_cp41,-2147.8791207291592,1.0,head
h_p14_cp42,-2142.7142856556907,1.0,head
h_p14_cp43,-2142.714285636781,1.0,head
h_p14_cp44,-2137.5494505165975,1.0,head
h_p14_cp45,-2137.549450492306,1.0,head
h_p14_cp46,-2132.3846153564245,1.0,head
h_p14_cp47,-2132.384615326868,1.0,head
h_p14_cp48,-2127.219780186728,1.0,head
h_p14_cp49,-2127.219780152928,1.0,head
h_p14_cp50,-2122.054945011877,1.0,head
h_p14_cp51,-2122.0549449759633,1.0,head
h_p14_cp52,-2116.890109833736,1.0,head
h_p14_cp53,-2116.8901097989487,1.0,head
h_p14_cp54,-2111.7252746535382,1.0,head
h_p14_cp55,-2111.725274623948,1.0,head
h_p14_cp56,-2106.5604394725815,1.0,head
h_p14_cp57,-2106.5604394525058,1.0,head
h_p14_cp58,-2101.395604292385,1.0,head
h_p14_cp59,-2101.395604285612,1.0,head
h_p14_cp60,-2096.230769114589,1.0,head
h_p14_cp61,-2096.230769123594,1.0,head
h_p14_cp62,-2091.0659339406743,1.0,head
h_p14_cp63,-2091.0659339660806,1.0,head
h_p14_cp64,-2085.9010987716442,1.0,head
h_p14_cp65,-2085.9010988121113,1.0,head
h_p14_cp66,-2080.736263607759,1.0,head
h_p14_cp67,-2080.7362636603525,1.0,head
h_p14_cp68,-2075.571428448459,1.0,head
h_p14_cp69,-2075.571428509386,1.0,head
h_p14_cp70,-2070.4065932924877,1.0,head
h_p14_cp71,-2070.406593357951,1.0,head
h_p14_cp72,-2065.2417581382065,1.0,head
h_p14_cp73,-2065.241758205125,1.0,head
h_p14_cp74,-2060.076922983976,1.0,head
h_p14_cp75,-2060.076923050379,1.0,head
h_p14_cp76,-2054.9120878285207,1.0,head
h_p14_cp77,-2054.9120878935487,1.0,head
h_p14_cp78,-2049.747252671142,1.0,head
h_p14_cp79,-2049.7472527347427,1.0,head
h_p14_cp80,-2044.5824175117784,1.0,head
h_p14_cp81,-2044.5824175742368,1.0,head
h_p14_cp82,-2039.4175823508867,1.0,head
h_p14_cp83,-2039.4175824123713,1.0,head
h_p14_cp84,-2034.2527471892279,1.0,head
h_p14_cp85,-2034.2527472494874,1.0,head
h_p14_cp86,-2029.087912027607,1.0,head
h_p14_cp87,-2029.0879120858783,1.0,head
h_p14_cp88,-2023.923076866657,1.0,head
h_p14_cp89,-2023.9230769217806,1.0,head
h_p14_cp90,-2018.7582417067,1.0,head
h_p14_cp91,-2018.7582417573662,1.0,head
h_p14_cp92,-2013.5934065477204,1.0,head
h_p14_cp93,-2013.5934065927588,1.0,head
h_p14_cp94,-2008.4285713894299,1.0,head
h_p14_cp95,-2008.4285714280404,1.0,head
h_p14_cp96,-2003.263736231389,1.0,head
h_p14_cp97,-2003.263736263268,1.0,head
h_p14_cp98,-1998.098901073134,1.0,head
h_p14_cp99,-1998.0989010984756,1.0,head
h_p14_cp100,-1992.9340659142854,1.0,head
h_p14_cp101,-1992.9340659336895,1.0,head
h_p14_cp102,-1987.769230754597,1.0,head
h_p14_cp103,-1987.769230768921,1.0,head
h_p14_cp104,-1982.6043955939697,1.0,head
h_p14_cp105,-1982.6043956041774,1.0,head
h_p14_cp106,-1977.4395604324295,1.0,head
h_p14_cp107,-1977.439560439462,1.0,head
h_p14_cp108,-1972.2747252701038,1.0,head
h_p14_cp109,-1972.274725274796,1.0,head
h_p14_cp110,-1967.1098901072203,1.0,head
h_p14_cp111,-1967.1098901102569,1.0,head
h_p14_cp112,-1961.945054944176,1.0,head
h_p14_cp113,-1961.9450549460862,1.0,head
h_p14_cp114,-1956.7802197817546,1.0,head
h_p14_cp115,-1956.7802197829246,1.0,head
h_p14_cp116,-1951.6153846217674,1.0,head
h_p14_cp117,-1951.615384622467,1.0,head
h_p14_cp118,-1946.4505494688167,1.0,head
h_p14_cp119,-1946.4505494692253,1.0,head
h_p14_cp120,-1941.2857143348438,1.0,head
h_p14_cp121,-1941.2857143350777,1.0,head
h_p14_cp122,-1936.120879250787,1.0,head
h_p14_cp123,-1936.1208792509183,1.0,head
h_p14_cp124,-1930.9560442960146,1.0,head
h_p14_cp125,-1930.9560442960858,1.0,head
h_p14_cp126,-1925.7912096717187,1.0,head
h_p14_cp127,-1925.7912096717562,1.0,head
h_p14_cp128,-1920.6263758811635,1.0,head
h_p14_cp129,-1920.6263758811829,1.0,head
h_p14_cp130,-1915.4615441653855,1.0,head
h_p14_cp131,-1915.4615441653948,1.0,head
h_p14_cp132,-1910.2967175382607,1.0,head
h_p14_cp133,-1910.2967175382628,1.0,head
h_p14_cp134,-1905.1319032001643,1.0,head
h_p14_cp135,-1905.1319032001607,1.0,head
h_p14_cp136,-1899.9671180537302,1.0,head
h_p14_cp137,-1899.96711805372,1.0,head
h_p14_cp138,-1894.802401034845,1.0,head
h_p14_cp139,-1894.8024010348267,1.0,head
h_p14_cp140,-1889.6378400256688,1.0,head
h_p14_cp141,-1889.6378400256392,1.0,head
h_p14_cp142,-1884.4736290642434,1.0,head
h_p14_cp143,-1884.4736290641986,1.0,head
h_p14_cp144,-1879.310186459252,1.0,head
h_p14_cp145,-1879.310186459187,1.0,head
h_p14_cp146,-1874.1483908496161,1.0,head
h_p14_cp147,-1874.1483908495259,1.0,head
h_p14_cp148,-1868.9900360512909,1.0,head
h_p14_cp149,-1868.9900360511715,1.0,head
h_p14_cp150,-1863.838671784576,1.0,head
h_p14_cp151,-1863.838671784425,1.0,head
h_p14_cp152,-1858.7010848538484,1.0,head
h_p14_cp153,-1858.7010848536665,1.0,head
h_p14_cp154,-1853.5897653423583,1.0,head
h_p14_cp155,-1853.5897653421498,1.0,head
h_p14_cp156,-1848.5267413762954,1.0,head
h_p14_cp157,-1848.526741376068,1.0,head
h_p14_cp158,-1843.5490481627464,1.0,head
h_p14_cp159,-1843.5490481625095,1.0,head
h_p14_cp160,-1838.7156655813349,1.0,head
h_p14_cp161,-1838.7156655810966,1.0,head
h_p14_cp162,-1834.1148631617275,1.0,head
h_p14_cp163,-1834.1148631614924,1.0,head
h_p14_cp164,-2249.8817071525823,1.0,head
h_p14_cp165,-1834.1150217773593,1.0,head
h_p14_cp166,-2249.8816621259566,1.0,head
h_p14_cp167,-1834.1151041565572,1.0,head
h_p14_cp168,-2249.8816390282473,1.0,head
h_p14_cp169,-1834.115145661295,1.0,head
h_p14_cp170,-2249.8816274783007,1.0,head
h_p14_cp171,-1834.1151659986817,1.0,head
h_p14_cp172,-2249.881621843333,1.0,head
h_p14_cp173,-1834.115175711169,1.0,head
h_p14_cp174,-2249.8816191582723,1.0,head
h_p14_cp175,-1834.1151802400996,1.0,head
h_p14_cp176,-2249.8816179072946,1.0,head
h_p14_cp177,-1834.1151823054317,1.0,head
h_p14_cp178,-2249.881617336777,1.0,head
h_p14_cp179,-1834.1151832278774,1.0,head
h_p14_cp180,-2249.8816170817995,1.0,head
h_p14_cp181,-1834.1151836319118,1.0,head
h_p14_cp182,-2249.881616970005,1.0,head
h_p14_cp183,-1834.1151838056694,1.0,head
h_p14_cp184,-2249.8816169218667,1.0,head
h_p14_cp185,-1834.1151838791202,1.0,head
h_p14_cp186,-2249.881616901489,1.0,head
h_p14_cp187,-1834.1151839096703,1.0,head
h_p14_cp188,-2249.8816168930002,1.0,head
h_p14_cp189,-1834.115183922184,1.0,head
h_p14_cp190,-2249.8816168895155,1.0,head
h_p14_cp191,-1834.1151839272368,1.0,head
h_p14_cp192,-2249.8816168881026,1.0,head
h_p14_cp193,-1834.1151839292488,1.0,head
h_p14_cp194,-2249.881616887534,1.0,head
h_p14_cp195,-1834.1151839300387,1.0,head
h_p14_cp196,-2249.881616887304,1.0,head
h_p14_cp197,-1834.1151839303443,1.0,head
h_p14_cp198,-2249.8816168872077,1.0,head
h_p14_cp199,-1834.1151839304596,1.0,head
h_p14_cp200,-2249.8816168871626,1.0,head
h_p14_cp201,-1834.1151839305005,1.0,head
h_p14_cp202,-2249.881616887137,1.0,head
h_p14_cp203,-1834.1151839305119,1.0,head
h_p14_cp204,-2249.8816168871194,1.0,head
h_p14_cp205,-1834.1151839305107,1.0,head
h_p14_cp206,-2249.8816168871053,1.0,head
h_p14_cp207,-1834.115183930503,1.0,head
h_p14_cp208,-2249.8816168870953,1.0,head
h_p14_cp209,-1834.115183930492,1.0,head
h_p14_cp210,-2249.881616887089,1.0,head
h_p14_cp211,-1834.1151839304791,1.0,head
h_p14_cp212,-2249.8816168870862,1.0,head
h_p14_cp213,-1834.1151839304637,1.0,head
h_p14_cp214,-2249.881616887088,1.0,head
h_p14_cp215,-1834.115183930448,1.0,head
h_p14_cp216,-2249.881616887094,1.0,head
h_p14_cp217,-1834.1151839304327,1.0,head
h_p14_cp218,-2249.8816168871026,1.0,head
h_p14_cp219,-1834.1151839304175,1.0,head
h_p14_cp220,-2249.8816168871144,1.0,head
h_p14_cp221,-1834.1151839304011,1.0,head
h_p14_cp222,-2249.8816168871263,1.0,head
h_p14_cp223,-1834.1151839303795,1.0,head
h_p14_cp224,-2249.881616887139,1.0,head
h_p14_cp225,-1834.1151839303454,1.0,head
h_p14_cp226,-2249.88161688715,1.0,head
h_p14_cp227,-1834.1151839302827,1.0,head
h_p14_cp228,-2249.8816168871595,1.0,head
h_p14_cp229,-1834.1151839301629,1.0,head
h_p14_cp230,-2249.8816168871663,1.0,head
h_p14_cp231,-1834.115183929938,1.0,head
h_p14_cp232,-2249.8816168871713,1.0,head
h_p14_cp233,-1834.1151839295303,1.0,head
h_p14_cp234,-2249.881616887173,1.0,head
h_p14_cp235,-1834.1151839288173,1.0,head
h_p14_cp236,-2249.881616887172,1.0,head
h_p14_cp237,-1834.115183927616,1.0,head
h_p14_cp238,-2249.881616887168,1.0,head
h_p14_cp239,-1834.1151839256624,1.0,head
h_p14_cp240,-2249.8816168871613,1.0,head
h_p14_cp241,-1834.1151839225995,1.0,head
h_p14_cp242,-2249.88161688715,1.0,head
h_p14_cp243,-1834.1151839179765,1.0,head
h_p14_cp244,-2249.881616887134,1.0,head
h_p14_cp245,-1834.1151839112752,1.0,head
h_p14_cp246,-2249.8816168871112,1.0,head
h_p14_cp247,-1834.1151839019728,1.0,head
h_p14_cp248,-2249.881616887081,1.0,head
h_p14_cp249,-1834.1151838896533,1.0,head
h_p14_cp250,-2249.8816168870417,1.0,head
h_p14_cp251,-1834.1151838741564,1.0,head
h_p14_cp252,-2249.881616886995,1.0,head
h_p14_cp253,-1834.1151838557494,1.0,head
h_p14_cp254,-2249.8816168869407,1.0,head
h_p14_cp255,-1834.1151838352682,1.0,head
h_p14_cp256,-2249.8816168868834,1.0,head
h_p14_cp257,-1834.1151838141625,1.0,head
h_p14_cp258,-2249.8816168868298,1.0,head
h_p14_cp259,-1834.1151837943999,1.0,head
h_p14_cp260,-2249.881616886785,1.0,head
h_p14_cp261,-1834.1151837781895,1.0,head
h_p14_cp262,-2249.881616886757,1.0,head
h_p14_cp263,-1834.1151837675725,1.0,head
h_p14_cp264,-2249.8816168867497,1.0,head
h_p14_cp265,-1834.1151837639788,1.0,head
h_p14_cp266,-2249.8816168867643,1.0,head
h_p14_cp267,-1834.11518376788,1.0,head
h_p14_cp268,-2249.8816168867993,1.0,head
h_p14_cp269,-1834.1151837786629,1.0,head
h_p14_cp270,-2249.8816168868484,1.0,head
h_p14_cp271,-1834.1151837947662,1.0,head
h_p14_cp272,-2249.8816168869043,1.0,head
h_p14_cp273,-1834.1151838140313,1.0,head
h_p14_cp274,-2249.8816168869585,1.0,head
h_p14_cp275,-1834.1151838341555,1.0,head
h_p14_cp276,-2249.8816168870017,1.0,head
h_p14_cp277,-1834.1151838531036,1.0,head
h_p14_cp278,-2249.8816168870267,1.0,head
h_p14_cp279,-1834.115183869391,1.0,head
h_p14_cp280,-2249.8816168870253,1.0,head
h_p14_cp281,-1834.115183882199,1.0,head
h_p14_cp282,-2249.881616886986,1.0,head
h_p14_cp283,-1834.1151838913395,1.0,head
h_p14_cp284,-2249.881616886893,1.0,head
h_p14_cp285,-1834.115183897134,1.0,head
h_p14_cp286,-2249.881616886722,1.0,head
h_p14_cp287,-1834.1151839002498,1.0,head
h_p14_cp288,-2249.8816168864387,1.0,head
h_p14_cp289,-1834.1151839015324,1.0,head
h_p14_cp290,-2249.881616885997,1.0,head
h_p14_cp291,-1834.1151839018544,1.0,head
h_p14_cp292,-2249.8816168853386,1.0,head
h_p14_cp293,-1834.1151839019929,1.0,head
h_p14_cp294,-2249.881616884393,1.0,head
h_p14_cp295,-1834.1151839025333,1.0,head
h_p14_cp296,-2249.8816168830886,1.0,head
h_p14_cp297,-1834.1151839038175,1.0,head
h_p14_cp298,-2249.88161688136,1.0,head
h_p14_cp299,-1834.1151839059364,1.0,head
h_p14_cp300,-2249.8816168791705,1.0,head
h_p14_cp301,-1834.1151839087684,1.0,head
h_p14_cp302,-2249.881616876528,1.0,head
h_p14_cp303,-1834.115183912056,1.0,head
h_p14_cp304,-2249.881616873508,1.0,head
h_p14_cp305,-1834.1151839154886,1.0,head
h_p14_cp306,-2249.8816168702665,1.0,head
h_p14_cp307,-1834.1151839187783,1.0,head
h_p14_cp308,-2249.8816168670396,1.0,head
h_p14_cp309,-1834.1151839217116,1.0,head
h_p14_cp310,-2249.881616864122,1.0,head
h_p14_cp311,-1834.1151839241654,1.0,head
h_p14_cp312,-2249.8816168618264,1.0,head
h_p14_cp313,-1834.1151839261065,1.0,head
h_p14_cp314,-2249.881616860426,1.0,head
h_p14_cp315,-1834.1151839275644,1.0,head
h_p14_cp316,-2249.881616860102,1.0,head
h_p14_cp317,-1834.1151839286103,1.0,head
h_p14_cp318,-2249.8816168609005,1.0,head
h_p14_cp319,-1834.1151839293289,1.0,head
h_p14_cp320,-2249.8816168627213,1.0,head
h_p14_cp321,-1834.115183929803,1.0,head
h_p14_cp322,-2249.8816168653393,1.0,head
h_p14_cp323,-1834.115183930104,1.0,head
h_p14_cp324,-2249.8816168684543,1.0,head
h_p14_cp325,-1834.1151839302895,1.0,head
h_p14_cp326,-2249.88161687175,1.0,head
h_p14_cp327,-1834.1151839303993,1.0,head
h_p14_cp328,-2249.881616874945,1.0,head
h_p14_cp329,-1834.1151839304619,1.0,head
h_p14_cp330,-2249.881616877833,1.0,head
h_p14_cp331,-1834.1151839304953,1.0,head
h_p14_cp332,-2249.8816168802946,1.0,head
h_p14_cp333,-1834.1151839305085,1.0,head
h_p14_cp334,-2249.881616882288,1.0,head
h_p14_cp335,-1834.115183930502,1.0,head
h_p14_cp336,-2249.8816168838466,1.0,head
h_p14_cp337,-1834.1151839304625,1.0,head
h_p14_cp338,-2249.8816168850567,1.0,head
h_p14_cp339,-1834.115183930347,1.0,head
h_p14_cp340,-2249.881616886074,1.0,head
h_p14_cp341,-1834.115183930041,1.0,head
h_p14_cp342,-2249.881616887178,1.0,head
h_p14_cp343,-1834.11518392925,1.0,head
h_p14_cp344,-2249.8816168889416,1.0,head
h_p14_cp345,-1834.1151839272372,1.0,head
h_p14_cp346,-2249.881616892644,1.0,head
h_p14_cp347,-1834.1151839221848,1.0,head
h_p14_cp348,-2249.881616901253,1.0,head
h_p14_cp349,-1834.1151839096703,1.0,head
h_p14_cp350,-2249.881616921671,1.0,head
h_p14_cp351,-1834.1151838791195,1.0,head
h_p14_cp352,-2249.881616969765,1.0,head
h_p14_cp353,-1834.1151838056683,1.0,head
h_p14_cp354,-2249.8816170813993,1.0,head
h_p14_cp355,-1834.1151836319095,1.0,head
h_p14_cp356,-2249.88161733602,1.0,head
h_p14_cp357,-1834.1151832278726,1.0,head
h_p14_cp358,-2249.8816179058376,1.0,head
h_p14_cp359,-1834.1151823054233,1.0,head
h_p14_cp360,-2249.8816191555175,1.0,head
h_p14_cp361,-1834.1151802400852,1.0,head
h_p14_cp362,-2249.881621838283,1.0,head
h_p14_cp363,-1834.115175711145,1.0,head
h_p14_cp364,-2249.8816274693722,1.0,head
h_p14_cp365,-1834.1151659986417,1.0,head
h_p14_cp366,-2249.8816390130783,1.0,head
h_p14_cp367,-1834.1151456612301,1.0,head
h_p14_cp368,-2249.8816621012693,1.0,head
h_p14_cp369,-1834.1151041564542,1.0,head
h_p14_cp370,-2249.881707114212,1.0,head
h_p14_cp371,-1834.1150217772013,1.0,head
h_p15_cp0,-2249.7087784121304,1.0,head
h_p15_cp1,-2249.7087783522365,1.0,head
h_p15_cp2,-2245.166736640469,1.0,head
h_p15_cp3,-2245.166736600946,1.0,head
h_p15_cp4,-2240.3763884838486,1.0,head
h_p15_cp5,-2240.3763884606624,1.0,head
h_p15_cp6,-2235.428123244914,1.0,head
h_p15_cp7,-2235.42812323144,1.0,head
h_p15_cp8,-2230.3840515584166,1.0,head
h_p15_cp9,-2230.3840515500924,1.0,head
h_p15_cp10,-2225.2843081991505,1.0,head
h_p15_cp11,-2225.2843081937353,1.0,head
h_p15_cp12,-2220.1534664398373,1.0,head
h_p15_cp13,-2220.1534664362835,1.0,head
h_p15_cp14,-2215.0058698207145,1.0,head
h_p15_cp15,-2215.005869818427,1.0,head
h_p15_cp16,-2209.8495408438603,1.0,head
h_p15_cp17,-2209.8495408424164,1.0,head
h_p15_cp18,-2204.6887975239265,1.0,head
h_p15_cp19,-2204.6887975229997,1.0,head
h_p15_cp20,-2199.5258845992144,1.0,head
h_p15_cp21,-2199.525884598546,1.0,head
h_p15_cp22,-2194.3619327007714,1.0,head
h_p15_cp23,-2194.3619327001434,1.0,head
h_p15_cp24,-2189.197495097195,1.0,head
h_p15_cp25,-2189.1974950963913,1.0,head
h_p15_cp26,-2184.0328354510884,1.0,head
h_p15_cp27,-2184.032835449851,1.0,head
h_p15_cp28,-2178.8680763852976,1.0,head
h_p15_cp29,-2178.8680763832754,1.0,head
h_p15_cp30,-2173.703273658487,1.0,head
h_p15_cp31,-2173.7032736551796,1.0,head
h_p15_cp32,-2168.5384521013693,1.0,head
h_p15_cp33,-2168.5384520960756,1.0,head
h_p15_cp34,-2163.3736225592484,1.0,head
h_p15_cp35,-2163.373622551021,1.0,head
h_p15_cp36,-2158.2087896840967,1.0,head
h_p15_cp37,-2158.2087896717353,1.0,head
h_p15_cp38,-2153.043955437778,1.0,head
h_p15_cp39,-2153.0439554198797,1.0,head
h_p15_cp40,-2147.8791206344745,1.0,head
h_p15_cp41,-2147.879120609581,1.0,head
h_p15_cp42,-2142.714285606846,1.0,head
h_p15_cp43,-2142.7142855737125,1.0,head
h_p15_cp44,-2137.5494504886483,1.0,head
h_p15_cp45,-2137.549450446636,1.0,head
h_p15_cp46,-2132.3846153327254,1.0,head
h_p15_cp47,-2132.3846152822775,1.0,head
h_p15_cp48,-2127.2197801595826,1.0,head
h_p15_cp49,-2127.2197801026805,1.0,head
h_p15_cp50,-2122.054944977192,1.0,head
h_p15_cp51,-2122.054944917647,1.0,head
h_p15_cp52,-2116.890109789044,1.0,head
h_p15_cp53,-2116.890109732445,1.0,head
h_p15_cp54,-2111.7252745974133,1.0,head
h_p15_cp55,-2111.7252745506166,1.0,head
h_p15_cp56,-2106.5604394045927,1.0,head
h_p15_cp57,-2106.5604393747426,1.0,head
h_p15_cp58,-2101.395604213198,1.0,head
h_p15_cp59,-2101.3956042064574,1.0,head
h_p15_cp60,-2096.230769025996,1.0,head
h_p15_cp61,-2096.2307690463035,1.0,head
h_p15_cp62,-2091.0659338454548,1.0,head
h_p15_cp63,-2091.065933893686,1.0,head
h_p15_cp64,-2085.9010986732237,1.0,head
h_p15_cp65,-2085.9010987470465,1.0,head
h_p15_cp66,-2080.7362635097193,1.0,head
h_p15_cp67,-2080.7362636042108,1.0,head
h_p15_cp68,-2075.5714283539996,1.0,head
h_p15_cp69,-2075.571428462841,1.0,head
h_p15_cp70,-2070.4065932039775,1.0,head
h_p15_cp71,-2070.4065933208412,1.0,head
h_p15_cp72,-2065.2417580569268,1.0,head
h_p15_cp73,-2065.241758176641,1.0,head
h_p15_cp74,-2060.0769229101174,1.0,head
h_p15_cp75,-2060.076923029306,1.0,head
h_p15_cp76,-2054.912087761401,1.0,head
h_p15_cp77,-2054.9120878785056,1.0,head
h_p15_cp78,-2049.747252609581,1.0,head
h_p15_cp79,-2049.7472527243685,1.0,head
h_p15_cp80,-2044.5824174545128,1.0,head
h_p15_cp81,-2044.5824175673188,1.0,head
h_p15_cp82,-2039.41758229692,1.0,head
h_p15_cp83,-2039.4175824079084,1.0,head
h_p15_cp84,-2034.2527471380463,1.0,head
h_p15_cp85,-2034.2527472467032,1.0,head
h_p15_cp86,-2029.0879119792257,1.0,head
h_p15_cp87,-2029.0879120842033,1.0,head
h_p15_cp88,-2023.9230768215207,1.0,head
h_p15_cp89,-2023.923076920816,1.0,head
h_p15_cp90,-2018.7582416654832,1.0,head
h_p15_cp91,-2018.7582417568444,1.0,head
h_p15_cp92,-2013.5934065111055,1.0,head
h_p15_cp93,-2013.5934065925082,1.0,head
h_p15_cp94,-2008.4285713579145,1.0,head
h_p15_cp95,-2008.4285714279533,1.0,head
h_p15_cp96,-2003.263736205169,1.0,head
h_p15_cp97,-2003.2637362632786,1.0,head
h_p15_cp98,-1998.0989010520732,1.0,head
h_p15_cp99,-1998.0989010985445,1.0,head
h_p15_cp100,-1992.9340658979572,1.0,head
h_p15_cp101,-1992.9340659337906,1.0,head
h_p15_cp102,-1987.769230742374,1.0,head
h_p15_cp103,-1987.7692307690368,1.0,head
h_p15_cp104,-1982.6043955851303,1.0,head
h_p15_cp105,-1982.6043956042965,1.0,head
h_p15_cp106,-1977.4395604262568,1.0,head
h_p15_cp107,-1977.439560439585,1.0,head
h_p15_cp108,-1972.2747252659772,1.0,head
h_p15_cp109,-1972.2747252749582,1.0,head
h_p15_cp110,-1967.109890104708,1.0,head
h_p15_cp111,-1967.1098901105813,1.0,head
h_p15_cp112,-1961.9450549431854,1.0,head
h_p15_cp113,-1961.94505494692,1.0,head
h_p15_cp114,-1956.780219782871,1.0,head
h_p15_cp115,-1956.7802197851836,1.0,head
h_p15_cp116,-1951.6153846271136,1.0,head
h_p15_cp117,-1951.6153846285113,1.0,head
h_p15_cp118,-1946.4505494842401,1.0,head
h_p15_cp119,-1946.4505494850655,1.0,head
h_p15_cp120,-1941.285714375383,1.0,head
h_p15_cp121,-1941.2857143758606,1.0,head
h_p15_cp122,-1936.1208793540843,1.0,head
h_p15_cp123,-1936.120879354355,1.0,head
h_p15_cp124,-1930.9560445546724,1.0,head
h_p15_cp125,-1930.9560445548227,1.0,head
h_p15_cp126,-1925.7912103100207,1.0,head
h_p15_cp127,-1925.7912103101025,1.0,head
h_p15_cp128,-1920.6263774337633,1.0,head
h_p15_cp129,-1920.6263774338063,1.0,head
h_p15_cp130,-1915.4615478855192,1.0,head
h_p15_cp131,-1915.4615478855403,1.0,head
h_p15_cp132,-1910.2967263110945,1.0,head
h_p15_cp133,-1910.2967263111025,1.0,head
h_p15_cp134,-1905.131923540389,1.0,head
h_p15_cp135,-1905.131923540387,1.0,head
h_p15_cp136,-1899.9671643670445,1.0,head
h_p15_cp137,-1899.9671643670335,1.0,head
h_p15_cp138,-1894.802504462495,1.0,head
h_p15_cp139,-1894.8025044624744,1.0,head
h_p15_cp140,-1889.638066248296,1.0,head
h_p15_cp141,-1889.6380662482622,1.0,head
h_p15_cp142,-1884.4741129315873,1.0,head
h_p15_cp143,-1884.4741129315373,1.0,head
h_p15_cp144,-1879.3111967716457,1.0,head
h_p15_cp145,-1879.3111967715738,1.0,head
h_p15_cp146,-1874.1504462125645,1.0,head
h_p15_cp147,-1874.1504462124658,1.0,head
h_p15_cp148,-1868.9941013682806,1.0,head
h_p15_cp149,-1868.9941013681507,1.0,head
h_p15_cp150,-1863.8464707319058,1.0,head
h_p15_cp151,-1863.8464707317435,1.0,head
h_p15_cp152,-1858.7155577636665,1.0,head
h_p15_cp153,-1858.7155577634724,1.0,head
h_p15_cp154,-1853.615669121989,1.0,head
h_p15_cp155,-1853.6156691217677,1.0,head
h_p15_cp156,-1848.5713091156665,1.0,head
h_p15_cp157,-1848.5713091154257,1.0,head
h_p15_cp158,-1843.6224884591938,1.0,head
h_p15_cp159,-1843.6224884589424,1.0,head
h_p15_cp160,-1838.8311038240074,1.0,head
h_p15_cp161,-1838.8311038237537,1.0,head
h_p15_cp162,-1834.2871917642995,1.0,head
h_p15_cp163,-1834.2871917640477,1.0,head
h_p15_cp164,-2249.7086775488174,1.0,head
h_p15_cp165,-1834.2873880439265,1.0,head
h_p15_cp166,-2249.7086232278907,1.0,head
h_p15_cp167,-1834.2874921037776,1.0,head
h_p15_cp168,-2249.7085947143514,1.0,head
h_p15_cp169,-1834.2875456624142,1.0,head
h_p15_cp170,-2249.708580118995,1.0,head
h_p15_cp171,-1834.2875724865196,1.0,head
h_p15_cp172,-2249.7085728279176,1.0,head
h_p15_cp173,-1834.2875855847324,1.0,head
h_p15_cp174,-2249.708569270115,1.0,head
h_p15_cp175,-1834.2875918309742,1.0,head
h_p15_cp176,-2249.7085675725657,1.0,head
h_p15_cp177,-1834.2875947443363,1.0,head
h_p15_cp178,-2249.7085667797587,1.0,head
h_p15_cp179,-1834.2875960751796,1.0,head
h_p15_cp180,-2249.7085664169526,1.0,head
h_p15_cp181,-1834.2875966713289,1.0,head
h_p15_cp182,-2249.708566254099,1.0,head
h_p15_cp183,-1834.2875969334941,1.0,head
h_p15_cp184,-2249.7085661823235,1.0,head
h_p15_cp185,-1834.287597046798,1.0,head
h_p15_cp186,-2249.7085661512315,1.0,head
h_p15_cp187,-1834.2875970949697,1.0,head
h_p15_cp188,-2249.70856613798,1.0,head
h_p15_cp189,-1834.2875971151345,1.0,head
h_p15_cp190,-2249.7085661324154,1.0,head
h_p15_cp191,-1834.287597123453,1.0,head
h_p15_cp192,-2249.708566130107,1.0,head
h_p15_cp193,-1834.2875971268356,1.0,head
h_p15_cp194,-2249.708566129156,1.0,head
h_p15_cp195,-1834.2875971281917,1.0,head
h_p15_cp196,-2249.708566128762,1.0,head
h_p15_cp197,-1834.2875971287267,1.0,head
h_p15_cp198,-2249.708566128591,1.0,head
h_p15_cp199,-1834.2875971289322,1.0,head
h_p15_cp200,-2249.708566128508,1.0,head
h_p15_cp201,-1834.2875971290064,1.0,head
h_p15_cp202,-2249.7085661284596,1.0,head
h_p15_cp203,-1834.2875971290264,1.0,head
h_p15_cp204,-2249.708566128425,1.0,head
h_p15_cp205,-1834.2875971290239,1.0,head
h_p15_cp206,-2249.708566128398,1.0,head
h_p15_cp207,-1834.287597129009,1.0,head
h_p15_cp208,-2249.7085661283786,1.0,head
h_p15_cp209,-1834.287597128988,1.0,head
h_p15_cp210,-2249.708566128366,1.0,head
h_p15_cp211,-1834.2875971289627,1.0,head
h_p15_cp212,-2249.7085661283613,1.0,head
h_p15_cp213,-1834.2875971289343,1.0,head
h_p15_cp214,-2249.708566128365,1.0,head
h_p15_cp215,-1834.2875971289045,1.0,head
h_p15_cp216,-2249.708566128377,1.0,head
h_p15_cp217,-1834.2875971288745,1.0,head
h_p15_cp218,-2249.708566128394,1.0,head
h_p15_cp219,-1834.2875971288445,1.0,head
h_p15_cp220,-2249.708566128417,1.0,head
h_p15_cp221,-1834.287597128811,1.0,head
h_p15_cp222,-2249.708566128441,1.0,head
h_p15_cp223,-1834.287597128767,1.0,head
h_p15_cp224,-2249.708566128465,1.0,head
h_p15_cp225,-1834.2875971286949,1.0,head
h_p15_cp226,-2249.7085661284864,1.0,head
h_p15_cp227,-1834.2875971285644,1.0,head
h_p15_cp228,-2249.708566128505,1.0,head
h_p15_cp229,-1834.2875971283197,1.0,head
h_p15_cp230,-2249.7085661285187,1.0,head
h_p15_cp231,-1834.287597127869,1.0,head
h_p15_cp232,-2249.7085661285278,1.0,head
h_p15_cp233,-1834.2875971270646,1.0,head
h_p15_cp234,-2249.7085661285314,1.0,head
h_p15_cp235,-1834.287597125678,1.0,head
h_p15_cp236,-2249.7085661285287,1.0,head
h_p15_cp237,-1834.2875971233723,1.0,head
h_p15_cp238,-2249.708566128519,1.0,head
h_p15_cp239,-1834.2875971196706,1.0,head
h_p15_cp240,-2249.7085661285014,1.0,head
h_p15_cp241,-1834.2875971139392,1.0,head
h_p15_cp242,-2249.708566128474,1.0,head
h_p15_cp243,-1834.287597105393,1.0,head
h_p15_cp244,-2249.7085661284345,1.0,head
h_p15_cp245,-1834.2875970931475,1.0,head
h_p15_cp246,-2249.708566128379,1.0,head
h_p15_cp247,-1834.2875970763366,1.0,head
h_p15_cp248,-2249.708566128305,1.0,head
h_p15_cp249,-1834.2875970543028,1.0,head
h_p15_cp250,-2249.7085661282104,1.0,head
h_p15_cp251,-1834.2875970268544,1.0,head
h_p15_cp252,-2249.7085661280958,1.0,head
h_p15_cp253,-1834.2875969945405,1.0,head
h_p15_cp254,-2249.7085661279652,1.0,head
h_p15_cp255,-1834.2875969588697,1.0,head
h_p15_cp256,-2249.7085661278284,1.0,head
h_p15_cp257,-1834.2875969223676,1.0,head
h_p15_cp258,-2249.7085661276988,1.0,head
h_p15_cp259,-1834.287596888389,1.0,head
h_p15_cp260,-2249.7085661275923,1.0,head
h_p15_cp261,-1834.2875968606522,1.0,head
h_p15_cp262,-2249.708566127523,1.0,head
h_p15_cp263,-1834.287596842559,1.0,head
h_p15_cp264,-2249.7085661275046,1.0,head
h_p15_cp265,-1834.2875968364733,1.0,head
h_p15_cp266,-2249.708566127538,1.0,head
h_p15_cp267,-1834.2875968431626,1.0,head
h_p15_cp268,-2249.708566127619,1.0,head
h_p15_cp269,-1834.2875968615986,1.0,head
h_p15_cp270,-2249.7085661277347,1.0,head
h_p15_cp271,-1834.2875968891733,1.0,head
h_p15_cp272,-2249.708566127867,1.0,head
h_p15_cp273,-1834.2875969222748,1.0,head
h_p15_cp274,-2249.708566127996,1.0,head
h_p15_cp275,-1834.2875969570216,1.0,head
h_p15_cp276,-2249.7085661281044,1.0,head
h_p15_cp277,-1834.2875969899485,1.0,head
h_p15_cp278,-2249.7085661281735,1.0,head
h_p15_cp279,-1834.2875970184868,1.0,head
h_p15_cp280,-2249.7085661281853,1.0,head
h_p15_cp281,-1834.287597041174,1.0,head
h_p15_cp282,-2249.708566128118,1.0,head
h_p15_cp283,-1834.2875970576197,1.0,head
h_p15_cp284,-2249.70856612794,1.0,head
h_p15_cp285,-1834.2875970683115,1.0,head
h_p15_cp286,-2249.708566127606,1.0,head
h_p15_cp287,-1834.2875970743432,1.0,head
h_p15_cp288,-2249.708566127053,1.0,head
h_p15_cp289,-1834.287597077134,1.0,head
h_p15_cp290,-2249.708566126195,1.0,head
h_p15_cp291,-1834.2875970781622,1.0,head
h_p15_cp292,-2249.708566124924,1.0,head
h_p15_cp293,-1834.2875970787536,1.0,head
h_p15_cp294,-2249.708566123116,1.0,head
h_p15_cp295,-1834.287597079917,1.0,head
h_p15_cp296,-2249.7085661206434,1.0,head
h_p15_cp297,-1834.2875970822552,1.0,head
h_p15_cp298,-2249.708566117398,1.0,head
h_p15_cp299,-1834.2875970859498,1.0,head
h_p15_cp300,-2249.7085661133196,1.0,head
h_p15_cp301,-1834.2875970908274,1.0,head
h_p15_cp302,-2249.708566108437,1.0,head
h_p15_cp303,-1834.287597096477,1.0,head
h_p15_cp304,-2249.7085661028977,1.0,head
h_p15_cp305,-1834.2875971023907,1.0,head
h_p15_cp306,-2249.7085660969924,1.0,head
h_p15_cp307,-1834.2875971080884,1.0,head
h_p15_cp308,-2249.708566091148,1.0,head
h_p15_cp309,-1834.287597113204,1.0,head
h_p15_cp310,-2249.70856608589,1.0,head
h_p15_cp311,-1834.2875971175195,1.0,head
h_p15_cp312,-2249.708566081771,1.0,head
h_p15_cp313,-1834.2875971209646,1.0,head
h_p15_cp314,-2249.7085660792704,1.0,head
h_p15_cp315,-1834.2875971235796,1.0,head
h_p15_cp316,-2249.7085660787016,1.0,head
h_p15_cp317,-1834.2875971254755,1.0,head
h_p15_cp318,-2249.7085660801445,1.0,head
h_p15_cp319,-1834.2875971267927,1.0,head
h_p15_cp320,-2249.708566083421,1.0,head
h_p15_cp321,-1834.2875971276726,1.0,head
h_p15_cp322,-2249.708566088139,1.0,head
h_p15_cp323,-1834.2875971282385,1.0,head
h_p15_cp324,-2249.7085660937687,1.0,head
h_p15_cp325,-1834.2875971285912,1.0,head
h_p15_cp326,-2249.7085660997504,1.0,head
h_p15_cp327,-1834.287597128803,1.0,head
h_p15_cp328,-2249.7085661055826,1.0,head
h_p15_cp329,-1834.2875971289257,1.0,head
h_p15_cp330,-2249.7085661108886,1.0,head
h_p15_cp331,-1834.2875971289918,1.0,head
h_p15_cp332,-2249.708566115443,1.0,head
h_p15_cp333,-1834.2875971290189,1.0,head
h_p15_cp334,-2249.7085661191627,1.0,head
h_p15_cp335,-1834.2875971290086,1.0,head
h_p15_cp336,-2249.708566122092,1.0,head
h_p15_cp337,-1834.287597128938,1.0,head
h_p15_cp338,-2249.7085661243777,1.0,head
h_p15_cp339,-1834.2875971287322,1.0,head
h_p15_cp340,-2249.708566126282,1.0,head
h_p15_cp341,-1834.2875971281962,1.0,head
h_p15_cp342,-2249.7085661282713,1.0,head
h_p15_cp343,-1834.2875971268381,1.0,head
h_p15_cp344,-2249.7085661312676,1.0,head
h_p15_cp345,-1834.2875971234544,1.0,head
h_p15_cp346,-2249.7085661372676,1.0,head
h_p15_cp347,-1834.2875971151357,1.0,head
h_p15_cp348,-2249.708566150772,1.0,head
h_p15_cp349,-1834.2875970949701,1.0,head
h_p15_cp350,-2249.7085661819765,1.0,head
h_p15_cp351,-1834.2875970467976,1.0,head
h_p15_cp352,-2249.708566253733,1.0,head
h_p15_cp353,-1834.2875969334928,1.0,head
h_p15_cp354,-2249.708566416407,1.0,head
h_p15_cp355,-1834.287596671326,1.0,head
h_p15_cp356,-2249.7085667787883,1.0,head
h_p15_cp357,-1834.2875960751742,1.0,head
h_p15_cp358,-2249.708567570763,1.0,head
h_p15_cp359,-1834.2875947443263,1.0,head
h_p15_cp360,-2249.7085692667993,1.0,head
h_p15_cp361,-1834.2875918309576,1.0,head
h_p15_cp362,-2249.708572821989,1.0,head
h_p15_cp363,-1834.2875855847049,1.0,head
h_p15_cp364,-2249.708580108758,1.0,head
h_p15_cp365,-1834.2875724864748,1.0,head
h_p15_cp366,-2249.7085946973457,1.0,head
h_p15_cp367,-1834.2875456623428,1.0,head
h_p15_cp368,-2249.708623200802,1.0,head
h_p15_cp369,-1834.2874921036653,1.0,head
h_p15_cp370,-2249.708677507562,1.0,head
h_p15_cp371,-1834.2873880437562,1.0,head
h_p16_cp0,-2249.530022400037,1.0,head
h_p16_cp1,-2249.530022337403,1.0,head
h_p16_cp2,-2245.04446821638,1.0,head
h_p16_cp3,-2245.04446817393,1.0,head
h_p16_cp4,-2240.2968398329053,1.0,head
h_p16_cp5,-2240.2968398066882,1.0,head
h_p16_cp6,-2235.3786999225526,1.0,head
h_p16_cp7,-2235.378699906888,1.0,head
h_p16_cp8,-2230.3546200089595,1.0,head
h_p16_cp9,-2230.354619999357,1.0,head
h_p16_cp10,-2225.267452373134,1.0,head
h_p16_cp11,-2225.267452367005,1.0,head
h_p16_cp12,-2220.1441535043,1.0,head
h_p16_cp13,-2220.1441535003073,1.0,head
h_p16_cp14,-2215.000891971126,1.0,head
h_p16_cp15,-2215.0008919685274,1.0,head
h_p16_cp16,-2209.8469602606056,1.0,head
h_p16_cp17,-2209.8469602589093,1.0,head
h_p16_cp18,-2204.687497023814,1.0,head
h_p16_cp19,-2204.6874970226468,1.0,head
h_p16_cp20,-2199.5252461620576,1.0,head
h_p16_cp21,-2199.525246161108,1.0,head
h_p16_cp22,-2194.361626819273,1.0,head
h_p16_cp23,-2194.3616268182445,1.0,head
h_p16_cp24,-2189.197351828889,1.0,head
h_p16_cp25,-2189.1973518274513,1.0,head
h_p16_cp26,-2184.0327697496787,1.0,head
h_p16_cp27,-2184.0327697474,1.0,head
h_p16_cp28,-2178.8680468437833,1.0,head
h_p16_cp29,-2178.86804684006,1.0,head
h_p16_cp30,-2173.7032606183448,1.0,head
h_p16_cp31,-2173.7032606123157,1.0,head
h_p16_cp32,-2168.5384464433937,1.0,head
h_p16_cp33,-2168.538446433861,1.0,head
h_p16_cp34,-2163.3736201427955,1.0,head
h_p16_cp35,-2163.3736201281718,1.0,head
h_p16_cp36,-2158.2087886658337,1.0,head
h_p16_cp37,-2158.2087886441495,1.0,head
h_p16_cp38,-2153.043955011742,1.0,head
h_p16_cp39,-2153.0439549807525,1.0,head
h_p16_cp40,-2147.879120453757,1.0,head
h_p16_cp41,-2147.879120411208,1.0,head
h_p16_cp42,-2142.714285523794,1.0,head
h_p16_cp43,-2142.714285467883,1.0,head
h_p16_cp44,-2137.5494504404655,1.0,head
h_p16_cp45,-2137.5494503704804,1.0,head
h_p16_cp46,-2132.3846152920637,1.0,head
h_p16_cp47,-2132.3846152091282,1.0,head
h_p16_cp48,-2127.2197801136545,1.0,head
h_p16_cp49,-2127.219780021416,1.0,head
h_p16_cp50,-2122.054944919236,1.0,head
h_p16_cp51,-2122.054944824251,1.0,head
h_p16_cp52,-2116.89010971507,1.0,head
h_p16_cp53,-2116.8901096266372,1.0,head
h_p16_cp54,-2111.7252745051865,1.0,head
h_p16_cp55,-2111.7252744344596,1.0,head
h_p16_cp56,-2106.560439293493,1.0,head
h_p16_cp57,-2106.560439251897,1.0,head
h_p16_cp58,-2101.3956040843304,1.0,head
h_p16_cp59,-2101.395604081557,1.0,head
h_p16_cp60,-2096.2307688822107,1.0,head
h_p16_cp61,-2096.230768924305,1.0,head
h_p16_cp62,-2091.065933691113,1.0,head
h_p16_cp63,-2091.0659337792176,1.0,head
h_p16_cp64,-2085.9010985136692,1.0,head
h_p16_cp65,-2085.9010986438498,1.0,head
h_p16_cp66,-2080.7362633505263,1.0,head
h_p16_cp67,-2080.7362635147765,1.0,head
h_p16_cp68,-2075.5714282001627,1.0,head
h_p16_cp69,-2075.571428388282,1.0,head
h_p16_cp70,-2070.4065930592274,1.0,head
h_p16_cp71,-2070.4065932609974,1.0,head
h_p16_cp72,-2065.241757923343,1.0,head
h_p16_cp73,-2065.241758130351,1.0,head
h_p16_cp74,-2060.0769227881087,1.0,head
h_p16_cp75,-2060.076922994763,1.0,head
h_p16_cp76,-2054.9120876500324,1.0,head
h_p16_cp77,-2054.91208785361,1.0,head
h_p16_cp78,-2049.747252507132,1.0,head
h_p16_cp79,-2049.74725270702,1.0,head
h_p16_cp80,-2044.5824173591022,1.0,head
h_p16_cp81,-2044.5824175556183,1.0,head
h_p16_cp82,-2039.4175822070479,1.0,head
h_p16_cp83,-2039.4175824002643,1.0,head
h_p16_cp84,-2034.2527470529258,1.0,head
h_p16_cp85,-2034.2527472418656,1.0,head
h_p16_cp86,-2029.0879118988687,1.0,head
h_p16_cp87,-2029.08791208124,1.0,head
h_p16_cp88,-2023.9230767465938,1.0,head
h_p16_cp89,-2023.9230769190651,1.0,head
h_p16_cp90,-2018.758241597018,1.0,head
h_p16_cp91,-2018.7582417558563,1.0,head
h_p16_cp92,-2013.5934064501569,1.0,head
h_p16_cp93,-2013.5934065919873,1.0,head
h_p16_cp94,-2008.4285713052655,1.0,head
h_p16_cp95,-2008.428571427714,1.0,head
h_p16_cp96,-2003.2637361611437,1.0,head
h_p16_cp97,-2003.2637362632056,1.0,head
h_p16_cp98,-1998.0989010164806,1.0,head
h_p16_cp99,-1998.0989010985684,1.0,head
h_p16_cp100,-1992.9340658701467,1.0,head
h_p16_cp101,-1992.9340659338686,1.0,head
h_p16_cp102,-1987.769230721369,1.0,head
h_p16_cp103,-1987.7692307691432,1.0,head
h_p16_cp104,-1982.6043955697921,1.0,head
h_p16_cp105,-1982.604395604421,1.0,head
h_p16_cp106,-1977.439560415445,1.0,head
h_p16_cp107,-1977.4395604397441,1.0,head
h_p16_cp108,-1972.2747252586978,1.0,head
h_p16_cp109,-1972.2747252752283,1.0,head
h_p16_cp110,-1967.1098901002756,1.0,head
h_p16_cp111,-1967.109890111195,1.0,head
h_p16_cp112,-1961.9450549414835,1.0,head
h_p16_cp113,-1961.9450549484989,1.0,head
h_p16_cp114,-1956.7802197849367,1.0,head
h_p16_cp115,-1956.7802197893277,1.0,head
h_p16_cp116,-1951.6153846365842,1.0,head
h_p16_cp117,-1951.6153846392663,1.0,head
h_p16_cp118,-1946.4505495109343,1.0,head
h_p16_cp119,-1946.4505495125359,1.0,head
h_p16_cp120,-1941.2857144440434,1.0,head
h_p16_cp121,-1941.2857144449802,1.0,head
h_p16_cp122,-1936.120879525332,1.0,head
h_p16_cp123,-1936.1208795258688,1.0,head
h_p16_cp124,-1930.9560449743508,1.0,head
h_p16_cp125,-1930.956044974653,1.0,head
h_p16_cp126,-1925.7912113233795,1.0,head
h_p16_cp127,-1925.7912113235463,1.0,head
h_p16_cp128,-1920.6263798447742,1.0,head
h_p16_cp129,-1920.626379844864,1.0,head
h_p16_cp130,-1915.4615535341784,1.0,head
h_p16_cp131,-1915.4615535342239,1.0,head
h_p16_cp132,-1910.2967393311521,1.0,head
h_p16_cp133,-1910.2967393311726,1.0,head
h_p16_cp134,-1905.1319530357393,1.0,head
h_p16_cp135,-1905.1319530357432,1.0,head
h_p16_cp136,-1899.967229961865,1.0,head
h_p16_cp137,-1899.9672299618558,1.0,head
h_p16_cp138,-1894.8026474876388,1.0,head
h_p16_cp139,-1894.8026474876167,1.0,head
h_p16_cp140,-1889.6383715843588,1.0,head
h_p16_cp141,-1889.6383715843215,1.0,head
h_p16_cp142,-1884.4747501682987,1.0,head
h_p16_cp143,-1884.4747501682427,1.0,head
h_p16_cp144,-1879.3124946834587,1.0,head
h_p16_cp145,-1879.3124946833796,1.0,head
h_p16_cp146,-1874.1530213371077,1.0,head
h_p16_cp147,-1874.1530213370002,1.0,head
h_p16_cp148,-1868.9990679758644,1.0,head
h_p16_cp149,-1868.9990679757243,1.0,head
h_p16_cp150,-1863.8557611004478,1.0,head
h_p16_cp151,-1863.8557611002745,1.0,head
h_p16_cp152,-1858.7323695250798,1.0,head
h_p16_cp153,-1858.7323695248738,1.0,head
h_p16_cp154,-1853.6450171676806,1.0,head
h_p16_cp155,-1853.645017167447,1.0,head
h_p16_cp156,-1848.6205792443754,1.0,head
h_p16_cp157,-1848.6205792441215,1.0,head
h_p16_cp158,-1843.7017657570752,1.0,head
h_p16_cp159,-1843.70176575681,1.0,head
h_p16_cp160,-1838.9529094392253,1.0,head
h_p16_cp161,-1838.9529094389566,1.0,head
h_p16_cp162,-1834.4651896707228,1.0,head
h_p16_cp163,-1834.4651896704559,1.0,head
h_p16_cp164,-2249.529905336339,1.0,head
h_p16_cp165,-1834.4654284325914,1.0,head
h_p16_cp166,-2249.5298409438774,1.0,head
h_p16_cp167,-1834.4655574664175,1.0,head
h_p16_cp168,-2249.5298064055996,1.0,head
h_p16_cp169,-1834.465625217194,1.0,head
h_p16_cp170,-2249.5297883333806,1.0,head
h_p16_cp171,-1834.4656598523904,1.0,head
h_p16_cp172,-2249.529779102213,1.0,head
h_p16_cp173,-1834.4656771219588,1.0,head
h_p16_cp174,-2249.5297744954937,1.0,head
h_p16_cp175,-1834.4656855334847,1.0,head
h_p16_cp176,-2249.5297722474015,1.0,head
h_p16_cp177,-1834.465689541212,1.0,head
h_p16_cp178,-2249.529771173551,1.0,head
h_p16_cp179,-1834.4656914114669,1.0,head
h_p16_cp180,-2249.529770670966,1.0,head
h_p16_cp181,-1834.4656922673018,1.0,head
h_p16_cp182,-2249.52977044027,1.0,head
h_p16_cp183,-1834.4656926517503,1.0,head
h_p16_cp184,-2249.5297703363117,1.0,head
h_p16_cp185,-1834.46569282145,1.0,head
h_p16_cp186,-2249.5297702902753,1.0,head
h_p16_cp187,-1834.465692895127,1.0,head
h_p16_cp188,-2249.5297702702205,1.0,head
h_p16_cp189,-1834.465692926616,1.0,head
h_p16_cp190,-2249.529770261613,1.0,head
h_p16_cp191,-1834.4656929398748,1.0,head
h_p16_cp192,-2249.5297702579633,1.0,head
h_p16_cp193,-1834.4656929453774,1.0,head
h_p16_cp194,-2249.529770256425,1.0,head
h_p16_cp195,-1834.465692947628,1.0,head
h_p16_cp196,-2249.5297702557705,1.0,head
h_p16_cp197,-1834.4656929485327,1.0,head
h_p16_cp198,-2249.5297702554776,1.0,head
h_p16_cp199,-1834.4656929488867,1.0,head
h_p16_cp200,-2249.5297702553303,1.0,head
h_p16_cp201,-1834.4656929490154,1.0,head
h_p16_cp202,-2249.529770255241,1.0,head
h_p16_cp203,-1834.4656929490502,1.0,head
h_p16_cp204,-2249.529770255177,1.0,head
h_p16_cp205,-1834.4656929490443,1.0,head
h_p16_cp206,-2249.5297702551275,1.0,head
h_p16_cp207,-1834.4656929490172,1.0,head
h_p16_cp208,-2249.5297702550897,1.0,head
h_p16_cp209,-1834.4656929489781,1.0,head
h_p16_cp210,-2249.5297702550656,1.0,head
h_p16_cp211,-1834.465692948931,1.0,head
h_p16_cp212,-2249.529770255057,1.0,head
h_p16_cp213,-1834.4656929488788,1.0,head
h_p16_cp214,-2249.5297702550642,1.0,head
h_p16_cp215,-1834.4656929488235,1.0,head
h_p16_cp216,-2249.5297702550856,1.0,head
h_p16_cp217,-1834.4656929487683,1.0,head
h_p16_cp218,-2249.5297702551193,1.0,head
h_p16_cp219,-1834.465692948711,1.0,head
h_p16_cp220,-2249.529770255161,1.0,head
h_p16_cp221,-1834.4656929486455,1.0,head
h_p16_cp222,-2249.529770255207,1.0,head
h_p16_cp223,-1834.4656929485573,1.0,head
h_p16_cp224,-2249.529770255253,1.0,head
h_p16_cp225,-1834.4656929484127,1.0,head
h_p16_cp226,-2249.529770255294,1.0,head
h_p16_cp227,-1834.4656929481534,1.0,head
h_p16_cp228,-2249.5297702553294,1.0,head
h_p16_cp229,-1834.4656929476748,1.0,head
h_p16_cp230,-2249.5297702553553,1.0,head
h_p16_cp231,-1834.4656929468072,1.0,head
h_p16_cp232,-2249.529770255372,1.0,head
h_p16_cp233,-1834.4656929452815,1.0,head
h_p16_cp234,-2249.5297702553776,1.0,head
h_p16_cp235,-1834.4656929426885,1.0,head
h_p16_cp236,-2249.52977025537,1.0,head
h_p16_cp237,-1834.4656929384312,1.0,head
h_p16_cp238,-2249.529770255348,1.0,head
h_p16_cp239,-1834.4656929316814,1.0,head
h_p16_cp240,-2249.529770255308,1.0,head
h_p16_cp241,-1834.4656929213547,1.0,head
h_p16_cp242,-2249.5297702552452,1.0,head
h_p16_cp243,-1834.4656929061346,1.0,head
h_p16_cp244,-2249.529770255154,1.0,head
h_p16_cp245,-1834.4656928845675,1.0,head
h_p16_cp246,-2249.5297702550265,1.0,head
h_p16_cp247,-1834.4656928552722,1.0,head
h_p16_cp248,-2249.529770254857,1.0,head
h_p16_cp249,-1834.4656928172565,1.0,head
h_p16_cp250,-2249.529770254642,1.0,head
h_p16_cp251,-1834.465692770335,1.0,head
h_p16_cp252,-2249.529770254383,1.0,head
h_p16_cp253,-1834.465692715563,1.0,head
h_p16_cp254,-2249.52977025409,1.0,head
h_p16_cp255,-1834.465692655558,1.0,head
h_p16_cp256,-2249.5297702537846,1.0,head
h_p16_cp257,-1834.4656925945621,1.0,head
h_p16_cp258,-2249.529770253497,1.0,head
h_p16_cp259,-1834.4656925381012,1.0,head
h_p16_cp260,-2249.5297702532607,1.0,head
h_p16_cp261,-1834.465692492223,1.0,head
h_p16_cp262,-2249.529770253108,1.0,head
h_p16_cp263,-1834.4656924624126,1.0,head
h_p16_cp264,-2249.529770253064,1.0,head
h_p16_cp265,-1834.465692452449,1.0,head
h_p16_cp266,-2249.529770253135,1.0,head
h_p16_cp267,-1834.4656924635422,1.0,head
h_p16_cp268,-2249.52977025331,1.0,head
h_p16_cp269,-1834.4656924940182,1.0,head
h_p16_cp270,-2249.529770253562,1.0,head
h_p16_cp271,-1834.465692539668,1.0,head
h_p16_cp272,-2249.5297702538537,1.0,head
h_p16_cp273,-1834.4656925946435,1.0,head
h_p16_cp274,-2249.5297702541434,1.0,head
h_p16_cp275,-1834.46569265262,1.0,head
h_p16_cp276,-2249.5297702543903,1.0,head
h_p16_cp277,-1834.4656927078986,1.0,head
h_p16_cp278,-2249.5297702545586,1.0,head
h_p16_cp279,-1834.4656927561907,1.0,head
h_p16_cp280,-2249.52977025461,1.0,head
h_p16_cp281,-1834.4656927949864,1.0,head
h_p16_cp282,-2249.5297702545026,1.0,head
h_p16_cp283,-1834.465692823527,1.0,head
h_p16_cp284,-2249.5297702541784,1.0,head
h_p16_cp285,-1834.4656928425168,1.0,head
h_p16_cp286,-2249.5297702535545,1.0,head
h_p16_cp287,-1834.4656928536854,1.0,head
h_p16_cp288,-2249.529770252517,1.0,head
h_p16_cp289,-1834.4656928593233,1.0,head
h_p16_cp290,-2249.5297702509147,1.0,head
h_p16_cp291,-1834.4656928618485,1.0,head
h_p16_cp292,-2249.529770248558,1.0,head
h_p16_cp293,-1834.465692863444,1.0,head
h_p16_cp294,-2249.529770245233,1.0,head
h_p16_cp295,-1834.465692865789,1.0,head
h_p16_cp296,-2249.5297702407242,1.0,head
h_p16_cp297,-1834.4656928699083,1.0,head
h_p16_cp298,-2249.529770234855,1.0,head
h_p16_cp299,-1834.4656928761467,1.0,head
h_p16_cp300,-2249.52977022754,1.0,head
h_p16_cp301,-1834.465692884271,1.0,head
h_p16_cp302,-2249.529770218848,1.0,head
h_p16_cp303,-1834.4656928936536,1.0,head
h_p16_cp304,-2249.5297702090556,1.0,head
h_p16_cp305,-1834.4656929034938,1.0,head
h_p16_cp306,-2249.529770198681,1.0,head
h_p16_cp307,-1834.465692913019,1.0,head
h_p16_cp308,-2249.5297701884706,1.0,head
h_p16_cp309,-1834.4656929216264,1.0,head
h_p16_cp310,-2249.529770179329,1.0,head
h_p16_cp311,-1834.4656929289456,1.0,head
h_p16_cp312,-2249.529770172196,1.0,head
h_p16_cp313,-1834.4656929348407,1.0,head
h_p16_cp314,-2249.5297701678846,1.0,head
h_p16_cp315,-1834.465692939359,1.0,head
h_p16_cp316,-2249.529770166922,1.0,head
h_p16_cp317,-1834.4656929426685,1.0,head
h_p16_cp318,-2249.529770169437,1.0,head
h_p16_cp319,-1834.4656929449932,1.0,head
h_p16_cp320,-2249.5297701751297,1.0,head
h_p16_cp321,-1834.4656929465643,1.0,head
h_p16_cp322,-2249.5297701833338,1.0,head
h_p16_cp323,-1834.4656929475875,1.0,head
h_p16_cp324,-2249.5297701931518,1.0,head
h_p16_cp325,-1834.4656929482321,1.0,head
h_p16_cp326,-2249.5297702036264,1.0,head
h_p16_cp327,-1834.4656929486243,1.0,head
h_p16_cp328,-2249.5297702138914,1.0,head
h_p16_cp329,-1834.4656929488542,1.0,head
h_p16_cp330,-2249.529770223289,1.0,head
h_p16_cp331,-1834.4656929489802,1.0,head
h_p16_cp332,-2249.5297702314083,1.0,head
h_p16_cp333,-1834.4656929490336,1.0,head
h_p16_cp334,-2249.5297702380917,1.0,head
h_p16_cp335,-1834.4656929490184,1.0,head
h_p16_cp336,-2249.529770243393,1.0,head
h_p16_cp337,-1834.4656929488965,1.0,head
h_p16_cp338,-2249.529770247548,1.0,head
h_p16_cp339,-1834.465692948543,1.0,head
h_p16_cp340,-2249.5297702509865,1.0,head
h_p16_cp341,-1834.4656929476362,1.0,head
h_p16_cp342,-2249.5297702544594,1.0,head
h_p16_cp343,-1834.465692945383,1.0,head
h_p16_cp344,-2249.529770259405,1.0,head
h_p16_cp345,-1834.4656929398782,1.0,head
h_p16_cp346,-2249.529770268846,1.0,head
h_p16_cp347,-1834.4656929266182,1.0,head
h_p16_cp348,-2249.529770289403,1.0,head
h_p16_cp349,-1834.4656928951283,1.0,head
h_p16_cp350,-2249.529770335696,1.0,head
h_p16_cp351,-1834.4656928214501,1.0,head
h_p16_cp352,-2249.529770439701,1.0,head
h_p16_cp353,-1834.4656926517487,1.0,head
h_p16_cp354,-2249.5297706702195,1.0,head
h_p16_cp355,-1834.465692267299,1.0,head
h_p16_cp356,-2249.5297711723183,1.0,head
h_p16_cp357,-1834.4656914114605,1.0,head
h_p16_cp358,-2249.5297722452046,1.0,head
h_p16_cp359,-1834.4656895412006,1.0,head
h_p16_cp360,-2249.5297744915674,1.0,head
h_p16_cp361,-1834.4656855334656,1.0,head
h_p16_cp362,-2249.529779095359,1.0,head
h_p16_cp363,-1834.4656771219275,1.0,head
h_p16_cp364,-2249.529788321806,1.0,head
h_p16_cp365,-1834.4656598523402,1.0,head
h_p16_cp366,-2249.5298063867745,1.0,head
h_p16_cp367,-1834.465625217115,1.0,head
h_p16_cp368,-2249.529840914488,1.0,head
h_p16_cp369,-1834.4655574662952,1.0,head
h_p16_cp370,-2249.5299052924206,1.0,head
h_p16_cp371,-1834.4654284324083,1.0,head
h_p17_cp0,-2249.3462674335187,1.0,head
h_p17_cp1,-2249.346267366867,1.0,head
h_p17_cp2,-2244.9163263151727,1.0,head
h_p17_cp3,-2244.9163262699894,1.0,head
h_p17_cp4,-2240.2117165172076,1.0,head
h_p17_cp5,-2240.2117164896968,1.0,head
h_p17_cp6,-2235.324641996474,1.0,head
h_p17_cp7,-2235.3246419826432,1.0,head
h_p17_cp8,-2230.32169028451,1.0,head
h_p17_cp9,-2230.3216902762483,1.0,head
h_p17_cp10,-2225.2481505592755,1.0,head
h_p17_cp11,-2225.2481505536266,1.0,head
h_p17_cp12,-2220.133235435684,1.0,head
h_p17_cp13,-2220.1332354317015,1.0,head
h_p17_cp14,-2214.9949163755255,1.0,head
h_p17_cp15,-2214.9949163727497,1.0,head
h_p17_cp16,-2209.8437881183736,1.0,head
h_p17_cp17,-2209.843788116427,1.0,head
h_p17_cp18,-2204.68586015542,1.0,head
h_p17_cp19,-2204.6858601539375,1.0,head
h_p17_cp20,-2199.524423481888,1.0,head
h_p17_cp21,-2199.5244234805014,1.0,head
h_p17_cp22,-2194.361223367374,1.0,head
h_p17_cp23,-2194.3612233656727,1.0,head
h_p17_cp24,-2189.1971584487687,1.0,head
h_p17_cp25,-2189.197158446238,1.0,head
h_p17_cp26,-2184.0326790212953,1.0,head
h_p17_cp27,-2184.0326790172257,1.0,head
h_p17_cp28,-2178.8680051201604,1.0,head
h_p17_cp29,-2178.868005113539,1.0,head
h_p17_cp30,-2173.7032417870096,1.0,head
h_p17_cp31,-2173.7032417763994,1.0,head
h_p17_cp32,-2168.538438091596,1.0,head
h_p17_cp33,-2168.5384380750265,1.0,head
h_p17_cp34,-2163.3736164977304,1.0,head
h_p17_cp35,-2163.373616472637,1.0,head
h_p17_cp36,-2158.2087870964206,1.0,head
h_p17_cp37,-2158.208787059684,1.0,head
h_p17_cp38,-2153.0439543407115,1.0,head
h_p17_cp39,-2153.043954288871,1.0,head
h_p17_cp40,-2147.8791201627296,1.0,head
h_p17_cp41,-2147.879120092446,1.0,head
h_p17_cp42,-2142.7142853871496,1.0,head
h_p17_cp43,-2142.7142852959523,1.0,head
h_p17_cp44,-2137.5494503601576,1.0,head
h_p17_cp45,-2137.549450247452,1.0,head
h_p17_cp46,-2132.384615224574,1.0,head
h_p17_cp47,-2132.3846150927725,1.0,head
h_p17_cp48,-2127.2197800384106,1.0,head
h_p17_cp49,-2127.219779893918,1.0,head
h_p17_cp50,-2122.054944825396,1.0,head
h_p17_cp51,-2122.054944679096,1.0,head
h_p17_cp52,-2116.89010959636,1.0,head
h_p17_cp53,-2116.890109463227,1.0,head
h_p17_cp54,-2111.7252743581903,1.0,head
h_p17_cp55,-2111.7252742558157,1.0,head
h_p17_cp56,-2106.5604391173456,1.0,head
h_p17_cp57,-2106.560439063444,1.0,head
h_p17_cp58,-2101.3956038808055,1.0,head
h_p17_cp59,-2101.395603890158,1.0,head
h_p17_cp60,-2096.230768655708,1.0,head
h_p17_cp61,-2096.2307687372986,1.0,head
h_p17_cp62,-2091.0659334482775,1.0,head
h_p17_cp63,-2091.06593360347,1.0,head
h_p17_cp64,-2085.9010982625955,1.0,head
h_p17_cp65,-2085.901098484951,1.0,head
h_p17_cp66,-2080.736263099646,1.0,head
h_p17_cp67,-2080.736263376504,1.0,head
h_p17_cp68,-2075.571427957047,1.0,head
h_p17_cp69,-2075.571428272404,1.0,head
h_p17_cp70,-2070.406592829587,1.0,head
h_p17_cp71,-2070.4065931674013,1.0,head
h_p17_cp72,-2065.2417577104507,1.0,head
h_p17_cp73,-2065.241758057424,1.0,head
h_p17_cp74,-2060.076922592758,1.0,head
h_p17_cp75,-2060.076922939894,1.0,head
h_p17_cp76,-2054.912087471006,1.0,head
h_p17_cp77,-2054.9120878137046,1.0,head
h_p17_cp78,-2049.7472523420092,1.0,head
h_p17_cp79,-2049.747252678936,1.0,head
h_p17_cp80,-2044.58241720518,1.0,head
h_p17_cp81,-2044.5824175364737,1.0,head
h_p17_cp82,-2039.4175820621376,1.0,head
h_p17_cp83,-2039.4175823876117,1.0,head
h_p17_cp84,-2034.2527469158606,1.0,head
h_p17_cp85,-2034.2527472337536,1.0,head
h_p17_cp86,-2029.0879117696445,1.0,head
h_p17_cp87,-2029.0879120761956,1.0,head
h_p17_cp88,-2023.9230766261792,1.0,head
h_p17_cp89,-2023.923076916027,1.0,head
h_p17_cp90,-2018.758241486934,1.0,head
h_p17_cp91,-2018.7582417540925,1.0,head
h_p17_cp92,-2013.5934063519796,1.0,head
h_p17_cp93,-2013.5934065910114,1.0,head
h_p17_cp94,-2008.4285712201843,1.0,head
h_p17_cp95,-2008.4285714272137,1.0,head
h_p17_cp96,-2003.2637360896722,1.0,head
h_p17_cp97,-2003.2637362629869,1.0,head
h_p17_cp98,-1998.0989009583586,1.0,head
h_p17_cp99,-1998.0989010985127,1.0,head
h_p17_cp100,-1992.934065824412,1.0,head
h_p17_cp101,-1992.934065933906,1.0,head
h_p17_cp102,-1987.769230686548,1.0,head
h_p17_cp103,-1987.7692307692355,1.0,head
h_p17_cp104,-1982.604395544143,1.0,head
h_p17_cp105,-1982.6043956045605,1.0,head
h_p17_cp106,-1977.4395603972077,1.0,head
h_p17_cp107,-1977.4395604399706,1.0,head
h_p17_cp108,-1972.2747252463316,1.0,head
h_p17_cp109,-1972.2747252756913,1.0,head
h_p17_cp110,-1967.1098900927275,1.0,head
h_p17_cp111,-1967.1098901123096,1.0,head
h_p17_cp112,-1961.9450549386315,1.0,head
h_p17_cp113,-1961.9450549513392,1.0,head
h_p17_cp114,-1956.780219788566,1.0,head
h_p17_cp115,-1956.7802197966023,1.0,head
h_p17_cp116,-1951.6153846527284,1.0,head
h_p17_cp117,-1951.615384657689,1.0,head
h_p17_cp118,-1946.4505495555522,1.0,head
h_p17_cp119,-1946.4505495585468,1.0,head
h_p17_cp120,-1941.2857145565554,1.0,head
h_p17_cp121,-1941.285714558325,1.0,head
h_p17_cp122,-1936.120879800322,1.0,head
h_p17_cp123,-1936.120879801348,1.0,head
h_p17_cp124,-1930.9560456345303,1.0,head
h_p17_cp125,-1930.9560456351142,1.0,head
h_p17_cp126,-1925.791212884448,1.0,head
h_p17_cp127,-1925.7912128847743,1.0,head
h_p17_cp128,-1920.6263834808396,1.0,head
h_p17_cp129,-1920.6263834810177,1.0,head
h_p17_cp130,-1915.4615618711841,1.0,head
h_p17_cp131,-1915.4615618712785,1.0,head
h_p17_cp132,-1910.296758131621,1.0,head
h_p17_cp133,-1910.2967581316664,1.0,head
h_p17_cp134,-1905.131994690191,1.0,head
h_p17_cp135,-1905.1319946902072,1.0,head
h_p17_cp136,-1899.9673205341305,1.0,head
h_p17_cp137,-1899.9673205341262,1.0,head
h_p17_cp138,-1894.802840519394,1.0,head
h_p17_cp139,-1894.8028405193725,1.0,head
h_p17_cp140,-1889.6387742719166,1.0,head
h_p17_cp141,-1889.6387742718769,1.0,head
h_p17_cp142,-1884.4755712032597,1.0,head
h_p17_cp143,-1884.4755712031995,1.0,head
h_p17_cp144,-1879.3141280832983,1.0,head
h_p17_cp145,-1879.314128083213,1.0,head
h_p17_cp146,-1874.1561863276604,1.0,head
h_p17_cp147,-1874.1561863275456,1.0,head
h_p17_cp148,-1869.0050291738387,1.0,head
h_p17_cp149,-1869.0050291736916,1.0,head
h_p17_cp150,-1863.8666509191426,1.0,head
h_p17_cp151,-1863.8666509189618,1.0,head
h_p17_cp152,-1858.751617422126,1.0,head
h_p17_cp153,-1858.7516174219124,1.0,head
h_p17_cp154,-1853.6778470164036,1.0,head
h_p17_cp155,-1853.6778470161616,1.0,head
h_p17_cp156,-1848.6744580325435,1.0,head
h_p17_cp157,-1848.67445803228,1.0,head
h_p17_cp158,-1843.7865787535366,1.0,head
h_p17_cp159,-1843.78657875326,1.0,head
h_p17_cp160,-1839.0805334649403,1.0,head
h_p17_cp161,-1839.0805334646586,1.0,head
h_p17_cp162,-1834.64811391796,1.0,head
h_p17_cp163,-1834.6481139176783,1.0,head
h_p17_cp164,-2249.3461334573644,1.0,head
h_p17_cp165,-1834.6484000219707,1.0,head
h_p17_cp166,-2249.346058284089,1.0,head
h_p17_cp167,-1834.6485574355174,1.0,head
h_p17_cp168,-2249.3460171361526,1.0,head
h_p17_cp169,-1834.6486416461,1.0,head
h_p17_cp170,-2249.3459951553314,1.0,head
h_p17_cp171,-1834.6486855329745,1.0,head
h_p17_cp172,-2249.345983689581,1.0,head
h_p17_cp173,-1834.6487078504415,1.0,head
h_p17_cp174,-2249.3459778451693,1.0,head
h_p17_cp175,-1834.6487189398888,1.0,head
h_p17_cp176,-2249.3459749316357,1.0,head
h_p17_cp177,-1834.6487243310717,1.0,head
h_p17_cp178,-2249.34597350987,1.0,head
h_p17_cp179,-1834.6487268983858,1.0,head
h_p17_cp180,-2249.3459728300927,1.0,head
h_p17_cp181,-1834.6487280972535,1.0,head
h_p17_cp182,-2249.345972511349,1.0,head
h_p17_cp183,-1834.6487286468039,1.0,head
h_p17_cp184,-2249.345972364639,1.0,head
h_p17_cp185,-1834.648728894322,1.0,head
h_p17_cp186,-2249.345972298288,1.0,head
h_p17_cp187,-1834.6487290039595,1.0,head
h_p17_cp188,-2249.3459722687708,1.0,head
h_p17_cp189,-1834.6487290517593,1.0,head
h_p17_cp190,-2249.345972255834,1.0,head
h_p17_cp191,-1834.648729072286,1.0,head
h_p17_cp192,-2249.3459722502303,1.0,head
h_p17_cp193,-1834.6487290809725,1.0,head
h_p17_cp194,-2249.3459722478146,1.0,head
h_p17_cp195,-1834.648729084594,1.0,head
h_p17_cp196,-2249.3459722467596,1.0,head
h_p17_cp197,-1834.6487290860764,1.0,head
h_p17_cp198,-2249.345972246273,1.0,head
h_p17_cp199,-1834.6487290866658,1.0,head
h_p17_cp200,-2249.3459722460198,1.0,head
h_p17_cp201,-1834.6487290868822,1.0,head
h_p17_cp202,-2249.345972245862,1.0,head
h_p17_cp203,-1834.6487290869409,1.0,head
h_p17_cp204,-2249.345972245746,1.0,head
h_p17_cp205,-1834.6487290869288,1.0,head
h_p17_cp206,-2249.345972245655,1.0,head
h_p17_cp207,-1834.64872908688,1.0,head
h_p17_cp208,-2249.345972245586,1.0,head
h_p17_cp209,-1834.64872908681,1.0,head
h_p17_cp210,-2249.345972245542,1.0,head
h_p17_cp211,-1834.6487290867258,1.0,head
h_p17_cp212,-2249.3459722455264,1.0,head
h_p17_cp213,-1834.6487290866328,1.0,head
h_p17_cp214,-2249.345972245539,1.0,head
h_p17_cp215,-1834.6487290865343,1.0,head
h_p17_cp216,-2249.345972245578,1.0,head
h_p17_cp217,-1834.6487290864338,1.0,head
h_p17_cp218,-2249.3459722456396,1.0,head
h_p17_cp219,-1834.6487290863279,1.0,head
h_p17_cp220,-2249.3459722457155,1.0,head
h_p17_cp221,-1834.6487290862046,1.0,head
h_p17_cp222,-2249.3459722457997,1.0,head
h_p17_cp223,-1834.6487290860343,1.0,head
h_p17_cp224,-2249.3459722458833,1.0,head
h_p17_cp225,-1834.6487290857553,1.0,head
h_p17_cp226,-2249.3459722459597,1.0,head
h_p17_cp227,-1834.6487290852588,1.0,head
h_p17_cp228,-2249.345972246024,1.0,head
h_p17_cp229,-1834.6487290843568,1.0,head
h_p17_cp230,-2249.345972246072,1.0,head
h_p17_cp231,-1834.6487290827479,1.0,head
h_p17_cp232,-2249.345972246101,1.0,head
h_p17_cp233,-1834.6487290799582,1.0,head
h_p17_cp234,-2249.3459722461084,1.0,head
h_p17_cp235,-1834.648729075279,1.0,head
h_p17_cp236,-2249.3459722460893,1.0,head
h_p17_cp237,-1834.648729067692,1.0,head
h_p17_cp238,-2249.3459722460407,1.0,head
h_p17_cp239,-1834.6487290558064,1.0,head
h_p17_cp240,-2249.3459722459534,1.0,head
h_p17_cp241,-1834.648729037832,1.0,head
h_p17_cp242,-2249.3459722458174,1.0,head
h_p17_cp243,-1834.648729011632,1.0,head
h_p17_cp244,-2249.345972245619,1.0,head
h_p17_cp245,-1834.6487289749014,1.0,head
h_p17_cp246,-2249.345972245344,1.0,head
h_p17_cp247,-1834.648728925511,1.0,head
h_p17_cp248,-2249.34597224498,1.0,head
h_p17_cp249,-1834.6487288620278,1.0,head
h_p17_cp250,-2249.345972244521,1.0,head
h_p17_cp251,-1834.6487287843645,1.0,head
h_p17_cp252,-2249.345972243972,1.0,head
h_p17_cp253,-1834.6487286944375,1.0,head
h_p17_cp254,-2249.3459722433568,1.0,head
h_p17_cp255,-1834.6487285966325,1.0,head
h_p17_cp256,-2249.3459722427187,1.0,head
h_p17_cp257,-1834.6487284978382,1.0,head
h_p17_cp258,-2249.34597224212,1.0,head
h_p17_cp259,-1834.6487284068794,1.0,head
h_p17_cp260,-2249.3459722416287,1.0,head
h_p17_cp261,-1834.6487283332942,1.0,head
h_p17_cp262,-2249.345972241312,1.0,head
h_p17_cp263,-1834.6487282856594,1.0,head
h_p17_cp264,-2249.345972241217,1.0,head
h_p17_cp265,-1834.64872826984,1.0,head
h_p17_cp266,-2249.345972241359,1.0,head
h_p17_cp267,-1834.6487282876828,1.0,head
h_p17_cp268,-2249.3459722417156,1.0,head
h_p17_cp269,-1834.6487283365477,1.0,head
h_p17_cp270,-2249.345972242234,1.0,head
h_p17_cp271,-1834.6487284098378,1.0,head
h_p17_cp272,-2249.345972242837,1.0,head
h_p17_cp273,-1834.6487284983675,1.0,head
h_p17_cp274,-2249.3459722434427,1.0,head
h_p17_cp275,-1834.6487285921462,1.0,head
h_p17_cp276,-2249.3459722439698,1.0,head
h_p17_cp277,-1834.6487286820898,1.0,head
h_p17_cp278,-2249.3459722443436,1.0,head
h_p17_cp279,-1834.6487287612667,1.0,head
h_p17_cp280,-2249.3459722444913,1.0,head
h_p17_cp281,-1834.6487288255153,1.0,head
h_p17_cp282,-2249.345972244334,1.0,head
h_p17_cp283,-1834.64872887345,1.0,head
h_p17_cp284,-2249.3459722437665,1.0,head
h_p17_cp285,-1834.6487289060317,1.0,head
h_p17_cp286,-2249.345972242645,1.0,head
h_p17_cp287,-1834.6487289259003,1.0,head
h_p17_cp288,-2249.3459722407715,1.0,head
h_p17_cp289,-1834.648728936636,1.0,head
h_p17_cp290,-2249.3459722378857,1.0,head
h_p17_cp291,-1834.6487289420616,1.0,head
h_p17_cp292,-2249.3459722336697,1.0,head
h_p17_cp293,-1834.648728945659,1.0,head
h_p17_cp294,-2249.345972227766,1.0,head
h_p17_cp295,-1834.6487289501354,1.0,head
h_p17_cp296,-2249.345972219826,1.0,head
h_p17_cp297,-1834.648728957177,1.0,head
h_p17_cp298,-2249.3459722095713,1.0,head
h_p17_cp299,-1834.64872896741,1.0,head
h_p17_cp300,-2249.3459721968893,1.0,head
h_p17_cp301,-1834.6487289805434,1.0,head
h_p17_cp302,-2249.3459721819263,1.0,head
h_p17_cp303,-1834.648728995653,1.0,head
h_p17_cp304,-2249.3459721651793,1.0,head
h_p17_cp305,-1834.6487290115208,1.0,head
h_p17_cp306,-2249.3459721475415,1.0,head
h_p17_cp307,-1834.6487290269451,1.0,head
h_p17_cp308,-2249.345972130274,1.0,head
h_p17_cp309,-1834.6487290409673,1.0,head
h_p17_cp310,-2249.3459721148834,1.0,head
h_p17_cp311,-1834.6487290529792,1.0,head
h_p17_cp312,-2249.345972102921,1.0,head
h_p17_cp313,-1834.648729062735,1.0,head
h_p17_cp314,-2249.3459720957217,1.0,head
h_p17_cp315,-1834.6487290702826,1.0,head
h_p17_cp316,-2249.3459720941414,1.0,head
h_p17_cp317,-1834.6487290758657,1.0,head
h_p17_cp318,-2249.345972098387,1.0,head
h_p17_cp319,-1834.6487290798295,1.0,head
h_p17_cp320,-2249.345972107965,1.0,head
h_p17_cp321,-1834.6487290825376,1.0,head
h_p17_cp322,-2249.345972121782,1.0,head
h_p17_cp323,-1834.648729084322,1.0,head
h_p17_cp324,-2249.345972138361,1.0,head
h_p17_cp325,-1834.648729085459,1.0,head
h_p17_cp326,-2249.3459721561167,1.0,head
h_p17_cp327,-1834.648729086159,1.0,head
h_p17_cp328,-2249.345972173603,1.0,head
h_p17_cp329,-1834.648729086575,1.0,head
h_p17_cp330,-2249.3459721897025,1.0,head
h_p17_cp331,-1834.6487290868054,1.0,head
h_p17_cp332,-2249.3459722037037,1.0,head
h_p17_cp333,-1834.648729086906,1.0,head
h_p17_cp334,-2249.3459722153098,1.0,head
h_p17_cp335,-1834.6487290868859,1.0,head
h_p17_cp336,-2249.3459722245807,1.0,head
h_p17_cp337,-1834.6487290866826,1.0,head
h_p17_cp338,-2249.3459722318803,1.0,head
h_p17_cp339,-1834.6487290860948,1.0,head
h_p17_cp340,-2249.34597223789,1.0,head
h_p17_cp341,-1834.6487290846087,1.0,head
h_p17_cp342,-2249.345972243781,1.0,head
h_p17_cp343,-1834.6487290809835,1.0,head
h_p17_cp344,-2249.345972251738,1.0,head
h_p17_cp345,-1834.6487290722932,1.0,head
h_p17_cp346,-2249.34597226621,1.0,head
h_p17_cp347,-1834.6487290517637,1.0,head
h_p17_cp348,-2249.3459722966763,1.0,head
h_p17_cp349,-1834.6487290039615,1.0,head
h_p17_cp350,-2249.3459723635515,1.0,head
h_p17_cp351,-1834.6487288943224,1.0,head
h_p17_cp352,-2249.34597251045,1.0,head
h_p17_cp353,-1834.6487286468027,1.0,head
h_p17_cp354,-2249.345972829059,1.0,head
h_p17_cp355,-1834.64872809725,1.0,head
h_p17_cp356,-2249.34597350831,1.0,head
h_p17_cp357,-1834.6487268983785,1.0,head
h_p17_cp358,-2249.345974928989,1.0,head
h_p17_cp359,-1834.648724331059,1.0,head
h_p17_cp360,-2249.3459778405804,1.0,head
h_p17_cp361,-1834.6487189398674,1.0,head
h_p17_cp362,-2249.345983681756,1.0,head
h_p17_cp363,-1834.6487078504067,1.0,head
h_p17_cp364,-2249.3459951423833,1.0,head
h_p17_cp365,-1834.6486855329192,1.0,head
h_p17_cp366,-2249.3460171154693,1.0,head
h_p17_cp367,-1834.648641646014,1.0,head
h_p17_cp368,-2249.3460582522803,1.0,head
h_p17_cp369,-1834.6485574353862,1.0,head
h_p17_cp370,-2249.3461334103386,1.0,head
h_p17_cp371,-1834.6484000217752,1.0,head
h_p18_cp0,-2249.158174150636,1.0,head
h_p18_cp1,-2249.158174081519,1.0,head
h_p18_cp2,-2244.782828061775,1.0,head
h_p18_cp3,-2244.7828280140498,1.0,head
h_p18_cp4,-2240.121327050341,1.0,head
h_p18_cp5,-2240.1213270205267,1.0,head
h_p18_cp6,-2235.2660690452585,1.0,head
h_p18_cp7,-2235.2660690291723,1.0,head
h_p18_cp8,-2230.28525254403,1.0,head
h_p18_cp9,-2230.285252534849,1.0,head
h_p18_cp10,-2225.2263262508773,1.0,head
h_p18_cp11,-2225.2263262449133,1.0,head
h_p18_cp12,-2220.120616099545,1.0,head
h_p18_cp13,-2220.1206160953543,1.0,head
h_p18_cp14,-2214.9878544689027,1.0,head
h_p18_cp15,-2214.9878544658745,1.0,head
h_p18_cp16,-2209.8399546539804,1.0,head
h_p18_cp17,-2209.8399546517,1.0,head
h_p18_cp18,-2204.6838373419437,1.0,head
h_p18_cp19,-2204.683837339996,1.0,head
h_p18_cp20,-2199.5233839253824,1.0,head
h_p18_cp21,-2199.5233839232947,1.0,head
h_p18_cp22,-2194.3607021375396,1.0,head
h_p18_cp23,-2194.3607021347175,1.0,head
h_p18_cp24,-2189.1969030640935,1.0,head
h_p18_cp25,-2189.1969030597284,1.0,head
h_p18_cp26,-2184.032556564963,1.0,head
h_p18_cp27,-2184.0325565579037,1.0,head
h_p18_cp28,-2178.8679475796794,1.0,head
h_p18_cp29,-2178.867947568273,1.0,head
h_p18_cp30,-2173.7032152582033,1.0,head
h_p18_cp31,-2173.703215240127,1.0,head
h_p18_cp32,-2168.538426075758,1.0,head
h_p18_cp33,-2168.538426047871,1.0,head
h_p18_cp34,-2163.3736111431467,1.0,head
h_p18_cp35,-2163.373611101437,1.0,head
h_p18_cp36,-2158.2087847426433,1.0,head
h_p18_cp37,-2158.2087846823333,1.0,head
h_p18_cp38,-2153.043953313032,1.0,head
h_p18_cp39,-2153.0439532289743,1.0,head
h_p18_cp40,-2147.8791197073915,1.0,head
h_p18_cp41,-2147.8791195948265,1.0,head
h_p18_cp42,-2142.714285168932,1.0,head
h_p18_cp43,-2142.7142850246705,1.0,head
h_p18_cp44,-2137.5494502303172,1.0,head
h_p18_cp45,-2137.5494500542736,1.0,head
h_p18_cp46,-2132.384615115868,1.0,head
h_p18_cp47,-2132.384614912715,1.0,head
h_p18_cp48,-2127.2197799186865,1.0,head
h_p18_cp49,-2127.219779699227,1.0,head
h_p18_cp50,-2122.0549446777486,1.0,head
h_p18_cp51,-2122.0549444594735,1.0,head
h_p18_cp52,-2116.890109411165,1.0,head
h_p18_cp53,-2116.8901092174865,1.0,head
h_p18_cp54,-2111.7252741303546,1.0,head
h_p18_cp55,-2111.7252739882406,1.0,head
h_p18_cp56,-2106.560438845688,1.0,head
h_p18_cp57,-2106.560438781857,1.0,head
h_p18_cp58,-2101.3956035680844,1.0,head
h_p18_cp59,-2101.395603604465,1.0,head
h_p18_cp60,-2096.230768308525,1.0,head
h_p18_cp61,-2096.2307684580915,1.0,head
h_p18_cp62,-2091.065933076491,1.0,head
h_p18_cp63,-2091.0659333406825,1.0,head
h_p18_cp64,-2085.9010978781434,1.0,head
h_p18_cp65,-2085.901098246719,1.0,head
h_p18_cp66,-2080.7362627149446,1.0,head
h_p18_cp67,-2080.736263168401,1.0,head
h_p18_cp68,-2075.5714275832797,1.0,head
h_p18_cp69,-2075.5714280971447,1.0,head
h_p18_cp70,-2070.4065924752676,1.0,head
h_p18_cp71,-2070.4065930249994,1.0,head
h_p18_cp72,-2065.2417573805883,1.0,head
h_p18_cp73,-2065.241757945701,1.0,head
h_p18_cp74,-2060.076922288785,1.0,head
h_p18_cp75,-2060.076922855179,1.0,head
h_p18_cp76,-2054.912087191426,1.0,head
h_p18_cp77,-2054.912087751561,1.0,head
h_p18_cp78,-2049.747252083536,1.0,head
h_p18_cp79,-2049.7472526347906,1.0,head
h_p18_cp80,-2044.5824169640475,1.0,head
h_p18_cp81,-2044.582417506074,1.0,head
h_p18_cp82,-2039.4175818352492,1.0,head
h_p18_cp83,-2039.4175823673004,1.0,head
h_p18_cp84,-2034.2527467015345,1.0,head
h_p18_cp85,-2034.2527472205766,1.0,head
h_p18_cp86,-2029.0879115678438,1.0,head
h_p18_cp87,-2029.0879120678921,1.0,head
h_p18_cp88,-2023.9230764382633,1.0,head
h_p18_cp89,-2023.9230769109472,1.0,head
h_p18_cp90,-2018.7582413150776,1.0,head
h_p18_cp91,-2018.758241751082,1.0,head
h_p18_cp92,-2013.593406198465,1.0,head
h_p18_cp93,-2013.5934065892927,1.0,head
h_p18_cp94,-2008.4285710867582,1.0,head
h_p18_cp95,-2008.4285714262817,1.0,head
h_p18_cp96,-2003.2637359771184,1.0,head
h_p18_cp97,-2003.2637362625233,1.0,head
h_p18_cp98,-1998.098900866332,1.0,head
h_p18_cp99,-1998.0989010983224,1.0,head
h_p18_cp100,-1992.9340657515281,1.0,head
h_p18_cp101,-1992.9340659338745,1.0,head
h_p18_cp102,-1987.769230630644,1.0,head
h_p18_cp103,-1987.769230769305,1.0,head
h_p18_cp104,-1982.604395502632,1.0,head
h_p18_cp105,-1982.6043956047279,1.0,head
h_p18_cp106,-1977.4395603674513,1.0,head
h_p18_cp107,-1977.4395604403173,1.0,head
h_p18_cp108,-1972.2747252260117,1.0,head
h_p18_cp109,-1972.2747252764848,1.0,head
h_p18_cp110,-1967.1098900802829,1.0,head
h_p18_cp111,-1967.109890114262,1.0,head
h_p18_cp112,-1961.9450549339867,1.0,head
h_p18_cp113,-1961.945054956252,1.0,head
h_p18_cp114,-1956.7802197946974,1.0,head
h_p18_cp115,-1956.7802198089191,1.0,head
h_p18_cp116,-1951.615384679353,1.0,head
h_p18_cp117,-1951.615384688222,1.0,head
h_p18_cp118,-1946.4505496278489,1.0,head
h_p18_cp119,-1946.4505496332572,1.0,head
h_p18_cp120,-1941.285714735504,1.0,head
h_p18_cp121,-1941.285714738734,1.0,head
h_p18_cp122,-1936.120880229315,1.0,head
h_p18_cp123,-1936.120880231207,1.0,head
h_p18_cp124,-1930.9560466442467,1.0,head
h_p18_cp125,-1930.9560466453347,1.0,head
h_p18_cp126,-1925.7912152244467,1.0,head
h_p18_cp127,-1925.7912152250617,1.0,head
h_p18_cp128,-1920.6263888209442,1.0,head
h_p18_cp129,-1920.626388821285,1.0,head
h_p18_cp130,-1915.4615738641442,1.0,head
h_p18_cp131,-1915.4615738643279,1.0,head
h_p18_cp132,-1910.296784614203,1.0,head
h_p18_cp133,-1910.2967846142967,1.0,head
h_p18_cp134,-1905.1320521296384,1.0,head
h_p18_cp135,-1905.1320521296793,1.0,head
h_p18_cp136,-1899.9674427673963,1.0,head
h_p18_cp137,-1899.9674427674038,1.0,head
h_p18_cp138,-1894.8030954167555,1.0,head
h_p18_cp139,-1894.803095416738,1.0,head
h_p18_cp140,-1889.6392944548677,1.0,head
h_p18_cp141,-1889.6392944548272,1.0,head
h_p18_cp142,-1884.4766085536335,1.0,head
h_p18_cp143,-1884.4766085535693,1.0,head
h_p18_cp144,-1879.3161463436854,1.0,head
h_p18_cp145,-1879.316146343594,1.0,head
h_p18_cp146,-1874.1600106030432,1.0,head
h_p18_cp147,-1874.1600106029211,1.0,head
h_p18_cp148,-1869.0120729742603,1.0,head
h_p18_cp149,-1869.0120729741038,1.0,head
h_p18_cp150,-1863.8792354837171,1.0,head
h_p18_cp151,-1863.8792354835261,1.0,head
h_p18_cp152,-1858.7733767738894,1.0,head
h_p18_cp153,-1858.7733767736647,1.0,head
h_p18_cp154,-1853.7141669674147,1.0,head
h_p18_cp155,-1853.714166967161,1.0,head
h_p18_cp156,-1848.732824122865,1.0,head
h_p18_cp157,-1848.732824122589,1.0,head
h_p18_cp158,-1843.8766172267854,1.0,head
h_p18_cp159,-1843.8766172264957,1.0,head
h_p18_cp160,-1839.213457659746,1.0,head
h_p18_cp161,-1839.2134576594501,1.0,head
h_p18_cp162,-1834.8353039821097,1.0,head
h_p18_cp163,-1834.835303981813,1.0,head
h_p18_cp164,-2249.158022681447,1.0,head
h_p18_cp165,-1834.8356422940985,1.0,head
h_p18_cp166,-2249.1579360902883,1.0,head
h_p18_cp167,-1834.835831577706,1.0,head
h_p18_cp168,-2249.157887777946,1.0,head
h_p18_cp169,-1834.8359346275172,1.0,head
h_p18_cp170,-2249.157861461985,1.0,head
h_p18_cp171,-1834.8359893140018,1.0,head
h_p18_cp172,-2249.157847460401,1.0,head
h_p18_cp173,-1834.836017643974,1.0,head
h_p18_cp174,-2249.1578401790007,1.0,head
h_p18_cp175,-1834.8360319891196,1.0,head
h_p18_cp176,-2249.1578364750835,1.0,head
h_p18_cp177,-1834.8360390974385,1.0,head
h_p18_cp178,-2249.1578346306023,1.0,head
h_p18_cp179,-1834.836042548139,1.0,head
h_p18_cp180,-2249.1578337306287,1.0,head
h_p18_cp181,-1834.836044190894,1.0,head
h_p18_cp182,-2249.1578332999907,1.0,head
h_p18_cp183,-1834.8360449585834,1.0,head
h_p18_cp184,-2249.1578330977295,1.0,head
h_p18_cp185,-1834.8360453110708,1.0,head
h_p18_cp186,-2249.1578330043935,1.0,head
h_p18_cp187,-1834.8360454702265,1.0,head
h_p18_cp188,-2249.157832962028,1.0,head
h_p18_cp189,-1834.8360455409497,1.0,head
h_p18_cp190,-2249.157832943081,1.0,head
h_p18_cp191,-1834.8360455719003,1.0,head
h_p18_cp192,-2249.157832934702,1.0,head
h_p18_cp193,-1834.8360455852446,1.0,head
h_p18_cp194,-2249.15783293101,1.0,head
h_p18_cp195,-1834.8360455909103,1.0,head
h_p18_cp196,-2249.1578329293557,1.0,head
h_p18_cp197,-1834.8360455932711,1.0,head
h_p18_cp198,-2249.15783292857,1.0,head
h_p18_cp199,-1834.8360455942243,1.0,head
h_p18_cp200,-2249.157832928146,1.0,head
h_p18_cp201,-1834.8360455945779,1.0,head
h_p18_cp202,-2249.1578329278736,1.0,head
h_p18_cp203,-1834.836045594673,1.0,head
h_p18_cp204,-2249.1578329276695,1.0,head
h_p18_cp205,-1834.836045594649,1.0,head
h_p18_cp206,-2249.1578329275085,1.0,head
h_p18_cp207,-1834.836045594564,1.0,head
h_p18_cp208,-2249.1578329273866,1.0,head
h_p18_cp209,-1834.8360455944423,1.0,head
h_p18_cp210,-2249.157832927309,1.0,head
h_p18_cp211,-1834.8360455942961,1.0,head
h_p18_cp212,-2249.1578329272807,1.0,head
h_p18_cp213,-1834.8360455941345,1.0,head
h_p18_cp214,-2249.157832927303,1.0,head
h_p18_cp215,-1834.836045593964,1.0,head
h_p18_cp216,-2249.157832927372,1.0,head
h_p18_cp217,-1834.836045593787,1.0,head
h_p18_cp218,-2249.1578329274803,1.0,head
h_p18_cp219,-1834.8360455935976,1.0,head
h_p18_cp220,-2249.157832927615,1.0,head
h_p18_cp221,-1834.8360455933719,1.0,head
h_p18_cp222,-2249.1578329277636,1.0,head
h_p18_cp223,-1834.836045593054,1.0,head
h_p18_cp224,-2249.157832927912,1.0,head
h_p18_cp225,-1834.8360455925335,1.0,head
h_p18_cp226,-2249.1578329280483,1.0,head
h_p18_cp227,-1834.8360455916168,1.0,head
h_p18_cp228,-2249.1578329281624,1.0,head
h_p18_cp229,-1834.8360455899763,1.0,head
h_p18_cp230,-2249.1578329282465,1.0,head
h_p18_cp231,-1834.8360455870913,1.0,head
h_p18_cp232,-2249.157832928295,1.0,head
h_p18_cp233,-1834.8360455821576,1.0,head
h_p18_cp234,-2249.157832928302,1.0,head
h_p18_cp235,-1834.8360455739867,1.0,head
h_p18_cp236,-2249.1578329282593,1.0,head
h_p18_cp237,-1834.8360455608963,1.0,head
h_p18_cp238,-2249.157832928155,1.0,head
h_p18_cp239,-1834.8360455406246,1.0,head
h_p18_cp240,-2249.1578329279732,1.0,head
h_p18_cp241,-1834.8360455103073,1.0,head
h_p18_cp242,-2249.1578329276917,1.0,head
h_p18_cp243,-1834.8360454665867,1.0,head
h_p18_cp244,-2249.157832927284,1.0,head
h_p18_cp245,-1834.8360454059184,1.0,head
h_p18_cp246,-2249.157832926722,1.0,head
h_p18_cp247,-1834.8360453251294,1.0,head
h_p18_cp248,-2249.1578329259823,1.0,head
h_p18_cp249,-1834.8360452222319,1.0,head
h_p18_cp250,-2249.1578329250556,1.0,head
h_p18_cp251,-1834.8360450974137,1.0,head
h_p18_cp252,-2249.157832923957,1.0,head
h_p18_cp253,-1834.8360449540012,1.0,head
h_p18_cp254,-2249.157832922734,1.0,head
h_p18_cp255,-1834.836044799101,1.0,head
h_p18_cp256,-2249.157832921475,1.0,head
h_p18_cp257,-1834.8360446435777,1.0,head
h_p18_cp258,-2249.157832920297,1.0,head
h_p18_cp259,-1834.8360445011203,1.0,head
h_p18_cp260,-2249.1578329193358,1.0,head
h_p18_cp261,-1834.8360443863594,1.0,head
h_p18_cp262,-2249.157832918716,1.0,head
h_p18_cp263,-1834.8360443123368,1.0,head
h_p18_cp264,-2249.1578329185268,1.0,head
h_p18_cp265,-1834.836044287911,1.0,head
h_p18_cp266,-2249.157832918796,1.0,head
h_p18_cp267,-1834.836044315824,1.0,head
h_p18_cp268,-2249.157832919484,1.0,head
h_p18_cp269,-1834.836044392021,1.0,head
h_p18_cp270,-2249.1578329204904,1.0,head
h_p18_cp271,-1834.8360445064418,1.0,head
h_p18_cp272,-2249.1578329216704,1.0,head
h_p18_cp273,-1834.8360446450527,1.0,head
h_p18_cp274,-2249.1578329228664,1.0,head
h_p18_cp275,-1834.8360447925086,1.0,head
h_p18_cp276,-2249.1578329239223,1.0,head
h_p18_cp277,-1834.836044934736,1.0,head
h_p18_cp278,-2249.157832924696,1.0,head
h_p18_cp279,-1834.8360450608616,1.0,head
h_p18_cp280,-2249.15783292505,1.0,head
h_p18_cp281,-1834.8360451641988,1.0,head
h_p18_cp282,-2249.1578329248414,1.0,head
h_p18_cp283,-1834.8360452423299,1.0,head
h_p18_cp284,-2249.1578329238864,1.0,head
h_p18_cp285,-1834.8360452964946,1.0,head
h_p18_cp286,-2249.157832921939,1.0,head
h_p18_cp287,-1834.836045330593,1.0,head
h_p18_cp288,-2249.157832918668,1.0,head
h_p18_cp289,-1834.83604535005,1.0,head
h_p18_cp290,-2249.1578329136423,1.0,head
h_p18_cp291,-1834.8360453607347,1.0,head
h_p18_cp292,-2249.1578329063414,1.0,head
h_p18_cp293,-1834.836045368038,1.0,head
h_p18_cp294,-2249.1578328961928,1.0,head
h_p18_cp295,-1834.8360453761973,1.0,head
h_p18_cp296,-2249.157832882645,1.0,head
h_p18_cp297,-1834.8360453879104,1.0,head
h_p18_cp298,-2249.15783286528,1.0,head
h_p18_cp299,-1834.8360454042604,1.0,head
h_p18_cp300,-2249.1578328439577,1.0,head
h_p18_cp301,-1834.8360454249244,1.0,head
h_p18_cp302,-2249.157832818972,1.0,head
h_p18_cp303,-1834.8360454485894,1.0,head
h_p18_cp304,-2249.1578327911816,1.0,head
h_p18_cp305,-1834.836045473459,1.0,head
h_p18_cp306,-2249.1578327620773,1.0,head
h_p18_cp307,-1834.836045497723,1.0,head
h_p18_cp308,-2249.1578327337215,1.0,head
h_p18_cp309,-1834.836045519903,1.0,head
h_p18_cp310,-2249.1578327085576,1.0,head
h_p18_cp311,-1834.8360455390364,1.0,head
h_p18_cp312,-2249.1578326890726,1.0,head
h_p18_cp313,-1834.8360455546997,1.0,head
h_p18_cp314,-2249.1578326773893,1.0,head
h_p18_cp315,-1834.836045566925,1.0,head
h_p18_cp316,-2249.157832674868,1.0,head
h_p18_cp317,-1834.8360455760555,1.0,head
h_p18_cp318,-2249.1578326818294,1.0,head
h_p18_cp319,-1834.8360455826034,1.0,head
h_p18_cp320,-2249.157832697483,1.0,head
h_p18_cp321,-1834.8360455871239,1.0,head
h_p18_cp322,-2249.157832720085,1.0,head
h_p18_cp323,-1834.8360455901359,1.0,head
h_p18_cp324,-2249.157832747274,1.0,head
h_p18_cp325,-1834.8360455920765,1.0,head
h_p18_cp326,-2249.1578327764964,1.0,head
h_p18_cp327,-1834.8360455932861,1.0,head
h_p18_cp328,-2249.1578328054097,1.0,head
h_p18_cp329,-1834.8360455940124,1.0,head
h_p18_cp330,-2249.157832832174,1.0,head
h_p18_cp331,-1834.8360455944205,1.0,head
h_p18_cp332,-2249.1578328555947,1.0,head
h_p18_cp333,-1834.8360455946045,1.0,head
h_p18_cp334,-2249.1578328751393,1.0,head
h_p18_cp335,-1834.8360455945804,1.0,head
h_p18_cp336,-2249.157832890855,1.0,head
h_p18_cp337,-1834.8360455942513,1.0,head
h_p18_cp338,-2249.1578329032873,1.0,head
h_p18_cp339,-1834.8360455933025,1.0,head
h_p18_cp340,-2249.157832913481,1.0,head
h_p18_cp341,-1834.836045590937,1.0,head
h_p18_cp342,-2249.157832923218,1.0,head
h_p18_cp343,-1834.8360455852642,1.0,head
h_p18_cp344,-2249.1578329357303,1.0,head
h_p18_cp345,-1834.8360455719132,1.0,head
h_p18_cp346,-2249.157832957407,1.0,head
h_p18_cp347,-1834.8360455409581,1.0,head
h_p18_cp348,-2249.1578330014945,1.0,head
h_p18_cp349,-1834.8360454702308,1.0,head
h_p18_cp350,-2249.157833095832,1.0,head
h_p18_cp351,-1834.8360453110724,1.0,head
h_p18_cp352,-2249.157833298551,1.0,head
h_p18_cp353,-1834.836044958583,1.0,head
h_p18_cp354,-2249.1578337291735,1.0,head
h_p18_cp355,-1834.8360441908903,1.0,head
h_p18_cp356,-2249.1578346286233,1.0,head
h_p18_cp357,-1834.8360425481308,1.0,head
h_p18_cp358,-2249.1578364719176,1.0,head
h_p18_cp359,-1834.8360390974242,1.0,head
h_p18_cp360,-2249.157840173695,1.0,head
h_p18_cp361,-1834.8360319890958,1.0,head
h_p18_cp362,-2249.1578474515695,1.0,head
h_p18_cp363,-1834.836017643935,1.0,head
h_p18_cp364,-2249.157861447661,1.0,head
h_p18_cp365,-1834.8359893139411,1.0,head
h_p18_cp366,-2249.1578877554784,1.0,head
h_p18_cp367,-1834.835934627424,1.0,head
h_p18_cp368,-2249.1579360563064,1.0,head
h_p18_cp369,-1834.835831577565,1.0,head
h_p18_cp370,-2249.1580226319816,1.0,head
h_p18_cp371,-1834.835642293891,1.0,head
h_p19_cp0,-2248.966328418488,1.0,head
h_p19_cp1,-2248.9663283474483,1.0,head
h_p19_cp2,-2244.6444572041637,1.0,head
h_p19_cp3,-2244.644457154129,1.0,head
h_p19_cp4,-2240.0259816404346,1.0,head
h_p19_cp5,-2240.0259816082716,1.0,head
h_p19_cp6,-2235.2031214713716,1.0,head
h_p19_cp7,-2235.2031214528834,1.0,head
h_p19_cp8,-2230.2453220770226,1.0,head
h_p19_cp9,-2230.245322066395,1.0,head
h_p19_cp10,-2225.201923508096,1.0,head
h_p19_cp11,-2225.2019235014245,1.0,head
h_p19_cp12,-2220.1062124043124,1.0,head
h_p19_cp13,-2220.106212399711,1.0,head
h_p19_cp14,-2214.979623948999,1.0,head
h_p19_cp15,-2214.9796239455914,1.0,head
h_p19_cp16,-2209.8353917621534,1.0,head
h_p19_cp17,-2209.8353917593895,1.0,head
h_p19_cp18,-2204.6813782157574,1.0,head
h_p19_cp19,-2204.6813782130976,1.0,head
h_p19_cp20,-2199.5220931584067,1.0,head
h_p19_cp21,-2199.5220931551935,1.0,head
h_p19_cp22,-2194.3600411777884,1.0,head
h_p19_cp23,-2194.360041173132,1.0,head
h_p19_cp24,-2189.196572362535,1.0,head
h_p19_cp25,-2189.1965723551684,1.0,head
h_p19_cp26,-2184.032394663348,1.0,head
h_p19_cp27,-2184.0323946514372,1.0,head
h_p19_cp28,-2178.8678699205852,1.0,head
h_p19_cp29,-2178.8678699015054,1.0,head
h_p19_cp30,-2173.703178715716,1.0,head
h_p19_cp31,-2173.7031786858165,1.0,head
h_p19_cp32,-2168.5384091865762,1.0,head
h_p19_cp33,-2168.538409140999,1.0,head
h_p19_cp34,-2163.373603464531,1.0,head
h_p19_cp35,-2163.373603397182,1.0,head
h_p19_cp36,-2158.208781299102,1.0,head
h_p19_cp37,-2158.2087812028894,1.0,head
h_p19_cp38,-2153.043951778872,1.0,head
h_p19_cp39,-2153.043951646377,1.0,head
h_p19_cp40,-2147.8791190134807,1.0,head
h_p19_cp41,-2147.8791188381733,1.0,head
h_p19_cp42,-2142.714284829781,1.0,head
h_p19_cp43,-2142.7142846078236,1.0,head
h_p19_cp44,-2137.5494500261266,1.0,head
h_p19_cp45,-2137.549449758638,1.0,head
h_p19_cp46,-2132.384614945486,1.0,head
h_p19_cp47,-2132.38461464089,1.0,head
h_p19_cp48,-2127.219779733196,1.0,head
h_p19_cp49,-2127.2197794090675,1.0,head
h_p19_cp50,-2122.0549444514495,1.0,head
h_p19_cp51,-2122.054944135082,1.0,head
h_p19_cp52,-2116.8901091296398,1.0,head
h_p19_cp53,-2116.8901088566636,1.0,head
h_p19_cp54,-2111.7252737861636,1.0,head
h_p19_cp55,-2111.7252735968705,1.0,head
h_p19_cp56,-2106.560438437251,1.0,head
h_p19_cp57,-2106.5604383709474,1.0,head
h_p19_cp58,-2101.3956030995596,1.0,head
h_p19_cp59,-2101.395603187983,1.0,head
h_p19_cp60,-2096.230767789571,1.0,head
h_p19_cp61,-2096.2307680509784,1.0,head
h_p19_cp62,-2091.0659325213664,1.0,head
h_p19_cp63,-2091.065932956983,1.0,head
h_p19_cp64,-2085.9010973040313,1.0,head
h_p19_cp65,-2085.9010978980036,1.0,head
h_p19_cp66,-2080.7362621396924,1.0,head
h_p19_cp67,-2080.736262862696,1.0,head
h_p19_cp68,-2075.5714270230087,1.0,head
h_p19_cp69,-2075.571427838497,1.0,head
h_p19_cp70,-2070.406591942366,1.0,head
h_p19_cp71,-2070.4065928136647,1.0,head
h_p19_cp72,-2065.241756882535,1.0,head
h_p19_cp73,-2065.2417577788137,1.0,head
h_p19_cp74,-2060.0769218280243,1.0,head
h_p19_cp75,-2060.0769227277015,1.0,head
h_p19_cp76,-2054.9120867662405,1.0,head
h_p19_cp77,-2054.9120876572842,1.0,head
h_p19_cp78,-2049.7472516896114,1.0,head
h_p19_cp79,-2049.747252567221,1.0,head
h_p19_cp80,-2044.5824165962924,1.0,head
h_p19_cp81,-2044.5824174590969,1.0,head
h_p19_cp82,-2039.417581489406,1.0,head
h_p19_cp83,-2039.417582335589,1.0,head
h_p19_cp84,-2034.2527463752465,1.0,head
h_p19_cp85,-2034.252747199775,1.0,head
h_p19_cp86,-2029.0879112610146,1.0,head
h_p19_cp87,-2029.0879120546253,1.0,head
h_p19_cp88,-2023.9230761527465,1.0,head
h_p19_cp89,-2023.923076902719,1.0,head
h_p19_cp90,-2018.7582410538935,1.0,head
h_p19_cp91,-2018.758241746124,1.0,head
h_p19_cp92,-2013.5934059648205,1.0,head
h_p19_cp93,-2013.5934065863992,1.0,head
h_p19_cp94,-2008.428570883145,1.0,head
h_p19_cp95,-2008.428571424657,1.0,head
h_p19_cp96,-2003.2637358046884,1.0,head
h_p19_cp97,-2003.2637362616613,1.0,head
h_p19_cp98,-1998.0989007246412,1.0,head
h_p19_cp99,-1998.0989010979101,1.0,head
h_p19_cp100,-1992.9340656386303,1.0,head
h_p19_cp101,-1992.9340659337297,1.0,head
h_p19_cp102,-1987.769230543447,1.0,head
h_p19_cp103,-1987.76923076934,1.0,head
h_p19_cp104,-1982.6043954373952,1.0,head
h_p19_cp105,-1982.6043956049464,1.0,head
h_p19_cp106,-1977.4395603203275,1.0,head
h_p19_cp107,-1977.4395604408685,1.0,head
h_p19_cp108,-1972.2747251936141,1.0,head
h_p19_cp109,-1972.2747252778258,1.0,head
h_p19_cp110,-1967.1098900603738,1.0,head
h_p19_cp111,-1967.109890117578,1.0,head
h_p19_cp112,-1961.9450549266346,1.0,head
h_p19_cp113,-1961.945054964471,1.0,head
h_p19_cp114,-1956.7802198047307,1.0,head
h_p19_cp115,-1956.7802198291333,1.0,head
h_p19_cp116,-1951.6153847219925,1.0,head
h_p19_cp117,-1951.6153847373625,1.0,head
h_p19_cp118,-1946.4505497417451,1.0,head
h_p19_cp119,-1946.4505497512118,1.0,head
h_p19_cp120,-1941.285715012489,1.0,head
h_p19_cp121,-1941.2857150182003,1.0,head
h_p19_cp122,-1936.1208808811375,1.0,head
h_p19_cp123,-1936.120880884517,1.0,head
h_p19_cp124,-1930.9560481494939,1.0,head
h_p19_cp125,-1930.9560481514577,1.0,head
h_p19_cp126,-1925.7912186458493,1.0,head
h_p19_cp127,-1925.7912186469712,1.0,head
h_p19_cp128,-1920.6263964768455,1.0,head
h_p19_cp129,-1920.626396477475,1.0,head
h_p19_cp130,-1915.4615907187706,1.0,head
h_p19_cp131,-1915.4615907191157,1.0,head
h_p19_cp132,-1910.2968210890733,1.0,head
h_p19_cp133,-1910.2968210892554,1.0,head
h_p19_cp134,-1905.1321296445249,1.0,head
h_p19_cp135,-1905.1321296446126,1.0,head
h_p19_cp136,-1899.9676043573472,1.0,head
h_p19_cp137,-1899.9676043573781,1.0,head
h_p19_cp138,-1894.8034254511738,1.0,head
h_p19_cp139,-1894.8034254511665,1.0,head
h_p19_cp140,-1889.639954010022,1.0,head
h_p19_cp141,-1889.6399540099842,1.0,head
h_p19_cp142,-1884.477896419791,1.0,head
h_p19_cp143,-1884.4778964197246,1.0,head
h_p19_cp144,-1879.3185996030431,1.0,head
h_p19_cp145,-1879.3185996029467,1.0,head
h_p19_cp146,-1874.1645618923096,1.0,head
h_p19_cp147,-1874.1645618921798,1.0,head
h_p19_cp148,-1869.0202810916478,1.0,head
h_p19_cp149,-1869.0202810914825,1.0,head
h_p19_cp150,-1863.8935970193766,1.0,head
h_p19_cp151,-1863.8935970191756,1.0,head
h_p19_cp152,-1858.7977023300564,1.0,head
h_p19_cp153,-1858.7977023298208,1.0,head
h_p19_cp154,-1853.7539602368142,1.0,head
h_p19_cp155,-1853.7539602365487,1.0,head
h_p19_cp156,-1848.7955354560195,1.0,head
h_p19_cp157,-1848.795535455731,1.0,head
h_p19_cp158,-1843.9715694651898,1.0,head
h_p19_cp159,-1843.9715694648871,1.0,head
h_p19_cp160,-1839.3511974157361,1.0,head
h_p19_cp161,-1839.351197415427,1.0,head
h_p19_cp162,-1835.0261743337176,1.0,head
h_p19_cp163,-1835.0261743334065,1.0,head
h_p19_cp164,-2248.9661590000965,1.0,head
h_p19_cp165,-1835.0265696952451,1.0,head
h_p19_cp166,-2248.966060426959,1.0,head
h_p19_cp167,-1835.02679439846,1.0,head
h_p19_cp168,-2248.9660044298134,1.0,head
h_p19_cp169,-1835.0269187613208,1.0,head
h_p19_cp170,-2248.965973361911,1.0,head
h_p19_cp171,-1835.0269858930585,1.0,head
h_p19_cp172,-2248.9659565199668,1.0,head
h_p19_cp173,-1835.0270212843236,1.0,head
h_p19_cp174,-2248.9659475938856,1.0,head
h_p19_cp175,-1835.0270395276827,1.0,head
h_p19_cp176,-2248.965942965633,1.0,head
h_p19_cp177,-1835.0270487326634,1.0,head
h_p19_cp178,-2248.9659406160445,1.0,head
h_p19_cp179,-1835.027053283495,1.0,head
h_p19_cp180,-2248.9659394472556,1.0,head
h_p19_cp181,-1835.0270554901088,1.0,head
h_p19_cp182,-2248.9659388770724,1.0,head
h_p19_cp183,-1835.0270565404426,1.0,head
h_p19_cp184,-2248.965938604046,1.0,head
h_p19_cp185,-1835.027057031657,1.0,head
h_p19_cp186,-2248.9659384756014,1.0,head
h_p19_cp187,-1835.0270572575566,1.0,head
h_p19_cp188,-2248.9659384161637,1.0,head
h_p19_cp189,-1835.027057359789,1.0,head
h_p19_cp190,-2248.965938389058,1.0,head
h_p19_cp191,-1835.027057405347,1.0,head
h_p19_cp192,-2248.9659383768285,1.0,head
h_p19_cp193,-1835.027057425345,1.0,head
h_p19_cp194,-2248.9659383713197,1.0,head
h_p19_cp195,-1835.0270574339859,1.0,head
h_p19_cp196,-2248.9659383687886,1.0,head
h_p19_cp197,-1835.0270574376475,1.0,head
h_p19_cp198,-2248.9659383675494,1.0,head
h_p19_cp199,-1835.0270574391473,1.0,head
h_p19_cp200,-2248.9659383668577,1.0,head
h_p19_cp201,-1835.0270574397096,1.0,head
h_p19_cp202,-2248.9659383663998,1.0,head
h_p19_cp203,-1835.0270574398587,1.0,head
h_p19_cp204,-2248.965938366052,1.0,head
h_p19_cp205,-1835.0270574398148,1.0,head
h_p19_cp206,-2248.965938365775,1.0,head
h_p19_cp207,-1835.0270574396698,1.0,head
h_p19_cp208,-2248.9659383655653,1.0,head
h_p19_cp209,-1835.0270574394638,1.0,head
h_p19_cp210,-2248.9659383654316,1.0,head
h_p19_cp211,-1835.0270574392177,1.0,head
h_p19_cp212,-2248.965938365382,1.0,head
h_p19_cp213,-1835.0270574389451,1.0,head
h_p19_cp214,-2248.9659383654193,1.0,head
h_p19_cp215,-1835.027057438656,1.0,head
h_p19_cp216,-2248.965938365538,1.0,head
h_p19_cp217,-1835.0270574383533,1.0,head
h_p19_cp218,-2248.965938365723,1.0,head
h_p19_cp219,-1835.0270574380231,1.0,head
h_p19_cp220,-2248.9659383659546,1.0,head
h_p19_cp221,-1835.027057437621,1.0,head
h_p19_cp222,-2248.9659383662097,1.0,head
h_p19_cp223,-1835.027057437046,1.0,head
h_p19_cp224,-2248.965938366465,1.0,head
h_p19_cp225,-1835.0270574361068,1.0,head
h_p19_cp226,-2248.9659383667,1.0,head
h_p19_cp227,-1835.0270574344686,1.0,head
h_p19_cp228,-2248.965938366896,1.0,head
h_p19_cp229,-1835.027057431579,1.0,head
h_p19_cp230,-2248.9659383670396,1.0,head
h_p19_cp231,-1835.0270574265655,1.0,head
h_p19_cp232,-2248.965938367118,1.0,head
h_p19_cp233,-1835.0270574181025,1.0,head
h_p19_cp234,-2248.9659383671187,1.0,head
h_p19_cp235,-1835.0270574042574,1.0,head
h_p19_cp236,-2248.9659383670255,1.0,head
h_p19_cp237,-1835.0270573823334,1.0,head
h_p19_cp238,-2248.9659383668136,1.0,head
h_p19_cp239,-1835.0270573487576,1.0,head
h_p19_cp240,-2248.9659383664516,1.0,head
h_p19_cp241,-1835.027057299079,1.0,head
h_p19_cp242,-2248.9659383658964,1.0,head
h_p19_cp243,-1835.027057228172,1.0,head
h_p19_cp244,-2248.9659383650965,1.0,head
h_p19_cp245,-1835.027057130742,1.0,head
h_p19_cp246,-2248.965938364003,1.0,head
h_p19_cp247,-1835.027057002204,1.0,head
h_p19_cp248,-2248.965938362573,1.0,head
h_p19_cp249,-1835.0270568399192,1.0,head
h_p19_cp250,-2248.965938360796,1.0,head
h_p19_cp251,-1835.0270566446534,1.0,head
h_p19_cp252,-2248.9659383587045,1.0,head
h_p19_cp253,-1835.0270564219536,1.0,head
h_p19_cp254,-2248.965938356394,1.0,head
h_p19_cp255,-1835.0270561830014,1.0,head
h_p19_cp256,-2248.9659383540284,1.0,head
h_p19_cp257,-1835.0270559444714,1.0,head
h_p19_cp258,-2248.9659383518265,1.0,head
h_p19_cp259,-1835.0270557270474,1.0,head
h_p19_cp260,-2248.9659383500352,1.0,head
h_p19_cp261,-1835.0270555526022,1.0,head
h_p19_cp262,-2248.965938348881,1.0,head
h_p19_cp263,-1835.0270554404751,1.0,head
h_p19_cp264,-2248.9659383485246,1.0,head
h_p19_cp265,-1835.0270554037108,1.0,head
h_p19_cp266,-2248.965938349015,1.0,head
h_p19_cp267,-1835.0270554462784,1.0,head
h_p19_cp268,-2248.9659383502812,1.0,head
h_p19_cp269,-1835.0270555621037,1.0,head
h_p19_cp270,-2248.9659383521425,1.0,head
h_p19_cp271,-1835.0270557362257,1.0,head
h_p19_cp272,-2248.96593835434,1.0,head
h_p19_cp273,-1835.027055947737,1.0,head
h_p19_cp274,-2248.965938356584,1.0,head
h_p19_cp275,-1835.0270561736636,1.0,head
h_p19_cp276,-2248.9659383585904,1.0,head
h_p19_cp277,-1835.0270563927702,1.0,head
h_p19_cp278,-2248.965938360096,1.0,head
h_p19_cp279,-1835.027056588448,1.0,head
h_p19_cp280,-2248.965938360856,1.0,head
h_p19_cp281,-1835.0270567502628,1.0,head
h_p19_cp282,-2248.9659383606136,1.0,head
h_p19_cp283,-1835.0270568741616,1.0,head
h_p19_cp284,-2248.965938359058,1.0,head
h_p19_cp285,-1835.0270569616393,1.0,head
h_p19_cp286,-2248.9659383557823,1.0,head
h_p19_cp287,-1835.0270570182854,1.0,head
h_p19_cp288,-2248.9659383502444,1.0,head
h_p19_cp289,-1835.0270570520945,1.0,head
h_p19_cp290,-2248.965938341754,1.0,head
h_p19_cp291,-1835.0270570718264,1.0,head
h_p19_cp292,-2248.9659383294843,1.0,head
h_p19_cp293,-1835.0270570856078,1.0,head
h_p19_cp294,-2248.9659383125427,1.0,head
h_p19_cp295,-1835.0270570998978,1.0,head
h_p19_cp296,-2248.9659382900873,1.0,head
h_p19_cp297,-1835.0270571188942,1.0,head
h_p19_cp298,-2248.965938261509,1.0,head
h_p19_cp299,-1835.027057144402,1.0,head
h_p19_cp300,-2248.9659382266577,1.0,head
h_p19_cp301,-1835.0270571761266,1.0,head
h_p19_cp302,-2248.9659381860797,1.0,head
h_p19_cp303,-1835.0270572122663,1.0,head
h_p19_cp304,-2248.9659381412143,1.0,head
h_p19_cp305,-1835.0270572502488,1.0,head
h_p19_cp306,-2248.9659380944745,1.0,head
h_p19_cp307,-1835.0270572874235,1.0,head
h_p19_cp308,-2248.9659380491507,1.0,head
h_p19_cp309,-1835.02705732158,1.0,head
h_p19_cp310,-2248.9659380090893,1.0,head
h_p19_cp311,-1835.027057351237,1.0,head
h_p19_cp312,-2248.965937978179,1.0,head
h_p19_cp313,-1835.0270573756993,1.0,head
h_p19_cp314,-2248.965937959713,1.0,head
h_p19_cp315,-1835.0270573949526,1.0,head
h_p19_cp316,-2248.9659379557916,1.0,head
h_p19_cp317,-1835.0270574094645,1.0,head
h_p19_cp318,-2248.965937966902,1.0,head
h_p19_cp319,-1835.0270574199722,1.0,head
h_p19_cp320,-2248.9659379918153,1.0,head
h_p19_cp321,-1835.0270574273009,1.0,head
h_p19_cp322,-2248.9659380278167,1.0,head
h_p19_cp323,-1835.027057432236,1.0,head
h_p19_cp324,-2248.965938071227,1.0,head
h_p19_cp325,-1835.0270574354506,1.0,head
h_p19_cp326,-2248.965938118045,1.0,head
h_p19_cp327,-1835.0270574374767,1.0,head
h_p19_cp328,-2248.9659381645706,1.0,head
h_p19_cp329,-1835.0270574387066,1.0,head
h_p19_cp330,-2248.96593820786,1.0,head
h_p19_cp331,-1835.0270574394076,1.0,head
h_p19_cp332,-2248.965938245966,1.0,head
h_p19_cp333,-1835.0270574397316,1.0,head
h_p19_cp334,-2248.965938277968,1.0,head
h_p19_cp335,-1835.0270574397089,1.0,head
h_p19_cp336,-2248.9659383038647,1.0,head
h_p19_cp337,-1835.0270574391923,1.0,head
h_p19_cp338,-2248.965938324445,1.0,head
h_p19_cp339,-1835.0270574377014,1.0,head
h_p19_cp340,-2248.9659383412713,1.0,head
h_p19_cp341,-1835.0270574340327,1.0,head
h_p19_cp342,-2248.965938356984,1.0,head
h_p19_cp343,-1835.02705742538,1.0,head
h_p19_cp344,-2248.9659383762582,1.0,head
h_p19_cp345,-1835.027057405371,1.0,head
h_p19_cp346,-2248.9659384080664,1.0,head
h_p19_cp347,-1835.0270573598043,1.0,head
h_p19_cp348,-2248.96593847052,1.0,head
h_p19_cp349,-1835.027057257566,1.0,head
h_p19_cp350,-2248.9659386007816,1.0,head
h_p19_cp351,-1835.0270570316616,1.0,head
h_p19_cp352,-2248.965938874748,1.0,head
h_p19_cp353,-1835.027056540443,1.0,head
h_p19_cp354,-2248.965939445165,1.0,head
h_p19_cp355,-1835.0270554901053,1.0,head
h_p19_cp356,-2248.965940613509,1.0,head
h_p19_cp357,-1835.0270532834863,1.0,head
h_p19_cp358,-2248.965942961853,1.0,head
h_p19_cp359,-1835.0270487326475,1.0,head
h_p19_cp360,-2248.9659475877984,1.0,head
h_p19_cp361,-1835.0270395276564,1.0,head
h_p19_cp362,-2248.9659565100897,1.0,head
h_p19_cp363,-1835.027021284281,1.0,head
h_p19_cp364,-2248.9659733462095,1.0,head
h_p19_cp365,-1835.0269858929921,1.0,head
h_p19_cp366,-2248.9660044056122,1.0,head
h_p19_cp367,-1835.0269187612193,1.0,head
h_p19_cp368,-2248.9660603909447,1.0,head
h_p19_cp369,-1835.0267943983085,1.0,head
h_p19_cp370,-2248.966158948479,1.0,head
h_p19_cp371,-1835.026569695025,1.0,head
h_p20_cp0,-2248.7712488593365,1.0,head
h_p20_cp1,-2248.7712487868107,1.0,head
h_p20_cp2,-2244.5016630868868,1.0,head
h_p20_cp3,-2244.5016630347795,1.0,head
h_p20_cp4,-2239.9259866874627,1.0,head
h_p20_cp5,-2239.925986652979,1.0,head
h_p20_cp6,-2235.1359546411904,1.0,head
h_p20_cp7,-2235.1359546203,1.0,head
h_p20_cp8,-2230.2019353410533,1.0,head
h_p20_cp9,-2230.201935328689,1.0,head
h_p20_cp10,-2225.174905272846,1.0,head
h_p20_cp11,-2225.174905265141,1.0,head
h_p20_cp12,-2220.089954246735,1.0,head
h_p20_cp13,-2220.0899542414772,1.0,head
h_p20_cp14,-2214.9701494948386,1.0,head
h_p20_cp15,-2214.9701494908486,1.0,head
h_p20_cp16,-2209.8300338535387,1.0,head
h_p20_cp17,-2209.8300338500367,1.0,head
h_p20_cp18,-2204.678432299166,1.0,head
h_p20_cp19,-2204.678432295392,1.0,head
h_p20_cp20,-2199.520515569643,1.0,head
h_p20_cp21,-2199.5205155646336,1.0,head
h_p20_cp22,-2194.3592169993995,1.0,head
h_p20_cp23,-2194.359216991801,1.0,head
h_p20_cp24,-2189.1961516802694,1.0,head
h_p20_cp25,-2189.1961516681126,1.0,head
h_p20_cp26,-2184.0321845785356,1.0,head
h_p20_cp27,-2184.0321845589606,1.0,head
h_p20_cp28,-2178.8677671422383,1.0,head
h_p20_cp29,-2178.8677671111755,1.0,head
h_p20_cp30,-2173.7031293977634,1.0,head
h_p20_cp31,-2173.7031293496266,1.0,head
h_p20_cp32,-2168.538385946136,1.0,head
h_p20_cp33,-2168.538385873612,1.0,head
h_p20_cp34,-2163.3735926925774,1.0,head
h_p20_cp35,-2163.3735925866595,1.0,head
h_p20_cp36,-2158.208776374286,1.0,head
h_p20_cp37,-2158.2087762247384,1.0,head
h_p20_cp38,-2153.0439495415403,1.0,head
h_p20_cp39,-2153.0439493379918,1.0,head
h_p20_cp40,-2147.87911798117,1.0,head
h_p20_cp41,-2147.8791177149883,1.0,head
h_p20_cp42,-2142.714284315625,1.0,head
h_p20_cp43,-2142.714283982598,1.0,head
h_p20_cp44,-2137.5494497130517,1.0,head
h_p20_cp45,-2137.5494493166343,1.0,head
h_p20_cp46,-2132.384614685034,1.0,head
h_p20_cp47,-2132.3846142395982,1.0,head
h_p20_cp48,-2127.2197794527524,1.0,head
h_p20_cp49,-2127.2197789859783,1.0,head
h_p20_cp50,-2122.0549441128533,1.0,head
h_p20_cp51,-2122.054943666206,1.0,head
h_p20_cp52,-2116.8901087117497,1.0,head
h_p20_cp53,-2116.89010833813,1.0,head
h_p20_cp54,-2111.7252732783218,1.0,head
h_p20_cp55,-2111.725273036541,1.0,head
h_p20_cp56,-2106.560437837373,1.0,head
h_p20_cp57,-2106.5604377839595,1.0,head
h_p20_cp58,-2101.395602413739,1.0,head
h_p20_cp59,-2101.3956025936204,1.0,head
h_p20_cp60,-2096.2307670315986,1.0,head
h_p20_cp61,-2096.23076746989,1.0,head
h_p20_cp62,-2091.0659317114037,1.0,head
h_p20_cp63,-2091.065932408622,1.0,head
h_p20_cp64,-2085.9010964662543,1.0,head
h_p20_cp65,-2085.9010973984805,1.0,head
h_p20_cp66,-2080.736261299191,1.0,head
h_p20_cp67,-2080.736262423317,1.0,head
h_p20_cp68,-2075.571426202512,1.0,head
h_p20_cp69,-2075.571427465142,1.0,head
h_p20_cp70,-2070.4065911595053,1.0,head
h_p20_cp71,-2070.406592506998,1.0,head
h_p20_cp72,-2065.2417561482166,1.0,head
h_p20_cp73,-2065.2417575351565,1.0,head
h_p20_cp74,-2060.076921146233,1.0,head
h_p20_cp75,-2060.0769225402846,1.0,head
h_p20_cp76,-2054.912086135179,1.0,head
h_p20_cp77,-2054.9120875176072,1.0,head
h_p20_cp78,-2049.7472511038063,1.0,head
h_p20_cp79,-2049.747252466267,1.0,head
h_p20_cp80,-2044.582416049052,1.0,head
h_p20_cp81,-2044.5824173882693,1.0,head
h_p20_cp82,-2039.4175809750323,1.0,head
h_p20_cp83,-2039.4175822873106,1.0,head
h_p20_cp84,-2034.252745890524,1.0,head
h_p20_cp85,-2034.2527471677756,1.0,head
h_p20_cp86,-2029.087910805752,1.0,head
h_p20_cp87,-2029.0879120339869,1.0,head
h_p20_cp88,-2023.9230757294047,1.0,head
h_p20_cp89,-2023.9230768897617,1.0,head
h_p20_cp90,-2018.7582406665576,1.0,head
h_p20_cp91,-2018.7582417382066,1.0,head
h_p20_cp92,-2013.59340561788,1.0,head
h_p20_cp93,-2013.5934065816973,1.0,head
h_p20_cp94,-2008.4285705800557,1.0,head
h_p20_cp95,-2008.4285714219534,1.0,head
h_p20_cp96,-2003.2637355470893,1.0,head
h_p20_cp97,-2003.2637362601708,1.0,head
h_p20_cp98,-1998.0989005119682,1.0,head
h_p20_cp99,-1998.098901097145,1.0,head
h_p20_cp100,-1992.9340654682107,1.0,head
h_p20_cp101,-1992.934065933405,1.0,head
h_p20_cp102,-1987.7692304109646,1.0,head
h_p20_cp103,-1987.7692307693217,1.0,head
h_p20_cp104,-1982.6043953375713,1.0,head
h_p20_cp105,-1982.6043956052529,1.0,head
h_p20_cp106,-1977.4395602476964,1.0,head
h_p20_cp107,-1977.4395604417562,1.0,head
h_p20_cp108,-1972.2747251433598,1.0,head
h_p20_cp109,-1972.2747252800511,1.0,head
h_p20_cp110,-1967.1098900293903,1.0,head
h_p20_cp111,-1967.1098901230516,1.0,head
h_p20_cp112,-1961.9450549153166,1.0,head
h_p20_cp113,-1961.9450549778298,1.0,head
h_p20_cp114,-1956.7802198207035,1.0,head
h_p20_cp115,-1956.7802198614008,1.0,head
h_p20_cp116,-1951.6153847885003,1.0,head
h_p20_cp117,-1951.6153848143801,1.0,head
h_p20_cp118,-1946.4505499166416,1.0,head
h_p20_cp119,-1946.4505499327388,1.0,head
h_p20_cp120,-1941.2857154306973,1.0,head
h_p20_cp121,-1941.2857154405053,1.0,head
h_p20_cp122,-1936.1208818479151,1.0,head
h_p20_cp123,-1936.1208818537764,1.0,head
h_p20_cp124,-1930.9560503414782,1.0,head
h_p20_cp125,-1930.9560503449177,1.0,head
h_p20_cp126,-1925.7912235359854,1.0,head
h_p20_cp127,-1925.7912235379697,1.0,head
h_p20_cp128,-1920.626407213983,1.0,head
h_p20_cp129,-1920.6264072151082,1.0,head
h_p20_cp130,-1915.4616139081381,1.0,head
h_p20_cp131,-1915.461613908764,1.0,head
h_p20_cp132,-1910.2968703101992,1.0,head
h_p20_cp133,-1910.2968703105373,1.0,head
h_p20_cp134,-1905.1322322213045,1.0,head
h_p20_cp135,-1905.1322322214771,1.0,head
h_p20_cp136,-1899.967814015469,1.0,head
h_p20_cp137,-1899.9678140155445,1.0,head
h_p20_cp138,-1894.8038452377898,1.0,head
h_p20_cp139,-1894.8038452378041,1.0,head
h_p20_cp140,-1889.640776338723,1.0,head
h_p20_cp141,-1889.6407763386942,1.0,head
h_p20_cp142,-1884.4794702613128,1.0,head
h_p20_cp143,-1884.4794702612478,1.0,head
h_p20_cp144,-1879.321538085429,1.0,head
h_p20_cp145,-1879.321538085329,1.0,head
h_p20_cp146,-1874.1699053789227,1.0,head
h_p20_cp147,-1874.1699053787863,1.0,head
h_p20_cp148,-1869.029728229292,1.0,head
h_p20_cp149,-1869.0297282291183,1.0,head
h_p20_cp150,-1863.9098047435489,1.0,head
h_p20_cp151,-1863.909804743338,1.0,head
h_p20_cp152,-1858.8246299672792,1.0,head
h_p20_cp153,-1858.8246299670327,1.0,head
h_p20_cp154,-1853.797188932394,1.0,head
h_p20_cp155,-1853.7971889321173,1.0,head
h_p20_cp156,-1848.862435139867,1.0,head
h_p20_cp157,-1848.8624351395667,1.0,head
h_p20_cp158,-1844.0711277692901,1.0,head
h_p20_cp159,-1844.071127768975,1.0,head
h_p20_cp160,-1839.493302766469,1.0,head
h_p20_cp161,-1839.4933027661464,1.0,head
h_p20_cp162,-1835.2202068727277,1.0,head
h_p20_cp163,-1835.2202068724025,1.0,head
h_p20_cp164,-2248.7710611481057,1.0,head
h_p20_cp165,-1835.2206640759418,1.0,head
h_p20_cp166,-2248.7709501009053,1.0,head
h_p20_cp167,-1835.2209277847405,1.0,head
h_p20_cp168,-2248.7708859359614,1.0,head
h_p20_cp169,-1835.2210760121968,1.0,head
h_p20_cp170,-2248.7708497129206,1.0,head
h_p20_cp171,-1835.2211573224986,1.0,head
h_p20_cp172,-2248.7708297260206,1.0,head
h_p20_cp173,-1835.2212009033333,1.0,head
h_p20_cp174,-2248.7708189413015,1.0,head
h_p20_cp175,-1835.2212237509832,1.0,head
h_p20_cp176,-2248.7708132468974,1.0,head
h_p20_cp177,-1835.2212354786889,1.0,head
h_p20_cp178,-2248.7708103026816,1.0,head
h_p20_cp179,-1835.2212413782186,1.0,head
h_p20_cp180,-2248.770808810914,1.0,head
h_p20_cp181,-1835.2212442892328,1.0,head
h_p20_cp182,-2248.7708080696234,1.0,head
h_p20_cp183,-1835.2212456993916,1.0,head
h_p20_cp184,-2248.7708077080506,1.0,head
h_p20_cp185,-1835.221246370582,1.0,head
h_p20_cp186,-2248.7708075347764,1.0,head
h_p20_cp187,-1835.2212466847177,1.0,head
h_p20_cp188,-2248.7708074530924,1.0,head
h_p20_cp189,-1835.2212468293926,1.0,head
h_p20_cp190,-2248.7708074151333,1.0,head
h_p20_cp191,-1835.2212468949967,1.0,head
h_p20_cp192,-2248.7708073976682,1.0,head
h_p20_cp193,-1835.2212469242945,1.0,head
h_p20_cp194,-2248.770807389631,1.0,head
h_p20_cp195,-1835.221246937169,1.0,head
h_p20_cp196,-2248.770807385843,1.0,head
h_p20_cp197,-1835.2212469427125,1.0,head
h_p20_cp198,-2248.770807383931,1.0,head
h_p20_cp199,-1835.2212469450149,1.0,head
h_p20_cp200,-2248.7708073828285,1.0,head
h_p20_cp201,-1835.2212469458855,1.0,head
h_p20_cp202,-2248.770807382078,1.0,head
h_p20_cp203,-1835.221246946113,1.0,head
h_p20_cp204,-2248.7708073814993,1.0,head
h_p20_cp205,-1835.2212469460344,1.0,head
h_p20_cp206,-2248.770807381036,1.0,head
h_p20_cp207,-1835.2212469457934,1.0,head
h_p20_cp208,-2248.7708073806853,1.0,head
h_p20_cp209,-1835.2212469454537,1.0,head
h_p20_cp210,-2248.770807380461,1.0,head
h_p20_cp211,-1835.2212469450492,1.0,head
h_p20_cp212,-2248.770807380378,1.0,head
h_p20_cp213,-1835.2212469446008,1.0,head
h_p20_cp214,-2248.7708073804392,1.0,head
h_p20_cp215,-1835.2212469441233,1.0,head
h_p20_cp216,-2248.7708073806352,1.0,head
h_p20_cp217,-1835.2212469436179,1.0,head
h_p20_cp218,-2248.770807380943,1.0,head
h_p20_cp219,-1835.2212469430563,1.0,head
h_p20_cp220,-2248.7708073813296,1.0,head
h_p20_cp221,-1835.221246942358,1.0,head
h_p20_cp222,-2248.7708073817557,1.0,head
h_p20_cp223,-1835.221246941348,1.0,head
h_p20_cp224,-2248.7708073821836,1.0,head
h_p20_cp225,-1835.2212469397027,1.0,head
h_p20_cp226,-2248.770807382577,1.0,head
h_p20_cp227,-1835.2212469368633,1.0,head
h_p20_cp228,-2248.770807382904,1.0,head
h_p20_cp229,-1835.2212469319195,1.0,head
h_p20_cp230,-2248.770807383141,1.0,head
h_p20_cp231,-1835.2212469234544,1.0,head
h_p20_cp232,-2248.770807383262,1.0,head
h_p20_cp233,-1835.2212469093422,1.0,head
h_p20_cp234,-2248.770807383243,1.0,head
h_p20_cp235,-1835.2212468865264,1.0,head
h_p20_cp236,-2248.770807383051,1.0,head
h_p20_cp237,-1835.2212468508003,1.0,head
h_p20_cp238,-2248.7708073826393,1.0,head
h_p20_cp239,-1835.2212467966722,1.0,head
h_p20_cp240,-2248.770807381947,1.0,head
h_p20_cp241,-1835.2212467174068,1.0,head
h_p20_cp242,-2248.7708073808967,1.0,head
h_p20_cp243,-1835.2212466053859,1.0,head
h_p20_cp244,-2248.7708073793965,1.0,head
h_p20_cp245,-1835.221246452912,1.0,head
h_p20_cp246,-2248.7708073773583,1.0,head
h_p20_cp247,-1835.22124625355,1.0,head
h_p20_cp248,-2248.7708073747162,1.0,head
h_p20_cp249,-1835.2212460039532,1.0,head
h_p20_cp250,-2248.7708073714575,1.0,head
h_p20_cp251,-1835.2212457059577,1.0,head
h_p20_cp252,-2248.7708073676513,1.0,head
h_p20_cp253,-1835.221245368495,1.0,head
h_p20_cp254,-2248.7708073634753,1.0,head
h_p20_cp255,-1835.221245008691,1.0,head
h_p20_cp256,-2248.770807359225,1.0,head
h_p20_cp257,-1835.2212446515011,1.0,head
h_p20_cp258,-2248.770807355289,1.0,head
h_p20_cp259,-1835.2212443274377,1.0,head
h_p20_cp260,-2248.770807352098,1.0,head
h_p20_cp261,-1835.2212440684382,1.0,head
h_p20_cp262,-2248.770807350045,1.0,head
h_p20_cp263,-1835.2212439025254,1.0,head
h_p20_cp264,-2248.7708073494036,1.0,head
h_p20_cp265,-1835.2212438484687,1.0,head
h_p20_cp266,-2248.7708073502617,1.0,head
h_p20_cp267,-1835.2212439118805,1.0,head
h_p20_cp268,-2248.7708073524964,1.0,head
h_p20_cp269,-1835.2212440838696,1.0,head
h_p20_cp270,-2248.7708073557937,1.0,head
h_p20_cp271,-1835.22124434269,1.0,head
h_p20_cp272,-2248.7708073597073,1.0,head
h_p20_cp273,-1835.2212446579078,1.0,head
h_p20_cp274,-2248.770807363732,1.0,head
h_p20_cp275,-1835.2212449959295,1.0,head
h_p20_cp276,-2248.7708073673675,1.0,head
h_p20_cp277,-1835.2212453254704,1.0,head
h_p20_cp278,-2248.770807370151,1.0,head
h_p20_cp279,-1835.2212456217833,1.0,head
h_p20_cp280,-2248.7708073716526,1.0,head
h_p20_cp281,-1835.2212458690046,1.0,head
h_p20_cp282,-2248.7708073714316,1.0,head
h_p20_cp283,-1835.2212460605795,1.0,head
h_p20_cp284,-2248.770807368972,1.0,head
h_p20_cp285,-1835.2212461981542,1.0,head
h_p20_cp286,-2248.770807363616,1.0,head
h_p20_cp287,-1835.2212462895156,1.0,head
h_p20_cp288,-2248.7708073545027,1.0,head
h_p20_cp289,-1835.2212463461392,1.0,head
h_p20_cp290,-2248.7708073405515,1.0,head
h_p20_cp291,-1835.2212463807743,1.0,head
h_p20_cp292,-2248.77080732049,1.0,head
h_p20_cp293,-1835.2212464053691,1.0,head
h_p20_cp294,-2248.770807292961,1.0,head
h_p20_cp295,-1835.2212464295296,1.0,head
h_p20_cp296,-2248.7708072567166,1.0,head
h_p20_cp297,-1835.2212464596241,1.0,head
h_p20_cp298,-2248.7708072109,1.0,head
h_p20_cp299,-1835.2212464985628,1.0,head
h_p20_cp300,-2248.770807155389,1.0,head
h_p20_cp301,-1835.2212465461926,1.0,head
h_p20_cp302,-2248.7708070911494,1.0,head
h_p20_cp303,-1835.2212466001256,1.0,head
h_p20_cp304,-2248.77080702052,1.0,head
h_p20_cp305,-1835.2212466567807,1.0,head
h_p20_cp306,-2248.7708069473106,1.0,head
h_p20_cp307,-1835.221246712379,1.0,head
h_p20_cp308,-2248.7708068766315,1.0,head
h_p20_cp309,-1835.2212467637025,1.0,head
h_p20_cp310,-2248.770806814398,1.0,head
h_p20_cp311,-1835.221246808537,1.0,head
h_p20_cp312,-2248.7708067665376,1.0,head
h_p20_cp313,-1835.221246845785,1.0,head
h_p20_cp314,-2248.7708067380454,1.0,head
h_p20_cp315,-1835.2212468753366,1.0,head
h_p20_cp316,-2248.7708067320887,1.0,head
h_p20_cp317,-1835.2212468978053,1.0,head
h_p20_cp318,-2248.770806749391,1.0,head
h_p20_cp319,-1835.2212469142255,1.0,head
h_p20_cp320,-2248.770806788081,1.0,head
h_p20_cp321,-1835.221246925791,1.0,head
h_p20_cp322,-2248.7708068440397,1.0,head
h_p20_cp323,-1835.221246933659,1.0,head
h_p20_cp324,-2248.7708069116666,1.0,head
h_p20_cp325,-1835.221246938838,1.0,head
h_p20_cp326,-2248.770806984843,1.0,head
h_p20_cp327,-1835.221246942138,1.0,head
h_p20_cp328,-2248.7708070578647,1.0,head
h_p20_cp329,-1835.2212469441636,1.0,head
h_p20_cp330,-2248.770807126143,1.0,head
h_p20_cp331,-1835.2212469453323,1.0,head
h_p20_cp332,-2248.770807186584,1.0,head
h_p20_cp333,-1835.221246945885,1.0,head
h_p20_cp334,-2248.7708072376527,1.0,head
h_p20_cp335,-1835.2212469458757,1.0,head
h_p20_cp336,-2248.770807279232,1.0,head
h_p20_cp337,-1835.2212469450872,1.0,head
h_p20_cp338,-2248.770807312426,1.0,head
h_p20_cp339,-1835.221246942802,1.0,head
h_p20_cp340,-2248.7708073395124,1.0,head
h_p20_cp341,-1835.221246937248,1.0,head
h_p20_cp342,-2248.7708073643153,1.0,head
h_p20_cp343,-1835.2212469243548,1.0,head
h_p20_cp344,-2248.770807393456,1.0,head
h_p20_cp345,-1835.221246895039,1.0,head
h_p20_cp346,-2248.7708074392876,1.0,head
h_p20_cp347,-1835.2212468294204,1.0,head
h_p20_cp348,-2248.7708075260907,1.0,head
h_p20_cp349,-1835.2212466847348,1.0,head
h_p20_cp350,-2248.7708077025286,1.0,head
h_p20_cp351,-1835.2212463705914,1.0,head
h_p20_cp352,-2248.770808065864,1.0,head
h_p20_cp353,-1835.2212456993943,1.0,head
h_p20_cp354,-2248.7708088078484,1.0,head
h_p20_cp355,-1835.2212442892298,1.0,head
h_p20_cp356,-2248.7708102993774,1.0,head
h_p20_cp357,-1835.2212413782092,1.0,head
h_p20_cp358,-2248.7708132423704,1.0,head
h_p20_cp359,-1835.2212354786718,1.0,head
h_p20_cp360,-2248.7708189343484,1.0,head
h_p20_cp361,-1835.221223750954,1.0,head
h_p20_cp362,-2248.7708297150534,1.0,head
h_p20_cp363,-1835.221200903287,1.0,head
h_p20_cp364,-2248.770849695841,1.0,head
h_p20_cp365,-1835.2211573224265,1.0,head
h_p20_cp366,-2248.7708859100885,1.0,head
h_p20_cp367,-1835.2210760120875,1.0,head
h_p20_cp368,-2248.770950063008,1.0,head
h_p20_cp369,-1835.220927784579,1.0,head
h_p20_cp370,-2248.7710610946115,1.0,head
h_p20_cp371,-1835.22066407571,1.0,head
h_p21_cp0,-2248.5733941065564,1.0,head
h_p21_cp1,-2248.5733940318623,1.0,head
h_p21_cp2,-2244.354860911703,1.0,head
h_p21_cp3,-2244.3548608573774,1.0,head
h_p21_cp4,-2239.821640820962,1.0,head
h_p21_cp5,-2239.8216407842683,1.0,head
h_p21_cp6,-2235.064734011251,1.0,head
h_p21_cp7,-2235.064733988402,1.0,head
h_p21_cp8,-2230.1551462909347,1.0,head
h_p21_cp9,-2230.155146277651,1.0,head
h_p21_cp10,-2225.1452515237343,1.0,head
h_p21_cp11,-2225.145251515401,1.0,head
h_p21_cp12,-2220.071784148021,1.0,head
h_p21_cp13,-2220.07178414216,1.0,head
h_p21_cp14,-2214.9593632205606,1.0,head
h_p21_cp15,-2214.959363215828,1.0,head
h_p21_cp16,-2209.823818558856,1.0,head
h_p21_cp17,-2209.823818554269,1.0,head
h_p21_cp18,-2204.6749496293432,1.0,head
h_p21_cp19,-2204.674949623844,1.0,head
h_p21_cp20,-2199.5186146968463,1.0,head
h_p21_cp21,-2199.518614689015,1.0,head
h_p21_cp22,-2194.3582048102544,1.0,head
h_p21_cp23,-2194.3582047980362,1.0,head
h_p21_cp24,-2189.195625097392,1.0,head
h_p21_cp25,-2189.195625077771,1.0,head
h_p21_cp26,-2184.0319165680867,1.0,head
h_p21_cp27,-2184.0319165366914,1.0,head
h_p21_cp28,-2178.8676335252812,1.0,head
h_p21_cp29,-2178.867633475953,1.0,head
h_p21_cp30,-2173.703064067093,1.0,head
h_p21_cp31,-2173.7030639914897,1.0,head
h_p21_cp32,-2168.5383545802974,1.0,head
h_p21_cp33,-2168.538354467677,1.0,head
h_p21_cp34,-2163.373577882013,1.0,head
h_p21_cp35,-2163.373577719399,1.0,head
h_p21_cp36,-2158.208769475933,1.0,head
h_p21_cp37,-2158.208769248928,1.0,head
h_p21_cp38,-2153.043946347978,1.0,head
h_p21_cp39,-2153.043946042484,1.0,head
h_p21_cp40,-2147.8791164790423,1.0,head
h_p21_cp41,-2147.879116084074,1.0,head
h_p21_cp42,-2142.714283553781,1.0,head
h_p21_cp43,-2142.714283065339,1.0,head
h_p21_cp44,-2137.5494492440966,1.0,head
h_p21_cp45,-2137.549448669706,1.0,head
h_p21_cp46,-2132.3846142959596,1.0,head
h_p21_cp47,-2132.3846136590596,1.0,head
h_p21_cp48,-2127.219779038186,1.0,head
h_p21_cp49,-2127.219778381128,1.0,head
h_p21_cp50,-2122.054943617352,1.0,head
h_p21_cp51,-2122.054943001596,1.0,head
h_p21_cp52,-2116.8901081049216,1.0,head
h_p21_cp53,-2116.8901076072666,1.0,head
h_p21_cp54,-2111.725272545157,1.0,head
h_p21_cp55,-2111.725272249633,1.0,head
h_p21_cp56,-2106.560436975146,1.0,head
h_p21_cp57,-2106.5604369614052,1.0,head
h_p21_cp58,-2101.395601431148,1.0,head
h_p21_cp59,-2101.3956017615374,1.0,head
h_p21_cp60,-2096.230765947903,1.0,head
h_p21_cp61,-2096.2307666562897,1.0,head
h_p21_cp62,-2091.0659305545087,1.0,head
h_p21_cp63,-2091.065931639952,1.0,head
h_p21_cp64,-2085.90109526948,1.0,head
h_p21_cp65,-2085.901096696756,1.0,head
h_p21_cp66,-2080.736260097088,1.0,head
h_p21_cp67,-2080.7362618041516,1.0,head
h_p21_cp68,-2075.5714250264805,1.0,head
h_p21_cp69,-2075.571426936881,1.0,head
h_p21_cp70,-2070.4065900341243,1.0,head
h_p21_cp71,-2070.4065920709495,1.0,head
h_p21_cp72,-2065.2417550890577,1.0,head
h_p21_cp73,-2065.2417571866954,1.0,head
h_p21_cp74,-2060.0769201595376,1.0,head
h_p21_cp75,-2060.0769222704926,1.0,head
h_p21_cp76,-2054.912085219335,1.0,head
h_p21_cp77,-2054.9120873150664,1.0,head
h_p21_cp78,-2049.7472502521014,1.0,head
h_p21_cp79,-2049.747252318706,1.0,head
h_p21_cp80,-2044.5824152529333,1.0,head
h_p21_cp81,-2044.5824172838484,1.0,head
h_p21_cp82,-2039.417580227068,1.0,head
h_p21_cp83,-2039.417582215475,1.0,head
h_p21_cp84,-2034.2527451864378,1.0,head
h_p21_cp85,-2034.2527471196927,1.0,head
h_p21_cp86,-2029.0879101452126,1.0,head
h_p21_cp87,-2029.0879120026495,1.0,head
h_p21_cp88,-2023.9230751156024,1.0,head
h_p21_cp89,-2023.9230768698642,1.0,head
h_p21_cp90,-2018.7582401048862,1.0,head
h_p21_cp91,-2018.7582417258955,1.0,head
h_p21_cp92,-2013.593405114203,1.0,head
h_p21_cp93,-2013.593406574279,1.0,head
h_p21_cp94,-2008.4285701390424,1.0,head
h_p21_cp95,-2008.4285714176096,1.0,head
h_p21_cp96,-2003.263735171006,1.0,head
h_p21_cp97,-2003.263736257715,1.0,head
h_p21_cp98,-1998.0989002001058,1.0,head
h_p21_cp99,-1998.0989010958324,1.0,head
h_p21_cp100,-1992.9340652169699,1.0,head
h_p21_cp101,-1992.934065932799,1.0,head
h_p21_cp102,-1987.7692302144483,1.0,head
h_p21_cp103,-1987.7692307692232,1.0,head
h_p21_cp104,-1982.604395188501,1.0,head
h_p21_cp105,-1982.6043956057047,1.0,head
h_p21_cp106,-1977.43956013849,1.0,head
h_p21_cp107,-1977.4395604431825,1.0,head
h_p21_cp108,-1972.274725067344,1.0,head
h_p21_cp109,-1972.2747252836643,1.0,head
h_p21_cp110,-1967.1098899823894,1.0,head
h_p21_cp111,-1967.1098901318583,1.0,head
h_p21_cp112,-1961.9450548983502,1.0,head
h_p21_cp113,-1961.9450549989874,1.0,head
h_p21_cp114,-1956.7802198455213,1.0,head
h_p21_cp115,-1956.7802199116336,1.0,head
h_p21_cp116,-1951.6153848897693,1.0,head
h_p21_cp117,-1951.6153849322027,1.0,head
h_p21_cp118,-1946.4505501789772,1.0,head
h_p21_cp119,-1946.450550205622,1.0,head
h_p21_cp120,-1941.2857160478864,1.0,head
h_p21_cp121,-1941.2857160642775,1.0,head
h_p21_cp122,-1936.120883250402,1.0,head
h_p21_cp123,-1936.1208832602924,1.0,head
h_p21_cp124,-1930.9560534656007,1.0,head
h_p21_cp125,-1930.9560534714612,1.0,head
h_p21_cp126,-1925.7912303812661,1.0,head
h_p21_cp127,-1925.7912303846804,1.0,head
h_p21_cp128,-1920.6264219723082,1.0,head
h_p21_cp129,-1920.626421974264,1.0,head
h_p21_cp130,-1915.461645199966,1.0,head
h_p21_cp131,-1915.4616452010666,1.0,head
h_p21_cp132,-1910.2969355048735,1.0,head
h_p21_cp133,-1910.296935505479,1.0,head
h_p21_cp134,-1905.1323655618378,1.0,head
h_p21_cp135,-1905.1323655621582,1.0,head
h_p21_cp136,-1899.9680814524552,1.0,head
h_p21_cp137,-1899.9680814526098,1.0,head
h_p21_cp138,-1894.8043706394187,1.0,head
h_p21_cp139,-1894.8043706394742,1.0,head
h_p21_cp140,-1889.641786132989,1.0,head
h_p21_cp141,-1889.6417861329796,1.0,head
h_p21_cp142,-1884.4813663706211,1.0,head
h_p21_cp143,-1884.4813663705634,1.0,head
h_p21_cp144,-1879.32501147646,1.0,head
h_p21_cp145,-1879.3250114763605,1.0,head
h_p21_cp146,-1874.1761029992208,1.0,head
h_p21_cp147,-1874.1761029990812,1.0,head
h_p21_cp148,-1869.0404816306436,1.0,head
h_p21_cp149,-1869.0404816304645,1.0,head
h_p21_cp150,-1863.9279152380138,1.0,head
h_p21_cp151,-1863.9279152377962,1.0,head
h_p21_cp152,-1858.8541785449563,1.0,head
h_p21_cp153,-1858.8541785447023,1.0,head
h_p21_cp154,-1853.8437977349586,1.0,head
h_p21_cp155,-1853.843797734674,1.0,head
h_p21_cp156,-1848.9333563281082,1.0,head
h_p21_cp157,-1848.9333563277992,1.0,head
h_p21_cp158,-1844.174992406627,1.0,head
h_p21_cp159,-1844.174992406302,1.0,head
h_p21_cp160,-1839.6393581044333,1.0,head
h_p21_cp161,-1839.6393581040995,1.0,head
h_p21_cp162,-1835.4169436451334,1.0,head
h_p21_cp163,-1835.4169436447962,1.0,head
h_p21_cp164,-2248.57318785381,1.0,head
h_p21_cp165,-1835.4174674121962,1.0,head
h_p21_cp166,-2248.5730639082235,1.0,head
h_p21_cp167,-1835.4177737288314,1.0,head
h_p21_cp168,-2248.5729911311737,1.0,head
h_p21_cp169,-1835.4179484344322,1.0,head
h_p21_cp170,-2248.5729493663594,1.0,head
h_p21_cp171,-1835.4180457341135,1.0,head
h_p21_cp172,-2248.5729259326727,1.0,head
h_p21_cp173,-1835.4180987069972,1.0,head
h_p21_cp174,-2248.5729130711384,1.0,head
h_p21_cp175,-1835.4181269267362,1.0,head
h_p21_cp176,-2248.572906162109,1.0,head
h_p21_cp177,-1835.4181416499314,1.0,head
h_p21_cp178,-2248.5729025271767,1.0,head
h_p21_cp179,-1835.4181491796119,1.0,head
h_p21_cp180,-2248.5729006528813,1.0,head
h_p21_cp181,-1835.4181529574155,1.0,head
h_p21_cp182,-2248.5728997049655,1.0,head
h_p21_cp183,-1835.4181548183944,1.0,head
h_p21_cp184,-2248.572899234373,1.0,head
h_p21_cp185,-1835.4181557191778,1.0,head
h_p21_cp186,-2248.572899004823,1.0,head
h_p21_cp187,-1835.418156147922,1.0,head
h_p21_cp188,-2248.57289889466,1.0,head
h_p21_cp189,-1835.418156348724,1.0,head
h_p21_cp190,-2248.572898842526,1.0,head
h_p21_cp191,-1835.418156441314,1.0,head
h_p21_cp192,-2248.5728988180754,1.0,head
h_p21_cp193,-1835.418156483353,1.0,head
h_p21_cp194,-2248.5728988065816,1.0,head
h_p21_cp195,-1835.4181565021279,1.0,head
h_p21_cp196,-2248.572898801028,1.0,head
h_p21_cp197,-1835.4181565103363,1.0,head
h_p21_cp198,-2248.572898798136,1.0,head
h_p21_cp199,-1835.4181565137906,1.0,head
h_p21_cp200,-2248.5728987964144,1.0,head
h_p21_cp201,-1835.4181565151077,1.0,head
h_p21_cp202,-2248.572898795213,1.0,head
h_p21_cp203,-1835.4181565154458,1.0,head
h_p21_cp204,-2248.572898794274,1.0,head
h_p21_cp205,-1835.4181565153096,1.0,head
h_p21_cp206,-2248.5728987935186,1.0,head
h_p21_cp207,-1835.4181565149186,1.0,head
h_p21_cp208,-2248.572898792946,1.0,head
h_p21_cp209,-1835.418156514372,1.0,head
h_p21_cp210,-2248.5728987925795,1.0,head
h_p21_cp211,-1835.418156513722,1.0,head
h_p21_cp212,-2248.572898792442,1.0,head
h_p21_cp213,-1835.418156513001,1.0,head
h_p21_cp214,-2248.57289879254,1.0,head
h_p21_cp215,-1835.4181565122296,1.0,head
h_p21_cp216,-2248.5728987928574,1.0,head
h_p21_cp217,-1835.4181565114036,1.0,head
h_p21_cp218,-2248.5728987933567,1.0,head
h_p21_cp219,-1835.4181565104698,1.0,head
h_p21_cp220,-2248.572898793985,1.0,head
h_p21_cp221,-1835.4181565092867,1.0,head
h_p21_cp222,-2248.57289879468,1.0,head
h_p21_cp223,-1835.4181565075617,1.0,head
h_p21_cp224,-2248.5728987953776,1.0,head
h_p21_cp225,-1835.4181565047586,1.0,head
h_p21_cp226,-2248.5728987960188,1.0,head
h_p21_cp227,-1835.418156499971,1.0,head
h_p21_cp228,-2248.57289879655,1.0,head
h_p21_cp229,-1835.4181564917408,1.0,head
h_p21_cp230,-2248.5728987969273,1.0,head
h_p21_cp231,-1835.4181564778235,1.0,head
h_p21_cp232,-2248.572898797106,1.0,head
h_p21_cp233,-1835.4181564548996,1.0,head
h_p21_cp234,-2248.5728987970383,1.0,head
h_p21_cp235,-1835.4181564182556,1.0,head
h_p21_cp236,-2248.5728987966622,1.0,head
h_p21_cp237,-1835.418156361495,1.0,head
h_p21_cp238,-2248.572898795894,1.0,head
h_p21_cp239,-1835.4181562763843,1.0,head
h_p21_cp240,-2248.5728987946236,1.0,head
h_p21_cp241,-1835.4181561529833,1.0,head
h_p21_cp242,-2248.572898792713,1.0,head
h_p21_cp243,-1835.4181559802437,1.0,head
h_p21_cp244,-2248.5728987900075,1.0,head
h_p21_cp245,-1835.4181557472552,1.0,head
h_p21_cp246,-2248.5728987863617,1.0,head
h_p21_cp247,-1835.4181554452296,1.0,head
h_p21_cp248,-2248.5728987816733,1.0,head
h_p21_cp249,-1835.4181550701367,1.0,head
h_p21_cp250,-2248.572898775933,1.0,head
h_p21_cp251,-1835.418154625638,1.0,head
h_p21_cp252,-2248.5728987692787,1.0,head
h_p21_cp253,-1835.4181541256748,1.0,head
h_p21_cp254,-2248.572898762027,1.0,head
h_p21_cp255,-1835.4181535958346,1.0,head
h_p21_cp256,-2248.5728987546904,1.0,head
h_p21_cp257,-1835.4181530726148,1.0,head
h_p21_cp258,-2248.5728987479297,1.0,head
h_p21_cp259,-1835.4181526000414,1.0,head
h_p21_cp260,-2248.5728987424664,1.0,head
h_p21_cp261,-1835.4181522237504,1.0,head
h_p21_cp262,-2248.572898738956,1.0,head
h_p21_cp263,-1835.4181519834865,1.0,head
h_p21_cp264,-2248.572898737852,1.0,head
h_p21_cp265,-1835.4181519056938,1.0,head
h_p21_cp266,-2248.572898739299,1.0,head
h_p21_cp267,-1835.4181519981366,1.0,head
h_p21_cp268,-2248.5728987430925,1.0,head
h_p21_cp269,-1835.4181522480744,1.0,head
h_p21_cp270,-2248.5728987487123,1.0,head
h_p21_cp271,-1835.4181526245598,1.0,head
h_p21_cp272,-2248.572898755412,1.0,head
h_p21_cp273,-1835.4181530842275,1.0,head
h_p21_cp274,-2248.5728987623443,1.0,head
h_p21_cp275,-1835.4181535790062,1.0,head
h_p21_cp276,-2248.572898768662,1.0,head
h_p21_cp277,-1835.4181540638142,1.0,head
h_p21_cp278,-2248.5728987735783,1.0,head
h_p21_cp279,-1835.4181545026054,1.0,head
h_p21_cp280,-2248.572898776362,1.0,head
h_p21_cp281,-1835.4181548718345,1.0,head
h_p21_cp282,-2248.572898776277,1.0,head
h_p21_cp283,-1835.418155161229,1.0,head
h_p21_cp284,-2248.5728987724874,1.0,head
h_p21_cp285,-1835.418155372357,1.0,head
h_p21_cp286,-2248.572898763952,1.0,head
h_p21_cp287,-1835.4181555157807,1.0,head
h_p21_cp288,-2248.5728987493376,1.0,head
h_p21_cp289,-1835.4181556075769,1.0,head
h_p21_cp290,-2248.5728987269954,1.0,head
h_p21_cp291,-1835.41815566587,1.0,head
h_p21_cp292,-2248.5728986950094,1.0,head
h_p21_cp293,-1835.4181557078268,1.0,head
h_p21_cp294,-2248.572898651374,1.0,head
h_p21_cp295,-1835.4181557474105,1.0,head
h_p21_cp296,-2248.5728985942887,1.0,head
h_p21_cp297,-1835.4181557940578,1.0,head
h_p21_cp298,-2248.5728985225883,1.0,head
h_p21_cp299,-1835.418155852324,1.0,head
h_p21_cp300,-2248.5728984362504,1.0,head
h_p21_cp301,-1835.4181559223898,1.0,head
h_p21_cp302,-2248.572898336917,1.0,head
h_p21_cp303,-1835.4181560012,1.0,head
h_p21_cp304,-2248.572898228284,1.0,head
h_p21_cp305,-1835.4181560838992,1.0,head
h_p21_cp306,-2248.5728981162224,1.0,head
h_p21_cp307,-1835.4181561652322,1.0,head
h_p21_cp308,-2248.5728980084887,1.0,head
h_p21_cp309,-1835.4181562406316,1.0,head
h_p21_cp310,-2248.57289791397,1.0,head
h_p21_cp311,-1835.4181563068746,1.0,head
h_p21_cp312,-2248.5728978415086,1.0,head
h_p21_cp313,-1835.4181563622826,1.0,head
h_p21_cp314,-2248.5728977985127,1.0,head
h_p21_cp315,-1835.4181564065793,1.0,head
h_p21_cp316,-2248.572897789656,1.0,head
h_p21_cp317,-1835.41815644054,1.0,head
h_p21_cp318,-2248.5728978159923,1.0,head
h_p21_cp319,-1835.418156465582,1.0,head
h_p21_cp320,-2248.5728978747356,1.0,head
h_p21_cp321,-1835.4181564833866,1.0,head
h_p21_cp322,-2248.5728979597716,1.0,head
h_p21_cp323,-1835.4181564956182,1.0,head
h_p21_cp324,-2248.572898062762,1.0,head
h_p21_cp325,-1835.4181565037518,1.0,head
h_p21_cp326,-2248.5728981745556,1.0,head
h_p21_cp327,-1835.418156508989,1.0,head
h_p21_cp328,-2248.572898286558,1.0,head
h_p21_cp329,-1835.418156512238,1.0,head
h_p21_cp330,-2248.5728983917807,1.0,head
h_p21_cp331,-1835.4181565141346,1.0,head
h_p21_cp332,-2248.572898485425,1.0,head
h_p21_cp333,-1835.4181565150518,1.0,head
h_p21_cp334,-2248.572898565011,1.0,head
h_p21_cp335,-1835.4181565150798,1.0,head
h_p21_cp336,-2248.572898630192,1.0,head
h_p21_cp337,-1835.4181565139052,1.0,head
h_p21_cp338,-2248.5728986824643,1.0,head
h_p21_cp339,-1835.4181565104834,1.0,head
h_p21_cp340,-2248.572898725067,1.0,head
h_p21_cp341,-1835.4181565022604,1.0,head
h_p21_cp342,-2248.5728987634275,1.0,head
h_p21_cp343,-1835.4181564834557,1.0,head
h_p21_cp344,-2248.5728988067444,1.0,head
h_p21_cp345,-1835.418156441387,1.0,head
h_p21_cp346,-2248.5728988717165,1.0,head
h_p21_cp347,-1835.4181563487725,1.0,head
h_p21_cp348,-2248.5728989903278,1.0,head
h_p21_cp349,-1835.4181561479525,1.0,head
h_p21_cp350,-2248.5728992252034,1.0,head
h_p21_cp351,-1835.4181557191953,1.0,head
h_p21_cp352,-2248.5728996989087,1.0,head
h_p21_cp353,-1835.4181548184022,1.0,head
h_p21_cp354,-2248.572900648312,1.0,head
h_p21_cp355,-1835.4181529574153,1.0,head
h_p21_cp356,-2248.5729025227797,1.0,head
h_p21_cp357,-1835.4181491796037,1.0,head
h_p21_cp358,-2248.5729061566367,1.0,head
h_p21_cp359,-1835.4181416499137,1.0,head
h_p21_cp360,-2248.5729130632008,1.0,head
h_p21_cp361,-1835.4181269267053,1.0,head
h_p21_cp362,-2248.572925920556,1.0,head
h_p21_cp363,-1835.418098706947,1.0,head
h_p21_cp364,-2248.572949347892,1.0,head
h_p21_cp365,-1835.418045734036,1.0,head
h_p21_cp366,-2248.5729911036656,1.0,head
h_p21_cp367,-1835.4179484343156,1.0,head
h_p21_cp368,-2248.5730638684954,1.0,head
h_p21_cp369,-1835.4177737286611,1.0,head
h_p21_cp370,-2248.5731877983635,1.0,head
h_p21_cp371,-1835.417467411953,1.0,head
h_p22_cp0,-2248.373169551973,1.0,head
h_p22_cp1,-2248.373169476346,1.0,head
h_p22_cp2,-2244.2044328230354,1.0,head
h_p22_cp3,-2244.2044327669814,1.0,head
h_p22_cp4,-2239.7132321355766,1.0,head
h_p22_cp5,-2239.7132320968076,1.0,head
h_p22_cp6,-2234.9896311296357,1.0,head
h_p22_cp7,-2234.9896311046605,1.0,head
h_p22_cp8,-2230.105023052499,1.0,head
h_p22_cp9,-2230.105023037298,1.0,head
h_p22_cp10,-2225.11295737448,1.0,head
h_p22_cp11,-2225.1129573648223,1.0,head
h_p22_cp12,-2220.051656660584,1.0,head
h_p22_cp13,-2220.0516566536744,1.0,head
h_p22_cp14,-2214.9472049002993,1.0,head
h_p22_cp15,-2214.9472048944003,1.0,head
h_p22_cp16,-2209.8166872817715,1.0,head
h_p22_cp17,-2209.816687275508,1.0,head
h_p22_cp18,-2204.6708813151813,1.0,head
h_p22_cp19,-2204.6708813070086,1.0,head
h_p22_cp20,-2199.5163536419054,1.0,head
h_p22_cp21,-2199.5163536297046,1.0,head
h_p22_cp22,-2194.3569787641763,1.0,head
h_p22_cp23,-2194.3569787448496,1.0,head
h_p22_cp24,-2189.194975555892,1.0,head
h_p22_cp25,-2189.19497552489,1.0,head
h_p22_cp26,-2184.0315799200157,1.0,head
h_p22_cp27,-2184.031579870794,1.0,head
h_p22_cp28,-2178.8674626242,1.0,head
h_p22_cp29,-2178.867462547638,1.0,head
h_p22_cp30,-2173.7029789877097,1.0,head
h_p22_cp31,-2173.7029788716304,1.0,head
h_p22_cp32,-2168.5383129938095,1.0,head
h_p22_cp33,-2168.538312822788,1.0,head
h_p22_cp34,-2163.3735578909886,1.0,head
h_p22_cp35,-2163.3735576467534,1.0,head
h_p22_cp36,-2158.2087599959946,1.0,head
h_p22_cp37,-2158.2087596587703,1.0,head
h_p22_cp38,-2153.043941878546,1.0,head
h_p22_cp39,-2153.0439414296757,1.0,head
h_p22_cp40,-2147.8791143373805,1.0,head
h_p22_cp41,-2147.879113763427,1.0,head
h_p22_cp42,-2142.714282448488,1.0,head
h_p22_cp43,-2142.7142817466934,1.0,head
h_p22_cp44,-2137.54944855661,1.0,head
h_p22_cp45,-2137.5494477411103,1.0,head
h_p22_cp46,-2132.3846137269716,1.0,head
h_p22_cp47,-2132.38461283457,1.0,head
h_p22_cp48,-2127.2197784379646,1.0,head
h_p22_cp49,-2127.219777531778,1.0,head
h_p22_cp50,-2122.054942906949,1.0,head
h_p22_cp51,-2122.05494207605,1.0,head
h_p22_cp52,-2116.8901072414387,1.0,head
h_p22_cp53,-2116.890106595044,1.0,head
h_p22_cp54,-2111.7252715077802,1.0,head
h_p22_cp55,-2111.7252711636424,1.0,head
h_p22_cp56,-2106.560435760325,1.0,head
h_p22_cp57,-2106.5604358286187,1.0,head
h_p22_cp58,-2101.3956000509993,1.0,head
h_p22_cp59,-2101.395600616721,1.0,head
h_p22_cp60,-2096.2307644287766,1.0,head
h_p22_cp61,-2096.2307655368068,1.0,head
h_p22_cp62,-2091.0659289342766,1.0,head
h_p22_cp63,-2091.0659305811655,1.0,head
h_p22_cp64,-2085.9010935931906,1.0,head
h_p22_cp65,-2085.9010957282417,1.0,head
h_p22_cp66,-2080.736258411427,1.0,head
h_p22_cp67,-2080.7362609470874,1.0,head
h_p22_cp68,-2075.571423374016,1.0,head
h_p22_cp69,-2075.57142620287,1.0,head
h_p22_cp70,-2070.4065884484835,1.0,head
h_p22_cp71,-2070.4065914622524,1.0,head
h_p22_cp72,-2065.241753592024,1.0,head
h_p22_cp73,-2065.241756697616,1.0,head
h_p22_cp74,-2060.076918760573,1.0,head
h_p22_cp75,-2060.076921889479,1.0,head
h_p22_cp76,-2054.9120839174325,1.0,head
h_p22_cp77,-2054.9120870270513,1.0,head
h_p22_cp78,-2049.7472490393206,1.0,head
h_p22_cp79,-2049.747252107283,1.0,head
h_p22_cp80,-2044.582414118633,1.0,head
h_p22_cp81,-2044.582417133009,1.0,head
h_p22_cp82,-2039.417579161794,1.0,head
h_p22_cp83,-2039.4175821107954,1.0,head
h_p22_cp84,-2034.2527441846428,1.0,head
h_p22_cp85,-2034.252747048971,1.0,head
h_p22_cp86,-2029.0879092063758,1.0,head
h_p22_cp87,-2029.0879119560998,1.0,head
h_p22_cp88,-2023.923074243772,1.0,head
h_p22_cp89,-2023.9230768399937,1.0,head
h_p22_cp90,-2018.75823930703,1.0,head
h_p22_cp91,-2018.7582417072022,1.0,head
h_p22_cp92,-2013.5934043979764,1.0,head
h_p22_cp93,-2013.5934065628705,1.0,head
h_p22_cp94,-2008.4285695106103,1.0,head
h_p22_cp95,-2008.428571410829,1.0,head
h_p22_cp96,-2003.2637346334104,1.0,head
h_p22_cp97,-2003.2637362538085,1.0,head
h_p22_cp98,-1998.0988997524648,1.0,head
h_p22_cp99,-1998.0989010936898,1.0,head
h_p22_cp100,-1992.9340648545215,1.0,head
h_p22_cp101,-1992.9340659317663,1.0,head
h_p22_cp102,-1987.769229929295,1.0,head
h_p22_cp103,-1987.7692307690072,1.0,head
h_p22_cp104,-1982.6043949708155,1.0,head
h_p22_cp105,-1982.6043956063902,1.0,head
h_p22_cp106,-1977.4395599779843,1.0,head
h_p22_cp107,-1977.4395604454492,1.0,head
h_p22_cp108,-1972.2747249549936,1.0,head
h_p22_cp109,-1972.2747252894071,1.0,head
h_p22_cp110,-1967.1098899127562,1.0,head
h_p22_cp111,-1967.1098901456915,1.0,head
h_p22_cp112,-1961.945054873548,1.0,head
h_p22_cp113,-1961.9450550317122,1.0,head
h_p22_cp114,-1956.7802198832421,1.0,head
h_p22_cp115,-1956.7802199880598,1.0,head
h_p22_cp116,-1951.6153850406,1.0,head
h_p22_cp117,-1951.6153851084846,1.0,head
h_p22_cp118,-1946.4505505640532,1.0,head
h_p22_cp119,-1946.4505506070734,1.0,head
h_p22_cp120,-1941.2857169397805,1.0,head
h_p22_cp121,-1941.285716966492,1.0,head
h_p22_cp122,-1936.1208852438615,1.0,head
h_p22_cp123,-1936.1208852601312,1.0,head
h_p22_cp124,-1930.9560578310336,1.0,head
h_p22_cp125,-1930.956057840766,1.0,head
h_p22_cp126,-1925.7912397817292,1.0,head
h_p22_cp127,-1925.791239787453,1.0,head
h_p22_cp128,-1920.6264418864882,1.0,head
h_p22_cp129,-1920.6264418898,1.0,head
h_p22_cp130,-1915.4616866811295,1.0,head
h_p22_cp131,-1915.461686683013,1.0,head
h_p22_cp132,-1910.2970203965922,1.0,head
h_p22_cp133,-1910.2970203976427,1.0,head
h_p22_cp134,-1905.1325360903743,1.0,head
h_p22_cp135,-1905.1325360909436,1.0,head
h_p22_cp136,-1899.968417342707,1.0,head
h_p22_cp137,-1899.9684173429978,1.0,head
h_p22_cp138,-1894.8050186480523,1.0,head
h_p22_cp139,-1894.8050186481796,1.0,head
h_p22_cp140,-1889.6430091258085,1.0,head
h_p22_cp141,-1889.643009125835,1.0,head
h_p22_cp142,-1884.483621458064,1.0,head
h_p22_cp143,-1884.483621458022,1.0,head
h_p22_cp144,-1879.3290683676266,1.0,head
h_p22_cp145,-1879.3290683675314,1.0,head
h_p22_cp146,-1874.1832128923543,1.0,head
h_p22_cp147,-1874.1832128922129,1.0,head
h_p22_cp148,-1869.0526008593065,1.0,head
h_p22_cp149,-1869.0526008591212,1.0,head
h_p22_cp150,-1863.9479730487067,1.0,head
h_p22_cp151,-1863.9479730484804,1.0,head
h_p22_cp152,-1858.8863518127816,1.0,head
h_p22_cp153,-1858.8863518125177,1.0,head
h_p22_cp154,-1853.8937172249541,1.0,head
h_p22_cp155,-1853.8937172246583,1.0,head
h_p22_cp156,-1849.0081262068236,1.0,head
h_p22_cp157,-1849.008126206503,1.0,head
h_p22_cp158,-1844.2828743478947,1.0,head
h_p22_cp159,-1844.282874347558,1.0,head
h_p22_cp160,-1839.7889810570596,1.0,head
h_p22_cp161,-1839.7889810567133,1.0,head
h_p22_cp162,-1835.615980057294,1.0,head
h_p22_cp163,-1835.615980056944,1.0,head
h_p22_cp164,-2248.3729445938043,1.0,head
h_p22_cp165,-1835.6165750238345,1.0,head
h_p22_cp166,-2248.372807389359,1.0,head
h_p22_cp167,-1835.616927549229,1.0,head
h_p22_cp168,-2248.3727255950116,1.0,head
h_p22_cp169,-1835.6171313939233,1.0,head
h_p22_cp170,-2248.372677920588,1.0,head
h_p22_cp171,-1835.6172465612522,1.0,head
h_p22_cp172,-2248.3726507434985,1.0,head
h_p22_cp173,-1835.6173101971708,1.0,head
h_p22_cp174,-2248.3726355846757,1.0,head
h_p22_cp175,-1835.6173446161263,1.0,head
h_p22_cp176,-2248.372627307117,1.0,head
h_p22_cp177,-1835.617362853957,1.0,head
h_p22_cp178,-2248.3726228794458,1.0,head
h_p22_cp179,-1835.6173723288564,1.0,head
h_p22_cp180,-2248.372620557924,1.0,head
h_p22_cp181,-1835.6173771587667,1.0,head
h_p22_cp182,-2248.372619363918,1.0,head
h_p22_cp183,-1835.6173795764264,1.0,head
h_p22_cp184,-2248.372618761051,1.0,head
h_p22_cp185,-1835.6173807656432,1.0,head
h_p22_cp186,-2248.3726184619372,1.0,head
h_p22_cp187,-1835.6173813408723,1.0,head
h_p22_cp188,-2248.3726183159006,1.0,head
h_p22_cp189,-1835.6173816146575,1.0,head
h_p22_cp190,-2248.372618245558,1.0,head
h_p22_cp191,-1835.6173817429433,1.0,head
h_p22_cp192,-2248.372618211944,1.0,head
h_p22_cp193,-1835.6173818021225,1.0,head
h_p22_cp194,-2248.3726181958073,1.0,head
h_p22_cp195,-1835.6173818289658,1.0,head
h_p22_cp196,-2248.3726181878105,1.0,head
h_p22_cp197,-1835.6173818408752,1.0,head
h_p22_cp198,-2248.3726181835195,1.0,head
h_p22_cp199,-1835.61738184595,1.0,head
h_p22_cp200,-2248.3726181808847,1.0,head
h_p22_cp201,-1835.6173818478976,1.0,head
h_p22_cp202,-2248.372618179002,1.0,head
h_p22_cp203,-1835.617381848387,1.0,head
h_p22_cp204,-2248.372618177512,1.0,head
h_p22_cp205,-1835.6173818481577,1.0,head
h_p22_cp206,-2248.372618176308,1.0,head
h_p22_cp207,-1835.6173818475372,1.0,head
h_p22_cp208,-2248.372618175394,1.0,head
h_p22_cp209,-1835.6173818466762,1.0,head
h_p22_cp210,-2248.372618174809,1.0,head
h_p22_cp211,-1835.617381845654,1.0,head
h_p22_cp212,-2248.372618174588,1.0,head
h_p22_cp213,-1835.6173818445197,1.0,head
h_p22_cp214,-2248.37261817474,1.0,head
h_p22_cp215,-1835.6173818432992,1.0,head
h_p22_cp216,-2248.3726181752413,1.0,head
h_p22_cp217,-1835.617381841976,1.0,head
h_p22_cp218,-2248.3726181760326,1.0,head
h_p22_cp219,-1835.6173818404557,1.0,head
h_p22_cp220,-2248.37261817703,1.0,head
h_p22_cp221,-1835.617381838498,1.0,head
h_p22_cp222,-2248.372618178135,1.0,head
h_p22_cp223,-1835.6173818356237,1.0,head
h_p22_cp224,-2248.3726181792454,1.0,head
h_p22_cp225,-1835.6173818309715,1.0,head
h_p22_cp226,-2248.3726181802645,1.0,head
h_p22_cp227,-1835.6173818231046,1.0,head
h_p22_cp228,-2248.3726181811053,1.0,head
h_p22_cp229,-1835.6173818097432,1.0,head
h_p22_cp230,-2248.37261818169,1.0,head
h_p22_cp231,-1835.6173817874212,1.0,head
h_p22_cp232,-2248.37261818194,1.0,head
h_p22_cp233,-1835.617381751076,1.0,head
h_p22_cp234,-2248.3726181817697,1.0,head
h_p22_cp235,-1835.6173816936107,1.0,head
h_p22_cp236,-2248.3726181810666,1.0,head
h_p22_cp237,-1835.617381605524,1.0,head
h_p22_cp238,-2248.372618179686,1.0,head
h_p22_cp239,-1835.6173814747565,1.0,head
h_p22_cp240,-2248.3726181774355,1.0,head
h_p22_cp241,-1835.61738128697,1.0,head
h_p22_cp242,-2248.372618174084,1.0,head
h_p22_cp243,-1835.6173810265057,1.0,head
h_p22_cp244,-2248.37261816938,1.0,head
h_p22_cp245,-1835.6173806782585,1.0,head
h_p22_cp246,-2248.3726181630923,1.0,head
h_p22_cp247,-1835.6173802305423,1.0,head
h_p22_cp248,-2248.3726181550705,1.0,head
h_p22_cp249,-1835.6173796788,1.0,head
h_p22_cp250,-2248.3726181453235,1.0,head
h_p22_cp251,-1835.6173790296266,1.0,head
h_p22_cp252,-2248.372618134104,1.0,head
h_p22_cp253,-1835.617378304185,1.0,head
h_p22_cp254,-2248.3726181219595,1.0,head
h_p22_cp255,-1835.6173775398413,1.0,head
h_p22_cp256,-2248.372618109742,1.0,head
h_p22_cp257,-1835.6173767888556,1.0,head
h_p22_cp258,-2248.3726180985354,1.0,head
h_p22_cp259,-1835.6173761134658,1.0,head
h_p22_cp260,-2248.372618089511,1.0,head
h_p22_cp261,-1835.6173755775917,1.0,head
h_p22_cp262,-2248.3726180837216,1.0,head
h_p22_cp263,-1835.6173752365073,1.0,head
h_p22_cp264,-2248.3726180818917,1.0,head
h_p22_cp265,-1835.6173751267502,1.0,head
h_p22_cp266,-2248.3726180842514,1.0,head
h_p22_cp267,-1835.6173752588506,1.0,head
h_p22_cp268,-2248.3726180904723,1.0,head
h_p22_cp269,-1835.6173756149042,1.0,head
h_p22_cp270,-2248.372618099718,1.0,head
h_p22_cp271,-1835.6173761517198,1.0,head
h_p22_cp272,-2248.3726181107863,1.0,head
h_p22_cp273,-1835.6173768087122,1.0,head
h_p22_cp274,-2248.372618122301,1.0,head
h_p22_cp275,-1835.6173775184513,1.0,head
h_p22_cp276,-2248.372618132876,1.0,head
h_p22_cp277,-1835.617378217283,1.0,head
h_p22_cp278,-2248.3726181412135,1.0,head
h_p22_cp279,-1835.617378853791,1.0,head
h_p22_cp280,-2248.372618146108,1.0,head
h_p22_cp281,-1835.6173793937935,1.0,head
h_p22_cp282,-2248.372618146364,1.0,head
h_p22_cp283,-1835.6173798216373,1.0,head
h_p22_cp284,-2248.372618140655,1.0,head
h_p22_cp285,-1835.617380138402,1.0,head
h_p22_cp286,-2248.372618127367,1.0,head
h_p22_cp287,-1835.6173803580475,1.0,head
h_p22_cp288,-2248.3726181044813,1.0,head
h_p22_cp289,-1835.6173805025944,1.0,head
h_p22_cp290,-2248.3726180695344,1.0,head
h_p22_cp291,-1835.6173805972535,1.0,head
h_p22_cp292,-2248.3726180197136,1.0,head
h_p22_cp293,-1835.6173806661684,1.0,head
h_p22_cp294,-2248.3726179521204,1.0,head
h_p22_cp295,-1835.617380729209,1.0,head
h_p22_cp296,-2248.372617864224,1.0,head
h_p22_cp297,-1835.6173808000601,1.0,head
h_p22_cp298,-2248.3726177544922,1.0,head
h_p22_cp299,-1835.6173808856556,1.0,head
h_p22_cp300,-2248.372617623136,1.0,head
h_p22_cp301,-1835.617380986819,1.0,head
h_p22_cp302,-2248.372617472844,1.0,head
h_p22_cp303,-1835.617381099779,1.0,head
h_p22_cp304,-2248.3726173093173,1.0,head
h_p22_cp305,-1835.6173812181207,1.0,head
h_p22_cp306,-2248.372617141399,1.0,head
h_p22_cp307,-1835.617381334705,1.0,head
h_p22_cp308,-2248.3726169806137,1.0,head
h_p22_cp309,-1835.6173814432002,1.0,head
h_p22_cp310,-2248.372616840035,1.0,head
h_p22_cp311,-1835.6173815390275,1.0,head
h_p22_cp312,-2248.3726167325817,1.0,head
h_p22_cp313,-1835.6173816196967,1.0,head
h_p22_cp314,-2248.37261666902,1.0,head
h_p22_cp315,-1835.6173816846594,1.0,head
h_p22_cp316,-2248.37261665611,1.0,head
h_p22_cp317,-1835.617381734863,1.0,head
h_p22_cp318,-2248.3726166953566,1.0,head
h_p22_cp319,-1835.6173817722004,1.0,head
h_p22_cp320,-2248.372616782698,1.0,head
h_p22_cp321,-1835.6173817989882,1.0,head
h_p22_cp322,-2248.3726169092397,1.0,head
h_p22_cp323,-1835.6173818175669,1.0,head
h_p22_cp324,-2248.372617062822,1.0,head
h_p22_cp325,-1835.6173818300426,1.0,head
h_p22_cp326,-2248.3726172300394,1.0,head
h_p22_cp327,-1835.6173818381562,1.0,head
h_p22_cp328,-2248.3726173982127,1.0,head
h_p22_cp329,-1835.617381843243,1.0,head
h_p22_cp330,-2248.372617556924,1.0,head
h_p22_cp331,-1835.6173818462464,1.0,head
h_p22_cp332,-2248.372617698899,1.0,head
h_p22_cp333,-1835.6173818477282,1.0,head
h_p22_cp334,-2248.3726178202387,1.0,head
h_p22_cp335,-1835.617381847836,1.0,head
h_p22_cp336,-2248.372617920181,1.0,head
h_p22_cp337,-1835.6173818461273,1.0,head
h_p22_cp338,-2248.3726180006934,1.0,head
h_p22_cp339,-1835.617381841112,1.0,head
h_p22_cp340,-2248.372618066278,1.0,head
h_p22_cp341,-1835.6173818291836,1.0,head
h_p22_cp342,-2248.3726181244874,1.0,head
h_p22_cp343,-1835.6173818022942,1.0,head
h_p22_cp344,-2248.3726181878797,1.0,head
h_p22_cp345,-1835.617381743067,1.0,head
h_p22_cp346,-2248.3726182786622,1.0,head
h_p22_cp347,-1835.6173816147411,1.0,head
h_p22_cp348,-2248.372618438292,1.0,head
h_p22_cp349,-1835.617381340926,1.0,head
h_p22_cp350,-2248.372618746113,1.0,head
h_p22_cp351,-1835.617380765675,1.0,head
h_p22_cp352,-2248.372619354239,1.0,head
h_p22_cp353,-1835.6173795764425,1.0,head
h_p22_cp354,-2248.3726205510343,1.0,head
h_p22_cp355,-1835.6173771587708,1.0,head
h_p22_cp356,-2248.3726228734595,1.0,head
h_p22_cp357,-1835.61737232885,1.0,head
h_p22_cp358,-2248.3726273004004,1.0,head
h_p22_cp359,-1835.6173628539386,1.0,head
h_p22_cp360,-2248.3726355755803,1.0,head
h_p22_cp361,-1835.617344616093,1.0,head
h_p22_cp362,-2248.372650730146,1.0,head
h_p22_cp363,-1835.617310197117,1.0,head
h_p22_cp364,-2248.3726779007206,1.0,head
h_p22_cp365,-1835.6172465611687,1.0,head
h_p22_cp366,-2248.3727255659333,1.0,head
h_p22_cp367,-1835.6171313937984,1.0,head
h_p22_cp368,-2248.372807347985,1.0,head
h_p22_cp369,-1835.616927549049,1.0,head
h_p22_cp370,-2248.372944536858,1.0,head
h_p22_cp371,-1835.6165750235798,1.0,head
h_p23_cp0,-2248.170933509961,1.0,head
h_p23_cp1,-2248.1709334336388,1.0,head
h_p23_cp2,-2244.050729522637,1.0,head
h_p23_cp3,-2244.0507294650984,1.0,head
h_p23_cp4,-2239.6010363813143,1.0,head
h_p23_cp5,-2239.6010363406185,1.0,head
h_p23_cp6,-2234.910820422058,1.0,head
h_p23_cp7,-2234.9108203950054,1.0,head
h_p23_cp8,-2230.051644973768,1.0,head
h_p23_cp9,-2230.0516449565657,1.0,head
h_p23_cp10,-2225.078031196845,1.0,head
h_p23_cp11,-2225.078031185555,1.0,head
h_p23_cp12,-2220.02953761603,1.0,head
h_p23_cp13,-2220.0295376076497,1.0,head
h_p23_cp14,-2214.9336220019036,1.0,head
h_p23_cp15,-2214.9336219942656,1.0,head
h_p23_cp16,-2209.8085856092257,1.0,head
h_p23_cp17,-2209.8085856004113,1.0,head
h_p23_cp18,-2204.666180019138,1.0,head
h_p23_cp19,-2204.6661800068855,1.0,head
h_p23_cp20,-2199.513695463699,1.0,head
h_p23_cp21,-2199.5136954448562,1.0,head
h_p23_cp22,-2194.3555122174,1.0,head
h_p23_cp23,-2194.355512187352,1.0,head
h_p23_cp24,-2189.194184995093,1.0,head
h_p23_cp25,-2189.1941849470954,1.0,head
h_p23_cp26,-2184.0311630047213,1.0,head
h_p23_cp27,-2184.0311629291627,1.0,head
h_p23_cp28,-2178.867247272116,1.0,head
h_p23_cp29,-2178.8672471557666,1.0,head
h_p23_cp30,-2173.7028699087987,1.0,head
h_p23_cp31,-2173.702869734246,1.0,head
h_p23_cp32,-2168.5382587488293,1.0,head
h_p23_cp33,-2168.538258494384,1.0,head
h_p23_cp34,-2163.373531361565,1.0,head
h_p23_cp35,-2163.373531002034,1.0,head
h_p23_cp36,-2158.208747195521,1.0,head
h_p23_cp37,-2158.2087467043343,1.0,head
h_p23_cp38,-2153.0439357362916,1.0,head
h_p23_cp39,-2153.0439350893744,1.0,head
h_p23_cp40,-2147.8791113408447,1.0,head
h_p23_cp41,-2147.879110522454,1.0,head
h_p23_cp42,-2142.7142808758804,1.0,head
h_p23_cp43,-2142.7142798861396,1.0,head
h_p23_cp44,-2137.5494475686373,1.0,head
h_p23_cp45,-2137.549446431859,1.0,head
h_p23_cp46,-2132.3846129110984,1.0,head
h_p23_cp47,-2132.3846116832215,1.0,head
h_p23_cp48,-2127.219777585514,1.0,head
h_p23_cp49,-2127.2197763583836,1.0,head
h_p23_cp50,-2122.054941907581,1.0,head
h_p23_cp51,-2122.054940807651,1.0,head
h_p23_cp52,-2116.890106035617,1.0,head
h_p23_cp53,-2116.8901052152964,1.0,head
h_p23_cp54,-2111.7252700670497,1.0,head
h_p23_cp55,-2111.7252696884448,1.0,head
h_p23_cp56,-2106.5604340800587,1.0,head
h_p23_cp57,-2106.56043429302,1.0,head
h_p23_cp58,-2101.3955981476956,1.0,head
h_p23_cp59,-2101.395599066274,1.0,head
h_p23_cp60,-2096.2307623377997,1.0,head
h_p23_cp61,-2096.230764020594,1.0,head
h_p23_cp62,-2091.065926706101,1.0,head
h_p23_cp63,-2091.065929145759,1.0,head
h_p23_cp64,-2085.9010912876493,1.0,head
h_p23_cp65,-2085.901094412765,1.0,head
h_p23_cp66,-2080.736256090511,1.0,head
h_p23_cp67,-2080.7362597798096,1.0,head
h_p23_cp68,-2075.5714210944348,1.0,head
h_p23_cp69,-2075.571425199623,1.0,head
h_p23_cp70,-2070.406586255441,1.0,head
h_p23_cp71,-2070.4065906266546,1.0,head
h_p23_cp72,-2065.2417515154357,1.0,head
h_p23_cp73,-2065.241756022784,1.0,head
h_p23_cp74,-2060.076916814366,1.0,head
h_p23_cp75,-2060.07692136068,1.0,head
h_p23_cp76,-2054.912082101831,1.0,head
h_p23_cp77,-2054.9120866247104,1.0,head
h_p23_cp78,-2049.747247345296,1.0,head
h_p23_cp79,-2049.7472518098175,1.0,head
h_p23_cp80,-2044.5824125332979,1.0,head
h_p23_cp81,-2044.5824169191333,1.0,head
h_p23_cp82,-2039.4175776734105,1.0,head
h_p23_cp83,-2039.4175819611323,1.0,head
h_p23_cp84,-2034.2527427861853,1.0,head
h_p23_cp85,-2034.2527469469617,1.0,head
h_p23_cp86,-2029.0879078970859,1.0,head
h_p23_cp87,-2029.0879118883245,1.0,head
h_p23_cp88,-2023.92307302869,1.0,head
h_p23_cp89,-2023.9230767960703,1.0,head
h_p23_cp90,-2018.7582381949783,1.0,head
h_p23_cp91,-2018.7582416794212,1.0,head
h_p23_cp92,-2013.5934033987462,1.0,head
h_p23_cp93,-2013.59340654572,1.0,head
h_p23_cp94,-2008.42856863216,1.0,head
h_p23_cp95,-2008.428571400503,1.0,head
h_p23_cp96,-2003.2637338797258,1.0,head
h_p23_cp97,-2003.2637362477694,1.0,head
h_p23_cp98,-1998.0988991224458,1.0,head
h_p23_cp99,-1998.0989010903152,1.0,head
h_p23_cp100,-1992.9340643419698,1.0,head
h_p23_cp101,-1992.9340659300976,1.0,head
h_p23_cp102,-1987.7692295238255,1.0,head
h_p23_cp103,-1987.7692307686214,1.0,head
h_p23_cp104,-1982.6043946594136,1.0,head
h_p23_cp105,-1982.6043956074402,1.0,head
h_p23_cp106,-1977.4395597469786,1.0,head
h_p23_cp107,-1977.4395604489966,1.0,head
h_p23_cp108,-1972.2747247924558,1.0,head
h_p23_cp109,-1972.2747252983456,1.0,head
h_p23_cp110,-1967.1098898118266,1.0,head
h_p23_cp111,-1967.1098901669484,1.0,head
h_p23_cp112,-1961.9450548381392,1.0,head
h_p23_cp113,-1961.9450550812414,1.0,head
h_p23_cp114,-1956.7802199394273,1.0,head
h_p23_cp115,-1956.7802201019053,1.0,head
h_p23_cp116,-1951.6153852607192,1.0,head
h_p23_cp117,-1951.615385366869,1.0,head
h_p23_cp118,-1946.4505511181233,1.0,head
h_p23_cp119,-1946.4505511859957,1.0,head
h_p23_cp120,-1941.2857182038538,1.0,head
h_p23_cp121,-1941.2857182463797,1.0,head
h_p23_cp122,-1936.1208880244258,1.0,head
h_p23_cp123,-1936.1208880505658,1.0,head
h_p23_cp124,-1930.9560638207047,1.0,head
h_p23_cp125,-1930.9560638364862,1.0,head
h_p23_cp126,-1925.7912524655605,1.0,head
h_p23_cp127,-1925.7912524749277,1.0,head
h_p23_cp128,-1920.6264683049335,1.0,head
h_p23_cp129,-1920.6264683104046,1.0,head
h_p23_cp130,-1915.4617407787027,1.0,head
h_p23_cp131,-1915.4617407818466,1.0,head
h_p23_cp132,-1910.2971292206923,1.0,head
h_p23_cp133,-1910.2971292224674,1.0,head
h_p23_cp134,-1905.1327509482849,1.0,head
h_p23_cp135,-1905.1327509492635,1.0,head
h_p23_cp136,-1899.9688332719018,1.0,head
h_p23_cp137,-1899.96883327242,1.0,head
h_p23_cp138,-1894.805807248958,1.0,head
h_p23_cp139,-1894.8058072492086,1.0,head
h_p23_cp140,-1889.6444718344505,1.0,head
h_p23_cp141,-1889.6444718345413,1.0,head
h_p23_cp142,-1884.4862722593837,1.0,head
h_p23_cp143,-1884.4862722593728,1.0,head
h_p23_cp144,-1879.3337557757793,1.0,head
h_p23_cp145,-1879.3337557756963,1.0,head
h_p23_cp146,-1874.1912889927314,1.0,head
h_p23_cp147,-1874.1912889925916,1.0,head
h_p23_cp148,-1869.0661377696524,1.0,head
h_p23_cp149,-1869.066137769463,1.0,head
h_p23_cp150,-1863.970011442892,1.0,head
h_p23_cp151,-1863.9700114426582,1.0,head
h_p23_cp152,-1858.921140291775,1.0,head
h_p23_cp153,-1858.921140291501,1.0,head
h_p23_cp154,-1853.9468668308843,1.0,head
h_p23_cp155,-1853.9468668305776,1.0,head
h_p23_cp156,-1849.0865692005398,1.0,head
h_p23_cp157,-1849.0865692002078,1.0,head
h_p23_cp158,-1844.3944970592477,1.0,head
h_p23_cp159,-1844.3944970588987,1.0,head
h_p23_cp160,-1839.9418208438904,1.0,head
h_p23_cp161,-1839.9418208435318,1.0,head
h_p23_cp162,-1835.8169586870545,1.0,head
h_p23_cp163,-1835.8169586866914,1.0,head
h_p23_cp164,-2248.170689757495,1.0,head
h_p23_cp165,-1835.817629389127,1.0,head
h_p23_cp166,-2248.1705389931208,1.0,head
h_p23_cp167,-1835.8180317076667,1.0,head
h_p23_cp168,-2248.1704478149677,1.0,head
h_p23_cp169,-1835.8182673864096,1.0,head
h_p23_cp170,-2248.170393883456,1.0,head
h_p23_cp171,-1835.818402357347,1.0,head
h_p23_cp172,-2248.1703626736094,1.0,head
h_p23_cp173,-1835.8184779898556,1.0,head
h_p23_cp174,-2248.1703449964925,1.0,head
h_p23_cp175,-1835.8185194916468,1.0,head
h_p23_cp176,-2248.1703351922833,1.0,head
h_p23_cp177,-1835.8185418088883,1.0,head
h_p23_cp178,-2248.170329864605,1.0,head
h_p23_cp179,-1835.8185535780917,1.0,head
h_p23_cp180,-2248.170327026304,1.0,head
h_p23_cp181,-1835.818559669237,1.0,head
h_p23_cp182,-2248.170325542859,1.0,head
h_p23_cp183,-1835.8185627652533,1.0,head
h_p23_cp184,-2248.170324781627,1.0,head
h_p23_cp185,-1835.8185643117863,1.0,head
h_p23_cp186,-2248.170324397722,1.0,head
h_p23_cp187,-1835.8185650715043,1.0,head
h_p23_cp188,-2248.170324207154,1.0,head
h_p23_cp189,-1835.8185654387369,1.0,head
h_p23_cp190,-2248.1703241137743,1.0,head
h_p23_cp191,-1835.8185656134838,1.0,head
h_p23_cp192,-2248.1703240683246,1.0,head
h_p23_cp193,-1835.8185656953367,1.0,head
h_p23_cp194,-2248.1703240460442,1.0,head
h_p23_cp195,-1835.818565733022,1.0,head
h_p23_cp196,-2248.170324034722,1.0,head
h_p23_cp197,-1835.8185657499764,1.0,head
h_p23_cp198,-2248.170324028463,1.0,head
h_p23_cp199,-1835.8185657572856,1.0,head
h_p23_cp200,-2248.170324024503,1.0,head
h_p23_cp201,-1835.8185657601068,1.0,head
h_p23_cp202,-2248.17032402161,1.0,head
h_p23_cp203,-1835.8185657607978,1.0,head
h_p23_cp204,-2248.1703240192955,1.0,head
h_p23_cp205,-1835.8185657604222,1.0,head
h_p23_cp206,-2248.170324017418,1.0,head
h_p23_cp207,-1835.8185657594581,1.0,head
h_p23_cp208,-2248.1703240159904,1.0,head
h_p23_cp209,-1835.8185657581291,1.0,head
h_p23_cp210,-2248.170324015075,1.0,head
h_p23_cp211,-1835.8185657565548,1.0,head
h_p23_cp212,-2248.1703240147267,1.0,head
h_p23_cp213,-1835.8185657548045,1.0,head
h_p23_cp214,-2248.170324014958,1.0,head
h_p23_cp215,-1835.818565752909,1.0,head
h_p23_cp216,-2248.1703240157312,1.0,head
h_p23_cp217,-1835.818565750831,1.0,head
h_p23_cp218,-2248.1703240169572,1.0,head
h_p23_cp219,-1835.8185657484037,1.0,head
h_p23_cp220,-2248.1703240185057,1.0,head
h_p23_cp221,-1835.8185657452343,1.0,head
h_p23_cp222,-2248.170324020224,1.0,head
h_p23_cp223,-1835.8185657405566,1.0,head
h_p23_cp224,-2248.170324021952,1.0,head
h_p23_cp225,-1835.818565733019,1.0,head
h_p23_cp226,-2248.170324023536,1.0,head
h_p23_cp227,-1835.818565720398,1.0,head
h_p23_cp228,-2248.170324024833,1.0,head
h_p23_cp229,-1835.8185656992098,1.0,head
h_p23_cp230,-2248.1703240257143,1.0,head
h_p23_cp231,-1835.8185656642208,1.0,head
h_p23_cp232,-2248.1703240260454,1.0,head
h_p23_cp233,-1835.818565607881,1.0,head
h_p23_cp234,-2248.170324025676,1.0,head
h_p23_cp235,-1835.8185655197408,1.0,head
h_p23_cp236,-2248.1703240244155,1.0,head
h_p23_cp237,-1835.8185653859898,1.0,head
h_p23_cp238,-2248.1703240220154,1.0,head
h_p23_cp239,-1835.818565189341,1.0,head
h_p23_cp240,-2248.17032401816,1.0,head
h_p23_cp241,-1835.8185649095494,1.0,head
h_p23_cp242,-2248.170324012476,1.0,head
h_p23_cp243,-1835.8185645248952,1.0,head
h_p23_cp244,-2248.1703240045667,1.0,head
h_p23_cp245,-1835.8185640149181,1.0,head
h_p23_cp246,-2248.170323994078,1.0,head
h_p23_cp247,-1835.818563364474,1.0,head
h_p23_cp248,-2248.1703239808003,1.0,head
h_p23_cp249,-1835.8185625688395,1.0,head
h_p23_cp250,-2248.1703239647886,1.0,head
h_p23_cp251,-1835.818561639108,1.0,head
h_p23_cp252,-2248.170323946486,1.0,head
h_p23_cp253,-1835.8185606066086,1.0,head
h_p23_cp254,-2248.170323926801,1.0,head
h_p23_cp255,-1835.8185595247735,1.0,head
h_p23_cp256,-2248.1703239071053,1.0,head
h_p23_cp257,-1835.818558466978,1.0,head
h_p23_cp258,-2248.170323889122,1.0,head
h_p23_cp259,-1835.8185575195598,1.0,head
h_p23_cp260,-2248.1703238746877,1.0,head
h_p23_cp261,-1835.818556770412,1.0,head
h_p23_cp262,-2248.170323865444,1.0,head
h_p23_cp263,-1835.8185562950205,1.0,head
h_p23_cp264,-2248.1703238625114,1.0,head
h_p23_cp265,-1835.8185561429677,1.0,head
h_p23_cp266,-2248.1703238662435,1.0,head
h_p23_cp267,-1835.818556328277,1.0,head
h_p23_cp268,-2248.170323876129,1.0,head
h_p23_cp269,-1835.8185568262393,1.0,head
h_p23_cp270,-2248.170323890863,1.0,head
h_p23_cp271,-1835.8185575776538,1.0,head
h_p23_cp272,-2248.1703239085678,1.0,head
h_p23_cp273,-1835.8185584994033,1.0,head
h_p23_cp274,-2248.1703239270755,1.0,head
h_p23_cp275,-1835.8185594986328,1.0,head
h_p23_cp276,-2248.1703239441845,1.0,head
h_p23_cp277,-1835.8185604871383,1.0,head
h_p23_cp278,-2248.1703239578196,1.0,head
h_p23_cp279,-1835.818561392985,1.0,head
h_p23_cp280,-2248.1703239660496,1.0,head
h_p23_cp281,-1835.8185621675493,1.0,head
h_p23_cp282,-2248.1703239669764,1.0,head
h_p23_cp283,-1835.8185627875778,1.0,head
h_p23_cp284,-2248.170323958539,1.0,head
h_p23_cp285,-1835.8185632529937,1.0,head
h_p23_cp286,-2248.1703239382873,1.0,head
h_p23_cp287,-1835.8185635817938,1.0,head
h_p23_cp288,-2248.1703239032213,1.0,head
h_p23_cp289,-1835.8185638035084,1.0,head
h_p23_cp290,-2248.1703238497403,1.0,head
h_p23_cp291,-1835.818563952502,1.0,head
h_p23_cp292,-2248.170323773799,1.0,head
h_p23_cp293,-1835.8185640620623,1.0,head
h_p23_cp294,-2248.170323671303,1.0,head
h_p23_cp295,-1835.8185641599127,1.0,head
h_p23_cp296,-2248.1703235387786,1.0,head
h_p23_cp297,-1835.8185642655,1.0,head
h_p23_cp298,-2248.1703233742887,1.0,head
h_p23_cp299,-1835.8185643891204,1.0,head
h_p23_cp300,-2248.1703231784886,1.0,head
h_p23_cp301,-1835.8185645326976,1.0,head
h_p23_cp302,-2248.170322955647,1.0,head
h_p23_cp303,-1835.81856469176,1.0,head
h_p23_cp304,-2248.1703227143607,1.0,head
h_p23_cp305,-1835.8185648580375,1.0,head
h_p23_cp306,-2248.1703224676776,1.0,head
h_p23_cp307,-1835.8185650220487,1.0,head
h_p23_cp308,-2248.1703222323767,1.0,head
h_p23_cp309,-1835.8185651752053,1.0,head
h_p23_cp310,-2248.1703220273207,1.0,head
h_p23_cp311,-1835.8185653111495,1.0,head
h_p23_cp312,-2248.1703218710245,1.0,head
h_p23_cp313,-1835.8185654262852,1.0,head
h_p23_cp314,-2248.170321778839,1.0,head
h_p23_cp315,-1835.8185655196482,1.0,head
h_p23_cp316,-2248.170321760363,1.0,head
h_p23_cp317,-1835.8185655923535,1.0,head
h_p23_cp318,-2248.1703218177054,1.0,head
h_p23_cp319,-1835.818565646872,1.0,head
h_p23_cp320,-2248.170321945061,1.0,head
h_p23_cp321,-1835.8185656863282,1.0,head
h_p23_cp322,-2248.1703221297316,1.0,head
h_p23_cp323,-1835.818565713945,1.0,head
h_p23_cp324,-2248.170322354324,1.0,head
h_p23_cp325,-1835.8185657326667,1.0,head
h_p23_cp326,-2248.170322599574,1.0,head
h_p23_cp327,-1835.8185657449606,1.0,head
h_p23_cp328,-2248.170322847139,1.0,head
h_p23_cp329,-1835.818565752746,1.0,head
h_p23_cp330,-2248.1703230817984,1.0,head
h_p23_cp331,-1835.8185657573927,1.0,head
h_p23_cp332,-2248.1703232927557,1.0,head
h_p23_cp333,-1835.81856575973,1.0,head
h_p23_cp334,-2248.1703234740285,1.0,head
h_p23_cp335,-1835.818565759988,1.0,head
h_p23_cp336,-2248.1703236241574,1.0,head
h_p23_cp337,-1835.818565757556,1.0,head
h_p23_cp338,-2248.170323745641,1.0,head
h_p23_cp339,-1835.8185657503502,1.0,head
h_p23_cp340,-2248.17032384461,1.0,head
h_p23_cp341,-1835.8185657333713,1.0,head
h_p23_cp342,-2248.170323931381,1.0,head
h_p23_cp343,-1835.8185656956161,1.0,head
h_p23_cp344,-2248.170324022823,1.0,head
h_p23_cp345,-1835.8185656136877,1.0,head
h_p23_cp346,-2248.1703241480313,1.0,head
h_p23_cp347,-1835.8185654388772,1.0,head
h_p23_cp348,-2248.170324359971,1.0,head
h_p23_cp349,-1835.818565071596,1.0,head
h_p23_cp350,-2248.1703247577457,1.0,head
h_p23_cp351,-1835.8185643118422,1.0,head
h_p23_cp352,-2248.170325527562,1.0,head
h_p23_cp353,-1835.8185627652842,1.0,head
h_p23_cp354,-2248.170327015861,1.0,head
h_p23_cp355,-1835.8185596692497,1.0,head
h_p23_cp356,-2248.170329856277,1.0,head
h_p23_cp357,-1835.8185535780892,1.0,head
h_p23_cp358,-2248.170335183873,1.0,head
h_p23_cp359,-1835.8185418088713,1.0,head
h_p23_cp360,-2248.1703449859797,1.0,head
h_p23_cp361,-1835.8185194916127,1.0,head
h_p23_cp362,-2248.1703626588865,1.0,head
h_p23_cp363,-1835.8184779897988,1.0,head
h_p23_cp364,-2248.1703938621476,1.0,head
h_p23_cp365,-1835.8184023572587,1.0,head
h_p23_cp366,-2248.1704477843605,1.0,head
h_p23_cp367,-1835.8182673862786,1.0,head
h_p23_cp368,-2248.1705389502217,1.0,head
h_p23_cp369,-1835.818031707478,1.0,head
h_p23_cp370,-2248.1706896992455,1.0,head
h_p23_cp371,-1835.8176293888612,1.0,head
h_p24_cp0,-2247.9670027569236,1.0,head
h_p24_cp1,-2247.967002680072,1.0,head
h_p24_cp2,-2243.8940721850836,1.0,head
h_p24_cp3,-2243.8940721262584,1.0,head
h_p24_cp4,-2239.4853158845676,1.0,head
h_p24_cp5,-2239.485315842083,1.0,head
h_p24_cp6,-2234.828476655235,1.0,head
h_p24_cp7,-2234.8284766261486,1.0,head
h_p24_cp8,-2229.995100057239,1.0,head
h_p24_cp9,-2229.995100037958,1.0,head
h_p24_cp10,-2225.040492825695,1.0,head
h_p24_cp11,-2225.0404928124644,1.0,head
h_p24_cp12,-2220.0054032742582,1.0,head
h_p24_cp13,-2220.0054032638823,1.0,head
h_p24_cp14,-2214.918569566846,1.0,head
h_p24_cp15,-2214.9185695566603,1.0,head
h_p24_cp16,-2209.799463592326,1.0,head
h_p24_cp17,-2209.799463579686,1.0,head
h_p24_cp18,-2204.6608003617703,1.0,head
h_p24_cp19,-2204.660800343389,1.0,head
h_p24_cp20,-2199.510603540691,1.0,head
h_p24_cp21,-2199.5106035119325,1.0,head
h_p24_cp22,-2194.353777984428,1.0,head
h_p24_cp23,-2194.353777938512,1.0,head
h_p24_cp24,-2189.1932344995216,1.0,head
h_p24_cp25,-2189.193234426623,1.0,head
h_p24_cp26,-2184.0306533415064,1.0,head
h_p24_cp27,-2184.030653227768,1.0,head
h_p24_cp28,-2178.8669795972464,1.0,head
h_p24_cp29,-2178.866979423838,1.0,head
h_p24_cp30,-2173.702732056136,1.0,head
h_p24_cp31,-2173.702731798633,1.0,head
h_p24_cp32,-2168.538189047394,1.0,head
h_p24_cp33,-2168.5381886758705,1.0,head
h_p24_cp34,-2163.373496701778,1.0,head
h_p24_cp35,-2163.3734961821656,1.0,head
h_p24_cp36,-2158.2087301898187,1.0,head
h_p24_cp37,-2158.20872948713,1.0,head
h_p24_cp38,-2153.043927435881,1.0,head
h_p24_cp39,-2153.0439265197924,1.0,head
h_p24_cp40,-2147.8791072206245,1.0,head
h_p24_cp41,-2147.8791060735975,1.0,head
h_p24_cp42,-2142.714278678456,1.0,head
h_p24_cp43,-2142.7142773059254,1.0,head
h_p24_cp44,-2137.549446174837,1.0,head
h_p24_cp45,-2137.549444616145,1.0,head
h_p24_cp46,-2132.384611762398,1.0,head
h_p24_cp47,-2132.384610100181,1.0,head
h_p24_cp48,-2127.2197763962677,1.0,head
h_p24_cp49,-2127.219774761304,1.0,head
h_p24_cp50,-2122.054940526223,1.0,head
h_p24_cp51,-2122.0549390946644,1.0,head
h_p24_cp52,-2116.890104380808,1.0,head
h_p24_cp53,-2116.8901033616758,1.0,head
h_p24_cp54,-2111.725268100389,1.0,head
h_p24_cp55,-2111.7252677132574,1.0,head
h_p24_cp56,-2106.5604317954903,1.0,head
h_p24_cp57,-2106.5604322410873,1.0,head
h_p24_cp58,-2101.3955955672145,1.0,head
h_p24_cp59,-2101.395596996423,1.0,head
h_p24_cp60,-2096.230759508031,1.0,head
h_p24_cp61,-2096.2307619964104,1.0,head
h_p24_cp62,-2091.0659236931883,1.0,head
h_p24_cp63,-2091.0659272277326,1.0,head
h_p24_cp64,-2085.901088169768,1.0,head
h_p24_cp65,-2085.901092651932,1.0,head
h_p24_cp66,-2080.7362529486504,1.0,head
h_p24_cp67,-2080.736258213357,1.0,head
h_p24_cp68,-2075.57141800294,1.0,head
h_p24_cp69,-2075.5714238487935,1.0,head
h_p24_cp70,-2070.406583274097,1.0,head
h_p24_cp71,-2070.406589496944,1.0,head
h_p24_cp72,-2065.2417486846166,1.0,head
h_p24_cp73,-2065.2417551060194,1.0,head
h_p24_cp74,-2060.076914154049,1.0,head
h_p24_cp75,-2060.0769206383357,1.0,head
h_p24_cp76,-2054.912079614345,1.0,head
h_p24_cp77,-2054.9120860717153,1.0,head
h_p24_cp78,-2049.7472450208415,1.0,head
h_p24_cp79,-2049.74725139819,1.0,head
h_p24_cp80,-2044.58241035669,1.0,head
h_p24_cp81,-2044.582416620995,1.0,head
h_p24_cp82,-2039.4175756304194,1.0,head
h_p24_cp83,-2039.4175817508535,1.0,head
h_p24_cp84,-2034.2527408681267,1.0,head
h_p24_cp85,-2034.2527468024284,1.0,head
h_p24_cp86,-2029.087906102921,1.0,head
h_p24_cp87,-2029.0879117914396,1.0,head
h_p24_cp88,-2023.9230713645918,1.0,head
h_p24_cp89,-2023.9230767326892,1.0,head
h_p24_cp90,-2018.758236671915,1.0,head
h_p24_cp91,-2018.758241638933,1.0,head
h_p24_cp92,-2013.5934020290028,1.0,head
h_p24_cp93,-2013.5934065204578,1.0,head
h_p24_cp94,-2008.428567425807,1.0,head
h_p24_cp95,-2008.4285713851173,1.0,head
h_p24_cp96,-2003.2637328418568,1.0,head
h_p24_cp97,-2003.2637362386558,1.0,head
h_p24_cp98,-1998.0988982516867,1.0,head
h_p24_cp99,-1998.0989010851488,1.0,head
h_p24_cp100,-1992.9340636303696,1.0,head
h_p24_cp101,-1992.9340659275003,1.0,head
h_p24_cp102,-1987.7692289579543,1.0,head
h_p24_cp103,-1987.769230767996,1.0,head
h_p24_cp104,-1982.6043942223434,1.0,head
h_p24_cp105,-1982.604395609048,1.0,head
h_p24_cp106,-1977.43955942089,1.0,head
h_p24_cp107,-1977.4395604544554,1.0,head
h_p24_cp108,-1972.2747245619203,1.0,head
h_p24_cp109,-1972.2747253119812,1.0,head
h_p24_cp110,-1967.1098896684766,1.0,head
h_p24_cp111,-1967.109890198952,1.0,head
h_p24_cp112,-1961.945054788705,1.0,head
h_p24_cp113,-1961.945055154714,1.0,head
h_p24_cp114,-1956.7802200215715,1.0,head
h_p24_cp115,-1956.7802202682062,1.0,head
h_p24_cp116,-1951.6153855759603,1.0,head
h_p24_cp117,-1951.6153857384588,1.0,head
h_p24_cp118,-1946.450551900745,1.0,head
h_p24_cp119,-1946.4505520055504,1.0,head
h_p24_cp120,-1941.285719963477,1.0,head
h_p24_cp121,-1941.285720029724,1.0,head
h_p24_cp122,-1936.1208918358404,1.0,head
h_p24_cp123,-1936.1208918769257,1.0,head
h_p24_cp124,-1930.9560719015046,1.0,head
h_p24_cp125,-1930.9560719265323,1.0,head
h_p24_cp126,-1925.7912693032563,1.0,head
h_p24_cp127,-1925.7912693182468,1.0,head
h_p24_cp128,-1920.6265028071657,1.0,head
h_p24_cp129,-1920.6265028160012,1.0,head
h_p24_cp130,-1915.4618102769905,1.0,head
h_p24_cp131,-1915.4618102821166,1.0,head
h_p24_cp132,-1910.297266732465,1.0,head
h_p24_cp133,-1910.2972667353906,1.0,head
h_p24_cp134,-1905.1330179771273,1.0,head
h_p24_cp135,-1905.1330179787637,1.0,head
h_p24_cp136,-1899.9693416700088,1.0,head
h_p24_cp137,-1899.9693416708972,1.0,head
h_p24_cp138,-1894.8067552724492,1.0,head
h_p24_cp139,-1894.8067552729037,1.0,head
h_p24_cp140,-1889.6462013045289,1.0,head
h_p24_cp141,-1889.6462013047292,1.0,head
h_p24_cp142,-1884.4893551736445,1.0,head
h_p24_cp143,-1884.4893551736898,1.0,head
h_p24_cp144,-1879.339118740096,1.0,head
h_p24_cp145,-1879.3391187400389,1.0,head
h_p24_cp146,-1874.2003807519577,1.0,head
h_p24_cp147,-1874.200380751827,1.0,head
h_p24_cp148,-1869.0811366311564,1.0,head
h_p24_cp149,-1869.0811366309672,1.0,head
h_p24_cp150,-1863.9940532653168,1.0,head
h_p24_cp151,-1863.9940532650778,1.0,head
h_p24_cp152,-1858.9585230745704,1.0,head
h_p24_cp153,-1858.9585230742887,1.0,head
h_p24_cp154,-1854.003157401243,1.0,head
h_p24_cp155,-1854.0031574009265,1.0,head
h_p24_cp156,-1849.1685095099242,1.0,head
h_p24_cp157,-1849.1685095095813,1.0,head
h_p24_cp158,-1844.5095975746883,1.0,head
h_p24_cp159,-1844.5095975743277,1.0,head
h_p24_cp160,-1840.0975563422069,1.0,head
h_p24_cp161,-1840.0975563418358,1.0,head
h_p24_cp162,-1836.0195637188322,1.0,head
h_p24_cp163,-1836.0195637184568,1.0,head
h_p24_cp164,-2247.966740189973,1.0,head
h_p24_cp165,-1836.0203145828877,1.0,head
h_p24_cp166,-2247.966575620545,1.0,head
h_p24_cp167,-1836.020770249438,1.0,head
h_p24_cp168,-2247.9664747301586,1.0,head
h_p24_cp169,-1836.0210404790432,1.0,head
h_p24_cp170,-2247.966414215552,1.0,head
h_p24_cp171,-1836.0211972379002,1.0,head
h_p24_cp172,-2247.966378692572,1.0,head
h_p24_cp173,-1836.02128625708,1.0,head
h_p24_cp174,-2247.966358277222,1.0,head
h_p24_cp175,-1836.0213357786408,1.0,head
h_p24_cp176,-2247.9663467851983,1.0,head
h_p24_cp177,-1836.0213627845708,1.0,head
h_p24_cp178,-2247.9663404457087,1.0,head
h_p24_cp179,-1836.0213772312784,1.0,head
h_p24_cp180,-2247.9663370165713,1.0,head
h_p24_cp181,-1836.0213848172739,1.0,head
h_p24_cp182,-2247.96633519656,1.0,head
h_p24_cp183,-1836.0213887299744,1.0,head
h_p24_cp184,-2247.9663342480135,1.0,head
h_p24_cp185,-1836.0213907135164,1.0,head
h_p24_cp186,-2247.9663337620736,1.0,head
h_p24_cp187,-1836.0213917024694,1.0,head
h_p24_cp188,-2247.9663335169607,1.0,head
h_p24_cp189,-1836.0213921876652,1.0,head
h_p24_cp190,-2247.9663333948347,1.0,head
h_p24_cp191,-1836.0213924219931,1.0,head
h_p24_cp192,-2247.966333334309,1.0,head
h_p24_cp193,-1836.0213925333776,1.0,head
h_p24_cp194,-2247.966333304014,1.0,head
h_p24_cp195,-1836.0213925853975,1.0,head
h_p24_cp196,-2247.966333288226,1.0,head
h_p24_cp197,-1836.0213926091149,1.0,head
h_p24_cp198,-2247.966333279238,1.0,head
h_p24_cp199,-1836.021392619453,1.0,head
h_p24_cp200,-2247.966333273387,1.0,head
h_p24_cp201,-1836.0213926234617,1.0,head
h_p24_cp202,-2247.9663332690257,1.0,head
h_p24_cp203,-1836.021392624415,1.0,head
h_p24_cp204,-2247.966333265499,1.0,head
h_p24_cp205,-1836.0213926238132,1.0,head
h_p24_cp206,-2247.966333262628,1.0,head
h_p24_cp207,-1836.0213926223435,1.0,head
h_p24_cp208,-2247.966333260443,1.0,head
h_p24_cp209,-1836.0213926203314,1.0,head
h_p24_cp210,-2247.9663332590403,1.0,head
h_p24_cp211,-1836.0213926179497,1.0,head
h_p24_cp212,-2247.966333258501,1.0,head
h_p24_cp213,-1836.0213926152971,1.0,head
h_p24_cp214,-2247.966333258845,1.0,head
h_p24_cp215,-1836.0213926124065,1.0,head
h_p24_cp216,-2247.9663332600144,1.0,head
h_p24_cp217,-1836.0213926092001,1.0,head
h_p24_cp218,-2247.966333261875,1.0,head
h_p24_cp219,-1836.0213926053982,1.0,head
h_p24_cp220,-2247.96633326423,1.0,head
h_p24_cp221,-1836.0213926003726,1.0,head
h_p24_cp222,-2247.966333266846,1.0,head
h_p24_cp223,-1836.0213925929252,1.0,head
h_p24_cp224,-2247.9663332694777,1.0,head
h_p24_cp225,-1836.0213925809842,1.0,head
h_p24_cp226,-2247.9663332718847,1.0,head
h_p24_cp227,-1836.0213925611818,1.0,head
h_p24_cp228,-2247.9663332738414,1.0,head
h_p24_cp229,-1836.0213925283074,1.0,head
h_p24_cp230,-2247.966333275135,1.0,head
h_p24_cp231,-1836.0213924746254,1.0,head
h_p24_cp232,-2247.966333275544,1.0,head
h_p24_cp233,-1836.021392389109,1.0,head
h_p24_cp234,-2247.9663332748155,1.0,head
h_p24_cp235,-1836.021392256682,1.0,head
h_p24_cp236,-2247.9663332726345,1.0,head
h_p24_cp237,-1836.0213920576775,1.0,head
h_p24_cp238,-2247.9663332685927,1.0,head
h_p24_cp239,-1836.021391767806,1.0,head
h_p24_cp240,-2247.9663332621903,1.0,head
h_p24_cp241,-1836.0213913590453,1.0,head
h_p24_cp242,-2247.9663332528417,1.0,head
h_p24_cp243,-1836.0213908018634,1.0,head
h_p24_cp244,-2247.9663332399414,1.0,head
h_p24_cp245,-1836.0213900691185,1.0,head
h_p24_cp246,-2247.9663332229707,1.0,head
h_p24_cp247,-1836.021389141673,1.0,head
h_p24_cp248,-2247.9663332016507,1.0,head
h_p24_cp249,-1836.0213880152833,1.0,head
h_p24_cp250,-2247.9663331761294,1.0,head
h_p24_cp251,-1836.021386707696,1.0,head
h_p24_cp252,-2247.9663331471534,1.0,head
h_p24_cp253,-1836.0213852642346,1.0,head
h_p24_cp254,-2247.966333116179,1.0,head
h_p24_cp255,-1836.0213837598365,1.0,head
h_p24_cp256,-2247.9663330853537,1.0,head
h_p24_cp257,-1836.0213822956737,1.0,head
h_p24_cp258,-2247.966333057329,1.0,head
h_p24_cp259,-1836.0213809894349,1.0,head
h_p24_cp260,-2247.966333034907,1.0,head
h_p24_cp261,-1836.0213799599305,1.0,head
h_p24_cp262,-2247.966333020573,1.0,head
h_p24_cp263,-1836.021379308533,1.0,head
h_p24_cp264,-2247.966333016013,1.0,head
h_p24_cp265,-1836.021379101414,1.0,head
h_p24_cp266,-2247.9663330217545,1.0,head
h_p24_cp267,-1836.021379356937,1.0,head
h_p24_cp268,-2247.9663330370195,1.0,head
h_p24_cp269,-1836.0213800415697,1.0,head
h_p24_cp270,-2247.96633305983,1.0,head
h_p24_cp271,-1836.0213810755154,1.0,head
h_p24_cp272,-2247.9663330873304,1.0,head
h_p24_cp273,-1836.0213823466509,1.0,head
h_p24_cp274,-2247.966333116199,1.0,head
h_p24_cp275,-1836.0213837292742,1.0,head
h_p24_cp276,-2247.966333143039,1.0,head
h_p24_cp277,-1836.0213851032727,1.0,head
h_p24_cp278,-2247.9663331646193,1.0,head
h_p24_cp279,-1836.0213863697904,1.0,head
h_p24_cp280,-2247.9663331779266,1.0,head
h_p24_cp281,-1836.021387460951,1.0,head
h_p24_cp282,-2247.966333180017,1.0,head
h_p24_cp283,-1836.0213883429963,1.0,head
h_p24_cp284,-2247.9663331677493,1.0,head
h_p24_cp285,-1836.021389013682,1.0,head
h_p24_cp286,-2247.9663331374754,1.0,head
h_p24_cp287,-1836.0213894956496,1.0,head
h_p24_cp288,-2247.9663330848166,1.0,head
h_p24_cp289,-1836.0213898277225,1.0,head
h_p24_cp290,-2247.9663330046124,1.0,head
h_p24_cp291,-1836.021390055864,1.0,head
h_p24_cp292,-2247.966332891157,1.0,head
h_p24_cp293,-1836.021390225126,1.0,head
h_p24_cp294,-2247.966332738786,1.0,head
h_p24_cp295,-1836.0213903734868,1.0,head
h_p24_cp296,-2247.9663325428464,1.0,head
h_p24_cp297,-1836.021390528063,1.0,head
h_p24_cp298,-2247.9663323009872,1.0,head
h_p24_cp299,-1836.0213907037987,1.0,head
h_p24_cp300,-2247.966332014637,1.0,head
h_p24_cp301,-1836.0213909043716,1.0,head
h_p24_cp302,-2247.966331690391,1.0,head
h_p24_cp303,-1836.0213911247247,1.0,head
h_p24_cp304,-2247.9663313409446,1.0,head
h_p24_cp305,-1836.02139135445,1.0,head
h_p24_cp306,-2247.966330985176,1.0,head
h_p24_cp307,-1836.0213915812217,1.0,head
h_p24_cp308,-2247.966330647065,1.0,head
h_p24_cp309,-1836.0213917936283,1.0,head
h_p24_cp310,-2247.9663303533357,1.0,head
h_p24_cp311,-1836.021391983029,1.0,head
h_p24_cp312,-2247.9663301300507,1.0,head
h_p24_cp313,-1836.021392144359,1.0,head
h_p24_cp314,-2247.9663299987146,1.0,head
h_p24_cp315,-1836.0213922760465,1.0,head
h_p24_cp316,-2247.96632997272,1.0,head
h_p24_cp317,-1836.0213923793497,1.0,head
h_p24_cp318,-2247.966330054973,1.0,head
h_p24_cp319,-1836.0213924574261,1.0,head
h_p24_cp320,-2247.9663302373237,1.0,head
h_p24_cp321,-1836.0213925144085,1.0,head
h_p24_cp322,-2247.9663305019685,1.0,head
h_p24_cp323,-1836.0213925546454,1.0,head
h_p24_cp324,-2247.9663308244662,1.0,head
h_p24_cp325,-1836.021392582173,1.0,head
h_p24_cp326,-2247.966331177628,1.0,head
h_p24_cp327,-1836.0213926004203,1.0,head
h_p24_cp328,-2247.9663315354005,1.0,head
h_p24_cp329,-1836.0213926120882,1.0,head
h_p24_cp330,-2247.966331875957,1.0,head
h_p24_cp331,-1836.021392619126,1.0,head
h_p24_cp332,-2247.9663321835856,1.0,head
h_p24_cp333,-1836.0213926227298,1.0,head
h_p24_cp334,-2247.9663324493094,1.0,head
h_p24_cp335,-1836.0213926232502,1.0,head
h_p24_cp336,-2247.9663326705554,1.0,head
h_p24_cp337,-1836.0213926198592,1.0,head
h_p24_cp338,-2247.966332850385,1.0,head
h_p24_cp339,-1836.0213926096956,1.0,head
h_p24_cp340,-2247.966332996975,1.0,head
h_p24_cp341,-1836.0213925859487,1.0,head
h_p24_cp342,-2247.96633312418,1.0,head
h_p24_cp343,-1836.0213925338237,1.0,head
h_p24_cp344,-2247.9663332543214,1.0,head
h_p24_cp345,-1836.021392422323,1.0,head
h_p24_cp346,-2247.9663334250026,1.0,head
h_p24_cp347,-1836.0213921878944,1.0,head
h_p24_cp348,-2247.9663337030074,1.0,head
h_p24_cp349,-1836.0213917026208,1.0,head
h_p24_cp350,-2247.9663342105396,1.0,head
h_p24_cp351,-1836.0213907136115,1.0,head
h_p24_cp352,-2247.9663351727017,1.0,head
h_p24_cp353,-1836.0213887300295,1.0,head
h_p24_cp354,-2247.9663370007434,1.0,head
h_p24_cp355,-1836.0213848173007,1.0,head
h_p24_cp356,-2247.9663404339185,1.0,head
h_p24_cp357,-1836.0213772312834,1.0,head
h_p24_cp358,-2247.96634677442,1.0,head
h_p24_cp359,-1836.021362784557,1.0,head
h_p24_cp360,-2247.9663582649,1.0,head
h_p24_cp361,-1836.021335778607,1.0,head
h_p24_cp362,-2247.9663786762703,1.0,head
h_p24_cp363,-1836.0212862570204,1.0,head
h_p24_cp364,-2247.9664141927205,1.0,head
h_p24_cp365,-1836.0211972378072,1.0,head
h_p24_cp366,-2247.9664746980384,1.0,head
h_p24_cp367,-1836.0210404789052,1.0,head
h_p24_cp368,-2247.966575576218,1.0,head
h_p24_cp369,-1836.02077024924,1.0,head
h_p24_cp370,-2247.96674013058,1.0,head
h_p24_cp371,-1836.0203145826106,1.0,head
h_p25_cp0,-2247.7616574735284,1.0,head
h_p25_cp1,-2247.7616573962605,1.0,head
h_p25_cp2,-2243.734754514783,1.0,head
h_p25_cp3,-2243.734754454822,1.0,head
h_p25_cp4,-2239.3663190121893,1.0,head
h_p25_cp5,-2239.3663189680246,1.0,head
h_p25_cp6,-2234.742772965526,1.0,head
h_p25_cp7,-2234.7427729344236,1.0,head
h_p25_cp8,-2229.935482753447,1.0,head
h_p25_cp9,-2229.9354827319676,1.0,head
h_p25_cp10,-2225.000371881634,1.0,head
h_p25_cp11,-2225.0003718660914,1.0,head
h_p25_cp12,-2219.979239421273,1.0,head
h_p25_cp13,-2219.97923940821,1.0,head
h_p25_cp14,-2214.9020099707895,1.0,head
h_p25_cp15,-2214.9020099569234,1.0,head
h_p25_cp16,-2209.789275913136,1.0,head
h_p25_cp17,-2209.789275894846,1.0,head
h_p25_cp18,-2204.654699250108,1.0,head
h_p25_cp19,-2204.654699222673,1.0,head
h_p25_cp20,-2199.507041897755,1.0,head
h_p25_cp21,-2199.5070418544433,1.0,head
h_p25_cp22,-2194.3517485867587,1.0,head
h_p25_cp23,-2194.351748517771,1.0,head
h_p25_cp24,-2189.1921044543506,1.0,head
h_p25_cp25,-2189.1921043456086,1.0,head
h_p25_cp26,-2184.0300376770515,1.0,head
h_p25_cp27,-2184.030037508923,1.0,head
h_p25_cp28,-2178.866651050078,1.0,head
h_p25_cp29,-2178.866650796231,1.0,head
h_p25_cp30,-2173.70256013101,1.0,head
h_p25_cp31,-2173.702559757776,1.0,head
h_p25_cp32,-2168.538100718227,1.0,head
h_p25_cp33,-2168.5381001850315,1.0,head
h_p25_cp34,-2163.3734520697158,1.0,head
h_p25_cp35,-2163.3734513312925,1.0,head
h_p25_cp36,-2158.208707934187,1.0,head
h_p25_cp37,-2158.208706945319,1.0,head
h_p25_cp38,-2153.0439163923943,1.0,head
h_p25_cp39,-2153.0439151157716,1.0,head
h_p25_cp40,-2147.879101646184,1.0,head
h_p25_cp41,-2147.8791000634733,1.0,head
h_p25_cp42,-2142.7142756590847,1.0,head
h_p25_cp43,-2142.71427378446,1.0,head
h_p25_cp44,-2137.5494442419936,1.0,head
h_p25_cp45,-2137.5494421362505,1.0,head
h_p25_cp46,-2132.3846101723343,1.0,head
h_p25_cp47,-2132.384607954516,1.0,head
h_p25_cp48,-2127.21977476446,1.0,head
h_p25_cp49,-2127.2197726171235,1.0,head
h_p25_cp50,-2122.0549386478056,1.0,head
h_p25_cp51,-2122.0549368120905,1.0,head
h_p25_cp52,-2116.8901021462643,1.0,head
h_p25_cp53,-2116.8901009042906,1.0,head
h_p25_cp54,-2111.7252654585113,1.0,head
h_p25_cp55,-2111.7252651033023,1.0,head
h_p25_cp56,-2106.560428738305,1.0,head
h_p25_cp57,-2106.560429535039,1.0,head
h_p25_cp58,-2101.3955921234647,1.0,head
h_p25_cp59,-2101.3955942692432,1.0,head
h_p25_cp60,-2096.2307557381746,1.0,head
h_p25_cp61,-2096.230759329425,1.0,head
h_p25_cp62,-2091.0659196825577,1.0,head
h_p25_cp63,-2091.065924698525,1.0,head
h_p25_cp64,-2085.9010840189603,1.0,head
h_p25_cp65,-2085.901090326233,1.0,head
h_p25_cp66,-2080.7362487618984,1.0,head
h_p25_cp67,-2080.736256139436,1.0,head
h_p25_cp68,-2075.5714138762605,1.0,head
h_p25_cp69,-2075.571422054731,1.0,head
h_p25_cp70,-2070.406579285377,1.0,head
h_p25_cp71,-2070.406587990759,1.0,head
h_p25_cp72,-2065.2417448874767,1.0,head
h_p25_cp73,-2065.2417538781783,1.0,head
h_p25_cp74,-2060.0769105764775,1.0,head
h_p25_cp75,-2060.076919665842,1.0,head
h_p25_cp76,-2054.9120762619605,1.0,head
h_p25_cp77,-2054.9120853228665,1.0,head
h_p25_cp78,-2049.747241883606,1.0,head
h_p25_cp79,-2049.74725083719,1.0,head
h_p25_cp80,-2044.5824074172203,1.0,head
h_p25_cp81,-2044.5824162118254,1.0,head
h_p25_cp82,-2039.417572871877,1.0,head
h_p25_cp83,-2039.4175814600942,1.0,head
h_p25_cp84,-2034.2527382800297,1.0,head
h_p25_cp85,-2034.2527466009763,1.0,head
h_p25_cp86,-2029.0879036839297,1.0,head
h_p25_cp87,-2029.087911655254,1.0,head
h_p25_cp88,-2023.9230691221608,1.0,head
h_p25_cp89,-2023.9230766428004,1.0,head
h_p25_cp90,-2018.7582346194563,1.0,head
h_p25_cp91,-2018.7582415809702,1.0,head
h_p25_cp92,-2013.5934001816618,1.0,head
h_p25_cp93,-2013.5934064839319,1.0,head
h_p25_cp94,-2008.428565796085,1.0,head
h_p25_cp95,-2008.4285713626355,1.0,head
h_p25_cp96,-2003.263731436122,1.0,head
h_p25_cp97,-2003.2637362251892,1.0,head
h_p25_cp98,-1998.0988970682122,1.0,head
h_p25_cp99,-1998.0989010774251,1.0,head
h_p25_cp100,-1992.934062659089,1.0,head
h_p25_cp101,-1992.9340659235738,1.0,head
h_p25_cp102,-1987.7692281817656,1.0,head
h_p25_cp103,-1987.7692307670397,1.0,head
h_p25_cp104,-1982.604393619594,1.0,head
h_p25_cp105,-1982.6043956114897,1.0,head
h_p25_cp106,-1977.4395589687713,1.0,head
h_p25_cp107,-1977.4395604627118,1.0,head
h_p25_cp108,-1972.2747242408873,1.0,head
h_p25_cp109,-1972.2747253323923,1.0,head
h_p25_cp110,-1967.1098894686884,1.0,head
h_p25_cp111,-1967.1098902462275,1.0,head
h_p25_cp112,-1961.9450547211302,1.0,head
h_p25_cp113,-1961.9450552616913,1.0,head
h_p25_cp114,-1956.7802201396078,1.0,head
h_p25_cp115,-1956.780220506758,1.0,head
h_p25_cp116,-1951.6153860196023,1.0,head
h_p25_cp117,-1951.6153862634917,1.0,head
h_p25_cp118,-1946.4505529873775,1.0,head
h_p25_cp119,-1946.450553146003,1.0,head
h_p25_cp120,-1941.2857223723672,1.0,head
h_p25_cp121,-1941.2857224734942,1.0,head
h_p25_cp122,-1936.1208969764862,1.0,head
h_p25_cp123,-1936.1208970397502,1.0,head
h_p25_cp124,-1930.9560826345053,1.0,head
h_p25_cp125,-1930.9560826733816,1.0,head
h_p25_cp126,-1925.791291321101,1.0,head
h_p25_cp127,-1925.7912913445916,1.0,head
h_p25_cp128,-1920.6265472191035,1.0,head
h_p25_cp129,-1920.6265472330717,1.0,head
h_p25_cp130,-1915.4618983301607,1.0,head
h_p25_cp131,-1915.4618983383389,1.0,head
h_p25_cp132,-1910.2974382077184,1.0,head
h_p25_cp133,-1910.2974382124314,1.0,head
h_p25_cp134,-1905.1333456909751,1.0,head
h_p25_cp135,-1905.1333456936438,1.0,head
h_p25_cp136,-1899.9699557323756,1.0,head
h_p25_cp137,-1899.9699557338508,1.0,head
h_p25_cp138,-1894.807882238149,1.0,head
h_p25_cp139,-1894.8078822389318,1.0,head
h_p25_cp140,-1889.6482248613254,1.0,head
h_p25_cp141,-1889.648224861705,1.0,head
h_p25_cp142,-1884.4929059370925,1.0,head
h_p25_cp143,-1884.4929059372323,1.0,head
h_p25_cp144,-1879.345199995389,1.0,head
h_p25_cp145,-1879.3451999953793,1.0,head
h_p25_cp146,-1874.2105329750755,1.0,head
h_p25_cp147,-1874.2105329749659,1.0,head
h_p25_cp148,-1869.097634372428,1.0,head
h_p25_cp149,-1869.0976343722452,1.0,head
h_p25_cp150,-1864.0201118465454,1.0,head
h_p25_cp151,-1864.0201118463046,1.0,head
h_p25_cp152,-1858.9984695100625,1.0,head
h_p25_cp153,-1858.9984695097744,1.0,head
h_p25_cp154,-1854.062493418062,1.0,head
h_p25_cp155,-1854.0624934177365,1.0,head
h_p25_cp156,-1849.2537730869115,1.0,head
h_p25_cp157,-1849.2537730865579,1.0,head
h_p25_cp158,-1844.6279270280734,1.0,head
h_p25_cp159,-1844.6279270277012,1.0,head
h_p25_cp160,-1840.255894018692,1.0,head
h_p25_cp161,-1840.2558940183092,1.0,head
h_p25_cp162,-1836.223515988276,1.0,head
h_p25_cp163,-1836.2235159878883,1.0,head
h_p25_cp164,-2247.7613761314183,1.0,head
h_p25_cp165,-1836.2243513236895,1.0,head
h_p25_cp166,-2247.761197563523,1.0,head
h_p25_cp167,-1836.2248638526323,1.0,head
h_p25_cp168,-2247.7610866694517,1.0,head
h_p25_cp169,-1836.2251713608557,1.0,head
h_p25_cp170,-2247.761019267891,1.0,head
h_p25_cp171,-1836.2253519314695,1.0,head
h_p25_cp172,-2247.7609791617724,1.0,head
h_p25_cp173,-1836.2254557778963,1.0,head
h_p25_cp174,-2247.7609557907367,1.0,head
h_p25_cp175,-1836.2255143060518,1.0,head
h_p25_cp176,-2247.7609424478046,1.0,head
h_p25_cp177,-1836.2255466530025,1.0,head
h_p25_cp178,-2247.7609349808927,1.0,head
h_p25_cp179,-1836.2255641943445,1.0,head
h_p25_cp180,-2247.760930882742,1.0,head
h_p25_cp181,-1836.2255735337678,1.0,head
h_p25_cp182,-2247.7609286754086,1.0,head
h_p25_cp183,-1836.2255784188455,1.0,head
h_p25_cp184,-2247.760927507746,1.0,head
h_p25_cp185,-1836.2255809306141,1.0,head
h_p25_cp186,-2247.7609269004456,1.0,head
h_p25_cp187,-1836.2255822008815,1.0,head
h_p25_cp188,-2247.760926589335,1.0,head
h_p25_cp189,-1836.2255828330551,1.0,head
h_p25_cp190,-2247.7609264317857,1.0,head
h_p25_cp191,-1836.2255831427499,1.0,head
h_p25_cp192,-2247.7609263522995,1.0,head
h_p25_cp193,-1836.225583292051,1.0,head
h_p25_cp194,-2247.7609263116788,1.0,head
h_p25_cp195,-1836.2255833627412,1.0,head
h_p25_cp196,-2247.760926289972,1.0,head
h_p25_cp197,-1836.2255833953827,1.0,head
h_p25_cp198,-2247.7609262772517,1.0,head
h_p25_cp199,-1836.2255834097584,1.0,head
h_p25_cp200,-2247.760926268743,1.0,head
h_p25_cp201,-1836.2255834153523,1.0,head
h_p25_cp202,-2247.760926262279,1.0,head
h_p25_cp203,-1836.2255834166383,1.0,head
h_p25_cp204,-2247.760926257004,1.0,head
h_p25_cp205,-1836.2255834156967,1.0,head
h_p25_cp206,-2247.7609262526958,1.0,head
h_p25_cp207,-1836.2255834134955,1.0,head
h_p25_cp208,-2247.7609262494134,1.0,head
h_p25_cp209,-1836.2255834105015,1.0,head
h_p25_cp210,-2247.7609262473025,1.0,head
h_p25_cp211,-1836.225583406961,1.0,head
h_p25_cp212,-2247.7609262464825,1.0,head
h_p25_cp213,-1836.2255834030084,1.0,head
h_p25_cp214,-2247.7609262469828,1.0,head
h_p25_cp215,-1836.2255833986717,1.0,head
h_p25_cp216,-2247.760926248717,1.0,head
h_p25_cp217,-1836.225583393806,1.0,head
h_p25_cp218,-2247.760926251487,1.0,head
h_p25_cp219,-1836.2255833879558,1.0,head
h_p25_cp220,-2247.7609262549986,1.0,head
h_p25_cp221,-1836.2255833801387,1.0,head
h_p25_cp222,-2247.7609262589044,1.0,head
h_p25_cp223,-1836.2255833685258,1.0,head
h_p25_cp224,-2247.760926262832,1.0,head
h_p25_cp225,-1836.225583350003,1.0,head
h_p25_cp226,-2247.7609262664155,1.0,head
h_p25_cp227,-1836.2255833195734,1.0,head
h_p25_cp228,-2247.7609262693036,1.0,head
h_p25_cp229,-1836.2255832695967,1.0,head
h_p25_cp230,-2247.7609262711558,1.0,head
h_p25_cp231,-1836.225583188865,1.0,head
h_p25_cp232,-2247.760926271615,1.0,head
h_p25_cp233,-1836.2255830615825,1.0,head
h_p25_cp234,-2247.7609262702713,1.0,head
h_p25_cp235,-1836.2255828664152,1.0,head
h_p25_cp236,-2247.760926266617,1.0,head
h_p25_cp237,-1836.2255825758766,1.0,head
h_p25_cp238,-2247.760926260011,1.0,head
h_p25_cp239,-1836.2255821564727,1.0,head
h_p25_cp240,-2247.7609262496762,1.0,head
h_p25_cp241,-1836.2255815701305,1.0,head
h_p25_cp242,-2247.7609262347273,1.0,head
h_p25_cp243,-1836.2255807774393,1.0,head
h_p25_cp244,-2247.760926214271,1.0,head
h_p25_cp245,-1836.2255797430944,1.0,head
h_p25_cp246,-2247.7609261875687,1.0,head
h_p25_cp247,-1836.225578443514,1.0,head
h_p25_cp248,-2247.760926154275,1.0,head
h_p25_cp249,-1836.2255768759687,1.0,head
h_p25_cp250,-2247.7609261147013,1.0,head
h_p25_cp251,-1836.2255750677343,1.0,head
h_p25_cp252,-2247.7609260700647,1.0,head
h_p25_cp253,-1836.225573083024,1.0,head
h_p25_cp254,-2247.7609260226304,1.0,head
h_p25_cp255,-1836.2255710250652,1.0,head
h_p25_cp256,-2247.7609259756637,1.0,head
h_p25_cp257,-1836.2255690310228,1.0,head
h_p25_cp258,-2247.7609259331416,1.0,head
h_p25_cp259,-1836.2255672587394,1.0,head
h_p25_cp260,-2247.7609258992284,1.0,head
h_p25_cp261,-1836.2255658662937,1.0,head
h_p25_cp262,-2247.760925877585,1.0,head
h_p25_cp263,-1836.2255649877166,1.0,head
h_p25_cp264,-2247.7609258706857,1.0,head
h_p25_cp265,-1836.2255647099703,1.0,head
h_p25_cp266,-2247.7609258792954,1.0,head
h_p25_cp267,-1836.2255650567258,1.0,head
h_p25_cp268,-2247.760925902259,1.0,head
h_p25_cp269,-1836.2255659831885,1.0,head
h_p25_cp270,-2247.760925936651,1.0,head
h_p25_cp271,-1836.2255673834552,1.0,head
h_p25_cp272,-2247.7609259782353,1.0,head
h_p25_cp273,-1836.225569108621,1.0,head
h_p25_cp274,-2247.760926022052,1.0,head
h_p25_cp275,-1836.225570991195,1.0,head
h_p25_cp276,-2247.760926062989,1.0,head
h_p25_cp277,-1836.2255728702326,1.0,head
h_p25_cp278,-2247.7609260961453,1.0,head
h_p25_cp279,-1836.2255746121134,1.0,head
h_p25_cp280,-2247.760926116928,1.0,head
h_p25_cp281,-1836.2255761237252,1.0,head
h_p25_cp282,-2247.7609261208713,1.0,head
h_p25_cp283,-1836.225577357076,1.0,head
h_p25_cp284,-2247.760926103279,1.0,head
h_p25_cp285,-1836.2255783062985,1.0,head
h_p25_cp286,-2247.7609260588138,1.0,head
h_p25_cp287,-1836.2255789991955,1.0,head
h_p25_cp288,-2247.7609259811943,1.0,head
h_p25_cp289,-1836.2255794858586,1.0,head
h_p25_cp290,-2247.7609258631533,1.0,head
h_p25_cp291,-1836.2255798266863,1.0,head
h_p25_cp292,-2247.7609256967917,1.0,head
h_p25_cp293,-1836.225580081609,1.0,head
h_p25_cp294,-2247.7609254744293,1.0,head
h_p25_cp295,-1836.2255803017654,1.0,head
h_p25_cp296,-2247.7609251899707,1.0,head
h_p25_cp297,-1836.2255805243067,1.0,head
h_p25_cp298,-2247.7609248407043,1.0,head
h_p25_cp299,-1836.2255807704735,1.0,head
h_p25_cp300,-2247.7609244293185,1.0,head
h_p25_cp301,-1836.225581046601,1.0,head
h_p25_cp302,-2247.760923965756,1.0,head
h_p25_cp303,-1836.2255813472957,1.0,head
h_p25_cp304,-2247.7609234684,1.0,head
h_p25_cp305,-1836.2255816597756,1.0,head
h_p25_cp306,-2247.76092296408,1.0,head
h_p25_cp307,-1836.2255819683405,1.0,head
h_p25_cp308,-2247.7609224864723,1.0,head
h_p25_cp309,-1836.225582258123,1.0,head
h_p25_cp310,-2247.7609220728004,1.0,head
h_p25_cp311,-1836.2255825176135,1.0,head
h_p25_cp312,-2247.760921759138,1.0,head
h_p25_cp313,-1836.2255827398385,1.0,head
h_p25_cp314,-2247.7609215751177,1.0,head
h_p25_cp315,-1836.2255829223757,1.0,head
h_p25_cp316,-2247.7609215391194,1.0,head
h_p25_cp317,-1836.2255830665736,1.0,head
h_p25_cp318,-2247.760921655089,1.0,head
h_p25_cp319,-1836.2255831763891,1.0,head
h_p25_cp320,-2247.760921911777,1.0,head
h_p25_cp321,-1836.2255832571866,1.0,head
h_p25_cp322,-2247.760922284634,1.0,head
h_p25_cp323,-1836.225583314727,1.0,head
h_p25_cp324,-2247.760922739882,1.0,head
h_p25_cp325,-1836.2255833544418,1.0,head
h_p25_cp326,-2247.7609232397945,1.0,head
h_p25_cp327,-1836.225583381009,1.0,head
h_p25_cp328,-2247.760923747991,1.0,head
h_p25_cp329,-1836.2255833981558,1.0,head
h_p25_cp330,-2247.7609242337157,1.0,head
h_p25_cp331,-1836.225583408604,1.0,head
h_p25_cp332,-2247.7609246745146,1.0,head
h_p25_cp333,-1836.225583414045,1.0,head
h_p25_cp334,-2247.760925057199,1.0,head
h_p25_cp335,-1836.225583414999,1.0,head
h_p25_cp336,-2247.760925377483,1.0,head
h_p25_cp337,-1836.225583410362,1.0,head
h_p25_cp338,-2247.7609256389637,1.0,head
h_p25_cp339,-1836.2255833962697,1.0,head
h_p25_cp340,-2247.7609258523376,1.0,head
h_p25_cp341,-1836.225583363594,1.0,head
h_p25_cp342,-2247.760926035909,1.0,head
h_p25_cp343,-1836.2255832927497,1.0,head
h_p25_cp344,-2247.760926218807,1.0,head
h_p25_cp345,-1836.2255831432724,1.0,head
h_p25_cp346,-2247.760926449025,1.0,head
h_p25_cp347,-1836.2255828334223,1.0,head
h_p25_cp348,-2247.760926809771,1.0,head
h_p25_cp349,-1836.2255822011266,1.0,head
h_p25_cp350,-2247.760927449986,1.0,head
h_p25_cp351,-1836.2255809307705,1.0,head
h_p25_cp352,-2247.760928638721,1.0,head
h_p25_cp353,-1836.2255784189394,1.0,head
h_p25_cp354,-2247.760930858855,1.0,head
h_p25_cp355,-1836.2255735338176,1.0,head
h_p25_cp356,-2247.760934963995,1.0,head
h_p25_cp357,-1836.2255641943623,1.0,head
h_p25_cp358,-2247.7609424336656,1.0,head
h_p25_cp359,-1836.2255466529941,1.0,head
h_p25_cp360,-2247.7609557760247,1.0,head
h_p25_cp361,-1836.2255143060192,1.0,head
h_p25_cp362,-2247.7609791435734,1.0,head
h_p25_cp363,-1836.2254557778354,1.0,head
h_p25_cp364,-2247.761019243391,1.0,head
h_p25_cp365,-1836.2253519313722,1.0,head
h_p25_cp366,-2247.761086635795,1.0,head
h_p25_cp367,-1836.225171360711,1.0,head
h_p25_cp368,-2247.7611975178343,1.0,head
h_p25_cp369,-1836.2248638524259,1.0,head
h_p25_cp370,-2247.761376071004,1.0,head
h_p25_cp371,-1836.2243513234025,1.0,head
h_p26_cp0,-2247.5551456180006,1.0,head
h_p26_cp1,-2247.5551455396258,1.0,head
h_p26_cp2,-2243.5730448307,1.0,head
h_p26_cp3,-2243.573044768574,1.0,head
h_p26_cp4,-2239.244280029325,1.0,head
h_p26_cp5,-2239.2442799831288,1.0,head
h_p26_cp6,-2234.6538793475393,1.0,head
h_p26_cp7,-2234.653879314399,1.0,head
h_p26_cp8,-2229.872892080897,1.0,head
h_p26_cp9,-2229.8728920574295,1.0,head
h_p26_cp10,-2224.95770622774,1.0,head
h_p26_cp11,-2224.9577062104486,1.0,head
h_p26_cp12,-2219.951040450801,1.0,head
h_p26_cp13,-2219.951040434842,1.0,head
h_p26_cp14,-2214.883912594775,1.0,head
h_p26_cp15,-2214.8839125760005,1.0,head
h_p26_cp16,-2209.7779819533994,1.0,head
h_p26_cp17,-2209.777981927034,1.0,head
h_p26_cp18,-2204.6478361335817,1.0,head
h_p26_cp19,-2204.647836093039,1.0,head
h_p26_cp20,-2199.50297549404,1.0,head
h_p26_cp21,-2199.5029754297466,1.0,head
h_p26_cp22,-2194.3493964893,1.0,head
h_p26_cp23,-2194.3493963873266,1.0,head
h_p26_cp24,-2189.1907747040273,1.0,head
h_p26_cp25,-2189.190774544535,1.0,head
h_p26_cp26,-2184.029302073142,1.0,head
h_p26_cp27,-2184.0293018287707,1.0,head
h_p26_cp28,-2178.8662524400943,1.0,head
h_p26_cp29,-2178.8662520746134,1.0,head
h_p26_cp30,-2173.7023483164307,1.0,head
h_p26_cp31,-2173.702347784172,1.0,head
h_p26_cp32,-2168.537990208119,1.0,head
h_p26_cp33,-2168.537989454948,1.0,head
h_p26_cp34,-2163.3733953599426,1.0,head
h_p26_cp35,-2163.3733943266743,1.0,head
h_p26_cp36,-2158.2086792105515,1.0,head
h_p26_cp37,-2158.208677839747,1.0,head
h_p26_cp38,-2153.043901910208,1.0,head
h_p26_cp39,-2153.0439001569976,1.0,head
h_p26_cp40,-2147.8790942167266,1.0,head
h_p26_cp41,-2147.8790920636275,1.0,head
h_p26_cp42,-2142.7142715746245,1.0,head
h_p26_cp43,-2142.714269049208,1.0,head
h_p26_cp44,-2137.549441604157,1.0,head
h_p26_cp45,-2137.549438796971,1.0,head
h_p26_cp46,-2132.384608005862,1.0,head
h_p26_cp47,-2132.3846050845846,1.0,head
h_p26_cp48,-2127.219772559706,1.0,head
h_p26_cp49,-2127.219769774586,1.0,head
h_p26_cp50,-2122.054936131986,1.0,head
h_p26_cp51,-2122.0549338078727,1.0,head
h_p26_cp52,-2116.890099173921,1.0,head
h_p26_cp53,-2116.8900976860355,1.0,head
h_p26_cp54,-2111.72526196211,1.0,head
h_p26_cp55,-2111.7252616961914,1.0,head
h_p26_cp56,-2106.560424707277,1.0,head
h_p26_cp57,-2106.5604260092523,1.0,head
h_p26_cp58,-2101.3955875946776,1.0,head
h_p26_cp59,-2101.39559071913,1.0,head
h_p26_cp60,-2096.230750788815,1.0,head
h_p26_cp61,-2096.2307558577813,1.0,head
h_p26_cp62,-2091.065914421117,1.0,head
h_p26_cp63,-2091.0659214037064,1.0,head
h_p26_cp64,-2085.90107857307,1.0,head
h_p26_cp65,-2085.901087291911,1.0,head
h_p26_cp66,-2080.7362432638515,1.0,head
h_p26_cp67,-2080.736253427508,1.0,head
h_p26_cp68,-2075.5714084483566,1.0,head
h_p26_cp69,-2075.571419701808,1.0,head
h_p26_cp70,-2070.406574027665,1.0,head
h_p26_cp71,-2070.406586008189,1.0,head
h_p26_cp72,-2065.2417398701086,1.0,head
h_p26_cp73,-2065.241752255036,1.0,head
h_p26_cp74,-2060.076905837851,1.0,head
h_p26_cp75,-2060.0769183739135,1.0,head
h_p26_cp76,-2054.912071812518,1.0,head
h_p26_cp77,-2054.9120843225387,1.0,head
h_p26_cp78,-2049.747237713883,1.0,head
h_p26_cp79,-2049.747250083222,1.0,head
h_p26_cp80,-2044.5824035079272,1.0,head
h_p26_cp81,-2044.5824156582605,1.0,head
h_p26_cp82,-2039.417569203575,1.0,head
h_p26_cp83,-2039.417581063915,1.0,head
h_p26_cp84,-2034.2527348403755,1.0,head
h_p26_cp85,-2034.2527463243907,1.0,head
h_p26_cp86,-2029.0879004712942,1.0,head
h_p26_cp87,-2029.0879114667664,1.0,head
h_p26_cp88,-2023.9230661454435,1.0,head
h_p26_cp89,-2023.92307651733,1.0,head
h_p26_cp90,-2018.7582318948132,1.0,head
h_p26_cp91,-2018.7582414993385,1.0,head
h_p26_cp92,-2013.5933977274638,1.0,head
h_p26_cp93,-2013.5934064320072,1.0,head
h_p26_cp94,-2008.428563627584,1.0,head
h_p26_cp95,-2008.4285713303607,1.0,head
h_p26_cp96,-2003.2637295611128,1.0,head
h_p26_cp97,-2003.2637362056594,1.0,head
h_p26_cp98,-1998.0988954845063,1.0,head
h_p26_cp99,-1998.0989010661124,1.0,head
h_p26_cp100,-1992.9340613540962,1.0,head
h_p26_cp101,-1992.934065917776,1.0,head
h_p26_cp102,-1987.769227134015,1.0,head
h_p26_cp103,-1987.7692307656341,1.0,head
h_p26_cp104,-1982.604392801819,1.0,head
h_p26_cp105,-1982.6043956151545,1.0,head
h_p26_cp106,-1977.43955835227,1.0,head
h_p26_cp107,-1977.4395604749882,1.0,head
h_p26_cp108,-1972.2747238013937,1.0,head
h_p26_cp109,-1972.2747253624045,1.0,head
h_p26_cp110,-1967.1098891950992,1.0,head
h_p26_cp111,-1967.1098903148343,1.0,head
h_p26_cp112,-1961.9450546305864,1.0,head
h_p26_cp113,-1961.9450554147686,1.0,head
h_p26_cp114,-1956.7802203065016,1.0,head
h_p26_cp115,-1956.78022084321,1.0,head
h_p26_cp116,-1951.615386633866,1.0,head
h_p26_cp117,-1951.6153869932236,1.0,head
h_p26_cp118,-1946.450554472206,1.0,head
h_p26_cp119,-1946.4505547078422,1.0,head
h_p26_cp120,-1941.2857256192922,1.0,head
h_p26_cp121,-1941.2857257707683,1.0,head
h_p26_cp122,-1936.120903806555,1.0,head
h_p26_cp123,-1936.1209039021182,1.0,head
h_p26_cp124,-1930.9560966849865,1.0,head
h_p26_cp125,-1930.9560967442137,1.0,head
h_p26_cp126,-1925.7913197136518,1.0,head
h_p26_cp127,-1925.791319749747,1.0,head
h_p26_cp128,-1920.626603625904,1.0,head
h_p26_cp129,-1920.6266036475533,1.0,head
h_p26_cp130,-1915.4620084702442,1.0,head
h_p26_cp131,-1915.4620084830312,1.0,head
h_p26_cp132,-1910.2976494360162,1.0,head
h_p26_cp133,-1910.2976494434538,1.0,head
h_p26_cp134,-1905.1337432392017,1.0,head
h_p26_cp135,-1905.133743243458,1.0,head
h_p26_cp136,-1899.9706893315908,1.0,head
h_p26_cp137,-1899.970689333978,1.0,head
h_p26_cp138,-1894.809208196152,1.0,head
h_p26_cp139,-1894.809208197451,1.0,head
h_p26_cp140,-1889.6505698735539,1.0,head
h_p26_cp141,-1889.6505698742208,1.0,head
h_p26_cp142,-1884.4969593361332,1.0,head
h_p26_cp143,-1884.4969593364297,1.0,head
h_p26_cp144,-1879.3520397180462,1.0,head
h_p26_cp145,-1879.3520397181192,1.0,head
h_p26_cp146,-1874.2217857550354,1.0,head
h_p26_cp147,-1874.221785754967,1.0,head
h_p26_cp148,-1869.1156609146635,1.0,head
h_p26_cp149,-1869.1156609144991,1.0,head
h_p26_cp150,-1864.048191927064,1.0,head
h_p26_cp151,-1864.048191926829,1.0,head
h_p26_cp152,-1859.04094075216,1.0,head
h_p26_cp153,-1859.0409407518716,1.0,head
h_p26_cp154,-1854.1247748795465,1.0,head
h_p26_cp155,-1854.1247748792168,1.0,head
h_p26_cp156,-1849.3421891427283,1.0,head
h_p26_cp157,-1849.3421891423686,1.0,head
h_p26_cp158,-1844.7492507862758,1.0,head
h_p26_cp159,-1844.7492507858963,1.0,head
h_p26_cp160,-1840.41656583364,1.0,head
h_p26_cp161,-1840.4165658332481,1.0,head
h_p26_cp162,-1836.428568598902,1.0,head
h_p26_cp163,-1836.4285685985046,1.0,head
h_p26_cp164,-2247.554845588226,1.0,head
h_p26_cp165,-1836.4294925926665,1.0,head
h_p26_cp166,-2247.5546528748932,1.0,head
h_p26_cp167,-1836.4300654487527,1.0,head
h_p26_cp168,-2247.5545317209444,1.0,head
h_p26_cp169,-1836.4304129645716,1.0,head
h_p26_cp170,-2247.5544571509436,1.0,head
h_p26_cp171,-1836.4306194020483,1.0,head
h_p26_cp172,-2247.5544122031315,1.0,head
h_p26_cp173,-1836.4307395608669,1.0,head
h_p26_cp174,-2247.554385662685,1.0,head
h_p26_cp175,-1836.4308081287415,1.0,head
h_p26_cp176,-2247.554370304863,1.0,head
h_p26_cp177,-1836.4308465103877,1.0,head
h_p26_cp178,-2247.554361591827,1.0,head
h_p26_cp179,-1836.4308675969871,1.0,head
h_p26_cp180,-2247.55435674278,1.0,head
h_p26_cp181,-1836.4308789736585,1.0,head
h_p26_cp182,-2247.554354093921,1.0,head
h_p26_cp183,-1836.4308850047644,1.0,head
h_p26_cp184,-2247.5543526725196,1.0,head
h_p26_cp185,-1836.4308881481422,1.0,head
h_p26_cp186,-2247.554351922409,1.0,head
h_p26_cp187,-1836.430889759706,1.0,head
h_p26_cp188,-2247.554351532327,1.0,head
h_p26_cp189,-1836.4308905728135,1.0,head
h_p26_cp190,-2247.554351331622,1.0,head
h_p26_cp191,-1836.4308909766435,1.0,head
h_p26_cp192,-2247.554351228563,1.0,head
h_p26_cp193,-1836.4308911739845,1.0,head
h_p26_cp194,-2247.5543511747933,1.0,head
h_p26_cp195,-1836.4308912686565,1.0,head
h_p26_cp196,-2247.554351145329,1.0,head
h_p26_cp197,-1836.4308913129046,1.0,head
h_p26_cp198,-2247.5543511275687,1.0,head
h_p26_cp199,-1836.4308913325797,1.0,head
h_p26_cp200,-2247.554351115377,1.0,head
h_p26_cp201,-1836.4308913402563,1.0,head
h_p26_cp202,-2247.5543511059536,1.0,head
h_p26_cp203,-1836.4308913419518,1.0,head
h_p26_cp204,-2247.5543510981984,1.0,head
h_p26_cp205,-1836.4308913405075,1.0,head
h_p26_cp206,-2247.5543510918437,1.0,head
h_p26_cp207,-1836.430891337266,1.0,head
h_p26_cp208,-2247.5543510869975,1.0,head
h_p26_cp209,-1836.4308913328841,1.0,head
h_p26_cp210,-2247.5543510838756,1.0,head
h_p26_cp211,-1836.4308913277052,1.0,head
h_p26_cp212,-2247.5543510826515,1.0,head
h_p26_cp213,-1836.430891321907,1.0,head
h_p26_cp214,-2247.554351083365,1.0,head
h_p26_cp215,-1836.4308913155007,1.0,head
h_p26_cp216,-2247.554351085891,1.0,head
h_p26_cp217,-1836.4308913082323,1.0,head
h_p26_cp218,-2247.554351089938,1.0,head
h_p26_cp219,-1836.4308912993808,1.0,head
h_p26_cp220,-2247.5543510950793,1.0,head
h_p26_cp221,-1836.430891287443,1.0,head
h_p26_cp222,-2247.554351100802,1.0,head
h_p26_cp223,-1836.4308912696836,1.0,head
h_p26_cp224,-2247.5543511065553,1.0,head
h_p26_cp225,-1836.4308912415104,1.0,head
h_p26_cp226,-2247.5543511117876,1.0,head
h_p26_cp227,-1836.430891195651,1.0,head
h_p26_cp228,-2247.5543511159635,1.0,head
h_p26_cp229,-1836.4308911211122,1.0,head
h_p26_cp230,-2247.5543511185524,1.0,head
h_p26_cp231,-1836.430891001948,1.0,head
h_p26_cp232,-2247.5543511189926,1.0,head
h_p26_cp233,-1836.4308908159437,1.0,head
h_p26_cp234,-2247.554351116637,1.0,head
h_p26_cp235,-1836.4308905334433,1.0,head
h_p26_cp236,-2247.554351110695,1.0,head
h_p26_cp237,-1836.4308901167065,1.0,head
h_p26_cp238,-2247.5543511001856,1.0,head
h_p26_cp239,-1836.4308895203462,1.0,head
h_p26_cp240,-2247.5543510839393,1.0,head
h_p26_cp241,-1836.4308886935248,1.0,head
h_p26_cp242,-2247.5543510606526,1.0,head
h_p26_cp243,-1836.430887584563,1.0,head
h_p26_cp244,-2247.5543510290418,1.0,head
h_p26_cp245,-1836.430886148386,1.0,head
h_p26_cp246,-2247.5543509880945,1.0,head
h_p26_cp247,-1836.430884356674,1.0,head
h_p26_cp248,-2247.554350937409,1.0,head
h_p26_cp249,-1836.4308822097457,1.0,head
h_p26_cp250,-2247.554350877575,1.0,head
h_p26_cp251,-1836.4308797481701,1.0,head
h_p26_cp252,-2247.554350810512,1.0,head
h_p26_cp253,-1836.430877061191,1.0,head
h_p26_cp254,-2247.554350739648,1.0,head
h_p26_cp255,-1836.4308742886533,1.0,head
h_p26_cp256,-2247.5543506698255,1.0,head
h_p26_cp257,-1836.4308716136318,1.0,head
h_p26_cp258,-2247.5543506068652,1.0,head
h_p26_cp259,-1836.4308692446543,1.0,head
h_p26_cp260,-2247.554350556801,1.0,head
h_p26_cp261,-1836.430867388975,1.0,head
h_p26_cp262,-2247.5543505249075,1.0,head
h_p26_cp263,-1836.4308662212607,1.0,head
h_p26_cp264,-2247.554350514725,1.0,head
h_p26_cp265,-1836.430865854172,1.0,head
h_p26_cp266,-2247.5543505273345,1.0,head
h_p26_cp267,-1836.4308663177846,1.0,head
h_p26_cp268,-2247.5543505610594,1.0,head
h_p26_cp269,-1836.430867553126,1.0,head
h_p26_cp270,-2247.554350611673,1.0,head
h_p26_cp271,-1836.430869421663,1.0,head
h_p26_cp272,-2247.554350673027,1.0,head
h_p26_cp273,-1836.4308717284937,1.0,head
h_p26_cp274,-2247.554350737889,1.0,head
h_p26_cp275,-1836.4308742537096,1.0,head
h_p26_cp276,-2247.5543507987404,1.0,head
h_p26_cp277,-1836.430876784862,1.0,head
h_p26_cp278,-2247.554350848319,1.0,head
h_p26_cp279,-1836.430879144099,1.0,head
h_p26_cp280,-2247.5543508797796,1.0,head
h_p26_cp281,-1836.430881205741,1.0,head
h_p26_cp282,-2247.554350886487,1.0,head
h_p26_cp283,-1836.4308829028598,1.0,head
h_p26_cp284,-2247.554350861551,1.0,head
h_p26_cp285,-1836.4308842239473,1.0,head
h_p26_cp286,-2247.5543507972875,1.0,head
h_p26_cp287,-1836.4308852023116,1.0,head
h_p26_cp288,-2247.554350684834,1.0,head
h_p26_cp289,-1836.4308859014488,1.0,head
h_p26_cp290,-2247.5543505141227,1.0,head
h_p26_cp291,-1836.4308863994188,1.0,head
h_p26_cp292,-2247.554350274408,1.0,head
h_p26_cp293,-1836.4308867746656,1.0,head
h_p26_cp294,-2247.554349955467,1.0,head
h_p26_cp295,-1836.430887094952,1.0,head
h_p26_cp296,-2247.554349549495,1.0,head
h_p26_cp297,-1836.430887410345,1.0,head
h_p26_cp298,-2247.5543490535606,1.0,head
h_p26_cp299,-1836.4308877504532,1.0,head
h_p26_cp300,-2247.554348472313,1.0,head
h_p26_cp301,-1836.4308881254806,1.0,head
h_p26_cp302,-2247.5543478204067,1.0,head
h_p26_cp303,-1836.4308885301339,1.0,head
h_p26_cp304,-2247.5543471239866,1.0,head
h_p26_cp305,-1836.4308889491008,1.0,head
h_p26_cp306,-2247.554346420542,1.0,head
h_p26_cp307,-1836.430889362775,1.0,head
h_p26_cp308,-2247.5543457566027,1.0,head
h_p26_cp309,-1836.4308897521437,1.0,head
h_p26_cp310,-2247.5543451831904,1.0,head
h_p26_cp311,-1836.4308901021645,1.0,head
h_p26_cp312,-2247.5543447494615,1.0,head
h_p26_cp313,-1836.4308904034413,1.0,head
h_p26_cp314,-2247.554344495616,1.0,head
h_p26_cp315,-1836.430890652394,1.0,head
h_p26_cp316,-2247.5543444464984,1.0,head
h_p26_cp317,-1836.4308908503797,1.0,head
h_p26_cp318,-2247.554344607386,1.0,head
h_p26_cp319,-1836.4308910022617,1.0,head
h_p26_cp320,-2247.5543449629963,1.0,head
h_p26_cp321,-1836.4308911148842,1.0,head
h_p26_cp322,-2247.554345480003,1.0,head
h_p26_cp323,-1836.4308911957487,1.0,head
h_p26_cp324,-2247.554346112456,1.0,head
h_p26_cp325,-1836.4308912520416,1.0,head
h_p26_cp326,-2247.554346808826,1.0,head
h_p26_cp327,-1836.4308912900315,1.0,head
h_p26_cp328,-2247.5543475191166,1.0,head
h_p26_cp329,-1836.4308913147734,1.0,head
h_p26_cp330,-2247.5543482006983,1.0,head
h_p26_cp331,-1836.4308913299988,1.0,head
h_p26_cp332,-2247.5543488220255,1.0,head
h_p26_cp333,-1836.4308913380542,1.0,head
h_p26_cp334,-2247.554349364092,1.0,head
h_p26_cp335,-1836.4308913396933,1.0,head
h_p26_cp336,-2247.554349820064,1.0,head
h_p26_cp337,-1836.4308913334676,1.0,head
h_p26_cp338,-2247.5543501939583,1.0,head
h_p26_cp339,-1836.4308913142386,1.0,head
h_p26_cp340,-2247.554350499503,1.0,head
h_p26_cp341,-1836.4308912699555,1.0,head
h_p26_cp342,-2247.5543507605153,1.0,head
h_p26_cp343,-1836.4308911750595,1.0,head
h_p26_cp344,-2247.554351014516,1.0,head
h_p26_cp345,-1836.4308909774556,1.0,head
h_p26_cp346,-2247.554351322054,1.0,head
h_p26_cp347,-1836.4308905733901,1.0,head
h_p26_cp348,-2247.5543517856786,1.0,head
h_p26_cp349,-1836.4308897600956,1.0,head
h_p26_cp350,-2247.554352585008,1.0,head
h_p26_cp351,-1836.4308881483942,1.0,head
h_p26_cp352,-2247.5543540383187,1.0,head
h_p26_cp353,-1836.4308850049188,1.0,head
h_p26_cp354,-2247.5543567069944,1.0,head
h_p26_cp355,-1836.4308789737458,1.0,head
h_p26_cp356,-2247.5543615674437,1.0,head
h_p26_cp357,-1836.4308675970271,1.0,head
h_p26_cp358,-2247.5543702859186,1.0,head
h_p26_cp359,-1836.4308465103911,1.0,head
h_p26_cp360,-2247.554385644728,1.0,head
h_p26_cp361,-1836.4308081287134,1.0,head
h_p26_cp362,-2247.5544121825515,1.0,head
h_p26_cp363,-1836.4307395608057,1.0,head
h_p26_cp364,-2247.5544571245273,1.0,head
h_p26_cp365,-1836.4306194019478,1.0,head
h_p26_cp366,-2247.5545316856465,1.0,head
h_p26_cp367,-1836.4304129644215,1.0,head
h_p26_cp368,-2247.5546528277905,1.0,head
h_p26_cp369,-1836.4300654485378,1.0,head
h_p26_cp370,-2247.5548455266244,1.0,head
h_p26_cp371,-1836.4294925923703,1.0,head
h_p27_cp0,-2247.3476867707154,1.0,head
h_p27_cp1,-2247.347686691845,1.0,head
h_p27_cp2,-2243.4091880958363,1.0,head
h_p27_cp3,-2243.40918803272,1.0,head
h_p27_cp4,-2239.119419231032,1.0,head
h_p27_cp5,-2239.119419183124,1.0,head
h_p27_cp6,-2234.561961510359,1.0,head
h_p27_cp7,-2234.561961475052,1.0,head
h_p27_cp8,-2229.8074300321705,1.0,head
h_p27_cp9,-2229.807430006057,1.0,head
h_p27_cp10,-2224.9125405639693,1.0,head
h_p27_cp11,-2224.9125405431373,1.0,head
h_p27_cp12,-2219.920808453957,1.0,head
h_p27_cp13,-2219.920808433229,1.0,head
h_p27_cp14,-2214.8642534317332,1.0,head
h_p27_cp15,-2214.8642534056717,1.0,head
h_p27_cp16,-2209.7655457805895,1.0,head
h_p27_cp17,-2209.7655457425403,1.0,head
h_p27_cp18,-2204.640173192769,1.0,head
h_p27_cp19,-2204.6401731334427,1.0,head
h_p27_cp20,-2199.498370470571,1.0,head
h_p27_cp21,-2199.498370376463,1.0,head
h_p27_cp22,-2194.346694320527,1.0,head
h_p27_cp23,-2194.3466941721135,1.0,head
h_p27_cp24,-2189.1892247102255,1.0,head
h_p27_cp25,-2189.1892244799624,1.0,head
h_p27_cp26,-2184.0284320010037,1.0,head
h_p27_cp27,-2184.0284316513357,1.0,head
h_p27_cp28,-2178.8657739806745,1.0,head
h_p27_cp29,-2178.8657734624935,1.0,head
h_p27_cp30,-2173.7020902902036,1.0,head
h_p27_cp31,-2173.702089542479,1.0,head
h_p27_cp32,-2168.5378535779655,1.0,head
h_p27_cp33,-2168.537852529517,1.0,head
h_p27_cp34,-2163.3733241925556,1.0,head
h_p27_cp35,-2163.373322767135,1.0,head
h_p27_cp36,-2158.208642615262,1.0,head
h_p27_cp37,-2158.2086407410566,1.0,head
h_p27_cp38,-2153.0438831721704,1.0,head
h_p27_cp39,-2153.0438807964288,1.0,head
h_p27_cp40,-2147.879084452513,1.0,head
h_p27_cp41,-2147.8790815610523,1.0,head
h_p27_cp42,-2142.714266129247,1.0,head
h_p27_cp43,-2142.7142627691665,1.0,head
h_p27_cp44,-2137.5494380574805,1.0,head
h_p27_cp45,-2137.5494343595874,1.0,head
h_p27_cp46,-2132.384605097258,1.0,head
h_p27_cp47,-2132.3846012930107,1.0,head
h_p27_cp48,-2127.219769623401,1.0,head
h_p27_cp49,-2127.2197660501743,1.0,head
h_p27_cp50,-2122.054932809821,1.0,head
h_p27_cp51,-2122.054929898797,1.0,head
h_p27_cp52,-2116.89009527515,1.0,head
h_p27_cp53,-2116.890093518648,1.0,head
h_p27_cp54,-2111.7252573985816,1.0,head
h_p27_cp55,-2111.725257298058,1.0,head
h_p27_cp56,-2106.5604194649068,1.0,head
h_p27_cp57,-2106.560421466448,1.0,head
h_p27_cp58,-2101.395581719922,1.0,head
h_p27_cp59,-2101.39558614905,1.0,head
h_p27_cp60,-2096.230744378796,1.0,head
h_p27_cp61,-2096.230751388943,1.0,head
h_p27_cp62,-2091.0659076119086,1.0,head
h_p27_cp63,-2091.065917159463,1.0,head
h_p27_cp64,-2085.9010715244817,1.0,head
h_p27_cp65,-2085.9010833776233,1.0,head
h_p27_cp66,-2080.7362361416276,1.0,head
h_p27_cp67,-2080.736249921666,1.0,head
h_p27_cp68,-2075.5714014062755,1.0,head
h_p27_cp69,-2075.571416651556,1.0,head
h_p27_cp70,-2070.4065671925764,1.0,head
h_p27_cp71,-2070.40658342919,1.0,head
h_p27_cp72,-2065.241733332509,1.0,head
h_p27_cp73,-2065.241750134991,1.0,head
h_p27_cp74,-2060.0768996494235,1.0,head
h_p27_cp75,-2060.0769166785917,1.0,head
h_p27_cp76,-2054.9120659904706,1.0,head
h_p27_cp77,-2054.9120830029783,1.0,head
h_p27_cp78,-2049.747232250463,1.0,head
h_p27_cp79,-2049.7472490828764,1.0,head
h_p27_cp80,-2044.5823983824755,1.0,head
h_p27_cp81,-2044.5824149191685,1.0,head
h_p27_cp82,-2039.4175643942297,1.0,head
h_p27_cp83,-2039.4175805313575,1.0,head
h_p27_cp84,-2034.2527303329705,1.0,head
h_p27_cp85,-2034.2527459498947,1.0,head
h_p27_cp86,-2029.0878962639774,1.0,head
h_p27_cp87,-2029.0879112095888,1.0,head
h_p27_cp88,-2023.9230622487398,1.0,head
h_p27_cp89,-2023.9230763447445,1.0,head
h_p27_cp90,-2018.7582283279273,1.0,head
h_p27_cp91,-2018.7582413860976,1.0,head
h_p27_cp92,-2013.5933945123497,1.0,head
h_p27_cp93,-2013.5934063593345,1.0,head
h_p27_cp94,-2008.4285607825486,1.0,head
h_p27_cp95,-2008.428571284772,1.0,head
h_p27_cp96,-2003.2637270955065,1.0,head
h_p27_cp97,-2003.263736177814,1.0,head
h_p27_cp98,-1998.0988933955407,1.0,head
h_p27_cp99,-1998.0989010498408,1.0,head
h_p27_cp100,-1992.9340596261952,1.0,head
h_p27_cp101,-1992.9340659093878,1.0,head
h_p27_cp102,-1987.7692257405774,1.0,head
h_p27_cp103,-1987.7692307636303,1.0,head
h_p27_cp104,-1982.6043917090042,1.0,head
h_p27_cp105,-1982.6043956205824,1.0,head
h_p27_cp106,-1977.4395575245414,1.0,head
h_p27_cp107,-1977.4395604929443,1.0,head
h_p27_cp108,-1972.2747232092065,1.0,head
h_p27_cp109,-1972.2747254057983,1.0,head
h_p27_cp110,-1967.109888826547,1.0,head
h_p27_cp111,-1967.1098904127573,1.0,head
h_p27_cp112,-1961.9450545115467,1.0,head
h_p27_cp113,-1961.945055630288,1.0,head
h_p27_cp114,-1956.7802205389373,1.0,head
h_p27_cp115,-1956.7802213103032,1.0,head
h_p27_cp116,-1951.615387471563,1.0,head
h_p27_cp117,-1951.6153879920114,1.0,head
h_p27_cp118,-1946.450556471164,1.0,head
h_p27_cp119,-1946.4505568151321,1.0,head
h_p27_cp120,-1941.285729932959,1.0,head
h_p27_cp121,-1941.2857301558656,1.0,head
h_p27_cp122,-1936.120912755254,1.0,head
h_p27_cp123,-1936.1209128970388,1.0,head
h_p27_cp124,-1930.95611483206,1.0,head
h_p27_cp125,-1930.9561149206654,1.0,head
h_p27_cp126,-1925.7913558549615,1.0,head
h_p27_cp127,-1925.791355909414,1.0,head
h_p27_cp128,-1920.626674382109,1.0,head
h_p27_cp129,-1920.6266744150444,1.0,head
h_p27_cp130,-1915.46214461042,1.0,head
h_p27_cp131,-1915.462144630039,1.0,head
h_p27_cp132,-1910.297906707013,1.0,head
h_p27_cp133,-1910.2979067185258,1.0,head
h_p27_cp134,-1905.1342203610714,1.0,head
h_p27_cp135,-1905.1342203677239,1.0,head
h_p27_cp136,-1899.9715569227853,1.0,head
h_p27_cp137,-1899.9715569265616,1.0,head
h_p27_cp138,-1894.8107535689412,1.0,head
h_p27_cp139,-1894.8107535710337,1.0,head
h_p27_cp140,-1889.6532635334931,1.0,head
h_p27_cp141,-1889.6532635346064,1.0,head
h_p27_cp142,-1884.501548960702,1.0,head
h_p27_cp143,-1884.501548961244,1.0,head
h_p27_cp144,-1879.359675339138,1.0,head
h_p27_cp145,-1879.359675339343,1.0,head
h_p27_cp146,-1874.2341744894447,1.0,head
h_p27_cp147,-1874.2341744894445,1.0,head
h_p27_cp148,-1869.1352395683784,1.0,head
h_p27_cp149,-1869.135239568246,1.0,head
h_p27_cp150,-1864.0782905697342,1.0,head
h_p27_cp151,-1864.0782905695116,1.0,head
h_p27_cp152,-1859.0858911633043,1.0,head
h_p27_cp153,-1859.0858911630178,1.0,head
h_p27_cp154,-1854.1898988839296,1.0,head
h_p27_cp155,-1854.189898883596,1.0,head
h_p27_cp156,-1849.4335912725103,1.0,head
h_p27_cp157,-1849.433591272143,1.0,head
h_p27_cp158,-1844.8733482937164,1.0,head
h_p27_cp159,-1844.8733482933276,1.0,head
h_p27_cp160,-1840.5793271875405,1.0,head
h_p27_cp161,-1840.5793271871387,1.0,head
h_p27_cp162,-1836.634503061892,1.0,head
h_p27_cp163,-1836.6345030614839,1.0,head
h_p27_cp164,-2247.3473681814917,1.0,head
h_p27_cp165,-1836.6355197751116,1.0,head
h_p27_cp166,-2247.3471612175535,1.0,head
h_p27_cp167,-1836.6361563659282,1.0,head
h_p27_cp168,-2247.3470295808875,1.0,head
h_p27_cp169,-1836.63654661096,1.0,head
h_p27_cp170,-2247.346947583231,1.0,head
h_p27_cp171,-1836.6367809940225,1.0,head
h_p27_cp172,-2247.3468975474193,1.0,head
h_p27_cp173,-1836.636918989193,1.0,head
h_p27_cp174,-2247.346867628626,1.0,head
h_p27_cp175,-1836.6369986725283,1.0,head
h_p27_cp176,-2247.346850092004,1.0,head
h_p27_cp177,-1836.637043821967,1.0,head
h_p27_cp178,-2247.346840011751,1.0,head
h_p27_cp179,-1836.6370689372725,1.0,head
h_p27_cp180,-2247.3468343266436,1.0,head
h_p27_cp181,-1836.63708266035,1.0,head
h_p27_cp182,-2247.3468311788138,1.0,head
h_p27_cp183,-1836.637090029555,1.0,head
h_p27_cp184,-2247.34682946629,1.0,head
h_p27_cp185,-1836.6370939206658,1.0,head
h_p27_cp186,-2247.34682854976,1.0,head
h_p27_cp187,-1836.6370959419446,1.0,head
h_p27_cp188,-2247.346828066142,1.0,head
h_p27_cp189,-1836.6370969753157,1.0,head
h_p27_cp190,-2247.3468278134073,1.0,head
h_p27_cp191,-1836.6370974953506,1.0,head
h_p27_cp192,-2247.3468276813464,1.0,head
h_p27_cp193,-1836.6370977528134,1.0,head
h_p27_cp194,-2247.3468276110034,1.0,head
h_p27_cp195,-1836.6370978778943,1.0,head
h_p27_cp196,-2247.3468275714818,1.0,head
h_p27_cp197,-1836.637097937033,1.0,head
h_p27_cp198,-2247.346827546993,1.0,head
h_p27_cp199,-1836.6370979635644,1.0,head
h_p27_cp200,-2247.3468275297673,1.0,head
h_p27_cp201,-1836.637097973933,1.0,head
h_p27_cp202,-2247.346827516239,1.0,head
h_p27_cp203,-1836.6370979761186,1.0,head
h_p27_cp204,-2247.3468275050186,1.0,head
h_p27_cp205,-1836.6370979739459,1.0,head
h_p27_cp206,-2247.3468274957995,1.0,head
h_p27_cp207,-1836.637097969248,1.0,head
h_p27_cp208,-2247.3468274887623,1.0,head
h_p27_cp209,-1836.6370979629314,1.0,head
h_p27_cp210,-2247.3468274842203,1.0,head
h_p27_cp211,-1836.6370979554692,1.0,head
h_p27_cp212,-2247.3468274824195,1.0,head
h_p27_cp213,-1836.6370979470876,1.0,head
h_p27_cp214,-2247.3468274834177,1.0,head
h_p27_cp215,-1836.637097937762,1.0,head
h_p27_cp216,-2247.3468274870324,1.0,head
h_p27_cp217,-1836.6370979270655,1.0,head
h_p27_cp218,-2247.3468274928455,1.0,head
h_p27_cp219,-1836.6370979138837,1.0,head
h_p27_cp220,-2247.346827500243,1.0,head
h_p27_cp221,-1836.637097895967,1.0,head
h_p27_cp222,-2247.3468275084824,1.0,head
h_p27_cp223,-1836.637097869298,1.0,head
h_p27_cp224,-2247.346827516761,1.0,head
h_p27_cp225,-1836.6370978272307,1.0,head
h_p27_cp226,-2247.3468275242635,1.0,head
h_p27_cp227,-1836.6370977593658,1.0,head
h_p27_cp228,-2247.346827530186,1.0,head
h_p27_cp229,-1836.6370976501619,1.0,head
h_p27_cp230,-2247.3468275337214,1.0,head
h_p27_cp231,-1836.6370974773224,1.0,head
h_p27_cp232,-2247.346827534006,1.0,head
h_p27_cp233,-1836.6370972101315,1.0,head
h_p27_cp234,-2247.3468275300484,1.0,head
h_p27_cp235,-1836.637096808052,1.0,head
h_p27_cp236,-2247.3468275206483,1.0,head
h_p27_cp237,-1836.6370962201138,1.0,head
h_p27_cp238,-2247.3468275043433,1.0,head
h_p27_cp239,-1836.6370953858095,1.0,head
h_p27_cp240,-2247.3468274794195,1.0,head
h_p27_cp241,-1836.6370942383542,1.0,head
h_p27_cp242,-2247.3468274440065,1.0,head
h_p27_cp243,-1836.6370927110868,1.0,head
h_p27_cp244,-2247.346827396312,1.0,head
h_p27_cp245,-1836.6370907474763,1.0,head
h_p27_cp246,-2247.3468273349877,1.0,head
h_p27_cp247,-1836.6370883144139,1.0,head
h_p27_cp248,-2247.3468272596124,1.0,head
h_p27_cp249,-1836.6370854174368,1.0,head
h_p27_cp250,-2247.3468271712195,1.0,head
h_p27_cp251,-1836.6370821152182,1.0,head
h_p27_cp252,-2247.3468270727494,1.0,head
h_p27_cp253,-1836.6370785296185,1.0,head
h_p27_cp254,-2247.3468269692626,1.0,head
h_p27_cp255,-1836.6370748471743,1.0,head
h_p27_cp256,-2247.3468268677743,1.0,head
h_p27_cp257,-1836.6370713087065,1.0,head
h_p27_cp258,-2247.346826776613,1.0,head
h_p27_cp259,-1836.637068185864,1.0,head
h_p27_cp260,-2247.346826704335,1.0,head
h_p27_cp261,-1836.6370657466807,1.0,head
h_p27_cp262,-2247.3468266583704,1.0,head
h_p27_cp263,-1836.6370642157417,1.0,head
h_p27_cp264,-2247.3468266436785,1.0,head
h_p27_cp265,-1836.637063737074,1.0,head
h_p27_cp266,-2247.346826661751,1.0,head
h_p27_cp267,-1836.6370643483824,1.0,head
h_p27_cp268,-2247.3468267102025,1.0,head
h_p27_cp269,-1836.6370659730821,1.0,head
h_p27_cp270,-2247.346826783045,1.0,head
h_p27_cp271,-1836.6370684323756,1.0,head
h_p27_cp272,-2247.346826871547,1.0,head
h_p27_cp273,-1836.6370714745888,1.0,head
h_p27_cp274,-2247.3468269653777,1.0,head
h_p27_cp275,-1836.6370748149134,1.0,head
h_p27_cp276,-2247.3468270537182,1.0,head
h_p27_cp277,-1836.6370781767966,1.0,head
h_p27_cp278,-2247.3468271260303,1.0,head
h_p27_cp279,-1836.6370813268838,1.0,head
h_p27_cp280,-2247.3468271723286,1.0,head
h_p27_cp281,-1836.6370840980644,1.0,head
h_p27_cp282,-2247.3468271829443,1.0,head
h_p27_cp283,-1836.6370863986372,1.0,head
h_p27_cp284,-2247.3468271479414,1.0,head
h_p27_cp285,-1836.637088208741,1.0,head
h_p27_cp286,-2247.346827056435,1.0,head
h_p27_cp287,-1836.6370895672756,1.0,head
h_p27_cp288,-2247.346826896108,1.0,head
h_p27_cp289,-1836.6370905533795,1.0,head
h_p27_cp290,-2247.346826653229,1.0,head
h_p27_cp291,-1836.6370912663783,1.0,head
h_p27_cp292,-2247.3468263134164,1.0,head
h_p27_cp293,-1836.637091807402,1.0,head
h_p27_cp294,-2247.3468258633025,1.0,head
h_p27_cp295,-1836.637092264904,1.0,head
h_p27_cp296,-2247.3468252931166,1.0,head
h_p27_cp297,-1836.6370927053224,1.0,head
h_p27_cp298,-2247.3468245999816,1.0,head
h_p27_cp299,-1836.6370931691954,1.0,head
h_p27_cp300,-2247.346823791477,1.0,head
h_p27_cp301,-1836.637093672177,1.0,head
h_p27_cp302,-2247.3468228887696,1.0,head
h_p27_cp303,-1836.6370942097542,1.0,head
h_p27_cp304,-2247.34682192842,1.0,head
h_p27_cp305,-1836.6370947640507,1.0,head
h_p27_cp306,-2247.3468209619864,1.0,head
h_p27_cp307,-1836.6370953110531,1.0,head
h_p27_cp308,-2247.3468200527823,1.0,head
h_p27_cp309,-1836.6370958268799,1.0,head
h_p27_cp310,-2247.346819269703,1.0,head
h_p27_cp311,-1836.6370962922217,1.0,head
h_p27_cp312,-2247.346818678752,1.0,head
h_p27_cp313,-1836.6370966946652,1.0,head
h_p27_cp314,-2247.3468183336754,1.0,head
h_p27_cp315,-1836.6370970291057,1.0,head
h_p27_cp316,-2247.346818267578,1.0,head
h_p27_cp317,-1836.6370972967866,1.0,head
h_p27_cp318,-2247.346818487422,1.0,head
h_p27_cp319,-1836.6370975035784,1.0,head
h_p27_cp320,-2247.346818972752,1.0,head
h_p27_cp321,-1836.6370976580724,1.0,head
h_p27_cp322,-2247.3468196789913,1.0,head
h_p27_cp323,-1836.637097769884,1.0,head
h_p27_cp324,-2247.346820544544,1.0,head
h_p27_cp325,-1836.6370978483656,1.0,head
h_p27_cp326,-2247.346821500062,1.0,head
h_p27_cp327,-1836.6370979017827,1.0,head
h_p27_cp328,-2247.346822477871,1.0,head
h_p27_cp329,-1836.6370979368774,1.0,head
h_p27_cp330,-2247.3468234197785,1.0,head
h_p27_cp331,-1836.6370979586802,1.0,head
h_p27_cp332,-2247.3468242821764,1.0,head
h_p27_cp333,-1836.637097970389,1.0,head
h_p27_cp334,-2247.3468250381575,1.0,head
h_p27_cp335,-1836.6370979730723,1.0,head
h_p27_cp336,-2247.3468256772044,1.0,head
h_p27_cp337,-1836.6370979648575,1.0,head
h_p27_cp338,-2247.346826203508,1.0,head
h_p27_cp339,-1836.637097939011,1.0,head
h_p27_cp340,-2247.346826634365,1.0,head
h_p27_cp341,-1836.6370978798416,1.0,head
h_p27_cp342,-2247.3468270003145,1.0,head
h_p27_cp343,-1836.6370977544411,1.0,head
h_p27_cp344,-2247.346827349096,1.0,head
h_p27_cp345,-1836.6370974965917,1.0,head
h_p27_cp346,-2247.346827756286,1.0,head
h_p27_cp347,-1836.6370969762054,1.0,head
h_p27_cp348,-2247.346828347026,1.0,head
h_p27_cp349,-1836.6370959425524,1.0,head
h_p27_cp350,-2247.3468293358555,1.0,head
h_p27_cp351,-1836.637093921064,1.0,head
h_p27_cp352,-2247.3468310957674,1.0,head
h_p27_cp353,-1836.6370900298045,1.0,head
h_p27_cp354,-2247.3468342735364,1.0,head
h_p27_cp355,-1836.6370826604968,1.0,head
h_p27_cp356,-2247.3468399764965,1.0,head
h_p27_cp357,-1836.6370689373482,1.0,head
h_p27_cp358,-2247.346850066182,1.0,head
h_p27_cp359,-1836.637043821991,1.0,head
h_p27_cp360,-2247.3468676061866,1.0,head
h_p27_cp361,-1836.6369986725101,1.0,head
h_p27_cp362,-2247.3468975237465,1.0,head
h_p27_cp363,-1836.636918989135,1.0,head
h_p27_cp364,-2247.346947554519,1.0,head
h_p27_cp365,-1836.6367809939206,1.0,head
h_p27_cp366,-2247.3470295437824,1.0,head
h_p27_cp367,-1836.636546610805,1.0,head
h_p27_cp368,-2247.3471611690215,1.0,head
h_p27_cp369,-1836.6361563657058,1.0,head
h_p27_cp370,-2247.347368118863,1.0,head
h_p27_cp371,-1836.6355197748057,1.0,head
h_p28_cp0,-2247.1394755145175,1.0,head
h_p28_cp1,-2247.139475435302,1.0,head
h_p28_cp2,-2243.243407872313,1.0,head
h_p28_cp3,-2243.2434078082697,1.0,head
h_p28_cp4,-2238.9919432861107,1.0,head
h_p28_cp5,-2238.99194323648,1.0,head
h_p28_cp6,-2234.4671800542815,1.0,head
h_p28_cp7,-2234.4671800165606,1.0,head
h_p28_cp8,-2229.7392002492993,1.0,head
h_p28_cp9,-2229.7392002199285,1.0,head
h_p28_cp10,-2224.864925168275,1.0,head
h_p28_cp11,-2224.864925142794,1.0,head
h_p28_cp12,-2219.888552339074,1.0,head
h_p28_cp13,-2219.888552311613,1.0,head
h_p28_cp14,-2214.843014650585,1.0,head
h_p28_cp15,-2214.8430146141045,1.0,head
h_p28_cp16,-2209.7519360662372,1.0,head
h_p28_cp17,-2209.7519360115602,1.0,head
h_p28_cp18,-2204.63167546732,1.0,head
h_p28_cp19,-2204.631675381462,1.0,head
h_p28_cp20,-2199.4931943576776,1.0,head
h_p28_cp21,-2199.4931942218177,1.0,head
h_p28_cp22,-2194.3436150735647,1.0,head
h_p28_cp23,-2194.343614860706,1.0,head
h_p28_cp24,-2189.1874337058057,1.0,head
h_p28_cp25,-2189.187433378242,1.0,head
h_p28_cp26,-2184.0274124396988,1.0,head
h_p28_cp27,-2184.0274119466003,1.0,head
h_p28_cp28,-2178.8652053407295,1.0,head
h_p28_cp29,-2178.865204616454,1.0,head
h_p28_cp30,-2173.701779244293,1.0,head
h_p28_cp31,-2173.70177820838,1.0,head
h_p28_cp32,-2168.537686503399,1.0,head
h_p28_cp33,-2168.537685063502,1.0,head
h_p28_cp34,-2163.373235905045,1.0,head
h_p28_cp35,-2163.3732339642484,1.0,head
h_p28_cp36,-2158.2085965482984,1.0,head
h_p28_cp37,-2158.20859401813,1.0,head
h_p28_cp38,-2153.043859229268,1.0,head
h_p28_cp39,-2153.043856049119,1.0,head
h_p28_cp40,-2147.879071786184,1.0,head
h_p28_cp41,-2147.8790679486006,1.0,head
h_p28_cp42,-2142.714258967547,1.0,head
h_p28_cp43,-2142.7142545470197,1.0,head
h_p28_cp44,-2137.549433354805,1.0,head
h_p28_cp45,-2137.5494285354553,1.0,head
h_p28_cp46,-2132.3846012457416,1.0,head
h_p28_cp47,-2132.3845963412896,1.0,head
h_p28_cp48,-2127.219765764994,1.0,head
h_p28_cp49,-2127.2197612233576,1.0,head
h_p28_cp50,-2122.054928480396,1.0,head
h_p28_cp51,-2122.054924866119,1.0,head
h_p28_cp52,-2116.8900902275464,1.0,head
h_p28_cp53,-2116.890088178536,1.0,head
h_p28_cp54,-2111.7252515188516,1.0,head
h_p28_cp55,-2111.7252516794906,1.0,head
h_p28_cp56,-2106.5604127342076,1.0,head
h_p28_cp57,-2106.5604156737018,1.0,head
h_p28_cp58,-2101.3955741958166,1.0,head
h_p28_cp59,-2101.395580326626,1.0,head
h_p28_cp60,-2096.2307361818357,1.0,head
h_p28_cp61,-2096.230745695877,1.0,head
h_p28_cp62,-2091.0658989106055,1.0,head
h_p28_cp63,-2091.0659117489145,1.0,head
h_p28_cp64,-2085.901062516492,1.0,head
h_p28_cp65,-2085.901078380937,1.0,head
h_p28_cp66,-2080.736227032111,1.0,head
h_p28_cp67,-2080.7362454373474,1.0,head
h_p28_cp68,-2075.5713923862777,1.0,head
h_p28_cp69,-2075.571412739624,1.0,head
h_p28_cp70,-2070.4065584209684,1.0,head
h_p28_cp71,-2070.406580110814,1.0,head
h_p28_cp72,-2065.241724924515,1.0,head
h_p28_cp73,-2065.241747396597,1.0,head
h_p28_cp74,-2060.0768916734028,1.0,head
h_p28_cp75,-2060.0769144790747,1.0,head
h_p28_cp76,-2054.912058472797,1.0,head
h_p28_cp77,-2054.912081282433,1.0,head
h_p28_cp78,-2049.74722518661,1.0,head
h_p28_cp79,-2049.7472477713577,1.0,head
h_p28_cp80,-2044.5823917512505,1.0,head
h_p28_cp81,-2044.582413944346,1.0,head
h_p28_cp82,-2039.4175581717384,1.0,head
h_p28_cp83,-2039.4175798243898,1.0,head
h_p28_cp84,-2034.2527245033991,1.0,head
h_p28_cp85,-2034.2527454493081,1.0,head
h_p28_cp86,-2029.087890825396,1.0,head
h_p28_cp87,-2029.0879108632948,1.0,head
h_p28_cp88,-2023.923057213513,1.0,head
h_p28_cp89,-2023.9230761105546,1.0,head
h_p28_cp90,-2018.758223718613,1.0,head
h_p28_cp91,-2018.758241231186,1.0,head
h_p28_cp92,-2013.5933903548305,1.0,head
h_p28_cp93,-2013.5934062590773,1.0,head
h_p28_cp94,-2008.4285570984662,1.0,head
h_p28_cp95,-2008.42857122133,1.0,head
h_p28_cp96,-2003.263723895869,1.0,head
h_p28_cp97,-2003.2637361387256,1.0,head
h_p28_cp98,-1998.0988906767782,1.0,head
h_p28_cp99,-1998.098901026819,1.0,head
h_p28_cp100,-1992.9340573692332,1.0,head
h_p28_cp101,-1992.9340658974654,1.0,head
h_p28_cp102,-1987.769223912861,1.0,head
h_p28_cp103,-1987.7692307608436,1.0,head
h_p28_cp104,-1982.604390269104,1.0,head
h_p28_cp105,-1982.604395628508,1.0,head
h_p28_cp106,-1977.4395564291283,1.0,head
h_p28_cp107,-1977.4395605187967,1.0,head
h_p28_cp108,-1972.2747224229972,1.0,head
h_p28_cp109,-1972.2747254675546,1.0,head
h_p28_cp110,-1967.109888337623,1.0,head
h_p28_cp111,-1967.1098905503661,1.0,head
h_p28_cp112,-1961.9450543578498,1.0,head
h_p28_cp113,-1961.9450559291497,1.0,head
h_p28_cp114,-1956.7802208580938,1.0,head
h_p28_cp115,-1956.7802219492587,1.0,head
h_p28_cp116,-1951.6153885978827,1.0,head
h_p28_cp117,-1951.6153893395829,1.0,head
h_p28_cp118,-1946.4505591251127,1.0,head
h_p28_cp119,-1946.4505596190688,1.0,head
h_p28_cp120,-1941.2857355870096,1.0,head
h_p28_cp121,-1941.2857359096306,1.0,head
h_p28_cp122,-1936.1209243279086,1.0,head
h_p28_cp123,-1936.12092453476,1.0,head
h_p28_cp124,-1930.9561379777017,1.0,head
h_p28_cp125,-1930.9561381080164,1.0,head
h_p28_cp126,-1925.79140130831,1.0,head
h_p28_cp127,-1925.7914013890495,1.0,head
h_p28_cp128,-1920.6267621188993,1.0,head
h_p28_cp129,-1920.6267621681359,1.0,head
h_p28_cp130,-1915.462311043639,1.0,head
h_p28_cp131,-1915.4623110732116,1.0,head
h_p28_cp132,-1910.298216790468,1.0,head
h_p28_cp133,-1910.29821680797,1.0,head
h_p28_cp134,-1905.1347873336001,1.0,head
h_p28_cp135,-1905.1347873438053,1.0,head
h_p28_cp136,-1899.9725734448855,1.0,head
h_p28_cp137,-1899.9725734507401,1.0,head
h_p28_cp138,-1894.8125389973497,1.0,head
h_p28_cp139,-1894.812539000641,1.0,head
h_p28_cp140,-1889.65633265626,1.0,head
h_p28_cp141,-1889.6563326580545,1.0,head
h_p28_cp142,-1884.5067069977968,1.0,head
h_p28_cp143,-1884.5067069987192,1.0,head
h_p28_cp144,-1879.3681414182035,1.0,head
h_p28_cp145,-1879.3681414186165,1.0,head
h_p28_cp146,-1874.2477299645393,1.0,head
h_p28_cp147,-1874.2477299646491,1.0,head
h_p28_cp148,-1869.1563874715582,1.0,head
h_p28_cp149,-1869.1563874714814,1.0,head
h_p28_cp150,-1864.1103980408916,1.0,head
h_p28_cp151,-1864.1103980406945,1.0,head
h_p28_cp152,-1859.13326957142,1.0,head
h_p28_cp153,-1859.1332695711415,1.0,head
h_p28_cp154,-1854.2577609483924,1.0,head
h_p28_cp155,-1854.2577609480581,1.0,head
h_p28_cp156,-1849.527818268712,1.0,head
h_p28_cp157,-1849.5278182683398,1.0,head
h_p28_cp158,-1845.0000127135786,1.0,head
h_p28_cp159,-1845.0000127131818,1.0,head
h_p28_cp160,-1840.7439549543872,1.0,head
h_p28_cp161,-1840.7439549539758,1.0,head
h_p28_cp162,-1836.8411259068896,1.0,head
h_p28_cp163,-1836.8411259064712,1.0,head
h_p28_cp164,-2247.1391385275024,1.0,head
h_p28_cp165,-1836.8422392727748,1.0,head
h_p28_cp166,-2247.1389172448958,1.0,head
h_p28_cp167,-1836.8429429426415,1.0,head
h_p28_cp168,-2247.138774933853,1.0,head
h_p28_cp169,-1836.8433786236194,1.0,head
h_p28_cp170,-2247.138685271178,1.0,head
h_p28_cp171,-1836.8436430475722,1.0,head
h_p28_cp172,-2247.1386299138458,1.0,head
h_p28_cp173,-1836.8438004363466,1.0,head
h_p28_cp174,-2247.1385964134456,1.0,head
h_p28_cp175,-1836.8438923497881,1.0,head
h_p28_cp176,-2247.138576535044,1.0,head
h_p28_cp177,-1836.8439450374508,1.0,head
h_p28_cp178,-2247.1385649647596,1.0,head
h_p28_cp179,-1836.8439746968772,1.0,head
h_p28_cp180,-2247.13855835558,1.0,head
h_p28_cp181,-1836.843991100781,1.0,head
h_p28_cp182,-2247.138554648318,1.0,head
h_p28_cp183,-1836.844000018917,1.0,head
h_p28_cp184,-2247.1385526046006,1.0,head
h_p28_cp185,-1836.8440047871177,1.0,head
h_p28_cp186,-2247.138551495873,1.0,head
h_p28_cp187,-1836.8440072954604,1.0,head
h_p28_cp188,-2247.1385509024917,1.0,head
h_p28_cp189,-1836.8440085942182,1.0,head
h_p28_cp190,-2247.1385505876215,1.0,head
h_p28_cp191,-1836.8440092561495,1.0,head
h_p28_cp192,-2247.138550420217,1.0,head
h_p28_cp193,-1836.8440095879969,1.0,head
h_p28_cp194,-2247.138550329181,1.0,head
h_p28_cp195,-1836.844009751175,1.0,head
h_p28_cp196,-2247.1385502767475,1.0,head
h_p28_cp197,-1836.8440098291762,1.0,head
h_p28_cp198,-2247.138550243376,1.0,head
h_p28_cp199,-1836.8440098644596,1.0,head
h_p28_cp200,-2247.1385502193543,1.0,head
h_p28_cp201,-1836.8440098782564,1.0,head
h_p28_cp202,-2247.1385502002104,1.0,head
h_p28_cp203,-1836.8440098810108,1.0,head
h_p28_cp204,-2247.1385501842215,1.0,head
h_p28_cp205,-1836.8440098777999,1.0,head
h_p28_cp206,-2247.1385501710524,1.0,head
h_p28_cp207,-1836.8440098710903,1.0,head
h_p28_cp208,-2247.1385501609884,1.0,head
h_p28_cp209,-1836.844009862115,1.0,head
h_p28_cp210,-2247.1385501544796,1.0,head
h_p28_cp211,-1836.8440098515125,1.0,head
h_p28_cp212,-2247.1385501518716,1.0,head
h_p28_cp213,-1836.8440098395636,1.0,head
h_p28_cp214,-2247.1385501532413,1.0,head
h_p28_cp215,-1836.8440098261726,1.0,head
h_p28_cp216,-2247.13855015833,1.0,head
h_p28_cp217,-1836.8440098106519,1.0,head
h_p28_cp218,-2247.1385501665445,1.0,head
h_p28_cp219,-1836.844009791317,1.0,head
h_p28_cp220,-2247.138550177016,1.0,head
h_p28_cp221,-1836.8440097648634,1.0,head
h_p28_cp222,-2247.138550188686,1.0,head
h_p28_cp223,-1836.8440097254966,1.0,head
h_p28_cp224,-2247.1385502003995,1.0,head
h_p28_cp225,-1836.8440096637605,1.0,head
h_p28_cp226,-2247.1385502109724,1.0,head
h_p28_cp227,-1836.8440095650344,1.0,head
h_p28_cp228,-2247.138550219221,1.0,head
h_p28_cp229,-1836.8440094077046,1.0,head
h_p28_cp230,-2247.1385502239395,1.0,head
h_p28_cp231,-1836.8440091610962,1.0,head
h_p28_cp232,-2247.138550223834,1.0,head
h_p28_cp233,-1836.844008783411,1.0,head
h_p28_cp234,-2247.1385502174176,1.0,head
h_p28_cp235,-1836.8440082201034,1.0,head
h_p28_cp236,-2247.138550202916,1.0,head
h_p28_cp237,-1836.844007403393,1.0,head
h_p28_cp238,-2247.1385501782006,1.0,head
h_p28_cp239,-1836.8440062538416,1.0,head
h_p28_cp240,-2247.1385501408186,1.0,head
h_p28_cp241,-1836.8440046850387,1.0,head
h_p28_cp242,-2247.1385500881524,1.0,head
h_p28_cp243,-1836.8440026123274,1.0,head
h_p28_cp244,-2247.138550017762,1.0,head
h_p28_cp245,-1836.8439999660068,1.0,head
h_p28_cp246,-2247.1385499279036,1.0,head
h_p28_cp247,-1836.8439967084787,1.0,head
h_p28_cp248,-2247.138549818206,1.0,head
h_p28_cp249,-1836.8439928534463,1.0,head
h_p28_cp250,-2247.1385496903813,1.0,head
h_p28_cp251,-1836.8439884837317,1.0,head
h_p28_cp252,-2247.1385495488153,1.0,head
h_p28_cp253,-1836.8439837630349,1.0,head
h_p28_cp254,-2247.1385494008123,1.0,head
h_p28_cp255,-1836.8439789366173,1.0,head
h_p28_cp256,-2247.138549256321,1.0,head
h_p28_cp257,-1836.8439743169872,1.0,head
h_p28_cp258,-2247.138549127012,1.0,head
h_p28_cp259,-1836.8439702534267,1.0,head
h_p28_cp260,-2247.138549024776,1.0,head
h_p28_cp261,-1836.8439670881864,1.0,head
h_p28_cp262,-2247.1385489598706,1.0,head
h_p28_cp263,-1836.8439651064425,1.0,head
h_p28_cp264,-2247.138548939106,1.0,head
h_p28_cp265,-1836.8439644900675,1.0,head
h_p28_cp266,-2247.138548964495,1.0,head
h_p28_cp267,-1836.843965285745,1.0,head
h_p28_cp268,-2247.138549032703,1.0,head
h_p28_cp269,-1836.8439673952807,1.0,head
h_p28_cp270,-2247.1385491354085,1.0,head
h_p28_cp271,-1836.8439705907872,1.0,head
h_p28_cp272,-2247.138549260444,1.0,head
h_p28_cp273,-1836.843974551351,1.0,head
h_p28_cp274,-2247.1385493933362,1.0,head
h_p28_cp275,-1836.8439789127876,1.0,head
h_p28_cp276,-2247.1385495188188,1.0,head
h_p28_cp277,-1836.8439833197415,1.0,head
h_p28_cp278,-2247.138549621902,1.0,head
h_p28_cp279,-1836.8439874700862,1.0,head
h_p28_cp280,-2247.138549688299,1.0,head
h_p28_cp281,-1836.8439911447101,1.0,head
h_p28_cp282,-2247.1385497041792,1.0,head
h_p28_cp283,-1836.8439942199973,1.0,head
h_p28_cp284,-2247.138549655453,1.0,head
h_p28_cp285,-1836.8439966641893,1.0,head
h_p28_cp286,-2247.1385495269315,1.0,head
h_p28_cp287,-1836.8439985214914,1.0,head
h_p28_cp288,-2247.1385493017447,1.0,head
h_p28_cp289,-1836.843999888957,1.0,head
h_p28_cp290,-2247.138548961438,1.0,head
h_p28_cp291,-1836.8440008911284,1.0,head
h_p28_cp292,-2247.138548487053,1.0,head
h_p28_cp293,-1836.844001656545,1.0,head
h_p28_cp294,-2247.1385478614047,1.0,head
h_p28_cp295,-1836.8440022990478,1.0,head
h_p28_cp296,-2247.1385470725404,1.0,head
h_p28_cp297,-1836.844002905533,1.0,head
h_p28_cp298,-2247.1385461180876,1.0,head
h_p28_cp299,-1836.844003530583,1.0,head
h_p28_cp300,-2247.1385450098774,1.0,head
h_p28_cp301,-1836.8440041973226,1.0,head
h_p28_cp302,-2247.1385437779118,1.0,head
h_p28_cp303,-1836.8440049030028,1.0,head
h_p28_cp304,-2247.1385424725104,1.0,head
h_p28_cp305,-1836.844005627326,1.0,head
h_p28_cp306,-2247.1385411635383,1.0,head
h_p28_cp307,-1836.844006341438,1.0,head
h_p28_cp308,-2247.138539935915,1.0,head
h_p28_cp309,-1836.8440070158565,1.0,head
h_p28_cp310,-2247.1385388813715,1.0,head
h_p28_cp311,-1836.8440076262168,1.0,head
h_p28_cp312,-2247.1385380873116,1.0,head
h_p28_cp313,-1836.844008156423,1.0,head
h_p28_cp314,-2247.1385376246194,1.0,head
h_p28_cp315,-1836.8440085994139,1.0,head
h_p28_cp316,-2247.138537536814,1.0,head
h_p28_cp317,-1836.8440089561534,1.0,head
h_p28_cp318,-2247.1385378329664,1.0,head
h_p28_cp319,-1836.844009233606,1.0,head
h_p28_cp320,-2247.1385384860782,1.0,head
h_p28_cp321,-1836.844009442395,1.0,head
h_p28_cp322,-2247.1385394373397,1.0,head
h_p28_cp323,-1836.8440095946619,1.0,head
h_p28_cp324,-2247.1385406053205,1.0,head
h_p28_cp325,-1836.844009702396,1.0,head
h_p28_cp326,-2247.1385418979867,1.0,head
h_p28_cp327,-1836.84400977633,1.0,head
h_p28_cp328,-2247.138543225017,1.0,head
h_p28_cp329,-1836.8440098253172,1.0,head
h_p28_cp330,-2247.1385445081214,1.0,head
h_p28_cp331,-1836.8440098560325,1.0,head
h_p28_cp332,-2247.13854568791,1.0,head
h_p28_cp333,-1836.8440098727622,1.0,head
h_p28_cp334,-2247.138546726927,1.0,head
h_p28_cp335,-1836.84400987699,1.0,head
h_p28_cp336,-2247.1385476094565,1.0,head
h_p28_cp337,-1836.8440098663282,1.0,head
h_p28_cp338,-2247.1385483394374,1.0,head
h_p28_cp339,-1836.8440098320705,1.0,head
h_p28_cp340,-2247.1385489382665,1.0,head
h_p28_cp341,-1836.8440097540515,1.0,head
h_p28_cp342,-2247.138549444562,1.0,head
h_p28_cp343,-1836.844009590423,1.0,head
h_p28_cp344,-2247.138549918362,1.0,head
h_p28_cp345,-1836.8440092580165,1.0,head
h_p28_cp346,-2247.138550453067,1.0,head
h_p28_cp347,-1836.8440085955688,1.0,head
h_p28_cp348,-2247.138551200006,1.0,head
h_p28_cp349,-1836.8440072963924,1.0,head
h_p28_cp350,-2247.1385524132,1.0,head
h_p28_cp351,-1836.8440047877352,1.0,head
h_p28_cp352,-2247.138554526052,1.0,head
h_p28_cp353,-1836.8440000193107,1.0,head
h_p28_cp354,-2247.138558277609,1.0,head
h_p28_cp355,-1836.8439911010191,1.0,head
h_p28_cp356,-2247.1385649138897,1.0,head
h_p28_cp357,-1836.8439746970082,1.0,head
h_p28_cp358,-2247.138576499417,1.0,head
h_p28_cp359,-1836.8439450375072,1.0,head
h_p28_cp360,-2247.1385963847556,1.0,head
h_p28_cp361,-1836.843892349787,1.0,head
h_p28_cp362,-2247.138629886045,1.0,head
h_p28_cp363,-1836.843800436296,1.0,head
h_p28_cp364,-2247.138685239594,1.0,head
h_p28_cp365,-1836.8436430474715,1.0,head
h_p28_cp366,-2247.1387748946536,1.0,head
h_p28_cp367,-1836.843378623461,1.0,head
h_p28_cp368,-2247.1389171948317,1.0,head
h_p28_cp369,-1836.842942942413,1.0,head
h_p28_cp370,-2247.1391384638728,1.0,head
h_p28_cp371,-1836.8422392724601,1.0,head
h_p29_cp0,-2246.930684393437,1.0,head
h_p29_cp1,-2246.930684313931,1.0,head
h_p29_cp2,-2243.075908159412,1.0,head
h_p29_cp3,-2243.0759080944013,1.0,head
h_p29_cp4,-2238.8620457257525,1.0,head
h_p29_cp5,-2238.8620456742615,1.0,head
h_p29_cp6,-2234.3696899073175,1.0,head
h_p29_cp7,-2234.3696898667667,1.0,head
h_p29_cp8,-2229.6683069393757,1.0,head
h_p29_cp9,-2229.6683069058804,1.0,head
h_p29_cp10,-2224.81491478511,1.0,head
h_p29_cp11,-2224.8149147534605,1.0,head
h_p29_cp12,-2219.8542869982907,1.0,head
h_p29_cp13,-2219.854286961473,1.0,head
h_p29_cp14,-2214.8201841372575,1.0,head
h_p29_cp15,-2214.8201840861107,1.0,head
h_p29_cp16,-2209.7371259508827,1.0,head
h_p29_cp17,-2209.737125872868,1.0,head
h_p29_cp18,-2204.622310930255,1.0,head
h_p29_cp19,-2204.622310807433,1.0,head
h_p29_cp20,-2199.487416243739,1.0,head
h_p29_cp21,-2199.487416050204,1.0,head
h_p29_cp22,-2194.3401322864775,1.0,head
h_p29_cp23,-2194.3401319853856,1.0,head
h_p29_cp24,-2189.1853808421424,1.0,head
h_p29_cp25,-2189.1853803825556,1.0,head
h_p29_cp26,-2184.026227976306,1.0,head
h_p29_cp27,-2184.0262272903224,1.0,head
h_p29_cp28,-2178.864535701603,1.0,head
h_p29_cp29,-2178.864534702595,1.0,head
h_p29_cp30,-2173.7014079097808,1.0,head
h_p29_cp31,-2173.701406492994,1.0,head
h_p29_cp32,-2168.5374842798656,1.0,head
h_p29_cp33,-2168.5374823269567,1.0,head
h_p29_cp34,-2163.373127547065,1.0,head
h_p29_cp35,-2163.373124936358,1.0,head
h_p29_cp36,-2158.208539204071,1.0,head
h_p29_cp37,-2158.2085358280387,1.0,head
h_p29_cp38,-2153.043828990983,1.0,head
h_p29_cp39,-2153.0438247816314,1.0,head
h_p29_cp40,-2147.879055554243,1.0,head
h_p29_cp41,-2147.8790505154416,1.0,head
h_p29_cp42,-2142.7142496675647,1.0,head
h_p29_cp43,-2142.714243911066,1.0,head
h_p29_cp44,-2137.5494272000824,1.0,head
h_p29_cp45,-2137.54942097928,1.0,head
h_p29_cp46,-2132.3845962109654,1.0,head
h_p29_cp47,-2132.384589944083,1.0,head
h_p29_cp48,-2127.21976075819,1.0,head
h_p29_cp49,-2127.219755031577,1.0,head
h_p29_cp50,-2122.0549229074627,1.0,head
h_p29_cp51,-2122.0549184509664,1.0,head
h_p29_cp52,-2116.8900837718056,1.0,head
h_p29_cp53,-2116.890081402428,1.0,head
h_p29_cp54,-2111.725244034359,1.0,head
h_p29_cp55,-2111.7252445713316,1.0,head
h_p29_cp56,-2106.560404195725,1.0,head
h_p29_cp57,-2106.560408358336,1.0,head
h_p29_cp58,-2101.3955646735317,1.0,head
h_p29_cp59,-2101.395572980119,1.0,head
h_p29_cp60,-2096.230725823469,1.0,head
h_p29_cp61,-2096.230738513143,1.0,head
h_p29_cp62,-2091.065887922366,1.0,head
h_p29_cp63,-2091.065904918336,1.0,head
h_p29_cp64,-2085.901051140052,1.0,head
h_p29_cp65,-2085.901072064718,1.0,head
h_p29_cp66,-2080.7362155185633,1.0,head
h_p29_cp67,-2080.736239757924,1.0,head
h_p29_cp68,-2075.5713809703125,1.0,head
h_p29_cp69,-2075.571407772609,1.0,head
h_p29_cp70,-2070.4065472992984,1.0,head
h_p29_cp71,-2070.406575884314,1.0,head
h_p29_cp72,-2065.241714242055,1.0,head
h_p29_cp73,-2065.2417438959515,1.0,head
h_p29_cp74,-2060.076881519135,1.0,head
h_p29_cp75,-2060.076911655412,1.0,head
h_p29_cp76,-2054.9120488851595,1.0,head
h_p29_cp77,-2054.912079063155,1.0,head
h_p29_cp78,-2049.747216166254,1.0,head
h_p29_cp79,-2049.747246070779,1.0,head
h_p29_cp80,-2044.5823832776327,1.0,head
h_p29_cp81,-2044.5824126730965,1.0,head
h_p29_cp82,-2039.417550219584,1.0,head
h_p29_cp83,-2039.417578896742,1.0,head
h_p29_cp84,-2034.2527170556018,1.0,head
h_p29_cp85,-2034.2527447881178,1.0,head
h_p29_cp86,-2029.0878838801932,1.0,head
h_p29_cp87,-2029.0879104026865,1.0,head
h_p29_cp88,-2023.9230507853717,1.0,head
h_p29_cp89,-2023.9230757967505,1.0,head
h_p29_cp90,-2018.7582178337589,1.0,head
h_p29_cp91,-2018.7582410219998,1.0,head
h_p29_cp92,-2013.5933850434014,1.0,head
h_p29_cp93,-2013.5934061226008,1.0,head
h_p29_cp94,-2008.428552385691,1.0,head
h_p29_cp95,-2008.428571134253,1.0,head
h_p29_cp96,-2003.2637197944732,1.0,head
h_p29_cp97,-2003.2637360846359,1.0,head
h_p29_cp98,-1998.0988871821855,1.0,head
h_p29_cp99,-1998.0989009947316,1.0,head
h_p29_cp100,-1992.9340544583042,1.0,head
h_p29_cp101,-1992.9340658807914,1.0,head
h_p29_cp102,-1987.7692215462102,1.0,head
h_p29_cp103,-1987.7692307570492,1.0,head
h_p29_cp104,-1982.6043883966622,1.0,head
h_p29_cp105,-1982.6043956399171,1.0,head
h_p29_cp106,-1977.4395549988355,1.0,head
h_p29_cp107,-1977.439560555465,1.0,head
h_p29_cp108,-1972.2747213935259,1.0,head
h_p29_cp109,-1972.274725554144,1.0,head
h_p29_cp110,-1967.1098876982514,1.0,head
h_p29_cp111,-1967.1098907409425,1.0,head
h_p29_cp112,-1961.9450541628196,1.0,head
h_p29_cp113,-1961.9450563377281,1.0,head
h_p29_cp114,-1956.7802212905158,1.0,head
h_p29_cp115,-1956.7802228113019,1.0,head
h_p29_cp116,-1951.6153900923055,1.0,head
h_p29_cp117,-1951.6153911334773,1.0,head
h_p29_cp118,-1946.4505626031485,1.0,head
h_p29_cp119,-1946.4505633017022,1.0,head
h_p29_cp120,-1941.285742905047,1.0,head
h_p29_cp121,-1941.285743364776,1.0,head
h_p29_cp122,-1936.120939112831,1.0,head
h_p29_cp123,-1936.1209394098803,1.0,head
h_p29_cp124,-1930.9561671550182,1.0,head
h_p29_cp125,-1930.9561673436315,1.0,head
h_p29_cp126,-1925.7914578342572,1.0,head
h_p29_cp127,-1925.791457952047,1.0,head
h_p29_cp128,-1920.6268697483729,1.0,head
h_p29_cp129,-1920.6268698207796,1.0,head
h_p29_cp130,-1915.4625124367567,1.0,head
h_p29_cp131,-1915.4625124805987,1.0,head
h_p29_cp132,-1910.2985869106303,1.0,head
h_p29_cp133,-1910.298586936791,1.0,head
h_p29_cp134,-1905.135454914144,1.0,head
h_p29_cp135,-1905.135454929529,1.0,head
h_p29_cp136,-1899.9737542201196,1.0,head
h_p29_cp137,-1899.9737542290306,1.0,head
h_p29_cp138,-1894.8145851932134,1.0,head
h_p29_cp139,-1894.814585198283,1.0,head
h_p29_cp140,-1889.6598034999358,1.0,head
h_p29_cp141,-1889.6598035027512,1.0,head
h_p29_cp142,-1884.512464063739,1.0,head
h_p29_cp143,-1884.5124640652384,1.0,head
h_p29_cp144,-1879.3774695706047,1.0,head
h_p29_cp145,-1879.3774695713375,1.0,head
h_p29_cp146,-1874.262478492454,1.0,head
h_p29_cp147,-1874.2624784927373,1.0,head
h_p29_cp148,-1869.1791160511618,1.0,head
h_p29_cp149,-1869.1791160511757,1.0,head
h_p29_cp150,-1864.1444986463273,1.0,head
h_p29_cp151,-1864.144498646175,1.0,head
h_p29_cp152,-1859.183020384062,1.0,head
h_p29_cp153,-1859.1830203838028,1.0,head
h_p29_cp154,-1854.3282560958999,1.0,head
h_p29_cp155,-1854.3282560955706,1.0,head
h_p29_cp156,-1849.6247146839385,1.0,head
h_p29_cp157,-1849.624714683564,1.0,head
h_p29_cp158,-1845.1290504303204,1.0,head
h_p29_cp159,-1845.1290504299172,1.0,head
h_p29_cp160,-1840.9102456271946,1.0,head
h_p29_cp161,-1840.910245626775,1.0,head
h_p29_cp162,-1837.048265711291,1.0,head
h_p29_cp163,-1837.0482657108632,1.0,head
h_p29_cp164,-2246.9303291997276,1.0,head
h_p29_cp165,-1837.0494795343848,1.0,head
h_p29_cp166,-2246.9300935639358,1.0,head
h_p29_cp167,-1837.0502535594928,1.0,head
h_p29_cp168,-2246.92994041605,1.0,head
h_p29_cp169,-1837.0507373617284,1.0,head
h_p29_cp170,-2246.9298428722823,1.0,head
h_p29_cp171,-1837.0510339320344,1.0,head
h_p29_cp172,-2246.929781973029,1.0,head
h_p29_cp173,-1837.0512122997013,1.0,head
h_p29_cp174,-2246.929744694165,1.0,head
h_p29_cp175,-1837.0513175931017,1.0,head
h_p29_cp176,-2246.9297223127105,1.0,head
h_p29_cp177,-1837.051378624551,1.0,head
h_p29_cp178,-2246.929709128486,1.0,head
h_p29_cp179,-1837.0514133744496,1.0,head
h_p29_cp180,-2246.9297015048023,1.0,head
h_p29_cp181,-1837.05143281863,1.0,head
h_p29_cp182,-2246.929697174868,1.0,head
h_p29_cp183,-1837.051443515509,1.0,head
h_p29_cp184,-2246.9296947572916,1.0,head
h_p29_cp185,-1837.0514493038056,1.0,head
h_p29_cp186,-2246.929693428406,1.0,head
h_p29_cp187,-1837.0514523859433,1.0,head
h_p29_cp188,-2246.9296927073124,1.0,head
h_p29_cp189,-1837.0514540014008,1.0,head
h_p29_cp190,-2246.9296923188763,1.0,head
h_p29_cp191,-1837.051454834855,1.0,head
h_p29_cp192,-2246.9296921087666,1.0,head
h_p29_cp193,-1837.0514552577572,1.0,head
h_p29_cp194,-2246.9296919921157,1.0,head
h_p29_cp195,-1837.0514554681304,1.0,head
h_p29_cp196,-2246.929691923254,1.0,head
h_p29_cp197,-1837.0514555697434,1.0,head
h_p29_cp198,-2246.9296918782743,1.0,head
h_p29_cp199,-1837.051455616059,1.0,head
h_p29_cp200,-2246.9296918451896,1.0,head
h_p29_cp201,-1837.0514556341604,1.0,head
h_p29_cp202,-2246.9296918184664,1.0,head
h_p29_cp203,-1837.0514556375508,1.0,head
h_p29_cp204,-2246.929691796006,1.0,head
h_p29_cp205,-1837.0514556328822,1.0,head
h_p29_cp206,-2246.9296917774636,1.0,head
h_p29_cp207,-1837.0514556234316,1.0,head
h_p29_cp208,-2246.9296917632782,1.0,head
h_p29_cp209,-1837.0514556108506,1.0,head
h_p29_cp210,-2246.9296917540846,1.0,head
h_p29_cp211,-1837.0514555959844,1.0,head
h_p29_cp212,-2246.92969175036,1.0,head
h_p29_cp213,-1837.0514555791685,1.0,head
h_p29_cp214,-2246.929691752205,1.0,head
h_p29_cp215,-1837.0514555601865,1.0,head
h_p29_cp216,-2246.9296917592574,1.0,head
h_p29_cp217,-1837.0514555379652,1.0,head
h_p29_cp218,-2246.929691770689,1.0,head
h_p29_cp219,-1837.05145551001,1.0,head
h_p29_cp220,-2246.929691785285,1.0,head
h_p29_cp221,-1837.0514554715537,1.0,head
h_p29_cp222,-2246.9296918015575,1.0,head
h_p29_cp223,-1837.0514554143756,1.0,head
h_p29_cp224,-2246.9296918178707,1.0,head
h_p29_cp225,-1837.0514553252376,1.0,head
h_p29_cp226,-2246.9296918325304,1.0,head
h_p29_cp227,-1837.051455183905,1.0,head
h_p29_cp228,-2246.9296918438226,1.0,head
h_p29_cp229,-1837.051454960781,1.0,head
h_p29_cp230,-2246.929691849982,1.0,head
h_p29_cp231,-1837.0514546143033,1.0,head
h_p29_cp232,-2246.929691849107,1.0,head
h_p29_cp233,-1837.051454088438,1.0,head
h_p29_cp234,-2246.929691839023,1.0,head
h_p29_cp235,-1837.0514533108621,1.0,head
h_p29_cp236,-2246.929691817162,1.0,head
h_p29_cp237,-1837.0514521927423,1.0,head
h_p29_cp238,-2246.929691780496,1.0,head
h_p29_cp239,-1837.0514506312704,1.0,head
h_p29_cp240,-2246.929691725594,1.0,head
h_p29_cp241,-1837.0514485162357,1.0,head
h_p29_cp242,-2246.9296916488724,1.0,head
h_p29_cp243,-1837.0514457416905,1.0,head
h_p29_cp244,-2246.9296915470845,1.0,head
h_p29_cp245,-1837.051442223104,1.0,head
h_p29_cp246,-2246.929691418045,1.0,head
h_p29_cp247,-1837.05143791915,1.0,head
h_p29_cp248,-2246.9296912615478,1.0,head
h_p29_cp249,-1837.051432855585,1.0,head
h_p29_cp250,-2246.9296910803064,1.0,head
h_p29_cp251,-1837.0514271468392,1.0,head
h_p29_cp252,-2246.9296908807055,1.0,head
h_p29_cp253,-1837.05142100952,1.0,head
h_p29_cp254,-2246.929690673073,1.0,head
h_p29_cp255,-1837.0514147617976,1.0,head
h_p29_cp256,-2246.9296904712414,1.0,head
h_p29_cp257,-1837.0514088041102,1.0,head
h_p29_cp258,-2246.929690291258,1.0,head
h_p29_cp259,-1837.0514035801139,1.0,head
h_p29_cp260,-2246.92969014934,1.0,head
h_p29_cp261,-1837.0513995216672,1.0,head
h_p29_cp262,-2246.9296900593927,1.0,head
h_p29_cp263,-1837.0513969866893,1.0,head
h_p29_cp264,-2246.9296900305935,1.0,head
h_p29_cp265,-1837.0513962022187,1.0,head
h_p29_cp266,-2246.9296900656063,1.0,head
h_p29_cp267,-1837.0513972253973,1.0,head
h_p29_cp268,-2246.9296901598445,1.0,head
h_p29_cp269,-1837.0513999318177,1.0,head
h_p29_cp270,-2246.92969030194,1.0,head
h_p29_cp271,-1837.0514040344108,1.0,head
h_p29_cp272,-2246.9296904752314,1.0,head
h_p29_cp273,-1837.0514091287562,1.0,head
h_p29_cp274,-2246.9296906598,1.0,head
h_p29_cp275,-1837.0514147546796,1.0,head
h_p29_cp276,-2246.929690834487,1.0,head
h_p29_cp277,-1837.0514204610638,1.0,head
h_p29_cp278,-2246.92969097836,1.0,head
h_p29_cp279,-1837.051425861571,1.0,head
h_p29_cp280,-2246.929691071347,1.0,head
h_p29_cp281,-1837.0514306726268,1.0,head
h_p29_cp282,-2246.929691094004,1.0,head
h_p29_cp283,-1837.0514347300832,1.0,head
h_p29_cp284,-2246.929691026669,1.0,head
h_p29_cp285,-1837.0514379857511,1.0,head
h_p29_cp286,-2246.929690848451,1.0,head
h_p29_cp287,-1837.0514404883593,1.0,head
h_p29_cp288,-2246.9296905365627,1.0,head
h_p29_cp289,-1837.0514423551035,1.0,head
h_p29_cp290,-2246.929690066538,1.0,head
h_p29_cp291,-1837.0514437399945,1.0,head
h_p29_cp292,-2246.9296894137465,1.0,head
h_p29_cp293,-1837.051444804239,1.0,head
h_p29_cp294,-2246.9296885564536,1.0,head
h_p29_cp295,-1837.0514456924257,1.0,head
h_p29_cp296,-2246.929687480378,1.0,head
h_p29_cp297,-1837.051446516674,1.0,head
h_p29_cp298,-2246.929686184344,1.0,head
h_p29_cp299,-1837.0514473493452,1.0,head
h_p29_cp300,-2246.9296846861876,1.0,head
h_p29_cp301,-1837.0514482235592,1.0,head
h_p29_cp302,-2246.9296830276944,1.0,head
h_p29_cp303,-1837.051449139687,1.0,head
h_p29_cp304,-2246.9296812771036,1.0,head
h_p29_cp305,-1837.0514500753875,1.0,head
h_p29_cp306,-2246.929679527771,1.0,head
h_p29_cp307,-1837.0514509966495,1.0,head
h_p29_cp308,-2246.9296778920684,1.0,head
h_p29_cp309,-1837.0514518676823,1.0,head
h_p29_cp310,-2246.9296764905253,1.0,head
h_p29_cp311,-1837.0514526582417,1.0,head
h_p29_cp312,-2246.9296754373904,1.0,head
h_p29_cp313,-1837.0514533478233,1.0,head
h_p29_cp314,-2246.929674824956,1.0,head
h_p29_cp315,-1837.051453926912,1.0,head
h_p29_cp316,-2246.9296747097114,1.0,head
h_p29_cp317,-1837.051454395984,1.0,head
h_p29_cp318,-2246.9296751033407,1.0,head
h_p29_cp319,-1837.0514547631656,1.0,head
h_p29_cp320,-2246.9296759706726,1.0,head
h_p29_cp321,-1837.051455041409,1.0,head
h_p29_cp322,-2246.9296772351277,1.0,head
h_p29_cp323,-1837.0514552458314,1.0,head
h_p29_cp324,-2246.9296787904404,1.0,head
h_p29_cp325,-1837.0514553915887,1.0,head
h_p29_cp326,-2246.9296805160657,1.0,head
h_p29_cp327,-1837.0514554924173,1.0,head
h_p29_cp328,-2246.92968229305,1.0,head
h_p29_cp329,-1837.0514555597751,1.0,head
h_p29_cp330,-2246.929684017483,1.0,head
h_p29_cp331,-1837.0514556023852,1.0,head
h_p29_cp332,-2246.9296856096244,1.0,head
h_p29_cp333,-1837.0514556259072,1.0,head
h_p29_cp334,-2246.92968701814,1.0,head
h_p29_cp335,-1837.05145563236,1.0,head
h_p29_cp336,-2246.929688220141,1.0,head
h_p29_cp337,-1837.0514556187386,1.0,head
h_p29_cp338,-2246.929689218644,1.0,head
h_p29_cp339,-1837.0514555739276,1.0,head
h_p29_cp340,-2246.929690039641,1.0,head
h_p29_cp341,-1837.051455472322,1.0,head
h_p29_cp342,-2246.929690731316,1.0,head
h_p29_cp343,-1837.0514552613217,1.0,head
h_p29_cp344,-2246.9296913683474,1.0,head
h_p29_cp345,-1837.0514548376211,1.0,head
h_p29_cp346,-2246.9296920650963,1.0,head
h_p29_cp347,-1837.0514540034192,1.0,head
h_p29_cp348,-2246.9296930030364,1.0,head
h_p29_cp349,-1837.0514523873487,1.0,head
h_p29_cp350,-2246.929694480555,1.0,head
h_p29_cp351,-1837.0514493047465,1.0,head
h_p29_cp352,-2246.929696997363,1.0,head
h_p29_cp353,-1837.0514435161158,1.0,head
h_p29_cp354,-2246.929701391629,1.0,head
h_p29_cp355,-1837.0514328190052,1.0,head
h_p29_cp356,-2246.9297090554505,1.0,head
h_p29_cp357,-1837.051413374666,1.0,head
h_p29_cp358,-2246.9297222632035,1.0,head
h_p29_cp359,-1837.051378624658,1.0,head
h_p29_cp360,-2246.929744656741,1.0,head
h_p29_cp361,-1837.0513175931299,1.0,head
h_p29_cp362,-2246.9297819396256,1.0,head
h_p29_cp363,-1837.0512122996652,1.0,head
h_p29_cp364,-2246.9298428369852,1.0,head
h_p29_cp365,-1837.0510339319385,1.0,head
h_p29_cp366,-2246.92994037431,1.0,head
h_p29_cp367,-1837.0507373615685,1.0,head
h_p29_cp368,-2246.93009351214,1.0,head
h_p29_cp369,-1837.050253559259,1.0,head
h_p29_cp370,-2246.930329135056,1.0,head
h_p29_cp371,-1837.049479534062,1.0,head
h_p30_cp0,-2246.7214665079036,1.0,head
h_p30_cp1,-2246.721466428071,1.0,head
h_p30_cp2,-2242.906875116107,1.0,head
h_p30_cp3,-2242.906875049983,1.0,head
h_p30_cp4,-2238.729907527176,1.0,head
h_p30_cp5,-2238.7299074735233,1.0,head
h_p30_cp6,-2234.2696399631427,1.0,head
h_p30_cp7,-2234.2696399191186,1.0,head
h_p30_cp8,-2229.5948539934147,1.0,head
h_p30_cp9,-2229.594853954578,1.0,head
h_p30_cp10,-2224.7625676520483,1.0,head
h_p30_cp11,-2224.7625676121374,1.0,head
h_p30_cp12,-2219.818032529909,1.0,head
h_p30_cp13,-2219.8180324802074,1.0,head
h_p30_cp14,-2214.7957550276506,1.0,head
h_p30_cp15,-2214.79575495613,1.0,head
h_p30_cp16,-2209.721092868404,1.0,head
h_p30_cp17,-2209.7210927580645,1.0,head
h_p30_cp18,-2204.612050515966,1.0,head
h_p30_cp19,-2204.6120503423117,1.0,head
h_p30_cp20,-2199.481006907503,1.0,head
h_p30_cp21,-2199.4810066353157,1.0,head
h_p30_cp22,-2194.3362202008957,1.0,head
h_p30_cp23,-2194.336219780517,1.0,head
h_p30_cp24,-2189.1830453277153,1.0,head
h_p30_cp25,-2189.1830446911795,1.0,head
h_p30_cp26,-2184.0248629058324,1.0,head
h_p30_cp27,-2184.024861963529,1.0,head
h_p30_cp28,-2178.8637538177873,1.0,head
h_p30_cp29,-2178.863752456746,1.0,head
h_p30_cp30,-2173.700968586643,1.0,head
h_p30_cp31,-2173.7009666720433,1.0,head
h_p30_cp32,-2168.53724183186,1.0,head
h_p30_cp33,-2168.537239213743,1.0,head
h_p30_cp34,-2163.3729958781396,1.0,head
h_p30_cp35,-2163.3729924054555,1.0,head
h_p30_cp36,-2158.2084685639647,1.0,head
h_p30_cp37,-2158.208464107659,1.0,head
h_p30_cp38,-2153.0437912165007,1.0,head
h_p30_cp39,-2153.043785702218,1.0,head
h_p30_cp40,-2147.879034988829,1.0,head
h_p30_cp41,-2147.879028437711,1.0,head
h_p30_cp42,-2142.714237733822,1.0,head
h_p30_cp43,-2142.714230307046,1.0,head
h_p30_cp44,-2137.5494192427086,1.0,head
h_p30_cp45,-2137.549411282167,1.0,head
h_p30_cp46,-2132.384589708414,1.0,head
h_p30_cp47,-2132.3845817632737,1.0,head
h_p30_cp48,-2127.219754337129,1.0,head
h_p30_cp49,-2127.219747165019,1.0,head
h_p30_cp50,-2122.0549158161384,1.0,head
h_p30_cp51,-2122.0549103495923,1.0,head
h_p30_cp52,-2116.89007560875,1.0,head
h_p30_cp53,-2116.890072882923,1.0,head
h_p30_cp54,-2111.7252346142795,1.0,head
h_p30_cp55,-2111.725235660409,1.0,head
h_p30_cp56,-2106.5603934848587,1.0,head
h_p30_cp57,-2106.56039920378,1.0,head
h_p30_cp58,-2101.395552756138,1.0,head
h_p30_cp59,-2101.3955637943936,1.0,head
h_p30_cp60,-2096.230712878379,1.0,head
h_p30_cp61,-2096.2307295329615,1.0,head
h_p30_cp62,-2091.06587419911,1.0,head
h_p30_cp63,-2091.065896373353,1.0,head
h_p30_cp64,-2085.9010369309485,1.0,head
h_p30_cp65,-2085.901064153477,1.0,head
h_p30_cp66,-2080.7362011276887,1.0,head
h_p30_cp67,-2080.7362326312395,1.0,head
h_p30_cp68,-2075.5713666829442,1.0,head
h_p30_cp69,-2075.571401524812,1.0,head
h_p30_cp70,-2070.406533356402,1.0,head
h_p30_cp71,-2070.406570552146,1.0,head
h_p30_cp72,-2065.2417008237994,1.0,head
h_p30_cp73,-2065.241739463978,1.0,head
h_p30_cp74,-2060.0768687396526,1.0,head
h_p30_cp75,-2060.0769080660784,1.0,head
h_p30_cp76,-2054.912036798395,1.0,head
h_p30_cp77,-2054.9120762292764,1.0,head
h_p30_cp78,-2049.747204780466,1.0,head
h_p30_cp79,-2049.74724388834,1.0,head
h_p30_cp80,-2044.5823725745136,1.0,head
h_p30_cp81,-2044.5824110326969,1.0,head
h_p30_cp82,-2039.417540173443,1.0,head
h_p30_cp83,-2039.417577692638,1.0,head
h_p30_cp84,-2034.2527076486144,1.0,head
h_p30_cp85,-2034.2527439244477,1.0,head
h_p30_cp86,-2029.0878751111488,1.0,head
h_p30_cp87,-2029.0879097969796,1.0,head
h_p30_cp88,-2023.9230426711674,1.0,head
h_p30_cp89,-2023.923075381167,1.0,head
h_p30_cp90,-2018.7582104046178,1.0,head
h_p30_cp91,-2018.7582407429077,1.0,head
h_p30_cp92,-2013.593378334029,1.0,head
h_p30_cp93,-2013.5934059391104,1.0,head
h_p30_cp94,-2008.4285464251188,1.0,head
h_p30_cp95,-2008.4285710162555,1.0,head
h_p30_cp96,-2003.263714597162,1.0,head
h_p30_cp97,-2003.2637360107724,1.0,head
h_p30_cp98,-1998.0988827422752,1.0,head
h_p30_cp99,-1998.098900950623,1.0,head
h_p30_cp100,-1992.9340507479737,1.0,head
h_p30_cp101,-1992.9340658578092,1.0,head
h_p30_cp102,-1987.769218518322,1.0,head
h_p30_cp103,-1987.7692307519774,1.0,head
h_p30_cp104,-1982.604385991438,1.0,head
h_p30_cp105,-1982.6043956561127,1.0,head
h_p30_cp106,-1977.4395531546058,1.0,head
h_p30_cp107,-1977.4395606067415,1.0,head
h_p30_cp108,-1972.2747200628294,1.0,head
h_p30_cp109,-1972.2747256738596,1.0,head
h_p30_cp110,-1967.1098868732965,1.0,head
h_p30_cp111,-1967.1098910012781,1.0,head
h_p30_cp112,-1961.9450539194415,1.0,head
h_p30_cp113,-1961.9450568888883,1.0,head
h_p30_cp114,-1956.7802218690756,1.0,head
h_p30_cp115,-1956.7802239593204,1.0,head
h_p30_cp116,-1951.6153920506235,1.0,head
h_p30_cp117,-1951.6153934916308,1.0,head
h_p30_cp118,-1946.4505671059858,1.0,head
h_p30_cp119,-1946.4505680797636,1.0,head
h_p30_cp120,-1941.2857522656127,1.0,head
h_p30_cp121,-1941.2857529112098,1.0,head
h_p30_cp122,-1936.1209577878383,1.0,head
h_p30_cp123,-1936.1209582081335,1.0,head
h_p30_cp124,-1930.9562035355923,1.0,head
h_p30_cp125,-1930.9562038045067,1.0,head
h_p30_cp126,-1925.791527396885,1.0,head
h_p30_cp127,-1925.791527566125,1.0,head
h_p30_cp128,-1920.6270004648263,1.0,head
h_p30_cp129,-1920.6270005696736,1.0,head
h_p30_cp130,-1915.4627538204581,1.0,head
h_p30_cp131,-1915.4627538844427,1.0,head
h_p30_cp132,-1910.2990247157807,1.0,head
h_p30_cp133,-1910.2990247542657,1.0,head
h_p30_cp134,-1905.1362342791697,1.0,head
h_p30_cp135,-1905.136234301989,1.0,head
h_p30_cp136,-1899.9751148538144,1.0,head
h_p30_cp137,-1899.9751148671492,1.0,head
h_p30_cp138,-1894.8169128008021,1.0,head
h_p30_cp139,-1894.8169128084692,1.0,head
h_p30_cp140,-1889.6637016074076,1.0,head
h_p30_cp141,-1889.6637016117265,1.0,head
h_p30_cp142,-1884.5188490729126,1.0,head
h_p30_cp143,-1884.5188490752707,1.0,head
h_p30_cp144,-1879.3876884412966,1.0,head
h_p30_cp145,-1879.3876884425122,1.0,head
h_p30_cp146,-1874.2784420894648,1.0,head
h_p30_cp147,-1874.278442090014,1.0,head
h_p30_cp148,-1869.2034314936427,1.0,head
h_p30_cp149,-1869.2034314937996,1.0,head
h_p30_cp150,-1864.180571513515,1.0,head
h_p30_cp151,-1864.1805715134358,1.0,head
h_p30_cp152,-1859.2350845673354,1.0,head
h_p30_cp153,-1859.2350845671115,1.0,head
h_p30_cp154,-1854.401279741269,1.0,head
h_p30_cp155,-1854.401279740954,1.0,head
h_p30_cp156,-1849.724131194226,1.0,head
h_p30_cp157,-1849.7241311938535,1.0,head
h_p30_cp158,-1845.260280462776,1.0,head
h_p30_cp159,-1845.260280462369,1.0,head
h_p30_cp160,-1841.078013589325,1.0,head
h_p30_cp161,-1841.0780135888983,1.0,head
h_p30_cp162,-1837.2557704990957,1.0,head
h_p30_cp163,-1837.255770498659,1.0,head
h_p30_cp164,-2246.721093323772,1.0,head
h_p30_cp165,-1837.2570884555028,1.0,head
h_p30_cp166,-2246.7208433304986,1.0,head
h_p30_cp167,-1837.2579360401412,1.0,head
h_p30_cp168,-2246.72067921056,1.0,head
h_p30_cp169,-1837.2584706218847,1.0,head
h_p30_cp170,-2246.720573590235,1.0,head
h_p30_cp171,-1837.2588014483397,1.0,head
h_p30_cp172,-2246.720506941948,1.0,head
h_p30_cp173,-1837.259002403264,1.0,head
h_p30_cp174,-2246.7204656947483,1.0,head
h_p30_cp175,-1837.25912225805,1.0,head
h_p30_cp176,-2246.7204406513492,1.0,head
h_p30_cp177,-1837.2591924716926,1.0,head
h_p30_cp178,-2246.7204257287694,1.0,head
h_p30_cp179,-1837.2592328881863,1.0,head
h_p30_cp180,-2246.720416998143,1.0,head
h_p30_cp181,-1837.2592557567468,1.0,head
h_p30_cp182,-2246.7204119797602,1.0,head
h_p30_cp183,-1837.2592684812628,1.0,head
h_p30_cp184,-2246.7204091431645,1.0,head
h_p30_cp185,-1837.2592754466477,1.0,head
h_p30_cp186,-2246.720407563982,1.0,head
h_p30_cp187,-1837.2592791990942,1.0,head
h_p30_cp188,-2246.7204066954405,1.0,head
h_p30_cp189,-1837.2592811891327,1.0,head
h_p30_cp190,-2246.7204062205865,1.0,head
h_p30_cp191,-1837.2592822279746,1.0,head
h_p30_cp192,-2246.7204059592796,1.0,head
h_p30_cp193,-1837.2592827612348,1.0,head
h_p30_cp194,-2246.7204058111674,1.0,head
h_p30_cp195,-1837.2592830294625,1.0,head
h_p30_cp196,-2246.720405721579,1.0,head
h_p30_cp197,-1837.2592831603058,1.0,head
h_p30_cp198,-2246.7204056615783,1.0,head
h_p30_cp199,-1837.2592832203622,1.0,head
h_p30_cp200,-2246.720405616542,1.0,head
h_p30_cp201,-1837.2592832437983,1.0,head
h_p30_cp202,-2246.7204055797147,1.0,head
h_p30_cp203,-1837.259283247868,1.0,head
h_p30_cp204,-2246.720405548586,1.0,head
h_p30_cp205,-1837.2592832411842,1.0,head
h_p30_cp206,-2246.7204055228326,1.0,head
h_p30_cp207,-1837.2592832280445,1.0,head
h_p30_cp208,-2246.7204055031093,1.0,head
h_p30_cp209,-1837.259283210631,1.0,head
h_p30_cp210,-2246.7204054902977,1.0,head
h_p30_cp211,-1837.259283190044,1.0,head
h_p30_cp212,-2246.7204054850463,1.0,head
h_p30_cp213,-1837.2592831666655,1.0,head
h_p30_cp214,-2246.720405487488,1.0,head
h_p30_cp215,-1837.2592831400852,1.0,head
h_p30_cp216,-2246.7204054971176,1.0,head
h_p30_cp217,-1837.2592831086722,1.0,head
h_p30_cp218,-2246.720405512795,1.0,head
h_p30_cp219,-1837.259283068802,1.0,head
h_p30_cp220,-2246.720405532845,1.0,head
h_p30_cp221,-1837.2592830137105,1.0,head
h_p30_cp222,-2246.720405555204,1.0,head
h_p30_cp223,-1837.2592829319196,1.0,head
h_p30_cp224,-2246.720405577586,1.0,head
h_p30_cp225,-1837.2592828051756,1.0,head
h_p30_cp226,-2246.7204055976026,1.0,head
h_p30_cp227,-1837.259282605883,1.0,head
h_p30_cp228,-2246.720405612811,1.0,head
h_p30_cp229,-1837.2592822941026,1.0,head
h_p30_cp230,-2246.720405620676,1.0,head
h_p30_cp231,-1837.2592818143191,1.0,head
h_p30_cp232,-2246.7204056184555,1.0,head
h_p30_cp233,-1837.2592810924637,1.0,head
h_p30_cp234,-2246.7204056030346,1.0,head
h_p30_cp235,-1837.2592800339598,1.0,head
h_p30_cp236,-2246.7204055707775,1.0,head
h_p30_cp237,-1837.2592785239567,1.0,head
h_p30_cp238,-2246.72040551746,1.0,head
h_p30_cp239,-1837.2592764311846,1.0,head
h_p30_cp240,-2246.7204054383838,1.0,head
h_p30_cp241,-1837.2592736169568,1.0,head
h_p30_cp242,-2246.720405328743,1.0,head
h_p30_cp243,-1837.259269950508,1.0,head
h_p30_cp244,-2246.7204051843114,1.0,head
h_p30_cp245,-1837.2592653309548,1.0,head
h_p30_cp246,-2246.720405002436,1.0,head
h_p30_cp247,-1837.2592597146013,1.0,head
h_p30_cp248,-2246.720404783252,1.0,head
h_p30_cp249,-1837.259253144249,1.0,head
h_p30_cp250,-2246.7204045309054,1.0,head
h_p30_cp251,-1837.259245775,1.0,head
h_p30_cp252,-2246.720404254491,1.0,head
h_p30_cp253,-1837.259237889483,1.0,head
h_p30_cp254,-2246.720403968333,1.0,head
h_p30_cp255,-1837.2592298953093,1.0,head
h_p30_cp256,-2246.720403691319,1.0,head
h_p30_cp257,-1837.2592222995572,1.0,head
h_p30_cp258,-2246.720403445131,1.0,head
h_p30_cp259,-1837.2592156593803,1.0,head
h_p30_cp260,-2246.7204032515137,1.0,head
h_p30_cp261,-1837.259210513694,1.0,head
h_p30_cp262,-2246.7204031289975,1.0,head
h_p30_cp263,-1837.2592073068606,1.0,head
h_p30_cp264,-2246.7204030897424,1.0,head
h_p30_cp265,-1837.2592063192856,1.0,head
h_p30_cp266,-2246.720403137205,1.0,head
h_p30_cp267,-1837.2592076201734,1.0,head
h_p30_cp268,-2246.720403265169,1.0,head
h_p30_cp269,-1837.25921105366,1.0,head
h_p30_cp270,-2246.7204034583497,1.0,head
h_p30_cp271,-1837.2592162620633,1.0,head
h_p30_cp272,-2246.7204036942926,1.0,head
h_p30_cp273,-1837.2592227412995,1.0,head
h_p30_cp274,-2246.7204039460325,1.0,head
h_p30_cp275,-1837.2592299163234,1.0,head
h_p30_cp276,-2246.7204041847276,1.0,head
h_p30_cp277,-1837.2592372208853,1.0,head
h_p30_cp278,-2246.720404381637,1.0,head
h_p30_cp279,-1837.2592441666595,1.0,head
h_p30_cp280,-2246.7204045090325,1.0,head
h_p30_cp281,-1837.2592503910766,1.0,head
h_p30_cp282,-2246.7204045400254,1.0,head
h_p30_cp283,-1837.2592556791888,1.0,head
h_p30_cp284,-2246.720404447592,1.0,head
h_p30_cp285,-1837.2592599606912,1.0,head
h_p30_cp286,-2246.720404203397,1.0,head
h_p30_cp287,-1837.259263287427,1.0,head
h_p30_cp288,-2246.720403777057,1.0,head
h_p30_cp289,-1837.2592657988082,1.0,head
h_p30_cp290,-2246.720403136561,1.0,head
h_p30_cp291,-1837.2592676828049,1.0,head
h_p30_cp292,-2246.7204022503433,1.0,head
h_p30_cp293,-1837.259269139069,1.0,head
h_p30_cp294,-2246.720401091343,1.0,head
h_p30_cp295,-1837.2592703489688,1.0,head
h_p30_cp296,-2246.7203996429216,1.0,head
h_p30_cp297,-1837.259271455331,1.0,head
h_p30_cp298,-2246.720397906098,1.0,head
h_p30_cp299,-1837.2592725527097,1.0,head
h_p30_cp300,-2246.720395906987,1.0,head
h_p30_cp301,-1837.2592736873216,1.0,head
h_p30_cp302,-2246.7203937028567,1.0,head
h_p30_cp303,-1837.2592748644536,1.0,head
h_p30_cp304,-2246.7203913849607,1.0,head
h_p30_cp305,-1837.259276060401,1.0,head
h_p30_cp306,-2246.7203890764163,1.0,head
h_p30_cp307,-1837.2592772358466,1.0,head
h_p30_cp308,-2246.7203869240407,1.0,head
h_p30_cp309,-1837.2592783480502,1.0,head
h_p30_cp310,-2246.7203850842493,1.0,head
h_p30_cp311,-1837.2592793600584,1.0,head
h_p30_cp312,-2246.720383704562,1.0,head
h_p30_cp313,-1837.2592802461863,1.0,head
h_p30_cp314,-2246.7203829037066,1.0,head
h_p30_cp315,-1837.259280993911,1.0,head
h_p30_cp316,-2246.720382754146,1.0,head
h_p30_cp317,-1837.2592816029648,1.0,head
h_p30_cp318,-2246.72038327076,1.0,head
h_p30_cp319,-1837.2592820826828,1.0,head
h_p30_cp320,-2246.7203844083006,1.0,head
h_p30_cp321,-1837.2592824486496,1.0,head
h_p30_cp322,-2246.720386068259,1.0,head
h_p30_cp323,-1837.259282719444,1.0,head
h_p30_cp324,-2246.7203881136525,1.0,head
h_p30_cp325,-1837.2592829139721,1.0,head
h_p30_cp326,-2246.7203903885256,1.0,head
h_p30_cp327,-1837.2592830495814,1.0,head
h_p30_cp328,-2246.7203927381665,1.0,head
h_p30_cp329,-1837.2592831408972,1.0,head
h_p30_cp330,-2246.720395026416,1.0,head
h_p30_cp331,-1837.2592831991597,1.0,head
h_p30_cp332,-2246.720397147624,1.0,head
h_p30_cp333,-1837.259283231735,1.0,head
h_p30_cp334,-2246.7203990324606,1.0,head
h_p30_cp335,-1837.2592832413218,1.0,head
h_p30_cp336,-2246.720400648331,1.0,head
h_p30_cp337,-1837.259283224181,1.0,head
h_p30_cp338,-2246.7204019963488,1.0,head
h_p30_cp339,-1837.2592831662853,1.0,head
h_p30_cp340,-2246.7204031075134,1.0,head
h_p30_cp341,-1837.2592830354924,1.0,head
h_p30_cp342,-2246.720404041171,1.0,head
h_p30_cp343,-1837.259282766401,1.0,head
h_p30_cp344,-2246.720404889244,1.0,head
h_p30_cp345,-1837.2592822320153,1.0,head
h_p30_cp346,-2246.720405790537,1.0,head
h_p30_cp347,-1837.2592811921045,1.0,head
h_p30_cp348,-2246.72040696101,1.0,head
h_p30_cp349,-1837.259279201181,1.0,head
h_p30_cp350,-2246.7204087486307,1.0,head
h_p30_cp351,-1837.259275448058,1.0,head
h_p30_cp352,-2246.7204117255187,1.0,head
h_p30_cp353,-1837.2592684821827,1.0,head
h_p30_cp354,-2246.7204168357907,1.0,head
h_p30_cp355,-1837.2592557573253,1.0,head
h_p30_cp356,-2246.720425624643,1.0,head
h_p30_cp357,-1837.259232888531,1.0,head
h_p30_cp358,-2246.720440582366,1.0,head
h_p30_cp359,-1837.2591924718777,1.0,head
h_p30_cp360,-2246.7204656451486,1.0,head
h_p30_cp361,-1837.2591222581236,1.0,head
h_p30_cp362,-2246.7205069008737,1.0,head
h_p30_cp363,-1837.2590024032527,1.0,head
h_p30_cp364,-2246.7205735500206,1.0,head
h_p30_cp365,-1837.2588014482549,1.0,head
h_p30_cp366,-2246.720679165612,1.0,head
h_p30_cp367,-1837.2584706217276,1.0,head
h_p30_cp368,-2246.7208432766365,1.0,head
h_p30_cp369,-1837.2579360399047,1.0,head
h_p30_cp370,-2246.7210932579233,1.0,head
h_p30_cp371,-1837.2570884551737,1.0,head
h_p31_cp0,-2246.5119577879454,1.0,head
h_p31_cp1,-2246.511957707659,1.0,head
h_p31_cp2,-2242.736478654479,1.0,head
h_p31_cp3,-2242.736478586969,1.0,head
h_p31_cp4,-2238.5956977503374,1.0,head
h_p31_cp5,-2238.595697694021,1.0,head
h_p31_cp6,-2234.167172875358,1.0,head
h_p31_cp7,-2234.167172826914,1.0,head
h_p31_cp8,-2229.5189442764104,1.0,head
h_p31_cp9,-2229.518944230543,1.0,head
h_p31_cp10,-2224.7079446523835,1.0,head
h_p31_cp11,-2224.707944601348,1.0,head
h_p31_cp12,-2219.779813520375,1.0,head
h_p31_cp13,-2219.779813453051,1.0,head
h_p31_cp14,-2214.769725243648,1.0,head
h_p31_cp15,-2214.7697251441505,1.0,head
h_p31_cp16,-2209.7038183406676,1.0,head
h_p31_cp17,-2209.7038181861108,1.0,head
h_p31_cp18,-2204.6008681090493,1.0,head
h_p31_cp19,-2204.6008678663507,1.0,head
h_p31_cp20,-2199.4739389168813,1.0,head
h_p31_cp21,-2199.473938538729,1.0,head
h_p31_cp22,-2194.3318538988838,1.0,head
h_p31_cp23,-2194.331853319133,1.0,head
h_p31_cp24,-2189.180406556442,1.0,head
h_p31_cp25,-2189.1804056854576,1.0,head
h_p31_cp26,-2184.023301329095,1.0,head
h_p31_cp27,-2184.023300049951,1.0,head
h_p31_cp28,-2178.862848080094,1.0,head
h_p31_cp29,-2178.8628462470783,1.0,head
h_p31_cp30,-2173.700453177532,1.0,head
h_p31_cp31,-2173.700450618967,1.0,head
h_p31_cp32,-2168.536953725986,1.0,head
h_p31_cp33,-2168.5369502538083,1.0,head
h_p31_cp34,-2163.3728373682607,1.0,head
h_p31_cp35,-2163.372832796879,1.0,head
h_p31_cp36,-2158.208382390734,1.0,head
h_p31_cp37,-2158.20837656705,1.0,head
h_p31_cp38,-2153.0437445069197,1.0,head
h_p31_cp39,-2153.043737351905,1.0,head
h_p31_cp40,-2147.8790092099284,1.0,head
h_p31_cp41,-2147.8790007695056,1.0,head
h_p31_cp42,-2142.714222590479,1.0,head
h_p31_cp43,-2142.714213089984,1.0,head
h_p31_cp44,-2137.5494090718607,1.0,head
h_p31_cp45,-2137.549398964551,1.0,head
h_p31_cp46,-2132.384581404804,1.0,head
h_p31_cp47,-2132.384571401873,1.0,head
h_p31_cp48,-2127.2197461926185,1.0,head
h_p31_cp49,-2127.2197372612754,1.0,head
h_p31_cp50,-2122.0549068897412,1.0,head
h_p31_cp51,-2122.0549002085627,1.0,head
h_p31_cp52,-2116.890065396577,1.0,head
h_p31_cp53,-2116.8900622640235,1.0,head
h_p31_cp54,-2111.725222883037,1.0,head
h_p31_cp55,-2111.7252245852974,1.0,head
h_p31_cp56,-2106.5603801895427,1.0,head
h_p31_cp57,-2106.560387845483,1.0,head
h_p31_cp58,-2101.3955379963872,1.0,head
h_p31_cp59,-2101.395552406945,1.0,head
h_p31_cp60,-2096.230696868211,1.0,head
h_p31_cp61,-2096.230718401354,1.0,head
h_p31_cp62,-2091.065857237303,1.0,head
h_p31_cp63,-2091.0658857751946,1.0,head
h_p31_cp64,-2085.9010193675163,1.0,head
h_p31_cp65,-2085.9010543297604,1.0,head
h_p31_cp66,-2080.7361833272266,1.0,head
h_p31_cp67,-2080.736223766157,1.0,head
h_p31_cp68,-2075.5713489888035,1.0,head
h_p31_cp69,-2075.571393734979,1.0,head
h_p31_cp70,-2070.4065160607906,1.0,head
h_p31_cp71,-2070.4065638849384,1.0,head
h_p31_cp72,-2065.2416841483005,1.0,head
h_p31_cp73,-2065.2417339036447,1.0,head
h_p31_cp74,-2060.0768528286762,1.0,head
h_p31_cp75,-2060.0769035454705,1.0,head
h_p31_cp76,-2054.912021725413,1.0,head
h_p31_cp77,-2054.912072644592,1.0,head
h_p31_cp78,-2049.747190564301,1.0,head
h_p31_cp79,-2049.747241114401,1.0,head
h_p31_cp80,-2044.582359201135,1.0,head
h_p31_cp81,-2044.5824089367545,1.0,head
h_p31_cp82,-2039.4175276180706,1.0,head
h_p31_cp83,-2039.417576145429,1.0,head
h_p31_cp84,-2034.2526958935453,1.0,head
h_p31_cp85,-2034.2527428079447,1.0,head
h_p31_cp86,-2029.0878641562806,1.0,head
h_p31_cp87,-2029.0879090089115,1.0,head
h_p31_cp88,-2023.9230325362496,1.0,head
h_p31_cp89,-2023.9230748367872,1.0,head
h_p31_cp90,-2018.758201124232,1.0,head
h_p31_cp91,-2018.758240374717,1.0,head
h_p31_cp92,-2013.5933699477491,1.0,head
h_p31_cp93,-2013.5934056952528,1.0,head
h_p31_cp94,-2008.428538965958,1.0,head
h_p31_cp95,-2008.4285708582565,1.0,head
h_p31_cp96,-2003.2637080812844,1.0,head
h_p31_cp97,-2003.263735911145,1.0,head
h_p31_cp98,-1998.0988771622053,1.0,head
h_p31_cp99,-1998.0989008907625,1.0,head
h_p31_cp100,-1992.9340460705457,1.0,head
h_p31_cp101,-1992.9340658265553,1.0,head
h_p31_cp102,-1987.7692146876902,1.0,head
h_p31_cp103,-1987.7692307453092,1.0,head
h_p31_cp104,-1982.6043829370583,1.0,head
h_p31_cp105,-1982.6043956787933,1.0,head
h_p31_cp106,-1977.4395508044227,1.0,head
h_p31_cp107,-1977.4395606774856,1.0,head
h_p31_cp108,-1972.2747183634497,1.0,head
h_p31_cp109,-1972.2747258371996,1.0,head
h_p31_cp110,-1967.1098858222222,1.0,head
h_p31_cp111,-1967.109891352343,1.0,head
h_p31_cp112,-1961.9450536206114,1.0,head
h_p31_cp113,-1961.945057623104,1.0,head
h_p31_cp114,-1956.780222634022,1.0,head
h_p31_cp115,-1956.7802254696471,1.0,head
h_p31_cp116,-1951.6153945870446,1.0,head
h_p31_cp117,-1951.6153965550877,1.0,head
h_p31_cp118,-1946.4505728693648,1.0,head
h_p31_cp119,-1946.4505742085698,1.0,head
h_p31_cp120,-1941.285764107026,1.0,head
h_p31_cp121,-1941.2857650012625,1.0,head
h_p31_cp122,-1936.1209811262993,1.0,head
h_p31_cp123,-1936.1209817127312,1.0,head
h_p31_cp124,-1930.9562484357787,1.0,head
h_p31_cp125,-1930.9562488137879,1.0,head
h_p31_cp126,-1925.7916121681362,1.0,head
h_p31_cp127,-1925.7916124078295,1.0,head
h_p31_cp128,-1920.627157743094,1.0,head
h_p31_cp129,-1920.6271578927192,1.0,head
h_p31_cp130,-1915.4630405753098,1.0,head
h_p31_cp131,-1915.463040667322,1.0,head
h_p31_cp132,-1910.2995382437339,1.0,head
h_p31_cp133,-1910.2995382995061,1.0,head
h_p31_cp134,-1905.1371369605638,1.0,head
h_p31_cp135,-1905.1371369938963,1.0,head
h_p31_cp136,-1899.9766711362386,1.0,head
h_p31_cp137,-1899.97667115588,1.0,head
h_p31_cp138,-1894.8195422685592,1.0,head
h_p31_cp139,-1894.8195422799597,1.0,head
h_p31_cp140,-1889.6680516700487,1.0,head
h_p31_cp141,-1889.6680516765487,1.0,head
h_p31_cp142,-1884.5258891401543,1.0,head
h_p31_cp143,-1884.5258891437695,1.0,head
h_p31_cp144,-1879.3988237180063,1.0,head
h_p31_cp145,-1879.3988237199362,1.0,head
h_p31_cp146,-1874.2956386843903,1.0,head
h_p31_cp147,-1874.2956386853382,1.0,head
h_p31_cp148,-1869.2293352132515,1.0,head
h_p31_cp149,-1869.2293352136269,1.0,head
h_p31_cp150,-1864.2185913151593,1.0,head
h_p31_cp151,-1864.2185913151968,1.0,head
h_p31_cp152,-1859.2894004991376,1.0,head
h_p31_cp153,-1859.2894004989726,1.0,head
h_p31_cp154,-1854.4767284050527,1.0,head
h_p31_cp155,-1854.4767284047648,1.0,head
h_p31_cp156,-1849.8259248048334,1.0,head
h_p31_cp157,-1849.8259248044712,1.0,head
h_p31_cp158,-1845.3935338245253,1.0,head
h_p31_cp159,-1845.3935338241188,1.0,head
h_p31_cp160,-1841.247089516437,1.0,head
h_p31_cp161,-1841.2470895160059,1.0,head
h_p31_cp162,-1837.4635054640723,1.0,head
h_p31_cp163,-1837.463505463629,1.0,head
h_p31_cp164,-2246.5115668497247,1.0,head
h_p31_cp165,-1837.4649311025053,1.0,head
h_p31_cp166,-2246.511302521436,1.0,head
h_p31_cp167,-1837.4658553762233,1.0,head
h_p31_cp168,-2246.5111273194984,1.0,head
h_p31_cp169,-1837.466443363844,1.0,head
h_p31_cp170,-2246.511013446965,1.0,head
h_p31_cp171,-1837.4668105553235,1.0,head
h_p31_cp172,-2246.5109408558365,1.0,head
h_p31_cp173,-1837.467035724296,1.0,head
h_p31_cp174,-2246.5108954578673,1.0,head
h_p31_cp175,-1837.4671713499279,1.0,head
h_p31_cp176,-2246.5108675966003,1.0,head
h_p31_cp177,-1837.4672516146861,1.0,head
h_p31_cp178,-2246.5108508112776,1.0,head
h_p31_cp179,-1837.4672983023884,1.0,head
h_p31_cp180,-2246.510840879663,1.0,head
h_p31_cp181,-1837.4673250035842,1.0,head
h_p31_cp182,-2246.5108351047616,1.0,head
h_p31_cp183,-1837.467340023707,1.0,head
h_p31_cp184,-2246.5108318015987,1.0,head
h_p31_cp185,-1837.4673483374133,1.0,head
h_p31_cp186,-2246.510829939806,1.0,head
h_p31_cp187,-1837.467352866819,1.0,head
h_p31_cp188,-2246.5108289022346,1.0,head
h_p31_cp189,-1837.467355296234,1.0,head
h_p31_cp190,-2246.510828326586,1.0,head
h_p31_cp191,-1837.4673565788635,1.0,head
h_p31_cp192,-2246.510828004332,1.0,head
h_p31_cp193,-1837.467357244637,1.0,head
h_p31_cp194,-2246.510827817856,1.0,head
h_p31_cp195,-1837.4673575830927,1.0,head
h_p31_cp196,-2246.510827702321,1.0,head
h_p31_cp197,-1837.4673577497458,1.0,head
h_p31_cp198,-2246.5108276230603,1.0,head
h_p31_cp199,-1837.4673578267252,1.0,head
h_p31_cp200,-2246.510827562432,1.0,head
h_p31_cp201,-1837.4673578566862,1.0,head
h_p31_cp202,-2246.510827512294,1.0,head
h_p31_cp203,-1837.4673578614386,1.0,head
h_p31_cp204,-2246.510827469695,1.0,head
h_p31_cp205,-1837.4673578520074,1.0,head
h_p31_cp206,-2246.5108274343843,1.0,head
h_p31_cp207,-1837.4673578339618,1.0,head
h_p31_cp208,-2246.510827407311,1.0,head
h_p31_cp209,-1837.467357810145,1.0,head
h_p31_cp210,-2246.510827389683,1.0,head
h_p31_cp211,-1837.4673577819647,1.0,head
h_p31_cp212,-2246.5108273823707,1.0,head
h_p31_cp213,-1837.467357749834,1.0,head
h_p31_cp214,-2246.5108273855435,1.0,head
h_p31_cp215,-1837.4673577130425,1.0,head
h_p31_cp216,-2246.5108273985097,1.0,head
h_p31_cp217,-1837.4673576691687,1.0,head
h_p31_cp218,-2246.5108274197164,1.0,head
h_p31_cp219,-1837.4673576130406,1.0,head
h_p31_cp220,-2246.510827446879,1.0,head
h_p31_cp221,-1837.46735753521,1.0,head
h_p31_cp222,-2246.5108274771746,1.0,head
h_p31_cp223,-1837.4673574198848,1.0,head
h_p31_cp224,-2246.5108275074513,1.0,head
h_p31_cp225,-1837.4673572422519,1.0,head
h_p31_cp226,-2246.510827534388,1.0,head
h_p31_cp227,-1837.467356965203,1.0,head
h_p31_cp228,-2246.510827554557,1.0,head
h_p31_cp229,-1837.467356535572,1.0,head
h_p31_cp230,-2246.510827564377,1.0,head
h_p31_cp231,-1837.4673558801996,1.0,head
h_p31_cp232,-2246.5108275599714,1.0,head
h_p31_cp233,-1837.4673549024635,1.0,head
h_p31_cp234,-2246.510827536961,1.0,head
h_p31_cp235,-1837.4673534802837,1.0,head
h_p31_cp236,-2246.5108274902955,1.0,head
h_p31_cp237,-1837.4673514670617,1.0,head
h_p31_cp238,-2246.510827414196,1.0,head
h_p31_cp239,-1837.4673486972965,1.0,head
h_p31_cp240,-2246.5108273023475,1.0,head
h_p31_cp241,-1837.467344998668,1.0,head
h_p31_cp242,-2246.51082714843,1.0,head
h_p31_cp243,-1837.467340211893,1.0,head
h_p31_cp244,-2246.5108269470584,1.0,head
h_p31_cp245,-1837.4673342184524,1.0,head
h_p31_cp246,-2246.5108266951133,1.0,head
h_p31_cp247,-1837.467326974378,1.0,head
h_p31_cp248,-2246.5108263933284,1.0,head
h_p31_cp249,-1837.4673185457834,1.0,head
h_p31_cp250,-2246.510826047848,1.0,head
h_p31_cp251,-1837.46730913931,1.0,head
h_p31_cp252,-2246.5108256713684,1.0,head
h_p31_cp253,-1837.4672991189573,1.0,head
h_p31_cp254,-2246.510825283408,1.0,head
h_p31_cp255,-1837.4672890008428,1.0,head
h_p31_cp256,-2246.510824909331,1.0,head
h_p31_cp257,-1837.4672794200278,1.0,head
h_p31_cp258,-2246.510824577964,1.0,head
h_p31_cp259,-1837.467271068791,1.0,head
h_p31_cp260,-2246.510824318004,1.0,head
h_p31_cp261,-1837.467264612714,1.0,head
h_p31_cp262,-2246.5108241537637,1.0,head
h_p31_cp263,-1837.467260597906,1.0,head
h_p31_cp264,-2246.5108241011003,1.0,head
h_p31_cp265,-1837.4672593672478,1.0,head
h_p31_cp266,-2246.510824164417,1.0,head
h_p31_cp267,-1837.467261003731,1.0,head
h_p31_cp268,-2246.510824335411,1.0,head
h_p31_cp269,-1837.4672653141238,1.0,head
h_p31_cp270,-2246.5108245938163,1.0,head
h_p31_cp271,-1837.4672718573072,1.0,head
h_p31_cp272,-2246.5108249098216,1.0,head
h_p31_cp273,-1837.4672800113954,1.0,head
h_p31_cp274,-2246.510825247463,1.0,head
h_p31_cp275,-1837.4672890652212,1.0,head
h_p31_cp276,-2246.510825568027,1.0,head
h_p31_cp277,-1837.4672983154835,1.0,head
h_p31_cp278,-2246.5108258326636,1.0,head
h_p31_cp279,-1837.467307151596,1.0,head
h_p31_cp280,-2246.5108260036736,1.0,head
h_p31_cp281,-1837.4673151152208,1.0,head
h_p31_cp282,-2246.5108260444395,1.0,head
h_p31_cp283,-1837.4673219285135,1.0,head
h_p31_cp284,-2246.5108259183553,1.0,head
h_p31_cp285,-1837.4673274920522,1.0,head
h_p31_cp286,-2246.5108255874925,1.0,head
h_p31_cp287,-1837.4673318586094,1.0,head
h_p31_cp288,-2246.5108250118506,1.0,head
h_p31_cp289,-1837.4673351916185,1.0,head
h_p31_cp290,-2246.5108241500566,1.0,head
h_p31_cp291,-1837.4673377176643,1.0,head
h_p31_cp292,-2246.510822962184,1.0,head
h_p31_cp293,-1837.4673396810986,1.0,head
h_p31_cp294,-2246.510821415046,1.0,head
h_p31_cp295,-1837.4673413067767,1.0,head
h_p31_cp296,-2246.5108194897816,1.0,head
h_p31_cp297,-1837.4673427744679,1.0,head
h_p31_cp298,-2246.5108171909915,1.0,head
h_p31_cp299,-1837.4673442060669,1.0,head
h_p31_cp300,-2246.510814555969,1.0,head
h_p31_cp301,-1837.467345664634,1.0,head
h_p31_cp302,-2246.5108116620245,1.0,head
h_p31_cp303,-1837.4673471626838,1.0,head
h_p31_cp304,-2246.5108086295963,1.0,head
h_p31_cp305,-1837.4673486761935,1.0,head
h_p31_cp306,-2246.5108056190525,1.0,head
h_p31_cp307,-1837.4673501606262,1.0,head
h_p31_cp308,-2246.5108028199347,1.0,head
h_p31_cp309,-1837.4673515657616,1.0,head
h_p31_cp310,-2246.5108004328645,1.0,head
h_p31_cp311,-1837.4673528471353,1.0,head
h_p31_cp312,-2246.5107986461467,1.0,head
h_p31_cp313,-1837.4673539730848,1.0,head
h_p31_cp314,-2246.5107976107956,1.0,head
h_p31_cp315,-1837.4673549274794,1.0,head
h_p31_cp316,-2246.5107974187313,1.0,head
h_p31_cp317,-1837.4673557090086,1.0,head
h_p31_cp318,-2246.510798088717,1.0,head
h_p31_cp319,-1837.467356328239,1.0,head
h_p31_cp320,-2246.510799563216,1.0,head
h_p31_cp321,-1837.4673568036935,1.0,head
h_p31_cp322,-2246.51080171696,1.0,head
h_p31_cp323,-1837.4673571579287,1.0,head
h_p31_cp324,-2246.510804375396,1.0,head
h_p31_cp325,-1837.4673574142403,1.0,head
h_p31_cp326,-2246.510807339087,1.0,head
h_p31_cp327,-1837.4673575942609,1.0,head
h_p31_cp328,-2246.510810409173,1.0,head
h_p31_cp329,-1837.467357716417,1.0,head
h_p31_cp330,-2246.5108134093725,1.0,head
h_p31_cp331,-1837.467357795006,1.0,head
h_p31_cp332,-2246.510816201455,1.0,head
h_p31_cp333,-1837.4673578394809,1.0,head
h_p31_cp334,-2246.51081869306,1.0,head
h_p31_cp335,-1837.4673578533911,1.0,head
h_p31_cp336,-2246.5108208386973,1.0,head
h_p31_cp337,-1837.4673578321338,1.0,head
h_p31_cp338,-2246.510822636202,1.0,head
h_p31_cp339,-1837.4673577581982,1.0,head
h_p31_cp340,-2246.5108241218563,1.0,head
h_p31_cp341,-1837.4673575916618,1.0,head
h_p31_cp342,-2246.5108253678504,1.0,head
h_p31_cp343,-1837.4673572520285,1.0,head
h_p31_cp344,-2246.5108264862015,1.0,head
h_p31_cp345,-1837.4673565846872,1.0,head
h_p31_cp346,-2246.5108276439996,1.0,head
h_p31_cp347,-1837.4673553005507,1.0,head
h_p31_cp348,-2246.510829096422,1.0,head
h_p31_cp349,-1837.4673528698752,1.0,head
h_p31_cp350,-2246.5108312465786,1.0,head
h_p31_cp351,-1837.467348339497,1.0,head
h_p31_cp352,-2246.5108347453092,1.0,head
h_p31_cp353,-1837.4673400250804,1.0,head
h_p31_cp354,-2246.5108406494833,1.0,head
h_p31_cp355,-1837.4673250044593,1.0,head
h_p31_cp356,-2246.510850664064,1.0,head
h_p31_cp357,-1837.4672983029222,1.0,head
h_p31_cp358,-2246.5108675005604,1.0,head
h_p31_cp359,-1837.4672516149883,1.0,head
h_p31_cp360,-2246.510895391391,1.0,head
h_p31_cp361,-1837.4671713500713,1.0,head
h_p31_cp362,-2246.5109408042367,1.0,head
h_p31_cp363,-1837.467035724324,1.0,head
h_p31_cp364,-2246.5110134001447,1.0,head
h_p31_cp365,-1837.4668105552591,1.0,head
h_p31_cp366,-2246.5111272703803,1.0,head
h_p31_cp367,-1837.466443363695,1.0,head
h_p31_cp368,-2246.51130246499,1.0,head
h_p31_cp369,-1837.465855375987,1.0,head
h_p31_cp370,-2246.511566782444,1.0,head
h_p31_cp371,-1837.464931102172,1.0,head
h_p32_cp0,-2246.302278984012,1.0,head
h_p32_cp1,-2246.302278901918,1.0,head
h_p32_cp2,-2242.5648739027847,1.0,head
h_p32_cp3,-2242.5648738311224,1.0,head
h_p32_cp4,-2238.459574195092,1.0,head
h_p32_cp5,-2238.4595741319217,1.0,head
h_p32_cp6,-2234.062424960421,1.0,head
h_p32_cp7,-2234.062424904941,1.0,head
h_p32_cp8,-2229.440679044234,1.0,head
h_p32_cp9,-2229.4406789890472,1.0,head
h_p32_cp10,-2224.6511085679435,1.0,head
h_p32_cp11,-2224.651108503165,1.0,head
h_p32_cp12,-2219.7396583791656,1.0,head
h_p32_cp13,-2219.7396582911474,1.0,head
h_p32_cp14,-2214.742097036675,1.0,head
h_p32_cp15,-2214.742096901396,1.0,head
h_p32_cp16,-2209.685287750215,1.0,head
h_p32_cp17,-2209.6852875369536,1.0,head
h_p32_cp18,-2204.5887405001004,1.0,head
h_p32_cp19,-2204.5887401651516,1.0,head
h_p32_cp20,-2199.466186697258,1.0,head
h_p32_cp21,-2199.4661861781274,1.0,head
h_p32_cp22,-2194.3270094184645,1.0,head
h_p32_cp23,-2194.3270086281977,1.0,head
h_p32_cp24,-2189.177444224721,1.0,head
h_p32_cp25,-2189.177443046454,1.0,head
h_p32_cp26,-2184.0215272471332,1.0,head
h_p32_cp27,-2184.0215255299313,1.0,head
h_p32_cp28,-2178.861806580029,1.0,head
h_p32_cp29,-2178.861804137868,1.0,head
h_p32_cp30,-2173.6998532247585,1.0,head
h_p32_cp31,-2173.6998498411767,1.0,head
h_p32_cp32,-2168.5366141874388,1.0,head
h_p32_cp33,-2168.536609628827,1.0,head
h_p32_cp34,-2163.372648201263,1.0,head
h_p32_cp35,-2163.3726422417285,1.0,head
h_p32_cp36,-2158.208278224799,1.0,head
h_p32_cp37,-2158.208270684675,1.0,head
h_p32_cp38,-2153.0436872985815,1.0,head
h_p32_cp39,-2153.0436780966374,1.0,head
h_p32_cp40,-2147.878977218156,1.0,head
h_p32_cp41,-2147.8789664343603,1.0,head
h_p32_cp42,-2142.714203574738,1.0,head
h_p32_cp43,-2142.7141915161865,1.0,head
h_p32_cp44,-2137.5493962109254,1.0,head
h_p32_cp45,-2137.5493834691233,1.0,head
h_p32_cp46,-2132.3845709135517,1.0,head
h_p32_cp47,-2132.3845583978787,1.0,head
h_p32_cp48,-2127.219735968471,1.0,head
h_p32_cp49,-2127.2197248999723,1.0,head
h_p32_cp50,-2122.054895766799,1.0,head
h_p32_cp51,-2122.0548876199528,1.0,head
h_p32_cp52,-2116.8900527483597,1.0,head
h_p32_cp53,-2116.8900491367376,1.0,head
h_p32_cp54,-2111.725208418168,1.0,head
h_p32_cp55,-2111.7252109321903,1.0,head
h_p32_cp56,-2106.560363848354,1.0,head
h_p32_cp57,-2106.560373866974,1.0,head
h_p32_cp58,-2101.3955198949725,1.0,head
h_p32_cp59,-2101.3955384040955,1.0,head
h_p32_cp60,-2096.230677259906,1.0,head
h_p32_cp61,-2096.2307047144395,1.0,head
h_p32_cp62,-2091.065836476304,1.0,head
h_p32_cp63,-2091.0658727370924,1.0,head
h_p32_cp64,-2085.900997868931,1.0,head
h_p32_cp65,-2085.9010422306583,1.0,head
h_p32_cp66,-2080.7361615241416,1.0,head
h_p32_cp67,-2080.736212829199,1.0,head
h_p32_cp68,-2075.5713272906273,1.0,head
h_p32_cp69,-2075.5713841031,1.0,head
h_p32_cp70,-2070.406494818514,1.0,head
h_p32_cp71,-2070.4065556184746,1.0,head
h_p32_cp72,-2065.2416636316752,1.0,head
h_p32_cp73,-2065.241726987171,1.0,head
h_p32_cp74,-2060.0768332181283,1.0,head
h_p32_cp75,-2060.076897901357,1.0,head
h_p32_cp76,-2054.9120031185644,1.0,head
h_p32_cp77,-2054.912068150278,1.0,head
h_p32_cp78,-2049.7471729940653,1.0,head
h_p32_cp79,-2049.7472376204796,1.0,head
h_p32_cp80,-2044.5823426602974,1.0,head
h_p32_cp81,-2044.5824062834881,1.0,head
h_p32_cp82,-2039.4175120845046,1.0,head
h_p32_cp83,-2039.4175741761414,1.0,head
h_p32_cp84,-2034.2526813508243,1.0,head
h_p32_cp85,-2034.2527413785785,1.0,head
h_p32_cp86,-2029.087850606182,1.0,head
h_p32_cp87,-2029.0879079937677,1.0,head
h_p32_cp88,-2023.92302000192,1.0,head
h_p32_cp89,-2023.923074130971,1.0,head
h_p32_cp90,-2018.758189645023,1.0,head
h_p32_cp91,-2018.7582398940738,1.0,head
h_p32_cp92,-2013.5933595684005,1.0,head
h_p32_cp93,-2013.5934053746598,1.0,head
h_p32_cp94,-2008.4285297236113,1.0,head
h_p32_cp95,-2008.4285706490436,1.0,head
h_p32_cp96,-2003.2636999937238,1.0,head
h_p32_cp97,-2003.2637357783074,1.0,head
h_p32_cp98,-1998.09887021996,1.0,head
h_p32_cp99,-1998.09890081049,1.0,head
h_p32_cp100,-1992.9340402343923,1.0,head
h_p32_cp101,-1992.934065784577,1.0,head
h_p32_cp102,-1987.7692098921068,1.0,head
h_p32_cp103,-1987.7692307366735,1.0,head
h_p32_cp104,-1982.6043790997162,1.0,head
h_p32_cp105,-1982.6043957101433,1.0,head
h_p32_cp106,-1977.4395478422584,1.0,head
h_p32_cp107,-1977.439560773853,1.0,head
h_p32_cp108,-1972.2747162177068,1.0,head
h_p32_cp109,-1972.2747260572935,1.0,head
h_p32_cp110,-1967.1098844988076,1.0,head
h_p32_cp111,-1967.1098918200305,1.0,head
h_p32_cp112,-1961.945053259454,1.0,head
h_p32_cp113,-1961.9450585896711,1.0,head
h_p32_cp114,-1956.7802236341067,1.0,head
h_p32_cp115,-1956.780227433949,1.0,head
h_p32_cp116,-1951.615397836357,1.0,head
h_p32_cp117,-1951.615400490799,1.0,head
h_p32_cp118,-1946.4505801674434,1.0,head
h_p32_cp119,-1946.4505819859294,1.0,head
h_p32_cp120,-1941.2857789320187,1.0,head
h_p32_cp121,-1941.2857801547348,1.0,head
h_p32_cp122,-1936.121010002611,1.0,head
h_p32_cp123,-1936.1210108101639,1.0,head
h_p32_cp124,-1930.9563033218535,1.0,head
h_p32_cp125,-1930.9563038461679,1.0,head
h_p32_cp126,-1925.7917145302117,1.0,head
h_p32_cp127,-1925.7917148651188,1.0,head
h_p32_cp128,-1920.6273453340602,1.0,head
h_p32_cp129,-1920.627345544673,1.0,head
h_p32_cp130,-1915.4633784143614,1.0,head
h_p32_cp131,-1915.463378544847,1.0,head
h_p32_cp132,-1910.3001358841325,1.0,head
h_p32_cp133,-1910.300135963823,1.0,head
h_p32_cp134,-1905.1381747807425,1.0,head
h_p32_cp135,-1905.1381748287367,1.0,head
h_p32_cp136,-1899.978438947946,1.0,head
h_p32_cp137,-1899.9784389764534,1.0,head
h_p32_cp138,-1894.8224937321677,1.0,head
h_p32_cp139,-1894.8224937488594,1.0,head
h_p32_cp140,-1889.6728774127828,1.0,head
h_p32_cp141,-1889.6728774223993,1.0,head
h_p32_cp142,-1884.533609513612,1.0,head
h_p32_cp143,-1884.5336095190398,1.0,head
h_p32_cp144,-1879.4108981771817,1.0,head
h_p32_cp145,-1879.4108981801512,1.0,head
h_p32_cp146,-1874.314082347892,1.0,head
h_p32_cp147,-1874.314082349429,1.0,head
h_p32_cp148,-1869.2568243095582,1.0,head
h_p32_cp149,-1869.2568243102617,1.0,head
h_p32_cp150,-1864.2585289320095,1.0,head
h_p32_cp151,-1864.2585289322262,1.0,head
h_p32_cp152,-1859.3459047073477,1.0,head
h_p32_cp153,-1859.3459047072781,1.0,head
h_p32_cp154,-1854.5545002808626,1.0,head
h_p32_cp155,-1854.5545002806236,1.0,head
h_p32_cp156,-1849.929958932966,1.0,head
h_p32_cp157,-1849.9299589326263,1.0,head
h_p32_cp158,-1845.5286528585723,1.0,head
h_p32_cp159,-1845.5286528581742,1.0,head
h_p32_cp160,-1841.4173189081835,1.0,head
h_p32_cp161,-1841.4173189077533,1.0,head
h_p32_cp162,-1837.6713509764306,1.0,head
h_p32_cp163,-1837.6713509759834,1.0,head
h_p32_cp164,-2246.301870542351,1.0,head
h_p32_cp165,-1837.6728877198993,1.0,head
h_p32_cp166,-2246.3015919245204,1.0,head
h_p32_cp167,-1837.673891735474,1.0,head
h_p32_cp168,-2246.301405553754,1.0,head
h_p32_cp169,-1837.6745357193784,1.0,head
h_p32_cp170,-2246.3012832722366,1.0,head
h_p32_cp171,-1837.6749413791315,1.0,head
h_p32_cp172,-2246.3012045576393,1.0,head
h_p32_cp173,-1837.6751924030343,1.0,head
h_p32_cp174,-2246.30115483423,1.0,head
h_p32_cp175,-1837.6753450335877,1.0,head
h_p32_cp176,-2246.301124002639,1.0,head
h_p32_cp177,-1837.675436246553,1.0,head
h_p32_cp178,-2246.301105230698,1.0,head
h_p32_cp179,-1837.6754898371996,1.0,head
h_p32_cp180,-2246.3010940028166,1.0,head
h_p32_cp181,-1837.6755208028246,1.0,head
h_p32_cp182,-2246.301087401267,1.0,head
h_p32_cp183,-1837.675538405494,1.0,head
h_p32_cp184,-2246.3010835817086,1.0,head
h_p32_cp185,-1837.6755482531746,1.0,head
h_p32_cp186,-2246.301081402827,1.0,head
h_p32_cp187,-1837.6755536766257,1.0,head
h_p32_cp188,-2246.3010801727305,1.0,head
h_p32_cp189,-1837.6755566174452,1.0,head
h_p32_cp190,-2246.301079480277,1.0,head
h_p32_cp191,-1837.6755581870723,1.0,head
h_p32_cp192,-2246.3010790859344,1.0,head
h_p32_cp193,-1837.6755590105845,1.0,head
h_p32_cp194,-2246.3010788529814,1.0,head
h_p32_cp195,-1837.6755594335025,1.0,head
h_p32_cp196,-2246.3010787052026,1.0,head
h_p32_cp197,-1837.6755596435962,1.0,head
h_p32_cp198,-2246.3010786014606,1.0,head
h_p32_cp199,-1837.6755597411998,1.0,head
h_p32_cp200,-2246.3010785206984,1.0,head
h_p32_cp201,-1837.6755597790448,1.0,head
h_p32_cp202,-2246.30107845322,1.0,head
h_p32_cp203,-1837.6755597844203,1.0,head
h_p32_cp204,-2246.30107839562,1.0,head
h_p32_cp205,-1837.675559771292,1.0,head
h_p32_cp206,-2246.301078347789,1.0,head
h_p32_cp207,-1837.6755597467925,1.0,head
h_p32_cp208,-2246.301078311075,1.0,head
h_p32_cp209,-1837.6755597145795,1.0,head
h_p32_cp210,-2246.3010782871097,1.0,head
h_p32_cp211,-1837.6755596764274,1.0,head
h_p32_cp212,-2246.3010782770457,1.0,head
h_p32_cp213,-1837.675559632744,1.0,head
h_p32_cp214,-2246.301078281095,1.0,head
h_p32_cp215,-1837.6755595823743,1.0,head
h_p32_cp216,-2246.30107829832,1.0,head
h_p32_cp217,-1837.6755595217983,1.0,head
h_p32_cp218,-2246.3010783266327,1.0,head
h_p32_cp219,-1837.6755594437557,1.0,head
h_p32_cp220,-2246.3010783629534,1.0,head
h_p32_cp221,-1837.6755593352436,1.0,head
h_p32_cp222,-2246.3010784034636,1.0,head
h_p32_cp223,-1837.6755591748326,1.0,head
h_p32_cp224,-2246.301078443874,1.0,head
h_p32_cp225,-1837.6755589292463,1.0,head
h_p32_cp226,-2246.3010784796274,1.0,head
h_p32_cp227,-1837.6755585492365,1.0,head
h_p32_cp228,-2246.301078505984,1.0,head
h_p32_cp229,-1837.6755579649387,1.0,head
h_p32_cp230,-2246.301078517969,1.0,head
h_p32_cp231,-1837.6755570811554,1.0,head
h_p32_cp232,-2246.3010785101915,1.0,head
h_p32_cp233,-1837.675555773401,1.0,head
h_p32_cp234,-2246.3010784766075,1.0,head
h_p32_cp235,-1837.6755538860111,1.0,head
h_p32_cp236,-2246.301078410324,1.0,head
h_p32_cp237,-1837.6755512341033,1.0,head
h_p32_cp238,-2246.301078303575,1.0,head
h_p32_cp239,-1837.6755476114893,1.0,head
h_p32_cp240,-2246.301078148022,1.0,head
h_p32_cp241,-1837.67554280661,1.0,head
h_p32_cp242,-2246.3010779355,1.0,head
h_p32_cp243,-1837.6755366278612,1.0,head
h_p32_cp244,-2246.3010776592846,1.0,head
h_p32_cp245,-1837.67552893816,1.0,head
h_p32_cp246,-2246.3010773158408,1.0,head
h_p32_cp247,-1837.675519696255,1.0,head
h_p32_cp248,-2246.3010769068546,1.0,head
h_p32_cp249,-1837.6755089992935,1.0,head
h_p32_cp250,-2246.301076441189,1.0,head
h_p32_cp251,-1837.6754971183134,1.0,head
h_p32_cp252,-2246.3010759362487,1.0,head
h_p32_cp253,-1837.675484516461,1.0,head
h_p32_cp254,-2246.3010754181996,1.0,head
h_p32_cp255,-1837.675471840129,1.0,head
h_p32_cp256,-2246.30107492058,1.0,head
h_p32_cp257,-1837.675459876481,1.0,head
h_p32_cp258,-2246.301074481151,1.0,head
h_p32_cp259,-1837.6754494771658,1.0,head
h_p32_cp260,-2246.3010741372354,1.0,head
h_p32_cp261,-1837.675441456274,1.0,head
h_p32_cp262,-2246.301073920275,1.0,head
h_p32_cp263,-1837.6754364786218,1.0,head
h_p32_cp264,-2246.3010738506487,1.0,head
h_p32_cp265,-1837.6754349595963,1.0,head
h_p32_cp266,-2246.3010739338683,1.0,head
h_p32_cp267,-1837.6754369978228,1.0,head
h_p32_cp268,-2246.3010741589806,1.0,head
h_p32_cp269,-1837.6754423560924,1.0,head
h_p32_cp270,-2246.3010744994717,1.0,head
h_p32_cp271,-1837.6754504955898,1.0,head
h_p32_cp272,-2246.301074916296,1.0,head
h_p32_cp273,-1837.6754606564427,1.0,head
h_p32_cp274,-2246.3010753621443,1.0,head
h_p32_cp275,-1837.6754719676455,1.0,head
h_p32_cp276,-2246.301075785791,1.0,head
h_p32_cp277,-1837.6754835642596,1.0,head
h_p32_cp278,-2246.301076135477,1.0,head
h_p32_cp279,-1837.6754946905246,1.0,head
h_p32_cp280,-2246.3010763606985,1.0,head
h_p32_cp281,-1837.6755047731574,1.0,head
h_p32_cp282,-2246.3010764123073,1.0,head
h_p32_cp283,-1837.675513457317,1.0,head
h_p32_cp284,-2246.301076241395,1.0,head
h_p32_cp285,-1837.675520605977,1.0,head
h_p32_cp286,-2246.301075797839,1.0,head
h_p32_cp287,-1837.6755262697175,1.0,head
h_p32_cp288,-2246.301075029599,1.0,head
h_p32_cp289,-1837.6755306374066,1.0,head
h_p32_cp290,-2246.3010738838298,1.0,head
h_p32_cp291,-1837.675533978966,1.0,head
h_p32_cp292,-2246.301072310651,1.0,head
h_p32_cp293,-1837.6755365901295,1.0,head
h_p32_cp294,-2246.30107026996,1.0,head
h_p32_cp295,-1837.6755387466071,1.0,head
h_p32_cp296,-2246.301067741033,1.0,head
h_p32_cp297,-1837.6755406721231,1.0,head
h_p32_cp298,-2246.3010647339083,1.0,head
h_p32_cp299,-1837.675542521839,1.0,head
h_p32_cp300,-2246.3010613006977,1.0,head
h_p32_cp301,-1837.675544380118,1.0,head
h_p32_cp302,-2246.3010575443036,1.0,head
h_p32_cp303,-1837.6755462696003,1.0,head
h_p32_cp304,-2246.301053621729,1.0,head
h_p32_cp305,-1837.6755481674363,1.0,head
h_p32_cp306,-2246.3010497394407,1.0,head
h_p32_cp307,-1837.6755500242468,1.0,head
h_p32_cp308,-2246.3010461393933,1.0,head
h_p32_cp309,-1837.675551781972,1.0,head
h_p32_cp310,-2246.301043076094,1.0,head
h_p32_cp311,-1837.6755533879023,1.0,head
h_p32_cp312,-2246.301040787321,1.0,head
h_p32_cp313,-1837.6755548036026,1.0,head
h_p32_cp314,-2246.301039463123,1.0,head
h_p32_cp315,-1837.675556008705,1.0,head
h_p32_cp316,-2246.3010392188876,1.0,head
h_p32_cp317,-1837.6755570005173,1.0,head
h_p32_cp318,-2246.3010400780527,1.0,head
h_p32_cp319,-1837.6755577908361,1.0,head
h_p32_cp320,-2246.3010419682582,1.0,head
h_p32_cp321,-1837.6755584014293,1.0,head
h_p32_cp322,-2246.3010447319266,1.0,head
h_p32_cp323,-1837.6755588593744,1.0,head
h_p32_cp324,-2246.3010481490305,1.0,head
h_p32_cp325,-1837.6755591930453,1.0,head
h_p32_cp326,-2246.3010519673044,1.0,head
h_p32_cp327,-1837.6755594290987,1.0,head
h_p32_cp328,-2246.301055933962,1.0,head
h_p32_cp329,-1837.675559590475,1.0,head
h_p32_cp330,-2246.301059823359,1.0,head
h_p32_cp331,-1837.67555969513,1.0,head
h_p32_cp332,-2246.30106345676,1.0,head
h_p32_cp333,-1837.6755597550434,1.0,head
h_p32_cp334,-2246.301066712705,1.0,head
h_p32_cp335,-1837.6755597748092,1.0,head
h_p32_cp336,-2246.3010695288403,1.0,head
h_p32_cp337,-1837.6755597488138,1.0,head
h_p32_cp338,-2246.301071897868,1.0,head
h_p32_cp339,-1837.6755596554237,1.0,head
h_p32_cp340,-2246.3010738614253,1.0,head
h_p32_cp341,-1837.6755594455408,1.0,head
h_p32_cp342,-2246.3010755062737,1.0,head
h_p32_cp343,-1837.6755590210303,1.0,head
h_p32_cp344,-2246.30107696761,1.0,head
h_p32_cp345,-1837.675558195359,1.0,head
h_p32_cp346,-2246.3010784450094,1.0,head
h_p32_cp347,-1837.6755566236327,1.0,head
h_p32_cp348,-2246.301080237994,1.0,head
h_p32_cp349,-1837.6755536810404,1.0,head
h_p32_cp350,-2246.301082810742,1.0,head
h_p32_cp351,-1837.6755482562098,1.0,head
h_p32_cp352,-2246.3010868993492,1.0,head
h_p32_cp353,-1837.6755384075132,1.0,head
h_p32_cp354,-2246.3010936802334,1.0,head
h_p32_cp355,-1837.675520804126,1.0,head
h_p32_cp356,-2246.30110502447,1.0,head
h_p32_cp357,-1837.675489838008,1.0,head
h_p32_cp358,-2246.3011238694007,1.0,head
h_p32_cp359,-1837.6754362470276,1.0,head
h_p32_cp360,-2246.301154744534,1.0,head
h_p32_cp361,-1837.6753450338363,1.0,head
h_p32_cp362,-2246.3012044916204,1.0,head
h_p32_cp363,-1837.6751924031241,1.0,head
h_p32_cp364,-2246.301283216467,1.0,head
h_p32_cp365,-1837.674941379101,1.0,head
h_p32_cp366,-2246.3014054990717,1.0,head
h_p32_cp367,-1837.6745357192458,1.0,head
h_p32_cp368,-2246.3015918646092,1.0,head
h_p32_cp369,-1837.6738917352434,1.0,head
h_p32_cp370,-2246.3018704728493,1.0,head
h_p32_cp371,-1837.6728877195656,1.0,head
h_p33_cp0,-2246.092537404644,1.0,head
h_p33_cp1,-2246.092537320885,1.0,head
h_p33_cp2,-2242.3922025302004,1.0,head
h_p33_cp3,-2242.3922024554895,1.0,head
h_p33_cp4,-2238.321684045706,1.0,head
h_p33_cp5,-2238.3216839780057,1.0,head
h_p33_cp6,-2233.9555261921732,1.0,head
h_p33_cp7,-2233.9555261287587,1.0,head
h_p33_cp8,-2229.3601574910904,1.0,head
h_p33_cp9,-2229.360157423416,1.0,head
h_p33_cp10,-2224.5921234387447,1.0,head
h_p33_cp11,-2224.5921233541058,1.0,head
h_p33_cp12,-2219.6975987332185,1.0,head
h_p33_cp13,-2219.697598612962,1.0,head
h_p33_cp14,-2214.712876546496,1.0,head
h_p33_cp15,-2214.712876360654,1.0,head
h_p33_cp16,-2209.6654900986186,1.0,head
h_p33_cp17,-2209.6654898059746,1.0,head
h_p33_cp18,-2204.5756473142897,1.0,head
h_p33_cp19,-2204.57564685662,1.0,head
h_p33_cp20,-2199.4577265724647,1.0,head
h_p33_cp21,-2199.4577258675313,1.0,head
h_p33_cp22,-2194.321663848616,1.0,head
h_p33_cp23,-2194.3216627831016,1.0,head
h_p33_cp24,-2189.174138436552,1.0,head
h_p33_cp25,-2189.1741368595863,1.0,head
h_p33_cp26,-2184.0195246509566,1.0,head
h_p33_cp27,-2184.019522369613,1.0,head
h_p33_cp28,-2178.8606171742445,1.0,head
h_p33_cp29,-2178.8606139532876,1.0,head
h_p33_cp30,-2173.6991599496564,1.0,head
h_p33_cp31,-2173.6991555186455,1.0,head
h_p33_cp32,-2168.536217119473,1.0,head
h_p33_cp33,-2168.536211190762,1.0,head
h_p33_cp34,-2163.3724242808357,1.0,head
h_p33_cp35,-2163.3724165818585,1.0,head
h_p33_cp36,-2158.208153382462,1.0,head
h_p33_cp37,-2158.2081437044785,1.0,head
h_p33_cp38,-2153.043617857622,1.0,head
h_p33_cp39,-2153.0436061205714,1.0,head
h_p33_cp40,-2147.8789378882143,1.0,head
h_p33_cp41,-2147.8789242173443,1.0,head
h_p33_cp42,-2142.7141799305878,1.0,head
h_p33_cp43,-2142.714164735517,1.0,head
h_p33_cp44,-2137.5493801121133,1.0,head
h_p33_cp45,-2137.549364153859,1.0,head
h_p33_cp46,-2132.384557790367,1.0,head
h_p33_cp47,-2132.3845422181794,1.0,head
h_p33_cp48,-2127.2197232580033,1.0,head
h_p33_cp49,-2127.2197095974598,1.0,head
h_p33_cp50,-2122.0548820382915,1.0,head
h_p33_cp51,-2122.0548721166633,1.0,head
h_p33_cp52,-2116.890037229871,1.0,head
h_p33_cp53,-2116.890033034847,1.0,head
h_p33_cp54,-2111.7251907485706,1.0,head
h_p33_cp55,-2111.72519423099,1.0,head
h_p33_cp56,-2106.5603439490746,1.0,head
h_p33_cp57,-2106.560356796163,1.0,head
h_p33_cp58,-2101.3954978993,1.0,head
h_p33_cp59,-2101.3955213174427,1.0,head
h_p33_cp60,-2096.2306534646036,1.0,head
h_p33_cp61,-2096.2306880149954,1.0,head
h_p33_cp62,-2091.06581129731,1.0,head
h_p33_cp63,-2091.0658568209265,1.0,head
h_p33_cp64,-2085.9009717941276,1.0,head
h_p33_cp65,-2085.9010274445322,1.0,head
h_p33_cp66,-2080.7361350634474,1.0,head
h_p33_cp67,-2080.7361994413673,1.0,head
h_p33_cp68,-2075.571300927937,1.0,head
h_p33_cp69,-2075.5713722873406,1.0,head
h_p33_cp70,-2070.406468971658,1.0,head
h_p33_cp71,-2070.4065454507736,1.0,head
h_p33_cp72,-2065.241638625896,1.0,head
h_p33_cp73,-2065.2417184532806,1.0,head
h_p33_cp74,-2060.0768092762187,1.0,head
h_p33_cp75,-2060.07689091234,1.0,head
h_p33_cp76,-2054.911980367543,1.0,head
h_p33_cp77,-2054.912062562591,1.0,head
h_p33_cp78,-2049.747151485061,1.0,head
h_p33_cp79,-2049.747233257205,1.0,head
h_p33_cp80,-2044.5823223960028,1.0,head
h_p33_cp81,-2044.5824029539406,1.0,head
h_p33_cp82,-2039.4174930476518,1.0,head
h_p33_cp83,-2039.4175716919515,1.0,head
h_p33_cp84,-2034.2526635277823,1.0,head
h_p33_cp85,-2034.252739565366,1.0,head
h_p33_cp86,-2029.0878340016366,1.0,head
h_p33_cp87,-2029.0879066983425,1.0,head
h_p33_cp88,-2023.9230046431196,1.0,head
h_p33_cp89,-2023.9230732246192,1.0,head
h_p33_cp90,-2018.758175576577,1.0,head
h_p33_cp91,-2018.7582392728118,1.0,head
h_p33_cp92,-2013.5933468405278,1.0,head
h_p33_cp93,-2013.5934049574503,1.0,head
h_p33_cp94,-2008.428518377698,1.0,head
h_p33_cp95,-2008.4285703749024,1.0,head
h_p33_cp96,-2003.263690049046,1.0,head
h_p33_cp97,-2003.2637356030925,1.0,head
h_p33_cp98,-1998.0988616646212,1.0,head
h_p33_cp99,-1998.0989007040412,1.0,head
h_p33_cp100,-1992.9340330223704,1.0,head
h_p33_cp101,-1992.9340657288426,1.0,head
h_p33_cp102,-1987.7692039472322,1.0,head
h_p33_cp103,-1987.7692307256432,1.0,head
h_p33_cp104,-1982.6043743269306,1.0,head
h_p33_cp105,-1982.604395752939,1.0,head
h_p33_cp106,-1977.439544147077,1.0,head
h_p33_cp107,-1977.4395609035469,1.0,head
h_p33_cp108,-1972.2747135370328,1.0,head
h_p33_cp109,-1972.2747263503832,1.0,head
h_p33_cp110,-1967.1098828509323,1.0,head
h_p33_cp111,-1967.1098924359678,1.0,head
h_p33_cp112,-1961.9450528297195,1.0,head
h_p33_cp113,-1961.9450598480096,1.0,head
h_p33_cp114,-1956.7802249277859,1.0,head
h_p33_cp115,-1956.7802299612101,1.0,head
h_p33_cp116,-1951.6154019561293,1.0,head
h_p33_cp117,-1951.6154054944848,1.0,head
h_p33_cp118,-1946.4505893161206,1.0,head
h_p33_cp119,-1946.4505917560145,1.0,head
h_p33_cp120,-1941.2857973120867,1.0,head
h_p33_cp121,-1941.2857989636916,1.0,head
h_p33_cp122,-1936.1210453970225,1.0,head
h_p33_cp123,-1936.1210464953772,1.0,head
h_p33_cp124,-1930.9563698139436,1.0,head
h_p33_cp125,-1930.956370532089,1.0,head
h_p33_cp126,-1925.7918370760299,1.0,head
h_p33_cp127,-1925.7918375380254,1.0,head
h_p33_cp128,-1920.6275672575223,1.0,head
h_p33_cp129,-1920.6275675501577,1.0,head
h_p33_cp130,-1915.4637733627349,1.0,head
h_p33_cp131,-1915.4637735453605,1.0,head
h_p33_cp132,-1910.3008263383354,1.0,head
h_p33_cp133,-1910.3008264506896,1.0,head
h_p33_cp134,-1905.1393597876875,1.0,head
h_p33_cp135,-1905.1393598558589,1.0,head
h_p33_cp136,-1899.980434169797,1.0,head
h_p33_cp137,-1899.9804342106002,1.0,head
h_p33_cp138,-1894.8257869095619,1.0,head
h_p33_cp139,-1894.8257869336478,1.0,head
h_p33_cp140,-1889.6782014996427,1.0,head
h_p33_cp141,-1889.6782015136484,1.0,head
h_p33_cp142,-1884.542033534756,1.0,head
h_p33_cp143,-1884.542033542756,1.0,head
h_p33_cp144,-1879.4239317566205,1.0,head
h_p33_cp145,-1879.4239317610784,1.0,head
h_p33_cp146,-1874.3337835349205,1.0,head
h_p33_cp147,-1874.333783537307,1.0,head
h_p33_cp148,-1869.285892007949,1.0,head
h_p33_cp149,-1869.2858920091296,1.0,head
h_p33_cp150,-1864.3003520550506,1.0,head
h_p33_cp151,-1864.3003520555305,1.0,head
h_p33_cp152,-1859.4045325040113,1.0,head
h_p33_cp153,-1859.4045325040834,1.0,head
h_p33_cp154,-1854.6344956788982,1.0,head
h_p33_cp155,-1854.6344956787325,1.0,head
h_p33_cp156,-1850.0361033955762,1.0,head
h_p33_cp157,-1850.036103395272,1.0,head
h_p33_cp158,-1845.6654905661348,1.0,head
h_p33_cp159,-1845.6654905657517,1.0,head
h_p33_cp160,-1841.5885607453467,1.0,head
h_p33_cp161,-1841.5885607449197,1.0,head
h_p33_cp162,-1837.8792008368634,1.0,head
h_p33_cp163,-1837.8792008364144,1.0,head
h_p33_cp164,-2246.092111722658,1.0,head
h_p33_cp165,-1837.8808519848803,1.0,head
h_p33_cp166,-2246.0918188812016,1.0,head
h_p33_cp167,-1837.8819387169751,1.0,head
h_p33_cp168,-2246.091621276025,1.0,head
h_p33_cp169,-1837.8826412481858,1.0,head
h_p33_cp170,-2246.091490446672,1.0,head
h_p33_cp171,-1837.8830874696405,1.0,head
h_p33_cp172,-2246.0914054409363,1.0,head
h_p33_cp173,-1837.8833659994323,1.0,head
h_p33_cp174,-2246.091351225404,1.0,head
h_p33_cp175,-1837.883536890317,1.0,head
h_p33_cp176,-2246.0913172749133,1.0,head
h_p33_cp177,-1837.883639974413,1.0,head
h_p33_cp178,-2246.0912963934175,1.0,head
h_p33_cp179,-1837.8837011254282,1.0,head
h_p33_cp180,-2246.0912837731034,1.0,head
h_p33_cp181,-1837.883736810108,1.0,head
h_p33_cp182,-2246.091276272944,1.0,head
h_p33_cp183,-1837.8837573010323,1.0,head
h_p33_cp184,-2246.091271884986,1.0,head
h_p33_cp185,-1837.8837688828617,1.0,head
h_p33_cp186,-2246.091269352372,1.0,head
h_p33_cp187,-1837.883775328127,1.0,head
h_p33_cp188,-2246.0912679042744,1.0,head
h_p33_cp189,-1837.8837788598944,1.0,head
h_p33_cp190,-2246.091267077254,1.0,head
h_p33_cp191,-1837.8837807648001,1.0,head
h_p33_cp192,-2246.091266598137,1.0,head
h_p33_cp193,-1837.883781774551,1.0,head
h_p33_cp194,-2246.091266309217,1.0,head
h_p33_cp195,-1837.883782298176,1.0,head
h_p33_cp196,-2246.0912661216466,1.0,head
h_p33_cp197,-1837.8837825604824,1.0,head
h_p33_cp198,-2246.091265987046,1.0,head
h_p33_cp199,-1837.8837826829688,1.0,head
h_p33_cp200,-2246.0912658805346,1.0,head
h_p33_cp201,-1837.883782730228,1.0,head
h_p33_cp202,-2246.091265790704,1.0,head
h_p33_cp203,-1837.8837827360785,1.0,head
h_p33_cp204,-2246.0912657136987,1.0,head
h_p33_cp205,-1837.883782718033,1.0,head
h_p33_cp206,-2246.0912656496475,1.0,head
h_p33_cp207,-1837.8837826851302,1.0,head
h_p33_cp208,-2246.0912656004275,1.0,head
h_p33_cp209,-1837.8837826420202,1.0,head
h_p33_cp210,-2246.091265568213,1.0,head
h_p33_cp211,-1837.883782590898,1.0,head
h_p33_cp212,-2246.0912655545126,1.0,head
h_p33_cp213,-1837.8837825321143,1.0,head
h_p33_cp214,-2246.091265559588,1.0,head
h_p33_cp215,-1837.8837824638695,1.0,head
h_p33_cp216,-2246.091265582181,1.0,head
h_p33_cp217,-1837.883782381147,1.0,head
h_p33_cp218,-2246.0912656195114,1.0,head
h_p33_cp219,-1837.8837822739079,1.0,head
h_p33_cp220,-2246.0912656674764,1.0,head
h_p33_cp221,-1837.8837821245024,1.0,head
h_p33_cp222,-2246.0912657209706,1.0,head
h_p33_cp223,-1837.8837819042337,1.0,head
h_p33_cp224,-2246.0912657742238,1.0,head
h_p33_cp225,-1837.8837815690385,1.0,head
h_p33_cp226,-2246.0912658210646,1.0,head
h_p33_cp227,-1837.8837810543635,1.0,head
h_p33_cp228,-2246.09126585503,1.0,head
h_p33_cp229,-1837.8837802695116,1.0,head
h_p33_cp230,-2246.091265869309,1.0,head
h_p33_cp231,-1837.8837790920782,1.0,head
h_p33_cp232,-2246.091265856532,1.0,head
h_p33_cp233,-1837.8837773635503,1.0,head
h_p33_cp234,-2246.091265808491,1.0,head
h_p33_cp235,-1837.8837748877115,1.0,head
h_p33_cp236,-2246.0912657159333,1.0,head
h_p33_cp237,-1837.8837714340248,1.0,head
h_p33_cp238,-2246.0912655685916,1.0,head
h_p33_cp239,-1837.883766748483,1.0,head
h_p33_cp240,-2246.091265355634,1.0,head
h_p33_cp241,-1837.8837605742738,1.0,head
h_p33_cp242,-2246.0912650666883,1.0,head
h_p33_cp243,-1837.8837526836535,1.0,head
h_p33_cp244,-2246.091264693521,1.0,head
h_p33_cp245,-1837.883742920532,1.0,head
h_p33_cp246,-2246.0912642322883,1.0,head
h_p33_cp247,-1837.8837312504118,1.0,head
h_p33_cp248,-2246.091263686108,1.0,head
h_p33_cp249,-1837.8837178108356,1.0,head
h_p33_cp250,-2246.0912630674666,1.0,head
h_p33_cp251,-1837.8837029522645,1.0,head
h_p33_cp252,-2246.091262399826,1.0,head
h_p33_cp253,-1837.8836872573722,1.0,head
h_p33_cp254,-2246.091261717735,1.0,head
h_p33_cp255,-1837.8836715274556,1.0,head
h_p33_cp256,-2246.0912610649166,1.0,head
h_p33_cp257,-1837.8836567288,1.0,head
h_p33_cp258,-2246.091260490157,1.0,head
h_p33_cp259,-1837.883643899381,1.0,head
h_p33_cp260,-2246.091260041348,1.0,head
h_p33_cp261,-1837.883634025935,1.0,head
h_p33_cp262,-2246.0912597586125,1.0,head
h_p33_cp263,-1837.8836279106317,1.0,head
h_p33_cp264,-2246.0912596677863,1.0,head
h_p33_cp265,-1837.8836260523371,1.0,head
h_p33_cp266,-2246.091259775657,1.0,head
h_p33_cp267,-1837.8836285672658,1.0,head
h_p33_cp268,-2246.0912600679385,1.0,head
h_p33_cp269,-1837.8836351669154,1.0,head
h_p33_cp270,-2246.091260510364,1.0,head
h_p33_cp271,-1837.8836451990414,1.0,head
h_p33_cp272,-2246.091261052426,1.0,head
h_p33_cp273,-1837.8836577435065,1.0,head
h_p33_cp274,-2246.091261632687,1.0,head
h_p33_cp275,-1837.8836717432082,1.0,head
h_p33_cp276,-2246.091262184244,1.0,head
h_p33_cp277,-1837.8836861442167,1.0,head
h_p33_cp278,-2246.091262639071,1.0,head
h_p33_cp279,-1837.8837000199192,1.0,head
h_p33_cp280,-2246.0912629304307,1.0,head
h_p33_cp281,-1837.883712660351,1.0,head
h_p33_cp282,-2246.091262993258,1.0,head
h_p33_cp283,-1837.8837236174068,1.0,head
h_p33_cp284,-2246.0912627630546,1.0,head
h_p33_cp285,-1837.8837327063022,1.0,head
h_p33_cp286,-2246.0912621743832,1.0,head
h_p33_cp287,-1837.883739971214,1.0,head
h_p33_cp288,-2246.091261160309,1.0,head
h_p33_cp289,-1837.8837456273177,1.0,head
h_p33_cp290,-2246.09125965409,1.0,head
h_p33_cp291,-1837.8837499925573,1.0,head
h_p33_cp292,-2246.0912575941393,1.0,head
h_p33_cp293,-1837.8837534210916,1.0,head
h_p33_cp294,-2246.0912549326945,1.0,head
h_p33_cp295,-1837.8837562474862,1.0,head
h_p33_cp296,-2246.091251647819,1.0,head
h_p33_cp297,-1837.8837587472135,1.0,head
h_p33_cp298,-2246.091247757411,1.0,head
h_p33_cp299,-1837.883761115456,1.0,head
h_p33_cp300,-2246.091243332888,1.0,head
h_p33_cp301,-1837.883763463107,1.0,head
h_p33_cp302,-2246.091238509425,1.0,head
h_p33_cp303,-1837.8837658264922,1.0,head
h_p33_cp304,-2246.091233489313,1.0,head
h_p33_cp305,-1837.8837681859397,1.0,head
h_p33_cp306,-2246.0912285354657,1.0,head
h_p33_cp307,-1837.8837704879743,1.0,head
h_p33_cp308,-2246.09122395348,1.0,head
h_p33_cp309,-1837.8837726665627,1.0,head
h_p33_cp310,-2246.0912200628923,1.0,head
h_p33_cp311,-1837.883774660134,1.0,head
h_p33_cp312,-2246.0912171609157,1.0,head
h_p33_cp313,-1837.8837764227198,1.0,head
h_p33_cp314,-2246.0912154843377,1.0,head
h_p33_cp315,-1837.8837779290739,1.0,head
h_p33_cp316,-2246.091215176596,1.0,head
h_p33_cp317,-1837.8837791747578,1.0,head
h_p33_cp318,-2246.091216266707,1.0,head
h_p33_cp319,-1837.8837801727734,1.0,head
h_p33_cp320,-2246.0912186646146,1.0,head
h_p33_cp321,-1837.8837809484367,1.0,head
h_p33_cp322,-2246.0912221741137,1.0,head
h_p33_cp323,-1837.8837815339132,1.0,head
h_p33_cp324,-2246.091226520674,1.0,head
h_p33_cp325,-1837.8837819633884,1.0,head
h_p33_cp326,-2246.091231388482,1.0,head
h_p33_cp327,-1837.8837822693506,1.0,head
h_p33_cp328,-2246.0912364595465,1.0,head
h_p33_cp329,-1837.8837824800319,1.0,head
h_p33_cp330,-2246.091241448113,1.0,head
h_p33_cp331,-1837.8837826177235,1.0,head
h_p33_cp332,-2246.0912461256326,1.0,head
h_p33_cp333,-1837.8837826974207,1.0,head
h_p33_cp334,-2246.0912503343066,1.0,head
h_p33_cp335,-1837.883782724983,1.0,head
h_p33_cp336,-2246.0912539900614,1.0,head
h_p33_cp337,-1837.8837826936265,1.0,head
h_p33_cp338,-2246.0912570780297,1.0,head
h_p33_cp339,-1837.8837825768744,1.0,head
h_p33_cp340,-2246.0912596450016,1.0,head
h_p33_cp341,-1837.883782314906,1.0,head
h_p33_cp342,-2246.0912617940307,1.0,head
h_p33_cp343,-1837.8837817891458,1.0,head
h_p33_cp344,-2246.0912636867884,1.0,head
h_p33_cp345,-1837.8837807764514,1.0,head
h_p33_cp346,-2246.091265559885,1.0,head
h_p33_cp347,-1837.8837788686553,1.0,head
h_p33_cp348,-2246.0912677627252,1.0,head
h_p33_cp349,-1837.8837753344237,1.0,head
h_p33_cp350,-2246.0912708268465,1.0,head
h_p33_cp351,-1837.8837688872243,1.0,head
h_p33_cp352,-2246.0912755803806,1.0,head
h_p33_cp353,-1837.8837573039602,1.0,head
h_p33_cp354,-2246.091283326109,1.0,head
h_p33_cp355,-1837.883736812015,1.0,head
h_p33_cp356,-2246.0912961072813,1.0,head
h_p33_cp357,-1837.8837011266296,1.0,head
h_p33_cp358,-2246.091317091072,1.0,head
h_p33_cp359,-1837.8836399751374,1.0,head
h_p33_cp360,-2246.0913511040376,1.0,head
h_p33_cp361,-1837.8835368907198,1.0,head
h_p33_cp362,-2246.0914053552656,1.0,head
h_p33_cp363,-1837.8833659996144,1.0,head
h_p33_cp364,-2246.091490378773,1.0,head
h_p33_cp365,-1837.883087469663,1.0,head
h_p33_cp366,-2246.0916212138827,1.0,head
h_p33_cp367,-1837.8826412480812,1.0,head
h_p33_cp368,-2246.0918188167257,1.0,head
h_p33_cp369,-1837.8819387167573,1.0,head
h_p33_cp370,-2246.0921116503823,1.0,head
h_p33_cp371,-1837.8808519845495,1.0,head
h_p34_cp0,-2245.8828284472247,1.0,head
h_p34_cp1,-2245.882828361547,1.0,head
h_p34_cp2,-2242.218593974398,1.0,head
h_p34_cp3,-2242.218593896186,1.0,head
h_p34_cp4,-2238.1821645447712,1.0,head
h_p34_cp5,-2238.182164471248,1.0,head
h_p34_cp6,-2233.846600286024,1.0,head
h_p34_cp7,-2233.8466002123437,1.0,head
h_p34_cp8,-2229.2774764081078,1.0,head
h_p34_cp9,-2229.277476323733,1.0,head
h_p34_cp10,-2224.5310540212067,1.0,head
h_p34_cp11,-2224.531053909671,1.0,head
h_p34_cp12,-2219.653668883503,1.0,head
h_p34_cp13,-2219.65366871995,1.0,head
h_p34_cp14,-2214.682073382413,1.0,head
h_p34_cp15,-2214.682073128679,1.0,head
h_p34_cp16,-2209.644417758079,1.0,head
h_p34_cp17,-2209.6444173599566,1.0,head
h_p34_cp18,-2204.5615709185267,1.0,head
h_p34_cp19,-2204.561570299398,1.0,head
h_p34_cp20,-2199.448536781788,1.0,head
h_p34_cp21,-2199.448535834436,1.0,head
h_p34_cp22,-2194.3157954049134,1.0,head
h_p34_cp23,-2194.315793983033,1.0,head
h_p34_cp24,-2189.170469796455,1.0,head
h_p34_cp25,-2189.170467707096,1.0,head
h_p34_cp26,-2184.017277605708,1.0,head
h_p34_cp27,-2184.0172746045264,1.0,head
h_p34_cp28,-2178.8592675480654,1.0,head
h_p34_cp29,-2178.8592633402322,1.0,head
h_p34_cp30,-2173.6983642935797,1.0,head
h_p34_cp31,-2173.6983585440803,1.0,head
h_p34_cp32,-2168.535756125391,1.0,head
h_p34_cp33,-2168.53574848292,1.0,head
h_p34_cp34,-2163.372161238962,1.0,head
h_p34_cp35,-2163.3721513772475,1.0,head
h_p34_cp36,-2158.208004956021,1.0,head
h_p34_cp37,-2158.2079926348206,1.0,head
h_p34_cp38,-2153.0435342758055,1.0,head
h_p34_cp39,-2153.0435194206225,1.0,head
h_p34_cp40,-2147.878889963139,1.0,head
h_p34_cp41,-2147.87887275791,1.0,head
h_p34_cp42,-2142.7141508030004,1.0,head
h_p34_cp43,-2142.7141317840837,1.0,head
h_p34_cp44,-2137.5493601513344,1.0,head
h_p34_cp45,-2137.5493402852794,1.0,head
h_p34_cp46,-2132.384541529069,1.0,head
h_p34_cp47,-2132.3845222526315,1.0,head
h_p34_cp48,-2127.2197076007633,1.0,head
h_p34_cp49,-2127.219690801676,1.0,head
h_p34_cp50,-2122.05486524517,1.0,head
h_p34_cp51,-2122.054853167937,1.0,head
h_p34_cp52,-2116.8900183577425,1.0,head
h_p34_cp53,-2116.890013430928,1.0,head
h_p34_cp54,-2111.725169353173,1.0,head
h_p34_cp55,-2111.725173951686,1.0,head
h_p34_cp56,-2106.5603199277384,1.0,head
h_p34_cp57,-2106.560336101979,1.0,head
h_p34_cp58,-2101.3954714028114,1.0,head
h_p34_cp59,-2101.395500620659,1.0,head
h_p34_cp60,-2096.230624837127,1.0,head
h_p34_cp61,-2096.2306677893566,1.0,head
h_p34_cp62,-2091.0657810229195,1.0,head
h_p34_cp63,-2091.065837534193,1.0,head
h_p34_cp64,-2085.9009404413564,1.0,head
h_p34_cp65,-2085.9010095080316,1.0,head
h_p34_cp66,-2080.73610322768,1.0,head
h_p34_cp67,-2080.7361831752123,1.0,head
h_p34_cp68,-2075.5712691763683,1.0,head
h_p34_cp69,-2075.571357901178,1.0,head
h_p34_cp70,-2070.4064377974787,1.0,head
h_p34_cp71,-2070.4065330393164,1.0,head
h_p34_cp72,-2065.241608417707,1.0,head
h_p34_cp73,-2065.241708004557,1.0,head
h_p34_cp74,-2060.076780306128,1.0,head
h_p34_cp75,-2060.076882325377,1.0,head
h_p34_cp76,-2054.911952797843,1.0,head
h_p34_cp77,-2054.912055670578,1.0,head
h_p34_cp78,-2049.7471253898507,1.0,head
h_p34_cp79,-2049.747227852252,1.0,head
h_p34_cp80,-2044.582297791557,1.0,head
h_p34_cp81,-2044.5823988101547,1.0,head
h_p34_cp82,-2039.4174699242808,1.0,head
h_p34_cp83,-2039.4175685846092,1.0,head
h_p34_cp84,-2034.2526418765858,1.0,head
h_p34_cp85,-2034.2527372850382,1.0,head
h_p34_cp86,-2029.0878138315438,1.0,head
h_p34_cp87,-2029.0879050598328,1.0,head
h_p34_cp88,-2023.9229859863838,1.0,head
h_p34_cp89,-2023.9230720712817,1.0,head
h_p34_cp90,-2018.7581584836585,1.0,head
h_p34_cp91,-2018.758238477242,1.0,head
h_p34_cp92,-2013.5933313674689,1.0,head
h_p34_cp93,-2013.5934044196824,1.0,head
h_p34_cp94,-2008.4285045702375,1.0,head
h_p34_cp95,-2008.4285700192045,1.0,head
h_p34_cp96,-2003.2636779277852,1.0,head
h_p34_cp97,-2003.2637353743162,1.0,head
h_p34_cp98,-1998.098851214766,1.0,head
h_p34_cp99,-1998.098900564351,1.0,head
h_p34_cp100,-1992.9340241903326,1.0,head
h_p34_cp101,-1992.9340656556396,1.0,head
h_p34_cp102,-1987.7691966452498,1.0,head
h_p34_cp103,-1987.769230711732,1.0,head
h_p34_cp104,-1982.6043684463828,1.0,head
h_p34_cp105,-1982.6043958106657,1.0,head
h_p34_cp106,-1977.4395395819136,1.0,head
h_p34_cp107,-1977.4395610761064,1.0,head
h_p34_cp108,-1972.2747102213796,1.0,head
h_p34_cp109,-1972.2747267363472,1.0,head
h_p34_cp110,-1967.1098808204365,1.0,head
h_p34_cp111,-1967.1098932383957,1.0,head
h_p34_cp112,-1961.9450523262535,1.0,head
h_p34_cp113,-1961.9450614690395,1.0,head
h_p34_cp114,-1956.7802265844766,1.0,head
h_p34_cp115,-1956.7802331797832,1.0,head
h_p34_cp116,-1951.6154071289156,1.0,head
h_p34_cp117,-1951.6154117935198,1.0,head
h_p34_cp118,-1946.4506006762435,1.0,head
h_p34_cp119,-1946.4506039131375,1.0,head
h_p34_cp120,-1941.2858198914903,1.0,head
h_p34_cp121,-1941.285822096929,1.0,head
h_p34_cp122,-1936.1210883997273,1.0,head
h_p34_cp123,-1936.1210898762354,1.0,head
h_p34_cp124,-1930.956449688691,1.0,head
h_p34_cp125,-1930.9564506606978,1.0,head
h_p34_cp126,-1925.791982607783,1.0,head
h_p34_cp127,-1925.7919832374423,1.0,head
h_p34_cp128,-1920.627827792599,1.0,head
h_p34_cp129,-1920.6278281942434,1.0,head
h_p34_cp130,-1915.4642317346763,1.0,head
h_p34_cp131,-1915.4642319871136,1.0,head
h_p34_cp132,-1910.3016185776692,1.0,head
h_p34_cp133,-1910.3016187340875,1.0,head
h_p34_cp134,-1905.1407041908958,1.0,head
h_p34_cp135,-1905.1407042864923,1.0,head
h_p34_cp136,-1899.9826725985577,1.0,head
h_p34_cp137,-1899.9826726562005,1.0,head
h_p34_cp138,-1894.8294410081128,1.0,head
h_p34_cp139,-1894.8294410424032,1.0,head
h_p34_cp140,-1889.6840454586202,1.0,head
h_p34_cp141,-1889.684045478731,1.0,head
h_p34_cp142,-1884.5511826222034,1.0,head
h_p34_cp143,-1884.5511826338095,1.0,head
h_p34_cp144,-1879.4379416492895,1.0,head
h_p34_cp145,-1879.4379416558509,1.0,head
h_p34_cp146,-1874.354749333923,1.0,head
h_p34_cp147,-1874.3547493375202,1.0,head
h_p34_cp148,-1869.3165280787398,1.0,head
h_p34_cp149,-1869.3165280806077,1.0,head
h_p34_cp150,-1864.3440257287523,1.0,head
h_p34_cp151,-1864.3440257296163,1.0,head
h_p34_cp152,-1859.465218526471,1.0,head
h_p34_cp153,-1859.4652185267535,1.0,head
h_p34_cp154,-1854.7166173656244,1.0,head
h_p34_cp155,-1854.7166173655708,1.0,head
h_p34_cp156,-1850.1442343250671,1.0,head
h_p34_cp157,-1850.1442343248204,1.0,head
h_p34_cp158,-1845.803909943774,1.0,head
h_p34_cp159,-1845.8039099434175,1.0,head
h_p34_cp160,-1841.7606862659775,1.0,head
h_p34_cp161,-1841.7606862655607,1.0,head
h_p34_cp162,-1838.086960746233,1.0,head
h_p34_cp163,-1838.0869607457848,1.0,head
h_p34_cp164,-2245.8823857965654,1.0,head
h_p34_cp165,-1838.0887294774138,1.0,head
h_p34_cp166,-2245.882078814875,1.0,head
h_p34_cp167,-1838.0899018218224,1.0,head
h_p34_cp168,-2245.8818699289977,1.0,head
h_p34_cp169,-1838.0906654091496,1.0,head
h_p34_cp170,-2245.8817304298514,1.0,head
h_p34_cp171,-1838.0911542721938,1.0,head
h_p34_cp172,-2245.8816389779413,1.0,head
h_p34_cp173,-1838.0914619652062,1.0,head
h_p34_cp174,-2245.88158011171,1.0,head
h_p34_cp175,-1838.0916523900414,1.0,head
h_p34_cp176,-2245.8815428979556,1.0,head
h_p34_cp177,-1838.0917682917172,1.0,head
h_p34_cp178,-2245.881519785286,1.0,head
h_p34_cp179,-1838.0918376847317,1.0,head
h_p34_cp180,-2245.881505675801,1.0,head
h_p34_cp181,-1838.0918785651363,1.0,head
h_p34_cp182,-2245.881497203443,1.0,head
h_p34_cp183,-1838.0919022685061,1.0,head
h_p34_cp184,-2245.8814921930025,1.0,head
h_p34_cp185,-1838.0919157992103,1.0,head
h_p34_cp186,-2245.88148926785,1.0,head
h_p34_cp187,-1838.0919234049354,1.0,head
h_p34_cp188,-2245.8814875742187,1.0,head
h_p34_cp189,-1838.0919276149607,1.0,head
h_p34_cp190,-2245.8814865929853,1.0,head
h_p34_cp191,-1838.0919299087366,1.0,head
h_p34_cp192,-2245.8814860147017,1.0,head
h_p34_cp193,-1838.091931136698,1.0,head
h_p34_cp194,-2245.881485658765,1.0,head
h_p34_cp195,-1838.091931779422,1.0,head
h_p34_cp196,-2245.8814854224065,1.0,head
h_p34_cp197,-1838.0919321039391,1.0,head
h_p34_cp198,-2245.881485249216,1.0,head
h_p34_cp199,-1838.0919322561633,1.0,head
h_p34_cp200,-2245.8814851100747,1.0,head
h_p34_cp201,-1838.0919323145338,1.0,head
h_p34_cp202,-2245.8814849917185,1.0,head
h_p34_cp203,-1838.0919323205876,1.0,head
h_p34_cp204,-2245.881484889871,1.0,head
h_p34_cp205,-1838.0919322960776,1.0,head
h_p34_cp206,-2245.881484805025,1.0,head
h_p34_cp207,-1838.0919322523391,1.0,head
h_p34_cp208,-2245.8814847397516,1.0,head
h_p34_cp209,-1838.0919321952153,1.0,head
h_p34_cp210,-2245.8814846969085,1.0,head
h_p34_cp211,-1838.091932127381,1.0,head
h_p34_cp212,-2245.8814846784508,1.0,head
h_p34_cp213,-1838.091932049042,1.0,head
h_p34_cp214,-2245.881484684693,1.0,head
h_p34_cp215,-1838.0919319574914,1.0,head
h_p34_cp216,-2245.881484713966,1.0,head
h_p34_cp217,-1838.0919318457022,1.0,head
h_p34_cp218,-2245.881484762605,1.0,head
h_p34_cp219,-1838.091931699993,1.0,head
h_p34_cp220,-2245.8814848252023,1.0,head
h_p34_cp221,-1838.0919314967166,1.0,head
h_p34_cp222,-2245.8814848950046,1.0,head
h_p34_cp223,-1838.0919311979173,1.0,head
h_p34_cp224,-2245.8814849643404,1.0,head
h_p34_cp225,-1838.0919307459455,1.0,head
h_p34_cp226,-2245.8814850249514,1.0,head
h_p34_cp227,-1838.091930057172,1.0,head
h_p34_cp228,-2245.881485068142,1.0,head
h_p34_cp229,-1838.091929015201,1.0,head
h_p34_cp230,-2245.881485084722,1.0,head
h_p34_cp231,-1838.0919274644064,1.0,head
h_p34_cp232,-2245.881485064764,1.0,head
h_p34_cp233,-1838.091925205165,1.0,head
h_p34_cp234,-2245.881484997292,1.0,head
h_p34_cp235,-1838.091921992812,1.0,head
h_p34_cp236,-2245.8814848700777,1.0,head
h_p34_cp237,-1838.0919175429376,1.0,head
h_p34_cp238,-2245.8814846697505,1.0,head
h_p34_cp239,-1838.0919115459244,1.0,head
h_p34_cp240,-2245.8814843824507,1.0,head
h_p34_cp241,-1838.091903693344,1.0,head
h_p34_cp242,-2245.8814839952124,1.0,head
h_p34_cp243,-1838.0918937175823,1.0,head
h_p34_cp244,-2245.8814834981376,1.0,head
h_p34_cp245,-1838.0918814437184,1.0,head
h_p34_cp246,-2245.881482887264,1.0,head
h_p34_cp247,-1838.0918668492602,1.0,head
h_p34_cp248,-2245.8814821677656,1.0,head
h_p34_cp249,-1838.091850123319,1.0,head
h_p34_cp250,-2245.8814813568692,1.0,head
h_p34_cp251,-1838.0918317131639,1.0,head
h_p34_cp252,-2245.8814804857116,1.0,head
h_p34_cp253,-1838.0918123441404,1.0,head
h_p34_cp254,-2245.8814795992807,1.0,head
h_p34_cp255,-1838.091793000075,1.0,head
h_p34_cp256,-2245.8814787538317,1.0,head
h_p34_cp257,-1838.0917748563984,1.0,head
h_p34_cp258,-2245.881478011596,1.0,head
h_p34_cp259,-1838.0917591671516,1.0,head
h_p34_cp260,-2245.8814774332686,1.0,head
h_p34_cp261,-1838.0917471181933,1.0,head
h_p34_cp262,-2245.881477069417,1.0,head
h_p34_cp263,-1838.0917396693965,1.0,head
h_p34_cp264,-2245.8814769523906,1.0,head
h_p34_cp265,-1838.0917374150197,1.0,head
h_p34_cp266,-2245.8814770904105,1.0,head
h_p34_cp267,-1838.0917404909364,1.0,head
h_p34_cp268,-2245.8814774650427,1.0,head
h_p34_cp269,-1838.0917485493092,1.0,head
h_p34_cp270,-2245.881478032492,1.0,head
h_p34_cp271,-1838.0917608072439,1.0,head
h_p34_cp272,-2245.881478728173,1.0,head
h_p34_cp273,-1838.0917761599273,1.0,head
h_p34_cp274,-2245.8814794732384,1.0,head
h_p34_cp275,-1838.0917933353096,1.0,head
h_p34_cp276,-2245.8814801813714,1.0,head
h_p34_cp277,-1838.0918110602709,1.0,head
h_p34_cp278,-2245.881480764279,1.0,head
h_p34_cp279,-1838.091828208784,1.0,head
h_p34_cp280,-2245.8814811349043,1.0,head
h_p34_cp281,-1838.091843909775,1.0,head
h_p34_cp282,-2245.8814812082105,1.0,head
h_p34_cp283,-1838.0918576032727,1.0,head
h_p34_cp284,-2245.881480900188,1.0,head
h_p34_cp285,-1838.0918690447515,1.0,head
h_p34_cp286,-2245.8814801263943,1.0,head
h_p34_cp287,-1838.0918782665065,1.0,head
h_p34_cp288,-2245.881478801673,1.0,head
h_p34_cp289,-1838.0918855102116,1.0,head
h_p34_cp290,-2245.8814768426264,1.0,head
h_p34_cp291,-1838.0918911463616,1.0,head
h_p34_cp292,-2245.8814741740657,1.0,head
h_p34_cp293,-1838.0918955948584,1.0,head
h_p34_cp294,-2245.8814707399156,1.0,head
h_p34_cp295,-1838.091899257717,1.0,head
h_p34_cp296,-2245.881466518039,1.0,head
h_p34_cp297,-1838.0919024707364,1.0,head
h_p34_cp298,-2245.8814615372835,1.0,head
h_p34_cp299,-1838.0919054767203,1.0,head
h_p34_cp300,-2245.881455893835,1.0,head
h_p34_cp301,-1838.0919084191485,1.0,head
h_p34_cp302,-2245.881449763072,1.0,head
h_p34_cp303,-1838.0919113523219,1.0,head
h_p34_cp304,-2245.881443402792,1.0,head
h_p34_cp305,-1838.0919142623427,1.0,head
h_p34_cp306,-2245.8814371443314,1.0,head
h_p34_cp307,-1838.0919170928235,1.0,head
h_p34_cp308,-2245.8814313698285,1.0,head
h_p34_cp309,-1838.091919769917,1.0,head
h_p34_cp310,-2245.881426476567,1.0,head
h_p34_cp311,-1838.0919222227396,1.0,head
h_p34_cp312,-2245.881422832511,1.0,head
h_p34_cp313,-1838.0919243971048,1.0,head
h_p34_cp314,-2245.8814207299197,1.0,head
h_p34_cp315,-1838.091926262261,1.0,head
h_p34_cp316,-2245.8814203454626,1.0,head
h_p34_cp317,-1838.0919278116457,1.0,head
h_p34_cp318,-2245.8814217147724,1.0,head
h_p34_cp319,-1838.0919290594256,1.0,head
h_p34_cp320,-2245.881424726869,1.0,head
h_p34_cp321,-1838.0919300347643,1.0,head
h_p34_cp322,-2245.881429139789,1.0,head
h_p34_cp323,-1838.0919307755007,1.0,head
h_p34_cp324,-2245.8814346142826,1.0,head
h_p34_cp325,-1838.0919313224097,1.0,head
h_p34_cp326,-2245.8814407588043,1.0,head
h_p34_cp327,-1838.0919317146754,1.0,head
h_p34_cp328,-2245.881447177261,1.0,head
h_p34_cp329,-1838.091931986674,1.0,head
h_p34_cp330,-2245.881453511414,1.0,head
h_p34_cp331,-1838.0919321657746,1.0,head
h_p34_cp332,-2245.8814594720716,1.0,head
h_p34_cp333,-1838.091932270531,1.0,head
h_p34_cp334,-2245.8814648565517,1.0,head
h_p34_cp335,-1838.091932308316,1.0,head
h_p34_cp336,-2245.8814695531946,1.0,head
h_p34_cp337,-1838.0919322709947,1.0,head
h_p34_cp338,-2245.8814735364376,1.0,head
h_p34_cp339,-1838.0919321264516,1.0,head
h_p34_cp340,-2245.8814768576626,1.0,head
h_p34_cp341,-1838.0919318024362,1.0,head
h_p34_cp342,-2245.8814796378742,1.0,head
h_p34_cp343,-1838.091931156869,1.0,head
h_p34_cp344,-2245.88148206869,1.0,head
h_p34_cp345,-1838.0919299249356,1.0,head
h_p34_cp346,-2245.88148442864,1.0,head
h_p34_cp347,-1838.0919276272214,1.0,head
h_p34_cp348,-2245.8814871229542,1.0,head
h_p34_cp349,-1838.0919234138096,1.0,head
h_p34_cp350,-2245.88149075721,1.0,head
h_p34_cp351,-1838.091915805405,1.0,head
h_p34_cp352,-2245.881496258613,1.0,head
h_p34_cp353,-1838.0919022726976,1.0,head
h_p34_cp354,-2245.8815050631706,1.0,head
h_p34_cp355,-1838.0918785678919,1.0,head
h_p34_cp356,-2245.88151939214,1.0,head
h_p34_cp357,-1838.09183768649,1.0,head
h_p34_cp358,-2245.8815426459987,1.0,head
h_p34_cp359,-1838.0917682927977,1.0,head
h_p34_cp360,-2245.881579947547,1.0,head
h_p34_cp361,-1838.0916523906667,1.0,head
h_p34_cp362,-2245.8816388656714,1.0,head
h_p34_cp363,-1838.0914619655236,1.0,head
h_p34_cp364,-2245.881730345561,1.0,head
h_p34_cp365,-1838.0911542722954,1.0,head
h_p34_cp366,-2245.8818698568307,1.0,head
h_p34_cp367,-1838.0906654090898,1.0,head
h_p34_cp368,-2245.8820787443296,1.0,head
h_p34_cp369,-1838.0899018216278,1.0,head
h_p34_cp370,-2245.8823857207035,1.0,head
h_p34_cp371,-1838.0887294770926,1.0,head
h_p35_cp0,-2245.673236935734,1.0,head
h_p35_cp1,-2245.6732368476464,1.0,head
h_p35_cp2,-2242.0441665426542,1.0,head
h_p35_cp3,-2242.0441664599894,1.0,head
h_p35_cp4,-2238.041143620891,1.0,head
h_p35_cp5,-2238.041143539607,1.0,head
h_p35_cp6,-2233.735764833894,1.0,head
h_p35_cp7,-2233.7357647466997,1.0,head
h_p35_cp8,-2229.1927299347976,1.0,head
h_p35_cp9,-2229.1927298281626,1.0,head
h_p35_cp10,-2224.467965335443,1.0,head
h_p35_cp11,-2224.4679651879364,1.0,head
h_p35_cp12,-2219.607905322266,1.0,head
h_p35_cp13,-2219.607905101261,1.0,head
h_p35_cp14,-2214.6497002310007,1.0,head
h_p35_cp15,-2214.6496998874304,1.0,head
h_p35_cp16,-2209.62206622233,1.0,head
h_p35_cp17,-2209.6220656856644,1.0,head
h_p35_cp18,-2204.54649631258,1.0,head
h_p35_cp19,-2204.546495483145,1.0,head
h_p35_cp20,-2199.438597476457,1.0,head
h_p35_cp21,-2199.438596215825,1.0,head
h_p35_cp22,-2194.3093834873207,1.0,head
h_p35_cp23,-2194.309381608313,1.0,head
h_p35_cp24,-2189.166419490302,1.0,head
h_p35_cp25,-2189.166416748339,1.0,head
h_p35_cp26,-2184.0147703286216,1.0,head
h_p35_cp27,-2184.01476641691,1.0,head
h_p35_cp28,-2178.857745277281,1.0,head
h_p35_cp29,-2178.8577398293623,1.0,head
h_p35_cp30,-2173.6974569598183,1.0,head
h_p35_cp31,-2173.6974495639756,1.0,head
h_p35_cp32,-2168.5352245326067,1.0,head
h_p35_cp33,-2168.5352147630265,1.0,head
h_p35_cp34,-2163.371854446566,1.0,head
h_p35_cp35,-2163.37184191556,1.0,head
h_p35_cp36,-2158.2078298157267,1.0,head
h_p35_cp37,-2158.2078142492314,1.0,head
h_p35_cp38,-2153.043434467687,1.0,head
h_p35_cp39,-2153.043415802318,1.0,head
h_p35_cp40,-2147.8788320494064,1.0,head
h_p35_cp41,-2147.878810543588,1.0,head
h_p35_cp42,-2142.714115232661,1.0,head
h_p35_cp43,-2142.7140915774567,1.0,head
h_p35_cp44,-2137.549335623429,1.0,head
h_p35_cp45,-2137.549311032057,1.0,head
h_p35_cp46,-2132.3845215576566,1.0,head
h_p35_cp47,-2132.384497808394,1.0,head
h_p35_cp48,-2127.21968847952,1.0,head
h_p35_cp49,-2127.219667887265,1.0,head
h_p35_cp50,-2122.0548448761842,1.0,head
h_p35_cp51,-2122.054830175176,1.0,head
h_p35_cp52,-2116.8899955980046,1.0,head
h_p35_cp53,-2116.889989732717,1.0,head
h_p35_cp54,-2111.725143660036,1.0,head
h_p35_cp55,-2111.725149501132,1.0,head
h_p35_cp56,-2106.5602911681744,1.0,head
h_p35_cp57,-2106.560311191414,1.0,head
h_p35_cp58,-2101.395439744839,1.0,head
h_p35_cp59,-2101.3954757267184,1.0,head
h_p35_cp60,-2096.2305906760535,1.0,head
h_p35_cp61,-2096.2306434647467,1.0,head
h_p35_cp62,-2091.0657449173113,1.0,head
h_p35_cp63,-2091.06581432738,1.0,head
h_p35_cp64,-2085.9009030483785,1.0,head
h_p35_cp65,-2085.9009879034907,1.0,head
h_p35_cp66,-2080.7360652370294,1.0,head
h_p35_cp67,-2080.736163552235,1.0,head
h_p35_cp68,-2075.571231247664,1.0,head
h_p35_cp69,-2075.5713405108195,1.0,head
h_p35_cp70,-2070.406400508202,1.0,head
h_p35_cp71,-2070.4065179985,1.0,head
h_p35_cp72,-2065.241572228185,1.0,head
h_p35_cp73,-2065.2416953049687,1.0,head
h_p35_cp74,-2060.0767455453133,1.0,head
h_p35_cp75,-2060.0768718534086,1.0,head
h_p35_cp76,-2054.9119196698084,1.0,head
h_p35_cp77,-2054.9120472338627,1.0,head
h_p35_cp78,-2049.7470939970676,1.0,head
h_p35_cp79,-2049.7472212083026,1.0,head
h_p35_cp80,-2044.5822681681761,1.0,head
h_p35_cp81,-2044.5823936933423,1.0,head
h_p35_cp82,-2039.4174420714678,1.0,head
h_p35_cp83,-2039.4175647288284,1.0,head
h_p35_cp84,-2034.2526157925674,1.0,head
h_p35_cp85,-2034.2527344406597,1.0,head
h_p35_cp86,-2029.0877895311826,1.0,head
h_p35_cp87,-2029.0879030046797,1.0,head
h_p35_cp88,-2023.9229635080837,1.0,head
h_p35_cp89,-2023.923070616206,1.0,head
h_p35_cp90,-2018.7581378844673,1.0,head
h_p35_cp91,-2018.7582374673937,1.0,head
h_p35_cp92,-2013.593312709661,1.0,head
h_p35_cp93,-2013.5934037327593,1.0,head
h_p35_cp94,-2008.428487904013,1.0,head
h_p35_cp95,-2008.4285695619585,1.0,head
h_p35_cp96,-2003.2636632748806,1.0,head
h_p35_cp97,-2003.263735078453,1.0,head
h_p35_cp98,-1998.0988385569888,1.0,head
h_p35_cp99,-1998.0989003828404,1.0,head
h_p35_cp100,-1992.9340134657582,1.0,head
h_p35_cp101,-1992.9340655604626,1.0,head
h_p35_cp102,-1987.7691877536267,1.0,head
h_p35_cp103,-1987.7692306943952,1.0,head
h_p35_cp104,-1982.6043612648466,1.0,head
h_p35_cp105,-1982.6043958876546,1.0,head
h_p35_cp106,-1977.4395339930406,1.0,head
h_p35_cp107,-1977.4395613032211,1.0,head
h_p35_cp108,-1972.274706158715,1.0,head
h_p35_cp109,-1972.2747272392764,1.0,head
h_p35_cp110,-1967.1098783430666,1.0,head
h_p35_cp111,-1967.1098942731103,1.0,head
h_p35_cp112,-1961.9450517455446,1.0,head
h_p35_cp113,-1961.9450635366347,1.0,head
h_p35_cp114,-1956.7802286858678,1.0,head
h_p35_cp115,-1956.7802372394972,1.0,head
h_p35_cp116,-1951.615413564443,1.0,head
h_p35_cp117,-1951.61541964981,1.0,head
h_p35_cp118,-1946.450614656653,1.0,head
h_p35_cp119,-1946.4506189053795,1.0,head
h_p35_cp120,-1941.28584739085,1.0,head
h_p35_cp121,-1941.2858503040568,1.0,head
h_p35_cp122,-1936.121140214173,1.0,head
h_p35_cp123,-1936.1211421772257,1.0,head
h_p35_cp124,-1930.9565448806302,1.0,head
h_p35_cp125,-1930.956546181537,1.0,head
h_p35_cp126,-1925.7921541336734,1.0,head
h_p35_cp127,-1925.7921549820965,1.0,head
h_p35_cp128,-1920.6281314659416,1.0,head
h_p35_cp129,-1920.628132010842,1.0,head
h_p35_cp130,-1915.4647601085333,1.0,head
h_p35_cp131,-1915.4647604533814,1.0,head
h_p35_cp132,-1910.3025218007556,1.0,head
h_p35_cp133,-1910.3025220159288,1.0,head
h_p35_cp134,-1905.1422202990805,1.0,head
h_p35_cp135,-1905.1422204315156,1.0,head
h_p35_cp136,-1899.9851698687262,1.0,head
h_p35_cp137,-1899.9851699491558,1.0,head
h_p35_cp138,-1894.833474643924,1.0,head
h_p35_cp139,-1894.8334746921262,1.0,head
h_p35_cp140,-1889.6904296243665,1.0,head
h_p35_cp141,-1889.6904296528626,1.0,head
h_p35_cp142,-1884.561076276083,1.0,head
h_p35_cp143,-1884.5610762926797,1.0,head
h_p35_cp144,-1879.452942413402,1.0,head
h_p35_cp145,-1879.452942422897,1.0,head
h_p35_cp146,-1874.3769837175655,1.0,head
h_p35_cp147,-1874.3769837228651,1.0,head
h_p35_cp148,-1869.3487192319396,1.0,head
h_p35_cp149,-1869.3487192347825,1.0,head
h_p35_cp150,-1864.3895128379124,1.0,head
h_p35_cp151,-1864.389512839327,1.0,head
h_p35_cp152,-1859.5278971957307,1.0,head
h_p35_cp153,-1859.5278971963185,1.0,head
h_p35_cp154,-1854.8007708166363,1.0,head
h_p35_cp155,-1854.8007708167484,1.0,head
h_p35_cp156,-1850.2542340309765,1.0,head
h_p35_cp157,-1850.2542340308166,1.0,head
h_p35_cp158,-1845.9437833384522,1.0,head
h_p35_cp159,-1845.943783338139,1.0,head
h_p35_cp160,-1841.933577852506,1.0,head
h_p35_cp161,-1841.9335778521083,1.0,head
h_p35_cp162,-1838.2945469626557,1.0,head
h_p35_cp163,-1838.2945469622139,1.0,head
h_p35_cp164,-2245.672777594994,1.0,head
h_p35_cp165,-1838.2964363376232,1.0,head
h_p35_cp166,-2245.672456571817,1.0,head
h_p35_cp167,-1838.2976971110077,1.0,head
h_p35_cp168,-2245.672236376547,1.0,head
h_p35_cp169,-1838.2985242187463,1.0,head
h_p35_cp170,-2245.672088101541,1.0,head
h_p35_cp171,-1838.2990577864512,1.0,head
h_p35_cp172,-2245.6719900606695,1.0,head
h_p35_cp173,-1838.2993963029924,1.0,head
h_p35_cp174,-2245.671926393307,1.0,head
h_p35_cp175,-1838.2996075506433,1.0,head
h_p35_cp176,-2245.671885776399,1.0,head
h_p35_cp177,-1838.299737237614,1.0,head
h_p35_cp178,-2245.6718603125714,1.0,head
h_p35_cp179,-1838.2998155769574,1.0,head
h_p35_cp180,-2245.671844616884,1.0,head
h_p35_cp181,-1838.299862150944,1.0,head
h_p35_cp182,-2245.6718350973056,1.0,head
h_p35_cp183,-1838.2998894090713,1.0,head
h_p35_cp184,-2245.6718294083053,1.0,head
h_p35_cp185,-1838.2999051178904,1.0,head
h_p35_cp186,-2245.6718260496364,1.0,head
h_p35_cp187,-1838.299914033739,1.0,head
h_p35_cp188,-2245.6718240807936,1.0,head
h_p35_cp189,-1838.2999190173116,1.0,head
h_p35_cp190,-2245.671822923677,1.0,head
h_p35_cp191,-1838.299921759075,1.0,head
h_p35_cp192,-2245.6718222299464,1.0,head
h_p35_cp193,-1838.2999232408708,1.0,head
h_p35_cp194,-2245.6718217941757,1.0,head
h_p35_cp195,-1838.299924023367,1.0,head
h_p35_cp196,-2245.6718214983675,1.0,head
h_p35_cp197,-1838.2999244213988,1.0,head
h_p35_cp198,-2245.6718212772844,1.0,head
h_p35_cp199,-1838.299924608843,1.0,head
h_p35_cp200,-2245.671821097158,1.0,head
h_p35_cp201,-1838.2999246801826,1.0,head
h_p35_cp202,-2245.671820942742,1.0,head
h_p35_cp203,-1838.2999246860027,1.0,head
h_p35_cp204,-2245.671820809402,1.0,head
h_p35_cp205,-1838.2999246530812,1.0,head
h_p35_cp206,-2245.671820698161,1.0,head
h_p35_cp207,-1838.2999245954984,1.0,head
h_p35_cp208,-2245.6718206124788,1.0,head
h_p35_cp209,-1838.2999245205133,1.0,head
h_p35_cp210,-2245.6718205560746,1.0,head
h_p35_cp211,-1838.2999244313296,1.0,head
h_p35_cp212,-2245.671820531451,1.0,head
h_p35_cp213,-1838.2999243278866,1.0,head
h_p35_cp214,-2245.6718205389793,1.0,head
h_p35_cp215,-1838.2999242062258,1.0,head
h_p35_cp216,-2245.6718205764637,1.0,head
h_p35_cp217,-1838.2999240566614,1.0,head
h_p35_cp218,-2245.6718206391233,1.0,head
h_p35_cp219,-1838.299923860795,1.0,head
h_p35_cp220,-2245.6718207199024,1.0,head
h_p35_cp221,-1838.2999235873324,1.0,head
h_p35_cp222,-2245.6718208099587,1.0,head
h_p35_cp223,-1838.2999231866572,1.0,head
h_p35_cp224,-2245.6718208992033,1.0,head
h_p35_cp225,-1838.2999225841957,1.0,head
h_p35_cp226,-2245.6718209767137,1.0,head
h_p35_cp227,-1838.2999216727985,1.0,head
h_p35_cp228,-2245.6718210309386,1.0,head
h_p35_cp229,-1838.299920304701,1.0,head
h_p35_cp230,-2245.6718210496415,1.0,head
h_p35_cp231,-1838.299918284131,1.0,head
h_p35_cp232,-2245.6718210196377,1.0,head
h_p35_cp233,-1838.2999153623,1.0,head
h_p35_cp234,-2245.6718209264595,1.0,head
h_p35_cp235,-1838.299911237239,1.0,head
h_p35_cp236,-2245.6718207541744,1.0,head
h_p35_cp237,-1838.2999055615933,1.0,head
h_p35_cp238,-2245.671820485614,1.0,head
h_p35_cp239,-1838.2998979617166,1.0,head
h_p35_cp240,-2245.671820103295,1.0,head
h_p35_cp241,-1838.2998880709292,1.0,head
h_p35_cp242,-2245.671819591245,1.0,head
h_p35_cp243,-1838.299875578216,1.0,head
h_p35_cp244,-2245.6718189377843,1.0,head
h_p35_cp245,-1838.2998602907658,1.0,head
h_p35_cp246,-2245.671818139121,1.0,head
h_p35_cp247,-1838.299842204727,1.0,head
h_p35_cp248,-2245.671817203274,1.0,head
h_p35_cp249,-1838.2998215739415,1.0,head
h_p35_cp250,-2245.6718161535737,1.0,head
h_p35_cp251,-1838.2997989623923,1.0,head
h_p35_cp252,-2245.6718150307534,1.0,head
h_p35_cp253,-1838.2997752641554,1.0,head
h_p35_cp254,-2245.6718138926444,1.0,head
h_p35_cp255,-1838.2997516763223,1.0,head
h_p35_cp256,-2245.6718128107455,1.0,head
h_p35_cp257,-1838.2997296165827,1.0,head
h_p35_cp258,-2245.671811863511,1.0,head
h_p35_cp259,-1838.2997105876123,1.0,head
h_p35_cp260,-2245.6718111269797,1.0,head
h_p35_cp261,-1838.2996960032228,1.0,head
h_p35_cp262,-2245.6718106641565,1.0,head
h_p35_cp263,-1838.2996870030556,1.0,head
h_p35_cp264,-2245.6718105150744,1.0,head
h_p35_cp265,-1838.2996842896134,1.0,head
h_p35_cp266,-2245.6718106895346,1.0,head
h_p35_cp267,-1838.2996880206028,1.0,head
h_p35_cp268,-2245.6718111639816,1.0,head
h_p35_cp269,-1838.299697780082,1.0,head
h_p35_cp270,-2245.671811883021,1.0,head
h_p35_cp271,-1838.299712635791,1.0,head
h_p35_cp272,-2245.6718127649383,1.0,head
h_p35_cp273,-1838.2997312716877,1.0,head
h_p35_cp274,-2245.671813709645,1.0,head
h_p35_cp275,-1838.2997521692985,1.0,head
h_p35_cp276,-2245.6718146070275,1.0,head
h_p35_cp277,-1838.2997738032066,1.0,head
h_p35_cp278,-2245.671815343822,1.0,head
h_p35_cp279,-1838.2997948164434,1.0,head
h_p35_cp280,-2245.671815807824,1.0,head
h_p35_cp281,-1838.2998141495739,1.0,head
h_p35_cp282,-2245.6718158892345,1.0,head
h_p35_cp283,-1838.2998311096826,1.0,head
h_p35_cp284,-2245.6718154799078,1.0,head
h_p35_cp285,-1838.299845378518,1.0,head
h_p35_cp286,-2245.6718144720808,1.0,head
h_p35_cp287,-1838.2998569695824,1.0,head
h_p35_cp288,-2245.67181275854,1.0,head
h_p35_cp289,-1838.299866150398,1.0,head
h_p35_cp290,-2245.671810236133,1.0,head
h_p35_cp291,-1838.2998733482495,1.0,head
h_p35_cp292,-2245.6718068140503,1.0,head
h_p35_cp293,-1838.299879056281,1.0,head
h_p35_cp294,-2245.6718024273887,1.0,head
h_p35_cp295,-1838.2998837530904,1.0,head
h_p35_cp296,-2245.6717970552672,1.0,head
h_p35_cp297,-1838.2998878441426,1.0,head
h_p35_cp298,-2245.671790741342,1.0,head
h_p35_cp299,-1838.2998916283407,1.0,head
h_p35_cp300,-2245.67178361313,1.0,head
h_p35_cp301,-1838.2998952886771,1.0,head
h_p35_cp302,-2245.6717758955388,1.0,head
h_p35_cp303,-1838.2998989025118,1.0,head
h_p35_cp304,-2245.671767913712,1.0,head
h_p35_cp305,-1838.2999024649828,1.0,head
h_p35_cp306,-2245.6717600811535,1.0,head
h_p35_cp307,-1838.2999059184854,1.0,head
h_p35_cp308,-2245.671752871224,1.0,head
h_p35_cp309,-1838.299909181878,1.0,head
h_p35_cp310,-2245.6717467733492,1.0,head
h_p35_cp311,-1838.2999121747364,1.0,head
h_p35_cp312,-2245.671742239001,1.0,head
h_p35_cp313,-1838.2999148340914,1.0,head
h_p35_cp314,-2245.67173962573,1.0,head
h_p35_cp315,-1838.299917123104,1.0,head
h_p35_cp316,-2245.671739149257,1.0,head
h_p35_cp317,-1838.2999190327146,1.0,head
h_p35_cp318,-2245.6717408530144,1.0,head
h_p35_cp319,-1838.2999205782048,1.0,head
h_p35_cp320,-2245.6717446014986,1.0,head
h_p35_cp321,-1838.2999217928873,1.0,head
h_p35_cp322,-2245.6717500990176,1.0,head
h_p35_cp323,-1838.2999227208734,1.0,head
h_p35_cp324,-2245.6717569301336,1.0,head
h_p35_cp325,-1838.2999234103443,1.0,head
h_p35_cp326,-2245.6717646138304,1.0,head
h_p35_cp327,-1838.2999239081028,1.0,head
h_p35_cp328,-2245.671772661302,1.0,head
h_p35_cp329,-1838.299924255586,1.0,head
h_p35_cp330,-2245.6717806276934,1.0,head
h_p35_cp331,-1838.2999244860493,1.0,head
h_p35_cp332,-2245.671788150695,1.0,head
h_p35_cp333,-1838.2999246222016,1.0,head
h_p35_cp334,-2245.67179497276,1.0,head
h_p35_cp335,-1838.2999246732006,1.0,head
h_p35_cp336,-2245.671800947629,1.0,head
h_p35_cp337,-1838.299924629361,1.0,head
h_p35_cp338,-2245.6718060351236,1.0,head
h_p35_cp339,-1838.2999244520508,1.0,head
h_p35_cp340,-2245.671810290205,1.0,head
h_p35_cp341,-1838.2999240547197,1.0,head
h_p35_cp342,-2245.671813853355,1.0,head
h_p35_cp343,-1838.299923268463,1.0,head
h_p35_cp344,-2245.6718169497403,1.0,head
h_p35_cp345,-1838.2999217813558,1.0,head
h_p35_cp346,-2245.67181990501,1.0,head
h_p35_cp347,-1838.29991903428,1.0,head
h_p35_cp348,-2245.6718231865684,1.0,head
h_p35_cp349,-1838.2999140461036,1.0,head
h_p35_cp350,-2245.671827481101,1.0,head
h_p35_cp351,-1838.2999051265838,1.0,head
h_p35_cp352,-2245.67183382221,1.0,head
h_p35_cp353,-1838.2998894149985,1.0,head
h_p35_cp354,-2245.67184378608,1.0,head
h_p35_cp355,-1838.2998621548743,1.0,head
h_p35_cp356,-2245.671859777636,1.0,head
h_p35_cp357,-1838.2998155794921,1.0,head
h_p35_cp358,-2245.6718854336905,1.0,head
h_p35_cp359,-1838.2997372391962,1.0,head
h_p35_cp360,-2245.67192617186,1.0,head
h_p35_cp361,-1838.2996075515855,1.0,head
h_p35_cp362,-2245.671989912683,1.0,head
h_p35_cp363,-1838.2993963035058,1.0,head
h_p35_cp364,-2245.67208799522,1.0,head
h_p35_cp365,-1838.29905778667,1.0,head
h_p35_cp366,-2245.6722362909313,1.0,head
h_p35_cp367,-1838.298524218754,1.0,head
h_p35_cp368,-2245.6724564931783,1.0,head
h_p35_cp369,-1838.2976971108492,1.0,head
h_p35_cp370,-2245.6727775144277,1.0,head
h_p35_cp371,-1838.2964363373192,1.0,head
h_p36_cp0,-2245.463838298754,1.0,head
h_p36_cp1,-2245.4638382074463,1.0,head
h_p36_cp2,-2241.869028419847,1.0,head
h_p36_cp3,-2241.8690283312335,1.0,head
h_p36_cp4,-2237.8987405098947,1.0,head
h_p36_cp5,-2237.898740418169,1.0,head
h_p36_cp6,-2233.623131482838,1.0,head
h_p36_cp7,-2233.623131377734,1.0,head
h_p36_cp8,-2229.106009380625,1.0,head
h_p36_cp9,-2229.1060092444786,1.0,head
h_p36_cp10,-2224.402922284551,1.0,head
h_p36_cp11,-2224.4029220894618,1.0,head
h_p36_cp12,-2219.5603463042257,1.0,head
h_p36_cp13,-2219.5603460077327,1.0,head
h_p36_cp14,-2214.61577249119,1.0,head
h_p36_cp15,-2214.615772030104,1.0,head
h_p36_cp16,-2209.598433861048,1.0,head
h_p36_cp17,-2209.598433144321,1.0,head
h_p36_cp18,-2204.5304110086045,1.0,head
h_p36_cp19,-2204.530409907862,1.0,head
h_p36_cp20,-2199.427890698812,1.0,head
h_p36_cp21,-2199.4278890370065,1.0,head
h_p36_cp22,-2194.3024087217095,1.0,head
h_p36_cp23,-2194.302406261477,1.0,head
h_p36_cp24,-2189.16196935433,1.0,head
h_p36_cp25,-2189.1619657882643,1.0,head
h_p36_cp26,-2184.011987260307,1.0,head
h_p36_cp27,-2184.011982206336,1.0,head
h_p36_cp28,-2178.856037887484,1.0,head
h_p36_cp29,-2178.8560308936726,1.0,head
h_p36_cp30,-2173.696428455796,1.0,head
h_p36_cp31,-2173.696419019925,1.0,head
h_p36_cp32,-2168.5346154183158,1.0,head
h_p36_cp33,-2168.534603027902,1.0,head
h_p36_cp34,-2163.3714990261205,1.0,head
h_p36_cp35,-2163.3714832236424,1.0,head
h_p36_cp36,-2158.207624613496,1.0,head
h_p36_cp37,-2158.207605088919,1.0,head
h_p36_cp38,-2153.0433161691217,1.0,head
h_p36_cp39,-2153.043292877006,1.0,head
h_p36_cp40,-2147.8787626129774,1.0,head
h_p36_cp41,-2147.8787359046405,1.0,head
h_p36_cp42,-2142.714072151313,1.0,head
h_p36_cp43,-2142.71404290453,1.0,head
h_p36_cp44,-2137.549305737808,1.0,head
h_p36_cp45,-2137.54927545908,1.0,head
h_p36_cp46,-2132.3844972347165,1.0,head
h_p36_cp47,-2132.3844681046417,1.0,head
h_p36_cp48,-2127.219665317561,1.0,head
h_p36_cp49,-2127.219640151061,1.0,head
h_p36_cp50,-2122.054820366043,1.0,head
h_p36_cp51,-2122.05480246813,1.0,head
h_p36_cp52,-2116.8899683649956,1.0,head
h_p36_cp53,-2116.8899612798905,1.0,head
h_p36_cp54,-2111.7251130458867,1.0,head
h_p36_cp55,-2111.7251202202665,1.0,head
h_p36_cp56,-2106.560257002025,1.0,head
h_p36_cp57,-2106.560281407063,1.0,head
h_p36_cp58,-2101.395402210992,1.0,head
h_p36_cp59,-2101.3954459856254,1.0,head
h_p36_cp60,-2096.2305502243444,1.0,head
h_p36_cp61,-2096.2306144071035,1.0,head
h_p36_cp62,-2091.065702187016,1.0,head
h_p36_cp63,-2091.065786591828,1.0,head
h_p36_cp64,-2085.9008587932744,1.0,head
h_p36_cp65,-2085.9009620567685,1.0,head
h_p36_cp66,-2080.736020250095,1.0,head
h_p36_cp67,-2080.736140040688,1.0,head
h_p36_cp68,-2075.571186290297,1.0,head
h_p36_cp69,-2075.571319632961,1.0,head
h_p36_cp70,-2070.406356251451,1.0,head
h_p36_cp71,-2070.406499897379,1.0,head
h_p36_cp72,-2065.241529212925,1.0,head
h_p36_cp73,-2065.2416799776133,1.0,head
h_p36_cp74,-2060.0767041654217,1.0,head
h_p36_cp75,-2060.0768591731594,1.0,head
h_p36_cp76,-2054.9118801782683,1.0,head
h_p36_cp77,-2054.912036980531,1.0,head
h_p36_cp78,-2049.747056530773,1.0,head
h_p36_cp79,-2049.7472131010722,1.0,head
h_p36_cp80,-2044.582232784098,1.0,head
h_p36_cp81,-2044.5823874220791,1.0,head
h_p36_cp82,-2039.4174087854958,1.0,head
h_p36_cp83,-2039.4175599806758,1.0,head
h_p36_cp84,-2034.2525846129638,1.0,head
h_p36_cp85,-2034.2527309202228,1.0,head
h_p36_cp86,-2029.0877604808366,1.0,head
h_p36_cp87,-2029.087900447373,1.0,head
h_p36_cp88,-2023.9229366329857,1.0,head
h_p36_cp89,-2023.9230687953445,1.0,head
h_p36_cp90,-2018.7581132491698,1.0,head
h_p36_cp91,-2018.7582361962075,1.0,head
h_p36_cp92,-2013.5932903831724,1.0,head
h_p36_cp93,-2013.5934028627923,1.0,head
h_p36_cp94,-2008.4284679411348,1.0,head
h_p36_cp95,-2008.4285689793217,1.0,head
h_p36_cp96,-2003.2636456982864,1.0,head
h_p36_cp97,-2003.2637346992776,1.0,head
h_p36_cp98,-1998.0988233445776,1.0,head
h_p36_cp99,-1998.0989001491753,1.0,head
h_p36_cp100,-1992.934000546511,1.0,head
h_p36_cp101,-1992.934065437889,1.0,head
h_p36_cp102,-1987.7691770139863,1.0,head
h_p36_cp103,-1987.7692306730276,1.0,head
h_p36_cp104,-1982.6043525672253,1.0,head
h_p36_cp105,-1982.6043959892268,1.0,head
h_p36_cp106,-1977.4395272092302,1.0,head
h_p36_cp107,-1977.4395615990748,1.0,head
h_p36_cp108,-1972.2747012246073,1.0,head
h_p36_cp109,-1972.2747278880915,1.0,head
h_p36_cp110,-1967.109875348508,1.0,head
h_p36_cp111,-1967.1098955944592,1.0,head
h_p36_cp112,-1961.9450510863428,1.0,head
h_p36_cp113,-1961.945066149122,1.0,head
h_p36_cp114,-1956.7802313272575,1.0,head
h_p36_cp115,-1956.7802423137932,1.0,head
h_p36_cp116,-1951.6154215017448,1.0,head
h_p36_cp117,-1951.6154293626296,1.0,head
h_p36_cp118,-1946.4506317170235,1.0,head
h_p36_cp119,-1946.4506372380392,1.0,head
h_p36_cp120,-1941.285880610284,1.0,head
h_p36_cp121,-1941.285884419141,1.0,head
h_p36_cp122,-1936.1212021595454,1.0,head
h_p36_cp123,-1936.1212047423587,1.0,head
h_p36_cp124,-1930.9566574822945,1.0,head
h_p36_cp125,-1930.9566592049846,1.0,head
h_p36_cp126,-1925.792354862928,1.0,head
h_p36_cp127,-1925.7923559938276,1.0,head
h_p36_cp128,-1920.628483038001,1.0,head
h_p36_cp129,-1920.6284837691735,1.0,head
h_p36_cp130,-1915.4653653001294,1.0,head
h_p36_cp131,-1915.4653657659887,1.0,head
h_p36_cp132,-1910.303545390565,1.0,head
h_p36_cp133,-1910.303545683227,1.0,head
h_p36_cp134,-1905.1439204603214,1.0,head
h_p36_cp135,-1905.1439206416903,1.0,head
h_p36_cp136,-1899.9879413810238,1.0,head
h_p36_cp137,-1899.9879414919415,1.0,head
h_p36_cp138,-1894.8379057729333,1.0,head
h_p36_cp139,-1894.8379058398834,1.0,head
h_p36_cp140,-1889.697373097199,1.0,head
h_p36_cp141,-1889.6973731370779,1.0,head
h_p36_cp142,-1884.5717320998763,1.0,head
h_p36_cp143,-1884.5717321232987,1.0,head
h_p36_cp144,-1879.4689460945347,1.0,head
h_p36_cp145,-1879.4689461080718,1.0,head
h_p36_cp146,-1874.4004877909201,1.0,head
h_p36_cp147,-1874.4004877985838,1.0,head
h_p36_cp148,-1869.3824494860726,1.0,head
h_p36_cp149,-1869.382449490281,1.0,head
h_p36_cp150,-1864.4367745415545,1.0,head
h_p36_cp151,-1864.436774543747,1.0,head
h_p36_cp152,-1859.592503101974,1.0,head
h_p36_cp153,-1859.5925031029988,1.0,head
h_p36_cp154,-1854.8868643976894,1.0,head
h_p36_cp155,-1854.8868643980418,1.0,head
h_p36_cp156,-1850.3659908224995,1.0,head
h_p36_cp157,-1850.3659908224683,1.0,head
h_p36_cp158,-1846.0849918274353,1.0,head
h_p36_cp159,-1846.084991827188,1.0,head
h_p36_cp160,-1842.1071280218648,1.0,head
h_p36_cp161,-1842.1071280214996,1.0,head
h_p36_cp162,-1838.5018851220489,1.0,head
h_p36_cp163,-1838.5018851216207,1.0,head
h_p36_cp164,-2245.463362551737,1.0,head
h_p36_cp165,-1838.503898086557,1.0,head
h_p36_cp166,-2245.463027599245,1.0,head
h_p36_cp167,-1838.5052500266027,1.0,head
h_p36_cp168,-2245.462796081933,1.0,head
h_p36_cp169,-1838.5061430726935,1.0,head
h_p36_cp170,-2245.462638939914,1.0,head
h_p36_cp171,-1838.5067233884458,1.0,head
h_p36_cp172,-2245.4625341791116,1.0,head
h_p36_cp173,-1838.507094388696,1.0,head
h_p36_cp174,-2245.4624655683006,1.0,head
h_p36_cp175,-1838.5073277604765,1.0,head
h_p36_cp176,-2245.4624214130095,1.0,head
h_p36_cp177,-1838.5074722195257,1.0,head
h_p36_cp178,-2245.462393479942,1.0,head
h_p36_cp179,-1838.5075602307033,1.0,head
h_p36_cp180,-2245.462376100972,1.0,head
h_p36_cp181,-1838.5076130164075,1.0,head
h_p36_cp182,-2245.4623654578804,1.0,head
h_p36_cp183,-1838.5076441892961,1.0,head
h_p36_cp184,-2245.4623590323213,1.0,head
h_p36_cp185,-1838.5076623198827,1.0,head
h_p36_cp186,-2245.462355196963,1.0,head
h_p36_cp187,-1838.5076727066255,1.0,head
h_p36_cp188,-2245.4623529209907,1.0,head
h_p36_cp189,-1838.5076785671893,1.0,head
h_p36_cp190,-2245.4623515641383,1.0,head
h_p36_cp191,-1838.5076818217772,1.0,head
h_p36_cp192,-2245.4623507365923,1.0,head
h_p36_cp193,-1838.507683596852,1.0,head
h_p36_cp194,-2245.4623502061813,1.0,head
h_p36_cp195,-1838.5076845421959,1.0,head
h_p36_cp196,-2245.4623498383635,1.0,head
h_p36_cp197,-1838.5076850264243,1.0,head
h_p36_cp198,-2245.4623495582714,1.0,head
h_p36_cp199,-1838.5076852552236,1.0,head
h_p36_cp200,-2245.4623493270933,1.0,head
h_p36_cp201,-1838.5076853415349,1.0,head
h_p36_cp202,-2245.4623491275042,1.0,head
h_p36_cp203,-1838.5076853464684,1.0,head
h_p36_cp204,-2245.4623489546107,1.0,head
h_p36_cp205,-1838.507685302712,1.0,head
h_p36_cp206,-2245.4623488101765,1.0,head
h_p36_cp207,-1838.5076852275915,1.0,head
h_p36_cp208,-2245.462348698792,1.0,head
h_p36_cp209,-1838.5076851300282,1.0,head
h_p36_cp210,-2245.4623486252417,1.0,head
h_p36_cp211,-1838.5076850137966,1.0,head
h_p36_cp212,-2245.462348592697,1.0,head
h_p36_cp213,-1838.5076848783945,1.0,head
h_p36_cp214,-2245.4623486015853,1.0,head
h_p36_cp215,-1838.507684718171,1.0,head
h_p36_cp216,-2245.462348649047,1.0,head
h_p36_cp217,-1838.5076845199724,1.0,head
h_p36_cp218,-2245.4623487289014,1.0,head
h_p36_cp219,-1838.507684259366,1.0,head
h_p36_cp220,-2245.462348832028,1.0,head
h_p36_cp221,-1838.5076838954158,1.0,head
h_p36_cp222,-2245.462348946968,1.0,head
h_p36_cp223,-1838.507683363978,1.0,head
h_p36_cp224,-2245.462349060589,1.0,head
h_p36_cp225,-1838.5076825696165,1.0,head
h_p36_cp226,-2245.4623491586067,1.0,head
h_p36_cp227,-1838.5076813764779,1.0,head
h_p36_cp228,-2245.4623492258547,1.0,head
h_p36_cp229,-1838.5076795988873,1.0,head
h_p36_cp230,-2245.4623492462483,1.0,head
h_p36_cp231,-1838.507676993031,1.0,head
h_p36_cp232,-2245.462349202507,1.0,head
h_p36_cp233,-1838.507673251881,1.0,head
h_p36_cp234,-2245.4623490758127,1.0,head
h_p36_cp235,-1838.5076680063248,1.0,head
h_p36_cp236,-2245.462348845678,1.0,head
h_p36_cp237,-1838.507660836151,1.0,head
h_p36_cp238,-2245.4623484903464,1.0,head
h_p36_cp239,-1838.5076512946873,1.0,head
h_p36_cp240,-2245.4623479880515,1.0,head
h_p36_cp241,-1838.5076389501826,1.0,head
h_p36_cp242,-2245.4623473193897,1.0,head
h_p36_cp243,-1838.5076234450112,1.0,head
h_p36_cp244,-2245.462346470831,1.0,head
h_p36_cp245,-1838.5076045703308,1.0,head
h_p36_cp246,-2245.4623454391594,1.0,head
h_p36_cp247,-1838.5075823491163,1.0,head
h_p36_cp248,-2245.4623442362304,1.0,head
h_p36_cp249,-1838.5075571152613,1.0,head
h_p36_cp250,-2245.462342893106,1.0,head
h_p36_cp251,-1838.5075295720446,1.0,head
h_p36_cp252,-2245.4623414623743,1.0,head
h_p36_cp253,-1838.5075008113731,1.0,head
h_p36_cp254,-2245.462340017494,1.0,head
h_p36_cp255,-1838.5074722775478,1.0,head
h_p36_cp256,-2245.462338648317,1.0,head
h_p36_cp257,-1838.507445666773,1.0,head
h_p36_cp258,-2245.462337452677,1.0,head
h_p36_cp259,-1838.5074227657838,1.0,head
h_p36_cp260,-2245.462336524819,1.0,head
h_p36_cp261,-1838.50740524754,1.0,head
h_p36_cp262,-2245.4623359424154,1.0,head
h_p36_cp263,-1838.5073944552112,1.0,head
h_p36_cp264,-2245.462335754469,1.0,head
h_p36_cp265,-1838.5073912133241,1.0,head
h_p36_cp266,-2245.462335972487,1.0,head
h_p36_cp267,-1838.5073957036905,1.0,head
h_p36_cp268,-2245.4623365666384,1.0,head
h_p36_cp269,-1838.5074074327717,1.0,head
h_p36_cp270,-2245.462337467525,1.0,head
h_p36_cp271,-1838.5074252987397,1.0,head
h_p36_cp272,-2245.4623385727714,1.0,head
h_p36_cp273,-1838.5074477456294,1.0,head
h_p36_cp274,-2245.4623397566093,1.0,head
h_p36_cp275,-1838.5074729744322,1.0,head
h_p36_cp276,-2245.4623408800376,1.0,head
h_p36_cp277,-1838.5074991713877,1.0,head
h_p36_cp278,-2245.4623417993366,1.0,head
h_p36_cp279,-1838.5075247140187,1.0,head
h_p36_cp280,-2245.462342371512,1.0,head
h_p36_cp281,-1838.5075483243554,1.0,head
h_p36_cp282,-2245.4623424563956,1.0,head
h_p36_cp283,-1838.5075691528396,1.0,head
h_p36_cp284,-2245.462341916316,1.0,head
h_p36_cp285,-1838.5075867913486,1.0,head
h_p36_cp286,-2245.462340615193,1.0,head
h_p36_cp287,-1838.507601226084,1.0,head
h_p36_cp288,-2245.462338419387,1.0,head
h_p36_cp289,-1838.5076127487578,1.0,head
h_p36_cp290,-2245.462335202547,1.0,head
h_p36_cp291,-1838.5076218472534,1.0,head
h_p36_cp292,-2245.462330856124,1.0,head
h_p36_cp293,-1838.5076290955324,1.0,head
h_p36_cp294,-2245.46232530607,1.0,head
h_p36_cp295,-1838.5076350583734,1.0,head
h_p36_cp296,-2245.462318534749,1.0,head
h_p36_cp297,-1838.5076402209859,1.0,head
h_p36_cp298,-2245.4623106053637,1.0,head
h_p36_cp299,-1838.5076449477256,1.0,head
h_p36_cp300,-2245.462301684545,1.0,head
h_p36_cp301,-1838.5076494689376,1.0,head
h_p36_cp302,-2245.4622920575835,1.0,head
h_p36_cp303,-1838.5076538909755,1.0,head
h_p36_cp304,-2245.462282130572,1.0,head
h_p36_cp305,-1838.507658222011,1.0,head
h_p36_cp306,-2245.462272414812,1.0,head
h_p36_cp307,-1838.5076624055037,1.0,head
h_p36_cp308,-2245.4622634914667,1.0,head
h_p36_cp309,-1838.507666353964,1.0,head
h_p36_cp310,-2245.462255958276,1.0,head
h_p36_cp311,-1838.5076699774886,1.0,head
h_p36_cp312,-2245.4622503644878,1.0,head
h_p36_cp313,-1838.5076732039252,1.0,head
h_p36_cp314,-2245.4622471438993,1.0,head
h_p36_cp315,-1838.5076759898473,1.0,head
h_p36_cp316,-2245.462246557786,1.0,head
h_p36_cp317,-1838.5076783233524,1.0,head
h_p36_cp318,-2245.4622486587145,1.0,head
h_p36_cp319,-1838.5076802207932,1.0,head
h_p36_cp320,-2245.4622532826875,1.0,head
h_p36_cp321,-1838.5076817199317,1.0,head
h_p36_cp322,-2245.4622600714356,1.0,head
h_p36_cp323,-1838.5076828717704,1.0,head
h_p36_cp324,-2245.462268520564,1.0,head
h_p36_cp325,-1838.5076837327472,1.0,head
h_p36_cp326,-2245.4622780442214,1.0,head
h_p36_cp327,-1838.5076843582553,1.0,head
h_p36_cp328,-2245.4622880444576,1.0,head
h_p36_cp329,-1838.5076847977773,1.0,head
h_p36_cp330,-2245.4622979738074,1.0,head
h_p36_cp331,-1838.5076850913251,1.0,head
h_p36_cp332,-2245.4623073825855,1.0,head
h_p36_cp333,-1838.507685266409,1.0,head
h_p36_cp334,-2245.462315946827,1.0,head
h_p36_cp335,-1838.5076853342655,1.0,head
h_p36_cp336,-2245.462323477395,1.0,head
h_p36_cp337,-1838.5076852834384,1.0,head
h_p36_cp338,-2245.462329914652,1.0,head
h_p36_cp339,-1838.5076850678158,1.0,head
h_p36_cp340,-2245.462335315575,1.0,head
h_p36_cp341,-1838.5076845845165,1.0,head
h_p36_cp342,-2245.462339841445,1.0,head
h_p36_cp343,-1838.5076836342287,1.0,head
h_p36_cp344,-2245.4623437546566,1.0,head
h_p36_cp345,-1838.5076818521122,1.0,head
h_p36_cp346,-2245.46234743346,1.0,head
h_p36_cp347,-1838.5076785904284,1.0,head
h_p36_cp348,-2245.4623514141776,1.0,head
h_p36_cp349,-1838.5076727236685,1.0,head
h_p36_cp350,-2245.462356472074,1.0,head
h_p36_cp351,-1838.5076623319478,1.0,head
h_p36_cp352,-2245.462363754772,1.0,head
h_p36_cp353,-1838.507644197583,1.0,head
h_p36_cp354,-2245.462374985711,1.0,head
h_p36_cp355,-1838.5076130219472,1.0,head
h_p36_cp356,-2245.462392759038,1.0,head
h_p36_cp357,-1838.5075602343093,1.0,head
h_p36_cp358,-2245.4624209505923,1.0,head
h_p36_cp359,-1838.5074722218067,1.0,head
h_p36_cp360,-2245.462465270903,1.0,head
h_p36_cp361,-1838.5073277618649,1.0,head
h_p36_cp362,-2245.462533983572,1.0,head
h_p36_cp363,-1838.5070943894875,1.0,head
h_p36_cp364,-2245.4626388041816,1.0,head
h_p36_cp365,-1838.5067233888344,1.0,head
h_p36_cp366,-2245.4627959783497,1.0,head
h_p36_cp367,-1838.5061430728013,1.0,head
h_p36_cp368,-2245.4630275098143,1.0,head
h_p36_cp369,-1838.5052500265006,1.0,head
h_p36_cp370,-2245.463362464925,1.0,head
h_p36_cp371,-1838.503898086283,1.0,head
h_p37_cp0,-2245.254699606197,1.0,head
h_p37_cp1,-2245.254699510403,1.0,head
h_p37_cp2,-2241.6932785821723,1.0,head
h_p37_cp3,-2241.6932784853293,1.0,head
h_p37_cp4,-2237.7550663445095,1.0,head
h_p37_cp5,-2237.755066238398,1.0,head
h_p37_cp6,-2233.5088061390793,1.0,head
h_p37_cp7,-2233.5088060097287,1.0,head
h_p37_cp8,-2229.0174031022702,1.0,head
h_p37_cp9,-2229.017402927059,1.0,head
h_p37_cp10,-2224.3359893334577,1.0,head
h_p37_cp11,-2224.335989076011,1.0,head
h_p37_cp12,-2219.511031464326,1.0,head
h_p37_cp13,-2219.5110310697182,1.0,head
h_p37_cp14,-2214.5803079351836,1.0,head
h_p37_cp15,-2214.5803073223797,1.0,head
h_p37_cp16,-2209.57352168003,1.0,head
h_p37_cp17,-2209.5735207318635,1.0,head
h_p37_cp18,-2204.5133049025367,1.0,head
h_p37_cp19,-2204.5133034551272,1.0,head
h_p37_cp20,-2199.416400347039,1.0,head
h_p37_cp21,-2199.4163981760244,1.0,head
h_p37_cp22,-2194.2948529867817,1.0,head
h_p37_cp23,-2194.29484979374,1.0,head
h_p37_cp24,-2189.1571019328967,1.0,head
h_p37_cp25,-2189.1570973345883,1.0,head
h_p37_cp26,-2184.008913129161,1.0,head
h_p37_cp27,-2184.0089066534397,1.0,head
h_p37_cp28,-2178.854132910419,1.0,head
h_p37_cp29,-2178.854124004045,1.0,head
h_p37_cp30,-2173.695269134972,1.0,head
h_p37_cp31,-2173.69525718962,1.0,head
h_p37_cp32,-2168.5339216363454,1.0,head
h_p37_cp33,-2168.533906039306,1.0,head
h_p37_cp34,-2163.3710898659574,1.0,head
h_p37_cp35,-2163.371070080738,1.0,head
h_p37_cp36,-2158.2073857882765,1.0,head
h_p37_cp37,-2158.2073614669457,1.0,head
h_p37_cp38,-2153.043176937108,1.0,head
h_p37_cp39,-2153.0431480604343,1.0,head
h_p37_cp40,-2147.878679976311,1.0,head
h_p37_cp41,-2147.8786470097375,1.0,head
h_p37_cp42,-2142.7140203777803,1.0,head
h_p37_cp43,-2142.7139844221283,1.0,head
h_p37_cp44,-2137.5492696145748,1.0,head
h_p37_cp45,-2137.5492325220694,1.0,head
h_p37_cp46,-2132.384467846194,1.0,head
h_p37_cp47,-2132.3844322677355,1.0,head
h_p37_cp48,-2127.219637476328,1.0,head
h_p37_cp49,-2127.2196068079957,1.0,head
h_p37_cp50,-2122.0547910939194,1.0,head
h_p37_cp51,-2122.054769301546,1.0,head
h_p37_cp52,-2116.8899360206533,1.0,head
h_p37_cp53,-2116.889927341336,1.0,head
h_p37_cp54,-2111.7250768360745,1.0,head
h_p37_cp55,-2111.725085381865,1.0,head
h_p37_cp56,-2106.5602167092293,1.0,head
h_p37_cp57,-2106.5602460252067,1.0,head
h_p37_cp58,-2101.395358034035,1.0,head
h_p37_cp59,-2101.395410682702,1.0,head
h_p37_cp60,-2096.230502670497,1.0,head
h_p37_cp61,-2096.230579919463,1.0,head
h_p37_cp62,-2091.065651982227,1.0,head
h_p37_cp63,-2091.0657536581184,1.0,head
h_p37_cp64,-2085.9008067958175,1.0,head
h_p37_cp65,-2085.9009313355923,1.0,head
h_p37_cp66,-2080.735967365224,1.0,head
h_p37_cp67,-2080.7361120538367,1.0,head
h_p37_cp68,-2075.571133390697,1.0,head
h_p37_cp69,-2075.5712947329575,1.0,head
h_p37_cp70,-2070.4063041112863,1.0,head
h_p37_cp71,-2070.4064782577443,1.0,head
h_p37_cp72,-2065.2414784628386,1.0,head
h_p37_cp73,-2065.2416616027504,1.0,head
h_p37_cp74,-2060.0766552728064,1.0,head
h_p37_cp75,-2060.07684392315,1.0,head
h_p37_cp76,-2054.9118334527484,1.0,head
h_p37_cp77,-2054.912024605177,1.0,head
h_p37_cp78,-2049.7470121503734,1.0,head
h_p37_cp79,-2049.747203277435,1.0,head
h_p37_cp80,-2044.582190834211,1.0,head
h_p37_cp81,-2044.582379790554,1.0,head
h_p37_cp82,-2039.417369301234,1.0,head
h_p37_cp83,-2039.4175541759803,1.0,head
h_p37_cp84,-2034.2525476160854,1.0,head
h_p37_cp85,-2034.2527265952372,1.0,head
h_p37_cp86,-2029.0877260047996,1.0,head
h_p37_cp87,-2029.0878972892324,1.0,head
h_p37_cp88,-2023.922904733141,1.0,head
h_p37_cp89,-2023.9230665343264,1.0,head
h_p37_cp90,-2018.7580839987177,1.0,head
h_p37_cp91,-2018.7582346086917,1.0,head
h_p37_cp92,-2013.593263858484,1.0,head
h_p37_cp93,-2013.5934017699274,1.0,head
h_p37_cp94,-2008.4284442018138,1.0,head
h_p37_cp95,-2008.4285682430784,1.0,head
h_p37_cp96,-2003.2636247677656,1.0,head
h_p37_cp97,-2003.2637342174828,1.0,head
h_p37_cp98,-1998.0988051963457,1.0,head
h_p37_cp99,-1998.0988998510131,1.0,head
h_p37_cp100,-1992.933985099739,1.0,head
h_p37_cp101,-1992.934065281448,1.0,head
h_p37_cp102,-1987.7691641411095,1.0,head
h_p37_cp103,-1987.769230646964,1.0,head
h_p37_cp104,-1982.6043421157003,1.0,head
h_p37_cp105,-1982.604396121857,1.0,head
h_p37_cp106,-1977.4395190411276,1.0,head
h_p37_cp107,-1977.4395619807215,1.0,head
h_p37_cp108,-1972.274695281916,1.0,head
h_p37_cp109,-1972.2747287172035,1.0,head
h_p37_cp110,-1967.109871760509,1.0,head
h_p37_cp111,-1967.1098972663913,1.0,head
h_p37_cp112,-1961.9450503503497,1.0,head
h_p37_cp113,-1961.945069420833,1.0,head
h_p37_cp114,-1956.7802346189153,1.0,head
h_p37_cp115,-1956.7802486018657,1.0,head
h_p37_cp116,-1951.6154312112214,1.0,head
h_p37_cp117,-1951.6154412713747,1.0,head
h_p37_cp118,-1946.4506523704647,1.0,head
h_p37_cp119,-1946.4506594768336,1.0,head
h_p37_cp120,-1941.2859204320478,1.0,head
h_p37_cp121,-1941.2859253638594,1.0,head
h_p37_cp122,-1936.121275672411,1.0,head
h_p37_cp123,-1936.1212790372397,1.0,head
h_p37_cp124,-1930.9567897430688,1.0,head
h_p37_cp125,-1930.9567920014563,1.0,head
h_p37_cp126,-1925.792588199219,1.0,head
h_p37_cp127,-1925.7925896912877,1.0,head
h_p37_cp128,-1920.628887487622,1.0,head
h_p37_cp129,-1920.6288884585806,1.0,head
h_p37_cp130,-1915.466054334979,1.0,head
h_p37_cp131,-1915.4660549576886,1.0,head
h_p37_cp132,-1910.3046988717736,1.0,head
h_p37_cp133,-1910.3046992655743,1.0,head
h_p37_cp134,-1905.1458170052213,1.0,head
h_p37_cp135,-1905.1458172509067,1.0,head
h_p37_cp136,-1899.991002237792,1.0,head
h_p37_cp137,-1899.9910023890643,1.0,head
h_p37_cp138,-1894.8427516333327,1.0,head
h_p37_cp139,-1894.8427517252755,1.0,head
h_p37_cp140,-1889.7048937167915,1.0,head
h_p37_cp141,-1889.7048937719537,1.0,head
h_p37_cp142,-1884.5831658368493,1.0,head
h_p37_cp143,-1884.583165869503,1.0,head
h_p37_cp144,-1879.485962356083,1.0,head
h_p37_cp145,-1879.485962375129,1.0,head
h_p37_cp146,-1874.42526003387,1.0,head
h_p37_cp147,-1874.4252600447817,1.0,head
h_p37_cp148,-1869.4177005102586,1.0,head
h_p37_cp149,-1869.4177005163585,1.0,head
h_p37_cp150,-1864.4857706575042,1.0,head
h_p37_cp151,-1864.4857706607854,1.0,head
h_p37_cp152,-1859.6589713261305,1.0,head
h_p37_cp153,-1859.6589713277735,1.0,head
h_p37_cp154,-1854.9748094863942,1.0,head
h_p37_cp155,-1854.974809487093,1.0,head
h_p37_cp156,-1850.4793988033277,1.0,head
h_p37_cp157,-1850.4793988034871,1.0,head
h_p37_cp158,-1846.2274246270492,1.0,head
h_p37_cp159,-1846.2274246269044,1.0,head
h_p37_cp160,-1842.2812385100451,1.0,head
h_p37_cp161,-1842.2812385097322,1.0,head
h_p37_cp162,-1838.7089092007561,1.0,head
h_p37_cp163,-1838.7089092003532,1.0,head
h_p37_cp164,-2245.254207739875,1.0,head
h_p37_cp165,-1838.711048588971,1.0,head
h_p37_cp166,-2245.2538589817623,1.0,head
h_p37_cp167,-1838.7124943548904,1.0,head
h_p37_cp168,-2245.2536161443045,1.0,head
h_p37_cp169,-1838.7134557094896,1.0,head
h_p37_cp170,-2245.2534500580705,1.0,head
h_p37_cp171,-1838.7140847944954,1.0,head
h_p37_cp172,-2245.2533384577187,1.0,head
h_p37_cp173,-1838.7144899356824,1.0,head
h_p37_cp174,-2245.253264769157,1.0,head
h_p37_cp175,-1838.7147467427324,1.0,head
h_p37_cp176,-2245.2532169450424,1.0,head
h_p37_cp177,-1838.7149069775849,1.0,head
h_p37_cp178,-2245.2531864267694,1.0,head
h_p37_cp179,-1838.715005405754,1.0,head
h_p37_cp180,-2245.2531672675914,1.0,head
h_p37_cp181,-1838.7150649406408,1.0,head
h_p37_cp182,-2245.253155423567,1.0,head
h_p37_cp183,-1838.7151004054967,1.0,head
h_p37_cp184,-2245.25314820158,1.0,head
h_p37_cp185,-1838.715121215754,1.0,head
h_p37_cp186,-2245.2531438441306,1.0,head
h_p37_cp187,-1838.7151332453077,1.0,head
h_p37_cp188,-2245.2531412267567,1.0,head
h_p37_cp189,-1838.7151400945995,1.0,head
h_p37_cp190,-2245.2531396439604,1.0,head
h_p37_cp191,-1838.715143932732,1.0,head
h_p37_cp192,-2245.253138661929,1.0,head
h_p37_cp193,-1838.7151460444995,1.0,head
h_p37_cp194,-2245.2531380198375,1.0,head
h_p37_cp195,-1838.71514717828,1.0,head
h_p37_cp196,-2245.2531375652893,1.0,head
h_p37_cp197,-1838.7151477628292,1.0,head
h_p37_cp198,-2245.2531372129956,1.0,head
h_p37_cp199,-1838.7151480397913,1.0,head
h_p37_cp200,-2245.2531369187327,1.0,head
h_p37_cp201,-1838.7151481431981,1.0,head
h_p37_cp202,-2245.2531366630365,1.0,head
h_p37_cp203,-1838.7151481463181,1.0,head
h_p37_cp204,-2245.2531364409024,1.0,head
h_p37_cp205,-1838.715148088732,1.0,head
h_p37_cp206,-2245.2531362550963,1.0,head
h_p37_cp207,-1838.715147991575,1.0,head
h_p37_cp208,-2245.253136111626,1.0,head
h_p37_cp209,-1838.715147865696,1.0,head
h_p37_cp210,-2245.2531360165835,1.0,head
h_p37_cp211,-1838.715147715462,1.0,head
h_p37_cp212,-2245.2531359739482,1.0,head
h_p37_cp213,-1838.7151475396965,1.0,head
h_p37_cp214,-2245.253135984199,1.0,head
h_p37_cp215,-1838.7151473304962,1.0,head
h_p37_cp216,-2245.2531360436433,1.0,head
h_p37_cp217,-1838.7151470702404,1.0,head
h_p37_cp218,-2245.2531361443635,1.0,head
h_p37_cp219,-1838.7151467268682,1.0,head
h_p37_cp220,-2245.2531362746777,1.0,head
h_p37_cp221,-1838.7151462474142,1.0,head
h_p37_cp222,-2245.253136419876,1.0,head
h_p37_cp223,-1838.7151455498188,1.0,head
h_p37_cp224,-2245.2531365630325,1.0,head
h_p37_cp225,-1838.7151445131835,1.0,head
h_p37_cp226,-2245.2531366856642,1.0,head
h_p37_cp227,-1838.715142966961,1.0,head
h_p37_cp228,-2245.2531367680836,1.0,head
h_p37_cp229,-1838.715140680088,1.0,head
h_p37_cp230,-2245.253136789397,1.0,head
h_p37_cp231,-1838.7151373517895,1.0,head
h_p37_cp232,-2245.253136727235,1.0,head
h_p37_cp233,-1838.7151326066705,1.0,head
h_p37_cp234,-2245.253136557422,1.0,head
h_p37_cp235,-1838.7151259976456,1.0,head
h_p37_cp236,-2245.253136253938,1.0,head
h_p37_cp237,-1838.7151170209163,1.0,head
h_p37_cp238,-2245.2531357895423,1.0,head
h_p37_cp239,-1838.715105147272,1.0,head
h_p37_cp240,-2245.2531351374696,1.0,head
h_p37_cp241,-1838.715089872983,1.0,head
h_p37_cp242,-2245.2531342744555,1.0,head
h_p37_cp243,-1838.7150707910614,1.0,head
h_p37_cp244,-2245.2531331851123,1.0,head
h_p37_cp245,-1838.7150476795694,1.0,head
h_p37_cp246,-2245.25313186735,1.0,head
h_p37_cp247,-1838.7150205982089,1.0,head
h_p37_cp248,-2245.2531303380747,1.0,head
h_p37_cp249,-1838.7149899785688,1.0,head
h_p37_cp250,-2245.2531286380113,1.0,head
h_p37_cp251,-1838.7149566886237,1.0,head
h_p37_cp252,-2245.2531268342304,1.0,head
h_p37_cp253,-1838.7149220503618,1.0,head
h_p37_cp254,-2245.253125019009,1.0,head
h_p37_cp255,-1838.714887792513,1.0,head
h_p37_cp256,-2245.2531233040872,1.0,head
h_p37_cp257,-1838.7148559292323,1.0,head
h_p37_cp258,-2245.2531218102317,1.0,head
h_p37_cp259,-1838.7148285695914,1.0,head
h_p37_cp260,-2245.2531206531016,1.0,head
h_p37_cp261,-1838.7148076792325,1.0,head
h_p37_cp262,-2245.253119927511,1.0,head
h_p37_cp263,-1838.7147948302877,1.0,head
h_p37_cp264,-2245.2531196928376,1.0,head
h_p37_cp265,-1838.714790983992,1.0,head
h_p37_cp266,-2245.2531199623745,1.0,head
h_p37_cp267,-1838.714796348629,1.0,head
h_p37_cp268,-2245.2531206986678,1.0,head
h_p37_cp269,-1838.7148103428556,1.0,head
h_p37_cp270,-2245.2531218155355,1.0,head
h_p37_cp271,-1838.7148316736034,1.0,head
h_p37_cp272,-2245.2531231858848,1.0,head
h_p37_cp273,-1838.714858514179,1.0,head
h_p37_cp274,-2245.253124653162,1.0,head
h_p37_cp275,-1838.714888748305,1.0,head
h_p37_cp276,-2245.253126043607,1.0,head
h_p37_cp277,-1838.7149202348778,1.0,head
h_p37_cp278,-2245.253127176709,1.0,head
h_p37_cp279,-1838.7149510482618,1.0,head
h_p37_cp280,-2245.2531278721453,1.0,head
h_p37_cp281,-1838.71497965877,1.0,head
h_p37_cp282,-2245.253127952888,1.0,head
h_p37_cp283,-1838.7150050337625,1.0,head
h_p37_cp284,-2245.2531272455185,1.0,head
h_p37_cp285,-1838.7150266567933,1.0,head
h_p37_cp286,-2245.2531255799217,1.0,head
h_p37_cp287,-1838.7150444764836,1.0,head
h_p37_cp288,-2245.2531227910963,1.0,head
h_p37_cp289,-1838.7150588059083,1.0,head
h_p37_cp290,-2245.253118725709,1.0,head
h_p37_cp291,-1838.715070196782,1.0,head
h_p37_cp292,-2245.2531132552904,1.0,head
h_p37_cp293,-1838.7150793114079,1.0,head
h_p37_cp294,-2245.253106296589,1.0,head
h_p37_cp295,-1838.715086810728,1.0,head
h_p37_cp296,-2245.253097837819,1.0,head
h_p37_cp297,-1838.715093270468,1.0,head
h_p37_cp298,-2245.253087967463,1.0,head
h_p37_cp299,-1838.7150991306646,1.0,head
h_p37_cp300,-2245.253076900398,1.0,head
h_p37_cp301,-1838.7151046777904,1.0,head
h_p37_cp302,-2245.25306499481,1.0,head
h_p37_cp303,-1838.7151100540323,1.0,head
h_p37_cp304,-2245.253052753229,1.0,head
h_p37_cp305,-1838.7151152853946,1.0,head
h_p37_cp306,-2245.2530408023977,1.0,head
h_p37_cp307,-1838.7151203193412,1.0,head
h_p37_cp308,-2245.253029849866,1.0,head
h_p37_cp309,-1838.715125063483,1.0,head
h_p37_cp310,-2245.2530206197134,1.0,head
h_p37_cp311,-1838.7151294188452,1.0,head
h_p37_cp312,-2245.2530137748217,1.0,head
h_p37_cp313,-1838.7151333039117,1.0,head
h_p37_cp314,-2245.253009837383,1.0,head
h_p37_cp315,-1838.7151366682895,1.0,head
h_p37_cp316,-2245.2530091214308,1.0,head
h_p37_cp317,-1838.7151394969433,1.0,head
h_p37_cp318,-2245.253011690177,1.0,head
h_p37_cp319,-1838.7151418072717,1.0,head
h_p37_cp320,-2245.2530173467794,1.0,head
h_p37_cp321,-1838.715143641798,1.0,head
h_p37_cp322,-2245.2530256606487,1.0,head
h_p37_cp323,-1838.7151450590504,1.0,head
h_p37_cp324,-2245.253036024312,1.0,head
h_p37_cp325,-1838.7151461246044,1.0,head
h_p37_cp326,-2245.25304773003,1.0,head
h_p37_cp327,-1838.7151469034677,1.0,head
h_p37_cp328,-2245.2530600523737,1.0,head
h_p37_cp329,-1838.7151474542052,1.0,head
h_p37_cp330,-2245.2530723232944,1.0,head
h_p37_cp331,-1838.7151478245178,1.0,head
h_p37_cp332,-2245.2530839895767,1.0,head
h_p37_cp333,-1838.7151480474113,1.0,head
h_p37_cp334,-2245.253094647586,1.0,head
h_p37_cp335,-1838.715148136513,1.0,head
h_p37_cp336,-2245.2531040556228,1.0,head
h_p37_cp337,-1838.7151480783505,1.0,head
h_p37_cp338,-2245.253112128711,1.0,head
h_p37_cp339,-1838.7151478182857,1.0,head
h_p37_cp340,-2245.2531189236247,1.0,head
h_p37_cp341,-1838.715147234909,1.0,head
h_p37_cp342,-2245.253124623467,1.0,head
h_p37_cp343,-1838.7151460946625,1.0,head
h_p37_cp344,-2245.2531295315575,1.0,head
h_p37_cp345,-1838.715143973636,1.0,head
h_p37_cp346,-2245.253134084475,1.0,head
h_p37_cp347,-1838.7151401261103,1.0,head
h_p37_cp348,-2245.2531388945795,1.0,head
h_p37_cp349,-1838.7151332685585,1.0,head
h_p37_cp350,-2245.2531448335853,1.0,head
h_p37_cp351,-1838.7151212323217,1.0,head
h_p37_cp352,-2245.2531531710947,1.0,head
h_p37_cp353,-1838.7151004169566,1.0,head
h_p37_cp354,-2245.253165785042,1.0,head
h_p37_cp355,-1838.7150649483597,1.0,head
h_p37_cp356,-2245.2531854643116,1.0,head
h_p37_cp357,-1838.7150054108229,1.0,head
h_p37_cp358,-2245.2532163262363,1.0,head
h_p37_cp359,-1838.7149069808263,1.0,head
h_p37_cp360,-2245.253264371996,1.0,head
h_p37_cp361,-1838.714746744739,1.0,head
h_p37_cp362,-2245.2533381994162,1.0,head
h_p37_cp363,-1838.7144899368636,1.0,head
h_p37_cp364,-2245.253449883369,1.0,head
h_p37_cp365,-1838.714084795125,1.0,head
h_p37_cp366,-2245.253616016852,1.0,head
h_p37_cp367,-1838.713455709742,1.0,head
h_p37_cp368,-2245.2538588779666,1.0,head
h_p37_cp369,-1838.7124943548724,1.0,head
h_p37_cp370,-2245.254207644697,1.0,head
h_p37_cp371,-1838.7110485887442,1.0,head
h_p38_cp0,-2245.0458804820914,1.0,head
h_p38_cp1,-2245.0458803801607,1.0,head
h_p38_cp2,-2241.5170076229015,1.0,head
h_p38_cp3,-2241.517007515082,1.0,head
h_p38_cp4,-2237.610224707529,1.0,head
h_p38_cp5,-2237.6102245826296,1.0,head
h_p38_cp6,-2233.392889180453,1.0,head
h_p38_cp7,-2233.3928890198786,1.0,head
h_p38_cp8,-2228.926996416891,1.0,head
h_p38_cp9,-2228.926996190813,1.0,head
h_p38_cp10,-2224.2672302293568,1.0,head
h_p38_cp11,-2224.267229890861,1.0,head
h_p38_cp12,-2219.4600014698076,1.0,head
h_p38_cp13,-2219.4600009482724,1.0,head
h_p38_cp14,-2214.5433263897107,1.0,head
h_p38_cp15,-2214.5433255814487,1.0,head
h_p38_cp16,-2209.547333086626,1.0,head
h_p38_cp17,-2209.54733184279,1.0,head
h_p38_cp18,-2204.4951701391756,1.0,head
h_p38_cp19,-2204.4951682522387,1.0,head
h_p38_cp20,-2199.404112127623,1.0,head
h_p38_cp21,-2199.4041093154647,1.0,head
h_p38_cp22,-2194.2866994278666,1.0,head
h_p38_cp23,-2194.2866953182115,1.0,head
h_p38_cp24,-2189.1518005255443,1.0,head
h_p38_cp25,-2189.1517946442295,1.0,head
h_p38_cp26,-2184.0055330088217,1.0,head
h_p38_cp27,-2184.0055247766527,1.0,head
h_p38_cp28,-2178.852017936925,1.0,head
h_p38_cp29,-2178.8520066813735,1.0,head
h_p38_cp30,-2173.6939692379706,1.0,head
h_p38_cp31,-2173.6939542270684,1.0,head
h_p38_cp32,-2168.5331358447834,1.0,head
h_p38_cp33,-2168.533116350568,1.0,head
h_p38_cp34,-2163.370621636018,1.0,head
h_p38_cp35,-2163.370597033159,1.0,head
h_p38_cp36,-2158.207109572929,1.0,head
h_p38_cp37,-2158.2070794739725,1.0,head
h_p38_cp38,-2153.0430141509396,1.0,head
h_p38_cp39,-2153.0429785727024,1.0,head
h_p38_cp40,-2147.8785823163853,1.0,head
h_p38_cp41,-2147.8785418627194,1.0,head
h_p38_cp42,-2142.713958614714,1.0,head
h_p38_cp43,-2142.7139146504437,1.0,head
h_p38_cp44,-2137.5492262811736,1.0,head
h_p38_cp45,-2137.5491810628514,1.0,head
h_p38_cp46,-2132.384432602575,1.0,head
h_p38_cp47,-2132.384389326949,1.0,head
h_p38_cp48,-2127.219604253403,1.0,head
h_p38_cp49,-2127.2195669875305,1.0,head
h_p38_cp50,-2122.0547563823015,1.0,head
h_p38_cp51,-2122.054729852321,1.0,head
h_p38_cp52,-2116.8898978741704,1.0,head
h_p38_cp53,-2116.8898871129486,1.0,head
h_p38_cp54,-2111.7250343049063,1.0,head
h_p38_cp55,-2111.725044188843,1.0,head
h_p38_cp56,-2106.560169518918,1.0,head
h_p38_cp57,-2106.5602042544683,1.0,head
h_p38_cp58,-2101.395306395205,1.0,head
h_p38_cp59,-2101.3953690374624,1.0,head
h_p38_cp60,-2096.2304471501693,1.0,head
h_p38_cp61,-2096.2305392409276,1.0,head
h_p38_cp62,-2091.065593398611,1.0,head
h_p38_cp63,-2091.0657147950405,1.0,head
h_p38_cp64,-2085.900746119361,1.0,head
h_p38_cp65,-2085.9008950484417,1.0,head
h_p38_cp66,-2080.7359056223854,1.0,head
h_p38_cp67,-2080.736078948716,1.0,head
h_p38_cp68,-2075.571071575015,1.0,head
h_p38_cp69,-2075.57126522343,1.0,head
h_p38_cp70,-2070.4062431097927,1.0,head
h_p38_cp71,-2070.4064525525955,1.0,head
h_p38_cp72,-2065.241419005505,1.0,head
h_p38_cp73,-2065.2416397161487,1.0,head
h_p38_cp74,-2060.0765979096,1.0,head
h_p38_cp75,-2060.0768257019704,1.0,head
h_p38_cp76,-2054.9117785582357,1.0,head
h_p38_cp77,-2054.9120097671516,1.0,head
h_p38_cp78,-2049.746959951063,1.0,head
h_p38_cp79,-2049.7471914536936,1.0,head
h_p38_cp80,-2044.582141450191,1.0,head
h_p38_cp81,-2044.5823705669125,1.0,head
h_p38_cp82,-2039.4173227919885,1.0,head
h_p38_cp83,-2039.4175471287888,1.0,head
h_p38_cp84,-2034.2525040209157,1.0,head
h_p38_cp85,-2034.2527213193353,1.0,head
h_p38_cp86,-2029.0876853707707,1.0,head
h_p38_cp87,-2029.0878934171806,1.0,head
h_p38_cp88,-2023.9228671271171,1.0,head
h_p38_cp89,-2023.923063747407,1.0,head
h_p38_cp90,-2018.7580495039613,1.0,head
h_p38_cp91,-2018.758232641047,1.0,head
h_p38_cp92,-2013.593232559531,1.0,head
h_p38_cp93,-2013.5934004076344,1.0,head
h_p38_cp94,-2008.4284161633614,1.0,head
h_p38_cp95,-2008.4285673200873,1.0,head
h_p38_cp96,-2003.2636000138766,1.0,head
h_p38_cp97,-2003.2637336102684,1.0,head
h_p38_cp98,-1998.0987836956378,1.0,head
h_p38_cp99,-1998.0988994737231,1.0,head
h_p38_cp100,-1992.9339667609283,1.0,head
h_p38_cp101,-1992.9340650834745,1.0,head
h_p38_cp102,-1987.769148822073,1.0,head
h_p38_cp103,-1987.7692306154827,1.0,head
h_p38_cp104,-1982.6043296490109,1.0,head
h_p38_cp105,-1982.6043962933527,1.0,head
h_p38_cp106,-1977.4395092807417,1.0,head
h_p38_cp107,-1977.4395624684846,1.0,head
h_p38_cp108,-1972.2746881805867,1.0,head
h_p38_cp109,-1972.2747297672138,1.0,head
h_p38_cp110,-1967.109867497094,1.0,head
h_p38_cp111,-1967.1098993635428,1.0,head
h_p38_cp112,-1961.9450495429633,1.0,head
h_p38_cp113,-1961.945073483674,1.0,head
h_p38_cp114,-1956.7802386874432,1.0,head
h_p38_cp115,-1956.780256330789,1.0,head
h_p38_cp116,-1951.6154429965964,1.0,head
h_p38_cp117,-1951.6154557582106,1.0,head
h_p38_cp118,-1946.450677185849,1.0,head
h_p38_cp119,-1946.4506862508358,1.0,head
h_p38_cp120,-1941.2859678226498,1.0,head
h_p38_cp121,-1941.2859741501413,1.0,head
h_p38_cp122,-1936.121362307504,1.0,head
h_p38_cp123,-1936.121366650296,1.0,head
h_p38_cp124,-1930.956944066846,1.0,head
h_p38_cp125,-1930.956946999424,1.0,head
h_p38_cp126,-1925.7928577326359,1.0,head
h_p38_cp127,-1925.7928596822042,1.0,head
h_p38_cp128,-1920.629349995251,1.0,head
h_p38_cp129,-1920.629351271961,1.0,head
h_p38_cp130,-1915.466834419757,1.0,head
h_p38_cp131,-1915.4668352438107,1.0,head
h_p38_cp132,-1910.3059918689273,1.0,head
h_p38_cp133,-1910.3059923934375,1.0,head
h_p38_cp134,-1905.1479221934921,1.0,head
h_p38_cp135,-1905.1479225228682,1.0,head
h_p38_cp136,-1899.994367185359,1.0,head
h_p38_cp137,-1899.9943673895036,1.0,head
h_p38_cp138,-1894.8480286986742,1.0,head
h_p38_cp139,-1894.848028823589,1.0,head
h_p38_cp140,-1889.7130080489198,1.0,head
h_p38_cp141,-1889.7130081243856,1.0,head
h_p38_cp142,-1884.5953914184329,1.0,head
h_p38_cp143,-1884.5953914634351,1.0,head
h_p38_cp144,-1879.5039986149354,1.0,head
h_p38_cp145,-1879.503998641401,1.0,head
h_p38_cp146,-1874.4512965353251,1.0,head
h_p38_cp147,-1874.4512965506417,1.0,head
h_p38_cp148,-1869.4544519395097,1.0,head
h_p38_cp149,-1869.4544519481933,1.0,head
h_p38_cp150,-1864.5364600015323,1.0,head
h_p38_cp151,-1864.5364600063106,1.0,head
h_p38_cp152,-1859.7272377056656,1.0,head
h_p38_cp153,-1859.7272377081645,1.0,head
h_p38_cp154,-1855.0645205452997,1.0,head
h_p38_cp155,-1855.064520546481,1.0,head
h_p38_cp156,-1850.5943576479945,1.0,head
h_p38_cp157,-1850.5943576484215,1.0,head
h_p38_cp158,-1846.3709785327417,1.0,head
h_p38_cp159,-1846.3709785327424,1.0,head
h_p38_cp160,-1842.4558194429255,1.0,head
h_p38_cp161,-1842.4558194426893,1.0,head
h_p38_cp162,-1838.9155606019422,1.0,head
h_p38_cp163,-1838.9155606015781,1.0,head
h_p38_cp164,-2245.045372784698,1.0,head
h_p38_cp165,-1838.9178291398248,1.0,head
h_p38_cp166,-2245.045010354362,1.0,head
h_p38_cp167,-1838.9193713131478,1.0,head
h_p38_cp168,-2245.044756211756,1.0,head
h_p38_cp169,-1838.9204032975576,1.0,head
h_p38_cp170,-2245.044581117094,1.0,head
h_p38_cp171,-1838.9210831486864,1.0,head
h_p38_cp172,-2245.0444625684254,1.0,head
h_p38_cp173,-1838.9215240825251,1.0,head
h_p38_cp174,-2245.0443836756795,1.0,head
h_p38_cp175,-1838.921805643353,1.0,head
h_p38_cp176,-2245.0443320571585,1.0,head
h_p38_cp177,-1838.9219826726287,1.0,head
h_p38_cp178,-2245.0442988399927,1.0,head
h_p38_cp179,-1838.9220922810896,1.0,head
h_p38_cp180,-2245.044277804004,1.0,head
h_p38_cp181,-1838.9221591209678,1.0,head
h_p38_cp182,-2245.0442646806127,1.0,head
h_p38_cp183,-1838.922199271659,1.0,head
h_p38_cp184,-2245.0442566004926,1.0,head
h_p38_cp185,-1838.9222230335242,1.0,head
h_p38_cp186,-2245.044251673268,1.0,head
h_p38_cp187,-1838.922236888943,1.0,head
h_p38_cp188,-2245.0442486777365,1.0,head
h_p38_cp189,-1838.9222448470928,1.0,head
h_p38_cp190,-2245.0442468402443,1.0,head
h_p38_cp191,-1838.9222493455127,1.0,head
h_p38_cp192,-2245.04424568052,1.0,head
h_p38_cp193,-1838.9222518414863,1.0,head
h_p38_cp194,-2245.044244907207,1.0,head
h_p38_cp195,-1838.9222531919038,1.0,head
h_p38_cp196,-2245.0442443487664,1.0,head
h_p38_cp197,-1838.9222538923964,1.0,head
h_p38_cp198,-2245.044243908721,1.0,head
h_p38_cp199,-1838.922254225009,1.0,head
h_p38_cp200,-2245.0442435370965,1.0,head
h_p38_cp201,-1838.9222543477233,1.0,head
h_p38_cp202,-2245.0442432122777,1.0,head
h_p38_cp203,-1838.9222543477588,1.0,head
h_p38_cp204,-2245.0442429293553,1.0,head
h_p38_cp205,-1838.9222542726757,1.0,head
h_p38_cp206,-2245.044242692414,1.0,head
h_p38_cp207,-1838.922254148039,1.0,head
h_p38_cp208,-2245.044242509223,1.0,head
h_p38_cp209,-1838.922253986911,1.0,head
h_p38_cp210,-2245.0442423874606,1.0,head
h_p38_cp211,-1838.9222537942476,1.0,head
h_p38_cp212,-2245.0442423320733,1.0,head
h_p38_cp213,-1838.9222535678887,1.0,head
h_p38_cp214,-2245.0442423435816,1.0,head
h_p38_cp215,-1838.9222532969798,1.0,head
h_p38_cp216,-2245.044242417255,1.0,head
h_p38_cp217,-1838.9222529582173,1.0,head
h_p38_cp218,-2245.0442425430397,1.0,head
h_p38_cp219,-1838.922252509995,1.0,head
h_p38_cp220,-2245.0442427061025,1.0,head
h_p38_cp221,-1838.9222518844938,1.0,head
h_p38_cp222,-2245.0442428877304,1.0,head
h_p38_cp223,-1838.9222509777728,1.0,head
h_p38_cp224,-2245.0442430663165,1.0,head
h_p38_cp225,-1838.9222496381437,1.0,head
h_p38_cp226,-2245.044243218183,1.0,head
h_p38_cp227,-1838.9222476535053,1.0,head
h_p38_cp228,-2245.0442433180456,1.0,head
h_p38_cp229,-1838.9222447389388,1.0,head
h_p38_cp230,-2245.044243339069,1.0,head
h_p38_cp231,-1838.9222405267128,1.0,head
h_p38_cp232,-2245.044243252629,1.0,head
h_p38_cp233,-1838.9222345618628,1.0,head
h_p38_cp234,-2245.0442430280264,1.0,head
h_p38_cp235,-1838.9222263075114,1.0,head
h_p38_cp236,-2245.044242632588,1.0,head
h_p38_cp237,-1838.9222151647646,1.0,head
h_p38_cp238,-2245.044242032592,1.0,head
h_p38_cp239,-1838.9222005119227,1.0,head
h_p38_cp240,-2245.0442411954996,1.0,head
h_p38_cp241,-1838.9221817663981,1.0,head
h_p38_cp242,-2245.0442400937623,1.0,head
h_p38_cp243,-1838.9221584696875,1.0,head
h_p38_cp244,-2245.04423871021,1.0,head
h_p38_cp245,-1838.9221303909246,1.0,head
h_p38_cp246,-2245.0442370445944,1.0,head
h_p38_cp247,-1838.9220976383249,1.0,head
h_p38_cp248,-2245.0442351203365,1.0,head
h_p38_cp249,-1838.922060761284,1.0,head
h_p38_cp250,-2245.0442329900898,1.0,head
h_p38_cp251,-1838.9220208208153,1.0,head
h_p38_cp252,-2245.0442307384296,1.0,head
h_p38_cp253,-1838.921979404476,1.0,head
h_p38_cp254,-2245.0442284800883,1.0,head
h_p38_cp255,-1838.9219385659653,1.0,head
h_p38_cp256,-2245.044226352677,1.0,head
h_p38_cp257,-1838.9219006800042,1.0,head
h_p38_cp258,-2245.044224503875,1.0,head
h_p38_cp259,-1838.9218682191142,1.0,head
h_p38_cp260,-2245.044223074318,1.0,head
h_p38_cp261,-1838.9218434774484,1.0,head
h_p38_cp262,-2245.044222178689,1.0,head
h_p38_cp263,-1838.9218282831687,1.0,head
h_p38_cp264,-2245.0442218882517,1.0,head
h_p38_cp265,-1838.921823749778,1.0,head
h_p38_cp266,-2245.0442222181223,1.0,head
h_p38_cp267,-1838.9218301144792,1.0,head
h_p38_cp268,-2245.0442231216402,1.0,head
h_p38_cp269,-1838.921846697219,1.0,head
h_p38_cp270,-2245.044224492656,1.0,head
h_p38_cp271,-1838.9218719905894,1.0,head
h_p38_cp272,-2245.0442261747253,1.0,head
h_p38_cp273,-1838.9219038642862,1.0,head
h_p38_cp274,-2245.044227974674,1.0,head
h_p38_cp275,-1838.9219398454454,1.0,head
h_p38_cp276,-2245.0442296772685,1.0,head
h_p38_cp277,-1838.9219774236844,1.0,head
h_p38_cp278,-2245.0442310579365,1.0,head
h_p38_cp279,-1838.922014329455,1.0,head
h_p38_cp280,-2245.0442318915266,1.0,head
h_p38_cp281,-1838.9220487451007,1.0,head
h_p38_cp282,-2245.044231956704,1.0,head
h_p38_cp283,-1838.9220794256173,1.0,head
h_p38_cp284,-2245.0442310371886,1.0,head
h_p38_cp285,-1838.9221057253335,1.0,head
h_p38_cp286,-2245.044228922345,1.0,head
h_p38_cp287,-1838.9221275430846,1.0,head
h_p38_cp288,-2245.0442254102977,1.0,head
h_p38_cp289,-1838.9221452091454,1.0,head
h_p38_cp290,-2245.0442203166162,1.0,head
h_p38_cp291,-1838.9221593415573,1.0,head
h_p38_cp292,-2245.044213490697,1.0,head
h_p38_cp293,-1838.9221706983124,1.0,head
h_p38_cp294,-2245.0442048403606,1.0,head
h_p38_cp295,-1838.9221800467842,1.0,head
h_p38_cp296,-2245.044194362989,1.0,head
h_p38_cp297,-1838.9221880646214,1.0,head
h_p38_cp298,-2245.044182179182,1.0,head
h_p38_cp299,-1838.9221952786238,1.0,head
h_p38_cp300,-2245.044168562667,1.0,head
h_p38_cp301,-1838.9222020411196,1.0,head
h_p38_cp302,-2245.0441539588273,1.0,head
h_p38_cp303,-1838.9222085379176,1.0,head
h_p38_cp304,-2245.044138984126,1.0,head
h_p38_cp305,-1838.922214818515,1.0,head
h_p38_cp306,-2245.0441244005106,1.0,head
h_p38_cp307,-1838.9222208380459,1.0,head
h_p38_cp308,-2245.044111062601,1.0,head
h_p38_cp309,-1838.922226501241,1.0,head
h_p38_cp310,-2245.0440998407826,1.0,head
h_p38_cp311,-1838.922231700876,1.0,head
h_p38_cp312,-2245.0440915290696,1.0,head
h_p38_cp313,-1838.922236346167,1.0,head
h_p38_cp314,-2245.044086751433,1.0,head
h_p38_cp315,-1838.922240379539,1.0,head
h_p38_cp316,-2245.044085882608,1.0,head
h_p38_cp317,-1838.922243782619,1.0,head
h_p38_cp318,-2245.0440889981496,1.0,head
h_p38_cp319,-1838.9222465738667,1.0,head
h_p38_cp320,-2245.0440958636427,1.0,head
h_p38_cp321,-1838.9222488008982,1.0,head
h_p38_cp322,-2245.0441059655177,1.0,head
h_p38_cp323,-1838.9222505304213,1.0,head
h_p38_cp324,-2245.044118577721,1.0,head
h_p38_cp325,-1838.9222518380614,1.0,head
h_p38_cp326,-2245.0441328518277,1.0,head
h_p38_cp327,-1838.9222527995057,1.0,head
h_p38_cp328,-2245.044147914609,1.0,head
h_p38_cp329,-1838.9222534834953,1.0,head
h_p38_cp330,-2245.044162957397,1.0,head
h_p38_cp331,-1838.9222539464051,1.0,head
h_p38_cp332,-2245.0441773052694,1.0,head
h_p38_cp333,-1838.9222542274742,1.0,head
h_p38_cp334,-2245.0441904598447,1.0,head
h_p38_cp335,-1838.9222543430494,1.0,head
h_p38_cp336,-2245.0442021156505,1.0,head
h_p38_cp337,-1838.92225427737,1.0,head
h_p38_cp338,-2245.0442121553265,1.0,head
h_p38_cp339,-1838.9222539661369,1.0,head
h_p38_cp340,-2245.04422063245,1.0,head
h_p38_cp341,-1838.9222532670508,1.0,head
h_p38_cp342,-2245.0442277525863,1.0,head
h_p38_cp343,-1838.9222519082193,1.0,head
h_p38_cp344,-2245.0442338636185,1.0,head
h_p38_cp345,-1838.9222494001642,1.0,head
h_p38_cp346,-2245.0442394663833,1.0,head
h_p38_cp347,-1838.9222448894166,1.0,head
h_p38_cp348,-2245.0442452567454,1.0,head
h_p38_cp349,-1838.9222369203562,1.0,head
h_p38_cp350,-2245.0442522111434,1.0,head
h_p38_cp351,-1838.9222230560497,1.0,head
h_p38_cp352,-2245.0442617294616,1.0,head
h_p38_cp353,-1838.9221992873443,1.0,head
h_p38_cp354,-2245.0442758515874,1.0,head
h_p38_cp355,-1838.9221591316082,1.0,head
h_p38_cp356,-2245.0442975666942,1.0,head
h_p38_cp357,-1838.9220922881332,1.0,head
h_p38_cp358,-2245.044331235929,1.0,head
h_p38_cp359,-1838.9219826771775,1.0,head
h_p38_cp360,-2245.0443831486646,1.0,head
h_p38_cp361,-1838.9218056462078,1.0,head
h_p38_cp362,-2245.044462228003,1.0,head
h_p38_cp363,-1838.9215240842461,1.0,head
h_p38_cp364,-2245.0445808911704,1.0,head
h_p38_cp365,-1838.921083149652,1.0,head
h_p38_cp366,-2245.0447560528046,1.0,head
h_p38_cp367,-1838.9204032980147,1.0,head
h_p38_cp368,-2245.045010231535,1.0,head
h_p38_cp369,-1838.9193713132518,1.0,head
h_p38_cp370,-2245.0453726783558,1.0,head
h_p38_cp371,-1838.9178291396684,1.0,head
h_p39_cp0,-2244.8374339093334,1.0,head
h_p39_cp1,-2244.837433799065,1.0,head
h_p39_cp2,-2241.340298499812,1.0,head
h_p39_cp3,-2241.340298377364,1.0,head
h_p39_cp4,-2237.4643121541917,1.0,head
h_p39_cp5,-2237.4643120045566,1.0,head
h_p39_cp6,-2233.2754756851127,1.0,head
h_p39_cp7,-2233.275475483742,1.0,head
h_p39_cp8,-2228.83487156036,1.0,head
h_p39_cp9,-2228.834871268318,1.0,head
h_p39_cp10,-2224.196707778227,1.0,head
h_p39_cp11,-2224.196707335233,1.0,head
h_p39_cp12,-2219.4072977173882,1.0,head
h_p39_cp13,-2219.4072970331904,1.0,head
h_p39_cp14,-2214.504849443531,1.0,head
h_p39_cp15,-2214.5048483863443,1.0,head
h_p39_cp16,-2209.5198736640154,1.0,head
h_p39_cp17,-2209.5198720459507,1.0,head
h_p39_cp18,-2204.4760009737465,1.0,head
h_p39_cp19,-2204.4759985341466,1.0,head
h_p39_cp20,-2199.391013497726,1.0,head
h_p39_cp21,-2199.3910098846372,1.0,head
h_p39_cp22,-2194.2779324590274,1.0,head
h_p39_cp23,-2194.277927211545,1.0,head
h_p39_cp24,-2189.1460492240108,1.0,head
h_p39_cp25,-2189.146041759726,1.0,head
h_p39_cp26,-2184.001832368676,1.0,head
h_p39_cp27,-2184.001821982006,1.0,head
h_p39_cp28,-2178.8496806661324,1.0,head
h_p39_cp29,-2178.8496665449625,1.0,head
h_p39_cp30,-2173.692518932486,1.0,head
h_p39_cp31,-2173.6925002016087,1.0,head
h_p39_cp32,-2168.5322505339955,1.0,head
h_p39_cp33,-2168.532226333636,1.0,head
h_p39_cp34,-2163.3700888047806,1.0,head
h_p39_cp35,-2163.3700584101875,1.0,head
h_p39_cp36,-2158.2067920024965,1.0,head
h_p39_cp37,-2158.2067549854482,1.0,head
h_p39_cp38,-2153.0428250146197,1.0,head
h_p39_cp39,-2153.0427814395607,1.0,head
h_p39_cp40,-2147.878467663727,1.0,head
h_p39_cp41,-2147.8784183004827,1.0,head
h_p39_cp42,-2142.7138854461023,1.0,head
h_p39_cp43,-2142.713831969362,1.0,head
h_p39_cp44,-2137.549174669595,1.0,head
h_p39_cp45,-2137.549119805341,1.0,head
h_p39_cp46,-2132.384390636499,1.0,head
h_p39_cp47,-2132.3843382107943,1.0,head
h_p39_cp48,-2127.2195648808647,1.0,head
h_p39_cp49,-2127.219519730637,1.0,head
h_p39_cp50,-2122.0547154961837,1.0,head
h_p39_cp51,-2122.0546832172176,1.0,head
h_p39_cp52,-2116.889853181983,1.0,head
h_p39_cp53,-2116.889839716006,1.0,head
h_p39_cp54,-2111.724984676342,1.0,head
h_p39_cp55,-2111.7249957731574,1.0,head
h_p39_cp56,-2106.56011461068,1.0,head
h_p39_cp57,-2106.560155235092,1.0,head
h_p39_cp58,-2101.3952464259282,1.0,head
h_p39_cp59,-2101.3953202031125,1.0,head
h_p39_cp60,-2096.2303827482046,1.0,head
h_p39_cp61,-2096.230491546252,1.0,head
h_p39_cp62,-2091.065525479538,1.0,head
h_p39_cp63,-2091.065669209153,1.0,head
h_p39_cp64,-2085.9006757731686,1.0,head
h_p39_cp65,-2085.900852444006,1.0,head
h_p39_cp66,-2080.7358340054966,1.0,head
h_p39_cp67,-2080.7360400254242,1.0,head
h_p39_cp68,-2075.5709998113725,1.0,head
h_p39_cp69,-2075.571230463366,1.0,head
h_p39_cp70,-2070.4061722091706,1.0,head
h_p39_cp71,-2070.4064222050356,1.0,head
h_p39_cp72,-2065.2413498070373,1.0,head
h_p39_cp73,-2065.2416138078047,1.0,head
h_p39_cp74,-2060.0765310553033,1.0,head
h_p39_cp75,-2060.076804066852,1.0,head
h_p39_cp76,-2054.9117144964607,1.0,head
h_p39_cp77,-2054.9119920890394,1.0,head
h_p39_cp78,-2049.746898964779,1.0,head
h_p39_cp79,-2049.7471773140255,1.0,head
h_p39_cp80,-2044.5820837011277,1.0,head
h_p39_cp81,-2044.582359491722,1.0,head
h_p39_cp82,-2039.417268369814,1.0,head
h_p39_cp83,-2039.417538629905,1.0,head
h_p39_cp84,-2034.2524529871412,1.0,head
h_p39_cp85,-2034.252714926921,1.0,head
h_p39_cp86,-2029.0876377896375,1.0,head
h_p39_cp87,-2029.0878887025299,1.0,head
h_p39_cp88,-2023.9228230795854,1.0,head
h_p39_cp89,-2023.9230603364135,1.0,head
h_p39_cp90,-2018.7580090850824,1.0,head
h_p39_cp91,-2018.7582302197732,1.0,head
h_p39_cp92,-2013.5931958630185,1.0,head
h_p39_cp93,-2013.593398721976,1.0,head
h_p39_cp94,-2008.4283832594315,1.0,head
h_p39_cp95,-2008.4285661717008,1.0,head
h_p39_cp96,-2003.263570927174,1.0,head
h_p39_cp97,-2003.2637328509056,1.0,head
h_p39_cp98,-1998.0987583895196,1.0,head
h_p39_cp99,-1998.0988990000926,1.0,head
h_p39_cp100,-1992.9339451331157,1.0,head
h_p39_cp101,-1992.9340648349605,1.0,head
h_p39_cp102,-1987.7691307155346,1.0,head
h_p39_cp103,-1987.7692305778098,1.0,head
h_p39_cp104,-1982.604314881864,1.0,head
h_p39_cp105,-1982.604396513042,1.0,head
h_p39_cp106,-1977.4394977010566,1.0,head
h_p39_cp107,-1977.439563086387,1.0,head
h_p39_cp108,-1972.2746797575596,1.0,head
h_p39_cp109,-1972.2747310856462,1.0,head
h_p39_cp110,-1967.1098624708736,1.0,head
h_p39_cp111,-1967.1099019723606,1.0,head
h_p39_cp112,-1961.945048674083,1.0,head
h_p39_cp113,-1961.9450784887163,1.0,head
h_p39_cp114,-1956.7802436771274,1.0,head
h_p39_cp115,-1956.780265757604,1.0,head
h_p39_cp116,-1951.6154571967497,1.0,head
h_p39_cp117,-1951.6154732505772,1.0,head
h_p39_cp118,-1946.450706789831,1.0,head
h_p39_cp119,-1946.4507182550976,1.0,head
h_p39_cp120,-1941.286023834415,1.0,head
h_p39_cp121,-1941.2860318822547,1.0,head
h_p39_cp122,-1936.1214637376663,1.0,head
h_p39_cp123,-1936.1214692931646,1.0,head
h_p39_cp124,-1930.9571230085455,1.0,head
h_p39_cp125,-1930.9571267823067,1.0,head
h_p39_cp126,-1925.7931672303673,1.0,head
h_p39_cp127,-1925.7931697543627,1.0,head
h_p39_cp128,-1920.6298759250208,1.0,head
h_p39_cp129,-1920.6298775880998,1.0,head
h_p39_cp130,-1915.467712913421,1.0,head
h_p39_cp131,-1915.4677139935702,1.0,head
h_p39_cp132,-1910.30743406584,1.0,head
h_p39_cp133,-1910.3074347577046,1.0,head
h_p39_cp134,-1905.150248164294,1.0,head
h_p39_cp135,-1905.1502486015393,1.0,head
h_p39_cp136,-1899.9980505633398,1.0,head
h_p39_cp137,-1899.9980508360918,1.0,head
h_p39_cp138,-1894.853752640956,1.0,head
h_p39_cp139,-1894.8537528089446,1.0,head
h_p39_cp140,-1889.721731383702,1.0,head
h_p39_cp141,-1889.7217314858717,1.0,head
h_p39_cp142,-1884.608421022219,1.0,head
h_p39_cp143,-1884.6084210835745,1.0,head
h_p39_cp144,-1879.5230601797982,1.0,head
h_p39_cp145,-1879.5230602161573,1.0,head
h_p39_cp146,-1874.478591217544,1.0,head
h_p39_cp147,-1874.4785912387752,1.0,head
h_p39_cp148,-1869.4926816638344,1.0,head
h_p39_cp149,-1869.4926816760128,1.0,head
h_p39_cp150,-1864.588800685069,1.0,head
h_p39_cp151,-1864.5888006918867,1.0,head
h_p39_cp152,-1859.7972390520747,1.0,head
h_p39_cp153,-1859.79723905575,1.0,head
h_p39_cp154,-1855.1559151555707,1.0,head
h_p39_cp155,-1855.1559151574215,1.0,head
h_p39_cp156,-1850.710772367108,1.0,head
h_p39_cp157,-1850.7107723679103,1.0,head
h_p39_cp158,-1846.5155573917511,1.0,head
h_p39_cp159,-1846.5155573919585,1.0,head
h_p39_cp160,-1842.6307885858294,1.0,head
h_p39_cp161,-1842.630788585705,1.0,head
h_p39_cp162,-1839.121787350147,1.0,head
h_p39_cp163,-1839.1217873498417,1.0,head
h_p39_cp164,-2244.836910668685,1.0,head
h_p39_cp165,-1839.1241876588954,1.0,head
h_p39_cp166,-2244.836534707517,1.0,head
h_p39_cp167,-1839.1258287444975,1.0,head
h_p39_cp168,-2244.8362692864703,1.0,head
h_p39_cp169,-1839.126933630408,1.0,head
h_p39_cp170,-2244.8360851312036,1.0,head
h_p39_cp171,-1839.1276662183445,1.0,head
h_p39_cp172,-2244.8359595357706,1.0,head
h_p39_cp173,-1839.128144588729,1.0,head
h_p39_cp174,-2244.835875320076,1.0,head
h_p39_cp175,-1839.1284522269234,1.0,head
h_p39_cp176,-2244.8358197864354,1.0,head
h_p39_cp177,-1839.1286470821774,1.0,head
h_p39_cp178,-2244.8357837590856,1.0,head
h_p39_cp179,-1839.128768650881,1.0,head
h_p39_cp180,-2244.835760750134,1.0,head
h_p39_cp181,-1839.1288433688997,1.0,head
h_p39_cp182,-2244.835746268007,1.0,head
h_p39_cp183,-1839.1288886153727,1.0,head
h_p39_cp184,-2244.83573726622,1.0,head
h_p39_cp185,-1839.128915614551,1.0,head
h_p39_cp186,-2244.8357317191835,1.0,head
h_p39_cp187,-1839.1289314899702,1.0,head
h_p39_cp188,-2244.8357283061105,1.0,head
h_p39_cp189,-1839.1289406855635,1.0,head
h_p39_cp190,-2244.8357261824185,1.0,head
h_p39_cp191,-1839.1289459271459,1.0,head
h_p39_cp192,-2244.835724819001,1.0,head
h_p39_cp193,-1839.128948859048,1.0,head
h_p39_cp194,-2244.835723892142,1.0,head
h_p39_cp195,-1839.128950456997,1.0,head
h_p39_cp196,-2244.8357232099024,1.0,head
h_p39_cp197,-1839.1289512905948,1.0,head
h_p39_cp198,-2244.835722663888,1.0,head
h_p39_cp199,-1839.1289516870272,1.0,head
h_p39_cp200,-2244.8357221980837,1.0,head
h_p39_cp201,-1839.128951831309,1.0,head
h_p39_cp202,-2244.8357217887674,1.0,head
h_p39_cp203,-1839.1289518265617,1.0,head
h_p39_cp204,-2244.8357214313946,1.0,head
h_p39_cp205,-1839.1289517295236,1.0,head
h_p39_cp206,-2244.8357211317566,1.0,head
h_p39_cp207,-1839.128951570867,1.0,head
h_p39_cp208,-2244.8357208997786,1.0,head
h_p39_cp209,-1839.1289513661657,1.0,head
h_p39_cp210,-2244.8357207450526,1.0,head
h_p39_cp211,-1839.128951120929,1.0,head
h_p39_cp212,-2244.835720673672,1.0,head
h_p39_cp213,-1839.1289508316086,1.0,head
h_p39_cp214,-2244.83572068618,1.0,head
h_p39_cp215,-1839.1289504835436,1.0,head
h_p39_cp216,-2244.8357207765653,1.0,head
h_p39_cp217,-1839.1289500462758,1.0,head
h_p39_cp218,-2244.835720932163,1.0,head
h_p39_cp219,-1839.1289494663788,1.0,head
h_p39_cp220,-2244.8357211343,1.0,head
h_p39_cp221,-1839.1289486578646,1.0,head
h_p39_cp222,-2244.8357213593713,1.0,head
h_p39_cp223,-1839.12894749031,1.0,head
h_p39_cp224,-2244.8357215800474,1.0,head
h_p39_cp225,-1839.128945775126,1.0,head
h_p39_cp226,-2244.835721766285,1.0,head
h_p39_cp227,-1839.1289432508672,1.0,head
h_p39_cp228,-2244.835721885939,1.0,head
h_p39_cp229,-1839.1289395692459,1.0,head
h_p39_cp230,-2244.8357219049094,1.0,head
h_p39_cp231,-1839.1289342844746,1.0,head
h_p39_cp232,-2244.8357217869593,1.0,head
h_p39_cp233,-1839.1289268497235,1.0,head
h_p39_cp234,-2244.835721493527,1.0,head
h_p39_cp235,-1839.1289166255356,1.0,head
h_p39_cp236,-2244.8357209840187,1.0,head
h_p39_cp237,-1839.1289029056873,1.0,head
h_p39_cp238,-2244.835720217128,1.0,head
h_p39_cp239,-1839.1288849656896,1.0,head
h_p39_cp240,-2244.8357191537134,1.0,head
h_p39_cp241,-1839.128862137369,1.0,head
h_p39_cp242,-2244.83571776154,1.0,head
h_p39_cp243,-1839.1288339092987,1.0,head
h_p39_cp244,-2244.83571602183,1.0,head
h_p39_cp245,-1839.1288000472507,1.0,head
h_p39_cp246,-2244.8357139370796,1.0,head
h_p39_cp247,-1839.1287607217737,1.0,head
h_p39_cp248,-2244.835711538972,1.0,head
h_p39_cp249,-1839.1287166227967,1.0,head
h_p39_cp250,-2244.835708894718,1.0,head
h_p39_cp251,-1839.1286690357579,1.0,head
h_p39_cp252,-2244.8357061098523,1.0,head
h_p39_cp253,-1839.128619852571,1.0,head
h_p39_cp254,-2244.8357033256657,1.0,head
h_p39_cp255,-1839.1285714957858,1.0,head
h_p39_cp256,-2244.8357007101044,1.0,head
h_p39_cp257,-1839.1285267464652,1.0,head
h_p39_cp258,-2244.8356984421835,1.0,head
h_p39_cp259,-1839.128488484471,1.0,head
h_p39_cp260,-2244.835696691449,1.0,head
h_p39_cp261,-1839.1284593705368,1.0,head
h_p39_cp262,-2244.8356955954278,1.0,head
h_p39_cp263,-1839.1284415174914,1.0,head
h_p39_cp264,-2244.835695238894,1.0,head
h_p39_cp265,-1839.1284362075023,1.0,head
h_p39_cp266,-2244.835695638753,1.0,head
h_p39_cp267,-1839.1284437092156,1.0,head
h_p39_cp268,-2244.835696737298,1.0,head
h_p39_cp269,-1839.128463232281,1.0,head
h_p39_cp270,-2244.8356984047823,1.0,head
h_p39_cp271,-1839.128493030468,1.0,head
h_p39_cp272,-2244.835700450144,1.0,head
h_p39_cp273,-1839.1285306349705,1.0,head
h_p39_cp274,-2244.8357026369677,1.0,head
h_p39_cp275,-1839.128573174494,1.0,head
h_p39_cp276,-2244.8357047009167,1.0,head
h_p39_cp277,-1839.128617724541,1.0,head
h_p39_cp278,-2244.8357063650856,1.0,head
h_p39_cp279,-1839.1286616277998,1.0,head
h_p39_cp280,-2244.835707350948,1.0,head
h_p39_cp281,-1839.1287027392852,1.0,head
h_p39_cp282,-2244.8357073843927,1.0,head
h_p39_cp283,-1839.1287395694176,1.0,head
h_p39_cp284,-2244.83570619822,1.0,head
h_p39_cp285,-1839.128771319826,1.0,head
h_p39_cp286,-2244.835703533986,1.0,head
h_p39_cp287,-1839.1287978252753,1.0,head
h_p39_cp288,-2244.8356991468354,1.0,head
h_p39_cp289,-1839.1288194275767,1.0,head
h_p39_cp290,-2244.8356928168064,1.0,head
h_p39_cp291,-1839.1288368126977,1.0,head
h_p39_cp292,-2244.835684368976,1.0,head
h_p39_cp293,-1839.1288508413468,1.0,head
h_p39_cp294,-2244.835673702904,1.0,head
h_p39_cp295,-1839.1288623977753,1.0,head
h_p39_cp296,-2244.8356608292734,1.0,head
h_p39_cp297,-1839.1288722735237,1.0,head
h_p39_cp298,-2244.835645908852,1.0,head
h_p39_cp299,-1839.1288810940612,1.0,head
h_p39_cp300,-2244.83562928642,1.0,head
h_p39_cp301,-1839.1288892882556,1.0,head
h_p39_cp302,-2244.8356115107617,1.0,head
h_p39_cp303,-1839.1288970943026,1.0,head
h_p39_cp304,-2244.8355933319,1.0,head
h_p39_cp305,-1839.1289045917677,1.0,head
h_p39_cp306,-2244.8355756689675,1.0,head
h_p39_cp307,-1839.128911747918,1.0,head
h_p39_cp308,-2244.8355595465237,1.0,head
h_p39_cp309,-1839.128918467261,1.0,head
h_p39_cp310,-2244.8355460032344,1.0,head
h_p39_cp311,-1839.1289246356253,1.0,head
h_p39_cp312,-2244.835535983441,1.0,head
h_p39_cp313,-1839.1289301533875,1.0,head
h_p39_cp314,-2244.8355302275527,1.0,head
h_p39_cp315,-1839.1289349557867,1.0,head
h_p39_cp316,-2244.8355291797166,1.0,head
h_p39_cp317,-1839.1289390210284,1.0,head
h_p39_cp318,-2244.835532929727,1.0,head
h_p39_cp319,-1839.128942368711,1.0,head
h_p39_cp320,-2244.835541200497,1.0,head
h_p39_cp321,-1839.1289450519089,1.0,head
h_p39_cp322,-2244.8355533838912,1.0,head
h_p39_cp323,-1839.1289471461857,1.0,head
h_p39_cp324,-2244.835568618368,1.0,head
h_p39_cp325,-1839.128948738161,1.0,head
h_p39_cp326,-2244.8355858942236,1.0,head
h_p39_cp327,-1839.1289499153056,1.0,head
h_p39_cp328,-2244.835604168066,1.0,head
h_p39_cp329,-1839.1289507576796,1.0,head
h_p39_cp330,-2244.835622468408,1.0,head
h_p39_cp331,-1839.1289513313673,1.0,head
h_p39_cp332,-2244.8356399783297,1.0,head
h_p39_cp333,-1839.1289516826153,1.0,head
h_p39_cp334,-2244.83565608768,1.0,head
h_p39_cp335,-1839.1289518308336,1.0,head
h_p39_cp336,-2244.835670414343,1.0,head
h_p39_cp337,-1839.1289517576695,1.0,head
h_p39_cp338,-2244.8356828002384,1.0,head
h_p39_cp339,-1839.1289513879387,1.0,head
h_p39_cp340,-2244.8356932918723,1.0,head
h_p39_cp341,-1839.128950555931,1.0,head
h_p39_cp342,-2244.835702117418,1.0,head
h_p39_cp343,-1839.1289489470835,1.0,head
h_p39_cp344,-2244.8357096728278,1.0,head
h_p39_cp345,-1839.1289459995294,1.0,head
h_p39_cp346,-2244.8357165292628,1.0,head
h_p39_cp347,-1839.1289407418994,1.0,head
h_p39_cp348,-2244.835723473884,1.0,head
h_p39_cp349,-1839.1289315320184,1.0,head
h_p39_cp350,-2244.835731596524,1.0,head
h_p39_cp351,-1839.1289156448854,1.0,head
h_p39_cp352,-2244.835742436013,1.0,head
h_p39_cp353,-1839.1288886366315,1.0,head
h_p39_cp354,-2244.8357582019075,1.0,head
h_p39_cp355,-1839.1288433834204,1.0,head
h_p39_cp356,-2244.835782089325,1.0,head
h_p39_cp357,-1839.1287686605665,1.0,head
h_p39_cp358,-2244.8358187055237,1.0,head
h_p39_cp359,-1839.1286470884872,1.0,head
h_p39_cp360,-2244.8358746255253,1.0,head
h_p39_cp361,-1839.1284522309297,1.0,head
h_p39_cp362,-2244.8359590888213,1.0,head
h_p39_cp363,-1839.128144591188,1.0,head
h_p39_cp364,-2244.836084838496,1.0,head
h_p39_cp365,-1839.1276662197747,1.0,head
h_p39_cp366,-2244.8362690862537,1.0,head
h_p39_cp367,-1839.126933631152,1.0,head
h_p39_cp368,-2244.8365345596285,1.0,head
h_p39_cp369,-1839.1258287447745,1.0,head
h_p39_cp370,-2244.836910547516,1.0,head
h_p39_cp371,-1839.1241876588406,1.0,head
h_p40_cp0,-2244.6294069399933,1.0,head
h_p40_cp1,-2244.629406818515,1.0,head
h_p40_cp2,-2241.163227210675,1.0,head
h_p40_cp3,-2241.1632270688824,1.0,head
h_p40_cp4,-2237.3174187006275,1.0,head
h_p40_cp5,-2237.3174185186303,1.0,head
h_p40_cp6,-2233.156655664926,1.0,head
h_p40_cp7,-2233.156655410623,1.0,head
h_p40_cp8,-2228.7411076831945,1.0,head
h_p40_cp9,-2228.7411073062262,1.0,head
h_p40_cp10,-2224.124483670967,1.0,head
h_p40_cp11,-2224.1244830942856,1.0,head
h_p40_cp12,-2219.352962075128,1.0,head
h_p40_cp13,-2219.352961184118,1.0,head
h_p40_cp14,-2214.4649001842813,1.0,head
h_p40_cp15,-2214.4648988125987,1.0,head
h_p40_cp16,-2209.4911509580593,1.0,head
h_p40_cp17,-2209.4911488701023,1.0,head
h_p40_cp18,-2204.4557936332294,1.0,head
h_p40_cp19,-2204.455790504069,1.0,head
h_p40_cp20,-2199.377093599993,1.0,head
h_p40_cp21,-2199.377088993833,1.0,head
h_p40_cp22,-2194.2685377551193,1.0,head
h_p40_cp23,-2194.2685311054297,1.0,head
h_p40_cp24,-2189.1398329400326,1.0,head
h_p40_cp25,-2189.1398235363877,1.0,head
h_p40_cp26,-2183.9977971176313,1.0,head
h_p40_cp27,-2183.997784106174,1.0,head
h_p40_cp28,-2178.847108950747,1.0,head
h_p40_cp29,-2178.8470913569986,1.0,head
h_p40_cp30,-2173.690908351652,1.0,head
h_p40_cp31,-2173.6908851354037,1.0,head
h_p40_cp32,-2168.5312580547065,1.0,head
h_p40_cp33,-2168.531228206235,1.0,head
h_p40_cp34,-2163.369485657118,1.0,head
h_p40_cp35,-2163.3694483409677,1.0,head
h_p40_cp36,-2158.2064289237046,1.0,head
h_p40_cp37,-2158.206383670125,1.0,head
h_p40_cp38,-2153.0426065604656,1.0,head
h_p40_cp39,-2153.042553495021,1.0,head
h_p40_cp40,-2147.8783339024453,1.0,head
h_p40_cp41,-2147.8782739920134,1.0,head
h_p40_cp42,-2142.7137993355495,1.0,head
h_p40_cp43,-2142.7137346157406,1.0,head
h_p40_cp44,-2137.5491136141686,1.0,head
h_p40_cp45,-2137.5490473523123,1.0,head
h_p40_cp46,-2132.384341000822,1.0,head
h_p40_cp47,-2132.3842777440277,1.0,head
h_p40_cp48,-2127.219518524003,1.0,head
h_p40_cp49,-2127.2194639874,1.0,head
h_p40_cp50,-2122.05466764258,1.0,head
h_p40_cp51,-2122.054628411164,1.0,head
h_p40_cp52,-2116.8898011480787,1.0,head
h_p40_cp53,-2116.889784196128,1.0,head
h_p40_cp54,-2111.7249271250002,1.0,head
h_p40_cp55,-2111.7249391953033,1.0,head
h_p40_cp56,-2106.5600511161538,1.0,head
h_p40_cp57,-2106.5600980388267,1.0,head
h_p40_cp58,-2101.3951772098594,1.0,head
h_p40_cp59,-2101.3952632666624,1.0,head
h_p40_cp60,-2096.2303085010126,1.0,head
h_p40_cp61,-2096.2304359460436,1.0,head
h_p40_cp62,-2091.0654472186766,1.0,head
h_p40_cp63,-2091.0656160449516,1.0,head
h_p40_cp64,-2085.9005947151186,1.0,head
h_p40_cp65,-2085.9008027112177,1.0,head
h_p40_cp66,-2080.735751445153,1.0,head
h_p40_cp67,-2080.7359945269573,1.0,head
h_p40_cp68,-2075.5709170125233,1.0,head
h_p40_cp69,-2075.5711897577153,1.0,head
h_p40_cp70,-2070.4060903142577,1.0,head
h_p40_cp71,-2070.406386587621,1.0,head
h_p40_cp72,-2065.241269774399,1.0,head
h_p40_cp73,-2065.2415833210507,1.0,head
h_p40_cp74,-2060.0764536288443,1.0,head
h_p40_cp75,-2060.0767785325766,1.0,head
h_p40_cp76,-2054.9116402076543,1.0,head
h_p40_cp77,-2054.911971155414,1.0,head
h_p40_cp78,-2049.7468281616334,1.0,head
h_p40_cp79,-2049.7471605091346,1.0,head
h_p40_cp80,-2044.5820165946182,1.0,head
h_p40_cp81,-2044.5823462765902,1.0,head
h_p40_cp82,-2039.4172050862803,1.0,head
h_p40_cp83,-2039.417528445527,1.0,head
h_p40_cp84,-2034.252393615607,1.0,head
h_p40_cp85,-2034.2527072318767,1.0,head
h_p40_cp86,-2029.0875824156565,1.0,head
h_p40_cp87,-2029.0878829998005,1.0,head
h_p40_cp88,-2023.9227718012617,1.0,head
h_p40_cp89,-2023.9230561896925,1.0,head
h_p40_cp90,-2018.7579620113418,1.0,head
h_p40_cp91,-2018.758227260765,1.0,head
h_p40_cp92,-2013.5931530980192,1.0,head
h_p40_cp93,-2013.5933966508564,1.0,head
h_p40_cp94,-2008.4283448795045,1.0,head
h_p40_cp95,-2008.4285647531656,1.0,head
h_p40_cp96,-2003.2635369576203,1.0,head
h_p40_cp97,-2003.2637319082844,1.0,head
h_p40_cp98,-1998.0987287881558,1.0,head
h_p40_cp99,-1998.0988984100188,1.0,head
h_p40_cp100,-1992.9339197862762,1.0,head
h_p40_cp101,-1992.9340645253924,1.0,head
h_p40_cp102,-1987.769109451172,1.0,head
h_p40_cp103,-1987.7692305331238,1.0,head
h_p40_cp104,-1982.6042975044884,1.0,head
h_p40_cp105,-1982.604396791978,1.0,head
h_p40_cp106,-1977.4394840557743,1.0,head
h_p40_cp107,-1977.4395638625963,1.0,head
h_p40_cp108,-1972.2746698367887,1.0,head
h_p40_cp109,-1972.274732727706,1.0,head
h_p40_cp110,-1967.1098565894356,1.0,head
h_p40_cp111,-1967.1099051922436,1.0,head
h_p40_cp112,-1961.9450477589583,1.0,head
h_p40_cp113,-1961.9450846077805,1.0,head
h_p40_cp114,-1956.7802497512585,1.0,head
h_p40_cp115,-1956.7802771713427,1.0,head
h_p40_cp116,-1951.6154741873972,1.0,head
h_p40_cp117,-1951.615494223526,1.0,head
h_p40_cp118,-1946.4507418685478,1.0,head
h_p40_cp119,-1946.4507562529438,1.0,head
h_p40_cp120,-1941.2860896064892,1.0,head
h_p40_cp121,-1941.286099758341,1.0,head
h_p40_cp122,-1936.121581752962,1.0,head
h_p40_cp123,-1936.1215888002635,1.0,head
h_p40_cp124,-1930.9573292695716,1.0,head
h_p40_cp125,-1930.9573340843144,1.0,head
h_p40_cp126,-1925.7935206262482,1.0,head
h_p40_cp127,-1925.7935238654761,1.0,head
h_p40_cp128,-1920.6304708059913,1.0,head
h_p40_cp129,-1920.6304729531614,1.0,head
h_p40_cp130,-1915.4686972983216,1.0,head
h_p40_cp131,-1915.468698701382,1.0,head
h_p40_cp132,-1910.3090351665865,1.0,head
h_p40_cp133,-1910.309036070829,1.0,head
h_p40_cp134,-1905.1528068905152,1.0,head
h_p40_cp135,-1905.1528074655428,1.0,head
h_p40_cp136,-1900.0020662606776,1.0,head
h_p40_cp137,-1900.0020666216371,1.0,head
h_p40_cp138,-1894.8599383028854,1.0,head
h_p40_cp139,-1894.85993852662,1.0,head
h_p40_cp140,-1889.7310777437792,1.0,head
h_p40_cp141,-1889.7310778807396,1.0,head
h_p40_cp142,-1884.6222651374137,1.0,head
h_p40_cp143,-1884.6222652202157,1.0,head
h_p40_cp144,-1879.5431503899638,1.0,head
h_p40_cp145,-1879.5431504393857,1.0,head
h_p40_cp146,-1874.507136049271,1.0,head
h_p40_cp147,-1874.507136078365,1.0,head
h_p40_cp148,-1869.532366091927,1.0,head
h_p40_cp149,-1869.5323661087832,1.0,head
h_p40_cp150,-1864.642750375174,1.0,head
h_p40_cp151,-1864.642750384742,1.0,head
h_p40_cp152,-1859.868913326482,1.0,head
h_p40_cp153,-1859.8689133317548,1.0,head
h_p40_cp154,-1855.2489140186765,1.0,head
h_p40_cp155,-1855.248914021444,1.0,head
h_p40_cp156,-1850.8285530668245,1.0,head
h_p40_cp157,-1850.828553068146,1.0,head
h_p40_cp158,-1846.6610716082578,1.0,head
h_p40_cp159,-1846.6610716087544,1.0,head
h_p40_cp160,-1842.8060706641522,1.0,head
h_p40_cp161,-1842.8060706641863,1.0,head
h_p40_cp162,-1839.327543379863,1.0,head
h_p40_cp163,-1839.327543379642,1.0,head
h_p40_cp164,-2244.6288684424185,1.0,head
h_p40_cp165,-1839.3300779793742,1.0,head
h_p40_cp166,-2244.628479098366,1.0,head
h_p40_cp167,-1839.3318204066961,1.0,head
h_p40_cp168,-2244.6282024360175,1.0,head
h_p40_cp169,-1839.3330004157042,1.0,head
h_p40_cp170,-2244.628009179083,1.0,head
h_p40_cp171,-1839.3337876833791,1.0,head
h_p40_cp172,-2244.6278764482067,1.0,head
h_p40_cp173,-1839.3343051243053,1.0,head
h_p40_cp174,-2244.6277867982253,1.0,head
h_p40_cp175,-1839.3346401664119,1.0,head
h_p40_cp176,-2244.6277272335865,1.0,head
h_p40_cp177,-1839.3348538902635,1.0,head
h_p40_cp178,-2244.627688287222,1.0,head
h_p40_cp179,-1839.3349882143514,1.0,head
h_p40_cp180,-2244.627663209692,1.0,head
h_p40_cp181,-1839.3350713999803,1.0,head
h_p40_cp182,-2244.6276472885797,1.0,head
h_p40_cp183,-1839.335122167636,1.0,head
h_p40_cp184,-2244.6276372997513,1.0,head
h_p40_cp185,-1839.3351527032896,1.0,head
h_p40_cp186,-2244.6276310804237,1.0,head
h_p40_cp187,-1839.3351708038258,1.0,head
h_p40_cp188,-2244.6276272076316,1.0,head
h_p40_cp189,-1839.3351813739287,1.0,head
h_p40_cp190,-2244.6276247632545,1.0,head
h_p40_cp191,-1839.3351874477607,1.0,head
h_p40_cp192,-2244.6276231670763,1.0,head
h_p40_cp193,-1839.3351908716124,1.0,head
h_p40_cp194,-2244.627622061255,1.0,head
h_p40_cp195,-1839.3351927507488,1.0,head
h_p40_cp196,-2244.627621232243,1.0,head
h_p40_cp197,-1839.3351937361847,1.0,head
h_p40_cp198,-2244.6276205590493,1.0,head
h_p40_cp199,-1839.3351942052757,1.0,head
h_p40_cp200,-2244.6276199793856,1.0,head
h_p40_cp201,-1839.3351943733774,1.0,head
h_p40_cp202,-2244.6276194675374,1.0,head
h_p40_cp203,-1839.335194361632,1.0,head
h_p40_cp204,-2244.627619019669,1.0,head
h_p40_cp205,-1839.3351942372562,1.0,head
h_p40_cp206,-2244.627618643736,1.0,head
h_p40_cp207,-1839.3351940367693,1.0,head
h_p40_cp208,-2244.627618352285,1.0,head
h_p40_cp209,-1839.3351937785628,1.0,head
h_p40_cp210,-2244.6276181571934,1.0,head
h_p40_cp211,-1839.335193468617,1.0,head
h_p40_cp212,-2244.6276180658983,1.0,head
h_p40_cp213,-1839.3351931014868,1.0,head
h_p40_cp214,-2244.627618078939,1.0,head
h_p40_cp215,-1839.3351926576543,1.0,head
h_p40_cp216,-2244.6276181887356,1.0,head
h_p40_cp217,-1839.3351920977555,1.0,head
h_p40_cp218,-2244.6276183794594,1.0,head
h_p40_cp219,-1839.3351913538636,1.0,head
h_p40_cp220,-2244.6276186277883,1.0,head
h_p40_cp221,-1839.3351903179662,1.0,head
h_p40_cp222,-2244.6276189041964,1.0,head
h_p40_cp223,-1839.335188827869,1.0,head
h_p40_cp224,-2244.627619174412,1.0,head
h_p40_cp225,-1839.3351866511234,1.0,head
h_p40_cp226,-2244.6276194006605,1.0,head
h_p40_cp227,-1839.3351834681675,1.0,head
h_p40_cp228,-2244.627619542468,1.0,head
h_p40_cp229,-1839.3351788567413,1.0,head
h_p40_cp230,-2244.6276195569317,1.0,head
h_p40_cp231,-1839.3351722807686,1.0,head
h_p40_cp232,-2244.627619398644,1.0,head
h_p40_cp233,-1839.3351630881682,1.0,head
h_p40_cp234,-2244.627619019653,1.0,head
h_p40_cp235,-1839.3351505231753,1.0,head
h_p40_cp236,-2244.627618370021,1.0,head
h_p40_cp237,-1839.3351337593456,1.0,head
h_p40_cp238,-2244.6276173996434,1.0,head
h_p40_cp239,-1839.3351119588544,1.0,head
h_p40_cp240,-2244.627616061906,1.0,head
h_p40_cp241,-1839.3350843614965,1.0,head
h_p40_cp242,-2244.6276143195096,1.0,head
h_p40_cp243,-1839.3350504024158,1.0,head
h_p40_cp244,-2244.627612152366,1.0,head
h_p40_cp245,-1839.3350098511428,1.0,head
h_p40_cp246,-2244.6276095668336,1.0,head
h_p40_cp247,-1839.3349629565707,1.0,head
h_p40_cp248,-2244.627606604912,1.0,head
h_p40_cp249,-1839.3349105746163,1.0,head
h_p40_cp250,-2244.627603351393,1.0,head
h_p40_cp251,-1839.3348542496637,1.0,head
h_p40_cp252,-2244.627599936688,1.0,head
h_p40_cp253,-1839.3347962201078,1.0,head
h_p40_cp254,-2244.6275965332525,1.0,head
h_p40_cp255,-1839.3347393245588,1.0,head
h_p40_cp256,-2244.6275933443285,1.0,head
h_p40_cp257,-1839.3346867993114,1.0,head
h_p40_cp258,-2244.6275905851576,1.0,head
h_p40_cp259,-1839.3346419781642,1.0,head
h_p40_cp260,-2244.627588458505,1.0,head
h_p40_cp261,-1839.3346079286557,1.0,head
h_p40_cp262,-2244.62758712798,1.0,head
h_p40_cp263,-1839.334587078418,1.0,head
h_p40_cp264,-2244.6275866935857,1.0,head
h_p40_cp265,-1839.334580895472,1.0,head
h_p40_cp266,-2244.6275871738967,1.0,head
h_p40_cp267,-1839.334589682491,1.0,head
h_p40_cp268,-2244.627588498035,1.0,head
h_p40_cp269,-1839.3346125265928,1.0,head
h_p40_cp270,-2244.6275905085386,1.0,head
h_p40_cp271,-1839.334647416913,1.0,head
h_p40_cp272,-2244.627592973782,1.0,head
h_p40_cp273,-1839.334691509322,1.0,head
h_p40_cp274,-2244.62759560664,1.0,head
h_p40_cp275,-1839.3347414898049,1.0,head
h_p40_cp276,-2244.6275980850537,1.0,head
h_p40_cp277,-1839.3347939720811,1.0,head
h_p40_cp278,-2244.6276000704397,1.0,head
h_p40_cp279,-1839.3348458641588,1.0,head
h_p40_cp280,-2244.6276012212434,1.0,head
h_p40_cp281,-1839.3348946512413,1.0,head
h_p40_cp282,-2244.6276012010176,1.0,head
h_p40_cp283,-1839.3349385639763,1.0,head
h_p40_cp284,-2244.627599682589,1.0,head
h_p40_cp285,-1839.3349766251404,1.0,head
h_p40_cp286,-2244.6275963515855,1.0,head
h_p40_cp287,-1839.3350085889224,1.0,head
h_p40_cp288,-2244.6275909134697,1.0,head
h_p40_cp289,-1839.3350348013425,1.0,head
h_p40_cp290,-2244.6275831080206,1.0,head
h_p40_cp291,-1839.3350560168383,1.0,head
h_p40_cp292,-2244.627572733877,1.0,head
h_p40_cp293,-1839.3350732053927,1.0,head
h_p40_cp294,-2244.627559683488,1.0,head
h_p40_cp295,-1839.335087378638,1.0,head
h_p40_cp296,-2244.6275439858723,1.0,head
h_p40_cp297,-1839.3350994544523,1.0,head
h_p40_cp298,-2244.62752585135,1.0,head
h_p40_cp299,-1839.335110169655,1.0,head
h_p40_cp300,-2244.627505709667,1.0,head
h_p40_cp301,-1839.3351200412847,1.0,head
h_p40_cp302,-2244.6274842312328,1.0,head
h_p40_cp303,-1839.3351293696899,1.0,head
h_p40_cp304,-2244.627462321481,1.0,head
h_p40_cp305,-1839.3351382720432,1.0,head
h_p40_cp306,-2244.627441081031,1.0,head
h_p40_cp307,-1839.3351467330565,1.0,head
h_p40_cp308,-2244.6274217295068,1.0,head
h_p40_cp309,-1839.3351546603797,1.0,head
h_p40_cp310,-2244.627405497894,1.0,head
h_p40_cp311,-1839.3351619347418,1.0,head
h_p40_cp312,-2244.6273935018016,1.0,head
h_p40_cp313,-1839.3351684485012,1.0,head
h_p40_cp314,-2244.627386614042,1.0,head
h_p40_cp315,-1839.3351741299668,1.0,head
h_p40_cp316,-2244.6273853576718,1.0,head
h_p40_cp317,-1839.3351789539986,1.0,head
h_p40_cp318,-2244.627389838842,1.0,head
h_p40_cp319,-1839.3351829414996,1.0,head
h_p40_cp320,-2244.6273997323265,1.0,head
h_p40_cp321,-1839.3351861514172,1.0,head
h_p40_cp322,-2244.6274143229125,1.0,head
h_p40_cp323,-1839.3351886688813,1.0,head
h_p40_cp324,-2244.62743259524,1.0,head
h_p40_cp325,-1839.335190592475,1.0,head
h_p40_cp326,-2244.6274533559067,1.0,head
h_p40_cp327,-1839.3351920226007,1.0,head
h_p40_cp328,-2244.627475366895,1.0,head
h_p40_cp329,-1839.3351930518204,1.0,head
h_p40_cp330,-2244.6274974694675,1.0,head
h_p40_cp331,-1839.3351937570092,1.0,head
h_p40_cp332,-2244.6275186822013,1.0,head
h_p40_cp333,-1839.33519419223,1.0,head
h_p40_cp334,-2244.6275382640956,1.0,head
h_p40_cp335,-1839.3351943803034,1.0,head
h_p40_cp336,-2244.627555741742,1.0,head
h_p40_cp337,-1839.335194299952,1.0,head
h_p40_cp338,-2244.6275709065912,1.0,head
h_p40_cp339,-1839.335193863792,1.0,head
h_p40_cp340,-2244.627583793192,1.0,head
h_p40_cp341,-1839.3351928800187,1.0,head
h_p40_cp342,-2244.6275946518795,1.0,head
h_p40_cp343,-1839.3351909868268,1.0,head
h_p40_cp344,-2244.627603929958,1.0,head
h_p40_cp345,-1839.3351875428352,1.0,head
h_p40_cp346,-2244.6276122750546,1.0,head
h_p40_cp347,-1839.335181448273,1.0,head
h_p40_cp348,-2244.627620573702,1.0,head
h_p40_cp349,-1839.3351708596124,1.0,head
h_p40_cp350,-2244.6276300381714,1.0,head
h_p40_cp351,-1839.3351527437687,1.0,head
h_p40_cp352,-2244.6276423552895,1.0,head
h_p40_cp353,-1839.33512219618,1.0,head
h_p40_cp354,-2244.627659912294,1.0,head
h_p40_cp355,-1839.3350714196056,1.0,head
h_p40_cp356,-2244.627686116075,1.0,head
h_p40_cp357,-1839.3349882275343,1.0,head
h_p40_cp358,-2244.627725822368,1.0,head
h_p40_cp359,-1839.334853898922,1.0,head
h_p40_cp360,-2244.6277858893563,1.0,head
h_p40_cp361,-1839.3346401719648,1.0,head
h_p40_cp362,-2244.627875864222,1.0,head
h_p40_cp363,-1839.3343051277643,1.0,head
h_p40_cp364,-2244.628008800002,1.0,head
h_p40_cp365,-1839.3337876854441,1.0,head
h_p40_cp366,-2244.628202182152,1.0,head
h_p40_cp367,-1839.3330004168438,1.0,head
h_p40_cp368,-2244.6284789177084,1.0,head
h_p40_cp369,-1839.3318204072148,1.0,head
h_p40_cp370,-2244.628868301693,1.0,head
h_p40_cp371,-1839.330077979464,1.0,head
h_p41_cp0,-2244.4218413235444,1.0,head
h_p41_cp1,-2244.421841187154,1.0,head
h_p41_cp2,-2240.9858634055067,1.0,head
h_p41_cp3,-2240.9858632383452,1.0,head
h_p41_cp4,-2237.169628283532,1.0,head
h_p41_cp5,-2237.169628059519,1.0,head
h_p41_cp6,-2233.0365143061777,1.0,head
h_p41_cp7,-2233.036513983717,1.0,head
h_p41_cp8,-2228.6457808760056,1.0,head
h_p41_cp9,-2228.6457803905037,1.0,head
h_p41_cp10,-2224.0506183476564,1.0,head
h_p41_cp11,-2224.0506176012345,1.0,head
h_p41_cp12,-2219.297036661118,1.0,head
h_p41_cp13,-2219.2970355091697,1.0,head
h_p41_cp14,-2214.4235029624065,1.0,head
h_p41_cp15,-2214.423501196391,1.0,head
h_p41_cp16,-2209.461174277945,1.0,head
h_p41_cp17,-2209.4611716044174,1.0,head
h_p41_cp18,-2204.4345461798052,1.0,head
h_p41_cp19,-2204.434542196592,1.0,head
h_p41_cp20,-2199.3623431919914,1.0,head
h_p41_cp21,-2199.362337363303,1.0,head
h_p41_cp22,-2194.2585022353364,1.0,head
h_p41_cp23,-2194.258493869589,1.0,head
h_p41_cp24,-2189.1331374247293,1.0,head
h_p41_cp25,-2189.1331256610574,1.0,head
h_p41_cp26,-2183.9934136413804,1.0,head
h_p41_cp27,-2183.993397453031,1.0,head
h_p41_cp28,-2178.844290838276,1.0,head
h_p41_cp29,-2178.8442690630063,1.0,head
h_p41_cp30,-2173.6891276305523,1.0,head
h_p41_cp31,-2173.68909903913,1.0,head
h_p41_cp32,-2168.5301506458295,1.0,head
h_p41_cp33,-2168.530114058831,1.0,head
h_p41_cp34,-2163.368806312826,1.0,head
h_p41_cp35,-2163.368760772159,1.0,head
h_p41_cp36,-2158.2060160055294,1.0,head
h_p41_cp37,-2158.205960999751,1.0,head
h_p41_cp38,-2153.042355653834,1.0,head
h_p41_cp39,-2153.0422913852176,1.0,head
h_p41_cp40,-2147.8781787712433,1.0,head
h_p41_cp41,-2147.8781064385594,1.0,head
h_p41_cp42,-2142.7136986253445,1.0,head
h_p41_cp43,-2142.713620681655,1.0,head
h_p41_cp44,-2137.5490418499517,1.0,head
h_p41_cp45,-2137.5489621829815,1.0,head
h_p41_cp46,-2132.384282667126,1.0,head
h_p41_cp47,-2132.3842066453553,1.0,head
h_p41_cp48,-2127.2194642803993,1.0,head
h_p41_cp49,-2127.219398615246,1.0,head
h_p41_cp50,-2122.0546119703454,1.0,head
h_p41_cp51,-2122.0545643661553,1.0,head
h_p41_cp52,-2116.889740924571,1.0,head
h_p41_cp53,-2116.8897195228283,1.0,head
h_p41_cp54,-2111.7248607774304,1.0,head
h_p41_cp55,-2111.724873444409,1.0,head
h_p41_cp56,-2106.5599781208784,1.0,head
h_p41_cp57,-2106.560031669409,1.0,head
h_p41_cp58,-2101.395097785198,1.0,head
h_p41_cp59,-2101.395197249646,1.0,head
h_p41_cp60,-2096.23022339922,1.0,head
h_p41_cp61,-2096.23037148757,1.0,head
h_p41_cp62,-2091.0653575628767,1.0,head
h_p41_cp63,-2091.065554385628,1.0,head
h_p41_cp64,-2085.9005018547214,1.0,head
h_p41_cp65,-2085.900744979865,1.0,head
h_p41_cp66,-2080.7356568216805,1.0,head
h_p41_cp67,-2080.735941639592,1.0,head
h_p41_cp68,-2075.570822038863,1.0,head
h_p41_cp69,-2075.5711423574944,1.0,head
h_p41_cp70,-2070.4059962754213,1.0,head
h_p41_cp71,-2070.4063450221674,1.0,head
h_p41_cp72,-2065.241177758115,1.0,head
h_p41_cp73,-2065.241547652076,1.0,head
h_p41_cp74,-2060.0763644910476,1.0,head
h_p41_cp75,-2060.076748570731,1.0,head
h_p41_cp76,-2054.9115545727304,1.0,head
h_p41_cp77,-2054.911946511878,1.0,head
h_p41_cp78,-2049.7467464517754,1.0,head
h_p41_cp79,-2049.7471406551426,1.0,head
h_p41_cp80,-2044.5819390782947,1.0,head
h_p41_cp81,-2044.5823306029633,1.0,head
h_p41_cp82,-2039.417131933659,1.0,head
h_p41_cp83,-2039.4175163160166,1.0,head
h_p41_cp84,-2034.2523249491794,1.0,head
h_p41_cp85,-2034.2526980263606,1.0,head
h_p41_cp86,-2029.0875183470134,1.0,head
h_p41_cp87,-2029.0878761455867,1.0,head
h_p41_cp88,-2023.9227124492002,1.0,head
h_p41_cp89,-2023.923051181084,1.0,head
h_p41_cp90,-2018.7579075011452,1.0,head
h_p41_cp91,-2018.758223668415,1.0,head
h_p41_cp92,-2013.5931035458557,1.0,head
h_p41_cp93,-2013.5933941232609,1.0,head
h_p41_cp94,-2008.4283003686317,1.0,head
h_p41_cp95,-2008.4285630130053,1.0,head
h_p41_cp96,-2003.2634975142294,1.0,head
h_p41_cp97,-2003.2637307464422,1.0,head
h_p41_cp98,-1998.0986943643925,1.0,head
h_p41_cp99,-1998.0988976801852,1.0,head
h_p41_cp100,-1992.933890256889,1.0,head
h_p41_cp101,-1992.9340641425872,1.0,head
h_p41_cp102,-1987.769084629284,1.0,head
h_p41_cp103,-1987.7692304805664,1.0,head
h_p41_cp104,-1982.604277182334,1.0,head
h_p41_cp105,-1982.6043971431534,1.0,head
h_p41_cp106,-1977.4394680791872,1.0,head
h_p41_cp107,-1977.4395648298962,1.0,head
h_p41_cp108,-1972.274658229377,1.0,head
h_p41_cp109,-1972.2747347570628,1.0,head
h_p41_cp110,-1967.1098497558278,1.0,head
h_p41_cp111,-1967.1099091366998,1.0,head
h_p41_cp112,-1961.9450468190753,1.0,head
h_p41_cp113,-1961.9450920349982,1.0,head
h_p41_cp114,-1956.7802570934123,1.0,head
h_p41_cp115,-1956.7802908949686,1.0,head
h_p41_cp116,-1951.61549438261,1.0,head
h_p41_cp117,-1951.6155192018625,1.0,head
h_p41_cp118,-1946.450783168975,1.0,head
h_p41_cp119,-1946.4508010779043,1.0,head
h_p41_cp120,-1941.2861663652832,1.0,head
h_p41_cp121,-1941.2861790713725,1.0,head
h_p41_cp122,-1936.121718258994,1.0,head
h_p41_cp123,-1936.1217271275593,1.0,head
h_p41_cp124,-1930.9575656923002,1.0,head
h_p41_cp125,-1930.9575717853243,1.0,head
h_p41_cp126,-1925.7939220093501,1.0,head
h_p41_cp127,-1925.7939261320955,1.0,head
h_p41_cp128,-1920.6311403127877,1.0,head
h_p41_cp129,-1920.631143061594,1.0,head
h_p41_cp130,-1915.469795151626,1.0,head
h_p41_cp131,-1915.4697969584934,1.0,head
h_p41_cp132,-1910.31080485837,1.0,head
h_p41_cp133,-1910.3108060298653,1.0,head
h_p41_cp134,-1905.1556101371223,1.0,head
h_p41_cp135,-1905.1556108866343,1.0,head
h_p41_cp136,-1900.0064276781789,1.0,head
h_p41_cp137,-1900.0064281515597,1.0,head
h_p41_cp138,-1894.8665996785292,1.0,head
h_p41_cp139,-1894.8665999737711,1.0,head
h_p41_cp140,-1889.7410599010364,1.0,head
h_p41_cp141,-1889.7410600829144,1.0,head
h_p41_cp142,-1884.6369326359143,1.0,head
h_p41_cp143,-1884.636932746588,1.0,head
h_p41_cp144,-1879.5642707528218,1.0,head
h_p41_cp145,-1879.5642708193323,1.0,head
h_p41_cp146,-1874.536921246984,1.0,head
h_p41_cp147,-1874.5369212864325,1.0,head
h_p41_cp148,-1869.5734803906807,1.0,head
h_p41_cp149,-1869.573480413738,1.0,head
h_p41_cp150,-1864.6982665205308,1.0,head
h_p41_cp151,-1864.6982665337696,1.0,head
h_p41_cp152,-1859.9421997792927,1.0,head
h_p41_cp153,-1859.942199786714,1.0,head
h_p41_cp154,-1855.3434409326417,1.0,head
h_p41_cp155,-1855.343440936651,1.0,head
h_p41_cp156,-1850.947614707081,1.0,head
h_p41_cp157,-1850.9476147091113,1.0,head
h_p41_cp158,-1846.8074376807358,1.0,head
h_p41_cp159,-1846.8074376816319,1.0,head
h_p41_cp160,-1842.981596748551,1.0,head
h_p41_cp161,-1842.981596748806,1.0,head
h_p41_cp162,-1839.532787906528,1.0,head
h_p41_cp163,-1839.532787906427,1.0,head
h_p41_cp164,-2244.421287853203,1.0,head
h_p41_cp165,-1839.5354592188555,1.0,head
h_p41_cp166,-2244.4208852796046,1.0,head
h_p41_cp167,-1839.5373053432766,1.0,head
h_p41_cp168,-2244.4205974223746,1.0,head
h_p41_cp169,-1839.5385626466398,1.0,head
h_p41_cp170,-2244.420395032935,1.0,head
h_p41_cp171,-1839.5394065079142,1.0,head
h_p41_cp172,-2244.420255087148,1.0,head
h_p41_cp173,-1839.5399646416222,1.0,head
h_p41_cp174,-2244.4201598986915,1.0,head
h_p41_cp175,-1839.5403284151732,1.0,head
h_p41_cp176,-2244.4200961919287,1.0,head
h_p41_cp177,-1839.5405620595275,1.0,head
h_p41_cp178,-2244.4200542202016,1.0,head
h_p41_cp179,-1839.5407099479037,1.0,head
h_p41_cp180,-2244.4200269790617,1.0,head
h_p41_cp181,-1839.5408022059091,1.0,head
h_p41_cp182,-2244.4200095378546,1.0,head
h_p41_cp183,-1839.5408589349522,1.0,head
h_p41_cp184,-2244.4199984947254,1.0,head
h_p41_cp185,-1839.5408933193448,1.0,head
h_p41_cp186,-2244.4199915480676,1.0,head
h_p41_cp187,-1839.540913860957,1.0,head
h_p41_cp188,-2244.4199871704013,1.0,head
h_p41_cp189,-1839.5409259511046,1.0,head
h_p41_cp190,-2244.4199843676283,1.0,head
h_p41_cp191,-1839.5409329525376,1.0,head
h_p41_cp192,-2244.41998250626,1.0,head
h_p41_cp193,-1839.5409369287236,1.0,head
h_p41_cp194,-2244.419981192642,1.0,head
h_p41_cp195,-1839.5409391255143,1.0,head
h_p41_cp196,-2244.419980190474,1.0,head
h_p41_cp197,-1839.540940283109,1.0,head
h_p41_cp198,-2244.4199793655507,1.0,head
h_p41_cp199,-1839.540940834343,1.0,head
h_p41_cp200,-2244.419978649151,1.0,head
h_p41_cp201,-1839.5409410284453,1.0,head
h_p41_cp202,-2244.4199780137615,1.0,head
h_p41_cp203,-1839.5409410068587,1.0,head
h_p41_cp204,-2244.4199774566823,1.0,head
h_p41_cp205,-1839.5409408486921,1.0,head
h_p41_cp206,-2244.4199769885745,1.0,head
h_p41_cp207,-1839.5409405971036,1.0,head
h_p41_cp208,-2244.4199766251395,1.0,head
h_p41_cp209,-1839.5409402736123,1.0,head
h_p41_cp210,-2244.4199763809597,1.0,head
h_p41_cp211,-1839.540939884528,1.0,head
h_p41_cp212,-2244.419976265038,1.0,head
h_p41_cp213,-1839.5409394218696,1.0,head
h_p41_cp214,-2244.4199762778685,1.0,head
h_p41_cp215,-1839.5409388600028,1.0,head
h_p41_cp216,-2244.419976409966,1.0,head
h_p41_cp217,-1839.5409381485808,1.0,head
h_p41_cp218,-2244.419976641693,1.0,head
h_p41_cp219,-1839.5409372020529,1.0,head
h_p41_cp220,-2244.4199769441448,1.0,head
h_p41_cp221,-1839.5409358859351,1.0,head
h_p41_cp222,-2244.41997728068,1.0,head
h_p41_cp223,-1839.5409340002245,1.0,head
h_p41_cp224,-2244.4199776086757,1.0,head
h_p41_cp225,-1839.5409312607599,1.0,head
h_p41_cp226,-2244.4199778810525,1.0,head
h_p41_cp227,-1839.540927280055,1.0,head
h_p41_cp228,-2244.4199780473064,1.0,head
h_p41_cp229,-1839.5409215501504,1.0,head
h_p41_cp230,-2244.419978053967,1.0,head
h_p41_cp231,-1839.5409134312986,1.0,head
h_p41_cp232,-2244.4199778446773,1.0,head
h_p41_cp233,-1839.5409021517,1.0,head
h_p41_cp234,-2244.419977360366,1.0,head
h_p41_cp235,-1839.540886824665,1.0,head
h_p41_cp236,-2244.4199765401686,1.0,head
h_p41_cp237,-1839.5408664900585,1.0,head
h_p41_cp238,-2244.4199753238604,1.0,head
h_p41_cp239,-1839.5408401860425,1.0,head
h_p41_cp240,-2244.419973656439,1.0,head
h_p41_cp241,-1839.5408070543583,1.0,head
h_p41_cp242,-2244.4199714952133,1.0,head
h_p41_cp243,-1839.5407664772706,1.0,head
h_p41_cp244,-2244.4199688192157,1.0,head
h_p41_cp245,-1839.5407182369006,1.0,head
h_p41_cp246,-2244.4199656400283,1.0,head
h_p41_cp247,-1839.5406626788235,1.0,head
h_p41_cp248,-2244.419962012361,1.0,head
h_p41_cp249,-1839.5406008532414,1.0,head
h_p41_cp250,-2244.419958042034,1.0,head
h_p41_cp251,-1839.5405346011948,1.0,head
h_p41_cp252,-2244.4199538887474,1.0,head
h_p41_cp253,-1839.5404665530348,1.0,head
h_p41_cp254,-2244.4199497612517,1.0,head
h_p41_cp255,-1839.5404000139392,1.0,head
h_p41_cp256,-2244.4199459035767,1.0,head
h_p41_cp257,-1839.5403387273607,1.0,head
h_p41_cp258,-2244.419942572555,1.0,head
h_p41_cp259,-1839.5402865302426,1.0,head
h_p41_cp260,-2244.419940008872,1.0,head
h_p41_cp261,-1839.5402469392045,1.0,head
h_p41_cp262,-2244.419938405711,1.0,head
h_p41_cp263,-1839.5402227282348,1.0,head
h_p41_cp264,-2244.4199378801136,1.0,head
h_p41_cp265,-1839.5402155691331,1.0,head
h_p41_cp266,-2244.419938452095,1.0,head
h_p41_cp267,-1839.5402258012334,1.0,head
h_p41_cp268,-2244.4199400351663,1.0,head
h_p41_cp269,-1839.5402523762655,1.0,head
h_p41_cp270,-2244.419942439499,1.0,head
h_p41_cp271,-1839.5402929916645,1.0,head
h_p41_cp272,-2244.419945386231,1.0,head
h_p41_cp273,-1839.5403443893167,1.0,head
h_p41_cp274,-2244.419948529143,1.0,head
h_p41_cp275,-1839.54040276585,1.0,head
h_p41_cp276,-2244.4199514787874,1.0,head
h_p41_cp277,-1839.5404642227904,1.0,head
h_p41_cp278,-2244.419953824416,1.0,head
h_p41_cp279,-1839.5405251835393,1.0,head
h_p41_cp280,-2244.41995515061,1.0,head
h_p41_cp281,-1839.5405827179002,1.0,head
h_p41_cp282,-2244.4199550478834,1.0,head
h_p41_cp283,-1839.5406347385226,1.0,head
h_p41_cp284,-2244.4199531189965,1.0,head
h_p41_cp285,-1839.5406800604114,1.0,head
h_p41_cp286,-2244.419948984673,1.0,head
h_p41_cp287,-1839.540718338324,1.0,head
h_p41_cp288,-2244.4199422933934,1.0,head
h_p41_cp289,-1839.540749913349,1.0,head
h_p41_cp290,-2244.419932739689,1.0,head
h_p41_cp291,-1839.5407756077152,1.0,head
h_p41_cp292,-2244.4199200937624,1.0,head
h_p41_cp293,-1839.540796506615,1.0,head
h_p41_cp294,-2244.419904242662,1.0,head
h_p41_cp295,-1839.5408137594895,1.0,head
h_p41_cp296,-2244.4198852397817,1.0,head
h_p41_cp297,-1839.5408284233804,1.0,head
h_p41_cp298,-2244.4198633558153,1.0,head
h_p41_cp299,-1839.540841359854,1.0,head
h_p41_cp300,-2244.4198391212058,1.0,head
h_p41_cp301,-1839.5408531866733,1.0,head
h_p41_cp302,-2244.419813348343,1.0,head
h_p41_cp303,-1839.5408642771176,1.0,head
h_p41_cp304,-2244.419787122249,1.0,head
h_p41_cp305,-1839.5408747944998,1.0,head
h_p41_cp306,-2244.4197617517207,1.0,head
h_p41_cp307,-1839.5408847471979,1.0,head
h_p41_cp308,-2244.4197386788933,1.0,head
h_p41_cp309,-1839.5408940501366,1.0,head
h_p41_cp310,-2244.4197193532273,1.0,head
h_p41_cp311,-1839.540902581406,1.0,head
h_p41_cp312,-2244.4197050843195,1.0,head
h_p41_cp313,-1839.540910226617,1.0,head
h_p41_cp314,-2244.4196968946817,1.0,head
h_p41_cp315,-1839.5409169077175,1.0,head
h_p41_cp316,-2244.419695396591,1.0,head
h_p41_cp317,-1839.5409225964968,1.0,head
h_p41_cp318,-2244.419700714903,1.0,head
h_p41_cp319,-1839.5409273154496,1.0,head
h_p41_cp320,-2244.4197124704274,1.0,head
h_p41_cp321,-1839.5409311298738,1.0,head
h_p41_cp322,-2244.4197298274453,1.0,head
h_p41_cp323,-1839.5409341352192,1.0,head
h_p41_cp324,-2244.419751597012,1.0,head
h_p41_cp325,-1839.5409364430407,1.0,head
h_p41_cp326,-2244.419776377767,1.0,head
h_p41_cp327,-1839.5409381678485,1.0,head
h_p41_cp328,-2244.419802710461,1.0,head
h_p41_cp329,-1839.5409394159349,1.0,head
h_p41_cp330,-2244.4198292223846,1.0,head
h_p41_cp331,-1839.5409402760836,1.0,head
h_p41_cp332,-2244.419854742805,1.0,head
h_p41_cp333,-1839.5409408110102,1.0,head
h_p41_cp334,-2244.419878378634,1.0,head
h_p41_cp335,-1839.5409410473014,1.0,head
h_p41_cp336,-2244.4198995486304,1.0,head
h_p41_cp337,-1839.540940960382,1.0,head
h_p41_cp338,-2244.4199179824827,1.0,head
h_p41_cp339,-1839.540940449263,1.0,head
h_p41_cp340,-2244.4199336967745,1.0,head
h_p41_cp341,-1839.5409392932058,1.0,head
h_p41_cp342,-2244.4199469628466,1.0,head
h_p41_cp343,-1839.5409370783661,1.0,head
h_p41_cp344,-2244.4199582823194,1.0,head
h_p41_cp345,-1839.5409330764326,1.0,head
h_p41_cp346,-2244.419968385435,1.0,head
h_p41_cp347,-1839.5409260484143,1.0,head
h_p41_cp348,-2244.4199782664045,1.0,head
h_p41_cp349,-1839.54091393435,1.0,head
h_p41_cp350,-2244.4199892693478,1.0,head
h_p41_cp351,-1839.540893372897,1.0,head
h_p41_cp352,-2244.420003238522,1.0,head
h_p41_cp353,-1839.54085897294,1.0,head
h_p41_cp354,-2244.4200227471943,1.0,head
h_p41_cp355,-1839.5408022321924,1.0,head
h_p41_cp356,-2244.4200514201043,1.0,head
h_p41_cp357,-1839.5407099656786,1.0,head
h_p41_cp358,-2244.420094363996,1.0,head
h_p41_cp359,-1839.5405620712888,1.0,head
h_p41_cp360,-2244.420158717894,1.0,head
h_p41_cp361,-1839.5403284227841,1.0,head
h_p41_cp362,-2244.4202543283113,1.0,head
h_p41_cp363,-1839.5399646464225,1.0,head
h_p41_cp364,-2244.420394543035,1.0,head
h_p41_cp365,-1839.5394065108378,1.0,head
h_p41_cp366,-2244.4205970992944,1.0,head
h_p41_cp367,-1839.538562648319,1.0,head
h_p41_cp368,-2244.4208850564114,1.0,head
h_p41_cp369,-1839.5373053441288,1.0,head
h_p41_cp370,-2244.4212876868796,1.0,head
h_p41_cp371,-1839.5354592191472,1.0,head
h_p42_cp0,-2244.2147740635924,1.0,head
h_p42_cp1,-2244.214773907568,1.0,head
h_p42_cp2,-2240.8082709416867,1.0,head
h_p42_cp3,-2240.808270741542,1.0,head
h_p42_cp4,-2237.021019190266,1.0,head
h_p42_cp5,-2237.0210189121326,1.0,head
h_p42_cp6,-2232.915132209411,1.0,head
h_p42_cp7,-2232.9151317998535,1.0,head
h_p42_cp8,-2228.5489642153416,1.0,head
h_p42_cp9,-2228.54896359215,1.0,head
h_p42_cp10,-2223.9751708920057,1.0,head
h_p42_cp11,-2223.975169931649,1.0,head
h_p42_cp12,-2219.2395636525375,1.0,head
h_p42_cp13,-2219.23956217377,1.0,head
h_p42_cp14,-2214.3806831788042,1.0,head
h_p42_cp15,-2214.3806809219373,1.0,head
h_p42_cp16,-2209.4299545103186,1.0,head
h_p42_cp17,-2209.4299511122917,1.0,head
h_p42_cp18,-2204.41225837781,1.0,head
h_p42_cp19,-2204.4122533442255,1.0,head
h_p42_cp20,-2199.3467545720832,1.0,head
h_p42_cp21,-2199.3467472486545,1.0,head
h_p42_cp22,-2194.2478140397384,1.0,head
h_p42_cp23,-2194.2478035877502,1.0,head
h_p42_cp24,-2189.1259492805007,1.0,head
h_p42_cp25,-2189.125934663375,1.0,head
h_p42_cp26,-2183.9886688335237,1.0,head
h_p42_cp27,-2183.9886488240772,1.0,head
h_p42_cp28,-2178.8412146081955,1.0,head
h_p42_cp29,-2178.8411878282673,1.0,head
h_p42_cp30,-2173.6871669406955,1.0,head
h_p42_cp31,-2173.687131945668,1.0,head
h_p42_cp32,-2168.5289204617875,1.0,head
h_p42_cp33,-2168.528875881167,1.0,head
h_p42_cp34,-2163.3680447456213,1.0,head
h_p42_cp35,-2163.3679894861557,1.0,head
h_p42_cp36,-2158.205548750688,1.0,head
h_p42_cp37,-2158.205482259815,1.0,head
h_p42_cp38,-2153.0420689988678,1.0,head
h_p42_cp39,-2153.0419915734574,1.0,head
h_p42_cp40,-2147.877999865364,1.0,head
h_p42_cp41,-2147.87791297493,1.0,head
h_p42_cp42,-2142.7135815362935,1.0,head
h_p42_cp43,-2142.7134881136417,1.0,head
h_p42_cp44,-2137.548958011715,1.0,head
h_p42_cp45,-2137.5488626514357,1.0,head
h_p42_cp46,-2132.3842145246963,1.0,head
h_p42_cp47,-2132.3841235258587,1.0,head
h_p42_cp48,-2127.2194011793536,1.0,head
h_p42_cp49,-2127.219322377821,1.0,head
h_p42_cp50,-2122.054547570277,1.0,head
h_p42_cp51,-2122.0544899307565,1.0,head
h_p42_cp52,-2116.889671612527,1.0,head
h_p42_cp53,-2116.8896445896485,1.0,head
h_p42_cp54,-2111.7247847136055,1.0,head
h_p42_cp55,-2111.7247974389024,1.0,head
h_p42_cp56,-2106.5598946663604,1.0,head
h_p42_cp57,-2106.559955063623,1.0,head
h_p42_cp58,-2101.3950071472136,1.0,head
h_p42_cp59,-2101.3951211094154,1.0,head
h_p42_cp60,-2096.2301263905465,1.0,head
h_p42_cp61,-2096.230297156132,1.0,head
h_p42_cp62,-2091.065255415287,1.0,head
h_p42_cp63,-2091.065483254393,1.0,head
h_p42_cp64,-2085.9003960563787,1.0,head
h_p42_cp65,-2085.9006783217496,1.0,head
h_p42_cp66,-2080.7355489684564,1.0,head
h_p42_cp67,-2080.735880493798,1.0,head
h_p42_cp68,-2075.57071370173,1.0,head
h_p42_cp69,-2075.5710874603965,1.0,head
h_p42_cp70,-2070.405888891766,1.0,head
h_p42_cp71,-2070.4062967800246,1.0,head
h_p42_cp72,-2065.2410725553186,1.0,head
h_p42_cp73,-2065.2415061498605,1.0,head
h_p42_cp74,-2060.076262447465,1.0,head
h_p42_cp75,-2060.0767136093364,1.0,head
h_p42_cp76,-2054.911456415854,1.0,head
h_p42_cp77,-2054.9119176644226,1.0,head
h_p42_cp78,-2049.746652687656,1.0,head
h_p42_cp79,-2049.747117332735,1.0,head
h_p42_cp80,-2044.581850041758,1.0,head
h_p42_cp81,-2044.5823121211242,1.0,head
h_p42_cp82,-2039.417047846518,1.0,head
h_p42_cp83,-2039.4175019548184,1.0,head
h_p42_cp84,-2034.2522459740023,1.0,head
h_p42_cp85,-2034.252687079706,1.0,head
h_p42_cp86,-2029.0874446267621,1.0,head
h_p42_cp87,-2029.0878679574917,1.0,head
h_p42_cp88,-2023.9226441274407,1.0,head
h_p42_cp89,-2023.9230451689323,1.0,head
h_p42_cp90,-2018.7578447224364,1.0,head
h_p42_cp91,-2018.7582193347275,1.0,head
h_p42_cp92,-2013.593046440278,1.0,head
h_p42_cp93,-2013.593391058496,1.0,head
h_p42_cp94,-2008.4282490274366,1.0,head
h_p42_cp95,-2008.4285608923983,1.0,head
h_p42_cp96,-2003.263451964938,1.0,head
h_p42_cp97,-2003.2637293240844,1.0,head
h_p42_cp98,-1998.0986545535459,1.0,head
h_p42_cp99,-1998.0988967837343,1.0,head
h_p42_cp100,-1992.9338560476874,1.0,head
h_p42_cp101,-1992.934063672524,1.0,head
h_p42_cp102,-1987.7690558205609,1.0,head
h_p42_cp103,-1987.7692304192553,1.0,head
h_p42_cp104,-1982.6042535559254,1.0,head
h_p42_cp105,-1982.6043975817292,1.0,head
h_p42_cp106,-1977.4394494861895,1.0,head
h_p42_cp107,-1977.4395660261725,1.0,head
h_p42_cp108,-1972.2746447338257,1.0,head
h_p42_cp109,-1972.2747372466506,1.0,head
h_p42_cp110,-1967.1098418691188,1.0,head
h_p42_cp111,-1967.1099139345029,1.0,head
h_p42_cp112,-1961.9450458830686,1.0,head
h_p42_cp113,-1961.9451009883467,1.0,head
h_p42_cp114,-1956.780265908669,1.0,head
h_p42_cp115,-1956.780307287214,1.0,head
h_p42_cp116,-1951.6155182361438,1.0,head
h_p42_cp117,-1951.6155487620752,1.0,head
h_p42_cp118,-1946.4508314999262,1.0,head
h_p42_cp119,-1946.4508536352741,1.0,head
h_p42_cp120,-1941.2862554243545,1.0,head
h_p42_cp121,-1941.2862712095484,1.0,head
h_p42_cp122,-1936.121875274463,1.0,head
h_p42_cp123,-1936.121886350582,1.0,head
h_p42_cp124,-1930.9578352536967,1.0,head
h_p42_cp125,-1930.9578429048843,1.0,head
h_p42_cp126,-1925.7943756117747,1.0,head
h_p42_cp127,-1925.794380817734,1.0,head
h_p42_cp128,-1920.6318902458788,1.0,head
h_p42_cp129,-1920.6318937366777,1.0,head
h_p42_cp130,-1915.4710141173175,1.0,head
h_p42_cp131,-1915.4710164252022,1.0,head
h_p42_cp132,-1910.3127527764939,1.0,head
h_p42_cp133,-1910.31275428161,1.0,head
h_p42_cp134,-1905.1586694236055,1.0,head
h_p42_cp135,-1905.158670392284,1.0,head
h_p42_cp136,-1900.0111476972277,1.0,head
h_p42_cp137,-1900.0111483127025,1.0,head
h_p42_cp138,-1894.87374990152,1.0,head
h_p42_cp139,-1894.8737502877145,1.0,head
h_p42_cp140,-1889.751689400519,1.0,head
h_p42_cp141,-1889.7516896398913,1.0,head
h_p42_cp142,-1884.6524308473881,1.0,head
h_p42_cp143,-1884.6524309939662,1.0,head
h_p42_cp144,-1879.5864210786874,1.0,head
h_p42_cp145,-1879.5864211673531,1.0,head
h_p42_cp146,-1874.5679354638014,1.0,head
h_p42_cp147,-1874.5679355167613,1.0,head
h_p42_cp148,-1869.6159987018186,1.0,head
h_p42_cp149,-1869.615998733021,1.0,head
h_p42_cp150,-1864.7553065468605,1.0,head
h_p42_cp151,-1864.7553065649536,1.0,head
h_p42_cp152,-1860.017039058974,1.0,head
h_p42_cp153,-1860.017039069255,1.0,head
h_p42_cp154,-1855.4394227481143,1.0,head
h_p42_cp155,-1855.439422753789,1.0,head
h_p42_cp156,-1851.0678768617656,1.0,head
h_p42_cp157,-1851.0678768647545,1.0,head
h_p42_cp158,-1846.9545777704172,1.0,head
h_p42_cp159,-1846.954577771858,1.0,head
h_p42_cp160,-1843.1573036983332,1.0,head
h_p42_cp161,-1843.157303698893,1.0,head
h_p42_cp162,-1839.7374848694753,1.0,head
h_p42_cp163,-1839.7374848695417,1.0,head
h_p42_cp164,-2244.214205901944,1.0,head
h_p42_cp165,-1839.7402952222535,1.0,head
h_p42_cp166,-2244.213790256535,1.0,head
h_p42_cp167,-1839.7422473265888,1.0,head
h_p42_cp168,-2244.213491259099,1.0,head
h_p42_cp169,-1839.743584045184,1.0,head
h_p42_cp170,-2244.213279715714,1.0,head
h_p42_cp171,-1839.7444863837611,1.0,head
h_p42_cp172,-2244.2131324841976,1.0,head
h_p42_cp173,-1839.7450868190776,1.0,head
h_p42_cp174,-2244.213031659919,1.0,head
h_p42_cp175,-1839.745480650775,1.0,head
h_p42_cp176,-2244.212963704534,1.0,head
h_p42_cp177,-1839.745735275137,1.0,head
h_p42_cp178,-2244.2129186035577,1.0,head
h_p42_cp179,-1839.7458975490833,1.0,head
h_p42_cp180,-2244.212889104373,1.0,head
h_p42_cp181,-1839.7459994985034,1.0,head
h_p42_cp182,-2244.212870061084,1.0,head
h_p42_cp183,-1839.746062643264,1.0,head
h_p42_cp184,-2244.2128578944435,1.0,head
h_p42_cp185,-1839.7461012013728,1.0,head
h_p42_cp186,-2244.2128501627208,1.0,head
h_p42_cp187,-1839.7461244106798,1.0,head
h_p42_cp188,-2244.2128452318398,1.0,head
h_p42_cp189,-1839.7461381748299,1.0,head
h_p42_cp190,-2244.212842029467,1.0,head
h_p42_cp191,-1839.7461462055014,1.0,head
h_p42_cp192,-2244.2128398668056,1.0,head
h_p42_cp193,-1839.746150798814,1.0,head
h_p42_cp194,-2244.212838312793,1.0,head
h_p42_cp195,-1839.7461533525682,1.0,head
h_p42_cp196,-2244.2128371073118,1.0,head
h_p42_cp197,-1839.7461547042303,1.0,head
h_p42_cp198,-2244.2128361024043,1.0,head
h_p42_cp199,-1839.746155347701,1.0,head
h_p42_cp200,-2244.2128352228397,1.0,head
h_p42_cp201,-1839.7461555698346,1.0,head
h_p42_cp202,-2244.2128344395906,1.0,head
h_p42_cp203,-1839.7461555348177,1.0,head
h_p42_cp204,-2244.212833751615,1.0,head
h_p42_cp205,-1839.746155335172,1.0,head
h_p42_cp206,-2244.2128331729073,1.0,head
h_p42_cp207,-1839.7461550215385,1.0,head
h_p42_cp208,-2244.212832722933,1.0,head
h_p42_cp209,-1839.7461546188665,1.0,head
h_p42_cp210,-2244.2128324194528,1.0,head
h_p42_cp211,-1839.7461541335845,1.0,head
h_p42_cp212,-2244.212832273277,1.0,head
h_p42_cp213,-1839.746153554388,1.0,head
h_p42_cp214,-2244.212832284799,1.0,head
h_p42_cp215,-1839.7461528480196,1.0,head
h_p42_cp216,-2244.212832442233,1.0,head
h_p42_cp217,-1839.7461519507196,1.0,head
h_p42_cp218,-2244.212832721392,1.0,head
h_p42_cp219,-1839.746150755695,1.0,head
h_p42_cp220,-2244.2128330867113,1.0,head
h_p42_cp221,-1839.7461490969047,1.0,head
h_p42_cp222,-2244.212833493068,1.0,head
h_p42_cp223,-1839.7461467297019,1.0,head
h_p42_cp224,-2244.212833887867,1.0,head
h_p42_cp225,-1839.7461433094065,1.0,head
h_p42_cp226,-2244.212834212915,1.0,head
h_p42_cp227,-1839.74613836973,1.0,head
h_p42_cp228,-2244.2128344057382,1.0,head
h_p42_cp229,-1839.7461313041324,1.0,head
h_p42_cp230,-2244.2128344002826,1.0,head
h_p42_cp231,-1839.7461213546596,1.0,head
h_p42_cp232,-2244.2128341272246,1.0,head
h_p42_cp233,-1839.7461076142756,1.0,head
h_p42_cp234,-2244.2128335144353,1.0,head
h_p42_cp235,-1839.7460890499126,1.0,head
h_p42_cp236,-2244.2128324883734,1.0,head
h_p42_cp237,-1839.7460645537935,1.0,head
h_p42_cp238,-2244.2128309772597,1.0,head
h_p42_cp239,-1839.746033029381,1.0,head
h_p42_cp240,-2244.2128289167604,1.0,head
h_p42_cp241,-1839.745993514913,1.0,head
h_p42_cp242,-2244.2128262585197,1.0,head
h_p42_cp243,-1839.7459453415386,1.0,head
h_p42_cp244,-2244.212822981284,1.0,head
h_p42_cp245,-1839.7458883146628,1.0,head
h_p42_cp246,-2244.212819103485,1.0,head
h_p42_cp247,-1839.7458228973344,1.0,head
h_p42_cp248,-2244.2128146953037,1.0,head
h_p42_cp249,-1839.7457503652643,1.0,head
h_p42_cp250,-2244.2128098875,1.0,head
h_p42_cp251,-1839.7456728970956,1.0,head
h_p42_cp252,-2244.212804873989,1.0,head
h_p42_cp253,-1839.7455935639482,1.0,head
h_p42_cp254,-2244.212799905508,1.0,head
h_p42_cp255,-1839.7455161913063,1.0,head
h_p42_cp256,-2244.212795272907,1.0,head
h_p42_cp257,-1839.745445084645,1.0,head
h_p42_cp258,-2244.212791280467,1.0,head
h_p42_cp259,-1839.7453846357557,1.0,head
h_p42_cp260,-2244.2127882118916,1.0,head
h_p42_cp261,-1839.7453388545493,1.0,head
h_p42_cp262,-2244.2127862936836,1.0,head
h_p42_cp263,-1839.7453108942454,1.0,head
h_p42_cp264,-2244.212785661803,1.0,head
h_p42_cp265,-1839.7453026490195,1.0,head
h_p42_cp266,-2244.2127863373507,1.0,head
h_p42_cp267,-1839.74531449754,1.0,head
h_p42_cp268,-2244.2127882154377,1.0,head
h_p42_cp269,-1839.745345242703,1.0,head
h_p42_cp270,-2244.2127910686468,1.0,head
h_p42_cp271,-1839.7453922619998,1.0,head
h_p42_cp272,-2244.2127945634184,1.0,head
h_p42_cp273,-1839.7454518429356,1.0,head
h_p42_cp274,-2244.2127982850925,1.0,head
h_p42_cp275,-1839.7455196439241,1.0,head
h_p42_cp276,-2244.2128017660525,1.0,head
h_p42_cp277,-1839.745591201248,1.0,head
h_p42_cp278,-2244.2128045116847,1.0,head
h_p42_cp279,-1839.745662400852,1.0,head
h_p42_cp280,-2244.2128060206314,1.0,head
h_p42_cp281,-1839.7457298484812,1.0,head
h_p42_cp282,-2244.2128057984696,1.0,head
h_p42_cp283,-1839.7457910975204,1.0,head
h_p42_cp284,-2244.212803366724,1.0,head
h_p42_cp285,-1839.7458447234508,1.0,head
h_p42_cp286,-2244.2127982713628,1.0,head
h_p42_cp287,-1839.7458902602825,1.0,head
h_p42_cp288,-2244.2127900960004,1.0,head
h_p42_cp289,-1839.7459280330686,1.0,head
h_p42_cp290,-2244.2127784846953,1.0,head
h_p42_cp291,-1839.745958929771,1.0,head
h_p42_cp292,-2244.212763177407,1.0,head
h_p42_cp293,-1839.7459841559444,1.0,head
h_p42_cp294,-2244.2127440581285,1.0,head
h_p42_cp295,-1839.746005009052,1.0,head
h_p42_cp296,-2244.212721211769,1.0,head
h_p42_cp297,-1839.7460226983944,1.0,head
h_p42_cp298,-2244.212694981759,1.0,head
h_p42_cp299,-1839.7460382243225,1.0,head
h_p42_cp300,-2244.2126660169006,1.0,head
h_p42_cp301,-1839.7460523187633,1.0,head
h_p42_cp302,-2244.212635294141,1.0,head
h_p42_cp303,-1839.7460654397146,1.0,head
h_p42_cp304,-2244.2126041046763,1.0,head
h_p42_cp305,-1839.746077806187,1.0,head
h_p42_cp306,-2244.212573994629,1.0,head
h_p42_cp307,-1839.7460894573983,1.0,head
h_p42_cp308,-2244.2125466584735,1.0,head
h_p42_cp309,-1839.7461003205094,1.0,head
h_p42_cp310,-2244.2125237924515,1.0,head
h_p42_cp311,-1839.7461102741001,1.0,head
h_p42_cp312,-2244.2125069246677,1.0,head
h_p42_cp313,-1839.7461191988202,1.0,head
h_p42_cp314,-2244.2124972459915,1.0,head
h_p42_cp315,-1839.7461270111896,1.0,head
h_p42_cp316,-2244.212495469047,1.0,head
h_p42_cp317,-1839.7461336804445,1.0,head
h_p42_cp318,-2244.212501739998,1.0,head
h_p42_cp319,-1839.7461392311056,1.0,head
h_p42_cp320,-2244.212515619526,1.0,head
h_p42_cp321,-1839.7461437353934,1.0,head
h_p42_cp322,-2244.2125361370586,1.0,head
h_p42_cp323,-1839.7461472998812,1.0,head
h_p42_cp324,-2244.2125619088774,1.0,head
h_p42_cp325,-1839.7461500501422,1.0,head
h_p42_cp326,-2244.2125912995452,1.0,head
h_p42_cp327,-1839.74615211601,1.0,head
h_p42_cp328,-2244.2126225998086,1.0,head
h_p42_cp329,-1839.7461536187698,1.0,head
h_p42_cp330,-2244.212654193922,1.0,head
h_p42_cp331,-1839.7461546602651,1.0,head
h_p42_cp332,-2244.2126846946694,1.0,head
h_p42_cp333,-1839.7461553127232,1.0,head
h_p42_cp334,-2244.212713033387,1.0,head
h_p42_cp335,-1839.7461556068504,1.0,head
h_p42_cp336,-2244.2127385024523,1.0,head
h_p42_cp337,-1839.746155514361,1.0,head
h_p42_cp338,-2244.2127607568473,1.0,head
h_p42_cp339,-1839.7461549191664,1.0,head
h_p42_cp340,-2244.2127797879275,1.0,head
h_p42_cp341,-1839.7461535685993,1.0,head
h_p42_cp342,-2244.212795886067,1.0,head
h_p42_cp343,-1839.7461509917641,1.0,head
h_p42_cp344,-2244.212809609747,1.0,head
h_p42_cp345,-1839.7461463657376,1.0,head
h_p42_cp346,-2244.212821777899,1.0,head
h_p42_cp347,-1839.746138301209,1.0,head
h_p42_cp348,-2244.2128335008993,1.0,head
h_p42_cp349,-1839.7461245064633,1.0,head
h_p42_cp350,-2244.2128462644578,1.0,head
h_p42_cp351,-1839.7461012716374,1.0,head
h_p42_cp352,-2244.2128620800904,1.0,head
h_p42_cp353,-1839.7460626933923,1.0,head
h_p42_cp354,-2244.21288371581,1.0,head
h_p42_cp355,-1839.745999533398,1.0,head
h_p42_cp356,-2244.212915020591,1.0,head
h_p42_cp357,-1839.7458975728352,1.0,head
h_p42_cp358,-2244.212961354977,1.0,head
h_p42_cp359,-1839.745735290965,1.0,head
h_p42_cp360,-2244.2130301368034,1.0,head
h_p42_cp361,-1839.7454806611017,1.0,head
h_p42_cp362,-2244.2131315040037,1.0,head
h_p42_cp363,-1839.7450868256594,1.0,head
h_p42_cp364,-2244.2132790847304,1.0,head
h_p42_cp365,-1839.7444863878336,1.0,head
h_p42_cp366,-2244.2134908474018,1.0,head
h_p42_cp367,-1839.7435840475925,1.0,head
h_p42_cp368,-2244.213789978546,1.0,head
h_p42_cp369,-1839.7422473278953,1.0,head
h_p42_cp370,-2244.214205702377,1.0,head
h_p42_cp371,-1839.740295222824,1.0,head
h_p43_cp0,-2244.008237911971,1.0,head
h_p43_cp1,-2244.0082377303474,1.0,head
h_p43_cp2,-2240.6305083873003,1.0,head
h_p43_cp3,-2240.630508144624,1.0,head
h_p43_cp4,-2236.8716644598135,1.0,head
h_p43_cp5,-2236.8716641124893,1.0,head
h_p43_cp6,-2232.7925856247516,1.0,head
h_p43_cp7,-2232.7925851046766,1.0,head
h_p43_cp8,-2228.450727823889,1.0,head
h_p43_cp9,-2228.4507270271997,1.0,head
h_p43_cp10,-2223.8981989500166,1.0,head
h_p43_cp11,-2223.8981977219155,1.0,head
h_p43_cp12,-2219.1805851199265,1.0,head
h_p43_cp13,-2219.1805832347154,1.0,head
h_p43_cp14,-2214.3364670928554,1.0,head
h_p43_cp15,-2214.336464229271,1.0,head
h_p43_cp16,-2209.3975039458173,1.0,head
h_p43_cp17,-2209.397499657612,1.0,head
h_p43_cp18,-2204.388931564796,1.0,head
h_p43_cp19,-2204.3889252481,1.0,head
h_p43_cp20,-2199.3303215030164,1.0,head
h_p43_cp21,-2199.330312363978,1.0,head
h_p43_cp22,-2194.2364624999836,1.0,head
h_p43_cp23,-2194.2364495278357,1.0,head
h_p43_cp24,-2189.1182559662643,1.0,head
h_p43_cp25,-2189.1182379204015,1.0,head
h_p43_cp26,-2183.983550120945,1.0,head
h_p43_cp27,-2183.9835255431544,1.0,head
h_p43_cp28,-2178.837868805099,1.0,head
h_p43_cp29,-2178.8378360702745,1.0,head
h_p43_cp30,-2173.685016522278,1.0,head
h_p43_cp31,-2173.684973941663,1.0,head
h_p43_cp32,-2168.527559599102,1.0,head
h_p43_cp33,-2168.5275055881552,1.0,head
h_p43_cp34,-2163.3671948023625,1.0,head
h_p43_cp35,-2163.3671281196503,1.0,head
h_p43_cp36,-2158.2050225078783,1.0,head
h_p43_cp37,-2158.2049425611863,1.0,head
h_p43_cp38,-2153.041743145171,1.0,head
h_p43_cp39,-2153.041650346368,1.0,head
h_p43_cp40,-2147.8777946394284,1.0,head
h_p43_cp41,-2147.877690771888,1.0,head
h_p43_cp42,-2142.713446168307,1.0,head
h_p43_cp43,-2142.71333471291,1.0,head
h_p43_cp44,-2137.54886063352,1.0,head
h_p43_cp45,-2137.5487469859063,1.0,head
h_p43_cp46,-2132.384135379935,1.0,head
h_p43_cp47,-2132.384026888152,1.0,head
h_p43_cp48,-2127.219328181654,1.0,head
h_p43_cp49,-2127.2192339444996,1.0,head
h_p43_cp50,-2122.0544734754812,1.0,head
h_p43_cp51,-2122.054403870183,1.0,head
h_p43_cp52,-2116.8895922630036,1.0,head
h_p43_cp53,-2116.8895582148352,1.0,head
h_p43_cp54,-2111.7246979686042,1.0,head
h_p43_cp55,-2111.724710027713,1.0,head
h_p43_cp56,-2106.5597997523187,1.0,head
h_p43_cp57,-2106.55986709289,1.0,head
h_p43_cp58,-2101.3949042509466,1.0,head
h_p43_cp59,-2101.3950337409615,1.0,head
h_p43_cp60,-2096.2300163828504,1.0,head
h_p43_cp61,-2096.2302118769685,1.0,head
h_p43_cp62,-2091.065139638647,1.0,head
h_p43_cp63,-2091.0654016163257,1.0,head
h_p43_cp64,-2085.9002761428346,1.0,head
h_p43_cp65,-2085.9006017523643,1.0,head
h_p43_cp66,-2080.7354266754337,1.0,head
h_p43_cp67,-2080.735810165649,1.0,head
h_p43_cp68,-2075.570590766933,1.0,head
h_p43_cp69,-2075.571024211874,1.0,head
h_p43_cp70,-2070.4057669145936,1.0,head
h_p43_cp71,-2070.4062410827983,1.0,head
h_p43_cp72,-2065.2409529130814,1.0,head
h_p43_cp73,-2065.2414581165326,1.0,head
h_p43_cp74,-2060.0761462515184,1.0,head
h_p43_cp75,-2060.0766730328414,1.0,head
h_p43_cp76,-2054.9113445073367,1.0,head
h_p43_cp77,-2054.9118840791084,1.0,head
h_p43_cp78,-2049.7465456666396,1.0,head
h_p43_cp79,-2049.7470900865783,1.0,head
h_p43_cp80,-2044.5817483188757,1.0,head
h_p43_cp81,-2044.5822904494155,1.0,head
h_p43_cp82,-2039.4169517036853,1.0,head
h_p43_cp83,-2039.4174850475515,1.0,head
h_p43_cp84,-2034.2521556211223,1.0,head
h_p43_cp85,-2034.252674137449,1.0,head
h_p43_cp86,-2029.087360244116,1.0,head
h_p43_cp87,-2029.087858233149,1.0,head
h_p43_cp88,-2023.9225658879934,1.0,head
h_p43_cp89,-2023.9230379951498,1.0,head
h_p43_cp90,-2018.7577727934033,1.0,head
h_p43_cp91,-2018.7582141384642,1.0,head
h_p43_cp92,-2013.5929809679283,1.0,head
h_p43_cp93,-2013.5933873654426,1.0,head
h_p43_cp94,-2008.428190112381,1.0,head
h_p43_cp95,-2008.428558324554,1.0,head
h_p43_cp96,-2003.2633996367178,1.0,head
h_p43_cp97,-2003.2637275940988,1.0,head
h_p43_cp98,-1998.0986087534052,1.0,head
h_p43_cp99,-1998.0988956899278,1.0,head
h_p43_cp100,-1992.9338166276061,1.0,head
h_p43_cp101,-1992.934063099171,1.0,head
h_p43_cp102,-1987.7690225660315,1.0,head
h_p43_cp103,-1987.7692303483007,1.0,head
h_p43_cp104,-1982.6042262408714,1.0,head
h_p43_cp105,-1982.6043981252726,1.0,head
h_p43_cp106,-1977.4394279724268,1.0,head
h_p43_cp107,-1977.439567494914,1.0,head
h_p43_cp108,-1972.2746291363949,1.0,head
h_p43_cp109,-1972.274740279472,1.0,head
h_p43_cp110,-1967.1098328250362,1.0,head
h_p43_cp111,-1967.1099197308415,1.0,head
h_p43_cp112,-1961.9450449876529,1.0,head
h_p43_cp113,-1961.9451117111257,1.0,head
h_p43_cp114,-1956.7802764247647,1.0,head
h_p43_cp115,-1956.7803267442948,1.0,head
h_p43_cp116,-1951.615546242577,1.0,head
h_p43_cp117,-1951.6155835340246,1.0,head
h_p43_cp118,-1946.4508877326973,1.0,head
h_p43_cp119,-1946.450914903288,1.0,head
h_p43_cp120,-1941.2863581837514,1.0,head
h_p43_cp121,-1941.2863776561271,1.0,head
h_p43_cp122,-1936.1220549280226,1.0,head
h_p43_cp123,-1936.1220686617198,1.0,head
h_p43_cp124,-1930.9581410581495,1.0,head
h_p43_cp125,-1930.9581505954409,1.0,head
h_p43_cp126,-1925.7948857958186,1.0,head
h_p43_cp127,-1925.7948923203628,1.0,head
h_p43_cp128,-1920.6327265117172,1.0,head
h_p43_cp129,-1920.6327309109452,1.0,head
h_p43_cp130,-1915.4723618790097,1.0,head
h_p43_cp131,-1915.4723648039003,1.0,head
h_p43_cp132,-1910.3148884715963,1.0,head
h_p43_cp133,-1910.3148903900224,1.0,head
h_p43_cp134,-1905.161995990496,1.0,head
h_p43_cp135,-1905.1619972323326,1.0,head
h_p43_cp136,-1900.016238654303,1.0,head
h_p43_cp137,-1900.0162394479605,1.0,head
h_p43_cp138,-1894.881401240025,1.0,head
h_p43_cp139,-1894.8814017409757,1.0,head
h_p43_cp140,-1889.762976590339,1.0,head
h_p43_cp141,-1889.7629769027046,1.0,head
h_p43_cp142,-1884.6687656369593,1.0,head
h_p43_cp143,-1884.6687658294056,1.0,head
h_p43_cp144,-1879.6095996118845,1.0,head
h_p43_cp145,-1879.6095997290324,1.0,head
h_p43_cp146,-1874.60016596595,1.0,head
h_p43_cp147,-1874.6001660363909,1.0,head
h_p43_cp148,-1869.6598943371096,1.0,head
h_p43_cp149,-1869.659894378918,1.0,head
h_p43_cp150,-1864.813828025018,1.0,head
h_p43_cp151,-1864.8138280494732,1.0,head
h_p43_cp152,-1860.0933732945036,1.0,head
h_p43_cp153,-1860.0933733085583,1.0,head
h_p43_cp154,-1855.5367893087466,1.0,head
h_p43_cp155,-1855.5367893166347,1.0,head
h_p43_cp156,-1851.189263483362,1.0,head
h_p43_cp157,-1851.189263487634,1.0,head
h_p43_cp158,-1847.1024192996545,1.0,head
h_p43_cp159,-1847.10241930183,1.0,head
h_p43_cp160,-1843.3331336574365,1.0,head
h_p43_cp161,-1843.3331336584124,1.0,head
h_p43_cp162,-1839.9416024379886,1.0,head
h_p43_cp163,-1839.941602438287,1.0,head
h_p43_cp164,-2244.0076553371687,1.0,head
h_p43_cp165,-1839.9445540678105,1.0,head
h_p43_cp166,-2244.0072267811674,1.0,head
h_p43_cp167,-1839.946614363898,1.0,head
h_p43_cp168,-2244.0069167055053,1.0,head
h_p43_cp169,-1839.9480325683594,1.0,head
h_p43_cp170,-2244.006695995335,1.0,head
h_p43_cp171,-1839.9489952368956,1.0,head
h_p43_cp172,-2244.0065414153646,1.0,head
h_p43_cp173,-1839.9496395677659,1.0,head
h_p43_cp174,-2244.0064348644273,1.0,head
h_p43_cp175,-1839.9500647818109,1.0,head
h_p43_cp176,-2244.0063625583884,1.0,head
h_p43_cp177,-1839.950341451692,1.0,head
h_p43_cp178,-2244.006314226676,1.0,head
h_p43_cp179,-1839.9505189435251,1.0,head
h_p43_cp180,-2244.0062823755743,1.0,head
h_p43_cp181,-1839.9506312166493,1.0,head
h_p43_cp182,-2244.0062616472947,1.0,head
h_p43_cp183,-1839.9507012448848,1.0,head
h_p43_cp184,-2244.006248285885,1.0,head
h_p43_cp185,-1839.9507443139778,1.0,head
h_p43_cp186,-2244.006239708507,1.0,head
h_p43_cp187,-1839.950770428044,1.0,head
h_p43_cp188,-2244.0062341726593,1.0,head
h_p43_cp189,-1839.950786028495,1.0,head
h_p43_cp190,-2244.006230525704,1.0,head
h_p43_cp191,-1839.9507951963215,1.0,head
h_p43_cp192,-2244.006228021639,1.0,head
h_p43_cp193,-1839.9508004759764,1.0,head
h_p43_cp194,-2244.006226190507,1.0,head
h_p43_cp195,-1839.950803428857,1.0,head
h_p43_cp196,-2244.006224747403,1.0,head
h_p43_cp197,-1839.950804998071,1.0,head
h_p43_cp198,-2244.0062235301702,1.0,head
h_p43_cp199,-1839.9508057444311,1.0,head
h_p43_cp200,-2244.006222457091,1.0,head
h_p43_cp201,-1839.9508059963832,1.0,head
h_p43_cp202,-2244.006221498008,1.0,head
h_p43_cp203,-1839.950805943465,1.0,head
h_p43_cp204,-2244.0062206541625,1.0,head
h_p43_cp205,-1839.9508056932345,1.0,head
h_p43_cp206,-2244.0062199436084,1.0,head
h_p43_cp207,-1839.950805304709,1.0,head
h_p43_cp208,-2244.0062193902636,1.0,head
h_p43_cp209,-1839.950804806553,1.0,head
h_p43_cp210,-2244.006219015595,1.0,head
h_p43_cp211,-1839.950804205016,1.0,head
h_p43_cp212,-2244.0062188324846,1.0,head
h_p43_cp213,-1839.9508034845132,1.0,head
h_p43_cp214,-2244.0062188411493,1.0,head
h_p43_cp215,-1839.9508026023839,1.0,head
h_p43_cp216,-2244.006219027046,1.0,head
h_p43_cp217,-1839.9508014786288,1.0,head
h_p43_cp218,-2244.0062193605854,1.0,head
h_p43_cp219,-1839.9507999810608,1.0,head
h_p43_cp220,-2244.0062197983184,1.0,head
h_p43_cp221,-1839.9507979063033,1.0,head
h_p43_cp222,-2244.006220285076,1.0,head
h_p43_cp223,-1839.9507949573845,1.0,head
h_p43_cp224,-2244.0062207564497,1.0,head
h_p43_cp225,-1839.9507907193085,1.0,head
h_p43_cp226,-2244.006221141072,1.0,head
h_p43_cp227,-1839.950784634991,1.0,head
h_p43_cp228,-2244.006221362291,1.0,head
h_p43_cp229,-1839.950775985266,1.0,head
h_p43_cp230,-2244.006221339192,1.0,head
h_p43_cp231,-1839.950763878294,1.0,head
h_p43_cp232,-2244.006220987213,1.0,head
h_p43_cp233,-1839.9507472552675,1.0,head
h_p43_cp234,-2244.0062202190093,1.0,head
h_p43_cp235,-1839.950724920527,1.0,head
h_p43_cp236,-2244.006218946435,1.0,head
h_p43_cp237,-1839.9506956043247,1.0,head
h_p43_cp238,-2244.0062170846204,1.0,head
h_p43_cp239,-1839.950658064863,1.0,head
h_p43_cp240,-2244.0062145589263,1.0,head
h_p43_cp241,-1839.950611232153,1.0,head
h_p43_cp242,-2244.0062113151403,1.0,head
h_p43_cp243,-1839.9505543893574,1.0,head
h_p43_cp244,-2244.006207332496,1.0,head
h_p43_cp245,-1839.9504873778615,1.0,head
h_p43_cp246,-2244.0062026381925,1.0,head
h_p43_cp247,-1839.9504108015472,1.0,head
h_p43_cp248,-2244.006197321043,1.0,head
h_p43_cp249,-1839.9503261958537,1.0,head
h_p43_cp250,-2244.0061915411425,1.0,head
h_p43_cp251,-1839.950236121221,1.0,head
h_p43_cp252,-2244.0061855321023,1.0,head
h_p43_cp253,-1839.950144141647,1.0,head
h_p43_cp254,-2244.0061795929105,1.0,head
h_p43_cp255,-1839.9500546598083,1.0,head
h_p43_cp256,-2244.006174067839,1.0,head
h_p43_cp257,-1839.9499726008892,1.0,head
h_p43_cp258,-2244.0061693149773,1.0,head
h_p43_cp259,-1839.9499029655847,1.0,head
h_p43_cp260,-2244.0061656665366,1.0,head
h_p43_cp261,-1839.9498503031182,1.0,head
h_p43_cp262,-2244.0061633863306,1.0,head
h_p43_cp263,-1839.9498181800234,1.0,head
h_p43_cp264,-2244.00616263118,1.0,head
h_p43_cp265,-1839.9498087320655,1.0,head
h_p43_cp266,-2244.006163422762,1.0,head
h_p43_cp267,-1839.9498223799364,1.0,head
h_p43_cp268,-2244.0061656346124,1.0,head
h_p43_cp269,-1839.9498577637073,1.0,head
h_p43_cp270,-2244.0061689958934,1.0,head
h_p43_cp271,-1839.949911911583,1.0,head
h_p43_cp272,-2244.006173110057,1.0,head
h_p43_cp273,-1839.9499806146805,1.0,head
h_p43_cp274,-2244.0061774836304,1.0,head
h_p43_cp275,-1839.9500589422462,1.0,head
h_p43_cp276,-2244.0061815588715,1.0,head
h_p43_cp277,-1839.9501418097677,1.0,head
h_p43_cp278,-2244.0061847443326,1.0,head
h_p43_cp279,-1839.9502245100584,1.0,head
h_p43_cp280,-2244.006186439352,1.0,head
h_p43_cp281,-1839.950303133139,1.0,head
h_p43_cp282,-2244.006186051421,1.0,head
h_p43_cp283,-1839.9503748288369,1.0,head
h_p43_cp284,-2244.006183008553,1.0,head
h_p43_cp285,-1839.9504378984777,1.0,head
h_p43_cp286,-2244.006176771231,1.0,head
h_p43_cp287,-1839.9504917314512,1.0,head
h_p43_cp288,-2244.0061668497415,1.0,head
h_p43_cp289,-1839.9505366235776,1.0,head
h_p43_cp290,-2244.006152832257,1.0,head
h_p43_cp291,-1839.9505735249534,1.0,head
h_p43_cp292,-2244.006134426934,1.0,head
h_p43_cp293,-1839.950603765713,1.0,head
h_p43_cp294,-2244.006111517775,1.0,head
h_p43_cp295,-1839.9506288011908,1.0,head
h_p43_cp296,-2244.006084229542,1.0,head
h_p43_cp297,-1839.9506500061896,1.0,head
h_p43_cp298,-2244.0060529924053,1.0,head
h_p43_cp299,-1839.9506685344365,1.0,head
h_p43_cp300,-2244.00601859321,1.0,head
h_p43_cp301,-1839.9506852463014,1.0,head
h_p43_cp302,-2244.0059821983505,1.0,head
h_p43_cp303,-1839.9507006972817,1.0,head
h_p43_cp304,-2244.005945334262,1.0,head
h_p43_cp305,-1839.9507151726818,1.0,head
h_p43_cp306,-2244.0059098160627,1.0,head
h_p43_cp307,-1839.950728750725,1.0,head
h_p43_cp308,-2244.0058776228057,1.0,head
h_p43_cp309,-1839.9507413766487,1.0,head
h_p43_cp310,-2244.005850727997,1.0,head
h_p43_cp311,-1839.9507529333844,1.0,head
h_p43_cp312,-2244.005830904596,1.0,head
h_p43_cp313,-1839.9507632989748,1.0,head
h_p43_cp314,-2244.0058195318525,1.0,head
h_p43_cp315,-1839.950772385864,1.0,head
h_p43_cp316,-2244.005817434707,1.0,head
h_p43_cp317,-1839.9507801615391,1.0,head
h_p43_cp318,-2244.005824783494,1.0,head
h_p43_cp319,-1839.950786653167,1.0,head
h_p43_cp320,-2244.0058410722772,1.0,head
h_p43_cp321,-1839.9507919405726,1.0,head
h_p43_cp322,-2244.005865180391,1.0,head
h_p43_cp323,-1839.9507961423287,1.0,head
h_p43_cp324,-2244.0058955067343,1.0,head
h_p43_cp325,-1839.9507993991167,1.0,head
h_p43_cp326,-2244.0059301538217,1.0,head
h_p43_cp327,-1839.9508018573463,1.0,head
h_p43_cp328,-2244.0059671314443,1.0,head
h_p43_cp329,-1839.9508036545897,1.0,head
h_p43_cp330,-2244.006004549378,1.0,head
h_p43_cp331,-1839.950804906933,1.0,head
h_p43_cp332,-2244.006040774325,1.0,head
h_p43_cp333,-1839.9508056969908,1.0,head
h_p43_cp334,-2244.0060745362257,1.0,head
h_p43_cp335,-1839.950806059935,1.0,head
h_p43_cp336,-2244.0061049804262,1.0,head
h_p43_cp337,-1839.950805963316,1.0,head
h_p43_cp338,-2244.0061316724846,1.0,head
h_p43_cp339,-1839.9508052743572,1.0,head
h_p43_cp340,-2244.006154569901,1.0,head
h_p43_cp341,-1839.950803705323,1.0,head
h_p43_cp342,-2244.0061739791686,1.0,head
h_p43_cp343,-1839.950800723047,1.0,head
h_p43_cp344,-2244.0061905176544,1.0,head
h_p43_cp345,-1839.9507954020687,1.0,head
h_p43_cp346,-2244.0062050988895,1.0,head
h_p43_cp347,-1839.9507861914085,1.0,head
h_p43_cp348,-2244.00621895802,1.0,head
h_p43_cp349,-1839.950770552092,1.0,head
h_p43_cp350,-2244.0062337323907,1.0,head
h_p43_cp351,-1839.9507444054461,1.0,head
h_p43_cp352,-2244.0062516109883,1.0,head
h_p43_cp353,-1839.9507013105015,1.0,head
h_p43_cp354,-2244.006275565689,1.0,head
h_p43_cp355,-1839.950631262593,1.0,head
h_p43_cp356,-2244.0063096764525,1.0,head
h_p43_cp357,-1839.9505189749918,1.0,head
h_p43_cp358,-2244.006359560763,1.0,head
h_p43_cp359,-1839.9503414728024,1.0,head
h_p43_cp360,-2244.006432913627,1.0,head
h_p43_cp361,-1839.950064795688,1.0,head
h_p43_cp362,-2244.0065401570555,1.0,head
h_p43_cp363,-1839.9496395766926,1.0,head
h_p43_cp364,-2244.006695186093,1.0,head
h_p43_cp365,-1839.9489952424917,1.0,head
h_p43_cp366,-2244.0069161811944,1.0,head
h_p43_cp367,-1839.948032571742,1.0,head
h_p43_cp368,-2244.007226433113,1.0,head
h_p43_cp369,-1839.9466143658178,1.0,head
h_p43_cp370,-2244.007655094767,1.0,head
h_p43_cp371,-1839.9445540687607,1.0,head
h_p44_cp0,-2243.802261807778,1.0,head
h_p44_cp1,-2243.8022615930904,1.0,head
h_p44_cp2,-2240.45262947709,1.0,head
h_p44_cp3,-2240.4526291800303,1.0,head
h_p44_cp4,-2236.721632254194,1.0,head
h_p44_cp5,-2236.721631819131,1.0,head
h_p44_cp6,-2232.668946677229,1.0,head
h_p44_cp7,-2232.668946018051,1.0,head
h_p44_cp8,-2228.3511389347827,1.0,head
h_p44_cp9,-2228.3511379212014,1.0,head
h_p44_cp10,-2223.8197586584743,1.0,head
h_p44_cp11,-2223.8197570976577,1.0,head
h_p44_cp12,-2219.1201428701957,1.0,head
h_p44_cp13,-2219.120140482944,1.0,head
h_p44_cp14,-2214.2908816384206,1.0,head
h_p44_cp15,-2214.2908780298408,1.0,head
h_p44_cp16,-2209.363836111348,1.0,head
h_p44_cp17,-2209.3638307363904,1.0,head
h_p44_cp18,-2204.364568524316,1.0,head
h_p44_cp19,-2204.3645606501404,1.0,head
h_p44_cp20,-2199.3130391331074,1.0,head
h_p44_cp21,-2199.31302780246,1.0,head
h_p44_cp22,-2194.2244381049227,1.0,head
h_p44_cp23,-2194.2244221069764,1.0,head
h_p44_cp24,-2189.110045796678,1.0,head
h_p44_cp25,-2189.1100236552425,1.0,head
h_p44_cp26,-2183.978045483808,1.0,head
h_p44_cp27,-2183.97801547581,1.0,head
h_p44_cp28,-2178.834242267908,1.0,head
h_p44_cp29,-2178.834202487302,1.0,head
h_p44_cp30,-2173.6826667141345,1.0,head
h_p44_cp31,-2173.6826151968417,1.0,head
h_p44_cp32,-2168.5260601220543,1.0,head
h_p44_cp33,-2168.5259950449476,1.0,head
h_p44_cp34,-2163.3662502223387,1.0,head
h_p44_cp35,-2163.3661701823926,1.0,head
h_p44_cp36,-2158.2044324846297,1.0,head
h_p44_cp37,-2158.2043368525206,1.0,head
h_p44_cp38,-2153.0413744953144,1.0,head
h_p44_cp39,-2153.0412638210555,1.0,head
h_p44_cp40,-2147.8775604111047,1.0,head
h_p44_cp41,-2147.8774368395793,1.0,head
h_p44_cp42,-2142.713290501712,1.0,head
h_p44_cp43,-2142.7131581365215,1.0,head
h_p44_cp44,-2137.548748148872,1.0,head
h_p44_cp45,-2137.5486132888723,1.0,head
h_p44_cp46,-2132.384043956217,1.0,head
h_p44_cp47,-2132.3839151262514,1.0,head
h_p44_cp48,-2127.219244179661,1.0,head
h_p44_cp49,-2127.2191318905257,1.0,head
h_p44_cp50,-2122.0543886619726,1.0,head
h_p44_cp51,-2122.054304866936,1.0,head
h_p44_cp52,-2116.8895018782664,1.0,head
h_p44_cp53,-2116.8894591425355,1.0,head
h_p44_cp54,-2111.7245995344374,1.0,head
h_p44_cp55,-2111.724609991959,1.0,head
h_p44_cp56,-2106.5596923390503,1.0,head
h_p44_cp57,-2106.559766565331,1.0,head
h_p44_cp58,-2101.3947880140217,1.0,head
h_p44_cp59,-2101.3949339792066,1.0,head
h_p44_cp60,-2096.2298922472964,1.0,head
h_p44_cp61,-2096.2301145176275,1.0,head
h_p44_cp62,-2091.0650090587137,1.0,head
h_p44_cp63,-2091.0653083806897,1.0,head
h_p44_cp64,-2085.9001408987747,1.0,head
h_p44_cp65,-2085.9005142330307,1.0,head
h_p44_cp66,-2080.7352886928356,1.0,head
h_p44_cp67,-2080.735729678693,1.0,head
h_p44_cp68,-2075.5704519584656,1.0,head
h_p44_cp69,-2075.5709517066693,1.0,head
h_p44_cp70,-2070.4056290510775,1.0,head
h_p44_cp71,-2070.406177103498,1.0,head
h_p44_cp72,-2065.2408175319847,1.0,head
h_p44_cp73,-2065.2414028081103,1.0,head
h_p44_cp74,-2060.076014607907,1.0,head
h_p44_cp75,-2060.0766261824856,1.0,head
h_p44_cp76,-2054.9112175668356,1.0,head
h_p44_cp77,-2054.9118451820664,1.0,head
h_p44_cp78,-2049.746424133939,1.0,head
h_p44_cp79,-2049.747058425015,1.0,head
h_p44_cp80,-2044.5816326904153,1.0,head
h_p44_cp81,-2044.5822651736862,1.0,head
h_p44_cp82,-2039.4168423305546,1.0,head
h_p44_cp83,-2039.417465251282,1.0,head
h_p44_cp84,-2034.252052768456,1.0,head
h_p44_cp85,-2034.252658920493,1.0,head
h_p44_cp86,-2029.0872641360845,1.0,head
h_p44_cp87,-2029.0878467493437,1.0,head
h_p44_cp88,-2023.9224767321518,1.0,head
h_p44_cp89,-2023.923029484349,1.0,head
h_p44_cp90,-2018.7576907834934,1.0,head
h_p44_cp91,-2018.758207944329,1.0,head
h_p44_cp92,-2013.592906269095,1.0,head
h_p44_cp93,-2013.5933829418275,1.0,head
h_p44_cp94,-2008.428122836296,1.0,head
h_p44_cp95,-2008.4285552340975,1.0,head
h_p44_cp96,-2003.2633398159244,1.0,head
h_p44_cp97,-2003.2637255030702,1.0,head
h_p44_cp98,-1998.098556324448,1.0,head
h_p44_cp99,-1998.098894363812,1.0,head
h_p44_cp100,-1992.9337714319188,1.0,head
h_p44_cp101,-1992.9340624043184,1.0,head
h_p44_cp102,-1987.7689843771793,1.0,head
h_p44_cp103,-1987.769230266824,1.0,head
h_p44_cp104,-1982.6041948280322,1.0,head
h_p44_cp105,-1982.6043987939975,1.0,head
h_p44_cp106,-1977.4394032145815,1.0,head
h_p44_cp107,-1977.4395692857163,1.0,head
h_p44_cp108,-1972.2746112115822,1.0,head
h_p44_cp109,-1972.2747439494096,1.0,head
h_p44_cp110,-1967.109822516677,1.0,head
h_p44_cp111,-1967.1099266884464,1.0,head
h_p44_cp112,-1961.9450441785646,1.0,head
h_p44_cp113,-1961.945124473377,1.0,head
h_p44_cp114,-1956.7802888931606,1.0,head
h_p44_cp115,-1956.7803497014856,1.0,head
h_p44_cp116,-1951.6155789382387,1.0,head
h_p44_cp117,-1951.615624202393,1.0,head
h_p44_cp118,-1946.450952801347,1.0,head
h_p44_cp119,-1946.450985933904,1.0,head
h_p44_cp120,-1941.286476128825,1.0,head
h_p44_cp121,-1941.2864999887158,1.0,head
h_p44_cp122,-1936.1222594544743,1.0,head
h_p44_cp123,-1936.122276366851,1.0,head
h_p44_cp124,-1930.958486329637,1.0,head
h_p44_cp125,-1930.9584981348894,1.0,head
h_p44_cp126,-1925.7954570406548,1.0,head
h_p44_cp127,-1925.7954651594332,1.0,head
h_p44_cp128,-1920.6336551029272,1.0,head
h_p44_cp129,-1920.633660606652,1.0,head
h_p44_cp130,-1915.4738461337636,1.0,head
h_p44_cp131,-1915.473849813123,1.0,head
h_p44_cp132,-1910.3172213792607,1.0,head
h_p44_cp133,-1910.3172238060172,1.0,head
h_p44_cp134,-1905.165600769861,1.0,head
h_p44_cp135,-1905.1656023496375,1.0,head
h_p44_cp136,-1900.0217123208997,1.0,head
h_p44_cp137,-1900.0217133363126,1.0,head
h_p44_cp138,-1894.8895650976874,1.0,head
h_p44_cp139,-1894.8895657423163,1.0,head
h_p44_cp140,-1889.7749306564547,1.0,head
h_p44_cp141,-1889.7749310607653,1.0,head
h_p44_cp142,-1884.6859414843002,1.0,head
h_p44_cp143,-1884.685941734877,1.0,head
h_p44_cp144,-1879.633803157224,1.0,head
h_p44_cp145,-1879.6338033106902,1.0,head
h_p44_cp146,-1874.6335987968428,1.0,head
h_p44_cp147,-1874.633598889712,1.0,head
h_p44_cp148,-1869.7051399536033,1.0,head
h_p44_cp149,-1869.7051400091043,1.0,head
h_p44_cp150,-1864.8737888146911,1.0,head
h_p44_cp151,-1864.8737888474116,1.0,head
h_p44_cp152,-1860.171146155374,1.0,head
h_p44_cp153,-1860.1711461743612,1.0,head
h_p44_cp154,-1855.635473379505,1.0,head
h_p44_cp155,-1855.635473390304,1.0,head
h_p44_cp156,-1851.3117026737827,1.0,head
h_p44_cp157,-1851.3117026797538,1.0,head
h_p44_cp158,-1847.2508945786142,1.0,head
h_p44_cp159,-1847.2508945817694,1.0,head
h_p44_cp160,-1843.5090335977247,1.0,head
h_p44_cp161,-1843.5090335992584,1.0,head
h_p44_cp162,-1840.1451125725976,1.0,head
h_p44_cp163,-1840.1451125732099,1.0,head
h_p44_cp164,-2243.801665093992,1.0,head
h_p44_cp165,-1840.1482076283266,1.0,head
h_p44_cp166,-2243.8012237912017,1.0,head
h_p44_cp167,-1840.1503782586883,1.0,head
h_p44_cp168,-2243.8009027056955,1.0,head
h_p44_cp169,-1840.1518799696921,1.0,head
h_p44_cp170,-2243.800672823743,1.0,head
h_p44_cp171,-1840.1529047890915,1.0,head
h_p44_cp172,-2243.8005108401303,1.0,head
h_p44_cp173,-1840.1535945932803,1.0,head
h_p44_cp174,-2243.8003984778516,1.0,head
h_p44_cp175,-1840.1540525098383,1.0,head
h_p44_cp176,-2243.8003217233995,1.0,head
h_p44_cp177,-1840.1543522952566,1.0,head
h_p44_cp178,-2243.8002700617617,1.0,head
h_p44_cp179,-1840.15454584703,1.0,head
h_p44_cp180,-2243.80023576537,1.0,head
h_p44_cp181,-1840.1546690883922,1.0,head
h_p44_cp182,-2243.8002132681886,1.0,head
h_p44_cp183,-1840.154746480577,1.0,head
h_p44_cp184,-2243.800198638578,1.0,head
h_p44_cp185,-1840.1547944097613,1.0,head
h_p44_cp186,-2243.8001891519143,1.0,head
h_p44_cp187,-1840.1548236758451,1.0,head
h_p44_cp188,-2243.8001829556883,1.0,head
h_p44_cp189,-1840.1548412831228,1.0,head
h_p44_cp190,-2243.800178815085,1.0,head
h_p44_cp191,-1840.1548517022604,1.0,head
h_p44_cp192,-2243.8001759251506,1.0,head
h_p44_cp193,-1840.1548577418941,1.0,head
h_p44_cp194,-2243.800173775668,1.0,head
h_p44_cp195,-1840.15486113891,1.0,head
h_p44_cp196,-2243.800172056083,1.0,head
h_p44_cp197,-1840.1548629507035,1.0,head
h_p44_cp198,-2243.8001705897004,1.0,head
h_p44_cp199,-1840.154863811098,1.0,head
h_p44_cp200,-2243.8001692884477,1.0,head
h_p44_cp201,-1840.1548640943067,1.0,head
h_p44_cp202,-2243.8001681215387,1.0,head
h_p44_cp203,-1840.154864017982,1.0,head
h_p44_cp204,-2243.8001670932363,1.0,head
h_p44_cp205,-1840.1548637064445,1.0,head
h_p44_cp206,-2243.8001662264796,1.0,head
h_p44_cp207,-1840.1548632280196,1.0,head
h_p44_cp208,-2243.8001655504136,1.0,head
h_p44_cp209,-1840.1548626153487,1.0,head
h_p44_cp210,-2243.8001650907963,1.0,head
h_p44_cp211,-1840.1548618741017,1.0,head
h_p44_cp212,-2243.8001648628647,1.0,head
h_p44_cp213,-1840.154860983258,1.0,head
h_p44_cp214,-2243.800164866563,1.0,head
h_p44_cp215,-1840.1548598886718,1.0,head
h_p44_cp216,-2243.8001650840624,1.0,head
h_p44_cp217,-1840.154858490844,1.0,head
h_p44_cp218,-2243.800165479403,1.0,head
h_p44_cp219,-1840.1548566274605,1.0,head
h_p44_cp220,-2243.8001659998604,1.0,head
h_p44_cp221,-1840.1548540512977,1.0,head
h_p44_cp222,-2243.8001665784477,1.0,head
h_p44_cp223,-1840.1548504044822,1.0,head
h_p44_cp224,-2243.80016713686,1.0,head
h_p44_cp225,-1840.1548451908704,1.0,head
h_p44_cp226,-2243.800167588223,1.0,head
h_p44_cp227,-1840.1548377494564,1.0,head
h_p44_cp228,-2243.8001678392206,1.0,head
h_p44_cp229,-1840.1548272332293,1.0,head
h_p44_cp230,-2243.800167791513,1.0,head
h_p44_cp231,-1840.1548125996578,1.0,head
h_p44_cp232,-2243.800167342765,1.0,head
h_p44_cp233,-1840.1547926206683,1.0,head
h_p44_cp234,-2243.8001663880236,1.0,head
h_p44_cp235,-1840.1547659211185,1.0,head
h_p44_cp236,-2243.800164822437,1.0,head
h_p44_cp237,-1840.1547310547012,1.0,head
h_p44_cp238,-2243.8001625463985,1.0,head
h_p44_cp239,-1840.1546866240658,1.0,head
h_p44_cp240,-2243.800159473982,1.0,head
h_p44_cp241,-1840.154631447146,1.0,head
h_p44_cp242,-2243.800155545009,1.0,head
h_p44_cp243,-1840.1545647637677,1.0,head
h_p44_cp244,-2243.8001507401837,1.0,head
h_p44_cp245,-1840.15448646613,1.0,head
h_p44_cp246,-2243.80014509771,1.0,head
h_p44_cp247,-1840.1543973249663,1.0,head
h_p44_cp248,-2243.800138728623,1.0,head
h_p44_cp249,-1840.1542991727101,1.0,head
h_p44_cp250,-2243.800131827262,1.0,head
h_p44_cp251,-1840.154194999032,1.0,head
h_p44_cp252,-2243.800124672994,1.0,head
h_p44_cp253,-1840.1540889161527,1.0,head
h_p44_cp254,-2243.8001176199245,1.0,head
h_p44_cp255,-1840.153985963865,1.0,head
h_p44_cp256,-2243.800111072921,1.0,head
h_p44_cp257,-1840.153891747429,1.0,head
h_p44_cp258,-2243.800105450754,1.0,head
h_p44_cp259,-1840.1538119327033,1.0,head
h_p44_cp260,-2243.8001011400233,1.0,head
h_p44_cp261,-1840.1537516559083,1.0,head
h_p44_cp262,-2243.8000984460796,1.0,head
h_p44_cp263,-1840.153714932078,1.0,head
h_p44_cp264,-2243.8000975485857,1.0,head
h_p44_cp265,-1840.1537041583204,1.0,head
h_p44_cp266,-2243.800098469103,1.0,head
h_p44_cp267,-1840.1537198000478,1.0,head
h_p44_cp268,-2243.8001010560056,1.0,head
h_p44_cp269,-1840.153760320004,1.0,head
h_p44_cp270,-2243.800104988547,1.0,head
h_p44_cp271,-1840.153822366758,1.0,head
h_p44_cp272,-2243.800109798023,1.0,head
h_p44_cp273,-1840.153901191541,1.0,head
h_p44_cp274,-2243.8001149007023,1.0,head
h_p44_cp275,-1840.1539912215333,1.0,head
h_p44_cp276,-2243.8001196355312,1.0,head
h_p44_cp277,-1840.154086693515,1.0,head
h_p44_cp278,-2243.8001232999413,1.0,head
h_p44_cp279,-1840.1541822487968,1.0,head
h_p44_cp280,-2243.8001251792493,1.0,head
h_p44_cp281,-1840.1542734070902,1.0,head
h_p44_cp282,-2243.8001245684363,1.0,head
h_p44_cp283,-1840.154356867373,1.0,head
h_p44_cp284,-2243.800120788597,1.0,head
h_p44_cp285,-1840.154430619287,1.0,head
h_p44_cp286,-2243.800113203115,1.0,head
h_p44_cp287,-1840.1544938810916,1.0,head
h_p44_cp288,-2243.8001012399322,1.0,head
h_p44_cp289,-1840.1545469039643,1.0,head
h_p44_cp290,-2243.8000844257754,1.0,head
h_p44_cp291,-1840.1545906948547,1.0,head
h_p44_cp292,-2243.800062435749,1.0,head
h_p44_cp293,-1840.1546267115907,1.0,head
h_p44_cp294,-2243.8000351577334,1.0,head
h_p44_cp295,-1840.1546565767171,1.0,head
h_p44_cp296,-2243.8000027659673,1.0,head
h_p44_cp297,-1840.1546818438,1.0,head
h_p44_cp298,-2243.799965793099,1.0,head
h_p44_cp299,-1840.1547038349913,1.0,head
h_p44_cp300,-2243.7999251858114,1.0,head
h_p44_cp301,-1840.1547235541566,1.0,head
h_p44_cp302,-2243.7998823272233,1.0,head
h_p44_cp303,-1840.1547416680417,1.0,head
h_p44_cp304,-2243.7998390106172,1.0,head
h_p44_cp305,-1840.1547585398853,1.0,head
h_p44_cp306,-2243.799797354339,1.0,head
h_p44_cp307,-1840.1547742961009,1.0,head
h_p44_cp308,-2243.7997596566993,1.0,head
h_p44_cp309,-1840.1547889067695,1.0,head
h_p44_cp310,-2243.7997282011524,1.0,head
h_p44_cp311,-1840.1548022638212,1.0,head
h_p44_cp312,-2243.799705033691,1.0,head
h_p44_cp313,-1840.1548142456743,1.0,head
h_p44_cp314,-2243.7996917433384,1.0,head
h_p44_cp315,-1840.1548247625183,1.0,head
h_p44_cp316,-2243.799689280171,1.0,head
h_p44_cp317,-1840.1548337812292,1.0,head
h_p44_cp318,-2243.7996978418323,1.0,head
h_p44_cp319,-1840.1548413324592,1.0,head
h_p44_cp320,-2243.7997168489705,1.0,head
h_p44_cp321,-1840.1548475044613,1.0,head
h_p44_cp322,-2243.7997450147113,1.0,head
h_p44_cp323,-1840.1548524287653,1.0,head
h_p44_cp324,-2243.799780496569,1.0,head
h_p44_cp325,-1840.1548562623072,1.0,head
h_p44_cp326,-2243.7998211051945,1.0,head
h_p44_cp327,-1840.1548591693625,1.0,head
h_p44_cp328,-2243.79986453629,1.0,head
h_p44_cp329,-1840.1548613051182,1.0,head
h_p44_cp330,-2243.799908591314,1.0,head
h_p44_cp331,-1840.1548628011092,1.0,head
h_p44_cp332,-2243.7999513588184,1.0,head
h_p44_cp333,-1840.1548637512262,1.0,head
h_p44_cp334,-2243.7999913391295,1.0,head
h_p44_cp335,-1840.1548641954398,1.0,head
h_p44_cp336,-2243.8000275077165,1.0,head
h_p44_cp337,-1840.1548640966387,1.0,head
h_p44_cp338,-2243.8000593241186,1.0,head
h_p44_cp339,-1840.1548633036784,1.0,head
h_p44_cp340,-2243.800086701871,1.0,head
h_p44_cp341,-1840.1548614904714,1.0,head
h_p44_cp342,-2243.8001099596186,1.0,head
h_p44_cp343,-1840.1548580561705,1.0,head
h_p44_cp344,-2243.800129775005,1.0,head
h_p44_cp345,-1840.154851964631,1.0,head
h_p44_cp346,-2243.80014716182,1.0,head
h_p44_cp347,-1840.1548414916415,1.0,head
h_p44_cp348,-2243.800163488632,1.0,head
h_p44_cp349,-1840.1548238353257,1.0,head
h_p44_cp350,-2243.8001805547237,1.0,head
h_p44_cp351,-1840.1547945279385,1.0,head
h_p44_cp352,-2243.800200737144,1.0,head
h_p44_cp353,-1840.1547465658064,1.0,head
h_p44_cp354,-2243.8002272211684,1.0,head
h_p44_cp355,-1840.1546691484057,1.0,head
h_p44_cp356,-2243.800264324914,1.0,head
h_p44_cp357,-1840.154545888379,1.0,head
h_p44_cp358,-2243.800317926372,1.0,head
h_p44_cp359,-1840.1543523231735,1.0,head
h_p44_cp360,-2243.800395996573,1.0,head
h_p44_cp361,-1840.1540525283194,1.0,head
h_p44_cp362,-2243.8005092349335,1.0,head
h_p44_cp363,-1840.1535946052684,1.0,head
h_p44_cp364,-2243.8006717909116,1.0,head
h_p44_cp365,-1840.1529047966899,1.0,head
h_p44_cp366,-2243.8009020393224,1.0,head
h_p44_cp367,-1840.1518799743635,1.0,head
h_p44_cp368,-2243.801223354215,1.0,head
h_p44_cp369,-1840.1503782614252,1.0,head
h_p44_cp370,-2243.801664796824,1.0,head
h_p44_cp371,-1840.148207629787,1.0,head
h_p45_cp0,-2243.596871267597,1.0,head
h_p45_cp1,-2243.5968710105735,1.0,head
h_p45_cp2,-2240.2746835251833,1.0,head
h_p45_cp3,-2240.27468315913,1.0,head
h_p45_cp4,-2236.5709862019676,1.0,head
h_p45_cp5,-2236.5709856564504,1.0,head
h_p45_cp6,-2232.544283583187,1.0,head
h_p45_cp7,-2232.544282750104,1.0,head
h_p45_cp8,-2228.2502619648994,1.0,head
h_p45_cp9,-2228.250260681906,1.0,head
h_p45_cp10,-2223.739904595852,1.0,head
h_p45_cp11,-2223.739902624308,1.0,head
h_p45_cp12,-2219.0582783185587,1.0,head
h_p45_cp13,-2219.058275315243,1.0,head
h_p45_cp14,-2214.2439542614807,1.0,head
h_p45_cp15,-2214.243949744019,1.0,head
h_p45_cp16,-2209.3289656140964,1.0,head
h_p45_cp17,-2209.3289589208566,1.0,head
h_p45_cp18,-2204.3391733626186,1.0,head
h_p45_cp19,-2204.3391636096094,1.0,head
h_p45_cp20,-2199.2949039160617,1.0,head
h_p45_cp21,-2199.294889955839,1.0,head
h_p45_cp22,-2194.2117324618334,1.0,head
h_p45_cp23,-2194.211712852264,1.0,head
h_p45_cp24,-2189.101307935962,1.0,head
h_p45_cp25,-2189.101280930312,1.0,head
h_p45_cp26,-2183.972143470531,1.0,head
h_p45_cp27,-2183.9721070436954,1.0,head
h_p45_cp28,-2178.830324155265,1.0,head
h_p45_cp29,-2178.8302760832216,1.0,head
h_p45_cp30,-2173.6801079813085,1.0,head
h_p45_cp31,-2173.680045991051,1.0,head
h_p45_cp32,-2168.5244140872605,1.0,head
h_p45_cp33,-2168.5243360910363,1.0,head
h_p45_cp34,-2163.3652046564125,1.0,head
h_p45_cp35,-2163.365109075952,1.0,head
h_p45_cp36,-2158.2037737605983,1.0,head
h_p45_cp37,-2158.2036599332805,1.0,head
h_p45_cp38,-2153.0409593130476,1.0,head
h_p45_cp39,-2153.040827953167,1.0,head
h_p45_cp40,-2147.8772943655385,1.0,head
h_p45_cp41,-2147.8771480319374,1.0,head
h_p45_cp42,-2142.713112399244,1.0,head
h_p45_cp43,-2142.712955899478,1.0,head
h_p45_cp44,-2137.5486188914338,1.0,head
h_p45_cp45,-2137.5484595379767,1.0,head
h_p45_cp46,-2132.3839388941665,1.0,head
h_p45_cp47,-2132.3837865261335,1.0,head
h_p45_cp48,-2127.2191479977105,1.0,head
h_p45_cp49,-2127.219014697728,1.0,head
h_p45_cp50,-2122.054292049502,1.0,head
h_p45_cp51,-2122.0541915219524,1.0,head
h_p45_cp52,-2116.8893994131668,1.0,head
h_p45_cp53,-2116.8893460444456,1.0,head
h_p45_cp54,-2111.724488361994,1.0,head
h_p45_cp55,-2111.724496047062,1.0,head
h_p45_cp56,-2106.559571349893,1.0,head
h_p45_cp57,-2106.559652228238,1.0,head
h_p45_cp58,-2101.394657319549,1.0,head
h_p45_cp59,-2101.394820601699,1.0,head
h_p45_cp60,-2096.2297528216022,1.0,head
h_p45_cp61,-2096.2300038907424,1.0,head
h_p45_cp62,-2091.06486246777,1.0,head
h_p45_cp63,-2091.065202403648,1.0,head
h_p45_cp64,-2085.8999890745167,1.0,head
h_p45_cp65,-2085.9004146734487,1.0,head
h_p45_cp66,-2080.7351337349596,1.0,head
h_p45_cp67,-2080.735638006232,1.0,head
h_p45_cp68,-2075.5702959623604,1.0,head
h_p45_cp69,-2075.5708689907515,1.0,head
h_p45_cp70,-2070.4054739681014,1.0,head
h_p45_cp71,-2070.4061039680796,1.0,head
h_p45_cp72,-2065.2406650698817,1.0,head
h_p45_cp73,-2065.241339435633,1.0,head
h_p45_cp74,-2060.0758661762356,1.0,head
h_p45_cp75,-2060.076572357007,1.0,head
h_p45_cp76,-2054.9110742667895,1.0,head
h_p45_cp77,-2054.9118003598196,1.0,head
h_p45_cp78,-2049.7462867858185,1.0,head
h_p45_cp79,-2049.74702182004,1.0,head
h_p45_cp80,-2044.5815018869682,1.0,head
h_p45_cp81,-2044.5822358469834,1.0,head
h_p45_cp82,-2039.4167185017022,1.0,head
h_p45_cp83,-2039.4174421939913,1.0,head
h_p45_cp84,-2034.2519362430792,1.0,head
h_p45_cp85,-2034.2526411244278,1.0,head
h_p45_cp86,-2029.0871551894204,1.0,head
h_p45_cp87,-2029.0878332612479,1.0,head
h_p45_cp88,-2023.9223756121107,1.0,head
h_p45_cp89,-2023.923019443052,1.0,head
h_p45_cp90,-2018.7575977147242,1.0,head
h_p45_cp91,-2018.7582006022058,1.0,head
h_p45_cp92,-2013.5928214387397,1.0,head
h_p45_cp93,-2013.5933776735276,1.0,head
h_p45_cp94,-2008.4280463691664,1.0,head
h_p45_cp95,-2008.42855153647,1.0,head
h_p45_cp96,-2003.2632717488832,1.0,head
h_p45_cp97,-2003.263722990804,1.0,head
h_p45_cp98,-1998.098496590278,1.0,head
h_p45_cp99,-1998.0988927658839,1.0,head
h_p45_cp100,-1992.9337198625765,1.0,head
h_p45_cp101,-1992.9340615674078,1.0,head
h_p45_cp102,-1987.768940736245,1.0,head
h_p45_cp103,-1987.7692301739894,1.0,head
h_p45_cp104,-1982.6041588838495,1.0,head
h_p45_cp105,-1982.6043996110234,1.0,head
h_p45_cp106,-1977.4393748707992,1.0,head
h_p45_cp107,-1977.4395714548032,1.0,head
h_p45_cp108,-1972.2745907226988,1.0,head
h_p45_cp109,-1972.2747483620315,1.0,head
h_p45_cp110,-1967.1098108352774,1.0,head
h_p45_cp111,-1967.1099349886915,1.0,head
h_p45_cp112,-1961.9450435115,1.0,head
h_p45_cp113,-1961.9451395732226,1.0,head
h_p45_cp114,-1956.7803035900192,1.0,head
h_p45_cp115,-1956.780376634545,1.0,head
h_p45_cp116,-1951.6156169019262,1.0,head
h_p45_cp117,-1951.615671507865,1.0,head
h_p45_cp118,-1946.4510277026232,1.0,head
h_p45_cp119,-1946.4510678531963,1.0,head
h_p45_cp120,-1941.2866108285502,1.0,head
h_p45_cp121,-1941.2866398780388,1.0,head
h_p45_cp122,-1936.1224911903753,1.0,head
h_p45_cp123,-1936.1225118813695,1.0,head
h_p45_cp124,-1930.9588744033256,1.0,head
h_p45_cp125,-1930.9588889185534,1.0,head
h_p45_cp126,-1925.7960939287007,1.0,head
h_p45_cp127,-1925.7961039625711,1.0,head
h_p45_cp128,-1920.6346820787337,1.0,head
h_p45_cp129,-1920.634688916492,1.0,head
h_p45_cp130,-1915.4754745670793,1.0,head
h_p45_cp131,-1915.4754791627793,1.0,head
h_p45_cp132,-1910.319760792069,1.0,head
h_p45_cp133,-1910.319763839721,1.0,head
h_p45_cp134,-1905.1694943596594,1.0,head
h_p45_cp135,-1905.1694963545851,1.0,head
h_p45_cp136,-1900.0275798884502,1.0,head
h_p45_cp137,-1900.0275811778697,1.0,head
h_p45_cp138,-1894.8982520198106,1.0,head
h_p45_cp139,-1894.8982528430172,1.0,head
h_p45_cp140,-1889.787559661355,1.0,head
h_p45_cp141,-1889.787560180622,1.0,head
h_p45_cp142,-1884.703961563173,1.0,head
h_p45_cp143,-1884.703961886863,1.0,head
h_p45_cp144,-1879.659027201326,1.0,head
h_p45_cp145,-1879.6590274007467,1.0,head
h_p45_cp146,-1874.6682189290998,1.0,head
h_p45_cp147,-1874.6682190505198,1.0,head
h_p45_cp148,-1869.7517077104615,1.0,head
h_p45_cp149,-1869.7517077834996,1.0,head
h_p45_cp150,-1864.9351471865289,1.0,head
h_p45_cp151,-1864.9351472299004,1.0,head
h_p45_cp152,-1860.2503028926888,1.0,head
h_p45_cp153,-1860.2503029180734,1.0,head
h_p45_cp154,-1855.7354105660866,1.0,head
h_p45_cp155,-1855.7354105806853,1.0,head
h_p45_cp156,-1851.4351264628478,1.0,head
h_p45_cp157,-1851.4351264710506,1.0,head
h_p45_cp158,-1847.3999404589094,1.0,head
h_p45_cp159,-1847.399940463361,1.0,head
h_p45_cp160,-1843.684954905129,1.0,head
h_p45_cp161,-1843.6849549074059,1.0,head
h_p45_cp162,-1840.3479906351097,1.0,head
h_p45_cp163,-1840.3479906361435,1.0,head
h_p45_cp164,-2243.596260684389,1.0,head
h_p45_cp165,-1840.3512311811191,1.0,head
h_p45_cp166,-2243.5958068003483,1.0,head
h_p45_cp167,-1840.3535142206674,1.0,head
h_p45_cp168,-2243.595474778922,1.0,head
h_p45_cp169,-1840.3551014093473,1.0,head
h_p45_cp170,-2243.595235727292,1.0,head
h_p45_cp171,-1840.3561901682197,1.0,head
h_p45_cp172,-2243.595066291828,1.0,head
h_p45_cp173,-1840.356927006172,1.0,head
h_p45_cp174,-2243.5949480393106,1.0,head
h_p45_cp175,-1840.3574189399662,1.0,head
h_p45_cp176,-2243.5948667427288,1.0,head
h_p45_cp177,-1840.357742914032,1.0,head
h_p45_cp178,-2243.5948116541367,1.0,head
h_p45_cp179,-1840.3579533762922,1.0,head
h_p45_cp180,-2243.594774819476,1.0,head
h_p45_cp181,-1840.3580882416745,1.0,head
h_p45_cp182,-2243.594750468368,1.0,head
h_p45_cp183,-1840.3581734902775,1.0,head
h_p45_cp184,-2243.5947344948,1.0,head
h_p45_cp185,-1840.3582266400238,1.0,head
h_p45_cp186,-2243.5947240319697,1.0,head
h_p45_cp187,-1840.358259315296,1.0,head
h_p45_cp188,-2243.594717116027,1.0,head
h_p45_cp189,-1840.3582791080064,1.0,head
h_p45_cp190,-2243.5947124283043,1.0,head
h_p45_cp191,-1840.3582908987885,1.0,head
h_p45_cp192,-2243.5947091033127,1.0,head
h_p45_cp193,-1840.3582977764243,1.0,head
h_p45_cp194,-2243.594706589346,1.0,head
h_p45_cp195,-1840.3583016654025,1.0,head
h_p45_cp196,-2243.5947045494627,1.0,head
h_p45_cp197,-1840.3583037462981,1.0,head
h_p45_cp198,-2243.594702792214,1.0,head
h_p45_cp199,-1840.3583047322813,1.0,head
h_p45_cp200,-2243.5947012234255,1.0,head
h_p45_cp201,-1840.3583050477125,1.0,head
h_p45_cp202,-2243.594699812309,1.0,head
h_p45_cp203,-1840.3583049412746,1.0,head
h_p45_cp204,-2243.594698567006,1.0,head
h_p45_cp205,-1840.3583045558726,1.0,head
h_p45_cp206,-2243.594697516282,1.0,head
h_p45_cp207,-1840.3583039701052,1.0,head
h_p45_cp208,-2243.5946966953675,1.0,head
h_p45_cp209,-1840.3583032208135,1.0,head
h_p45_cp210,-2243.594696134957,1.0,head
h_p45_cp211,-1840.3583023125655,1.0,head
h_p45_cp212,-2243.594695852946,1.0,head
h_p45_cp213,-1840.3583012175313,1.0,head
h_p45_cp214,-2243.5946958488803,1.0,head
h_p45_cp215,-1840.3582998676611,1.0,head
h_p45_cp216,-2243.594696101043,1.0,head
h_p45_cp217,-1840.3582981402235,1.0,head
h_p45_cp218,-2243.5946965660073,1.0,head
h_p45_cp219,-1840.3582958374252,1.0,head
h_p45_cp220,-2243.5946971802055,1.0,head
h_p45_cp221,-1840.3582926609004,1.0,head
h_p45_cp222,-2243.59469786284,1.0,head
h_p45_cp223,-1840.358288182365,1.0,head
h_p45_cp224,-2243.594698519362,1.0,head
h_p45_cp225,-1840.35828181263,1.0,head
h_p45_cp226,-2243.5946990447774,1.0,head
h_p45_cp227,-1840.3582727724888,1.0,head
h_p45_cp228,-2243.5946993263155,1.0,head
h_p45_cp229,-1840.3582600706955,1.0,head
h_p45_cp230,-2243.594699245349,1.0,head
h_p45_cp231,-1840.358242496134,1.0,head
h_p45_cp232,-2243.594698678955,1.0,head
h_p45_cp233,-1840.3582186330686,1.0,head
h_p45_cp234,-2243.5946975019433,1.0,head
h_p45_cp235,-1840.358186909408,1.0,head
h_p45_cp236,-2243.5946955904683,1.0,head
h_p45_cp237,-1840.3581456875565,1.0,head
h_p45_cp238,-2243.594692828441,1.0,head
h_p45_cp239,-1840.358093404732,1.0,head
h_p45_cp240,-2243.594689117665,1.0,head
h_p45_cp241,-1840.3580287639686,1.0,head
h_p45_cp242,-2243.5946843919955,1.0,head
h_p45_cp243,-1840.357950968071,1.0,head
h_p45_cp244,-2243.594678634818,1.0,head
h_p45_cp245,-1840.3578599771388,1.0,head
h_p45_cp246,-2243.5946718979267,1.0,head
h_p45_cp247,-1840.3577567575162,1.0,head
h_p45_cp248,-2243.5946643186235,1.0,head
h_p45_cp249,-1840.3576434789666,1.0,head
h_p45_cp250,-2243.594656130948,1.0,head
h_p45_cp251,-1840.3575236110319,1.0,head
h_p45_cp252,-2243.594647666683,1.0,head
h_p45_cp253,-1840.3574018726526,1.0,head
h_p45_cp254,-2243.594639342532,1.0,head
h_p45_cp255,-1840.35728400357,1.0,head
h_p45_cp256,-2243.594631631721,1.0,head
h_p45_cp257,-1840.3571763520063,1.0,head
h_p45_cp258,-2243.594625021081,1.0,head
h_p45_cp259,-1840.3570853072888,1.0,head
h_p45_cp260,-2243.59461995787,1.0,head
h_p45_cp261,-1840.357016641833,1.0,head
h_p45_cp262,-2243.5946167934167,1.0,head
h_p45_cp263,-1840.3569748553418,1.0,head
h_p45_cp264,-2243.594615732225,1.0,head
h_p45_cp265,-1840.3569626264916,1.0,head
h_p45_cp266,-2243.5946167948437,1.0,head
h_p45_cp267,-1840.3569804681022,1.0,head
h_p45_cp268,-2243.594619800445,1.0,head
h_p45_cp269,-1840.357026650616,1.0,head
h_p45_cp270,-2243.594624371196,1.0,head
h_p45_cp271,-1840.3570974117006,1.0,head
h_p45_cp272,-2243.594629956149,1.0,head
h_p45_cp273,-1840.3571874178476,1.0,head
h_p45_cp274,-2243.5946358687465,1.0,head
h_p45_cp275,-1840.3572903994793,1.0,head
h_p45_cp276,-2243.5946413301626,1.0,head
h_p45_cp277,-1840.3573998545548,1.0,head
h_p45_cp278,-2243.59464551105,1.0,head
h_p45_cp279,-1840.3575097119567,1.0,head
h_p45_cp280,-2243.594647566606,1.0,head
h_p45_cp281,-1840.3576148636866,1.0,head
h_p45_cp282,-2243.59464666356,1.0,head
h_p45_cp283,-1840.357711507643,1.0,head
h_p45_cp284,-2243.59464200154,1.0,head
h_p45_cp285,-1840.35779728135,1.0,head
h_p45_cp286,-2243.5946328343293,1.0,head
h_p45_cp287,-1840.3578712027438,1.0,head
h_p45_cp288,-2243.594618497987,1.0,head
h_p45_cp289,-1840.3579334606268,1.0,head
h_p45_cp290,-2243.59459845213,1.0,head
h_p45_cp291,-1840.3579851116958,1.0,head
h_p45_cp292,-2243.594572337942,1.0,head
h_p45_cp293,-1840.3580277433368,1.0,head
h_p45_cp294,-2243.5945400519286,1.0,head
h_p45_cp295,-1840.3580631539746,1.0,head
h_p45_cp296,-2243.5945018288044,1.0,head
h_p45_cp297,-1840.3580930890842,1.0,head
h_p45_cp298,-2243.5944583212536,1.0,head
h_p45_cp299,-1840.3581190546354,1.0,head
h_p45_cp300,-2243.5944106597835,1.0,head
h_p45_cp301,-1840.3581422137431,1.0,head
h_p45_cp302,-2243.594360473967,1.0,head
h_p45_cp303,-1840.3581633590798,1.0,head
h_p45_cp304,-2243.5943098581342,1.0,head
h_p45_cp305,-1840.3581829444943,1.0,head
h_p45_cp306,-2243.594261270683,1.0,head
h_p45_cp307,-1840.358201154817,1.0,head
h_p45_cp308,-2243.5942173663257,1.0,head
h_p45_cp309,-1840.3582179927034,1.0,head
h_p45_cp310,-2243.594180773346,1.0,head
h_p45_cp311,-1840.3582333645638,1.0,head
h_p45_cp312,-2243.594153840781,1.0,head
h_p45_cp313,-1840.358247152856,1.0,head
h_p45_cp314,-2243.594138390196,1.0,head
h_p45_cp315,-1840.3582592678606,1.0,head
h_p45_cp316,-2243.5941355104724,1.0,head
h_p45_cp317,-1840.3582696773556,1.0,head
h_p45_cp318,-2243.59414542999,1.0,head
h_p45_cp319,-1840.3582784165803,1.0,head
h_p45_cp320,-2243.5941674888977,1.0,head
h_p45_cp321,-1840.3582855832017,1.0,head
h_p45_cp322,-2243.5942002171496,1.0,head
h_p45_cp323,-1840.358291322771,1.0,head
h_p45_cp324,-2243.594241505499,1.0,head
h_p45_cp325,-1840.3582958096886,1.0,head
h_p45_cp326,-2243.594288841103,1.0,head
h_p45_cp327,-1840.3582992274291,1.0,head
h_p45_cp328,-2243.5943395702675,1.0,head
h_p45_cp329,-1840.358301750152,1.0,head
h_p45_cp330,-2243.5943911498935,1.0,head
h_p45_cp331,-1840.3583035260674,1.0,head
h_p45_cp332,-2243.594441355813,1.0,head
h_p45_cp333,-1840.3583046612378,1.0,head
h_p45_cp334,-2243.594488428067,1.0,head
h_p45_cp335,-1840.3583052007518,1.0,head
h_p45_cp336,-2243.5945311471296,1.0,head
h_p45_cp337,-1840.3583051022879,1.0,head
h_p45_cp338,-2243.5945688479524,1.0,head
h_p45_cp339,-1840.3583041945665,1.0,head
h_p45_cp340,-2243.5946013883954,1.0,head
h_p45_cp341,-1840.3583021097256,1.0,head
h_p45_cp342,-2243.5946290941206,1.0,head
h_p45_cp343,-1840.3582981736515,1.0,head
h_p45_cp344,-2243.5946527037,1.0,head
h_p45_cp345,-1840.358291231166,1.0,head
h_p45_cp346,-2243.5946733364876,1.0,head
h_p45_cp347,-1840.3582793730868,1.0,head
h_p45_cp348,-2243.594692503102,1.0,head
h_p45_cp349,-1840.3582595188975,1.0,head
h_p45_cp350,-2243.5947121752783,1.0,head
h_p45_cp351,-1840.3582267916145,1.0,head
h_p45_cp352,-2243.5947349290755,1.0,head
h_p45_cp353,-1840.3581736001681,1.0,head
h_p45_cp354,-2243.594764173139,1.0,head
h_p45_cp355,-1840.358088319475,1.0,head
h_p45_cp356,-2243.5948044713873,1.0,head
h_p45_cp357,-1840.357953430206,1.0,head
h_p45_cp358,-2243.5948619663795,1.0,head
h_p45_cp359,-1840.357742950655,1.0,head
h_p45_cp360,-2243.594944904611,1.0,head
h_p45_cp361,-1840.357418964372,1.0,head
h_p45_cp362,-2243.5950642569924,1.0,head
h_p45_cp363,-1840.356927022124,1.0,head
h_p45_cp364,-2243.595234415986,1.0,head
h_p45_cp365,-1840.3561901784274,1.0,head
h_p45_cp366,-2243.595473934604,1.0,head
h_p45_cp367,-1840.3551014157101,1.0,head
h_p45_cp368,-2243.5958062512937,1.0,head
h_p45_cp369,-1840.3535142244841,1.0,head
h_p45_cp370,-2243.5962603177286,1.0,head
h_p45_cp371,-1840.3512311832592,1.0,head
h_p46_cp0,-2243.3920887329987,1.0,head
h_p46_cp1,-2243.3920884222093,1.0,head
h_p46_cp2,-2240.096715799236,1.0,head
h_p46_cp3,-2240.0967153462993,1.0,head
h_p46_cp4,-2236.4197857164772,1.0,head
h_p46_cp5,-2236.419785032881,1.0,head
h_p46_cp6,-2232.4186608590367,1.0,head
h_p46_cp7,-2232.418659810001,1.0,head
h_p46_cp8,-2228.148158597672,1.0,head
h_p46_cp9,-2228.1481569822226,1.0,head
h_p46_cp10,-2223.6586897558295,1.0,head
h_p46_cp11,-2223.6586872805037,1.0,head
h_p46_cp12,-2218.995032387047,1.0,head
h_p46_cp13,-2218.9950286325075,1.0,head
h_p46_cp14,-2214.1957127813516,1.0,head
h_p46_cp15,-2214.195707161917,1.0,head
h_p46_cp16,-2209.2929080008844,1.0,head
h_p46_cp17,-2209.2928997181757,1.0,head
h_p46_cp18,-2204.3127513921827,1.0,head
h_p46_cp19,-2204.3127393860805,1.0,head
h_p46_cp20,-2199.275913531346,1.0,head
h_p46_cp21,-2199.27589643426,1.0,head
h_p46_cp22,-2194.1983382545254,1.0,head
h_p46_cp23,-2194.1983143583307,1.0,head
h_p46_cp24,-2189.0920323870787,1.0,head
h_p46_cp25,-2189.091999635992,1.0,head
h_p46_cp26,-2183.9658332081667,1.0,head
h_p46_cp27,-2183.9657892344226,1.0,head
h_p46_cp28,-2178.826103967252,1.0,head
h_p46_cp29,-2178.826046188737,1.0,head
h_p46_cp30,-2173.6773309402224,1.0,head
h_p46_cp31,-2173.677256738983,1.0,head
h_p46_cp32,-2168.5226135670464,1.0,head
h_p46_cp33,-2168.5225205632755,1.0,head
h_p46_cp34,-2163.364051685899,1.0,head
h_p46_cp35,-2163.363938112345,1.0,head
h_p46_cp36,-2158.203041301183,1.0,head
h_p46_cp37,-2158.202906467238,1.0,head
h_p46_cp38,-2153.0404937321327,1.0,head
h_p46_cp39,-2153.0403385457585,1.0,head
h_p46_cp40,-2147.876993560477,1.0,head
h_p46_cp41,-2147.87682105199,1.0,head
h_p46_cp42,-2142.7129096086887,1.0,head
h_p46_cp43,-2142.712725377683,1.0,head
h_p46_cp44,-2137.548471096264,1.0,head
h_p46_cp45,-2137.5482835877046,1.0,head
h_p46_cp46,-2132.3838187523443,1.0,head
h_p46_cp47,-2132.383639266943,1.0,head
h_p46_cp48,-2127.219038392798,1.0,head
h_p46_cp49,-2127.218880755785,1.0,head
h_p46_cp50,-2122.054182502577,1.0,head
h_p46_cp51,-2122.054062356199,1.0,head
h_p46_cp52,-2116.8892837766593,1.0,head
h_p46_cp53,-2116.8892175218543,1.0,head
h_p46_cp54,-2111.724363363083,1.0,head
h_p46_cp55,-2111.7243668452165,1.0,head
h_p46_cp56,-2106.5594356737593,1.0,head
h_p46_cp57,-2106.55952277088,1.0,head
h_p46_cp58,-2101.39451101908,1.0,head
h_p46_cp59,-2101.39469233163,1.0,head
h_p46_cp60,-2096.2295969133406,1.0,head
h_p46_cp61,-2096.2298787571262,1.0,head
h_p46_cp62,-2091.0646986281927,1.0,head
h_p46_cp63,-2091.065082491319,1.0,head
h_p46_cp64,-2085.8998193897723,1.0,head
h_p46_cp65,-2085.90030193458,1.0,head
h_p46_cp66,-2080.7349604840665,1.0,head
h_p46_cp67,-2080.7355340739423,1.0,head
h_p46_cp68,-2075.5701214306428,1.0,head
h_p46_cp69,-2075.570775063594,1.0,head
h_p46_cp70,-2070.40530029622,1.0,head
h_p46_cp71,-2070.406020757333,1.0,head
h_p46_cp72,-2065.2404941458126,1.0,head
h_p46_cp73,-2065.2412671666257,1.0,head
h_p46_cp74,-2060.075699574828,1.0,head
h_p46_cp75,-2060.076510813681,1.0,head
h_p46_cp76,-2054.910913236073,1.0,head
h_p46_cp77,-2054.9117489599075,1.0,head
h_p46_cp78,-2049.7461322730323,1.0,head
h_p46_cp79,-2049.7469797075496,1.0,head
h_p46_cp80,-2044.5813545921349,1.0,head
h_p46_cp81,-2044.5822019894772,1.0,head
h_p46_cp82,-2039.4165789437754,1.0,head
h_p46_cp83,-2039.4174154742466,1.0,head
h_p46_cp84,-2034.2518048237926,1.0,head
h_p46_cp85,-2034.2526204190094,1.0,head
h_p46_cp86,-2029.0870322428589,1.0,head
h_p46_cp87,-2029.0878175017788,1.0,head
h_p46_cp88,-2023.9222614328755,1.0,head
h_p46_cp89,-2023.9230076589943,1.0,head
h_p46_cp90,-2018.7574925632716,1.0,head
h_p46_cp91,-2018.7581919464585,1.0,head
h_p46_cp92,-2013.5927255277961,1.0,head
h_p46_cp93,-2013.5933714339128,1.0,head
h_p46_cp94,-2008.4279598391684,1.0,head
h_p46_cp95,-2008.4285471373555,1.0,head
h_p46_cp96,-2003.2631946427098,1.0,head
h_p46_cp97,-2003.263719989863,1.0,head
h_p46_cp98,-1998.0984288382733,1.0,head
h_p46_cp99,-1998.098890851767,1.0,head
h_p46_cp100,-1992.933661288741,1.0,head
h_p46_cp101,-1992.934060565375,1.0,head
h_p46_cp102,-1987.7688910967063,1.0,head
h_p46_cp103,-1987.7692300690337,1.0,head
h_p46_cp104,-1982.6041179508338,1.0,head
h_p46_cp105,-1982.6044006026325,1.0,head
h_p46_cp106,-1977.439342581249,1.0,head
h_p46_cp107,-1977.4395740655393,1.0,head
h_p46_cp108,-1972.274567422562,1.0,head
h_p46_cp109,-1972.274753635383,1.0,head
h_p46_cp110,-1967.1097976710498,1.0,head
h_p46_cp111,-1967.109944832651,1.0,head
h_p46_cp112,-1961.9450430530512,1.0,head
h_p46_cp113,-1961.945157338115,1.0,head
h_p46_cp114,-1956.7803208170847,1.0,head
h_p46_cp115,-1956.7804080609703,1.0,head
h_p46_cp116,-1951.6156607554062,1.0,head
h_p46_cp117,-1951.615726248044,1.0,head
h_p46_cp118,-1946.4511134955374,1.0,head
h_p46_cp119,-1946.4511618613624,1.0,head
h_p46_cp120,-1941.28676393337,1.0,head
h_p46_cp121,-1941.2867990862087,1.0,head
h_p46_cp122,-1936.1227525691068,1.0,head
h_p46_cp123,-1936.1227777256568,1.0,head
h_p46_cp124,-1930.9593087166982,1.0,head
h_p46_cp125,-1930.9593264506823,1.0,head
h_p46_cp126,-1925.7968011317894,1.0,head
h_p46_cp127,-1925.7968134520834,1.0,head
h_p46_cp128,-1920.635813545775,1.0,head
h_p46_cp129,-1920.635821984693,1.0,head
h_p46_cp130,-1915.4772548291742,1.0,head
h_p46_cp131,-1915.4772605306714,1.0,head
h_p46_cp132,-1910.3225158341215,1.0,head
h_p46_cp133,-1910.322519635183,1.0,head
h_p46_cp134,-1905.173687001786,1.0,head
h_p46_cp135,-1905.1736895032916,1.0,head
h_p46_cp136,-1900.0338519578033,1.0,head
h_p46_cp137,-1900.0338535834776,1.0,head
h_p46_cp138,-1894.907471704071,1.0,head
h_p46_cp139,-1894.9074727476857,1.0,head
h_p46_cp140,-1889.8008705857342,1.0,head
h_p46_cp141,-1889.8008712477094,1.0,head
h_p46_cp142,-1884.7228278205282,1.0,head
h_p46_cp143,-1884.7228282355138,1.0,head
h_p46_cp144,-1879.6852660282925,1.0,head
h_p46_cp145,-1879.6852662854355,1.0,head
h_p46_cp146,-1874.704010404804,1.0,head
h_p46_cp147,-1874.7040105622993,1.0,head
h_p46_cp148,-1869.7995694087294,1.0,head
h_p46_cp149,-1869.7995695040595,1.0,head
h_p46_cp150,-1864.9978619250428,1.0,head
h_p46_cp151,-1864.9978619820351,1.0,head
h_p46_cp152,-1860.3307903641808,1.0,head
h_p46_cp153,-1860.3307903977964,1.0,head
h_p46_cp154,-1855.836539227766,1.0,head
h_p46_cp155,-1855.8365392472842,1.0,head
h_p46_cp156,-1851.5594705950637,1.0,head
h_p46_cp157,-1851.559470606174,1.0,head
h_p46_cp158,-1847.5494980122883,1.0,head
h_p46_cp159,-1847.5494980184396,1.0,head
h_p46_cp160,-1843.8608530041272,1.0,head
h_p46_cp161,-1843.8608530073873,1.0,head
h_p46_cp162,-1840.5502150412183,1.0,head
h_p46_cp163,-1840.550215042814,1.0,head
h_p46_cp164,-2243.3914645448813,1.0,head
h_p46_cp165,-1840.5536030605465,1.0,head
h_p46_cp166,-2243.390998246111,1.0,head
h_p46_cp167,-1840.5560005183252,1.0,head
h_p46_cp168,-2243.3906553674196,1.0,head
h_p46_cp169,-1840.5576751067956,1.0,head
h_p46_cp170,-2243.3904071546053,1.0,head
h_p46_cp171,-1840.5588295610553,1.0,head
h_p46_cp172,-2243.390230225507,1.0,head
h_p46_cp173,-1840.5596149749015,1.0,head
h_p46_cp174,-2243.3901060092444,1.0,head
h_p46_cp175,-1840.560142233931,1.0,head
h_p46_cp176,-2243.3900200806,1.0,head
h_p46_cp177,-1840.5604914715234,1.0,head
h_p46_cp178,-2243.3899614700135,1.0,head
h_p46_cp179,-1840.5607197021102,1.0,head
h_p46_cp180,-2243.3899220043654,1.0,head
h_p46_cp181,-1840.5608668575662,1.0,head
h_p46_cp182,-2243.389895713048,1.0,head
h_p46_cp183,-1840.560960466323,1.0,head
h_p46_cp184,-2243.3898783172613,1.0,head
h_p46_cp185,-1840.5610192079655,1.0,head
h_p46_cp186,-2243.3898668079028,1.0,head
h_p46_cp187,-1840.5610555591993,1.0,head
h_p46_cp188,-2243.389859108688,1.0,head
h_p46_cp189,-1840.561077723854,1.0,head
h_p46_cp190,-2243.3898538156304,1.0,head
h_p46_cp191,-1840.5610910126943,1.0,head
h_p46_cp192,-2243.3898500012906,1.0,head
h_p46_cp193,-1840.5610988106878,1.0,head
h_p46_cp194,-2243.3898470713957,1.0,head
h_p46_cp195,-1840.5611032422212,1.0,head
h_p46_cp196,-2243.3898446620183,1.0,head
h_p46_cp197,-1840.5611056201708,1.0,head
h_p46_cp198,-2243.389842566873,1.0,head
h_p46_cp199,-1840.5611067436093,1.0,head
h_p46_cp200,-2243.3898406860776,1.0,head
h_p46_cp201,-1840.5611070916182,1.0,head
h_p46_cp202,-2243.3898389896,1.0,head
h_p46_cp203,-1840.561106946973,1.0,head
h_p46_cp204,-2243.3898374904497,1.0,head
h_p46_cp205,-1840.5611064730745,1.0,head
h_p46_cp206,-2243.3898362242703,1.0,head
h_p46_cp207,-1840.5611057597848,1.0,head
h_p46_cp208,-2243.389835233338,1.0,head
h_p46_cp209,-1840.5611048483154,1.0,head
h_p46_cp210,-2243.38983455398,1.0,head
h_p46_cp211,-1840.5611037414687,1.0,head
h_p46_cp212,-2243.389834207076,1.0,head
h_p46_cp213,-1840.561102402988,1.0,head
h_p46_cp214,-2243.3898341916165,1.0,head
h_p46_cp215,-1840.5611007481302,1.0,head
h_p46_cp216,-2243.3898344813097,1.0,head
h_p46_cp217,-1840.5610986266922,1.0,head
h_p46_cp218,-2243.3898350240297,1.0,head
h_p46_cp219,-1840.5610957993838,1.0,head
h_p46_cp220,-2243.389835743604,1.0,head
h_p46_cp221,-1840.5610919085818,1.0,head
h_p46_cp222,-2243.3898365432,1.0,head
h_p46_cp223,-1840.561086445112,1.0,head
h_p46_cp224,-2243.3898373094,1.0,head
h_p46_cp225,-1840.5610787137498,1.0,head
h_p46_cp226,-2243.3898379161747,1.0,head
h_p46_cp227,-1840.5610678016517,1.0,head
h_p46_cp228,-2243.3898382281886,1.0,head
h_p46_cp229,-1840.5610525557922,1.0,head
h_p46_cp230,-2243.389838103353,1.0,head
h_p46_cp231,-1840.5610315775302,1.0,head
h_p46_cp232,-2243.3898373950533,1.0,head
h_p46_cp233,-1840.5610032442503,1.0,head
h_p46_cp234,-2243.3898359549794,1.0,head
h_p46_cp235,-1840.5609657689724,1.0,head
h_p46_cp236,-2243.389833637829,1.0,head
h_p46_cp237,-1840.5609173080834,1.0,head
h_p46_cp238,-2243.3898303091905,1.0,head
h_p46_cp239,-1840.5608561240492,1.0,head
h_p46_cp240,-2243.389825857619,1.0,head
h_p46_cp241,-1840.5607808033653,1.0,head
h_p46_cp242,-2243.389820211134,1.0,head
h_p46_cp243,-1840.5606905199284,1.0,head
h_p46_cp244,-2243.3898133572625,1.0,head
h_p46_cp245,-1840.560585321184,1.0,head
h_p46_cp246,-2243.3898053643525,1.0,head
h_p46_cp247,-1840.5604664006496,1.0,head
h_p46_cp248,-2243.3897964005027,1.0,head
h_p46_cp249,-1840.5603363088235,1.0,head
h_p46_cp250,-2243.389786745479,1.0,head
h_p46_cp251,-1840.5601990489195,1.0,head
h_p46_cp252,-2243.389776790758,1.0,head
h_p46_cp253,-1840.5600600081348,1.0,head
h_p46_cp254,-2243.3897670237534,1.0,head
h_p46_cp255,-1840.5599256917524,1.0,head
h_p46_cp256,-2243.3897579944055,1.0,head
h_p46_cp257,-1840.5598032561993,1.0,head
h_p46_cp258,-2243.389750265489,1.0,head
h_p46_cp259,-1840.5596998744438,1.0,head
h_p46_cp260,-2243.389744351559,1.0,head
h_p46_cp261,-1840.5596220056545,1.0,head
h_p46_cp262,-2243.389740654564,1.0,head
h_p46_cp263,-1840.559574671236,1.0,head
h_p46_cp264,-2243.3897394058404,1.0,head
h_p46_cp265,-1840.5595608520587,1.0,head
h_p46_cp266,-2243.389740623784,1.0,head
h_p46_cp267,-1840.5595811110086,1.0,head
h_p46_cp268,-2243.3897440938454,1.0,head
h_p46_cp269,-1840.5596335108248,1.0,head
h_p46_cp270,-2243.3897493732006,1.0,head
h_p46_cp271,-1840.5597138461862,1.0,head
h_p46_cp272,-2243.389755817612,1.0,head
h_p46_cp273,-1840.5598161527657,1.0,head
h_p46_cp274,-2243.3897626239664,1.0,head
h_p46_cp275,-1840.5599334079066,1.0,head
h_p46_cp276,-2243.389768879894,1.0,head
h_p46_cp277,-1840.5600583086,1.0,head
h_p46_cp278,-2243.3897736122008,1.0,head
h_p46_cp279,-1840.560184007973,1.0,head
h_p46_cp280,-2243.3897758284497,1.0,head
h_p46_cp281,-1840.5603047102275,1.0,head
h_p46_cp282,-2243.3897745500467,1.0,head
h_p46_cp283,-1840.560416059091,1.0,head
h_p46_cp284,-2243.389768839449,1.0,head
h_p46_cp285,-1840.5605152966593,1.0,head
h_p46_cp286,-2243.389757827476,1.0,head
h_p46_cp287,-1840.560601208623,1.0,head
h_p46_cp288,-2243.389740748259,1.0,head
h_p46_cp289,-1840.5606739012726,1.0,head
h_p46_cp290,-2243.389716988595,1.0,head
h_p46_cp291,-1840.5607344719986,1.0,head
h_p46_cp292,-2243.389686155323,1.0,head
h_p46_cp293,-1840.5607846382063,1.0,head
h_p46_cp294,-2243.3896481592797,1.0,head
h_p46_cp295,-1840.5608263820507,1.0,head
h_p46_cp296,-2243.3896033081082,1.0,head
h_p46_cp297,-1840.5608616538013,1.0,head
h_p46_cp298,-2243.389552393988,1.0,head
h_p46_cp299,-1840.5608921588716,1.0,head
h_p46_cp300,-2243.3894967574947,1.0,head
h_p46_cp301,-1840.560919235991,1.0,head
h_p46_cp302,-2243.389438306895,1.0,head
h_p46_cp303,-1840.5609438193148,1.0,head
h_p46_cp304,-2243.3893794743954,1.0,head
h_p46_cp305,-1840.5609664669955,1.0,head
h_p46_cp306,-2243.3893230978824,1.0,head
h_p46_cp307,-1840.5609874335576,1.0,head
h_p46_cp308,-2243.389272228081,1.0,head
h_p46_cp309,-1840.5610067629566,1.0,head
h_p46_cp310,-2243.389229875185,1.0,head
h_p46_cp311,-1840.5610243824458,1.0,head
h_p46_cp312,-2243.389198723108,1.0,head
h_p46_cp313,-1840.5610401829165,1.0,head
h_p46_cp314,-2243.3891808500985,1.0,head
h_p46_cp315,-1840.5610540776597,1.0,head
h_p46_cp316,-2243.3891774983585,1.0,head
h_p46_cp317,-1840.5610660372954,1.0,head
h_p46_cp318,-2243.389188930734,1.0,head
h_p46_cp319,-1840.5610761030448,1.0,head
h_p46_cp320,-2243.3892143995213,1.0,head
h_p46_cp321,-1840.5610843831737,1.0,head
h_p46_cp322,-2243.3892522337183,1.0,head
h_p46_cp323,-1840.5610910384414,1.0,head
h_p46_cp324,-2243.3893000306107,1.0,head
h_p46_cp325,-1840.561096261999,1.0,head
h_p46_cp326,-2243.3893549204436,1.0,head
h_p46_cp327,-1840.5611002579026,1.0,head
h_p46_cp328,-2243.3894138626683,1.0,head
h_p46_cp329,-1840.5611032206732,1.0,head
h_p46_cp330,-2243.389473930993,1.0,head
h_p46_cp331,-1840.5611053164414,1.0,head
h_p46_cp332,-2243.389532551444,1.0,head
h_p46_cp333,-1840.5611066643357,1.0,head
h_p46_cp334,-2243.389587670611,1.0,head
h_p46_cp335,-1840.5611073148666,1.0,head
h_p46_cp336,-2243.389637846515,1.0,head
h_p46_cp337,-1840.5611072199026,1.0,head
h_p46_cp338,-2243.3896822688853,1.0,head
h_p46_cp339,-1840.5611061861691,1.0,head
h_p46_cp340,-2243.3897207265004,1.0,head
h_p46_cp341,-1840.5611038004809,1.0,head
h_p46_cp342,-2243.3897535456194,1.0,head
h_p46_cp343,-1840.561099309705,1.0,head
h_p46_cp344,-2243.3897815255386,1.0,head
h_p46_cp345,-1840.561091431108,1.0,head
h_p46_cp346,-2243.3898058960353,1.0,head
h_p46_cp347,-1840.5610780586499,1.0,head
h_p46_cp348,-2243.3898283182984,1.0,head
h_p46_cp349,-1840.561055817391,1.0,head
h_p46_cp350,-2243.38985094718,1.0,head
h_p46_cp351,-1840.561019401082,1.0,head
h_p46_cp352,-2243.3898765690387,1.0,head
h_p46_cp353,-1840.560960607011,1.0,head
h_p46_cp354,-2243.3899088263024,1.0,head
h_p46_cp355,-1840.5608669576973,1.0,head
h_p46_cp356,-2243.389952536834,1.0,head
h_p46_cp357,-1840.5607197718844,1.0,head
h_p46_cp358,-2243.390014112394,1.0,head
h_p46_cp359,-1840.5604915191986,1.0,head
h_p46_cp360,-2243.39010207504,1.0,head
h_p46_cp361,-1840.5601422659026,1.0,head
h_p46_cp362,-2243.3902276621143,1.0,head
h_p46_cp363,-1840.5596149959472,1.0,head
h_p46_cp364,-2243.3904054988184,1.0,head
h_p46_cp365,-1840.558829574638,1.0,head
h_p46_cp366,-2243.390654301736,1.0,head
h_p46_cp367,-1840.5576751153603,1.0,head
h_p46_cp368,-2243.3909975568145,1.0,head
h_p46_cp369,-1840.5560005235575,1.0,head
h_p46_cp370,-2243.3914640906833,1.0,head
h_p46_cp371,-1840.553603063584,1.0,head
h_p47_cp0,-2243.187933880293,1.0,head
h_p47_cp1,-2243.1879335017425,1.0,head
h_p47_cp2,-2239.918767859993,1.0,head
h_p47_cp3,-2239.918767298421,1.0,head
h_p47_cp4,-2236.26808629129,1.0,head
h_p47_cp5,-2236.2680854362393,1.0,head
h_p47_cp6,-2232.292139523168,1.0,head
h_p47_cp7,-2232.292138207702,1.0,head
h_p47_cp8,-2228.044887874041,1.0,head
h_p47_cp9,-2228.0448858509317,1.0,head
h_p47_cp10,-2223.5761655379,1.0,head
h_p47_cp11,-2223.5761624484776,1.0,head
h_p47_cp12,-2218.9304454225703,1.0,head
h_p47_cp13,-2218.930440757545,1.0,head
h_p47_cp14,-2214.1461852707075,1.0,head
h_p47_cp15,-2214.146178323121,1.0,head
h_p47_cp16,-2209.2556796317767,1.0,head
h_p47_cp17,-2209.2556694437635,1.0,head
h_p47_cp18,-2204.2853090229696,1.0,head
h_p47_cp19,-2204.2852943303114,1.0,head
h_p47_cp20,-2199.25606680643,1.0,head
h_p47_cp21,-2199.2560459880724,1.0,head
h_p47_cp22,-2194.18424919943,1.0,head
h_p47_cp23,-2194.18422024297,1.0,head
h_p47_cp24,-2189.082209977064,1.0,head
h_p47_cp25,-2189.082170475479,1.0,head
h_p47_cp26,-2183.959104408641,1.0,head
h_p47_cp27,-2183.9590516073426,1.0,head
h_p47_cp28,-2178.821571563651,1.0,head
h_p47_cp29,-2178.821502479215,1.0,head
h_p47_cp30,-2173.6743263814456,1.0,head
h_p47_cp31,-2173.67423801261,1.0,head
h_p47_cp32,-2168.520650671517,1.0,head
h_p47_cp33,-2168.5205403177183,1.0,head
h_p47_cp34,-2163.3627848410174,1.0,head
h_p47_cp35,-2163.3626505323955,1.0,head
h_p47_cp36,-2158.202229971318,1.0,head
h_p47_cp37,-2158.2020709963235,1.0,head
h_p47_cp38,-2153.039973765681,1.0,head
h_p47_cp39,-2153.0397912588414,1.0,head
h_p47_cp40,-2147.8766549320108,1.0,head
h_p47_cp41,-2147.8764524579756,1.0,head
h_p47_cp42,-2142.7126797661144,1.0,head
h_p47_cp43,-2142.7124638116925,1.0,head
h_p47_cp44,-2137.5483029015654,1.0,head
h_p47_cp45,-2137.5480831717728,1.0,head
h_p47_cp46,-2132.3836820083093,1.0,head
h_p47_cp47,-2132.3834714227983,1.0,head
h_p47_cp48,-2127.2189140555465,1.0,head
h_p47_cp49,-2127.2187283639723,1.0,head
h_p47_cp50,-2122.0540588316753,1.0,head
h_p47_cp51,-2122.0539158126785,1.0,head
h_p47_cp52,-2116.889153833426,1.0,head
h_p47_cp53,-2116.8890721080174,1.0,head
h_p47_cp54,-2111.7242234125324,1.0,head
h_p47_cp55,-2111.724220978143,1.0,head
h_p47_cp56,-2106.5592841676976,1.0,head
h_p47_cp57,-2106.559376827567,1.0,head
h_p47_cp58,-2101.3943479355767,1.0,head
h_p47_cp59,-2101.394547841098,1.0,head
h_p47_cp60,-2096.2294233032517,1.0,head
h_p47_cp61,-2096.2297378291205,1.0,head
h_p47_cp62,-2091.064516276036,1.0,head
h_p47_cp63,-2091.0649474030724,1.0,head
h_p47_cp64,-2085.8996305374394,1.0,head
h_p47_cp65,-2085.9001748317987,1.0,head
h_p47_cp66,-2080.7347675943165,1.0,head
h_p47_cp67,-2080.7354167627745,1.0,head
h_p47_cp68,-2075.5699269853562,1.0,head
h_p47_cp69,-2075.5706688807536,1.0,head
h_p47_cp70,-2070.405106633719,1.0,head
h_p47_cp71,-2070.405926509071,1.0,head
h_p47_cp72,-2065.240303344039,1.0,head
h_p47_cp73,-2065.241185126863,1.0,head
h_p47_cp74,-2060.0755133846824,1.0,head
h_p47_cp75,-2060.076440769652,1.0,head
h_p47_cp76,-2054.910733063823,1.0,head
h_p47_cp77,-2054.9116902917926,1.0,head
h_p47_cp78,-2049.7459592044675,1.0,head
h_p47_cp79,-2049.7469314878504,1.0,head
h_p47_cp80,-2044.5811894459293,1.0,head
h_p47_cp81,-2044.5821630886223,1.0,head
h_p47_cp82,-2039.4164223386226,1.0,head
h_p47_cp83,-2039.417384661071,1.0,head
h_p47_cp84,-2034.2516572439486,1.0,head
h_p47_cp85,-2034.25259644781,1.0,head
h_p47_cp86,-2029.0868940896153,1.0,head
h_p47_cp87,-2029.0877991810935,1.0,head
h_p47_cp88,-2023.922133054429,1.0,head
h_p47_cp89,-2023.9229939005286,1.0,head
h_p47_cp90,-2018.757374261318,1.0,head
h_p47_cp91,-2018.7581817953044,1.0,head
h_p47_cp92,-2013.592617544712,1.0,head
h_p47_cp93,-2013.593364083242,1.0,head
h_p47_cp94,-2008.4278623339412,1.0,head
h_p47_cp95,-2008.4285419321354,1.0,head
h_p47_cp96,-2003.263107666349,1.0,head
h_p47_cp97,-2003.263716425122,1.0,head
h_p47_cp98,-1998.0983523204413,1.0,head
h_p47_cp99,-1998.0988885718964,1.0,head
h_p47_cp100,-1992.9335950475124,1.0,head
h_p47_cp101,-1992.9340593724978,1.0,head
h_p47_cp102,-1987.768834883932,1.0,head
h_p47_cp103,-1987.7692299513108,1.0,head
h_p47_cp104,-1982.6040715482125,1.0,head
h_p47_cp105,-1982.6044017985341,1.0,head
h_p47_cp106,-1977.4393059688196,1.0,head
h_p47_cp107,-1977.4395771889438,1.0,head
h_p47_cp108,-1972.2745410542777,1.0,head
h_p47_cp109,-1972.274759900762,1.0,head
h_p47_cp110,-1967.1097829140613,1.0,head
h_p47_cp111,-1967.1099564421088,1.0,head
h_p47_cp112,-1961.9450428816176,1.0,head
h_p47_cp113,-1961.9451781259852,1.0,head
h_p47_cp114,-1956.7803409024484,1.0,head
h_p47_cp115,-1956.7804445410784,1.0,head
h_p47_cp116,-1951.615711163693,1.0,head
h_p47_cp117,-1951.6157892780968,1.0,head
h_p47_cp118,-1946.4512113006056,1.0,head
h_p47_cp119,-1946.451269232349,1.0,head
h_p47_cp120,-1941.2869371726058,1.0,head
h_p47_cp121,-1941.2869794645283,1.0,head
h_p47_cp122,-1936.1230461154792,1.0,head
h_p47_cp123,-1936.123076520068,1.0,head
h_p47_cp124,-1930.9597928003197,1.0,head
h_p47_cp125,-1930.9598143355709,1.0,head
h_p47_cp126,-1925.797583397289,1.0,head
h_p47_cp127,-1925.7975984313948,1.0,head
h_p47_cp128,-1920.637055639436,1.0,head
h_p47_cp129,-1920.6370659886368,1.0,head
h_p47_cp130,-1915.4791945126497,1.0,head
h_p47_cp131,-1915.4792015404064,1.0,head
h_p47_cp132,-1910.325495438011,1.0,head
h_p47_cp133,-1910.325500147557,1.0,head
h_p47_cp134,-1905.1781885636146,1.0,head
h_p47_cp135,-1905.178191679316,1.0,head
h_p47_cp136,-1900.0405385328522,1.0,head
h_p47_cp137,-1900.0405405684778,1.0,head
h_p47_cp138,-1894.9172330151196,1.0,head
h_p47_cp139,-1894.9172343289586,1.0,head
h_p47_cp140,-1889.8148693724036,1.0,head
h_p47_cp141,-1889.8148702103356,1.0,head
h_p47_cp142,-1884.7425410545254,1.0,head
h_p47_cp143,-1884.7425415827224,1.0,head
h_p47_cp144,-1879.7125128295208,1.0,head
h_p47_cp145,-1879.7125131586547,1.0,head
h_p47_cp146,-1874.740956464539,1.0,head
h_p47_cp147,-1874.740956667289,1.0,head
h_p47_cp148,-1869.84869661555,1.0,head
h_p47_cp149,-1869.8486967390068,1.0,head
h_p47_cp150,-1865.06189241463,1.0,head
h_p47_cp151,-1865.0618924889104,1.0,head
h_p47_cp152,-1860.4125570458334,1.0,head
h_p47_cp153,-1860.4125570899582,1.0,head
h_p47_cp154,-1855.938800385858,1.0,head
h_p47_cp155,-1855.9388004116956,1.0,head
h_p47_cp156,-1851.6846743254227,1.0,head
h_p47_cp157,-1851.6846743402914,1.0,head
h_p47_cp158,-1847.6995122329402,1.0,head
h_p47_cp159,-1847.6995122413025,1.0,head
h_p47_cp160,-1844.0366870169626,1.0,head
h_p47_cp161,-1844.0366870215091,1.0,head
h_p47_cp162,-1840.7517669508231,1.0,head
h_p47_cp163,-1840.7517669531592,1.0,head
h_p47_cp164,-2243.187296346485,1.0,head
h_p47_cp165,-1840.7553043482378,1.0,head
h_p47_cp166,-2243.186817799857,1.0,head
h_p47_cp167,-1840.7578181691817,1.0,head
h_p47_cp168,-2243.186464146552,1.0,head
h_p47_cp169,-1840.7595820311528,1.0,head
h_p47_cp170,-2243.186206786751,1.0,head
h_p47_cp171,-1840.7608039037466,1.0,head
h_p47_cp172,-2243.1860223281074,1.0,head
h_p47_cp173,-1840.7616394164404,1.0,head
h_p47_cp174,-2243.185892079579,1.0,head
h_p47_cp175,-1840.762203300809,1.0,head
h_p47_cp176,-2243.1858014324407,1.0,head
h_p47_cp177,-1840.7625788773348,1.0,head
h_p47_cp178,-2243.1857392066026,1.0,head
h_p47_cp179,-1840.762825740236,1.0,head
h_p47_cp180,-2243.1856970173385,1.0,head
h_p47_cp181,-1840.7629858611342,1.0,head
h_p47_cp182,-2243.1856686980973,1.0,head
h_p47_cp183,-1840.763088344311,1.0,head
h_p47_cp184,-2243.185649799119,1.0,head
h_p47_cp185,-1840.7631530595343,1.0,head
h_p47_cp186,-2243.1856371691347,1.0,head
h_p47_cp187,-1840.7631933627679,1.0,head
h_p47_cp188,-2243.1856286185703,1.0,head
h_p47_cp189,-1840.763218093576,1.0,head
h_p47_cp190,-2243.1856226568616,1.0,head
h_p47_cp191,-1840.7632330128474,1.0,head
h_p47_cp192,-2243.1856182933857,1.0,head
h_p47_cp193,-1840.7632418178073,1.0,head
h_p47_cp194,-2243.185614890389,1.0,head
h_p47_cp195,-1840.7632468451861,1.0,head
h_p47_cp196,-2243.185612056511,1.0,head
h_p47_cp197,-1840.7632495494818,1.0,head
h_p47_cp198,-2243.185609570699,1.0,head
h_p47_cp199,-1840.7632508224399,1.0,head
h_p47_cp200,-2243.1856073278996,1.0,head
h_p47_cp201,-1840.7632512026153,1.0,head
h_p47_cp202,-2243.1856052997446,1.0,head
h_p47_cp203,-1840.7632510100782,1.0,head
h_p47_cp204,-2243.185603505237,1.0,head
h_p47_cp205,-1840.7632504307185,1.0,head
h_p47_cp206,-2243.185601988076,1.0,head
h_p47_cp207,-1840.763249566665,1.0,head
h_p47_cp208,-2243.1856007986307,1.0,head
h_p47_cp209,-1840.7632484636038,1.0,head
h_p47_cp210,-2243.1855999796267,1.0,head
h_p47_cp211,-1840.7632471217482,1.0,head
h_p47_cp212,-2243.185599555261,1.0,head
h_p47_cp213,-1840.7632454945237,1.0,head
h_p47_cp214,-2243.185599523781,1.0,head
h_p47_cp215,-1840.7632434773052,1.0,head
h_p47_cp216,-2243.185599853543,1.0,head
h_p47_cp217,-1840.76324088763,1.0,head
h_p47_cp218,-2243.185600482339,1.0,head
h_p47_cp219,-1840.7632374379937,1.0,head
h_p47_cp220,-2243.185601319436,1.0,head
h_p47_cp221,-1840.7632327025424,1.0,head
h_p47_cp222,-2243.185602249483,1.0,head
h_p47_cp223,-1840.7632260797295,1.0,head
h_p47_cp224,-2243.1856031372845,1.0,head
h_p47_cp225,-1840.7632167541988,1.0,head
h_p47_cp226,-2243.185603832537,1.0,head
h_p47_cp227,-1840.7632036628725,1.0,head
h_p47_cp228,-2243.1856041739006,1.0,head
h_p47_cp229,-1840.7631854722763,1.0,head
h_p47_cp230,-2243.1856039923246,1.0,head
h_p47_cp231,-1840.763160576313,1.0,head
h_p47_cp232,-2243.1856031140924,1.0,head
h_p47_cp233,-1840.763127125538,1.0,head
h_p47_cp234,-2243.185601364648,1.0,head
h_p47_cp235,-1840.763083099784,1.0,head
h_p47_cp236,-2243.1855985745806,1.0,head
h_p47_cp237,-1840.763026434826,1.0,head
h_p47_cp238,-2243.185594589231,1.0,head
h_p47_cp239,-1840.7629552097703,1.0,head
h_p47_cp240,-2243.18558928295,1.0,head
h_p47_cp241,-1840.7628678942585,1.0,head
h_p47_cp242,-2243.185582578201,1.0,head
h_p47_cp243,-1840.7627636433185,1.0,head
h_p47_cp244,-2243.185574468392,1.0,head
h_p47_cp245,-1840.7626426136378,1.0,head
h_p47_cp246,-2243.18556504179,1.0,head
h_p47_cp247,-1840.7625062603058,1.0,head
h_p47_cp248,-2243.18555450233,1.0,head
h_p47_cp249,-1840.7623575610219,1.0,head
h_p47_cp250,-2243.1855431821227,1.0,head
h_p47_cp251,-1840.7622011095493,1.0,head
h_p47_cp252,-2243.1855315402577,1.0,head
h_p47_cp253,-1840.7620430257978,1.0,head
h_p47_cp254,-2243.185520143607,1.0,head
h_p47_cp255,-1840.761890648789,1.0,head
h_p47_cp256,-2243.1855096277686,1.0,head
h_p47_cp257,-1840.7617520105662,1.0,head
h_p47_cp258,-2243.185500639838,1.0,head
h_p47_cp259,-1840.7616351296026,1.0,head
h_p47_cp260,-2243.1854937686608,1.0,head
h_p47_cp261,-1840.761547203582,1.0,head
h_p47_cp262,-2243.1854894716184,1.0,head
h_p47_cp263,-1840.7614938133838,1.0,head
h_p47_cp264,-2243.1854880088345,1.0,head
h_p47_cp265,-1840.7614782630292,1.0,head
h_p47_cp266,-2243.1854893951418,1.0,head
h_p47_cp267,-1840.7615011680864,1.0,head
h_p47_cp268,-2243.1854933772333,1.0,head
h_p47_cp269,-1840.761560367802,1.0,head
h_p47_cp270,-2243.1854994386285,1.0,head
h_p47_cp271,-1840.7616511810475,1.0,head
h_p47_cp272,-2243.1855068297605,1.0,head
h_p47_cp273,-1840.7617669655112,1.0,head
h_p47_cp274,-2243.1855146160415,1.0,head
h_p47_cp275,-1840.7618998876696,1.0,head
h_p47_cp276,-2243.185521734436,1.0,head
h_p47_cp277,-1840.7620417795406,1.0,head
h_p47_cp278,-2243.185527049404,1.0,head
h_p47_cp279,-1840.7621849529346,1.0,head
h_p47_cp280,-2243.1855294019215,1.0,head
h_p47_cp281,-1840.7623228616114,1.0,head
h_p47_cp282,-2243.1855276496503,1.0,head
h_p47_cp283,-1840.7624505392691,1.0,head
h_p47_cp284,-2243.1855207010262,1.0,head
h_p47_cp285,-1840.7625647864274,1.0,head
h_p47_cp286,-2243.1855075496833,1.0,head
h_p47_cp287,-1840.7626641218692,1.0,head
h_p47_cp288,-2243.185487317327,1.0,head
h_p47_cp289,-1840.7627485467613,1.0,head
h_p47_cp290,-2243.1854593122202,1.0,head
h_p47_cp291,-1840.7628191880722,1.0,head
h_p47_cp292,-2243.1854231069437,1.0,head
h_p47_cp293,-1840.7628778921462,1.0,head
h_p47_cp294,-2243.1853786334027,1.0,head
h_p47_cp295,-1840.7629268317517,1.0,head
h_p47_cp296,-2243.185326286152,1.0,head
h_p47_cp297,-1840.762968174434,1.0,head
h_p47_cp298,-2243.1852670182943,1.0,head
h_p47_cp299,-1840.7630038407776,1.0,head
h_p47_cp300,-2243.1852024090367,1.0,head
h_p47_cp301,-1840.7630353620136,1.0,head
h_p47_cp302,-2243.1851346801286,1.0,head
h_p47_cp303,-1840.7630638301498,1.0,head
h_p47_cp304,-2243.185066641135,1.0,head
h_p47_cp305,-1840.7630899223248,1.0,head
h_p47_cp306,-2243.1850015514965,1.0,head
h_p47_cp307,-1840.7631139750831,1.0,head
h_p47_cp308,-2243.184942900021,1.0,head
h_p47_cp309,-1840.7631360834232,1.0,head
h_p47_cp310,-2243.1848941180738,1.0,head
h_p47_cp311,-1840.7631562027227,1.0,head
h_p47_cp312,-2243.1848582580906,1.0,head
h_p47_cp313,-1840.763174237479,1.0,head
h_p47_cp314,-2243.1848376804924,1.0,head
h_p47_cp315,-1840.763190107533,1.0,head
h_p47_cp316,-2243.184833796172,1.0,head
h_p47_cp317,-1840.7632037887572,1.0,head
h_p47_cp318,-2243.1848469064707,1.0,head
h_p47_cp319,-1840.7632153300847,1.0,head
h_p47_cp320,-2243.18487616824,1.0,head
h_p47_cp321,-1840.763224851792,1.0,head
h_p47_cp322,-2243.1849196909466,1.0,head
h_p47_cp323,-1840.7632325311797,1.0,head
h_p47_cp324,-2243.1849747504075,1.0,head
h_p47_cp325,-1840.7632385815275,1.0,head
h_p47_cp326,-2243.1850380847895,1.0,head
h_p47_cp327,-1840.763243228908,1.0,head
h_p47_cp328,-2243.185106227123,1.0,head
h_p47_cp329,-1840.763246689626,1.0,head
h_p47_cp330,-2243.185175826902,1.0,head
h_p47_cp331,-1840.7632491489917,1.0,head
h_p47_cp332,-2243.185243920748,1.0,head
h_p47_cp333,-1840.7632507400983,1.0,head
h_p47_cp334,-2243.185308126107,1.0,head
h_p47_cp335,-1840.7632515191522,1.0,head
h_p47_cp336,-2243.1853667487007,1.0,head
h_p47_cp337,-1840.7632514315626,1.0,head
h_p47_cp338,-2243.1854188102543,1.0,head
h_p47_cp339,-1840.7632502601143,1.0,head
h_p47_cp340,-2243.185464015259,1.0,head
h_p47_cp341,-1840.7632475426228,1.0,head
h_p47_cp342,-2243.1855026827593,1.0,head
h_p47_cp343,-1840.7632424410351,1.0,head
h_p47_cp344,-2243.1855356716114,1.0,head
h_p47_cp345,-1840.7632335363903,1.0,head
h_p47_cp346,-2243.1855643263198,1.0,head
h_p47_cp347,-1840.7632185137916,1.0,head
h_p47_cp348,-2243.1855904669687,1.0,head
h_p47_cp349,-1840.7631936880905,1.0,head
h_p47_cp350,-2243.1856164422916,1.0,head
h_p47_cp351,-1840.7631533039334,1.0,head
h_p47_cp352,-2243.185645260533,1.0,head
h_p47_cp353,-1840.7630885232134,1.0,head
h_p47_cp354,-2243.1856808087596,1.0,head
h_p47_cp355,-1840.7629859891122,1.0,head
h_p47_cp356,-2243.1857281674593,1.0,head
h_p47_cp357,-1840.7628258298937,1.0,head
h_p47_cp358,-2243.185794022843,1.0,head
h_p47_cp359,-1840.7625789389435,1.0,head
h_p47_cp360,-2243.1858871733666,1.0,head
h_p47_cp361,-1840.7622033423745,1.0,head
h_p47_cp362,-2243.1860191186647,1.0,head
h_p47_cp363,-1840.7616394439829,1.0,head
h_p47_cp364,-2243.186204707613,1.0,head
h_p47_cp365,-1840.7608039216602,1.0,head
h_p47_cp366,-2243.186462807305,1.0,head
h_p47_cp367,-1840.7595820425613,1.0,head
h_p47_cp368,-2243.1868169362433,1.0,head
h_p47_cp369,-1840.7578181762544,1.0,head
h_p47_cp370,-2243.187295782787,1.0,head
h_p47_cp371,-1840.7553043524501,1.0,head
h_p48_cp0,-2242.9844238971323,1.0,head
h_p48_cp1,-2242.9844234337975,1.0,head
h_p48_cp2,-2239.7408778699983,1.0,head
h_p48_cp3,-2239.7408771735027,1.0,head
h_p48_cp4,-2236.1159397746073,1.0,head
h_p48_cp5,-2236.1159387080297,1.0,head
h_p48_cp6,-2232.164777290087,1.0,head
h_p48_cp7,-2232.164775647968,1.0,head
h_p48_cp8,-2227.9405062876026,1.0,head
h_p48_cp9,-2227.940503767663,1.0,head
h_p48_cp10,-2223.492381749619,1.0,head
h_p48_cp11,-2223.4923779160886,1.0,head
h_p48_cp12,-2218.8645571294273,1.0,head
h_p48_cp13,-2218.864551367332,1.0,head
h_p48_cp14,-2214.0953999499466,1.0,head
h_p48_cp15,-2214.095391410753,1.0,head
h_p48_cp16,-2209.217297565451,1.0,head
h_p48_cp17,-2209.2172851063006,1.0,head
h_p48_cp18,-2204.256853660932,1.0,head
h_p48_cp19,-2204.2568357823548,1.0,head
h_p48_cp20,-2199.23536364151,1.0,head
h_p48_cp21,-2199.235338432138,1.0,head
h_p48_cp22,-2194.169460000555,1.0,head
h_p48_cp23,-2194.1694251016606,1.0,head
h_p48_cp24,-2189.071832339232,1.0,head
h_p48_cp25,-2189.0717849465664,1.0,head
h_p48_cp26,-2183.951947371328,1.0,head
h_p48_cp27,-2183.9518842957305,1.0,head
h_p48_cp28,-2178.8167171789432,1.0,head
h_p48_cp29,-2178.8166349893722,1.0,head
h_p48_cp30,-2173.671085290113,1.0,head
h_p48_cp31,-2173.6709805613773,1.0,head
h_p48_cp32,-2168.5185175692536,1.0,head
h_p48_cp33,-2168.518387250215,1.0,head
h_p48_cp34,-2163.361397618815,1.0,head
h_p48_cp35,-2163.3612395237064,1.0,head
h_p48_cp36,-2158.201334549331,1.0,head
h_p48_cp37,-2158.2011479546977,1.0,head
h_p48_cp38,-2153.039395315892,1.0,head
h_p48_cp39,-2153.039181619511,1.0,head
h_p48_cp40,-2147.8762753008655,1.0,head
h_p48_cp41,-2147.876038670183,1.0,head
h_p48_cp42,-2142.7124203996555,1.0,head
h_p48_cp43,-2142.7121683112023,1.0,head
h_p48_cp44,-2137.5481123509003,1.0,head
h_p48_cp45,-2137.5478559061685,1.0,head
h_p48_cp46,-2132.3835270600616,1.0,head
h_p48_cp47,-2132.3832809651394,1.0,head
h_p48_cp48,-2127.2187736114265,1.0,head
h_p48_cp49,-2127.2185557333532,1.0,head
h_p48_cp50,-2122.0539197946155,1.0,head
h_p48_cp51,-2122.053750258768,1.0,head
h_p48_cp52,-2116.8890084056043,1.0,head
h_p48_cp53,-2116.8889082708015,1.0,head
h_p48_cp54,-2111.724067350348,1.0,head
h_p48_cp55,-2111.7240569800574,1.0,head
h_p48_cp56,-2106.5591156594783,1.0,head
h_p48_cp57,-2106.559212980898,1.0,head
h_p48_cp58,-2101.394166866392,1.0,head
h_p48_cp59,-2101.39438575455,1.0,head
h_p48_cp60,-2096.22923074855,1.0,head
h_p48_cp61,-2096.2295797741062,1.0,head
h_p48_cp62,-2091.0643141246137,1.0,head
h_p48_cp63,-2091.0647958550167,1.0,head
h_p48_cp64,-2085.899421187392,1.0,head
h_p48_cp65,-2085.900032138236,1.0,head
h_p48_cp66,-2080.7345536957196,1.0,head
h_p48_cp67,-2080.7352849120707,1.0,head
h_p48_cp68,-2075.56971122262,1.0,head
h_p48_cp69,-2075.5705493566734,1.0,head
h_p48_cp70,-2070.4048915507274,1.0,head
h_p48_cp71,-2070.4058202205674,1.0,head
h_p48_cp72,-2065.240091218161,1.0,head
h_p48_cp73,-2065.2410924024007,1.0,head
h_p48_cp74,-2060.075306153539,1.0,head
h_p48_cp75,-2060.076361403527,1.0,head
h_p48_cp76,-2054.9105323033973,1.0,head
h_p48_cp77,-2054.911623628023,1.0,head
h_p48_cp78,-2049.745766150944,1.0,head
h_p48_cp79,-2049.746876526413,1.0,head
h_p48_cp80,-2044.5810050483688,1.0,head
h_p48_cp81,-2044.5821185995412,1.0,head
h_p48_cp82,-2039.4162473266274,1.0,head
h_p48_cp83,-2039.4173492940113,1.0,head
h_p48_cp84,-2034.2514921944933,1.0,head
h_p48_cp85,-2034.2525688280284,1.0,head
h_p48_cp86,-2029.0867394801144,1.0,head
h_p48_cp87,-2029.087777986217,1.0,head
h_p48_cp88,-2023.9219892941362,1.0,head
h_p48_cp89,-2023.9229779161335,1.0,head
h_p48_cp90,-2018.7572416991336,1.0,head
h_p48_cp91,-2018.7581699502678,1.0,head
h_p48_cp92,-2013.5924964572284,1.0,head
h_p48_cp93,-2013.593355468112,1.0,head
h_p48_cp94,-2008.427752902087,1.0,head
h_p48_cp95,-2008.4285358053871,1.0,head
h_p48_cp96,-2003.2630099518317,1.0,head
h_p48_cp97,-2003.2637122133526,1.0,head
h_p48_cp98,-1998.0982662544802,1.0,head
h_p48_cp99,-1998.0988858712265,1.0,head
h_p48_cp100,-1992.933520444841,1.0,head
h_p48_cp101,-1992.9340579602583,1.0,head
h_p48_cp102,-1987.7687714960086,1.0,head
h_p48_cp103,-1987.7692298203403,1.0,head
h_p48_cp104,-1982.6040191727252,1.0,head
h_p48_cp105,-1982.6044032321354,1.0,head
h_p48_cp106,-1977.4392646399417,1.0,head
h_p48_cp107,-1977.4395809042026,1.0,head
h_p48_cp108,-1972.2745113521225,1.0,head
h_p48_cp109,-1972.2747673034698,1.0,head
h_p48_cp110,-1967.109766455165,1.0,head
h_p48_cp111,-1967.1099700605093,1.0,head
h_p48_cp112,-1961.945043088302,1.0,head
h_p48_cp113,-1961.9452023262804,1.0,head
h_p48_cp114,-1956.780364201213,1.0,head
h_p48_cp115,-1956.7804866789054,1.0,head
h_p48_cp116,-1951.6157688351225,1.0,head
h_p48_cp117,-1951.6158615111244,1.0,head
h_p48_cp118,-1946.4513222987691,1.0,head
h_p48_cp119,-1946.4513913131148,1.0,head
h_p48_cp120,-1941.2871323514757,1.0,head
h_p48_cp121,-1941.2871829508654,1.0,head
h_p48_cp122,-1936.1233744399344,1.0,head
h_p48_cp123,-1936.1234109794912,1.0,head
h_p48_cp124,-1930.9603302683279,1.0,head
h_p48_cp125,-1930.9603562683928,1.0,head
h_p48_cp126,-1925.798445534277,1.0,head
h_p48_cp127,-1925.7984637715406,1.0,head
h_p48_cp128,-1920.6384145058237,1.0,head
h_p48_cp129,-1920.6384271211114,1.0,head
h_p48_cp130,-1915.4813011316191,1.0,head
h_p48_cp131,-1915.4813097407641,1.0,head
h_p48_cp132,-1910.3287083242142,1.0,head
h_p48_cp133,-1910.328714122698,1.0,head
h_p48_cp134,-1905.1830085228432,1.0,head
h_p48_cp135,-1905.1830123786729,1.0,head
h_p48_cp136,-1900.047649017897,1.0,head
h_p48_cp137,-1900.0476515502073,1.0,head
h_p48_cp138,-1894.927544002468,1.0,head
h_p48_cp139,-1894.9275456455,1.0,head
h_p48_cp140,-1889.8295609717557,1.0,head
h_p48_cp141,-1889.829562025231,1.0,head
h_p48_cp142,-1884.7631009909112,1.0,head
h_p48_cp143,-1884.7631016585667,1.0,head
h_p48_cp144,-1879.7407598074924,1.0,head
h_p48_cp145,-1879.740760225809,1.0,head
h_p48_cp146,-1874.7790396657247,1.0,head
h_p48_cp147,-1874.7790399248563,1.0,head
h_p48_cp148,-1869.899060774138,1.0,head
h_p48_cp149,-1869.8990609328396,1.0,head
h_p48_cp150,-1865.1271987107182,1.0,head
h_p48_cp151,-1865.1271988067865,1.0,head
h_p48_cp152,-1860.4955530323161,1.0,head
h_p48_cp153,-1860.4955530897628,1.0,head
h_p48_cp154,-1856.0421376294437,1.0,head
h_p48_cp155,-1856.0421376633385,1.0,head
h_p48_cp156,-1851.8106802245015,1.0,head
h_p48_cp157,-1851.8106802441912,1.0,head
h_p48_cp158,-1847.8499317617952,1.0,head
h_p48_cp159,-1847.8499317730111,1.0,head
h_p48_cp160,-1844.2124194541364,1.0,head
h_p48_cp161,-1844.2124194603543,1.0,head
h_p48_cp162,-1840.9526299915851,1.0,head
h_p48_cp163,-1840.9526299948893,1.0,head
h_p48_cp164,-2242.9837732714445,1.0,head
h_p48_cp165,-1840.9563185965567,1.0,head
h_p48_cp166,-2242.9832826436705,1.0,head
h_p48_cp167,-1840.9589506632556,1.0,head
h_p48_cp168,-2242.9829183017323,1.0,head
h_p48_cp169,-1840.9608056247207,1.0,head
h_p48_cp170,-2242.9826518142004,1.0,head
h_p48_cp171,-1840.9620966054667,1.0,head
h_p48_cp172,-2242.98245979543,1.0,head
h_p48_cp173,-1840.962983720041,1.0,head
h_p48_cp174,-2242.982323450683,1.0,head
h_p48_cp175,-1840.9635855208978,1.0,head
h_p48_cp176,-2242.9822280018107,1.0,head
h_p48_cp177,-1840.9639885111299,1.0,head
h_p48_cp178,-2242.982162069013,1.0,head
h_p48_cp179,-1840.9642548753832,1.0,head
h_p48_cp180,-2242.9821170633913,1.0,head
h_p48_cp181,-1840.9644286454716,1.0,head
h_p48_cp182,-2242.9820866268765,1.0,head
h_p48_cp183,-1840.9645405271365,1.0,head
h_p48_cp184,-2242.98206614079,1.0,head
h_p48_cp185,-1840.9646116074396,1.0,head
h_p48_cp186,-2242.9820523120716,1.0,head
h_p48_cp187,-1840.964656147615,1.0,head
h_p48_cp188,-2242.982042837236,1.0,head
h_p48_cp189,-1840.964683646253,1.0,head
h_p48_cp190,-2242.98203613809,1.0,head
h_p48_cp191,-1840.9647003341393,1.0,head
h_p48_cp192,-2242.98203115979,1.0,head
h_p48_cp193,-1840.9647102368208,1.0,head
h_p48_cp194,-2242.98202722036,1.0,head
h_p48_cp195,-1840.9647159159376,1.0,head
h_p48_cp196,-2242.982023900727,1.0,head
h_p48_cp197,-1840.9647189771101,1.0,head
h_p48_cp198,-2242.9820209652994,1.0,head
h_p48_cp199,-1840.9647204117148,1.0,head
h_p48_cp200,-2242.9820183045526,1.0,head
h_p48_cp201,-1840.9647208227066,1.0,head
h_p48_cp202,-2242.982015892846,1.0,head
h_p48_cp203,-1840.964720570782,1.0,head
h_p48_cp204,-2242.9820137564457,1.0,head
h_p48_cp205,-1840.9647198663847,1.0,head
h_p48_cp206,-2242.982011948407,1.0,head
h_p48_cp207,-1840.9647188249157,1.0,head
h_p48_cp208,-2242.9820105283416,1.0,head
h_p48_cp209,-1840.9647174965567,1.0,head
h_p48_cp210,-2242.9820095461946,1.0,head
h_p48_cp211,-1840.9647158779271,1.0,head
h_p48_cp212,-2242.982009029831,1.0,head
h_p48_cp213,-1840.9647139099447,1.0,head
h_p48_cp214,-2242.982008976523,1.0,head
h_p48_cp215,-1840.9647114644797,1.0,head
h_p48_cp216,-2242.9820093484004,1.0,head
h_p48_cp217,-1840.9647083214434,1.0,head
h_p48_cp218,-2242.9820100716374,1.0,head
h_p48_cp219,-1840.9647041376581,1.0,head
h_p48_cp220,-2242.9820110387677,1.0,head
h_p48_cp221,-1840.9646984091753,1.0,head
h_p48_cp222,-2242.98201211318,1.0,head
h_p48_cp223,-1840.9646904295698,1.0,head
h_p48_cp224,-2242.9820131346846,1.0,head
h_p48_cp225,-1840.9646792481392,1.0,head
h_p48_cp226,-2242.9820139251306,1.0,head
h_p48_cp227,-1840.9646636338286,1.0,head
h_p48_cp228,-2242.98201429339,1.0,head
h_p48_cp229,-1840.9646420529577,1.0,head
h_p48_cp230,-2242.982014039607,1.0,head
h_p48_cp231,-1840.9646126711182,1.0,head
h_p48_cp232,-2242.9820129592513,1.0,head
h_p48_cp233,-1840.9645733914479,1.0,head
h_p48_cp234,-2242.982010848131,1.0,head
h_p48_cp235,-1840.9645219420634,1.0,head
h_p48_cp236,-2242.9820075099033,1.0,head
h_p48_cp237,-1840.964456023811,1.0,head
h_p48_cp238,-2242.982002767652,1.0,head
h_p48_cp239,-1840.964373524685,1.0,head
h_p48_cp240,-2242.9819964806125,1.0,head
h_p48_cp241,-1840.9642727986238,1.0,head
h_p48_cp242,-2242.9819885661386,1.0,head
h_p48_cp243,-1840.9641529938642,1.0,head
h_p48_cp244,-2242.981979025565,1.0,head
h_p48_cp245,-1840.9640144007544,1.0,head
h_p48_cp246,-2242.981967970868,1.0,head
h_p48_cp247,-1840.963858773215,1.0,head
h_p48_cp248,-2242.9819556473967,1.0,head
h_p48_cp249,-1840.9636895656288,1.0,head
h_p48_cp250,-2242.9819424468365,1.0,head
h_p48_cp251,-1840.963512022177,1.0,head
h_p48_cp252,-2242.9819289044567,1.0,head
h_p48_cp253,-1840.9633330627157,1.0,head
h_p48_cp254,-2242.981915675977,1.0,head
h_p48_cp255,-1840.9631609306255,1.0,head
h_p48_cp256,-2242.981903492177,1.0,head
h_p48_cp257,-1840.9630046029658,1.0,head
h_p48_cp258,-2242.9818930933284,1.0,head
h_p48_cp259,-1840.9628730070872,1.0,head
h_p48_cp260,-2242.9818851498867,1.0,head
h_p48_cp261,-1840.9627741319925,1.0,head
h_p48_cp262,-2242.981880179626,1.0,head
h_p48_cp263,-1840.9627141564374,1.0,head
h_p48_cp264,-2242.981878473338,1.0,head
h_p48_cp265,-1840.9626967288066,1.0,head
h_p48_cp266,-2242.9818800405806,1.0,head
h_p48_cp267,-1840.9627225199101,1.0,head
h_p48_cp268,-2242.981884583706,1.0,head
h_p48_cp269,-1840.962789129366,1.0,head
h_p48_cp270,-2242.9818915031206,1.0,head
h_p48_cp271,-1840.9628913667818,1.0,head
h_p48_cp272,-2242.9818999308714,1.0,head
h_p48_cp273,-1840.9630218637444,1.0,head
h_p48_cp274,-2242.9819087847573,1.0,head
h_p48_cp275,-1840.9631719167726,1.0,head
h_p48_cp276,-2242.9819168325844,1.0,head
h_p48_cp277,-1840.9633324272243,1.0,head
h_p48_cp278,-2242.981922756518,1.0,head
h_p48_cp279,-1840.9634947979732,1.0,head
h_p48_cp280,-2242.981925210545,1.0,head
h_p48_cp281,-1840.9636516672933,1.0,head
h_p48_cp282,-2242.981922868819,1.0,head
h_p48_cp283,-1840.963797400341,1.0,head
h_p48_cp284,-2242.98191446776,1.0,head
h_p48_cp285,-1840.9639283071347,1.0,head
h_p48_cp286,-2242.981898848772,1.0,head
h_p48_cp287,-1840.9640426021488,1.0,head
h_p48_cp288,-2242.9818750102104,1.0,head
h_p48_cp289,-1840.96414015629,1.0,head
h_p48_cp290,-2242.9818421761465,1.0,head
h_p48_cp291,-1840.9642221128327,1.0,head
h_p48_cp292,-2242.9817998855606,1.0,head
h_p48_cp293,-1840.9642904443115,1.0,head
h_p48_cp294,-2242.9817480992665,1.0,head
h_p48_cp295,-1840.964347519875,1.0,head
h_p48_cp296,-2242.9816873143113,1.0,head
h_p48_cp297,-1840.9643957362753,1.0,head
h_p48_cp298,-2242.9816186681774,1.0,head
h_p48_cp299,-1840.9644372449739,1.0,head
h_p48_cp300,-2242.981544009632,1.0,head
h_p48_cp301,-1840.9644737870037,1.0,head
h_p48_cp302,-2242.9814659112826,1.0,head
h_p48_cp303,-1840.9645066293356,1.0,head
h_p48_cp304,-2242.9813876022063,1.0,head
h_p48_cp305,-1840.9645365837252,1.0,head
h_p48_cp306,-2242.981312808075,1.0,head
h_p48_cp307,-1840.9645640821018,1.0,head
h_p48_cp308,-2242.981245500301,1.0,head
h_p48_cp309,-1840.9645892812803,1.0,head
h_p48_cp310,-2242.9811895728476,1.0,head
h_p48_cp311,-1840.9646121729932,1.0,head
h_p48_cp312,-2242.981148482097,1.0,head
h_p48_cp313,-1840.9646326813363,1.0,head
h_p48_cp314,-2242.9811248974715,1.0,head
h_p48_cp315,-1840.9646507369068,1.0,head
h_p48_cp316,-2242.981120414759,1.0,head
h_p48_cp317,-1840.9646663237531,1.0,head
h_p48_cp318,-2242.9811353781447,1.0,head
h_p48_cp319,-1840.9646795006274,1.0,head
h_p48_cp320,-2242.9811688412105,1.0,head
h_p48_cp321,-1840.964690401487,1.0,head
h_p48_cp322,-2242.981218674571,1.0,head
h_p48_cp323,-1840.964699221675,1.0,head
h_p48_cp324,-2242.9812818033215,1.0,head
h_p48_cp325,-1840.9647061960818,1.0,head
h_p48_cp326,-2242.9813545366856,1.0,head
h_p48_cp327,-1840.9647115742985,1.0,head
h_p48_cp328,-2242.981432939633,1.0,head
h_p48_cp329,-1840.9647155958678,1.0,head
h_p48_cp330,-2242.981513194081,1.0,head
h_p48_cp331,-1840.9647184665562,1.0,head
h_p48_cp332,-2242.9815919051357,1.0,head
h_p48_cp333,-1840.9647203343134,1.0,head
h_p48_cp334,-2242.9816663228767,1.0,head
h_p48_cp335,-1840.9647212612917,1.0,head
h_p48_cp336,-2242.981734468436,1.0,head
h_p48_cp337,-1840.9647211857355,1.0,head
h_p48_cp338,-2242.981795170547,1.0,head
h_p48_cp339,-1840.9647198644582,1.0,head
h_p48_cp340,-2242.9818480323192,1.0,head
h_p48_cp341,-1840.964716782485,1.0,head
h_p48_cp342,-2242.981893356276,1.0,head
h_p48_cp343,-1840.964711010808,1.0,head
h_p48_cp344,-2242.9819320585957,1.0,head
h_p48_cp345,-1840.964700985434,1.0,head
h_p48_cp346,-2242.9819656021564,1.0,head
h_p48_cp347,-1840.964684170538,1.0,head
h_p48_cp348,-2242.981995973981,1.0,head
h_p48_cp349,-1840.964656555009,1.0,head
h_p48_cp350,-2242.982025727477,1.0,head
h_p48_cp351,-1840.964611914792,1.0,head
h_p48_cp352,-2242.982058104622,1.0,head
h_p48_cp353,-1840.964540753162,1.0,head
h_p48_cp354,-2242.9820972484117,1.0,head
h_p48_cp355,-1840.9644288079578,1.0,head
h_p48_cp356,-2242.9821485111966,1.0,head
h_p48_cp357,-1840.9642549898092,1.0,head
h_p48_cp358,-2242.9822188595513,1.0,head
h_p48_cp359,-1840.9639885901888,1.0,head
h_p48_cp360,-2242.9823173699697,1.0,head
h_p48_cp361,-1840.9635855745453,1.0,head
h_p48_cp362,-2242.982455801225,1.0,head
h_p48_cp363,-1840.9629837558127,1.0,head
h_p48_cp364,-2242.9826492180528,1.0,head
h_p48_cp365,-1840.9620966288987,1.0,head
h_p48_cp366,-2242.982916626566,1.0,head
h_p48_cp367,-1840.9608056397744,1.0,head
h_p48_cp368,-2242.983281564786,1.0,head
h_p48_cp369,-1840.9589506727025,1.0,head
h_p48_cp370,-2242.9837725716934,1.0,head
h_p48_cp371,-1840.9563186022947,1.0,head
h_p49_cp0,-2242.7815737299857,1.0,head
h_p49_cp1,-2242.781573161292,1.0,head
h_p49_cp2,-2239.563080874595,1.0,head
h_p49_cp3,-2239.56308001161,1.0,head
h_p49_cp4,-2235.9633946240015,1.0,head
h_p49_cp5,-2235.9633932980814,1.0,head
h_p49_cp6,-2232.036628755898,1.0,head
h_p49_cp7,-2232.0366267157033,1.0,head
h_p49_cp8,-2227.8350678811976,1.0,head
h_p49_cp9,-2227.8350647593093,1.0,head
h_p49_cp10,-2223.40738661708,1.0,head
h_p49_cp11,-2223.40738188708,1.0,head
h_p49_cp12,-2218.797406513313,1.0,head
h_p49_cp13,-2218.79739943675,1.0,head
h_p49_cp14,-2214.0433850931413,1.0,head
h_p49_cp15,-2214.04337465711,1.0,head
h_p49_cp16,-2209.1777794542472,1.0,head
h_p49_cp17,-2209.1777643024348,1.0,head
h_p49_cp18,-2204.2273936128863,1.0,head
h_p49_cp19,-2204.2273719760537,1.0,head
h_p49_cp20,-2199.213804936836,1.0,head
h_p49_cp21,-2199.2137745727523,1.0,head
h_p49_cp22,-2194.1539663038816,1.0,head
h_p49_cp23,-2194.153924461559,1.0,head
h_p49_cp24,-2189.0608918928765,1.0,head
h_p49_cp25,-2189.06083532097,1.0,head
h_p49_cp26,-2183.944352982419,1.0,head
h_p49_cp27,-2183.9442780058334,1.0,head
h_p49_cp28,-2178.811531434323,1.0,head
h_p49_cp29,-2178.8114341250543,1.0,head
h_p49_cp30,-2173.667598864062,1.0,head
h_p49_cp31,-2173.6674753302186,1.0,head
h_p49_cp32,-2168.5162065066,1.0,head
h_p49_cp33,-2168.5160533157223,1.0,head
h_p49_cp34,-2163.359883500459,1.0,head
h_p49_cp35,-2163.3596982381373,1.0,head
h_p49_cp36,-2158.2003497407472,1.0,head
h_p49_cp37,-2158.200131682915,1.0,head
h_p49_cp38,-2153.0387541840973,1.0,head
h_p49_cp39,-2153.03850503253,1.0,head
h_p49_cp40,-2147.875851379155,1.0,head
h_p49_cp41,-2147.8755759784135,1.0,head
h_p49_cp42,-2142.712128933784,1.0,head
h_p49_cp43,-2142.711835860173,1.0,head
h_p49_cp44,-2137.5478973958434,1.0,head
h_p49_cp45,-2137.54759929278,1.0,head
h_p49_cp46,-2132.383352227818,1.0,head
h_p49_cp47,-2132.3830657655585,1.0,head
h_p49_cp48,-2127.2186156222297,1.0,head
h_p49_cp49,-2127.218360989331,1.0,head
h_p49_cp50,-2122.053764098091,1.0,head
h_p49_cp51,-2122.0535639888294,1.0,head
h_p49_cp52,-2116.8888462745945,1.0,head
h_p49_cp53,-2116.888724415518,1.0,head
h_p49_cp54,-2111.7238939838926,1.0,head
h_p49_cp55,-2111.7238733307863,1.0,head
h_p49_cp56,-2106.558928950169,1.0,head
h_p49_cp57,-2106.5590297651183,1.0,head
h_p49_cp58,-2101.39396658621,1.0,head
h_p49_cp59,-2101.3942046523034,1.0,head
h_p49_cp60,-2096.2290179861952,1.0,head
h_p49_cp61,-2096.229403218112,1.0,head
h_p49_cp62,-2091.064090868039,1.0,head
h_p49_cp63,-2091.064626523579,1.0,head
h_p49_cp64,-2085.8991899902467,1.0,head
h_p49_cp65,-2085.8998725882434,1.0,head
h_p49_cp66,-2080.734317398072,1.0,head
h_p49_cp67,-2080.7351373228203,1.0,head
h_p49_cp68,-2075.569472716687,1.0,head
h_p49_cp69,-2075.5704153676584,1.0,head
h_p49_cp70,-2070.404653593351,1.0,head
h_p49_cp71,-2070.405700851182,1.0,head
h_p49_cp72,-2065.2398562952803,1.0,head
h_p49_cp73,-2065.2409880418045,1.0,head
h_p49_cp74,-2060.0750764000163,1.0,head
h_p49_cp75,-2060.0762718571914,1.0,head
h_p49_cp76,-2054.910309476431,1.0,head
h_p49_cp77,-2054.9115482056213,1.0,head
h_p49_cp78,-2049.745551649134,1.0,head
h_p49_cp79,-2049.7468141548516,1.0,head
h_p49_cp80,-2044.580799963209,1.0,head
h_p49_cp81,-2044.5820679456222,1.0,head
h_p49_cp82,-2039.4160525102097,1.0,head
h_p49_cp83,-2039.4173088833993,1.0,head
h_p49_cp84,-2034.2513083271922,1.0,head
h_p49_cp85,-2034.252537150479,1.0,head
h_p49_cp86,-2029.086567124915,1.0,head
h_p49_cp87,-2029.0877535808156,1.0,head
h_p49_cp88,-2023.9218289293512,1.0,head
h_p49_cp89,-2023.9229594340409,1.0,head
h_p49_cp90,-2018.7570937273638,1.0,head
h_p49_cp91,-2018.7581561957204,1.0,head
h_p49_cp92,-2013.5923611943579,1.0,head
h_p49_cp93,-2013.5933454209749,1.0,head
h_p49_cp94,-2008.4276305548667,1.0,head
h_p49_cp95,-2008.4285286304248,1.0,head
h_p49_cp96,-2003.262900595724,1.0,head
h_p49_cp97,-2003.2637072628359,1.0,head
h_p49_cp98,-1998.0981698250223,1.0,head
h_p49_cp99,-1998.0988826889559,1.0,head
h_p49_cp100,-1992.9334367566205,1.0,head
h_p49_cp101,-1992.9340562972175,1.0,head
h_p49_cp102,-1987.7687003047329,1.0,head
h_p49_cp103,-1987.7692296758669,1.0,head
h_p49_cp104,-1982.6039602995713,1.0,head
h_p49_cp105,-1982.6044049408104,1.0,head
h_p49_cp106,-1977.4392181855324,1.0,head
h_p49_cp107,-1977.4395852991665,1.0,head
h_p49_cp108,-1972.2744780425076,1.0,head
h_p49_cp109,-1972.2747760035313,1.0,head
h_p49_cp110,-1967.1097481869604,1.0,head
h_p49_cp111,-1967.1099859538454,1.0,head
h_p49_cp112,-1961.9450437777707,1.0,head
h_p49_cp113,-1961.9452303608862,1.0,head
h_p49_cp114,-1956.7803910960338,1.0,head
h_p49_cp115,-1956.7805351229133,1.0,head
h_p49_cp116,-1951.6158345212032,1.0,head
h_p49_cp117,-1951.6159439182568,1.0,head
h_p49_cp118,-1946.4514477300131,1.0,head
h_p49_cp119,-1946.4515295225408,1.0,head
h_p49_cp120,-1941.2873513477464,1.0,head
h_p49_cp121,-1941.2874115666286,1.0,head
h_p49_cp122,-1936.1237402324123,1.0,head
h_p49_cp123,-1936.1237839075395,1.0,head
h_p49_cp124,-1930.9609248087447,1.0,head
h_p49_cp125,-1930.9609560258332,1.0,head
h_p49_cp126,-1925.7993923998824,1.0,head
h_p49_cp127,-1925.7994143978058,1.0,head
h_p49_cp128,-1920.6398962844683,1.0,head
h_p49_cp129,-1920.639911573289,1.0,head
h_p49_cp130,-1915.4835821023291,1.0,head
h_p49_cp131,-1915.4835925865618,1.0,head
h_p49_cp132,-1910.332162982843,1.0,head
h_p49_cp133,-1910.3321700791198,1.0,head
h_p49_cp134,-1905.188155955416,1.0,head
h_p49_cp135,-1905.1881606979273,1.0,head
h_p49_cp136,-1900.055192218339,1.0,head
h_p49_cp137,-1900.0551953488339,1.0,head
h_p49_cp138,-1894.9384119211074,1.0,head
h_p49_cp139,-1894.938413962732,1.0,head
h_p49_cp140,-1889.8449493881787,1.0,head
h_p49_cp141,-1889.8449507040548,1.0,head
h_p49_cp142,-1884.7845063573059,1.0,head
h_p49_cp143,-1884.7845071956672,1.0,head
h_p49_cp144,-1879.7699982734998,1.0,head
h_p49_cp145,-1879.769998801585,1.0,head
h_p49_cp146,-1874.8182419908187,1.0,head
h_p49_cp147,-1874.8182423197334,1.0,head
h_p49_cp148,-1869.9506333007935,1.0,head
h_p49_cp149,-1869.9506335033623,1.0,head
h_p49_cp150,-1865.193741597829,1.0,head
h_p49_cp151,-1865.19374172117,1.0,head
h_p49_cp152,-1860.5797300281179,1.0,head
h_p49_cp153,-1860.5797301023351,1.0,head
h_p49_cp154,-1856.1464970196764,1.0,head
h_p49_cp155,-1856.1464970637737,1.0,head
h_p49_cp156,-1851.937433992925,1.0,head
h_p49_cp157,-1851.9374340187542,1.0,head
h_p49_cp158,-1848.0007086312228,1.0,head
h_p49_cp159,-1848.0007086460948,1.0,head
h_p49_cp160,-1844.3880159330463,1.0,head
h_p49_cp161,-1844.3880159414182,1.0,head
h_p49_cp162,-1841.152790011776,1.0,head
h_p49_cp163,-1841.1527900163362,1.0,head
h_p49_cp164,-2242.78091026074,1.0,head
h_p49_cp165,-1841.1566315813523,1.0,head
h_p49_cp166,-2242.780407717922,1.0,head
h_p49_cp167,-1841.15938371581,1.0,head
h_p49_cp168,-2242.780032776059,1.0,head
h_p49_cp169,-1841.1613315557981,1.0,head
h_p49_cp170,-2242.7797571845017,1.0,head
h_p49_cp171,-1841.1626933013263,1.0,head
h_p49_cp172,-2242.779557579818,1.0,head
h_p49_cp173,-1841.1636335002618,1.0,head
h_p49_cp174,-2242.7794150790382,1.0,head
h_p49_cp175,-1841.1642744988358,1.0,head
h_p49_cp176,-2242.779314748053,1.0,head
h_p49_cp177,-1841.1647059758316,1.0,head
h_p49_cp178,-2242.7792450178736,1.0,head
h_p49_cp179,-1841.1649927144786,1.0,head
h_p49_cp180,-2242.7791971028096,1.0,head
h_p49_cp181,-1841.165180824972,1.0,head
h_p49_cp182,-2242.779164457804,1.0,head
h_p49_cp183,-1841.165302638262,1.0,head
h_p49_cp184,-2242.7791422974956,1.0,head
h_p49_cp185,-1841.1653804844152,1.0,head
h_p49_cp186,-2242.779127187628,1.0,head
h_p49_cp187,-1841.165429554995,1.0,head
h_p49_cp188,-2242.7791167104115,1.0,head
h_p49_cp189,-1841.1654600303468,1.0,head
h_p49_cp190,-2242.779109199192,1.0,head
h_p49_cp191,-1841.1654786306678,1.0,head
h_p49_cp192,-2242.7791035340665,1.0,head
h_p49_cp193,-1841.1654897258447,1.0,head
h_p49_cp194,-2242.7790989882797,1.0,head
h_p49_cp195,-1841.1654961150796,1.0,head
h_p49_cp196,-2242.7790951149445,1.0,head
h_p49_cp197,-1841.1654995647725,1.0,head
h_p49_cp198,-2242.7790916643366,1.0,head
h_p49_cp199,-1841.1655011730634,1.0,head
h_p49_cp200,-2242.7790885233317,1.0,head
h_p49_cp201,-1841.1655016123923,1.0,head
h_p49_cp202,-2242.77908567024,1.0,head
h_p49_cp203,-1841.1655012875322,1.0,head
h_p49_cp204,-2242.7790831400152,1.0,head
h_p49_cp205,-1841.1655004356087,1.0,head
h_p49_cp206,-2242.7790809965004,1.0,head
h_p49_cp207,-1841.1654991862874,1.0,head
h_p49_cp208,-2242.779079309795,1.0,head
h_p49_cp209,-1841.1654975941701,1.0,head
h_p49_cp210,-2242.7790781379467,1.0,head
h_p49_cp211,-1841.1654956510708,1.0,head
h_p49_cp212,-2242.779077512847,1.0,head
h_p49_cp213,-1841.1654932828835,1.0,head
h_p49_cp214,-2242.7790774305176,1.0,head
h_p49_cp215,-1841.1654903338883,1.0,head
h_p49_cp216,-2242.7790778458825,1.0,head
h_p49_cp217,-1841.1654865403848,1.0,head
h_p49_cp218,-2242.7790786717956,1.0,head
h_p49_cp219,-1841.1654814952954,1.0,head
h_p49_cp220,-2242.779079781661,1.0,head
h_p49_cp221,-1841.1654746057914,1.0,head
h_p49_cp222,-2242.77908101459,1.0,head
h_p49_cp223,-1841.1654650470225,1.0,head
h_p49_cp224,-2242.7790821818635,1.0,head
h_p49_cp225,-1841.1654517166062,1.0,head
h_p49_cp226,-2242.779083073566,1.0,head
h_p49_cp227,-1841.1654331966424,1.0,head
h_p49_cp228,-2242.779083464638,1.0,head
h_p49_cp229,-1841.165407732446,1.0,head
h_p49_cp230,-2242.779083120232,1.0,head
h_p49_cp231,-1841.1653732395991,1.0,head
h_p49_cp232,-2242.77908180097,1.0,head
h_p49_cp233,-1841.1653273527008,1.0,head
h_p49_cp234,-2242.779079269382,1.0,head
h_p49_cp235,-1841.1652675295197,1.0,head
h_p49_cp236,-2242.779075299196,1.0,head
h_p49_cp237,-1841.165191222074,1.0,head
h_p49_cp238,-2242.779069689166,1.0,head
h_p49_cp239,-1841.1650961204996,1.0,head
h_p49_cp240,-2242.7790622825537,1.0,head
h_p49_cp241,-1841.1649804657761,1.0,head
h_p49_cp242,-2242.779052992245,1.0,head
h_p49_cp243,-1841.164843413567,1.0,head
h_p49_cp244,-2242.7790418298723,1.0,head
h_p49_cp245,-1841.1646854148737,1.0,head
h_p49_cp246,-2242.779028935368,1.0,head
h_p49_cp247,-1841.1645085625698,1.0,head
h_p49_cp248,-2242.7790146016296,1.0,head
h_p49_cp249,-1841.164316840171,1.0,head
h_p49_cp250,-2242.778999287776,1.0,head
h_p49_cp251,-1841.1641162050169,1.0,head
h_p49_cp252,-2242.778983614475,1.0,head
h_p49_cp253,-1841.1639144467697,1.0,head
h_p49_cp254,-2242.778968336318,1.0,head
h_p49_cp255,-1841.163720786033,1.0,head
h_p49_cp256,-2242.778954289362,1.0,head
h_p49_cp257,-1841.1635452160776,1.0,head
h_p49_cp258,-2242.77894231636,1.0,head
h_p49_cp259,-1841.1633976378296,1.0,head
h_p49_cp260,-2242.778933176996,1.0,head
h_p49_cp261,-1841.1632868853035,1.0,head
h_p49_cp262,-2242.7789274545044,1.0,head
h_p49_cp263,-1841.163219774037,1.0,head
h_p49_cp264,-2242.778925472122,1.0,head
h_p49_cp265,-1841.1632003181842,1.0,head
h_p49_cp266,-2242.7789272320824,1.0,head
h_p49_cp267,-1841.163229246286,1.0,head
h_p49_cp268,-2242.7789323862353,1.0,head
h_p49_cp269,-1841.1633039018875,1.0,head
h_p49_cp270,-2242.778940241602,1.0,head
h_p49_cp271,-1841.1634185513303,1.0,head
h_p49_cp272,-2242.7789497977424,1.0,head
h_p49_cp273,-1841.1635650511635,1.0,head
h_p49_cp274,-2242.7789598074673,1.0,head
h_p49_cp275,-1841.1637337677187,1.0,head
h_p49_cp276,-2242.7789688495536,1.0,head
h_p49_cp277,-1841.1639146045063,1.0,head
h_p49_cp278,-2242.7789754024648,1.0,head
h_p49_cp279,-1841.164097985962,1.0,head
h_p49_cp280,-2242.778977911346,1.0,head
h_p49_cp281,-1841.1642756675878,1.0,head
h_p49_cp282,-2242.778974845738,1.0,head
h_p49_cp283,-1841.1644412849546,1.0,head
h_p49_cp284,-2242.778964750935,1.0,head
h_p49_cp285,-1841.1645906059555,1.0,head
h_p49_cp286,-2242.778946300271,1.0,head
h_p49_cp287,-1841.1647215006433,1.0,head
h_p49_cp288,-2242.7789183574455,1.0,head
h_p49_cp289,-1841.1648336819708,1.0,head
h_p49_cp290,-2242.778880056791,1.0,head
h_p49_cp291,-1841.1649282940089,1.0,head
h_p49_cp292,-2242.77883090498,1.0,head
h_p49_cp293,-1841.1650074309446,1.0,head
h_p49_cp294,-2242.7787709007384,1.0,head
h_p49_cp295,-1841.1650736628237,1.0,head
h_p49_cp296,-2242.7787006608432,1.0,head
h_p49_cp297,-1841.1651296268467,1.0,head
h_p49_cp298,-2242.7786215326983,1.0,head
h_p49_cp299,-1841.1651777209001,1.0,head
h_p49_cp300,-2242.7785356679624,1.0,head
h_p49_cp301,-1841.16521991342,1.0,head
h_p49_cp302,-2242.7784460300763,1.0,head
h_p49_cp303,-1841.1652576641109,1.0,head
h_p49_cp304,-2242.7783563124535,1.0,head
h_p49_cp305,-1841.1652919358723,1.0,head
h_p49_cp306,-2242.7782707542897,1.0,head
h_p49_cp307,-1841.1653232704007,1.0,head
h_p49_cp308,-2242.7781938565427,1.0,head
h_p49_cp309,-1841.165351898136,1.0,head
h_p49_cp310,-2242.7781300193265,1.0,head
h_p49_cp311,-1841.1653778563677,1.0,head
h_p49_cp312,-2242.778083140149,1.0,head
h_p49_cp313,-1841.1654010956393,1.0,head
h_p49_cp314,-2242.7780562255766,1.0,head
h_p49_cp315,-1841.1654215622225,1.0,head
h_p49_cp316,-2242.7780510733205,1.0,head
h_p49_cp317,-1841.1654392518205,1.0,head
h_p49_cp318,-2242.7780680750698,1.0,head
h_p49_cp319,-1841.1654542355238,1.0,head
h_p49_cp320,-2242.7781061731143,1.0,head
h_p49_cp321,-1841.1654666629302,1.0,head
h_p49_cp322,-2242.778162979178,1.0,head
h_p49_cp323,-1841.1654767491232,1.0,head
h_p49_cp324,-2242.778235037177,1.0,head
h_p49_cp325,-1841.1654847522095,1.0,head
h_p49_cp326,-2242.77831818889,1.0,head
h_p49_cp327,-1841.1654909468682,1.0,head
h_p49_cp328,-2242.778407987566,1.0,head
h_p49_cp329,-1841.1654955973775,1.0,head
h_p49_cp330,-2242.778500101877,1.0,head
h_p49_cp331,-1841.1654989312492,1.0,head
h_p49_cp332,-2242.778590660824,1.0,head
h_p49_cp333,-1841.1655011121761,1.0,head
h_p49_cp334,-2242.7786765063547,1.0,head
h_p49_cp335,-1841.1655022084765,1.0,head
h_p49_cp336,-2242.778755340264,1.0,head
h_p49_cp337,-1841.1655021504703,1.0,head
h_p49_cp338,-2242.7788257710326,1.0,head
h_p49_cp339,-1841.1655006668839,1.0,head
h_p49_cp340,-2242.778887281328,1.0,head
h_p49_cp341,-1841.1654971860562,1.0,head
h_p49_cp342,-2242.7789401462524,1.0,head
h_p49_cp343,-1841.1654906818671,1.0,head
h_p49_cp344,-2242.778985335892,1.0,head
h_p49_cp345,-1841.1654794363844,1.0,head
h_p49_cp346,-2242.7790244343846,1.0,head
h_p49_cp347,-1841.1654606807326,1.0,head
h_p49_cp348,-2242.77905960336,1.0,head
h_p49_cp349,-1841.1654300621647,1.0,head
h_p49_cp350,-2242.7790936116417,1.0,head
h_p49_cp351,-1841.165380868601,1.0,head
h_p49_cp352,-2242.779129947015,1.0,head
h_p49_cp353,-1841.1653029220531,1.0,head
h_p49_cp354,-2242.779173020104,1.0,head
h_p49_cp355,-1841.1651810299597,1.0,head
h_p49_cp356,-2242.779228464929,1.0,head
h_p49_cp357,-1841.1649928595623,1.0,head
h_p49_cp358,-2242.779303535049,1.0,head
h_p49_cp359,-1841.1647060766027,1.0,head
h_p49_cp360,-2242.7794075874835,1.0,head
h_p49_cp361,-1841.1642745675979,1.0,head
h_p49_cp362,-2242.779552638038,1.0,head
h_p49_cp363,-1841.1636335463859,1.0,head
h_p49_cp364,-2242.779753960779,1.0,head
h_p49_cp365,-1841.1626933317398,1.0,head
h_p49_cp366,-2242.7800306909344,1.0,head
h_p49_cp367,-1841.1613315754923,1.0,head
h_p49_cp368,-2242.780406374853,1.0,head
h_p49_cp369,-1841.1593837282978,1.0,head
h_p49_cp370,-2242.7809093930305,1.0,head
h_p49_cp371,-1841.1566315890561,1.0,head
h_p50_cp0,-2242.5793963058086,1.0,head
h_p50_cp1,-2242.579395607015,1.0,head
h_p50_cp2,-2239.3854090578325,1.0,head
h_p50_cp3,-2239.3854079906114,1.0,head
h_p50_cp4,-2235.810496142522,1.0,head
h_p50_cp5,-2235.810494500354,1.0,head
h_p50_cp6,-2231.907745574343,1.0,head
h_p50_cp7,-2231.9077430514185,1.0,head
h_p50_cp8,-2227.728624342674,1.0,head
h_p50_cp9,-2227.7286204947236,1.0,head
h_p50_cp10,-2223.3212268000666,1.0,head
h_p50_cp11,-2223.3212209947214,1.0,head
h_p50_cp12,-2218.7290318305413,1.0,head
h_p50_cp13,-2218.729023187078,1.0,head
h_p50_cp14,-2213.990168937616,1.0,head
h_p50_cp15,-2213.990156252951,1.0,head
h_p50_cp16,-2209.137143442608,1.0,head
h_p50_cp17,-2209.1371251153596,1.0,head
h_p50_cp18,-2204.1969379942134,1.0,head
h_p50_cp19,-2204.196911947607,1.0,head
h_p50_cp20,-2199.191392521234,1.0,head
h_p50_cp21,-2199.1913561366473,1.0,head
h_p50_cp22,-2194.137764650998,1.0,head
h_p50_cp23,-2194.1377147351936,1.0,head
h_p50_cp24,-2189.0493818207365,1.0,head
h_p50_cp25,-2189.0493146216545,1.0,head
h_p50_cp26,-2183.9363127113975,1.0,head
h_p50_cp27,-2183.936224013173,1.0,head
h_p50_cp28,-2178.806005346933,1.0,head
h_p50_cp29,-2178.8058906723486,1.0,head
h_p50_cp30,-2173.663858529784,1.0,head
h_p50_cp31,-2173.6637134755065,1.0,head
h_p50_cp32,-2168.513709825521,1.0,head
h_p50_cp33,-2168.513530546308,1.0,head
h_p50_cp34,-2163.358235967822,1.0,head
h_p50_cp35,-2163.3580198087043,1.0,head
h_p50_cp36,-2158.199270191948,1.0,head
h_p50_cp37,-2158.19901644208,1.0,head
h_p50_cp38,-2153.0380460810243,1.0,head
h_p50_cp39,-2153.03775679126,1.0,head
h_p50_cp40,-2147.8753797775325,1.0,head
h_p50_cp41,-2147.875060549968,1.0,head
h_p50_cp42,-2142.7118026940275,1.0,head
h_p50_cp43,-2142.711463322522,1.0,head
h_p50_cp44,-2137.5476558990385,1.0,head
h_p50_cp45,-2137.5473107235266,1.0,head
h_p50_cp46,-2132.3831557561075,1.0,head
h_p50_cp47,-2132.3828235990504,1.0,head
h_p50_cp48,-2127.218438587753,1.0,head
h_p50_cp49,-2127.2181421745227,1.0,head
h_p50_cp50,-2122.0535903993373,1.0,head
h_p50_cp51,-2122.053355227044,1.0,head
h_p50_cp52,-2116.888666182932,1.0,head
h_p50_cp53,-2116.8885188879067,1.0,head
h_p50_cp54,-2111.7237020900798,1.0,head
h_p50_cp55,-2111.723668458959,1.0,head
h_p50_cp56,-2106.5587228166837,1.0,head
h_p50_cp57,-2106.558825669525,1.0,head
h_p50_cp58,-2101.3937458499445,1.0,head
h_p50_cp59,-2101.3940030741123,1.0,head
h_p50_cp60,-2096.2287837361037,1.0,head
h_p50_cp61,-2096.2292067494514,1.0,head
h_p50_cp62,-2091.0638451847076,1.0,head
h_p50_cp63,-2091.0644380491335,1.0,head
h_p50_cp64,-2085.898935581071,1.0,head
h_p50_cp65,-2085.8996948809195,1.0,head
h_p50_cp66,-2080.7340572948488,1.0,head
h_p50_cp67,-2080.734972760999,1.0,head
h_p50_cp68,-2075.569210023979,1.0,head
h_p50_cp69,-2075.570265754955,1.0,head
h_p50_cp70,-2070.4043912878055,1.0,head
h_p50_cp71,-2070.405567325126,1.0,head
h_p50_cp72,-2065.239597080177,1.0,head
h_p50_cp73,-2065.2408710585496,1.0,head
h_p50_cp74,-2060.0748226177875,1.0,head
h_p50_cp75,-2060.076171237806,1.0,head
h_p50_cp76,-2054.9100630769617,1.0,head
h_p50_cp77,-2054.9114632276696,1.0,head
h_p50_cp78,-2049.745314205578,1.0,head
h_p50_cp79,-2049.746743672093,1.0,head
h_p50_cp80,-2044.5805727217908,1.0,head
h_p50_cp81,-2044.5820105193002,1.0,head
h_p50_cp82,-2039.4158364574566,1.0,head
h_p50_cp83,-2039.4172629107886,1.0,head
h_p50_cp84,-2034.2511042580065,1.0,head
h_p50_cp85,-2034.252500979731,1.0,head
h_p50_cp86,-2029.086375697797,1.0,head
h_p50_cp87,-2029.0877256051026,1.0,head
h_p50_cp88,-2023.9216507001993,1.0,head
h_p50_cp89,-2023.922938161971,1.0,head
h_p50_cp90,-2018.756929159502,1.0,head
h_p50_cp91,-2018.7581402985138,1.0,head
h_p50_cp92,-2013.592210648554,1.0,head
h_p50_cp93,-2013.5933337597226,1.0,head
h_p50_cp94,-2008.427494268086,1.0,head
h_p50_cp95,-2008.4285202688945,1.0,head
h_p50_cp96,-2003.2627786607611,1.0,head
h_p50_cp97,-2003.2637014730165,1.0,head
h_p50_cp98,-1998.098062185056,1.0,head
h_p50_cp99,-1998.0988789582823,1.0,head
h_p50_cp100,-1992.933343229943,1.0,head
h_p50_cp101,-1992.9340543489116,1.0,head
h_p50_cp102,-1987.768620656752,1.0,head
h_p50_cp103,-1987.7692295179304,1.0,head
h_p50_cp104,-1982.6038943834897,1.0,head
h_p50_cp105,-1982.6044069661732,1.0,head
h_p50_cp106,-1977.439166182051,1.0,head
h_p50_cp107,-1977.4395904708356,1.0,head
h_p50_cp108,-1972.2744408450233,1.0,head
h_p50_cp109,-1972.274786176376,1.0,head
h_p50_cp110,-1967.10972800479,1.0,head
h_p50_cp111,-1967.1100044114667,1.0,head
h_p50_cp112,-1961.9450450690792,1.0,head
h_p50_cp113,-1961.9452626849177,1.0,head
h_p50_cp114,-1956.7804219975476,1.0,head
h_p50_cp115,-1956.7805905665048,1.0,head
h_p50_cp116,-1951.6159090162705,1.0,head
h_p50_cp117,-1951.6160375284871,1.0,head
h_p50_cp118,-1946.451588891699,1.0,head
h_p50_cp119,-1946.4516853500088,1.0,head
h_p50_cp120,-1941.2875961080683,1.0,head
h_p50_cp121,-1941.2876674133836,1.0,head
h_p50_cp122,-1936.1241462559378,1.0,head
h_p50_cp123,-1936.1241981904448,1.0,head
h_p50_cp124,-1930.96158017369,1.0,head
h_p50_cp125,-1930.961617456602,1.0,head
h_p50_cp126,-1925.8004288858817,1.0,head
h_p50_cp127,-1925.8004552766133,1.0,head
h_p50_cp128,-1920.6415070918351,1.0,head
h_p50_cp129,-1920.6415255185025,1.0,head
h_p50_cp130,-1915.4860447253022,1.0,head
h_p50_cp131,-1915.486057421033,1.0,head
h_p50_cp132,-1910.3358676576668,1.0,head
h_p50_cp133,-1910.33587629222,1.0,head
h_p50_cp134,-1905.1936395262999,1.0,head
h_p50_cp135,-1905.1936453251446,1.0,head
h_p50_cp136,-1900.0631763443298,1.0,head
h_p50_cp137,-1900.0631801911475,1.0,head
h_p50_cp138,-1894.9498432543678,1.0,head
h_p50_cp139,-1894.9498457758077,1.0,head
h_p50_cp140,-1889.8610377269322,1.0,head
h_p50_cp141,-1889.861039360355,1.0,head
h_p50_cp142,-1884.806754955077,1.0,head
h_p50_cp143,-1884.8067560011286,1.0,head
h_p50_cp144,-1879.8002187393506,1.0,head
h_p50_cp145,-1879.8002194017115,1.0,head
h_p50_cp146,-1874.8585449459872,1.0,head
h_p50_cp147,-1874.8585453607313,1.0,head
h_p50_cp148,-1870.0033856701398,1.0,head
h_p50_cp149,-1870.0033859269608,1.0,head
h_p50_cp150,-1865.261482636204,1.0,head
h_p50_cp151,-1865.2614827934622,1.0,head
h_p50_cp152,-1860.6650413310488,1.0,head
h_p50_cp153,-1860.6650414262413,1.0,head
h_p50_cp154,-1856.2518269937955,1.0,head
h_p50_cp155,-1856.2518270507253,1.0,head
h_p50_cp156,-1852.0648842852029,1.0,head
h_p50_cp157,-1852.0648843188008,1.0,head
h_p50_cp158,-1848.151798028705,1.0,head
h_p50_cp159,-1848.1517980482301,1.0,head
h_p50_cp160,-1844.5634449220486,1.0,head
h_p50_cp161,-1844.5634449331792,1.0,head
h_p50_cp162,-1841.3522348590982,1.0,head
h_p50_cp163,-1841.352234865278,1.0,head
h_p50_cp164,-2242.578720235703,1.0,head
h_p50_cp165,-1841.3562310806828,1.0,head
h_p50_cp166,-2242.5782059429184,1.0,head
h_p50_cp167,-1841.359105046067,1.0,head
h_p50_cp168,-2242.5778204920043,1.0,head
h_p50_cp169,-1841.3611474974432,1.0,head
h_p50_cp170,-2242.5775358239907,1.0,head
h_p50_cp171,-1841.3625816312172,1.0,head
h_p50_cp172,-2242.5773286118792,1.0,head
h_p50_cp173,-1841.3635763759078,1.0,head
h_p50_cp174,-2242.577179898955,1.0,head
h_p50_cp175,-1841.3642578426395,1.0,head
h_p50_cp176,-2242.5770746079875,1.0,head
h_p50_cp177,-1841.3647188767295,1.0,head
h_p50_cp178,-2242.577000991,1.0,head
h_p50_cp179,-1841.365026865817,1.0,head
h_p50_cp180,-2242.57695007281,1.0,head
h_p50_cp181,-1841.3652300145106,1.0,head
h_p50_cp182,-2242.5769151259747,1.0,head
h_p50_cp183,-1841.365362300905,1.0,head
h_p50_cp184,-2242.5768912008516,1.0,head
h_p50_cp185,-1841.3654473223933,1.0,head
h_p50_cp186,-2242.5768747228008,1.0,head
h_p50_cp187,-1841.365501224957,1.0,head
h_p50_cp188,-2242.5768631595547,1.0,head
h_p50_cp189,-1841.3655348928323,1.0,head
h_p50_cp190,-2242.576854755385,1.0,head
h_p50_cp191,-1841.3655555548441,1.0,head
h_p50_cp192,-2242.576848324695,1.0,head
h_p50_cp193,-1841.3655679411554,1.0,head
h_p50_cp194,-2242.5768430955954,1.0,head
h_p50_cp195,-1841.3655751012407,1.0,head
h_p50_cp196,-2242.5768385934757,1.0,head
h_p50_cp197,-1841.3655789720667,1.0,head
h_p50_cp198,-2242.576834555066,1.0,head
h_p50_cp199,-1841.3655807658265,1.0,head
h_p50_cp200,-2242.5768308646966,1.0,head
h_p50_cp201,-1841.3655812296756,1.0,head
h_p50_cp202,-2242.576827506026,1.0,head
h_p50_cp203,-1841.3655808160217,1.0,head
h_p50_cp204,-2242.5768245242757,1.0,head
h_p50_cp205,-1841.365579790849,1.0,head
h_p50_cp206,-2242.5768219956403,1.0,head
h_p50_cp207,-1841.3655782990568,1.0,head
h_p50_cp208,-2242.5768200020557,1.0,head
h_p50_cp209,-1841.3655763994716,1.0,head
h_p50_cp210,-2242.5768186106084,1.0,head
h_p50_cp211,-1841.3655740776655,1.0,head
h_p50_cp212,-2242.576817857585,1.0,head
h_p50_cp213,-1841.365571241639,1.0,head
h_p50_cp214,-2242.5768177374284,1.0,head
h_p50_cp215,-1841.3655677035001,1.0,head
h_p50_cp216,-2242.576818196764,1.0,head
h_p50_cp217,-1841.3655631493048,1.0,head
h_p50_cp218,-2242.5768191332513,1.0,head
h_p50_cp219,-1841.3655570990459,1.0,head
h_p50_cp220,-2242.5768203985376,1.0,head
h_p50_cp221,-1841.3655488592894,1.0,head
h_p50_cp222,-2242.57682180415,1.0,head
h_p50_cp223,-1841.3655374721607,1.0,head
h_p50_cp224,-2242.5768231289767,1.0,head
h_p50_cp225,-1841.365521666152,1.0,head
h_p50_cp226,-2242.576824127061,1.0,head
h_p50_cp227,-1841.3654998165541,1.0,head
h_p50_cp228,-2242.5768245349022,1.0,head
h_p50_cp229,-1841.3654699258982,1.0,head
h_p50_cp230,-2242.5768240781167,1.0,head
h_p50_cp231,-1841.3654296372977,1.0,head
h_p50_cp232,-2242.576822478132,1.0,head
h_p50_cp233,-1841.3653762952727,1.0,head
h_p50_cp234,-2242.5768194603015,1.0,head
h_p50_cp235,-1841.3653070686407,1.0,head
h_p50_cp236,-2242.5768147652607,1.0,head
h_p50_cp237,-1841.3652191472581,1.0,head
h_p50_cp238,-2242.576808165308,1.0,head
h_p50_cp239,-1841.3651100177942,1.0,head
h_p50_cp240,-2242.576799486951,1.0,head
h_p50_cp241,-1841.3649778127315,1.0,head
h_p50_cp242,-2242.576788639464,1.0,head
h_p50_cp243,-1841.3648217116008,1.0,head
h_p50_cp244,-2242.5767756475007,1.0,head
h_p50_cp245,-1841.3646423556656,1.0,head
h_p50_cp246,-2242.576760683676,1.0,head
h_p50_cp247,-1841.3644422197196,1.0,head
h_p50_cp248,-2242.576744095143,1.0,head
h_p50_cp249,-1841.364225871746,1.0,head
h_p50_cp250,-2242.576726416949,1.0,head
h_p50_cp251,-1841.3640000477403,1.0,head
h_p50_cp252,-2242.5767083650376,1.0,head
h_p50_cp253,-1841.3637734794868,1.0,head
h_p50_cp254,-2242.57669080352,1.0,head
h_p50_cp255,-1841.3635564397364,1.0,head
h_p50_cp256,-2242.57667468437,1.0,head
h_p50_cp257,-1841.3633600107635,1.0,head
h_p50_cp258,-2242.5766609625534,1.0,head
h_p50_cp259,-1841.3631951329114,1.0,head
h_p50_cp260,-2242.5766504948638,1.0,head
h_p50_cp261,-1841.3630715396348,1.0,head
h_p50_cp262,-2242.5766439351332,1.0,head
h_p50_cp263,-1841.3629967225518,1.0,head
h_p50_cp264,-2242.576641640679,1.0,head
h_p50_cp265,-1841.362975083118,1.0,head
h_p50_cp266,-2242.57664360399,1.0,head
h_p50_cp267,-1841.3630074100076,1.0,head
h_p50_cp268,-2242.576649419643,1.0,head
h_p50_cp269,-1841.3630907739853,1.0,head
h_p50_cp270,-2242.5766582901615,1.0,head
h_p50_cp271,-1841.363218863666,1.0,head
h_p50_cp272,-2242.5766690674595,1.0,head
h_p50_cp273,-1841.3633827109331,1.0,head
h_p50_cp274,-2242.5766803207403,1.0,head
h_p50_cp275,-1841.3635716907263,1.0,head
h_p50_cp276,-2242.5766904184948,1.0,head
h_p50_cp277,-1841.3637746401996,1.0,head
h_p50_cp278,-2242.5766976126192,1.0,head
h_p50_cp279,-1841.3639809341453,1.0,head
h_p50_cp280,-2242.5767001161357,1.0,head
h_p50_cp281,-1841.3641813759323,1.0,head
h_p50_cp282,-2242.5766961715444,1.0,head
h_p50_cp283,-1841.3643688081083,1.0,head
h_p50_cp284,-2242.5766841128157,1.0,head
h_p50_cp285,-1841.3645384022084,1.0,head
h_p50_cp286,-2242.5766624286116,1.0,head
h_p50_cp287,-1841.364687641077,1.0,head
h_p50_cp288,-2242.576629836343,1.0,head
h_p50_cp289,-1841.3648160494483,1.0,head
h_p50_cp290,-2242.576585375218,1.0,head
h_p50_cp291,-1841.3649247543801,1.0,head
h_p50_cp292,-2242.5765285215907,1.0,head
h_p50_cp293,-1841.3650159652873,1.0,head
h_p50_cp294,-2242.576459322322,1.0,head
h_p50_cp295,-1841.3650924562473,1.0,head
h_p50_cp296,-2242.57637853287,1.0,head
h_p50_cp297,-1841.3651571153207,1.0,head
h_p50_cp298,-2242.5762877382194,1.0,head
h_p50_cp299,-1841.3652126020777,1.0,head
h_p50_cp300,-2242.576189428685,1.0,head
h_p50_cp301,-1841.3652611301438,1.0,head
h_p50_cp302,-2242.5760870011313,1.0,head
h_p50_cp303,-1841.365304370296,1.0,head
h_p50_cp304,-2242.5759846607957,1.0,head
h_p50_cp305,-1841.36534345394,1.0,head
h_p50_cp306,-2242.575887210275,1.0,head
h_p50_cp307,-1841.3653790479066,1.0,head
h_p50_cp308,-2242.575799729398,1.0,head
h_p50_cp309,-1841.3654114691008,1.0,head
h_p50_cp310,-2242.575727170078,1.0,head
h_p50_cp311,-1841.3654408105633,1.0,head
h_p50_cp312,-2242.5756739098406,1.0,head
h_p50_cp313,-1841.365467057015,1.0,head
h_p50_cp314,-2242.5756433218135,1.0,head
h_p50_cp315,-1841.365490176071,1.0,head
h_p50_cp316,-2242.5756374234747,1.0,head
h_p50_cp317,-1841.3655101791655,1.0,head
h_p50_cp318,-2242.575656658993,1.0,head
h_p50_cp319,-1841.3655271526973,1.0,head
h_p50_cp320,-2242.5756998511583,1.0,head
h_p50_cp321,-1841.3655412641901,1.0,head
h_p50_cp322,-2242.5757643320867,1.0,head
h_p50_cp323,-1841.3655527503822,1.0,head
h_p50_cp324,-2242.5758462329145,1.0,head
h_p50_cp325,-1841.3655618943417,1.0,head
h_p50_cp326,-2242.5759408878853,1.0,head
h_p50_cp327,-1841.3655689974926,1.0,head
h_p50_cp328,-2242.576043292914,1.0,head
h_p50_cp329,-1841.3655743503873,1.0,head
h_p50_cp330,-2242.576148555509,1.0,head
h_p50_cp331,-1841.3655782035896,1.0,head
h_p50_cp332,-2242.5762522815257,1.0,head
h_p50_cp333,-1841.3655807374114,1.0,head
h_p50_cp334,-2242.5763508614914,1.0,head
h_p50_cp335,-1841.3655820265285,1.0,head
h_p50_cp336,-2242.576441640637,1.0,head
h_p50_cp337,-1841.3655819925202,1.0,head
h_p50_cp338,-2242.576522977617,1.0,head
h_p50_cp339,-1841.3655803338315,1.0,head
h_p50_cp340,-2242.5765942135577,1.0,head
h_p50_cp341,-1841.3655764181176,1.0,head
h_p50_cp342,-2242.576655583561,1.0,head
h_p50_cp343,-1841.3655691158851,1.0,head
h_p50_cp344,-2242.576708106923,1.0,head
h_p50_cp345,-1841.3655565462727,1.0,head
h_p50_cp346,-2242.5767534910688,1.0,head
h_p50_cp347,-1841.3655356952181,1.0,head
h_p50_cp348,-2242.5767940794326,1.0,head
h_p50_cp349,-1841.3655018527757,1.0,head
h_p50_cp350,-2242.576832866877,1.0,head
h_p50_cp351,-1841.365447799837,1.0,head
h_p50_cp352,-2242.576873599228,1.0,head
h_p50_cp353,-1841.3653626551074,1.0,head
h_p50_cp354,-2242.5769209668356,1.0,head
h_p50_cp355,-1841.3652302715413,1.0,head
h_p50_cp356,-2242.5769808957666,1.0,head
h_p50_cp357,-1841.3650270486235,1.0,head
h_p50_cp358,-2242.577060933917,1.0,head
h_p50_cp359,-1841.3647190043519,1.0,head
h_p50_cp360,-2242.5771707222143,1.0,head
h_p50_cp361,-1841.3642579301925,1.0,head
h_p50_cp362,-2242.57732253248,1.0,head
h_p50_cp363,-1841.3635764349722,1.0,head
h_p50_cp364,-2242.5775318429114,1.0,head
h_p50_cp365,-1841.3625816704073,1.0,head
h_p50_cp366,-2242.577817909514,1.0,head
h_p50_cp367,-1841.3611475230036,1.0,head
h_p50_cp368,-2242.578204277582,1.0,head
h_p50_cp369,-1841.3591050624218,1.0,head
h_p50_cp370,-2242.5787191619215,1.0,head
h_p50_cp371,-1841.3562310909033,1.0,head
h_p51_cp0,-2242.3779027307864,1.0,head
h_p51_cp1,-2242.3779018723526,1.0,head
h_p51_cp2,-2239.207891975277,1.0,head
h_p51_cp3,-2239.207890659071,1.0,head
h_p51_cp4,-2235.657286696216,1.0,head
h_p51_cp5,-2235.6572846708805,1.0,head
h_p51_cp6,-2231.778176620549,1.0,head
h_p51_cp7,-2231.7781735162844,1.0,head
h_p51_cp8,-2227.6212250934195,1.0,head
h_p51_cp9,-2227.6212203763503,1.0,head
h_p51_cp10,-2223.233947403369,1.0,head
h_p51_cp11,-2223.233940318043,1.0,head
h_p51_cp12,-2218.659470541161,1.0,head
h_p51_cp13,-2218.6594600406293,1.0,head
h_p51_cp14,-2213.9357796006225,1.0,head
h_p51_cp15,-2213.935764263836,1.0,head
h_p51_cp16,-2209.0954080707616,1.0,head
h_p51_cp17,-2209.0953860164036,1.0,head
h_p51_cp18,-2204.1654966393376,1.0,head
h_p51_cp19,-2204.165465440837,1.0,head
h_p51_cp20,-2199.168129081404,1.0,head
h_p51_cp21,-2199.168085696807,1.0,head
h_p51_cp22,-2194.120852431839,1.0,head
h_p51_cp23,-2194.1207931714857,1.0,head
h_p51_cp24,-2189.0372960443688,1.0,head
h_p51_cp25,-2189.0372165974254,1.0,head
h_p51_cp26,-2183.9278186048796,1.0,head
h_p51_cp27,-2183.9277141560383,1.0,head
h_p51_cp28,-2178.800130336509,1.0,head
h_p51_cp29,-2178.799995804127,1.0,head
h_p51_cp30,-2173.659855956261,1.0,head
h_p51_cp31,-2173.65968637896,1.0,head
h_p51_cp32,-2168.5110199800233,1.0,head
h_p51_cp33,-2168.5108110678225,1.0,head
h_p51_cp34,-2163.3564485192965,1.0,head
h_p51_cp35,-2163.356197365829,1.0,head
h_p51_cp36,-2158.198090503596,1.0,head
h_p51_cp37,-2158.1977964278835,1.0,head
h_p51_cp38,-2153.037266637183,1.0,head
h_p51_cp39,-2153.0369320888385,1.0,head
h_p51_cp40,-2147.8748570126677,1.0,head
h_p51_cp41,-2147.874488438065,1.0,head
h_p51_cp42,-2142.7114389120725,1.0,head
h_p51_cp43,-2142.7110474482956,1.0,head
h_p51_cp44,-2137.5473856376116,1.0,head
h_p51_cp45,-2137.546987484946,1.0,head
h_p51_cp46,-2132.382935816164,1.0,head
h_p51_cp47,-2132.3825521476197,1.0,head
h_p51_cp48,-2127.2182409476977,1.0,head
h_p51_cp49,-2127.21789725189,1.0,head
h_p51_cp50,-2122.053397307914,1.0,head
h_p51_cp51,-2122.053122130406,1.0,head
h_p51_cp52,-2116.8884668362066,1.0,head
h_p51_cp53,-2116.8882899771916,1.0,head
h_p51_cp54,-2111.7234904175575,1.0,head
h_p51_cp55,-2111.723440745229,1.0,head
h_p51_cp56,-2106.558496014286,1.0,head
h_p51_cp57,-2106.558599141861,1.0,head
h_p51_cp58,-2101.3935033955636,1.0,head
h_p51_cp59,-2101.3937795226943,1.0,head
h_p51_cp60,-2096.2285267042703,1.0,head
h_p51_cp61,-2096.2289889223266,1.0,head
h_p51_cp62,-2091.063575740689,1.0,head
h_p51_cp63,-2091.064229039601,1.0,head
h_p51_cp64,-2085.8986565830014,1.0,head
h_p51_cp65,-2085.8994976836307,1.0,head
h_p51_cp66,-2080.733771967016,1.0,head
h_p51_cp67,-2080.7347899609404,1.0,head
h_p51_cp68,-2075.568921687054,1.0,head
h_p51_cp69,-2075.570099327895,1.0,head
h_p51_cp70,-2070.4041031444967,1.0,head
h_p51_cp71,-2070.4054185343116,1.0,head
h_p51_cp72,-2065.239312059466,1.0,head
h_p51_cp73,-2065.2407404335318,1.0,head
h_p51_cp74,-2060.0745432797594,1.0,head
h_p51_cp75,-2060.076058619941,1.0,head
h_p51_cp76,-2054.909791575572,1.0,head
h_p51_cp77,-2054.911367865044,1.0,head
h_p51_cp78,-2049.745052300741,1.0,head
h_p51_cp79,-2049.746664345717,1.0,head
h_p51_cp80,-2044.5803218269596,1.0,head
h_p51_cp81,-2044.5819456830166,1.0,head
h_p51_cp82,-2039.4155977058497,1.0,head
h_p51_cp83,-2039.4172108295604,1.0,head
h_p51_cp84,-2034.250878570585,1.0,head
h_p51_cp85,-2034.2524598544087,1.0,head
h_p51_cp86,-2029.0861638389854,1.0,head
h_p51_cp87,-2029.0876936758873,1.0,head
h_p51_cp88,-2023.9214533125064,1.0,head
h_p51_cp89,-2023.9229137869909,1.0,head
h_p51_cp90,-2018.7567467745157,1.0,head
h_p51_cp91,-2018.7581220077077,1.0,head
h_p51_cp92,-2013.5920436780398,1.0,head
h_p51_cp93,-2013.5933202873487,1.0,head
h_p51_cp94,-2008.4273429841433,1.0,head
h_p51_cp95,-2008.4285105704253,1.0,head
h_p51_cp96,-2003.2626431776416,1.0,head
h_p51_cp97,-2003.263694734193,1.0,head
h_p51_cp98,-1998.097942457505,1.0,head
h_p51_cp99,-1998.0988746061862,1.0,head
h_p51_cp100,-1992.9332390845102,1.0,head
h_p51_cp101,-1992.9340520777664,1.0,head
h_p51_cp102,-1987.7685318748581,1.0,head
h_p51_cp103,-1987.769229346948,1.0,head
h_p51_cp104,-1982.6038208599693,1.0,head
h_p51_cp105,-1982.604409354351,1.0,head
h_p51_cp106,-1977.4391081926613,1.0,head
h_p51_cp107,-1977.4395965258316,1.0,head
h_p51_cp108,-1972.2743994735536,1.0,head
h_p51_cp109,-1972.2747980134811,1.0,head
h_p51_cp110,-1967.1097058077514,1.0,head
h_p51_cp111,-1967.110025746813,1.0,head
h_p51_cp112,-1961.9450470964575,1.0,head
h_p51_cp113,-1961.9452997873834,1.0,head
h_p51_cp114,-1956.7804573446836,1.0,head
h_p51_cp115,-1956.7806537483455,1.0,head
h_p51_cp116,-1951.6159931569437,1.0,head
h_p51_cp117,-1951.6161434282394,1.0,head
h_p51_cp118,-1946.451747136645,1.0,head
h_p51_cp119,-1946.4518603536676,1.0,head
h_p51_cp120,-1941.2878686440347,1.0,head
h_p51_cp121,-1941.287952669151,1.0,head
h_p51_cp122,-1936.1245953400014,1.0,head
h_p51_cp123,-1936.124656790701,1.0,head
h_p51_cp124,-1930.962300169576,1.0,head
h_p51_cp125,-1930.9623444719061,1.0,head
h_p51_cp126,-1925.8015599056362,1.0,head
h_p51_cp127,-1925.8015914027287,1.0,head
h_p51_cp128,-1920.6432530057025,1.0,head
h_p51_cp129,-1920.6432750968763,1.0,head
h_p51_cp130,-1915.4886961689997,1.0,head
h_p51_cp131,-1915.4887114597202,1.0,head
h_p51_cp132,-1910.3398303323115,1.0,head
h_p51_cp133,-1910.339840780686,1.0,head
h_p51_cp134,-1905.1994674828836,1.0,head
h_p51_cp135,-1905.1994745334641,1.0,head
h_p51_cp136,-1900.0716090170085,1.0,head
h_p51_cp137,-1900.0716137169406,1.0,head
h_p51_cp138,-1894.9618437385525,1.0,head
h_p51_cp139,-1894.9618468343629,1.0,head
h_p51_cp140,-1889.8778282410215,1.0,head
h_p51_cp141,-1889.8778302565422,1.0,head
h_p51_cp142,-1884.8298437285184,1.0,head
h_p51_cp143,-1884.8298450257905,1.0,head
h_p51_cp144,-1879.8314110031458,1.0,head
h_p51_cp145,-1879.831411828785,1.0,head
h_p51_cp146,-1874.8999296508287,1.0,head
h_p51_cp147,-1874.8999301704982,1.0,head
h_p51_cp148,-1870.057289489689,1.0,head
h_p51_cp149,-1870.0572898131904,1.0,head
h_p51_cp150,-1865.3303841984034,1.0,head
h_p51_cp151,-1865.3303843975732,1.0,head
h_p51_cp152,-1860.75144180948,1.0,head
h_p51_cp153,-1860.7514419307329,1.0,head
h_p51_cp154,-1856.3580782696508,1.0,head
h_p51_cp155,-1856.3580783426114,1.0,head
h_p51_cp156,-1852.1929825427333,1.0,head
h_p51_cp157,-1852.1929825860884,1.0,head
h_p51_cp158,-1848.3031580780132,1.0,head
h_p51_cp159,-1848.3031581034156,1.0,head
h_p51_cp160,-1844.738677507386,1.0,head
h_p51_cp161,-1844.73867752202,1.0,head
h_p51_cp162,-1841.5509541824206,1.0,head
h_p51_cp163,-1841.5509541906679,1.0,head
h_p51_cp164,-2242.377214296756,1.0,head
h_p51_cp165,-1841.5551066764494,1.0,head
h_p51_cp166,-2242.3766884176534,1.0,head
h_p51_cp167,-1841.5581041788166,1.0,head
h_p51_cp168,-2242.3762925501906,1.0,head
h_p51_cp169,-1841.5602429291216,1.0,head
h_p51_cp170,-2242.375998836596,1.0,head
h_p51_cp171,-1841.561751041542,1.0,head
h_p51_cp172,-2242.3757839992936,1.0,head
h_p51_cp173,-1841.5628017718511,1.0,head
h_p51_cp174,-2242.375629021375,1.0,head
h_p51_cp175,-1841.5635249656063,1.0,head
h_p51_cp176,-2242.3755186946987,1.0,head
h_p51_cp177,-1841.564016623455,1.0,head
h_p51_cp178,-2242.375441102164,1.0,head
h_p51_cp179,-1841.5643467410857,1.0,head
h_p51_cp180,-2242.3753870862806,1.0,head
h_p51_cp181,-1841.5645656314932,1.0,head
h_p51_cp182,-2242.3753497418725,1.0,head
h_p51_cp183,-1841.5647089400943,1.0,head
h_p51_cp184,-2242.3753239575663,1.0,head
h_p51_cp185,-1841.5648015545507,1.0,head
h_p51_cp186,-2242.3753060193467,1.0,head
h_p51_cp187,-1841.5648605983745,1.0,head
h_p51_cp188,-2242.375293280517,1.0,head
h_p51_cp189,-1841.5648976812024,1.0,head
h_p51_cp190,-2242.375283895881,1.0,head
h_p51_cp191,-1841.5649205593734,1.0,head
h_p51_cp192,-2242.3752766137277,1.0,head
h_p51_cp193,-1841.5649343391483,1.0,head
h_p51_cp194,-2242.375270616886,1.0,head
h_p51_cp195,-1841.5649423330094,1.0,head
h_p51_cp196,-2242.3752654033146,1.0,head
h_p51_cp197,-1841.5649466583864,1.0,head
h_p51_cp198,-2242.375260696987,1.0,head
h_p51_cp199,-1841.5649486489526,1.0,head
h_p51_cp200,-2242.3752563809267,1.0,head
h_p51_cp201,-1841.5649491319407,1.0,head
h_p51_cp202,-2242.375252445722,1.0,head
h_p51_cp203,-1841.5649486110458,1.0,head
h_p51_cp204,-2242.3752489486005,1.0,head
h_p51_cp205,-1841.564947383325,1.0,head
h_p51_cp206,-2242.3752459798093,1.0,head
h_p51_cp207,-1841.5649456098386,1.0,head
h_p51_cp208,-2242.3752436345685,1.0,head
h_p51_cp209,-1841.564943353306,1.0,head
h_p51_cp210,-2242.375241989996,1.0,head
h_p51_cp211,-1841.5649405913712,1.0,head
h_p51_cp212,-2242.3752410871425,1.0,head
h_p51_cp213,-1841.5649372108903,1.0,head
h_p51_cp214,-2242.3752409184895,1.0,head
h_p51_cp215,-1841.564932986693,1.0,head
h_p51_cp216,-2242.375241421155,1.0,head
h_p51_cp217,-1841.5649275472836,1.0,head
h_p51_cp218,-2242.3752424755435,1.0,head
h_p51_cp219,-1841.564920329869,1.0,head
h_p51_cp220,-2242.3752439086743,1.0,head
h_p51_cp221,-1841.564910527725,1.0,head
h_p51_cp222,-2242.375245500891,1.0,head
h_p51_cp223,-1841.5648970342959,1.0,head
h_p51_cp224,-2242.375246994485,1.0,head
h_p51_cp225,-1841.5648783904114,1.0,head
h_p51_cp226,-2242.3752481028173,1.0,head
h_p51_cp227,-1841.5648527435353,1.0,head
h_p51_cp228,-2242.375248519058,1.0,head
h_p51_cp229,-1841.5648178307183,1.0,head
h_p51_cp230,-2242.3752479243867,1.0,head
h_p51_cp231,-1841.564770999482,1.0,head
h_p51_cp232,-2242.375245996369,1.0,head
h_p51_cp233,-1841.5647092824274,1.0,head
h_p51_cp234,-2242.3752424190366,1.0,head
h_p51_cp235,-1841.5646295409822,1.0,head
h_p51_cp236,-2242.375236896612,1.0,head
h_p51_cp237,-1841.5645286902081,1.0,head
h_p51_cp238,-2242.3752291727747,1.0,head
h_p51_cp239,-1841.564404008978,1.0,head
h_p51_cp240,-2242.3752190565956,1.0,head
h_p51_cp241,-1841.5642535275601,1.0,head
h_p51_cp242,-2242.3752064548344,1.0,head
h_p51_cp243,-1841.564076468089,1.0,head
h_p51_cp244,-2242.3751914082645,1.0,head
h_p51_cp245,-1841.5638736943358,1.0,head
h_p51_cp246,-2242.375174127407,1.0,head
h_p51_cp247,-1841.5636481087897,1.0,head
h_p51_cp248,-2242.3751550209686,1.0,head
h_p51_cp249,-1841.5634049220378,1.0,head
h_p51_cp250,-2242.375134709062,1.0,head
h_p51_cp251,-1841.563151716842,1.0,head
h_p51_cp252,-2242.3751140134314,1.0,head
h_p51_cp253,-1841.5628982417134,1.0,head
h_p51_cp254,-2242.3750939189654,1.0,head
h_p51_cp255,-1841.5626558983372,1.0,head
h_p51_cp256,-2242.3750755047135,1.0,head
h_p51_cp257,-1841.5624369321888,1.0,head
h_p51_cp258,-2242.3750598479705,1.0,head
h_p51_cp259,-1841.5622533898395,1.0,head
h_p51_cp260,-2242.375047910746,1.0,head
h_p51_cp261,-1841.5621159591915,1.0,head
h_p51_cp262,-2242.3750404226375,1.0,head
h_p51_cp263,-1841.562032847527,1.0,head
h_p51_cp264,-2242.3750377764973,1.0,head
h_p51_cp265,-1841.5620088651979,1.0,head
h_p51_cp266,-2242.375039952238,1.0,head
h_p51_cp267,-1841.5620448633206,1.0,head
h_p51_cp268,-2242.3750464797636,1.0,head
h_p51_cp269,-1841.5621376229406,1.0,head
h_p51_cp270,-2242.375056445122,1.0,head
h_p51_cp271,-1841.5622802201135,1.0,head
h_p51_cp272,-2242.3750685363575,1.0,head
h_p51_cp273,-1841.5624628118705,1.0,head
h_p51_cp274,-2242.3750811191935,1.0,head
h_p51_cp275,-1841.5626737197317,1.0,head
h_p51_cp276,-2242.3750923292037,1.0,head
h_p51_cp277,-1841.5629006448403,1.0,head
h_p51_cp278,-2242.3751001674145,1.0,head
h_p51_cp279,-1841.5631318396192,1.0,head
h_p51_cp280,-2242.3751025900174,1.0,head
h_p51_cp281,-1841.5633570840387,1.0,head
h_p51_cp282,-2242.375097588767,1.0,head
h_p51_cp283,-1841.5635683619307,1.0,head
h_p51_cp284,-2242.3750832650526,1.0,head
h_p51_cp285,-1841.5637601917388,1.0,head
h_p51_cp286,-2242.3750579055554,1.0,head
h_p51_cp287,-1841.563929623694,1.0,head
h_p51_cp288,-2242.375020069486,1.0,head
h_p51_cp289,-1841.5640759614816,1.0,head
h_p51_cp290,-2242.3749686957585,1.0,head
h_p51_cp291,-1841.5642002949885,1.0,head
h_p51_cp292,-2242.374903233146,1.0,head
h_p51_cp293,-1841.564304940457,1.0,head
h_p51_cp294,-2242.374823788147,1.0,head
h_p51_cp295,-1841.564392877632,1.0,head
h_p51_cp296,-2242.3747312756022,1.0,head
h_p51_cp297,-1841.564467254885,1.0,head
h_p51_cp298,-2242.374627547896,1.0,head
h_p51_cp299,-1841.5645310082998,1.0,head
h_p51_cp300,-2242.3745154722087,1.0,head
h_p51_cp301,-1841.5645866145492,1.0,head
h_p51_cp302,-2242.3743989240293,1.0,head
h_p51_cp303,-1841.564635974288,1.0,head
h_p51_cp304,-2242.3742826705534,1.0,head
h_p51_cp305,-1841.564680405557,1.0,head
h_p51_cp306,-2242.3741721302063,1.0,head
h_p51_cp307,-1841.5647207166328,1.0,head
h_p51_cp308,-2242.3740730133622,1.0,head
h_p51_cp309,-1841.564757324743,1.0,head
h_p51_cp310,-2242.3739908714206,1.0,head
h_p51_cp311,-1841.5647903898655,1.0,head
h_p51_cp312,-2242.3739306024877,1.0,head
h_p51_cp313,-1841.5648199395473,1.0,head
h_p51_cp314,-2242.373895976918,1.0,head
h_p51_cp315,-1841.5648459691915,1.0,head
h_p51_cp316,-2242.3738892505817,1.0,head
h_p51_cp317,-1841.5648685106764,1.0,head
h_p51_cp318,-2242.373910925419,1.0,head
h_p51_cp319,-1841.5648876691685,1.0,head
h_p51_cp320,-2242.3739596963437,1.0,head
h_p51_cp321,-1841.5649036327566,1.0,head
h_p51_cp322,-2242.374032594515,1.0,head
h_p51_cp323,-1841.5649166619949,1.0,head
h_p51_cp324,-2242.3741253055896,1.0,head
h_p51_cp325,-1841.5649270668175,1.0,head
h_p51_cp326,-2242.3742326146744,1.0,head
h_p51_cp327,-1841.5649351771444,1.0,head
h_p51_cp328,-2242.374348912848,1.0,head
h_p51_cp329,-1841.5649413113943,1.0,head
h_p51_cp330,-2242.374468696343,1.0,head
h_p51_cp331,-1841.564945744504,1.0,head
h_p51_cp332,-2242.3745869984355,1.0,head
h_p51_cp333,-1841.5649486742745,1.0,head
h_p51_cp334,-2242.374699712441,1.0,head
h_p51_cp335,-1841.5649501818973,1.0,head
h_p51_cp336,-2242.3748037873124,1.0,head
h_p51_cp337,-1841.5649501793412,1.0,head
h_p51_cp338,-2242.374897299967,1.0,head
h_p51_cp339,-1841.564948332498,1.0,head
h_p51_cp340,-2242.3749794267906,1.0,head
h_p51_cp341,-1841.5649439442502,1.0,head
h_p51_cp342,-2242.3750503485403,1.0,head
h_p51_cp343,-1841.5649357753814,1.0,head
h_p51_cp344,-2242.3751111276542,1.0,head
h_p51_cp345,-1841.5649217730509,1.0,head
h_p51_cp346,-2242.375163595903,1.0,head
h_p51_cp347,-1841.5648986658864,1.0,head
h_p51_cp348,-2242.375210285162,1.0,head
h_p51_cp349,-1841.564861371328,1.0,head
h_p51_cp350,-2242.375254426755,1.0,head
h_p51_cp351,-1841.564802144588,1.0,head
h_p51_cp352,-2242.375300036889,1.0,head
h_p51_cp353,-1841.564709379653,1.0,head
h_p51_cp354,-2242.3753520980963,1.0,head
h_p51_cp355,-1841.5645659518925,1.0,head
h_p51_cp356,-2242.375416839436,1.0,head
h_p51_cp357,-1841.5643469700403,1.0,head
h_p51_cp358,-2242.37550211124,1.0,head
h_p51_cp359,-1841.5640167840884,1.0,head
h_p51_cp360,-2242.3756178426593,1.0,head
h_p51_cp361,-1841.563525076379,1.0,head
h_p51_cp362,-2242.3757765616388,1.0,head
h_p51_cp363,-1841.5628018469902,1.0,head
h_p51_cp364,-2242.3759939466486,1.0,head
h_p51_cp365,-1841.5617510916936,1.0,head
h_p51_cp366,-2242.376289367719,1.0,head
h_p51_cp367,-1841.5602429620496,1.0,head
h_p51_cp368,-2242.376686361469,1.0,head
h_p51_cp369,-1841.5581042000563,1.0,head
h_p51_cp370,-2242.377212971642,1.0,head
h_p51_cp371,-1841.5551066898668,1.0,head
