parnme,partrans,parchglim,parval1,parlbnd,parubnd,pargp,scale,offset,dercom,c,inst,pname,pstyle,ptype,r,sp,usecol
pname:p_inst:0_ptype:gr_usecol:a_pstyle:m_r:72_c:58_sp:0,none,relative,1.0,0.01,10.0,p_inst:0,1.0,0.0,1,58,0,p,m,gr,72,0,a
pname:p_inst:0_ptype:gr_usecol:a_pstyle:m_r:70_c:32_sp:0,none,relative,1.0,0.01,10.0,p_inst:0,1.0,0.0,1,32,0,p,m,gr,70,0,a
pname:p_inst:0_ptype:gr_usecol:a_pstyle:m_r:41_c:36_sp:0,none,relative,1.0,0.01,10.0,p_inst:0,1.0,0.0,1,36,0,p,m,gr,41,0,a
pname:p_inst:0_ptype:gr_usecol:a_pstyle:m_r:84_c:42_sp:0,none,relative,1.0,0.01,10.0,p_inst:0,1.0,0.0,1,42,0,p,m,gr,84,0,a
pname:p_inst:0_ptype:gr_usecol:a_pstyle:m_r:76_c:61_sp:0,none,relative,1.0,0.01,10.0,p_inst:0,1.0,0.0,1,61,0,p,m,gr,76,0,a
pname:p_inst:0_ptype:gr_usecol:a_pstyle:m_r:72_c:45_sp:0,none,relative,1.0,0.01,10.0,p_inst:0,1.0,0.0,1,45,0,p,m,gr,72,0,a
pname:p_inst:0_ptype:gr_usecol:a_pstyle:m_r:37_c:35_sp:0,none,relative,1.0,0.01,10.0,p_inst:0,1.0,0.0,1,35,0,p,m,gr,37,0,a
pname:p_inst:0_ptype:gr_usecol:a_pstyle:m_r:34_c:60_sp:0,none,relative,1.0,0.01,10.0,p_inst:0,1.0,0.0,1,60,0,p,m,gr,34,0,a
pname:p_inst:0_ptype:gr_usecol:a_pstyle:m_r:66_c:39_sp:0,none,relative,1.0,0.01,10.0,p_inst:0,1.0,0.0,1,39,0,p,m,gr,66,0,a
pname:p_inst:0_ptype:gr_usecol:a_pstyle:m_r:58_c:52_sp:0,none,relative,1.0,0.01,10.0,p_inst:0,1.0,0.0,1,52,0,p,m,gr,58,0,a
pname:p_inst:0_ptype:gr_usecol:a_pstyle:m_r:54_c:31_sp:0,none,relative,1.0,0.01,10.0,p_inst:0,1.0,0.0,1,31,0,p,m,gr,54,0,a
pname:p_inst:0_ptype:gr_usecol:a_pstyle:m_r:34_c:54_sp:0,none,relative,1.0,0.01,10.0,p_inst:0,1.0,0.0,1,54,0,p,m,gr,34,0,a
pname:p_inst:0_ptype:gr_usecol:a_pstyle:m_r:55_c:37_sp:0,none,relative,1.0,0.01,10.0,p_inst:0,1.0,0.0,1,37,0,p,m,gr,55,0,a
pname:p_inst:0_ptype:gr_usecol:a_pstyle:m_r:77_c:52_sp:0,none,relative,1.0,0.01,10.0,p_inst:0,1.0,0.0,1,52,0,p,m,gr,77,0,a
pname:p_inst:0_ptype:gr_usecol:a_pstyle:m_r:35_c:37_sp:0,none,relative,1.0,0.01,10.0,p_inst:0,1.0,0.0,1,37,0,p,m,gr,35,0,a
pname:p_inst:0_ptype:gr_usecol:a_pstyle:m_r:71_c:31_sp:0,none,relative,1.0,0.01,10.0,p_inst:0,1.0,0.0,1,31,0,p,m,gr,71,0,a
pname:p_inst:0_ptype:gr_usecol:a_pstyle:m_r:73_c:59_sp:0,none,relative,1.0,0.01,10.0,p_inst:0,1.0,0.0,1,59,0,p,m,gr,73,0,a
pname:p_inst:0_ptype:gr_usecol:a_pstyle:m_r:54_c:41_sp:0,none,relative,1.0,0.01,10.0,p_inst:0,1.0,0.0,1,41,0,p,m,gr,54,0,a
pname:p_inst:0_ptype:gr_usecol:a_pstyle:m_r:68_c:55_sp:0,none,relative,1.0,0.01,10.0,p_inst:0,1.0,0.0,1,55,0,p,m,gr,68,0,a
pname:p_inst:0_ptype:gr_usecol:a_pstyle:m_r:59_c:40_sp:0,none,relative,1.0,0.01,10.0,p_inst:0,1.0,0.0,1,40,0,p,m,gr,59,0,a
pname:p_inst:0_ptype:gr_usecol:a_pstyle:m_r:72_c:58_sp:1,none,relative,1.0,0.01,10.0,p_inst:0,1.0,0.0,1,58,0,p,m,gr,72,1,a
pname:p_inst:0_ptype:gr_usecol:a_pstyle:m_r:70_c:32_sp:1,none,relative,1.0,0.01,10.0,p_inst:0,1.0,0.0,1,32,0,p,m,gr,70,1,a
pname:p_inst:0_ptype:gr_usecol:a_pstyle:m_r:41_c:36_sp:1,none,relative,1.0,0.01,10.0,p_inst:0,1.0,0.0,1,36,0,p,m,gr,41,1,a
pname:p_inst:0_ptype:gr_usecol:a_pstyle:m_r:84_c:42_sp:1,none,relative,1.0,0.01,10.0,p_inst:0,1.0,0.0,1,42,0,p,m,gr,84,1,a
pname:p_inst:0_ptype:gr_usecol:a_pstyle:m_r:76_c:61_sp:1,none,relative,1.0,0.01,10.0,p_inst:0,1.0,0.0,1,61,0,p,m,gr,76,1,a
pname:p_inst:0_ptype:gr_usecol:a_pstyle:m_r:72_c:45_sp:1,none,relative,1.0,0.01,10.0,p_inst:0,1.0,0.0,1,45,0,p,m,gr,72,1,a
pname:p_inst:0_ptype:gr_usecol:a_pstyle:m_r:37_c:35_sp:1,none,relative,1.0,0.01,10.0,p_inst:0,1.0,0.0,1,35,0,p,m,gr,37,1,a
pname:p_inst:0_ptype:gr_usecol:a_pstyle:m_r:34_c:60_sp:1,none,relative,1.0,0.01,10.0,p_inst:0,1.0,0.0,1,60,0,p,m,gr,34,1,a
pname:p_inst:0_ptype:gr_usecol:a_pstyle:m_r:66_c:39_sp:1,none,relative,1.0,0.01,10.0,p_inst:0,1.0,0.0,1,39,0,p,m,gr,66,1,a
pname:p_inst:0_ptype:gr_usecol:a_pstyle:m_r:58_c:52_sp:1,none,relative,1.0,0.01,10.0,p_inst:0,1.0,0.0,1,52,0,p,m,gr,58,1,a
pname:p_inst:0_ptype:gr_usecol:a_pstyle:m_r:54_c:31_sp:1,none,relative,1.0,0.01,10.0,p_inst:0,1.0,0.0,1,31,0,p,m,gr,54,1,a
pname:p_inst:0_ptype:gr_usecol:a_pstyle:m_r:34_c:54_sp:1,none,relative,1.0,0.01,10.0,p_inst:0,1.0,0.0,1,54,0,p,m,gr,34,1,a
pname:p_inst:0_ptype:gr_usecol:a_pstyle:m_r:55_c:37_sp:1,none,relative,1.0,0.01,10.0,p_inst:0,1.0,0.0,1,37,0,p,m,gr,55,1,a
pname:p_inst:0_ptype:gr_usecol:a_pstyle:m_r:77_c:52_sp:1,none,relative,1.0,0.01,10.0,p_inst:0,1.0,0.0,1,52,0,p,m,gr,77,1,a
pname:p_inst:0_ptype:gr_usecol:a_pstyle:m_r:35_c:37_sp:1,none,relative,1.0,0.01,10.0,p_inst:0,1.0,0.0,1,37,0,p,m,gr,35,1,a
pname:p_inst:0_ptype:gr_usecol:a_pstyle:m_r:71_c:31_sp:1,none,relative,1.0,0.01,10.0,p_inst:0,1.0,0.0,1,31,0,p,m,gr,71,1,a
pname:p_inst:0_ptype:gr_usecol:a_pstyle:m_r:73_c:59_sp:1,none,relative,1.0,0.01,10.0,p_inst:0,1.0,0.0,1,59,0,p,m,gr,73,1,a
pname:p_inst:0_ptype:gr_usecol:a_pstyle:m_r:54_c:41_sp:1,none,relative,1.0,0.01,10.0,p_inst:0,1.0,0.0,1,41,0,p,m,gr,54,1,a
pname:p_inst:0_ptype:gr_usecol:a_pstyle:m_r:68_c:55_sp:1,none,relative,1.0,0.01,10.0,p_inst:0,1.0,0.0,1,55,0,p,m,gr,68,1,a
pname:p_inst:0_ptype:gr_usecol:a_pstyle:m_r:59_c:40_sp:1,none,relative,1.0,0.01,10.0,p_inst:0,1.0,0.0,1,40,0,p,m,gr,59,1,a
pname:p_inst:0_ptype:gr_usecol:a_pstyle:m_r:72_c:58_sp:2,none,relative,1.0,0.01,10.0,p_inst:0,1.0,0.0,1,58,0,p,m,gr,72,2,a
pname:p_inst:0_ptype:gr_usecol:a_pstyle:m_r:70_c:32_sp:2,none,relative,1.0,0.01,10.0,p_inst:0,1.0,0.0,1,32,0,p,m,gr,70,2,a
pname:p_inst:0_ptype:gr_usecol:a_pstyle:m_r:41_c:36_sp:2,none,relative,1.0,0.01,10.0,p_inst:0,1.0,0.0,1,36,0,p,m,gr,41,2,a
pname:p_inst:0_ptype:gr_usecol:a_pstyle:m_r:84_c:42_sp:2,none,relative,1.0,0.01,10.0,p_inst:0,1.0,0.0,1,42,0,p,m,gr,84,2,a
pname:p_inst:0_ptype:gr_usecol:a_pstyle:m_r:76_c:61_sp:2,none,relative,1.0,0.01,10.0,p_inst:0,1.0,0.0,1,61,0,p,m,gr,76,2,a
pname:p_inst:0_ptype:gr_usecol:a_pstyle:m_r:72_c:45_sp:2,none,relative,1.0,0.01,10.0,p_inst:0,1.0,0.0,1,45,0,p,m,gr,72,2,a
pname:p_inst:0_ptype:gr_usecol:a_pstyle:m_r:37_c:35_sp:2,none,relative,1.0,0.01,10.0,p_inst:0,1.0,0.0,1,35,0,p,m,gr,37,2,a
pname:p_inst:0_ptype:gr_usecol:a_pstyle:m_r:34_c:60_sp:2,none,relative,1.0,0.01,10.0,p_inst:0,1.0,0.0,1,60,0,p,m,gr,34,2,a
pname:p_inst:0_ptype:gr_usecol:a_pstyle:m_r:66_c:39_sp:2,none,relative,1.0,0.01,10.0,p_inst:0,1.0,0.0,1,39,0,p,m,gr,66,2,a
pname:p_inst:0_ptype:gr_usecol:a_pstyle:m_r:58_c:52_sp:2,none,relative,1.0,0.01,10.0,p_inst:0,1.0,0.0,1,52,0,p,m,gr,58,2,a
pname:p_inst:0_ptype:gr_usecol:a_pstyle:m_r:54_c:31_sp:2,none,relative,1.0,0.01,10.0,p_inst:0,1.0,0.0,1,31,0,p,m,gr,54,2,a
pname:p_inst:0_ptype:gr_usecol:a_pstyle:m_r:34_c:54_sp:2,none,relative,1.0,0.01,10.0,p_inst:0,1.0,0.0,1,54,0,p,m,gr,34,2,a
pname:p_inst:0_ptype:gr_usecol:a_pstyle:m_r:55_c:37_sp:2,none,relative,1.0,0.01,10.0,p_inst:0,1.0,0.0,1,37,0,p,m,gr,55,2,a
pname:p_inst:0_ptype:gr_usecol:a_pstyle:m_r:77_c:52_sp:2,none,relative,1.0,0.01,10.0,p_inst:0,1.0,0.0,1,52,0,p,m,gr,77,2,a
pname:p_inst:0_ptype:gr_usecol:a_pstyle:m_r:35_c:37_sp:2,none,relative,1.0,0.01,10.0,p_inst:0,1.0,0.0,1,37,0,p,m,gr,35,2,a
pname:p_inst:0_ptype:gr_usecol:a_pstyle:m_r:71_c:31_sp:2,none,relative,1.0,0.01,10.0,p_inst:0,1.0,0.0,1,31,0,p,m,gr,71,2,a
pname:p_inst:0_ptype:gr_usecol:a_pstyle:m_r:73_c:59_sp:2,none,relative,1.0,0.01,10.0,p_inst:0,1.0,0.0,1,59,0,p,m,gr,73,2,a
pname:p_inst:0_ptype:gr_usecol:a_pstyle:m_r:54_c:41_sp:2,none,relative,1.0,0.01,10.0,p_inst:0,1.0,0.0,1,41,0,p,m,gr,54,2,a
pname:p_inst:0_ptype:gr_usecol:a_pstyle:m_r:68_c:55_sp:2,none,relative,1.0,0.01,10.0,p_inst:0,1.0,0.0,1,55,0,p,m,gr,68,2,a
pname:p_inst:0_ptype:gr_usecol:a_pstyle:m_r:59_c:40_sp:2,none,relative,1.0,0.01,10.0,p_inst:0,1.0,0.0,1,40,0,p,m,gr,59,2,a
pname:p_inst:0_ptype:gr_usecol:a_pstyle:m_r:72_c:58_sp:3,none,relative,1.0,0.01,10.0,p_inst:0,1.0,0.0,1,58,0,p,m,gr,72,3,a
pname:p_inst:0_ptype:gr_usecol:a_pstyle:m_r:70_c:32_sp:3,none,relative,1.0,0.01,10.0,p_inst:0,1.0,0.0,1,32,0,p,m,gr,70,3,a
pname:p_inst:0_ptype:gr_usecol:a_pstyle:m_r:41_c:36_sp:3,none,relative,1.0,0.01,10.0,p_inst:0,1.0,0.0,1,36,0,p,m,gr,41,3,a
pname:p_inst:0_ptype:gr_usecol:a_pstyle:m_r:84_c:42_sp:3,none,relative,1.0,0.01,10.0,p_inst:0,1.0,0.0,1,42,0,p,m,gr,84,3,a
pname:p_inst:0_ptype:gr_usecol:a_pstyle:m_r:76_c:61_sp:3,none,relative,1.0,0.01,10.0,p_inst:0,1.0,0.0,1,61,0,p,m,gr,76,3,a
pname:p_inst:0_ptype:gr_usecol:a_pstyle:m_r:72_c:45_sp:3,none,relative,1.0,0.01,10.0,p_inst:0,1.0,0.0,1,45,0,p,m,gr,72,3,a
pname:p_inst:0_ptype:gr_usecol:a_pstyle:m_r:37_c:35_sp:3,none,relative,1.0,0.01,10.0,p_inst:0,1.0,0.0,1,35,0,p,m,gr,37,3,a
pname:p_inst:0_ptype:gr_usecol:a_pstyle:m_r:34_c:60_sp:3,none,relative,1.0,0.01,10.0,p_inst:0,1.0,0.0,1,60,0,p,m,gr,34,3,a
pname:p_inst:0_ptype:gr_usecol:a_pstyle:m_r:66_c:39_sp:3,none,relative,1.0,0.01,10.0,p_inst:0,1.0,0.0,1,39,0,p,m,gr,66,3,a
pname:p_inst:0_ptype:gr_usecol:a_pstyle:m_r:58_c:52_sp:3,none,relative,1.0,0.01,10.0,p_inst:0,1.0,0.0,1,52,0,p,m,gr,58,3,a
pname:p_inst:0_ptype:gr_usecol:a_pstyle:m_r:54_c:31_sp:3,none,relative,1.0,0.01,10.0,p_inst:0,1.0,0.0,1,31,0,p,m,gr,54,3,a
pname:p_inst:0_ptype:gr_usecol:a_pstyle:m_r:34_c:54_sp:3,none,relative,1.0,0.01,10.0,p_inst:0,1.0,0.0,1,54,0,p,m,gr,34,3,a
pname:p_inst:0_ptype:gr_usecol:a_pstyle:m_r:55_c:37_sp:3,none,relative,1.0,0.01,10.0,p_inst:0,1.0,0.0,1,37,0,p,m,gr,55,3,a
pname:p_inst:0_ptype:gr_usecol:a_pstyle:m_r:77_c:52_sp:3,none,relative,1.0,0.01,10.0,p_inst:0,1.0,0.0,1,52,0,p,m,gr,77,3,a
pname:p_inst:0_ptype:gr_usecol:a_pstyle:m_r:35_c:37_sp:3,none,relative,1.0,0.01,10.0,p_inst:0,1.0,0.0,1,37,0,p,m,gr,35,3,a
pname:p_inst:0_ptype:gr_usecol:a_pstyle:m_r:71_c:31_sp:3,none,relative,1.0,0.01,10.0,p_inst:0,1.0,0.0,1,31,0,p,m,gr,71,3,a
pname:p_inst:0_ptype:gr_usecol:a_pstyle:m_r:73_c:59_sp:3,none,relative,1.0,0.01,10.0,p_inst:0,1.0,0.0,1,59,0,p,m,gr,73,3,a
pname:p_inst:0_ptype:gr_usecol:a_pstyle:m_r:54_c:41_sp:3,none,relative,1.0,0.01,10.0,p_inst:0,1.0,0.0,1,41,0,p,m,gr,54,3,a
pname:p_inst:0_ptype:gr_usecol:a_pstyle:m_r:68_c:55_sp:3,none,relative,1.0,0.01,10.0,p_inst:0,1.0,0.0,1,55,0,p,m,gr,68,3,a
pname:p_inst:0_ptype:gr_usecol:a_pstyle:m_r:59_c:40_sp:3,none,relative,1.0,0.01,10.0,p_inst:0,1.0,0.0,1,40,0,p,m,gr,59,3,a
pname:p_inst:0_ptype:gr_usecol:a_pstyle:m_r:72_c:58_sp:4,none,relative,1.0,0.01,10.0,p_inst:0,1.0,0.0,1,58,0,p,m,gr,72,4,a
pname:p_inst:0_ptype:gr_usecol:a_pstyle:m_r:70_c:32_sp:4,none,relative,1.0,0.01,10.0,p_inst:0,1.0,0.0,1,32,0,p,m,gr,70,4,a
pname:p_inst:0_ptype:gr_usecol:a_pstyle:m_r:41_c:36_sp:4,none,relative,1.0,0.01,10.0,p_inst:0,1.0,0.0,1,36,0,p,m,gr,41,4,a
pname:p_inst:0_ptype:gr_usecol:a_pstyle:m_r:84_c:42_sp:4,none,relative,1.0,0.01,10.0,p_inst:0,1.0,0.0,1,42,0,p,m,gr,84,4,a
pname:p_inst:0_ptype:gr_usecol:a_pstyle:m_r:76_c:61_sp:4,none,relative,1.0,0.01,10.0,p_inst:0,1.0,0.0,1,61,0,p,m,gr,76,4,a
pname:p_inst:0_ptype:gr_usecol:a_pstyle:m_r:72_c:45_sp:4,none,relative,1.0,0.01,10.0,p_inst:0,1.0,0.0,1,45,0,p,m,gr,72,4,a
pname:p_inst:0_ptype:gr_usecol:a_pstyle:m_r:37_c:35_sp:4,none,relative,1.0,0.01,10.0,p_inst:0,1.0,0.0,1,35,0,p,m,gr,37,4,a
pname:p_inst:0_ptype:gr_usecol:a_pstyle:m_r:34_c:60_sp:4,none,relative,1.0,0.01,10.0,p_inst:0,1.0,0.0,1,60,0,p,m,gr,34,4,a
pname:p_inst:0_ptype:gr_usecol:a_pstyle:m_r:66_c:39_sp:4,none,relative,1.0,0.01,10.0,p_inst:0,1.0,0.0,1,39,0,p,m,gr,66,4,a
pname:p_inst:0_ptype:gr_usecol:a_pstyle:m_r:58_c:52_sp:4,none,relative,1.0,0.01,10.0,p_inst:0,1.0,0.0,1,52,0,p,m,gr,58,4,a
pname:p_inst:0_ptype:gr_usecol:a_pstyle:m_r:54_c:31_sp:4,none,relative,1.0,0.01,10.0,p_inst:0,1.0,0.0,1,31,0,p,m,gr,54,4,a
pname:p_inst:0_ptype:gr_usecol:a_pstyle:m_r:34_c:54_sp:4,none,relative,1.0,0.01,10.0,p_inst:0,1.0,0.0,1,54,0,p,m,gr,34,4,a
pname:p_inst:0_ptype:gr_usecol:a_pstyle:m_r:55_c:37_sp:4,none,relative,1.0,0.01,10.0,p_inst:0,1.0,0.0,1,37,0,p,m,gr,55,4,a
pname:p_inst:0_ptype:gr_usecol:a_pstyle:m_r:77_c:52_sp:4,none,relative,1.0,0.01,10.0,p_inst:0,1.0,0.0,1,52,0,p,m,gr,77,4,a
pname:p_inst:0_ptype:gr_usecol:a_pstyle:m_r:35_c:37_sp:4,none,relative,1.0,0.01,10.0,p_inst:0,1.0,0.0,1,37,0,p,m,gr,35,4,a
pname:p_inst:0_ptype:gr_usecol:a_pstyle:m_r:71_c:31_sp:4,none,relative,1.0,0.01,10.0,p_inst:0,1.0,0.0,1,31,0,p,m,gr,71,4,a
pname:p_inst:0_ptype:gr_usecol:a_pstyle:m_r:73_c:59_sp:4,none,relative,1.0,0.01,10.0,p_inst:0,1.0,0.0,1,59,0,p,m,gr,73,4,a
pname:p_inst:0_ptype:gr_usecol:a_pstyle:m_r:54_c:41_sp:4,none,relative,1.0,0.01,10.0,p_inst:0,1.0,0.0,1,41,0,p,m,gr,54,4,a
pname:p_inst:0_ptype:gr_usecol:a_pstyle:m_r:68_c:55_sp:4,none,relative,1.0,0.01,10.0,p_inst:0,1.0,0.0,1,55,0,p,m,gr,68,4,a
pname:p_inst:0_ptype:gr_usecol:a_pstyle:m_r:59_c:40_sp:4,none,relative,1.0,0.01,10.0,p_inst:0,1.0,0.0,1,40,0,p,m,gr,59,4,a
pname:p_inst:0_ptype:gr_usecol:a_pstyle:m_r:72_c:58_sp:5,none,relative,1.0,0.01,10.0,p_inst:0,1.0,0.0,1,58,0,p,m,gr,72,5,a
pname:p_inst:0_ptype:gr_usecol:a_pstyle:m_r:70_c:32_sp:5,none,relative,1.0,0.01,10.0,p_inst:0,1.0,0.0,1,32,0,p,m,gr,70,5,a
pname:p_inst:0_ptype:gr_usecol:a_pstyle:m_r:41_c:36_sp:5,none,relative,1.0,0.01,10.0,p_inst:0,1.0,0.0,1,36,0,p,m,gr,41,5,a
pname:p_inst:0_ptype:gr_usecol:a_pstyle:m_r:84_c:42_sp:5,none,relative,1.0,0.01,10.0,p_inst:0,1.0,0.0,1,42,0,p,m,gr,84,5,a
pname:p_inst:0_ptype:gr_usecol:a_pstyle:m_r:76_c:61_sp:5,none,relative,1.0,0.01,10.0,p_inst:0,1.0,0.0,1,61,0,p,m,gr,76,5,a
pname:p_inst:0_ptype:gr_usecol:a_pstyle:m_r:72_c:45_sp:5,none,relative,1.0,0.01,10.0,p_inst:0,1.0,0.0,1,45,0,p,m,gr,72,5,a
pname:p_inst:0_ptype:gr_usecol:a_pstyle:m_r:37_c:35_sp:5,none,relative,1.0,0.01,10.0,p_inst:0,1.0,0.0,1,35,0,p,m,gr,37,5,a
pname:p_inst:0_ptype:gr_usecol:a_pstyle:m_r:34_c:60_sp:5,none,relative,1.0,0.01,10.0,p_inst:0,1.0,0.0,1,60,0,p,m,gr,34,5,a
pname:p_inst:0_ptype:gr_usecol:a_pstyle:m_r:66_c:39_sp:5,none,relative,1.0,0.01,10.0,p_inst:0,1.0,0.0,1,39,0,p,m,gr,66,5,a
pname:p_inst:0_ptype:gr_usecol:a_pstyle:m_r:58_c:52_sp:5,none,relative,1.0,0.01,10.0,p_inst:0,1.0,0.0,1,52,0,p,m,gr,58,5,a
pname:p_inst:0_ptype:gr_usecol:a_pstyle:m_r:54_c:31_sp:5,none,relative,1.0,0.01,10.0,p_inst:0,1.0,0.0,1,31,0,p,m,gr,54,5,a
pname:p_inst:0_ptype:gr_usecol:a_pstyle:m_r:34_c:54_sp:5,none,relative,1.0,0.01,10.0,p_inst:0,1.0,0.0,1,54,0,p,m,gr,34,5,a
pname:p_inst:0_ptype:gr_usecol:a_pstyle:m_r:55_c:37_sp:5,none,relative,1.0,0.01,10.0,p_inst:0,1.0,0.0,1,37,0,p,m,gr,55,5,a
pname:p_inst:0_ptype:gr_usecol:a_pstyle:m_r:77_c:52_sp:5,none,relative,1.0,0.01,10.0,p_inst:0,1.0,0.0,1,52,0,p,m,gr,77,5,a
pname:p_inst:0_ptype:gr_usecol:a_pstyle:m_r:35_c:37_sp:5,none,relative,1.0,0.01,10.0,p_inst:0,1.0,0.0,1,37,0,p,m,gr,35,5,a
pname:p_inst:0_ptype:gr_usecol:a_pstyle:m_r:71_c:31_sp:5,none,relative,1.0,0.01,10.0,p_inst:0,1.0,0.0,1,31,0,p,m,gr,71,5,a
pname:p_inst:0_ptype:gr_usecol:a_pstyle:m_r:73_c:59_sp:5,none,relative,1.0,0.01,10.0,p_inst:0,1.0,0.0,1,59,0,p,m,gr,73,5,a
pname:p_inst:0_ptype:gr_usecol:a_pstyle:m_r:54_c:41_sp:5,none,relative,1.0,0.01,10.0,p_inst:0,1.0,0.0,1,41,0,p,m,gr,54,5,a
pname:p_inst:0_ptype:gr_usecol:a_pstyle:m_r:68_c:55_sp:5,none,relative,1.0,0.01,10.0,p_inst:0,1.0,0.0,1,55,0,p,m,gr,68,5,a
pname:p_inst:0_ptype:gr_usecol:a_pstyle:m_r:59_c:40_sp:5,none,relative,1.0,0.01,10.0,p_inst:0,1.0,0.0,1,40,0,p,m,gr,59,5,a
pname:p_inst:0_ptype:gr_usecol:a_pstyle:m_r:72_c:58_sp:6,none,relative,1.0,0.01,10.0,p_inst:0,1.0,0.0,1,58,0,p,m,gr,72,6,a
pname:p_inst:0_ptype:gr_usecol:a_pstyle:m_r:70_c:32_sp:6,none,relative,1.0,0.01,10.0,p_inst:0,1.0,0.0,1,32,0,p,m,gr,70,6,a
pname:p_inst:0_ptype:gr_usecol:a_pstyle:m_r:41_c:36_sp:6,none,relative,1.0,0.01,10.0,p_inst:0,1.0,0.0,1,36,0,p,m,gr,41,6,a
pname:p_inst:0_ptype:gr_usecol:a_pstyle:m_r:84_c:42_sp:6,none,relative,1.0,0.01,10.0,p_inst:0,1.0,0.0,1,42,0,p,m,gr,84,6,a
pname:p_inst:0_ptype:gr_usecol:a_pstyle:m_r:76_c:61_sp:6,none,relative,1.0,0.01,10.0,p_inst:0,1.0,0.0,1,61,0,p,m,gr,76,6,a
pname:p_inst:0_ptype:gr_usecol:a_pstyle:m_r:72_c:45_sp:6,none,relative,1.0,0.01,10.0,p_inst:0,1.0,0.0,1,45,0,p,m,gr,72,6,a
pname:p_inst:0_ptype:gr_usecol:a_pstyle:m_r:37_c:35_sp:6,none,relative,1.0,0.01,10.0,p_inst:0,1.0,0.0,1,35,0,p,m,gr,37,6,a
pname:p_inst:0_ptype:gr_usecol:a_pstyle:m_r:34_c:60_sp:6,none,relative,1.0,0.01,10.0,p_inst:0,1.0,0.0,1,60,0,p,m,gr,34,6,a
pname:p_inst:0_ptype:gr_usecol:a_pstyle:m_r:66_c:39_sp:6,none,relative,1.0,0.01,10.0,p_inst:0,1.0,0.0,1,39,0,p,m,gr,66,6,a
pname:p_inst:0_ptype:gr_usecol:a_pstyle:m_r:58_c:52_sp:6,none,relative,1.0,0.01,10.0,p_inst:0,1.0,0.0,1,52,0,p,m,gr,58,6,a
pname:p_inst:0_ptype:gr_usecol:a_pstyle:m_r:54_c:31_sp:6,none,relative,1.0,0.01,10.0,p_inst:0,1.0,0.0,1,31,0,p,m,gr,54,6,a
pname:p_inst:0_ptype:gr_usecol:a_pstyle:m_r:34_c:54_sp:6,none,relative,1.0,0.01,10.0,p_inst:0,1.0,0.0,1,54,0,p,m,gr,34,6,a
pname:p_inst:0_ptype:gr_usecol:a_pstyle:m_r:55_c:37_sp:6,none,relative,1.0,0.01,10.0,p_inst:0,1.0,0.0,1,37,0,p,m,gr,55,6,a
pname:p_inst:0_ptype:gr_usecol:a_pstyle:m_r:77_c:52_sp:6,none,relative,1.0,0.01,10.0,p_inst:0,1.0,0.0,1,52,0,p,m,gr,77,6,a
pname:p_inst:0_ptype:gr_usecol:a_pstyle:m_r:35_c:37_sp:6,none,relative,1.0,0.01,10.0,p_inst:0,1.0,0.0,1,37,0,p,m,gr,35,6,a
pname:p_inst:0_ptype:gr_usecol:a_pstyle:m_r:71_c:31_sp:6,none,relative,1.0,0.01,10.0,p_inst:0,1.0,0.0,1,31,0,p,m,gr,71,6,a
pname:p_inst:0_ptype:gr_usecol:a_pstyle:m_r:73_c:59_sp:6,none,relative,1.0,0.01,10.0,p_inst:0,1.0,0.0,1,59,0,p,m,gr,73,6,a
pname:p_inst:0_ptype:gr_usecol:a_pstyle:m_r:54_c:41_sp:6,none,relative,1.0,0.01,10.0,p_inst:0,1.0,0.0,1,41,0,p,m,gr,54,6,a
pname:p_inst:0_ptype:gr_usecol:a_pstyle:m_r:68_c:55_sp:6,none,relative,1.0,0.01,10.0,p_inst:0,1.0,0.0,1,55,0,p,m,gr,68,6,a
pname:p_inst:0_ptype:gr_usecol:a_pstyle:m_r:59_c:40_sp:6,none,relative,1.0,0.01,10.0,p_inst:0,1.0,0.0,1,40,0,p,m,gr,59,6,a
pname:p_inst:0_ptype:gr_usecol:a_pstyle:m_r:72_c:58_sp:7,none,relative,1.0,0.01,10.0,p_inst:0,1.0,0.0,1,58,0,p,m,gr,72,7,a
pname:p_inst:0_ptype:gr_usecol:a_pstyle:m_r:70_c:32_sp:7,none,relative,1.0,0.01,10.0,p_inst:0,1.0,0.0,1,32,0,p,m,gr,70,7,a
pname:p_inst:0_ptype:gr_usecol:a_pstyle:m_r:41_c:36_sp:7,none,relative,1.0,0.01,10.0,p_inst:0,1.0,0.0,1,36,0,p,m,gr,41,7,a
pname:p_inst:0_ptype:gr_usecol:a_pstyle:m_r:84_c:42_sp:7,none,relative,1.0,0.01,10.0,p_inst:0,1.0,0.0,1,42,0,p,m,gr,84,7,a
pname:p_inst:0_ptype:gr_usecol:a_pstyle:m_r:76_c:61_sp:7,none,relative,1.0,0.01,10.0,p_inst:0,1.0,0.0,1,61,0,p,m,gr,76,7,a
pname:p_inst:0_ptype:gr_usecol:a_pstyle:m_r:72_c:45_sp:7,none,relative,1.0,0.01,10.0,p_inst:0,1.0,0.0,1,45,0,p,m,gr,72,7,a
pname:p_inst:0_ptype:gr_usecol:a_pstyle:m_r:37_c:35_sp:7,none,relative,1.0,0.01,10.0,p_inst:0,1.0,0.0,1,35,0,p,m,gr,37,7,a
pname:p_inst:0_ptype:gr_usecol:a_pstyle:m_r:34_c:60_sp:7,none,relative,1.0,0.01,10.0,p_inst:0,1.0,0.0,1,60,0,p,m,gr,34,7,a
pname:p_inst:0_ptype:gr_usecol:a_pstyle:m_r:66_c:39_sp:7,none,relative,1.0,0.01,10.0,p_inst:0,1.0,0.0,1,39,0,p,m,gr,66,7,a
pname:p_inst:0_ptype:gr_usecol:a_pstyle:m_r:58_c:52_sp:7,none,relative,1.0,0.01,10.0,p_inst:0,1.0,0.0,1,52,0,p,m,gr,58,7,a
pname:p_inst:0_ptype:gr_usecol:a_pstyle:m_r:54_c:31_sp:7,none,relative,1.0,0.01,10.0,p_inst:0,1.0,0.0,1,31,0,p,m,gr,54,7,a
pname:p_inst:0_ptype:gr_usecol:a_pstyle:m_r:34_c:54_sp:7,none,relative,1.0,0.01,10.0,p_inst:0,1.0,0.0,1,54,0,p,m,gr,34,7,a
pname:p_inst:0_ptype:gr_usecol:a_pstyle:m_r:55_c:37_sp:7,none,relative,1.0,0.01,10.0,p_inst:0,1.0,0.0,1,37,0,p,m,gr,55,7,a
pname:p_inst:0_ptype:gr_usecol:a_pstyle:m_r:77_c:52_sp:7,none,relative,1.0,0.01,10.0,p_inst:0,1.0,0.0,1,52,0,p,m,gr,77,7,a
pname:p_inst:0_ptype:gr_usecol:a_pstyle:m_r:35_c:37_sp:7,none,relative,1.0,0.01,10.0,p_inst:0,1.0,0.0,1,37,0,p,m,gr,35,7,a
pname:p_inst:0_ptype:gr_usecol:a_pstyle:m_r:71_c:31_sp:7,none,relative,1.0,0.01,10.0,p_inst:0,1.0,0.0,1,31,0,p,m,gr,71,7,a
pname:p_inst:0_ptype:gr_usecol:a_pstyle:m_r:73_c:59_sp:7,none,relative,1.0,0.01,10.0,p_inst:0,1.0,0.0,1,59,0,p,m,gr,73,7,a
pname:p_inst:0_ptype:gr_usecol:a_pstyle:m_r:54_c:41_sp:7,none,relative,1.0,0.01,10.0,p_inst:0,1.0,0.0,1,41,0,p,m,gr,54,7,a
pname:p_inst:0_ptype:gr_usecol:a_pstyle:m_r:68_c:55_sp:7,none,relative,1.0,0.01,10.0,p_inst:0,1.0,0.0,1,55,0,p,m,gr,68,7,a
pname:p_inst:0_ptype:gr_usecol:a_pstyle:m_r:59_c:40_sp:7,none,relative,1.0,0.01,10.0,p_inst:0,1.0,0.0,1,40,0,p,m,gr,59,7,a
pname:p_inst:0_ptype:gr_usecol:a_pstyle:m_r:72_c:58_sp:8,none,relative,1.0,0.01,10.0,p_inst:0,1.0,0.0,1,58,0,p,m,gr,72,8,a
pname:p_inst:0_ptype:gr_usecol:a_pstyle:m_r:70_c:32_sp:8,none,relative,1.0,0.01,10.0,p_inst:0,1.0,0.0,1,32,0,p,m,gr,70,8,a
pname:p_inst:0_ptype:gr_usecol:a_pstyle:m_r:41_c:36_sp:8,none,relative,1.0,0.01,10.0,p_inst:0,1.0,0.0,1,36,0,p,m,gr,41,8,a
pname:p_inst:0_ptype:gr_usecol:a_pstyle:m_r:84_c:42_sp:8,none,relative,1.0,0.01,10.0,p_inst:0,1.0,0.0,1,42,0,p,m,gr,84,8,a
pname:p_inst:0_ptype:gr_usecol:a_pstyle:m_r:76_c:61_sp:8,none,relative,1.0,0.01,10.0,p_inst:0,1.0,0.0,1,61,0,p,m,gr,76,8,a
pname:p_inst:0_ptype:gr_usecol:a_pstyle:m_r:72_c:45_sp:8,none,relative,1.0,0.01,10.0,p_inst:0,1.0,0.0,1,45,0,p,m,gr,72,8,a
pname:p_inst:0_ptype:gr_usecol:a_pstyle:m_r:37_c:35_sp:8,none,relative,1.0,0.01,10.0,p_inst:0,1.0,0.0,1,35,0,p,m,gr,37,8,a
pname:p_inst:0_ptype:gr_usecol:a_pstyle:m_r:34_c:60_sp:8,none,relative,1.0,0.01,10.0,p_inst:0,1.0,0.0,1,60,0,p,m,gr,34,8,a
pname:p_inst:0_ptype:gr_usecol:a_pstyle:m_r:66_c:39_sp:8,none,relative,1.0,0.01,10.0,p_inst:0,1.0,0.0,1,39,0,p,m,gr,66,8,a
pname:p_inst:0_ptype:gr_usecol:a_pstyle:m_r:58_c:52_sp:8,none,relative,1.0,0.01,10.0,p_inst:0,1.0,0.0,1,52,0,p,m,gr,58,8,a
pname:p_inst:0_ptype:gr_usecol:a_pstyle:m_r:54_c:31_sp:8,none,relative,1.0,0.01,10.0,p_inst:0,1.0,0.0,1,31,0,p,m,gr,54,8,a
pname:p_inst:0_ptype:gr_usecol:a_pstyle:m_r:34_c:54_sp:8,none,relative,1.0,0.01,10.0,p_inst:0,1.0,0.0,1,54,0,p,m,gr,34,8,a
pname:p_inst:0_ptype:gr_usecol:a_pstyle:m_r:55_c:37_sp:8,none,relative,1.0,0.01,10.0,p_inst:0,1.0,0.0,1,37,0,p,m,gr,55,8,a
pname:p_inst:0_ptype:gr_usecol:a_pstyle:m_r:77_c:52_sp:8,none,relative,1.0,0.01,10.0,p_inst:0,1.0,0.0,1,52,0,p,m,gr,77,8,a
pname:p_inst:0_ptype:gr_usecol:a_pstyle:m_r:35_c:37_sp:8,none,relative,1.0,0.01,10.0,p_inst:0,1.0,0.0,1,37,0,p,m,gr,35,8,a
pname:p_inst:0_ptype:gr_usecol:a_pstyle:m_r:71_c:31_sp:8,none,relative,1.0,0.01,10.0,p_inst:0,1.0,0.0,1,31,0,p,m,gr,71,8,a
pname:p_inst:0_ptype:gr_usecol:a_pstyle:m_r:73_c:59_sp:8,none,relative,1.0,0.01,10.0,p_inst:0,1.0,0.0,1,59,0,p,m,gr,73,8,a
pname:p_inst:0_ptype:gr_usecol:a_pstyle:m_r:54_c:41_sp:8,none,relative,1.0,0.01,10.0,p_inst:0,1.0,0.0,1,41,0,p,m,gr,54,8,a
pname:p_inst:0_ptype:gr_usecol:a_pstyle:m_r:68_c:55_sp:8,none,relative,1.0,0.01,10.0,p_inst:0,1.0,0.0,1,55,0,p,m,gr,68,8,a
pname:p_inst:0_ptype:gr_usecol:a_pstyle:m_r:59_c:40_sp:8,none,relative,1.0,0.01,10.0,p_inst:0,1.0,0.0,1,40,0,p,m,gr,59,8,a
pname:p_inst:0_ptype:gr_usecol:a_pstyle:m_r:72_c:58_sp:9,none,relative,1.0,0.01,10.0,p_inst:0,1.0,0.0,1,58,0,p,m,gr,72,9,a
pname:p_inst:0_ptype:gr_usecol:a_pstyle:m_r:70_c:32_sp:9,none,relative,1.0,0.01,10.0,p_inst:0,1.0,0.0,1,32,0,p,m,gr,70,9,a
pname:p_inst:0_ptype:gr_usecol:a_pstyle:m_r:41_c:36_sp:9,none,relative,1.0,0.01,10.0,p_inst:0,1.0,0.0,1,36,0,p,m,gr,41,9,a
pname:p_inst:0_ptype:gr_usecol:a_pstyle:m_r:84_c:42_sp:9,none,relative,1.0,0.01,10.0,p_inst:0,1.0,0.0,1,42,0,p,m,gr,84,9,a
pname:p_inst:0_ptype:gr_usecol:a_pstyle:m_r:76_c:61_sp:9,none,relative,1.0,0.01,10.0,p_inst:0,1.0,0.0,1,61,0,p,m,gr,76,9,a
pname:p_inst:0_ptype:gr_usecol:a_pstyle:m_r:72_c:45_sp:9,none,relative,1.0,0.01,10.0,p_inst:0,1.0,0.0,1,45,0,p,m,gr,72,9,a
pname:p_inst:0_ptype:gr_usecol:a_pstyle:m_r:37_c:35_sp:9,none,relative,1.0,0.01,10.0,p_inst:0,1.0,0.0,1,35,0,p,m,gr,37,9,a
pname:p_inst:0_ptype:gr_usecol:a_pstyle:m_r:34_c:60_sp:9,none,relative,1.0,0.01,10.0,p_inst:0,1.0,0.0,1,60,0,p,m,gr,34,9,a
pname:p_inst:0_ptype:gr_usecol:a_pstyle:m_r:66_c:39_sp:9,none,relative,1.0,0.01,10.0,p_inst:0,1.0,0.0,1,39,0,p,m,gr,66,9,a
pname:p_inst:0_ptype:gr_usecol:a_pstyle:m_r:58_c:52_sp:9,none,relative,1.0,0.01,10.0,p_inst:0,1.0,0.0,1,52,0,p,m,gr,58,9,a
pname:p_inst:0_ptype:gr_usecol:a_pstyle:m_r:54_c:31_sp:9,none,relative,1.0,0.01,10.0,p_inst:0,1.0,0.0,1,31,0,p,m,gr,54,9,a
pname:p_inst:0_ptype:gr_usecol:a_pstyle:m_r:34_c:54_sp:9,none,relative,1.0,0.01,10.0,p_inst:0,1.0,0.0,1,54,0,p,m,gr,34,9,a
pname:p_inst:0_ptype:gr_usecol:a_pstyle:m_r:55_c:37_sp:9,none,relative,1.0,0.01,10.0,p_inst:0,1.0,0.0,1,37,0,p,m,gr,55,9,a
pname:p_inst:0_ptype:gr_usecol:a_pstyle:m_r:77_c:52_sp:9,none,relative,1.0,0.01,10.0,p_inst:0,1.0,0.0,1,52,0,p,m,gr,77,9,a
pname:p_inst:0_ptype:gr_usecol:a_pstyle:m_r:35_c:37_sp:9,none,relative,1.0,0.01,10.0,p_inst:0,1.0,0.0,1,37,0,p,m,gr,35,9,a
pname:p_inst:0_ptype:gr_usecol:a_pstyle:m_r:71_c:31_sp:9,none,relative,1.0,0.01,10.0,p_inst:0,1.0,0.0,1,31,0,p,m,gr,71,9,a
pname:p_inst:0_ptype:gr_usecol:a_pstyle:m_r:73_c:59_sp:9,none,relative,1.0,0.01,10.0,p_inst:0,1.0,0.0,1,59,0,p,m,gr,73,9,a
pname:p_inst:0_ptype:gr_usecol:a_pstyle:m_r:54_c:41_sp:9,none,relative,1.0,0.01,10.0,p_inst:0,1.0,0.0,1,41,0,p,m,gr,54,9,a
pname:p_inst:0_ptype:gr_usecol:a_pstyle:m_r:68_c:55_sp:9,none,relative,1.0,0.01,10.0,p_inst:0,1.0,0.0,1,55,0,p,m,gr,68,9,a
pname:p_inst:0_ptype:gr_usecol:a_pstyle:m_r:59_c:40_sp:9,none,relative,1.0,0.01,10.0,p_inst:0,1.0,0.0,1,40,0,p,m,gr,59,9,a
pname:p_inst:0_ptype:gr_usecol:a_pstyle:m_r:72_c:58_sp:10,none,relative,1.0,0.01,10.0,p_inst:0,1.0,0.0,1,58,0,p,m,gr,72,10,a
pname:p_inst:0_ptype:gr_usecol:a_pstyle:m_r:70_c:32_sp:10,none,relative,1.0,0.01,10.0,p_inst:0,1.0,0.0,1,32,0,p,m,gr,70,10,a
pname:p_inst:0_ptype:gr_usecol:a_pstyle:m_r:41_c:36_sp:10,none,relative,1.0,0.01,10.0,p_inst:0,1.0,0.0,1,36,0,p,m,gr,41,10,a
pname:p_inst:0_ptype:gr_usecol:a_pstyle:m_r:84_c:42_sp:10,none,relative,1.0,0.01,10.0,p_inst:0,1.0,0.0,1,42,0,p,m,gr,84,10,a
pname:p_inst:0_ptype:gr_usecol:a_pstyle:m_r:76_c:61_sp:10,none,relative,1.0,0.01,10.0,p_inst:0,1.0,0.0,1,61,0,p,m,gr,76,10,a
pname:p_inst:0_ptype:gr_usecol:a_pstyle:m_r:72_c:45_sp:10,none,relative,1.0,0.01,10.0,p_inst:0,1.0,0.0,1,45,0,p,m,gr,72,10,a
pname:p_inst:0_ptype:gr_usecol:a_pstyle:m_r:37_c:35_sp:10,none,relative,1.0,0.01,10.0,p_inst:0,1.0,0.0,1,35,0,p,m,gr,37,10,a
pname:p_inst:0_ptype:gr_usecol:a_pstyle:m_r:34_c:60_sp:10,none,relative,1.0,0.01,10.0,p_inst:0,1.0,0.0,1,60,0,p,m,gr,34,10,a
pname:p_inst:0_ptype:gr_usecol:a_pstyle:m_r:66_c:39_sp:10,none,relative,1.0,0.01,10.0,p_inst:0,1.0,0.0,1,39,0,p,m,gr,66,10,a
pname:p_inst:0_ptype:gr_usecol:a_pstyle:m_r:58_c:52_sp:10,none,relative,1.0,0.01,10.0,p_inst:0,1.0,0.0,1,52,0,p,m,gr,58,10,a
pname:p_inst:0_ptype:gr_usecol:a_pstyle:m_r:54_c:31_sp:10,none,relative,1.0,0.01,10.0,p_inst:0,1.0,0.0,1,31,0,p,m,gr,54,10,a
pname:p_inst:0_ptype:gr_usecol:a_pstyle:m_r:34_c:54_sp:10,none,relative,1.0,0.01,10.0,p_inst:0,1.0,0.0,1,54,0,p,m,gr,34,10,a
pname:p_inst:0_ptype:gr_usecol:a_pstyle:m_r:55_c:37_sp:10,none,relative,1.0,0.01,10.0,p_inst:0,1.0,0.0,1,37,0,p,m,gr,55,10,a
pname:p_inst:0_ptype:gr_usecol:a_pstyle:m_r:77_c:52_sp:10,none,relative,1.0,0.01,10.0,p_inst:0,1.0,0.0,1,52,0,p,m,gr,77,10,a
pname:p_inst:0_ptype:gr_usecol:a_pstyle:m_r:35_c:37_sp:10,none,relative,1.0,0.01,10.0,p_inst:0,1.0,0.0,1,37,0,p,m,gr,35,10,a
pname:p_inst:0_ptype:gr_usecol:a_pstyle:m_r:71_c:31_sp:10,none,relative,1.0,0.01,10.0,p_inst:0,1.0,0.0,1,31,0,p,m,gr,71,10,a
pname:p_inst:0_ptype:gr_usecol:a_pstyle:m_r:73_c:59_sp:10,none,relative,1.0,0.01,10.0,p_inst:0,1.0,0.0,1,59,0,p,m,gr,73,10,a
pname:p_inst:0_ptype:gr_usecol:a_pstyle:m_r:54_c:41_sp:10,none,relative,1.0,0.01,10.0,p_inst:0,1.0,0.0,1,41,0,p,m,gr,54,10,a
pname:p_inst:0_ptype:gr_usecol:a_pstyle:m_r:68_c:55_sp:10,none,relative,1.0,0.01,10.0,p_inst:0,1.0,0.0,1,55,0,p,m,gr,68,10,a
pname:p_inst:0_ptype:gr_usecol:a_pstyle:m_r:59_c:40_sp:10,none,relative,1.0,0.01,10.0,p_inst:0,1.0,0.0,1,40,0,p,m,gr,59,10,a
pname:p_inst:0_ptype:gr_usecol:a_pstyle:m_r:72_c:58_sp:11,none,relative,1.0,0.01,10.0,p_inst:0,1.0,0.0,1,58,0,p,m,gr,72,11,a
pname:p_inst:0_ptype:gr_usecol:a_pstyle:m_r:70_c:32_sp:11,none,relative,1.0,0.01,10.0,p_inst:0,1.0,0.0,1,32,0,p,m,gr,70,11,a
pname:p_inst:0_ptype:gr_usecol:a_pstyle:m_r:41_c:36_sp:11,none,relative,1.0,0.01,10.0,p_inst:0,1.0,0.0,1,36,0,p,m,gr,41,11,a
pname:p_inst:0_ptype:gr_usecol:a_pstyle:m_r:84_c:42_sp:11,none,relative,1.0,0.01,10.0,p_inst:0,1.0,0.0,1,42,0,p,m,gr,84,11,a
pname:p_inst:0_ptype:gr_usecol:a_pstyle:m_r:76_c:61_sp:11,none,relative,1.0,0.01,10.0,p_inst:0,1.0,0.0,1,61,0,p,m,gr,76,11,a
pname:p_inst:0_ptype:gr_usecol:a_pstyle:m_r:72_c:45_sp:11,none,relative,1.0,0.01,10.0,p_inst:0,1.0,0.0,1,45,0,p,m,gr,72,11,a
pname:p_inst:0_ptype:gr_usecol:a_pstyle:m_r:37_c:35_sp:11,none,relative,1.0,0.01,10.0,p_inst:0,1.0,0.0,1,35,0,p,m,gr,37,11,a
pname:p_inst:0_ptype:gr_usecol:a_pstyle:m_r:34_c:60_sp:11,none,relative,1.0,0.01,10.0,p_inst:0,1.0,0.0,1,60,0,p,m,gr,34,11,a
pname:p_inst:0_ptype:gr_usecol:a_pstyle:m_r:66_c:39_sp:11,none,relative,1.0,0.01,10.0,p_inst:0,1.0,0.0,1,39,0,p,m,gr,66,11,a
pname:p_inst:0_ptype:gr_usecol:a_pstyle:m_r:58_c:52_sp:11,none,relative,1.0,0.01,10.0,p_inst:0,1.0,0.0,1,52,0,p,m,gr,58,11,a
pname:p_inst:0_ptype:gr_usecol:a_pstyle:m_r:54_c:31_sp:11,none,relative,1.0,0.01,10.0,p_inst:0,1.0,0.0,1,31,0,p,m,gr,54,11,a
pname:p_inst:0_ptype:gr_usecol:a_pstyle:m_r:34_c:54_sp:11,none,relative,1.0,0.01,10.0,p_inst:0,1.0,0.0,1,54,0,p,m,gr,34,11,a
pname:p_inst:0_ptype:gr_usecol:a_pstyle:m_r:55_c:37_sp:11,none,relative,1.0,0.01,10.0,p_inst:0,1.0,0.0,1,37,0,p,m,gr,55,11,a
pname:p_inst:0_ptype:gr_usecol:a_pstyle:m_r:77_c:52_sp:11,none,relative,1.0,0.01,10.0,p_inst:0,1.0,0.0,1,52,0,p,m,gr,77,11,a
pname:p_inst:0_ptype:gr_usecol:a_pstyle:m_r:35_c:37_sp:11,none,relative,1.0,0.01,10.0,p_inst:0,1.0,0.0,1,37,0,p,m,gr,35,11,a
pname:p_inst:0_ptype:gr_usecol:a_pstyle:m_r:71_c:31_sp:11,none,relative,1.0,0.01,10.0,p_inst:0,1.0,0.0,1,31,0,p,m,gr,71,11,a
pname:p_inst:0_ptype:gr_usecol:a_pstyle:m_r:73_c:59_sp:11,none,relative,1.0,0.01,10.0,p_inst:0,1.0,0.0,1,59,0,p,m,gr,73,11,a
pname:p_inst:0_ptype:gr_usecol:a_pstyle:m_r:54_c:41_sp:11,none,relative,1.0,0.01,10.0,p_inst:0,1.0,0.0,1,41,0,p,m,gr,54,11,a
pname:p_inst:0_ptype:gr_usecol:a_pstyle:m_r:68_c:55_sp:11,none,relative,1.0,0.01,10.0,p_inst:0,1.0,0.0,1,55,0,p,m,gr,68,11,a
pname:p_inst:0_ptype:gr_usecol:a_pstyle:m_r:59_c:40_sp:11,none,relative,1.0,0.01,10.0,p_inst:0,1.0,0.0,1,40,0,p,m,gr,59,11,a
pname:p_inst:0_ptype:gr_usecol:a_pstyle:m_r:72_c:58_sp:12,none,relative,1.0,0.01,10.0,p_inst:0,1.0,0.0,1,58,0,p,m,gr,72,12,a
pname:p_inst:0_ptype:gr_usecol:a_pstyle:m_r:70_c:32_sp:12,none,relative,1.0,0.01,10.0,p_inst:0,1.0,0.0,1,32,0,p,m,gr,70,12,a
pname:p_inst:0_ptype:gr_usecol:a_pstyle:m_r:41_c:36_sp:12,none,relative,1.0,0.01,10.0,p_inst:0,1.0,0.0,1,36,0,p,m,gr,41,12,a
pname:p_inst:0_ptype:gr_usecol:a_pstyle:m_r:84_c:42_sp:12,none,relative,1.0,0.01,10.0,p_inst:0,1.0,0.0,1,42,0,p,m,gr,84,12,a
pname:p_inst:0_ptype:gr_usecol:a_pstyle:m_r:76_c:61_sp:12,none,relative,1.0,0.01,10.0,p_inst:0,1.0,0.0,1,61,0,p,m,gr,76,12,a
pname:p_inst:0_ptype:gr_usecol:a_pstyle:m_r:72_c:45_sp:12,none,relative,1.0,0.01,10.0,p_inst:0,1.0,0.0,1,45,0,p,m,gr,72,12,a
pname:p_inst:0_ptype:gr_usecol:a_pstyle:m_r:37_c:35_sp:12,none,relative,1.0,0.01,10.0,p_inst:0,1.0,0.0,1,35,0,p,m,gr,37,12,a
pname:p_inst:0_ptype:gr_usecol:a_pstyle:m_r:34_c:60_sp:12,none,relative,1.0,0.01,10.0,p_inst:0,1.0,0.0,1,60,0,p,m,gr,34,12,a
pname:p_inst:0_ptype:gr_usecol:a_pstyle:m_r:66_c:39_sp:12,none,relative,1.0,0.01,10.0,p_inst:0,1.0,0.0,1,39,0,p,m,gr,66,12,a
pname:p_inst:0_ptype:gr_usecol:a_pstyle:m_r:58_c:52_sp:12,none,relative,1.0,0.01,10.0,p_inst:0,1.0,0.0,1,52,0,p,m,gr,58,12,a
pname:p_inst:0_ptype:gr_usecol:a_pstyle:m_r:54_c:31_sp:12,none,relative,1.0,0.01,10.0,p_inst:0,1.0,0.0,1,31,0,p,m,gr,54,12,a
pname:p_inst:0_ptype:gr_usecol:a_pstyle:m_r:34_c:54_sp:12,none,relative,1.0,0.01,10.0,p_inst:0,1.0,0.0,1,54,0,p,m,gr,34,12,a
pname:p_inst:0_ptype:gr_usecol:a_pstyle:m_r:55_c:37_sp:12,none,relative,1.0,0.01,10.0,p_inst:0,1.0,0.0,1,37,0,p,m,gr,55,12,a
pname:p_inst:0_ptype:gr_usecol:a_pstyle:m_r:77_c:52_sp:12,none,relative,1.0,0.01,10.0,p_inst:0,1.0,0.0,1,52,0,p,m,gr,77,12,a
pname:p_inst:0_ptype:gr_usecol:a_pstyle:m_r:35_c:37_sp:12,none,relative,1.0,0.01,10.0,p_inst:0,1.0,0.0,1,37,0,p,m,gr,35,12,a
pname:p_inst:0_ptype:gr_usecol:a_pstyle:m_r:71_c:31_sp:12,none,relative,1.0,0.01,10.0,p_inst:0,1.0,0.0,1,31,0,p,m,gr,71,12,a
pname:p_inst:0_ptype:gr_usecol:a_pstyle:m_r:73_c:59_sp:12,none,relative,1.0,0.01,10.0,p_inst:0,1.0,0.0,1,59,0,p,m,gr,73,12,a
pname:p_inst:0_ptype:gr_usecol:a_pstyle:m_r:54_c:41_sp:12,none,relative,1.0,0.01,10.0,p_inst:0,1.0,0.0,1,41,0,p,m,gr,54,12,a
pname:p_inst:0_ptype:gr_usecol:a_pstyle:m_r:68_c:55_sp:12,none,relative,1.0,0.01,10.0,p_inst:0,1.0,0.0,1,55,0,p,m,gr,68,12,a
pname:p_inst:0_ptype:gr_usecol:a_pstyle:m_r:59_c:40_sp:12,none,relative,1.0,0.01,10.0,p_inst:0,1.0,0.0,1,40,0,p,m,gr,59,12,a
pname:p_inst:0_ptype:gr_usecol:a_pstyle:m_r:72_c:58_sp:13,none,relative,1.0,0.01,10.0,p_inst:0,1.0,0.0,1,58,0,p,m,gr,72,13,a
pname:p_inst:0_ptype:gr_usecol:a_pstyle:m_r:70_c:32_sp:13,none,relative,1.0,0.01,10.0,p_inst:0,1.0,0.0,1,32,0,p,m,gr,70,13,a
pname:p_inst:0_ptype:gr_usecol:a_pstyle:m_r:41_c:36_sp:13,none,relative,1.0,0.01,10.0,p_inst:0,1.0,0.0,1,36,0,p,m,gr,41,13,a
pname:p_inst:0_ptype:gr_usecol:a_pstyle:m_r:84_c:42_sp:13,none,relative,1.0,0.01,10.0,p_inst:0,1.0,0.0,1,42,0,p,m,gr,84,13,a
pname:p_inst:0_ptype:gr_usecol:a_pstyle:m_r:76_c:61_sp:13,none,relative,1.0,0.01,10.0,p_inst:0,1.0,0.0,1,61,0,p,m,gr,76,13,a
pname:p_inst:0_ptype:gr_usecol:a_pstyle:m_r:72_c:45_sp:13,none,relative,1.0,0.01,10.0,p_inst:0,1.0,0.0,1,45,0,p,m,gr,72,13,a
pname:p_inst:0_ptype:gr_usecol:a_pstyle:m_r:37_c:35_sp:13,none,relative,1.0,0.01,10.0,p_inst:0,1.0,0.0,1,35,0,p,m,gr,37,13,a
pname:p_inst:0_ptype:gr_usecol:a_pstyle:m_r:34_c:60_sp:13,none,relative,1.0,0.01,10.0,p_inst:0,1.0,0.0,1,60,0,p,m,gr,34,13,a
pname:p_inst:0_ptype:gr_usecol:a_pstyle:m_r:66_c:39_sp:13,none,relative,1.0,0.01,10.0,p_inst:0,1.0,0.0,1,39,0,p,m,gr,66,13,a
pname:p_inst:0_ptype:gr_usecol:a_pstyle:m_r:58_c:52_sp:13,none,relative,1.0,0.01,10.0,p_inst:0,1.0,0.0,1,52,0,p,m,gr,58,13,a
pname:p_inst:0_ptype:gr_usecol:a_pstyle:m_r:54_c:31_sp:13,none,relative,1.0,0.01,10.0,p_inst:0,1.0,0.0,1,31,0,p,m,gr,54,13,a
pname:p_inst:0_ptype:gr_usecol:a_pstyle:m_r:34_c:54_sp:13,none,relative,1.0,0.01,10.0,p_inst:0,1.0,0.0,1,54,0,p,m,gr,34,13,a
pname:p_inst:0_ptype:gr_usecol:a_pstyle:m_r:55_c:37_sp:13,none,relative,1.0,0.01,10.0,p_inst:0,1.0,0.0,1,37,0,p,m,gr,55,13,a
pname:p_inst:0_ptype:gr_usecol:a_pstyle:m_r:77_c:52_sp:13,none,relative,1.0,0.01,10.0,p_inst:0,1.0,0.0,1,52,0,p,m,gr,77,13,a
pname:p_inst:0_ptype:gr_usecol:a_pstyle:m_r:35_c:37_sp:13,none,relative,1.0,0.01,10.0,p_inst:0,1.0,0.0,1,37,0,p,m,gr,35,13,a
pname:p_inst:0_ptype:gr_usecol:a_pstyle:m_r:71_c:31_sp:13,none,relative,1.0,0.01,10.0,p_inst:0,1.0,0.0,1,31,0,p,m,gr,71,13,a
pname:p_inst:0_ptype:gr_usecol:a_pstyle:m_r:73_c:59_sp:13,none,relative,1.0,0.01,10.0,p_inst:0,1.0,0.0,1,59,0,p,m,gr,73,13,a
pname:p_inst:0_ptype:gr_usecol:a_pstyle:m_r:54_c:41_sp:13,none,relative,1.0,0.01,10.0,p_inst:0,1.0,0.0,1,41,0,p,m,gr,54,13,a
pname:p_inst:0_ptype:gr_usecol:a_pstyle:m_r:68_c:55_sp:13,none,relative,1.0,0.01,10.0,p_inst:0,1.0,0.0,1,55,0,p,m,gr,68,13,a
pname:p_inst:0_ptype:gr_usecol:a_pstyle:m_r:59_c:40_sp:13,none,relative,1.0,0.01,10.0,p_inst:0,1.0,0.0,1,40,0,p,m,gr,59,13,a
pname:p_inst:0_ptype:gr_usecol:a_pstyle:m_r:72_c:58_sp:14,none,relative,1.0,0.01,10.0,p_inst:0,1.0,0.0,1,58,0,p,m,gr,72,14,a
pname:p_inst:0_ptype:gr_usecol:a_pstyle:m_r:70_c:32_sp:14,none,relative,1.0,0.01,10.0,p_inst:0,1.0,0.0,1,32,0,p,m,gr,70,14,a
pname:p_inst:0_ptype:gr_usecol:a_pstyle:m_r:41_c:36_sp:14,none,relative,1.0,0.01,10.0,p_inst:0,1.0,0.0,1,36,0,p,m,gr,41,14,a
pname:p_inst:0_ptype:gr_usecol:a_pstyle:m_r:84_c:42_sp:14,none,relative,1.0,0.01,10.0,p_inst:0,1.0,0.0,1,42,0,p,m,gr,84,14,a
pname:p_inst:0_ptype:gr_usecol:a_pstyle:m_r:76_c:61_sp:14,none,relative,1.0,0.01,10.0,p_inst:0,1.0,0.0,1,61,0,p,m,gr,76,14,a
pname:p_inst:0_ptype:gr_usecol:a_pstyle:m_r:72_c:45_sp:14,none,relative,1.0,0.01,10.0,p_inst:0,1.0,0.0,1,45,0,p,m,gr,72,14,a
pname:p_inst:0_ptype:gr_usecol:a_pstyle:m_r:37_c:35_sp:14,none,relative,1.0,0.01,10.0,p_inst:0,1.0,0.0,1,35,0,p,m,gr,37,14,a
pname:p_inst:0_ptype:gr_usecol:a_pstyle:m_r:34_c:60_sp:14,none,relative,1.0,0.01,10.0,p_inst:0,1.0,0.0,1,60,0,p,m,gr,34,14,a
pname:p_inst:0_ptype:gr_usecol:a_pstyle:m_r:66_c:39_sp:14,none,relative,1.0,0.01,10.0,p_inst:0,1.0,0.0,1,39,0,p,m,gr,66,14,a
pname:p_inst:0_ptype:gr_usecol:a_pstyle:m_r:58_c:52_sp:14,none,relative,1.0,0.01,10.0,p_inst:0,1.0,0.0,1,52,0,p,m,gr,58,14,a
pname:p_inst:0_ptype:gr_usecol:a_pstyle:m_r:54_c:31_sp:14,none,relative,1.0,0.01,10.0,p_inst:0,1.0,0.0,1,31,0,p,m,gr,54,14,a
pname:p_inst:0_ptype:gr_usecol:a_pstyle:m_r:34_c:54_sp:14,none,relative,1.0,0.01,10.0,p_inst:0,1.0,0.0,1,54,0,p,m,gr,34,14,a
pname:p_inst:0_ptype:gr_usecol:a_pstyle:m_r:55_c:37_sp:14,none,relative,1.0,0.01,10.0,p_inst:0,1.0,0.0,1,37,0,p,m,gr,55,14,a
pname:p_inst:0_ptype:gr_usecol:a_pstyle:m_r:77_c:52_sp:14,none,relative,1.0,0.01,10.0,p_inst:0,1.0,0.0,1,52,0,p,m,gr,77,14,a
pname:p_inst:0_ptype:gr_usecol:a_pstyle:m_r:35_c:37_sp:14,none,relative,1.0,0.01,10.0,p_inst:0,1.0,0.0,1,37,0,p,m,gr,35,14,a
pname:p_inst:0_ptype:gr_usecol:a_pstyle:m_r:71_c:31_sp:14,none,relative,1.0,0.01,10.0,p_inst:0,1.0,0.0,1,31,0,p,m,gr,71,14,a
pname:p_inst:0_ptype:gr_usecol:a_pstyle:m_r:73_c:59_sp:14,none,relative,1.0,0.01,10.0,p_inst:0,1.0,0.0,1,59,0,p,m,gr,73,14,a
pname:p_inst:0_ptype:gr_usecol:a_pstyle:m_r:54_c:41_sp:14,none,relative,1.0,0.01,10.0,p_inst:0,1.0,0.0,1,41,0,p,m,gr,54,14,a
pname:p_inst:0_ptype:gr_usecol:a_pstyle:m_r:68_c:55_sp:14,none,relative,1.0,0.01,10.0,p_inst:0,1.0,0.0,1,55,0,p,m,gr,68,14,a
pname:p_inst:0_ptype:gr_usecol:a_pstyle:m_r:59_c:40_sp:14,none,relative,1.0,0.01,10.0,p_inst:0,1.0,0.0,1,40,0,p,m,gr,59,14,a
pname:p_inst:0_ptype:gr_usecol:a_pstyle:m_r:72_c:58_sp:15,none,relative,1.0,0.01,10.0,p_inst:0,1.0,0.0,1,58,0,p,m,gr,72,15,a
pname:p_inst:0_ptype:gr_usecol:a_pstyle:m_r:70_c:32_sp:15,none,relative,1.0,0.01,10.0,p_inst:0,1.0,0.0,1,32,0,p,m,gr,70,15,a
pname:p_inst:0_ptype:gr_usecol:a_pstyle:m_r:41_c:36_sp:15,none,relative,1.0,0.01,10.0,p_inst:0,1.0,0.0,1,36,0,p,m,gr,41,15,a
pname:p_inst:0_ptype:gr_usecol:a_pstyle:m_r:84_c:42_sp:15,none,relative,1.0,0.01,10.0,p_inst:0,1.0,0.0,1,42,0,p,m,gr,84,15,a
pname:p_inst:0_ptype:gr_usecol:a_pstyle:m_r:76_c:61_sp:15,none,relative,1.0,0.01,10.0,p_inst:0,1.0,0.0,1,61,0,p,m,gr,76,15,a
pname:p_inst:0_ptype:gr_usecol:a_pstyle:m_r:72_c:45_sp:15,none,relative,1.0,0.01,10.0,p_inst:0,1.0,0.0,1,45,0,p,m,gr,72,15,a
pname:p_inst:0_ptype:gr_usecol:a_pstyle:m_r:37_c:35_sp:15,none,relative,1.0,0.01,10.0,p_inst:0,1.0,0.0,1,35,0,p,m,gr,37,15,a
pname:p_inst:0_ptype:gr_usecol:a_pstyle:m_r:34_c:60_sp:15,none,relative,1.0,0.01,10.0,p_inst:0,1.0,0.0,1,60,0,p,m,gr,34,15,a
pname:p_inst:0_ptype:gr_usecol:a_pstyle:m_r:66_c:39_sp:15,none,relative,1.0,0.01,10.0,p_inst:0,1.0,0.0,1,39,0,p,m,gr,66,15,a
pname:p_inst:0_ptype:gr_usecol:a_pstyle:m_r:58_c:52_sp:15,none,relative,1.0,0.01,10.0,p_inst:0,1.0,0.0,1,52,0,p,m,gr,58,15,a
pname:p_inst:0_ptype:gr_usecol:a_pstyle:m_r:54_c:31_sp:15,none,relative,1.0,0.01,10.0,p_inst:0,1.0,0.0,1,31,0,p,m,gr,54,15,a
pname:p_inst:0_ptype:gr_usecol:a_pstyle:m_r:34_c:54_sp:15,none,relative,1.0,0.01,10.0,p_inst:0,1.0,0.0,1,54,0,p,m,gr,34,15,a
pname:p_inst:0_ptype:gr_usecol:a_pstyle:m_r:55_c:37_sp:15,none,relative,1.0,0.01,10.0,p_inst:0,1.0,0.0,1,37,0,p,m,gr,55,15,a
pname:p_inst:0_ptype:gr_usecol:a_pstyle:m_r:77_c:52_sp:15,none,relative,1.0,0.01,10.0,p_inst:0,1.0,0.0,1,52,0,p,m,gr,77,15,a
pname:p_inst:0_ptype:gr_usecol:a_pstyle:m_r:35_c:37_sp:15,none,relative,1.0,0.01,10.0,p_inst:0,1.0,0.0,1,37,0,p,m,gr,35,15,a
pname:p_inst:0_ptype:gr_usecol:a_pstyle:m_r:71_c:31_sp:15,none,relative,1.0,0.01,10.0,p_inst:0,1.0,0.0,1,31,0,p,m,gr,71,15,a
pname:p_inst:0_ptype:gr_usecol:a_pstyle:m_r:73_c:59_sp:15,none,relative,1.0,0.01,10.0,p_inst:0,1.0,0.0,1,59,0,p,m,gr,73,15,a
pname:p_inst:0_ptype:gr_usecol:a_pstyle:m_r:54_c:41_sp:15,none,relative,1.0,0.01,10.0,p_inst:0,1.0,0.0,1,41,0,p,m,gr,54,15,a
pname:p_inst:0_ptype:gr_usecol:a_pstyle:m_r:68_c:55_sp:15,none,relative,1.0,0.01,10.0,p_inst:0,1.0,0.0,1,55,0,p,m,gr,68,15,a
pname:p_inst:0_ptype:gr_usecol:a_pstyle:m_r:59_c:40_sp:15,none,relative,1.0,0.01,10.0,p_inst:0,1.0,0.0,1,40,0,p,m,gr,59,15,a
pname:p_inst:0_ptype:gr_usecol:a_pstyle:m_r:72_c:58_sp:16,none,relative,1.0,0.01,10.0,p_inst:0,1.0,0.0,1,58,0,p,m,gr,72,16,a
pname:p_inst:0_ptype:gr_usecol:a_pstyle:m_r:70_c:32_sp:16,none,relative,1.0,0.01,10.0,p_inst:0,1.0,0.0,1,32,0,p,m,gr,70,16,a
pname:p_inst:0_ptype:gr_usecol:a_pstyle:m_r:41_c:36_sp:16,none,relative,1.0,0.01,10.0,p_inst:0,1.0,0.0,1,36,0,p,m,gr,41,16,a
pname:p_inst:0_ptype:gr_usecol:a_pstyle:m_r:84_c:42_sp:16,none,relative,1.0,0.01,10.0,p_inst:0,1.0,0.0,1,42,0,p,m,gr,84,16,a
pname:p_inst:0_ptype:gr_usecol:a_pstyle:m_r:76_c:61_sp:16,none,relative,1.0,0.01,10.0,p_inst:0,1.0,0.0,1,61,0,p,m,gr,76,16,a
pname:p_inst:0_ptype:gr_usecol:a_pstyle:m_r:72_c:45_sp:16,none,relative,1.0,0.01,10.0,p_inst:0,1.0,0.0,1,45,0,p,m,gr,72,16,a
pname:p_inst:0_ptype:gr_usecol:a_pstyle:m_r:37_c:35_sp:16,none,relative,1.0,0.01,10.0,p_inst:0,1.0,0.0,1,35,0,p,m,gr,37,16,a
pname:p_inst:0_ptype:gr_usecol:a_pstyle:m_r:34_c:60_sp:16,none,relative,1.0,0.01,10.0,p_inst:0,1.0,0.0,1,60,0,p,m,gr,34,16,a
pname:p_inst:0_ptype:gr_usecol:a_pstyle:m_r:66_c:39_sp:16,none,relative,1.0,0.01,10.0,p_inst:0,1.0,0.0,1,39,0,p,m,gr,66,16,a
pname:p_inst:0_ptype:gr_usecol:a_pstyle:m_r:58_c:52_sp:16,none,relative,1.0,0.01,10.0,p_inst:0,1.0,0.0,1,52,0,p,m,gr,58,16,a
pname:p_inst:0_ptype:gr_usecol:a_pstyle:m_r:54_c:31_sp:16,none,relative,1.0,0.01,10.0,p_inst:0,1.0,0.0,1,31,0,p,m,gr,54,16,a
pname:p_inst:0_ptype:gr_usecol:a_pstyle:m_r:34_c:54_sp:16,none,relative,1.0,0.01,10.0,p_inst:0,1.0,0.0,1,54,0,p,m,gr,34,16,a
pname:p_inst:0_ptype:gr_usecol:a_pstyle:m_r:55_c:37_sp:16,none,relative,1.0,0.01,10.0,p_inst:0,1.0,0.0,1,37,0,p,m,gr,55,16,a
pname:p_inst:0_ptype:gr_usecol:a_pstyle:m_r:77_c:52_sp:16,none,relative,1.0,0.01,10.0,p_inst:0,1.0,0.0,1,52,0,p,m,gr,77,16,a
pname:p_inst:0_ptype:gr_usecol:a_pstyle:m_r:35_c:37_sp:16,none,relative,1.0,0.01,10.0,p_inst:0,1.0,0.0,1,37,0,p,m,gr,35,16,a
pname:p_inst:0_ptype:gr_usecol:a_pstyle:m_r:71_c:31_sp:16,none,relative,1.0,0.01,10.0,p_inst:0,1.0,0.0,1,31,0,p,m,gr,71,16,a
pname:p_inst:0_ptype:gr_usecol:a_pstyle:m_r:73_c:59_sp:16,none,relative,1.0,0.01,10.0,p_inst:0,1.0,0.0,1,59,0,p,m,gr,73,16,a
pname:p_inst:0_ptype:gr_usecol:a_pstyle:m_r:54_c:41_sp:16,none,relative,1.0,0.01,10.0,p_inst:0,1.0,0.0,1,41,0,p,m,gr,54,16,a
pname:p_inst:0_ptype:gr_usecol:a_pstyle:m_r:68_c:55_sp:16,none,relative,1.0,0.01,10.0,p_inst:0,1.0,0.0,1,55,0,p,m,gr,68,16,a
pname:p_inst:0_ptype:gr_usecol:a_pstyle:m_r:59_c:40_sp:16,none,relative,1.0,0.01,10.0,p_inst:0,1.0,0.0,1,40,0,p,m,gr,59,16,a
pname:p_inst:0_ptype:gr_usecol:a_pstyle:m_r:72_c:58_sp:17,none,relative,1.0,0.01,10.0,p_inst:0,1.0,0.0,1,58,0,p,m,gr,72,17,a
pname:p_inst:0_ptype:gr_usecol:a_pstyle:m_r:70_c:32_sp:17,none,relative,1.0,0.01,10.0,p_inst:0,1.0,0.0,1,32,0,p,m,gr,70,17,a
pname:p_inst:0_ptype:gr_usecol:a_pstyle:m_r:41_c:36_sp:17,none,relative,1.0,0.01,10.0,p_inst:0,1.0,0.0,1,36,0,p,m,gr,41,17,a
pname:p_inst:0_ptype:gr_usecol:a_pstyle:m_r:84_c:42_sp:17,none,relative,1.0,0.01,10.0,p_inst:0,1.0,0.0,1,42,0,p,m,gr,84,17,a
pname:p_inst:0_ptype:gr_usecol:a_pstyle:m_r:76_c:61_sp:17,none,relative,1.0,0.01,10.0,p_inst:0,1.0,0.0,1,61,0,p,m,gr,76,17,a
pname:p_inst:0_ptype:gr_usecol:a_pstyle:m_r:72_c:45_sp:17,none,relative,1.0,0.01,10.0,p_inst:0,1.0,0.0,1,45,0,p,m,gr,72,17,a
pname:p_inst:0_ptype:gr_usecol:a_pstyle:m_r:37_c:35_sp:17,none,relative,1.0,0.01,10.0,p_inst:0,1.0,0.0,1,35,0,p,m,gr,37,17,a
pname:p_inst:0_ptype:gr_usecol:a_pstyle:m_r:34_c:60_sp:17,none,relative,1.0,0.01,10.0,p_inst:0,1.0,0.0,1,60,0,p,m,gr,34,17,a
pname:p_inst:0_ptype:gr_usecol:a_pstyle:m_r:66_c:39_sp:17,none,relative,1.0,0.01,10.0,p_inst:0,1.0,0.0,1,39,0,p,m,gr,66,17,a
pname:p_inst:0_ptype:gr_usecol:a_pstyle:m_r:58_c:52_sp:17,none,relative,1.0,0.01,10.0,p_inst:0,1.0,0.0,1,52,0,p,m,gr,58,17,a
pname:p_inst:0_ptype:gr_usecol:a_pstyle:m_r:54_c:31_sp:17,none,relative,1.0,0.01,10.0,p_inst:0,1.0,0.0,1,31,0,p,m,gr,54,17,a
pname:p_inst:0_ptype:gr_usecol:a_pstyle:m_r:34_c:54_sp:17,none,relative,1.0,0.01,10.0,p_inst:0,1.0,0.0,1,54,0,p,m,gr,34,17,a
pname:p_inst:0_ptype:gr_usecol:a_pstyle:m_r:55_c:37_sp:17,none,relative,1.0,0.01,10.0,p_inst:0,1.0,0.0,1,37,0,p,m,gr,55,17,a
pname:p_inst:0_ptype:gr_usecol:a_pstyle:m_r:77_c:52_sp:17,none,relative,1.0,0.01,10.0,p_inst:0,1.0,0.0,1,52,0,p,m,gr,77,17,a
pname:p_inst:0_ptype:gr_usecol:a_pstyle:m_r:35_c:37_sp:17,none,relative,1.0,0.01,10.0,p_inst:0,1.0,0.0,1,37,0,p,m,gr,35,17,a
pname:p_inst:0_ptype:gr_usecol:a_pstyle:m_r:71_c:31_sp:17,none,relative,1.0,0.01,10.0,p_inst:0,1.0,0.0,1,31,0,p,m,gr,71,17,a
pname:p_inst:0_ptype:gr_usecol:a_pstyle:m_r:73_c:59_sp:17,none,relative,1.0,0.01,10.0,p_inst:0,1.0,0.0,1,59,0,p,m,gr,73,17,a
pname:p_inst:0_ptype:gr_usecol:a_pstyle:m_r:54_c:41_sp:17,none,relative,1.0,0.01,10.0,p_inst:0,1.0,0.0,1,41,0,p,m,gr,54,17,a
pname:p_inst:0_ptype:gr_usecol:a_pstyle:m_r:68_c:55_sp:17,none,relative,1.0,0.01,10.0,p_inst:0,1.0,0.0,1,55,0,p,m,gr,68,17,a
pname:p_inst:0_ptype:gr_usecol:a_pstyle:m_r:59_c:40_sp:17,none,relative,1.0,0.01,10.0,p_inst:0,1.0,0.0,1,40,0,p,m,gr,59,17,a
pname:p_inst:0_ptype:gr_usecol:a_pstyle:m_r:72_c:58_sp:18,none,relative,1.0,0.01,10.0,p_inst:0,1.0,0.0,1,58,0,p,m,gr,72,18,a
pname:p_inst:0_ptype:gr_usecol:a_pstyle:m_r:70_c:32_sp:18,none,relative,1.0,0.01,10.0,p_inst:0,1.0,0.0,1,32,0,p,m,gr,70,18,a
pname:p_inst:0_ptype:gr_usecol:a_pstyle:m_r:41_c:36_sp:18,none,relative,1.0,0.01,10.0,p_inst:0,1.0,0.0,1,36,0,p,m,gr,41,18,a
pname:p_inst:0_ptype:gr_usecol:a_pstyle:m_r:84_c:42_sp:18,none,relative,1.0,0.01,10.0,p_inst:0,1.0,0.0,1,42,0,p,m,gr,84,18,a
pname:p_inst:0_ptype:gr_usecol:a_pstyle:m_r:76_c:61_sp:18,none,relative,1.0,0.01,10.0,p_inst:0,1.0,0.0,1,61,0,p,m,gr,76,18,a
pname:p_inst:0_ptype:gr_usecol:a_pstyle:m_r:72_c:45_sp:18,none,relative,1.0,0.01,10.0,p_inst:0,1.0,0.0,1,45,0,p,m,gr,72,18,a
pname:p_inst:0_ptype:gr_usecol:a_pstyle:m_r:37_c:35_sp:18,none,relative,1.0,0.01,10.0,p_inst:0,1.0,0.0,1,35,0,p,m,gr,37,18,a
pname:p_inst:0_ptype:gr_usecol:a_pstyle:m_r:34_c:60_sp:18,none,relative,1.0,0.01,10.0,p_inst:0,1.0,0.0,1,60,0,p,m,gr,34,18,a
pname:p_inst:0_ptype:gr_usecol:a_pstyle:m_r:66_c:39_sp:18,none,relative,1.0,0.01,10.0,p_inst:0,1.0,0.0,1,39,0,p,m,gr,66,18,a
pname:p_inst:0_ptype:gr_usecol:a_pstyle:m_r:58_c:52_sp:18,none,relative,1.0,0.01,10.0,p_inst:0,1.0,0.0,1,52,0,p,m,gr,58,18,a
pname:p_inst:0_ptype:gr_usecol:a_pstyle:m_r:54_c:31_sp:18,none,relative,1.0,0.01,10.0,p_inst:0,1.0,0.0,1,31,0,p,m,gr,54,18,a
pname:p_inst:0_ptype:gr_usecol:a_pstyle:m_r:34_c:54_sp:18,none,relative,1.0,0.01,10.0,p_inst:0,1.0,0.0,1,54,0,p,m,gr,34,18,a
pname:p_inst:0_ptype:gr_usecol:a_pstyle:m_r:55_c:37_sp:18,none,relative,1.0,0.01,10.0,p_inst:0,1.0,0.0,1,37,0,p,m,gr,55,18,a
pname:p_inst:0_ptype:gr_usecol:a_pstyle:m_r:77_c:52_sp:18,none,relative,1.0,0.01,10.0,p_inst:0,1.0,0.0,1,52,0,p,m,gr,77,18,a
pname:p_inst:0_ptype:gr_usecol:a_pstyle:m_r:35_c:37_sp:18,none,relative,1.0,0.01,10.0,p_inst:0,1.0,0.0,1,37,0,p,m,gr,35,18,a
pname:p_inst:0_ptype:gr_usecol:a_pstyle:m_r:71_c:31_sp:18,none,relative,1.0,0.01,10.0,p_inst:0,1.0,0.0,1,31,0,p,m,gr,71,18,a
pname:p_inst:0_ptype:gr_usecol:a_pstyle:m_r:73_c:59_sp:18,none,relative,1.0,0.01,10.0,p_inst:0,1.0,0.0,1,59,0,p,m,gr,73,18,a
pname:p_inst:0_ptype:gr_usecol:a_pstyle:m_r:54_c:41_sp:18,none,relative,1.0,0.01,10.0,p_inst:0,1.0,0.0,1,41,0,p,m,gr,54,18,a
pname:p_inst:0_ptype:gr_usecol:a_pstyle:m_r:68_c:55_sp:18,none,relative,1.0,0.01,10.0,p_inst:0,1.0,0.0,1,55,0,p,m,gr,68,18,a
pname:p_inst:0_ptype:gr_usecol:a_pstyle:m_r:59_c:40_sp:18,none,relative,1.0,0.01,10.0,p_inst:0,1.0,0.0,1,40,0,p,m,gr,59,18,a
pname:p_inst:0_ptype:gr_usecol:a_pstyle:m_r:72_c:58_sp:19,none,relative,1.0,0.01,10.0,p_inst:0,1.0,0.0,1,58,0,p,m,gr,72,19,a
pname:p_inst:0_ptype:gr_usecol:a_pstyle:m_r:70_c:32_sp:19,none,relative,1.0,0.01,10.0,p_inst:0,1.0,0.0,1,32,0,p,m,gr,70,19,a
pname:p_inst:0_ptype:gr_usecol:a_pstyle:m_r:41_c:36_sp:19,none,relative,1.0,0.01,10.0,p_inst:0,1.0,0.0,1,36,0,p,m,gr,41,19,a
pname:p_inst:0_ptype:gr_usecol:a_pstyle:m_r:84_c:42_sp:19,none,relative,1.0,0.01,10.0,p_inst:0,1.0,0.0,1,42,0,p,m,gr,84,19,a
pname:p_inst:0_ptype:gr_usecol:a_pstyle:m_r:76_c:61_sp:19,none,relative,1.0,0.01,10.0,p_inst:0,1.0,0.0,1,61,0,p,m,gr,76,19,a
pname:p_inst:0_ptype:gr_usecol:a_pstyle:m_r:72_c:45_sp:19,none,relative,1.0,0.01,10.0,p_inst:0,1.0,0.0,1,45,0,p,m,gr,72,19,a
pname:p_inst:0_ptype:gr_usecol:a_pstyle:m_r:37_c:35_sp:19,none,relative,1.0,0.01,10.0,p_inst:0,1.0,0.0,1,35,0,p,m,gr,37,19,a
pname:p_inst:0_ptype:gr_usecol:a_pstyle:m_r:34_c:60_sp:19,none,relative,1.0,0.01,10.0,p_inst:0,1.0,0.0,1,60,0,p,m,gr,34,19,a
pname:p_inst:0_ptype:gr_usecol:a_pstyle:m_r:66_c:39_sp:19,none,relative,1.0,0.01,10.0,p_inst:0,1.0,0.0,1,39,0,p,m,gr,66,19,a
pname:p_inst:0_ptype:gr_usecol:a_pstyle:m_r:58_c:52_sp:19,none,relative,1.0,0.01,10.0,p_inst:0,1.0,0.0,1,52,0,p,m,gr,58,19,a
pname:p_inst:0_ptype:gr_usecol:a_pstyle:m_r:54_c:31_sp:19,none,relative,1.0,0.01,10.0,p_inst:0,1.0,0.0,1,31,0,p,m,gr,54,19,a
pname:p_inst:0_ptype:gr_usecol:a_pstyle:m_r:34_c:54_sp:19,none,relative,1.0,0.01,10.0,p_inst:0,1.0,0.0,1,54,0,p,m,gr,34,19,a
pname:p_inst:0_ptype:gr_usecol:a_pstyle:m_r:55_c:37_sp:19,none,relative,1.0,0.01,10.0,p_inst:0,1.0,0.0,1,37,0,p,m,gr,55,19,a
pname:p_inst:0_ptype:gr_usecol:a_pstyle:m_r:77_c:52_sp:19,none,relative,1.0,0.01,10.0,p_inst:0,1.0,0.0,1,52,0,p,m,gr,77,19,a
pname:p_inst:0_ptype:gr_usecol:a_pstyle:m_r:35_c:37_sp:19,none,relative,1.0,0.01,10.0,p_inst:0,1.0,0.0,1,37,0,p,m,gr,35,19,a
pname:p_inst:0_ptype:gr_usecol:a_pstyle:m_r:71_c:31_sp:19,none,relative,1.0,0.01,10.0,p_inst:0,1.0,0.0,1,31,0,p,m,gr,71,19,a
pname:p_inst:0_ptype:gr_usecol:a_pstyle:m_r:73_c:59_sp:19,none,relative,1.0,0.01,10.0,p_inst:0,1.0,0.0,1,59,0,p,m,gr,73,19,a
pname:p_inst:0_ptype:gr_usecol:a_pstyle:m_r:54_c:41_sp:19,none,relative,1.0,0.01,10.0,p_inst:0,1.0,0.0,1,41,0,p,m,gr,54,19,a
pname:p_inst:0_ptype:gr_usecol:a_pstyle:m_r:68_c:55_sp:19,none,relative,1.0,0.01,10.0,p_inst:0,1.0,0.0,1,55,0,p,m,gr,68,19,a
pname:p_inst:0_ptype:gr_usecol:a_pstyle:m_r:59_c:40_sp:19,none,relative,1.0,0.01,10.0,p_inst:0,1.0,0.0,1,40,0,p,m,gr,59,19,a
pname:p_inst:0_ptype:gr_usecol:a_pstyle:m_r:72_c:58_sp:20,none,relative,1.0,0.01,10.0,p_inst:0,1.0,0.0,1,58,0,p,m,gr,72,20,a
pname:p_inst:0_ptype:gr_usecol:a_pstyle:m_r:70_c:32_sp:20,none,relative,1.0,0.01,10.0,p_inst:0,1.0,0.0,1,32,0,p,m,gr,70,20,a
pname:p_inst:0_ptype:gr_usecol:a_pstyle:m_r:41_c:36_sp:20,none,relative,1.0,0.01,10.0,p_inst:0,1.0,0.0,1,36,0,p,m,gr,41,20,a
pname:p_inst:0_ptype:gr_usecol:a_pstyle:m_r:84_c:42_sp:20,none,relative,1.0,0.01,10.0,p_inst:0,1.0,0.0,1,42,0,p,m,gr,84,20,a
pname:p_inst:0_ptype:gr_usecol:a_pstyle:m_r:76_c:61_sp:20,none,relative,1.0,0.01,10.0,p_inst:0,1.0,0.0,1,61,0,p,m,gr,76,20,a
pname:p_inst:0_ptype:gr_usecol:a_pstyle:m_r:72_c:45_sp:20,none,relative,1.0,0.01,10.0,p_inst:0,1.0,0.0,1,45,0,p,m,gr,72,20,a
pname:p_inst:0_ptype:gr_usecol:a_pstyle:m_r:37_c:35_sp:20,none,relative,1.0,0.01,10.0,p_inst:0,1.0,0.0,1,35,0,p,m,gr,37,20,a
pname:p_inst:0_ptype:gr_usecol:a_pstyle:m_r:34_c:60_sp:20,none,relative,1.0,0.01,10.0,p_inst:0,1.0,0.0,1,60,0,p,m,gr,34,20,a
pname:p_inst:0_ptype:gr_usecol:a_pstyle:m_r:66_c:39_sp:20,none,relative,1.0,0.01,10.0,p_inst:0,1.0,0.0,1,39,0,p,m,gr,66,20,a
pname:p_inst:0_ptype:gr_usecol:a_pstyle:m_r:58_c:52_sp:20,none,relative,1.0,0.01,10.0,p_inst:0,1.0,0.0,1,52,0,p,m,gr,58,20,a
pname:p_inst:0_ptype:gr_usecol:a_pstyle:m_r:54_c:31_sp:20,none,relative,1.0,0.01,10.0,p_inst:0,1.0,0.0,1,31,0,p,m,gr,54,20,a
pname:p_inst:0_ptype:gr_usecol:a_pstyle:m_r:34_c:54_sp:20,none,relative,1.0,0.01,10.0,p_inst:0,1.0,0.0,1,54,0,p,m,gr,34,20,a
pname:p_inst:0_ptype:gr_usecol:a_pstyle:m_r:55_c:37_sp:20,none,relative,1.0,0.01,10.0,p_inst:0,1.0,0.0,1,37,0,p,m,gr,55,20,a
pname:p_inst:0_ptype:gr_usecol:a_pstyle:m_r:77_c:52_sp:20,none,relative,1.0,0.01,10.0,p_inst:0,1.0,0.0,1,52,0,p,m,gr,77,20,a
pname:p_inst:0_ptype:gr_usecol:a_pstyle:m_r:35_c:37_sp:20,none,relative,1.0,0.01,10.0,p_inst:0,1.0,0.0,1,37,0,p,m,gr,35,20,a
pname:p_inst:0_ptype:gr_usecol:a_pstyle:m_r:71_c:31_sp:20,none,relative,1.0,0.01,10.0,p_inst:0,1.0,0.0,1,31,0,p,m,gr,71,20,a
pname:p_inst:0_ptype:gr_usecol:a_pstyle:m_r:73_c:59_sp:20,none,relative,1.0,0.01,10.0,p_inst:0,1.0,0.0,1,59,0,p,m,gr,73,20,a
pname:p_inst:0_ptype:gr_usecol:a_pstyle:m_r:54_c:41_sp:20,none,relative,1.0,0.01,10.0,p_inst:0,1.0,0.0,1,41,0,p,m,gr,54,20,a
pname:p_inst:0_ptype:gr_usecol:a_pstyle:m_r:68_c:55_sp:20,none,relative,1.0,0.01,10.0,p_inst:0,1.0,0.0,1,55,0,p,m,gr,68,20,a
pname:p_inst:0_ptype:gr_usecol:a_pstyle:m_r:59_c:40_sp:20,none,relative,1.0,0.01,10.0,p_inst:0,1.0,0.0,1,40,0,p,m,gr,59,20,a
pname:p_inst:0_ptype:gr_usecol:a_pstyle:m_r:72_c:58_sp:21,none,relative,1.0,0.01,10.0,p_inst:0,1.0,0.0,1,58,0,p,m,gr,72,21,a
pname:p_inst:0_ptype:gr_usecol:a_pstyle:m_r:70_c:32_sp:21,none,relative,1.0,0.01,10.0,p_inst:0,1.0,0.0,1,32,0,p,m,gr,70,21,a
pname:p_inst:0_ptype:gr_usecol:a_pstyle:m_r:41_c:36_sp:21,none,relative,1.0,0.01,10.0,p_inst:0,1.0,0.0,1,36,0,p,m,gr,41,21,a
pname:p_inst:0_ptype:gr_usecol:a_pstyle:m_r:84_c:42_sp:21,none,relative,1.0,0.01,10.0,p_inst:0,1.0,0.0,1,42,0,p,m,gr,84,21,a
pname:p_inst:0_ptype:gr_usecol:a_pstyle:m_r:76_c:61_sp:21,none,relative,1.0,0.01,10.0,p_inst:0,1.0,0.0,1,61,0,p,m,gr,76,21,a
pname:p_inst:0_ptype:gr_usecol:a_pstyle:m_r:72_c:45_sp:21,none,relative,1.0,0.01,10.0,p_inst:0,1.0,0.0,1,45,0,p,m,gr,72,21,a
pname:p_inst:0_ptype:gr_usecol:a_pstyle:m_r:37_c:35_sp:21,none,relative,1.0,0.01,10.0,p_inst:0,1.0,0.0,1,35,0,p,m,gr,37,21,a
pname:p_inst:0_ptype:gr_usecol:a_pstyle:m_r:34_c:60_sp:21,none,relative,1.0,0.01,10.0,p_inst:0,1.0,0.0,1,60,0,p,m,gr,34,21,a
pname:p_inst:0_ptype:gr_usecol:a_pstyle:m_r:66_c:39_sp:21,none,relative,1.0,0.01,10.0,p_inst:0,1.0,0.0,1,39,0,p,m,gr,66,21,a
pname:p_inst:0_ptype:gr_usecol:a_pstyle:m_r:58_c:52_sp:21,none,relative,1.0,0.01,10.0,p_inst:0,1.0,0.0,1,52,0,p,m,gr,58,21,a
pname:p_inst:0_ptype:gr_usecol:a_pstyle:m_r:54_c:31_sp:21,none,relative,1.0,0.01,10.0,p_inst:0,1.0,0.0,1,31,0,p,m,gr,54,21,a
pname:p_inst:0_ptype:gr_usecol:a_pstyle:m_r:34_c:54_sp:21,none,relative,1.0,0.01,10.0,p_inst:0,1.0,0.0,1,54,0,p,m,gr,34,21,a
pname:p_inst:0_ptype:gr_usecol:a_pstyle:m_r:55_c:37_sp:21,none,relative,1.0,0.01,10.0,p_inst:0,1.0,0.0,1,37,0,p,m,gr,55,21,a
pname:p_inst:0_ptype:gr_usecol:a_pstyle:m_r:77_c:52_sp:21,none,relative,1.0,0.01,10.0,p_inst:0,1.0,0.0,1,52,0,p,m,gr,77,21,a
pname:p_inst:0_ptype:gr_usecol:a_pstyle:m_r:35_c:37_sp:21,none,relative,1.0,0.01,10.0,p_inst:0,1.0,0.0,1,37,0,p,m,gr,35,21,a
pname:p_inst:0_ptype:gr_usecol:a_pstyle:m_r:71_c:31_sp:21,none,relative,1.0,0.01,10.0,p_inst:0,1.0,0.0,1,31,0,p,m,gr,71,21,a
pname:p_inst:0_ptype:gr_usecol:a_pstyle:m_r:73_c:59_sp:21,none,relative,1.0,0.01,10.0,p_inst:0,1.0,0.0,1,59,0,p,m,gr,73,21,a
pname:p_inst:0_ptype:gr_usecol:a_pstyle:m_r:54_c:41_sp:21,none,relative,1.0,0.01,10.0,p_inst:0,1.0,0.0,1,41,0,p,m,gr,54,21,a
pname:p_inst:0_ptype:gr_usecol:a_pstyle:m_r:68_c:55_sp:21,none,relative,1.0,0.01,10.0,p_inst:0,1.0,0.0,1,55,0,p,m,gr,68,21,a
pname:p_inst:0_ptype:gr_usecol:a_pstyle:m_r:59_c:40_sp:21,none,relative,1.0,0.01,10.0,p_inst:0,1.0,0.0,1,40,0,p,m,gr,59,21,a
pname:p_inst:0_ptype:gr_usecol:a_pstyle:m_r:72_c:58_sp:22,none,relative,1.0,0.01,10.0,p_inst:0,1.0,0.0,1,58,0,p,m,gr,72,22,a
pname:p_inst:0_ptype:gr_usecol:a_pstyle:m_r:70_c:32_sp:22,none,relative,1.0,0.01,10.0,p_inst:0,1.0,0.0,1,32,0,p,m,gr,70,22,a
pname:p_inst:0_ptype:gr_usecol:a_pstyle:m_r:41_c:36_sp:22,none,relative,1.0,0.01,10.0,p_inst:0,1.0,0.0,1,36,0,p,m,gr,41,22,a
pname:p_inst:0_ptype:gr_usecol:a_pstyle:m_r:84_c:42_sp:22,none,relative,1.0,0.01,10.0,p_inst:0,1.0,0.0,1,42,0,p,m,gr,84,22,a
pname:p_inst:0_ptype:gr_usecol:a_pstyle:m_r:76_c:61_sp:22,none,relative,1.0,0.01,10.0,p_inst:0,1.0,0.0,1,61,0,p,m,gr,76,22,a
pname:p_inst:0_ptype:gr_usecol:a_pstyle:m_r:72_c:45_sp:22,none,relative,1.0,0.01,10.0,p_inst:0,1.0,0.0,1,45,0,p,m,gr,72,22,a
pname:p_inst:0_ptype:gr_usecol:a_pstyle:m_r:37_c:35_sp:22,none,relative,1.0,0.01,10.0,p_inst:0,1.0,0.0,1,35,0,p,m,gr,37,22,a
pname:p_inst:0_ptype:gr_usecol:a_pstyle:m_r:34_c:60_sp:22,none,relative,1.0,0.01,10.0,p_inst:0,1.0,0.0,1,60,0,p,m,gr,34,22,a
pname:p_inst:0_ptype:gr_usecol:a_pstyle:m_r:66_c:39_sp:22,none,relative,1.0,0.01,10.0,p_inst:0,1.0,0.0,1,39,0,p,m,gr,66,22,a
pname:p_inst:0_ptype:gr_usecol:a_pstyle:m_r:58_c:52_sp:22,none,relative,1.0,0.01,10.0,p_inst:0,1.0,0.0,1,52,0,p,m,gr,58,22,a
pname:p_inst:0_ptype:gr_usecol:a_pstyle:m_r:54_c:31_sp:22,none,relative,1.0,0.01,10.0,p_inst:0,1.0,0.0,1,31,0,p,m,gr,54,22,a
pname:p_inst:0_ptype:gr_usecol:a_pstyle:m_r:34_c:54_sp:22,none,relative,1.0,0.01,10.0,p_inst:0,1.0,0.0,1,54,0,p,m,gr,34,22,a
pname:p_inst:0_ptype:gr_usecol:a_pstyle:m_r:55_c:37_sp:22,none,relative,1.0,0.01,10.0,p_inst:0,1.0,0.0,1,37,0,p,m,gr,55,22,a
pname:p_inst:0_ptype:gr_usecol:a_pstyle:m_r:77_c:52_sp:22,none,relative,1.0,0.01,10.0,p_inst:0,1.0,0.0,1,52,0,p,m,gr,77,22,a
pname:p_inst:0_ptype:gr_usecol:a_pstyle:m_r:35_c:37_sp:22,none,relative,1.0,0.01,10.0,p_inst:0,1.0,0.0,1,37,0,p,m,gr,35,22,a
pname:p_inst:0_ptype:gr_usecol:a_pstyle:m_r:71_c:31_sp:22,none,relative,1.0,0.01,10.0,p_inst:0,1.0,0.0,1,31,0,p,m,gr,71,22,a
pname:p_inst:0_ptype:gr_usecol:a_pstyle:m_r:73_c:59_sp:22,none,relative,1.0,0.01,10.0,p_inst:0,1.0,0.0,1,59,0,p,m,gr,73,22,a
pname:p_inst:0_ptype:gr_usecol:a_pstyle:m_r:54_c:41_sp:22,none,relative,1.0,0.01,10.0,p_inst:0,1.0,0.0,1,41,0,p,m,gr,54,22,a
pname:p_inst:0_ptype:gr_usecol:a_pstyle:m_r:68_c:55_sp:22,none,relative,1.0,0.01,10.0,p_inst:0,1.0,0.0,1,55,0,p,m,gr,68,22,a
pname:p_inst:0_ptype:gr_usecol:a_pstyle:m_r:59_c:40_sp:22,none,relative,1.0,0.01,10.0,p_inst:0,1.0,0.0,1,40,0,p,m,gr,59,22,a
pname:p_inst:0_ptype:gr_usecol:a_pstyle:m_r:72_c:58_sp:23,none,relative,1.0,0.01,10.0,p_inst:0,1.0,0.0,1,58,0,p,m,gr,72,23,a
pname:p_inst:0_ptype:gr_usecol:a_pstyle:m_r:70_c:32_sp:23,none,relative,1.0,0.01,10.0,p_inst:0,1.0,0.0,1,32,0,p,m,gr,70,23,a
pname:p_inst:0_ptype:gr_usecol:a_pstyle:m_r:41_c:36_sp:23,none,relative,1.0,0.01,10.0,p_inst:0,1.0,0.0,1,36,0,p,m,gr,41,23,a
pname:p_inst:0_ptype:gr_usecol:a_pstyle:m_r:84_c:42_sp:23,none,relative,1.0,0.01,10.0,p_inst:0,1.0,0.0,1,42,0,p,m,gr,84,23,a
pname:p_inst:0_ptype:gr_usecol:a_pstyle:m_r:76_c:61_sp:23,none,relative,1.0,0.01,10.0,p_inst:0,1.0,0.0,1,61,0,p,m,gr,76,23,a
pname:p_inst:0_ptype:gr_usecol:a_pstyle:m_r:72_c:45_sp:23,none,relative,1.0,0.01,10.0,p_inst:0,1.0,0.0,1,45,0,p,m,gr,72,23,a
pname:p_inst:0_ptype:gr_usecol:a_pstyle:m_r:37_c:35_sp:23,none,relative,1.0,0.01,10.0,p_inst:0,1.0,0.0,1,35,0,p,m,gr,37,23,a
pname:p_inst:0_ptype:gr_usecol:a_pstyle:m_r:34_c:60_sp:23,none,relative,1.0,0.01,10.0,p_inst:0,1.0,0.0,1,60,0,p,m,gr,34,23,a
pname:p_inst:0_ptype:gr_usecol:a_pstyle:m_r:66_c:39_sp:23,none,relative,1.0,0.01,10.0,p_inst:0,1.0,0.0,1,39,0,p,m,gr,66,23,a
pname:p_inst:0_ptype:gr_usecol:a_pstyle:m_r:58_c:52_sp:23,none,relative,1.0,0.01,10.0,p_inst:0,1.0,0.0,1,52,0,p,m,gr,58,23,a
pname:p_inst:0_ptype:gr_usecol:a_pstyle:m_r:54_c:31_sp:23,none,relative,1.0,0.01,10.0,p_inst:0,1.0,0.0,1,31,0,p,m,gr,54,23,a
pname:p_inst:0_ptype:gr_usecol:a_pstyle:m_r:34_c:54_sp:23,none,relative,1.0,0.01,10.0,p_inst:0,1.0,0.0,1,54,0,p,m,gr,34,23,a
pname:p_inst:0_ptype:gr_usecol:a_pstyle:m_r:55_c:37_sp:23,none,relative,1.0,0.01,10.0,p_inst:0,1.0,0.0,1,37,0,p,m,gr,55,23,a
pname:p_inst:0_ptype:gr_usecol:a_pstyle:m_r:77_c:52_sp:23,none,relative,1.0,0.01,10.0,p_inst:0,1.0,0.0,1,52,0,p,m,gr,77,23,a
pname:p_inst:0_ptype:gr_usecol:a_pstyle:m_r:35_c:37_sp:23,none,relative,1.0,0.01,10.0,p_inst:0,1.0,0.0,1,37,0,p,m,gr,35,23,a
pname:p_inst:0_ptype:gr_usecol:a_pstyle:m_r:71_c:31_sp:23,none,relative,1.0,0.01,10.0,p_inst:0,1.0,0.0,1,31,0,p,m,gr,71,23,a
pname:p_inst:0_ptype:gr_usecol:a_pstyle:m_r:73_c:59_sp:23,none,relative,1.0,0.01,10.0,p_inst:0,1.0,0.0,1,59,0,p,m,gr,73,23,a
pname:p_inst:0_ptype:gr_usecol:a_pstyle:m_r:54_c:41_sp:23,none,relative,1.0,0.01,10.0,p_inst:0,1.0,0.0,1,41,0,p,m,gr,54,23,a
pname:p_inst:0_ptype:gr_usecol:a_pstyle:m_r:68_c:55_sp:23,none,relative,1.0,0.01,10.0,p_inst:0,1.0,0.0,1,55,0,p,m,gr,68,23,a
pname:p_inst:0_ptype:gr_usecol:a_pstyle:m_r:59_c:40_sp:23,none,relative,1.0,0.01,10.0,p_inst:0,1.0,0.0,1,40,0,p,m,gr,59,23,a
pname:p_inst:0_ptype:gr_usecol:a_pstyle:m_r:72_c:58_sp:24,none,relative,1.0,0.01,10.0,p_inst:0,1.0,0.0,1,58,0,p,m,gr,72,24,a
pname:p_inst:0_ptype:gr_usecol:a_pstyle:m_r:70_c:32_sp:24,none,relative,1.0,0.01,10.0,p_inst:0,1.0,0.0,1,32,0,p,m,gr,70,24,a
pname:p_inst:0_ptype:gr_usecol:a_pstyle:m_r:41_c:36_sp:24,none,relative,1.0,0.01,10.0,p_inst:0,1.0,0.0,1,36,0,p,m,gr,41,24,a
pname:p_inst:0_ptype:gr_usecol:a_pstyle:m_r:84_c:42_sp:24,none,relative,1.0,0.01,10.0,p_inst:0,1.0,0.0,1,42,0,p,m,gr,84,24,a
pname:p_inst:0_ptype:gr_usecol:a_pstyle:m_r:76_c:61_sp:24,none,relative,1.0,0.01,10.0,p_inst:0,1.0,0.0,1,61,0,p,m,gr,76,24,a
pname:p_inst:0_ptype:gr_usecol:a_pstyle:m_r:72_c:45_sp:24,none,relative,1.0,0.01,10.0,p_inst:0,1.0,0.0,1,45,0,p,m,gr,72,24,a
pname:p_inst:0_ptype:gr_usecol:a_pstyle:m_r:37_c:35_sp:24,none,relative,1.0,0.01,10.0,p_inst:0,1.0,0.0,1,35,0,p,m,gr,37,24,a
pname:p_inst:0_ptype:gr_usecol:a_pstyle:m_r:34_c:60_sp:24,none,relative,1.0,0.01,10.0,p_inst:0,1.0,0.0,1,60,0,p,m,gr,34,24,a
pname:p_inst:0_ptype:gr_usecol:a_pstyle:m_r:66_c:39_sp:24,none,relative,1.0,0.01,10.0,p_inst:0,1.0,0.0,1,39,0,p,m,gr,66,24,a
pname:p_inst:0_ptype:gr_usecol:a_pstyle:m_r:58_c:52_sp:24,none,relative,1.0,0.01,10.0,p_inst:0,1.0,0.0,1,52,0,p,m,gr,58,24,a
pname:p_inst:0_ptype:gr_usecol:a_pstyle:m_r:54_c:31_sp:24,none,relative,1.0,0.01,10.0,p_inst:0,1.0,0.0,1,31,0,p,m,gr,54,24,a
pname:p_inst:0_ptype:gr_usecol:a_pstyle:m_r:34_c:54_sp:24,none,relative,1.0,0.01,10.0,p_inst:0,1.0,0.0,1,54,0,p,m,gr,34,24,a
pname:p_inst:0_ptype:gr_usecol:a_pstyle:m_r:55_c:37_sp:24,none,relative,1.0,0.01,10.0,p_inst:0,1.0,0.0,1,37,0,p,m,gr,55,24,a
pname:p_inst:0_ptype:gr_usecol:a_pstyle:m_r:77_c:52_sp:24,none,relative,1.0,0.01,10.0,p_inst:0,1.0,0.0,1,52,0,p,m,gr,77,24,a
pname:p_inst:0_ptype:gr_usecol:a_pstyle:m_r:35_c:37_sp:24,none,relative,1.0,0.01,10.0,p_inst:0,1.0,0.0,1,37,0,p,m,gr,35,24,a
pname:p_inst:0_ptype:gr_usecol:a_pstyle:m_r:71_c:31_sp:24,none,relative,1.0,0.01,10.0,p_inst:0,1.0,0.0,1,31,0,p,m,gr,71,24,a
pname:p_inst:0_ptype:gr_usecol:a_pstyle:m_r:73_c:59_sp:24,none,relative,1.0,0.01,10.0,p_inst:0,1.0,0.0,1,59,0,p,m,gr,73,24,a
pname:p_inst:0_ptype:gr_usecol:a_pstyle:m_r:54_c:41_sp:24,none,relative,1.0,0.01,10.0,p_inst:0,1.0,0.0,1,41,0,p,m,gr,54,24,a
pname:p_inst:0_ptype:gr_usecol:a_pstyle:m_r:68_c:55_sp:24,none,relative,1.0,0.01,10.0,p_inst:0,1.0,0.0,1,55,0,p,m,gr,68,24,a
pname:p_inst:0_ptype:gr_usecol:a_pstyle:m_r:59_c:40_sp:24,none,relative,1.0,0.01,10.0,p_inst:0,1.0,0.0,1,40,0,p,m,gr,59,24,a
pname:p_inst:0_ptype:gr_usecol:a_pstyle:m_r:72_c:58_sp:25,none,relative,1.0,0.01,10.0,p_inst:0,1.0,0.0,1,58,0,p,m,gr,72,25,a
pname:p_inst:0_ptype:gr_usecol:a_pstyle:m_r:70_c:32_sp:25,none,relative,1.0,0.01,10.0,p_inst:0,1.0,0.0,1,32,0,p,m,gr,70,25,a
pname:p_inst:0_ptype:gr_usecol:a_pstyle:m_r:41_c:36_sp:25,none,relative,1.0,0.01,10.0,p_inst:0,1.0,0.0,1,36,0,p,m,gr,41,25,a
pname:p_inst:0_ptype:gr_usecol:a_pstyle:m_r:84_c:42_sp:25,none,relative,1.0,0.01,10.0,p_inst:0,1.0,0.0,1,42,0,p,m,gr,84,25,a
pname:p_inst:0_ptype:gr_usecol:a_pstyle:m_r:76_c:61_sp:25,none,relative,1.0,0.01,10.0,p_inst:0,1.0,0.0,1,61,0,p,m,gr,76,25,a
pname:p_inst:0_ptype:gr_usecol:a_pstyle:m_r:72_c:45_sp:25,none,relative,1.0,0.01,10.0,p_inst:0,1.0,0.0,1,45,0,p,m,gr,72,25,a
pname:p_inst:0_ptype:gr_usecol:a_pstyle:m_r:37_c:35_sp:25,none,relative,1.0,0.01,10.0,p_inst:0,1.0,0.0,1,35,0,p,m,gr,37,25,a
pname:p_inst:0_ptype:gr_usecol:a_pstyle:m_r:34_c:60_sp:25,none,relative,1.0,0.01,10.0,p_inst:0,1.0,0.0,1,60,0,p,m,gr,34,25,a
pname:p_inst:0_ptype:gr_usecol:a_pstyle:m_r:66_c:39_sp:25,none,relative,1.0,0.01,10.0,p_inst:0,1.0,0.0,1,39,0,p,m,gr,66,25,a
pname:p_inst:0_ptype:gr_usecol:a_pstyle:m_r:58_c:52_sp:25,none,relative,1.0,0.01,10.0,p_inst:0,1.0,0.0,1,52,0,p,m,gr,58,25,a
pname:p_inst:0_ptype:gr_usecol:a_pstyle:m_r:54_c:31_sp:25,none,relative,1.0,0.01,10.0,p_inst:0,1.0,0.0,1,31,0,p,m,gr,54,25,a
pname:p_inst:0_ptype:gr_usecol:a_pstyle:m_r:34_c:54_sp:25,none,relative,1.0,0.01,10.0,p_inst:0,1.0,0.0,1,54,0,p,m,gr,34,25,a
pname:p_inst:0_ptype:gr_usecol:a_pstyle:m_r:55_c:37_sp:25,none,relative,1.0,0.01,10.0,p_inst:0,1.0,0.0,1,37,0,p,m,gr,55,25,a
pname:p_inst:0_ptype:gr_usecol:a_pstyle:m_r:77_c:52_sp:25,none,relative,1.0,0.01,10.0,p_inst:0,1.0,0.0,1,52,0,p,m,gr,77,25,a
pname:p_inst:0_ptype:gr_usecol:a_pstyle:m_r:35_c:37_sp:25,none,relative,1.0,0.01,10.0,p_inst:0,1.0,0.0,1,37,0,p,m,gr,35,25,a
pname:p_inst:0_ptype:gr_usecol:a_pstyle:m_r:71_c:31_sp:25,none,relative,1.0,0.01,10.0,p_inst:0,1.0,0.0,1,31,0,p,m,gr,71,25,a
pname:p_inst:0_ptype:gr_usecol:a_pstyle:m_r:73_c:59_sp:25,none,relative,1.0,0.01,10.0,p_inst:0,1.0,0.0,1,59,0,p,m,gr,73,25,a
pname:p_inst:0_ptype:gr_usecol:a_pstyle:m_r:54_c:41_sp:25,none,relative,1.0,0.01,10.0,p_inst:0,1.0,0.0,1,41,0,p,m,gr,54,25,a
pname:p_inst:0_ptype:gr_usecol:a_pstyle:m_r:68_c:55_sp:25,none,relative,1.0,0.01,10.0,p_inst:0,1.0,0.0,1,55,0,p,m,gr,68,25,a
pname:p_inst:0_ptype:gr_usecol:a_pstyle:m_r:59_c:40_sp:25,none,relative,1.0,0.01,10.0,p_inst:0,1.0,0.0,1,40,0,p,m,gr,59,25,a
pname:p_inst:0_ptype:gr_usecol:a_pstyle:m_r:72_c:58_sp:26,none,relative,1.0,0.01,10.0,p_inst:0,1.0,0.0,1,58,0,p,m,gr,72,26,a
pname:p_inst:0_ptype:gr_usecol:a_pstyle:m_r:70_c:32_sp:26,none,relative,1.0,0.01,10.0,p_inst:0,1.0,0.0,1,32,0,p,m,gr,70,26,a
pname:p_inst:0_ptype:gr_usecol:a_pstyle:m_r:41_c:36_sp:26,none,relative,1.0,0.01,10.0,p_inst:0,1.0,0.0,1,36,0,p,m,gr,41,26,a
pname:p_inst:0_ptype:gr_usecol:a_pstyle:m_r:84_c:42_sp:26,none,relative,1.0,0.01,10.0,p_inst:0,1.0,0.0,1,42,0,p,m,gr,84,26,a
pname:p_inst:0_ptype:gr_usecol:a_pstyle:m_r:76_c:61_sp:26,none,relative,1.0,0.01,10.0,p_inst:0,1.0,0.0,1,61,0,p,m,gr,76,26,a
pname:p_inst:0_ptype:gr_usecol:a_pstyle:m_r:72_c:45_sp:26,none,relative,1.0,0.01,10.0,p_inst:0,1.0,0.0,1,45,0,p,m,gr,72,26,a
pname:p_inst:0_ptype:gr_usecol:a_pstyle:m_r:37_c:35_sp:26,none,relative,1.0,0.01,10.0,p_inst:0,1.0,0.0,1,35,0,p,m,gr,37,26,a
pname:p_inst:0_ptype:gr_usecol:a_pstyle:m_r:34_c:60_sp:26,none,relative,1.0,0.01,10.0,p_inst:0,1.0,0.0,1,60,0,p,m,gr,34,26,a
pname:p_inst:0_ptype:gr_usecol:a_pstyle:m_r:66_c:39_sp:26,none,relative,1.0,0.01,10.0,p_inst:0,1.0,0.0,1,39,0,p,m,gr,66,26,a
pname:p_inst:0_ptype:gr_usecol:a_pstyle:m_r:58_c:52_sp:26,none,relative,1.0,0.01,10.0,p_inst:0,1.0,0.0,1,52,0,p,m,gr,58,26,a
pname:p_inst:0_ptype:gr_usecol:a_pstyle:m_r:54_c:31_sp:26,none,relative,1.0,0.01,10.0,p_inst:0,1.0,0.0,1,31,0,p,m,gr,54,26,a
pname:p_inst:0_ptype:gr_usecol:a_pstyle:m_r:34_c:54_sp:26,none,relative,1.0,0.01,10.0,p_inst:0,1.0,0.0,1,54,0,p,m,gr,34,26,a
pname:p_inst:0_ptype:gr_usecol:a_pstyle:m_r:55_c:37_sp:26,none,relative,1.0,0.01,10.0,p_inst:0,1.0,0.0,1,37,0,p,m,gr,55,26,a
pname:p_inst:0_ptype:gr_usecol:a_pstyle:m_r:77_c:52_sp:26,none,relative,1.0,0.01,10.0,p_inst:0,1.0,0.0,1,52,0,p,m,gr,77,26,a
pname:p_inst:0_ptype:gr_usecol:a_pstyle:m_r:35_c:37_sp:26,none,relative,1.0,0.01,10.0,p_inst:0,1.0,0.0,1,37,0,p,m,gr,35,26,a
pname:p_inst:0_ptype:gr_usecol:a_pstyle:m_r:71_c:31_sp:26,none,relative,1.0,0.01,10.0,p_inst:0,1.0,0.0,1,31,0,p,m,gr,71,26,a
pname:p_inst:0_ptype:gr_usecol:a_pstyle:m_r:73_c:59_sp:26,none,relative,1.0,0.01,10.0,p_inst:0,1.0,0.0,1,59,0,p,m,gr,73,26,a
pname:p_inst:0_ptype:gr_usecol:a_pstyle:m_r:54_c:41_sp:26,none,relative,1.0,0.01,10.0,p_inst:0,1.0,0.0,1,41,0,p,m,gr,54,26,a
pname:p_inst:0_ptype:gr_usecol:a_pstyle:m_r:68_c:55_sp:26,none,relative,1.0,0.01,10.0,p_inst:0,1.0,0.0,1,55,0,p,m,gr,68,26,a
pname:p_inst:0_ptype:gr_usecol:a_pstyle:m_r:59_c:40_sp:26,none,relative,1.0,0.01,10.0,p_inst:0,1.0,0.0,1,40,0,p,m,gr,59,26,a
pname:p_inst:0_ptype:gr_usecol:a_pstyle:m_r:72_c:58_sp:27,none,relative,1.0,0.01,10.0,p_inst:0,1.0,0.0,1,58,0,p,m,gr,72,27,a
pname:p_inst:0_ptype:gr_usecol:a_pstyle:m_r:70_c:32_sp:27,none,relative,1.0,0.01,10.0,p_inst:0,1.0,0.0,1,32,0,p,m,gr,70,27,a
pname:p_inst:0_ptype:gr_usecol:a_pstyle:m_r:41_c:36_sp:27,none,relative,1.0,0.01,10.0,p_inst:0,1.0,0.0,1,36,0,p,m,gr,41,27,a
pname:p_inst:0_ptype:gr_usecol:a_pstyle:m_r:84_c:42_sp:27,none,relative,1.0,0.01,10.0,p_inst:0,1.0,0.0,1,42,0,p,m,gr,84,27,a
pname:p_inst:0_ptype:gr_usecol:a_pstyle:m_r:76_c:61_sp:27,none,relative,1.0,0.01,10.0,p_inst:0,1.0,0.0,1,61,0,p,m,gr,76,27,a
pname:p_inst:0_ptype:gr_usecol:a_pstyle:m_r:72_c:45_sp:27,none,relative,1.0,0.01,10.0,p_inst:0,1.0,0.0,1,45,0,p,m,gr,72,27,a
pname:p_inst:0_ptype:gr_usecol:a_pstyle:m_r:37_c:35_sp:27,none,relative,1.0,0.01,10.0,p_inst:0,1.0,0.0,1,35,0,p,m,gr,37,27,a
pname:p_inst:0_ptype:gr_usecol:a_pstyle:m_r:34_c:60_sp:27,none,relative,1.0,0.01,10.0,p_inst:0,1.0,0.0,1,60,0,p,m,gr,34,27,a
pname:p_inst:0_ptype:gr_usecol:a_pstyle:m_r:66_c:39_sp:27,none,relative,1.0,0.01,10.0,p_inst:0,1.0,0.0,1,39,0,p,m,gr,66,27,a
pname:p_inst:0_ptype:gr_usecol:a_pstyle:m_r:58_c:52_sp:27,none,relative,1.0,0.01,10.0,p_inst:0,1.0,0.0,1,52,0,p,m,gr,58,27,a
pname:p_inst:0_ptype:gr_usecol:a_pstyle:m_r:54_c:31_sp:27,none,relative,1.0,0.01,10.0,p_inst:0,1.0,0.0,1,31,0,p,m,gr,54,27,a
pname:p_inst:0_ptype:gr_usecol:a_pstyle:m_r:34_c:54_sp:27,none,relative,1.0,0.01,10.0,p_inst:0,1.0,0.0,1,54,0,p,m,gr,34,27,a
pname:p_inst:0_ptype:gr_usecol:a_pstyle:m_r:55_c:37_sp:27,none,relative,1.0,0.01,10.0,p_inst:0,1.0,0.0,1,37,0,p,m,gr,55,27,a
pname:p_inst:0_ptype:gr_usecol:a_pstyle:m_r:77_c:52_sp:27,none,relative,1.0,0.01,10.0,p_inst:0,1.0,0.0,1,52,0,p,m,gr,77,27,a
pname:p_inst:0_ptype:gr_usecol:a_pstyle:m_r:35_c:37_sp:27,none,relative,1.0,0.01,10.0,p_inst:0,1.0,0.0,1,37,0,p,m,gr,35,27,a
pname:p_inst:0_ptype:gr_usecol:a_pstyle:m_r:71_c:31_sp:27,none,relative,1.0,0.01,10.0,p_inst:0,1.0,0.0,1,31,0,p,m,gr,71,27,a
pname:p_inst:0_ptype:gr_usecol:a_pstyle:m_r:73_c:59_sp:27,none,relative,1.0,0.01,10.0,p_inst:0,1.0,0.0,1,59,0,p,m,gr,73,27,a
pname:p_inst:0_ptype:gr_usecol:a_pstyle:m_r:54_c:41_sp:27,none,relative,1.0,0.01,10.0,p_inst:0,1.0,0.0,1,41,0,p,m,gr,54,27,a
pname:p_inst:0_ptype:gr_usecol:a_pstyle:m_r:68_c:55_sp:27,none,relative,1.0,0.01,10.0,p_inst:0,1.0,0.0,1,55,0,p,m,gr,68,27,a
pname:p_inst:0_ptype:gr_usecol:a_pstyle:m_r:59_c:40_sp:27,none,relative,1.0,0.01,10.0,p_inst:0,1.0,0.0,1,40,0,p,m,gr,59,27,a
pname:p_inst:0_ptype:gr_usecol:a_pstyle:m_r:72_c:58_sp:28,none,relative,1.0,0.01,10.0,p_inst:0,1.0,0.0,1,58,0,p,m,gr,72,28,a
pname:p_inst:0_ptype:gr_usecol:a_pstyle:m_r:70_c:32_sp:28,none,relative,1.0,0.01,10.0,p_inst:0,1.0,0.0,1,32,0,p,m,gr,70,28,a
pname:p_inst:0_ptype:gr_usecol:a_pstyle:m_r:41_c:36_sp:28,none,relative,1.0,0.01,10.0,p_inst:0,1.0,0.0,1,36,0,p,m,gr,41,28,a
pname:p_inst:0_ptype:gr_usecol:a_pstyle:m_r:84_c:42_sp:28,none,relative,1.0,0.01,10.0,p_inst:0,1.0,0.0,1,42,0,p,m,gr,84,28,a
pname:p_inst:0_ptype:gr_usecol:a_pstyle:m_r:76_c:61_sp:28,none,relative,1.0,0.01,10.0,p_inst:0,1.0,0.0,1,61,0,p,m,gr,76,28,a
pname:p_inst:0_ptype:gr_usecol:a_pstyle:m_r:72_c:45_sp:28,none,relative,1.0,0.01,10.0,p_inst:0,1.0,0.0,1,45,0,p,m,gr,72,28,a
pname:p_inst:0_ptype:gr_usecol:a_pstyle:m_r:37_c:35_sp:28,none,relative,1.0,0.01,10.0,p_inst:0,1.0,0.0,1,35,0,p,m,gr,37,28,a
pname:p_inst:0_ptype:gr_usecol:a_pstyle:m_r:34_c:60_sp:28,none,relative,1.0,0.01,10.0,p_inst:0,1.0,0.0,1,60,0,p,m,gr,34,28,a
pname:p_inst:0_ptype:gr_usecol:a_pstyle:m_r:66_c:39_sp:28,none,relative,1.0,0.01,10.0,p_inst:0,1.0,0.0,1,39,0,p,m,gr,66,28,a
pname:p_inst:0_ptype:gr_usecol:a_pstyle:m_r:58_c:52_sp:28,none,relative,1.0,0.01,10.0,p_inst:0,1.0,0.0,1,52,0,p,m,gr,58,28,a
pname:p_inst:0_ptype:gr_usecol:a_pstyle:m_r:54_c:31_sp:28,none,relative,1.0,0.01,10.0,p_inst:0,1.0,0.0,1,31,0,p,m,gr,54,28,a
pname:p_inst:0_ptype:gr_usecol:a_pstyle:m_r:34_c:54_sp:28,none,relative,1.0,0.01,10.0,p_inst:0,1.0,0.0,1,54,0,p,m,gr,34,28,a
pname:p_inst:0_ptype:gr_usecol:a_pstyle:m_r:55_c:37_sp:28,none,relative,1.0,0.01,10.0,p_inst:0,1.0,0.0,1,37,0,p,m,gr,55,28,a
pname:p_inst:0_ptype:gr_usecol:a_pstyle:m_r:77_c:52_sp:28,none,relative,1.0,0.01,10.0,p_inst:0,1.0,0.0,1,52,0,p,m,gr,77,28,a
pname:p_inst:0_ptype:gr_usecol:a_pstyle:m_r:35_c:37_sp:28,none,relative,1.0,0.01,10.0,p_inst:0,1.0,0.0,1,37,0,p,m,gr,35,28,a
pname:p_inst:0_ptype:gr_usecol:a_pstyle:m_r:71_c:31_sp:28,none,relative,1.0,0.01,10.0,p_inst:0,1.0,0.0,1,31,0,p,m,gr,71,28,a
pname:p_inst:0_ptype:gr_usecol:a_pstyle:m_r:73_c:59_sp:28,none,relative,1.0,0.01,10.0,p_inst:0,1.0,0.0,1,59,0,p,m,gr,73,28,a
pname:p_inst:0_ptype:gr_usecol:a_pstyle:m_r:54_c:41_sp:28,none,relative,1.0,0.01,10.0,p_inst:0,1.0,0.0,1,41,0,p,m,gr,54,28,a
pname:p_inst:0_ptype:gr_usecol:a_pstyle:m_r:68_c:55_sp:28,none,relative,1.0,0.01,10.0,p_inst:0,1.0,0.0,1,55,0,p,m,gr,68,28,a
pname:p_inst:0_ptype:gr_usecol:a_pstyle:m_r:59_c:40_sp:28,none,relative,1.0,0.01,10.0,p_inst:0,1.0,0.0,1,40,0,p,m,gr,59,28,a
pname:p_inst:0_ptype:gr_usecol:a_pstyle:m_r:72_c:58_sp:29,none,relative,1.0,0.01,10.0,p_inst:0,1.0,0.0,1,58,0,p,m,gr,72,29,a
pname:p_inst:0_ptype:gr_usecol:a_pstyle:m_r:70_c:32_sp:29,none,relative,1.0,0.01,10.0,p_inst:0,1.0,0.0,1,32,0,p,m,gr,70,29,a
pname:p_inst:0_ptype:gr_usecol:a_pstyle:m_r:41_c:36_sp:29,none,relative,1.0,0.01,10.0,p_inst:0,1.0,0.0,1,36,0,p,m,gr,41,29,a
pname:p_inst:0_ptype:gr_usecol:a_pstyle:m_r:84_c:42_sp:29,none,relative,1.0,0.01,10.0,p_inst:0,1.0,0.0,1,42,0,p,m,gr,84,29,a
pname:p_inst:0_ptype:gr_usecol:a_pstyle:m_r:76_c:61_sp:29,none,relative,1.0,0.01,10.0,p_inst:0,1.0,0.0,1,61,0,p,m,gr,76,29,a
pname:p_inst:0_ptype:gr_usecol:a_pstyle:m_r:72_c:45_sp:29,none,relative,1.0,0.01,10.0,p_inst:0,1.0,0.0,1,45,0,p,m,gr,72,29,a
pname:p_inst:0_ptype:gr_usecol:a_pstyle:m_r:37_c:35_sp:29,none,relative,1.0,0.01,10.0,p_inst:0,1.0,0.0,1,35,0,p,m,gr,37,29,a
pname:p_inst:0_ptype:gr_usecol:a_pstyle:m_r:34_c:60_sp:29,none,relative,1.0,0.01,10.0,p_inst:0,1.0,0.0,1,60,0,p,m,gr,34,29,a
pname:p_inst:0_ptype:gr_usecol:a_pstyle:m_r:66_c:39_sp:29,none,relative,1.0,0.01,10.0,p_inst:0,1.0,0.0,1,39,0,p,m,gr,66,29,a
pname:p_inst:0_ptype:gr_usecol:a_pstyle:m_r:58_c:52_sp:29,none,relative,1.0,0.01,10.0,p_inst:0,1.0,0.0,1,52,0,p,m,gr,58,29,a
pname:p_inst:0_ptype:gr_usecol:a_pstyle:m_r:54_c:31_sp:29,none,relative,1.0,0.01,10.0,p_inst:0,1.0,0.0,1,31,0,p,m,gr,54,29,a
pname:p_inst:0_ptype:gr_usecol:a_pstyle:m_r:34_c:54_sp:29,none,relative,1.0,0.01,10.0,p_inst:0,1.0,0.0,1,54,0,p,m,gr,34,29,a
pname:p_inst:0_ptype:gr_usecol:a_pstyle:m_r:55_c:37_sp:29,none,relative,1.0,0.01,10.0,p_inst:0,1.0,0.0,1,37,0,p,m,gr,55,29,a
pname:p_inst:0_ptype:gr_usecol:a_pstyle:m_r:77_c:52_sp:29,none,relative,1.0,0.01,10.0,p_inst:0,1.0,0.0,1,52,0,p,m,gr,77,29,a
pname:p_inst:0_ptype:gr_usecol:a_pstyle:m_r:35_c:37_sp:29,none,relative,1.0,0.01,10.0,p_inst:0,1.0,0.0,1,37,0,p,m,gr,35,29,a
pname:p_inst:0_ptype:gr_usecol:a_pstyle:m_r:71_c:31_sp:29,none,relative,1.0,0.01,10.0,p_inst:0,1.0,0.0,1,31,0,p,m,gr,71,29,a
pname:p_inst:0_ptype:gr_usecol:a_pstyle:m_r:73_c:59_sp:29,none,relative,1.0,0.01,10.0,p_inst:0,1.0,0.0,1,59,0,p,m,gr,73,29,a
pname:p_inst:0_ptype:gr_usecol:a_pstyle:m_r:54_c:41_sp:29,none,relative,1.0,0.01,10.0,p_inst:0,1.0,0.0,1,41,0,p,m,gr,54,29,a
pname:p_inst:0_ptype:gr_usecol:a_pstyle:m_r:68_c:55_sp:29,none,relative,1.0,0.01,10.0,p_inst:0,1.0,0.0,1,55,0,p,m,gr,68,29,a
pname:p_inst:0_ptype:gr_usecol:a_pstyle:m_r:59_c:40_sp:29,none,relative,1.0,0.01,10.0,p_inst:0,1.0,0.0,1,40,0,p,m,gr,59,29,a
pname:p_inst:0_ptype:gr_usecol:a_pstyle:m_r:72_c:58_sp:30,none,relative,1.0,0.01,10.0,p_inst:0,1.0,0.0,1,58,0,p,m,gr,72,30,a
pname:p_inst:0_ptype:gr_usecol:a_pstyle:m_r:70_c:32_sp:30,none,relative,1.0,0.01,10.0,p_inst:0,1.0,0.0,1,32,0,p,m,gr,70,30,a
pname:p_inst:0_ptype:gr_usecol:a_pstyle:m_r:41_c:36_sp:30,none,relative,1.0,0.01,10.0,p_inst:0,1.0,0.0,1,36,0,p,m,gr,41,30,a
pname:p_inst:0_ptype:gr_usecol:a_pstyle:m_r:84_c:42_sp:30,none,relative,1.0,0.01,10.0,p_inst:0,1.0,0.0,1,42,0,p,m,gr,84,30,a
pname:p_inst:0_ptype:gr_usecol:a_pstyle:m_r:76_c:61_sp:30,none,relative,1.0,0.01,10.0,p_inst:0,1.0,0.0,1,61,0,p,m,gr,76,30,a
pname:p_inst:0_ptype:gr_usecol:a_pstyle:m_r:72_c:45_sp:30,none,relative,1.0,0.01,10.0,p_inst:0,1.0,0.0,1,45,0,p,m,gr,72,30,a
pname:p_inst:0_ptype:gr_usecol:a_pstyle:m_r:37_c:35_sp:30,none,relative,1.0,0.01,10.0,p_inst:0,1.0,0.0,1,35,0,p,m,gr,37,30,a
pname:p_inst:0_ptype:gr_usecol:a_pstyle:m_r:34_c:60_sp:30,none,relative,1.0,0.01,10.0,p_inst:0,1.0,0.0,1,60,0,p,m,gr,34,30,a
pname:p_inst:0_ptype:gr_usecol:a_pstyle:m_r:66_c:39_sp:30,none,relative,1.0,0.01,10.0,p_inst:0,1.0,0.0,1,39,0,p,m,gr,66,30,a
pname:p_inst:0_ptype:gr_usecol:a_pstyle:m_r:58_c:52_sp:30,none,relative,1.0,0.01,10.0,p_inst:0,1.0,0.0,1,52,0,p,m,gr,58,30,a
pname:p_inst:0_ptype:gr_usecol:a_pstyle:m_r:54_c:31_sp:30,none,relative,1.0,0.01,10.0,p_inst:0,1.0,0.0,1,31,0,p,m,gr,54,30,a
pname:p_inst:0_ptype:gr_usecol:a_pstyle:m_r:34_c:54_sp:30,none,relative,1.0,0.01,10.0,p_inst:0,1.0,0.0,1,54,0,p,m,gr,34,30,a
pname:p_inst:0_ptype:gr_usecol:a_pstyle:m_r:55_c:37_sp:30,none,relative,1.0,0.01,10.0,p_inst:0,1.0,0.0,1,37,0,p,m,gr,55,30,a
pname:p_inst:0_ptype:gr_usecol:a_pstyle:m_r:77_c:52_sp:30,none,relative,1.0,0.01,10.0,p_inst:0,1.0,0.0,1,52,0,p,m,gr,77,30,a
pname:p_inst:0_ptype:gr_usecol:a_pstyle:m_r:35_c:37_sp:30,none,relative,1.0,0.01,10.0,p_inst:0,1.0,0.0,1,37,0,p,m,gr,35,30,a
pname:p_inst:0_ptype:gr_usecol:a_pstyle:m_r:71_c:31_sp:30,none,relative,1.0,0.01,10.0,p_inst:0,1.0,0.0,1,31,0,p,m,gr,71,30,a
pname:p_inst:0_ptype:gr_usecol:a_pstyle:m_r:73_c:59_sp:30,none,relative,1.0,0.01,10.0,p_inst:0,1.0,0.0,1,59,0,p,m,gr,73,30,a
pname:p_inst:0_ptype:gr_usecol:a_pstyle:m_r:54_c:41_sp:30,none,relative,1.0,0.01,10.0,p_inst:0,1.0,0.0,1,41,0,p,m,gr,54,30,a
pname:p_inst:0_ptype:gr_usecol:a_pstyle:m_r:68_c:55_sp:30,none,relative,1.0,0.01,10.0,p_inst:0,1.0,0.0,1,55,0,p,m,gr,68,30,a
pname:p_inst:0_ptype:gr_usecol:a_pstyle:m_r:59_c:40_sp:30,none,relative,1.0,0.01,10.0,p_inst:0,1.0,0.0,1,40,0,p,m,gr,59,30,a
pname:p_inst:0_ptype:gr_usecol:a_pstyle:m_r:72_c:58_sp:31,none,relative,1.0,0.01,10.0,p_inst:0,1.0,0.0,1,58,0,p,m,gr,72,31,a
pname:p_inst:0_ptype:gr_usecol:a_pstyle:m_r:70_c:32_sp:31,none,relative,1.0,0.01,10.0,p_inst:0,1.0,0.0,1,32,0,p,m,gr,70,31,a
pname:p_inst:0_ptype:gr_usecol:a_pstyle:m_r:41_c:36_sp:31,none,relative,1.0,0.01,10.0,p_inst:0,1.0,0.0,1,36,0,p,m,gr,41,31,a
pname:p_inst:0_ptype:gr_usecol:a_pstyle:m_r:84_c:42_sp:31,none,relative,1.0,0.01,10.0,p_inst:0,1.0,0.0,1,42,0,p,m,gr,84,31,a
pname:p_inst:0_ptype:gr_usecol:a_pstyle:m_r:76_c:61_sp:31,none,relative,1.0,0.01,10.0,p_inst:0,1.0,0.0,1,61,0,p,m,gr,76,31,a
pname:p_inst:0_ptype:gr_usecol:a_pstyle:m_r:72_c:45_sp:31,none,relative,1.0,0.01,10.0,p_inst:0,1.0,0.0,1,45,0,p,m,gr,72,31,a
pname:p_inst:0_ptype:gr_usecol:a_pstyle:m_r:37_c:35_sp:31,none,relative,1.0,0.01,10.0,p_inst:0,1.0,0.0,1,35,0,p,m,gr,37,31,a
pname:p_inst:0_ptype:gr_usecol:a_pstyle:m_r:34_c:60_sp:31,none,relative,1.0,0.01,10.0,p_inst:0,1.0,0.0,1,60,0,p,m,gr,34,31,a
pname:p_inst:0_ptype:gr_usecol:a_pstyle:m_r:66_c:39_sp:31,none,relative,1.0,0.01,10.0,p_inst:0,1.0,0.0,1,39,0,p,m,gr,66,31,a
pname:p_inst:0_ptype:gr_usecol:a_pstyle:m_r:58_c:52_sp:31,none,relative,1.0,0.01,10.0,p_inst:0,1.0,0.0,1,52,0,p,m,gr,58,31,a
pname:p_inst:0_ptype:gr_usecol:a_pstyle:m_r:54_c:31_sp:31,none,relative,1.0,0.01,10.0,p_inst:0,1.0,0.0,1,31,0,p,m,gr,54,31,a
pname:p_inst:0_ptype:gr_usecol:a_pstyle:m_r:34_c:54_sp:31,none,relative,1.0,0.01,10.0,p_inst:0,1.0,0.0,1,54,0,p,m,gr,34,31,a
pname:p_inst:0_ptype:gr_usecol:a_pstyle:m_r:55_c:37_sp:31,none,relative,1.0,0.01,10.0,p_inst:0,1.0,0.0,1,37,0,p,m,gr,55,31,a
pname:p_inst:0_ptype:gr_usecol:a_pstyle:m_r:77_c:52_sp:31,none,relative,1.0,0.01,10.0,p_inst:0,1.0,0.0,1,52,0,p,m,gr,77,31,a
pname:p_inst:0_ptype:gr_usecol:a_pstyle:m_r:35_c:37_sp:31,none,relative,1.0,0.01,10.0,p_inst:0,1.0,0.0,1,37,0,p,m,gr,35,31,a
pname:p_inst:0_ptype:gr_usecol:a_pstyle:m_r:71_c:31_sp:31,none,relative,1.0,0.01,10.0,p_inst:0,1.0,0.0,1,31,0,p,m,gr,71,31,a
pname:p_inst:0_ptype:gr_usecol:a_pstyle:m_r:73_c:59_sp:31,none,relative,1.0,0.01,10.0,p_inst:0,1.0,0.0,1,59,0,p,m,gr,73,31,a
pname:p_inst:0_ptype:gr_usecol:a_pstyle:m_r:54_c:41_sp:31,none,relative,1.0,0.01,10.0,p_inst:0,1.0,0.0,1,41,0,p,m,gr,54,31,a
pname:p_inst:0_ptype:gr_usecol:a_pstyle:m_r:68_c:55_sp:31,none,relative,1.0,0.01,10.0,p_inst:0,1.0,0.0,1,55,0,p,m,gr,68,31,a
pname:p_inst:0_ptype:gr_usecol:a_pstyle:m_r:59_c:40_sp:31,none,relative,1.0,0.01,10.0,p_inst:0,1.0,0.0,1,40,0,p,m,gr,59,31,a
pname:p_inst:0_ptype:gr_usecol:a_pstyle:m_r:72_c:58_sp:32,none,relative,1.0,0.01,10.0,p_inst:0,1.0,0.0,1,58,0,p,m,gr,72,32,a
pname:p_inst:0_ptype:gr_usecol:a_pstyle:m_r:70_c:32_sp:32,none,relative,1.0,0.01,10.0,p_inst:0,1.0,0.0,1,32,0,p,m,gr,70,32,a
pname:p_inst:0_ptype:gr_usecol:a_pstyle:m_r:41_c:36_sp:32,none,relative,1.0,0.01,10.0,p_inst:0,1.0,0.0,1,36,0,p,m,gr,41,32,a
pname:p_inst:0_ptype:gr_usecol:a_pstyle:m_r:84_c:42_sp:32,none,relative,1.0,0.01,10.0,p_inst:0,1.0,0.0,1,42,0,p,m,gr,84,32,a
pname:p_inst:0_ptype:gr_usecol:a_pstyle:m_r:76_c:61_sp:32,none,relative,1.0,0.01,10.0,p_inst:0,1.0,0.0,1,61,0,p,m,gr,76,32,a
pname:p_inst:0_ptype:gr_usecol:a_pstyle:m_r:72_c:45_sp:32,none,relative,1.0,0.01,10.0,p_inst:0,1.0,0.0,1,45,0,p,m,gr,72,32,a
pname:p_inst:0_ptype:gr_usecol:a_pstyle:m_r:37_c:35_sp:32,none,relative,1.0,0.01,10.0,p_inst:0,1.0,0.0,1,35,0,p,m,gr,37,32,a
pname:p_inst:0_ptype:gr_usecol:a_pstyle:m_r:34_c:60_sp:32,none,relative,1.0,0.01,10.0,p_inst:0,1.0,0.0,1,60,0,p,m,gr,34,32,a
pname:p_inst:0_ptype:gr_usecol:a_pstyle:m_r:66_c:39_sp:32,none,relative,1.0,0.01,10.0,p_inst:0,1.0,0.0,1,39,0,p,m,gr,66,32,a
pname:p_inst:0_ptype:gr_usecol:a_pstyle:m_r:58_c:52_sp:32,none,relative,1.0,0.01,10.0,p_inst:0,1.0,0.0,1,52,0,p,m,gr,58,32,a
pname:p_inst:0_ptype:gr_usecol:a_pstyle:m_r:54_c:31_sp:32,none,relative,1.0,0.01,10.0,p_inst:0,1.0,0.0,1,31,0,p,m,gr,54,32,a
pname:p_inst:0_ptype:gr_usecol:a_pstyle:m_r:34_c:54_sp:32,none,relative,1.0,0.01,10.0,p_inst:0,1.0,0.0,1,54,0,p,m,gr,34,32,a
pname:p_inst:0_ptype:gr_usecol:a_pstyle:m_r:55_c:37_sp:32,none,relative,1.0,0.01,10.0,p_inst:0,1.0,0.0,1,37,0,p,m,gr,55,32,a
pname:p_inst:0_ptype:gr_usecol:a_pstyle:m_r:77_c:52_sp:32,none,relative,1.0,0.01,10.0,p_inst:0,1.0,0.0,1,52,0,p,m,gr,77,32,a
pname:p_inst:0_ptype:gr_usecol:a_pstyle:m_r:35_c:37_sp:32,none,relative,1.0,0.01,10.0,p_inst:0,1.0,0.0,1,37,0,p,m,gr,35,32,a
pname:p_inst:0_ptype:gr_usecol:a_pstyle:m_r:71_c:31_sp:32,none,relative,1.0,0.01,10.0,p_inst:0,1.0,0.0,1,31,0,p,m,gr,71,32,a
pname:p_inst:0_ptype:gr_usecol:a_pstyle:m_r:73_c:59_sp:32,none,relative,1.0,0.01,10.0,p_inst:0,1.0,0.0,1,59,0,p,m,gr,73,32,a
pname:p_inst:0_ptype:gr_usecol:a_pstyle:m_r:54_c:41_sp:32,none,relative,1.0,0.01,10.0,p_inst:0,1.0,0.0,1,41,0,p,m,gr,54,32,a
pname:p_inst:0_ptype:gr_usecol:a_pstyle:m_r:68_c:55_sp:32,none,relative,1.0,0.01,10.0,p_inst:0,1.0,0.0,1,55,0,p,m,gr,68,32,a
pname:p_inst:0_ptype:gr_usecol:a_pstyle:m_r:59_c:40_sp:32,none,relative,1.0,0.01,10.0,p_inst:0,1.0,0.0,1,40,0,p,m,gr,59,32,a
pname:p_inst:0_ptype:gr_usecol:a_pstyle:m_r:72_c:58_sp:33,none,relative,1.0,0.01,10.0,p_inst:0,1.0,0.0,1,58,0,p,m,gr,72,33,a
pname:p_inst:0_ptype:gr_usecol:a_pstyle:m_r:70_c:32_sp:33,none,relative,1.0,0.01,10.0,p_inst:0,1.0,0.0,1,32,0,p,m,gr,70,33,a
pname:p_inst:0_ptype:gr_usecol:a_pstyle:m_r:41_c:36_sp:33,none,relative,1.0,0.01,10.0,p_inst:0,1.0,0.0,1,36,0,p,m,gr,41,33,a
pname:p_inst:0_ptype:gr_usecol:a_pstyle:m_r:84_c:42_sp:33,none,relative,1.0,0.01,10.0,p_inst:0,1.0,0.0,1,42,0,p,m,gr,84,33,a
pname:p_inst:0_ptype:gr_usecol:a_pstyle:m_r:76_c:61_sp:33,none,relative,1.0,0.01,10.0,p_inst:0,1.0,0.0,1,61,0,p,m,gr,76,33,a
pname:p_inst:0_ptype:gr_usecol:a_pstyle:m_r:72_c:45_sp:33,none,relative,1.0,0.01,10.0,p_inst:0,1.0,0.0,1,45,0,p,m,gr,72,33,a
pname:p_inst:0_ptype:gr_usecol:a_pstyle:m_r:37_c:35_sp:33,none,relative,1.0,0.01,10.0,p_inst:0,1.0,0.0,1,35,0,p,m,gr,37,33,a
pname:p_inst:0_ptype:gr_usecol:a_pstyle:m_r:34_c:60_sp:33,none,relative,1.0,0.01,10.0,p_inst:0,1.0,0.0,1,60,0,p,m,gr,34,33,a
pname:p_inst:0_ptype:gr_usecol:a_pstyle:m_r:66_c:39_sp:33,none,relative,1.0,0.01,10.0,p_inst:0,1.0,0.0,1,39,0,p,m,gr,66,33,a
pname:p_inst:0_ptype:gr_usecol:a_pstyle:m_r:58_c:52_sp:33,none,relative,1.0,0.01,10.0,p_inst:0,1.0,0.0,1,52,0,p,m,gr,58,33,a
pname:p_inst:0_ptype:gr_usecol:a_pstyle:m_r:54_c:31_sp:33,none,relative,1.0,0.01,10.0,p_inst:0,1.0,0.0,1,31,0,p,m,gr,54,33,a
pname:p_inst:0_ptype:gr_usecol:a_pstyle:m_r:34_c:54_sp:33,none,relative,1.0,0.01,10.0,p_inst:0,1.0,0.0,1,54,0,p,m,gr,34,33,a
pname:p_inst:0_ptype:gr_usecol:a_pstyle:m_r:55_c:37_sp:33,none,relative,1.0,0.01,10.0,p_inst:0,1.0,0.0,1,37,0,p,m,gr,55,33,a
pname:p_inst:0_ptype:gr_usecol:a_pstyle:m_r:77_c:52_sp:33,none,relative,1.0,0.01,10.0,p_inst:0,1.0,0.0,1,52,0,p,m,gr,77,33,a
pname:p_inst:0_ptype:gr_usecol:a_pstyle:m_r:35_c:37_sp:33,none,relative,1.0,0.01,10.0,p_inst:0,1.0,0.0,1,37,0,p,m,gr,35,33,a
pname:p_inst:0_ptype:gr_usecol:a_pstyle:m_r:71_c:31_sp:33,none,relative,1.0,0.01,10.0,p_inst:0,1.0,0.0,1,31,0,p,m,gr,71,33,a
pname:p_inst:0_ptype:gr_usecol:a_pstyle:m_r:73_c:59_sp:33,none,relative,1.0,0.01,10.0,p_inst:0,1.0,0.0,1,59,0,p,m,gr,73,33,a
pname:p_inst:0_ptype:gr_usecol:a_pstyle:m_r:54_c:41_sp:33,none,relative,1.0,0.01,10.0,p_inst:0,1.0,0.0,1,41,0,p,m,gr,54,33,a
pname:p_inst:0_ptype:gr_usecol:a_pstyle:m_r:68_c:55_sp:33,none,relative,1.0,0.01,10.0,p_inst:0,1.0,0.0,1,55,0,p,m,gr,68,33,a
pname:p_inst:0_ptype:gr_usecol:a_pstyle:m_r:59_c:40_sp:33,none,relative,1.0,0.01,10.0,p_inst:0,1.0,0.0,1,40,0,p,m,gr,59,33,a
pname:p_inst:0_ptype:gr_usecol:a_pstyle:m_r:72_c:58_sp:34,none,relative,1.0,0.01,10.0,p_inst:0,1.0,0.0,1,58,0,p,m,gr,72,34,a
pname:p_inst:0_ptype:gr_usecol:a_pstyle:m_r:70_c:32_sp:34,none,relative,1.0,0.01,10.0,p_inst:0,1.0,0.0,1,32,0,p,m,gr,70,34,a
pname:p_inst:0_ptype:gr_usecol:a_pstyle:m_r:41_c:36_sp:34,none,relative,1.0,0.01,10.0,p_inst:0,1.0,0.0,1,36,0,p,m,gr,41,34,a
pname:p_inst:0_ptype:gr_usecol:a_pstyle:m_r:84_c:42_sp:34,none,relative,1.0,0.01,10.0,p_inst:0,1.0,0.0,1,42,0,p,m,gr,84,34,a
pname:p_inst:0_ptype:gr_usecol:a_pstyle:m_r:76_c:61_sp:34,none,relative,1.0,0.01,10.0,p_inst:0,1.0,0.0,1,61,0,p,m,gr,76,34,a
pname:p_inst:0_ptype:gr_usecol:a_pstyle:m_r:72_c:45_sp:34,none,relative,1.0,0.01,10.0,p_inst:0,1.0,0.0,1,45,0,p,m,gr,72,34,a
pname:p_inst:0_ptype:gr_usecol:a_pstyle:m_r:37_c:35_sp:34,none,relative,1.0,0.01,10.0,p_inst:0,1.0,0.0,1,35,0,p,m,gr,37,34,a
pname:p_inst:0_ptype:gr_usecol:a_pstyle:m_r:34_c:60_sp:34,none,relative,1.0,0.01,10.0,p_inst:0,1.0,0.0,1,60,0,p,m,gr,34,34,a
pname:p_inst:0_ptype:gr_usecol:a_pstyle:m_r:66_c:39_sp:34,none,relative,1.0,0.01,10.0,p_inst:0,1.0,0.0,1,39,0,p,m,gr,66,34,a
pname:p_inst:0_ptype:gr_usecol:a_pstyle:m_r:58_c:52_sp:34,none,relative,1.0,0.01,10.0,p_inst:0,1.0,0.0,1,52,0,p,m,gr,58,34,a
pname:p_inst:0_ptype:gr_usecol:a_pstyle:m_r:54_c:31_sp:34,none,relative,1.0,0.01,10.0,p_inst:0,1.0,0.0,1,31,0,p,m,gr,54,34,a
pname:p_inst:0_ptype:gr_usecol:a_pstyle:m_r:34_c:54_sp:34,none,relative,1.0,0.01,10.0,p_inst:0,1.0,0.0,1,54,0,p,m,gr,34,34,a
pname:p_inst:0_ptype:gr_usecol:a_pstyle:m_r:55_c:37_sp:34,none,relative,1.0,0.01,10.0,p_inst:0,1.0,0.0,1,37,0,p,m,gr,55,34,a
pname:p_inst:0_ptype:gr_usecol:a_pstyle:m_r:77_c:52_sp:34,none,relative,1.0,0.01,10.0,p_inst:0,1.0,0.0,1,52,0,p,m,gr,77,34,a
pname:p_inst:0_ptype:gr_usecol:a_pstyle:m_r:35_c:37_sp:34,none,relative,1.0,0.01,10.0,p_inst:0,1.0,0.0,1,37,0,p,m,gr,35,34,a
pname:p_inst:0_ptype:gr_usecol:a_pstyle:m_r:71_c:31_sp:34,none,relative,1.0,0.01,10.0,p_inst:0,1.0,0.0,1,31,0,p,m,gr,71,34,a
pname:p_inst:0_ptype:gr_usecol:a_pstyle:m_r:73_c:59_sp:34,none,relative,1.0,0.01,10.0,p_inst:0,1.0,0.0,1,59,0,p,m,gr,73,34,a
pname:p_inst:0_ptype:gr_usecol:a_pstyle:m_r:54_c:41_sp:34,none,relative,1.0,0.01,10.0,p_inst:0,1.0,0.0,1,41,0,p,m,gr,54,34,a
pname:p_inst:0_ptype:gr_usecol:a_pstyle:m_r:68_c:55_sp:34,none,relative,1.0,0.01,10.0,p_inst:0,1.0,0.0,1,55,0,p,m,gr,68,34,a
pname:p_inst:0_ptype:gr_usecol:a_pstyle:m_r:59_c:40_sp:34,none,relative,1.0,0.01,10.0,p_inst:0,1.0,0.0,1,40,0,p,m,gr,59,34,a
pname:p_inst:0_ptype:gr_usecol:a_pstyle:m_r:72_c:58_sp:35,none,relative,1.0,0.01,10.0,p_inst:0,1.0,0.0,1,58,0,p,m,gr,72,35,a
pname:p_inst:0_ptype:gr_usecol:a_pstyle:m_r:70_c:32_sp:35,none,relative,1.0,0.01,10.0,p_inst:0,1.0,0.0,1,32,0,p,m,gr,70,35,a
pname:p_inst:0_ptype:gr_usecol:a_pstyle:m_r:41_c:36_sp:35,none,relative,1.0,0.01,10.0,p_inst:0,1.0,0.0,1,36,0,p,m,gr,41,35,a
pname:p_inst:0_ptype:gr_usecol:a_pstyle:m_r:84_c:42_sp:35,none,relative,1.0,0.01,10.0,p_inst:0,1.0,0.0,1,42,0,p,m,gr,84,35,a
pname:p_inst:0_ptype:gr_usecol:a_pstyle:m_r:76_c:61_sp:35,none,relative,1.0,0.01,10.0,p_inst:0,1.0,0.0,1,61,0,p,m,gr,76,35,a
pname:p_inst:0_ptype:gr_usecol:a_pstyle:m_r:72_c:45_sp:35,none,relative,1.0,0.01,10.0,p_inst:0,1.0,0.0,1,45,0,p,m,gr,72,35,a
pname:p_inst:0_ptype:gr_usecol:a_pstyle:m_r:37_c:35_sp:35,none,relative,1.0,0.01,10.0,p_inst:0,1.0,0.0,1,35,0,p,m,gr,37,35,a
pname:p_inst:0_ptype:gr_usecol:a_pstyle:m_r:34_c:60_sp:35,none,relative,1.0,0.01,10.0,p_inst:0,1.0,0.0,1,60,0,p,m,gr,34,35,a
pname:p_inst:0_ptype:gr_usecol:a_pstyle:m_r:66_c:39_sp:35,none,relative,1.0,0.01,10.0,p_inst:0,1.0,0.0,1,39,0,p,m,gr,66,35,a
pname:p_inst:0_ptype:gr_usecol:a_pstyle:m_r:58_c:52_sp:35,none,relative,1.0,0.01,10.0,p_inst:0,1.0,0.0,1,52,0,p,m,gr,58,35,a
pname:p_inst:0_ptype:gr_usecol:a_pstyle:m_r:54_c:31_sp:35,none,relative,1.0,0.01,10.0,p_inst:0,1.0,0.0,1,31,0,p,m,gr,54,35,a
pname:p_inst:0_ptype:gr_usecol:a_pstyle:m_r:34_c:54_sp:35,none,relative,1.0,0.01,10.0,p_inst:0,1.0,0.0,1,54,0,p,m,gr,34,35,a
pname:p_inst:0_ptype:gr_usecol:a_pstyle:m_r:55_c:37_sp:35,none,relative,1.0,0.01,10.0,p_inst:0,1.0,0.0,1,37,0,p,m,gr,55,35,a
pname:p_inst:0_ptype:gr_usecol:a_pstyle:m_r:77_c:52_sp:35,none,relative,1.0,0.01,10.0,p_inst:0,1.0,0.0,1,52,0,p,m,gr,77,35,a
pname:p_inst:0_ptype:gr_usecol:a_pstyle:m_r:35_c:37_sp:35,none,relative,1.0,0.01,10.0,p_inst:0,1.0,0.0,1,37,0,p,m,gr,35,35,a
pname:p_inst:0_ptype:gr_usecol:a_pstyle:m_r:71_c:31_sp:35,none,relative,1.0,0.01,10.0,p_inst:0,1.0,0.0,1,31,0,p,m,gr,71,35,a
pname:p_inst:0_ptype:gr_usecol:a_pstyle:m_r:73_c:59_sp:35,none,relative,1.0,0.01,10.0,p_inst:0,1.0,0.0,1,59,0,p,m,gr,73,35,a
pname:p_inst:0_ptype:gr_usecol:a_pstyle:m_r:54_c:41_sp:35,none,relative,1.0,0.01,10.0,p_inst:0,1.0,0.0,1,41,0,p,m,gr,54,35,a
pname:p_inst:0_ptype:gr_usecol:a_pstyle:m_r:68_c:55_sp:35,none,relative,1.0,0.01,10.0,p_inst:0,1.0,0.0,1,55,0,p,m,gr,68,35,a
pname:p_inst:0_ptype:gr_usecol:a_pstyle:m_r:59_c:40_sp:35,none,relative,1.0,0.01,10.0,p_inst:0,1.0,0.0,1,40,0,p,m,gr,59,35,a
pname:p_inst:0_ptype:gr_usecol:a_pstyle:m_r:72_c:58_sp:36,none,relative,1.0,0.01,10.0,p_inst:0,1.0,0.0,1,58,0,p,m,gr,72,36,a
pname:p_inst:0_ptype:gr_usecol:a_pstyle:m_r:70_c:32_sp:36,none,relative,1.0,0.01,10.0,p_inst:0,1.0,0.0,1,32,0,p,m,gr,70,36,a
pname:p_inst:0_ptype:gr_usecol:a_pstyle:m_r:41_c:36_sp:36,none,relative,1.0,0.01,10.0,p_inst:0,1.0,0.0,1,36,0,p,m,gr,41,36,a
pname:p_inst:0_ptype:gr_usecol:a_pstyle:m_r:84_c:42_sp:36,none,relative,1.0,0.01,10.0,p_inst:0,1.0,0.0,1,42,0,p,m,gr,84,36,a
pname:p_inst:0_ptype:gr_usecol:a_pstyle:m_r:76_c:61_sp:36,none,relative,1.0,0.01,10.0,p_inst:0,1.0,0.0,1,61,0,p,m,gr,76,36,a
pname:p_inst:0_ptype:gr_usecol:a_pstyle:m_r:72_c:45_sp:36,none,relative,1.0,0.01,10.0,p_inst:0,1.0,0.0,1,45,0,p,m,gr,72,36,a
pname:p_inst:0_ptype:gr_usecol:a_pstyle:m_r:37_c:35_sp:36,none,relative,1.0,0.01,10.0,p_inst:0,1.0,0.0,1,35,0,p,m,gr,37,36,a
pname:p_inst:0_ptype:gr_usecol:a_pstyle:m_r:34_c:60_sp:36,none,relative,1.0,0.01,10.0,p_inst:0,1.0,0.0,1,60,0,p,m,gr,34,36,a
pname:p_inst:0_ptype:gr_usecol:a_pstyle:m_r:66_c:39_sp:36,none,relative,1.0,0.01,10.0,p_inst:0,1.0,0.0,1,39,0,p,m,gr,66,36,a
pname:p_inst:0_ptype:gr_usecol:a_pstyle:m_r:58_c:52_sp:36,none,relative,1.0,0.01,10.0,p_inst:0,1.0,0.0,1,52,0,p,m,gr,58,36,a
pname:p_inst:0_ptype:gr_usecol:a_pstyle:m_r:54_c:31_sp:36,none,relative,1.0,0.01,10.0,p_inst:0,1.0,0.0,1,31,0,p,m,gr,54,36,a
pname:p_inst:0_ptype:gr_usecol:a_pstyle:m_r:34_c:54_sp:36,none,relative,1.0,0.01,10.0,p_inst:0,1.0,0.0,1,54,0,p,m,gr,34,36,a
pname:p_inst:0_ptype:gr_usecol:a_pstyle:m_r:55_c:37_sp:36,none,relative,1.0,0.01,10.0,p_inst:0,1.0,0.0,1,37,0,p,m,gr,55,36,a
pname:p_inst:0_ptype:gr_usecol:a_pstyle:m_r:77_c:52_sp:36,none,relative,1.0,0.01,10.0,p_inst:0,1.0,0.0,1,52,0,p,m,gr,77,36,a
pname:p_inst:0_ptype:gr_usecol:a_pstyle:m_r:35_c:37_sp:36,none,relative,1.0,0.01,10.0,p_inst:0,1.0,0.0,1,37,0,p,m,gr,35,36,a
pname:p_inst:0_ptype:gr_usecol:a_pstyle:m_r:71_c:31_sp:36,none,relative,1.0,0.01,10.0,p_inst:0,1.0,0.0,1,31,0,p,m,gr,71,36,a
pname:p_inst:0_ptype:gr_usecol:a_pstyle:m_r:73_c:59_sp:36,none,relative,1.0,0.01,10.0,p_inst:0,1.0,0.0,1,59,0,p,m,gr,73,36,a
pname:p_inst:0_ptype:gr_usecol:a_pstyle:m_r:54_c:41_sp:36,none,relative,1.0,0.01,10.0,p_inst:0,1.0,0.0,1,41,0,p,m,gr,54,36,a
pname:p_inst:0_ptype:gr_usecol:a_pstyle:m_r:68_c:55_sp:36,none,relative,1.0,0.01,10.0,p_inst:0,1.0,0.0,1,55,0,p,m,gr,68,36,a
pname:p_inst:0_ptype:gr_usecol:a_pstyle:m_r:59_c:40_sp:36,none,relative,1.0,0.01,10.0,p_inst:0,1.0,0.0,1,40,0,p,m,gr,59,36,a
pname:p_inst:0_ptype:gr_usecol:a_pstyle:m_r:72_c:58_sp:37,none,relative,1.0,0.01,10.0,p_inst:0,1.0,0.0,1,58,0,p,m,gr,72,37,a
pname:p_inst:0_ptype:gr_usecol:a_pstyle:m_r:70_c:32_sp:37,none,relative,1.0,0.01,10.0,p_inst:0,1.0,0.0,1,32,0,p,m,gr,70,37,a
pname:p_inst:0_ptype:gr_usecol:a_pstyle:m_r:41_c:36_sp:37,none,relative,1.0,0.01,10.0,p_inst:0,1.0,0.0,1,36,0,p,m,gr,41,37,a
pname:p_inst:0_ptype:gr_usecol:a_pstyle:m_r:84_c:42_sp:37,none,relative,1.0,0.01,10.0,p_inst:0,1.0,0.0,1,42,0,p,m,gr,84,37,a
pname:p_inst:0_ptype:gr_usecol:a_pstyle:m_r:76_c:61_sp:37,none,relative,1.0,0.01,10.0,p_inst:0,1.0,0.0,1,61,0,p,m,gr,76,37,a
pname:p_inst:0_ptype:gr_usecol:a_pstyle:m_r:72_c:45_sp:37,none,relative,1.0,0.01,10.0,p_inst:0,1.0,0.0,1,45,0,p,m,gr,72,37,a
pname:p_inst:0_ptype:gr_usecol:a_pstyle:m_r:37_c:35_sp:37,none,relative,1.0,0.01,10.0,p_inst:0,1.0,0.0,1,35,0,p,m,gr,37,37,a
pname:p_inst:0_ptype:gr_usecol:a_pstyle:m_r:34_c:60_sp:37,none,relative,1.0,0.01,10.0,p_inst:0,1.0,0.0,1,60,0,p,m,gr,34,37,a
pname:p_inst:0_ptype:gr_usecol:a_pstyle:m_r:66_c:39_sp:37,none,relative,1.0,0.01,10.0,p_inst:0,1.0,0.0,1,39,0,p,m,gr,66,37,a
pname:p_inst:0_ptype:gr_usecol:a_pstyle:m_r:58_c:52_sp:37,none,relative,1.0,0.01,10.0,p_inst:0,1.0,0.0,1,52,0,p,m,gr,58,37,a
pname:p_inst:0_ptype:gr_usecol:a_pstyle:m_r:54_c:31_sp:37,none,relative,1.0,0.01,10.0,p_inst:0,1.0,0.0,1,31,0,p,m,gr,54,37,a
pname:p_inst:0_ptype:gr_usecol:a_pstyle:m_r:34_c:54_sp:37,none,relative,1.0,0.01,10.0,p_inst:0,1.0,0.0,1,54,0,p,m,gr,34,37,a
pname:p_inst:0_ptype:gr_usecol:a_pstyle:m_r:55_c:37_sp:37,none,relative,1.0,0.01,10.0,p_inst:0,1.0,0.0,1,37,0,p,m,gr,55,37,a
pname:p_inst:0_ptype:gr_usecol:a_pstyle:m_r:77_c:52_sp:37,none,relative,1.0,0.01,10.0,p_inst:0,1.0,0.0,1,52,0,p,m,gr,77,37,a
pname:p_inst:0_ptype:gr_usecol:a_pstyle:m_r:35_c:37_sp:37,none,relative,1.0,0.01,10.0,p_inst:0,1.0,0.0,1,37,0,p,m,gr,35,37,a
pname:p_inst:0_ptype:gr_usecol:a_pstyle:m_r:71_c:31_sp:37,none,relative,1.0,0.01,10.0,p_inst:0,1.0,0.0,1,31,0,p,m,gr,71,37,a
pname:p_inst:0_ptype:gr_usecol:a_pstyle:m_r:73_c:59_sp:37,none,relative,1.0,0.01,10.0,p_inst:0,1.0,0.0,1,59,0,p,m,gr,73,37,a
pname:p_inst:0_ptype:gr_usecol:a_pstyle:m_r:54_c:41_sp:37,none,relative,1.0,0.01,10.0,p_inst:0,1.0,0.0,1,41,0,p,m,gr,54,37,a
pname:p_inst:0_ptype:gr_usecol:a_pstyle:m_r:68_c:55_sp:37,none,relative,1.0,0.01,10.0,p_inst:0,1.0,0.0,1,55,0,p,m,gr,68,37,a
pname:p_inst:0_ptype:gr_usecol:a_pstyle:m_r:59_c:40_sp:37,none,relative,1.0,0.01,10.0,p_inst:0,1.0,0.0,1,40,0,p,m,gr,59,37,a
pname:p_inst:0_ptype:gr_usecol:a_pstyle:m_r:72_c:58_sp:38,none,relative,1.0,0.01,10.0,p_inst:0,1.0,0.0,1,58,0,p,m,gr,72,38,a
pname:p_inst:0_ptype:gr_usecol:a_pstyle:m_r:70_c:32_sp:38,none,relative,1.0,0.01,10.0,p_inst:0,1.0,0.0,1,32,0,p,m,gr,70,38,a
pname:p_inst:0_ptype:gr_usecol:a_pstyle:m_r:41_c:36_sp:38,none,relative,1.0,0.01,10.0,p_inst:0,1.0,0.0,1,36,0,p,m,gr,41,38,a
pname:p_inst:0_ptype:gr_usecol:a_pstyle:m_r:84_c:42_sp:38,none,relative,1.0,0.01,10.0,p_inst:0,1.0,0.0,1,42,0,p,m,gr,84,38,a
pname:p_inst:0_ptype:gr_usecol:a_pstyle:m_r:76_c:61_sp:38,none,relative,1.0,0.01,10.0,p_inst:0,1.0,0.0,1,61,0,p,m,gr,76,38,a
pname:p_inst:0_ptype:gr_usecol:a_pstyle:m_r:72_c:45_sp:38,none,relative,1.0,0.01,10.0,p_inst:0,1.0,0.0,1,45,0,p,m,gr,72,38,a
pname:p_inst:0_ptype:gr_usecol:a_pstyle:m_r:37_c:35_sp:38,none,relative,1.0,0.01,10.0,p_inst:0,1.0,0.0,1,35,0,p,m,gr,37,38,a
pname:p_inst:0_ptype:gr_usecol:a_pstyle:m_r:34_c:60_sp:38,none,relative,1.0,0.01,10.0,p_inst:0,1.0,0.0,1,60,0,p,m,gr,34,38,a
pname:p_inst:0_ptype:gr_usecol:a_pstyle:m_r:66_c:39_sp:38,none,relative,1.0,0.01,10.0,p_inst:0,1.0,0.0,1,39,0,p,m,gr,66,38,a
pname:p_inst:0_ptype:gr_usecol:a_pstyle:m_r:58_c:52_sp:38,none,relative,1.0,0.01,10.0,p_inst:0,1.0,0.0,1,52,0,p,m,gr,58,38,a
pname:p_inst:0_ptype:gr_usecol:a_pstyle:m_r:54_c:31_sp:38,none,relative,1.0,0.01,10.0,p_inst:0,1.0,0.0,1,31,0,p,m,gr,54,38,a
pname:p_inst:0_ptype:gr_usecol:a_pstyle:m_r:34_c:54_sp:38,none,relative,1.0,0.01,10.0,p_inst:0,1.0,0.0,1,54,0,p,m,gr,34,38,a
pname:p_inst:0_ptype:gr_usecol:a_pstyle:m_r:55_c:37_sp:38,none,relative,1.0,0.01,10.0,p_inst:0,1.0,0.0,1,37,0,p,m,gr,55,38,a
pname:p_inst:0_ptype:gr_usecol:a_pstyle:m_r:77_c:52_sp:38,none,relative,1.0,0.01,10.0,p_inst:0,1.0,0.0,1,52,0,p,m,gr,77,38,a
pname:p_inst:0_ptype:gr_usecol:a_pstyle:m_r:35_c:37_sp:38,none,relative,1.0,0.01,10.0,p_inst:0,1.0,0.0,1,37,0,p,m,gr,35,38,a
pname:p_inst:0_ptype:gr_usecol:a_pstyle:m_r:71_c:31_sp:38,none,relative,1.0,0.01,10.0,p_inst:0,1.0,0.0,1,31,0,p,m,gr,71,38,a
pname:p_inst:0_ptype:gr_usecol:a_pstyle:m_r:73_c:59_sp:38,none,relative,1.0,0.01,10.0,p_inst:0,1.0,0.0,1,59,0,p,m,gr,73,38,a
pname:p_inst:0_ptype:gr_usecol:a_pstyle:m_r:54_c:41_sp:38,none,relative,1.0,0.01,10.0,p_inst:0,1.0,0.0,1,41,0,p,m,gr,54,38,a
pname:p_inst:0_ptype:gr_usecol:a_pstyle:m_r:68_c:55_sp:38,none,relative,1.0,0.01,10.0,p_inst:0,1.0,0.0,1,55,0,p,m,gr,68,38,a
pname:p_inst:0_ptype:gr_usecol:a_pstyle:m_r:59_c:40_sp:38,none,relative,1.0,0.01,10.0,p_inst:0,1.0,0.0,1,40,0,p,m,gr,59,38,a
pname:p_inst:0_ptype:gr_usecol:a_pstyle:m_r:72_c:58_sp:39,none,relative,1.0,0.01,10.0,p_inst:0,1.0,0.0,1,58,0,p,m,gr,72,39,a
pname:p_inst:0_ptype:gr_usecol:a_pstyle:m_r:70_c:32_sp:39,none,relative,1.0,0.01,10.0,p_inst:0,1.0,0.0,1,32,0,p,m,gr,70,39,a
pname:p_inst:0_ptype:gr_usecol:a_pstyle:m_r:41_c:36_sp:39,none,relative,1.0,0.01,10.0,p_inst:0,1.0,0.0,1,36,0,p,m,gr,41,39,a
pname:p_inst:0_ptype:gr_usecol:a_pstyle:m_r:84_c:42_sp:39,none,relative,1.0,0.01,10.0,p_inst:0,1.0,0.0,1,42,0,p,m,gr,84,39,a
pname:p_inst:0_ptype:gr_usecol:a_pstyle:m_r:76_c:61_sp:39,none,relative,1.0,0.01,10.0,p_inst:0,1.0,0.0,1,61,0,p,m,gr,76,39,a
pname:p_inst:0_ptype:gr_usecol:a_pstyle:m_r:72_c:45_sp:39,none,relative,1.0,0.01,10.0,p_inst:0,1.0,0.0,1,45,0,p,m,gr,72,39,a
pname:p_inst:0_ptype:gr_usecol:a_pstyle:m_r:37_c:35_sp:39,none,relative,1.0,0.01,10.0,p_inst:0,1.0,0.0,1,35,0,p,m,gr,37,39,a
pname:p_inst:0_ptype:gr_usecol:a_pstyle:m_r:34_c:60_sp:39,none,relative,1.0,0.01,10.0,p_inst:0,1.0,0.0,1,60,0,p,m,gr,34,39,a
pname:p_inst:0_ptype:gr_usecol:a_pstyle:m_r:66_c:39_sp:39,none,relative,1.0,0.01,10.0,p_inst:0,1.0,0.0,1,39,0,p,m,gr,66,39,a
pname:p_inst:0_ptype:gr_usecol:a_pstyle:m_r:58_c:52_sp:39,none,relative,1.0,0.01,10.0,p_inst:0,1.0,0.0,1,52,0,p,m,gr,58,39,a
pname:p_inst:0_ptype:gr_usecol:a_pstyle:m_r:54_c:31_sp:39,none,relative,1.0,0.01,10.0,p_inst:0,1.0,0.0,1,31,0,p,m,gr,54,39,a
pname:p_inst:0_ptype:gr_usecol:a_pstyle:m_r:34_c:54_sp:39,none,relative,1.0,0.01,10.0,p_inst:0,1.0,0.0,1,54,0,p,m,gr,34,39,a
pname:p_inst:0_ptype:gr_usecol:a_pstyle:m_r:55_c:37_sp:39,none,relative,1.0,0.01,10.0,p_inst:0,1.0,0.0,1,37,0,p,m,gr,55,39,a
pname:p_inst:0_ptype:gr_usecol:a_pstyle:m_r:77_c:52_sp:39,none,relative,1.0,0.01,10.0,p_inst:0,1.0,0.0,1,52,0,p,m,gr,77,39,a
pname:p_inst:0_ptype:gr_usecol:a_pstyle:m_r:35_c:37_sp:39,none,relative,1.0,0.01,10.0,p_inst:0,1.0,0.0,1,37,0,p,m,gr,35,39,a
pname:p_inst:0_ptype:gr_usecol:a_pstyle:m_r:71_c:31_sp:39,none,relative,1.0,0.01,10.0,p_inst:0,1.0,0.0,1,31,0,p,m,gr,71,39,a
pname:p_inst:0_ptype:gr_usecol:a_pstyle:m_r:73_c:59_sp:39,none,relative,1.0,0.01,10.0,p_inst:0,1.0,0.0,1,59,0,p,m,gr,73,39,a
pname:p_inst:0_ptype:gr_usecol:a_pstyle:m_r:54_c:41_sp:39,none,relative,1.0,0.01,10.0,p_inst:0,1.0,0.0,1,41,0,p,m,gr,54,39,a
pname:p_inst:0_ptype:gr_usecol:a_pstyle:m_r:68_c:55_sp:39,none,relative,1.0,0.01,10.0,p_inst:0,1.0,0.0,1,55,0,p,m,gr,68,39,a
pname:p_inst:0_ptype:gr_usecol:a_pstyle:m_r:59_c:40_sp:39,none,relative,1.0,0.01,10.0,p_inst:0,1.0,0.0,1,40,0,p,m,gr,59,39,a
pname:p_inst:0_ptype:gr_usecol:a_pstyle:m_r:72_c:58_sp:40,none,relative,1.0,0.01,10.0,p_inst:0,1.0,0.0,1,58,0,p,m,gr,72,40,a
pname:p_inst:0_ptype:gr_usecol:a_pstyle:m_r:70_c:32_sp:40,none,relative,1.0,0.01,10.0,p_inst:0,1.0,0.0,1,32,0,p,m,gr,70,40,a
pname:p_inst:0_ptype:gr_usecol:a_pstyle:m_r:41_c:36_sp:40,none,relative,1.0,0.01,10.0,p_inst:0,1.0,0.0,1,36,0,p,m,gr,41,40,a
pname:p_inst:0_ptype:gr_usecol:a_pstyle:m_r:84_c:42_sp:40,none,relative,1.0,0.01,10.0,p_inst:0,1.0,0.0,1,42,0,p,m,gr,84,40,a
pname:p_inst:0_ptype:gr_usecol:a_pstyle:m_r:76_c:61_sp:40,none,relative,1.0,0.01,10.0,p_inst:0,1.0,0.0,1,61,0,p,m,gr,76,40,a
pname:p_inst:0_ptype:gr_usecol:a_pstyle:m_r:72_c:45_sp:40,none,relative,1.0,0.01,10.0,p_inst:0,1.0,0.0,1,45,0,p,m,gr,72,40,a
pname:p_inst:0_ptype:gr_usecol:a_pstyle:m_r:37_c:35_sp:40,none,relative,1.0,0.01,10.0,p_inst:0,1.0,0.0,1,35,0,p,m,gr,37,40,a
pname:p_inst:0_ptype:gr_usecol:a_pstyle:m_r:34_c:60_sp:40,none,relative,1.0,0.01,10.0,p_inst:0,1.0,0.0,1,60,0,p,m,gr,34,40,a
pname:p_inst:0_ptype:gr_usecol:a_pstyle:m_r:66_c:39_sp:40,none,relative,1.0,0.01,10.0,p_inst:0,1.0,0.0,1,39,0,p,m,gr,66,40,a
pname:p_inst:0_ptype:gr_usecol:a_pstyle:m_r:58_c:52_sp:40,none,relative,1.0,0.01,10.0,p_inst:0,1.0,0.0,1,52,0,p,m,gr,58,40,a
pname:p_inst:0_ptype:gr_usecol:a_pstyle:m_r:54_c:31_sp:40,none,relative,1.0,0.01,10.0,p_inst:0,1.0,0.0,1,31,0,p,m,gr,54,40,a
pname:p_inst:0_ptype:gr_usecol:a_pstyle:m_r:34_c:54_sp:40,none,relative,1.0,0.01,10.0,p_inst:0,1.0,0.0,1,54,0,p,m,gr,34,40,a
pname:p_inst:0_ptype:gr_usecol:a_pstyle:m_r:55_c:37_sp:40,none,relative,1.0,0.01,10.0,p_inst:0,1.0,0.0,1,37,0,p,m,gr,55,40,a
pname:p_inst:0_ptype:gr_usecol:a_pstyle:m_r:77_c:52_sp:40,none,relative,1.0,0.01,10.0,p_inst:0,1.0,0.0,1,52,0,p,m,gr,77,40,a
pname:p_inst:0_ptype:gr_usecol:a_pstyle:m_r:35_c:37_sp:40,none,relative,1.0,0.01,10.0,p_inst:0,1.0,0.0,1,37,0,p,m,gr,35,40,a
pname:p_inst:0_ptype:gr_usecol:a_pstyle:m_r:71_c:31_sp:40,none,relative,1.0,0.01,10.0,p_inst:0,1.0,0.0,1,31,0,p,m,gr,71,40,a
pname:p_inst:0_ptype:gr_usecol:a_pstyle:m_r:73_c:59_sp:40,none,relative,1.0,0.01,10.0,p_inst:0,1.0,0.0,1,59,0,p,m,gr,73,40,a
pname:p_inst:0_ptype:gr_usecol:a_pstyle:m_r:54_c:41_sp:40,none,relative,1.0,0.01,10.0,p_inst:0,1.0,0.0,1,41,0,p,m,gr,54,40,a
pname:p_inst:0_ptype:gr_usecol:a_pstyle:m_r:68_c:55_sp:40,none,relative,1.0,0.01,10.0,p_inst:0,1.0,0.0,1,55,0,p,m,gr,68,40,a
pname:p_inst:0_ptype:gr_usecol:a_pstyle:m_r:59_c:40_sp:40,none,relative,1.0,0.01,10.0,p_inst:0,1.0,0.0,1,40,0,p,m,gr,59,40,a
pname:p_inst:0_ptype:gr_usecol:a_pstyle:m_r:72_c:58_sp:41,none,relative,1.0,0.01,10.0,p_inst:0,1.0,0.0,1,58,0,p,m,gr,72,41,a
pname:p_inst:0_ptype:gr_usecol:a_pstyle:m_r:70_c:32_sp:41,none,relative,1.0,0.01,10.0,p_inst:0,1.0,0.0,1,32,0,p,m,gr,70,41,a
pname:p_inst:0_ptype:gr_usecol:a_pstyle:m_r:41_c:36_sp:41,none,relative,1.0,0.01,10.0,p_inst:0,1.0,0.0,1,36,0,p,m,gr,41,41,a
pname:p_inst:0_ptype:gr_usecol:a_pstyle:m_r:84_c:42_sp:41,none,relative,1.0,0.01,10.0,p_inst:0,1.0,0.0,1,42,0,p,m,gr,84,41,a
pname:p_inst:0_ptype:gr_usecol:a_pstyle:m_r:76_c:61_sp:41,none,relative,1.0,0.01,10.0,p_inst:0,1.0,0.0,1,61,0,p,m,gr,76,41,a
pname:p_inst:0_ptype:gr_usecol:a_pstyle:m_r:72_c:45_sp:41,none,relative,1.0,0.01,10.0,p_inst:0,1.0,0.0,1,45,0,p,m,gr,72,41,a
pname:p_inst:0_ptype:gr_usecol:a_pstyle:m_r:37_c:35_sp:41,none,relative,1.0,0.01,10.0,p_inst:0,1.0,0.0,1,35,0,p,m,gr,37,41,a
pname:p_inst:0_ptype:gr_usecol:a_pstyle:m_r:34_c:60_sp:41,none,relative,1.0,0.01,10.0,p_inst:0,1.0,0.0,1,60,0,p,m,gr,34,41,a
pname:p_inst:0_ptype:gr_usecol:a_pstyle:m_r:66_c:39_sp:41,none,relative,1.0,0.01,10.0,p_inst:0,1.0,0.0,1,39,0,p,m,gr,66,41,a
pname:p_inst:0_ptype:gr_usecol:a_pstyle:m_r:58_c:52_sp:41,none,relative,1.0,0.01,10.0,p_inst:0,1.0,0.0,1,52,0,p,m,gr,58,41,a
pname:p_inst:0_ptype:gr_usecol:a_pstyle:m_r:54_c:31_sp:41,none,relative,1.0,0.01,10.0,p_inst:0,1.0,0.0,1,31,0,p,m,gr,54,41,a
pname:p_inst:0_ptype:gr_usecol:a_pstyle:m_r:34_c:54_sp:41,none,relative,1.0,0.01,10.0,p_inst:0,1.0,0.0,1,54,0,p,m,gr,34,41,a
pname:p_inst:0_ptype:gr_usecol:a_pstyle:m_r:55_c:37_sp:41,none,relative,1.0,0.01,10.0,p_inst:0,1.0,0.0,1,37,0,p,m,gr,55,41,a
pname:p_inst:0_ptype:gr_usecol:a_pstyle:m_r:77_c:52_sp:41,none,relative,1.0,0.01,10.0,p_inst:0,1.0,0.0,1,52,0,p,m,gr,77,41,a
pname:p_inst:0_ptype:gr_usecol:a_pstyle:m_r:35_c:37_sp:41,none,relative,1.0,0.01,10.0,p_inst:0,1.0,0.0,1,37,0,p,m,gr,35,41,a
pname:p_inst:0_ptype:gr_usecol:a_pstyle:m_r:71_c:31_sp:41,none,relative,1.0,0.01,10.0,p_inst:0,1.0,0.0,1,31,0,p,m,gr,71,41,a
pname:p_inst:0_ptype:gr_usecol:a_pstyle:m_r:73_c:59_sp:41,none,relative,1.0,0.01,10.0,p_inst:0,1.0,0.0,1,59,0,p,m,gr,73,41,a
pname:p_inst:0_ptype:gr_usecol:a_pstyle:m_r:54_c:41_sp:41,none,relative,1.0,0.01,10.0,p_inst:0,1.0,0.0,1,41,0,p,m,gr,54,41,a
pname:p_inst:0_ptype:gr_usecol:a_pstyle:m_r:68_c:55_sp:41,none,relative,1.0,0.01,10.0,p_inst:0,1.0,0.0,1,55,0,p,m,gr,68,41,a
pname:p_inst:0_ptype:gr_usecol:a_pstyle:m_r:59_c:40_sp:41,none,relative,1.0,0.01,10.0,p_inst:0,1.0,0.0,1,40,0,p,m,gr,59,41,a
pname:p_inst:0_ptype:gr_usecol:a_pstyle:m_r:72_c:58_sp:42,none,relative,1.0,0.01,10.0,p_inst:0,1.0,0.0,1,58,0,p,m,gr,72,42,a
pname:p_inst:0_ptype:gr_usecol:a_pstyle:m_r:70_c:32_sp:42,none,relative,1.0,0.01,10.0,p_inst:0,1.0,0.0,1,32,0,p,m,gr,70,42,a
pname:p_inst:0_ptype:gr_usecol:a_pstyle:m_r:41_c:36_sp:42,none,relative,1.0,0.01,10.0,p_inst:0,1.0,0.0,1,36,0,p,m,gr,41,42,a
pname:p_inst:0_ptype:gr_usecol:a_pstyle:m_r:84_c:42_sp:42,none,relative,1.0,0.01,10.0,p_inst:0,1.0,0.0,1,42,0,p,m,gr,84,42,a
pname:p_inst:0_ptype:gr_usecol:a_pstyle:m_r:76_c:61_sp:42,none,relative,1.0,0.01,10.0,p_inst:0,1.0,0.0,1,61,0,p,m,gr,76,42,a
pname:p_inst:0_ptype:gr_usecol:a_pstyle:m_r:72_c:45_sp:42,none,relative,1.0,0.01,10.0,p_inst:0,1.0,0.0,1,45,0,p,m,gr,72,42,a
pname:p_inst:0_ptype:gr_usecol:a_pstyle:m_r:37_c:35_sp:42,none,relative,1.0,0.01,10.0,p_inst:0,1.0,0.0,1,35,0,p,m,gr,37,42,a
pname:p_inst:0_ptype:gr_usecol:a_pstyle:m_r:34_c:60_sp:42,none,relative,1.0,0.01,10.0,p_inst:0,1.0,0.0,1,60,0,p,m,gr,34,42,a
pname:p_inst:0_ptype:gr_usecol:a_pstyle:m_r:66_c:39_sp:42,none,relative,1.0,0.01,10.0,p_inst:0,1.0,0.0,1,39,0,p,m,gr,66,42,a
pname:p_inst:0_ptype:gr_usecol:a_pstyle:m_r:58_c:52_sp:42,none,relative,1.0,0.01,10.0,p_inst:0,1.0,0.0,1,52,0,p,m,gr,58,42,a
pname:p_inst:0_ptype:gr_usecol:a_pstyle:m_r:54_c:31_sp:42,none,relative,1.0,0.01,10.0,p_inst:0,1.0,0.0,1,31,0,p,m,gr,54,42,a
pname:p_inst:0_ptype:gr_usecol:a_pstyle:m_r:34_c:54_sp:42,none,relative,1.0,0.01,10.0,p_inst:0,1.0,0.0,1,54,0,p,m,gr,34,42,a
pname:p_inst:0_ptype:gr_usecol:a_pstyle:m_r:55_c:37_sp:42,none,relative,1.0,0.01,10.0,p_inst:0,1.0,0.0,1,37,0,p,m,gr,55,42,a
pname:p_inst:0_ptype:gr_usecol:a_pstyle:m_r:77_c:52_sp:42,none,relative,1.0,0.01,10.0,p_inst:0,1.0,0.0,1,52,0,p,m,gr,77,42,a
pname:p_inst:0_ptype:gr_usecol:a_pstyle:m_r:35_c:37_sp:42,none,relative,1.0,0.01,10.0,p_inst:0,1.0,0.0,1,37,0,p,m,gr,35,42,a
pname:p_inst:0_ptype:gr_usecol:a_pstyle:m_r:71_c:31_sp:42,none,relative,1.0,0.01,10.0,p_inst:0,1.0,0.0,1,31,0,p,m,gr,71,42,a
pname:p_inst:0_ptype:gr_usecol:a_pstyle:m_r:73_c:59_sp:42,none,relative,1.0,0.01,10.0,p_inst:0,1.0,0.0,1,59,0,p,m,gr,73,42,a
pname:p_inst:0_ptype:gr_usecol:a_pstyle:m_r:54_c:41_sp:42,none,relative,1.0,0.01,10.0,p_inst:0,1.0,0.0,1,41,0,p,m,gr,54,42,a
pname:p_inst:0_ptype:gr_usecol:a_pstyle:m_r:68_c:55_sp:42,none,relative,1.0,0.01,10.0,p_inst:0,1.0,0.0,1,55,0,p,m,gr,68,42,a
pname:p_inst:0_ptype:gr_usecol:a_pstyle:m_r:59_c:40_sp:42,none,relative,1.0,0.01,10.0,p_inst:0,1.0,0.0,1,40,0,p,m,gr,59,42,a
pname:p_inst:0_ptype:gr_usecol:a_pstyle:m_r:72_c:58_sp:43,none,relative,1.0,0.01,10.0,p_inst:0,1.0,0.0,1,58,0,p,m,gr,72,43,a
pname:p_inst:0_ptype:gr_usecol:a_pstyle:m_r:70_c:32_sp:43,none,relative,1.0,0.01,10.0,p_inst:0,1.0,0.0,1,32,0,p,m,gr,70,43,a
pname:p_inst:0_ptype:gr_usecol:a_pstyle:m_r:41_c:36_sp:43,none,relative,1.0,0.01,10.0,p_inst:0,1.0,0.0,1,36,0,p,m,gr,41,43,a
pname:p_inst:0_ptype:gr_usecol:a_pstyle:m_r:84_c:42_sp:43,none,relative,1.0,0.01,10.0,p_inst:0,1.0,0.0,1,42,0,p,m,gr,84,43,a
pname:p_inst:0_ptype:gr_usecol:a_pstyle:m_r:76_c:61_sp:43,none,relative,1.0,0.01,10.0,p_inst:0,1.0,0.0,1,61,0,p,m,gr,76,43,a
pname:p_inst:0_ptype:gr_usecol:a_pstyle:m_r:72_c:45_sp:43,none,relative,1.0,0.01,10.0,p_inst:0,1.0,0.0,1,45,0,p,m,gr,72,43,a
pname:p_inst:0_ptype:gr_usecol:a_pstyle:m_r:37_c:35_sp:43,none,relative,1.0,0.01,10.0,p_inst:0,1.0,0.0,1,35,0,p,m,gr,37,43,a
pname:p_inst:0_ptype:gr_usecol:a_pstyle:m_r:34_c:60_sp:43,none,relative,1.0,0.01,10.0,p_inst:0,1.0,0.0,1,60,0,p,m,gr,34,43,a
pname:p_inst:0_ptype:gr_usecol:a_pstyle:m_r:66_c:39_sp:43,none,relative,1.0,0.01,10.0,p_inst:0,1.0,0.0,1,39,0,p,m,gr,66,43,a
pname:p_inst:0_ptype:gr_usecol:a_pstyle:m_r:58_c:52_sp:43,none,relative,1.0,0.01,10.0,p_inst:0,1.0,0.0,1,52,0,p,m,gr,58,43,a
pname:p_inst:0_ptype:gr_usecol:a_pstyle:m_r:54_c:31_sp:43,none,relative,1.0,0.01,10.0,p_inst:0,1.0,0.0,1,31,0,p,m,gr,54,43,a
pname:p_inst:0_ptype:gr_usecol:a_pstyle:m_r:34_c:54_sp:43,none,relative,1.0,0.01,10.0,p_inst:0,1.0,0.0,1,54,0,p,m,gr,34,43,a
pname:p_inst:0_ptype:gr_usecol:a_pstyle:m_r:55_c:37_sp:43,none,relative,1.0,0.01,10.0,p_inst:0,1.0,0.0,1,37,0,p,m,gr,55,43,a
pname:p_inst:0_ptype:gr_usecol:a_pstyle:m_r:77_c:52_sp:43,none,relative,1.0,0.01,10.0,p_inst:0,1.0,0.0,1,52,0,p,m,gr,77,43,a
pname:p_inst:0_ptype:gr_usecol:a_pstyle:m_r:35_c:37_sp:43,none,relative,1.0,0.01,10.0,p_inst:0,1.0,0.0,1,37,0,p,m,gr,35,43,a
pname:p_inst:0_ptype:gr_usecol:a_pstyle:m_r:71_c:31_sp:43,none,relative,1.0,0.01,10.0,p_inst:0,1.0,0.0,1,31,0,p,m,gr,71,43,a
pname:p_inst:0_ptype:gr_usecol:a_pstyle:m_r:73_c:59_sp:43,none,relative,1.0,0.01,10.0,p_inst:0,1.0,0.0,1,59,0,p,m,gr,73,43,a
pname:p_inst:0_ptype:gr_usecol:a_pstyle:m_r:54_c:41_sp:43,none,relative,1.0,0.01,10.0,p_inst:0,1.0,0.0,1,41,0,p,m,gr,54,43,a
pname:p_inst:0_ptype:gr_usecol:a_pstyle:m_r:68_c:55_sp:43,none,relative,1.0,0.01,10.0,p_inst:0,1.0,0.0,1,55,0,p,m,gr,68,43,a
pname:p_inst:0_ptype:gr_usecol:a_pstyle:m_r:59_c:40_sp:43,none,relative,1.0,0.01,10.0,p_inst:0,1.0,0.0,1,40,0,p,m,gr,59,43,a
pname:p_inst:0_ptype:gr_usecol:a_pstyle:m_r:72_c:58_sp:44,none,relative,1.0,0.01,10.0,p_inst:0,1.0,0.0,1,58,0,p,m,gr,72,44,a
pname:p_inst:0_ptype:gr_usecol:a_pstyle:m_r:70_c:32_sp:44,none,relative,1.0,0.01,10.0,p_inst:0,1.0,0.0,1,32,0,p,m,gr,70,44,a
pname:p_inst:0_ptype:gr_usecol:a_pstyle:m_r:41_c:36_sp:44,none,relative,1.0,0.01,10.0,p_inst:0,1.0,0.0,1,36,0,p,m,gr,41,44,a
pname:p_inst:0_ptype:gr_usecol:a_pstyle:m_r:84_c:42_sp:44,none,relative,1.0,0.01,10.0,p_inst:0,1.0,0.0,1,42,0,p,m,gr,84,44,a
pname:p_inst:0_ptype:gr_usecol:a_pstyle:m_r:76_c:61_sp:44,none,relative,1.0,0.01,10.0,p_inst:0,1.0,0.0,1,61,0,p,m,gr,76,44,a
pname:p_inst:0_ptype:gr_usecol:a_pstyle:m_r:72_c:45_sp:44,none,relative,1.0,0.01,10.0,p_inst:0,1.0,0.0,1,45,0,p,m,gr,72,44,a
pname:p_inst:0_ptype:gr_usecol:a_pstyle:m_r:37_c:35_sp:44,none,relative,1.0,0.01,10.0,p_inst:0,1.0,0.0,1,35,0,p,m,gr,37,44,a
pname:p_inst:0_ptype:gr_usecol:a_pstyle:m_r:34_c:60_sp:44,none,relative,1.0,0.01,10.0,p_inst:0,1.0,0.0,1,60,0,p,m,gr,34,44,a
pname:p_inst:0_ptype:gr_usecol:a_pstyle:m_r:66_c:39_sp:44,none,relative,1.0,0.01,10.0,p_inst:0,1.0,0.0,1,39,0,p,m,gr,66,44,a
pname:p_inst:0_ptype:gr_usecol:a_pstyle:m_r:58_c:52_sp:44,none,relative,1.0,0.01,10.0,p_inst:0,1.0,0.0,1,52,0,p,m,gr,58,44,a
pname:p_inst:0_ptype:gr_usecol:a_pstyle:m_r:54_c:31_sp:44,none,relative,1.0,0.01,10.0,p_inst:0,1.0,0.0,1,31,0,p,m,gr,54,44,a
pname:p_inst:0_ptype:gr_usecol:a_pstyle:m_r:34_c:54_sp:44,none,relative,1.0,0.01,10.0,p_inst:0,1.0,0.0,1,54,0,p,m,gr,34,44,a
pname:p_inst:0_ptype:gr_usecol:a_pstyle:m_r:55_c:37_sp:44,none,relative,1.0,0.01,10.0,p_inst:0,1.0,0.0,1,37,0,p,m,gr,55,44,a
pname:p_inst:0_ptype:gr_usecol:a_pstyle:m_r:77_c:52_sp:44,none,relative,1.0,0.01,10.0,p_inst:0,1.0,0.0,1,52,0,p,m,gr,77,44,a
pname:p_inst:0_ptype:gr_usecol:a_pstyle:m_r:35_c:37_sp:44,none,relative,1.0,0.01,10.0,p_inst:0,1.0,0.0,1,37,0,p,m,gr,35,44,a
pname:p_inst:0_ptype:gr_usecol:a_pstyle:m_r:71_c:31_sp:44,none,relative,1.0,0.01,10.0,p_inst:0,1.0,0.0,1,31,0,p,m,gr,71,44,a
pname:p_inst:0_ptype:gr_usecol:a_pstyle:m_r:73_c:59_sp:44,none,relative,1.0,0.01,10.0,p_inst:0,1.0,0.0,1,59,0,p,m,gr,73,44,a
pname:p_inst:0_ptype:gr_usecol:a_pstyle:m_r:54_c:41_sp:44,none,relative,1.0,0.01,10.0,p_inst:0,1.0,0.0,1,41,0,p,m,gr,54,44,a
pname:p_inst:0_ptype:gr_usecol:a_pstyle:m_r:68_c:55_sp:44,none,relative,1.0,0.01,10.0,p_inst:0,1.0,0.0,1,55,0,p,m,gr,68,44,a
pname:p_inst:0_ptype:gr_usecol:a_pstyle:m_r:59_c:40_sp:44,none,relative,1.0,0.01,10.0,p_inst:0,1.0,0.0,1,40,0,p,m,gr,59,44,a
pname:p_inst:0_ptype:gr_usecol:a_pstyle:m_r:72_c:58_sp:45,none,relative,1.0,0.01,10.0,p_inst:0,1.0,0.0,1,58,0,p,m,gr,72,45,a
pname:p_inst:0_ptype:gr_usecol:a_pstyle:m_r:70_c:32_sp:45,none,relative,1.0,0.01,10.0,p_inst:0,1.0,0.0,1,32,0,p,m,gr,70,45,a
pname:p_inst:0_ptype:gr_usecol:a_pstyle:m_r:41_c:36_sp:45,none,relative,1.0,0.01,10.0,p_inst:0,1.0,0.0,1,36,0,p,m,gr,41,45,a
pname:p_inst:0_ptype:gr_usecol:a_pstyle:m_r:84_c:42_sp:45,none,relative,1.0,0.01,10.0,p_inst:0,1.0,0.0,1,42,0,p,m,gr,84,45,a
pname:p_inst:0_ptype:gr_usecol:a_pstyle:m_r:76_c:61_sp:45,none,relative,1.0,0.01,10.0,p_inst:0,1.0,0.0,1,61,0,p,m,gr,76,45,a
pname:p_inst:0_ptype:gr_usecol:a_pstyle:m_r:72_c:45_sp:45,none,relative,1.0,0.01,10.0,p_inst:0,1.0,0.0,1,45,0,p,m,gr,72,45,a
pname:p_inst:0_ptype:gr_usecol:a_pstyle:m_r:37_c:35_sp:45,none,relative,1.0,0.01,10.0,p_inst:0,1.0,0.0,1,35,0,p,m,gr,37,45,a
pname:p_inst:0_ptype:gr_usecol:a_pstyle:m_r:34_c:60_sp:45,none,relative,1.0,0.01,10.0,p_inst:0,1.0,0.0,1,60,0,p,m,gr,34,45,a
pname:p_inst:0_ptype:gr_usecol:a_pstyle:m_r:66_c:39_sp:45,none,relative,1.0,0.01,10.0,p_inst:0,1.0,0.0,1,39,0,p,m,gr,66,45,a
pname:p_inst:0_ptype:gr_usecol:a_pstyle:m_r:58_c:52_sp:45,none,relative,1.0,0.01,10.0,p_inst:0,1.0,0.0,1,52,0,p,m,gr,58,45,a
pname:p_inst:0_ptype:gr_usecol:a_pstyle:m_r:54_c:31_sp:45,none,relative,1.0,0.01,10.0,p_inst:0,1.0,0.0,1,31,0,p,m,gr,54,45,a
pname:p_inst:0_ptype:gr_usecol:a_pstyle:m_r:34_c:54_sp:45,none,relative,1.0,0.01,10.0,p_inst:0,1.0,0.0,1,54,0,p,m,gr,34,45,a
pname:p_inst:0_ptype:gr_usecol:a_pstyle:m_r:55_c:37_sp:45,none,relative,1.0,0.01,10.0,p_inst:0,1.0,0.0,1,37,0,p,m,gr,55,45,a
pname:p_inst:0_ptype:gr_usecol:a_pstyle:m_r:77_c:52_sp:45,none,relative,1.0,0.01,10.0,p_inst:0,1.0,0.0,1,52,0,p,m,gr,77,45,a
pname:p_inst:0_ptype:gr_usecol:a_pstyle:m_r:35_c:37_sp:45,none,relative,1.0,0.01,10.0,p_inst:0,1.0,0.0,1,37,0,p,m,gr,35,45,a
pname:p_inst:0_ptype:gr_usecol:a_pstyle:m_r:71_c:31_sp:45,none,relative,1.0,0.01,10.0,p_inst:0,1.0,0.0,1,31,0,p,m,gr,71,45,a
pname:p_inst:0_ptype:gr_usecol:a_pstyle:m_r:73_c:59_sp:45,none,relative,1.0,0.01,10.0,p_inst:0,1.0,0.0,1,59,0,p,m,gr,73,45,a
pname:p_inst:0_ptype:gr_usecol:a_pstyle:m_r:54_c:41_sp:45,none,relative,1.0,0.01,10.0,p_inst:0,1.0,0.0,1,41,0,p,m,gr,54,45,a
pname:p_inst:0_ptype:gr_usecol:a_pstyle:m_r:68_c:55_sp:45,none,relative,1.0,0.01,10.0,p_inst:0,1.0,0.0,1,55,0,p,m,gr,68,45,a
pname:p_inst:0_ptype:gr_usecol:a_pstyle:m_r:59_c:40_sp:45,none,relative,1.0,0.01,10.0,p_inst:0,1.0,0.0,1,40,0,p,m,gr,59,45,a
pname:p_inst:0_ptype:gr_usecol:a_pstyle:m_r:72_c:58_sp:46,none,relative,1.0,0.01,10.0,p_inst:0,1.0,0.0,1,58,0,p,m,gr,72,46,a
pname:p_inst:0_ptype:gr_usecol:a_pstyle:m_r:70_c:32_sp:46,none,relative,1.0,0.01,10.0,p_inst:0,1.0,0.0,1,32,0,p,m,gr,70,46,a
pname:p_inst:0_ptype:gr_usecol:a_pstyle:m_r:41_c:36_sp:46,none,relative,1.0,0.01,10.0,p_inst:0,1.0,0.0,1,36,0,p,m,gr,41,46,a
pname:p_inst:0_ptype:gr_usecol:a_pstyle:m_r:84_c:42_sp:46,none,relative,1.0,0.01,10.0,p_inst:0,1.0,0.0,1,42,0,p,m,gr,84,46,a
pname:p_inst:0_ptype:gr_usecol:a_pstyle:m_r:76_c:61_sp:46,none,relative,1.0,0.01,10.0,p_inst:0,1.0,0.0,1,61,0,p,m,gr,76,46,a
pname:p_inst:0_ptype:gr_usecol:a_pstyle:m_r:72_c:45_sp:46,none,relative,1.0,0.01,10.0,p_inst:0,1.0,0.0,1,45,0,p,m,gr,72,46,a
pname:p_inst:0_ptype:gr_usecol:a_pstyle:m_r:37_c:35_sp:46,none,relative,1.0,0.01,10.0,p_inst:0,1.0,0.0,1,35,0,p,m,gr,37,46,a
pname:p_inst:0_ptype:gr_usecol:a_pstyle:m_r:34_c:60_sp:46,none,relative,1.0,0.01,10.0,p_inst:0,1.0,0.0,1,60,0,p,m,gr,34,46,a
pname:p_inst:0_ptype:gr_usecol:a_pstyle:m_r:66_c:39_sp:46,none,relative,1.0,0.01,10.0,p_inst:0,1.0,0.0,1,39,0,p,m,gr,66,46,a
pname:p_inst:0_ptype:gr_usecol:a_pstyle:m_r:58_c:52_sp:46,none,relative,1.0,0.01,10.0,p_inst:0,1.0,0.0,1,52,0,p,m,gr,58,46,a
pname:p_inst:0_ptype:gr_usecol:a_pstyle:m_r:54_c:31_sp:46,none,relative,1.0,0.01,10.0,p_inst:0,1.0,0.0,1,31,0,p,m,gr,54,46,a
pname:p_inst:0_ptype:gr_usecol:a_pstyle:m_r:34_c:54_sp:46,none,relative,1.0,0.01,10.0,p_inst:0,1.0,0.0,1,54,0,p,m,gr,34,46,a
pname:p_inst:0_ptype:gr_usecol:a_pstyle:m_r:55_c:37_sp:46,none,relative,1.0,0.01,10.0,p_inst:0,1.0,0.0,1,37,0,p,m,gr,55,46,a
pname:p_inst:0_ptype:gr_usecol:a_pstyle:m_r:77_c:52_sp:46,none,relative,1.0,0.01,10.0,p_inst:0,1.0,0.0,1,52,0,p,m,gr,77,46,a
pname:p_inst:0_ptype:gr_usecol:a_pstyle:m_r:35_c:37_sp:46,none,relative,1.0,0.01,10.0,p_inst:0,1.0,0.0,1,37,0,p,m,gr,35,46,a
pname:p_inst:0_ptype:gr_usecol:a_pstyle:m_r:71_c:31_sp:46,none,relative,1.0,0.01,10.0,p_inst:0,1.0,0.0,1,31,0,p,m,gr,71,46,a
pname:p_inst:0_ptype:gr_usecol:a_pstyle:m_r:73_c:59_sp:46,none,relative,1.0,0.01,10.0,p_inst:0,1.0,0.0,1,59,0,p,m,gr,73,46,a
pname:p_inst:0_ptype:gr_usecol:a_pstyle:m_r:54_c:41_sp:46,none,relative,1.0,0.01,10.0,p_inst:0,1.0,0.0,1,41,0,p,m,gr,54,46,a
pname:p_inst:0_ptype:gr_usecol:a_pstyle:m_r:68_c:55_sp:46,none,relative,1.0,0.01,10.0,p_inst:0,1.0,0.0,1,55,0,p,m,gr,68,46,a
pname:p_inst:0_ptype:gr_usecol:a_pstyle:m_r:59_c:40_sp:46,none,relative,1.0,0.01,10.0,p_inst:0,1.0,0.0,1,40,0,p,m,gr,59,46,a
pname:p_inst:0_ptype:gr_usecol:a_pstyle:m_r:72_c:58_sp:47,none,relative,1.0,0.01,10.0,p_inst:0,1.0,0.0,1,58,0,p,m,gr,72,47,a
pname:p_inst:0_ptype:gr_usecol:a_pstyle:m_r:70_c:32_sp:47,none,relative,1.0,0.01,10.0,p_inst:0,1.0,0.0,1,32,0,p,m,gr,70,47,a
pname:p_inst:0_ptype:gr_usecol:a_pstyle:m_r:41_c:36_sp:47,none,relative,1.0,0.01,10.0,p_inst:0,1.0,0.0,1,36,0,p,m,gr,41,47,a
pname:p_inst:0_ptype:gr_usecol:a_pstyle:m_r:84_c:42_sp:47,none,relative,1.0,0.01,10.0,p_inst:0,1.0,0.0,1,42,0,p,m,gr,84,47,a
pname:p_inst:0_ptype:gr_usecol:a_pstyle:m_r:76_c:61_sp:47,none,relative,1.0,0.01,10.0,p_inst:0,1.0,0.0,1,61,0,p,m,gr,76,47,a
pname:p_inst:0_ptype:gr_usecol:a_pstyle:m_r:72_c:45_sp:47,none,relative,1.0,0.01,10.0,p_inst:0,1.0,0.0,1,45,0,p,m,gr,72,47,a
pname:p_inst:0_ptype:gr_usecol:a_pstyle:m_r:37_c:35_sp:47,none,relative,1.0,0.01,10.0,p_inst:0,1.0,0.0,1,35,0,p,m,gr,37,47,a
pname:p_inst:0_ptype:gr_usecol:a_pstyle:m_r:34_c:60_sp:47,none,relative,1.0,0.01,10.0,p_inst:0,1.0,0.0,1,60,0,p,m,gr,34,47,a
pname:p_inst:0_ptype:gr_usecol:a_pstyle:m_r:66_c:39_sp:47,none,relative,1.0,0.01,10.0,p_inst:0,1.0,0.0,1,39,0,p,m,gr,66,47,a
pname:p_inst:0_ptype:gr_usecol:a_pstyle:m_r:58_c:52_sp:47,none,relative,1.0,0.01,10.0,p_inst:0,1.0,0.0,1,52,0,p,m,gr,58,47,a
pname:p_inst:0_ptype:gr_usecol:a_pstyle:m_r:54_c:31_sp:47,none,relative,1.0,0.01,10.0,p_inst:0,1.0,0.0,1,31,0,p,m,gr,54,47,a
pname:p_inst:0_ptype:gr_usecol:a_pstyle:m_r:34_c:54_sp:47,none,relative,1.0,0.01,10.0,p_inst:0,1.0,0.0,1,54,0,p,m,gr,34,47,a
pname:p_inst:0_ptype:gr_usecol:a_pstyle:m_r:55_c:37_sp:47,none,relative,1.0,0.01,10.0,p_inst:0,1.0,0.0,1,37,0,p,m,gr,55,47,a
pname:p_inst:0_ptype:gr_usecol:a_pstyle:m_r:77_c:52_sp:47,none,relative,1.0,0.01,10.0,p_inst:0,1.0,0.0,1,52,0,p,m,gr,77,47,a
pname:p_inst:0_ptype:gr_usecol:a_pstyle:m_r:35_c:37_sp:47,none,relative,1.0,0.01,10.0,p_inst:0,1.0,0.0,1,37,0,p,m,gr,35,47,a
pname:p_inst:0_ptype:gr_usecol:a_pstyle:m_r:71_c:31_sp:47,none,relative,1.0,0.01,10.0,p_inst:0,1.0,0.0,1,31,0,p,m,gr,71,47,a
pname:p_inst:0_ptype:gr_usecol:a_pstyle:m_r:73_c:59_sp:47,none,relative,1.0,0.01,10.0,p_inst:0,1.0,0.0,1,59,0,p,m,gr,73,47,a
pname:p_inst:0_ptype:gr_usecol:a_pstyle:m_r:54_c:41_sp:47,none,relative,1.0,0.01,10.0,p_inst:0,1.0,0.0,1,41,0,p,m,gr,54,47,a
pname:p_inst:0_ptype:gr_usecol:a_pstyle:m_r:68_c:55_sp:47,none,relative,1.0,0.01,10.0,p_inst:0,1.0,0.0,1,55,0,p,m,gr,68,47,a
pname:p_inst:0_ptype:gr_usecol:a_pstyle:m_r:59_c:40_sp:47,none,relative,1.0,0.01,10.0,p_inst:0,1.0,0.0,1,40,0,p,m,gr,59,47,a
pname:p_inst:0_ptype:gr_usecol:a_pstyle:m_r:72_c:58_sp:48,none,relative,1.0,0.01,10.0,p_inst:0,1.0,0.0,1,58,0,p,m,gr,72,48,a
pname:p_inst:0_ptype:gr_usecol:a_pstyle:m_r:70_c:32_sp:48,none,relative,1.0,0.01,10.0,p_inst:0,1.0,0.0,1,32,0,p,m,gr,70,48,a
pname:p_inst:0_ptype:gr_usecol:a_pstyle:m_r:41_c:36_sp:48,none,relative,1.0,0.01,10.0,p_inst:0,1.0,0.0,1,36,0,p,m,gr,41,48,a
pname:p_inst:0_ptype:gr_usecol:a_pstyle:m_r:84_c:42_sp:48,none,relative,1.0,0.01,10.0,p_inst:0,1.0,0.0,1,42,0,p,m,gr,84,48,a
pname:p_inst:0_ptype:gr_usecol:a_pstyle:m_r:76_c:61_sp:48,none,relative,1.0,0.01,10.0,p_inst:0,1.0,0.0,1,61,0,p,m,gr,76,48,a
pname:p_inst:0_ptype:gr_usecol:a_pstyle:m_r:72_c:45_sp:48,none,relative,1.0,0.01,10.0,p_inst:0,1.0,0.0,1,45,0,p,m,gr,72,48,a
pname:p_inst:0_ptype:gr_usecol:a_pstyle:m_r:37_c:35_sp:48,none,relative,1.0,0.01,10.0,p_inst:0,1.0,0.0,1,35,0,p,m,gr,37,48,a
pname:p_inst:0_ptype:gr_usecol:a_pstyle:m_r:34_c:60_sp:48,none,relative,1.0,0.01,10.0,p_inst:0,1.0,0.0,1,60,0,p,m,gr,34,48,a
pname:p_inst:0_ptype:gr_usecol:a_pstyle:m_r:66_c:39_sp:48,none,relative,1.0,0.01,10.0,p_inst:0,1.0,0.0,1,39,0,p,m,gr,66,48,a
pname:p_inst:0_ptype:gr_usecol:a_pstyle:m_r:58_c:52_sp:48,none,relative,1.0,0.01,10.0,p_inst:0,1.0,0.0,1,52,0,p,m,gr,58,48,a
pname:p_inst:0_ptype:gr_usecol:a_pstyle:m_r:54_c:31_sp:48,none,relative,1.0,0.01,10.0,p_inst:0,1.0,0.0,1,31,0,p,m,gr,54,48,a
pname:p_inst:0_ptype:gr_usecol:a_pstyle:m_r:34_c:54_sp:48,none,relative,1.0,0.01,10.0,p_inst:0,1.0,0.0,1,54,0,p,m,gr,34,48,a
pname:p_inst:0_ptype:gr_usecol:a_pstyle:m_r:55_c:37_sp:48,none,relative,1.0,0.01,10.0,p_inst:0,1.0,0.0,1,37,0,p,m,gr,55,48,a
pname:p_inst:0_ptype:gr_usecol:a_pstyle:m_r:77_c:52_sp:48,none,relative,1.0,0.01,10.0,p_inst:0,1.0,0.0,1,52,0,p,m,gr,77,48,a
pname:p_inst:0_ptype:gr_usecol:a_pstyle:m_r:35_c:37_sp:48,none,relative,1.0,0.01,10.0,p_inst:0,1.0,0.0,1,37,0,p,m,gr,35,48,a
pname:p_inst:0_ptype:gr_usecol:a_pstyle:m_r:71_c:31_sp:48,none,relative,1.0,0.01,10.0,p_inst:0,1.0,0.0,1,31,0,p,m,gr,71,48,a
pname:p_inst:0_ptype:gr_usecol:a_pstyle:m_r:73_c:59_sp:48,none,relative,1.0,0.01,10.0,p_inst:0,1.0,0.0,1,59,0,p,m,gr,73,48,a
pname:p_inst:0_ptype:gr_usecol:a_pstyle:m_r:54_c:41_sp:48,none,relative,1.0,0.01,10.0,p_inst:0,1.0,0.0,1,41,0,p,m,gr,54,48,a
pname:p_inst:0_ptype:gr_usecol:a_pstyle:m_r:68_c:55_sp:48,none,relative,1.0,0.01,10.0,p_inst:0,1.0,0.0,1,55,0,p,m,gr,68,48,a
pname:p_inst:0_ptype:gr_usecol:a_pstyle:m_r:59_c:40_sp:48,none,relative,1.0,0.01,10.0,p_inst:0,1.0,0.0,1,40,0,p,m,gr,59,48,a
pname:p_inst:0_ptype:gr_usecol:a_pstyle:m_r:72_c:58_sp:49,none,relative,1.0,0.01,10.0,p_inst:0,1.0,0.0,1,58,0,p,m,gr,72,49,a
pname:p_inst:0_ptype:gr_usecol:a_pstyle:m_r:70_c:32_sp:49,none,relative,1.0,0.01,10.0,p_inst:0,1.0,0.0,1,32,0,p,m,gr,70,49,a
pname:p_inst:0_ptype:gr_usecol:a_pstyle:m_r:41_c:36_sp:49,none,relative,1.0,0.01,10.0,p_inst:0,1.0,0.0,1,36,0,p,m,gr,41,49,a
pname:p_inst:0_ptype:gr_usecol:a_pstyle:m_r:84_c:42_sp:49,none,relative,1.0,0.01,10.0,p_inst:0,1.0,0.0,1,42,0,p,m,gr,84,49,a
pname:p_inst:0_ptype:gr_usecol:a_pstyle:m_r:76_c:61_sp:49,none,relative,1.0,0.01,10.0,p_inst:0,1.0,0.0,1,61,0,p,m,gr,76,49,a
pname:p_inst:0_ptype:gr_usecol:a_pstyle:m_r:72_c:45_sp:49,none,relative,1.0,0.01,10.0,p_inst:0,1.0,0.0,1,45,0,p,m,gr,72,49,a
pname:p_inst:0_ptype:gr_usecol:a_pstyle:m_r:37_c:35_sp:49,none,relative,1.0,0.01,10.0,p_inst:0,1.0,0.0,1,35,0,p,m,gr,37,49,a
pname:p_inst:0_ptype:gr_usecol:a_pstyle:m_r:34_c:60_sp:49,none,relative,1.0,0.01,10.0,p_inst:0,1.0,0.0,1,60,0,p,m,gr,34,49,a
pname:p_inst:0_ptype:gr_usecol:a_pstyle:m_r:66_c:39_sp:49,none,relative,1.0,0.01,10.0,p_inst:0,1.0,0.0,1,39,0,p,m,gr,66,49,a
pname:p_inst:0_ptype:gr_usecol:a_pstyle:m_r:58_c:52_sp:49,none,relative,1.0,0.01,10.0,p_inst:0,1.0,0.0,1,52,0,p,m,gr,58,49,a
pname:p_inst:0_ptype:gr_usecol:a_pstyle:m_r:54_c:31_sp:49,none,relative,1.0,0.01,10.0,p_inst:0,1.0,0.0,1,31,0,p,m,gr,54,49,a
pname:p_inst:0_ptype:gr_usecol:a_pstyle:m_r:34_c:54_sp:49,none,relative,1.0,0.01,10.0,p_inst:0,1.0,0.0,1,54,0,p,m,gr,34,49,a
pname:p_inst:0_ptype:gr_usecol:a_pstyle:m_r:55_c:37_sp:49,none,relative,1.0,0.01,10.0,p_inst:0,1.0,0.0,1,37,0,p,m,gr,55,49,a
pname:p_inst:0_ptype:gr_usecol:a_pstyle:m_r:77_c:52_sp:49,none,relative,1.0,0.01,10.0,p_inst:0,1.0,0.0,1,52,0,p,m,gr,77,49,a
pname:p_inst:0_ptype:gr_usecol:a_pstyle:m_r:35_c:37_sp:49,none,relative,1.0,0.01,10.0,p_inst:0,1.0,0.0,1,37,0,p,m,gr,35,49,a
pname:p_inst:0_ptype:gr_usecol:a_pstyle:m_r:71_c:31_sp:49,none,relative,1.0,0.01,10.0,p_inst:0,1.0,0.0,1,31,0,p,m,gr,71,49,a
pname:p_inst:0_ptype:gr_usecol:a_pstyle:m_r:73_c:59_sp:49,none,relative,1.0,0.01,10.0,p_inst:0,1.0,0.0,1,59,0,p,m,gr,73,49,a
pname:p_inst:0_ptype:gr_usecol:a_pstyle:m_r:54_c:41_sp:49,none,relative,1.0,0.01,10.0,p_inst:0,1.0,0.0,1,41,0,p,m,gr,54,49,a
pname:p_inst:0_ptype:gr_usecol:a_pstyle:m_r:68_c:55_sp:49,none,relative,1.0,0.01,10.0,p_inst:0,1.0,0.0,1,55,0,p,m,gr,68,49,a
pname:p_inst:0_ptype:gr_usecol:a_pstyle:m_r:59_c:40_sp:49,none,relative,1.0,0.01,10.0,p_inst:0,1.0,0.0,1,40,0,p,m,gr,59,49,a
pname:p_inst:0_ptype:gr_usecol:a_pstyle:m_r:72_c:58_sp:50,none,relative,1.0,0.01,10.0,p_inst:0,1.0,0.0,1,58,0,p,m,gr,72,50,a
pname:p_inst:0_ptype:gr_usecol:a_pstyle:m_r:70_c:32_sp:50,none,relative,1.0,0.01,10.0,p_inst:0,1.0,0.0,1,32,0,p,m,gr,70,50,a
pname:p_inst:0_ptype:gr_usecol:a_pstyle:m_r:41_c:36_sp:50,none,relative,1.0,0.01,10.0,p_inst:0,1.0,0.0,1,36,0,p,m,gr,41,50,a
pname:p_inst:0_ptype:gr_usecol:a_pstyle:m_r:84_c:42_sp:50,none,relative,1.0,0.01,10.0,p_inst:0,1.0,0.0,1,42,0,p,m,gr,84,50,a
pname:p_inst:0_ptype:gr_usecol:a_pstyle:m_r:76_c:61_sp:50,none,relative,1.0,0.01,10.0,p_inst:0,1.0,0.0,1,61,0,p,m,gr,76,50,a
pname:p_inst:0_ptype:gr_usecol:a_pstyle:m_r:72_c:45_sp:50,none,relative,1.0,0.01,10.0,p_inst:0,1.0,0.0,1,45,0,p,m,gr,72,50,a
pname:p_inst:0_ptype:gr_usecol:a_pstyle:m_r:37_c:35_sp:50,none,relative,1.0,0.01,10.0,p_inst:0,1.0,0.0,1,35,0,p,m,gr,37,50,a
pname:p_inst:0_ptype:gr_usecol:a_pstyle:m_r:34_c:60_sp:50,none,relative,1.0,0.01,10.0,p_inst:0,1.0,0.0,1,60,0,p,m,gr,34,50,a
pname:p_inst:0_ptype:gr_usecol:a_pstyle:m_r:66_c:39_sp:50,none,relative,1.0,0.01,10.0,p_inst:0,1.0,0.0,1,39,0,p,m,gr,66,50,a
pname:p_inst:0_ptype:gr_usecol:a_pstyle:m_r:58_c:52_sp:50,none,relative,1.0,0.01,10.0,p_inst:0,1.0,0.0,1,52,0,p,m,gr,58,50,a
pname:p_inst:0_ptype:gr_usecol:a_pstyle:m_r:54_c:31_sp:50,none,relative,1.0,0.01,10.0,p_inst:0,1.0,0.0,1,31,0,p,m,gr,54,50,a
pname:p_inst:0_ptype:gr_usecol:a_pstyle:m_r:34_c:54_sp:50,none,relative,1.0,0.01,10.0,p_inst:0,1.0,0.0,1,54,0,p,m,gr,34,50,a
pname:p_inst:0_ptype:gr_usecol:a_pstyle:m_r:55_c:37_sp:50,none,relative,1.0,0.01,10.0,p_inst:0,1.0,0.0,1,37,0,p,m,gr,55,50,a
pname:p_inst:0_ptype:gr_usecol:a_pstyle:m_r:77_c:52_sp:50,none,relative,1.0,0.01,10.0,p_inst:0,1.0,0.0,1,52,0,p,m,gr,77,50,a
pname:p_inst:0_ptype:gr_usecol:a_pstyle:m_r:35_c:37_sp:50,none,relative,1.0,0.01,10.0,p_inst:0,1.0,0.0,1,37,0,p,m,gr,35,50,a
pname:p_inst:0_ptype:gr_usecol:a_pstyle:m_r:71_c:31_sp:50,none,relative,1.0,0.01,10.0,p_inst:0,1.0,0.0,1,31,0,p,m,gr,71,50,a
pname:p_inst:0_ptype:gr_usecol:a_pstyle:m_r:73_c:59_sp:50,none,relative,1.0,0.01,10.0,p_inst:0,1.0,0.0,1,59,0,p,m,gr,73,50,a
pname:p_inst:0_ptype:gr_usecol:a_pstyle:m_r:54_c:41_sp:50,none,relative,1.0,0.01,10.0,p_inst:0,1.0,0.0,1,41,0,p,m,gr,54,50,a
pname:p_inst:0_ptype:gr_usecol:a_pstyle:m_r:68_c:55_sp:50,none,relative,1.0,0.01,10.0,p_inst:0,1.0,0.0,1,55,0,p,m,gr,68,50,a
pname:p_inst:0_ptype:gr_usecol:a_pstyle:m_r:59_c:40_sp:50,none,relative,1.0,0.01,10.0,p_inst:0,1.0,0.0,1,40,0,p,m,gr,59,50,a
pname:p_inst:0_ptype:gr_usecol:a_pstyle:m_r:72_c:58_sp:51,none,relative,1.0,0.01,10.0,p_inst:0,1.0,0.0,1,58,0,p,m,gr,72,51,a
pname:p_inst:0_ptype:gr_usecol:a_pstyle:m_r:70_c:32_sp:51,none,relative,1.0,0.01,10.0,p_inst:0,1.0,0.0,1,32,0,p,m,gr,70,51,a
pname:p_inst:0_ptype:gr_usecol:a_pstyle:m_r:41_c:36_sp:51,none,relative,1.0,0.01,10.0,p_inst:0,1.0,0.0,1,36,0,p,m,gr,41,51,a
pname:p_inst:0_ptype:gr_usecol:a_pstyle:m_r:84_c:42_sp:51,none,relative,1.0,0.01,10.0,p_inst:0,1.0,0.0,1,42,0,p,m,gr,84,51,a
pname:p_inst:0_ptype:gr_usecol:a_pstyle:m_r:76_c:61_sp:51,none,relative,1.0,0.01,10.0,p_inst:0,1.0,0.0,1,61,0,p,m,gr,76,51,a
pname:p_inst:0_ptype:gr_usecol:a_pstyle:m_r:72_c:45_sp:51,none,relative,1.0,0.01,10.0,p_inst:0,1.0,0.0,1,45,0,p,m,gr,72,51,a
pname:p_inst:0_ptype:gr_usecol:a_pstyle:m_r:37_c:35_sp:51,none,relative,1.0,0.01,10.0,p_inst:0,1.0,0.0,1,35,0,p,m,gr,37,51,a
pname:p_inst:0_ptype:gr_usecol:a_pstyle:m_r:34_c:60_sp:51,none,relative,1.0,0.01,10.0,p_inst:0,1.0,0.0,1,60,0,p,m,gr,34,51,a
pname:p_inst:0_ptype:gr_usecol:a_pstyle:m_r:66_c:39_sp:51,none,relative,1.0,0.01,10.0,p_inst:0,1.0,0.0,1,39,0,p,m,gr,66,51,a
pname:p_inst:0_ptype:gr_usecol:a_pstyle:m_r:58_c:52_sp:51,none,relative,1.0,0.01,10.0,p_inst:0,1.0,0.0,1,52,0,p,m,gr,58,51,a
pname:p_inst:0_ptype:gr_usecol:a_pstyle:m_r:54_c:31_sp:51,none,relative,1.0,0.01,10.0,p_inst:0,1.0,0.0,1,31,0,p,m,gr,54,51,a
pname:p_inst:0_ptype:gr_usecol:a_pstyle:m_r:34_c:54_sp:51,none,relative,1.0,0.01,10.0,p_inst:0,1.0,0.0,1,54,0,p,m,gr,34,51,a
pname:p_inst:0_ptype:gr_usecol:a_pstyle:m_r:55_c:37_sp:51,none,relative,1.0,0.01,10.0,p_inst:0,1.0,0.0,1,37,0,p,m,gr,55,51,a
pname:p_inst:0_ptype:gr_usecol:a_pstyle:m_r:77_c:52_sp:51,none,relative,1.0,0.01,10.0,p_inst:0,1.0,0.0,1,52,0,p,m,gr,77,51,a
pname:p_inst:0_ptype:gr_usecol:a_pstyle:m_r:35_c:37_sp:51,none,relative,1.0,0.01,10.0,p_inst:0,1.0,0.0,1,37,0,p,m,gr,35,51,a
pname:p_inst:0_ptype:gr_usecol:a_pstyle:m_r:71_c:31_sp:51,none,relative,1.0,0.01,10.0,p_inst:0,1.0,0.0,1,31,0,p,m,gr,71,51,a
pname:p_inst:0_ptype:gr_usecol:a_pstyle:m_r:73_c:59_sp:51,none,relative,1.0,0.01,10.0,p_inst:0,1.0,0.0,1,59,0,p,m,gr,73,51,a
pname:p_inst:0_ptype:gr_usecol:a_pstyle:m_r:54_c:41_sp:51,none,relative,1.0,0.01,10.0,p_inst:0,1.0,0.0,1,41,0,p,m,gr,54,51,a
pname:p_inst:0_ptype:gr_usecol:a_pstyle:m_r:68_c:55_sp:51,none,relative,1.0,0.01,10.0,p_inst:0,1.0,0.0,1,55,0,p,m,gr,68,51,a
pname:p_inst:0_ptype:gr_usecol:a_pstyle:m_r:59_c:40_sp:51,none,relative,1.0,0.01,10.0,p_inst:0,1.0,0.0,1,40,0,p,m,gr,59,51,a
