obsnme,obsval,weight,obsgp
h_p0_cp0,7.081825970089994e-08,1.0,head
h_p0_cp1,2.262941052322276e-06,1.0,head
h_p0_cp2,2.4914470486692153e-07,1.0,head
h_p0_cp3,7.463321708200965e-06,1.0,head
h_p0_cp4,8.536317182006314e-07,1.0,head
h_p0_cp5,2.3849344415793894e-05,1.0,head
h_p0_cp6,2.8917061172251124e-06,1.0,head
h_p0_cp7,7.326962349907262e-05,1.0,head
h_p0_cp8,9.544154181639897e-06,1.0,head
h_p0_cp9,0.00021384584988481947,1.0,head
h_p0_cp10,3.0546170364686986e-05,1.0,head
h_p0_cp11,0.0005833107097714674,1.0,head
h_p0_cp12,9.392550146003487e-05,1.0,head
h_p0_cp13,0.001451225914479437,1.0,head
h_p0_cp14,0.00027433024069978273,1.0,head
h_p0_cp15,0.0031698139241598255,1.0,head
h_p0_cp16,0.0007486676163352968,1.0,head
h_p0_cp17,0.005698492701867508,1.0,head
h_p0_cp18,0.0018632404380696244,1.0,head
h_p0_cp19,0.0074779616015803185,1.0,head
h_p0_cp20,0.0040706111076360685,1.0,head
h_p0_cp21,0.005698146233498846,1.0,head
h_p0_cp22,0.007318794817365415,1.0,head
h_p0_cp23,0.0031693050186731853,1.0,head
h_p0_cp24,0.009604865978417365,1.0,head
h_p0_cp25,0.0014507481246255338,1.0,head
h_p0_cp26,0.0073190289695048705,1.0,head
h_p0_cp27,0.000582956674406887,1.0,head
h_p0_cp28,0.004071433022090787,1.0,head
h_p0_cp29,0.00021362880806918838,1.0,head
h_p0_cp30,0.0018658286930985923,1.0,head
h_p0_cp31,7.314737877095467e-05,1.0,head
h_p0_cp32,0.0007564758425360196,1.0,head
h_p0_cp33,2.379028228460811e-05,1.0,head
h_p0_cp34,0.0002968411399706383,1.0,head
h_p0_cp35,7.432644906657515e-06,1.0,head
h_p0_cp36,0.00015525643038927228,1.0,head
h_p0_cp37,2.251284513477003e-06,1.0,head
h_p0_cp38,0.00018594519042380853,1.0,head
h_p0_cp39,6.633199518546462e-07,1.0,head
h_p0_cp40,0.0003674554138797248,1.0,head
h_p0_cp41,1.92940206034109e-07,1.0,head
h_p0_cp42,0.000727040949414004,1.0,head
h_p0_cp43,5.3850044423597865e-08,1.0,head
h_p0_cp44,0.0012215993135669123,1.0,head
h_p0_cp45,1.644139047130011e-08,1.0,head
h_p0_cp46,0.0015764950426273572,1.0,head
h_p0_cp47,3.786681190831587e-09,1.0,head
h_p0_cp48,0.0013946039184702386,1.0,head
h_p0_cp49,2.6145698939217255e-09,1.0,head
h_p0_cp50,0.0009326825390871818,1.0,head
h_p0_cp51,1.8667378753889352e-10,1.0,head
h_p0_cp52,0.0005124204162711976,1.0,head
h_p0_cp53,1.8640093912836164e-09,1.0,head
h_p0_cp54,0.00024435392469968065,1.0,head
h_p0_cp55,2.219167072325945e-10,1.0,head
h_p0_cp56,0.00010506567991797056,1.0,head
h_p0_cp57,2.1141204342711717e-09,1.0,head
h_p0_cp58,4.2083084053956554e-05,1.0,head
h_p0_cp59,5.300080374581739e-10,1.0,head
h_p0_cp60,1.638127037040249e-05,1.0,head
h_p0_cp61,2.4372184270760044e-09,1.0,head
h_p0_cp62,6.603546808037208e-06,1.0,head
h_p0_cp63,8.526512829121202e-10,1.0,head
h_p0_cp64,2.9183652259234805e-06,1.0,head
h_p0_cp65,2.7412170311436057e-09,1.0,head
h_p0_cp66,1.4054685379960574e-06,1.0,head
h_p0_cp67,1.0829808161361143e-09,1.0,head
h_p0_cp68,7.01088765708846e-07,1.0,head
h_p0_cp69,2.681645128177479e-09,1.0,head
h_p0_cp70,3.4031927498290315e-07,1.0,head
h_p0_cp71,-1.0618350643198937e-10,1.0,head
h_p0_cp72,1.554440132167656e-07,1.0,head
h_p0_cp73,-2.894239514716901e-09,1.0,head
h_p0_cp74,6.841219146735966e-08,1.0,head
h_p0_cp75,-1.296257323701866e-09,1.0,head
h_p0_cp76,2.6123871066374704e-08,1.0,head
h_p0_cp77,-2.95608515443746e-09,1.0,head
h_p0_cp78,1.047715159074869e-08,1.0,head
h_p0_cp79,-1.0684289009077474e-09,1.0,head
h_p0_cp80,1.7307684174738824e-09,1.0,head
h_p0_cp81,-2.654132913448848e-09,1.0,head
h_p0_cp82,8.533334039384499e-10,1.0,head
h_p0_cp83,-7.469225238310173e-10,1.0,head
h_p0_cp84,1.301564225286711e-07,1.0,head
h_p0_cp85,3.5777247830992565e-09,1.0,head
h_p0_cp86,2.1701544028474018e-07,1.0,head
h_p0_cp87,1.0472376743564382e-08,1.0,head
h_p0_cp88,3.214645403204486e-07,1.0,head
h_p0_cp89,2.699721335375216e-08,1.0,head
h_p0_cp90,4.13380803365726e-07,1.0,head
h_p0_cp91,6.406116881407797e-08,1.0,head
h_p0_cp92,4.512985469773412e-07,1.0,head
h_p0_cp93,1.4059014574741013e-07,1.0,head
h_p0_cp94,4.1338034861837514e-07,1.0,head
h_p0_cp95,2.8273757379793096e-07,1.0,head
h_p0_cp96,3.214640855730977e-07,1.0,head
h_p0_cp97,5.122224138176534e-07,1.0,head
h_p0_cp98,2.1701725927414373e-07,1.0,head
h_p0_cp99,8.159645403793547e-07,1.0,head
h_p0_cp100,1.3015869626542553e-07,1.0,head
h_p0_cp101,1.1076217560912482e-06,1.0,head
h_p0_cp102,7.081735020619817e-08,1.0,head
h_p0_cp103,1.2362586403469322e-06,1.0,head
h_p0_cp104,3.563900463632308e-08,1.0,head
h_p0_cp105,1.107486696128035e-06,1.0,head
h_p0_cp106,1.6955254977801815e-08,1.0,head
h_p0_cp107,8.157260253938148e-07,1.0,head
h_p0_cp108,7.877588359406218e-09,1.0,head
h_p0_cp109,5.119427441968583e-07,1.0,head
h_p0_cp110,3.848072083201259e-09,1.0,head
h_p0_cp111,2.825288447638741e-07,1.0,head
h_p0_cp112,2.3715074348729104e-09,1.0,head
h_p0_cp113,1.4071997611608822e-07,1.0,head
h_p0_cp114,2.380147634539753e-09,1.0,head
h_p0_cp115,6.536311047966592e-08,1.0,head
h_p0_cp116,3.798504621954635e-09,1.0,head
h_p0_cp117,3.237414603063371e-08,1.0,head
h_p0_cp118,7.430571713484824e-09,1.0,head
h_p0_cp119,3.0290721042547375e-08,1.0,head
h_p0_cp120,1.505623004049994e-08,1.0,head
h_p0_cp121,7.443986760335974e-08,1.0,head
h_p0_cp122,2.9453076422214508e-08,1.0,head
h_p0_cp123,2.4993482838908676e-07,1.0,head
h_p0_cp124,5.375204636948183e-08,1.0,head
h_p0_cp125,8.60468617247534e-07,1.0,head
h_p0_cp126,8.932647688197903e-08,1.0,head
h_p0_cp127,2.9131913379387697e-06,1.0,head
h_p0_cp128,1.3210546967457049e-07,1.0,head
h_p0_cp129,9.619083130019135e-06,1.0,head
h_p0_cp130,1.697521838650573e-07,1.0,head
h_p0_cp131,3.077651786043134e-05,1.0,head
h_p0_cp132,1.8528271539253183e-07,1.0,head
h_p0_cp133,9.462013622396626e-05,1.0,head
h_p0_cp134,1.697521838650573e-07,1.0,head
h_p0_cp135,0.00027632078490569256,1.0,head
h_p0_cp136,1.3210546967457049e-07,1.0,head
h_p0_cp137,0.0007540272456481034,1.0,head
h_p0_cp138,8.932693162932992e-08,1.0,head
h_p0_cp139,0.001876486054243287,1.0,head
h_p0_cp140,5.375204636948183e-08,1.0,head
h_p0_cp141,0.004099435268926754,1.0,head
h_p0_cp142,2.9446709959302098e-08,1.0,head
h_p0_cp143,0.007370518251946123,1.0,head
h_p0_cp144,1.503713065176271e-08,1.0,head
h_p0_cp145,0.009672645368027588,1.0,head
h_p0_cp146,7.37964001018554e-09,1.0,head
h_p0_cp147,0.0073704757105588214,1.0,head
h_p0_cp148,3.6466190067585558e-09,1.0,head
h_p0_cp149,0.004099366487253064,1.0,head
h_p0_cp150,1.952685124706477e-09,1.0,head
h_p0_cp151,0.0018764185233521857,1.0,head
h_p0_cp152,1.2314558262005448e-09,1.0,head
h_p0_cp153,0.000753998054733529,1.0,head
h_p0_cp154,9.44510247791186e-10,1.0,head
h_p0_cp155,0.000276403292446048,1.0,head
h_p0_cp156,8.417373464908451e-10,1.0,head
h_p0_cp157,9.503246269559895e-05,1.0,head
h_p0_cp158,8.280949259642512e-10,1.0,head
h_p0_cp159,3.222222790100204e-05,1.0,head
h_p0_cp160,8.99490260053426e-10,1.0,head
h_p0_cp161,1.4293232197815087e-05,1.0,head
h_p0_cp162,1.178705133497715e-09,1.0,head
h_p0_cp163,1.7310766224909457e-05,1.0,head
h_p0_cp164,2.103661245200783e-09,1.0,head
h_p0_cp165,4.2923306182274246e-05,1.0,head
h_p0_cp166,5.048150342190638e-09,1.0,head
h_p0_cp167,0.00011504633607728465,1.0,head
h_p0_cp168,1.416628947481513e-08,1.0,head
h_p0_cp169,0.00028577448779287806,1.0,head
h_p0_cp170,4.157163857598789e-08,1.0,head
h_p0_cp171,0.0006241952346499602,1.0,head
h_p0_cp172,1.2116333891754039e-07,1.0,head
h_p0_cp173,0.0011222468317555467,1.0,head
h_p0_cp174,3.430582182772923e-07,1.0,head
h_p0_cp175,0.0014727744887750305,1.0,head
h_p0_cp176,9.318055163021199e-07,1.0,head
h_p0_cp177,0.001122241775647126,1.0,head
h_p0_cp178,2.4014702830754686e-06,1.0,head
h_p0_cp179,0.000624175558641582,1.0,head
h_p0_cp180,5.798892289021751e-06,1.0,head
h_p0_cp181,0.0002857039294212882,1.0,head
h_p0_cp182,1.2908471035188995e-05,1.0,head
h_p0_cp183,0.00011479811905701354,1.0,head
h_p0_cp184,2.5913513582054293e-05,1.0,head
h_p0_cp185,4.206473863632709e-05,1.0,head
h_p0_cp186,4.550155927063315e-05,1.0,head
h_p0_cp187,1.4401525049834163e-05,1.0,head
h_p0_cp188,6.695120964650414e-05,1.0,head
h_p0_cp189,4.682677172240801e-06,1.0,head
h_p0_cp190,7.802360232744832e-05,1.0,head
h_p0_cp191,1.462528189222212e-06,1.0,head
h_p0_cp192,6.879967486383975e-05,1.0,head
h_p0_cp193,4.4220496420166455e-07,1.0,head
h_p0_cp194,5.008711968912394e-05,1.0,head
h_p0_cp195,1.299813447985798e-07,1.0,head
h_p0_cp196,3.4860672712966334e-05,1.0,head
h_p0_cp197,3.7047811929369345e-08,1.0,head
h_p0_cp198,2.7879783829121152e-05,1.0,head
h_p0_cp199,9.996483640861697e-09,1.0,head
h_p0_cp200,2.686855623323936e-05,1.0,head
h_p0_cp201,2.264187060063705e-09,1.0,head
h_p0_cp202,2.6296437681594398e-05,1.0,head
h_p0_cp203,8.662937034387141e-11,1.0,head
h_p0_cp204,2.2007510779076256e-05,1.0,head
h_p0_cp205,-5.188667273614556e-10,1.0,head
h_p0_cp206,1.5334165254898835e-05,1.0,head
h_p0_cp207,-6.857590051367879e-10,1.0,head
h_p0_cp208,9.125017641054e-06,1.0,head
h_p0_cp209,-7.312337402254343e-10,1.0,head
h_p0_cp210,4.7814592107897624e-06,1.0,head
h_p0_cp211,-7.435119186993688e-10,1.0,head
h_p1_cp0,6.008253876643721e-07,1.0,head
h_p1_cp1,2.2351676307152957e-05,1.0,head
h_p1_cp2,1.982296907954151e-06,1.0,head
h_p1_cp3,6.624857041970245e-05,1.0,head
h_p1_cp4,6.411210051737726e-06,1.0,head
h_p1_cp5,0.00019014668941963464,1.0,head
h_p1_cp6,2.0251703517715214e-05,1.0,head
h_p1_cp7,0.0005247944400252891,1.0,head
h_p1_cp8,6.212285506990156e-05,1.0,head
h_p1_cp9,0.00137874132815341,1.0,head
h_p1_cp10,0.0001838431712712918,1.0,head
h_p1_cp11,0.0033968459551942942,1.0,head
h_p1_cp12,0.0005202706565796689,1.0,head
h_p1_cp13,0.007670717415749095,1.0,head
h_p1_cp14,0.001391452864936582,1.0,head
h_p1_cp15,0.015311891139390355,1.0,head
h_p1_cp16,0.003459554508481233,1.0,head
h_p1_cp17,0.02544710618303725,1.0,head
h_p1_cp18,0.0078086274397719535,1.0,head
h_p1_cp19,0.03176063700766463,1.0,head
h_p1_cp20,0.015437598020525911,1.0,head
h_p1_cp21,0.025391719106664823,1.0,head
h_p1_cp22,0.02525428653916606,1.0,head
h_p1_cp23,0.01520796325576157,1.0,head
h_p1_cp24,0.0311213480040351,1.0,head
h_p1_cp25,0.007542568158442009,1.0,head
h_p1_cp26,0.025256346706100885,1.0,head
h_p1_cp27,0.003283919878413144,1.0,head
h_p1_cp28,0.015444491671587457,1.0,head
h_p1_cp29,0.0013011866867600475,1.0,head
h_p1_cp30,0.007829121545455564,1.0,head
h_p1_cp31,0.0004804057402907347,1.0,head
h_p1_cp32,0.0035176877354388125,1.0,head
h_p1_cp33,0.0001679751135270635,1.0,head
h_p1_cp34,0.0015485818107663363,1.0,head
h_p1_cp35,5.626967913485714e-05,1.0,head
h_p1_cp36,0.0009206264289787214,1.0,head
h_p1_cp37,1.8214385363535257e-05,1.0,head
h_p1_cp38,0.0011305721227472532,1.0,head
h_p1_cp39,5.733271791541483e-06,1.0,head
h_p1_cp40,0.0020947998602878215,1.0,head
h_p1_cp41,1.764258740877267e-06,1.0,head
h_p1_cp42,0.0038588956613239134,1.0,head
h_p1_cp43,5.322335709934123e-07,1.0,head
h_p1_cp44,0.006088028802196277,1.0,head
h_p1_cp45,1.587127371749375e-07,1.0,head
h_p1_cp46,0.007541958523916037,1.0,head
h_p1_cp47,4.6456307245534845e-08,1.0,head
h_p1_cp48,0.006766013083733924,1.0,head
h_p1_cp49,1.4308170648291707e-08,1.0,head
h_p1_cp50,0.004722792559505251,1.0,head
h_p1_cp51,4.2900865082629025e-09,1.0,head
h_p1_cp52,0.002744580514900008,1.0,head
h_p1_cp53,2.3080701794242486e-09,1.0,head
h_p1_cp54,0.0013926159615493816,1.0,head
h_p1_cp55,1.0784333426272497e-09,1.0,head
h_p1_cp56,0.0006385084218436532,1.0,head
h_p1_cp57,1.6302692529279739e-09,1.0,head
h_p1_cp58,0.00027253631492385466,1.0,head
h_p1_cp59,1.124817572417669e-09,1.0,head
h_p1_cp60,0.00011231055304961046,1.0,head
h_p1_cp61,1.879243427538313e-09,1.0,head
h_p1_cp62,4.705208493760438e-05,1.0,head
h_p1_cp63,1.4176748663885519e-09,1.0,head
h_p1_cp64,2.1062692894702195e-05,1.0,head
h_p1_cp65,2.136857801815495e-09,1.0,head
h_p1_cp66,1.0170545010623755e-05,1.0,head
h_p1_cp67,1.5165824152063578e-09,1.0,head
h_p1_cp68,5.109885705678607e-06,1.0,head
h_p1_cp69,1.7594175005797297e-09,1.0,head
h_p1_cp70,2.549821147113107e-06,1.0,head
h_p1_cp71,-6.116351869422942e-11,1.0,head
h_p1_cp72,1.2261687061254634e-06,1.0,head
h_p1_cp73,-1.8853825167752802e-09,1.0,head
h_p1_cp74,5.619726834993344e-07,1.0,head
h_p1_cp75,-1.6541434888495132e-09,1.0,head
h_p1_cp76,2.4368614504055586e-07,1.0,head
h_p1_cp77,-2.2905624064151198e-09,1.0,head
h_p1_cp78,1.0074199963128194e-07,1.0,head
h_p1_cp79,-1.5861587598919868e-09,1.0,head
h_p1_cp80,3.868944986606948e-08,1.0,head
h_p1_cp81,-2.05773176276125e-09,1.0,head
h_p1_cp82,1.4302941053756513e-08,1.0,head
h_p1_cp83,-1.2978489394299686e-09,1.0,head
h_p1_cp84,1.0636435945343692e-06,1.0,head
h_p1_cp85,3.8754478737246245e-08,1.0,head
h_p1_cp86,1.7100337572628632e-06,1.0,head
h_p1_cp87,9.740983841766138e-08,1.0,head
h_p1_cp88,2.453933575452538e-06,1.0,head
h_p1_cp89,2.3048778530210257e-07,1.0,head
h_p1_cp90,3.0845330911688507e-06,1.0,head
h_p1_cp91,5.12576662003994e-07,1.0,head
h_p1_cp92,3.338152055221144e-06,1.0,head
h_p1_cp93,1.0622454738040688e-06,1.0,head
h_p1_cp94,3.0845490073261317e-06,1.0,head
h_p1_cp95,2.024875129791326e-06,1.0,head
h_p1_cp96,2.453977685945574e-06,1.0,head
h_p1_cp97,3.4897489058494102e-06,1.0,head
h_p1_cp98,1.7101378944062162e-06,1.0,head
h_p1_cp99,5.320089258020744e-06,1.0,head
h_p1_cp100,1.0638736966939177e-06,1.0,head
h_p1_cp101,6.987670985836303e-06,1.0,head
h_p1_cp102,6.013101483404171e-07,1.0,head
h_p1_cp103,7.69328198657604e-06,1.0,head
h_p1_cp104,3.138752617815044e-07,1.0,head
h_p1_cp105,6.986283324295073e-06,1.0,head
h_p1_cp106,1.5412615539389662e-07,1.0,head
h_p1_cp107,5.317635213941685e-06,1.0,head
h_p1_cp108,7.357039066846482e-08,1.0,head
h_p1_cp109,3.4869010505644837e-06,1.0,head
h_p1_cp110,3.7164681998547167e-08,1.0,head
h_p1_cp111,2.022889930231031e-06,1.0,head
h_p1_cp112,2.425304046482779e-08,1.0,head
h_p1_cp113,1.064081061485922e-06,1.0,head
h_p1_cp114,2.5211647880496457e-08,1.0,head
h_p1_cp115,5.271663212624844e-07,1.0,head
h_p1_cp116,3.86653482564725e-08,1.0,head
h_p1_cp117,2.8760132408933714e-07,1.0,head
h_p1_cp118,7.064090823405422e-08,1.0,head
h_p1_cp119,2.974886683659861e-07,1.0,head
h_p1_cp120,1.347661964246072e-07,1.0,head
h_p1_cp121,7.167379862949019e-07,1.0,head
h_p1_cp122,2.510100785002578e-07,1.0,head
h_p1_cp123,2.266687943119905e-06,1.0,head
h_p1_cp124,4.3910767999477684e-07,1.0,head
h_p1_cp125,7.341089940382517e-06,1.0,head
h_p1_cp126,7.027601895970292e-07,1.0,head
h_p1_cp127,2.3351858544629067e-05,1.0,head
h_p1_cp128,1.0067224138765596e-06,1.0,head
h_p1_cp129,7.226877050925395e-05,1.0,head
h_p1_cp130,1.2645718925341498e-06,1.0,head
h_p1_cp131,0.00021608237466352875,1.0,head
h_p1_cp132,1.368212451779982e-06,1.0,head
h_p1_cp133,0.0006188491943248664,1.0,head
h_p1_cp134,1.2642199180845637e-06,1.0,head
h_p1_cp135,0.0016780423927684751,1.0,head
h_p1_cp136,1.0058870429929812e-06,1.0,head
h_p1_cp137,0.004238620383375746,1.0,head
h_p1_cp138,7.011817615421023e-07,1.0,head
h_p1_cp139,0.009740977417550312,1.0,head
h_p1_cp140,4.3643012759275734e-07,1.0,head
h_p1_cp141,0.019646743095108832,1.0,head
h_p1_cp142,2.4687278710189275e-07,1.0,head
h_p1_cp143,0.03280357287781044,1.0,head
h_p1_cp144,1.2895452528027818e-07,1.0,head
h_p1_cp145,0.041013510580569346,1.0,head
h_p1_cp146,6.317577572190203e-08,1.0,head
h_p1_cp147,0.03280320912631396,1.0,head
h_p1_cp148,2.9572674975497648e-08,1.0,head
h_p1_cp149,0.01964615237466205,1.0,head
h_p1_cp150,1.3618318916996941e-08,1.0,head
h_p1_cp151,0.009740391004925186,1.0,head
h_p1_cp152,6.511982064694166e-09,1.0,head
h_p1_cp153,0.004238354815015555,1.0,head
h_p1_cp154,3.5406628740020096e-09,1.0,head
h_p1_cp155,0.0016787028330327303,1.0,head
h_p1_cp156,2.4301698431372643e-09,1.0,head
h_p1_cp157,0.00062209967995841,1.0,head
h_p1_cp158,2.2655513021163642e-09,1.0,head
h_p1_cp159,0.00022689509478368564,1.0,head
h_p1_cp160,3.0513547244481742e-09,1.0,head
h_p1_cp161,0.00010504593024052156,1.0,head
h_p1_cp162,6.0390448197722435e-09,1.0,head
h_p1_cp163,0.00011748098381758609,1.0,head
h_p1_cp164,1.5507339412579313e-08,1.0,head
h_p1_cp165,0.0002627400210712949,1.0,head
h_p1_cp166,4.4261469156481326e-08,1.0,head
h_p1_cp167,0.0006475187119576731,1.0,head
h_p1_cp168,1.290482032345608e-07,1.0,head
h_p1_cp169,0.0014837297928806947,1.0,head
h_p1_cp170,3.715117600222584e-07,1.0,head
h_p1_cp171,0.0029915256336607854,1.0,head
h_p1_cp172,1.0411977200419642e-06,1.0,head
h_p1_cp173,0.004994691860702005,1.0,head
h_p1_cp174,2.817616859829286e-06,1.0,head
h_p1_cp175,0.006244744972946137,1.0,head
h_p1_cp176,7.3113142207148485e-06,1.0,head
h_p1_cp177,0.004994638462221701,1.0,head
h_p1_cp178,1.8058449768432183e-05,1.0,head
h_p1_cp179,0.002991327479321626,1.0,head
h_p1_cp180,4.21080276282737e-05,1.0,head
h_p1_cp181,0.001483055751577922,1.0,head
h_p1_cp182,9.186859733745223e-05,1.0,head
h_p1_cp183,0.0006452761545006069,1.0,head
h_p1_cp184,0.0001859377630353265,1.0,head
h_p1_cp185,0.00025542600428707374,1.0,head
h_p1_cp186,0.0003472648813840351,1.0,head
h_p1_cp187,9.417784008292074e-05,1.0,head
h_p1_cp188,0.0006005411978549091,1.0,head
h_p1_cp189,3.287183471911703e-05,1.0,head
h_p1_cp190,0.0009780577593119233,1.0,head
h_p1_cp191,1.0987454970745603e-05,1.0,head
h_p1_cp192,0.0015260434047377203,1.0,head
h_p1_cp193,3.5466237022774294e-06,1.0,head
h_p1_cp194,0.002206857523560757,1.0,head
h_p1_cp195,1.1122449450340355e-06,1.0,head
h_p1_cp196,0.002599098590962967,1.0,head
h_p1_cp197,3.401228241273202e-07,1.0,head
h_p1_cp198,0.0021078990612295456,1.0,head
h_p1_cp199,1.0135795491805766e-07,1.0,head
h_p1_cp200,0.0013435235982797167,1.0,head
h_p1_cp201,2.905790097429417e-08,1.0,head
h_p1_cp202,0.0007557640983577585,1.0,head
h_p1_cp203,7.546532287960872e-09,1.0,head
h_p1_cp204,0.0004018777221972414,1.0,head
h_p1_cp205,1.2400960258673877e-09,1.0,head
h_p1_cp206,0.000207059186323022,1.0,head
h_p1_cp207,-5.854872142663226e-10,1.0,head
h_p1_cp208,0.00010314111023035366,1.0,head
h_p1_cp209,-1.108219294110313e-09,1.0,head
h_p1_cp210,4.920956462228787e-05,1.0,head
h_p1_cp211,-1.2562395568238571e-09,1.0,head
h_p2_cp0,2.8252143238205463e-06,1.0,head
h_p2_cp1,0.0001057626900546893,1.0,head
h_p2_cp2,8.823324151308043e-06,1.0,head
h_p2_cp3,0.000288319407900417,1.0,head
h_p2_cp4,2.694624299692805e-05,1.0,head
h_p2_cp5,0.0007589355609525228,1.0,head
h_p2_cp6,8.013999695322127e-05,1.0,head
h_p2_cp7,0.0019167656710123993,1.0,head
h_p2_cp8,0.00023089844034984708,1.0,head
h_p2_cp9,0.004602320892900025,1.0,head
h_p2_cp10,0.0006402615413207968,1.0,head
h_p2_cp11,0.010361297539930092,1.0,head
h_p2_cp12,0.0016940907280513784,1.0,head
h_p2_cp13,0.021407655645361956,1.0,head
h_p2_cp14,0.004228652115216391,1.0,head
h_p2_cp15,0.039246006387202215,1.0,head
h_p2_cp16,0.009803078011373145,1.0,head
h_p2_cp17,0.0605128243719264,1.0,head
h_p2_cp18,0.02064431355893248,1.0,head
h_p2_cp19,0.07219783208165609,1.0,head
h_p2_cp20,0.038224466282372305,1.0,head
h_p2_cp21,0.06023530512857178,1.0,head
h_p2_cp22,0.059181358250498306,1.0,head
h_p2_cp23,0.03873455430357353,1.0,head
h_p2_cp24,0.07081987746641971,1.0,head
h_p2_cp25,0.020781676421393058,1.0,head
h_p2_cp26,0.05919112232822954,1.0,head
h_p2_cp27,0.009792561486847262,1.0,head
h_p2_cp28,0.0382557544185147,1.0,head
h_p2_cp29,0.0041909712190317805,1.0,head
h_p2_cp30,0.02073254629249277,1.0,head
h_p2_cp31,0.0016665499215378077,1.0,head
h_p2_cp32,0.010039668924491707,1.0,head
h_p2_cp33,0.0006256967808440095,1.0,head
h_p2_cp34,0.004831954802284599,1.0,head
h_p2_cp35,0.0002243902786176477,1.0,head
h_p2_cp36,0.003142137346912932,1.0,head
h_p2_cp37,7.753659656373202e-05,1.0,head
h_p2_cp38,0.003863166771225224,1.0,head
h_p2_cp39,2.5985784304793924e-05,1.0,head
h_p2_cp40,0.0067463553705238155,1.0,head
h_p2_cp41,8.490423851981177e-06,1.0,head
h_p2_cp42,0.011700100394364199,1.0,head
h_p2_cp43,2.715278924370068e-06,1.0,head
h_p2_cp44,0.017562650361469423,1.0,head
h_p2_cp45,8.530892046110239e-07,1.0,head
h_p2_cp46,0.021156525204105492,1.0,head
h_p2_cp47,2.639822014316451e-07,1.0,head
h_p2_cp48,0.0192764994146728,1.0,head
h_p2_cp49,8.114443517115433e-08,1.0,head
h_p2_cp50,0.013975857020795956,1.0,head
h_p2_cp51,2.4920382202253677e-08,1.0,head
h_p2_cp52,0.008524762360821114,1.0,head
h_p2_cp53,8.283450370072387e-09,1.0,head
h_p2_cp54,0.004562162114552848,1.0,head
h_p2_cp55,3.138438842142932e-09,1.0,head
h_p2_cp56,0.0022104872875843284,1.0,head
h_p2_cp57,2.0063453121110797e-09,1.0,head
h_p2_cp58,0.0009965988995190855,1.0,head
h_p2_cp59,1.5229488781187683e-09,1.0,head
h_p2_cp60,0.0004315168778248335,1.0,head
h_p2_cp61,1.7819274944486097e-09,1.0,head
h_p2_cp62,0.00018718743854151398,1.0,head
h_p2_cp63,1.6962076188065112e-09,1.0,head
h_p2_cp64,8.49552438921819e-05,1.0,head
h_p2_cp65,2.00566319108475e-09,1.0,head
h_p2_cp66,4.106097821932053e-05,1.0,head
h_p2_cp67,1.733269527903758e-09,1.0,head
h_p2_cp68,2.0711588149424642e-05,1.0,head
h_p2_cp69,1.5083969628904015e-09,1.0,head
h_p2_cp70,1.0502553095648182e-05,1.0,head
h_p2_cp71,2.1464074961841106e-10,1.0,head
h_p2_cp72,5.195458243179019e-06,1.0,head
h_p2_cp73,-1.1050360626541078e-09,1.0,head
h_p2_cp74,2.468058710292098e-06,1.0,head
h_p2_cp75,-1.4008492144057527e-09,1.0,head
h_p2_cp76,1.119221906265011e-06,1.0,head
h_p2_cp77,-1.771468305378221e-09,1.0,head
h_p2_cp78,4.846544925385388e-07,1.0,head
h_p2_cp79,-1.559783413540572e-09,1.0,head
h_p2_cp80,2.0035258785355836e-07,1.0,head
h_p2_cp81,-1.7059846868505701e-09,1.0,head
h_p2_cp82,7.935250323498622e-08,1.0,head
h_p2_cp83,-1.395164872519672e-09,1.0,head
h_p2_cp84,4.831048045161879e-06,1.0,head
h_p2_cp85,1.9638264348031953e-07,1.0,head
h_p2_cp86,7.524256488977699e-06,1.0,head
h_p2_cp87,4.6333093450812157e-07,1.0,head
h_p2_cp88,1.051468188961735e-05,1.0,head
h_p2_cp89,1.0386245321569731e-06,1.0,head
h_p2_cp90,1.2976268408237956e-05,1.0,head
h_p2_cp91,2.195778961322503e-06,1.0,head
h_p2_cp92,1.3948050764156505e-05,1.0,head
h_p2_cp93,4.3336726776033174e-06,1.0,head
h_p2_cp94,1.2976477137272013e-05,1.0,head
h_p2_cp95,7.882507361500757e-06,1.0,head
h_p2_cp96,1.051524577633245e-05,1.0,head
h_p2_cp97,1.3004718766751466e-05,1.0,head
h_p2_cp98,7.5255425144860055e-06,1.0,head
h_p2_cp99,1.9090636669716332e-05,1.0,head
h_p2_cp100,4.833794719161233e-06,1.0,head
h_p2_cp101,2.4395435275437194e-05,1.0,head
h_p2_cp102,2.830786343110958e-06,1.0,head
h_p2_cp103,2.6568519615466357e-05,1.0,head
h_p2_cp104,1.5355853975052014e-06,1.0,head
h_p2_cp105,2.438772821733437e-05,1.0,head
h_p2_cp106,7.877806638134643e-07,1.0,head
h_p2_cp107,1.9077065644523827e-05,1.0,head
h_p2_cp108,3.9845326682552695e-07,1.0,head
h_p2_cp109,1.2989238484806265e-05,1.0,head
h_p2_cp110,2.1965979613014497e-07,1.0,head
h_p2_cp111,7.872815785958664e-06,1.0,head
h_p2_cp112,1.5793102647876367e-07,1.0,head
h_p2_cp113,4.348154789113323e-06,1.0,head
h_p2_cp114,1.6591002349741757e-07,1.0,head
h_p2_cp115,2.2882379653310636e-06,1.0,head
h_p2_cp116,2.332008079974912e-07,1.0,head
h_p2_cp117,1.3794337974104565e-06,1.0,head
h_p2_cp118,3.830473360721953e-07,1.0,head
h_p2_cp119,1.5960340533638373e-06,1.0,head
h_p2_cp120,6.707214197376743e-07,1.0,head
h_p2_cp121,3.829226898233173e-06,1.0,head
h_p2_cp122,1.1729430298146326e-06,1.0,head
h_p2_cp123,1.14636627586151e-05,1.0,head
h_p2_cp124,1.955656443897169e-06,1.0,head
h_p2_cp125,3.4883401667684666e-05,1.0,head
h_p2_cp126,3.011878561665071e-06,1.0,head
h_p2_cp127,0.0001038861983033712,1.0,head
h_p2_cp128,4.186204023426399e-06,1.0,head
h_p2_cp129,0.0002998569691499142,1.0,head
h_p2_cp130,5.152026005816879e-06,1.0,head
h_p2_cp131,0.0008328506421548809,1.0,head
h_p2_cp132,5.531830538529903e-06,1.0,head
h_p2_cp133,0.0022068807770665444,1.0,head
h_p2_cp134,5.147982847120147e-06,1.0,head
h_p2_cp135,0.005516204753121201,1.0,head
h_p2_cp136,4.176757556706434e-06,1.0,head
h_p2_cp137,0.012807181080688679,1.0,head
h_p2_cp138,2.9944230846012942e-06,1.0,head
h_p2_cp139,0.02702136280117884,1.0,head
h_p2_cp140,1.926794084283756e-06,1.0,head
h_p2_cp141,0.05014695227851007,1.0,head
h_p2_cp142,1.1295192052784842e-06,1.0,head
h_p2_cp143,0.07779403051404188,1.0,head
h_p2_cp144,6.113614290370606e-07,1.0,head
h_p2_cp145,0.09305687920050332,1.0,head
h_p2_cp146,3.092254701186903e-07,1.0,head
h_p2_cp147,0.07769488797521262,1.0,head
h_p2_cp148,1.4791567082284018e-07,1.0,head
h_p2_cp149,0.049956599320012174,1.0,head
h_p2_cp150,6.792834028601646e-08,1.0,head
h_p2_cp151,0.026784115043938073,1.0,head
h_p2_cp152,3.0755018087802455e-08,1.0,head
h_p2_cp153,0.012606418455789026,1.0,head
h_p2_cp154,1.4570559869753197e-08,1.0,head
h_p2_cp155,0.005389574494756744,1.0,head
h_p2_cp156,8.319602784467861e-09,1.0,head
h_p2_cp157,0.0021511566662866244,1.0,head
h_p2_cp158,7.435573934344575e-09,1.0,head
h_p2_cp159,0.0008442245789410663,1.0,head
h_p2_cp160,1.2142209016019478e-08,1.0,head
h_p2_cp161,0.0004118906138046441,1.0,head
h_p2_cp162,2.9357124731177464e-08,1.0,head
h_p2_cp163,0.00043774792789008643,1.0,head
h_p2_cp164,8.171082299668342e-08,1.0,head
h_p2_cp165,0.0008945072181631986,1.0,head
h_p2_cp166,2.339838829357177e-07,1.0,head
h_p2_cp167,0.002044282518681939,1.0,head
h_p2_cp168,6.6357324612909e-07,1.0,head
h_p2_cp169,0.004366255941704367,1.0,head
h_p2_cp170,1.8382797861704603e-06,1.0,head
h_p2_cp171,0.00822938511328175,1.0,head
h_p2_cp172,4.940417511534179e-06,1.0,head
h_p2_cp173,0.012947246553949299,1.0,head
h_p2_cp174,1.2812578461307567e-05,1.0,head
h_p2_cp175,0.015630824183972436,1.0,head
h_p2_cp176,3.189487006238778e-05,1.0,head
h_p2_cp177,0.012946952660286115,1.0,head
h_p2_cp178,7.577528276669909e-05,1.0,head
h_p2_cp179,0.008228340587265848,1.0,head
h_p2_cp180,0.0001707732158138242,1.0,head
h_p2_cp181,0.004362880668622893,1.0,head
h_p2_cp182,0.0003629387720138766,1.0,head
h_p2_cp183,0.0020336510056040424,1.0,head
h_p2_cp184,0.0007240508493850939,1.0,head
h_p2_cp185,0.0008617696089459059,1.0,head
h_p2_cp186,0.0013539248425331607,1.0,head
h_p2_cp187,0.0003395424146219739,1.0,head
h_p2_cp188,0.00238085779847097,1.0,head
h_p2_cp189,0.00012636392079912184,1.0,head
h_p2_cp190,0.003957873133458634,1.0,head
h_p2_cp191,4.492905645747669e-05,1.0,head
h_p2_cp192,0.006176126289119566,1.0,head
h_p2_cp193,1.5391613260362647e-05,1.0,head
h_p2_cp194,0.008654654076963197,1.0,head
h_p2_cp195,5.112912731419783e-06,1.0,head
h_p2_cp196,0.009905122038617264,1.0,head
h_p2_cp197,1.6547910490771756e-06,1.0,head
h_p2_cp198,0.008379455504837097,1.0,head
h_p2_cp199,5.233982847130392e-07,1.0,head
h_p2_cp200,0.005674776261457737,1.0,head
h_p2_cp201,1.6180115380848292e-07,1.0,head
h_p2_cp202,0.0033502815890642523,1.0,head
h_p2_cp203,4.8500623961444944e-08,1.0,head
h_p2_cp204,0.0018281301631759561,1.0,head
h_p2_cp205,1.359649104415439e-08,1.0,head
h_p2_cp206,0.0009506864253125968,1.0,head
h_p2_cp207,2.999286152771674e-09,1.0,head
h_p2_cp208,0.0004758218824463256,1.0,head
h_p2_cp209,-1.7712409317027777e-10,1.0,head
h_p2_cp210,0.00022906603226147126,1.0,head
h_p2_cp211,-1.118905856856145e-09,1.0,head
h_p3_cp0,9.627005965739954e-06,1.0,head
h_p3_cp1,0.0003385994646123436,1.0,head
h_p3_cp2,2.858055768228951e-05,1.0,head
h_p3_cp3,0.0008594970800004376,1.0,head
h_p3_cp4,8.281212330985e-05,1.0,head
h_p3_cp5,0.0021005670337217452,1.0,head
h_p3_cp6,0.0002332207827748789,1.0,head
h_p3_cp7,0.004913227682664001,1.0,head
h_p3_cp8,0.0006351263705255406,1.0,head
h_p3_cp9,0.010904691669566091,1.0,head
h_p3_cp10,0.0016616940374660771,1.0,head
h_p3_cp11,0.022671419118523772,1.0,head
h_p3_cp12,0.004141867927046405,1.0,head
h_p3_cp13,0.043285976491006295,1.0,head
h_p3_cp14,0.009727187566113571,1.0,head
h_p3_cp15,0.07361011483271795,1.0,head
h_p3_cp16,0.02120382689008693,1.0,head
h_p3_cp17,0.10645349006790639,1.0,head
h_p3_cp18,0.04201443701003882,1.0,head
h_p3_cp19,0.12266362679156373,1.0,head
h_p3_cp20,0.0734280789620243,1.0,head
h_p3_cp21,0.1056717955852946,1.0,head
h_p3_cp22,0.10825463625451448,1.0,head
h_p3_cp23,0.07218705583227347,1.0,head
h_p3_cp24,0.1261667735584524,1.0,head
h_p3_cp25,0.04154866319368011,1.0,head
h_p3_cp26,0.10828774438959954,1.0,head
h_p3_cp27,0.021052685179256514,1.0,head
h_p3_cp28,0.07353008969721486,1.0,head
h_p3_cp29,0.009681758014721709,1.0,head
h_p3_cp30,0.04228857097950822,1.0,head
h_p3_cp31,0.00412890933057497,1.0,head
h_p3_cp32,0.021902189132561034,1.0,head
h_p3_cp33,0.0016584352620157006,1.0,head
h_p3_cp34,0.011416684076266392,1.0,head
h_p3_cp35,0.0006346558106997691,1.0,head
h_p3_cp36,0.007986223560692451,1.0,head
h_p3_cp37,0.00023341619453276508,1.0,head
h_p3_cp38,0.009773712279638858,1.0,head
h_p3_cp39,8.305847359224572e-05,1.0,head
h_p3_cp40,0.016205105898734473,1.0,head
h_p3_cp41,2.8745792633344536e-05,1.0,head
h_p3_cp42,0.026703954861432067,1.0,head
h_p3_cp43,9.716507975099375e-06,1.0,head
h_p3_cp44,0.0385142590318992,1.0,head
h_p3_cp45,3.218754500267096e-06,1.0,head
h_p3_cp46,0.045481625123557023,1.0,head
h_p3_cp47,1.0480453056516126e-06,1.0,head
h_p3_cp48,0.04203273232178617,1.0,head
h_p3_cp49,3.366064902365906e-07,1.0,head
h_p3_cp50,0.03150373741596013,1.0,head
h_p3_cp51,1.0714120435295627e-07,1.0,head
h_p3_cp52,0.020048526044092796,1.0,head
h_p3_cp53,3.436593942751642e-08,1.0,head
h_p3_cp54,0.011243295476333515,1.0,head
h_p3_cp55,1.1516704034875147e-08,1.0,head
h_p3_cp56,0.005719392070659524,1.0,head
h_p3_cp57,4.642970452550799e-09,1.0,head
h_p3_cp58,0.0027066667585131654,1.0,head
h_p3_cp59,2.589786163298413e-09,1.0,head
h_p3_cp60,0.001225380451842284,1.0,head
h_p3_cp61,2.2494077711598948e-09,1.0,head
h_p3_cp62,0.0005498312104919023,1.0,head
h_p3_cp63,2.2512267605634406e-09,1.0,head
h_p3_cp64,0.0002538437211114797,1.0,head
h_p3_cp65,2.507476892787963e-09,1.0,head
h_p3_cp66,0.00012315555750319618,1.0,head
h_p3_cp67,2.493607098585926e-09,1.0,head
h_p3_cp68,6.226125492503343e-05,1.0,head
h_p3_cp69,2.2776021069148555e-09,1.0,head
h_p3_cp70,3.1890868058326305e-05,1.0,head
h_p3_cp71,1.4017587091075256e-09,1.0,head
h_p3_cp72,1.6095837054308504e-05,1.0,head
h_p3_cp73,4.1086423152592033e-10,1.0,head
h_p3_cp74,7.864410008551204e-06,1.0,head
h_p3_cp75,-1.211901690112427e-10,1.0,head
h_p3_cp76,3.689748837132356e-06,1.0,head
h_p3_cp77,-5.686615622835234e-10,1.0,head
h_p3_cp78,1.659024519540253e-06,1.0,head
h_p3_cp79,-7.419203029712662e-10,1.0,head
h_p3_cp80,7.154462764447089e-07,1.0,head
h_p3_cp81,-9.872564987745136e-10,1.0,head
h_p3_cp82,2.9656325750693213e-07,1.0,head
h_p3_cp83,-1.0195435606874526e-09,1.0,head
h_p3_cp84,1.5956017705320846e-05,1.0,head
h_p3_cp85,6.967334229557309e-07,1.0,head
h_p3_cp86,2.4165198283299105e-05,1.0,head
h_p3_cp87,1.5681355307606282e-06,1.0,head
h_p3_cp88,3.300314756415901e-05,1.0,head
h_p3_cp89,3.360014716236037e-06,1.0,head
h_p3_cp90,4.0100590922520496e-05,1.0,head
h_p3_cp91,6.7979804043716285e-06,1.0,head
h_p3_cp92,4.286090415916988e-05,1.0,head
h_p3_cp93,1.28569431581127e-05,1.0,head
h_p3_cp94,4.010202383142314e-05,1.0,head
h_p3_cp95,2.245704672532156e-05,1.0,head
h_p3_cp96,3.300693470009719e-05,1.0,head
h_p3_cp97,3.5705629670701455e-05,1.0,head
h_p3_cp98,2.4173578822228592e-05,1.0,head
h_p3_cp99,5.0810067250495194e-05,1.0,head
h_p3_cp100,1.5973370409483323e-05,1.0,head
h_p3_cp101,6.352784407681611e-05,1.0,head
h_p3_cp102,9.661083822720684e-06,1.0,head
h_p3_cp103,6.861630822641018e-05,1.0,head
h_p3_cp104,5.434198101283982e-06,1.0,head
h_p3_cp105,6.349720342768705e-05,1.0,head
h_p3_cp106,2.9104016903147567e-06,1.0,head
h_p3_cp107,5.075646049590432e-05,1.0,head
h_p3_cp108,1.5586570043524262e-06,1.0,head
h_p3_cp109,3.564598819139064e-05,1.0,head
h_p3_cp110,9.278555808123201e-07,1.0,head
h_p3_cp111,2.2425560928240884e-05,1.0,head
h_p3_cp112,7.131238817237318e-07,1.0,head
h_p3_cp113,1.2935882523379405e-05,1.0,head
h_p3_cp114,7.47660578781506e-07,1.0,head
h_p3_cp115,7.220444786071312e-06,1.0,head
h_p3_cp116,9.830955605139025e-07,1.0,head
h_p3_cp117,4.828431883652229e-06,1.0,head
h_p3_cp118,1.4800230019318406e-06,1.0,head
h_p3_cp119,6.20413356955396e-06,1.0,head
h_p3_cp120,2.3958755264175124e-06,1.0,head
h_p3_cp121,1.4792178490097285e-05,1.0,head
h_p3_cp122,3.939700491173426e-06,1.0,head
h_p3_cp123,4.2036204376927344e-05,1.0,head
h_p3_cp124,6.26600012765266e-06,1.0,head
h_p3_cp125,0.00012046552569699998,1.0,head
h_p3_cp126,9.302453236159636e-06,1.0,head
h_p3_cp127,0.000336663988264263,1.0,head
h_p3_cp128,1.2574555512401275e-05,1.0,head
h_p3_cp129,0.0009087718856335414,1.0,head
h_p3_cp130,1.5195902506093262e-05,1.0,head
h_p3_cp131,0.002352563147269393,1.0,head
h_p3_cp132,1.6206612599489745e-05,1.0,head
h_p3_cp133,0.0057925638773212995,1.0,head
h_p3_cp134,1.5171608993114205e-05,1.0,head
h_p3_cp135,0.013424108952222014,1.0,head
h_p3_cp136,1.2518702078523347e-05,1.0,head
h_p3_cp137,0.028876532702724944,1.0,head
h_p3_cp138,9.20148340810556e-06,1.0,head
h_p3_cp139,0.05655464507776742,1.0,head
h_p3_cp140,6.102934094087686e-06,1.0,head
h_p3_cp141,0.09803030154898806,1.0,head
h_p3_cp142,3.6998349060013425e-06,1.0,head
h_p3_cp143,0.14395595280575435,1.0,head
h_p3_cp144,2.0744555513374507e-06,1.0,head
h_p3_cp145,0.1674646926016976,1.0,head
h_p3_cp146,1.087227701646043e-06,1.0,head
h_p3_cp147,0.14340426794797168,1.0,head
h_p3_cp148,5.380993570724968e-07,1.0,head
h_p3_cp149,0.09699566578524355,1.0,head
h_p3_cp150,2.5451981855439954e-07,1.0,head
h_p3_cp151,0.05528244637093849,1.0,head
h_p3_cp152,1.1738165994756855e-07,1.0,head
h_p3_cp153,0.027765041897509946,1.0,head
h_p3_cp154,5.5391410569427535e-08,1.0,head
h_p3_cp155,0.012676610642756714,1.0,head
h_p3_cp156,3.0779574444750324e-08,1.0,head
h_p3_cp157,0.005403403889658875,1.0,head
h_p3_cp158,2.7663190849125385e-08,1.0,head
h_p3_cp159,0.002265352396079834,1.0,head
h_p3_cp160,4.7826688387431204e-08,1.0,head
h_p3_cp161,0.0011582164681840368,1.0,head
h_p3_cp162,1.1868905858136714e-07,1.0,head
h_p3_cp163,0.001175768393522958,1.0,head
h_p3_cp164,3.2610842026770115e-07,1.0,head
h_p3_cp165,0.0022019973484930233,1.0,head
h_p3_cp166,9.059244803211186e-07,1.0,head
h_p3_cp167,0.00467537552185604,1.0,head
h_p3_cp168,2.4768387447693385e-06,1.0,head
h_p3_cp169,0.009334069818578428,1.0,head
h_p3_cp170,6.600468623219058e-06,1.0,head
h_p3_cp171,0.016499954835580866,1.0,head
h_p3_cp172,1.705309068711358e-05,1.0,head
h_p3_cp173,0.0245523346338814,1.0,head
h_p3_cp174,4.2522708554315614e-05,1.0,head
h_p3_cp175,0.02873044545162884,1.0,head
h_p3_cp176,0.00010186084818997188,1.0,head
h_p3_cp177,0.02455120000831812,1.0,head
h_p3_cp178,0.0002332353037672874,1.0,head
h_p3_cp179,0.016496080742172126,1.0,head
h_p3_cp180,0.0005078320550637727,1.0,head
h_p3_cp181,0.009322141855591326,1.0,head
h_p3_cp182,0.0010461773235874716,1.0,head
h_p3_cp183,0.004639692042474053,1.0,head
h_p3_cp184,0.002030828203260171,1.0,head
h_p3_cp185,0.002097877355708988,1.0,head
h_p3_cp186,0.0037064022085360193,1.0,head
h_p3_cp187,0.0008804644187421218,1.0,head
h_p3_cp188,0.006358577084029093,1.0,head
h_p3_cp189,0.0003482897845970001,1.0,head
h_p3_cp190,0.010241372196560405,1.0,head
h_p3_cp191,0.00013132843969287933,1.0,head
h_p3_cp192,0.015301203217859438,1.0,head
h_p3_cp193,4.760475076182047e-05,1.0,head
h_p3_cp194,0.02042102726727535,1.0,head
h_p3_cp195,1.66972001807153e-05,1.0,head
h_p3_cp196,0.022715734131907084,1.0,head
h_p3_cp197,5.6954845604195725e-06,1.0,head
h_p3_cp198,0.019789372898685542,1.0,head
h_p3_cp199,1.896602498163702e-06,1.0,head
h_p3_cp200,0.01415832083330315,1.0,head
h_p3_cp201,6.181157914397772e-07,1.0,head
h_p3_cp202,0.008858705863531213,1.0,head
h_p3_cp203,1.9718845578609034e-07,1.0,head
h_p3_cp204,0.005085221733679646,1.0,head
h_p3_cp205,6.120103535067756e-08,1.0,head
h_p3_cp206,0.0027558116103136854,1.0,head
h_p3_cp207,1.798480298020877e-08,1.0,head
h_p3_cp208,0.0014280124996730592,1.0,head
h_p3_cp209,4.447656465345062e-09,1.0,head
h_p3_cp210,0.0007099502900018706,1.0,head
h_p3_cp211,2.6079760573338717e-10,1.0,head
h_p4_cp0,2.651202794368146e-05,1.0,head
h_p4_cp1,0.0008440177225566003,1.0,head
h_p4_cp2,7.510974228353007e-05,1.0,head
h_p4_cp3,0.002011855300679599,1.0,head
h_p4_cp4,0.00020737481918331468,1.0,head
h_p4_cp5,0.004605769738191157,1.0,head
h_p4_cp6,0.0005557169388339389,1.0,head
h_p4_cp7,0.010068661765217257,1.0,head
h_p4_cp8,0.0014381475484697148,1.0,head
h_p4_cp9,0.020849395259119774,1.0,head
h_p4_cp10,0.0035715787307708524,1.0,head
h_p4_cp11,0.04040816453198204,1.0,head
h_p4_cp12,0.008443317566161568,1.0,head
h_p4_cp13,0.07198455721709252,1.0,head
h_p4_cp14,0.018800925022333104,1.0,head
h_p4_cp15,0.11471664949885962,1.0,head
h_p4_cp16,0.03888049623037659,1.0,head
h_p4_cp17,0.1572891521359452,1.0,head
h_p4_cp18,0.07324105519410296,1.0,head
h_p4_cp19,0.1765038736207316,1.0,head
h_p4_cp20,0.12227864594296989,1.0,head
h_p4_cp21,0.15566054352939318,1.0,head
h_p4_cp22,0.17392019292856276,1.0,head
h_p4_cp23,0.11177322498133435,1.0,head
h_p4_cp24,0.19936633695124328,1.0,head
h_p4_cp25,0.06838650042300287,1.0,head
h_p4_cp26,0.17401006085401605,1.0,head
h_p4_cp27,0.036981816957450064,1.0,head
h_p4_cp28,0.12254577247995257,1.0,head
h_p4_cp29,0.01816242829863768,1.0,head
h_p4_cp30,0.07392759072490662,1.0,head
h_p4_cp31,0.00826377825342206,1.0,head
h_p4_cp32,0.04054830968152601,1.0,head
h_p4_cp33,0.003535324275617313,1.0,head
h_p4_cp34,0.02264404775132789,1.0,head
h_p4_cp35,0.0014380661400537065,1.0,head
h_p4_cp36,0.016769017738624825,1.0,head
h_p4_cp37,0.0005609872041532071,1.0,head
h_p4_cp38,0.020303979472373612,1.0,head
h_p4_cp39,0.00021127841137058567,1.0,head
h_p4_cp40,0.03207975044415434,1.0,head
h_p4_cp41,7.722921168351604e-05,1.0,head
h_p4_cp42,0.05047386590763381,1.0,head
h_p4_cp43,2.7515447754922207e-05,1.0,head
h_p4_cp44,0.07029577361709016,1.0,head
h_p4_cp45,9.58869850364863e-06,1.0,head
h_p4_cp46,0.08171277523911158,1.0,head
h_p4_cp47,3.278240910731256e-06,1.0,head
h_p4_cp48,0.07659627621592335,1.0,head
h_p4_cp49,1.1028485005226685e-06,1.0,head
h_p4_cp50,0.05924715180640305,1.0,head
h_p4_cp51,3.6641313272411935e-07,1.0,head
h_p4_cp52,0.03923406571288979,1.0,head
h_p4_cp53,1.2110012903576717e-07,1.0,head
h_p4_cp54,0.02298189791531513,1.0,head
h_p4_cp55,4.052185431646649e-08,1.0,head
h_p4_cp56,0.012229246702190721,1.0,head
h_p4_cp57,1.4551687854691409e-08,1.0,head
h_p4_cp58,0.006052428397424592,1.0,head
h_p4_cp59,6.456275514210574e-09,1.0,head
h_p4_cp60,0.002856763601585044,1.0,head
h_p4_cp61,4.3380623537814245e-09,1.0,head
h_p4_cp62,0.001325584568121485,1.0,head
h_p4_cp63,4.1793555283220485e-09,1.0,head
h_p4_cp64,0.000624582668478979,1.0,head
h_p4_cp65,4.743469617096707e-09,1.0,head
h_p4_cp66,0.000305418823245418,1.0,head
h_p4_cp67,5.340098141459748e-09,1.0,head
h_p4_cp68,0.0001549097610222816,1.0,head
h_p4_cp69,5.682750270352699e-09,1.0,head
h_p4_cp70,7.991820439201547e-05,1.0,head
h_p4_cp71,5.427864380180836e-09,1.0,head
h_p4_cp72,4.0940399458122556e-05,1.0,head
h_p4_cp73,4.771891326527111e-09,1.0,head
h_p4_cp74,2.0453810293474817e-05,1.0,head
h_p4_cp75,4.016328603029251e-09,1.0,head
h_p4_cp76,9.867871995083988e-06,1.0,head
h_p4_cp77,3.1056970328791067e-09,1.0,head
h_p4_cp78,4.57999408354226e-06,1.0,head
h_p4_cp79,2.1941559680271894e-09,1.0,head
h_p4_cp80,2.044537495748955e-06,1.0,head
h_p4_cp81,1.2687451089732349e-09,1.0,head
h_p4_cp82,8.791591881163185e-07,1.0,head
h_p4_cp83,5.234142008703202e-10,1.0,head
h_p4_cp84,4.272631804269622e-05,1.0,head
h_p4_cp85,1.9790450096479617e-06,1.0,head
h_p4_cp86,6.312293817245518e-05,1.0,head
h_p4_cp87,4.274130105841323e-06,1.0,head
h_p4_cp88,8.449867300441838e-05,1.0,head
h_p4_cp89,8.796502470431733e-06,1.0,head
h_p4_cp90,0.00010130714781553252,1.0,head
h_p4_cp91,1.7112935665863915e-05,1.0,head
h_p4_cp92,0.00010776475937746,1.0,head
h_p4_cp93,3.116959396720631e-05,1.0,head
h_p4_cp94,0.00010131398403245839,1.0,head
h_p4_cp95,5.2556829587047105e-05,1.0,head
h_p4_cp96,8.451637268080958e-05,1.0,head
h_p4_cp97,8.09642708645697e-05,1.0,head
h_p4_cp98,6.316106555459555e-05,1.0,head
h_p4_cp99,0.00011225721618757234,1.0,head
h_p4_cp100,4.2802987081813626e-05,1.0,head
h_p4_cp101,0.00013787987063551554,1.0,head
h_p4_cp102,2.6658119622879894e-05,1.0,head
h_p4_cp103,0.00014794342541790684,1.0,head
h_p4_cp104,1.5506985164392972e-05,1.0,head
h_p4_cp105,0.00013778233164885023,1.0,head
h_p4_cp106,8.646524292998947e-06,1.0,head
h_p4_cp107,0.00011208799287487636,1.0,head
h_p4_cp108,4.87590477860067e-06,1.0,head
h_p4_cp109,8.078187374849222e-05,1.0,head
h_p4_cp110,3.086201104451902e-06,1.0,head
h_p4_cp111,5.2482599357972504e-05,1.0,head
h_p4_cp112,2.47730122282519e-06,1.0,head
h_p4_cp113,3.149477333863615e-05,1.0,head
h_p4_cp114,2.5795425244723447e-06,1.0,head
h_p4_cp115,1.8634891148394672e-05,1.0,head
h_p4_cp116,3.2267475944536272e-06,1.0,head
h_p4_cp117,1.3805411299472325e-05,1.0,head
h_p4_cp118,4.534857907856349e-06,1.0,head
h_p4_cp119,1.9333422869749484e-05,1.0,head
h_p4_cp120,6.856218988104956e-06,1.0,head
h_p4_cp121,4.550428570837539e-05,1.0,head
h_p4_cp122,1.0643546829669503e-05,1.0,head
h_p4_cp123,0.00012307034876357648,1.0,head
h_p4_cp124,1.6179702470253687e-05,1.0,head
h_p4_cp125,0.000333461625587006,1.0,head
h_p4_cp126,2.31979774980573e-05,1.0,head
h_p4_cp127,0.0008786557248186,1.0,head
h_p4_cp128,3.0559634978999384e-05,1.0,head
h_p4_cp129,0.0022307197409645596,1.0,head
h_p4_cp130,3.632557672972325e-05,1.0,head
h_p4_cp131,0.005419489596988569,1.0,head
h_p4_cp132,3.8505987049575197e-05,1.0,head
h_p4_cp133,0.012503972848890044,1.0,head
h_p4_cp134,3.6223543702362804e-05,1.0,head
h_p4_cp135,0.027141754054582634,1.0,head
h_p4_cp136,3.0328600132634165e-05,1.0,head
h_p4_cp137,0.054758693574285644,1.0,head
h_p4_cp138,2.2788718069932656e-05,1.0,head
h_p4_cp139,0.10098090687711192,1.0,head
h_p4_cp140,1.5532779798377305e-05,1.0,head
h_p4_cp141,0.16606442360125584,1.0,head
h_p4_cp142,9.710737685963977e-06,1.0,head
h_p4_cp143,0.23432867670430824,1.0,head
h_p4_cp144,5.626939582725754e-06,1.0,head
h_p4_cp145,0.2675918847983212,1.0,head
h_p4_cp146,3.0514252102875616e-06,1.0,head
h_p4_cp147,0.2326977862746844,1.0,head
h_p4_cp148,1.5632504073437303e-06,1.0,head
h_p4_cp149,0.1630648928382925,1.0,head
h_p4_cp150,7.649969120393507e-07,1.0,head
h_p4_cp151,0.09732757096298883,1.0,head
h_p4_cp152,3.643176569312345e-07,1.0,head
h_p4_cp153,0.051476526251917676,1.0,head
h_p4_cp154,1.76810772245517e-07,1.0,head
h_p4_cp155,0.02481949290040575,1.0,head
h_p4_cp156,1.0066196409752592e-07,1.0,head
h_p4_cp157,0.011191679011290034,1.0,head
h_p4_cp158,9.275572665501386e-08,1.0,head
h_p4_cp159,0.004968864099510029,1.0,head
h_p4_cp160,1.619073373149149e-07,1.0,head
h_p4_cp161,0.002640855949721299,1.0,head
h_p4_cp162,3.9529550122097135e-07,1.0,head
h_p4_cp163,0.0025672912020127114,1.0,head
h_p4_cp164,1.0544013093749527e-06,1.0,head
h_p4_cp165,0.004427201773296474,1.0,head
h_p4_cp166,2.830210178217385e-06,1.0,head
h_p4_cp167,0.008778449949886635,1.0,head
h_p4_cp168,7.464418104063952e-06,1.0,head
h_p4_cp169,0.016508946152271164,1.0,head
h_p4_cp170,1.9176821297151037e-05,1.0,head
h_p4_cp171,0.027652590295019763,1.0,head
h_p4_cp172,4.775574370796676e-05,1.0,head
h_p4_cp173,0.03939664959671063,1.0,head
h_p4_cp174,0.00011479084605525713,1.0,head
h_p4_cp175,0.045137835586729125,1.0,head
h_p4_cp176,0.0002651675886227167,1.0,head
h_p4_cp177,0.039393180759589086,1.0,head
h_p4_cp178,0.0005858880945197598,1.0,head
h_p4_cp179,0.0276411749714498,1.0,head
h_p4_cp180,0.0012320186219767493,1.0,head
h_p4_cp181,0.016475340304623387,1.0,head
h_p4_cp182,0.002453265858548548,1.0,head
h_p4_cp183,0.00868259976959962,1.0,head
h_p4_cp184,0.004604687162100163,1.0,head
h_p4_cp185,0.004161032925821928,1.0,head
h_p4_cp186,0.008117199799926311,1.0,head
h_p4_cp187,0.0018499915568099823,1.0,head
h_p4_cp188,0.013403144848780357,1.0,head
h_p4_cp189,0.0007742619311557064,1.0,head
h_p4_cp190,0.02065155970012711,1.0,head
h_p4_cp191,0.0003083820672600268,1.0,head
h_p4_cp192,0.029357224537307047,1.0,head
h_p4_cp193,0.00011786632308030676,1.0,head
h_p4_cp194,0.03740032539644744,1.0,head
h_p4_cp195,4.351150164438877e-05,1.0,head
h_p4_cp196,0.04061167068402938,1.0,head
h_p4_cp197,1.559382621962868e-05,1.0,head
h_p4_cp198,0.03609950717964239,1.0,head
h_p4_cp199,5.447462399388314e-06,1.0,head
h_p4_cp200,0.027014667670300696,1.0,head
h_p4_cp201,1.8607215679367073e-06,1.0,head
h_p4_cp202,0.01781880669113889,1.0,head
h_p4_cp203,6.227085123100551e-07,1.0,head
h_p4_cp204,0.010766419082301582,1.0,head
h_p4_cp205,2.0415882318047807e-07,1.0,head
h_p4_cp206,0.006110495592110965,1.0,head
h_p4_cp207,6.520053830172401e-08,1.0,head
h_p4_cp208,0.003300271717762371,1.0,head
h_p4_cp209,1.9799017536570318e-08,1.0,head
h_p4_cp210,0.001705066472368344,1.0,head
h_p4_cp211,5.1747974794125184e-09,1.0,head
h_p5_cp0,6.264700732572237e-05,1.0,head
h_p5_cp1,0.0017695331630420696,1.0,head
h_p5_cp2,0.00016999874333123444,1.0,head
h_p5_cp3,0.003987691304701002,1.0,head
h_p5_cp4,0.00044910944052389823,1.0,head
h_p5_cp5,0.008612847242147836,1.0,head
h_p5_cp6,0.001150550040165399,1.0,head
h_p5_cp7,0.017729480654452345,1.0,head
h_p5_cp8,0.00284449403261533,1.0,head
h_p5_cp9,0.034516747687575844,1.0,head
h_p5_cp10,0.006745851345840492,1.0,head
h_p5_cp11,0.06285561404001783,1.0,head
h_p5_cp12,0.015229671328143013,1.0,head
h_p5_cp13,0.10533945490669794,1.0,head
h_p5_cp14,0.03241059163246973,1.0,head
h_p5_cp15,0.15870171027745528,1.0,head
h_p5_cp16,0.06417357614782304,1.0,head
h_p5_cp17,0.20815225719888986,1.0,head
h_p5_cp18,0.11613643415239494,1.0,head
h_p5_cp19,0.22882298537660972,1.0,head
h_p5_cp20,0.1873519895057143,1.0,head
h_p5_cp21,0.20529536345566157,1.0,head
h_p5_cp22,0.25990114094929595,1.0,head
h_p5_cp23,0.15355215182989923,1.0,head
h_p5_cp24,0.29486207315540014,1.0,head
h_p5_cp25,0.09901913642988802,1.0,head
h_p5_cp26,0.2601084199804973,1.0,head
h_p5_cp27,0.05673015190041042,1.0,head
h_p5_cp28,0.18794799926581618,1.0,head
h_p5_cp29,0.02956859360301678,1.0,head
h_p5_cp30,0.11760567678038569,1.0,head
h_p5_cp31,0.01427724576114997,1.0,head
h_p5_cp32,0.06758719843583094,1.0,head
h_p5_cp33,0.006475538980339479,1.0,head
h_p5_cp34,0.03992563543488359,1.0,head
h_p5_cp35,0.0027884824648936046,1.0,head
h_p5_cp36,0.03077979047975532,1.0,head
h_p5_cp37,0.0011495878779896884,1.0,head
h_p5_cp38,0.036612885676277074,1.0,head
h_p5_cp39,0.0004567290029626747,1.0,head
h_p5_cp40,0.055220835046839056,1.0,head
h_p5_cp41,0.00017579423047209275,1.0,head
h_p5_cp42,0.08323302700227941,1.0,head
h_p5_cp43,6.58322037452308e-05,1.0,head
h_p5_cp44,0.11234212942395061,1.0,head
h_p5_cp45,2.407172905805055e-05,1.0,head
h_p5_cp46,0.12887695402696409,1.0,head
h_p5_cp47,8.621102324468666e-06,1.0,head
h_p5_cp48,0.12234501751845528,1.0,head
h_p5_cp49,3.033283519471297e-06,1.0,head
h_p5_cp50,0.09743932186233906,1.0,head
h_p5_cp51,1.0521575859456789e-06,1.0,head
h_p5_cp52,0.0669959758126879,1.0,head
h_p5_cp53,3.6181654650135897e-07,1.0,head
h_p5_cp54,0.040902115960761876,1.0,head
h_p5_cp55,1.2488590073189698e-07,1.0,head
h_p5_cp56,0.022717386816339058,1.0,head
h_p5_cp57,4.4891748984809965e-08,1.0,head
h_p5_cp58,0.011732599244623998,1.0,head
h_p5_cp59,1.8722630557022057e-08,1.0,head
h_p5_cp60,0.00576468398594443,1.0,head
h_p5_cp61,1.1149268175358884e-08,1.0,head
h_p5_cp62,0.002767100929531807,1.0,head
h_p5_cp63,1.0170879249926656e-08,1.0,head
h_p5_cp64,0.0013347160049761442,1.0,head
h_p5_cp65,1.1650399756035767e-08,1.0,head
h_p5_cp66,0.0006607257646464859,1.0,head
h_p5_cp67,1.3847056834492832e-08,1.0,head
h_p5_cp68,0.0003371232278368552,1.0,head
h_p5_cp69,1.5822024579392746e-08,1.0,head
h_p5_cp70,0.00017508170435576176,1.0,head
h_p5_cp71,1.6878402675502002e-08,1.0,head
h_p5_cp72,9.075499087884964e-05,1.0,head
h_p5_cp73,1.676858119026292e-08,1.0,head
h_p5_cp74,4.616284013536642e-05,1.0,head
h_p5_cp75,1.5548494047834538e-08,1.0,head
h_p5_cp76,2.2794644564783084e-05,1.0,head
h_p5_cp77,1.3372527973842807e-08,1.0,head
h_p5_cp78,1.0870709502341924e-05,1.0,head
h_p5_cp79,1.0642907000146806e-08,1.0,head
h_p5_cp80,4.999838211006136e-06,1.0,head
h_p5_cp81,7.76663000578992e-09,1.0,head
h_p5_cp82,2.2193269160197815e-06,1.0,head
h_p5_cp83,5.151605364517309e-09,1.0,head
h_p5_cp84,9.845456179391476e-05,1.0,head
h_p5_cp85,4.80779999634251e-06,1.0,head
h_p5_cp86,0.00014229533826437546,1.0,head
h_p5_cp87,1.0001543387261336e-05,1.0,head
h_p5_cp88,0.00018717877719609533,1.0,head
h_p5_cp89,1.9846317854899098e-05,1.0,head
h_p5_cp90,0.00022184635236044414,1.0,head
h_p5_cp91,3.727333069036831e-05,1.0,head
h_p5_cp92,0.00023503294733018265,1.0,head
h_p5_cp93,6.565766148014518e-05,1.0,head
h_p5_cp94,0.00022187184731592424,1.0,head
h_p5_cp95,0.00010734383909039025,1.0,head
h_p5_cp96,0.0001872435336736089,1.0,head
h_p5_cp97,0.00016092865394057299,1.0,head
h_p5_cp98,0.00014243137138691964,1.0,head
h_p5_cp99,0.00021828198805451393,1.0,head
h_p5_cp100,9.872075679595582e-05,1.0,head
h_p5_cp101,0.0002641833293637319,1.0,head
h_p5_cp102,6.314041274890769e-05,1.0,head
h_p5_cp103,0.0002819397154780745,1.0,head
h_p5_cp104,3.78832178284938e-05,1.0,head
h_p5_cp105,0.00026391962592242635,1.0,head
h_p5_cp106,2.1923322947259294e-05,1.0,head
h_p5_cp107,0.00021782904332212638,1.0,head
h_p5_cp108,1.2940754459123127e-05,1.0,head
h_p5_cp109,0.0001604583810603799,1.0,head
h_p5_cp110,8.599682587373536e-06,1.0,head
h_p5_cp111,0.00010721850321715465,1.0,head
h_p5_cp112,7.104984888428589e-06,1.0,head
h_p5_cp113,6.673765392406494e-05,1.0,head
h_p5_cp114,7.333262601605384e-06,1.0,head
h_p5_cp115,4.18319721120497e-05,1.0,head
h_p5_cp116,8.822565177979413e-06,1.0,head
h_p5_cp117,3.411900820537994e-05,1.0,head
h_p5_cp118,1.1733103747246787e-05,1.0,head
h_p5_cp119,5.099329086988291e-05,1.0,head
h_p5_cp120,1.6722999134799466e-05,1.0,head
h_p5_cp121,0.0001178176253233687,1.0,head
h_p5_cp122,2.4622765067761065e-05,1.0,head
h_p5_cp123,0.00030420130747188523,1.0,head
h_p5_cp124,3.586168941183132e-05,1.0,head
h_p5_cp125,0.0007829567434782803,1.0,head
h_p5_cp126,4.975412457497441e-05,1.0,head
h_p5_cp127,0.001956030920609919,1.0,head
h_p5_cp128,6.399611811502837e-05,1.0,head
h_p5_cp129,0.00470147706073476,1.0,head
h_p5_cp130,7.493773046007846e-05,1.0,head
h_p5_cp131,0.01080275510798856,1.0,head
h_p5_cp132,7.899045795056736e-05,1.0,head
h_p5_cp133,0.023565738221805077,1.0,head
h_p5_cp134,7.460055167030077e-05,1.0,head
h_p5_cp135,0.04840382005113497,1.0,head
h_p5_cp136,6.324318792394479e-05,1.0,head
h_p5_cp137,0.09262650976438636,1.0,head
h_p5_cp138,4.8444826461491175e-05,1.0,head
h_p5_cp139,0.16273904579338705,1.0,head
h_p5_cp140,3.38318800459092e-05,1.0,head
h_p5_cp141,0.2567883536426052,1.0,head
h_p5_cp142,2.1747543996752938e-05,1.0,head
h_p5_cp143,0.35141331057639036,1.0,head
h_p5_cp144,1.2988076832698425e-05,1.0,head
h_p5_cp145,0.39570888374578317,1.0,head
h_p5_cp146,7.2705238380876835e-06,1.0,head
h_p5_cp147,0.3478452719352845,1.0,head
h_p5_cp148,3.848706001008395e-06,1.0,head
h_p5_cp149,0.25030435266057793,1.0,head
h_p5_cp150,1.9473677639325615e-06,1.0,head
h_p5_cp151,0.1548695031333409,1.0,head
h_p5_cp152,9.593554750608746e-07,1.0,head
h_p5_cp153,0.08540169020261601,1.0,head
h_p5_cp154,4.820803951588459e-07,1.0,head
h_p5_cp155,0.04308657633941948,1.0,head
h_p5_cp156,2.848778422048781e-07,1.0,head
h_p5_cp157,0.020383156538400726,1.0,head
h_p5_cp158,2.7069927455158904e-07,1.0,head
h_p5_cp159,0.00950524367840444,1.0,head
h_p5_cp160,4.721705408883281e-07,1.0,head
h_p5_cp161,0.0052108797844994115,1.0,head
h_p5_cp162,1.1251481737417635e-06,1.0,head
h_p5_cp163,0.004858760972183518,1.0,head
h_p5_cp164,2.9077395993226673e-06,1.0,head
h_p5_cp165,0.007746157840756496,1.0,head
h_p5_cp166,7.547112545580603e-06,1.0,head
h_p5_cp167,0.014403843533045801,1.0,head
h_p5_cp168,1.923495983646717e-05,1.0,head
h_p5_cp169,0.02566721508401315,1.0,head
h_p5_cp170,4.773874070451711e-05,1.0,head
h_p5_cp171,0.04101884544911627,1.0,head
h_p5_cp172,0.00011482689660624601,1.0,head
h_p5_cp173,0.05632696656266489,1.0,head
h_p5_cp174,0.0002665768088263576,1.0,head
h_p5_cp175,0.0634354971934954,1.0,head
h_p5_cp176,0.0005947777990513714,1.0,head
h_p5_cp177,0.05631799796128689,1.0,head
h_p5_cp178,0.0012694929682766087,1.0,head
h_p5_cp179,0.04099031023815769,1.0,head
h_p5_cp180,0.0025792183932935586,1.0,head
h_p5_cp181,0.025586605466060064,1.0,head
h_p5_cp182,0.004962443944805273,1.0,head
h_p5_cp183,0.014183788721766177,1.0,head
h_p5_cp184,0.008997093496418529,1.0,head
h_p5_cp185,0.0071620702058226016,1.0,head
h_p5_cp186,0.015305221234029887,1.0,head
h_p5_cp187,0.0033557529668541974,1.0,head
h_p5_cp188,0.024343916805719346,1.0,head
h_p5_cp189,0.0014791774253808398,1.0,head
h_p5_cp190,0.03605918535777164,1.0,head
h_p5_cp191,0.0006198160335770808,1.0,head
h_p5_cp192,0.049285870857602276,1.0,head
h_p5_cp193,0.0002489006581072317,1.0,head
h_p5_cp194,0.06077473884579376,1.0,head
h_p5_cp195,9.639901077207469e-05,1.0,head
h_p5_cp196,0.0650006964970089,1.0,head
h_p5_cp197,3.619171388891118e-05,1.0,head
h_p5_cp198,0.05834675878895723,1.0,head
h_p5_cp199,1.3225602742750198e-05,1.0,head
h_p5_cp200,0.04493190663697533,1.0,head
h_p5_cp201,4.719795924756909e-06,1.0,head
h_p5_cp202,0.030792413240305905,1.0,head
h_p5_cp203,1.6490505458932603e-06,1.0,head
h_p5_cp204,0.01938417008796023,1.0,head
h_p5_cp205,5.649508239002898e-07,1.0,head
h_p5_cp206,0.011453099806658429,1.0,head
h_p5_cp207,1.8967921278090216e-07,1.0,head
h_p5_cp208,0.006428438734928932,1.0,head
h_p5_cp209,6.202390068210661e-08,1.0,head
h_p5_cp210,0.0034467821446924063,1.0,head
h_p5_cp211,1.9271055862191133e-08,1.0,head
h_p6_cp0,0.00013188887896831147,1.0,head
h_p6_cp1,0.0032786946030682884,1.0,head
h_p6_cp2,0.000344037629020022,1.0,head
h_p6_cp3,0.007028551426628837,1.0,head
h_p6_cp4,0.0008731685106795339,1.0,head
h_p6_cp5,0.014418310104701959,1.0,head
h_p6_cp6,0.0021480843138306227,1.0,head
h_p6_cp7,0.02815031931231715,1.0,head
h_p6_cp8,0.005098956621168327,1.0,head
h_p6_cp9,0.051935330912328936,1.0,head
h_p6_cp10,0.011612840232373856,1.0,head
h_p6_cp11,0.08965551224719093,1.0,head
h_p6_cp12,0.02519656791946545,1.0,head
h_p6_cp13,0.14282850316840268,1.0,head
h_p6_cp14,0.05160885233544832,1.0,head
h_p6_cp15,0.20595241188857472,1.0,head
h_p6_cp16,0.09859136558543469,1.0,head
h_p6_cp17,0.261868424383465,1.0,head
h_p6_cp18,0.172788060928724,1.0,head
h_p6_cp19,0.28442629870278324,1.0,head
h_p6_cp20,0.2714046711148512,1.0,head
h_p6_cp21,0.25731509734350766,1.0,head
h_p6_cp22,0.3694262977219296,1.0,head
h_p6_cp23,0.19774228157211837,1.0,head
h_p6_cp24,0.4158475617464319,1.0,head
h_p6_cp25,0.1327011544863126,1.0,head
h_p6_cp26,0.3698478725541463,1.0,head
h_p6_cp27,0.07971008031563542,1.0,head
h_p6_cp28,0.2725801341493934,1.0,head
h_p6_cp29,0.04372450386927085,1.0,head
h_p6_cp30,0.1755746531571276,1.0,head
h_p6_cp31,0.02225377721742916,1.0,head
h_p6_cp32,0.10479961807777727,1.0,head
h_p6_cp33,0.01064098914139322,1.0,head
h_p6_cp34,0.06470233797153924,1.0,head
h_p6_cp35,0.004827867268886621,1.0,head
h_p6_cp36,0.05115082513566449,1.0,head
h_p6_cp37,0.0020948093720107863,1.0,head
h_p6_cp38,0.05940969868515822,1.0,head
h_p6_cp39,0.0008747779170334979,1.0,head
h_p6_cp40,0.08565414853751463,1.0,head
h_p6_cp41,0.00035338409429641615,1.0,head
h_p6_cp42,0.12406803882049644,1.0,head
h_p6_cp43,0.00013868576661479892,1.0,head
h_p6_cp44,0.16285313982166372,1.0,head
h_p6_cp45,5.306512980496336e-05,1.0,head
h_p6_cp46,0.18478027557080168,1.0,head
h_p6_cp47,1.9859344774886267e-05,1.0,head
h_p6_cp48,0.17731635433779047,1.0,head
h_p6_cp49,7.292232794497977e-06,1.0,head
h_p6_cp50,0.14494960121828626,1.0,head
h_p6_cp51,2.6368090857431525e-06,1.0,head
h_p6_cp52,0.10316380550966642,1.0,head
h_p6_cp53,9.440409485250711e-07,1.0,head
h_p6_cp54,0.06546970382760264,1.0,head
h_p6_cp55,3.3843957680801395e-07,1.0,head
h_p6_cp56,0.03786500946580418,1.0,head
h_p6_cp57,1.253267782885814e-07,1.0,head
h_p6_cp58,0.020366444640558257,1.0,head
h_p6_cp59,5.25385530636413e-08,1.0,head
h_p6_cp60,0.010403168372022265,1.0,head
h_p6_cp61,3.0144292395561934e-08,1.0,head
h_p6_cp62,0.005166856052937874,1.0,head
h_p6_cp63,2.6364659788669087e-08,1.0,head
h_p6_cp64,0.0025576870045824762,1.0,head
h_p6_cp65,2.975434654217679e-08,1.0,head
h_p6_cp66,0.0012869380429947341,1.0,head
h_p6_cp67,3.5613993532024324e-08,1.0,head
h_p6_cp68,0.0006627977588777867,1.0,head
h_p6_cp69,4.1390421756659634e-08,1.0,head
h_p6_cp70,0.00034686699109443,1.0,head
h_p6_cp71,4.529874786385335e-08,1.0,head
h_p6_cp72,0.00018168105771110277,1.0,head
h_p6_cp73,4.625758265319746e-08,1.0,head
h_p6_cp74,9.381123777529865e-05,1.0,head
h_p6_cp75,4.395769792608917e-08,1.0,head
h_p6_cp76,4.723998563349596e-05,1.0,head
h_p6_cp77,3.8810640035080723e-08,1.0,head
h_p6_cp78,2.3060545572661795e-05,1.0,head
h_p6_cp79,3.183959051966667e-08,1.0,head
h_p6_cp80,1.088681028704741e-05,1.0,head
h_p6_cp81,2.425645106995944e-08,1.0,head
h_p6_cp82,4.969863994119805e-06,1.0,head
h_p6_cp83,1.710122887743637e-08,1.0,head
h_p6_cp84,0.00020266663250367856,1.0,head
h_p6_cp85,1.039408334690961e-05,1.0,head
h_p6_cp86,0.0002872816703529679,1.0,head
h_p6_cp87,2.0893687405987293e-05,1.0,head
h_p6_cp88,0.0003721715802385006,1.0,head
h_p6_cp89,4.010762836514914e-05,1.0,head
h_p6_cp90,0.00043675090819306206,1.0,head
h_p6_cp91,7.297742286027642e-05,1.0,head
h_p6_cp92,0.0004611162044056982,1.0,head
h_p6_cp93,0.00012479017686928273,1.0,head
h_p6_cp94,0.0004368301460999646,1.0,head
h_p6_cp95,0.00019858106861647684,1.0,head
h_p6_cp96,0.000372369319848076,1.0,head
h_p6_cp97,0.00029082210153319465,1.0,head
h_p6_cp98,0.00028768746324203676,1.0,head
h_p6_cp99,0.0003872091137964162,1.0,head
h_p6_cp100,0.0002034408062172588,1.0,head
h_p6_cp101,0.0004629263250990334,1.0,head
h_p6_cp102,0.00013328754357644357,1.0,head
h_p6_cp103,0.0004918439117318485,1.0,head
h_p6_cp104,8.22724127829133e-05,1.0,head
h_p6_cp105,0.00046229881945691886,1.0,head
h_p6_cp106,4.925701159663731e-05,1.0,head
h_p6_cp107,0.00038614347931797965,1.0,head
h_p6_cp108,3.0262317068263656e-05,1.0,head
h_p6_cp109,0.000289761914018527,1.0,head
h_p6_cp110,2.0905837118334603e-05,1.0,head
h_p6_cp111,0.00019846784334731638,1.0,head
h_p6_cp112,1.7610180748306448e-05,1.0,head
h_p6_cp113,0.00012782448857251438,1.0,head
h_p6_cp114,1.8003408513322938e-05,1.0,head
h_p6_cp115,8.477028154629807e-05,1.0,head
h_p6_cp116,2.0989337826904375e-05,1.0,head
h_p6_cp117,7.539150146840257e-05,1.0,head
h_p6_cp118,2.669035438884748e-05,1.0,head
h_p6_cp119,0.0001180252811536775,1.0,head
h_p6_cp120,3.617751781348488e-05,1.0,head
h_p6_cp121,0.0002667545290933049,1.0,head
h_p6_cp122,5.082141433376819e-05,1.0,head
h_p6_cp123,0.0006597623112156725,1.0,head
h_p6_cp124,7.12660748831695e-05,1.0,head
h_p6_cp125,0.001620772043679608,1.0,head
h_p6_cp126,9.63524262260762e-05,1.0,head
h_p6_cp127,0.0038604618230237975,1.0,head
h_p6_cp128,0.00012276698953428422,1.0,head
h_p6_cp129,0.00884082968536859,1.0,head
h_p6_cp130,0.00014661749173683347,1.0,head
h_p6_cp131,0.019350805881003907,1.0,head
h_p6_cp132,0.00016807835800136672,1.0,head
h_p6_cp133,0.040230215234714706,1.0,head
h_p6_cp134,0.00019927004041164764,1.0,head
h_p6_cp135,0.07886049963803998,1.0,head
h_p6_cp136,0.0002734412069003156,1.0,head
h_p6_cp137,0.14439282699595424,1.0,head
h_p6_cp138,0.00044816152649218566,1.0,head
h_p6_cp139,0.24372728179400838,1.0,head
h_p6_cp140,0.0007795000642545347,1.0,head
h_p6_cp141,0.37170011400485237,1.0,head
h_p6_cp142,0.0012236678899171238,1.0,head
h_p6_cp143,0.49597440125012326,1.0,head
h_p6_cp144,0.001489237506120844,1.0,head
h_p6_cp145,0.5519976543762368,1.0,head
h_p6_cp146,0.0011957128899666714,1.0,head
h_p6_cp147,0.4894106115179966,1.0,head
h_p6_cp148,0.0007222107296911418,1.0,head
h_p6_cp149,0.3598510023657582,1.0,head
h_p6_cp150,0.00036052009227205417,1.0,head
h_p6_cp151,0.22934485540031346,1.0,head
h_p6_cp152,0.000157539866904699,1.0,head
h_p6_cp153,0.13096153650644737,1.0,head
h_p6_cp154,6.254900972635369e-05,1.0,head
h_p6_cp155,0.06866763966195322,1.0,head
h_p6_cp156,2.3241355847858358e-05,1.0,head
h_p6_cp157,0.03385572819706795,1.0,head
h_p6_cp158,8.503758181177545e-06,1.0,head
h_p6_cp159,0.016468274673570704,1.0,head
h_p6_cp160,3.7990143937349785e-06,1.0,head
h_p6_cp161,0.009254270969449863,1.0,head
h_p6_cp162,3.6492242543317843e-06,1.0,head
h_p6_cp163,0.008295169885741416,1.0,head
h_p6_cp164,7.333540906984126e-06,1.0,head
h_p6_cp165,0.01228099352715617,1.0,head
h_p6_cp166,1.7867039787233807e-05,1.0,head
h_p6_cp167,0.021510086557100294,1.0,head
h_p6_cp168,4.390901494844002e-05,1.0,head
h_p6_cp169,0.03654693718408453,1.0,head
h_p6_cp170,0.00010540670382397366,1.0,head
h_p6_cp171,0.05615174407489576,1.0,head
h_p6_cp172,0.0002452802336847526,1.0,head
h_p6_cp173,0.07491208087481027,1.0,head
h_p6_cp174,0.0005508378008016734,1.0,head
h_p6_cp175,0.08335295290157774,1.0,head
h_p6_cp176,0.0011888287203873915,1.0,head
h_p6_cp177,0.07489165799688635,1.0,head
h_p6_cp178,0.0024546217664465075,1.0,head
h_p6_cp179,0.05608873226310607,1.0,head
h_p6_cp180,0.004825203616292129,1.0,head
h_p6_cp181,0.03637554843885482,1.0,head
h_p6_cp182,0.008985615447272721,1.0,head
h_p6_cp183,0.021060634401010248,1.0,head
h_p6_cp184,0.015776675209963287,1.0,head
h_p6_cp185,0.011136107896390968,1.0,head
h_p6_cp186,0.02601170221942084,1.0,head
h_p6_cp187,0.0054694882110197796,1.0,head
h_p6_cp188,0.04014979356998083,1.0,head
h_p6_cp189,0.002527373270368116,1.0,head
h_p6_cp190,0.0578332297027373,1.0,head
h_p6_cp191,0.0011096413329596544,1.0,head
h_p6_cp192,0.0771515858687053,1.0,head
h_p6_cp193,0.0004664909313305543,1.0,head
h_p6_cp194,0.0934583419352748,1.0,head
h_p6_cp195,0.00018894075105890806,1.0,head
h_p6_cp196,0.09920033498337943,1.0,head
h_p6_cp197,7.409525323964772e-05,1.0,head
h_p6_cp198,0.0893577296596959,1.0,head
h_p6_cp199,2.824890952979331e-05,1.0,head
h_p6_cp200,0.06982372956736072,1.0,head
h_p6_cp201,1.0505274758543237e-05,1.0,head
h_p6_cp202,0.04895570730377585,1.0,head
h_p6_cp203,3.821041900664568e-06,1.0,head
h_p6_cp204,0.03168123145860591,1.0,head
h_p6_cp205,1.3621020116261207e-06,1.0,head
h_p6_cp206,0.019287874882138567,1.0,head
h_p6_cp207,4.7635558075853623e-07,1.0,head
h_p6_cp208,0.011167666375058616,1.0,head
h_p6_cp209,1.632242856430821e-07,1.0,head
h_p6_cp210,0.006181616346111696,1.0,head
h_p6_cp211,5.4372094382415526e-08,1.0,head
h_p7_cp0,0.0002537570594540739,1.0,head
h_p7_cp1,0.005553445975692739,1.0,head
h_p7_cp2,0.0006384516204889223,1.0,head
h_p7_cp3,0.011390858772756474,1.0,head
h_p7_cp4,0.0015624722209395259,1.0,head
h_p7_cp5,0.02233416863145976,1.0,head
h_p7_cp6,0.003706226289523329,1.0,head
h_p7_cp7,0.041642303533990344,1.0,head
h_p7_cp8,0.008484538523134688,1.0,head
h_p7_cp9,0.07335178354333038,1.0,head
h_p7_cp10,0.018647316405804304,1.0,head
h_p7_cp11,0.12103319119432854,1.0,head
h_p7_cp12,0.039086438714093674,1.0,head
h_p7_cp13,0.18494983025539113,1.0,head
h_p7_cp14,0.07747396179865973,1.0,head
h_p7_cp15,0.2576344147605596,1.0,head
h_p7_cp16,0.14357552038109134,1.0,head
h_p7_cp17,0.32001176280527943,1.0,head
h_p7_cp18,0.244917991463808,1.0,head
h_p7_cp19,0.34432409430473854,1.0,head
h_p7_cp20,0.3761358995352566,1.0,head
h_p7_cp21,0.3131246117959563,1.0,head
h_p7_cp22,0.5037011371159679,1.0,head
h_p7_cp23,0.24519817046848402,1.0,head
h_p7_cp24,0.5630484749931384,1.0,head
h_p7_cp25,0.16954021288847798,1.0,head
h_p7_cp26,0.5044766355481443,1.0,head
h_p7_cp27,0.10575638499039997,1.0,head
h_p7_cp28,0.37823742297632634,1.0,head
h_p7_cp29,0.06054487534356667,1.0,head
h_p7_cp30,0.2497209124735491,1.0,head
h_p7_cp31,0.03225020305671933,1.0,head
h_p7_cp32,0.15386230963804337,1.0,head
h_p7_cp33,0.01616012874956141,1.0,head
h_p7_cp34,0.09831449214198074,1.0,head
h_p7_cp35,0.007685488675633678,1.0,head
h_p7_cp36,0.07877810305035382,1.0,head
h_p7_cp37,0.003494218976356933,1.0,head
h_p7_cp38,0.08896281344186718,1.0,head
h_p7_cp39,0.0015277483303179906,1.0,head
h_p7_cp40,0.12279230952958642,1.0,head
h_p7_cp41,0.0006455105635723157,1.0,head
h_p7_cp42,0.17143153707002057,1.0,head
h_p7_cp43,0.00026466121448720514,1.0,head
h_p7_cp44,0.2195136945113063,1.0,head
h_p7_cp45,0.00010567054118837405,1.0,head
h_p7_cp46,0.24674516469144692,1.0,head
h_p7_cp47,4.1219136392101063e-05,1.0,head
h_p7_cp48,0.23887910816642943,1.0,head
h_p7_cp49,1.5759395182612934e-05,1.0,head
h_p7_cp50,0.19975872286545382,1.0,head
h_p7_cp51,5.9285221141180955e-06,1.0,head
h_p7_cp52,0.14666618102842222,1.0,head
h_p7_cp53,2.2069505121180555e-06,1.0,head
h_p7_cp54,0.09645862109596237,1.0,head
h_p7_cp55,8.221622920245863e-07,1.0,head
h_p7_cp56,0.057942069993941914,1.0,head
h_p7_cp57,3.155921604047762e-07,1.0,head
h_p7_cp58,0.03238763652620946,1.0,head
h_p7_cp59,1.355504082312109e-07,1.0,head
h_p7_cp60,0.017173423277654365,1.0,head
h_p7_cp61,7.723770067968871e-08,1.0,head
h_p7_cp62,0.008823124051104969,1.0,head
h_p7_cp63,6.543632480315864e-08,1.0,head
h_p7_cp64,0.00448940066621617,1.0,head
h_p7_cp65,7.202106644399464e-08,1.0,head
h_p7_cp66,0.002303310603110731,1.0,head
h_p7_cp67,8.526035344402771e-08,1.0,head
h_p7_cp68,0.0012013459552235872,1.0,head
h_p7_cp69,9.886139196169097e-08,1.0,head
h_p7_cp70,0.0006347345924950787,1.0,head
h_p7_cp71,1.085545591195114e-07,1.0,head
h_p7_cp72,0.00033589813324397255,1.0,head
h_p7_cp73,1.1158499546581879e-07,1.0,head
h_p7_cp74,0.0001757677609930397,1.0,head
h_p7_cp75,1.0695998753362801e-07,1.0,head
h_p7_cp76,9.002648380374012e-05,1.0,head
h_p7_cp77,9.55192263063509e-08,1.0,head
h_p7_cp78,4.48489049631462e-05,1.0,head
h_p7_cp79,7.952553460199852e-08,1.0,head
h_p7_cp80,2.166501758438244e-05,1.0,head
h_p7_cp81,6.177197064971551e-08,1.0,head
h_p7_cp82,1.0139970981981605e-05,1.0,head
h_p7_cp83,4.464573066798039e-08,1.0,head
h_p7_cp84,0.00038217578821786446,1.0,head
h_p7_cp85,2.0529527091639466e-05,1.0,head
h_p7_cp86,0.0005325098654793692,1.0,head
h_p7_cp87,3.998899569523928e-05,1.0,head
h_p7_cp88,0.0006807000427215826,1.0,head
h_p7_cp89,7.447958932971233e-05,1.0,head
h_p7_cp90,0.0007919799472801969,1.0,head
h_p7_cp91,0.0001317011513037869,1.0,head
h_p7_cp92,0.0008336873834196012,1.0,head
h_p7_cp93,0.00021931875562586356,1.0,head
h_p7_cp94,0.0007921936385173467,1.0,head
h_p7_cp95,0.0003407908834560658,1.0,head
h_p7_cp96,0.0006812246629124274,1.0,head
h_p7_cp97,0.0004890185045951512,1.0,head
h_p7_cp98,0.0005335632913556765,1.0,head
h_p7_cp99,0.0006407722496533097,1.0,head
h_p7_cp100,0.0003841384718725749,1.0,head
h_p7_cp101,0.0007581142228900717,1.0,head
h_p7_cp102,0.00025721937890921254,1.0,head
h_p7_cp103,0.0008024096152894344,1.0,head
h_p7_cp104,0.00016294020360874129,1.0,head
h_p7_cp105,0.0007567683931029023,1.0,head
h_p7_cp106,0.00010060468048322946,1.0,head
h_p7_cp107,0.000638515361060854,1.0,head
h_p7_cp108,6.399754238373134e-05,1.0,head
h_p7_cp109,0.00048687874618735805,1.0,head
h_p7_cp110,4.5600112116517266e-05,1.0,head
h_p7_cp111,0.0003409524842936662,1.0,head
h_p7_cp112,3.8913772186788265e-05,1.0,head
h_p7_cp113,0.00022678978166368324,1.0,head
h_p7_cp114,3.94013618461031e-05,1.0,head
h_p7_cp115,0.0001588149307281128,1.0,head
h_p7_cp116,4.476537742448272e-05,1.0,head
h_p7_cp117,0.00015231612678689999,1.0,head
h_p7_cp118,5.4894143431738485e-05,1.0,head
h_p7_cp119,0.00024605346197859035,1.0,head
h_p7_cp120,7.137735519791022e-05,1.0,head
h_p7_cp121,0.0005430748065009539,1.0,head
h_p7_cp122,9.641966107665212e-05,1.0,head
h_p7_cp123,0.0012910436132642644,1.0,head
h_p7_cp124,0.00013135840163158718,1.0,head
h_p7_cp125,0.003040723040840021,1.0,head
h_p7_cp126,0.00017568841667525703,1.0,head
h_p7_cp127,0.006940192053207284,1.0,head
h_p7_cp128,0.00022849868992125266,1.0,head
h_p7_cp129,0.01522845613840218,1.0,head
h_p7_cp130,0.00029543161326728296,1.0,head
h_p7_cp131,0.031946024442504495,1.0,head
h_p7_cp132,0.0004050029046993586,1.0,head
h_p7_cp133,0.06370640366731095,1.0,head
h_p7_cp134,0.0006364177097566426,1.0,head
h_p7_cp135,0.11996701019552347,1.0,head
h_p7_cp136,0.0011511458433233202,1.0,head
h_p7_cp137,0.21152003706606592,1.0,head
h_p7_cp138,0.002187963238611701,1.0,head
h_p7_cp139,0.34499922218424217,1.0,head
h_p7_cp140,0.003912832149126189,1.0,head
h_p7_cp141,0.5109470571160273,1.0,head
h_p7_cp142,0.005989742860947445,1.0,head
h_p7_cp143,0.6670070275183662,1.0,head
h_p7_cp144,0.007123912361748808,1.0,head
h_p7_cp145,0.7348095106394794,1.0,head
h_p7_cp146,0.005940427049608843,1.0,head
h_p7_cp147,0.6562134999276168,1.0,head
h_p7_cp148,0.00381262964947382,1.0,head
h_p7_cp149,0.4915298392818386,1.0,head
h_p7_cp150,0.0020363599646771036,1.0,head
h_p7_cp151,0.3213862750462795,1.0,head
h_p7_cp152,0.0009527222578071814,1.0,head
h_p7_cp153,0.18915692253972338,1.0,head
h_p7_cp154,0.00040396087933913805,1.0,head
h_p7_cp155,0.10257301542469577,1.0,head
h_p7_cp156,0.00015912398885120638,1.0,head
h_p7_cp157,0.05244020282407291,1.0,head
h_p7_cp158,5.983547862342675e-05,1.0,head
h_p7_cp159,0.026461909372301307,1.0,head
h_p7_cp160,2.3323146251641447e-05,1.0,head
h_p7_cp161,0.015176258427800349,1.0,head
h_p7_cp162,1.3345355000637937e-05,1.0,head
h_p7_cp163,0.013125482759960505,1.0,head
h_p7_cp164,1.784974301699549e-05,1.0,head
h_p7_cp165,0.018147140644941828,1.0,head
h_p7_cp166,3.867964232995291e-05,1.0,head
h_p7_cp167,0.03008944338648689,1.0,head
h_p7_cp168,9.09831856006349e-05,1.0,head
h_p7_cp169,0.049069715294535854,1.0,head
h_p7_cp170,0.0002113093337356986,1.0,head
h_p7_cp171,0.073053525605701,1.0,head
h_p7_cp172,0.00047635234750487143,1.0,head
h_p7_cp173,0.09540469531248164,1.0,head
h_p7_cp174,0.0010364734298491385,1.0,head
h_p7_cp175,0.10530675583822813,1.0,head
h_p7_cp176,0.0021675346870324574,1.0,head
h_p7_cp177,0.09536260565050725,1.0,head
h_p7_cp178,0.004337874774137163,1.0,head
h_p7_cp179,0.07292725153729407,1.0,head
h_p7_cp180,0.008270532449841994,1.0,head
h_p7_cp181,0.048737985863454014,1.0,head
h_p7_cp182,0.014954933915760193,1.0,head
h_p7_cp183,0.029250978009258688,1.0,head
h_p7_cp184,0.025542374045016913,1.0,head
h_p7_cp185,0.016090062086959733,1.0,head
h_p7_cp186,0.04107625148617444,1.0,head
h_p7_cp187,0.0082369726142133,1.0,head
h_p7_cp188,0.06206527486574487,1.0,head
h_p7_cp189,0.0039706094578377815,1.0,head
h_p7_cp190,0.0878907360051926,1.0,head
h_p7_cp191,0.00181884816265665,1.0,head
h_p7_cp192,0.11577865759772976,1.0,head
h_p7_cp193,0.000797516039256152,1.0,head
h_p7_cp194,0.13909297499685636,1.0,head
h_p7_cp195,0.0003366903179085057,1.0,head
h_p7_cp196,0.1471289242167586,1.0,head
h_p7_cp197,0.00013751494179814472,1.0,head
h_p7_cp198,0.13275362452441186,1.0,head
h_p7_cp199,5.455259724840289e-05,1.0,head
h_p7_cp200,0.10447197252233309,1.0,head
h_p7_cp201,2.1089029587528785e-05,1.0,head
h_p7_cp202,0.0741519108146349,1.0,head
h_p7_cp203,7.966361181388493e-06,1.0,head
h_p7_cp204,0.04878788222094954,1.0,head
h_p7_cp205,2.9470070330717135e-06,1.0,head
h_p7_cp206,0.030301811135814205,1.0,head
h_p7_cp207,1.0692665455280803e-06,1.0,head
h_p7_cp208,0.017948906107903895,1.0,head
h_p7_cp209,3.80631490770611e-07,1.0,head
h_p7_cp210,0.010188659257892141,1.0,head
h_p7_cp211,1.3256749298307113e-07,1.0,head
h_p8_cp0,0.00045421194181471947,1.0,head
h_p8_cp1,0.008798338764336222,1.0,head
h_p8_cp2,0.0011055226132157259,1.0,head
h_p8_cp3,0.017356331600240082,1.0,head
h_p8_cp4,0.00261710225186107,1.0,head
h_p8_cp5,0.03270531632779239,1.0,head
h_p8_cp6,0.00600569073094448,1.0,head
h_p8_cp7,0.058573872500346624,1.0,head
h_p8_cp8,0.013305745972502336,1.0,head
h_p8_cp9,0.09911132175102466,1.0,head
h_p8_cp10,0.028319597577592504,1.0,head
h_p8_cp11,0.15728947315074038,1.0,head
h_p8_cp12,0.05754079560347236,1.0,head
h_p8_cp13,0.23191873417226816,1.0,head
h_p8_cp14,0.1107024659736453,1.0,head
h_p8_cp15,0.31357452909333006,1.0,head
h_p8_cp16,0.1994688732124814,1.0,head
h_p8_cp17,0.38137685751962636,1.0,head
h_p8_cp18,0.33155774015540374,1.0,head
h_p8_cp19,0.4064088942541275,1.0,head
h_p8_cp20,0.49765784197779794,1.0,head
h_p8_cp21,0.37134010742965984,1.0,head
h_p8_cp22,0.6545192709745606,1.0,head
h_p8_cp23,0.295432280804107,1.0,head
h_p8_cp24,0.7253943259224798,1.0,head
h_p8_cp25,0.20936165445118604,1.0,head
h_p8_cp26,0.6558338093946077,1.0,head
h_p8_cp27,0.1347557225089986,1.0,head
h_p8_cp28,0.5011276684267614,1.0,head
h_p8_cp29,0.07999183503989116,1.0,head
h_p8_cp30,0.339222280006652,1.0,head
h_p8_cp31,0.04432195594290533,1.0,head
h_p8_cp32,0.21529208167021352,1.0,head
h_p8_cp33,0.023145328949340183,1.0,head
h_p8_cp34,0.1415858318014216,1.0,head
h_p8_cp35,0.011481672998797876,1.0,head
h_p8_cp36,0.11423846223806322,1.0,head
h_p8_cp37,0.005445972509278363,1.0,head
h_p8_cp38,0.12529925289345556,1.0,head
h_p8_cp39,0.002483337903413485,1.0,head
h_p8_cp40,0.1660023000572437,1.0,head
h_p8_cp41,0.0010936460421362426,1.0,head
h_p8_cp42,0.22417018187707072,1.0,head
h_p8_cp43,0.0004669851741709863,1.0,head
h_p8_cp44,0.28096087068274755,1.0,head
h_p8_cp45,0.00019400792075430218,1.0,head
h_p8_cp46,0.3133035757532525,1.0,head
h_p8_cp47,7.867436715969234e-05,1.0,head
h_p8_cp48,0.3052258264312968,1.0,head
h_p8_cp49,3.124647696495231e-05,1.0,head
h_p8_cp50,0.260010405550247,1.0,head
h_p8_cp51,1.2203359347040532e-05,1.0,head
h_p8_cp52,0.19611510375466423,1.0,head
h_p8_cp53,4.714882607004256e-06,1.0,head
h_p8_cp54,0.13317850216776606,1.0,head
h_p8_cp55,1.8229256966151297e-06,1.0,head
h_p8_cp56,0.08283534099746248,1.0,head
h_p8_cp57,7.255880518641789e-07,1.0,head
h_p8_cp58,0.04799882378620168,1.0,head
h_p8_cp59,3.2073126021714415e-07,1.0,head
h_p8_cp60,0.026372372883770367,1.0,head
h_p8_cp61,1.8334276319365017e-07,1.0,head
h_p8_cp62,0.014004851289428188,1.0,head
h_p8_cp63,1.5138471098907758e-07,1.0,head
h_p8_cp64,0.007329724020564754,1.0,head
h_p8_cp65,1.620719558559358e-07,1.0,head
h_p8_cp66,0.0038427091860739893,1.0,head
h_p8_cp67,1.886280642793281e-07,1.0,head
h_p8_cp68,0.002035312954149049,1.0,head
h_p8_cp69,2.1683058548660483e-07,1.0,head
h_p8_cp70,0.0010879176006710622,1.0,head
h_p8_cp71,2.3732491172268055e-07,1.0,head
h_p8_cp72,0.0005820648111694027,1.0,head
h_p8_cp73,2.441065589664504e-07,1.0,head
h_p8_cp74,0.0003084449579091597,1.0,head
h_p8_cp75,2.3488087208534125e-07,1.0,head
h_p8_cp76,0.0001604147419129731,1.0,head
h_p8_cp77,2.1119672055647243e-07,1.0,head
h_p8_cp78,8.137002760122414e-05,1.0,head
h_p8_cp79,1.7756724446371663e-07,1.0,head
h_p8_cp80,4.0119611639966024e-05,1.0,head
h_p8_cp81,1.3969565770821646e-07,1.0,head
h_p8_cp82,1.9202007024432532e-05,1.0,head
h_p8_cp83,1.0250937521050218e-07,1.0,head
h_p8_cp84,0.0006718237827953999,1.0,head
h_p8_cp85,3.772606896745856e-05,1.0,head
h_p8_cp86,0.0009218568734468136,1.0,head
h_p8_cp87,7.138668752304511e-05,1.0,head
h_p8_cp88,0.0011645301733551605,1.0,head
h_p8_cp89,0.0001293340706070012,1.0,head
h_p8_cp90,0.0013447107698993932,1.0,head
h_p8_cp91,0.00022283993303062744,1.0,head
h_p8_cp92,0.0014118728390712931,1.0,head
h_p8_cp93,0.00036233488344805664,1.0,head
h_p8_cp94,0.0013452247626446479,1.0,head
h_p8_cp95,0.0005511549086349987,1.0,head
h_p8_cp96,0.0011657731042760133,1.0,head
h_p8_cp97,0.0007767066570067982,1.0,head
h_p8_cp98,0.0009243025792784465,1.0,head
h_p8_cp99,0.0010035004029305128,1.0,head
h_p8_cp100,0.0006762807806808269,1.0,head
h_p8_cp101,0.0011764274238430517,1.0,head
h_p8_cp102,0.000461901513972407,1.0,head
h_p8_cp103,0.0012409766659402521,1.0,head
h_p8_cp104,0.0002996102671204426,1.0,head
h_p8_cp105,0.0011737817287666985,1.0,head
h_p8_cp106,0.00019020265699509764,1.0,head
h_p8_cp107,0.0009991247159177874,1.0,head
h_p8_cp108,0.00012469308649087907,1.0,head
h_p8_cp109,0.0007727790507487953,1.0,head
h_p8_cp110,9.107426967602805e-05,1.0,head
h_p8_cp111,0.0005522860096789373,1.0,head
h_p8_cp112,7.839065074222162e-05,1.0,head
h_p8_cp113,0.00037887884241172287,1.0,head
h_p8_cp114,7.863524479034822e-05,1.0,head
h_p8_cp115,0.00027945771671511466,1.0,head
h_p8_cp116,8.74554066285782e-05,1.0,head
h_p8_cp117,0.0002858256320905639,1.0,head
h_p8_cp118,0.00010417449084343389,1.0,head
h_p8_cp119,0.0004710278321908845,1.0,head
h_p8_cp120,0.0001310732841375284,1.0,head
h_p8_cp121,0.001014607650859034,1.0,head
h_p8_cp122,0.00017188878473461955,1.0,head
h_p8_cp123,0.002325583005131193,1.0,head
h_p8_cp124,0.00023027235920380917,1.0,head
h_p8_cp125,0.005271604505878713,1.0,head
h_p8_cp126,0.0003103777007709141,1.0,head
h_p8_cp127,0.01157821138667714,1.0,head
h_p8_cp128,0.0004238418191562232,1.0,head
h_p8_cp129,0.02445122590961546,1.0,head
h_p8_cp130,0.0006099330053075391,1.0,head
h_p8_cp131,0.04938923368399628,1.0,head
h_p8_cp132,0.0009765665686245484,1.0,head
h_p8_cp133,0.09491289613538356,1.0,head
h_p8_cp134,0.0017624522010919463,1.0,head
h_p8_cp135,0.17245656405498266,1.0,head
h_p8_cp136,0.003387853853382694,1.0,head
h_p8_cp137,0.2939182764098405,1.0,head
h_p8_cp138,0.006376882273343654,1.0,head
h_p8_cp139,0.4645582855282555,1.0,head
h_p8_cp140,0.010915572725934908,1.0,head
h_p8_cp141,0.6691716127602376,1.0,head
h_p8_cp142,0.015912224997009616,1.0,head
h_p8_cp143,0.8547497587815087,1.0,head
h_p8_cp144,0.018405614438961493,1.0,head
h_p8_cp145,0.9315985395628559,1.0,head
h_p8_cp146,0.015831089561288536,1.0,head
h_p8_cp147,0.838456942140283,1.0,head
h_p8_cp148,0.010751839909062255,1.0,head
h_p8_cp149,0.6399243088319508,1.0,head
h_p8_cp150,0.006131332233053399,1.0,head
h_p8_cp151,0.4289003908038467,1.0,head
h_p8_cp152,0.003069082612000784,1.0,head
h_p8_cp153,0.25971213851221364,1.0,head
h_p8_cp154,0.0013909686194892856,1.0,head
h_p8_cp155,0.14526926077382996,1.0,head
h_p8_cp156,0.0005839424784426228,1.0,head
h_p8_cp157,0.07676547326150285,1.0,head
h_p8_cp158,0.00023202881448014523,1.0,head
h_p8_cp159,0.04003298838711089,1.0,head
h_p8_cp160,9.154795225185808e-05,1.0,head
h_p8_cp161,0.023373272028266,1.0,head
h_p8_cp162,4.403206639835844e-05,1.0,head
h_p8_cp163,0.019594597723425977,1.0,head
h_p8_cp164,4.215088574710535e-05,1.0,head
h_p8_cp165,0.025446831658655356,1.0,head
h_p8_cp166,7.813099000486545e-05,1.0,head
h_p8_cp167,0.040103605510921625,1.0,head
h_p8_cp168,0.00017421167422071449,1.0,head
h_p8_cp169,0.0630495950454133,1.0,head
h_p8_cp170,0.00039126718638726743,1.0,head
h_p8_cp171,0.09134170008451292,1.0,head
h_p8_cp172,0.0008555573622288648,1.0,head
h_p8_cp173,0.11709756455024944,1.0,head
h_p8_cp174,0.0018066978650495003,1.0,head
h_p8_cp175,0.12827930658932019,1.0,head
h_p8_cp176,0.0036683384146272147,1.0,head
h_p8_cp177,0.1170175435188412,1.0,head
h_p8_cp178,0.007132660799015866,1.0,head
h_p8_cp179,0.09110769116796291,1.0,head
h_p8_cp180,0.013227801675839146,1.0,head
h_p8_cp181,0.06245418694948057,1.0,head
h_p8_cp182,0.02330886383924735,1.0,head
h_p8_cp183,0.03864890982208635,1.0,head
h_p8_cp184,0.038899937646874605,1.0,head
h_p8_cp185,0.0219990152054379,1.0,head
h_p8_cp186,0.06134454581206228,1.0,head
h_p8_cp187,0.011680175061201226,1.0,head
h_p8_cp188,0.0912677985143091,1.0,head
h_p8_cp189,0.005847148826433113,1.0,head
h_p8_cp190,0.1277533237280295,1.0,head
h_p8_cp191,0.002783250211223276,1.0,head
h_p8_cp192,0.1668002259430068,1.0,head
h_p8_cp193,0.0012682647795827506,1.0,head
h_p8_cp194,0.19898354900533377,1.0,head
h_p8_cp195,0.0005563009626712301,1.0,head
h_p8_cp196,0.20971834698912062,1.0,head
h_p8_cp197,0.0002359544619139342,1.0,head
h_p8_cp198,0.1898732420527267,1.0,head
h_p8_cp199,9.714381076264544e-05,1.0,head
h_p8_cp200,0.1505584267129052,1.0,head
h_p8_cp201,3.894561086781323e-05,1.0,head
h_p8_cp202,0.10793620074446153,1.0,head
h_p8_cp203,1.5244977248585201e-05,1.0,head
h_p8_cp204,0.07187425608844933,1.0,head
h_p8_cp205,5.839646746608196e-06,1.0,head
h_p8_cp206,0.04528030194251187,1.0,head
h_p8_cp207,2.1926775843894575e-06,1.0,head
h_p8_cp208,0.027275002206806676,1.0,head
h_p8_cp209,8.077120128291426e-07,1.0,head
h_p8_cp210,0.01578771357480946,1.0,head
h_p8_cp211,2.915840013884008e-07,1.0,head
h_p9_cp0,0.0007659600146325829,1.0,head
h_p9_cp1,0.013240560366739373,1.0,head
h_p9_cp2,0.0018078837529174052,1.0,head
h_p9_cp3,0.025230839306004782,1.0,head
h_p9_cp4,0.00415021732032983,1.0,head
h_p9_cp5,0.04590538990123605,1.0,head
h_p9_cp6,0.009236509666607162,1.0,head
h_p9_cp7,0.07936404293786836,1.0,head
h_p9_cp8,0.019851160318921757,1.0,head
h_p9_cp9,0.12967991869300022,1.0,head
h_p9_cp10,0.041001684598086285,1.0,head
h_p9_cp11,0.19903388623652063,1.0,head
h_p9_cp12,0.08088719290617519,1.0,head
h_p9_cp13,0.2847594463578389,1.0,head
h_p9_cp14,0.15119028197932494,1.0,head
h_p9_cp15,0.37571105114693637,1.0,head
h_p9_cp16,0.26487818110945227,1.0,head
h_p9_cp17,0.44946819850156317,1.0,head
h_p9_cp18,0.4285783882069154,1.0,head
h_p9_cp19,0.4755774790774012,1.0,head
h_p9_cp20,0.6275149779780804,1.0,head
h_p9_cp21,0.435332791520068,1.0,head
h_p9_cp22,0.8088947953187926,1.0,head
h_p9_cp23,0.35014729184649696,1.0,head
h_p9_cp24,0.888100795047194,1.0,head
h_p9_cp25,0.25288612672193267,1.0,head
h_p9_cp26,0.810977942297086,1.0,head
h_p9_cp27,0.16697276518425497,1.0,head
h_p9_cp28,0.6328828643463567,1.0,head
h_p9_cp29,0.10218009801292283,1.0,head
h_p9_cp30,0.4400689622216305,1.0,head
h_p9_cp31,0.0585714226735945,1.0,head
h_p9_cp32,0.28780962191785875,1.0,head
h_p9_cp33,0.031715547353542206,1.0,head
h_p9_cp34,0.1944462160108742,1.0,head
h_p9_cp35,0.0163356074431249,1.0,head
h_p9_cp36,0.15771278014153722,1.0,head
h_p9_cp37,0.008049954128637182,1.0,head
h_p9_cp38,0.16840048070844205,1.0,head
h_p9_cp39,0.0038140212059261103,1.0,head
h_p9_cp40,0.2150130134812116,1.0,head
h_p9_cp41,0.0017447777886445692,1.0,head
h_p9_cp42,0.2819788109716228,1.0,head
h_p9_cp43,0.0007735182266515039,1.0,head
h_p9_cp44,0.34704743996326215,1.0,head
h_p9_cp45,0.0003334469624860503,1.0,head
h_p9_cp46,0.38427254471162087,1.0,head
h_p9_cp47,0.00014021843799127964,1.0,head
h_p9_cp48,0.37573606068076515,1.0,head
h_p9_cp49,5.7715452612683293e-05,1.0,head
h_p9_cp50,0.3245980168276219,1.0,head
h_p9_cp51,2.3351713025476784e-05,1.0,head
h_p9_cp52,0.2503362016798292,1.0,head
h_p9_cp53,9.345644002678455e-06,1.0,head
h_p9_cp54,0.17480037929294667,1.0,head
h_p9_cp55,3.743509523701505e-06,1.0,head
h_p9_cp56,0.11218296555693996,1.0,head
h_p9_cp57,1.5430150597239845e-06,1.0,head
h_p9_cp58,0.06719354263191235,1.0,head
h_p9_cp59,7.020184966677334e-07,1.0,head
h_p9_cp60,0.0381713152996781,1.0,head
h_p9_cp61,4.040157364215702e-07,1.0,head
h_p9_cp62,0.020924901489479453,1.0,head
h_p9_cp63,3.264442511863308e-07,1.0,head
h_p9_cp64,0.0112634032736878,1.0,head
h_p9_cp65,3.4001209314737935e-07,1.0,head
h_p9_cp66,0.0060410916305499995,1.0,head
h_p9_cp67,3.8830376070109196e-07,1.0,head
h_p9_cp68,0.003255650935216181,1.0,head
h_p9_cp69,4.4153603084851056e-07,1.0,head
h_p9_cp70,0.0017637728947192954,1.0,head
h_p9_cp71,4.806770448340103e-07,1.0,head
h_p9_cp72,0.0009550156373734353,1.0,head
h_p9_cp73,4.937435278407065e-07,1.0,head
h_p9_cp74,0.0005124614947362716,1.0,head
h_p9_cp75,4.760252068081172e-07,1.0,head
h_p9_cp76,0.00027035924040319514,1.0,head
h_p9_cp77,4.3016461859224364e-07,1.0,head
h_p9_cp78,0.00013941617726231925,1.0,head
h_p9_cp79,3.644674961833516e-07,1.0,head
h_p9_cp80,7.002500001362932e-05,1.0,head
h_p9_cp81,2.896229034377029e-07,1.0,head
h_p9_cp82,3.42015905516746e-05,1.0,head
h_p9_cp83,2.1495748114830349e-07,1.0,head
h_p9_cp84,0.0011144638128826045,1.0,head
h_p9_cp85,6.534660110446566e-05,1.0,head
h_p9_cp86,0.0015081676574482117,1.0,head
h_p9_cp87,0.00012037817305099452,1.0,head
h_p9_cp88,0.0018849726843654935,1.0,head
h_p9_cp89,0.00021260752555463114,1.0,head
h_p9_cp90,0.0021619244744215393,1.0,head
h_p9_cp91,0.0003576936678655329,1.0,head
h_p9_cp92,0.0022646830125268025,1.0,head
h_p9_cp93,0.0005690509292435308,1.0,head
h_p9_cp94,0.0021630493379234395,1.0,head
h_p9_cp95,0.0008489738656862755,1.0,head
h_p9_cp96,0.0018876550434470118,1.0,head
h_p9_cp97,0.001176925698928244,1.0,head
h_p9_cp98,0.0015133470978980768,1.0,head
h_p9_cp99,0.001501298935181694,1.0,head
h_p9_cp100,0.0011237097082812397,1.0,head
h_p9_cp101,0.0017454432763770455,1.0,head
h_p9_cp102,0.0007815843136995682,1.0,head
h_p9_cp103,0.0018355524377966503,1.0,head
h_p9_cp104,0.0005180989001019043,1.0,head
h_p9_cp105,0.0017406160766313405,1.0,head
h_p9_cp106,0.0003372605683580332,1.0,head
h_p9_cp107,0.0014934361165614973,1.0,head
h_p9_cp108,0.00022694647441312554,1.0,head
h_p9_cp109,0.001170300791727641,1.0,head
h_p9_cp110,0.00016909791111174854,1.0,head
h_p9_cp111,0.0008525749572072527,1.0,head
h_p9_cp112,0.00014636366313425242,1.0,head
h_p9_cp113,0.0006026360467785707,1.0,head
h_p9_cp114,0.00014553936489392072,1.0,head
h_p9_cp115,0.0004668432975449832,1.0,head
h_p9_cp116,0.00015904872179817175,1.0,head
h_p9_cp117,0.000503929479918952,1.0,head
h_p9_cp118,0.00018520925550546963,1.0,head
h_p9_cp119,0.0008399388675570663,1.0,head
h_p9_cp120,0.0002273852101097873,1.0,head
h_p9_cp121,0.0017655986928275524,1.0,head
h_p9_cp122,0.0002923664355876099,1.0,head
h_p9_cp123,0.003912181256509939,1.0,head
h_p9_cp124,0.0003897764663634007,1.0,head
h_p9_cp125,0.008561776499846019,1.0,head
h_p9_cp126,0.000536882239885017,1.0,head
h_p9_cp127,0.01815528974702829,1.0,head
h_p9_cp128,0.0007767185029479151,1.0,head
h_p9_cp129,0.037026759074024085,1.0,head
h_p9_cp130,0.001220796034886007,1.0,head
h_p9_cp131,0.07226059161098419,1.0,head
h_p9_cp132,0.0021254841790323553,1.0,head
h_p9_cp133,0.13426502675611118,1.0,head
h_p9_cp134,0.00398858406333602,1.0,head
h_p9_cp135,0.23612433150310608,1.0,head
h_p9_cp136,0.0075816918097189046,1.0,head
h_p9_cp137,0.3900752675324384,1.0,head
h_p9_cp138,0.013695839843421709,1.0,head
h_p9_cp139,0.598877069977334,1.0,head
h_p9_cp140,0.02227659789559766,1.0,head
h_p9_cp141,0.8406982214562504,1.0,head
h_p9_cp142,0.031020572822853865,1.0,head
h_p9_cp143,1.0525754037837487,1.0,head
h_p9_cp144,0.035071833767688076,1.0,head
h_p9_cp145,1.1364976661693618,1.0,head
h_p9_cp146,0.03089411680412013,1.0,head
h_p9_cp147,1.0296985538616354,1.0,head
h_p9_cp148,0.02202276526713831,1.0,head
h_p9_cp149,0.7996890407468982,1.0,head
h_p9_cp150,0.013317767868556984,1.0,head
h_p9_cp151,0.5487237566155727,1.0,head
h_p9_cp152,0.007093950102898816,1.0,head
h_p9_cp153,0.3413628755224636,1.0,head
h_p9_cp154,0.0034223812172058388,1.0,head
h_p9_cp155,0.1966138926206895,1.0,head
h_p9_cp156,0.0015271578836291155,1.0,head
h_p9_cp157,0.10716007509131487,1.0,head
h_p9_cp158,0.0006424803682421043,1.0,head
h_p9_cp159,0.05760548366356488,1.0,head
h_p9_cp160,0.0002639389417709026,1.0,head
h_p9_cp161,0.03419909120043485,1.0,head
h_p9_cp162,0.00012146948347435682,1.0,head
h_p9_cp163,0.027931091253776685,1.0,head
h_p9_cp164,9.436659729544772e-05,1.0,head
h_p9_cp165,0.03427067130883188,1.0,head
h_p9_cp166,0.00014898529980200692,1.0,head
h_p9_cp167,0.05150558791024196,1.0,head
h_p9_cp168,0.0003124358886452683,1.0,head
h_p9_cp169,0.07831331438319467,1.0,head
h_p9_cp170,0.0006780962930861278,1.0,head
h_p9_cp171,0.11075365463648268,1.0,head
h_p9_cp172,0.0014400282670976594,1.0,head
h_p9_cp173,0.13973440915242463,1.0,head
h_p9_cp174,0.0029566170501311717,1.0,head
h_p9_cp175,0.15212579213584831,1.0,head
h_p9_cp176,0.005840942389568227,1.0,head
h_p9_cp177,0.13959209644781367,1.0,head
h_p9_cp178,0.011061622843953955,1.0,head
h_p9_cp179,0.11034713422191089,1.0,head
h_p9_cp180,0.020012137761568738,1.0,head
h_p9_cp181,0.07730911667181317,1.0,head
h_p9_cp182,0.03447844578158765,1.0,head
h_p9_cp183,0.0491282171635703,1.0,head
h_p9_cp184,0.05642799426186684,1.0,head
h_p9_cp185,0.028813590024810765,1.0,head
h_p9_cp186,0.0875737492638109,1.0,head
h_p9_cp187,0.01580034927565066,1.0,head
h_p9_cp188,0.1286737933241966,1.0,head
h_p9_cp189,0.008181856263490772,1.0,head
h_p9_cp190,0.17834409268698437,1.0,head
h_p9_cp191,0.004032195106901781,1.0,head
h_p9_cp192,0.2308680207534053,1.0,head
h_p9_cp193,0.0019031031356462336,1.0,head
h_p9_cp194,0.27337630355168585,1.0,head
h_p9_cp195,0.0008646708365631639,1.0,head
h_p9_cp196,0.2870943750949664,1.0,head
h_p9_cp197,0.00037981283367116703,1.0,head
h_p9_cp198,0.2610191977264549,1.0,head
h_p9_cp199,0.00016187801611522445,1.0,head
h_p9_cp200,0.20882087782365488,1.0,head
h_p9_cp201,6.714868163726351e-05,1.0,head
h_p9_cp202,0.15131265388254178,1.0,head
h_p9_cp203,2.718008749980072e-05,1.0,head
h_p9_cp204,0.10190690645868017,1.0,head
h_p9_cp205,1.0759125643744483e-05,1.0,head
h_p9_cp206,0.06498290976696808,1.0,head
h_p9_cp207,4.1721561956364894e-06,1.0,head
h_p9_cp208,0.03967785567328974,1.0,head
h_p9_cp209,1.5864693523326423e-06,1.0,head
h_p9_cp210,0.023330425692620338,1.0,head
h_p9_cp211,5.912243068451062e-07,1.0,head
h_p10_cp0,0.0012280345968065376,1.0,head
h_p10_cp1,0.019128368792735273,1.0,head
h_p10_cp2,0.0028161475447632256,1.0,head
h_p10_cp3,0.035344969806828885,1.0,head
h_p10_cp4,0.006280663056259073,1.0,head
h_p10_cp5,0.06235018378129098,1.0,head
h_p10_cp6,0.013579623739587987,1.0,head
h_p10_cp7,0.10453836541728379,1.0,head
h_p10_cp8,0.028355013137115748,1.0,head
h_p10_cp9,0.1658082228054809,1.0,head
h_p10_cp10,0.056904804423538735,1.0,head
h_p10_cp11,0.24755797918533062,1.0,head
h_p10_cp12,0.10909169467822721,1.0,head
h_p10_cp13,0.3459045743138631,1.0,head
h_p10_cp14,0.19820065846397483,1.0,head
h_p10_cp15,0.4483849150506103,1.0,head
h_p10_cp16,0.3376863727694399,1.0,head
h_p10_cp17,0.5308495679983025,1.0,head
h_p10_cp18,0.5319681475466496,1.0,head
h_p10_cp19,0.5594152821427087,1.0,head
h_p10_cp20,0.7603684841978975,1.0,head
h_p10_cp21,0.5115731245864481,1.0,head
h_p10_cp22,0.9623321648896308,1.0,head
h_p10_cp23,0.4135113418187757,1.0,head
h_p10_cp24,1.048676657438591,1.0,head
h_p10_cp25,0.3023108550009965,1.0,head
h_p10_cp26,0.9654540225324126,1.0,head
h_p10_cp27,0.2034203889438686,1.0,head
h_p10_cp28,0.7682391468238166,1.0,head
h_p10_cp29,0.12756004048333125,1.0,head
h_p10_cp30,0.5483398796441179,1.0,head
h_p10_cp31,0.07523273774586414,1.0,head
h_p10_cp32,0.36936465551161746,1.0,head
h_p10_cp33,0.042033687498587824,1.0,head
h_p10_cp34,0.2561417970623552,1.0,head
h_p10_cp35,0.022379832371370867,1.0,head
h_p10_cp36,0.20901054066280267,1.0,head
h_p10_cp37,0.011412132723762625,1.0,head
h_p10_cp38,0.21817953116669742,1.0,head
h_p10_cp39,0.0055977921747398796,1.0,head
h_p10_cp40,0.269696758863347,1.0,head
h_p10_cp41,0.002651356594014942,1.0,head
h_p10_cp42,0.3446918254794582,1.0,head
h_p10_cp43,0.0012167784523171576,1.0,head
h_p10_cp44,0.4174958535634232,1.0,head
h_p10_cp45,0.000542790732197318,1.0,head
h_p10_cp46,0.4591672397839375,1.0,head
h_p10_cp47,0.00023610394578099658,1.0,head
h_p10_cp48,0.44989774456394116,1.0,head
h_p10_cp49,0.00010049106845144706,1.0,head
h_p10_cp50,0.39282179990118493,1.0,head
h_p10_cp51,4.203351818432566e-05,1.0,head
h_p10_cp52,0.3084749805884712,1.0,head
h_p10_cp53,1.739138633638504e-05,1.0,head
h_p10_cp54,0.22057200280892175,1.0,head
h_p10_cp55,7.203664836197277e-06,1.0,head
h_p10_cp56,0.1455281272724278,1.0,head
h_p10_cp57,3.0691444408148527e-06,1.0,head
h_p10_cp58,0.08982236046972503,1.0,head
h_p10_cp59,1.4354709492181428e-06,1.0,head
h_p10_cp60,0.05262636840120649,1.0,head
h_p10_cp61,8.327845080202678e-07,1.0,head
h_p10_cp62,0.02972866077902836,1.0,head
h_p10_cp63,6.604941518162377e-07,1.0,head
h_p10_cp64,0.016445886317569602,1.0,head
h_p10_cp65,6.70033841743134e-07,1.0,head
h_p10_cp66,0.009027229579487539,1.0,head
h_p10_cp67,7.504904715460725e-07,1.0,head
h_p10_cp68,0.004955878160217253,1.0,head
h_p10_cp69,8.434678875346435e-07,1.0,head
h_p10_cp70,0.0027250258833646512,1.0,head
h_p10_cp71,9.125785709329648e-07,1.0,head
h_p10_cp72,0.0014947139382002206,1.0,head
h_p10_cp73,9.353723271487979e-07,1.0,head
h_p10_cp74,0.0008123905715820001,1.0,head
h_p10_cp75,9.028449312609155e-07,1.0,head
h_p10_cp76,0.0004345628649389255,1.0,head
h_p10_cp77,8.191650522348937e-07,1.0,head
h_p10_cp78,0.00022757419696972647,1.0,head
h_p10_cp79,6.986235803196905e-07,1.0,head
h_p10_cp80,0.00011627663957369805,1.0,head
h_p10_cp81,5.599197265837574e-07,1.0,head
h_p10_cp82,5.785931625723606e-05,1.0,head
h_p10_cp83,4.1946645978896413e-07,1.0,head
h_p10_cp84,0.00175990649177038,1.0,head
h_p10_cp85,0.00010770697190309875,1.0,head
h_p10_cp86,0.0023514310296377516,1.0,head
h_p10_cp87,0.0001935148343363835,1.0,head
h_p10_cp88,0.0029103058163855167,1.0,head
h_p10_cp89,0.00033377575778104074,1.0,head
h_p10_cp90,0.0033172838320751907,1.0,head
h_p10_cp91,0.0005492641751061456,1.0,head
h_p10_cp92,0.0034677000353440235,1.0,head
h_p10_cp93,0.0008563215076264896,1.0,head
h_p10_cp94,0.0033195576174875896,1.0,head
h_p10_cp95,0.0012548306006010534,1.0,head
h_p10_cp96,0.002915658305028046,1.0,head
h_p10_cp97,0.001713351623266135,1.0,head
h_p10_cp98,0.002361586592542153,1.0,head
h_p10_cp99,0.002159937462693051,1.0,head
h_p10_cp100,0.0017776891468201939,1.0,head
h_p10_cp101,0.0024919677580328425,1.0,head
h_p10_cp102,0.0012575090099744557,1.0,head
h_p10_cp103,0.0026131087863632274,1.0,head
h_p10_cp104,0.0008504687334607297,1.0,head
h_p10_cp105,0.0024837142796059197,1.0,head
h_p10_cp106,0.0005663535994244739,1.0,head
h_p10_cp107,0.0021467192786985834,1.0,head
h_p10_cp108,0.0003898756581293128,1.0,head
h_p10_cp109,0.0017030184142186044,1.0,head
h_p10_cp110,0.0002952674544758338,1.0,head
h_p10_cp111,0.0012637536735837784,1.0,head
h_p10_cp112,0.0002564950127634802,1.0,head
h_p10_cp113,0.0009197263780151843,1.0,head
h_p10_cp114,0.0002530236783968576,1.0,head
h_p10_cp115,0.0007459788032520009,1.0,head
h_p10_cp116,0.0002725907238527725,1.0,head
h_p10_cp117,0.0008420036101597361,1.0,head
h_p10_cp118,0.00031203422440739814,1.0,head
h_p10_cp119,0.0014104142596806923,1.0,head
h_p10_cp120,0.00037662230442947475,1.0,head
h_p10_cp121,0.0028938937516613805,1.0,head
h_p10_cp122,0.00047896280466375174,1.0,head
h_p10_cp123,0.006212362839050911,1.0,head
h_p10_cp124,0.0006409855805031839,1.0,head
h_p10_cp125,0.013159636181853784,1.0,head
h_p10_cp126,0.0009064375663001556,1.0,head
h_p10_cp127,0.027013554535869844,1.0,head
h_p10_cp128,0.0013760372935394116,1.0,head
h_p10_cp129,0.0533500955270938,1.0,head
h_p10_cp130,0.0022796364414716663,1.0,head
h_p10_cp131,0.10087419939304709,1.0,head
h_p10_cp132,0.004088886400950287,1.0,head
h_p10_cp133,0.1817286679740846,1.0,head
h_p10_cp134,0.007626981385783438,1.0,head
h_p10_cp135,0.3102024602351321,1.0,head
h_p10_cp136,0.014019732906035642,1.0,head
h_p10_cp137,0.4981408999967698,1.0,head
h_p10_cp138,0.02417270855676179,1.0,head
h_p10_cp139,0.7450759924017802,1.0,head
h_p10_cp140,0.037471605722203094,1.0,head
h_p10_cp141,1.0225110248372857,1.0,head
h_p10_cp142,0.05016098371879707,1.0,head
h_p10_cp143,1.258813832405167,1.0,head
h_p10_cp144,0.05570579185996394,1.0,head
h_p10_cp145,1.349146803530175,1.0,head
h_p10_cp146,0.04997202041931814,1.0,head
h_p10_cp147,1.228544003002753,1.0,head
h_p10_cp148,0.03709385579077207,1.0,head
h_p10_cp149,0.9682678896349444,1.0,head
h_p10_cp150,0.023613010286680947,1.0,head
h_p10_cp151,0.6784808371360214,1.0,head
h_p10_cp152,0.013301079569828289,1.0,head
h_p10_cp153,0.43269730501560844,1.0,head
h_p10_cp154,0.0067949962513012,1.0,head
h_p10_cp155,0.2561183588009044,1.0,head
h_p10_cp156,0.0032094283774313226,1.0,head
h_p10_cp157,0.14368839795292843,1.0,head
h_p10_cp158,0.0014263003172345634,1.0,head
h_p10_cp159,0.07945704153394217,1.0,head
h_p10_cp160,0.0006139820488897385,1.0,head
h_p10_cp161,0.047938628069232436,1.0,head
h_p10_cp162,0.0002837854049175803,1.0,head
h_p10_cp163,0.038328453809072016,1.0,head
h_p10_cp164,0.00019647013550638803,1.0,head
h_p10_cp165,0.044677289010451204,1.0,head
h_p10_cp166,0.0002697913714655442,1.0,head
h_p10_cp167,0.06419277051190875,1.0,head
h_p10_cp168,0.0005302632416714914,1.0,head
h_p10_cp169,0.09456512835708963,1.0,head
h_p10_cp170,0.001111636657242343,1.0,head
h_p10_cp171,0.13075246822563713,1.0,head
h_p10_cp172,0.002295572956882097,1.0,head
h_p10_cp173,0.16249457079698004,1.0,head
h_p10_cp174,0.00459097647035378,1.0,head
h_p10_cp175,0.1758204279774418,1.0,head
h_p10_cp176,0.008843856257044536,1.0,head
h_p10_cp177,0.16225533852480112,1.0,head
h_p10_cp178,0.01635301156557034,1.0,head
h_p10_cp179,0.13008371481464565,1.0,head
h_p10_cp180,0.02893894604721936,1.0,head
h_p10_cp181,0.09295798388120602,1.0,head
h_p10_cp182,0.04888643835010953,1.0,head
h_p10_cp183,0.06049829040489385,1.0,head
h_p10_cp184,0.07867641562415884,1.0,head
h_p10_cp185,0.03644711944161827,1.0,head
h_p10_cp186,0.12043955639546766,1.0,head
h_p10_cp187,0.02057482037821501,1.0,head
h_p10_cp188,0.17502170305169784,1.0,head
h_p10_cp189,0.01098486733030768,1.0,head
h_p10_cp190,0.24032630895953844,1.0,head
h_p10_cp191,0.005587276597452728,1.0,head
h_p10_cp192,0.30846196863512887,1.0,head
h_p10_cp193,0.002723298063301627,1.0,head
h_p10_cp194,0.36265479417761526,1.0,head
h_p10_cp195,0.0012781204895873088,1.0,head
h_p10_cp196,0.37970295944205645,1.0,head
h_p10_cp197,0.0005799373093395843,1.0,head
h_p10_cp198,0.3466234416168845,1.0,head
h_p10_cp199,0.00025527456227791845,1.0,head
h_p10_cp200,0.27981269328029157,1.0,head
h_p10_cp201,0.00010932523082374246,1.0,head
h_p10_cp202,0.2050166353210443,1.0,head
h_p10_cp203,4.566736197375576e-05,1.0,head
h_p10_cp204,0.1396784593985103,1.0,head
h_p10_cp205,1.8645751879375894e-05,1.0,head
h_p10_cp206,0.09010859007457839,1.0,head
h_p10_cp207,7.453573516613687e-06,1.0,head
h_p10_cp208,0.055691913487407874,1.0,head
h_p10_cp209,2.9199943583080312e-06,1.0,head
h_p10_cp210,0.033190323491453455,1.0,head
h_p10_cp211,1.1205354439880466e-06,1.0,head
h_p11_cp0,0.00188464689108514,1.0,head
h_p11_cp1,0.026731897632544133,1.0,head
h_p11_cp2,0.004205368318253022,1.0,head
h_p11_cp3,0.04806247565420563,1.0,head
h_p11_cp4,0.009124758827056212,1.0,head
h_p11_cp5,0.08252571683260612,1.0,head
h_p11_cp6,0.01919202733961356,1.0,head
h_p11_cp7,0.13478902682709304,1.0,head
h_p11_cp8,0.03898025184344078,1.0,head
h_p11_cp9,0.20860580122780448,1.0,head
h_p11_cp10,0.07609112625505077,1.0,head
h_p11_cp11,0.3047884257066471,1.0,head
h_p11_cp12,0.14190134526734255,1.0,head
h_p11_cp13,0.4186177997125924,1.0,head
h_p11_cp14,0.2508767013732722,1.0,head
h_p11_cp15,0.5364881163236532,1.0,head
h_p11_cp16,0.4163042931554628,1.0,head
h_p11_cp17,0.6315734190120565,1.0,head
h_p11_cp18,0.6399559555156884,1.0,head
h_p11_cp19,0.6640714098380158,1.0,head
h_p11_cp20,0.8958829227299248,1.0,head
h_p11_cp21,0.6060324506665893,1.0,head
h_p11_cp22,1.1175616877076209,1.0,head
h_p11_cp23,0.4902618371788776,1.0,head
h_p11_cp24,1.2116854043870262,1.0,head
h_p11_cp25,0.36068641738847873,1.0,head
h_p11_cp26,1.1220273537746834,1.0,head
h_p11_cp27,0.24577424385233826,1.0,head
h_p11_cp28,0.9069222143380102,1.0,head
h_p11_cp29,0.15697116721503335,1.0,head
h_p11_cp30,0.6623301188810728,1.0,head
h_p11_cp31,0.09472993532290275,1.0,head
h_p11_cp32,0.4584039948836107,1.0,head
h_p11_cp33,0.05434274126037053,1.0,head
h_p11_cp34,0.3257810728050572,1.0,head
h_p11_cp35,0.029777789431136625,1.0,head
h_p11_cp36,0.2677537698918968,1.0,head
h_p11_cp37,0.01565143556899784,1.0,head
h_p11_cp38,0.27451470956521007,1.0,head
h_p11_cp39,0.007920254228338308,1.0,head
h_p11_cp40,0.3300553282369947,1.0,head
h_p11_cp41,0.0038717697468655388,1.0,head
h_p11_cp42,0.41240366246370286,1.0,head
h_p11_cp43,0.0018340888102557074,1.0,head
h_p11_cp44,0.4924856854781865,1.0,head
h_p11_cp45,0.0008444500701898505,1.0,head
h_p11_cp46,0.5382533823437825,1.0,head
h_p11_cp47,0.00037905698331996973,1.0,head
h_p11_cp48,0.5279327588530123,1.0,head
h_p11_cp49,0.00016646324957036995,1.0,head
h_p11_cp50,0.464666141734142,1.0,head
h_p11_cp51,7.183716729741718e-05,1.0,head
h_p11_cp52,0.37020930541370944,1.0,head
h_p11_cp53,3.066912290705659e-05,1.0,head
h_p11_cp54,0.270029021182836,1.0,head
h_p11_cp55,1.3111248108543805e-05,1.0,head
h_p11_cp56,0.18248490591713562,1.0,head
h_p11_cp57,5.762774208051269e-06,1.0,head
h_p11_cp58,0.11568848741944748,1.0,head
h_p11_cp59,2.7663697892421624e-06,1.0,head
h_p11_cp60,0.06971638669597269,1.0,head
h_p11_cp61,1.6185526874323841e-06,1.0,head
h_p11_cp62,0.04049978954776634,1.0,head
h_p11_cp63,1.2632237940124469e-06,1.0,head
h_p11_cp64,0.02299706979988514,1.0,head
h_p11_cp65,1.2498967407736927e-06,1.0,head
h_p11_cp66,0.01291494007887195,1.0,head
h_p11_cp67,1.3731687431572936e-06,1.0,head
h_p11_cp68,0.007226382667568032,1.0,head
h_p11_cp69,1.524903154859203e-06,1.0,head
h_p11_cp70,0.004036458726432102,1.0,head
h_p11_cp71,1.6390993096138118e-06,1.0,head
h_p11_cp72,0.0022446324730935885,1.0,head
h_p11_cp73,1.6757794583099894e-06,1.0,head
h_p11_cp74,0.0012361086214696115,1.0,head
h_p11_cp75,1.6186020275199553e-06,1.0,head
h_p11_cp76,0.0006702986534037336,1.0,head
h_p11_cp77,1.473630845794105e-06,1.0,head
h_p11_cp78,0.00035624268798528647,1.0,head
h_p11_cp79,1.2640612112591043e-06,1.0,head
h_p11_cp80,0.00018496838993087295,1.0,head
h_p11_cp81,1.0207381819782313e-06,1.0,head
h_p11_cp82,9.365104051539674e-05,1.0,head
h_p11_cp83,7.707742497586878e-07,1.0,head
h_p11_cp84,0.0026629904900801193,1.0,head
h_p11_cp85,0.00017013121328091074,1.0,head
h_p11_cp86,0.0035160355337211513,1.0,head
h_p11_cp87,0.00029859178653168783,1.0,head
h_p11_cp88,0.004312343333822355,1.0,head
h_p11_cp89,0.0005036982402089052,1.0,head
h_p11_cp90,0.0048872654524529935,1.0,head
h_p11_cp91,0.0008118776647734194,1.0,head
h_p11_cp92,0.005099071963286406,1.0,head
h_p11_cp93,0.0012419682261679554,1.0,head
h_p11_cp94,0.004891560792657401,1.0,head
h_p11_cp95,0.0017895804996896914,1.0,head
h_p11_cp96,0.004322334636981395,1.0,head
h_p11_cp97,0.002408981339840466,1.0,head
h_p11_cp98,0.0035346860645404377,1.0,head
h_p11_cp99,0.003003510570806611,1.0,head
h_p11_cp100,0.00269506595304847,1.0,head
h_p11_cp101,0.0034403683214350167,1.0,head
h_p11_cp102,0.0019368605508134351,1.0,head
h_p11_cp103,0.003597875538162043,1.0,head
h_p11_cp104,0.0013346043779165484,1.0,head
h_p11_cp105,0.003427042909379452,1.0,head
h_p11_cp106,0.0009074021586457093,1.0,head
h_p11_cp107,0.0029825702456491854,1.0,head
h_p11_cp108,0.0006373038550009369,1.0,head
h_p11_cp109,0.002394041257502977,1.0,head
h_p11_cp110,0.0004892569627372723,1.0,head
h_p11_cp111,0.0018087624243889877,1.0,head
h_p11_cp112,0.0004260351761331549,1.0,head
h_p11_cp113,0.0013545124347729143,1.0,head
h_p11_cp114,0.000417319507960201,1.0,head
h_p11_cp115,0.0011465610346022004,1.0,head
h_p11_cp116,0.00044448000744523597,1.0,head
h_p11_cp117,0.0013424203261820367,1.0,head
h_p11_cp118,0.0005024843503633747,1.0,head
h_p11_cp119,0.002249174715643676,1.0,head
h_p11_cp120,0.0005999501890983083,1.0,head
h_p11_cp121,0.004506413844410417,1.0,head
h_p11_cp122,0.0007595744914397073,1.0,head
h_p11_cp123,0.009390124398350963,1.0,head
h_p11_cp124,0.0010246961837765411,1.0,head
h_p11_cp125,0.01929474988082802,1.0,head
h_p11_cp126,0.0014829708466095326,1.0,head
h_p11_cp127,0.03842897352001273,1.0,head
h_p11_cp128,0.0023229863068081613,1.0,head
h_p11_cp129,0.07366678944913474,1.0,head
h_p11_cp130,0.0039377329594572075,1.0,head
h_p11_cp131,0.1352779353223923,1.0,head
h_p11_cp132,0.007064163397444645,1.0,head
h_p11_cp133,0.23688301398465228,1.0,head
h_p11_cp134,0.01287360314745456,1.0,head
h_p11_cp135,0.3934653941403212,1.0,head
h_p11_cp136,0.022786540015204082,1.0,head
h_p11_cp137,0.6157871144121145,1.0,head
h_p11_cp138,0.03764939224583941,1.0,head
h_p11_cp139,0.8995632277949426,1.0,head
h_p11_cp140,0.05608676336350982,1.0,head
h_p11_cp141,1.2096293449524183,1.0,head
h_p11_cp142,0.07287209649030046,1.0,head
h_p11_cp143,1.466697034392837,1.0,head
h_p11_cp144,0.07996415315528793,1.0,head
h_p11_cp145,1.5611833818329615,1.0,head
h_p11_cp146,0.07259896527239107,1.0,head
h_p11_cp147,1.4285282305711462,1.0,head
h_p11_cp148,0.05554247893905995,1.0,head
h_p11_cp149,1.1411928828945292,1.0,head
h_p11_cp150,0.03684618513307214,1.0,head
h_p11_cp151,0.8151715339217844,1.0,head
h_p11_cp152,0.021758889210104826,1.0,head
h_p11_cp153,0.5319384530419029,1.0,head
h_p11_cp154,0.011686160943099821,1.0,head
h_p11_cp155,0.32297466706449995,1.0,head
h_p11_cp156,0.005808199115563184,1.0,head
h_p11_cp157,0.18616811082847562,1.0,head
h_p11_cp158,0.002714767929774098,1.0,head
h_p11_cp159,0.10570796370416247,1.0,head
h_p11_cp160,0.0012241947774782602,1.0,head
h_p11_cp161,0.06478703656671314,1.0,head
h_p11_cp162,0.0005791346811747644,1.0,head
h_p11_cp163,0.05092232277320363,1.0,head
h_p11_cp164,0.00037842316669411957,1.0,head
h_p11_cp165,0.05666358473490618,1.0,head
h_p11_cp166,0.0004655589145841077,1.0,head
h_p11_cp167,0.07795928779773931,1.0,head
h_p11_cp168,0.0008585212490288541,1.0,head
h_p11_cp169,0.11132228971337099,1.0,head
h_p11_cp170,0.0017386651384185825,1.0,head
h_p11_cp171,0.15050334289639977,1.0,head
h_p11_cp172,0.0034958922028636152,1.0,head
h_p11_cp173,0.18419177725468217,1.0,head
h_p11_cp174,0.006822833491241909,1.0,head
h_p11_cp175,0.19801876921223993,1.0,head
h_p11_cp176,0.012843340154176985,1.0,head
h_p11_cp177,0.18380858324667315,1.0,head
h_p11_cp178,0.023241592657086585,1.0,head
h_p11_cp179,0.1494533988038711,1.0,head
h_p11_cp180,0.040328947859507025,1.0,head
h_p11_cp181,0.10886312595948766,1.0,head
h_p11_cp182,0.06695872224008781,1.0,head
h_p11_cp183,0.07246031057502478,1.0,head
h_p11_cp184,0.1061897378122012,1.0,head
h_p11_cp185,0.04475396370958151,1.0,head
h_p11_cp186,0.160593070998857,1.0,head
h_p11_cp187,0.02594794754236318,1.0,head
h_p11_cp188,0.23101262594173022,1.0,head
h_p11_cp189,0.014247784684130238,1.0,head
h_p11_cp190,0.3143752535893327,1.0,head
h_p11_cp191,0.007460314556283265,1.0,head
h_p11_cp192,0.40022046985723136,1.0,head
h_p11_cp193,0.0037456955301422568,1.0,head
h_p11_cp194,0.467494929476743,1.0,head
h_p11_cp195,0.0018115294740255194,1.0,head
h_p11_cp196,0.488269228597801,1.0,head
h_p11_cp197,0.0008471272110455175,1.0,head
h_p11_cp198,0.4473917750228793,1.0,head
h_p11_cp199,0.0003842800108486699,1.0,head
h_p11_cp200,0.36421752438445765,1.0,head
h_p11_cp201,0.0001695701655535231,1.0,head
h_p11_cp202,0.26976885898830005,1.0,head
h_p11_cp203,7.296088733710349e-05,1.0,head
h_p11_cp204,0.18592632292484268,1.0,head
h_p11_cp205,3.067215402552392e-05,1.0,head
h_p11_cp206,0.12132822194553228,1.0,head
h_p11_cp207,1.2618146456588875e-05,1.0,head
h_p11_cp208,0.07585696915930384,1.0,head
h_p11_cp209,5.084195890958654e-06,1.0,head
h_p11_cp210,0.04576188780220036,1.0,head
h_p11_cp211,2.00520412363403e-06,1.0,head
h_p12_cp0,0.0027835140203933406,1.0,head
h_p12_cp1,0.03634199515636283,1.0,head
h_p12_cp2,0.006051146171103028,1.0,head
h_p12_cp3,0.06377989848488141,1.0,head
h_p12_cp4,0.012789292964043852,1.0,head
h_p12_cp5,0.10698193224288843,1.0,head
h_p12_cp6,0.026198260122782813,1.0,head
h_p12_cp7,0.17092947760193056,1.0,head
h_p12_cp8,0.05181831745449017,1.0,head
h_p12_cp9,0.25936086523597623,1.0,head
h_p12_cp10,0.09850764794600764,1.0,head
h_p12_cp11,0.37277747492180424,1.0,head
h_p12_cp12,0.178946832386373,1.0,head
h_p12_cp13,0.5059008662424276,1.0,head
h_p12_cp14,0.3083712787151853,1.0,head
h_p12_cp15,0.6437212511445978,1.0,head
h_p12_cp16,0.4994178808824472,1.0,head
h_p12_cp17,0.7552877396174154,1.0,head
h_p12_cp18,0.7510361098106841,1.0,head
h_p12_cp19,0.7927973932869463,1.0,head
h_p12_cp20,1.0324939740016816,1.0,head
h_p12_cp21,0.722331094560559,1.0,head
h_p12_cp22,1.2721210583035827,1.0,head
h_p12_cp23,0.5840469140230198,1.0,head
h_p12_cp24,1.373059869818917,1.0,head
h_p12_cp25,0.4309311499437172,1.0,head
h_p12_cp26,1.2782645788711307,1.0,head
h_p12_cp27,0.29595417314567385,1.0,head
h_p12_cp28,1.047415828094472,1.0,head
h_p12_cp29,0.19151979682965248,1.0,head
h_p12_cp30,0.7805808178577536,1.0,head
h_p12_cp31,0.11766474823662065,1.0,head
h_p12_cp32,0.5536307636216407,1.0,head
h_p12_cp33,0.06897949962058192,1.0,head
h_p12_cp34,0.40247882693483916,1.0,head
h_p12_cp35,0.03873627163420679,1.0,head
h_p12_cp36,0.33347487398350495,1.0,head
h_p12_cp37,0.020906442051455087,1.0,head
h_p12_cp38,0.3372193604732274,1.0,head
h_p12_cp39,0.01087732167025024,1.0,head
h_p12_cp40,0.39604383653954756,1.0,head
h_p12_cp41,0.005471212089787514,1.0,head
h_p12_cp42,0.48510040336532256,1.0,head
h_p12_cp43,0.002667863466513154,1.0,head
h_p12_cp44,0.5719679825620005,1.0,head
h_p12_cp45,0.0012646302964185452,1.0,head
h_p12_cp46,0.6215039691378479,1.0,head
h_p12_cp47,0.0005844721740686509,1.0,head
h_p12_cp48,0.6099909745455534,1.0,head
h_p12_cp49,0.0002642764443407941,1.0,head
h_p12_cp50,0.5403320017951501,1.0,head
h_p12_cp51,0.00011743734125957417,1.0,head
h_p12_cp52,0.43557383052348086,1.0,head
h_p12_cp53,5.1637448223118554e-05,1.0,head
h_p12_cp54,0.3230093414149451,1.0,head
h_p12_cp55,2.274174084959668e-05,1.0,head
h_p12_cp56,0.22282496273396646,1.0,head
h_p12_cp57,1.0291862963640597e-05,1.0,head
h_p12_cp58,0.14462825324267214,1.0,head
h_p12_cp59,5.062278205514303e-06,1.0,head
h_p12_cp60,0.0893903534954461,1.0,head
h_p12_cp61,2.9872592222091043e-06,1.0,head
h_p12_cp62,0.05327875307193608,1.0,head
h_p12_cp63,2.2991732748778304e-06,1.0,head
h_p12_cp64,0.031003773048269068,1.0,head
h_p12_cp65,2.2222718598641222e-06,1.0,head
h_p12_cp66,0.017799619339257333,1.0,head
h_p12_cp67,2.3954262360348366e-06,1.0,head
h_p12_cp68,0.010150243237603718,1.0,head
h_p12_cp69,2.628125002956949e-06,1.0,head
h_p12_cp70,0.005761817019447335,1.0,head
h_p12_cp71,2.8059907890565228e-06,1.0,head
h_p12_cp72,0.0032499164487944654,1.0,head
h_p12_cp73,2.8608164939214475e-06,1.0,head
h_p12_cp74,0.0018138713803637074,1.0,head
h_p12_cp75,2.764162218227284e-06,1.0,head
h_p12_cp76,0.000997025556216613,1.0,head
h_p12_cp77,2.5240806280635297e-06,1.0,head
h_p12_cp78,0.0005375222144721192,1.0,head
h_p12_cp79,2.176320094804396e-06,1.0,head
h_p12_cp80,0.0002834014019299502,1.0,head
h_p12_cp81,1.769199343470973e-06,1.0,head
h_p12_cp82,0.00014585537905986712,1.0,head
h_p12_cp83,1.3450398910208605e-06,1.0,head
h_p12_cp84,0.00388117734428306,1.0,head
h_p12_cp85,0.0002589492337392585,1.0,head
h_p12_cp86,0.005067702906217164,1.0,head
h_p12_cp87,0.00044454556200435036,1.0,head
h_p12_cp88,0.006162885009871388,1.0,head
h_p12_cp89,0.0007343546142237756,1.0,head
h_p12_cp90,0.0069473395692511986,1.0,head
h_p12_cp91,0.0011607046535573318,1.0,head
h_p12_cp92,0.007235614410546987,1.0,head
h_p12_cp93,0.0017440615472423815,1.0,head
h_p12_cp94,0.0069549938689306146,1.0,head
h_p12_cp95,0.002473435311458161,1.0,head
h_p12_cp96,0.006180494523050584,1.0,head
h_p12_cp97,0.0032851226089860575,1.0,head
h_p12_cp98,0.005100080330976198,1.0,head
h_p12_cp99,0.0040534584197757795,1.0,head
h_p12_cp100,0.00393593469834741,1.0,head
h_p12_cp101,0.004611695022276763,1.0,head
h_p12_cp102,0.0028711628228847985,1.0,head
h_p12_cp103,0.00481052923464631,1.0,head
h_p12_cp104,0.00201326640399202,1.0,head
h_p12_cp105,0.004591253259832229,1.0,head
h_p12_cp106,0.0013952221979707247,1.0,head
h_p12_cp107,0.004022017270926881,1.0,head
h_p12_cp108,0.0009976208907573891,1.0,head
h_p12_cp109,0.003265141000611038,1.0,head
h_p12_cp110,0.0007748385241939104,1.0,head
h_p12_cp111,0.00251081405167497,1.0,head
h_p12_cp112,0.0006759116886314587,1.0,head
h_p12_cp113,0.001933504521730356,1.0,head
h_p12_cp114,0.0006581099246432132,1.0,head
h_p12_cp115,0.0017024544754349336,1.0,head
h_p12_cp116,0.0006946609196347708,1.0,head
h_p12_cp117,0.0020535630626454804,1.0,head
h_p12_cp118,0.0007784775589243509,1.0,head
h_p12_cp119,0.0034296214462301577,1.0,head
h_p12_cp120,0.0009237174590452923,1.0,head
h_p12_cp121,0.006713864258017566,1.0,head
h_p12_cp122,0.0011689480493259907,1.0,head
h_p12_cp123,0.013602311203612771,1.0,head
h_p12_cp124,0.0015903214894024131,1.0,head
h_p12_cp125,0.02716412018594383,1.0,head
h_p12_cp126,0.0023391972549688944,1.0,head
h_p12_cp127,0.05259906052697261,1.0,head
h_p12_cp128,0.0037221574493742082,1.0,head
h_p12_cp129,0.09807834590469611,1.0,head
h_p12_cp130,0.006332467316042312,1.0,head
h_p12_cp131,0.17530786965812695,1.0,head
h_p12_cp132,0.011200783051663166,1.0,head
h_p12_cp133,0.29906781045406206,1.0,head
h_p12_cp134,0.019834253010685643,1.0,head
h_p12_cp135,0.48452300407734583,1.0,head
h_p12_cp136,0.033862020590731845,1.0,head
h_p12_cp137,0.7407663408257577,1.0,head
h_p12_cp138,0.053924168946196005,1.0,head
h_p12_cp139,1.059349646675173,1.0,head
h_p12_cp140,0.07777437958702649,1.0,head
h_p12_cp141,1.398819749266977,1.0,head
h_p12_cp142,0.09874882185613387,1.0,head
h_p12_cp143,1.673652163677616,1.0,head
h_p12_cp144,0.10740253740777916,1.0,head
h_p12_cp145,1.7711945977516734,1.0,head
h_p12_cp146,0.09836460548285686,1.0,head
h_p12_cp147,1.6273069819142165,1.0,head
h_p12_cp148,0.07701065498349635,1.0,head
h_p12_cp149,1.3156126072512961,1.0,head
h_p12_cp150,0.05280073765743509,1.0,head
h_p12_cp151,0.9562563588926878,1.0,head
h_p12_cp152,0.03242868838742652,1.0,head
h_p12_cp153,0.6372999171837819,1.0,head
h_p12_cp154,0.018180356531502184,1.0,head
h_p12_cp155,0.3961975308627643,1.0,head
h_p12_cp156,0.00945012044530813,1.0,head
h_p12_cp157,0.23422245363121874,1.0,head
h_p12_cp158,0.0046223287322391116,1.0,head
h_p12_cp159,0.13632842162974157,1.0,head
h_p12_cp160,0.0021776824655717064,1.0,head
h_p12_cp161,0.08483833074865288,1.0,head
h_p12_cp162,0.0010620818729876191,1.0,head
h_p12_cp163,0.06577489666915426,1.0,head
h_p12_cp164,0.0006772739707230357,1.0,head
h_p12_cp165,0.07015455771920642,1.0,head
h_p12_cp166,0.0007678691636101576,1.0,head
h_p12_cp167,0.09251224621789333,1.0,head
h_p12_cp168,0.0013344584344849864,1.0,head
h_p12_cp169,0.1280131263883959,1.0,head
h_p12_cp170,0.0026127782357434626,1.0,head
h_p12_cp171,0.16915052989111246,1.0,head
h_p12_cp172,0.005122061723341176,1.0,head
h_p12_cp173,0.2037904373796664,1.0,head
h_p12_cp174,0.009772865437298606,1.0,head
h_p12_cp175,0.21766610351392046,1.0,head
h_p12_cp176,0.01801296081930559,1.0,head
h_p12_cp177,0.20320186748131164,1.0,head
h_p12_cp178,0.03196829573653304,1.0,head
h_p12_cp179,0.16756761455349078,1.0,head
h_p12_cp180,0.05450515009715673,1.0,head
h_p12_cp181,0.12439401676260786,1.0,head
h_p12_cp182,0.08910983725945698,1.0,head
h_p12_cp183,0.08462769603215747,1.0,head
h_p12_cp184,0.13946206606487976,1.0,head
h_p12_cp185,0.05352685810385083,1.0,head
h_p12_cp186,0.20854595591299585,1.0,head
h_p12_cp187,0.031825763393044326,1.0,head
h_p12_cp188,0.29703656661376954,1.0,head
h_p12_cp189,0.017939893244147243,1.0,head
h_p12_cp190,0.40054267777804853,1.0,head
h_p12_cp191,0.00965099964764704,1.0,head
h_p12_cp192,0.5056018502104962,1.0,head
h_p12_cp193,0.004981225026995162,1.0,head
h_p12_cp194,0.5865918899944518,1.0,head
h_p12_cp195,0.002477391994716527,1.0,head
h_p12_cp196,0.6110230474014315,1.0,head
h_p12_cp197,0.0011915795571439958,1.0,head
h_p12_cp198,0.5620713960693138,1.0,head
h_p12_cp199,0.0005559813064337504,1.0,head
h_p12_cp200,0.46158612788076425,1.0,head
h_p12_cp201,0.0002523227371966641,1.0,head
h_p12_cp202,0.34573009417590583,1.0,head
h_p12_cp203,0.00011163487647536385,1.0,head
h_p12_cp204,0.24113467589222637,1.0,head
h_p12_cp205,4.824152460969344e-05,1.0,head
h_p12_cp206,0.1592156462429557,1.0,head
h_p12_cp207,2.0391825046317535e-05,1.0,head
h_p12_cp208,0.100693074791252,1.0,head
h_p12_cp209,8.437609722022898e-06,1.0,head
h_p12_cp210,0.06145225501859386,1.0,head
h_p12_cp211,3.4145898553106235e-06,1.0,head
h_p13_cp0,0.003973963294811256,1.0,head
h_p13_cp1,0.04825971803438733,1.0,head
h_p13_cp2,0.008426088119904307,1.0,head
h_p13_cp3,0.08290240422593342,1.0,head
h_p13_cp4,0.01736677289227373,1.0,head
h_p13_cp5,0.13627227037068224,1.0,head
h_p13_cp6,0.03468807114813899,1.0,head
h_p13_cp7,0.2137474498008487,1.0,head
h_p13_cp8,0.06689936257089357,1.0,head
h_p13_cp9,0.31922170488223856,1.0,head
h_p13_cp10,0.12402617213410849,1.0,head
h_p13_cp11,0.45312308403254065,1.0,head
h_p13_cp12,0.21982394630504132,1.0,head
h_p13_cp13,0.6096683015693998,1.0,head
h_p13_cp14,0.36994648133759256,1.0,head
h_p13_cp15,0.7718107925775257,1.0,head
h_p13_cp16,0.5860729923383587,1.0,head
h_p13_cp17,0.9029729892704381,1.0,head
h_p13_cp18,0.8643669580715141,1.0,head
h_p13_cp19,0.9461028532282398,1.0,head
h_p13_cp20,1.1698648096203215,1.0,head
h_p13_cp21,0.8615463975415878,1.0,head
h_p13_cp22,1.426507229024537,1.0,head
h_p13_cp23,0.6967641399542117,1.0,head
h_p13_cp24,1.5342262353424303,1.0,head
h_p13_cp25,0.5151457645552,1.0,head
h_p13_cp26,1.4346856648112407,1.0,head
h_p13_cp27,0.35568018791036593,1.0,head
h_p13_cp28,1.1894194541991965,1.0,head
h_p13_cp29,0.23236955758920885,1.0,head
h_p13_cp30,0.9022812220764536,1.0,head
h_p13_cp31,0.14474363652198008,1.0,head
h_p13_cp32,0.6540924148516751,1.0,head
h_p13_cp33,0.08635906354174949,1.0,head
h_p13_cp34,0.4854479018404163,1.0,head
h_p13_cp35,0.04950693822866015,1.0,head
h_p13_cp36,0.4056562891196336,1.0,head
h_p13_cp37,0.027338953742400918,1.0,head
h_p13_cp38,0.4059747068154138,1.0,head
h_p13_cp39,0.014577378263311402,1.0,head
h_p13_cp40,0.46738746300889034,1.0,head
h_p13_cp41,0.007522594767806368,1.0,head
h_p13_cp42,0.5623901839840073,1.0,head
h_p13_cp43,0.0037659507863736508,1.0,head
h_p13_cp44,0.6553750591656353,1.0,head
h_p13_cp45,0.0018335199058583385,1.0,head
h_p13_cp46,0.7083318821130433,1.0,head
h_p13_cp47,0.0008705870482117462,1.0,head
h_p13_cp48,0.6957280313004048,1.0,head
h_p13_cp49,0.00040450200162922556,1.0,head
h_p13_cp50,0.6197765374577102,1.0,head
h_p13_cp51,0.0001847468208779901,1.0,head
h_p13_cp52,0.5046291350329284,1.0,head
h_p13_cp53,8.35155522054265e-05,1.0,head
h_p13_cp54,0.37950392645689135,1.0,head
h_p13_cp55,3.782382350436819e-05,1.0,head
h_p13_cp56,0.26645739081368447,1.0,head
h_p13_cp57,1.759175620463793e-05,1.0,head
h_p13_cp58,0.17654336301188778,1.0,head
h_p13_cp59,8.85169333741942e-06,1.0,head
h_p13_cp60,0.11160246151416686,1.0,head
h_p13_cp61,5.267682354315184e-06,1.0,head
h_p13_cp62,0.0680836399758391,1.0,head
h_p13_cp63,4.005587470601313e-06,1.0,head
h_p13_cp64,0.040527327156269166,1.0,head
h_p13_cp65,3.787834430113435e-06,1.0,head
h_p13_cp66,0.023758538238780602,1.0,head
h_p13_cp67,4.007736606581602e-06,1.0,head
h_p13_cp68,0.013800969637713933,1.0,head
h_p13_cp69,4.344031594882836e-06,1.0,head
h_p13_cp70,0.007961409030940558,1.0,head
h_p13_cp71,4.6062843921390595e-06,1.0,head
h_p13_cp72,0.004555643327876169,1.0,head
h_p13_cp73,4.682350663642865e-06,1.0,head
h_p13_cp74,0.0025772773808512284,1.0,head
h_p13_cp75,4.524490577750839e-06,1.0,head
h_p13_cp76,0.0014358617620473524,1.0,head
h_p13_cp77,4.142215402680449e-06,1.0,head
h_p13_cp78,0.0007849948001421581,1.0,head
h_p13_cp79,3.5880862014892045e-06,1.0,head
h_p13_cp80,0.0004200226701414067,1.0,head
h_p13_cp81,2.9343611913645873e-06,1.0,head
h_p13_cp82,0.0002195621243572532,1.0,head
h_p13_cp83,2.2437611733039375e-06,1.0,head
h_p13_cp84,0.0054721030273867655,1.0,head
h_p13_cp85,0.0003814363171841251,1.0,head
h_p13_cp86,0.0070706273659197905,1.0,head
h_p13_cp87,0.0006412793500203406,1.0,head
h_p13_cp88,0.008530619390057836,1.0,head
h_p13_cp89,0.0010385124144249858,1.0,head
h_p13_cp90,0.009568775695697695,1.0,head
h_p13_cp91,0.0016112489431634458,1.0,head
h_p13_cp92,0.009949599349511118,1.0,head
h_p13_cp93,0.0023802533701200446,1.0,head
h_p13_cp94,0.009581740892826929,1.0,head
h_p13_cp95,0.0033252114378683473,1.0,head
h_p13_cp96,0.008560145693081722,1.0,head
h_p13_cp97,0.004360652185141589,1.0,head
h_p13_cp98,0.007124158209080633,1.0,head
h_p13_cp99,0.005327896965582113,1.0,head
h_p13_cp100,0.005561232574564201,1.0,head
h_p13_cp101,0.006023080927661795,1.0,head
h_p13_cp102,0.004114411369755544,1.0,head
h_p13_cp103,0.006267629591093282,1.0,head
h_p13_cp104,0.0029327919078241393,1.0,head
h_p13_cp105,0.005993132475623497,1.0,head
h_p13_cp106,0.002068722609692486,1.0,head
h_p13_cp107,0.005282952659854345,1.0,head
h_p13_cp108,0.0015033482991384517,1.0,head
h_p13_cp109,0.004336155491728277,1.0,head
h_p13_cp110,0.0011796821727330098,1.0,head
h_p13_cp111,0.0033927979436612077,1.0,head
h_p13_cp112,0.001030664503105072,1.0,head
h_p13_cp113,0.002684754421807156,1.0,head
h_p13_cp114,0.0009985445303755114,1.0,head
h_p13_cp115,0.002450898553661318,1.0,head
h_p13_cp116,0.001046687369580468,1.0,head
h_p13_cp117,0.0030283867915841256,1.0,head
h_p13_cp118,0.0011660735654004384,1.0,head
h_p13_cp119,0.005028978207747059,1.0,head
h_p13_cp120,0.0013793381176583352,1.0,head
h_p13_cp121,0.009625615208051386,1.0,head
h_p13_cp122,0.0017479511548117443,1.0,head
h_p13_cp123,0.018991160464565837,1.0,head
h_p13_cp124,0.002393707642568188,1.0,head
h_p13_cp125,0.03692490857224584,1.0,head
h_p13_cp126,0.003551813028025208,1.0,head
h_p13_cp127,0.06964370081664129,1.0,head
h_p13_cp128,0.0056734329018581775,1.0,head
h_p13_cp129,0.1265671786798066,1.0,head
h_p13_cp130,0.009577626089139812,1.0,head
h_p13_cp131,0.2206620201975511,1.0,head
h_p13_cp132,0.016594611292021,1.0,head
h_p13_cp133,0.3675385271531013,1.0,head
h_p13_cp134,0.02852643252526832,1.0,head
h_p13_cp135,0.5821086088419634,1.0,head
h_p13_cp136,0.04710738298945216,1.0,head
h_p13_cp137,0.8714447253275921,1.0,head
h_p13_cp138,0.07263574538910689,1.0,head
h_p13_cp139,1.2230167325315051,1.0,head
h_p13_cp140,0.10191627287258598,1.0,head
h_p13_cp141,1.589920020629961,1.0,head
h_p13_cp142,0.1269158637919645,1.0,head
h_p13_cp143,1.8816252571077712,1.0,head
h_p13_cp144,0.1369976171149574,1.0,head
h_p13_cp145,1.9824521642547097,1.0,head
h_p13_cp146,0.12638780964289253,1.0,head
h_p13_cp147,1.8270053487738096,1.0,head
h_p13_cp148,0.10086886851604504,1.0,head
h_p13_cp149,1.491683543139061,1.0,head
h_p13_cp150,0.0710992051026551,1.0,head
h_p13_cp151,1.1007192788313205,1.0,head
h_p13_cp152,0.04515161697190706,1.0,head
h_p13_cp153,0.7475669285033746,1.0,head
h_p13_cp154,0.026272229373716982,1.0,head
h_p13_cp155,0.47490104279927436,1.0,head
h_p13_cp156,0.014206630124590447,1.0,head
h_p13_cp157,0.28739677769067384,1.0,head
h_p13_cp158,0.007238121372211026,1.0,head
h_p13_cp159,0.1711771062327898,1.0,head
h_p13_cp160,0.0035511019532350474,1.0,head
h_p13_cp161,0.10809153528452953,1.0,head
h_p13_cp162,0.0017896472822940268,1.0,head
h_p13_cp163,0.08287522866703512,1.0,head
h_p13_cp164,0.0011355708079463511,1.0,head
h_p13_cp165,0.08501967039023839,1.0,head
h_p13_cp166,0.0012144783167968853,1.0,head
h_p13_cp167,0.10753355901351824,1.0,head
h_p13_cp168,0.002001675598876318,1.0,head
h_p13_cp169,0.1441212158754297,1.0,head
h_p13_cp170,0.003794185208789713,1.0,head
h_p13_cp171,0.18605468784744517,1.0,head
h_p13_cp172,0.007261986901085038,1.0,head
h_p13_cp173,0.22066701285029922,1.0,head
h_p13_cp174,0.013568301091709145,1.0,head
h_p13_cp175,0.23420024802635453,1.0,head
h_p13_cp176,0.02453118951871147,1.0,head
h_p13_cp177,0.21979566183972565,1.0,head
h_p13_cp178,0.042773559556280816,1.0,head
h_p13_cp179,0.18375159194715707,1.0,head
h_p13_cp180,0.07177436315578234,1.0,head
h_p13_cp181,0.13897363536966623,1.0,head
h_p13_cp182,0.11569730946484924,1.0,head
h_p13_cp183,0.09659194427308648,1.0,head
h_p13_cp184,0.17883807198722934,1.0,head
h_p13_cp185,0.06251889841087177,1.0,head
h_p13_cp186,0.26447786045628163,1.0,head
h_p13_cp187,0.03808050208976965,1.0,head
h_p13_cp188,0.3728311688601025,1.0,head
h_p13_cp189,0.02200751570921966,1.0,head
h_p13_cp190,0.4977289737694264,1.0,head
h_p13_cp191,0.012145334365413873,1.0,head
h_p13_cp192,0.62227725870207,1.0,head
h_p13_cp193,0.006433550048541292,1.0,head
h_p13_cp194,0.7163405555083955,1.0,head
h_p13_cp195,0.003284865639898271,1.0,head
h_p13_cp196,0.7438025966066562,1.0,head
h_p13_cp197,0.0016222942495005555,1.0,head
h_p13_cp198,0.6871493844241741,1.0,head
h_p13_cp199,0.0007772751787342713,1.0,head
h_p13_cp200,0.569753696281623,1.0,head
h_p13_cp201,0.00036220704282641236,1.0,head
h_p13_cp202,0.4319969303360267,1.0,head
h_p13_cp203,0.00016452087083962397,1.0,head
h_p13_cp204,0.3052238383816075,1.0,head
h_p13_cp205,7.297161869246338e-05,1.0,head
h_p13_cp206,0.20408778543333028,1.0,head
h_p13_cp207,3.164757890772307e-05,1.0,head
h_p13_cp208,0.13062676786876182,1.0,head
h_p13_cp209,1.3428223383016302e-05,1.0,head
h_p13_cp210,0.08065065189475717,1.0,head
h_p13_cp211,5.567755806623609e-06,1.0,head
h_p14_cp0,0.005505129549874255,1.0,head
h_p14_cp1,0.06277488255727803,1.0,head
h_p14_cp2,0.011397189949093445,1.0,head
h_p14_cp3,0.10579987039727712,1.0,head
h_p14_cp4,0.022933504683351202,1.0,head
h_p14_cp5,0.17086555244759438,1.0,head
h_p14_cp6,0.044720017076997465,1.0,head
h_p14_cp7,0.26384041317896845,1.0,head
h_p14_cp8,0.0842114577940265,1.0,head
h_p14_cp9,0.3889279077275205,1.0,head
h_p14_cp10,0.15249317786128813,1.0,head
h_p14_cp11,0.5466177372691163,1.0,head
h_p14_cp12,0.2641900657276892,1.0,head
h_p14_cp13,0.730456722118106,1.0,head
h_p14_cp14,0.43513665940054125,1.0,head
h_p14_cp15,0.9205531982347566,1.0,head
h_p14_cp16,0.6759730866074278,1.0,head
h_p14_cp17,1.073482366072767,1.0,head
h_p14_cp18,0.9803877860372268,1.0,head
h_p14_cp19,1.1224924158423164,1.0,head
h_p14_cp20,1.309879929627641,1.0,head
h_p14_cp21,1.0227814284808119,1.0,head
h_p14_cp22,1.5844520495288634,1.0,head
h_p14_cp23,0.8286465111218604,1.0,head
h_p14_cp24,1.6999641721681655,1.0,head
h_p14_cp25,0.6143710276087404,1.0,head
h_p14_cp26,1.595039735568207,1.0,head
h_p14_cp27,0.4261839620230603,1.0,head
h_p14_cp28,1.334842666761233,1.0,head
h_p14_cp29,0.28054521995545656,1.0,head
h_p14_cp30,1.0278856026357062,1.0,head
h_p14_cp31,0.17668041078331953,1.0,head
h_p14_cp32,0.7594734741055618,1.0,head
h_p14_cp33,0.10693795244787907,1.0,head
h_p14_cp34,0.5741422534752019,1.0,head
h_p14_cp35,0.06237635309025791,1.0,head
h_p14_cp36,0.4837788059385275,1.0,head
h_p14_cp37,0.03513286705583596,1.0,head
h_p14_cp38,0.4802994625538304,1.0,head
h_p14_cp39,0.019141912824579776,1.0,head
h_p14_cp40,0.5435117747547338,1.0,head
h_p14_cp41,0.01010706574197684,1.0,head
h_p14_cp42,0.6434586678774394,1.0,head
h_p14_cp43,0.005181888293236625,1.0,head
h_p14_cp44,0.7416269105506217,1.0,head
h_p14_cp45,0.002585441247902054,1.0,head
h_p14_cp46,0.7975418793769222,1.0,head
h_p14_cp47,0.0012586243640271277,1.0,head
h_p14_cp48,0.7840579522562621,1.0,head
h_p14_cp49,0.0005997872460739018,1.0,head
h_p14_cp50,0.7023034647286295,1.0,head
h_p14_cp51,0.00028105675391998375,1.0,head
h_p14_cp52,0.5770592019753167,1.0,head
h_p14_cp53,0.00013040014482612605,1.0,head
h_p14_cp54,0.4393846966711408,1.0,head
h_p14_cp55,6.0628118944805465e-05,1.0,head
h_p14_cp56,0.3133004695635009,1.0,head
h_p14_cp57,2.892838074330939e-05,1.0,head
h_p14_cp58,0.2113660819584311,1.0,head
h_p14_cp59,1.4867470554236206e-05,1.0,head
h_p14_cp60,0.13631635075876147,1.0,head
h_p14_cp61,8.921012295104447e-06,1.0,head
h_p14_cp62,0.08492135282267554,1.0,head
h_p14_cp63,6.712848289680551e-06,1.0,head
h_p14_cp64,0.05161038197729795,1.0,head
h_p14_cp65,6.219877377589e-06,1.0,head
h_p14_cp66,0.03085260650550481,1.0,head
h_p14_cp67,6.462912324423087e-06,1.0,head
h_p14_cp68,0.018241538700522142,1.0,head
h_p14_cp69,6.920798114151694e-06,1.0,head
h_p14_cp70,0.010690375671401853,1.0,head
h_p14_cp71,7.287515018106205e-06,1.0,head
h_p14_cp72,0.006205296376492697,1.0,head
h_p14_cp73,7.38459834792593e-06,1.0,head
h_p14_cp74,0.003558220152171998,1.0,head
h_p14_cp75,7.134416819098988e-06,1.0,head
h_p14_cp76,0.0020089729152914515,1.0,head
h_p14_cp77,6.546278427776997e-06,1.0,head
h_p14_cp78,0.0011134163264614472,1.0,head
h_p14_cp79,5.6941430557344574e-06,1.0,head
h_p14_cp80,0.0006042985112344468,1.0,head
h_p14_cp81,4.6815723635518225e-06,1.0,head
h_p14_cp82,0.0003206393760137871,1.0,head
h_p14_cp83,3.5970629141957033e-06,1.0,head
h_p14_cp84,0.0074914852571055235,1.0,head
h_p14_cp85,0.0005456987996694806,1.0,head
h_p14_cp86,0.009585268860973883,1.0,head
h_p14_cp87,0.0008994302193059411,1.0,head
h_p14_cp88,0.011478949582397036,1.0,head
h_p14_cp89,0.0014293482111042977,1.0,head
h_p14_cp90,0.01281655607817811,1.0,head
h_p14_cp91,0.0021788182236832654,1.0,head
h_p14_cp92,0.013306716382885497,1.0,head
h_p14_cp93,0.003167121285741814,1.0,head
h_p14_cp94,0.012837562693675864,1.0,head
h_p14_cp95,0.004361586039522081,1.0,head
h_p14_cp96,0.011526343125751737,1.0,head
h_p14_cp97,0.005651205404319626,1.0,head
h_p14_cp98,0.009670081436524924,1.0,head
h_p14_cp99,0.00684073180445921,1.0,head
h_p14_cp100,0.007630662283190759,1.0,head
h_p14_cp101,0.007686777155186064,1.0,head
h_p14_cp102,0.005721263745272154,1.0,head
h_p14_cp103,0.007980633966326423,1.0,head
h_p14_cp104,0.0041416687677156006,1.0,head
h_p14_cp105,0.007644694503142091,1.0,head
h_p14_cp106,0.0029698922667193983,1.0,head
h_p14_cp107,0.006779352994499277,1.0,head
h_p14_cp108,0.0021904900872868893,1.0,head
h_p14_cp109,0.005624314956548915,1.0,head
h_p14_cp110,0.0017349811932945158,1.0,head
h_p14_cp111,0.004476645666727563,1.0,head
h_p14_cp112,0.0015182529232333764,1.0,head
h_p14_cp113,0.003637148292227721,1.0,head
h_p14_cp114,0.001465146594455291,1.0,head
h_p14_cp115,0.0034315047084874095,1.0,head
h_p14_cp116,0.0015276465596798516,1.0,head
h_p14_cp117,0.004322727784028757,1.0,head
h_p14_cp118,0.0016952828373177908,1.0,head
h_p14_cp119,0.0071254353231324785,1.0,head
h_p14_cp120,0.002002729305786488,1.0,head
h_p14_cp121,0.013345527061801477,1.0,head
h_p14_cp122,0.0025421680443287187,1.0,head
h_p14_cp123,0.025679961634295978,1.0,head
h_p14_cp124,0.0034941757421620423,1.0,head
h_p14_cp125,0.04869407999649411,1.0,head
h_p14_cp126,0.005196235287257878,1.0,head
h_p14_cp127,0.08961805464900863,1.0,head
h_p14_cp128,0.00826421407828093,1.0,head
h_p14_cp129,0.1590388989670828,1.0,head
h_p14_cp130,0.013754040229287057,1.0,head
h_p14_cp131,0.2709953138955825,1.0,head
h_p14_cp132,0.023277904640053748,1.0,head
h_p14_cp133,0.441641972798152,1.0,head
h_p14_cp134,0.038864441476562206,1.0,head
h_p14_cp135,0.6853529466757209,1.0,head
h_p14_cp136,0.06223031435183657,1.0,head
h_p14_cp137,1.0071113665160283,1.0,head
h_p14_cp138,0.09319803860626052,1.0,head
h_p14_cp139,1.3907156852908429,1.0,head
h_p14_cp140,0.1275780445662349,1.0,head
h_p14_cp141,1.7846884804753245,1.0,head
h_p14_cp142,0.15612381222035765,1.0,head
h_p14_cp143,2.0940239061537795,1.0,head
h_p14_cp144,0.16736965398195025,1.0,head
h_p14_cp145,2.198905726244675,1.0,head
h_p14_cp146,0.15541311210199638,1.0,head
h_p14_cp147,2.031128786649333,1.0,head
h_p14_cp148,0.12617105396793704,1.0,head
h_p14_cp149,1.6713399633374593,1.0,head
h_p14_cp150,0.09113903641718935,1.0,head
h_p14_cp151,1.2489447837267562,1.0,head
h_p14_cp152,0.059615121761908085,1.0,head
h_p14_cp153,0.8623065069962195,1.0,head
h_p14_cp154,0.035853159181442606,1.0,head
h_p14_cp155,0.5585041864712821,1.0,head
h_p14_cp156,0.020085489700250037,1.0,head
h_p14_cp157,0.3452834675633767,1.0,head
h_p14_cp158,0.010618146626711678,1.0,head
h_p14_cp159,0.21005999117051033,1.0,head
h_p14_cp160,0.0054083114464447135,1.0,head
h_p14_cp161,0.1344743345725874,1.0,head
h_p14_cp162,0.0028172610523142794,1.0,head
h_p14_cp163,0.10215519002667861,1.0,head
h_p14_cp164,0.0017993279798247386,1.0,head
h_p14_cp165,0.10110396023765134,1.0,head
h_p14_cp166,0.001848488363521028,1.0,head
h_p14_cp167,0.12274383668932387,1.0,head
h_p14_cp168,0.0029097428941895487,1.0,head
h_p14_cp169,0.1592810956303765,1.0,head
h_p14_cp170,0.005349219709387398,1.0,head
h_p14_cp171,0.2008778089941643,1.0,head
h_p14_cp172,0.010009313827595179,1.0,head
h_p14_cp173,0.23461732428222604,1.0,head
h_p14_cp174,0.018340339999667776,1.0,head
h_p14_cp175,0.24749989436213582,1.0,head
h_p14_cp176,0.03257511876290664,1.0,head
h_p14_cp177,0.23336862474525333,1.0,head
h_p14_cp178,0.055882322953038965,1.0,head
h_p14_cp179,0.1976304142697245,1.0,head
h_p14_cp180,0.09239404914478655,1.0,head
h_p14_cp181,0.15217630628103507,1.0,head
h_p14_cp182,0.14695646666359607,1.0,head
h_p14_cp183,0.10798963912816362,1.0,head
h_p14_cp184,0.22440184775132366,1.0,head
h_p14_cp185,0.07147730873043656,1.0,head
h_p14_cp186,0.3280798654204773,1.0,head
h_p14_cp187,0.044563753036982234,1.0,head
h_p14_cp188,0.45733070300229883,1.0,head
h_p14_cp189,0.02637763264624482,1.0,head
h_p14_cp190,0.6037030660163509,1.0,head
h_p14_cp191,0.014915771423829938,1.0,head
h_p14_cp192,0.7466212120775708,1.0,head
h_p14_cp193,0.008098291561736914,1.0,head
h_p14_cp194,0.8519860276742293,1.0,head
h_p14_cp195,0.004238975577436577,1.0,head
h_p14_cp196,0.881518636207602,1.0,head
h_p14_cp197,0.0021464951169036794,1.0,head
h_p14_cp198,0.8180157558581413,1.0,head
h_p14_cp199,0.0010545132088282116,1.0,head
h_p14_cp200,0.6853533484181753,1.0,head
h_p14_cp201,0.0005038430410877481,1.0,head
h_p14_cp202,0.5266524627108993,1.0,head
h_p14_cp203,0.00023462176045541128,1.0,head
h_p14_cp204,0.377430787434605,1.0,head
h_p14_cp205,0.00010666384605428902,1.0,head
h_p14_cp206,0.25587799782442744,1.0,head
h_p14_cp207,4.739945143228397e-05,1.0,head
h_p14_cp208,0.16590525660421918,1.0,head
h_p14_cp209,2.0596332433342468e-05,1.0,head
h_p14_cp210,0.10368156261347394,1.0,head
h_p14_cp211,8.737825964999502e-06,1.0,head
h_p15_cp0,0.007424524445923453,1.0,head
h_p15_cp1,0.08014123553175523,1.0,head
h_p15_cp2,0.015024499028641003,1.0,head
h_p15_cp3,0.1327629612178498,1.0,head
h_p15_cp4,0.02955059550686201,1.0,head
h_p15_cp5,0.21106898402285879,1.0,head
h_p15_cp6,0.056329969149828685,1.0,head
h_p15_cp7,0.3214790373604046,1.0,head
h_p15_cp8,0.10372525762022633,1.0,head
h_p15_cp9,0.46855431920130286,1.0,head
h_p15_cp10,0.18378042964650376,1.0,head
h_p15_cp11,0.6527192815210583,1.0,head
h_p15_cp12,0.31184380531703937,1.0,head
h_p15_cp13,0.8662453903975802,1.0,head
h_p15_cp14,0.503837784143343,1.0,head
h_p15_cp15,1.085233803902156,1.0,head
h_p15_cp16,0.7694993473091927,1.0,head
h_p15_cp17,1.2586743924580333,1.0,head
h_p15_cp18,1.1005224370383075,1.0,head
h_p15_cp19,1.3118227025106535,1.0,head
h_p15_cp20,1.4554366187189771,1.0,head
h_p15_cp21,1.1982110264002586,1.0,head
h_p15_cp22,1.750122681132325,1.0,head
h_p15_cp23,0.9755214816213993,1.0,head
h_p15_cp24,1.874762559762985,1.0,head
h_p15_cp25,0.727219839945974,1.0,head
h_p15_cp26,1.7635054241777652,1.0,head
h_p15_cp27,0.5075265062928338,1.0,head
h_p15_cp28,1.486596112566076,1.0,head
h_p15_cp29,0.33659288139779164,1.0,head
h_p15_cp30,1.1588144252036727,1.0,head
h_p15_cp31,0.2140361097845016,1.0,head
h_p15_cp32,0.8701078049894022,1.0,head
h_p15_cp33,0.1311461493301067,1.0,head
h_p15_cp34,0.6683292737229749,1.0,head
h_p15_cp35,0.0776409020668325,1.0,head
h_p15_cp36,0.567378196763002,1.0,head
h_p15_cp37,0.044486382953891734,1.0,head
h_p15_cp38,0.5595948637405854,1.0,head
h_p15_cp39,0.024703572115868155,1.0,head
h_p15_cp40,0.6236308881357218,1.0,head
h_p15_cp41,0.013313646477627117,1.0,head
h_p15_cp42,0.7272701261965722,1.0,head
h_p15_cp43,0.006974872841283286,1.0,head
h_p15_cp44,0.8294734587884705,1.0,head
h_p15_cp45,0.0035588956461651833,1.0,head
h_p15_cp46,0.8877841697542408,1.0,head
h_p15_cp47,0.0017728800555687485,1.0,head
h_p15_cp48,0.8736531108067993,1.0,head
h_p15_cp49,0.0008649715971387195,1.0,head
h_p15_cp50,0.7868386920793,1.0,head
h_p15_cp51,0.0004151590023866447,1.0,head
h_p15_cp52,0.6521833064141447,1.0,head
h_p15_cp53,0.00019737547745535267,1.0,head
h_p15_cp54,0.5022953289374072,1.0,head
h_p15_cp55,9.405573337062378e-05,1.0,head
h_p15_cp56,0.3631777803150271,1.0,head
h_p15_cp57,4.596429994307982e-05,1.0,head
h_p15_cp58,0.24900359607636346,1.0,head
h_p15_cp59,2.4093815227388404e-05,1.0,head
h_p15_cp60,0.16348802549487118,1.0,head
h_p15_cp61,1.457348321309837e-05,1.0,head
h_p15_cp62,0.10378791521020503,1.0,head
h_p15_cp63,1.0867040145967621e-05,1.0,head
h_p15_cp64,0.0642806480100262,1.0,head
h_p15_cp65,9.880086736302474e-06,1.0,head
h_p15_cp66,0.03912841760529773,1.0,head
h_p15_cp67,1.008739468488784e-05,1.0,head
h_p15_cp68,0.02352439871651768,1.0,head
h_p15_cp69,1.0672226608221536e-05,1.0,head
h_p15_cp70,0.01399766932104285,1.0,head
h_p15_cp71,1.1158182815051987e-05,1.0,head
h_p15_cp72,0.008239574037361308,1.0,head
h_p15_cp73,1.1269409014857956e-05,1.0,head
h_p15_cp74,0.004787931714190563,1.0,head
h_p15_cp75,1.088322460418567e-05,1.0,head
h_p15_cp76,0.0027389381934881385,1.0,head
h_p15_cp77,1.0005228432419244e-05,1.0,head
h_p15_cp78,0.0015383530787858035,1.0,head
h_p15_cp79,8.735202754905913e-06,1.0,head
h_p15_cp80,0.0008465349258131027,1.0,head
h_p15_cp81,7.215774985525059e-06,1.0,head
h_p15_cp82,0.0004556617170692334,1.0,head
h_p15_cp83,5.565942274188274e-06,1.0,head
h_p15_cp84,0.009991696186261834,1.0,head
h_p15_cp85,0.0007605154166867578,1.0,head
h_p15_cp86,0.012667108646837733,1.0,head
h_p15_cp87,0.0012300974358367966,1.0,head
h_p15_cp88,0.015065028130720748,1.0,head
h_p15_cp89,0.0019200518920570175,1.0,head
h_p15_cp90,0.01674865692802996,1.0,head
h_p15_cp91,0.002878019339959792,1.0,head
h_p15_cp92,0.017365454017181037,1.0,head
h_p15_cp93,0.004119599471323454,1.0,head
h_p15_cp94,0.016781386276761623,1.0,head
h_p15_cp95,0.005596531267201499,1.0,head
h_p15_cp96,0.015138235620725027,1.0,head
h_p15_cp97,0.0071686923640754685,1.0,head
h_p15_cp98,0.012796547068774089,1.0,head
h_p15_cp99,0.008601330642022731,1.0,head
h_p15_cp100,0.010201256234722678,1.0,head
h_p15_cp101,0.00961001374253101,1.0,head
h_p15_cp102,0.007745575361241208,1.0,head
h_p15_cp103,0.009955870330941252,1.0,head
h_p15_cp104,0.005689219158284686,1.0,head
h_p15_cp105,0.009553096037279829,1.0,head
h_p15_cp106,0.0041427483865845716,1.0,head
h_p15_cp107,0.008521051042862382,1.0,head
h_p15_cp108,0.003097780971074826,1.0,head
h_p15_cp109,0.007143870578602218,1.0,head
h_p15_cp110,0.0024749676185820135,1.0,head
h_p15_cp111,0.0057828174142287025,1.0,head
h_p15_cp112,0.002169765481085051,1.0,head
h_p15_cp113,0.004819685134862084,1.0,head
h_p15_cp114,0.002087621498048975,1.0,head
h_p15_cp115,0.004685157445919685,1.0,head
h_p15_cp116,0.0021679414376194472,1.0,head
h_p15_cp117,0.005993576784931065,1.0,head
h_p15_cp118,0.002399637686266942,1.0,head
h_p15_cp119,0.00979564336103067,1.0,head
h_p15_cp120,0.00283337518794724,1.0,head
h_p15_cp121,0.01796908818232623,1.0,head
h_p15_cp122,0.003600013210416364,1.0,head
h_p15_cp123,0.03377169491773202,1.0,head
h_p15_cp124,0.004951139640979818,1.0,head
h_p15_cp125,0.06255289355294735,1.0,head
h_p15_cp126,0.00734129582224341,1.0,head
h_p15_cp127,0.11253025489077118,1.0,head
h_p15_cp128,0.011562295621843077,1.0,head
h_p15_cp129,0.19536184027538184,1.0,head
h_p15_cp130,0.018901635194197297,1.0,head
h_p15_cp131,0.325983727183484,1.0,head
h_p15_cp132,0.03121237043023939,1.0,head
h_p15_cp133,0.520883778257712,1.0,head
h_p15_cp134,0.050656801362038095,1.0,head
h_p15_cp135,0.7937714363790747,1.0,head
h_p15_cp136,0.07879829194325794,1.0,head
h_p15_cp137,1.1476841520279777,1.0,head
h_p15_cp138,0.11486576414608862,1.0,head
h_p15_cp139,1.5632721596382453,1.0,head
h_p15_cp140,0.15369145954628038,1.0,head
h_p15_cp141,1.9850943305584678,1.0,head
h_p15_cp142,0.1850735115194766,1.0,head
h_p15_cp143,2.3134997276358717,1.0,head
h_p15_cp144,0.19715183287098625,1.0,head
h_p15_cp145,2.4232090961656922,1.0,head
h_p15_cp146,0.18413551010144147,1.0,head
h_p15_cp147,2.242403405508412,1.0,head
h_p15_cp148,0.15183779322660484,1.0,head
h_p15_cp149,1.8567005247916768,1.0,head
h_p15_cp150,0.11215930985872546,1.0,head
h_p15_cp151,1.4019722389564322,1.0,head
h_p15_cp152,0.0753676161225485,1.0,head
h_p15_cp153,0.9816797940384276,1.0,head
h_p15_cp154,0.04671016395923289,1.0,head
h_p15_cp155,0.6467655618762365,1.0,head
h_p15_cp156,0.02702539259871628,1.0,head
h_p15_cp157,0.40759647648860664,1.0,head
h_p15_cp158,0.014778872598071757,1.0,head
h_p15_cp159,0.2527849668476847,1.0,head
h_p15_cp160,0.007794736388404999,1.0,head
h_p15_cp161,0.16387533872671156,1.0,head
h_p15_cp162,0.0041947908734982775,1.0,head
h_p15_cp163,0.12351414912131986,1.0,head
h_p15_cp164,0.0027157072322552267,1.0,head
h_p15_cp165,0.1182592503878368,1.0,head
h_p15_cp166,0.0027171396686753724,1.0,head
h_p15_cp167,0.13794238028185646,1.0,head
h_p15_cp168,0.004113428753498738,1.0,head
h_p15_cp169,0.17330560873347167,1.0,head
h_p15_cp170,0.007349333100592048,1.0,head
h_p15_cp171,0.21355424647958898,1.0,head
h_p15_cp172,0.013461339638070058,1.0,head
h_p15_cp173,0.24574849356122286,1.0,head
h_p15_cp174,0.02421947218817877,1.0,head
h_p15_cp175,0.2577469706568536,1.0,head
h_p15_cp176,0.04231031445397093,1.0,head
h_p15_cp177,0.24401004368291979,1.0,head
h_p15_cp178,0.07148374697862891,1.0,head
h_p15_cp179,0.2091011612976672,1.0,head
h_p15_cp180,0.11653695035192868,1.0,head
h_p15_cp181,0.1637568062678838,1.0,head
h_p15_cp182,0.18295154752058806,1.0,head
h_p15_cp183,0.11854424413309061,1.0,head
h_p15_cp184,0.2759406121822394,1.0,head
h_p15_cp185,0.08017419025327399,1.0,head
h_p15_cp186,0.3986178091804504,1.0,head
h_p15_cp187,0.05112293187062278,1.0,head
h_p15_cp188,0.5490313733666881,1.0,head
h_p15_cp189,0.03096471494745856,1.0,head
h_p15_cp190,0.7161201092835654,1.0,head
h_p15_cp191,0.017923203168493274,1.0,head
h_p15_cp192,0.8757709784081271,1.0,head
h_p15_cp193,0.009963094471459044,1.0,head
h_p15_cp194,0.9907972624127979,1.0,head
h_p15_cp195,0.00534013894139207,1.0,head
h_p15_cp196,1.0218391871385393,1.0,head
h_p15_cp197,0.002769144323110595,1.0,head
h_p15_cp198,0.9521326379776838,1.0,head
h_p15_cp199,0.0013931549817698397,1.0,head
h_p15_cp200,0.8058677032709056,1.0,head
h_p15_cp201,0.0006816404661549313,1.0,head
h_p15_cp202,0.6277764606202254,1.0,head
h_p15_cp203,0.00032500652378075756,1.0,head
h_p15_cp204,0.45667314500406064,1.0,head
h_p15_cp205,0.00015125797813198005,1.0,head
h_p15_cp206,0.3142060616287381,1.0,head
h_p15_cp207,6.878774252072617e-05,1.0,head
h_p15_cp208,0.20657203540167757,1.0,head
h_p15_cp209,3.057262847505626e-05,1.0,head
h_p15_cp210,0.13076856066390974,1.0,head
h_p15_cp211,1.3254043324195663e-05,1.0,head
h_p16_cp0,0.009777157615644683,1.0,head
h_p16_cp1,0.10055621178798901,1.0,head
h_p16_cp2,0.019361115109404636,1.0,head
h_p16_cp3,0.1639740198634172,1.0,head
h_p16_cp4,0.03726727335561009,1.0,head
h_p16_cp5,0.25699006486320286,1.0,head
h_p16_cp6,0.06954202794395314,1.0,head
h_p16_cp7,0.3865720087187583,1.0,head
h_p16_cp8,0.1254172345788902,1.0,head
h_p16_cp9,0.5575473762100955,1.0,head
h_p16_cp10,0.21781977648788597,1.0,head
h_p16_cp11,0.7699290890941484,1.0,head
h_p16_cp12,0.36275091756442635,1.0,head
h_p16_cp13,1.0139805216531386,1.0,head
h_p16_cp14,0.5762581592584866,1.0,head
h_p16_cp15,1.2610437212852048,1.0,head
h_p16_cp16,0.8674376346639292,1.0,head
h_p16_cp17,1.4529466624226188,1.0,head
h_p16_cp18,1.226439022300383,1.0,head
h_p16_cp19,1.50913389769903,1.0,head
h_p16_cp20,1.6090410966799027,1.0,head
h_p16_cp21,1.382542947256752,1.0,head
h_p16_cp22,1.9263106016155689,1.0,head
h_p16_cp23,1.1331163382556042,1.0,head
h_p16_cp24,2.0612371392976456,1.0,head
h_p16_cp25,0.8512840906150814,1.0,head
h_p16_cp26,1.9428795561702827,1.0,head
h_p16_cp27,0.5988567261315438,1.0,head
h_p16_cp28,1.64718660854669,1.0,head
h_p16_cp29,0.4005154106162081,1.0,head
h_p16_cp30,1.2967114076136568,1.0,head
h_p16_cp31,0.2571209244929378,1.0,head
h_p16_cp32,0.9867009030067493,1.0,head
h_p16_cp33,0.15932322407797983,1.0,head
h_p16_cp34,0.7680375872782861,1.0,head
h_p16_cp35,0.0955753058051414,1.0,head
h_p16_cp36,0.6560851099611682,1.0,head
h_p16_cp37,0.055599015611733194,1.0,head
h_p16_cp38,0.6432432487335973,1.0,head
h_p16_cp39,0.03140147507747315,1.0,head
h_p16_cp40,0.7069278961948839,1.0,head
h_p16_cp41,0.017237686930684504,1.0,head
h_p16_cp42,0.8128552746379683,1.0,head
h_p16_cp43,0.009209270340079456,1.0,head
h_p16_cp44,0.9178805848359843,1.0,head
h_p16_cp45,0.0047964261184461066,1.0,head
h_p16_cp46,0.9780151882355312,1.0,head
h_p16_cp47,0.0024407270193478325,1.0,head
h_p16_cp48,0.9634521632910946,1.0,head
h_p16_cp49,0.001217157091559784,1.0,head
h_p16_cp50,0.872383268863814,1.0,head
h_p16_cp51,0.0005974433090614184,1.0,head
h_p16_cp52,0.72922228419975,1.0,head
h_p16_cp53,0.0002906113072640437,1.0,head
h_p16_cp54,0.5677349244938341,1.0,head
h_p16_cp55,0.00014172287774272263,1.0,head
h_p16_cp56,0.4158086976665345,1.0,head
h_p16_cp57,7.082513116074551e-05,1.0,head
h_p16_cp58,0.2893102655614257,1.0,head
h_p16_cp59,3.7815268342455965e-05,1.0,head
h_p16_cp60,0.19304959634473562,1.0,head
h_p16_cp61,2.30511216159357e-05,1.0,head
h_p16_cp62,0.12466469046557904,1.0,head
h_p16_cp63,1.7054046111297794e-05,1.0,head
h_p16_cp64,0.07855264636168613,1.0,head
h_p16_cp65,1.523505011391535e-05,1.0,head
h_p16_cp66,0.048620472118727776,1.0,head
h_p16_cp67,1.5292504485842073e-05,1.0,head
h_p16_cp68,0.02969244107339364,1.0,head
h_p16_cp69,1.5985431218723534e-05,1.0,head
h_p16_cp70,0.017925907795870444,1.0,head
h_p16_cp71,1.6593090094829677e-05,1.0,head
h_p16_cp72,0.010695730181851104,1.0,head
h_p16_cp73,1.6700140349712456e-05,1.0,head
h_p16_cp74,0.006296266020626717,1.0,head
h_p16_cp75,1.611769653209194e-05,1.0,head
h_p16_cp76,0.003648185706424556,1.0,head
h_p16_cp77,1.484134827478556e-05,1.0,head
h_p16_cp78,0.002075810743008333,1.0,head
h_p16_cp79,1.3000220633330173e-05,1.0,head
h_p16_cp80,0.0011576667234294291,1.0,head
h_p16_cp81,1.0783357311083819e-05,1.0,head
h_p16_cp82,0.0006318072896647209,1.0,head
h_p16_cp83,8.343072977368138e-06,1.0,head
h_p16_cp84,0.01302114466079729,1.0,head
h_p16_cp85,0.0010351530995649227,1.0,head
h_p16_cp86,0.016366438805107464,1.0,head
h_p16_cp87,0.001644568982783312,1.0,head
h_p16_cp88,0.01933998313961638,1.0,head
h_p16_cp89,0.002523483000913984,1.0,head
h_p16_cp90,0.021416604559362895,1.0,head
h_p16_cp91,0.003722406039287307,1.0,head
h_p16_cp92,0.02217777863916126,1.0,head
h_p16_cp93,0.005250732479453291,1.0,head
h_p16_cp94,0.021465863078447,1.0,head
h_p16_cp95,0.0070413388634733565,1.0,head
h_p16_cp96,0.01944929199089529,1.0,head
h_p16_cp97,0.008921777149680565,1.0,head
h_p16_cp98,0.016557567855215893,1.0,head
h_p16_cp99,0.010615580428520843,1.0,head
h_p16_cp100,0.01332673256047201,1.0,head
h_p16_cp101,0.011796578485018472,1.0,head
h_p16_cp102,0.010239471486329421,1.0,head
h_p16_cp103,0.012196343703408274,1.0,head
h_p16_cp104,0.00762458232429708,1.0,head
h_p16_cp105,0.011722264527179505,1.0,head
h_p16_cp106,0.00563240408882848,1.0,head
h_p16_cp107,0.01051487622521563,1.0,head
h_p16_cp108,0.004265943205155054,1.0,head
h_p16_cp109,0.008906651861479986,1.0,head
h_p16_cp110,0.0034363819645477633,1.0,head
h_p16_cp111,0.00733031901177128,1.0,head
h_p16_cp112,0.0030190586662683927,1.0,head
h_p16_cp113,0.00626099894861909,1.0,head
h_p16_cp114,0.002898569168337417,1.0,head
h_p16_cp115,0.0062530164448162395,1.0,head
h_p16_cp116,0.003000933295879804,1.0,head
h_p16_cp117,0.008097508824448596,1.0,head
h_p16_cp118,0.0033155600567624788,1.0,head
h_p16_cp119,0.01311269702705431,1.0,head
h_p16_cp120,0.0039131389448812115,1.0,head
h_p16_cp121,0.02358164733959711,1.0,head
h_p16_cp122,0.004970657926151034,1.0,head
h_p16_cp123,0.043349211887061756,1.0,head
h_p16_cp124,0.006820927404532995,1.0,head
h_p16_cp125,0.07855166126705626,1.0,head
h_p16_cp126,0.010045299663033802,1.0,head
h_p16_cp127,0.13835233657368917,1.0,head
h_p16_cp128,0.01561309741509831,1.0,head
h_p16_cp129,0.23537810481161614,1.0,head
h_p16_cp130,0.025023610983225808,1.0,head
h_p16_cp131,0.3853055195900197,1.0,head
h_p16_cp132,0.04031499719894782,1.0,head
h_p16_cp133,0.6047917584005518,1.0,head
h_p16_cp134,0.06368874931240498,1.0,head
h_p16_cp135,0.9068001391372036,1.0,head
h_p16_cp136,0.0964537139220738,1.0,head
h_p16_cp137,1.2924923195446354,1.0,head
h_p16_cp138,0.13721881329183816,1.0,head
h_p16_cp139,1.7394873114815255,1.0,head
h_p16_cp140,0.17997956887938926,1.0,head
h_p16_cp141,2.188187425539809,1.0,head
h_p16_cp142,0.21385396765981568,1.0,head
h_p16_cp143,2.533809863434044,1.0,head
h_p16_cp144,0.22670423478166413,1.0,head
h_p16_cp145,2.646640634156938,1.0,head
h_p16_cp146,0.21263879438083677,1.0,head
h_p16_cp147,2.454710030385286,1.0,head
h_p16_cp148,0.1775822291097029,1.0,head
h_p16_cp149,2.045057696725962,1.0,head
h_p16_cp150,0.13372617670438558,1.0,head
h_p16_cp151,1.5589267570535412,1.0,head
h_p16_cp152,0.09203485846455806,1.0,head
h_p16_cp153,1.105348825346482,1.0,head
h_p16_cp154,0.058609750736195565,1.0,head
h_p16_cp155,0.7394116994653359,1.0,head
h_p16_cp156,0.03492321175372126,1.0,head
h_p16_cp157,0.4740861262710041,1.0,head
h_p16_cp158,0.01970285123661597,1.0,head
h_p16_cp159,0.2991645458880612,1.0,head
h_p16_cp160,0.010736003181591514,1.0,head
h_p16_cp161,0.1961645006197159,1.0,head
h_p16_cp162,0.005963881833849882,1.0,head
h_p16_cp163,0.14684106572781275,1.0,head
h_p16_cp164,0.003930875249807286,1.0,head
h_p16_cp165,0.13636576744738704,1.0,head
h_p16_cp166,0.003870364713748131,1.0,head
h_p16_cp167,0.1530193290666375,1.0,head
h_p16_cp168,0.005671501184224326,1.0,head
h_p16_cp169,0.18616554485265624,1.0,head
h_p16_cp170,0.009869413402611826,1.0,head
h_p16_cp171,0.22421427140238848,1.0,head
h_p16_cp172,0.01771577399722446,1.0,head
h_p16_cp173,0.25435403139135815,1.0,head
h_p16_cp174,0.031328992175076564,1.0,head
h_p16_cp175,0.26529223506190647,1.0,head
h_p16_cp176,0.05387869942069301,1.0,head
h_p16_cp177,0.2519954149067871,1.0,head
h_p16_cp178,0.08971143970711637,1.0,head
h_p16_cp179,0.21825745445039502,1.0,head
h_p16_cp180,0.14426585264845926,1.0,head
h_p16_cp181,0.17363128118222448,1.0,head
h_p16_cp182,0.22355990345840837,1.0,head
h_p16_cp183,0.1280789465702128,1.0,head
h_p16_cp184,0.33297767840986126,1.0,head
h_p16_cp185,0.08842622402494271,1.0,head
h_p16_cp186,0.47508001824553503,1.0,head
h_p16_cp187,0.057616008499280724,1.0,head
h_p16_cp188,0.6463026640208227,1.0,head
h_p16_cp189,0.035678738272736155,1.0,head
h_p16_cp190,0.8328855832619411,1.0,head
h_p16_cp191,0.0211203008884695,1.0,head
h_p16_cp192,1.0075738264331449,1.0,head
h_p16_cp193,0.012008543157662643,1.0,head
h_p16_cp194,1.1309089551477882,1.0,head
h_p16_cp195,0.006584103036857414,1.0,head
h_p16_cp196,1.1630933628675848,1.0,head
h_p16_cp197,0.0034926199471101427,1.0,head
h_p16_cp198,1.0878570175414097,1.0,head
h_p16_cp199,0.0017974669685827394,1.0,head
h_p16_cp200,0.9295425951800098,1.0,head
h_p16_cp201,0.0008995928621970961,1.0,head
h_p16_cp202,0.7337708724062395,1.0,head
h_p16_cp203,0.00043869241744687315,1.0,head
h_p16_cp204,0.5418278583852043,1.0,head
h_p16_cp205,0.00020877438760180667,1.0,head
h_p16_cp206,0.3785058934404333,1.0,head
h_p16_cp207,9.705536103865597e-05,1.0,head
h_p16_cp208,0.2524926108198997,1.0,head
h_p16_cp209,4.407099709169415e-05,1.0,head
h_p16_cp210,0.1620198019563759,1.0,head
h_p16_cp211,1.9500988855725154e-05,1.0,head
h_p17_cp0,0.012605178401372541,1.0,head
h_p17_cp1,0.1241528313867093,1.0,head
h_p17_cp2,0.02445401449358542,1.0,head
h_p17_cp3,0.1995066456825043,1.0,head
h_p17_cp4,0.046124497989694646,1.0,head
h_p17_cp5,0.3085639039786656,1.0,head
h_p17_cp6,0.08437582920851128,1.0,head
h_p17_cp7,0.458777159809415,1.0,head
h_p17_cp8,0.1492756373154407,1.0,head
h_p17_cp9,0.6550620905954929,1.0,head
h_p17_cp10,0.25458258634080266,1.0,head
h_p17_cp11,0.8966375728846288,1.0,head
h_p17_cp12,0.41692049519133434,1.0,head
h_p17_cp13,1.171257894194241,1.0,head
h_p17_cp14,0.6525035816093805,1.0,head
h_p17_cp15,1.4454180787024598,1.0,head
h_p17_cp16,0.9698809302549307,1.0,head
h_p17_cp17,1.654714521934693,1.0,head
h_p17_cp18,1.357582519884545,1.0,head
h_p17_cp19,1.7138352838051105,1.0,head
h_p17_cp20,1.7680428118574127,1.0,head
h_p17_cp21,1.5744214860369539,1.0,head
h_p17_cp22,2.1067145069905564,1.0,head
h_p17_cp23,1.2992672033287818,1.0,head
h_p17_cp24,2.250448632874395,1.0,head
h_p17_cp25,0.9846615396409106,1.0,head
h_p17_cp26,2.1268599145932967,1.0,head
h_p17_cp27,0.6991065374377285,1.0,head
h_p17_cp28,1.8139514226240863,1.0,head
h_p17_cp29,0.47198256014416984,1.0,head
h_p17_cp30,1.4409776818752107,1.0,head
h_p17_cp31,0.3060139806329971,1.0,head
h_p17_cp32,1.1092410784453932,1.0,head
h_p17_cp33,0.1916922913360395,1.0,head
h_p17_cp34,0.8731744763576899,1.0,head
h_p17_cp35,0.11640886737632172,1.0,head
h_p17_cp36,0.7495947887837247,1.0,head
h_p17_cp37,0.06865808548127461,1.0,head
h_p17_cp38,0.7308123432203502,1.0,head
h_p17_cp39,0.03937496532080331,1.0,head
h_p17_cp40,0.7930214996094946,1.0,head
h_p17_cp41,0.021978289596518152,1.0,head
h_p17_cp42,0.9001318863620327,1.0,head
h_p17_cp43,0.011953612372280986,1.0,head
h_p17_cp44,1.00725300619888,1.0,head
h_p17_cp45,0.006344245658965519,1.0,head
h_p17_cp46,1.0689514666951254,1.0,head
h_p17_cp47,0.0032925071323006705,1.0,head
h_p17_cp48,1.0538891396058716,1.0,head
h_p17_cp49,0.0016757199014136859,1.0,head
h_p17_cp50,0.9588905377088395,1.0,head
h_p17_cp51,0.0008399616506267193,1.0,head
h_p17_cp52,0.8078440640263125,1.0,head
h_p17_cp53,0.00041744349164218875,1.0,head
h_p17_cp54,0.635337294340161,1.0,head
h_p17_cp55,0.0002080376682442875,1.0,head
h_p17_cp56,0.47091786985993167,1.0,head
h_p17_cp57,0.00010616355848469539,1.0,head
h_p17_cp58,0.3321169202160945,1.0,head
h_p17_cp59,5.766583785771218e-05,1.0,head
h_p17_cp60,0.2249133228951905,1.0,head
h_p17_cp61,3.541540968399204e-05,1.0,head
h_p17_cp62,0.14751933389607075,1.0,head
h_p17_cp63,2.6024390308521106e-05,1.0,head
h_p17_cp64,0.09443007150525773,1.0,head
h_p17_cp65,2.2872967065268313e-05,1.0,head
h_p17_cp66,0.059353886790631805,1.0,head
h_p17_cp67,2.258527069898264e-05,1.0,head
h_p17_cp68,0.03678084550938365,1.0,head
h_p17_cp69,2.3327547296503326e-05,1.0,head
h_p17_cp70,0.022512123321348554,1.0,head
h_p17_cp71,2.4037278308242094e-05,1.0,head
h_p17_cp72,0.013607567398139508,1.0,head
h_p17_cp73,2.4103850819301442e-05,1.0,head
h_p17_cp74,0.008111357032248634,1.0,head
h_p17_cp75,2.3243316945809056e-05,1.0,head
h_p17_cp76,0.004758598573289419,1.0,head
h_p17_cp77,2.143096889994922e-05,1.0,head
h_p17_cp78,0.002741917910725533,1.0,head
h_p17_cp79,1.8826855011866428e-05,1.0,head
h_p17_cp80,0.001549048042988943,1.0,head
h_p17_cp81,1.5672206245653797e-05,1.0,head
h_p17_cp82,0.0008567385311835096,1.0,head
h_p17_cp83,1.2151814189564902e-05,1.0,head
h_p17_cp84,0.016624281062377122,1.0,head
h_p17_cp85,0.0013791869582746585,1.0,head
h_p17_cp86,0.02072878527451394,1.0,head
h_p17_cp87,0.0021541001988225617,1.0,head
h_p17_cp88,0.02434970368994982,1.0,head
h_p17_cp89,0.003251969885695871,1.0,head
h_p17_cp90,0.026866489731673937,1.0,head
h_p17_cp91,0.004724419631656929,1.0,head
h_p17_cp92,0.02779022325648839,1.0,head
h_p17_cp93,0.006571941397396586,1.0,head
h_p17_cp94,0.026938380200590473,1.0,head
h_p17_cp95,0.008705431887165105,1.0,head
h_p17_cp96,0.024508077029167907,1.0,head
h_p17_cp97,0.010917417038399435,1.0,head
h_p17_cp98,0.021002874282203265,1.0,head
h_p17_cp99,0.012888187882481361,1.0,head
h_p17_cp100,0.017057462412140012,1.0,head
h_p17_cp101,0.01424969155823419,1.0,head
h_p17_cp102,0.013252932321847766,1.0,head
h_p17_cp103,0.01470482929244099,1.0,head
h_p17_cp104,0.009996060523008055,1.0,head
h_p17_cp105,0.014155812612443697,1.0,head
h_p17_cp106,0.007484345167540596,1.0,head
h_p17_cp107,0.012767016621864968,1.0,head
h_p17_cp108,0.005737027669511008,1.0,head
h_p17_cp109,0.01092364524038203,1.0,head
h_p17_cp110,0.004657940643028269,1.0,head
h_p17_cp111,0.00913745036086766,1.0,head
h_p17_cp112,0.004102336308278609,1.0,head
h_p17_cp113,0.007989337120307027,1.0,head
h_p17_cp114,0.003933094968942896,1.0,head
h_p17_cp115,0.008175806401595764,1.0,head
h_p17_cp116,0.004062447743763187,1.0,head
h_p17_cp117,0.010689398596696265,1.0,head
h_p17_cp118,0.004481577913338697,1.0,head
h_p17_cp119,0.017144562897783544,1.0,head
h_p17_cp120,0.005284982653847692,1.0,head
h_p17_cp121,0.030257209130468254,1.0,head
h_p17_cp122,0.006702123830109485,1.0,head
h_p17_cp123,0.054475396490033745,1.0,head
h_p17_cp124,0.00915447426996252,1.0,head
h_p17_cp125,0.09671174242589586,1.0,head
h_p17_cp126,0.013354519891890959,1.0,head
h_p17_cp127,0.16702129197119575,1.0,head
h_p17_cp128,0.020442283189368027,1.0,head
h_p17_cp129,0.2788923121854623,1.0,head
h_p17_cp130,0.03210023577639731,1.0,head
h_p17_cp131,0.4485913476078167,1.0,head
h_p17_cp132,0.05049465325964775,1.0,head
h_p17_cp133,0.692789830087122,1.0,head
h_p17_cp134,0.07779275463781232,1.0,head
h_p17_cp135,1.0235973930120963,1.0,head
h_p17_cp136,0.1150039116082553,1.0,head
h_p17_cp137,1.440251568639269,1.0,head
h_p17_cp138,0.16016748235006162,1.0,head
h_p17_cp139,1.9172727191603371,1.0,head
h_p17_cp140,0.20660395361483097,1.0,head
h_p17_cp141,2.390808374201697,1.0,head
h_p17_cp142,0.24288592467200942,1.0,head
h_p17_cp143,2.7513646381951276,1.0,head
h_p17_cp144,0.25650696651518956,1.0,head
h_p17_cp145,2.8664374584511734,1.0,head
h_p17_cp146,0.24133947414929935,1.0,head
h_p17_cp147,2.6646456928231146,1.0,head
h_p17_cp148,0.20355794474698996,1.0,head
h_p17_cp149,2.2335978251999222,1.0,head
h_p17_cp150,0.1557389188774323,1.0,head
h_p17_cp151,1.718157837408171,1.0,head
h_p17_cp152,0.10941089768812162,1.0,head
h_p17_cp153,1.2324725584396674,1.0,head
h_p17_cp154,0.07136941724138524,1.0,head
h_p17_cp155,0.835977793845359,1.0,head
h_p17_cp156,0.04367162212429321,1.0,head
h_p17_cp157,0.5444525287373381,1.0,head
h_p17_cp158,0.025353578112571995,1.0,head
h_p17_cp159,0.3489951620656484,1.0,head
h_p17_cp160,0.014241645392758073,1.0,head
h_p17_cp161,0.23120400054926904,1.0,head
h_p17_cp162,0.008157485767696926,1.0,head
h_p17_cp163,0.17204237328724048,1.0,head
h_p17_cp164,0.005488537372002611,1.0,head
h_p17_cp165,0.15538345683376065,1.0,head
h_p17_cp166,0.005359313533517707,1.0,head
h_p17_cp167,0.1680623920585731,1.0,head
h_p17_cp168,0.0076451481554613565,1.0,head
h_p17_cp169,0.19823424253468147,1.0,head
h_p17_cp170,0.012985455129637558,1.0,head
h_p17_cp171,0.23372899422906812,1.0,head
h_p17_cp172,0.02286662794449512,1.0,head
h_p17_cp173,0.261936173434151,1.0,head
h_p17_cp174,0.03977782612992087,1.0,head
h_p17_cp175,0.27202792081516236,1.0,head
h_p17_cp176,0.0673874865142352,1.0,head
h_p17_cp177,0.258809225533696,1.0,head
h_p17_cp178,0.11063031602861884,1.0,head
h_p17_cp179,0.225935192467432,1.0,head
h_p17_cp180,0.17552748661591977,1.0,head
h_p17_cp181,0.1821227170109978,1.0,head
h_p17_cp182,0.26849581378928633,1.0,head
h_p17_cp183,0.13662354768416662,1.0,head
h_p17_cp184,0.39486598090115876,1.0,head
h_p17_cp185,0.09614435302273705,1.0,head
h_p17_cp186,0.5563857747351904,1.0,head
h_p17_cp187,0.06393610345685374,1.0,head
h_p17_cp188,0.7477275109527,1.0,head
h_p17_cp189,0.04043721653602006,1.0,head
h_p17_cp190,0.9525918246968104,1.0,head
h_p17_cp191,0.024456885090330616,1.0,head
h_p17_cp192,1.141122217717566,1.0,head
h_p17_cp193,0.014210159398771793,1.0,head
h_p17_cp194,1.2721907472778184,1.0,head
h_p17_cp195,0.007962425208006607,1.0,head
h_p17_cp196,1.3056325935745008,1.0,head
h_p17_cp197,0.004316634483529924,1.0,head
h_p17_cp198,1.2252864293363928,1.0,head
h_p17_cp199,0.002270310694029831,1.0,head
h_p17_cp200,1.0558813142511099,1.0,head
h_p17_cp201,0.001161093584187256,1.0,head
h_p17_cp202,0.8437478787423061,1.0,head
h_p17_cp203,0.000578524304273742,1.0,head
h_p17_cp204,0.632025387147678,1.0,head
h_p17_cp205,0.0002812474326674419,1.0,head
h_p17_cp206,0.44819856351432463,1.0,head
h_p17_cp207,0.00013351622715163103,1.0,head
h_p17_cp208,0.30342629300093904,1.0,head
h_p17_cp209,6.187589042383479e-05,1.0,head
h_p17_cp210,0.19744205681399762,1.0,head
h_p17_cp211,2.791457131934294e-05,1.0,head
h_p18_cp0,0.0159477611582588,1.0,head
h_p18_cp1,0.15100756746869592,1.0,head
h_p18_cp2,0.030344711940415436,1.0,head
h_p18_cp3,0.23935615329764914,1.0,head
h_p18_cp4,0.05615627445831706,1.0,head
h_p18_cp5,0.36563478911648417,1.0,head
h_p18_cp6,0.10084490941426338,1.0,head
h_p18_cp7,0.5376889451663374,1.0,head
h_p18_cp8,0.17528172928587082,1.0,head
h_p18_cp9,0.7603350532735931,1.0,head
h_p18_cp10,0.29400587338659534,1.0,head
h_p18_cp11,1.0317116920741682,1.0,head
h_p18_cp12,0.47419878614118716,1.0,head
h_p18_cp13,1.336867952290504,1.0,head
h_p18_cp14,0.7321300672238067,1.0,head
h_p18_cp15,1.6377345256319131,1.0,head
h_p18_cp16,1.075506211730044,1.0,head
h_p18_cp17,1.8643989317261003,1.0,head
h_p18_cp18,1.4905477948564112,1.0,head
h_p18_cp19,1.9267966783650081,1.0,head
h_p18_cp20,1.9254286058035177,1.0,head
h_p18_cp21,1.774358599115203,1.0,head
h_p18_cp22,2.2803106900687453,1.0,head
h_p18_cp23,1.4735179758663435,1.0,head
h_p18_cp24,2.429727594011638,1.0,head
h_p18_cp25,1.126377085060085,1.0,head
h_p18_cp26,2.3044161421016724,1.0,head
h_p18_cp27,0.8074466339357969,1.0,head
h_p18_cp28,1.979854500802503,1.0,head
h_p18_cp29,0.5505808386619719,1.0,head
h_p18_cp30,1.5881514689899632,1.0,head
h_p18_cp31,0.36065078826277386,1.0,head
h_p18_cp32,1.2362946098473913,1.0,head
h_p18_cp33,0.22837261444783508,1.0,head
h_p18_cp34,0.9831205483305894,1.0,head
h_p18_cp35,0.1403166345585305,1.0,head
h_p18_cp36,0.8475368973904551,1.0,head
h_p18_cp37,0.08382904884047093,1.0,head
h_p18_cp38,0.82207225463344,1.0,head
h_p18_cp39,0.048757570988072985,1.0,head
h_p18_cp40,0.8819440976249098,1.0,head
h_p18_cp41,0.02763524070587664,1.0,head
h_p18_cp42,0.9895506337697952,1.0,head
h_p18_cp43,0.015279189074135502,1.0,head
h_p18_cp44,1.0984365833714946,1.0,head
h_p18_cp45,0.008251631747270949,1.0,head
h_p18_cp46,1.1615700749466669,1.0,head
h_p18_cp47,0.0043612977074189985,1.0,head
h_p18_cp48,1.1458573913166674,1.0,head
h_p18_cp49,0.002262252519130925,1.0,head
h_p18_cp50,1.0468874680630051,1.0,head
h_p18_cp51,0.0011564528820144915,1.0,head
h_p18_cp52,0.888171869462667,1.0,head
h_p18_cp53,0.0005864321799435857,1.0,head
h_p18_cp54,0.7049892900197392,1.0,head
h_p18_cp55,0.0002982652276841691,1.0,head
h_p18_cp56,0.5283306761721178,1.0,head
h_p18_cp57,0.0001552180474391207,1.0,head
h_p18_cp58,0.3772799735663739,1.0,head
h_p18_cp59,8.567623535782332e-05,1.0,head
h_p18_cp60,0.25899122323266965,1.0,head
h_p18_cp61,5.299850749906909e-05,1.0,head
h_p18_cp62,0.17231343929302056,1.0,head
h_p18_cp63,3.871797161991708e-05,1.0,head
h_p18_cp64,0.1119100594196425,1.0,head
h_p18_cp65,3.352001795065007e-05,1.0,head
h_p18_cp66,0.07134765747173333,1.0,head
h_p18_cp67,3.2578490618107026e-05,1.0,head
h_p18_cp68,0.0448194574541958,1.0,head
h_p18_cp69,3.325123248032469e-05,1.0,head
h_p18_cp70,0.027789154867377874,1.0,head
h_p18_cp71,3.4008390684903134e-05,1.0,head
h_p18_cp72,0.017006010948080075,1.0,head
h_p18_cp73,3.3971653692788095e-05,1.0,head
h_p18_cp74,0.010259685456958323,1.0,head
h_p18_cp75,3.2723492267905385e-05,1.0,head
h_p18_cp76,0.006091355412081612,1.0,head
h_p18_cp77,3.0203142387108528e-05,1.0,head
h_p18_cp78,0.0035527187569641683,1.0,head
h_p18_cp79,2.6599871489452198e-05,1.0,head
h_p18_cp80,0.002032279943705362,1.0,head
h_p18_cp81,2.2209708959053387e-05,1.0,head
h_p18_cp82,0.0011384860772523098,1.0,head
h_p18_cp83,1.7243157572011114e-05,1.0,head
h_p18_cp84,0.02084171759634046,1.0,head
h_p18_cp85,0.0018023578209067637,1.0,head
h_p18_cp86,0.02579519876280756,1.0,head
h_p18_cp87,0.002769794303958406,1.0,head
h_p18_cp88,0.030135187627365667,1.0,head
h_p18_cp89,0.004117312700145703,1.0,head
h_p18_cp90,0.033139291086627054,1.0,head
h_p18_cp91,0.005895669844221629,1.0,head
h_p18_cp92,0.03424418659733419,1.0,head
h_p18_cp93,0.008093773853033781,1.0,head
h_p18_cp94,0.0332413766168429,1.0,head
h_p18_cp95,0.010597752351714007,1.0,head
h_p18_cp96,0.030358582643657428,1.0,head
h_p18_cp97,0.01316294667958573,1.0,head
h_p18_cp98,0.026178176114171947,1.0,head
h_p18_cp99,0.01542535164230685,1.0,head
h_p18_cp100,0.021440545407585887,1.0,head
h_p18_cp101,0.016975033569679,1.0,head
h_p18_cp102,0.016833616999974765,1.0,head
h_p18_cp103,0.017487019720419994,1.0,head
h_p18_cp104,0.012850717565925152,1.0,head
h_p18_cp105,0.016860094699950423,1.0,head
h_p18_cp106,0.009743896853706246,1.0,head
h_p18_cp107,0.015285728227809159,1.0,head
h_p18_cp108,0.007553853617537243,1.0,head
h_p18_cp109,0.01320707897639295,1.0,head
h_p18_cp110,0.006179815146424517,1.0,head
h_p18_cp111,0.011223081969774285,1.0,head
h_p18_cp112,0.005457672870306851,1.0,head
h_p18_cp113,0.010032986795749821,1.0,head
h_p18_cp114,0.005228319655088853,1.0,head
h_p18_cp115,0.010493469384982745,1.0,head
h_p18_cp116,0.005390164706113865,1.0,head
h_p18_cp117,0.013821485758398921,1.0,head
h_p18_cp118,0.005937465731676639,1.0,head
h_p18_cp119,0.02195291568182256,1.0,head
h_p18_cp120,0.0069917664081913244,1.0,head
h_p18_cp121,0.03805763596892575,1.0,head
h_p18_cp122,0.008839829232329066,1.0,head
h_p18_cp123,0.06719345478359173,1.0,head
h_p18_cp124,0.011996172058843513,1.0,head
h_p18_cp125,0.11702731070113259,1.0,head
h_p18_cp126,0.01730380655362751,1.0,head
h_p18_cp127,0.19844188842807853,1.0,head
h_p18_cp128,0.026060766627324483,1.0,head
h_p18_cp129,0.3256757919671145,1.0,head
h_p18_cp130,0.04010102978008945,1.0,head
h_p18_cp131,0.5154406136621219,1.0,head
h_p18_cp132,0.061669071636060835,1.0,head
h_p18_cp133,0.7842779300474376,1.0,head
h_p18_cp134,0.09284843900923079,1.0,head
h_p18_cp135,1.143343776149095,1.0,head
h_p18_cp136,0.1343385049722201,1.0,head
h_p18_cp137,1.5899231251557921,1.0,head
h_p18_cp138,0.18366766685812763,1.0,head
h_p18_cp139,2.095512333826264,1.0,head
h_p18_cp140,0.23357576040280037,1.0,head
h_p18_cp141,2.5923488139767414,1.0,head
h_p18_cp142,0.2721243794685506,1.0,head
h_p18_cp143,2.9670487780254007,1.0,head
h_p18_cp144,0.2864218623412853,1.0,head
h_p18_cp145,3.084704958173006,1.0,head
h_p18_cp146,0.27018948628301587,1.0,head
h_p18_cp147,2.8732104030355003,1.0,head
h_p18_cp148,0.22977032605649583,1.0,head
h_p18_cp149,2.421906116469245,1.0,head
h_p18_cp150,0.1781455105765417,1.0,head
h_p18_cp151,1.8787903999686932,1.0,head
h_p18_cp152,0.1273757644567013,1.0,head
h_p18_cp153,1.3623056268215805,1.0,head
h_p18_cp154,0.0848578632085264,1.0,head
h_p18_cp155,0.935950470927537,1.0,head
h_p18_cp156,0.05317638110409462,1.0,head
h_p18_cp157,0.6183564503151047,1.0,head
h_p18_cp158,0.031688048449268535,1.0,head
h_p18_cp159,0.4020549544861751,1.0,head
h_p18_cp160,0.01831059360938525,1.0,head
h_p18_cp161,0.26885638170756465,1.0,head
h_p18_cp162,0.010801016253026319,1.0,head
h_p18_cp163,0.19905601886443947,1.0,head
h_p18_cp164,0.007429243182286882,1.0,head
h_p18_cp165,0.17535440620918052,1.0,head
h_p18_cp166,0.007235006643895758,1.0,head
h_p18_cp167,0.1832950508603517,1.0,head
h_p18_cp168,0.010096156401232292,1.0,head
h_p18_cp169,0.21001338010933068,1.0,head
h_p18_cp170,0.01677184915615726,1.0,head
h_p18_cp171,0.2428939055855608,1.0,head
h_p18_cp172,0.028999986101553077,1.0,head
h_p18_cp173,0.26940049497716245,1.0,head
h_p18_cp174,0.04965456023319348,1.0,head
h_p18_cp175,0.27873230439740837,1.0,head
h_p18_cp176,0.08290307756533366,1.0,head
h_p18_cp177,0.2653399499540683,1.0,head
h_p18_cp178,0.13423672523003916,1.0,head
h_p18_cp179,0.2328967379266942,1.0,head
h_p18_cp180,0.21017427196147764,1.0,head
h_p18_cp181,0.18968732191797244,1.0,head
h_p18_cp182,0.31738152371781325,1.0,head
h_p18_cp183,0.1443526559160091,1.0,head
h_p18_cp184,0.46094433586131345,1.0,head
h_p18_cp185,0.10333518563288635,1.0,head
h_p18_cp186,0.6416517257162013,1.0,head
h_p18_cp187,0.07002437661208205,1.0,head
h_p18_cp188,0.852460010879895,1.0,head
h_p18_cp189,0.04517555183110744,1.0,head
h_p18_cp190,1.0748846681512987,1.0,head
h_p18_cp191,0.027885885963542023,1.0,head
h_p18_cp192,1.277010267420792,1.0,head
h_p18_cp193,0.016541178233410392,1.0,head
h_p18_cp194,1.416282596592282,1.0,head
h_p18_cp195,0.009463480107797295,1.0,head
h_p18_cp196,1.4516174447198864,1.0,head
h_p18_cp197,0.005238435843239131,1.0,head
h_p18_cp198,1.3662400691573566,1.0,head
h_p18_cp199,0.0028130572875397775,1.0,head
h_p18_cp200,1.1858022865712883,1.0,head
h_p18_cp201,0.0014687966654491902,1.0,head
h_p18_cp202,0.9577757511974596,1.0,head
h_p18_cp203,0.0007470628893315734,1.0,head
h_p18_cp204,0.7268951202504468,1.0,head
h_p18_cp205,0.00037065513220113644,1.0,head
h_p18_cp206,0.5228735093564865,1.0,head
h_p18_cp207,0.00017951752988665248,1.0,head
h_p18_cp208,0.3591275800049516,1.0,head
h_p18_cp209,8.482461794301344e-05,1.0,head
h_p18_cp210,0.23698147581080775,1.0,head
h_p18_cp211,3.8974623748799786e-05,1.0,head
h_p19_cp0,0.019840909618324076,1.0,head
h_p19_cp1,0.18115463859339798,1.0,head
h_p19_cp2,0.03706909089760302,1.0,head
h_p19_cp3,0.2834696183235792,1.0,head
h_p19_cp4,0.06738812013145434,1.0,head
h_p19_cp5,0.42800350299057754,1.0,head
h_p19_cp6,0.11894895938303307,1.0,head
h_p19_cp7,0.6228790091531664,1.0,head
h_p19_cp8,0.20338535642395073,1.0,head
h_p19_cp9,0.8726026723411451,1.0,head
h_p19_cp10,0.33594031191069007,1.0,head
h_p19_cp11,1.1739319846337821,1.0,head
h_p19_cp12,0.5342149432854058,1.0,head
h_p19_cp13,1.5089456042283018,1.0,head
h_p19_cp14,0.8142700606726976,1.0,head
h_p19_cp15,1.8349811833491003,1.0,head
h_p19_cp16,1.1824955601709917,1.0,head
h_p19_cp17,2.076956196750416,1.0,head
h_p19_cp18,1.6222158071564081,1.0,head
h_p19_cp19,2.141219430896399,1.0,head
h_p19_cp20,2.0773355023520708,1.0,head
h_p19_cp21,1.9773101058008251,1.0,head
h_p19_cp22,2.4444547903453895,1.0,head
h_p19_cp23,1.6528764035647328,1.0,head
h_p19_cp24,2.5985277920608496,1.0,head
h_p19_cp25,1.274633930363052,1.0,head
h_p19_cp26,2.4728928903009546,1.0,head
h_p19_cp27,0.9227889958101514,1.0,head
h_p19_cp28,2.141003439593078,1.0,head
h_p19_cp29,0.6357424756106411,1.0,head
h_p19_cp30,1.735054496592511,1.0,head
h_p19_cp31,0.42083574475736896,1.0,head
h_p19_cp32,1.365948255758667,1.0,head
h_p19_cp33,0.26938674553412056,1.0,head
h_p19_cp34,1.0968928919915015,1.0,head
h_p19_cp35,0.16741580473626527,1.0,head
h_p19_cp36,0.9494684358000995,1.0,head
h_p19_cp37,0.10124900648588664,1.0,head
h_p19_cp38,0.9169733538701621,1.0,head
h_p19_cp39,0.059671846287074004,1.0,head
h_p19_cp40,0.9740870903801806,1.0,head
h_p19_cp41,0.03430588566379811,1.0,head
h_p19_cp42,1.0820062537745798,1.0,head
h_p19_cp43,0.019258401625620536,1.0,head
h_p19_cp44,1.1927291307965788,1.0,head
h_p19_cp45,0.010570127190021594,1.0,head
h_p19_cp46,1.2572778881917657,1.0,head
h_p19_cp47,0.005682555012981538,1.0,head
h_p19_cp48,1.2405155099827425,1.0,head
h_p19_cp49,0.0030004318207375036,1.0,head
h_p19_cp50,1.1371380684931864,1.0,head
h_p19_cp51,0.001562322628160473,1.0,head
h_p19_cp52,0.9705697247034095,1.0,head
h_p19_cp53,0.0008073932563092967,1.0,head
h_p19_cp54,0.7767662482870037,1.0,head
h_p19_cp55,0.00041857749101836816,1.0,head
h_p19_cp56,0.5879823604004741,1.0,head
h_p19_cp57,0.00022186342607710685,1.0,head
h_p19_cp58,0.4247046111859163,1.0,head
h_p19_cp59,0.00012431713116711762,1.0,head
h_p19_cp60,0.2952113427199947,1.0,head
h_p19_cp61,7.743659784864576e-05,1.0,head
h_p19_cp62,0.199011231233726,1.0,head
h_p19_cp63,5.628775488730753e-05,1.0,head
h_p19_cp64,0.13098797545262642,1.0,head
h_p19_cp65,4.805584308087418e-05,1.0,head
h_p19_cp66,0.08461786309385388,1.0,head
h_p19_cp67,4.599973863150808e-05,1.0,head
h_p19_cp68,0.05383513885044522,1.0,head
h_p19_cp69,4.639884855350829e-05,1.0,head
h_p19_cp70,0.03378724371691533,1.0,head
h_p19_cp71,4.7097455762923346e-05,1.0,head
h_p19_cp72,0.020920014025932687,1.0,head
h_p19_cp73,4.6857283223289414e-05,1.0,head
h_p19_cp74,0.012766462083618535,1.0,head
h_p19_cp75,4.5076817741573905e-05,1.0,head
h_p19_cp76,0.007666999382763606,1.0,head
h_p19_cp77,4.163626454101177e-05,1.0,head
h_p19_cp78,0.004524099485706756,1.0,head
h_p19_cp79,3.674743379633583e-05,1.0,head
h_p19_cp80,0.002619101454911288,1.0,head
h_p19_cp81,3.075860786339035e-05,1.0,head
h_p19_cp82,0.001485354566739261,1.0,head
h_p19_cp83,2.389048199802346e-05,1.0,head
h_p19_cp84,0.02571003022012519,1.0,head
h_p19_cp85,0.0023144920883169107,1.0,head
h_p19_cp86,0.03160193909297959,1.0,head
h_p19_cp87,0.0035026067566832353,1.0,head
h_p19_cp88,0.03673202583740931,1.0,head
h_p19_cp89,0.005130984857260046,1.0,head
h_p19_cp90,0.040270174839861284,1.0,head
h_p19_cp91,0.0072474740127290715,1.0,head
h_p19_cp92,0.04157515725637495,1.0,head
h_p19_cp93,0.009826905349427761,1.0,head
h_p19_cp94,0.040411632490759075,1.0,head
h_p19_cp95,0.01272826496210655,1.0,head
h_p19_cp96,0.03703969005300678,1.0,head
h_p19_cp97,0.01566799094371163,1.0,head
h_p19_cp98,0.03212481099444631,1.0,head
h_p19_cp99,0.018236890893149393,1.0,head
h_p19_cp100,0.02651956049930959,1.0,head
h_p19_cp101,0.019982922053713992,1.0,head
h_p19_cp102,0.02102660062701034,1.0,head
h_p19_cp103,0.020553703458517703,1.0,head
h_p19_cp104,0.016234027934842743,1.0,head
h_p19_cp105,0.01984640005480287,1.0,head
h_p19_cp106,0.012455779309220816,1.0,head
h_p19_cp107,0.018083476255924325,1.0,head
h_p19_cp108,0.009759509163359326,1.0,head
h_p19_cp109,0.015772301198239802,1.0,head
h_p19_cp110,0.008043117056331539,1.0,head
h_p19_cp111,0.013608009644030972,1.0,head
h_p19_cp112,0.007124490742171474,1.0,head
h_p19_cp113,0.012420935246836962,1.0,head
h_p19_cp114,0.006822814580573322,1.0,head
h_p19_cp115,0.013245120780993602,1.0,head
h_p19_cp116,0.007022947162113269,1.0,head
h_p19_cp117,0.017542801160061572,1.0,head
h_p19_cp118,0.007723409414211346,1.0,head
h_p19_cp119,0.0275924248614956,1.0,head
h_p19_cp120,0.0090752741812139,1.0,head
h_p19_cp121,0.04703244007419016,1.0,head
h_p19_cp122,0.011425712889376882,1.0,head
h_p19_cp123,0.08152813234073619,1.0,head
h_p19_cp124,0.015383703732368303,1.0,head
h_p19_cp125,0.13946930603151486,1.0,head
h_p19_cp126,0.021918137893862877,1.0,head
h_p19_cp127,0.23249583977985822,1.0,head
h_p19_cp128,0.03246868160840677,1.0,head
h_p19_cp129,0.37548743993966127,1.0,head
h_p19_cp130,0.048988992464273906,1.0,head
h_p19_cp131,0.5854709179977817,1.0,head
h_p19_cp132,0.07375870369924087,1.0,head
h_p19_cp133,0.8787464562274181,1.0,head
h_p19_cp134,0.10874018695994891,1.0,head
h_p19_cp135,1.2654758201313143,1.0,head
h_p19_cp136,0.15431353242092882,1.0,head
h_p19_cp137,1.7410808862707654,1.0,head
h_p19_cp138,0.20752094518411468,1.0,head
h_p19_cp139,2.274332593431609,1.0,head
h_p19_cp140,0.2605574753069959,1.0,head
h_p19_cp141,2.794118635986706,1.0,head
h_p19_cp142,0.30102420414777953,1.0,head
h_p19_cp143,3.1836110799615653,1.0,head
h_p19_cp144,0.31579875233683197,1.0,head
h_p19_cp145,3.3047297263956352,1.0,head
h_p19_cp146,0.2986417900287961,1.0,head
h_p19_cp147,3.083186383783641,1.0,head
h_p19_cp148,0.2558782278824765,1.0,head
h_p19_cp149,2.6113537183243807,1.0,head
h_p19_cp150,0.20074244736088076,1.0,head
h_p19_cp151,2.0410506124278527,1.0,head
h_p19_cp152,0.14577916969847138,1.0,head
h_p19_cp153,1.494573074924574,1.0,head
h_p19_cp154,0.09895203385576679,1.0,head
h_p19_cp155,1.0389624760364313,1.0,head
h_p19_cp156,0.06334958742991148,1.0,head
h_p19_cp157,0.6954901136684839,1.0,head
h_p19_cp158,0.038660491420159815,1.0,head
h_p19_cp159,0.45812745806006205,1.0,head
h_p19_cp160,0.022934843233997526,1.0,head
h_p19_cp161,0.3089970889361666,1.0,head
h_p19_cp162,0.013913777190282417,1.0,head
h_p19_cp163,0.22785953041829998,1.0,head
h_p19_cp164,0.009790137984509784,1.0,head
h_p19_cp165,0.19639917418476216,1.0,head
h_p19_cp166,0.009547148310502962,1.0,head
h_p19_cp167,0.19905472749792352,1.0,head
h_p19_cp168,0.013085040719033714,1.0,head
h_p19_cp169,0.22213301928445617,1.0,head
h_p19_cp170,0.02129872103796515,1.0,head
h_p19_cp171,0.25265356636805336,1.0,head
h_p19_cp172,0.03619055953959105,1.0,head
h_p19_cp173,0.2779523618582971,1.0,head
h_p19_cp174,0.061024222213745816,1.0,head
h_p19_cp175,0.2867615774528076,1.0,head
h_p19_cp176,0.1004516448188042,1.0,head
h_p19_cp177,0.27277681329564984,1.0,head
h_p19_cp178,0.16047093204451812,1.0,head
h_p19_cp179,0.24005609925848148,1.0,head
h_p19_cp180,0.24800189405823403,1.0,head
h_p19_cp181,0.19691494253333985,1.0,head
h_p19_cp182,0.3698225561643085,1.0,head
h_p19_cp183,0.151563671842041,1.0,head
h_p19_cp184,0.5306429811807902,1.0,head
h_p19_cp185,0.11009620698541767,1.0,head
h_p19_cp186,0.7302608123222853,1.0,head
h_p19_cp187,0.07587583295867262,1.0,head
h_p19_cp188,0.9600805822888105,1.0,head
h_p19_cp189,0.049854553188197315,1.0,head
h_p19_cp190,1.1997864215340996,1.0,head
h_p19_cp191,0.03136886290894836,1.0,head
h_p19_cp192,1.4157144209684702,1.0,head
h_p19_cp193,0.018975657122609846,1.0,head
h_p19_cp194,1.56378524713773,1.0,head
h_p19_cp195,0.011073867809955118,1.0,head
h_p19_cp196,1.601523497316066,1.0,head
h_p19_cp197,0.006253282326497356,1.0,head
h_p19_cp198,1.5114181532617295,1.0,head
h_p19_cp199,0.003425648642178203,1.0,head
h_p19_cp200,1.3199700432833197,1.0,head
h_p19_cp201,0.0018245417481921322,1.0,head
h_p19_cp202,1.0761437205374023,1.0,head
h_p19_cp203,0.0009464939953431895,1.0,head
h_p19_cp204,0.8263519470629035,1.0,head
h_p19_cp205,0.0004788513808762218,1.0,head
h_p19_cp206,0.6022874541954479,1.0,head
h_p19_cp207,0.0002363985063311702,1.0,head
h_p19_cp208,0.41939343847207056,1.0,head
h_p19_cp209,0.00011378542785678292,1.0,head
h_p19_cp210,0.2805587621573977,1.0,head
h_p19_cp211,5.319421643434907e-05,1.0,head
h_p20_cp0,0.024316983353855903,1.0,head
h_p20_cp1,0.21459874148240488,1.0,head
h_p20_cp2,0.04465632013398135,1.0,head
h_p20_cp3,0.331764337023742,1.0,head
h_p20_cp4,0.0798337298106162,1.0,head
h_p20_cp5,0.4954449373653915,1.0,head
h_p20_cp6,0.1386649217224658,1.0,head
h_p20_cp7,0.7138977891618197,1.0,head
h_p20_cp8,0.23348774729947763,1.0,head
h_p20_cp9,0.9910777438881269,1.0,head
h_p20_cp10,0.38013393496930803,1.0,head
h_p20_cp11,1.3220431909539911,1.0,head
h_p20_cp12,0.5964136454808795,1.0,head
h_p20_cp13,1.6856598582085098,1.0,head
h_p20_cp14,0.8978238184372458,1.0,head
h_p20_cp15,2.034790613034147,1.0,head
h_p20_cp16,1.288956130833867,1.0,head
h_p20_cp17,2.2899665104014275,1.0,head
h_p20_cp18,1.7499043844886728,1.0,head
h_p20_cp19,2.3552982341325333,1.0,head
h_p20_cp20,2.220756279745274,1.0,head
h_p20_cp21,2.1808084092226636,1.0,head
h_p20_cp22,2.5962106583574496,1.0,head
h_p20_cp23,1.8349115747573705,1.0,head
h_p20_cp24,2.753510881188504,1.0,head
h_p20_cp25,1.4275619552381613,1.0,head
h_p20_cp26,2.6293406853851593,1.0,head
h_p20_cp27,1.0438916313828486,1.0,head
h_p20_cp28,2.2943600693279222,1.0,head
h_p20_cp29,0.7267584912056009,1.0,head
h_p20_cp30,1.8789522352749373,1.0,head
h_p20_cp31,0.486252958649402,1.0,head
h_p20_cp32,1.4962425718886152,1.0,head
h_p20_cp33,0.314666174186641,1.0,head
h_p20_cp34,1.213344326260085,1.0,head
h_p20_cp35,0.19776457280522663,1.0,head
h_p20_cp36,1.054877616271824,1.0,head
h_p20_cp37,0.12102247496204654,1.0,head
h_p20_cp38,1.0154963379036417,1.0,head
h_p20_cp39,0.07222522620349991,1.0,head
h_p20_cp40,1.0698358505364922,1.0,head
h_p20_cp41,0.042082210602757186,1.0,head
h_p20_cp42,1.1781413359367434,1.0,head
h_p20_cp43,0.023963024457771098,1.0,head
h_p20_cp44,1.290779282604717,1.0,head
h_p20_cp45,0.013352604946021529,1.0,head
h_p20_cp46,1.3565747290540457,1.0,head
h_p20_cp47,0.00729365028405482,1.0,head
h_p20_cp48,1.3383607057241989,1.0,head
h_p20_cp49,0.003915814230140313,1.0,head
h_p20_cp50,1.2300844192955083,1.0,head
h_p20_cp51,0.002074575907727194,1.0,head
h_p20_cp52,1.0553228010348903,1.0,head
h_p20_cp53,0.001091399828055728,1.0,head
h_p20_cp54,0.8507769895370529,1.0,head
h_p20_cp55,0.0005760846527209651,1.0,head
h_p20_cp56,0.6498622912197334,1.0,head
h_p20_cp57,0.00031065072175806563,1.0,head
h_p20_cp58,0.47433371788406475,1.0,head
h_p20_cp59,0.00017653640225034906,1.0,head
h_p20_cp60,0.33351976125163674,1.0,head
h_p20_cp61,0.00011069992910961446,1.0,head
h_p20_cp62,0.2275827162159203,1.0,head
h_p20_cp63,8.012152238734416e-05,1.0,head
h_p20_cp64,0.15165948740809654,1.0,head
h_p20_cp65,6.752764602424577e-05,1.0,head
h_p20_cp66,0.09917911578531857,1.0,head
h_p20_cp67,6.369913057824306e-05,1.0,head
h_p20_cp68,0.06385301550812983,1.0,head
h_p20_cp69,6.35053436326416e-05,1.0,head
h_p20_cp70,0.040535099680482745,1.0,head
h_p20_cp71,6.396823823706654e-05,1.0,head
h_p20_cp72,0.025377338511589187,1.0,head
h_p20_cp73,6.337407376122428e-05,1.0,head
h_p20_cp74,0.015656088480000108,1.0,head
h_p20_cp75,6.087261931497778e-05,1.0,head
h_p20_cp76,0.009505637068514261,1.0,head
h_p20_cp77,5.625283733934339e-05,1.0,head
h_p20_cp78,0.005671823127158859,1.0,head
h_p20_cp79,4.9735419224816724e-05,1.0,head
h_p20_cp80,0.0033213479032383475,1.0,head
h_p20_cp81,4.171076625425485e-05,1.0,head
h_p20_cp82,0.0019058609816511307,1.0,head
h_p20_cp83,3.2382123436036636e-05,1.0,head
h_p20_cp84,0.031261082800483564,1.0,head
h_p20_cp85,0.00292548662991976,1.0,head
h_p20_cp86,0.038179507678705704,1.0,head
h_p20_cp87,0.004363446878642208,1.0,head
h_p20_cp88,0.044169130216687336,1.0,head
h_p20_cp89,0.006304436061100205,1.0,head
h_p20_cp90,0.048286999021001975,1.0,head
h_p20_cp91,0.008791423463890169,1.0,head
h_p20_cp92,0.04981113359053779,1.0,head
h_p20_cp93,0.011782947768324448,1.0,head
h_p20_cp94,0.048478760547823185,1.0,head
h_p20_cp95,0.015108850463093404,1.0,head
h_p20_cp96,0.04458387121303531,1.0,head
h_p20_cp97,0.01844516657956774,1.0,head
h_p20_cp98,0.03887873546045739,1.0,head
h_p20_cp99,0.021336495623700102,1.0,head
h_p20_cp100,0.032333832415133656,1.0,head
h_p20_cp101,0.023288071811748523,1.0,head
h_p20_cp102,0.025873825062717515,1.0,head
h_p20_cp103,0.023920312670725252,1.0,head
h_p20_cp104,0.020189403731819766,1.0,head
h_p20_cp105,0.023130718171387343,1.0,head
h_p20_cp106,0.015663637504985672,1.0,head
h_p20_cp107,0.02117717548253495,1.0,head
h_p20_cp108,0.012396857853218535,1.0,head
h_p20_cp109,0.018638416672729363,1.0,head
h_p20_cp110,0.010289381430084177,1.0,head
h_p20_cp111,0.016315672301971063,1.0,head
h_p20_cp112,0.009143019181919954,1.0,head
h_p20_cp113,0.015183338526412626,1.0,head
h_p20_cp114,0.008756019602515153,1.0,head
h_p20_cp115,0.016469100864014763,1.0,head
h_p20_cp116,0.009000196239867364,1.0,head
h_p20_cp117,0.02189888234784121,1.0,head
h_p20_cp118,0.009879310689939302,1.0,head
h_p20_cp119,0.034110502076146076,1.0,head
h_p20_cp120,0.011575583861485939,1.0,head
h_p20_cp121,0.05721924837712322,1.0,head
h_p20_cp122,0.014497981874683319,1.0,head
h_p20_cp123,0.09748794462188926,1.0,head
h_p20_cp124,0.019348734010236512,1.0,head
h_p20_cp125,0.16399094937446534,1.0,head
h_p20_cp126,0.02721494652541878,1.0,head
h_p20_cp127,0.26905285403245216,1.0,head
h_p20_cp128,0.039659682580804656,1.0,head
h_p20_cp129,0.4280935390393097,1.0,head
h_p20_cp130,0.05872636880076243,1.0,head
h_p20_cp131,0.6583498886882353,1.0,head
h_p20_cp132,0.08669466746960097,1.0,head
h_p20_cp133,0.9758166370043,1.0,head
h_p20_cp134,0.1253814124429482,1.0,head
h_p20_cp135,1.3897004347479651,1.0,head
h_p20_cp136,0.17485332907290285,1.0,head
h_p20_cp137,1.893770801297478,1.0,head
h_p20_cp138,0.2317129134798961,1.0,head
h_p20_cp139,2.4544898708311393,1.0,head
h_p20_cp140,0.2876905771067868,1.0,head
h_p20_cp141,2.997851622695862,1.0,head
h_p20_cp142,0.33000676373558235,1.0,head
h_p20_cp143,3.403469846719645,1.0,head
h_p20_cp144,0.34528096388976337,1.0,head
h_p20_cp145,3.5289613055224436,1.0,head
h_p20_cp146,0.3271167188081563,1.0,head
h_p20_cp147,3.297010471573003,1.0,head
h_p20_cp148,0.28202107178958613,1.0,head
h_p20_cp149,2.8037255223709963,1.0,head
h_p20_cp150,0.22351221976850866,1.0,head
h_p20_cp151,2.205789879240001,1.0,head
h_p20_cp152,0.16454124662959657,1.0,head
h_p20_cp153,1.629447593751138,1.0,head
h_p20_cp154,0.11356007013546332,1.0,head
h_p20_cp155,1.1448727998763388,1.0,head
h_p20_cp156,0.07411627219744332,1.0,head
h_p20_cp157,0.7756379124566593,1.0,head
h_p20_cp158,0.04622688355993887,1.0,head
h_p20_cp159,0.517033576561289,1.0,head
h_p20_cp160,0.028102715499699116,1.0,head
h_p20_cp161,0.3515307946372559,1.0,head
h_p20_cp162,0.0175104865738831,1.0,head
h_p20_cp163,0.2584770664532243,1.0,head
h_p20_cp164,0.012604988612565649,1.0,head
h_p20_cp165,0.21871398368716655,1.0,head
h_p20_cp166,0.01234313164559353,1.0,head
h_p20_cp167,0.2157815832038068,1.0,head
h_p20_cp168,0.01666934314471291,1.0,head
h_p20_cp169,0.23534258514951034,1.0,head
h_p20_cp170,0.026629762803622725,1.0,head
h_p20_cp171,0.26408329935975416,1.0,head
h_p20_cp172,0.044499715648271376,1.0,head
h_p20_cp173,0.2889278709978953,1.0,head
h_p20_cp174,0.07392848326253443,1.0,head
h_p20_cp175,0.29754900134207674,1.0,head
h_p20_cp176,0.12002586135668025,1.0,head
h_p20_cp177,0.2824409718214156,1.0,head
h_p20_cp178,0.1892374850917804,1.0,head
h_p20_cp179,0.24846096124952055,1.0,head
h_p20_cp180,0.2887906404630485,1.0,head
h_p20_cp181,0.2045201802839074,1.0,head
h_p20_cp182,0.4254691201572314,1.0,head
h_p20_cp183,0.1586650510216714,1.0,head
h_p20_cp184,0.6035415698702309,1.0,head
h_p20_cp185,0.11661108325620262,1.0,head
h_p20_cp186,0.8218622910344493,1.0,head
h_p20_cp187,0.08154177101846471,1.0,head
h_p20_cp188,1.0704824538420326,1.0,head
h_p20_cp189,0.05446562270776667,1.0,head
h_p20_cp190,1.3275241691712836,1.0,head
h_p20_cp191,0.034880698777442376,1.0,head
h_p20_cp192,1.5577055074500095,1.0,head
h_p20_cp193,0.021491580317615444,1.0,head
h_p20_cp194,1.71524634423713,1.0,head
h_p20_cp195,0.012780065638025917,1.0,head
h_p20_cp196,1.7559441090843393,1.0,head
h_p20_cp197,0.0073551475106796715,1.0,head
h_p20_cp198,1.661367893534134,1.0,head
h_p20_cp199,0.004106806694835541,1.0,head
h_p20_cp200,1.4588698425109214,1.0,head
h_p20_cp201,0.0022293553845429415,1.0,head
h_p20_cp202,1.199138946295534,1.0,head
h_p20_cp203,0.0011785695014623343,1.0,head
h_p20_cp204,0.9304250577115454,1.0,head
h_p20_cp205,0.0006075072242310853,1.0,head
h_p20_cp206,0.6863050669680888,1.0,head
h_p20_cp207,0.00030544901960638526,1.0,head
h_p20_cp208,0.4840670902567581,1.0,head
h_p20_cp209,0.00014963270928092243,1.0,head
h_p20_cp210,0.3280880337670169,1.0,head
h_p20_cp211,7.110607543836522e-05,1.0,head
h_p21_cp0,0.029403899770386488,1.0,head
h_p21_cp1,0.251324122297774,1.0,head
h_p21_cp2,0.0531271049658244,1.0,head
h_p21_cp3,0.38413714177886504,1.0,head
h_p21_cp4,0.09349100510598873,1.0,head
h_p21_cp5,0.5677112832877356,1.0,head
h_p21_cp6,0.15993941926262778,1.0,head
h_p21_cp7,0.8102605002186465,1.0,head
h_p21_cp8,0.2654319034004402,1.0,head
h_p21_cp9,1.114898385480501,1.0,head
h_p21_cp10,0.426231500276117,1.0,head
h_p21_cp11,1.4746122548663152,1.0,head
h_p21_cp12,0.6600863212902368,1.0,head
h_p21_cp13,1.8647588742946937,1.0,head
h_p21_cp14,0.981524371039086,1.0,head
h_p21_cp15,2.233823041890446,1.0,head
h_p21_cp16,1.3928834029870814,1.0,head
h_p21_cp17,2.4988465848455235,1.0,head
h_p21_cp18,1.8708252636029101,1.0,head
h_p21_cp19,2.563547014116466,1.0,head
h_p21_cp20,2.3521630453478792,1.0,head
h_p21_cp21,2.38018439643929,1.0,head
h_p21_cp22,2.7312396958059253,1.0,head
h_p21_cp23,2.016144752834407,1.0,head
h_p21_cp24,2.8897458619289864,1.0,head
h_p21_cp25,1.5827660506388384,1.0,head
h_p21_cp26,2.7694073745019523,1.0,head
h_p21_cp27,1.169221452785223,1.0,head
h_p21_cp28,2.436368492991278,1.0,head
h_p21_cp29,0.8227367840713669,1.0,head
h_p21_cp30,2.0170171727095294,1.0,head
h_p21_cp31,0.5564579548781694,1.0,head
h_p21_cp32,1.6251390697325405,1.0,head
h_p21_cp33,0.3640509937386014,1.0,head
h_p21_cp34,1.331218531182003,1.0,head
h_p21_cp35,0.23136076321179644,1.0,head
h_p21_cp36,1.1631725837351041,1.0,head
h_p21_cp37,0.14321832248242572,1.0,head
h_p21_cp38,1.1175665332657445,1.0,head
h_p21_cp39,0.08650671503983176,1.0,head
h_p21_cp40,1.169480465624929,1.0,head
h_p21_cp41,0.05104823425131144,1.0,head
h_p21_cp42,1.278431621774189,1.0,head
h_p21_cp43,0.029462486072588945,1.0,head
h_p21_cp44,1.3930817618138462,1.0,head
h_p21_cp45,0.01665225546298643,1.0,head
h_p21_cp46,1.459889488123963,1.0,head
h_p21_cp47,0.009233321158490071,1.0,head
h_p21_cp48,1.4396719234955526,1.0,head
h_p21_cp49,0.0050355644286810275,1.0,head
h_p21_cp50,1.3259117499642343,1.0,head
h_p21_cp51,0.002711702735950894,1.0,head
h_p21_cp52,1.1425454215227546,1.0,head
h_p21_cp53,0.0014507519738344854,1.0,head
h_p21_cp54,0.9270607745440884,1.0,head
h_p21_cp55,0.0007788459538460302,1.0,head
h_p21_cp56,0.7139490248607672,1.0,head
h_p21_cp57,0.00042683406968535564,1.0,head
h_p21_cp58,0.5261176771853115,1.0,head
h_p21_cp59,0.00024578858233326173,1.0,head
h_p21_cp60,0.37386897916917405,1.0,head
h_p21_cp61,0.00015511824767600046,1.0,head
h_p21_cp62,0.2579991843724656,1.0,head
h_p21_cp63,0.00011186086385350791,1.0,head
h_p21_cp64,0.17391828310360324,1.0,head
h_p21_cp65,9.316251430391276e-05,1.0,head
h_p21_cp66,0.11504320097901655,1.0,head
h_p21_cp67,8.66557811605162e-05,1.0,head
h_p21_cp68,0.07489583006167777,1.0,head
h_p21_cp69,8.54000059007376e-05,1.0,head
h_p21_cp70,0.048059796769621244,1.0,head
h_p21_cp71,8.535548204235965e-05,1.0,head
h_p21_cp72,0.030404731283852016,1.0,head
h_p21_cp73,8.419076107202272e-05,1.0,head
h_p21_cp74,0.01895238509041519,1.0,head
h_p21_cp75,8.072518721746746e-05,1.0,head
h_p21_cp76,0.0116270981834532,1.0,head
h_p21_cp77,7.46127604998037e-05,1.0,head
h_p21_cp78,0.007011597021346461,1.0,head
h_p21_cp79,6.606007355003385e-05,1.0,head
h_p21_cp80,0.004150951245719625,1.0,head
h_p21_cp81,5.547908654079947e-05,1.0,head
h_p21_cp82,0.0024087021347440896,1.0,head
h_p21_cp83,4.301195122025092e-05,1.0,head
h_p21_cp84,0.037520918596783304,1.0,head
h_p21_cp85,0.0036453328400511964,1.0,head
h_p21_cp86,0.045551191408776504,1.0,head
h_p21_cp87,0.005363301018860511,1.0,head
h_p21_cp88,0.05246696942276685,1.0,head
h_p21_cp89,0.007649331265611181,1.0,head
h_p21_cp90,0.057208342303965765,1.0,head
h_p21_cp91,0.01053967793177435,1.0,head
h_p21_cp92,0.05897057584570575,1.0,head
h_p21_cp93,0.013974609604929356,1.0,head
h_p21_cp94,0.057463219970486534,1.0,head
h_p21_cp95,0.017753008640966073,1.0,head
h_p21_cp96,0.05301539422271162,1.0,head
h_p21_cp97,0.02150897297724441,1.0,head
h_p21_cp98,0.04646902223612415,1.0,head
h_p21_cp99,0.024739622487913948,1.0,head
h_p21_cp100,0.038917259103072865,1.0,head
h_p21_cp101,0.0269066674422902,1.0,head
h_p21_cp102,0.031413217594035814,1.0,head
h_p21_cp103,0.027603681581695128,1.0,head
h_p21_cp104,0.024757514895554777,1.0,head
h_p21_cp105,0.026730805998340657,1.0,head
h_p21_cp106,0.019409469728543627,1.0,head
h_p21_cp107,0.024586057005080875,1.0,head
h_p21_cp108,0.01550801063012841,1.0,head
h_p21_cp109,0.021827089807629818,1.0,head
h_p21_cp110,0.012960049393313966,1.0,head
h_p21_cp111,0.01937166570132831,1.0,head
h_p21_cp112,0.011553773304058268,1.0,head
h_p21_cp113,0.018351362000885274,1.0,head
h_p21_cp114,0.011067713229749643,1.0,head
h_p21_cp115,0.02020284750119572,1.0,head
h_p21_cp116,0.011361326196492882,1.0,head
h_p21_cp117,0.026931643201123734,1.0,head
h_p21_cp118,0.012444335518921434,1.0,head
h_p21_cp119,0.04154747713778306,1.0,head
h_p21_cp120,0.014530873151215928,1.0,head
h_p21_cp121,0.0686449859649656,1.0,head
h_p21_cp122,0.018091548369284283,1.0,head
h_p21_cp123,0.11506851653393824,1.0,head
h_p21_cp124,0.023918607888845145,1.0,head
h_p21_cp125,0.19053494617151046,1.0,head
h_p21_cp126,0.033208053974249196,1.0,head
h_p21_cp127,0.30798417144978885,1.0,head
h_p21_cp128,0.04762881828355603,1.0,head
h_p21_cp129,0.48329103504352133,1.0,head
h_p21_cp130,0.06929061091477706,1.0,head
h_p21_cp131,0.7338316832217515,1.0,head
h_p21_cp132,0.10045458465901902,1.0,head
h_p21_cp133,1.0752879230324197,1.0,head
h_p21_cp134,0.1427995983058281,1.0,head
h_p21_cp135,1.5160235482749158,1.0,head
h_p21_cp136,0.1961375730893451,1.0,head
h_p21_cp137,2.0484191652660684,1.0,head
h_p21_cp138,0.25674832990625873,1.0,head
h_p21_cp139,2.636975031957263,1.0,head
h_p21_cp140,0.3160183056029382,1.0,head
h_p21_cp141,3.204951999838613,1.0,head
h_p21_cp142,0.36073663925390065,1.0,head
h_p21_cp143,3.627998043199341,1.0,head
h_p21_cp144,0.37683577821826475,1.0,head
h_p21_cp145,3.7585495750142854,1.0,head
h_p21_cp146,0.35727825141157155,1.0,head
h_p21_cp147,3.5160051699631367,1.0,head
h_p21_cp148,0.3092407287726928,1.0,head
h_p21_cp149,3.0003398387045763,1.0,head
h_p21_cp150,0.24695718940301958,1.0,head
h_p21_cp151,2.373913280551733,1.0,head
h_p21_cp152,0.18383803979531876,1.0,head
h_p21_cp153,1.7673243417550566,1.0,head
h_p21_cp154,0.12870462506998592,1.0,head
h_p21_cp155,1.2537267277964474,1.0,head
h_p21_cp156,0.08544847546227174,1.0,head
h_p21_cp157,0.8586932727730527,1.0,head
h_p21_cp158,0.054359228457542486,1.0,head
h_p21_cp159,0.5786518416648505,1.0,head
h_p21_cp160,0.03380521770168343,1.0,head
h_p21_cp161,0.39639996282744505,1.0,head
h_p21_cp162,0.021603904545372643,1.0,head
h_p21_cp163,0.29096622939323424,1.0,head
h_p21_cp164,0.01590473988198937,1.0,head
h_p21_cp165,0.24251114221533498,1.0,head
h_p21_cp166,0.01566738573501425,1.0,head
h_p21_cp167,0.23385235734303933,1.0,head
h_p21_cp168,0.02090232924592783,1.0,head
h_p21_cp169,0.25010636142337717,1.0,head
h_p21_cp170,0.03282087885736473,1.0,head
h_p21_cp171,0.2775133976772395,1.0,head
h_p21_cp172,0.05397522926250531,1.0,head
h_p21_cp173,0.3022311016625281,1.0,head
h_p21_cp174,0.08838885061641122,1.0,head
h_p21_cp175,0.3106123754073451,1.0,head
h_p21_cp176,0.14159534455711764,1.0,head
h_p21_cp177,0.29422292780805037,1.0,head
h_p21_cp178,0.22042711279618743,1.0,head
h_p21_cp179,0.258417069084544,1.0,head
h_p21_cp180,0.332339520041387,1.0,head
h_p21_cp181,0.2129377508088055,1.0,head
h_p21_cp182,0.48405341544685143,1.0,head
h_p21_cp183,0.16600915962453655,1.0,head
h_p21_cp184,0.6793878240105187,1.0,head
h_p21_cp185,0.12308738719070789,1.0,head
h_p21_cp186,0.9163526045249455,1.0,head
h_p21_cp187,0.0871106902206975,1.0,head
h_p21_cp188,1.183847212771525,1.0,head
h_p21_cp189,0.059027802304626675,1.0,head
h_p21_cp190,1.4586407329429676,1.0,head
h_p21_cp191,0.03841140912186347,1.0,head
h_p21_cp192,1.7038870540718563,1.0,head
h_p21_cp193,0.02407315028017365,1.0,head
h_p21_cp194,1.8718828568798926,1.0,head
h_p21_cp195,0.014570005153245802,1.0,head
h_p21_cp196,1.9162463779084646,1.0,head
h_p21_cp197,0.008537543614465903,1.0,head
h_p21_cp198,1.8172246713538698,1.0,head
h_p21_cp199,0.004854362912965371,1.0,head
h_p21_cp200,1.6032798211995214,1.0,head
h_p21_cp201,0.0026835292269424826,1.0,head
h_p21_cp202,1.327193884724693,1.0,head
h_p21_cp203,0.0014445866947880859,1.0,head
h_p21_cp204,1.0392528464053612,1.0,head
h_p21_cp205,0.0007580669637263782,1.0,head
h_p21_cp206,0.7748748352337316,1.0,head
h_p21_cp207,0.0003878714137499628,1.0,head
h_p21_cp208,0.553033893639622,1.0,head
h_p21_cp209,0.00019322103571539628,1.0,head
h_p21_cp210,0.37948555531147576,1.0,head
h_p21_cp211,9.324678421762655e-05,1.0,head
h_p22_cp0,0.03512406647860189,1.0,head
h_p22_cp1,0.2913025106186069,1.0,head
h_p22_cp2,0.06249160463903536,1.0,head
h_p22_cp3,0.4404749860809716,1.0,head
h_p22_cp4,0.10833825314284695,1.0,head
h_p22_cp5,0.6445502279284483,1.0,head
h_p22_cp6,0.18268329145303142,1.0,head
h_p22_cp7,0.9114945697942858,1.0,head
h_p22_cp8,0.2989986252146082,1.0,head
h_p22_cp9,1.2432758149789152,1.0,head
h_p22_cp10,0.4737807342753513,1.0,head
h_p22_cp11,1.6304805724635116,1.0,head
h_p22_cp12,0.7243984984052076,1.0,head
h_p22_cp13,2.0448399004885687,1.0,head
h_p22_cp14,1.0639829042893325,1.0,head
h_p22_cp15,2.4309336268693187,1.0,head
h_p22_cp16,1.4922036192124324,1.0,head
h_p22_cp17,2.703529558310038,1.0,head
h_p22_cp18,1.9822035395045532,1.0,head
h_p22_cp19,2.7670139809210923,1.0,head
h_p22_cp20,2.468197344219334,1.0,head
h_p22_cp21,2.5752496746858924,1.0,head
h_p22_cp22,2.8458569168433314,1.0,head
h_p22_cp23,2.195222255241333,1.0,head
h_p22_cp24,3.003584454171232,1.0,head
h_p22_cp25,1.7386047381523895,1.0,head
h_p22_cp26,2.8893960549853546,1.0,head
h_p22_cp27,1.2974123462845455,1.0,head
h_p22_cp28,2.5636486221442283,1.0,head
h_p22_cp29,0.9227535671466285,1.0,head
h_p22_cp30,2.1464518390034755,1.0,head
h_p22_cp31,0.6309269916096127,1.0,head
h_p22_cp32,1.7505628218268612,1.0,head
h_p22_cp33,0.41730602173765874,1.0,head
h_p22_cp34,1.4491874253840251,1.0,head
h_p22_cp35,0.2681459056775566,1.0,head
h_p22_cp36,1.2736945466385805,1.0,head
h_p22_cp37,0.16786910445216563,1.0,head
h_p22_cp38,1.2230670601202291,1.0,head
h_p22_cp39,0.10258474198872136,1.0,head
h_p22_cp40,1.273308786590178,1.0,head
h_p22_cp41,0.06127788773028442,1.0,head
h_p22_cp42,1.383445348376199,1.0,head
h_p22_cp43,0.03582228394316189,1.0,head
h_p22_cp44,1.5003863083582019,1.0,head
h_p22_cp45,0.02052156084755552,1.0,head
h_p22_cp46,1.5680269853874051,1.0,head
h_p22_cp47,0.011541068280166655,1.0,head
h_p22_cp48,1.5451021920607673,1.0,head
h_p22_cp49,0.00638812902184327,1.0,head
h_p22_cp50,1.4250198999666281,1.0,head
h_p22_cp51,0.0034935199209940038,1.0,head
h_p22_cp52,1.232425101951776,1.0,head
h_p22_cp53,0.0018989146326475748,1.0,head
h_p22_cp54,1.0056691848694754,1.0,head
h_p22_cp55,0.0010358584852383501,1.0,head
h_p22_cp56,0.7802208072710073,1.0,head
h_p22_cp57,0.0005763830738487741,1.0,head
h_p22_cp58,0.5800062426451404,1.0,head
h_p22_cp59,0.00033605504995648516,1.0,head
h_p22_cp60,0.4162096998857123,1.0,head
h_p22_cp61,0.00021340052421692235,1.0,head
h_p22_cp62,0.29022785146457863,1.0,head
h_p22_cp63,0.00015341671587520977,1.0,head
h_p22_cp64,0.19775254679461796,1.0,head
h_p22_cp65,0.0001263776673567918,1.0,head
h_p22_cp66,0.1322165383535321,1.0,head
h_p22_cp67,0.00011598297669479507,1.0,head
h_p22_cp68,0.08698216802281422,1.0,head
h_p22_cp69,0.00011300735877739498,1.0,head
h_p22_cp70,0.056385710804306655,1.0,head
h_p22_cp71,0.00011206247972950223,1.0,head
h_p22_cp72,0.036027423702989836,1.0,head
h_p22_cp73,0.00011002663154613401,1.0,head
h_p22_cp74,0.02267843041067863,1.0,head
h_p22_cp75,0.00010528725533731631,1.0,head
h_p22_cp76,0.014050920244926601,1.0,head
h_p22_cp77,9.730567921906186e-05,1.0,head
h_p22_cp78,0.008559087441426527,1.0,head
h_p22_cp79,8.623948133390513e-05,1.0,head
h_p22_cp80,0.005119939992937361,1.0,head
h_p22_cp81,7.248799170156417e-05,1.0,head
h_p22_cp82,0.003002735245900112,1.0,head
h_p22_cp83,5.606829290627502e-05,1.0,head
h_p22_cp84,0.04450835921534235,1.0,head
h_p22_cp85,0.00448413722551777,1.0,head
h_p22_cp86,0.053731338479337865,1.0,head
h_p22_cp87,0.0065132926602018415,1.0,head
h_p22_cp88,0.0616355874240071,1.0,head
h_p22_cp89,0.009177594643915654,1.0,head
h_p22_cp90,0.06704136068083244,1.0,head
h_p22_cp91,0.012504845042258239,1.0,head
h_p22_cp92,0.06906020325141071,1.0,head
h_p22_cp93,0.016415164320278564,1.0,head
h_p22_cp94,0.06737415651241463,1.0,head
h_p22_cp95,0.020674640603374428,1.0,head
h_p22_cp96,0.06234830854464235,1.0,head
h_p22_cp97,0.02487373456460773,1.0,head
h_p22_cp98,0.054916085614877375,1.0,head
h_p22_cp99,0.02846069740735402,1.0,head
h_p22_cp100,0.046296842633637425,1.0,head
h_p22_cp101,0.03085313849146587,1.0,head
h_p22_cp102,0.03767753681404429,1.0,head
h_p22_cp103,0.03161870435428682,1.0,head
h_p22_cp104,0.029975402188483713,1.0,head
h_p22_cp105,0.030662949263842165,1.0,head
h_p22_cp106,0.02373293021673817,1.0,head
h_p22_cp107,0.028328826981805832,1.0,head
h_p22_cp108,0.019133744985992962,1.0,head
h_p22_cp109,0.02536038479797753,1.0,head
h_p22_cp110,0.016095953668354923,1.0,head
h_p22_cp111,0.02280233530041187,1.0,head
h_p22_cp112,0.014397081611150497,1.0,head
h_p22_cp113,0.021956368202381782,1.0,head
h_p22_cp114,0.013797583740597474,1.0,head
h_p22_cp115,0.02448246989956715,1.0,head
h_p22_cp116,0.014145418643238372,1.0,head
h_p22_cp117,0.03267928879790816,1.0,head
h_p22_cp118,0.015456760885626863,1.0,head
h_p22_cp119,0.049937124447524184,1.0,head
h_p22_cp120,0.017977693214106694,1.0,head
h_p22_cp121,0.08132767049141876,1.0,head
h_p22_cp122,0.02223917168976186,1.0,head
h_p22_cp123,0.13425668059176132,1.0,head
h_p22_cp124,0.02911914537935445,1.0,head
h_p22_cp125,0.2190411476610734,1.0,head
h_p22_cp126,0.03991353026322031,1.0,head
h_p22_cp127,0.3491746594665983,1.0,head
h_p22_cp128,0.05638415864359558,1.0,head
h_p22_cp129,0.5409225473288188,1.0,head
h_p22_cp130,0.0806970015605657,1.0,head
h_p22_cp131,0.811765427186856,1.0,head
h_p22_cp132,0.11510477356569027,1.0,head
h_p22_cp133,1.177110218945245,1.0,head
h_p22_cp134,0.161205058827818,1.0,head
h_p22_cp135,1.6446215509818103,1.0,head
h_p22_cp136,0.21867920568274712,1.0,head
h_p22_cp137,2.20552141402527,1.0,head
h_p22_cp138,0.28364957425355897,1.0,head
h_p22_cp139,2.822541145714922,1.0,head
h_p22_cp140,0.34722479335050593,1.0,head
h_p22_cp141,3.4161365810107327,1.0,head
h_p22_cp142,0.3954736109440091,1.0,head
h_p22_cp143,3.8575327728929096,1.0,head
h_p22_cp144,0.41292059573743245,1.0,head
h_p22_cp145,3.9935540775309164,1.0,head
h_p22_cp146,0.3913854844877278,1.0,head
h_p22_cp147,3.7404238713925224,1.0,head
h_p22_cp148,0.3392196947584125,1.0,head
h_p22_cp149,3.2017770112324797,1.0,head
h_p22_cp150,0.27209676461234267,1.0,head
h_p22_cp151,2.5460332669331365,1.0,head
h_p22_cp152,0.2041779523842706,1.0,head
h_p22_cp153,1.9085934272281975,1.0,head
h_p22_cp154,0.14459008080211788,1.0,head
h_p22_cp155,1.365660669682029,1.0,head
h_p22_cp156,0.09740588585373189,1.0,head
h_p22_cp157,0.9446366457289059,1.0,head
h_p22_cp158,0.06306664498515602,1.0,head
h_p22_cp159,0.6429200775589834,1.0,head
h_p22_cp160,0.0400461726744652,1.0,head
h_p22_cp161,0.4435842013626825,1.0,head
h_p22_cp162,0.02620926031977433,1.0,head
h_p22_cp163,0.32540177678788496,1.0,head
h_p22_cp164,0.019718961970284,1.0,head
h_p22_cp165,0.267982472649237,1.0,head
h_p22_cp166,0.01956128066058227,1.0,head
h_p22_cp167,0.2535485439630065,1.0,head
h_p22_cp168,0.025832267892383243,1.0,head
h_p22_cp169,0.2666997518356311,1.0,head
h_p22_cp170,0.03991975371445733,1.0,head
h_p22_cp171,0.29309127362284926,1.0,head
h_p22_cp172,0.06465249477241741,1.0,head
h_p22_cp173,0.3178834835100588,1.0,head
h_p22_cp174,0.10441157278228275,1.0,head
h_p22_cp175,0.3260186110780978,1.0,head
h_p22_cp176,0.16511755277088014,1.0,head
h_p22_cp177,0.3081319817365511,1.0,head
h_p22_cp178,0.2539343068146991,1.0,head
h_p22_cp179,0.2700503865646624,1.0,head
h_p22_cp180,0.37848622928413533,1.0,head
h_p22_cp181,0.22241834649980774,1.0,head
h_p22_cp182,0.5453999815722455,1.0,head
h_p22_cp183,0.17385911454971392,1.0,head
h_p22_cp184,0.7580825285372157,1.0,head
h_p22_cp185,0.12971703504649668,1.0,head
h_p22_cp186,1.013831497071351,1.0,head
h_p22_cp187,0.0926866621496174,1.0,head
h_p22_cp188,1.3005973763097245,1.0,head
h_p22_cp189,0.06358001267790314,1.0,head
h_p22_cp190,1.5939723186252195,1.0,head
h_p22_cp191,0.04196504986862237,1.0,head
h_p22_cp192,1.8555364363510307,1.0,head
h_p22_cp193,0.026711835982723642,1.0,head
h_p22_cp194,2.03532116443057,1.0,head
h_p22_cp195,0.01643427993030855,1.0,head
h_p22_cp196,2.0841483057256482,1.0,head
h_p22_cp197,0.0097943214566385,1.0,head
h_p22_cp198,1.9805029970902979,1.0,head
h_p22_cp199,0.005665655088932908,1.0,head
h_p22_cp200,1.7542989819457944,1.0,head
h_p22_cp201,0.003186762182849634,1.0,head
h_p22_cp202,1.4609615691351792,1.0,head
h_p22_cp203,0.0017454070318763115,1.0,head
h_p22_cp204,1.1531198983102513,1.0,head
h_p22_cp205,0.0009317229557836981,1.0,head
h_p22_cp206,0.8680391260736542,1.0,head
h_p22_cp207,0.0004847488000905287,1.0,head
h_p22_cp208,0.6262274954588065,1.0,head
h_p22_cp209,0.0002453598935971968,1.0,head
h_p22_cp210,0.43467826657661135,1.0,head
h_p22_cp211,0.0001201396578380809,1.0,head
h_p23_cp0,0.04149323203046151,1.0,head
h_p23_cp1,0.3344961636375956,1.0,head
h_p23_cp2,0.07274761219287029,1.0,head
h_p23_cp3,0.5006551526730618,1.0,head
h_p23_cp4,0.12433205239312883,1.0,head
h_p23_cp5,0.7256991686645051,1.0,head
h_p23_cp6,0.20677182129657012,1.0,head
h_p23_cp7,1.0171215499271966,1.0,head
h_p23_cp8,0.33391821452732984,1.0,head
h_p23_cp9,1.3754386258956401,1.0,head
h_p23_cp10,0.5222795480895002,1.0,head
h_p23_cp11,1.7885546844827331,1.0,head
h_p23_cp12,0.788530435661869,1.0,head
h_p23_cp13,2.2245467282727986,1.0,head
h_p23_cp14,1.1440648302873342,1.0,head
h_p23_cp15,2.6245526224761306,1.0,head
h_p23_cp16,1.585739616257797,1.0,head
h_p23_cp17,2.9019838318513393,1.0,head
h_p23_cp18,2.083624363845047,1.0,head
h_p23_cp19,2.962941583815791,1.0,head
h_p23_cp20,2.570687234845991,1.0,head
h_p23_cp21,2.76388388187479,1.0,head
h_p23_cp22,2.9456239416826975,1.0,head
h_p23_cp23,2.370426700656026,1.0,head
h_p23_cp24,3.1033177745971443,1.0,head
h_p23_cp25,1.893551213433966,1.0,head
h_p23_cp26,2.9948593674457697,1.0,head
h_p23_cp27,1.4272006476498973,1.0,head
h_p23_cp28,2.6780150057793435,1.0,head
h_p23_cp29,1.02589654878102,1.0,head
h_p23_cp30,2.266835285139223,1.0,head
h_p23_cp31,0.7090946432749661,1.0,head
h_p23_cp32,1.8713608899938663,1.0,head
h_p23_cp33,0.47414064297618097,1.0,head
h_p23_cp34,1.5662032211303085,1.0,head
h_p23_cp35,0.30801318677640666,1.0,head
h_p23_cp36,1.3858006264026699,1.0,head
h_p23_cp37,0.1949728503732331,1.0,head
h_p23_cp38,1.3317556684241936,1.0,head
h_p23_cp39,0.12050636661115277,1.0,head
h_p23_cp40,1.3813172467446293,1.0,head
h_p23_cp41,0.07283353831849126,1.0,head
h_p23_cp42,1.4931752583026991,1.0,head
h_p23_cp43,0.04310264495006777,1.0,head
h_p23_cp44,1.6124578704370833,1.0,head
h_p23_cp45,0.025011323472654112,1.0,head
h_p23_cp46,1.680527046980842,1.0,head
h_p23_cp47,0.01425653227533985,1.0,head
h_p23_cp48,1.6543310702927556,1.0,head
h_p23_cp49,0.008002871188637073,1.0,head
h_p23_cp50,1.527286308755265,1.0,head
h_p23_cp51,0.00444097532295018,1.0,head
h_p23_cp52,1.3249234227212128,1.0,head
h_p23_cp53,0.0024504254179191776,1.0,head
h_p23_cp54,1.086565121770036,1.0,head
h_p23_cp55,0.001357023842047056,1.0,head
h_p23_cp56,0.8486210785629282,1.0,head
h_p23_cp57,0.0007659797452106432,1.0,head
h_p23_cp58,0.6359337729090839,1.0,head
h_p23_cp59,0.00045185396015767765,1.0,head
h_p23_cp60,0.46048327505855013,1.0,head
h_p23_cp61,0.0002886481570385513,1.0,head
h_p23_cp62,0.3242278617717602,1.0,head
h_p23_cp63,0.000206980956136249,1.0,head
h_p23_cp64,0.22314262648865224,1.0,head
h_p23_cp65,0.00016878844894563372,1.0,head
h_p23_cp66,0.15069843091941948,1.0,head
h_p23_cp67,0.00015293218075385084,1.0,head
h_p23_cp68,0.10012495389696596,1.0,head
h_p23_cp69,0.00014734753904122044,1.0,head
h_p23_cp70,0.06553332406224399,1.0,head
h_p23_cp71,0.00014495847040052467,1.0,head
h_p23_cp72,0.042268328582622416,1.0,head
h_p23_cp73,0.00014164661138238444,1.0,head
h_p23_cp74,0.026856114569000056,1.0,head
h_p23_cp75,0.00013524336031878192,1.0,head
h_p23_cp76,0.01679614309000499,1.0,head
h_p23_cp77,0.00012494301495280524,1.0,head
h_p23_cp78,0.010329837797144137,1.0,head
h_p23_cp79,0.00011080443414357433,1.0,head
h_p23_cp80,0.006240403564788721,1.0,head
h_p23_cp81,9.316298383055255e-05,1.0,head
h_p23_cp82,0.003696951966276174,1.0,head
h_p23_cp83,7.182169179031916e-05,1.0,head
h_p23_cp84,0.052233631719900586,1.0,head
h_p23_cp85,0.005452103504239858,1.0,head
h_p23_cp86,0.06272383835403161,1.0,head
h_p23_cp87,0.00782463760401697,1.0,head
h_p23_cp88,0.0716730304484372,1.0,head
h_p23_cp89,0.010901249241214828,1.0,head
h_p23_cp90,0.07778022195316225,1.0,head
h_p23_cp91,0.014699561387942595,1.0,head
h_p23_cp92,0.08007343595181737,1.0,head
h_p23_cp93,0.01911762463987543,1.0,head
h_p23_cp94,0.07820781936561616,1.0,head
h_p23_cp95,0.023886767253998187,1.0,head
h_p23_cp96,0.07258483691020956,1.0,head
h_p23_cp97,0.028552006741165314,1.0,head
h_p23_cp98,0.0642301093585047,1.0,head
h_p23_cp99,0.032511497634232,1.0,head
h_p23_cp100,0.054491247862188175,1.0,head
h_p23_cp101,0.03513872102575988,1.0,head
h_p23_cp102,0.044693139275295835,1.0,head
h_p23_cp103,0.03597700009072469,1.0,head
h_p23_cp104,0.03587547749248188,1.0,head
h_p23_cp105,0.03494050386439085,1.0,head
h_p23_cp106,0.02867053892759941,1.0,head
h_p23_cp107,0.03242199505098142,1.0,head
h_p23_cp108,0.02331287577317198,1.0,head
h_p23_cp109,0.029259063667268492,1.0,head
h_p23_cp110,0.01973680501578201,1.0,head
h_p23_cp111,0.02663331863914209,1.0,head
h_p23_cp112,0.01771266341165756,1.0,head
h_p23_cp113,0.02602886733438936,1.0,head
h_p23_cp114,0.01698490543594744,1.0,head
h_p23_cp115,0.029342157848532224,1.0,head
h_p23_cp116,0.017391053470419138,1.0,head
h_p23_cp117,0.03917627440682736,1.0,head
h_p23_cp118,0.01895409172448126,1.0,head
h_p23_cp119,0.05930747100410372,1.0,head
h_p23_cp120,0.02195162439102205,1.0,head
h_p23_cp121,0.09527866009511854,1.0,head
h_p23_cp122,0.02697309590439545,1.0,head
h_p23_cp123,0.15503497988856907,1.0,head
h_p23_cp124,0.03497797582349449,1.0,head
h_p23_cp125,0.24945401066588602,1.0,head
h_p23_cp126,0.04735571282571982,1.0,head
h_p23_cp127,0.3925329448782122,1.0,head
h_p23_cp128,0.06595625094541901,1.0,head
h_p23_cp129,0.6008860914462275,1.0,head
h_p23_cp130,0.09300955747949047,1.0,head
h_p23_cp131,0.8920958903056544,1.0,head
h_p23_cp132,0.13079947102096412,1.0,head
h_p23_cp133,1.281360109495381,1.0,head
h_p23_cp134,0.1809331733338695,1.0,head
h_p23_cp135,1.7757799018943388,1.0,head
h_p23_cp136,0.24309562517237282,1.0,head
h_p23_cp137,2.3655620573790657,1.0,head
h_p23_cp138,0.3133467091129205,1.0,head
h_p23_cp139,3.0116858080068596,1.0,head
h_p23_cp140,0.3823994082176796,1.0,head
h_p23_cp141,3.6315830864675718,1.0,head
h_p23_cp142,0.43515649503933673,1.0,head
h_p23_cp143,4.091743341266465,1.0,head
h_p23_cp144,0.45425173491730675,1.0,head
h_p23_cp145,4.233367516755834,1.0,head
h_p23_cp146,0.4303760475672789,1.0,head
h_p23_cp147,3.9697967473803146,1.0,head
h_p23_cp148,0.37304468387083034,1.0,head
h_p23_cp149,3.407972197302115,1.0,head
h_p23_cp150,0.29985653414223634,1.0,head
h_p23_cp151,2.7223673554772176,1.0,head
h_p23_cp152,0.22617197358158592,1.0,head
h_p23_cp153,2.0535006787224575,1.0,head
h_p23_cp154,0.16154384662468146,1.0,head
h_p23_cp155,1.4808106078305627,1.0,head
h_p23_cp156,0.11013414463513982,1.0,head
h_p23_cp157,1.0334952634541423,1.0,head
h_p23_cp158,0.07240530819353808,1.0,head
h_p23_cp159,0.7098215562200494,1.0,head
h_p23_cp160,0.04685061063719331,1.0,head
h_p23_cp161,0.49308999251002206,1.0,head
h_p23_cp162,0.03134909715936374,1.0,head
h_p23_cp163,0.3618542863359835,1.0,head
h_p23_cp164,0.024077960841168533,1.0,head
h_p23_cp165,0.295259485656743,1.0,head
h_p23_cp166,0.02406363581530968,1.0,head
h_p23_cp167,0.27499452453980666,1.0,head
h_p23_cp168,0.031502352641837206,1.0,head
h_p23_cp169,0.2850982620018385,1.0,head
h_p23_cp170,0.04796622257617855,1.0,head
h_p23_cp171,0.31047182357951897,1.0,head
h_p23_cp172,0.07655658243083963,1.0,head
h_p23_cp173,0.3351337808860535,1.0,head
h_p23_cp174,0.12199266267361963,1.0,head
h_p23_cp175,0.3427607223554787,1.0,head
h_p23_cp176,0.1905461498367913,1.0,head
h_p23_cp177,0.3234062239641844,1.0,head
h_p23_cp178,0.2896664032168701,1.0,head
h_p23_cp179,0.2829973210461958,1.0,head
h_p23_cp180,0.42710845360579697,1.0,head
h_p23_cp181,0.23291702546498527,1.0,head
h_p23_cp182,0.6094025624888673,1.0,head
h_p23_cp183,0.18232545925980048,1.0,head
h_p23_cp184,0.8396055981215795,1.0,head
h_p23_cp185,0.13663382251002076,1.0,head
h_p23_cp186,1.1144326247444951,1.0,head
h_p23_cp187,0.09836462209386809,1.0,head
h_p23_cp188,1.4210330751880065,1.0,head
h_p23_cp189,0.0681696450826621,1.0,head
h_p23_cp190,1.7338722301610687,1.0,head
h_p23_cp191,0.04555596841305487,1.0,head
h_p23_cp192,2.0127722306783653,1.0,head
h_p23_cp193,0.029405992910824352,1.0,head
h_p23_cp194,2.2051104979173033,1.0,head
h_p23_cp195,0.0183667644180332,1.0,head
h_p23_cp196,2.258732967432479,1.0,head
h_p23_cp197,0.011120306629436527,1.0,head
h_p23_cp198,2.150650679653154,1.0,head
h_p23_cp199,0.006537924176654997,1.0,head
h_p23_cp200,1.9118800028832084,1.0,head
h_p23_cp201,0.0037383419291927567,1.0,head
h_p23_cp202,1.6006126713241429,1.0,head
h_p23_cp203,0.0020815089048937807,1.0,head
h_p23_cp204,1.272166724847466,1.0,head
h_p23_cp205,0.0011294102250758442,1.0,head
h_p23_cp206,0.9658264540607888,1.0,head
h_p23_cp207,0.0005970220379367674,1.0,head
h_p23_cp208,0.7035960925841209,1.0,head
h_p23_cp209,0.00030679083715767774,1.0,head
h_p23_cp210,0.4935982717074694,1.0,head
h_p23_cp211,0.00015227728727040812,1.0,head
h_p24_cp0,0.04851952513854485,1.0,head
h_p24_cp1,0.3808496406704762,1.0,head
h_p24_cp2,0.0838796155885575,1.0,head
h_p24_cp3,0.5645222934717822,1.0,head
h_p24_cp4,0.14140783818265845,1.0,head
h_p24_cp5,0.8108330024929273,1.0,head
h_p24_cp6,0.23205148653323704,1.0,head
h_p24_cp7,1.126548463877043,1.0,head
h_p24_cp8,0.3698943140002484,1.0,head
h_p24_cp9,1.510413261416943,1.0,head
h_p24_cp10,0.571236703273371,1.0,head
h_p24_cp11,1.9473731103803402,1.0,head
h_p24_cp12,0.851796512337387,1.0,head
h_p24_cp13,2.4018066770581754,1.0,head
h_p24_cp14,1.2210463329533923,1.0,head
h_p24_cp15,2.811773220183113,1.0,head
h_p24_cp16,1.6731693346891916,1.0,head
h_p24_cp17,3.0902496891740157,1.0,head
h_p24_cp18,2.1758862695301104,1.0,head
h_p24_cp19,3.146779878784855,1.0,head
h_p24_cp20,2.6620901568085173,1.0,head
h_p24_cp21,2.942153682377011,1.0,head
h_p24_cp22,3.034065524010657,1.0,head
h_p24_cp23,2.5389080054637816,1.0,head
h_p24_cp24,3.192024240837327,1.0,head
h_p24_cp25,2.045601049357174,1.0,head
h_p24_cp26,3.0893163524488045,1.0,head
h_p24_cp27,1.5571642287800387,1.0,head
h_p24_cp28,2.7819188557564303,1.0,head
h_p24_cp29,1.1311894724071863,1.0,head
h_p24_cp30,2.378970540323735,1.0,head
h_p24_cp31,0.7903451967899855,1.0,head
h_p24_cp32,1.9872421060385932,1.0,head
h_p24_cp33,0.5342151122381438,1.0,head
h_p24_cp34,1.681609205674249,1.0,head
h_p24_cp35,0.35081293491521137,1.0,head
h_p24_cp36,1.4988871253635807,1.0,head
h_p24_cp37,0.22449529668529067,1.0,head
h_p24_cp38,1.4431466528058081,1.0,head
h_p24_cp39,0.14029729556023085,1.0,head
h_p24_cp40,1.4929510150077476,1.0,head
h_p24_cp41,0.0857650736911637,1.0,head
h_p24_cp42,1.6067090948565692,1.0,head
h_p24_cp43,0.05135746594214652,1.0,head
h_p24_cp44,1.7278804906486585,1.0,head
h_p24_cp45,0.0301697953814255,1.0,head
h_p24_cp46,1.7957320616342258,1.0,head
h_p24_cp47,0.017418883336858926,1.0,head
h_p24_cp48,1.7659940863209158,1.0,head
h_p24_cp49,0.009909684193644352,1.0,head
h_p24_cp50,1.6318605360111178,1.0,head
h_p24_cp51,0.005575923187279841,1.0,head
h_p24_cp52,1.4195910367732267,1.0,head
h_p24_cp53,0.0031207759207063646,1.0,head
h_p24_cp54,1.1695133010318841,1.0,head
h_p24_cp55,0.0017530937145693315,1.0,head
h_p24_cp56,0.9190063085040947,1.0,head
h_p24_cp57,0.0010029999696143932,1.0,head
h_p24_cp58,0.6937969972505016,1.0,head
h_p24_cp59,0.0005982394786769873,1.0,head
h_p24_cp60,0.5066129224028373,1.0,head
h_p24_cp61,0.0003843611884803977,1.0,head
h_p24_cp62,0.3599472380251427,1.0,head
h_p24_cp63,0.00027503373507897777,1.0,head
h_p24_cp64,0.2500601967444709,1.0,head
h_p24_cp65,0.00022221399626687344,1.0,head
h_p24_cp66,0.17048075267257445,1.0,head
h_p24_cp67,0.00019889601253453293,1.0,head
h_p24_cp68,0.1143310013219434,1.0,head
h_p24_cp69,0.00018953648941533174,1.0,head
h_p24_cp70,0.07551859409113604,1.0,head
h_p24_cp71,0.00018497633323022455,1.0,head
h_p24_cp72,0.04914741181119098,1.0,head
h_p24_cp73,0.00017985686031352088,1.0,head
h_p24_cp74,0.03150565968121555,1.0,head
h_p24_cp75,0.00017130369155893277,1.0,head
h_p24_cp76,0.019881010076915118,1.0,head
h_p24_cp77,0.00015815030155863496,1.0,head
h_p24_cp78,0.012339108336163918,1.0,head
h_p24_cp79,0.00014028930263521033,1.0,head
h_p24_cp80,0.007524411580789092,1.0,head
h_p24_cp81,0.00011791986844400526,1.0,head
h_p24_cp82,0.004500433446764873,1.0,head
h_p24_cp83,9.051204960996984e-05,1.0,head
h_p24_cp84,0.06069740807151902,1.0,head
h_p24_cp85,0.0065594671048074815,1.0,head
h_p24_cp86,0.07252128782693035,1.0,head
h_p24_cp87,0.009308514182293948,1.0,head
h_p24_cp88,0.08256472423363448,1.0,head
h_p24_cp89,0.012832154682655528,1.0,head
h_p24_cp90,0.0894056778738559,1.0,head
h_p24_cp91,0.01713603809525921,1.0,head
h_p24_cp92,0.09199004043875902,1.0,head
h_p24_cp93,0.022094114563515177,1.0,head
h_p24_cp94,0.08994711532614019,1.0,head
h_p24_cp95,0.02740089238591281,1.0,head
h_p24_cp96,0.08371471721511625,1.0,head
h_p24_cp97,0.03255421852509244,1.0,head
h_p24_cp98,0.07441016127268085,1.0,head
h_p24_cp99,0.036901314200804336,1.0,head
h_p24_cp100,0.06350977602005514,1.0,head
h_p24_cp101,0.03977211680989967,1.0,head
h_p24_cp102,0.052478940535820584,1.0,head
h_p24_cp103,0.04068776041322053,1.0,head
h_p24_cp104,0.04248457832272834,1.0,head
h_p24_cp105,0.039574530684603815,1.0,head
h_p24_cp106,0.03425488187258452,1.0,head
h_p24_cp107,0.036879978341175956,1.0,head
h_p24_cp108,0.02808160643780866,1.0,head
h_p24_cp109,0.0335421239419702,1.0,head
h_p24_cp110,0.023920677937894652,1.0,head
h_p24_cp111,0.030888758050650722,1.0,head
h_p24_cp112,0.02153923830792337,1.0,head
h_p24_cp113,0.030597736951222032,1.0,head
h_p24_cp114,0.020668288656452205,1.0,head
h_p24_cp115,0.03481370122449334,1.0,head
h_p24_cp116,0.02113626164964444,1.0,head
h_p24_cp117,0.046453407083163256,1.0,head
h_p24_cp118,0.022973343923240463,1.0,head
h_p24_cp119,0.06968185872915456,1.0,head
h_p24_cp120,0.026488102500934474,1.0,head
h_p24_cp121,0.11050520054709523,1.0,head
h_p24_cp122,0.03232671222303907,1.0,head
h_p24_cp123,0.1773862203394856,1.0,head
h_p24_cp124,0.04152726234360671,1.0,head
h_p24_cp125,0.28172911565434333,1.0,head
h_p24_cp126,0.05557051626010434,1.0,head
h_p24_cp127,0.43799790540811046,1.0,head
h_p24_cp128,0.07639885142589264,1.0,head
h_p24_cp129,0.663134412529871,1.0,head
h_p24_cp130,0.10632839438858355,1.0,head
h_p24_cp131,0.9748362475343129,1.0,head
h_p24_cp132,0.14772695023930282,1.0,head
h_p24_cp133,1.388139101370598,1.0,head
h_p24_cp134,0.20229317036864813,1.0,head
h_p24_cp135,1.909602483857725,1.0,head
h_p24_cp136,0.26978087673387563,1.0,head
h_p24_cp137,2.5282689747334643,1.0,head
h_p24_cp138,0.3461300387639312,1.0,head
h_p24_cp139,3.2028755767526036,1.0,head
h_p24_cp140,0.4213872027594334,1.0,head
h_p24_cp141,3.8471026056306528,1.0,head
h_p24_cp142,0.4789547261680127,1.0,head
h_p24_cp143,4.322657266419128,1.0,head
h_p24_cp144,0.499639789833509,1.0,head
h_p24_cp145,4.467443397326861,1.0,head
h_p24_cp146,0.4734174463792442,1.0,head
h_p24_cp147,4.195928982438545,1.0,head
h_p24_cp148,0.4105566877556157,1.0,head
h_p24_cp149,3.6143416789382172,1.0,head
h_p24_cp150,0.3305204102980497,1.0,head
h_p24_cp151,2.9009129395064974,1.0,head
h_p24_cp152,0.2502055192135231,1.0,head
h_p24_cp153,2.201348474495717,1.0,head
h_p24_cp154,0.1798648746857907,1.0,head
h_p24_cp155,1.5989764185860622,1.0,head
h_p24_cp156,0.12381071509616959,1.0,head
h_p24_cp157,1.1252090792816034,1.0,head
h_p24_cp158,0.08246548544457255,1.0,head
h_p24_cp159,0.7793336826366613,1.0,head
h_p24_cp160,0.05426499483291991,1.0,head
h_p24_cp161,0.5449285654731284,1.0,head
h_p24_cp162,0.03705585964735292,1.0,head
h_p24_cp163,0.4003780859186463,1.0,head
h_p24_cp164,0.029014629118591984,1.0,head
h_p24_cp165,0.3244204720726884,1.0,head
h_p24_cp166,0.029211561216925475,1.0,head
h_p24_cp167,0.2982331554446773,1.0,head
h_p24_cp168,0.03795113452224541,1.0,head
h_p24_cp169,0.30523996877877835,1.0,head
h_p24_cp170,0.056993152124960034,1.0,head
h_p24_cp171,0.32949474221777564,1.0,head
h_p24_cp172,0.08970441149767794,1.0,head
h_p24_cp173,0.35387095072701413,1.0,head
h_p24_cp174,0.14112167303164824,1.0,head
h_p24_cp175,0.3608844613547717,1.0,head
h_p24_cp176,0.21783496955413284,1.0,head
h_p24_cp177,0.33992533990522134,1.0,head
h_p24_cp178,0.3275426369696106,1.0,head
h_p24_cp179,0.29708180619218183,1.0,head
h_p24_cp180,0.4781068722427335,1.0,head
h_p24_cp181,0.24435507173575388,1.0,head
h_p24_cp182,0.6759715696807689,1.0,head
h_p24_cp183,0.19144067985075708,1.0,head
h_p24_cp184,0.923896887319188,1.0,head
h_p24_cp185,0.1439195712239325,1.0,head
h_p24_cp186,1.2180888355596835,1.0,head
h_p24_cp187,0.10422023218507093,1.0,head
h_p24_cp188,1.544915141157162,1.0,head
h_p24_cp189,0.07284376838538265,1.0,head
h_p24_cp190,1.8775763266808099,1.0,head
h_p24_cp191,0.04920440876662724,1.0,head
h_p24_cp192,2.1738404753737086,1.0,head
h_p24_cp193,0.03215952796540478,1.0,head
h_p24_cp194,2.3783128598652183,1.0,head
h_p24_cp195,0.020364651487398078,1.0,head
h_p24_cp196,2.436465637893434,1.0,head
h_p24_cp197,0.012511694256090777,1.0,head
h_p24_cp198,2.3246503599857533,1.0,head
h_p24_cp199,0.007468652272109466,1.0,head
h_p24_cp200,2.074132998125606,1.0,head
h_p24_cp201,0.004337336531989422,1.0,head
h_p24_cp202,1.745222561205992,1.0,head
h_p24_cp203,0.0024530640375814983,1.0,head
h_p24_cp204,1.396000991254823,1.0,head
h_p24_cp205,0.00135181912992266,1.0,head
h_p24_cp206,1.0680504207698505,1.0,head
h_p24_cp207,0.0007254764504978084,1.0,head
h_p24_cp208,0.7850142682427759,1.0,head
h_p24_cp209,0.00037816844064764155,1.0,head
h_p24_cp210,0.556150973255626,1.0,head
h_p24_cp211,0.00019010473693015228,1.0,head
h_p25_cp0,0.05620296220286036,1.0,head
h_p25_cp1,0.43027445407506093,1.0,head
h_p25_cp2,0.09585921127836627,1.0,head
h_p25_cp3,0.6318591602112065,1.0,head
h_p25_cp4,0.15948364148562177,1.0,head
h_p25_cp5,0.8995173056441672,1.0,head
h_p25_cp6,0.2583526041426012,1.0,head
h_p25_cp7,1.2390056668323268,1.0,head
h_p25_cp8,0.4066357224837702,1.0,head
h_p25_cp9,1.6469637187615263,1.0,head
h_p25_cp10,0.62023659442184,1.0,head
h_p25_cp11,2.105110545243406,1.0,head
h_p25_cp12,0.9137514437861682,1.0,head
h_p25_cp13,2.574103569748786,1.0,head
h_p25_cp14,1.2947477949160202,1.0,head
h_p25_cp15,2.9893713841379395,1.0,head
h_p25_cp16,1.7551617021313177,1.0,head
h_p25_cp17,3.264668242083644,1.0,head
h_p25_cp18,2.2613129126489184,1.0,head
h_p25_cp19,3.3149411568219875,1.0,head
h_p25_cp20,2.7470646992214824,1.0,head
h_p25_cp21,3.106513558050665,1.0,head
h_p25_cp22,3.1182211240311517,1.0,head
h_p25_cp23,2.6976411022137654,1.0,head
h_p25_cp24,3.2781246051531525,1.0,head
h_p25_cp25,2.1924700470772223,1.0,head
h_p25_cp26,3.1798033484501502,1.0,head
h_p25_cp27,1.685688392184602,1.0,head
h_p25_cp28,2.880016866254209,1.0,head
h_p25_cp29,1.2375446494465905,1.0,head
h_p25_cp30,2.4851878574622788,1.0,head
h_p25_cp31,0.873991437764289,1.0,head
h_p25_cp32,2.0988949079387567,1.0,head
h_p25_cp33,0.5971358665301523,1.0,head
h_p25_cp34,1.7952457855285502,1.0,head
h_p25_cp35,0.3963532320540253,1.0,head
h_p25_cp36,1.6124787118596942,1.0,head
h_p25_cp37,0.2563707555104884,1.0,head
h_p25_cp38,1.5566429209679882,1.0,head
h_p25_cp39,0.16196185857825185,1.0,head
h_p25_cp40,1.6074684332375,1.0,head
h_p25_cp41,0.10010923904224,1.0,head
h_p25_cp42,1.723137639471588,1.0,head
h_p25_cp43,0.06063345911866236,1.0,head
h_p25_cp44,1.8457302752585747,1.0,head
h_p25_cp45,0.03604191039516991,1.0,head
h_p25_cp46,1.9128965989327753,1.0,head
h_p25_cp47,0.021066241050448298,1.0,head
h_p25_cp48,1.8793837753705702,1.0,head
h_p25_cp49,0.012138598508954601,1.0,head
h_p25_cp50,1.7381384973664353,1.0,head
h_p25_cp51,0.006920879624431109,1.0,head
h_p25_cp52,1.5159959858929142,1.0,head
h_p25_cp53,0.003926271282580274,1.0,head
h_p25_cp54,1.2542315090393004,1.0,head
h_p25_cp55,0.0022355965866154293,1.0,head
h_p25_cp56,0.9911893223807056,1.0,head
h_p25_cp57,0.0012954802955391642,1.0,head
h_p25_cp58,0.7534644366280645,1.0,head
h_p25_cp59,0.0007807904476067051,1.0,head
h_p25_cp60,0.5545047010048165,1.0,head
h_p25_cp61,0.000504437438394234,1.0,head
h_p25_cp62,0.39732257567834495,1.0,head
h_p25_cp63,0.0003603464599564177,1.0,head
h_p25_cp64,0.2784682188266743,1.0,head
h_p25_cp65,0.0002886805802972958,1.0,head
h_p25_cp66,0.19154814776516105,1.0,head
h_p25_cp67,0.0002554103493821458,1.0,head
h_p25_cp68,0.12960112154155468,1.0,head
h_p25_cp69,0.00024078623869172588,1.0,head
h_p25_cp70,0.08635281347051205,1.0,head
h_p25_cp71,0.00023311095833378204,1.0,head
h_p25_cp72,0.05668137003499396,1.0,head
h_p25_cp73,0.00022550132598553319,1.0,head
h_p25_cp74,0.03664526261354695,1.0,head
h_p25_cp75,0.0002141989352821838,1.0,head
h_p25_cp76,0.023322679102420807,1.0,head
h_p25_cp77,0.00019756036772378138,1.0,head
h_p25_cp78,0.014601684104718515,1.0,head
h_p25_cp79,0.00017522347070553224,1.0,head
h_p25_cp80,0.008983900482462559,1.0,head
h_p25_cp81,0.0001471542084345856,1.0,head
h_p25_cp82,0.005422284891665186,1.0,head
h_p25_cp83,0.00011233573968638666,1.0,head
h_p25_cp84,0.06989060096975663,1.0,head
h_p25_cp85,0.007816394949941241,1.0,head
h_p25_cp86,0.08310522011151988,1.0,head
h_p25_cp87,0.010975897113439714,1.0,head
h_p25_cp88,0.09428418038260133,1.0,head
h_p25_cp89,0.014981749850676351,1.0,head
h_p25_cp90,0.10188614196749768,1.0,head
h_p25_cp91,0.019825730537604613,1.0,head
h_p25_cp92,0.1047773421319107,1.0,head
h_p25_cp93,0.02535556615475798,1.0,head
h_p25_cp94,0.1025626688756347,1.0,head
h_p25_cp95,0.031226897947817633,1.0,head
h_p25_cp96,0.0957158743567561,1.0,head
h_p25_cp97,0.036888910244670114,1.0,head
h_p25_cp98,0.0854443727744183,1.0,head
h_p25_cp99,0.0416375198701644,1.0,head
h_p25_cp100,0.07335209832081091,1.0,head
h_p25_cp101,0.0447602271804044,1.0,head
h_p25_cp102,0.061045850061418605,1.0,head
h_p25_cp103,0.04575850402306969,1.0,head
h_p25_cp104,0.049823273431684356,1.0,head
h_p25_cp105,0.044574502919431325,1.0,head
h_p25_cp106,0.04051391899793089,1.0,head
h_p25_cp107,0.041715610601158915,1.0,head
h_p25_cp108,0.033472913861714915,1.0,head
h_p25_cp109,0.03822694174141361,1.0,head
h_p25_cp110,0.028683504929176706,1.0,head
h_p25_cp111,0.03559108150420798,1.0,head
h_p25_cp112,0.025914147938692622,1.0,head
h_p25_cp113,0.03568984808066489,1.0,head
h_p25_cp114,0.024885458530661708,1.0,head
h_p25_cp115,0.04092628116563901,1.0,head
h_p25_cp116,0.025418519872346224,1.0,head
h_p25_cp117,0.05453816974227266,1.0,head
h_p25_cp118,0.0275513504088849,1.0,head
h_p25_cp119,0.08108020641384428,1.0,head
h_p25_cp120,0.031623150342966255,1.0,head
h_p25_cp121,0.1270129947595251,1.0,head
h_p25_cp122,0.03833574481132018,1.0,head
h_p25_cp123,0.20129733527255667,1.0,head
h_p25_cp124,0.0488049391065033,1.0,head
h_p25_cp125,0.3158369513971593,1.0,head
h_p25_cp126,0.06460499674449238,1.0,head
h_p25_cp127,0.4855373702248471,1.0,head
h_p25_cp128,0.08778205325234012,1.0,head
h_p25_cp129,0.7276553807687378,1.0,head
h_p25_cp130,0.12076671635486491,1.0,head
h_p25_cp131,1.060001058627904,1.0,head
h_p25_cp132,0.16605789908226143,1.0,head
h_p25_cp133,1.4974065010380855,1.0,head
h_p25_cp134,0.2254911117447591,1.0,head
h_p25_cp135,2.0456786617323814,1.0,head
h_p25_cp136,0.29887603113274963,1.0,head
h_p25_cp137,2.692121148978231,1.0,head
h_p25_cp138,0.3818956316358708,1.0,head
h_p25_cp139,3.3922387460993377,1.0,head
h_p25_cp140,0.4637027408502945,1.0,head
h_p25_cp141,4.055164641359397,1.0,head
h_p25_cp142,0.5261129612727018,1.0,head
h_p25_cp143,4.538962784042951,1.0,head
h_p25_cp144,0.548332975457015,1.0,head
h_p25_cp145,4.682914104006159,1.0,head
h_p25_cp146,0.5197516398020525,1.0,head
h_p25_cp147,4.407225119347686,1.0,head
h_p25_cp148,0.4512648072227421,1.0,head
h_p25_cp149,3.812855823442078,1.0,head
h_p25_cp150,0.36397626323287113,1.0,head
h_p25_cp151,3.077201578031918,1.0,head
h_p25_cp152,0.2764090652262894,1.0,head
h_p25_cp153,2.3500460039886093,1.0,head
h_p25_cp154,0.1997470105411594,1.0,head
h_p25_cp155,1.7193018082716662,1.0,head
h_p25_cp156,0.138593647345715,1.0,head
h_p25_cp157,1.2194567902840845,1.0,head
h_p25_cp158,0.09334880836786397,1.0,head
h_p25_cp159,0.8513455716531553,1.0,head
h_p25_cp160,0.062350415319087915,1.0,head
h_p25_cp161,0.5990785955575575,1.0,head
h_p25_cp162,0.0433712552508041,1.0,head
h_p25_cp163,0.44099444989342373,1.0,head
h_p25_cp164,0.03456527367961826,1.0,head
h_p25_cp165,0.3554852118918461,1.0,head
h_p25_cp166,0.035041239342263,1.0,head
h_p25_cp167,0.32321671071713354,1.0,head
h_p25_cp168,0.04521321877655282,1.0,head
h_p25_cp169,0.3269334841775162,1.0,head
h_p25_cp170,0.06702751992179401,1.0,head
h_p25_cp171,0.34976553421392964,1.0,head
h_p25_cp172,0.10410659134367961,1.0,head
h_p25_cp173,0.37346138065208834,1.0,head
h_p25_cp174,0.16178392883921333,1.0,head
h_p25_cp175,0.3795622440215993,1.0,head
h_p25_cp176,0.24693861782998283,1.0,head
h_p25_cp177,0.3570477707698956,1.0,head
h_p25_cp178,0.3674886242129105,1.0,head
h_p25_cp179,0.3118961027439582,1.0,head
h_p25_cp180,0.5313868840999021,1.0,head
h_p25_cp181,0.2565276267985155,1.0,head
h_p25_cp182,0.744997664886796,1.0,head
h_p25_cp183,0.20115015339388265,1.0,head
h_p25_cp184,1.0108077009122098,1.0,head
h_p25_cp185,0.1516010407253816,1.0,head
h_p25_cp186,1.3245154317041852,1.0,head
h_p25_cp187,0.11030286512504972,1.0,head
h_p25_cp188,1.6716222226987156,1.0,head
h_p25_cp189,0.0776422416861351,1.0,head
h_p25_cp190,2.023870373414411,1.0,head
h_p25_cp191,0.05293220105454566,1.0,head
h_p25_cp192,2.3368348431372397,1.0,head
h_p25_cp193,0.034980033189867754,1.0,head
h_p25_cp194,2.552632040838489,1.0,head
h_p25_cp195,0.02242801689226326,1.0,head
h_p25_cp196,2.61507235566296,1.0,head
h_p25_cp197,0.013966183821821687,1.0,head
h_p25_cp198,2.500107772220872,1.0,head
h_p25_cp199,0.008455802225853404,1.0,head
h_p25_cp200,2.2389720238147675,1.0,head
h_p25_cp201,0.004982768934496562,1.0,head
h_p25_cp202,1.8933528675720481,1.0,head
h_p25_cp203,0.0028600246348560177,1.0,head
h_p25_cp204,1.5237844213729659,1.0,head
h_p25_cp205,0.0015994219520507613,1.0,head
h_p25_cp206,1.174253320265052,1.0,head
h_p25_cp207,0.0008707379752195266,1.0,head
h_p25_cp208,0.8702215282164616,1.0,head
h_p25_cp209,0.0004600458660206641,1.0,head
h_p25_cp210,0.6221791739053515,1.0,head
h_p25_cp211,0.00023400423583552765,1.0,head
h_p26_cp0,0.06453565720403276,1.0,head
h_p26_cp1,0.4826403191113968,1.0,head
h_p26_cp2,0.10864713334558473,1.0,head
h_p26_cp3,0.702383630462009,1.0,head
h_p26_cp4,0.1784669144367399,1.0,head
h_p26_cp5,0.9912367311840171,1.0,head
h_p26_cp6,0.2855065878284222,1.0,head
h_p26_cp7,1.353670723094183,1.0,head
h_p26_cp8,0.4438924724490789,1.0,head
h_p26_cp9,1.7839587758357993,1.0,head
h_p26_cp10,0.6690022872303416,1.0,head
h_p26_cp11,2.260516910027036,1.0,head
h_p26_cp12,0.9742799238283624,1.0,head
h_p26_cp13,2.7406410423268426,1.0,head
h_p26_cp14,1.3656305789836551,1.0,head
h_p26_cp15,3.158140607032692,1.0,head
h_p26_cp16,1.8334413051575211,1.0,head
h_p26_cp17,3.4289059149787136,1.0,head
h_p26_cp18,2.343725954749516,1.0,head
h_p26_cp19,3.473296181277874,1.0,head
h_p26_cp20,2.8321145129639262,1.0,head
h_p26_cp21,3.2607358885807116,1.0,head
h_p26_cp22,3.20702442907168,1.0,head
h_p26_cp23,2.8475974629404845,1.0,head
h_p26_cp24,3.3715254642024775,1.0,head
h_p26_cp25,2.333572341488434,1.0,head
h_p26_cp26,3.275252186884245,1.0,head
h_p26_cp27,1.8117408031330342,1.0,head
h_p26_cp28,2.9788113765657727,1.0,head
h_p26_cp29,1.3440231370295805,1.0,head
h_p26_cp30,2.5893099936706676,1.0,head
h_p26_cp31,0.9593524594370137,1.0,head
h_p26_cp32,2.208041318186133,1.0,head
h_p26_cp33,0.6624775869631776,1.0,head
h_p26_cp34,1.9075420311992275,1.0,head
h_p26_cp35,0.4444063655496393,1.0,head
h_p26_cp36,1.726341977159791,1.0,head
h_p26_cp37,0.29050397887340296,1.0,head
h_p26_cp38,1.6716878781248852,1.0,head
h_p26_cp39,0.18548320052832423,1.0,head
h_p26_cp40,1.7241329478065381,1.0,head
h_p26_cp41,0.11588913382820465,1.0,head
h_p26_cp42,1.8416517572816247,1.0,head
h_p26_cp43,0.07096943112787812,1.0,head
h_p26_cp44,1.9652598525708527,1.0,head
h_p26_cp45,0.04266859771041709,1.0,head
h_p26_cp46,2.0314097530779236,1.0,head
h_p26_cp47,0.025235127278619984,1.0,head
h_p26_cp48,1.9940563656678023,1.0,head
h_p26_cp49,0.014719391295557216,1.0,head
h_p26_cp50,1.845781386655517,1.0,head
h_p26_cp51,0.00849876584879894,1.0,head
h_p26_cp52,1.6138715966715154,1.0,head
h_p26_cp53,0.00488387308359961,1.0,head
h_p26_cp54,1.340510713224603,1.0,head
h_p26_cp55,0.002816748460418239,1.0,head
h_p26_cp56,1.0650054637567337,1.0,head
h_p26_cp57,0.0016520715416845633,1.0,head
h_p26_cp58,0.8148062714992648,1.0,head
h_p26_cp59,0.0010055891714273457,1.0,head
h_p26_cp60,0.6040594135520223,1.0,head
h_p26_cp61,0.0006531648241434596,1.0,head
h_p26_cp62,0.4362834677367573,1.0,head
h_p26_cp63,0.00046598051994806156,1.0,head
h_p26_cp64,0.3083226253088469,1.0,head
h_p26_cp65,0.0003704226883201045,1.0,head
h_p26_cp66,0.2138788048475817,1.0,head
h_p26_cp67,0.00032415563896392996,1.0,head
h_p26_cp68,0.14593052876807633,1.0,head
h_p26_cp69,0.00030240541809689603,1.0,head
h_p26_cp70,0.09804274293128401,1.0,head
h_p26_cp71,0.00029041850757494103,1.0,head
h_p26_cp72,0.06488354340717706,1.0,head
h_p26_cp73,0.0002794595311570447,1.0,head
h_p26_cp74,0.042290886926593885,1.0,head
h_p26_cp75,0.00026467645488992275,1.0,head
h_p26_cp76,0.02713699638138678,1.0,head
h_p26_cp77,0.00024380774948440376,1.0,head
h_p26_cp78,0.01713169121626379,1.0,head
h_p26_cp79,0.00021612376849589054,1.0,head
h_p26_cp80,0.010630547146774916,1.0,head
h_p26_cp81,0.00018123148947779555,1.0,head
h_p26_cp82,0.006471555422649544,1.0,head
h_p26_cp83,0.00013743321619585913,1.0,head
h_p26_cp84,0.07979516306932055,1.0,head
h_p26_cp85,0.009232870549340078,1.0,head
h_p26_cp86,0.0944476264048717,1.0,head
h_p26_cp87,0.012837395930091589,1.0,head
h_p26_cp88,0.10679522624286619,1.0,head
h_p26_cp89,0.017360853547643273,1.0,head
h_p26_cp90,0.11518043590376692,1.0,head
h_p26_cp91,0.0227791523234373,1.0,head
h_p26_cp92,0.11839315567976882,1.0,head
h_p26_cp93,0.028911639689340518,1.0,head
h_p26_cp94,0.11601555136712705,1.0,head
h_p26_cp95,0.035373157833646474,1.0,head
h_p26_cp96,0.10855661677078388,1.0,head
h_p26_cp97,0.04156304953835388,1.0,head
h_p26_cp98,0.09731141275324262,1.0,head
h_p26_cp99,0.04672600066442101,1.0,head
h_p26_cp100,0.08400899519119776,1.0,head
h_p26_cp101,0.05010860699258046,1.0,head
h_p26_cp102,0.07039691052614216,1.0,head
h_p26_cp103,0.05119552600422139,1.0,head
h_p26_cp104,0.05790560629293395,1.0,head
h_p26_cp105,0.049948732768370974,1.0,head
h_p26_cp106,0.047470528382746124,1.0,head
h_p26_cp107,0.04694051787146236,1.0,head
h_p26_cp108,0.03951603961786532,1.0,head
h_p26_cp109,0.04332950877710573,1.0,head
h_p26_cp110,0.034058606771395716,1.0,head
h_p26_cp111,0.04076104343175757,1.0,head
h_p26_cp112,0.0308729823491376,1.0,head
h_p26_cp113,0.04132999599778486,1.0,head
h_p26_cp114,0.029673023247141828,1.0,head
h_p26_cp115,0.047706529359174965,1.0,head
h_p26_cp116,0.030274709992681892,1.0,head
h_p26_cp117,0.06345522905758116,1.0,head
h_p26_cp118,0.032724959456118086,1.0,head
h_p26_cp119,0.09352024346299004,1.0,head
h_p26_cp120,0.037393812209757016,1.0,head
h_p26_cp121,0.14480811131511473,1.0,head
h_p26_cp122,0.04503871949191307,1.0,head
h_p26_cp123,0.22676086212413793,1.0,head
h_p26_cp124,0.056854480290439824,1.0,head
h_p26_cp125,0.3517601626508622,1.0,head
h_p26_cp126,0.07451465994790851,1.0,head
h_p26_cp127,0.535131590362198,1.0,head
h_p26_cp128,0.10018428274952385,1.0,head
h_p26_cp129,0.7944222229248226,1.0,head
h_p26_cp130,0.13643613551357703,1.0,head
h_p26_cp131,1.1474929375549436,1.0,head
h_p26_cp132,0.18593420023125873,1.0,head
h_p26_cp133,1.6087792026480656,1.0,head
h_p26_cp134,0.2506660118392574,1.0,head
h_p26_cp135,2.1828517454384837,1.0,head
h_p26_cp136,0.3304551599376282,1.0,head
h_p26_cp137,2.8543849290499566,1.0,head
h_p26_cp138,0.42061936131904076,1.0,head
h_p26_cp139,3.574605738242326,1.0,head
h_p26_cp140,0.5093202396637935,1.0,head
h_p26_cp141,4.247952018344904,1.0,head
h_p26_cp142,0.5768010773545029,1.0,head
h_p26_cp143,4.731258442996705,1.0,head
h_p26_cp144,0.6006719372489897,1.0,head
h_p26_cp145,4.870329454091916,1.0,head
h_p26_cp146,0.5695451974233947,1.0,head
h_p26_cp147,4.594093266705613,1.0,head
h_p26_cp148,0.495136734706648,1.0,head
h_p26_cp149,3.9953825747402334,1.0,head
h_p26_cp150,0.40019049829015785,1.0,head
h_p26_cp151,3.245690334518258,1.0,head
h_p26_cp152,0.30484483548070784,1.0,head
h_p26_cp153,2.496448915398787,1.0,head
h_p26_cp154,0.22131593684889594,1.0,head
h_p26_cp155,1.8402413172238994,1.0,head
h_p26_cp156,0.1546111950087834,1.0,head
h_p26_cp157,1.3155573008980355,1.0,head
h_p26_cp158,0.10515432561032867,1.0,head
h_p26_cp159,0.9255834107691499,1.0,head
h_p26_cp160,0.07117511043634295,1.0,head
h_p26_cp161,0.6554422726239864,1.0,head
h_p26_cp162,0.050343827669166785,1.0,head
h_p26_cp163,0.4836661517877019,1.0,head
h_p26_cp164,0.040769439928681095,1.0,head
h_p26_cp165,0.3883942187278535,1.0,head
h_p26_cp166,0.041588423562643584,1.0,head
h_p26_cp167,0.3497718020062166,1.0,head
h_p26_cp168,0.05332000249381963,1.0,head
h_p26_cp169,0.3497856674300692,1.0,head
h_p26_cp170,0.07809148534352062,1.0,head
h_p26_cp171,0.3705749645707783,1.0,head
h_p26_cp172,0.11976885806188875,1.0,head
h_p26_cp173,0.39285856236233485,1.0,head
h_p26_cp174,0.18396176325222768,1.0,head
h_p26_cp175,0.397582729937767,1.0,head
h_p26_cp176,0.2778120024549935,1.0,head
h_p26_cp177,0.37372033897258916,1.0,head
h_p26_cp178,0.40943220986900997,1.0,head
h_p26_cp179,0.3267201998598921,1.0,head
h_p26_cp180,0.5868508944627138,1.0,head
h_p26_cp181,0.2690316393268404,1.0,head
h_p26_cp182,0.8163495193689414,1.0,head
h_p26_cp183,0.21127862359162464,1.0,head
h_p26_cp184,1.1001363150567158,1.0,head
h_p26_cp185,0.15963483824566538,1.0,head
h_p26_cp186,1.4333636019368896,1.0,head
h_p26_cp187,0.11662608965434629,1.0,head
h_p26_cp188,1.8005735804413234,1.0,head
h_p26_cp189,0.08259079487743293,1.0,head
h_p26_cp190,2.1719652740730453,1.0,head
h_p26_cp191,0.056758341049317096,1.0,head
h_p26_cp192,2.5010275736153744,1.0,head
h_p26_cp193,0.03787653855852113,1.0,head
h_p26_cp194,2.727768972513786,1.0,head
h_p26_cp195,0.024558997745771194,1.0,head
h_p26_cp196,2.794547194939696,1.0,head
h_p26_cp197,0.015482860998417891,1.0,head
h_p26_cp198,2.6766003496441044,1.0,head
h_p26_cp199,0.009497936015350206,1.0,head
h_p26_cp200,2.4054443876120786,1.0,head
h_p26_cp201,0.005673752077427707,1.0,head
h_p26_cp202,2.0439332682790337,1.0,head
h_p26_cp203,0.003302208068589607,1.0,head
h_p26_cp204,1.6546541622569748,1.0,head
h_p26_cp205,0.001872507743883034,1.0,head
h_p26_cp206,1.2838495817368312,1.0,head
h_p26_cp207,0.0010332772665151424,1.0,head
h_p26_cp208,0.9588484742325818,1.0,head
h_p26_cp209,0.000552865255258439,1.0,head
h_p26_cp210,0.691456503180234,1.0,head
h_p26_cp211,0.0002842819744728331,1.0,head
h_p27_cp0,0.07350286082100865,1.0,head
h_p27_cp1,0.5377789664016746,1.0,head
h_p27_cp2,0.12219684948831855,1.0,head
h_p27_cp3,0.7757740314104922,1.0,head
h_p27_cp4,0.19826366047709598,1.0,head
h_p27_cp5,1.085473834948516,1.0,head
h_p27_cp6,0.3133650385780129,1.0,head
h_p27_cp7,1.4698569609031438,1.0,head
h_p27_cp8,0.48148884724332675,1.0,head
h_p27_cp9,1.9207506394300253,1.0,head
h_p27_cp10,0.7174393393283935,1.0,head
h_p27_cp11,2.4135408648585326,1.0,head
h_p27_cp12,1.0336259837836224,1.0,head
h_p27_cp13,2.903011820167194,1.0,head
h_p27_cp14,1.4347373046184657,1.0,head
h_p27_cp15,3.3226348939015224,1.0,head
h_p27_cp16,1.9104719113320243,1.0,head
h_p27_cp17,3.5909250197969413,1.0,head
h_p27_cp18,2.4275493140685285,1.0,head
h_p27_cp19,3.6313140154866232,1.0,head
h_p27_cp20,2.9236210737940382,1.0,head
h_p27_cp21,3.4128642218902314,1.0,head
h_p27_cp22,3.3079635438584774,1.0,head
h_p27_cp23,2.993474758677621,1.0,head
h_p27_cp24,3.479745909268786,1.0,head
h_p27_cp25,2.470684142407208,1.0,head
h_p27_cp26,3.383148984034051,1.0,head
h_p27_cp27,1.9354698847905638,1.0,head
h_p27_cp28,3.0846801307279748,1.0,head
h_p27_cp29,1.4501701324761598,1.0,head
h_p27_cp30,2.6957527140621096,1.0,head
h_p27_cp31,1.0459038842445807,1.0,head
h_p27_cp32,2.3171208943745114,1.0,head
h_p27_cp33,0.7298418260543258,1.0,head
h_p27_cp34,2.0194740458809974,1.0,head
h_p27_cp35,0.49472962533081954,1.0,head
h_p27_cp36,1.8405755458570638,1.0,head
h_p27_cp37,0.3267768550836081,1.0,head
h_p27_cp38,1.7879435398069745,1.0,head
h_p27_cp39,0.21082498172290798,1.0,head
h_p27_cp40,1.8424746789114579,1.0,head
h_p27_cp41,0.13311420089780768,1.0,head
h_p27_cp42,1.96189438955048,1.0,head
h_p27_cp43,0.08239575367633734,1.0,head
h_p27_cp44,2.0863846225613543,1.0,head
h_p27_cp45,0.050086181101505645,1.0,head
h_p27_cp46,2.1513910437615777,1.0,head
h_p27_cp47,0.02995995418291386,1.0,head
h_p27_cp48,2.11005072267767,1.0,head
h_p27_cp49,0.017681203403753898,1.0,head
h_p27_cp50,1.9547204074458477,1.0,head
h_p27_cp51,0.010332644910022282,1.0,head
h_p27_cp52,1.713101756175547,1.0,head
h_p27_cp53,0.006011030172658138,1.0,head
h_p27_cp54,1.4282252843693186,1.0,head
h_p27_cp55,0.0035093507651708933,1.0,head
h_p27_cp56,1.1403332445934211,1.0,head
h_p27_cp57,0.0020819811691126233,1.0,head
h_p27_cp58,0.8777120309364363,1.0,head
h_p27_cp59,0.0012791914155059203,1.0,head
h_p27_cp60,0.6551839550359091,1.0,head
h_p27_cp61,0.0008352074339654791,1.0,head
h_p27_cp62,0.4767588260310731,1.0,head
h_p27_cp63,0.0005952820274615078,1.0,head
h_p27_cp64,0.33957560841486156,1.0,head
h_p27_cp65,0.0004698819627719786,1.0,head
h_p27_cp66,0.23744614369252304,1.0,head
h_p27_cp67,0.0004069574683853716,1.0,head
h_p27_cp68,0.163309713345825,1.0,head
h_p27_cp69,0.00037580004118353827,1.0,head
h_p27_cp70,0.11059102617218741,1.0,head
h_p27_cp71,0.00035801659714707057,1.0,head
h_p27_cp72,0.07376403438956913,1.0,head
h_p27_cp73,0.000342645668069963,1.0,head
h_p27_cp74,0.04845620040941867,1.0,head
h_p27_cp75,0.0003234979253647907,1.0,head
h_p27_cp76,0.031338353779801764,1.0,head
h_p27_cp77,0.0002975245286052086,1.0,head
h_p27_cp78,0.0199424469940368,1.0,head
h_p27_cp79,0.0002634881705034786,1.0,head
h_p27_cp80,0.012475647633436893,1.0,head
h_p27_cp81,0.00022047834431759838,1.0,head
h_p27_cp82,0.0076571521913137985,1.0,head
h_p27_cp83,0.0001658775606756535,1.0,head
h_p27_cp84,0.09038596256095843,1.0,head
h_p27_cp85,0.010818582673664423,1.0,head
h_p27_cp86,0.10651375367478977,1.0,head
h_p27_cp87,0.01490312318856013,1.0,head
h_p27_cp88,0.12005563936554609,1.0,head
h_p27_cp89,0.019979540421445563,1.0,head
h_p27_cp90,0.1292420019653946,1.0,head
h_p27_cp91,0.026005816173892526,1.0,head
h_p27_cp92,0.1327901978020236,1.0,head
h_p27_cp93,0.032770799743047974,1.0,head
h_p27_cp94,0.13026147675236643,1.0,head
h_p27_cp95,0.039846795649964406,1.0,head
h_p27_cp96,0.12219923826751256,1.0,head
h_p27_cp97,0.046582468157566836,1.0,head
h_p27_cp98,0.10998323819649158,1.0,head
h_p27_cp99,0.05217173895425731,1.0,head
h_p27_cp100,0.09546417132969509,1.0,head
h_p27_cp101,0.055822157918100856,1.0,head
h_p27_cp102,0.08052826352331977,1.0,head
h_p27_cp103,0.057004632308689906,1.0,head
h_p27_cp104,0.06673940993323413,1.0,head
h_p27_cp105,0.055705037776760946,1.0,head
h_p27_cp106,0.05514240142292692,1.0,head
h_p27_cp107,0.05256565062381924,1.0,head
h_p27_cp108,0.04623616829621824,1.0,head
h_p27_cp109,0.04886480782397484,1.0,head
h_p27_cp110,0.04007630332444023,1.0,head
h_p27_cp111,0.04641794947610833,1.0,head
h_p27_cp112,0.036449222758619726,1.0,head
h_p27_cp113,0.04754105213214643,1.0,head
h_p27_cp114,0.03506621328779147,1.0,head
h_p27_cp115,0.0551787805868571,1.0,head
h_p27_cp116,0.035740993341732974,1.0,head
h_p27_cp117,0.0732269881650609,1.0,head
h_p27_cp118,0.0385310439019122,1.0,head
h_p27_cp119,0.1070183796875881,1.0,head
h_p27_cp120,0.04383820078373901,1.0,head
h_p27_cp121,0.1638975490723169,1.0,head
h_p27_cp122,0.05247672074210641,1.0,head
h_p27_cp123,0.25377304743688,1.0,head
h_p27_cp124,0.06572361303824437,1.0,head
h_p27_cp125,0.38948411822207163,1.0,head
h_p27_cp126,0.08535989727806736,1.0,head
h_p27_cp127,0.5867471820513401,1.0,head
h_p27_cp128,0.11368548558357361,1.0,head
h_p27_cp129,0.8633404283434629,1.0,head
h_p27_cp130,0.15343839573597506,1.0,head
h_p27_cp131,1.2370260573857195,1.0,head
h_p27_cp132,0.2074673343345239,1.0,head
h_p27_cp133,1.7214914813926043,1.0,head
h_p27_cp134,0.2779056535400741,1.0,head
h_p27_cp135,2.319400772592644,1.0,head
h_p27_cp136,0.36453715389507124,1.0,head
h_p27_cp137,3.0118636133649943,1.0,head
h_p27_cp138,0.46222321255436327,1.0,head
h_p27_cp139,3.7451575521513405,1.0,head
h_p27_cp140,0.5580609191374606,1.0,head
h_p27_cp141,4.419746441200687,1.0,head
h_p27_cp142,0.6307077781420958,1.0,head
h_p27_cp143,4.894295051236895,1.0,head
h_p27_cp144,0.6562060420328635,1.0,head
h_p27_cp145,5.025187488930669,1.0,head
h_p27_cp146,0.6224832021212023,1.0,head
h_p27_cp147,4.751204093760862,1.0,head
h_p27_cp148,0.541986683385403,1.0,head
h_p27_cp149,4.156065141082308,1.0,head
h_p27_cp150,0.43907519228150704,1.0,head
h_p27_cp151,3.40137166897307,1.0,head
h_p27_cp152,0.3355196414609054,1.0,head
h_p27_cp153,2.6371235517183322,1.0,head
h_p27_cp154,0.2446461188401372,1.0,head
h_p27_cp155,1.9598071478853853,1.0,head
h_p27_cp156,0.17196135786298328,1.0,head
h_p27_cp157,1.4124983426856943,1.0,head
h_p27_cp158,0.1179712732759981,1.0,head
h_p27_cp159,1.001579002930157,1.0,head
h_p27_cp160,0.08080851932390942,1.0,head
h_p27_cp161,0.7138116520332005,1.0,head
h_p27_cp162,0.058026036139381176,1.0,head
h_p27_cp163,0.5282749889731804,1.0,head
h_p27_cp164,0.04766908327019337,1.0,head
h_p27_cp165,0.42299967162762186,1.0,head
h_p27_cp166,0.04888861216204532,1.0,head
h_p27_cp167,0.37761441447355537,1.0,head
h_p27_cp168,0.062300314776621235,1.0,head
h_p27_cp169,0.37328369493343416,1.0,head
h_p27_cp170,0.09020334380511486,1.0,head
h_p27_cp171,0.39114487655228913,1.0,head
h_p27_cp172,0.1366931732136436,1.0,head
h_p27_cp173,0.41109619052508606,1.0,head
h_p27_cp174,0.20763523638925108,1.0,head
h_p27_cp175,0.41394995231144094,1.0,head
h_p27_cp176,0.31040979661020174,1.0,head
h_p27_cp177,0.38897138316360724,1.0,head
h_p27_cp178,0.4533012432953001,1.0,head
h_p27_cp179,0.34076786346599874,1.0,head
h_p27_cp180,0.6443964858017353,1.0,head
h_p27_cp181,0.2813488846261407,1.0,head
h_p27_cp182,0.8898801558839295,1.0,head
h_p27_cp183,0.22154824221684066,1.0,head
h_p27_cp184,1.1916571342230782,1.0,head
h_p27_cp185,0.16790614093724798,1.0,head
h_p27_cp186,1.5442806564274179,1.0,head
h_p27_cp187,0.12316187170949888,1.0,head
h_p27_cp188,1.9312635102173772,1.0,head
h_p27_cp189,0.08769526958235474,1.0,head
h_p27_cp190,2.321249756641919,1.0,head
h_p27_cp191,0.06069479034908909,1.0,head
h_p27_cp192,2.6657860115046788,1.0,head
h_p27_cp193,0.04085707122180793,1.0,head
h_p27_cp194,2.9030129665297864,1.0,head
h_p27_cp195,0.026760680711731766,1.0,head
h_p27_cp196,2.973972031276844,1.0,head
h_p27_cp197,0.01706185162129259,1.0,head
h_p27_cp198,2.853307610482716,1.0,head
h_p27_cp199,0.010594203082291642,1.0,head
h_p27_cp200,2.5727199240614027,1.0,head
h_p27_cp201,0.006409568620028949,1.0,head
h_p27_cp202,2.1961016947284406,1.0,head
h_p27_cp203,0.0037793670242081134,1.0,head
h_p27_cp204,1.7878359798869496,1.0,head
h_p27_cp205,0.002171219050524087,1.0,head
h_p27_cp206,1.396239238857106,1.0,head
h_p27_cp207,0.0012134193318615871,1.0,head
h_p27_cp208,1.0504744427171318,1.0,head
h_p27_cp209,0.0006569525316990621,1.0,head
h_p27_cp210,0.7637069412389792,1.0,head
h_p27_cp211,0.0003411573170524207,1.0,head
h_p28_cp0,0.083084722361491,1.0,head
h_p28_cp1,0.5954932374970667,1.0,head
h_p28_cp2,0.13645904535178488,1.0,head
h_p28_cp3,0.8516941606467299,1.0,head
h_p28_cp4,0.2187874852133973,1.0,head
h_p28_cp5,1.1817531106225942,1.0,head
h_p28_cp6,0.3418137899948306,1.0,head
h_p28_cp7,1.5870462693460468,1.0,head
h_p28_cp8,0.5193351876555425,1.0,head
h_p28_cp9,2.0570508836140107,1.0,head
h_p28_cp10,0.7656142686132625,1.0,head
h_p28_cp11,2.564593249428526,1.0,head
h_p28_cp12,1.0922473620526034,1.0,head
h_p28_cp13,3.062771486203019,1.0,head
h_p28_cp14,1.5032024802512751,1.0,head
h_p28_cp15,3.4853234593128946,1.0,head
h_p28_cp16,1.988163040080508,1.0,head
h_p28_cp17,3.752679076944787,1.0,head
h_p28_cp18,2.514896697646236,1.0,head
h_p28_cp19,3.7895566664760736,1.0,head
h_p28_cp20,3.0222357733364333,1.0,head
h_p28_cp21,3.5649534384315302,1.0,head
h_p28_cp22,3.418192413725137,1.0,head
h_p28_cp23,3.1379318176564084,1.0,head
h_p28_cp24,3.5971535229059555,1.0,head
h_p28_cp25,2.6056078583155795,1.0,head
h_p28_cp26,3.50064469078643,1.0,head
h_p28_cp27,2.0575441208197844,1.0,head
h_p28_cp28,3.198267358695375,1.0,head
h_p28_cp29,1.5559325948238438,1.0,head
h_p28_cp30,2.8066139762127023,1.0,head
h_p28_cp31,1.13332261393316,1.0,head
h_p28_cp32,2.4280088959981185,1.0,head
h_p28_cp33,0.7989002712552065,1.0,head
h_p28_cp34,2.132111013130725,1.0,head
h_p28_cp35,0.5470888385757462,1.0,head
h_p28_cp36,1.9555422219245884,1.0,head
h_p28_cp37,0.365058513207714,1.0,head
h_p28_cp38,1.9054016061438688,1.0,head
h_p28_cp39,0.237934889720691,1.0,head
h_p28_cp40,1.9624777510548483,1.0,head
h_p28_cp41,0.15178099154331903,1.0,head
h_p28_cp42,2.084146349946195,1.0,head
h_p28_cp43,0.09493414410621881,1.0,head
h_p28_cp44,2.209799508115566,1.0,head
h_p28_cp45,0.05832590093837098,1.0,head
h_p28_cp46,2.2737529922651447,1.0,head
h_p28_cp47,0.03527255900212367,1.0,head
h_p28_cp48,2.2281300111312703,1.0,head
h_p28_cp49,0.02105216985455627,1.0,head
h_p28_cp50,2.0653890121179757,1.0,head
h_p28_cp51,0.012445456748764627,1.0,head
h_p28_cp52,1.813853839309786,1.0,head
h_p28_cp53,0.007325501491777686,1.0,head
h_p28_cp54,1.5173940114000288,1.0,head
h_p28_cp55,0.004326678550114593,1.0,head
h_p28_cp56,1.2171226839923293,1.0,head
h_p28_cp57,0.002594906570720923,1.0,head
h_p28_cp58,0.9421059729095305,1.0,head
h_p28_cp59,0.0016085889903934003,1.0,head
h_p28_cp60,0.7078005550672515,1.0,head
h_p28_cp61,0.0010555861422290036,1.0,head
h_p28_cp62,0.5186823668384477,1.0,head
h_p28_cp63,0.0007518729514686129,1.0,head
h_p28_cp64,0.3721787238773686,1.0,head
h_p28_cp65,0.0005897041035041184,1.0,head
h_p28_cp66,0.2622205212976496,1.0,head
h_p28_cp67,0.0005057863452293532,1.0,head
h_p28_cp68,0.1817253761810207,1.0,head
h_p28_cp69,0.00046247441309787973,1.0,head
h_p28_cp70,0.12399668469402059,1.0,head
h_p28_cp71,0.00043708525254260167,1.0,head
h_p28_cp72,0.08332992310965892,1.0,head
h_p28_cp73,0.0004160088585649646,1.0,head
h_p28_cp74,0.055152606992805886,1.0,head
h_p28_cp75,0.0003914383282790368,1.0,head
h_p28_cp76,0.035939617295298376,1.0,head
h_p28_cp77,0.0003593375729451509,1.0,head
h_p28_cp78,0.023046350527920367,1.0,head
h_p28_cp79,0.0003177908340603608,1.0,head
h_p28_cp80,0.014530011639635632,1.0,head
h_p28_cp81,0.00026517503283685073,1.0,head
h_p28_cp82,0.00898775645441674,1.0,head
h_p28_cp83,0.0001976642638510384,1.0,head
h_p28_cp84,0.10163344252987372,1.0,head
h_p28_cp85,0.01258282796743515,1.0,head
h_p28_cp86,0.11926563844963312,1.0,head
h_p28_cp87,0.01718259755307372,1.0,head
h_p28_cp88,0.1340213805183339,1.0,head
h_p28_cp89,0.022847074358651298,1.0,head
h_p28_cp90,0.14402356377740944,1.0,head
h_p28_cp91,0.029514236375462133,1.0,head
h_p28_cp92,0.14792088278090887,1.0,head
h_p28_cp93,0.036940410923989475,1.0,head
h_p28_cp94,0.14525544568277837,1.0,head
h_p28_cp95,0.04465385492335372,1.0,head
h_p28_cp96,0.13660421827626124,1.0,head
h_p28_cp97,0.05195203924631642,1.0,head
h_p28_cp98,0.12342857969952092,1.0,head
h_p28_cp99,0.05797891515817355,1.0,head
h_p28_cp100,0.1076968515376393,1.0,head
h_p28_cp101,0.061905111979513094,1.0,head
h_p28_cp102,0.09143083237677274,1.0,head
h_p28_cp103,0.06319105081661291,1.0,head
h_p28_cp104,0.07632719696539425,1.0,head
h_p28_cp105,0.061850698325315534,1.0,head
h_p28_cp106,0.06354234431091754,1.0,head
h_p28_cp107,0.0586013401184573,1.0,head
h_p28_cp108,0.053654359014217334,1.0,head
h_p28_cp109,0.054846945010922354,1.0,head
h_p28_cp110,0.046763660209308,1.0,head
h_p28_cp111,0.052579824473014014,1.0,head
h_p28_cp112,0.042673936477058305,1.0,head
h_p28_cp113,0.05434417083688459,1.0,head
h_p28_cp114,0.041098605236129515,1.0,head
h_p28_cp115,0.06336537820743615,1.0,head
h_p28_cp116,0.04185259267114816,1.0,head
h_p28_cp117,0.08387401513436998,1.0,head
h_p28_cp118,0.0450063037160362,1.0,head
h_p28_cp119,0.1215899958845057,1.0,head
h_p28_cp120,0.05099516735708676,1.0,head
h_p28_cp121,0.18428840362616938,1.0,head
h_p28_cp122,0.06069257857461707,1.0,head
h_p28_cp123,0.2823296536237194,1.0,head
h_p28_cp124,0.07546242566377259,1.0,head
h_p28_cp125,0.4289859579635049,1.0,head
h_p28_cp126,0.0972023957442616,1.0,head
h_p28_cp127,0.6403177910215163,1.0,head
h_p28_cp128,0.12836206367273917,1.0,head
h_p28_cp129,0.9342310788777013,1.0,head
h_p28_cp130,0.17186148115752076,1.0,head
h_p28_cp131,1.3281624705552986,1.0,head
h_p28_cp132,0.23074146759427094,1.0,head
h_p28_cp133,1.8346203761182096,1.0,head
h_p28_cp134,0.3072620277062015,1.0,head
h_p28_cp135,2.453728079782877,1.0,head
h_p28_cp136,0.4011124651674436,1.0,head
h_p28_cp137,3.162470791231499,1.0,head
h_p28_cp138,0.5066261052156733,1.0,head
h_p28_cp139,3.902407075314386,1.0,head
h_p28_cp140,0.6097899834794589,1.0,head
h_p28_cp141,4.571862707764012,1.0,head
h_p28_cp142,0.6876816625667743,1.0,head
h_p28_cp143,5.0342235033629095,1.0,head
h_p28_cp144,0.714806888856856,1.0,head
h_p28_cp145,5.156865378398152,1.0,head
h_p28_cp146,0.6784107050057173,1.0,head
h_p28_cp147,4.884669718562691,1.0,head
h_p28_cp148,0.5916731092261216,1.0,head
h_p28_cp149,4.296132264753396,1.0,head
h_p28_cp150,0.4805399512524673,1.0,head
h_p28_cp151,3.5426196859491483,1.0,head
h_p28_cp152,0.36841287020388336,1.0,head
h_p28_cp153,2.7698090690919344,1.0,head
h_p28_cp154,0.2697776078612151,1.0,head
h_p28_cp155,2.076203461047953,1.0,head
h_p28_cp156,0.19071635133832388,1.0,head
h_p28_cp157,1.509157543630863,1.0,head
h_p28_cp158,0.13187648496659676,1.0,head
h_p28_cp159,1.0787214852882698,1.0,head
h_p28_cp160,0.0913173622461727,1.0,head
h_p28_cp161,0.7738677364156956,1.0,head
h_p28_cp162,0.06647161584851347,1.0,head
h_p28_cp163,0.5746165181058132,1.0,head
h_p28_cp164,0.05530746541262488,1.0,head
h_p28_cp165,0.4590793662082433,1.0,head
h_p28_cp166,0.056976965280682634,1.0,head
h_p28_cp167,0.4064078550270551,1.0,head
h_p28_cp168,0.07218090479364037,1.0,head
h_p28_cp169,0.3969313248092021,1.0,head
h_p28_cp170,0.10337832580216855,1.0,head
h_p28_cp171,0.4108610342307202,1.0,head
h_p28_cp172,0.1548785786312692,1.0,head
h_p28_cp173,0.4275594372827527,1.0,head
h_p28_cp174,0.23278263694874113,1.0,head
h_p28_cp175,0.42810248690011576,1.0,head
h_p28_cp176,0.34468615699279326,1.0,head
h_p28_cp177,0.40218218479776624,1.0,head
h_p28_cp178,0.4990226590857674,1.0,head
h_p28_cp179,0.35342000825039577,1.0,head
h_p28_cp180,0.703916376246525,1.0,head
h_p28_cp181,0.29298372033213127,1.0,head
h_p28_cp182,0.965429928892263,1.0,head
h_p28_cp183,0.23164004711088637,1.0,head
h_p28_cp184,1.2851220862471564,1.0,head
h_p28_cp185,0.17624938629819553,1.0,head
h_p28_cp186,1.6568751811687434,1.0,head
h_p28_cp187,0.12984401169501325,1.0,head
h_p28_cp188,2.063085223840062,1.0,head
h_p28_cp189,0.09293937898564764,1.0,head
h_p28_cp190,2.47079420971977,1.0,head
h_p28_cp191,0.06474341779335191,1.0,head
h_p28_cp192,2.829677745900426,1.0,head
h_p28_cp193,0.043926404259991614,1.0,head
h_p28_cp194,3.07627323899942,1.0,head
h_p28_cp195,0.02903586157162863,1.0,head
h_p28_cp196,3.1508500892177835,1.0,head
h_p28_cp197,0.018703803837752275,1.0,head
h_p28_cp198,3.0280441160348346,1.0,head
h_p28_cp199,0.011744206655748712,1.0,head
h_p28_cp200,2.7391909710690925,1.0,head
h_p28_cp201,0.007189687131813116,1.0,head
h_p28_cp202,2.3486978583268865,1.0,head
h_p28_cp203,0.004291235655500714,1.0,head
h_p28_cp204,1.9224705987630841,1.0,head
h_p28_cp205,0.0024955843007319345,1.0,head
h_p28_cp206,1.5107892374762741,1.0,head
h_p28_cp207,0.00141135576132001,1.0,head
h_p28_cp208,1.144648069496725,1.0,head
h_p28_cp209,0.0007725156847300241,1.0,head
h_p28_cp210,0.8386226778798118,1.0,head
h_p28_cp211,0.0004047544416607707,1.0,head
h_p29_cp0,0.09325838499626116,1.0,head
h_p29_cp1,0.6555657372323367,1.0,head
h_p29_cp2,0.15138576168692452,1.0,head
h_p29_cp3,0.9298066101400764,1.0,head
h_p29_cp4,0.23996543297243988,1.0,head
h_p29_cp5,1.2796410487294452,1.0,head
h_p29_cp6,0.370775394750126,1.0,head
h_p29_cp7,1.7048108723088262,1.0,head
h_p29_cp8,0.5574086508058826,1.0,head
h_p29_cp9,2.192613463341786,1.0,head
h_p29_cp10,0.8136658234866445,1.0,head
h_p29_cp11,2.713720790586649,1.0,head
h_p29_cp12,1.1505601033964012,1.0,head
h_p29_cp13,3.219951789710649,1.0,head
h_p29_cp14,1.5716864122341576,1.0,head
h_p29_cp15,3.6451816440480798,1.0,head
h_p29_cp16,2.0669109837308497,1.0,head
h_p29_cp17,3.9109916496986443,1.0,head
h_p29_cp18,2.6045667305479583,1.0,head
h_p29_cp19,3.943587963799928,1.0,head
h_p29_cp20,3.123238539549675,1.0,head
h_p29_cp21,3.7139269830058765,1.0,head
h_p29_cp22,3.528638028774367,1.0,head
h_p29_cp23,3.280126573371035,1.0,head
h_p29_cp24,3.7127446828203574,1.0,head
h_p29_cp25,2.7386114110845483,1.0,head
h_p29_cp26,3.6186621149313396,1.0,head
h_p29_cp27,2.1782698877473194,1.0,head
h_p29_cp28,3.3148430828855453,1.0,head
h_p29_cp29,1.6613148404157982,1.0,head
h_p29_cp30,2.9206731329409195,1.0,head
h_p29_cp31,1.2213970715806681,1.0,head
h_p29_cp32,2.541068293225635,1.0,head
h_p29_cp33,0.8693890540339453,1.0,head
h_p29_cp34,2.246066748743033,1.0,head
h_p29_cp35,0.6012688882228758,1.0,head
h_p29_cp36,2.071618841061081,1.0,head
h_p29_cp37,0.40521356347426263,1.0,head
h_p29_cp38,2.024220250345479,1.0,head
h_p29_cp39,0.2667486533518968,1.0,head
h_p29_cp40,2.0842583671665125,1.0,head
h_p29_cp41,0.17187451283189148,1.0,head
h_p29_cp42,2.2085832422469593,1.0,head
h_p29_cp43,0.10859777760128964,1.0,head
h_p29_cp44,2.335674086733661,1.0,head
h_p29_cp45,0.06741358976660194,1.0,head
h_p29_cp46,2.3986091337303606,1.0,head
h_p29_cp47,0.04120180169093146,1.0,head
h_p29_cp48,2.348573193195307,1.0,head
h_p29_cp49,0.02485907169671009,1.0,head
h_p29_cp50,2.1781169512878478,1.0,head
h_p29_cp51,0.014859756419582482,1.0,head
h_p29_cp52,1.916361903758343,1.0,head
h_p29_cp53,0.008845174527323252,1.0,head
h_p29_cp54,1.6081255146116291,1.0,head
h_p29_cp55,0.005282361780928113,1.0,head
h_p29_cp56,1.2953898441191996,1.0,head
h_p29_cp57,0.0032009613610171073,1.0,head
h_p29_cp58,1.0079522062076194,1.0,head
h_p29_cp59,0.002001166338004623,1.0,head
h_p29_cp60,0.7618524835711469,1.0,head
h_p29_cp61,0.0013196546296967426,1.0,head
h_p29_cp62,0.5619969028487048,1.0,head
h_p29_cp63,0.000939639085345334,1.0,head
h_p29_cp64,0.4060856655285079,1.0,head
h_p29_cp65,0.0007327338614686596,1.0,head
h_p29_cp66,0.288170862580273,1.0,head
h_p29_cp67,0.0006227565854715067,1.0,head
h_p29_cp68,0.20116133751935195,1.0,head
h_p29_cp69,0.0005640319245685532,1.0,head
h_p29_cp70,0.13825560620625765,1.0,head
h_p29_cp71,0.0005288683044000209,1.0,head
h_p29_cp72,0.09358550306114921,1.0,head
h_p29_cp73,0.0005005342325148376,1.0,head
h_p29_cp74,0.06238931996995234,1.0,head
h_p29_cp75,0.00046928599908824253,1.0,head
h_p29_cp76,0.0409521000622135,1.0,head
h_p29_cp77,0.0004298669473428163,1.0,head
h_p29_cp78,0.026454806624997218,1.0,head
h_p29_cp79,0.0003794783551711589,1.0,head
h_p29_cp80,0.0168038751480708,1.0,head
h_p29_cp81,0.0003155491706365865,1.0,head
h_p29_cp82,0.010471746213170263,1.0,head
h_p29_cp83,0.00023270238648365194,1.0,head
h_p29_cp84,0.11350639794090966,1.0,head
h_p29_cp85,0.014534429588593412,1.0,head
h_p29_cp86,0.13266540058293685,1.0,head
h_p29_cp87,0.019684672920448065,1.0,head
h_p29_cp88,0.14865016974454193,1.0,head
h_p29_cp89,0.025971867834186924,1.0,head
h_p29_cp90,0.15948079304871499,1.0,head
h_p29_cp91,0.033311930829313496,1.0,head
h_p29_cp92,0.1637409952309099,1.0,head
h_p29_cp93,0.04142676908577414,1.0,head
h_p29_cp94,0.16095539532943803,1.0,head
h_p29_cp95,0.04979931138268512,1.0,head
h_p29_cp96,0.15173376425036622,1.0,head
h_p29_cp97,0.05767560810500072,1.0,head
h_p29_cp98,0.13761618500529949,1.0,head
h_p29_cp99,0.06415072319077808,1.0,head
h_p29_cp100,0.12068449085199973,1.0,head
h_p29_cp101,0.06836075433920996,1.0,head
h_p29_cp102,0.10309233386487904,1.0,head
h_p29_cp103,0.06975911750578234,1.0,head
h_p29_cp104,0.0866674452731786,1.0,head
h_p29_cp105,0.0683921555712459,1.0,head
h_p29_cp106,0.0726789382347306,1.0,head
h_p29_cp107,0.06505707357791835,1.0,head
h_p29_cp108,0.06178775108173795,1.0,head
h_p29_cp109,0.06128904759520992,1.0,head
h_p29_cp110,0.05414441838365747,1.0,head
h_p29_cp111,0.05926343869850825,1.0,head
h_p29_cp112,0.049575573336824164,1.0,head
h_p29_cp113,0.06175893081945105,1.0,head
h_p29_cp114,0.047801871742194635,1.0,head
h_p29_cp115,0.0722869012602132,1.0,head
h_p29_cp116,0.04864351606966011,1.0,head
h_p29_cp117,0.09541522313884343,1.0,head
h_p29_cp118,0.05218690293486361,1.0,head
h_p29_cp119,0.13724913359624225,1.0,head
h_p29_cp120,0.0589036784167547,1.0,head
h_p29_cp121,0.20598606330941038,1.0,head
h_p29_cp122,0.06972966502326017,1.0,head
h_p29_cp123,0.31242117874535325,1.0,head
h_p29_cp124,0.08612114887955613,1.0,head
h_p29_cp125,0.4702263189724363,1.0,head
h_p29_cp126,0.11010156871088839,1.0,head
h_p29_cp127,0.6957376455661688,1.0,head
h_p29_cp128,0.1442821123050635,1.0,head
h_p29_cp129,1.0068481855955724,1.0,head
h_p29_cp130,0.19177420831238123,1.0,head
h_p29_cp131,1.420407700730948,1.0,head
h_p29_cp132,0.25580576065567584,1.0,head
h_p29_cp133,1.9473540343076365,1.0,head
h_p29_cp134,0.338729848438561,1.0,head
h_p29_cp135,2.5848958940487137,1.0,head
h_p29_cp136,0.44007418553383104,1.0,head
h_p29_cp137,3.3059804556912695,1.0,head
h_p29_cp138,0.5535610336942227,1.0,head
h_p29_cp139,4.048625931026663,1.0,head
h_p29_cp140,0.6640117537735932,1.0,head
h_p29_cp141,4.711284284883504,1.0,head
h_p29_cp142,0.7469579910593893,1.0,head
h_p29_cp143,5.163295727167679,1.0,head
h_p29_cp144,0.7755482598295202,1.0,head
h_p29_cp145,5.2797874576504,1.0,head
h_p29_cp146,0.7365599115578334,1.0,head
h_p29_cp147,5.006792807133934,1.0,head
h_p29_cp148,0.6436946343046657,1.0,head
h_p29_cp149,4.4226521402224535,1.0,head
h_p29_cp150,0.5243101272376407,1.0,head
h_p29_cp151,3.6717860877663497,1.0,head
h_p29_cp152,0.40340882646523823,1.0,head
h_p29_cp153,2.8942982277137617,1.0,head
h_p29_cp154,0.29669591033280085,1.0,head
h_p29_cp155,2.1884345079217837,1.0,head
h_p29_cp156,0.21091627979876648,1.0,head
h_p29_cp157,1.6046095595686438,1.0,head
h_p29_cp158,0.14693029930049306,1.0,head
h_p29_cp159,1.1563802443392888,1.0,head
h_p29_cp160,0.10276209689209281,1.0,head
h_p29_cp161,0.8352239771218137,1.0,head
h_p29_cp162,0.07573310394900545,1.0,head
h_p29_cp163,0.6224319419575295,1.0,head
h_p29_cp164,0.06372791800913546,1.0,head
h_p29_cp165,0.49640891453191216,1.0,head
h_p29_cp166,0.06588803048725822,1.0,head
h_p29_cp167,0.43594021653007076,1.0,head
h_p29_cp168,0.08298677878019589,1.0,head
h_p29_cp169,0.4206313635713741,1.0,head
h_p29_cp170,0.1176292724862833,1.0,head
h_p29_cp171,0.4299913483243927,1.0,head
h_p29_cp172,0.17432198160759071,1.0,head
h_p29_cp173,0.4431334897672059,1.0,head
h_p29_cp174,0.25938119603824816,1.0,head
h_p29_cp175,0.4413555857620395,1.0,head
h_p29_cp176,0.3805954936474336,1.0,head
h_p29_cp177,0.4142357583689318,1.0,head
h_p29_cp178,0.5465243524531616,1.0,head
h_p29_cp179,0.36494363274414354,1.0,head
h_p29_cp180,0.7653041221624335,1.0,head
h_p29_cp181,0.3038470972021514,1.0,head
h_p29_cp182,1.0428407088943459,1.0,head
h_p29_cp183,0.24137401217353727,1.0,head
h_p29_cp184,1.3802898521917086,1.0,head
h_p29_cp185,0.18452265586938665,1.0,head
h_p29_cp186,1.770776558898433,1.0,head
h_p29_cp187,0.13659438542799762,1.0,head
h_p29_cp188,2.195484681925336,1.0,head
h_p29_cp189,0.09829157598551319,1.0,head
h_p29_cp190,2.6198220076284997,1.0,head
h_p29_cp191,0.06889630633304478,1.0,head
h_p29_cp192,2.991744669849595,1.0,head
h_p29_cp193,0.04708487235461689,1.0,head
h_p29_cp194,3.246601035370986,1.0,head
h_p29_cp195,0.03138602005174107,1.0,head
h_p29_cp196,3.324367105336023,1.0,head
h_p29_cp197,0.020409325033369896,1.0,head
h_p29_cp198,3.1997471270769893,1.0,head
h_p29_cp199,0.012947785769938491,1.0,head
h_p29_cp200,2.9036855376007225,1.0,head
h_p29_cp201,0.008013719273549214,1.0,head
h_p29_cp202,2.5006653281498075,1.0,head
h_p29_cp203,0.0048375470403243526,1.0,head
h_p29_cp204,2.0577075326368686,1.0,head
h_p29_cp205,0.0028455409019443323,1.0,head
h_p29_cp206,1.6268557583016445,1.0,head
h_p29_cp207,0.0016271565509669017,1.0,head
h_p29_cp208,1.2409015150396954,1.0,head
h_p29_cp209,0.0008996452797873644,1.0,head
h_p29_cp210,0.915876462745473,1.0,head
h_p29_cp211,0.0004750961325044045,1.0,head
h_p30_cp0,0.10399994278304803,1.0,head
h_p30_cp1,0.7177678316079437,1.0,head
h_p30_cp2,0.16693321811453643,1.0,head
h_p30_cp3,1.0097820408118423,1.0,head
h_p30_cp4,0.26173951656619465,1.0,head
h_p30_cp5,1.3787375590422926,1.0,head
h_p30_cp6,0.4002020624147917,1.0,head
h_p30_cp7,1.822745946808027,1.0,head
h_p30_cp8,0.5957213925285032,1.0,head
h_p30_cp9,2.327063648798685,1.0,head
h_p30_cp10,0.8617265416824011,1.0,head
h_p30_cp11,2.860403282041716,1.0,head
h_p30_cp12,1.208821415645616,1.0,head
h_p30_cp13,3.3733028626165833,1.0,head
h_p30_cp14,1.6403833425902121,1.0,head
h_p30_cp15,3.7994254435307084,1.0,head
h_p30_cp16,2.146347474979848,1.0,head
h_p30_cp17,4.061458596958346,1.0,head
h_p30_cp18,2.695014417800394,1.0,head
h_p30_cp19,4.088583887650202,1.0,head
h_p30_cp20,3.2240400421133018,1.0,head
h_p30_cp21,3.8554139946354553,1.0,head
h_p30_cp22,3.6373653632176683,1.0,head
h_p30_cp23,3.417334084232607,1.0,head
h_p30_cp24,3.826392317218506,1.0,head
h_p30_cp25,2.868532333003259,1.0,head
h_p30_cp26,3.735260970753643,1.0,head
h_p30_cp27,2.2972577980581264,1.0,head
h_p30_cp28,3.431806020773365,1.0,head
h_p30_cp29,1.766109954510739,1.0,head
h_p30_cp30,3.0363638282992724,1.0,head
h_p30_cp31,1.3099002355716038,1.0,head
h_p30_cp32,2.6558973423443604,1.0,head
h_p30_cp33,0.9410684576387212,1.0,head
h_p30_cp34,2.361489775163136,1.0,head
h_p30_cp35,0.6570678418661373,1.0,head
h_p30_cp36,2.1890058177700666,1.0,head
h_p30_cp37,0.44710489061981207,1.0,head
h_p30_cp38,2.1444477514114624,1.0,head
h_p30_cp39,0.29719290780167285,1.0,head
h_p30_cp40,2.2076374009045594,1.0,head
h_p30_cp41,0.1933696213507119,1.0,head
h_p30_cp42,2.3346871951675894,1.0,head
h_p30_cp43,0.12339160958754292,1.0,head
h_p30_cp44,2.4630532970602417,1.0,head
h_p30_cp45,0.07736949166201157,1.0,head
h_p30_cp46,2.52475312808906,1.0,head
h_p30_cp47,0.04777323409848577,1.0,head
h_p30_cp48,2.4703955889131066,1.0,head
h_p30_cp49,0.029127016659685978,1.0,head
h_p30_cp50,2.292374633943382,1.0,head
h_p30_cp51,0.01759746027755682,1.0,head
h_p30_cp52,2.0204312024627598,1.0,head
h_p30_cp53,0.010587882679601535,1.0,head
h_p30_cp54,1.7003691489037465,1.0,head
h_p30_cp55,0.006390262211425579,1.0,head
h_p30_cp56,1.3751134325912062,1.0,head
h_p30_cp57,0.003910596534751676,1.0,head
h_p30_cp58,1.0752184817297348,1.0,head
h_p30_cp59,0.0024646524591389607,1.0,head
h_p30_cp60,0.8172942291971594,1.0,head
h_p30_cp61,0.0016330716634911369,1.0,head
h_p30_cp62,0.6066534805013362,1.0,head
h_p30_cp63,0.0011627152741766622,1.0,head
h_p30_cp64,0.4412537054265613,1.0,head
h_p30_cp65,0.0009020082188726519,1.0,head
h_p30_cp66,0.31526616273458785,1.0,head
h_p30_cp67,0.0007601241588872654,1.0,head
h_p30_cp68,0.22159957040321387,1.0,head
h_p30_cp69,0.0006821754161592253,1.0,head
h_p30_cp70,0.15336114295564585,1.0,head
h_p30_cp71,0.0006346748211853992,1.0,head
h_p30_cp72,0.10453258447228109,1.0,head
h_p30_cp73,0.0005972443880182254,1.0,head
h_p30_cp74,0.0701734819806461,1.0,head
h_p30_cp75,0.0005578433078881062,1.0,head
h_p30_cp76,0.04638557289717937,1.0,head
h_p30_cp77,0.0005097251341794617,1.0,head
h_p30_cp78,0.03017817833074332,1.0,head
h_p30_cp79,0.0004489669802296703,1.0,head
h_p30_cp80,0.019306831178028006,1.0,head
h_p30_cp81,0.0003717705815233785,1.0,head
h_p30_cp82,0.012117127778310532,1.0,head
h_p30_cp83,0.0002708071008328261,1.0,head
h_p30_cp84,0.12597423888291814,1.0,head
h_p30_cp85,0.016681671316291613,1.0,head
h_p30_cp86,0.14667757642746437,1.0,head
h_p30_cp87,0.022417487387201618,1.0,head
h_p30_cp88,0.16390369511191238,1.0,head
h_p30_cp89,0.029361458190351186,1.0,head
h_p30_cp90,0.1755743420503677,1.0,head
h_p30_cp91,0.03740542957461912,1.0,head
h_p30_cp92,0.18021163981848076,1.0,head
h_p30_cp93,0.04623513621436359,1.0,head
h_p30_cp94,0.17732421464324943,1.0,head
h_p30_cp95,0.05528712923569401,1.0,head
h_p30_cp96,0.1675539861503239,1.0,head
h_p30_cp97,0.06375608863686466,1.0,head
h_p30_cp98,0.1525171012294777,1.0,head
h_p30_cp99,0.07068955244130848,1.0,head
h_p30_cp100,0.13440497099782078,1.0,head
h_p30_cp101,0.0751917137467899,1.0,head
h_p30_cp102,0.11549915455134396,1.0,head
h_p30_cp103,0.0767126129708231,1.0,head
h_p30_cp104,0.09775599402246371,1.0,head
h_p30_cp105,0.07533527829855302,1.0,head
h_p30_cp106,0.08255742220626416,1.0,head
h_p30_cp107,0.07194163961821687,1.0,head
h_p30_cp108,0.07065000908778529,1.0,head
h_p30_cp109,0.06820333329892492,1.0,head
h_p30_cp110,0.06223912824907529,1.0,head
h_p30_cp111,0.0664843779122748,1.0,head
h_p30_cp112,0.057179909904334636,1.0,head
h_p30_cp113,0.06980344739076827,1.0,head
h_p30_cp114,0.055205612452482455,1.0,head
h_p30_cp115,0.08196227797407118,1.0,head
h_p30_cp116,0.05614628499779428,1.0,head
h_p30_cp117,0.10786778920851248,1.0,head
h_p30_cp118,0.060108023060820415,1.0,head
h_p30_cp119,0.15400776884189327,1.0,head
h_p30_cp120,0.06760202180976194,1.0,head
h_p30_cp121,0.22899217552071605,1.0,head
h_p30_cp122,0.0796304646387398,1.0,head
h_p30_cp123,0.3440293192613808,1.0,head
h_p30_cp124,0.09774769678961093,1.0,head
h_p30_cp125,0.5131468294675869,1.0,head
h_p30_cp126,0.12411057898361832,1.0,head
h_p30_cp127,0.7528702721519949,1.0,head
h_p30_cp128,0.16149908817624237,1.0,head
h_p30_cp129,1.0809233855809453,1.0,head
h_p30_cp130,0.21321506531558043,1.0,head
h_p30_cp131,1.5133322863803187,1.0,head
h_p30_cp132,0.2826508962293701,1.0,head
h_p30_cp133,2.0592209777485095,1.0,head
h_p30_cp134,0.3721933742240253,1.0,head
h_p30_cp135,2.712888076272975,1.0,head
h_p30_cp136,0.48110737864044495,1.0,head
h_p30_cp137,3.4439338632407726,1.0,head
h_p30_cp138,0.6023851053269027,1.0,head
h_p30_cp139,4.188465282257766,1.0,head
h_p30_cp140,0.7196245931327212,1.0,head
h_p30_cp141,4.8467626516358,1.0,head
h_p30_cp142,0.8069603525977982,1.0,head
h_p30_cp143,5.293369082846539,1.0,head
h_p30_cp144,0.836632178094078,1.0,head
h_p30_cp145,5.40641681174543,1.0,head
h_p30_cp146,0.7953522133539082,1.0,head
h_p30_cp147,5.129528450959924,1.0,head
h_p30_cp148,0.6969456355700459,1.0,head
h_p30_cp149,4.544534928831581,1.0,head
h_p30_cp150,0.5697377100882477,1.0,head
h_p30_cp151,3.793684885376024,1.0,head
h_p30_cp152,0.4401869965345213,1.0,head
h_p30_cp153,3.012253411373649,1.0,head
h_p30_cp154,0.32527974540835203,1.0,head
h_p30_cp155,2.2965305366014945,1.0,head
h_p30_cp156,0.23254658655650928,1.0,head
h_p30_cp157,1.69835232275409,1.0,head
h_p30_cp158,0.16316632280586418,1.0,head
h_p30_cp159,1.234039832003191,1.0,head
h_p30_cp160,0.11519152406299327,1.0,head
h_p30_cp161,0.8974944504604991,1.0,head
h_p30_cp162,0.08585880867667584,1.0,head
h_p30_cp163,0.6714506626087768,1.0,head
h_p30_cp164,0.07297232895734851,1.0,head
h_p30_cp165,0.5347991850019298,1.0,head
h_p30_cp166,0.07565526681173651,1.0,head
h_p30_cp167,0.4661235353992197,1.0,head
h_p30_cp168,0.09474139562553319,1.0,head
h_p30_cp169,0.44448812711902974,1.0,head
h_p30_cp170,0.13296723715484404,1.0,head
h_p30_cp171,0.4489158276985563,1.0,head
h_p30_cp172,0.19501900041404951,1.0,head
h_p30_cp173,0.4583738292765247,1.0,head
h_p30_cp174,0.2874081975965055,1.0,head
h_p30_cp175,0.45418887424557397,1.0,head
h_p30_cp176,0.4180943184228454,1.0,head
h_p30_cp177,0.4256874186112327,1.0,head
h_p30_cp178,0.595739193553527,1.0,head
h_p30_cp179,0.3757224304824831,1.0,head
h_p30_cp180,0.8284634183073649,1.0,head
h_p30_cp181,0.3140600031642862,1.0,head
h_p30_cp182,1.1219767898187456,1.0,head
h_p30_cp183,0.2507085722188549,1.0,head
h_p30_cp184,1.4769730323318981,1.0,head
h_p30_cp185,0.1926410314097211,1.0,head
h_p30_cp186,1.885747019536666,1.0,head
h_p30_cp187,0.14334616685050605,1.0,head
h_p30_cp188,2.328228358459455,1.0,head
h_p30_cp189,0.10371543323913102,1.0,head
h_p30_cp190,2.7682734130953577,1.0,head
h_p30_cp191,0.07313882048492815,1.0,head
h_p30_cp192,3.1523997361459806,1.0,head
h_p30_cp193,0.05032853222519407,1.0,head
h_p30_cp194,3.4150951210590392,1.0,head
h_p30_cp195,0.03381077414610445,1.0,head
h_p30_cp196,3.4959767027985436,1.0,head
h_p30_cp197,0.02217851601244547,1.0,head
h_p30_cp198,3.3693865413601998,1.0,head
h_p30_cp199,0.014204771846380027,1.0,head
h_p30_cp200,3.066380767992996,1.0,head
h_p30_cp201,0.008881335443675198,1.0,head
h_p30_cp202,2.651641369231129,1.0,head
h_p30_cp203,0.005418023385118431,1.0,head
h_p30_cp204,2.192988076146321,1.0,head
h_p30_cp205,0.003220946359761001,1.0,head
h_p30_cp206,1.7438968141973419,1.0,head
h_p30_cp207,0.0018607790414080227,1.0,head
h_p30_cp208,1.3387926757368405,1.0,head
h_p30_cp209,0.0010383158357853972,1.0,head
h_p30_cp210,0.9951392276411752,1.0,head
h_p30_cp211,0.0005520992574474803,1.0,head
h_p31_cp0,0.11528597436017662,1.0,head
h_p31_cp1,0.7818733667431843,1.0,head
h_p31_cp2,0.1830632248402253,1.0,head
h_p31_cp3,1.0913193624151063,1.0,head
h_p31_cp4,0.2840655136465102,1.0,head
h_p31_cp5,1.4787046979695333,1.0,head
h_p31_cp6,0.4300668577966462,1.0,head
h_p31_cp7,1.9405351574332599,1.0,head
h_p31_cp8,0.6343001182617627,1.0,head
h_p31_cp9,2.4601391844598766,1.0,head
h_p31_cp10,0.9099051763023454,1.0,head
h_p31_cp11,3.004403135402299,1.0,head
h_p31_cp12,1.2671964395208306,1.0,head
h_p31_cp13,3.5226703280254696,1.0,head
h_p31_cp14,1.70940172337896,1.0,head
h_p31_cp15,3.948597561623046,1.0,head
h_p31_cp16,2.2264321850138913,1.0,head
h_p31_cp17,4.206586828484433,1.0,head
h_p31_cp18,2.7863830583605704,1.0,head
h_p31_cp19,4.228912381715418,1.0,head
h_p31_cp20,3.326170376141363,1.0,head
h_p31_cp21,3.991849920555069,1.0,head
h_p31_cp22,3.7486341397880096,1.0,head
h_p31_cp23,3.5499717645261626,1.0,head
h_p31_cp24,3.9439957887070705,1.0,head
h_p31_cp25,2.995083340270412,1.0,head
h_p31_cp26,3.854694419101179,1.0,head
h_p31_cp27,2.4141890650939786,1.0,head
h_p31_cp28,3.550671339748078,1.0,head
h_p31_cp29,1.8700573233704745,1.0,head
h_p31_cp30,3.1538019964677915,1.0,head
h_p31_cp31,1.3985871947402302,1.0,head
h_p31_cp32,2.7724080415478056,1.0,head
h_p31_cp33,1.0137057847437063,1.0,head
h_p31_cp34,2.478403496192641,1.0,head
h_p31_cp35,0.7142905119590068,1.0,head
h_p31_cp36,2.3077041332353474,1.0,head
h_p31_cp37,0.4905938795068323,1.0,head
h_p31_cp38,2.265853803889513,1.0,head
h_p31_cp39,0.32918693061583326,1.0,head
h_p31_cp40,2.3319548796837353,1.0,head
h_p31_cp41,0.21623221979143636,1.0,head
h_p31_cp42,2.4611984234484225,1.0,head
h_p31_cp43,0.1393127944686512,1.0,head
h_p31_cp44,2.590069931970902,1.0,head
h_p31_cp45,0.08820819792413204,1.0,head
h_p31_cp46,2.650001467374068,1.0,head
h_p31_cp47,0.05500884179332388,1.0,head
h_p31_cp48,2.5915298639263256,1.0,head
h_p31_cp49,0.03387915430676003,1.0,head
h_p31_cp50,2.406639250811395,1.0,head
h_p31_cp51,0.020679604634096904,1.0,head
h_p31_cp52,2.1251660264938437,1.0,head
h_p31_cp53,0.012571224598787012,1.0,head
h_p31_cp54,1.7936810269991383,1.0,head
h_p31_cp55,0.007664347960371742,1.0,head
h_p31_cp56,1.4560912029926385,1.0,head
h_p31_cp57,0.0047345180546471965,1.0,head
h_p31_cp58,1.1438044817070931,1.0,head
h_p31_cp59,0.003007069286013575,1.0,head
h_p31_cp60,0.8740609117689928,1.0,head
h_p31_cp61,0.002001770352535459,1.0,head
h_p31_cp62,0.6526002805176176,1.0,head
h_p31_cp63,0.0014254682773753302,1.0,head
h_p31_cp64,0.47764062281294173,1.0,head
h_p31_cp65,0.0011007478231022105,1.0,head
h_p31_cp66,0.34347523032329264,1.0,head
h_p31_cp67,0.0009202833236940933,1.0,head
h_p31_cp68,0.2430206565275057,1.0,head
h_p31_cp69,0.0008187067669496173,1.0,head
h_p31_cp70,0.1693045692902615,1.0,head
h_p31_cp71,0.0007558801246432267,1.0,head
h_p31_cp72,0.11617078991957897,1.0,head
h_p31_cp73,0.0007072007356327958,1.0,head
h_p31_cp74,0.07851030886899935,1.0,head
h_p31_cp75,0.0006579274713658378,1.0,head
h_p31_cp76,0.05224830249449042,1.0,head
h_p31_cp77,0.0005995166218326631,1.0,head
h_p31_cp78,0.03422576295542967,1.0,head
h_p31_cp79,0.0005266404193662311,1.0,head
h_p31_cp80,0.022047777092211618,1.0,head
h_p31_cp81,0.00043394703016019776,1.0,head
h_p31_cp82,0.013931476993093383,1.0,head
h_p31_cp83,0.0003116934997251519,1.0,head
h_p31_cp84,0.13900851596145003,1.0,head
h_p31_cp85,0.019032245432526906,1.0,head
h_p31_cp86,0.1612704434905936,1.0,head
h_p31_cp87,0.025388427281313852,1.0,head
h_p31_cp88,0.1797486525797467,1.0,head
h_p31_cp89,0.03302249494822718,1.0,head
h_p31_cp90,0.19227065242921526,1.0,head
h_p31_cp91,0.0418002855017221,1.0,head
h_p31_cp92,0.1972999597501257,1.0,head
h_p31_cp93,0.05136976668018178,1.0,head
h_p31_cp94,0.19433053623288288,1.0,head
h_p31_cp95,0.06112029037149114,1.0,head
h_p31_cp96,0.18403590304342288,1.0,head
h_p31_cp97,0.07019547812183191,1.0,head
h_p31_cp98,0.16810595142624152,1.0,head
h_p31_cp99,0.0775969583355618,1.0,head
h_p31_cp100,0.14883806583975456,1.0,head
h_p31_cp101,0.0823998571283937,1.0,head
h_p31_cp102,0.1286378178929226,1.0,head
h_p31_cp103,0.08405460203994153,1.0,head
h_p31_cp104,0.10958731446862657,1.0,head
h_p31_cp105,0.08268523522997384,1.0,head
h_p31_cp106,0.09318064479111854,1.0,head
h_p31_cp107,0.07926306460944943,1.0,head
h_p31_cp108,0.08025193459434377,1.0,head
h_p31_cp109,0.07560109813039162,1.0,head
h_p31_cp110,0.07106547382454664,1.0,head
h_p31_cp111,0.07425707308902929,1.0,head
h_p31_cp112,0.06551016116418396,1.0,head
h_p31_cp113,0.0784944254517086,1.0,head
h_p31_cp114,0.06333730523056147,1.0,head
h_p31_cp115,0.0924087817788859,1.0,head
h_p31_cp116,0.06439172369937296,1.0,head
h_p31_cp117,0.12124689787788157,1.0,head
h_p31_cp118,0.06880341580563254,1.0,head
h_p31_cp119,0.17187501568605512,1.0,head
h_p31_cp120,0.07712695518921464,1.0,head
h_p31_cp121,0.2533032530825494,1.0,head
h_p31_cp122,0.09043503301381861,1.0,head
h_p31_cp123,0.3771262246345941,1.0,head
h_p31_cp124,0.11038498422885823,1.0,head
h_p31_cp125,0.5576748891796797,1.0,head
h_p31_cp126,0.13927175694607286,1.0,head
h_p31_cp127,0.8115705475956929,1.0,head
h_p31_cp128,0.18004385755011754,1.0,head
h_p31_cp129,1.156224365654225,1.0,head
h_p31_cp130,0.23617793749326665,1.0,head
h_p31_cp131,1.6066797594901345,1.0,head
h_p31_cp132,0.31118377726443214,1.0,head
h_p31_cp133,2.170207867598492,1.0,head
h_p31_cp134,0.4073874424666428,1.0,head
h_p31_cp135,2.838550523469621,1.0,head
h_p31_cp136,0.5236503997598447,1.0,head
h_p31_cp137,3.578979383024489,1.0,head
h_p31_cp138,0.6520977577993108,1.0,head
h_p31_cp139,4.327169085918285,1.0,head
h_p31_cp140,0.7751040697789904,1.0,head
h_p31_cp141,4.98588480114563,1.0,head
h_p31_cp142,0.8657298463363077,1.0,head
h_p31_cp143,5.4328305454973815,1.0,head
h_p31_cp144,0.8959500451869644,1.0,head
h_p31_cp145,5.544831888433464,1.0,head
h_p31_cp146,0.8528276012657443,1.0,head
h_p31_cp147,5.261327106651606,1.0,head
h_p31_cp148,0.7498998027090238,1.0,head
h_p31_cp149,4.6694587336576205,1.0,head
h_p31_cp150,0.6158200010322616,1.0,head
h_p31_cp151,3.9136458134055374,1.0,head
h_p31_cp152,0.4781837997843468,1.0,head
h_p31_cp153,3.126397946130055,1.0,head
h_p31_cp154,0.3552624551639383,1.0,head
h_p31_cp155,2.4013839011076925,1.0,head
h_p31_cp156,0.2555130984610514,1.0,head
h_p31_cp157,1.7903705138273835,1.0,head
h_p31_cp158,0.18057753184984904,1.0,head
h_p31_cp159,1.3113908950354016,1.0,head
h_p31_cp160,0.12863530143840762,1.0,head
h_p31_cp161,0.9603565591019105,1.0,head
h_p31_cp162,0.09688881308693453,1.0,head
h_p31_cp163,0.7214213587701579,1.0,head
h_p31_cp164,0.08307916350531741,1.0,head
h_p31_cp165,0.5740863533258107,1.0,head
h_p31_cp166,0.08631030980632204,1.0,head
h_p31_cp167,0.4968960077749216,1.0,head
h_p31_cp168,0.10746671533115659,1.0,head
h_p31_cp169,0.4685454024590854,1.0,head
h_p31_cp170,0.14940204025242565,1.0,head
h_p31_cp171,0.46770446574464586,1.0,head
h_p31_cp172,0.21696491836928544,1.0,head
h_p31_cp173,0.47320632142168506,1.0,head
h_p31_cp174,0.3168424870691524,1.0,head
h_p31_cp175,0.4663775383758093,1.0,head
h_p31_cp176,0.4571439921814999,1.0,head
h_p31_cp177,0.43646509944892387,1.0,head
h_p31_cp178,0.6466107624491997,1.0,head
h_p31_cp179,0.3858350345803956,1.0,head
h_p31_cp180,0.8933207000604853,1.0,head
h_p31_cp181,0.3236913771361287,1.0,head
h_p31_cp182,1.2027525826661076,1.0,head
h_p31_cp183,0.259640521947631,1.0,head
h_p31_cp184,1.5750971254506112,1.0,head
h_p31_cp185,0.20055719714468978,1.0,head
h_p31_cp186,2.001796103484139,1.0,head
h_p31_cp187,0.15004860350791205,1.0,head
h_p31_cp188,2.461580624981707,1.0,head
h_p31_cp189,0.10917611543391104,1.0,head
h_p31_cp190,2.9169559356173522,1.0,head
h_p31_cp191,0.0774529384325433,1.0,head
h_p31_cp192,3.313281930017638,1.0,head
h_p31_cp193,0.053650099428750764,1.0,head
h_p31_cp194,3.5842032013383687,1.0,head
h_p31_cp195,0.036307798335656116,1.0,head
h_p31_cp196,3.6683963909299564,1.0,head
h_p31_cp197,0.024010676591160518,1.0,head
h_p31_cp198,3.539280746380882,1.0,head
h_p31_cp199,0.015514772170945434,1.0,head
h_p31_cp200,3.2286809658371567,1.0,head
h_p31_cp201,0.009792162059284237,1.0,head
h_p31_cp202,2.802130901060991,1.0,head
h_p31_cp203,0.006032345445419196,1.0,head
h_p31_cp204,2.328246290365769,1.0,head
h_p31_cp205,0.0036215773350249947,1.0,head
h_p31_cp206,1.8616037855490504,1.0,head
h_p31_cp207,0.002112072445015656,1.0,head
h_p31_cp208,1.437972441877264,1.0,head
h_p31_cp209,0.0011883868930908648,1.0,head
h_p31_cp210,1.076110636291105,1.0,head
h_p31_cp211,0.0006355713887842285,1.0,head
h_p32_cp0,0.12709457832079352,1.0,head
h_p32_cp1,0.8476723154030879,1.0,head
h_p32_cp2,0.19974352656117844,1.0,head
h_p32_cp3,1.174162412573878,1.0,head
h_p32_cp4,0.30691063422955267,1.0,head
h_p32_cp5,1.5792848167557167,1.0,head
h_p32_cp6,0.46035637341674374,1.0,head
h_p32_cp7,2.057978343256309,1.0,head
h_p32_cp8,0.6731753174221922,1.0,head
h_p32_cp9,2.59174845354255,1.0,head
h_p32_cp10,0.958286498758298,1.0,head
h_p32_cp11,3.145793348043753,1.0,head
h_p32_cp12,1.3257945764180477,1.0,head
h_p32_cp13,3.668437387105314,1.0,head
h_p32_cp14,1.778805342695705,1.0,head
h_p32_cp15,4.093600466389944,1.0,head
h_p32_cp16,2.3071352734505126,1.0,head
h_p32_cp17,4.34756889179971,1.0,head
h_p32_cp18,2.878568937023374,1.0,head
h_p32_cp19,4.36526498299736,1.0,head
h_p32_cp20,3.42925137516022,1.0,head
h_p32_cp21,4.124317513597816,1.0,head
h_p32_cp22,3.8608112852043632,1.0,head
h_p32_cp23,3.678759146070661,1.0,head
h_p32_cp24,4.062150065602054,1.0,head
h_p32_cp25,3.118446066036995,1.0,head
h_p32_cp26,3.97532077096821,1.0,head
h_p32_cp27,2.528962451813186,1.0,head
h_p32_cp28,3.6710406563402103,1.0,head
h_p32_cp29,1.9729589135131391,1.0,head
h_p32_cp30,3.2728446170494863,1.0,head
h_p32_cp31,1.4872323581471392,1.0,head
h_p32_cp32,2.890496185956181,1.0,head
h_p32_cp33,1.0870804108744778,1.0,head
h_p32_cp34,2.5967297332913404,1.0,head
h_p32_cp35,0.7727482379764297,1.0,head
h_p32_cp36,2.427553081261067,1.0,head
h_p32_cp37,0.5355412992389574,1.0,head
h_p32_cp38,2.3880338207413843,1.0,head
h_p32_cp39,0.36264413774415516,1.0,head
h_p32_cp40,2.456448127031308,1.0,head
h_p32_cp41,0.24042038266316013,1.0,head
h_p32_cp42,2.587022220047402,1.0,head
h_p32_cp43,0.156351186582242,1.0,head
h_p32_cp44,2.715483916039375,1.0,head
h_p32_cp45,0.09993868878359535,1.0,head
h_p32_cp46,2.7730765881515254,1.0,head
h_p32_cp47,0.06292686073993536,1.0,head
h_p32_cp48,2.710461355281268,1.0,head
h_p32_cp49,0.03913643128930744,1.0,head
h_p32_cp50,2.5193919051498597,1.0,head
h_p32_cp51,0.024126121477365814,1.0,head
h_p32_cp52,2.229378854189463,1.0,head
h_p32_cp53,0.014812388490099693,1.0,head
h_p32_cp54,1.887305062427231,1.0,head
h_p32_cp55,0.009118567708583214,1.0,head
h_p32_cp56,1.5379055472458276,1.0,head
h_p32_cp57,0.005683602142426025,1.0,head
h_p32_cp58,1.2134935088240582,1.0,head
h_p32_cp59,0.0036366773920235573,1.0,head
h_p32_cp60,0.9320350819039049,1.0,head
h_p32_cp61,0.0024319249439486157,1.0,head
h_p32_cp62,0.6997648696760734,1.0,head
h_p32_cp63,0.0017324775562883588,1.0,head
h_p32_cp64,0.5151966059404458,1.0,head
h_p32_cp65,0.0013323467303507641,1.0,head
h_p32_cp66,0.37276350129877756,1.0,head
h_p32_cp67,0.0011057619069561042,1.0,head
h_p32_cp68,0.26540276723812894,1.0,head
h_p32_cp69,0.0009755254213814624,1.0,head
h_p32_cp70,0.18607487950816903,1.0,head
h_p32_cp71,0.0008939259998896887,1.0,head
h_p32_cp72,0.12849758761831254,1.0,head
h_p32_cp73,0.0008315042728099797,1.0,head
h_p32_cp74,0.08740314481951827,1.0,head
h_p32_cp75,0.0007703710411988141,1.0,head
h_p32_cp76,0.058547069795395146,1.0,head
h_p32_cp77,0.0006998374210525071,1.0,head
h_p32_cp78,0.03860577205955451,1.0,head
h_p32_cp79,0.000612847882848655,1.0,head
h_p32_cp80,0.02503487113904157,1.0,head
h_p32_cp81,0.0005021205440698395,1.0,head
h_p32_cp82,0.015921888217008018,1.0,head
h_p32_cp83,0.00035497148064678186,1.0,head
h_p32_cp84,0.15258376324709388,1.0,head
h_p32_cp85,0.021593207464320585,1.0,head
h_p32_cp86,0.17641655637589793,1.0,head
h_p32_cp87,0.02860408956894389,1.0,head
h_p32_cp88,0.19615696998698695,1.0,head
h_p32_cp89,0.03696070212345148,1.0,head
h_p32_cp90,0.20954195631748007,1.0,head
h_p32_cp91,0.04650101024049036,1.0,head
h_p32_cp92,0.21497905292108044,1.0,head
h_p32_cp93,0.056833762903579554,1.0,head
h_p32_cp94,0.2119487220325027,1.0,head
h_p32_cp95,0.06730048350004836,1.0,head
h_p32_cp96,0.20115563770241351,1.0,head
h_p32_cp97,0.07699427013676541,1.0,head
h_p32_cp98,0.18436143054441345,1.0,head
h_p32_cp99,0.0848727110933396,1.0,head
h_p32_cp100,0.1639662395805317,1.0,head
h_p32_cp101,0.08998499661402093,1.0,head
h_p32_cp102,0.14249597879233988,1.0,head
h_p32_cp103,0.09178599170513735,1.0,head
h_p32_cp104,0.12215553427495252,1.0,head
h_p32_cp105,0.09044518151131342,1.0,head
h_p32_cp106,0.10454996622593171,1.0,head
h_p32_cp107,0.0870276291400387,1.0,head
h_p32_cp108,0.09060215946465178,1.0,head
h_p32_cp109,0.08349209948914904,1.0,head
h_p32_cp110,0.08063873967466861,1.0,head
h_p32_cp111,0.08259447186833313,1.0,head
h_p32_cp112,0.0745872419843181,1.0,head
h_p32_cp113,0.08784699414559327,1.0,head
h_p32_cp114,0.07222238201575237,1.0,head
h_p32_cp115,0.10364187668574232,1.0,head
h_p32_cp116,0.0734088344884185,1.0,head
h_p32_cp117,0.13556543308686742,1.0,head
h_p32_cp118,0.07830500073168878,1.0,head
h_p32_cp119,0.1908566307588444,1.0,head
h_p32_cp120,0.08751285854714297,1.0,head
h_p32_cp121,0.27891057788247053,1.0,head
h_p32_cp122,0.10217940812162851,1.0,head
h_p32_cp123,0.411677086900454,1.0,head
h_p32_cp124,0.12406811649907468,1.0,head
h_p32_cp125,0.6037344376918554,1.0,head
h_p32_cp126,0.1556118409798728,1.0,head
h_p32_cp127,0.8717125612333803,1.0,head
h_p32_cp128,0.19991707683493587,1.0,head
h_p32_cp129,1.2326059799152063,1.0,head
h_p32_cp130,0.26060133508326544,1.0,head
h_p32_cp131,1.700422874517244,1.0,head
h_p32_cp132,0.3412171372251578,1.0,head
h_p32_cp133,2.2807362618273146,1.0,head
h_p32_cp134,0.4439030048333734,1.0,head
h_p32_cp135,2.963300008631677,1.0,head
h_p32_cp136,0.5669564284289663,1.0,head
h_p32_cp137,3.714082324318497,1.0,head
h_p32_cp138,0.7015257230304996,1.0,head
h_p32_cp139,4.469289740380418,1.0,head
h_p32_cp140,0.8288686085074914,1.0,head
h_p32_cp141,5.13386851641485,1.0,head
h_p32_cp142,0.9214399131342361,1.0,head
h_p32_cp143,5.586256988990499,1.0,head
h_p32_cp144,0.951626045863577,1.0,head
h_p32_cp145,5.698966320306454,1.0,head
h_p32_cp146,0.9071595841510316,1.0,head
h_p32_cp147,5.406759269671738,1.0,head
h_p32_cp148,0.8009759189230863,1.0,head
h_p32_cp149,4.80261605133046,1.0,head
h_p32_cp150,0.6613846879895391,1.0,head
h_p32_cp151,4.036180744089734,1.0,head
h_p32_cp152,0.5166541775824953,1.0,head
h_p32_cp153,3.239662198627002,1.0,head
h_p32_cp154,0.3862375431544933,1.0,head
h_p32_cp155,2.5043885537866117,1.0,head
h_p32_cp156,0.2796316181520524,1.0,head
h_p32_cp157,1.8810581973286844,1.0,head
h_p32_cp158,0.19910551010616473,1.0,head
h_p32_cp159,1.388357051686853,1.0,head
h_p32_cp160,0.14309642125454047,1.0,head
h_p32_cp161,1.023594038633746,1.0,head
h_p32_cp162,0.1088504539634414,1.0,head
h_p32_cp163,0.7721438710441362,1.0,head
h_p32_cp164,0.09408106273167505,1.0,head
h_p32_cp165,0.6141545700081679,1.0,head
h_p32_cp166,0.09788196332601728,1.0,head
h_p32_cp167,0.5282728617760313,1.0,head
h_p32_cp168,0.12118309524930737,1.0,head
h_p32_cp169,0.49300166050534244,1.0,head
h_p32_cp170,0.16694278763043258,1.0,head
h_p32_cp171,0.4868073848513177,1.0,head
h_p32_cp172,0.24015575266776068,1.0,head
h_p32_cp173,0.48842367944416765,1.0,head
h_p32_cp174,0.3476663196775007,1.0,head
h_p32_cp175,0.47900571825448424,1.0,head
h_p32_cp176,0.497714086047381,1.0,head
h_p32_cp177,0.44736589587705566,1.0,head
h_p32_cp178,0.6990997345865253,1.0,head
h_p32_cp179,0.395745039701751,1.0,head
h_p32_cp180,0.959836782039929,1.0,head
h_p32_cp181,0.3329720967458343,1.0,head
h_p32_cp182,1.2851502715880088,1.0,head
h_p32_cp183,0.2682513447975907,1.0,head
h_p32_cp184,1.6747133356107042,1.0,head
h_p32_cp185,0.20827201976908327,1.0,head
h_p32_cp186,2.11913486064077,1.0,head
h_p32_cp187,0.1566739580691774,1.0,head
h_p32_cp188,2.596037651548613,1.0,head
h_p32_cp189,0.11464604921138744,1.0,head
h_p32_cp190,3.066721488676194,1.0,head
h_p32_cp191,0.0818206419787657,1.0,head
h_p32_cp192,3.4754408808903463,1.0,head
h_p32_cp193,0.05704035402277441,1.0,head
h_p32_cp194,3.7547614300642635,1.0,head
h_p32_cp195,0.038873127768283666,1.0,head
h_p32_cp196,3.842099911304558,1.0,head
h_p32_cp197,0.025904206767563664,1.0,head
h_p32_cp198,3.7101367753421073,1.0,head
h_p32_cp199,0.016877016921171162,1.0,head
h_p32_cp200,3.3913995443108433,1.0,head
h_p32_cp201,0.010745683151526464,1.0,head
h_p32_cp202,2.9526784340678205,1.0,head
h_p32_cp203,0.006680110499701186,1.0,head
h_p32_cp204,2.4636412114564337,1.0,head
h_p32_cp205,0.004047118802418481,1.0,head
h_p32_cp206,1.9798591733219837,1.0,head
h_p32_cp207,0.0023807775189652602,1.0,head
h_p32_cp208,1.5382024697746601,1.0,head
h_p32_cp209,0.0013496029337147775,1.0,head
h_p32_cp210,1.1585403036851858,1.0,head
h_p32_cp211,0.0007252080140460748,1.0,head
h_p33_cp0,0.13940590285164944,1.0,head
h_p33_cp1,0.9149787347300844,1.0,head
h_p33_cp2,0.2169472754353592,1.0,head
h_p33_cp3,1.2581027825949604,1.0,head
h_p33_cp4,0.3302502746482787,1.0,head
h_p33_cp5,1.6802889035980115,1.0,head
h_p33_cp6,0.4910629188020721,1.0,head
h_p33_cp7,2.1749495284730074,1.0,head
h_p33_cp8,0.7123677850618151,1.0,head
h_p33_cp9,2.7218498069346424,1.0,head
h_p33_cp10,1.0069083586345187,1.0,head
h_p33_cp11,3.2845944477257945,1.0,head
h_p33_cp12,1.3846072250571524,1.0,head
h_p33_cp13,3.810573009858217,1.0,head
h_p33_cp14,1.8483908546795647,1.0,head
h_p33_cp15,4.234006923684774,1.0,head
h_p33_cp16,2.3877722833112784,1.0,head
h_p33_cp17,4.483029623557741,1.0,head
h_p33_cp18,2.9698524984282813,1.0,head
h_p33_cp19,4.495477759544428,1.0,head
h_p33_cp20,3.5295866156689044,1.0,head
h_p33_cp21,4.251339412496691,1.0,head
h_p33_cp22,3.967465384118441,1.0,head
h_p33_cp23,3.803097275376331,1.0,head
h_p33_cp24,4.1729305889816715,1.0,head
h_p33_cp25,3.23839031375428,1.0,head
h_p33_cp26,4.090696915966419,1.0,head
h_p33_cp27,2.641408089347806,1.0,head
h_p33_cp28,3.789189540293137,1.0,head
h_p33_cp29,2.0746249143976456,1.0,head
h_p33_cp30,3.39171653635276,1.0,head
h_p33_cp31,1.5756269312300901,1.0,head
h_p33_cp32,3.009371972873396,1.0,head
h_p33_cp33,1.1609856444351863,1.0,head
h_p33_cp34,2.7160718243371775,1.0,head
h_p33_cp35,0.8322601982099513,1.0,head
h_p33_cp36,2.5482082233124856,1.0,head
h_p33_cp37,0.581808854000883,1.0,head
h_p33_cp38,2.51049409048278,1.0,head
h_p33_cp39,0.39747369654833165,1.0,head
h_p33_cp40,2.58040258813935,1.0,head
h_p33_cp41,0.26588554809882226,1.0,head
h_p33_cp42,2.711283690613982,1.0,head
h_p33_cp43,0.17448995145923618,1.0,head
h_p33_cp44,2.8383636938542622,1.0,head
h_p33_cp45,0.11256448723383983,1.0,head
h_p33_cp46,2.8930032614669017,1.0,head
h_p33_cp47,0.07154167525231969,1.0,head
h_p33_cp48,2.8261883917452906,1.0,head
h_p33_cp49,0.044917393493960844,1.0,head
h_p33_cp50,2.6295348981386724,1.0,head
h_p33_cp51,0.02795563644235699,1.0,head
h_p33_cp52,2.3320219665608874,1.0,head
h_p33_cp53,0.017327984648090933,1.0,head
h_p33_cp54,1.98042221321316,1.0,head
h_p33_cp55,0.01076672641170262,1.0,head
h_p33_cp56,1.6200149868270728,1.0,head
h_p33_cp57,0.006768809394543496,1.0,head
h_p33_cp58,1.283965338695225,1.0,head
h_p33_cp59,0.004361919702660089,1.0,head
h_p33_cp60,0.9910353241382381,1.0,head
h_p33_cp61,0.0029299155769422214,1.0,head
h_p33_cp62,0.7480415869752051,1.0,head
h_p33_cp63,0.0020885141962025955,1.0,head
h_p33_cp64,0.5538560355132631,1.0,head
h_p33_cp65,0.0016003605066998716,1.0,head
h_p33_cp66,0.4030887095448179,1.0,head
h_p33_cp67,0.0013192151425300835,1.0,head
h_p33_cp68,0.28871967065992976,1.0,head
h_p33_cp69,0.0011546256523615739,1.0,head
h_p33_cp70,0.20365797070144254,1.0,head
h_p33_cp71,0.0010503198218430043,1.0,head
h_p33_cp72,0.14150799239519074,1.0,head
h_p33_cp73,0.0009712954699807597,1.0,head
h_p33_cp74,0.096853359232,1.0,head
h_p33_cp75,0.0008960217198819009,1.0,head
h_p33_cp76,0.06528712325030028,1.0,head
h_p33_cp77,0.0008112741700188053,1.0,head
h_p33_cp78,0.04332529063754009,1.0,head
h_p33_cp79,0.0007079020285800652,1.0,head
h_p33_cp80,0.028275486307620668,1.0,head
h_p33_cp81,0.0005762640701050259,1.0,head
h_p33_cp82,0.018094926210778794,1.0,head
h_p33_cp83,0.0004001415074981196,1.0,head
h_p33_cp84,0.16667770927506353,1.0,head
h_p33_cp85,0.02437092700802168,1.0,head
h_p33_cp86,0.19209256604108305,1.0,head
h_p33_cp87,0.03207022313767993,1.0,head
h_p33_cp88,0.21310525460285135,1.0,head
h_p33_cp89,0.04118078645819878,1.0,head
h_p33_cp90,0.22736545509042116,1.0,head
h_p33_cp91,0.05151090477988873,1.0,head
h_p33_cp92,0.23322704763631918,1.0,head
h_p33_cp93,0.06262876435448561,1.0,head
h_p33_cp94,0.23015802971576704,1.0,head
h_p33_cp95,0.07382758639619169,1.0,head
h_p33_cp96,0.21889384202813744,1.0,head
h_p33_cp97,0.0841507027755597,1.0,head
h_p33_cp98,0.2012660981731642,1.0,head
h_p33_cp99,0.09251385993206895,1.0,head
h_p33_cp100,0.17977483532649785,1.0,head
h_p33_cp101,0.09794387901797563,1.0,head
h_p33_cp102,0.15706294597430315,1.0,head
h_p33_cp103,0.09990451434987335,1.0,head
h_p33_cp104,0.13545516047315687,1.0,head
h_p33_cp105,0.09861523016115825,1.0,head
h_p33_cp106,0.11666602780860558,1.0,head
h_p33_cp107,0.0952389026729179,1.0,head
h_p33_cp108,0.10170783722787746,1.0,head
h_p33_cp109,0.09188377237796885,1.0,head
h_p33_cp110,0.09097235221224764,1.0,head
h_p33_cp111,0.09150748868933078,1.0,head
h_p33_cp112,0.08443012956195162,1.0,head
h_p33_cp113,0.09787434657755512,1.0,head
h_p33_cp114,0.08188439906598433,1.0,head
h_p33_cp115,0.11567494384644306,1.0,head
h_p33_cp116,0.08322474477063224,1.0,head
h_p33_cp117,0.15083372586605037,1.0,head
h_p33_cp118,0.08864250693568465,1.0,head
h_p33_cp119,0.21095497336887092,1.0,head
h_p33_cp120,0.0987909039617989,1.0,head
h_p33_cp121,0.30580125396613766,1.0,head
h_p33_cp122,0.11489403151699662,1.0,head
h_p33_cp123,0.4476443592795931,1.0,head
h_p33_cp124,0.13882169785256337,1.0,head
h_p33_cp125,0.6512561897768592,1.0,head
h_p33_cp126,0.173137922778551,1.0,head
h_p33_cp127,0.9332052952147478,1.0,head
h_p33_cp128,0.2210843654979726,1.0,head
h_p33_cp129,1.310013939980763,1.0,head
h_p33_cp130,0.286366195741266,1.0,head
h_p33_cp131,1.7946927035779936,1.0,head
h_p33_cp132,0.37248024881500896,1.0,head
h_p33_cp133,2.391370168190633,1.0,head
h_p33_cp134,0.48123328875044535,1.0,head
h_p33_cp135,3.08835713350436,1.0,head
h_p33_cp136,0.6102102217109859,1.0,head
h_p33_cp137,3.8509604847022274,1.0,head
h_p33_cp138,0.7495399464646653,1.0,head
h_p33_cp139,4.615987717563712,1.0,head
h_p33_cp140,0.8795814784039067,1.0,head
h_p33_cp141,5.289250268523801,1.0,head
h_p33_cp142,0.972712913099258,1.0,head
h_p33_cp143,5.747756267314344,1.0,head
h_p33_cp144,1.0023099715785975,1.0,head
h_p33_cp145,5.860020582797006,1.0,head
h_p33_cp146,0.9569717631943604,1.0,head
h_p33_cp147,5.55997136423025,1.0,head
h_p33_cp148,0.8488398318827421,1.0,head
h_p33_cp149,4.9426245397544335,1.0,head
h_p33_cp150,0.7053067267956976,1.0,head
h_p33_cp151,4.162556722519639,1.0,head
h_p33_cp152,0.5547882908358588,1.0,head
h_p33_cp153,3.3538410008495703,1.0,head
h_p33_cp154,0.4177047712546482,1.0,head
h_p33_cp155,2.606797752794364,1.0,head
h_p33_cp156,0.3046385647162424,1.0,head
h_p33_cp157,1.9709752920641677,1.0,head
h_p33_cp158,0.21863818970132343,1.0,head
h_p33_cp159,1.4650366065977778,1.0,head
h_p33_cp160,0.15854635821233387,1.0,head
h_p33_cp161,1.08710271050154,1.0,head
h_p33_cp162,0.12175433070024155,1.0,head
h_p33_cp163,0.8234833601313767,1.0,head
h_p33_cp164,0.10600236017671705,1.0,head
h_p33_cp165,0.6549336659293203,1.0,head
h_p33_cp166,0.11039501275217845,1.0,head
h_p33_cp167,0.5603008037405743,1.0,head
h_p33_cp168,0.1359090595010457,1.0,head
h_p33_cp169,0.5180365950775467,1.0,head
h_p33_cp170,0.18559835932455826,1.0,head
h_p33_cp171,0.5064924636062642,1.0,head
h_p33_cp172,0.2645894178499475,1.0,head
h_p33_cp173,0.5042545072421944,1.0,head
h_p33_cp174,0.37986742191696976,1.0,head
h_p33_cp175,0.49216406248547173,1.0,head
h_p33_cp176,0.5397858832843667,1.0,head
h_p33_cp177,0.45862498414408037,1.0,head
h_p33_cp178,0.7531894601279419,1.0,head
h_p33_cp179,0.4057379943583328,1.0,head
h_p33_cp180,1.0280139395267724,1.0,head
h_p33_cp181,0.3421193758217669,1.0,head
h_p33_cp182,1.3692224674687168,1.0,head
h_p33_cp183,0.276656202848244,1.0,head
h_p33_cp184,1.7759768591422471,1.0,head
h_p33_cp185,0.21582149348591884,1.0,head
h_p33_cp186,2.238088220359714,1.0,head
h_p33_cp187,0.1632170766542913,1.0,head
h_p33_cp188,2.732134974899509,1.0,head
h_p33_cp189,0.12010789393798404,1.0,head
h_p33_cp190,3.2182513154643857,1.0,head
h_p33_cp191,0.08622660624064338,1.0,head
h_p33_cp192,3.639503619855077,1.0,head
h_p33_cp193,0.0604896335257763,1.0,head
h_p33_cp194,3.927184255033808,1.0,head
h_p33_cp195,0.04150170770390105,1.0,head
h_p33_cp196,4.017398539201167,1.0,head
h_p33_cp197,0.02785668293154231,1.0,head
h_p33_cp198,3.8822347065824943,1.0,head
h_p33_cp199,0.01829028636802832,1.0,head
h_p33_cp200,3.5549161712242494,1.0,head
h_p33_cp201,0.011741163808437705,1.0,head
h_p33_cp202,3.1036422213060177,1.0,head
h_p33_cp203,0.0073607886884019536,1.0,head
h_p33_cp204,2.599354177501482,1.0,head
h_p33_cp205,0.004497146935591445,1.0,head
h_p33_cp206,2.098642565076716,1.0,head
h_p33_cp207,0.0026665219720598543,1.0,head
h_p33_cp208,1.6393313949065487,1.0,head
h_p33_cp209,0.001521591779692244,1.0,head
h_p33_cp210,1.242230717066377,1.0,head
h_p33_cp211,0.0008205899484892143,1.0,head
h_p34_cp0,0.15220214248756747,1.0,head
h_p34_cp1,0.9836353288515056,1.0,head
h_p34_cp2,0.2346516105021692,1.0,head
h_p34_cp3,1.3429812633312395,1.0,head
h_p34_cp4,0.3540634732871695,1.0,head
h_p34_cp5,1.7815983918785605,1.0,head
h_p34_cp6,0.5221744088926243,1.0,head
h_p34_cp7,2.2914212161244905,1.0,head
h_p34_cp8,0.7518689574708333,1.0,head
h_p34_cp9,2.8505688960235602,1.0,head
h_p34_cp10,1.055722896586758,1.0,head
h_p34_cp11,3.421196611099731,1.0,head
h_p34_cp12,1.4434271328636896,1.0,head
h_p34_cp13,3.9499779908901473,1.0,head
h_p34_cp14,1.9175397851126945,1.0,head
h_p34_cp15,4.371726588023648,1.0,head
h_p34_cp16,2.4668685885581,1.0,head
h_p34_cp17,4.616580222025732,1.0,head
h_p34_cp18,3.0572635572339095,1.0,head
h_p34_cp19,4.624636245725014,1.0,head
h_p34_cp20,3.6221638905499276,1.0,head
h_p34_cp21,4.376427459659226,1.0,head
h_p34_cp22,4.061844755774018,1.0,head
h_p34_cp23,3.924720437461474,1.0,head
h_p34_cp24,4.269230321205214,1.0,head
h_p34_cp25,3.3556019569091404,1.0,head
h_p34_cp26,4.1940556493509575,1.0,head
h_p34_cp27,2.751703160881334,1.0,head
h_p34_cp28,3.900068873724649,1.0,head
h_p34_cp29,2.1750026942868317,1.0,head
h_p34_cp30,3.507376129083241,1.0,head
h_p34_cp31,1.6636217343916542,1.0,head
h_p34_cp32,3.127432845963085,1.0,head
h_p34_cp33,1.2352436913174643,1.0,head
h_p34_cp34,2.8355984663044183,1.0,head
h_p34_cp35,0.8926592561169855,1.0,head
h_p34_cp36,2.66914414096982,1.0,head
h_p34_cp37,0.6292622828186722,1.0,head
h_p34_cp38,2.632785115250954,1.0,head
h_p34_cp39,0.4335826359570092,1.0,head
h_p34_cp40,2.703431957455905,1.0,head
h_p34_cp41,0.29257392184695163,1.0,head
h_p34_cp42,2.8338073497548066,1.0,head
h_p34_cp43,0.1937063323412076,1.0,head
h_p34_cp44,2.9588933762436227,1.0,head
h_p34_cp45,0.12608394000540102,1.0,head
h_p34_cp46,3.0102486413782117,1.0,head
h_p34_cp47,0.08086380669783466,1.0,head
h_p34_cp48,2.939078260484848,1.0,head
h_p34_cp49,0.05123804302320423,1.0,head
h_p34_cp50,2.7370414850347515,1.0,head
h_p34_cp51,0.0321852949332424,1.0,head
h_p34_cp52,2.4327018347801186,1.0,head
h_p34_cp53,0.02013388996692811,1.0,head
h_p34_cp54,2.0725000035477024,1.0,head
h_p34_cp55,0.012622364638900763,1.0,head
h_p34_cp56,1.7019434740909674,1.0,head
h_p34_cp57,0.00800109883107325,1.0,head
h_p34_cp58,1.354875653184763,1.0,head
h_p34_cp59,0.005191363810581606,1.0,head
h_p34_cp60,1.05083957411739,1.0,head
h_p34_cp61,0.003502291307086125,1.0,head
h_p34_cp62,0.7972934240033283,1.0,head
h_p34_cp63,0.002498518137826977,1.0,head
h_p34_cp64,0.593534102463309,1.0,head
h_p34_cp65,0.0019084927484982472,1.0,head
h_p34_cp66,0.43439768749863106,1.0,head
h_p34_cp67,0.0015634180442702927,1.0,head
h_p34_cp68,0.31293872697369807,1.0,head
h_p34_cp69,0.0013580924680809403,1.0,head
h_p34_cp70,0.22203557832995102,1.0,head
h_p34_cp71,0.0012266324426946085,1.0,head
h_p34_cp72,0.15519404778410717,1.0,head
h_p34_cp73,0.0011277530620645848,1.0,head
h_p34_cp74,0.10686010194172013,1.0,head
h_p34_cp75,0.001035741273426538,1.0,head
h_p34_cp76,0.07247205512453547,1.0,head
h_p34_cp77,0.0009344025868358585,1.0,head
h_p34_cp78,0.048390200830226604,1.0,head
h_p34_cp79,0.0008120765908188332,1.0,head
h_p34_cp80,0.0317761511507797,1.0,head
h_p34_cp81,0.0006562782491528196,1.0,head
h_p34_cp82,0.020456575242178587,1.0,head
h_p34_cp83,0.00044659106470135157,1.0,head
h_p34_cp84,0.18127082579258058,1.0,head
h_p34_cp85,0.02737102586297624,1.0,head
h_p34_cp86,0.2082782599195525,1.0,head
h_p34_cp87,0.035791640085562904,1.0,head
h_p34_cp88,0.2305733578436957,1.0,head
h_p34_cp89,0.045686293255812416,1.0,head
h_p34_cp90,0.24572154091356424,1.0,head
h_p34_cp91,0.05683182147686239,1.0,head
h_p34_cp92,0.25202519605954876,1.0,head
h_p34_cp93,0.06875458250419797,1.0,head
h_p34_cp94,0.24894082657419858,1.0,head
h_p34_cp95,0.0806991720176029,1.0,head
h_p34_cp96,0.23723424990566855,1.0,head
h_p34_cp97,0.09166018587052349,1.0,head
h_p34_cp98,0.21880540955226024,1.0,head
h_p34_cp99,0.1005141634186657,1.0,head
h_p34_cp100,0.19625162745796843,1.0,head
h_p34_cp101,0.1062696653052626,1.0,head
h_p34_cp102,0.17232970669829228,1.0,head
h_p34_cp103,0.10840422507681069,1.0,head
h_p34_cp104,0.14948145446942362,1.0,head
h_p34_cp105,0.10719191672933448,1.0,head
h_p34_cp106,0.1295293192929421,1.0,head
h_p34_cp107,0.10389714843881848,1.0,head
h_p34_cp108,0.11357525283665382,1.0,head
h_p34_cp109,0.10078062530556053,1.0,head
h_p34_cp110,0.10207841926558103,1.0,head
h_p34_cp111,0.10100447283502945,1.0,head
h_p34_cp112,0.09505626271948131,1.0,head
h_p34_cp113,0.10858731962002821,1.0,head
h_p34_cp114,0.09234525137117089,1.0,head
h_p34_cp115,0.1285189680397707,1.0,head
h_p34_cp116,0.09386468744196463,1.0,head
h_p34_cp117,0.1670593878507134,1.0,head
h_p34_cp118,0.0998431320531381,1.0,head
h_p34_cp119,0.23216924710368403,1.0,head
h_p34_cp120,0.1109882434843712,1.0,head
h_p34_cp121,0.33395949295368155,1.0,head
h_p34_cp122,0.12860227297232996,1.0,head
h_p34_cp123,0.48499075504673783,1.0,head
h_p34_cp124,0.15465761044333703,1.0,head
h_p34_cp125,0.7001809479663734,1.0,head
h_p34_cp126,0.19183497995845755,1.0,head
h_p34_cp127,0.9959867603508883,1.0,head
h_p34_cp128,0.24347577505022855,1.0,head
h_p34_cp129,1.3884410562163794,1.0,head
h_p34_cp130,0.31330314762499256,1.0,head
h_p34_cp131,1.8896393059176262,1.0,head
h_p34_cp132,0.4046458406887723,1.0,head
h_p34_cp133,2.5025137832617474,1.0,head
h_p34_cp134,0.5188379008286574,1.0,head
h_p34_cp135,3.2143128145166884,1.0,head
h_p34_cp136,0.6526434935767611,1.0,head
h_p34_cp137,3.989924897103265,1.0,head
h_p34_cp138,0.7952122394890466,1.0,head
h_p34_cp139,4.76638357267575,1.0,head
h_p34_cp140,0.9263012244882702,1.0,head
h_p34_cp141,5.449232623866692,1.0,head
h_p34_cp142,1.0187154687400835,1.0,head
h_p34_cp143,5.913321686086874,1.0,head
h_p34_cp144,1.047239521386473,1.0,head
h_p34_cp145,6.024576856113299,1.0,head
h_p34_cp146,1.0014331542693071,1.0,head
h_p34_cp147,5.717137905290656,1.0,head
h_p34_cp148,0.8925548583006275,1.0,head
h_p34_cp149,5.0870257467777265,1.0,head
h_p34_cp150,0.7466649832276744,1.0,head
h_p34_cp151,4.292306698830544,1.0,head
h_p34_cp152,0.5918269226817756,1.0,head
h_p34_cp153,3.469603039898857,1.0,head
h_p34_cp154,0.4491343169179345,1.0,head
h_p34_cp155,2.7094355322869887,1.0,head
h_p34_cp156,0.33021795327749714,1.0,head
h_p34_cp157,2.060640294918585,1.0,head
h_p34_cp158,0.23901716525961092,1.0,head
h_p34_cp159,1.5416118538964838,1.0,head
h_p34_cp160,0.17492457766275038,1.0,head
h_p34_cp161,1.150864564604035,1.0,head
h_p34_cp162,0.13559190054002102,1.0,head
h_p34_cp163,0.8753595990876875,1.0,head
h_p34_cp164,0.11885701012988648,1.0,head
h_p34_cp165,0.696367615330928,1.0,head
h_p34_cp166,0.12386905430730621,1.0,head
h_p34_cp167,0.5929721493728266,1.0,head
h_p34_cp168,0.151661007873372,1.0,head
h_p34_cp169,0.5436393124141432,1.0,head
h_p34_cp170,0.20537787597140778,1.0,head
h_p34_cp171,0.5266134973105636,1.0,head
h_p34_cp172,0.2902669247346239,1.0,head
h_p34_cp173,0.5202875997265437,1.0,head
h_p34_cp174,0.4134410535884854,1.0,head
h_p34_cp175,0.5052720664509707,1.0,head
h_p34_cp176,0.5833554808864392,1.0,head
h_p34_cp177,0.46983960342708997,1.0,head
h_p34_cp178,0.8088897998241009,1.0,head
h_p34_cp179,0.4156885336419691,1.0,head
h_p34_cp180,1.0978983353716103,1.0,head
h_p34_cp181,0.35116242142339615,1.0,head
h_p34_cp182,1.455087257742889,1.0,head
h_p34_cp183,0.28491315668361494,1.0,head
h_p34_cp184,1.8791256939675804,1.0,head
h_p34_cp185,0.2232385519816944,1.0,head
h_p34_cp186,2.359061002420731,1.0,head
h_p34_cp187,0.1696828565325177,1.0,head
h_p34_cp188,2.870460833379184,1.0,head
h_p34_cp189,0.1255523239883587,1.0,head
h_p34_cp190,3.372284557891362,1.0,head
h_p34_cp191,0.09065900062842047,1.0,head
h_p34_cp192,3.806322661808281,1.0,head
h_p34_cp193,0.06398885434373369,1.0,head
h_p34_cp194,4.102462102661775,1.0,head
h_p34_cp195,0.04418795624701488,1.0,head
h_p34_cp196,4.195373550115619,1.0,head
h_p34_cp197,0.029865037003901307,1.0,head
h_p34_cp198,4.056435875751504,1.0,head
h_p34_cp199,0.019752909729277235,1.0,head
h_p34_cp200,3.719845590877867,1.0,head
h_p34_cp201,0.012777603656331848,1.0,head
h_p34_cp202,3.255448678737139,1.0,head
h_p34_cp203,0.008073685506360562,1.0,head
h_p34_cp204,2.735623739856237,1.0,head
h_p34_cp205,0.00497110974424686,1.0,head
h_p34_cp206,2.2180100856726312,1.0,head
h_p34_cp207,0.0029688128984162176,1.0,head
h_p34_cp208,1.7412809041516084,1.0,head
h_p34_cp209,0.001703861541727747,1.0,head
h_p34_cp210,1.3270361585996397,1.0,head
h_p34_cp211,0.0009211806959683599,1.0,head
h_p35_cp0,0.16546698589309017,1.0,head
h_p35_cp1,1.0535136262656124,1.0,head
h_p35_cp2,0.2528353752345538,1.0,head
h_p35_cp3,1.4286827233590884,1.0,head
h_p35_cp4,0.3783272288137596,1.0,head
h_p35_cp5,1.883153323721217,1.0,head
h_p35_cp6,0.5536630761521337,1.0,head
h_p35_cp7,2.407441993987959,1.0,head
h_p35_cp8,0.791621669565302,1.0,head
h_p35_cp9,2.9781361653754175,1.0,head
h_p35_cp10,1.1045691852054915,1.0,head
h_p35_cp11,3.5561198402510854,1.0,head
h_p35_cp12,1.5018272490310665,1.0,head
h_p35_cp13,4.087575499022023,1.0,head
h_p35_cp14,1.9852756280856738,1.0,head
h_p35_cp15,4.508033655621148,1.0,head
h_p35_cp16,2.542514464569649,1.0,head
h_p35_cp17,4.749346189400967,1.0,head
h_p35_cp18,3.137648982535211,1.0,head
h_p35_cp19,4.75317727598258,1.0,head
h_p35_cp20,3.702736787741742,1.0,head
h_p35_cp21,4.50065204999737,1.0,head
h_p35_cp22,4.1394362705273124,1.0,head
h_p35_cp23,4.044805993994942,1.0,head
h_p35_cp24,4.34686905968465,1.0,head
h_p35_cp25,3.4708798548822415,1.0,head
h_p35_cp26,4.280864621772707,1.0,head
h_p35_cp27,2.860224967365866,1.0,head
h_p35_cp28,3.9993880377919595,1.0,head
h_p35_cp29,2.274180493977383,1.0,head
h_p35_cp30,3.616590019648811,1.0,head
h_p35_cp31,1.7511482785357657,1.0,head
h_p35_cp32,3.242639997883998,1.0,head
h_p35_cp33,1.3097198091950304,1.0,head
h_p35_cp34,2.954152810767937,1.0,head
h_p35_cp35,0.9537996309063601,1.0,head
h_p35_cp36,2.789737449169479,1.0,head
h_p35_cp37,0.6777756720662182,1.0,head
h_p35_cp38,2.7546469919773244,1.0,head
h_p35_cp39,0.47087853154971526,1.0,head
h_p35_cp40,2.8256922506011506,1.0,head
h_p35_cp41,0.3204281697562692,1.0,head
h_p35_cp42,2.9553472662303193,1.0,head
h_p35_cp43,0.2139726058578617,1.0,head
h_p35_cp44,3.0785099863412597,1.0,head
h_p35_cp45,0.14049064006871959,1.0,head
h_p35_cp46,3.1266825357365633,1.0,head
h_p35_cp47,0.09090000247829266,1.0,head
h_p35_cp48,3.0508911864017136,1.0,head
h_p35_cp49,0.058111758102313615,1.0,head
h_p35_cp50,2.8431036840845536,1.0,head
h_p35_cp51,0.03683062269647053,1.0,head
h_p35_cp52,2.5319238191152635,1.0,head
h_p35_cp53,0.02324510861944873,1.0,head
h_p35_cp54,2.1635442211832014,1.0,head
h_p35_cp55,0.014698643978817927,1.0,head
h_p35_cp56,1.7834680214057244,1.0,head
h_p35_cp57,0.009391343162633348,1.0,head
h_p35_cp58,1.4259649468585849,1.0,head
h_p35_cp59,0.006133643514885989,1.0,head
h_p35_cp60,1.1112358854586546,1.0,head
h_p35_cp61,0.004155731713126443,1.0,head
h_p35_cp62,0.8473708573487784,1.0,head
h_p35_cp63,0.002967573865362283,1.0,head
h_p35_cp64,0.6341318259205764,1.0,head
h_p35_cp65,0.002260580113670585,1.0,head
h_p35_cp66,0.4666267314587458,1.0,head
h_p35_cp67,0.0018412563692891126,1.0,head
h_p35_cp68,0.3380202046901104,1.0,head
h_p35_cp69,0.0015880961948369077,1.0,head
h_p35_cp70,0.24118461999819374,1.0,head
h_p35_cp71,0.0014244948451960227,1.0,head
h_p35_cp72,0.1695443858661747,1.0,head
h_p35_cp73,0.001302091723346166,1.0,head
h_p35_cp74,0.11742003732501871,1.0,head
h_p35_cp75,0.001190403483406044,1.0,head
h_p35_cp76,0.08010364170695539,1.0,head
h_p35_cp77,0.0010697851841996453,1.0,head
h_p35_cp78,0.05380507913969268,1.0,head
h_p35_cp79,0.0009256035873477231,1.0,head
h_p35_cp80,0.035542476333375816,1.0,head
h_p35_cp81,0.0007419881974328746,1.0,head
h_p35_cp82,0.023012182469756226,1.0,head
h_p35_cp83,0.0004935916708745935,1.0,head
h_p35_cp84,0.19634521403258987,1.0,head
h_p35_cp85,0.030598303648048386,1.0,head
h_p35_cp86,0.22495484865612525,1.0,head
h_p35_cp87,0.039772109574641945,1.0,head
h_p35_cp88,0.24854212702803125,1.0,head
h_p35_cp89,0.05047945340129445,1.0,head
h_p35_cp90,0.2645911794525091,1.0,head
h_p35_cp91,0.0624639618852143,1.0,head
h_p35_cp92,0.2713551251422359,1.0,head
h_p35_cp93,0.07520898259576825,1.0,head
h_p35_cp94,0.2682799702661214,1.0,head
h_p35_cp95,0.08791036152047127,1.0,head
h_p35_cp96,0.25616142904800654,1.0,head
h_p35_cp97,0.09951535360528396,1.0,head
h_p35_cp98,0.2369660119843502,1.0,head
h_p35_cp99,0.10886444373591075,1.0,head
h_p35_cp100,0.2133857370208716,1.0,head
h_p35_cp101,0.11495256929833886,1.0,head
h_p35_cp102,0.18828843298751963,1.0,head
h_p35_cp103,0.11727625559501575,1.0,head
h_p35_cp104,0.16423041739744804,1.0,head
h_p35_cp105,0.11616882633074965,1.0,head
h_p35_cp106,0.143140482817671,1.0,head
h_p35_cp107,0.11299965659100053,1.0,head
h_p35_cp108,0.12621027690238407,1.0,head
h_p35_cp109,0.11018426425448524,1.0,head
h_p35_cp110,0.11396819214496645,1.0,head
h_p35_cp111,0.1110910235670417,1.0,head
h_p35_cp112,0.10648190881011033,1.0,head
h_p35_cp113,0.11999412539717014,1.0,head
h_p35_cp114,0.10362537248374792,1.0,head
h_p35_cp115,0.14218228746540262,1.0,head
h_p35_cp116,0.10535196891441956,1.0,head
h_p35_cp117,0.1842471895745348,1.0,head
h_p35_cp118,0.11193119588688205,1.0,head
h_p35_cp119,0.2544956744598039,1.0,head
h_p35_cp120,0.12412724885780335,1.0,head
h_p35_cp121,0.3633671576924371,1.0,head
h_p35_cp122,0.14331922230212513,1.0,head
h_p35_cp123,0.5236792801624688,1.0,head
h_p35_cp124,0.17157365593902796,1.0,head
h_p35_cp125,0.7504549925977244,1.0,head
h_p35_cp126,0.2116655902000275,1.0,head
h_p35_cp127,1.0600035988072705,1.0,head
h_p35_cp128,0.2669897252426381,1.0,head
h_p35_cp129,1.4678713945043,1.0,head
h_p35_cp130,0.3412068225434268,1.0,head
h_p35_cp131,1.9853257283177754,1.0,head
h_p35_cp132,0.43736367421706746,1.0,head
h_p35_cp133,2.6142973520695705,1.0,head
h_p35_cp134,0.5562027343107729,1.0,head
h_p35_cp135,3.341208795047578,1.0,head
h_p35_cp136,0.6936154322843322,1.0,head
h_p35_cp137,4.13061263967802,1.0,head
h_p35_cp138,0.8378868479276207,1.0,head
h_p35_cp139,4.919500137682917,1.0,head
h_p35_cp140,0.9685005789456227,1.0,head
h_p35_cp141,5.612700812736875,1.0,head
h_p35_cp142,1.059109729435022,1.0,head
h_p35_cp143,6.0829267551939665,1.0,head
h_p35_cp144,1.0861653887909597,1.0,head
h_p35_cp145,6.193797303849124,1.0,head
h_p35_cp146,1.0402094358960312,1.0,head
h_p35_cp147,5.8785472875888445,1.0,head
h_p35_cp148,0.9316006754042974,1.0,head
h_p35_cp149,5.235265597326816,1.0,head
h_p35_cp150,0.7848137924065668,1.0,head
h_p35_cp151,4.425122229652743,1.0,head
h_p35_cp152,0.6271419985323519,1.0,head
h_p35_cp153,3.5872081180436908,1.0,head
h_p35_cp154,0.4800266843285499,1.0,head
h_p35_cp155,2.812808986459686,1.0,head
h_p35_cp156,0.35603496945259394,1.0,head
h_p35_cp157,2.1504669078951792,1.0,head
h_p35_cp158,0.26005200407917073,1.0,head
h_p35_cp159,1.6182846359940868,1.0,head
h_p35_cp160,0.192142481530027,1.0,head
h_p35_cp161,1.214912849778102,1.0,head
h_p35_cp162,0.15033524076125104,1.0,head
h_p35_cp163,0.927724903050148,1.0,head
h_p35_cp164,0.13264736161863766,1.0,head
h_p35_cp165,0.7383865386800608,1.0,head
h_p35_cp166,0.13831756441095422,1.0,head
h_p35_cp167,0.6261919093726647,1.0,head
h_p35_cp168,0.16845293902815683,1.0,head
h_p35_cp169,0.5696184809701208,1.0,head
h_p35_cp170,0.22629109122863156,1.0,head
h_p35_cp171,0.5467841719773787,1.0,head
h_p35_cp172,0.3171933558674027,1.0,head
h_p35_cp173,0.5359293139326837,1.0,head
h_p35_cp174,0.44839133893128746,1.0,head
h_p35_cp175,0.5176772003135284,1.0,head
h_p35_cp176,0.6284346885659033,1.0,head
h_p35_cp177,0.4804259645372895,1.0,head
h_p35_cp178,0.8662351590533035,1.0,head
h_p35_cp179,0.4252331320824396,1.0,head
h_p35_cp180,1.1695690761685,1.0,head
h_p35_cp181,0.35995017391041984,1.0,head
h_p35_cp182,1.5428958633351613,1.0,head
h_p35_cp183,0.2929867387717877,1.0,head
h_p35_cp184,1.9844066094510708,1.0,head
h_p35_cp185,0.23052275880218076,1.0,head
h_p35_cp186,2.4823938503523095,1.0,head
h_p35_cp187,0.17607048749005116,1.0,head
h_p35_cp188,3.0113935304470942,1.0,head
h_p35_cp189,0.13097221238376733,1.0,head
h_p35_cp190,3.529106665686868,1.0,head
h_p35_cp191,0.0951082640410732,1.0,head
h_p35_cp192,3.975898365313242,1.0,head
h_p35_cp193,0.06752972269305246,1.0,head
h_p35_cp194,4.280136588177811,1.0,head
h_p35_cp195,0.046926120371153957,1.0,head
h_p35_cp196,4.375216217399611,1.0,head
h_p35_cp197,0.031925740403039526,1.0,head
h_p35_cp198,4.232205570408951,1.0,head
h_p35_cp199,0.021262805934384232,1.0,head
h_p35_cp200,3.886046852999243,1.0,head
h_p35_cp201,0.013853717777692509,1.0,head
h_p35_cp202,3.4081861936670066,1.0,head
h_p35_cp203,0.008817914390192527,1.0,head
h_p35_cp204,2.8725788225738143,1.0,head
h_p35_cp205,0.005468308781246378,1.0,head
h_p35_cp206,2.338019665766751,1.0,head
h_p35_cp207,0.003287027769829365,1.0,head
h_p35_cp208,1.8440139171852934,1.0,head
h_p35_cp209,0.0018957964966830332,1.0,head
h_p35_cp210,1.4128530183270414,1.0,head
h_p35_cp211,0.001026323694986786,1.0,head
h_p36_cp0,0.17918464997774208,1.0,head
h_p36_cp1,1.1245116103741566,1.0,head
h_p36_cp2,0.27147650933329714,1.0,head
h_p36_cp3,1.5151301484911528,1.0,head
h_p36_cp4,0.40301149916467693,1.0,head
h_p36_cp5,1.984946050221879,1.0,head
h_p36_cp6,0.585478909873018,1.0,head
h_p36_cp7,2.523140280852658,1.0,head
h_p36_cp8,0.8315191479732675,1.0,head
h_p36_cp9,3.104926695213635,1.0,head
h_p36_cp10,1.1532046745301159,1.0,head
h_p36_cp11,3.6901709430626397,1.0,head
h_p36_cp12,1.5593059852330953,1.0,head
h_p36_cp13,4.224874955614268,1.0,head
h_p36_cp14,2.050731164388708,1.0,head
h_p36_cp15,4.6454556601484,1.0,head
h_p36_cp16,2.613593976023367,1.0,head
h_p36_cp17,4.885109132484558,1.0,head
h_p36_cp18,3.2103850167168275,1.0,head
h_p36_cp19,4.885822751440628,1.0,head
h_p36_cp20,3.7728515539711225,1.0,head
h_p36_cp21,4.627788126530504,1.0,head
h_p36_cp22,4.205743556213292,1.0,head
h_p36_cp23,4.165864968521419,1.0,head
h_p36_cp24,4.414189666513266,1.0,head
h_p36_cp25,3.5856991883511,1.0,head
h_p36_cp26,4.3566056731247045,1.0,head
h_p36_cp27,2.9677224737329198,1.0,head
h_p36_cp28,4.088645585370159,1.0,head
h_p36_cp29,2.3724552156877508,1.0,head
h_p36_cp30,3.7186552242942525,1.0,head
h_p36_cp31,1.838253006094419,1.0,head
h_p36_cp32,3.3537671958833926,1.0,head
h_p36_cp33,1.384340784676624,1.0,head
h_p36_cp34,3.070748528864897,1.0,head
h_p36_cp35,1.0155668744159811,1.0,head
h_p36_cp36,2.9094246912309245,1.0,head
h_p36_cp37,0.7272370381651854,1.0,head
h_p36_cp38,2.8759527824954603,1.0,head
h_p36_cp39,0.5092728358904424,1.0,head
h_p36_cp40,2.9475037696338404,1.0,head
h_p36_cp41,0.3493894512996576,1.0,head
h_p36_cp42,3.0766252304370028,1.0,head
h_p36_cp43,0.23525725206718562,1.0,head
h_p36_cp44,3.198143247008602,1.0,head
h_p36_cp45,0.1557740021162317,1.0,head
h_p36_cp46,3.24325899100495,1.0,head
h_p36_cp47,0.10165343325866161,1.0,head
h_p36_cp48,3.162718069963603,1.0,head
h_p36_cp49,0.06554928321406805,1.0,head
h_p36_cp50,2.9487827452244346,1.0,head
h_p36_cp51,0.04190542704486688,1.0,head
h_p36_cp52,2.6304319310813753,1.0,head
h_p36_cp53,0.026675653395841437,1.0,head
h_p36_cp54,2.2538842642043164,1.0,head
h_p36_cp55,0.01700824131035006,1.0,head
h_p36_cp56,1.8646077396231249,1.0,head
h_p36_cp57,0.01095024681421819,1.0,head
h_p36_cp58,1.4971032495711825,1.0,head
h_p36_cp59,0.007197400359927997,1.0,head
h_p36_cp60,1.1720623170913314,1.0,head
h_p36_cp61,0.0048970074535645836,1.0,head
h_p36_cp62,0.8981345863523984,1.0,head
h_p36_cp63,0.0035008847705739754,1.0,head
h_p36_cp64,0.6755460989604671,1.0,head
h_p36_cp65,0.0026605760162965453,1.0,head
h_p36_cp66,0.4997051606878813,1.0,head
h_p36_cp67,0.0021557163054239936,1.0,head
h_p36_cp68,0.3639182160841301,1.0,head
h_p36_cp69,0.0018468858468168037,1.0,head
h_p36_cp70,0.26107726647774143,1.0,head
h_p36_cp71,0.0016455936524835124,1.0,head
h_p36_cp72,0.18454408217803575,1.0,head
h_p36_cp73,0.0014955586850646796,1.0,head
h_p36_cp74,0.1285271814713269,1.0,head
h_p36_cp75,0.0013608911785922828,1.0,head
h_p36_cp76,0.08818170908989487,1.0,head
h_p36_cp77,0.0012179682664736902,1.0,head
h_p36_cp78,0.05957309331211036,1.0,head
h_p36_cp79,0.0010486700932688109,1.0,head
h_p36_cp80,0.03957907580866049,1.0,head
h_p36_cp81,0.0008331402616477135,1.0,head
h_p36_cp82,0.025766397509642047,1.0,head
h_p36_cp83,0.000540296390227013,1.0,head
h_p36_cp84,0.21188309863964605,1.0,head
h_p36_cp85,0.03405666033677335,1.0,head
h_p36_cp86,0.24210295900638812,1.0,head
h_p36_cp87,0.04401425964692862,1.0,head
h_p36_cp88,0.26699102129805397,1.0,head
h_p36_cp89,0.05556107248844455,1.0,head
h_p36_cp90,0.2839533113942707,1.0,head
h_p36_cp91,0.06840578798369279,1.0,head
h_p36_cp92,0.29119617351625493,1.0,head
h_p36_cp93,0.08198769019008978,1.0,head
h_p36_cp94,0.2881562144320924,1.0,head
h_p36_cp95,0.09545402758976707,1.0,head
h_p36_cp96,0.2756584089975149,1.0,head
h_p36_cp97,0.10770654673115132,1.0,head
h_p36_cp98,0.25573376471675147,1.0,head
h_p36_cp99,0.11755334599388334,1.0,head
h_p36_cp100,0.23116617560663144,1.0,head
h_p36_cp101,0.12398079356580638,1.0,head
h_p36_cp102,0.20493159512170678,1.0,head
h_p36_cp103,0.12650979728664424,1.0,head
h_p36_cp104,0.1796984203001557,1.0,head
h_p36_cp105,0.12553751981408823,1.0,head
h_p36_cp106,0.1575003319080679,1.0,head
h_p36_cp107,0.1225414850036941,1.0,head
h_p36_cp108,0.13961861256757402,1.0,head
h_p36_cp109,0.12009384778593812,1.0,head
h_p36_cp110,0.12665238650288302,1.0,head
h_p36_cp111,0.12177015580118677,1.0,head
h_p36_cp112,0.11872243535572125,1.0,head
h_p36_cp113,0.13210030866071065,1.0,head
h_p36_cp114,0.1157438664977235,1.0,head
h_p36_cp115,0.15667045582654282,1.0,head
h_p36_cp116,0.11770789150932615,1.0,head
h_p36_cp117,0.2023989327790332,1.0,head
h_p36_cp118,0.1249277975161931,1.0,head
h_p36_cp119,0.2779274099200393,1.0,head
h_p36_cp120,0.13822490083566663,1.0,head
h_p36_cp121,0.3940034087722779,1.0,head
h_p36_cp122,0.15905101403495792,1.0,head
h_p36_cp123,0.5636713074040927,1.0,head
h_p36_cp124,0.18955359291521745,1.0,head
h_p36_cp125,0.8020234351631643,1.0,head
h_p36_cp126,0.2325727332254246,1.0,head
h_p36_cp127,1.1251955387247108,1.0,head
h_p36_cp128,0.2915029833316112,1.0,head
h_p36_cp129,1.548258303037528,1.0,head
h_p36_cp130,0.3698611560180325,1.0,head
h_p36_cp131,2.0817311447344764,1.0,head
h_p36_cp132,0.4703146051328986,1.0,head
h_p36_cp133,2.7267024713451065,1.0,head
h_p36_cp134,0.592944403882484,1.0,head
h_p36_cp135,3.468958371351164,1.0,head
h_p36_cp136,0.7328060998265755,1.0,head
h_p36_cp137,4.272827495007959,1.0,head
h_p36_cp138,0.8775391928479621,1.0,head
h_p36_cp139,5.0752259082350974,1.0,head
h_p36_cp140,1.0067217465725662,1.0,head
h_p36_cp141,5.780202580055857,1.0,head
h_p36_cp142,1.0951215290983782,1.0,head
h_p36_cp143,6.2582831795634775,1.0,head
h_p36_cp144,1.120684971544506,1.0,head
h_p36_cp145,6.369954763826399,1.0,head
h_p36_cp146,1.074531063879931,1.0,head
h_p36_cp147,6.046181770745989,1.0,head
h_p36_cp148,0.966528518992618,1.0,head
h_p36_cp149,5.388345517972539,1.0,head
h_p36_cp150,0.8197415612316945,1.0,head
h_p36_cp151,4.561424871469399,1.0,head
h_p36_cp152,0.660429787513749,1.0,head
h_p36_cp153,3.707015403302421,1.0,head
h_p36_cp154,0.5100168860208214,1.0,head
h_p36_cp155,2.917324149167598,1.0,head
h_p36_cp156,0.38178975199525667,1.0,head
h_p36_cp157,2.240798420855981,1.0,head
h_p36_cp158,0.28154528859840866,1.0,head
h_p36_cp159,1.695252952111332,1.0,head
h_p36_cp160,0.21009320021812528,1.0,head
h_p36_cp161,1.2793060791805146,1.0,head
h_p36_cp162,0.1659397724270093,1.0,head
h_p36_cp163,0.9805463931988925,1.0,head
h_p36_cp164,0.14736425906721706,1.0,head
h_p36_cp165,0.7809002536803291,1.0,head
h_p36_cp166,0.1537474588344594,1.0,head
h_p36_cp167,0.6598035833953872,1.0,head
h_p36_cp168,0.1862962587651964,1.0,head
h_p36_cp169,0.5957090297208651,1.0,head
h_p36_cp170,0.24834860536839187,1.0,head
h_p36_cp171,0.5666114432892755,1.0,head
h_p36_cp172,0.3453782659944409,1.0,head
h_p36_cp173,0.5507224939094613,1.0,head
h_p36_cp174,0.48473114692615127,1.0,head
h_p36_cp175,0.5289428570190466,1.0,head
h_p36_cp176,0.6750486652617838,1.0,head
h_p36_cp177,0.48993764201395607,1.0,head
h_p36_cp178,0.9252762068545053,1.0,head
h_p36_cp179,0.4340022581566245,1.0,head
h_p36_cp180,1.243117520346459,1.0,head
h_p36_cp181,0.3682560253560041,1.0,head
h_p36_cp182,1.6327910260447425,1.0,head
h_p36_cp183,0.30077171564494165,1.0,head
h_p36_cp184,2.0920074861010107,1.0,head
h_p36_cp185,0.23763438154423966,1.0,head
h_p36_cp186,2.608280273075252,1.0,head
h_p36_cp187,0.18236395762551183,1.0,head
h_p36_cp188,3.155050273008783,1.0,head
h_p36_cp189,0.1363569075488158,1.0,head
h_p36_cp190,3.688652659021045,1.0,head
h_p36_cp191,0.09956486423470778,1.0,head
h_p36_cp192,4.147920048047581,1.0,head
h_p36_cp193,0.07110423953099598,1.0,head
h_p36_cp194,4.459727707607726,1.0,head
h_p36_cp195,0.04971033456354235,1.0,head
h_p36_cp196,4.556454233264503,1.0,head
h_p36_cp197,0.034034915090387585,1.0,head
h_p36_cp198,4.409061881076468,1.0,head
h_p36_cp199,0.02281752990984387,1.0,head
h_p36_cp200,4.053196517369543,1.0,head
h_p36_cp201,0.0149679346081939,1.0,head
h_p36_cp202,3.5617439087568528,1.0,head
h_p36_cp203,0.009592379162313591,1.0,head
h_p36_cp204,3.0102332646947616,1.0,head
h_p36_cp205,0.005987883801253702,1.0,head
h_p36_cp206,2.458698308615567,1.0,head
h_p36_cp207,0.003620405346964617,1.0,head
h_p36_cp208,1.9475101510815875,1.0,head
h_p36_cp209,0.0020966524352843408,1.0,head
h_p36_cp210,1.499608563638958,1.0,head
h_p36_cp211,0.0011352395329140563,1.0,head
h_p37_cp0,0.19333878290854045,1.0,head
h_p37_cp1,1.1965478066999822,1.0,head
h_p37_cp2,0.29054988457937725,1.0,head
h_p37_cp3,1.6022720510891304,1.0,head
h_p37_cp4,0.4280766023889555,1.0,head
h_p37_cp5,2.0869963655891297,1.0,head
h_p37_cp6,0.617550516038591,1.0,head
h_p37_cp7,2.638667092005562,1.0,head
h_p37_cp8,0.871421322111928,1.0,head
h_p37_cp9,3.2313035344673153,1.0,head
h_p37_cp10,1.2013641022776937,1.0,head
h_p37_cp11,3.823995135735913,1.0,head
h_p37_cp12,1.6154303524713214,1.0,head
h_p37_cp13,4.362743478702669,1.0,head
h_p37_cp14,2.113379791122952,1.0,head
h_p37_cp15,4.784683841552123,1.0,head
h_p37_cp16,2.6798516438366278,1.0,head
h_p37_cp17,5.023643092030397,1.0,head
h_p37_cp18,3.276227306882447,1.0,head
h_p37_cp19,5.021312573273008,1.0,head
h_p37_cp20,3.834950905428286,1.0,head
h_p37_cp21,4.757665193912089,1.0,head
h_p37_cp22,4.2643762042175695,1.0,head
h_p37_cp23,4.288682988678829,1.0,head
h_p37_cp24,4.474343251762093,1.0,head
h_p37_cp25,3.701028491204852,1.0,head
h_p37_cp26,4.424865806690832,1.0,head
h_p37_cp27,3.074913163644851,1.0,head
h_p37_cp28,4.170237631651162,1.0,head
h_p37_cp29,2.4702155340619356,1.0,head
h_p37_cp30,3.8142578848505764,1.0,head
h_p37_cp31,1.925073711164714,1.0,head
h_p37_cp32,3.4604790995454096,1.0,head
h_p37_cp33,1.4590965169718402,1.0,head
h_p37_cp34,3.1848059208168706,1.0,head
h_p37_cp35,1.0778836304916695,1.0,head
h_p37_cp36,3.0278176973424706,1.0,head
h_p37_cp37,0.7775532156069858,1.0,head
h_p37_cp38,2.9966722364470115,1.0,head
h_p37_cp39,0.5486843041876455,1.0,head
h_p37_cp40,3.06921383109011,1.0,head
h_p37_cp41,0.37939965447731083,1.0,head
h_p37_cp42,3.198282191656972,1.0,head
h_p37_cp43,0.25752630572173985,1.0,head
h_p37_cp44,3.3185988344232555,1.0,head
h_p37_cp45,0.17191998437897382,1.0,head
h_p37_cp46,3.36087876092688,1.0,head
h_p37_cp47,0.11312399999519585,1.0,head
h_p37_cp48,3.2754704553969987,1.0,head
h_p37_cp49,0.07355879418128097,1.0,head
h_p37_cp50,3.0549679727682815,1.0,head
h_p37_cp51,0.047421744010534894,1.0,head
h_p37_cp52,2.7289615177455744,1.0,head
h_p37_cp53,0.03043845207571394,1.0,head
h_p37_cp54,2.3439780391879594,1.0,head
h_p37_cp55,0.019563254951435738,1.0,head
h_p37_cp56,1.9455412967838583,1.0,head
h_p37_cp57,0.012688268509918998,1.0,head
h_p37_cp58,1.5682806650149814,1.0,head
h_p37_cp59,0.008391226151388764,1.0,head
h_p37_cp60,1.233223279327376,1.0,head
h_p37_cp61,0.005732940292546118,1.0,head
h_p37_cp62,0.9494726612672366,1.0,head
h_p37_cp63,0.004103746462078561,1.0,head
h_p37_cp64,0.7176806195598147,1.0,head
h_p37_cp65,0.003112533166358844,1.0,head
h_p37_cp66,0.5335608376931305,1.0,head
h_p37_cp67,0.0025098730425270332,1.0,head
h_p37_cp68,0.39058310646532846,1.0,head
h_p37_cp69,0.002136781445642555,1.0,head
h_p37_cp70,0.28168184840137656,1.0,head
h_p37_cp71,0.0018916656595138193,1.0,head
h_p37_cp72,0.20017493751106485,1.0,head
h_p37_cp73,0.0017094294605612959,1.0,head
h_p37_cp74,0.1401729400649856,1.0,head
h_p37_cp75,0.001548092483972141,1.0,head
h_p37_cp76,0.09670408493116156,1.0,head
h_p37_cp77,0.0013794783121738874,1.0,head
h_p37_cp78,0.06569593143490238,1.0,head
h_p37_cp79,0.0011814146653250646,1.0,head
h_p37_cp80,0.043889497775126074,1.0,head
h_p37_cp81,0.0009293987820910843,1.0,head
h_p37_cp82,0.02872311409055328,1.0,head
h_p37_cp83,0.0005857378180280648,1.0,head
h_p37_cp84,0.22786537264028084,1.0,head
h_p37_cp85,0.03774903028238441,1.0,head
h_p37_cp86,0.2597009412402258,1.0,head
h_p37_cp87,0.04851951469845517,1.0,head
h_p37_cp88,0.2858963256730931,1.0,head
h_p37_cp89,0.06093050300273717,1.0,head
h_p37_cp90,0.30378306771581265,1.0,head
h_p37_cp91,0.07465409028918657,1.0,head
h_p37_cp92,0.31152362215789253,1.0,head
h_p37_cp93,0.08908464433216068,1.0,head
h_p37_cp94,0.308546433544052,1.0,head
h_p37_cp95,0.10332132412986539,1.0,head
h_p37_cp96,0.29570491749336725,1.0,head
h_p37_cp97,0.11622266849849439,1.0,head
h_p37_cp98,0.2750920865282751,1.0,head
h_p37_cp99,0.12656849621407673,1.0,head
h_p37_cp100,0.24958045333050904,1.0,head
h_p37_cp101,0.13334189885449632,1.0,head
h_p37_cp102,0.22225095237172354,1.0,head
h_p37_cp103,0.13609354801565132,1.0,head
h_p37_cp104,0.19588161621868494,1.0,head
h_p37_cp105,0.135288893407278,1.0,head
h_p37_cp106,0.1726096309857894,1.0,head
h_p37_cp107,0.132516597862832,1.0,head
h_p37_cp108,0.15380582575380686,1.0,head
h_p37_cp109,0.13050691313856078,1.0,head
h_p37_cp110,0.14014132652619082,1.0,head
h_p37_cp111,0.13304278681266624,1.0,head
h_p37_cp112,0.1317924450386272,1.0,head
h_p37_cp113,0.1449089409154567,1.0,head
h_p37_cp114,0.12871854024115237,1.0,head
h_p37_cp115,0.17198623473814223,1.0,head
h_p37_cp116,0.13095162408535543,1.0,head
h_p37_cp117,0.2215133194408736,1.0,head
h_p37_cp118,0.13885051988290797,1.0,head
h_p37_cp119,0.30245425716248064,1.0,head
h_p37_cp120,0.1532924555936006,1.0,head
h_p37_cp121,0.4258439639409062,1.0,head
h_p37_cp122,0.17579491640572087,1.0,head
h_p37_cp123,0.6049246402360495,1.0,head
h_p37_cp124,0.20856883118858605,1.0,head
h_p37_cp125,0.8548263966106333,1.0,head
h_p37_cp126,0.254485573679176,1.0,head
h_p37_cp127,1.1914917265517033,1.0,head
h_p37_cp128,0.3168848476716448,1.0,head
h_p37_cp129,1.6295323811768867,1.0,head
h_p37_cp130,0.39906775249619386,1.0,head
h_p37_cp131,2.178799856458909,1.0,head
h_p37_cp132,0.5032570623561696,1.0,head
h_p37_cp133,2.839694044763519,1.0,head
h_p37_cp134,0.62886636659141,1.0,head
h_p37_cp135,3.5975638590080052,1.0,head
h_p37_cp136,0.7702360550974845,1.0,head
h_p37_cp137,4.416691951889106,1.0,head
h_p37_cp138,0.9146282361716658,1.0,head
h_p37_cp139,5.234014500503463,1.0,head
h_p37_cp140,1.042001081307717,1.0,head
h_p37_cp141,5.952766012067741,1.0,head
h_p37_cp142,1.1282466811780978,1.0,head
h_p37_cp143,6.440880605258826,1.0,head
h_p37_cp144,1.152409281967266,1.0,head
h_p37_cp145,6.554569713215869,1.0,head
h_p37_cp146,1.105899464563663,1.0,head
h_p37_cp147,6.221708432483183,1.0,head
h_p37_cp148,0.9983856495155123,1.0,head
h_p37_cp149,5.547598066909359,1.0,head
h_p37_cp150,0.8519228079062486,1.0,head
h_p37_cp151,4.702051554801301,1.0,head
h_p37_cp152,0.6917300894197069,1.0,head
h_p37_cp153,3.8295742172304017,1.0,head
h_p37_cp154,0.5389300461001767,1.0,head
h_p37_cp155,3.0234070672047437,1.0,head
h_p37_cp156,0.4072633236846741,1.0,head
h_p37_cp157,2.331957617818034,1.0,head
h_p37_cp158,0.30332046816965885,1.0,head
h_p37_cp159,1.7727133374037294,1.0,head
h_p37_cp160,0.22866536661285863,1.0,head
h_p37_cp161,1.3441201015093611,1.0,head
h_p37_cp162,0.1823497955779203,1.0,head
h_p37_cp163,1.0338133049451699,1.0,head
h_p37_cp164,0.1629886847308626,1.0,head
h_p37_cp165,0.8238517678132666,1.0,head
h_p37_cp166,0.17015932673621137,1.0,head
h_p37_cp167,0.6937519469827294,1.0,head
h_p37_cp168,0.20519973366072009,1.0,head
h_p37_cp169,0.621957523373112,1.0,head
h_p37_cp170,0.2715618222755438,1.0,head
h_p37_cp171,0.5864508435440712,1.0,head
h_p37_cp172,0.3748353248570311,1.0,head
h_p37_cp173,0.5655647863127342,1.0,head
h_p37_cp174,0.5224804349913938,1.0,head
h_p37_cp175,0.540368527172177,1.0,head
h_p37_cp176,0.7232310220106228,1.0,head
h_p37_cp177,0.4992833536143735,1.0,head
h_p37_cp178,0.9860686369474934,1.0,head
h_p37_cp179,0.4423745821598004,1.0,head
h_p37_cp180,1.3186260312509148,1.0,head
h_p37_cp181,0.3761617279901657,1.0,head
h_p37_cp182,1.7248737574773259,1.0,head
h_p37_cp183,0.3082549495429703,1.0,head
h_p37_cp184,2.202014906124532,1.0,head
h_p37_cp185,0.24454954527664086,1.0,head
h_p37_cp186,2.7367213962866117,1.0,head
h_p37_cp187,0.18854593597916391,1.0,head
h_p37_cp188,3.3012317657321546,1.0,head
h_p37_cp189,0.14169390038318852,1.0,head
h_p37_cp190,3.850377678097175,1.0,head
h_p37_cp191,0.10401876554988121,1.0,head
h_p37_cp192,4.321375718544459,1.0,head
h_p37_cp193,0.07470434479705546,1.0,head
h_p37_cp194,4.639760310880774,1.0,head
h_p37_cp195,0.05253457162325503,1.0,head
h_p37_cp196,4.737384489012129,1.0,head
h_p37_cp197,0.036188382248155904,1.0,head
h_p37_cp198,4.5855787292798595,1.0,head
h_p37_cp199,0.02441430806493372,1.0,head
h_p37_cp200,4.220355054816082,1.0,head
h_p37_cp201,0.016118401277481098,1.0,head
h_p37_cp202,3.7156337912942945,1.0,head
h_p37_cp203,0.010395764018994669,1.0,head
h_p37_cp204,3.1483959836400572,1.0,head
h_p37_cp205,0.006528800956175473,1.0,head
h_p37_cp206,2.5799872279872034,1.0,head
h_p37_cp207,0.003968037424328941,1.0,head
h_p37_cp208,2.051733329707986,1.0,head
h_p37_cp209,0.002305551999825184,1.0,head
h_p37_cp210,1.587244485033807,1.0,head
h_p37_cp211,0.0012470232711621065,1.0,head
h_p38_cp0,0.2079115812971395,1.0,head
h_p38_cp1,1.269555088269044,1.0,head
h_p38_cp2,0.31002627856832987,1.0,head
h_p38_cp3,1.6900726371650308,1.0,head
h_p38_cp4,0.45347398324292953,1.0,head
h_p38_cp5,2.18933868330123,1.0,head
h_p38_cp6,0.6497934468270614,1.0,head
h_p38_cp7,2.7541838212650873,1.0,head
h_p38_cp8,0.9111833444653712,1.0,head
h_p38_cp9,3.357629293105674,1.0,head
h_p38_cp10,1.2488284904416105,1.0,head
h_p38_cp11,3.958229317191126,1.0,head
h_p38_cp12,1.669963068143261,1.0,head
h_p38_cp13,4.502140854600384,1.0,head
h_p38_cp14,2.1732044699442667,1.0,head
h_p38_cp15,4.927086863285695,1.0,head
h_p38_cp16,2.742036390490739,1.0,head
h_p38_cp17,5.16702192908042,1.0,head
h_p38_cp18,3.3375172146647856,1.0,head
h_p38_cp19,5.162555466231424,1.0,head
h_p38_cp20,3.893695172754633,1.0,head
h_p38_cp21,4.89244119288287,1.0,head
h_p38_cp22,4.322342120357007,1.0,head
h_p38_cp23,4.414770482846961,1.0,head
h_p38_cp24,4.535660815736264,1.0,head
h_p38_cp25,3.817987721148711,1.0,head
h_p38_cp26,4.4926315348984645,1.0,head
h_p38_cp27,3.182578148013363,1.0,head
h_p38_cp28,4.248783403259949,1.0,head
h_p38_cp29,2.5679259278017526,1.0,head
h_p38_cp30,3.9056862800389354,1.0,head
h_p38_cp31,2.0118239671214724,1.0,head
h_p38_cp32,3.563481659707577,1.0,head
h_p38_cp33,1.5340362054180332,1.0,head
h_p38_cp34,3.2963207174102536,1.0,head
h_p38_cp35,1.1407116305099407,1.0,head
h_p38_cp36,3.1448186760762837,1.0,head
h_p38_cp37,0.828653221472905,1.0,head
h_p38_cp38,3.116932979474541,1.0,head
h_p38_cp39,0.5890419921006469,1.0,head
h_p38_cp40,3.1912897682652783,1.0,head
h_p38_cp41,0.41040360370766393,1.0,head
h_p38_cp42,3.3211290007359366,1.0,head
h_p38_cp43,0.28074480101940935,1.0,head
h_p38_cp44,3.440988982323688,1.0,head
h_p38_cp45,0.18891192524210965,1.0,head
h_p38_cp46,3.480843532763174,1.0,head
h_p38_cp47,0.12530874155345373,1.0,head
h_p38_cp48,3.390400871294105,1.0,head
h_p38_cp49,0.08214603815736155,1.0,head
h_p38_cp50,3.162732215732831,1.0,head
h_p38_cp51,0.05338983469232517,1.0,head
h_p38_cp52,2.8283528011527324,1.0,head
h_p38_cp53,0.03454528254678735,1.0,head
h_p38_cp54,2.4343932207261787,1.0,head
h_p38_cp55,0.022375125657163153,1.0,head
h_p38_cp56,2.026568614583084,1.0,head
h_p38_cp57,0.014615550411463119,1.0,head
h_p38_cp58,1.6395919051888086,1.0,head
h_p38_cp59,0.009723607631713094,1.0,head
h_p38_cp60,1.2946938509437587,1.0,head
h_p38_cp61,0.0066703632392091095,1.0,head
h_p38_cp62,1.0013115627973548,1.0,head
h_p38_cp63,0.0047815194013764994,1.0,head
h_p38_cp64,0.760455742829663,1.0,head
h_p38_cp65,0.0036205852184139076,1.0,head
h_p38_cp66,0.5681265914672622,1.0,head
h_p38_cp67,0.0029068784472201514,1.0,head
h_p38_cp68,0.4179649960790357,1.0,head
h_p38_cp69,0.0024601655002243206,1.0,head
h_p38_cp70,0.30296461113812256,1.0,head
h_p38_cp71,0.0021644915832439438,1.0,head
h_p38_cp72,0.21641627433291433,1.0,head
h_p38_cp73,0.0019450028553364973,1.0,head
h_p38_cp74,0.1523464284603051,1.0,head
h_p38_cp75,0.001752896453581343,1.0,head
h_p38_cp76,0.10566669383479166,1.0,head
h_p38_cp77,0.0015548178926110268,1.0,head
h_p38_cp78,0.07217379889630138,1.0,head
h_p38_cp79,0.0013239235256605753,1.0,head
h_p38_cp80,0.048476185178742526,1.0,head
h_p38_cp81,0.001030342946478413,1.0,head
h_p38_cp82,0.03188542357929691,1.0,head
h_p38_cp83,0.0006288265690272965,1.0,head
h_p38_cp84,0.2442706539422943,1.0,head
h_p38_cp85,0.04167734593352179,1.0,head
h_p38_cp86,0.27772403489962016,1.0,head
h_p38_cp87,0.05328809702905346,1.0,head
h_p38_cp88,0.30523054449713527,1.0,head
h_p38_cp89,0.0665857366786895,1.0,head
h_p38_cp90,0.3240513863174783,1.0,head
h_p38_cp91,0.08120425354763938,1.0,head
h_p38_cp92,0.3323084063699753,1.0,head
h_p38_cp93,0.09649253925954326,1.0,head
h_p38_cp94,0.32942325326803257,1.0,head
h_p38_cp95,0.11150260000658818,1.0,head
h_p38_cp96,0.31627680331803276,1.0,head
h_p38_cp97,0.12505252386927168,1.0,head
h_p38_cp98,0.2950211691754703,1.0,head
h_p38_cp99,0.1358982485380693,1.0,head
h_p38_cp100,0.26861370233427806,1.0,head
h_p38_cp101,0.14302485526059172,1.0,head
h_p38_cp102,0.24023675355465457,1.0,head
h_p38_cp103,0.14601787490619245,1.0,head
h_p38_cp104,0.2127753456852588,1.0,head
h_p38_cp105,0.14541521771457155,1.0,head
h_p38_cp106,0.18846874743348963,1.0,head
h_p38_cp107,0.14291958837702623,1.0,head
h_p38_cp108,0.16877720264938034,1.0,head
h_p38_cp109,0.1414206773715705,1.0,head
h_p38_cp110,0.1544449186676502,1.0,head
h_p38_cp111,0.1449085952074256,1.0,head
h_p38_cp112,0.14570576774121946,1.0,head
h_p38_cp113,0.1584210860555686,1.0,head
h_p38_cp114,0.14256583689302715,1.0,head
h_p38_cp115,0.18812975608875604,1.0,head
h_p38_cp116,0.14510004761814344,1.0,head
h_p38_cp117,0.24158589816624954,1.0,head
h_p38_cp118,0.15371325111118495,1.0,head
h_p38_cp119,0.328062434170306,1.0,head
h_p38_cp120,0.16933550527619445,1.0,head
h_p38_cp121,0.4588606561233064,1.0,head
h_p38_cp122,0.19354030229442287,1.0,head
h_p38_cp123,0.6473929956846405,1.0,head
h_p38_cp124,0.22858170439167225,1.0,head
h_p38_cp125,0.9087995541365217,1.0,head
h_p38_cp126,0.2773274280543774,1.0,head
h_p38_cp127,1.2588162105348601,1.0,head
h_p38_cp128,0.3430130003935119,1.0,head
h_p38_cp129,1.7116193902966188,1.0,head
h_p38_cp130,0.42867197747045793,1.0,head
h_p38_cp131,2.2764750848787116,1.0,head
h_p38_cp132,0.5360606407166415,1.0,head
h_p38_cp133,2.953235330395273,1.0,head
h_p38_cp134,0.6639858122639453,1.0,head
h_p38_cp135,3.7269551922595383,1.0,head
h_p38_cp136,0.8062601379133412,1.0,head
h_p38_cp137,4.561883504590696,1.0,head
h_p38_cp138,0.950046342355563,1.0,head
h_p38_cp139,5.394679428964764,1.0,head
h_p38_cp140,1.0758611413966719,1.0,head
h_p38_cp141,6.127101917849359,1.0,head
h_p38_cp142,1.1605241835900415,1.0,head
h_p38_cp143,6.623958180848831,1.0,head
h_p38_cp144,1.1835919812720022,1.0,head
h_p38_cp145,6.738334745367865,1.0,head
h_p38_cp146,1.1363600596209835,1.0,head
h_p38_cp147,6.398397770483598,1.0,head
h_p38_cp148,1.0287070441513606,1.0,head
h_p38_cp149,5.709787381266551,1.0,head
h_p38_cp150,0.8822674802445363,1.0,head
h_p38_cp151,4.845907773871659,1.0,head
h_p38_cp152,0.7214193172703744,1.0,head
h_p38_cp153,3.9547309194281297,1.0,head
h_p38_cp154,0.5668074812451778,1.0,head
h_p38_cp155,3.131231476980247,1.0,head
h_p38_cp156,0.43235034061763145,1.0,head
h_p38_cp157,2.4241742147030436,1.0,head
h_p38_cp158,0.32524716145189814,1.0,head
h_p38_cp159,1.8508385853024265,1.0,head
h_p38_cp160,0.247758318416345,1.0,head
h_p38_cp161,1.4094442801767855,1.0,head
h_p38_cp162,0.19950601275741064,1.0,head
h_p38_cp163,1.0875576038729378,1.0,head
h_p38_cp164,0.17949482495123448,1.0,head
h_p38_cp165,0.8672791622591376,1.0,head
h_p38_cp166,0.18754840412793783,1.0,head
h_p38_cp167,0.728194288766872,1.0,head
h_p38_cp168,0.22516964280976026,1.0,head
h_p38_cp169,0.6488293802212866,1.0,head
h_p38_cp170,0.2959426714273832,1.0,head
h_p38_cp171,0.6073057080311628,1.0,head
h_p38_cp172,0.40558132290880167,1.0,head
h_p38_cp173,0.5820627159098422,1.0,head
h_p38_cp174,0.561663662132105,1.0,head
h_p38_cp175,0.5538134999753765,1.0,head
h_p38_cp176,0.7730183175031016,1.0,head
h_p38_cp177,0.5100805492652398,1.0,head
h_p38_cp178,1.0486635865668177,1.0,head
h_p38_cp179,0.45137530931810943,1.0,head
h_p38_cp180,1.396155021004688,1.0,head
h_p38_cp181,0.38416367607010216,1.0,head
h_p38_cp182,1.8191927812599715,1.0,head
h_p38_cp183,0.31562663266436175,1.0,head
h_p38_cp184,2.31442153093667,1.0,head
h_p38_cp185,0.2513247860051706,1.0,head
h_p38_cp186,2.86758392736283,1.0,head
h_p38_cp187,0.1946257134195548,1.0,head
h_p38_cp188,3.449598030083507,1.0,head
h_p38_cp189,0.14697845856767344,1.0,head
h_p38_cp190,4.013692258007268,1.0,head
h_p38_cp191,0.10846212783872033,1.0,head
h_p38_cp192,4.4955039173155456,1.0,head
h_p38_cp193,0.07832256981259889,1.0,head
h_p38_cp194,4.819516982825462,1.0,head
h_p38_cp195,0.05539282694485337,1.0,head
h_p38_cp196,4.9174534635571945,1.0,head
h_p38_cp197,0.03838174751672341,1.0,head
h_p38_cp198,4.761107154514775,1.0,head
h_p38_cp199,0.02605008109071605,1.0,head
h_p38_cp200,4.386868135372424,1.0,head
h_p38_cp201,0.017302996398257164,1.0,head
h_p38_cp202,3.8693718202007403,1.0,head
h_p38_cp203,0.011226530087469655,1.0,head
h_p38_cp204,3.2867974079417763,1.0,head
h_p38_cp205,0.007089844754545993,1.0,head
h_p38_cp206,2.7017651339106123,1.0,head
h_p38_cp207,0.004328862055217542,1.0,head
h_p38_cp208,2.156623254351416,1.0,head
h_p38_cp209,0.0025214804677489155,1.0,head
h_p38_cp210,1.675706035973235,1.0,head
h_p38_cp211,0.0013606420766336669,1.0,head
h_p39_cp0,0.22288344046455677,1.0,head
h_p39_cp1,1.343480658696535,1.0,head
h_p39_cp2,0.3298729358202763,1.0,head
h_p39_cp3,1.7785183719747693,1.0,head
h_p39_cp4,0.47915052271537206,1.0,head
h_p39_cp5,2.292047522129451,1.0,head
h_p39_cp6,0.6821245631113015,1.0,head
h_p39_cp7,2.869932750868884,1.0,head
h_p39_cp8,0.9506906699125466,1.0,head
h_p39_cp9,3.4844364456266703,1.0,head
h_p39_cp10,1.295492857838326,1.0,head
h_p39_cp11,4.093873136060665,1.0,head
h_p39_cp12,1.7229639563156525,1.0,head
h_p39_cp13,4.644791395639459,1.0,head
h_p39_cp14,2.230802700391905,1.0,head
h_p39_cp15,5.075472605629329,1.0,head
h_p39_cp16,2.8019415396320255,1.0,head
h_p39_cp17,5.319379105718326,1.0,head
h_p39_cp18,3.398072774459706,1.0,head
h_p39_cp19,5.314410043119096,1.0,head
h_p39_cp20,3.955504090774866,1.0,head
h_p39_cp21,5.03630157900443,1.0,head
h_p39_cp22,4.388387200181114,1.0,head
h_p39_cp23,4.547018484893215,1.0,head
h_p39_cp24,4.607796549604245,1.0,head
h_p39_cp25,3.938396238849691,1.0,head
h_p39_cp26,4.568630287202723,1.0,head
h_p39_cp27,3.2918177485389606,1.0,head
h_p39_cp28,4.330670134175307,1.0,head
h_p39_cp29,2.6662120701653294,1.0,head
h_p39_cp30,3.9967244676713563,1.0,head
h_p39_cp31,2.09881533016096,1.0,head
h_p39_cp32,3.664559030220971,1.0,head
h_p39_cp33,1.6092741590173318,1.0,head
h_p39_cp34,3.4059484888139195,1.0,head
h_p39_cp35,1.2040548565005338,1.0,head
h_p39_cp36,3.2606616798134382,1.0,head
h_p39_cp37,0.8804912055566092,1.0,head
h_p39_cp38,3.236946152116616,1.0,head
h_p39_cp39,0.6302879017457599,1.0,head
h_p39_cp40,3.3140340441386797,1.0,head
h_p39_cp41,0.4423511473673898,1.0,head
h_p39_cp42,3.4454689640776905,1.0,head
h_p39_cp43,0.30487823525800195,1.0,head
h_p39_cp44,3.5654527936924296,1.0,head
h_p39_cp45,0.2067314546252419,1.0,head
h_p39_cp46,3.6031216593812587,1.0,head
h_p39_cp47,0.1382023255907825,1.0,head
h_p39_cp48,3.5076401594433264,1.0,head
h_p39_cp49,0.09131454345333623,1.0,head
h_p39_cp50,3.2724596380926414,1.0,head
h_p39_cp51,0.059818231397912314,1.0,head
h_p39_cp52,2.9291138071869227,1.0,head
h_p39_cp53,0.039006739202932295,1.0,head
h_p39_cp54,2.525592506513931,1.0,head
h_p39_cp55,0.025454575062667573,1.0,head
h_p39_cp56,2.1080047373743582,1.0,head
h_p39_cp57,0.01674185578031029,1.0,head
h_p39_cp58,1.711190197831229,1.0,head
h_p39_cp59,0.011202874606624391,1.0,head
h_p39_cp60,1.3565069576509359,1.0,head
h_p39_cp61,0.007716081596299773,1.0,head
h_p39_cp62,1.0536184461311677,1.0,head
h_p39_cp63,0.005539601339023648,1.0,head
h_p39_cp64,0.8038149381259245,1.0,head
h_p39_cp65,0.004188927834320566,1.0,head
h_p39_cp66,0.6033460737662608,1.0,head
h_p39_cp67,0.003349948081677212,1.0,head
h_p39_cp68,0.4460177903326894,1.0,head
h_p39_cp69,0.0028194738629281346,1.0,head
h_p39_cp70,0.3248920951466516,1.0,head
h_p39_cp71,0.0024658892482420924,1.0,head
h_p39_cp72,0.23324622248537707,1.0,head
h_p39_cp73,0.0022035954762031906,1.0,head
h_p39_cp74,0.16503510869802085,1.0,head
h_p39_cp75,0.0019761882904276717,1.0,head
h_p39_cp76,0.11506383758228367,1.0,head
h_p39_cp77,0.0017444613097268302,1.0,head
h_p39_cp78,0.07900551499074027,1.0,head
h_p39_cp79,0.0014762266694106074,1.0,head
h_p39_cp80,0.053340486212619,1.0,head
h_p39_cp81,0.001135463842047102,1.0,head
h_p39_cp82,0.035255591984878265,1.0,head
h_p39_cp83,0.0006683503095246124,1.0,head
h_p39_cp84,0.2610752180039526,1.0,head
h_p39_cp85,0.045842549695862544,1.0,head
h_p39_cp86,0.2961447613379278,1.0,head
h_p39_cp87,0.058319117264318265,1.0,head
h_p39_cp88,0.3249633143682331,1.0,head
h_p39_cp89,0.07252364384157772,1.0,head
h_p39_cp90,0.34472633702444,1.0,head
h_p39_cp91,0.0880507402071089,1.0,head
h_p39_cp92,0.3535186016492844,1.0,head
h_p39_cp93,0.1042036558089876,1.0,head
h_p39_cp94,0.3507563915645733,1.0,head
h_p39_cp95,0.11998865948180537,1.0,head
h_p39_cp96,0.3373469818557169,1.0,head
h_p39_cp97,0.13418653147732584,1.0,head
h_p39_cp98,0.315498418783136,1.0,head
h_p39_cp99,0.14553378905998215,1.0,head
h_p39_cp100,0.2882486717194297,1.0,head
h_p39_cp101,0.15302240095206798,1.0,head
h_p39_cp102,0.2588774559358171,1.0,head
h_p39_cp103,0.15627725210447352,1.0,head
h_p39_cp104,0.23037376913362095,1.0,head
h_p39_cp105,0.15591248000532687,1.0,head
h_p39_cp106,0.20507733026897768,1.0,head
h_p39_cp107,0.15374774964743665,1.0,head
h_p39_cp108,0.1845375237303415,1.0,head
h_p39_cp109,0.15283369896246768,1.0,head
h_p39_cp110,0.16957250222276343,1.0,head
h_p39_cp111,0.1573672117553997,1.0,head
h_p39_cp112,0.16047533804157865,1.0,head
h_p39_cp113,0.17263654214025337,1.0,head
h_p39_cp114,0.15730070086465275,1.0,head
h_p39_cp115,0.20509890149810417,1.0,head
h_p39_cp116,0.1601676229615805,1.0,head
h_p39_cp117,0.26260920891354544,1.0,head
h_p39_cp118,0.16952619214634979,1.0,head
h_p39_cp119,0.35473465395079984,1.0,head
h_p39_cp120,0.18635449577050167,1.0,head
h_p39_cp121,0.4930217531416474,1.0,head
h_p39_cp122,0.21227043928547573,1.0,head
h_p39_cp123,0.6910272587069812,1.0,head
h_p39_cp124,0.2495498063967716,1.0,head
h_p39_cp125,0.9638777889151697,1.0,head
h_p39_cp126,0.30102421977608174,1.0,head
h_p39_cp127,1.3270958387086011,1.0,head
h_p39_cp128,0.3697867302676059,1.0,head
h_p39_cp129,1.7944506908047515,1.0,head
h_p39_cp130,0.4585773151147805,1.0,head
h_p39_cp131,2.3746936846027893,1.0,head
h_p39_cp132,0.5687069826544757,1.0,head
h_p39_cp133,3.0672072987861156,1.0,head
h_p39_cp134,0.6984854811266814,1.0,head
h_p39_cp135,3.856716472793096,1.0,head
h_p39_cp136,0.8414033229059896,1.0,head
h_p39_cp137,4.70707034230918,1.0,head
h_p39_cp138,0.9847353028926591,1.0,head
h_p39_cp139,5.553805678880735,1.0,head
h_p39_cp140,1.1095687064075719,1.0,head
h_p39_cp141,6.296273977823148,1.0,head
h_p39_cp142,1.193304537665881,1.0,head
h_p39_cp143,6.796667950303345,1.0,head
h_p39_cp144,1.2155198724944967,1.0,head
h_p39_cp145,6.908738385006245,1.0,head
h_p39_cp146,1.167270305870261,1.0,head
h_p39_cp147,6.565264359457615,1.0,head
h_p39_cp148,1.0587728572386368,1.0,head
h_p39_cp149,5.867739772769028,1.0,head
h_p39_cp150,0.9117361611019987,1.0,head
h_p39_cp151,4.98932860854211,1.0,head
h_p39_cp152,0.7500453098364233,1.0,head
h_p39_cp153,4.080996204501162,1.0,head
h_p39_cp154,0.5938573270291272,1.0,head
h_p39_cp155,3.240367513600404,1.0,head
h_p39_cp156,0.45705873761016846,1.0,head
h_p39_cp157,2.5174309678695863,1.0,head
h_p39_cp158,0.34725435495829515,1.0,head
h_p39_cp159,1.929717217226198,1.0,head
h_p39_cp160,0.26729435136576285,1.0,head
h_p39_cp161,1.4753606738381677,1.0,head
h_p39_cp162,0.21735327955684625,1.0,head
h_p39_cp163,1.1418480562306286,1.0,head
h_p39_cp164,0.19685398582578273,1.0,head
h_p39_cp165,0.9112904619178153,1.0,head
h_p39_cp166,0.20590616735944423,1.0,head
h_p39_cp167,0.7633613397083536,1.0,head
h_p39_cp168,0.24621015578532024,1.0,head
h_p39_cp169,0.6767380325493377,1.0,head
h_p39_cp170,0.32150321717608676,1.0,head
h_p39_cp171,0.6296899580513582,1.0,head
h_p39_cp172,0.4376348941705146,1.0,head
h_p39_cp173,0.6005373732061798,1.0,head
h_p39_cp174,0.6023071887179867,1.0,head
h_p39_cp175,0.5692796693233504,1.0,head
h_p39_cp176,0.8244459066513627,1.0,head
h_p39_cp177,0.52266070700216,1.0,head
h_p39_cp178,1.113103072465492,1.0,head
h_p39_cp179,0.461538350511546,1.0,head
h_p39_cp180,1.4757426826322444,1.0,head
h_p39_cp181,0.39270175272304186,1.0,head
h_p39_cp182,1.9157604250790428,1.0,head
h_p39_cp183,0.32314236527736284,1.0,head
h_p39_cp184,2.429182572037007,1.0,head
h_p39_cp185,0.2580766751093506,1.0,head
h_p39_cp186,3.0007419096186823,1.0,head
h_p39_cp187,0.20064537606708654,1.0,head
h_p39_cp188,3.59996626645534,1.0,head
h_p39_cp189,0.15222018303279583,1.0,head
h_p39_cp190,4.178492528423703,1.0,head
h_p39_cp191,0.11289263869957722,1.0,head
h_p39_cp192,4.670545706392204,1.0,head
h_p39_cp193,0.08195336975040846,1.0,head
h_p39_cp194,4.999798912262577,1.0,head
h_p39_cp195,0.05827961387853975,1.0,head
h_p39_cp196,5.097808057498696,1.0,head
h_p39_cp197,0.04061059381069754,1.0,head
h_p39_cp198,4.936521314912625,1.0,head
h_p39_cp199,0.027721582361891706,1.0,head
h_p39_cp200,4.5530969176707,1.0,head
h_p39_cp201,0.018519357914328793,1.0,head
h_p39_cp202,4.022984955037373,1.0,head
h_p39_cp203,0.01208292020760382,1.0,head
h_p39_cp204,3.42536243161976,1.0,head
h_p39_cp205,0.007669614464248298,1.0,head
h_p39_cp206,2.823965794315882,1.0,head
h_p39_cp207,0.004701658825069899,1.0,head
h_p39_cp208,2.2621348905008745,1.0,head
h_p39_cp209,0.0027432823903836834,1.0,head
h_p39_cp210,1.7649503686366188,1.0,head
h_p39_cp211,0.001474933351346408,1.0,head
h_p40_cp0,0.23823327148602402,1.0,head
h_p40_cp1,1.4182925563591198,1.0,head
h_p40_cp2,0.35005553267501455,1.0,head
h_p40_cp3,1.867632916493676,1.0,head
h_p40_cp4,0.50505477859042,1.0,head
h_p40_cp5,2.3952610277801796,1.0,head
h_p40_cp6,0.7144763121873439,1.0,head
h_p40_cp7,2.9862476125285866,1.0,head
h_p40_cp8,0.9898823528428693,1.0,head
h_p40_cp9,3.6123305978162534,1.0,head
h_p40_cp10,1.3413826023752335,1.0,head
h_p40_cp11,4.231789752097029,1.0,head
h_p40_cp12,1.7747300234887007,1.0,head
h_p40_cp13,4.791538362534993,1.0,head
h_p40_cp14,2.2870499157183986,1.0,head
h_p40_cp15,5.229909515916461,1.0,head
h_p40_cp16,2.8613184164769336,1.0,head
h_p40_cp17,5.478915009366574,1.0,head
h_p40_cp18,3.4603957689942035,1.0,head
h_p40_cp19,5.473342817243974,1.0,head
h_p40_cp20,4.022510523027449,1.0,head
h_p40_cp21,5.187428903795535,1.0,head
h_p40_cp22,4.462380955935259,1.0,head
h_p40_cp23,4.685458676784947,1.0,head
h_p40_cp24,4.688309263789961,1.0,head
h_p40_cp25,4.063055205435376,1.0,head
h_p40_cp26,4.65271709143417,1.0,head
h_p40_cp27,3.4034727194220977,1.0,head
h_p40_cp28,4.418007886476062,1.0,head
h_p40_cp29,2.7656880136287327,1.0,head
h_p40_cp30,4.08985758419476,1.0,head
h_p40_cp31,2.186409266032115,1.0,head
h_p40_cp32,3.7654764136900667,1.0,head
h_p40_cp33,1.6849775819873685,1.0,head
h_p40_cp34,3.514638729049693,1.0,head
h_p40_cp35,1.26795775929304,1.0,head
h_p40_cp36,3.3757954525622154,1.0,head
h_p40_cp37,0.9330477458452151,1.0,head
h_p40_cp38,3.3569417888591033,1.0,head
h_p40_cp39,0.6723789764741923,1.0,head
h_p40_cp40,3.437553536879477,1.0,head
h_p40_cp41,0.4751990009403926,1.0,head
h_p40_cp42,3.5712382058427465,1.0,head
h_p40_cp43,0.32989397927144637,1.0,head
h_p40_cp44,3.691712657950802,1.0,head
h_p40_cp45,0.22535943803973169,1.0,head
h_p40_cp46,3.727292267426037,1.0,head
h_p40_cp47,0.15179760089085903,1.0,head
h_p40_cp48,3.6267205860067406,1.0,head
h_p40_cp49,0.10106589008796618,1.0,head
h_p40_cp50,3.3838831985019624,1.0,head
h_p40_cp51,0.0667138314447584,1.0,head
h_p40_cp52,3.031257104922588,1.0,head
h_p40_cp53,0.043832231609030714,1.0,head
h_p40_cp54,2.6177597031501136,1.0,head
h_p40_cp55,0.028811563481212943,1.0,head
h_p40_cp56,2.1900570098932803,1.0,head
h_p40_cp57,0.01907651694841661,1.0,head
h_p40_cp58,1.7832179378674482,1.0,head
h_p40_cp59,0.012837152844440425,1.0,head
h_p40_cp60,1.418722042616082,1.0,head
h_p40_cp61,0.008876835776618464,1.0,head
h_p40_cp62,1.1063912574325059,1.0,head
h_p40_cp63,0.0063834001018676645,1.0,head
h_p40_cp64,0.84772450948185,1.0,head
h_p40_cp65,0.004821799541787186,1.0,head
h_p40_cp66,0.6391765161954481,1.0,head
h_p40_cp67,0.0038423478567892744,1.0,head
h_p40_cp68,0.47470210859592044,1.0,head
h_p40_cp69,0.0032171862264931406,1.0,head
h_p40_cp70,0.3474333479443885,1.0,head
h_p40_cp71,0.0027977064635251736,1.0,head
h_p40_cp72,0.25064315036752305,1.0,head
h_p40_cp73,0.0024865359944215015,1.0,head
h_p40_cp74,0.17822562251512863,1.0,head
h_p40_cp75,0.002218844391109087,1.0,head
h_p40_cp76,0.1248886328601202,1.0,head
h_p40_cp77,0.0019488501714022277,1.0,head
h_p40_cp78,0.08618871388353,1.0,head
h_p40_cp79,0.0016382940771109133,1.0,head
h_p40_cp80,0.05848272630828433,1.0,head
h_p40_cp81,0.0012441618507637031,1.0,head
h_p40_cp82,0.038835070138020455,1.0,head
h_p40_cp83,0.0007029734069874394,1.0,head
h_p40_cp84,0.2782538390083573,1.0,head
h_p40_cp85,0.050244663686498825,1.0,head
h_p40_cp86,0.3149343988607143,1.0,head
h_p40_cp87,0.0636107541167803,1.0,head
h_p40_cp88,0.3450634763266862,1.0,head
h_p40_cp89,0.0787403294170872,1.0,head
h_p40_cp90,0.3657756097886704,1.0,head
h_p40_cp91,0.09518768828638713,1.0,head
h_p40_cp92,0.37512206320252517,1.0,head
h_p40_cp93,0.11221073211527255,1.0,head
h_p40_cp94,0.37251516333572,1.0,head
h_p40_cp95,0.12877185954471315,1.0,head
h_p40_cp96,0.35888753908011495,1.0,head
h_p40_cp97,0.14361790331122393,1.0,head
h_p40_cp98,0.33649997511474794,1.0,head
h_p40_cp99,0.1554702023183836,1.0,head
h_p40_cp100,0.30846661894111094,1.0,head
h_p40_cp101,0.1633318819838223,1.0,head
h_p40_cp102,0.2781600883399733,1.0,head
h_p40_cp103,0.16687097179215016,1.0,head
h_p40_cp104,0.24866988127541845,1.0,head
h_p40_cp105,0.16678120262236007,1.0,head
h_p40_cp106,0.22243415289403856,1.0,head
h_p40_cp107,0.1650020986758136,1.0,head
h_p40_cp108,0.20109085495869294,1.0,head
h_p40_cp109,0.16474699462446551,1.0,head
h_p40_cp110,0.18553264250203938,1.0,head
h_p40_cp111,0.170419236088037,1.0,head
h_p40_cp112,0.17611300198495883,1.0,head
h_p40_cp113,0.1875546241142274,1.0,head
h_p40_cp114,0.17293641119613312,1.0,head
h_p40_cp115,0.22288983788894257,1.0,head
h_p40_cp116,0.17616632119916176,1.0,head
h_p40_cp117,0.284573189533603,1.0,head
h_p40_cp118,0.18629608466744685,1.0,head
h_p40_cp119,0.3824506707326236,1.0,head
h_p40_cp120,0.20434567338861598,1.0,head
h_p40_cp121,0.528293132251747,1.0,head
h_p40_cp122,0.23196486347251266,1.0,head
h_p40_cp123,0.7357780703653134,1.0,head
h_p40_cp124,0.2714306835746356,1.0,head
h_p40_cp125,1.0200000725355949,1.0,head
h_p40_cp126,0.32551196354870626,1.0,head
h_p40_cp127,1.3962673036533033,1.0,head
h_p40_cp128,0.3971356901829495,1.0,head
h_p40_cp129,1.8779689900211451,1.0,head
h_p40_cp130,0.4887491423760366,1.0,head
h_p40_cp131,2.4733849163969808,1.0,head
h_p40_cp132,0.6012751299745105,1.0,head
h_p40_cp133,3.18141860833407,1.0,head
h_p40_cp134,0.7326635881317998,1.0,head
h_p40_cp135,3.9862579374578218,1.0,head
h_p40_cp136,0.8762763388153871,1.0,head
h_p40_cp137,4.850807023693051,1.0,head
h_p40_cp138,1.019638017885427,1.0,head
h_p40_cp139,5.70875996496693,1.0,head
h_p40_cp140,1.1443199914760953,1.0,head
h_p40_cp141,6.457034698280722,1.0,head
h_p40_cp142,1.2279320860620828,1.0,head
h_p40_cp143,6.957038496338555,1.0,head
h_p40_cp144,1.2496199109209556,1.0,head
h_p40_cp145,7.065831167338047,1.0,head
h_p40_cp146,1.1999816624456798,1.0,head
h_p40_cp147,6.720072644025322,1.0,head
h_p40_cp148,1.0897929094521714,1.0,head
h_p40_cp149,6.017757512318894,1.0,head
h_p40_cp150,0.9412907088176325,1.0,head
h_p40_cp151,5.129177042027095,1.0,head
h_p40_cp152,0.7782416620361801,1.0,head
h_p40_cp153,4.206498814641918,1.0,head
h_p40_cp154,0.6204030236713152,1.0,head
h_p40_cp155,3.349965764038643,1.0,head
h_p40_cp156,0.48149360600109503,1.0,head
h_p40_cp157,2.611452109704942,1.0,head
h_p40_cp158,0.3693327849232446,1.0,head
h_p40_cp159,2.009319000439973,1.0,head
h_p40_cp160,0.28722627582055793,1.0,head
h_p40_cp161,1.5419197159433224,1.0,head
h_p40_cp162,0.23584716029017727,1.0,head
h_p40_cp163,1.1967701049347852,1.0,head
h_p40_cp164,0.2150386502053152,1.0,head
h_p40_cp165,0.9560283554365014,1.0,head
h_p40_cp166,0.22522229764081203,1.0,head
h_p40_cp167,0.7994945037596608,1.0,head
h_p40_cp168,0.26832391849166015,1.0,head
h_p40_cp169,0.7060289389191894,1.0,head
h_p40_cp170,0.3482552828709231,1.0,head
h_p40_cp171,0.6539889212599519,1.0,head
h_p40_cp172,0.47101524722893373,1.0,head
h_p40_cp173,0.6213618262243017,1.0,head
h_p40_cp174,0.6444370992671793,1.0,head
h_p40_cp175,0.5872055821632785,1.0,head
h_p40_cp176,0.877545321310663,1.0,head
h_p40_cp177,0.5374064862510295,1.0,head
h_p40_cp178,1.1794188053900143,1.0,head
h_p40_cp179,0.4732668763044785,1.0,head
h_p40_cp180,1.5574097662615713,1.0,head
h_p40_cp181,0.4021437228425384,1.0,head
h_p40_cp182,2.0145717760260595,1.0,head
h_p40_cp183,0.3310627309354004,1.0,head
h_p40_cp184,2.5462619530235315,1.0,head
h_p40_cp185,0.26495310845189124,1.0,head
h_p40_cp186,3.136162806172706,1.0,head
h_p40_cp187,0.2066738769085532,1.0,head
h_p40_cp188,3.7524316882545463,1.0,head
h_p40_cp189,0.15744454274090458,1.0,head
h_p40_cp190,4.345246200422025,1.0,head
h_p40_cp191,0.11731571487439396,1.0,head
h_p40_cp192,4.84761782386704,1.0,head
h_p40_cp193,0.085594484817193,1.0,head
h_p40_cp194,5.182408130797285,1.0,head
h_p40_cp195,0.06119063112373624,1.0,head
h_p40_cp196,5.280554536847831,1.0,head
h_p40_cp197,0.04287078073707562,1.0,head
h_p40_cp198,5.113723040619789,1.0,head
h_p40_cp199,0.029425466474322093,1.0,head
h_p40_cp200,4.72033393822403,1.0,head
h_p40_cp201,0.019764933957731046,1.0,head
h_p40_cp202,4.1771487998744306,1.0,head
h_p40_cp203,0.012962975055188508,1.0,head
h_p40_cp204,3.5643733593647084,1.0,head
h_p40_cp205,0.008266526268471353,1.0,head
h_p40_cp206,2.946687200895667,1.0,head
h_p40_cp207,0.005085046909698576,1.0,head
h_p40_cp208,2.368292586015741,1.0,head
h_p40_cp209,0.002969659536574909,1.0,head
h_p40_cp210,1.8549676320653816,1.0,head
h_p40_cp211,0.0015886035894254746,1.0,head
h_p41_cp0,0.25393932654151286,1.0,head
h_p41_cp1,1.4939824913767552,1.0,head
h_p41_cp2,0.37054065963047833,1.0,head
h_p41_cp3,1.9574731722896104,1.0,head
h_p41_cp4,0.5311422529225638,1.0,head
h_p41_cp5,2.4991451698792844,1.0,head
h_p41_cp6,0.7468036161226337,1.0,head
h_p41_cp7,3.1034233269447213,1.0,head
h_p41_cp8,1.02874838877824,1.0,head
h_p41_cp9,3.741648130831436,1.0,head
h_p41_cp10,1.3866024601338722,1.0,head
h_p41_cp11,4.372010932982448,1.0,head
h_p41_cp12,1.8256005700714013,1.0,head
h_p41_cp13,4.941343259157293,1.0,head
h_p41_cp14,2.3425873159853836,1.0,head
h_p41_cp15,5.387189396456051,1.0,head
h_p41_cp16,2.9208588073479405,1.0,head
h_p41_cp17,5.639660589716186,1.0,head
h_p41_cp18,3.524266949003959,1.0,head
h_p41_cp19,5.632035506402644,1.0,head
h_p41_cp20,4.091897294915725,1.0,head
h_p41_cp21,5.339822866887971,1.0,head
h_p41_cp22,4.537825665602668,1.0,head
h_p41_cp23,4.826834444952965,1.0,head
h_p41_cp24,4.768863629122279,1.0,head
h_p41_cp25,4.1908771603939385,1.0,head
h_p41_cp26,4.738383825401343,1.0,head
h_p41_cp27,3.517531349039473,1.0,head
h_p41_cp28,4.507965122848418,1.0,head
h_p41_cp29,2.866663615068319,1.0,head
h_p41_cp30,4.184860948738788,1.0,head
h_p41_cp31,2.2748958997990485,1.0,head
h_p41_cp32,3.8669455039639615,1.0,head
h_p41_cp33,1.761322144699534,1.0,head
h_p41_cp34,3.6230868297457164,1.0,head
h_p41_cp35,1.3324910936216838,1.0,head
h_p41_cp36,3.4906268224276573,1.0,head
h_p41_cp37,0.9863266245743034,1.0,head
h_p41_cp38,3.477027288421141,1.0,head
h_p41_cp39,0.7152874579846866,1.0,head
h_p41_cp40,3.5616332350405173,1.0,head
h_p41_cp41,0.5089120041457136,1.0,head
h_p41_cp42,3.697820854370093,1.0,head
h_p41_cp43,0.3557625027481208,1.0,head
h_p41_cp44,3.818730841159095,1.0,head
h_p41_cp45,0.24477689442824158,1.0,head
h_p41_cp46,3.8520749121678364,1.0,head
h_p41_cp47,0.16608618278360154,1.0,head
h_p41_cp48,3.746502012988458,1.0,head
h_p41_cp49,0.11140002808110694,1.0,head
h_p41_cp50,3.4961943486860037,1.0,head
h_p41_cp51,0.0740820339090078,1.0,head
h_p41_cp52,3.1343570716965132,1.0,head
h_p41_cp53,0.049030014845584446,1.0,head
h_p41_cp54,2.710773460279597,1.0,head
h_p41_cp55,0.032455268105422874,1.0,head
h_p41_cp56,2.2727648607967694,1.0,head
h_p41_cp57,0.021628394996014322,1.0,head
h_p41_cp58,1.8557524688812919,1.0,head
h_p41_cp59,0.014634322948495537,1.0,head
h_p41_cp60,1.4813905676239756,1.0,head
h_p41_cp61,0.010159266777236553,1.0,head
h_p41_cp62,1.1596418494727914,1.0,head
h_p41_cp63,0.007318307344121422,1.0,head
h_p41_cp64,0.892167575371559,1.0,head
h_p41_cp65,0.0055234628091511695,1.0,head
h_p41_cp66,0.6755879075128632,1.0,head
h_p41_cp67,0.004387380659863993,1.0,head
h_p41_cp68,0.5039863449737823,1.0,head
h_p41_cp69,0.003655816548416624,1.0,head
h_p41_cp70,0.37056132786278795,1.0,head
h_p41_cp71,0.003161813860288021,1.0,head
h_p41_cp72,0.26858684224748686,1.0,head
h_p41_cp73,0.0027951594252044742,1.0,head
h_p41_cp74,0.19190461283551485,1.0,head
h_p41_cp75,0.0024817274747874762,1.0,head
h_p41_cp76,0.1351335161773477,1.0,head
h_p41_cp77,0.002168389139797,1.0,head
h_p41_cp78,0.09372011920368095,1.0,head
h_p41_cp79,0.0018100322365626198,1.0,head
h_p41_cp80,0.06390233618276397,1.0,head
h_p41_cp81,0.0013557445358856057,1.0,head
h_p41_cp82,0.04262453988553716,1.0,head
h_p41_cp83,0.0007312372872547712,1.0,head
h_p41_cp84,0.2957811454630246,1.0,head
h_p41_cp85,0.05488291106576071,1.0,head
h_p41_cp86,0.3340648500916359,1.0,head
h_p41_cp87,0.06916049274150282,1.0,head
h_p41_cp88,0.3655013254365258,1.0,head
h_p41_cp89,0.08523152475709139,1.0,head
h_p41_cp90,0.38716897524818705,1.0,head
h_p41_cp91,0.10260945949084999,1.0,head
h_p41_cp92,0.39708895382409537,1.0,head
h_p41_cp93,0.12050760122042448,1.0,head
h_p41_cp94,0.3946709558422299,1.0,head
h_p41_cp95,0.13784668231278374,1.0,head
h_p41_cp96,0.3808720084007291,1.0,head
h_p41_cp97,0.15334294867079734,1.0,head
h_p41_cp98,0.35800261318036064,1.0,head
h_p41_cp99,0.16570636814390127,1.0,head
h_p41_cp100,0.32924869767202836,1.0,head
h_p41_cp101,0.17395478701928369,1.0,head
h_p41_cp102,0.2980710943952545,1.0,head
h_p41_cp103,0.17780253679916314,1.0,head
h_p41_cp104,0.2676558915741225,1.0,head
h_p41_cp105,0.1780259520992331,1.0,head
h_p41_cp106,0.24053717238348327,1.0,head
h_p41_cp107,0.17668722320399866,1.0,head
h_p41_cp108,0.2184404243193967,1.0,head
h_p41_cp109,0.17716427234836374,1.0,head
h_p41_cp110,0.20233292553120918,1.0,head
h_p41_cp111,0.1840667270648737,1.0,head
h_p41_cp112,0.1926292975076649,1.0,head
h_p41_cp113,0.20317473451837031,1.0,head
h_p41_cp114,0.18948441620887024,1.0,head
h_p41_cp115,0.24149757684563156,1.0,head
h_p41_cp116,0.19310563544331671,1.0,head
h_p41_cp117,0.3074657887552803,1.0,head
h_p41_cp118,0.20402664053335684,1.0,head
h_p41_cp119,0.4111881815408651,1.0,head
h_p41_cp120,0.22330234087394274,1.0,head
h_p41_cp121,0.5646398095918812,1.0,head
h_p41_cp122,0.252602012430998,1.0,head
h_p41_cp123,0.7815981303631361,1.0,head
h_p41_cp124,0.294186290414018,1.0,head
h_p41_cp125,1.0771116188702763,1.0,head
h_p41_cp126,0.35074272650672356,1.0,head
h_p41_cp127,1.4662754412031518,1.0,head
h_p41_cp128,0.4250251995576946,1.0,head
h_p41_cp129,1.9621148910418924,1.0,head
h_p41_cp130,0.5192146644303648,1.0,head
h_p41_cp131,2.572437251102656,1.0,head
h_p41_cp132,0.6339311887195436,1.0,head
h_p41_cp133,3.295563487911977,1.0,head
h_p41_cp134,0.7669179699282722,1.0,head
h_p41_cp135,4.114820556304494,1.0,head
h_p41_cp136,0.9115868675598904,1.0,head
h_p41_cp137,4.991616368796031,1.0,head
h_p41_cp138,1.0558052142305314,1.0,head
h_p41_cp139,5.857383450043471,1.0,head
h_p41_cp140,1.1814972303645845,1.0,head
h_p41_cp141,6.60706073343772,1.0,head
h_p41_cp142,1.2660749979177126,1.0,head
h_p41_cp143,7.102895732027264,1.0,head
h_p41_cp144,1.2877016091060796,1.0,head
h_p41_cp145,7.206970144812885,1.0,head
h_p41_cp146,1.2361691770652214,1.0,head
h_p41_cp147,6.860434798105416,1.0,head
h_p41_cp148,1.1231625143718702,1.0,head
h_p41_cp149,6.157177057247964,1.0,head
h_p41_cp150,0.9719999408312106,1.0,head
h_p41_cp151,5.262922166672297,1.0,head
h_p41_cp152,0.8067377129368651,1.0,head
h_p41_cp153,4.329398351425198,1.0,head
h_p41_cp154,0.6468661724866251,1.0,head
h_p41_cp155,3.4589760969331564,1.0,head
h_p41_cp156,0.5058455634889469,1.0,head
h_p41_cp157,2.705765542365725,1.0,head
h_p41_cp158,0.39153363270133923,1.0,head
h_p41_cp159,2.089494790404842,1.0,head
h_p41_cp160,0.3075415986277221,1.0,head
h_p41_cp161,1.6091250762542586,1.0,head
h_p41_cp162,0.2549589534896768,1.0,head
h_p41_cp163,1.2524087857930226,1.0,head
h_p41_cp164,0.23402621376408206,1.0,head
h_p41_cp165,1.0016544909401546,1.0,head
h_p41_cp166,0.24548676383028578,1.0,head
h_p41_cp167,0.8368518016027338,1.0,head
h_p41_cp168,0.29151277640812623,1.0,head
h_p41_cp169,0.7370668729795398,1.0,head
h_p41_cp170,0.3762101155152777,1.0,head
h_p41_cp171,0.6806750069288228,1.0,head
h_p41_cp172,0.5057408965408285,1.0,head
h_p41_cp173,0.6451347959080067,1.0,head
h_p41_cp174,0.6880770591023975,1.0,head
h_p41_cp175,0.6082853050993435,1.0,head
h_p41_cp176,0.9323414632308413,1.0,head
h_p41_cp177,0.5549253029062129,1.0,head
h_p41_cp178,1.2476291165703515,1.0,head
h_p41_cp179,0.48704909626871995,1.0,head
h_p41_cp180,1.6411559942339409,1.0,head
h_p41_cp181,0.41287354590667746,1.0,head
h_p41_cp182,2.115596381605883,1.0,head
h_p41_cp183,0.3396624360707392,1.0,head
h_p41_cp184,2.665601350684028,1.0,head
h_p41_cp185,0.2721246685398455,1.0,head
h_p41_cp186,3.2737973367211453,1.0,head
h_p41_cp187,0.2128021278963388,1.0,head
h_p41_cp188,3.9070331633015485,1.0,head
h_p41_cp189,0.16269244406203143,1.0,head
h_p41_cp190,4.51414472938086,1.0,head
h_p41_cp191,0.12174563023359042,1.0,head
h_p41_cp192,5.026968803645104,1.0,head
h_p41_cp193,0.089248034744287,1.0,head
h_p41_cp194,5.367360310091954,1.0,head
h_p41_cp195,0.0641234546569649,1.0,head
h_p41_cp196,5.465454459282228,1.0,head
h_p41_cp197,0.045158811581131886,1.0,head
h_p41_cp198,5.292878988868779,1.0,head
h_p41_cp199,0.031158485544665382,1.0,head
h_p41_cp200,4.88909825095061,1.0,head
h_p41_cp201,0.021037060527760332,1.0,head
h_p41_cp202,4.332382403816155,1.0,head
h_p41_cp203,0.01386456342333986,1.0,head
h_p41_cp204,3.704177910760791,1.0,head
h_p41_cp205,0.008878822723090707,1.0,head
h_p41_cp206,3.070115997872108,1.0,head
h_p41_cp207,0.005477486767176742,1.0,head
h_p41_cp208,2.475181322224671,1.0,head
h_p41_cp209,0.0031991706107419304,1.0,head
h_p41_cp210,1.9457845884749077,1.0,head
h_p41_cp211,0.0017002281988425239,1.0,head
h_p42_cp0,0.26998015145773024,1.0,head
h_p42_cp1,1.5705550433676763,1.0,head
h_p42_cp2,0.3912977045183652,1.0,head
h_p42_cp3,2.0480937384900244,1.0,head
h_p42_cp4,0.557377330320378,1.0,head
h_p42_cp5,2.60380261913906,1.0,head
h_p42_cp6,0.7790804530923197,1.0,head
h_p42_cp7,3.221530306452223,1.0,head
h_p42_cp8,1.0673042065523077,1.0,head
h_p42_cp9,3.872174747801182,1.0,head
h_p42_cp10,1.4312527312545171,1.0,head
h_p42_cp11,4.513521422040867,1.0,head
h_p42_cp12,1.8757646484332327,1.0,head
h_p42_cp13,5.091656756061639,1.0,head
h_p42_cp14,2.397515656455198,1.0,head
h_p42_cp15,5.5426859667777535,1.0,head
h_p42_cp16,2.9799957555728724,1.0,head
h_p42_cp17,5.795306213974072,1.0,head
h_p42_cp18,3.587386383958801,1.0,head
h_p42_cp19,5.783854733777389,1.0,head
h_p42_cp20,4.158618774691149,1.0,head
h_p42_cp21,5.487216607214123,1.0,head
h_p42_cp22,4.607230385024195,1.0,head
h_p42_cp23,4.966607858250427,1.0,head
h_p42_cp24,4.841399286302476,1.0,head
h_p42_cp25,4.319427063398962,1.0,head
h_p42_cp26,4.818132482348119,1.0,head
h_p42_cp27,3.633076068081664,1.0,head
h_p42_cp28,4.595487452220368,1.0,head
h_p42_cp29,2.9689866814978814,1.0,head
h_p42_cp30,4.279433054648507,1.0,head
h_p42_cp31,2.364381329407479,1.0,head
h_p42_cp32,3.9684114097635756,1.0,head
h_p42_cp33,1.838433661556337,1.0,head
h_p42_cp34,3.731410926659919,1.0,head
h_p42_cp35,1.397726926049927,1.0,head
h_p42_cp36,3.6053284174076907,1.0,head
h_p42_cp37,1.0403459435488003,1.0,head
h_p42_cp38,3.597178136397588,1.0,head
h_p42_cp39,0.7589987102205669,1.0,head
h_p42_cp40,3.6859783511581554,1.0,head
h_p42_cp41,0.543463340642802,1.0,head
h_p42_cp42,3.824695348089108,1.0,head
h_p42_cp43,0.3824582127801932,1.0,head
h_p42_cp44,3.945922244071653,1.0,head
h_p42_cp45,0.26496579857644065,1.0,head
h_p42_cp46,3.976971461703215,1.0,head
h_p42_cp47,0.1810590309669351,1.0,head
h_p42_cp48,3.866480080272595,1.0,head
h_p42_cp49,0.12231562489546377,1.0,head
h_p42_cp50,3.6088991460821944,1.0,head
h_p42_cp51,0.08192691153408305,1.0,head
h_p42_cp52,3.238033313075448,1.0,head
h_p42_cp53,0.05460724910903991,1.0,head
h_p42_cp54,2.804427809253866,1.0,head
h_p42_cp55,0.03639408164303859,1.0,head
h_p42_cp56,2.356068873647473,1.0,head
h_p42_cp57,0.024405852024301566,1.0,head
h_p42_cp58,1.9288090033437584,1.0,head
h_p42_cp59,0.01660198620356823,1.0,head
h_p42_cp60,1.5445412078188383,1.0,head
h_p42_cp61,0.011569885136850644,1.0,head
h_p42_cp62,1.2133829898120894,1.0,head
h_p42_cp63,0.008349673876864472,1.0,head
h_p42_cp64,0.9371369416360267,1.0,head
h_p42_cp65,0.006298185814785029,1.0,head
h_p42_cp66,0.7125602961186814,1.0,head
h_p42_cp67,0.004988373327478257,1.0,head
h_p42_cp68,0.5338462971208173,1.0,head
h_p42_cp69,0.0041379037490969495,1.0,head
h_p42_cp70,0.3942534553129917,1.0,head
h_p42_cp71,0.0035600980190793052,1.0,head
h_p42_cp72,0.28705925659892273,1.0,head
h_p42_cp73,0.003130801735778732,1.0,head
h_p42_cp74,0.2060593883159072,1.0,head
h_p42_cp75,0.0027656820989250264,1.0,head
h_p42_cp76,0.14579072406240812,1.0,head
h_p42_cp77,0.002403442142167478,1.0,head
h_p42_cp78,0.10159584581288073,1.0,head
h_p42_cp79,0.0019912812267648405,1.0,head
h_p42_cp80,0.0695980175044042,1.0,head
h_p42_cp81,0.001469425221785059,1.0,head
h_p42_cp82,0.04662399162384645,1.0,head
h_p42_cp83,0.000751561613242302,1.0,head
h_p42_cp84,0.31363287183148714,1.0,head
h_p42_cp85,0.059755870743174455,1.0,head
h_p42_cp86,0.35351005610618813,1.0,head
h_p42_cp87,0.0749653792152003,1.0,head
h_p42_cp88,0.3862500298332634,1.0,head
h_p42_cp89,0.0919929410245004,1.0,head
h_p42_cp90,0.40887962984561455,1.0,head
h_p42_cp91,0.11031104248627344,1.0,head
h_p42_cp92,0.4193930514238673,1.0,head
h_p42_cp93,0.12908953366900278,1.0,head
h_p42_cp94,0.41719858533861043,1.0,head
h_p42_cp95,0.14720986971110506,1.0,head
h_p42_cp96,0.4032768091442449,1.0,head
h_p42_cp97,0.16336089161450218,1.0,head
h_p42_cp98,0.3799851774056151,1.0,head
h_p42_cp99,0.17624447072648763,1.0,head
h_p42_cp100,0.35057721913244677,1.0,head
h_p42_cp101,0.18489606850152995,1.0,head
h_p42_cp102,0.31859727074834154,1.0,head
h_p42_cp103,0.18907892111337787,1.0,head
h_p42_cp104,0.2873237817766494,1.0,head
h_p42_cp105,0.18965463249128334,1.0,head
h_p42_cp106,0.2593837461495241,1.0,head
h_p42_cp107,0.18881073755233047,1.0,head
h_p42_cp108,0.2365885925337352,1.0,head
h_p42_cp109,0.19009167739454824,1.0,head
h_p42_cp110,0.21997978876834168,1.0,head
h_p42_cp111,0.1983132656307589,1.0,head
h_p42_cp112,0.21003324565754156,1.0,head
h_p42_cp113,0.2194966740912605,1.0,head
h_p42_cp114,0.2069541958235277,1.0,head
h_p42_cp115,0.2609164649370541,1.0,head
h_p42_cp116,0.21099267214685824,1.0,head
h_p42_cp117,0.331273653917151,1.0,head
h_p42_cp118,0.2227191062293059,1.0,head
h_p42_cp119,0.4409238027833453,1.0,head
h_p42_cp120,0.24321622800198384,1.0,head
h_p42_cp121,0.6020271812767533,1.0,head
h_p42_cp122,0.2741617150481943,1.0,head
h_p42_cp123,0.8284430864257502,1.0,head
h_p42_cp124,0.3177865523098262,1.0,head
h_p42_cp125,1.1351624870808337,1.0,head
h_p42_cp126,0.3766881726473912,1.0,head
h_p42_cp127,1.5370662050954707,1.0,head
h_p42_cp128,0.4534566307361274,1.0,head
h_p42_cp129,2.0468132102630534,1.0,head
h_p42_cp130,0.5500539107247278,1.0,head
h_p42_cp131,2.6716931262403705,1.0,head
h_p42_cp132,0.6668994318138175,1.0,head
h_p42_cp133,3.4092843408875524,1.0,head
h_p42_cp134,0.8016780292005024,1.0,head
h_p42_cp135,4.241737569386487,1.0,head
h_p42_cp136,0.9479858495119515,1.0,head
h_p42_cp137,5.128637305625489,1.0,head
h_p42_cp138,1.0940375363129533,1.0,head
h_p42_cp139,5.999259204346117,1.0,head
h_p42_cp140,1.221877575106646,1.0,head
h_p42_cp141,6.747542641604923,1.0,head
h_p42_cp142,1.308290405889693,1.0,head
h_p42_cp143,7.237956075251077,1.0,head
h_p42_cp144,1.330121469716687,1.0,head
h_p42_cp145,7.337550569288169,1.0,head
h_p42_cp146,1.2763962991339213,1.0,head
h_p42_cp147,6.989939661933022,1.0,head
h_p42_cp148,1.159670794894737,1.0,head
h_p42_cp149,6.286980689440043,1.0,head
h_p42_cp150,1.0046809874779683,1.0,head
h_p42_cp151,5.3899003421681755,1.0,head
h_p42_cp152,0.8362040671408977,1.0,head
h_p42_cp153,4.44857663160542,1.0,head
h_p42_cp154,0.6736977167565783,1.0,head
h_p42_cp155,3.5664956536397767,1.0,head
h_p42_cp156,0.5303611275958247,1.0,head
h_p42_cp157,2.7998454937210226,1.0,head
h_p42_cp158,0.41395881111930066,1.0,head
h_p42_cp159,2.1700175686050898,1.0,head
h_p42_cp160,0.3282622136048303,1.0,head
h_p42_cp161,1.676931807857045,1.0,head
h_p42_cp162,0.2746785765752975,1.0,head
h_p42_cp163,1.308824666348528,1.0,head
h_p42_cp164,0.25380194940680667,1.0,head
h_p42_cp165,1.0482962651817616,1.0,head
h_p42_cp166,0.2666917504207049,1.0,head
h_p42_cp167,0.875585896897519,1.0,head
h_p42_cp168,0.31577849926588897,1.0,head
h_p42_cp169,0.7699334835406262,1.0,head
h_p42_cp170,0.4053779875921464,1.0,head
h_p42_cp171,0.7095793748956112,1.0,head
h_p42_cp172,0.541828137036191,1.0,head
h_p42_cp173,0.6712438792433204,1.0,head
h_p42_cp174,0.73324543916533,1.0,head
h_p42_cp175,0.6315551628397316,1.0,head
h_p42_cp176,0.988847722722312,1.0,head
h_p42_cp177,0.5746126110120713,1.0,head
h_p42_cp178,1.3177302247554508,1.0,head
h_p42_cp179,0.5027303563756504,1.0,head
h_p42_cp180,1.7269423017760346,1.0,head
h_p42_cp181,0.4249903780942077,1.0,head
h_p42_cp182,2.21873784306581,1.0,head
h_p42_cp183,0.3491116543220869,1.0,head
h_p42_cp184,2.7870246379316086,1.0,head
h_p42_cp185,0.2797370301839237,1.0,head
h_p42_cp186,3.4133620559023257,1.0,head
h_p42_cp187,0.21912472944472938,1.0,head
h_p42_cp188,4.06331049272103,1.0,head
h_p42_cp189,0.16801440364270093,1.0,head
h_p42_cp190,4.684361395488395,1.0,head
h_p42_cp191,0.12620444508524997,1.0,head
h_p42_cp192,5.207074270604608,1.0,head
h_p42_cp193,0.09292084093294761,1.0,head
h_p42_cp194,5.552247114241254,1.0,head
h_p42_cp195,0.06707803028393755,1.0,head
h_p42_cp196,5.649706934460482,1.0,head
h_p42_cp197,0.047472185192646066,1.0,head
h_p42_cp198,5.4717805646350826,1.0,head
h_p42_cp199,0.03291768974713705,1.0,head
h_p42_cp200,5.0582216573425285,1.0,head
h_p42_cp201,0.02233306187508788,1.0,head
h_p42_cp202,4.488293443870589,1.0,head
h_p42_cp203,0.014785427224296654,1.0,head
h_p42_cp204,3.844740530278159,1.0,head
h_p42_cp205,0.009504590599362928,1.0,head
h_p42_cp206,3.1943146948697176,1.0,head
h_p42_cp207,0.0058772862905698275,1.0,head
h_p42_cp208,2.5828609883642457,1.0,head
h_p42_cp209,0.0034302332653624035,1.0,head
h_p42_cp210,2.037433547392993,1.0,head
h_p42_cp211,0.0018082525621139212,1.0,head
h_p43_cp0,0.2863352582671723,1.0,head
h_p43_cp1,1.6480031909677564,1.0,head
h_p43_cp2,0.4122993859559756,1.0,head
h_p43_cp3,2.139493288781523,1.0,head
h_p43_cp4,0.5837313549245664,1.0,head
h_p43_cp5,2.7091777184227794,1.0,head
h_p43_cp6,0.8112887992010656,1.0,head
h_p43_cp7,3.3402938402505242,1.0,head
h_p43_cp8,1.1055572586687958,1.0,head
h_p43_cp9,4.003097984518718,1.0,head
h_p43_cp10,1.4753589120350625,1.0,head
h_p43_cp11,4.654527831683026,1.0,head
h_p43_cp12,1.9251674868273767,1.0,head
h_p43_cp13,5.239357024596757,1.0,head
h_p43_cp14,2.451397206277761,1.0,head
h_p43_cp15,5.69211443314407,1.0,head
h_p43_cp16,3.0373312493065896,1.0,head
h_p43_cp17,5.941256024551421,1.0,head
h_p43_cp18,3.646745987428858,1.0,head
h_p43_cp19,5.924528138583355,1.0,head
h_p43_cp20,4.217969129079847,1.0,head
h_p43_cp21,5.625175532837602,1.0,head
h_p43_cp22,4.665143712862118,1.0,head
h_p43_cp23,5.100787385309104,1.0,head
h_p43_cp24,4.900666003425613,1.0,head
h_p43_cp25,4.445938492418918,1.0,head
h_p43_cp26,4.886506645353165,1.0,head
h_p43_cp27,3.7486429416330793,1.0,head
h_p43_cp28,4.675862418323504,1.0,head
h_p43_cp29,3.072089545773906,1.0,head
h_p43_cp30,4.3705613754345904,1.0,head
h_p43_cp31,2.454744670292257,1.0,head
h_p43_cp32,4.068470979978429,1.0,head
h_p43_cp33,1.9163437447937213,1.0,head
h_p43_cp34,3.8391471780432767,1.0,head
h_p43_cp35,1.4637118203072532,1.0,head
h_p43_cp36,3.7197521024868365,1.0,head
h_p43_cp37,1.0951255098057118,1.0,head
h_p43_cp38,3.7171931028440213,1.0,head
h_p43_cp39,0.8035065286876488,1.0,head
h_p43_cp40,3.810180893144434,1.0,head
h_p43_cp41,0.57883345532764,1.0,head
h_p43_cp42,3.9512324909721883,1.0,head
h_p43_cp43,0.40995971107577134,1.0,head
h_p43_cp44,4.072493151552635,1.0,head
h_p43_cp45,0.28590966126353123,1.0,head
h_p43_cp46,4.101110840967522,1.0,head
h_p43_cp47,0.19670696637103902,1.0,head
h_p43_cp48,3.9858858286095256,1.0,head
h_p43_cp49,0.13381041652996828,1.0,head
h_p43_cp50,3.7213992027939184,1.0,head
h_p43_cp51,0.09025140634594209,1.0,head
h_p43_cp52,3.341860248647663,1.0,head
h_p43_cp53,0.06057008410994058,1.0,head
h_p43_cp54,2.898462912044579,1.0,head
h_p43_cp55,0.04063563023851202,1.0,head
h_p43_cp56,2.4398473098776776,1.0,head
h_p43_cp57,0.027416736275199582,1.0,head
h_p43_cp58,2.002353428261358,1.0,head
h_p43_cp59,0.018747438080254142,1.0,head
h_p43_cp60,1.6081762537792201,1.0,head
h_p43_cp61,0.013115044079995641,1.0,head
h_p43_cp62,1.2676201249903443,1.0,head
h_p43_cp63,0.009482787175102203,1.0,head
h_p43_cp64,0.9826284427122118,1.0,head
h_p43_cp65,0.007150225365876395,1.0,head
h_p43_cp66,0.7500800523694124,1.0,head
h_p43_cp67,0.005648664347290833,1.0,head
h_p43_cp68,0.5642636480308738,1.0,head
h_p43_cp69,0.004666003002967045,1.0,head
h_p43_cp70,0.4184913311582932,1.0,head
h_p43_cp71,0.003994455188831125,1.0,head
h_p43_cp72,0.30604478529812695,1.0,head
h_p43_cp73,0.0034947950848618348,1.0,head
h_p43_cp74,0.22067833442747542,1.0,head
h_p43_cp75,0.003071530846909809,1.0,head
h_p43_cp76,0.15685267173353168,1.0,head
h_p43_cp77,0.0026543293015492964,1.0,head
h_p43_cp78,0.10981167998647834,1.0,head
h_p43_cp79,0.002181812592652932,1.0,head
h_p43_cp80,0.07556792054879224,1.0,head
h_p43_cp81,0.0015843224477976037,1.0,head
h_p43_cp82,0.05083282226723895,1.0,head
h_p43_cp83,0.0007622464065661916,1.0,head
h_p43_cp84,0.33178648858074666,1.0,head
h_p43_cp85,0.06486164101193026,1.0,head
h_p43_cp86,0.3732464021841224,1.0,head
h_p43_cp87,0.08102224871208819,1.0,head
h_p43_cp88,0.4072857042060605,1.0,head
h_p43_cp89,0.09902052637698944,1.0,head
h_p43_cp90,0.43088397939027345,1.0,head
h_p43_cp91,0.11828825411475918,1.0,head
h_p43_cp92,0.44201142170049934,1.0,head
h_p43_cp93,0.13795325321098062,1.0,head
h_p43_cp94,0.4400760873595573,1.0,head
h_p43_cp95,0.1568601170367856,1.0,head
h_p43_cp96,0.42608132907162144,1.0,head
h_p43_cp97,0.17367315699539176,1.0,head
h_p43_cp98,0.40242899011673217,1.0,head
h_p43_cp99,0.18708888140804447,1.0,head
h_p43_cp100,0.3724362665134322,1.0,head
h_p43_cp101,0.19616271418044562,1.0,head
h_p43_cp102,0.33972639174953656,1.0,head
h_p43_cp103,0.2007090064332715,1.0,head
h_p43_cp104,0.30766577494614467,1.0,head
h_p43_cp105,0.2016770293441823,1.0,head
h_p43_cp106,0.2789708697846436,1.0,head
h_p43_cp107,0.20138211416838203,1.0,head
h_p43_cp108,0.2555368737239405,1.0,head
h_p43_cp109,0.20353701413955605,1.0,head
h_p43_cp110,0.2384783960551431,1.0,head
h_p43_cp111,0.21316359530010232,1.0,head
h_p43_cp112,0.22833218126970678,1.0,head
h_p43_cp113,0.23652066187537457,1.0,head
h_p43_cp114,0.22535317409256095,1.0,head
h_p43_cp115,0.2811405195750467,1.0,head
h_p43_cp116,0.22983230877844107,1.0,head
h_p43_cp117,0.3559827284364019,1.0,head
h_p43_cp118,0.24237287288679,1.0,head
h_p43_cp119,0.4716338226737662,1.0,head
h_p43_cp120,0.26407876060102353,1.0,head
h_p43_cp121,0.6404215387231034,1.0,head
h_p43_cp122,0.2966271572986443,1.0,head
h_p43_cp123,0.8762707717401099,1.0,head
h_p43_cp124,0.34221151665360594,1.0,head
h_p43_cp125,1.194103806361909,1.0,head
h_p43_cp126,0.4033402026434487,1.0,head
h_p43_cp127,1.608579128972906,1.0,head
h_p43_cp128,0.48246289115559193,1.0,head
h_p43_cp129,2.131967854217237,1.0,head
h_p43_cp130,0.5813840168361821,1.0,head
h_p43_cp131,2.7709708112938642,1.0,head
h_p43_cp132,0.7004277118053324,1.0,head
h_p43_cp133,3.522272584346865,1.0,head
h_p43_cp134,0.83734602121649,1.0,head
h_p43_cp135,4.366673996260715,1.0,head
h_p43_cp136,0.985995752287181,1.0,head
h_p43_cp137,5.2619924292409905,1.0,head
h_p43_cp138,1.1348689671658576,1.0,head
h_p43_cp139,6.136007685553068,1.0,head
h_p43_cp140,1.265870719008035,1.0,head
h_p43_cp141,6.882866264088534,1.0,head
h_p43_cp142,1.3548258285231896,1.0,head
h_p43_cp143,7.369715175687361,1.0,head
h_p43_cp144,1.3770894479807794,1.0,head
h_p43_cp145,7.466441444630391,1.0,head
h_p43_cp146,1.3209161404693077,1.0,head
h_p43_cp147,7.116083501776529,1.0,head
h_p43_cp148,1.1997380499028623,1.0,head
h_p43_cp149,6.411564006798699,1.0,head
h_p43_cp150,1.0398824607073038,1.0,head
h_p43_cp151,5.511736064477418,1.0,head
h_p43_cp152,0.8671806927945909,1.0,head
h_p43_cp153,4.564118604717578,1.0,head
h_p43_cp154,0.701319158068145,1.0,head
h_p43_cp155,3.67210547095101,1.0,head
h_p43_cp156,0.555308118472567,1.0,head
h_p43_cp157,2.893291911364031,1.0,head
h_p43_cp158,0.4367452268525085,1.0,head
h_p43_cp159,2.2506548802432462,1.0,head
h_p43_cp160,0.3494397909748841,1.0,head
h_p43_cp161,1.7452584656798535,1.0,head
h_p43_cp162,0.29501500745072917,1.0,head
h_p43_cp163,1.3660284172005959,1.0,head
h_p43_cp164,0.27436084631699487,1.0,head
h_p43_cp165,1.0959850669305524,1.0,head
h_p43_cp166,0.2888331680410374,1.0,head
h_p43_cp167,0.9156387850407555,1.0,head
h_p43_cp168,0.3411233434621863,1.0,head
h_p43_cp169,0.8042986982677576,1.0,head
h_p43_cp170,0.43576761637086747,1.0,head
h_p43_cp171,0.7398762512873418,1.0,head
h_p43_cp172,0.5792891295659501,1.0,head
h_p43_cp173,0.6982860430241544,1.0,head
h_p43_cp174,0.779951629129755,1.0,head
h_p43_cp175,0.6553507642897785,1.0,head
h_p43_cp176,1.047059558685305,1.0,head
h_p43_cp177,0.5950725819652689,1.0,head
h_p43_cp178,1.3896850620467376,1.0,head
h_p43_cp179,0.5194980817136639,1.0,head
h_p43_cp180,1.8146707423593398,1.0,head
h_p43_cp181,0.43818146060857543,1.0,head
h_p43_cp182,2.3237967332051994,1.0,head
h_p43_cp183,0.3593732341955729,1.0,head
h_p43_cp184,2.9101708742068695,1.0,head
h_p43_cp185,0.28785150714452357,1.0,head
h_p43_cp186,3.5542322104724917,1.0,head
h_p43_cp187,0.22571115249843388,1.0,head
h_p43_cp188,4.220185773009234,1.0,head
h_p43_cp189,0.17345857787631758,1.0,head
h_p43_cp190,4.854066307948415,1.0,head
h_p43_cp191,0.13071790922026594,1.0,head
h_p43_cp192,5.385082489009164,1.0,head
h_p43_cp193,0.0966234527945744,1.0,head
h_p43_cp194,5.733316021885457,1.0,head
h_p43_cp195,0.07005669321597452,1.0,head
h_p43_cp196,5.829309410627502,1.0,head
h_p43_cp197,0.04980961075966661,1.0,head
h_p43_cp198,5.6468636043414335,1.0,head
h_p43_cp199,0.03470060567110522,1.0,head
h_p43_cp200,5.225184042357796,1.0,head
h_p43_cp201,0.023650358836448504,1.0,head
h_p43_cp202,4.643460929821231,1.0,head
h_p43_cp203,0.015723237647080168,1.0,head
h_p43_cp204,3.9854073766769034,1.0,head
h_p43_cp205,0.010141786846361356,1.0,head
h_p43_cp206,3.3190364916117687,1.0,head
h_p43_cp207,0.006282611843744235,1.0,head
h_p43_cp208,2.6912584847837024,1.0,head
h_p43_cp209,0.0036611288221592986,1.0,head
h_p43_cp210,2.1298987033710546,1.0,head
h_p43_cp211,0.001910994606305394,1.0,head
h_p44_cp0,0.3029853357243155,1.0,head
h_p44_cp1,1.7262856076099524,1.0,head
h_p44_cp2,0.43352108431417946,1.0,head
h_p44_cp3,2.2315851898047185,1.0,head
h_p44_cp4,0.6101788819873946,1.0,head
h_p44_cp5,2.815050880401941,1.0,head
h_p44_cp6,0.8434082876397042,1.0,head
h_p44_cp7,3.459208196918553,1.0,head
h_p44_cp8,1.1434900421527345,1.0,head
h_p44_cp9,4.133456156494503,1.0,head
h_p44_cp10,1.5188706454350722,1.0,head
h_p44_cp11,4.793617920995985,1.0,head
h_p44_cp12,1.9736194803977014,1.0,head
h_p44_cp13,5.383132148980621,1.0,head
h_p44_cp14,2.5037277087999428,1.0,head
h_p44_cp15,5.835657033644111,1.0,head
h_p44_cp16,3.091974735534677,1.0,head
h_p44_cp17,6.080760206519699,1.0,head
h_p44_cp18,3.7015764253769703,1.0,head
h_p44_cp19,6.0596159515480394,1.0,head
h_p44_cp20,4.270887027353638,1.0,head
h_p44_cp21,5.757153474042752,1.0,head
h_p44_cp22,4.716151662802531,1.0,head
h_p44_cp23,5.2299105619404145,1.0,head
h_p44_cp24,4.9540096624168655,1.0,head
h_p44_cp25,4.569527455557818,1.0,head
h_p44_cp26,4.948087966570256,1.0,head
h_p44_cp27,3.863248150383697,1.0,head
h_p44_cp28,4.750021208031285,1.0,head
h_p44_cp29,3.1753725620037585,1.0,head
h_p44_cp30,4.4574652354290265,1.0,head
h_p44_cp31,2.545741252994503,1.0,head
h_p44_cp32,4.1662097073585755,1.0,head
h_p44_cp33,1.9949981524164286,1.0,head
h_p44_cp34,3.9457319687894596,1.0,head
h_p44_cp35,1.5304546719098653,1.0,head
h_p44_cp36,3.8335782152607862,1.0,head
h_p44_cp37,1.1506763297043108,1.0,head
h_p44_cp38,3.836792497100305,1.0,head
h_p44_cp39,0.8488075884270074,1.0,head
h_p44_cp40,3.933910073140396,1.0,head
h_p44_cp41,0.6150079686242407,1.0,head
h_p44_cp42,4.077100366025434,1.0,head
h_p44_cp43,0.4382494339290588,1.0,head
h_p44_cp44,4.198223251744821,1.0,head
h_p44_cp45,0.30759381225448124,1.0,head
h_p44_cp46,4.2243972858141206,1.0,head
h_p44_cp47,0.21302107429983153,1.0,head
h_p44_cp48,4.10455481785084,1.0,head
h_p44_cp49,0.14588153259637693,1.0,head
h_p44_cp50,3.8334377887208575,1.0,head
h_p44_cp51,0.09905753411021578,1.0,head
h_p44_cp52,3.4455665417879118,1.0,head
h_p44_cp53,0.06692376163141489,1.0,head
h_p44_cp54,2.992663565514931,1.0,head
h_p44_cp55,0.04518680826572563,1.0,head
h_p44_cp56,2.5239686309369063,1.0,head
h_p44_cp57,0.03066837964252045,1.0,head
h_p44_cp58,2.076325705777208,1.0,head
h_p44_cp59,0.021077649713333813,1.0,head
h_p44_cp60,1.672276971220299,1.0,head
h_p44_cp61,0.014800917366073918,1.0,head
h_p44_cp62,1.3223485812482068,1.0,head
h_p44_cp63,0.010722851550099222,1.0,head
h_p44_cp64,1.0286364063217661,1.0,head
h_p44_cp65,0.008083811395636076,1.0,head
h_p44_cp66,0.7881363452670485,1.0,head
h_p44_cp67,0.006371592629420775,1.0,head
h_p44_cp68,0.5952239532402928,1.0,head
h_p44_cp69,0.005242677925252792,1.0,head
h_p44_cp70,0.4432598759121902,1.0,head
h_p44_cp71,0.0044667858678622,1.0,head
h_p44_cp72,0.3255300683663336,1.0,head
h_p44_cp73,0.0038884639454863645,1.0,head
h_p44_cp74,0.23575104607539288,1.0,head
h_p44_cp75,0.003400071434043639,1.0,head
h_p44_cp76,0.16831218552806604,1.0,head
h_p44_cp77,0.0029213248371888767,1.0,head
h_p44_cp78,0.11836329930906686,1.0,head
h_p44_cp79,0.0023813282377886935,1.0,head
h_p44_cp80,0.08180980834072216,1.0,head
h_p44_cp81,0.0016994604823139525,1.0,head
h_p44_cp82,0.0552499399016142,1.0,head
h_p44_cp83,0.0007614752332756325,1.0,head
h_p44_cp84,0.3502211360187175,1.0,head
h_p44_cp85,0.07019798832584456,1.0,head
h_p44_cp86,0.39325225881066217,1.0,head
h_p44_cp87,0.08732789523992324,1.0,head
h_p44_cp88,0.42858655892996467,1.0,head
h_p44_cp89,0.10631059698744139,1.0,head
h_p44_cp90,0.4531605164734174,1.0,head
h_p44_cp91,0.12653773270608326,1.0,head
h_p44_cp92,0.4649232026026766,1.0,head
h_p44_cp93,0.1470966737301751,1.0,head
h_p44_cp94,0.46328359507606365,1.0,head
h_p44_cp95,0.16679745865371842,1.0,head
h_p44_cp96,0.44926707053491555,1.0,head
h_p44_cp97,0.18428238033538946,1.0,head
h_p44_cp98,0.42531737654962853,1.0,head
h_p44_cp99,0.1982448543803912,1.0,head
h_p44_cp100,0.39481158781791237,1.0,head
h_p44_cp101,0.20776224877795357,1.0,head
h_p44_cp102,0.3614473414072563,1.0,head
h_p44_cp103,0.21270201783227094,1.0,head
h_p44_cp104,0.3286745339191839,1.0,head
h_p44_cp105,0.214103286380805,1.0,head
h_p44_cp106,0.2992953079792642,1.0,head
h_p44_cp107,0.21441133455596173,1.0,head
h_p44_cp108,0.27528594437762877,1.0,head
h_p44_cp109,0.217508704709644,1.0,head
h_p44_cp110,0.2578325465947273,1.0,head
h_p44_cp111,0.22862297656115516,1.0,head
h_p44_cp112,0.24753163827563185,1.0,head
h_p44_cp113,0.2542471031479181,1.0,head
h_p44_cp114,0.2446866933532874,1.0,head
h_p44_cp115,0.302163562510259,1.0,head
h_p44_cp116,0.2496273941810614,1.0,head
h_p44_cp117,0.3815786336178917,1.0,head
h_p44_cp118,0.2629860396591539,1.0,head
h_p44_cp119,0.5032945703956102,1.0,head
h_p44_cp120,0.2858820395304065,1.0,head
h_p44_cp121,0.6797898697629989,1.0,head
h_p44_cp122,0.3199860406220978,1.0,head
h_p44_cp123,0.9250395617323193,1.0,head
h_p44_cp124,0.36745178189039507,1.0,head
h_p44_cp125,1.2538841975419928,1.0,head
h_p44_cp126,0.43070851625680007,1.0,head
h_p44_cp127,1.680744086522509,1.0,head
h_p44_cp128,0.5120991932267316,1.0,head
h_p44_cp129,2.2174677299642553,1.0,head
h_p44_cp130,0.6133373186953577,1.0,head
h_p44_cp131,2.870093253553023,1.0,head
h_p44_cp132,0.7347457436903824,1.0,head
h_p44_cp133,3.6343092528325087,1.0,head
h_p44_cp134,0.8742286201927527,1.0,head
h_p44_cp135,4.489538192021428,1.0,head
h_p44_cp136,1.0259082559969102,1.0,head
h_p44_cp137,5.392070745650699,1.0,head
h_p44_cp138,1.1784101212742826,1.0,head
h_p44_cp139,6.268763676727758,1.0,head
h_p44_cp140,1.313229504215542,1.0,head
h_p44_cp141,7.014381905193886,1.0,head
h_p44_cp142,1.4050230691714205,1.0,head
h_p44_cp143,7.498128443597352,1.0,head
h_p44_cp144,1.4277361017875592,1.0,head
h_p44_cp145,7.591684952342348,1.0,head
h_p44_cp146,1.3690754043095694,1.0,head
h_p44_cp147,7.2388713424411435,1.0,head
h_p44_cp148,1.2431264668762196,1.0,head
h_p44_cp149,6.532350993846876,1.0,head
h_p44_cp150,1.0777279842131975,1.0,head
h_p44_cp151,5.629628370532828,1.0,head
h_p44_cp152,0.899975003142572,1.0,head
h_p44_cp153,4.676455974955843,1.0,head
h_p44_cp154,0.7300546525066238,1.0,head
h_p44_cp155,3.7757206552141724,1.0,head
h_p44_cp156,0.580934537725625,1.0,head
h_p44_cp157,2.985865116561854,1.0,head
h_p44_cp158,0.4600434483400022,1.0,head
h_p44_cp159,2.3312114633113197,1.0,head
h_p44_cp160,0.37114700721713234,1.0,head
h_p44_cp161,1.813999970638406,1.0,head
h_p44_cp162,0.31599411568322466,1.0,head
h_p44_cp163,1.4239668826273828,1.0,head
h_p44_cp164,0.2957080592482271,1.0,head
h_p44_cp165,1.1446319075544125,1.0,head
h_p44_cp166,0.311911523568142,1.0,head
h_p44_cp167,0.9567492269839022,1.0,head
h_p44_cp168,0.36755032646306063,1.0,head
h_p44_cp169,0.8395601373345016,1.0,head
h_p44_cp170,0.46738541123113464,1.0,head
h_p44_cp171,0.7705135098926803,1.0,head
h_p44_cp172,0.6181298865285498,1.0,head
h_p44_cp173,0.7248614379141145,1.0,head
h_p44_cp174,0.828192582097472,1.0,head
h_p44_cp175,0.6782089384637402,1.0,head
h_p44_cp176,1.106949602480654,1.0,head
h_p44_cp177,0.6149121750781887,1.0,head
h_p44_cp178,1.4634176472181935,1.0,head
h_p44_cp179,0.5363130227235615,1.0,head
h_p44_cp180,1.9041810060571152,1.0,head
h_p44_cp181,0.45186271982493054,1.0,head
h_p44_cp182,2.43047837850645,1.0,head
h_p44_cp183,0.3702113680747061,1.0,head
h_p44_cp184,3.034540514091532,1.0,head
h_p44_cp185,0.2964197512633291,1.0,head
h_p44_cp186,3.6956023503721553,1.0,head
h_p44_cp187,0.23258306285947583,1.0,head
h_p44_cp188,4.376422694790108,1.0,head
h_p44_cp189,0.1790575702868864,1.0,head
h_p44_cp190,5.02152949583342,1.0,head
h_p44_cp191,0.13530940007854042,1.0,head
h_p44_cp192,5.5589658271619555,1.0,head
h_p44_cp193,0.10036790628282688,1.0,head
h_p44_cp194,5.908737368061338,1.0,head
h_p44_cp195,0.07306357209063208,1.0,head
h_p44_cp196,6.002813103843891,1.0,head
h_p44_cp197,0.05217097795252812,1.0,head
h_p44_cp198,5.816414373507996,1.0,head
h_p44_cp199,0.03650533711584103,1.0,head
h_p44_cp200,5.388162505247692,1.0,head
h_p44_cp201,0.024986561881860325,1.0,head
h_p44_cp202,4.7964197142077865,1.0,head
h_p44_cp203,0.016675654294886044,1.0,head
h_p44_cp204,4.125246356683874,1.0,head
h_p44_cp205,0.010788270389184618,1.0,head
h_p44_cp206,3.443785209276939,1.0,head
h_p44_cp207,0.00669150386443107,1.0,head
h_p44_cp208,2.8001441139326744,1.0,head
h_p44_cp209,0.0038900098729754973,1.0,head
h_p44_cp210,2.2230837754273125,1.0,head
h_p44_cp211,0.00200664907765713,1.0,head
h_p45_cp0,0.3199121515785919,1.0,head
h_p45_cp1,1.8053163776166912,1.0,head
h_p45_cp2,0.4549399217426071,1.0,head
h_p45_cp3,2.324201743467256,1.0,head
h_p45_cp4,0.6366953382307656,1.0,head
h_p45_cp5,2.9210940550451596,1.0,head
h_p45_cp6,0.8754144188874307,1.0,head
h_p45_cp7,3.577699583913727,1.0,head
h_p45_cp8,1.181071958571465,1.0,head
h_p45_cp9,4.262427992956873,1.0,head
h_p45_cp10,1.561730651084872,1.0,head
h_p45_cp11,4.929964954999377,1.0,head
h_p45_cp12,2.021022203105531,1.0,head
h_p45_cp13,5.522736338219602,1.0,head
h_p45_cp14,2.554472610130688,1.0,head
h_p45_cp15,5.974264738243619,1.0,head
h_p45_cp16,3.14445843329122,1.0,head
h_p45_cp17,6.215693224430652,1.0,head
h_p45_cp18,3.754213513186187,1.0,head
h_p45_cp19,6.190726971338336,1.0,head
h_p45_cp20,4.323270235428936,1.0,head
h_p45_cp21,5.885209273028977,1.0,head
h_p45_cp22,4.770371578137656,1.0,head
h_p45_cp23,5.35525169529501,1.0,head
h_p45_cp24,5.013329247801266,1.0,head
h_p45_cp25,4.690350306510027,1.0,head
h_p45_cp26,5.012988917493658,1.0,head
h_p45_cp27,3.976490787316834,1.0,head
h_p45_cp28,4.823851233040386,1.0,head
h_p45_cp29,3.278408729601324,1.0,head
h_p45_cp30,4.542460725820092,1.0,head
h_p45_cp31,2.6371149023466387,1.0,head
h_p45_cp32,4.262119554635319,1.0,head
h_p45_cp33,2.0742933774649828,1.0,head
h_p45_cp34,4.0510498404005375,1.0,head
h_p45_cp35,1.597930116759926,1.0,head
h_p45_cp36,3.9465640420698946,1.0,head
h_p45_cp37,1.2069955085657966,1.0,head
h_p45_cp38,3.9557028123010696,1.0,head
h_p45_cp39,0.8948968360077743,1.0,head
h_p45_cp40,4.0568685986906985,1.0,head
h_p45_cp41,0.6519752412434627,1.0,head
h_p45_cp42,4.20199734592552,1.0,head
h_p45_cp43,0.46731282552218545,1.0,head
h_p45_cp44,4.32281829874546,1.0,head
h_p45_cp45,0.3300053797192959,1.0,head
h_p45_cp46,4.346554980564861,1.0,head
h_p45_cp47,0.22999295950421583,1.0,head
h_p45_cp48,4.222330587202805,1.0,head
h_p45_cp49,0.158525768001482,1.0,head
h_p45_cp50,3.944903517064631,1.0,head
h_p45_cp51,0.10834658131125252,1.0,head
h_p45_cp52,3.5490283738890867,1.0,head
h_p45_cp53,0.07367272795363533,1.0,head
h_p45_cp54,3.0869037256979937,1.0,head
h_p45_cp55,0.05005382639092204,1.0,head
h_p45_cp56,2.608333825651016,1.0,head
h_p45_cp57,0.03416760638060623,1.0,head
h_p45_cp58,2.150665850513178,1.0,head
h_p45_cp59,0.023599257238174687,1.0,head
h_p45_cp60,1.7368143534320097,1.0,head
h_p45_cp61,0.01663348212400706,1.0,head
h_p45_cp62,1.377555021529588,1.0,head
h_p45_cp63,0.012074971344645746,1.0,head
h_p45_cp64,1.075151334200882,1.0,head
h_p45_cp65,0.009103133343387526,1.0,head
h_p45_cp66,0.8267182982067425,1.0,head
h_p45_cp67,0.007160487602732246,1.0,head
h_p45_cp68,0.6267145264430383,1.0,head
h_p45_cp69,0.0058704938471692,1.0,head
h_p45_cp70,0.46854611281355574,1.0,head
h_p45_cp71,0.004978990407607853,1.0,head
h_p45_cp72,0.3455034547662308,1.0,head
h_p45_cp73,0.004313122253734036,1.0,head
h_p45_cp74,0.25126819685647206,1.0,head
h_p45_cp75,0.003752074880139844,1.0,head
h_p45_cp76,0.18016257137242064,1.0,head
h_p45_cp77,0.0032046560679646063,1.0,head
h_p45_cp78,0.12724640688020372,1.0,head
h_p45_cp79,0.0025894604625591455,1.0,head
h_p45_cp80,0.08832118595432803,1.0,head
h_p45_cp81,0.0018137710078462987,1.0,head
h_p45_cp82,0.05987386113952198,1.0,head
h_p45_cp83,0.0007473195314560144,1.0,head
h_p45_cp84,0.36891727287320464,1.0,head
h_p45_cp85,0.07576246158919275,1.0,head
h_p45_cp86,0.4135073938646201,1.0,head
h_p45_cp87,0.09387916253808726,1.0,head
h_p45_cp88,0.45013217086625446,1.0,head
h_p45_cp89,0.1138598314569208,1.0,head
h_p45_cp90,0.4756890491826198,1.0,head
h_p45_cp91,0.13505673664053575,1.0,head
h_p45_cp92,0.48810882992711413,1.0,head
h_p45_cp93,0.15651840125406125,1.0,head
h_p45_cp94,0.4868025627406496,1.0,head
h_p45_cp95,0.177022407593995,1.0,head
h_p45_cp96,0.47281690594354586,1.0,head
h_p45_cp97,0.19519117984827972,1.0,head
h_p45_cp98,0.44863504296063184,1.0,head
h_p45_cp99,0.20971698539824501,1.0,head
h_p45_cp100,0.4176901809660194,1.0,head
h_p45_cp101,0.2197009752537724,1.0,head
h_p45_cp102,0.38374991308228346,1.0,head
h_p45_cp103,0.22506567681443812,1.0,head
h_p45_cp104,0.35034310299579374,1.0,head
h_p45_cp105,0.22694212598275953,1.0,head
h_p45_cp106,0.32035357942640985,1.0,head
h_p45_cp107,0.22790731249824603,1.0,head
h_p45_cp108,0.29583560384480734,1.0,head
h_p45_cp109,0.23201452512034848,1.0,head
h_p45_cp110,0.27804460084462335,1.0,head
h_p45_cp111,0.24469631491683685,1.0,head
h_p45_cp112,0.2676352848152419,1.0,head
h_p45_cp113,0.27267613542221625,1.0,head
h_p45_cp114,0.2649580386864727,1.0,head
h_p45_cp115,0.32397913403315215,1.0,head
h_p45_cp116,0.2703789527126901,1.0,head
h_p45_cp117,0.4080467983417293,1.0,head
h_p45_cp118,0.2845558488011193,1.0,head
h_p45_cp119,0.5358824659920174,1.0,head
h_p45_cp120,0.30861941192551967,1.0,head
h_p45_cp121,0.7200994146680841,1.0,head
h_p45_cp122,0.34423084385707625,1.0,head
h_p45_cp123,0.9747072703351023,1.0,head
h_p45_cp124,0.39350734576873947,1.0,head
h_p45_cp125,1.3144492829826504,1.0,head
h_p45_cp126,0.4588159914751486,1.0,head
h_p45_cp127,1.7534862603295096,1.0,head
h_p45_cp128,0.542432090398961,1.0,head
h_p45_cp129,2.303206634880553,1.0,head
h_p45_cp130,0.6460418353540263,1.0,head
h_p45_cp131,2.9689303863160603,1.0,head
h_p45_cp132,0.7700400039375381,1.0,head
h_p45_cp133,3.7453137095351394,1.0,head
h_p45_cp134,0.9125244631591158,1.0,head
h_p45_cp135,4.610481109041075,1.0,head
h_p45_cp136,1.0678361363779914,1.0,head
h_p45_cp137,5.519490074933628,1.0,head
h_p45_cp138,1.2245744161350558,1.0,head
h_p45_cp139,6.398683377350835,1.0,head
h_p45_cp140,1.363630972017745,1.0,head
h_p45_cp141,7.143572593481849,1.0,head
h_p45_cp142,1.45843459718526,1.0,head
h_p45_cp143,7.624993967407136,1.0,head
h_p45_cp144,1.4816368694723678,1.0,head
h_p45_cp145,7.7158181032966695,1.0,head
h_p45_cp146,1.4204309533783999,1.0,head
h_p45_cp147,7.360099850160168,1.0,head
h_p45_cp148,1.2895215556027324,1.0,head
h_p45_cp149,6.650798884148344,1.0,head
h_p45_cp150,1.118142944144438,1.0,head
h_p45_cp151,5.744680978153838,1.0,head
h_p45_cp152,0.9347144879543521,1.0,head
h_p45_cp153,4.78616148506444,1.0,head
h_p45_cp154,0.7601194223652783,1.0,head
h_p45_cp155,3.877464847040301,1.0,head
h_p45_cp156,0.6074443916445489,1.0,head
h_p45_cp157,3.077465817498478,1.0,head
h_p45_cp158,0.4839990945279169,1.0,head
h_p45_cp159,2.4115438570454444,1.0,head
h_p45_cp160,0.39346737917639985,1.0,head
h_p45_cp161,1.883038325206826,1.0,head
h_p45_cp162,0.3376546313202198,1.0,head
h_p45_cp163,1.482527111679019,1.0,head
h_p45_cp164,0.31785803861930617,1.0,head
h_p45_cp165,1.1940481802998875,1.0,head
h_p45_cp166,0.335932061116182,1.0,head
h_p45_cp167,0.9985402303150295,1.0,head
h_p45_cp168,0.3950631745460669,1.0,head
h_p45_cp169,0.8750634610048564,1.0,head
h_p45_cp170,0.5002346840469727,1.0,head
h_p45_cp171,0.8005874549185137,1.0,head
h_p45_cp172,0.6583486306617488,1.0,head
h_p45_cp173,0.7499928958002329,1.0,head
h_p45_cp174,0.8779506625924114,1.0,head
h_p45_cp175,0.6992056473527555,1.0,head
h_p45_cp176,1.1684661702056474,1.0,head
h_p45_cp177,0.6331609005426344,1.0,head
h_p45_cp178,1.538815108671315,1.0,head
h_p45_cp179,0.5522846011151614,1.0,head
h_p45_cp180,1.9952620094622944,1.0,head
h_p45_cp181,0.4653998161609252,1.0,head
h_p45_cp182,2.538426242287187,1.0,head
h_p45_cp183,0.38127905583837673,1.0,head
h_p45_cp184,3.159574492619413,1.0,head
h_p45_cp185,0.30530150582899296,1.0,head
h_p45_cp186,3.8366516187875277,1.0,head
h_p45_cp187,0.2397084972576522,1.0,head
h_p45_cp188,4.530914140092591,1.0,head
h_p45_cp189,0.18481974035535131,1.0,head
h_p45_cp190,5.185450508206941,1.0,head
h_p45_cp191,0.13999412953330648,1.0,head
h_p45_cp192,5.7274813360991175,1.0,head
h_p45_cp193,0.10416486508461276,1.0,head
h_p45_cp194,6.077521885825263,1.0,head
h_p45_cp195,0.07610347912896032,1.0,head
h_p45_cp196,6.169333253537843,1.0,head
h_p45_cp197,0.054557049566938076,1.0,head
h_p45_cp198,5.979492696406851,1.0,head
h_p45_cp199,0.038330547864688924,1.0,head
h_p45_cp200,5.54600992688529,1.0,head
h_p45_cp201,0.02633952473252066,1.0,head
h_p45_cp202,4.946012392274952,1.0,head
h_p45_cp203,0.017640376207964437,1.0,head
h_p45_cp204,4.26333669809901,1.0,head
h_p45_cp205,0.011441835566301961,1.0,head
h_p45_cp206,3.567955933277517,1.0,head
h_p45_cp207,0.007101895772166245,1.0,head
h_p45_cp208,2.9091740501653476,1.0,head
h_p45_cp209,0.004114910554790185,1.0,head
h_p45_cp210,2.316812739943998,1.0,head
h_p45_cp211,0.0020932935869950597,1.0,head
h_p46_cp0,0.3370985164146987,1.0,head
h_p46_cp1,1.884967535209853,1.0,head
h_p46_cp2,0.47653467590453147,1.0,head
h_p46_cp3,2.417119621889924,1.0,head
h_p46_cp4,0.6632582415618344,1.0,head
h_p46_cp5,3.0269436420303464,1.0,head
h_p46_cp6,0.9072869930628258,1.0,head
h_p46_cp7,3.6952655998834416,1.0,head
h_p46_cp8,1.218291743948157,1.0,head
h_p46_cp9,4.389518964188028,1.0,head
h_p46_cp10,1.603964303005796,1.0,head
h_p46_cp11,5.063490046703009,1.0,head
h_p46_cp12,2.0675495692398727,1.0,head
h_p46_cp13,5.6591804746494745,1.0,head
h_p46_cp14,2.6042922336964693,1.0,head
h_p46_cp15,6.110691398087965,1.0,head
h_p46_cp16,3.1966732557543764,1.0,head
h_p46_cp17,6.350668296869117,1.0,head
h_p46_cp18,3.8088868785903287,1.0,head
h_p46_cp19,6.323585507574535,1.0,head
h_p46_cp20,4.382442917763001,1.0,head
h_p46_cp21,6.014118027969289,1.0,head
h_p46_cp22,4.8374265001948515,1.0,head
h_p46_cp23,5.479857553488273,1.0,head
h_p46_cp24,5.088554428994939,1.0,head
h_p46_cp25,4.809795875082727,1.0,head
h_p46_cp26,5.090826276861208,1.0,head
h_p46_cp27,4.088703426594293,1.0,head
h_p46_cp28,4.904662099929283,1.0,head
h_p46_cp29,3.3811009980549898,1.0,head
h_p46_cp30,4.629748590600684,1.0,head
h_p46_cp31,2.7287051494727166,1.0,head
h_p46_cp32,4.358035706775809,1.0,head
h_p46_cp33,2.1541275137587945,1.0,head
h_p46_cp34,4.155659238108001,1.0,head
h_p46_cp35,1.6660945976659605,1.0,head
h_p46_cp36,4.058713394658753,1.0,head
h_p46_cp37,1.2640676759779126,1.0,head
h_p46_cp38,4.073691808801868,1.0,head
h_p46_cp39,0.9417651755652514,1.0,head
h_p46_cp40,4.178681901382561,1.0,head
h_p46_cp41,0.6897243346782034,1.0,head
h_p46_cp42,4.325409853137899,1.0,head
h_p46_cp43,0.49713733164276164,1.0,head
h_p46_cp44,4.445629848929002,1.0,head
h_p46_cp45,0.353133037421685,1.0,head
h_p46_cp46,4.466917947137517,1.0,head
h_p46_cp47,0.24761485065778288,1.0,head
h_p46_cp48,4.338744185028645,1.0,head
h_p46_cp49,0.17173978365167386,1.0,head
h_p46_cp50,4.055554203069278,1.0,head
h_p46_cp51,0.11811928002884997,1.0,head
h_p46_cp52,3.652125659055173,1.0,head
h_p46_cp53,0.080820747267353,1.0,head
h_p46_cp54,3.181103807564341,1.0,head
h_p46_cp55,0.05524226842885582,1.0,head
h_p46_cp56,2.6928794418679445,1.0,head
h_p46_cp57,0.0379207511543882,1.0,head
h_p46_cp58,2.2253271005333772,1.0,head
h_p46_cp59,0.0263185584576604,1.0,head
h_p46_cp60,1.8017582010420483,1.0,head
h_p46_cp61,0.01861850668842635,1.0,head
h_p46_cp62,1.433220379678687,1.0,head
h_p46_cp63,0.013544137329063233,1.0,head
h_p46_cp64,1.1221589984716047,1.0,head
h_p46_cp65,0.010212328585339492,1.0,head
h_p46_cp66,0.8658127700578007,1.0,head
h_p46_cp67,0.008018660730158444,1.0,head
h_p46_cp68,0.6587223538288072,1.0,head
h_p46_cp69,0.006552012222527992,1.0,head
h_p46_cp70,0.4943377116690044,1.0,head
h_p46_cp71,0.0055329656438516395,1.0,head
h_p46_cp72,0.3659541725253348,1.0,head
h_p46_cp73,0.0047700715811060945,1.0,head
h_p46_cp74,0.2672211641463491,1.0,head
h_p46_cp75,0.004128284733269538,1.0,head
h_p46_cp76,0.1923975129777773,1.0,head
h_p46_cp77,0.0035045035256189294,1.0,head
h_p46_cp78,0.1364567633347633,1.0,head
h_p46_cp79,0.0028057731685748877,1.0,head
h_p46_cp80,0.09509937794791767,1.0,head
h_p46_cp81,0.0019260960027622787,1.0,head
h_p46_cp82,0.06470278809274532,1.0,head
h_p46_cp83,0.000717744090479755,1.0,head
h_p46_cp84,0.3878566372200112,1.0,head
h_p46_cp85,0.08155245623538576,1.0,head
h_p46_cp86,0.4339930562873633,1.0,head
h_p46_cp87,0.10067294212331035,1.0,head
h_p46_cp88,0.47190379903940993,1.0,head
h_p46_cp89,0.12166512176713695,1.0,head
h_p46_cp90,0.4984512460573569,1.0,head
h_p46_cp91,0.14384274964413635,1.0,head
h_p46_cp92,0.511550674112641,1.0,head
h_p46_cp93,0.16621700008181506,1.0,head
h_p46_cp94,0.5106162993852195,1.0,head
h_p46_cp95,0.18753481952035145,1.0,head
h_p46_cp96,0.49671536661935534,1.0,head
h_p46_cp97,0.20640060258119775,1.0,head
h_p46_cp98,0.47236811047741867,1.0,head
h_p46_cp99,0.22150727895791533,1.0,head
h_p46_cp100,0.44106017356261873,1.0,head
h_p46_cp101,0.2319817650202367,1.0,head
h_p46_cp102,0.40662465455079655,1.0,head
h_p46_cp103,0.23780388313844014,1.0,head
h_p46_cp104,0.3726647830908405,1.0,head
h_p46_cp105,0.24019862347267917,1.0,head
h_p46_cp106,0.34214186577446526,1.0,head
h_p46_cp107,0.24187593579495115,1.0,head
h_p46_cp108,0.31718469694123996,1.0,head
h_p46_cp109,0.24706003022470213,1.0,head
h_p46_cp110,0.29911541081219184,1.0,head
h_p46_cp111,0.261387028131594,1.0,head
h_p46_cp112,0.28864488518320286,1.0,head
h_p46_cp113,0.2918069405784536,1.0,head
h_p46_cp114,0.2861684778108611,1.0,head
h_p46_cp115,0.3465801796376127,1.0,head
h_p46_cp116,0.29208634186170457,1.0,head
h_p46_cp117,0.4353723559415812,1.0,head
h_p46_cp118,0.30707893565067934,1.0,head
h_p46_cp119,0.5693738789202598,1.0,head
h_p46_cp120,0.33228561777013965,1.0,head
h_p46_cp121,0.7613172905128067,1.0,head
h_p46_cp122,0.36935834607993456,1.0,head
h_p46_cp123,1.025230814690758,1.0,head
h_p46_cp124,0.42038552966732823,1.0,head
h_p46_cp125,1.3757427715088397,1.0,head
h_p46_cp126,0.4876937444300893,1.0,head
h_p46_cp127,1.8267308386743935,1.0,head
h_p46_cp128,0.5735312091132982,1.0,head
h_p46_cp129,2.389089791804281,1.0,head
h_p46_cp130,0.6796131433984556,1.0,head
h_p46_cp131,3.067386902890121,1.0,head
h_p46_cp132,0.8064595250457387,1.0,head
h_p46_cp133,3.8552480376431504,1.0,head
h_p46_cp134,0.9523770395080646,1.0,head
h_p46_cp135,4.729593370197108,1.0,head
h_p46_cp136,1.1118706857632787,1.0,head
h_p46_cp137,5.644425849671279,1.0,head
h_p46_cp138,1.2734027528381375,1.0,head
h_p46_cp139,6.525663365049695,1.0,head
h_p46_cp140,1.4171694167202986,1.0,head
h_p46_cp141,7.269310641756192,1.0,head
h_p46_cp142,1.5153475673337198,1.0,head
h_p46_cp143,7.747420981856067,1.0,head
h_p46_cp144,1.5392182829382364,1.0,head
h_p46_cp145,7.834595220013853,1.0,head
h_p46_cp146,1.4752740962903772,1.0,head
h_p46_cp147,7.476890011162141,1.0,head
h_p46_cp148,1.3390257109449522,1.0,head
h_p46_cp149,6.76580207898337,1.0,head
h_p46_cp150,1.161179873686251,1.0,head
h_p46_cp151,5.85681812532448,1.0,head
h_p46_cp152,0.9715049744777389,1.0,head
h_p46_cp153,4.893421510324515,1.0,head
h_p46_cp154,0.7916735658864127,1.0,head
h_p46_cp155,3.977426334408392,1.0,head
h_p46_cp156,0.6350044421078564,1.0,head
h_p46_cp157,3.1680475944042428,1.0,head
h_p46_cp158,0.5087456572368865,1.0,head
h_p46_cp159,2.491542120635586,1.0,head
h_p46_cp160,0.41648787043595803,1.0,head
h_p46_cp161,1.9522469184385045,1.0,head
h_p46_cp162,0.3600439078581985,1.0,head
h_p46_cp163,1.5415531217681746,1.0,head
h_p46_cp164,0.34083286746044905,1.0,head
h_p46_cp165,1.243990649383477,1.0,head
h_p46_cp166,0.3609042929347197,1.0,head
h_p46_cp167,1.0406187974292607,1.0,head
h_p46_cp168,0.42366599498427604,1.0,head
h_p46_cp169,0.9102625893131062,1.0,head
h_p46_cp170,0.5343149552354589,1.0,head
h_p46_cp171,0.8295051275233618,1.0,head
h_p46_cp172,0.6999347648788898,1.0,head
h_p46_cp173,0.7731900375142686,1.0,head
h_p46_cp174,0.929192918091303,1.0,head
h_p46_cp175,0.7179422704073204,1.0,head
h_p46_cp176,1.2315342755391612,1.0,head
h_p46_cp177,0.649335152880667,1.0,head
h_p46_cp178,1.6157328528502148,1.0,head
h_p46_cp179,0.5668336024457403,1.0,head
h_p46_cp180,2.087664516647692,1.0,head
h_p46_cp181,0.4782685931713786,1.0,head
h_p46_cp182,2.647245507151638,1.0,head
h_p46_cp183,0.39221705168461085,1.0,head
h_p46_cp184,3.284689771403464,1.0,head
h_p46_cp185,0.31430625501366194,1.0,head
h_p46_cp186,3.976578041360426,1.0,head
h_p46_cp187,0.24701182168178093,1.0,head
h_p46_cp188,4.682651960852127,1.0,head
h_p46_cp189,0.19072751701469315,1.0,head
h_p46_cp190,5.344699068933096,1.0,head
h_p46_cp191,0.14477549113530586,1.0,head
h_p46_cp192,5.889475341875823,1.0,head
h_p46_cp193,0.10802101342665082,1.0,head
h_p46_cp194,6.238470846059954,1.0,head
h_p46_cp195,0.07918057833717285,1.0,head
h_p46_cp196,6.327588046432993,1.0,head
h_p46_cp197,0.05696893583444762,1.0,head
h_p46_cp198,6.134935961816609,1.0,head
h_p46_cp199,0.040175318662477366,1.0,head
h_p46_cp200,5.697652532566735,1.0,head
h_p46_cp201,0.02770734239925332,1.0,head
h_p46_cp202,5.091234079010064,1.0,head
h_p46_cp203,0.018615174035176096,1.0,head
h_p46_cp204,4.398827842610444,1.0,head
h_p46_cp205,0.012100241931193523,1.0,head
h_p46_cp206,3.690923143739383,1.0,head
h_p46_cp207,0.007511634081765806,1.0,head
h_p46_cp208,3.017944161890682,1.0,head
h_p46_cp209,0.004333758826760459,1.0,head
h_p46_cp210,2.4108502516232875,1.0,head
h_p46_cp211,0.002168896292005229,1.0,head
h_p47_cp0,0.3545286575094906,1.0,head
h_p47_cp1,1.9650842115670457,1.0,head
h_p47_cp2,0.49828708931727306,1.0,head
h_p47_cp3,2.5101029092006684,1.0,head
h_p47_cp4,0.6898519163278252,1.0,head
h_p47_cp5,3.1322894928339338,1.0,head
h_p47_cp6,0.9390243998800543,1.0,head
h_p47_cp7,3.811619198064818,1.0,head
h_p47_cp8,1.2551918265157838,1.0,head
h_p47_cp9,4.5147410537501855,1.0,head
h_p47_cp10,1.6457397445483366,1.0,head
h_p47_cp11,5.195019247503296,1.0,head
h_p47_cp12,2.1136973358820796,1.0,head
h_p47_cp13,5.794775299003959,1.0,head
h_p47_cp14,2.654419972107007,1.0,head
h_p47_cp15,6.249227054146559,1.0,head
h_p47_cp16,3.2512039281045872,1.0,head
h_p47_cp17,6.491794570246839,1.0,head
h_p47_cp18,3.870029553546374,1.0,head
h_p47_cp19,6.465052825859857,1.0,head
h_p47_cp20,4.454390178595986,1.0,head
h_p47_cp21,6.1500863560609105,1.0,head
h_p47_cp22,4.92355762256193,1.0,head
h_p47_cp23,5.608197138040396,1.0,head
h_p47_cp24,5.185430466462549,1.0,head
h_p47_cp25,4.930419018581688,1.0,head
h_p47_cp26,5.187832844922468,1.0,head
h_p47_cp27,4.201009972599877,1.0,head
h_p47_cp28,4.998418893492271,1.0,head
h_p47_cp29,3.483786555847928,1.0,head
h_p47_cp30,4.723722192380137,1.0,head
h_p47_cp31,2.820537653411975,1.0,head
h_p47_cp32,4.456468643584685,1.0,head
h_p47_cp33,2.234454788023868,1.0,head
h_p47_cp34,4.260661584875834,1.0,head
h_p47_cp35,1.7349107404807,1.0,head
h_p47_cp36,4.170300551704713,1.0,head
h_p47_cp37,1.321872458874168,1.0,head
h_p47_cp38,4.190574826452121,1.0,head
h_p47_cp39,0.9894001214711352,1.0,head
h_p47_cp40,4.29885552759356,1.0,head
h_p47_cp41,0.7282439901127873,1.0,head
h_p47_cp42,4.446568031434481,1.0,head
h_p47_cp43,0.527711550719232,1.0,head
h_p47_cp44,4.565656122723112,1.0,head
h_p47_cp45,0.37696665128942186,1.0,head
h_p47_cp46,4.584386778038379,1.0,head
h_p47_cp47,0.26587958705545134,1.0,head
h_p47_cp48,4.452777930345064,1.0,head
h_p47_cp49,0.18552023397273842,1.0,head
h_p47_cp50,4.164671640821325,1.0,head
h_p47_cp51,0.12837595120754486,1.0,head
h_p47_cp52,3.7544535058250403,1.0,head
h_p47_cp53,0.08837100826167443,1.0,head
h_p47_cp54,3.275061192670819,1.0,head
h_p47_cp55,0.060757152317592045,1.0,head
h_p47_cp56,2.7775029102706412,1.0,head
h_p47_cp57,0.04193368414462384,1.0,head
h_p47_cp58,2.3002519529122765,1.0,head
h_p47_cp59,0.029241515919920857,1.0,head
h_p47_cp60,1.8670726399539035,1.0,head
h_p47_cp61,0.020761543170692676,1.0,head
h_p47_cp62,1.4893199295020167,1.0,head
h_p47_cp63,0.015135216259523077,1.0,head
h_p47_cp64,1.1696401768103897,1.0,head
h_p47_cp65,0.011415472912176483,1.0,head
h_p47_cp66,0.9054031906782711,1.0,head
h_p47_cp67,0.008949398397817276,1.0,head
h_p47_cp68,0.6912326127749111,1.0,head
h_p47_cp69,0.007289786050478142,1.0,head
h_p47_cp70,0.5206216985670835,1.0,head
h_p47_cp71,0.006130602396069662,1.0,head
h_p47_cp72,0.3868714298944269,1.0,head
h_p47_cp73,0.005260600134533888,1.0,head
h_p47_cp74,0.2836015102757301,1.0,head
h_p47_cp75,0.004529417170033412,1.0,head
h_p47_cp76,0.205010834054292,1.0,head
h_p47_cp77,0.003821002023641995,1.0,head
h_p47_cp78,0.14599012035955639,1.0,head
h_p47_cp79,0.003029764106258881,1.0,head
h_p47_cp80,0.10214154647292162,1.0,head
h_p47_cp81,0.00203519171463995,1.0,head
h_p47_cp82,0.06973465578721516,1.0,head
h_p47_cp83,0.0006706135925469425,1.0,head
h_p47_cp84,0.4070229340959486,1.0,head
h_p47_cp85,0.0875652213082958,1.0,head
h_p47_cp86,0.4546931231616327,1.0,head
h_p47_cp87,0.10770608233042367,1.0,head
h_p47_cp88,0.49388603472561954,1.0,head
h_p47_cp89,0.12972330981688174,1.0,head
h_p47_cp90,0.5214326724299099,1.0,head
h_p47_cp91,0.1528929721825989,1.0,head
h_p47_cp92,0.5352352152895037,1.0,head
h_p47_cp93,0.17619019854919316,1.0,head
h_p47_cp94,0.5347119885573193,1.0,head
h_p47_cp95,0.198332836380132,1.0,head
h_p47_cp96,0.5209502562056514,1.0,head
h_p47_cp97,0.2179089071216822,1.0,head
h_p47_cp98,0.49650519968781737,1.0,head
h_p47_cp99,0.23361391944990828,1.0,head
h_p47_cp100,0.46491141646765755,1.0,head
h_p47_cp101,0.24460292665912675,1.0,head
h_p47_cp102,0.43006311323915725,1.0,head
h_p47_cp103,0.2509156478672594,1.0,head
h_p47_cp104,0.3956331834865523,1.0,head
h_p47_cp105,0.2538730646035674,1.0,head
h_p47_cp106,0.3646559779422205,1.0,head
h_p47_cp107,0.2563188211822762,1.0,head
h_p47_cp108,0.33933105154801524,1.0,head
h_p47_cp109,0.26264732722961526,1.0,head
h_p47_cp110,0.3210442590329876,1.0,head
h_p47_cp111,0.2786960022197036,1.0,head
h_p47_cp112,0.3105602662585625,1.0,head
h_p47_cp113,0.31163699061630723,1.0,head
h_p47_cp114,0.3083172800916145,1.0,head
h_p47_cp115,0.3699585859967556,1.0,head
h_p47_cp116,0.3147473253993667,1.0,head
h_p47_cp117,0.46353985580481094,1.0,head
h_p47_cp118,0.33055138221789093,1.0,head
h_p47_cp119,0.6037448281804245,1.0,head
h_p47_cp120,0.3568765974632697,1.0,head
h_p47_cp121,0.8034100439251688,1.0,head
h_p47_cp122,0.3953687438674933,1.0,head
h_p47_cp123,1.0765656864575703,1.0,head
h_p47_cp124,0.4480988273389812,1.0,head
h_p47_cp125,1.4377058462114292,1.0,head
h_p47_cp126,0.5173775489543004,1.0,head
h_p47_cp127,1.900400335791801,1.0,head
h_p47_cp128,0.6054660227964632,1.0,head
h_p47_cp129,2.4750201951792405,1.0,head
h_p47_cp130,0.7141580663824243,1.0,head
h_p47_cp131,3.1653566405909714,1.0,head
h_p47_cp132,0.8441408615112778,1.0,head
h_p47_cp133,3.964018393292463,1.0,head
h_p47_cp134,0.9939412661265123,1.0,head
h_p47_cp135,4.846802186962805,1.0,head
h_p47_cp136,1.1581990392601256,1.0,head
h_p47_cp137,5.766792828441794,1.0,head
h_p47_cp138,1.3251899960564515,1.0,head
h_p47_cp139,6.649598131812354,1.0,head
h_p47_cp140,1.4743684549275713,1.0,head
h_p47_cp141,7.391757847597091,1.0,head
h_p47_cp142,1.5765552322973235,1.0,head
h_p47_cp143,7.866615283969622,1.0,head
h_p47_cp144,1.6013849473201844,1.0,head
h_p47_cp145,7.950538058056964,1.0,head
h_p47_cp146,1.5344022643434982,1.0,head
h_p47_cp147,7.5905600590253925,1.0,head
h_p47_cp148,1.3921707655676983,1.0,head
h_p47_cp149,6.87773437402825,1.0,head
h_p47_cp150,1.20714556259054,1.0,head
h_p47_cp151,5.9661928172943135,1.0,head
h_p47_cp152,1.0105486587885935,1.0,head
h_p47_cp153,4.998369042590184,1.0,head
h_p47_cp154,0.8248893701543238,1.0,head
h_p47_cp155,4.075670566252938,1.0,head
h_p47_cp156,0.6637699273246653,1.0,head
h_p47_cp157,3.257583549930814,1.0,head
h_p47_cp158,0.5344089519476256,1.0,head
h_p47_cp159,2.5711143242365324,1.0,head
h_p47_cp160,0.4402963981601715,1.0,head
h_p47_cp161,2.021494498821312,1.0,head
h_p47_cp162,0.38321496846674563,1.0,head
h_p47_cp163,1.6008677725676534,1.0,head
h_p47_cp164,0.3646605177359561,1.0,head
h_p47_cp165,1.2942073044603148,1.0,head
h_p47_cp166,0.38684119367508174,1.0,head
h_p47_cp167,1.0826465560883207,1.0,head
h_p47_cp168,0.4533627778300797,1.0,head
h_p47_cp169,0.9447866870864345,1.0,head
h_p47_cp170,0.5696214040654013,1.0,head
h_p47_cp171,0.8569847807207225,1.0,head
h_p47_cp172,0.7428683711418671,1.0,head
h_p47_cp173,0.7943457526223483,1.0,head
h_p47_cp174,0.9818712256333129,1.0,head
h_p47_cp175,0.7344023454345461,1.0,head
h_p47_cp176,1.2960574682724655,1.0,head
h_p47_cp177,0.6633348497709903,1.0,head
h_p47_cp178,1.6939994023919098,1.0,head
h_p47_cp179,0.5796928476431731,1.0,head
h_p47_cp180,2.1811104585617613,1.0,head
h_p47_cp181,0.4901219427374599,1.0,head
h_p47_cp182,2.756519383847717,1.0,head
h_p47_cp183,0.40272338562954246,1.0,head
h_p47_cp184,3.409309278816181,1.0,head
h_p47_cp185,0.323236313694224,1.0,head
h_p47_cp186,4.1146598580226055,1.0,head
h_p47_cp187,0.25439193565989626,1.0,head
h_p47_cp188,4.830867511983797,1.0,head
h_p47_cp189,0.19674173263797456,1.0,head
h_p47_cp190,5.4986725303297135,1.0,head
h_p47_cp191,0.1496442370623754,1.0,head
h_p47_cp192,6.044789582805151,1.0,head
h_p47_cp193,0.11193735433312213,1.0,head
h_p47_cp194,6.3920436523599165,1.0,head
h_p47_cp195,0.0822971672107542,1.0,head
h_p47_cp196,6.4784471293701245,1.0,head
h_p47_cp197,0.059407471654139954,1.0,head
h_p47_cp198,6.283277964379522,1.0,head
h_p47_cp199,0.04203890516191677,1.0,head
h_p47_cp200,5.8430789781969,1.0,head
h_p47_cp201,0.029088290949403017,1.0,head
h_p47_cp202,5.231682988030116,1.0,head
h_p47_cp203,0.01959789625493613,1.0,head
h_p47_cp204,4.531171607355645,1.0,head
h_p47_cp205,0.012761235454490816,1.0,head
h_p47_cp206,3.8121776027555825,1.0,head
h_p47_cp207,0.007918497197124452,1.0,head
h_p47_cp208,3.126068386996849,1.0,head
h_p47_cp209,0.004544389715874786,1.0,head
h_p47_cp210,2.5049404341298214,1.0,head
h_p47_cp211,0.0022313248766749894,1.0,head
h_p48_cp0,0.3721890763176816,1.0,head
h_p48_cp1,2.045511657271163,1.0,head
h_p48_cp2,0.5201841517573484,1.0,head
h_p48_cp3,2.6029595725740364,1.0,head
h_p48_cp4,0.7164730563790727,1.0,head
h_p48_cp5,3.236969229967599,1.0,head
h_p48_cp6,0.9706543769939344,1.0,head
h_p48_cp7,3.926807827381708,1.0,head
h_p48_cp8,1.291879761214659,1.0,head
h_p48_cp9,4.63869220190827,1.0,head
h_p48_cp10,1.6873472579022746,1.0,head
h_p48_cp11,5.326169642865352,1.0,head
h_p48_cp12,2.1601192832922607,1.0,head
h_p48_cp13,5.9325520394559135,1.0,head
h_p48_cp14,2.706087098686112,1.0,head
h_p48_cp15,6.394282510699213,1.0,head
h_p48_cp16,3.3098566666953957,1.0,head
h_p48_cp17,6.644201645948215,1.0,head
h_p48_cp18,3.9392625822192713,1.0,head
h_p48_cp19,6.620213660196441,1.0,head
h_p48_cp20,4.538604064368883,1.0,head
h_p48_cp21,6.298213228308214,1.0,head
h_p48_cp22,5.024035636388817,1.0,head
h_p48_cp23,5.744633934802096,1.0,head
h_p48_cp24,5.296211716174639,1.0,head
h_p48_cp25,5.055226707725069,1.0,head
h_p48_cp26,5.29926802435466,1.0,head
h_p48_cp27,4.31507765810602,1.0,head
h_p48_cp28,5.1045866252893575,1.0,head
h_p48_cp29,3.587203713798317,1.0,head
h_p48_cp30,4.825949379418489,1.0,head
h_p48_cp31,2.9128608038122366,1.0,head
h_p48_cp32,4.559126425818249,1.0,head
h_p48_cp33,2.3153256870914447,1.0,head
h_p48_cp34,4.367115177939922,1.0,head
h_p48_cp35,1.8043721352491957,1.0,head
h_p48_cp36,4.281688095894879,1.0,head
h_p48_cp37,1.3803954562399667,1.0,head
h_p48_cp38,4.306175296440188,1.0,head
h_p48_cp39,1.0377890901045248,1.0,head
h_p48_cp40,4.41679185804378,1.0,head
h_p48_cp41,0.7675228947714459,1.0,head
h_p48_cp42,4.564516972357069,1.0,head
h_p48_cp43,0.5590248102648729,1.0,head
h_p48_cp44,4.681654982464579,1.0,head
h_p48_cp45,0.4014969734935221,1.0,head
h_p48_cp46,4.697531140479896,1.0,head
h_p48_cp47,0.28478054554034316,1.0,head
h_p48_cp48,4.562947962263934,1.0,head
h_p48_cp49,0.199863834791131,1.0,head
h_p48_cp50,4.271004786772437,1.0,head
h_p48_cp51,0.13911661401152742,1.0,head
h_p48_cp52,3.855163853627346,1.0,head
h_p48_cp53,0.09632621854075296,1.0,head
h_p48_cp54,3.3682921979391267,1.0,head
h_p48_cp55,0.06660299103509715,1.0,head
h_p48_cp56,2.8619569807506196,1.0,head
h_p48_cp57,0.046211840780415514,1.0,head
h_p48_cp58,2.375318210165915,1.0,head
h_p48_cp59,0.0323737652508953,1.0,head
h_p48_cp60,1.9326940156918226,1.0,head
h_p48_cp61,0.023067924285442132,1.0,head
h_p48_cp62,1.5458158232634105,1.0,head
h_p48_cp63,0.016852943383355523,1.0,head
h_p48_cp64,1.2175683128684796,1.0,head
h_p48_cp65,0.012716572876797727,1.0,head
h_p48_cp66,0.9454684499241921,1.0,head
h_p48_cp67,0.009955955953273588,1.0,head
h_p48_cp68,0.7242276923734607,1.0,head
h_p48_cp69,0.008086356040848841,1.0,head
h_p48_cp70,0.5473835236580271,1.0,head
h_p48_cp71,0.006773783513381204,1.0,head
h_p48_cp72,0.4082436508754199,1.0,head
h_p48_cp73,0.005785982272072943,1.0,head
h_p48_cp74,0.3004004537515357,1.0,head
h_p48_cp75,0.004956161653808522,1.0,head
h_p48_cp76,0.21799619290527517,1.0,head
h_p48_cp77,0.004154242385084217,1.0,head
h_p48_cp78,0.1558420821411346,1.0,head
h_p48_cp79,0.003260867898006836,1.0,head
h_p48_cp80,0.1094446551371675,1.0,head
h_p48_cp81,0.0021397335067376844,1.0,head
h_p48_cp82,0.0749671467197004,1.0,head
h_p48_cp83,0.0006037000307514973,1.0,head
h_p48_cp84,0.4264031603102012,1.0,head
h_p48_cp85,0.09379781489633388,1.0,head
h_p48_cp86,0.4755959445674307,1.0,head
h_p48_cp87,0.11497523401249055,1.0,head
h_p48_cp88,0.5160690960560714,1.0,head
h_p48_cp89,0.13803087339329068,1.0,head
h_p48_cp90,0.5446253666068515,1.0,head
h_p48_cp91,0.16220382412075196,1.0,head
h_p48_cp92,0.5591557050961455,1.0,head
h_p48_cp93,0.18643424196284286,1.0,head
h_p48_cp94,0.5590832434731965,1.0,head
h_p48_cp95,0.2094121963557427,1.0,head
h_p48_cp96,0.5455149006565989,1.0,head
h_p48_cp97,0.22971098404036638,1.0,head
h_p48_cp98,0.521039203366854,1.0,head
h_p48_cp99,0.2460309211933236,1.0,head
h_p48_cp100,0.48923670558087906,1.0,head
h_p48_cp101,0.2575580775430808,1.0,head
h_p48_cp102,0.45405855920580507,1.0,head
h_p48_cp103,0.2643950464246245,1.0,head
h_p48_cp104,0.4192425781411657,1.0,head
h_p48_cp105,0.2679608102862403,1.0,head
h_p48_cp106,0.38789148783371274,1.0,head
h_p48_cp107,0.27123295606952524,1.0,head
h_p48_cp108,0.3622714950815862,1.0,head
h_p48_cp109,0.2787744958627627,1.0,head
h_p48_cp110,0.34382883058742664,1.0,head
h_p48_cp111,0.2966209174301184,1.0,head
h_p48_cp112,0.3333792881471709,1.0,head
h_p48_cp113,0.3321614288058754,1.0,head
h_p48_cp114,0.33140170589558693,1.0,head
h_p48_cp115,0.3941046908385033,1.0,head
h_p48_cp116,0.33835806422985115,1.0,head
h_p48_cp117,0.4925328621445715,1.0,head
h_p48_cp118,0.35496862035870436,1.0,head
h_p48_cp119,0.6389705505314396,1.0,head
h_p48_cp120,0.3823891065353564,1.0,head
h_p48_cp121,0.846343079942244,1.0,head
h_p48_cp122,0.42226467277669144,1.0,head
h_p48_cp123,1.1286652032595157,1.0,head
h_p48_cp124,0.4766630921039905,1.0,head
h_p48_cp125,1.5002761073544661,1.0,head
h_p48_cp126,0.5479054693000762,1.0,head
h_p48_cp127,1.9744127013939305,1.0,head
h_p48_cp128,0.6383043244923101,1.0,head
h_p48_cp129,2.560896559825551,1.0,head
h_p48_cp130,0.7497759328139182,1.0,head
h_p48_cp131,3.262732738557588,1.0,head
h_p48_cp132,0.8832089627367168,1.0,head
h_p48_cp133,4.071552289630517,1.0,head
h_p48_cp134,1.0373575665798853,1.0,head
h_p48_cp135,4.962161064460588,1.0,head
h_p48_cp136,1.2069658624918702,1.0,head
h_p48_cp137,5.886980436754811,1.0,head
h_p48_cp138,1.3800529929990262,1.0,head
h_p48_cp139,6.771669903555676,1.0,head
h_p48_cp140,1.5352121430837542,1.0,head
h_p48_cp141,7.513658866109608,1.0,head
h_p48_cp142,1.6417461544069738,1.0,head
h_p48_cp143,7.987504379511847,1.0,head
h_p48_cp144,1.6675831430193284,1.0,head
h_p48_cp145,8.069809623894116,1.0,head
h_p48_cp146,1.5975083985281344,1.0,head
h_p48_cp147,7.706160181636051,1.0,head
h_p48_cp148,1.448949402832568,1.0,head
h_p48_cp149,6.989546596528726,1.0,head
h_p48_cp150,1.256169410435632,1.0,head
h_p48_cp151,6.074221979388085,1.0,head
h_p48_cp152,1.0520061016013642,1.0,head
h_p48_cp153,5.101625577700361,1.0,head
h_p48_cp154,0.8599256539964699,1.0,head
h_p48_cp155,4.172437939581869,1.0,head
h_p48_cp156,0.693885684514953,1.0,head
h_p48_cp157,3.3461187316693213,1.0,head
h_p48_cp158,0.5611086584540317,1.0,head
h_p48_cp159,2.6502007490857977,1.0,head
h_p48_cp160,0.4649806373708998,1.0,head
h_p48_cp161,2.0906617635266684,1.0,head
h_p48_cp162,0.40722447510415805,1.0,head
h_p48_cp163,1.6603095498369385,1.0,head
h_p48_cp164,0.3893732823839855,1.0,head
h_p48_cp165,1.3445134152675564,1.0,head
h_p48_cp166,0.4137582731536895,1.0,head
h_p48_cp167,1.1244873890541385,1.0,head
h_p48_cp168,0.48415683411758437,1.0,head
h_p48_cp169,0.9787242215782044,1.0,head
h_p48_cp170,0.6061444890706298,1.0,head
h_p48_cp171,0.883607027912376,1.0,head
h_p48_cp172,0.7871201823768388,1.0,head
h_p48_cp173,0.8147192102553618,1.0,head
h_p48_cp174,1.035923240707234,1.0,head
h_p48_cp175,0.7502708344882194,1.0,head
h_p48_cp176,1.3619209702801527,1.0,head
h_p48_cp177,0.6764265255678765,1.0,head
h_p48_cp178,1.7734240485647206,1.0,head
h_p48_cp179,0.591458362809135,1.0,head
h_p48_cp180,2.275310333796824,1.0,head
h_p48_cp181,0.5010734867209976,1.0,head
h_p48_cp182,2.865848495631326,1.0,head
h_p48_cp183,0.4126997145926907,1.0,head
h_p48_cp184,3.5329485931010822,1.0,head
h_p48_cp185,0.3319603186405402,1.0,head
h_p48_cp186,4.250431609427778,1.0,head
h_p48_cp187,0.26175547863022075,1.0,head
h_p48_cp188,4.975348807001865,1.0,head
h_p48_cp189,0.20281394892845128,1.0,head
h_p48_cp190,5.647784643397699,1.0,head
h_p48_cp191,0.1545815534425401,1.0,head
h_p48_cp192,6.19485150933815,1.0,head
h_p48_cp193,0.11590910225208972,1.0,head
h_p48_cp194,6.54078139323201,1.0,head
h_p48_cp195,0.08545295316594093,1.0,head
h_p48_cp196,6.625008046400126,1.0,head
h_p48_cp197,0.06187266795564028,1.0,head
h_p48_cp198,6.4271597937799925,1.0,head
h_p48_cp199,0.043920456983414624,1.0,head
h_p48_cp200,5.983900443197854,1.0,head
h_p48_cp201,0.030480722828997386,1.0,head
h_p48_cp202,5.3680112774563895,1.0,head
h_p48_cp203,0.020586448701124027,1.0,head
h_p48_cp204,4.660418050938006,1.0,head
h_p48_cp205,0.01342255793088043,1.0,head
h_p48_cp206,3.931506559992158,1.0,head
h_p48_cp207,0.008320210544752626,1.0,head
h_p48_cp208,3.233283177013618,1.0,head
h_p48_cp209,0.0047445583109038125,1.0,head
h_p48_cp210,2.598863093438922,1.0,head
h_p48_cp211,0.002278356299484585,1.0,head
h_p49_cp0,0.39006960612641706,1.0,head
h_p49_cp1,2.1261287931670267,1.0,head
h_p49_cp2,0.5422201534124724,1.0,head
h_p49_cp3,2.6955970961166713,1.0,head
h_p49_cp4,0.743133553727148,1.0,head
h_p49_cp5,3.341037305509417,1.0,head
h_p49_cp6,1.0022333683973557,1.0,head
h_p49_cp7,4.0412541850741945,1.0,head
h_p49_cp8,1.3285061964775196,1.0,head
h_p49_cp9,4.762473002027946,1.0,head
h_p49_cp10,1.7291047354233342,1.0,head
h_p49_cp11,5.458994689013707,1.0,head
h_p49_cp12,2.207353378618791,1.0,head
h_p49_cp13,6.075505382765641,1.0,head
h_p49_cp14,2.759923718479513,1.0,head
h_p49_cp15,6.549272494435627,1.0,head
h_p49_cp16,3.372709351355752,1.0,head
h_p49_cp17,6.810921279245576,1.0,head
h_p49_cp18,4.014607671693739,1.0,head
h_p49_cp19,6.7915729551491495,1.0,head
h_p49_cp20,4.629030598609461,1.0,head
h_p49_cp21,6.461348339953474,1.0,head
h_p49_cp22,5.128064733575229,1.0,head
h_p49_cp23,5.892272238181704,1.0,head
h_p49_cp24,5.408120001911357,1.0,head
h_p49_cp25,5.186874339348378,1.0,head
h_p49_cp26,5.414321179253875,1.0,head
h_p49_cp27,4.432698786764377,1.0,head
h_p49_cp28,5.217076172928046,1.0,head
h_p49_cp29,3.6923334589087062,1.0,head
h_p49_cp30,4.934384266359757,1.0,head
h_p49_cp31,3.006114746809999,1.0,head
h_p49_cp32,4.6659667402918785,1.0,head
h_p49_cp33,2.396899084818415,1.0,head
h_p49_cp34,4.475449603381094,1.0,head
h_p49_cp35,1.8745202618351868,1.0,head
h_p49_cp36,4.393104272533492,1.0,head
h_p49_cp37,1.4396389627581812,1.0,head
h_p49_cp38,4.420381317959709,1.0,head
h_p49_cp39,1.0869241078557934,1.0,head
h_p49_cp40,4.532133900173903,1.0,head
h_p49_cp41,0.8075510570229198,1.0,head
h_p49_cp42,4.678846913097004,1.0,head
h_p49_cp43,0.5910672754250754,1.0,head
h_p49_cp44,4.793332283401696,1.0,head
h_p49_cp45,0.4267154982487682,1.0,head
h_p49_cp46,4.806078811486714,1.0,head
h_p49_cp47,0.3043115713203406,1.0,head
h_p49_cp48,4.668609614491061,1.0,head
h_p49_cp49,0.214767395846593,1.0,head
h_p49_cp50,4.3736078732245005,1.0,head
h_p49_cp51,0.15034106597340724,1.0,head
h_p49_cp52,3.953348719386213,1.0,head
h_p49_cp53,0.10468868482689686,1.0,head
h_p49_cp54,3.460136045524905,1.0,head
h_p49_cp55,0.07278385041513502,1.0,head
h_p49_cp56,2.9458408032637635,1.0,head
h_p49_cp57,0.05076025386915717,1.0,head
h_p49_cp58,2.450307831439204,1.0,head
h_p49_cp59,0.035720627463661,1.0,head
h_p49_cp60,1.998507915043092,1.0,head
h_p49_cp61,0.025542763774865307,1.0,head
h_p49_cp62,1.6026450881952314,1.0,head
h_p49_cp63,0.018701917525049794,1.0,head
h_p49_cp64,1.265904256380054,1.0,head
h_p49_cp65,0.01411955972935175,1.0,head
h_p49_cp66,0.9859806783613294,1.0,head
h_p49_cp67,0.011041552596680049,1.0,head
h_p49_cp68,0.757686066668839,1.0,head
h_p49_cp69,0.008944247175350029,1.0,head
h_p49_cp70,0.5746062804460053,1.0,head
h_p49_cp71,0.007464382093985478,1.0,head
h_p49_cp72,0.4300578535535351,1.0,head
h_p49_cp73,0.006347478121597305,1.0,head
h_p49_cp74,0.31760839756907444,1.0,head
h_p49_cp75,0.005409181749200798,1.0,head
h_p49_cp76,0.2313467675019183,1.0,head
h_p49_cp77,0.004504273453676433,1.0,head
h_p49_cp78,0.16600792839653877,1.0,head
h_p49_cp79,0.003498459499951423,1.0,head
h_p49_cp80,0.1170053925538923,1.0,head
h_p49_cp81,0.0022383212669865316,1.0,head
h_p49_cp82,0.0803976753218194,1.0,head
h_p49_cp83,0.0005146907287780778,1.0,head
h_p49_cp84,0.44598898545382326,1.0,head
h_p49_cp85,0.10024702203349989,1.0,head
h_p49_cp86,0.49669595073464734,1.0,head
h_p49_cp87,0.12247666655503053,1.0,head
h_p49_cp88,0.5384505082070064,1.0,head
h_p49_cp89,0.1465836205143205,1.0,head
h_p49_cp90,0.5680294838475675,1.0,head
h_p49_cp91,0.1717705359219508,1.0,head
h_p49_cp92,0.5833137722183892,1.0,head
h_p49_cp93,0.19694345182529105,1.0,head
h_p49_cp94,0.583731726499991,1.0,head
h_p49_cp95,0.2207658696870567,1.0,head
h_p49_cp96,0.5704097778411779,1.0,head
h_p49_cp97,0.2417981601718111,1.0,head
h_p49_cp98,0.5459688146997905,1.0,head
h_p49_cp99,0.2587481132670746,1.0,head
h_p49_cp100,0.5140330543254095,1.0,head
h_p49_cp101,0.27083623770772647,1.0,head
h_p49_cp102,0.4786069061424314,1.0,head
h_p49_cp103,0.2782313394891389,1.0,head
h_p49_cp104,0.44348847979927086,1.0,head
h_p49_cp105,0.28245238785234505,1.0,head
h_p49_cp106,0.4118440318825378,1.0,head
h_p49_cp107,0.2866106823660175,1.0,head
h_p49_cp108,0.38600198443418776,1.0,head
h_p49_cp109,0.2954353993852692,1.0,head
h_p49_cp110,0.36746525233684224,1.0,head
h_p49_cp111,0.31515590071080624,1.0,head
h_p49_cp112,0.3570978483230647,1.0,head
h_p49_cp113,0.3533726434602613,1.0,head
h_p49_cp114,0.35541699856094056,1.0,head
h_p49_cp115,0.419006848943809,1.0,head
h_p49_cp116,0.36291307579085696,1.0,head
h_p49_cp117,0.5223335192797549,1.0,head
h_p49_cp118,0.3803252766942933,1.0,head
h_p49_cp119,0.6750250231430073,1.0,head
h_p49_cp120,0.4088202915631882,1.0,head
h_p49_cp121,0.8900801421682445,1.0,head
h_p49_cp122,0.4500503207918882,1.0,head
h_p49_cp123,1.1814801380974131,1.0,head
h_p49_cp124,0.506096076895119,1.0,head
h_p49_cp125,1.5633880078423772,1.0,head
h_p49_cp126,0.5793159506833945,1.0,head
h_p49_cp127,2.0486845810687555,1.0,head
h_p49_cp128,0.6721099908163524,1.0,head
h_p49_cp129,2.6466256738924585,1.0,head
h_p49_cp130,0.7865544745500301,1.0,head
h_p49_cp131,3.3594455022707734,1.0,head
h_p49_cp132,0.9237640105952778,1.0,head
h_p49_cp133,4.177891271303679,1.0,head
h_p49_cp134,1.0827138750651102,1.0,head
h_p49_cp135,5.0760125189431164,1.0,head
h_p49_cp136,1.258201216202906,1.0,head
h_p49_cp137,6.005984757308397,1.0,head
h_p49_cp138,1.437886701761272,1.0,head
h_p49_cp139,6.8940531604596345,1.0,head
h_p49_cp140,1.5993714635719698,1.0,head
h_p49_cp141,7.638834905314752,1.0,head
h_p49_cp142,1.7103691899310434,1.0,head
h_p49_cp143,8.1153526765263,1.0,head
h_p49_cp144,1.7372080357354207,1.0,head
h_p49_cp145,8.198038111547021,1.0,head
h_p49_cp146,1.6640459582422409,1.0,head
h_p49_cp147,7.829067727548136,1.0,head
h_p49_cp148,1.5090416430966798,1.0,head
h_p49_cp149,7.105253941122783,1.0,head
h_p49_cp150,1.308159465940662,1.0,head
h_p49_cp151,6.183314131339785,1.0,head
h_p49_cp152,1.095923878478061,1.0,head
h_p49_cp153,5.204423031426131,1.0,head
h_p49_cp154,0.8968894530135003,1.0,head
h_p49_cp155,4.268275005971873,1.0,head
h_p49_cp156,0.7254726342748654,1.0,head
h_p49_cp157,3.433839795348831,1.0,head
h_p49_cp158,0.5889539162358233,1.0,head
h_p49_cp159,2.728806978587272,1.0,head
h_p49_cp160,0.49062558904461184,1.0,head
h_p49_cp161,2.159665721313786,1.0,head
h_p49_cp162,0.43213072828302757,1.0,head
h_p49_cp163,1.7197606662937233,1.0,head
h_p49_cp164,0.41500626872721114,1.0,head
h_p49_cp165,1.3948142424683283,1.0,head
h_p49_cp166,0.4416726121089596,1.0,head
h_p49_cp167,1.1661679764652035,1.0,head
h_p49_cp168,0.5160502553453625,1.0,head
h_p49_cp169,1.012356645204818,1.0,head
h_p49_cp170,0.643869801240271,1.0,head
h_p49_cp171,0.9099750113111895,1.0,head
h_p49_cp172,0.8326521334438439,1.0,head
h_p49_cp173,0.8350800527682622,1.0,head
h_p49_cp174,1.091274510513358,1.0,head
h_p49_cp175,0.7662228407707516,1.0,head
h_p49_cp176,1.4289971898883778,1.0,head
h_p49_cp177,0.6893875280627526,1.0,head
h_p49_cp178,1.8538095287458418,1.0,head
h_p49_cp179,0.6027494011709678,1.0,head
h_p49_cp180,2.369990386680911,1.0,head
h_p49_cp181,0.5114306384784868,1.0,head
h_p49_cp182,2.9749046673637167,1.0,head
h_p49_cp183,0.42221028752828715,1.0,head
h_p49_cp184,3.65530963978199,1.0,head
h_p49_cp185,0.34043282428365274,1.0,head
h_p49_cp186,4.3838164544067695,1.0,head
h_p49_cp187,0.26903931253468727,1.0,head
h_p49_cp188,5.1165632880702105,1.0,head
h_p49_cp189,0.2088994708797145,1.0,head
h_p49_cp190,5.7934440080816785,1.0,head
h_p49_cp191,0.15956436977603516,1.0,head
h_p49_cp192,6.342277762559661,1.0,head
h_p49_cp193,0.11992705762031619,1.0,head
h_p49_cp194,6.688351020435221,1.0,head
h_p49_cp195,0.08864500207118908,1.0,head
h_p49_cp196,6.771344830158796,1.0,head
h_p49_cp197,0.06436338030266597,1.0,head
h_p49_cp198,6.5703580278564,1.0,head
h_p49_cp199,0.04581876944735086,1.0,head
h_p49_cp200,6.122932823851443,1.0,head
h_p49_cp201,0.03188294399728875,1.0,head
h_p49_cp202,5.501886491620553,1.0,head
h_p49_cp203,0.02157875353327654,1.0,head
h_p49_cp204,4.78732143255138,1.0,head
h_p49_cp205,0.014081944188546913,1.0,head
h_p49_cp206,4.049115219233954,1.0,head
h_p49_cp207,0.00871445651614522,1.0,head
h_p49_cp208,3.3395405938308613,1.0,head
h_p49_cp209,0.004931951365279019,1.0,head
h_p49_cp210,2.692493349151391,1.0,head
h_p49_cp211,0.0023076867150848557,1.0,head
h_p50_cp0,0.40816418539407096,1.0,head
h_p50_cp1,2.206874911335035,1.0,head
h_p50_cp2,0.5643972771008521,1.0,head
h_p50_cp3,2.788049713950386,1.0,head
h_p50_cp4,0.7698584355407547,1.0,head
h_p50_cp5,3.4447618892922947,1.0,head
h_p50_cp6,1.0338335250580712,1.0,head
h_p50_cp7,4.155658444666642,1.0,head
h_p50_cp8,1.3652203500378164,1.0,head
h_p50_cp9,4.887405072152887,1.0,head
h_p50_cp10,1.7712448153670266,1.0,head
h_p50_cp11,5.595463004618523,1.0,head
h_p50_cp12,2.25560827180243,1.0,head
h_p50_cp13,6.225924510300501,1.0,head
h_p50_cp14,2.815710752234736,1.0,head
h_p50_cp15,6.716114642576031,1.0,head
h_p50_cp16,3.438205101019321,1.0,head
h_p50_cp17,6.992904169496796,1.0,head
h_p50_cp18,4.091831457362332,1.0,head
h_p50_cp19,6.979438554022636,1.0,head
h_p50_cp20,4.717847413610798,1.0,head
h_p50_cp21,6.640200271046524,1.0,head
h_p50_cp22,5.225103125884289,1.0,head
h_p50_cp23,6.0526222082025924,1.0,head
h_p50_cp24,5.510158216577565,1.0,head
h_p50_cp25,5.327189629232635,1.0,head
h_p50_cp26,5.522431909715124,1.0,head
h_p50_cp27,4.555423770636025,1.0,head
h_p50_cp28,5.3280220472711335,1.0,head
h_p50_cp29,3.8002003901360695,1.0,head
h_p50_cp30,5.044713849371874,1.0,head
h_p50_cp31,3.100854502844868,1.0,head
h_p50_cp32,4.775299492045633,1.0,head
h_p50_cp33,2.4794264811653193,1.0,head
h_p50_cp34,4.585242332950656,1.0,head
h_p50_cp35,1.9454494166775476,1.0,head
h_p50_cp36,4.504481644047701,1.0,head
h_p50_cp37,1.4996293160147616,1.0,head
h_p50_cp38,4.533111075043507,1.0,head
h_p50_cp39,1.136806431241439,1.0,head
h_p50_cp40,4.64476300850265,1.0,head
h_p50_cp41,0.8483217969596808,1.0,head
h_p50_cp42,4.789505055027121,1.0,head
h_p50_cp43,0.6238305243875857,1.0,head
h_p50_cp44,4.900723228461175,1.0,head
h_p50_cp45,0.45261452977752015,1.0,head
h_p50_cp46,4.910022545247784,1.0,head
h_p50_cp47,0.32446696325496305,1.0,head
h_p50_cp48,4.769638993503577,1.0,head
h_p50_cp49,0.23022784519844208,1.0,head
h_p50_cp50,4.472053686804202,1.0,head
h_p50_cp51,0.16204894357997546,1.0,head
h_p50_cp52,4.048372881969499,1.0,head
h_p50_cp53,0.11346038008355208,1.0,head
h_p50_cp54,3.549977650012579,1.0,head
h_p50_cp55,0.07930340230109323,1.0,head
h_p50_cp56,3.0286951269931706,1.0,head
h_p50_cp57,0.055583586394050144,1.0,head
h_p50_cp58,2.5249301175292658,1.0,head
h_p50_cp59,0.0392871240369459,1.0,head
h_p50_cp60,2.064346762278774,1.0,head
h_p50_cp61,0.028190959710173047,1.0,head
h_p50_cp62,1.6597132610131666,1.0,head
h_p50_cp63,0.020686598308429893,1.0,head
h_p50_cp64,1.314591926451385,1.0,head
h_p50_cp65,0.01562828459964294,1.0,head
h_p50_cp66,1.0269030546153317,1.0,head
h_p50_cp67,0.012209366791694265,1.0,head
h_p50_cp68,0.7915812501780692,1.0,head
h_p50_cp69,0.009865965307653823,1.0,head
h_p50_cp70,0.6022701083020365,1.0,head
h_p50_cp71,0.008204259495641963,1.0,head
h_p50_cp72,0.45229920435508575,1.0,head
h_p50_cp73,0.00694633291664104,1.0,head
h_p50_cp74,0.3352145664341606,1.0,head
h_p50_cp75,0.005889115709578618,1.0,head
h_p50_cp76,0.2450549810537268,1.0,head
h_p50_cp77,0.004871104008088878,1.0,head
h_p50_cp78,0.17648243427220223,1.0,head
h_p50_cp79,0.003741857732848075,1.0,head
h_p50_cp80,0.12482007492326375,1.0,head
h_p50_cp81,0.0023294850377624243,1.0,head
h_p50_cp82,0.08602335019440943,1.0,head
h_p50_cp83,0.00040119664981830283,1.0,head
h_p50_cp84,0.4657774650072497,1.0,head
h_p50_cp85,0.1069092548284516,1.0,head
h_p50_cp86,0.5179940997450103,1.0,head
h_p50_cp87,0.13020609098998648,1.0,head
h_p50_cp88,0.5610351421973974,1.0,head
h_p50_cp89,0.15537644778146387,1.0,head
h_p50_cp90,0.59165295788398,1.0,head
h_p50_cp91,0.18158689919118842,1.0,head
h_p50_cp92,0.6077189242328132,1.0,head
h_p50_cp93,0.20771007340135839,1.0,head
h_p50_cp94,0.6086667838203539,1.0,head
h_p50_cp95,0.23238413265403324,1.0,head
h_p50_cp96,0.595642501956263,1.0,head
h_p50_cp97,0.25415860622092623,1.0,head
h_p50_cp98,0.571298892584764,1.0,head
h_p50_cp99,0.27175191896185424,1.0,head
h_p50_cp100,0.5393022973908046,1.0,head
h_p50_cp101,0.284422920231691,1.0,head
h_p50_cp102,0.5037073524285915,1.0,head
h_p50_cp103,0.2924101946364317,1.0,head
h_p50_cp104,0.46836817098619576,1.0,head
h_p50_cp105,0.2973345834216161,1.0,head
h_p50_cp106,0.43650967907478844,1.0,head
h_p50_cp107,0.3024404824270732,1.0,head
h_p50_cp108,0.4105178306790549,1.0,head
h_p50_cp109,0.3126201056311402,1.0,head
h_p50_cp110,0.3919482240830803,1.0,head
h_p50_cp111,0.33429161675667274,1.0,head
h_p50_cp112,0.38170996497456144,1.0,head
h_p50_cp113,0.3752601191017675,1.0,head
h_p50_cp114,0.3803564406471196,1.0,head
h_p50_cp115,0.4446511368294068,1.0,head
h_p50_cp116,0.3884052452440301,1.0,head
h_p50_cp117,0.5529221703382063,1.0,head
h_p50_cp118,0.40661507280401565,1.0,head
h_p50_cp119,0.7118805461775537,1.0,head
h_p50_cp120,0.4361673685257301,1.0,head
h_p50_cp121,0.9345830021325128,1.0,head
h_p50_cp122,0.4787307628612325,1.0,head
h_p50_cp123,1.2349589422690315,1.0,head
h_p50_cp124,0.5364163618669409,1.0,head
h_p50_cp125,1.6269746245702663,1.0,head
h_p50_cp126,0.6116463769876646,1.0,head
h_p50_cp127,2.1231366878971585,1.0,head
h_p50_cp128,0.7069411703218975,1.0,head
h_p50_cp129,2.732134581064429,1.0,head
h_p50_cp130,0.824567437224232,1.0,head
h_p50_cp131,3.4554826784590205,1.0,head
h_p50_cp132,0.9658796399553466,1.0,head
h_p50_cp133,4.283203936371592,1.0,head
h_p50_cp134,1.1300559383839754,1.0,head
h_p50_cp135,5.18892319128372,1.0,head
h_p50_cp136,1.311887168362773,1.0,head
h_p50_cp137,6.1250807602514215,1.0,head
h_p50_cp138,1.4985859673843152,1.0,head
h_p50_cp139,7.019012272414102,1.0,head
h_p50_cp140,1.666686697035857,1.0,head
h_p50_cp141,7.770482399950424,1.0,head
h_p50_cp142,1.7823132136682034,1.0,head
h_p50_cp143,8.253669777920322,1.0,head
h_p50_cp144,1.8102307821618524,1.0,head
h_p50_cp145,8.338556167423121,1.0,head
h_p50_cp146,1.7339084967452436,1.0,head
h_p50_cp147,7.962925625332446,1.0,head
h_p50_cp148,1.5722968889804179,1.0,head
h_p50_cp149,7.22829387854631,1.0,head
h_p50_cp150,1.363023669944596,1.0,head
h_p50_cp151,6.296034416833891,1.0,head
h_p50_cp152,1.142300459427588,1.0,head
h_p50_cp153,5.308333953499641,1.0,head
h_p50_cp154,0.935845445637824,1.0,head
h_p50_cp155,4.363999869498457,1.0,head
h_p50_cp156,0.7586250759609356,1.0,head
h_p50_cp157,3.521098534172097,1.0,head
h_p50_cp158,0.6180400647263014,1.0,head
h_p50_cp159,2.8070307905475147,1.0,head
h_p50_cp160,0.5173110355540302,1.0,head
h_p50_cp161,2.228483414390439,1.0,head
h_p50_cp162,0.4579916627990315,1.0,head
h_p50_cp163,1.779168052506975,1.0,head
h_p50_cp164,0.4415959176276374,1.0,head
h_p50_cp165,1.4451153996801622,1.0,head
h_p50_cp166,0.47060191237915205,1.0,head
h_p50_cp167,1.2078648446488387,1.0,head
h_p50_cp168,0.5490434747971449,1.0,head
h_p50_cp169,1.0461510859211103,1.0,head
h_p50_cp170,0.6827782535210645,1.0,head
h_p50_cp171,0.9369100479837016,1.0,head
h_p50_cp172,0.8794186708632878,1.0,head
h_p50_cp173,0.8565627996645162,1.0,head
h_p50_cp174,1.1478420635162365,1.0,head
h_p50_cp175,0.78357182912805,1.0,head
h_p50_cp176,1.4971538266954667,1.0,head
h_p50_cp177,0.703360343816712,1.0,head
h_p50_cp178,1.9349683240270679,1.0,head
h_p50_cp179,0.6144037722872326,1.0,head
h_p50_cp180,2.4649213994953243,1.0,head
h_p50_cp181,0.5216864055928454,1.0,head
h_p50_cp182,3.083471683269636,1.0,head
h_p50_cp183,0.4314670164387735,1.0,head
h_p50_cp184,3.7763113552414325,1.0,head
h_p50_cp185,0.3487008287163462,1.0,head
h_p50_cp186,4.5150680517517685,1.0,head
h_p50_cp187,0.2762244999507857,1.0,head
h_p50_cp188,5.2553242558315105,1.0,head
h_p50_cp189,0.2149684223006716,1.0,head
h_p50_cp190,5.9371158026815465,1.0,head
h_p50_cp191,0.16457136571784758,1.0,head
h_p50_cp192,6.4889425761789425,1.0,head
h_p50_cp193,0.12397999699396678,1.0,head
h_p50_cp194,6.836512923436658,1.0,head
h_p50_cp195,0.09186833598823796,1.0,head
h_p50_cp196,6.918940958816165,1.0,head
h_p50_cp197,0.06687727049916248,1.0,head
h_p50_cp198,6.7147202893320355,1.0,head
h_p50_cp199,0.047732128802636,1.0,head
h_p50_cp200,6.26221000950909,1.0,head
h_p50_cp201,0.03329310365120364,1.0,head
h_p50_cp202,5.634988373234137,1.0,head
h_p50_cp203,0.022572698958583715,1.0,head
h_p50_cp204,4.912948715893435,1.0,head
h_p50_cp205,0.0147371096304596,1.0,head
h_p50_cp206,4.165526126348141,1.0,head
h_p50_cp207,0.009098878896111273,1.0,head
h_p50_cp208,3.4450142603122913,1.0,head
h_p50_cp209,0.005104196727870658,1.0,head
h_p50_cp210,2.785832134049542,1.0,head
h_p50_cp211,0.002316940987839189,1.0,head
h_p51_cp0,0.4264709948415657,1.0,head
h_p51_cp1,2.2877571521585196,1.0,head
h_p51_cp2,0.5867243942752793,1.0,head
h_p51_cp3,2.8804620380105916,1.0,head
h_p51_cp4,0.7966800858894203,1.0,head
h_p51_cp5,3.5485454104500604,1.0,head
h_p51_cp6,1.065525621686902,1.0,head
h_p51_cp7,4.27080309268149,1.0,head
h_p51_cp8,1.4021335550100957,1.0,head
h_p51_cp9,5.014687389571918,1.0,head
h_p51_cp10,1.8138677739693776,1.0,head
h_p51_cp11,5.73701654718252,1.0,head
h_p51_cp12,2.3047916910754793,1.0,head
h_p51_cp13,6.3850377104463405,1.0,head
h_p51_cp14,2.8727818645111256,1.0,head
h_p51_cp15,6.895226652569818,1.0,head
h_p51_cp16,3.5046240986330304,1.0,head
h_p51_cp17,7.1894969645668425,1.0,head
h_p51_cp18,4.16812986541845,1.0,head
h_p51_cp19,7.182621418832241,1.0,head
h_p51_cp20,4.802483148027932,1.0,head
h_p51_cp21,6.833944928454912,1.0,head
h_p51_cp22,5.315256631115062,1.0,head
h_p51_cp23,6.2258185618702555,1.0,head
h_p51_cp24,5.6051072533205115,1.0,head
h_p51_cp25,5.477069731965457,1.0,head
h_p51_cp26,5.623683856749267,1.0,head
h_p51_cp27,4.684356836847655,1.0,head
h_p51_cp28,5.434802970120472,1.0,head
h_p51_cp29,3.9117096819104518,1.0,head
h_p51_cp30,5.15404612626935,1.0,head
h_p51_cp31,3.19766199748301,1.0,head
h_p51_cp32,4.885267075838783,1.0,head
h_p51_cp33,2.5632189609150373,1.0,head
h_p51_cp34,4.69563339583874,1.0,head
h_p51_cp35,2.0173006250242906,1.0,head
h_p51_cp36,4.615489816786976,1.0,head
h_p51_cp37,1.5604195318455822,1.0,head
h_p51_cp38,4.644217791888877,1.0,head
h_p51_cp39,1.1874499307905353,1.0,head
h_p51_cp40,4.754575655137387,1.0,head
h_p51_cp41,0.8898337912844454,1.0,head
h_p51_cp42,4.896371593167942,1.0,head
h_p51_cp43,0.6573084158567326,1.0,head
h_p51_cp44,5.003612529330667,1.0,head
h_p51_cp45,0.4791874500670019,1.0,head
h_p51_cp46,5.009040646115636,1.0,head
h_p51_cp47,0.34524154124846973,1.0,head
h_p51_cp48,4.865742785113071,1.0,head
h_p51_cp49,0.2462422689154664,1.0,head
h_p51_cp50,4.56600391857296,1.0,head
h_p51_cp51,0.1742397749171687,1.0,head
h_p51_cp52,4.139774170880628,1.0,head
h_p51_cp53,0.12264300109404758,1.0,head
h_p51_cp54,3.6373045294164967,1.0,head
h_p51_cp55,0.08616497291927772,1.0,head
h_p51_cp56,3.110073413229884,1.0,head
h_p51_cp57,0.060686163864374976,1.0,head
h_p51_cp58,2.5988613801509928,1.0,head
h_p51_cp59,0.04307799373850685,1.0,head
h_p51_cp60,2.1300033137686114,1.0,head
h_p51_cp61,0.031017199974485266,1.0,head
h_p51_cp62,1.7168959962561985,1.0,head
h_p51_cp63,0.02281130507662965,1.0,head
h_p51_cp64,1.363556842975413,1.0,head
h_p51_cp65,0.017246514611315433,1.0,head
h_p51_cp66,1.0681884506655024,1.0,head
h_p51_cp67,0.013462531927189048,1.0,head
h_p51_cp68,0.8258810510308194,1.0,head
h_p51_cp69,0.010853993543150864,1.0,head
h_p51_cp70,0.6303518077327226,1.0,head
h_p51_cp71,0.008995262855023611,1.0,head
h_p51_cp72,0.47495075889878535,1.0,head
h_p51_cp73,0.007583775762441292,1.0,head
h_p51_cp74,0.3532067801861558,1.0,head
h_p51_cp75,0.0063965765382363315,1.0,head
h_p51_cp76,0.259112303392385,1.0,head
h_p51_cp77,0.005254704275557742,1.0,head
h_p51_cp78,0.18725971776984807,1.0,head
h_p51_cp79,0.003990328575355306,1.0,head
h_p51_cp80,0.1328845480304608,1.0,head
h_p51_cp81,0.0024116905535720434,1.0,head
h_p51_cp82,0.09184092477698869,1.0,head
h_p51_cp83,0.000260760692981421,1.0,head
h_p51_cp84,0.48577074295826606,1.0,head
h_p51_cp85,0.11378045585388463,1.0,head
h_p51_cp86,0.5394969633739493,1.0,head
h_p51_cp87,0.13815852306515808,1.0,head
h_p51_cp88,0.5838336528845502,1.0,head
h_p51_cp89,0.16440320393280672,1.0,head
h_p51_cp90,0.6155094552400442,1.0,head
h_p51_cp91,0.19164521494258224,1.0,head
h_p51_cp92,0.6323863181405613,1.0,head
h_p51_cp93,0.21872442750714072,1.0,head
h_p51_cp94,0.6339033718586506,1.0,head
h_p51_cp95,0.24425504209898463,1.0,head
h_p51_cp96,0.6212262061685578,1.0,head
h_p51_cp97,0.2667782029504906,1.0,head
h_p51_cp98,0.5970394662313083,1.0,head
h_p51_cp99,0.28502659081937054,1.0,head
h_p51_cp100,0.5650506901656627,1.0,head
h_p51_cp101,0.29830161692188994,1.0,head
h_p51_cp102,0.5293624006299069,1.0,head
h_p51_cp103,0.3069152553321146,1.0,head
h_p51_cp104,0.4938809325285547,1.0,head
h_p51_cp105,0.3125919345231978,1.0,head
h_p51_cp106,0.4618852116686867,1.0,head
h_p51_cp107,0.31870822855080405,1.0,head
h_p51_cp108,0.4358139568735169,1.0,head
h_p51_cp109,0.3303157739210292,1.0,head
h_p51_cp110,0.4172712396107272,1.0,head
h_p51_cp111,0.3540157617253499,1.0,head
h_p51_cp112,0.4072079726820448,1.0,head
h_p51_cp113,0.39781058662765645,1.0,head
h_p51_cp114,0.4062115303477185,1.0,head
h_p51_cp115,0.47102124900834497,1.0,head
h_p51_cp116,0.41482596421474227,1.0,head
h_p51_cp117,0.5842770980266323,1.0,head
h_p51_cp118,0.4338308754258833,1.0,head
h_p51_cp119,0.7495074533878778,1.0,head
h_p51_cp120,0.4644275091372947,1.0,head
h_p51_cp121,0.9798113743177055,1.0,head
h_p51_cp122,0.5083116200585209,1.0,head
h_p51_cp123,1.289048323269526,1.0,head
h_p51_cp124,0.5676428134661364,1.0,head
h_p51_cp125,1.6909696066597917,1.0,head
h_p51_cp126,0.6449325862831756,1.0,head
h_p51_cp127,2.197697638265936,1.0,head
h_p51_cp128,0.7428506625174123,1.0,head
h_p51_cp129,2.8173746334705356,1.0,head
h_p51_cp130,0.8638782057296339,1.0,head
h_p51_cp131,3.550883833090211,1.0,head
h_p51_cp132,1.009616641708817,1.0,head
h_p51_cp133,4.3877392683800736,1.0,head
h_p51_cp134,1.1794272774209276,1.0,head
h_p51_cp135,5.3015250091036705,1.0,head
h_p51_cp136,1.36804932433688,1.0,head
h_p51_cp137,6.245440534386034,1.0,head
h_p51_cp138,1.5621967116790074,1.0,head
h_p51_cp139,7.1482267506776225,1.0,head
h_p51_cp140,1.7373088958643166,1.0,head
h_p51_cp141,7.910383103848517,1.0,head
h_p51_cp142,1.85789740924929,1.0,head
h_p51_cp143,8.4037788955834,1.0,head
h_p51_cp144,1.8870564645621926,1.0,head
h_p51_cp145,8.492337158505507,1.0,head
h_p51_cp146,1.8074196629736434,1.0,head
h_p51_cp147,8.109217898514316,1.0,head
h_p51_cp148,1.6388748256149483,1.0,head
h_p51_cp149,7.36073866961965,1.0,head
h_p51_cp150,1.4208202085574158,1.0,head
h_p51_cp151,6.414423632060561,1.0,head
h_p51_cp152,1.191176691133478,1.0,head
h_p51_cp153,5.414893611317211,1.0,head
h_p51_cp154,0.9768547339876932,1.0,head
h_p51_cp155,4.460555651523691,1.0,head
h_p51_cp156,0.7934231639546852,1.0,head
h_p51_cp157,3.6083773553382343,1.0,head
h_p51_cp158,0.6484510771533678,1.0,head
h_p51_cp159,2.885067314782873,1.0,head
h_p51_cp160,0.5451108344159366,1.0,head
h_p51_cp161,2.2971673750382706,1.0,head
h_p51_cp162,0.48486343851527636,1.0,head
h_p51_cp163,1.838557717521553,1.0,head
h_p51_cp164,0.4691787317028684,1.0,head
h_p51_cp165,1.495527730062122,1.0,head
h_p51_cp166,0.5005636586733999,1.0,head
h_p51_cp167,1.249894111844469,1.0,head
h_p51_cp168,0.5831350117168768,1.0,head
h_p51_cp169,1.0807393045572553,1.0,head
h_p51_cp170,0.7228466702517835,1.0,head
h_p51_cp171,0.9654087551148223,1.0,head
h_p51_cp172,0.9273687953818808,1.0,head
h_p51_cp173,0.8804683532680428,1.0,head
h_p51_cp174,1.2055390252380676,1.0,head
h_p51_cp175,0.8037392595083475,1.0,head
h_p51_cp176,1.566262577850921,1.0,head
h_p51_cp177,0.7196539434037277,1.0,head
h_p51_cp178,2.0167361967046418,1.0,head
h_p51_cp179,0.6274344860794372,1.0,head
h_p51_cp180,2.5599328816451816,1.0,head
h_p51_cp181,0.532497219190418,1.0,head
h_p51_cp182,3.1914408693546648,1.0,head
h_p51_cp183,0.4408169651028402,1.0,head
h_p51_cp184,3.8960147713419246,1.0,head
h_p51_cp185,0.35690468974667056,1.0,head
h_p51_cp186,4.644524577719949,1.0,head
h_p51_cp187,0.28334463656619846,1.0,head
h_p51_cp188,5.392242262831132,1.0,head
h_p51_cp189,0.22101438301137932,1.0,head
h_p51_cp190,6.079412838285862,1.0,head
h_p51_cp191,0.16958876394232902,1.0,head
h_p51_cp192,6.634914350460804,1.0,head
h_p51_cp193,0.12805759850630238,1.0,head
h_p51_cp194,6.9843866736196105,1.0,head
h_p51_cp195,0.0951170481241661,1.0,head
h_p51_cp196,7.0664117544520195,1.0,head
h_p51_cp197,0.06941107256443502,1.0,head
h_p51_cp198,6.859428019759434,1.0,head
h_p51_cp199,0.04965828973445241,1.0,head
h_p51_cp200,6.401920422644707,1.0,head
h_p51_cp201,0.03470912451075492,1.0,head
h_p51_cp202,5.768102470957729,1.0,head
h_p51_cp203,0.023566093421777623,1.0,head
h_p51_cp204,5.0381251957660425,1.0,head
h_p51_cp205,0.015385733010134572,1.0,head
h_p51_cp206,4.281317871297233,1.0,head
h_p51_cp207,0.00947108276977815,1.0,head
h_p51_cp208,3.5500070710363616,1.0,head
h_p51_cp209,0.005258870357010892,1.0,head
h_p51_cp210,2.8789889845261314,1.0,head
h_p51_cp211,0.002303681385683376,1.0,head
