parnme,partrans,parchglim,parval1,parlbnd,parubnd,pargp,scale,offset,dercom,c,inst,pname,pstyle,ptype,r,sp,usecol
pname:p_inst:0_ptype:gr_usecol:q_pstyle:m_r:56_c:31_sp:0,log,factor,100.0,0.001,3000.0,p_inst:0,1.0,0.0,1,31,0,p,m,gr,56,0,q
pname:p_inst:0_ptype:gr_usecol:q_pstyle:m_r:42_c:42_sp:0,log,factor,100.0,0.001,3000.0,p_inst:0,1.0,0.0,1,42,0,p,m,gr,42,0,q
pname:p_inst:0_ptype:gr_usecol:q_pstyle:m_r:35_c:56_sp:0,log,factor,100.0,0.001,3000.0,p_inst:0,1.0,0.0,1,56,0,p,m,gr,35,0,q
pname:p_inst:0_ptype:gr_usecol:q_pstyle:m_r:44_c:43_sp:0,log,factor,100.0,0.001,3000.0,p_inst:0,1.0,0.0,1,43,0,p,m,gr,44,0,q
pname:p_inst:0_ptype:gr_usecol:q_pstyle:m_r:82_c:31_sp:0,log,factor,100.0,0.001,3000.0,p_inst:0,1.0,0.0,1,31,0,p,m,gr,82,0,q
pname:p_inst:0_ptype:gr_usecol:q_pstyle:m_r:63_c:43_sp:0,log,factor,100.0,0.001,3000.0,p_inst:0,1.0,0.0,1,43,0,p,m,gr,63,0,q
pname:p_inst:0_ptype:gr_usecol:q_pstyle:m_r:56_c:61_sp:0,log,factor,100.0,0.001,3000.0,p_inst:0,1.0,0.0,1,61,0,p,m,gr,56,0,q
pname:p_inst:0_ptype:gr_usecol:q_pstyle:m_r:79_c:33_sp:0,log,factor,100.0,0.001,3000.0,p_inst:0,1.0,0.0,1,33,0,p,m,gr,79,0,q
pname:p_inst:0_ptype:gr_usecol:q_pstyle:m_r:31_c:48_sp:0,log,factor,100.0,0.001,3000.0,p_inst:0,1.0,0.0,1,48,0,p,m,gr,31,0,q
pname:p_inst:0_ptype:gr_usecol:q_pstyle:m_r:85_c:34_sp:0,log,factor,100.0,0.001,3000.0,p_inst:0,1.0,0.0,1,34,0,p,m,gr,85,0,q
pname:p_inst:0_ptype:gr_usecol:q_pstyle:m_r:32_c:49_sp:0,log,factor,100.0,0.001,3000.0,p_inst:0,1.0,0.0,1,49,0,p,m,gr,32,0,q
pname:p_inst:0_ptype:gr_usecol:q_pstyle:m_r:30_c:37_sp:0,log,factor,100.0,0.001,3000.0,p_inst:0,1.0,0.0,1,37,0,p,m,gr,30,0,q
pname:p_inst:0_ptype:gr_usecol:q_pstyle:m_r:50_c:37_sp:0,log,factor,100.0,0.001,3000.0,p_inst:0,1.0,0.0,1,37,0,p,m,gr,50,0,q
pname:p_inst:0_ptype:gr_usecol:q_pstyle:m_r:42_c:40_sp:0,log,factor,100.0,0.001,3000.0,p_inst:0,1.0,0.0,1,40,0,p,m,gr,42,0,q
pname:p_inst:0_ptype:gr_usecol:q_pstyle:m_r:54_c:53_sp:0,log,factor,100.0,0.001,3000.0,p_inst:0,1.0,0.0,1,53,0,p,m,gr,54,0,q
pname:p_inst:0_ptype:gr_usecol:q_pstyle:m_r:80_c:36_sp:0,log,factor,100.0,0.001,3000.0,p_inst:0,1.0,0.0,1,36,0,p,m,gr,80,0,q
pname:p_inst:0_ptype:gr_usecol:q_pstyle:m_r:71_c:61_sp:0,log,factor,100.0,0.001,3000.0,p_inst:0,1.0,0.0,1,61,0,p,m,gr,71,0,q
pname:p_inst:0_ptype:gr_usecol:q_pstyle:m_r:70_c:47_sp:0,log,factor,100.0,0.001,3000.0,p_inst:0,1.0,0.0,1,47,0,p,m,gr,70,0,q
pname:p_inst:0_ptype:gr_usecol:q_pstyle:m_r:53_c:59_sp:0,log,factor,100.0,0.001,3000.0,p_inst:0,1.0,0.0,1,59,0,p,m,gr,53,0,q
pname:p_inst:0_ptype:gr_usecol:q_pstyle:m_r:52_c:43_sp:0,log,factor,100.0,0.001,3000.0,p_inst:0,1.0,0.0,1,43,0,p,m,gr,52,0,q
pname:p_inst:0_ptype:gr_usecol:q_pstyle:m_r:56_c:31_sp:1,log,factor,100.0,0.001,3000.0,p_inst:0,1.0,0.0,1,31,0,p,m,gr,56,1,q
pname:p_inst:0_ptype:gr_usecol:q_pstyle:m_r:42_c:42_sp:1,log,factor,100.0,0.001,3000.0,p_inst:0,1.0,0.0,1,42,0,p,m,gr,42,1,q
pname:p_inst:0_ptype:gr_usecol:q_pstyle:m_r:35_c:56_sp:1,log,factor,100.0,0.001,3000.0,p_inst:0,1.0,0.0,1,56,0,p,m,gr,35,1,q
pname:p_inst:0_ptype:gr_usecol:q_pstyle:m_r:44_c:43_sp:1,log,factor,100.0,0.001,3000.0,p_inst:0,1.0,0.0,1,43,0,p,m,gr,44,1,q
pname:p_inst:0_ptype:gr_usecol:q_pstyle:m_r:82_c:31_sp:1,log,factor,100.0,0.001,3000.0,p_inst:0,1.0,0.0,1,31,0,p,m,gr,82,1,q
pname:p_inst:0_ptype:gr_usecol:q_pstyle:m_r:63_c:43_sp:1,log,factor,100.0,0.001,3000.0,p_inst:0,1.0,0.0,1,43,0,p,m,gr,63,1,q
pname:p_inst:0_ptype:gr_usecol:q_pstyle:m_r:56_c:61_sp:1,log,factor,100.0,0.001,3000.0,p_inst:0,1.0,0.0,1,61,0,p,m,gr,56,1,q
pname:p_inst:0_ptype:gr_usecol:q_pstyle:m_r:79_c:33_sp:1,log,factor,100.0,0.001,3000.0,p_inst:0,1.0,0.0,1,33,0,p,m,gr,79,1,q
pname:p_inst:0_ptype:gr_usecol:q_pstyle:m_r:31_c:48_sp:1,log,factor,100.0,0.001,3000.0,p_inst:0,1.0,0.0,1,48,0,p,m,gr,31,1,q
pname:p_inst:0_ptype:gr_usecol:q_pstyle:m_r:85_c:34_sp:1,log,factor,100.0,0.001,3000.0,p_inst:0,1.0,0.0,1,34,0,p,m,gr,85,1,q
pname:p_inst:0_ptype:gr_usecol:q_pstyle:m_r:32_c:49_sp:1,log,factor,100.0,0.001,3000.0,p_inst:0,1.0,0.0,1,49,0,p,m,gr,32,1,q
pname:p_inst:0_ptype:gr_usecol:q_pstyle:m_r:30_c:37_sp:1,log,factor,100.0,0.001,3000.0,p_inst:0,1.0,0.0,1,37,0,p,m,gr,30,1,q
pname:p_inst:0_ptype:gr_usecol:q_pstyle:m_r:50_c:37_sp:1,log,factor,100.0,0.001,3000.0,p_inst:0,1.0,0.0,1,37,0,p,m,gr,50,1,q
pname:p_inst:0_ptype:gr_usecol:q_pstyle:m_r:42_c:40_sp:1,log,factor,100.0,0.001,3000.0,p_inst:0,1.0,0.0,1,40,0,p,m,gr,42,1,q
pname:p_inst:0_ptype:gr_usecol:q_pstyle:m_r:54_c:53_sp:1,log,factor,100.0,0.001,3000.0,p_inst:0,1.0,0.0,1,53,0,p,m,gr,54,1,q
pname:p_inst:0_ptype:gr_usecol:q_pstyle:m_r:80_c:36_sp:1,log,factor,100.0,0.001,3000.0,p_inst:0,1.0,0.0,1,36,0,p,m,gr,80,1,q
pname:p_inst:0_ptype:gr_usecol:q_pstyle:m_r:71_c:61_sp:1,log,factor,100.0,0.001,3000.0,p_inst:0,1.0,0.0,1,61,0,p,m,gr,71,1,q
pname:p_inst:0_ptype:gr_usecol:q_pstyle:m_r:70_c:47_sp:1,log,factor,100.0,0.001,3000.0,p_inst:0,1.0,0.0,1,47,0,p,m,gr,70,1,q
pname:p_inst:0_ptype:gr_usecol:q_pstyle:m_r:53_c:59_sp:1,log,factor,100.0,0.001,3000.0,p_inst:0,1.0,0.0,1,59,0,p,m,gr,53,1,q
pname:p_inst:0_ptype:gr_usecol:q_pstyle:m_r:52_c:43_sp:1,log,factor,100.0,0.001,3000.0,p_inst:0,1.0,0.0,1,43,0,p,m,gr,52,1,q
pname:p_inst:0_ptype:gr_usecol:q_pstyle:m_r:56_c:31_sp:2,log,factor,100.0,0.001,3000.0,p_inst:0,1.0,0.0,1,31,0,p,m,gr,56,2,q
pname:p_inst:0_ptype:gr_usecol:q_pstyle:m_r:42_c:42_sp:2,log,factor,100.0,0.001,3000.0,p_inst:0,1.0,0.0,1,42,0,p,m,gr,42,2,q
pname:p_inst:0_ptype:gr_usecol:q_pstyle:m_r:35_c:56_sp:2,log,factor,100.0,0.001,3000.0,p_inst:0,1.0,0.0,1,56,0,p,m,gr,35,2,q
pname:p_inst:0_ptype:gr_usecol:q_pstyle:m_r:44_c:43_sp:2,log,factor,100.0,0.001,3000.0,p_inst:0,1.0,0.0,1,43,0,p,m,gr,44,2,q
pname:p_inst:0_ptype:gr_usecol:q_pstyle:m_r:82_c:31_sp:2,log,factor,100.0,0.001,3000.0,p_inst:0,1.0,0.0,1,31,0,p,m,gr,82,2,q
pname:p_inst:0_ptype:gr_usecol:q_pstyle:m_r:63_c:43_sp:2,log,factor,100.0,0.001,3000.0,p_inst:0,1.0,0.0,1,43,0,p,m,gr,63,2,q
pname:p_inst:0_ptype:gr_usecol:q_pstyle:m_r:56_c:61_sp:2,log,factor,100.0,0.001,3000.0,p_inst:0,1.0,0.0,1,61,0,p,m,gr,56,2,q
pname:p_inst:0_ptype:gr_usecol:q_pstyle:m_r:79_c:33_sp:2,log,factor,100.0,0.001,3000.0,p_inst:0,1.0,0.0,1,33,0,p,m,gr,79,2,q
pname:p_inst:0_ptype:gr_usecol:q_pstyle:m_r:31_c:48_sp:2,log,factor,100.0,0.001,3000.0,p_inst:0,1.0,0.0,1,48,0,p,m,gr,31,2,q
pname:p_inst:0_ptype:gr_usecol:q_pstyle:m_r:85_c:34_sp:2,log,factor,100.0,0.001,3000.0,p_inst:0,1.0,0.0,1,34,0,p,m,gr,85,2,q
pname:p_inst:0_ptype:gr_usecol:q_pstyle:m_r:32_c:49_sp:2,log,factor,100.0,0.001,3000.0,p_inst:0,1.0,0.0,1,49,0,p,m,gr,32,2,q
pname:p_inst:0_ptype:gr_usecol:q_pstyle:m_r:30_c:37_sp:2,log,factor,100.0,0.001,3000.0,p_inst:0,1.0,0.0,1,37,0,p,m,gr,30,2,q
pname:p_inst:0_ptype:gr_usecol:q_pstyle:m_r:50_c:37_sp:2,log,factor,100.0,0.001,3000.0,p_inst:0,1.0,0.0,1,37,0,p,m,gr,50,2,q
pname:p_inst:0_ptype:gr_usecol:q_pstyle:m_r:42_c:40_sp:2,log,factor,100.0,0.001,3000.0,p_inst:0,1.0,0.0,1,40,0,p,m,gr,42,2,q
pname:p_inst:0_ptype:gr_usecol:q_pstyle:m_r:54_c:53_sp:2,log,factor,100.0,0.001,3000.0,p_inst:0,1.0,0.0,1,53,0,p,m,gr,54,2,q
pname:p_inst:0_ptype:gr_usecol:q_pstyle:m_r:80_c:36_sp:2,log,factor,100.0,0.001,3000.0,p_inst:0,1.0,0.0,1,36,0,p,m,gr,80,2,q
pname:p_inst:0_ptype:gr_usecol:q_pstyle:m_r:71_c:61_sp:2,log,factor,100.0,0.001,3000.0,p_inst:0,1.0,0.0,1,61,0,p,m,gr,71,2,q
pname:p_inst:0_ptype:gr_usecol:q_pstyle:m_r:70_c:47_sp:2,log,factor,100.0,0.001,3000.0,p_inst:0,1.0,0.0,1,47,0,p,m,gr,70,2,q
pname:p_inst:0_ptype:gr_usecol:q_pstyle:m_r:53_c:59_sp:2,log,factor,100.0,0.001,3000.0,p_inst:0,1.0,0.0,1,59,0,p,m,gr,53,2,q
pname:p_inst:0_ptype:gr_usecol:q_pstyle:m_r:52_c:43_sp:2,log,factor,100.0,0.001,3000.0,p_inst:0,1.0,0.0,1,43,0,p,m,gr,52,2,q
pname:p_inst:0_ptype:gr_usecol:q_pstyle:m_r:56_c:31_sp:3,log,factor,100.0,0.001,3000.0,p_inst:0,1.0,0.0,1,31,0,p,m,gr,56,3,q
pname:p_inst:0_ptype:gr_usecol:q_pstyle:m_r:42_c:42_sp:3,log,factor,100.0,0.001,3000.0,p_inst:0,1.0,0.0,1,42,0,p,m,gr,42,3,q
pname:p_inst:0_ptype:gr_usecol:q_pstyle:m_r:35_c:56_sp:3,log,factor,100.0,0.001,3000.0,p_inst:0,1.0,0.0,1,56,0,p,m,gr,35,3,q
pname:p_inst:0_ptype:gr_usecol:q_pstyle:m_r:44_c:43_sp:3,log,factor,100.0,0.001,3000.0,p_inst:0,1.0,0.0,1,43,0,p,m,gr,44,3,q
pname:p_inst:0_ptype:gr_usecol:q_pstyle:m_r:82_c:31_sp:3,log,factor,100.0,0.001,3000.0,p_inst:0,1.0,0.0,1,31,0,p,m,gr,82,3,q
pname:p_inst:0_ptype:gr_usecol:q_pstyle:m_r:63_c:43_sp:3,log,factor,100.0,0.001,3000.0,p_inst:0,1.0,0.0,1,43,0,p,m,gr,63,3,q
pname:p_inst:0_ptype:gr_usecol:q_pstyle:m_r:56_c:61_sp:3,log,factor,100.0,0.001,3000.0,p_inst:0,1.0,0.0,1,61,0,p,m,gr,56,3,q
pname:p_inst:0_ptype:gr_usecol:q_pstyle:m_r:79_c:33_sp:3,log,factor,100.0,0.001,3000.0,p_inst:0,1.0,0.0,1,33,0,p,m,gr,79,3,q
pname:p_inst:0_ptype:gr_usecol:q_pstyle:m_r:31_c:48_sp:3,log,factor,100.0,0.001,3000.0,p_inst:0,1.0,0.0,1,48,0,p,m,gr,31,3,q
pname:p_inst:0_ptype:gr_usecol:q_pstyle:m_r:85_c:34_sp:3,log,factor,100.0,0.001,3000.0,p_inst:0,1.0,0.0,1,34,0,p,m,gr,85,3,q
pname:p_inst:0_ptype:gr_usecol:q_pstyle:m_r:32_c:49_sp:3,log,factor,100.0,0.001,3000.0,p_inst:0,1.0,0.0,1,49,0,p,m,gr,32,3,q
pname:p_inst:0_ptype:gr_usecol:q_pstyle:m_r:30_c:37_sp:3,log,factor,100.0,0.001,3000.0,p_inst:0,1.0,0.0,1,37,0,p,m,gr,30,3,q
pname:p_inst:0_ptype:gr_usecol:q_pstyle:m_r:50_c:37_sp:3,log,factor,100.0,0.001,3000.0,p_inst:0,1.0,0.0,1,37,0,p,m,gr,50,3,q
pname:p_inst:0_ptype:gr_usecol:q_pstyle:m_r:42_c:40_sp:3,log,factor,100.0,0.001,3000.0,p_inst:0,1.0,0.0,1,40,0,p,m,gr,42,3,q
pname:p_inst:0_ptype:gr_usecol:q_pstyle:m_r:54_c:53_sp:3,log,factor,100.0,0.001,3000.0,p_inst:0,1.0,0.0,1,53,0,p,m,gr,54,3,q
pname:p_inst:0_ptype:gr_usecol:q_pstyle:m_r:80_c:36_sp:3,log,factor,100.0,0.001,3000.0,p_inst:0,1.0,0.0,1,36,0,p,m,gr,80,3,q
pname:p_inst:0_ptype:gr_usecol:q_pstyle:m_r:71_c:61_sp:3,log,factor,100.0,0.001,3000.0,p_inst:0,1.0,0.0,1,61,0,p,m,gr,71,3,q
pname:p_inst:0_ptype:gr_usecol:q_pstyle:m_r:70_c:47_sp:3,log,factor,100.0,0.001,3000.0,p_inst:0,1.0,0.0,1,47,0,p,m,gr,70,3,q
pname:p_inst:0_ptype:gr_usecol:q_pstyle:m_r:53_c:59_sp:3,log,factor,100.0,0.001,3000.0,p_inst:0,1.0,0.0,1,59,0,p,m,gr,53,3,q
pname:p_inst:0_ptype:gr_usecol:q_pstyle:m_r:52_c:43_sp:3,log,factor,100.0,0.001,3000.0,p_inst:0,1.0,0.0,1,43,0,p,m,gr,52,3,q
pname:p_inst:0_ptype:gr_usecol:q_pstyle:m_r:56_c:31_sp:4,log,factor,100.0,0.001,3000.0,p_inst:0,1.0,0.0,1,31,0,p,m,gr,56,4,q
pname:p_inst:0_ptype:gr_usecol:q_pstyle:m_r:42_c:42_sp:4,log,factor,100.0,0.001,3000.0,p_inst:0,1.0,0.0,1,42,0,p,m,gr,42,4,q
pname:p_inst:0_ptype:gr_usecol:q_pstyle:m_r:35_c:56_sp:4,log,factor,100.0,0.001,3000.0,p_inst:0,1.0,0.0,1,56,0,p,m,gr,35,4,q
pname:p_inst:0_ptype:gr_usecol:q_pstyle:m_r:44_c:43_sp:4,log,factor,100.0,0.001,3000.0,p_inst:0,1.0,0.0,1,43,0,p,m,gr,44,4,q
pname:p_inst:0_ptype:gr_usecol:q_pstyle:m_r:82_c:31_sp:4,log,factor,100.0,0.001,3000.0,p_inst:0,1.0,0.0,1,31,0,p,m,gr,82,4,q
pname:p_inst:0_ptype:gr_usecol:q_pstyle:m_r:63_c:43_sp:4,log,factor,100.0,0.001,3000.0,p_inst:0,1.0,0.0,1,43,0,p,m,gr,63,4,q
pname:p_inst:0_ptype:gr_usecol:q_pstyle:m_r:56_c:61_sp:4,log,factor,100.0,0.001,3000.0,p_inst:0,1.0,0.0,1,61,0,p,m,gr,56,4,q
pname:p_inst:0_ptype:gr_usecol:q_pstyle:m_r:79_c:33_sp:4,log,factor,100.0,0.001,3000.0,p_inst:0,1.0,0.0,1,33,0,p,m,gr,79,4,q
pname:p_inst:0_ptype:gr_usecol:q_pstyle:m_r:31_c:48_sp:4,log,factor,100.0,0.001,3000.0,p_inst:0,1.0,0.0,1,48,0,p,m,gr,31,4,q
pname:p_inst:0_ptype:gr_usecol:q_pstyle:m_r:85_c:34_sp:4,log,factor,100.0,0.001,3000.0,p_inst:0,1.0,0.0,1,34,0,p,m,gr,85,4,q
pname:p_inst:0_ptype:gr_usecol:q_pstyle:m_r:32_c:49_sp:4,log,factor,100.0,0.001,3000.0,p_inst:0,1.0,0.0,1,49,0,p,m,gr,32,4,q
pname:p_inst:0_ptype:gr_usecol:q_pstyle:m_r:30_c:37_sp:4,log,factor,100.0,0.001,3000.0,p_inst:0,1.0,0.0,1,37,0,p,m,gr,30,4,q
pname:p_inst:0_ptype:gr_usecol:q_pstyle:m_r:50_c:37_sp:4,log,factor,100.0,0.001,3000.0,p_inst:0,1.0,0.0,1,37,0,p,m,gr,50,4,q
pname:p_inst:0_ptype:gr_usecol:q_pstyle:m_r:42_c:40_sp:4,log,factor,100.0,0.001,3000.0,p_inst:0,1.0,0.0,1,40,0,p,m,gr,42,4,q
pname:p_inst:0_ptype:gr_usecol:q_pstyle:m_r:54_c:53_sp:4,log,factor,100.0,0.001,3000.0,p_inst:0,1.0,0.0,1,53,0,p,m,gr,54,4,q
pname:p_inst:0_ptype:gr_usecol:q_pstyle:m_r:80_c:36_sp:4,log,factor,100.0,0.001,3000.0,p_inst:0,1.0,0.0,1,36,0,p,m,gr,80,4,q
pname:p_inst:0_ptype:gr_usecol:q_pstyle:m_r:71_c:61_sp:4,log,factor,100.0,0.001,3000.0,p_inst:0,1.0,0.0,1,61,0,p,m,gr,71,4,q
pname:p_inst:0_ptype:gr_usecol:q_pstyle:m_r:70_c:47_sp:4,log,factor,100.0,0.001,3000.0,p_inst:0,1.0,0.0,1,47,0,p,m,gr,70,4,q
pname:p_inst:0_ptype:gr_usecol:q_pstyle:m_r:53_c:59_sp:4,log,factor,100.0,0.001,3000.0,p_inst:0,1.0,0.0,1,59,0,p,m,gr,53,4,q
pname:p_inst:0_ptype:gr_usecol:q_pstyle:m_r:52_c:43_sp:4,log,factor,100.0,0.001,3000.0,p_inst:0,1.0,0.0,1,43,0,p,m,gr,52,4,q
pname:p_inst:0_ptype:gr_usecol:q_pstyle:m_r:56_c:31_sp:5,log,factor,100.0,0.001,3000.0,p_inst:0,1.0,0.0,1,31,0,p,m,gr,56,5,q
pname:p_inst:0_ptype:gr_usecol:q_pstyle:m_r:42_c:42_sp:5,log,factor,100.0,0.001,3000.0,p_inst:0,1.0,0.0,1,42,0,p,m,gr,42,5,q
pname:p_inst:0_ptype:gr_usecol:q_pstyle:m_r:35_c:56_sp:5,log,factor,100.0,0.001,3000.0,p_inst:0,1.0,0.0,1,56,0,p,m,gr,35,5,q
pname:p_inst:0_ptype:gr_usecol:q_pstyle:m_r:44_c:43_sp:5,log,factor,100.0,0.001,3000.0,p_inst:0,1.0,0.0,1,43,0,p,m,gr,44,5,q
pname:p_inst:0_ptype:gr_usecol:q_pstyle:m_r:82_c:31_sp:5,log,factor,100.0,0.001,3000.0,p_inst:0,1.0,0.0,1,31,0,p,m,gr,82,5,q
pname:p_inst:0_ptype:gr_usecol:q_pstyle:m_r:63_c:43_sp:5,log,factor,100.0,0.001,3000.0,p_inst:0,1.0,0.0,1,43,0,p,m,gr,63,5,q
pname:p_inst:0_ptype:gr_usecol:q_pstyle:m_r:56_c:61_sp:5,log,factor,100.0,0.001,3000.0,p_inst:0,1.0,0.0,1,61,0,p,m,gr,56,5,q
pname:p_inst:0_ptype:gr_usecol:q_pstyle:m_r:79_c:33_sp:5,log,factor,100.0,0.001,3000.0,p_inst:0,1.0,0.0,1,33,0,p,m,gr,79,5,q
pname:p_inst:0_ptype:gr_usecol:q_pstyle:m_r:31_c:48_sp:5,log,factor,100.0,0.001,3000.0,p_inst:0,1.0,0.0,1,48,0,p,m,gr,31,5,q
pname:p_inst:0_ptype:gr_usecol:q_pstyle:m_r:85_c:34_sp:5,log,factor,100.0,0.001,3000.0,p_inst:0,1.0,0.0,1,34,0,p,m,gr,85,5,q
pname:p_inst:0_ptype:gr_usecol:q_pstyle:m_r:32_c:49_sp:5,log,factor,100.0,0.001,3000.0,p_inst:0,1.0,0.0,1,49,0,p,m,gr,32,5,q
pname:p_inst:0_ptype:gr_usecol:q_pstyle:m_r:30_c:37_sp:5,log,factor,100.0,0.001,3000.0,p_inst:0,1.0,0.0,1,37,0,p,m,gr,30,5,q
pname:p_inst:0_ptype:gr_usecol:q_pstyle:m_r:50_c:37_sp:5,log,factor,100.0,0.001,3000.0,p_inst:0,1.0,0.0,1,37,0,p,m,gr,50,5,q
pname:p_inst:0_ptype:gr_usecol:q_pstyle:m_r:42_c:40_sp:5,log,factor,100.0,0.001,3000.0,p_inst:0,1.0,0.0,1,40,0,p,m,gr,42,5,q
pname:p_inst:0_ptype:gr_usecol:q_pstyle:m_r:54_c:53_sp:5,log,factor,100.0,0.001,3000.0,p_inst:0,1.0,0.0,1,53,0,p,m,gr,54,5,q
pname:p_inst:0_ptype:gr_usecol:q_pstyle:m_r:80_c:36_sp:5,log,factor,100.0,0.001,3000.0,p_inst:0,1.0,0.0,1,36,0,p,m,gr,80,5,q
pname:p_inst:0_ptype:gr_usecol:q_pstyle:m_r:71_c:61_sp:5,log,factor,100.0,0.001,3000.0,p_inst:0,1.0,0.0,1,61,0,p,m,gr,71,5,q
pname:p_inst:0_ptype:gr_usecol:q_pstyle:m_r:70_c:47_sp:5,log,factor,100.0,0.001,3000.0,p_inst:0,1.0,0.0,1,47,0,p,m,gr,70,5,q
pname:p_inst:0_ptype:gr_usecol:q_pstyle:m_r:53_c:59_sp:5,log,factor,100.0,0.001,3000.0,p_inst:0,1.0,0.0,1,59,0,p,m,gr,53,5,q
pname:p_inst:0_ptype:gr_usecol:q_pstyle:m_r:52_c:43_sp:5,log,factor,100.0,0.001,3000.0,p_inst:0,1.0,0.0,1,43,0,p,m,gr,52,5,q
pname:p_inst:0_ptype:gr_usecol:q_pstyle:m_r:56_c:31_sp:6,log,factor,100.0,0.001,3000.0,p_inst:0,1.0,0.0,1,31,0,p,m,gr,56,6,q
pname:p_inst:0_ptype:gr_usecol:q_pstyle:m_r:42_c:42_sp:6,log,factor,100.0,0.001,3000.0,p_inst:0,1.0,0.0,1,42,0,p,m,gr,42,6,q
pname:p_inst:0_ptype:gr_usecol:q_pstyle:m_r:35_c:56_sp:6,log,factor,100.0,0.001,3000.0,p_inst:0,1.0,0.0,1,56,0,p,m,gr,35,6,q
pname:p_inst:0_ptype:gr_usecol:q_pstyle:m_r:44_c:43_sp:6,log,factor,100.0,0.001,3000.0,p_inst:0,1.0,0.0,1,43,0,p,m,gr,44,6,q
pname:p_inst:0_ptype:gr_usecol:q_pstyle:m_r:82_c:31_sp:6,log,factor,100.0,0.001,3000.0,p_inst:0,1.0,0.0,1,31,0,p,m,gr,82,6,q
pname:p_inst:0_ptype:gr_usecol:q_pstyle:m_r:63_c:43_sp:6,log,factor,100.0,0.001,3000.0,p_inst:0,1.0,0.0,1,43,0,p,m,gr,63,6,q
pname:p_inst:0_ptype:gr_usecol:q_pstyle:m_r:56_c:61_sp:6,log,factor,100.0,0.001,3000.0,p_inst:0,1.0,0.0,1,61,0,p,m,gr,56,6,q
pname:p_inst:0_ptype:gr_usecol:q_pstyle:m_r:79_c:33_sp:6,log,factor,100.0,0.001,3000.0,p_inst:0,1.0,0.0,1,33,0,p,m,gr,79,6,q
pname:p_inst:0_ptype:gr_usecol:q_pstyle:m_r:31_c:48_sp:6,log,factor,100.0,0.001,3000.0,p_inst:0,1.0,0.0,1,48,0,p,m,gr,31,6,q
pname:p_inst:0_ptype:gr_usecol:q_pstyle:m_r:85_c:34_sp:6,log,factor,100.0,0.001,3000.0,p_inst:0,1.0,0.0,1,34,0,p,m,gr,85,6,q
pname:p_inst:0_ptype:gr_usecol:q_pstyle:m_r:32_c:49_sp:6,log,factor,100.0,0.001,3000.0,p_inst:0,1.0,0.0,1,49,0,p,m,gr,32,6,q
pname:p_inst:0_ptype:gr_usecol:q_pstyle:m_r:30_c:37_sp:6,log,factor,100.0,0.001,3000.0,p_inst:0,1.0,0.0,1,37,0,p,m,gr,30,6,q
pname:p_inst:0_ptype:gr_usecol:q_pstyle:m_r:50_c:37_sp:6,log,factor,100.0,0.001,3000.0,p_inst:0,1.0,0.0,1,37,0,p,m,gr,50,6,q
pname:p_inst:0_ptype:gr_usecol:q_pstyle:m_r:42_c:40_sp:6,log,factor,100.0,0.001,3000.0,p_inst:0,1.0,0.0,1,40,0,p,m,gr,42,6,q
pname:p_inst:0_ptype:gr_usecol:q_pstyle:m_r:54_c:53_sp:6,log,factor,100.0,0.001,3000.0,p_inst:0,1.0,0.0,1,53,0,p,m,gr,54,6,q
pname:p_inst:0_ptype:gr_usecol:q_pstyle:m_r:80_c:36_sp:6,log,factor,100.0,0.001,3000.0,p_inst:0,1.0,0.0,1,36,0,p,m,gr,80,6,q
pname:p_inst:0_ptype:gr_usecol:q_pstyle:m_r:71_c:61_sp:6,log,factor,100.0,0.001,3000.0,p_inst:0,1.0,0.0,1,61,0,p,m,gr,71,6,q
pname:p_inst:0_ptype:gr_usecol:q_pstyle:m_r:70_c:47_sp:6,log,factor,100.0,0.001,3000.0,p_inst:0,1.0,0.0,1,47,0,p,m,gr,70,6,q
pname:p_inst:0_ptype:gr_usecol:q_pstyle:m_r:53_c:59_sp:6,log,factor,100.0,0.001,3000.0,p_inst:0,1.0,0.0,1,59,0,p,m,gr,53,6,q
pname:p_inst:0_ptype:gr_usecol:q_pstyle:m_r:52_c:43_sp:6,log,factor,100.0,0.001,3000.0,p_inst:0,1.0,0.0,1,43,0,p,m,gr,52,6,q
pname:p_inst:0_ptype:gr_usecol:q_pstyle:m_r:56_c:31_sp:7,log,factor,100.0,0.001,3000.0,p_inst:0,1.0,0.0,1,31,0,p,m,gr,56,7,q
pname:p_inst:0_ptype:gr_usecol:q_pstyle:m_r:42_c:42_sp:7,log,factor,100.0,0.001,3000.0,p_inst:0,1.0,0.0,1,42,0,p,m,gr,42,7,q
pname:p_inst:0_ptype:gr_usecol:q_pstyle:m_r:35_c:56_sp:7,log,factor,100.0,0.001,3000.0,p_inst:0,1.0,0.0,1,56,0,p,m,gr,35,7,q
pname:p_inst:0_ptype:gr_usecol:q_pstyle:m_r:44_c:43_sp:7,log,factor,100.0,0.001,3000.0,p_inst:0,1.0,0.0,1,43,0,p,m,gr,44,7,q
pname:p_inst:0_ptype:gr_usecol:q_pstyle:m_r:82_c:31_sp:7,log,factor,100.0,0.001,3000.0,p_inst:0,1.0,0.0,1,31,0,p,m,gr,82,7,q
pname:p_inst:0_ptype:gr_usecol:q_pstyle:m_r:63_c:43_sp:7,log,factor,100.0,0.001,3000.0,p_inst:0,1.0,0.0,1,43,0,p,m,gr,63,7,q
pname:p_inst:0_ptype:gr_usecol:q_pstyle:m_r:56_c:61_sp:7,log,factor,100.0,0.001,3000.0,p_inst:0,1.0,0.0,1,61,0,p,m,gr,56,7,q
pname:p_inst:0_ptype:gr_usecol:q_pstyle:m_r:79_c:33_sp:7,log,factor,100.0,0.001,3000.0,p_inst:0,1.0,0.0,1,33,0,p,m,gr,79,7,q
pname:p_inst:0_ptype:gr_usecol:q_pstyle:m_r:31_c:48_sp:7,log,factor,100.0,0.001,3000.0,p_inst:0,1.0,0.0,1,48,0,p,m,gr,31,7,q
pname:p_inst:0_ptype:gr_usecol:q_pstyle:m_r:85_c:34_sp:7,log,factor,100.0,0.001,3000.0,p_inst:0,1.0,0.0,1,34,0,p,m,gr,85,7,q
pname:p_inst:0_ptype:gr_usecol:q_pstyle:m_r:32_c:49_sp:7,log,factor,100.0,0.001,3000.0,p_inst:0,1.0,0.0,1,49,0,p,m,gr,32,7,q
pname:p_inst:0_ptype:gr_usecol:q_pstyle:m_r:30_c:37_sp:7,log,factor,100.0,0.001,3000.0,p_inst:0,1.0,0.0,1,37,0,p,m,gr,30,7,q
pname:p_inst:0_ptype:gr_usecol:q_pstyle:m_r:50_c:37_sp:7,log,factor,100.0,0.001,3000.0,p_inst:0,1.0,0.0,1,37,0,p,m,gr,50,7,q
pname:p_inst:0_ptype:gr_usecol:q_pstyle:m_r:42_c:40_sp:7,log,factor,100.0,0.001,3000.0,p_inst:0,1.0,0.0,1,40,0,p,m,gr,42,7,q
pname:p_inst:0_ptype:gr_usecol:q_pstyle:m_r:54_c:53_sp:7,log,factor,100.0,0.001,3000.0,p_inst:0,1.0,0.0,1,53,0,p,m,gr,54,7,q
pname:p_inst:0_ptype:gr_usecol:q_pstyle:m_r:80_c:36_sp:7,log,factor,100.0,0.001,3000.0,p_inst:0,1.0,0.0,1,36,0,p,m,gr,80,7,q
pname:p_inst:0_ptype:gr_usecol:q_pstyle:m_r:71_c:61_sp:7,log,factor,100.0,0.001,3000.0,p_inst:0,1.0,0.0,1,61,0,p,m,gr,71,7,q
pname:p_inst:0_ptype:gr_usecol:q_pstyle:m_r:70_c:47_sp:7,log,factor,100.0,0.001,3000.0,p_inst:0,1.0,0.0,1,47,0,p,m,gr,70,7,q
pname:p_inst:0_ptype:gr_usecol:q_pstyle:m_r:53_c:59_sp:7,log,factor,100.0,0.001,3000.0,p_inst:0,1.0,0.0,1,59,0,p,m,gr,53,7,q
pname:p_inst:0_ptype:gr_usecol:q_pstyle:m_r:52_c:43_sp:7,log,factor,100.0,0.001,3000.0,p_inst:0,1.0,0.0,1,43,0,p,m,gr,52,7,q
pname:p_inst:0_ptype:gr_usecol:q_pstyle:m_r:56_c:31_sp:8,log,factor,100.0,0.001,3000.0,p_inst:0,1.0,0.0,1,31,0,p,m,gr,56,8,q
pname:p_inst:0_ptype:gr_usecol:q_pstyle:m_r:42_c:42_sp:8,log,factor,100.0,0.001,3000.0,p_inst:0,1.0,0.0,1,42,0,p,m,gr,42,8,q
pname:p_inst:0_ptype:gr_usecol:q_pstyle:m_r:35_c:56_sp:8,log,factor,100.0,0.001,3000.0,p_inst:0,1.0,0.0,1,56,0,p,m,gr,35,8,q
pname:p_inst:0_ptype:gr_usecol:q_pstyle:m_r:44_c:43_sp:8,log,factor,100.0,0.001,3000.0,p_inst:0,1.0,0.0,1,43,0,p,m,gr,44,8,q
pname:p_inst:0_ptype:gr_usecol:q_pstyle:m_r:82_c:31_sp:8,log,factor,100.0,0.001,3000.0,p_inst:0,1.0,0.0,1,31,0,p,m,gr,82,8,q
pname:p_inst:0_ptype:gr_usecol:q_pstyle:m_r:63_c:43_sp:8,log,factor,100.0,0.001,3000.0,p_inst:0,1.0,0.0,1,43,0,p,m,gr,63,8,q
pname:p_inst:0_ptype:gr_usecol:q_pstyle:m_r:56_c:61_sp:8,log,factor,100.0,0.001,3000.0,p_inst:0,1.0,0.0,1,61,0,p,m,gr,56,8,q
pname:p_inst:0_ptype:gr_usecol:q_pstyle:m_r:79_c:33_sp:8,log,factor,100.0,0.001,3000.0,p_inst:0,1.0,0.0,1,33,0,p,m,gr,79,8,q
pname:p_inst:0_ptype:gr_usecol:q_pstyle:m_r:31_c:48_sp:8,log,factor,100.0,0.001,3000.0,p_inst:0,1.0,0.0,1,48,0,p,m,gr,31,8,q
pname:p_inst:0_ptype:gr_usecol:q_pstyle:m_r:85_c:34_sp:8,log,factor,100.0,0.001,3000.0,p_inst:0,1.0,0.0,1,34,0,p,m,gr,85,8,q
pname:p_inst:0_ptype:gr_usecol:q_pstyle:m_r:32_c:49_sp:8,log,factor,100.0,0.001,3000.0,p_inst:0,1.0,0.0,1,49,0,p,m,gr,32,8,q
pname:p_inst:0_ptype:gr_usecol:q_pstyle:m_r:30_c:37_sp:8,log,factor,100.0,0.001,3000.0,p_inst:0,1.0,0.0,1,37,0,p,m,gr,30,8,q
pname:p_inst:0_ptype:gr_usecol:q_pstyle:m_r:50_c:37_sp:8,log,factor,100.0,0.001,3000.0,p_inst:0,1.0,0.0,1,37,0,p,m,gr,50,8,q
pname:p_inst:0_ptype:gr_usecol:q_pstyle:m_r:42_c:40_sp:8,log,factor,100.0,0.001,3000.0,p_inst:0,1.0,0.0,1,40,0,p,m,gr,42,8,q
pname:p_inst:0_ptype:gr_usecol:q_pstyle:m_r:54_c:53_sp:8,log,factor,100.0,0.001,3000.0,p_inst:0,1.0,0.0,1,53,0,p,m,gr,54,8,q
pname:p_inst:0_ptype:gr_usecol:q_pstyle:m_r:80_c:36_sp:8,log,factor,100.0,0.001,3000.0,p_inst:0,1.0,0.0,1,36,0,p,m,gr,80,8,q
pname:p_inst:0_ptype:gr_usecol:q_pstyle:m_r:71_c:61_sp:8,log,factor,100.0,0.001,3000.0,p_inst:0,1.0,0.0,1,61,0,p,m,gr,71,8,q
pname:p_inst:0_ptype:gr_usecol:q_pstyle:m_r:70_c:47_sp:8,log,factor,100.0,0.001,3000.0,p_inst:0,1.0,0.0,1,47,0,p,m,gr,70,8,q
pname:p_inst:0_ptype:gr_usecol:q_pstyle:m_r:53_c:59_sp:8,log,factor,100.0,0.001,3000.0,p_inst:0,1.0,0.0,1,59,0,p,m,gr,53,8,q
pname:p_inst:0_ptype:gr_usecol:q_pstyle:m_r:52_c:43_sp:8,log,factor,100.0,0.001,3000.0,p_inst:0,1.0,0.0,1,43,0,p,m,gr,52,8,q
pname:p_inst:0_ptype:gr_usecol:q_pstyle:m_r:56_c:31_sp:9,log,factor,100.0,0.001,3000.0,p_inst:0,1.0,0.0,1,31,0,p,m,gr,56,9,q
pname:p_inst:0_ptype:gr_usecol:q_pstyle:m_r:42_c:42_sp:9,log,factor,100.0,0.001,3000.0,p_inst:0,1.0,0.0,1,42,0,p,m,gr,42,9,q
pname:p_inst:0_ptype:gr_usecol:q_pstyle:m_r:35_c:56_sp:9,log,factor,100.0,0.001,3000.0,p_inst:0,1.0,0.0,1,56,0,p,m,gr,35,9,q
pname:p_inst:0_ptype:gr_usecol:q_pstyle:m_r:44_c:43_sp:9,log,factor,100.0,0.001,3000.0,p_inst:0,1.0,0.0,1,43,0,p,m,gr,44,9,q
pname:p_inst:0_ptype:gr_usecol:q_pstyle:m_r:82_c:31_sp:9,log,factor,100.0,0.001,3000.0,p_inst:0,1.0,0.0,1,31,0,p,m,gr,82,9,q
pname:p_inst:0_ptype:gr_usecol:q_pstyle:m_r:63_c:43_sp:9,log,factor,100.0,0.001,3000.0,p_inst:0,1.0,0.0,1,43,0,p,m,gr,63,9,q
pname:p_inst:0_ptype:gr_usecol:q_pstyle:m_r:56_c:61_sp:9,log,factor,100.0,0.001,3000.0,p_inst:0,1.0,0.0,1,61,0,p,m,gr,56,9,q
pname:p_inst:0_ptype:gr_usecol:q_pstyle:m_r:79_c:33_sp:9,log,factor,100.0,0.001,3000.0,p_inst:0,1.0,0.0,1,33,0,p,m,gr,79,9,q
pname:p_inst:0_ptype:gr_usecol:q_pstyle:m_r:31_c:48_sp:9,log,factor,100.0,0.001,3000.0,p_inst:0,1.0,0.0,1,48,0,p,m,gr,31,9,q
pname:p_inst:0_ptype:gr_usecol:q_pstyle:m_r:85_c:34_sp:9,log,factor,100.0,0.001,3000.0,p_inst:0,1.0,0.0,1,34,0,p,m,gr,85,9,q
pname:p_inst:0_ptype:gr_usecol:q_pstyle:m_r:32_c:49_sp:9,log,factor,100.0,0.001,3000.0,p_inst:0,1.0,0.0,1,49,0,p,m,gr,32,9,q
pname:p_inst:0_ptype:gr_usecol:q_pstyle:m_r:30_c:37_sp:9,log,factor,100.0,0.001,3000.0,p_inst:0,1.0,0.0,1,37,0,p,m,gr,30,9,q
pname:p_inst:0_ptype:gr_usecol:q_pstyle:m_r:50_c:37_sp:9,log,factor,100.0,0.001,3000.0,p_inst:0,1.0,0.0,1,37,0,p,m,gr,50,9,q
pname:p_inst:0_ptype:gr_usecol:q_pstyle:m_r:42_c:40_sp:9,log,factor,100.0,0.001,3000.0,p_inst:0,1.0,0.0,1,40,0,p,m,gr,42,9,q
pname:p_inst:0_ptype:gr_usecol:q_pstyle:m_r:54_c:53_sp:9,log,factor,100.0,0.001,3000.0,p_inst:0,1.0,0.0,1,53,0,p,m,gr,54,9,q
pname:p_inst:0_ptype:gr_usecol:q_pstyle:m_r:80_c:36_sp:9,log,factor,100.0,0.001,3000.0,p_inst:0,1.0,0.0,1,36,0,p,m,gr,80,9,q
pname:p_inst:0_ptype:gr_usecol:q_pstyle:m_r:71_c:61_sp:9,log,factor,100.0,0.001,3000.0,p_inst:0,1.0,0.0,1,61,0,p,m,gr,71,9,q
pname:p_inst:0_ptype:gr_usecol:q_pstyle:m_r:70_c:47_sp:9,log,factor,100.0,0.001,3000.0,p_inst:0,1.0,0.0,1,47,0,p,m,gr,70,9,q
pname:p_inst:0_ptype:gr_usecol:q_pstyle:m_r:53_c:59_sp:9,log,factor,100.0,0.001,3000.0,p_inst:0,1.0,0.0,1,59,0,p,m,gr,53,9,q
pname:p_inst:0_ptype:gr_usecol:q_pstyle:m_r:52_c:43_sp:9,log,factor,100.0,0.001,3000.0,p_inst:0,1.0,0.0,1,43,0,p,m,gr,52,9,q
pname:p_inst:0_ptype:gr_usecol:q_pstyle:m_r:56_c:31_sp:10,log,factor,100.0,0.001,3000.0,p_inst:0,1.0,0.0,1,31,0,p,m,gr,56,10,q
pname:p_inst:0_ptype:gr_usecol:q_pstyle:m_r:42_c:42_sp:10,log,factor,100.0,0.001,3000.0,p_inst:0,1.0,0.0,1,42,0,p,m,gr,42,10,q
pname:p_inst:0_ptype:gr_usecol:q_pstyle:m_r:35_c:56_sp:10,log,factor,100.0,0.001,3000.0,p_inst:0,1.0,0.0,1,56,0,p,m,gr,35,10,q
pname:p_inst:0_ptype:gr_usecol:q_pstyle:m_r:44_c:43_sp:10,log,factor,100.0,0.001,3000.0,p_inst:0,1.0,0.0,1,43,0,p,m,gr,44,10,q
pname:p_inst:0_ptype:gr_usecol:q_pstyle:m_r:82_c:31_sp:10,log,factor,100.0,0.001,3000.0,p_inst:0,1.0,0.0,1,31,0,p,m,gr,82,10,q
pname:p_inst:0_ptype:gr_usecol:q_pstyle:m_r:63_c:43_sp:10,log,factor,100.0,0.001,3000.0,p_inst:0,1.0,0.0,1,43,0,p,m,gr,63,10,q
pname:p_inst:0_ptype:gr_usecol:q_pstyle:m_r:56_c:61_sp:10,log,factor,100.0,0.001,3000.0,p_inst:0,1.0,0.0,1,61,0,p,m,gr,56,10,q
pname:p_inst:0_ptype:gr_usecol:q_pstyle:m_r:79_c:33_sp:10,log,factor,100.0,0.001,3000.0,p_inst:0,1.0,0.0,1,33,0,p,m,gr,79,10,q
pname:p_inst:0_ptype:gr_usecol:q_pstyle:m_r:31_c:48_sp:10,log,factor,100.0,0.001,3000.0,p_inst:0,1.0,0.0,1,48,0,p,m,gr,31,10,q
pname:p_inst:0_ptype:gr_usecol:q_pstyle:m_r:85_c:34_sp:10,log,factor,100.0,0.001,3000.0,p_inst:0,1.0,0.0,1,34,0,p,m,gr,85,10,q
pname:p_inst:0_ptype:gr_usecol:q_pstyle:m_r:32_c:49_sp:10,log,factor,100.0,0.001,3000.0,p_inst:0,1.0,0.0,1,49,0,p,m,gr,32,10,q
pname:p_inst:0_ptype:gr_usecol:q_pstyle:m_r:30_c:37_sp:10,log,factor,100.0,0.001,3000.0,p_inst:0,1.0,0.0,1,37,0,p,m,gr,30,10,q
pname:p_inst:0_ptype:gr_usecol:q_pstyle:m_r:50_c:37_sp:10,log,factor,100.0,0.001,3000.0,p_inst:0,1.0,0.0,1,37,0,p,m,gr,50,10,q
pname:p_inst:0_ptype:gr_usecol:q_pstyle:m_r:42_c:40_sp:10,log,factor,100.0,0.001,3000.0,p_inst:0,1.0,0.0,1,40,0,p,m,gr,42,10,q
pname:p_inst:0_ptype:gr_usecol:q_pstyle:m_r:54_c:53_sp:10,log,factor,100.0,0.001,3000.0,p_inst:0,1.0,0.0,1,53,0,p,m,gr,54,10,q
pname:p_inst:0_ptype:gr_usecol:q_pstyle:m_r:80_c:36_sp:10,log,factor,100.0,0.001,3000.0,p_inst:0,1.0,0.0,1,36,0,p,m,gr,80,10,q
pname:p_inst:0_ptype:gr_usecol:q_pstyle:m_r:71_c:61_sp:10,log,factor,100.0,0.001,3000.0,p_inst:0,1.0,0.0,1,61,0,p,m,gr,71,10,q
pname:p_inst:0_ptype:gr_usecol:q_pstyle:m_r:70_c:47_sp:10,log,factor,100.0,0.001,3000.0,p_inst:0,1.0,0.0,1,47,0,p,m,gr,70,10,q
pname:p_inst:0_ptype:gr_usecol:q_pstyle:m_r:53_c:59_sp:10,log,factor,100.0,0.001,3000.0,p_inst:0,1.0,0.0,1,59,0,p,m,gr,53,10,q
pname:p_inst:0_ptype:gr_usecol:q_pstyle:m_r:52_c:43_sp:10,log,factor,100.0,0.001,3000.0,p_inst:0,1.0,0.0,1,43,0,p,m,gr,52,10,q
pname:p_inst:0_ptype:gr_usecol:q_pstyle:m_r:56_c:31_sp:11,log,factor,100.0,0.001,3000.0,p_inst:0,1.0,0.0,1,31,0,p,m,gr,56,11,q
pname:p_inst:0_ptype:gr_usecol:q_pstyle:m_r:42_c:42_sp:11,log,factor,100.0,0.001,3000.0,p_inst:0,1.0,0.0,1,42,0,p,m,gr,42,11,q
pname:p_inst:0_ptype:gr_usecol:q_pstyle:m_r:35_c:56_sp:11,log,factor,100.0,0.001,3000.0,p_inst:0,1.0,0.0,1,56,0,p,m,gr,35,11,q
pname:p_inst:0_ptype:gr_usecol:q_pstyle:m_r:44_c:43_sp:11,log,factor,100.0,0.001,3000.0,p_inst:0,1.0,0.0,1,43,0,p,m,gr,44,11,q
pname:p_inst:0_ptype:gr_usecol:q_pstyle:m_r:82_c:31_sp:11,log,factor,100.0,0.001,3000.0,p_inst:0,1.0,0.0,1,31,0,p,m,gr,82,11,q
pname:p_inst:0_ptype:gr_usecol:q_pstyle:m_r:63_c:43_sp:11,log,factor,100.0,0.001,3000.0,p_inst:0,1.0,0.0,1,43,0,p,m,gr,63,11,q
pname:p_inst:0_ptype:gr_usecol:q_pstyle:m_r:56_c:61_sp:11,log,factor,100.0,0.001,3000.0,p_inst:0,1.0,0.0,1,61,0,p,m,gr,56,11,q
pname:p_inst:0_ptype:gr_usecol:q_pstyle:m_r:79_c:33_sp:11,log,factor,100.0,0.001,3000.0,p_inst:0,1.0,0.0,1,33,0,p,m,gr,79,11,q
pname:p_inst:0_ptype:gr_usecol:q_pstyle:m_r:31_c:48_sp:11,log,factor,100.0,0.001,3000.0,p_inst:0,1.0,0.0,1,48,0,p,m,gr,31,11,q
pname:p_inst:0_ptype:gr_usecol:q_pstyle:m_r:85_c:34_sp:11,log,factor,100.0,0.001,3000.0,p_inst:0,1.0,0.0,1,34,0,p,m,gr,85,11,q
pname:p_inst:0_ptype:gr_usecol:q_pstyle:m_r:32_c:49_sp:11,log,factor,100.0,0.001,3000.0,p_inst:0,1.0,0.0,1,49,0,p,m,gr,32,11,q
pname:p_inst:0_ptype:gr_usecol:q_pstyle:m_r:30_c:37_sp:11,log,factor,100.0,0.001,3000.0,p_inst:0,1.0,0.0,1,37,0,p,m,gr,30,11,q
pname:p_inst:0_ptype:gr_usecol:q_pstyle:m_r:50_c:37_sp:11,log,factor,100.0,0.001,3000.0,p_inst:0,1.0,0.0,1,37,0,p,m,gr,50,11,q
pname:p_inst:0_ptype:gr_usecol:q_pstyle:m_r:42_c:40_sp:11,log,factor,100.0,0.001,3000.0,p_inst:0,1.0,0.0,1,40,0,p,m,gr,42,11,q
pname:p_inst:0_ptype:gr_usecol:q_pstyle:m_r:54_c:53_sp:11,log,factor,100.0,0.001,3000.0,p_inst:0,1.0,0.0,1,53,0,p,m,gr,54,11,q
pname:p_inst:0_ptype:gr_usecol:q_pstyle:m_r:80_c:36_sp:11,log,factor,100.0,0.001,3000.0,p_inst:0,1.0,0.0,1,36,0,p,m,gr,80,11,q
pname:p_inst:0_ptype:gr_usecol:q_pstyle:m_r:71_c:61_sp:11,log,factor,100.0,0.001,3000.0,p_inst:0,1.0,0.0,1,61,0,p,m,gr,71,11,q
pname:p_inst:0_ptype:gr_usecol:q_pstyle:m_r:70_c:47_sp:11,log,factor,100.0,0.001,3000.0,p_inst:0,1.0,0.0,1,47,0,p,m,gr,70,11,q
pname:p_inst:0_ptype:gr_usecol:q_pstyle:m_r:53_c:59_sp:11,log,factor,100.0,0.001,3000.0,p_inst:0,1.0,0.0,1,59,0,p,m,gr,53,11,q
pname:p_inst:0_ptype:gr_usecol:q_pstyle:m_r:52_c:43_sp:11,log,factor,100.0,0.001,3000.0,p_inst:0,1.0,0.0,1,43,0,p,m,gr,52,11,q
pname:p_inst:0_ptype:gr_usecol:q_pstyle:m_r:56_c:31_sp:12,log,factor,100.0,0.001,3000.0,p_inst:0,1.0,0.0,1,31,0,p,m,gr,56,12,q
pname:p_inst:0_ptype:gr_usecol:q_pstyle:m_r:42_c:42_sp:12,log,factor,100.0,0.001,3000.0,p_inst:0,1.0,0.0,1,42,0,p,m,gr,42,12,q
pname:p_inst:0_ptype:gr_usecol:q_pstyle:m_r:35_c:56_sp:12,log,factor,100.0,0.001,3000.0,p_inst:0,1.0,0.0,1,56,0,p,m,gr,35,12,q
pname:p_inst:0_ptype:gr_usecol:q_pstyle:m_r:44_c:43_sp:12,log,factor,100.0,0.001,3000.0,p_inst:0,1.0,0.0,1,43,0,p,m,gr,44,12,q
pname:p_inst:0_ptype:gr_usecol:q_pstyle:m_r:82_c:31_sp:12,log,factor,100.0,0.001,3000.0,p_inst:0,1.0,0.0,1,31,0,p,m,gr,82,12,q
pname:p_inst:0_ptype:gr_usecol:q_pstyle:m_r:63_c:43_sp:12,log,factor,100.0,0.001,3000.0,p_inst:0,1.0,0.0,1,43,0,p,m,gr,63,12,q
pname:p_inst:0_ptype:gr_usecol:q_pstyle:m_r:56_c:61_sp:12,log,factor,100.0,0.001,3000.0,p_inst:0,1.0,0.0,1,61,0,p,m,gr,56,12,q
pname:p_inst:0_ptype:gr_usecol:q_pstyle:m_r:79_c:33_sp:12,log,factor,100.0,0.001,3000.0,p_inst:0,1.0,0.0,1,33,0,p,m,gr,79,12,q
pname:p_inst:0_ptype:gr_usecol:q_pstyle:m_r:31_c:48_sp:12,log,factor,100.0,0.001,3000.0,p_inst:0,1.0,0.0,1,48,0,p,m,gr,31,12,q
pname:p_inst:0_ptype:gr_usecol:q_pstyle:m_r:85_c:34_sp:12,log,factor,100.0,0.001,3000.0,p_inst:0,1.0,0.0,1,34,0,p,m,gr,85,12,q
pname:p_inst:0_ptype:gr_usecol:q_pstyle:m_r:32_c:49_sp:12,log,factor,100.0,0.001,3000.0,p_inst:0,1.0,0.0,1,49,0,p,m,gr,32,12,q
pname:p_inst:0_ptype:gr_usecol:q_pstyle:m_r:30_c:37_sp:12,log,factor,100.0,0.001,3000.0,p_inst:0,1.0,0.0,1,37,0,p,m,gr,30,12,q
pname:p_inst:0_ptype:gr_usecol:q_pstyle:m_r:50_c:37_sp:12,log,factor,100.0,0.001,3000.0,p_inst:0,1.0,0.0,1,37,0,p,m,gr,50,12,q
pname:p_inst:0_ptype:gr_usecol:q_pstyle:m_r:42_c:40_sp:12,log,factor,100.0,0.001,3000.0,p_inst:0,1.0,0.0,1,40,0,p,m,gr,42,12,q
pname:p_inst:0_ptype:gr_usecol:q_pstyle:m_r:54_c:53_sp:12,log,factor,100.0,0.001,3000.0,p_inst:0,1.0,0.0,1,53,0,p,m,gr,54,12,q
pname:p_inst:0_ptype:gr_usecol:q_pstyle:m_r:80_c:36_sp:12,log,factor,100.0,0.001,3000.0,p_inst:0,1.0,0.0,1,36,0,p,m,gr,80,12,q
pname:p_inst:0_ptype:gr_usecol:q_pstyle:m_r:71_c:61_sp:12,log,factor,100.0,0.001,3000.0,p_inst:0,1.0,0.0,1,61,0,p,m,gr,71,12,q
pname:p_inst:0_ptype:gr_usecol:q_pstyle:m_r:70_c:47_sp:12,log,factor,100.0,0.001,3000.0,p_inst:0,1.0,0.0,1,47,0,p,m,gr,70,12,q
pname:p_inst:0_ptype:gr_usecol:q_pstyle:m_r:53_c:59_sp:12,log,factor,100.0,0.001,3000.0,p_inst:0,1.0,0.0,1,59,0,p,m,gr,53,12,q
pname:p_inst:0_ptype:gr_usecol:q_pstyle:m_r:52_c:43_sp:12,log,factor,100.0,0.001,3000.0,p_inst:0,1.0,0.0,1,43,0,p,m,gr,52,12,q
pname:p_inst:0_ptype:gr_usecol:q_pstyle:m_r:56_c:31_sp:13,log,factor,100.0,0.001,3000.0,p_inst:0,1.0,0.0,1,31,0,p,m,gr,56,13,q
pname:p_inst:0_ptype:gr_usecol:q_pstyle:m_r:42_c:42_sp:13,log,factor,100.0,0.001,3000.0,p_inst:0,1.0,0.0,1,42,0,p,m,gr,42,13,q
pname:p_inst:0_ptype:gr_usecol:q_pstyle:m_r:35_c:56_sp:13,log,factor,100.0,0.001,3000.0,p_inst:0,1.0,0.0,1,56,0,p,m,gr,35,13,q
pname:p_inst:0_ptype:gr_usecol:q_pstyle:m_r:44_c:43_sp:13,log,factor,100.0,0.001,3000.0,p_inst:0,1.0,0.0,1,43,0,p,m,gr,44,13,q
pname:p_inst:0_ptype:gr_usecol:q_pstyle:m_r:82_c:31_sp:13,log,factor,100.0,0.001,3000.0,p_inst:0,1.0,0.0,1,31,0,p,m,gr,82,13,q
pname:p_inst:0_ptype:gr_usecol:q_pstyle:m_r:63_c:43_sp:13,log,factor,100.0,0.001,3000.0,p_inst:0,1.0,0.0,1,43,0,p,m,gr,63,13,q
pname:p_inst:0_ptype:gr_usecol:q_pstyle:m_r:56_c:61_sp:13,log,factor,100.0,0.001,3000.0,p_inst:0,1.0,0.0,1,61,0,p,m,gr,56,13,q
pname:p_inst:0_ptype:gr_usecol:q_pstyle:m_r:79_c:33_sp:13,log,factor,100.0,0.001,3000.0,p_inst:0,1.0,0.0,1,33,0,p,m,gr,79,13,q
pname:p_inst:0_ptype:gr_usecol:q_pstyle:m_r:31_c:48_sp:13,log,factor,100.0,0.001,3000.0,p_inst:0,1.0,0.0,1,48,0,p,m,gr,31,13,q
pname:p_inst:0_ptype:gr_usecol:q_pstyle:m_r:85_c:34_sp:13,log,factor,100.0,0.001,3000.0,p_inst:0,1.0,0.0,1,34,0,p,m,gr,85,13,q
pname:p_inst:0_ptype:gr_usecol:q_pstyle:m_r:32_c:49_sp:13,log,factor,100.0,0.001,3000.0,p_inst:0,1.0,0.0,1,49,0,p,m,gr,32,13,q
pname:p_inst:0_ptype:gr_usecol:q_pstyle:m_r:30_c:37_sp:13,log,factor,100.0,0.001,3000.0,p_inst:0,1.0,0.0,1,37,0,p,m,gr,30,13,q
pname:p_inst:0_ptype:gr_usecol:q_pstyle:m_r:50_c:37_sp:13,log,factor,100.0,0.001,3000.0,p_inst:0,1.0,0.0,1,37,0,p,m,gr,50,13,q
pname:p_inst:0_ptype:gr_usecol:q_pstyle:m_r:42_c:40_sp:13,log,factor,100.0,0.001,3000.0,p_inst:0,1.0,0.0,1,40,0,p,m,gr,42,13,q
pname:p_inst:0_ptype:gr_usecol:q_pstyle:m_r:54_c:53_sp:13,log,factor,100.0,0.001,3000.0,p_inst:0,1.0,0.0,1,53,0,p,m,gr,54,13,q
pname:p_inst:0_ptype:gr_usecol:q_pstyle:m_r:80_c:36_sp:13,log,factor,100.0,0.001,3000.0,p_inst:0,1.0,0.0,1,36,0,p,m,gr,80,13,q
pname:p_inst:0_ptype:gr_usecol:q_pstyle:m_r:71_c:61_sp:13,log,factor,100.0,0.001,3000.0,p_inst:0,1.0,0.0,1,61,0,p,m,gr,71,13,q
pname:p_inst:0_ptype:gr_usecol:q_pstyle:m_r:70_c:47_sp:13,log,factor,100.0,0.001,3000.0,p_inst:0,1.0,0.0,1,47,0,p,m,gr,70,13,q
pname:p_inst:0_ptype:gr_usecol:q_pstyle:m_r:53_c:59_sp:13,log,factor,100.0,0.001,3000.0,p_inst:0,1.0,0.0,1,59,0,p,m,gr,53,13,q
pname:p_inst:0_ptype:gr_usecol:q_pstyle:m_r:52_c:43_sp:13,log,factor,100.0,0.001,3000.0,p_inst:0,1.0,0.0,1,43,0,p,m,gr,52,13,q
pname:p_inst:0_ptype:gr_usecol:q_pstyle:m_r:56_c:31_sp:14,log,factor,100.0,0.001,3000.0,p_inst:0,1.0,0.0,1,31,0,p,m,gr,56,14,q
pname:p_inst:0_ptype:gr_usecol:q_pstyle:m_r:42_c:42_sp:14,log,factor,100.0,0.001,3000.0,p_inst:0,1.0,0.0,1,42,0,p,m,gr,42,14,q
pname:p_inst:0_ptype:gr_usecol:q_pstyle:m_r:35_c:56_sp:14,log,factor,100.0,0.001,3000.0,p_inst:0,1.0,0.0,1,56,0,p,m,gr,35,14,q
pname:p_inst:0_ptype:gr_usecol:q_pstyle:m_r:44_c:43_sp:14,log,factor,100.0,0.001,3000.0,p_inst:0,1.0,0.0,1,43,0,p,m,gr,44,14,q
pname:p_inst:0_ptype:gr_usecol:q_pstyle:m_r:82_c:31_sp:14,log,factor,100.0,0.001,3000.0,p_inst:0,1.0,0.0,1,31,0,p,m,gr,82,14,q
pname:p_inst:0_ptype:gr_usecol:q_pstyle:m_r:63_c:43_sp:14,log,factor,100.0,0.001,3000.0,p_inst:0,1.0,0.0,1,43,0,p,m,gr,63,14,q
pname:p_inst:0_ptype:gr_usecol:q_pstyle:m_r:56_c:61_sp:14,log,factor,100.0,0.001,3000.0,p_inst:0,1.0,0.0,1,61,0,p,m,gr,56,14,q
pname:p_inst:0_ptype:gr_usecol:q_pstyle:m_r:79_c:33_sp:14,log,factor,100.0,0.001,3000.0,p_inst:0,1.0,0.0,1,33,0,p,m,gr,79,14,q
pname:p_inst:0_ptype:gr_usecol:q_pstyle:m_r:31_c:48_sp:14,log,factor,100.0,0.001,3000.0,p_inst:0,1.0,0.0,1,48,0,p,m,gr,31,14,q
pname:p_inst:0_ptype:gr_usecol:q_pstyle:m_r:85_c:34_sp:14,log,factor,100.0,0.001,3000.0,p_inst:0,1.0,0.0,1,34,0,p,m,gr,85,14,q
pname:p_inst:0_ptype:gr_usecol:q_pstyle:m_r:32_c:49_sp:14,log,factor,100.0,0.001,3000.0,p_inst:0,1.0,0.0,1,49,0,p,m,gr,32,14,q
pname:p_inst:0_ptype:gr_usecol:q_pstyle:m_r:30_c:37_sp:14,log,factor,100.0,0.001,3000.0,p_inst:0,1.0,0.0,1,37,0,p,m,gr,30,14,q
pname:p_inst:0_ptype:gr_usecol:q_pstyle:m_r:50_c:37_sp:14,log,factor,100.0,0.001,3000.0,p_inst:0,1.0,0.0,1,37,0,p,m,gr,50,14,q
pname:p_inst:0_ptype:gr_usecol:q_pstyle:m_r:42_c:40_sp:14,log,factor,100.0,0.001,3000.0,p_inst:0,1.0,0.0,1,40,0,p,m,gr,42,14,q
pname:p_inst:0_ptype:gr_usecol:q_pstyle:m_r:54_c:53_sp:14,log,factor,100.0,0.001,3000.0,p_inst:0,1.0,0.0,1,53,0,p,m,gr,54,14,q
pname:p_inst:0_ptype:gr_usecol:q_pstyle:m_r:80_c:36_sp:14,log,factor,100.0,0.001,3000.0,p_inst:0,1.0,0.0,1,36,0,p,m,gr,80,14,q
pname:p_inst:0_ptype:gr_usecol:q_pstyle:m_r:71_c:61_sp:14,log,factor,100.0,0.001,3000.0,p_inst:0,1.0,0.0,1,61,0,p,m,gr,71,14,q
pname:p_inst:0_ptype:gr_usecol:q_pstyle:m_r:70_c:47_sp:14,log,factor,100.0,0.001,3000.0,p_inst:0,1.0,0.0,1,47,0,p,m,gr,70,14,q
pname:p_inst:0_ptype:gr_usecol:q_pstyle:m_r:53_c:59_sp:14,log,factor,100.0,0.001,3000.0,p_inst:0,1.0,0.0,1,59,0,p,m,gr,53,14,q
pname:p_inst:0_ptype:gr_usecol:q_pstyle:m_r:52_c:43_sp:14,log,factor,100.0,0.001,3000.0,p_inst:0,1.0,0.0,1,43,0,p,m,gr,52,14,q
pname:p_inst:0_ptype:gr_usecol:q_pstyle:m_r:56_c:31_sp:15,log,factor,100.0,0.001,3000.0,p_inst:0,1.0,0.0,1,31,0,p,m,gr,56,15,q
pname:p_inst:0_ptype:gr_usecol:q_pstyle:m_r:42_c:42_sp:15,log,factor,100.0,0.001,3000.0,p_inst:0,1.0,0.0,1,42,0,p,m,gr,42,15,q
pname:p_inst:0_ptype:gr_usecol:q_pstyle:m_r:35_c:56_sp:15,log,factor,100.0,0.001,3000.0,p_inst:0,1.0,0.0,1,56,0,p,m,gr,35,15,q
pname:p_inst:0_ptype:gr_usecol:q_pstyle:m_r:44_c:43_sp:15,log,factor,100.0,0.001,3000.0,p_inst:0,1.0,0.0,1,43,0,p,m,gr,44,15,q
pname:p_inst:0_ptype:gr_usecol:q_pstyle:m_r:82_c:31_sp:15,log,factor,100.0,0.001,3000.0,p_inst:0,1.0,0.0,1,31,0,p,m,gr,82,15,q
pname:p_inst:0_ptype:gr_usecol:q_pstyle:m_r:63_c:43_sp:15,log,factor,100.0,0.001,3000.0,p_inst:0,1.0,0.0,1,43,0,p,m,gr,63,15,q
pname:p_inst:0_ptype:gr_usecol:q_pstyle:m_r:56_c:61_sp:15,log,factor,100.0,0.001,3000.0,p_inst:0,1.0,0.0,1,61,0,p,m,gr,56,15,q
pname:p_inst:0_ptype:gr_usecol:q_pstyle:m_r:79_c:33_sp:15,log,factor,100.0,0.001,3000.0,p_inst:0,1.0,0.0,1,33,0,p,m,gr,79,15,q
pname:p_inst:0_ptype:gr_usecol:q_pstyle:m_r:31_c:48_sp:15,log,factor,100.0,0.001,3000.0,p_inst:0,1.0,0.0,1,48,0,p,m,gr,31,15,q
pname:p_inst:0_ptype:gr_usecol:q_pstyle:m_r:85_c:34_sp:15,log,factor,100.0,0.001,3000.0,p_inst:0,1.0,0.0,1,34,0,p,m,gr,85,15,q
pname:p_inst:0_ptype:gr_usecol:q_pstyle:m_r:32_c:49_sp:15,log,factor,100.0,0.001,3000.0,p_inst:0,1.0,0.0,1,49,0,p,m,gr,32,15,q
pname:p_inst:0_ptype:gr_usecol:q_pstyle:m_r:30_c:37_sp:15,log,factor,100.0,0.001,3000.0,p_inst:0,1.0,0.0,1,37,0,p,m,gr,30,15,q
pname:p_inst:0_ptype:gr_usecol:q_pstyle:m_r:50_c:37_sp:15,log,factor,100.0,0.001,3000.0,p_inst:0,1.0,0.0,1,37,0,p,m,gr,50,15,q
pname:p_inst:0_ptype:gr_usecol:q_pstyle:m_r:42_c:40_sp:15,log,factor,100.0,0.001,3000.0,p_inst:0,1.0,0.0,1,40,0,p,m,gr,42,15,q
pname:p_inst:0_ptype:gr_usecol:q_pstyle:m_r:54_c:53_sp:15,log,factor,100.0,0.001,3000.0,p_inst:0,1.0,0.0,1,53,0,p,m,gr,54,15,q
pname:p_inst:0_ptype:gr_usecol:q_pstyle:m_r:80_c:36_sp:15,log,factor,100.0,0.001,3000.0,p_inst:0,1.0,0.0,1,36,0,p,m,gr,80,15,q
pname:p_inst:0_ptype:gr_usecol:q_pstyle:m_r:71_c:61_sp:15,log,factor,100.0,0.001,3000.0,p_inst:0,1.0,0.0,1,61,0,p,m,gr,71,15,q
pname:p_inst:0_ptype:gr_usecol:q_pstyle:m_r:70_c:47_sp:15,log,factor,100.0,0.001,3000.0,p_inst:0,1.0,0.0,1,47,0,p,m,gr,70,15,q
pname:p_inst:0_ptype:gr_usecol:q_pstyle:m_r:53_c:59_sp:15,log,factor,100.0,0.001,3000.0,p_inst:0,1.0,0.0,1,59,0,p,m,gr,53,15,q
pname:p_inst:0_ptype:gr_usecol:q_pstyle:m_r:52_c:43_sp:15,log,factor,100.0,0.001,3000.0,p_inst:0,1.0,0.0,1,43,0,p,m,gr,52,15,q
pname:p_inst:0_ptype:gr_usecol:q_pstyle:m_r:56_c:31_sp:16,log,factor,100.0,0.001,3000.0,p_inst:0,1.0,0.0,1,31,0,p,m,gr,56,16,q
pname:p_inst:0_ptype:gr_usecol:q_pstyle:m_r:42_c:42_sp:16,log,factor,100.0,0.001,3000.0,p_inst:0,1.0,0.0,1,42,0,p,m,gr,42,16,q
pname:p_inst:0_ptype:gr_usecol:q_pstyle:m_r:35_c:56_sp:16,log,factor,100.0,0.001,3000.0,p_inst:0,1.0,0.0,1,56,0,p,m,gr,35,16,q
pname:p_inst:0_ptype:gr_usecol:q_pstyle:m_r:44_c:43_sp:16,log,factor,100.0,0.001,3000.0,p_inst:0,1.0,0.0,1,43,0,p,m,gr,44,16,q
pname:p_inst:0_ptype:gr_usecol:q_pstyle:m_r:82_c:31_sp:16,log,factor,100.0,0.001,3000.0,p_inst:0,1.0,0.0,1,31,0,p,m,gr,82,16,q
pname:p_inst:0_ptype:gr_usecol:q_pstyle:m_r:63_c:43_sp:16,log,factor,100.0,0.001,3000.0,p_inst:0,1.0,0.0,1,43,0,p,m,gr,63,16,q
pname:p_inst:0_ptype:gr_usecol:q_pstyle:m_r:56_c:61_sp:16,log,factor,100.0,0.001,3000.0,p_inst:0,1.0,0.0,1,61,0,p,m,gr,56,16,q
pname:p_inst:0_ptype:gr_usecol:q_pstyle:m_r:79_c:33_sp:16,log,factor,100.0,0.001,3000.0,p_inst:0,1.0,0.0,1,33,0,p,m,gr,79,16,q
pname:p_inst:0_ptype:gr_usecol:q_pstyle:m_r:31_c:48_sp:16,log,factor,100.0,0.001,3000.0,p_inst:0,1.0,0.0,1,48,0,p,m,gr,31,16,q
pname:p_inst:0_ptype:gr_usecol:q_pstyle:m_r:85_c:34_sp:16,log,factor,100.0,0.001,3000.0,p_inst:0,1.0,0.0,1,34,0,p,m,gr,85,16,q
pname:p_inst:0_ptype:gr_usecol:q_pstyle:m_r:32_c:49_sp:16,log,factor,100.0,0.001,3000.0,p_inst:0,1.0,0.0,1,49,0,p,m,gr,32,16,q
pname:p_inst:0_ptype:gr_usecol:q_pstyle:m_r:30_c:37_sp:16,log,factor,100.0,0.001,3000.0,p_inst:0,1.0,0.0,1,37,0,p,m,gr,30,16,q
pname:p_inst:0_ptype:gr_usecol:q_pstyle:m_r:50_c:37_sp:16,log,factor,100.0,0.001,3000.0,p_inst:0,1.0,0.0,1,37,0,p,m,gr,50,16,q
pname:p_inst:0_ptype:gr_usecol:q_pstyle:m_r:42_c:40_sp:16,log,factor,100.0,0.001,3000.0,p_inst:0,1.0,0.0,1,40,0,p,m,gr,42,16,q
pname:p_inst:0_ptype:gr_usecol:q_pstyle:m_r:54_c:53_sp:16,log,factor,100.0,0.001,3000.0,p_inst:0,1.0,0.0,1,53,0,p,m,gr,54,16,q
pname:p_inst:0_ptype:gr_usecol:q_pstyle:m_r:80_c:36_sp:16,log,factor,100.0,0.001,3000.0,p_inst:0,1.0,0.0,1,36,0,p,m,gr,80,16,q
pname:p_inst:0_ptype:gr_usecol:q_pstyle:m_r:71_c:61_sp:16,log,factor,100.0,0.001,3000.0,p_inst:0,1.0,0.0,1,61,0,p,m,gr,71,16,q
pname:p_inst:0_ptype:gr_usecol:q_pstyle:m_r:70_c:47_sp:16,log,factor,100.0,0.001,3000.0,p_inst:0,1.0,0.0,1,47,0,p,m,gr,70,16,q
pname:p_inst:0_ptype:gr_usecol:q_pstyle:m_r:53_c:59_sp:16,log,factor,100.0,0.001,3000.0,p_inst:0,1.0,0.0,1,59,0,p,m,gr,53,16,q
pname:p_inst:0_ptype:gr_usecol:q_pstyle:m_r:52_c:43_sp:16,log,factor,100.0,0.001,3000.0,p_inst:0,1.0,0.0,1,43,0,p,m,gr,52,16,q
pname:p_inst:0_ptype:gr_usecol:q_pstyle:m_r:56_c:31_sp:17,log,factor,100.0,0.001,3000.0,p_inst:0,1.0,0.0,1,31,0,p,m,gr,56,17,q
pname:p_inst:0_ptype:gr_usecol:q_pstyle:m_r:42_c:42_sp:17,log,factor,100.0,0.001,3000.0,p_inst:0,1.0,0.0,1,42,0,p,m,gr,42,17,q
pname:p_inst:0_ptype:gr_usecol:q_pstyle:m_r:35_c:56_sp:17,log,factor,100.0,0.001,3000.0,p_inst:0,1.0,0.0,1,56,0,p,m,gr,35,17,q
pname:p_inst:0_ptype:gr_usecol:q_pstyle:m_r:44_c:43_sp:17,log,factor,100.0,0.001,3000.0,p_inst:0,1.0,0.0,1,43,0,p,m,gr,44,17,q
pname:p_inst:0_ptype:gr_usecol:q_pstyle:m_r:82_c:31_sp:17,log,factor,100.0,0.001,3000.0,p_inst:0,1.0,0.0,1,31,0,p,m,gr,82,17,q
pname:p_inst:0_ptype:gr_usecol:q_pstyle:m_r:63_c:43_sp:17,log,factor,100.0,0.001,3000.0,p_inst:0,1.0,0.0,1,43,0,p,m,gr,63,17,q
pname:p_inst:0_ptype:gr_usecol:q_pstyle:m_r:56_c:61_sp:17,log,factor,100.0,0.001,3000.0,p_inst:0,1.0,0.0,1,61,0,p,m,gr,56,17,q
pname:p_inst:0_ptype:gr_usecol:q_pstyle:m_r:79_c:33_sp:17,log,factor,100.0,0.001,3000.0,p_inst:0,1.0,0.0,1,33,0,p,m,gr,79,17,q
pname:p_inst:0_ptype:gr_usecol:q_pstyle:m_r:31_c:48_sp:17,log,factor,100.0,0.001,3000.0,p_inst:0,1.0,0.0,1,48,0,p,m,gr,31,17,q
pname:p_inst:0_ptype:gr_usecol:q_pstyle:m_r:85_c:34_sp:17,log,factor,100.0,0.001,3000.0,p_inst:0,1.0,0.0,1,34,0,p,m,gr,85,17,q
pname:p_inst:0_ptype:gr_usecol:q_pstyle:m_r:32_c:49_sp:17,log,factor,100.0,0.001,3000.0,p_inst:0,1.0,0.0,1,49,0,p,m,gr,32,17,q
pname:p_inst:0_ptype:gr_usecol:q_pstyle:m_r:30_c:37_sp:17,log,factor,100.0,0.001,3000.0,p_inst:0,1.0,0.0,1,37,0,p,m,gr,30,17,q
pname:p_inst:0_ptype:gr_usecol:q_pstyle:m_r:50_c:37_sp:17,log,factor,100.0,0.001,3000.0,p_inst:0,1.0,0.0,1,37,0,p,m,gr,50,17,q
pname:p_inst:0_ptype:gr_usecol:q_pstyle:m_r:42_c:40_sp:17,log,factor,100.0,0.001,3000.0,p_inst:0,1.0,0.0,1,40,0,p,m,gr,42,17,q
pname:p_inst:0_ptype:gr_usecol:q_pstyle:m_r:54_c:53_sp:17,log,factor,100.0,0.001,3000.0,p_inst:0,1.0,0.0,1,53,0,p,m,gr,54,17,q
pname:p_inst:0_ptype:gr_usecol:q_pstyle:m_r:80_c:36_sp:17,log,factor,100.0,0.001,3000.0,p_inst:0,1.0,0.0,1,36,0,p,m,gr,80,17,q
pname:p_inst:0_ptype:gr_usecol:q_pstyle:m_r:71_c:61_sp:17,log,factor,100.0,0.001,3000.0,p_inst:0,1.0,0.0,1,61,0,p,m,gr,71,17,q
pname:p_inst:0_ptype:gr_usecol:q_pstyle:m_r:70_c:47_sp:17,log,factor,100.0,0.001,3000.0,p_inst:0,1.0,0.0,1,47,0,p,m,gr,70,17,q
pname:p_inst:0_ptype:gr_usecol:q_pstyle:m_r:53_c:59_sp:17,log,factor,100.0,0.001,3000.0,p_inst:0,1.0,0.0,1,59,0,p,m,gr,53,17,q
pname:p_inst:0_ptype:gr_usecol:q_pstyle:m_r:52_c:43_sp:17,log,factor,100.0,0.001,3000.0,p_inst:0,1.0,0.0,1,43,0,p,m,gr,52,17,q
pname:p_inst:0_ptype:gr_usecol:q_pstyle:m_r:56_c:31_sp:18,log,factor,100.0,0.001,3000.0,p_inst:0,1.0,0.0,1,31,0,p,m,gr,56,18,q
pname:p_inst:0_ptype:gr_usecol:q_pstyle:m_r:42_c:42_sp:18,log,factor,100.0,0.001,3000.0,p_inst:0,1.0,0.0,1,42,0,p,m,gr,42,18,q
pname:p_inst:0_ptype:gr_usecol:q_pstyle:m_r:35_c:56_sp:18,log,factor,100.0,0.001,3000.0,p_inst:0,1.0,0.0,1,56,0,p,m,gr,35,18,q
pname:p_inst:0_ptype:gr_usecol:q_pstyle:m_r:44_c:43_sp:18,log,factor,100.0,0.001,3000.0,p_inst:0,1.0,0.0,1,43,0,p,m,gr,44,18,q
pname:p_inst:0_ptype:gr_usecol:q_pstyle:m_r:82_c:31_sp:18,log,factor,100.0,0.001,3000.0,p_inst:0,1.0,0.0,1,31,0,p,m,gr,82,18,q
pname:p_inst:0_ptype:gr_usecol:q_pstyle:m_r:63_c:43_sp:18,log,factor,100.0,0.001,3000.0,p_inst:0,1.0,0.0,1,43,0,p,m,gr,63,18,q
pname:p_inst:0_ptype:gr_usecol:q_pstyle:m_r:56_c:61_sp:18,log,factor,100.0,0.001,3000.0,p_inst:0,1.0,0.0,1,61,0,p,m,gr,56,18,q
pname:p_inst:0_ptype:gr_usecol:q_pstyle:m_r:79_c:33_sp:18,log,factor,100.0,0.001,3000.0,p_inst:0,1.0,0.0,1,33,0,p,m,gr,79,18,q
pname:p_inst:0_ptype:gr_usecol:q_pstyle:m_r:31_c:48_sp:18,log,factor,100.0,0.001,3000.0,p_inst:0,1.0,0.0,1,48,0,p,m,gr,31,18,q
pname:p_inst:0_ptype:gr_usecol:q_pstyle:m_r:85_c:34_sp:18,log,factor,100.0,0.001,3000.0,p_inst:0,1.0,0.0,1,34,0,p,m,gr,85,18,q
pname:p_inst:0_ptype:gr_usecol:q_pstyle:m_r:32_c:49_sp:18,log,factor,100.0,0.001,3000.0,p_inst:0,1.0,0.0,1,49,0,p,m,gr,32,18,q
pname:p_inst:0_ptype:gr_usecol:q_pstyle:m_r:30_c:37_sp:18,log,factor,100.0,0.001,3000.0,p_inst:0,1.0,0.0,1,37,0,p,m,gr,30,18,q
pname:p_inst:0_ptype:gr_usecol:q_pstyle:m_r:50_c:37_sp:18,log,factor,100.0,0.001,3000.0,p_inst:0,1.0,0.0,1,37,0,p,m,gr,50,18,q
pname:p_inst:0_ptype:gr_usecol:q_pstyle:m_r:42_c:40_sp:18,log,factor,100.0,0.001,3000.0,p_inst:0,1.0,0.0,1,40,0,p,m,gr,42,18,q
pname:p_inst:0_ptype:gr_usecol:q_pstyle:m_r:54_c:53_sp:18,log,factor,100.0,0.001,3000.0,p_inst:0,1.0,0.0,1,53,0,p,m,gr,54,18,q
pname:p_inst:0_ptype:gr_usecol:q_pstyle:m_r:80_c:36_sp:18,log,factor,100.0,0.001,3000.0,p_inst:0,1.0,0.0,1,36,0,p,m,gr,80,18,q
pname:p_inst:0_ptype:gr_usecol:q_pstyle:m_r:71_c:61_sp:18,log,factor,100.0,0.001,3000.0,p_inst:0,1.0,0.0,1,61,0,p,m,gr,71,18,q
pname:p_inst:0_ptype:gr_usecol:q_pstyle:m_r:70_c:47_sp:18,log,factor,100.0,0.001,3000.0,p_inst:0,1.0,0.0,1,47,0,p,m,gr,70,18,q
pname:p_inst:0_ptype:gr_usecol:q_pstyle:m_r:53_c:59_sp:18,log,factor,100.0,0.001,3000.0,p_inst:0,1.0,0.0,1,59,0,p,m,gr,53,18,q
pname:p_inst:0_ptype:gr_usecol:q_pstyle:m_r:52_c:43_sp:18,log,factor,100.0,0.001,3000.0,p_inst:0,1.0,0.0,1,43,0,p,m,gr,52,18,q
pname:p_inst:0_ptype:gr_usecol:q_pstyle:m_r:56_c:31_sp:19,log,factor,100.0,0.001,3000.0,p_inst:0,1.0,0.0,1,31,0,p,m,gr,56,19,q
pname:p_inst:0_ptype:gr_usecol:q_pstyle:m_r:42_c:42_sp:19,log,factor,100.0,0.001,3000.0,p_inst:0,1.0,0.0,1,42,0,p,m,gr,42,19,q
pname:p_inst:0_ptype:gr_usecol:q_pstyle:m_r:35_c:56_sp:19,log,factor,100.0,0.001,3000.0,p_inst:0,1.0,0.0,1,56,0,p,m,gr,35,19,q
pname:p_inst:0_ptype:gr_usecol:q_pstyle:m_r:44_c:43_sp:19,log,factor,100.0,0.001,3000.0,p_inst:0,1.0,0.0,1,43,0,p,m,gr,44,19,q
pname:p_inst:0_ptype:gr_usecol:q_pstyle:m_r:82_c:31_sp:19,log,factor,100.0,0.001,3000.0,p_inst:0,1.0,0.0,1,31,0,p,m,gr,82,19,q
pname:p_inst:0_ptype:gr_usecol:q_pstyle:m_r:63_c:43_sp:19,log,factor,100.0,0.001,3000.0,p_inst:0,1.0,0.0,1,43,0,p,m,gr,63,19,q
pname:p_inst:0_ptype:gr_usecol:q_pstyle:m_r:56_c:61_sp:19,log,factor,100.0,0.001,3000.0,p_inst:0,1.0,0.0,1,61,0,p,m,gr,56,19,q
pname:p_inst:0_ptype:gr_usecol:q_pstyle:m_r:79_c:33_sp:19,log,factor,100.0,0.001,3000.0,p_inst:0,1.0,0.0,1,33,0,p,m,gr,79,19,q
pname:p_inst:0_ptype:gr_usecol:q_pstyle:m_r:31_c:48_sp:19,log,factor,100.0,0.001,3000.0,p_inst:0,1.0,0.0,1,48,0,p,m,gr,31,19,q
pname:p_inst:0_ptype:gr_usecol:q_pstyle:m_r:85_c:34_sp:19,log,factor,100.0,0.001,3000.0,p_inst:0,1.0,0.0,1,34,0,p,m,gr,85,19,q
pname:p_inst:0_ptype:gr_usecol:q_pstyle:m_r:32_c:49_sp:19,log,factor,100.0,0.001,3000.0,p_inst:0,1.0,0.0,1,49,0,p,m,gr,32,19,q
pname:p_inst:0_ptype:gr_usecol:q_pstyle:m_r:30_c:37_sp:19,log,factor,100.0,0.001,3000.0,p_inst:0,1.0,0.0,1,37,0,p,m,gr,30,19,q
pname:p_inst:0_ptype:gr_usecol:q_pstyle:m_r:50_c:37_sp:19,log,factor,100.0,0.001,3000.0,p_inst:0,1.0,0.0,1,37,0,p,m,gr,50,19,q
pname:p_inst:0_ptype:gr_usecol:q_pstyle:m_r:42_c:40_sp:19,log,factor,100.0,0.001,3000.0,p_inst:0,1.0,0.0,1,40,0,p,m,gr,42,19,q
pname:p_inst:0_ptype:gr_usecol:q_pstyle:m_r:54_c:53_sp:19,log,factor,100.0,0.001,3000.0,p_inst:0,1.0,0.0,1,53,0,p,m,gr,54,19,q
pname:p_inst:0_ptype:gr_usecol:q_pstyle:m_r:80_c:36_sp:19,log,factor,100.0,0.001,3000.0,p_inst:0,1.0,0.0,1,36,0,p,m,gr,80,19,q
pname:p_inst:0_ptype:gr_usecol:q_pstyle:m_r:71_c:61_sp:19,log,factor,100.0,0.001,3000.0,p_inst:0,1.0,0.0,1,61,0,p,m,gr,71,19,q
pname:p_inst:0_ptype:gr_usecol:q_pstyle:m_r:70_c:47_sp:19,log,factor,100.0,0.001,3000.0,p_inst:0,1.0,0.0,1,47,0,p,m,gr,70,19,q
pname:p_inst:0_ptype:gr_usecol:q_pstyle:m_r:53_c:59_sp:19,log,factor,100.0,0.001,3000.0,p_inst:0,1.0,0.0,1,59,0,p,m,gr,53,19,q
pname:p_inst:0_ptype:gr_usecol:q_pstyle:m_r:52_c:43_sp:19,log,factor,100.0,0.001,3000.0,p_inst:0,1.0,0.0,1,43,0,p,m,gr,52,19,q
pname:p_inst:0_ptype:gr_usecol:q_pstyle:m_r:56_c:31_sp:20,log,factor,100.0,0.001,3000.0,p_inst:0,1.0,0.0,1,31,0,p,m,gr,56,20,q
pname:p_inst:0_ptype:gr_usecol:q_pstyle:m_r:42_c:42_sp:20,log,factor,100.0,0.001,3000.0,p_inst:0,1.0,0.0,1,42,0,p,m,gr,42,20,q
pname:p_inst:0_ptype:gr_usecol:q_pstyle:m_r:35_c:56_sp:20,log,factor,100.0,0.001,3000.0,p_inst:0,1.0,0.0,1,56,0,p,m,gr,35,20,q
pname:p_inst:0_ptype:gr_usecol:q_pstyle:m_r:44_c:43_sp:20,log,factor,100.0,0.001,3000.0,p_inst:0,1.0,0.0,1,43,0,p,m,gr,44,20,q
pname:p_inst:0_ptype:gr_usecol:q_pstyle:m_r:82_c:31_sp:20,log,factor,100.0,0.001,3000.0,p_inst:0,1.0,0.0,1,31,0,p,m,gr,82,20,q
pname:p_inst:0_ptype:gr_usecol:q_pstyle:m_r:63_c:43_sp:20,log,factor,100.0,0.001,3000.0,p_inst:0,1.0,0.0,1,43,0,p,m,gr,63,20,q
pname:p_inst:0_ptype:gr_usecol:q_pstyle:m_r:56_c:61_sp:20,log,factor,100.0,0.001,3000.0,p_inst:0,1.0,0.0,1,61,0,p,m,gr,56,20,q
pname:p_inst:0_ptype:gr_usecol:q_pstyle:m_r:79_c:33_sp:20,log,factor,100.0,0.001,3000.0,p_inst:0,1.0,0.0,1,33,0,p,m,gr,79,20,q
pname:p_inst:0_ptype:gr_usecol:q_pstyle:m_r:31_c:48_sp:20,log,factor,100.0,0.001,3000.0,p_inst:0,1.0,0.0,1,48,0,p,m,gr,31,20,q
pname:p_inst:0_ptype:gr_usecol:q_pstyle:m_r:85_c:34_sp:20,log,factor,100.0,0.001,3000.0,p_inst:0,1.0,0.0,1,34,0,p,m,gr,85,20,q
pname:p_inst:0_ptype:gr_usecol:q_pstyle:m_r:32_c:49_sp:20,log,factor,100.0,0.001,3000.0,p_inst:0,1.0,0.0,1,49,0,p,m,gr,32,20,q
pname:p_inst:0_ptype:gr_usecol:q_pstyle:m_r:30_c:37_sp:20,log,factor,100.0,0.001,3000.0,p_inst:0,1.0,0.0,1,37,0,p,m,gr,30,20,q
pname:p_inst:0_ptype:gr_usecol:q_pstyle:m_r:50_c:37_sp:20,log,factor,100.0,0.001,3000.0,p_inst:0,1.0,0.0,1,37,0,p,m,gr,50,20,q
pname:p_inst:0_ptype:gr_usecol:q_pstyle:m_r:42_c:40_sp:20,log,factor,100.0,0.001,3000.0,p_inst:0,1.0,0.0,1,40,0,p,m,gr,42,20,q
pname:p_inst:0_ptype:gr_usecol:q_pstyle:m_r:54_c:53_sp:20,log,factor,100.0,0.001,3000.0,p_inst:0,1.0,0.0,1,53,0,p,m,gr,54,20,q
pname:p_inst:0_ptype:gr_usecol:q_pstyle:m_r:80_c:36_sp:20,log,factor,100.0,0.001,3000.0,p_inst:0,1.0,0.0,1,36,0,p,m,gr,80,20,q
pname:p_inst:0_ptype:gr_usecol:q_pstyle:m_r:71_c:61_sp:20,log,factor,100.0,0.001,3000.0,p_inst:0,1.0,0.0,1,61,0,p,m,gr,71,20,q
pname:p_inst:0_ptype:gr_usecol:q_pstyle:m_r:70_c:47_sp:20,log,factor,100.0,0.001,3000.0,p_inst:0,1.0,0.0,1,47,0,p,m,gr,70,20,q
pname:p_inst:0_ptype:gr_usecol:q_pstyle:m_r:53_c:59_sp:20,log,factor,100.0,0.001,3000.0,p_inst:0,1.0,0.0,1,59,0,p,m,gr,53,20,q
pname:p_inst:0_ptype:gr_usecol:q_pstyle:m_r:52_c:43_sp:20,log,factor,100.0,0.001,3000.0,p_inst:0,1.0,0.0,1,43,0,p,m,gr,52,20,q
pname:p_inst:0_ptype:gr_usecol:q_pstyle:m_r:56_c:31_sp:21,log,factor,100.0,0.001,3000.0,p_inst:0,1.0,0.0,1,31,0,p,m,gr,56,21,q
pname:p_inst:0_ptype:gr_usecol:q_pstyle:m_r:42_c:42_sp:21,log,factor,100.0,0.001,3000.0,p_inst:0,1.0,0.0,1,42,0,p,m,gr,42,21,q
pname:p_inst:0_ptype:gr_usecol:q_pstyle:m_r:35_c:56_sp:21,log,factor,100.0,0.001,3000.0,p_inst:0,1.0,0.0,1,56,0,p,m,gr,35,21,q
pname:p_inst:0_ptype:gr_usecol:q_pstyle:m_r:44_c:43_sp:21,log,factor,100.0,0.001,3000.0,p_inst:0,1.0,0.0,1,43,0,p,m,gr,44,21,q
pname:p_inst:0_ptype:gr_usecol:q_pstyle:m_r:82_c:31_sp:21,log,factor,100.0,0.001,3000.0,p_inst:0,1.0,0.0,1,31,0,p,m,gr,82,21,q
pname:p_inst:0_ptype:gr_usecol:q_pstyle:m_r:63_c:43_sp:21,log,factor,100.0,0.001,3000.0,p_inst:0,1.0,0.0,1,43,0,p,m,gr,63,21,q
pname:p_inst:0_ptype:gr_usecol:q_pstyle:m_r:56_c:61_sp:21,log,factor,100.0,0.001,3000.0,p_inst:0,1.0,0.0,1,61,0,p,m,gr,56,21,q
pname:p_inst:0_ptype:gr_usecol:q_pstyle:m_r:79_c:33_sp:21,log,factor,100.0,0.001,3000.0,p_inst:0,1.0,0.0,1,33,0,p,m,gr,79,21,q
pname:p_inst:0_ptype:gr_usecol:q_pstyle:m_r:31_c:48_sp:21,log,factor,100.0,0.001,3000.0,p_inst:0,1.0,0.0,1,48,0,p,m,gr,31,21,q
pname:p_inst:0_ptype:gr_usecol:q_pstyle:m_r:85_c:34_sp:21,log,factor,100.0,0.001,3000.0,p_inst:0,1.0,0.0,1,34,0,p,m,gr,85,21,q
pname:p_inst:0_ptype:gr_usecol:q_pstyle:m_r:32_c:49_sp:21,log,factor,100.0,0.001,3000.0,p_inst:0,1.0,0.0,1,49,0,p,m,gr,32,21,q
pname:p_inst:0_ptype:gr_usecol:q_pstyle:m_r:30_c:37_sp:21,log,factor,100.0,0.001,3000.0,p_inst:0,1.0,0.0,1,37,0,p,m,gr,30,21,q
pname:p_inst:0_ptype:gr_usecol:q_pstyle:m_r:50_c:37_sp:21,log,factor,100.0,0.001,3000.0,p_inst:0,1.0,0.0,1,37,0,p,m,gr,50,21,q
pname:p_inst:0_ptype:gr_usecol:q_pstyle:m_r:42_c:40_sp:21,log,factor,100.0,0.001,3000.0,p_inst:0,1.0,0.0,1,40,0,p,m,gr,42,21,q
pname:p_inst:0_ptype:gr_usecol:q_pstyle:m_r:54_c:53_sp:21,log,factor,100.0,0.001,3000.0,p_inst:0,1.0,0.0,1,53,0,p,m,gr,54,21,q
pname:p_inst:0_ptype:gr_usecol:q_pstyle:m_r:80_c:36_sp:21,log,factor,100.0,0.001,3000.0,p_inst:0,1.0,0.0,1,36,0,p,m,gr,80,21,q
pname:p_inst:0_ptype:gr_usecol:q_pstyle:m_r:71_c:61_sp:21,log,factor,100.0,0.001,3000.0,p_inst:0,1.0,0.0,1,61,0,p,m,gr,71,21,q
pname:p_inst:0_ptype:gr_usecol:q_pstyle:m_r:70_c:47_sp:21,log,factor,100.0,0.001,3000.0,p_inst:0,1.0,0.0,1,47,0,p,m,gr,70,21,q
pname:p_inst:0_ptype:gr_usecol:q_pstyle:m_r:53_c:59_sp:21,log,factor,100.0,0.001,3000.0,p_inst:0,1.0,0.0,1,59,0,p,m,gr,53,21,q
pname:p_inst:0_ptype:gr_usecol:q_pstyle:m_r:52_c:43_sp:21,log,factor,100.0,0.001,3000.0,p_inst:0,1.0,0.0,1,43,0,p,m,gr,52,21,q
pname:p_inst:0_ptype:gr_usecol:q_pstyle:m_r:56_c:31_sp:22,log,factor,100.0,0.001,3000.0,p_inst:0,1.0,0.0,1,31,0,p,m,gr,56,22,q
pname:p_inst:0_ptype:gr_usecol:q_pstyle:m_r:42_c:42_sp:22,log,factor,100.0,0.001,3000.0,p_inst:0,1.0,0.0,1,42,0,p,m,gr,42,22,q
pname:p_inst:0_ptype:gr_usecol:q_pstyle:m_r:35_c:56_sp:22,log,factor,100.0,0.001,3000.0,p_inst:0,1.0,0.0,1,56,0,p,m,gr,35,22,q
pname:p_inst:0_ptype:gr_usecol:q_pstyle:m_r:44_c:43_sp:22,log,factor,100.0,0.001,3000.0,p_inst:0,1.0,0.0,1,43,0,p,m,gr,44,22,q
pname:p_inst:0_ptype:gr_usecol:q_pstyle:m_r:82_c:31_sp:22,log,factor,100.0,0.001,3000.0,p_inst:0,1.0,0.0,1,31,0,p,m,gr,82,22,q
pname:p_inst:0_ptype:gr_usecol:q_pstyle:m_r:63_c:43_sp:22,log,factor,100.0,0.001,3000.0,p_inst:0,1.0,0.0,1,43,0,p,m,gr,63,22,q
pname:p_inst:0_ptype:gr_usecol:q_pstyle:m_r:56_c:61_sp:22,log,factor,100.0,0.001,3000.0,p_inst:0,1.0,0.0,1,61,0,p,m,gr,56,22,q
pname:p_inst:0_ptype:gr_usecol:q_pstyle:m_r:79_c:33_sp:22,log,factor,100.0,0.001,3000.0,p_inst:0,1.0,0.0,1,33,0,p,m,gr,79,22,q
pname:p_inst:0_ptype:gr_usecol:q_pstyle:m_r:31_c:48_sp:22,log,factor,100.0,0.001,3000.0,p_inst:0,1.0,0.0,1,48,0,p,m,gr,31,22,q
pname:p_inst:0_ptype:gr_usecol:q_pstyle:m_r:85_c:34_sp:22,log,factor,100.0,0.001,3000.0,p_inst:0,1.0,0.0,1,34,0,p,m,gr,85,22,q
pname:p_inst:0_ptype:gr_usecol:q_pstyle:m_r:32_c:49_sp:22,log,factor,100.0,0.001,3000.0,p_inst:0,1.0,0.0,1,49,0,p,m,gr,32,22,q
pname:p_inst:0_ptype:gr_usecol:q_pstyle:m_r:30_c:37_sp:22,log,factor,100.0,0.001,3000.0,p_inst:0,1.0,0.0,1,37,0,p,m,gr,30,22,q
pname:p_inst:0_ptype:gr_usecol:q_pstyle:m_r:50_c:37_sp:22,log,factor,100.0,0.001,3000.0,p_inst:0,1.0,0.0,1,37,0,p,m,gr,50,22,q
pname:p_inst:0_ptype:gr_usecol:q_pstyle:m_r:42_c:40_sp:22,log,factor,100.0,0.001,3000.0,p_inst:0,1.0,0.0,1,40,0,p,m,gr,42,22,q
pname:p_inst:0_ptype:gr_usecol:q_pstyle:m_r:54_c:53_sp:22,log,factor,100.0,0.001,3000.0,p_inst:0,1.0,0.0,1,53,0,p,m,gr,54,22,q
pname:p_inst:0_ptype:gr_usecol:q_pstyle:m_r:80_c:36_sp:22,log,factor,100.0,0.001,3000.0,p_inst:0,1.0,0.0,1,36,0,p,m,gr,80,22,q
pname:p_inst:0_ptype:gr_usecol:q_pstyle:m_r:71_c:61_sp:22,log,factor,100.0,0.001,3000.0,p_inst:0,1.0,0.0,1,61,0,p,m,gr,71,22,q
pname:p_inst:0_ptype:gr_usecol:q_pstyle:m_r:70_c:47_sp:22,log,factor,100.0,0.001,3000.0,p_inst:0,1.0,0.0,1,47,0,p,m,gr,70,22,q
pname:p_inst:0_ptype:gr_usecol:q_pstyle:m_r:53_c:59_sp:22,log,factor,100.0,0.001,3000.0,p_inst:0,1.0,0.0,1,59,0,p,m,gr,53,22,q
pname:p_inst:0_ptype:gr_usecol:q_pstyle:m_r:52_c:43_sp:22,log,factor,100.0,0.001,3000.0,p_inst:0,1.0,0.0,1,43,0,p,m,gr,52,22,q
pname:p_inst:0_ptype:gr_usecol:q_pstyle:m_r:56_c:31_sp:23,log,factor,100.0,0.001,3000.0,p_inst:0,1.0,0.0,1,31,0,p,m,gr,56,23,q
pname:p_inst:0_ptype:gr_usecol:q_pstyle:m_r:42_c:42_sp:23,log,factor,100.0,0.001,3000.0,p_inst:0,1.0,0.0,1,42,0,p,m,gr,42,23,q
pname:p_inst:0_ptype:gr_usecol:q_pstyle:m_r:35_c:56_sp:23,log,factor,100.0,0.001,3000.0,p_inst:0,1.0,0.0,1,56,0,p,m,gr,35,23,q
pname:p_inst:0_ptype:gr_usecol:q_pstyle:m_r:44_c:43_sp:23,log,factor,100.0,0.001,3000.0,p_inst:0,1.0,0.0,1,43,0,p,m,gr,44,23,q
pname:p_inst:0_ptype:gr_usecol:q_pstyle:m_r:82_c:31_sp:23,log,factor,100.0,0.001,3000.0,p_inst:0,1.0,0.0,1,31,0,p,m,gr,82,23,q
pname:p_inst:0_ptype:gr_usecol:q_pstyle:m_r:63_c:43_sp:23,log,factor,100.0,0.001,3000.0,p_inst:0,1.0,0.0,1,43,0,p,m,gr,63,23,q
pname:p_inst:0_ptype:gr_usecol:q_pstyle:m_r:56_c:61_sp:23,log,factor,100.0,0.001,3000.0,p_inst:0,1.0,0.0,1,61,0,p,m,gr,56,23,q
pname:p_inst:0_ptype:gr_usecol:q_pstyle:m_r:79_c:33_sp:23,log,factor,100.0,0.001,3000.0,p_inst:0,1.0,0.0,1,33,0,p,m,gr,79,23,q
pname:p_inst:0_ptype:gr_usecol:q_pstyle:m_r:31_c:48_sp:23,log,factor,100.0,0.001,3000.0,p_inst:0,1.0,0.0,1,48,0,p,m,gr,31,23,q
pname:p_inst:0_ptype:gr_usecol:q_pstyle:m_r:85_c:34_sp:23,log,factor,100.0,0.001,3000.0,p_inst:0,1.0,0.0,1,34,0,p,m,gr,85,23,q
pname:p_inst:0_ptype:gr_usecol:q_pstyle:m_r:32_c:49_sp:23,log,factor,100.0,0.001,3000.0,p_inst:0,1.0,0.0,1,49,0,p,m,gr,32,23,q
pname:p_inst:0_ptype:gr_usecol:q_pstyle:m_r:30_c:37_sp:23,log,factor,100.0,0.001,3000.0,p_inst:0,1.0,0.0,1,37,0,p,m,gr,30,23,q
pname:p_inst:0_ptype:gr_usecol:q_pstyle:m_r:50_c:37_sp:23,log,factor,100.0,0.001,3000.0,p_inst:0,1.0,0.0,1,37,0,p,m,gr,50,23,q
pname:p_inst:0_ptype:gr_usecol:q_pstyle:m_r:42_c:40_sp:23,log,factor,100.0,0.001,3000.0,p_inst:0,1.0,0.0,1,40,0,p,m,gr,42,23,q
pname:p_inst:0_ptype:gr_usecol:q_pstyle:m_r:54_c:53_sp:23,log,factor,100.0,0.001,3000.0,p_inst:0,1.0,0.0,1,53,0,p,m,gr,54,23,q
pname:p_inst:0_ptype:gr_usecol:q_pstyle:m_r:80_c:36_sp:23,log,factor,100.0,0.001,3000.0,p_inst:0,1.0,0.0,1,36,0,p,m,gr,80,23,q
pname:p_inst:0_ptype:gr_usecol:q_pstyle:m_r:71_c:61_sp:23,log,factor,100.0,0.001,3000.0,p_inst:0,1.0,0.0,1,61,0,p,m,gr,71,23,q
pname:p_inst:0_ptype:gr_usecol:q_pstyle:m_r:70_c:47_sp:23,log,factor,100.0,0.001,3000.0,p_inst:0,1.0,0.0,1,47,0,p,m,gr,70,23,q
pname:p_inst:0_ptype:gr_usecol:q_pstyle:m_r:53_c:59_sp:23,log,factor,100.0,0.001,3000.0,p_inst:0,1.0,0.0,1,59,0,p,m,gr,53,23,q
pname:p_inst:0_ptype:gr_usecol:q_pstyle:m_r:52_c:43_sp:23,log,factor,100.0,0.001,3000.0,p_inst:0,1.0,0.0,1,43,0,p,m,gr,52,23,q
pname:p_inst:0_ptype:gr_usecol:q_pstyle:m_r:56_c:31_sp:24,log,factor,100.0,0.001,3000.0,p_inst:0,1.0,0.0,1,31,0,p,m,gr,56,24,q
pname:p_inst:0_ptype:gr_usecol:q_pstyle:m_r:42_c:42_sp:24,log,factor,100.0,0.001,3000.0,p_inst:0,1.0,0.0,1,42,0,p,m,gr,42,24,q
pname:p_inst:0_ptype:gr_usecol:q_pstyle:m_r:35_c:56_sp:24,log,factor,100.0,0.001,3000.0,p_inst:0,1.0,0.0,1,56,0,p,m,gr,35,24,q
pname:p_inst:0_ptype:gr_usecol:q_pstyle:m_r:44_c:43_sp:24,log,factor,100.0,0.001,3000.0,p_inst:0,1.0,0.0,1,43,0,p,m,gr,44,24,q
pname:p_inst:0_ptype:gr_usecol:q_pstyle:m_r:82_c:31_sp:24,log,factor,100.0,0.001,3000.0,p_inst:0,1.0,0.0,1,31,0,p,m,gr,82,24,q
pname:p_inst:0_ptype:gr_usecol:q_pstyle:m_r:63_c:43_sp:24,log,factor,100.0,0.001,3000.0,p_inst:0,1.0,0.0,1,43,0,p,m,gr,63,24,q
pname:p_inst:0_ptype:gr_usecol:q_pstyle:m_r:56_c:61_sp:24,log,factor,100.0,0.001,3000.0,p_inst:0,1.0,0.0,1,61,0,p,m,gr,56,24,q
pname:p_inst:0_ptype:gr_usecol:q_pstyle:m_r:79_c:33_sp:24,log,factor,100.0,0.001,3000.0,p_inst:0,1.0,0.0,1,33,0,p,m,gr,79,24,q
pname:p_inst:0_ptype:gr_usecol:q_pstyle:m_r:31_c:48_sp:24,log,factor,100.0,0.001,3000.0,p_inst:0,1.0,0.0,1,48,0,p,m,gr,31,24,q
pname:p_inst:0_ptype:gr_usecol:q_pstyle:m_r:85_c:34_sp:24,log,factor,100.0,0.001,3000.0,p_inst:0,1.0,0.0,1,34,0,p,m,gr,85,24,q
pname:p_inst:0_ptype:gr_usecol:q_pstyle:m_r:32_c:49_sp:24,log,factor,100.0,0.001,3000.0,p_inst:0,1.0,0.0,1,49,0,p,m,gr,32,24,q
pname:p_inst:0_ptype:gr_usecol:q_pstyle:m_r:30_c:37_sp:24,log,factor,100.0,0.001,3000.0,p_inst:0,1.0,0.0,1,37,0,p,m,gr,30,24,q
pname:p_inst:0_ptype:gr_usecol:q_pstyle:m_r:50_c:37_sp:24,log,factor,100.0,0.001,3000.0,p_inst:0,1.0,0.0,1,37,0,p,m,gr,50,24,q
pname:p_inst:0_ptype:gr_usecol:q_pstyle:m_r:42_c:40_sp:24,log,factor,100.0,0.001,3000.0,p_inst:0,1.0,0.0,1,40,0,p,m,gr,42,24,q
pname:p_inst:0_ptype:gr_usecol:q_pstyle:m_r:54_c:53_sp:24,log,factor,100.0,0.001,3000.0,p_inst:0,1.0,0.0,1,53,0,p,m,gr,54,24,q
pname:p_inst:0_ptype:gr_usecol:q_pstyle:m_r:80_c:36_sp:24,log,factor,100.0,0.001,3000.0,p_inst:0,1.0,0.0,1,36,0,p,m,gr,80,24,q
pname:p_inst:0_ptype:gr_usecol:q_pstyle:m_r:71_c:61_sp:24,log,factor,100.0,0.001,3000.0,p_inst:0,1.0,0.0,1,61,0,p,m,gr,71,24,q
pname:p_inst:0_ptype:gr_usecol:q_pstyle:m_r:70_c:47_sp:24,log,factor,100.0,0.001,3000.0,p_inst:0,1.0,0.0,1,47,0,p,m,gr,70,24,q
pname:p_inst:0_ptype:gr_usecol:q_pstyle:m_r:53_c:59_sp:24,log,factor,100.0,0.001,3000.0,p_inst:0,1.0,0.0,1,59,0,p,m,gr,53,24,q
pname:p_inst:0_ptype:gr_usecol:q_pstyle:m_r:52_c:43_sp:24,log,factor,100.0,0.001,3000.0,p_inst:0,1.0,0.0,1,43,0,p,m,gr,52,24,q
pname:p_inst:0_ptype:gr_usecol:q_pstyle:m_r:56_c:31_sp:25,log,factor,100.0,0.001,3000.0,p_inst:0,1.0,0.0,1,31,0,p,m,gr,56,25,q
pname:p_inst:0_ptype:gr_usecol:q_pstyle:m_r:42_c:42_sp:25,log,factor,100.0,0.001,3000.0,p_inst:0,1.0,0.0,1,42,0,p,m,gr,42,25,q
pname:p_inst:0_ptype:gr_usecol:q_pstyle:m_r:35_c:56_sp:25,log,factor,100.0,0.001,3000.0,p_inst:0,1.0,0.0,1,56,0,p,m,gr,35,25,q
pname:p_inst:0_ptype:gr_usecol:q_pstyle:m_r:44_c:43_sp:25,log,factor,100.0,0.001,3000.0,p_inst:0,1.0,0.0,1,43,0,p,m,gr,44,25,q
pname:p_inst:0_ptype:gr_usecol:q_pstyle:m_r:82_c:31_sp:25,log,factor,100.0,0.001,3000.0,p_inst:0,1.0,0.0,1,31,0,p,m,gr,82,25,q
pname:p_inst:0_ptype:gr_usecol:q_pstyle:m_r:63_c:43_sp:25,log,factor,100.0,0.001,3000.0,p_inst:0,1.0,0.0,1,43,0,p,m,gr,63,25,q
pname:p_inst:0_ptype:gr_usecol:q_pstyle:m_r:56_c:61_sp:25,log,factor,100.0,0.001,3000.0,p_inst:0,1.0,0.0,1,61,0,p,m,gr,56,25,q
pname:p_inst:0_ptype:gr_usecol:q_pstyle:m_r:79_c:33_sp:25,log,factor,100.0,0.001,3000.0,p_inst:0,1.0,0.0,1,33,0,p,m,gr,79,25,q
pname:p_inst:0_ptype:gr_usecol:q_pstyle:m_r:31_c:48_sp:25,log,factor,100.0,0.001,3000.0,p_inst:0,1.0,0.0,1,48,0,p,m,gr,31,25,q
pname:p_inst:0_ptype:gr_usecol:q_pstyle:m_r:85_c:34_sp:25,log,factor,100.0,0.001,3000.0,p_inst:0,1.0,0.0,1,34,0,p,m,gr,85,25,q
pname:p_inst:0_ptype:gr_usecol:q_pstyle:m_r:32_c:49_sp:25,log,factor,100.0,0.001,3000.0,p_inst:0,1.0,0.0,1,49,0,p,m,gr,32,25,q
pname:p_inst:0_ptype:gr_usecol:q_pstyle:m_r:30_c:37_sp:25,log,factor,100.0,0.001,3000.0,p_inst:0,1.0,0.0,1,37,0,p,m,gr,30,25,q
pname:p_inst:0_ptype:gr_usecol:q_pstyle:m_r:50_c:37_sp:25,log,factor,100.0,0.001,3000.0,p_inst:0,1.0,0.0,1,37,0,p,m,gr,50,25,q
pname:p_inst:0_ptype:gr_usecol:q_pstyle:m_r:42_c:40_sp:25,log,factor,100.0,0.001,3000.0,p_inst:0,1.0,0.0,1,40,0,p,m,gr,42,25,q
pname:p_inst:0_ptype:gr_usecol:q_pstyle:m_r:54_c:53_sp:25,log,factor,100.0,0.001,3000.0,p_inst:0,1.0,0.0,1,53,0,p,m,gr,54,25,q
pname:p_inst:0_ptype:gr_usecol:q_pstyle:m_r:80_c:36_sp:25,log,factor,100.0,0.001,3000.0,p_inst:0,1.0,0.0,1,36,0,p,m,gr,80,25,q
pname:p_inst:0_ptype:gr_usecol:q_pstyle:m_r:71_c:61_sp:25,log,factor,100.0,0.001,3000.0,p_inst:0,1.0,0.0,1,61,0,p,m,gr,71,25,q
pname:p_inst:0_ptype:gr_usecol:q_pstyle:m_r:70_c:47_sp:25,log,factor,100.0,0.001,3000.0,p_inst:0,1.0,0.0,1,47,0,p,m,gr,70,25,q
pname:p_inst:0_ptype:gr_usecol:q_pstyle:m_r:53_c:59_sp:25,log,factor,100.0,0.001,3000.0,p_inst:0,1.0,0.0,1,59,0,p,m,gr,53,25,q
pname:p_inst:0_ptype:gr_usecol:q_pstyle:m_r:52_c:43_sp:25,log,factor,100.0,0.001,3000.0,p_inst:0,1.0,0.0,1,43,0,p,m,gr,52,25,q
pname:p_inst:0_ptype:gr_usecol:q_pstyle:m_r:56_c:31_sp:26,log,factor,100.0,0.001,3000.0,p_inst:0,1.0,0.0,1,31,0,p,m,gr,56,26,q
pname:p_inst:0_ptype:gr_usecol:q_pstyle:m_r:42_c:42_sp:26,log,factor,100.0,0.001,3000.0,p_inst:0,1.0,0.0,1,42,0,p,m,gr,42,26,q
pname:p_inst:0_ptype:gr_usecol:q_pstyle:m_r:35_c:56_sp:26,log,factor,100.0,0.001,3000.0,p_inst:0,1.0,0.0,1,56,0,p,m,gr,35,26,q
pname:p_inst:0_ptype:gr_usecol:q_pstyle:m_r:44_c:43_sp:26,log,factor,100.0,0.001,3000.0,p_inst:0,1.0,0.0,1,43,0,p,m,gr,44,26,q
pname:p_inst:0_ptype:gr_usecol:q_pstyle:m_r:82_c:31_sp:26,log,factor,100.0,0.001,3000.0,p_inst:0,1.0,0.0,1,31,0,p,m,gr,82,26,q
pname:p_inst:0_ptype:gr_usecol:q_pstyle:m_r:63_c:43_sp:26,log,factor,100.0,0.001,3000.0,p_inst:0,1.0,0.0,1,43,0,p,m,gr,63,26,q
pname:p_inst:0_ptype:gr_usecol:q_pstyle:m_r:56_c:61_sp:26,log,factor,100.0,0.001,3000.0,p_inst:0,1.0,0.0,1,61,0,p,m,gr,56,26,q
pname:p_inst:0_ptype:gr_usecol:q_pstyle:m_r:79_c:33_sp:26,log,factor,100.0,0.001,3000.0,p_inst:0,1.0,0.0,1,33,0,p,m,gr,79,26,q
pname:p_inst:0_ptype:gr_usecol:q_pstyle:m_r:31_c:48_sp:26,log,factor,100.0,0.001,3000.0,p_inst:0,1.0,0.0,1,48,0,p,m,gr,31,26,q
pname:p_inst:0_ptype:gr_usecol:q_pstyle:m_r:85_c:34_sp:26,log,factor,100.0,0.001,3000.0,p_inst:0,1.0,0.0,1,34,0,p,m,gr,85,26,q
pname:p_inst:0_ptype:gr_usecol:q_pstyle:m_r:32_c:49_sp:26,log,factor,100.0,0.001,3000.0,p_inst:0,1.0,0.0,1,49,0,p,m,gr,32,26,q
pname:p_inst:0_ptype:gr_usecol:q_pstyle:m_r:30_c:37_sp:26,log,factor,100.0,0.001,3000.0,p_inst:0,1.0,0.0,1,37,0,p,m,gr,30,26,q
pname:p_inst:0_ptype:gr_usecol:q_pstyle:m_r:50_c:37_sp:26,log,factor,100.0,0.001,3000.0,p_inst:0,1.0,0.0,1,37,0,p,m,gr,50,26,q
pname:p_inst:0_ptype:gr_usecol:q_pstyle:m_r:42_c:40_sp:26,log,factor,100.0,0.001,3000.0,p_inst:0,1.0,0.0,1,40,0,p,m,gr,42,26,q
pname:p_inst:0_ptype:gr_usecol:q_pstyle:m_r:54_c:53_sp:26,log,factor,100.0,0.001,3000.0,p_inst:0,1.0,0.0,1,53,0,p,m,gr,54,26,q
pname:p_inst:0_ptype:gr_usecol:q_pstyle:m_r:80_c:36_sp:26,log,factor,100.0,0.001,3000.0,p_inst:0,1.0,0.0,1,36,0,p,m,gr,80,26,q
pname:p_inst:0_ptype:gr_usecol:q_pstyle:m_r:71_c:61_sp:26,log,factor,100.0,0.001,3000.0,p_inst:0,1.0,0.0,1,61,0,p,m,gr,71,26,q
pname:p_inst:0_ptype:gr_usecol:q_pstyle:m_r:70_c:47_sp:26,log,factor,100.0,0.001,3000.0,p_inst:0,1.0,0.0,1,47,0,p,m,gr,70,26,q
pname:p_inst:0_ptype:gr_usecol:q_pstyle:m_r:53_c:59_sp:26,log,factor,100.0,0.001,3000.0,p_inst:0,1.0,0.0,1,59,0,p,m,gr,53,26,q
pname:p_inst:0_ptype:gr_usecol:q_pstyle:m_r:52_c:43_sp:26,log,factor,100.0,0.001,3000.0,p_inst:0,1.0,0.0,1,43,0,p,m,gr,52,26,q
pname:p_inst:0_ptype:gr_usecol:q_pstyle:m_r:56_c:31_sp:27,log,factor,100.0,0.001,3000.0,p_inst:0,1.0,0.0,1,31,0,p,m,gr,56,27,q
pname:p_inst:0_ptype:gr_usecol:q_pstyle:m_r:42_c:42_sp:27,log,factor,100.0,0.001,3000.0,p_inst:0,1.0,0.0,1,42,0,p,m,gr,42,27,q
pname:p_inst:0_ptype:gr_usecol:q_pstyle:m_r:35_c:56_sp:27,log,factor,100.0,0.001,3000.0,p_inst:0,1.0,0.0,1,56,0,p,m,gr,35,27,q
pname:p_inst:0_ptype:gr_usecol:q_pstyle:m_r:44_c:43_sp:27,log,factor,100.0,0.001,3000.0,p_inst:0,1.0,0.0,1,43,0,p,m,gr,44,27,q
pname:p_inst:0_ptype:gr_usecol:q_pstyle:m_r:82_c:31_sp:27,log,factor,100.0,0.001,3000.0,p_inst:0,1.0,0.0,1,31,0,p,m,gr,82,27,q
pname:p_inst:0_ptype:gr_usecol:q_pstyle:m_r:63_c:43_sp:27,log,factor,100.0,0.001,3000.0,p_inst:0,1.0,0.0,1,43,0,p,m,gr,63,27,q
pname:p_inst:0_ptype:gr_usecol:q_pstyle:m_r:56_c:61_sp:27,log,factor,100.0,0.001,3000.0,p_inst:0,1.0,0.0,1,61,0,p,m,gr,56,27,q
pname:p_inst:0_ptype:gr_usecol:q_pstyle:m_r:79_c:33_sp:27,log,factor,100.0,0.001,3000.0,p_inst:0,1.0,0.0,1,33,0,p,m,gr,79,27,q
pname:p_inst:0_ptype:gr_usecol:q_pstyle:m_r:31_c:48_sp:27,log,factor,100.0,0.001,3000.0,p_inst:0,1.0,0.0,1,48,0,p,m,gr,31,27,q
pname:p_inst:0_ptype:gr_usecol:q_pstyle:m_r:85_c:34_sp:27,log,factor,100.0,0.001,3000.0,p_inst:0,1.0,0.0,1,34,0,p,m,gr,85,27,q
pname:p_inst:0_ptype:gr_usecol:q_pstyle:m_r:32_c:49_sp:27,log,factor,100.0,0.001,3000.0,p_inst:0,1.0,0.0,1,49,0,p,m,gr,32,27,q
pname:p_inst:0_ptype:gr_usecol:q_pstyle:m_r:30_c:37_sp:27,log,factor,100.0,0.001,3000.0,p_inst:0,1.0,0.0,1,37,0,p,m,gr,30,27,q
pname:p_inst:0_ptype:gr_usecol:q_pstyle:m_r:50_c:37_sp:27,log,factor,100.0,0.001,3000.0,p_inst:0,1.0,0.0,1,37,0,p,m,gr,50,27,q
pname:p_inst:0_ptype:gr_usecol:q_pstyle:m_r:42_c:40_sp:27,log,factor,100.0,0.001,3000.0,p_inst:0,1.0,0.0,1,40,0,p,m,gr,42,27,q
pname:p_inst:0_ptype:gr_usecol:q_pstyle:m_r:54_c:53_sp:27,log,factor,100.0,0.001,3000.0,p_inst:0,1.0,0.0,1,53,0,p,m,gr,54,27,q
pname:p_inst:0_ptype:gr_usecol:q_pstyle:m_r:80_c:36_sp:27,log,factor,100.0,0.001,3000.0,p_inst:0,1.0,0.0,1,36,0,p,m,gr,80,27,q
pname:p_inst:0_ptype:gr_usecol:q_pstyle:m_r:71_c:61_sp:27,log,factor,100.0,0.001,3000.0,p_inst:0,1.0,0.0,1,61,0,p,m,gr,71,27,q
pname:p_inst:0_ptype:gr_usecol:q_pstyle:m_r:70_c:47_sp:27,log,factor,100.0,0.001,3000.0,p_inst:0,1.0,0.0,1,47,0,p,m,gr,70,27,q
pname:p_inst:0_ptype:gr_usecol:q_pstyle:m_r:53_c:59_sp:27,log,factor,100.0,0.001,3000.0,p_inst:0,1.0,0.0,1,59,0,p,m,gr,53,27,q
pname:p_inst:0_ptype:gr_usecol:q_pstyle:m_r:52_c:43_sp:27,log,factor,100.0,0.001,3000.0,p_inst:0,1.0,0.0,1,43,0,p,m,gr,52,27,q
pname:p_inst:0_ptype:gr_usecol:q_pstyle:m_r:56_c:31_sp:28,log,factor,100.0,0.001,3000.0,p_inst:0,1.0,0.0,1,31,0,p,m,gr,56,28,q
pname:p_inst:0_ptype:gr_usecol:q_pstyle:m_r:42_c:42_sp:28,log,factor,100.0,0.001,3000.0,p_inst:0,1.0,0.0,1,42,0,p,m,gr,42,28,q
pname:p_inst:0_ptype:gr_usecol:q_pstyle:m_r:35_c:56_sp:28,log,factor,100.0,0.001,3000.0,p_inst:0,1.0,0.0,1,56,0,p,m,gr,35,28,q
pname:p_inst:0_ptype:gr_usecol:q_pstyle:m_r:44_c:43_sp:28,log,factor,100.0,0.001,3000.0,p_inst:0,1.0,0.0,1,43,0,p,m,gr,44,28,q
pname:p_inst:0_ptype:gr_usecol:q_pstyle:m_r:82_c:31_sp:28,log,factor,100.0,0.001,3000.0,p_inst:0,1.0,0.0,1,31,0,p,m,gr,82,28,q
pname:p_inst:0_ptype:gr_usecol:q_pstyle:m_r:63_c:43_sp:28,log,factor,100.0,0.001,3000.0,p_inst:0,1.0,0.0,1,43,0,p,m,gr,63,28,q
pname:p_inst:0_ptype:gr_usecol:q_pstyle:m_r:56_c:61_sp:28,log,factor,100.0,0.001,3000.0,p_inst:0,1.0,0.0,1,61,0,p,m,gr,56,28,q
pname:p_inst:0_ptype:gr_usecol:q_pstyle:m_r:79_c:33_sp:28,log,factor,100.0,0.001,3000.0,p_inst:0,1.0,0.0,1,33,0,p,m,gr,79,28,q
pname:p_inst:0_ptype:gr_usecol:q_pstyle:m_r:31_c:48_sp:28,log,factor,100.0,0.001,3000.0,p_inst:0,1.0,0.0,1,48,0,p,m,gr,31,28,q
pname:p_inst:0_ptype:gr_usecol:q_pstyle:m_r:85_c:34_sp:28,log,factor,100.0,0.001,3000.0,p_inst:0,1.0,0.0,1,34,0,p,m,gr,85,28,q
pname:p_inst:0_ptype:gr_usecol:q_pstyle:m_r:32_c:49_sp:28,log,factor,100.0,0.001,3000.0,p_inst:0,1.0,0.0,1,49,0,p,m,gr,32,28,q
pname:p_inst:0_ptype:gr_usecol:q_pstyle:m_r:30_c:37_sp:28,log,factor,100.0,0.001,3000.0,p_inst:0,1.0,0.0,1,37,0,p,m,gr,30,28,q
pname:p_inst:0_ptype:gr_usecol:q_pstyle:m_r:50_c:37_sp:28,log,factor,100.0,0.001,3000.0,p_inst:0,1.0,0.0,1,37,0,p,m,gr,50,28,q
pname:p_inst:0_ptype:gr_usecol:q_pstyle:m_r:42_c:40_sp:28,log,factor,100.0,0.001,3000.0,p_inst:0,1.0,0.0,1,40,0,p,m,gr,42,28,q
pname:p_inst:0_ptype:gr_usecol:q_pstyle:m_r:54_c:53_sp:28,log,factor,100.0,0.001,3000.0,p_inst:0,1.0,0.0,1,53,0,p,m,gr,54,28,q
pname:p_inst:0_ptype:gr_usecol:q_pstyle:m_r:80_c:36_sp:28,log,factor,100.0,0.001,3000.0,p_inst:0,1.0,0.0,1,36,0,p,m,gr,80,28,q
pname:p_inst:0_ptype:gr_usecol:q_pstyle:m_r:71_c:61_sp:28,log,factor,100.0,0.001,3000.0,p_inst:0,1.0,0.0,1,61,0,p,m,gr,71,28,q
pname:p_inst:0_ptype:gr_usecol:q_pstyle:m_r:70_c:47_sp:28,log,factor,100.0,0.001,3000.0,p_inst:0,1.0,0.0,1,47,0,p,m,gr,70,28,q
pname:p_inst:0_ptype:gr_usecol:q_pstyle:m_r:53_c:59_sp:28,log,factor,100.0,0.001,3000.0,p_inst:0,1.0,0.0,1,59,0,p,m,gr,53,28,q
pname:p_inst:0_ptype:gr_usecol:q_pstyle:m_r:52_c:43_sp:28,log,factor,100.0,0.001,3000.0,p_inst:0,1.0,0.0,1,43,0,p,m,gr,52,28,q
pname:p_inst:0_ptype:gr_usecol:q_pstyle:m_r:56_c:31_sp:29,log,factor,100.0,0.001,3000.0,p_inst:0,1.0,0.0,1,31,0,p,m,gr,56,29,q
pname:p_inst:0_ptype:gr_usecol:q_pstyle:m_r:42_c:42_sp:29,log,factor,100.0,0.001,3000.0,p_inst:0,1.0,0.0,1,42,0,p,m,gr,42,29,q
pname:p_inst:0_ptype:gr_usecol:q_pstyle:m_r:35_c:56_sp:29,log,factor,100.0,0.001,3000.0,p_inst:0,1.0,0.0,1,56,0,p,m,gr,35,29,q
pname:p_inst:0_ptype:gr_usecol:q_pstyle:m_r:44_c:43_sp:29,log,factor,100.0,0.001,3000.0,p_inst:0,1.0,0.0,1,43,0,p,m,gr,44,29,q
pname:p_inst:0_ptype:gr_usecol:q_pstyle:m_r:82_c:31_sp:29,log,factor,100.0,0.001,3000.0,p_inst:0,1.0,0.0,1,31,0,p,m,gr,82,29,q
pname:p_inst:0_ptype:gr_usecol:q_pstyle:m_r:63_c:43_sp:29,log,factor,100.0,0.001,3000.0,p_inst:0,1.0,0.0,1,43,0,p,m,gr,63,29,q
pname:p_inst:0_ptype:gr_usecol:q_pstyle:m_r:56_c:61_sp:29,log,factor,100.0,0.001,3000.0,p_inst:0,1.0,0.0,1,61,0,p,m,gr,56,29,q
pname:p_inst:0_ptype:gr_usecol:q_pstyle:m_r:79_c:33_sp:29,log,factor,100.0,0.001,3000.0,p_inst:0,1.0,0.0,1,33,0,p,m,gr,79,29,q
pname:p_inst:0_ptype:gr_usecol:q_pstyle:m_r:31_c:48_sp:29,log,factor,100.0,0.001,3000.0,p_inst:0,1.0,0.0,1,48,0,p,m,gr,31,29,q
pname:p_inst:0_ptype:gr_usecol:q_pstyle:m_r:85_c:34_sp:29,log,factor,100.0,0.001,3000.0,p_inst:0,1.0,0.0,1,34,0,p,m,gr,85,29,q
pname:p_inst:0_ptype:gr_usecol:q_pstyle:m_r:32_c:49_sp:29,log,factor,100.0,0.001,3000.0,p_inst:0,1.0,0.0,1,49,0,p,m,gr,32,29,q
pname:p_inst:0_ptype:gr_usecol:q_pstyle:m_r:30_c:37_sp:29,log,factor,100.0,0.001,3000.0,p_inst:0,1.0,0.0,1,37,0,p,m,gr,30,29,q
pname:p_inst:0_ptype:gr_usecol:q_pstyle:m_r:50_c:37_sp:29,log,factor,100.0,0.001,3000.0,p_inst:0,1.0,0.0,1,37,0,p,m,gr,50,29,q
pname:p_inst:0_ptype:gr_usecol:q_pstyle:m_r:42_c:40_sp:29,log,factor,100.0,0.001,3000.0,p_inst:0,1.0,0.0,1,40,0,p,m,gr,42,29,q
pname:p_inst:0_ptype:gr_usecol:q_pstyle:m_r:54_c:53_sp:29,log,factor,100.0,0.001,3000.0,p_inst:0,1.0,0.0,1,53,0,p,m,gr,54,29,q
pname:p_inst:0_ptype:gr_usecol:q_pstyle:m_r:80_c:36_sp:29,log,factor,100.0,0.001,3000.0,p_inst:0,1.0,0.0,1,36,0,p,m,gr,80,29,q
pname:p_inst:0_ptype:gr_usecol:q_pstyle:m_r:71_c:61_sp:29,log,factor,100.0,0.001,3000.0,p_inst:0,1.0,0.0,1,61,0,p,m,gr,71,29,q
pname:p_inst:0_ptype:gr_usecol:q_pstyle:m_r:70_c:47_sp:29,log,factor,100.0,0.001,3000.0,p_inst:0,1.0,0.0,1,47,0,p,m,gr,70,29,q
pname:p_inst:0_ptype:gr_usecol:q_pstyle:m_r:53_c:59_sp:29,log,factor,100.0,0.001,3000.0,p_inst:0,1.0,0.0,1,59,0,p,m,gr,53,29,q
pname:p_inst:0_ptype:gr_usecol:q_pstyle:m_r:52_c:43_sp:29,log,factor,100.0,0.001,3000.0,p_inst:0,1.0,0.0,1,43,0,p,m,gr,52,29,q
pname:p_inst:0_ptype:gr_usecol:q_pstyle:m_r:56_c:31_sp:30,log,factor,100.0,0.001,3000.0,p_inst:0,1.0,0.0,1,31,0,p,m,gr,56,30,q
pname:p_inst:0_ptype:gr_usecol:q_pstyle:m_r:42_c:42_sp:30,log,factor,100.0,0.001,3000.0,p_inst:0,1.0,0.0,1,42,0,p,m,gr,42,30,q
pname:p_inst:0_ptype:gr_usecol:q_pstyle:m_r:35_c:56_sp:30,log,factor,100.0,0.001,3000.0,p_inst:0,1.0,0.0,1,56,0,p,m,gr,35,30,q
pname:p_inst:0_ptype:gr_usecol:q_pstyle:m_r:44_c:43_sp:30,log,factor,100.0,0.001,3000.0,p_inst:0,1.0,0.0,1,43,0,p,m,gr,44,30,q
pname:p_inst:0_ptype:gr_usecol:q_pstyle:m_r:82_c:31_sp:30,log,factor,100.0,0.001,3000.0,p_inst:0,1.0,0.0,1,31,0,p,m,gr,82,30,q
pname:p_inst:0_ptype:gr_usecol:q_pstyle:m_r:63_c:43_sp:30,log,factor,100.0,0.001,3000.0,p_inst:0,1.0,0.0,1,43,0,p,m,gr,63,30,q
pname:p_inst:0_ptype:gr_usecol:q_pstyle:m_r:56_c:61_sp:30,log,factor,100.0,0.001,3000.0,p_inst:0,1.0,0.0,1,61,0,p,m,gr,56,30,q
pname:p_inst:0_ptype:gr_usecol:q_pstyle:m_r:79_c:33_sp:30,log,factor,100.0,0.001,3000.0,p_inst:0,1.0,0.0,1,33,0,p,m,gr,79,30,q
pname:p_inst:0_ptype:gr_usecol:q_pstyle:m_r:31_c:48_sp:30,log,factor,100.0,0.001,3000.0,p_inst:0,1.0,0.0,1,48,0,p,m,gr,31,30,q
pname:p_inst:0_ptype:gr_usecol:q_pstyle:m_r:85_c:34_sp:30,log,factor,100.0,0.001,3000.0,p_inst:0,1.0,0.0,1,34,0,p,m,gr,85,30,q
pname:p_inst:0_ptype:gr_usecol:q_pstyle:m_r:32_c:49_sp:30,log,factor,100.0,0.001,3000.0,p_inst:0,1.0,0.0,1,49,0,p,m,gr,32,30,q
pname:p_inst:0_ptype:gr_usecol:q_pstyle:m_r:30_c:37_sp:30,log,factor,100.0,0.001,3000.0,p_inst:0,1.0,0.0,1,37,0,p,m,gr,30,30,q
pname:p_inst:0_ptype:gr_usecol:q_pstyle:m_r:50_c:37_sp:30,log,factor,100.0,0.001,3000.0,p_inst:0,1.0,0.0,1,37,0,p,m,gr,50,30,q
pname:p_inst:0_ptype:gr_usecol:q_pstyle:m_r:42_c:40_sp:30,log,factor,100.0,0.001,3000.0,p_inst:0,1.0,0.0,1,40,0,p,m,gr,42,30,q
pname:p_inst:0_ptype:gr_usecol:q_pstyle:m_r:54_c:53_sp:30,log,factor,100.0,0.001,3000.0,p_inst:0,1.0,0.0,1,53,0,p,m,gr,54,30,q
pname:p_inst:0_ptype:gr_usecol:q_pstyle:m_r:80_c:36_sp:30,log,factor,100.0,0.001,3000.0,p_inst:0,1.0,0.0,1,36,0,p,m,gr,80,30,q
pname:p_inst:0_ptype:gr_usecol:q_pstyle:m_r:71_c:61_sp:30,log,factor,100.0,0.001,3000.0,p_inst:0,1.0,0.0,1,61,0,p,m,gr,71,30,q
pname:p_inst:0_ptype:gr_usecol:q_pstyle:m_r:70_c:47_sp:30,log,factor,100.0,0.001,3000.0,p_inst:0,1.0,0.0,1,47,0,p,m,gr,70,30,q
pname:p_inst:0_ptype:gr_usecol:q_pstyle:m_r:53_c:59_sp:30,log,factor,100.0,0.001,3000.0,p_inst:0,1.0,0.0,1,59,0,p,m,gr,53,30,q
pname:p_inst:0_ptype:gr_usecol:q_pstyle:m_r:52_c:43_sp:30,log,factor,100.0,0.001,3000.0,p_inst:0,1.0,0.0,1,43,0,p,m,gr,52,30,q
pname:p_inst:0_ptype:gr_usecol:q_pstyle:m_r:56_c:31_sp:31,log,factor,100.0,0.001,3000.0,p_inst:0,1.0,0.0,1,31,0,p,m,gr,56,31,q
pname:p_inst:0_ptype:gr_usecol:q_pstyle:m_r:42_c:42_sp:31,log,factor,100.0,0.001,3000.0,p_inst:0,1.0,0.0,1,42,0,p,m,gr,42,31,q
pname:p_inst:0_ptype:gr_usecol:q_pstyle:m_r:35_c:56_sp:31,log,factor,100.0,0.001,3000.0,p_inst:0,1.0,0.0,1,56,0,p,m,gr,35,31,q
pname:p_inst:0_ptype:gr_usecol:q_pstyle:m_r:44_c:43_sp:31,log,factor,100.0,0.001,3000.0,p_inst:0,1.0,0.0,1,43,0,p,m,gr,44,31,q
pname:p_inst:0_ptype:gr_usecol:q_pstyle:m_r:82_c:31_sp:31,log,factor,100.0,0.001,3000.0,p_inst:0,1.0,0.0,1,31,0,p,m,gr,82,31,q
pname:p_inst:0_ptype:gr_usecol:q_pstyle:m_r:63_c:43_sp:31,log,factor,100.0,0.001,3000.0,p_inst:0,1.0,0.0,1,43,0,p,m,gr,63,31,q
pname:p_inst:0_ptype:gr_usecol:q_pstyle:m_r:56_c:61_sp:31,log,factor,100.0,0.001,3000.0,p_inst:0,1.0,0.0,1,61,0,p,m,gr,56,31,q
pname:p_inst:0_ptype:gr_usecol:q_pstyle:m_r:79_c:33_sp:31,log,factor,100.0,0.001,3000.0,p_inst:0,1.0,0.0,1,33,0,p,m,gr,79,31,q
pname:p_inst:0_ptype:gr_usecol:q_pstyle:m_r:31_c:48_sp:31,log,factor,100.0,0.001,3000.0,p_inst:0,1.0,0.0,1,48,0,p,m,gr,31,31,q
pname:p_inst:0_ptype:gr_usecol:q_pstyle:m_r:85_c:34_sp:31,log,factor,100.0,0.001,3000.0,p_inst:0,1.0,0.0,1,34,0,p,m,gr,85,31,q
pname:p_inst:0_ptype:gr_usecol:q_pstyle:m_r:32_c:49_sp:31,log,factor,100.0,0.001,3000.0,p_inst:0,1.0,0.0,1,49,0,p,m,gr,32,31,q
pname:p_inst:0_ptype:gr_usecol:q_pstyle:m_r:30_c:37_sp:31,log,factor,100.0,0.001,3000.0,p_inst:0,1.0,0.0,1,37,0,p,m,gr,30,31,q
pname:p_inst:0_ptype:gr_usecol:q_pstyle:m_r:50_c:37_sp:31,log,factor,100.0,0.001,3000.0,p_inst:0,1.0,0.0,1,37,0,p,m,gr,50,31,q
pname:p_inst:0_ptype:gr_usecol:q_pstyle:m_r:42_c:40_sp:31,log,factor,100.0,0.001,3000.0,p_inst:0,1.0,0.0,1,40,0,p,m,gr,42,31,q
pname:p_inst:0_ptype:gr_usecol:q_pstyle:m_r:54_c:53_sp:31,log,factor,100.0,0.001,3000.0,p_inst:0,1.0,0.0,1,53,0,p,m,gr,54,31,q
pname:p_inst:0_ptype:gr_usecol:q_pstyle:m_r:80_c:36_sp:31,log,factor,100.0,0.001,3000.0,p_inst:0,1.0,0.0,1,36,0,p,m,gr,80,31,q
pname:p_inst:0_ptype:gr_usecol:q_pstyle:m_r:71_c:61_sp:31,log,factor,100.0,0.001,3000.0,p_inst:0,1.0,0.0,1,61,0,p,m,gr,71,31,q
pname:p_inst:0_ptype:gr_usecol:q_pstyle:m_r:70_c:47_sp:31,log,factor,100.0,0.001,3000.0,p_inst:0,1.0,0.0,1,47,0,p,m,gr,70,31,q
pname:p_inst:0_ptype:gr_usecol:q_pstyle:m_r:53_c:59_sp:31,log,factor,100.0,0.001,3000.0,p_inst:0,1.0,0.0,1,59,0,p,m,gr,53,31,q
pname:p_inst:0_ptype:gr_usecol:q_pstyle:m_r:52_c:43_sp:31,log,factor,100.0,0.001,3000.0,p_inst:0,1.0,0.0,1,43,0,p,m,gr,52,31,q
pname:p_inst:0_ptype:gr_usecol:q_pstyle:m_r:56_c:31_sp:32,log,factor,100.0,0.001,3000.0,p_inst:0,1.0,0.0,1,31,0,p,m,gr,56,32,q
pname:p_inst:0_ptype:gr_usecol:q_pstyle:m_r:42_c:42_sp:32,log,factor,100.0,0.001,3000.0,p_inst:0,1.0,0.0,1,42,0,p,m,gr,42,32,q
pname:p_inst:0_ptype:gr_usecol:q_pstyle:m_r:35_c:56_sp:32,log,factor,100.0,0.001,3000.0,p_inst:0,1.0,0.0,1,56,0,p,m,gr,35,32,q
pname:p_inst:0_ptype:gr_usecol:q_pstyle:m_r:44_c:43_sp:32,log,factor,100.0,0.001,3000.0,p_inst:0,1.0,0.0,1,43,0,p,m,gr,44,32,q
pname:p_inst:0_ptype:gr_usecol:q_pstyle:m_r:82_c:31_sp:32,log,factor,100.0,0.001,3000.0,p_inst:0,1.0,0.0,1,31,0,p,m,gr,82,32,q
pname:p_inst:0_ptype:gr_usecol:q_pstyle:m_r:63_c:43_sp:32,log,factor,100.0,0.001,3000.0,p_inst:0,1.0,0.0,1,43,0,p,m,gr,63,32,q
pname:p_inst:0_ptype:gr_usecol:q_pstyle:m_r:56_c:61_sp:32,log,factor,100.0,0.001,3000.0,p_inst:0,1.0,0.0,1,61,0,p,m,gr,56,32,q
pname:p_inst:0_ptype:gr_usecol:q_pstyle:m_r:79_c:33_sp:32,log,factor,100.0,0.001,3000.0,p_inst:0,1.0,0.0,1,33,0,p,m,gr,79,32,q
pname:p_inst:0_ptype:gr_usecol:q_pstyle:m_r:31_c:48_sp:32,log,factor,100.0,0.001,3000.0,p_inst:0,1.0,0.0,1,48,0,p,m,gr,31,32,q
pname:p_inst:0_ptype:gr_usecol:q_pstyle:m_r:85_c:34_sp:32,log,factor,100.0,0.001,3000.0,p_inst:0,1.0,0.0,1,34,0,p,m,gr,85,32,q
pname:p_inst:0_ptype:gr_usecol:q_pstyle:m_r:32_c:49_sp:32,log,factor,100.0,0.001,3000.0,p_inst:0,1.0,0.0,1,49,0,p,m,gr,32,32,q
pname:p_inst:0_ptype:gr_usecol:q_pstyle:m_r:30_c:37_sp:32,log,factor,100.0,0.001,3000.0,p_inst:0,1.0,0.0,1,37,0,p,m,gr,30,32,q
pname:p_inst:0_ptype:gr_usecol:q_pstyle:m_r:50_c:37_sp:32,log,factor,100.0,0.001,3000.0,p_inst:0,1.0,0.0,1,37,0,p,m,gr,50,32,q
pname:p_inst:0_ptype:gr_usecol:q_pstyle:m_r:42_c:40_sp:32,log,factor,100.0,0.001,3000.0,p_inst:0,1.0,0.0,1,40,0,p,m,gr,42,32,q
pname:p_inst:0_ptype:gr_usecol:q_pstyle:m_r:54_c:53_sp:32,log,factor,100.0,0.001,3000.0,p_inst:0,1.0,0.0,1,53,0,p,m,gr,54,32,q
pname:p_inst:0_ptype:gr_usecol:q_pstyle:m_r:80_c:36_sp:32,log,factor,100.0,0.001,3000.0,p_inst:0,1.0,0.0,1,36,0,p,m,gr,80,32,q
pname:p_inst:0_ptype:gr_usecol:q_pstyle:m_r:71_c:61_sp:32,log,factor,100.0,0.001,3000.0,p_inst:0,1.0,0.0,1,61,0,p,m,gr,71,32,q
pname:p_inst:0_ptype:gr_usecol:q_pstyle:m_r:70_c:47_sp:32,log,factor,100.0,0.001,3000.0,p_inst:0,1.0,0.0,1,47,0,p,m,gr,70,32,q
pname:p_inst:0_ptype:gr_usecol:q_pstyle:m_r:53_c:59_sp:32,log,factor,100.0,0.001,3000.0,p_inst:0,1.0,0.0,1,59,0,p,m,gr,53,32,q
pname:p_inst:0_ptype:gr_usecol:q_pstyle:m_r:52_c:43_sp:32,log,factor,100.0,0.001,3000.0,p_inst:0,1.0,0.0,1,43,0,p,m,gr,52,32,q
pname:p_inst:0_ptype:gr_usecol:q_pstyle:m_r:56_c:31_sp:33,log,factor,100.0,0.001,3000.0,p_inst:0,1.0,0.0,1,31,0,p,m,gr,56,33,q
pname:p_inst:0_ptype:gr_usecol:q_pstyle:m_r:42_c:42_sp:33,log,factor,100.0,0.001,3000.0,p_inst:0,1.0,0.0,1,42,0,p,m,gr,42,33,q
pname:p_inst:0_ptype:gr_usecol:q_pstyle:m_r:35_c:56_sp:33,log,factor,100.0,0.001,3000.0,p_inst:0,1.0,0.0,1,56,0,p,m,gr,35,33,q
pname:p_inst:0_ptype:gr_usecol:q_pstyle:m_r:44_c:43_sp:33,log,factor,100.0,0.001,3000.0,p_inst:0,1.0,0.0,1,43,0,p,m,gr,44,33,q
pname:p_inst:0_ptype:gr_usecol:q_pstyle:m_r:82_c:31_sp:33,log,factor,100.0,0.001,3000.0,p_inst:0,1.0,0.0,1,31,0,p,m,gr,82,33,q
pname:p_inst:0_ptype:gr_usecol:q_pstyle:m_r:63_c:43_sp:33,log,factor,100.0,0.001,3000.0,p_inst:0,1.0,0.0,1,43,0,p,m,gr,63,33,q
pname:p_inst:0_ptype:gr_usecol:q_pstyle:m_r:56_c:61_sp:33,log,factor,100.0,0.001,3000.0,p_inst:0,1.0,0.0,1,61,0,p,m,gr,56,33,q
pname:p_inst:0_ptype:gr_usecol:q_pstyle:m_r:79_c:33_sp:33,log,factor,100.0,0.001,3000.0,p_inst:0,1.0,0.0,1,33,0,p,m,gr,79,33,q
pname:p_inst:0_ptype:gr_usecol:q_pstyle:m_r:31_c:48_sp:33,log,factor,100.0,0.001,3000.0,p_inst:0,1.0,0.0,1,48,0,p,m,gr,31,33,q
pname:p_inst:0_ptype:gr_usecol:q_pstyle:m_r:85_c:34_sp:33,log,factor,100.0,0.001,3000.0,p_inst:0,1.0,0.0,1,34,0,p,m,gr,85,33,q
pname:p_inst:0_ptype:gr_usecol:q_pstyle:m_r:32_c:49_sp:33,log,factor,100.0,0.001,3000.0,p_inst:0,1.0,0.0,1,49,0,p,m,gr,32,33,q
pname:p_inst:0_ptype:gr_usecol:q_pstyle:m_r:30_c:37_sp:33,log,factor,100.0,0.001,3000.0,p_inst:0,1.0,0.0,1,37,0,p,m,gr,30,33,q
pname:p_inst:0_ptype:gr_usecol:q_pstyle:m_r:50_c:37_sp:33,log,factor,100.0,0.001,3000.0,p_inst:0,1.0,0.0,1,37,0,p,m,gr,50,33,q
pname:p_inst:0_ptype:gr_usecol:q_pstyle:m_r:42_c:40_sp:33,log,factor,100.0,0.001,3000.0,p_inst:0,1.0,0.0,1,40,0,p,m,gr,42,33,q
pname:p_inst:0_ptype:gr_usecol:q_pstyle:m_r:54_c:53_sp:33,log,factor,100.0,0.001,3000.0,p_inst:0,1.0,0.0,1,53,0,p,m,gr,54,33,q
pname:p_inst:0_ptype:gr_usecol:q_pstyle:m_r:80_c:36_sp:33,log,factor,100.0,0.001,3000.0,p_inst:0,1.0,0.0,1,36,0,p,m,gr,80,33,q
pname:p_inst:0_ptype:gr_usecol:q_pstyle:m_r:71_c:61_sp:33,log,factor,100.0,0.001,3000.0,p_inst:0,1.0,0.0,1,61,0,p,m,gr,71,33,q
pname:p_inst:0_ptype:gr_usecol:q_pstyle:m_r:70_c:47_sp:33,log,factor,100.0,0.001,3000.0,p_inst:0,1.0,0.0,1,47,0,p,m,gr,70,33,q
pname:p_inst:0_ptype:gr_usecol:q_pstyle:m_r:53_c:59_sp:33,log,factor,100.0,0.001,3000.0,p_inst:0,1.0,0.0,1,59,0,p,m,gr,53,33,q
pname:p_inst:0_ptype:gr_usecol:q_pstyle:m_r:52_c:43_sp:33,log,factor,100.0,0.001,3000.0,p_inst:0,1.0,0.0,1,43,0,p,m,gr,52,33,q
pname:p_inst:0_ptype:gr_usecol:q_pstyle:m_r:56_c:31_sp:34,log,factor,100.0,0.001,3000.0,p_inst:0,1.0,0.0,1,31,0,p,m,gr,56,34,q
pname:p_inst:0_ptype:gr_usecol:q_pstyle:m_r:42_c:42_sp:34,log,factor,100.0,0.001,3000.0,p_inst:0,1.0,0.0,1,42,0,p,m,gr,42,34,q
pname:p_inst:0_ptype:gr_usecol:q_pstyle:m_r:35_c:56_sp:34,log,factor,100.0,0.001,3000.0,p_inst:0,1.0,0.0,1,56,0,p,m,gr,35,34,q
pname:p_inst:0_ptype:gr_usecol:q_pstyle:m_r:44_c:43_sp:34,log,factor,100.0,0.001,3000.0,p_inst:0,1.0,0.0,1,43,0,p,m,gr,44,34,q
pname:p_inst:0_ptype:gr_usecol:q_pstyle:m_r:82_c:31_sp:34,log,factor,100.0,0.001,3000.0,p_inst:0,1.0,0.0,1,31,0,p,m,gr,82,34,q
pname:p_inst:0_ptype:gr_usecol:q_pstyle:m_r:63_c:43_sp:34,log,factor,100.0,0.001,3000.0,p_inst:0,1.0,0.0,1,43,0,p,m,gr,63,34,q
pname:p_inst:0_ptype:gr_usecol:q_pstyle:m_r:56_c:61_sp:34,log,factor,100.0,0.001,3000.0,p_inst:0,1.0,0.0,1,61,0,p,m,gr,56,34,q
pname:p_inst:0_ptype:gr_usecol:q_pstyle:m_r:79_c:33_sp:34,log,factor,100.0,0.001,3000.0,p_inst:0,1.0,0.0,1,33,0,p,m,gr,79,34,q
pname:p_inst:0_ptype:gr_usecol:q_pstyle:m_r:31_c:48_sp:34,log,factor,100.0,0.001,3000.0,p_inst:0,1.0,0.0,1,48,0,p,m,gr,31,34,q
pname:p_inst:0_ptype:gr_usecol:q_pstyle:m_r:85_c:34_sp:34,log,factor,100.0,0.001,3000.0,p_inst:0,1.0,0.0,1,34,0,p,m,gr,85,34,q
pname:p_inst:0_ptype:gr_usecol:q_pstyle:m_r:32_c:49_sp:34,log,factor,100.0,0.001,3000.0,p_inst:0,1.0,0.0,1,49,0,p,m,gr,32,34,q
pname:p_inst:0_ptype:gr_usecol:q_pstyle:m_r:30_c:37_sp:34,log,factor,100.0,0.001,3000.0,p_inst:0,1.0,0.0,1,37,0,p,m,gr,30,34,q
pname:p_inst:0_ptype:gr_usecol:q_pstyle:m_r:50_c:37_sp:34,log,factor,100.0,0.001,3000.0,p_inst:0,1.0,0.0,1,37,0,p,m,gr,50,34,q
pname:p_inst:0_ptype:gr_usecol:q_pstyle:m_r:42_c:40_sp:34,log,factor,100.0,0.001,3000.0,p_inst:0,1.0,0.0,1,40,0,p,m,gr,42,34,q
pname:p_inst:0_ptype:gr_usecol:q_pstyle:m_r:54_c:53_sp:34,log,factor,100.0,0.001,3000.0,p_inst:0,1.0,0.0,1,53,0,p,m,gr,54,34,q
pname:p_inst:0_ptype:gr_usecol:q_pstyle:m_r:80_c:36_sp:34,log,factor,100.0,0.001,3000.0,p_inst:0,1.0,0.0,1,36,0,p,m,gr,80,34,q
pname:p_inst:0_ptype:gr_usecol:q_pstyle:m_r:71_c:61_sp:34,log,factor,100.0,0.001,3000.0,p_inst:0,1.0,0.0,1,61,0,p,m,gr,71,34,q
pname:p_inst:0_ptype:gr_usecol:q_pstyle:m_r:70_c:47_sp:34,log,factor,100.0,0.001,3000.0,p_inst:0,1.0,0.0,1,47,0,p,m,gr,70,34,q
pname:p_inst:0_ptype:gr_usecol:q_pstyle:m_r:53_c:59_sp:34,log,factor,100.0,0.001,3000.0,p_inst:0,1.0,0.0,1,59,0,p,m,gr,53,34,q
pname:p_inst:0_ptype:gr_usecol:q_pstyle:m_r:52_c:43_sp:34,log,factor,100.0,0.001,3000.0,p_inst:0,1.0,0.0,1,43,0,p,m,gr,52,34,q
pname:p_inst:0_ptype:gr_usecol:q_pstyle:m_r:56_c:31_sp:35,log,factor,100.0,0.001,3000.0,p_inst:0,1.0,0.0,1,31,0,p,m,gr,56,35,q
pname:p_inst:0_ptype:gr_usecol:q_pstyle:m_r:42_c:42_sp:35,log,factor,100.0,0.001,3000.0,p_inst:0,1.0,0.0,1,42,0,p,m,gr,42,35,q
pname:p_inst:0_ptype:gr_usecol:q_pstyle:m_r:35_c:56_sp:35,log,factor,100.0,0.001,3000.0,p_inst:0,1.0,0.0,1,56,0,p,m,gr,35,35,q
pname:p_inst:0_ptype:gr_usecol:q_pstyle:m_r:44_c:43_sp:35,log,factor,100.0,0.001,3000.0,p_inst:0,1.0,0.0,1,43,0,p,m,gr,44,35,q
pname:p_inst:0_ptype:gr_usecol:q_pstyle:m_r:82_c:31_sp:35,log,factor,100.0,0.001,3000.0,p_inst:0,1.0,0.0,1,31,0,p,m,gr,82,35,q
pname:p_inst:0_ptype:gr_usecol:q_pstyle:m_r:63_c:43_sp:35,log,factor,100.0,0.001,3000.0,p_inst:0,1.0,0.0,1,43,0,p,m,gr,63,35,q
pname:p_inst:0_ptype:gr_usecol:q_pstyle:m_r:56_c:61_sp:35,log,factor,100.0,0.001,3000.0,p_inst:0,1.0,0.0,1,61,0,p,m,gr,56,35,q
pname:p_inst:0_ptype:gr_usecol:q_pstyle:m_r:79_c:33_sp:35,log,factor,100.0,0.001,3000.0,p_inst:0,1.0,0.0,1,33,0,p,m,gr,79,35,q
pname:p_inst:0_ptype:gr_usecol:q_pstyle:m_r:31_c:48_sp:35,log,factor,100.0,0.001,3000.0,p_inst:0,1.0,0.0,1,48,0,p,m,gr,31,35,q
pname:p_inst:0_ptype:gr_usecol:q_pstyle:m_r:85_c:34_sp:35,log,factor,100.0,0.001,3000.0,p_inst:0,1.0,0.0,1,34,0,p,m,gr,85,35,q
pname:p_inst:0_ptype:gr_usecol:q_pstyle:m_r:32_c:49_sp:35,log,factor,100.0,0.001,3000.0,p_inst:0,1.0,0.0,1,49,0,p,m,gr,32,35,q
pname:p_inst:0_ptype:gr_usecol:q_pstyle:m_r:30_c:37_sp:35,log,factor,100.0,0.001,3000.0,p_inst:0,1.0,0.0,1,37,0,p,m,gr,30,35,q
pname:p_inst:0_ptype:gr_usecol:q_pstyle:m_r:50_c:37_sp:35,log,factor,100.0,0.001,3000.0,p_inst:0,1.0,0.0,1,37,0,p,m,gr,50,35,q
pname:p_inst:0_ptype:gr_usecol:q_pstyle:m_r:42_c:40_sp:35,log,factor,100.0,0.001,3000.0,p_inst:0,1.0,0.0,1,40,0,p,m,gr,42,35,q
pname:p_inst:0_ptype:gr_usecol:q_pstyle:m_r:54_c:53_sp:35,log,factor,100.0,0.001,3000.0,p_inst:0,1.0,0.0,1,53,0,p,m,gr,54,35,q
pname:p_inst:0_ptype:gr_usecol:q_pstyle:m_r:80_c:36_sp:35,log,factor,100.0,0.001,3000.0,p_inst:0,1.0,0.0,1,36,0,p,m,gr,80,35,q
pname:p_inst:0_ptype:gr_usecol:q_pstyle:m_r:71_c:61_sp:35,log,factor,100.0,0.001,3000.0,p_inst:0,1.0,0.0,1,61,0,p,m,gr,71,35,q
pname:p_inst:0_ptype:gr_usecol:q_pstyle:m_r:70_c:47_sp:35,log,factor,100.0,0.001,3000.0,p_inst:0,1.0,0.0,1,47,0,p,m,gr,70,35,q
pname:p_inst:0_ptype:gr_usecol:q_pstyle:m_r:53_c:59_sp:35,log,factor,100.0,0.001,3000.0,p_inst:0,1.0,0.0,1,59,0,p,m,gr,53,35,q
pname:p_inst:0_ptype:gr_usecol:q_pstyle:m_r:52_c:43_sp:35,log,factor,100.0,0.001,3000.0,p_inst:0,1.0,0.0,1,43,0,p,m,gr,52,35,q
pname:p_inst:0_ptype:gr_usecol:q_pstyle:m_r:56_c:31_sp:36,log,factor,100.0,0.001,3000.0,p_inst:0,1.0,0.0,1,31,0,p,m,gr,56,36,q
pname:p_inst:0_ptype:gr_usecol:q_pstyle:m_r:42_c:42_sp:36,log,factor,100.0,0.001,3000.0,p_inst:0,1.0,0.0,1,42,0,p,m,gr,42,36,q
pname:p_inst:0_ptype:gr_usecol:q_pstyle:m_r:35_c:56_sp:36,log,factor,100.0,0.001,3000.0,p_inst:0,1.0,0.0,1,56,0,p,m,gr,35,36,q
pname:p_inst:0_ptype:gr_usecol:q_pstyle:m_r:44_c:43_sp:36,log,factor,100.0,0.001,3000.0,p_inst:0,1.0,0.0,1,43,0,p,m,gr,44,36,q
pname:p_inst:0_ptype:gr_usecol:q_pstyle:m_r:82_c:31_sp:36,log,factor,100.0,0.001,3000.0,p_inst:0,1.0,0.0,1,31,0,p,m,gr,82,36,q
pname:p_inst:0_ptype:gr_usecol:q_pstyle:m_r:63_c:43_sp:36,log,factor,100.0,0.001,3000.0,p_inst:0,1.0,0.0,1,43,0,p,m,gr,63,36,q
pname:p_inst:0_ptype:gr_usecol:q_pstyle:m_r:56_c:61_sp:36,log,factor,100.0,0.001,3000.0,p_inst:0,1.0,0.0,1,61,0,p,m,gr,56,36,q
pname:p_inst:0_ptype:gr_usecol:q_pstyle:m_r:79_c:33_sp:36,log,factor,100.0,0.001,3000.0,p_inst:0,1.0,0.0,1,33,0,p,m,gr,79,36,q
pname:p_inst:0_ptype:gr_usecol:q_pstyle:m_r:31_c:48_sp:36,log,factor,100.0,0.001,3000.0,p_inst:0,1.0,0.0,1,48,0,p,m,gr,31,36,q
pname:p_inst:0_ptype:gr_usecol:q_pstyle:m_r:85_c:34_sp:36,log,factor,100.0,0.001,3000.0,p_inst:0,1.0,0.0,1,34,0,p,m,gr,85,36,q
pname:p_inst:0_ptype:gr_usecol:q_pstyle:m_r:32_c:49_sp:36,log,factor,100.0,0.001,3000.0,p_inst:0,1.0,0.0,1,49,0,p,m,gr,32,36,q
pname:p_inst:0_ptype:gr_usecol:q_pstyle:m_r:30_c:37_sp:36,log,factor,100.0,0.001,3000.0,p_inst:0,1.0,0.0,1,37,0,p,m,gr,30,36,q
pname:p_inst:0_ptype:gr_usecol:q_pstyle:m_r:50_c:37_sp:36,log,factor,100.0,0.001,3000.0,p_inst:0,1.0,0.0,1,37,0,p,m,gr,50,36,q
pname:p_inst:0_ptype:gr_usecol:q_pstyle:m_r:42_c:40_sp:36,log,factor,100.0,0.001,3000.0,p_inst:0,1.0,0.0,1,40,0,p,m,gr,42,36,q
pname:p_inst:0_ptype:gr_usecol:q_pstyle:m_r:54_c:53_sp:36,log,factor,100.0,0.001,3000.0,p_inst:0,1.0,0.0,1,53,0,p,m,gr,54,36,q
pname:p_inst:0_ptype:gr_usecol:q_pstyle:m_r:80_c:36_sp:36,log,factor,100.0,0.001,3000.0,p_inst:0,1.0,0.0,1,36,0,p,m,gr,80,36,q
pname:p_inst:0_ptype:gr_usecol:q_pstyle:m_r:71_c:61_sp:36,log,factor,100.0,0.001,3000.0,p_inst:0,1.0,0.0,1,61,0,p,m,gr,71,36,q
pname:p_inst:0_ptype:gr_usecol:q_pstyle:m_r:70_c:47_sp:36,log,factor,100.0,0.001,3000.0,p_inst:0,1.0,0.0,1,47,0,p,m,gr,70,36,q
pname:p_inst:0_ptype:gr_usecol:q_pstyle:m_r:53_c:59_sp:36,log,factor,100.0,0.001,3000.0,p_inst:0,1.0,0.0,1,59,0,p,m,gr,53,36,q
pname:p_inst:0_ptype:gr_usecol:q_pstyle:m_r:52_c:43_sp:36,log,factor,100.0,0.001,3000.0,p_inst:0,1.0,0.0,1,43,0,p,m,gr,52,36,q
pname:p_inst:0_ptype:gr_usecol:q_pstyle:m_r:56_c:31_sp:37,log,factor,100.0,0.001,3000.0,p_inst:0,1.0,0.0,1,31,0,p,m,gr,56,37,q
pname:p_inst:0_ptype:gr_usecol:q_pstyle:m_r:42_c:42_sp:37,log,factor,100.0,0.001,3000.0,p_inst:0,1.0,0.0,1,42,0,p,m,gr,42,37,q
pname:p_inst:0_ptype:gr_usecol:q_pstyle:m_r:35_c:56_sp:37,log,factor,100.0,0.001,3000.0,p_inst:0,1.0,0.0,1,56,0,p,m,gr,35,37,q
pname:p_inst:0_ptype:gr_usecol:q_pstyle:m_r:44_c:43_sp:37,log,factor,100.0,0.001,3000.0,p_inst:0,1.0,0.0,1,43,0,p,m,gr,44,37,q
pname:p_inst:0_ptype:gr_usecol:q_pstyle:m_r:82_c:31_sp:37,log,factor,100.0,0.001,3000.0,p_inst:0,1.0,0.0,1,31,0,p,m,gr,82,37,q
pname:p_inst:0_ptype:gr_usecol:q_pstyle:m_r:63_c:43_sp:37,log,factor,100.0,0.001,3000.0,p_inst:0,1.0,0.0,1,43,0,p,m,gr,63,37,q
pname:p_inst:0_ptype:gr_usecol:q_pstyle:m_r:56_c:61_sp:37,log,factor,100.0,0.001,3000.0,p_inst:0,1.0,0.0,1,61,0,p,m,gr,56,37,q
pname:p_inst:0_ptype:gr_usecol:q_pstyle:m_r:79_c:33_sp:37,log,factor,100.0,0.001,3000.0,p_inst:0,1.0,0.0,1,33,0,p,m,gr,79,37,q
pname:p_inst:0_ptype:gr_usecol:q_pstyle:m_r:31_c:48_sp:37,log,factor,100.0,0.001,3000.0,p_inst:0,1.0,0.0,1,48,0,p,m,gr,31,37,q
pname:p_inst:0_ptype:gr_usecol:q_pstyle:m_r:85_c:34_sp:37,log,factor,100.0,0.001,3000.0,p_inst:0,1.0,0.0,1,34,0,p,m,gr,85,37,q
pname:p_inst:0_ptype:gr_usecol:q_pstyle:m_r:32_c:49_sp:37,log,factor,100.0,0.001,3000.0,p_inst:0,1.0,0.0,1,49,0,p,m,gr,32,37,q
pname:p_inst:0_ptype:gr_usecol:q_pstyle:m_r:30_c:37_sp:37,log,factor,100.0,0.001,3000.0,p_inst:0,1.0,0.0,1,37,0,p,m,gr,30,37,q
pname:p_inst:0_ptype:gr_usecol:q_pstyle:m_r:50_c:37_sp:37,log,factor,100.0,0.001,3000.0,p_inst:0,1.0,0.0,1,37,0,p,m,gr,50,37,q
pname:p_inst:0_ptype:gr_usecol:q_pstyle:m_r:42_c:40_sp:37,log,factor,100.0,0.001,3000.0,p_inst:0,1.0,0.0,1,40,0,p,m,gr,42,37,q
pname:p_inst:0_ptype:gr_usecol:q_pstyle:m_r:54_c:53_sp:37,log,factor,100.0,0.001,3000.0,p_inst:0,1.0,0.0,1,53,0,p,m,gr,54,37,q
pname:p_inst:0_ptype:gr_usecol:q_pstyle:m_r:80_c:36_sp:37,log,factor,100.0,0.001,3000.0,p_inst:0,1.0,0.0,1,36,0,p,m,gr,80,37,q
pname:p_inst:0_ptype:gr_usecol:q_pstyle:m_r:71_c:61_sp:37,log,factor,100.0,0.001,3000.0,p_inst:0,1.0,0.0,1,61,0,p,m,gr,71,37,q
pname:p_inst:0_ptype:gr_usecol:q_pstyle:m_r:70_c:47_sp:37,log,factor,100.0,0.001,3000.0,p_inst:0,1.0,0.0,1,47,0,p,m,gr,70,37,q
pname:p_inst:0_ptype:gr_usecol:q_pstyle:m_r:53_c:59_sp:37,log,factor,100.0,0.001,3000.0,p_inst:0,1.0,0.0,1,59,0,p,m,gr,53,37,q
pname:p_inst:0_ptype:gr_usecol:q_pstyle:m_r:52_c:43_sp:37,log,factor,100.0,0.001,3000.0,p_inst:0,1.0,0.0,1,43,0,p,m,gr,52,37,q
pname:p_inst:0_ptype:gr_usecol:q_pstyle:m_r:56_c:31_sp:38,log,factor,100.0,0.001,3000.0,p_inst:0,1.0,0.0,1,31,0,p,m,gr,56,38,q
pname:p_inst:0_ptype:gr_usecol:q_pstyle:m_r:42_c:42_sp:38,log,factor,100.0,0.001,3000.0,p_inst:0,1.0,0.0,1,42,0,p,m,gr,42,38,q
pname:p_inst:0_ptype:gr_usecol:q_pstyle:m_r:35_c:56_sp:38,log,factor,100.0,0.001,3000.0,p_inst:0,1.0,0.0,1,56,0,p,m,gr,35,38,q
pname:p_inst:0_ptype:gr_usecol:q_pstyle:m_r:44_c:43_sp:38,log,factor,100.0,0.001,3000.0,p_inst:0,1.0,0.0,1,43,0,p,m,gr,44,38,q
pname:p_inst:0_ptype:gr_usecol:q_pstyle:m_r:82_c:31_sp:38,log,factor,100.0,0.001,3000.0,p_inst:0,1.0,0.0,1,31,0,p,m,gr,82,38,q
pname:p_inst:0_ptype:gr_usecol:q_pstyle:m_r:63_c:43_sp:38,log,factor,100.0,0.001,3000.0,p_inst:0,1.0,0.0,1,43,0,p,m,gr,63,38,q
pname:p_inst:0_ptype:gr_usecol:q_pstyle:m_r:56_c:61_sp:38,log,factor,100.0,0.001,3000.0,p_inst:0,1.0,0.0,1,61,0,p,m,gr,56,38,q
pname:p_inst:0_ptype:gr_usecol:q_pstyle:m_r:79_c:33_sp:38,log,factor,100.0,0.001,3000.0,p_inst:0,1.0,0.0,1,33,0,p,m,gr,79,38,q
pname:p_inst:0_ptype:gr_usecol:q_pstyle:m_r:31_c:48_sp:38,log,factor,100.0,0.001,3000.0,p_inst:0,1.0,0.0,1,48,0,p,m,gr,31,38,q
pname:p_inst:0_ptype:gr_usecol:q_pstyle:m_r:85_c:34_sp:38,log,factor,100.0,0.001,3000.0,p_inst:0,1.0,0.0,1,34,0,p,m,gr,85,38,q
pname:p_inst:0_ptype:gr_usecol:q_pstyle:m_r:32_c:49_sp:38,log,factor,100.0,0.001,3000.0,p_inst:0,1.0,0.0,1,49,0,p,m,gr,32,38,q
pname:p_inst:0_ptype:gr_usecol:q_pstyle:m_r:30_c:37_sp:38,log,factor,100.0,0.001,3000.0,p_inst:0,1.0,0.0,1,37,0,p,m,gr,30,38,q
pname:p_inst:0_ptype:gr_usecol:q_pstyle:m_r:50_c:37_sp:38,log,factor,100.0,0.001,3000.0,p_inst:0,1.0,0.0,1,37,0,p,m,gr,50,38,q
pname:p_inst:0_ptype:gr_usecol:q_pstyle:m_r:42_c:40_sp:38,log,factor,100.0,0.001,3000.0,p_inst:0,1.0,0.0,1,40,0,p,m,gr,42,38,q
pname:p_inst:0_ptype:gr_usecol:q_pstyle:m_r:54_c:53_sp:38,log,factor,100.0,0.001,3000.0,p_inst:0,1.0,0.0,1,53,0,p,m,gr,54,38,q
pname:p_inst:0_ptype:gr_usecol:q_pstyle:m_r:80_c:36_sp:38,log,factor,100.0,0.001,3000.0,p_inst:0,1.0,0.0,1,36,0,p,m,gr,80,38,q
pname:p_inst:0_ptype:gr_usecol:q_pstyle:m_r:71_c:61_sp:38,log,factor,100.0,0.001,3000.0,p_inst:0,1.0,0.0,1,61,0,p,m,gr,71,38,q
pname:p_inst:0_ptype:gr_usecol:q_pstyle:m_r:70_c:47_sp:38,log,factor,100.0,0.001,3000.0,p_inst:0,1.0,0.0,1,47,0,p,m,gr,70,38,q
pname:p_inst:0_ptype:gr_usecol:q_pstyle:m_r:53_c:59_sp:38,log,factor,100.0,0.001,3000.0,p_inst:0,1.0,0.0,1,59,0,p,m,gr,53,38,q
pname:p_inst:0_ptype:gr_usecol:q_pstyle:m_r:52_c:43_sp:38,log,factor,100.0,0.001,3000.0,p_inst:0,1.0,0.0,1,43,0,p,m,gr,52,38,q
pname:p_inst:0_ptype:gr_usecol:q_pstyle:m_r:56_c:31_sp:39,log,factor,100.0,0.001,3000.0,p_inst:0,1.0,0.0,1,31,0,p,m,gr,56,39,q
pname:p_inst:0_ptype:gr_usecol:q_pstyle:m_r:42_c:42_sp:39,log,factor,100.0,0.001,3000.0,p_inst:0,1.0,0.0,1,42,0,p,m,gr,42,39,q
pname:p_inst:0_ptype:gr_usecol:q_pstyle:m_r:35_c:56_sp:39,log,factor,100.0,0.001,3000.0,p_inst:0,1.0,0.0,1,56,0,p,m,gr,35,39,q
pname:p_inst:0_ptype:gr_usecol:q_pstyle:m_r:44_c:43_sp:39,log,factor,100.0,0.001,3000.0,p_inst:0,1.0,0.0,1,43,0,p,m,gr,44,39,q
pname:p_inst:0_ptype:gr_usecol:q_pstyle:m_r:82_c:31_sp:39,log,factor,100.0,0.001,3000.0,p_inst:0,1.0,0.0,1,31,0,p,m,gr,82,39,q
pname:p_inst:0_ptype:gr_usecol:q_pstyle:m_r:63_c:43_sp:39,log,factor,100.0,0.001,3000.0,p_inst:0,1.0,0.0,1,43,0,p,m,gr,63,39,q
pname:p_inst:0_ptype:gr_usecol:q_pstyle:m_r:56_c:61_sp:39,log,factor,100.0,0.001,3000.0,p_inst:0,1.0,0.0,1,61,0,p,m,gr,56,39,q
pname:p_inst:0_ptype:gr_usecol:q_pstyle:m_r:79_c:33_sp:39,log,factor,100.0,0.001,3000.0,p_inst:0,1.0,0.0,1,33,0,p,m,gr,79,39,q
pname:p_inst:0_ptype:gr_usecol:q_pstyle:m_r:31_c:48_sp:39,log,factor,100.0,0.001,3000.0,p_inst:0,1.0,0.0,1,48,0,p,m,gr,31,39,q
pname:p_inst:0_ptype:gr_usecol:q_pstyle:m_r:85_c:34_sp:39,log,factor,100.0,0.001,3000.0,p_inst:0,1.0,0.0,1,34,0,p,m,gr,85,39,q
pname:p_inst:0_ptype:gr_usecol:q_pstyle:m_r:32_c:49_sp:39,log,factor,100.0,0.001,3000.0,p_inst:0,1.0,0.0,1,49,0,p,m,gr,32,39,q
pname:p_inst:0_ptype:gr_usecol:q_pstyle:m_r:30_c:37_sp:39,log,factor,100.0,0.001,3000.0,p_inst:0,1.0,0.0,1,37,0,p,m,gr,30,39,q
pname:p_inst:0_ptype:gr_usecol:q_pstyle:m_r:50_c:37_sp:39,log,factor,100.0,0.001,3000.0,p_inst:0,1.0,0.0,1,37,0,p,m,gr,50,39,q
pname:p_inst:0_ptype:gr_usecol:q_pstyle:m_r:42_c:40_sp:39,log,factor,100.0,0.001,3000.0,p_inst:0,1.0,0.0,1,40,0,p,m,gr,42,39,q
pname:p_inst:0_ptype:gr_usecol:q_pstyle:m_r:54_c:53_sp:39,log,factor,100.0,0.001,3000.0,p_inst:0,1.0,0.0,1,53,0,p,m,gr,54,39,q
pname:p_inst:0_ptype:gr_usecol:q_pstyle:m_r:80_c:36_sp:39,log,factor,100.0,0.001,3000.0,p_inst:0,1.0,0.0,1,36,0,p,m,gr,80,39,q
pname:p_inst:0_ptype:gr_usecol:q_pstyle:m_r:71_c:61_sp:39,log,factor,100.0,0.001,3000.0,p_inst:0,1.0,0.0,1,61,0,p,m,gr,71,39,q
pname:p_inst:0_ptype:gr_usecol:q_pstyle:m_r:70_c:47_sp:39,log,factor,100.0,0.001,3000.0,p_inst:0,1.0,0.0,1,47,0,p,m,gr,70,39,q
pname:p_inst:0_ptype:gr_usecol:q_pstyle:m_r:53_c:59_sp:39,log,factor,100.0,0.001,3000.0,p_inst:0,1.0,0.0,1,59,0,p,m,gr,53,39,q
pname:p_inst:0_ptype:gr_usecol:q_pstyle:m_r:52_c:43_sp:39,log,factor,100.0,0.001,3000.0,p_inst:0,1.0,0.0,1,43,0,p,m,gr,52,39,q
pname:p_inst:0_ptype:gr_usecol:q_pstyle:m_r:56_c:31_sp:40,log,factor,100.0,0.001,3000.0,p_inst:0,1.0,0.0,1,31,0,p,m,gr,56,40,q
pname:p_inst:0_ptype:gr_usecol:q_pstyle:m_r:42_c:42_sp:40,log,factor,100.0,0.001,3000.0,p_inst:0,1.0,0.0,1,42,0,p,m,gr,42,40,q
pname:p_inst:0_ptype:gr_usecol:q_pstyle:m_r:35_c:56_sp:40,log,factor,100.0,0.001,3000.0,p_inst:0,1.0,0.0,1,56,0,p,m,gr,35,40,q
pname:p_inst:0_ptype:gr_usecol:q_pstyle:m_r:44_c:43_sp:40,log,factor,100.0,0.001,3000.0,p_inst:0,1.0,0.0,1,43,0,p,m,gr,44,40,q
pname:p_inst:0_ptype:gr_usecol:q_pstyle:m_r:82_c:31_sp:40,log,factor,100.0,0.001,3000.0,p_inst:0,1.0,0.0,1,31,0,p,m,gr,82,40,q
pname:p_inst:0_ptype:gr_usecol:q_pstyle:m_r:63_c:43_sp:40,log,factor,100.0,0.001,3000.0,p_inst:0,1.0,0.0,1,43,0,p,m,gr,63,40,q
pname:p_inst:0_ptype:gr_usecol:q_pstyle:m_r:56_c:61_sp:40,log,factor,100.0,0.001,3000.0,p_inst:0,1.0,0.0,1,61,0,p,m,gr,56,40,q
pname:p_inst:0_ptype:gr_usecol:q_pstyle:m_r:79_c:33_sp:40,log,factor,100.0,0.001,3000.0,p_inst:0,1.0,0.0,1,33,0,p,m,gr,79,40,q
pname:p_inst:0_ptype:gr_usecol:q_pstyle:m_r:31_c:48_sp:40,log,factor,100.0,0.001,3000.0,p_inst:0,1.0,0.0,1,48,0,p,m,gr,31,40,q
pname:p_inst:0_ptype:gr_usecol:q_pstyle:m_r:85_c:34_sp:40,log,factor,100.0,0.001,3000.0,p_inst:0,1.0,0.0,1,34,0,p,m,gr,85,40,q
pname:p_inst:0_ptype:gr_usecol:q_pstyle:m_r:32_c:49_sp:40,log,factor,100.0,0.001,3000.0,p_inst:0,1.0,0.0,1,49,0,p,m,gr,32,40,q
pname:p_inst:0_ptype:gr_usecol:q_pstyle:m_r:30_c:37_sp:40,log,factor,100.0,0.001,3000.0,p_inst:0,1.0,0.0,1,37,0,p,m,gr,30,40,q
pname:p_inst:0_ptype:gr_usecol:q_pstyle:m_r:50_c:37_sp:40,log,factor,100.0,0.001,3000.0,p_inst:0,1.0,0.0,1,37,0,p,m,gr,50,40,q
pname:p_inst:0_ptype:gr_usecol:q_pstyle:m_r:42_c:40_sp:40,log,factor,100.0,0.001,3000.0,p_inst:0,1.0,0.0,1,40,0,p,m,gr,42,40,q
pname:p_inst:0_ptype:gr_usecol:q_pstyle:m_r:54_c:53_sp:40,log,factor,100.0,0.001,3000.0,p_inst:0,1.0,0.0,1,53,0,p,m,gr,54,40,q
pname:p_inst:0_ptype:gr_usecol:q_pstyle:m_r:80_c:36_sp:40,log,factor,100.0,0.001,3000.0,p_inst:0,1.0,0.0,1,36,0,p,m,gr,80,40,q
pname:p_inst:0_ptype:gr_usecol:q_pstyle:m_r:71_c:61_sp:40,log,factor,100.0,0.001,3000.0,p_inst:0,1.0,0.0,1,61,0,p,m,gr,71,40,q
pname:p_inst:0_ptype:gr_usecol:q_pstyle:m_r:70_c:47_sp:40,log,factor,100.0,0.001,3000.0,p_inst:0,1.0,0.0,1,47,0,p,m,gr,70,40,q
pname:p_inst:0_ptype:gr_usecol:q_pstyle:m_r:53_c:59_sp:40,log,factor,100.0,0.001,3000.0,p_inst:0,1.0,0.0,1,59,0,p,m,gr,53,40,q
pname:p_inst:0_ptype:gr_usecol:q_pstyle:m_r:52_c:43_sp:40,log,factor,100.0,0.001,3000.0,p_inst:0,1.0,0.0,1,43,0,p,m,gr,52,40,q
pname:p_inst:0_ptype:gr_usecol:q_pstyle:m_r:56_c:31_sp:41,log,factor,100.0,0.001,3000.0,p_inst:0,1.0,0.0,1,31,0,p,m,gr,56,41,q
pname:p_inst:0_ptype:gr_usecol:q_pstyle:m_r:42_c:42_sp:41,log,factor,100.0,0.001,3000.0,p_inst:0,1.0,0.0,1,42,0,p,m,gr,42,41,q
pname:p_inst:0_ptype:gr_usecol:q_pstyle:m_r:35_c:56_sp:41,log,factor,100.0,0.001,3000.0,p_inst:0,1.0,0.0,1,56,0,p,m,gr,35,41,q
pname:p_inst:0_ptype:gr_usecol:q_pstyle:m_r:44_c:43_sp:41,log,factor,100.0,0.001,3000.0,p_inst:0,1.0,0.0,1,43,0,p,m,gr,44,41,q
pname:p_inst:0_ptype:gr_usecol:q_pstyle:m_r:82_c:31_sp:41,log,factor,100.0,0.001,3000.0,p_inst:0,1.0,0.0,1,31,0,p,m,gr,82,41,q
pname:p_inst:0_ptype:gr_usecol:q_pstyle:m_r:63_c:43_sp:41,log,factor,100.0,0.001,3000.0,p_inst:0,1.0,0.0,1,43,0,p,m,gr,63,41,q
pname:p_inst:0_ptype:gr_usecol:q_pstyle:m_r:56_c:61_sp:41,log,factor,100.0,0.001,3000.0,p_inst:0,1.0,0.0,1,61,0,p,m,gr,56,41,q
pname:p_inst:0_ptype:gr_usecol:q_pstyle:m_r:79_c:33_sp:41,log,factor,100.0,0.001,3000.0,p_inst:0,1.0,0.0,1,33,0,p,m,gr,79,41,q
pname:p_inst:0_ptype:gr_usecol:q_pstyle:m_r:31_c:48_sp:41,log,factor,100.0,0.001,3000.0,p_inst:0,1.0,0.0,1,48,0,p,m,gr,31,41,q
pname:p_inst:0_ptype:gr_usecol:q_pstyle:m_r:85_c:34_sp:41,log,factor,100.0,0.001,3000.0,p_inst:0,1.0,0.0,1,34,0,p,m,gr,85,41,q
pname:p_inst:0_ptype:gr_usecol:q_pstyle:m_r:32_c:49_sp:41,log,factor,100.0,0.001,3000.0,p_inst:0,1.0,0.0,1,49,0,p,m,gr,32,41,q
pname:p_inst:0_ptype:gr_usecol:q_pstyle:m_r:30_c:37_sp:41,log,factor,100.0,0.001,3000.0,p_inst:0,1.0,0.0,1,37,0,p,m,gr,30,41,q
pname:p_inst:0_ptype:gr_usecol:q_pstyle:m_r:50_c:37_sp:41,log,factor,100.0,0.001,3000.0,p_inst:0,1.0,0.0,1,37,0,p,m,gr,50,41,q
pname:p_inst:0_ptype:gr_usecol:q_pstyle:m_r:42_c:40_sp:41,log,factor,100.0,0.001,3000.0,p_inst:0,1.0,0.0,1,40,0,p,m,gr,42,41,q
pname:p_inst:0_ptype:gr_usecol:q_pstyle:m_r:54_c:53_sp:41,log,factor,100.0,0.001,3000.0,p_inst:0,1.0,0.0,1,53,0,p,m,gr,54,41,q
pname:p_inst:0_ptype:gr_usecol:q_pstyle:m_r:80_c:36_sp:41,log,factor,100.0,0.001,3000.0,p_inst:0,1.0,0.0,1,36,0,p,m,gr,80,41,q
pname:p_inst:0_ptype:gr_usecol:q_pstyle:m_r:71_c:61_sp:41,log,factor,100.0,0.001,3000.0,p_inst:0,1.0,0.0,1,61,0,p,m,gr,71,41,q
pname:p_inst:0_ptype:gr_usecol:q_pstyle:m_r:70_c:47_sp:41,log,factor,100.0,0.001,3000.0,p_inst:0,1.0,0.0,1,47,0,p,m,gr,70,41,q
pname:p_inst:0_ptype:gr_usecol:q_pstyle:m_r:53_c:59_sp:41,log,factor,100.0,0.001,3000.0,p_inst:0,1.0,0.0,1,59,0,p,m,gr,53,41,q
pname:p_inst:0_ptype:gr_usecol:q_pstyle:m_r:52_c:43_sp:41,log,factor,100.0,0.001,3000.0,p_inst:0,1.0,0.0,1,43,0,p,m,gr,52,41,q
pname:p_inst:0_ptype:gr_usecol:q_pstyle:m_r:56_c:31_sp:42,log,factor,100.0,0.001,3000.0,p_inst:0,1.0,0.0,1,31,0,p,m,gr,56,42,q
pname:p_inst:0_ptype:gr_usecol:q_pstyle:m_r:42_c:42_sp:42,log,factor,100.0,0.001,3000.0,p_inst:0,1.0,0.0,1,42,0,p,m,gr,42,42,q
pname:p_inst:0_ptype:gr_usecol:q_pstyle:m_r:35_c:56_sp:42,log,factor,100.0,0.001,3000.0,p_inst:0,1.0,0.0,1,56,0,p,m,gr,35,42,q
pname:p_inst:0_ptype:gr_usecol:q_pstyle:m_r:44_c:43_sp:42,log,factor,100.0,0.001,3000.0,p_inst:0,1.0,0.0,1,43,0,p,m,gr,44,42,q
pname:p_inst:0_ptype:gr_usecol:q_pstyle:m_r:82_c:31_sp:42,log,factor,100.0,0.001,3000.0,p_inst:0,1.0,0.0,1,31,0,p,m,gr,82,42,q
pname:p_inst:0_ptype:gr_usecol:q_pstyle:m_r:63_c:43_sp:42,log,factor,100.0,0.001,3000.0,p_inst:0,1.0,0.0,1,43,0,p,m,gr,63,42,q
pname:p_inst:0_ptype:gr_usecol:q_pstyle:m_r:56_c:61_sp:42,log,factor,100.0,0.001,3000.0,p_inst:0,1.0,0.0,1,61,0,p,m,gr,56,42,q
pname:p_inst:0_ptype:gr_usecol:q_pstyle:m_r:79_c:33_sp:42,log,factor,100.0,0.001,3000.0,p_inst:0,1.0,0.0,1,33,0,p,m,gr,79,42,q
pname:p_inst:0_ptype:gr_usecol:q_pstyle:m_r:31_c:48_sp:42,log,factor,100.0,0.001,3000.0,p_inst:0,1.0,0.0,1,48,0,p,m,gr,31,42,q
pname:p_inst:0_ptype:gr_usecol:q_pstyle:m_r:85_c:34_sp:42,log,factor,100.0,0.001,3000.0,p_inst:0,1.0,0.0,1,34,0,p,m,gr,85,42,q
pname:p_inst:0_ptype:gr_usecol:q_pstyle:m_r:32_c:49_sp:42,log,factor,100.0,0.001,3000.0,p_inst:0,1.0,0.0,1,49,0,p,m,gr,32,42,q
pname:p_inst:0_ptype:gr_usecol:q_pstyle:m_r:30_c:37_sp:42,log,factor,100.0,0.001,3000.0,p_inst:0,1.0,0.0,1,37,0,p,m,gr,30,42,q
pname:p_inst:0_ptype:gr_usecol:q_pstyle:m_r:50_c:37_sp:42,log,factor,100.0,0.001,3000.0,p_inst:0,1.0,0.0,1,37,0,p,m,gr,50,42,q
pname:p_inst:0_ptype:gr_usecol:q_pstyle:m_r:42_c:40_sp:42,log,factor,100.0,0.001,3000.0,p_inst:0,1.0,0.0,1,40,0,p,m,gr,42,42,q
pname:p_inst:0_ptype:gr_usecol:q_pstyle:m_r:54_c:53_sp:42,log,factor,100.0,0.001,3000.0,p_inst:0,1.0,0.0,1,53,0,p,m,gr,54,42,q
pname:p_inst:0_ptype:gr_usecol:q_pstyle:m_r:80_c:36_sp:42,log,factor,100.0,0.001,3000.0,p_inst:0,1.0,0.0,1,36,0,p,m,gr,80,42,q
pname:p_inst:0_ptype:gr_usecol:q_pstyle:m_r:71_c:61_sp:42,log,factor,100.0,0.001,3000.0,p_inst:0,1.0,0.0,1,61,0,p,m,gr,71,42,q
pname:p_inst:0_ptype:gr_usecol:q_pstyle:m_r:70_c:47_sp:42,log,factor,100.0,0.001,3000.0,p_inst:0,1.0,0.0,1,47,0,p,m,gr,70,42,q
pname:p_inst:0_ptype:gr_usecol:q_pstyle:m_r:53_c:59_sp:42,log,factor,100.0,0.001,3000.0,p_inst:0,1.0,0.0,1,59,0,p,m,gr,53,42,q
pname:p_inst:0_ptype:gr_usecol:q_pstyle:m_r:52_c:43_sp:42,log,factor,100.0,0.001,3000.0,p_inst:0,1.0,0.0,1,43,0,p,m,gr,52,42,q
pname:p_inst:0_ptype:gr_usecol:q_pstyle:m_r:56_c:31_sp:43,log,factor,100.0,0.001,3000.0,p_inst:0,1.0,0.0,1,31,0,p,m,gr,56,43,q
pname:p_inst:0_ptype:gr_usecol:q_pstyle:m_r:42_c:42_sp:43,log,factor,100.0,0.001,3000.0,p_inst:0,1.0,0.0,1,42,0,p,m,gr,42,43,q
pname:p_inst:0_ptype:gr_usecol:q_pstyle:m_r:35_c:56_sp:43,log,factor,100.0,0.001,3000.0,p_inst:0,1.0,0.0,1,56,0,p,m,gr,35,43,q
pname:p_inst:0_ptype:gr_usecol:q_pstyle:m_r:44_c:43_sp:43,log,factor,100.0,0.001,3000.0,p_inst:0,1.0,0.0,1,43,0,p,m,gr,44,43,q
pname:p_inst:0_ptype:gr_usecol:q_pstyle:m_r:82_c:31_sp:43,log,factor,100.0,0.001,3000.0,p_inst:0,1.0,0.0,1,31,0,p,m,gr,82,43,q
pname:p_inst:0_ptype:gr_usecol:q_pstyle:m_r:63_c:43_sp:43,log,factor,100.0,0.001,3000.0,p_inst:0,1.0,0.0,1,43,0,p,m,gr,63,43,q
pname:p_inst:0_ptype:gr_usecol:q_pstyle:m_r:56_c:61_sp:43,log,factor,100.0,0.001,3000.0,p_inst:0,1.0,0.0,1,61,0,p,m,gr,56,43,q
pname:p_inst:0_ptype:gr_usecol:q_pstyle:m_r:79_c:33_sp:43,log,factor,100.0,0.001,3000.0,p_inst:0,1.0,0.0,1,33,0,p,m,gr,79,43,q
pname:p_inst:0_ptype:gr_usecol:q_pstyle:m_r:31_c:48_sp:43,log,factor,100.0,0.001,3000.0,p_inst:0,1.0,0.0,1,48,0,p,m,gr,31,43,q
pname:p_inst:0_ptype:gr_usecol:q_pstyle:m_r:85_c:34_sp:43,log,factor,100.0,0.001,3000.0,p_inst:0,1.0,0.0,1,34,0,p,m,gr,85,43,q
pname:p_inst:0_ptype:gr_usecol:q_pstyle:m_r:32_c:49_sp:43,log,factor,100.0,0.001,3000.0,p_inst:0,1.0,0.0,1,49,0,p,m,gr,32,43,q
pname:p_inst:0_ptype:gr_usecol:q_pstyle:m_r:30_c:37_sp:43,log,factor,100.0,0.001,3000.0,p_inst:0,1.0,0.0,1,37,0,p,m,gr,30,43,q
pname:p_inst:0_ptype:gr_usecol:q_pstyle:m_r:50_c:37_sp:43,log,factor,100.0,0.001,3000.0,p_inst:0,1.0,0.0,1,37,0,p,m,gr,50,43,q
pname:p_inst:0_ptype:gr_usecol:q_pstyle:m_r:42_c:40_sp:43,log,factor,100.0,0.001,3000.0,p_inst:0,1.0,0.0,1,40,0,p,m,gr,42,43,q
pname:p_inst:0_ptype:gr_usecol:q_pstyle:m_r:54_c:53_sp:43,log,factor,100.0,0.001,3000.0,p_inst:0,1.0,0.0,1,53,0,p,m,gr,54,43,q
pname:p_inst:0_ptype:gr_usecol:q_pstyle:m_r:80_c:36_sp:43,log,factor,100.0,0.001,3000.0,p_inst:0,1.0,0.0,1,36,0,p,m,gr,80,43,q
pname:p_inst:0_ptype:gr_usecol:q_pstyle:m_r:71_c:61_sp:43,log,factor,100.0,0.001,3000.0,p_inst:0,1.0,0.0,1,61,0,p,m,gr,71,43,q
pname:p_inst:0_ptype:gr_usecol:q_pstyle:m_r:70_c:47_sp:43,log,factor,100.0,0.001,3000.0,p_inst:0,1.0,0.0,1,47,0,p,m,gr,70,43,q
pname:p_inst:0_ptype:gr_usecol:q_pstyle:m_r:53_c:59_sp:43,log,factor,100.0,0.001,3000.0,p_inst:0,1.0,0.0,1,59,0,p,m,gr,53,43,q
pname:p_inst:0_ptype:gr_usecol:q_pstyle:m_r:52_c:43_sp:43,log,factor,100.0,0.001,3000.0,p_inst:0,1.0,0.0,1,43,0,p,m,gr,52,43,q
pname:p_inst:0_ptype:gr_usecol:q_pstyle:m_r:56_c:31_sp:44,log,factor,100.0,0.001,3000.0,p_inst:0,1.0,0.0,1,31,0,p,m,gr,56,44,q
pname:p_inst:0_ptype:gr_usecol:q_pstyle:m_r:42_c:42_sp:44,log,factor,100.0,0.001,3000.0,p_inst:0,1.0,0.0,1,42,0,p,m,gr,42,44,q
pname:p_inst:0_ptype:gr_usecol:q_pstyle:m_r:35_c:56_sp:44,log,factor,100.0,0.001,3000.0,p_inst:0,1.0,0.0,1,56,0,p,m,gr,35,44,q
pname:p_inst:0_ptype:gr_usecol:q_pstyle:m_r:44_c:43_sp:44,log,factor,100.0,0.001,3000.0,p_inst:0,1.0,0.0,1,43,0,p,m,gr,44,44,q
pname:p_inst:0_ptype:gr_usecol:q_pstyle:m_r:82_c:31_sp:44,log,factor,100.0,0.001,3000.0,p_inst:0,1.0,0.0,1,31,0,p,m,gr,82,44,q
pname:p_inst:0_ptype:gr_usecol:q_pstyle:m_r:63_c:43_sp:44,log,factor,100.0,0.001,3000.0,p_inst:0,1.0,0.0,1,43,0,p,m,gr,63,44,q
pname:p_inst:0_ptype:gr_usecol:q_pstyle:m_r:56_c:61_sp:44,log,factor,100.0,0.001,3000.0,p_inst:0,1.0,0.0,1,61,0,p,m,gr,56,44,q
pname:p_inst:0_ptype:gr_usecol:q_pstyle:m_r:79_c:33_sp:44,log,factor,100.0,0.001,3000.0,p_inst:0,1.0,0.0,1,33,0,p,m,gr,79,44,q
pname:p_inst:0_ptype:gr_usecol:q_pstyle:m_r:31_c:48_sp:44,log,factor,100.0,0.001,3000.0,p_inst:0,1.0,0.0,1,48,0,p,m,gr,31,44,q
pname:p_inst:0_ptype:gr_usecol:q_pstyle:m_r:85_c:34_sp:44,log,factor,100.0,0.001,3000.0,p_inst:0,1.0,0.0,1,34,0,p,m,gr,85,44,q
pname:p_inst:0_ptype:gr_usecol:q_pstyle:m_r:32_c:49_sp:44,log,factor,100.0,0.001,3000.0,p_inst:0,1.0,0.0,1,49,0,p,m,gr,32,44,q
pname:p_inst:0_ptype:gr_usecol:q_pstyle:m_r:30_c:37_sp:44,log,factor,100.0,0.001,3000.0,p_inst:0,1.0,0.0,1,37,0,p,m,gr,30,44,q
pname:p_inst:0_ptype:gr_usecol:q_pstyle:m_r:50_c:37_sp:44,log,factor,100.0,0.001,3000.0,p_inst:0,1.0,0.0,1,37,0,p,m,gr,50,44,q
pname:p_inst:0_ptype:gr_usecol:q_pstyle:m_r:42_c:40_sp:44,log,factor,100.0,0.001,3000.0,p_inst:0,1.0,0.0,1,40,0,p,m,gr,42,44,q
pname:p_inst:0_ptype:gr_usecol:q_pstyle:m_r:54_c:53_sp:44,log,factor,100.0,0.001,3000.0,p_inst:0,1.0,0.0,1,53,0,p,m,gr,54,44,q
pname:p_inst:0_ptype:gr_usecol:q_pstyle:m_r:80_c:36_sp:44,log,factor,100.0,0.001,3000.0,p_inst:0,1.0,0.0,1,36,0,p,m,gr,80,44,q
pname:p_inst:0_ptype:gr_usecol:q_pstyle:m_r:71_c:61_sp:44,log,factor,100.0,0.001,3000.0,p_inst:0,1.0,0.0,1,61,0,p,m,gr,71,44,q
pname:p_inst:0_ptype:gr_usecol:q_pstyle:m_r:70_c:47_sp:44,log,factor,100.0,0.001,3000.0,p_inst:0,1.0,0.0,1,47,0,p,m,gr,70,44,q
pname:p_inst:0_ptype:gr_usecol:q_pstyle:m_r:53_c:59_sp:44,log,factor,100.0,0.001,3000.0,p_inst:0,1.0,0.0,1,59,0,p,m,gr,53,44,q
pname:p_inst:0_ptype:gr_usecol:q_pstyle:m_r:52_c:43_sp:44,log,factor,100.0,0.001,3000.0,p_inst:0,1.0,0.0,1,43,0,p,m,gr,52,44,q
pname:p_inst:0_ptype:gr_usecol:q_pstyle:m_r:56_c:31_sp:45,log,factor,100.0,0.001,3000.0,p_inst:0,1.0,0.0,1,31,0,p,m,gr,56,45,q
pname:p_inst:0_ptype:gr_usecol:q_pstyle:m_r:42_c:42_sp:45,log,factor,100.0,0.001,3000.0,p_inst:0,1.0,0.0,1,42,0,p,m,gr,42,45,q
pname:p_inst:0_ptype:gr_usecol:q_pstyle:m_r:35_c:56_sp:45,log,factor,100.0,0.001,3000.0,p_inst:0,1.0,0.0,1,56,0,p,m,gr,35,45,q
pname:p_inst:0_ptype:gr_usecol:q_pstyle:m_r:44_c:43_sp:45,log,factor,100.0,0.001,3000.0,p_inst:0,1.0,0.0,1,43,0,p,m,gr,44,45,q
pname:p_inst:0_ptype:gr_usecol:q_pstyle:m_r:82_c:31_sp:45,log,factor,100.0,0.001,3000.0,p_inst:0,1.0,0.0,1,31,0,p,m,gr,82,45,q
pname:p_inst:0_ptype:gr_usecol:q_pstyle:m_r:63_c:43_sp:45,log,factor,100.0,0.001,3000.0,p_inst:0,1.0,0.0,1,43,0,p,m,gr,63,45,q
pname:p_inst:0_ptype:gr_usecol:q_pstyle:m_r:56_c:61_sp:45,log,factor,100.0,0.001,3000.0,p_inst:0,1.0,0.0,1,61,0,p,m,gr,56,45,q
pname:p_inst:0_ptype:gr_usecol:q_pstyle:m_r:79_c:33_sp:45,log,factor,100.0,0.001,3000.0,p_inst:0,1.0,0.0,1,33,0,p,m,gr,79,45,q
pname:p_inst:0_ptype:gr_usecol:q_pstyle:m_r:31_c:48_sp:45,log,factor,100.0,0.001,3000.0,p_inst:0,1.0,0.0,1,48,0,p,m,gr,31,45,q
pname:p_inst:0_ptype:gr_usecol:q_pstyle:m_r:85_c:34_sp:45,log,factor,100.0,0.001,3000.0,p_inst:0,1.0,0.0,1,34,0,p,m,gr,85,45,q
pname:p_inst:0_ptype:gr_usecol:q_pstyle:m_r:32_c:49_sp:45,log,factor,100.0,0.001,3000.0,p_inst:0,1.0,0.0,1,49,0,p,m,gr,32,45,q
pname:p_inst:0_ptype:gr_usecol:q_pstyle:m_r:30_c:37_sp:45,log,factor,100.0,0.001,3000.0,p_inst:0,1.0,0.0,1,37,0,p,m,gr,30,45,q
pname:p_inst:0_ptype:gr_usecol:q_pstyle:m_r:50_c:37_sp:45,log,factor,100.0,0.001,3000.0,p_inst:0,1.0,0.0,1,37,0,p,m,gr,50,45,q
pname:p_inst:0_ptype:gr_usecol:q_pstyle:m_r:42_c:40_sp:45,log,factor,100.0,0.001,3000.0,p_inst:0,1.0,0.0,1,40,0,p,m,gr,42,45,q
pname:p_inst:0_ptype:gr_usecol:q_pstyle:m_r:54_c:53_sp:45,log,factor,100.0,0.001,3000.0,p_inst:0,1.0,0.0,1,53,0,p,m,gr,54,45,q
pname:p_inst:0_ptype:gr_usecol:q_pstyle:m_r:80_c:36_sp:45,log,factor,100.0,0.001,3000.0,p_inst:0,1.0,0.0,1,36,0,p,m,gr,80,45,q
pname:p_inst:0_ptype:gr_usecol:q_pstyle:m_r:71_c:61_sp:45,log,factor,100.0,0.001,3000.0,p_inst:0,1.0,0.0,1,61,0,p,m,gr,71,45,q
pname:p_inst:0_ptype:gr_usecol:q_pstyle:m_r:70_c:47_sp:45,log,factor,100.0,0.001,3000.0,p_inst:0,1.0,0.0,1,47,0,p,m,gr,70,45,q
pname:p_inst:0_ptype:gr_usecol:q_pstyle:m_r:53_c:59_sp:45,log,factor,100.0,0.001,3000.0,p_inst:0,1.0,0.0,1,59,0,p,m,gr,53,45,q
pname:p_inst:0_ptype:gr_usecol:q_pstyle:m_r:52_c:43_sp:45,log,factor,100.0,0.001,3000.0,p_inst:0,1.0,0.0,1,43,0,p,m,gr,52,45,q
pname:p_inst:0_ptype:gr_usecol:q_pstyle:m_r:56_c:31_sp:46,log,factor,100.0,0.001,3000.0,p_inst:0,1.0,0.0,1,31,0,p,m,gr,56,46,q
pname:p_inst:0_ptype:gr_usecol:q_pstyle:m_r:42_c:42_sp:46,log,factor,100.0,0.001,3000.0,p_inst:0,1.0,0.0,1,42,0,p,m,gr,42,46,q
pname:p_inst:0_ptype:gr_usecol:q_pstyle:m_r:35_c:56_sp:46,log,factor,100.0,0.001,3000.0,p_inst:0,1.0,0.0,1,56,0,p,m,gr,35,46,q
pname:p_inst:0_ptype:gr_usecol:q_pstyle:m_r:44_c:43_sp:46,log,factor,100.0,0.001,3000.0,p_inst:0,1.0,0.0,1,43,0,p,m,gr,44,46,q
pname:p_inst:0_ptype:gr_usecol:q_pstyle:m_r:82_c:31_sp:46,log,factor,100.0,0.001,3000.0,p_inst:0,1.0,0.0,1,31,0,p,m,gr,82,46,q
pname:p_inst:0_ptype:gr_usecol:q_pstyle:m_r:63_c:43_sp:46,log,factor,100.0,0.001,3000.0,p_inst:0,1.0,0.0,1,43,0,p,m,gr,63,46,q
pname:p_inst:0_ptype:gr_usecol:q_pstyle:m_r:56_c:61_sp:46,log,factor,100.0,0.001,3000.0,p_inst:0,1.0,0.0,1,61,0,p,m,gr,56,46,q
pname:p_inst:0_ptype:gr_usecol:q_pstyle:m_r:79_c:33_sp:46,log,factor,100.0,0.001,3000.0,p_inst:0,1.0,0.0,1,33,0,p,m,gr,79,46,q
pname:p_inst:0_ptype:gr_usecol:q_pstyle:m_r:31_c:48_sp:46,log,factor,100.0,0.001,3000.0,p_inst:0,1.0,0.0,1,48,0,p,m,gr,31,46,q
pname:p_inst:0_ptype:gr_usecol:q_pstyle:m_r:85_c:34_sp:46,log,factor,100.0,0.001,3000.0,p_inst:0,1.0,0.0,1,34,0,p,m,gr,85,46,q
pname:p_inst:0_ptype:gr_usecol:q_pstyle:m_r:32_c:49_sp:46,log,factor,100.0,0.001,3000.0,p_inst:0,1.0,0.0,1,49,0,p,m,gr,32,46,q
pname:p_inst:0_ptype:gr_usecol:q_pstyle:m_r:30_c:37_sp:46,log,factor,100.0,0.001,3000.0,p_inst:0,1.0,0.0,1,37,0,p,m,gr,30,46,q
pname:p_inst:0_ptype:gr_usecol:q_pstyle:m_r:50_c:37_sp:46,log,factor,100.0,0.001,3000.0,p_inst:0,1.0,0.0,1,37,0,p,m,gr,50,46,q
pname:p_inst:0_ptype:gr_usecol:q_pstyle:m_r:42_c:40_sp:46,log,factor,100.0,0.001,3000.0,p_inst:0,1.0,0.0,1,40,0,p,m,gr,42,46,q
pname:p_inst:0_ptype:gr_usecol:q_pstyle:m_r:54_c:53_sp:46,log,factor,100.0,0.001,3000.0,p_inst:0,1.0,0.0,1,53,0,p,m,gr,54,46,q
pname:p_inst:0_ptype:gr_usecol:q_pstyle:m_r:80_c:36_sp:46,log,factor,100.0,0.001,3000.0,p_inst:0,1.0,0.0,1,36,0,p,m,gr,80,46,q
pname:p_inst:0_ptype:gr_usecol:q_pstyle:m_r:71_c:61_sp:46,log,factor,100.0,0.001,3000.0,p_inst:0,1.0,0.0,1,61,0,p,m,gr,71,46,q
pname:p_inst:0_ptype:gr_usecol:q_pstyle:m_r:70_c:47_sp:46,log,factor,100.0,0.001,3000.0,p_inst:0,1.0,0.0,1,47,0,p,m,gr,70,46,q
pname:p_inst:0_ptype:gr_usecol:q_pstyle:m_r:53_c:59_sp:46,log,factor,100.0,0.001,3000.0,p_inst:0,1.0,0.0,1,59,0,p,m,gr,53,46,q
pname:p_inst:0_ptype:gr_usecol:q_pstyle:m_r:52_c:43_sp:46,log,factor,100.0,0.001,3000.0,p_inst:0,1.0,0.0,1,43,0,p,m,gr,52,46,q
pname:p_inst:0_ptype:gr_usecol:q_pstyle:m_r:56_c:31_sp:47,log,factor,100.0,0.001,3000.0,p_inst:0,1.0,0.0,1,31,0,p,m,gr,56,47,q
pname:p_inst:0_ptype:gr_usecol:q_pstyle:m_r:42_c:42_sp:47,log,factor,100.0,0.001,3000.0,p_inst:0,1.0,0.0,1,42,0,p,m,gr,42,47,q
pname:p_inst:0_ptype:gr_usecol:q_pstyle:m_r:35_c:56_sp:47,log,factor,100.0,0.001,3000.0,p_inst:0,1.0,0.0,1,56,0,p,m,gr,35,47,q
pname:p_inst:0_ptype:gr_usecol:q_pstyle:m_r:44_c:43_sp:47,log,factor,100.0,0.001,3000.0,p_inst:0,1.0,0.0,1,43,0,p,m,gr,44,47,q
pname:p_inst:0_ptype:gr_usecol:q_pstyle:m_r:82_c:31_sp:47,log,factor,100.0,0.001,3000.0,p_inst:0,1.0,0.0,1,31,0,p,m,gr,82,47,q
pname:p_inst:0_ptype:gr_usecol:q_pstyle:m_r:63_c:43_sp:47,log,factor,100.0,0.001,3000.0,p_inst:0,1.0,0.0,1,43,0,p,m,gr,63,47,q
pname:p_inst:0_ptype:gr_usecol:q_pstyle:m_r:56_c:61_sp:47,log,factor,100.0,0.001,3000.0,p_inst:0,1.0,0.0,1,61,0,p,m,gr,56,47,q
pname:p_inst:0_ptype:gr_usecol:q_pstyle:m_r:79_c:33_sp:47,log,factor,100.0,0.001,3000.0,p_inst:0,1.0,0.0,1,33,0,p,m,gr,79,47,q
pname:p_inst:0_ptype:gr_usecol:q_pstyle:m_r:31_c:48_sp:47,log,factor,100.0,0.001,3000.0,p_inst:0,1.0,0.0,1,48,0,p,m,gr,31,47,q
pname:p_inst:0_ptype:gr_usecol:q_pstyle:m_r:85_c:34_sp:47,log,factor,100.0,0.001,3000.0,p_inst:0,1.0,0.0,1,34,0,p,m,gr,85,47,q
pname:p_inst:0_ptype:gr_usecol:q_pstyle:m_r:32_c:49_sp:47,log,factor,100.0,0.001,3000.0,p_inst:0,1.0,0.0,1,49,0,p,m,gr,32,47,q
pname:p_inst:0_ptype:gr_usecol:q_pstyle:m_r:30_c:37_sp:47,log,factor,100.0,0.001,3000.0,p_inst:0,1.0,0.0,1,37,0,p,m,gr,30,47,q
pname:p_inst:0_ptype:gr_usecol:q_pstyle:m_r:50_c:37_sp:47,log,factor,100.0,0.001,3000.0,p_inst:0,1.0,0.0,1,37,0,p,m,gr,50,47,q
pname:p_inst:0_ptype:gr_usecol:q_pstyle:m_r:42_c:40_sp:47,log,factor,100.0,0.001,3000.0,p_inst:0,1.0,0.0,1,40,0,p,m,gr,42,47,q
pname:p_inst:0_ptype:gr_usecol:q_pstyle:m_r:54_c:53_sp:47,log,factor,100.0,0.001,3000.0,p_inst:0,1.0,0.0,1,53,0,p,m,gr,54,47,q
pname:p_inst:0_ptype:gr_usecol:q_pstyle:m_r:80_c:36_sp:47,log,factor,100.0,0.001,3000.0,p_inst:0,1.0,0.0,1,36,0,p,m,gr,80,47,q
pname:p_inst:0_ptype:gr_usecol:q_pstyle:m_r:71_c:61_sp:47,log,factor,100.0,0.001,3000.0,p_inst:0,1.0,0.0,1,61,0,p,m,gr,71,47,q
pname:p_inst:0_ptype:gr_usecol:q_pstyle:m_r:70_c:47_sp:47,log,factor,100.0,0.001,3000.0,p_inst:0,1.0,0.0,1,47,0,p,m,gr,70,47,q
pname:p_inst:0_ptype:gr_usecol:q_pstyle:m_r:53_c:59_sp:47,log,factor,100.0,0.001,3000.0,p_inst:0,1.0,0.0,1,59,0,p,m,gr,53,47,q
pname:p_inst:0_ptype:gr_usecol:q_pstyle:m_r:52_c:43_sp:47,log,factor,100.0,0.001,3000.0,p_inst:0,1.0,0.0,1,43,0,p,m,gr,52,47,q
pname:p_inst:0_ptype:gr_usecol:q_pstyle:m_r:56_c:31_sp:48,log,factor,100.0,0.001,3000.0,p_inst:0,1.0,0.0,1,31,0,p,m,gr,56,48,q
pname:p_inst:0_ptype:gr_usecol:q_pstyle:m_r:42_c:42_sp:48,log,factor,100.0,0.001,3000.0,p_inst:0,1.0,0.0,1,42,0,p,m,gr,42,48,q
pname:p_inst:0_ptype:gr_usecol:q_pstyle:m_r:35_c:56_sp:48,log,factor,100.0,0.001,3000.0,p_inst:0,1.0,0.0,1,56,0,p,m,gr,35,48,q
pname:p_inst:0_ptype:gr_usecol:q_pstyle:m_r:44_c:43_sp:48,log,factor,100.0,0.001,3000.0,p_inst:0,1.0,0.0,1,43,0,p,m,gr,44,48,q
pname:p_inst:0_ptype:gr_usecol:q_pstyle:m_r:82_c:31_sp:48,log,factor,100.0,0.001,3000.0,p_inst:0,1.0,0.0,1,31,0,p,m,gr,82,48,q
pname:p_inst:0_ptype:gr_usecol:q_pstyle:m_r:63_c:43_sp:48,log,factor,100.0,0.001,3000.0,p_inst:0,1.0,0.0,1,43,0,p,m,gr,63,48,q
pname:p_inst:0_ptype:gr_usecol:q_pstyle:m_r:56_c:61_sp:48,log,factor,100.0,0.001,3000.0,p_inst:0,1.0,0.0,1,61,0,p,m,gr,56,48,q
pname:p_inst:0_ptype:gr_usecol:q_pstyle:m_r:79_c:33_sp:48,log,factor,100.0,0.001,3000.0,p_inst:0,1.0,0.0,1,33,0,p,m,gr,79,48,q
pname:p_inst:0_ptype:gr_usecol:q_pstyle:m_r:31_c:48_sp:48,log,factor,100.0,0.001,3000.0,p_inst:0,1.0,0.0,1,48,0,p,m,gr,31,48,q
pname:p_inst:0_ptype:gr_usecol:q_pstyle:m_r:85_c:34_sp:48,log,factor,100.0,0.001,3000.0,p_inst:0,1.0,0.0,1,34,0,p,m,gr,85,48,q
pname:p_inst:0_ptype:gr_usecol:q_pstyle:m_r:32_c:49_sp:48,log,factor,100.0,0.001,3000.0,p_inst:0,1.0,0.0,1,49,0,p,m,gr,32,48,q
pname:p_inst:0_ptype:gr_usecol:q_pstyle:m_r:30_c:37_sp:48,log,factor,100.0,0.001,3000.0,p_inst:0,1.0,0.0,1,37,0,p,m,gr,30,48,q
pname:p_inst:0_ptype:gr_usecol:q_pstyle:m_r:50_c:37_sp:48,log,factor,100.0,0.001,3000.0,p_inst:0,1.0,0.0,1,37,0,p,m,gr,50,48,q
pname:p_inst:0_ptype:gr_usecol:q_pstyle:m_r:42_c:40_sp:48,log,factor,100.0,0.001,3000.0,p_inst:0,1.0,0.0,1,40,0,p,m,gr,42,48,q
pname:p_inst:0_ptype:gr_usecol:q_pstyle:m_r:54_c:53_sp:48,log,factor,100.0,0.001,3000.0,p_inst:0,1.0,0.0,1,53,0,p,m,gr,54,48,q
pname:p_inst:0_ptype:gr_usecol:q_pstyle:m_r:80_c:36_sp:48,log,factor,100.0,0.001,3000.0,p_inst:0,1.0,0.0,1,36,0,p,m,gr,80,48,q
pname:p_inst:0_ptype:gr_usecol:q_pstyle:m_r:71_c:61_sp:48,log,factor,100.0,0.001,3000.0,p_inst:0,1.0,0.0,1,61,0,p,m,gr,71,48,q
pname:p_inst:0_ptype:gr_usecol:q_pstyle:m_r:70_c:47_sp:48,log,factor,100.0,0.001,3000.0,p_inst:0,1.0,0.0,1,47,0,p,m,gr,70,48,q
pname:p_inst:0_ptype:gr_usecol:q_pstyle:m_r:53_c:59_sp:48,log,factor,100.0,0.001,3000.0,p_inst:0,1.0,0.0,1,59,0,p,m,gr,53,48,q
pname:p_inst:0_ptype:gr_usecol:q_pstyle:m_r:52_c:43_sp:48,log,factor,100.0,0.001,3000.0,p_inst:0,1.0,0.0,1,43,0,p,m,gr,52,48,q
pname:p_inst:0_ptype:gr_usecol:q_pstyle:m_r:56_c:31_sp:49,log,factor,100.0,0.001,3000.0,p_inst:0,1.0,0.0,1,31,0,p,m,gr,56,49,q
pname:p_inst:0_ptype:gr_usecol:q_pstyle:m_r:42_c:42_sp:49,log,factor,100.0,0.001,3000.0,p_inst:0,1.0,0.0,1,42,0,p,m,gr,42,49,q
pname:p_inst:0_ptype:gr_usecol:q_pstyle:m_r:35_c:56_sp:49,log,factor,100.0,0.001,3000.0,p_inst:0,1.0,0.0,1,56,0,p,m,gr,35,49,q
pname:p_inst:0_ptype:gr_usecol:q_pstyle:m_r:44_c:43_sp:49,log,factor,100.0,0.001,3000.0,p_inst:0,1.0,0.0,1,43,0,p,m,gr,44,49,q
pname:p_inst:0_ptype:gr_usecol:q_pstyle:m_r:82_c:31_sp:49,log,factor,100.0,0.001,3000.0,p_inst:0,1.0,0.0,1,31,0,p,m,gr,82,49,q
pname:p_inst:0_ptype:gr_usecol:q_pstyle:m_r:63_c:43_sp:49,log,factor,100.0,0.001,3000.0,p_inst:0,1.0,0.0,1,43,0,p,m,gr,63,49,q
pname:p_inst:0_ptype:gr_usecol:q_pstyle:m_r:56_c:61_sp:49,log,factor,100.0,0.001,3000.0,p_inst:0,1.0,0.0,1,61,0,p,m,gr,56,49,q
pname:p_inst:0_ptype:gr_usecol:q_pstyle:m_r:79_c:33_sp:49,log,factor,100.0,0.001,3000.0,p_inst:0,1.0,0.0,1,33,0,p,m,gr,79,49,q
pname:p_inst:0_ptype:gr_usecol:q_pstyle:m_r:31_c:48_sp:49,log,factor,100.0,0.001,3000.0,p_inst:0,1.0,0.0,1,48,0,p,m,gr,31,49,q
pname:p_inst:0_ptype:gr_usecol:q_pstyle:m_r:85_c:34_sp:49,log,factor,100.0,0.001,3000.0,p_inst:0,1.0,0.0,1,34,0,p,m,gr,85,49,q
pname:p_inst:0_ptype:gr_usecol:q_pstyle:m_r:32_c:49_sp:49,log,factor,100.0,0.001,3000.0,p_inst:0,1.0,0.0,1,49,0,p,m,gr,32,49,q
pname:p_inst:0_ptype:gr_usecol:q_pstyle:m_r:30_c:37_sp:49,log,factor,100.0,0.001,3000.0,p_inst:0,1.0,0.0,1,37,0,p,m,gr,30,49,q
pname:p_inst:0_ptype:gr_usecol:q_pstyle:m_r:50_c:37_sp:49,log,factor,100.0,0.001,3000.0,p_inst:0,1.0,0.0,1,37,0,p,m,gr,50,49,q
pname:p_inst:0_ptype:gr_usecol:q_pstyle:m_r:42_c:40_sp:49,log,factor,100.0,0.001,3000.0,p_inst:0,1.0,0.0,1,40,0,p,m,gr,42,49,q
pname:p_inst:0_ptype:gr_usecol:q_pstyle:m_r:54_c:53_sp:49,log,factor,100.0,0.001,3000.0,p_inst:0,1.0,0.0,1,53,0,p,m,gr,54,49,q
pname:p_inst:0_ptype:gr_usecol:q_pstyle:m_r:80_c:36_sp:49,log,factor,100.0,0.001,3000.0,p_inst:0,1.0,0.0,1,36,0,p,m,gr,80,49,q
pname:p_inst:0_ptype:gr_usecol:q_pstyle:m_r:71_c:61_sp:49,log,factor,100.0,0.001,3000.0,p_inst:0,1.0,0.0,1,61,0,p,m,gr,71,49,q
pname:p_inst:0_ptype:gr_usecol:q_pstyle:m_r:70_c:47_sp:49,log,factor,100.0,0.001,3000.0,p_inst:0,1.0,0.0,1,47,0,p,m,gr,70,49,q
pname:p_inst:0_ptype:gr_usecol:q_pstyle:m_r:53_c:59_sp:49,log,factor,100.0,0.001,3000.0,p_inst:0,1.0,0.0,1,59,0,p,m,gr,53,49,q
pname:p_inst:0_ptype:gr_usecol:q_pstyle:m_r:52_c:43_sp:49,log,factor,100.0,0.001,3000.0,p_inst:0,1.0,0.0,1,43,0,p,m,gr,52,49,q
pname:p_inst:0_ptype:gr_usecol:q_pstyle:m_r:56_c:31_sp:50,log,factor,100.0,0.001,3000.0,p_inst:0,1.0,0.0,1,31,0,p,m,gr,56,50,q
pname:p_inst:0_ptype:gr_usecol:q_pstyle:m_r:42_c:42_sp:50,log,factor,100.0,0.001,3000.0,p_inst:0,1.0,0.0,1,42,0,p,m,gr,42,50,q
pname:p_inst:0_ptype:gr_usecol:q_pstyle:m_r:35_c:56_sp:50,log,factor,100.0,0.001,3000.0,p_inst:0,1.0,0.0,1,56,0,p,m,gr,35,50,q
pname:p_inst:0_ptype:gr_usecol:q_pstyle:m_r:44_c:43_sp:50,log,factor,100.0,0.001,3000.0,p_inst:0,1.0,0.0,1,43,0,p,m,gr,44,50,q
pname:p_inst:0_ptype:gr_usecol:q_pstyle:m_r:82_c:31_sp:50,log,factor,100.0,0.001,3000.0,p_inst:0,1.0,0.0,1,31,0,p,m,gr,82,50,q
pname:p_inst:0_ptype:gr_usecol:q_pstyle:m_r:63_c:43_sp:50,log,factor,100.0,0.001,3000.0,p_inst:0,1.0,0.0,1,43,0,p,m,gr,63,50,q
pname:p_inst:0_ptype:gr_usecol:q_pstyle:m_r:56_c:61_sp:50,log,factor,100.0,0.001,3000.0,p_inst:0,1.0,0.0,1,61,0,p,m,gr,56,50,q
pname:p_inst:0_ptype:gr_usecol:q_pstyle:m_r:79_c:33_sp:50,log,factor,100.0,0.001,3000.0,p_inst:0,1.0,0.0,1,33,0,p,m,gr,79,50,q
pname:p_inst:0_ptype:gr_usecol:q_pstyle:m_r:31_c:48_sp:50,log,factor,100.0,0.001,3000.0,p_inst:0,1.0,0.0,1,48,0,p,m,gr,31,50,q
pname:p_inst:0_ptype:gr_usecol:q_pstyle:m_r:85_c:34_sp:50,log,factor,100.0,0.001,3000.0,p_inst:0,1.0,0.0,1,34,0,p,m,gr,85,50,q
pname:p_inst:0_ptype:gr_usecol:q_pstyle:m_r:32_c:49_sp:50,log,factor,100.0,0.001,3000.0,p_inst:0,1.0,0.0,1,49,0,p,m,gr,32,50,q
pname:p_inst:0_ptype:gr_usecol:q_pstyle:m_r:30_c:37_sp:50,log,factor,100.0,0.001,3000.0,p_inst:0,1.0,0.0,1,37,0,p,m,gr,30,50,q
pname:p_inst:0_ptype:gr_usecol:q_pstyle:m_r:50_c:37_sp:50,log,factor,100.0,0.001,3000.0,p_inst:0,1.0,0.0,1,37,0,p,m,gr,50,50,q
pname:p_inst:0_ptype:gr_usecol:q_pstyle:m_r:42_c:40_sp:50,log,factor,100.0,0.001,3000.0,p_inst:0,1.0,0.0,1,40,0,p,m,gr,42,50,q
pname:p_inst:0_ptype:gr_usecol:q_pstyle:m_r:54_c:53_sp:50,log,factor,100.0,0.001,3000.0,p_inst:0,1.0,0.0,1,53,0,p,m,gr,54,50,q
pname:p_inst:0_ptype:gr_usecol:q_pstyle:m_r:80_c:36_sp:50,log,factor,100.0,0.001,3000.0,p_inst:0,1.0,0.0,1,36,0,p,m,gr,80,50,q
pname:p_inst:0_ptype:gr_usecol:q_pstyle:m_r:71_c:61_sp:50,log,factor,100.0,0.001,3000.0,p_inst:0,1.0,0.0,1,61,0,p,m,gr,71,50,q
pname:p_inst:0_ptype:gr_usecol:q_pstyle:m_r:70_c:47_sp:50,log,factor,100.0,0.001,3000.0,p_inst:0,1.0,0.0,1,47,0,p,m,gr,70,50,q
pname:p_inst:0_ptype:gr_usecol:q_pstyle:m_r:53_c:59_sp:50,log,factor,100.0,0.001,3000.0,p_inst:0,1.0,0.0,1,59,0,p,m,gr,53,50,q
pname:p_inst:0_ptype:gr_usecol:q_pstyle:m_r:52_c:43_sp:50,log,factor,100.0,0.001,3000.0,p_inst:0,1.0,0.0,1,43,0,p,m,gr,52,50,q
pname:p_inst:0_ptype:gr_usecol:q_pstyle:m_r:56_c:31_sp:51,log,factor,100.0,0.001,3000.0,p_inst:0,1.0,0.0,1,31,0,p,m,gr,56,51,q
pname:p_inst:0_ptype:gr_usecol:q_pstyle:m_r:42_c:42_sp:51,log,factor,100.0,0.001,3000.0,p_inst:0,1.0,0.0,1,42,0,p,m,gr,42,51,q
pname:p_inst:0_ptype:gr_usecol:q_pstyle:m_r:35_c:56_sp:51,log,factor,100.0,0.001,3000.0,p_inst:0,1.0,0.0,1,56,0,p,m,gr,35,51,q
pname:p_inst:0_ptype:gr_usecol:q_pstyle:m_r:44_c:43_sp:51,log,factor,100.0,0.001,3000.0,p_inst:0,1.0,0.0,1,43,0,p,m,gr,44,51,q
pname:p_inst:0_ptype:gr_usecol:q_pstyle:m_r:82_c:31_sp:51,log,factor,100.0,0.001,3000.0,p_inst:0,1.0,0.0,1,31,0,p,m,gr,82,51,q
pname:p_inst:0_ptype:gr_usecol:q_pstyle:m_r:63_c:43_sp:51,log,factor,100.0,0.001,3000.0,p_inst:0,1.0,0.0,1,43,0,p,m,gr,63,51,q
pname:p_inst:0_ptype:gr_usecol:q_pstyle:m_r:56_c:61_sp:51,log,factor,100.0,0.001,3000.0,p_inst:0,1.0,0.0,1,61,0,p,m,gr,56,51,q
pname:p_inst:0_ptype:gr_usecol:q_pstyle:m_r:79_c:33_sp:51,log,factor,100.0,0.001,3000.0,p_inst:0,1.0,0.0,1,33,0,p,m,gr,79,51,q
pname:p_inst:0_ptype:gr_usecol:q_pstyle:m_r:31_c:48_sp:51,log,factor,100.0,0.001,3000.0,p_inst:0,1.0,0.0,1,48,0,p,m,gr,31,51,q
pname:p_inst:0_ptype:gr_usecol:q_pstyle:m_r:85_c:34_sp:51,log,factor,100.0,0.001,3000.0,p_inst:0,1.0,0.0,1,34,0,p,m,gr,85,51,q
pname:p_inst:0_ptype:gr_usecol:q_pstyle:m_r:32_c:49_sp:51,log,factor,100.0,0.001,3000.0,p_inst:0,1.0,0.0,1,49,0,p,m,gr,32,51,q
pname:p_inst:0_ptype:gr_usecol:q_pstyle:m_r:30_c:37_sp:51,log,factor,100.0,0.001,3000.0,p_inst:0,1.0,0.0,1,37,0,p,m,gr,30,51,q
pname:p_inst:0_ptype:gr_usecol:q_pstyle:m_r:50_c:37_sp:51,log,factor,100.0,0.001,3000.0,p_inst:0,1.0,0.0,1,37,0,p,m,gr,50,51,q
pname:p_inst:0_ptype:gr_usecol:q_pstyle:m_r:42_c:40_sp:51,log,factor,100.0,0.001,3000.0,p_inst:0,1.0,0.0,1,40,0,p,m,gr,42,51,q
pname:p_inst:0_ptype:gr_usecol:q_pstyle:m_r:54_c:53_sp:51,log,factor,100.0,0.001,3000.0,p_inst:0,1.0,0.0,1,53,0,p,m,gr,54,51,q
pname:p_inst:0_ptype:gr_usecol:q_pstyle:m_r:80_c:36_sp:51,log,factor,100.0,0.001,3000.0,p_inst:0,1.0,0.0,1,36,0,p,m,gr,80,51,q
pname:p_inst:0_ptype:gr_usecol:q_pstyle:m_r:71_c:61_sp:51,log,factor,100.0,0.001,3000.0,p_inst:0,1.0,0.0,1,61,0,p,m,gr,71,51,q
pname:p_inst:0_ptype:gr_usecol:q_pstyle:m_r:70_c:47_sp:51,log,factor,100.0,0.001,3000.0,p_inst:0,1.0,0.0,1,47,0,p,m,gr,70,51,q
pname:p_inst:0_ptype:gr_usecol:q_pstyle:m_r:53_c:59_sp:51,log,factor,100.0,0.001,3000.0,p_inst:0,1.0,0.0,1,59,0,p,m,gr,53,51,q
pname:p_inst:0_ptype:gr_usecol:q_pstyle:m_r:52_c:43_sp:51,log,factor,100.0,0.001,3000.0,p_inst:0,1.0,0.0,1,43,0,p,m,gr,52,51,q
