parnme,partrans,parchglim,parval1,parlbnd,parubnd,pargp,scale,offset,dercom,c,inst,pname,pstyle,ptype,r,sp,usecol
pname:p_inst:0_ptype:gr_usecol:q_pstyle:m_r:65_c:52_sp:0,none,factor,100.0,0.001,3000.0,p_inst:0,1.0,0.0,1,52,0,p,m,gr,65,0,q
pname:p_inst:0_ptype:gr_usecol:q_pstyle:m_r:32_c:48_sp:0,none,factor,100.0,0.001,3000.0,p_inst:0,1.0,0.0,1,48,0,p,m,gr,32,0,q
pname:p_inst:0_ptype:gr_usecol:q_pstyle:m_r:35_c:56_sp:0,none,factor,100.0,0.001,3000.0,p_inst:0,1.0,0.0,1,56,0,p,m,gr,35,0,q
pname:p_inst:0_ptype:gr_usecol:q_pstyle:m_r:40_c:36_sp:0,none,factor,100.0,0.001,3000.0,p_inst:0,1.0,0.0,1,36,0,p,m,gr,40,0,q
pname:p_inst:0_ptype:gr_usecol:q_pstyle:m_r:59_c:34_sp:0,none,factor,100.0,0.001,3000.0,p_inst:0,1.0,0.0,1,34,0,p,m,gr,59,0,q
pname:p_inst:0_ptype:gr_usecol:q_pstyle:m_r:46_c:47_sp:0,none,factor,100.0,0.001,3000.0,p_inst:0,1.0,0.0,1,47,0,p,m,gr,46,0,q
pname:p_inst:0_ptype:gr_usecol:q_pstyle:m_r:46_c:52_sp:0,none,factor,100.0,0.001,3000.0,p_inst:0,1.0,0.0,1,52,0,p,m,gr,46,0,q
pname:p_inst:0_ptype:gr_usecol:q_pstyle:m_r:38_c:31_sp:0,none,factor,100.0,0.001,3000.0,p_inst:0,1.0,0.0,1,31,0,p,m,gr,38,0,q
pname:p_inst:0_ptype:gr_usecol:q_pstyle:m_r:52_c:39_sp:0,none,factor,100.0,0.001,3000.0,p_inst:0,1.0,0.0,1,39,0,p,m,gr,52,0,q
pname:p_inst:0_ptype:gr_usecol:q_pstyle:m_r:37_c:61_sp:0,none,factor,100.0,0.001,3000.0,p_inst:0,1.0,0.0,1,61,0,p,m,gr,37,0,q
pname:p_inst:0_ptype:gr_usecol:q_pstyle:m_r:80_c:61_sp:0,none,factor,100.0,0.001,3000.0,p_inst:0,1.0,0.0,1,61,0,p,m,gr,80,0,q
pname:p_inst:0_ptype:gr_usecol:q_pstyle:m_r:76_c:60_sp:0,none,factor,100.0,0.001,3000.0,p_inst:0,1.0,0.0,1,60,0,p,m,gr,76,0,q
pname:p_inst:0_ptype:gr_usecol:q_pstyle:m_r:80_c:60_sp:0,none,factor,100.0,0.001,3000.0,p_inst:0,1.0,0.0,1,60,0,p,m,gr,80,0,q
pname:p_inst:0_ptype:gr_usecol:q_pstyle:m_r:65_c:59_sp:0,none,factor,100.0,0.001,3000.0,p_inst:0,1.0,0.0,1,59,0,p,m,gr,65,0,q
pname:p_inst:0_ptype:gr_usecol:q_pstyle:m_r:62_c:47_sp:0,none,factor,100.0,0.001,3000.0,p_inst:0,1.0,0.0,1,47,0,p,m,gr,62,0,q
pname:p_inst:0_ptype:gr_usecol:q_pstyle:m_r:61_c:43_sp:0,none,factor,100.0,0.001,3000.0,p_inst:0,1.0,0.0,1,43,0,p,m,gr,61,0,q
pname:p_inst:0_ptype:gr_usecol:q_pstyle:m_r:77_c:51_sp:0,none,factor,100.0,0.001,3000.0,p_inst:0,1.0,0.0,1,51,0,p,m,gr,77,0,q
pname:p_inst:0_ptype:gr_usecol:q_pstyle:m_r:59_c:49_sp:0,none,factor,100.0,0.001,3000.0,p_inst:0,1.0,0.0,1,49,0,p,m,gr,59,0,q
pname:p_inst:0_ptype:gr_usecol:q_pstyle:m_r:40_c:48_sp:0,none,factor,100.0,0.001,3000.0,p_inst:0,1.0,0.0,1,48,0,p,m,gr,40,0,q
pname:p_inst:0_ptype:gr_usecol:q_pstyle:m_r:81_c:57_sp:0,none,factor,100.0,0.001,3000.0,p_inst:0,1.0,0.0,1,57,0,p,m,gr,81,0,q
pname:p_inst:0_ptype:gr_usecol:q_pstyle:m_r:65_c:52_sp:1,none,factor,100.0,0.001,3000.0,p_inst:0,1.0,0.0,1,52,0,p,m,gr,65,1,q
pname:p_inst:0_ptype:gr_usecol:q_pstyle:m_r:32_c:48_sp:1,none,factor,100.0,0.001,3000.0,p_inst:0,1.0,0.0,1,48,0,p,m,gr,32,1,q
pname:p_inst:0_ptype:gr_usecol:q_pstyle:m_r:35_c:56_sp:1,none,factor,100.0,0.001,3000.0,p_inst:0,1.0,0.0,1,56,0,p,m,gr,35,1,q
pname:p_inst:0_ptype:gr_usecol:q_pstyle:m_r:40_c:36_sp:1,none,factor,100.0,0.001,3000.0,p_inst:0,1.0,0.0,1,36,0,p,m,gr,40,1,q
pname:p_inst:0_ptype:gr_usecol:q_pstyle:m_r:59_c:34_sp:1,none,factor,100.0,0.001,3000.0,p_inst:0,1.0,0.0,1,34,0,p,m,gr,59,1,q
pname:p_inst:0_ptype:gr_usecol:q_pstyle:m_r:46_c:47_sp:1,none,factor,100.0,0.001,3000.0,p_inst:0,1.0,0.0,1,47,0,p,m,gr,46,1,q
pname:p_inst:0_ptype:gr_usecol:q_pstyle:m_r:46_c:52_sp:1,none,factor,100.0,0.001,3000.0,p_inst:0,1.0,0.0,1,52,0,p,m,gr,46,1,q
pname:p_inst:0_ptype:gr_usecol:q_pstyle:m_r:38_c:31_sp:1,none,factor,100.0,0.001,3000.0,p_inst:0,1.0,0.0,1,31,0,p,m,gr,38,1,q
pname:p_inst:0_ptype:gr_usecol:q_pstyle:m_r:52_c:39_sp:1,none,factor,100.0,0.001,3000.0,p_inst:0,1.0,0.0,1,39,0,p,m,gr,52,1,q
pname:p_inst:0_ptype:gr_usecol:q_pstyle:m_r:37_c:61_sp:1,none,factor,100.0,0.001,3000.0,p_inst:0,1.0,0.0,1,61,0,p,m,gr,37,1,q
pname:p_inst:0_ptype:gr_usecol:q_pstyle:m_r:80_c:61_sp:1,none,factor,100.0,0.001,3000.0,p_inst:0,1.0,0.0,1,61,0,p,m,gr,80,1,q
pname:p_inst:0_ptype:gr_usecol:q_pstyle:m_r:76_c:60_sp:1,none,factor,100.0,0.001,3000.0,p_inst:0,1.0,0.0,1,60,0,p,m,gr,76,1,q
pname:p_inst:0_ptype:gr_usecol:q_pstyle:m_r:80_c:60_sp:1,none,factor,100.0,0.001,3000.0,p_inst:0,1.0,0.0,1,60,0,p,m,gr,80,1,q
pname:p_inst:0_ptype:gr_usecol:q_pstyle:m_r:65_c:59_sp:1,none,factor,100.0,0.001,3000.0,p_inst:0,1.0,0.0,1,59,0,p,m,gr,65,1,q
pname:p_inst:0_ptype:gr_usecol:q_pstyle:m_r:62_c:47_sp:1,none,factor,100.0,0.001,3000.0,p_inst:0,1.0,0.0,1,47,0,p,m,gr,62,1,q
pname:p_inst:0_ptype:gr_usecol:q_pstyle:m_r:61_c:43_sp:1,none,factor,100.0,0.001,3000.0,p_inst:0,1.0,0.0,1,43,0,p,m,gr,61,1,q
pname:p_inst:0_ptype:gr_usecol:q_pstyle:m_r:77_c:51_sp:1,none,factor,100.0,0.001,3000.0,p_inst:0,1.0,0.0,1,51,0,p,m,gr,77,1,q
pname:p_inst:0_ptype:gr_usecol:q_pstyle:m_r:59_c:49_sp:1,none,factor,100.0,0.001,3000.0,p_inst:0,1.0,0.0,1,49,0,p,m,gr,59,1,q
pname:p_inst:0_ptype:gr_usecol:q_pstyle:m_r:40_c:48_sp:1,none,factor,100.0,0.001,3000.0,p_inst:0,1.0,0.0,1,48,0,p,m,gr,40,1,q
pname:p_inst:0_ptype:gr_usecol:q_pstyle:m_r:81_c:57_sp:1,none,factor,100.0,0.001,3000.0,p_inst:0,1.0,0.0,1,57,0,p,m,gr,81,1,q
pname:p_inst:0_ptype:gr_usecol:q_pstyle:m_r:65_c:52_sp:2,none,factor,100.0,0.001,3000.0,p_inst:0,1.0,0.0,1,52,0,p,m,gr,65,2,q
pname:p_inst:0_ptype:gr_usecol:q_pstyle:m_r:32_c:48_sp:2,none,factor,100.0,0.001,3000.0,p_inst:0,1.0,0.0,1,48,0,p,m,gr,32,2,q
pname:p_inst:0_ptype:gr_usecol:q_pstyle:m_r:35_c:56_sp:2,none,factor,100.0,0.001,3000.0,p_inst:0,1.0,0.0,1,56,0,p,m,gr,35,2,q
pname:p_inst:0_ptype:gr_usecol:q_pstyle:m_r:40_c:36_sp:2,none,factor,100.0,0.001,3000.0,p_inst:0,1.0,0.0,1,36,0,p,m,gr,40,2,q
pname:p_inst:0_ptype:gr_usecol:q_pstyle:m_r:59_c:34_sp:2,none,factor,100.0,0.001,3000.0,p_inst:0,1.0,0.0,1,34,0,p,m,gr,59,2,q
pname:p_inst:0_ptype:gr_usecol:q_pstyle:m_r:46_c:47_sp:2,none,factor,100.0,0.001,3000.0,p_inst:0,1.0,0.0,1,47,0,p,m,gr,46,2,q
pname:p_inst:0_ptype:gr_usecol:q_pstyle:m_r:46_c:52_sp:2,none,factor,100.0,0.001,3000.0,p_inst:0,1.0,0.0,1,52,0,p,m,gr,46,2,q
pname:p_inst:0_ptype:gr_usecol:q_pstyle:m_r:38_c:31_sp:2,none,factor,100.0,0.001,3000.0,p_inst:0,1.0,0.0,1,31,0,p,m,gr,38,2,q
pname:p_inst:0_ptype:gr_usecol:q_pstyle:m_r:52_c:39_sp:2,none,factor,100.0,0.001,3000.0,p_inst:0,1.0,0.0,1,39,0,p,m,gr,52,2,q
pname:p_inst:0_ptype:gr_usecol:q_pstyle:m_r:37_c:61_sp:2,none,factor,100.0,0.001,3000.0,p_inst:0,1.0,0.0,1,61,0,p,m,gr,37,2,q
pname:p_inst:0_ptype:gr_usecol:q_pstyle:m_r:80_c:61_sp:2,none,factor,100.0,0.001,3000.0,p_inst:0,1.0,0.0,1,61,0,p,m,gr,80,2,q
pname:p_inst:0_ptype:gr_usecol:q_pstyle:m_r:76_c:60_sp:2,none,factor,100.0,0.001,3000.0,p_inst:0,1.0,0.0,1,60,0,p,m,gr,76,2,q
pname:p_inst:0_ptype:gr_usecol:q_pstyle:m_r:80_c:60_sp:2,none,factor,100.0,0.001,3000.0,p_inst:0,1.0,0.0,1,60,0,p,m,gr,80,2,q
pname:p_inst:0_ptype:gr_usecol:q_pstyle:m_r:65_c:59_sp:2,none,factor,100.0,0.001,3000.0,p_inst:0,1.0,0.0,1,59,0,p,m,gr,65,2,q
pname:p_inst:0_ptype:gr_usecol:q_pstyle:m_r:62_c:47_sp:2,none,factor,100.0,0.001,3000.0,p_inst:0,1.0,0.0,1,47,0,p,m,gr,62,2,q
pname:p_inst:0_ptype:gr_usecol:q_pstyle:m_r:61_c:43_sp:2,none,factor,100.0,0.001,3000.0,p_inst:0,1.0,0.0,1,43,0,p,m,gr,61,2,q
pname:p_inst:0_ptype:gr_usecol:q_pstyle:m_r:77_c:51_sp:2,none,factor,100.0,0.001,3000.0,p_inst:0,1.0,0.0,1,51,0,p,m,gr,77,2,q
pname:p_inst:0_ptype:gr_usecol:q_pstyle:m_r:59_c:49_sp:2,none,factor,100.0,0.001,3000.0,p_inst:0,1.0,0.0,1,49,0,p,m,gr,59,2,q
pname:p_inst:0_ptype:gr_usecol:q_pstyle:m_r:40_c:48_sp:2,none,factor,100.0,0.001,3000.0,p_inst:0,1.0,0.0,1,48,0,p,m,gr,40,2,q
pname:p_inst:0_ptype:gr_usecol:q_pstyle:m_r:81_c:57_sp:2,none,factor,100.0,0.001,3000.0,p_inst:0,1.0,0.0,1,57,0,p,m,gr,81,2,q
pname:p_inst:0_ptype:gr_usecol:q_pstyle:m_r:65_c:52_sp:3,none,factor,100.0,0.001,3000.0,p_inst:0,1.0,0.0,1,52,0,p,m,gr,65,3,q
pname:p_inst:0_ptype:gr_usecol:q_pstyle:m_r:32_c:48_sp:3,none,factor,100.0,0.001,3000.0,p_inst:0,1.0,0.0,1,48,0,p,m,gr,32,3,q
pname:p_inst:0_ptype:gr_usecol:q_pstyle:m_r:35_c:56_sp:3,none,factor,100.0,0.001,3000.0,p_inst:0,1.0,0.0,1,56,0,p,m,gr,35,3,q
pname:p_inst:0_ptype:gr_usecol:q_pstyle:m_r:40_c:36_sp:3,none,factor,100.0,0.001,3000.0,p_inst:0,1.0,0.0,1,36,0,p,m,gr,40,3,q
pname:p_inst:0_ptype:gr_usecol:q_pstyle:m_r:59_c:34_sp:3,none,factor,100.0,0.001,3000.0,p_inst:0,1.0,0.0,1,34,0,p,m,gr,59,3,q
pname:p_inst:0_ptype:gr_usecol:q_pstyle:m_r:46_c:47_sp:3,none,factor,100.0,0.001,3000.0,p_inst:0,1.0,0.0,1,47,0,p,m,gr,46,3,q
pname:p_inst:0_ptype:gr_usecol:q_pstyle:m_r:46_c:52_sp:3,none,factor,100.0,0.001,3000.0,p_inst:0,1.0,0.0,1,52,0,p,m,gr,46,3,q
pname:p_inst:0_ptype:gr_usecol:q_pstyle:m_r:38_c:31_sp:3,none,factor,100.0,0.001,3000.0,p_inst:0,1.0,0.0,1,31,0,p,m,gr,38,3,q
pname:p_inst:0_ptype:gr_usecol:q_pstyle:m_r:52_c:39_sp:3,none,factor,100.0,0.001,3000.0,p_inst:0,1.0,0.0,1,39,0,p,m,gr,52,3,q
pname:p_inst:0_ptype:gr_usecol:q_pstyle:m_r:37_c:61_sp:3,none,factor,100.0,0.001,3000.0,p_inst:0,1.0,0.0,1,61,0,p,m,gr,37,3,q
pname:p_inst:0_ptype:gr_usecol:q_pstyle:m_r:80_c:61_sp:3,none,factor,100.0,0.001,3000.0,p_inst:0,1.0,0.0,1,61,0,p,m,gr,80,3,q
pname:p_inst:0_ptype:gr_usecol:q_pstyle:m_r:76_c:60_sp:3,none,factor,100.0,0.001,3000.0,p_inst:0,1.0,0.0,1,60,0,p,m,gr,76,3,q
pname:p_inst:0_ptype:gr_usecol:q_pstyle:m_r:80_c:60_sp:3,none,factor,100.0,0.001,3000.0,p_inst:0,1.0,0.0,1,60,0,p,m,gr,80,3,q
pname:p_inst:0_ptype:gr_usecol:q_pstyle:m_r:65_c:59_sp:3,none,factor,100.0,0.001,3000.0,p_inst:0,1.0,0.0,1,59,0,p,m,gr,65,3,q
pname:p_inst:0_ptype:gr_usecol:q_pstyle:m_r:62_c:47_sp:3,none,factor,100.0,0.001,3000.0,p_inst:0,1.0,0.0,1,47,0,p,m,gr,62,3,q
pname:p_inst:0_ptype:gr_usecol:q_pstyle:m_r:61_c:43_sp:3,none,factor,100.0,0.001,3000.0,p_inst:0,1.0,0.0,1,43,0,p,m,gr,61,3,q
pname:p_inst:0_ptype:gr_usecol:q_pstyle:m_r:77_c:51_sp:3,none,factor,100.0,0.001,3000.0,p_inst:0,1.0,0.0,1,51,0,p,m,gr,77,3,q
pname:p_inst:0_ptype:gr_usecol:q_pstyle:m_r:59_c:49_sp:3,none,factor,100.0,0.001,3000.0,p_inst:0,1.0,0.0,1,49,0,p,m,gr,59,3,q
pname:p_inst:0_ptype:gr_usecol:q_pstyle:m_r:40_c:48_sp:3,none,factor,100.0,0.001,3000.0,p_inst:0,1.0,0.0,1,48,0,p,m,gr,40,3,q
pname:p_inst:0_ptype:gr_usecol:q_pstyle:m_r:81_c:57_sp:3,none,factor,100.0,0.001,3000.0,p_inst:0,1.0,0.0,1,57,0,p,m,gr,81,3,q
pname:p_inst:0_ptype:gr_usecol:q_pstyle:m_r:65_c:52_sp:4,none,factor,100.0,0.001,3000.0,p_inst:0,1.0,0.0,1,52,0,p,m,gr,65,4,q
pname:p_inst:0_ptype:gr_usecol:q_pstyle:m_r:32_c:48_sp:4,none,factor,100.0,0.001,3000.0,p_inst:0,1.0,0.0,1,48,0,p,m,gr,32,4,q
pname:p_inst:0_ptype:gr_usecol:q_pstyle:m_r:35_c:56_sp:4,none,factor,100.0,0.001,3000.0,p_inst:0,1.0,0.0,1,56,0,p,m,gr,35,4,q
pname:p_inst:0_ptype:gr_usecol:q_pstyle:m_r:40_c:36_sp:4,none,factor,100.0,0.001,3000.0,p_inst:0,1.0,0.0,1,36,0,p,m,gr,40,4,q
pname:p_inst:0_ptype:gr_usecol:q_pstyle:m_r:59_c:34_sp:4,none,factor,100.0,0.001,3000.0,p_inst:0,1.0,0.0,1,34,0,p,m,gr,59,4,q
pname:p_inst:0_ptype:gr_usecol:q_pstyle:m_r:46_c:47_sp:4,none,factor,100.0,0.001,3000.0,p_inst:0,1.0,0.0,1,47,0,p,m,gr,46,4,q
pname:p_inst:0_ptype:gr_usecol:q_pstyle:m_r:46_c:52_sp:4,none,factor,100.0,0.001,3000.0,p_inst:0,1.0,0.0,1,52,0,p,m,gr,46,4,q
pname:p_inst:0_ptype:gr_usecol:q_pstyle:m_r:38_c:31_sp:4,none,factor,100.0,0.001,3000.0,p_inst:0,1.0,0.0,1,31,0,p,m,gr,38,4,q
pname:p_inst:0_ptype:gr_usecol:q_pstyle:m_r:52_c:39_sp:4,none,factor,100.0,0.001,3000.0,p_inst:0,1.0,0.0,1,39,0,p,m,gr,52,4,q
pname:p_inst:0_ptype:gr_usecol:q_pstyle:m_r:37_c:61_sp:4,none,factor,100.0,0.001,3000.0,p_inst:0,1.0,0.0,1,61,0,p,m,gr,37,4,q
pname:p_inst:0_ptype:gr_usecol:q_pstyle:m_r:80_c:61_sp:4,none,factor,100.0,0.001,3000.0,p_inst:0,1.0,0.0,1,61,0,p,m,gr,80,4,q
pname:p_inst:0_ptype:gr_usecol:q_pstyle:m_r:76_c:60_sp:4,none,factor,100.0,0.001,3000.0,p_inst:0,1.0,0.0,1,60,0,p,m,gr,76,4,q
pname:p_inst:0_ptype:gr_usecol:q_pstyle:m_r:80_c:60_sp:4,none,factor,100.0,0.001,3000.0,p_inst:0,1.0,0.0,1,60,0,p,m,gr,80,4,q
pname:p_inst:0_ptype:gr_usecol:q_pstyle:m_r:65_c:59_sp:4,none,factor,100.0,0.001,3000.0,p_inst:0,1.0,0.0,1,59,0,p,m,gr,65,4,q
pname:p_inst:0_ptype:gr_usecol:q_pstyle:m_r:62_c:47_sp:4,none,factor,100.0,0.001,3000.0,p_inst:0,1.0,0.0,1,47,0,p,m,gr,62,4,q
pname:p_inst:0_ptype:gr_usecol:q_pstyle:m_r:61_c:43_sp:4,none,factor,100.0,0.001,3000.0,p_inst:0,1.0,0.0,1,43,0,p,m,gr,61,4,q
pname:p_inst:0_ptype:gr_usecol:q_pstyle:m_r:77_c:51_sp:4,none,factor,100.0,0.001,3000.0,p_inst:0,1.0,0.0,1,51,0,p,m,gr,77,4,q
pname:p_inst:0_ptype:gr_usecol:q_pstyle:m_r:59_c:49_sp:4,none,factor,100.0,0.001,3000.0,p_inst:0,1.0,0.0,1,49,0,p,m,gr,59,4,q
pname:p_inst:0_ptype:gr_usecol:q_pstyle:m_r:40_c:48_sp:4,none,factor,100.0,0.001,3000.0,p_inst:0,1.0,0.0,1,48,0,p,m,gr,40,4,q
pname:p_inst:0_ptype:gr_usecol:q_pstyle:m_r:81_c:57_sp:4,none,factor,100.0,0.001,3000.0,p_inst:0,1.0,0.0,1,57,0,p,m,gr,81,4,q
pname:p_inst:0_ptype:gr_usecol:q_pstyle:m_r:65_c:52_sp:5,none,factor,100.0,0.001,3000.0,p_inst:0,1.0,0.0,1,52,0,p,m,gr,65,5,q
pname:p_inst:0_ptype:gr_usecol:q_pstyle:m_r:32_c:48_sp:5,none,factor,100.0,0.001,3000.0,p_inst:0,1.0,0.0,1,48,0,p,m,gr,32,5,q
pname:p_inst:0_ptype:gr_usecol:q_pstyle:m_r:35_c:56_sp:5,none,factor,100.0,0.001,3000.0,p_inst:0,1.0,0.0,1,56,0,p,m,gr,35,5,q
pname:p_inst:0_ptype:gr_usecol:q_pstyle:m_r:40_c:36_sp:5,none,factor,100.0,0.001,3000.0,p_inst:0,1.0,0.0,1,36,0,p,m,gr,40,5,q
pname:p_inst:0_ptype:gr_usecol:q_pstyle:m_r:59_c:34_sp:5,none,factor,100.0,0.001,3000.0,p_inst:0,1.0,0.0,1,34,0,p,m,gr,59,5,q
pname:p_inst:0_ptype:gr_usecol:q_pstyle:m_r:46_c:47_sp:5,none,factor,100.0,0.001,3000.0,p_inst:0,1.0,0.0,1,47,0,p,m,gr,46,5,q
pname:p_inst:0_ptype:gr_usecol:q_pstyle:m_r:46_c:52_sp:5,none,factor,100.0,0.001,3000.0,p_inst:0,1.0,0.0,1,52,0,p,m,gr,46,5,q
pname:p_inst:0_ptype:gr_usecol:q_pstyle:m_r:38_c:31_sp:5,none,factor,100.0,0.001,3000.0,p_inst:0,1.0,0.0,1,31,0,p,m,gr,38,5,q
pname:p_inst:0_ptype:gr_usecol:q_pstyle:m_r:52_c:39_sp:5,none,factor,100.0,0.001,3000.0,p_inst:0,1.0,0.0,1,39,0,p,m,gr,52,5,q
pname:p_inst:0_ptype:gr_usecol:q_pstyle:m_r:37_c:61_sp:5,none,factor,100.0,0.001,3000.0,p_inst:0,1.0,0.0,1,61,0,p,m,gr,37,5,q
pname:p_inst:0_ptype:gr_usecol:q_pstyle:m_r:80_c:61_sp:5,none,factor,100.0,0.001,3000.0,p_inst:0,1.0,0.0,1,61,0,p,m,gr,80,5,q
pname:p_inst:0_ptype:gr_usecol:q_pstyle:m_r:76_c:60_sp:5,none,factor,100.0,0.001,3000.0,p_inst:0,1.0,0.0,1,60,0,p,m,gr,76,5,q
pname:p_inst:0_ptype:gr_usecol:q_pstyle:m_r:80_c:60_sp:5,none,factor,100.0,0.001,3000.0,p_inst:0,1.0,0.0,1,60,0,p,m,gr,80,5,q
pname:p_inst:0_ptype:gr_usecol:q_pstyle:m_r:65_c:59_sp:5,none,factor,100.0,0.001,3000.0,p_inst:0,1.0,0.0,1,59,0,p,m,gr,65,5,q
pname:p_inst:0_ptype:gr_usecol:q_pstyle:m_r:62_c:47_sp:5,none,factor,100.0,0.001,3000.0,p_inst:0,1.0,0.0,1,47,0,p,m,gr,62,5,q
pname:p_inst:0_ptype:gr_usecol:q_pstyle:m_r:61_c:43_sp:5,none,factor,100.0,0.001,3000.0,p_inst:0,1.0,0.0,1,43,0,p,m,gr,61,5,q
pname:p_inst:0_ptype:gr_usecol:q_pstyle:m_r:77_c:51_sp:5,none,factor,100.0,0.001,3000.0,p_inst:0,1.0,0.0,1,51,0,p,m,gr,77,5,q
pname:p_inst:0_ptype:gr_usecol:q_pstyle:m_r:59_c:49_sp:5,none,factor,100.0,0.001,3000.0,p_inst:0,1.0,0.0,1,49,0,p,m,gr,59,5,q
pname:p_inst:0_ptype:gr_usecol:q_pstyle:m_r:40_c:48_sp:5,none,factor,100.0,0.001,3000.0,p_inst:0,1.0,0.0,1,48,0,p,m,gr,40,5,q
pname:p_inst:0_ptype:gr_usecol:q_pstyle:m_r:81_c:57_sp:5,none,factor,100.0,0.001,3000.0,p_inst:0,1.0,0.0,1,57,0,p,m,gr,81,5,q
pname:p_inst:0_ptype:gr_usecol:q_pstyle:m_r:65_c:52_sp:6,none,factor,100.0,0.001,3000.0,p_inst:0,1.0,0.0,1,52,0,p,m,gr,65,6,q
pname:p_inst:0_ptype:gr_usecol:q_pstyle:m_r:32_c:48_sp:6,none,factor,100.0,0.001,3000.0,p_inst:0,1.0,0.0,1,48,0,p,m,gr,32,6,q
pname:p_inst:0_ptype:gr_usecol:q_pstyle:m_r:35_c:56_sp:6,none,factor,100.0,0.001,3000.0,p_inst:0,1.0,0.0,1,56,0,p,m,gr,35,6,q
pname:p_inst:0_ptype:gr_usecol:q_pstyle:m_r:40_c:36_sp:6,none,factor,100.0,0.001,3000.0,p_inst:0,1.0,0.0,1,36,0,p,m,gr,40,6,q
pname:p_inst:0_ptype:gr_usecol:q_pstyle:m_r:59_c:34_sp:6,none,factor,100.0,0.001,3000.0,p_inst:0,1.0,0.0,1,34,0,p,m,gr,59,6,q
pname:p_inst:0_ptype:gr_usecol:q_pstyle:m_r:46_c:47_sp:6,none,factor,100.0,0.001,3000.0,p_inst:0,1.0,0.0,1,47,0,p,m,gr,46,6,q
pname:p_inst:0_ptype:gr_usecol:q_pstyle:m_r:46_c:52_sp:6,none,factor,100.0,0.001,3000.0,p_inst:0,1.0,0.0,1,52,0,p,m,gr,46,6,q
pname:p_inst:0_ptype:gr_usecol:q_pstyle:m_r:38_c:31_sp:6,none,factor,100.0,0.001,3000.0,p_inst:0,1.0,0.0,1,31,0,p,m,gr,38,6,q
pname:p_inst:0_ptype:gr_usecol:q_pstyle:m_r:52_c:39_sp:6,none,factor,100.0,0.001,3000.0,p_inst:0,1.0,0.0,1,39,0,p,m,gr,52,6,q
pname:p_inst:0_ptype:gr_usecol:q_pstyle:m_r:37_c:61_sp:6,none,factor,100.0,0.001,3000.0,p_inst:0,1.0,0.0,1,61,0,p,m,gr,37,6,q
pname:p_inst:0_ptype:gr_usecol:q_pstyle:m_r:80_c:61_sp:6,none,factor,100.0,0.001,3000.0,p_inst:0,1.0,0.0,1,61,0,p,m,gr,80,6,q
pname:p_inst:0_ptype:gr_usecol:q_pstyle:m_r:76_c:60_sp:6,none,factor,100.0,0.001,3000.0,p_inst:0,1.0,0.0,1,60,0,p,m,gr,76,6,q
pname:p_inst:0_ptype:gr_usecol:q_pstyle:m_r:80_c:60_sp:6,none,factor,100.0,0.001,3000.0,p_inst:0,1.0,0.0,1,60,0,p,m,gr,80,6,q
pname:p_inst:0_ptype:gr_usecol:q_pstyle:m_r:65_c:59_sp:6,none,factor,100.0,0.001,3000.0,p_inst:0,1.0,0.0,1,59,0,p,m,gr,65,6,q
pname:p_inst:0_ptype:gr_usecol:q_pstyle:m_r:62_c:47_sp:6,none,factor,100.0,0.001,3000.0,p_inst:0,1.0,0.0,1,47,0,p,m,gr,62,6,q
pname:p_inst:0_ptype:gr_usecol:q_pstyle:m_r:61_c:43_sp:6,none,factor,100.0,0.001,3000.0,p_inst:0,1.0,0.0,1,43,0,p,m,gr,61,6,q
pname:p_inst:0_ptype:gr_usecol:q_pstyle:m_r:77_c:51_sp:6,none,factor,100.0,0.001,3000.0,p_inst:0,1.0,0.0,1,51,0,p,m,gr,77,6,q
pname:p_inst:0_ptype:gr_usecol:q_pstyle:m_r:59_c:49_sp:6,none,factor,100.0,0.001,3000.0,p_inst:0,1.0,0.0,1,49,0,p,m,gr,59,6,q
pname:p_inst:0_ptype:gr_usecol:q_pstyle:m_r:40_c:48_sp:6,none,factor,100.0,0.001,3000.0,p_inst:0,1.0,0.0,1,48,0,p,m,gr,40,6,q
pname:p_inst:0_ptype:gr_usecol:q_pstyle:m_r:81_c:57_sp:6,none,factor,100.0,0.001,3000.0,p_inst:0,1.0,0.0,1,57,0,p,m,gr,81,6,q
pname:p_inst:0_ptype:gr_usecol:q_pstyle:m_r:65_c:52_sp:7,none,factor,100.0,0.001,3000.0,p_inst:0,1.0,0.0,1,52,0,p,m,gr,65,7,q
pname:p_inst:0_ptype:gr_usecol:q_pstyle:m_r:32_c:48_sp:7,none,factor,100.0,0.001,3000.0,p_inst:0,1.0,0.0,1,48,0,p,m,gr,32,7,q
pname:p_inst:0_ptype:gr_usecol:q_pstyle:m_r:35_c:56_sp:7,none,factor,100.0,0.001,3000.0,p_inst:0,1.0,0.0,1,56,0,p,m,gr,35,7,q
pname:p_inst:0_ptype:gr_usecol:q_pstyle:m_r:40_c:36_sp:7,none,factor,100.0,0.001,3000.0,p_inst:0,1.0,0.0,1,36,0,p,m,gr,40,7,q
pname:p_inst:0_ptype:gr_usecol:q_pstyle:m_r:59_c:34_sp:7,none,factor,100.0,0.001,3000.0,p_inst:0,1.0,0.0,1,34,0,p,m,gr,59,7,q
pname:p_inst:0_ptype:gr_usecol:q_pstyle:m_r:46_c:47_sp:7,none,factor,100.0,0.001,3000.0,p_inst:0,1.0,0.0,1,47,0,p,m,gr,46,7,q
pname:p_inst:0_ptype:gr_usecol:q_pstyle:m_r:46_c:52_sp:7,none,factor,100.0,0.001,3000.0,p_inst:0,1.0,0.0,1,52,0,p,m,gr,46,7,q
pname:p_inst:0_ptype:gr_usecol:q_pstyle:m_r:38_c:31_sp:7,none,factor,100.0,0.001,3000.0,p_inst:0,1.0,0.0,1,31,0,p,m,gr,38,7,q
pname:p_inst:0_ptype:gr_usecol:q_pstyle:m_r:52_c:39_sp:7,none,factor,100.0,0.001,3000.0,p_inst:0,1.0,0.0,1,39,0,p,m,gr,52,7,q
pname:p_inst:0_ptype:gr_usecol:q_pstyle:m_r:37_c:61_sp:7,none,factor,100.0,0.001,3000.0,p_inst:0,1.0,0.0,1,61,0,p,m,gr,37,7,q
pname:p_inst:0_ptype:gr_usecol:q_pstyle:m_r:80_c:61_sp:7,none,factor,100.0,0.001,3000.0,p_inst:0,1.0,0.0,1,61,0,p,m,gr,80,7,q
pname:p_inst:0_ptype:gr_usecol:q_pstyle:m_r:76_c:60_sp:7,none,factor,100.0,0.001,3000.0,p_inst:0,1.0,0.0,1,60,0,p,m,gr,76,7,q
pname:p_inst:0_ptype:gr_usecol:q_pstyle:m_r:80_c:60_sp:7,none,factor,100.0,0.001,3000.0,p_inst:0,1.0,0.0,1,60,0,p,m,gr,80,7,q
pname:p_inst:0_ptype:gr_usecol:q_pstyle:m_r:65_c:59_sp:7,none,factor,100.0,0.001,3000.0,p_inst:0,1.0,0.0,1,59,0,p,m,gr,65,7,q
pname:p_inst:0_ptype:gr_usecol:q_pstyle:m_r:62_c:47_sp:7,none,factor,100.0,0.001,3000.0,p_inst:0,1.0,0.0,1,47,0,p,m,gr,62,7,q
pname:p_inst:0_ptype:gr_usecol:q_pstyle:m_r:61_c:43_sp:7,none,factor,100.0,0.001,3000.0,p_inst:0,1.0,0.0,1,43,0,p,m,gr,61,7,q
pname:p_inst:0_ptype:gr_usecol:q_pstyle:m_r:77_c:51_sp:7,none,factor,100.0,0.001,3000.0,p_inst:0,1.0,0.0,1,51,0,p,m,gr,77,7,q
pname:p_inst:0_ptype:gr_usecol:q_pstyle:m_r:59_c:49_sp:7,none,factor,100.0,0.001,3000.0,p_inst:0,1.0,0.0,1,49,0,p,m,gr,59,7,q
pname:p_inst:0_ptype:gr_usecol:q_pstyle:m_r:40_c:48_sp:7,none,factor,100.0,0.001,3000.0,p_inst:0,1.0,0.0,1,48,0,p,m,gr,40,7,q
pname:p_inst:0_ptype:gr_usecol:q_pstyle:m_r:81_c:57_sp:7,none,factor,100.0,0.001,3000.0,p_inst:0,1.0,0.0,1,57,0,p,m,gr,81,7,q
pname:p_inst:0_ptype:gr_usecol:q_pstyle:m_r:65_c:52_sp:8,none,factor,100.0,0.001,3000.0,p_inst:0,1.0,0.0,1,52,0,p,m,gr,65,8,q
pname:p_inst:0_ptype:gr_usecol:q_pstyle:m_r:32_c:48_sp:8,none,factor,100.0,0.001,3000.0,p_inst:0,1.0,0.0,1,48,0,p,m,gr,32,8,q
pname:p_inst:0_ptype:gr_usecol:q_pstyle:m_r:35_c:56_sp:8,none,factor,100.0,0.001,3000.0,p_inst:0,1.0,0.0,1,56,0,p,m,gr,35,8,q
pname:p_inst:0_ptype:gr_usecol:q_pstyle:m_r:40_c:36_sp:8,none,factor,100.0,0.001,3000.0,p_inst:0,1.0,0.0,1,36,0,p,m,gr,40,8,q
pname:p_inst:0_ptype:gr_usecol:q_pstyle:m_r:59_c:34_sp:8,none,factor,100.0,0.001,3000.0,p_inst:0,1.0,0.0,1,34,0,p,m,gr,59,8,q
pname:p_inst:0_ptype:gr_usecol:q_pstyle:m_r:46_c:47_sp:8,none,factor,100.0,0.001,3000.0,p_inst:0,1.0,0.0,1,47,0,p,m,gr,46,8,q
pname:p_inst:0_ptype:gr_usecol:q_pstyle:m_r:46_c:52_sp:8,none,factor,100.0,0.001,3000.0,p_inst:0,1.0,0.0,1,52,0,p,m,gr,46,8,q
pname:p_inst:0_ptype:gr_usecol:q_pstyle:m_r:38_c:31_sp:8,none,factor,100.0,0.001,3000.0,p_inst:0,1.0,0.0,1,31,0,p,m,gr,38,8,q
pname:p_inst:0_ptype:gr_usecol:q_pstyle:m_r:52_c:39_sp:8,none,factor,100.0,0.001,3000.0,p_inst:0,1.0,0.0,1,39,0,p,m,gr,52,8,q
pname:p_inst:0_ptype:gr_usecol:q_pstyle:m_r:37_c:61_sp:8,none,factor,100.0,0.001,3000.0,p_inst:0,1.0,0.0,1,61,0,p,m,gr,37,8,q
pname:p_inst:0_ptype:gr_usecol:q_pstyle:m_r:80_c:61_sp:8,none,factor,100.0,0.001,3000.0,p_inst:0,1.0,0.0,1,61,0,p,m,gr,80,8,q
pname:p_inst:0_ptype:gr_usecol:q_pstyle:m_r:76_c:60_sp:8,none,factor,100.0,0.001,3000.0,p_inst:0,1.0,0.0,1,60,0,p,m,gr,76,8,q
pname:p_inst:0_ptype:gr_usecol:q_pstyle:m_r:80_c:60_sp:8,none,factor,100.0,0.001,3000.0,p_inst:0,1.0,0.0,1,60,0,p,m,gr,80,8,q
pname:p_inst:0_ptype:gr_usecol:q_pstyle:m_r:65_c:59_sp:8,none,factor,100.0,0.001,3000.0,p_inst:0,1.0,0.0,1,59,0,p,m,gr,65,8,q
pname:p_inst:0_ptype:gr_usecol:q_pstyle:m_r:62_c:47_sp:8,none,factor,100.0,0.001,3000.0,p_inst:0,1.0,0.0,1,47,0,p,m,gr,62,8,q
pname:p_inst:0_ptype:gr_usecol:q_pstyle:m_r:61_c:43_sp:8,none,factor,100.0,0.001,3000.0,p_inst:0,1.0,0.0,1,43,0,p,m,gr,61,8,q
pname:p_inst:0_ptype:gr_usecol:q_pstyle:m_r:77_c:51_sp:8,none,factor,100.0,0.001,3000.0,p_inst:0,1.0,0.0,1,51,0,p,m,gr,77,8,q
pname:p_inst:0_ptype:gr_usecol:q_pstyle:m_r:59_c:49_sp:8,none,factor,100.0,0.001,3000.0,p_inst:0,1.0,0.0,1,49,0,p,m,gr,59,8,q
pname:p_inst:0_ptype:gr_usecol:q_pstyle:m_r:40_c:48_sp:8,none,factor,100.0,0.001,3000.0,p_inst:0,1.0,0.0,1,48,0,p,m,gr,40,8,q
pname:p_inst:0_ptype:gr_usecol:q_pstyle:m_r:81_c:57_sp:8,none,factor,100.0,0.001,3000.0,p_inst:0,1.0,0.0,1,57,0,p,m,gr,81,8,q
pname:p_inst:0_ptype:gr_usecol:q_pstyle:m_r:65_c:52_sp:9,none,factor,100.0,0.001,3000.0,p_inst:0,1.0,0.0,1,52,0,p,m,gr,65,9,q
pname:p_inst:0_ptype:gr_usecol:q_pstyle:m_r:32_c:48_sp:9,none,factor,100.0,0.001,3000.0,p_inst:0,1.0,0.0,1,48,0,p,m,gr,32,9,q
pname:p_inst:0_ptype:gr_usecol:q_pstyle:m_r:35_c:56_sp:9,none,factor,100.0,0.001,3000.0,p_inst:0,1.0,0.0,1,56,0,p,m,gr,35,9,q
pname:p_inst:0_ptype:gr_usecol:q_pstyle:m_r:40_c:36_sp:9,none,factor,100.0,0.001,3000.0,p_inst:0,1.0,0.0,1,36,0,p,m,gr,40,9,q
pname:p_inst:0_ptype:gr_usecol:q_pstyle:m_r:59_c:34_sp:9,none,factor,100.0,0.001,3000.0,p_inst:0,1.0,0.0,1,34,0,p,m,gr,59,9,q
pname:p_inst:0_ptype:gr_usecol:q_pstyle:m_r:46_c:47_sp:9,none,factor,100.0,0.001,3000.0,p_inst:0,1.0,0.0,1,47,0,p,m,gr,46,9,q
pname:p_inst:0_ptype:gr_usecol:q_pstyle:m_r:46_c:52_sp:9,none,factor,100.0,0.001,3000.0,p_inst:0,1.0,0.0,1,52,0,p,m,gr,46,9,q
pname:p_inst:0_ptype:gr_usecol:q_pstyle:m_r:38_c:31_sp:9,none,factor,100.0,0.001,3000.0,p_inst:0,1.0,0.0,1,31,0,p,m,gr,38,9,q
pname:p_inst:0_ptype:gr_usecol:q_pstyle:m_r:52_c:39_sp:9,none,factor,100.0,0.001,3000.0,p_inst:0,1.0,0.0,1,39,0,p,m,gr,52,9,q
pname:p_inst:0_ptype:gr_usecol:q_pstyle:m_r:37_c:61_sp:9,none,factor,100.0,0.001,3000.0,p_inst:0,1.0,0.0,1,61,0,p,m,gr,37,9,q
pname:p_inst:0_ptype:gr_usecol:q_pstyle:m_r:80_c:61_sp:9,none,factor,100.0,0.001,3000.0,p_inst:0,1.0,0.0,1,61,0,p,m,gr,80,9,q
pname:p_inst:0_ptype:gr_usecol:q_pstyle:m_r:76_c:60_sp:9,none,factor,100.0,0.001,3000.0,p_inst:0,1.0,0.0,1,60,0,p,m,gr,76,9,q
pname:p_inst:0_ptype:gr_usecol:q_pstyle:m_r:80_c:60_sp:9,none,factor,100.0,0.001,3000.0,p_inst:0,1.0,0.0,1,60,0,p,m,gr,80,9,q
pname:p_inst:0_ptype:gr_usecol:q_pstyle:m_r:65_c:59_sp:9,none,factor,100.0,0.001,3000.0,p_inst:0,1.0,0.0,1,59,0,p,m,gr,65,9,q
pname:p_inst:0_ptype:gr_usecol:q_pstyle:m_r:62_c:47_sp:9,none,factor,100.0,0.001,3000.0,p_inst:0,1.0,0.0,1,47,0,p,m,gr,62,9,q
pname:p_inst:0_ptype:gr_usecol:q_pstyle:m_r:61_c:43_sp:9,none,factor,100.0,0.001,3000.0,p_inst:0,1.0,0.0,1,43,0,p,m,gr,61,9,q
pname:p_inst:0_ptype:gr_usecol:q_pstyle:m_r:77_c:51_sp:9,none,factor,100.0,0.001,3000.0,p_inst:0,1.0,0.0,1,51,0,p,m,gr,77,9,q
pname:p_inst:0_ptype:gr_usecol:q_pstyle:m_r:59_c:49_sp:9,none,factor,100.0,0.001,3000.0,p_inst:0,1.0,0.0,1,49,0,p,m,gr,59,9,q
pname:p_inst:0_ptype:gr_usecol:q_pstyle:m_r:40_c:48_sp:9,none,factor,100.0,0.001,3000.0,p_inst:0,1.0,0.0,1,48,0,p,m,gr,40,9,q
pname:p_inst:0_ptype:gr_usecol:q_pstyle:m_r:81_c:57_sp:9,none,factor,100.0,0.001,3000.0,p_inst:0,1.0,0.0,1,57,0,p,m,gr,81,9,q
pname:p_inst:0_ptype:gr_usecol:q_pstyle:m_r:65_c:52_sp:10,none,factor,100.0,0.001,3000.0,p_inst:0,1.0,0.0,1,52,0,p,m,gr,65,10,q
pname:p_inst:0_ptype:gr_usecol:q_pstyle:m_r:32_c:48_sp:10,none,factor,100.0,0.001,3000.0,p_inst:0,1.0,0.0,1,48,0,p,m,gr,32,10,q
pname:p_inst:0_ptype:gr_usecol:q_pstyle:m_r:35_c:56_sp:10,none,factor,100.0,0.001,3000.0,p_inst:0,1.0,0.0,1,56,0,p,m,gr,35,10,q
pname:p_inst:0_ptype:gr_usecol:q_pstyle:m_r:40_c:36_sp:10,none,factor,100.0,0.001,3000.0,p_inst:0,1.0,0.0,1,36,0,p,m,gr,40,10,q
pname:p_inst:0_ptype:gr_usecol:q_pstyle:m_r:59_c:34_sp:10,none,factor,100.0,0.001,3000.0,p_inst:0,1.0,0.0,1,34,0,p,m,gr,59,10,q
pname:p_inst:0_ptype:gr_usecol:q_pstyle:m_r:46_c:47_sp:10,none,factor,100.0,0.001,3000.0,p_inst:0,1.0,0.0,1,47,0,p,m,gr,46,10,q
pname:p_inst:0_ptype:gr_usecol:q_pstyle:m_r:46_c:52_sp:10,none,factor,100.0,0.001,3000.0,p_inst:0,1.0,0.0,1,52,0,p,m,gr,46,10,q
pname:p_inst:0_ptype:gr_usecol:q_pstyle:m_r:38_c:31_sp:10,none,factor,100.0,0.001,3000.0,p_inst:0,1.0,0.0,1,31,0,p,m,gr,38,10,q
pname:p_inst:0_ptype:gr_usecol:q_pstyle:m_r:52_c:39_sp:10,none,factor,100.0,0.001,3000.0,p_inst:0,1.0,0.0,1,39,0,p,m,gr,52,10,q
pname:p_inst:0_ptype:gr_usecol:q_pstyle:m_r:37_c:61_sp:10,none,factor,100.0,0.001,3000.0,p_inst:0,1.0,0.0,1,61,0,p,m,gr,37,10,q
pname:p_inst:0_ptype:gr_usecol:q_pstyle:m_r:80_c:61_sp:10,none,factor,100.0,0.001,3000.0,p_inst:0,1.0,0.0,1,61,0,p,m,gr,80,10,q
pname:p_inst:0_ptype:gr_usecol:q_pstyle:m_r:76_c:60_sp:10,none,factor,100.0,0.001,3000.0,p_inst:0,1.0,0.0,1,60,0,p,m,gr,76,10,q
pname:p_inst:0_ptype:gr_usecol:q_pstyle:m_r:80_c:60_sp:10,none,factor,100.0,0.001,3000.0,p_inst:0,1.0,0.0,1,60,0,p,m,gr,80,10,q
pname:p_inst:0_ptype:gr_usecol:q_pstyle:m_r:65_c:59_sp:10,none,factor,100.0,0.001,3000.0,p_inst:0,1.0,0.0,1,59,0,p,m,gr,65,10,q
pname:p_inst:0_ptype:gr_usecol:q_pstyle:m_r:62_c:47_sp:10,none,factor,100.0,0.001,3000.0,p_inst:0,1.0,0.0,1,47,0,p,m,gr,62,10,q
pname:p_inst:0_ptype:gr_usecol:q_pstyle:m_r:61_c:43_sp:10,none,factor,100.0,0.001,3000.0,p_inst:0,1.0,0.0,1,43,0,p,m,gr,61,10,q
pname:p_inst:0_ptype:gr_usecol:q_pstyle:m_r:77_c:51_sp:10,none,factor,100.0,0.001,3000.0,p_inst:0,1.0,0.0,1,51,0,p,m,gr,77,10,q
pname:p_inst:0_ptype:gr_usecol:q_pstyle:m_r:59_c:49_sp:10,none,factor,100.0,0.001,3000.0,p_inst:0,1.0,0.0,1,49,0,p,m,gr,59,10,q
pname:p_inst:0_ptype:gr_usecol:q_pstyle:m_r:40_c:48_sp:10,none,factor,100.0,0.001,3000.0,p_inst:0,1.0,0.0,1,48,0,p,m,gr,40,10,q
pname:p_inst:0_ptype:gr_usecol:q_pstyle:m_r:81_c:57_sp:10,none,factor,100.0,0.001,3000.0,p_inst:0,1.0,0.0,1,57,0,p,m,gr,81,10,q
pname:p_inst:0_ptype:gr_usecol:q_pstyle:m_r:65_c:52_sp:11,none,factor,100.0,0.001,3000.0,p_inst:0,1.0,0.0,1,52,0,p,m,gr,65,11,q
pname:p_inst:0_ptype:gr_usecol:q_pstyle:m_r:32_c:48_sp:11,none,factor,100.0,0.001,3000.0,p_inst:0,1.0,0.0,1,48,0,p,m,gr,32,11,q
pname:p_inst:0_ptype:gr_usecol:q_pstyle:m_r:35_c:56_sp:11,none,factor,100.0,0.001,3000.0,p_inst:0,1.0,0.0,1,56,0,p,m,gr,35,11,q
pname:p_inst:0_ptype:gr_usecol:q_pstyle:m_r:40_c:36_sp:11,none,factor,100.0,0.001,3000.0,p_inst:0,1.0,0.0,1,36,0,p,m,gr,40,11,q
pname:p_inst:0_ptype:gr_usecol:q_pstyle:m_r:59_c:34_sp:11,none,factor,100.0,0.001,3000.0,p_inst:0,1.0,0.0,1,34,0,p,m,gr,59,11,q
pname:p_inst:0_ptype:gr_usecol:q_pstyle:m_r:46_c:47_sp:11,none,factor,100.0,0.001,3000.0,p_inst:0,1.0,0.0,1,47,0,p,m,gr,46,11,q
pname:p_inst:0_ptype:gr_usecol:q_pstyle:m_r:46_c:52_sp:11,none,factor,100.0,0.001,3000.0,p_inst:0,1.0,0.0,1,52,0,p,m,gr,46,11,q
pname:p_inst:0_ptype:gr_usecol:q_pstyle:m_r:38_c:31_sp:11,none,factor,100.0,0.001,3000.0,p_inst:0,1.0,0.0,1,31,0,p,m,gr,38,11,q
pname:p_inst:0_ptype:gr_usecol:q_pstyle:m_r:52_c:39_sp:11,none,factor,100.0,0.001,3000.0,p_inst:0,1.0,0.0,1,39,0,p,m,gr,52,11,q
pname:p_inst:0_ptype:gr_usecol:q_pstyle:m_r:37_c:61_sp:11,none,factor,100.0,0.001,3000.0,p_inst:0,1.0,0.0,1,61,0,p,m,gr,37,11,q
pname:p_inst:0_ptype:gr_usecol:q_pstyle:m_r:80_c:61_sp:11,none,factor,100.0,0.001,3000.0,p_inst:0,1.0,0.0,1,61,0,p,m,gr,80,11,q
pname:p_inst:0_ptype:gr_usecol:q_pstyle:m_r:76_c:60_sp:11,none,factor,100.0,0.001,3000.0,p_inst:0,1.0,0.0,1,60,0,p,m,gr,76,11,q
pname:p_inst:0_ptype:gr_usecol:q_pstyle:m_r:80_c:60_sp:11,none,factor,100.0,0.001,3000.0,p_inst:0,1.0,0.0,1,60,0,p,m,gr,80,11,q
pname:p_inst:0_ptype:gr_usecol:q_pstyle:m_r:65_c:59_sp:11,none,factor,100.0,0.001,3000.0,p_inst:0,1.0,0.0,1,59,0,p,m,gr,65,11,q
pname:p_inst:0_ptype:gr_usecol:q_pstyle:m_r:62_c:47_sp:11,none,factor,100.0,0.001,3000.0,p_inst:0,1.0,0.0,1,47,0,p,m,gr,62,11,q
pname:p_inst:0_ptype:gr_usecol:q_pstyle:m_r:61_c:43_sp:11,none,factor,100.0,0.001,3000.0,p_inst:0,1.0,0.0,1,43,0,p,m,gr,61,11,q
pname:p_inst:0_ptype:gr_usecol:q_pstyle:m_r:77_c:51_sp:11,none,factor,100.0,0.001,3000.0,p_inst:0,1.0,0.0,1,51,0,p,m,gr,77,11,q
pname:p_inst:0_ptype:gr_usecol:q_pstyle:m_r:59_c:49_sp:11,none,factor,100.0,0.001,3000.0,p_inst:0,1.0,0.0,1,49,0,p,m,gr,59,11,q
pname:p_inst:0_ptype:gr_usecol:q_pstyle:m_r:40_c:48_sp:11,none,factor,100.0,0.001,3000.0,p_inst:0,1.0,0.0,1,48,0,p,m,gr,40,11,q
pname:p_inst:0_ptype:gr_usecol:q_pstyle:m_r:81_c:57_sp:11,none,factor,100.0,0.001,3000.0,p_inst:0,1.0,0.0,1,57,0,p,m,gr,81,11,q
pname:p_inst:0_ptype:gr_usecol:q_pstyle:m_r:65_c:52_sp:12,none,factor,100.0,0.001,3000.0,p_inst:0,1.0,0.0,1,52,0,p,m,gr,65,12,q
pname:p_inst:0_ptype:gr_usecol:q_pstyle:m_r:32_c:48_sp:12,none,factor,100.0,0.001,3000.0,p_inst:0,1.0,0.0,1,48,0,p,m,gr,32,12,q
pname:p_inst:0_ptype:gr_usecol:q_pstyle:m_r:35_c:56_sp:12,none,factor,100.0,0.001,3000.0,p_inst:0,1.0,0.0,1,56,0,p,m,gr,35,12,q
pname:p_inst:0_ptype:gr_usecol:q_pstyle:m_r:40_c:36_sp:12,none,factor,100.0,0.001,3000.0,p_inst:0,1.0,0.0,1,36,0,p,m,gr,40,12,q
pname:p_inst:0_ptype:gr_usecol:q_pstyle:m_r:59_c:34_sp:12,none,factor,100.0,0.001,3000.0,p_inst:0,1.0,0.0,1,34,0,p,m,gr,59,12,q
pname:p_inst:0_ptype:gr_usecol:q_pstyle:m_r:46_c:47_sp:12,none,factor,100.0,0.001,3000.0,p_inst:0,1.0,0.0,1,47,0,p,m,gr,46,12,q
pname:p_inst:0_ptype:gr_usecol:q_pstyle:m_r:46_c:52_sp:12,none,factor,100.0,0.001,3000.0,p_inst:0,1.0,0.0,1,52,0,p,m,gr,46,12,q
pname:p_inst:0_ptype:gr_usecol:q_pstyle:m_r:38_c:31_sp:12,none,factor,100.0,0.001,3000.0,p_inst:0,1.0,0.0,1,31,0,p,m,gr,38,12,q
pname:p_inst:0_ptype:gr_usecol:q_pstyle:m_r:52_c:39_sp:12,none,factor,100.0,0.001,3000.0,p_inst:0,1.0,0.0,1,39,0,p,m,gr,52,12,q
pname:p_inst:0_ptype:gr_usecol:q_pstyle:m_r:37_c:61_sp:12,none,factor,100.0,0.001,3000.0,p_inst:0,1.0,0.0,1,61,0,p,m,gr,37,12,q
pname:p_inst:0_ptype:gr_usecol:q_pstyle:m_r:80_c:61_sp:12,none,factor,100.0,0.001,3000.0,p_inst:0,1.0,0.0,1,61,0,p,m,gr,80,12,q
pname:p_inst:0_ptype:gr_usecol:q_pstyle:m_r:76_c:60_sp:12,none,factor,100.0,0.001,3000.0,p_inst:0,1.0,0.0,1,60,0,p,m,gr,76,12,q
pname:p_inst:0_ptype:gr_usecol:q_pstyle:m_r:80_c:60_sp:12,none,factor,100.0,0.001,3000.0,p_inst:0,1.0,0.0,1,60,0,p,m,gr,80,12,q
pname:p_inst:0_ptype:gr_usecol:q_pstyle:m_r:65_c:59_sp:12,none,factor,100.0,0.001,3000.0,p_inst:0,1.0,0.0,1,59,0,p,m,gr,65,12,q
pname:p_inst:0_ptype:gr_usecol:q_pstyle:m_r:62_c:47_sp:12,none,factor,100.0,0.001,3000.0,p_inst:0,1.0,0.0,1,47,0,p,m,gr,62,12,q
pname:p_inst:0_ptype:gr_usecol:q_pstyle:m_r:61_c:43_sp:12,none,factor,100.0,0.001,3000.0,p_inst:0,1.0,0.0,1,43,0,p,m,gr,61,12,q
pname:p_inst:0_ptype:gr_usecol:q_pstyle:m_r:77_c:51_sp:12,none,factor,100.0,0.001,3000.0,p_inst:0,1.0,0.0,1,51,0,p,m,gr,77,12,q
pname:p_inst:0_ptype:gr_usecol:q_pstyle:m_r:59_c:49_sp:12,none,factor,100.0,0.001,3000.0,p_inst:0,1.0,0.0,1,49,0,p,m,gr,59,12,q
pname:p_inst:0_ptype:gr_usecol:q_pstyle:m_r:40_c:48_sp:12,none,factor,100.0,0.001,3000.0,p_inst:0,1.0,0.0,1,48,0,p,m,gr,40,12,q
pname:p_inst:0_ptype:gr_usecol:q_pstyle:m_r:81_c:57_sp:12,none,factor,100.0,0.001,3000.0,p_inst:0,1.0,0.0,1,57,0,p,m,gr,81,12,q
pname:p_inst:0_ptype:gr_usecol:q_pstyle:m_r:65_c:52_sp:13,none,factor,100.0,0.001,3000.0,p_inst:0,1.0,0.0,1,52,0,p,m,gr,65,13,q
pname:p_inst:0_ptype:gr_usecol:q_pstyle:m_r:32_c:48_sp:13,none,factor,100.0,0.001,3000.0,p_inst:0,1.0,0.0,1,48,0,p,m,gr,32,13,q
pname:p_inst:0_ptype:gr_usecol:q_pstyle:m_r:35_c:56_sp:13,none,factor,100.0,0.001,3000.0,p_inst:0,1.0,0.0,1,56,0,p,m,gr,35,13,q
pname:p_inst:0_ptype:gr_usecol:q_pstyle:m_r:40_c:36_sp:13,none,factor,100.0,0.001,3000.0,p_inst:0,1.0,0.0,1,36,0,p,m,gr,40,13,q
pname:p_inst:0_ptype:gr_usecol:q_pstyle:m_r:59_c:34_sp:13,none,factor,100.0,0.001,3000.0,p_inst:0,1.0,0.0,1,34,0,p,m,gr,59,13,q
pname:p_inst:0_ptype:gr_usecol:q_pstyle:m_r:46_c:47_sp:13,none,factor,100.0,0.001,3000.0,p_inst:0,1.0,0.0,1,47,0,p,m,gr,46,13,q
pname:p_inst:0_ptype:gr_usecol:q_pstyle:m_r:46_c:52_sp:13,none,factor,100.0,0.001,3000.0,p_inst:0,1.0,0.0,1,52,0,p,m,gr,46,13,q
pname:p_inst:0_ptype:gr_usecol:q_pstyle:m_r:38_c:31_sp:13,none,factor,100.0,0.001,3000.0,p_inst:0,1.0,0.0,1,31,0,p,m,gr,38,13,q
pname:p_inst:0_ptype:gr_usecol:q_pstyle:m_r:52_c:39_sp:13,none,factor,100.0,0.001,3000.0,p_inst:0,1.0,0.0,1,39,0,p,m,gr,52,13,q
pname:p_inst:0_ptype:gr_usecol:q_pstyle:m_r:37_c:61_sp:13,none,factor,100.0,0.001,3000.0,p_inst:0,1.0,0.0,1,61,0,p,m,gr,37,13,q
pname:p_inst:0_ptype:gr_usecol:q_pstyle:m_r:80_c:61_sp:13,none,factor,100.0,0.001,3000.0,p_inst:0,1.0,0.0,1,61,0,p,m,gr,80,13,q
pname:p_inst:0_ptype:gr_usecol:q_pstyle:m_r:76_c:60_sp:13,none,factor,100.0,0.001,3000.0,p_inst:0,1.0,0.0,1,60,0,p,m,gr,76,13,q
pname:p_inst:0_ptype:gr_usecol:q_pstyle:m_r:80_c:60_sp:13,none,factor,100.0,0.001,3000.0,p_inst:0,1.0,0.0,1,60,0,p,m,gr,80,13,q
pname:p_inst:0_ptype:gr_usecol:q_pstyle:m_r:65_c:59_sp:13,none,factor,100.0,0.001,3000.0,p_inst:0,1.0,0.0,1,59,0,p,m,gr,65,13,q
pname:p_inst:0_ptype:gr_usecol:q_pstyle:m_r:62_c:47_sp:13,none,factor,100.0,0.001,3000.0,p_inst:0,1.0,0.0,1,47,0,p,m,gr,62,13,q
pname:p_inst:0_ptype:gr_usecol:q_pstyle:m_r:61_c:43_sp:13,none,factor,100.0,0.001,3000.0,p_inst:0,1.0,0.0,1,43,0,p,m,gr,61,13,q
pname:p_inst:0_ptype:gr_usecol:q_pstyle:m_r:77_c:51_sp:13,none,factor,100.0,0.001,3000.0,p_inst:0,1.0,0.0,1,51,0,p,m,gr,77,13,q
pname:p_inst:0_ptype:gr_usecol:q_pstyle:m_r:59_c:49_sp:13,none,factor,100.0,0.001,3000.0,p_inst:0,1.0,0.0,1,49,0,p,m,gr,59,13,q
pname:p_inst:0_ptype:gr_usecol:q_pstyle:m_r:40_c:48_sp:13,none,factor,100.0,0.001,3000.0,p_inst:0,1.0,0.0,1,48,0,p,m,gr,40,13,q
pname:p_inst:0_ptype:gr_usecol:q_pstyle:m_r:81_c:57_sp:13,none,factor,100.0,0.001,3000.0,p_inst:0,1.0,0.0,1,57,0,p,m,gr,81,13,q
pname:p_inst:0_ptype:gr_usecol:q_pstyle:m_r:65_c:52_sp:14,none,factor,100.0,0.001,3000.0,p_inst:0,1.0,0.0,1,52,0,p,m,gr,65,14,q
pname:p_inst:0_ptype:gr_usecol:q_pstyle:m_r:32_c:48_sp:14,none,factor,100.0,0.001,3000.0,p_inst:0,1.0,0.0,1,48,0,p,m,gr,32,14,q
pname:p_inst:0_ptype:gr_usecol:q_pstyle:m_r:35_c:56_sp:14,none,factor,100.0,0.001,3000.0,p_inst:0,1.0,0.0,1,56,0,p,m,gr,35,14,q
pname:p_inst:0_ptype:gr_usecol:q_pstyle:m_r:40_c:36_sp:14,none,factor,100.0,0.001,3000.0,p_inst:0,1.0,0.0,1,36,0,p,m,gr,40,14,q
pname:p_inst:0_ptype:gr_usecol:q_pstyle:m_r:59_c:34_sp:14,none,factor,100.0,0.001,3000.0,p_inst:0,1.0,0.0,1,34,0,p,m,gr,59,14,q
pname:p_inst:0_ptype:gr_usecol:q_pstyle:m_r:46_c:47_sp:14,none,factor,100.0,0.001,3000.0,p_inst:0,1.0,0.0,1,47,0,p,m,gr,46,14,q
pname:p_inst:0_ptype:gr_usecol:q_pstyle:m_r:46_c:52_sp:14,none,factor,100.0,0.001,3000.0,p_inst:0,1.0,0.0,1,52,0,p,m,gr,46,14,q
pname:p_inst:0_ptype:gr_usecol:q_pstyle:m_r:38_c:31_sp:14,none,factor,100.0,0.001,3000.0,p_inst:0,1.0,0.0,1,31,0,p,m,gr,38,14,q
pname:p_inst:0_ptype:gr_usecol:q_pstyle:m_r:52_c:39_sp:14,none,factor,100.0,0.001,3000.0,p_inst:0,1.0,0.0,1,39,0,p,m,gr,52,14,q
pname:p_inst:0_ptype:gr_usecol:q_pstyle:m_r:37_c:61_sp:14,none,factor,100.0,0.001,3000.0,p_inst:0,1.0,0.0,1,61,0,p,m,gr,37,14,q
pname:p_inst:0_ptype:gr_usecol:q_pstyle:m_r:80_c:61_sp:14,none,factor,100.0,0.001,3000.0,p_inst:0,1.0,0.0,1,61,0,p,m,gr,80,14,q
pname:p_inst:0_ptype:gr_usecol:q_pstyle:m_r:76_c:60_sp:14,none,factor,100.0,0.001,3000.0,p_inst:0,1.0,0.0,1,60,0,p,m,gr,76,14,q
pname:p_inst:0_ptype:gr_usecol:q_pstyle:m_r:80_c:60_sp:14,none,factor,100.0,0.001,3000.0,p_inst:0,1.0,0.0,1,60,0,p,m,gr,80,14,q
pname:p_inst:0_ptype:gr_usecol:q_pstyle:m_r:65_c:59_sp:14,none,factor,100.0,0.001,3000.0,p_inst:0,1.0,0.0,1,59,0,p,m,gr,65,14,q
pname:p_inst:0_ptype:gr_usecol:q_pstyle:m_r:62_c:47_sp:14,none,factor,100.0,0.001,3000.0,p_inst:0,1.0,0.0,1,47,0,p,m,gr,62,14,q
pname:p_inst:0_ptype:gr_usecol:q_pstyle:m_r:61_c:43_sp:14,none,factor,100.0,0.001,3000.0,p_inst:0,1.0,0.0,1,43,0,p,m,gr,61,14,q
pname:p_inst:0_ptype:gr_usecol:q_pstyle:m_r:77_c:51_sp:14,none,factor,100.0,0.001,3000.0,p_inst:0,1.0,0.0,1,51,0,p,m,gr,77,14,q
pname:p_inst:0_ptype:gr_usecol:q_pstyle:m_r:59_c:49_sp:14,none,factor,100.0,0.001,3000.0,p_inst:0,1.0,0.0,1,49,0,p,m,gr,59,14,q
pname:p_inst:0_ptype:gr_usecol:q_pstyle:m_r:40_c:48_sp:14,none,factor,100.0,0.001,3000.0,p_inst:0,1.0,0.0,1,48,0,p,m,gr,40,14,q
pname:p_inst:0_ptype:gr_usecol:q_pstyle:m_r:81_c:57_sp:14,none,factor,100.0,0.001,3000.0,p_inst:0,1.0,0.0,1,57,0,p,m,gr,81,14,q
pname:p_inst:0_ptype:gr_usecol:q_pstyle:m_r:65_c:52_sp:15,none,factor,100.0,0.001,3000.0,p_inst:0,1.0,0.0,1,52,0,p,m,gr,65,15,q
pname:p_inst:0_ptype:gr_usecol:q_pstyle:m_r:32_c:48_sp:15,none,factor,100.0,0.001,3000.0,p_inst:0,1.0,0.0,1,48,0,p,m,gr,32,15,q
pname:p_inst:0_ptype:gr_usecol:q_pstyle:m_r:35_c:56_sp:15,none,factor,100.0,0.001,3000.0,p_inst:0,1.0,0.0,1,56,0,p,m,gr,35,15,q
pname:p_inst:0_ptype:gr_usecol:q_pstyle:m_r:40_c:36_sp:15,none,factor,100.0,0.001,3000.0,p_inst:0,1.0,0.0,1,36,0,p,m,gr,40,15,q
pname:p_inst:0_ptype:gr_usecol:q_pstyle:m_r:59_c:34_sp:15,none,factor,100.0,0.001,3000.0,p_inst:0,1.0,0.0,1,34,0,p,m,gr,59,15,q
pname:p_inst:0_ptype:gr_usecol:q_pstyle:m_r:46_c:47_sp:15,none,factor,100.0,0.001,3000.0,p_inst:0,1.0,0.0,1,47,0,p,m,gr,46,15,q
pname:p_inst:0_ptype:gr_usecol:q_pstyle:m_r:46_c:52_sp:15,none,factor,100.0,0.001,3000.0,p_inst:0,1.0,0.0,1,52,0,p,m,gr,46,15,q
pname:p_inst:0_ptype:gr_usecol:q_pstyle:m_r:38_c:31_sp:15,none,factor,100.0,0.001,3000.0,p_inst:0,1.0,0.0,1,31,0,p,m,gr,38,15,q
pname:p_inst:0_ptype:gr_usecol:q_pstyle:m_r:52_c:39_sp:15,none,factor,100.0,0.001,3000.0,p_inst:0,1.0,0.0,1,39,0,p,m,gr,52,15,q
pname:p_inst:0_ptype:gr_usecol:q_pstyle:m_r:37_c:61_sp:15,none,factor,100.0,0.001,3000.0,p_inst:0,1.0,0.0,1,61,0,p,m,gr,37,15,q
pname:p_inst:0_ptype:gr_usecol:q_pstyle:m_r:80_c:61_sp:15,none,factor,100.0,0.001,3000.0,p_inst:0,1.0,0.0,1,61,0,p,m,gr,80,15,q
pname:p_inst:0_ptype:gr_usecol:q_pstyle:m_r:76_c:60_sp:15,none,factor,100.0,0.001,3000.0,p_inst:0,1.0,0.0,1,60,0,p,m,gr,76,15,q
pname:p_inst:0_ptype:gr_usecol:q_pstyle:m_r:80_c:60_sp:15,none,factor,100.0,0.001,3000.0,p_inst:0,1.0,0.0,1,60,0,p,m,gr,80,15,q
pname:p_inst:0_ptype:gr_usecol:q_pstyle:m_r:65_c:59_sp:15,none,factor,100.0,0.001,3000.0,p_inst:0,1.0,0.0,1,59,0,p,m,gr,65,15,q
pname:p_inst:0_ptype:gr_usecol:q_pstyle:m_r:62_c:47_sp:15,none,factor,100.0,0.001,3000.0,p_inst:0,1.0,0.0,1,47,0,p,m,gr,62,15,q
pname:p_inst:0_ptype:gr_usecol:q_pstyle:m_r:61_c:43_sp:15,none,factor,100.0,0.001,3000.0,p_inst:0,1.0,0.0,1,43,0,p,m,gr,61,15,q
pname:p_inst:0_ptype:gr_usecol:q_pstyle:m_r:77_c:51_sp:15,none,factor,100.0,0.001,3000.0,p_inst:0,1.0,0.0,1,51,0,p,m,gr,77,15,q
pname:p_inst:0_ptype:gr_usecol:q_pstyle:m_r:59_c:49_sp:15,none,factor,100.0,0.001,3000.0,p_inst:0,1.0,0.0,1,49,0,p,m,gr,59,15,q
pname:p_inst:0_ptype:gr_usecol:q_pstyle:m_r:40_c:48_sp:15,none,factor,100.0,0.001,3000.0,p_inst:0,1.0,0.0,1,48,0,p,m,gr,40,15,q
pname:p_inst:0_ptype:gr_usecol:q_pstyle:m_r:81_c:57_sp:15,none,factor,100.0,0.001,3000.0,p_inst:0,1.0,0.0,1,57,0,p,m,gr,81,15,q
pname:p_inst:0_ptype:gr_usecol:q_pstyle:m_r:65_c:52_sp:16,none,factor,100.0,0.001,3000.0,p_inst:0,1.0,0.0,1,52,0,p,m,gr,65,16,q
pname:p_inst:0_ptype:gr_usecol:q_pstyle:m_r:32_c:48_sp:16,none,factor,100.0,0.001,3000.0,p_inst:0,1.0,0.0,1,48,0,p,m,gr,32,16,q
pname:p_inst:0_ptype:gr_usecol:q_pstyle:m_r:35_c:56_sp:16,none,factor,100.0,0.001,3000.0,p_inst:0,1.0,0.0,1,56,0,p,m,gr,35,16,q
pname:p_inst:0_ptype:gr_usecol:q_pstyle:m_r:40_c:36_sp:16,none,factor,100.0,0.001,3000.0,p_inst:0,1.0,0.0,1,36,0,p,m,gr,40,16,q
pname:p_inst:0_ptype:gr_usecol:q_pstyle:m_r:59_c:34_sp:16,none,factor,100.0,0.001,3000.0,p_inst:0,1.0,0.0,1,34,0,p,m,gr,59,16,q
pname:p_inst:0_ptype:gr_usecol:q_pstyle:m_r:46_c:47_sp:16,none,factor,100.0,0.001,3000.0,p_inst:0,1.0,0.0,1,47,0,p,m,gr,46,16,q
pname:p_inst:0_ptype:gr_usecol:q_pstyle:m_r:46_c:52_sp:16,none,factor,100.0,0.001,3000.0,p_inst:0,1.0,0.0,1,52,0,p,m,gr,46,16,q
pname:p_inst:0_ptype:gr_usecol:q_pstyle:m_r:38_c:31_sp:16,none,factor,100.0,0.001,3000.0,p_inst:0,1.0,0.0,1,31,0,p,m,gr,38,16,q
pname:p_inst:0_ptype:gr_usecol:q_pstyle:m_r:52_c:39_sp:16,none,factor,100.0,0.001,3000.0,p_inst:0,1.0,0.0,1,39,0,p,m,gr,52,16,q
pname:p_inst:0_ptype:gr_usecol:q_pstyle:m_r:37_c:61_sp:16,none,factor,100.0,0.001,3000.0,p_inst:0,1.0,0.0,1,61,0,p,m,gr,37,16,q
pname:p_inst:0_ptype:gr_usecol:q_pstyle:m_r:80_c:61_sp:16,none,factor,100.0,0.001,3000.0,p_inst:0,1.0,0.0,1,61,0,p,m,gr,80,16,q
pname:p_inst:0_ptype:gr_usecol:q_pstyle:m_r:76_c:60_sp:16,none,factor,100.0,0.001,3000.0,p_inst:0,1.0,0.0,1,60,0,p,m,gr,76,16,q
pname:p_inst:0_ptype:gr_usecol:q_pstyle:m_r:80_c:60_sp:16,none,factor,100.0,0.001,3000.0,p_inst:0,1.0,0.0,1,60,0,p,m,gr,80,16,q
pname:p_inst:0_ptype:gr_usecol:q_pstyle:m_r:65_c:59_sp:16,none,factor,100.0,0.001,3000.0,p_inst:0,1.0,0.0,1,59,0,p,m,gr,65,16,q
pname:p_inst:0_ptype:gr_usecol:q_pstyle:m_r:62_c:47_sp:16,none,factor,100.0,0.001,3000.0,p_inst:0,1.0,0.0,1,47,0,p,m,gr,62,16,q
pname:p_inst:0_ptype:gr_usecol:q_pstyle:m_r:61_c:43_sp:16,none,factor,100.0,0.001,3000.0,p_inst:0,1.0,0.0,1,43,0,p,m,gr,61,16,q
pname:p_inst:0_ptype:gr_usecol:q_pstyle:m_r:77_c:51_sp:16,none,factor,100.0,0.001,3000.0,p_inst:0,1.0,0.0,1,51,0,p,m,gr,77,16,q
pname:p_inst:0_ptype:gr_usecol:q_pstyle:m_r:59_c:49_sp:16,none,factor,100.0,0.001,3000.0,p_inst:0,1.0,0.0,1,49,0,p,m,gr,59,16,q
pname:p_inst:0_ptype:gr_usecol:q_pstyle:m_r:40_c:48_sp:16,none,factor,100.0,0.001,3000.0,p_inst:0,1.0,0.0,1,48,0,p,m,gr,40,16,q
pname:p_inst:0_ptype:gr_usecol:q_pstyle:m_r:81_c:57_sp:16,none,factor,100.0,0.001,3000.0,p_inst:0,1.0,0.0,1,57,0,p,m,gr,81,16,q
pname:p_inst:0_ptype:gr_usecol:q_pstyle:m_r:65_c:52_sp:17,none,factor,100.0,0.001,3000.0,p_inst:0,1.0,0.0,1,52,0,p,m,gr,65,17,q
pname:p_inst:0_ptype:gr_usecol:q_pstyle:m_r:32_c:48_sp:17,none,factor,100.0,0.001,3000.0,p_inst:0,1.0,0.0,1,48,0,p,m,gr,32,17,q
pname:p_inst:0_ptype:gr_usecol:q_pstyle:m_r:35_c:56_sp:17,none,factor,100.0,0.001,3000.0,p_inst:0,1.0,0.0,1,56,0,p,m,gr,35,17,q
pname:p_inst:0_ptype:gr_usecol:q_pstyle:m_r:40_c:36_sp:17,none,factor,100.0,0.001,3000.0,p_inst:0,1.0,0.0,1,36,0,p,m,gr,40,17,q
pname:p_inst:0_ptype:gr_usecol:q_pstyle:m_r:59_c:34_sp:17,none,factor,100.0,0.001,3000.0,p_inst:0,1.0,0.0,1,34,0,p,m,gr,59,17,q
pname:p_inst:0_ptype:gr_usecol:q_pstyle:m_r:46_c:47_sp:17,none,factor,100.0,0.001,3000.0,p_inst:0,1.0,0.0,1,47,0,p,m,gr,46,17,q
pname:p_inst:0_ptype:gr_usecol:q_pstyle:m_r:46_c:52_sp:17,none,factor,100.0,0.001,3000.0,p_inst:0,1.0,0.0,1,52,0,p,m,gr,46,17,q
pname:p_inst:0_ptype:gr_usecol:q_pstyle:m_r:38_c:31_sp:17,none,factor,100.0,0.001,3000.0,p_inst:0,1.0,0.0,1,31,0,p,m,gr,38,17,q
pname:p_inst:0_ptype:gr_usecol:q_pstyle:m_r:52_c:39_sp:17,none,factor,100.0,0.001,3000.0,p_inst:0,1.0,0.0,1,39,0,p,m,gr,52,17,q
pname:p_inst:0_ptype:gr_usecol:q_pstyle:m_r:37_c:61_sp:17,none,factor,100.0,0.001,3000.0,p_inst:0,1.0,0.0,1,61,0,p,m,gr,37,17,q
pname:p_inst:0_ptype:gr_usecol:q_pstyle:m_r:80_c:61_sp:17,none,factor,100.0,0.001,3000.0,p_inst:0,1.0,0.0,1,61,0,p,m,gr,80,17,q
pname:p_inst:0_ptype:gr_usecol:q_pstyle:m_r:76_c:60_sp:17,none,factor,100.0,0.001,3000.0,p_inst:0,1.0,0.0,1,60,0,p,m,gr,76,17,q
pname:p_inst:0_ptype:gr_usecol:q_pstyle:m_r:80_c:60_sp:17,none,factor,100.0,0.001,3000.0,p_inst:0,1.0,0.0,1,60,0,p,m,gr,80,17,q
pname:p_inst:0_ptype:gr_usecol:q_pstyle:m_r:65_c:59_sp:17,none,factor,100.0,0.001,3000.0,p_inst:0,1.0,0.0,1,59,0,p,m,gr,65,17,q
pname:p_inst:0_ptype:gr_usecol:q_pstyle:m_r:62_c:47_sp:17,none,factor,100.0,0.001,3000.0,p_inst:0,1.0,0.0,1,47,0,p,m,gr,62,17,q
pname:p_inst:0_ptype:gr_usecol:q_pstyle:m_r:61_c:43_sp:17,none,factor,100.0,0.001,3000.0,p_inst:0,1.0,0.0,1,43,0,p,m,gr,61,17,q
pname:p_inst:0_ptype:gr_usecol:q_pstyle:m_r:77_c:51_sp:17,none,factor,100.0,0.001,3000.0,p_inst:0,1.0,0.0,1,51,0,p,m,gr,77,17,q
pname:p_inst:0_ptype:gr_usecol:q_pstyle:m_r:59_c:49_sp:17,none,factor,100.0,0.001,3000.0,p_inst:0,1.0,0.0,1,49,0,p,m,gr,59,17,q
pname:p_inst:0_ptype:gr_usecol:q_pstyle:m_r:40_c:48_sp:17,none,factor,100.0,0.001,3000.0,p_inst:0,1.0,0.0,1,48,0,p,m,gr,40,17,q
pname:p_inst:0_ptype:gr_usecol:q_pstyle:m_r:81_c:57_sp:17,none,factor,100.0,0.001,3000.0,p_inst:0,1.0,0.0,1,57,0,p,m,gr,81,17,q
pname:p_inst:0_ptype:gr_usecol:q_pstyle:m_r:65_c:52_sp:18,none,factor,100.0,0.001,3000.0,p_inst:0,1.0,0.0,1,52,0,p,m,gr,65,18,q
pname:p_inst:0_ptype:gr_usecol:q_pstyle:m_r:32_c:48_sp:18,none,factor,100.0,0.001,3000.0,p_inst:0,1.0,0.0,1,48,0,p,m,gr,32,18,q
pname:p_inst:0_ptype:gr_usecol:q_pstyle:m_r:35_c:56_sp:18,none,factor,100.0,0.001,3000.0,p_inst:0,1.0,0.0,1,56,0,p,m,gr,35,18,q
pname:p_inst:0_ptype:gr_usecol:q_pstyle:m_r:40_c:36_sp:18,none,factor,100.0,0.001,3000.0,p_inst:0,1.0,0.0,1,36,0,p,m,gr,40,18,q
pname:p_inst:0_ptype:gr_usecol:q_pstyle:m_r:59_c:34_sp:18,none,factor,100.0,0.001,3000.0,p_inst:0,1.0,0.0,1,34,0,p,m,gr,59,18,q
pname:p_inst:0_ptype:gr_usecol:q_pstyle:m_r:46_c:47_sp:18,none,factor,100.0,0.001,3000.0,p_inst:0,1.0,0.0,1,47,0,p,m,gr,46,18,q
pname:p_inst:0_ptype:gr_usecol:q_pstyle:m_r:46_c:52_sp:18,none,factor,100.0,0.001,3000.0,p_inst:0,1.0,0.0,1,52,0,p,m,gr,46,18,q
pname:p_inst:0_ptype:gr_usecol:q_pstyle:m_r:38_c:31_sp:18,none,factor,100.0,0.001,3000.0,p_inst:0,1.0,0.0,1,31,0,p,m,gr,38,18,q
pname:p_inst:0_ptype:gr_usecol:q_pstyle:m_r:52_c:39_sp:18,none,factor,100.0,0.001,3000.0,p_inst:0,1.0,0.0,1,39,0,p,m,gr,52,18,q
pname:p_inst:0_ptype:gr_usecol:q_pstyle:m_r:37_c:61_sp:18,none,factor,100.0,0.001,3000.0,p_inst:0,1.0,0.0,1,61,0,p,m,gr,37,18,q
pname:p_inst:0_ptype:gr_usecol:q_pstyle:m_r:80_c:61_sp:18,none,factor,100.0,0.001,3000.0,p_inst:0,1.0,0.0,1,61,0,p,m,gr,80,18,q
pname:p_inst:0_ptype:gr_usecol:q_pstyle:m_r:76_c:60_sp:18,none,factor,100.0,0.001,3000.0,p_inst:0,1.0,0.0,1,60,0,p,m,gr,76,18,q
pname:p_inst:0_ptype:gr_usecol:q_pstyle:m_r:80_c:60_sp:18,none,factor,100.0,0.001,3000.0,p_inst:0,1.0,0.0,1,60,0,p,m,gr,80,18,q
pname:p_inst:0_ptype:gr_usecol:q_pstyle:m_r:65_c:59_sp:18,none,factor,100.0,0.001,3000.0,p_inst:0,1.0,0.0,1,59,0,p,m,gr,65,18,q
pname:p_inst:0_ptype:gr_usecol:q_pstyle:m_r:62_c:47_sp:18,none,factor,100.0,0.001,3000.0,p_inst:0,1.0,0.0,1,47,0,p,m,gr,62,18,q
pname:p_inst:0_ptype:gr_usecol:q_pstyle:m_r:61_c:43_sp:18,none,factor,100.0,0.001,3000.0,p_inst:0,1.0,0.0,1,43,0,p,m,gr,61,18,q
pname:p_inst:0_ptype:gr_usecol:q_pstyle:m_r:77_c:51_sp:18,none,factor,100.0,0.001,3000.0,p_inst:0,1.0,0.0,1,51,0,p,m,gr,77,18,q
pname:p_inst:0_ptype:gr_usecol:q_pstyle:m_r:59_c:49_sp:18,none,factor,100.0,0.001,3000.0,p_inst:0,1.0,0.0,1,49,0,p,m,gr,59,18,q
pname:p_inst:0_ptype:gr_usecol:q_pstyle:m_r:40_c:48_sp:18,none,factor,100.0,0.001,3000.0,p_inst:0,1.0,0.0,1,48,0,p,m,gr,40,18,q
pname:p_inst:0_ptype:gr_usecol:q_pstyle:m_r:81_c:57_sp:18,none,factor,100.0,0.001,3000.0,p_inst:0,1.0,0.0,1,57,0,p,m,gr,81,18,q
pname:p_inst:0_ptype:gr_usecol:q_pstyle:m_r:65_c:52_sp:19,none,factor,100.0,0.001,3000.0,p_inst:0,1.0,0.0,1,52,0,p,m,gr,65,19,q
pname:p_inst:0_ptype:gr_usecol:q_pstyle:m_r:32_c:48_sp:19,none,factor,100.0,0.001,3000.0,p_inst:0,1.0,0.0,1,48,0,p,m,gr,32,19,q
pname:p_inst:0_ptype:gr_usecol:q_pstyle:m_r:35_c:56_sp:19,none,factor,100.0,0.001,3000.0,p_inst:0,1.0,0.0,1,56,0,p,m,gr,35,19,q
pname:p_inst:0_ptype:gr_usecol:q_pstyle:m_r:40_c:36_sp:19,none,factor,100.0,0.001,3000.0,p_inst:0,1.0,0.0,1,36,0,p,m,gr,40,19,q
pname:p_inst:0_ptype:gr_usecol:q_pstyle:m_r:59_c:34_sp:19,none,factor,100.0,0.001,3000.0,p_inst:0,1.0,0.0,1,34,0,p,m,gr,59,19,q
pname:p_inst:0_ptype:gr_usecol:q_pstyle:m_r:46_c:47_sp:19,none,factor,100.0,0.001,3000.0,p_inst:0,1.0,0.0,1,47,0,p,m,gr,46,19,q
pname:p_inst:0_ptype:gr_usecol:q_pstyle:m_r:46_c:52_sp:19,none,factor,100.0,0.001,3000.0,p_inst:0,1.0,0.0,1,52,0,p,m,gr,46,19,q
pname:p_inst:0_ptype:gr_usecol:q_pstyle:m_r:38_c:31_sp:19,none,factor,100.0,0.001,3000.0,p_inst:0,1.0,0.0,1,31,0,p,m,gr,38,19,q
pname:p_inst:0_ptype:gr_usecol:q_pstyle:m_r:52_c:39_sp:19,none,factor,100.0,0.001,3000.0,p_inst:0,1.0,0.0,1,39,0,p,m,gr,52,19,q
pname:p_inst:0_ptype:gr_usecol:q_pstyle:m_r:37_c:61_sp:19,none,factor,100.0,0.001,3000.0,p_inst:0,1.0,0.0,1,61,0,p,m,gr,37,19,q
pname:p_inst:0_ptype:gr_usecol:q_pstyle:m_r:80_c:61_sp:19,none,factor,100.0,0.001,3000.0,p_inst:0,1.0,0.0,1,61,0,p,m,gr,80,19,q
pname:p_inst:0_ptype:gr_usecol:q_pstyle:m_r:76_c:60_sp:19,none,factor,100.0,0.001,3000.0,p_inst:0,1.0,0.0,1,60,0,p,m,gr,76,19,q
pname:p_inst:0_ptype:gr_usecol:q_pstyle:m_r:80_c:60_sp:19,none,factor,100.0,0.001,3000.0,p_inst:0,1.0,0.0,1,60,0,p,m,gr,80,19,q
pname:p_inst:0_ptype:gr_usecol:q_pstyle:m_r:65_c:59_sp:19,none,factor,100.0,0.001,3000.0,p_inst:0,1.0,0.0,1,59,0,p,m,gr,65,19,q
pname:p_inst:0_ptype:gr_usecol:q_pstyle:m_r:62_c:47_sp:19,none,factor,100.0,0.001,3000.0,p_inst:0,1.0,0.0,1,47,0,p,m,gr,62,19,q
pname:p_inst:0_ptype:gr_usecol:q_pstyle:m_r:61_c:43_sp:19,none,factor,100.0,0.001,3000.0,p_inst:0,1.0,0.0,1,43,0,p,m,gr,61,19,q
pname:p_inst:0_ptype:gr_usecol:q_pstyle:m_r:77_c:51_sp:19,none,factor,100.0,0.001,3000.0,p_inst:0,1.0,0.0,1,51,0,p,m,gr,77,19,q
pname:p_inst:0_ptype:gr_usecol:q_pstyle:m_r:59_c:49_sp:19,none,factor,100.0,0.001,3000.0,p_inst:0,1.0,0.0,1,49,0,p,m,gr,59,19,q
pname:p_inst:0_ptype:gr_usecol:q_pstyle:m_r:40_c:48_sp:19,none,factor,100.0,0.001,3000.0,p_inst:0,1.0,0.0,1,48,0,p,m,gr,40,19,q
pname:p_inst:0_ptype:gr_usecol:q_pstyle:m_r:81_c:57_sp:19,none,factor,100.0,0.001,3000.0,p_inst:0,1.0,0.0,1,57,0,p,m,gr,81,19,q
pname:p_inst:0_ptype:gr_usecol:q_pstyle:m_r:65_c:52_sp:20,none,factor,100.0,0.001,3000.0,p_inst:0,1.0,0.0,1,52,0,p,m,gr,65,20,q
pname:p_inst:0_ptype:gr_usecol:q_pstyle:m_r:32_c:48_sp:20,none,factor,100.0,0.001,3000.0,p_inst:0,1.0,0.0,1,48,0,p,m,gr,32,20,q
pname:p_inst:0_ptype:gr_usecol:q_pstyle:m_r:35_c:56_sp:20,none,factor,100.0,0.001,3000.0,p_inst:0,1.0,0.0,1,56,0,p,m,gr,35,20,q
pname:p_inst:0_ptype:gr_usecol:q_pstyle:m_r:40_c:36_sp:20,none,factor,100.0,0.001,3000.0,p_inst:0,1.0,0.0,1,36,0,p,m,gr,40,20,q
pname:p_inst:0_ptype:gr_usecol:q_pstyle:m_r:59_c:34_sp:20,none,factor,100.0,0.001,3000.0,p_inst:0,1.0,0.0,1,34,0,p,m,gr,59,20,q
pname:p_inst:0_ptype:gr_usecol:q_pstyle:m_r:46_c:47_sp:20,none,factor,100.0,0.001,3000.0,p_inst:0,1.0,0.0,1,47,0,p,m,gr,46,20,q
pname:p_inst:0_ptype:gr_usecol:q_pstyle:m_r:46_c:52_sp:20,none,factor,100.0,0.001,3000.0,p_inst:0,1.0,0.0,1,52,0,p,m,gr,46,20,q
pname:p_inst:0_ptype:gr_usecol:q_pstyle:m_r:38_c:31_sp:20,none,factor,100.0,0.001,3000.0,p_inst:0,1.0,0.0,1,31,0,p,m,gr,38,20,q
pname:p_inst:0_ptype:gr_usecol:q_pstyle:m_r:52_c:39_sp:20,none,factor,100.0,0.001,3000.0,p_inst:0,1.0,0.0,1,39,0,p,m,gr,52,20,q
pname:p_inst:0_ptype:gr_usecol:q_pstyle:m_r:37_c:61_sp:20,none,factor,100.0,0.001,3000.0,p_inst:0,1.0,0.0,1,61,0,p,m,gr,37,20,q
pname:p_inst:0_ptype:gr_usecol:q_pstyle:m_r:80_c:61_sp:20,none,factor,100.0,0.001,3000.0,p_inst:0,1.0,0.0,1,61,0,p,m,gr,80,20,q
pname:p_inst:0_ptype:gr_usecol:q_pstyle:m_r:76_c:60_sp:20,none,factor,100.0,0.001,3000.0,p_inst:0,1.0,0.0,1,60,0,p,m,gr,76,20,q
pname:p_inst:0_ptype:gr_usecol:q_pstyle:m_r:80_c:60_sp:20,none,factor,100.0,0.001,3000.0,p_inst:0,1.0,0.0,1,60,0,p,m,gr,80,20,q
pname:p_inst:0_ptype:gr_usecol:q_pstyle:m_r:65_c:59_sp:20,none,factor,100.0,0.001,3000.0,p_inst:0,1.0,0.0,1,59,0,p,m,gr,65,20,q
pname:p_inst:0_ptype:gr_usecol:q_pstyle:m_r:62_c:47_sp:20,none,factor,100.0,0.001,3000.0,p_inst:0,1.0,0.0,1,47,0,p,m,gr,62,20,q
pname:p_inst:0_ptype:gr_usecol:q_pstyle:m_r:61_c:43_sp:20,none,factor,100.0,0.001,3000.0,p_inst:0,1.0,0.0,1,43,0,p,m,gr,61,20,q
pname:p_inst:0_ptype:gr_usecol:q_pstyle:m_r:77_c:51_sp:20,none,factor,100.0,0.001,3000.0,p_inst:0,1.0,0.0,1,51,0,p,m,gr,77,20,q
pname:p_inst:0_ptype:gr_usecol:q_pstyle:m_r:59_c:49_sp:20,none,factor,100.0,0.001,3000.0,p_inst:0,1.0,0.0,1,49,0,p,m,gr,59,20,q
pname:p_inst:0_ptype:gr_usecol:q_pstyle:m_r:40_c:48_sp:20,none,factor,100.0,0.001,3000.0,p_inst:0,1.0,0.0,1,48,0,p,m,gr,40,20,q
pname:p_inst:0_ptype:gr_usecol:q_pstyle:m_r:81_c:57_sp:20,none,factor,100.0,0.001,3000.0,p_inst:0,1.0,0.0,1,57,0,p,m,gr,81,20,q
pname:p_inst:0_ptype:gr_usecol:q_pstyle:m_r:65_c:52_sp:21,none,factor,100.0,0.001,3000.0,p_inst:0,1.0,0.0,1,52,0,p,m,gr,65,21,q
pname:p_inst:0_ptype:gr_usecol:q_pstyle:m_r:32_c:48_sp:21,none,factor,100.0,0.001,3000.0,p_inst:0,1.0,0.0,1,48,0,p,m,gr,32,21,q
pname:p_inst:0_ptype:gr_usecol:q_pstyle:m_r:35_c:56_sp:21,none,factor,100.0,0.001,3000.0,p_inst:0,1.0,0.0,1,56,0,p,m,gr,35,21,q
pname:p_inst:0_ptype:gr_usecol:q_pstyle:m_r:40_c:36_sp:21,none,factor,100.0,0.001,3000.0,p_inst:0,1.0,0.0,1,36,0,p,m,gr,40,21,q
pname:p_inst:0_ptype:gr_usecol:q_pstyle:m_r:59_c:34_sp:21,none,factor,100.0,0.001,3000.0,p_inst:0,1.0,0.0,1,34,0,p,m,gr,59,21,q
pname:p_inst:0_ptype:gr_usecol:q_pstyle:m_r:46_c:47_sp:21,none,factor,100.0,0.001,3000.0,p_inst:0,1.0,0.0,1,47,0,p,m,gr,46,21,q
pname:p_inst:0_ptype:gr_usecol:q_pstyle:m_r:46_c:52_sp:21,none,factor,100.0,0.001,3000.0,p_inst:0,1.0,0.0,1,52,0,p,m,gr,46,21,q
pname:p_inst:0_ptype:gr_usecol:q_pstyle:m_r:38_c:31_sp:21,none,factor,100.0,0.001,3000.0,p_inst:0,1.0,0.0,1,31,0,p,m,gr,38,21,q
pname:p_inst:0_ptype:gr_usecol:q_pstyle:m_r:52_c:39_sp:21,none,factor,100.0,0.001,3000.0,p_inst:0,1.0,0.0,1,39,0,p,m,gr,52,21,q
pname:p_inst:0_ptype:gr_usecol:q_pstyle:m_r:37_c:61_sp:21,none,factor,100.0,0.001,3000.0,p_inst:0,1.0,0.0,1,61,0,p,m,gr,37,21,q
pname:p_inst:0_ptype:gr_usecol:q_pstyle:m_r:80_c:61_sp:21,none,factor,100.0,0.001,3000.0,p_inst:0,1.0,0.0,1,61,0,p,m,gr,80,21,q
pname:p_inst:0_ptype:gr_usecol:q_pstyle:m_r:76_c:60_sp:21,none,factor,100.0,0.001,3000.0,p_inst:0,1.0,0.0,1,60,0,p,m,gr,76,21,q
pname:p_inst:0_ptype:gr_usecol:q_pstyle:m_r:80_c:60_sp:21,none,factor,100.0,0.001,3000.0,p_inst:0,1.0,0.0,1,60,0,p,m,gr,80,21,q
pname:p_inst:0_ptype:gr_usecol:q_pstyle:m_r:65_c:59_sp:21,none,factor,100.0,0.001,3000.0,p_inst:0,1.0,0.0,1,59,0,p,m,gr,65,21,q
pname:p_inst:0_ptype:gr_usecol:q_pstyle:m_r:62_c:47_sp:21,none,factor,100.0,0.001,3000.0,p_inst:0,1.0,0.0,1,47,0,p,m,gr,62,21,q
pname:p_inst:0_ptype:gr_usecol:q_pstyle:m_r:61_c:43_sp:21,none,factor,100.0,0.001,3000.0,p_inst:0,1.0,0.0,1,43,0,p,m,gr,61,21,q
pname:p_inst:0_ptype:gr_usecol:q_pstyle:m_r:77_c:51_sp:21,none,factor,100.0,0.001,3000.0,p_inst:0,1.0,0.0,1,51,0,p,m,gr,77,21,q
pname:p_inst:0_ptype:gr_usecol:q_pstyle:m_r:59_c:49_sp:21,none,factor,100.0,0.001,3000.0,p_inst:0,1.0,0.0,1,49,0,p,m,gr,59,21,q
pname:p_inst:0_ptype:gr_usecol:q_pstyle:m_r:40_c:48_sp:21,none,factor,100.0,0.001,3000.0,p_inst:0,1.0,0.0,1,48,0,p,m,gr,40,21,q
pname:p_inst:0_ptype:gr_usecol:q_pstyle:m_r:81_c:57_sp:21,none,factor,100.0,0.001,3000.0,p_inst:0,1.0,0.0,1,57,0,p,m,gr,81,21,q
pname:p_inst:0_ptype:gr_usecol:q_pstyle:m_r:65_c:52_sp:22,none,factor,100.0,0.001,3000.0,p_inst:0,1.0,0.0,1,52,0,p,m,gr,65,22,q
pname:p_inst:0_ptype:gr_usecol:q_pstyle:m_r:32_c:48_sp:22,none,factor,100.0,0.001,3000.0,p_inst:0,1.0,0.0,1,48,0,p,m,gr,32,22,q
pname:p_inst:0_ptype:gr_usecol:q_pstyle:m_r:35_c:56_sp:22,none,factor,100.0,0.001,3000.0,p_inst:0,1.0,0.0,1,56,0,p,m,gr,35,22,q
pname:p_inst:0_ptype:gr_usecol:q_pstyle:m_r:40_c:36_sp:22,none,factor,100.0,0.001,3000.0,p_inst:0,1.0,0.0,1,36,0,p,m,gr,40,22,q
pname:p_inst:0_ptype:gr_usecol:q_pstyle:m_r:59_c:34_sp:22,none,factor,100.0,0.001,3000.0,p_inst:0,1.0,0.0,1,34,0,p,m,gr,59,22,q
pname:p_inst:0_ptype:gr_usecol:q_pstyle:m_r:46_c:47_sp:22,none,factor,100.0,0.001,3000.0,p_inst:0,1.0,0.0,1,47,0,p,m,gr,46,22,q
pname:p_inst:0_ptype:gr_usecol:q_pstyle:m_r:46_c:52_sp:22,none,factor,100.0,0.001,3000.0,p_inst:0,1.0,0.0,1,52,0,p,m,gr,46,22,q
pname:p_inst:0_ptype:gr_usecol:q_pstyle:m_r:38_c:31_sp:22,none,factor,100.0,0.001,3000.0,p_inst:0,1.0,0.0,1,31,0,p,m,gr,38,22,q
pname:p_inst:0_ptype:gr_usecol:q_pstyle:m_r:52_c:39_sp:22,none,factor,100.0,0.001,3000.0,p_inst:0,1.0,0.0,1,39,0,p,m,gr,52,22,q
pname:p_inst:0_ptype:gr_usecol:q_pstyle:m_r:37_c:61_sp:22,none,factor,100.0,0.001,3000.0,p_inst:0,1.0,0.0,1,61,0,p,m,gr,37,22,q
pname:p_inst:0_ptype:gr_usecol:q_pstyle:m_r:80_c:61_sp:22,none,factor,100.0,0.001,3000.0,p_inst:0,1.0,0.0,1,61,0,p,m,gr,80,22,q
pname:p_inst:0_ptype:gr_usecol:q_pstyle:m_r:76_c:60_sp:22,none,factor,100.0,0.001,3000.0,p_inst:0,1.0,0.0,1,60,0,p,m,gr,76,22,q
pname:p_inst:0_ptype:gr_usecol:q_pstyle:m_r:80_c:60_sp:22,none,factor,100.0,0.001,3000.0,p_inst:0,1.0,0.0,1,60,0,p,m,gr,80,22,q
pname:p_inst:0_ptype:gr_usecol:q_pstyle:m_r:65_c:59_sp:22,none,factor,100.0,0.001,3000.0,p_inst:0,1.0,0.0,1,59,0,p,m,gr,65,22,q
pname:p_inst:0_ptype:gr_usecol:q_pstyle:m_r:62_c:47_sp:22,none,factor,100.0,0.001,3000.0,p_inst:0,1.0,0.0,1,47,0,p,m,gr,62,22,q
pname:p_inst:0_ptype:gr_usecol:q_pstyle:m_r:61_c:43_sp:22,none,factor,100.0,0.001,3000.0,p_inst:0,1.0,0.0,1,43,0,p,m,gr,61,22,q
pname:p_inst:0_ptype:gr_usecol:q_pstyle:m_r:77_c:51_sp:22,none,factor,100.0,0.001,3000.0,p_inst:0,1.0,0.0,1,51,0,p,m,gr,77,22,q
pname:p_inst:0_ptype:gr_usecol:q_pstyle:m_r:59_c:49_sp:22,none,factor,100.0,0.001,3000.0,p_inst:0,1.0,0.0,1,49,0,p,m,gr,59,22,q
pname:p_inst:0_ptype:gr_usecol:q_pstyle:m_r:40_c:48_sp:22,none,factor,100.0,0.001,3000.0,p_inst:0,1.0,0.0,1,48,0,p,m,gr,40,22,q
pname:p_inst:0_ptype:gr_usecol:q_pstyle:m_r:81_c:57_sp:22,none,factor,100.0,0.001,3000.0,p_inst:0,1.0,0.0,1,57,0,p,m,gr,81,22,q
pname:p_inst:0_ptype:gr_usecol:q_pstyle:m_r:65_c:52_sp:23,none,factor,100.0,0.001,3000.0,p_inst:0,1.0,0.0,1,52,0,p,m,gr,65,23,q
pname:p_inst:0_ptype:gr_usecol:q_pstyle:m_r:32_c:48_sp:23,none,factor,100.0,0.001,3000.0,p_inst:0,1.0,0.0,1,48,0,p,m,gr,32,23,q
pname:p_inst:0_ptype:gr_usecol:q_pstyle:m_r:35_c:56_sp:23,none,factor,100.0,0.001,3000.0,p_inst:0,1.0,0.0,1,56,0,p,m,gr,35,23,q
pname:p_inst:0_ptype:gr_usecol:q_pstyle:m_r:40_c:36_sp:23,none,factor,100.0,0.001,3000.0,p_inst:0,1.0,0.0,1,36,0,p,m,gr,40,23,q
pname:p_inst:0_ptype:gr_usecol:q_pstyle:m_r:59_c:34_sp:23,none,factor,100.0,0.001,3000.0,p_inst:0,1.0,0.0,1,34,0,p,m,gr,59,23,q
pname:p_inst:0_ptype:gr_usecol:q_pstyle:m_r:46_c:47_sp:23,none,factor,100.0,0.001,3000.0,p_inst:0,1.0,0.0,1,47,0,p,m,gr,46,23,q
pname:p_inst:0_ptype:gr_usecol:q_pstyle:m_r:46_c:52_sp:23,none,factor,100.0,0.001,3000.0,p_inst:0,1.0,0.0,1,52,0,p,m,gr,46,23,q
pname:p_inst:0_ptype:gr_usecol:q_pstyle:m_r:38_c:31_sp:23,none,factor,100.0,0.001,3000.0,p_inst:0,1.0,0.0,1,31,0,p,m,gr,38,23,q
pname:p_inst:0_ptype:gr_usecol:q_pstyle:m_r:52_c:39_sp:23,none,factor,100.0,0.001,3000.0,p_inst:0,1.0,0.0,1,39,0,p,m,gr,52,23,q
pname:p_inst:0_ptype:gr_usecol:q_pstyle:m_r:37_c:61_sp:23,none,factor,100.0,0.001,3000.0,p_inst:0,1.0,0.0,1,61,0,p,m,gr,37,23,q
pname:p_inst:0_ptype:gr_usecol:q_pstyle:m_r:80_c:61_sp:23,none,factor,100.0,0.001,3000.0,p_inst:0,1.0,0.0,1,61,0,p,m,gr,80,23,q
pname:p_inst:0_ptype:gr_usecol:q_pstyle:m_r:76_c:60_sp:23,none,factor,100.0,0.001,3000.0,p_inst:0,1.0,0.0,1,60,0,p,m,gr,76,23,q
pname:p_inst:0_ptype:gr_usecol:q_pstyle:m_r:80_c:60_sp:23,none,factor,100.0,0.001,3000.0,p_inst:0,1.0,0.0,1,60,0,p,m,gr,80,23,q
pname:p_inst:0_ptype:gr_usecol:q_pstyle:m_r:65_c:59_sp:23,none,factor,100.0,0.001,3000.0,p_inst:0,1.0,0.0,1,59,0,p,m,gr,65,23,q
pname:p_inst:0_ptype:gr_usecol:q_pstyle:m_r:62_c:47_sp:23,none,factor,100.0,0.001,3000.0,p_inst:0,1.0,0.0,1,47,0,p,m,gr,62,23,q
pname:p_inst:0_ptype:gr_usecol:q_pstyle:m_r:61_c:43_sp:23,none,factor,100.0,0.001,3000.0,p_inst:0,1.0,0.0,1,43,0,p,m,gr,61,23,q
pname:p_inst:0_ptype:gr_usecol:q_pstyle:m_r:77_c:51_sp:23,none,factor,100.0,0.001,3000.0,p_inst:0,1.0,0.0,1,51,0,p,m,gr,77,23,q
pname:p_inst:0_ptype:gr_usecol:q_pstyle:m_r:59_c:49_sp:23,none,factor,100.0,0.001,3000.0,p_inst:0,1.0,0.0,1,49,0,p,m,gr,59,23,q
pname:p_inst:0_ptype:gr_usecol:q_pstyle:m_r:40_c:48_sp:23,none,factor,100.0,0.001,3000.0,p_inst:0,1.0,0.0,1,48,0,p,m,gr,40,23,q
pname:p_inst:0_ptype:gr_usecol:q_pstyle:m_r:81_c:57_sp:23,none,factor,100.0,0.001,3000.0,p_inst:0,1.0,0.0,1,57,0,p,m,gr,81,23,q
pname:p_inst:0_ptype:gr_usecol:q_pstyle:m_r:65_c:52_sp:24,none,factor,100.0,0.001,3000.0,p_inst:0,1.0,0.0,1,52,0,p,m,gr,65,24,q
pname:p_inst:0_ptype:gr_usecol:q_pstyle:m_r:32_c:48_sp:24,none,factor,100.0,0.001,3000.0,p_inst:0,1.0,0.0,1,48,0,p,m,gr,32,24,q
pname:p_inst:0_ptype:gr_usecol:q_pstyle:m_r:35_c:56_sp:24,none,factor,100.0,0.001,3000.0,p_inst:0,1.0,0.0,1,56,0,p,m,gr,35,24,q
pname:p_inst:0_ptype:gr_usecol:q_pstyle:m_r:40_c:36_sp:24,none,factor,100.0,0.001,3000.0,p_inst:0,1.0,0.0,1,36,0,p,m,gr,40,24,q
pname:p_inst:0_ptype:gr_usecol:q_pstyle:m_r:59_c:34_sp:24,none,factor,100.0,0.001,3000.0,p_inst:0,1.0,0.0,1,34,0,p,m,gr,59,24,q
pname:p_inst:0_ptype:gr_usecol:q_pstyle:m_r:46_c:47_sp:24,none,factor,100.0,0.001,3000.0,p_inst:0,1.0,0.0,1,47,0,p,m,gr,46,24,q
pname:p_inst:0_ptype:gr_usecol:q_pstyle:m_r:46_c:52_sp:24,none,factor,100.0,0.001,3000.0,p_inst:0,1.0,0.0,1,52,0,p,m,gr,46,24,q
pname:p_inst:0_ptype:gr_usecol:q_pstyle:m_r:38_c:31_sp:24,none,factor,100.0,0.001,3000.0,p_inst:0,1.0,0.0,1,31,0,p,m,gr,38,24,q
pname:p_inst:0_ptype:gr_usecol:q_pstyle:m_r:52_c:39_sp:24,none,factor,100.0,0.001,3000.0,p_inst:0,1.0,0.0,1,39,0,p,m,gr,52,24,q
pname:p_inst:0_ptype:gr_usecol:q_pstyle:m_r:37_c:61_sp:24,none,factor,100.0,0.001,3000.0,p_inst:0,1.0,0.0,1,61,0,p,m,gr,37,24,q
pname:p_inst:0_ptype:gr_usecol:q_pstyle:m_r:80_c:61_sp:24,none,factor,100.0,0.001,3000.0,p_inst:0,1.0,0.0,1,61,0,p,m,gr,80,24,q
pname:p_inst:0_ptype:gr_usecol:q_pstyle:m_r:76_c:60_sp:24,none,factor,100.0,0.001,3000.0,p_inst:0,1.0,0.0,1,60,0,p,m,gr,76,24,q
pname:p_inst:0_ptype:gr_usecol:q_pstyle:m_r:80_c:60_sp:24,none,factor,100.0,0.001,3000.0,p_inst:0,1.0,0.0,1,60,0,p,m,gr,80,24,q
pname:p_inst:0_ptype:gr_usecol:q_pstyle:m_r:65_c:59_sp:24,none,factor,100.0,0.001,3000.0,p_inst:0,1.0,0.0,1,59,0,p,m,gr,65,24,q
pname:p_inst:0_ptype:gr_usecol:q_pstyle:m_r:62_c:47_sp:24,none,factor,100.0,0.001,3000.0,p_inst:0,1.0,0.0,1,47,0,p,m,gr,62,24,q
pname:p_inst:0_ptype:gr_usecol:q_pstyle:m_r:61_c:43_sp:24,none,factor,100.0,0.001,3000.0,p_inst:0,1.0,0.0,1,43,0,p,m,gr,61,24,q
pname:p_inst:0_ptype:gr_usecol:q_pstyle:m_r:77_c:51_sp:24,none,factor,100.0,0.001,3000.0,p_inst:0,1.0,0.0,1,51,0,p,m,gr,77,24,q
pname:p_inst:0_ptype:gr_usecol:q_pstyle:m_r:59_c:49_sp:24,none,factor,100.0,0.001,3000.0,p_inst:0,1.0,0.0,1,49,0,p,m,gr,59,24,q
pname:p_inst:0_ptype:gr_usecol:q_pstyle:m_r:40_c:48_sp:24,none,factor,100.0,0.001,3000.0,p_inst:0,1.0,0.0,1,48,0,p,m,gr,40,24,q
pname:p_inst:0_ptype:gr_usecol:q_pstyle:m_r:81_c:57_sp:24,none,factor,100.0,0.001,3000.0,p_inst:0,1.0,0.0,1,57,0,p,m,gr,81,24,q
pname:p_inst:0_ptype:gr_usecol:q_pstyle:m_r:65_c:52_sp:25,none,factor,100.0,0.001,3000.0,p_inst:0,1.0,0.0,1,52,0,p,m,gr,65,25,q
pname:p_inst:0_ptype:gr_usecol:q_pstyle:m_r:32_c:48_sp:25,none,factor,100.0,0.001,3000.0,p_inst:0,1.0,0.0,1,48,0,p,m,gr,32,25,q
pname:p_inst:0_ptype:gr_usecol:q_pstyle:m_r:35_c:56_sp:25,none,factor,100.0,0.001,3000.0,p_inst:0,1.0,0.0,1,56,0,p,m,gr,35,25,q
pname:p_inst:0_ptype:gr_usecol:q_pstyle:m_r:40_c:36_sp:25,none,factor,100.0,0.001,3000.0,p_inst:0,1.0,0.0,1,36,0,p,m,gr,40,25,q
pname:p_inst:0_ptype:gr_usecol:q_pstyle:m_r:59_c:34_sp:25,none,factor,100.0,0.001,3000.0,p_inst:0,1.0,0.0,1,34,0,p,m,gr,59,25,q
pname:p_inst:0_ptype:gr_usecol:q_pstyle:m_r:46_c:47_sp:25,none,factor,100.0,0.001,3000.0,p_inst:0,1.0,0.0,1,47,0,p,m,gr,46,25,q
pname:p_inst:0_ptype:gr_usecol:q_pstyle:m_r:46_c:52_sp:25,none,factor,100.0,0.001,3000.0,p_inst:0,1.0,0.0,1,52,0,p,m,gr,46,25,q
pname:p_inst:0_ptype:gr_usecol:q_pstyle:m_r:38_c:31_sp:25,none,factor,100.0,0.001,3000.0,p_inst:0,1.0,0.0,1,31,0,p,m,gr,38,25,q
pname:p_inst:0_ptype:gr_usecol:q_pstyle:m_r:52_c:39_sp:25,none,factor,100.0,0.001,3000.0,p_inst:0,1.0,0.0,1,39,0,p,m,gr,52,25,q
pname:p_inst:0_ptype:gr_usecol:q_pstyle:m_r:37_c:61_sp:25,none,factor,100.0,0.001,3000.0,p_inst:0,1.0,0.0,1,61,0,p,m,gr,37,25,q
pname:p_inst:0_ptype:gr_usecol:q_pstyle:m_r:80_c:61_sp:25,none,factor,100.0,0.001,3000.0,p_inst:0,1.0,0.0,1,61,0,p,m,gr,80,25,q
pname:p_inst:0_ptype:gr_usecol:q_pstyle:m_r:76_c:60_sp:25,none,factor,100.0,0.001,3000.0,p_inst:0,1.0,0.0,1,60,0,p,m,gr,76,25,q
pname:p_inst:0_ptype:gr_usecol:q_pstyle:m_r:80_c:60_sp:25,none,factor,100.0,0.001,3000.0,p_inst:0,1.0,0.0,1,60,0,p,m,gr,80,25,q
pname:p_inst:0_ptype:gr_usecol:q_pstyle:m_r:65_c:59_sp:25,none,factor,100.0,0.001,3000.0,p_inst:0,1.0,0.0,1,59,0,p,m,gr,65,25,q
pname:p_inst:0_ptype:gr_usecol:q_pstyle:m_r:62_c:47_sp:25,none,factor,100.0,0.001,3000.0,p_inst:0,1.0,0.0,1,47,0,p,m,gr,62,25,q
pname:p_inst:0_ptype:gr_usecol:q_pstyle:m_r:61_c:43_sp:25,none,factor,100.0,0.001,3000.0,p_inst:0,1.0,0.0,1,43,0,p,m,gr,61,25,q
pname:p_inst:0_ptype:gr_usecol:q_pstyle:m_r:77_c:51_sp:25,none,factor,100.0,0.001,3000.0,p_inst:0,1.0,0.0,1,51,0,p,m,gr,77,25,q
pname:p_inst:0_ptype:gr_usecol:q_pstyle:m_r:59_c:49_sp:25,none,factor,100.0,0.001,3000.0,p_inst:0,1.0,0.0,1,49,0,p,m,gr,59,25,q
pname:p_inst:0_ptype:gr_usecol:q_pstyle:m_r:40_c:48_sp:25,none,factor,100.0,0.001,3000.0,p_inst:0,1.0,0.0,1,48,0,p,m,gr,40,25,q
pname:p_inst:0_ptype:gr_usecol:q_pstyle:m_r:81_c:57_sp:25,none,factor,100.0,0.001,3000.0,p_inst:0,1.0,0.0,1,57,0,p,m,gr,81,25,q
pname:p_inst:0_ptype:gr_usecol:q_pstyle:m_r:65_c:52_sp:26,none,factor,100.0,0.001,3000.0,p_inst:0,1.0,0.0,1,52,0,p,m,gr,65,26,q
pname:p_inst:0_ptype:gr_usecol:q_pstyle:m_r:32_c:48_sp:26,none,factor,100.0,0.001,3000.0,p_inst:0,1.0,0.0,1,48,0,p,m,gr,32,26,q
pname:p_inst:0_ptype:gr_usecol:q_pstyle:m_r:35_c:56_sp:26,none,factor,100.0,0.001,3000.0,p_inst:0,1.0,0.0,1,56,0,p,m,gr,35,26,q
pname:p_inst:0_ptype:gr_usecol:q_pstyle:m_r:40_c:36_sp:26,none,factor,100.0,0.001,3000.0,p_inst:0,1.0,0.0,1,36,0,p,m,gr,40,26,q
pname:p_inst:0_ptype:gr_usecol:q_pstyle:m_r:59_c:34_sp:26,none,factor,100.0,0.001,3000.0,p_inst:0,1.0,0.0,1,34,0,p,m,gr,59,26,q
pname:p_inst:0_ptype:gr_usecol:q_pstyle:m_r:46_c:47_sp:26,none,factor,100.0,0.001,3000.0,p_inst:0,1.0,0.0,1,47,0,p,m,gr,46,26,q
pname:p_inst:0_ptype:gr_usecol:q_pstyle:m_r:46_c:52_sp:26,none,factor,100.0,0.001,3000.0,p_inst:0,1.0,0.0,1,52,0,p,m,gr,46,26,q
pname:p_inst:0_ptype:gr_usecol:q_pstyle:m_r:38_c:31_sp:26,none,factor,100.0,0.001,3000.0,p_inst:0,1.0,0.0,1,31,0,p,m,gr,38,26,q
pname:p_inst:0_ptype:gr_usecol:q_pstyle:m_r:52_c:39_sp:26,none,factor,100.0,0.001,3000.0,p_inst:0,1.0,0.0,1,39,0,p,m,gr,52,26,q
pname:p_inst:0_ptype:gr_usecol:q_pstyle:m_r:37_c:61_sp:26,none,factor,100.0,0.001,3000.0,p_inst:0,1.0,0.0,1,61,0,p,m,gr,37,26,q
pname:p_inst:0_ptype:gr_usecol:q_pstyle:m_r:80_c:61_sp:26,none,factor,100.0,0.001,3000.0,p_inst:0,1.0,0.0,1,61,0,p,m,gr,80,26,q
pname:p_inst:0_ptype:gr_usecol:q_pstyle:m_r:76_c:60_sp:26,none,factor,100.0,0.001,3000.0,p_inst:0,1.0,0.0,1,60,0,p,m,gr,76,26,q
pname:p_inst:0_ptype:gr_usecol:q_pstyle:m_r:80_c:60_sp:26,none,factor,100.0,0.001,3000.0,p_inst:0,1.0,0.0,1,60,0,p,m,gr,80,26,q
pname:p_inst:0_ptype:gr_usecol:q_pstyle:m_r:65_c:59_sp:26,none,factor,100.0,0.001,3000.0,p_inst:0,1.0,0.0,1,59,0,p,m,gr,65,26,q
pname:p_inst:0_ptype:gr_usecol:q_pstyle:m_r:62_c:47_sp:26,none,factor,100.0,0.001,3000.0,p_inst:0,1.0,0.0,1,47,0,p,m,gr,62,26,q
pname:p_inst:0_ptype:gr_usecol:q_pstyle:m_r:61_c:43_sp:26,none,factor,100.0,0.001,3000.0,p_inst:0,1.0,0.0,1,43,0,p,m,gr,61,26,q
pname:p_inst:0_ptype:gr_usecol:q_pstyle:m_r:77_c:51_sp:26,none,factor,100.0,0.001,3000.0,p_inst:0,1.0,0.0,1,51,0,p,m,gr,77,26,q
pname:p_inst:0_ptype:gr_usecol:q_pstyle:m_r:59_c:49_sp:26,none,factor,100.0,0.001,3000.0,p_inst:0,1.0,0.0,1,49,0,p,m,gr,59,26,q
pname:p_inst:0_ptype:gr_usecol:q_pstyle:m_r:40_c:48_sp:26,none,factor,100.0,0.001,3000.0,p_inst:0,1.0,0.0,1,48,0,p,m,gr,40,26,q
pname:p_inst:0_ptype:gr_usecol:q_pstyle:m_r:81_c:57_sp:26,none,factor,100.0,0.001,3000.0,p_inst:0,1.0,0.0,1,57,0,p,m,gr,81,26,q
pname:p_inst:0_ptype:gr_usecol:q_pstyle:m_r:65_c:52_sp:27,none,factor,100.0,0.001,3000.0,p_inst:0,1.0,0.0,1,52,0,p,m,gr,65,27,q
pname:p_inst:0_ptype:gr_usecol:q_pstyle:m_r:32_c:48_sp:27,none,factor,100.0,0.001,3000.0,p_inst:0,1.0,0.0,1,48,0,p,m,gr,32,27,q
pname:p_inst:0_ptype:gr_usecol:q_pstyle:m_r:35_c:56_sp:27,none,factor,100.0,0.001,3000.0,p_inst:0,1.0,0.0,1,56,0,p,m,gr,35,27,q
pname:p_inst:0_ptype:gr_usecol:q_pstyle:m_r:40_c:36_sp:27,none,factor,100.0,0.001,3000.0,p_inst:0,1.0,0.0,1,36,0,p,m,gr,40,27,q
pname:p_inst:0_ptype:gr_usecol:q_pstyle:m_r:59_c:34_sp:27,none,factor,100.0,0.001,3000.0,p_inst:0,1.0,0.0,1,34,0,p,m,gr,59,27,q
pname:p_inst:0_ptype:gr_usecol:q_pstyle:m_r:46_c:47_sp:27,none,factor,100.0,0.001,3000.0,p_inst:0,1.0,0.0,1,47,0,p,m,gr,46,27,q
pname:p_inst:0_ptype:gr_usecol:q_pstyle:m_r:46_c:52_sp:27,none,factor,100.0,0.001,3000.0,p_inst:0,1.0,0.0,1,52,0,p,m,gr,46,27,q
pname:p_inst:0_ptype:gr_usecol:q_pstyle:m_r:38_c:31_sp:27,none,factor,100.0,0.001,3000.0,p_inst:0,1.0,0.0,1,31,0,p,m,gr,38,27,q
pname:p_inst:0_ptype:gr_usecol:q_pstyle:m_r:52_c:39_sp:27,none,factor,100.0,0.001,3000.0,p_inst:0,1.0,0.0,1,39,0,p,m,gr,52,27,q
pname:p_inst:0_ptype:gr_usecol:q_pstyle:m_r:37_c:61_sp:27,none,factor,100.0,0.001,3000.0,p_inst:0,1.0,0.0,1,61,0,p,m,gr,37,27,q
pname:p_inst:0_ptype:gr_usecol:q_pstyle:m_r:80_c:61_sp:27,none,factor,100.0,0.001,3000.0,p_inst:0,1.0,0.0,1,61,0,p,m,gr,80,27,q
pname:p_inst:0_ptype:gr_usecol:q_pstyle:m_r:76_c:60_sp:27,none,factor,100.0,0.001,3000.0,p_inst:0,1.0,0.0,1,60,0,p,m,gr,76,27,q
pname:p_inst:0_ptype:gr_usecol:q_pstyle:m_r:80_c:60_sp:27,none,factor,100.0,0.001,3000.0,p_inst:0,1.0,0.0,1,60,0,p,m,gr,80,27,q
pname:p_inst:0_ptype:gr_usecol:q_pstyle:m_r:65_c:59_sp:27,none,factor,100.0,0.001,3000.0,p_inst:0,1.0,0.0,1,59,0,p,m,gr,65,27,q
pname:p_inst:0_ptype:gr_usecol:q_pstyle:m_r:62_c:47_sp:27,none,factor,100.0,0.001,3000.0,p_inst:0,1.0,0.0,1,47,0,p,m,gr,62,27,q
pname:p_inst:0_ptype:gr_usecol:q_pstyle:m_r:61_c:43_sp:27,none,factor,100.0,0.001,3000.0,p_inst:0,1.0,0.0,1,43,0,p,m,gr,61,27,q
pname:p_inst:0_ptype:gr_usecol:q_pstyle:m_r:77_c:51_sp:27,none,factor,100.0,0.001,3000.0,p_inst:0,1.0,0.0,1,51,0,p,m,gr,77,27,q
pname:p_inst:0_ptype:gr_usecol:q_pstyle:m_r:59_c:49_sp:27,none,factor,100.0,0.001,3000.0,p_inst:0,1.0,0.0,1,49,0,p,m,gr,59,27,q
pname:p_inst:0_ptype:gr_usecol:q_pstyle:m_r:40_c:48_sp:27,none,factor,100.0,0.001,3000.0,p_inst:0,1.0,0.0,1,48,0,p,m,gr,40,27,q
pname:p_inst:0_ptype:gr_usecol:q_pstyle:m_r:81_c:57_sp:27,none,factor,100.0,0.001,3000.0,p_inst:0,1.0,0.0,1,57,0,p,m,gr,81,27,q
pname:p_inst:0_ptype:gr_usecol:q_pstyle:m_r:65_c:52_sp:28,none,factor,100.0,0.001,3000.0,p_inst:0,1.0,0.0,1,52,0,p,m,gr,65,28,q
pname:p_inst:0_ptype:gr_usecol:q_pstyle:m_r:32_c:48_sp:28,none,factor,100.0,0.001,3000.0,p_inst:0,1.0,0.0,1,48,0,p,m,gr,32,28,q
pname:p_inst:0_ptype:gr_usecol:q_pstyle:m_r:35_c:56_sp:28,none,factor,100.0,0.001,3000.0,p_inst:0,1.0,0.0,1,56,0,p,m,gr,35,28,q
pname:p_inst:0_ptype:gr_usecol:q_pstyle:m_r:40_c:36_sp:28,none,factor,100.0,0.001,3000.0,p_inst:0,1.0,0.0,1,36,0,p,m,gr,40,28,q
pname:p_inst:0_ptype:gr_usecol:q_pstyle:m_r:59_c:34_sp:28,none,factor,100.0,0.001,3000.0,p_inst:0,1.0,0.0,1,34,0,p,m,gr,59,28,q
pname:p_inst:0_ptype:gr_usecol:q_pstyle:m_r:46_c:47_sp:28,none,factor,100.0,0.001,3000.0,p_inst:0,1.0,0.0,1,47,0,p,m,gr,46,28,q
pname:p_inst:0_ptype:gr_usecol:q_pstyle:m_r:46_c:52_sp:28,none,factor,100.0,0.001,3000.0,p_inst:0,1.0,0.0,1,52,0,p,m,gr,46,28,q
pname:p_inst:0_ptype:gr_usecol:q_pstyle:m_r:38_c:31_sp:28,none,factor,100.0,0.001,3000.0,p_inst:0,1.0,0.0,1,31,0,p,m,gr,38,28,q
pname:p_inst:0_ptype:gr_usecol:q_pstyle:m_r:52_c:39_sp:28,none,factor,100.0,0.001,3000.0,p_inst:0,1.0,0.0,1,39,0,p,m,gr,52,28,q
pname:p_inst:0_ptype:gr_usecol:q_pstyle:m_r:37_c:61_sp:28,none,factor,100.0,0.001,3000.0,p_inst:0,1.0,0.0,1,61,0,p,m,gr,37,28,q
pname:p_inst:0_ptype:gr_usecol:q_pstyle:m_r:80_c:61_sp:28,none,factor,100.0,0.001,3000.0,p_inst:0,1.0,0.0,1,61,0,p,m,gr,80,28,q
pname:p_inst:0_ptype:gr_usecol:q_pstyle:m_r:76_c:60_sp:28,none,factor,100.0,0.001,3000.0,p_inst:0,1.0,0.0,1,60,0,p,m,gr,76,28,q
pname:p_inst:0_ptype:gr_usecol:q_pstyle:m_r:80_c:60_sp:28,none,factor,100.0,0.001,3000.0,p_inst:0,1.0,0.0,1,60,0,p,m,gr,80,28,q
pname:p_inst:0_ptype:gr_usecol:q_pstyle:m_r:65_c:59_sp:28,none,factor,100.0,0.001,3000.0,p_inst:0,1.0,0.0,1,59,0,p,m,gr,65,28,q
pname:p_inst:0_ptype:gr_usecol:q_pstyle:m_r:62_c:47_sp:28,none,factor,100.0,0.001,3000.0,p_inst:0,1.0,0.0,1,47,0,p,m,gr,62,28,q
pname:p_inst:0_ptype:gr_usecol:q_pstyle:m_r:61_c:43_sp:28,none,factor,100.0,0.001,3000.0,p_inst:0,1.0,0.0,1,43,0,p,m,gr,61,28,q
pname:p_inst:0_ptype:gr_usecol:q_pstyle:m_r:77_c:51_sp:28,none,factor,100.0,0.001,3000.0,p_inst:0,1.0,0.0,1,51,0,p,m,gr,77,28,q
pname:p_inst:0_ptype:gr_usecol:q_pstyle:m_r:59_c:49_sp:28,none,factor,100.0,0.001,3000.0,p_inst:0,1.0,0.0,1,49,0,p,m,gr,59,28,q
pname:p_inst:0_ptype:gr_usecol:q_pstyle:m_r:40_c:48_sp:28,none,factor,100.0,0.001,3000.0,p_inst:0,1.0,0.0,1,48,0,p,m,gr,40,28,q
pname:p_inst:0_ptype:gr_usecol:q_pstyle:m_r:81_c:57_sp:28,none,factor,100.0,0.001,3000.0,p_inst:0,1.0,0.0,1,57,0,p,m,gr,81,28,q
pname:p_inst:0_ptype:gr_usecol:q_pstyle:m_r:65_c:52_sp:29,none,factor,100.0,0.001,3000.0,p_inst:0,1.0,0.0,1,52,0,p,m,gr,65,29,q
pname:p_inst:0_ptype:gr_usecol:q_pstyle:m_r:32_c:48_sp:29,none,factor,100.0,0.001,3000.0,p_inst:0,1.0,0.0,1,48,0,p,m,gr,32,29,q
pname:p_inst:0_ptype:gr_usecol:q_pstyle:m_r:35_c:56_sp:29,none,factor,100.0,0.001,3000.0,p_inst:0,1.0,0.0,1,56,0,p,m,gr,35,29,q
pname:p_inst:0_ptype:gr_usecol:q_pstyle:m_r:40_c:36_sp:29,none,factor,100.0,0.001,3000.0,p_inst:0,1.0,0.0,1,36,0,p,m,gr,40,29,q
pname:p_inst:0_ptype:gr_usecol:q_pstyle:m_r:59_c:34_sp:29,none,factor,100.0,0.001,3000.0,p_inst:0,1.0,0.0,1,34,0,p,m,gr,59,29,q
pname:p_inst:0_ptype:gr_usecol:q_pstyle:m_r:46_c:47_sp:29,none,factor,100.0,0.001,3000.0,p_inst:0,1.0,0.0,1,47,0,p,m,gr,46,29,q
pname:p_inst:0_ptype:gr_usecol:q_pstyle:m_r:46_c:52_sp:29,none,factor,100.0,0.001,3000.0,p_inst:0,1.0,0.0,1,52,0,p,m,gr,46,29,q
pname:p_inst:0_ptype:gr_usecol:q_pstyle:m_r:38_c:31_sp:29,none,factor,100.0,0.001,3000.0,p_inst:0,1.0,0.0,1,31,0,p,m,gr,38,29,q
pname:p_inst:0_ptype:gr_usecol:q_pstyle:m_r:52_c:39_sp:29,none,factor,100.0,0.001,3000.0,p_inst:0,1.0,0.0,1,39,0,p,m,gr,52,29,q
pname:p_inst:0_ptype:gr_usecol:q_pstyle:m_r:37_c:61_sp:29,none,factor,100.0,0.001,3000.0,p_inst:0,1.0,0.0,1,61,0,p,m,gr,37,29,q
pname:p_inst:0_ptype:gr_usecol:q_pstyle:m_r:80_c:61_sp:29,none,factor,100.0,0.001,3000.0,p_inst:0,1.0,0.0,1,61,0,p,m,gr,80,29,q
pname:p_inst:0_ptype:gr_usecol:q_pstyle:m_r:76_c:60_sp:29,none,factor,100.0,0.001,3000.0,p_inst:0,1.0,0.0,1,60,0,p,m,gr,76,29,q
pname:p_inst:0_ptype:gr_usecol:q_pstyle:m_r:80_c:60_sp:29,none,factor,100.0,0.001,3000.0,p_inst:0,1.0,0.0,1,60,0,p,m,gr,80,29,q
pname:p_inst:0_ptype:gr_usecol:q_pstyle:m_r:65_c:59_sp:29,none,factor,100.0,0.001,3000.0,p_inst:0,1.0,0.0,1,59,0,p,m,gr,65,29,q
pname:p_inst:0_ptype:gr_usecol:q_pstyle:m_r:62_c:47_sp:29,none,factor,100.0,0.001,3000.0,p_inst:0,1.0,0.0,1,47,0,p,m,gr,62,29,q
pname:p_inst:0_ptype:gr_usecol:q_pstyle:m_r:61_c:43_sp:29,none,factor,100.0,0.001,3000.0,p_inst:0,1.0,0.0,1,43,0,p,m,gr,61,29,q
pname:p_inst:0_ptype:gr_usecol:q_pstyle:m_r:77_c:51_sp:29,none,factor,100.0,0.001,3000.0,p_inst:0,1.0,0.0,1,51,0,p,m,gr,77,29,q
pname:p_inst:0_ptype:gr_usecol:q_pstyle:m_r:59_c:49_sp:29,none,factor,100.0,0.001,3000.0,p_inst:0,1.0,0.0,1,49,0,p,m,gr,59,29,q
pname:p_inst:0_ptype:gr_usecol:q_pstyle:m_r:40_c:48_sp:29,none,factor,100.0,0.001,3000.0,p_inst:0,1.0,0.0,1,48,0,p,m,gr,40,29,q
pname:p_inst:0_ptype:gr_usecol:q_pstyle:m_r:81_c:57_sp:29,none,factor,100.0,0.001,3000.0,p_inst:0,1.0,0.0,1,57,0,p,m,gr,81,29,q
pname:p_inst:0_ptype:gr_usecol:q_pstyle:m_r:65_c:52_sp:30,none,factor,100.0,0.001,3000.0,p_inst:0,1.0,0.0,1,52,0,p,m,gr,65,30,q
pname:p_inst:0_ptype:gr_usecol:q_pstyle:m_r:32_c:48_sp:30,none,factor,100.0,0.001,3000.0,p_inst:0,1.0,0.0,1,48,0,p,m,gr,32,30,q
pname:p_inst:0_ptype:gr_usecol:q_pstyle:m_r:35_c:56_sp:30,none,factor,100.0,0.001,3000.0,p_inst:0,1.0,0.0,1,56,0,p,m,gr,35,30,q
pname:p_inst:0_ptype:gr_usecol:q_pstyle:m_r:40_c:36_sp:30,none,factor,100.0,0.001,3000.0,p_inst:0,1.0,0.0,1,36,0,p,m,gr,40,30,q
pname:p_inst:0_ptype:gr_usecol:q_pstyle:m_r:59_c:34_sp:30,none,factor,100.0,0.001,3000.0,p_inst:0,1.0,0.0,1,34,0,p,m,gr,59,30,q
pname:p_inst:0_ptype:gr_usecol:q_pstyle:m_r:46_c:47_sp:30,none,factor,100.0,0.001,3000.0,p_inst:0,1.0,0.0,1,47,0,p,m,gr,46,30,q
pname:p_inst:0_ptype:gr_usecol:q_pstyle:m_r:46_c:52_sp:30,none,factor,100.0,0.001,3000.0,p_inst:0,1.0,0.0,1,52,0,p,m,gr,46,30,q
pname:p_inst:0_ptype:gr_usecol:q_pstyle:m_r:38_c:31_sp:30,none,factor,100.0,0.001,3000.0,p_inst:0,1.0,0.0,1,31,0,p,m,gr,38,30,q
pname:p_inst:0_ptype:gr_usecol:q_pstyle:m_r:52_c:39_sp:30,none,factor,100.0,0.001,3000.0,p_inst:0,1.0,0.0,1,39,0,p,m,gr,52,30,q
pname:p_inst:0_ptype:gr_usecol:q_pstyle:m_r:37_c:61_sp:30,none,factor,100.0,0.001,3000.0,p_inst:0,1.0,0.0,1,61,0,p,m,gr,37,30,q
pname:p_inst:0_ptype:gr_usecol:q_pstyle:m_r:80_c:61_sp:30,none,factor,100.0,0.001,3000.0,p_inst:0,1.0,0.0,1,61,0,p,m,gr,80,30,q
pname:p_inst:0_ptype:gr_usecol:q_pstyle:m_r:76_c:60_sp:30,none,factor,100.0,0.001,3000.0,p_inst:0,1.0,0.0,1,60,0,p,m,gr,76,30,q
pname:p_inst:0_ptype:gr_usecol:q_pstyle:m_r:80_c:60_sp:30,none,factor,100.0,0.001,3000.0,p_inst:0,1.0,0.0,1,60,0,p,m,gr,80,30,q
pname:p_inst:0_ptype:gr_usecol:q_pstyle:m_r:65_c:59_sp:30,none,factor,100.0,0.001,3000.0,p_inst:0,1.0,0.0,1,59,0,p,m,gr,65,30,q
pname:p_inst:0_ptype:gr_usecol:q_pstyle:m_r:62_c:47_sp:30,none,factor,100.0,0.001,3000.0,p_inst:0,1.0,0.0,1,47,0,p,m,gr,62,30,q
pname:p_inst:0_ptype:gr_usecol:q_pstyle:m_r:61_c:43_sp:30,none,factor,100.0,0.001,3000.0,p_inst:0,1.0,0.0,1,43,0,p,m,gr,61,30,q
pname:p_inst:0_ptype:gr_usecol:q_pstyle:m_r:77_c:51_sp:30,none,factor,100.0,0.001,3000.0,p_inst:0,1.0,0.0,1,51,0,p,m,gr,77,30,q
pname:p_inst:0_ptype:gr_usecol:q_pstyle:m_r:59_c:49_sp:30,none,factor,100.0,0.001,3000.0,p_inst:0,1.0,0.0,1,49,0,p,m,gr,59,30,q
pname:p_inst:0_ptype:gr_usecol:q_pstyle:m_r:40_c:48_sp:30,none,factor,100.0,0.001,3000.0,p_inst:0,1.0,0.0,1,48,0,p,m,gr,40,30,q
pname:p_inst:0_ptype:gr_usecol:q_pstyle:m_r:81_c:57_sp:30,none,factor,100.0,0.001,3000.0,p_inst:0,1.0,0.0,1,57,0,p,m,gr,81,30,q
pname:p_inst:0_ptype:gr_usecol:q_pstyle:m_r:65_c:52_sp:31,none,factor,100.0,0.001,3000.0,p_inst:0,1.0,0.0,1,52,0,p,m,gr,65,31,q
pname:p_inst:0_ptype:gr_usecol:q_pstyle:m_r:32_c:48_sp:31,none,factor,100.0,0.001,3000.0,p_inst:0,1.0,0.0,1,48,0,p,m,gr,32,31,q
pname:p_inst:0_ptype:gr_usecol:q_pstyle:m_r:35_c:56_sp:31,none,factor,100.0,0.001,3000.0,p_inst:0,1.0,0.0,1,56,0,p,m,gr,35,31,q
pname:p_inst:0_ptype:gr_usecol:q_pstyle:m_r:40_c:36_sp:31,none,factor,100.0,0.001,3000.0,p_inst:0,1.0,0.0,1,36,0,p,m,gr,40,31,q
pname:p_inst:0_ptype:gr_usecol:q_pstyle:m_r:59_c:34_sp:31,none,factor,100.0,0.001,3000.0,p_inst:0,1.0,0.0,1,34,0,p,m,gr,59,31,q
pname:p_inst:0_ptype:gr_usecol:q_pstyle:m_r:46_c:47_sp:31,none,factor,100.0,0.001,3000.0,p_inst:0,1.0,0.0,1,47,0,p,m,gr,46,31,q
pname:p_inst:0_ptype:gr_usecol:q_pstyle:m_r:46_c:52_sp:31,none,factor,100.0,0.001,3000.0,p_inst:0,1.0,0.0,1,52,0,p,m,gr,46,31,q
pname:p_inst:0_ptype:gr_usecol:q_pstyle:m_r:38_c:31_sp:31,none,factor,100.0,0.001,3000.0,p_inst:0,1.0,0.0,1,31,0,p,m,gr,38,31,q
pname:p_inst:0_ptype:gr_usecol:q_pstyle:m_r:52_c:39_sp:31,none,factor,100.0,0.001,3000.0,p_inst:0,1.0,0.0,1,39,0,p,m,gr,52,31,q
pname:p_inst:0_ptype:gr_usecol:q_pstyle:m_r:37_c:61_sp:31,none,factor,100.0,0.001,3000.0,p_inst:0,1.0,0.0,1,61,0,p,m,gr,37,31,q
pname:p_inst:0_ptype:gr_usecol:q_pstyle:m_r:80_c:61_sp:31,none,factor,100.0,0.001,3000.0,p_inst:0,1.0,0.0,1,61,0,p,m,gr,80,31,q
pname:p_inst:0_ptype:gr_usecol:q_pstyle:m_r:76_c:60_sp:31,none,factor,100.0,0.001,3000.0,p_inst:0,1.0,0.0,1,60,0,p,m,gr,76,31,q
pname:p_inst:0_ptype:gr_usecol:q_pstyle:m_r:80_c:60_sp:31,none,factor,100.0,0.001,3000.0,p_inst:0,1.0,0.0,1,60,0,p,m,gr,80,31,q
pname:p_inst:0_ptype:gr_usecol:q_pstyle:m_r:65_c:59_sp:31,none,factor,100.0,0.001,3000.0,p_inst:0,1.0,0.0,1,59,0,p,m,gr,65,31,q
pname:p_inst:0_ptype:gr_usecol:q_pstyle:m_r:62_c:47_sp:31,none,factor,100.0,0.001,3000.0,p_inst:0,1.0,0.0,1,47,0,p,m,gr,62,31,q
pname:p_inst:0_ptype:gr_usecol:q_pstyle:m_r:61_c:43_sp:31,none,factor,100.0,0.001,3000.0,p_inst:0,1.0,0.0,1,43,0,p,m,gr,61,31,q
pname:p_inst:0_ptype:gr_usecol:q_pstyle:m_r:77_c:51_sp:31,none,factor,100.0,0.001,3000.0,p_inst:0,1.0,0.0,1,51,0,p,m,gr,77,31,q
pname:p_inst:0_ptype:gr_usecol:q_pstyle:m_r:59_c:49_sp:31,none,factor,100.0,0.001,3000.0,p_inst:0,1.0,0.0,1,49,0,p,m,gr,59,31,q
pname:p_inst:0_ptype:gr_usecol:q_pstyle:m_r:40_c:48_sp:31,none,factor,100.0,0.001,3000.0,p_inst:0,1.0,0.0,1,48,0,p,m,gr,40,31,q
pname:p_inst:0_ptype:gr_usecol:q_pstyle:m_r:81_c:57_sp:31,none,factor,100.0,0.001,3000.0,p_inst:0,1.0,0.0,1,57,0,p,m,gr,81,31,q
pname:p_inst:0_ptype:gr_usecol:q_pstyle:m_r:65_c:52_sp:32,none,factor,100.0,0.001,3000.0,p_inst:0,1.0,0.0,1,52,0,p,m,gr,65,32,q
pname:p_inst:0_ptype:gr_usecol:q_pstyle:m_r:32_c:48_sp:32,none,factor,100.0,0.001,3000.0,p_inst:0,1.0,0.0,1,48,0,p,m,gr,32,32,q
pname:p_inst:0_ptype:gr_usecol:q_pstyle:m_r:35_c:56_sp:32,none,factor,100.0,0.001,3000.0,p_inst:0,1.0,0.0,1,56,0,p,m,gr,35,32,q
pname:p_inst:0_ptype:gr_usecol:q_pstyle:m_r:40_c:36_sp:32,none,factor,100.0,0.001,3000.0,p_inst:0,1.0,0.0,1,36,0,p,m,gr,40,32,q
pname:p_inst:0_ptype:gr_usecol:q_pstyle:m_r:59_c:34_sp:32,none,factor,100.0,0.001,3000.0,p_inst:0,1.0,0.0,1,34,0,p,m,gr,59,32,q
pname:p_inst:0_ptype:gr_usecol:q_pstyle:m_r:46_c:47_sp:32,none,factor,100.0,0.001,3000.0,p_inst:0,1.0,0.0,1,47,0,p,m,gr,46,32,q
pname:p_inst:0_ptype:gr_usecol:q_pstyle:m_r:46_c:52_sp:32,none,factor,100.0,0.001,3000.0,p_inst:0,1.0,0.0,1,52,0,p,m,gr,46,32,q
pname:p_inst:0_ptype:gr_usecol:q_pstyle:m_r:38_c:31_sp:32,none,factor,100.0,0.001,3000.0,p_inst:0,1.0,0.0,1,31,0,p,m,gr,38,32,q
pname:p_inst:0_ptype:gr_usecol:q_pstyle:m_r:52_c:39_sp:32,none,factor,100.0,0.001,3000.0,p_inst:0,1.0,0.0,1,39,0,p,m,gr,52,32,q
pname:p_inst:0_ptype:gr_usecol:q_pstyle:m_r:37_c:61_sp:32,none,factor,100.0,0.001,3000.0,p_inst:0,1.0,0.0,1,61,0,p,m,gr,37,32,q
pname:p_inst:0_ptype:gr_usecol:q_pstyle:m_r:80_c:61_sp:32,none,factor,100.0,0.001,3000.0,p_inst:0,1.0,0.0,1,61,0,p,m,gr,80,32,q
pname:p_inst:0_ptype:gr_usecol:q_pstyle:m_r:76_c:60_sp:32,none,factor,100.0,0.001,3000.0,p_inst:0,1.0,0.0,1,60,0,p,m,gr,76,32,q
pname:p_inst:0_ptype:gr_usecol:q_pstyle:m_r:80_c:60_sp:32,none,factor,100.0,0.001,3000.0,p_inst:0,1.0,0.0,1,60,0,p,m,gr,80,32,q
pname:p_inst:0_ptype:gr_usecol:q_pstyle:m_r:65_c:59_sp:32,none,factor,100.0,0.001,3000.0,p_inst:0,1.0,0.0,1,59,0,p,m,gr,65,32,q
pname:p_inst:0_ptype:gr_usecol:q_pstyle:m_r:62_c:47_sp:32,none,factor,100.0,0.001,3000.0,p_inst:0,1.0,0.0,1,47,0,p,m,gr,62,32,q
pname:p_inst:0_ptype:gr_usecol:q_pstyle:m_r:61_c:43_sp:32,none,factor,100.0,0.001,3000.0,p_inst:0,1.0,0.0,1,43,0,p,m,gr,61,32,q
pname:p_inst:0_ptype:gr_usecol:q_pstyle:m_r:77_c:51_sp:32,none,factor,100.0,0.001,3000.0,p_inst:0,1.0,0.0,1,51,0,p,m,gr,77,32,q
pname:p_inst:0_ptype:gr_usecol:q_pstyle:m_r:59_c:49_sp:32,none,factor,100.0,0.001,3000.0,p_inst:0,1.0,0.0,1,49,0,p,m,gr,59,32,q
pname:p_inst:0_ptype:gr_usecol:q_pstyle:m_r:40_c:48_sp:32,none,factor,100.0,0.001,3000.0,p_inst:0,1.0,0.0,1,48,0,p,m,gr,40,32,q
pname:p_inst:0_ptype:gr_usecol:q_pstyle:m_r:81_c:57_sp:32,none,factor,100.0,0.001,3000.0,p_inst:0,1.0,0.0,1,57,0,p,m,gr,81,32,q
pname:p_inst:0_ptype:gr_usecol:q_pstyle:m_r:65_c:52_sp:33,none,factor,100.0,0.001,3000.0,p_inst:0,1.0,0.0,1,52,0,p,m,gr,65,33,q
pname:p_inst:0_ptype:gr_usecol:q_pstyle:m_r:32_c:48_sp:33,none,factor,100.0,0.001,3000.0,p_inst:0,1.0,0.0,1,48,0,p,m,gr,32,33,q
pname:p_inst:0_ptype:gr_usecol:q_pstyle:m_r:35_c:56_sp:33,none,factor,100.0,0.001,3000.0,p_inst:0,1.0,0.0,1,56,0,p,m,gr,35,33,q
pname:p_inst:0_ptype:gr_usecol:q_pstyle:m_r:40_c:36_sp:33,none,factor,100.0,0.001,3000.0,p_inst:0,1.0,0.0,1,36,0,p,m,gr,40,33,q
pname:p_inst:0_ptype:gr_usecol:q_pstyle:m_r:59_c:34_sp:33,none,factor,100.0,0.001,3000.0,p_inst:0,1.0,0.0,1,34,0,p,m,gr,59,33,q
pname:p_inst:0_ptype:gr_usecol:q_pstyle:m_r:46_c:47_sp:33,none,factor,100.0,0.001,3000.0,p_inst:0,1.0,0.0,1,47,0,p,m,gr,46,33,q
pname:p_inst:0_ptype:gr_usecol:q_pstyle:m_r:46_c:52_sp:33,none,factor,100.0,0.001,3000.0,p_inst:0,1.0,0.0,1,52,0,p,m,gr,46,33,q
pname:p_inst:0_ptype:gr_usecol:q_pstyle:m_r:38_c:31_sp:33,none,factor,100.0,0.001,3000.0,p_inst:0,1.0,0.0,1,31,0,p,m,gr,38,33,q
pname:p_inst:0_ptype:gr_usecol:q_pstyle:m_r:52_c:39_sp:33,none,factor,100.0,0.001,3000.0,p_inst:0,1.0,0.0,1,39,0,p,m,gr,52,33,q
pname:p_inst:0_ptype:gr_usecol:q_pstyle:m_r:37_c:61_sp:33,none,factor,100.0,0.001,3000.0,p_inst:0,1.0,0.0,1,61,0,p,m,gr,37,33,q
pname:p_inst:0_ptype:gr_usecol:q_pstyle:m_r:80_c:61_sp:33,none,factor,100.0,0.001,3000.0,p_inst:0,1.0,0.0,1,61,0,p,m,gr,80,33,q
pname:p_inst:0_ptype:gr_usecol:q_pstyle:m_r:76_c:60_sp:33,none,factor,100.0,0.001,3000.0,p_inst:0,1.0,0.0,1,60,0,p,m,gr,76,33,q
pname:p_inst:0_ptype:gr_usecol:q_pstyle:m_r:80_c:60_sp:33,none,factor,100.0,0.001,3000.0,p_inst:0,1.0,0.0,1,60,0,p,m,gr,80,33,q
pname:p_inst:0_ptype:gr_usecol:q_pstyle:m_r:65_c:59_sp:33,none,factor,100.0,0.001,3000.0,p_inst:0,1.0,0.0,1,59,0,p,m,gr,65,33,q
pname:p_inst:0_ptype:gr_usecol:q_pstyle:m_r:62_c:47_sp:33,none,factor,100.0,0.001,3000.0,p_inst:0,1.0,0.0,1,47,0,p,m,gr,62,33,q
pname:p_inst:0_ptype:gr_usecol:q_pstyle:m_r:61_c:43_sp:33,none,factor,100.0,0.001,3000.0,p_inst:0,1.0,0.0,1,43,0,p,m,gr,61,33,q
pname:p_inst:0_ptype:gr_usecol:q_pstyle:m_r:77_c:51_sp:33,none,factor,100.0,0.001,3000.0,p_inst:0,1.0,0.0,1,51,0,p,m,gr,77,33,q
pname:p_inst:0_ptype:gr_usecol:q_pstyle:m_r:59_c:49_sp:33,none,factor,100.0,0.001,3000.0,p_inst:0,1.0,0.0,1,49,0,p,m,gr,59,33,q
pname:p_inst:0_ptype:gr_usecol:q_pstyle:m_r:40_c:48_sp:33,none,factor,100.0,0.001,3000.0,p_inst:0,1.0,0.0,1,48,0,p,m,gr,40,33,q
pname:p_inst:0_ptype:gr_usecol:q_pstyle:m_r:81_c:57_sp:33,none,factor,100.0,0.001,3000.0,p_inst:0,1.0,0.0,1,57,0,p,m,gr,81,33,q
pname:p_inst:0_ptype:gr_usecol:q_pstyle:m_r:65_c:52_sp:34,none,factor,100.0,0.001,3000.0,p_inst:0,1.0,0.0,1,52,0,p,m,gr,65,34,q
pname:p_inst:0_ptype:gr_usecol:q_pstyle:m_r:32_c:48_sp:34,none,factor,100.0,0.001,3000.0,p_inst:0,1.0,0.0,1,48,0,p,m,gr,32,34,q
pname:p_inst:0_ptype:gr_usecol:q_pstyle:m_r:35_c:56_sp:34,none,factor,100.0,0.001,3000.0,p_inst:0,1.0,0.0,1,56,0,p,m,gr,35,34,q
pname:p_inst:0_ptype:gr_usecol:q_pstyle:m_r:40_c:36_sp:34,none,factor,100.0,0.001,3000.0,p_inst:0,1.0,0.0,1,36,0,p,m,gr,40,34,q
pname:p_inst:0_ptype:gr_usecol:q_pstyle:m_r:59_c:34_sp:34,none,factor,100.0,0.001,3000.0,p_inst:0,1.0,0.0,1,34,0,p,m,gr,59,34,q
pname:p_inst:0_ptype:gr_usecol:q_pstyle:m_r:46_c:47_sp:34,none,factor,100.0,0.001,3000.0,p_inst:0,1.0,0.0,1,47,0,p,m,gr,46,34,q
pname:p_inst:0_ptype:gr_usecol:q_pstyle:m_r:46_c:52_sp:34,none,factor,100.0,0.001,3000.0,p_inst:0,1.0,0.0,1,52,0,p,m,gr,46,34,q
pname:p_inst:0_ptype:gr_usecol:q_pstyle:m_r:38_c:31_sp:34,none,factor,100.0,0.001,3000.0,p_inst:0,1.0,0.0,1,31,0,p,m,gr,38,34,q
pname:p_inst:0_ptype:gr_usecol:q_pstyle:m_r:52_c:39_sp:34,none,factor,100.0,0.001,3000.0,p_inst:0,1.0,0.0,1,39,0,p,m,gr,52,34,q
pname:p_inst:0_ptype:gr_usecol:q_pstyle:m_r:37_c:61_sp:34,none,factor,100.0,0.001,3000.0,p_inst:0,1.0,0.0,1,61,0,p,m,gr,37,34,q
pname:p_inst:0_ptype:gr_usecol:q_pstyle:m_r:80_c:61_sp:34,none,factor,100.0,0.001,3000.0,p_inst:0,1.0,0.0,1,61,0,p,m,gr,80,34,q
pname:p_inst:0_ptype:gr_usecol:q_pstyle:m_r:76_c:60_sp:34,none,factor,100.0,0.001,3000.0,p_inst:0,1.0,0.0,1,60,0,p,m,gr,76,34,q
pname:p_inst:0_ptype:gr_usecol:q_pstyle:m_r:80_c:60_sp:34,none,factor,100.0,0.001,3000.0,p_inst:0,1.0,0.0,1,60,0,p,m,gr,80,34,q
pname:p_inst:0_ptype:gr_usecol:q_pstyle:m_r:65_c:59_sp:34,none,factor,100.0,0.001,3000.0,p_inst:0,1.0,0.0,1,59,0,p,m,gr,65,34,q
pname:p_inst:0_ptype:gr_usecol:q_pstyle:m_r:62_c:47_sp:34,none,factor,100.0,0.001,3000.0,p_inst:0,1.0,0.0,1,47,0,p,m,gr,62,34,q
pname:p_inst:0_ptype:gr_usecol:q_pstyle:m_r:61_c:43_sp:34,none,factor,100.0,0.001,3000.0,p_inst:0,1.0,0.0,1,43,0,p,m,gr,61,34,q
pname:p_inst:0_ptype:gr_usecol:q_pstyle:m_r:77_c:51_sp:34,none,factor,100.0,0.001,3000.0,p_inst:0,1.0,0.0,1,51,0,p,m,gr,77,34,q
pname:p_inst:0_ptype:gr_usecol:q_pstyle:m_r:59_c:49_sp:34,none,factor,100.0,0.001,3000.0,p_inst:0,1.0,0.0,1,49,0,p,m,gr,59,34,q
pname:p_inst:0_ptype:gr_usecol:q_pstyle:m_r:40_c:48_sp:34,none,factor,100.0,0.001,3000.0,p_inst:0,1.0,0.0,1,48,0,p,m,gr,40,34,q
pname:p_inst:0_ptype:gr_usecol:q_pstyle:m_r:81_c:57_sp:34,none,factor,100.0,0.001,3000.0,p_inst:0,1.0,0.0,1,57,0,p,m,gr,81,34,q
pname:p_inst:0_ptype:gr_usecol:q_pstyle:m_r:65_c:52_sp:35,none,factor,100.0,0.001,3000.0,p_inst:0,1.0,0.0,1,52,0,p,m,gr,65,35,q
pname:p_inst:0_ptype:gr_usecol:q_pstyle:m_r:32_c:48_sp:35,none,factor,100.0,0.001,3000.0,p_inst:0,1.0,0.0,1,48,0,p,m,gr,32,35,q
pname:p_inst:0_ptype:gr_usecol:q_pstyle:m_r:35_c:56_sp:35,none,factor,100.0,0.001,3000.0,p_inst:0,1.0,0.0,1,56,0,p,m,gr,35,35,q
pname:p_inst:0_ptype:gr_usecol:q_pstyle:m_r:40_c:36_sp:35,none,factor,100.0,0.001,3000.0,p_inst:0,1.0,0.0,1,36,0,p,m,gr,40,35,q
pname:p_inst:0_ptype:gr_usecol:q_pstyle:m_r:59_c:34_sp:35,none,factor,100.0,0.001,3000.0,p_inst:0,1.0,0.0,1,34,0,p,m,gr,59,35,q
pname:p_inst:0_ptype:gr_usecol:q_pstyle:m_r:46_c:47_sp:35,none,factor,100.0,0.001,3000.0,p_inst:0,1.0,0.0,1,47,0,p,m,gr,46,35,q
pname:p_inst:0_ptype:gr_usecol:q_pstyle:m_r:46_c:52_sp:35,none,factor,100.0,0.001,3000.0,p_inst:0,1.0,0.0,1,52,0,p,m,gr,46,35,q
pname:p_inst:0_ptype:gr_usecol:q_pstyle:m_r:38_c:31_sp:35,none,factor,100.0,0.001,3000.0,p_inst:0,1.0,0.0,1,31,0,p,m,gr,38,35,q
pname:p_inst:0_ptype:gr_usecol:q_pstyle:m_r:52_c:39_sp:35,none,factor,100.0,0.001,3000.0,p_inst:0,1.0,0.0,1,39,0,p,m,gr,52,35,q
pname:p_inst:0_ptype:gr_usecol:q_pstyle:m_r:37_c:61_sp:35,none,factor,100.0,0.001,3000.0,p_inst:0,1.0,0.0,1,61,0,p,m,gr,37,35,q
pname:p_inst:0_ptype:gr_usecol:q_pstyle:m_r:80_c:61_sp:35,none,factor,100.0,0.001,3000.0,p_inst:0,1.0,0.0,1,61,0,p,m,gr,80,35,q
pname:p_inst:0_ptype:gr_usecol:q_pstyle:m_r:76_c:60_sp:35,none,factor,100.0,0.001,3000.0,p_inst:0,1.0,0.0,1,60,0,p,m,gr,76,35,q
pname:p_inst:0_ptype:gr_usecol:q_pstyle:m_r:80_c:60_sp:35,none,factor,100.0,0.001,3000.0,p_inst:0,1.0,0.0,1,60,0,p,m,gr,80,35,q
pname:p_inst:0_ptype:gr_usecol:q_pstyle:m_r:65_c:59_sp:35,none,factor,100.0,0.001,3000.0,p_inst:0,1.0,0.0,1,59,0,p,m,gr,65,35,q
pname:p_inst:0_ptype:gr_usecol:q_pstyle:m_r:62_c:47_sp:35,none,factor,100.0,0.001,3000.0,p_inst:0,1.0,0.0,1,47,0,p,m,gr,62,35,q
pname:p_inst:0_ptype:gr_usecol:q_pstyle:m_r:61_c:43_sp:35,none,factor,100.0,0.001,3000.0,p_inst:0,1.0,0.0,1,43,0,p,m,gr,61,35,q
pname:p_inst:0_ptype:gr_usecol:q_pstyle:m_r:77_c:51_sp:35,none,factor,100.0,0.001,3000.0,p_inst:0,1.0,0.0,1,51,0,p,m,gr,77,35,q
pname:p_inst:0_ptype:gr_usecol:q_pstyle:m_r:59_c:49_sp:35,none,factor,100.0,0.001,3000.0,p_inst:0,1.0,0.0,1,49,0,p,m,gr,59,35,q
pname:p_inst:0_ptype:gr_usecol:q_pstyle:m_r:40_c:48_sp:35,none,factor,100.0,0.001,3000.0,p_inst:0,1.0,0.0,1,48,0,p,m,gr,40,35,q
pname:p_inst:0_ptype:gr_usecol:q_pstyle:m_r:81_c:57_sp:35,none,factor,100.0,0.001,3000.0,p_inst:0,1.0,0.0,1,57,0,p,m,gr,81,35,q
pname:p_inst:0_ptype:gr_usecol:q_pstyle:m_r:65_c:52_sp:36,none,factor,100.0,0.001,3000.0,p_inst:0,1.0,0.0,1,52,0,p,m,gr,65,36,q
pname:p_inst:0_ptype:gr_usecol:q_pstyle:m_r:32_c:48_sp:36,none,factor,100.0,0.001,3000.0,p_inst:0,1.0,0.0,1,48,0,p,m,gr,32,36,q
pname:p_inst:0_ptype:gr_usecol:q_pstyle:m_r:35_c:56_sp:36,none,factor,100.0,0.001,3000.0,p_inst:0,1.0,0.0,1,56,0,p,m,gr,35,36,q
pname:p_inst:0_ptype:gr_usecol:q_pstyle:m_r:40_c:36_sp:36,none,factor,100.0,0.001,3000.0,p_inst:0,1.0,0.0,1,36,0,p,m,gr,40,36,q
pname:p_inst:0_ptype:gr_usecol:q_pstyle:m_r:59_c:34_sp:36,none,factor,100.0,0.001,3000.0,p_inst:0,1.0,0.0,1,34,0,p,m,gr,59,36,q
pname:p_inst:0_ptype:gr_usecol:q_pstyle:m_r:46_c:47_sp:36,none,factor,100.0,0.001,3000.0,p_inst:0,1.0,0.0,1,47,0,p,m,gr,46,36,q
pname:p_inst:0_ptype:gr_usecol:q_pstyle:m_r:46_c:52_sp:36,none,factor,100.0,0.001,3000.0,p_inst:0,1.0,0.0,1,52,0,p,m,gr,46,36,q
pname:p_inst:0_ptype:gr_usecol:q_pstyle:m_r:38_c:31_sp:36,none,factor,100.0,0.001,3000.0,p_inst:0,1.0,0.0,1,31,0,p,m,gr,38,36,q
pname:p_inst:0_ptype:gr_usecol:q_pstyle:m_r:52_c:39_sp:36,none,factor,100.0,0.001,3000.0,p_inst:0,1.0,0.0,1,39,0,p,m,gr,52,36,q
pname:p_inst:0_ptype:gr_usecol:q_pstyle:m_r:37_c:61_sp:36,none,factor,100.0,0.001,3000.0,p_inst:0,1.0,0.0,1,61,0,p,m,gr,37,36,q
pname:p_inst:0_ptype:gr_usecol:q_pstyle:m_r:80_c:61_sp:36,none,factor,100.0,0.001,3000.0,p_inst:0,1.0,0.0,1,61,0,p,m,gr,80,36,q
pname:p_inst:0_ptype:gr_usecol:q_pstyle:m_r:76_c:60_sp:36,none,factor,100.0,0.001,3000.0,p_inst:0,1.0,0.0,1,60,0,p,m,gr,76,36,q
pname:p_inst:0_ptype:gr_usecol:q_pstyle:m_r:80_c:60_sp:36,none,factor,100.0,0.001,3000.0,p_inst:0,1.0,0.0,1,60,0,p,m,gr,80,36,q
pname:p_inst:0_ptype:gr_usecol:q_pstyle:m_r:65_c:59_sp:36,none,factor,100.0,0.001,3000.0,p_inst:0,1.0,0.0,1,59,0,p,m,gr,65,36,q
pname:p_inst:0_ptype:gr_usecol:q_pstyle:m_r:62_c:47_sp:36,none,factor,100.0,0.001,3000.0,p_inst:0,1.0,0.0,1,47,0,p,m,gr,62,36,q
pname:p_inst:0_ptype:gr_usecol:q_pstyle:m_r:61_c:43_sp:36,none,factor,100.0,0.001,3000.0,p_inst:0,1.0,0.0,1,43,0,p,m,gr,61,36,q
pname:p_inst:0_ptype:gr_usecol:q_pstyle:m_r:77_c:51_sp:36,none,factor,100.0,0.001,3000.0,p_inst:0,1.0,0.0,1,51,0,p,m,gr,77,36,q
pname:p_inst:0_ptype:gr_usecol:q_pstyle:m_r:59_c:49_sp:36,none,factor,100.0,0.001,3000.0,p_inst:0,1.0,0.0,1,49,0,p,m,gr,59,36,q
pname:p_inst:0_ptype:gr_usecol:q_pstyle:m_r:40_c:48_sp:36,none,factor,100.0,0.001,3000.0,p_inst:0,1.0,0.0,1,48,0,p,m,gr,40,36,q
pname:p_inst:0_ptype:gr_usecol:q_pstyle:m_r:81_c:57_sp:36,none,factor,100.0,0.001,3000.0,p_inst:0,1.0,0.0,1,57,0,p,m,gr,81,36,q
pname:p_inst:0_ptype:gr_usecol:q_pstyle:m_r:65_c:52_sp:37,none,factor,100.0,0.001,3000.0,p_inst:0,1.0,0.0,1,52,0,p,m,gr,65,37,q
pname:p_inst:0_ptype:gr_usecol:q_pstyle:m_r:32_c:48_sp:37,none,factor,100.0,0.001,3000.0,p_inst:0,1.0,0.0,1,48,0,p,m,gr,32,37,q
pname:p_inst:0_ptype:gr_usecol:q_pstyle:m_r:35_c:56_sp:37,none,factor,100.0,0.001,3000.0,p_inst:0,1.0,0.0,1,56,0,p,m,gr,35,37,q
pname:p_inst:0_ptype:gr_usecol:q_pstyle:m_r:40_c:36_sp:37,none,factor,100.0,0.001,3000.0,p_inst:0,1.0,0.0,1,36,0,p,m,gr,40,37,q
pname:p_inst:0_ptype:gr_usecol:q_pstyle:m_r:59_c:34_sp:37,none,factor,100.0,0.001,3000.0,p_inst:0,1.0,0.0,1,34,0,p,m,gr,59,37,q
pname:p_inst:0_ptype:gr_usecol:q_pstyle:m_r:46_c:47_sp:37,none,factor,100.0,0.001,3000.0,p_inst:0,1.0,0.0,1,47,0,p,m,gr,46,37,q
pname:p_inst:0_ptype:gr_usecol:q_pstyle:m_r:46_c:52_sp:37,none,factor,100.0,0.001,3000.0,p_inst:0,1.0,0.0,1,52,0,p,m,gr,46,37,q
pname:p_inst:0_ptype:gr_usecol:q_pstyle:m_r:38_c:31_sp:37,none,factor,100.0,0.001,3000.0,p_inst:0,1.0,0.0,1,31,0,p,m,gr,38,37,q
pname:p_inst:0_ptype:gr_usecol:q_pstyle:m_r:52_c:39_sp:37,none,factor,100.0,0.001,3000.0,p_inst:0,1.0,0.0,1,39,0,p,m,gr,52,37,q
pname:p_inst:0_ptype:gr_usecol:q_pstyle:m_r:37_c:61_sp:37,none,factor,100.0,0.001,3000.0,p_inst:0,1.0,0.0,1,61,0,p,m,gr,37,37,q
pname:p_inst:0_ptype:gr_usecol:q_pstyle:m_r:80_c:61_sp:37,none,factor,100.0,0.001,3000.0,p_inst:0,1.0,0.0,1,61,0,p,m,gr,80,37,q
pname:p_inst:0_ptype:gr_usecol:q_pstyle:m_r:76_c:60_sp:37,none,factor,100.0,0.001,3000.0,p_inst:0,1.0,0.0,1,60,0,p,m,gr,76,37,q
pname:p_inst:0_ptype:gr_usecol:q_pstyle:m_r:80_c:60_sp:37,none,factor,100.0,0.001,3000.0,p_inst:0,1.0,0.0,1,60,0,p,m,gr,80,37,q
pname:p_inst:0_ptype:gr_usecol:q_pstyle:m_r:65_c:59_sp:37,none,factor,100.0,0.001,3000.0,p_inst:0,1.0,0.0,1,59,0,p,m,gr,65,37,q
pname:p_inst:0_ptype:gr_usecol:q_pstyle:m_r:62_c:47_sp:37,none,factor,100.0,0.001,3000.0,p_inst:0,1.0,0.0,1,47,0,p,m,gr,62,37,q
pname:p_inst:0_ptype:gr_usecol:q_pstyle:m_r:61_c:43_sp:37,none,factor,100.0,0.001,3000.0,p_inst:0,1.0,0.0,1,43,0,p,m,gr,61,37,q
pname:p_inst:0_ptype:gr_usecol:q_pstyle:m_r:77_c:51_sp:37,none,factor,100.0,0.001,3000.0,p_inst:0,1.0,0.0,1,51,0,p,m,gr,77,37,q
pname:p_inst:0_ptype:gr_usecol:q_pstyle:m_r:59_c:49_sp:37,none,factor,100.0,0.001,3000.0,p_inst:0,1.0,0.0,1,49,0,p,m,gr,59,37,q
pname:p_inst:0_ptype:gr_usecol:q_pstyle:m_r:40_c:48_sp:37,none,factor,100.0,0.001,3000.0,p_inst:0,1.0,0.0,1,48,0,p,m,gr,40,37,q
pname:p_inst:0_ptype:gr_usecol:q_pstyle:m_r:81_c:57_sp:37,none,factor,100.0,0.001,3000.0,p_inst:0,1.0,0.0,1,57,0,p,m,gr,81,37,q
pname:p_inst:0_ptype:gr_usecol:q_pstyle:m_r:65_c:52_sp:38,none,factor,100.0,0.001,3000.0,p_inst:0,1.0,0.0,1,52,0,p,m,gr,65,38,q
pname:p_inst:0_ptype:gr_usecol:q_pstyle:m_r:32_c:48_sp:38,none,factor,100.0,0.001,3000.0,p_inst:0,1.0,0.0,1,48,0,p,m,gr,32,38,q
pname:p_inst:0_ptype:gr_usecol:q_pstyle:m_r:35_c:56_sp:38,none,factor,100.0,0.001,3000.0,p_inst:0,1.0,0.0,1,56,0,p,m,gr,35,38,q
pname:p_inst:0_ptype:gr_usecol:q_pstyle:m_r:40_c:36_sp:38,none,factor,100.0,0.001,3000.0,p_inst:0,1.0,0.0,1,36,0,p,m,gr,40,38,q
pname:p_inst:0_ptype:gr_usecol:q_pstyle:m_r:59_c:34_sp:38,none,factor,100.0,0.001,3000.0,p_inst:0,1.0,0.0,1,34,0,p,m,gr,59,38,q
pname:p_inst:0_ptype:gr_usecol:q_pstyle:m_r:46_c:47_sp:38,none,factor,100.0,0.001,3000.0,p_inst:0,1.0,0.0,1,47,0,p,m,gr,46,38,q
pname:p_inst:0_ptype:gr_usecol:q_pstyle:m_r:46_c:52_sp:38,none,factor,100.0,0.001,3000.0,p_inst:0,1.0,0.0,1,52,0,p,m,gr,46,38,q
pname:p_inst:0_ptype:gr_usecol:q_pstyle:m_r:38_c:31_sp:38,none,factor,100.0,0.001,3000.0,p_inst:0,1.0,0.0,1,31,0,p,m,gr,38,38,q
pname:p_inst:0_ptype:gr_usecol:q_pstyle:m_r:52_c:39_sp:38,none,factor,100.0,0.001,3000.0,p_inst:0,1.0,0.0,1,39,0,p,m,gr,52,38,q
pname:p_inst:0_ptype:gr_usecol:q_pstyle:m_r:37_c:61_sp:38,none,factor,100.0,0.001,3000.0,p_inst:0,1.0,0.0,1,61,0,p,m,gr,37,38,q
pname:p_inst:0_ptype:gr_usecol:q_pstyle:m_r:80_c:61_sp:38,none,factor,100.0,0.001,3000.0,p_inst:0,1.0,0.0,1,61,0,p,m,gr,80,38,q
pname:p_inst:0_ptype:gr_usecol:q_pstyle:m_r:76_c:60_sp:38,none,factor,100.0,0.001,3000.0,p_inst:0,1.0,0.0,1,60,0,p,m,gr,76,38,q
pname:p_inst:0_ptype:gr_usecol:q_pstyle:m_r:80_c:60_sp:38,none,factor,100.0,0.001,3000.0,p_inst:0,1.0,0.0,1,60,0,p,m,gr,80,38,q
pname:p_inst:0_ptype:gr_usecol:q_pstyle:m_r:65_c:59_sp:38,none,factor,100.0,0.001,3000.0,p_inst:0,1.0,0.0,1,59,0,p,m,gr,65,38,q
pname:p_inst:0_ptype:gr_usecol:q_pstyle:m_r:62_c:47_sp:38,none,factor,100.0,0.001,3000.0,p_inst:0,1.0,0.0,1,47,0,p,m,gr,62,38,q
pname:p_inst:0_ptype:gr_usecol:q_pstyle:m_r:61_c:43_sp:38,none,factor,100.0,0.001,3000.0,p_inst:0,1.0,0.0,1,43,0,p,m,gr,61,38,q
pname:p_inst:0_ptype:gr_usecol:q_pstyle:m_r:77_c:51_sp:38,none,factor,100.0,0.001,3000.0,p_inst:0,1.0,0.0,1,51,0,p,m,gr,77,38,q
pname:p_inst:0_ptype:gr_usecol:q_pstyle:m_r:59_c:49_sp:38,none,factor,100.0,0.001,3000.0,p_inst:0,1.0,0.0,1,49,0,p,m,gr,59,38,q
pname:p_inst:0_ptype:gr_usecol:q_pstyle:m_r:40_c:48_sp:38,none,factor,100.0,0.001,3000.0,p_inst:0,1.0,0.0,1,48,0,p,m,gr,40,38,q
pname:p_inst:0_ptype:gr_usecol:q_pstyle:m_r:81_c:57_sp:38,none,factor,100.0,0.001,3000.0,p_inst:0,1.0,0.0,1,57,0,p,m,gr,81,38,q
pname:p_inst:0_ptype:gr_usecol:q_pstyle:m_r:65_c:52_sp:39,none,factor,100.0,0.001,3000.0,p_inst:0,1.0,0.0,1,52,0,p,m,gr,65,39,q
pname:p_inst:0_ptype:gr_usecol:q_pstyle:m_r:32_c:48_sp:39,none,factor,100.0,0.001,3000.0,p_inst:0,1.0,0.0,1,48,0,p,m,gr,32,39,q
pname:p_inst:0_ptype:gr_usecol:q_pstyle:m_r:35_c:56_sp:39,none,factor,100.0,0.001,3000.0,p_inst:0,1.0,0.0,1,56,0,p,m,gr,35,39,q
pname:p_inst:0_ptype:gr_usecol:q_pstyle:m_r:40_c:36_sp:39,none,factor,100.0,0.001,3000.0,p_inst:0,1.0,0.0,1,36,0,p,m,gr,40,39,q
pname:p_inst:0_ptype:gr_usecol:q_pstyle:m_r:59_c:34_sp:39,none,factor,100.0,0.001,3000.0,p_inst:0,1.0,0.0,1,34,0,p,m,gr,59,39,q
pname:p_inst:0_ptype:gr_usecol:q_pstyle:m_r:46_c:47_sp:39,none,factor,100.0,0.001,3000.0,p_inst:0,1.0,0.0,1,47,0,p,m,gr,46,39,q
pname:p_inst:0_ptype:gr_usecol:q_pstyle:m_r:46_c:52_sp:39,none,factor,100.0,0.001,3000.0,p_inst:0,1.0,0.0,1,52,0,p,m,gr,46,39,q
pname:p_inst:0_ptype:gr_usecol:q_pstyle:m_r:38_c:31_sp:39,none,factor,100.0,0.001,3000.0,p_inst:0,1.0,0.0,1,31,0,p,m,gr,38,39,q
pname:p_inst:0_ptype:gr_usecol:q_pstyle:m_r:52_c:39_sp:39,none,factor,100.0,0.001,3000.0,p_inst:0,1.0,0.0,1,39,0,p,m,gr,52,39,q
pname:p_inst:0_ptype:gr_usecol:q_pstyle:m_r:37_c:61_sp:39,none,factor,100.0,0.001,3000.0,p_inst:0,1.0,0.0,1,61,0,p,m,gr,37,39,q
pname:p_inst:0_ptype:gr_usecol:q_pstyle:m_r:80_c:61_sp:39,none,factor,100.0,0.001,3000.0,p_inst:0,1.0,0.0,1,61,0,p,m,gr,80,39,q
pname:p_inst:0_ptype:gr_usecol:q_pstyle:m_r:76_c:60_sp:39,none,factor,100.0,0.001,3000.0,p_inst:0,1.0,0.0,1,60,0,p,m,gr,76,39,q
pname:p_inst:0_ptype:gr_usecol:q_pstyle:m_r:80_c:60_sp:39,none,factor,100.0,0.001,3000.0,p_inst:0,1.0,0.0,1,60,0,p,m,gr,80,39,q
pname:p_inst:0_ptype:gr_usecol:q_pstyle:m_r:65_c:59_sp:39,none,factor,100.0,0.001,3000.0,p_inst:0,1.0,0.0,1,59,0,p,m,gr,65,39,q
pname:p_inst:0_ptype:gr_usecol:q_pstyle:m_r:62_c:47_sp:39,none,factor,100.0,0.001,3000.0,p_inst:0,1.0,0.0,1,47,0,p,m,gr,62,39,q
pname:p_inst:0_ptype:gr_usecol:q_pstyle:m_r:61_c:43_sp:39,none,factor,100.0,0.001,3000.0,p_inst:0,1.0,0.0,1,43,0,p,m,gr,61,39,q
pname:p_inst:0_ptype:gr_usecol:q_pstyle:m_r:77_c:51_sp:39,none,factor,100.0,0.001,3000.0,p_inst:0,1.0,0.0,1,51,0,p,m,gr,77,39,q
pname:p_inst:0_ptype:gr_usecol:q_pstyle:m_r:59_c:49_sp:39,none,factor,100.0,0.001,3000.0,p_inst:0,1.0,0.0,1,49,0,p,m,gr,59,39,q
pname:p_inst:0_ptype:gr_usecol:q_pstyle:m_r:40_c:48_sp:39,none,factor,100.0,0.001,3000.0,p_inst:0,1.0,0.0,1,48,0,p,m,gr,40,39,q
pname:p_inst:0_ptype:gr_usecol:q_pstyle:m_r:81_c:57_sp:39,none,factor,100.0,0.001,3000.0,p_inst:0,1.0,0.0,1,57,0,p,m,gr,81,39,q
pname:p_inst:0_ptype:gr_usecol:q_pstyle:m_r:65_c:52_sp:40,none,factor,100.0,0.001,3000.0,p_inst:0,1.0,0.0,1,52,0,p,m,gr,65,40,q
pname:p_inst:0_ptype:gr_usecol:q_pstyle:m_r:32_c:48_sp:40,none,factor,100.0,0.001,3000.0,p_inst:0,1.0,0.0,1,48,0,p,m,gr,32,40,q
pname:p_inst:0_ptype:gr_usecol:q_pstyle:m_r:35_c:56_sp:40,none,factor,100.0,0.001,3000.0,p_inst:0,1.0,0.0,1,56,0,p,m,gr,35,40,q
pname:p_inst:0_ptype:gr_usecol:q_pstyle:m_r:40_c:36_sp:40,none,factor,100.0,0.001,3000.0,p_inst:0,1.0,0.0,1,36,0,p,m,gr,40,40,q
pname:p_inst:0_ptype:gr_usecol:q_pstyle:m_r:59_c:34_sp:40,none,factor,100.0,0.001,3000.0,p_inst:0,1.0,0.0,1,34,0,p,m,gr,59,40,q
pname:p_inst:0_ptype:gr_usecol:q_pstyle:m_r:46_c:47_sp:40,none,factor,100.0,0.001,3000.0,p_inst:0,1.0,0.0,1,47,0,p,m,gr,46,40,q
pname:p_inst:0_ptype:gr_usecol:q_pstyle:m_r:46_c:52_sp:40,none,factor,100.0,0.001,3000.0,p_inst:0,1.0,0.0,1,52,0,p,m,gr,46,40,q
pname:p_inst:0_ptype:gr_usecol:q_pstyle:m_r:38_c:31_sp:40,none,factor,100.0,0.001,3000.0,p_inst:0,1.0,0.0,1,31,0,p,m,gr,38,40,q
pname:p_inst:0_ptype:gr_usecol:q_pstyle:m_r:52_c:39_sp:40,none,factor,100.0,0.001,3000.0,p_inst:0,1.0,0.0,1,39,0,p,m,gr,52,40,q
pname:p_inst:0_ptype:gr_usecol:q_pstyle:m_r:37_c:61_sp:40,none,factor,100.0,0.001,3000.0,p_inst:0,1.0,0.0,1,61,0,p,m,gr,37,40,q
pname:p_inst:0_ptype:gr_usecol:q_pstyle:m_r:80_c:61_sp:40,none,factor,100.0,0.001,3000.0,p_inst:0,1.0,0.0,1,61,0,p,m,gr,80,40,q
pname:p_inst:0_ptype:gr_usecol:q_pstyle:m_r:76_c:60_sp:40,none,factor,100.0,0.001,3000.0,p_inst:0,1.0,0.0,1,60,0,p,m,gr,76,40,q
pname:p_inst:0_ptype:gr_usecol:q_pstyle:m_r:80_c:60_sp:40,none,factor,100.0,0.001,3000.0,p_inst:0,1.0,0.0,1,60,0,p,m,gr,80,40,q
pname:p_inst:0_ptype:gr_usecol:q_pstyle:m_r:65_c:59_sp:40,none,factor,100.0,0.001,3000.0,p_inst:0,1.0,0.0,1,59,0,p,m,gr,65,40,q
pname:p_inst:0_ptype:gr_usecol:q_pstyle:m_r:62_c:47_sp:40,none,factor,100.0,0.001,3000.0,p_inst:0,1.0,0.0,1,47,0,p,m,gr,62,40,q
pname:p_inst:0_ptype:gr_usecol:q_pstyle:m_r:61_c:43_sp:40,none,factor,100.0,0.001,3000.0,p_inst:0,1.0,0.0,1,43,0,p,m,gr,61,40,q
pname:p_inst:0_ptype:gr_usecol:q_pstyle:m_r:77_c:51_sp:40,none,factor,100.0,0.001,3000.0,p_inst:0,1.0,0.0,1,51,0,p,m,gr,77,40,q
pname:p_inst:0_ptype:gr_usecol:q_pstyle:m_r:59_c:49_sp:40,none,factor,100.0,0.001,3000.0,p_inst:0,1.0,0.0,1,49,0,p,m,gr,59,40,q
pname:p_inst:0_ptype:gr_usecol:q_pstyle:m_r:40_c:48_sp:40,none,factor,100.0,0.001,3000.0,p_inst:0,1.0,0.0,1,48,0,p,m,gr,40,40,q
pname:p_inst:0_ptype:gr_usecol:q_pstyle:m_r:81_c:57_sp:40,none,factor,100.0,0.001,3000.0,p_inst:0,1.0,0.0,1,57,0,p,m,gr,81,40,q
pname:p_inst:0_ptype:gr_usecol:q_pstyle:m_r:65_c:52_sp:41,none,factor,100.0,0.001,3000.0,p_inst:0,1.0,0.0,1,52,0,p,m,gr,65,41,q
pname:p_inst:0_ptype:gr_usecol:q_pstyle:m_r:32_c:48_sp:41,none,factor,100.0,0.001,3000.0,p_inst:0,1.0,0.0,1,48,0,p,m,gr,32,41,q
pname:p_inst:0_ptype:gr_usecol:q_pstyle:m_r:35_c:56_sp:41,none,factor,100.0,0.001,3000.0,p_inst:0,1.0,0.0,1,56,0,p,m,gr,35,41,q
pname:p_inst:0_ptype:gr_usecol:q_pstyle:m_r:40_c:36_sp:41,none,factor,100.0,0.001,3000.0,p_inst:0,1.0,0.0,1,36,0,p,m,gr,40,41,q
pname:p_inst:0_ptype:gr_usecol:q_pstyle:m_r:59_c:34_sp:41,none,factor,100.0,0.001,3000.0,p_inst:0,1.0,0.0,1,34,0,p,m,gr,59,41,q
pname:p_inst:0_ptype:gr_usecol:q_pstyle:m_r:46_c:47_sp:41,none,factor,100.0,0.001,3000.0,p_inst:0,1.0,0.0,1,47,0,p,m,gr,46,41,q
pname:p_inst:0_ptype:gr_usecol:q_pstyle:m_r:46_c:52_sp:41,none,factor,100.0,0.001,3000.0,p_inst:0,1.0,0.0,1,52,0,p,m,gr,46,41,q
pname:p_inst:0_ptype:gr_usecol:q_pstyle:m_r:38_c:31_sp:41,none,factor,100.0,0.001,3000.0,p_inst:0,1.0,0.0,1,31,0,p,m,gr,38,41,q
pname:p_inst:0_ptype:gr_usecol:q_pstyle:m_r:52_c:39_sp:41,none,factor,100.0,0.001,3000.0,p_inst:0,1.0,0.0,1,39,0,p,m,gr,52,41,q
pname:p_inst:0_ptype:gr_usecol:q_pstyle:m_r:37_c:61_sp:41,none,factor,100.0,0.001,3000.0,p_inst:0,1.0,0.0,1,61,0,p,m,gr,37,41,q
pname:p_inst:0_ptype:gr_usecol:q_pstyle:m_r:80_c:61_sp:41,none,factor,100.0,0.001,3000.0,p_inst:0,1.0,0.0,1,61,0,p,m,gr,80,41,q
pname:p_inst:0_ptype:gr_usecol:q_pstyle:m_r:76_c:60_sp:41,none,factor,100.0,0.001,3000.0,p_inst:0,1.0,0.0,1,60,0,p,m,gr,76,41,q
pname:p_inst:0_ptype:gr_usecol:q_pstyle:m_r:80_c:60_sp:41,none,factor,100.0,0.001,3000.0,p_inst:0,1.0,0.0,1,60,0,p,m,gr,80,41,q
pname:p_inst:0_ptype:gr_usecol:q_pstyle:m_r:65_c:59_sp:41,none,factor,100.0,0.001,3000.0,p_inst:0,1.0,0.0,1,59,0,p,m,gr,65,41,q
pname:p_inst:0_ptype:gr_usecol:q_pstyle:m_r:62_c:47_sp:41,none,factor,100.0,0.001,3000.0,p_inst:0,1.0,0.0,1,47,0,p,m,gr,62,41,q
pname:p_inst:0_ptype:gr_usecol:q_pstyle:m_r:61_c:43_sp:41,none,factor,100.0,0.001,3000.0,p_inst:0,1.0,0.0,1,43,0,p,m,gr,61,41,q
pname:p_inst:0_ptype:gr_usecol:q_pstyle:m_r:77_c:51_sp:41,none,factor,100.0,0.001,3000.0,p_inst:0,1.0,0.0,1,51,0,p,m,gr,77,41,q
pname:p_inst:0_ptype:gr_usecol:q_pstyle:m_r:59_c:49_sp:41,none,factor,100.0,0.001,3000.0,p_inst:0,1.0,0.0,1,49,0,p,m,gr,59,41,q
pname:p_inst:0_ptype:gr_usecol:q_pstyle:m_r:40_c:48_sp:41,none,factor,100.0,0.001,3000.0,p_inst:0,1.0,0.0,1,48,0,p,m,gr,40,41,q
pname:p_inst:0_ptype:gr_usecol:q_pstyle:m_r:81_c:57_sp:41,none,factor,100.0,0.001,3000.0,p_inst:0,1.0,0.0,1,57,0,p,m,gr,81,41,q
pname:p_inst:0_ptype:gr_usecol:q_pstyle:m_r:65_c:52_sp:42,none,factor,100.0,0.001,3000.0,p_inst:0,1.0,0.0,1,52,0,p,m,gr,65,42,q
pname:p_inst:0_ptype:gr_usecol:q_pstyle:m_r:32_c:48_sp:42,none,factor,100.0,0.001,3000.0,p_inst:0,1.0,0.0,1,48,0,p,m,gr,32,42,q
pname:p_inst:0_ptype:gr_usecol:q_pstyle:m_r:35_c:56_sp:42,none,factor,100.0,0.001,3000.0,p_inst:0,1.0,0.0,1,56,0,p,m,gr,35,42,q
pname:p_inst:0_ptype:gr_usecol:q_pstyle:m_r:40_c:36_sp:42,none,factor,100.0,0.001,3000.0,p_inst:0,1.0,0.0,1,36,0,p,m,gr,40,42,q
pname:p_inst:0_ptype:gr_usecol:q_pstyle:m_r:59_c:34_sp:42,none,factor,100.0,0.001,3000.0,p_inst:0,1.0,0.0,1,34,0,p,m,gr,59,42,q
pname:p_inst:0_ptype:gr_usecol:q_pstyle:m_r:46_c:47_sp:42,none,factor,100.0,0.001,3000.0,p_inst:0,1.0,0.0,1,47,0,p,m,gr,46,42,q
pname:p_inst:0_ptype:gr_usecol:q_pstyle:m_r:46_c:52_sp:42,none,factor,100.0,0.001,3000.0,p_inst:0,1.0,0.0,1,52,0,p,m,gr,46,42,q
pname:p_inst:0_ptype:gr_usecol:q_pstyle:m_r:38_c:31_sp:42,none,factor,100.0,0.001,3000.0,p_inst:0,1.0,0.0,1,31,0,p,m,gr,38,42,q
pname:p_inst:0_ptype:gr_usecol:q_pstyle:m_r:52_c:39_sp:42,none,factor,100.0,0.001,3000.0,p_inst:0,1.0,0.0,1,39,0,p,m,gr,52,42,q
pname:p_inst:0_ptype:gr_usecol:q_pstyle:m_r:37_c:61_sp:42,none,factor,100.0,0.001,3000.0,p_inst:0,1.0,0.0,1,61,0,p,m,gr,37,42,q
pname:p_inst:0_ptype:gr_usecol:q_pstyle:m_r:80_c:61_sp:42,none,factor,100.0,0.001,3000.0,p_inst:0,1.0,0.0,1,61,0,p,m,gr,80,42,q
pname:p_inst:0_ptype:gr_usecol:q_pstyle:m_r:76_c:60_sp:42,none,factor,100.0,0.001,3000.0,p_inst:0,1.0,0.0,1,60,0,p,m,gr,76,42,q
pname:p_inst:0_ptype:gr_usecol:q_pstyle:m_r:80_c:60_sp:42,none,factor,100.0,0.001,3000.0,p_inst:0,1.0,0.0,1,60,0,p,m,gr,80,42,q
pname:p_inst:0_ptype:gr_usecol:q_pstyle:m_r:65_c:59_sp:42,none,factor,100.0,0.001,3000.0,p_inst:0,1.0,0.0,1,59,0,p,m,gr,65,42,q
pname:p_inst:0_ptype:gr_usecol:q_pstyle:m_r:62_c:47_sp:42,none,factor,100.0,0.001,3000.0,p_inst:0,1.0,0.0,1,47,0,p,m,gr,62,42,q
pname:p_inst:0_ptype:gr_usecol:q_pstyle:m_r:61_c:43_sp:42,none,factor,100.0,0.001,3000.0,p_inst:0,1.0,0.0,1,43,0,p,m,gr,61,42,q
pname:p_inst:0_ptype:gr_usecol:q_pstyle:m_r:77_c:51_sp:42,none,factor,100.0,0.001,3000.0,p_inst:0,1.0,0.0,1,51,0,p,m,gr,77,42,q
pname:p_inst:0_ptype:gr_usecol:q_pstyle:m_r:59_c:49_sp:42,none,factor,100.0,0.001,3000.0,p_inst:0,1.0,0.0,1,49,0,p,m,gr,59,42,q
pname:p_inst:0_ptype:gr_usecol:q_pstyle:m_r:40_c:48_sp:42,none,factor,100.0,0.001,3000.0,p_inst:0,1.0,0.0,1,48,0,p,m,gr,40,42,q
pname:p_inst:0_ptype:gr_usecol:q_pstyle:m_r:81_c:57_sp:42,none,factor,100.0,0.001,3000.0,p_inst:0,1.0,0.0,1,57,0,p,m,gr,81,42,q
pname:p_inst:0_ptype:gr_usecol:q_pstyle:m_r:65_c:52_sp:43,none,factor,100.0,0.001,3000.0,p_inst:0,1.0,0.0,1,52,0,p,m,gr,65,43,q
pname:p_inst:0_ptype:gr_usecol:q_pstyle:m_r:32_c:48_sp:43,none,factor,100.0,0.001,3000.0,p_inst:0,1.0,0.0,1,48,0,p,m,gr,32,43,q
pname:p_inst:0_ptype:gr_usecol:q_pstyle:m_r:35_c:56_sp:43,none,factor,100.0,0.001,3000.0,p_inst:0,1.0,0.0,1,56,0,p,m,gr,35,43,q
pname:p_inst:0_ptype:gr_usecol:q_pstyle:m_r:40_c:36_sp:43,none,factor,100.0,0.001,3000.0,p_inst:0,1.0,0.0,1,36,0,p,m,gr,40,43,q
pname:p_inst:0_ptype:gr_usecol:q_pstyle:m_r:59_c:34_sp:43,none,factor,100.0,0.001,3000.0,p_inst:0,1.0,0.0,1,34,0,p,m,gr,59,43,q
pname:p_inst:0_ptype:gr_usecol:q_pstyle:m_r:46_c:47_sp:43,none,factor,100.0,0.001,3000.0,p_inst:0,1.0,0.0,1,47,0,p,m,gr,46,43,q
pname:p_inst:0_ptype:gr_usecol:q_pstyle:m_r:46_c:52_sp:43,none,factor,100.0,0.001,3000.0,p_inst:0,1.0,0.0,1,52,0,p,m,gr,46,43,q
pname:p_inst:0_ptype:gr_usecol:q_pstyle:m_r:38_c:31_sp:43,none,factor,100.0,0.001,3000.0,p_inst:0,1.0,0.0,1,31,0,p,m,gr,38,43,q
pname:p_inst:0_ptype:gr_usecol:q_pstyle:m_r:52_c:39_sp:43,none,factor,100.0,0.001,3000.0,p_inst:0,1.0,0.0,1,39,0,p,m,gr,52,43,q
pname:p_inst:0_ptype:gr_usecol:q_pstyle:m_r:37_c:61_sp:43,none,factor,100.0,0.001,3000.0,p_inst:0,1.0,0.0,1,61,0,p,m,gr,37,43,q
pname:p_inst:0_ptype:gr_usecol:q_pstyle:m_r:80_c:61_sp:43,none,factor,100.0,0.001,3000.0,p_inst:0,1.0,0.0,1,61,0,p,m,gr,80,43,q
pname:p_inst:0_ptype:gr_usecol:q_pstyle:m_r:76_c:60_sp:43,none,factor,100.0,0.001,3000.0,p_inst:0,1.0,0.0,1,60,0,p,m,gr,76,43,q
pname:p_inst:0_ptype:gr_usecol:q_pstyle:m_r:80_c:60_sp:43,none,factor,100.0,0.001,3000.0,p_inst:0,1.0,0.0,1,60,0,p,m,gr,80,43,q
pname:p_inst:0_ptype:gr_usecol:q_pstyle:m_r:65_c:59_sp:43,none,factor,100.0,0.001,3000.0,p_inst:0,1.0,0.0,1,59,0,p,m,gr,65,43,q
pname:p_inst:0_ptype:gr_usecol:q_pstyle:m_r:62_c:47_sp:43,none,factor,100.0,0.001,3000.0,p_inst:0,1.0,0.0,1,47,0,p,m,gr,62,43,q
pname:p_inst:0_ptype:gr_usecol:q_pstyle:m_r:61_c:43_sp:43,none,factor,100.0,0.001,3000.0,p_inst:0,1.0,0.0,1,43,0,p,m,gr,61,43,q
pname:p_inst:0_ptype:gr_usecol:q_pstyle:m_r:77_c:51_sp:43,none,factor,100.0,0.001,3000.0,p_inst:0,1.0,0.0,1,51,0,p,m,gr,77,43,q
pname:p_inst:0_ptype:gr_usecol:q_pstyle:m_r:59_c:49_sp:43,none,factor,100.0,0.001,3000.0,p_inst:0,1.0,0.0,1,49,0,p,m,gr,59,43,q
pname:p_inst:0_ptype:gr_usecol:q_pstyle:m_r:40_c:48_sp:43,none,factor,100.0,0.001,3000.0,p_inst:0,1.0,0.0,1,48,0,p,m,gr,40,43,q
pname:p_inst:0_ptype:gr_usecol:q_pstyle:m_r:81_c:57_sp:43,none,factor,100.0,0.001,3000.0,p_inst:0,1.0,0.0,1,57,0,p,m,gr,81,43,q
pname:p_inst:0_ptype:gr_usecol:q_pstyle:m_r:65_c:52_sp:44,none,factor,100.0,0.001,3000.0,p_inst:0,1.0,0.0,1,52,0,p,m,gr,65,44,q
pname:p_inst:0_ptype:gr_usecol:q_pstyle:m_r:32_c:48_sp:44,none,factor,100.0,0.001,3000.0,p_inst:0,1.0,0.0,1,48,0,p,m,gr,32,44,q
pname:p_inst:0_ptype:gr_usecol:q_pstyle:m_r:35_c:56_sp:44,none,factor,100.0,0.001,3000.0,p_inst:0,1.0,0.0,1,56,0,p,m,gr,35,44,q
pname:p_inst:0_ptype:gr_usecol:q_pstyle:m_r:40_c:36_sp:44,none,factor,100.0,0.001,3000.0,p_inst:0,1.0,0.0,1,36,0,p,m,gr,40,44,q
pname:p_inst:0_ptype:gr_usecol:q_pstyle:m_r:59_c:34_sp:44,none,factor,100.0,0.001,3000.0,p_inst:0,1.0,0.0,1,34,0,p,m,gr,59,44,q
pname:p_inst:0_ptype:gr_usecol:q_pstyle:m_r:46_c:47_sp:44,none,factor,100.0,0.001,3000.0,p_inst:0,1.0,0.0,1,47,0,p,m,gr,46,44,q
pname:p_inst:0_ptype:gr_usecol:q_pstyle:m_r:46_c:52_sp:44,none,factor,100.0,0.001,3000.0,p_inst:0,1.0,0.0,1,52,0,p,m,gr,46,44,q
pname:p_inst:0_ptype:gr_usecol:q_pstyle:m_r:38_c:31_sp:44,none,factor,100.0,0.001,3000.0,p_inst:0,1.0,0.0,1,31,0,p,m,gr,38,44,q
pname:p_inst:0_ptype:gr_usecol:q_pstyle:m_r:52_c:39_sp:44,none,factor,100.0,0.001,3000.0,p_inst:0,1.0,0.0,1,39,0,p,m,gr,52,44,q
pname:p_inst:0_ptype:gr_usecol:q_pstyle:m_r:37_c:61_sp:44,none,factor,100.0,0.001,3000.0,p_inst:0,1.0,0.0,1,61,0,p,m,gr,37,44,q
pname:p_inst:0_ptype:gr_usecol:q_pstyle:m_r:80_c:61_sp:44,none,factor,100.0,0.001,3000.0,p_inst:0,1.0,0.0,1,61,0,p,m,gr,80,44,q
pname:p_inst:0_ptype:gr_usecol:q_pstyle:m_r:76_c:60_sp:44,none,factor,100.0,0.001,3000.0,p_inst:0,1.0,0.0,1,60,0,p,m,gr,76,44,q
pname:p_inst:0_ptype:gr_usecol:q_pstyle:m_r:80_c:60_sp:44,none,factor,100.0,0.001,3000.0,p_inst:0,1.0,0.0,1,60,0,p,m,gr,80,44,q
pname:p_inst:0_ptype:gr_usecol:q_pstyle:m_r:65_c:59_sp:44,none,factor,100.0,0.001,3000.0,p_inst:0,1.0,0.0,1,59,0,p,m,gr,65,44,q
pname:p_inst:0_ptype:gr_usecol:q_pstyle:m_r:62_c:47_sp:44,none,factor,100.0,0.001,3000.0,p_inst:0,1.0,0.0,1,47,0,p,m,gr,62,44,q
pname:p_inst:0_ptype:gr_usecol:q_pstyle:m_r:61_c:43_sp:44,none,factor,100.0,0.001,3000.0,p_inst:0,1.0,0.0,1,43,0,p,m,gr,61,44,q
pname:p_inst:0_ptype:gr_usecol:q_pstyle:m_r:77_c:51_sp:44,none,factor,100.0,0.001,3000.0,p_inst:0,1.0,0.0,1,51,0,p,m,gr,77,44,q
pname:p_inst:0_ptype:gr_usecol:q_pstyle:m_r:59_c:49_sp:44,none,factor,100.0,0.001,3000.0,p_inst:0,1.0,0.0,1,49,0,p,m,gr,59,44,q
pname:p_inst:0_ptype:gr_usecol:q_pstyle:m_r:40_c:48_sp:44,none,factor,100.0,0.001,3000.0,p_inst:0,1.0,0.0,1,48,0,p,m,gr,40,44,q
pname:p_inst:0_ptype:gr_usecol:q_pstyle:m_r:81_c:57_sp:44,none,factor,100.0,0.001,3000.0,p_inst:0,1.0,0.0,1,57,0,p,m,gr,81,44,q
pname:p_inst:0_ptype:gr_usecol:q_pstyle:m_r:65_c:52_sp:45,none,factor,100.0,0.001,3000.0,p_inst:0,1.0,0.0,1,52,0,p,m,gr,65,45,q
pname:p_inst:0_ptype:gr_usecol:q_pstyle:m_r:32_c:48_sp:45,none,factor,100.0,0.001,3000.0,p_inst:0,1.0,0.0,1,48,0,p,m,gr,32,45,q
pname:p_inst:0_ptype:gr_usecol:q_pstyle:m_r:35_c:56_sp:45,none,factor,100.0,0.001,3000.0,p_inst:0,1.0,0.0,1,56,0,p,m,gr,35,45,q
pname:p_inst:0_ptype:gr_usecol:q_pstyle:m_r:40_c:36_sp:45,none,factor,100.0,0.001,3000.0,p_inst:0,1.0,0.0,1,36,0,p,m,gr,40,45,q
pname:p_inst:0_ptype:gr_usecol:q_pstyle:m_r:59_c:34_sp:45,none,factor,100.0,0.001,3000.0,p_inst:0,1.0,0.0,1,34,0,p,m,gr,59,45,q
pname:p_inst:0_ptype:gr_usecol:q_pstyle:m_r:46_c:47_sp:45,none,factor,100.0,0.001,3000.0,p_inst:0,1.0,0.0,1,47,0,p,m,gr,46,45,q
pname:p_inst:0_ptype:gr_usecol:q_pstyle:m_r:46_c:52_sp:45,none,factor,100.0,0.001,3000.0,p_inst:0,1.0,0.0,1,52,0,p,m,gr,46,45,q
pname:p_inst:0_ptype:gr_usecol:q_pstyle:m_r:38_c:31_sp:45,none,factor,100.0,0.001,3000.0,p_inst:0,1.0,0.0,1,31,0,p,m,gr,38,45,q
pname:p_inst:0_ptype:gr_usecol:q_pstyle:m_r:52_c:39_sp:45,none,factor,100.0,0.001,3000.0,p_inst:0,1.0,0.0,1,39,0,p,m,gr,52,45,q
pname:p_inst:0_ptype:gr_usecol:q_pstyle:m_r:37_c:61_sp:45,none,factor,100.0,0.001,3000.0,p_inst:0,1.0,0.0,1,61,0,p,m,gr,37,45,q
pname:p_inst:0_ptype:gr_usecol:q_pstyle:m_r:80_c:61_sp:45,none,factor,100.0,0.001,3000.0,p_inst:0,1.0,0.0,1,61,0,p,m,gr,80,45,q
pname:p_inst:0_ptype:gr_usecol:q_pstyle:m_r:76_c:60_sp:45,none,factor,100.0,0.001,3000.0,p_inst:0,1.0,0.0,1,60,0,p,m,gr,76,45,q
pname:p_inst:0_ptype:gr_usecol:q_pstyle:m_r:80_c:60_sp:45,none,factor,100.0,0.001,3000.0,p_inst:0,1.0,0.0,1,60,0,p,m,gr,80,45,q
pname:p_inst:0_ptype:gr_usecol:q_pstyle:m_r:65_c:59_sp:45,none,factor,100.0,0.001,3000.0,p_inst:0,1.0,0.0,1,59,0,p,m,gr,65,45,q
pname:p_inst:0_ptype:gr_usecol:q_pstyle:m_r:62_c:47_sp:45,none,factor,100.0,0.001,3000.0,p_inst:0,1.0,0.0,1,47,0,p,m,gr,62,45,q
pname:p_inst:0_ptype:gr_usecol:q_pstyle:m_r:61_c:43_sp:45,none,factor,100.0,0.001,3000.0,p_inst:0,1.0,0.0,1,43,0,p,m,gr,61,45,q
pname:p_inst:0_ptype:gr_usecol:q_pstyle:m_r:77_c:51_sp:45,none,factor,100.0,0.001,3000.0,p_inst:0,1.0,0.0,1,51,0,p,m,gr,77,45,q
pname:p_inst:0_ptype:gr_usecol:q_pstyle:m_r:59_c:49_sp:45,none,factor,100.0,0.001,3000.0,p_inst:0,1.0,0.0,1,49,0,p,m,gr,59,45,q
pname:p_inst:0_ptype:gr_usecol:q_pstyle:m_r:40_c:48_sp:45,none,factor,100.0,0.001,3000.0,p_inst:0,1.0,0.0,1,48,0,p,m,gr,40,45,q
pname:p_inst:0_ptype:gr_usecol:q_pstyle:m_r:81_c:57_sp:45,none,factor,100.0,0.001,3000.0,p_inst:0,1.0,0.0,1,57,0,p,m,gr,81,45,q
pname:p_inst:0_ptype:gr_usecol:q_pstyle:m_r:65_c:52_sp:46,none,factor,100.0,0.001,3000.0,p_inst:0,1.0,0.0,1,52,0,p,m,gr,65,46,q
pname:p_inst:0_ptype:gr_usecol:q_pstyle:m_r:32_c:48_sp:46,none,factor,100.0,0.001,3000.0,p_inst:0,1.0,0.0,1,48,0,p,m,gr,32,46,q
pname:p_inst:0_ptype:gr_usecol:q_pstyle:m_r:35_c:56_sp:46,none,factor,100.0,0.001,3000.0,p_inst:0,1.0,0.0,1,56,0,p,m,gr,35,46,q
pname:p_inst:0_ptype:gr_usecol:q_pstyle:m_r:40_c:36_sp:46,none,factor,100.0,0.001,3000.0,p_inst:0,1.0,0.0,1,36,0,p,m,gr,40,46,q
pname:p_inst:0_ptype:gr_usecol:q_pstyle:m_r:59_c:34_sp:46,none,factor,100.0,0.001,3000.0,p_inst:0,1.0,0.0,1,34,0,p,m,gr,59,46,q
pname:p_inst:0_ptype:gr_usecol:q_pstyle:m_r:46_c:47_sp:46,none,factor,100.0,0.001,3000.0,p_inst:0,1.0,0.0,1,47,0,p,m,gr,46,46,q
pname:p_inst:0_ptype:gr_usecol:q_pstyle:m_r:46_c:52_sp:46,none,factor,100.0,0.001,3000.0,p_inst:0,1.0,0.0,1,52,0,p,m,gr,46,46,q
pname:p_inst:0_ptype:gr_usecol:q_pstyle:m_r:38_c:31_sp:46,none,factor,100.0,0.001,3000.0,p_inst:0,1.0,0.0,1,31,0,p,m,gr,38,46,q
pname:p_inst:0_ptype:gr_usecol:q_pstyle:m_r:52_c:39_sp:46,none,factor,100.0,0.001,3000.0,p_inst:0,1.0,0.0,1,39,0,p,m,gr,52,46,q
pname:p_inst:0_ptype:gr_usecol:q_pstyle:m_r:37_c:61_sp:46,none,factor,100.0,0.001,3000.0,p_inst:0,1.0,0.0,1,61,0,p,m,gr,37,46,q
pname:p_inst:0_ptype:gr_usecol:q_pstyle:m_r:80_c:61_sp:46,none,factor,100.0,0.001,3000.0,p_inst:0,1.0,0.0,1,61,0,p,m,gr,80,46,q
pname:p_inst:0_ptype:gr_usecol:q_pstyle:m_r:76_c:60_sp:46,none,factor,100.0,0.001,3000.0,p_inst:0,1.0,0.0,1,60,0,p,m,gr,76,46,q
pname:p_inst:0_ptype:gr_usecol:q_pstyle:m_r:80_c:60_sp:46,none,factor,100.0,0.001,3000.0,p_inst:0,1.0,0.0,1,60,0,p,m,gr,80,46,q
pname:p_inst:0_ptype:gr_usecol:q_pstyle:m_r:65_c:59_sp:46,none,factor,100.0,0.001,3000.0,p_inst:0,1.0,0.0,1,59,0,p,m,gr,65,46,q
pname:p_inst:0_ptype:gr_usecol:q_pstyle:m_r:62_c:47_sp:46,none,factor,100.0,0.001,3000.0,p_inst:0,1.0,0.0,1,47,0,p,m,gr,62,46,q
pname:p_inst:0_ptype:gr_usecol:q_pstyle:m_r:61_c:43_sp:46,none,factor,100.0,0.001,3000.0,p_inst:0,1.0,0.0,1,43,0,p,m,gr,61,46,q
pname:p_inst:0_ptype:gr_usecol:q_pstyle:m_r:77_c:51_sp:46,none,factor,100.0,0.001,3000.0,p_inst:0,1.0,0.0,1,51,0,p,m,gr,77,46,q
pname:p_inst:0_ptype:gr_usecol:q_pstyle:m_r:59_c:49_sp:46,none,factor,100.0,0.001,3000.0,p_inst:0,1.0,0.0,1,49,0,p,m,gr,59,46,q
pname:p_inst:0_ptype:gr_usecol:q_pstyle:m_r:40_c:48_sp:46,none,factor,100.0,0.001,3000.0,p_inst:0,1.0,0.0,1,48,0,p,m,gr,40,46,q
pname:p_inst:0_ptype:gr_usecol:q_pstyle:m_r:81_c:57_sp:46,none,factor,100.0,0.001,3000.0,p_inst:0,1.0,0.0,1,57,0,p,m,gr,81,46,q
pname:p_inst:0_ptype:gr_usecol:q_pstyle:m_r:65_c:52_sp:47,none,factor,100.0,0.001,3000.0,p_inst:0,1.0,0.0,1,52,0,p,m,gr,65,47,q
pname:p_inst:0_ptype:gr_usecol:q_pstyle:m_r:32_c:48_sp:47,none,factor,100.0,0.001,3000.0,p_inst:0,1.0,0.0,1,48,0,p,m,gr,32,47,q
pname:p_inst:0_ptype:gr_usecol:q_pstyle:m_r:35_c:56_sp:47,none,factor,100.0,0.001,3000.0,p_inst:0,1.0,0.0,1,56,0,p,m,gr,35,47,q
pname:p_inst:0_ptype:gr_usecol:q_pstyle:m_r:40_c:36_sp:47,none,factor,100.0,0.001,3000.0,p_inst:0,1.0,0.0,1,36,0,p,m,gr,40,47,q
pname:p_inst:0_ptype:gr_usecol:q_pstyle:m_r:59_c:34_sp:47,none,factor,100.0,0.001,3000.0,p_inst:0,1.0,0.0,1,34,0,p,m,gr,59,47,q
pname:p_inst:0_ptype:gr_usecol:q_pstyle:m_r:46_c:47_sp:47,none,factor,100.0,0.001,3000.0,p_inst:0,1.0,0.0,1,47,0,p,m,gr,46,47,q
pname:p_inst:0_ptype:gr_usecol:q_pstyle:m_r:46_c:52_sp:47,none,factor,100.0,0.001,3000.0,p_inst:0,1.0,0.0,1,52,0,p,m,gr,46,47,q
pname:p_inst:0_ptype:gr_usecol:q_pstyle:m_r:38_c:31_sp:47,none,factor,100.0,0.001,3000.0,p_inst:0,1.0,0.0,1,31,0,p,m,gr,38,47,q
pname:p_inst:0_ptype:gr_usecol:q_pstyle:m_r:52_c:39_sp:47,none,factor,100.0,0.001,3000.0,p_inst:0,1.0,0.0,1,39,0,p,m,gr,52,47,q
pname:p_inst:0_ptype:gr_usecol:q_pstyle:m_r:37_c:61_sp:47,none,factor,100.0,0.001,3000.0,p_inst:0,1.0,0.0,1,61,0,p,m,gr,37,47,q
pname:p_inst:0_ptype:gr_usecol:q_pstyle:m_r:80_c:61_sp:47,none,factor,100.0,0.001,3000.0,p_inst:0,1.0,0.0,1,61,0,p,m,gr,80,47,q
pname:p_inst:0_ptype:gr_usecol:q_pstyle:m_r:76_c:60_sp:47,none,factor,100.0,0.001,3000.0,p_inst:0,1.0,0.0,1,60,0,p,m,gr,76,47,q
pname:p_inst:0_ptype:gr_usecol:q_pstyle:m_r:80_c:60_sp:47,none,factor,100.0,0.001,3000.0,p_inst:0,1.0,0.0,1,60,0,p,m,gr,80,47,q
pname:p_inst:0_ptype:gr_usecol:q_pstyle:m_r:65_c:59_sp:47,none,factor,100.0,0.001,3000.0,p_inst:0,1.0,0.0,1,59,0,p,m,gr,65,47,q
pname:p_inst:0_ptype:gr_usecol:q_pstyle:m_r:62_c:47_sp:47,none,factor,100.0,0.001,3000.0,p_inst:0,1.0,0.0,1,47,0,p,m,gr,62,47,q
pname:p_inst:0_ptype:gr_usecol:q_pstyle:m_r:61_c:43_sp:47,none,factor,100.0,0.001,3000.0,p_inst:0,1.0,0.0,1,43,0,p,m,gr,61,47,q
pname:p_inst:0_ptype:gr_usecol:q_pstyle:m_r:77_c:51_sp:47,none,factor,100.0,0.001,3000.0,p_inst:0,1.0,0.0,1,51,0,p,m,gr,77,47,q
pname:p_inst:0_ptype:gr_usecol:q_pstyle:m_r:59_c:49_sp:47,none,factor,100.0,0.001,3000.0,p_inst:0,1.0,0.0,1,49,0,p,m,gr,59,47,q
pname:p_inst:0_ptype:gr_usecol:q_pstyle:m_r:40_c:48_sp:47,none,factor,100.0,0.001,3000.0,p_inst:0,1.0,0.0,1,48,0,p,m,gr,40,47,q
pname:p_inst:0_ptype:gr_usecol:q_pstyle:m_r:81_c:57_sp:47,none,factor,100.0,0.001,3000.0,p_inst:0,1.0,0.0,1,57,0,p,m,gr,81,47,q
pname:p_inst:0_ptype:gr_usecol:q_pstyle:m_r:65_c:52_sp:48,none,factor,100.0,0.001,3000.0,p_inst:0,1.0,0.0,1,52,0,p,m,gr,65,48,q
pname:p_inst:0_ptype:gr_usecol:q_pstyle:m_r:32_c:48_sp:48,none,factor,100.0,0.001,3000.0,p_inst:0,1.0,0.0,1,48,0,p,m,gr,32,48,q
pname:p_inst:0_ptype:gr_usecol:q_pstyle:m_r:35_c:56_sp:48,none,factor,100.0,0.001,3000.0,p_inst:0,1.0,0.0,1,56,0,p,m,gr,35,48,q
pname:p_inst:0_ptype:gr_usecol:q_pstyle:m_r:40_c:36_sp:48,none,factor,100.0,0.001,3000.0,p_inst:0,1.0,0.0,1,36,0,p,m,gr,40,48,q
pname:p_inst:0_ptype:gr_usecol:q_pstyle:m_r:59_c:34_sp:48,none,factor,100.0,0.001,3000.0,p_inst:0,1.0,0.0,1,34,0,p,m,gr,59,48,q
pname:p_inst:0_ptype:gr_usecol:q_pstyle:m_r:46_c:47_sp:48,none,factor,100.0,0.001,3000.0,p_inst:0,1.0,0.0,1,47,0,p,m,gr,46,48,q
pname:p_inst:0_ptype:gr_usecol:q_pstyle:m_r:46_c:52_sp:48,none,factor,100.0,0.001,3000.0,p_inst:0,1.0,0.0,1,52,0,p,m,gr,46,48,q
pname:p_inst:0_ptype:gr_usecol:q_pstyle:m_r:38_c:31_sp:48,none,factor,100.0,0.001,3000.0,p_inst:0,1.0,0.0,1,31,0,p,m,gr,38,48,q
pname:p_inst:0_ptype:gr_usecol:q_pstyle:m_r:52_c:39_sp:48,none,factor,100.0,0.001,3000.0,p_inst:0,1.0,0.0,1,39,0,p,m,gr,52,48,q
pname:p_inst:0_ptype:gr_usecol:q_pstyle:m_r:37_c:61_sp:48,none,factor,100.0,0.001,3000.0,p_inst:0,1.0,0.0,1,61,0,p,m,gr,37,48,q
pname:p_inst:0_ptype:gr_usecol:q_pstyle:m_r:80_c:61_sp:48,none,factor,100.0,0.001,3000.0,p_inst:0,1.0,0.0,1,61,0,p,m,gr,80,48,q
pname:p_inst:0_ptype:gr_usecol:q_pstyle:m_r:76_c:60_sp:48,none,factor,100.0,0.001,3000.0,p_inst:0,1.0,0.0,1,60,0,p,m,gr,76,48,q
pname:p_inst:0_ptype:gr_usecol:q_pstyle:m_r:80_c:60_sp:48,none,factor,100.0,0.001,3000.0,p_inst:0,1.0,0.0,1,60,0,p,m,gr,80,48,q
pname:p_inst:0_ptype:gr_usecol:q_pstyle:m_r:65_c:59_sp:48,none,factor,100.0,0.001,3000.0,p_inst:0,1.0,0.0,1,59,0,p,m,gr,65,48,q
pname:p_inst:0_ptype:gr_usecol:q_pstyle:m_r:62_c:47_sp:48,none,factor,100.0,0.001,3000.0,p_inst:0,1.0,0.0,1,47,0,p,m,gr,62,48,q
pname:p_inst:0_ptype:gr_usecol:q_pstyle:m_r:61_c:43_sp:48,none,factor,100.0,0.001,3000.0,p_inst:0,1.0,0.0,1,43,0,p,m,gr,61,48,q
pname:p_inst:0_ptype:gr_usecol:q_pstyle:m_r:77_c:51_sp:48,none,factor,100.0,0.001,3000.0,p_inst:0,1.0,0.0,1,51,0,p,m,gr,77,48,q
pname:p_inst:0_ptype:gr_usecol:q_pstyle:m_r:59_c:49_sp:48,none,factor,100.0,0.001,3000.0,p_inst:0,1.0,0.0,1,49,0,p,m,gr,59,48,q
pname:p_inst:0_ptype:gr_usecol:q_pstyle:m_r:40_c:48_sp:48,none,factor,100.0,0.001,3000.0,p_inst:0,1.0,0.0,1,48,0,p,m,gr,40,48,q
pname:p_inst:0_ptype:gr_usecol:q_pstyle:m_r:81_c:57_sp:48,none,factor,100.0,0.001,3000.0,p_inst:0,1.0,0.0,1,57,0,p,m,gr,81,48,q
pname:p_inst:0_ptype:gr_usecol:q_pstyle:m_r:65_c:52_sp:49,none,factor,100.0,0.001,3000.0,p_inst:0,1.0,0.0,1,52,0,p,m,gr,65,49,q
pname:p_inst:0_ptype:gr_usecol:q_pstyle:m_r:32_c:48_sp:49,none,factor,100.0,0.001,3000.0,p_inst:0,1.0,0.0,1,48,0,p,m,gr,32,49,q
pname:p_inst:0_ptype:gr_usecol:q_pstyle:m_r:35_c:56_sp:49,none,factor,100.0,0.001,3000.0,p_inst:0,1.0,0.0,1,56,0,p,m,gr,35,49,q
pname:p_inst:0_ptype:gr_usecol:q_pstyle:m_r:40_c:36_sp:49,none,factor,100.0,0.001,3000.0,p_inst:0,1.0,0.0,1,36,0,p,m,gr,40,49,q
pname:p_inst:0_ptype:gr_usecol:q_pstyle:m_r:59_c:34_sp:49,none,factor,100.0,0.001,3000.0,p_inst:0,1.0,0.0,1,34,0,p,m,gr,59,49,q
pname:p_inst:0_ptype:gr_usecol:q_pstyle:m_r:46_c:47_sp:49,none,factor,100.0,0.001,3000.0,p_inst:0,1.0,0.0,1,47,0,p,m,gr,46,49,q
pname:p_inst:0_ptype:gr_usecol:q_pstyle:m_r:46_c:52_sp:49,none,factor,100.0,0.001,3000.0,p_inst:0,1.0,0.0,1,52,0,p,m,gr,46,49,q
pname:p_inst:0_ptype:gr_usecol:q_pstyle:m_r:38_c:31_sp:49,none,factor,100.0,0.001,3000.0,p_inst:0,1.0,0.0,1,31,0,p,m,gr,38,49,q
pname:p_inst:0_ptype:gr_usecol:q_pstyle:m_r:52_c:39_sp:49,none,factor,100.0,0.001,3000.0,p_inst:0,1.0,0.0,1,39,0,p,m,gr,52,49,q
pname:p_inst:0_ptype:gr_usecol:q_pstyle:m_r:37_c:61_sp:49,none,factor,100.0,0.001,3000.0,p_inst:0,1.0,0.0,1,61,0,p,m,gr,37,49,q
pname:p_inst:0_ptype:gr_usecol:q_pstyle:m_r:80_c:61_sp:49,none,factor,100.0,0.001,3000.0,p_inst:0,1.0,0.0,1,61,0,p,m,gr,80,49,q
pname:p_inst:0_ptype:gr_usecol:q_pstyle:m_r:76_c:60_sp:49,none,factor,100.0,0.001,3000.0,p_inst:0,1.0,0.0,1,60,0,p,m,gr,76,49,q
pname:p_inst:0_ptype:gr_usecol:q_pstyle:m_r:80_c:60_sp:49,none,factor,100.0,0.001,3000.0,p_inst:0,1.0,0.0,1,60,0,p,m,gr,80,49,q
pname:p_inst:0_ptype:gr_usecol:q_pstyle:m_r:65_c:59_sp:49,none,factor,100.0,0.001,3000.0,p_inst:0,1.0,0.0,1,59,0,p,m,gr,65,49,q
pname:p_inst:0_ptype:gr_usecol:q_pstyle:m_r:62_c:47_sp:49,none,factor,100.0,0.001,3000.0,p_inst:0,1.0,0.0,1,47,0,p,m,gr,62,49,q
pname:p_inst:0_ptype:gr_usecol:q_pstyle:m_r:61_c:43_sp:49,none,factor,100.0,0.001,3000.0,p_inst:0,1.0,0.0,1,43,0,p,m,gr,61,49,q
pname:p_inst:0_ptype:gr_usecol:q_pstyle:m_r:77_c:51_sp:49,none,factor,100.0,0.001,3000.0,p_inst:0,1.0,0.0,1,51,0,p,m,gr,77,49,q
pname:p_inst:0_ptype:gr_usecol:q_pstyle:m_r:59_c:49_sp:49,none,factor,100.0,0.001,3000.0,p_inst:0,1.0,0.0,1,49,0,p,m,gr,59,49,q
pname:p_inst:0_ptype:gr_usecol:q_pstyle:m_r:40_c:48_sp:49,none,factor,100.0,0.001,3000.0,p_inst:0,1.0,0.0,1,48,0,p,m,gr,40,49,q
pname:p_inst:0_ptype:gr_usecol:q_pstyle:m_r:81_c:57_sp:49,none,factor,100.0,0.001,3000.0,p_inst:0,1.0,0.0,1,57,0,p,m,gr,81,49,q
pname:p_inst:0_ptype:gr_usecol:q_pstyle:m_r:65_c:52_sp:50,none,factor,100.0,0.001,3000.0,p_inst:0,1.0,0.0,1,52,0,p,m,gr,65,50,q
pname:p_inst:0_ptype:gr_usecol:q_pstyle:m_r:32_c:48_sp:50,none,factor,100.0,0.001,3000.0,p_inst:0,1.0,0.0,1,48,0,p,m,gr,32,50,q
pname:p_inst:0_ptype:gr_usecol:q_pstyle:m_r:35_c:56_sp:50,none,factor,100.0,0.001,3000.0,p_inst:0,1.0,0.0,1,56,0,p,m,gr,35,50,q
pname:p_inst:0_ptype:gr_usecol:q_pstyle:m_r:40_c:36_sp:50,none,factor,100.0,0.001,3000.0,p_inst:0,1.0,0.0,1,36,0,p,m,gr,40,50,q
pname:p_inst:0_ptype:gr_usecol:q_pstyle:m_r:59_c:34_sp:50,none,factor,100.0,0.001,3000.0,p_inst:0,1.0,0.0,1,34,0,p,m,gr,59,50,q
pname:p_inst:0_ptype:gr_usecol:q_pstyle:m_r:46_c:47_sp:50,none,factor,100.0,0.001,3000.0,p_inst:0,1.0,0.0,1,47,0,p,m,gr,46,50,q
pname:p_inst:0_ptype:gr_usecol:q_pstyle:m_r:46_c:52_sp:50,none,factor,100.0,0.001,3000.0,p_inst:0,1.0,0.0,1,52,0,p,m,gr,46,50,q
pname:p_inst:0_ptype:gr_usecol:q_pstyle:m_r:38_c:31_sp:50,none,factor,100.0,0.001,3000.0,p_inst:0,1.0,0.0,1,31,0,p,m,gr,38,50,q
pname:p_inst:0_ptype:gr_usecol:q_pstyle:m_r:52_c:39_sp:50,none,factor,100.0,0.001,3000.0,p_inst:0,1.0,0.0,1,39,0,p,m,gr,52,50,q
pname:p_inst:0_ptype:gr_usecol:q_pstyle:m_r:37_c:61_sp:50,none,factor,100.0,0.001,3000.0,p_inst:0,1.0,0.0,1,61,0,p,m,gr,37,50,q
pname:p_inst:0_ptype:gr_usecol:q_pstyle:m_r:80_c:61_sp:50,none,factor,100.0,0.001,3000.0,p_inst:0,1.0,0.0,1,61,0,p,m,gr,80,50,q
pname:p_inst:0_ptype:gr_usecol:q_pstyle:m_r:76_c:60_sp:50,none,factor,100.0,0.001,3000.0,p_inst:0,1.0,0.0,1,60,0,p,m,gr,76,50,q
pname:p_inst:0_ptype:gr_usecol:q_pstyle:m_r:80_c:60_sp:50,none,factor,100.0,0.001,3000.0,p_inst:0,1.0,0.0,1,60,0,p,m,gr,80,50,q
pname:p_inst:0_ptype:gr_usecol:q_pstyle:m_r:65_c:59_sp:50,none,factor,100.0,0.001,3000.0,p_inst:0,1.0,0.0,1,59,0,p,m,gr,65,50,q
pname:p_inst:0_ptype:gr_usecol:q_pstyle:m_r:62_c:47_sp:50,none,factor,100.0,0.001,3000.0,p_inst:0,1.0,0.0,1,47,0,p,m,gr,62,50,q
pname:p_inst:0_ptype:gr_usecol:q_pstyle:m_r:61_c:43_sp:50,none,factor,100.0,0.001,3000.0,p_inst:0,1.0,0.0,1,43,0,p,m,gr,61,50,q
pname:p_inst:0_ptype:gr_usecol:q_pstyle:m_r:77_c:51_sp:50,none,factor,100.0,0.001,3000.0,p_inst:0,1.0,0.0,1,51,0,p,m,gr,77,50,q
pname:p_inst:0_ptype:gr_usecol:q_pstyle:m_r:59_c:49_sp:50,none,factor,100.0,0.001,3000.0,p_inst:0,1.0,0.0,1,49,0,p,m,gr,59,50,q
pname:p_inst:0_ptype:gr_usecol:q_pstyle:m_r:40_c:48_sp:50,none,factor,100.0,0.001,3000.0,p_inst:0,1.0,0.0,1,48,0,p,m,gr,40,50,q
pname:p_inst:0_ptype:gr_usecol:q_pstyle:m_r:81_c:57_sp:50,none,factor,100.0,0.001,3000.0,p_inst:0,1.0,0.0,1,57,0,p,m,gr,81,50,q
pname:p_inst:0_ptype:gr_usecol:q_pstyle:m_r:65_c:52_sp:51,none,factor,100.0,0.001,3000.0,p_inst:0,1.0,0.0,1,52,0,p,m,gr,65,51,q
pname:p_inst:0_ptype:gr_usecol:q_pstyle:m_r:32_c:48_sp:51,none,factor,100.0,0.001,3000.0,p_inst:0,1.0,0.0,1,48,0,p,m,gr,32,51,q
pname:p_inst:0_ptype:gr_usecol:q_pstyle:m_r:35_c:56_sp:51,none,factor,100.0,0.001,3000.0,p_inst:0,1.0,0.0,1,56,0,p,m,gr,35,51,q
pname:p_inst:0_ptype:gr_usecol:q_pstyle:m_r:40_c:36_sp:51,none,factor,100.0,0.001,3000.0,p_inst:0,1.0,0.0,1,36,0,p,m,gr,40,51,q
pname:p_inst:0_ptype:gr_usecol:q_pstyle:m_r:59_c:34_sp:51,none,factor,100.0,0.001,3000.0,p_inst:0,1.0,0.0,1,34,0,p,m,gr,59,51,q
pname:p_inst:0_ptype:gr_usecol:q_pstyle:m_r:46_c:47_sp:51,none,factor,100.0,0.001,3000.0,p_inst:0,1.0,0.0,1,47,0,p,m,gr,46,51,q
pname:p_inst:0_ptype:gr_usecol:q_pstyle:m_r:46_c:52_sp:51,none,factor,100.0,0.001,3000.0,p_inst:0,1.0,0.0,1,52,0,p,m,gr,46,51,q
pname:p_inst:0_ptype:gr_usecol:q_pstyle:m_r:38_c:31_sp:51,none,factor,100.0,0.001,3000.0,p_inst:0,1.0,0.0,1,31,0,p,m,gr,38,51,q
pname:p_inst:0_ptype:gr_usecol:q_pstyle:m_r:52_c:39_sp:51,none,factor,100.0,0.001,3000.0,p_inst:0,1.0,0.0,1,39,0,p,m,gr,52,51,q
pname:p_inst:0_ptype:gr_usecol:q_pstyle:m_r:37_c:61_sp:51,none,factor,100.0,0.001,3000.0,p_inst:0,1.0,0.0,1,61,0,p,m,gr,37,51,q
pname:p_inst:0_ptype:gr_usecol:q_pstyle:m_r:80_c:61_sp:51,none,factor,100.0,0.001,3000.0,p_inst:0,1.0,0.0,1,61,0,p,m,gr,80,51,q
pname:p_inst:0_ptype:gr_usecol:q_pstyle:m_r:76_c:60_sp:51,none,factor,100.0,0.001,3000.0,p_inst:0,1.0,0.0,1,60,0,p,m,gr,76,51,q
pname:p_inst:0_ptype:gr_usecol:q_pstyle:m_r:80_c:60_sp:51,none,factor,100.0,0.001,3000.0,p_inst:0,1.0,0.0,1,60,0,p,m,gr,80,51,q
pname:p_inst:0_ptype:gr_usecol:q_pstyle:m_r:65_c:59_sp:51,none,factor,100.0,0.001,3000.0,p_inst:0,1.0,0.0,1,59,0,p,m,gr,65,51,q
pname:p_inst:0_ptype:gr_usecol:q_pstyle:m_r:62_c:47_sp:51,none,factor,100.0,0.001,3000.0,p_inst:0,1.0,0.0,1,47,0,p,m,gr,62,51,q
pname:p_inst:0_ptype:gr_usecol:q_pstyle:m_r:61_c:43_sp:51,none,factor,100.0,0.001,3000.0,p_inst:0,1.0,0.0,1,43,0,p,m,gr,61,51,q
pname:p_inst:0_ptype:gr_usecol:q_pstyle:m_r:77_c:51_sp:51,none,factor,100.0,0.001,3000.0,p_inst:0,1.0,0.0,1,51,0,p,m,gr,77,51,q
pname:p_inst:0_ptype:gr_usecol:q_pstyle:m_r:59_c:49_sp:51,none,factor,100.0,0.001,3000.0,p_inst:0,1.0,0.0,1,49,0,p,m,gr,59,51,q
pname:p_inst:0_ptype:gr_usecol:q_pstyle:m_r:40_c:48_sp:51,none,factor,100.0,0.001,3000.0,p_inst:0,1.0,0.0,1,48,0,p,m,gr,40,51,q
pname:p_inst:0_ptype:gr_usecol:q_pstyle:m_r:81_c:57_sp:51,none,factor,100.0,0.001,3000.0,p_inst:0,1.0,0.0,1,57,0,p,m,gr,81,51,q
