real_name,pname:p_inst:0_ptype:gr_usecol:q_pstyle:m_r:22_c:11_sp:0,pname:p_inst:0_ptype:gr_usecol:q_pstyle:m_r:9_c:40_sp:0,pname:p_inst:0_ptype:gr_usecol:q_pstyle:m_r:17_c:43_sp:0,pname:p_inst:0_ptype:gr_usecol:q_pstyle:m_r:43_c:23_sp:0,pname:p_inst:0_ptype:gr_usecol:q_pstyle:m_r:33_c:31_sp:0,pname:p_inst:0_ptype:gr_usecol:q_pstyle:m_r:26_c:22_sp:0,pname:p_inst:0_ptype:gr_usecol:q_pstyle:m_r:37_c:37_sp:0,pname:p_inst:0_ptype:gr_usecol:q_pstyle:m_r:32_c:8_sp:0,pname:p_inst:0_ptype:gr_usecol:q_pstyle:m_r:9_c:28_sp:0,pname:p_inst:0_ptype:gr_usecol:q_pstyle:m_r:31_c:38_sp:0,pname:p_inst:0_ptype:gr_usecol:q_pstyle:m_r:22_c:11_sp:1,pname:p_inst:0_ptype:gr_usecol:q_pstyle:m_r:9_c:40_sp:1,pname:p_inst:0_ptype:gr_usecol:q_pstyle:m_r:17_c:43_sp:1,pname:p_inst:0_ptype:gr_usecol:q_pstyle:m_r:43_c:23_sp:1,pname:p_inst:0_ptype:gr_usecol:q_pstyle:m_r:33_c:31_sp:1,pname:p_inst:0_ptype:gr_usecol:q_pstyle:m_r:26_c:22_sp:1,pname:p_inst:0_ptype:gr_usecol:q_pstyle:m_r:37_c:37_sp:1,pname:p_inst:0_ptype:gr_usecol:q_pstyle:m_r:32_c:8_sp:1,pname:p_inst:0_ptype:gr_usecol:q_pstyle:m_r:9_c:28_sp:1,pname:p_inst:0_ptype:gr_usecol:q_pstyle:m_r:31_c:38_sp:1,pname:p_inst:0_ptype:gr_usecol:q_pstyle:m_r:22_c:11_sp:2,pname:p_inst:0_ptype:gr_usecol:q_pstyle:m_r:9_c:40_sp:2,pname:p_inst:0_ptype:gr_usecol:q_pstyle:m_r:17_c:43_sp:2,pname:p_inst:0_ptype:gr_usecol:q_pstyle:m_r:43_c:23_sp:2,pname:p_inst:0_ptype:gr_usecol:q_pstyle:m_r:33_c:31_sp:2,pname:p_inst:0_ptype:gr_usecol:q_pstyle:m_r:26_c:22_sp:2,pname:p_inst:0_ptype:gr_usecol:q_pstyle:m_r:37_c:37_sp:2,pname:p_inst:0_ptype:gr_usecol:q_pstyle:m_r:32_c:8_sp:2,pname:p_inst:0_ptype:gr_usecol:q_pstyle:m_r:9_c:28_sp:2,pname:p_inst:0_ptype:gr_usecol:q_pstyle:m_r:31_c:38_sp:2,pname:p_inst:0_ptype:gr_usecol:q_pstyle:m_r:22_c:11_sp:3,pname:p_inst:0_ptype:gr_usecol:q_pstyle:m_r:9_c:40_sp:3,pname:p_inst:0_ptype:gr_usecol:q_pstyle:m_r:17_c:43_sp:3,pname:p_inst:0_ptype:gr_usecol:q_pstyle:m_r:43_c:23_sp:3,pname:p_inst:0_ptype:gr_usecol:q_pstyle:m_r:33_c:31_sp:3,pname:p_inst:0_ptype:gr_usecol:q_pstyle:m_r:26_c:22_sp:3,pname:p_inst:0_ptype:gr_usecol:q_pstyle:m_r:37_c:37_sp:3,pname:p_inst:0_ptype:gr_usecol:q_pstyle:m_r:32_c:8_sp:3,pname:p_inst:0_ptype:gr_usecol:q_pstyle:m_r:9_c:28_sp:3,pname:p_inst:0_ptype:gr_usecol:q_pstyle:m_r:31_c:38_sp:3,pname:p_inst:0_ptype:gr_usecol:q_pstyle:m_r:22_c:11_sp:4,pname:p_inst:0_ptype:gr_usecol:q_pstyle:m_r:9_c:40_sp:4,pname:p_inst:0_ptype:gr_usecol:q_pstyle:m_r:17_c:43_sp:4,pname:p_inst:0_ptype:gr_usecol:q_pstyle:m_r:43_c:23_sp:4,pname:p_inst:0_ptype:gr_usecol:q_pstyle:m_r:33_c:31_sp:4,pname:p_inst:0_ptype:gr_usecol:q_pstyle:m_r:26_c:22_sp:4,pname:p_inst:0_ptype:gr_usecol:q_pstyle:m_r:37_c:37_sp:4,pname:p_inst:0_ptype:gr_usecol:q_pstyle:m_r:32_c:8_sp:4,pname:p_inst:0_ptype:gr_usecol:q_pstyle:m_r:9_c:28_sp:4,pname:p_inst:0_ptype:gr_usecol:q_pstyle:m_r:31_c:38_sp:4,pname:p_inst:0_ptype:gr_usecol:q_pstyle:m_r:22_c:11_sp:5,pname:p_inst:0_ptype:gr_usecol:q_pstyle:m_r:9_c:40_sp:5,pname:p_inst:0_ptype:gr_usecol:q_pstyle:m_r:17_c:43_sp:5,pname:p_inst:0_ptype:gr_usecol:q_pstyle:m_r:43_c:23_sp:5,pname:p_inst:0_ptype:gr_usecol:q_pstyle:m_r:33_c:31_sp:5,pname:p_inst:0_ptype:gr_usecol:q_pstyle:m_r:26_c:22_sp:5,pname:p_inst:0_ptype:gr_usecol:q_pstyle:m_r:37_c:37_sp:5,pname:p_inst:0_ptype:gr_usecol:q_pstyle:m_r:32_c:8_sp:5,pname:p_inst:0_ptype:gr_usecol:q_pstyle:m_r:9_c:28_sp:5,pname:p_inst:0_ptype:gr_usecol:q_pstyle:m_r:31_c:38_sp:5,pname:p_inst:0_ptype:gr_usecol:q_pstyle:m_r:22_c:11_sp:6,pname:p_inst:0_ptype:gr_usecol:q_pstyle:m_r:9_c:40_sp:6,pname:p_inst:0_ptype:gr_usecol:q_pstyle:m_r:17_c:43_sp:6,pname:p_inst:0_ptype:gr_usecol:q_pstyle:m_r:43_c:23_sp:6,pname:p_inst:0_ptype:gr_usecol:q_pstyle:m_r:33_c:31_sp:6,pname:p_inst:0_ptype:gr_usecol:q_pstyle:m_r:26_c:22_sp:6,pname:p_inst:0_ptype:gr_usecol:q_pstyle:m_r:37_c:37_sp:6,pname:p_inst:0_ptype:gr_usecol:q_pstyle:m_r:32_c:8_sp:6,pname:p_inst:0_ptype:gr_usecol:q_pstyle:m_r:9_c:28_sp:6,pname:p_inst:0_ptype:gr_usecol:q_pstyle:m_r:31_c:38_sp:6,pname:p_inst:0_ptype:gr_usecol:q_pstyle:m_r:22_c:11_sp:7,pname:p_inst:0_ptype:gr_usecol:q_pstyle:m_r:9_c:40_sp:7,pname:p_inst:0_ptype:gr_usecol:q_pstyle:m_r:17_c:43_sp:7,pname:p_inst:0_ptype:gr_usecol:q_pstyle:m_r:43_c:23_sp:7,pname:p_inst:0_ptype:gr_usecol:q_pstyle:m_r:33_c:31_sp:7,pname:p_inst:0_ptype:gr_usecol:q_pstyle:m_r:26_c:22_sp:7,pname:p_inst:0_ptype:gr_usecol:q_pstyle:m_r:37_c:37_sp:7,pname:p_inst:0_ptype:gr_usecol:q_pstyle:m_r:32_c:8_sp:7,pname:p_inst:0_ptype:gr_usecol:q_pstyle:m_r:9_c:28_sp:7,pname:p_inst:0_ptype:gr_usecol:q_pstyle:m_r:31_c:38_sp:7,pname:p_inst:0_ptype:gr_usecol:q_pstyle:m_r:22_c:11_sp:8,pname:p_inst:0_ptype:gr_usecol:q_pstyle:m_r:9_c:40_sp:8,pname:p_inst:0_ptype:gr_usecol:q_pstyle:m_r:17_c:43_sp:8,pname:p_inst:0_ptype:gr_usecol:q_pstyle:m_r:43_c:23_sp:8,pname:p_inst:0_ptype:gr_usecol:q_pstyle:m_r:33_c:31_sp:8,pname:p_inst:0_ptype:gr_usecol:q_pstyle:m_r:26_c:22_sp:8,pname:p_inst:0_ptype:gr_usecol:q_pstyle:m_r:37_c:37_sp:8,pname:p_inst:0_ptype:gr_usecol:q_pstyle:m_r:32_c:8_sp:8,pname:p_inst:0_ptype:gr_usecol:q_pstyle:m_r:9_c:28_sp:8,pname:p_inst:0_ptype:gr_usecol:q_pstyle:m_r:31_c:38_sp:8,pname:p_inst:0_ptype:gr_usecol:q_pstyle:m_r:22_c:11_sp:9,pname:p_inst:0_ptype:gr_usecol:q_pstyle:m_r:9_c:40_sp:9,pname:p_inst:0_ptype:gr_usecol:q_pstyle:m_r:17_c:43_sp:9,pname:p_inst:0_ptype:gr_usecol:q_pstyle:m_r:43_c:23_sp:9,pname:p_inst:0_ptype:gr_usecol:q_pstyle:m_r:33_c:31_sp:9,pname:p_inst:0_ptype:gr_usecol:q_pstyle:m_r:26_c:22_sp:9,pname:p_inst:0_ptype:gr_usecol:q_pstyle:m_r:37_c:37_sp:9,pname:p_inst:0_ptype:gr_usecol:q_pstyle:m_r:32_c:8_sp:9,pname:p_inst:0_ptype:gr_usecol:q_pstyle:m_r:9_c:28_sp:9,pname:p_inst:0_ptype:gr_usecol:q_pstyle:m_r:31_c:38_sp:9
0,31.96268918852717178,0.031363359232173496083,1.3753318675104839741,0.087374309072781763952,6.6870819730819306415,2.3141227293880861637,0.68784906932087064302,11.88125283309390845,1.6107998406131789348,0.33025322950078100925,0.24243600969630799136,0.29042761010186390891,0.16208045905892090599,0.047741072142175933202,0.0014616271475337548093,0.30777016003975798952,29.695015453747569012,0.5560102156877408941,5.1894056513051660673,70.85960523623167262,0.26028273516881977878,0.41081515381984845536,0.017537892922713013005,0.0077332874504951673589,13.61480515095499122,0.28351541664695195655,121.61132392017687209,0.077879264449757956701,0.31146434077479001612,0.70351280175956698582,0.0096831295052452366623,0.0032233381930434575925,0.081957327601708762632,0.047704412771221768597,0.082924959202031800487,19.479547973020117979,1.4069875440755157392,1.4221514654121989452,0.080076191989172623709,0.71121372104837254913,0.12657077959379628429,12.220883586304852386,0.11384085391890903793,4.482001866531332368,0.60155357515072704899,0.01170736564986418933,0.02398765943672422768,20.093195503482977671,0.28109295730426475668,0.27064179685305150835,0.0050953156797388446386,0.033036674479186081688,8.5485284238524048561,36.425044173825966709,0.00047982281748838598659,0.072431499523863782097,0.029412399189309150482,1.3055794103441551446,39.070752506783854585,9.5208211959530775204,1.5905535553721601438,12.282227392802862909,0.033455452166055985042,7.940012076829296106,0.0029646478604599662415,0.22630301995768564716,0.31642648595978684067,15.81503019947780686,0.014002977498732830861,66.794448124931349753,2.0556425083178000435,14.487510237587226669,11.394532670222375259,5.6785220977083863403,0.014198944561158168345,0.16694277970583074056,53.735904020782349733,0.26324085905157473819,11.946343597458838559,0.68438882679413637344,2.0722057246370160222,0.00090576304327064159454,9.2155551666948927192,0.3931907988933241449,6.9040436169345023032,0.003804651852178537845,65.299057248744574622,40.74826220700602164,0.031853470804646538683,15.720193026680462367,0.61047817020412564748,0.85493446779236703659,0.013861916650571621049,0.00037919550165888828933,0.026052949602151365821,0.076273252959073459256,2.9955618721097110324,33.595658691117556316,2.6471682071012825332,72.556187805061497897
1,0.51339069789781077713,0.37624428181278823935,0.05687451972238150022,0.50049207104514625843,7.7150432191244955544e-05,0.0040613160936674545798,0.15328256419276098388,0.034269579731455841742,3.3385857197184791723,4.877318205858054867,0.0050782601237522794965,0.089346045966721035492,0.012284100814714994307,0.75473846988751736031,0.50415147226674983383,0.070835167176328026062,0.28898586580745005969,0.13434214622051302013,38.542445754107831135,10.425696368308370765,0.10666123290057720474,0.23706576169859105985,0.094292464046931812049,11.178454098554610141,0.46380090103885496244,7.8270880202224626387,0.29008611571030412657,0.082347996470477122233,0.0097352486855968121265,37.717474484259682299,7.397453424148250356,0.59596883944275658163,0.0078179307641474925228,40.311891010914521871,1.0053303412014285012,1.5426776349045183689,0.30240658217196458857,0.11203174606653981682,13.170833347055062035,0.032687850302526362534,0.6581447730778436922,1.1614290118526275908,1.0239042814921168745,0.013631023742818522762,0.011702798433372038275,5.2229268908825856599,0.0021825505093226158816,0.37896517305766130868,4.124811332955455434,127.94706202670289485,0.1223398735893350131,0.011183834933159086597,2.0648320238861082032,4.2922774590176926424,0.092694179015279792866,10.820314126606923821,0.10614555620022589344,1.7406655909436938856,63.404665614105063298,75.123625032354951259,0.010393363023055017177,0.059881521469420724568,0.016793148564523654315,3.8738948413299980622,1.9181278522212585891,0.0012235094553536783862,33.81099231060008492,2.1159786577080459402,4.1500342145524120596,66.049195379479968437,0.18593397524073834726,33.260791122212019388,10.735338879136794077,1.1110480667928057663,4.5807821870883649678e-05,0.016889461246994405541,120.3723514479684269,2.2277681526251593702,8.9265918417143836905,0.69287467028757654397,0.41898383642712122565,6.650945076179075599,0.028333541651655365368,36.059714309207777205,5.6077098003626195677,0.16760599254090152721,0.12961501720059800946,0.57497691498460656856,0.016433122949808184887,0.57328938124512873742,0.020994612771555950376,0.41883527449568147549,0.057105161413477392718,2.6472266281894745177,0.13264974300194987133,0.0066343162496915030618,12.450207875619433651,1.6599505023390048741,0.013856855989203902338,104.13340174711800046
2,2.5838026668957700949,0.17337199866791402902,0.057004613034968454333,0.50012525122381457088,0.0031030304559859903969,9.8583115745921912065,0.036604548822481361436,3.6477219151565938304,0.22977735889866388042,0.16015758174729108343,0.087267395814273535093,0.16215350587318352882,0.0013325400812957295931,149.26232897669436284,0.79736559290842656811,1.0718546106358661785,0.36875840409814075738,0.25126974707016985766,0.0074044653487187308064,33.554375205351128386,0.91469764539664066838,6.3125481939306062884,9.2994689493341056163,0.68178066848287766089,0.39723928563536514691,0.084164177508753018619,2.6862810563952290721,0.011681819306098174122,1.6939402284093825202,25.821242783748974858,21.991762116714294706,0.0096383578415579762577,2.4895537816308630497,6.2302430530386443408,0.14429023810446683918,0.43308183435860314603,16.862201898647963816,0.0079548170819401416154,0.0086112371935430139652,5.9687697063569276068,0.27147693193793920319,0.0074166646193949276045,0.74768047884503596734,12.847392570275246726,59.686661605663559271,1.759564717721322058,1.8107161944959659916,0.0094149775777400777216,3.6725419409615231991,0.0045676288239605974603,8.1630736333235418556,0.039932774211356970862,0.11641106921193627999,0.63605332359771771245,0.011060032738771638505,74.333171382846984443,60.867107113069828017,0.0015932924947443384382,3.0247095281441751524,0.18713613738610843096,0.10258334005879200801,7.1628913852048299304,0.085758398780158506813,27.314145795151343776,13.579872113302968728,0.0048914252986573588527,0.70760631133740659049,31.463264877109764939,0.41747261773490340619,0.17694204177316988358,1.1228887896492774079,5.2602957601232507301,0.10734037542168897716,0.0004642406761689477513,0.046511611225361335076,0.022715309274836056191,27.280411931522248636,1.9353189123199423527,4.683382253903188186,40.539996134690881036,0.084487309414223471515,0.44762782571008868926,7.8460604504049591412,0.05650506773606341071,0.36019425512601016548,0.68420612294671179221,0.48700647926578255476,17.212727075817642941,0.21989745354729214877,5.2557210763850097379,0.094177179812497124889,0.51409348011587241434,0.095731604704749326262,2.7955442739352289648e-05,0.037279582430640605117,1.7528077776840187418,9.5713233175653567031,1.9923705389813655131,0.072566491654352513474,0.029384988545389397613
3,0.089927634212639703803,0.0062054796049250873086,18.539530194450680511,9.8015065867114792297,0.17329785479605852583,0.010846332447317790643,17.741912327600392274,0.10283031822483713891,2.1844895152096328594,7.6227223743116701016,0.011499671793699822384,0.040900701173721430715,0.24827598777942191943,0.064648294782438248118,39.276832177107586119,0.00063579516640613863154,0.67530802331417760787,7.0947582970672167235,0.41654664434803234663,0.015923134191621880068,0.35130638634732652692,0.25835759379149270121,0.21678142801578317855,1.3644429170821541497,9.7091657123441219568,37.45473755563751439,0.031512926521811993053,0.0012364076734437308164,0.11051911738205129343,72.040199189868758367,140.17483404353754395,1.1289607796432112874,0.29929237038363615264,0.052172029621782051168,1.2096525902931540841,0.25858429791534215392,0.28045639642493624955,0.064800500671694266641,1.9135545766037596049,0.32590673629717431536,0.011722094431864048605,0.13991235352192948893,2.4192359156235894169,3.2624152438206319715,0.0088717561047626600917,0.0039606442597404697276,0.64327227077565662938,0.0017332044918340738099,26.448959801214758869,48.240433372880517027,6.1802497818856068079,0.0072732520251713580692,9.4736157438202486247,1.6154541407590217172,0.17221880478982004581,8.4290534823775704609,0.000342472743166841512,0.049190677983035564769,8.7834078547455405328,22.214948921698379536,52.659516287725779193,0.00063767467703600123029,0.57771186254733652987,4.2588169381128482271,2.4589567684041280238,146.9855716588788539,45.472352777276697111,22.463452516645723733,1.0135624249085051218,0.430794287955084787,0.010458496774866224421,6.071207062804080401,8.6736421467266087149,10.955113094613226465,0.12036955028665287382,9.7885179121566139315,0.16405186703706300944,1.8055028821257537164,0.37407035239756231126,0.14376600477356793473,8.1647262934523308076,0.016387754815034818318,5.2707452019800991039,1.1406427582475648919,47.357527508041904696,0.19416568087081872984,6.4378716722839577358,0.33584667691593428351,0.055497046553075704556,1.2127507432433330958,0.7431025207577345304,12.614787241474715529,0.00092312050865803207435,0.0055802904407767561432,2.0439894030050744789,9.3353423856698576344,7.8658977528093370069,0.010405501741995778348,0.0070231426102899015274,1.8990833653577190443
4,0.30223754518746592801,5.2882534161996472832,0.20197861412082676602,1.7843939442539631379,0.0084400218277280968093,0.0002541775985211010779,17.334708867998934068,0.13580309438678217493,3.0287387461882424589,0.042061309948181795082,0.066520903774416217935,4.4350436856563799637,0.058653402448093180932,2.639031267608011877,0.00090332297595756370218,0.034091211512274191553,30.212655453486885193,0.40087825492583228915,73.277325877269277044,0.48161887503566180868,1.055116440842285952,0.067670302323996192606,0.62645730301602919887,0.016124840167189055662,2.8074045257643169826,1.9436174659523395292,0.041758681582425322132,21.981811489507666835,0.0052124039913052635717,2.7746365152976788515,0.053870671144113445317,11.431292863079050903,0.37107152132887394336,0.21962418848042153385,37.960827314156972534,0.17575371174297094168,0.055483861116431498761,0.32496580746088704617,0.086125214273594832837,0.23333452100869433998,0.25469565913228237042,2.7204709643812288178,0.079997885207885019443,2.7007911184531123716,0.0089091608237916678631,0.20578841561403740656,0.3289985242813651678,6.6090184954503374826,0.39882847689469652641,46.968361553889636184,0.0056453043741347243636,0.00053213079560786899058,7.7668806286353317958,0.025605594975268979041,0.001252890724767182027,0.88182451758759305971,34.698643144885423339,41.838952019004921112,142.89492171575093948,1.8648237190243368566,0.020922664048863941211,0.49860892454144917219,0.40099244378625292784,1.3258240110068828521,0.082488139394573542496,1.3871627102065504644,0.020288341944426368374,3.8760034973978436668,0.63995985348805917159,1.8187057247841940111,0.64252682749510758864,8.8622267586032510422,22.181991022399262903,1.054113214712781188,0.062640742546109573485,0.012222933085442186374,0.32358124463928295,0.24052637112482261328,8.04228675408131366,11.367147764504792917,0.00421131619794380338,11.802267279593856131,0.52460726048521089115,0.84954195792566666867,1.3197343749909118404,0.45928947444387280274,57.84791845497868934,0.10934504070718159552,0.71373499901249126687,1.6704375608913741846,0.087011669754956083578,0.14781419443849599937,1.010681958217221954,0.066908230395150369851,7.6830903990597105846,1.4199599405221021708,25.092324422912938076,0.01690024314274518949,0.60882418117907732835,56.367158821343366526
5,3.1421409568049436523,0.0089293509892592638766,4.1424667604261955489,0.29084972925467733607,0.068964326774920661767,0.65129632063151265964,0.22281650015153353639,1.2505900597013202002,0.19210156919670254294,0.46658772373149648427,0.29054664638276800348,25.060552740192143517,1.6514515597394783253,0.045943612671461173114,0.026615453064498969388,0.53245668684359437339,0.0068118485896367896026,0.12431886210254665392,0.0079723920726883622939,149.96847286068745575,0.057029680149273370704,0.0018210358362372666436,109.4443162066823021,6.0217309152266587091,3.0327984272199288718,0.47110181486927665828,1.337637458747444219,0.010914607995890727304,0.84737911744533511715,0.15497305836899449849,17.997385130744579129,1.8490223363420450475,0.0020584804207900157975,3.5039279877821898346,5.9937295984134468796,0.11285861783401310299,9.5852017023637277049,4.2629103248201580811,5.7516133311931074701,1.3523676472534431614,0.026477155946020528021,3.1430079491560722893,0.28597437798151997823,0.07060985026513355578,15.28748391083978575,21.021566214684717977,1.2538496920704274018,0.070894710140566224998,82.079917163566037175,0.29972940569233696984,0.95042438242335014476,0.026315683567938556731,2.6698640156364508158,1.3603892324497637301,8.8236857005668554166,58.639962627903756243,0.0014572801155032896921,0.15511544080320366357,0.093319118223602670614,2.44254792626074968,0.040345724249629261182,0.5594704208239323906,0.17216576006827208345,4.9898954855598098845,0.0053209006789362144757,9.5325518922705931857,0.81908075060586449379,75.863368115192358232,8.0867551507368933272,30.144579192345656082,15.112886800274583976,18.770688589350129405,0.0041744455820234682014,5.9903391745819210001,0.033869627516643734111,0.87810115856096460085,64.296892464897965169,0.20510395859702723609,0.00068257996000111603469,0.031232203665253699398,0.086933255738035522531,0.19793681568726209652,0.049258165448101666473,0.0020565748886818397377,0.0048570884947613489346,28.404015277939670625,1.1542770901988588239,5.0682514001935903281,0.064224756267102611762,22.312504337469164284,5.9985136929876317069,0.16414272754388531395,1.156887222428636397,0.2189856031588778007,1.608924312970538173,37.849007721230428558,1.8454466766174266734,4.2268987235529307256,4.4416549890800247624,18.749025525765979694
6,0.21190622422817603776,0.34452235083743404376,2.0867308446869130556,0.23039331089100692496,0.00054582711617290303411,0.016919298737473872918,16.888010857173735957,8.5418817331490064504,0.051819097965960118912,0.16922173453585526159,0.038049398465100421618,1.264641443954802158,0.067796074187971136493,0.12142309287743224822,0.71479116130532061035,0.14210636219858024942,0.130565931228193155,5.1840912285100202439,2.5243325295686767085,27.460114026144776034,0.073489278187899340078,6.438844409882684694,0.74957470959552319201,9.3409956693188505028,9.1818097938088953924,0.77690830380542141853,0.22479911115850856329,7.0187303137870857839,0.17781105966705737509,79.504899420615416261,11.183886464405146555,11.494996749394420732,0.20666227946776619118,0.29277280395897942178,0.60221791966176596578,50.845778418811207189,3.1343466893630327341,0.036327983310855634091,0.052744806355531324848,0.24257706757919322849,1.1495988839637245604,0.04119870965321146411,3.5713661318943774603,49.618396709842372161,15.651895145097235229,0.0068802690463662264514,0.021054223196583888439,5.0115102290986204281,16.940146122719575317,0.017362013720367455716,1.2173056246437641281,0.032767327563669013113,2.9423950613969225287,13.274747635197384099,0.0074329468116142360587,0.52832543759838346276,1.866455049528060961,0.088828588621415932591,35.016090266327559277,3.8732180556410105154,0.26359598299515996089,1.5381734786588119324,0.19698321697041445977,24.690119503047878169,9.4017637950127390667,0.0289002597430279215,201.16507798259442552,6.2029149333792270582,0.03509156147676304599,11.631773160274923029,17.646856481353594859,8.1137765076333892011,0.83362370160064447333,2.1537916158840286762,0.024832729785141487849,0.069912464577182170666,0.077308378316598896918,6.417818754235852019,0.25706499513004876789,2.5722484477337279607,0.14496967998641549502,96.945189760090499931,0.093177054273830953179,0.17329310136318878954,0.96653334394602252733,0.1753014527528902744,43.26407834956559384,1.6818580452985909535,0.46056234641158527721,1.5725333194387640656,0.059576155242075080898,0.0069051286295731496498,0.018915183676952017355,0.15830716864531357846,3.5272449033670763008,0.050565397098625036731,3.6102606780721195889,0.56382194417016406884,0.041180641862405886755,87.893044743956011189
7,0.49791730353984509083,1.0672543242246359529,0.31393809849785148103,1.1196154012420340695,0.12577713281864627559,1.2174518598435719596,0.29567567291072111013,8.4674727057179151046,8.1822125721941905141,0.36090491803583035768,0.010136919358459069163,0.18027923781639584866,0.0359959403703193348,5.1396433328444652844,0.89629195919049675645,5.201084188298076505,9.5851814401094923568,0.9697090812070383592,19.075119802693784266,5.5692146270262004037,0.55915702444519244096,5.729611712408652302,4.5949268300874672732,0.010344074962471304022,8.2300429407611854771,1.8357289015231619267,2.7222253140844809849,0.026555008704442495393,0.53771509341392531578,34.805345438430045135,0.14888607600341582926,0.10320747922920284201,0.031993690533984237012,0.21852835592336228299,0.18830956997480696735,0.46044926818234471755,0.11141418351385548591,0.11062856134533413655,1.1532434251176288953,2.0924911035224647016,0.014514830851036613843,14.58900198342020893,1.4010650598652110155,0.22437947964175614102,0.75290135929852497476,0.66819705809220253379,0.0054270867278660801444,1.584259477357919943,0.18829934212686652573,3.8525096780501972837,0.029905448947435155777,0.066432905900496691531,4.1734142403128657861,0.30573791837620817313,0.74020041304042982766,4.3650617546291972104,0.031377953972497728274,4.7218910819800949952,24.892141859523380987,0.76885474819191057527,0.057828299848253078563,0.025237037142726927857,0.070613953010368629704,1.8805506994535401422,1.2351252453743579718,0.10553050344040965092,87.642275103830669991,0.8821789513432167773,0.0036340475900173484052,65.373706081341879326,0.5571303321317112589,4.0668056945073116637,5.1516894236816064279,0.10457705562325782245,0.027842893799957434131,0.023168588473187555488,0.39483198796801499686,1.6777499776061979286,0.082908326235451301756,1.5134113138506086749,0.080462593004624771709,1.0695875912891044113,0.19805142761056343526,2.9218664775260045907,0.14671898685908879578,0.012279078308279210013,6.8052961734328860643,0.54514481833311367875,0.17569134856217363816,8.3236470501342925132,0.032843571024704351635,0.14594071058317306666,1.0795862736586088193,0.0019372200419563744868,0.21108578915137721221,2.9728797026331856834,5.9887673541583188452,32.848013780012117024,0.19050360916133185496,2.0189763428172953219
8,0.98362069389833217681,2.0486788808988705135,2.5406354432074667038,1.014318565797112548,0.0047768892124573211419,0.74696933530603737417,1.2968114594595618883,2.5768394551600275477,0.17228341522475179581,0.01597566508229355739,0.0011605603208313876491,1.5324534410867087786,0.066075988520448658559,85.973242181368419779,0.91921971524760981431,0.047192495015550020576,0.17568187252130662568,8.0486295154152127651,0.74187661192293807844,23.955581387463602994,0.13794194694017625213,16.07363294837254486,8.3280033767672865253,0.24712908650947568168,0.015898982660172408798,0.16633391718968801309,67.976150613983591597,0.0034709877337842083393,0.02012587248564162018,0.9396234546492061579,13.919268191650607136,0.25222601911245967621,0.56648254225573002607,0.68427546743795719664,0.10089017426303377445,8.8675061898122677917,0.0096283981342289420152,0.50111186323494683048,11.769474353313134074,1.0794016541635154116,0.39049910384666708385,0.0069356333279306445205,0.20703933839855068189,9.3795402327849171087,8.3699108655270642032,0.17172259349504243042,0.057552469822069997341,25.847015177203395808,9.6545185269105129322,2.0820277382885139517,1.2578146318790430769,0.14254804208299987067,0.50370325723441899957,12.331642494567395474,0.094595339208675882636,25.957630994268146907,1.3405746790084391851,0.0059485640331206025497,17.2494362376774788,69.120649308593343108,0.45701635690859426786,5.8345179505492676952,0.4362647125241981283,2.9510816043834475764,2.7192169203627929441,0.024369381246771876226,125.98742952330975697,43.041124126158827323,0.046296382575040234686,0.6513740283304718659,0.73397229472241432013,16.86559285409786213,7.6454013000172640346,0.73547379634982124053,0.090837200622979327735,0.38327914422774655989,0.27679816085648523138,0.043774233361679258658,0.0091900254950475490645,17.821381778109131488,0.16939626348817485302,1.1478632778805006875,3.7380863389336607128,0.094395872956719806268,13.464917291046099024,0.10828283704229416107,2.0753103456854447018,5.9166222179557657057,0.021323592420629849248,1.4979547163977107171,0.0010634145229203931238,2.456229134502902145,0.04497453767791469853,0.0012190005557749042115,2.4035743020903312939,4.8215546367782797788,0.0405944432870967431,7.019560159128398702,0.14650437514997263766,80.982285479490968783
9,0.47298681456608038243,0.15072008798530689422,0.0087027967529951216069,0.22879729749249691495,0.081778180051451751509,0.0085071481646349835642,47.874256624810492156,0.0063695071634432554042,13.529066270382227088,0.097711046215450375607,0.017389216570824869018,0.016817805962409022175,0.014394901749396390306,9.4472670852269580166,0.25613358155033633112,0.1795897932531891894,3.9244373457324286392,10.894072119881343497,0.19619373245691384966,0.51568497402527402329,0.71423842491883793304,0.33996086096772254459,200.03660036021699398,5.2273776586572680003,0.65493690644915114607,1.8941938758490635131,0.3341248267146756934,0.0022674592837176052798,1.0162940735104273315,16.618017153407770081,0.54641284000909717822,0.75815458570744853617,0.006263440634949937573,0.21965989205754665736,2.2854760193753831388,180.31530086368059074,14.320939486769921345,2.3104355727924970054,0.0045267201636587338365,2.9901173331111485787,6.9358559019331673667,45.007969775669508294,0.0055110630987965465374,49.335814524403609482,0.046133464151000697084,13.804015526881034504,0.2104409278969696373,0.0053614336167160658864,1.225476206897225806,12.361821852755769058,0.045885643170335464747,0.0003794809869523996541,0.049825238428502956201,0.95316367692352510499,0.047678055874842806272,0.24160924590292326419,0.047232783294613216174,0.20153216460034686919,36.668974869393231586,4.8036046287694817991,0.71589193033493581098,0.0065863482231121716487,0.001909299874040656193,0.16330540387764877486,0.021648433844189407527,0.23156576104760540069,44.165406052854393693,1.0991765504597106329,0.77678547894230454141,71.979116628897770624,1.6872866988359251916,0.011611213048605305981,2.2939702505534405041,0.024846006635674815211,0.048627046278456188821,0.0011496023102146911768,82.294405320555000571,1.3570902503485562374,14.915574311090971094,0.051126578459150993916,0.016632409922951115616,0.095327594706597670871,0.58614436576757256159,1.4522735581400858518,0.52149184985988461527,1.5719963855842651324,4.7312670912775303123,32.413111024452419429,0.52586671941477414194,0.85289316618021104865,54.952976060800452274,2.183715237558190303,0.057844192132992459932,1.3119899318236090124,0.2287357380488179992,0.4499478843803316197,17.410121373731964667,18.762585444827266201,0.99636008360077243928,1.123766838995420958
10,6.6943425114999000058,2.1280021536200015575,1.0939260272600810353,0.88502700219482344224,0.055680044374030950027,0.0042672335633652264814,0.068471600824553335851,13.047858146396388079,11.087529295418081077,1.8330207436976737601,0.2652286801465519317,4.0152808265413177935,0.57528765608962573186,0.00087224442398482727404,0.45915678428765038799,0.012229555055364696795,42.241742380930766387,13.74990917170853244,0.79063045793402875194,0.081950121573055603741,0.25577175045887129423,0.2658932283509760075,7.2223039114990514875,0.019810978536710002751,1.5121117875554417331,48.89778074164698296,0.71891570184066333482,7.8601363202851381898e-05,0.021332397586289981312,11.574315549269019954,10.664227610823189707,1.571476641227441684,0.48125143006689669045,0.14486728450369593113,6.2753137063379913485,0.45925497879341248275,0.006622720133959146202,0.45524776360375662776,13.951284867619865082,0.010811156461922386343,0.010193311675716609441,2.8358108061360716157,14.614715657505715996,1.5457804955581047057,16.981232738835107199,0.0046397223009823429854,0.080716418745597179329,2.9022209838036734375,2.5494678695522767775,35.265877532250833326,0.14079115036621311918,0.3968920542474651536,22.486986168440161293,7.238257767258557962,0.0022394477938437015903,42.88084343139875898,0.015983013813508986645,0.034478947775430361655,0.9994596762585007399,48.559845135477068823,13.444793216463436281,0.28643283333602320706,0.42694574091537912386,0.35927386904109598342,0.31752911912748771339,0.73772318367969369479,78.146516159302819915,0.42407085368548830262,0.0026968698311808183589,27.66084832527556614,0.30960942648072287131,0.83038030689484898517,20.848116528153823879,3.9940862395195941836,0.026302956258251321969,0.1421514275806824712,0.20087286544451973813,4.0304383558101051221,0.41781577128018565492,0.008939241733268975601,1.712580002338911056,0.14322133251281846111,7.901293551215630373,7.8835707928029350455,1.561391542331394211,0.10254993810703204316,14.469790847805496625,5.3560424385891236554,0.27405469240388741214,2.8331301872546590381,0.27502799758310714218,6.800422512048424295,0.33146801629697980607,0.0053817720329025981255,0.0027375613883002143656,1.5621789617648009774,0.09687159193752252484,0.28613273610578199291,6.6625182181961317696,52.667037985641691478
11,0.10290228888600320978,0.83034593889129371114,0.0014619600387972531662,0.14985183172248592309,0.26695947215642717998,57.178909903923930358,0.00057960675560014558293,0.0014896532045905264488,0.10393965078491347598,0.35361678237223992394,0.10425686329298766708,1.9592739015210167697,0.65379238327871858072,0.67068035278033288904,2.7619442001781937535,2.3132501854415519205,0.0017364131345785024409,46.723879286341094996,2.6460874577662503171,11.651231722186938811,0.090211586026308396291,0.53340825151868298537,2.5376641933111985239,2.6902495300212057039,0.2132954521801986858,3.5568905721959418464,0.93306598161039999706,0.014051356252212680517,36.468194429690278469,20.126901087901021725,10.081348063582160179,0.15985132224256090594,1.2375946400603625719,37.022427936786982627,0.016733431099924127999,86.102047074515724034,0.08874884399969024118,0.39045836957819279878,0.50128087603148163698,0.41532883061012604298,0.028447942002182289439,0.20291969716455926509,19.664335368703000029,7.4664068128221359189,8.4241647254119680355,7.4814445759620715748,2.2158885836151238635,0.006890445308481259884,0.60468310332119112882,59.56984741766643765,0.041786383638940563512,0.31931588865135446254,0.019695489945293812029,2.4102343503917600387,0.070182545180013530817,45.026917139526105416,0.11903320651901301563,0.0058079717389416122067,0.014347615222163731183,0.010535785915468285148,0.31828548179590798739,0.039679326202026979353,0.0010425402896159902642,0.18665582714889991656,0.32024168558847498911,0.0056842002368692676195,70.150463429496866752,0.035883870237924379853,0.075139472789542055553,100.98370253093686699,0.62135528383917459916,38.647660064609546282,0.0047727177344639359555,0.080785117840695114255,0.020587589159348496093,0.23322332762259292971,49.114006204955295232,8.7569720088532125857,0.27360328676255668556,0.015370971646069566535,5.47183170590419099,0.71123794000881535027,0.43992312985087189681,2.9184073741599791951,63.319370774240667288,0.089022560058099192704,0.45377396318955715016,0.010022046124368617567,0.16445932801613769025,1.5226181910179210632,68.589709446466088139,0.48502341872719739735,0.58592935791601763462,0.046490499245306828036,1.2007078507684390001,0.0039035124195523828936,1.9824860576100824527,37.299087084916834556,26.207447653380114616,1.2039651993332056712
12,9.9384802096226785295,0.59960912573540425807,1.2807218941311373506,0.056966464252357872089,2.1152773156891382378,0.44979410414760845338,1.3035176044891092495,7.6111067113934867123,4.3856521532226713234,0.51101033001245588228,0.019490401019674627459,0.051551671300614748672,0.038644762280521181841,0.72590346525445892389,0.73202916691994079912,0.88980701993163668906,2.0803484581329731995,35.075733062644083304,1.9247572358167959194,0.56986331860613304023,0.07400660629670469115,0.83137583736786613287,3.2001189968147185638,0.36455271977459696719,174.722935701690119,0.037055245469618913745,0.11284588392708529148,1.7858457458176508759,0.027222034161891422999,2.4924992215057217848,8.3537606519244977932,2.6777692371987225073,0.19047939326485213707,0.039382807590902610406,0.94963502875465422015,0.6139719557145290052,0.53887393789315940484,0.0099903485746042214322,0.62796876652021527132,0.40902036095011579109,3.897760989065877979,2.2345468937639365592,0.0338285015955789789,0.22562304481892328512,0.23856065803705400752,0.70059880981303712666,0.068089652910014786258,0.06096666405186638299,88.262000503685953845,21.290302329333059106,0.29164283400964596815,0.0092816628386956593483,3.7776006171401652622,0.11721663504664762978,5.296650067074517132,0.75996591299610383174,0.00056489958578279802787,0.67914939114428407585,8.8916122229009193489,1.3388062888288463359,0.68177098054321894072,0.0041967024760386885743,2.6759140787289967811,2.8523999914513291642,2.3304257030602100187,1.3087874284260907487,0.44432236291140869699,8.5839243587636424593,0.55187562473493079196,0.090513925436798745028,0.30535625596570797891,0.021230008384155021894,2.0272424108033941792,1.0868051415872781451,0.14583509001776148728,0.030483723432699037087,4.1638832756409671632,13.302375589750830898,137.18348282743099276,0.25406499385641806432,13.466314956572688288,0.55416897664663156142,0.16086187897403064762,0.21400630172158852105,25.858125921005633785,0.46863689718959494757,6.6194629669082631906,0.71983754676852895749,2.4421574548335995836,2.3488270686690255751,0.076271806641688838502,0.38896547418270799312,0.040479058359163759551,0.0087434532002081642721,0.0453830218788338971,0.0047434405748250510829,7.7875012994263341781,9.4131568264820444369,0.032674037569537094094,3.261124643457335992
13,0.80468454213206719317,0.47309197426080457083,0.39279054368452542834,0.50097974086550312034,0.01807169334575803657,0.034432333164788393731,0.053074346189180159061,0.0015272434396350676768,30.468387323206833628,0.039244090722584140662,0.27882615151648976193,3.2689621629082030729,0.053533915373796196746,1.7157928181843615789,10.901080446405694957,0.28714547425859321406,0.61708658673328109501,5.7262378470216974691,12.939000223759137498,0.014404481297516010321,0.050858453491110247602,0.052768451883681580239,0.059117919134432518613,0.093871416457404682765,0.10737861585108701701,4.3236803423358631804,0.0083209206083199090814,0.021286809257819255814,8.8110812300791820917,61.522883311794480221,2.382847115430387408,39.671182867676250794,0.62169166287940025306,3.8098491644751963925,1.1609358091916492928,2.0899567151038875856,0.27796664260438436189,0.0094550986190060533343,0.03228822379025336059,0.53179990033162860552,0.060364392182510745455,43.449365768421579048,0.18001616410478801789,0.21706901234537748224,0.37167127454562848277,0.3783514306850868647,0.029177660566550786547,0.015706422770002257533,5.8573185648047880747,1.1396025377077003693,0.0038029476788937967464,0.00050771038152468074729,0.88731142370975712996,0.29105767196807408315,0.086817815049310659292,121.29499453194891601,1.4926824985081303954,7.1710975363396816107,7.7308057763808886165,14.276839726911550343,24.494946398441872049,0.16953210852252914576,0.00068142090454314813847,4.2617395719951911559,0.035708854661489514148,1.1593264531008100615,11.500339589159164433,1.6878346290279486741,0.00080577826254862720302,72.026315642889457536,4.6569836973260709811,0.69184205384525854221,1.0870993905563814952,0.008183881931602183038,0.81047933957608153666,0.18801338851673379815,1.3057173798629575501,0.0020937795947349453589,0.14551248852835313441,0.8207586199217399292,0.0002995431978513015737,0.00058375064619913832019,0.0049714714391128874207,0.29994278942279906097,3.0161862702029380578,0.09523717666952662142,0.091774100190786370157,27.492319800308848698,27.702460462014641962,1.0621187995358611911,1.4265551366996862548,3.5685609502325652542,0.018190765479878301392,0.095476659818291967352,0.009581500091491544982,0.30627740222106542012,19.175794386704801298,9.4914861214766421682,0.075397789153780744864,8.0163940570872611602
14,9.6518619834889030074,0.0012295371333570827028,12.174359946395108878,0.70682807231311350904,0.015710390694623956737,1.8153259861219674942,2.3052222693900392692,1.1427223207630783364,0.23868969476122617324,0.010022106827576584762,0.10692460816961510406,0.17754795400904838099,0.1953105077026925096,0.17261928516052280069,0.02269352813272502295,3.0475422094988493527,0.28982845573657534111,32.9629989513042716,16.114072171947338319,31.738893017064821578,0.039777274070375949477,0.28839944815024909364,11.317192672365308681,0.014820522929910276422,8.5861243701249438942,1.5348035958467103335,24.406748948719545922,0.74731679517162930004,0.09257908850430443537,29.985392224885213608,0.37867342235019552099,0.4570563672998648741,0.13947487417585088809,0.19427321100290578793,0.40209832576378823354,11.867278700609293907,2.5437913091767314633,2.92864836320270161,0.0019443428943987936877,16.344054314094606184,0.16013950481483221755,0.2806844951271039168,0.011013272683803499233,7.1950263279247357318,0.23952367595732471095,0.01492979685168840942,3.0717730752829637275,1.331258857124133721,57.56451483902165478,0.074746052450041233772,0.29759051892431342967,0.013465977209505680667,2.1404776816953594576,2.8205715290105231041,0.0003539309412783006592,1.9346642184889342175,2.3994235929321523493,0.79039498870891622406,78.051712687817882852,0.10904800921178635364,0.037717656463975311742,5.8279458500899252726,0.34672094216564325331,3.6921759516891836661,0.28634774565718290606,0.10426801340883803948,2.4041902071002216879,21.279824537146005525,0.0074327874873529355126,66.570667306017284659,20.081919782299994637,2.5593278287936445103,0.22860980892732649106,0.1000667551140987932,0.095553225589006599017,0.0022304077986376991648,78.447811185298320424,0.0020000702643261985755,0.28614936286185499448,2.7519161631786857036,0.044386294838798190376,0.55031936742399312212,17.805083035089516841,0.017430431859919607446,0.25493321933678969593,1.2479159921431357549,30.530344673510889209,0.46695662646516200578,1.6080975211563650618,4.6168649690203729108,1.2857166812715437043,1.1670027174018413607,0.016333951813134312686,0.097343481931193076573,0.21191235063577273934,0.21026177384451136265,1.7627461749319637274,45.847771278615098822,1.647637964827453283,0.52976433325562954924
15,10.850469087045015115,0.64130835569966815335,0.15388462884851991652,0.0039243762611583677541,0.055963542552366345173,0.12881997256458138645,3.0456923870492902395,4.3061056401759074674,27.187022487474752808,0.27507801618750610251,0.1241095895032383184,0.51125267645414895767,0.0063709396342884324835,0.50716873406741191932,31.675587186365660841,0.033385104567479978455,0.58551951874279661858,0.40628405351224328168,15.050295781194369837,1.6255101411340056039,0.093840005177132715386,15.99289060060545431,1.9627169212158461775,1.0828353277404807464,76.704737739717899103,0.83416526506872568092,0.27380256643374589753,0.0075192342868874561396,4.7028739900706302279,0.41788181952812675224,36.747452416030569111,0.041522810339047436234,0.0041885607107606847091,0.35845204681712472539,0.025062411659680362136,6.5669548322946118546,0.20745273004750294787,0.025031387077898665378,0.0032678244051105730279,12.780886060251324565,0.080952373809613592526,0.046375761769536359702,0.44441784249135130036,0.40055060943933862294,0.34185611817630723319,0.0050608830814646219021,0.060211481812208832165,15.896268561328218638,107.47596744699956162,1.3630428436815125171,0.044120114351773466466,0.42650592389508090729,0.017091873451559085745,0.56875731956918218479,2.1717158069590905001,4.584864312863472513,57.839393150603804372,0.6151472842671389385,0.51838087887777672957,0.096260775466050732541,150.45213743189867728,0.00019991208205804943511,0.00047857626640753961724,2.2813696855956635545,0.22905828499561253775,0.012857536764579850092,31.738593211181676423,0.059635664915001287967,0.15858684288912572313,1.8652073882885249478,20.854129779313513637,1.3064007079048469695,9.863029695534450525,1.7960390441783478099,0.0083770816790586458828,0.0063676868574958000666,3.3403269296041195879,9.3310640611750592655,3.2513367037947618066,0.12561986052829343663,1.3972000862853237724,1.1814500226173185737,0.22127531769075417523,0.23752045955549649925,79.033070335602161549,13.969280732659807853,1.3679943382862176371,0.033861783865064075394,0.0047265086753980143502,1.4413675483612353734,0.43720238544789880031,20.640706278862761991,0.06783910954490222911,0.00046492173997876720193,0.54993474101512451746,5.6721585263287481737,22.427611587214308031,18.974324479421753153,0.094383348221043564252,5.6266371129016157226
16,2.1664493383164051821,0.56562909392075944037,0.42739877351586702536,1.4586208196287562266,0.27179291312758124821,0.59578121974126851956,1.3669323889112112713,0.2640450561888663672,1.0830395256000275861,1.2187126123432738822,0.021868145459352859861,0.66980897229508418178,0.023981639498427714807,0.37603828878721656803,1.4315256967464358162,0.23073819825203908951,2.160133184217281066,21.92276773477757601,4.3945969707129108883,0.85938647494860598286,0.087192106111128070411,0.31612786824964111965,0.82515737267152522438,0.042446859921299408269,60.206389048402861874,5.960136063121129979,7.2705127396783417737,0.035448188717163250927,1.544257966316179731,2.1313905995608770638,10.276436542245656725,3.4554187209964930538,0.0005702146047358626086,0.11066074420024785141,0.22126354181513388508,0.7849908573825737923,0.0072453830440323370096,1.1823467949157251411,3.5579666368029077006,16.314024286177229328,0.040916397143157888505,13.658243674459834338,0.85702995233560330668,0.019775160147780523889,1.6624554001227018762,0.42732145708072355461,0.41314431144070240531,1.0180140935996759843,8.4085270796262960857,53.395448617006834979,0.031263594793075139,0.0032086667328645956075,7.787333553991096835,1.4466773250449729282,6.9490800318881280617,73.611462913233310701,0.024570408196236900172,9.284480221562397162,30.319574163378440801,0.10425810353774812855,4.5723252474047084704,8.5393469582726544919e-05,0.090802774635445407392,0.042366688043654808504,0.026021212715911873348,0.740076550858176474,0.90601631052899300744,12.072996859737520126,0.38107725069590470124,181.20912268105107046,1.1063996425487088171,0.26409537832120028034,2.6996227591244985611,9.7243691060530323966,0.0056394920805559658333,0.0068291721978897745524,0.066058936807944487746,0.22509591785635560401,2.6152098750289756168,0.35180686225700058545,0.34719267931712433084,0.037580028540289078798,0.19381925809632635782,9.6213534348494267334,8.0925896101411254335,0.18341771352305344389,0.48101493243862047944,0.045038719717681766075,1.3975458899128780921,19.684207136354782364,0.24635356636663735541,0.47101853507315322167,3.6517489639970950321,2.3909946584265164837,0.088740637758923712752,0.86499600458104530798,0.38269671507744834615,4.8325426983691048832,2.2093182758300748958,0.38542262030626295299
17,1.0184728244991829715,0.27676464967049879684,0.14043406185884410586,0.015883222842421117899,0.67519443949929813797,1.273018564114922091,0.67035775336417224857,2.1759066367971500178,12.87558367383438096,1.0575094555858643997,0.081963042900532578905,0.045232112660841580776,0.16111038539000738234,0.085360251746458407074,4.9148036559094743225,0.66535535879838580975,11.604722644186706404,5.1530734481843056827,0.42925063487153175545,0.20290839253934672692,1.6008141025109114963,0.24640882865622115716,157.52378456266816897,0.22164999973633420227,0.062735531053989851413,8.8998946988078078135,18.97327892800302962,0.00051268479731780922798,1.4733852420274451411,31.002486669025813626,3.895644010548892755,0.2015826013580679088,0.078345907421437682716,0.94638229435735710116,5.4375353243624724442,2.8402261697688091502,0.073409489954489551278,4.6891050795244186844,5.1264489811080968806,0.065366476956988536773,2.4968316363505205224,8.451543225677726312,0.22055728433311139192,0.23515818801885007838,0.091831218970735942198,0.38360732812811049186,0.80882397708681097459,0.035387770048158663505,78.895077408721220991,22.134495743617634389,1.8638007086621295461,4.5355711295918057502,0.54218422974956448357,51.659296318590669728,0.64331695586663695252,0.51108518259871693612,1.3556755187731168721,0.011003859439592731523,0.81032404054531748105,16.137775241499575429,0.76481148862017467316,0.52172670999929493529,0.6710279774957270682,0.086315458824541085869,0.10489206843996748408,0.040410968643695463487,341.48336324571170053,0.00049553481299464876425,0.033470303266310133528,54.820111479269222343,0.059912225659945431144,0.10388862534665498083,2.2977430680177786115,1.0942265276401559326,0.0060186922253114257322,1.0594301554082699024,22.560438587443396585,0.58493575247701978803,64.105136209550607873,0.47690255179283341791,5.3928803561930571675,0.50859627782011462838,28.309880075417439116,6.2399511657591277825,0.018318819565054128562,4.0702312623635128475,0.27613384544738234228,1.6197190993081502786,2.9353327189591791324,5.1973828793763496847,0.76158506013742566232,11.110724514517851702,0.35812823296940954343,0.50654630931410304928,0.018567988567193612071,9.9964465411937943884,3.7596345308021659193,12.724528225951537763,2.3193147937429610117,0.067622948408861377478
18,0.0086311098033955563347,0.17922759263184961931,0.85692593569781705387,1.0601725908987216229,0.0069520371449016335474,0.0063897369090421983137,0.066475070846373565669,0.1187009107266893404,13.505228215477423248,0.8521325885309429804,0.00024355520058028638395,0.88856890573230673525,0.49885187554061388715,2.8485214582527400573,49.485215553153871326,0.2176604036991599822,0.22265173804975724181,0.53222175147765327097,9.0997056833780920471,0.098299995278701784995,1.3142737227708551906,0.41336417552783644158,94.717395219344751922,2.9673198650205603322,0.92924644305698667068,40.549712293750168612,0.25975477513346506564,0.0045436930837353620843,0.0033204022162827556697,9.4039743682650716039,23.139325634487278194,0.67363197527284712773,0.0155775306833620137,0.088071498370537543154,0.097462482642001385669,5.1401643539311026032,0.75369305126621843893,0.14603589968199429117,1.1154066331868670581,0.0086205928639420670301,0.029448298486007880997,5.0262271677923404667,1.1284797551298757501,7.3714611800937035468,1.6622875432841857091,0.040638755106061165423,0.93920797359946905924,1.290627904347068533,5.4860243290741657063,1.0091923847724473262,0.20128656129121727525,0.01196998074717258928,0.67080239865080704131,0.034131963784731822464,3.2474416046049898732,24.630853752286906655,1.2580541742918709414,3.2238468497069883156,3.6827318627708440779,68.650947866510790618,45.867473429151814912,0.0085623764657749238532,0.45498264444855440747,9.2040563926535270411,0.87916861681037206111,0.023085900279955901687,28.825632348850199094,3.02551842083352307,0.00033551033541219559475,12.445714542287962701,3.8007692888201036752,21.213947653580508046,0.33244244394733174497,0.047547412320135977459,0.023616644063063740866,0.016286884298200514365,0.02983055632453691583,0.61745107228897333496,0.44871576304763577392,2.5986385282250212825,0.068439783487874827905,0.19480063642662862056,1.0712339856975647834,0.031818399206372915966,0.22402828826914347737,22.596614237758924304,0.99275182051878563261,11.779864505844965805,0.0092505937139474476993,33.304460268838482762,0.12017916058835446946,0.61272124256089566252,4.6160583777972234998,9.7475315221483764816,0.027003087205864476777,0.32360611414032258715,0.50771125918460757731,16.04297098414716416,2.0795093206112666984,19.198572345674101314
19,1.8876733008798616265,0.0096520600327409354635,10.841452692204828878,0.017697891866448951098,1.4710973004842973211,0.11461712224289165307,0.55420974669281863889,5.4506658482298284696,22.996354998896734401,0.00052936763959738274924,0.0088385202210225482372,1.6487360606878467273,0.38848386863448408635,0.95078902703960477272,3.8216502153724647428,74.666543789053037017,0.73395951304004181104,2.0107269443205160186,13.096444535899069095,0.20868477619385616961,0.011776745860026010398,3.2046309221283046931,0.37171719020559440549,0.0033721733044051048662,64.7308807256961245,0.024621372876801175811,0.30840119770779333974,1.0780554224502056915,0.044873125892042571572,13.269897246596487506,22.467367917082686546,19.356083711803588443,0.0094215240225864072682,0.0022272756824676252958,0.20930665013646437833,23.144649451877246094,0.11689914509462652481,0.0061324268027250425361,0.0033612336819257484372,21.211006004583353501,0.77201820608166282778,0.27182562918109542949,0.020430080648976171181,0.45710244741165045879,12.366621861991957232,0.00018833737859790924464,1.9155641682527613234,0.016115330266450789143,97.930497312961563239,0.0012281513120927386139,0.022011641487460188726,0.001504523635995421273,108.48698716426471833,0.068009427108074255175,0.8131923529516105198,0.027452896832303518709,0.46102538422957622943,15.069822527596787864,21.415738836052977234,0.51078256096675878073,0.96947834624539841464,0.66350714951106437578,0.12340692865640645604,8.961016391023260752,0.89595344548010058539,0.088348553632183524087,0.76139904000059221989,0.031103665937931887497,0.010698140150451325089,105.41474861656037376,4.7998749076180198259,12.395490490043822973,0.1436960684476230321,0.01335311302936210108,0.10131183599416547503,0.85945396577890154077,0.7179051582646768237,0.054689439489872912481,80.939621904516357631,1.4758452854902570639,1.504584564649748879,0.01607560307352228629,2.0137407563505118624,0.013136236776734699916,3.3244844758019169717,0.34195480042559611711,12.387946525926009755,3.2771931918568508735,1.7506454044641324153,1.7617285357267018497,4.4903285842036915199,0.0066340645357570735344,0.47696200973371155607,0.10783813808045270011,0.0034670051701041881137,0.12855757321884689337,2.6992314354916921992,52.173085787049068074,0.086751447241133247679,0.0083879393400548181436
20,60.567747936390865959,15.733246277580407835,0.0061280834262007677013,17.440531392771969621,0.07596315805491121731,0.05740895923031268111,0.41097423105804176124,0.22171541605911523898,0.72256930252775442014,3.0790707416374103467,0.51793646969559081761,0.064709425019286739844,1.0333940328667863273,0.071517353319934834355,0.00018797444519387992968,5.0386187613826800558,0.15028400982043471634,11.993235789584451467,0.5341362376808086454,0.091274198262398187342,0.030861333716596058008,0.12887165419918122922,0.0061254654569241964723,0.0025943749062180641168,118.90145545218521761,2.1903938799436812879,12.618109200307250362,2.9516018952487490523,0.00014957671187124964361,0.0041824822211152098625,0.023791342776445213725,0.20925265191264816322,0.34197642819933182778,7.4383196430925782039,5.8812021027841998588,12.494056024049969622,0.054630703846266955026,0.53919563953076310447,0.018162039961366494706,0.5017120511928243598,19.25525507920459134,0.05375751337601268609,1.1507094400532946743,0.025815796738641018371,9.046927678478613899,0.084837298500442026583,0.12267439604934493591,9.6775357545484972377,0.0028137987472842463689,78.095097247568787679,0.076154285053476933331,0.0061722623504976365308,32.272885859792801,0.029896851189633501938,0.0014850957546166799854,1.1571328708582842015,2.0443294706050076925,0.094464727971030726383,4.0101727179973165605,6.6940564587400421814,0.018493060618814765456,11.34108180992395809,1.0647898186350828187,13.202557901768521731,0.37204711372677568004,0.060873589228719701683,6.9019682832595084299e-05,147.73730183464189736,24.979834409564038111,3.2704438947910969837,2.6385457706979758008,18.195862865604830461,1.1607350575049915076,1.716319608415864062,0.0018340026993939003742,0.0054813461356094184476,0.61012558728385724027,0.52454298465294779685,14.444269902680531459,4.5056611166052089601,0.53068280112754351308,1.9491979706300905928,3.5941162693837211961,0.77275880861201928784,0.16612843910205510323,0.050407438862359932319,0.92573488462299702295,0.073761311268304888267,0.009684633072352514388,0.82083752492276529367,0.74594884121500759644,0.050796602631939483108,8.8089398492055650536,2.8391576288712343512,0.14251399462394906403,0.003405078525368782083,0.84198763248389718594,3.9640088995723683496,0.24920834458811766399,33.936065866987597417
21,16.358000358198360402,0.0020743690453561562832,3.406776465714167923,0.01708609240764881812,1.5007354832750501306,29.219269928732209962,8.9414421671875903286,4.2196852344471826868,0.39155916745982366489,0.018158030705909756347,0.0035289360162215257372,0.24164601793202752922,1.0622733627965625924,2.1921911759216325954,23.338541980299659429,84.868973544878926418,0.0022730679240303541117,2.1489597616394715551,8.4244890483599892406,0.093719384005747904953,0.60245175250826099589,10.193069698680488955,0.0052033255351553201959,0.12641353750193623506,5.5477833203349309343,0.68465166002579747051,22.304168887625976936,0.03311643351508947869,6.2488403879574869748,3.0911987075773899036,10.931295166126153262,7.3795610508363829183,0.076103568748123004428,1.4485448661056630204,0.081943262261683455505,10.21776584447063918,0.54181020388621481398,12.053069313307389621,1.0751416462522300765,2.4688950214786302695,1.3515372140747008434,5.4584801025573312927,0.36665658377143439672,0.56324400224416493188,131.05601757200489033,0.72441800153271773688,0.0062848255139248132561,0.51207357130483366348,6.9302240203842284672,0.1506386743217355273,28.576924629927326293,0.51817633177422062207,30.703078892578325565,1.912281935091743712,34.839636009605321476,0.418648208594602389,0.014463081713231734984,3.292636109783083409,6.7625479736062024116,11.263679054702892657,0.21635949078864669115,0.002994033538133231663,0.34971084923756012852,4.711101893635567528,19.227730142585109263,6.2314446680860706707,64.326331293206450823,0.082630283593421866017,0.19113050555694943711,72.167413343375159229,5.9854241905694367532,0.4900993992377489783,0.0081437522267094660661,4.7202018063385553504,0.83948128985647374467,4.111333817146077152,0.46518261981497177615,0.38429093278152587354,0.0093202864134629744702,0.0039008522101942012458,0.64875959134073135637,0.14594384311640157259,0.0095928850389761562839,1.6727745917617788951,0.017814369794830791499,0.056082179347301489014,50.911340105945996015,5.7675424554719896264,5.9722883451229620277,27.842997783959710034,0.043779615161293083947,0.0012408829017723089615,2.0684656882545735535,0.45359569294569590525,0.27886726459604871398,13.48826762672763202,5.341792001916457977,90.191994253633566814,0.026221532484304078264,0.011213038540425525336
22,0.52712695426703803925,0.021068791606576854625,1.7579792320350806634,1.7027168894710460467,0.039196186216282680181,0.24248864344323098341,9.4371975333488418158,0.032015646598674112056,7.5100370577938351246,0.63470207495742314574,0.00073446344920321377479,0.0051997424122401450508,10.925163213395560291,6.3017224679766101758,0.59870785728456177299,8.3312814204323810685,0.83367513871505549705,4.6893736739780322864,8.8280188245821644699,0.3827714308713890401,0.035954277839274767503,7.1151168756882245958,60.790924182599766823,4.8829282779116249813,0.28598670983991675287,12.185681852892077615,0.21391373480531997164,0.059103545728777760748,0.0053901489259476744256,20.857091027446710285,33.624212028191614365,0.19283818411506678525,0.22005119123384356272,1.7665859146161775328,0.37813156248141666094,7.4919762304150330223,5.0406870329013582221,2.2288132794831718719,0.8044975687770641315,0.24828683878557158971,0.052086592815260707168,0.35957531581423884948,0.87689310889844185315,1.1146200155956935696,0.03088024808197566487,0.01293189993346477093,1.9340740341993305496,0.027269406103154019555,6.8480324329252537652,1.0828795280338436857,113.26411943438208141,0.18239383267795145072,4.8368970351370874639,3.3210848308038158905,5.6875123128644338166,0.064554193934459935811,0.017516621772013844793,0.53943216326151022244,65.281359583074589636,1.1251666794609116451,0.22840795673377389807,0.072091939263015880623,1.9812587870492794906,0.1028634985762818671,11.767334665455477349,0.027038705514306132088,8.5361778164271804314,0.092528527475327887464,0.073905117633257119691,14.286429218537788799,4.4713620913702669668,43.887278735202251312,0.083260417464000369137,0.5603547683227585452,0.09326061564789321634,3.4446304513851200291,13.880226238292793894,6.9257214744725077438,0.28247054368535012836,2.3751508520611608333,26.52572109085027563,13.49321503877311379,0.19642482523542731387,0.17271515319416355649,0.38140744275821542031,5.2334216664353396808,66.200417997040190698,0.59087352901029366326,0.040369192706106019064,0.084668450186974344995,3.1895984901209128992,0.17524781750225890131,1.2980966680001164715,7.8853490139880353382,0.28145094539159415392,0.029706467378239329036,1.5379496095583566895,14.756970725603816064,0.059797637918329017703,0.23927692479971532369
23,7.4239987025404561294,0.15971149942663631638,0.61600646378689993821,1.0139907290216423341,0.021965017219104342183,0.54174206697340210326,12.230830541940564515,1.8971307366269287709,0.72167190451718254973,0.0025001882674621643717,0.021327386774263518143,0.41709678829925411758,8.2632830209056784554,1.157948276797818643,0.0040111436171587138907,6.3208283573683097245,1.0673590236072403314,4.6241166942765552506,3.6686953199649905422,1.6090738294229662841,0.19198328536230918617,2.8800926134131552558,0.093088344677822218443,1.2716787136850244977,0.070291663026535611269,1.2801959565391876072,155.88214732364238557,13.370831420771024156,0.01909068639290973507,0.5028738165665678217,0.5380392093575242507,0.45978789187559376828,0.09292393042298015271,3.0200962302364393608,0.38762635459851219055,71.258007883138034799,0.0092249770184815328006,5.9728921713054363707,0.098221952885947039213,0.35591235177616764584,0.064180361263966048679,0.23067581633081182813,0.37523389578603177918,0.15194679300208147055,2.2927658437320439511,0.025498764054239776017,13.901641085046467339,6.3294219587951987549,3.6091310459178540526,54.817007432546461132,0.82859418965077236141,0.029963639021037241639,5.9950794832041989224,0.95035440573024432265,0.27898541700099183105,0.65559458050889440894,1.817190965466703334,11.911915388907376112,10.612232009227959395,0.45239217078179772002,0.29842930920398763606,0.70402296377235773495,1.8847584412784466057,0.25959394204498381642,0.23980290490819838878,0.026118175859932202254,3.6671428112690129808,1.9692589766902595105,0.044415249141603413419,181.7919899508680146,63.153123011186458768,54.166362931678179393,1.7638267758903416471,5.1602927476796622841,0.058050659235971031891,0.13145561859944690508,0.66821534467314935846,0.11103863754991280532,0.0097925604301140993513,0.10754043982398724111,4.6496323481988888204,0.29574722296600325366,0.0082059859319027119579,0.22023221746790855313,7.2002822904047576458,0.43511085234228324969,7.5476802948095533807,1.2958155517272018642,0.26117142717672825469,0.13867011466639922457,1.6169924117162199906,0.22465081559516766885,2.328799492006020877,1.068379034671146588,2.3663220100840649529,0.053244164587437858849,2.0754491456427923701,5.0562710308782747859,13.366350568724580938,6.7739957164600426154
24,0.31361880372888628621,3.529394776260774691,44.194850226892313572,0.048277599961707454157,0.033567648288110887855,0.4995088498554308698,0.072776055467755368378,0.00026378742624790516361,28.913648100769250959,0.043522484450875309481,0.23308000785109170283,0.074933844914138139637,1.8486975267044529758,0.013439110331751730892,0.22737279992296685616,3.3462875152926683242,0.24145759938973626602,16.228794545043857767,26.512330893831887124,1.4894812064249431938,0.46080300545403007906,0.49086001305770010639,5.7515266379665757057,0.014732995991738806127,0.43153610824318966444,14.893440513492834043,0.097472003418263564178,4.9918438581395969678,0.0015338873599547149604,29.112100189416707963,0.032717984776678421532,1.0187153206777859182,1.6410049922052605265,0.25351872097793881622,2.7024491109722657001,46.58835085747691096,0.070515413627920769946,0.17432869157037469976,0.012489100703685038565,0.16553902733256625757,1.1830466486186630437,0.13537600566194157858,0.0037936992779602331585,4.2607791125277358901,0.0052972808521389823377,0.19036442727938140962,63.809151020307382396,0.18111064729279763297,33.339131121836118155,6.7869222695525435185,0.15546304212916439713,0.18389492597284726183,0.30738850975672632471,3.1421177617963560458,0.00082062451308847160752,0.038644792753014120534,78.697038564899429502,5.4040228691089549073,45.723471639107451381,0.005061440498100341738,0.00058122625100950528997,4.7946059388538735391,5.5357916901015240541,9.2772011157770926104,1.188129398474367715,0.44458570190002222322,0.63798964859992390863,0.00071909536556992188078,0.0078156925550846145095,1.449551764374796381,3.9523877805287512821,89.534715258298945173,0.12616179125176757436,0.056341058124844863031,1.7995617103760770394,0.29478764293242393224,128.13286231896850609,0.03255054976196580796,0.39060998084985432133,2.9336929301716967444,1.2195737334328764501,16.546575561929557807,2.1155164491135129978,0.029174757624198185274,0.024812584372667943755,18.529055774751945762,1.7196670576783972262,0.35055944897436497332,1.7735979619272048691,0.096751796413351534576,0.9258483776935466647,8.4426061009848503147,0.25815627140365315917,4.0950579865497838128,0.73055136258435238172,0.28766798612357230569,23.273710897603070435,4.6485652893622866344,33.884678223218507753,3.232306069488666278
25,0.019386867376295389281,1.9322088660210599009,21.010608912788775626,0.086402597731012054094,2.7607619430063072841,0.04983255733990635955,1.7748507025250002123,1.1125307817200997818,0.0054883918548804385903,0.062695714063833438146,0.43907630066643449362,0.035699693920932730473,0.034048762829809176012,12.142568827965185108,0.013731215839637078355,0.30576807851995274623,35.772555170292370974,0.25442345856294845685,0.097322915367923090724,187.94419784145679841,2.1407942616667470226,0.11807191160623577153,0.17976820934512788286,3.56170463062931697,0.49154408885889877556,0.029394804811048117626,65.130692003194980089,0.50489692160140620114,0.0014127710181959731058,30.01022721740720911,11.556904688437162676,0.31072322465117607759,0.47632711207220546079,1.8704597746031474959,0.55374377917194861354,0.6419799671810110242,0.042942216215274831015,3.0640337568555797709,7.9700424678749079987,0.24283700136412164627,1.7751174132836118336,0.10077338441888419873,15.68287340597672852,2.5340582056821832069,0.012966909178926603122,0.12198449076563511184,10.413190857862138827,2.7744810948167555331,117.38763297924703011,37.18675640665711768,0.03648396619872017882,5.2123411795111707079,0.40583731954634899575,45.860769159934740458,10.342414112517552383,0.26804691505812872077,6.8512827999797858425,4.0500377130655289548,16.542817590760428459,0.053599375839097802843,1.6899169420768092031,0.00092151454760102898857,0.36074687326844029345,0.031631061595846318713,0.15196462978374014607,0.11987692388759413342,52.133616732112308512,15.744159504652218473,0.021778405027955274192,6.1157137153848113442,0.019350326830858646798,0.40585319668385588798,3.3855595697775004993,4.8074126852557803602,0.02435146274829394844,0.017739315347503503695,0.38632072930242228326,9.1195980077047646972,36.069047525379190233,0.71951041036505292148,42.437711479473236409,33.991247322007509979,0.26741028984610232255,2.6958496883374452047,1.946824517307467195,1.3297891086990920595,29.380169908981336846,2.6798232396068604189,0.29830976071497533608,0.01201404422827168951,2.677007349584042295,0.73841947239486405152,15.318481687100168998,0.022003367205869938522,8.7812827833165059133,3.2050912143137777477,0.00097002012975564680559,0.17966048162580622316,8.6902467979159325751,0.0040723004778328991682
26,0.023476681549257277792,15.371327273415097636,7.4094165568494751994,0.91619653306181814134,0.011980357208381555573,0.13816601625043284374,0.010973641584637698621,0.20232779982065929314,0.71818469527770378846,7.9958759605891991384,0.21091045355737197964,0.16585187671586287816,2.3761609893619604073,0.088182210358663679073,1.8036419796289715478,0.0050830636801591664795,0.66250513748611516984,4.2356643050016158369,0.93671655070470138948,0.77573560491522330906,7.3374777930738250831,12.944728339494762537,23.650955026926965274,0.001124930545291886845,2.1796311303980444585,57.168169994873686335,1.7131107900612110306,9.0155976943124467604e-05,0.94760656402542498,35.260525349775008408,14.354158079745596766,35.118967418465977914,0.5257630426022207315,11.154791535334084074,6.0338029183767423191,0.37675199333437853211,0.15664739639395214299,18.000949156737032553,1.9471293726662437518,0.12826153699641504313,0.018940575822716014531,0.066142123369957117607,4.2745413112106636078,0.10778898635783804028,0.43810458181757494511,0.010763481370653485425,0.94660590555045232009,8.1635399012317915179,5.0271248048591905544,9.1095997502201875307,0.67808007586389662524,0.095601071107494717261,15.835268735991959943,4.825889947737974417,0.0008426062516092736477,25.161447210194957336,5.2704411242720805575,0.94620968673693839346,4.2460812566926025013,9.1449526051564298257,0.057920877605425205581,1.1408393798456346602,0.24554242502531975489,0.13446402018617606422,7.0955800738215017986,4.3179460580886646071,80.185038645452465289,0.13795760750079533175,0.023581417389410126023,0.57296281191991571546,9.4214183118157386332,2.2254177730211024411,0.74960937132353888668,0.16979419279480592597,1.2397727413574357591,0.016170778365875344146,21.292559566338852051,0.10842222279199258128,0.0022332579960360368458,0.0023404609107767569004,2.682297391079537352,1.0599857107873229545,25.246360826783490694,23.517351305575076026,0.9970497246918724743,0.05714945220748545579,11.625683452236721394,7.0802531682118523548,0.5790666898728614731,0.50322854046459852828,0.056494718167747988435,63.772105967954239247,0.1062174872845725454,0.003953830892782011705,2.0529169637118398484,64.347134071626811647,0.1718835621983331452,0.094998467173747325187,3.9312121926573566633,1.0912920489573887384
27,0.4488957806590148647,0.40955367510440360279,0.16314311100249975772,3.0157528901201295923,0.025038962199270171222,1.2966286163343134774,0.0014084655733131877433,24.139225620854137588,0.33911582853605959365,1.0938024801357864035,0.029264739924568405893,16.568399088661227125,1.1761306001540243749,0.097813378465130940143,0.66102283606159062401,0.1205404441437973595,0.10026953425226906025,1.8440724932545469184,5.0283651021975304118,44.290419557274802287,0.52026390684192880265,0.28101499186977074718,42.559482804686957991,0.040267377644350156596,32.309500947264744752,0.36292128934590173195,0.030736899687020421273,0.58344015781655844677,1.2803087201613727597,18.041834497150642136,1.198077988358579038,0.20077435781100549939,1.8632423658038059777,0.067601604747610746782,0.85788312857502802,0.063079033358731356751,0.24730857109559450935,1.2515221533127336428,10.620964337649127174,0.68420366731658643911,0.00022773693073197876814,0.24629401506021830759,1.4793769210160481187,6.096193014826944534,122.38455752231577378,0.10695425289637383592,9.9010935432152642477,6.9518033670001058155,0.42886615075052125778,0.094486459609869163923,0.013062263606142264158,0.12626845470288786122,2.9845015882871250845,0.013834366181757800501,0.01171030983670020946,100.26538799332681151,0.029402199788093847516,2.2472291400021262575,0.27133628392561881526,0.12958045835356937769,0.045594930194212804353,7.8203264466048940662,4.1403130113567181425,30.668019915159128175,8.8701210189740962164,0.072300184804786588044,2.3274596016461828185,12.564477259444657875,0.048685446489956811511,18.387919208652039771,2.5911881835540264696,47.93942997568018427,0.86053726255675333512,0.11811151314267033519,0.2427281467308476659,0.061568039856015631395,8.6104345078018464932,0.52258548972482177231,0.0495159838760370688,0.45927909829596041957,0.71116893113171031349,8.8316830055388866327,12.187259628722699745,1.3096415289048033426,1.321493138308908355,0.15230362172595959813,0.92212157982891296282,0.10193656206121254337,0.33384048896022455732,59.170605076485813356,0.025252485170233863326,0.21206205516152601409,0.28075477018375893934,0.040146077156891800397,0.029124426127896993477,0.10566188839276473288,0.28285620643423003973,0.62163208019570104224,1.4476585840856224241,3.7028367923146316976
28,1.4708060127155131447,0.24845094108340254335,0.17808893385737353809,0.094252682916352373277,0.00014274945674931771426,0.54557475576184510935,14.460698725327890912,0.081165354691014879318,1.1802811013040777066,0.012391354816832520283,0.039995604765127826252,0.13766506480865051132,0.065753045696678100174,9.4727641816980661105,1.8007094742418523481,0.37115142178846238785,0.20021367746866061688,12.148655056085598147,0.074352849960986844291,0.13500214178314301483,0.085524316781197484705,4.8104019727991857991,0.035121564446567360429,4.6339329278367102916,0.21195010030027797154,0.036333468658245778038,2.9163342598135746364,0.22560275934976228851,4.0756720970924424918,34.163880986288162944,1.0528566123766422979,0.048557591159428030447,2.8541852104015137392,11.899149638296098175,0.22735608997671402642,5.7237028005873300529,0.21132013244298061827,0.16403039474543942844,0.22984256765036190084,9.77772807601977334,0.99556851127366141618,0.011400672500695676476,0.85860315460545888477,1.6567303782132638545,2.3596602286248611335,0.29155070140034500259,7.7489564483715698273,0.22552721992116389615,0.24925080723863621279,66.054971131112139915,0.11311806793292822348,0.21280373427612758741,0.15547620777294343664,0.30881439516186293126,0.010503067589139648136,5.8236390178516108662,2.005583781413555311,0.0035657273178374736602,0.30797879821065421435,3.703830729311712755,4.9377763556887988017,2.4332696070109811615,0.84745816816661156956,12.33842889939886156,0.71986767884155677955,0.026982651995089479424,45.756624815713962562,1.3822519171431044693,0.97246991190394582727,103.46864562305611912,6.3788599285030356256,0.52549865064457956798,5.3662829536792093776,0.096070958929725808195,0.042264733261603133763,5.1223052149218553097,4.7239850534967420259,0.13483342582904139784,0.18612882993043236568,1.5457487615979814688,0.04453247344658274598,0.12694240327622860476,0.27136755647892701893,2.9716919039871125818,24.475585622209088399,0.50453300470355477714,0.10274089967858196504,3.1100243886041933905,2.3185825574246696767,0.016948056947336895967,0.88554156440323528177,13.7590944937742794,0.11408176613020919177,0.0057813579948438062819,1.1235979826379216551,5.9008366102582252566,2.8123873310957474558,1.0437500985427417,0.1214037734322405554,3.901275747490455359
29,28.930686935440629526,3.5871251955628329355,0.0048705617031754603816,0.024589350057641456981,0.47096241202256439173,0.33164075124757919077,0.040969044099418858162,1.0445373627980671927,0.12158684675885594872,1.5785533592552751792,0.15449969051949175025,0.29306872509635917279,0.23175730607288572149,1.006831379385952685,0.10859183998386927328,20.468834118762988084,7.5786691708441100701,2.9818183792377119801,0.0023781171082998984675,5.9584314390009396334,0.033156952720598785456,0.27981628591258955741,0.19363258823165405142,0.023252090034987685924,172.52361568995161178,0.086791896021113146276,5.4551474316861243707,0.010032513252367598888,0.044149644450522641803,51.96657244966345246,5.5183561774943763467,0.27478099263091665394,2.9936200192005690823,0.22691506336276859312,0.2862311633683309875,5.0283091933822179342,0.10952857380758031225,0.0048592246891616666313,3.1155655727969859825,0.031166442704858909885,0.66496950428945211797,0.059382900418363464279,0.61879944035061940077,0.3278566136142880838,2.0611517288276193227,0.083846843781487878644,0.55451184157176969247,0.0037721406002013992131,4.129678204551069598,30.300739942949618921,59.283865627510692775,0.050340675567109215149,7.1592764981663972179,87.639156440681560412,0.00067827181901479482486,0.037117763299759305717,0.0056761902719583449614,0.011092684754523003329,52.923314168754487241,0.011865410972600779274,0.26162497279941698825,0.11044204480591839068,0.022470304316143739631,2.9073389669820572934,0.17860299591661060736,5.3909761919160104071,1.4978674753285812216,11.24615551457084095,0.28086728691729717644,50.022494185929062382,1.3061168382977916824,228.18622507043477299,0.014064819931451508911,0.0035906624991045837242,0.0023184503537618025154,16.045064044763723388,5.6362369368591940244,2.344078074136863421,1.6726955981420503772,0.073750993581911103436,6.9548002713583700896,0.88676899326704672344,15.338190020624438148,0.55594836173283723735,0.86087351439541937026,2.1526026831626055014,3.8118881419066461547,0.69736810228403889322,0.0042084481036025111686,0.93765793216096948726,7.428832264920790962,0.0051984774164252414708,3.3437702267133597722,0.0016863828806405176987,0.0084112334328589038329,0.69588998244737609866,6.0741746661315936251,0.4558103577676696494,19.931266155685005259,0.040436298113609110694
30,0.1537084556532812285,0.094914879329250828599,0.3802418067160341919,1.6008599469755138145,0.0076363676501267100868,2.0383380407037372528,0.48770595534976296515,0.74792022660712331739,0.42880155257828739268,0.47198961372900005706,0.0027173417972575918296,2.5644625689549016556,5.2003169332098480027,7.0901623454635815946,16.048326896525040297,0.029536911767248874572,0.70807728668598557409,0.98825611691793813218,1.7415098447094867762,0.40323203941073826329,0.038059852028789378786,0.53239641759099876062,3.7136149850696149599,0.1483318517631604383,7.4993367981576319892,1.2807291443944572862,16.144720404124093704,0.70385647947263974,0.27328210400473990083,8.2065155247944545636,23.015419707128785376,0.26673451632295974711,0.049581531274782007779,0.67020079405524157767,0.05440013673913422082,0.23609119881866150181,0.12002299165765410727,1.7644082509907201839,1.8670601934242927467,0.031066977576887984391,0.0015740443094443179635,0.034264132262692710562,0.30684576871692487154,0.0088039916393082527646,2.3140009845543314526,0.0033764619093027731407,117.66584635863290487,7.3459496682686289404,77.517626320251608263,0.49014357837705413434,3.2662507888449399118,0.0058280900594642626872,0.719275669886716984,6.9035652009012249408,0.53539994566032100831,3.8974546464284807179,2.3401851263022654948,2.089641748857569592,17.607437012186093028,1.7786945146705612775,1.6607362770796545437,1.2985279294662894767,0.2576066494291421316,0.025280751763935863097,3.2061411717991865622,0.19596696865310131441,0.50863467690742181215,19.258222523461196118,0.31610802607101190498,5.8486050899562762595,21.606683041585142746,57.860832240525326142,3.418943775600523427,0.94173151379050179521,0.2030257205143121968,2.0355977989572378029,18.308227698018168184,0.041254823000249553344,3.6571327491114047348,6.2246078357656067226,28.343936973258522016,0.012855954225931000637,4.4584868710679925741,1.1061307633255850202,4.870043103802182749,2.8357706893237271117,2.6132029948403876496,0.13555807386468818332,0.0037878905929889968018,1.1808797387135816503,0.70099342841536627091,3.3086397470208996907,1.6301216779271237023,0.49494875984530933843,0.067180292783267023249,2.3134480308163052342,0.0078433966323722386499,5.0446472858127808792,1.4231968976694080453,0.11512416186681040386
31,0.5762838616537657721,9.6828394639408834621,35.602699211414616798,11.578227731842151371,0.0015190135848197248124,5.8404569107865524913,0.95709417726894818745,2.0950709828859772621,10.098357223086113166,0.0097513336644847563306,0.014518166702389319334,0.73405520374747468271,1.3449493783973336392,0.55172596060546563734,0.74493140273946556462,0.48973475574661640142,38.5003379635349674,7.3925462794619827278,8.3781923713610630955,16.913809209973511116,0.026370189782320217764,8.6103216048030262186,102.3401391513553591,0.3684311179957448501,0.024389121244717291287,24.642836068864358623,3.3454323326138308836,2.6336877064183528141,0.00029706956891764315027,8.8230344002229550426,2.3697889201383959268,3.8202409291588832474,0.019942052168536800877,1.0919883126036544763,0.91954657241123916034,2.3550078096680695516,0.0027525653667931802501,0.0043484548470403465784,3.5606777968239575749,23.104847490897235218,0.32028748068342099975,0.068677335108692061372,97.660113588851217514,0.0024620046223437865897,47.01725363189989082,4.4326455807157145728,0.49426416623396068895,0.054668152249461754444,5.9599497872621576278,1.8072554520860217853,23.829942275966484289,0.017506565818259347406,24.013155020161423892,1.4252264655716144759,5.9848739522659668566,43.54692365332941506,0.36814128591421213521,0.51927432590726751993,1.3422653736322271989,0.0025735188167870667007,0.059285243150068590856,51.575362669772893298,1.4864787157332028933,0.00012451121374324079978,7.8010433244766090866,0.0017588248636495340278,11.834947499032415053,1.3388377484882527657,0.0086612231937584875652,45.880494402047126812,2.9680468364487668786,25.20394195894553846,11.997876456058008898,0.0048192725445737015499,0.0044559427827408184045,0.097788744238457805946,2.7009366823838663052,25.17873914751387332,0.0081624803619105845698,0.32488465037403457814,0.071351171973863355968,7.1197336264475872269,0.0019727611941602481681,4.8293849935735186918,2.099697253834767352,1.3612812188049414619,84.506917949846936722,0.016714448581445714298,4.1731109015299416853,0.0037733467123116227852,60.012820300457619282,0.070999909172998018625,0.26716103347567193849,0.004728133448519566788,11.823142043594817352,0.31403040910535406915,0.11121784368101793328,2.9293518714977175854,30.043613178299835909,0.28264843961997299093
32,0.0027438283366337527965,0.16590238419005506887,36.907890327121990026,0.67559110284329038087,0.12372108543551585402,0.33611444220838854191,5.3595654155872578528,0.23716859232917653078,1.7648704819554617007,0.00010629732263436056849,0.0049499625053452097137,0.42793483562373235696,1.2925398842610429373,2.0191580521378287294,0.8603147184351479515,0.073201747192590829738,0.34280955805876633935,18.760748922973299102,21.342679140055231812,0.25900793742456323931,0.4437154652502515173,4.9332330548595884068,0.69891366314569847162,0.37840158055692041383,6.7755059753717388205,0.09649718228533991915,16.223243593415855202,10.481706248224702094,0.43581982514043826615,49.227360008011700643,0.41713636962740063829,1.7145396094448919211,0.012710819788108238329,0.78118259338803586189,0.034020973646996563455,54.532764578069880201,0.0074506422097638256088,4.5283508200289226409,1.0007992951616326849,0.011493806220663227782,0.084333262639253669946,1.444061192714640951,0.095618627674676187622,0.27985400333856175203,2.7750363834657734152,5.9563575127624135419,0.99379741335963955873,0.96612616799339146034,20.663307952013013846,43.760017747481896322,0.00010339411758379485307,0.0018816383925276747909,1.3678276498299823949,0.0008967251129979793723,1.6610921712875375,120.05701203222602658,0.036117125164463942388,20.012116036824838972,0.11076175072603954008,6.0926832916193145451,0.35331425014739159529,0.19282550890012448153,6.3960517207746114821,29.079363964877398274,10.223054338937183516,0.13448810974457098277,79.496039809436467749,0.19037962783788298093,0.0098841653764219356004,25.852315916046027411,0.066044417186928786045,0.013114215373791983724,13.007344006946199855,3.1966261566485227874,5.329144642018086131,0.00052227274243307037459,2.257493968083041036,0.12050016017647323385,0.42603918942416801885,0.0017830597155741320994,11.552416440236900286,0.015000962227860790629,0.003358364957920521518,0.54636076026303792563,10.772342331360116319,0.0082581510130440120843,1.5654458638373081047,13.383606341878557799,3.3421579265899667988,1.234983175948102252,0.0092718985406847580222,12.501550403726378491,0.13345171195087829341,0.0097619626622597027027,0.59936022379005970961,0.86520059097508361656,0.16594240031966478455,34.405526334967483137,0.042374033156453327909,0.76513530696093745576
33,0.617224868494601564,0.00077960571246832408455,27.15522193585320565,1.193377383586942786,0.14678382954541560612,1.0850670189075699579,0.2374560392019497701,4.9059281901473159593,0.21381521627693098053,0.014662558450736199248,0.0250327256552107906,5.8460665225452279614,0.60732736890597416313,1.7525694817649017931,0.024555195564405690734,5.0046438118299452213,0.09187841282515861463,5.8566708214451752568,13.88524157197089437,10.969940793853963257,0.059461967667491205658,0.06176446635591335832,2.4755776523535275579,0.18528549779133199338,0.30716252748108235915,0.062648498006090111434,15.30858141256382865,2.6454292653638744603,0.024797052346628181002,46.614176214246697327,31.266144553746052281,1.5995954004985861729,0.14858203917039583541,0.17389801185573908193,0.30924918214454588661,1.3297987509425885921,1.6274225952452223698,0.49067489394707025641,0.54778459994667427768,0.029152989260561930351,0.29714518843304826845,2.7660407299944154147,0.02653106215118039915,0.059578897619718129697,0.25444245361354839163,0.045951291251802563187,1.1420563183506267091,0.08264518247610691537,196.88946663777593926,0.49827999114356913424,0.31429846730080096551,0.067175943005105667738,0.46054607494062149708,7.9435843005237547487,0.56629219344586767537,1.0422362878000086539,0.056878845078867541762,8.9155654564614685853,29.698975591113850214,61.262052946036440915,0.084966886534500046801,0.35895752648994527778,0.10441287080337800786,2.3866240871901731602,1.4842099073028580669,0.094388932677086520573,0.64545470743270727532,24.191627471936641314,0.028770023642204177461,1.1970001616553567203,0.71325486910839352994,1.9414329775312202386,0.057721052865341342109,0.46796162494276238863,0.068087741986315425402,0.066904649772086322024,6.5956233514184230415,0.01404368385923874217,4.029627967032273439,14.494992809208685713,5.9772806600867767202,0.031467982596923661787,1.2212484747954555075,0.081519370836761903543,2.7321561120850281768,0.28854056218571155767,15.111739783600446785,3.0701408178705595908,3.8955155664087177669,7.1702953483554283665,0.36647114188791962697,0.033041428697445099361,1.2877696040529462707,2.0861422794780271062,0.061131808110885733909,0.087257659171556076205,0.048631020491625570612,104.2417529072247504,0.010620591993805269387,0.69826228545895074884
34,3.6033961718637290694,0.027183448323347646214,16.021705469601311478,0.05110036510767473894,0.4891639935246203108,11.795769481291303649,8.6093059121031547082e-05,20.505749841426585078,1.3915525184267403258,0.15132120202006674181,0.025738044255886379647,6.5714347564120290102,0.02342463135165701385,0.3827092157530065375,1.085852661581917733,15.397380911100285061,1.5587512697044683119,3.191684364402921581,1.9135161892594538813,47.004576544272374861,1.574225978094661027,1.8428424712019699783,12.193725039662744791,0.59263482665998756804,0.51666933923831603881,3.6678700905517400699,9.4669965547607652923,0.071302812682103755559,0.27263180472761633366,56.38514197791152327,38.391131611193763717,23.216517362778319011,0.072632062767688493343,34.322708482265852581,0.052229162091982160587,0.13666486970027216796,3.5664725645982366942,0.1327482773431299945,0.50511974853741936631,0.0035571050338957846924,0.6242919981035677246,1.4172813259633385563,13.277309641431713771,3.5612415138612947274,10.887443967144623258,0.86747626189797188978,0.00017551871215739319235,0.010625266687102244423,70.83390573419747227,0.016404849248016491886,2.1369836486586870627,2.0686696657048146974,3.2644487264355777079,7.8225270915270925798,0.020825406684656388306,107.88526562334604364,0.11132207453027861965,0.30110558975852252939,12.540057644580265617,6.726165624922378683,0.012683739970540935244,1.1241907159276571804,0.59291916117022513966,0.84087268241328971818,1.6021828457652058653,0.57101407472953169542,72.772749438406520994,0.057093257111307388341,0.0025597463055240755533,0.020548370902604157912,0.10905094271055613964,11.94107239942553278,0.50547223740766433764,1.5663568251574584433,0.077530318536521564132,0.92930578776746630698,3.6487847849915513443,1.9410570568652512069,0.049485941548248341126,17.192737973277299801,0.327802139929846581,1.743564334103316682,0.57466496394494226418,0.35964151475588035378,0.050408101374292191288,2.5159827456611956187,11.360937951497099618,0.05977460752189288351,0.074282771241226175363,30.671164546085677216,0.078495327124337627156,0.073955874035251931153,2.3672303727965209319,0.0017159222137174171777,0.77483431852859618871,1.3175110064775628071,1.0876604454768796781,24.435022483876323918,0.36006317121653796942,3.1780053028014494387
35,2.7829476066437552895,0.0017266211439675854811,0.60476203304343267853,0.011779559983648763347,0.6621333382956017255,0.001029010280835942516,8.8033952544236431237,8.3173075138576599841,1.6048876937004212806,0.0085489085146934814391,0.031871760173517553472,10.547541872064579493,0.0041407695924010196054,0.40886069850945183646,0.071356344919557154749,0.15217715959861838337,4.7014199670847398593,1.4312821190684232864,0.022013859402089403644,0.2658557450963479063,0.17527950720356857972,0.084839581495734645022,11.092378550117727443,0.17934087575299847983,22.230772303884254626,0.066396550953212188362,0.010618132184270583779,0.0017899430970866332235,2.2620710152510938862,29.67597155792147845,8.4330741609707402517,1.4877424180109521945,0.0040484214989138555055,0.047469090705535947616,3.6089785572725108231,3.3731512579418403419,1.1248283546185031678,1.7066955304937396765,0.020958317705619910337,1.0172678475853873525,1.1668473398234684435,0.76768739043848044368,0.054079578619225826541,96.224691417775133573,1.8483027439113599577,0.0059367257252056597483,0.56871997738509061371,4.3209212545045057041,23.526271134940046181,0.039465287583823185913,0.016742564653886328474,0.053423120535514692642,7.5618996835643672583,0.25308431263033109859,0.030445970519870246829,0.94069723015479578265,1.0777964054105912961,6.6983489011013723768,69.302765757930103518,2.9647202022252585607,2.2092133593286105153,0.010525059477939583547,0.13822052565928413803,6.5530120523337576088,0.21497907236950486443,18.240606778189714987,21.291455738022563082,4.5903888351633632681,2.3896010313538607051,43.506248678449971123,0.8637862476450249849,0.13533243167412156716,5.3472977073460077335,13.480655841299871156,0.015156936322282888938,1.123086285656950789,2.1059301142028017395,0.39012587342518606492,47.992556473791928795,0.71692033418953415858,0.040640461157459221997,0.63404486474420507225,24.329656741306301626,0.41702301948608400117,0.002098658343844262298,1.4049973177110908207,6.1034679218868674866,2.5918045305574297643,0.16430124110710070395,33.703531588576886691,0.15776584104537924591,0.03341352812955186713,8.4590579653814206296,0.014943754368537337865,0.12548255933189197964,161.09249438848536329,1.9676596630105371855,0.10106889833593574179,0.21335008078176889712,0.031345957874005465904
36,6.8923547766337485143,2.9510111123324600513,0.079884443316077594077,0.0018985547069962581922,0.00059328561913140872089,26.257008943486752628,0.024419688309720747471,0.82319007458928528109,1.48037499030147357,0.099867735637213073119,0.00011779815899731810498,8.9445884640265180821,0.0030863542876080371329,11.697287969896869697,4.8497606901322729556,0.031381834653912567268,0.001220882330556916865,8.6390292898205878203,46.291440287406111054,6.8086418192277120554,0.55388781164930467327,22.448467264213295635,2.7748225187898603039,0.015328533856638470317,14.010913494580139016,0.0095605500198403560452,8.1902852406421366993,5.1554811406737757196,0.66016542146103474042,29.569074964902750224,25.840126986129028808,1.6663328576127427461,0.01941385588869505574,1.200766730509479352,0.013925723690808369803,1.254174918413283768,0.0010313100623673533782,0.029183104355314851835,7.9027946948673504224,29.860631141188957116,4.6792425409074898113,0.0042316967048255677702,0.0010185322357308750855,0.022918567987424247334,0.33373383252935640009,0.28751130662615254074,0.48491598959132403701,0.31445336651038963138,93.229792820345437576,25.484754785627561802,0.038985495602579613161,0.0050131182877370290829,0.12183445551400248763,0.27761235714289911325,0.0068745832716136604651,0.81196657716695064266,0.67782836912002786267,2.6693218839578500834,73.994849143098591071,9.3807937392259255205,0.33657138511723677654,0.032641168326761067775,0.49213062078252983733,0.040394721207913736327,0.12246486055111432956,1.0206025121829007674,34.191772857554340703,0.60858762439624336515,20.362894271023279202,25.02922974286856217,42.342618172286321965,1.0188098586474836349,51.38992788839889414,8.0095190080000655541,0.0057889929076757173226,0.63528951375453912576,5.1215855677545008007,0.014993962605456963647,5.785297777234026384,7.5578725625771765451,5.4564242572357688488,0.15397625964946029531,0.86206665938329496424,6.2414139148411411639,9.1224511985831266969,62.698642975759767637,0.036008782753561376089,0.00047446714238991546031,0.41510301020430007135,28.103963334534832086,0.026164609322066424008,0.20345944280250652381,0.13676403261063907468,0.056694501429353241773,9.2403854918494356951,0.28736093323802591737,14.591839610169444086,17.52090742444896776,0.77039083976766031814,42.394966230765398052
37,1.6082052095058196883,8.9635985983127284271,12.903531369084838332,2.7121361677800459589,1.8409736915962977566,1.4264727774101957358,0.047199462280004038373,0.70886127791387665287,0.05138737713078053021,0.60228945850392057171,0.0071450696162107607892,1.6105277711305727717,0.41073662001818750378,25.279670453492737892,0.00082637228475084109278,0.80523920355620903777,0.18976038524439603483,7.5415228144585935155,0.14861132000258495123,3.0574898982154019578,0.021345542166699111447,2.0836002971016958085,16.359031247517275887,0.0080873372556084718865,1.3387659461315153386,0.030989235958099683316,6.0311166736023773538,0.042527813936581532195,0.0046993298097928303675,0.150356525892638343,11.718248590599337433,70.012804590776894997,0.28166517824887082888,3.9061866424704292378,0.034454975257384286291,1.485885628740417852,0.090765580805545920118,6.4168192441581339835,15.06121234066517367,0.14287885954355486473,10.048701867518641251,2.2349380203458508731,6.8645880584355181142,0.45065998683499247646,2.2528295211787487951,1.4701813290618928054,1.1021439977531015675,0.77458551431960442901,1.8459926601181633199,38.41709094015124748,0.24902429275470416847,0.65613084823525935629,7.7721302884474470218,0.059227675111904957983,1.9905332517712543972,63.417308792235758119,0.18642938886821502908,0.46576108633216423138,61.422653525761212734,19.696395395859077837,45.778987962087576591,0.60345187314391290911,9.3998725641679925502,0.0098309391977964497022,1.1208344891692412215,0.12997638075178555295,1.0330853759148703741,85.246646577394614042,0.0032824719041886427084,2.7104386509605831179,3.4093256538870653216,0.0067732014873605290647,0.057534355836029206499,2.7258328179290205462,0.27797466638682061246,0.18436669499818850171,0.45679792390378626266,9.2314355323930836761,0.030133197588456603344,0.058993823317292526376,18.372562292497011782,0.053016534016518152006,0.015343127011497426082,0.10630351387618201808,2.3276690137165139127,5.7731295789161105603,11.219639150302255004,0.1732248225449315171,2.7208295840991643111,1.873762008050375627,1.605930132379250086,0.12189966138016697372,66.375245869689351252,0.16415742361360069479,0.52965091787221985076,0.72208043942106403534,0.0068728895073576811228,17.30489816837629391,2.0391810251192450387,2.159574765594046486
38,1.5198282487654295458,0.10311363995274948346,0.038803225038637742528,0.1946149532917720304,0.00083810287595477862138,0.63898667850784029998,17.727112919352542519,0.47644035258942579736,0.36447516553449360588,0.018070178107945551044,0.016188377358127607752,1.4241250207598601385,8.0547383592351522452,21.577791193690138982,0.01344617678189967587,57.725977145216610609,13.541383329200618491,9.4163810693934522078,0.27344213095852559769,0.31277807189547401912,0.00082663847590804168976,9.3717131566034126422,62.795017717779728628,0.040276145244548033908,15.591886065505068615,0.071342750793551318322,0.31796394815851580784,0.11103999902514952169,91.350636709162216675,56.24632859504794169,7.2176023178659933777,28.0954810898798506,2.03881482676899628,2.8785854283040248625,0.030364123678289188513,3.4963446417597512372,5.0578771776219264567,23.376121795432712958,0.64952576197671929581,0.00018340331452348129413,0.13422471028519730729,2.4159076570480260138,20.070911049090661038,1.5254613015227544981,1.7554900460951337049,4.1749830679875685746,0.54390344734906403978,0.072774694476592405312,1.1005354873319699305,25.644623650368437495,49.895703056268914111,1.6978029379673464927,1.6881708350822601794,4.0722787347716149498,0.0055323165809793043921,76.712312761117914306,0.59071337844218230195,0.011119622015296540957,9.8894822315359931508,2.3073222561414166165,0.16906504920260082003,11.524215101538274553,3.2442852541776097119,3.7264073746739105886,55.853697661348796544,0.0038364553797934808528,0.89339671733728920344,0.031565551787881132584,0.015764995749303432199,43.500051005256096914,1.2104096861950617292,1.5571910548664942286,0.0067782325408686045984,0.015202301960427249544,0.67694136363418044855,6.2048643610618183786,96.364511607921784275,5.7922352156799519207,0.026926438075609935435,0.062706353699129982471,1.1799702287748690122,2.047988201289531407,0.067673566895854964098,6.7232703040212173917,30.642537783979570065,0.0047931001722612649393,47.58229500349154506,0.14491249074823120413,1.8113201391638074078,0.3908406920142503127,1.0522141875445547576,0.38649489175375595362,48.677968472317054704,0.21688774851580153169,0.089660358913576210238,48.834627142414852585,0.82162646890623347584,3.1987448567953298273,0.12461451497718835368,0.038089009282398250678
39,3.6527515465764177627,0.040504600969730519822,0.80575195289093004547,2.0117167061115290849,0.35399648871202510358,0.10513765423562894397,6.2768340180401569484,0.67809855955115694304,0.02994200546350208117,0.16392594266693480409,1.848656954199388025,9.1686953593001092599,0.2025260129149166477,0.10308280214336429381,0.045723302792064150768,0.0014012977873918480362,0.20915880580622026041,0.60374335693909442213,0.1649701059913666612,29.508379250279613615,1.9831661820911952177,0.028383982798682629023,0.26140619550983679176,8.4682576884274958218,0.033377849705017441362,3.3596984447772078042,34.524540316288955921,0.13503542669237947327,0.10528452751487150929,0.52616380040716947963,5.6965765350977717318,0.010265603383011434949,2.2054374569598786948,0.56128360806153743123,2.4658709774795291025,0.15733453314335973938,4.6866614479631856227,14.132009350778622192,4.3534538741810431262,0.11723085121401792541,0.11249198789818873334,0.38005278341127973762,10.794574673230801665,18.767877279863768081,8.1430362077798683629,1.04649435088472198,2.7184014463070638179,0.91865183482920753644,0.19990788373051715521,3.8911762192952994432,1.6169927214942396709,1.3121635486812972538,0.0077450108051322699709,12.040569762545349164,0.03574799156351134849,36.448368651183777445,3.5339268910248726741,0.04146926056749445505,0.17690050830793407899,5.8070663452741291266,6.2343072803732049181,1.1691801353211763725,0.010708148145544530219,8.7671312170103110617,0.48106440519991472415,1.2428021056241278508,0.40158352963966648108,37.486745018573095933,0.82760817198744685008,3.8458488208345698034,0.28343156710042310964,28.204528457273816855,0.062276824242370153184,1.6191456270458661759,0.10604393895994204677,0.5284109683364350829,11.161922740179599955,0.072272433746659994758,0.48837887234200305642,1.5159167912238520337,0.13352046055777469502,0.15903148892582044671,1.5807128475057292682,0.23450992480794471962,3.0043942841646003039,2.8222797754337634046,14.093656644483306906,2.0426104194408778447,0.064492994939170669721,1.3095350465278157159,2.0168410945644481558,2.5029929936971351268,0.28830508685570260807,0.078162407621119076029,1.5745285646565505555,15.078732273007757314,0.20430285102732603786,0.48417801947274902163,0.45553195913437977138,34.763947319681157921
40,17.556204196330174483,4.5081879544825280703,1.8578488319306003529,0.07642799704486827328,0.5747365274987424888,0.034870698557120043126,0.20386513774329992343,2.1560088915223034611,0.31853991255807811989,0.041746478599663128239,0.012983530644627618716,0.28473897930938146805,0.021686508522199964,0.25316049898985859556,0.068832254242566143221,3.0715642474255937522,14.354186149381639837,0.95362008833414135811,0.18997569665838320851,92.565217290610348755,0.0079665934909498633404,0.2801658125736284366,6.4867254819584863057,0.35653187948250431027,113.82216219832605475,2.8443737035555001214,1.4903692550160700936,0.030993394814875074167,0.062610471194659234051,2.8720212066259489525,0.73810499630183556974,26.012050589021605163,0.0019952266967533426392,1.5078122720377424848,0.40913666784108543295,8.3885306829239318915,2.2920068512714104614,0.45252689769549014898,8.2917357067934869264,0.083892340381219787648,3.3602700454729732549,0.41352756554528369293,23.365513132315712141,1.3972566013280760533,4.2413787568537077988,15.180369444558266423,0.0010313633663407190295,2.8342544089560517406,20.282213976754558615,0.073551136944775663551,4.6483498485071246265,0.29015961078202751056,57.128686540148081008,3.0928274998715608035,0.12250021368804304978,24.976982634200307842,0.45389891956903927195,0.056914683764810750088,21.41932253636122141,0.0082222487099556530038,0.015775135994709935106,1.7729599560961100124,0.2461169579635165694,0.66128250062016447064,0.56693859339621865967,0.021479495387745892176,2.613619596931046285,0.35648505225830096066,0.01597705156088435538,50.743466799000934486,0.21094141958646098201,10.181013548542335201,0.23029585649304237793,0.056044950386111659635,0.00050335016330717394662,0.089796407450084811397,31.278696651860357747,8.3304431268106409192,6.5627183669947788403,0.43057507991445836959,0.009069891843237962159,41.291221345543938526,0.37266139881226972852,0.15069695038858377245,0.034683452386846919113,0.92139664979184332516,13.519380054455380602,0.86876922943756784701,0.019094090200644092681,4.2340356557950462602,0.086626276474211658107,0.012060562992953847983,2.4393458880647465037,0.011125808945880598724,0.11007882966987325712,3.4455916116513485292,0.90484790406522985773,4.012874037285082629,4.3372083063943582815,1.1013155540009711419
41,1.5791374808627043347,0.52798803238230029855,6.8699960572457818841,0.083597581399658144052,1.854012602719584013,0.18160380318864979832,0.29349807935355243238,3.086562405125068409,7.8669599070770095395,0.092596921142273538874,0.025435885003771415563,0.058936466570809545318,0.44466057448471857372,0.0071799222032625769491,0.011133159067494118044,0.12192447551668611494,1.2848186436293917989,54.461279578031827953,0.70094301503971401246,4.7076945589931638025,0.026056336102120977727,0.49260697415986220982,5.696491159836287288,0.61077437362260744713,23.140004448090021327,0.18821739255680675074,0.0084465912491759193026,0.089901814195370050031,0.16645275539480200444,84.385120861309218299,18.892569166018027715,4.0802646582304946676,0.53039913124269322253,1.5974460679080579872,0.2606793024231308098,3.2555307956037284889,0.15991043066564072928,0.016761464291202256977,8.2035535819362834786,0.032542672709709626055,0.60791883373666655288,0.35532377665068715089,2.3768853445601987318,0.98519511969156015052,0.09868283717494928664,0.062313836600104789698,0.30238225307222377225,0.21858771055230438729,13.741916184560714953,165.93732450488505492,0.50454220082465039976,3.3197255977525754744,21.215260894818200654,1.6438691599983177305,0.0088926577989806073615,1.0169897689199676183,0.0065508800277779295068,0.42635096821737755723,23.447263049510279842,1.262366779810348838,1.236485806975939461,0.078013183127460375421,0.33248215750908766131,8.9773811808665850975,18.425433862878030311,9.7523093226163641845,43.588062537255723328,0.33510386105483408459,0.056929701501927179597,0.92052308960094397783,0.18773276728553128789,1.4890400621007662263,0.054083791349140923621,1.283867361912374383,0.023773354474999459918,20.999828445538359034,2.8960271783510744825,16.188841510385636013,3.086547746977289286,0.0061607448591659147441,10.238821214374446811,1.9465597067923126051,0.57733212586446447379,1.4819054212979005936,1.299331125577883439,4.3057552634873017539,4.3700615895449530512,0.48051658321321000233,4.9573817910428985556,2.5553491718851164549,1.739564618203051749,0.50676461634500735709,0.028180546578262754415,0.00010054766429314055363,0.75822571378458047953,0.25803304241030949884,18.298069429828647259,0.10587830122780070297,0.12308202655060146435,18.039113615698457949
42,0.12128384963430173527,0.00159759850961898155,0.648874328217722951,5.2281353701531978473,0.0018471170445227269846,0.042632270658993443035,0.25504244433812206516,0.32849710199326376259,1.6878019694896870817,0.00062286499166512999514,0.04623426698158768916,0.10713426021814898004,2.7891316760478943593,9.6245630587410122558,5.3145953901124824129e-05,38.063691785002525592,7.3222155089323583965,0.34091742304523831031,0.19316182195302392111,1.5160323349847231178,0.011083435395298291484,0.76308368564960282754,70.482927213309011449,0.02800013509341564566,1.4528960355912845515,0.34522246468707057376,17.392746305102118498,0.010099540826996001794,0.01365438776412606324,35.408409371384315989,0.8629165286771652843,0.24355375913282431566,0.0091463394081320922163,0.53326390543605073358,0.082892661870844444594,74.684965170753571329,0.58155642147276598308,0.036548954096656524615,0.015585271542684225182,2.0139659854495293168,1.3198371543029048247,0.013456318722912443547,0.37712994968176499766,0.64236096827883171212,0.0013619493913847092494,0.16041680405386166131,1.3346689890674527934,3.2208912969750098654,9.5681057011508272581,176.47714224616112233,0.12633598003241933161,0.74737047468965589481,74.537078567766400283,0.34902419935962769593,0.0009487492427920109217,4.5373679655813727862,0.19095026159523895148,0.22753764959830347081,3.9288334984716497544,21.376273155397424119,0.089800833664525556155,4.0281101500026847972,6.0444014943186434863,0.62242835999533951963,0.01737154087562767929,0.0054476497329518551796,3.9983285114122995019,27.734858177800678192,0.025573877485965023498,53.186286933455917847,1.4351841920143870723,6.2602279830814850925,5.5879990804149333172,0.029873773837151357952,0.0043330493984043661967,0.0092520699894685868442,15.641208303405445434,0.099980238666196236119,12.50633188780020788,3.6586446360265485467,0.15914387673872257278,0.10928072276386249784,240.1776683437685449,0.90626807491478733603,1.8928667411432134049,0.0056434713455838043591,13.159171654202475921,2.8029840267398937748,0.26817453061569823669,0.63135460904287010742,25.448941879709796154,5.9971725497347980749,1.1808298563341128595,0.00027248833171046783373,7.0394595597587583669,0.74874519523757565587,0.038747444036516705268,2.0361405601274649158,14.768706407026856553,0.97228673020915312719
43,0.003344232065813970093,0.44771704515698440563,7.5060921428520419596,12.223004757986640101,1.0838676764620431836,1.8410923945103556676,26.14842243750263151,1.0271492550905279018,1.2747932603629155146,3.2600354129945792181,0.0011545464237798759924,0.10821626847821419481,0.40910380040291061121,27.248979742143248473,9.5590352565062683965,1.082174636246553634,13.286786264008499714,1.3562916531636042272,27.32725803017803301,34.349246987056055502,0.024070434193948102297,0.026617540439482802878,38.386446940445679843,2.7529523538224260903,33.47417357001647531,0.50906849310833035549,0.4541336550207223377,0.30179405777007056733,0.28390558729487341827,4.726101531149431878,0.028790201634316406332,1.1963861633314669675,0.035975363371660518119,4.8856155056648740143,0.21913862161716010646,0.11079447898494880487,6.8634207543831875498,0.24918201345125254309,129.54380410525317302,0.90259625963744549715,5.4937801278438032071,13.452388710206074407,37.762671581666616305,0.017731438758258985522,0.0002110027457250868621,5.8654070993887783558,0.9251747878510957479,12.875984064698894116,0.09549545803183655257,25.461368160285445583,0.098120156517527354345,0.14256041467204771944,2.040903637667898618,0.024751280302320030624,153.35753296243905197,1.0357251381123819822,0.40024364389477934401,0.060505760511383913092,0.90173233967352817153,1.6358914621460012295,22.950620101784515725,0.69306873863507778566,2.8855367032817973438,0.16469664781557061262,0.0063095697766107862112,1.8850813384300375564,1.3288991414659467871,72.424079817615435672,0.00069647725589146137429,23.20563682590517729,2.6372986687395414407,10.372468031816937994,0.12598565461508809404,0.02938603073143348024,8.0013232525038972039e-05,0.38239349060880234443,0.02226410044721028117,1.012484737068706897,3.0660485479216390559,261.11753406329904692,0.00043382087390954544078,0.10628077301104250918,1.1361156793691071787,0.0038674376479455267047,7.5671871708505467069,0.87541954208938532744,0.55419227228369305482,3.1940585027739998303,0.038132162784165278546,4.6990585580541495148,20.349519553791896698,2.3885475929109198923,0.21185026752272889672,0.010217247589213461489,30.936352155553866083,0.33815628743016423741,3.0559113792006047383,45.67116276664379626,10.347597035791498143,51.25023237176467461
44,4.1695587984869240117,0.11220408027118795868,13.786588000072924842,0.09554126615117075616,0.18822260459285033996,0.077761396794568976576,0.42985200920844868211,10.140607292723608168,6.0741083710318450883,0.31944766540063362914,0.0077541522467406039099,0.76617653760418291675,0.074095617590883761094,0.13419606934161104617,0.0091296234640911456265,1.0444538008751504954,24.868565928262757581,0.017896190757497348889,0.45223313583644503266,19.716084195614804742,2.2963410357135818352,0.0035688940327642569919,2.4929041697717302384,0.16516308395778750429,12.77599054132867451,0.28721862869801362272,16.657674553337891155,0.73111227543507506521,5.5896201519055770709e-05,18.986624077601621963,25.283415029470582169,0.66845297888683263832,1.5837017015811125642,0.17968457854861402678,1.5300694444337081812,0.0064469011738654997956,0.12304062336819517054,0.021532529576761921114,6.2093244954380635292,0.011091014986011884721,1.3682990316508025774,1.2044092683744420658,2.9202111257906602226,0.34706940773059646865,0.31455675470584831821,3.3739731423421761569,11.814569405461115892,0.00016941606719247630643,29.077581918815436524,2.4450107740739586148,4.1779161851721449139,0.010104367419786885324,16.133124068207088442,0.71181161894379552102,0.053664527564378020075,1.0575160294604268874,0.036880417518758312756,0.4115323760377516682,12.605125141269452271,2.1867521227979183074,1.3198400928095634921,0.024402929679650336298,5.5530375658341544209,1.394237884039717823,0.085918158895230911654,7.2197230965032401784,0.026140232028001208348,94.882844063609709906,0.13030430193995670707,2.5609045407837900399,0.0019474174879201284604,30.181247716187606045,0.31297450197872161981,0.005166330748157669725,0.052142606341364423905,0.7544696921585154481,0.60754933061568705543,10.455238906044494129,8.459839394618281716,0.82122804022302919869,2.0349012137739506123,0.038047150287759338994,0.2909632099779072556,0.09366832837525845834,0.81997069775113640144,18.121117891494236574,36.346593683693086518,4.2901880532485057174,0.046429543502866987836,0.23465355590887290727,147.84203917981366772,0.04841426285274109953,2.5399817263460682248,0.069705673976933488212,0.15832105604655574704,9.2881401722410714683,2.6287927393375003504,0.032508683972903747172,16.320420662986823146,0.093242221131642585852
45,0.0051145588062948580885,0.011231684889823829662,4.9374175665446253802,1.2760388861239750913,0.0077574873701419582925,6.8171189050858549408,16.170593086834994523,0.62277640533941636125,0.74767273879444096085,6.105018651602665436,0.043542161555485112134,0.059178148610335115642,0.28441860031700555433,0.20888332085566194141,7.5138582809379714789,0.41806662103580627399,1.081113861052568792,0.27404632720042110261,0.068990615451905157318,2.3422059670418033939,0.035670574436714057309,3.2631865837285123355,7.5896542718796222715,0.024333298690761995947,19.882149754424197852,1.0765942583240133423,2.9498157353410512371,0.012240842446524319298,2.2453471734829402173,65.297562177219830915,0.8142423320951714949,3.6571242860773596206,0.013513046792329263743,0.43534324938290602791,0.96550726693410782175,35.926743925799719648,0.062961693278843447463,0.26793202671142757332,0.057960986786713436514,63.41006673796576365,8.8491625047312947316,0.037508373987951884598,4.492636778934779862,0.069960661040172719694,0.13028417201568442962,0.013746766921964153133,5.6281334548271138019,0.27833507253496297951,7.0462327436025722349,1.3678281505050520206,0.76114814062223656865,0.22110972879487203469,70.16859037777341257,72.302912964027470366,1.5196736535678756486,0.081243214582282383129,1.4693771938833524171,0.00457185068431269475,2.3664057545405987604,0.38998768423178703513,0.0076378563111151910603,0.68830995292104768524,4.6471153586152240678,0.0041748810799573984193,0.044259416729587816586,0.25047370937107871214,43.195615968782099969,0.014518623494577460181,0.064744730585409360213,31.8023576641939556,2.0196114521520174279,5.061189978726684302,1.616788606638260406,1.1829116753109145677,0.0017686043111144059484,0.22614252238411702844,0.3112183174491607307,24.710981089257789023,1.4537635756425226763,1.5437783542241900747,0.8172636023067619826,0.1992206033120997033,10.000207104236636724,2.1283695686338148789,2.864887420210374458,0.0022071532704085778005,10.870328474279119746,1.373441588479839881,0.77737106371415964912,3.531932854504520769,48.466854281995296105,0.74360157040112140336,0.0032105034847696605795,0.00090644911164885729523,18.955490471726406554,0.34799988606510312561,1.4529887099970810738,8.4534364602507690023,23.874165963156656289,0.21887008451136250042
46,6.299179333760534405,0.033019122927932020861,2.7973581810946543946,7.2028902842867204015,0.00025173012434840486787,0.099558060506458531669,1.2588858534191036398,36.719932512682589731,6.0045252870296401682,27.608600887786757028,0.34934398731954990902,0.099439642662249180805,0.0063510607722548359858,0.015570077723096008293,63.287435531431270874,0.035757937410343436369,0.42893227037833703275,1.9133207238208287393,0.035618084854960006813,0.17346505195209213634,0.038527724434253639296,0.076579532755320409154,10.308089178054904878,0.94546082557902966226,41.897912071563560232,39.483153824645810914,7.0837516670160258769,0.022642382544084516116,0.096761023475593482823,13.653220850805276143,58.030238252911388486,0.39543100549312126812,0.13423553638485083428,0.045222728711657847467,3.4436868561266824607,0.038217561047746297087,1.7568401127232193826,0.00055030605242681633268,0.015598080850554633947,10.792252900913799962,0.056101059077105525086,0.025456304183981329214,3.972805795226937331,0.31348913574844461394,15.971390759662419612,0.0048649985309508307629,10.161656992239803898,5.9358833359493887727,71.180241630482910864,4.639338690611230831,21.046024697992734787,2.1181906505002925378,1.3842133536029219698,26.947611137466193298,0.77023588503646733816,151.4725735736894876,6.1843528949200532452,0.00065718474262883993468,1.5958865687418788415,1.4343389306366458591,0.17849554683169988056,0.0038336897755078380018,0.32029620220305304867,14.339266435687356704,24.847799419242338814,0.036740050186489389694,5.2154463731743350152,9.7654182908212447956,0.0086897927252544988203,0.021411534791487749768,1.4893482685593697479,0.95228631342113079228,0.26028500451013786288,0.018071592732593632497,0.086786184439329200346,0.013469012197330019337,0.077964198407904028443,7.0708390581819431375,16.65428978830073703,66.507033773365378693,0.023377025046804410235,0.50806303195967383868,69.387892241303518404,0.0991944501378888982,2.5248007672163494952,2.6827450866923672201,1.0269010325953413787,5.281462805931655069,0.70033682346147274611,5.7608592447195059449,0.1732432713194160534,27.994724941403575258,0.0052877503040658158442,0.0005060446054152278059,0.0033964303551446621381,0.51107751940029966242,0.57054677738421510913,4.7893148962079417075,0.15266486019207425873,99.981014366346343536
47,0.025677323005916883464,0.0052382770423332293205,1.039497545526079092,8.7839676884010930991,0.088918873597474412662,4.1542691658673138733,0.066841716439440743147,0.47431685907623438725,1.6054014517357135805,0.52941579451581621818,0.60739731477646963231,1.8485801765589706669,0.059964750349955762976,0.24293276816658546102,0.47485952709560008689,0.95409038271513624263,0.3301790714172381791,38.932857032431478217,0.7428366344859265169,5.8114939454267755536,0.05477880215875417097,0.65144628136703974786,5.9317581253752118542,0.70137626299667188423,0.6466396893336703311,14.338424901741515072,1.7447927342739484313,0.003780122719770194744,4.8372934435884618054,3.5554497036880237104,1.9239578293725279057,0.7773581743223370033,0.010783055131197264581,7.9283377849325011866,0.25180436150239016158,28.783186052508870745,1.1391616327208442527,0.21338015582551514426,0.039157091238466841532,0.067724784921777567148,22.349668800124717905,0.40382992386430716092,7.3932856594382787563,0.30347591791948835827,0.093329742241109847622,0.2917619893038635448,0.41660725965937572823,3.3952298411401917733,0.0018275414038045189203,0.81663422230521243161,0.046068755167518384008,1.0543318552466351967,0.065470057509229032111,29.760243419112491381,0.21149283195327972518,38.602159407990335183,18.760548147129537,4.9597007817139164843,5.5516523107608870546,3.9170389047366214186,0.1507456539141071028,0.023368466585214828918,0.010255736435970060072,14.269590511421066381,4.0902108796642284716,0.16022002102078436447,0.34742808615942061268,29.542248780140084818,0.011682844780815151639,0.19694936223624975868,0.52830133782368837725,87.252017389833653738,0.0068931808545327341239,0.033329854765946610728,0.0090456159522185556471,0.013969019193278600643,0.49252624928840527119,2.0100080639721831233,0.52532770921644378337,34.782461266892319429,0.0043976978795393301472,0.12697393300561896079,48.547020812311458826,1.6692601535801281365,7.2161370597222438406,0.0030432550295209585128,0.23582935301354807089,7.5703116854592398255,0.4465422912424937274,2.531857622203360858,26.213711698256286553,0.59472930041635474474,4.8178889242047659991,0.56546663762345406035,1.0713940611436183481,0.64052710718525762701,0.61888776745531903778,17.291823689508188266,3.3877432723199532028,3.9232780356847958281
48,1.5075262658309964703,0.13346596969465818194,7.8122225229187325368,0.23102125110823459875,1.1253523178191022769,0.22606995892555736827,0.25675662238697871675,32.999122889285942506,9.0710543847600710876,2.3490295012382116369,0.0072451019299282900729,2.9465360995129601385,0.0024180591596381232136,0.15627149514112617656,25.052669709119918195,0.23752449210605069974,10.307838508255295906,11.976172635634073416,14.145682239651129919,5.5613965677496866036,0.54165563313524123235,0.86529867325777720666,3.7205043926434031576,0.47645382367853228445,151.36651403658487425,2.5967095106504198831,0.03797222194735266898,0.12847080217555131854,1.4042295969229425801,20.943431706631724154,3.4775765501616473507,0.48341677515745234972,0.02145983777732114392,0.081113188633122279558,1.5840801557936710076,0.0020880906226497879773,0.34884344156016455774,0.53249606570085172841,45.480165260387778403,6.5906710932076846277,0.069362481298331682411,4.4377471816527567228,23.044485017522013948,2.6893306375481857984,3.9372547262586046202,0.88632728853450992723,1.2689764677419179684,4.7506771041209292505,0.017942813477421718643,0.04322717850927394051,0.006320821781950861605,0.19444319610507157514,3.8978161350319413536,0.044778632087247034754,8.0477475303357532965,115.65842109840720298,0.024723150500513539629,39.292458073943983266,13.983369233833936818,0.031273643980447046742,1.3131939728261585731,0.00068368502586178500104,3.8778765142792130938,10.826667452216618415,12.61542684497133493,1.3041787744758375212,0.47303780624170471691,28.341544506410809134,0.3319368287418224539,4.8042480675554299907,0.012900367391216987015,1.9899213798989456858,2.1800295162964022921,0.45875163078142883188,0.067603170031081169511,0.34418252118515868521,1.1764473157145316495,17.526718340113642824,12.28646761870994375,9.6014433327851147482,0.028746203645012260303,4.7557706517461078022,1.5585946871162441596,8.2487035954919409875,1.3590757746872519363,0.15240149218896920091,0.50364959927946306717,0.194072351544095828,0.4040856239317322518,1.6531676290703598564,0.20830040673234137549,0.48573728004847349649,23.474734069920636159,2.2217045888479467486,0.017348535274489752106,18.935745996051622342,1.3763046720646432419,0.083542661091258560435,0.48100499664584961401,0.14632297637803437507
base,5.7425597296026191785,0.32436079841567388993,0.028849255937078537027,0.061911344080566664549,0.50200904176973637494,0.59764393836599494225,1.7480347752201681466,0.97137548917680593963,0.13417538747773744001,0.18546029413414322207,0.0034252263520235404909,0.34806087467314117401,0.49725195529879129275,14.090711914113937198,0.029170597755623646485,12.370214792026560602,0.51681668156542903692,4.1241778617949531593,4.4020603626002872133,15.359539663601061932,0.065734784145306951464,0.042631817341218417039,0.92583175760700409107,11.066281300638255658,17.207433780509301613,0.13107386167950083045,0.93164220968903710407,11.577955906036899947,1.0352634077844478089,4.9862331788787850329,1.4595874026319004546,20.629267108562885369,0.15433381499726731012,0.98105270652900855577,0.035783496211132928555,3.5242585394866696724,2.8623509536000368847,0.23193302481466221421,0.96900473691767008422,0.36871836641855726402,0.86174437253151181526,9.3455066454346376048,0.67856329528950021235,16.967668698311054953,0.083766649324427358558,7.7993982195893725162,2.0463019417849594994,0.055409978615168317684,129.86342491088512929,35.378173760407939596,2.3576793603535173283,0.031281551938640260457,8.7836092017818412359,0.24739326701571906497,0.058998818691576242201,0.7286344886742974758,0.024057444153153795946,0.038496499915966257699,27.604479915338480112,0.64699016438586209876,11.020809395239981043,0.3162541185188122439,0.99081000162293453304,0.90372258839667396479,0.04210328423498151118,0.063314736186343409385,6.394078969894150255,13.437175478219346658,0.27937613228881119642,35.867195430874915019,1.6263307443242618344,1.0718816470697187793,0.1382669907994710512,0.71592214642862483931,0.0057875090154963938077,5.5887797847880866797,6.3679841527608136431,11.945127007895756321,8.6827613739587725661,0.11573418033399142379,1.9414461122286239547,0.48499690934050271318,0.064119563984019425917,0.13297803888732490085,7.1230892395283866847,21.597455086820001924,2.1139987035976628427,0.02691455299084284658,0.42143564775847502935,7.8220600419581653995,20.70432731680710603,0.064762370723589840482,0.33821353104552959179,0.20342022307328266884,0.58669076609599124517,0.070925937189927484861,23.313418403376928723,0.61421465744371583906,2.3940440565208014334,0.62527405858957940676
