real_name,pname:p_inst:0_ptype:gr_usecol:q_pstyle:m_r:22_c:11_sp:0,pname:p_inst:0_ptype:gr_usecol:q_pstyle:m_r:9_c:40_sp:0,pname:p_inst:0_ptype:gr_usecol:q_pstyle:m_r:17_c:43_sp:0,pname:p_inst:0_ptype:gr_usecol:q_pstyle:m_r:43_c:23_sp:0,pname:p_inst:0_ptype:gr_usecol:q_pstyle:m_r:33_c:31_sp:0,pname:p_inst:0_ptype:gr_usecol:q_pstyle:m_r:26_c:22_sp:0,pname:p_inst:0_ptype:gr_usecol:q_pstyle:m_r:37_c:37_sp:0,pname:p_inst:0_ptype:gr_usecol:q_pstyle:m_r:32_c:8_sp:0,pname:p_inst:0_ptype:gr_usecol:q_pstyle:m_r:9_c:28_sp:0,pname:p_inst:0_ptype:gr_usecol:q_pstyle:m_r:31_c:38_sp:0,pname:p_inst:0_ptype:gr_usecol:q_pstyle:m_r:22_c:11_sp:1,pname:p_inst:0_ptype:gr_usecol:q_pstyle:m_r:9_c:40_sp:1,pname:p_inst:0_ptype:gr_usecol:q_pstyle:m_r:17_c:43_sp:1,pname:p_inst:0_ptype:gr_usecol:q_pstyle:m_r:43_c:23_sp:1,pname:p_inst:0_ptype:gr_usecol:q_pstyle:m_r:33_c:31_sp:1,pname:p_inst:0_ptype:gr_usecol:q_pstyle:m_r:26_c:22_sp:1,pname:p_inst:0_ptype:gr_usecol:q_pstyle:m_r:37_c:37_sp:1,pname:p_inst:0_ptype:gr_usecol:q_pstyle:m_r:32_c:8_sp:1,pname:p_inst:0_ptype:gr_usecol:q_pstyle:m_r:9_c:28_sp:1,pname:p_inst:0_ptype:gr_usecol:q_pstyle:m_r:31_c:38_sp:1,pname:p_inst:0_ptype:gr_usecol:q_pstyle:m_r:22_c:11_sp:2,pname:p_inst:0_ptype:gr_usecol:q_pstyle:m_r:9_c:40_sp:2,pname:p_inst:0_ptype:gr_usecol:q_pstyle:m_r:17_c:43_sp:2,pname:p_inst:0_ptype:gr_usecol:q_pstyle:m_r:43_c:23_sp:2,pname:p_inst:0_ptype:gr_usecol:q_pstyle:m_r:33_c:31_sp:2,pname:p_inst:0_ptype:gr_usecol:q_pstyle:m_r:26_c:22_sp:2,pname:p_inst:0_ptype:gr_usecol:q_pstyle:m_r:37_c:37_sp:2,pname:p_inst:0_ptype:gr_usecol:q_pstyle:m_r:32_c:8_sp:2,pname:p_inst:0_ptype:gr_usecol:q_pstyle:m_r:9_c:28_sp:2,pname:p_inst:0_ptype:gr_usecol:q_pstyle:m_r:31_c:38_sp:2,pname:p_inst:0_ptype:gr_usecol:q_pstyle:m_r:22_c:11_sp:3,pname:p_inst:0_ptype:gr_usecol:q_pstyle:m_r:9_c:40_sp:3,pname:p_inst:0_ptype:gr_usecol:q_pstyle:m_r:17_c:43_sp:3,pname:p_inst:0_ptype:gr_usecol:q_pstyle:m_r:43_c:23_sp:3,pname:p_inst:0_ptype:gr_usecol:q_pstyle:m_r:33_c:31_sp:3,pname:p_inst:0_ptype:gr_usecol:q_pstyle:m_r:26_c:22_sp:3,pname:p_inst:0_ptype:gr_usecol:q_pstyle:m_r:37_c:37_sp:3,pname:p_inst:0_ptype:gr_usecol:q_pstyle:m_r:32_c:8_sp:3,pname:p_inst:0_ptype:gr_usecol:q_pstyle:m_r:9_c:28_sp:3,pname:p_inst:0_ptype:gr_usecol:q_pstyle:m_r:31_c:38_sp:3,pname:p_inst:0_ptype:gr_usecol:q_pstyle:m_r:22_c:11_sp:4,pname:p_inst:0_ptype:gr_usecol:q_pstyle:m_r:9_c:40_sp:4,pname:p_inst:0_ptype:gr_usecol:q_pstyle:m_r:17_c:43_sp:4,pname:p_inst:0_ptype:gr_usecol:q_pstyle:m_r:43_c:23_sp:4,pname:p_inst:0_ptype:gr_usecol:q_pstyle:m_r:33_c:31_sp:4,pname:p_inst:0_ptype:gr_usecol:q_pstyle:m_r:26_c:22_sp:4,pname:p_inst:0_ptype:gr_usecol:q_pstyle:m_r:37_c:37_sp:4,pname:p_inst:0_ptype:gr_usecol:q_pstyle:m_r:32_c:8_sp:4,pname:p_inst:0_ptype:gr_usecol:q_pstyle:m_r:9_c:28_sp:4,pname:p_inst:0_ptype:gr_usecol:q_pstyle:m_r:31_c:38_sp:4,pname:p_inst:0_ptype:gr_usecol:q_pstyle:m_r:22_c:11_sp:5,pname:p_inst:0_ptype:gr_usecol:q_pstyle:m_r:9_c:40_sp:5,pname:p_inst:0_ptype:gr_usecol:q_pstyle:m_r:17_c:43_sp:5,pname:p_inst:0_ptype:gr_usecol:q_pstyle:m_r:43_c:23_sp:5,pname:p_inst:0_ptype:gr_usecol:q_pstyle:m_r:33_c:31_sp:5,pname:p_inst:0_ptype:gr_usecol:q_pstyle:m_r:26_c:22_sp:5,pname:p_inst:0_ptype:gr_usecol:q_pstyle:m_r:37_c:37_sp:5,pname:p_inst:0_ptype:gr_usecol:q_pstyle:m_r:32_c:8_sp:5,pname:p_inst:0_ptype:gr_usecol:q_pstyle:m_r:9_c:28_sp:5,pname:p_inst:0_ptype:gr_usecol:q_pstyle:m_r:31_c:38_sp:5,pname:p_inst:0_ptype:gr_usecol:q_pstyle:m_r:22_c:11_sp:6,pname:p_inst:0_ptype:gr_usecol:q_pstyle:m_r:9_c:40_sp:6,pname:p_inst:0_ptype:gr_usecol:q_pstyle:m_r:17_c:43_sp:6,pname:p_inst:0_ptype:gr_usecol:q_pstyle:m_r:43_c:23_sp:6,pname:p_inst:0_ptype:gr_usecol:q_pstyle:m_r:33_c:31_sp:6,pname:p_inst:0_ptype:gr_usecol:q_pstyle:m_r:26_c:22_sp:6,pname:p_inst:0_ptype:gr_usecol:q_pstyle:m_r:37_c:37_sp:6,pname:p_inst:0_ptype:gr_usecol:q_pstyle:m_r:32_c:8_sp:6,pname:p_inst:0_ptype:gr_usecol:q_pstyle:m_r:9_c:28_sp:6,pname:p_inst:0_ptype:gr_usecol:q_pstyle:m_r:31_c:38_sp:6,pname:p_inst:0_ptype:gr_usecol:q_pstyle:m_r:22_c:11_sp:7,pname:p_inst:0_ptype:gr_usecol:q_pstyle:m_r:9_c:40_sp:7,pname:p_inst:0_ptype:gr_usecol:q_pstyle:m_r:17_c:43_sp:7,pname:p_inst:0_ptype:gr_usecol:q_pstyle:m_r:43_c:23_sp:7,pname:p_inst:0_ptype:gr_usecol:q_pstyle:m_r:33_c:31_sp:7,pname:p_inst:0_ptype:gr_usecol:q_pstyle:m_r:26_c:22_sp:7,pname:p_inst:0_ptype:gr_usecol:q_pstyle:m_r:37_c:37_sp:7,pname:p_inst:0_ptype:gr_usecol:q_pstyle:m_r:32_c:8_sp:7,pname:p_inst:0_ptype:gr_usecol:q_pstyle:m_r:9_c:28_sp:7,pname:p_inst:0_ptype:gr_usecol:q_pstyle:m_r:31_c:38_sp:7,pname:p_inst:0_ptype:gr_usecol:q_pstyle:m_r:22_c:11_sp:8,pname:p_inst:0_ptype:gr_usecol:q_pstyle:m_r:9_c:40_sp:8,pname:p_inst:0_ptype:gr_usecol:q_pstyle:m_r:17_c:43_sp:8,pname:p_inst:0_ptype:gr_usecol:q_pstyle:m_r:43_c:23_sp:8,pname:p_inst:0_ptype:gr_usecol:q_pstyle:m_r:33_c:31_sp:8,pname:p_inst:0_ptype:gr_usecol:q_pstyle:m_r:26_c:22_sp:8,pname:p_inst:0_ptype:gr_usecol:q_pstyle:m_r:37_c:37_sp:8,pname:p_inst:0_ptype:gr_usecol:q_pstyle:m_r:32_c:8_sp:8,pname:p_inst:0_ptype:gr_usecol:q_pstyle:m_r:9_c:28_sp:8,pname:p_inst:0_ptype:gr_usecol:q_pstyle:m_r:31_c:38_sp:8,pname:p_inst:0_ptype:gr_usecol:q_pstyle:m_r:22_c:11_sp:9,pname:p_inst:0_ptype:gr_usecol:q_pstyle:m_r:9_c:40_sp:9,pname:p_inst:0_ptype:gr_usecol:q_pstyle:m_r:17_c:43_sp:9,pname:p_inst:0_ptype:gr_usecol:q_pstyle:m_r:43_c:23_sp:9,pname:p_inst:0_ptype:gr_usecol:q_pstyle:m_r:33_c:31_sp:9,pname:p_inst:0_ptype:gr_usecol:q_pstyle:m_r:26_c:22_sp:9,pname:p_inst:0_ptype:gr_usecol:q_pstyle:m_r:37_c:37_sp:9,pname:p_inst:0_ptype:gr_usecol:q_pstyle:m_r:32_c:8_sp:9,pname:p_inst:0_ptype:gr_usecol:q_pstyle:m_r:9_c:28_sp:9,pname:p_inst:0_ptype:gr_usecol:q_pstyle:m_r:31_c:38_sp:9
0,36.943825745858504206,0.02156238762735966652,1.3109514651193523438,0.12759464612673099282,8.6457083852784002431,2.6206249437827668913,0.65402233275852261762,13.687688005547093084,0.96529364894569014144,0.23333346847043423544,0.37265268475237112167,0.39005261406662211643,0.1022848033448545968,0.061691107017864135753,0.0014895890704719669511,0.18813826829818655617,19.882720496676295596,0.85106160038284672797,3.7740323906980783875,56.14355998276217008,0.23719381931746169601,0.3671337257222291317,0.010529036581636572537,0.0094684448809531068098,9.6658949882356495209,0.16919189940021839291,100.16098604054364785,0.098822150135538522342,0.782151624637684173,0.97302615161851335746,0.016610582692652021281,0.0053953764427206321944,0.091905376507909988804,0.071011387746054907555,0.10171678813664804253,12.199105712746359131,1.3256432414495662453,1.626175625753845333,0.09851938900913137509,0.96984017312455095272,0.14079260561482287439,10.225679786171847141,0.10317249660974180114,3.4308052250296499075,0.68543917875603588286,0.015898234250912232635,0.020530373156784863936,15.202543521159698869,0.3842501144405731095,0.33372627057628823088,0.0040134785110757173476,0.040411686092499003731,7.1751024611104483597,35.073951792645175374,0.00059831652565641324937,0.13120615417878972453,0.022328375925235611349,1.2326727549550489105,38.266961108117335755,13.92462987352002024,1.2959676222792206879,10.526148082769921643,0.025475015103827245572,6.3735587885899516181,0.0052596247102213488159,0.34186513872731044694,0.40982384478237454672,19.649181878543789281,0.03694626927423552698,38.88640939163042276,1.2468830023375288008,4.953061731275483659,15.111524677503643588,10.602094619911678564,0.019289444544837899831,0.19681915078525946683,64.959563807907315436,0.18701388800340318364,20.1138199244992677,0.7012634160246736803,2.5309505072925975178,0.00070373683744891929199,8.6127981724553510645,0.8170512750505813937,8.9940643208763813021,0.0025647259448844995401,43.67285868530152726,28.366442118969981578,0.081634845086667962022,17.425999712499709915,0.40490288979615940423,0.92007864289903174004,0.010515019629023772754,0.00026736970924615892191,0.02828624330906046383,0.086729603028480317661,1.9109078242203862974,24.733726977912322553,0.82354118358203609596,46.355160151517296185
1,0.39998514632544107661,0.3891388544835502894,0.061108990145509314851,0.43938672057155830908,7.6191845238157164793e-05,0.0034541132805904219659,0.16907920398949063956,0.038547561752952930192,3.7426939595577755071,5.9596898445170340963,0.0034660401629528930258,0.070833723932780159882,0.014638807292844320182,0.77942706435612940652,0.65987914582964546373,0.064550325722614876334,0.29151101445597293882,0.11230636332260403309,43.233774115412970218,10.133315321637809348,0.15213709553189835866,0.28335209781597126,0.11827747576038794008,12.952082070783729861,0.51222426819688182675,9.5482949559164147502,0.31154116601739739734,0.068627980824674403304,0.0072174659544839885397,36.376346427406616613,7.730920870385016741,0.46930089173658279256,0.008157982565448909304,29.805502349829243514,0.8936067246883224735,1.6168630088332565098,0.36592333664168968932,0.12123213798207407854,12.693595184882076055,0.028765155487289775088,0.4732810435767192403,1.2201800556627326877,1.0730539077725624875,0.021182945644278746572,0.01243534086719629006,3.6903966151716205424,0.0022200293025298046927,0.42295681965623466159,4.2864625291101914328,114.16286790688157282,0.14175174324915454371,0.010429496620124661596,2.0129299107726739138,4.0978620121051072545,0.099084995476998435904,8.6031828765172377871,0.094860028042287256045,1.6684945801233510565,60.172627695558041694,89.308237749487616952,0.01328121084752254509,0.047049527618381214999,0.018561202642889101933,4.3917955605454919166,1.8113883405574293661,0.0011943230969526661203,42.202908037026425347,1.9450601691240854141,2.9706967379931255024,61.143594210434550007,0.2055138844063473802,43.525759633827320272,11.278790629898621134,1.1030858899733675393,5.1554747282585042874e-05,0.015803538212362217008,94.676295852694721589,2.6690749736511492074,7.2948994529267503495,0.63260286801175036331,0.48279566696605202836,7.4736824418934313385,0.031653391298746849647,28.923126189164207744,5.6119838489680358151,0.20710159374339459637,0.18091055235051142769,0.71159864978880815745,0.010726321801627809738,0.64171647422611488576,0.019627165363039100754,0.46539807508842612194,0.051511458980057003854,2.5784905031038864998,0.14593029892665465574,0.0068834437088839102795,13.302517378306054852,1.7068110136194103443,0.016111316208258386756,134.20212454011735304
2,2.3360416220692914457,0.11496912569340392296,0.074481412003017097301,0.34466322862506776348,0.0029503107540307994296,8.7246348728033566999,0.045499882408276869084,4.0583302406761960768,0.22064315396722170015,0.1775145180131934286,0.075920041802194998537,0.16936588950070791126,0.0015471045800769327692,121.82436515406558897,0.65098522280755699576,0.97214134197793000691,0.39006235218876361692,0.16600484738028298271,0.0064143972913376316042,45.189565305870146972,0.90667609788672431925,5.1731047861742052163,12.200087524725168109,0.74883292020632130637,0.41544597319746712216,0.079125663026117773469,2.8593733697344418943,0.0075635532668322782643,1.3798647515034150324,29.121886041997910866,25.953651900606669045,0.0088987870498452963097,2.1362863712823760842,6.0315487134484691012,0.13621183441798065394,0.5001290992319961104,19.886255643098287749,0.008296252221376159211,0.0085903769280440810813,5.83572507547810293,0.33432391730647814665,0.0062829945855873330432,0.7883556856086714193,13.603923054373465718,36.367944858236675998,1.2551728953354786,2.1878712154991801775,0.009552180121183117753,5.4393852556816852939,0.004445907900717878565,11.021992776047930818,0.047834167855194800745,0.13609757292570698328,0.93611399282585838755,0.009480574765132374418,43.338738681974660949,57.206133394713880591,0.0014760987187059800528,3.1825364543615779489,0.22018459843933665954,0.14302550762850177457,6.628899378726969438,0.084590394050627820688,19.134424723325551554,8.3643855095541344014,0.0064682338525417753389,1.0341079885592583398,35.420573042900251437,0.40265332162559330786,0.24049519630673477089,1.395435386093430985,6.6270975801403713135,0.10393976730419407506,0.0005241922403296483653,0.03263852974286681613,0.033059710702311728703,30.763309503639323594,2.3512359775792517347,4.1258590903103549152,32.124769699186153105,0.10107354026881620879,0.39507039852156328186,9.922101957235435421,0.046570583896878979535,0.32110594352359833614,0.90719135795889338514,0.7258095444454804035,19.404306030637091141,0.14895855967615412307,4.5676046175523579151,0.16944316212070426042,0.46497560027669726512,0.088909662952198043051,2.2157686453006431878e-05,0.059611153008892386884,2.2833689067517237703,9.7267755881995405787,1.6704730829306564388,0.12149308568596813018,0.029211223896937331401
3,0.10908575684208672574,0.0055777454563869371951,20.081800099926489622,6.3188109293429821633,0.1726916251690605586,0.01429303907555484407,15.297263996513938977,0.10180578582980256974,1.8413137126917682451,5.9331168869726367276,0.017464693819132057206,0.06686537672983985936,0.20625250266167363677,0.057655549307213130317,25.701910024683876088,0.00081391867384104541697,0.72654872297864103725,5.6469881110771433796,0.40074275318757346387,0.030377825131155680727,0.27225576407054508099,0.1914254927626666547,0.23894160545267470463,0.90212887382334749908,10.904190453144211759,23.06558414400747381,0.031220668602526292779,0.0017518105972557521458,0.13986410010966149331,81.928872173091875197,99.870965465342010248,0.98478503911435943952,0.32376487058777292383,0.051527509061885884423,1.3708234238672289962,0.22395098674425575891,0.30129997980601658236,0.066776440241670190212,1.9585006377586042792,0.34704563636466828624,0.015991770987726125486,0.1282546648258260924,1.8267844909904238371,2.700151655759194913,0.0073855456010382273049,0.0048387191214577848081,0.8538534962181556498,0.0022271641860269245604,24.533407030279423822,33.234431886484017582,4.8434937131324105053,0.0096885335847827717265,7.434660130405627676,2.3321376783210654438,0.1227338387007254894,6.2296296739738963311,0.00060595793606701368189,0.065297460284684333276,9.7360603123406193049,12.594311121620824778,28.709926368617811221,0.0010175840163936635333,0.5043967850391977148,4.5035820687758247871,1.9235186823005967494,164.32681974808849645,28.760773104828746938,19.2544527678242261,1.0493831059210525503,0.56971295304238178669,0.012789527912110042196,8.2137306621594490252,5.6874293463685363648,8.2410874770408053536,0.10905165725779551733,11.559906075398428626,0.29105768626153560863,1.2988015816915992051,0.48274270435693378278,0.21624259693757322265,5.8844941012131535274,0.019226307250433151419,6.6938403262703793928,0.94558170489077675303,35.503419687135078675,0.19193998220289973378,6.4254781191396181939,0.33260451822720499271,0.065393432072281765244,1.1861049931854594774,0.84997730994501319302,9.543557925373718831,0.0012875806755535716078,0.0052122153043180890347,1.956682732013738546,11.083222677697101233,8.1056602275413496272,0.012279609960493284224,0.010950415304154753268,1.6152246308018909371
4,0.28444099008989870425,3.31567495299161763,0.18053878558385383357,1.4088158810822828393,0.0066720152472834722349,0.00028447713040668295027,23.746446764442037392,0.12998504243273983905,2.9923871772348449305,0.043528016554365028812,0.046412207176178055246,3.3151203554041916988,0.10691762347002137234,2.5706873316752525405,0.00088963693749003435168,0.04504909204165536557,27.226378958749492654,0.3090890386460593553,59.453684898159181671,0.56420570450669793594,0.85003571333888983119,0.060692672903553047947,0.88430874487621913271,0.029441774908188521331,2.4063992214780229872,2.1045180867438042505,0.051822234765921681987,15.932246576120645543,0.0038647539620321157139,2.8041199609511284763,0.074025185974903082164,8.2604981535886388144,0.30146816357852601609,0.24090238433086280656,27.23721626263542106,0.30932481681857360023,0.06591396816752317922,0.32422890347453275917,0.081164689684653720803,0.1909527249930985382,0.26223513840681028642,2.0464426483133997259,0.082515865872900301392,2.4600777156021393921,0.0059705080145691074439,0.15219421129851162799,0.54265900392632182569,4.9495561877805753781,0.71320442138165562884,53.947238025404324446,0.013156038987997867654,0.00060487711096582786469,8.2059138200164074561,0.038277777171202911899,0.0013905437213749291363,0.48282406853371584443,27.998430408269094016,29.858308706620956485,131.85828522727470613,1.9605390906996364997,0.036371957022513119739,0.53069049512429267157,0.42238548145717691451,0.97875052319549660229,0.060126714373175516037,1.0610337594988803467,0.032197840926149523533,4.4046862752771271943,0.66854149264073503556,3.1755179813524763155,0.97234620244027858416,15.005561893758519787,17.887990211772784477,1.0045496875877106824,0.036019974253716773027,0.021025421827037042016,0.40491513364875242331,0.30499686301891915097,6.2953551404303009775,7.9054489387338460205,0.0075199343761236771624,10.736201926845604149,0.55746404426566953383,0.63369614752382708023,1.266500985743343799,0.82309859285943876017,64.147241003713929786,0.1097740445225732081,0.37998659128869832768,1.2456380693250963532,0.20085276822934658436,0.1349621286901199757,0.9786835995523717191,0.09040040474671159898,10.321356907153187876,1.3156707678037937725,26.687204680013593361,0.016984863493466985374,1.0132476904301448428,42.579342698721241334
5,3.0641342307923067345,0.0099429018160861193376,4.0615348342252888258,0.31198710734650214604,0.063834107246426616267,0.65372745928807451943,0.22186096114547490532,1.2171331795257152031,0.19794449399568600501,0.48182882498842538599,0.287027190413160882,24.882975561376529328,1.7301274905075949562,0.045976580693569857328,0.027158423682361588353,0.52352377291682883342,0.0070363662046953150131,0.12414025165296781184,0.0081443003891375886222,149.24336625358318997,0.059384089645127001444,0.0018535927013531338162,111.67751700656856428,6.114823806417628127,2.8172546834670000315,0.51589136127241119745,1.4272594629156223345,0.010888255216850880464,0.75165777682261136761,0.14466038049114057773,16.874419788145974763,1.6158879439498221586,0.0021771133220982955697,3.5637143576531613576,5.9586071956537800531,0.11140763274282772244,9.1894284555117593527,4.3743336843094509092,6.1279100363045984068,1.2329268860821123166,0.02490580099715753587,3.1565877578883472232,0.30731202512314836905,0.069318735367055892005,16.433800752551828595,21.863205866162090274,1.3094400256387970227,0.076363665012268613919,70.3232177979728732,0.31362936161558996329,0.97370120859112208045,0.026738362996749951567,2.4507993921663677739,1.3139725099303256606,8.899487952635567467,63.620036237576954363,0.0016137581869470794208,0.15520370523439119825,0.088052734016349845647,2.3924135996420954342,0.041956372713265424612,0.5915843185472098309,0.17700623010263671908,5.3530989164320024187,0.005568247384440176001,8.7232070862920068066,0.7591698396501382895,79.516171221509466704,7.3725293288708417805,30.750497910850047134,15.324581242418901184,21.11987411964164707,0.0040824582021693860134,5.4795663872621007684,0.033674662134311958428,0.83205515251550865585,60.694696347024311933,0.20025902109263013506,0.00060846759355310782794,0.032832432291565863403,0.081666348500152391443,0.20582309281791580369,0.047940326310472985982,0.0019994506579379990596,0.0047699944066212146207,29.460078873857344917,1.107283323399342212,5.2549715426903258475,0.058983236929864540921,21.404073714802279937,5.7337043851277122997,0.17266804030465210396,1.2655200677559073075,0.24032769545772125763,1.5556711518120176496,38.772802130397238329,1.7999917567639001081,4.3257007525775854617,4.7332973891549299239,20.242522017623105768
6,0.19759727580293959259,0.30612018752615305361,2.0104472093082503825,0.23426707987275310896,0.00045213243373521761013,0.016136707503857653651,19.668833346994070155,8.2902539191292063947,0.049092956835998444176,0.17296213527392881315,0.037687568068123220022,1.4310350972161338667,0.073418195389313531396,0.11692200161037133443,0.66291468308350598448,0.13421353034976732377,0.12536071483129210269,4.5064615879987588443,2.2616789041338005717,26.748882045118865136,0.071693968839230931556,5.786105766416620888,0.82744993599169047727,9.7950850067091010942,8.0646000347307413847,0.80954917326546038669,0.25071886060945003383,5.8339736745993171496,0.17924581562244654154,76.282614074046549035,11.515784399733458798,10.73854694591493697,0.19615289167134655757,0.30342560296752707494,0.58511308650639004547,55.870029010413617243,3.1228606718993185964,0.042357491199488610245,0.056445715352756963001,0.20586910320617815562,1.2617782056087276654,0.043302903855963047197,3.8769434954998849285,48.949383601354838902,15.922168395071635061,0.0073922086327812682946,0.022775219995765986353,5.0561725383877869078,16.255675715174728424,0.018168587917227953243,1.3365087520520739783,0.035276175497383467639,2.7560952908401898931,14.190539022406554182,0.0073109152910465682179,0.56700081738397589692,2.1320844442643873684,0.08006019301485049755,31.855581546875740173,4.8993258187797907866,0.33066644747565387963,1.6954736004559929352,0.20406264602296314559,24.698994531782798134,8.3017523831330297668,0.027090567717655365115,212.84088897376224736,6.7688203116065377429,0.03391534235841191236,15.06664421630485684,18.383930201060806553,8.1755425182435637055,0.78657061631695046611,2.1965164970418977752,0.022082715114854042232,0.073872776132973355656,0.071644554289177861395,6.1690191163762451154,0.2201342838425380255,2.4763749090389195473,0.13479996364227372907,85.177925068353118832,0.091819832995077413362,0.17023083193413252046,0.85311757868284876505,0.18148049513623859541,41.37890720235997577,1.8155413649764666761,0.43528259001377628268,1.6281028603640839147,0.066609474392509554486,0.0067249729950433108361,0.021510837069712223507,0.19914319576400169032,3.7129407493745727464,0.062499877050836816217,3.3919396659394083215,0.5588756845780362692,0.046301799089536174736,88.136817961925231657
7,0.23993295457225843892,1.3332308214766730448,0.3901756466086959696,2.3834128592337657793,0.051610037010269380064,0.76269355236063651748,0.22532634978501264733,5.8129403683515095125,9.416890151893978711,0.4463293007737256235,0.0067956061052857133498,0.26912869651913684521,0.049994726607450072631,6.0932996320682422109,1.2226698830218358793,2.7158362763665961914,9.7594789863548747633,0.74083423999392050696,22.868974118112092242,4.297353672734320007,0.84955044110594568618,5.7139025771089961836,7.5935935031320509481,0.01357373528999034247,3.8876013119744352586,4.2804033362450200073,2.9602196593385294854,0.017123897553455821874,0.23567694102547689927,31.527818323208752105,0.16811461040996900085,0.064534856570758428185,0.038794419560334233998,0.24462501625373372915,0.16159506192908104638,0.33657591220936727838,0.10511558906868419261,0.14436179115528990913,1.9299932287940282372,0.82441202506356670021,0.0072985213648564190372,15.367609171886172703,2.7784893658403850836,0.24913525579961151579,1.0576412824526935097,0.71783038806686449984,0.0074295696212989311563,2.8322575787594397312,0.086682287690820120085,4.8690102664062058224,0.034862692033824992099,0.072985277068831580505,2.3395474755684144696,0.21345545051266306968,0.79778577579169118739,12.224565153182371802,0.064610697662679891784,6.7042245362343564352,18.93898895865241272,1.2549504646884099834,0.10627291360264991271,0.025447640261442541765,0.079188422239953815129,2.2546681692703174349,1.8841626824379302807,0.076287842535141120459,79.335197768186887401,1.6293245696715250581,0.0015238426080931338682,58.785756987671874185,0.63343074429850720897,8.0007743238542516906,4.8028574899978240254,0.064210027997242874465,0.032753866968371937729,0.015570849587592144533,0.21427797095850725784,1.3135389778498878233,0.029622076090151265582,2.1108342333642031718,0.042836245524293256604,1.0398919707935654344,0.17929845080357112441,2.7239214870891825804,0.13383262280454577553,0.017706005803007265204,6.5305861564083196313,0.73452850907924704948,0.095701716084520646599,7.811242832441173789,0.024287787911359447895,0.21954586565523548369,2.2099619188883719012,0.0036982831525048894851,0.22098271538783786916,4.8692917153249570816,3.1301784732861173133,29.740032456148668416,0.27163871317624987967,3.8859275247322386804
8,0.77885545827550117792,1.4261695572146113609,2.8054182586635150187,0.85906220859821802449,0.0034317562854301194263,0.79304360172623911129,1.0926516724200778796,1.9527700744051874615,0.18572890599171790194,0.0146341406776278396,0.00085870394626075458901,1.5150287443455348058,0.079846868793576039613,99.093808959682064597,0.9668247378278271853,0.062792491359723270894,0.17105383281411110086,6.2182641034859926776,0.82798786735523444147,30.051438273375826071,0.1065094224620782154,14.051965902203171765,12.044106725550538073,0.32994061247933492709,0.015351055526007961749,0.17847172442036712825,51.68763342058863941,0.0031094578157130135614,0.019172768684772745207,1.3203553324557573134,16.321488703684323696,0.29206897198112552472,0.43566501227789461437,0.80593532874122508769,0.074874624884932558522,11.414766479562530321,0.011816884112489453237,0.38450165053633611478,10.204915870752614637,1.0200671463628196989,0.37591418775891899395,0.0062727525574747550891,0.20371016068261244003,8.9486515038187324222,5.09490988781271259,0.16901601695345330745,0.068181456683332808399,21.97039896682571225,16.506541963823476493,1.7991839895310233199,1.7246612430166161634,0.14093767977421103876,0.58468674825275956941,14.750603400889302108,0.094394050249150873722,20.797117356610286265,1.3260095035527963425,0.0067031777833876666356,20.978145283311658176,54.757727635896117135,0.47749192239540211302,5.7238932234169190849,0.42080911565666939689,2.0563273509436914566,2.2443736156988260966,0.0205450928176276644,182.82550683619487586,43.738449557969858006,0.036718690515747651193,0.84966225385256666236,1.0067346281095195248,23.450928723774222107,6.6198869157324740087,0.57389855873890749383,0.067301947270023185221,0.49002472368244287537,0.36283942359574566927,0.053041040615326225105,0.0081211583732597077134,16.982961379181176653,0.16661389447790095342,1.1761457185343193732,3.5561762918189550042,0.079970416123042203926,11.979118748400612304,0.15151743392518607356,2.3389883596835669977,5.3469304548883274109,0.017381799053557672047,1.3301925098206941467,0.0017781073558734616837,2.0595699777509999251,0.045306786024965968462,0.0011876823084804985411,3.0414338391876234446,4.3364434391231281296,0.042413771158073203249,7.1254472849703116566,0.22278647234178708403,63.269122199089288472
9,0.58241952875647107213,0.17739084558626902477,0.0076916480464276791237,0.22585585244133971061,0.11095660869527877723,0.0099359832110044957881,44.206565027291709669,0.0067535439979757002152,14.844338569829588437,0.099873036699979544917,0.017646929702168405452,0.012381125345996554094,0.013767760924792355956,9.4166447249710945044,0.32255455250784609289,0.20623391919504888148,3.7439722434690008157,15.405790795130357651,0.2104908887196352274,0.43689968028175951709,0.69683811475277257497,0.42501299785767987505,158.57724417057556821,5.2834103238902043742,0.76880238220426344586,1.8320982060189034968,0.31641884774273537628,0.0027209665638090207475,1.1618868473045931289,16.347917065131017722,0.55901937711777238693,0.83376233413170008912,0.0064454172388308259359,0.21785118546895906877,2.3709313546810428797,185.97397924525861868,13.216208336953208402,1.9648653173310908215,0.0040600670479729872309,4.0253159323655509638,6.5228191960565302665,42.666123336431063251,0.0048510598316529769669,45.710153369571074222,0.050593367013580477221,12.310840772546649546,0.18032697034578321071,0.0043650043632072017472,1.3340256720027754422,13.149472478182484991,0.044436952879806035366,0.00033496331913099373738,0.056253778376651797366,0.8684156597201010408,0.054792942569657665519,0.21285243712308449249,0.032589657657614977404,0.18405245431878983209,37.130123209928441952,3.9099708261370440532,0.59935781992563719189,0.0057174438290622337996,0.0018349825883231783447,0.1607686727225365042,0.025693045756651343436,0.23398893546387852793,46.572433240453079861,0.85464841063754848349,0.9577274639956312452,58.143533875738967254,1.5726467466706306464,0.0097455595267679478305,2.6018243439525008398,0.027794666464126784738,0.053341794177703218127,0.0011584184529658486749,87.4645780262026733,1.4605012176297955673,18.570261697351195807,0.04614220011988175163,0.022185461138684515331,0.10382046731580038545,0.55682184157996439389,1.6197406868898540644,0.64520331479332293512,1.4496109654113034093,4.2884938995682029272,27.212891362598615075,0.6016978310616514225,0.81118503099089189767,48.802859703675075309,2.3088481731247343376,0.043722574959257062832,1.1298321664472643633,0.19690947814880288558,0.30891532006140132172,20.767366214625290866,20.571809218836850874,0.72459310221408490538,1.0464166726313881561
10,4.7607998858946105614,1.7254980821253276257,1.0960368261414956681,0.77429787131019489621,0.031959694390330882496,0.0039043327414027629088,0.070627256507323460388,8.8471837286115757593,14.02690242603867965,1.7731744502263011576,0.13439077901860208009,3.2316734724675177937,0.94548240924302073829,0.0011496333342186635437,0.42743678000385004756,0.021013997829131148692,47.762447574926582661,9.4198480278600431603,0.86767795002961722872,0.099995548550901355855,0.17616892865694863679,0.22788152149076826292,14.309261687415665065,0.033567873520245983254,1.4032036129607876607,64.723838548189903008,0.57150063605807455147,5.2482588511251412888e-05,0.013647421505809931991,12.967222725331428279,12.327719121278651215,1.7710211073404278359,0.30905143681142993595,0.19412936811091391354,3.8858692581270015687,0.78972229007914829246,0.007930262957312217767,0.35579222698525153623,12.946616114833144451,0.0077526550832986117212,0.010021026702787819845,2.9267483726993352988,17.562270809370520652,1.4681139900710038493,9.3636046744418983678,0.0053408267233910110619,0.10162435094256420942,2.2872387051266120928,4.3849418952495540225,37.56506075737436845,0.26383956240634243162,0.32696530801870610228,32.031627315050030802,7.2018918353473493354,0.0025336349665110021942,34.932804985301800116,0.014725024444091848116,0.032328895316631064971,1.1868107491562893685,41.753296962765304556,21.401673511899179658,0.29748846748730245482,0.50590740551555324345,0.24533806963594245731,0.21437662726774503463,0.45352989216390365845,120.65115773490028062,0.53186834994080545158,0.0016782659916074261271,50.696125993222104,0.48723672585865290818,1.4618161512086671472,16.110422443425033379,2.5324238012531741226,0.014103804923771574159,0.184197023077176808,0.21939212763292953445,6.5028648255534928779,0.24143725416068251288,0.006406777396910063628,1.6290560372143330081,0.15046171848576447849,5.763648926000842998,5.0223088451006159261,1.2767280185031468775,0.19099168933702348472,16.370341864934918163,5.4731551608116495444,0.14860364053929667194,2.2045528937542400172,0.61609068335894789925,5.520056717264758106,0.4135825708175207005,0.0069209146371514386128,0.0037292228734696788832,1.4688891340114511586,0.11572756452632762536,0.28110239125271874183,14.632378652257393981,42.163550833871809687
11,0.096691169595091872035,0.89622739887773228418,0.0015009387028077447821,0.16154557646517977987,0.25546908342842428175,55.750241891518356852,0.00058073012452134603872,0.0014003022050476971079,0.10858987859657663611,0.38483588513931715758,0.1021212850537091682,1.8801690031222946242,0.66645600697741491647,0.65774655535294879183,2.9093622319872776139,2.1505023557431517389,0.0017421915623124059787,47.061391676726465505,2.6769106278643524099,11.279327233865062752,0.094881854481773816867,0.5473236677674577777,2.6055870698707117583,2.7264598969369275849,0.2052536461835491044,3.9665602077462422947,0.93625067392477245853,0.013328368777014756516,32.499339982181098208,19.327675509694127953,9.8708333954474358762,0.15216280629232872834,1.2997679589484081308,38.259817706419731564,0.017001262950507727706,84.307529358328750391,0.088845307405545650981,0.38838862092445436414,0.50429048253803943069,0.39869795067236551978,0.028371220224531822768,0.19696805667190397937,21.461160949189412861,7.4840665567366180255,8.3480999410989635834,7.4601954979412106184,2.2602007203525054102,0.0069741226612923682207,0.53328302803474281202,63.406960070704421639,0.043399255400323140386,0.31959786678240742486,0.018653734110199843982,2.3492123539033125112,0.069914497227185845585,46.697803595789501685,0.12687420719592606977,0.0055787317948467040479,0.013807875265319236036,0.010623524815315971495,0.32569113954751949258,0.039132880267626776738,0.0010420700002353707261,0.18573280358845573046,0.33434723431985002851,0.0057323046560297657992,67.459885935984544858,0.036555949003633202155,0.071497145857328664453,93.261797924802849025,0.61736019304484024417,41.691380787585934797,0.0047073050782557527422,0.075782170231225312595,0.020634622600945288357,0.22459046315310196573,46.335951495715988813,9.1217353173450295145,0.2506887819781479787,0.015724711710139633453,5.2245156730806749934,0.72593132062798038096,0.44340868966459057177,2.8679415886557260151,65.345004095888327811,0.091465638034066959472,0.46188359378032062263,0.010171406192758095099,0.1507618454745535963,1.4308685386495041403,70.806204040218645446,0.52161674312875472292,0.58754778388419781621,0.046731255889348885524,1.2750506526998339751,0.003947315194696998826,1.9860248781558158537,36.845188477991534626,27.303025017251620454,1.3309704447619112866
12,2.8147653650581387907,0.78402850264019596782,1.9676746859585452221,0.18125857290820299172,0.46910971146692820311,0.20321527763906632735,0.82637367395300520556,4.1823824019139337338,5.7416087191434694859,0.75631643277825588711,0.0090143607843457332351,0.095155555339270184168,0.069800545140074027328,1.0090989163955152996,1.3136938150158021799,0.28619037666328556169,2.2272190670050044936,22.089778443051844903,2.5969511501378028662,0.3829157089947262671,0.14939289232818081521,0.82465111041501248934,8.8725397356198776322,0.67331092800689351652,53.777573595901152714,0.14094545694119539614,0.11556735375822070611,0.92902357673239899238,0.0060327480161615184076,2.2981203558791749586,11.626029316051953444,1.1794996319183068678,0.26951580269688357738,0.042277020149483701683,0.69953184399541723515,0.34976136440623956103,0.57622089739918758156,0.013498202998896433394,1.4814390518850097944,0.074907790160081713648,1.23827103737841826,2.315789225990766198,0.094165064240658222228,0.26932346522962224977,0.34266569870363944306,0.75429128499501363336,0.12413792076176567714,0.15724487800790840075,30.459987835156194791,33.981077926232174491,0.44955608149001030638,0.010908106403543001844,1.3028899010771433087,0.068956520006139609968,6.4507810773075098254,3.6813668787169757657,0.0015946285973686205595,1.325379675871650953,5.9595426830955693376,3.0226830576733005884,1.9380416906367885499,0.0036054682005240050804,3.3890307921346836117,3.6152904871654336638,4.9885489971440684087,0.82876157518637338928,0.38009407781609333421,26.322965907237829697,0.12966118646112112511,0.060227417473807318138,0.40911206960730922555,0.066243205333351470876,1.7988761035938463095,0.46122572632849245799,0.20016585655352719941,0.015981237930833037952,1.7223269764365403134,9.7458968988102316899,28.286043810339972282,0.44719208198392890186,5.5293512785210747751,0.54313079288412569046,0.14343369139810344115,0.17974464123319414122,25.551041196089588681,1.0009024805780726286,7.0906454836789185592,1.2052847554924930318,0.81757725507386813657,2.0189012136594310931,0.048340564201614019679,0.80988626825885878802,0.12442946739408056178,0.023520018432733668517,0.051916125429497243793,0.0093442904360769313971,2.5901350263385478634,8.0596487131956990879,0.061397752029003847818,10.296358628991839623
13,0.58725802486416311954,0.37067123723607814378,0.41455575253766113741,0.35120370129422190386,0.013731146030664448041,0.031496429427993917483,0.075003484869061026741,0.0014755432787755431816,32.052246333654359489,0.045662520198937885108,0.152927928988207118,2.5485132426544874207,0.086243277889686220661,1.8624871798846285298,11.221951383346594255,0.3402844931115800442,0.55876031325001596084,3.7677937388934981122,11.534596995566174016,0.018938980673433119389,0.050020815564490027361,0.046669032755085153308,0.1124553618202120131,0.15745319009054689618,0.10617432992200485919,4.626716029083835835,0.008420477823702168102,0.013525422459722250337,5.545457165332586591,59.819569415088352571,3.0177380395534512125,32.949518112808199533,0.52667020841656464469,4.0550002480825320106,0.89066186587182072376,2.974276767371833774,0.3889393406355730054,0.010058476445186355017,0.032171005935742617854,0.41070939668176426052,0.063567257315111036498,37.288925899286134324,0.20396571959440140676,0.26166660083161580319,0.24562725443914182333,0.30926659867384320712,0.043491054360220951502,0.013578235768043182136,9.1967790231187951377,1.1733915654816491347,0.007763185664882525476,0.00052376161817717749921,0.93920744013215085033,0.34333317050753464628,0.097752453328431396229,67.153724611363983854,1.4070377445078163792,5.0324218072209845332,7.2075921472175528137,16.256062963392800214,40.125682562582369428,0.16611527288197330821,0.00076463947329439825671,3.336209454658604745,0.025030782757495803614,1.0437547430420062167,17.879109914311083429,1.878728525630384727,0.00069022248361623147247,104.160197402988004,6.9950461463662163553,1.1861987308553172404,0.79128972425650023759,0.0068640854884111342574,0.49992856011036274078,0.28722904983077313101,1.369787702770016713,0.0031874422933042289609,0.094711793718636638761,0.57844325368350701932,0.00038544302554426956939,0.0006602583586766456146,0.0051752566859300996524,0.17722778454140994397,2.4855268534133982961,0.19674952590827227139,0.13024951963702058322,31.584646832311371156,12.916330146790286904,0.87548221739557718912,2.9828405107815050279,3.2016979503748990155,0.018999354805488439385,0.1066853048087409439,0.01630930691594882978,0.36429171336094773315,22.635886860459372372,8.9656202469169095082,0.14206642802312302587,7.8409378948594898873
14,7.0760299841952845057,0.0014541760951293798004,12.901303161491700422,0.98774929740139094658,0.010361340913847426684,1.5607140000501522614,2.0188374862673352794,0.91524347567067265707,0.26348052522510789775,0.011162641383281346821,0.092513771246320347652,0.20868299569165885132,0.22705345068128843233,0.18468519622370641042,0.026138957992792699603,2.4561340773582549524,0.30722605319440643434,29.711517341496410438,17.925096989622399946,29.306889191452597743,0.046465849434400782747,0.28919477739178583997,14.207124294423957522,0.016146302082513754039,6.1749794095087873202,2.2989511489099316854,26.024241478098190328,0.64089078630148910154,0.063719386604998970447,28.091526126593244328,0.35888626095547693229,0.34772257210701251751,0.15467540444399907607,0.20568447981600626595,0.37441378374820327712,10.65515444607506268,2.4440689687143248854,3.2364601337769864919,0.0024317853362799137472,10.531622907289818869,0.12043054890475460295,0.29645620098269365172,0.014820580961549083276,7.255050707143348987,0.2750889528177527521,0.016412028852402203022,3.5854722787810362483,1.7258843159729368999,36.756125786798001798,0.082833818784829718607,0.31386752336592821377,0.013880460961300421924,1.580282717049663832,2.4464930638985418199,0.00035704696972041737859,3.0254247482477181208,3.5408446299283014014,0.92555399933223914122,68.935636929125848837,0.12230170798771156093,0.0469062233328182282,6.2751020311114782402,0.36406322072203689544,4.2063629609234105544,0.33725451641981846196,0.084799803227092129809,2.1076270016910996219,26.904571075519914558,0.0047160877397946689843,67.120050885799571461,21.714678554530550514,3.774387445875697189,0.20980255166597527872,0.072520315509591329328,0.10003160441429867489,0.0018167228343678842439,61.484217598223850132,0.0017521766333664433139,0.17828829844065588461,3.3999303211546916259,0.031263493190940523647,0.55324745072695347137,16.849913075926938433,0.016251048626403030717,0.2433753811963870195,1.4425433724971119531,28.424075161794196021,0.54261201587392726697,1.2049147583988777388,4.3734536226995635033,1.1410699891883337997,1.4105656972183919784,0.023293000589328080596,0.13820959555596032398,0.20430196893315599738,0.25229334714274342932,1.4031684081807829223,46.95943005328472708,2.0881382900328762098,0.72314639741665254213
15,9.5840934941897018007,0.67998533771731761721,0.15854328182924948276,0.0047085093194289828755,0.045753361577233905844,0.11982767330635391012,2.9468485647750650713,4.0819467173712018493,28.080966492897616149,0.28982127675079777385,0.11282389875264431378,0.5420491143900790787,0.007044958559452015566,0.51657450226657131154,34.978069631941011153,0.028676672419319270552,0.55576762634077137015,0.38963774206830953384,15.819562589052862833,1.4678250557615848404,0.10409816420631454181,16.318575298220260095,2.091844813479413645,1.1823656628144263436,64.208166264713582905,1.0193301614947032352,0.28967139600921970599,0.0069879270949994645723,3.7958216250798746394,0.38881738263955306634,38.600252735014890959,0.035796072786701972623,0.0044218813019523926788,0.36649324542403666216,0.023897441168912590681,6.2314736823876097915,0.19827491764489832415,0.026328621695229183219,0.0036294718858875430097,10.779953199184980406,0.068400980413511627831,0.04537601256020164231,0.52129882438653374344,0.40264258430579619175,0.39475291770533521563,0.0050085254857694912548,0.064722378190479573634,17.904130674041962124,91.642392382804317208,1.4559478512629004943,0.047299129314936405599,0.43779345704705913134,0.014940952822501393782,0.51068575662246173952,2.299530023889491126,5.7860451029036967796,66.539788333044441515,0.63790364620520745298,0.46297082385263549353,0.11029259257891091406,182.08552456752994431,0.00019975265224154628964,0.0004978416269396894597,2.4017790872268642843,0.2588390285621408049,0.011550549515406852846,31.235668446232416784,0.069104758210487948755,0.13664816866969928255,1.8315050821105278711,21.596505832400648472,1.494902351689501474,10.024476564709715376,1.6830590124840680843,0.0086768553051540520116,0.0058749071914552036464,2.808816894266825237,8.8957299375627769678,2.5560792525226498917,0.13224760253004108623,1.2887440299072254746,1.1701602928867427256,0.2104707574829623451,0.23579756600693080326,77.495912235909941046,15.588035289664629701,1.3307340404103733533,0.034752489160301512638,0.0041158618700937021212,1.4104214094012341718,0.40461210259869917483,22.613475902083560953,0.077619784610811967673,0.00055070551872007532292,0.5565013486338604709,6.2034061455260571805,19.319748438819086545,18.760019363468455111,0.096869084569250807348,6.4983445825569283727
16,1.1034602197543137425,0.55404970765164618385,0.4844970770467670329,0.98190604553097893259,0.19747911242856569514,0.47621556676281773246,1.3837404113015538965,0.2164100658994780324,1.4970719878446312467,1.8599992879372782006,0.0091587179697020671548,0.45793088646217655624,0.03859160682330596559,0.399990562556815199,2.3379085090041065165,0.27916606702442886556,2.0818068993034235525,14.031938815528651077,4.9956846062858044633,1.0884342586404422981,0.11311196916788869571,0.31553275939963543184,2.0938846998210665085,0.065343108495863333474,68.082272211486483116,9.086787353817317836,6.1077224328395001152,0.019959838809004849802,0.80402038371603878897,2.4473594235048037326,10.874153116516836803,2.8871483026219477708,0.00048395440855899732454,0.09867886905130714148,0.17343117479465147701,1.0707794001525559047,0.011835273404953232726,1.1286174982676004941,3.2754684371985871572,11.492553501527217108,0.032903997542976431978,13.549732692985264393,0.97012558459004583078,0.031215788270518199377,1.0751548128036845231,0.28260026094262458152,0.58783477802996542128,1.017805555147601515,11.088452767792462694,44.832217730748098461,0.055709164375784978041,0.0028650444048013362988,8.0446326753997983161,1.5692846097124477645,7.5059646518205624943,36.032811806284335887,0.025892227630270360506,7.6503338389220099103,30.832042678237343125,0.10305576670833836717,5.8950582807546751951,7.2116160753818851531e-05,0.099876521044627214474,0.035842108087329738186,0.018539881893100705612,0.68052684897171678013,1.5691799624468460994,9.6135218522921501716,0.19012203231942495507,218.48526338792936485,1.8856638853138842915,0.63683523089138138751,1.8457203345922641446,5.9455700527021724255,0.0038843691944248229589,0.0085085378420830613116,0.060310238794417492247,0.36150918493895339845,1.5556744890377338653,0.29716539589017837431,0.34237697237242675774,0.052353434838914907068,0.24827808686119498538,4.7898790626229033052,5.8098595398522308031,0.42901614465300597079,0.76953413334684339642,0.062259326239366148681,0.50166811049401660583,18.81903868245368372,0.45402093751205119254,0.46760582752225227088,3.7243840841900821559,2.7148701588878627611,0.13700059951782300738,0.89456690802113858485,0.51761101835370693092,5.407180629320656351,5.5033232915045120492,0.51588208064384655227
17,1.1359088388320046636,0.30422741840304723393,0.109429480774181076,0.016395569014826052306,0.64159128493623940326,1.4484723392817779875,0.73885481560124155465,2.111722782421539879,13.184967452252609021,1.0704205128019588233,0.085089707212408674519,0.043836017658214911086,0.17309832311722625486,0.083374054960374241463,5.3736671523090677738,0.77441401375116347694,11.066434023455466118,5.8527180508274403437,0.40225192138554705101,0.17564882863060907181,1.4535245998443064863,0.24841945391373115859,149.5898504183909381,0.22962041954097231478,0.057395212017845614882,9.1873171075231176985,22.222268820223753494,0.0004989532271196895968,1.6866009209647701006,27.330193857286094072,3.608220123232922294,0.18044707193813835922,0.075748330062397770113,1.0079091489082172561,5.3784992372091773305,3.3411002416781934166,0.063574366501668810869,5.18840975030946705,5.560554484936591102,0.061354253932962482532,2.6492355657850583661,9.5249931701387708927,0.21706251307864740663,0.20009908543631793609,0.11190213151274049086,0.44575147707032691802,0.82183260495787013866,0.03207184807932864784,68.711005986199808149,24.586415645473689295,1.9152669484249280618,4.4642344310741082225,0.5027455802959283071,49.879925047757069478,0.72485263861048077061,0.55840574504607698447,1.3616297109758761508,0.0092718851212455228455,0.69677782397878695875,16.958624193226938814,0.86666596262817618967,0.60347720740178756316,0.69363217313780600737,0.097666808536418181497,0.10223378022837538437,0.032342808346194920621,337.33633622539161934,0.00045154110760337615258,0.034497672409243694547,75.06787642514603931,0.061110137046649873338,0.097838321356352134228,2.1643640251858191625,1.0807959420524424488,0.0053428971162977892048,1.0809472934859907234,21.353449601944454628,0.52664441697549568833,60.026569260808408046,0.45883058301828227865,5.4298990368236363935,0.46912648643939730553,25.066802438796585761,6.3435122157353669436,0.016997074493231838221,4.0051543490790075808,0.20158002855970266753,1.6180869771502812693,3.0960806615849905121,5.3701920350855143482,0.72926639954541216948,11.030981444675473924,0.39636064262671522052,0.74051463130410222213,0.014719790013134229772,9.6850023413029990849,4.0874783807967505211,15.101319326837375101,2.2329417572397707303,0.063532393377285473202
18,0.0066722076599412460593,0.22446591835670420823,0.95822540313892679009,1.524428388173483695,0.0051000358687902256835,0.0051480267286318570977,0.058169784430762420946,0.10671800749360094152,15.175178832292040454,0.96128455728737705055,0.00020741374672869256654,0.9307785058322555205,0.5923350596135146251,2.9457155656716458303,55.982066072636960996,0.16523743945998778382,0.25389623203752342828,0.50697642732652470343,10.209718889403264441,0.085865210788925311336,1.6739069417376768456,0.46504120782204910745,109.45972555108156143,3.1926299441377579136,0.69195533689042609815,63.142306253397443072,0.28394010866571350871,0.0038420409714890473192,0.0020716257064782809399,8.6645599098132510818,22.933385593808278458,0.50644951508228064352,0.018133230376177707222,0.088145550313217385652,0.093670009212503221874,4.4273210954626085467,0.69800609328370077922,0.16007715458615667803,1.397565647849637438,0.0058614239875123394161,0.019653493574890729817,5.0289285789911097879,1.5938134971812867313,7.9383661316838276534,2.0373440451053350664,0.038332775640267963135,1.0065096742592447576,1.7477835700729382751,3.5693142572939620116,1.1593514852661477299,0.21606284462653149725,0.012330907117984356985,0.55443259346400763921,0.029224956412192970578,3.2419545947088592719,37.546988101086661516,1.5682823200463424929,3.832495231193036922,3.323404282976127444,77.682711665919541133,56.857552787925037308,0.0083946875480613754317,0.49387230765050016412,10.225208512500572056,1.1267122366978674641,0.019697526630460718278,26.709964876838967029,3.8399779088093373147,0.00021816125861324244797,10.93842868868782503,3.8522166944043196857,30.258892617767379818,0.35305598868822835046,0.038443396926211056974,0.0271411971054762724,0.012965932463013685877,0.022344360016984671224,0.58652853019505557519,0.27884865436992756216,2.9039796747794035525,0.056167548978812827098,0.20856438746455877031,1.0266514032594959982,0.032298751403594797016,0.23227847932439085743,24.500197611875545789,1.0582519148605959991,13.728310465623758674,0.0067448974711931206777,29.940591841356528846,0.097142878568856783073,0.77720426523662067275,6.0402255299147098455,11.64404455659508919,0.026312227247948214576,0.37205020881752653983,0.38569972010989189704,14.993576662428347746,2.3968607328633364517,27.006758917073639736
19,1.8790984085066362308,0.01162148111239716744,10.157430253590238323,0.021625624656186583777,1.4751107330933683759,0.12117328297005608428,0.43875780300867356365,4.9266997871639084394,25.74298773883532121,0.00052501699567760753105,0.0082479916432246051794,1.622236042590888605,0.37729945720815899479,1.0477347143099595694,5.1909176402713725906,76.498975194300570024,0.65718835299381506143,2.520036139843734535,15.857213350157799425,0.16904040611044729436,0.012011938592792635941,3.6003855323702067537,0.3382777810213954961,0.00343808907094354365,61.267233032308716645,0.028259653272147002012,0.28214308318160091771,1.2550492510690067771,0.044512883237091536992,12.77348751488157319,22.831029017323448471,20.009449471835853984,0.0096156715451243806453,0.0022927076970459020662,0.20256192863530836368,21.187612247167610491,0.1039536011754655237,0.0054939795195616944121,0.0035063305717708353158,22.087226737919170461,0.62282323792976868049,0.28880825094312928547,0.020316667640006901702,0.41539999934489113542,15.591904548717078427,0.00019720287069274457454,1.7855019498602822114,0.015795478239917521562,85.656489292664332424,0.0012331930297053669051,0.019146465740817419227,0.0013046734063729451773,100.78225627031629585,0.050911470428432054058,0.9942629389596264744,0.036695970346745557245,0.4472240454578652602,17.110608386374998702,20.343615256706396366,0.47170736622800352178,0.94713366653035113707,0.61505554167248666086,0.12070040411216885479,10.045814108638492002,1.1524727464396817833,0.077541060653456436724,0.70724802189939306452,0.029891805187417824774,0.0098025726673942135264,91.819054461507064957,4.7295242013873259879,12.051015603794503761,0.14805103408985817448,0.01231389824414472374,0.11558324117566060041,0.73476444139935237487,0.62969826314515597865,0.048341583629638716635,78.322083471182438075,1.6522699446021387182,1.3939123232223222804,0.01632208321573937887,1.7400136846733500473,0.013486280633815777436,3.5980208368660964169,0.35153676363275276895,9.7683988415696276775,2.9400709191190652625,1.9166546571393123788,1.8610236607473724657,3.4251823901941915729,0.0070987354220676136124,0.49445816261090147492,0.12741569492865625901,0.0027328940525606238571,0.10399886726013085614,2.6600569907780315937,60.377566951340952528,0.06890197147717078141,0.0089245148553763770788
20,52.82359594724738372,6.4097986527076784569,0.0078354714658650185394,10.545011221500725895,0.060824619507847003941,0.07208951378397819576,0.3995676648923148222,0.18457009583872688308,0.53213108711432777209,2.1669607119427438668,0.48689749005209376209,0.089056150637882622312,0.97050424146801617109,0.096662961442064279649,0.00013900790460436672079,5.7633799916382963957,0.15443173335538873392,7.6048788333459045319,0.49219957453764023869,0.18820376983685815908,0.021100061965969026806,0.099341850714713006432,0.0087924436858250621524,0.0034930145366555346957,106.98609154322733161,1.3513283890319505165,10.02925583631384221,2.6539111249875513288,0.00027888506077041624355,0.0083295095729325977635,0.033828178915067473598,0.24679065621023107968,0.27085564094714531524,9.320251718323287804,4.1112785019326230085,13.202152743414176328,0.083710982519371548993,0.52466038280686744244,0.018287665631923528953,0.49485434478344225706,20.667594409709266756,0.045649773715789494777,0.92194557639296392804,0.026131145142638763368,3.4513733768637271382,0.094212389772717328174,0.15067650137148907996,7.1923577126578752683,0.0066942659925521702524,60.373940163159929284,0.098861120956201739562,0.0079589863889920099693,30.481715996368748733,0.058328784181640773443,0.0012070974974686624753,0.82288886533642413568,1.8655760348094299061,0.11751558152239589827,5.8640275014064284775,5.2782764471698460085,0.017521240457452746248,10.867916380780538788,0.83924600176438779453,8.0041253421251514766,0.24034137978513281375,0.073145188405302444257,0.00012022694194935606342,156.65564523246919748,26.773874829086636851,4.7224559393565277432,3.2939089418140738985,21.6568702826706172,0.92652998490168758661,1.7309483846376696459,0.0014546896358473520965,0.0099557006361654046961,1.3499033307132219939,0.5100823923565688256,14.878312465594158098,4.5588003494117836922,0.58392197740411100337,1.6490239382627303044,3.8304333508073002967,0.72415068816585426159,0.18352660182572494429,0.058550033711383661639,1.1982459141625527721,0.065445501110645329379,0.0099329059777165801259,0.74322585694799070399,1.3435094615519040939,0.041722309440902750899,8.0529745449777312416,1.8464316904246105278,0.23412040258131538994,0.0044232870242384416878,0.8538111395886572863,3.5228271129153130303,0.35201920830243554894,20.903463298487462652
21,16.235666667940154895,0.0020743775016158383546,3.1061527046256296458,0.012342967184252168905,1.6526109266518416163,36.556348614692396382,9.7655808450280741084,3.5387722516062050104,0.41449676521802147899,0.023118498937975819757,0.0036385917490506717968,0.20994996791842412964,1.1392408588917941614,2.0070141390130444847,26.343895958716810668,96.920521122481332554,0.0025490289914030248367,2.1117143417892281221,7.9276739713198987047,0.12828022028207566874,0.60984131598816571085,11.28346052525782639,0.0064466845425105272216,0.1209407285956639877,6.0205123557096840159,0.70086814384365048181,27.321126715525078765,0.029291350417630937497,7.3702674141926500795,3.2696035917749668442,9.1996027891365361739,5.4254702906126448525,0.084251057156852646179,1.3406624598413576788,0.080241905303500268842,11.610246007461293871,0.67617940056020120476,13.972203594424630779,1.0636371137912132845,2.1403383918665452867,1.4622591963182631769,5.5425194560459871695,0.31961539760102875007,0.60753556839459432748,91.005569505352440274,0.66394214187479094758,0.0075560591615501781354,0.40234320502618581283,5.6290204660640172918,0.14670101311065700256,34.38636919411869286,0.54651905388334820479,22.33603193073271953,3.0110928183594278806,28.158380957874623363,0.25986362235938181842,0.015176917433454463133,2.7396614211812395645,7.0629405763798596141,8.5631654201824680683,0.18243653199904413809,0.0032393026603757236158,0.30360435125789242417,5.1969188295063633021,14.404347852371682137,6.8796103422643817282,60.208254935900690441,0.054363756031704318916,0.16476931584081089266,84.046606936570043445,6.8799804619276638817,0.82852078808274043364,0.0054894542099932740198,3.6813927689232497364,0.77813376423065150345,5.1107004346513509319,0.65788060653311164483,0.35580054285048146046,0.008462125094356990132,0.0044192515429891891104,0.71048114366030823419,0.1471416260370552731,0.012407926131432463548,1.2546460438657949243,0.021430709173819527391,0.060093210029163887653,52.478990466252291469,6.6024658685726960172,4.1406132708754643801,25.297907981428991775,0.058616908773821377321,0.0014556429648427571689,1.9110778533589360961,0.51583543050931923712,0.28260407023913958202,13.286145237915329531,8.1199452718983202715,115.69867074451951794,0.039336784614740556709,0.013331629879606265651
22,0.36895548541280964727,0.022976720437784460549,1.9600538865567336266,2.436731744991917914,0.025426440832702873474,0.19781726457467324609,7.8887762777034797779,0.025086559065870327884,8.3473067947991275162,0.6912407456890733437,0.00061678792173118783711,0.0063598320433116235437,12.660217599821443457,6.8863175933843665533,0.69676668414217957093,6.5477321470843543594,0.90453764298660710441,4.1406497462526532516,10.14808712629946541,0.34412770967687650314,0.041913394421932488598,7.2792353703629499861,77.849529029124198587,5.253507564043014888,0.20569551394362162178,18.803561659847876086,0.21773350659889076364,0.048931054835076891185,0.003853135557291871658,21.117698174123439969,33.643499200030802854,0.15810789746978487491,0.23426472061705022609,1.806025264114108797,0.34168021776671470002,6.6755814418240477792,4.9828874799835443099,2.4396311567608859328,0.99374349855193389036,0.1575987173298002697,0.036794963506204543535,0.3911753355053904091,1.1865275954003411396,1.1718374451040638462,0.034223079657260242759,0.013588789340340811512,2.1434345377512946662,0.03489645869668501349,4.5911609625958025305,1.1509444191387698808,116.30872882510087152,0.18321387017258605745,3.7476960828421592709,2.8984973035121379681,5.6354483769652521374,0.10555762367516179079,0.0243044382519322609,0.68523354410951631266,60.920096488456131567,1.3182506766613033555,0.28907652401350780735,0.073255577676732644421,2.0589768620485160433,0.11278519833879097067,13.762761993942099537,0.022578360273732972496,7.9686111977004987494,0.11707182469472474096,0.04388618326811858511,14.281031204139774005,4.8084104840668695502,63.631282433573062463,0.079335469598866628638,0.41442917230432907427,0.10293212104736935986,2.7685113071817184505,10.792843284636115087,5.9983549996123342041,0.17372919434531608474,2.9246101923795961852,18.44898799618760421,12.875768119268416356,0.18601735839777333581,0.16652041383668764185,0.37888096336028653788,5.7330182938441973661,65.260360033768264998,0.69299276063385051305,0.030977653832308230109,0.082954370405257882304,2.7902094583091159308,0.21126030087929034695,1.8222487580900310622,10.903441881151486825,0.27020243791803810751,0.035684093639065495029,1.1764075704171428338,14.885650281573854059,0.074331895547926810086,0.32694180275392037416
23,8.4933881613304862412,0.10715090581274694381,0.92626004872676093171,0.81433476581561103913,0.019033641282506591486,0.5773175038110361923,12.927245848469883782,2.0588904323333774293,0.53086732203668074437,0.0016268819144174538095,0.027043284829520317786,0.72533639987197739973,5.6944242483374702957,1.304097015857477837,0.0021559393963064832356,5.8640474327880136585,0.93816829074152552348,3.2317496983983411418,3.7015465079883065336,2.4654528818435559323,0.13279137252530132107,2.0069576596604021823,0.088589082766480031772,1.0729168270231947968,0.077088319400990465424,0.6888072738465312872,105.15825632987971971,17.031106968833643833,0.024503475468776597657,0.59679973214145642935,0.63694696403033745913,0.73345919448782193051,0.084731564993036911915,3.8661391031408229857,0.37429669593273123818,53.131808531015565222,0.0098961869157033425376,4.9389053980892301254,0.091483869328441741464,0.49950805100481660004,0.10066398261349261689,0.19244266047337171832,0.37411101467118046404,0.13091531508255821459,1.7027943135233110095,0.037768011069766273258,12.363413185295476282,6.634475815455584069,5.9270927118255904986,42.427283143346720351,0.6912219017989859049,0.036079238676407381081,7.1629104032528641,0.94126315154517370409,0.254970696030579147,0.76511946094290517184,2.2730858067849646353,14.589351567664643028,12.24221045224247284,0.4164238775836532902,0.26531334078538371113,0.76856400223600440658,1.8033079132037785897,0.18049144888145277066,0.21388858515621361756,0.033767516564506890042,3.3477815618063906378,2.920848272379959365,0.065186371270621532026,176.90073298390925061,59.814690184468162215,33.847761605711994548,1.8018031009122756902,6.1567954642328377446,0.055115129905382628794,0.1558672978579244417,0.88388130777031770346,0.12685947734541841436,0.01167427168560794884,0.11078906357851581177,3.4919882750829214224,0.2894415436295164068,0.0063893259225249804042,0.23612844911256339331,6.3424660824113843205,0.40500859670955696723,10.008097876261569326,0.93130320413472100771,0.44394983294994527778,0.1301146773531774159,1.9939180334010837559,0.14889557595737795692,2.4620076808543833735,0.56275885620479426663,4.0281019691656556603,0.078036022913214223018,1.7084724093935512723,3.7183639173814060364,11.892674919529445887,4.7392837920351356118
24,0.23118699988748961371,2.5570799543304412182,53.899887189246442176,0.056126279015884912582,0.033033100289044839415,0.29854053218487069943,0.093092313645275107103,0.00035459905722438087115,25.252936191670301014,0.042563459208334111783,0.14953184432597324549,0.070753928610283914336,1.9427814883713523386,0.017133595564420373014,0.2145345271935555076,2.137800424125767762,0.25796849353087053514,13.141762624603344989,22.426578987796212061,1.1931990934898530909,0.60649458250479826305,0.47421976961365214231,6.5393948579036225155,0.022648646389006169,0.35532399311654683238,15.482997026779106164,0.094918639251800648871,2.7012213494809858005,0.0014191834776585842033,32.779629436546315446,0.055290030193448920504,1.2754378186806607509,1.3402843995883368944,0.26258586443940845623,2.4107199499031808365,42.438344485585922428,0.074524558431490653398,0.21901292604302757816,0.016520931722639128209,0.14107270890738937696,0.91148436320822556755,0.15079528375712644706,0.0048997127046541844725,5.8483868720172376143,0.0047388792333320980954,0.15951702279203949786,52.17459045739864365,0.19304062133112942501,53.007720366188380012,8.7830542380893437127,0.17338951195532453786,0.17631017263401480011,0.43317698508325847007,2.6095421464825712121,0.001028958435421729661,0.050037111981748462475,46.005973974197509335,5.2109240265211624887,47.485415562165151471,0.011662504365060824205,0.0012513781380788396337,2.9301019809597623755,6.3361329399396808526,7.2001962210014553989,1.0918348471316949855,0.55219274062053957941,1.3769170613917749435,0.0012254825964518258237,0.0080189159680298920801,1.389751634114691381,3.2264803119081668648,55.525279467493724894,0.20458357127602058712,0.095748067484870774679,1.7544273327391515238,0.31192779518509627934,83.85072147680193666,0.041172992563661775511,0.30566001654425012379,1.7728346130680712189,1.5235650535794018623,12.909762734108614524,1.9099979645495721581,0.035469392570646539331,0.026136866260209473678,19.945382791934040512,2.2552205947757464344,0.43590393607241967322,1.5631914353935867368,0.11044086283585952124,0.83012139958843322862,9.4443163435416810358,0.22850000599781061794,2.9750857684455684904,1.0360946365871517294,0.42969591056891065506,16.438553866189458574,2.842704521092572989,26.538650821514252698,3.1956268429946410592
25,0.027439105741300109931,1.4910759474294785765,21.811374705267148499,0.081686765619251422432,3.0397272360329954388,0.06298751373244770857,2.1361354609417366746,1.0329748458186704951,0.0045350074935939493209,0.054795812240707224283,0.66173086806812286831,0.04211613697137393808,0.028493057314720689199,10.997567322744091101,0.0091012442697907623007,0.30379060881556341212,35.752582685435505994,0.274667984232149609,0.078182220491060119838,222.03463861616000941,1.4142382955011292278,0.10095400271419498195,0.14028052749828687218,3.2636441279767325341,0.4679566104724225406,0.02142839558002706396,66.707212716026731414,0.51174794695967695812,0.0020944923436582042059,30.947982701755744728,12.80776596863422867,0.3847074745862305023,0.45385116586571611075,2.5984346716103234876,0.58333641581587103442,0.65527976905633322779,0.039048763887252063709,2.9611858476108090521,7.8755648191498526245,0.30074217582619833244,3.0157550172318621229,0.086104498807018592377,15.382816177387356404,1.6718281628750317758,0.0089136428308005128535,0.15950713760700727106,10.003870099715253872,1.9331105990490184965,134.30455748787235848,45.12797017579918446,0.03893652780170162031,5.9671777796305178754,0.42389592553228933047,61.627599531855025816,8.998335998295601712,0.2651456336840782857,6.3074269043007777924,3.4241848865267243696,17.642895190989467125,0.049447733424330432561,1.6575713194426109354,0.0010526933710857297975,0.31091832885212894455,0.023538822673706709387,0.12779014866784754734,0.15020380298331359459,47.806325799749814109,17.612515913202830831,0.036597726436857103138,6.9809488995345390094,0.017059656104910402713,0.30173517194988630497,3.2098039908182403046,5.8247758395160182943,0.019847157502476762275,0.024151082389061141742,0.55715674384384461515,8.91824241570570031,41.371193051710712041,0.65683424750461527619,46.923303050843465201,25.738427262650407812,0.23844775259512632215,3.2099395752980179886,2.455853884683804278,1.0666187754910176899,25.914557172981798061,2.0503142676068417671,0.41283606993961369236,0.0092876487991001809019,3.9725363227855874371,0.68561011545089800556,13.57783285230021697,0.018038463541922709205,11.005999421251491555,3.5073913905162608096,0.0010627662685798728963,0.15782968150806842011,7.7530597940386352107,0.003119408226014271264
26,0.021151973447138816553,13.42747507559689879,6.0422773311895259241,1.2203500388607055882,0.0065055445966310763983,0.14859065932637030572,0.0084902719827870450769,0.12809387441628092286,0.80953804247894856072,5.0101444371736736372,0.14055607051997556778,0.16013470777579666415,3.2261508967889716004,0.15489446107376006467,1.52106073614556081,0.01018779648792053627,0.7166611875061797976,4.010392193091518287,1.1671483513041542857,0.74581031548842080525,3.9455447396589149456,11.601170596696658066,30.334426495574497551,0.0018322609212650406516,1.7339430940285511795,65.693522258490773424,1.1857298242220788431,0.00010691497812741573262,0.8847133878575393906,41.162002038524157399,16.49116566196553535,49.796545076875275981,0.34004946991478313123,17.324202387849062745,3.5203300962256487416,0.57241411633651928526,0.14365207643849897678,12.02649269182333569,1.8099857632626763504,0.10322475455672418254,0.015313463805097593876,0.074417623340342145544,4.6433151112840924668,0.079810392034068783351,0.35952781121905064143,0.019291194453658580543,0.96778934840257802019,6.5111572697371320473,8.4874609521155903735,9.653562163367446658,0.90689997716784864767,0.072011716085986721136,22.832652102640153657,3.4650192584755701297,0.0011023820503774568215,42.079228597853713723,4.845044209437769922,1.212745329429155916,5.38686605185902323,6.5775532397825937636,0.070712754288534573899,1.3276339729167276893,0.29224962629881140463,0.10794952475653848967,7.6568062253135709128,1.8511955876127388354,93.324944585915616813,0.2037110629552065233,0.017986751482344558867,0.91523317536416981532,11.772669708766024144,2.4780636813517875616,0.71339643788252982137,0.1129650720747250453,0.88844631839012544461,0.015667238263010977578,24.101094955136385778,0.13336299924218747437,0.0016951950459843663065,0.0020464629746103288332,2.2406948719135897363,1.0833654188340486879,12.615254769206122987,22.738531329369891409,0.90168591649721807624,0.072008417458541432166,8.4020059653332008764,5.4390166134104340756,0.62568605527390708243,0.44042780897538741369,0.073131921254469128835,48.067960990974057722,0.1506483044939269933,0.0056895599747635730928,1.7539203727642860287,46.936849607517913796,0.15652092569821635104,0.096664653165297043103,4.5731153665372898942,0.61904460261676619304
27,0.38442629653751941854,0.47404366725809310434,0.1760836139347237983,1.9748421583143080937,0.026710948407821878681,1.3519478081425915228,0.0019630618275828038213,21.715942316066591644,0.38757111423494150504,1.6972373744959310393,0.023737867952620235468,13.258373629820120243,1.3000754326685062257,0.08538283519821401879,0.750190238864993586,0.11837958675503232331,0.10535464714498916916,1.5364052046525438211,4.7923108955001891829,60.855795482312906586,0.61538186312896292485,0.30859371690222969775,64.961078560893867007,0.039014031337830532009,39.586320994794057526,0.39501046704869574588,0.035492389205638970318,0.40657024009058412295,1.0630003880485126011,15.586307587083810589,1.036965729556298621,0.15479578214422365368,2.1035403380118635752,0.061468153627796534577,0.87259823225829236115,0.068453938075876449854,0.33939604557442409893,1.5105814075068080271,10.380429733390547753,0.58768090962168773039,0.00028869393342421516844,0.25018304154596504585,1.5589351456141751218,7.8920844406710628505,83.922812761314546037,0.094023498738452032653,11.378127035386114585,5.5928492420740960611,0.33000654501473469793,0.094995447084472148247,0.017622951710798494263,0.12464286508326759273,2.3416458375163089478,0.018183849494772131444,0.010107067307186457655,55.284319842286940627,0.032189899607029455464,1.4891780657250199837,0.25338909799061026806,0.1232405085830932806,0.048969980886792031927,7.6463402038864023424,3.9820593253382785548,32.332967069248660152,6.0002320961281485623,0.092689504229094055177,2.2370113142547567442,8.9545485289922339689,0.039737318624767627162,19.356437435987480455,3.0470751087185146133,81.720162043757611059,0.55447306554908937226,0.092416190779266813027,0.20952687426783947466,0.076226340871377154529,9.3433348661198962759,0.66376589049052792113,0.035041637633779855465,0.43604621292909306884,0.71884052852301194569,9.7975723866261095196,14.905260996637368365,0.7701332042288945301,1.465307848811449043,0.20341772633209262433,1.2786632941412880982,0.12555780112283757011,0.17872174495763845647,51.458597425524736479,0.039759574778818120022,0.24483197558760291801,0.2524220516437843953,0.040000991701360538721,0.042566727605995932637,0.12963123099754503276,0.48292779300903682094,0.71417692328057524875,2.4830040307724967619,5.6201101214981941112
28,0.76565099342687381601,0.26086201860044017087,0.20683772940034275689,0.17546798764905233159,6.3047401971442169964e-05,0.36379421012718299311,11.841426125771539191,0.058877052194533402441,1.2524474573096033847,0.014314389787895665657,0.027484506588874371702,0.21191793647828774394,0.087840434499853362049,11.3170246616206569,2.4028536045210828753,0.20893114421241981704,0.18092492267310297804,9.3167915327928589875,0.082140269167191110045,0.10445057295380079376,0.11728688412465532176,4.4733745111215048595,0.056453071366438345446,6.2956952948491817779,0.10693097448088867418,0.070323374455741008426,3.0738347256131914875,0.14755982985242885319,2.2713618459121613924,32.65566624089066039,1.3115416361740142026,0.034986656756679376801,3.1318515710434451371,13.452119534875416562,0.1929909221390210261,4.5167378075928814596,0.20622922466915327711,0.21643232104460319309,0.36320974732085398173,4.3337443224452645296,0.5759075285533562516,0.012067707442639286769,1.4835118108716505159,1.7829290430749940022,3.160413863778148702,0.31750793480328665108,10.557232455066079879,0.35070491945252640908,0.14720032622037781955,80.041521135689706057,0.132832354313181078,0.23466313390833692942,0.093143539759949794954,0.22790532563169954572,0.011817476449146387119,14.491458188410863528,3.6823523803363111817,0.004644096019211124346,0.23725995772562569197,6.4820869721685721032,9.1642918398361370436,2.429335611040788212,0.92260317765408261792,13.869784220547259679,0.99822611181809051129,0.02050453893704812236,46.817318763179663677,2.3863723115697519361,0.50096498855834215025,103.53330707565143598,7.3357512330390726163,0.84542510441441620639,4.935986792482406571,0.068436292238444509928,0.046436560797589628014,3.9221926795988695247,2.8138261173296736928,0.10449351232986699156,0.078553497271115227396,1.9774717951860074638,0.026622743010387573542,0.11365753636304158636,0.24689460298927140558,2.8321932297365060016,21.522982960718987755,0.73114177351893228085,0.092858926771914762632,3.9032860971783129855,1.4547097644571553854,0.017359077866566655773,0.7108773312904456132,18.628767777827796692,0.21394614819995366739,0.011072511801380129082,1.1901534028573621526,9.5711717789152839231,1.550826687975155993,0.96089735757541039352,0.15648672162453985957,6.3370897699462540587
29,25.55635412521090899,2.222240704140272527,0.0069395118024053823597,0.02256911881464504846,0.48127892294852009369,0.2779803991513781769,0.057852033234497952929,1.519042000389230207,0.084406966260995863749,1.3152465764564214012,0.13129123981454587922,0.34398126801546297093,0.19521247194162841265,1.2224224810676840303,0.094575102481512227093,12.095633705811746239,5.3153190174136994983,2.2857515580463236837,0.0020870269788343972887,6.2188980451368225388,0.038731160313289013375,0.2487746392451419819,0.18873891018903640737,0.031727593586712281304,164.90059217538691883,0.056367299324162310759,4.4330155158259874071,0.0090916238034114381372,0.050442332305714258911,58.754048771363365233,9.9449023375592808804,0.36733595315743405862,3.0365665337208467278,0.24052861040224693401,0.27242164730420009855,3.6903642756671044545,0.13623339535189579741,0.0053573840652484817221,3.246751478766479071,0.039654905155154150653,0.70254886168620678255,0.047017845179402634193,0.68576495363762557389,0.43186117825684927629,1.9548796670696459987,0.077339840569557588568,0.49880021358161985567,0.0036904155593231202127,7.9154671727069150222,28.901011847481530737,66.370805105214699893,0.0592156394291728852,7.8376176420570509151,78.588539897768811215,0.0008379424131619992366,0.039810726032719824519,0.0044346710215657156318,0.0096939838455224591057,49.159799759451622947,0.021535080328329819777,0.38549156317233007618,0.077432242848871124519,0.022595732659267168951,2.1272894092678198419,0.20047135245668026848,8.0837330765157151546,2.4301455313343889308,17.218237677358850135,0.4718596356247611312,35.204920216644168818,1.0938777595542479304,119.22705235555882552,0.018995093932807828596,0.0065710286601139084386,0.0026666281093415465479,20.007218038972350627,4.9798632644661191549,3.0368342803565600008,1.777106088092466285,0.054769473621764160065,8.9668942760497269973,0.82968831051001035171,13.814979066091035875,0.65329614743934516508,0.90271040079414210933,2.4111588291422334507,5.9803029579327526832,0.59818144424483754573,0.0052838060266906881207,1.0055819698902082049,7.4029325445521481086,0.0046598664283688997351,2.492564777125828801,0.00087911909411449943447,0.01693219482917286689,1.0893919614748033275,4.3918060540331937958,0.28786670483480564231,11.641912836630305961,0.034297882110087357654
30,0.10469071545411862134,0.14122507610410248158,0.43843245097645527908,1.5100384572667757688,0.0047193966448361322416,1.295769570228580081,0.52013214374313654353,0.51123848756806278271,0.729168693778300403,0.60998498964451275395,0.0013328295389813853492,2.0543893364360541476,7.2361392665740229546,7.808722653862525398,12.766636449942454945,0.046456883745850087453,1.1687139646334057108,0.6549728733958818383,2.1629815703087564849,0.43548101439114944577,0.031779715936327855574,0.48099407202797556105,7.8745565187312713817,0.15449551297432714825,8.7811380660182081215,2.2712464872428421714,12.947218731765349986,0.34595590004243537141,0.11473297214480610018,6.4825612595281274508,17.494015768200185335,0.33529220914562379852,0.031595631637808867243,0.81211196127316942484,0.042120750924313443697,0.3551072207347441001,0.1179802155423257809,1.4421916275048602962,1.8912008754280158485,0.020223789781561380546,0.0018313743008163726588,0.050864176187220097591,0.47620706315441707623,0.0093252961265178173356,1.4453218564948051572,0.0044324311558358803556,103.09648485574597032,7.6451691402315518076,69.607917973132401812,0.58378074661735690487,4.1154231978630502198,0.0037612540956358225114,1.3194846267337132506,4.7600393901526754092,0.52875588594921185681,3.9295737902543441677,2.5024406501097886668,2.0124168845694554442,21.045827412333068196,1.7116157595216350273,2.8588492787279649043,1.3177072605871882338,0.36566123295675101446,0.020897290916403840622,1.720243664876929035,0.13658641138251229052,0.55461112622996633359,24.939243888574157637,0.12704630530245375475,10.342872792239832691,29.173377697168916711,99.290858021823424906,2.873633710258928442,0.51273565050113145691,0.11005568259310097301,1.7292272049728374395,12.302980303783069616,0.079802704427523546427,1.5740390101034447135,4.2533805766426002748,15.923454273369488376,0.014072192053891457997,2.9594195362472990318,0.59678300704721609637,3.5943077522267201651,4.3694751612064077761,3.3472100518379437339,0.18397564778983452327,0.0017684615785147495947,0.96978191915548539459,1.2804828277664865865,2.9356852871077259159,2.4638711063022520342,0.60571260062272058722,0.085086164932078628409,2.65119529409598087,0.011424343492638022388,4.6953527076339112156,4.179455400107671359,0.15471136635484680766
31,0.65446247264057200166,10.750156294371377541,35.650365436904188243,11.200582135055840993,0.0016648429778161819015,6.1034087406467882886,0.97911067648449057188,2.265806958452756259,10.470768647107520977,0.0099255103175187875397,0.015762161080104163113,0.67143445013058788984,1.350786643016524291,0.49697825673675993796,0.69806169130104966936,0.51750430798512137009,40.419060467588685981,7.653735059562444043,8.5408868034485525556,17.060974453981469168,0.026713464212562078315,8.8580771193638785377,91.4887554867749202,0.33529840795228449402,0.026538972814295760244,24.592677599029880042,3.5347799576920442277,2.8762435307155347353,0.00026818465506511774245,8.0581629582102820564,2.1233464903426702008,3.5563233809850904876,0.021008839647928899408,1.0458485968624047224,0.9725399350418222344,2.3870333938393608619,0.0025894226988000213982,0.0041346193391565864636,3.3373011023007874698,25.456368029429164324,0.33112058975487934642,0.065921599749377363109,96.331897829608834627,0.0024009449531434304097,50.172311124150510864,4.1954266687362906652,0.48184675196903631322,0.057484372333749818307,5.6701006111696647949,1.7939989637496673858,23.574461087193963493,0.017660241014832440964,25.639066150673230027,1.4362730457953456487,5.7170836848561776833,39.085718264829324653,0.36591790257384476659,0.50925511068655082703,1.3257070751744957082,0.0023050283987047521378,0.054719556890668215321,53.970958435846327461,1.5306068849925433817,0.00012863601601095729621,7.8488935370457237894,0.001752740530816388918,10.617261600645464981,1.2975495306233859605,0.0090165859899359046548,44.510893612477211434,2.9360760292994396714,25.676335486990161883,12.591095958410143396,0.0048780595785267296879,0.0044829060814232640081,0.095182163066754837955,2.7081366685239638414,26.422366473710951595,0.0086508400523069711729,0.3192008411601271467,0.075429166070787243004,7.6507865653375501935,0.0020030650884808845653,4.8501906060572625989,2.0456218974264315236,1.3120733994030544523,88.511045590852816645,0.016407289135057411683,4.1828759582007757345,0.0035653216292974936573,59.571917019721098541,0.06965513625232237771,0.25621416664659835138,0.0043854674759135859816,11.467029019822669866,0.29334304985790726761,0.11638184976174062446,2.9326317854486134706,30.361793513052354854,0.28360717565610171764
32,0.0020176283903914926134,0.11293803057017033631,40.994776950827635176,0.4482857178323982339,0.10440053302950340341,0.34338540683655804919,6.4794168619133598597,0.23727705855748759678,1.7263632017876853197,0.0001215376895349350758,0.0031434026891523632156,0.35744046135491325256,1.811914787029349494,2.1165211805101571407,1.0400922434974977371,0.077112058479030728964,0.28532880397648763271,12.867166306476288895,20.182127344738763242,0.35458825019147843793,0.48192443125473649612,4.6512075762499121012,1.1613696925288092832,0.58664303436655429458,6.8958386825556274857,0.095143305389417412443,15.935822986052185612,7.9536623348238890685,0.35199266778093046826,58.520301770944108455,0.54357886706829883217,1.372133273662263786,0.011915198819779692155,0.73020498198457906014,0.026940845513638244507,67.969221018522091526,0.011321841498550670388,4.6796236619507034504,0.9280496317275598317,0.01013790077952024006,0.078183723959795128899,1.1507904901689354205,0.093271064510135226477,0.3666255487989233397,1.8548819898806061524,4.1538231498604503145,1.4513571831274338919,0.85213834727360260324,34.373623036948970366,37.724416930797019631,0.00018455364080687946269,0.0021345860543906082854,1.243340946816787751,0.0012395489124384299721,1.7383419907084349809,62.20842698309039065,0.034115229106761832401,16.155886199510604229,0.10822514866907297082,6.3622112811201239069,0.45230625648283828699,0.17362933583671430471,6.2878101079291237596,23.322550033612934328,8.004717828972644611,0.13907247663513155889,128.43753560704860206,0.1764027659428361039,0.0088919880205276958379,30.65952302273967689,0.095746695463997610887,0.021730826970467107678,10.030453765634900876,2.9232273176995109409,4.109862114113181697,0.00079911110242057855572,2.7268107159044920884,0.15604847303204555375,0.34957960086909733999,0.0015205166990183028447,15.906217055986587638,0.016977319465661121906,0.0041894535234807241467,0.36975548110787481715,9.6903828601402750564,0.01491305416706599149,2.3107021649886876347,14.522003616989227481,1.8405922184159662081,1.1262303685674230902,0.01633624720321198015,11.70969086186359398,0.11782523231909117212,0.0093259669097053819742,0.96325374944056119109,0.95209643048770875584,0.18620100746779294498,34.656587444496700812,0.066644588400983570398,0.74220109803379286095
33,0.6069636350308540429,0.00081859632860690231641,25.553816848299018005,0.85842359316427852001,0.093165917534975509207,1.2544282937262472011,0.28282080202575521355,3.1464769294153578372,0.28734618599196815047,0.015087990475792524211,0.017559201848651621175,4.8963649309170707014,0.92811529767237221922,1.8957686196946825774,0.017537235904871772973,10.373744374070916763,0.12361467788400168355,4.0892870637729732408,15.869036090281593232,16.711940933908472573,0.035990529617441126276,0.057131838574989685098,4.3079639355401768697,0.20910500872458714916,0.3487304625382154355,0.075827104654442964438,15.180740667859351944,2.1885245859359563347,0.016042237958076126236,39.573433424371692979,24.168278691961091909,1.4023221361629596426,0.11103852940901096091,0.20843426275021684213,0.20563706726286432036,2.400085860558139661,1.8005239461204445295,0.39618047395796135435,0.46450528118610306949,0.02178906695517926484,0.38332319933913461263,2.9947892282814549958,0.029457300735054776225,0.051730499795112842853,0.14063774320873728696,0.061792374485552234442,1.413688117765355079,0.063329062894132259753,214.5911233081052103,0.50425825130485968373,0.53171320570936519978,0.055870791428828635306,0.55988632319161080186,9.2288361420426987536,0.49813510398270027801,0.72220895227951376061,0.066808509238351104775,7.814138457548832406,34.249538671996148764,36.585669016609969617,0.1091397533766922251,0.48944400287835415631,0.12358455781515492733,2.1031781358593244491,0.81526227752530044945,0.055849242605446693111,0.55058162916038666523,24.522705331405752815,0.017263612588021292477,2.5537370825806857688,1.1380750581150280709,4.4144365341240554557,0.034892613441928864437,0.24455946330618086315,0.037380810523020925606,0.081852522480990508313,8.5557608343941371487,0.021175587317254711273,2.292188267065856877,12.285132749306244548,5.0525518012236307897,0.034044540763085433255,0.87442423174507455386,0.042724345724221769738,2.5360113635108429975,0.43983971154166201512,16.994115434398725739,3.1130937269342799922,2.0555105957369792513,4.9978940663702289271,0.87683825428845263428,0.026683657981365464101,1.7459969484464941125,2.9404783804088627797,0.073021976941751554069,0.080857417691210936583,0.081582312017185951158,126.15512761325985025,0.029503119671039999133,0.65805054482171165819
34,4.1216262051338166117,0.021910283745736114369,16.913550434702720793,0.030872521483214971499,0.4029417242519613418,13.79429404983480012,0.00013133368136175453157,22.024921555220846159,1.2800520952286467136,0.1374436528180646433,0.023272715350373791854,6.9277428843193202823,0.032163518976430702234,0.35788738865034014358,0.67094097635070271135,21.15606407883323925,1.5824337529361558463,2.0116452103519573136,1.7069699240436795318,80.206477292353937969,1.2148914055973119019,1.5027591421679316053,16.885784146228921543,0.65288918717305366446,0.57326082383411280929,2.7622958825942292016,11.464738791998708933,0.069479967191171485008,0.19739416703443418699,45.534023815882697761,36.575737481341462853,16.311224659257856473,0.06893009446434118781,33.659743473843427353,0.042982343685159712932,0.18290074586705104553,4.1740447419661110828,0.14114275401205517158,0.47920363543068467127,0.0032084342220633828985,0.85270472313472289727,1.1648212161506286133,12.965726906609004843,3.4656680133804163013,8.0388491031624180749,0.87502009862916307892,0.00026249064260917923672,0.010555819543045883574,90.99726003397560703,0.014724605192580689228,3.4412732573748754383,2.4690872473557470279,3.1671865325451844519,10.595121146927217737,0.018686715002891395032,60.467569258775981211,0.13883083622655714717,0.24756503820986688891,11.657110249536872359,5.5153721319682844637,0.016354671685634713379,1.5370070310855603601,0.6638144357505678661,0.78667416746207696754,1.0034257092704408354,0.49003615260412858312,62.511457753044354035,0.065918323849771948142,0.0026267126500717375565,0.035820261494108128486,0.15819044556799088941,20.061289638970144722,0.33958217431672804709,1.3185701679632308991,0.050993924299775311715,1.3656501463479600034,4.9052303945515616235,2.3820687380588130289,0.03960480829663202279,14.884985670038267003,0.38404792478321070348,1.9135383191337957953,0.56039172337062181928,0.21683277726719030198,0.042548950688891799821,3.871051796890719654,15.390823021466664144,0.0608890945048882401,0.046942184381724920417,23.876596513394634513,0.15326898519109330432,0.056088368523064854876,2.9390566581767720855,0.0018595161797063210814,1.1150232739081835653,1.6476093384598640146,1.301447242592197906,25.076183751359693019,0.69414309576877541996,2.7716285947537753209
35,2.0161215327131256636,0.0027771373918385761775,0.37372548025374913161,0.017378576744593594861,0.54914314124549523655,0.0011306029349177559255,6.309531966649688961,4.9423649927745065824,2.5386254471498856944,0.01103412267798828568,0.018254251853088949292,5.3251819395984387739,0.0057452243727208135785,0.62503448930110949711,0.16625407419107238183,0.23543681560635912331,5.3428405898391027051,2.1790235054351390076,0.032883201628500099978,0.16841607424489896117,0.20427883730907067661,0.15260320036934460486,13.378577348955781545,0.26299982689237572098,20.856928799384508721,0.14160538414685677755,0.010369094276708788402,0.0019245440223082533725,2.1726826074294760538,30.595009223537037002,7.3096356133356952256,1.2640376664528270023,0.0040002842409942321669,0.042934102112091039605,2.4643225384330271766,4.8109602941214708594,1.2223049122393863097,1.4744468851023602163,0.018467155381489908095,0.6921039551255074862,0.53003898996202591931,1.1170434675755165355,0.054033861560921603306,127.72942985771906876,2.2006631728793437652,0.0063201842761669915771,0.48848975484961176807,3.0114126662198970052,16.915664614836078528,0.04371022387688423827,0.02019182027410047417,0.031700035603854523347,6.5000085381721488531,0.18625823441722100249,0.039446645631202627291,1.2730871218993755623,0.78857419697375541467,6.5836453385324595899,75.518510739022957523,2.2525437039642177695,2.1532866494321383222,0.008410812209999689662,0.14918947493457634934,9.9330400580226889673,0.30449709798903557001,8.6951097742675926838,23.273349038979912251,2.8787242446624694558,1.1556065937269512922,38.337335180531724177,0.91218778951966639212,0.22721982275737853674,4.9335773104307589776,7.8927918053064063386,0.019924031271506083274,0.74953709551798686217,1.7087410950343511207,0.41794989849809233151,33.673930519494447822,0.79209232780545579811,0.042284594886340481912,0.74321922374202042949,18.505028282446644994,0.36839790669983024651,0.003031009095351177348,1.4482974522745442059,4.2857279008350781524,2.8273274346093488774,0.11338566231437000043,38.023052087841165303,0.11025357520284105595,0.049436580480764061307,7.7251716592450865306,0.028632933673371920025,0.06721894161944963475,81.785776747695507538,2.9049558644433490784,0.16044013133157322692,0.19912335315268783753,0.039311165359995965674
36,7.2596815619968158018,3.174156286412690875,0.08007744203439101649,0.0018841230795540720149,0.00062426658262286786796,28.226946836378832728,0.02314892508832213508,0.82509537431446167144,1.5492556100886989423,0.099814960473200917135,0.00011885547404098426808,8.1629295523740061924,0.0031024703596392129087,11.643541278185020715,5.0807686253088437667,0.03304577242521614111,0.0012470706815112895388,9.1614273425830958786,50.096941603900070561,6.9669117179260569017,0.5594647409751569711,24.163477406165341677,2.6113568392191930378,0.015153780524178378161,14.74131877011167191,0.0097247478876563552691,8.1653520336322742423,5.8380364096983905497,0.62765189978087554401,29.319755995785527602,24.481007446744552425,1.5728485852004649992,0.020326909521260302927,1.165420061811669461,0.013717875504469009135,1.2487241537221489551,0.0010230480284658478776,0.026584653743120908315,7.4925646270013626093,32.209413480511940975,4.4000517033548431911,0.0040269018879481007292,0.00098734846064388315234,0.022745106096200218976,0.33461964204481686735,0.27499426238826890634,0.47819511656310476067,0.31463029820939930614,92.018215297327003555,24.980622394878242432,0.039070343489515414748,0.0048961257864272109824,0.12133616563136466471,0.27589895175312784126,0.0068399324287554989429,0.76270313670650302651,0.65397696007370675897,2.7596800024117476013,75.216727168279831517,8.0463537370008122451,0.30732634052151808213,0.032319036016724624061,0.48821807572154285459,0.041127041392848721901,0.12922316167445363488,0.99130353911328517036,32.342450069762989528,0.58026624425785244821,20.096600368506148726,22.965005247093991159,43.00580768072347837,1.0993791659689133855,52.736265187332243443,7.6586119637602028121,0.0060424817219374375027,0.61859156919725621915,5.3372824353567720479,0.015298080369703110498,6.0276556105689724774,7.865001941816641029,5.7272768125495625569,0.16534295951409558323,0.85997123313120860111,6.1883185791269559317,9.7615390242502204643,62.646568246573160366,0.036843890573321338988,0.00045138578486086206824,0.40861502513595221453,26.684740217172489452,0.025565713657291658928,0.20809333807615734702,0.12785755140349572279,0.052548771324529425231,9.0339347617719152339,0.25281805798497514193,15.331509110701087906,18.22382804492868047,0.75954778253254284781,43.18345209041176247
37,1.0191282356832949141,8.6468331494080388211,11.17830513205606735,1.9703551836847237322,1.4858562372560224496,1.4752099517695740349,0.042339468230291207873,0.6141146058612881875,0.065414355984488567475,0.77047233861698460888,0.0037546077878815179232,1.0724413247645834257,0.68899256695699284681,28.450742332868667717,0.0015000002093710133964,1.1114625152516734996,0.18406303662275702582,5.9900505121986453716,0.17862027706842836805,3.6490786987754706416,0.028513920494498419533,2.5250636814486071557,30.498446469240413137,0.012251128408865899488,1.3988733279375549223,0.044557782907869068756,6.5066950700037660127,0.037030904638744983892,0.0032639463965060408826,0.17661565216329358496,11.253019421867419325,41.307296802926288137,0.27924632791848125191,2.8017282126527729424,0.025309132653436986621,2.1108481974089183808,0.13695806550751532527,6.5895000809287731514,13.619126357751060397,0.098821302418010473212,5.6515730224540954296,2.2376728045768206066,6.0368226735991692422,0.71903441197570239218,2.0062844756409665692,0.91298672726585650139,1.6779779285152203183,0.80533846594261560004,2.1542259009631741229,29.172479494519780729,0.40225178672787692546,0.61886906814513364949,6.1014603568720078286,0.072903352165791746042,2.1203981612213049779,33.625812254717800442,0.19021902409362029251,0.45900272904617045455,61.141444505987365687,15.657971812571364723,47.199032630997379556,0.56067338382082054782,9.8135974992124008764,0.01173162993341317524,1.0095256005412247546,0.090987538747336241252,1.4619104320749856107,56.213858270486475988,0.0016948604455000639956,3.3126233176037138684,5.5976069587335910427,0.018016788861517595705,0.040769991268489173819,1.7076039070545734333,0.25804536916017095649,0.20622780539789126175,0.49531334112493957678,10.157352584701706988,0.022812950427904328532,0.063080488662225486785,22.868146351036966024,0.073672223470645586962,0.020830970319684189579,0.063184824379282009121,1.9929854627479475226,10.597818068882947529,14.017704760658423524,0.23215685220463944116,1.1682708741480545278,2.0228541436339217974,1.961867669944239001,0.13263514783174598644,67.555229591620303609,0.24131069409478334009,0.49406568066592643218,0.56793086379774648798,0.0086557511886680461866,24.59949231261701641,3.841138114755695554,2.5582022752516118125
38,1.8266340798101381449,0.1191367564488991504,0.035079275362021981877,0.16630982084309933744,0.00099531751752680278252,0.73977266872495472949,20.529566730806550368,0.48857579148489671539,0.38446966553342715178,0.019412702304906319373,0.018918826514358333402,1.1210703469318419323,8.0779746088892672162,18.970692420014913182,0.011763007934925493597,71.368826069082174968,16.732680478119426937,10.139182249484662179,0.25410829145333463375,0.35393648668680777192,0.00076355674125398005029,10.052121896399359713,57.55015573716423205,0.035687658195716565057,18.263266606264284775,0.067794918240025536793,0.36098446882285240012,0.11556430598639123863,95.134381820564698273,52.807375646605308361,5.5827452760814111343,24.963654832243456383,2.1527263957944939854,2.8293161470361463117,0.032661573196062831936,4.0945844823227277587,4.9794503898907720441,22.746500670986023351,0.58765326273715146055,0.00020181529794275227538,0.16305583251116032018,2.4164654009448294225,19.036698400735932779,1.4584719562245609392,1.5417011937885853889,4.2593899951744012,0.52051834110059980176,0.066206154854118057229,0.97631924888779075822,27.163129410292270904,52.466733225502956373,1.722174264645631947,1.8156534510471722399,5.0205004293326815912,0.0048027783346091743044,55.119432770550311318,0.54793919875656049712,0.0092762247403066610402,10.242257094721423982,1.7704140905986678334,0.13946646192881867465,13.093083560750132577,3.2713930778195519089,3.7910272474025470402,47.825290234762839248,0.0037869414632314937937,0.79891821622917813528,0.025745732086602291649,0.016547346864473233552,48.15193316983029348,1.1817334650186566147,1.6961834553911012691,0.0065227104816783587973,0.014166206691725989619,0.61034491041691818491,6.5343609697887803378,113.54248075000268159,6.5430808991895546001,0.029942152233097991954,0.059695778460267780174,1.293017312716459255,2.2280846997862844283,0.071629463719176583725,6.5775250582680389044,32.331997035711289357,0.0040947393481239775792,49.449885359976761379,0.1517403669090704732,1.7460304729775422139,0.33694463296258281293,1.2327859328108123904,0.38890130917229692731,43.095131226347490383,0.19428461366345120553,0.087081363236565165198,43.297070345622216792,1.0600381754285956859,3.4034285069664398371,0.14568552095286951831,0.036932145786761114148
39,1.7920342454229540863,0.044233360098218980905,0.82126221254144327055,2.4690990466969742201,0.15381266492737996621,0.064554321054587152084,4.6243378679919677765,0.38693704944936996304,0.050781213936838487388,0.16265223007599755034,0.60202577803008328061,6.8339742239544731817,0.3649212892026722499,0.1648109308838416609,0.0510628718367726539,0.0027278620936136690686,0.27330266050884344242,0.41155441744405646398,0.22332338320178329871,26.172664354568752287,1.4414979605446591737,0.023485346404893230748,0.68315247328006023508,15.93018477457582982,0.029241416347798660641,6.8952910306023920128,19.690058524959528796,0.070766908219627569498,0.044579775311682383332,0.61191272310913347177,6.318416885934760252,0.016373853567461949671,1.0897378610422849832,0.84837541315002418241,1.4323819916708195876,0.28266210344982650726,4.9530856417191682084,9.0561970927619910299,4.3148930354524273056,0.068976035742927474526,0.084976848142238298189,0.51507247080395723859,16.402198637815537552,18.514462037755077262,5.1080639415703261719,1.3709255087937544104,2.8599493377283415896,0.91188760957945802499,0.33946154548220358604,4.4315366442147441361,2.6250459256164315747,0.79505603232711385964,0.016419653031470533844,6.9426841769803759874,0.049075760341639254603,46.068194160013476335,3.2412991302053599796,0.049117925733266350197,0.23249097675775065586,5.5949954208613865703,11.396978670604168471,1.0830701217647047407,0.015395039614438906991,5.5952559943647219853,0.36256458268376362541,0.5756504511931747059,0.76304984362234717921,57.604514392122794675,0.30837433492921650924,7.0912481346704776541,0.46435449821991542363,47.812268229027331756,0.05801384471313243002,0.79887882162601442371,0.051135769993987903459,0.48220186266553655141,7.7861060224944980135,0.14237519604695406117,0.21702125650978343341,0.97741953572033701825,0.083349114487186584666,0.18872913697318063897,0.91532963171665071567,0.14835638379558488409,1.7983006153977587616,6.1141190155912426007,14.518444760825763851,2.3863871889660881465,0.031926459649311046685,1.1421773820995881898,3.7784286808592359996,1.9608203768961516289,0.46337310105528362048,0.1165685298605923792,1.8354748005362531149,12.907567340732777339,0.20869296661969855,0.43727991201180499425,1.1653801865193069709,30.123964872637984058
40,11.19364565671092393,5.3153395521760611331,2.1595800265889391056,0.12656898854896059259,0.3419728367523909851,0.026115475318125074,0.1540320054357680879,1.6767514660813629401,0.36043566908420776596,0.046349615125880878896,0.0099998743475904379452,0.36536979042720763022,0.025912103263615478971,0.29037215193479010145,0.089174502993238868864,2.0997686903384531476,14.633747624176132618,0.85721543162463509358,0.22993225442966402916,76.215576305346957042,0.010332312420028931521,0.2920435489511208349,8.6006476488349434817,0.41093744105394064414,73.305678440212972191,4.9131750413805130862,1.474287158559309141,0.025339836751115802499,0.038110669852385065104,2.810955352087089576,0.7993317336795207062,20.485696100651871632,0.0022374898943647199279,1.5770898048469195185,0.36830574221930956202,6.6233235621371813195,2.186360170232866551,0.50133177999504163758,11.253911672030874058,0.048662381275747998433,2.0047413227272037339,0.4357405450927543944,34.67455155075401052,1.4869262443895312487,5.3871989804540616475,15.513992285672435045,0.0011959233402227700902,4.0891598637488240087,12.624747159725931311,0.081616836393577002484,4.7626107423064008017,0.29205698639995136823,40.847982482995895737,2.3255604805319323169,0.1312773392049904897,50.004173059474545937,0.67760869649689614569,0.078412297102128228343,18.884464096662561872,0.010424333272055158819,0.021547047635247795067,1.7036032722759464342,0.26025275947623000006,0.75012040631750676045,0.78812586334494361129,0.017463587838830989946,2.4220332008311293848,0.5076109239201220813,0.0088834868562795536728,44.066725585956397993,0.22720998160193275894,15.388809969751843454,0.22698027080178390102,0.040490662953651154754,0.00059883628207968366431,0.066607818395308174275,21.437584435362126101,6.9240137414101630142,3.5870707009966489309,0.55072213420329718669,0.0060364854107735933797,41.162877151990748814,0.34402340926002350496,0.14727930921329274172,0.034198404824069245089,1.1258536885912417969,12.97634415594109214,1.0147187604563703278,0.013744708634736060165,4.1706785495429157251,0.065725016479419723359,0.015641922090407125306,3.7551866891305616392,0.016226808233551485994,0.10469558654458430147,4.2781879473342510067,0.59892542812864324464,3.885924359231311076,5.0746853092284149866,1.6586754648663708522
41,1.6352981811880842322,0.39408867933901520209,8.1567705138144948052,0.062532349869996270431,1.2607951157512551355,0.19632297349792979246,0.32467909498640706856,2.2721707636970256416,8.6077929666492742911,0.079815992695670384682,0.022282529266380506766,0.066172389712708751253,0.52721169941977630291,0.0074171645155899660826,0.0065779093095099843216,0.19196888412119053613,1.5969735037033387925,35.792768902308111478,0.72918153831589882508,7.2976749168664207801,0.014703195780772745568,0.37471991565685375258,8.1087225945129972615,0.64625160608444920385,24.571065213981768238,0.17816992066378303794,0.007179533474798229474,0.073457059667226334843,0.13822603806290925665,90.271126982776038972,18.43392907146390769,4.8697156257105023158,0.36981109578475129807,2.1553725134803189967,0.19131629055906240744,4.7107140006905163787,0.16838743245832304973,0.012776583799071058664,7.1900521281607892021,0.030596311518891725761,0.91574051812832224506,0.34022619748567339837,2.6289848405089193406,0.74820857313672106681,0.048316418980233824532,0.082660053892302867706,0.33489269540911048573,0.1764218813886448689,20.655870753709645982,162.9827130270722364,0.70730819487116114441,3.2336866864137570055,29.812129712586877162,2.0537293108599525837,0.0075489464179211360206,0.81227342259372459221,0.0072147272559194277827,0.43942157014332394738,29.391859127573358279,0.90969402403374544086,1.5623895499653173147,0.095512440736397585805,0.35447462813294261519,5.8581052185105626506,10.322610111621276729,8.0073659361755886721,45.468818631649526196,0.42650172428783300616,0.046678875912298953277,1.7282880905915545267,0.2574708503218686162,2.10994986196255363,0.042205378855719337394,0.94503689766885590195,0.013339687238026762608,28.362768411975189053,4.0169113551028621245,22.754095174520166722,2.262175320939082912,0.0051148947332390589174,8.5785672173133917795,1.7540420242356531411,0.43294147547479239213,1.0674232166907595687,1.1773086570541679841,5.5280341449079264393,5.2108281828672300406,0.42525556449300738748,3.906925865801431641,1.8318486013638937138,4.103800609243494435,0.36956189825670410221,0.03422837651701277073,9.5490560249574768883e-05,1.1036326596284664614,0.28274086194451270027,22.782873750826816206,0.099079276533653878878,0.26021492053518607834,13.855982835175549184
42,0.097282727841427371618,0.0012987904689381419773,0.70858098139856506847,6.3663354800263087796,0.0013713226512059486627,0.034830134440644366922,0.22401242898836473683,0.32117865804493206383,1.6232153104986177805,0.00057664881880080441981,0.038142499856691748639,0.14262555963164805228,3.0900972905237167332,10.753644545513358466,5.9658779005953179299e-05,30.313742434202318066,6.374364279740387218,0.30142630661151686988,0.20468274501936850607,1.2721372889853479471,0.012033448457968340742,0.71854759652641142509,82.956531066210814629,0.03257397150770346278,1.1470989944342522282,0.39692874349801943179,16.384367299452897271,0.008929480222455214028,0.012560699105095590039,38.614504959244591475,1.141256220385203024,0.25305157069371075895,0.0084698948878747203073,0.51311287289281293234,0.073481331386141018891,67.362994301231694294,0.58587309433901080258,0.040005619970896480475,0.018325219015586931282,1.5465623630863376547,0.98427617044377890831,0.014171642614967313104,0.41596987832956977549,0.67741380899865621945,0.0016096652833557801698,0.15246183749808067676,1.4212022282347007707,3.7401254498521843139,10.597207326959940943,171.55598485021440069,0.12885286556183886408,0.75892063555680366882,68.292029316121286797,0.29826182327478839573,0.0010662810396971269655,6.7888427168479577034,0.20201458785707579469,0.28725938128778294445,3.7372638202286072584,30.855594741806985581,0.12373514298014129387,3.6347489118519225038,6.3040830808789092288,0.61934330277968385747,0.019923921880711233795,0.0050548014943888001232,4.7177553960134055444,35.731905947701442017,0.02131267261234875629,54.820327508916790293,1.5377375591768704943,6.1122128277261174034,5.9827474004238005989,0.031622838486206450437,0.0048340902730080502828,0.0086871129539327508057,12.889027897067926176,0.084947221852597357139,10.050239167823772135,3.7521809079409766952,0.146156118944187563,0.094518010671586979998,225.07950409657800606,0.96069778296533980821,1.7677759314474805752,0.0064828539929724510182,12.931252621431157834,2.8760219319865432119,0.26287790207716887902,0.73967854320154902137,21.336632793897639004,6.0844417290277785781,1.4587779414269741451,0.00034925145004104487037,6.76284033219565206,0.88682018957702679618,0.027455608642936328578,1.9328488902441756103,13.658255047693858231,1.0297172247164725345
43,0.0039563693101189144341,0.480160225923921824,6.6536665532683452184,10.249865461345503803,1.3079792246608579198,2.1965396308118023683,28.51562268151498003,0.98662157874471412278,1.3113921915744690683,3.4156969888235666488,0.0013717387405634213007,0.095969673165322164077,0.37051882006729058849,24.77200362154388813,8.9882395203884541957,1.3666294571179464779,13.78732251834371958,1.4867921653132192272,25.542145335863654765,37.550385011026797599,0.020542471437865295752,0.025296531478801981274,35.296200955570903091,2.4045270581279885036,40.689943711839632101,0.437954238157200193,0.45117298175072761968,0.32932169989760728956,0.34348928995626487604,4.5493228219366379506,0.023477252549544292554,1.2840881197941047542,0.035135311609047807646,5.0899111809019306207,0.23998651237068188702,0.12561265479644007081,6.9096566455894832259,0.23170171615814594279,111.98543237628659597,1.0831213637608656519,7.6823466156154038842,13.993417625617842859,32.500167041383683397,0.015767639627832376326,0.000182316165678490696,6.6232431802574343038,0.89929879762723752279,10.766398472182514112,0.093453721549913326694,25.329801173217624921,0.093163204195505389116,0.1378658191452404036,2.1589464451912636633,0.027693318294363424015,144.77736245602221743,0.77973540894686244052,0.3961432962599585883,0.05068048430493612283,0.93319329732188616155,1.3056275907849796969,18.249447789729764224,0.77618716649207564195,2.7542138911548215141,0.16474355370854154579,0.0053344010221555403228,1.9834531852380143935,1.1631928098431354446,58.035926763131364226,0.00081591235834006651303,25.372241377785229588,2.6009693633716812755,9.6227917794672706009,0.11132998574248029189,0.027736944911690968735,6.9639694943268229941e-05,0.40946473246367809384,0.026461148550447219363,1.0735236799102114702,3.872492142620590716,262.1857485575917508,0.00043088690815530882863,0.10754416111824763314,1.1822833798730922883,0.0036382795820697325963,7.404571357065051096,0.79586098795598081423,0.49890818388416752205,3.0865550178874996412,0.04267378887781234087,4.537127031180774317,24.483197794482819631,2.2156466488391899361,0.18826009456245357265,0.0098829129114965472841,29.588254738770032759,0.2955847850086297246,4.0629519410187882045,51.276654811792489852,11.029408624900472802,46.120164667522338675
44,1.7936765287297338212,0.14318181522637066228,10.78870861027042416,0.18911826097398004576,0.10547401227766944887,0.048937548082388378223,0.18381305564452310453,5.4063675435009166392,9.9622822759079152632,0.3147270467059193888,0.0029662679805321921951,0.54149222199208502104,0.099642774380895512976,0.2660324148274960665,0.019921439403242251209,1.5839731514108401633,30.095916549137992746,0.022004158331839326207,0.67072304321540110461,11.003099526487508442,2.3283150812297277454,0.0039914853408414760483,4.5689869953665436242,0.31310348376196545095,9.1272502643302377834,0.70024036365717268193,8.7289716154070955412,0.49959460489711382536,4.5001096446802209847e-05,31.702029049649702586,29.263865583170318274,1.2044924908782925765,0.94082844451533187424,0.25000875525270166433,1.0411812663129649259,0.0083323148128653986427,0.12237791682582017938,0.014985421240570485912,6.9862065608957291118,0.0065806471644754621284,0.56222456768757711476,1.9852748274963052388,3.6273594980837891022,0.38305328131710658646,0.30320411717450157507,4.2537972510183745811,9.7466788886161150884,0.00017072670876435095256,37.338845148189548695,2.8005088576146786039,4.1226946716888441813,0.005577091561256174515,25.49593066695296173,0.35328618272480039053,0.082987622758705095749,2.3279759803785240457,0.02745339708964291553,0.64898533884943554462,17.899070001501524274,2.2137372973581288527,1.4479866220629931117,0.017567887491579319698,6.4711247094932637935,1.1945677725062142649,0.12439375016568926524,3.4838364712909437593,0.057331443144424919234,102.49889101439319461,0.048831666101333277841,2.6236200725025828895,0.002247453602800539036,35.083073308140654945,0.38607885689066634427,0.0028900969791340390229,0.046507672964861718201,0.48318990725400623454,0.39732169612462314712,12.288571923766566485,5.512907669688446255,0.7551047295099844181,1.249193421793261205,0.044542097455106510751,0.20080935178648839923,0.10426461315026384902,0.62356831835527959385,24.604025541890287343,22.950628883983220874,5.09933528481074827,0.038416229030353646334,0.29867926705975844648,107.4915923979967971,0.054750101066282967632,3.3481551279739267812,0.11457670340562522981,0.096764956488060618889,5.6710709391254283673,2.1552461222324152956,0.034222528409893343548,18.552818678047856338,0.084639093888846328451
45,0.0029032557480384996174,0.012638448925133455997,5.9497245938456311265,2.1996059994953540695,0.0041700688003572699072,4.5494426485661252357,13.185958279214821331,0.46292799891811192703,0.83597198096695268799,7.3727295229832030543,0.032776531522817425879,0.079349736784682239898,0.35490518958620759227,0.23068528630220785924,9.2886251625366202944,0.2537041138689867803,1.1403605542180741406,0.22527308409082985596,0.075620935071773948133,1.8987519384723214877,0.047949422428211110891,3.2253130232020281731,11.351003238693577302,0.028723229816979285733,11.880874864813705472,2.019759605665194524,2.9832177804958277534,0.0081545220536443762532,1.2827060168962347575,64.403687702321349207,0.91201790191150466924,2.8761258723426728068,0.015085053448532925388,0.47230975018526411002,0.89426911783428375546,28.675879470617747558,0.062638220921418102938,0.32873048418426248363,0.082367453995606673689,31.823613352761473294,5.6080365301596755145,0.039733473540783798006,7.4451119707604096476,0.076936153488921132926,0.15393584071543767178,0.013999256278737617909,6.8827270721744682191,0.41126500841219415516,4.0986587202831916699,1.6455846519434851327,0.84407002148552900955,0.23503927710921204697,48.816789560837015927,58.185139515409076694,1.5331891295463204727,0.1666214875020431696,2.3729174942214612543,0.0058862589373982606919,2.0421903728395407462,0.57867133247335234003,0.011548545747970302353,0.66454169192903456143,4.963927821130407203,0.0044587789577131657637,0.058227419969385747767,0.21565453166937692542,42.138071437956227783,0.021876896416738723233,0.034297549349111562667,28.514293141011467725,2.1750692583964026383,7.9178287433435974307,1.541416748595304087,0.84260724528534158839,0.0019953311174803157677,0.17173572663083447321,0.20366798366871943782,21.359681703217152204,0.70486403820959109279,1.8928250523014886753,0.51413913244344733311,0.18896673466754565496,9.7909722360658317797,2.087250893219695147,2.730755926722293836,0.0027411367008674581737,11.094899777399918506,1.7575812787909697033,0.50472789856051603063,3.3796195636139363394,41.071047709399387315,1.0120261556877645504,0.0052444015264496088302,0.0013827369247101572655,20.101511209361483168,0.50548090316540905675,0.90837811630813414254,7.5776453434237298623,31.531177587464640055,0.35304047431874024943
46,8.4598235057017525662,0.022034407939939291976,2.6449805586542440849,5.2963315026951320874,0.00031503340004392701166,0.13639501458461336658,1.9910003855524689431,47.956181220887351913,4.1036629139747127226,24.211095174415746101,0.44656650084513316301,0.10253255540750642882,0.0063665725942929265319,0.015841723155582930482,51.242951867570667446,0.030503955707234374495,0.36864649778874458708,1.7997787512376270946,0.027738601695905484162,0.23269997336248496311,0.038751843880313580071,0.081840004779842656646,8.3679411482200567463,1.0872197467215851674,40.157802954407848972,24.093905636488994304,10.251748062535535055,0.026962321086104294732,0.14852844876268295193,13.261034355223481285,72.20695110473133127,0.26943609928088413374,0.16848680865208431889,0.039772622694805852273,3.2140069110093061333,0.037160137576922241953,2.0984707503538908568,0.000756441699719121027,0.01625382562619346119,11.676823707000506758,0.060040080676608917343,0.020211953531332507022,3.2233740355633337948,0.34880385075503311798,14.557131592237523066,0.0043582863366781040768,12.243943909747292409,4.7087586790625772792,86.494845591221022119,4.5913911921214669576,27.161278305962547108,2.8273433660872346884,0.94421343987151118426,43.035768018466292517,0.7239152233150257798,108.48939204816905146,5.2427970568167374665,0.00051233075502838635196,1.4284159251428496518,1.5716316137521151308,0.19983649817995505216,0.003886330828887464648,0.28398954289187372524,15.76706074673928093,23.008837112370315481,0.044118391029261641578,5.1738915997280612302,9.4824357773561374074,0.014764577376237384213,0.022264020343731642793,1.3902944096928100404,0.91512217324990130507,0.234639978341753902,0.026235949345685651707,0.099704975904129203301,0.019652339578053505675,0.11372461830540622763,6.0101273343428927021,19.545417540831099501,64.019424757305799289,0.041064829962758182813,0.4407534307541798313,78.271320369414794982,0.1012236034261362605,3.5962134417769293648,2.4813401337345624142,1.1766405576253795573,4.8866603426699857238,0.72204415694195656084,5.4489934981377405876,0.18809478384394442974,29.64839071915400126,0.0041951533294714103001,0.00044102712824788239737,0.0041405427616381619213,0.61996106806804440748,0.5993084127272220174,4.7355479267034912283,0.11641280684247894139,85.183401274577718709
47,0.011000470636863832544,0.0056100740282605124701,1.1449315313345234113,13.082898153527253271,0.051493739134782320899,1.8489890560442980849,0.054615069404136844244,0.39540620184515279378,2.3695307270301388947,0.60075098722947084529,0.18779525736053359619,1.3090684447449421057,0.0944008033309870348,0.37933471139981450593,0.6697251291926735739,1.025557986721612469,0.39082309680943244645,29.7644257014918594,0.86389381795812703047,3.6634604174677649624,0.065497606420492585078,0.59715440109812689684,12.849286259927126252,1.4393981625558087689,0.5151494142135196741,29.988110807435493399,1.1033329269587168753,0.0015474172188426804555,2.1837352380685515207,4.1832820964736967539,2.7980549116682769117,1.2679143317622083575,0.006063772507876587399,10.097580754406649817,0.18065287015890038602,37.933553047743664877,1.1888032731534714515,0.1820203345037235132,0.04783029139010631231,0.040968975236108748361,13.201115805627333444,0.56532622924812481191,12.1610317934683696,0.40116925823785343219,0.080147785055995762749,0.27533189614492514785,0.36928445932840325838,4.019443870656210116,0.003018387270251170814,1.0737781133194665983,0.062590130380992661796,0.67175000781627269841,0.13689464491846464744,14.786215824258077234,0.33495744788201420317,57.89006498125348088,12.689009015446190531,5.4956437511400366702,6.4227745295398896985,7.2648992134730558945,0.34958497346012934459,0.014900221990443340142,0.014703963807571895223,9.6902207251699632451,3.8785564797259883818,0.10919780266634418475,0.93983196162686455377,50.961683403957707128,0.0053270798824632944676,0.23884367740320469609,0.63614120062682344425,90.521781453560336672,0.0096854773966617777048,0.027718519266168802767,0.0059037427280290519921,0.011483071907144908747,0.23032458008170819674,3.6590783063300063027,0.25939056916894676075,19.278716991463788588,0.0034195463032861759915,0.13558067905381579465,34.530295310545376708,1.4383744732262921939,4.6690664194342117455,0.0057179301468779373044,0.267697462861526847,10.620764884929219107,0.24193979801416645725,2.7970731621201845307,30.009512766040799647,0.59267526540397796886,6.149884393471724664,0.66934586364734260933,1.3041796753231829076,0.6769062687388671673,0.46931451016717734559,12.143195907136545841,5.0625632079937279428,4.1468177943355577497
48,2.0047187826456163151,0.054196580114321345201,10.087969641763713469,0.13222358899894007256,0.99912277137702931729,0.31890409075379327897,0.42012265919003410897,40.487593591442987417,5.546430248159656351,1.5681196806077772887,0.0087851583748504106369,4.0922380368024118269,0.0025940590086926331066,0.15442975113128312725,12.985580209327343582,0.24076964202816739102,7.662845722287466188,7.2625437643953318911,10.611434654252390075,10.724866592363655471,0.34227143774928509012,0.59730559783451731004,3.8084329632217683859,0.62225076179068239401,146.13792953688511034,1.1984680525035023013,0.039408687831485426922,0.14641960422831254429,1.8169704191317823661,24.365808738400360767,5.4297296899967975037,0.45401195509743530465,0.020081617513853979723,0.097176237956226763082,1.2623076858212796125,0.0023344917534895270189,0.45023497791060379525,0.53312976018638214004,40.715999278778426174,8.541176789092798316,0.11488442514718900933,2.590355696059174484,19.969205153438686295,2.2374985404154492663,2.221183866064061263,0.88353448957856173251,1.8687704737463448623,3.6878274127529699911,0.044484862918944489962,0.036820860770317494215,0.010790042435892412132,0.30791344911975959686,3.6970602059353665503,0.082033461542126484556,7.284942124251323925,66.06184193951423822,0.025091971921550115104,32.81543077502696093,13.92271648359863967,0.030193941739665358659,1.6699653588668124105,0.00081114523761538210971,3.4715516664438381689,6.6591418740178580649,8.8095136708629695477,1.6030875794437968729,0.57409468180045930552,39.903830607007002129,0.6747640082080715862,6.966071440008017035,0.016135263304289194919,1.9017456149595362014,1.7925221606945800357,0.64618642326242858864,0.04755977821080799306,0.73356010264492843564,2.2695326659606465114,19.889176418341492081,14.357882744321891266,7.9083640641378520897,0.04636640346909465249,4.0637332237196757134,1.5386552401482853636,7.4338597699032451516,1.3968632087525674201,0.2013519520263282736,0.73997726465282731567,0.13734970391129031064,0.43522965537765651023,1.2220055907065654477,0.47404985508146846307,0.32585944374653846856,20.669124481762963796,1.4456301899342973716,0.037199651987457185709,27.030285664093181452,1.2434762729286870098,0.065547459060057489122,0.54099598242159818717,0.081979859597410498218
base,1.7963677897595766719,0.29775973140377121062,0.041023502071499101662,0.18034555885188122137,0.11994534158548948721,0.27877318693537522787,1.0468834890161917706,0.60965351738594319997,0.14507824199845584245,0.20997139379498458434,0.0015463404520764112426,0.85286430733077334132,0.79210414040010523884,22.038462247277777806,0.055043502754985693115,4.1946726724526328667,0.36800604483990906335,2.6287533429120566453,5.8417946682080215126,9.0336369003659289234,0.11542523394867350295,0.035769014089962927749,2.2509566711319970445,21.603082674278159203,5.3834088325699642752,0.35992544793333991482,0.82888096504196839831,6.6707302978383360426,0.36551019323749650569,5.06287436488506426,2.8008768249335003198,13.432615963068627707,0.17161874799961143734,1.0795353655795807413,0.02483939802045111514,1.9843324531278716538,2.9378140835508337325,0.325215300811187491,2.2265960877234891591,0.087228154192713958093,0.28509341140733951425,10.341558174140089932,1.4849274338857998412,19.291875069825014322,0.14664862125351182942,8.6710728821788851661,3.5202014816005045006,0.12473912686598373489,74.517889954467250391,45.784249143772612456,3.0173800936258672323,0.034887797345108620406,3.5019578475485690916,0.12103450425588001271,0.089661321774964997111,4.0764449722849809277,0.058785611652044468534,0.079617869729335669082,18.378531501344873789,1.9314609561530537984,35.114488422789044364,0.25319142860334858947,1.1840881503400080277,1.097094892968802915,0.088846245341936649909,0.041517244660800735334,7.0331578980914075672,41.558390483325865716,0.092884488951427465753,28.412565598545047152,2.1745716415232463348,2.0072938629272778499,0.12946623286718816903,0.44144779395659727861,0.0079673554656888804365,3.3606256980188762284,2.5783087401101933978,7.1653682495129231711,2.3049134918633136238,0.1843689096676881245,0.87576622204782561543,0.38733941531453475182,0.051141308733630555516,0.12217557476521356818,5.9004226566335242765,49.029557618339573821,1.7898004710970587539,0.036415468385552880737,0.21433698360951591866,9.5365804149704782589,11.428548571741879769,0.10331348959921386743,1.0143127651342958018,0.62085767760329924059,0.60369307237286740087,0.14573353801995406198,6.9572591743171310341,0.53531301587612489801,2.9333642117803737648,1.3946288293662258972
