real_name,pname:p_inst:0_ptype:gr_usecol:q_pstyle:m_r:22_c:11_sp:0,pname:p_inst:0_ptype:gr_usecol:q_pstyle:m_r:9_c:40_sp:0,pname:p_inst:0_ptype:gr_usecol:q_pstyle:m_r:17_c:43_sp:0,pname:p_inst:0_ptype:gr_usecol:q_pstyle:m_r:43_c:23_sp:0,pname:p_inst:0_ptype:gr_usecol:q_pstyle:m_r:33_c:31_sp:0,pname:p_inst:0_ptype:gr_usecol:q_pstyle:m_r:26_c:22_sp:0,pname:p_inst:0_ptype:gr_usecol:q_pstyle:m_r:37_c:37_sp:0,pname:p_inst:0_ptype:gr_usecol:q_pstyle:m_r:32_c:8_sp:0,pname:p_inst:0_ptype:gr_usecol:q_pstyle:m_r:9_c:28_sp:0,pname:p_inst:0_ptype:gr_usecol:q_pstyle:m_r:31_c:38_sp:0,pname:p_inst:0_ptype:gr_usecol:q_pstyle:m_r:22_c:11_sp:1,pname:p_inst:0_ptype:gr_usecol:q_pstyle:m_r:9_c:40_sp:1,pname:p_inst:0_ptype:gr_usecol:q_pstyle:m_r:17_c:43_sp:1,pname:p_inst:0_ptype:gr_usecol:q_pstyle:m_r:43_c:23_sp:1,pname:p_inst:0_ptype:gr_usecol:q_pstyle:m_r:33_c:31_sp:1,pname:p_inst:0_ptype:gr_usecol:q_pstyle:m_r:26_c:22_sp:1,pname:p_inst:0_ptype:gr_usecol:q_pstyle:m_r:37_c:37_sp:1,pname:p_inst:0_ptype:gr_usecol:q_pstyle:m_r:32_c:8_sp:1,pname:p_inst:0_ptype:gr_usecol:q_pstyle:m_r:9_c:28_sp:1,pname:p_inst:0_ptype:gr_usecol:q_pstyle:m_r:31_c:38_sp:1,pname:p_inst:0_ptype:gr_usecol:q_pstyle:m_r:22_c:11_sp:2,pname:p_inst:0_ptype:gr_usecol:q_pstyle:m_r:9_c:40_sp:2,pname:p_inst:0_ptype:gr_usecol:q_pstyle:m_r:17_c:43_sp:2,pname:p_inst:0_ptype:gr_usecol:q_pstyle:m_r:43_c:23_sp:2,pname:p_inst:0_ptype:gr_usecol:q_pstyle:m_r:33_c:31_sp:2,pname:p_inst:0_ptype:gr_usecol:q_pstyle:m_r:26_c:22_sp:2,pname:p_inst:0_ptype:gr_usecol:q_pstyle:m_r:37_c:37_sp:2,pname:p_inst:0_ptype:gr_usecol:q_pstyle:m_r:32_c:8_sp:2,pname:p_inst:0_ptype:gr_usecol:q_pstyle:m_r:9_c:28_sp:2,pname:p_inst:0_ptype:gr_usecol:q_pstyle:m_r:31_c:38_sp:2,pname:p_inst:0_ptype:gr_usecol:q_pstyle:m_r:22_c:11_sp:3,pname:p_inst:0_ptype:gr_usecol:q_pstyle:m_r:9_c:40_sp:3,pname:p_inst:0_ptype:gr_usecol:q_pstyle:m_r:17_c:43_sp:3,pname:p_inst:0_ptype:gr_usecol:q_pstyle:m_r:43_c:23_sp:3,pname:p_inst:0_ptype:gr_usecol:q_pstyle:m_r:33_c:31_sp:3,pname:p_inst:0_ptype:gr_usecol:q_pstyle:m_r:26_c:22_sp:3,pname:p_inst:0_ptype:gr_usecol:q_pstyle:m_r:37_c:37_sp:3,pname:p_inst:0_ptype:gr_usecol:q_pstyle:m_r:32_c:8_sp:3,pname:p_inst:0_ptype:gr_usecol:q_pstyle:m_r:9_c:28_sp:3,pname:p_inst:0_ptype:gr_usecol:q_pstyle:m_r:31_c:38_sp:3,pname:p_inst:0_ptype:gr_usecol:q_pstyle:m_r:22_c:11_sp:4,pname:p_inst:0_ptype:gr_usecol:q_pstyle:m_r:9_c:40_sp:4,pname:p_inst:0_ptype:gr_usecol:q_pstyle:m_r:17_c:43_sp:4,pname:p_inst:0_ptype:gr_usecol:q_pstyle:m_r:43_c:23_sp:4,pname:p_inst:0_ptype:gr_usecol:q_pstyle:m_r:33_c:31_sp:4,pname:p_inst:0_ptype:gr_usecol:q_pstyle:m_r:26_c:22_sp:4,pname:p_inst:0_ptype:gr_usecol:q_pstyle:m_r:37_c:37_sp:4,pname:p_inst:0_ptype:gr_usecol:q_pstyle:m_r:32_c:8_sp:4,pname:p_inst:0_ptype:gr_usecol:q_pstyle:m_r:9_c:28_sp:4,pname:p_inst:0_ptype:gr_usecol:q_pstyle:m_r:31_c:38_sp:4,pname:p_inst:0_ptype:gr_usecol:q_pstyle:m_r:22_c:11_sp:5,pname:p_inst:0_ptype:gr_usecol:q_pstyle:m_r:9_c:40_sp:5,pname:p_inst:0_ptype:gr_usecol:q_pstyle:m_r:17_c:43_sp:5,pname:p_inst:0_ptype:gr_usecol:q_pstyle:m_r:43_c:23_sp:5,pname:p_inst:0_ptype:gr_usecol:q_pstyle:m_r:33_c:31_sp:5,pname:p_inst:0_ptype:gr_usecol:q_pstyle:m_r:26_c:22_sp:5,pname:p_inst:0_ptype:gr_usecol:q_pstyle:m_r:37_c:37_sp:5,pname:p_inst:0_ptype:gr_usecol:q_pstyle:m_r:32_c:8_sp:5,pname:p_inst:0_ptype:gr_usecol:q_pstyle:m_r:9_c:28_sp:5,pname:p_inst:0_ptype:gr_usecol:q_pstyle:m_r:31_c:38_sp:5,pname:p_inst:0_ptype:gr_usecol:q_pstyle:m_r:22_c:11_sp:6,pname:p_inst:0_ptype:gr_usecol:q_pstyle:m_r:9_c:40_sp:6,pname:p_inst:0_ptype:gr_usecol:q_pstyle:m_r:17_c:43_sp:6,pname:p_inst:0_ptype:gr_usecol:q_pstyle:m_r:43_c:23_sp:6,pname:p_inst:0_ptype:gr_usecol:q_pstyle:m_r:33_c:31_sp:6,pname:p_inst:0_ptype:gr_usecol:q_pstyle:m_r:26_c:22_sp:6,pname:p_inst:0_ptype:gr_usecol:q_pstyle:m_r:37_c:37_sp:6,pname:p_inst:0_ptype:gr_usecol:q_pstyle:m_r:32_c:8_sp:6,pname:p_inst:0_ptype:gr_usecol:q_pstyle:m_r:9_c:28_sp:6,pname:p_inst:0_ptype:gr_usecol:q_pstyle:m_r:31_c:38_sp:6,pname:p_inst:0_ptype:gr_usecol:q_pstyle:m_r:22_c:11_sp:7,pname:p_inst:0_ptype:gr_usecol:q_pstyle:m_r:9_c:40_sp:7,pname:p_inst:0_ptype:gr_usecol:q_pstyle:m_r:17_c:43_sp:7,pname:p_inst:0_ptype:gr_usecol:q_pstyle:m_r:43_c:23_sp:7,pname:p_inst:0_ptype:gr_usecol:q_pstyle:m_r:33_c:31_sp:7,pname:p_inst:0_ptype:gr_usecol:q_pstyle:m_r:26_c:22_sp:7,pname:p_inst:0_ptype:gr_usecol:q_pstyle:m_r:37_c:37_sp:7,pname:p_inst:0_ptype:gr_usecol:q_pstyle:m_r:32_c:8_sp:7,pname:p_inst:0_ptype:gr_usecol:q_pstyle:m_r:9_c:28_sp:7,pname:p_inst:0_ptype:gr_usecol:q_pstyle:m_r:31_c:38_sp:7,pname:p_inst:0_ptype:gr_usecol:q_pstyle:m_r:22_c:11_sp:8,pname:p_inst:0_ptype:gr_usecol:q_pstyle:m_r:9_c:40_sp:8,pname:p_inst:0_ptype:gr_usecol:q_pstyle:m_r:17_c:43_sp:8,pname:p_inst:0_ptype:gr_usecol:q_pstyle:m_r:43_c:23_sp:8,pname:p_inst:0_ptype:gr_usecol:q_pstyle:m_r:33_c:31_sp:8,pname:p_inst:0_ptype:gr_usecol:q_pstyle:m_r:26_c:22_sp:8,pname:p_inst:0_ptype:gr_usecol:q_pstyle:m_r:37_c:37_sp:8,pname:p_inst:0_ptype:gr_usecol:q_pstyle:m_r:32_c:8_sp:8,pname:p_inst:0_ptype:gr_usecol:q_pstyle:m_r:9_c:28_sp:8,pname:p_inst:0_ptype:gr_usecol:q_pstyle:m_r:31_c:38_sp:8,pname:p_inst:0_ptype:gr_usecol:q_pstyle:m_r:22_c:11_sp:9,pname:p_inst:0_ptype:gr_usecol:q_pstyle:m_r:9_c:40_sp:9,pname:p_inst:0_ptype:gr_usecol:q_pstyle:m_r:17_c:43_sp:9,pname:p_inst:0_ptype:gr_usecol:q_pstyle:m_r:43_c:23_sp:9,pname:p_inst:0_ptype:gr_usecol:q_pstyle:m_r:33_c:31_sp:9,pname:p_inst:0_ptype:gr_usecol:q_pstyle:m_r:26_c:22_sp:9,pname:p_inst:0_ptype:gr_usecol:q_pstyle:m_r:37_c:37_sp:9,pname:p_inst:0_ptype:gr_usecol:q_pstyle:m_r:32_c:8_sp:9,pname:p_inst:0_ptype:gr_usecol:q_pstyle:m_r:9_c:28_sp:9,pname:p_inst:0_ptype:gr_usecol:q_pstyle:m_r:31_c:38_sp:9
0,31.96268918852717178,0.031363359232173496083,1.3753318675104839741,0.087374309072781763952,6.6870819730819306415,2.3141227293880861637,0.68784906932087064302,11.88125283309390845,1.6107998406131789348,0.33025322950078100925,0.24243600969630799136,0.29042761010186390891,0.16208045905892090599,0.047741072142175933202,0.0014616271475337548093,0.30777016003975798952,29.695015453747569012,0.5560102156877408941,5.1894056513051660673,70.85960523623167262,0.26028273516881977878,0.41081515381984845536,0.017537892922713013005,0.0077332874504951673589,13.61480515095499122,0.28351541664695195655,121.61132392017687209,0.077879264449757956701,0.31146434077479001612,0.70351280175956698582,0.0096831295052452366623,0.0032233381930434575925,0.081957327601708762632,0.047704412771221768597,0.082924959202031800487,19.479547973020117979,1.4069875440755157392,1.4221514654121989452,0.080076191989172623709,0.71121372104837254913,0.12657077959379628429,12.220883586304852386,0.11384085391890903793,4.482001866531332368,0.60155357515072704899,0.01170736564986418933,0.02398765943672422768,20.093195503482977671,0.28109295730426475668,0.27064179685305150835,0.0050953156797388446386,0.033036674479186081688,8.5485284238524048561,36.425044173825966709,0.00047982281748838598659,0.072431499523863782097,0.029412399189309150482,1.3055794103441551446,39.070752506783854585,9.5208211959530775204,1.5905535553721601438,12.282227392802862909,0.033455452166055985042,7.940012076829296106,0.0029646478604599662415,0.22630301995768564716,0.31642648595978684067,15.81503019947780686,0.014002977498732830861,66.794448124931349753,2.0556425083178000435,14.487510237587226669,11.394532670222375259,5.6785220977083863403,0.014198944561158168345,0.16694277970583074056,53.735904020782349733,0.26324085905157473819,11.946343597458838559,0.68438882679413637344,2.0722057246370160222,0.00090576304327064159454,9.2155551666948927192,0.3931907988933241449,6.9040436169345023032,0.003804651852178537845,65.299057248744574622,40.74826220700602164,0.031853470804646538683,15.720193026680462367,0.61047817020412564748,0.85493446779236703659,0.013861916650571621049,0.00037919550165888828933,0.026052949602151365821,0.076273252959073459256,2.9955618721097110324,33.595658691117556316,2.6471682071012825332,72.556187805061497897
1,0.44301217002394777111,0.35156574178305494138,0.05377303245197770365,0.55397267680868289563,6.3544678212437911069e-05,0.003847891998997559574,0.13917231624613771168,0.028951979741058859324,3.3370012354118601117,4.8294591211075346138,0.0048973102163187834032,0.11382483587471976805,0.012066060009991394844,0.80712168875679712876,0.55818596401922404571,0.069425450717356382291,0.25897032168658745688,0.13007209570536698573,38.439761711863248195,9.540034791383375179,0.099648286402567842757,0.20469244320470342258,0.10870783833755200132,11.360684293396570155,0.40779661993617116744,8.2710670372562411501,0.26664741906469524579,0.075432053255926320712,0.010874334253804180186,39.412028773193455322,7.6687729364607974958,0.66535790215724455177,0.0071061437808826186449,43.636388593235608369,0.98519053178766136103,1.5186624547392562068,0.30219564522168573806,0.12001272250939928887,14.37075027457179921,0.027421477692692985961,0.67979974645253760102,1.3433575090360250215,1.0276602921724447004,0.012511412684551319677,0.012183903146924530969,6.2318193540136705977,0.0023506544333945699962,0.38020891496699271705,3.8455535484932874546,126.15490429329946664,0.11199231338556840665,0.010839165376259601165,1.8247222402999434543,3.8659993984112848153,0.099455654745965932362,14.030109254506022864,0.12983299847008891725,1.8748744393756020532,61.228762107218095423,87.09538342331417482,0.011337675275841037695,0.063407208587423685708,0.0162989664197301376,4.0328965181863587475,1.9021578366887941236,0.001152049269488636743,33.335808582262650646,2.2190795478573104305,3.7121596768061588811,76.520242329392161196,0.19652455017414419136,32.032582022812178479,9.3276575414731119906,0.99522048688033870611,4.351135977794906817e-05,0.016204692166798078529,112.58863456191164687,1.8716237349109585697,8.2222464399558887749,0.77242653945470385324,0.32252483981145224634,5.8072932376304011726,0.027111530948507611,34.7923895138362127,4.9089503813390829023,0.18011189998368701271,0.10290835092278639851,0.59258943285473608675,0.017565775873101690391,0.65993995431009000452,0.020496633190571107719,0.40748843194150530245,0.070560655325455329256,3.7092888697100621087,0.11823047818034042311,0.0073492602632363518075,11.550410095126387944,1.8142833032525753634,0.014386824415006689917,104.44790765700095392
2,2.7148045535846270226,0.22007427837727383535,0.053033705327443968203,0.60386770195871108946,0.0032386242645305422794,10.966037843539707453,0.028647466282240522523,3.4322679673303371217,0.25464531582385857567,0.15154573185239109123,0.082379395768717542103,0.15745755574546810296,0.0012584902690960931941,169.65626630071773207,1.0690325708392049986,1.1446637436674174104,0.3287870418389999827,0.32075617641508613609,0.0093758905270614496114,28.195122032477172525,0.93563946248350937651,7.2523548035096432329,7.955965406601412937,0.68743713056753152912,0.38211292346974656819,0.092147751557604934414,2.4995822182891762608,0.014978019598881314733,1.6731677352246407953,23.935546160689877837,21.583603372667639064,0.0095514152722114414873,2.6027060764785105995,6.3478621084522748319,0.13784378471265076871,0.38670378156555573756,14.513030962490093501,0.0069403629508865824146,0.0090625706835795790534,6.5714706058423590918,0.21199676534681469176,0.0078628542595839401308,0.72473235386460332919,11.680277285335522564,79.726014367586529374,1.8993983183838134554,1.6462785724588961944,0.0094375108612939715563,3.1861870028072560856,0.0044197276128799594871,6.7871161632025556187,0.03413340369165302618,0.10784565752778010883,0.45321791347322837318,0.013966507617337154887,100.89826627787984137,58.919013439212534422,0.001854931597948655201,2.8527897916673272682,0.16129151795435889283,0.097452944524993839748,6.7492209448419604456,0.084825568465508857652,32.512717262267820217,17.93423288311337771,0.0041150598511708472507,0.62443094660529319118,30.665875219639953997,0.38799960183775056288,0.15288491251716135322,1.0873512137440071168,5.1095892162130649439,0.11217254946447967334,0.00042968679330606751685,0.054328159530025087187,0.018914213834432456324,23.814212737097928851,1.6854083753455861849,4.6384447808515893996,46.708218729916993084,0.078598755001556511179,0.47416392029768950067,6.4718670970750444837,0.056864487355556679604,0.3907641092896723678,0.69908315798885700687,0.37540138902050240732,15.082530740893053789,0.24856169843101891259,5.5956784878200469535,0.066271088064666569539,0.53802781022768253472,0.099155995560066573224,3.2006640536668618988e-05,0.02835680480615561036,1.3705663601051347733,9.6036619171718093924,2.3524262273525402556,0.054844152177900673539,0.030762613165971453011
3,0.089927634212639703803,0.0062054796049250873086,18.539530194450680511,9.8015065867114792297,0.17329785479605852583,0.010846332447317790643,17.741912327600392274,0.10283031822483713891,2.1844895152096328594,7.6227223743116701016,0.011499671793699822384,0.040900701173721430715,0.24827598777942191943,0.064648294782438248118,39.276832177107586119,0.00063579516640613863154,0.67530802331417760787,7.0947582970672167235,0.41654664434803234663,0.015923134191621880068,0.35130638634732652692,0.25835759379149270121,0.21678142801578317855,1.3644429170821541497,9.7091657123441219568,37.45473755563751439,0.031512926521811993053,0.0012364076734437308164,0.11051911738205129343,72.040199189868758367,140.17483404353754395,1.1289607796432112874,0.29929237038363615264,0.052172029621782051168,1.2096525902931540841,0.25858429791534215392,0.28045639642493624955,0.064800500671694266641,1.9135545766037596049,0.32590673629717431536,0.011722094431864048605,0.13991235352192948893,2.4192359156235894169,3.2624152438206319715,0.0088717561047626600917,0.0039606442597404697276,0.64327227077565662938,0.0017332044918340738099,26.448959801214758869,48.240433372880517027,6.1802497818856068079,0.0072732520251713580692,9.4736157438202486247,1.6154541407590217172,0.17221880478982004581,8.4290534823775704609,0.000342472743166841512,0.049190677983035564769,8.7834078547455405328,22.214948921698379536,52.659516287725779193,0.00063767467703600123029,0.57771186254733652987,4.2588169381128482271,2.4589567684041280238,146.9855716588788539,45.472352777276697111,22.463452516645723733,1.0135624249085051218,0.430794287955084787,0.010458496774866224421,6.071207062804080401,8.6736421467266087149,10.955113094613226465,0.12036955028665287382,9.7885179121566139315,0.16405186703706300944,1.8055028821257537164,0.37407035239756231126,0.14376600477356793473,8.1647262934523308076,0.016387754815034818318,5.2707452019800991039,1.1406427582475648919,47.357527508041904696,0.19416568087081872984,6.4378716722839577358,0.33584667691593428351,0.055497046553075704556,1.2127507432433330958,0.7431025207577345304,12.614787241474715529,0.00092312050865803207435,0.0055802904407767561432,2.0439894030050744789,9.3353423856698576344,7.8658977528093370069,0.010405501741995778348,0.0070231426102899015274,1.8990833653577190443
4,0.27081628502759846899,6.5103181591405148154,0.2305785071704650746,2.375787939157889106,0.0080453859509655705623,0.00021942806531726117593,12.808331631092125136,0.12384034708622984611,3.3743271396973559817,0.040894359758901759061,0.063084725346868555929,5.219364716421615924,0.052798973167890922431,2.8737489758197320988,0.0010359442145283996161,0.030382326922101798861,30.173499429572689934,0.43128835037588864054,93.696141753227308868,0.41033244184025757795,1.1742868319115367104,0.070418470919534792429,0.59218872895632690412,0.014048861618851918656,2.6100978774318210895,2.3643742986145932505,0.035972549701848696713,23.890190878357461912,0.0043240785404293170455,2.6563003914794354188,0.052237783871763796006,12.527012841556315337,0.38421935098401710507,0.21669835830334141513,38.932468867055405326,0.13705640259327867003,0.049045401984161671183,0.30183113332580241428,0.094422646319622188793,0.22192520727390610547,0.19755665087318269313,3.0870821345369492406,0.088846397992260711662,2.7136844820931167455,0.01139071809335862745,0.21768647136901517203,0.28916152512402620856,8.033221466396991417,0.30639597491853765021,43.177340219631247464,0.0041728099922433616736,0.00046102275168759010741,7.696346489802401436,0.01760749002357592935,0.0013888150102076681023,1.3987169300546404838,39.871174718273621806,58.399926356696553853,146.12021243905533652,1.8623116738523619595,0.020331179556364466221,0.45764722121368228702,0.40618033977939604906,1.5359646440137482148,0.10540811204665112566,1.3399802769456601315,0.016726192284748128691,4.4304701891183766449,0.49018256121218561905,1.4621396151272267883,0.5928469156608605628,8.8566860409257497366,23.559867115310158425,0.93950189462416644481,0.078109380523566543375,0.009051606853556718596,0.24876265471845079857,0.20950685012547226593,7.0728356077313812023,13.698129776626105425,0.0030753943386525295876,12.06086496519959006,0.45954428422952986466,0.85256298060706026121,1.2973399944420407337,0.44088661042296484194,53.40168693292761759,0.11025750427416144972,0.77648212499250335306,1.8455934410821785985,0.059544014603940098596,0.15376736426032694416,1.2145270054425418849,0.072117725481963310119,6.3211915208776163766,1.3779693870746632101,21.405135303573430861,0.017227112560840810579,0.52437366801970830554,66.78076950501747433
5,3.1421409568049436523,0.0089293509892592638766,4.1424667604261955489,0.29084972925467733607,0.068964326774920661767,0.65129632063151265964,0.22281650015153353639,1.2505900597013202002,0.19210156919670254294,0.46658772373149648427,0.29054664638276800348,25.060552740192143517,1.6514515597394783253,0.045943612671461173114,0.026615453064498969388,0.53245668684359437339,0.0068118485896367896026,0.12431886210254665392,0.0079723920726883622939,149.96847286068745575,0.057029680149273370704,0.0018210358362372666436,109.4443162066823021,6.0217309152266587091,3.0327984272199288718,0.47110181486927665828,1.337637458747444219,0.010914607995890727304,0.84737911744533511715,0.15497305836899449849,17.997385130744579129,1.8490223363420450475,0.0020584804207900157975,3.5039279877821898346,5.9937295984134468796,0.11285861783401310299,9.5852017023637277049,4.2629103248201580811,5.7516133311931074701,1.3523676472534431614,0.026477155946020528021,3.1430079491560722893,0.28597437798151997823,0.07060985026513355578,15.28748391083978575,21.021566214684717977,1.2538496920704274018,0.070894710140566224998,82.079917163566037175,0.29972940569233696984,0.95042438242335014476,0.026315683567938556731,2.6698640156364508158,1.3603892324497637301,8.8236857005668554166,58.639962627903756243,0.0014572801155032896921,0.15511544080320366357,0.093319118223602670614,2.44254792626074968,0.040345724249629261182,0.5594704208239323906,0.17216576006827208345,4.9898954855598098845,0.0053209006789362144757,9.5325518922705931857,0.81908075060586449379,75.863368115192358232,8.0867551507368933272,30.144579192345656082,15.112886800274583976,18.770688589350129405,0.0041744455820234682014,5.9903391745819210001,0.033869627516643734111,0.87810115856096460085,64.296892464897965169,0.20510395859702723609,0.00068257996000111603469,0.031232203665253699398,0.086933255738035522531,0.19793681568726209652,0.049258165448101666473,0.0020565748886818397377,0.0048570884947613489346,28.404015277939670625,1.1542770901988588239,5.0682514001935903281,0.064224756267102611762,22.312504337469164284,5.9985136929876317069,0.16414272754388531395,1.156887222428636397,0.2189856031588778007,1.608924312970538173,37.849007721230428558,1.8454466766174266734,4.2268987235529307256,4.4416549890800247624,18.749025525765979694
6,0.21190622422817603776,0.34452235083743404376,2.0867308446869130556,0.23039331089100692496,0.00054582711617290303411,0.016919298737473872918,16.888010857173735957,8.5418817331490064504,0.051819097965960118912,0.16922173453585526159,0.038049398465100421618,1.264641443954802158,0.067796074187971136493,0.12142309287743224822,0.71479116130532061035,0.14210636219858024942,0.130565931228193155,5.1840912285100202439,2.5243325295686767085,27.460114026144776034,0.073489278187899340078,6.438844409882684694,0.74957470959552319201,9.3409956693188505028,9.1818097938088953924,0.77690830380542141853,0.22479911115850856329,7.0187303137870857839,0.17781105966705737509,79.504899420615416261,11.183886464405146555,11.494996749394420732,0.20666227946776619118,0.29277280395897942178,0.60221791966176596578,50.845778418811207189,3.1343466893630327341,0.036327983310855634091,0.052744806355531324848,0.24257706757919322849,1.1495988839637245604,0.04119870965321146411,3.5713661318943774603,49.618396709842372161,15.651895145097235229,0.0068802690463662264514,0.021054223196583888439,5.0115102290986204281,16.940146122719575317,0.017362013720367455716,1.2173056246437641281,0.032767327563669013113,2.9423950613969225287,13.274747635197384099,0.0074329468116142360587,0.52832543759838346276,1.866455049528060961,0.088828588621415932591,35.016090266327559277,3.8732180556410105154,0.26359598299515996089,1.5381734786588119324,0.19698321697041445977,24.690119503047878169,9.4017637950127390667,0.0289002597430279215,201.16507798259442552,6.2029149333792270582,0.03509156147676304599,11.631773160274923029,17.646856481353594859,8.1137765076333892011,0.83362370160064447333,2.1537916158840286762,0.024832729785141487849,0.069912464577182170666,0.077308378316598896918,6.417818754235852019,0.25706499513004876789,2.5722484477337279607,0.14496967998641549502,96.945189760090499931,0.093177054273830953179,0.17329310136318878954,0.96653334394602252733,0.1753014527528902744,43.26407834956559384,1.6818580452985909535,0.46056234641158527721,1.5725333194387640656,0.059576155242075080898,0.0069051286295731496498,0.018915183676952017355,0.15830716864531357846,3.5272449033670763008,0.050565397098625036731,3.6102606780721195889,0.56382194417016406884,0.041180641862405886755,87.893044743956011189
7,0.49791730353984509083,1.0672543242246359529,0.31393809849785148103,1.1196154012420340695,0.12577713281864627559,1.2174518598435719596,0.29567567291072111013,8.4674727057179151046,8.1822125721941905141,0.36090491803583035768,0.010136919358459069163,0.18027923781639584866,0.0359959403703193348,5.1396433328444652844,0.89629195919049675645,5.201084188298076505,9.5851814401094923568,0.9697090812070383592,19.075119802693784266,5.5692146270262004037,0.55915702444519244096,5.729611712408652302,4.5949268300874672732,0.010344074962471304022,8.2300429407611854771,1.8357289015231619267,2.7222253140844809849,0.026555008704442495393,0.53771509341392531578,34.805345438430045135,0.14888607600341582926,0.10320747922920284201,0.031993690533984237012,0.21852835592336228299,0.18830956997480696735,0.46044926818234471755,0.11141418351385548591,0.11062856134533413655,1.1532434251176288953,2.0924911035224647016,0.014514830851036613843,14.58900198342020893,1.4010650598652110155,0.22437947964175614102,0.75290135929852497476,0.66819705809220253379,0.0054270867278660801444,1.584259477357919943,0.18829934212686652573,3.8525096780501972837,0.029905448947435155777,0.066432905900496691531,4.1734142403128657861,0.30573791837620817313,0.74020041304042982766,4.3650617546291972104,0.031377953972497728274,4.7218910819800949952,24.892141859523380987,0.76885474819191057527,0.057828299848253078563,0.025237037142726927857,0.070613953010368629704,1.8805506994535401422,1.2351252453743579718,0.10553050344040965092,87.642275103830669991,0.8821789513432167773,0.0036340475900173484052,65.373706081341879326,0.5571303321317112589,4.0668056945073116637,5.1516894236816064279,0.10457705562325782245,0.027842893799957434131,0.023168588473187555488,0.39483198796801499686,1.6777499776061979286,0.082908326235451301756,1.5134113138506086749,0.080462593004624771709,1.0695875912891044113,0.19805142761056343526,2.9218664775260045907,0.14671898685908879578,0.012279078308279210013,6.8052961734328860643,0.54514481833311367875,0.17569134856217363816,8.3236470501342925132,0.032843571024704351635,0.14594071058317306666,1.0795862736586088193,0.0019372200419563744868,0.21108578915137721221,2.9728797026331856834,5.9887673541583188452,32.848013780012117024,0.19050360916133185496,2.0189763428172953219
8,0.89530823808066017921,2.4822330508105632241,2.6108229065736345831,1.2866159937026875326,0.0042742640548510471565,0.65840544621146401827,1.2081211926890695896,2.4987761977781097755,0.1834917326403642801,0.016964751186171033587,0.0010817139064011223326,1.5875660384026597516,0.068997358542868453268,87.789200285520635703,1.0051232921282593491,0.040643971183621396825,0.18004090897655775083,8.3846797921536406761,0.78708674951301649259,20.490915032119232819,0.15729588295148064225,17.080539685790164128,8.3899709234530348567,0.24886131406018474621,0.013535189253329540926,0.2077060191516562071,71.03143525842632755,0.0031727399550560736637,0.016028389141376327837,0.83968261487760920136,13.901511700862640097,0.22788851261901732492,0.61074766045097550471,0.70412294792721541459,0.103071078579235198,7.9412547661381633901,0.0085656492637576110705,0.53807344992199968026,13.735331945829782896,0.91685868674829495983,0.32262111043893443307,0.0072787803463130341247,0.25008154531873993953,9.4156757743212349254,10.504090725946943152,0.17473273976437606048,0.056492428295977510644,30.144476694754196444,7.3184409586478027521,2.2853969241570126769,1.2039122038521641311,0.13949374788358193111,0.46880057055797630383,10.11882830823767776,0.1022202142165742067,35.739212240541476717,1.4854128964923458689,0.0063654191806000849987,15.708489823507299832,77.796900873679376787,0.52391031950262334504,5.7213655658904718493,0.46158320291510179789,3.2780353193222921959,3.2430361454834040202,0.022301071522429334604,117.65582187787539681,49.100878321140719152,0.03890755990184655011,0.60622515805145471557,0.69719482786433739641,17.992679319158813911,8.0531264936410753563,0.69441130195659372948,0.098881735089814418171,0.32630933660348632186,0.2176003417232332815,0.041645482278181135405,0.0072149772276657040196,18.474585997772919654,0.14914241463689811851,1.1755614823672584368,3.4343692563666161632,0.096914847866916425945,13.272343428560573031,0.11037932058044813699,1.9560948759795242502,6.3295315611448765836,0.019508142335370005221,1.4790011438670778166,0.00085595809265935369342,2.7433697737521889337,0.053168059406519287136,0.0014091878392799613972,2.2068008268918641868,5.1931739167890969,0.035125731001120895358,6.8301238684923770705,0.14060183585600108391,96.139328671199990595
9,0.58241952875647107213,0.17739084558626902477,0.0076916480464276791237,0.22585585244133971061,0.11095660869527877723,0.0099359832110044957881,44.206565027291709669,0.0067535439979757002152,14.844338569829588437,0.099873036699979544917,0.017646929702168405452,0.012381125345996554094,0.013767760924792355956,9.4166447249710945044,0.32255455250784609289,0.20623391919504888148,3.7439722434690008157,15.405790795130357651,0.2104908887196352274,0.43689968028175951709,0.69683811475277257497,0.42501299785767987505,158.57724417057556821,5.2834103238902043742,0.76880238220426344586,1.8320982060189034968,0.31641884774273537628,0.0027209665638090207475,1.1618868473045931289,16.347917065131017722,0.55901937711777238693,0.83376233413170008912,0.0064454172388308259359,0.21785118546895906877,2.3709313546810428797,185.97397924525861868,13.216208336953208402,1.9648653173310908215,0.0040600670479729872309,4.0253159323655509638,6.5228191960565302665,42.666123336431063251,0.0048510598316529769669,45.710153369571074222,0.050593367013580477221,12.310840772546649546,0.18032697034578321071,0.0043650043632072017472,1.3340256720027754422,13.149472478182484991,0.044436952879806035366,0.00033496331913099373738,0.056253778376651797366,0.8684156597201010408,0.054792942569657665519,0.21285243712308449249,0.032589657657614977404,0.18405245431878983209,37.130123209928441952,3.9099708261370440532,0.59935781992563719189,0.0057174438290622337996,0.0018349825883231783447,0.1607686727225365042,0.025693045756651343436,0.23398893546387852793,46.572433240453079861,0.85464841063754848349,0.9577274639956312452,58.143533875738967254,1.5726467466706306464,0.0097455595267679478305,2.6018243439525008398,0.027794666464126784738,0.053341794177703218127,0.0011584184529658486749,87.4645780262026733,1.4605012176297955673,18.570261697351195807,0.04614220011988175163,0.022185461138684515331,0.10382046731580038545,0.55682184157996439389,1.6197406868898540644,0.64520331479332293512,1.4496109654113034093,4.2884938995682029272,27.212891362598615075,0.6016978310616514225,0.81118503099089189767,48.802859703675075309,2.3088481731247343376,0.043722574959257062832,1.1298321664472643633,0.19690947814880288558,0.30891532006140132172,20.767366214625290866,20.571809218836850874,0.72459310221408490538,1.0464166726313881561
10,4.9665514239329739965,2.438629675114239781,1.2272259829388865171,1.332864662165579972,0.039803262157908567143,0.0032922132975696316928,0.053069845412270458263,11.295428637333559507,12.085718702738532215,1.9252956875080780019,0.22205975986952658507,5.14103673216550483,0.62328514300080084531,0.00095660295906477147473,0.56268224884084017123,0.0090671217773361165171,40.336030040189193357,13.249085925769243488,0.91998856290699149163,0.064897052047794709373,0.31050571600769494296,0.26551554977238556177,8.3885334886751135031,0.020893555226958283183,1.1085604807233739866,71.40150220829502814,0.68021226527900358061,6.8561307120351783705e-05,0.015139832936423821066,11.067093068244055587,11.742920662207344762,1.462586689839970866,0.50858864732464792446,0.14979742505280616016,6.0738364697462339237,0.36520429675920323964,0.006027804195131375789,0.49307360403285599437,17.703410349895357001,0.0075820467354845554747,0.0069781119575286392268,3.0762868306523758477,19.184136538439961583,1.5768131397513263092,22.759631019336278968,0.0047414391944582221644,0.085722039494097346246,3.9046060729792446686,1.8354882779831780404,37.184772019210392102,0.12939744246520068494,0.38561037190067082303,18.670373634639702232,5.2195209716064061567,0.0024997448690134054308,78.957795809802661324,0.021170565927184317734,0.045700264631094701662,0.90360116471115170533,62.062189602784890496,17.016262832935453275,0.27033161552559142882,0.44831510653318379367,0.40341441029538738228,0.42583817356498765427,0.65241287770834399673,72.889816813749675362,0.56263428431705542199,0.0018401286055344094096,24.247181028075296183,0.31446012240414938921,0.97407055584205237686,21.408500908015110298,3.3892023799780774951,0.030996434030067698123,0.10948716911531092277,0.14105107177729150902,3.3763377124420319575,0.28018628818591789775,0.010506097551181328709,1.2364132490949359955,0.13952468861440836534,7.2016745925425151853,8.0222446891469836316,1.4523527566907172837,0.11739211734669478815,13.22610746734085474,5.8624670418612145895,0.23921190084968690925,3.0254947882432698947,0.20120771255613909001,7.8924147228405834298,0.47031757049361394563,0.0073318721920000023973,0.0024434312408175774996,1.8397161177380041419,0.068102776277954246709,0.27619677339908077496,6.6312666734566372284,69.189679384132389828
11,0.10290228888600320978,0.83034593889129371114,0.0014619600387972531662,0.14985183172248592309,0.26695947215642717998,57.178909903923930358,0.00057960675560014558293,0.0014896532045905264488,0.10393965078491347598,0.35361678237223992394,0.10425686329298766708,1.9592739015210167697,0.65379238327871858072,0.67068035278033288904,2.7619442001781937535,2.3132501854415519205,0.0017364131345785024409,46.723879286341094996,2.6460874577662503171,11.651231722186938811,0.090211586026308396291,0.53340825151868298537,2.5376641933111985239,2.6902495300212057039,0.2132954521801986858,3.5568905721959418464,0.93306598161039999706,0.014051356252212680517,36.468194429690278469,20.126901087901021725,10.081348063582160179,0.15985132224256090594,1.2375946400603625719,37.022427936786982627,0.016733431099924127999,86.102047074515724034,0.08874884399969024118,0.39045836957819279878,0.50128087603148163698,0.41532883061012604298,0.028447942002182289439,0.20291969716455926509,19.664335368703000029,7.4664068128221359189,8.4241647254119680355,7.4814445759620715748,2.2158885836151238635,0.006890445308481259884,0.60468310332119112882,59.56984741766643765,0.041786383638940563512,0.31931588865135446254,0.019695489945293812029,2.4102343503917600387,0.070182545180013530817,45.026917139526105416,0.11903320651901301563,0.0058079717389416122067,0.014347615222163731183,0.010535785915468285148,0.31828548179590798739,0.039679326202026979353,0.0010425402896159902642,0.18665582714889991656,0.32024168558847498911,0.0056842002368692676195,70.150463429496866752,0.035883870237924379853,0.075139472789542055553,100.98370253093686699,0.62135528383917459916,38.647660064609546282,0.0047727177344639359555,0.080785117840695114255,0.020587589159348496093,0.23322332762259292971,49.114006204955295232,8.7569720088532125857,0.27360328676255668556,0.015370971646069566535,5.47183170590419099,0.71123794000881535027,0.43992312985087189681,2.9184073741599791951,63.319370774240667288,0.089022560058099192704,0.45377396318955715016,0.010022046124368617567,0.16445932801613769025,1.5226181910179210632,68.589709446466088139,0.48502341872719739735,0.58592935791601763462,0.046490499245306828036,1.2007078507684390001,0.0039035124195523828936,1.9824860576100824527,37.299087084916834556,26.207447653380114616,1.2039651993332056712
12,9.9384802096226785295,0.59960912573540425807,1.2807218941311373506,0.056966464252357872089,2.1152773156891382378,0.44979410414760845338,1.3035176044891092495,7.6111067113934867123,4.3856521532226713234,0.51101033001245588228,0.019490401019674627459,0.051551671300614748672,0.038644762280521181841,0.72590346525445892389,0.73202916691994079912,0.88980701993163668906,2.0803484581329731995,35.075733062644083304,1.9247572358167959194,0.56986331860613304023,0.07400660629670469115,0.83137583736786613287,3.2001189968147185638,0.36455271977459696719,174.722935701690119,0.037055245469618913745,0.11284588392708529148,1.7858457458176508759,0.027222034161891422999,2.4924992215057217848,8.3537606519244977932,2.6777692371987225073,0.19047939326485213707,0.039382807590902610406,0.94963502875465422015,0.6139719557145290052,0.53887393789315940484,0.0099903485746042214322,0.62796876652021527132,0.40902036095011579109,3.897760989065877979,2.2345468937639365592,0.0338285015955789789,0.22562304481892328512,0.23856065803705400752,0.70059880981303712666,0.068089652910014786258,0.06096666405186638299,88.262000503685953845,21.290302329333059106,0.29164283400964596815,0.0092816628386956593483,3.7776006171401652622,0.11721663504664762978,5.296650067074517132,0.75996591299610383174,0.00056489958578279802787,0.67914939114428407585,8.8916122229009193489,1.3388062888288463359,0.68177098054321894072,0.0041967024760386885743,2.6759140787289967811,2.8523999914513291642,2.3304257030602100187,1.3087874284260907487,0.44432236291140869699,8.5839243587636424593,0.55187562473493079196,0.090513925436798745028,0.30535625596570797891,0.021230008384155021894,2.0272424108033941792,1.0868051415872781451,0.14583509001776148728,0.030483723432699037087,4.1638832756409671632,13.302375589750830898,137.18348282743099276,0.25406499385641806432,13.466314956572688288,0.55416897664663156142,0.16086187897403064762,0.21400630172158852105,25.858125921005633785,0.46863689718959494757,6.6194629669082631906,0.71983754676852895749,2.4421574548335995836,2.3488270686690255751,0.076271806641688838502,0.38896547418270799312,0.040479058359163759551,0.0087434532002081642721,0.0453830218788338971,0.0047434405748250510829,7.7875012994263341781,9.4131568264820444369,0.032674037569537094094,3.261124643457335992
13,0.67777384945847718445,0.53782959722960543836,0.3998548495947396586,0.70351783538750467528,0.014708482490591420072,0.030950427305691079194,0.037781180502671873889,0.0012554269293653737456,34.370512375200320321,0.037764007395008375445,0.25086978296020095991,4.173176109458752947,0.052301725291974639209,1.9516342325347351139,14.333778898171228633,0.26704991737386463146,0.57241510095568115535,6.2958820118385352416,16.421114524492480768,0.01118234883364775667,0.052957428547010854114,0.053523230536844698668,0.061119844751466881339,0.089904338903728550636,0.089146889549749849802,5.633994307661158274,0.0073013841864513458549,0.022093960463973640052,8.1984452060837309517,61.74955813963997997,2.4337485249878785254,42.713107641786386637,0.60173988876450246188,3.8778261435395577905,1.0998681397874492394,1.775078078446568508,0.2445384672503938539,0.0091879252971308611464,0.03730861961722302389,0.44279220244820938213,0.044300624641878505461,52.87424175332274956,0.19722348184358284851,0.20183237496186523519,0.49821243630438172278,0.42676903819261885475,0.027602313747900123625,0.018014924525371962816,4.5086553425360555991,1.0732045611385061523,0.0029604940841559210934,0.00043756049160180530283,0.78841526717830467952,0.20033107274304370882,0.10293728421612402535,217.53572039528145865,1.7765030312001501844,9.997823664201106908,7.4658491161053710528,15.445540726613238292,26.69932363517133922,0.16301508855742832815,0.000680456001033184028,5.0219021437397595164,0.045631326081190894117,0.97699233333031887394,10.220632470174459527,1.8812439958224536074,0.0005712772179059368103,69.402778698830459803,4.6888789397351393617,0.71078371289968711455,1.078422116536971842,0.0068457435537962428584,0.96382121327175629411,0.14294663263779139317,1.0033811740468820961,0.0016146847009868190662,0.11816400600603042814,1.02111281908799989,0.0002093335373872381121,0.00053584652169630017909,0.0041796760703715360799,0.30407574374920737226,2.8838718725946108634,0.096838096185656794002,0.070715931591049191463,27.525570474663613396,30.266351093354661117,1.2478887928570918664,0.99164309965421282289,3.7577778615053909483,0.024073392769451848472,0.13764143388823027458,0.0069950198573795734774,0.29607037402792718561,15.818558144115119291,10.860276964970928759,0.066448303576751993615,9.2218038031695019896
14,9.6518619834889030074,0.0012295371333570827028,12.174359946395108878,0.70682807231311350904,0.015710390694623956737,1.8153259861219674942,2.3052222693900392692,1.1427223207630783364,0.23868969476122617324,0.010022106827576584762,0.10692460816961510406,0.17754795400904838099,0.1953105077026925096,0.17261928516052280069,0.02269352813272502295,3.0475422094988493527,0.28982845573657534111,32.9629989513042716,16.114072171947338319,31.738893017064821578,0.039777274070375949477,0.28839944815024909364,11.317192672365308681,0.014820522929910276422,8.5861243701249438942,1.5348035958467103335,24.406748948719545922,0.74731679517162930004,0.09257908850430443537,29.985392224885213608,0.37867342235019552099,0.4570563672998648741,0.13947487417585088809,0.19427321100290578793,0.40209832576378823354,11.867278700609293907,2.5437913091767314633,2.92864836320270161,0.0019443428943987936877,16.344054314094606184,0.16013950481483221755,0.2806844951271039168,0.011013272683803499233,7.1950263279247357318,0.23952367595732471095,0.01492979685168840942,3.0717730752829637275,1.331258857124133721,57.56451483902165478,0.074746052450041233772,0.29759051892431342967,0.013465977209505680667,2.1404776816953594576,2.8205715290105231041,0.0003539309412783006592,1.9346642184889342175,2.3994235929321523493,0.79039498870891622406,78.051712687817882852,0.10904800921178635364,0.037717656463975311742,5.8279458500899252726,0.34672094216564325331,3.6921759516891836661,0.28634774565718290606,0.10426801340883803948,2.4041902071002216879,21.279824537146005525,0.0074327874873529355126,66.570667306017284659,20.081919782299994637,2.5593278287936445103,0.22860980892732649106,0.1000667551140987932,0.095553225589006599017,0.0022304077986376991648,78.447811185298320424,0.0020000702643261985755,0.28614936286185499448,2.7519161631786857036,0.044386294838798190376,0.55031936742399312212,17.805083035089516841,0.017430431859919607446,0.25493321933678969593,1.2479159921431357549,30.530344673510889209,0.46695662646516200578,1.6080975211563650618,4.6168649690203729108,1.2857166812715437043,1.1670027174018413607,0.016333951813134312686,0.097343481931193076573,0.21191235063577273934,0.21026177384451136265,1.7627461749319637274,45.847771278615098822,1.647637964827453283,0.52976433325562954924
15,10.850469087045015115,0.64130835569966815335,0.15388462884851991652,0.0039243762611583677541,0.055963542552366345173,0.12881997256458138645,3.0456923870492902395,4.3061056401759074674,27.187022487474752808,0.27507801618750610251,0.1241095895032383184,0.51125267645414895767,0.0063709396342884324835,0.50716873406741191932,31.675587186365660841,0.033385104567479978455,0.58551951874279661858,0.40628405351224328168,15.050295781194369837,1.6255101411340056039,0.093840005177132715386,15.99289060060545431,1.9627169212158461775,1.0828353277404807464,76.704737739717899103,0.83416526506872568092,0.27380256643374589753,0.0075192342868874561396,4.7028739900706302279,0.41788181952812675224,36.747452416030569111,0.041522810339047436234,0.0041885607107606847091,0.35845204681712472539,0.025062411659680362136,6.5669548322946118546,0.20745273004750294787,0.025031387077898665378,0.0032678244051105730279,12.780886060251324565,0.080952373809613592526,0.046375761769536359702,0.44441784249135130036,0.40055060943933862294,0.34185611817630723319,0.0050608830814646219021,0.060211481812208832165,15.896268561328218638,107.47596744699956162,1.3630428436815125171,0.044120114351773466466,0.42650592389508090729,0.017091873451559085745,0.56875731956918218479,2.1717158069590905001,4.584864312863472513,57.839393150603804372,0.6151472842671389385,0.51838087887777672957,0.096260775466050732541,150.45213743189867728,0.00019991208205804943511,0.00047857626640753961724,2.2813696855956635545,0.22905828499561253775,0.012857536764579850092,31.738593211181676423,0.059635664915001287967,0.15858684288912572313,1.8652073882885249478,20.854129779313513637,1.3064007079048469695,9.863029695534450525,1.7960390441783478099,0.0083770816790586458828,0.0063676868574958000666,3.3403269296041195879,9.3310640611750592655,3.2513367037947618066,0.12561986052829343663,1.3972000862853237724,1.1814500226173185737,0.22127531769075417523,0.23752045955549649925,79.033070335602161549,13.969280732659807853,1.3679943382862176371,0.033861783865064075394,0.0047265086753980143502,1.4413675483612353734,0.43720238544789880031,20.640706278862761991,0.06783910954490222911,0.00046492173997876720193,0.54993474101512451746,5.6721585263287481737,22.427611587214308031,18.974324479421753153,0.094383348221043564252,5.6266371129016157226
16,1.6297028740478638476,0.56785482525267916287,0.41219183157804023532,2.1577066871523049585,0.1821265384488388317,0.51174408878631838515,1.0365682086833725162,0.20387753023683397036,1.1418306083398801487,1.1472164749444042631,0.018513347597062367739,1.0252927018270707737,0.024335138708147668191,0.45402289128893785763,1.9196555451379651025,0.20104835373712026669,1.7815056495628016631,21.914954750042586085,5.186296723393978958,0.63253332688929841954,0.08807593863677082302,0.28558088203963022389,0.96159299781120899375,0.04484846441384201382,42.496162581011532211,7.8436482135852827469,6.5849946051303609451,0.031926710842292309322,1.5576971359516520454,2.1360037682701658035,11.579162166118569743,3.7421893227025964102,0.0005124260442871646096,0.1205551912869435166,0.19884378591770951461,0.68899330612947506935,0.0063760926084202047132,1.3209330031115820159,4.5994143551115405089,11.51526439910990085,0.031060193691919309872,17.940872388790992886,0.98257181210341937305,0.017889915946148953613,2.3424225212237690386,0.5456914643507835283,0.42458123410668396902,1.157322262499204335,6.4839811107311406957,51.615973448102302257,0.025150917122778053414,0.0028593983761547293009,6.1992399545529055516,0.96436300830318399946,8.8672753203925545051,158.49737060741708206,0.033279270362083827883,12.401836363871417745,26.809859991889478437,0.14403576582856320032,6.2012277403848825585,8.6559773004225620732e-05,0.091514789848495384228,0.050837404251852749693,0.03159015117381486909,0.57948391692709844136,0.87364332132727962055,14.877949546332752462,0.26382219540845008865,215.00862542349364048,1.1570044661554714782,0.25874453981227368837,2.4704093939471283292,8.235094074423905397,0.0061697994342944416715,0.0053895382076741115557,0.046649883549635513813,0.15632577563883731653,1.8583388683022050714,0.43964875245586620967,0.21731550840177868422,0.03014721487332851918,0.15422075478931715486,9.5457670129775795687,6.9083228767181461549,0.20294717711447171626,0.32224976127215820831,0.046885522780053728864,1.5306328942981186625,25.53216102855060754,0.17459351105327872156,0.48254615878009893271,5.6618894784684377086,4.5269401190770199861,0.064975655302500878729,1.0065296151243090517,0.28813814853877556255,5.6308346960709521056,1.990062354362770014,0.43499469319874872753
17,1.0184728244991829715,0.27676464967049879684,0.14043406185884410586,0.015883222842421117899,0.67519443949929813797,1.273018564114922091,0.67035775336417224857,2.1759066367971500178,12.87558367383438096,1.0575094555858643997,0.081963042900532578905,0.045232112660841580776,0.16111038539000738234,0.085360251746458407074,4.9148036559094743225,0.66535535879838580975,11.604722644186706404,5.1530734481843056827,0.42925063487153175545,0.20290839253934672692,1.6008141025109114963,0.24640882865622115716,157.52378456266816897,0.22164999973633420227,0.062735531053989851413,8.8998946988078078135,18.97327892800302962,0.00051268479731780922798,1.4733852420274451411,31.002486669025813626,3.895644010548892755,0.2015826013580679088,0.078345907421437682716,0.94638229435735710116,5.4375353243624724442,2.8402261697688091502,0.073409489954489551278,4.6891050795244186844,5.1264489811080968806,0.065366476956988536773,2.4968316363505205224,8.451543225677726312,0.22055728433311139192,0.23515818801885007838,0.091831218970735942198,0.38360732812811049186,0.80882397708681097459,0.035387770048158663505,78.895077408721220991,22.134495743617634389,1.8638007086621295461,4.5355711295918057502,0.54218422974956448357,51.659296318590669728,0.64331695586663695252,0.51108518259871693612,1.3556755187731168721,0.011003859439592731523,0.81032404054531748105,16.137775241499575429,0.76481148862017467316,0.52172670999929493529,0.6710279774957270682,0.086315458824541085869,0.10489206843996748408,0.040410968643695463487,341.48336324571170053,0.00049553481299464876425,0.033470303266310133528,54.820111479269222343,0.059912225659945431144,0.10388862534665498083,2.2977430680177786115,1.0942265276401559326,0.0060186922253114257322,1.0594301554082699024,22.560438587443396585,0.58493575247701978803,64.105136209550607873,0.47690255179283341791,5.3928803561930571675,0.50859627782011462838,28.309880075417439116,6.2399511657591277825,0.018318819565054128562,4.0702312623635128475,0.27613384544738234228,1.6197190993081502786,2.9353327189591791324,5.1973828793763496847,0.76158506013742566232,11.110724514517851702,0.35812823296940954343,0.50654630931410304928,0.018567988567193612071,9.9964465411937943884,3.7596345308021659193,12.724528225951537763,2.3193147937429610117,0.067622948408861377478
18,0.0066722076599412460593,0.22446591835670420823,0.95822540313892679009,1.524428388173483695,0.0051000358687902256835,0.0051480267286318570977,0.058169784430762420946,0.10671800749360094152,15.175178832292040454,0.96128455728737705055,0.00020741374672869256654,0.9307785058322555205,0.5923350596135146251,2.9457155656716458303,55.982066072636960996,0.16523743945998778382,0.25389623203752342828,0.50697642732652470343,10.209718889403264441,0.085865210788925311336,1.6739069417376768456,0.46504120782204910745,109.45972555108156143,3.1926299441377579136,0.69195533689042609815,63.142306253397443072,0.28394010866571350871,0.0038420409714890473192,0.0020716257064782809399,8.6645599098132510818,22.933385593808278458,0.50644951508228064352,0.018133230376177707222,0.088145550313217385652,0.093670009212503221874,4.4273210954626085467,0.69800609328370077922,0.16007715458615667803,1.397565647849637438,0.0058614239875123394161,0.019653493574890729817,5.0289285789911097879,1.5938134971812867313,7.9383661316838276534,2.0373440451053350664,0.038332775640267963135,1.0065096742592447576,1.7477835700729382751,3.5693142572939620116,1.1593514852661477299,0.21606284462653149725,0.012330907117984356985,0.55443259346400763921,0.029224956412192970578,3.2419545947088592719,37.546988101086661516,1.5682823200463424929,3.832495231193036922,3.323404282976127444,77.682711665919541133,56.857552787925037308,0.0083946875480613754317,0.49387230765050016412,10.225208512500572056,1.1267122366978674641,0.019697526630460718278,26.709964876838967029,3.8399779088093373147,0.00021816125861324244797,10.93842868868782503,3.8522166944043196857,30.258892617767379818,0.35305598868822835046,0.038443396926211056974,0.0271411971054762724,0.012965932463013685877,0.022344360016984671224,0.58652853019505557519,0.27884865436992756216,2.9039796747794035525,0.056167548978812827098,0.20856438746455877031,1.0266514032594959982,0.032298751403594797016,0.23227847932439085743,24.500197611875545789,1.0582519148605959991,13.728310465623758674,0.0067448974711931206777,29.940591841356528846,0.097142878568856783073,0.77720426523662067275,6.0402255299147098455,11.64404455659508919,0.026312227247948214576,0.37205020881752653983,0.38569972010989189704,14.993576662428347746,2.3968607328633364517,27.006758917073639736
19,1.8876733008798616265,0.0096520600327409354635,10.841452692204828878,0.017697891866448951098,1.4710973004842973211,0.11461712224289165307,0.55420974669281863889,5.4506658482298284696,22.996354998896734401,0.00052936763959738274924,0.0088385202210225482372,1.6487360606878467273,0.38848386863448408635,0.95078902703960477272,3.8216502153724647428,74.666543789053037017,0.73395951304004181104,2.0107269443205160186,13.096444535899069095,0.20868477619385616961,0.011776745860026010398,3.2046309221283046931,0.37171719020559440549,0.0033721733044051048662,64.7308807256961245,0.024621372876801175811,0.30840119770779333974,1.0780554224502056915,0.044873125892042571572,13.269897246596487506,22.467367917082686546,19.356083711803588443,0.0094215240225864072682,0.0022272756824676252958,0.20930665013646437833,23.144649451877246094,0.11689914509462652481,0.0061324268027250425361,0.0033612336819257484372,21.211006004583353501,0.77201820608166282778,0.27182562918109542949,0.020430080648976171181,0.45710244741165045879,12.366621861991957232,0.00018833737859790924464,1.9155641682527613234,0.016115330266450789143,97.930497312961563239,0.0012281513120927386139,0.022011641487460188726,0.001504523635995421273,108.48698716426471833,0.068009427108074255175,0.8131923529516105198,0.027452896832303518709,0.46102538422957622943,15.069822527596787864,21.415738836052977234,0.51078256096675878073,0.96947834624539841464,0.66350714951106437578,0.12340692865640645604,8.961016391023260752,0.89595344548010058539,0.088348553632183524087,0.76139904000059221989,0.031103665937931887497,0.010698140150451325089,105.41474861656037376,4.7998749076180198259,12.395490490043822973,0.1436960684476230321,0.01335311302936210108,0.10131183599416547503,0.85945396577890154077,0.7179051582646768237,0.054689439489872912481,80.939621904516357631,1.4758452854902570639,1.504584564649748879,0.01607560307352228629,2.0137407563505118624,0.013136236776734699916,3.3244844758019169717,0.34195480042559611711,12.387946525926009755,3.2771931918568508735,1.7506454044641324153,1.7617285357267018497,4.4903285842036915199,0.0066340645357570735344,0.47696200973371155607,0.10783813808045270011,0.0034670051701041881137,0.12855757321884689337,2.6992314354916921992,52.173085787049068074,0.086751447241133247679,0.0083879393400548181436
20,72.984797495061613404,24.295087999023316172,0.0058287167611765092548,21.544447778972980245,0.089912407648803288618,0.059010818518149467382,0.37925763182666222262,0.24401660490935764281,0.84532345307086720343,3.4140464807306707407,0.5378513206297494964,0.050913447286270702152,1.0468863738193288082,0.064327524461260818245,0.00022050476651704599093,4.9655059379660997365,0.15191690297628790418,15.968056587313780526,0.60750686977442269754,0.070221959678958056905,0.035340566838416277717,0.15916438846694383469,0.0046080362844459522853,0.0023569179147181745088,121.67545978713782517,2.6792195574637842626,13.742335643584272731,3.3661399908053302177,0.00011175522147625168887,0.0031803490190301102365,0.02114865559934993311,0.18136502126250236833,0.40202327648822466788,7.3596922304711709373,6.5764537356078651698,11.434466090062205268,0.042218568284548736724,0.49529909549167533411,0.01857349836205819324,0.57629675654566814291,16.269138229626349812,0.051953094686703650551,1.2853786110735427872,0.023622107476699877315,13.473207130659174524,0.077612312776852099283,0.10699603915666028309,10.613469935086966345,0.0020581229751522652632,88.576456954035961644,0.070036883669765112592,0.005652537952739967661,34.217608762207220252,0.02241223218800398459,0.0017044859714061377613,1.3477811681336964167,1.8670411909729232036,0.091510434149081124056,3.499933716305153375,5.9978045481337280975,0.017928163127191146936,10.869741519475132563,1.145916682770682149,15.4919499600770596,0.50057927545456071261,0.055141958461667181512,5.6646675055277091509e-05,143.8930410063813099,25.434146611374430336,2.5892033265342391246,2.3542364278938272548,17.62518708983244764,1.3821581340867306054,1.7666312452593389004,0.0021027571213550265254,0.0044927150833595436499,0.4782354409800572137,0.54865172662865979714,13.653904034155505798,4.3578999396440831759,0.58041781616634779972,2.2724951010821081709,3.1810635938148865698,0.8361003129601369821,0.17653742592163770841,0.047978246667177870677,0.8390248245436654484,0.068541243520404748768,0.0096681482623413549093,0.74228381172828195034,0.54725080454084251702,0.056919864885200732729,8.5268012673290716208,2.8408734437550395846,0.11570007372318340255,0.0027419621745651758145,0.85316275301704891376,4.1060781218176067853,0.19529072592757898419,39.182723314974715834
21,16.358000358198360402,0.0020743690453561562832,3.406776465714167923,0.01708609240764881812,1.5007354832750501306,29.219269928732209962,8.9414421671875903286,4.2196852344471826868,0.39155916745982366489,0.018158030705909756347,0.0035289360162215257372,0.24164601793202752922,1.0622733627965625924,2.1921911759216325954,23.338541980299659429,84.868973544878926418,0.0022730679240303541117,2.1489597616394715551,8.4244890483599892406,0.093719384005747904953,0.60245175250826099589,10.193069698680488955,0.0052033255351553201959,0.12641353750193623506,5.5477833203349309343,0.68465166002579747051,22.304168887625976936,0.03311643351508947869,6.2488403879574869748,3.0911987075773899036,10.931295166126153262,7.3795610508363829183,0.076103568748123004428,1.4485448661056630204,0.081943262261683455505,10.21776584447063918,0.54181020388621481398,12.053069313307389621,1.0751416462522300765,2.4688950214786302695,1.3515372140747008434,5.4584801025573312927,0.36665658377143439672,0.56324400224416493188,131.05601757200489033,0.72441800153271773688,0.0062848255139248132561,0.51207357130483366348,6.9302240203842284672,0.1506386743217355273,28.576924629927326293,0.51817633177422062207,30.703078892578325565,1.912281935091743712,34.839636009605321476,0.418648208594602389,0.014463081713231734984,3.292636109783083409,6.7625479736062024116,11.263679054702892657,0.21635949078864669115,0.002994033538133231663,0.34971084923756012852,4.711101893635567528,19.227730142585109263,6.2314446680860706707,64.326331293206450823,0.082630283593421866017,0.19113050555694943711,72.167413343375159229,5.9854241905694367532,0.4900993992377489783,0.0081437522267094660661,4.7202018063385553504,0.83948128985647374467,4.111333817146077152,0.46518261981497177615,0.38429093278152587354,0.0093202864134629744702,0.0039008522101942012458,0.64875959134073135637,0.14594384311640157259,0.0095928850389761562839,1.6727745917617788951,0.017814369794830791499,0.056082179347301489014,50.911340105945996015,5.7675424554719896264,5.9722883451229620277,27.842997783959710034,0.043779615161293083947,0.0012408829017723089615,2.0684656882545735535,0.45359569294569590525,0.27886726459604871398,13.48826762672763202,5.341792001916457977,90.191994253633566814,0.026221532484304078264,0.011213038540425525336
22,0.36895548541280964727,0.022976720437784460549,1.9600538865567336266,2.436731744991917914,0.025426440832702873474,0.19781726457467324609,7.8887762777034797779,0.025086559065870327884,8.3473067947991275162,0.6912407456890733437,0.00061678792173118783711,0.0063598320433116235437,12.660217599821443457,6.8863175933843665533,0.69676668414217957093,6.5477321470843543594,0.90453764298660710441,4.1406497462526532516,10.14808712629946541,0.34412770967687650314,0.041913394421932488598,7.2792353703629499861,77.849529029124198587,5.253507564043014888,0.20569551394362162178,18.803561659847876086,0.21773350659889076364,0.048931054835076891185,0.003853135557291871658,21.117698174123439969,33.643499200030802854,0.15810789746978487491,0.23426472061705022609,1.806025264114108797,0.34168021776671470002,6.6755814418240477792,4.9828874799835443099,2.4396311567608859328,0.99374349855193389036,0.1575987173298002697,0.036794963506204543535,0.3911753355053904091,1.1865275954003411396,1.1718374451040638462,0.034223079657260242759,0.013588789340340811512,2.1434345377512946662,0.03489645869668501349,4.5911609625958025305,1.1509444191387698808,116.30872882510087152,0.18321387017258605745,3.7476960828421592709,2.8984973035121379681,5.6354483769652521374,0.10555762367516179079,0.0243044382519322609,0.68523354410951631266,60.920096488456131567,1.3182506766613033555,0.28907652401350780735,0.073255577676732644421,2.0589768620485160433,0.11278519833879097067,13.762761993942099537,0.022578360273732972496,7.9686111977004987494,0.11707182469472474096,0.04388618326811858511,14.281031204139774005,4.8084104840668695502,63.631282433573062463,0.079335469598866628638,0.41442917230432907427,0.10293212104736935986,2.7685113071817184505,10.792843284636115087,5.9983549996123342041,0.17372919434531608474,2.9246101923795961852,18.44898799618760421,12.875768119268416356,0.18601735839777333581,0.16652041383668764185,0.37888096336028653788,5.7330182938441973661,65.260360033768264998,0.69299276063385051305,0.030977653832308230109,0.082954370405257882304,2.7902094583091159308,0.21126030087929034695,1.8222487580900310622,10.903441881151486825,0.27020243791803810751,0.035684093639065495029,1.1764075704171428338,14.885650281573854059,0.074331895547926810086,0.32694180275392037416
23,8.6362191349458559131,0.21423032010208581388,0.5240084988073574479,1.0673685522665818937,0.025548735090664666247,0.62161401548070671641,12.293108197961654326,1.9549464844621049497,0.82597660228980585018,0.0027779143301553013527,0.021180387110960124941,0.28304948939884749803,9.2606641469378825349,1.1140302081032071868,0.0048038027705346346072,7.0832829292820198575,1.2309270571306256681,6.2023854358764873851,3.7729684360563200407,1.4355916119889948757,0.20160056736932338572,3.8652557017523245797,0.08121555155089058009,1.3538576845137899607,0.072157662566183250474,1.4851902648283137331,179.08354914229141741,14.378919482643631511,0.017709322420740792464,0.46282401346197843406,0.48586030717753247998,0.37198502969379221295,0.10604498754373839486,2.9910346374140366343,0.39210784785427960086,78.405028749819649647,0.0082984099766553569288,5.6412209545594906857,0.098618853291343247514,0.37540115787682692972,0.054085454627945457606,0.21590368236801144031,0.38730383652088862245,0.14392981155099168755,2.5439386906438721248,0.02268464151077757146,13.085687601109848188,5.8033223666264248664,3.0387980405552670327,66.430997362973116083,0.94244411664027027964,0.028771323192442695149,5.9827052655054080432,0.97818700993398954857,0.29141105384499133013,0.58329543628492297458,1.399098011174849665,10.309168196541225626,10.070698188524255912,0.35663189395505351387,0.27315018640648291992,0.68567269362125615739,1.9276373177985912655,0.27237872801427948088,0.28188633480881197801,0.022759927769303286982,3.7018068685953542385,1.605868910626023327,0.044645074317771843431,164.55814201180641021,61.357754515284725016,61.220331018869288187,1.9545248973828868166,4.9518371068955158165,0.060816545968000512712,0.1291299943447616061,0.69283849442116707262,0.12191496971173078345,0.0095103029674790465209,0.098322260427462948584,6.0865614920416986067,0.34402894718698978638,0.007961356889422710123,0.24115293903234322204,9.0887033227726590212,0.40409942663992237666,7.1770457186864859978,1.2514479639613407258,0.23235434753911116124,0.11393382026754730885,1.484650989478567551,0.26947116128817127922,1.9928752419711293076,1.0252748101282971316,2.0414441030522927356,0.039741080740078836564,2.4008252479722296258,5.5164785436917513906,12.40934684557497647,7.2369979200666323393
24,0.28637723400536418961,4.0395976980901862063,42.580102261640746519,0.052724617286488577317,0.028053599173626410368,0.52406499235892578525,0.06377610574071219951,0.00021444399426134231799,31.981645657547915107,0.046330978545400386404,0.24265751419383529974,0.082684618306763893458,1.8899049042396180997,0.013182643676918912382,0.24455433031501894181,3.5730334886756667245,0.25078410476715135013,15.952498813655019205,28.866622647327208284,1.5408045771063365592,0.4434224811439677616,0.45316923582686291505,6.397140819208926743,0.013718958529837694399,0.40637799118182982294,17.333432904521902884,0.095571029043675329029,5.2888036467333972013,0.0013760991266420414571,28.246161784523089011,0.026640465229389856394,0.91312802373143941992,1.6973314306844531352,0.26433753559195771743,2.7039722840347426569,46.400502590713500695,0.069846302298364762451,0.16631751459154958672,0.012620788931029041161,0.14100341040083008703,1.2035034908863686542,0.14524131029966891315,0.0039008508850254457016,3.8272504400264484303,0.0052606035172738895012,0.22230011063283400263,72.141903186467104092,0.19887765232415388628,25.271886727522243632,6.695479154993660309,0.14777167180426198367,0.18129176072245772877,0.25535784444950848648,3.0373315867378116728,0.00077951801088102458306,0.043169890211420675064,109.00280286072499791,5.9438476551316545837,44.511336848439043479,0.0043137528304001207524,0.00053179201003707046551,5.612813658491210056,5.4319132747077647494,10.28426537204095581,1.1953792821185835749,0.39355925419111564834,0.5021537828641341461,0.0007188700051018647114,0.0061637629763077088699,1.5459207753849950606,4.3791498963757025109,114.68229960601162531,0.10572506270601994549,0.040862118590398295581,1.7136386215319832083,0.26311547359546022529,128.75982468757382549,0.029019732453660622429,0.35417545510731857084,3.6791225614547125033,0.89966563227376616929,16.856219647787035854,2.1334343207443717816,0.026079577800644591912,0.022580261663401376276,19.848455986532755446,1.4742146274560559149,0.36670855385095829648,1.6469054744113544864,0.094796905589135282977,0.96029601371276929189,8.7291163909069648952,0.31411480367635813415,5.2596228957727495512,0.6496637642249579736,0.28190866970022010474,23.879991242434744692,5.3731918213653049321,42.868112628247345697,3.611322117499740969
25,0.019386867376295389281,1.9322088660210599009,21.010608912788775626,0.086402597731012054094,2.7607619430063072841,0.04983255733990635955,1.7748507025250002123,1.1125307817200997818,0.0054883918548804385903,0.062695714063833438146,0.43907630066643449362,0.035699693920932730473,0.034048762829809176012,12.142568827965185108,0.013731215839637078355,0.30576807851995274623,35.772555170292370974,0.25442345856294845685,0.097322915367923090724,187.94419784145679841,2.1407942616667470226,0.11807191160623577153,0.17976820934512788286,3.56170463062931697,0.49154408885889877556,0.029394804811048117626,65.130692003194980089,0.50489692160140620114,0.0014127710181959731058,30.01022721740720911,11.556904688437162676,0.31072322465117607759,0.47632711207220546079,1.8704597746031474959,0.55374377917194861354,0.6419799671810110242,0.042942216215274831015,3.0640337568555797709,7.9700424678749079987,0.24283700136412164627,1.7751174132836118336,0.10077338441888419873,15.68287340597672852,2.5340582056821832069,0.012966909178926603122,0.12198449076563511184,10.413190857862138827,2.7744810948167555331,117.38763297924703011,37.18675640665711768,0.03648396619872017882,5.2123411795111707079,0.40583731954634899575,45.860769159934740458,10.342414112517552383,0.26804691505812872077,6.8512827999797858425,4.0500377130655289548,16.542817590760428459,0.053599375839097802843,1.6899169420768092031,0.00092151454760102898857,0.36074687326844029345,0.031631061595846318713,0.15196462978374014607,0.11987692388759413342,52.133616732112308512,15.744159504652218473,0.021778405027955274192,6.1157137153848113442,0.019350326830858646798,0.40585319668385588798,3.3855595697775004993,4.8074126852557803602,0.02435146274829394844,0.017739315347503503695,0.38632072930242228326,9.1195980077047646972,36.069047525379190233,0.71951041036505292148,42.437711479473236409,33.991247322007509979,0.26741028984610232255,2.6958496883374452047,1.946824517307467195,1.3297891086990920595,29.380169908981336846,2.6798232396068604189,0.29830976071497533608,0.01201404422827168951,2.677007349584042295,0.73841947239486405152,15.318481687100168998,0.022003367205869938522,8.7812827833165059133,3.2050912143137777477,0.00097002012975564680559,0.17966048162580622316,8.6902467979159325751,0.0040723004778328991682
26,0.017306838716567751052,16.581699637670219261,9.1247259633211186269,1.1643218623308173587,0.0090594340871185414371,0.096382994670382887703,0.01138338031659892266,0.19218967181516050102,0.74793300890037839324,9.8200272964556400979,0.19153988817364875352,0.17964189180510134469,2.7680286423575477528,0.080091944075404986059,1.6311466336730378046,0.0034370789939521789041,0.79162403005258774602,3.4250301495551283004,0.85468178482919909822,0.74122631097232216657,9.4140171079115617658,12.594176589742589911,30.327332473708988658,0.0011494093680060202961,1.7376550547336577779,82.116250189154683881,1.8421606361738482871,6.0832830433942981763e-05,0.58106875795881507418,33.641175758227561232,14.770591369848796504,29.6466490238619933,0.59372607857272408083,11.339176142177400664,6.4967834592378874703,0.33094840306239015071,0.16216188992838709293,21.708188800949340447,2.3025157227103534296,0.085281319039404168691,0.016516176338313273697,0.062598601712867185665,6.2616483157084577016,0.1242931499975644255,0.43203856098422921406,0.0095010900483866664312,1.0717597389691422283,11.116006831674546618,3.6278343042828167242,10.930343595624487207,0.79457893105099786091,0.1096688055800617706,14.504581755023828293,5.0228394637904463238,0.00071126821976471503277,30.698085283525511358,6.8475077318030450613,0.98186038162317967881,4.0241229960022462109,12.118841469771714614,0.071767778728301853675,1.1179567715410758666,0.26583369264439871138,0.12667642102551882055,7.5929476230222237021,4.6997366607338006972,79.73268398558842307,0.18044467648032902485,0.017473437803262107521,0.4986239455886024019,9.3480830681430919782,2.9317738271229472069,0.77312131523495097873,0.15146657721833231558,1.2776771069985537466,0.014527723585303298215,16.975673912116068465,0.11880117652558667973,0.0014716374801228154518,0.0022942136837126180134,2.2626281973784374557,1.0976603429417992608,28.874331066959289416,23.965467370083050724,0.94329393797526672749,0.061503585958389311861,15.275124395239803476,9.0404345350603314557,0.39958754472433333227,0.43628909940740395745,0.059571779171907729422,78.043136087628710129,0.13273238119411415181,0.0039884096299303188962,2.5692934203892616729,91.032317162798150889,0.12906387161833426935,0.074006770301699872916,5.3226524187843970992,1.5075541358132493741
27,0.45541796196101075322,0.38675588565640156569,0.15212133491862980805,3.3974798356203113059,0.02340475537230160899,1.339800656967018222,0.0010971028684276765315,23.840152907115594871,0.33923529214353725925,0.92601184726513185996,0.027197036144951905468,20.441813215444962992,1.1411771374716401795,0.11099822893090688369,0.82833741865202892285,0.12619268494347368748,0.079098868025779561775,2.0591162544499574949,5.9110339078830884674,36.429262567239568682,0.49589389519714943688,0.27224485351880106654,39.818514606199883588,0.041921492580505453907,29.989652907988482156,0.355562859515022478,0.027271081815884369581,0.70430442659350500634,1.4773830497571085463,18.673793397973316388,1.3827340414295419269,0.2299430655549322966,1.6876738630504943828,0.06661842161865794143,0.78926252913683259127,0.058124439351370002504,0.22322859901253100379,1.1791686649053738645,11.232149797175488004,0.70680856623389454185,0.00018298049520972935623,0.27205279566158963034,1.3102242366456162692,5.5194730965949103663,164.72097292111669731,0.11277516049994650016,9.6944975016352827879,7.1591943047781008147,0.4886906044191350329,0.082936461339292680273,0.010884433700145549825,0.1138633468608369198,2.8786451362508627128,0.01035119846037358543,0.014694798197651508243,140.82849243610050394,0.029140940629799143985,2.8496723349158483707,0.26137450015387675428,0.13918996958150103849,0.048540694421949345805,7.4903368868470963093,4.0770100490757847922,34.048410400992707991,10.70304364691257426,0.06258507136316862618,2.378910205327865679,13.151157098838885062,0.047920339975634433649,19.060632353343745393,2.7274540893006102849,40.42372822976106761,0.88966805035393026202,0.12393931615084112507,0.27185963351068553884,0.056433283871425606038,7.7825728664276496716,0.40650503037876983825,0.052049919257354318458,0.50514353740076123334,0.66227291239907459808,8.1051846270789127402,10.462460586386155725,1.3698311262203717309,1.2149385829782379798,0.16634364055859862663,0.69575936173270791496,0.088647665358291022342,0.42060886968940697228,74.285676716242178941,0.018637871267187442609,0.19411525308971863679,0.3184917693416414175,0.052801019785042362098,0.021805688727081107281,0.094709491837601841868,0.24459860195237556613,0.71281096277813582596,1.0921768484607401462,3.3503442226793787029
28,0.76565099342687381601,0.26086201860044017087,0.20683772940034275689,0.17546798764905233159,6.3047401971442169964e-05,0.36379421012718299311,11.841426125771539191,0.058877052194533402441,1.2524474573096033847,0.014314389787895665657,0.027484506588874371702,0.21191793647828774394,0.087840434499853362049,11.3170246616206569,2.4028536045210828753,0.20893114421241981704,0.18092492267310297804,9.3167915327928589875,0.082140269167191110045,0.10445057295380079376,0.11728688412465532176,4.4733745111215048595,0.056453071366438345446,6.2956952948491817779,0.10693097448088867418,0.070323374455741008426,3.0738347256131914875,0.14755982985242885319,2.2713618459121613924,32.65566624089066039,1.3115416361740142026,0.034986656756679376801,3.1318515710434451371,13.452119534875416562,0.1929909221390210261,4.5167378075928814596,0.20622922466915327711,0.21643232104460319309,0.36320974732085398173,4.3337443224452645296,0.5759075285533562516,0.012067707442639286769,1.4835118108716505159,1.7829290430749940022,3.160413863778148702,0.31750793480328665108,10.557232455066079879,0.35070491945252640908,0.14720032622037781955,80.041521135689706057,0.132832354313181078,0.23466313390833692942,0.093143539759949794954,0.22790532563169954572,0.011817476449146387119,14.491458188410863528,3.6823523803363111817,0.004644096019211124346,0.23725995772562569197,6.4820869721685721032,9.1642918398361370436,2.429335611040788212,0.92260317765408261792,13.869784220547259679,0.99822611181809051129,0.02050453893704812236,46.817318763179663677,2.3863723115697519361,0.50096498855834215025,103.53330707565143598,7.3357512330390726163,0.84542510441441620639,4.935986792482406571,0.068436292238444509928,0.046436560797589628014,3.9221926795988695247,2.8138261173296736928,0.10449351232986699156,0.078553497271115227396,1.9774717951860074638,0.026622743010387573542,0.11365753636304158636,0.24689460298927140558,2.8321932297365060016,21.522982960718987755,0.73114177351893228085,0.092858926771914762632,3.9032860971783129855,1.4547097644571553854,0.017359077866566655773,0.7108773312904456132,18.628767777827796692,0.21394614819995366739,0.011072511801380129082,1.1901534028573621526,9.5711717789152839231,1.550826687975155993,0.96089735757541039352,0.15648672162453985957,6.3370897699462540587
29,30.502851129680287556,4.5659074394860539314,0.0041533998753518147976,0.025769092787335322325,0.46868303376036463126,0.37034037707850558929,0.037479040962583358432,0.89386781783419144709,0.14148453551522560678,1.7077441796913406247,0.16870273334025867595,0.26415914813819840745,0.24060232680174964415,0.95952498541544761768,0.11811923857209818967,25.354612848450599927,9.225614049634097924,3.4967320577551999072,0.0024864673542999492055,5.8237448670544509355,0.030543502283398936414,0.30084332909482819352,0.19435147436211624994,0.020798481177113622986,175.52628825395379408,0.10065199780143481434,5.7829621499760408554,0.010540144342715355649,0.044909993549668923707,50.470948431883577712,4.1776236783918774265,0.2442175338228791126,3.1106191058964181018,0.23016514745923782881,0.29561554384615573721,5.562116652673687156,0.10161525036415641754,0.0046875790047394734483,3.1394398931220837135,0.028087801210683795844,0.66368970289231954407,0.067605985985154284923,0.61241098697507023729,0.28703197527708956827,2.0845843722873698134,0.094213127522192782748,0.55277688398554813975,0.0036918494147155939827,2.9998952704297465743,32.343419263112885176,56.436245746688797453,0.047348580317997462918,6.673759526313334689,91.299345036199085257,0.00063997745078569426985,0.037137294836997271352,0.0060757012446417046556,0.011175872425916760083,53.539401550321919387,0.0090257174489928888167,0.22016597917194627443,0.128351141753627912,0.022303786189010368912,3.2752391080898148878,0.17719818058882425005,4.5751482621518020366,1.2436029950447826664,9.3432829714962615242,0.22810902821803319407,56.689696773829666654,1.3533187365207999253,276.55491801465717572,0.012605824150859637131,0.002723616506749935301,0.0022254570039103244508,14.614144466812376777,6.0380799485716289965,2.1897681960801591572,1.6129958385120184428,0.082553861789373392255,6.0406711940987394271,0.92511994817138076819,15.152763410297028557,0.54392519958360929788,0.88451571773869142046,1.9286442576020383921,3.159488081564728823,0.74625715226142019798,0.0040607750503237225945,0.86910902275153623098,7.3235607674561329361,0.0055959321127297158294,3.6687566140930507608,0.0020832724743210981853,0.0063979424596372702974,0.58550195786487047034,7.1049199851307403009,0.55441416678281008057,23.673518223656785153,0.042864157597823991652
30,0.1052295845623005266,0.086567155248296237535,0.39246207938468435916,2.3044283324119376744,0.0046650152135491104732,1.7330641519971454745,0.35869883688962178603,0.61885259691281968575,0.43115313912267660967,0.45078310459560100298,0.0020088966068191735012,3.6469343877700275414,6.0765045022914963013,8.9282149878216436889,23.282709491258930967,0.022084064393082036143,0.53631830886863673946,0.92219644691695890071,2.0301888964223864242,0.32312069375802443538,0.043618670212617914606,0.50050552463003583625,4.8604446729976240604,0.19977394196379189006,4.9577137809506934829,1.7146928853998597564,14.544931852500242897,0.66219333574809635667,0.22854614910135079286,8.8818374685103105293,31.12476316514476693,0.24891179558359172175,0.048677968284690016632,0.7161337530333342638,0.045251336890624063725,0.19553918312336499019,0.11996334033736300029,1.8903334888673368752,2.4211954841988272413,0.020820170202397531717,0.00098282307755344876232,0.034796229182200155705,0.35916815278883229556,0.0086808284858134830003,3.0187221586342292134,0.0034976944071740709123,148.03010338721279027,9.1280473606248957452,73.798164211030155002,0.49759587538070088053,3.4167831737728522334,0.0058633641302316156715,0.50638430511106258258,5.0766233263335571735,0.67313951975789010351,7.3530461378093052716,3.1087033290442946942,2.8155251715277640479,15.239141219991696019,2.4356830193178469202,2.3394046840815345689,1.202598163177462709,0.25711057706172285586,0.02699253571206067237,4.4605213054949883755,0.15850733651891699139,0.56711803476628575016,26.224456319797155857,0.23335000516072212928,5.5312848250006325657,25.459900036882824992,68.698792536753046534,3.2710184862725291133,0.80984991041817788737,0.22943419880773335828,1.7893251263426976916,14.30423596054990476,0.030748609980494275712,2.5212312554853992808,7.599377272755124757,22.392298472765070017,0.011765315326633793078,4.0307975855563187295,1.1030167972802500387,4.5171096709411981962,4.060633769202543597,2.0923952511984524882,0.13226974178536576865,0.0033348899311877928421,1.374906792836041225,0.54289492477630529876,3.734358978897652559,2.3343381852699676138,0.79416103523492620475,0.061492393047678603479,2.665292307700251051,0.0051373584124001408016,5.2489761892948978428,1.3451799334738236968,0.13516012095402885063
31,0.5762838616537657721,9.6828394639408834621,35.602699211414616798,11.578227731842151371,0.0015190135848197248124,5.8404569107865524913,0.95709417726894818745,2.0950709828859772621,10.098357223086113166,0.0097513336644847563306,0.014518166702389319334,0.73405520374747468271,1.3449493783973336392,0.55172596060546563734,0.74493140273946556462,0.48973475574661640142,38.5003379635349674,7.3925462794619827278,8.3781923713610630955,16.913809209973511116,0.026370189782320217764,8.6103216048030262186,102.3401391513553591,0.3684311179957448501,0.024389121244717291287,24.642836068864358623,3.3454323326138308836,2.6336877064183528141,0.00029706956891764315027,8.8230344002229550426,2.3697889201383959268,3.8202409291588832474,0.019942052168536800877,1.0919883126036544763,0.91954657241123916034,2.3550078096680695516,0.0027525653667931802501,0.0043484548470403465784,3.5606777968239575749,23.104847490897235218,0.32028748068342099975,0.068677335108692061372,97.660113588851217514,0.0024620046223437865897,47.01725363189989082,4.4326455807157145728,0.49426416623396068895,0.054668152249461754444,5.9599497872621576278,1.8072554520860217853,23.829942275966484289,0.017506565818259347406,24.013155020161423892,1.4252264655716144759,5.9848739522659668566,43.54692365332941506,0.36814128591421213521,0.51927432590726751993,1.3422653736322271989,0.0025735188167870667007,0.059285243150068590856,51.575362669772893298,1.4864787157332028933,0.00012451121374324079978,7.8010433244766090866,0.0017588248636495340278,11.834947499032415053,1.3388377484882527657,0.0086612231937584875652,45.880494402047126812,2.9680468364487668786,25.20394195894553846,11.997876456058008898,0.0048192725445737015499,0.0044559427827408184045,0.097788744238457805946,2.7009366823838663052,25.17873914751387332,0.0081624803619105845698,0.32488465037403457814,0.071351171973863355968,7.1197336264475872269,0.0019727611941602481681,4.8293849935735186918,2.099697253834767352,1.3612812188049414619,84.506917949846936722,0.016714448581445714298,4.1731109015299416853,0.0037733467123116227852,60.012820300457619282,0.070999909172998018625,0.26716103347567193849,0.004728133448519566788,11.823142043594817352,0.31403040910535406915,0.11121784368101793328,2.9293518714977175854,30.043613178299835909,0.28264843961997299093
32,0.0025380690005826472139,0.19544623422942172808,35.772636009186825845,0.88177797741171470847,0.11137855912808400372,0.31500985281963489459,4.2631084963325402981,0.20575128851816126829,1.9571088623305206156,0.00010416372670927227914,0.0047461450276455431976,0.50496223969054121472,1.2308500587975670371,2.1846529977762227936,1.0515657729079037619,0.072089278671210038629,0.32666918836594177611,21.25312186004287085,25.192697529663242051,0.20498971484262418219,0.44805751032882118468,5.0093781810635080731,0.67896504303586113771,0.34924582538682236166,5.9743822230699379361,0.11678837011786145916,15.027905378372999223,10.706653191656124946,0.42800377412090501172,46.723581400976129885,0.40423483991420910977,1.8445581065187894865,0.012348412152956097024,0.80681778124117209394,0.033895538403407934891,48.971676906174117505,0.0063876794330110812578,4.5212513836069039286,1.1287592599433762253,0.01030690587634042199,0.070580642166318499631,1.7637358291015030609,0.10225953445147716037,0.25537353290551678686,3.6696992419074629943,6.8759202711015312559,0.9085818732056766267,1.0422597444024628288,15.843914244281169346,42.724560298072468356,8.1081456334832272253e-05,0.0016359162224261107957,1.2865475439358478038,0.00064808886559879479595,1.9446396851635185943,191.50777290891701909,0.040692688860216784386,24.58028849094905155,0.10549870242873464476,6.4762600885014087737,0.37478090205919123434,0.19178329444934238968,6.4541099937459094349,34.310451641467437867,12.192181038053924169,0.11641243422369337845,69.94948003071486653,0.19978006648916135646,0.007838673537770934549,26.269055763707623186,0.063595297943071782409,0.012484594207659559587,12.897699097629761411,2.839605932792222287,5.9790032469616889443,0.00041533778610700294951,1.7818148353501950254,0.098439071180042705955,0.36854199584064428752,0.0020636031404273245081,8.6259791811911679105,0.013896756494998815934,0.0028289831514562925781,0.55579390947289364355,10.203380621127774219,0.0079303180806316944662,1.197701816567414701,13.489609233948751665,3.7654005812268156461,1.4127896167855258369,0.0067661748201408491304,12.83717744543374728,0.16666938797573374598,0.013465928945269847045,0.44282301260991352443,0.83468987148542939103,0.15031985742303144438,39.131803350642606176,0.036897017661941672317,0.84042154534154800416
33,0.50179106244258508962,0.00080264183377325810584,30.041509632183185374,1.6730603839796176491,0.12099374698883863521,0.87480506740112495834,0.17760924883101750216,4.8287887914882352547,0.22026480488173849626,0.014168580331511528361,0.020066614343922994229,7.1124099411317072139,0.64014198617555018167,2.0137470375013450941,0.032704575245544521833,3.7292742443683581932,0.075136542800894629002,6.1727066100816241345,16.26230080998668015,8.2216196399619931867,0.07187562022326295097,0.064123189598019963986,2.612893489198065744,0.21405366470687495206,0.24203750180331021213,0.078755564615670820006,13.45889146149549731,2.5867441700965216889,0.019959193956429314293,47.085906899411760662,41.563270974975132788,1.6929570283681272258,0.15111184810136688017,0.17525051255741946887,0.29288730969064113996,1.0291641117261038918,1.4996239575570509128,0.49722663165057556789,0.65929574984786631919,0.024715972551328332929,0.1920672101389844233,2.7476881544927462819,0.03062251522453462646,0.06124718820195827057,0.35769106888324098126,0.041640916499259023054,1.1746392733339423575,0.10203018164384650146,192.95901193177991217,0.50593946899231645453,0.29227235760665465358,0.063994426113163027647,0.41646954709773009728,5.4597398539690118469,0.70704617812165404533,1.7765079128463086011,0.059845136618804854745,11.797772578034116719,27.317476097051848427,80.271345313666671473,0.1056544946001383295,0.2966380987201196473,0.10683299123180121926,2.4950911868770440094,2.1750153508016980552,0.089209936232811037904,0.70265608441211913071,30.912605700713125856,0.024755041534629863148,0.92430276682389322929,0.71842062622441360542,1.8661212539696969692,0.065663205036350577593,0.48729552938379372407,0.085095413662838098601,0.056175948847922124729,4.8935201624429360834,0.011940645166192823123,3.2472472198109048058,15.419455740995505977,5.5090205786312891334,0.031043740759855120021,1.1073952915916533968,0.089150937208477484819,2.6951389892227317624,0.35008005319900648011,13.859339122686337831,2.9123883833493211526,3.8402198777716769484,8.1206000030050091709,0.25188669521103640436,0.036582099599125082745,1.5559458347284460533,2.4815017500835625519,0.055155070915653539587,0.091226951774069794943,0.033483228605210149653,97.802197342529950674,0.0082150624241505015855,0.80305115379053881863
34,3.5323983356048072046,0.031403412379942527433,15.856467473603590435,0.064774001118508117703,0.51533276292334040392,11.637394576423046644,6.4071270864958775547e-05,19.168859715700531154,1.5642181404535562272,0.14722814329558894797,0.023098475800059033169,6.4542866989019245239,0.022346864754986532631,0.43037583466258205744,1.5302059533292626803,14.906596495032797378,1.3893663865655434542,4.1366612113262402062,2.3857374825679977803,35.570569814152129595,1.6600878065376032389,2.1749330505553690074,10.824621049107824078,0.60441120204461751264,0.49753181657363793056,4.2716626835914910387,8.129493645032560778,0.081526931146719425203,0.27490362025619996533,57.416647951700078067,42.972200151904210941,26.565120848523488206,0.072611835387717871271,34.205480731746142453,0.050528086375424538512,0.11901885611626605854,3.1877340747073188432,0.11662918068905417379,0.52351734623540047142,0.003844806620426650251,0.45914816024072652167,1.5013605975203596632,13.254734175306248645,3.3913642154569116904,14.006712462762980209,0.8305083162798135854,0.00015213153741040600937,0.010378664143676781528,67.128746788499100262,0.016176516917133794415,1.793103160804498053,1.737292501187925442,3.2891858219658538509,5.5968679751312011561,0.026005720167481212457,151.48120124850908041,0.095317077568116609365,0.36675372808219219856,12.469675926491916584,6.5566084702769611425,0.012439399537267459978,0.93595500866365322068,0.57660799709231502774,0.9013794319755018547,2.1933923957941376948,0.53238782813140450578,73.459667942913824845,0.055046296757615652273,0.0023576042830316659357,0.016136560721986551586,0.103574485218988252,10.688254847445945117,0.56825058459916000242,1.5709566404990744637,0.096455244402394169079,0.78010328167926701326,3.1030457081040503375,1.7379170169443123317,0.0489370304463683653,18.382646557285490019,0.32153995745808555684,1.7454425747992032836,0.49642067350044388752,0.39437589488572843965,0.057797302575891683352,2.4848024188912143373,9.5427065023407617872,0.052600036326383638186,0.08488177420176966359,33.396913262641831466,0.055535251068997260049,0.080091464702335551928,2.3242225347700240512,0.0018525279291725209058,0.60766061868934850843,1.0347326399615623949,1.0109615307163715148,26.894022353384709589,0.25595590763916925559,3.3737343815629232679
35,1.9430192657246130317,0.0011865853571733158637,0.74549658508296257065,0.012098827068034530632,0.43225061444232021346,0.00067238512867240135453,10.124726775791897282,8.0591106153740827978,1.3365160530113524562,0.0088303560404932417149,0.031259378015651310967,18.367218121760430449,0.0043585163350518540959,0.37213226250469882972,0.049991465493040766754,0.10555384138211182377,4.4962859137017687772,0.84868732778421951402,0.016669237822951609579,0.28943546829014182853,0.18549907483794186858,0.053072226878617116685,16.793770458204345886,0.17582351334841941903,17.639227425945051664,0.068131761728724635208,0.010361270219320251745,0.001097739774127405761,1.9321132878871980498,31.533308685053842879,9.7993298476138352981,1.6660475425691629869,0.0035779784467409704932,0.050034850928015739413,3.9031208588554826555,3.0963956443061264601,1.2962535671548585103,2.3931802808929090176,0.024522134255238730444,0.64073301454941555821,1.4689173235690728969,0.82422448240241630302,0.065938454361830226014,106.40439033310704531,1.6311082937016758709,0.0063944594523270463851,0.74481548799071795042,5.8874237039232930613,24.224083427413603431,0.038773085502992916951,0.017787585567942978959,0.067120316750103770076,7.0481144349793369841,0.2871150867034839016,0.024776105734949378789,1.1368952940223022718,1.8109161097307462374,7.1721668931877538,67.636382207343885398,5.3756820579275972349,3.0488055317215048134,0.011926491347199388166,0.14494967672073985621,5.7720972970641595268,0.16792315762747872521,22.269967023052331001,22.769694024161807988,6.8338522816542477401,2.1050324423288588882,55.506019488002792173,0.94054383490284776403,0.13481676139192241837,4.5598390889016702232,13.679005236042879545,0.012743936174700298478,1.195467093697985872,1.8343981229609722661,0.36047173145407701567,37.453694050912581304,0.70825894549381263054,0.027860819950894202129,0.51442113212824502888,29.498569341592574489,0.39202204465084500296,0.0013431667814441121313,1.68064041174389045,7.1918674902897796741,3.3972273581983478685,0.14385037268218631157,39.224614616050182292,0.20293520403492190662,0.029978579034657382857,12.915764161648169761,0.018905359671078834916,0.16783057394866487955,321.23713680991966157,1.3358517207033653307,0.076559288513024154055,0.31935697877823004953,0.033170302816604144147
36,6.8923547766337485143,2.9510111123324600513,0.079884443316077594077,0.0018985547069962581922,0.00059328561913140872089,26.257008943486752628,0.024419688309720747471,0.82319007458928528109,1.48037499030147357,0.099867735637213073119,0.00011779815899731810498,8.9445884640265180821,0.0030863542876080371329,11.697287969896869697,4.8497606901322729556,0.031381834653912567268,0.001220882330556916865,8.6390292898205878203,46.291440287406111054,6.8086418192277120554,0.55388781164930467327,22.448467264213295635,2.7748225187898603039,0.015328533856638470317,14.010913494580139016,0.0095605500198403560452,8.1902852406421366993,5.1554811406737757196,0.66016542146103474042,29.569074964902750224,25.840126986129028808,1.6663328576127427461,0.01941385588869505574,1.200766730509479352,0.013925723690808369803,1.254174918413283768,0.0010313100623673533782,0.029183104355314851835,7.9027946948673504224,29.860631141188957116,4.6792425409074898113,0.0042316967048255677702,0.0010185322357308750855,0.022918567987424247334,0.33373383252935640009,0.28751130662615254074,0.48491598959132403701,0.31445336651038963138,93.229792820345437576,25.484754785627561802,0.038985495602579613161,0.0050131182877370290829,0.12183445551400248763,0.27761235714289911325,0.0068745832716136604651,0.81196657716695064266,0.67782836912002786267,2.6693218839578500834,73.994849143098591071,9.3807937392259255205,0.33657138511723677654,0.032641168326761067775,0.49213062078252983733,0.040394721207913736327,0.12246486055111432956,1.0206025121829007674,34.191772857554340703,0.60858762439624336515,20.362894271023279202,25.02922974286856217,42.342618172286321965,1.0188098586474836349,51.38992788839889414,8.0095190080000655541,0.0057889929076757173226,0.63528951375453912576,5.1215855677545008007,0.014993962605456963647,5.785297777234026384,7.5578725625771765451,5.4564242572357688488,0.15397625964946029531,0.86206665938329496424,6.2414139148411411639,9.1224511985831266969,62.698642975759767637,0.036008782753561376089,0.00047446714238991546031,0.41510301020430007135,28.103963334534832086,0.026164609322066424008,0.20345944280250652381,0.13676403261063907468,0.056694501429353241773,9.2403854918494356951,0.28736093323802591737,14.591839610169444086,17.52090742444896776,0.77039083976766031814,42.394966230765398052
37,1.2591086752277784733,8.2819507704492334454,13.511077913229041059,3.5218041358015086395,1.4102200115433403127,1.1438130318086976445,0.042146237755035641237,0.59227919582368082629,0.051076682031189021838,0.60265576134382992102,0.0066026243000784747353,2.3787013567625066024,0.38723737061463175957,27.259373119402191321,0.00090958413480041828882,0.66617709942412428603,0.16106682365727956197,6.8983239628898456175,0.15186240309059303999,2.4304702344560271676,0.021336041535563357585,1.7302935002572081835,18.799189439329175855,0.0078220048983248541968,1.0764355853772284988,0.036096986873670591778,5.3584918847649154472,0.033914025705559493196,0.0048326183622938818571,0.14922494809851918895,13.25346031097184607,86.197373844500020823,0.2484117670284586854,4.281986591904061612,0.034543460988315038973,1.3237464546740145277,0.085426918313786764925,7.3915405286008377672,17.703545947531448945,0.11269241567383973812,9.9978152349789137787,2.7931694769429702419,7.8505250867271811899,0.42977052604492632648,2.6745894098431661767,1.7883388077834325713,1.0948483622897908774,0.83464621499928814963,1.5689986062237217812,37.585454270514311759,0.20486086573520839726,0.61478796027096416221,7.1583444505620779097,0.044828002820348857027,2.2695902431788903542,108.36368480886606847,0.24294119039321679376,0.53704070293444550188,57.068206956814705677,29.361036425076250111,59.32768949501712541,0.59777773313016879797,9.428436148728394528,0.010437194644475280766,1.1638992823385063691,0.12744384223491278529,1.0198860749312925744,103.52661190619994613,0.0027224349358186982796,3.0691198388984433088,3.3275333152410251358,0.0057793077364795093429,0.052982778527278409642,2.6320105482299824828,0.28235735810302931004,0.15961933422299712237,0.33808971204074622641,7.505264433425766768,0.024168024057035896596,0.065212446465852266786,12.233755795594341009,0.041903935144886085562,0.013623591376754919796,0.10536003976276914207,1.9147446456761019196,5.9976476974993753188,8.9721323138823905197,0.18625576486697209555,3.0345903819267312507,2.3516570353063950272,1.3862752983842030474,0.11806232057436676086,91.022090881387342165,0.24735114401578661703,0.47665352790547810269,0.93565575968888103908,0.005530848839283820928,17.544001098974629116,1.9212447936746321897,2.3443033740222820605
38,1.8266340798101381449,0.1191367564488991504,0.035079275362021981877,0.16630982084309933744,0.00099531751752680278252,0.73977266872495472949,20.529566730806550368,0.48857579148489671539,0.38446966553342715178,0.019412702304906319373,0.018918826514358333402,1.1210703469318419323,8.0779746088892672162,18.970692420014913182,0.011763007934925493597,71.368826069082174968,16.732680478119426937,10.139182249484662179,0.25410829145333463375,0.35393648668680777192,0.00076355674125398005029,10.052121896399359713,57.55015573716423205,0.035687658195716565057,18.263266606264284775,0.067794918240025536793,0.36098446882285240012,0.11556430598639123863,95.134381820564698273,52.807375646605308361,5.5827452760814111343,24.963654832243456383,2.1527263957944939854,2.8293161470361463117,0.032661573196062831936,4.0945844823227277587,4.9794503898907720441,22.746500670986023351,0.58765326273715146055,0.00020181529794275227538,0.16305583251116032018,2.4164654009448294225,19.036698400735932779,1.4584719562245609392,1.5417011937885853889,4.2593899951744012,0.52051834110059980176,0.066206154854118057229,0.97631924888779075822,27.163129410292270904,52.466733225502956373,1.722174264645631947,1.8156534510471722399,5.0205004293326815912,0.0048027783346091743044,55.119432770550311318,0.54793919875656049712,0.0092762247403066610402,10.242257094721423982,1.7704140905986678334,0.13946646192881867465,13.093083560750132577,3.2713930778195519089,3.7910272474025470402,47.825290234762839248,0.0037869414632314937937,0.79891821622917813528,0.025745732086602291649,0.016547346864473233552,48.15193316983029348,1.1817334650186566147,1.6961834553911012691,0.0065227104816783587973,0.014166206691725989619,0.61034491041691818491,6.5343609697887803378,113.54248075000268159,6.5430808991895546001,0.029942152233097991954,0.059695778460267780174,1.293017312716459255,2.2280846997862844283,0.071629463719176583725,6.5775250582680389044,32.331997035711289357,0.0040947393481239775792,49.449885359976761379,0.1517403669090704732,1.7460304729775422139,0.33694463296258281293,1.2327859328108123904,0.38890130917229692731,43.095131226347490383,0.19428461366345120553,0.087081363236565165198,43.297070345622216792,1.0600381754285956859,3.4034285069664398371,0.14568552095286951831,0.036932145786761114148
39,2.050935233983747441,0.041488607495021645466,0.94366890628205701841,3.3759897341986451202,0.17769431225015130948,0.071298172868873341268,5.1565103835382180009,0.50197114262406905549,0.031686432692788167598,0.18550760061778567844,1.3903266733601631344,14.007704978581816846,0.24957955289165689727,0.11782013782610761821,0.055345514669883348613,0.00086901713975887269221,0.20222972687525805902,0.46691884656901788686,0.17805660993808833381,24.341245768007279793,2.5352749903509845808,0.025447656591707931706,0.40324582532736436002,10.205337086504764343,0.019225677157486353863,5.8520523613431691956,34.658231737046200749,0.091351220876416339145,0.06552485421232501217,0.52358547000743893562,6.6007809460783999356,0.0083168731897071690451,2.3264251294418776261,0.61829112818004694496,2.2141120056962422247,0.12682008816893131087,4.6768974522683510742,17.963312272245090639,6.3455266710362350224,0.057314216796041671242,0.074312239148644376741,0.41937445581731802591,17.049025109442677461,20.060467398070112921,9.8994815421849438053,1.1535924253773193193,3.4793762457992447601,1.3627834706393018305,0.1248768322081511839,4.4336572986355919923,1.7432482867058471943,1.4124956885492072622,0.0051851396095145890416,9.4834655095880684428,0.037428955340683252306,79.232602425841477611,6.1742169988744040054,0.054580932118890812532,0.14929126114106688883,9.2665759086411583212,9.9976879472739383914,1.1858139581558329034,0.011406228410371465135,9.5979875690635623187,0.60428559777142232257,1.0321863577126213496,0.39493390440158088195,59.264097070685231472,0.44934232250143246734,3.9006838388857070221,0.31629422702315973526,41.885073422207895533,0.056326437932065445691,1.1722175161651460229,0.11451662918737015584,0.41247415125533237745,7.3055719937979670675,0.057532016681048868401,0.24001934378170705631,1.9156094809567021375,0.078982219538920081514,0.14176645430415377169,1.5032257920191527401,0.22321139246599103201,2.5992727107020274779,3.6905914297768820376,13.184810644457337858,2.583214916992857102,0.044619392053310370783,1.3690470669403302928,1.7072783593825286985,3.1594124730708594839,0.50981744471445455957,0.13475187580632044804,1.6264367108136725815,23.467783071420633689,0.12336694956082175367,0.44732079997408075167,0.59897811557178481934,52.475182754879327263
40,17.556204196330174483,4.5081879544825280703,1.8578488319306003529,0.07642799704486827328,0.5747365274987424888,0.034870698557120043126,0.20386513774329992343,2.1560088915223034611,0.31853991255807811989,0.041746478599663128239,0.012983530644627618716,0.28473897930938146805,0.021686508522199964,0.25316049898985859556,0.068832254242566143221,3.0715642474255937522,14.354186149381639837,0.95362008833414135811,0.18997569665838320851,92.565217290610348755,0.0079665934909498633404,0.2801658125736284366,6.4867254819584863057,0.35653187948250431027,113.82216219832605475,2.8443737035555001214,1.4903692550160700936,0.030993394814875074167,0.062610471194659234051,2.8720212066259489525,0.73810499630183556974,26.012050589021605163,0.0019952266967533426392,1.5078122720377424848,0.40913666784108543295,8.3885306829239318915,2.2920068512714104614,0.45252689769549014898,8.2917357067934869264,0.083892340381219787648,3.3602700454729732549,0.41352756554528369293,23.365513132315712141,1.3972566013280760533,4.2413787568537077988,15.180369444558266423,0.0010313633663407190295,2.8342544089560517406,20.282213976754558615,0.073551136944775663551,4.6483498485071246265,0.29015961078202751056,57.128686540148081008,3.0928274998715608035,0.12250021368804304978,24.976982634200307842,0.45389891956903927195,0.056914683764810750088,21.41932253636122141,0.0082222487099556530038,0.015775135994709935106,1.7729599560961100124,0.2461169579635165694,0.66128250062016447064,0.56693859339621865967,0.021479495387745892176,2.613619596931046285,0.35648505225830096066,0.01597705156088435538,50.743466799000934486,0.21094141958646098201,10.181013548542335201,0.23029585649304237793,0.056044950386111659635,0.00050335016330717394662,0.089796407450084811397,31.278696651860357747,8.3304431268106409192,6.5627183669947788403,0.43057507991445836959,0.009069891843237962159,41.291221345543938526,0.37266139881226972852,0.15069695038858377245,0.034683452386846919113,0.92139664979184332516,13.519380054455380602,0.86876922943756784701,0.019094090200644092681,4.2340356557950462602,0.086626276474211658107,0.012060562992953847983,2.4393458880647465037,0.011125808945880598724,0.11007882966987325712,3.4455916116513485292,0.90484790406522985773,4.012874037285082629,4.3372083063943582815,1.1013155540009711419
41,1.4930561455879145516,0.66617824145933524083,7.0498602260221110427,0.11084028784155554315,1.7746823542004512841,0.16905122794092378169,0.23408566568777941508,3.1721097788425045572,8.6022588488037730059,0.093669727826346194099,0.021708492160024784462,0.055551756092305684676,0.4755316295051313924,0.0078983460960484683233,0.014762788355681726038,0.10331362372644206649,1.1841124137211844758,65.217137442393436686,0.83784687140195701627,3.7382051057005729611,0.031617926938336336773,0.59348147341585211212,5.2963604296583497444,0.68657627930848796893,19.945058798832477009,0.23643944538285494028,0.0082357063987797043264,0.098755917670274639963,0.12749024064813124779,77.950023309931310678,21.338400356737846408,3.6676407162962267883,0.59805399500008127323,1.5909094736038216222,0.25273929046711846036,2.691057171742596843,0.1400716422722550758,0.015897011620535857895,9.4167130329124599797,0.030942759985800160488,0.3965334840703060304,0.33337079632420507647,2.7030649702486790886,0.9920071250390839479,0.13834332694936551933,0.055419222919381005976,0.29612354291771408876,0.25647793195286289203,11.971627151673191136,179.85940437403593251,0.49202283225784609888,3.1213091828717698384,19.482442192873637765,1.1991155127581707429,0.01081036873406416958,1.4415185581244547297,0.0062101209776420657899,0.50139715545484941916,21.315006409528049147,1.2914326629987371575,1.3480748173049570404,0.067221650746325217751,0.34544716432824335017,9.9181726932936769003,27.433531246666795766,8.6694666971981266812,43.379806438985383465,0.3765972220891209421,0.051108076006558686433,0.68115109473338752988,0.18275040496992975281,1.5789825410228535141,0.063305409109545601742,1.2779313871590416429,0.02947328755267679401,17.591025387324826568,2.3096555295336385072,15.191099818379244724,2.6009681287261754434,0.0064105285528298942485,10.783715009999635726,2.1957159945358690756,0.51689482917056139843,1.607629799762499978,1.4429431016205291893,4.8437922513452118523,4.0735302003332742871,0.44692032646614349156,4.6165578461997078819,2.5052824276243672585,1.1976804531465679027,0.59463718431486256577,0.029983932466526766469,0.00010535549229931650281,0.66342994663517740328,0.22781721279384095635,14.998864062508507899,0.10455509784863700751,0.096142510945640496933,21.186687504940419302
42,0.12128384963430173527,0.00159759850961898155,0.648874328217722951,5.2281353701531978473,0.0018471170445227269846,0.042632270658993443035,0.25504244433812206516,0.32849710199326376259,1.6878019694896870817,0.00062286499166512999514,0.04623426698158768916,0.10713426021814898004,2.7891316760478943593,9.6245630587410122558,5.3145953901124824129e-05,38.063691785002525592,7.3222155089323583965,0.34091742304523831031,0.19316182195302392111,1.5160323349847231178,0.011083435395298291484,0.76308368564960282754,70.482927213309011449,0.02800013509341564566,1.4528960355912845515,0.34522246468707057376,17.392746305102118498,0.010099540826996001794,0.01365438776412606324,35.408409371384315989,0.8629165286771652843,0.24355375913282431566,0.0091463394081320922163,0.53326390543605073358,0.082892661870844444594,74.684965170753571329,0.58155642147276598308,0.036548954096656524615,0.015585271542684225182,2.0139659854495293168,1.3198371543029048247,0.013456318722912443547,0.37712994968176499766,0.64236096827883171212,0.0013619493913847092494,0.16041680405386166131,1.3346689890674527934,3.2208912969750098654,9.5681057011508272581,176.47714224616112233,0.12633598003241933161,0.74737047468965589481,74.537078567766400283,0.34902419935962769593,0.0009487492427920109217,4.5373679655813727862,0.19095026159523895148,0.22753764959830347081,3.9288334984716497544,21.376273155397424119,0.089800833664525556155,4.0281101500026847972,6.0444014943186434863,0.62242835999533951963,0.01737154087562767929,0.0054476497329518551796,3.9983285114122995019,27.734858177800678192,0.025573877485965023498,53.186286933455917847,1.4351841920143870723,6.2602279830814850925,5.5879990804149333172,0.029873773837151357952,0.0043330493984043661967,0.0092520699894685868442,15.641208303405445434,0.099980238666196236119,12.50633188780020788,3.6586446360265485467,0.15914387673872257278,0.10928072276386249784,240.1776683437685449,0.90626807491478733603,1.8928667411432134049,0.0056434713455838043591,13.159171654202475921,2.8029840267398937748,0.26817453061569823669,0.63135460904287010742,25.448941879709796154,5.9971725497347980749,1.1808298563341128595,0.00027248833171046783373,7.0394595597587583669,0.74874519523757565587,0.038747444036516705268,2.0361405601274649158,14.768706407026856553,0.97228673020915312719
43,0.0039563693101189144341,0.480160225923921824,6.6536665532683452184,10.249865461345503803,1.3079792246608579198,2.1965396308118023683,28.51562268151498003,0.98662157874471412278,1.3113921915744690683,3.4156969888235666488,0.0013717387405634213007,0.095969673165322164077,0.37051882006729058849,24.77200362154388813,8.9882395203884541957,1.3666294571179464779,13.78732251834371958,1.4867921653132192272,25.542145335863654765,37.550385011026797599,0.020542471437865295752,0.025296531478801981274,35.296200955570903091,2.4045270581279885036,40.689943711839632101,0.437954238157200193,0.45117298175072761968,0.32932169989760728956,0.34348928995626487604,4.5493228219366379506,0.023477252549544292554,1.2840881197941047542,0.035135311609047807646,5.0899111809019306207,0.23998651237068188702,0.12561265479644007081,6.9096566455894832259,0.23170171615814594279,111.98543237628659597,1.0831213637608656519,7.6823466156154038842,13.993417625617842859,32.500167041383683397,0.015767639627832376326,0.000182316165678490696,6.6232431802574343038,0.89929879762723752279,10.766398472182514112,0.093453721549913326694,25.329801173217624921,0.093163204195505389116,0.1378658191452404036,2.1589464451912636633,0.027693318294363424015,144.77736245602221743,0.77973540894686244052,0.3961432962599585883,0.05068048430493612283,0.93319329732188616155,1.3056275907849796969,18.249447789729764224,0.77618716649207564195,2.7542138911548215141,0.16474355370854154579,0.0053344010221555403228,1.9834531852380143935,1.1631928098431354446,58.035926763131364226,0.00081591235834006651303,25.372241377785229588,2.6009693633716812755,9.6227917794672706009,0.11132998574248029189,0.027736944911690968735,6.9639694943268229941e-05,0.40946473246367809384,0.026461148550447219363,1.0735236799102114702,3.872492142620590716,262.1857485575917508,0.00043088690815530882863,0.10754416111824763314,1.1822833798730922883,0.0036382795820697325963,7.404571357065051096,0.79586098795598081423,0.49890818388416752205,3.0865550178874996412,0.04267378887781234087,4.537127031180774317,24.483197794482819631,2.2156466488391899361,0.18826009456245357265,0.0098829129114965472841,29.588254738770032759,0.2955847850086297246,4.0629519410187882045,51.276654811792489852,11.029408624900472802,46.120164667522338675
44,2.5236020002192911527,0.095196837953912746833,17.175008796743252759,0.11824944499568609824,0.098211539059628857884,0.051337202539223560083,0.53582046675606331831,8.4246976968477227388,5.6179542322646467412,0.38852930343627384291,0.0070738407774556368371,1.171037888978071928,0.090965376594944233335,0.12194529323191102832,0.0068140020059994652404,0.6596410282690587934,27.665157476195108899,0.010127768725508152353,0.3618752942618084778,21.702820632336230489,2.7252523585394881067,0.0025691261384387271971,4.1200021785824985088,0.17510455500873944867,8.3973289782579794149,0.40757917175312902147,19.666675322871402187,0.39692776210369629108,3.4839111818471490912e-05,17.84557520683816989,25.380871386812550838,0.51591183957514386016,1.6286245434578878744,0.19684452887885808825,1.5375628859295287221,0.0061772262484388355472,0.138356639322858882,0.031761197233664356654,8.0487651457283604373,0.0054907117916154647014,1.5021518572406147296,1.2564285666642209804,4.6619919946308900904,0.39576386508482847004,0.27693106196782785178,3.7921173117249220574,16.397935353029637895,0.00024614524844640691629,19.576635123596755506,2.8108600404735955003,5.2848811472132108946,0.01314723416188791523,12.166821042403956454,0.83616442314106353972,0.041780609362606059565,1.4397738318321655626,0.073556107912391935355,0.40258324571968828742,10.890976682621513305,3.8270711690433958374,2.1403464377174352684,0.029800531046291361265,6.1321372124325277397,1.3399362394210130311,0.069635568159892261009,7.3079597355364729339,0.02508792672431653728,152.39848557877004964,0.084696238345944488413,3.3729938603584446177,0.0021574411493112031178,44.663658699317529965,0.25656660132945202646,0.0041003781883598910615,0.043122502657810923843,0.72654145398332325989,0.46223343816575623855,10.231256196693774285,4.4988892123488719577,0.89298693678217477832,1.2443163168243289718,0.032377937271815718234,0.33489422279565778107,0.081773394539796609437,0.5917175454250414024,21.951158711512370303,44.812428224980713765,6.314569463837147012,0.029304989402934477488,0.22300464260484062495,199.99136154661076148,0.053385987272332582898,4.2492458237958059541,0.099973055976515651233,0.22978835571794145598,19.699931832245528796,1.8077594261000613507,0.025502834860718370108,30.806423918755090341,0.12950577456767989326
45,0.0051145588062948580885,0.011231684889823829662,4.9374175665446253802,1.2760388861239750913,0.0077574873701419582925,6.8171189050858549408,16.170593086834994523,0.62277640533941636125,0.74767273879444096085,6.105018651602665436,0.043542161555485112134,0.059178148610335115642,0.28441860031700555433,0.20888332085566194141,7.5138582809379714789,0.41806662103580627399,1.081113861052568792,0.27404632720042110261,0.068990615451905157318,2.3422059670418033939,0.035670574436714057309,3.2631865837285123355,7.5896542718796222715,0.024333298690761995947,19.882149754424197852,1.0765942583240133423,2.9498157353410512371,0.012240842446524319298,2.2453471734829402173,65.297562177219830915,0.8142423320951714949,3.6571242860773596206,0.013513046792329263743,0.43534324938290602791,0.96550726693410782175,35.926743925799719648,0.062961693278843447463,0.26793202671142757332,0.057960986786713436514,63.41006673796576365,8.8491625047312947316,0.037508373987951884598,4.492636778934779862,0.069960661040172719694,0.13028417201568442962,0.013746766921964153133,5.6281334548271138019,0.27833507253496297951,7.0462327436025722349,1.3678281505050520206,0.76114814062223656865,0.22110972879487203469,70.16859037777341257,72.302912964027470366,1.5196736535678756486,0.081243214582282383129,1.4693771938833524171,0.00457185068431269475,2.3664057545405987604,0.38998768423178703513,0.0076378563111151910603,0.68830995292104768524,4.6471153586152240678,0.0041748810799573984193,0.044259416729587816586,0.25047370937107871214,43.195615968782099969,0.014518623494577460181,0.064744730585409360213,31.8023576641939556,2.0196114521520174279,5.061189978726684302,1.616788606638260406,1.1829116753109145677,0.0017686043111144059484,0.22614252238411702844,0.3112183174491607307,24.710981089257789023,1.4537635756425226763,1.5437783542241900747,0.8172636023067619826,0.1992206033120997033,10.000207104236636724,2.1283695686338148789,2.864887420210374458,0.0022071532704085778005,10.870328474279119746,1.373441588479839881,0.77737106371415964912,3.531932854504520769,48.466854281995296105,0.74360157040112140336,0.0032105034847696605795,0.00090644911164885729523,18.955490471726406554,0.34799988606510312561,1.4529887099970810738,8.4534364602507690023,23.874165963156656289,0.21887008451136250042
46,7.8179337937060449093,0.037631875483136109639,2.7388240151676201961,6.7584131447239741419,0.00033425402604081558321,0.10802692733914576184,1.1461246194041561086,39.533704553930625991,6.4373288500789493938,27.13284730072941997,0.39891682800507699547,0.088442747065396065675,0.0056020749041588878067,0.014255456262059266331,63.807110295678036493,0.041811236598021092603,0.43731293152457562101,2.3044826558589623922,0.038271467928714227036,0.16445770892247146833,0.036346914114147137187,0.080588579765724033255,8.2698100718868428061,0.78037408102948768729,52.581104665279760013,35.928502373892449384,6.5042062465078895883,0.027532255543161590627,0.10447028425638994753,13.137743511950651154,51.945480234696013611,0.46077547049347361563,0.13396646042187038139,0.043047873111763022835,3.8371976382867876154,0.037448310172829957221,1.6210658680416600852,0.00047111165122557056286,0.013474241322535118054,14.273688568223446893,0.061003692490667296711,0.025944214870601719353,3.4399852979456415625,0.29168796643109384803,17.022102359378447289,0.0046499203801778831932,8.7323568651150385023,5.6052926285862882949,73.658059059445079697,4.3214157677751847686,17.585102734912478439,1.9171954090723191122,1.6673009390089075232,24.865156515903255041,0.776638856832774227,133.40034033647125966,5.3131598297149951193,0.00068086579373706143659,1.7190537175888616073,1.1560445149401950005,0.13818484091433380634,0.0037135300621881648167,0.31358008847678814357,14.683644769402903307,25.883494023006822005,0.039791174730263959014,4.599427751163480238,8.2740158246604025294,0.0099378095991122291503,0.018703286497192640747,1.3879603849168156149,0.80026150254235550729,0.27860164339437365477,0.019184075842086638353,0.092630350935593352979,0.012753981256656004781,0.082027498184451527741,7.3075335813407296115,21.727303948341731399,65.407296659370146585,0.02494907116779665826,0.54188705547216264868,69.127625064545725309,0.10348196658934231962,2.5753752415482744631,2.3508297518650715929,0.99261258170922395117,4.7883773079044296139,0.85501121050984218996,5.8576789458719540349,0.15823698112873257893,26.112589079355309707,0.0045704037065042090945,0.00043163159376951855352,0.0029051350295768111481,0.40258153235624843935,0.65562953519257882729,5.0628835701230840982,0.12932053152947278751,92.237554506096756768
47,0.015123846291330842947,0.0051781748953016347101,1.1348849821988389319,12.793387067794915524,0.044433412898504109911,3.2325488196936338348,0.057295980436955926129,0.31806626458127440493,1.7051633485587391892,0.59256772194885964922,0.51266419283173891852,2.9227569552288099608,0.070623242747751474591,0.26803124064378952562,0.52695549306510003351,0.71818210007905003422,0.33477383155325191044,28.65241905679395984,0.78468655175794954637,5.5916866926009216598,0.060243182851024569546,0.52673986365977454316,9.4655811961778599795,0.76952910300408750022,0.40672975855117649013,22.602054640940746566,1.7587533146452474231,0.0027400980570406233659,3.4943264353184910753,3.6286391565997559994,1.8560487047041398512,0.62906670130908926009,0.010858537731910738316,8.8707977587278517007,0.22582501597147824901,26.036677310562158283,1.195979243574045281,0.26107502431036794244,0.052126909822516012682,0.033921191787547766427,18.531467176465685753,0.4758702662616744461,10.417606803888636691,0.30073014855961449632,0.095954368793545380401,0.37447214876203321898,0.55770184845030501553,4.6323567644859435788,0.0011119589763252334634,0.86458502473186793491,0.048033343347975952786,1.1348168481268556818,0.042200148115611700594,26.902227325537964475,0.20140811020162965872,70.967902406751846911,37.336696052300887061,6.2529140051783054233,4.8959707282507443082,5.2558039678218211321,0.21056341905533723646,0.027720558600558095619,0.010508451074234242267,15.97368179344872452,4.22011496538939479,0.12929209728554219572,0.30175729036149745443,41.779047934037947698,0.006234998797778109475,0.24224704991969636669,0.62661173831082606078,138.81746137569462007,0.0052888938020189896552,0.020847637198407830555,0.0085828564352393183629,0.011418706600956105013,0.37887049395556293696,1.5515579226257658618,0.28723812818006183578,48.493799480659980361,0.0022837076778471293928,0.10945154124374083249,47.683323438874666067,1.4351609694146449936,5.8273662624951256817,0.0038121540854164268596,0.20376907847477243596,9.7275121519501102085,0.32451841533204628387,2.6611668972201441008,26.65979840831909442,0.68814276117752393169,8.6587495792476030232,1.0514677125436278082,1.0718612849140873866,0.97057568171427499593,0.44472771708845709737,18.084999708273176822,5.3759076825284903833,5.4959549977953443545
48,1.5075262658309964703,0.13346596969465818194,7.8122225229187325368,0.23102125110823459875,1.1253523178191022769,0.22606995892555736827,0.25675662238697871675,32.999122889285942506,9.0710543847600710876,2.3490295012382116369,0.0072451019299282900729,2.9465360995129601385,0.0024180591596381232136,0.15627149514112617656,25.052669709119918195,0.23752449210605069974,10.307838508255295906,11.976172635634073416,14.145682239651129919,5.5613965677496866036,0.54165563313524123235,0.86529867325777720666,3.7205043926434031576,0.47645382367853228445,151.36651403658487425,2.5967095106504198831,0.03797222194735266898,0.12847080217555131854,1.4042295969229425801,20.943431706631724154,3.4775765501616473507,0.48341677515745234972,0.02145983777732114392,0.081113188633122279558,1.5840801557936710076,0.0020880906226497879773,0.34884344156016455774,0.53249606570085172841,45.480165260387778403,6.5906710932076846277,0.069362481298331682411,4.4377471816527567228,23.044485017522013948,2.6893306375481857984,3.9372547262586046202,0.88632728853450992723,1.2689764677419179684,4.7506771041209292505,0.017942813477421718643,0.04322717850927394051,0.006320821781950861605,0.19444319610507157514,3.8978161350319413536,0.044778632087247034754,8.0477475303357532965,115.65842109840720298,0.024723150500513539629,39.292458073943983266,13.983369233833936818,0.031273643980447046742,1.3131939728261585731,0.00068368502586178500104,3.8778765142792130938,10.826667452216618415,12.61542684497133493,1.3041787744758375212,0.47303780624170471691,28.341544506410809134,0.3319368287418224539,4.8042480675554299907,0.012900367391216987015,1.9899213798989456858,2.1800295162964022921,0.45875163078142883188,0.067603170031081169511,0.34418252118515868521,1.1764473157145316495,17.526718340113642824,12.28646761870994375,9.6014433327851147482,0.028746203645012260303,4.7557706517461078022,1.5585946871162441596,8.2487035954919409875,1.3590757746872519363,0.15240149218896920091,0.50364959927946306717,0.194072351544095828,0.4040856239317322518,1.6531676290703598564,0.20830040673234137549,0.48573728004847349649,23.474734069920636159,2.2217045888479467486,0.017348535274489752106,18.935745996051622342,1.3763046720646432419,0.083542661091258560435,0.48100499664584961401,0.14632297637803437507
base,7.267489854990155429,0.40797564237257000208,0.025133047592640917617,0.042397143455038845128,0.63267905027709570032,0.73631688122380278827,2.4688434668026992824,0.99694021559224776929,0.13524180997362772461,0.18979994695070750987,0.0041207687346150236735,0.20769899354327125973,0.43649668256363360896,13.348754491415801837,0.024904342500375237224,22.285711517479800392,0.62780211035848587642,5.2321873305336081827,3.2744057571843869781,18.0473336675928131,0.040450750419590245088,0.04549540728098991349,1.257691374645386384,9.4449769733789761261,32.002326271608971808,0.085201667675235931432,0.76681149164866824197,16.168534763114099206,1.1300255942629382488,5.1173651025908828416,1.245563158963034267,35.523528277787050911,0.14420147444816860949,0.92515919395705648043,0.04563477033051737547,5.1415552959217478701,3.1152296343251202337,0.15255458232974536403,0.63656542821883677075,0.53933463559170780055,2.0494506370039564658,8.0229815323048807585,0.49309357797160091597,13.732194548669758305,0.054044745627216526918,10.100505299170402296,1.7953610657422038877,0.031378635928540038469,222.58869196313600014,40.572481110837031792,3.1768856295950662627,0.027318615749855508501,12.627879243583157276,0.29101654554429973176,0.06508176667071410848,0.37594421772794694991,0.018553464838368078499,0.020555801171127360827,29.665097908427537021,0.34594519419197727883,5.5603532433464799567,0.36138278711675303478,1.2854699870902255299,0.66975281871983272097,0.033878511838594506378,0.062163884646742231799,5.6359552539850685804,7.5417629865571012004,0.36107954427362598526,31.64014788438583281,1.6192113966120258439,0.71981817125640445987,0.11274109804487547626,0.57882054005070693314,0.004469659554448281516,4.9643636582385042288,8.6308353906499242214,19.380510477362360433,15.607598927807744715,0.10173327498963172233,2.334203825863569115,0.76487618167870674579,0.062986627609936271521,0.10097782804997623707,8.1717446876948525158,19.22246769727590987,2.3868136143691085493,0.022696337713662220054,0.59064471335989443546,6.6219793604534613607,30.058091009150569306,0.052950337056895391274,0.20555383884878425382,0.13676462556923188463,0.68067439263497075963,0.038836242980860954943,41.071147697490616224,0.76162902437369672803,2.7508673828396954519,0.48498687859805705846
