real_name,pname:p_inst:0_ptype:gr_usecol:q_pstyle:m_r:22_c:11_sp:0,pname:p_inst:0_ptype:gr_usecol:q_pstyle:m_r:9_c:40_sp:0,pname:p_inst:0_ptype:gr_usecol:q_pstyle:m_r:17_c:43_sp:0,pname:p_inst:0_ptype:gr_usecol:q_pstyle:m_r:43_c:23_sp:0,pname:p_inst:0_ptype:gr_usecol:q_pstyle:m_r:33_c:31_sp:0,pname:p_inst:0_ptype:gr_usecol:q_pstyle:m_r:26_c:22_sp:0,pname:p_inst:0_ptype:gr_usecol:q_pstyle:m_r:37_c:37_sp:0,pname:p_inst:0_ptype:gr_usecol:q_pstyle:m_r:32_c:8_sp:0,pname:p_inst:0_ptype:gr_usecol:q_pstyle:m_r:9_c:28_sp:0,pname:p_inst:0_ptype:gr_usecol:q_pstyle:m_r:31_c:38_sp:0,pname:p_inst:0_ptype:gr_usecol:q_pstyle:m_r:22_c:11_sp:1,pname:p_inst:0_ptype:gr_usecol:q_pstyle:m_r:9_c:40_sp:1,pname:p_inst:0_ptype:gr_usecol:q_pstyle:m_r:17_c:43_sp:1,pname:p_inst:0_ptype:gr_usecol:q_pstyle:m_r:43_c:23_sp:1,pname:p_inst:0_ptype:gr_usecol:q_pstyle:m_r:33_c:31_sp:1,pname:p_inst:0_ptype:gr_usecol:q_pstyle:m_r:26_c:22_sp:1,pname:p_inst:0_ptype:gr_usecol:q_pstyle:m_r:37_c:37_sp:1,pname:p_inst:0_ptype:gr_usecol:q_pstyle:m_r:32_c:8_sp:1,pname:p_inst:0_ptype:gr_usecol:q_pstyle:m_r:9_c:28_sp:1,pname:p_inst:0_ptype:gr_usecol:q_pstyle:m_r:31_c:38_sp:1,pname:p_inst:0_ptype:gr_usecol:q_pstyle:m_r:22_c:11_sp:2,pname:p_inst:0_ptype:gr_usecol:q_pstyle:m_r:9_c:40_sp:2,pname:p_inst:0_ptype:gr_usecol:q_pstyle:m_r:17_c:43_sp:2,pname:p_inst:0_ptype:gr_usecol:q_pstyle:m_r:43_c:23_sp:2,pname:p_inst:0_ptype:gr_usecol:q_pstyle:m_r:33_c:31_sp:2,pname:p_inst:0_ptype:gr_usecol:q_pstyle:m_r:26_c:22_sp:2,pname:p_inst:0_ptype:gr_usecol:q_pstyle:m_r:37_c:37_sp:2,pname:p_inst:0_ptype:gr_usecol:q_pstyle:m_r:32_c:8_sp:2,pname:p_inst:0_ptype:gr_usecol:q_pstyle:m_r:9_c:28_sp:2,pname:p_inst:0_ptype:gr_usecol:q_pstyle:m_r:31_c:38_sp:2,pname:p_inst:0_ptype:gr_usecol:q_pstyle:m_r:22_c:11_sp:3,pname:p_inst:0_ptype:gr_usecol:q_pstyle:m_r:9_c:40_sp:3,pname:p_inst:0_ptype:gr_usecol:q_pstyle:m_r:17_c:43_sp:3,pname:p_inst:0_ptype:gr_usecol:q_pstyle:m_r:43_c:23_sp:3,pname:p_inst:0_ptype:gr_usecol:q_pstyle:m_r:33_c:31_sp:3,pname:p_inst:0_ptype:gr_usecol:q_pstyle:m_r:26_c:22_sp:3,pname:p_inst:0_ptype:gr_usecol:q_pstyle:m_r:37_c:37_sp:3,pname:p_inst:0_ptype:gr_usecol:q_pstyle:m_r:32_c:8_sp:3,pname:p_inst:0_ptype:gr_usecol:q_pstyle:m_r:9_c:28_sp:3,pname:p_inst:0_ptype:gr_usecol:q_pstyle:m_r:31_c:38_sp:3,pname:p_inst:0_ptype:gr_usecol:q_pstyle:m_r:22_c:11_sp:4,pname:p_inst:0_ptype:gr_usecol:q_pstyle:m_r:9_c:40_sp:4,pname:p_inst:0_ptype:gr_usecol:q_pstyle:m_r:17_c:43_sp:4,pname:p_inst:0_ptype:gr_usecol:q_pstyle:m_r:43_c:23_sp:4,pname:p_inst:0_ptype:gr_usecol:q_pstyle:m_r:33_c:31_sp:4,pname:p_inst:0_ptype:gr_usecol:q_pstyle:m_r:26_c:22_sp:4,pname:p_inst:0_ptype:gr_usecol:q_pstyle:m_r:37_c:37_sp:4,pname:p_inst:0_ptype:gr_usecol:q_pstyle:m_r:32_c:8_sp:4,pname:p_inst:0_ptype:gr_usecol:q_pstyle:m_r:9_c:28_sp:4,pname:p_inst:0_ptype:gr_usecol:q_pstyle:m_r:31_c:38_sp:4,pname:p_inst:0_ptype:gr_usecol:q_pstyle:m_r:22_c:11_sp:5,pname:p_inst:0_ptype:gr_usecol:q_pstyle:m_r:9_c:40_sp:5,pname:p_inst:0_ptype:gr_usecol:q_pstyle:m_r:17_c:43_sp:5,pname:p_inst:0_ptype:gr_usecol:q_pstyle:m_r:43_c:23_sp:5,pname:p_inst:0_ptype:gr_usecol:q_pstyle:m_r:33_c:31_sp:5,pname:p_inst:0_ptype:gr_usecol:q_pstyle:m_r:26_c:22_sp:5,pname:p_inst:0_ptype:gr_usecol:q_pstyle:m_r:37_c:37_sp:5,pname:p_inst:0_ptype:gr_usecol:q_pstyle:m_r:32_c:8_sp:5,pname:p_inst:0_ptype:gr_usecol:q_pstyle:m_r:9_c:28_sp:5,pname:p_inst:0_ptype:gr_usecol:q_pstyle:m_r:31_c:38_sp:5,pname:p_inst:0_ptype:gr_usecol:q_pstyle:m_r:22_c:11_sp:6,pname:p_inst:0_ptype:gr_usecol:q_pstyle:m_r:9_c:40_sp:6,pname:p_inst:0_ptype:gr_usecol:q_pstyle:m_r:17_c:43_sp:6,pname:p_inst:0_ptype:gr_usecol:q_pstyle:m_r:43_c:23_sp:6,pname:p_inst:0_ptype:gr_usecol:q_pstyle:m_r:33_c:31_sp:6,pname:p_inst:0_ptype:gr_usecol:q_pstyle:m_r:26_c:22_sp:6,pname:p_inst:0_ptype:gr_usecol:q_pstyle:m_r:37_c:37_sp:6,pname:p_inst:0_ptype:gr_usecol:q_pstyle:m_r:32_c:8_sp:6,pname:p_inst:0_ptype:gr_usecol:q_pstyle:m_r:9_c:28_sp:6,pname:p_inst:0_ptype:gr_usecol:q_pstyle:m_r:31_c:38_sp:6,pname:p_inst:0_ptype:gr_usecol:q_pstyle:m_r:22_c:11_sp:7,pname:p_inst:0_ptype:gr_usecol:q_pstyle:m_r:9_c:40_sp:7,pname:p_inst:0_ptype:gr_usecol:q_pstyle:m_r:17_c:43_sp:7,pname:p_inst:0_ptype:gr_usecol:q_pstyle:m_r:43_c:23_sp:7,pname:p_inst:0_ptype:gr_usecol:q_pstyle:m_r:33_c:31_sp:7,pname:p_inst:0_ptype:gr_usecol:q_pstyle:m_r:26_c:22_sp:7,pname:p_inst:0_ptype:gr_usecol:q_pstyle:m_r:37_c:37_sp:7,pname:p_inst:0_ptype:gr_usecol:q_pstyle:m_r:32_c:8_sp:7,pname:p_inst:0_ptype:gr_usecol:q_pstyle:m_r:9_c:28_sp:7,pname:p_inst:0_ptype:gr_usecol:q_pstyle:m_r:31_c:38_sp:7,pname:p_inst:0_ptype:gr_usecol:q_pstyle:m_r:22_c:11_sp:8,pname:p_inst:0_ptype:gr_usecol:q_pstyle:m_r:9_c:40_sp:8,pname:p_inst:0_ptype:gr_usecol:q_pstyle:m_r:17_c:43_sp:8,pname:p_inst:0_ptype:gr_usecol:q_pstyle:m_r:43_c:23_sp:8,pname:p_inst:0_ptype:gr_usecol:q_pstyle:m_r:33_c:31_sp:8,pname:p_inst:0_ptype:gr_usecol:q_pstyle:m_r:26_c:22_sp:8,pname:p_inst:0_ptype:gr_usecol:q_pstyle:m_r:37_c:37_sp:8,pname:p_inst:0_ptype:gr_usecol:q_pstyle:m_r:32_c:8_sp:8,pname:p_inst:0_ptype:gr_usecol:q_pstyle:m_r:9_c:28_sp:8,pname:p_inst:0_ptype:gr_usecol:q_pstyle:m_r:31_c:38_sp:8,pname:p_inst:0_ptype:gr_usecol:q_pstyle:m_r:22_c:11_sp:9,pname:p_inst:0_ptype:gr_usecol:q_pstyle:m_r:9_c:40_sp:9,pname:p_inst:0_ptype:gr_usecol:q_pstyle:m_r:17_c:43_sp:9,pname:p_inst:0_ptype:gr_usecol:q_pstyle:m_r:43_c:23_sp:9,pname:p_inst:0_ptype:gr_usecol:q_pstyle:m_r:33_c:31_sp:9,pname:p_inst:0_ptype:gr_usecol:q_pstyle:m_r:26_c:22_sp:9,pname:p_inst:0_ptype:gr_usecol:q_pstyle:m_r:37_c:37_sp:9,pname:p_inst:0_ptype:gr_usecol:q_pstyle:m_r:32_c:8_sp:9,pname:p_inst:0_ptype:gr_usecol:q_pstyle:m_r:9_c:28_sp:9,pname:p_inst:0_ptype:gr_usecol:q_pstyle:m_r:31_c:38_sp:9
0,43.170344178239510313,0.037012221980032997126,1.3910684925956191549,0.065704568159571624664,8.9365301323727752703,2.6476105464223445018,0.89211031511342264722,13.99482468141419389,1.6938106646537696154,0.36059575312356273447,0.31673562882486833159,0.20482381429412849227,0.16368881380800154313,0.036150202179870971619,0.00099035244515029369552,0.38929609777135382176,44.007978261794939101,0.54011498352023001868,4.7058242344456289175,93.933572146499528799,0.24992058726944957336,0.45004254215649186488,0.014787065852541607033,0.0059515228873410468829,18.385958657678493466,0.25765867742483555825,150.91218452665276573,0.08363195631667151575,0.27630029750899764984,0.63179767263118069565,0.0065230638069124239828,0.0025911573694518377949,0.092543804586016312208,0.042348109202276565388,0.094880549082420051477,23.411163055706396108,1.4096686628413930276,1.3385940198622192643,0.064957313623793561108,0.85925895146233699506,0.16652052819747054091,11.191317787327283995,0.1094587513269745932,4.6643487935273686418,0.47927956761725792889,0.010447239411510883186,0.02203214287985608838,20.061332702942813455,0.24975791616190839983,0.27415119215809674591,0.0055739624871286343188,0.035856722794392587028,10.610082616777123832,53.308785403542692904,0.00034165402224056707313,0.039580760577027300495,0.026631062131317898012,1.0751947036505906663,43.396549269816652838,6.4502115650307123573,1.1777731935812889574,14.568433063889125734,0.035199140384723506814,7.8051124069808315298,0.0022604034800214355995,0.24507451754466194616,0.25940285783715794077,12.919328510625048168,0.014920538093475779751,71.316497915419546416,1.9541208813098405184,17.310285900706162465,11.86720684033802975,5.5089790872911788,0.012803092156551908881,0.17858615125170670956,67.86269441337049102,0.34460506209130142841,14.138894011865291489,0.61569318033207043328,2.4940417484482155785,0.0010823995902660501784,10.783962525383110176,0.38205152991984120403,7.2580395777746353758,0.002922796056112337941,90.019105161878357535,45.078750647383380112,0.028520723430234241891,12.062678890670001763,0.79764892062217962465,0.82939897892186220663,0.011122782087394445308,0.00025546581009558525259,0.0286745921068637874,0.069005270721415309931,4.0508375840650447941,32.093862123509921958,3.5777579131585968142,71.325880163461206962
1,0.44301217002394777111,0.35156574178305494138,0.05377303245197770365,0.55397267680868289563,6.3544678212437911069e-05,0.003847891998997559574,0.13917231624613771168,0.028951979741058859324,3.3370012354118601117,4.8294591211075346138,0.0048973102163187834032,0.11382483587471976805,0.012066060009991394844,0.80712168875679712876,0.55818596401922404571,0.069425450717356382291,0.25897032168658745688,0.13007209570536698573,38.439761711863248195,9.540034791383375179,0.099648286402567842757,0.20469244320470342258,0.10870783833755200132,11.360684293396570155,0.40779661993617116744,8.2710670372562411501,0.26664741906469524579,0.075432053255926320712,0.010874334253804180186,39.412028773193455322,7.6687729364607974958,0.66535790215724455177,0.0071061437808826186449,43.636388593235608369,0.98519053178766136103,1.5186624547392562068,0.30219564522168573806,0.12001272250939928887,14.37075027457179921,0.027421477692692985961,0.67979974645253760102,1.3433575090360250215,1.0276602921724447004,0.012511412684551319677,0.012183903146924530969,6.2318193540136705977,0.0023506544333945699962,0.38020891496699271705,3.8455535484932874546,126.15490429329946664,0.11199231338556840665,0.010839165376259601165,1.8247222402999434543,3.8659993984112848153,0.099455654745965932362,14.030109254506022864,0.12983299847008891725,1.8748744393756020532,61.228762107218095423,87.09538342331417482,0.011337675275841037695,0.063407208587423685708,0.0162989664197301376,4.0328965181863587475,1.9021578366887941236,0.001152049269488636743,33.335808582262650646,2.2190795478573104305,3.7121596768061588811,76.520242329392161196,0.19652455017414419136,32.032582022812178479,9.3276575414731119906,0.99522048688033870611,4.351135977794906817e-05,0.016204692166798078529,112.58863456191164687,1.8716237349109585697,8.2222464399558887749,0.77242653945470385324,0.32252483981145224634,5.8072932376304011726,0.027111530948507611,34.7923895138362127,4.9089503813390829023,0.18011189998368701271,0.10290835092278639851,0.59258943285473608675,0.017565775873101690391,0.65993995431009000452,0.020496633190571107719,0.40748843194150530245,0.070560655325455329256,3.7092888697100621087,0.11823047818034042311,0.0073492602632363518075,11.550410095126387944,1.8142833032525753634,0.014386824415006689917,104.44790765700095392
2,2.7148045535846270226,0.22007427837727383535,0.053033705327443968203,0.60386770195871108946,0.0032386242645305422794,10.966037843539707453,0.028647466282240522523,3.4322679673303371217,0.25464531582385857567,0.15154573185239109123,0.082379395768717542103,0.15745755574546810296,0.0012584902690960931941,169.65626630071773207,1.0690325708392049986,1.1446637436674174104,0.3287870418389999827,0.32075617641508613609,0.0093758905270614496114,28.195122032477172525,0.93563946248350937651,7.2523548035096432329,7.955965406601412937,0.68743713056753152912,0.38211292346974656819,0.092147751557604934414,2.4995822182891762608,0.014978019598881314733,1.6731677352246407953,23.935546160689877837,21.583603372667639064,0.0095514152722114414873,2.6027060764785105995,6.3478621084522748319,0.13784378471265076871,0.38670378156555573756,14.513030962490093501,0.0069403629508865824146,0.0090625706835795790534,6.5714706058423590918,0.21199676534681469176,0.0078628542595839401308,0.72473235386460332919,11.680277285335522564,79.726014367586529374,1.8993983183838134554,1.6462785724588961944,0.0094375108612939715563,3.1861870028072560856,0.0044197276128799594871,6.7871161632025556187,0.03413340369165302618,0.10784565752778010883,0.45321791347322837318,0.013966507617337154887,100.89826627787984137,58.919013439212534422,0.001854931597948655201,2.8527897916673272682,0.16129151795435889283,0.097452944524993839748,6.7492209448419604456,0.084825568465508857652,32.512717262267820217,17.93423288311337771,0.0041150598511708472507,0.62443094660529319118,30.665875219639953997,0.38799960183775056288,0.15288491251716135322,1.0873512137440071168,5.1095892162130649439,0.11217254946447967334,0.00042968679330606751685,0.054328159530025087187,0.018914213834432456324,23.814212737097928851,1.6854083753455861849,4.6384447808515893996,46.708218729916993084,0.078598755001556511179,0.47416392029768950067,6.4718670970750444837,0.056864487355556679604,0.3907641092896723678,0.69908315798885700687,0.37540138902050240732,15.082530740893053789,0.24856169843101891259,5.5956784878200469535,0.066271088064666569539,0.53802781022768253472,0.099155995560066573224,3.2006640536668618988e-05,0.02835680480615561036,1.3705663601051347733,9.6036619171718093924,2.3524262273525402556,0.054844152177900673539,0.030762613165971453011
3,0.11267178736085529944,0.0069100790397950860242,17.187649918446510355,9.7804357243631638852,0.23346008073397656046,0.012569525978115472092,18.763171101255515794,0.11810040870605870156,2.2859934480536914236,7.7350648926275322737,0.011215602944722190965,0.02881203061996492204,0.24437829855649831345,0.064481761224283451472,47.173272285146481408,0.00067269344270237305637,0.61690631593959222023,9.4351665679409233434,0.44327848625982763098,0.013263988615496184395,0.36008089409672539016,0.34064898173046870289,0.16086916524070379864,1.4606392463866415543,10.999679505117230249,36.177240690511823118,0.032606775646129543267,0.0014126096574201441481,0.11987802136855109369,66.608673255989785389,155.74839635990866782,1.1589503397802169982,0.31229850829149558011,0.050827516819279640325,1.1953717848049718597,0.27236634240146578856,0.25461570084609158604,0.057234348145420596565,1.7301047634716080204,0.46051716800509479022,0.010777952313141018689,0.12546275775771117966,2.2909956707287149058,3.238034566960448668,0.010121412632618592697,0.0033396799588243332099,0.52161406884311267707,0.0013716451697976320134,30.079547800774157906,51.977228333125019333,6.4473007872409286989,0.0065725386944599003408,11.068273030744240515,1.4682912047319909288,0.204993131937246581,7.4667539762997137132,0.00021787273574928731805,0.041177954112175771395,8.3858694328286098596,20.713115268307113581,52.338927135977755256,0.00052732801340631206121,0.57698949229014462325,4.1445147838471863011,2.8643547529413124764,147.15077845403718015,51.889962739341513043,18.877944400478188669,1.3228356295941499088,0.35585025619380944439,0.0093009251980948615124,4.9048230062990789691,10.787846544848520125,14.099981675998837005,0.13359981681275956422,10.177434147286973598,0.15838158395105297882,2.0823701671546110958,0.42960999142990102806,0.11960803122415313016,12.159599528742997876,0.01722103023744251532,4.7221397901018073995,1.289860849993395453,61.481379790234065297,0.17585941884192751727,6.4405290117473379397,0.27741634449976337873,0.061240052037185063738,1.1303053327032646092,0.66161282038684754436,13.330355835094296779,0.00064796963134148134831,0.0044762441491117974449,1.9931530835137423185,6.8922972798834800656,9.1574340275292644975,0.010673437218037686025,0.0046941076742329059315,1.7955509999142644784
4,0.27081628502759846899,6.5103181591405148154,0.2305785071704650746,2.375787939157889106,0.0080453859509655705623,0.00021942806531726117593,12.808331631092125136,0.12384034708622984611,3.3743271396973559817,0.040894359758901759061,0.063084725346868555929,5.219364716421615924,0.052798973167890922431,2.8737489758197320988,0.0010359442145283996161,0.030382326922101798861,30.173499429572689934,0.43128835037588864054,93.696141753227308868,0.41033244184025757795,1.1742868319115367104,0.070418470919534792429,0.59218872895632690412,0.014048861618851918656,2.6100978774318210895,2.3643742986145932505,0.035972549701848696713,23.890190878357461912,0.0043240785404293170455,2.6563003914794354188,0.052237783871763796006,12.527012841556315337,0.38421935098401710507,0.21669835830334141513,38.932468867055405326,0.13705640259327867003,0.049045401984161671183,0.30183113332580241428,0.094422646319622188793,0.22192520727390610547,0.19755665087318269313,3.0870821345369492406,0.088846397992260711662,2.7136844820931167455,0.01139071809335862745,0.21768647136901517203,0.28916152512402620856,8.033221466396991417,0.30639597491853765021,43.177340219631247464,0.0041728099922433616736,0.00046102275168759010741,7.696346489802401436,0.01760749002357592935,0.0013888150102076681023,1.3987169300546404838,39.871174718273621806,58.399926356696553853,146.12021243905533652,1.8623116738523619595,0.020331179556364466221,0.45764722121368228702,0.40618033977939604906,1.5359646440137482148,0.10540811204665112566,1.3399802769456601315,0.016726192284748128691,4.4304701891183766449,0.49018256121218561905,1.4621396151272267883,0.5928469156608605628,8.8566860409257497366,23.559867115310158425,0.93950189462416644481,0.078109380523566543375,0.009051606853556718596,0.24876265471845079857,0.20950685012547226593,7.0728356077313812023,13.698129776626105425,0.0030753943386525295876,12.06086496519959006,0.45954428422952986466,0.85256298060706026121,1.2973399944420407337,0.44088661042296484194,53.40168693292761759,0.11025750427416144972,0.77648212499250335306,1.8455934410821785985,0.059544014603940098596,0.15376736426032694416,1.2145270054425418849,0.072117725481963310119,6.3211915208776163766,1.3779693870746632101,21.405135303573430861,0.017227112560840810579,0.52437366801970830554,66.78076950501747433
5,3.4886919636870037387,0.017134759982109882409,3.6278302020086186097,0.24100978240631290572,0.070377592014020468048,0.83028710121112214715,0.29702195953588828026,1.2938004354433678689,0.21747663260074023839,0.66903463923930828194,0.33909920512002272863,19.98543752905064963,2.0242719983963155528,0.035660022239064309568,0.026794724464450608847,0.55206652946981049634,0.0082113640421059060776,0.11862023779512996524,0.0082166167846814582021,209.18841163142590744,0.079490698448470731297,0.0023293305958111487977,120.68220766325096349,4.6579310414478509728,3.3015291640372694815,0.55795258915299583702,2.3204243642144621873,0.013480589391392860249,0.49646511815277960533,0.091409407232360476159,9.6441339870755129482,0.68977803984188734709,0.0035715906885872414009,2.577105197163206185,6.8634171802982493205,0.11009954408780944779,10.182221701435542727,5.6034622939639877615,6.082798891892858606,1.0094270995042464723,0.025355437280549755069,2.9084927857632276726,0.3087175516581294743,0.086185280732288260808,20.3869215877222274,19.76474615446180394,1.746811991683598464,0.09386426297923634865,30.63828826180788667,0.29503629428601951812,1.1356852032835946797,0.030991509966805677601,1.389954739211139767,1.6787384229213626607,6.8957588437910466439,39.484797213383188819,0.0026148588343698478051,0.11811181725403366305,0.067963320181460160074,1.600866157287009317,0.031947801785486854009,0.83281079229843046896,0.18612942122467729389,9.2370449052058667405,0.005320802224806245144,7.9839492243559631035,0.36943572440929978162,55.87515993381456525,5.9160557303504424098,29.205845719785926917,17.253347938518572846,46.976667672968609679,0.0026348677123220667212,3.6278520002272052203,0.038386128330886289117,0.76044353584973101157,65.715189005247566456,0.19274305100618704945,0.00049687725174621779137,0.044423571659291054281,0.081671358793830931,0.30010691556862661988,0.062513527485977146703,0.0012755721686412227218,0.0050871614149548272099,31.833562713288365842,1.3441911390915040059,6.6997809332110218605,0.033941769752082816269,17.853138106796922813,5.6431562338566694237,0.21170137486341078503,1.4348447375577830787,0.29489222845671714257,1.4731378724238211042,40.892495482582226884,2.6003820828376107421,5.8795173978570600681,7.446535833333427945,33.4080693702144913
6,0.2776327454597767308,0.23788988131674282389,2.1096128528622068998,0.23555891504193657293,0.00042632211126852101023,0.017982517600023065901,33.048652525878310371,10.620653981467418348,0.037133361473147712128,0.16614710003128405069,0.057300584438074182725,1.8781584304808047747,0.077627515791765994146,0.085183809239531949054,0.43385242703144677456,0.094799895527097471915,0.10609212891848904259,3.8129931841350392929,1.7570001035278179913,26.724760994291390404,0.069094145524337916009,5.2146625790578307047,0.59084314805204096732,8.7709566274658872231,6.9155565778119285625,0.66420088890344286536,0.39617149471240753478,6.0760485576893419335,0.17159814604044287822,53.449189484643227388,12.624202574685071454,7.291937499303056569,0.23594862253514076178,0.27929153666624051411,0.6223768818254939994,56.515637025553466799,2.6989324941058145946,0.055497738444911272337,0.058018313951422907648,0.20829229135074298074,1.7411188581023384625,0.03415252065824346539,4.3084330563847759166,42.634726003020318785,19.855714624145985425,0.0070010470603022552025,0.026651112419430057765,5.310723342737176722,13.88035601543878883,0.020448115275901155435,1.5961981477838880217,0.048953284651228133606,2.1447110937872215786,18.163357710067050022,0.006477859785713534907,0.57975038280368396126,2.6482845124696363648,0.062749795350672238348,23.168537379830443257,7.1212330800987393431,0.50268593876228750972,2.0789846216183338612,0.20920579276901546395,26.633407475933747577,7.6103968345755639291,0.029413367058032102719,156.70184782217819475,9.0876162540177425342,0.052187173009590914763,18.383853564851214912,17.158548363231066247,7.1846019442026394231,0.81586806949813794887,3.1858462356757573097,0.022077717417192329469,0.085960274358735336286,0.068049442302287377338,5.3738449115411457413,0.21047689770675426235,2.3667975570949355557,0.17221230240100124376,63.189440787510221753,0.092237237732265428547,0.18838026184725825685,0.94025176370563667838,0.15786649087855825213,44.747194815827135983,1.6686836222168037747,0.46719018532700318236,1.4439104381217682249,0.077322606569296126189,0.0065888267172740221794,0.022256842324272087252,0.22740425327182300919,4.514495049103657287,0.089478170186469321856,2.7976561667714352488,0.50119795405280254119,0.040379981630249806024,89.824546098841167918
7,0.26464031666211956795,1.6854003406821587152,0.4992038921385035799,3.1239835974254854811,0.077810574542507213169,0.98271517808741382094,0.2785640226062615632,9.7318792230783426334,5.2786996341116347864,0.76300188042994621096,0.021112303230292603362,0.53456995038187538061,0.031413570912336229168,3.2686295028757776926,2.071980285084052742,0.42462962683145955012,6.1831769065167989652,0.9178773352629618909,19.173750793960188332,4.3853965117684357011,3.2963862816233286956,9.4467291045094938795,3.6822265588398068736,0.0067182626469587045093,2.5097402304408649165,3.9973120643286752518,8.4532458525548506145,0.029495355447783890707,0.30387389936140202229,22.253854561588578775,0.1459496849870697277,0.013207629237852649279,0.18240601563066513591,0.10171015372303443547,0.32750293719011341897,0.090908417859871026856,0.12284519435781569852,0.43055808651784066576,3.065216480966100665,0.62356510830852374117,0.0042111334219484559266,9.6495834238148443518,2.8272713608782074068,0.44541150080957497837,3.3527428878333376261,0.35182790066088787118,0.01113045553029448978,5.9594080361935501955,0.013550421784436387368,4.1372097480441123452,0.021649515151293714788,0.18180749925051070681,0.2838413354200056693,0.39165880968606370249,0.48311768682937267227,16.930268240450061512,0.18201779963194361645,6.9261042522344897776,8.5623398328455131434,2.1053741967788215383,0.067268385955251641661,0.025964423587789317582,0.04962112216523776459,6.9547829278911983408,4.8235389715047567449,0.1981781019711970071,25.29277093822010869,1.1143911652791809175,0.0021333846350039815769,15.275735986109161502,0.3836310988814843892,11.537298486491245342,4.1488625684232012247,0.096565433872043082708,0.15481420654129407488,0.01117992468784245047,0.19098915471032545943,0.36871626010827485143,0.032590515141784758002,6.9894614940192898445,0.049717523929320481257,1.0062365073562578033,0.52834358699200101306,3.9328191799320735278,0.27803544943435770653,0.0094390832560347272956,8.3112164192141406716,0.96298930813431149467,0.098257538603665373067,9.8288532876517784587,0.0061451824102951276355,0.5885441234882385908,1.9874129627305932022,0.0038903724994148254808,0.19739166587022902166,10.405776604195173363,1.798618121116890789,37.042522373085347454,0.11112774315592514884,14.13962883822499883
8,0.89530823808066017921,2.4822330508105632241,2.6108229065736345831,1.2866159937026875326,0.0042742640548510471565,0.65840544621146401827,1.2081211926890695896,2.4987761977781097755,0.1834917326403642801,0.016964751186171033587,0.0010817139064011223326,1.5875660384026597516,0.068997358542868453268,87.789200285520635703,1.0051232921282593491,0.040643971183621396825,0.18004090897655775083,8.3846797921536406761,0.78708674951301649259,20.490915032119232819,0.15729588295148064225,17.080539685790164128,8.3899709234530348567,0.24886131406018474621,0.013535189253329540926,0.2077060191516562071,71.03143525842632755,0.0031727399550560736637,0.016028389141376327837,0.83968261487760920136,13.901511700862640097,0.22788851261901732492,0.61074766045097550471,0.70412294792721541459,0.103071078579235198,7.9412547661381633901,0.0085656492637576110705,0.53807344992199968026,13.735331945829782896,0.91685868674829495983,0.32262111043893443307,0.0072787803463130341247,0.25008154531873993953,9.4156757743212349254,10.504090725946943152,0.17473273976437606048,0.056492428295977510644,30.144476694754196444,7.3184409586478027521,2.2853969241570126769,1.2039122038521641311,0.13949374788358193111,0.46880057055797630383,10.11882830823767776,0.1022202142165742067,35.739212240541476717,1.4854128964923458689,0.0063654191806000849987,15.708489823507299832,77.796900873679376787,0.52391031950262334504,5.7213655658904718493,0.46158320291510179789,3.2780353193222921959,3.2430361454834040202,0.022301071522429334604,117.65582187787539681,49.100878321140719152,0.03890755990184655011,0.60622515805145471557,0.69719482786433739641,17.992679319158813911,8.0531264936410753563,0.69441130195659372948,0.098881735089814418171,0.32630933660348632186,0.2176003417232332815,0.041645482278181135405,0.0072149772276657040196,18.474585997772919654,0.14914241463689811851,1.1755614823672584368,3.4343692563666161632,0.096914847866916425945,13.272343428560573031,0.11037932058044813699,1.9560948759795242502,6.3295315611448765836,0.019508142335370005221,1.4790011438670778166,0.00085595809265935369342,2.7433697737521889337,0.053168059406519287136,0.0014091878392799613972,2.2068008268918641868,5.1931739167890969,0.035125731001120895358,6.8301238684923770705,0.14060183585600108391,96.139328671199990595
9,0.46061619648966262153,0.32681734849014043576,0.005766547315211769352,0.42105933518106208879,0.15600933704930350365,0.0083558666585558435264,26.146271804336187472,0.0061490305992081568248,22.172568820646421983,0.13575665540921444396,0.011359836655275120515,0.0060394422649727788621,0.013910606844315994562,11.50093660756573577,0.97816014596760703093,0.19051551789461201869,3.249117876693469853,35.765994312500836827,0.27527677749548334907,0.17540489910135478868,1.0570357805633212589,0.73494441289827916464,128.13951093667458281,7.1964733228427624212,0.74064986863171566878,3.4938519823223117555,0.24077969616172845146,0.0026331589695071755224,1.105759057343709939,17.587110135206749817,0.66756497234516243289,1.1635274970891362756,0.0065656158485147796122,0.22497586618978818174,2.6212918219390419772,171.7595586318654739,10.971775150598842785,1.5474708144976607738,0.00409538474281684068,4.7224413193641874287,3.2611406171618559924,50.342201512231213201,0.0051719792503601346931,50.054667232270446675,0.085888221397036806914,9.2481081815904193633,0.12035514883977814493,0.0035816592236476321558,1.143075373192444566,17.754641358745175239,0.037438536047221547542,0.0002052137181947262805,0.068931757749990565931,0.43746578021558346627,0.093254372389369205587,0.32111148272511208512,0.016077445590269270198,0.17583031878165042428,36.058286110336922548,4.3507829003287055158,0.52380884662623161674,0.0032415590781573362655,0.0018154829429455493234,0.17453960200234949762,0.055681662463939067542,0.20963765899516106916,73.854687021753107956,0.58956944695960677993,0.85627103474089838464,26.954983710811287523,1.21903990468792367,0.0068264820983226850992,4.1168614102523681808,0.029880395252316258731,0.077397111043771449346,0.0007676054787387065351,51.16855033152512533,1.5920675316960981593,20.119923564866084575,0.039774900365460691409,0.027964419223331773989,0.12527831450186979745,0.50604561377596535277,2.33277362073275496,0.84096352502979510035,1.3954032745497406687,2.8473725767683526477,25.365226757224899501,0.65360323243994067344,0.95117782058855404603,23.673361913203379459,3.5319917262581692619,0.028860004237935409088,1.2259388462655349539,0.11871085523679081319,0.14650940890917363291,21.409008058432778654,23.078217078953617403,0.32655264736039746332,1.2980636626770301056
10,4.9665514239329739965,2.438629675114239781,1.2272259829388865171,1.332864662165579972,0.039803262157908567143,0.0032922132975696316928,0.053069845412270458263,11.295428637333559507,12.085718702738532215,1.9252956875080780019,0.22205975986952658507,5.14103673216550483,0.62328514300080084531,0.00095660295906477147473,0.56268224884084017123,0.0090671217773361165171,40.336030040189193357,13.249085925769243488,0.91998856290699149163,0.064897052047794709373,0.31050571600769494296,0.26551554977238556177,8.3885334886751135031,0.020893555226958283183,1.1085604807233739866,71.40150220829502814,0.68021226527900358061,6.8561307120351783705e-05,0.015139832936423821066,11.067093068244055587,11.742920662207344762,1.462586689839970866,0.50858864732464792446,0.14979742505280616016,6.0738364697462339237,0.36520429675920323964,0.006027804195131375789,0.49307360403285599437,17.703410349895357001,0.0075820467354845554747,0.0069781119575286392268,3.0762868306523758477,19.184136538439961583,1.5768131397513263092,22.759631019336278968,0.0047414391944582221644,0.085722039494097346246,3.9046060729792446686,1.8354882779831780404,37.184772019210392102,0.12939744246520068494,0.38561037190067082303,18.670373634639702232,5.2195209716064061567,0.0024997448690134054308,78.957795809802661324,0.021170565927184317734,0.045700264631094701662,0.90360116471115170533,62.062189602784890496,17.016262832935453275,0.27033161552559142882,0.44831510653318379367,0.40341441029538738228,0.42583817356498765427,0.65241287770834399673,72.889816813749675362,0.56263428431705542199,0.0018401286055344094096,24.247181028075296183,0.31446012240414938921,0.97407055584205237686,21.408500908015110298,3.3892023799780774951,0.030996434030067698123,0.10948716911531092277,0.14105107177729150902,3.3763377124420319575,0.28018628818591789775,0.010506097551181328709,1.2364132490949359955,0.13952468861440836534,7.2016745925425151853,8.0222446891469836316,1.4523527566907172837,0.11739211734669478815,13.22610746734085474,5.8624670418612145895,0.23921190084968690925,3.0254947882432698947,0.20120771255613909001,7.8924147228405834298,0.47031757049361394563,0.0073318721920000023973,0.0024434312408175774996,1.8397161177380041419,0.068102776277954246709,0.27619677339908077496,6.6312666734566372284,69.189679384132389828
11,0.092856104413623533067,1.068958165514318992,0.0017267683223062028301,0.13274819937787152302,0.27939996161271413166,64.886247503055273,0.00068660343532963360059,0.0013232161662568070384,0.11074907576558004618,0.56867315737845747226,0.12806088568156737129,1.82587058662978996,0.62576617021782587891,0.4653375234972774166,3.3415250182373164023,1.6162500463287234886,0.0015335376492551441863,44.720347826866294838,2.5437350312649544826,14.037654182157805138,0.12064623104570995626,0.5789690031474981069,2.7982249416304956213,2.1287551520527348003,0.23264456291078589034,4.1605615613585076318,1.0720714295728137611,0.013619593441749103593,27.288568921970199455,16.703429802497552714,7.9015890521752014664,0.10820705336839016308,1.8954378317286071365,33.781067613313354059,0.021593787418800299699,72.141717788791353883,0.10977652916768600166,0.43046987537754993758,0.44214952457610912084,0.41231829734942748722,0.037789288124112654921,0.15534107529352136901,22.453830445777914093,8.4169930842761733203,7.7857668889518203414,6.2034755878591107958,2.7931547803517808859,0.0070209411753618276505,0.32595993159382202764,59.06631287000492847,0.048639555952495389102,0.39231664965286394686,0.011664548223980320679,3.1874136493332336784,0.053904711578903752311,30.127215609620481729,0.19541376970682455827,0.0041823020501898086274,0.011444203259460598854,0.009131705077990258726,0.24037891539364950044,0.043741905361180118128,0.00090295564224606545637,0.20427385552728058449,0.33419189230552936998,0.0082098365998579826003,46.231349034076252735,0.026195050823506618037,0.07529076711201887484,66.604197177968032406,0.65218118830037796751,61.88799423337622585,0.0033599531350571682983,0.062603479913507925625,0.022969737198911665405,0.24123812807921396484,52.091948747152088117,9.3945853161001409148,0.24327302097968128702,0.020378881454035231019,4.9327228836677257107,0.86053828989342429079,0.64712977026539930669,2.2789354384383293528,70.423179149384736775,0.098320540710789564032,0.60530180979008330056,0.010599600242140868808,0.11446841872007919305,1.2067567682771123128,90.192671365019194241,0.61541161509046216072,0.50917139349669016113,0.041975222812846095521,1.7648560281774647862,0.0045168694224546387245,2.531135064846060434,41.409918510514152956,34.650510813792791964,2.0316360312543455535
12,3.3521641844309697511,0.65285193295704890826,2.6347861291117395943,0.17368234430252901812,0.59413360089577915701,0.32398510106967937094,1.2597146524644937671,6.5337534180314342791,2.8570485878152394044,1.1414151474650806595,0.0289449467761047248,0.20427010143206747461,0.049450484347955507569,0.53496150389478924758,1.693119420988822732,0.054362667179922448402,1.3508328868501178199,20.332635017493373653,2.0349423376054960322,0.55383810960423351943,0.4364300444304607951,1.1773449050478153044,4.8676449538636621384,0.37367222920482651149,35.943033787651891942,0.10531604805885742826,0.34324615002696035049,1.6622349750464717744,0.0086468456362782230434,1.791092051330325452,10.81258666042722183,0.22115897539281553774,1.1420787131902858658,0.01826173738451211323,1.146751652014751155,0.1209998625004123779,0.80080272385340067753,0.037752456732875125378,2.0010480448319372115,0.058242093358800782477,0.90958719060387238642,1.2322568301204508412,0.086971740902299782272,0.45562597939474097641,0.72541306574581976285,0.38158075088515236439,0.22682586771742155318,0.27317175008046146178,6.9723332461076079625,25.60621624117395001,0.38364437999569539484,0.031354410008357945505,0.15448066786302727671,0.18475131265990224483,3.4111304417524594967,3.5478062109510410949,0.0047817658823528256737,1.2533033675497839976,2.8586595875426765723,4.3847158256838874024,1.3530806278174722923,0.0042363099992417220865,2.0510865216716460679,9.2035964211886565067,9.2183338417686560007,2.0142589181773131735,0.12872073855887947169,18.670296467509746918,0.20034789521793114342,0.022260989625572602524,0.30636097489975505637,0.11802492682102977417,1.2845989703869471477,0.66849073136122783012,0.74126697783281969567,0.015849939163925859387,2.1916979350994485465,3.0194158539168616251,31.301457657806583512,1.4243267229056975065,7.4179079855532679133,0.47876533771091522862,0.42006219439751030231,0.22072191327255888393,53.608751798024627533,0.6094801209257237895,10.650497807347763413,1.4133973703285653833,0.76261405147449146114,2.2148880779078337078,0.020915224774399287372,1.7983362888230518539,0.1068312462839579452,0.023737145701749645665,0.061681023882429256155,0.021383886831695807229,1.6691333338082354754,10.220598472307514726,0.034238175116816725596,29.51756784378535059
13,0.67777384945847718445,0.53782959722960543836,0.3998548495947396586,0.70351783538750467528,0.014708482490591420072,0.030950427305691079194,0.037781180502671873889,0.0012554269293653737456,34.370512375200320321,0.037764007395008375445,0.25086978296020095991,4.173176109458752947,0.052301725291974639209,1.9516342325347351139,14.333778898171228633,0.26704991737386463146,0.57241510095568115535,6.2958820118385352416,16.421114524492480768,0.01118234883364775667,0.052957428547010854114,0.053523230536844698668,0.061119844751466881339,0.089904338903728550636,0.089146889549749849802,5.633994307661158274,0.0073013841864513458549,0.022093960463973640052,8.1984452060837309517,61.74955813963997997,2.4337485249878785254,42.713107641786386637,0.60173988876450246188,3.8778261435395577905,1.0998681397874492394,1.775078078446568508,0.2445384672503938539,0.0091879252971308611464,0.03730861961722302389,0.44279220244820938213,0.044300624641878505461,52.87424175332274956,0.19722348184358284851,0.20183237496186523519,0.49821243630438172278,0.42676903819261885475,0.027602313747900123625,0.018014924525371962816,4.5086553425360555991,1.0732045611385061523,0.0029604940841559210934,0.00043756049160180530283,0.78841526717830467952,0.20033107274304370882,0.10293728421612402535,217.53572039528145865,1.7765030312001501844,9.997823664201106908,7.4658491161053710528,15.445540726613238292,26.69932363517133922,0.16301508855742832815,0.000680456001033184028,5.0219021437397595164,0.045631326081190894117,0.97699233333031887394,10.220632470174459527,1.8812439958224536074,0.0005712772179059368103,69.402778698830459803,4.6888789397351393617,0.71078371289968711455,1.078422116536971842,0.0068457435537962428584,0.96382121327175629411,0.14294663263779139317,1.0033811740468820961,0.0016146847009868190662,0.11816400600603042814,1.02111281908799989,0.0002093335373872381121,0.00053584652169630017909,0.0041796760703715360799,0.30407574374920737226,2.8838718725946108634,0.096838096185656794002,0.070715931591049191463,27.525570474663613396,30.266351093354661117,1.2478887928570918664,0.99164309965421282289,3.7577778615053909483,0.024073392769451848472,0.13764143388823027458,0.0069950198573795734774,0.29607037402792718561,15.818558144115119291,10.860276964970928759,0.066448303576751993615,9.2218038031695019896
14,8.6163172118160318291,0.002265700624833177218,11.872448572369979303,0.84859737956126313208,0.011745337629442549957,2.3163697539050458474,2.5369245938792013284,0.93802958267790581548,0.25606604057567844412,0.016454592186900828671,0.15969946737206217047,0.21663686713618213187,0.23136217357330152167,0.12169676329152669114,0.029238234165505822687,1.8127600250788726832,0.32956826036233854982,31.170919078583477102,17.956986547119981878,40.375646558582531043,0.072028718790804122096,0.39811792194231399034,12.15063393060739827,0.010017209432457516854,6.2003848956841398632,2.5225492691962609904,52.402038709716208587,0.934902641754899566,0.054849325607972398977,18.789750972309413157,0.19887854294940343625,0.11125809143452583538,0.33300092846896456322,0.12795899264582288879,0.47765491333744192204,8.4724615117845942791,2.6994752210435675188,4.9323979519868199617,0.0025336139522219888569,8.1851254241016562219,0.11204099526216908245,0.25201359703162046211,0.014063186099549807723,8.9007747421358587303,0.39327101862199792537,0.013323037394647302065,5.1465321567121389279,2.2395459235973347312,10.912738182217344374,0.073867614042711179922,0.31403333803035377025,0.019740626863707508992,0.54756063254160081133,4.0483860311250259301,0.00023024217598805596504,2.1868677775499278937,7.2706243837929278584,0.79188607455790183121,48.065072293157157901,0.084573223538975797475,0.030786541669495372936,9.1721187439015139375,0.31727472567610892629,8.7062447964510614185,0.38036698825090997644,0.092482461866454451771,0.79840081971544418771,16.469598257192206603,0.0039646826941251355966,53.171605898453954353,22.296231891289895799,9.0297005237967749025,0.13048251066595001335,0.050983796375860611361,0.15929504696005084008,0.0015786655143876159816,74.011611346804315303,0.0011147528835666027994,0.15765868684546441303,6.5467799009619307427,0.030903129078406733898,0.6780750500893989452,27.498095411086932671,0.012486722732084743967,0.33159112682025082552,1.1884702028214184644,31.956314515327150616,0.67863285014847118948,0.80484682214275837797,3.825392215612376301,0.88755656642734026551,2.1410478486699364709,0.025439260359698057795,0.1886085369415366475,0.16963237859607582791,0.28811454865750313337,1.7957615506037181152,72.507397712632126741,2.7035940478525124497,1.4541119451385506878
15,13.301287118361823758,0.69035578646384432311,0.15992337023014963071,0.0050419802853181976132,0.047370491985570410687,0.14555028483829990371,4.3629279400719811477,5.0676360759805332279,23.574921861794248201,0.31336426796154925878,0.170534443096495264,0.61412561294375755949,0.0072059378619470136965,0.38082651540047196548,29.821886169163260405,0.019984616864676903181,0.4639512095296640104,0.38483854488983015862,14.419961257452234449,1.3844119219983759272,0.11956134393783687808,18.094702194292505482,1.3936209127226220073,0.98370452163819543934,59.019825258861892792,0.95025639662185912293,0.467256215384290019,0.0088287291239421139544,3.3910671469742461603,0.25530729300991639175,37.006757617280165107,0.020758344984428776098,0.0063732383864622743283,0.29660726638038953373,0.026141788346719617431,5.6657809744485838621,0.174663236600585553,0.032860450042034528018,0.0035645937656472240218,11.234213959172738129,0.076803777972716230638,0.036081293338175973728,0.56410910341928344192,0.3919277625173802071,0.59082658976058777256,0.0044295431407089819881,0.072302651037264353828,19.341881024776789388,59.720770160876675448,1.5356265131627517828,0.051929698395690199186,0.56660256404217979043,0.0097410433412631492606,0.59304116157351371985,2.0929621165848919517,6.0336776592023033672,85.94248685417659317,0.51336670027624442536,0.32225248696989544639,0.13398108509760789375,225.94372665653830268,0.00023298495908754683929,0.00049954429078073606454,3.2023402131515954494,0.29179801455307857738,0.01195894586898243149,19.027868469180805988,0.075901313336920697705,0.18493073075433236196,1.6898862459837897809,19.445818964339782298,1.5395969816020902421,10.136116363837807341,2.1356193103693290603,0.010970288186790577711,0.0057478353995348129696,2.5188969551029467553,7.4477921390718062611,2.4711019846712809489,0.15124663384059700011,1.6263396383735349016,1.0176918156603793619,0.21968339007067361202,0.24937286517918424988,96.983502909508814582,13.073819984927116167,1.4253566355989828462,0.031792603108573361248,0.0041824630266211549126,1.2832572088505000973,0.36605160386488261315,25.502168710770181548,0.074599223486373045233,0.00063453819374008932179,0.58342444634118317826,7.4366169320263235676,17.637299446826993687,19.594390994142550255,0.075586291158226390219,8.0735150299745814806
16,1.6297028740478638476,0.56785482525267916287,0.41219183157804023532,2.1577066871523049585,0.1821265384488388317,0.51174408878631838515,1.0365682086833725162,0.20387753023683397036,1.1418306083398801487,1.1472164749444042631,0.018513347597062367739,1.0252927018270707737,0.024335138708147668191,0.45402289128893785763,1.9196555451379651025,0.20104835373712026669,1.7815056495628016631,21.914954750042586085,5.186296723393978958,0.63253332688929841954,0.08807593863677082302,0.28558088203963022389,0.96159299781120899375,0.04484846441384201382,42.496162581011532211,7.8436482135852827469,6.5849946051303609451,0.031926710842292309322,1.5576971359516520454,2.1360037682701658035,11.579162166118569743,3.7421893227025964102,0.0005124260442871646096,0.1205551912869435166,0.19884378591770951461,0.68899330612947506935,0.0063760926084202047132,1.3209330031115820159,4.5994143551115405089,11.51526439910990085,0.031060193691919309872,17.940872388790992886,0.98257181210341937305,0.017889915946148953613,2.3424225212237690386,0.5456914643507835283,0.42458123410668396902,1.157322262499204335,6.4839811107311406957,51.615973448102302257,0.025150917122778053414,0.0028593983761547293009,6.1992399545529055516,0.96436300830318399946,8.8672753203925545051,158.49737060741708206,0.033279270362083827883,12.401836363871417745,26.809859991889478437,0.14403576582856320032,6.2012277403848825585,8.6559773004225620732e-05,0.091514789848495384228,0.050837404251852749693,0.03159015117381486909,0.57948391692709844136,0.87364332132727962055,14.877949546332752462,0.26382219540845008865,215.00862542349364048,1.1570044661554714782,0.25874453981227368837,2.4704093939471283292,8.235094074423905397,0.0061697994342944416715,0.0053895382076741115557,0.046649883549635513813,0.15632577563883731653,1.8583388683022050714,0.43964875245586620967,0.21731550840177868422,0.03014721487332851918,0.15422075478931715486,9.5457670129775795687,6.9083228767181461549,0.20294717711447171626,0.32224976127215820831,0.046885522780053728864,1.5306328942981186625,25.53216102855060754,0.17459351105327872156,0.48254615878009893271,5.6618894784684377086,4.5269401190770199861,0.064975655302500878729,1.0065296151243090517,0.28813814853877556255,5.6308346960709521056,1.990062354362770014,0.43499469319874872753
17,1.7495491300953855962,0.4118710409601185618,0.070629547546416190928,0.023026648259919284267,0.65855973341938112142,1.7709694831742115451,0.99010668222821329731,2.3332075289056457557,12.688707923433925728,1.1170551359681368808,0.12528458955293864108,0.041946584479526982658,0.21962252429102757656,0.065848762064131052818,5.0044456595972874879,0.76105210888286367599,11.239373819829545198,8.2363857381027223425,0.32737597338255997048,0.12295518435953919911,1.4234106906111017032,0.28666650089393042045,97.070540368672780573,0.21528238334995583592,0.042923659574242885306,10.738794566151197429,43.401712903000145616,0.00057348318261721492693,1.5624449264424780104,15.836527391498091077,3.0020971020950644181,0.09741301289174776612,0.095870912337284411309,0.95352174628143326895,5.9548620832804122216,3.9704930345628217658,0.041350853108775710576,7.1653134020206747934,6.8361496417513896162,0.048957891176463125271,2.6315951173733536095,9.6823882927695468226,0.2348817242226732549,0.14234091270479823366,0.21187701904327430058,0.48188951240567295953,0.96813404112918621802,0.032985702632031245474,34.60583721453545536,36.132386438983679966,2.1186678323430507831,4.9907656669713871267,0.3510656008460668609,50.401483995590190545,0.77248570892884715899,0.7512033669911967193,1.524546180942186302,0.0071418783503353856432,0.46319053079113847726,19.668248157945669163,1.1654627912021868763,0.85516440723287268089,0.75632845936442605339,0.15313619997335362055,0.1228635010378224951,0.022190356941763321463,202.98161490470428703,0.00048026955122530868994,0.042051418779514043722,102.05323711832194533,0.055133401469073160805,0.10387668517225809306,2.1339085125960357558,1.1690193052390425166,0.0054797060134003624035,0.97006162246382832137,17.804961669595151363,0.35923757987687493509,53.287444141424764155,0.47435888240477630529,6.9468529963403025107,0.38095978993106432986,22.766342364783028529,7.4389540381624801313,0.019944300342080979738,3.2150288370316837394,0.119737940762570369,1.669685828368015823,3.0891289663064918081,4.8259986887674140021,0.56762228010928983402,13.616525406890328753,0.50637568984647551851,1.5876740430526483649,0.0085983296325784878966,9.077093006688937038,3.7554799943742218638,18.716240145059742872,1.8093134661385696926,0.06961200108752760296
18,0.0058269107423139995805,1.6961846313418802445,0.54822240202378813567,1.2867410830389423015,0.0088436106233096174745,0.0034353920299044688781,0.043549490713614726067,0.13356827621807468298,63.126852565782471061,2.5792198185303765179,6.491835702436417842e-05,0.10982075299471187602,1.6410114726590894207,2.0432703414077337811,137.7194022144495591,0.57159878574489131342,0.78927148596557161753,0.80651228901774585367,19.118348088422251863,0.053937572733402980307,3.9659543383449431531,1.3260899730622239812,169.4541052168553108,2.9691092777660017532,1.6824826955150828933,286.3122942797699011,0.42769826757360457359,0.0029467668381931086397,0.00026274473101517691618,4.0117708615588307808,6.3743568306244258181,0.18988993477951640609,0.019443246584300983432,0.036917667331233014472,0.099037780253872942371,10.79053942777632713,0.54460388003477255836,0.10278879742899227345,1.008830986852686129,0.0045691512121449938746,0.0065156772844577066223,7.9476848279501552952,1.851750123518336677,16.41471503142870958,3.8428035575855936656,0.012811798518558948495,0.82010542315724344054,3.1688753942395915253,1.4515181597628710186,1.3483354977392130181,0.29760661534701915443,0.0051966483081071646738,1.3958595317528714741,0.016212417329466648208,3.5704313584526925496,10.322548484121151446,0.78154678623682172223,3.0799815697443593265,3.4525285776325689291,27.57286880072908275,42.981631341463966578,0.0072572544553281348803,1.0188489009571057853,21.735517991782238312,1.0444421703693840264,0.0071869441746728332868,24.981853850132328176,1.4048559833246547779,4.0059163248831055975e-05,11.021228901710346193,6.018126824256150087,156.24844674806232092,0.44851590454653106343,0.013836668025212770991,0.022362303356936862053,0.0057116757443210573048,0.0095144545832271214258,1.5978272559676716114,0.17084582023034675102,1.7584934547834227825,0.084028043431503093852,0.76523177074779358264,1.3311503425813373536,0.014089508068821667702,0.16444403018826828089,40.324756418768394894,1.5992589241504460151,33.599875833607576681,0.0011097513453517653809,23.929778242040661951,0.069107503056193175794,1.1483871748443070793,5.517272392631837441,16.051788955944438442,0.0094029892940194880618,0.09344752559014797566,1.0430255157102710228,26.165791779555277685,8.6748220061818077653,66.872935988835635612
19,2.0625470140869417435,0.017386694749496434814,9.0814889593921286348,0.026077957882426044262,1.7573325947660403124,0.17602817220048735947,0.40382102576109329961,4.5505070061325954001,24.669557751995156991,0.00073760373194122158622,0.013727975090520502452,1.7469562034516956661,0.32218170606703266934,0.80663146418408415705,8.7813725391043391255,47.282323361537329731,0.51568857773214127338,3.6697249238381925984,17.03018389462458515,0.15834125241458132938,0.018722073848056870055,5.0945975629713515787,0.24445063012915152489,0.002479713782479623773,54.131306399903607485,0.032823614170158547931,0.4145153118840276818,2.0020528574593421389,0.050421318807604760537,10.3612639254673784,17.138435949263932656,9.8737723532903522994,0.019597820291488713546,0.001726344895760695752,0.2702292840508265237,13.946716378514249612,0.10776594648350570904,0.0071583982533822056865,0.0036691377527959495412,20.5912189030287891,0.51141291036012759275,0.24160143697785799177,0.018999143569639779378,0.44500305696292813407,26.317437541154877323,0.00016901843154030942785,2.194418545316920266,0.017285383987093901059,30.066383874216896288,0.001168966144781940792,0.016190491674932288441,0.0016492824260639572971,35.781840107018943797,0.06178319273643852888,0.84770962304514707597,0.040320663962794857371,0.76141998932626731023,15.764353528686278594,14.208555393409522338,0.38400809630154886243,0.56993225544414050088,0.70685694748432148504,0.093034229657789388468,18.127716647706854758,1.9835309493423096683,0.092790397505091617991,0.33689339853372501921,0.018313850491048187796,0.010370908023620971361,48.910458666231328095,4.1504294908551448984,17.89035968369592311,0.11051142108777203821,0.010190850136796637815,0.21890970991507294197,0.59077983541046097393,0.66949594098866604952,0.027841972499063030039,83.865468053333103171,3.2890812345074253997,1.3604848380533709484,0.018405519927457432428,2.5605787187597108812,0.014119121091205263929,5.3226899753195198173,0.27818427888844809992,8.1744841353024781938,2.8860160036464495015,1.9091413375565591259,1.8567453023576176996,2.0363377101732238472,0.011384114539974347219,0.45923607598657545381,0.17007520676059326159,0.0020739609173986510958,0.097209890145688135354,2.8344991168985673724,90.247756707283087962,0.049122989286381132934,0.016012498425558106124
20,72.984797495061613404,24.295087999023316172,0.0058287167611765092548,21.544447778972980245,0.089912407648803288618,0.059010818518149467382,0.37925763182666222262,0.24401660490935764281,0.84532345307086720343,3.4140464807306707407,0.5378513206297494964,0.050913447286270702152,1.0468863738193288082,0.064327524461260818245,0.00022050476651704599093,4.9655059379660997365,0.15191690297628790418,15.968056587313780526,0.60750686977442269754,0.070221959678958056905,0.035340566838416277717,0.15916438846694383469,0.0046080362844459522853,0.0023569179147181745088,121.67545978713782517,2.6792195574637842626,13.742335643584272731,3.3661399908053302177,0.00011175522147625168887,0.0031803490190301102365,0.02114865559934993311,0.18136502126250236833,0.40202327648822466788,7.3596922304711709373,6.5764537356078651698,11.434466090062205268,0.042218568284548736724,0.49529909549167533411,0.01857349836205819324,0.57629675654566814291,16.269138229626349812,0.051953094686703650551,1.2853786110735427872,0.023622107476699877315,13.473207130659174524,0.077612312776852099283,0.10699603915666028309,10.613469935086966345,0.0020581229751522652632,88.576456954035961644,0.070036883669765112592,0.005652537952739967661,34.217608762207220252,0.02241223218800398459,0.0017044859714061377613,1.3477811681336964167,1.8670411909729232036,0.091510434149081124056,3.499933716305153375,5.9978045481337280975,0.017928163127191146936,10.869741519475132563,1.145916682770682149,15.4919499600770596,0.50057927545456071261,0.055141958461667181512,5.6646675055277091509e-05,143.8930410063813099,25.434146611374430336,2.5892033265342391246,2.3542364278938272548,17.62518708983244764,1.3821581340867306054,1.7666312452593389004,0.0021027571213550265254,0.0044927150833595436499,0.4782354409800572137,0.54865172662865979714,13.653904034155505798,4.3578999396440831759,0.58041781616634779972,2.2724951010821081709,3.1810635938148865698,0.8361003129601369821,0.17653742592163770841,0.047978246667177870677,0.8390248245436654484,0.068541243520404748768,0.0096681482623413549093,0.74228381172828195034,0.54725080454084251702,0.056919864885200732729,8.5268012673290716208,2.8408734437550395846,0.11570007372318340255,0.0027419621745651758145,0.85316275301704891376,4.1060781218176067853,0.19529072592757898419,39.182723314974715834
21,18.152262771706435984,0.0020102369440374331759,3.4467586849305571484,0.017492591111065811105,1.6425715419740385403,29.477542187848076338,8.170004882687250003,4.7252181977678056057,0.37958189713479911775,0.01622702542369168846,0.0035217847669181908711,0.26231149316443641561,0.98790652416812430037,2.2368131809596922821,24.730040221401644374,84.692484732602551389,0.0018869758136649385314,2.3000350842852417266,9.1664671235901487023,0.082854397513172667322,0.60217508806625785756,9.9939432077342331695,0.0044420083577417059442,0.12292687029542988253,5.7825572357321162187,0.62042466925159522884,20.694542110207276409,0.038516677143076681611,6.5866552299513889679,2.964669248232866039,12.223842134277873583,8.4358747024052433972,0.072643596388860837143,1.4024699962721993707,0.082332079383385076143,9.4042264723426836071,0.49517697469367505381,11.3367337420057126,1.048881087539796253,2.9483239848029110242,1.271775099732061598,5.4744018923195900683,0.33436577739345357818,0.54484391057619308008,163.31033177030883508,0.69975221877918258873,0.0058159149008711850948,0.52246551683845954273,8.1547630435959916895,0.13593604044345991566,24.824936810359535144,0.48843455540130614745,33.630635607399163689,1.5515097744828658666,40.27436450374784016,0.47266268869709754386,0.013368893165192104536,3.6366539516481970473,6.5933193782793990678,12.091230765839247496,0.22112840920948054202,0.0027845301786074889462,0.35210935572026752505,4.9025117806042279867,21.574636848451977045,6.2814281695004750006,64.694907464654335172,0.086437424361121645289,0.22052284187263218596,67.519516215142019178,5.7999637220574280505,0.3871224247894590742,0.0090194286708615550169,5.6247381548104558036,0.91835603596775017277,3.9559804403674823092,0.42305237712374743619,0.35662387656995808705,0.010568580789976982429,0.003822963447866318653,0.68498756184395759306,0.14249149551470263741,0.008768158961891476047,1.7550212489735967925,0.016659351556293888752,0.057700236260815142286,46.852841655504541052,5.0642388598045355863,7.3061110224977472427,31.940664406637029771,0.035907260840161180082,0.0011172680912845069003,2.0254880162443140712,0.45434121450869180414,0.25169445153603570153,12.627123618173776265,4.9454606713958453312,90.828346742884846776,0.01978848539189506997,0.010193724020246278106
22,0.45798210117178700385,0.020309172103432790446,2.1028932830844175861,2.1455192140070677986,0.025073540760572960578,0.31961358003860529386,8.4372120210891576875,0.022970640722346339496,6.672650743789575678,0.8047307489425636895,0.0013654463506277616115,0.010232111180555895219,10.720371417548001602,4.698424581402183442,0.68845915606913499207,4.1379768637690625965,0.90868524878883161211,3.8149663440329097952,10.360370871834916784,0.51187614223201260977,0.052977977571126169676,8.7113705472043001521,57.870257825652799966,3.0643674544197638809,0.17950354758519493359,17.42471650004225836,0.39585181035078692569,0.076905226662620521094,0.0054466890730124157757,20.465136983347946398,23.240474561416665011,0.061259470639787531876,0.44849319463861092583,1.1559639526169289692,0.38558531167029153064,4.88694685724829192,5.7350113118749614927,3.5465124587412142354,1.0032639155018763244,0.12928707446453602259,0.034570015664946121547,0.32341459981893677655,1.0045237841976126791,1.278749494633025563,0.038147038410153467913,0.011545618706328419911,2.9231932058235670091,0.041356380642409991399,1.8311441414543567774,0.87393904279403578084,100.2023114465793725,0.29910189191487540628,1.2105903301687233053,6.2446458890432090527,3.1570159455346034072,0.096227878851124964976,0.050766065287069422896,0.81249755084732755428,50.001649910103637353,0.98759384381468362513,0.1915763141669451497,0.1010627358336678161,1.5010642622485443898,0.19178329606989460987,14.35410171542376645,0.028121232771242607451,3.4497706989722765059,0.079898894180292293066,0.039708075691635834337,12.564981140264933401,4.7895850378461366503,123.62520713138195561,0.054234655472282920774,0.34862013488215948254,0.18224327864228004326,2.6801860739079379492,16.631884059774851181,2.8856245285113724108,0.1811667276763604395,6.6958560518114431659,17.078375844904876146,10.927791993769528034,0.30728225009845722138,0.16734798489658753162,0.59414413023280543413,3.6602912033287204885,70.818411814138030991,0.73843475897647192774,0.030416518025585360246,0.080622843943422090041,2.2428281117726580618,0.29759936556224891868,1.8992444204324048229,13.60690416076227649,0.22853657905203886291,0.045156113143239709484,1.2028373817963744496,22.060351823224454648,0.082386721306941412823,0.5281212622974117421
23,8.6362191349458559131,0.21423032010208581388,0.5240084988073574479,1.0673685522665818937,0.025548735090664666247,0.62161401548070671641,12.293108197961654326,1.9549464844621049497,0.82597660228980585018,0.0027779143301553013527,0.021180387110960124941,0.28304948939884749803,9.2606641469378825349,1.1140302081032071868,0.0048038027705346346072,7.0832829292820198575,1.2309270571306256681,6.2023854358764873851,3.7729684360563200407,1.4355916119889948757,0.20160056736932338572,3.8652557017523245797,0.08121555155089058009,1.3538576845137899607,0.072157662566183250474,1.4851902648283137331,179.08354914229141741,14.378919482643631511,0.017709322420740792464,0.46282401346197843406,0.48586030717753247998,0.37198502969379221295,0.10604498754373839486,2.9910346374140366343,0.39210784785427960086,78.405028749819649647,0.0082984099766553569288,5.6412209545594906857,0.098618853291343247514,0.37540115787682692972,0.054085454627945457606,0.21590368236801144031,0.38730383652088862245,0.14392981155099168755,2.5439386906438721248,0.02268464151077757146,13.085687601109848188,5.8033223666264248664,3.0387980405552670327,66.430997362973116083,0.94244411664027027964,0.028771323192442695149,5.9827052655054080432,0.97818700993398954857,0.29141105384499133013,0.58329543628492297458,1.399098011174849665,10.309168196541225626,10.070698188524255912,0.35663189395505351387,0.27315018640648291992,0.68567269362125615739,1.9276373177985912655,0.27237872801427948088,0.28188633480881197801,0.022759927769303286982,3.7018068685953542385,1.605868910626023327,0.044645074317771843431,164.55814201180641021,61.357754515284725016,61.220331018869288187,1.9545248973828868166,4.9518371068955158165,0.060816545968000512712,0.1291299943447616061,0.69283849442116707262,0.12191496971173078345,0.0095103029674790465209,0.098322260427462948584,6.0865614920416986067,0.34402894718698978638,0.007961356889422710123,0.24115293903234322204,9.0887033227726590212,0.40409942663992237666,7.1770457186864859978,1.2514479639613407258,0.23235434753911116124,0.11393382026754730885,1.484650989478567551,0.26947116128817127922,1.9928752419711293076,1.0252748101282971316,2.0414441030522927356,0.039741080740078836564,2.4008252479722296258,5.5164785436917513906,12.40934684557497647,7.2369979200666323393
24,0.28637723400536418961,4.0395976980901862063,42.580102261640746519,0.052724617286488577317,0.028053599173626410368,0.52406499235892578525,0.06377610574071219951,0.00021444399426134231799,31.981645657547915107,0.046330978545400386404,0.24265751419383529974,0.082684618306763893458,1.8899049042396180997,0.013182643676918912382,0.24455433031501894181,3.5730334886756667245,0.25078410476715135013,15.952498813655019205,28.866622647327208284,1.5408045771063365592,0.4434224811439677616,0.45316923582686291505,6.397140819208926743,0.013718958529837694399,0.40637799118182982294,17.333432904521902884,0.095571029043675329029,5.2888036467333972013,0.0013760991266420414571,28.246161784523089011,0.026640465229389856394,0.91312802373143941992,1.6973314306844531352,0.26433753559195771743,2.7039722840347426569,46.400502590713500695,0.069846302298364762451,0.16631751459154958672,0.012620788931029041161,0.14100341040083008703,1.2035034908863686542,0.14524131029966891315,0.0039008508850254457016,3.8272504400264484303,0.0052606035172738895012,0.22230011063283400263,72.141903186467104092,0.19887765232415388628,25.271886727522243632,6.695479154993660309,0.14777167180426198367,0.18129176072245772877,0.25535784444950848648,3.0373315867378116728,0.00077951801088102458306,0.043169890211420675064,109.00280286072499791,5.9438476551316545837,44.511336848439043479,0.0043137528304001207524,0.00053179201003707046551,5.612813658491210056,5.4319132747077647494,10.28426537204095581,1.1953792821185835749,0.39355925419111564834,0.5021537828641341461,0.0007188700051018647114,0.0061637629763077088699,1.5459207753849950606,4.3791498963757025109,114.68229960601162531,0.10572506270601994549,0.040862118590398295581,1.7136386215319832083,0.26311547359546022529,128.75982468757382549,0.029019732453660622429,0.35417545510731857084,3.6791225614547125033,0.89966563227376616929,16.856219647787035854,2.1334343207443717816,0.026079577800644591912,0.022580261663401376276,19.848455986532755446,1.4742146274560559149,0.36670855385095829648,1.6469054744113544864,0.094796905589135282977,0.96029601371276929189,8.7291163909069648952,0.31411480367635813415,5.2596228957727495512,0.6496637642249579736,0.28190866970022010474,23.879991242434744692,5.3731918213653049321,42.868112628247345697,3.611322117499740969
25,0.024957837881937568192,2.3757390491300034441,21.491049283885814702,0.080911922801377003656,3.6994047281338278133,0.055824244349198463844,1.6792887355334524813,1.3856790257695015267,0.0057535366446847544322,0.059778633318500216942,0.4637373241857690731,0.027145257565435433611,0.033385457109144700549,11.572145790222997164,0.013598196031991093696,0.33650759638721605693,38.634415627467362242,0.30226232281994525053,0.10947481543000282811,194.0481115343407339,2.3177324555991671851,0.14464106197704690304,0.13757060816592936447,3.3497338006348398309,0.58802203431746491447,0.027374727612771064533,67.86335999435438282,0.67556657251210938675,0.0012317729928544485143,27.564643266267900401,10.718610342882229247,0.2795271134153611281,0.54226329724106403507,1.6778275186638227368,0.57622831398352136745,0.60519335098177684529,0.039252395248026775154,2.588641869656996608,7.2547408427201904857,0.32177938068758871193,1.5191891873967153792,0.087179770420843807899,14.469613368768731831,2.606856390394930667,0.014769140453940307264,0.10054994664143741823,9.2768310824467903331,2.931136155059423043,124.92571838088073832,36.007725310552032738,0.035467498595142532558,5.0527925112083416082,0.46890427818199914567,43.764304779480021068,10.461262367341758406,0.22060699735427066748,5.3777478011112584966,4.2310162040939092165,17.18619626544692025,0.039815809525731063467,1.3718130330250202231,0.00085749061898699743215,0.37252405702115953812,0.033196958114337482559,0.17847648251375700101,0.12025006726696835235,48.046736987908374772,14.551886370301220452,0.024817232880353003871,4.7171234444395837571,0.018166199875784608958,0.40687095239990195283,4.1071719331170504219,5.3265603395535823239,0.028072182335929354857,0.016972628992362560202,0.40732376094082650697,10.170427583126970816,43.069312801708058203,0.68078540498911910284,56.406092672366902718,42.569322355567955185,0.26502143375444930928,2.8550300830246930772,2.2270881273731286676,1.2528568690044032952,33.560238310256103489,2.3953807465707375179,0.30677840280863244438,0.010755276723438905381,2.2377512940614985304,0.74826689377091681887,12.426554629391032947,0.015606126988660496899,8.2655912470697092687,2.4441429398827700936,0.0010397612365809461802,0.17521743663082803288,7.2355330901308763103,0.0039730547701394185525
26,0.017306838716567751052,16.581699637670219261,9.1247259633211186269,1.1643218623308173587,0.0090594340871185414371,0.096382994670382887703,0.01138338031659892266,0.19218967181516050102,0.74793300890037839324,9.8200272964556400979,0.19153988817364875352,0.17964189180510134469,2.7680286423575477528,0.080091944075404986059,1.6311466336730378046,0.0034370789939521789041,0.79162403005258774602,3.4250301495551283004,0.85468178482919909822,0.74122631097232216657,9.4140171079115617658,12.594176589742589911,30.327332473708988658,0.0011494093680060202961,1.7376550547336577779,82.116250189154683881,1.8421606361738482871,6.0832830433942981763e-05,0.58106875795881507418,33.641175758227561232,14.770591369848796504,29.6466490238619933,0.59372607857272408083,11.339176142177400664,6.4967834592378874703,0.33094840306239015071,0.16216188992838709293,21.708188800949340447,2.3025157227103534296,0.085281319039404168691,0.016516176338313273697,0.062598601712867185665,6.2616483157084577016,0.1242931499975644255,0.43203856098422921406,0.0095010900483866664312,1.0717597389691422283,11.116006831674546618,3.6278343042828167242,10.930343595624487207,0.79457893105099786091,0.1096688055800617706,14.504581755023828293,5.0228394637904463238,0.00071126821976471503277,30.698085283525511358,6.8475077318030450613,0.98186038162317967881,4.0241229960022462109,12.118841469771714614,0.071767778728301853675,1.1179567715410758666,0.26583369264439871138,0.12667642102551882055,7.5929476230222237021,4.6997366607338006972,79.73268398558842307,0.18044467648032902485,0.017473437803262107521,0.4986239455886024019,9.3480830681430919782,2.9317738271229472069,0.77312131523495097873,0.15146657721833231558,1.2776771069985537466,0.014527723585303298215,16.975673912116068465,0.11880117652558667973,0.0014716374801228154518,0.0022942136837126180134,2.2626281973784374557,1.0976603429417992608,28.874331066959289416,23.965467370083050724,0.94329393797526672749,0.061503585958389311861,15.275124395239803476,9.0404345350603314557,0.39958754472433333227,0.43628909940740395745,0.059571779171907729422,78.043136087628710129,0.13273238119411415181,0.0039884096299303188962,2.5692934203892616729,91.032317162798150889,0.12906387161833426935,0.074006770301699872916,5.3226524187843970992,1.5075541358132493741
27,0.45457325471970094766,0.38523758497501819908,0.15159484217220961511,3.4287124981121115397,0.023247177229468889148,1.3402945195850313187,0.0010798611522151752452,23.789273509261349204,0.33922290211991423803,0.91716715469922582837,0.027039019854595634784,20.743784638705154322,1.1396075067189863628,0.11195745734133676075,0.8404765476091984322,0.12626416001873169703,0.077928536618096760913,2.0704667832342176226,5.9700518416453016712,35.98138823196656233,0.4948857291410363457,0.2715637919212354201,39.741465337254297197,0.042065291283148668888,29.790922237254957139,0.35574521272009868023,0.027059859257632840751,0.71101564869429201288,1.4886220395030567154,18.720009679580570605,1.3963490716988331553,0.23180820680606362139,1.677586530694060718,0.066600828110745205479,0.78488786797648646409,0.05777712553534952028,0.2219444767034718935,1.1761585720880907147,11.287673758312442018,0.70633042057415618142,0.00018033107673224779894,0.27380974881916558816,1.3028651584067010294,5.4892356085478324346,167.73886962438680825,0.11321273681547837364,9.6906046110354822076,7.1790171076410977946,0.49187810816146243509,0.082316385284301532566,0.010766712174054846388,0.11317089769914534525,2.8677384691042826503,0.010160483025147258943,0.01490310297096887962,144.21066080824255096,0.029181495448164330303,2.893406382012181588,0.26063858811446999342,0.14011124817451886537,0.048819020420765669999,7.468762454412367191,4.0734074726768465524,34.26704703654510098,10.833180499591790635,0.062027218300840555876,2.3830898656917587353,13.211629641260651979,0.047777359683141909508,19.099166380603826099,2.7366082510677340878,40.052216016731563286,0.89091853510751595202,0.12416940563891756821,0.27380249250166555086,0.056096818402257421499,7.7232667467508679948,0.4000592607545481183,0.052065488170424834014,0.50849245972453149811,0.65798052047488220229,8.0573497861858847102,10.364602358210850852,1.3731515889940841824,1.2084245216550824065,0.16740792658677980387,0.68382869798299938946,0.087974657672115194607,0.42600536389577142726,75.351948277658564734,0.018290620922543899401,0.19324664490924484128,0.32153719133986480294,0.053778093576647076346,0.021442548644460403956,0.094273451935251328937,0.24201819350312273049,0.71837453465297962385,1.0745186680932377055,3.3352334543957384838
28,0.88633890839683437957,0.21081890347242007722,0.25803164234796416299,0.23443141018952642907,7.6390040007385363137e-05,0.40978035357298442376,15.753312312640559867,0.096741472404757819503,0.63923307784675975629,0.016706364595542630425,0.069213582424966113571,0.47276782959971652698,0.060591972885730482901,7.4610820472404197901,2.7403368020505869396,0.045535208480021245603,0.10608006983504388032,9.9168307035525042892,0.059244455504481409458,0.097688174424712045929,0.2642639223370879531,5.0334826854943290897,0.029872028514791208048,4.3398992333599553106,0.063933533093939703962,0.052554533395703303955,6.4499435851982598322,0.2045342709277860882,3.2908814710767892997,26.337782345056957922,1.6522972549172207923,0.01363912038246613799,8.4041156469867814849,8.451728192719915711,0.31637808561316532741,1.6914432330855497799,0.21100375934934084698,0.5204409628575373814,0.5625321794580212531,3.6897929532388817897,0.4592244845951842791,0.0078587875402498542921,1.5487004853011145933,2.2524326939425094452,7.5121404907564928166,0.2104759043060116519,14.86761686681500727,0.58889339752496949743,0.054424069324887601462,77.777603576621672232,0.097511742173201229611,0.52267997079503392133,0.021970079012225370019,0.3475761004402606047,0.009088402826541440091,23.451252172120817363,7.51945717673911318,0.0047100595945817943372,0.1254669202523382987,13.85892321289018625,8.9478888428658152066,2.5013082867544684795,0.65560839935895964814,25.609576872052951302,1.9768721024798121544,0.044033055067861308352,24.501271062648829258,2.6239133156520546564,0.93829819047984031055,45.378019252887042967,4.797982619422489492,0.70864925426742109149,5.0705719134302338347,0.13021911094576804624,0.12777609398454972678,3.6510325906287413034,2.5484685957390227351,0.037991013477464349868,0.090966233613000282987,4.0348323326896844421,0.032440606787106758546,0.08545001711643035458,0.48354925439080398419,4.5848070860100387236,33.536446005307261942,0.46510680510877516758,0.099508282214436846735,4.1484914020486129971,1.9834418007038152609,0.021402633178613274245,0.28301243375872064956,32.863363217799950178,0.21195625334377754534,0.011641243676971129231,1.2658711124088251054,21.028132271913509754,0.75052612457436929105,0.90516067812545553117,0.063207201760093048581,12.140697714788474926
29,30.502851129680287556,4.5659074394860539314,0.0041533998753518147976,0.025769092787335322325,0.46868303376036463126,0.37034037707850558929,0.037479040962583358432,0.89386781783419144709,0.14148453551522560678,1.7077441796913406247,0.16870273334025867595,0.26415914813819840745,0.24060232680174964415,0.95952498541544761768,0.11811923857209818967,25.354612848450599927,9.225614049634097924,3.4967320577551999072,0.0024864673542999492055,5.8237448670544509355,0.030543502283398936414,0.30084332909482819352,0.19435147436211624994,0.020798481177113622986,175.52628825395379408,0.10065199780143481434,5.7829621499760408554,0.010540144342715355649,0.044909993549668923707,50.470948431883577712,4.1776236783918774265,0.2442175338228791126,3.1106191058964181018,0.23016514745923782881,0.29561554384615573721,5.562116652673687156,0.10161525036415641754,0.0046875790047394734483,3.1394398931220837135,0.028087801210683795844,0.66368970289231954407,0.067605985985154284923,0.61241098697507023729,0.28703197527708956827,2.0845843722873698134,0.094213127522192782748,0.55277688398554813975,0.0036918494147155939827,2.9998952704297465743,32.343419263112885176,56.436245746688797453,0.047348580317997462918,6.673759526313334689,91.299345036199085257,0.00063997745078569426985,0.037137294836997271352,0.0060757012446417046556,0.011175872425916760083,53.539401550321919387,0.0090257174489928888167,0.22016597917194627443,0.128351141753627912,0.022303786189010368912,3.2752391080898148878,0.17719818058882425005,4.5751482621518020366,1.2436029950447826664,9.3432829714962615242,0.22810902821803319407,56.689696773829666654,1.3533187365207999253,276.55491801465717572,0.012605824150859637131,0.002723616506749935301,0.0022254570039103244508,14.614144466812376777,6.0380799485716289965,2.1897681960801591572,1.6129958385120184428,0.082553861789373392255,6.0406711940987394271,0.92511994817138076819,15.152763410297028557,0.54392519958360929788,0.88451571773869142046,1.9286442576020383921,3.159488081564728823,0.74625715226142019798,0.0040607750503237225945,0.86910902275153623098,7.3235607674561329361,0.0055959321127297158294,3.6687566140930507608,0.0020832724743210981853,0.0063979424596372702974,0.58550195786487047034,7.1049199851307403009,0.55441416678281008057,23.673518223656785153,0.042864157597823991652
30,0.1052295845623005266,0.086567155248296237535,0.39246207938468435916,2.3044283324119376744,0.0046650152135491104732,1.7330641519971454745,0.35869883688962178603,0.61885259691281968575,0.43115313912267660967,0.45078310459560100298,0.0020088966068191735012,3.6469343877700275414,6.0765045022914963013,8.9282149878216436889,23.282709491258930967,0.022084064393082036143,0.53631830886863673946,0.92219644691695890071,2.0301888964223864242,0.32312069375802443538,0.043618670212617914606,0.50050552463003583625,4.8604446729976240604,0.19977394196379189006,4.9577137809506934829,1.7146928853998597564,14.544931852500242897,0.66219333574809635667,0.22854614910135079286,8.8818374685103105293,31.12476316514476693,0.24891179558359172175,0.048677968284690016632,0.7161337530333342638,0.045251336890624063725,0.19553918312336499019,0.11996334033736300029,1.8903334888673368752,2.4211954841988272413,0.020820170202397531717,0.00098282307755344876232,0.034796229182200155705,0.35916815278883229556,0.0086808284858134830003,3.0187221586342292134,0.0034976944071740709123,148.03010338721279027,9.1280473606248957452,73.798164211030155002,0.49759587538070088053,3.4167831737728522334,0.0058633641302316156715,0.50638430511106258258,5.0766233263335571735,0.67313951975789010351,7.3530461378093052716,3.1087033290442946942,2.8155251715277640479,15.239141219991696019,2.4356830193178469202,2.3394046840815345689,1.202598163177462709,0.25711057706172285586,0.02699253571206067237,4.4605213054949883755,0.15850733651891699139,0.56711803476628575016,26.224456319797155857,0.23335000516072212928,5.5312848250006325657,25.459900036882824992,68.698792536753046534,3.2710184862725291133,0.80984991041817788737,0.22943419880773335828,1.7893251263426976916,14.30423596054990476,0.030748609980494275712,2.5212312554853992808,7.599377272755124757,22.392298472765070017,0.011765315326633793078,4.0307975855563187295,1.1030167972802500387,4.5171096709411981962,4.060633769202543597,2.0923952511984524882,0.13226974178536576865,0.0033348899311877928421,1.374906792836041225,0.54289492477630529876,3.734358978897652559,2.3343381852699676138,0.79416103523492620475,0.061492393047678603479,2.665292307700251051,0.0051373584124001408016,5.2489761892948978428,1.3451799334738236968,0.13516012095402885063
31,0.81951123859285845974,17.18023667639553409,32.30453234984364741,11.20670106722070436,0.0015459341648696787834,5.6220367522919474368,0.94389183525744380088,2.242607374431043521,15.410466459575834719,0.0097051161426194090809,0.013788513329598262383,0.51204121578466721409,1.6973599538676849008,0.40133617969807916515,0.53650838862361038828,0.99631943140658718594,47.755154912218984009,7.6324325893877142946,10.172471111541137034,14.412714966719830656,0.019506268013652384996,7.7408017869210237194,91.1556699061159037,0.27577614699828845168,0.036369019389493495442,30.596506730021090448,3.0881328545414299391,3.1481317504959678288,0.00013178242257385556612,5.3281730175308776865,1.4246727200083013631,4.3181359235777829753,0.015631881622831474143,1.1229694376591550231,0.99229028360336857251,3.643463181966084985,0.0018262107147403289741,0.0026644238989123082695,2.5090679098332655528,30.911785161867975091,0.451335097617019676,0.072561530736930682228,105.42153621963805676,0.001774900004975698501,61.293467475744876083,4.7376657457242110638,0.44023881557150651433,0.066696840430046436254,5.8645533465734844825,1.8107345496732958345,23.899603043516812306,0.013146592385970389677,51.554873959997813415,0.91977266549009917274,6.282993734493704352,33.301145191894931941,0.39238429931755680613,0.49243618496819868691,1.3248346893622546805,0.0016355063146807741724,0.055893125450180297653,71.409086515901407211,2.107771230009972907,0.00012093446118117494564,6.5508420013488510847,0.0011052802945349098507,7.9660843311749287565,1.424226533110110049,0.0074019265574941442432,65.32594276928946897,3.6246643947371235406,27.303514671694642857,13.33822320816539353,0.0036617907934452034735,0.0028247577543860482099,0.077216180156667826862,2.0485886511841564506,40.711875320279510504,0.0084414863145609361078,0.2443124563952235595,0.061960047665891929136,9.6913339505436155719,0.0014520731233728144741,3.822416713573474123,1.2364561849275652605,1.5953178474526064079,82.967365182149023894,0.015324260428026941286,3.8430611204515798818,0.0030627926897005236344,80.255917415953717864,0.047330455373479039805,0.32162428052232466813,0.0053233532731809859312,9.4481197723519088072,0.20344459594437594441,0.1402900335446711777,3.1077472729922890338,46.652945853923363018,0.24391073715818478718
32,0.0025380690005826472139,0.19544623422942172808,35.772636009186825845,0.88177797741171470847,0.11137855912808400372,0.31500985281963489459,4.2631084963325402981,0.20575128851816126829,1.9571088623305206156,0.00010416372670927227914,0.0047461450276455431976,0.50496223969054121472,1.2308500587975670371,2.1846529977762227936,1.0515657729079037619,0.072089278671210038629,0.32666918836594177611,21.25312186004287085,25.192697529663242051,0.20498971484262418219,0.44805751032882118468,5.0093781810635080731,0.67896504303586113771,0.34924582538682236166,5.9743822230699379361,0.11678837011786145916,15.027905378372999223,10.706653191656124946,0.42800377412090501172,46.723581400976129885,0.40423483991420910977,1.8445581065187894865,0.012348412152956097024,0.80681778124117209394,0.033895538403407934891,48.971676906174117505,0.0063876794330110812578,4.5212513836069039286,1.1287592599433762253,0.01030690587634042199,0.070580642166318499631,1.7637358291015030609,0.10225953445147716037,0.25537353290551678686,3.6696992419074629943,6.8759202711015312559,0.9085818732056766267,1.0422597444024628288,15.843914244281169346,42.724560298072468356,8.1081456334832272253e-05,0.0016359162224261107957,1.2865475439358478038,0.00064808886559879479595,1.9446396851635185943,191.50777290891701909,0.040692688860216784386,24.58028849094905155,0.10549870242873464476,6.4762600885014087737,0.37478090205919123434,0.19178329444934238968,6.4541099937459094349,34.310451641467437867,12.192181038053924169,0.11641243422369337845,69.94948003071486653,0.19978006648916135646,0.007838673537770934549,26.269055763707623186,0.063595297943071782409,0.012484594207659559587,12.897699097629761411,2.839605932792222287,5.9790032469616889443,0.00041533778610700294951,1.7818148353501950254,0.098439071180042705955,0.36854199584064428752,0.0020636031404273245081,8.6259791811911679105,0.013896756494998815934,0.0028289831514562925781,0.55579390947289364355,10.203380621127774219,0.0079303180806316944662,1.197701816567414701,13.489609233948751665,3.7654005812268156461,1.4127896167855258369,0.0067661748201408491304,12.83717744543374728,0.16666938797573374598,0.013465928945269847045,0.44282301260991352443,0.83468987148542939103,0.15031985742303144438,39.131803350642606176,0.036897017661941672317,0.84042154534154800416
33,0.50179106244258508962,0.00080264183377325810584,30.041509632183185374,1.6730603839796176491,0.12099374698883863521,0.87480506740112495834,0.17760924883101750216,4.8287887914882352547,0.22026480488173849626,0.014168580331511528361,0.020066614343922994229,7.1124099411317072139,0.64014198617555018167,2.0137470375013450941,0.032704575245544521833,3.7292742443683581932,0.075136542800894629002,6.1727066100816241345,16.26230080998668015,8.2216196399619931867,0.07187562022326295097,0.064123189598019963986,2.612893489198065744,0.21405366470687495206,0.24203750180331021213,0.078755564615670820006,13.45889146149549731,2.5867441700965216889,0.019959193956429314293,47.085906899411760662,41.563270974975132788,1.6929570283681272258,0.15111184810136688017,0.17525051255741946887,0.29288730969064113996,1.0291641117261038918,1.4996239575570509128,0.49722663165057556789,0.65929574984786631919,0.024715972551328332929,0.1920672101389844233,2.7476881544927462819,0.03062251522453462646,0.06124718820195827057,0.35769106888324098126,0.041640916499259023054,1.1746392733339423575,0.10203018164384650146,192.95901193177991217,0.50593946899231645453,0.29227235760665465358,0.063994426113163027647,0.41646954709773009728,5.4597398539690118469,0.70704617812165404533,1.7765079128463086011,0.059845136618804854745,11.797772578034116719,27.317476097051848427,80.271345313666671473,0.1056544946001383295,0.2966380987201196473,0.10683299123180121926,2.4950911868770440094,2.1750153508016980552,0.089209936232811037904,0.70265608441211913071,30.912605700713125856,0.024755041534629863148,0.92430276682389322929,0.71842062622441360542,1.8661212539696969692,0.065663205036350577593,0.48729552938379372407,0.085095413662838098601,0.056175948847922124729,4.8935201624429360834,0.011940645166192823123,3.2472472198109048058,15.419455740995505977,5.5090205786312891334,0.031043740759855120021,1.1073952915916533968,0.089150937208477484819,2.6951389892227317624,0.35008005319900648011,13.859339122686337831,2.9123883833493211526,3.8402198777716769484,8.1206000030050091709,0.25188669521103640436,0.036582099599125082745,1.5559458347284460533,2.4815017500835625519,0.055155070915653539587,0.091226951774069794943,0.033483228605210149653,97.802197342529950674,0.0082150624241505015855,0.80305115379053881863
34,3.5323983356048072046,0.031403412379942527433,15.856467473603590435,0.064774001118508117703,0.51533276292334040392,11.637394576423046644,6.4071270864958775547e-05,19.168859715700531154,1.5642181404535562272,0.14722814329558894797,0.023098475800059033169,6.4542866989019245239,0.022346864754986532631,0.43037583466258205744,1.5302059533292626803,14.906596495032797378,1.3893663865655434542,4.1366612113262402062,2.3857374825679977803,35.570569814152129595,1.6600878065376032389,2.1749330505553690074,10.824621049107824078,0.60441120204461751264,0.49753181657363793056,4.2716626835914910387,8.129493645032560778,0.081526931146719425203,0.27490362025619996533,57.416647951700078067,42.972200151904210941,26.565120848523488206,0.072611835387717871271,34.205480731746142453,0.050528086375424538512,0.11901885611626605854,3.1877340747073188432,0.11662918068905417379,0.52351734623540047142,0.003844806620426650251,0.45914816024072652167,1.5013605975203596632,13.254734175306248645,3.3913642154569116904,14.006712462762980209,0.8305083162798135854,0.00015213153741040600937,0.010378664143676781528,67.128746788499100262,0.016176516917133794415,1.793103160804498053,1.737292501187925442,3.2891858219658538509,5.5968679751312011561,0.026005720167481212457,151.48120124850908041,0.095317077568116609365,0.36675372808219219856,12.469675926491916584,6.5566084702769611425,0.012439399537267459978,0.93595500866365322068,0.57660799709231502774,0.9013794319755018547,2.1933923957941376948,0.53238782813140450578,73.459667942913824845,0.055046296757615652273,0.0023576042830316659357,0.016136560721986551586,0.103574485218988252,10.688254847445945117,0.56825058459916000242,1.5709566404990744637,0.096455244402394169079,0.78010328167926701326,3.1030457081040503375,1.7379170169443123317,0.0489370304463683653,18.382646557285490019,0.32153995745808555684,1.7454425747992032836,0.49642067350044388752,0.39437589488572843965,0.057797302575891683352,2.4848024188912143373,9.5427065023407617872,0.052600036326383638186,0.08488177420176966359,33.396913262641831466,0.055535251068997260049,0.080091464702335551928,2.3242225347700240512,0.0018525279291725209058,0.60766061868934850843,1.0347326399615623949,1.0109615307163715148,26.894022353384709589,0.25595590763916925559,3.3737343815629232679
35,1.9430192657246130317,0.0011865853571733158637,0.74549658508296257065,0.012098827068034530632,0.43225061444232021346,0.00067238512867240135453,10.124726775791897282,8.0591106153740827978,1.3365160530113524562,0.0088303560404932417149,0.031259378015651310967,18.367218121760430449,0.0043585163350518540959,0.37213226250469882972,0.049991465493040766754,0.10555384138211182377,4.4962859137017687772,0.84868732778421951402,0.016669237822951609579,0.28943546829014182853,0.18549907483794186858,0.053072226878617116685,16.793770458204345886,0.17582351334841941903,17.639227425945051664,0.068131761728724635208,0.010361270219320251745,0.001097739774127405761,1.9321132878871980498,31.533308685053842879,9.7993298476138352981,1.6660475425691629869,0.0035779784467409704932,0.050034850928015739413,3.9031208588554826555,3.0963956443061264601,1.2962535671548585103,2.3931802808929090176,0.024522134255238730444,0.64073301454941555821,1.4689173235690728969,0.82422448240241630302,0.065938454361830226014,106.40439033310704531,1.6311082937016758709,0.0063944594523270463851,0.74481548799071795042,5.8874237039232930613,24.224083427413603431,0.038773085502992916951,0.017787585567942978959,0.067120316750103770076,7.0481144349793369841,0.2871150867034839016,0.024776105734949378789,1.1368952940223022718,1.8109161097307462374,7.1721668931877538,67.636382207343885398,5.3756820579275972349,3.0488055317215048134,0.011926491347199388166,0.14494967672073985621,5.7720972970641595268,0.16792315762747872521,22.269967023052331001,22.769694024161807988,6.8338522816542477401,2.1050324423288588882,55.506019488002792173,0.94054383490284776403,0.13481676139192241837,4.5598390889016702232,13.679005236042879545,0.012743936174700298478,1.195467093697985872,1.8343981229609722661,0.36047173145407701567,37.453694050912581304,0.70825894549381263054,0.027860819950894202129,0.51442113212824502888,29.498569341592574489,0.39202204465084500296,0.0013431667814441121313,1.68064041174389045,7.1918674902897796741,3.3972273581983478685,0.14385037268218631157,39.224614616050182292,0.20293520403492190662,0.029978579034657382857,12.915764161648169761,0.018905359671078834916,0.16783057394866487955,321.23713680991966157,1.3358517207033653307,0.076559288513024154055,0.31935697877823004953,0.033170302816604144147
36,7.0349082167008454292,4.6561173365706798322,0.084466890194350108256,0.0014371224354182750987,0.0006823492093068718109,33.578794325896161865,0.021910683105147613081,0.76412811445334494209,1.9639430315115644632,0.13729184882338132945,0.00012184676266462291438,6.2805296631330911339,0.0032941868472803398013,9.2907233513810663084,6.2818287762526301421,0.036911294552179348127,0.0014380515458755783326,8.7522393633778658995,63.340030692000063084,9.1156963518112714695,0.72617253976301976426,31.050364762874757218,2.9280236340230918479,0.011421617747295019496,19.726429080203015332,0.01190093643593889694,9.2252419832148273571,7.2580166742090987952,0.44574606422505302916,26.231209214940808039,15.312863640266900944,0.97626200943556706857,0.02763055997830959204,0.8332506299557257412,0.014651215838285458828,1.2535786491934657327,0.0012295864396026973033,0.024491740064126805987,5.9748349877792330531,32.319975748882249889,3.9862574111532520504,0.0037355734160911912949,0.00091707374292529725626,0.029741818438325903079,0.3274670989847775493,0.21026556253015282749,0.53233574720286058746,0.36336018215920451446,57.429859551752763025,19.567801688982921604,0.040309876065242347676,0.0049305962062614972288,0.091017992473649250718,0.34018246826702597252,0.0052096109935542847871,0.44692799739653943369,0.88621109037065826097,2.7307318692677653438,74.148556780669736099,4.7310108992367583269,0.19595541567507940295,0.035633604206151671401,0.47545798158604635208,0.054213199020965711916,0.1241750803447147361,0.99483805184015550171,21.502180412250378794,0.35746618803104818207,13.531859246549638343,18.516085513622186909,51.409401937097669588,2.2557632606602293635,40.667517205149245285,4.9954067137726880787,0.0071996082789741013344,0.54148640094343447604,6.0084240745137877937,0.016570132828007459042,5.7457173621017654241,10.749463604137332595,5.3424319945061711223,0.2406939507815838708,1.1561224333240400775,4.3563871484007972157,10.323465617514195003,66.612567361323982595,0.050687191097578208898,0.00051416041715744253797,0.26679631573972201197,23.957741607051154631,0.026503786245720424575,0.23755735552260440202,0.11588980391591600927,0.048908910317795470379,8.9343509249759716084,0.20836936913583070652,22.400274578812716442,24.386256322451657752,1.1823715382128412443,66.229300034187062352
37,1.2591086752277784733,8.2819507704492334454,13.511077913229041059,3.5218041358015086395,1.4102200115433403127,1.1438130318086976445,0.042146237755035641237,0.59227919582368082629,0.051076682031189021838,0.60265576134382992102,0.0066026243000784747353,2.3787013567625066024,0.38723737061463175957,27.259373119402191321,0.00090958413480041828882,0.66617709942412428603,0.16106682365727956197,6.8983239628898456175,0.15186240309059303999,2.4304702344560271676,0.021336041535563357585,1.7302935002572081835,18.799189439329175855,0.0078220048983248541968,1.0764355853772284988,0.036096986873670591778,5.3584918847649154472,0.033914025705559493196,0.0048326183622938818571,0.14922494809851918895,13.25346031097184607,86.197373844500020823,0.2484117670284586854,4.281986591904061612,0.034543460988315038973,1.3237464546740145277,0.085426918313786764925,7.3915405286008377672,17.703545947531448945,0.11269241567383973812,9.9978152349789137787,2.7931694769429702419,7.8505250867271811899,0.42977052604492632648,2.6745894098431661767,1.7883388077834325713,1.0948483622897908774,0.83464621499928814963,1.5689986062237217812,37.585454270514311759,0.20486086573520839726,0.61478796027096416221,7.1583444505620779097,0.044828002820348857027,2.2695902431788903542,108.36368480886606847,0.24294119039321679376,0.53704070293444550188,57.068206956814705677,29.361036425076250111,59.32768949501712541,0.59777773313016879797,9.428436148728394528,0.010437194644475280766,1.1638992823385063691,0.12744384223491278529,1.0198860749312925744,103.52661190619994613,0.0027224349358186982796,3.0691198388984433088,3.3275333152410251358,0.0057793077364795093429,0.052982778527278409642,2.6320105482299824828,0.28235735810302931004,0.15961933422299712237,0.33808971204074622641,7.505264433425766768,0.024168024057035896596,0.065212446465852266786,12.233755795594341009,0.041903935144886085562,0.013623591376754919796,0.10536003976276914207,1.9147446456761019196,5.9976476974993753188,8.9721323138823905197,0.18625576486697209555,3.0345903819267312507,2.3516570353063950272,1.3862752983842030474,0.11806232057436676086,91.022090881387342165,0.24735114401578661703,0.47665352790547810269,0.93565575968888103908,0.005530848839283820928,17.544001098974629116,1.9212447936746321897,2.3443033740222820605
38,2.1079150538624475963,0.31265947709615299344,0.024533200493796779307,0.1187359665524637814,0.0010260346158843549041,0.94714397296684316174,23.683773467127267054,0.35435792565572565849,0.72265974788272469009,0.027300000319880030064,0.013648829835380429237,0.4766789519359515559,11.995451471668230781,17.796993680841310947,0.011498778518609094335,206.11477346761532203,29.042959469058793331,11.076403357185720111,0.33662947930674858021,0.46102324736450894793,0.00062921287205980314626,13.707323351369485209,81.750201227844229379,0.030246899455864856981,30.540102882749355473,0.10195541693600755628,0.41332208148016519322,0.12691774149256376814,46.455162726587275301,31.555652182226079816,2.2728675037709842321,16.868548000830188016,2.1226905895596885898,2.6535527266946012936,0.028913449541979798635,7.7758158576645470816,4.8731728392726623156,16.781469525034111712,0.4302922578779609375,0.00018251087641376649638,0.19250368168123815904,3.0968598844245684987,19.434170428921024865,1.5019237542650447637,1.30554760314985141,5.302312559819379878,0.51874664598088437995,0.05641611452966578677,0.55213954367141915291,28.30926820342359207,70.83121529904531144,1.1123002376699742122,2.3520521771206785999,4.5409924137154291657,0.0043385659501059999077,27.157987078796157476,0.59042675823936230373,0.0064020468634490108537,10.90395381338896641,0.65644828259058563003,0.10183330209974711389,19.337855457874837839,4.3680109921240184434,5.3286147945889235089,32.119902184702091574,0.0019268025706280548191,0.45228781258683847799,0.014987103314049357583,0.0083754937694051085489,73.580547875214449505,1.6403120043606582712,4.5671391412990001157,0.0040107292316964946594,0.0056312504095780042956,0.3987882227514160105,5.4025882075585727193,119.7168101574439163,11.74001905157468606,0.020777062101255169835,0.054746286918935002652,1.0953393206877621857,4.0116327727864256047,0.056942971617201958157,3.0426145560503217169,29.379341688155452772,0.0051780956257197778211,51.760797028585898261,0.18593069857181268589,0.81015687067143515865,0.23280461961397669324,1.9456157260463529113,0.37151624705480451594,48.934371732997895776,0.26665173640282541223,0.067478065674244844252,24.58215174106928913,2.8152189100346873829,5.4675286746455915576,0.39000763915219388567,0.047456356683732048296
39,2.050935233983747441,0.041488607495021645466,0.94366890628205701841,3.3759897341986451202,0.17769431225015130948,0.071298172868873341268,5.1565103835382180009,0.50197114262406905549,0.031686432692788167598,0.18550760061778567844,1.3903266733601631344,14.007704978581816846,0.24957955289165689727,0.11782013782610761821,0.055345514669883348613,0.00086901713975887269221,0.20222972687525805902,0.46691884656901788686,0.17805660993808833381,24.341245768007279793,2.5352749903509845808,0.025447656591707931706,0.40324582532736436002,10.205337086504764343,0.019225677157486353863,5.8520523613431691956,34.658231737046200749,0.091351220876416339145,0.06552485421232501217,0.52358547000743893562,6.6007809460783999356,0.0083168731897071690451,2.3264251294418776261,0.61829112818004694496,2.2141120056962422247,0.12682008816893131087,4.6768974522683510742,17.963312272245090639,6.3455266710362350224,0.057314216796041671242,0.074312239148644376741,0.41937445581731802591,17.049025109442677461,20.060467398070112921,9.8994815421849438053,1.1535924253773193193,3.4793762457992447601,1.3627834706393018305,0.1248768322081511839,4.4336572986355919923,1.7432482867058471943,1.4124956885492072622,0.0051851396095145890416,9.4834655095880684428,0.037428955340683252306,79.232602425841477611,6.1742169988744040054,0.054580932118890812532,0.14929126114106688883,9.2665759086411583212,9.9976879472739383914,1.1858139581558329034,0.011406228410371465135,9.5979875690635623187,0.60428559777142232257,1.0321863577126213496,0.39493390440158088195,59.264097070685231472,0.44934232250143246734,3.9006838388857070221,0.31629422702315973526,41.885073422207895533,0.056326437932065445691,1.1722175161651460229,0.11451662918737015584,0.41247415125533237745,7.3055719937979670675,0.057532016681048868401,0.24001934378170705631,1.9156094809567021375,0.078982219538920081514,0.14176645430415377169,1.5032257920191527401,0.22321139246599103201,2.5992727107020274779,3.6905914297768820376,13.184810644457337858,2.583214916992857102,0.044619392053310370783,1.3690470669403302928,1.7072783593825286985,3.1594124730708594839,0.50981744471445455957,0.13475187580632044804,1.6264367108136725815,23.467783071420633689,0.12336694956082175367,0.44732079997408075167,0.59897811557178481934,52.475182754879327263
40,11.513755518876832795,6.4463289275942408096,2.5401228935793138675,0.17305644114458160199,0.44315564254490585894,0.031928349163154727541,0.12459774274517537718,2.0665738211302651095,0.26288714532080253994,0.060122620371887446067,0.022214178729125743511,0.63842407612776475023,0.016580900088451692997,0.2119346176541609672,0.14922845390558403533,0.65501473713357305506,11.086462687061960253,1.1230484277804158033,0.24858527850234121703,71.357702742074408775,0.024611340482197714696,0.42878341446483975163,4.9002214115707127817,0.23145772503221814786,54.813475004996128348,5.0227341011377655278,2.4794713614178225392,0.044040125843913868753,0.053884917266610952991,2.6710998053895913529,0.6873025222383678523,8.3535875268437571606,0.0060311724226145566399,0.8671280796369240651,0.57344038203980085555,2.5056191625349164553,2.3145814907439934416,0.89050456682323608781,14.844871653446471527,0.042435781432920732792,1.1386010382431108745,0.35762969140343281449,32.008229004115499094,2.1050281599767992624,12.343299531854610152,10.376251475661719681,0.0013698128785852795985,6.9814496613577912143,3.5618079090751444404,0.063974343411676806714,2.6372596461980224447,0.48351113501419545893,10.107806889427896735,3.0820035443886224513,0.094964329824523352475,80.349742357070141452,1.3694984880691212226,0.1091850522192149564,12.690217428485304652,0.012286033380791245781,0.012469639471356387325,1.6446598995384669184,0.17880727631426140967,1.6714482290158885203,1.7164772473776448436,0.030705726891931375139,1.0845502466062166835,0.3600784303517635121,0.0093552033111249342789,16.062661419784319605,0.15752516527832513549,18.588427662206846946,0.22001641259271703666,0.047840200330117967076,0.0020077374694672835143,0.044585743542894018532,20.400449715556586483,2.5131852494904936002,4.294119769391248731,1.5001143294639074366,0.0054746431722552954882,40.156947494271001631,0.67363287316731712551,0.2123994599744737366,0.057277426491160188249,0.63664592319901625039,13.047064753318146302,1.1367997435765853087,0.017724100312010819536,5.5228671864997904706,0.020060216471770166841,0.030283657889411206426,3.581752864202754072,0.017002397883913323434,0.074516443738869703184,5.8753931823933109868,0.392574572137488087,5.0065365038436331346,2.4353889625597107127,3.8019047195813908679
41,1.4930561455879145516,0.66617824145933524083,7.0498602260221110427,0.11084028784155554315,1.7746823542004512841,0.16905122794092378169,0.23408566568777941508,3.1721097788425045572,8.6022588488037730059,0.093669727826346194099,0.021708492160024784462,0.055551756092305684676,0.4755316295051313924,0.0078983460960484683233,0.014762788355681726038,0.10331362372644206649,1.1841124137211844758,65.217137442393436686,0.83784687140195701627,3.7382051057005729611,0.031617926938336336773,0.59348147341585211212,5.2963604296583497444,0.68657627930848796893,19.945058798832477009,0.23643944538285494028,0.0082357063987797043264,0.098755917670274639963,0.12749024064813124779,77.950023309931310678,21.338400356737846408,3.6676407162962267883,0.59805399500008127323,1.5909094736038216222,0.25273929046711846036,2.691057171742596843,0.1400716422722550758,0.015897011620535857895,9.4167130329124599797,0.030942759985800160488,0.3965334840703060304,0.33337079632420507647,2.7030649702486790886,0.9920071250390839479,0.13834332694936551933,0.055419222919381005976,0.29612354291771408876,0.25647793195286289203,11.971627151673191136,179.85940437403593251,0.49202283225784609888,3.1213091828717698384,19.482442192873637765,1.1991155127581707429,0.01081036873406416958,1.4415185581244547297,0.0062101209776420657899,0.50139715545484941916,21.315006409528049147,1.2914326629987371575,1.3480748173049570404,0.067221650746325217751,0.34544716432824335017,9.9181726932936769003,27.433531246666795766,8.6694666971981266812,43.379806438985383465,0.3765972220891209421,0.051108076006558686433,0.68115109473338752988,0.18275040496992975281,1.5789825410228535141,0.063305409109545601742,1.2779313871590416429,0.02947328755267679401,17.591025387324826568,2.3096555295336385072,15.191099818379244724,2.6009681287261754434,0.0064105285528298942485,10.783715009999635726,2.1957159945358690756,0.51689482917056139843,1.607629799762499978,1.4429431016205291893,4.8437922513452118523,4.0735302003332742871,0.44692032646614349156,4.6165578461997078819,2.5052824276243672585,1.1976804531465679027,0.59463718431486256577,0.029983932466526766469,0.00010535549229931650281,0.66342994663517740328,0.22781721279384095635,14.998864062508507899,0.10455509784863700751,0.096142510945640496933,21.186687504940419302
42,0.11023820693966714102,0.00083403694955283774835,0.75654404551390896927,8.8848198762403214346,0.0013030726193665512734,0.030791133819048167874,0.19865886450890971049,0.4156894487752387235,1.2351759462275224699,0.00040533649260651792405,0.046757387438351803721,0.21682178208498131822,2.7842507079101874723,11.24694256646788304,5.4052950144716651964e-05,20.937988692779132549,5.3265223423892864574,0.30927577219046509249,0.19698613218224703125,0.91104441069404218378,0.012195222969751631781,0.6604034563382101819,54.564236298146227,0.034213382405642214779,0.85551952776475104212,0.34660992727064932062,17.332325612043071317,0.010046984764425909847,0.016814780927360824941,44.192796473739988983,1.7078498734072777854,0.28452904924177141455,0.0078590547527008919326,0.48119100326145797242,0.070460259136173944428,55.370246695301368334,0.46181890306174194771,0.043542486063329013946,0.021370139238434272128,1.648676854277079995,0.73898159762066462086,0.013746806631646766444,0.40616184433162799694,0.60922044162846877846,0.0023452410609616121395,0.13758880501917081229,1.2659851818322376271,4.5412019838759194457,14.304013093670544521,170.32428912520143172,0.10090590091939707906,0.87250991945788269888,71.968567580177108312,0.26464188360917795251,0.0012108477090463254811,12.410961230936722544,0.17108796045543242514,0.41245334472588135455,3.5730702863623795551,51.099657960507933296,0.17145047768527160725,3.129350667360425664,6.2231230010196512126,0.59847200980283388194,0.025782802676319716007,0.0051219035836611581658,5.7990466354109875269,54.236246966404067393,0.027707512119141745194,54.44732444378060876,1.2705455532742682134,3.3711266605951091258,9.6639884582265889179,0.055148891298459401522,0.0062831998627574008401,0.0080566771642414658494,10.791604087425914926,0.058049291400318607514,12.258991406515669098,3.7135692851143615734,0.17147888950548476061,0.064552064925894464542,205.767357418566462,1.6259116373046935689,1.8504854494043643243,0.0049236996610602396657,10.916585608152796993,2.5012002871526757275,0.44461638044178286577,0.94833166937125512597,13.265361684275774223,5.8629199059346985834,1.5112448415472310437,0.00035779813652489560151,5.4528208054171178887,0.99939555246570399571,0.014707457888011352121,1.5850136205967209069,7.2235563829876561215,0.8048906925894195874
43,0.0039319423059254081723,0.75394254878130040343,5.849565231776444385,8.8089212227324935611,1.187256197872122776,2.2246384710210307389,27.936366386272375451,0.66968488597023223541,1.8828030204716337259,4.1790305616278544676,0.0012438303727201481703,0.076975072816436063139,0.40928874069015935833,21.442275200809987723,7.4726065665943570693,2.6338031670089634417,17.040460440531699504,1.5058926931761464907,24.690305253353066917,43.245848445356131151,0.013168935725682773957,0.019373979934651605617,52.038531003633337946,2.0299241742894613694,53.206888449392252483,0.51563561559878690055,0.34662992004579229466,0.26554063874589067806,0.23879350227728707301,3.7391471300843170944,0.014817049784348085284,1.8183150848293732071,0.026722787685281485653,7.4511180307119788679,0.27066800958703274294,0.18256035917366805754,6.4745650524632285538,0.17231257745725972463,94.298364586758708583,1.0789193805573389362,15.277208829860985162,16.242581417873662275,35.715649741130341965,0.010684726873294919311,0.00012451677509074069328,10.074642599716995051,0.96065243088939167304,8.9382462713240506957,0.078980886594510968379,29.016967830369356562,0.10457901596570985669,0.10841093223029078796,3.2263084851213439386,0.024524773990639712334,136.16110835420667513,0.55409705437964595909,0.51198196390310835024,0.037830529274726798494,1.0292168496636517894,0.80198181320141537221,14.048918956023017657,1.1326582772255557874,3.0498342482138025566,0.13385366538655049662,0.0036209802774323767566,1.6822237518897642516,0.89133197111735429363,49.060336149643539727,0.00067552636028446325697,37.177942020866971973,3.2807269156640064267,12.596486402972988827,0.071468266718025461048,0.014966429014066555056,3.5427952712073028493e-05,0.42920231948453502202,0.028925301235457136911,1.6238270427993637401,3.4206760838567591421,229.73315838079795981,0.00027050105835536359571,0.13402124197038567388,1.0334015550395161398,0.0023713633870059386104,4.8667829987298718564,1.0457979877779808309,0.41557881383480399506,3.1713019993399074181,0.033922970969953128439,3.4325619114123480102,50.07237644615925376,1.7206089572563212364,0.24072886838139581633,0.012282832574276215595,31.231780074738686892,0.24645468887458452101,6.7456648030477532885,58.372538728475554137,23.651327218590726176,43.605493418902781855
44,2.5236020002192911527,0.095196837953912746833,17.175008796743252759,0.11824944499568609824,0.098211539059628857884,0.051337202539223560083,0.53582046675606331831,8.4246976968477227388,5.6179542322646467412,0.38852930343627384291,0.0070738407774556368371,1.171037888978071928,0.090965376594944233335,0.12194529323191102832,0.0068140020059994652404,0.6596410282690587934,27.665157476195108899,0.010127768725508152353,0.3618752942618084778,21.702820632336230489,2.7252523585394881067,0.0025691261384387271971,4.1200021785824985088,0.17510455500873944867,8.3973289782579794149,0.40757917175312902147,19.666675322871402187,0.39692776210369629108,3.4839111818471490912e-05,17.84557520683816989,25.380871386812550838,0.51591183957514386016,1.6286245434578878744,0.19684452887885808825,1.5375628859295287221,0.0061772262484388355472,0.138356639322858882,0.031761197233664356654,8.0487651457283604373,0.0054907117916154647014,1.5021518572406147296,1.2564285666642209804,4.6619919946308900904,0.39576386508482847004,0.27693106196782785178,3.7921173117249220574,16.397935353029637895,0.00024614524844640691629,19.576635123596755506,2.8108600404735955003,5.2848811472132108946,0.01314723416188791523,12.166821042403956454,0.83616442314106353972,0.041780609362606059565,1.4397738318321655626,0.073556107912391935355,0.40258324571968828742,10.890976682621513305,3.8270711690433958374,2.1403464377174352684,0.029800531046291361265,6.1321372124325277397,1.3399362394210130311,0.069635568159892261009,7.3079597355364729339,0.02508792672431653728,152.39848557877004964,0.084696238345944488413,3.3729938603584446177,0.0021574411493112031178,44.663658699317529965,0.25656660132945202646,0.0041003781883598910615,0.043122502657810923843,0.72654145398332325989,0.46223343816575623855,10.231256196693774285,4.4988892123488719577,0.89298693678217477832,1.2443163168243289718,0.032377937271815718234,0.33489422279565778107,0.081773394539796609437,0.5917175454250414024,21.951158711512370303,44.812428224980713765,6.314569463837147012,0.029304989402934477488,0.22300464260484062495,199.99136154661076148,0.053385987272332582898,4.2492458237958059541,0.099973055976515651233,0.22978835571794145598,19.699931832245528796,1.8077594261000613507,0.025502834860718370108,30.806423918755090341,0.12950577456767989326
45,0.0028269511121131289666,0.016329711629792846572,7.4649836411974384021,3.0900627340793995756,0.0062745038149948978087,5.0579613903977405087,12.541142543403955401,0.6357537936756052499,0.60809373138283562277,12.748802468763869911,0.076573041493237445354,0.12270934131317524918,0.2287628664579301474,0.1386346911907710977,17.940766572101676246,0.054877877686379597511,0.8812953992616042731,0.30775767774568674184,0.072744777436811125515,1.6160188162783155619,0.15515224605585248296,5.4774549040929860766,6.1753628767994674931,0.015533051506136551917,8.6487899704237705123,2.396810851986062918,6.2008530445958562893,0.011196009247504424763,1.6600278999603979013,56.745493271484306774,0.80973622744232964799,0.94374819206349080947,0.049408163545505409675,0.22710143285625764009,1.614699933157790479,9.8199989878099298579,0.069512690827233894475,0.71632858210623429063,0.11594557791569860827,26.101212797278229516,3.0835582575011222239,0.030447096396240894145,7.712682770136940924,0.12818839073006244034,0.36701534335774871343,0.0070236989492996754203,7.8768968084511854499,0.71569004942290037619,0.87979801406506519257,1.4811276768349674882,0.50140127113742072318,0.42990168152901236942,10.194055597312269512,90.247273650698787151,1.0141419607038297812,0.23538198349303243728,4.511599699001917152,0.0067689105579732547838,1.2148224558735891687,0.87322373876595360542,0.0074121991974802547629,0.55682739910948486628,3.2638677501243940071,0.010401856021897394611,0.12986935010164812887,0.49848546707461394156,19.843995992417148955,0.01403935533389434262,0.037089131059562074899,8.3167291543723660396,1.3542939096930723952,10.113205333414075682,1.5959267824316349937,1.1569265235469543551,0.0076534356254927991478,0.1163626112431667553,0.16992283295405083421,7.8019125678433427495,0.77429333365785835142,4.9632619994506343986,0.5516379783254062863,0.17545138022074591166,24.428380180165159885,3.1743586409282364968,5.4574915130383718775,0.0014369160642827419946,13.199934327689078373,2.277473638433942682,0.52974514761378388439,4.2893415618095565023,12.035676251920634172,2.5283154709472941413,0.0042101352949755503283,0.0013287450406789444706,16.193358713736248689,0.79000679294849640577,0.60214092717538614252,9.1746354763047026637,14.498241468604010862,1.1020840634213915354
46,7.8179337937060449093,0.037631875483136109639,2.7388240151676201961,6.7584131447239741419,0.00033425402604081558321,0.10802692733914576184,1.1461246194041561086,39.533704553930625991,6.4373288500789493938,27.13284730072941997,0.39891682800507699547,0.088442747065396065675,0.0056020749041588878067,0.014255456262059266331,63.807110295678036493,0.041811236598021092603,0.43731293152457562101,2.3044826558589623922,0.038271467928714227036,0.16445770892247146833,0.036346914114147137187,0.080588579765724033255,8.2698100718868428061,0.78037408102948768729,52.581104665279760013,35.928502373892449384,6.5042062465078895883,0.027532255543161590627,0.10447028425638994753,13.137743511950651154,51.945480234696013611,0.46077547049347361563,0.13396646042187038139,0.043047873111763022835,3.8371976382867876154,0.037448310172829957221,1.6210658680416600852,0.00047111165122557056286,0.013474241322535118054,14.273688568223446893,0.061003692490667296711,0.025944214870601719353,3.4399852979456415625,0.29168796643109384803,17.022102359378447289,0.0046499203801778831932,8.7323568651150385023,5.6052926285862882949,73.658059059445079697,4.3214157677751847686,17.585102734912478439,1.9171954090723191122,1.6673009390089075232,24.865156515903255041,0.776638856832774227,133.40034033647125966,5.3131598297149951193,0.00068086579373706143659,1.7190537175888616073,1.1560445149401950005,0.13818484091433380634,0.0037135300621881648167,0.31358008847678814357,14.683644769402903307,25.883494023006822005,0.039791174730263959014,4.599427751163480238,8.2740158246604025294,0.0099378095991122291503,0.018703286497192640747,1.3879603849168156149,0.80026150254235550729,0.27860164339437365477,0.019184075842086638353,0.092630350935593352979,0.012753981256656004781,0.082027498184451527741,7.3075335813407296115,21.727303948341731399,65.407296659370146585,0.02494907116779665826,0.54188705547216264868,69.127625064545725309,0.10348196658934231962,2.5753752415482744631,2.3508297518650715929,0.99261258170922395117,4.7883773079044296139,0.85501121050984218996,5.8576789458719540349,0.15823698112873257893,26.112589079355309707,0.0045704037065042090945,0.00043163159376951855352,0.0029051350295768111481,0.40258153235624843935,0.65562953519257882729,5.0628835701230840982,0.12932053152947278751,92.237554506096756768
47,0.015123846291330842947,0.0051781748953016347101,1.1348849821988389319,12.793387067794915524,0.044433412898504109911,3.2325488196936338348,0.057295980436955926129,0.31806626458127440493,1.7051633485587391892,0.59256772194885964922,0.51266419283173891852,2.9227569552288099608,0.070623242747751474591,0.26803124064378952562,0.52695549306510003351,0.71818210007905003422,0.33477383155325191044,28.65241905679395984,0.78468655175794954637,5.5916866926009216598,0.060243182851024569546,0.52673986365977454316,9.4655811961778599795,0.76952910300408750022,0.40672975855117649013,22.602054640940746566,1.7587533146452474231,0.0027400980570406233659,3.4943264353184910753,3.6286391565997559994,1.8560487047041398512,0.62906670130908926009,0.010858537731910738316,8.8707977587278517007,0.22582501597147824901,26.036677310562158283,1.195979243574045281,0.26107502431036794244,0.052126909822516012682,0.033921191787547766427,18.531467176465685753,0.4758702662616744461,10.417606803888636691,0.30073014855961449632,0.095954368793545380401,0.37447214876203321898,0.55770184845030501553,4.6323567644859435788,0.0011119589763252334634,0.86458502473186793491,0.048033343347975952786,1.1348168481268556818,0.042200148115611700594,26.902227325537964475,0.20140811020162965872,70.967902406751846911,37.336696052300887061,6.2529140051783054233,4.8959707282507443082,5.2558039678218211321,0.21056341905533723646,0.027720558600558095619,0.010508451074234242267,15.97368179344872452,4.22011496538939479,0.12929209728554219572,0.30175729036149745443,41.779047934037947698,0.006234998797778109475,0.24224704991969636669,0.62661173831082606078,138.81746137569462007,0.0052888938020189896552,0.020847637198407830555,0.0085828564352393183629,0.011418706600956105013,0.37887049395556293696,1.5515579226257658618,0.28723812818006183578,48.493799480659980361,0.0022837076778471293928,0.10945154124374083249,47.683323438874666067,1.4351609694146449936,5.8273662624951256817,0.0038121540854164268596,0.20376907847477243596,9.7275121519501102085,0.32451841533204628387,2.6611668972201441008,26.65979840831909442,0.68814276117752393169,8.6587495792476030232,1.0514677125436278082,1.0718612849140873866,0.97057568171427499593,0.44472771708845709737,18.084999708273176822,5.3759076825284903833,5.4959549977953443545
48,1.8762156242958669683,0.2161610924117530752,7.278594546844754376,0.27752864653368253256,1.5434347961549270689,0.24982607153984828785,0.20113604262204698436,34.067335545427823718,11.345877473384769374,2.4568123950887601481,0.0075189935198305673375,2.1141896874899641645,0.0022649073076745763859,0.15498467213771352502,32.415229690251344152,0.27261310119165910182,11.748966281880111495,18.578961125043345959,18.049565082798647353,4.4166914627389610715,0.58371586779397166556,1.2189390155298112095,2.6830319016758212847,0.41137140712963049527,172.49140510301424456,3.080177976552102681,0.037006125715704538126,0.16772517816068621688,1.2531541305739963832,18.37652424189715461,2.9356916068001983611,0.46974539967510464678,0.024688305715708968452,0.077129923743638542644,1.7177863017004897372,0.0018963364785385987063,0.27738820153994070417,0.43283112512627930357,44.27638825738129924,8.2973964380915283812,0.052686049766622562729,4.5986673023763122714,22.962969102333723015,2.4838003653479034938,5.3165030489440736616,0.81232331526719658843,0.97326237479609234438,4.6960367073043149944,0.01351293076728905633,0.045824097681376144142,0.0051264891526704228775,0.15830753076560646897,4.4034669996321325058,0.033607083101343887543,9.2396362663450819497,130.30608908764560283,0.01867524005918005936,43.590218180771294954,14.208456469223975205,0.021831639367996934914,1.016861021547866395,0.00060777811539208478377,3.9372365296871838503,12.755222839771256815,17.614777002044974097,1.1807608114897660823,0.39216501614553522792,23.177825010208817247,0.31173108401410526413,3.4694916482110720324,0.011153188045929827293,1.9354161128872846565,2.6325718865692473436,0.43683733826028220415,0.085937397146573751838,0.26949450280641740196,1.0535507169463778077,17.924776240851358011,13.213152105369683653,9.8498998285707628497,0.031761766341479744091,5.7659046009766328211,1.3517021729715446021,9.1943630830751779115,1.7207921467796285508,0.12571225863777102383,0.44725827441378418481,0.17511935969414019199,0.44593100288017112343,1.5060719974192455783,0.13861398010762029931,0.55692117779355709839,20.423922007932059586,1.9641202699989943614,0.0121530126713776266,12.117278407311049548,1.5685728667893503729,0.094924299116058652448,0.35057706284113271389,0.16215957087071858345
base,2.1686463815670031785,0.20970403615712807088,0.046173977368660870657,0.25748687281439780472,0.14473378288321311902,0.37427875615688099842,1.2473405604813112557,1.0547102360551992017,0.068439951527562103983,0.21273324049519107271,0.0037832577762537998936,1.8260322687932291075,0.58054455266830429228,16.915844184189332111,0.079300045331063342968,0.91390210604237609449,0.18440921084960734677,3.1046015659665524566,4.7286133608497671332,7.8783095398390239339,0.27763155961391455806,0.047480866311279935899,1.0192462679834453088,17.995951021594166264,2.9314588983585907478,0.259103682419235537,1.8518381168315498631,12.534193607305908813,0.62764046486129887459,4.505808028596534065,4.1005361399363930985,4.3469965987546057562,0.5012915601988742198,0.59592075959714241318,0.034526245193915741649,0.73080470689220877745,3.1032696968586948039,0.75806208538431107957,3.3676265606716206946,0.077083413604831507726,0.15527377330652300524,6.1849372865687426426,1.3438446498725653555,26.311715471953625922,0.42326127686549747109,5.0901779818775887421,5.1951706636663077532,0.20259153375439467593,32.2136036568858799,39.955846370037662041,2.321401886103767076,0.079638396948559661559,0.67813502001934089503,0.18609580824889562778,0.078298041743069687892,7.2155413046964671508,0.10520691006210443341,0.091640411359439594152,9.39117492111589236,3.909062144314935594,33.981647947774312968,0.23855623094439074028,0.8042173593371360063,2.3107284896026625276,0.22710604725436858708,0.074214859692857487738,3.9614689034157821723,43.631644068548808946,0.18261530557662508656,11.165371889307829534,1.4464840767948892175,1.7368724928102632354,0.14597995994733437009,0.91764914301005118258,0.02789115794185780331,3.091169450391714868,2.5107667205450394654,2.1805502748245690903,2.9864723027645534437,0.42375722291026823862,1.3819602080358910356,0.29263756706222832094,0.097682627363766844075,0.22194996407201650346,10.977926726278713687,31.010369387969667798,1.7640772076469053431,0.034142461788538136513,0.31937178117395026433,12.906994640273254049,3.4906678285833101505,0.19347155190545367587,0.90233713475387766767,0.70256917767980220368,0.5363386246747785524,0.26192422660231390319,2.998549103229977586,0.56753364030163988563,0.86123865626781082039,2.4115547654146221035
