real_name,pname:p_inst:0_ptype:gr_usecol:q_pstyle:m_r:22_c:11_sp:0,pname:p_inst:0_ptype:gr_usecol:q_pstyle:m_r:9_c:40_sp:0,pname:p_inst:0_ptype:gr_usecol:q_pstyle:m_r:17_c:43_sp:0,pname:p_inst:0_ptype:gr_usecol:q_pstyle:m_r:43_c:23_sp:0,pname:p_inst:0_ptype:gr_usecol:q_pstyle:m_r:33_c:31_sp:0,pname:p_inst:0_ptype:gr_usecol:q_pstyle:m_r:26_c:22_sp:0,pname:p_inst:0_ptype:gr_usecol:q_pstyle:m_r:37_c:37_sp:0,pname:p_inst:0_ptype:gr_usecol:q_pstyle:m_r:32_c:8_sp:0,pname:p_inst:0_ptype:gr_usecol:q_pstyle:m_r:9_c:28_sp:0,pname:p_inst:0_ptype:gr_usecol:q_pstyle:m_r:31_c:38_sp:0,pname:p_inst:0_ptype:gr_usecol:q_pstyle:m_r:22_c:11_sp:1,pname:p_inst:0_ptype:gr_usecol:q_pstyle:m_r:9_c:40_sp:1,pname:p_inst:0_ptype:gr_usecol:q_pstyle:m_r:17_c:43_sp:1,pname:p_inst:0_ptype:gr_usecol:q_pstyle:m_r:43_c:23_sp:1,pname:p_inst:0_ptype:gr_usecol:q_pstyle:m_r:33_c:31_sp:1,pname:p_inst:0_ptype:gr_usecol:q_pstyle:m_r:26_c:22_sp:1,pname:p_inst:0_ptype:gr_usecol:q_pstyle:m_r:37_c:37_sp:1,pname:p_inst:0_ptype:gr_usecol:q_pstyle:m_r:32_c:8_sp:1,pname:p_inst:0_ptype:gr_usecol:q_pstyle:m_r:9_c:28_sp:1,pname:p_inst:0_ptype:gr_usecol:q_pstyle:m_r:31_c:38_sp:1,pname:p_inst:0_ptype:gr_usecol:q_pstyle:m_r:22_c:11_sp:2,pname:p_inst:0_ptype:gr_usecol:q_pstyle:m_r:9_c:40_sp:2,pname:p_inst:0_ptype:gr_usecol:q_pstyle:m_r:17_c:43_sp:2,pname:p_inst:0_ptype:gr_usecol:q_pstyle:m_r:43_c:23_sp:2,pname:p_inst:0_ptype:gr_usecol:q_pstyle:m_r:33_c:31_sp:2,pname:p_inst:0_ptype:gr_usecol:q_pstyle:m_r:26_c:22_sp:2,pname:p_inst:0_ptype:gr_usecol:q_pstyle:m_r:37_c:37_sp:2,pname:p_inst:0_ptype:gr_usecol:q_pstyle:m_r:32_c:8_sp:2,pname:p_inst:0_ptype:gr_usecol:q_pstyle:m_r:9_c:28_sp:2,pname:p_inst:0_ptype:gr_usecol:q_pstyle:m_r:31_c:38_sp:2,pname:p_inst:0_ptype:gr_usecol:q_pstyle:m_r:22_c:11_sp:3,pname:p_inst:0_ptype:gr_usecol:q_pstyle:m_r:9_c:40_sp:3,pname:p_inst:0_ptype:gr_usecol:q_pstyle:m_r:17_c:43_sp:3,pname:p_inst:0_ptype:gr_usecol:q_pstyle:m_r:43_c:23_sp:3,pname:p_inst:0_ptype:gr_usecol:q_pstyle:m_r:33_c:31_sp:3,pname:p_inst:0_ptype:gr_usecol:q_pstyle:m_r:26_c:22_sp:3,pname:p_inst:0_ptype:gr_usecol:q_pstyle:m_r:37_c:37_sp:3,pname:p_inst:0_ptype:gr_usecol:q_pstyle:m_r:32_c:8_sp:3,pname:p_inst:0_ptype:gr_usecol:q_pstyle:m_r:9_c:28_sp:3,pname:p_inst:0_ptype:gr_usecol:q_pstyle:m_r:31_c:38_sp:3,pname:p_inst:0_ptype:gr_usecol:q_pstyle:m_r:22_c:11_sp:4,pname:p_inst:0_ptype:gr_usecol:q_pstyle:m_r:9_c:40_sp:4,pname:p_inst:0_ptype:gr_usecol:q_pstyle:m_r:17_c:43_sp:4,pname:p_inst:0_ptype:gr_usecol:q_pstyle:m_r:43_c:23_sp:4,pname:p_inst:0_ptype:gr_usecol:q_pstyle:m_r:33_c:31_sp:4,pname:p_inst:0_ptype:gr_usecol:q_pstyle:m_r:26_c:22_sp:4,pname:p_inst:0_ptype:gr_usecol:q_pstyle:m_r:37_c:37_sp:4,pname:p_inst:0_ptype:gr_usecol:q_pstyle:m_r:32_c:8_sp:4,pname:p_inst:0_ptype:gr_usecol:q_pstyle:m_r:9_c:28_sp:4,pname:p_inst:0_ptype:gr_usecol:q_pstyle:m_r:31_c:38_sp:4,pname:p_inst:0_ptype:gr_usecol:q_pstyle:m_r:22_c:11_sp:5,pname:p_inst:0_ptype:gr_usecol:q_pstyle:m_r:9_c:40_sp:5,pname:p_inst:0_ptype:gr_usecol:q_pstyle:m_r:17_c:43_sp:5,pname:p_inst:0_ptype:gr_usecol:q_pstyle:m_r:43_c:23_sp:5,pname:p_inst:0_ptype:gr_usecol:q_pstyle:m_r:33_c:31_sp:5,pname:p_inst:0_ptype:gr_usecol:q_pstyle:m_r:26_c:22_sp:5,pname:p_inst:0_ptype:gr_usecol:q_pstyle:m_r:37_c:37_sp:5,pname:p_inst:0_ptype:gr_usecol:q_pstyle:m_r:32_c:8_sp:5,pname:p_inst:0_ptype:gr_usecol:q_pstyle:m_r:9_c:28_sp:5,pname:p_inst:0_ptype:gr_usecol:q_pstyle:m_r:31_c:38_sp:5,pname:p_inst:0_ptype:gr_usecol:q_pstyle:m_r:22_c:11_sp:6,pname:p_inst:0_ptype:gr_usecol:q_pstyle:m_r:9_c:40_sp:6,pname:p_inst:0_ptype:gr_usecol:q_pstyle:m_r:17_c:43_sp:6,pname:p_inst:0_ptype:gr_usecol:q_pstyle:m_r:43_c:23_sp:6,pname:p_inst:0_ptype:gr_usecol:q_pstyle:m_r:33_c:31_sp:6,pname:p_inst:0_ptype:gr_usecol:q_pstyle:m_r:26_c:22_sp:6,pname:p_inst:0_ptype:gr_usecol:q_pstyle:m_r:37_c:37_sp:6,pname:p_inst:0_ptype:gr_usecol:q_pstyle:m_r:32_c:8_sp:6,pname:p_inst:0_ptype:gr_usecol:q_pstyle:m_r:9_c:28_sp:6,pname:p_inst:0_ptype:gr_usecol:q_pstyle:m_r:31_c:38_sp:6,pname:p_inst:0_ptype:gr_usecol:q_pstyle:m_r:22_c:11_sp:7,pname:p_inst:0_ptype:gr_usecol:q_pstyle:m_r:9_c:40_sp:7,pname:p_inst:0_ptype:gr_usecol:q_pstyle:m_r:17_c:43_sp:7,pname:p_inst:0_ptype:gr_usecol:q_pstyle:m_r:43_c:23_sp:7,pname:p_inst:0_ptype:gr_usecol:q_pstyle:m_r:33_c:31_sp:7,pname:p_inst:0_ptype:gr_usecol:q_pstyle:m_r:26_c:22_sp:7,pname:p_inst:0_ptype:gr_usecol:q_pstyle:m_r:37_c:37_sp:7,pname:p_inst:0_ptype:gr_usecol:q_pstyle:m_r:32_c:8_sp:7,pname:p_inst:0_ptype:gr_usecol:q_pstyle:m_r:9_c:28_sp:7,pname:p_inst:0_ptype:gr_usecol:q_pstyle:m_r:31_c:38_sp:7,pname:p_inst:0_ptype:gr_usecol:q_pstyle:m_r:22_c:11_sp:8,pname:p_inst:0_ptype:gr_usecol:q_pstyle:m_r:9_c:40_sp:8,pname:p_inst:0_ptype:gr_usecol:q_pstyle:m_r:17_c:43_sp:8,pname:p_inst:0_ptype:gr_usecol:q_pstyle:m_r:43_c:23_sp:8,pname:p_inst:0_ptype:gr_usecol:q_pstyle:m_r:33_c:31_sp:8,pname:p_inst:0_ptype:gr_usecol:q_pstyle:m_r:26_c:22_sp:8,pname:p_inst:0_ptype:gr_usecol:q_pstyle:m_r:37_c:37_sp:8,pname:p_inst:0_ptype:gr_usecol:q_pstyle:m_r:32_c:8_sp:8,pname:p_inst:0_ptype:gr_usecol:q_pstyle:m_r:9_c:28_sp:8,pname:p_inst:0_ptype:gr_usecol:q_pstyle:m_r:31_c:38_sp:8,pname:p_inst:0_ptype:gr_usecol:q_pstyle:m_r:22_c:11_sp:9,pname:p_inst:0_ptype:gr_usecol:q_pstyle:m_r:9_c:40_sp:9,pname:p_inst:0_ptype:gr_usecol:q_pstyle:m_r:17_c:43_sp:9,pname:p_inst:0_ptype:gr_usecol:q_pstyle:m_r:43_c:23_sp:9,pname:p_inst:0_ptype:gr_usecol:q_pstyle:m_r:33_c:31_sp:9,pname:p_inst:0_ptype:gr_usecol:q_pstyle:m_r:26_c:22_sp:9,pname:p_inst:0_ptype:gr_usecol:q_pstyle:m_r:37_c:37_sp:9,pname:p_inst:0_ptype:gr_usecol:q_pstyle:m_r:32_c:8_sp:9,pname:p_inst:0_ptype:gr_usecol:q_pstyle:m_r:9_c:28_sp:9,pname:p_inst:0_ptype:gr_usecol:q_pstyle:m_r:31_c:38_sp:9
0,5.9862606497844756959,0.0630201089870317116,0.37286771257984940853,0.022918342423964444682,8.5176269783743379094,14.681794387916554001,0.41563257046072371592,7.1378200130039175519,1.1510412179244271513,29.232708792481787441,0.05923107808500865934,0.022932860944163101224,0.13600531396313800259,0.023622983382445304767,9.1718395824517929497e-05,0.27762461491751011522,14.749066742533768704,0.67567080856403882727,1.753026849623828376,57.104641987806800785,0.70156675269758217439,0.32989414448377057942,0.0011981917077098561391,0.019796006927540913539,11.518039320793750591,0.034243123145445704403,113.17385432199678519,0.019318670464616632954,0.79321328069699514884,0.30702266713219544814,0.0020948667896289741019,0.00012455192404081725892,0.19877331434643891184,0.17112198581632820371,0.043164383865863027723,499.99999999999994316,0.3663432774766532396,7.2553865620791393454,0.62930700206480971737,0.23007817766657268077,0.42538600438158574724,75.819815691929889567,0.067808783612682166364,5.2311249560968580141,0.46618420347875466625,0.0045508682737005600599,0.019284319439266804641,16.399954118549239013,0.028826804476860576343,1.056863495720932633,0.00012462278105875552819,0.028128531559715876098,26.172928422649071933,79.385997326814219832,0.00072518833902888318356,0.0051649390704625016205,0.0013140218187591809658,0.72264287085987088943,24.504007279633849947,222.13780048609768869,20.903340073167189672,5.3873131172410833045,0.32956546251401686032,25.862795280388578334,0.00010290722453203946841,0.016327034132707047426,0.18522096344618818597,37.025577199187750921,0.028483715033933060951,273.22122170492264104,0.61179203088791556109,1.7908868129396899871,62.706432538634579998,310.92907114471489649,0.001171319008001176637,0.28996541426944394404,10.057748681312927985,8.5562782004303645778,18.658657985288236603,0.36263346285173037042,72.404080549207506579,0.00023907197560710217337,7.3162155638665922197,4.1494746849774797326,15.745114157577008385,0.00047981445065474844685,7.3563581634837982293,499.99999999999994316,0.12038102243501713762,64.632900558645417277,0.11327333386190836795,0.18656072710969509587,0.0088461244517546756827,0.0041043305031227394347,0.0086811119826279009581,0.0023359518378307116658,5.440147193164923678,23.450631917395369896,1.0303816034446224847,247.41693376492904122
1,0.11053314431259830819,0.67466483677983091205,0.0077209354107956665314,0.049495016381129498806,3.9234621557965818027e-06,0.0032647316265294250119,0.027152109102234193994,0.08069602385104877873,6.4314708955844599458,499.99999999999994316,0.031106993478561138083,0.30500781416491712372,0.001109996334344551857,0.25196087785183651775,2.6127684492571092711,0.30115434880237140769,0.070246229402507048833,0.00057112959943906433085,225.88230371524596762,88.328718488890345384,1.1078579837660245122,0.2493587867452567719,0.072047097091486780873,1.7680533379971898889,0.10256124386757969891,1.9766505824553157744,0.11951196165863653409,0.0050530577552606783381,0.0033857078333886791999,40.543244323051041533,25.199172015967569394,0.23240703303065562979,0.031291978896780418828,201.04696412524882021,8.0176241833422174921,0.47219504420226998676,0.008706128296362997121,0.12348620132774389135,35.30458938004675673,0.039350944654535410794,5.8687013151060325455,11.973199115440555929,0.18855069010741665192,0.00049934722337202218801,0.010878626327956520195,30.510529336011558144,0.00023305242603325609517,0.87866256582494906002,6.486908953730021743,291.61882222082925864,0.0089988457858539636081,0.019784578778659862863,3.3056953040066483496,16.264882786034647211,0.68766010813271516433,1.1858633158937426089,1.058300311214639633,25.619286311115512689,85.992917509720584235,499.99999999999994316,0.00061600280046006882211,0.007173181440723139235,0.0034757042164298692852,8.6546113893469627243,2.150163918548534614,0.00036628461712923338165,499.99999999999994316,1.0082921325894063092,41.393633452145380147,499.99999999999994316,0.071037621261850397714,13.591482888111540817,9.6213778117809169999,1.2225684124748521509,7.3963220546610621836e-06,0.00075397033794848957941,39.559378338047928025,3.510682434519355688,0.75547834910997402336,0.041364492086033120832,0.77408831096196251131,178.64073998954725653,0.007986395567020994693,499.99999999999994316,1.2498050655647841012,0.0801602502047739085,0.011761747779299279101,1.4762879733070617405,0.01779481146100098457,1.7886631939679655812,0.0011148027663653904424,0.062361366710433296934,0.044805187651581181163,114.11042733710003461,0.13393051090870894404,0.0017387540180178564283,141.57647067401754271,0.6517487195329623173,0.039868134951010172906,53.882378776797949627
2,0.50117537983899651532,1.583545597372872038,0.00067354101134393733977,3.4877128372799606204,0.00089347202146892784527,103.24795435779475383,0.0052162822651643531852,4.587373857066505245,0.23822927354381565057,0.93536091855530267836,0.051544059670149008912,0.033599634288057296516,6.8945309402286531321e-05,499.99999999999994316,0.13631151531267907129,0.5402957790674660643,0.38418200520179995872,1.7012321869182092104,2.674557301293986451e-05,63.475380813254496104,9.1674624781143059238,4.1159407506607124105,130.94062212316308091,27.396812797093048175,0.0046671576778508395977,0.025745506423492003217,0.25209282380104724997,0.0011768767018138052982,29.782123788473406023,74.019603110960630943,320.76896212431353206,0.0011240765321324673251,8.355990625154234408,31.596654823418234059,0.73726162582403875767,0.2237109193884387337,0.60199228326667553191,0.00058525111686579781196,0.018388326946758112856,5.3638269360011214815,0.010418601610363315002,0.012313594144948201634,0.04647137835967978664,47.768548646498167898,245.20697387673766343,12.090363681558461195,269.21692982869922162,2.2702027037486819695e-05,10.678788671451949099,0.023976053195403270596,5.5109994752543602914,0.0011366526122493373144,0.036619920800065430821,3.9377130327155493994,0.013473142059415649935,238.70755994773065822,18.343804903899073366,2.4081132300964378765e-05,8.8187948570214693689,0.14409272660414171319,0.022490375499593415198,1.2395927311367376245,0.39892661214359881328,35.995344109869961358,1.9078722116896671412,0.0029121523001101518903,0.14932823099355468921,107.80409359333259545,19.025700714526024626,0.007048808392902594297,0.12737788290211565778,4.9222524102445461835,0.09025103180837497352,0.0022812328084101008048,0.0074149319648924736856,0.01778487331987688852,0.78647806507106143847,25.827640827375496713,43.863976849984659623,165.01755640800212177,1.3497654866003609975,0.19354346020306856246,11.718652995027108332,0.052349058971838051402,0.28527269985419667631,1.2094931975453266926,0.0015370646953751178256,295.17319287047467924,10.307644487928614652,415.62941623324491047,0.050872577279192865429,1.8261826455407903502,0.018320426473217913538,4.4074893859895950259e-06,0.0050162735402854369618,0.15464712656593967988,499.99999999999994316,0.021878968278650681029,0.18358290664554427485,0.020220333270575149148
3,1.2134962999246425852,0.00075319715162586371206,7.234585415701723754,8.1316707023094263462,0.34393937415182757045,0.0048958223669781876161,168.53959200122176298,0.16107295668027457602,2.2562811252079906232,1.4817605548850005803,0.002252987336291718129,0.001819190072019885758,0.03072008958199280021,0.093591655922755520591,30.489435741922481071,0.0013697284100898149319,0.95269655952954535039,179.78246922816907727,0.060045095244117295541,0.00010406941360408448972,0.36819706937222185239,0.2021213151179922507,0.025473595699277741533,4.7123081318010830998,0.82636282943874006524,49.429836844418119313,0.0022178234037603123535,0.00062063610130008999184,0.036194130095502805022,21.517135994529237308,68.730562217502807698,0.66912377241909615222,3.2400371287779248242,0.012211149700692881456,12.590262662894094348,1.0447815495203454095,0.047871461531137790568,0.052668348577412503475,0.16247124084327652094,0.26619314905317709163,0.021020673628846880954,0.0336638417565599396,0.74775358990112639201,187.52342209753487623,0.00077388329041322380039,0.00066738724549099133054,0.1030536024756092961,7.8462467004352952528e-06,26.872655705572856988,205.14220178471293821,39.436848939011916571,0.0023277746361981248996,9.4448912601140122547,0.41710489617401119711,0.43059630003289811606,8.6260439628390077615,2.8197578565459445162e-05,0.0043809502434843834717,8.5199498741902282006,22.534076129073120853,97.175332343644001298,7.4844807123643992464e-05,36.163288190288973567,22.661685306550314323,2.0855706849043618156,102.67412370021888535,54.193139111022595955,16.647532193847272453,1.644127898307547353,0.15993216855879141547,0.00016621862439852291685,8.1331040914885814885,499.99999999999994316,174.24929516767906534,0.056041814185287676386,139.1519440409487629,0.022039209097672683019,2.3817366367232843949,0.28412080747774010048,4.1616263574387861723,3.8506160346386133497,0.090947375456230314383,8.5705067106962413703,0.49591235479312478773,91.282517573375187681,0.030174608921342542522,3.4450525405440450832,0.021061803916316627211,0.2272762547266823363,0.56913060321768760286,0.074902651457775665245,5.8151650731698492081,0.00012368663726149088569,0.014295144390464697981,13.572730454105187192,8.0202289441507534917,499.99999999999994316,0.0013590185882525081511,0.00051190297250023936073,1.0505247349206512375
4,0.0050506301238605975229,25.527519582085485439,0.00023852080716308912038,37.750710570916467645,0.021671126701468149817,0.00012406054332812148193,0.69583530794000625352,0.0034100530055024978922,3.7811501276983388031,1.2953356479415900626,0.12989716477493193358,90.796122549394127077,0.005707998373065260693,222.72205043031058835,1.8731275669176970024e-05,0.0046241516497740444216,18.026269594283597542,0.018298138613557671933,30.106037612044254104,0.037685904417288071389,12.137049436972457528,0.070596897522337928588,2.3210996421699823244,0.0062265501265551760277,0.10595558821149290984,3.3093841372950274504,0.0015709101605946805807,5.1626461767764126876,0.089065247265480290695,0.11632717563847817799,0.039672636233548289053,6.6382638035501333462,0.20874546317945916196,1.1507235305041396689,305.61243772546737318,0.21822773227554426168,0.00019117362126822229958,0.49217390507505826003,0.15190717369293305072,0.43258052364809013168,0.12730696797790019836,9.2648558342914952846,0.00098420391669289748922,19.437614427793107552,0.00115696718429982243,2.5184722766063147859,0.062239910521399585686,0.26306674743397145955,0.0052163675255155377355,24.712270434283048814,1.1139363224549582107e-05,6.1024536033139959153e-06,14.699912859203877247,0.0024737122702746766438,0.0036497724038822053697,1.1002525762113026797,33.930790300272178683,499.99999999999994316,499.99999999999994316,9.620203213512976248,0.0018220150274381461189,0.051841754712252122173,0.9523008239551399301,0.4274714176352822359,0.00097228964886276417895,1.7528577766130282178,0.0002149956755319199506,2.8043169945854016234,353.63931276169716966,0.071467693895279987837,0.0049242186178455249132,6.4432386057140753621,499.99999999999994316,499.99999999999994316,0.43882583869889890682,0.0028850230036158194639,0.0045919872219904924598,6.3416941802661899175,20.873432157904371564,499.99999999999994316,0.0062915143863050302861,67.772725098832353297,3.490298028663099128,9.4784018128885918486,0.30150920762343469406,0.14867157412909298708,1.768980447290520841,0.0047863862265035651486,0.92833300544195107573,499.99999999999994316,0.0035372837117480372508,0.0080989716465642222487,6.796373886748691362,1.0348578661327851869,18.43873953755793238,0.50147556325405973077,336.6240616151541758,0.00018738508390099220145,0.35055300245915083091,43.392859497436504057
5,0.1224275310265134642,0.017493881313104229364,0.11990479682093663216,0.11134734239437353576,0.0063767726771521981988,6.800305516246947235,0.026661078801162189922,2.8925113476870594198,0.23122083733524448346,2.6541341534424982562,0.53702830953953117898,58.271407667665947372,4.2370354352059349523,0.027392689211754535361,0.023651365046109953244,0.17110829283413317436,0.00076515041249473371432,0.032100407196502957208,3.1226594106591033079e-05,178.01403293210657353,0.53319499988689278425,0.00034137967267425364587,499.99999999999994316,20.665088493918052137,2.0348460539575068395,0.019301301477197736062,0.1164464201795176318,0.011000507392152358843,4.0737109901482293495,0.027219784920098612224,33.908915863703207094,0.12109622833792400842,0.0013618854961175020767,1.4330458052024812599,70.108539372453677174,0.039994723149919135519,0.83203250997366717812,2.2825833174513658896,13.068568391312357591,1.4813891315963731987,0.0021838146809384610669,1.2280997333200218691,0.053890565057318574882,0.012150826539591654332,499.99999999999994316,16.910896948773508797,13.901800779604325697,0.0019718063826538860007,18.196619146647577736,0.17558039610175521505,0.043630843295871656051,0.0027783205479735518725,0.20537766131005574799,2.3054373478043359569,328.98296438716045031,59.755837024112949507,0.00014069901688445695634,0.088524990969479161462,0.00073895116507957973265,15.48759315932278291,0.005304189785460790979,0.19191913510670141618,0.9784635448883930442,13.279178923713390148,2.3501766403965797361e-05,22.056454167762087337,0.013160087650476434001,50.07820015683130066,245.40132964986187858,10.585150493625857138,24.946678965101686032,499.99999999999994316,0.015222196983478706797,92.882911678744321193,0.012327916878362286945,0.75211269085225151976,4.5448964483689193727,0.39139273575377714343,0.00017474614791435202823,0.29897504675200192725,0.14225129402487626806,0.20337816440420899977,0.025351791481701465431,0.0047611126738312196244,0.0012081084815751472195,7.7719089716890037423,0.028035051844442809149,14.085628664432046975,0.19451700971665591977,499.99999999999994316,21.733857945282181845,0.14021045211754429305,1.2000667761970200687,0.24850282643298457486,4.9497184008249535125,45.577250172561413422,1.940970950541626161,2.419834134893315003,12.4521793006743966,30.533712797032787734
6,0.53459020098803511356,11.651460941366670099,0.013586123904770859225,0.04506527911298287975,0.0095395525287766038541,0.11391509940408717227,43.617165660869900989,52.058834842628044726,0.0073735749316344882318,4.4066973862575036236,15.224675110818331802,1.6480650989924048311,0.22952998558550485875,0.0039256611457252682182,0.021430630927179592643,0.057370132048519227597,0.10251928400656779017,0.21744839334793067409,0.27215693889293957053,38.337033869253140494,3.2601785679758781278,9.1495855242925152595,0.20937084491167676226,14.800667140392665289,0.9947787494368555139,0.5136714940940506624,0.91319398658745265518,31.455353219543578547,0.072062050093873675216,2.2493837568281631611,433.2830556605576362,3.7367176053381649936,2.5608432761097090768,0.1389049048396293895,7.6986700851147125135,499.99999999999994316,0.11021402417894897441,0.00077842093571898432914,0.042218885607371865742,0.071579125363269019422,389.48052032189229976,0.026298172643726702019,0.7889152454229830802,13.113567439474028475,37.146600628445227699,0.02305694458505938918,0.00092030209368217867193,0.25138030518141463165,499.99999999999994316,0.021988840241273874959,33.206481123512439524,0.014876658470188600797,14.627041181579901519,499.99999999999994316,0.0070236702735475432108,0.0058046408592947740246,1.1638908697741536802,0.0502477621081716605,8.4022053823696687402,499.99999999999994316,17.455069062273693703,2.2949679137601308732,0.58780650621017571655,37.959985245499908046,0.3660487574150337875,0.9742660075920233087,65.777137809390538337,78.919981716059254495,16.9595469487351167,6.7885880275055949795,11.617748375504982405,1.232737016673247421,2.7526738111689499355,389.36999686395870413,0.1187539281751745085,0.082005973560193082261,0.00025648584398528815947,23.36512500429766348,5.2073632596356551616,0.76624705734817766256,56.4587667952406278,147.66400577572571251,0.030621556290670884359,1.1270152011994742924,0.076843201627119508967,0.050121519988232443588,13.620519556456253341,1.9298504077411651192,6.5800940580207480934,10.462856504062337137,0.03651413064471246972,0.00012680829421767031038,0.0015901421221090966066,1.8480850937571096093,92.451469907545202886,0.00089063903508762142913,78.138978917711028771,0.0041481539013390918147,0.083996637461975470762,48.802670789739828194
7,0.2910347344319050289,67.096421315542656316,0.024973376748657256236,2.5848563491258298441,0.60318377887457053088,0.13238056087172306308,0.108645232055279789,286.50160454608618465,17.753223927246025937,3.405486295236966221,0.065244017718240399084,0.34937682560269178733,0.0016711123506011069453,1.2269254452149547241,1.003801389367180219,0.41169879114203050685,12.701803878674727599,0.093006662718428737002,61.574265571633787886,2.7074892747504781809,271.70690290010878698,3.4840315538035109277,2.0533512989629025824,2.6115997039411176342e-05,0.29842411608717073213,0.48300584878205271577,1.5289125157156653323,0.023602948439894862187,0.003151930317080084247,46.94913029686335193,0.0047422842232433554815,2.5934706458980290268e-05,8.127053010870673333,0.0012734748757246758515,36.67573890300096906,0.0015210439133916792663,0.0031829863541731917044,0.52752162955084092033,10.09356057086993097,0.56133600855041299038,9.4700460625439807126e-05,263.18990433968718889,1.4620971242683800106,0.13456257235769017444,17.718168669319997122,0.067048905217906018539,0.00024425599991855477403,20.545099912830181665,0.00041527462878584525891,283.36932064936047482,0.00018434458248029660316,2.9034590675686464678,0.0057016663229704934307,0.098480656630884552682,22.410650256797502777,0.82680015963014419356,0.130147802874998747,148.20113147433508516,2.6639576397682125375,5.4449933739117044595,0.00030371554723669712088,0.00054231787719118682619,0.0023533869761197569181,29.567598332286955554,25.250471274135126265,0.23645953509292511052,270.26830427321283423,0.027217185146278688457,0.00040655858259626637477,75.648390750933273807,0.018619673401746739821,14.990699843507172773,162.15587504362957816,0.25599899042899953994,0.062431424036651909926,0.00088388815261023628844,0.0097284710558492026866,0.078067475568335861769,0.022969087477543257553,99.984494875737553343,0.069711211221483840306,185.03981793354535057,0.16049593382074570092,61.414614163222417176,0.0011603512131190471535,0.00029309280535355555081,29.058264226821965082,0.12622956779985930464,0.112999884063837569,39.606621518442580054,8.9273709741419909056e-06,0.044709695543951724628,13.380023997394861368,0.00071084326831129197779,0.21632262378764094413,22.956095663895798253,2.7267357176200537339,499.99999999999994316,0.0013317730390537431667,99.479816476313288831
8,0.095020327862747597236,402.21039987600306631,0.2292528479227448901,0.27328533157207601789,0.0481559730300899283,6.8778253678244816172,5.2455996738096617449,7.773515434485946507,5.5684015360534990791,0.39152134254471454566,0.00010434384329801628388,0.21344572264850258936,0.12549006804489581945,499.99999999999994316,6.9472367259471567991,0.19277104365265163022,25.964332707831427882,1.4414909090313723361,2.6500166656690380407,209.23928916372835829,0.79622958223323270222,48.43605941453165542,499.99999999999994316,0.050658876950786975446,0.00096020476531517341429,0.079589320312615854935,11.507005269882116139,0.0002402220264309475235,0.0028524567384532180207,0.4415314100413662568,23.415022956739424131,0.11765459931240696001,62.295455826243973263,1.2470249034724032455,0.46521179172391602386,13.566163561196701082,1.7610236341361655517e-06,0.35824004531827946529,499.99999999999994316,0.059618984847224290591,2.0720237107114702901,0.016259007621836834429,0.032933133925753373117,10.805337183215149466,2.765410793065074202,1.2496048880861729824,0.01646027921486056117,2.3367000155322825705,46.319738926786676814,0.55350989174590559116,3.5184048785680523963,0.041628152783432972872,5.6237256220603573098,320.6827731879478165,0.83134697862524853385,0.74379164925120277996,3.9207099667093610051,0.0016944176829220781912,351.49149022709730161,75.979631189475853148,0.22395611452445501888,24.776288363081640398,4.8075862073951345366,9.7772561212767890026,1.8452681547066838164,0.063386544692252050348,366.93478891589933255,14.645839858714012394,0.088401150164887892791,0.086997047444230979352,0.00038535568313512516807,499.99999999999994316,133.43174442237167909,0.37013586736903708596,0.56852940185849720756,6.8666367448542784402,0.0022733302005513928226,0.17866317331508768662,0.00012121255146574252785,41.319641948641297802,0.97122647631776826138,139.86505770450145292,1.5502448100714938395,0.25637838026632286947,2.6816095002021738125,0.029663617925190816083,0.061833573166035347979,10.263539466874378903,0.0011199956822958404175,1.5691946199821062979,9.3051668166934935092e-05,2.945448793347102967,0.0015020992235727506029,0.0083147896514173137011,4.7022589466919297863,24.449235956162656436,1.1055932459293400516,0.056172488811880125215,0.33132075979120712006,0.90579018841145630958
9,0.038403304816344116523,9.4484700273025339357,3.2002215245367614119e-05,1.0319439924939231013,0.39322463391503525987,0.0047264352907648984545,104.55975338159754529,0.01330411182533217454,148.40694241708212076,0.056707844363038023561,0.003917350140213658391,0.0014416142822612824058,0.069346016738183441364,499.99999999999994316,4.8461905762765011829,0.63978837708859126465,57.526858980601012661,15.043505234845131469,0.060914274203245293016,0.019168532128786091445,25.207195604275312917,0.73292415748186889868,21.237955771578249653,50.821569800036016318,0.19623569497375628612,0.33599628955120564022,0.043828319441789373445,0.011555836848702252459,5.3538528150064665923,14.842704630470224814,0.15154670465784841893,4.7670265028751019898,0.015169476090888457664,0.74158926617714393537,8.5733674848666066026,152.11408815661329186,0.55117504173441134174,4.8563457774895475438,0.001348457681449625415,0.42985696905923281852,0.30181179055492640684,429.90719612416796735,0.00020372205435422523451,60.141870757646728407,0.3224741553247120196,12.23500412492368028,0.12035826488740296314,0.00071058683485688276579,0.87953883557151446571,18.736387794679394858,0.0041234429868908092573,5.0624044599973391459e-06,0.042585361396421127222,0.73490392938115489674,0.26305861745054626155,0.0052454049286212341141,0.011266540511707548097,0.39677937913179112117,300.75709550531348668,61.82596964116567051,0.055558051549474719855,0.0022424596453181075764,0.00059687609694131823612,0.064942698289572137194,0.013640291538317429396,2.2824243359201754622,88.654724343666117647,0.11820585942610913055,30.062388431327786265,1.685368155238460508,0.487841005333006561,0.0070560524637351320493,428.36545472251549427,0.201317415348511497,0.51010869293589433671,0.0021554430081936735465,1.021014956689645814,3.98133094466756976,14.457174870826225543,0.032661993766310085108,0.087584689948519825475,0.19126621398556459264,0.065699214835009137059,95.438038493949633789,0.12360902204550000549,0.9666511775551787089,0.41640169653542952188,144.23791631676260749,0.25221956515813054311,1.9350156205690069999,67.393673730818463241,2.9986362306780502962,0.032594998269835757931,2.8883379325196116838,0.13709753944255109737,0.89292586683237007428,10.205959644352949667,1.7357541979613064775,0.083745670069123243073,0.030138258608808570632
10,3.3349333862674450657,42.240020904344255825,0.068131695541731401855,3.2611321549669147757,0.0058834252673306110595,0.0022702721593489943314,0.15832257044377742727,21.511082436494874059,27.564372021538655844,0.54000440327809728913,0.18972834883031183817,3.8143759238285106505,0.20972336076496478352,0.0026545737599326427701,2.8541348558515928779,0.014473881191785012423,106.4138012249796077,161.04958836851355386,0.076085464382039544318,0.011052084109730658801,0.81267695859910205058,0.68560610034299873661,2.4932673226486969931,0.056260196244393899379,0.040606815535596432754,10.0938906984401644,0.28901423043006302382,6.0428815627143791362e-06,0.008788201297961158176,31.408246545576030684,9.5312603381359970456,0.99010448884829083127,1.8260732674490525174,0.42697645504685405315,40.737001013617231138,0.43117329614833682649,7.460877949304492798e-05,0.42899838831496261982,74.779906132218911807,0.0034530120954171707875,0.0064132780254116273505,5.0896405450541273296,3.6833293902548507326,1.4494274392216859315,231.18263749180130162,0.0044551652972372709008,0.47793319603123046724,0.93917228040521527621,0.10118096993068408096,477.95411271184082125,0.021456481975227460757,0.18056288403664164099,2.2994722662554032411,22.212281598395264837,0.003497668203093794604,74.925793794924246072,0.01751751346167191789,0.0037769072995898845049,1.8125365074571584412,349.73352251469987095,2.7654961518838931944,0.098292364576667748399,0.4284524867545105864,0.15618308299638128389,0.62887473919210412632,1.1038525759487733957,335.19881929380369456,0.068862753842333576659,0.0052778646592890367251,32.056254761152409571,0.57197255631270627063,0.34677495039940792187,66.439460815697799489,8.9130663702750272392,0.004614795818528819038,0.091109847338051205834,0.0025539419633900371266,21.847632407443985159,0.41704991266766444635,0.0072703074570633343873,2.2747554672271674825,0.21541359158759856851,2.5283633881028122481,62.079040908257596243,0.6870268960898612276,0.045459908929004644307,1.3661607869824738959,146.9761527580379834,2.049531188352156974,2.2029800127464511661,0.27514170982414287714,5.6846991327577613973,2.7377160105606495044,0.0041990839170697813812,0.00016327458631755349086,1.4213922648057835119,0.025270703461130319956,0.29187435616885137879,8.8221286106914753589,25.152969520884226995
11,0.028056528496233280878,3.0979093187125683606,0.00013929221803862587158,0.013274761433214337172,2.8681829657156985292,288.36849464380821928,9.3271189351172706508e-06,0.00037342823675131622731,0.083793527949209217764,8.499535230016807219,0.39170533688476855128,8.8589590787585041909,0.040475598615991308094,0.019222543736932062169,0.1687885054545005814,1.527106197750557115,1.1480262921331311511e-05,38.299064695915440382,2.5083365863622422154,28.572327681181278081,0.42083686944227005622,0.23120589458994630916,55.689641177287043661,0.15906620930421211391,0.027613001783579765175,0.91878517491616606971,0.18432540699866362122,0.0018889669759079561785,6.9879073452567528335,3.2864661594501947128,23.224345938239647325,0.0063423287180891596906,16.184433947100462348,18.095314657939631786,0.16617242221855160755,492.93532365399687478,0.0058599608836354269772,0.32950718789997807123,0.093177951191409882914,0.12289491078556624704,0.15462667439177077422,0.29436262030952603519,4.3423403365455657266,22.427185931473079705,18.810084878895594329,9.0242718074248742255,2.0087275329945484259,0.00013778018845887288223,0.16614076553882325959,499.99999999999994316,0.00063437594549844999754,0.50914897536202308181,0.00053333572966727301606,1.6850508456400772328,0.41265999157517069262,6.4607283248944673559,0.13596530797879968766,0.0017039314735087449093,0.00035078979311842255944,0.0059158957607905252041,0.0056217979783132606894,0.0013788304314962453612,0.00015397723262530591979,0.16182884470144690003,0.25181497284511034085,0.0011112432176204499121,26.233806682419764655,0.00037163498555854815623,0.21789945933208118567,28.788767946167844514,0.02596038250273845216,18.261815208384877707,0.00027824914933407673273,0.55838068986163025276,0.01604562924917187286,0.012865441740233201154,49.73139288858637741,304.22968023387863923,1.1726218906002063846,0.0084673373780805270827,499.99999999999994316,7.8400003930831241306,1.2960112024952605836,0.59662733795364697453,73.256571409343365531,0.01383315835616542519,1.0703205929851882239,0.0011227692423421524459,0.38075466356426745929,10.4565036303292338,15.430517188495301184,0.025403045203847590683,1.013394027424210142,0.12217772588440282966,6.9110899320168650561,1.9633570807100347177e-05,61.777928240115357994,499.99999999999994316,59.679996427816909943,61.916652813483302964
12,37.161560823485075389,1.6176072312667204578,0.15801635653521400871,0.00043270694811699223848,0.12357838737474979851,0.63909878031564604228,0.49731824892329640209,225.89827773416149626,17.456997892673303596,0.86502748100894999439,0.9992338445382116241,0.094218036628781740016,0.13243599573886594145,0.023894512267511967135,2.7397499591274470099,0.031836615125085364342,91.966286423396709893,8.9136503158525872692,0.0087359405915148225646,0.050444090288827132806,5.5491817141369068622,8.1524274349902299264,499.99999999999994316,1.1976830292175619785,21.713810207665869001,0.005116227917980335077,0.0019614771642588236557,7.9884223773173008709,5.0977677029455945382e-05,0.36852330830144802709,118.3236290092335139,0.0025591164495121108621,16.805701770159757302,9.2885360769275648646e-05,120.18922828776358358,0.26278847083598239065,0.12815498242139797269,8.1880538809013338523e-05,0.9424043965831847558,0.0022271347758304306866,36.535375082695665583,0.045592925823778530925,0.0064763756301331656257,0.011441308558098368595,1.1916989978737120293,0.40130703190750299791,0.0062465698438584488228,0.17235587113257683223,499.99999999999994316,499.99999999999994316,46.598367984795984853,0.044653171015649098519,0.020405013824321010379,0.52793098384304038007,374.04608695590644629,0.52098633895415369377,4.3981129985110068977e-05,297.95970719434563989,0.019614388334953779952,1.1892264368966007915,2.8834822840231386643,0.00016714634922063075439,404.6272404310502111,3.8216620832189769352,2.1838462206617035299,51.420930670288534259,0.029335449821526388137,239.48924084621356201,1.0659269414362704254,0.0020336898392327505507,8.4286400051772449871,0.15282533782462925931,499.99999999999994316,0.93946683641378980756,2.4195282715859902645,0.001162745775831600754,5.4883556544857876602,2.0813984330500696629,84.341450957009456602,1.7270674816359536941,34.426376012736746191,51.481272281899002508,0.053809773685556422373,2.8060409401641588367,92.425877048055539831,0.056986448712657442051,27.000089948819603336,1.6478654342069061212,3.7510720343492356399,0.20504957387500852284,0.00080660664570889680121,0.83588869290057699057,0.0231573521010646384,0.0028088070062657678229,2.4522290661190360161,0.0001053404150740447603,7.9573412111009984571,2.8724048465522966644,1.8931986795239097443,50.491071807354067857
13,0.41614984858063280848,0.51098232504219387451,0.019344618472304224432,0.018119341137247162166,0.0018716484923667355521,0.15523459910688186536,0.11777712021776098883,0.0014396914616293778402,405.97946959296689329,0.18307586610197457144,0.025348353761765130693,0.85173598814877504726,0.032691909572015870333,6.7481461422105120107,499.99999999999994316,0.082077511737491032351,3.8236020791870810598,3.301827852590100143,4.3642215094768861405,0.00038801820147683576843,0.22200281066235058591,0.0040857746012776642933,0.010262952590591798221,0.16762036485010550768,0.064815112276438699435,0.17462901899376553905,4.9009592756176043483e-05,0.35773810497320035484,49.303834580140133426,494.96363472175079323,3.4590417665635975197,35.48122965463516465,25.56939856006902545,2.050465224939318265,6.0619893184357636073,0.29540715669359862705,0.0042897408570878913306,0.0024982141094192023348,0.020506228156106424271,0.039274899166531165862,0.0077136577241320985338,288.37105893173765025,0.016063617084282843378,0.026948799655707397077,0.32540744691727208071,0.13557503452073421668,0.055275057414913404685,6.3896804078255502526e-05,239.84801201758500611,1.0519459933807897567,0.00068279125153609824053,4.7299406355848096936e-06,0.19191370949114130995,0.36537505965314287515,3.4703195644031330502,134.21432161764917623,0.49693375943493489633,63.495200493982025591,7.832444070223700372,118.59602253583996401,499.99999999999994316,0.015050938837596101669,0.0038992324205233187297,9.1823786055454803545,0.0005309065122274708769,8.8463599268783230656,6.1754153101863149544,3.0986108521230151247,0.00026780288652973653846,154.72676500709266634,0.65802347036170982797,1.6985057315354157303,499.99999999999994316,0.020542665396195286531,3.15659703914802936,1.8090872498605909957,0.17780645908451223058,0.00012345651760310082058,0.015231626863559191015,9.5947226526422131343,0.00011400848228459273845,6.1776255460852408938e-05,6.40419302513370418e-06,2.5380091261549915238,3.4825225233077490294,0.022826330851623204826,0.00065001972699913433944,17.038734984839205566,147.51305802369748221,1.8947147308954228606,1.2906033780329770888,17.943775426922403682,0.00015511714056635526686,0.61593270872328376164,0.0039259303107267310221,0.3393198577495497581,458.57809258641407268,1.488431102295514119,0.0063120831857510131119,0.27580237276516167411
14,35.669239056512566322,6.3879635361702123155e-05,23.976864800377768461,0.0082410366394231431009,0.0040540152301915387961,137.75167777272602621,35.649749509698075656,12.769305468390305336,0.36799442258516795734,0.052095734561402894103,0.97651168081634298623,0.0095270731562366282874,0.008500526482838163117,0.0052500858179257616637,0.10673603145983395768,85.027451466714595085,0.49699850639370518612,496.64750793432847331,40.154967765459502971,212.32339604933855526,0.048611625364322508247,0.45096881226224783124,56.580182753916410832,0.00066509187227948587083,57.770703024184520302,0.50740873390703389312,144.37374762118534477,0.27559941804845283775,0.01729048405564858823,19.227285111263206829,0.068706313838580487796,0.0077241857457333940387,9.4150655820951953956,0.3365267073019064803,1.2958427554962324013,10.23473733780318895,0.16151357262080748289,14.018584504109234956,7.9755432433035070385e-05,40.149596534134765591,13.620519805069459807,0.87209803246103345664,0.0018844482180521589503,11.33657637620835068,0.40045048332036309313,0.030563628060392183244,0.40318515773193586149,0.51604146199712352949,4.3070504319477791455,0.05349003366577331775,0.10171543972352853347,0.010479834763082887181,0.32775967771026048858,31.99901702499196432,6.4104725412518270616e-05,1.6720557989838935598,16.515600007955331563,1.4323840646081547057,73.601553070454372119,0.0049016438745087482012,0.01026221939923418168,1.5596727992728789403,0.71294911659664894632,322.04174309000882204,0.51082862143421692291,0.34311748327788843538,1.2070427317785545895,499.99999999999994316,0.0024823030816353806871,471.50545791886412417,0.79486888131202249053,3.0147490014230364785,0.039980787001022650984,0.010055754473832931306,0.11197473613761152467,5.8458285508146328531e-05,111.73109784618536366,4.6621597689617226687e-05,0.0023217499749101431876,1.2010139083092521428,0.0005520465594796266284,57.184243684876079783,47.623734200957379414,0.0098485798828981518244,0.054288506987110657365,0.92242957705040007355,9.1411819499233253339,0.10006737057017525694,2.729229710648816809,1.8891011686302725536,1.3954331293768653666,6.9850340856157284719,0.0010399361294844459373,2.101378153288223416,1.1798006412467307857,0.47188432709011252086,231.93299979044090264,108.19877365193200092,38.523235601368561731,0.060398118169999008564
15,1.4782802860317922899,0.5107989497554958902,0.019774589140395093523,0.0010286596938158284846,0.011944700931033225277,0.86794746930435973109,9.6497160378482575993,23.698279072842282744,235.32636056191515195,499.99999999999994316,0.8892406237761190102,4.4169013755843327118,0.01488639942520461959,0.38587135476855971561,185.4000551466611455,0.013388244283766349493,0.14621035910923033119,0.00033387291237131297168,6.8077535566109022014,0.64763416466268830529,0.26867080475053151112,3.4643080358239397576,0.30818139334908040139,0.18701347225043266076,499.99999999999994316,0.012081886322804909553,0.006580751347966584501,0.012433123806720300722,26.687506391691712793,0.024469525113286021839,44.636037006678485284,0.0072013567313036113207,0.15701696098908168864,0.99237749246618234267,0.11423208649863403341,0.81518079357960726572,0.005362258142640408988,0.057497653410758575721,0.00095437709289397209666,12.7780565665438548,0.15780982767687284918,0.075976284495549148423,0.20023294597862639765,0.0057105697835895738446,1.3897227674371022133,0.0012317465693367302473,0.073235098845623097796,5.9629360621321438884,96.554236763304885471,0.1033621619278341508,0.0016402976928239310171,1.1571634333976570375,0.0058255899797535464629,0.79215720020048596695,499.99999999999994316,0.25551158239045923537,499.99999999999994316,1.1918606820971699989,0.02869218069669599025,2.7118784053185351901,499.99999999999994316,4.3924645357633999572e-05,0.00046797146096098685185,5.2401012773401332012,0.0061933956912250936327,0.030589220337120699711,1.0182818367559276496,0.037090773666682008702,7.2153963321646585882,0.13000847488157529774,2.8409466359303308103,1.1500739182026511465,292.59383852102763512,47.786400704667507,0.055000321149595743364,0.014884863616484516127,0.08820185576572163455,195.74659027154916657,0.013676498068157173088,0.22428621228616568706,11.735479722045205619,1.7640945171011099823,0.0040159827116341174913,2.1590906554411439799,75.317845404457457903,3.8406614575071760243,0.059357398139706550599,0.0095860866935312104981,0.00051955082767122606844,4.7279082911038194936,1.4142743527101808709,11.398595162743292875,0.0079182569268597662732,0.0065767939539224671078,1.874309726601075754,63.604364662000456576,42.988807869017634289,3.5434797925590104661,0.0027860962468431692274,0.53362573036934457527
16,1.1883255665217360431,22.511458936167105804,0.11574922556668629237,1.6940839271300718316,0.22757314231986960906,24.263400557247134515,0.063977409861701028948,0.078013830562760705378,0.44086149724418766116,68.862887290590023781,0.93695436740782667151,0.27584273289185268219,0.014108536899226796837,0.0140100911574219094,0.0290594457767499037,0.040278476929668759199,3.1971124843334517429,0.81615147128706944102,0.40372427937839233669,34.125944524126488488,7.0008952956841463688,0.22598361579570389046,2.8043751594659638293,0.065537836898452314638,3.5633468469329789841,5.0611922507968154505,9.926682306824579527,0.010985368985573455008,0.86380654587734639893,0.5733275946777643961,499.99999999999994316,0.044584076783108876618,0.0035718404128051444053,0.14903283393951866076,0.29889478066700997383,0.28054675036437709545,0.00018548894998123742961,0.12864941055702802664,499.99999999999994316,35.308005987975789708,0.050693200208958594244,26.353869299921374392,1.1096590577032572345,0.0042684946110918059112,7.0733309008273437257,19.430142292055105457,0.15153765005649943998,0.10133912818709552017,39.210883241340454219,499.99999999999994316,0.075252376047138608284,0.014034297512989599849,34.118735305914576372,12.97078887656739532,5.9232541441111461467,210.84413371638407853,0.0050227279288033582771,41.733219126122349962,7.6775760353125175328,0.24597331279514431102,121.38331161116350643,1.2205260238749179283e-05,1.9052515206197744302,0.15131299710222576027,0.0010588146826235596103,6.2160922588747720141,0.25219762884883223375,296.97250161213730735,13.831611823297665254,499.99999999999994316,0.30609169069528274765,0.12065626916081219344,2.7021417941323182532,158.42584500843153705,0.0087723267003430686894,0.0032785402674718631608,0.00024697971683351635465,0.1115541383296837219,1.0503431987990663465,0.30565760845776573928,5.2400996717619001686,0.083241099289013395501,0.15539309972081258304,268.36559630154971501,0.9579274040572176574,0.65172618607209487074,0.012300158547879320309,0.083256541762725913558,144.89785936359967877,497.63818465442443539,0.0043227742781835809191,0.13694089719538443672,1.9561721673676204514,5.9236391813555231423,0.93133135088146801195,0.083375963206315739651,1.0473723053448982245,0.029830908969232825673,26.118235337767796267,0.67895441272747236727
17,0.28280411500322466534,0.86550647646653222633,0.0005166369190244359845,0.0012268756588367779863,38.099123255785286801,58.881194248498594845,0.95541713596759980653,32.95824904002800082,32.559385975599681728,27.009663728089989831,0.51151827144692751936,0.0026260129748722029798,0.22178907631742886264,0.014455345301024649304,2.0616862880221096255,2.0387544299560840244,390.58524362962776877,29.352767992737078373,0.099026909152599609798,0.0074255239380619361342,72.739064959484110773,0.11916055498363922749,261.60811038477442025,0.79345926682123435469,8.7327236032856562012e-05,26.344276458520795359,18.945712512152649509,0.00017103687554652531599,1.7205307458593943615,1.7018259853145154548,2.8469656164080223704,0.0032845951798442679127,1.1710873253017837214,2.6811142797287699224,451.58239718203282109,71.349785942011081374,4.7652526417929325054e-05,7.5496166619910178852,14.919138078708899187,0.0020230611704202487028,226.84935834512896236,51.435648168957001758,0.10044001470674446264,0.076710267965400508183,0.023173403891353513973,0.1733940494299257562,0.078834376655942478562,0.00036557501049474974524,59.780038546639161723,59.285432422719985368,1.4642622458650389472,3.1888838747496883741,1.1614515454924356774,499.99999999999994316,59.82879940779862693,0.02966162152558775994,1.2406109287608495517,0.014881281113725726428,0.052379143139613025537,499.99999999999994316,26.44268369469214619,1.3760875160815710938,80.546888812140664982,0.18604541371467145372,0.0023845297312698708614,0.0068054968448622230048,499.99999999999994316,0.00015852587905545228119,0.20345871856356881335,154.23684441769131581,0.00011342423157232289874,0.13887583859393229369,476.70783863501964106,499.99999999999994316,0.00060646632497636369409,12.731602683572145196,0.23293603580394900421,1.416245081035788278,212.6802897926405933,12.630699185374021809,169.09035173142959252,8.2157988822472098889,34.486180786438900725,188.77295631406028065,0.00042794165885822328362,0.16265834614824883908,0.0011096516544843429333,0.22514459392239349889,40.790856886763364741,13.778109680641774659,0.065700696125852386942,1.8594891105215483051,0.10293664176268860211,261.03063999738117218,0.078410370120356717716,0.63371002780006435717,492.64734293187490266,0.45182927559927327232,2.1698914263253308299,0.00084047460511595182935
18,0.00013707859731488817516,0.08777767954040074927,0.92567394665800084574,0.054146079545729905447,0.00051425177134159364475,0.047676043065688893108,0.0034252941478216448502,0.87950295551729229526,90.597733429787126624,39.608504550059372207,1.3282990707311517105e-06,0.0085221506765893722396,2.8438733384898515766,2.2922559531188215765,311.33857120386068118,15.685137028542959214,0.58619444222050587356,0.68491130972775871033,0.23792249491697331498,0.033366153512218429955,42.846865688768566827,1.8732767416162445784,499.99999999999994316,35.524986011928675111,0.79326585586602338385,15.445682963638935448,0.53852704746960888826,0.00075648243046401398779,9.4411764855827979464e-05,6.1357000112513677692,3.1237322118978165797,0.0059464352466230057867,0.025007986551064658592,0.015633326376214829595,0.064333925311205103492,59.568518387572787276,0.30054373040545367957,0.46603416920653756295,3.0744044777673380509,0.00067752183891710152444,0.0025593817264449288465,39.624951567129642171,1.5849396395017500971,32.553686632551936952,63.931902482610027505,0.0045475098108214056028,1.3330208587348104654,0.30599411870489301446,1.5974021452243432062,1.8472265031893004839,0.029519036877798162516,0.0036164823695154103139,2.5730094903296647502,0.018566586940913100412,113.14869184041894812,8.8859387340722140181,0.0062919453448359724534,1.6246960092725724056,0.1562410386193322509,230.5460213418219837,40.052541548659249315,0.0038824014790046585885,499.99999999999994316,163.94523177498851396,0.0085159457026530559903,0.00016025961105493771296,35.492091375517553331,2.1203119340005067706,4.114788518920247126e-06,19.533519862360702035,1.7124983423474722244,499.99999999999994316,5.0560901334541998864,0.070556981946527000393,0.0011195636702062829008,0.0051710001880790430404,0.0025460543635203733773,2.624024661495137245,0.0031305032778368895377,4.1625377975171025113,0.16685772336487128542,0.94445909584409715176,0.87238206407667140407,0.026315474648644768263,0.19914016855419391927,13.734277396969373441,0.092766777973417813286,499.99999999999994316,0.0011463136532326037922,261.98039695460488474,0.017833681071036382171,2.4445455950066650175,4.2963239293545028019,296.71200959322942481,0.011612853905459139328,0.021389352052401892218,1.2654973730377445662,62.293699059251245842,79.264860126973019305,110.53854343249734882
19,0.36864553979616737633,0.074861674595939300958,7.162926649001787105,0.0075720890758657777991,14.453058059730450324,0.092786125477112596505,0.048462252714149556265,15.424633972164462747,12.099331502741774713,1.8939903077604368771e-05,0.045232928831675608961,4.5948465595880021439,3.7285188289317470201,0.31239932066595327287,34.899948721309158373,43.155641376093115014,0.24247546356704166581,1.5672131581102957121,63.620908743234593885,0.053242521305107468055,0.51383379071205337318,75.328996402052240455,0.014054539097860639305,4.9980092489747976275e-05,3.0880334969281926227,0.023034308576663890117,2.9502898849942549298,1.024550725206575974,0.016944147687752847409,4.6092006526888189555,165.45431904694686409,143.4548285803631984,0.030737972975640712875,0.00056102354802341214413,3.0996187907984498189,25.948372516694913514,0.0020930648449616374995,0.045097678859302263443,0.0043832679107434924931,48.333850209794640307,0.50188059875360802042,0.032016490132951193337,0.04128071296432889864,0.20486872827464377989,426.49166243479163541,9.9999999999999995475e-07,0.48076488498291819473,0.0029789722263074956167,12.564473626814191221,0.00015201584180391016225,0.0023708401447741747799,0.00058560310813587294725,238.3101505630833401,0.038733431885476087009,0.82898411729586740648,0.0035281915527438909887,5.0790995655464579173,186.21256530182444067,1.3883522632385218998,6.7911559572917044036,0.21033402049791286026,6.2164300836819723628,0.048745339773633572511,9.855643375498630121,1.4194334954387686221,0.29837996880778466791,1.9827084313652261205,4.9592809118215985787e-05,0.0040773950638240963329,499.99999999999994316,8.7001482361698698753,499.99999999999994316,0.16271093630585717338,0.023926569295512119945,0.53495112670639599628,0.80723129705216667418,0.033852964998352295944,0.00053732299989826446361,22.698554174688300833,0.99446626889741840394,7.4598990994581546587,0.021782064016624535369,5.979991157394647594,0.08169313990824984828,15.601811651837477868,0.010326856582879014729,33.731506078300455442,4.5153668474232020458,9.4786552249412316939,0.73835693272168834156,0.98679804053881881032,0.0013174366779956253083,0.4762023620452828232,0.24548840095469826039,0.012668216966688867348,0.075595182430208920921,0.84288844316425448611,268.84139620288533479,0.053581808876500366945,0.0019836812619316922073
20,13.802760236645124081,51.504823407754969367,0.0002698566848210230359,7.857684726224432481,0.45291543424270358509,0.361421656139185421,16.814105987055526725,2.4806094829670874979,2.2230251641588645306,14.161553798732425591,0.19595506563905285002,0.0025349791937593927835,5.725031204414770869,0.0074957721100609130127,0.00015226542961873517929,4.547159223120182503,0.4517275386440905427,238.3501201247111112,0.25257334904734368708,0.0029407667576161812019,0.17813499800782570115,0.0055788077405436011305,0.00012161822761909615181,0.0012857209615818659607,491.75095432241175786,0.17879994574008020725,2.5882431782853752011,212.24382195695881137,4.6418184010557118901e-05,0.0025504992103406449837,0.0014999714895656563601,0.11171033698865298622,2.8310646779323551669,14.939256931025738595,117.43968393183526189,6.5547407195902991361,0.00051771541625801891125,4.7041970821138665571,0.013921546662840384931,0.052871428327512251522,112.64402128761663846,0.40442105819193258087,2.4152342302938971663,0.0032829323063662103031,85.892779336681925884,0.0080313249861268427854,0.28936700485784605519,0.67326396486677586584,0.00031432490263925104423,499.99999999999994316,0.0023348278995284806048,0.00093369105577721883769,44.133590959227213091,0.013951248399138574049,0.01246944377711111003,0.073873244643142835231,0.84553348617519352715,0.032683230667849783035,1.0284096674917289072,499.99999999999994316,0.029900648383307727729,17.874658151831955166,24.144269210141199977,46.57049523550819714,0.04451517322278758515,0.65041374989208255997,4.3414225119438069677e-06,46.333903826826073669,193.47199823990672485,5.3472717765398494194,0.095032482562056500019,13.183746571377357171,73.247815420009160903,342.3586142208383194,0.00022382147527870029069,0.05138975450127393485,0.004551031421458267244,1.064341096011872434,52.709087392163560537,24.925749568600664929,2.9341381632951608616,3.1181921894693802599,0.086995604807198118058,34.607882730782748126,0.0026588893159929928404,0.0034328894714613800848,0.049938880852740813454,0.0080812176997005838452,0.055864282365241643702,1.4261593256708926525,7.0958169170372613621,0.020071372838283293993,2.7302494610927565688,37.450245603583574905,0.24283893241296225507,0.0038845245762238402205,1.2027114572373764911,1.412874527985591433,0.0039108772008132767009,0.56518648766209222956
21,5.7737345816351943739,0.0040381016452438424011,0.039963738551331166871,0.010278886409621219855,0.56947544618846679398,139.11528202161707668,25.440823417352316227,6.3692848542645714716,0.21926622043484594871,0.06190304986240264401,0.0050238163052305495615,0.076347154290801855225,6.9929060329757106729,22.267895867685183475,203.00751090060128945,499.99999999999994316,0.00052963311618793725791,0.20189764979681507073,5.4040135247989704581,0.0091018351742475338967,5.9148114004725051984,18.800624331707464165,0.00021199168563691215129,0.15377686549560637408,2.1697627651086577316,0.083990709781889091867,13.878697651552943881,0.023358997223327831322,7.9254946647383084368,0.93231571881540054036,9.2545704590369037845,3.9361223983532132031,0.27000796800525939112,3.1674008873129908537,0.096599845884621338143,15.598327626943953916,0.02057408438320060956,25.598163958933064066,1.822676946480745297,5.7769010503817277424,1.5579539757382008247,19.325413595445017023,0.018601708908463188141,0.19507505227991409069,499.99999999999994316,1.2146995802952560428,0.0011083486785849561238,0.55462528653413123436,10.09937048942594906,0.39336841128898969444,20.473086834151381197,0.23616506898603098485,65.413063684113907925,2.8503526058777430841,253.69599005041035866,0.013473885334424581459,0.0030869603206325072278,8.681315348117577102,9.1100725970794851349,499.99999999999994316,0.43022512353285757847,0.0013482855402001002118,0.7470000883603200581,3.190943921556133045,5.6863987165329756834,30.788834416410139738,499.99999999999994316,0.17200919613399923147,8.851750085507720911,364.07774683509740044,24.542859502879242228,0.098369625869103735627,0.127161133309766472,182.28901236312347578,1.3480034455163827367,10.346049773768360325,0.014194448836122926239,0.32619711474098406212,0.001331634544208186487,0.00046767126019269368662,3.7096148071202939001,0.46537178925014727193,0.0015998022813196704616,77.280764397861787529,0.00047723116948108221594,0.07240155532609406086,7.6022568341803706815,3.7788459151508626555,12.065419022484817901,158.84016705216882315,0.01981948475948500793,0.00016413457062826843015,1.8757352568485505806,4.6156995421647026845,0.55357125738636958623,20.924035170597239386,2.3925104007170037157,30.180891105675712538,0.012108771959447055602,0.00018705615914305187856
22,0.10123559607627433121,0.0047865026392902125518,0.84711161467801809888,9.7474527956310694776,0.0017635932891757208438,1.0345493363931930197,25.74326495024589434,0.00021651148309879036978,120.30759762747693742,9.810595936520682514,1.360116406813318153e-05,0.0059178586394476170515,37.684804601117441791,27.72591082776278526,1.3611289676013111904,0.045908873263981228585,1.1823605082555910251,4.453743040351461957,22.204984637443708095,0.0054165640612427101361,0.01055831363020310644,15.213200937354240949,412.83435979699873997,1.44013441739431447,0.014760813908304968797,37.331902852987120411,0.0067059897126308118734,0.022783640243124892583,0.0018568143797344802224,109.56547811779283563,160.74830736760489458,0.0018205084600181947393,1.708494476628667158,1.4152924227815644187,0.27794055276734724869,5.7469406112585508239,0.12398015773159037911,7.78411886242193507,84.526370150771612089,0.024306795267778940478,0.012452934966576362924,0.12906061193507328833,0.74866863836215225003,0.29511264595026437396,0.016655888002975474671,0.0021622675219714442008,10.093537538155404221,0.0022021136269685468584,0.22539044549373687953,0.69398668952092645856,308.89805919481744922,0.20210706981023487949,0.96783662471215747836,3.1805176847621501324,82.765244003179944343,0.25637248235570375687,0.0062805475951409834093,2.5924467396813022368,235.46844111556063694,20.961935417206525756,4.4467886323583085684,0.036215041124765118274,69.468336190636364336,0.022012974418991068659,21.772623138757960959,0.017610122261228485646,0.53787400228749959741,0.01244093761490369654,0.027364552644138676746,57.732887518098230828,0.81475455308863176107,193.82957792507588124,0.85497174030269396106,7.9694049580494406015,0.63574015923097204617,95.963124903917304209,6.4098948899926924128,13.117561875229364787,0.17382795622092317434,499.99999999999994316,138.85054729816258146,2.3887445585253810343,0.022750130024212805724,3.0510308266969636826,0.17740218565878801416,1.6049052493810260778,15.66640331501176675,0.13620106732367853741,0.057291274946626093156,0.12707865234191306758,0.264749656245619025,0.12105545969477228552,1.6279363917590641275,105.26112271779493312,0.013631574672421247624,0.0091783860818245941587,0.30302560848990434117,42.913854574205309689,0.00083099745296495003931,0.090409182658845912983
23,46.604085246123545971,0.24159393672190812574,0.45555790826263420357,0.059338226502350224778,0.10389747493101283982,0.14913772647653725234,11.69030072084009042,499.99999999999994316,4.8349135897902337788,0.00013486843811718682708,0.01867748024653766506,0.089295319836562150884,4.4526920907490046275,0.40095720107388538311,0.0048610767290474532487,62.164778130081181473,245.46217336257964803,30.766385346549061097,0.16603002974479028064,0.12260273498712132012,4.9882137071743493095,14.727232520126786852,0.11037661508866569715,14.521347953651776663,0.000410715238446665706,0.27625892679817964925,10.107793419905165777,66.144004712103395605,0.0068446163620679515566,0.51217987744024806585,1.3153359707764824549,3.19951128514236105,2.907337495427476437,0.94238101613254998679,75.301755210003520347,285.62915020920650022,0.00024554507877321083559,2.3037689056910131136,0.0022498640524362110461,0.0082446777656902184295,0.052201154163595039903,0.056914355816195492943,0.054845792704460126499,0.27758263555831175218,1.1743760787994586003,0.00029272660188604240558,55.392288972325765428,0.1222949929039327116,499.99999999999994316,90.773335691060538011,8.9594289672410578618,0.0039362832675310585606,22.694087736587139403,1.3662864239817855694,1.8808502916405946959,0.025597847583915978031,3.6900253312008293172,67.091675810546618663,10.364677593963232738,0.054678791505366065862,0.035518495782045911291,0.77440339486612796982,188.73786519360132274,0.151037528361706197,0.25778019344170222116,0.019189359278290279293,23.482158480438211967,0.078526277905582225758,0.018043446659733963083,3.0718341629697452078,13.596454096119003907,309.37712595778856439,499.99999999999994316,9.6430791611092434579,0.059891250174401312878,0.47561953540040313726,0.13924057268395714781,0.092656005448137748748,0.0022006981879223652329,0.18108211318453784622,64.37405109018685323,3.6607558875087025108,0.0029009142174314245244,0.12298920621965460376,259.625888005176364,0.049152921037408432714,3.5673167239914991278,7.6203974042873010575,1.7462381304660570258,0.0089468455530070638976,0.11959290232558524025,0.26451445375295545848,0.17582568315204297194,1.006361747095380732,16.372107546401018396,0.0036151284412636714403,499.99999999999994316,0.053485727700721401312,75.454988032797402298,1.9978239071190113663
24,0.93538185647544702661,149.84265593703418062,2.4307572031716273564,0.067043279573170966312,0.019705455142711669064,0.51883788780563788734,0.061880210493612058942,5.0086886079229101909e-05,114.42293201658654311,0.097452194514422524341,0.50832767714171134266,0.03537680219098248563,6.5843071992579913498,0.016899578985260982344,0.22883900291867806387,20.504704113385109565,0.40455264125142620379,4.1198044039327292865,1.8942079077509159646,0.1036089291531883394,9.1718091777058319281,0.18986526802430653271,4.4599070453311924211,0.0092364501180197851327,0.0056369764805472956717,4.9747193057009484463,0.0062557713174281768739,7.5856900515396574747,2.2930007130497194023e-05,13.628092931656693665,0.0059820723512148668219,0.12660772775725603889,159.82728593624648283,0.056620095177057669367,48.34541319518343272,31.939374523842865017,0.0027764679692427497726,0.03772455783407700769,0.0086326920669241927198,0.053612428047001038645,0.77963388676162392876,0.18624212445915169778,0.0002302082716283576397,6.989312492107389474,0.005297256534581381085,0.43589485451399340166,499.99999999999994316,0.01258294883508195329,133.43916461517019911,423.13912645089487796,1.5553350683503865959,0.49806706893499608224,0.069714785359694858569,2.5338452617206619344,0.0015931060696169018192,0.00071828384251831358612,101.97353076047087939,1.0425361679721183439,38.536303830925184855,0.0067835615399899559796,9.8668096249655379108e-05,8.0772190868532405261,144.68002204389628673,3.9697039919431755806,0.39610192132473953652,3.5471486013251158909,0.94924104091891725599,6.2419638669111506706e-05,0.032636832961941010522,0.61397700701208535179,11.359392570460491001,136.4310753060893262,1.8377638299249845488,0.14458421820114095158,3.6623815121149316809,4.46826136863235579,4.3130262863818815688,0.027421032573923483089,0.067183934465431430216,14.814438086618878287,9.7412335147264244029,108.5989799568706502,0.51292738038502538878,0.030337554214203168307,0.00041139180828422952435,113.49338902624340619,0.39809734208545743961,0.21400953004798511925,3.7473685253116939542,0.070911199899912971678,0.26456933885788869176,3.7884617087640997113,0.68675683576344614956,10.998297443739968315,2.1407540140712271182,0.1943459243182875662,78.550905783607589683,1.1362976557621859985,134.89118371101790217,2.2868030609631091465
25,0.0015411850912695854599,18.527241798489637148,0.46775232003712741147,0.01351908094701771354,2.0515317535750510203,0.29343812951853187609,2.4566155063470191955,24.777133405509697894,0.0021500409057139072827,0.073451453831479399104,0.057243521409267986155,0.0022756574687688977711,0.024413650697913461679,110.14830080429716475,0.054398716724891757468,0.30712247636589351529,289.12018385557604461,1.2475147805325759176,0.034254168449413542608,167.90229953981261701,30.281274084797946244,0.015599038908037011,0.0064163183681441929296,23.350711483017839498,0.2414108118094306088,0.00057555662441463107445,29.586398063365873412,0.78017827734618860891,0.0033845938444913882537,49.131913843742260894,2.5296143265471808803,0.065618464008416671485,0.93829651930515678426,5.9238626827553941823,0.96884815619417219423,0.29459975684130551565,0.00037467573244519719903,20.928181230895152254,173.63021494919232168,0.060566659685306799277,0.31027908014929383995,0.66671503532409592818,15.434844004054831146,0.81908741660624961867,0.027049617999934522095,0.036979131612743118551,11.310993548036147871,3.2396917347424638578,29.111752400321208256,499.99999999999994316,0.00040692942154728291336,1.3111497537548393311,0.12401516430935156932,82.363116223356101386,214.39361228549788052,0.06383120462835552289,1.3007893135801251727,25.625487608161051867,11.501874596991878974,0.5235996877086357415,14.038704506583973952,6.0328394662231005631e-05,0.79538877803888263784,0.032295602627459236988,0.0098915585228953606389,0.074694450761103689529,460.52939904379678637,114.9517180307887827,0.021031896630370264245,68.683658990878498685,0.005632014264607745728,0.43920013796720563937,499.99999999999994316,113.85545441846369386,0.00056886507995526430174,0.035996211822960040572,0.0060717205325592398316,15.861352371184072041,20.923952008819291848,1.08332410797479195,49.265111365151533107,137.54263692391771201,0.031958918461579007009,499.99999999999994316,0.73875943431343971124,0.33747630045335330617,0.8337068333421627786,2.488147384782080529,1.4885715749614474301,0.014307673175278983954,1.5458598575222795013,0.2924434317323410526,32.37180019571022882,0.040986167197290056252,11.505082621420308797,7.1947940748609502393,0.00012193809218664080501,0.049212463599138098203,4.7347555236709091275,5.5510752054763098364e-05
26,0.0009337597528058065588,46.263309256965605698,21.672247663322718125,0.15831121325945135547,0.0078837692958902902407,0.094773514507650619132,0.0033297033406989476161,0.7711707465007601181,0.62971401583668151769,46.608752854269958732,0.28580349392326953595,0.1183873418480248102,16.93441796204140104,0.016895354940839813623,1.0553326651922203538,0.00088671440401301383424,0.38745479815222660935,0.78673495907060075893,1.4086412456594299414,1.2287366864840001401,144.2466238476067133,78.61054321848546067,3.4222147689180126839,4.9945728297659861385e-05,1.0142285424870207677,10.734077837863388538,3.4166202915537766671,1.7113349135117044022e-05,0.82814698206542847192,62.21747180088745921,64.153840848640541594,70.185778498919262347,1.2255745511967548467,18.100878373524700748,39.169399569842290987,0.93930444460144790764,0.013490767788088950732,134.11879773629863166,3.0274436687518151423,0.43529349753560808711,0.02609655274686785778,0.023720966139291217029,10.225904885628384733,0.0057660571582109814218,1.5679471112665330779,4.1437517019117273511e-05,6.9254794609846230813,38.159122882342458638,4.9185717606470094054,7.5494639921101480695,0.026043817530951231254,0.044676791474834713636,257.89799985859491471,5.018848573723294848,0.0005054075554241047475,1.2443530687174999549,31.101498685175325676,11.177628837004542461,0.97888395575143849481,265.87382099610113073,0.16117859960374203432,4.3742260816154283631,0.25445489338964932813,0.060702309175266172536,1.4787963697389343576,3.9236924731374478448,482.98528335647034737,0.019464789040142642385,0.015244352796744799552,2.8879687050042455176,80.644803265490963895,3.157195054570433701,1.6990730039752530711,0.40345124866649734185,0.52681440344165175738,0.0060783308128666106718,6.5808468090614793411,0.032460821852814659982,0.0002661842229599051886,7.3350290777129676973e-05,75.652379657769373011,0.28078609372692298063,29.247337081974286832,330.83931472079888181,8.2285674115373055315,0.0032252078026615838002,12.604288093375885182,177.7967923018299814,2.7430538959669501509,0.19002946981639812218,0.044897460088442621429,62.705957700794229481,0.020638238143469305602,0.0027126780575725778326,5.7241403904617316201,20.944529494249884749,0.076787638377347977592,0.020087869969978199708,4.3144609004498954974,0.47554420656799401002
27,0.064022950107408577169,2.2219487766389223182,0.004015468349412494066,2.1588091341265553957,0.0049154108687587119361,21.928002370771881857,3.7645351254541223568e-05,499.99999999999994316,0.86265808593503079393,186.81058255798589585,0.024984047665096053431,39.791281718274014167,14.964551726351343675,0.55725176917877061733,4.1992177161653749806,0.10576945988509112162,0.056439015220119841121,0.0085156190736189931595,1.5891167966504726738,20.337404518264630582,18.766240869435439009,0.022725856140589650173,4.8603129296111351465,0.070405485257060682058,6.7560120544776642859,0.0019511741949775878585,4.5342166786336532717e-05,1.6624896450233814793,4.2511329301461371344,1.7023330858438636692,0.82490268895549867523,0.013508384066460720624,179.12054018231216901,0.054499348665950894666,5.1672422290973871739,0.0055413773207440052485,0.0022652519558097245801,2.4223726152553335389,136.60521373317322968,0.2094092470356558322,1.9762212213699891057e-06,0.33790821169672541346,0.19359492163135064158,0.29210883895533440446,365.58911276447975069,0.0090741990774733088249,21.284396243618587619,7.060290425090284927,0.62873384285775513192,0.049566897217454296276,0.00079441106881360766534,0.41539859652726934813,1.5036507034472696986,0.0028464433622162519343,5.249089140818870014,5.7697896865558275792,0.0057263635519566652085,362.79857485927607286,0.018093093440361515678,1.7203752422937188538,0.21118136334429624124,1.4203425314115967204,94.417092199523338536,112.63194587622602683,0.7200050215015493249,0.089313234713462211212,1.8073619591702756448,78.733891563556426263,0.38862585188267240177,4.382083242117159827,4.5636257627364607004,499.99999999999994316,499.99999999999994316,3.7683917857887747616,0.57078897400767669712,1.4753333153655816545,0.049949140697309650505,1.7387408298311683996,3.4916516792512255997e-05,3.7924670716891983879,6.8922318201024346251,104.39046348370258954,1.1019479307559081338,107.89708978877085599,0.69129917462643963866,0.092230553808844789598,0.0081795073708624578546,0.024582549834633888458,0.49632958007907201914,284.02127521606473692,0.00055200067696517692278,0.0097348854229396351162,0.21971268626745107944,0.61854136136756110442,0.12755442614408626922,0.097102888116042077038,0.080191898101124259313,0.030401393228408877395,0.14612071645348848059,0.21519788490520327939
28,0.4809730932716167473,0.012875908330867448168,16.30905158056399884,0.028356302217781608616,6.0039748076912223106e-06,1.6281644701140434162,159.95532162726198067,0.55613409868678476133,0.89612482926412351247,0.22472531850985785762,2.3873448995536983297,0.017407062480080347927,0.0661704679201495366,0.18191874139643429698,10.287678043947819262,0.60779563495554500552,0.15412307471121686198,6.5273559159868863588,0.00035305353743846865653,0.0029971516054949883315,2.6688271140248076563,20.696671456434007297,8.6568633701512626068e-05,6.2722828740150040616,0.013961143191255657656,0.0018427981496123590523,9.7783960960748750324,0.015215654837520287829,0.76735282672676952131,4.3723712167464157119,0.063668638710440608741,5.9606205555067479117e-05,121.97796266744970239,9.4243008231900642357,7.7974902798679677218,18.463680998018357826,0.1592918085768544878,10.736951875605905471,0.43550281847044858274,37.243064027867291088,16.125698927890418588,0.0026608662504140866145,2.9103080605424564986,0.34441106706525392855,109.84932350067366258,0.0028913774742952516074,1.086570003143541463,2.3620671803662207644,0.00025916283724954016117,37.833717324256689096,0.0050988562101818473218,61.341732851677619465,0.02874969005872125144,1.0222948988741626941,0.20889196172780111205,0.62199341128222007669,1.176025695152078665,0.01622178152739568377,0.00060811028355621521424,116.10336163320458525,17.315438358455441659,2.8786902464543167035,139.55671204881625158,499.99999999999994316,0.13004973214690382366,0.017557162518621220043,28.457759020514764359,1.8783262560188040968,1.3318326574013650276,298.89691170888369243,9.2715295102577428565,0.073994208265866723284,499.99999999999994316,2.3300459580179224695,0.023675870982354605548,6.3215084101546148432,0.081767715370942031794,0.0084898138405499600639,0.00035116426350401147181,23.062753920842840927,0.0037134968981898846055,0.49518880583343855006,2.6519795314373921791,176.70204012106566438,10.943705297275993615,0.020916782966165857471,0.015972516945257472093,493.86375446529410738,51.930925574769268849,0.00064263450662444714708,0.011076372713974599188,17.454900483896683028,0.58008830430186497651,0.78373584471365109749,9.0957544784023287576,60.211157689071605148,0.06322293391346373026,2.261593086605927283,0.027727077660395980235,14.289692305847019327
29,42.974740658532596171,47.748354442118134955,6.1561077895365593792e-06,0.032256165597358908703,0.57345577999426922133,0.30623998613738667718,0.090950511572466433141,0.11836440360695693608,0.018837430720293091291,92.891154499019322088,1.1615569407225216914,1.2848499048144903512,0.65447685425787915925,70.748680301215458144,0.20873051091009262037,88.223425422793383177,53.578142481372545092,0.22448562822492496016,0.00043418209594142469741,3.0474677034119408425,0.054453686036153935157,1.0162163215697663787,0.054311175645656621647,0.005031472018753828726,65.369598676993661002,0.029514273261109051638,5.6869148263527282694,0.0070714286513793049235,0.016242777284823099043,35.056247252395110081,1.8347327389469034742,0.010250907133540610935,126.34540059078689467,0.024463174316229338578,0.90805320467771399873,14.892971417280234547,0.0021460267239666107157,0.00034873113200088620657,77.675846258588649107,0.17368031675312095574,2.862323861598713215,0.064701173184865595767,0.0090763091760259033414,0.17304255005231777842,0.60484278890198384104,0.27764603723850861394,0.55865570548895704395,0.0063676873062674232279,1.7896580494362002156,218.217561699480882,499.99999999999994316,0.012851064792540544193,18.059986731931719106,499.99999999999994316,0.00038049251389514081225,0.00025588847250197164487,0.00083203888608801991177,0.011023784408261308454,499.99999999999994316,0.0017162453878035758507,1.2471512482971272018,0.22113684722669513238,0.041674001741107587204,1.8391679872174286903,0.0058828246004531837415,31.824382017544831314,0.73516345428173912602,365.28003790654474869,7.3593592272132779541,499.99999999999994316,6.4891447823379486692,499.99999999999994316,0.02700032364095653406,0.0036143965933771379784,0.0023973306340483394733,71.289446024230826993,0.68853371700598198224,0.8723164989968461569,0.85884106052140252174,0.18856153920636015142,20.051008421584882058,8.5906369504770463408,60.476680890595623907,1.7454369985145130606,0.30929111654677815535,6.6804059899599064209,0.43754882935969463542,0.34078672385810360179,0.00049878864840741739435,4.7116786524724352248,0.76120921267924435138,0.00021866043674951158053,4.6225749657113972546,0.013928707197679503216,0.00072997976108458853886,0.08199212463780423954,20.930172101544851415,0.03410109420945334896,181.55533853119973742,0.0023637390242190864896
30,0.0014794280324422826641,0.93031212017095932243,0.0015919315946724920102,14.309331836330281718,0.10428350858547735802,25.169501842210667775,0.13782786462539739492,1.5196587125439642296,0.97091910280653204168,0.094418126367859497861,0.0026789494814253157588,0.41642972202294220585,286.38118403986453586,499.99999999999994316,205.06387845385992819,0.052324820994002291252,7.700741763343705415,0.2154461720795859403,0.029824034090510726652,0.039456426866866262104,0.33368140931847400932,0.65068371175697259368,11.631445467096479973,13.915842456715939335,0.38986338388564922841,0.58737871485087989054,5.2871171536174461636,1.6166483225810428515,6.5217663171936148814,1.3443788645897898348,38.866615966280463113,0.33395701471497973856,0.015906434081988139045,28.054920695637743933,0.037901877195298451506,0.50697240383069275271,0.012433840456590303583,9.750956507037525256,1.1735714269264319043,0.00010456926514442900348,2.1279749039027913399e-05,0.037443031102106907881,0.010110554748314896922,0.0011883024663422612696,12.957378899697696184,0.0059285123513879095861,92.545966753911898195,5.6439693335021194898,499.99999999999994316,0.023785293264990979567,7.5943642369524777536,0.00048288951758950989825,0.16632583692709398959,226.64941748816585232,32.08270762593257075,0.2988255493971928578,6.8668820323305954645,28.116462907032534702,73.800566252990506655,10.252732285150958802,0.082904512838884752979,6.067442016210756961,0.04376627373586203934,0.0011379592213498902591,5.1894603051856291742,2.1676266525515250905,0.22434375053018862367,9.5348404014196503908,36.311859595369696763,0.026937654561938806363,9.7601651398635844714,499.99999999999994316,166.27910506851847572,32.698075073909656396,6.0635467404162310956,20.636973155560248472,2.4319602798163835189,0.032435150866671709491,8.6610811794863398205,13.456987192037736634,499.99999999999994316,0.026445187374008433806,4.6863072987617000464,44.422259816397591692,0.029142123733692060911,13.624971795554186471,0.14202525287131406717,0.49754794685526076981,0.00027365258761839755938,10.569835460188587106,1.6168783599926950245,7.7571818643091701162,4.7100672211598073602,1.9014687751084886624,0.25679994001693978722,23.838055096410851519,0.00021474859343015840455,0.51922481052847802019,1.8075431192877213782,0.00037643762265656717644
31,0.57867663259326584946,1.0466423194518923445,6.0787420211808438353,2.4823168787041209882,7.8522624230241286824e-05,24.493411703468513707,5.8720007355332155541,14.372937036050334569,17.598459791920355144,0.0069054004953917006576,0.0007799496837603554604,0.37276737049135361124,3.4818197355311166774,1.4592397872484528243,1.2198235047769880879,0.64655395622946520984,148.92039648118034734,61.181161279768758732,4.132625317458678893,1.7963329965830625579,0.016233707292664410066,0.71108576982921456455,499.99999999999994316,5.1617994852719579768,0.0049688838900488405126,5.9553044328439685984,0.31720909627174381784,12.082970017180659994,1.5872951782786783606e-05,9.0741460529270945301,1.6235144070522042892,0.41844343226381119916,0.022679129462994999239,0.59701094753164951623,1.6409107864674159494,3.1916694241937793031,0.00017788594116438765768,0.002042748724847293345,9.901512526798278202,10.511330389220473691,0.99603682532817006123,0.13439354721517499103,123.15130217877801044,0.00058257817907237286099,100.07314048549099539,4.3311194123805183409,2.2950897772419009968,0.063438688254805947198,23.030848826766661119,28.579723521250574692,52.677957704630529179,0.012265409093614237576,16.695365979243902643,0.21876810859573181389,315.63110357550203844,118.5456940128523371,0.048919693053173216035,1.6643830160133676888,0.25820236400731050308,0.0066289567986981042663,3.8082707916444267227,23.616002742685790139,127.49285266918710136,3.4597756939468618368e-05,2.1875586336409078569,0.00023661044294850423699,28.54272276379086648,83.337779736325657609,0.0034470494334142417689,499.99999999999994316,7.3061802018246400081,9.0715352005261618018,499.99999999999994316,0.024129683560018013594,0.00012932769226590271386,0.30840949697716557587,0.87744169224731272116,75.219770546431078628,0.0021436632610364121827,1.2373324924482909104,0.020524876504054375553,30.982017125103979538,8.8060845557083518862e-05,34.525946144692156281,0.20458614892705748178,6.9036605384438614053,16.547090164381451416,0.00082990590837195873757,18.652383464331858676,0.0018194561339861992002,119.2119325073986289,0.016852302422700676104,0.63648239555535723877,0.024428196572147013038,17.88157803535221646,0.1360249457871659795,0.036397022675066954822,2.6747595416316150008,37.659263209639725289,0.0099369904141748590515
32,9.1153354491752466566e-05,0.11907162829506946766,2.9517161081064537953,1.4076119551525494433,0.12635771665290593258,0.6572835013757648559,62.433351137786303298,0.0090143245902513970125,1.1516589331140547614,0.00034679921260209972764,0.00068136246394786658797,1.519698938767775287,1.328464833733666639,3.8265756547999671966,0.50813463439566630697,0.002136585711251148996,0.18693995808639046752,27.211003655846251803,138.18007565484819565,0.047376557882337813621,0.25829889600827637963,3.1921643471394403058,0.31049905277524425529,0.24472623181733885178,3.246119800398687083,0.13939397257061852953,16.903669431021370428,29.442291873058064056,2.8897560953047887189,119.30808243693223858,0.68040275606256028773,3.2519713952977631344,0.0083323729768980305671,6.1474069459891911293,0.01628546390712153763,499.99999999999994316,5.8817887958305919819e-05,80.921015149470477468,12.157674589593984393,0.00077343235149285489982,0.76146578721795776801,7.2313942824879839932,0.083550235813056150658,0.33825592512710539461,5.5971601432987112545,20.842664572804284973,1.0630553259804251809,0.22581690745851154545,4.0899116447326795409,56.863574001059511431,3.3346618014157820556e-06,0.00018490695813743829399,2.7773468366503504257,0.00086281640806908424784,2.7009711228653876525,499.99999999999994316,0.088190165794083411055,15.845016470354766014,0.28268515945986383286,131.56597273978022145,1.202481455494480711,0.17200804267270783376,15.451355667678720707,9.4614781213961567374,6.7914350803667815626,0.1386865141582676042,47.421117765675504074,0.017425018725732030478,0.040238670228461316525,190.71112414885146791,0.0018161243553652505877,0.001580878906683530526,19.83140381896381399,454.53554238602526993,8.2802526287994080434,0.00065861094084055619036,0.17739020010178122022,1.2018084582422434714,2.7389461489076007972,0.0013361552951574662881,99.280878321190442648,0.0042390944608659561835,0.00021635364877301495909,9.9595252805931266948,4.4592583604627202831,0.0011510145816988164025,0.42527549367634781552,2.8035276147966237126,8.9678482749159957876,17.821967507884256321,0.0039367361519287531399,1.527669731550740595,0.087698109925615899685,0.15344399681286696735,0.16804613481474578451,0.21148612882880979402,0.13412370602775972039,23.356538177316469529,0.0036562493127821516122,0.081242998623218251608
33,0.023272832019903856582,6.1246577905830804317e-05,112.02613084678004896,3.4982366723255089447,0.083441525068460586922,0.59485989766544788981,0.61644655724794361618,358.14771793890741947,0.12599302288341604483,0.75577233605284266371,0.0070294624623831979127,6.9552519791928455462,0.10459019925391743744,0.22156496252870275243,0.016368025128967258336,14.655416332915832456,0.0078883241462444908532,7.0008160013204587813,0.11908552131354789572,10.269922649096844935,0.064055578198718682303,0.0028835869586123063363,0.039229298241247885504,0.96343228989325513378,0.39034311712769892422,0.0001212691300063979883,3.3237838012837666035,12.228702477338172727,0.0864419544827445957,487.66482596762398316,4.414092683960376462,0.10376107427404535066,0.92015893134569926026,0.08167982658646365246,10.982412533976139812,1.1488306561297672026,0.77221343294665845125,2.6354716424594544222,1.0715503055993311765,0.013487680040537266407,0.026653219358330530742,14.920921772715002973,0.015115652005131992308,0.0041002528002426954362,24.655791942034074538,0.00051085760437758300553,57.315143171842059644,0.027016165198773239159,71.22455386492629259,0.43044260605075634896,0.00057949658351311638879,0.16094786444206674036,0.14716826525575824047,21.036177102474397316,106.58437926697172315,0.027515536892981251604,0.0037252472698098880802,0.20259526629422416888,2.0939957966245064114,499.99999999999994316,0.00031192953321401034085,0.15385479775655208634,0.16322692547448333644,43.832333471541268466,0.24134188706803996749,0.0043503839051866628057,0.11660187165689175903,2.3703395999389647031,0.10411781140958926983,0.11712004222479892313,0.028018252126717005379,0.57348129916138690376,0.15102235482665635202,12.417363726829803383,0.00054498538254236952687,0.07580697828152258011,0.22688258572565450644,0.15185267081990241889,5.567575206572160873,211.06240929680330964,118.60380874173573318,0.016615188460006376225,0.54043569916586209345,0.071168120333502907227,6.7030026204254458122,0.0050031694303705005408,0.66382797278149996423,499.99999999999994316,17.136136467374239345,127.12993507409335336,0.042200739272443714423,0.0043470736093527244381,0.44128574655811786398,6.7174294268885672565,0.001937293450115671169,0.014819506986407679147,0.019184998464705716598,496.61980749220771258,1.3180790008391669136e-05,5.685085209879456869
34,0.84261064150926923144,0.0026683747435173191601,23.702188861247606155,0.0085603557496639094693,0.99895854629381686252,65.509931059917960283,2.1593934779938623572e-05,164.67827377759493857,14.452581261481295627,0.041439161064722687677,0.022971341435616163956,4.2290506997575612047,0.66517366878667427699,0.31942105586160407515,6.7073520705286853172,128.33437652542974661,48.238467417800166004,1.0356523783569331343,1.5306587723164646331,0.34388668093293212058,108.39175255855863611,2.8800439507530932737,9.0503312594329869967,2.3507369804442754813,0.014960474874743346849,5.7265046183365386767,4.5543226747821172751,1.9830450684153213547,0.029138599347016593683,7.2778431404255776727,53.955433583117553553,109.11971148909374563,0.16073128011443238439,52.59172103263692577,0.26410047168289352282,0.15335093525002810311,0.30388470298197500785,0.85779528509539348935,0.037822885500198494269,9.8413355967000580625e-05,3.7732930134624940166,2.3980397944224307594,35.640084877628488869,1.8188453729364608691,30.135069187665870061,0.073130721480514873645,1.1502974434692463866e-05,0.00058537368690518294233,428.05330576495646255,0.002686768811803818581,3.6562400935477614716,2.7683625169847934089,15.251753991583179015,0.97239952858070555219,1.3002151425007013597,58.66157318462168746,0.18609721153155980855,41.863077672526536332,0.70284510143265344073,243.61964452801032621,0.11672760980109860018,3.1908196938401331977,499.99999999999994316,0.12405362996882447757,0.15500969030495198586,1.4820549707038817022,82.506755524438304406,0.0039000722238426458952,0.00064229160768176256965,0.0023427358095814651041,0.043925731071103465974,20.66770083613160125,499.99999999999994316,99.25238621606031586,1.0410276791728327872,6.1159010373686726325,0.078689047249867846712,0.53197096721690939614,0.0011956946109541867311,360.47909167898291116,0.39834575484448875304,4.7604635426242873919,0.04376873262056956565,8.4339088103525448048,0.0067337355814001825793,2.3678312523841680282,8.350657081913418267,0.0027676298670988620787,0.19766436097304845854,8.37607318921890176,0.080506248673432909135,0.041123126793995837258,7.6980798851804124183,0.16476216816982885982,62.775403390550572169,1.697151387138845724,0.35847922153399186529,8.0213212925854104896,0.71298137333256605963,0.057013507199344184984
35,4.0292843119751289294,8.0279830516396182916e-05,0.50288754287332892989,0.00039136620436043041303,0.05078690085340600846,0.00032908324688834687723,367.2610545435194922,42.405004634688076237,3.365328481620435408,0.038953020559039819304,0.0041530467396004430367,23.273638364892484276,0.00035678972503553317303,0.063518568330046251691,0.046768237058986548982,0.013946115958850358735,8.6313314135153547113,2.7766331919152689167,0.0093141007755860507483,0.0160562482373967641,0.22527221375129977132,0.0016758407876080346193,156.17638472607248445,0.20709235483603957717,2.8720533483256369678,0.0060633590606365425982,8.949515966976212219e-05,0.0017114674815633149855,0.083365574876773582136,76.680303771406357782,4.4452677122671193644,0.11892177792924679691,0.038547045248732467182,0.020504616329369344113,126.29688962123292129,2.3054012570235009605,0.080284761418616734652,11.49965044936954861,0.0074672077739595761267,0.074028653646162886903,26.107060127281801698,2.1644438551644653579,0.036647986238195963404,74.429426991809137348,0.69951758583802114977,0.00091486519059058211099,7.178279679015826531,5.9813607856072890101,116.40934824272582659,1.5236789485994970406,0.0091090843897209464175,0.22443308362365363418,0.71290929220603482808,0.042523984235214556948,1.3138785256307985438,0.29917461946398093975,7.0583793271376995548,29.992565691394506899,22.177519727158323093,7.2394064984110331196,10.8465541278163915,0.00046566335512262927755,4.8368056932849778917,0.98515830858687047922,0.52896023755282406409,17.124528422489614599,208.96517169054951069,6.0412405999918101784,1.3629323552887426807,305.06671054570318802,0.49984700467222570319,0.0036440918971431179516,160.66417814811268272,344.54726067051592509,0.00079070399802888633595,2.9145547222871779347,1.5619335556347015981,4.3937262065787789922,25.472123571268586062,2.1550088585048672307,0.037712849873004106183,10.719457881157095969,1.8697395911784950862,1.14907395007375146,5.4838751640817938134e-05,4.0616018559496733786,11.81368831026734334,0.10294484046848552394,0.78360837673169858597,8.8152775480323395385,0.029150378412971557351,0.0027230395798782578397,30.80950410130062167,0.090122205219985235258,0.78231258832761818578,356.28197588622327885,6.2842880243033718557,0.11098238877570909544,0.098366875308953313772,0.0062879094584788785063
36,3.6023642902157053669,3.5238718249079110656,0.0035618788259051815774,0.00034290213639648765538,1.9471416891253500028e-05,30.22205475747469805,0.01910964198251689436,0.25875970746421095292,1.0273364480451736558,0.0386740508791100987,1.1455947561708297343e-06,6.638308338560510613,0.00078556409687111767009,49.784753938627879677,3.2966357570591275916,0.0023744493566251727995,0.00020343451535946528502,87.174989948770900128,19.557075664902189516,1.9954405144331248678,0.63228333926387314534,5.0201211187525487389,1.0997504354493052858,0.028403709008444483902,19.63347574752759428,0.00057739059924287938416,0.70476758171905473649,21.445102695920535751,1.2443434300575308971,261.98364766102918111,39.898406153828396725,1.0909556241482878391,0.025779525316391226769,0.43871269113078326107,0.0083457204106929406412,0.87301973044657510403,7.481953357628249885e-05,0.029534392834527661842,35.630630786545381739,8.0636518858304260249,0.30139291810148033379,0.0046542706169352106652,0.00023711883557669144484,0.089512643244059414416,0.62213888766767555527,0.10549118274682726948,5.5202151490716220295,0.0097635770908615984731,73.732467883145119458,499.99999999999994316,0.0020304238920947599925,0.00013628406354910892586,0.011550138996810632025,0.10120935236898954968,0.0036373351434007246755,2.5262221827256992057,0.055179352086263747101,1.2691077656080618219,105.05961153788827289,52.784848125550333009,0.69223868320424841727,0.0015832078795476791505,1.4453864851263198421,0.045220232375562142979,0.0094213079906162143506,0.68102856209138318277,22.518703496491575322,0.37036150088476188502,9.4061052352677290145,202.63430390244431578,62.929982823160266037,3.1142244341408029662,258.03017166128358895,54.372566963879592095,0.00058631719922087671085,1.2059400029368319007,2.0710074823749851092,0.021281368687692973907,15.548215383439204729,25.317691838038374641,8.4336601938955233493,0.028593004135099651941,0.046994909722545358255,20.255089728905975477,52.310826469984618825,37.869063429627416895,0.0065497729054779631544,0.00013107768158937530456,2.2592684477019884248,229.09985752492002575,0.026266246657213603022,0.12154662040815249202,0.059195265317120000781,0.019631751471213012422,2.5093409714098777741,0.056458206513006682636,36.17321517742944792,28.036605559140213018,0.25367653808722501196,111.08110870750077481
37,0.64713532202968671037,6.1363518587509453539,6.4262054138599937758,5.6203590005214767444,1.3198393868918802951,6.0727896274697821255,0.00064708657325398503003,0.058568933773100385898,0.014277974686260358136,490.0690341042734417,0.010947078450602852617,25.562717784812246435,0.07432171511590798807,136.72782980829188659,2.4270166542647961694e-05,4.8650363209426474853,0.00048754830739179975995,0.089747269841945656599,0.033041929428740082764,0.26941881544893897527,0.034117550724448914012,4.3870001819932706866,70.867090120021018151,0.00012352008597609604422,0.10374871549889298772,0.0037883863912911248592,1.0821697246514427881,0.0019377964454226031914,0.00035594055447712134605,0.0018931463090717031914,20.283492877498289886,52.882153662680487116,5.8798411991509258456,8.5605149406633689324,0.033595768801965228412,3.9915568478220992965,0.0086077632136648835753,12.943527983877570975,1.77303912375228645,0.90351719344715430982,219.26849897515381826,8.1949547892729697196,0.6618758604933990819,1.2803433645433925925,1.8088416566284208908,1.8825984550779730764,0.59878133818495049567,0.1064757264998925923,1.2182734253585623119,90.37133946058975198,0.014752560166204426589,2.4275008950511867134,12.92875945640291846,0.0022565825899712906033,48.514584065346880948,25.766922922682478969,0.37614102921351888487,0.21426440028689347495,37.761242791248243122,499.99999999999994316,118.93182615907775812,0.15363700369010294122,290.15801941975223599,0.00073238974737613597894,0.054693029911331403348,0.021298411756681828039,0.31638371969335132849,142.95012349097481774,0.0050802805138184265604,0.56407750998447314661,3.8538357303885262262,4.4557058839052344232e-05,0.038510799878789081507,264.75315471513420107,1.6345957230372127889,0.043827888237494880275,0.014859681328524840596,206.61893261975706082,0.00032515588917069718124,0.098342889198897026626,499.99999999999994316,0.046262159524094188801,0.0062885250943815751423,0.0072484365983881823489,0.59633319885555780004,26.623758430333413827,5.6254636059500988665,0.0077647358211785011059,5.7284753633949545559,89.797444550327853108,0.20360579505795026178,0.006403875430839672811,499.68680555418416134,9.166458886245257176,3.5517747356126654346,0.032729661016607007606,0.021186116678557298521,64.301963632385863434,5.3507687016862091056,39.077924941154741134
38,1.143262839061410352,0.10377625535055046146,0.0040957515820335401932,0.0021302969057488642043,6.449943333235816248e-05,2.8508927777599679665,499.99999999999994316,3.0846120000601833233,2.3398590459351611415,0.03868685081714219598,0.00015606256186430619089,0.093999279081038472627,6.715653197631362481,12.347878846132312347,0.036002907352490134962,297.08046080975071845,89.48344564248658628,37.551510782952689738,0.31552455109623889218,0.33043077266181158924,0.00066674488108936817102,1.3903016848373697112,69.426139867930189098,0.13022881047862258641,159.36459967544016081,0.0023135012735062154311,0.0206859633758808871,0.83818523995350813216,79.269730425207811209,188.13170417194919537,1.9631810425190463487,19.394830858443814492,16.440689672808023403,2.9059869966794313889,0.023882075090306247728,4.2881562680272926613,0.2651221108672123794,120.2260353201849199,0.60947878654756781902,3.1008148253440363184e-06,0.16449692660807416211,24.536068948629729647,38.333400944206374561,3.0394653379567624363,3.2295708075214264454,5.7902645450494558688,1.9217374852208706226,0.0020490885055531177228,2.3207563743087109565,327.50381641386036335,17.663225511370576726,0.27885497163163819323,0.84157213668015096175,3.0558693819085434029,0.01736722750923644365,31.28522547872976034,0.16845779478233866011,0.0018869815229249271328,7.7960999816446712174,2.741364122159240857,0.34236561355531447415,1.7711877170558065764,79.236101963479271149,34.327315124673162927,12.07902243660346997,0.00084238552659575557328,1.180746305586262368,0.0059352954387958262172,0.0028567148784183972639,410.04024137323881405,0.095636213195523803177,6.7244687937008267298,0.038379346202055505954,0.019006411865244772497,0.039513728714274456988,33.995356050734621078,31.365169900694297667,91.042580659379638064,0.0019055480691350004229,0.02113753202021459443,1.4965558302754504716,11.843937207137940959,0.0004012115371779044308,21.334390388730898991,91.735621092468420557,0.0018112475619144533228,9.8238154718357062478,0.030248453934319630143,1.1705057838308368101,0.25187408353578322195,4.6596574370608374593,0.33559462137825341044,9.4290496692918264188,0.88678350517968029809,0.10705991044063986606,61.199491000103265037,31.528985624167898294,2.1175885591819305631,0.1089142645312343588,0.003867017114380034027
39,1.1775835264973886218,0.010063180396326939711,0.024397885838621145849,2.0753358256159875062,0.068413254187207617196,0.028110415296228784265,58.835715058332468175,0.10492114554642630042,0.00068618390051010077265,0.010228467027307111201,0.26858099790331507739,143.55003349395855139,2.7196534823247233703,0.42599323765180818757,0.025651419759412128624,1.1084827715851843248e-05,0.056202682704281206605,0.10005370345248625064,0.099134842311964191386,9.2959953079607249293,18.287791228553594181,0.0054375303646863638873,0.016228464443559489222,6.132039339100820996,0.0040008980088213717125,1.9525342468656066153,279.67580076065752337,4.6617680403219807772,0.038075341289186340199,3.7787324605644765363,75.224244889473453668,0.0061737268485254652092,9.3123695977350049446,0.046122402217815293424,0.97014609087580816471,0.043813783667127285948,0.4275553082822612927,138.01588005079196364,106.20365788008396635,0.0084422354726071714703,0.007683452482529448159,0.44359249733998579179,42.807443919600544291,84.951164406660268469,243.03138657378667631,0.40162688180838579388,18.009337364454683694,0.11359480011469197391,1.8070948242331150713,89.453427075574069249,7.8090157494386822634,0.3480178402632226331,0.0020406549729704084872,5.7238102933634751324,0.0048382664355850896198,499.99999999999994316,8.0651852313685310492,0.022016272905179982977,0.069989400130414505807,286.74211391778385405,499.99999999999994316,4.1521489048145916456,0.017012168103152744414,6.5730135449498989786,0.053607456735179678797,11.533371047208930804,0.92130822020556846219,28.062117001269221817,0.36690838804059844325,499.99999999999994316,1.0433254797142714754,245.1471693530863547,0.053976350247552318251,33.450462503771341005,0.079947637465457715988,5.9558283682842008133,1.0014747722908419192,0.00048492797758374194417,0.32159730096350203077,1.4066274806151002341,0.39956641808356557766,0.010365235527040526226,0.040147831319662187488,1.3361047072890122056,1.2482859232619867296,13.76047827559103176,33.494875309646793937,0.070611389869619151094,0.078870131163257153895,46.837816759099396791,1.1042667239464731832,0.56824846496205116964,0.15428754903161159828,0.044765628861539633054,2.4665279879903874161,69.409794861896529028,0.02878516256462648748,0.14256150554377400308,0.093505210218117820742,6.1128638141032771713
40,8.2819946484307109813,7.9919030360932037382,132.64827152498023111,0.51521099522023361406,3.6274114838108548753,0.0014634018461948696248,1.6344087048044895205,1.9967085840569058774,0.27801250282485362453,0.0015426268071940360711,0.024165935321703756883,0.046482163972844554867,0.0073219638619814600769,0.036226321332554545229,0.16508750106585268203,0.027508144609413306275,499.99999999999994316,0.81589031425056535163,0.00096215503520651101191,6.8774422778700596837,0.0033259844826013474847,6.8826375177493845925,0.12049258817631089413,0.59431124665718071398,106.24567433726006982,3.1837732796648268163,2.2431626104626403162,0.015266591126639023415,0.080167533408787849947,1.3421037249673666292,0.38295269885553451239,5.7419695433468742607,0.0016730153956415062377,0.20034016999184781072,4.0231392028527466209,66.846430369292832552,1.1867382088802111983,4.081571298015433058,317.04611890152892784,0.00079524951904387682338,1.9037163790108557748,0.0022969583963547445839,135.77654421653397776,2.0223657307229543356,26.954498770845074063,1.6269027451439246335,2.0531356261153080134e-06,5.9740677471374477037,0.48974300092019157349,0.0015746750999877045206,7.1450290859225740192,2.6091023517976141832,31.992945509414127514,151.81533173673000192,0.84167342458387139903,96.617772122988839101,0.25130803478353486158,0.040677549758670751567,4.5581244053754135237,0.0044895434454678990327,8.9905875048374282884e-05,4.0661713321505077445,1.1009466235354283814,11.189916708860048189,4.9269243513568197201,0.055286827832538042171,0.050806309707400000575,0.0018864254862471314857,0.013666665765648013456,0.73650716981583141951,0.00037410352624181632394,499.99999999999994316,14.179575594519837622,0.43629876939785167123,0.0035992987183433174624,0.19048913187722701923,8.5015473260096516839,1.0049251700693315748,53.406407198983025353,89.508624906686264922,0.0014345287866501608282,155.78214568949601926,4.7117350369326427284,0.90773552161696857699,0.56703668535938389628,0.00058564387186074023679,110.4494825279186756,155.38167217659469088,0.0036750142481784273465,2.0208811337011018949,3.5056197821574148924e-05,0.026067118723262717311,0.35194816716811372359,0.001243334235682726609,0.13113236655072393888,41.431045897883649332,0.035702572147891825649,2.5277554803914807913,0.039376650086451282784,37.347948450971856005
41,0.0056361122769513797778,5.5546823191759742144,0.92317517529302339785,0.10438198938769718827,14.751492681509526861,46.266257753612478609,0.42881890250477400217,130.8808843509543749,22.390423048296273834,0.99311340170597128818,0.0055507664504319351867,0.00058137304520682866939,0.67079112121084183418,0.00054984720592720780392,0.0010900731030668308914,0.062127355329380191951,8.6355957475918252442,499.99999999999994316,0.026619970751133620324,499.99999999999994316,0.11030700211948235578,0.22845142644190732928,20.077947583661597264,4.0910195006078762248,135.90318311096714865,0.0034886475039102166074,0.0038408401436503540778,0.16226793809137629587,31.893029001856838534,499.99999999999994316,39.21052547367468577,0.36701509839828522219,0.88300001925746696152,94.211859328225713739,0.15289938749990220068,2.4006280779689497251,0.00060914863889532130763,0.25293194974141086639,450.16111852129751014,0.00095014219945081356943,0.016342569171064851019,3.0944103120761190517,2.0572228333156017399,0.09953049770383896877,6.0586941366604012416,0.15546704189842996957,2.399918250626695837,0.051098826662516950992,7.0803096700857368617,115.87742305854283131,0.0033583531059965801222,0.82691091056105281432,85.711632741296526206,197.569556890817978,0.012828327415178858786,0.80603507783051886459,0.0011918483576650151356,0.11339793562634054025,85.87016758654375792,3.0647194917890829835,0.026385720453632799387,0.11020524401493275723,0.39880732536082214024,279.92455722961489073,11.378884624503854184,31.634675936765418669,4.3289587109367575479,0.27589238302676094561,3.3720437985069198206,0.058096066030995430207,0.0001457703532941131573,7.203755823964612226,0.055626001439630506917,64.997405443908149891,0.0058154520596858027756,44.417031997237948815,0.061311541912788397601,60.842152500560992223,3.3313025234240405403,0.00082655727767220576584,499.99999999999994316,7.6261895714291387804,0.27740711692924097109,216.75951635360351588,0.16494903600835164603,0.35788839783647768966,0.0088662556348988470073,8.7553476298015002754,37.911314071290171057,499.99999999999994316,1.3406222883146299285,5.9559284698275680725,0.00051675918676182561271,1.994827426040116951e-05,0.59081901832093164373,0.74005390682477945052,46.84211939680247383,0.00089695860674558639068,0.014844946126509758755,0.76831452398921984415
42,0.063241939203218522358,0.00034412885591561412314,0.10122308938824149671,13.430218125043589694,0.00046426648817903275104,0.020050580459765779406,0.013516393536193223313,0.14276568908672929159,1.6239801260496649071,5.3949490646640044418e-05,0.17220736251536788997,0.43708086313727556593,48.244106035151261835,66.282849025539732679,6.7507114384214325593e-06,21.864419302743097973,9.6591954391420351556,0.0088294522314309557831,0.0082900769013681228914,0.062247078292749294381,0.10468454282866752891,25.328312742367522503,499.99999999999994316,0.012528019673245479812,0.0934434151488596626,0.47631533047978219519,11.941993401332316793,0.011040838194025558508,0.0013509123570071412002,20.535335018359376136,26.403587089304853208,0.06346658931945270421,0.0030634564350074185331,0.012821658558441011849,0.12374077174436956539,83.476981130997714331,0.12800683267864487735,0.00092382487853983881552,0.037724667486008868489,7.6082859551689114852,0.54990935533413609626,0.00054758739868841495128,0.045701604978876889107,0.22244507554809356265,0.0012963128057856846895,0.22295316741960782836,0.079248246761134177873,1.4028602790676700796,205.29330283096618359,499.99999999999994316,2.1225227349954716161,0.96909290344624354763,499.99999999999994316,0.16672395514234664149,0.0025738386797289568818,14.655087978772359136,0.0033099487221751938346,6.8825731185554772651,0.77200725525869373644,499.99999999999994316,0.17614093765974989103,4.3423279628075031056,359.46527097799025796,0.08778866362335846496,0.00090554955413871002917,0.035164177058224464767,1.6864745329588379796,92.55212817841417916,0.39100703313683377038,18.16052701881121223,7.2519036879197873446,15.252576901378198215,499.99999999999994316,0.44355826115585361702,0.082634940787005076168,0.0054457603355431288827,6.501334121663561838,0.0025891871366641758083,22.04568905720291383,19.118144745756509906,0.96163658658096595744,0.070852577513144943122,499.99999999999994316,13.232976272026910181,0.59227984630384311604,0.0011788768819685467321,17.055296505052794487,0.75535361250720300941,0.74707550796837030038,6.7244222760430796271,2.5726428907769514076,8.9291040153644285482,1.029642817132861321,4.6773023004471802537e-05,119.61368427243189672,0.38839016999820918929,0.0042508851902225541081,0.17143745850249736407,35.98624430081822112,0.92227347176680163354
43,0.0090614306121434597119,12.471585357281385953,0.38230977819577077748,6.7794920950115438174,3.8578253562544655431,3.5156098881778703458,188.35045204332101321,3.3714220419468898804,1.0429435763863939002,7.4899542982274853742,0.0016521469236746553783,0.020433029106632995958,0.69264799823143208268,57.855201192705997926,10.417949226571829868,9.7735643680437629399,148.81914613584663698,2.5807510891894018812,19.217253254942225027,30.774800220111579563,0.044066721597129002164,0.0088269337906699187751,19.716571316758905397,2.8277765961484937485,6.230879594090394491,0.12130931803913561073,0.20159877777908336016,0.38881160203170672673,0.024432680419551353751,2.1813290103969018574,0.0090285630006889956017,1.2190432441222212034,0.3203023451270859967,7.6773982242675238297,1.6126341926357903311,0.17671621049394856118,0.28330008932734335181,0.085288458432314945279,332.35173100254172596,0.84282033384126353592,86.154665430764381995,37.358385701882802721,15.633114499533540709,0.0039978354477226609592,5.5157015205736044296e-05,7.4050187893283112572,1.8850464853633357443,10.250608353039881493,0.27929330437248611751,499.99999999999994316,0.57839572574617703626,0.11970080425881383934,5.5450559312530112166,0.040512476919091225391,499.99999999999994316,0.014194776992049965708,0.75344534576888555488,0.018424899335819880375,3.0676370962062904368,1.2490087542935726095,80.738371782598932214,1.5620746483771081881,11.953511142509452014,0.031131689651225022408,0.002368692068735987321,4.9528736784719775699,5.4660242093819562115,161.59334283525677733,0.0014653200071642958398,118.33244732084193629,7.9839633479368847802,4.6657944660579948604,0.37901056392408599693,0.041889791994121322594,4.246489222044026225e-06,2.0941610713558902468,0.00090972827063945924976,2.4595816324161021704,4.7551221004691894834,249.84804054843132803,0.0010808634910659854506,0.95233573459883114065,0.41518131322963586216,0.00625850274347901879,0.83325666461201330915,3.2072091411199541433,0.15746708720892590994,1.8739629055605715457,0.089802464232138112799,1.5064617767770300816,31.324957930905394932,0.24551223888085357827,0.31216274221638634634,0.021596060939493226527,51.434858323153804349,0.069214834751330070461,10.285663160225732682,11.803359679171215646,48.062705610815683599,2.8934688936157235695
44,3.1918577861338670587,1.4665320265804249189,22.379226294925032903,0.0016043380523935221044,0.17754628898528351799,0.54682146631987038621,0.16551499695511204258,61.858080224789560475,499.99999999999994316,167.43771758101408409,0.10109977699834267473,1.0610108480017077515,0.030959283222299457256,0.00065237235162368299116,0.0098074876496506754181,0.71463662765094226881,71.874578601494846453,1.5024651548324248777e-05,1.4904279166774829779,176.0235852009089399,130.20975796009921055,0.00043087913726584859591,13.990997612957238871,0.02927597429681743843,10.315323285138976672,0.073776820014933033876,0.54424822929042604436,0.43507050382596812454,5.5567944223051133216e-06,1.1454391999074413633,499.99999999999994316,0.28098804818937389571,202.68769818537265337,0.61552903398504643651,27.38866164664495173,0.00065114808243161908727,0.0016731223774631713737,0.0082410228930971610867,1.4824833594845316931,0.00029428801038787672818,35.07349297510987185,2.9450530051183165803,3.4306819320600432377,0.035162871092802021333,0.39823843211497900185,9.4558483302271572057,1.4299653219489982803,1.4670112684761958871e-06,398.95556189742524111,0.067802147361388329094,2.5261817738171674641,0.01338773977454119947,21.472781438448404145,5.2716946401660917942,0.76305014826765060754,0.072982398340345172594,1.0887382730476118375,4.4981490945182374119,2.2547865290026813945,31.727400434752301095,2.7744845050745605697,0.0018771290895195332296,18.214950362565772934,16.65581931196773624,0.015745385809671705313,100.69966324103930333,0.0020661810284133838925,30.850913345994495529,1.401465526391270755,0.10670419454750994237,7.4185440138792749262e-06,137.16529434560575851,3.20050126038648175,0.007799256023451697252,2.1954585393121619497,0.71751726455629072365,0.0071528817984962047433,175.91195254521286984,0.082604961442816746131,0.67852550692521818032,20.723581861400685256,0.37549889811133058126,0.0072852621974387942946,0.2726396658148908525,0.2248518708773368513,8.4778653200635982756,5.8892432984486822178,6.5882157969539587583,0.018301333753635080914,0.071752688631530725516,162.25516956872689889,0.015785715482715307473,0.16225197941402180746,6.0552179525752007905,5.7366064073795541844,20.162295490798271658,216.78079269769006032,0.00037970752100065219541,24.21049652621389825,0.031496901876819520527
45,1.6194890432843342176e-06,0.00098035342166624250132,7.7894721107248114933,0.63146290125961468398,0.00038943033212807587253,59.252419327043376995,103.78043670177483193,1.0952722382704245252,0.5660658887352103541,462.55171042881926269,0.018992722307039616031,0.29769388154585485484,0.71943778316261608463,0.058648336860505204116,499.99999999999994316,0.029318151407690819232,0.16365163681861025213,0.0068783327766426512542,0.00011406756493684351204,0.2325087471191282229,1.0146928242672321741,2.2203721975843797587,0.8522890268714721218,0.0060662489724381705655,32.300580998860581872,0.0080795491436953751491,0.88730251566151030485,0.10726925430780685777,103.54266904634629043,499.99999999999994316,0.44626951049137209004,6.3572433200649820506,0.1640168268339097235,0.42011028907224695628,21.283957058427297682,11.781972898914286674,0.00047355378178849340991,48.035844633597790221,0.055245031553252062217,7.8051391286546367709,3.3737987334719301558,0.043562501906235583105,4.3151000700507315955,0.012162771405029521379,71.654688654404296244,0.00063320283048170513361,417.23581533431826074,0.0049991922234774244585,4.0410728488424449978,0.11040966806722427029,0.0025815745720658583341,0.053530132090102405806,31.585084691533268142,467.25065524723015642,143.74907192257606425,0.02645317240005114201,13.106223794068405653,0.00025628390470067488865,0.037389271060360183829,17.825913653372154499,3.5491210952058700951e-05,2.8183018836562339082,499.99999999999994316,0.0061353757185556492132,0.00030565211414620291341,3.6236372014503870354,2.9245812951671990021,9.9091204614502489641e-06,0.30290586566830984827,3.1477739181932493651,0.062701525112060133016,20.932771718522516835,27.345124534350244261,340.8207099104848794,0.0060661235794397623186,0.59056376911695851462,0.0013911425523592303461,11.411956638194075353,0.012948625408866909145,10.773509805567071496,4.1351668694059853237,0.033219227277933603693,0.35359347331444795914,19.825167748078836638,1.7937266319155249494,1.692147304877121859e-05,0.20928942657784116443,16.189591405745826336,1.6021336619031967263,499.99999999999994316,51.599988375057002088,4.9552977547865415531,6.5149774325828387197e-05,0.0042255631341764987932,84.120036677174553574,7.7266204219786578378,0.8633855541074367812,3.763561898529965255,4.3272727524906526853,0.035550552796203817307
46,20.745975049422703762,0.017343712317215945196,0.51596902963996826852,7.8136091609372568811,5.4341741236443881068e-05,0.039820286214780918621,1.7733692624705434948,19.883148876158990959,5.5095887860901626709,142.65548791540157936,0.09049532148214206595,0.33048495580523840065,0.00074288004083577791753,0.020646609115230106501,28.792254640497727536,0.0048061924570606054385,0.073228549184620572721,0.83058734516630750022,0.099519326720295370192,0.054642076239039188978,0.022699272494760946994,0.011146304138883129931,11.647432701346707162,0.80801423216126522231,30.708246872366256497,21.402186078372174904,0.58826948749984142584,0.048454664075673996304,0.02961588477236944475,14.839001586610757855,211.00530787906049568,0.25006340351297240421,0.28112070607332589889,0.024946000949785131912,6.744146880539896749,0.014090514264247174653,0.49112904341160340538,0.00019480602111610482757,0.016391592938378642119,11.008505910171418662,0.063782201284753800574,0.038000604496917111952,1.6190918661125828226,0.35483770417190796387,11.301624047404002837,0.0049476005246608242491,10.504421736755842787,1.7555127070326259631,211.47155499211913821,18.235091143245657719,14.272683022934234742,1.0779817560342972449,0.64239200267564355862,5.1746078610765549044,3.4065451784463043339,224.58954211041367444,4.6852446617197118783,0.00082657969349999747474,3.0513762446960308594,3.8662245477675298844,0.42556397563074416235,0.00018451236639873625964,0.36420500286705848048,7.2971550894949404054,48.056124511920288001,0.021385042068251945702,4.9806475217332630834,21.508580444396720566,0.022107809366541854995,0.028664182382702955987,0.92833904159472302453,0.13675284284422961623,0.5553809886018702402,0.11523016189451280866,0.047864936188977726117,0.010622927461832671822,0.026387144264187274018,56.787465935409450424,55.185206027338324475,252.25428704939361069,0.046886604532360522113,0.85075055254534737159,10.949403795126341876,0.12037566714947658952,1.5412557285406387475,7.1966126813988546829,1.232568665600508595,0.32625114636741708862,1.6803325456903004387,19.154020800835478866,0.025298417671586363037,1.7059809156628877869,0.0052596585098613748629,0.00088134303638232427188,0.0017161053590075763756,0.066237158726176442736,1.4842624727016144881,5.2469416611159589436,0.011321866371405637022,192.50827940632518676
47,0.0013697110586118358896,0.011062238372224917834,0.064125392138405901132,8.9377477620514209633,0.032342611503663867834,37.761213450550073389,0.020466119597882064668,1.4570650075105606724,9.8687363781586370237,2.2071165275604016642,1.4370378050699676997,1.5962350398774476368,0.062550830876753574228,0.17275722492533263086,0.76563399075337701394,0.094785823623110235236,4.210820187425572847,191.49253650659147752,0.24548844215796125634,1.2604785702724687901,0.12230672419066511425,0.49759449007587430724,25.038343271338121099,8.563682755429296023,0.031593815429479484014,17.367478809781577098,0.086971472427674251238,0.00021792372607253271172,30.480193475693642569,0.41199800078066678433,3.4017579617383555401,0.12562496303530434894,0.0096524471530225405824,192.86380719478259493,1.1069243555401424572,169.61277825056046709,0.010105390424785800838,0.43095249065118523824,0.19568460034976320472,0.0014391137639688086815,163.96226810435496191,0.14310713794018711797,11.53265408796310254,0.072127474398612320683,0.042914209169888466178,0.16799577994147968374,0.12841481320159822688,2.0515953232023242947,1.3625004420431779636e-05,0.16063685621109691226,0.0025995330836705732996,0.76803892313847543782,0.01051444283639539623,155.60751310443035322,2.7925875070915111564,106.45521910361382822,54.050736696079951571,105.67294206716891836,0.85455108516272615393,53.300383029405260515,1.7766603567272500896,0.0070571309821649214414,0.043060204378383003243,20.307635389013782401,2.2149747077527139894,0.063401503861398741946,0.067311386364438119401,144.718557267641728,0.037217824190227420666,0.035468848671569373765,0.034925777063180257764,459.38026920600145786,0.27081317611141531021,0.47957280021109344181,0.0037688647883210033354,0.01351969364786985775,0.018599841639097572377,66.831736236456563915,0.18461652234183020815,472.62163802944593272,0.0019712855755941705548,0.70152947113784935862,110.13980770716510449,152.7070643585648213,8.3504346125545438895,0.00015583778185399753879,0.0043059298648069456797,14.556306246115809699,1.2062017704673730911,0.82195673774387878474,30.413821431371800941,0.29410009412100984738,20.139141234683258119,11.155167130168049283,2.1902884231442265595,0.49023269690441301227,0.23446856366380025571,1.8674411797400436441,5.2465898017375494078,0.35027843563916960523
48,0.32365482552697766305,0.05808102574454451078,0.38855022763864643931,0.07346634050011248418,2.5118490216303412943,0.16496889909266990171,1.3186201622721636095,105.50942651668901817,102.96097322800183349,16.227584466355835957,0.00022658976438532011754,1.1436123462232903325,0.00046123980529067822292,1.4374571362915007366,37.641817765293154707,9.2233133739867110279,499.99999999999994316,79.515325496187173826,13.43144135832591779,1.0318352308537184214,0.90972872961275363934,4.4521172811563927141,5.7960325463737278895,0.49775866526106637977,499.99999999999994316,1.6169667479806728583,0.014522271141043445811,1.0491640079986408463,2.6989085635254106421,266.74314518390002604,5.5890099027128581355,4.6041611762496934546,0.041725700791286568503,0.045045124385552443025,7.366345749359987316,0.00096824055905774604643,0.0037259178931653741569,0.068078451677225246264,44.618574704593349622,11.926943024888275957,0.51227660346442671635,66.343292882861561566,5.2003439190426243854,6.9177785570421104211,3.2111668032225799685,2.6007281554237997589,7.7694500072095813437,0.017613845125766833949,0.024791271196545210803,0.029829034294303068825,0.00091528343530709074631,0.00049516270117382207502,499.99999999999994316,0.016839334619931128206,10.454739768963015933,47.035932062360565453,0.00091391546892354458709,7.6372263660444614786,499.99999999999994316,0.021295205748307188126,0.55010264473044456768,0.00029731752044613417307,398.44163140747809848,31.026878768290671928,0.45423689753771151478,1.2745035634060808416,0.032509954647946634476,33.915153174403471326,2.8282831876129690407,1.7448757509892471873,3.1391596380676286627e-05,2.1379437009867805486,12.35387135494507227,0.80700553264400798348,0.031882978715741541742,0.56422345423191988534,0.10959931614366949515,116.23428281703155562,122.02409812124703592,24.166615027189301657,0.076503137125417744469,5.1795151572287236874,0.20556229109794857401,15.520570335440126541,8.0426577491063842018,0.013824335850593181055,0.011262263140155909236,0.14869592835239761608,0.52653671871004503746,15.041440201171704771,1.4857197868055389556,0.97246497174529067387,2.6009641460042960404,42.274423746236799104,0.00069074251024958894032,2.9781637734857513422,499.99999999999994316,0.00062564596316836806455,0.52522805491451696192,0.0021903489963716036605
base,0.87469431207511638693,0.83550988434545780947,0.97130796091738902387,1.0947784553182873246,1.4815881441974636523,0.90839473452193331138,1.0424556795976394064,0.77228020423758936275,0.87340564424235367369,0.90799994090546232162,1.5010541355876925174,1.2142291325635294896,1.1902163287034377426,1.1175944904830841242,0.97012035798396623054,1.1445937361511535624,1.0564150354121317754,1.0027557623469778303,0.95564983500680766859,0.96358146227731533706,0.89713195327530681489,1.2070899993020931529,0.96019165094430425356,1.1602091591446559438,0.8866254302384208863,1.231253188251107078,1.1422230047846924084,1.2791932123135349997,1.2731986627406299828,0.8868714065254141854,0.98937854400941571686,1.0651816748229210319,1.0363845695006106418,1.1056874100365332581,1.1371829731736184943,0.76319566560827156732,1.628362473634776153,1.0227058435347846643,0.81743321078253239342,1.2110592573798533156,1.0928239053438113526,1.1181817554718038732,1.3857852813420792337,1.0684483505293906891,1.0534785198312186516,1.1646805786372798064,1.2199217403359352563,1.554291117925446386,0.82651008082176991021,0.98239461261470006903,0.93211652521405397032,1.4139088674168243109,1.0333001955149891948,0.85013819692249414928,1.2416694143771085379,1.1096000348339607466,1.2820386681057112099,0.97258178048636456658,0.89739315824658383303,0.81936053623433224846,1.0185813801778402787,1.2913483826539886579,0.85684500199995050629,1.0798037210917947881,1.2042332251399077148,1.0289545894830027795,0.87726899549161574399,0.93001127809922945477,0.97133034393529582573,0.82010394407037867648,1.1991384416387931289,0.85234763094685594975,0.56001919666647737017,0.93227584510327543565,1.5906486494549874067,1.1502147406583005385,1.5375862798042199131,0.88566403402696614044,1.1009906929502049078,1.0226682920294631884,0.89757175666212929421,1.050113122875508731,0.94546918595326645551,0.86679527780254905789,1.0571196065366164074,1.095290957494584605,1.2034715273499581034,0.91158094721091786905,1.003265958875417363,0.81787452508315694466,1.2842771170401419134,1.3923649488407177088,1.2284178864894266248,0.94973437228866519622,1.0266968842268062723,1.1288922231527120932,0.92098310226657165156,0.90976450546921661111,1.0114604243656692972,1.0395588607515031665
