obsnme,obsval
h_p0_cp0,3.5711309465114027e-09
h_p0_cp1,1.978150976356119e-09
h_p0_cp2,1.1536940291989595e-08
h_p0_cp3,1.1127667676191777e-09
h_p0_cp4,5.997753760311753e-08
h_p0_cp5,-8.93578544491902e-10
h_p0_cp6,3.0481260182568803e-07
h_p0_cp7,-1.7580532585270703e-09
h_p0_cp8,1.264006186829647e-06
h_p0_cp9,1.4292709238361567e-09
h_p0_cp10,3.8674775169056375e-06
h_p0_cp11,5.638867150992155e-10
h_p0_cp12,7.1628210207563825e-06
h_p0_cp13,-1.4433680917136371e-09
h_p0_cp14,3.864607151626842e-06
h_p0_cp15,-2.308297553099692e-09
h_p0_cp16,1.2634600352612324e-06
h_p0_cp17,8.790266292635351e-10
h_p0_cp18,3.065902092203032e-07
h_p0_cp19,1.4551915228366852e-11
h_p0_cp20,5.888023224542849e-08
h_p0_cp21,-1.9913386495318264e-09
h_p0_cp22,7.572907634312287e-09
h_p0_cp23,-2.8508111427072436e-09
h_p0_cp24,1.9676917872857302e-09
h_p0_cp25,3.7562131183221936e-10
h_p0_cp26,3.637978807091713e-12
h_p0_cp27,-2.1873347577638924e-10
h_p0_cp28,-7.844391802791506e-10
h_p0_cp29,-8.130882633849978e-10
h_p0_cp30,2.416072675259784e-09
h_p0_cp31,2.4128894438035786e-09
h_p0_cp32,1.5525074559263885e-09
h_p0_cp33,1.5538716979790479e-09
h_p0_cp34,-4.524736141320318e-10
h_p0_cp35,-4.5156411943025887e-10
h_p0_cp36,-1.3133103493601084e-09
h_p0_cp37,-1.3164935808163136e-09
h_p0_cp38,1.889929990284145e-09
h_p0_cp39,1.869466359494254e-09
h_p0_cp40,1.0704752639867365e-09
h_p0_cp41,1.0045368981081992e-09
h_p0_cp42,-8.42646841192618e-10
h_p0_cp43,-1.0018084140028805e-09
h_p0_cp44,-1.6243575373664498e-09
h_p0_cp45,-1.8671926227398217e-09
h_p0_cp46,1.4792931324336678e-09
h_p0_cp47,1.3192220649216324e-09
h_p0_cp48,5.215952114667743e-10
h_p0_cp49,4.538378561846912e-10
h_p0_cp50,-1.5115801943466067e-09
h_p0_cp51,-1.552052708575502e-09
h_p0_cp52,-2.2273525246419013e-09
h_p0_cp53,-2.412434696452692e-09
h_p0_cp54,2.2864696802571416e-09
h_p0_cp55,8.144525054376572e-10
h_p0_cp56,1.1395059118513018e-08
h_p0_cp57,2.205524651799351e-10
h_p0_cp58,7.739799912087619e-08
h_p0_cp59,-3.751665644813329e-10
h_p0_cp60,4.877065293840133e-07
h_p0_cp61,2.8517206374090165e-09
h_p0_cp62,2.6210532269033138e-06
h_p0_cp63,1.991793396882713e-09
h_p0_cp64,1.1622152669588104e-05
h_p0_cp65,-1.4551915228366852e-11
h_p0_cp66,3.8478403439512476e-05
h_p0_cp67,-8.790266292635351e-10
h_p0_cp68,7.658849995095807e-05
h_p0_cp69,2.308524926775135e-09
h_p0_cp70,3.848072560685978e-05
h_p0_cp71,1.4438228390645236e-09
h_p0_cp72,1.1621602652667207e-05
h_p0_cp73,-5.63431967748329e-10
h_p0_cp74,2.617633299450972e-06
h_p0_cp75,-1.4283614291343838e-09
h_p0_cp76,4.86614226247184e-07
h_p0_cp77,1.7594175005797297e-09
h_p0_cp78,7.866401574574411e-08
h_p0_cp79,8.947154128691182e-10
h_p0_cp80,1.0060830391012132e-08
h_p0_cp81,-1.112084646592848e-09
h_p0_cp82,-5.07498043589294e-10
h_p0_cp83,-1.9774688553297892e-09
h_p0_cp84,1.4077158994041383e-08
h_p0_cp85,7.650896804989316e-09
h_p0_cp86,8.61728040035814e-08
h_p0_cp87,5.425022209237795e-08
h_p0_cp88,5.268616405373905e-07
h_p0_cp89,2.81213488051435e-07
h_p0_cp90,2.837259671650827e-06
h_p0_cp91,1.1643144262052374e-06
h_p0_cp92,1.2583628176798811e-05
h_p0_cp93,3.5700422813533805e-06
h_p0_cp94,4.1657972815301036e-05
h_p0_cp95,6.615934125875356e-06
h_p0_cp96,8.291086805911618e-05
h_p0_cp97,3.570042963474407e-06
h_p0_cp98,4.1658099689811934e-05
h_p0_cp99,1.1643210200418252e-06
h_p0_cp100,1.2584210708155297e-05
h_p0_cp101,2.8127692530688364e-07
h_p0_cp102,2.839370154106291e-06
h_p0_cp103,5.483389031724073e-08
h_p0_cp104,5.325268830347341e-07
h_p0_cp105,1.2697000784100965e-08
h_p0_cp106,9.554696589475498e-08
h_p0_cp107,4.024764166388195e-08
h_p0_cp108,1.9739673007279634e-08
h_p0_cp109,3.011371063621482e-07
h_p0_cp110,5.679794412571937e-09
h_p0_cp111,2.025079311351874e-06
h_p0_cp112,2.7566784410737455e-09
h_p0_cp113,1.181899301627709e-05
h_p0_cp114,2.1318555809557438e-09
h_p0_cp115,5.698467839465593e-05
h_p0_cp116,2.006800059461966e-09
h_p0_cp117,0.00020612842058653769
h_p0_cp118,1.9836079445667565e-09
h_p0_cp119,0.00044700289322463505
h_p0_cp120,1.9795152184087783e-09
h_p0_cp121,0.00020612842013179034
h_p0_cp122,1.9786057237070054e-09
h_p0_cp123,5.698467793990858e-05
h_p0_cp124,1.9808794604614377e-09
h_p0_cp125,1.181899051516666e-05
h_p0_cp126,1.9954313756898046e-09
h_p0_cp127,2.025053618126549e-06
h_p0_cp128,2.1400410332717e-09
h_p0_cp129,3.0093542591203004e-07
h_p0_cp130,3.4542608773335814e-09
h_p0_cp131,3.877744347846601e-08
h_p0_cp132,1.4735633158124983e-08
h_p0_cp133,3.0681803764309734e-09
h_p0_cp134,1.0501207725610584e-07
h_p0_cp135,-1.394255377817899e-09
h_p0_cp136,7.677708708797581e-07
h_p0_cp137,-1.9138042262056842e-09
h_p0_cp138,5.126503765495727e-06
h_p0_cp139,-1.9708750187419355e-09
h_p0_cp140,2.9886488391639432e-05
h_p0_cp141,-1.9770141079789028e-09
h_p0_cp142,0.000144069560974458
h_p0_cp143,-1.9774688553297892e-09
h_p0_cp144,0.0005211188513385423
h_p0_cp145,-1.9774688553297892e-09
h_p0_cp146,0.00113007198615378
h_p0_cp147,-1.9774688553297892e-09
h_p0_cp148,0.0005211188513385423
h_p0_cp149,-1.9774688553297892e-09
h_p0_cp150,0.00014406955870072125
h_p0_cp151,-1.9774688553297892e-09
h_p0_cp152,2.9886485208407976e-05
h_p0_cp153,-1.977241481654346e-09
h_p0_cp154,5.1265010370116215e-06
h_p0_cp155,-1.9738308765226975e-09
h_p0_cp156,7.67763594922144e-07
h_p0_cp157,-1.946091288118623e-09
h_p0_cp158,1.0500752978259698e-07
h_p0_cp159,-1.7350885173073038e-09
h_p0_cp160,1.4733814168721437e-08
h_p0_cp161,-2.3669599613640457e-10
h_p0_cp162,3.454715624684468e-09
h_p0_cp163,9.422137736692093e-09
h_p0_cp164,2.1400410332717e-09
h_p0_cp165,6.459504220401868e-08
h_p0_cp166,1.994976628338918e-09
h_p0_cp167,3.3332116800011136e-07
h_p0_cp168,1.9804247131105512e-09
h_p0_cp169,1.3789176591672003e-06
h_p0_cp170,1.9786057237070054e-09
h_p0_cp171,4.2273134113202104e-06
h_p0_cp172,1.9786057237070054e-09
h_p0_cp173,7.8336670412682e-06
h_p0_cp174,1.9786057237070054e-09
h_p0_cp175,4.227313638693886e-06
h_p0_cp176,1.978150976356119e-09
h_p0_cp177,1.3789181139145512e-06
h_p0_cp178,1.978150976356119e-09
h_p0_cp179,3.3332162274746224e-07
h_p0_cp180,1.978150976356119e-09
h_p0_cp181,6.459640644607134e-08
h_p0_cp182,1.978150976356119e-09
h_p0_cp183,9.422819857718423e-09
h_p0_cp184,1.978150976356119e-09
h_p0_cp185,-2.362412487855181e-10
h_p0_cp186,1.978150976356119e-09
h_p0_cp187,-1.7348611436318606e-09
h_p0_cp188,1.978150976356119e-09
h_p0_cp189,-1.946091288118623e-09
h_p0_cp190,1.978150976356119e-09
h_p0_cp191,-1.9738308765226975e-09
h_p0_cp192,1.978150976356119e-09
h_p0_cp193,-1.977241481654346e-09
h_p0_cp194,1.978150976356119e-09
h_p0_cp195,-1.9774688553297892e-09
h_p0_cp196,1.978150976356119e-09
h_p0_cp197,-1.9774688553297892e-09
h_p0_cp198,1.978150976356119e-09
h_p0_cp199,-1.9774688553297892e-09
h_p0_cp200,1.978150976356119e-09
h_p0_cp201,-1.9774688553297892e-09
h_p0_cp202,1.978150976356119e-09
h_p0_cp203,-1.9774688553297892e-09
h_p0_cp204,1.978150976356119e-09
h_p0_cp205,-1.9774688553297892e-09
h_p0_cp206,1.978150976356119e-09
h_p0_cp207,-1.9774688553297892e-09
h_p0_cp208,1.978150976356119e-09
h_p0_cp209,-1.9774688553297892e-09
h_p0_cp210,1.978150976356119e-09
h_p0_cp211,-1.9774688553297892e-09
h_p1_cp0,1.6071453501353972e-07
h_p1_cp1,1.0968506103381515e-09
h_p1_cp2,8.279621397377923e-07
h_p1_cp3,7.466951501555741e-10
h_p1_cp4,3.7910549508524127e-06
h_p1_cp5,-5.265974323265254e-10
h_p1_cp6,1.4875428860250395e-05
h_p1_cp7,-8.762981451582164e-10
h_p1_cp8,4.752205268232501e-05
h_p1_cp9,5.475158104673028e-10
h_p1_cp10,0.00011360394364601234
h_p1_cp11,1.978150976356119e-10
h_p1_cp12,0.0001725915280985646
h_p1_cp13,-1.07775122160092e-09
h_p1_cp14,0.00011360247890479513
h_p1_cp15,-1.426542439730838e-09
h_p1_cp16,4.752185031975387e-05
h_p1_cp17,-3.183231456205249e-12
h_p1_cp18,1.4876418390485924e-05
h_p1_cp19,-3.497007128316909e-10
h_p1_cp20,3.790312803175766e-06
h_p1_cp21,-1.6189005691558123e-09
h_p1_cp22,8.254514796135481e-07
h_p1_cp23,-1.940861693583429e-09
h_p1_cp24,1.5929936125758104e-07
h_p1_cp25,-3.838067641481757e-10
h_p1_cp26,2.767046680673957e-08
h_p1_cp27,-2.0327206584624946e-10
h_p1_cp28,4.4360604078974575e-09
h_p1_cp29,-4.547473508864641e-12
h_p1_cp30,2.2082531359046698e-09
h_p1_cp31,1.6143530956469476e-09
h_p1_cp32,1.520675141364336e-09
h_p1_cp33,1.3901626516599208e-09
h_p1_cp34,1.7444108380004764e-09
h_p1_cp35,1.8280843505635858e-10
h_p1_cp36,1.2592863640747964e-08
h_p1_cp37,-2.2646418074145913e-10
h_p1_cp38,8.862707545631565e-08
h_p1_cp39,1.0986695997416973e-09
h_p1_cp40,5.373544809117448e-07
h_p1_cp41,6.834852683823556e-10
h_p1_cp42,2.8740951165673323e-06
h_p1_cp43,-6.2118488131091e-10
h_p1_cp44,1.271049495699117e-05
h_p1_cp45,-9.813447832129896e-10
h_p1_cp46,4.203490425425116e-05
h_p1_cp47,4.383764462545514e-10
h_p1_cp48,8.363916504094959e-05
h_p1_cp49,8.86757334228605e-11
h_p1_cp50,4.2023718833661405e-05
h_p1_cp51,-1.1814336176030338e-09
h_p1_cp52,1.271326573260012e-05
h_p1_cp53,-1.5038494893815368e-09
h_p1_cp54,3.007694431289565e-06
h_p1_cp55,5.093170329928398e-11
h_p1_cp56,1.413853624399053e-06
h_p1_cp57,2.2100721253082156e-10
h_p1_cp58,4.8945812523015775e-06
h_p1_cp59,3.888089850079268e-10
h_p1_cp60,2.3215721284941537e-05
h_p1_cp61,1.9426806829869747e-09
h_p1_cp62,9.608958362150588e-05
h_p1_cp63,1.6211743059102446e-09
h_p1_cp64,0.0003247525751248759
h_p1_cp65,3.5151970223523676e-10
h_p1_cp66,0.0008213705491471046
h_p1_cp67,3.183231456205249e-12
h_p1_cp68,0.001305471987961937
h_p1_cp69,1.426542439730838e-09
h_p1_cp70,0.0008213716007503535
h_p1_cp71,1.0772964742500335e-09
h_p1_cp72,0.00032475182911184675
h_p1_cp73,-1.971329766092822e-10
h_p1_cp74,9.608580990061455e-05
h_p1_cp75,-5.461515684146434e-10
h_p1_cp76,2.3202451529868995e-05
h_p1_cp77,8.77889760886319e-10
h_p1_cp78,4.80978292216605e-06
h_p1_cp79,5.286437954055145e-10
h_p1_cp80,8.833801530272467e-07
h_p1_cp81,-7.457856554538012e-10
h_p1_cp82,1.463474745833082e-07
h_p1_cp83,-1.0957137419609353e-09
h_p1_cp84,9.582172424416058e-07
h_p1_cp85,7.630344498466002e-07
h_p1_cp86,5.207390586292604e-06
h_p1_cp87,3.5013365504710237e-06
h_p1_cp88,2.5118112262134673e-05
h_p1_cp89,1.3740733493250445e-05
h_p1_cp90,0.0001040200090756116
h_p1_cp91,4.3896391389353084e-05
h_p1_cp92,0.0003515635762596503
h_p1_cp93,0.0001049391630658647
h_p1_cp94,0.0008891816023606225
h_p1_cp95,0.00015942955906211864
h_p1_cp96,0.0014132496507954784
h_p1_cp97,0.00010494001253391616
h_p1_cp98,0.0008891941720321483
h_p1_cp99,4.390224626149575e-05
h_p1_cp100,0.00035161051391696674
h_p1_cp101,1.377686089654162e-05
h_p1_cp102,0.0001041558521137631
h_p1_cp103,3.701114110299386e-06
h_p1_cp104,2.5412527975277044e-05
h_p1_cp105,1.7412694433005527e-06
h_p1_cp106,5.623359811579576e-06
h_p1_cp107,4.410900373841287e-06
h_p1_cp108,1.2526334103313275e-06
h_p1_cp109,1.746346197251114e-05
h_p1_cp110,2.9657758204848506e-07
h_p1_cp111,7.334438737416349e-05
h_p1_cp112,7.270682544913143e-08
h_p1_cp113,0.0003120054411738238
h_p1_cp114,1.7860202206065878e-08
h_p1_cp115,0.0011063692281823023
h_p1_cp116,4.748926585307345e-09
h_p1_cp117,0.002932443467898338
h_p1_cp118,1.8294485926162452e-09
h_p1_cp119,0.004826004217193258
h_p1_cp120,1.236458047060296e-09
h_p1_cp121,0.0029324160923351883
h_p1_cp122,1.1586962500587106e-09
h_p1_cp123,0.0011062277201290271
h_p1_cp124,1.4279066817834973e-09
h_p1_cp125,0.0003114219848612265
h_p1_cp126,3.738932718988508e-09
h_p1_cp127,7.15551468601916e-05
h_p1_cp128,2.1392224880401045e-08
h_p1_cp129,1.4130430599834654e-05
h_p1_cp130,1.4836450645816512e-07
h_p1_cp131,2.478344185874448e-06
h_p1_cp132,1.0006588126998395e-06
h_p1_cp133,3.942864168493543e-07
h_p1_cp134,6.269352525123395e-06
h_p1_cp135,5.715673978556879e-08
h_p1_cp136,3.572691230147029e-05
h_p1_cp137,6.932168616913259e-09
h_p1_cp138,0.0001809019472602813
h_p1_cp139,-5.093170329928398e-11
h_p1_cp140,0.0007873076565374504
h_p1_cp141,-9.663381206337363e-10
h_p1_cp142,0.00279665046127775
h_p1_cp143,-1.079797584679909e-09
h_p1_cp144,0.007413423391881224
h_p1_cp145,-1.0891199053730816e-09
h_p1_cp146,0.01220058047601924
h_p1_cp147,-1.0613803169690073e-09
h_p1_cp148,0.0074134233909717295
h_p1_cp149,-8.626557246316224e-10
h_p1_cp150,0.0027966504580945184
h_p1_cp151,3.4856384445447475e-10
h_p1_cp152,0.0007873076524447242
h_p1_cp153,6.8669123720610514e-09
h_p1_cp154,0.00018090194134856574
h_p1_cp155,3.674972504086327e-08
h_p1_cp156,3.572691139197559e-05
h_p1_cp157,1.4660940905741882e-07
h_p1_cp158,6.269350251386641e-06
h_p1_cp159,4.373162028059596e-07
h_p1_cp160,1.000656993710436e-06
h_p1_cp161,8.834297204884933e-07
h_p1_cp162,1.4836314221611246e-07
h_p1_cp163,1.3004619177081622e-06
h_p1_cp164,2.1392224880401045e-08
h_p1_cp165,4.222192956149229e-06
h_p1_cp166,3.7384779716376215e-09
h_p1_cp167,1.597130972186278e-05
h_p1_cp168,1.4238139556255192e-09
h_p1_cp169,5.060085595687269e-05
h_p1_cp170,1.135504135163501e-09
h_p1_cp171,0.00012002092171314871
h_p1_cp172,1.1018528311979026e-09
h_p1_cp173,0.00018093014205078362
h_p1_cp174,1.097305357689038e-09
h_p1_cp175,0.00012001947766293597
h_p1_cp176,1.096395862987265e-09
h_p1_cp177,5.0592878096722416e-05
h_p1_cp178,1.0968506103381515e-09
h_p1_cp179,1.593400656929589e-05
h_p1_cp180,1.0968506103381515e-09
h_p1_cp181,4.079230166098569e-06
h_p1_cp182,1.0968506103381515e-09
h_p1_cp183,8.922395409172168e-07
h_p1_cp184,1.0968506103381515e-09
h_p1_cp185,1.717380655463785e-07
h_p1_cp186,1.0968506103381515e-09
h_p1_cp187,2.9139073376427405e-08
h_p1_cp188,1.0968506103381515e-09
h_p1_cp189,3.768491296796128e-09
h_p1_cp190,1.0968506103381515e-09
h_p1_cp191,-3.6698111216537654e-10
h_p1_cp192,1.0968506103381515e-09
h_p1_cp193,-9.92486093309708e-10
h_p1_cp194,1.0968506103381515e-09
h_p1_cp195,-1.0818439477588981e-09
h_p1_cp196,1.0968506103381515e-09
h_p1_cp197,-1.0936673788819462e-09
h_p1_cp198,1.0968506103381515e-09
h_p1_cp199,-1.0950316209346056e-09
h_p1_cp200,1.0968506103381515e-09
h_p1_cp201,-1.0957137419609353e-09
h_p1_cp202,1.0968506103381515e-09
h_p1_cp203,-1.0957137419609353e-09
h_p1_cp204,1.0968506103381515e-09
h_p1_cp205,-1.0957137419609353e-09
h_p1_cp206,1.0968506103381515e-09
h_p1_cp207,-1.0957137419609353e-09
h_p1_cp208,1.0968506103381515e-09
h_p1_cp209,-1.0957137419609353e-09
h_p1_cp210,1.0968506103381515e-09
h_p1_cp211,-1.0957137419609353e-09
h_p2_cp0,3.0598521334468387e-06
h_p2_cp1,6.984919309616089e-10
h_p2_cp2,1.3210734778112965e-05
h_p2_cp3,4.984030965715647e-10
h_p2_cp4,5.028720579502988e-05
h_p2_cp5,-2.773958840407431e-10
h_p2_cp6,0.00016364276507374598
h_p2_cp7,-4.765752237290144e-10
h_p2_cp8,0.0004349442788225133
h_p2_cp9,1.4870238373987377e-10
h_p2_cp10,0.0008782414220149803
h_p2_cp11,-5.047695594839752e-11
h_p2_cp12,0.001189456415886525
h_p2_cp13,-8.280949259642512e-10
h_p2_cp14,0.0008782441391304019
h_p2_cp15,-1.0272742656525224e-09
h_p2_cp16,0.0004349511241343862
h_p2_cp17,-4.001776687800884e-10
h_p2_cp18,0.00016365197916456964
h_p2_cp19,-5.925357982050627e-10
h_p2_cp20,5.02937323290098e-05
h_p2_cp21,-1.343323674518615e-09
h_p2_cp22,1.321316358371405e-05
h_p2_cp23,-1.4397301129065454e-09
h_p2_cp24,3.060508333874168e-06
h_p2_cp25,-4.574758349917829e-10
h_p2_cp26,6.38916390016675e-07
h_p2_cp27,3.6288838600739837e-10
h_p2_cp28,1.2299642548896372e-07
h_p2_cp29,1.7466845747549087e-09
h_p2_cp30,2.6740963221527636e-08
h_p2_cp31,4.4046828406862915e-09
h_p2_cp32,3.1180661608232185e-08
h_p2_cp33,6.597929314011708e-09
h_p2_cp34,1.6889953258214518e-07
h_p2_cp35,7.127709977794439e-09
h_p2_cp36,9.893383321468718e-07
h_p2_cp37,5.732999852625653e-09
h_p2_cp38,5.320140189724043e-06
h_p2_cp39,4.079993232153356e-09
h_p2_cp40,2.54957640208886e-05
h_p2_cp41,2.042725100181997e-09
h_p2_cp42,0.00010521777721805847
h_p2_cp43,2.560227585490793e-10
h_p2_cp44,0.00035501416778060957
h_p2_cp45,-3.7425706977955997e-10
h_p2_cp46,0.0008972693708528823
h_p2_cp47,1.0049916454590857e-10
h_p2_cp48,0.0014257708553486736
h_p2_cp49,-1.418811734765768e-10
h_p2_cp50,0.0008971019342425279
h_p2_cp51,-9.149516699835658e-10
h_p2_cp52,0.00035517585592970136
h_p2_cp53,-1.0536496120039374e-09
h_p2_cp54,0.00010776007411550381
h_p2_cp55,-2.064552973024547e-10
h_p2_cp56,3.940795841117506e-05
h_p2_cp57,2.2146195988170803e-10
h_p2_cp58,6.849540477560367e-05
h_p2_cp59,6.461959856096655e-10
h_p2_cp60,0.0002520725875001517
h_p2_cp61,1.495209289714694e-09
h_p2_cp62,0.0008540087219444104
h_p2_cp63,1.3587850844487548e-09
h_p2_cp64,0.002373569474912074
h_p2_cp65,5.979927664157003e-10
h_p2_cp66,0.0050016791765301605
h_p2_cp67,4.0245140553452075e-10
h_p2_cp68,0.006976069927304707
h_p2_cp69,1.0279563866788521e-09
h_p2_cp70,0.005001676109031905
h_p2_cp71,8.280949259642512e-10
h_p2_cp72,0.002373544170950481
h_p2_cp73,5.206857167650014e-11
h_p2_cp74,0.0008538461850093881
h_p2_cp75,-1.4620127330999821e-10
h_p2_cp76,0.0002511059897187806
h_p2_cp77,4.795310815097764e-10
h_p2_cp78,6.324281434899603e-05
h_p2_cp79,2.7989699447061867e-10
h_p2_cp80,1.4068960126678576e-05
h_p2_cp81,-4.965841071680188e-10
h_p2_cp82,2.8251636194909224e-06
h_p2_cp83,-6.964455678826198e-10
h_p2_cp84,1.5231683846650412e-05
h_p2_cp85,1.2202116749904235e-05
h_p2_cp86,6.846433052487555e-05
h_p2_cp87,4.645182707463391e-05
h_p2_cp88,0.0002718367059060256
h_p2_cp89,0.00015116301278794708
h_p2_cp90,0.0009243382305612613
h_p2_cp91,0.0004017744756765751
h_p2_cp92,0.002569499797118624
h_p2_cp93,0.0008112670957416412
h_p2_cp94,0.00541461344300842
h_p2_cp95,0.001098759531032556
h_p2_cp96,0.007552058367764403
h_p2_cp97,0.0008113427793432493
h_p2_cp98,0.005414843897597166
h_p2_cp99,0.00040218406661551853
h_p2_cp100,0.002570235851180769
h_p2_cp101,0.00015309266768781526
h_p2_cp102,0.0009261375475944078
h_p2_cp103,5.439566393761197e-05
h_p2_cp104,0.00027518419756233925
h_p2_cp105,4.013907141597883e-05
h_p2_cp106,7.27660885786463e-05
h_p2_cp107,8.593041957283276e-05
h_p2_cp108,1.857932784332661e-05
h_p2_cp109,0.0002215839840573608
h_p2_cp110,4.859992714045802e-06
h_p2_cp111,0.0006267919950460055
h_p2_cp112,1.3045137166045606e-06
h_p2_cp113,0.002014190723457432
h_p2_cp114,3.454651960055344e-07
h_p2_cp115,0.005631942399304535
h_p2_cp116,8.715460353414528e-08
h_p2_cp117,0.011965623158403105
h_p2_cp118,2.0883817342109978e-08
h_p2_cp119,0.016713183589672553
h_p2_cp120,5.2473296818789095e-09
h_p2_cp121,0.011963946001287695
h_p2_cp122,3.0436240194831043e-09
h_p2_cp123,0.005625084497523858
h_p2_cp124,1.1338670447003096e-08
h_p2_cp125,0.0019922351284549222
h_p2_cp126,7.162316251196899e-08
h_p2_cp127,0.0005742359148825926
h_p2_cp128,4.5431261241901666e-07
h_p2_cp129,0.0001413192348991288
h_p2_cp130,2.723375928326277e-06
h_p2_cp131,3.0660849006380886e-05
h_p2_cp132,1.518013732493273e-05
h_p2_cp133,5.998562073727953e-06
h_p2_cp134,7.761896267766133e-05
h_p2_cp135,1.0756889423646498e-06
h_p2_cp136,0.00035803634682451957
h_p2_cp137,1.786684151738882e-07
h_p2_cp138,0.0014568481501555652
h_p2_cp139,2.7343730835127644e-08
h_p2_cp140,0.005066437961431802
h_p2_cp141,3.468358045211062e-09
h_p2_cp142,0.014364775768626714
h_p2_cp143,2.523847797419876e-11
h_p2_cp144,0.030766904378651816
h_p2_cp145,2.6784618967212737e-10
h_p2_cp146,0.04338159379858553
h_p2_cp147,4.600451575242914e-09
h_p2_cp148,0.030766904375923332
h_p2_cp149,2.8273007046664134e-08
h_p2_cp150,0.014364775764533988
h_p2_cp151,1.4261627256928477e-07
h_p2_cp152,0.005066437953701097
h_p2_cp153,6.25115944785648e-07
h_p2_cp154,0.0014568481442438497
h_p2_cp155,2.336089437449118e-06
h_p2_cp156,0.00035803633682007785
h_p2_cp157,7.120030659280019e-06
h_p2_cp158,7.761895676594577e-05
h_p2_cp159,1.648592001401994e-05
h_p2_cp160,1.5180134141701274e-05
h_p2_cp161,2.620556028887222e-05
h_p2_cp162,2.7233736545895226e-06
h_p2_cp163,2.937771728284133e-05
h_p2_cp164,4.543085196928587e-07
h_p2_cp165,5.792202250631817e-05
h_p2_cp166,7.15958776709158e-08
h_p2_cp167,0.00016537143437744817
h_p2_cp168,1.1176780390087515e-08
h_p2_cp169,0.00042574195163069817
h_p2_cp170,2.172328095184639e-09
h_p2_cp171,0.0008406699471379397
h_p2_cp172,8.976712706498802e-10
h_p2_cp173,0.001120021496717527
h_p2_cp174,7.303242455236614e-10
h_p2_cp175,0.0008405276710163889
h_p2_cp176,7.4078343459405e-10
h_p2_cp177,0.00042511002516221197
h_p2_cp178,9.035829862114042e-10
h_p2_cp179,0.00016304299083458318
h_p2_cp180,1.610715116839856e-09
h_p2_cp181,5.0919044497277355e-05
h_p2_cp182,3.99722921429202e-09
h_p2_cp183,1.3554172028307221e-05
h_p2_cp184,9.556060831528157e-09
h_p2_cp185,3.172305923726526e-06
h_p2_cp186,1.53600012708921e-08
h_p2_cp187,6.672084964520764e-07
h_p2_cp188,9.556060831528157e-09
h_p2_cp189,1.2785039871232584e-07
h_p2_cp190,3.996774466941133e-09
h_p2_cp191,2.2216227080207318e-08
h_p2_cp192,1.610715116839856e-09
h_p2_cp193,3.1252511689672247e-09
h_p2_cp194,9.040377335622907e-10
h_p2_cp195,-9.5042196335271e-11
h_p2_cp196,7.385096978396177e-10
h_p2_cp197,-6.057234713807702e-10
h_p2_cp198,7.053131412249058e-10
h_p2_cp199,-6.828031473560259e-10
h_p2_cp200,6.994014256633818e-10
h_p2_cp201,-6.943992048036307e-10
h_p2_cp202,6.980371836107224e-10
h_p2_cp203,-6.962181942071766e-10
h_p2_cp204,6.980371836107224e-10
h_p2_cp205,-6.964455678826198e-10
h_p2_cp206,6.984919309616089e-10
h_p2_cp207,-6.96672941558063e-10
h_p2_cp208,6.984919309616089e-10
h_p2_cp209,-6.96672941558063e-10
h_p2_cp210,6.984919309616089e-10
h_p2_cp211,-6.964455678826198e-10
h_p3_cp0,2.5210343210346764e-05
h_p3_cp1,5.084075382910669e-10
h_p3_cp2,9.376812477057683e-05
h_p3_cp3,3.5288394428789616e-10
h_p3_cp4,0.0003071754636039259
h_p3_cp5,-1.2960299500264227e-10
h_p3_cp6,0.000861335860008694
h_p3_cp7,-2.85126589005813e-10
h_p3_cp8,0.0019848073820867285
h_p3_cp9,-3.956301952712238e-11
h_p3_cp10,0.0035375391535126255
h_p3_cp11,-1.9235812942497432e-10
h_p3_cp12,0.004450462530712684
h_p3_cp13,-6.684786058031023e-10
h_p3_cp14,0.003537573684752715
h_p3_cp15,-8.030838216654956e-10
h_p3_cp16,0.0019848736046697013
h_p3_cp17,-5.170477379579097e-10
h_p3_cp18,0.0008614171506451385
h_p3_cp19,-5.89807314099744e-10
h_p3_cp20,0.00030724420594197
h_p3_cp21,-8.412825991399586e-10
h_p3_cp22,9.381098925587139e-05
h_p3_cp23,-1.8462742445990443e-10
h_p3_cp24,2.5231889139831765e-05
h_p3_cp25,2.5320332497358322e-09
h_p3_cp26,6.1069272305758204e-06
h_p3_cp27,8.693405106896535e-09
h_p3_cp28,1.3672788554686122e-06
h_p3_cp29,2.13904058909975e-08
h_p3_cp30,3.81859081244329e-07
h_p3_cp31,4.2419742385391146e-08
h_p3_cp32,6.509067134174984e-07
h_p3_cp33,6.607479008380324e-08
h_p3_cp34,3.1918807508191094e-06
h_p3_cp35,7.798507795087062e-08
h_p3_cp36,1.5650225122953998e-05
h_p3_cp37,6.771460903109983e-08
h_p3_cp38,6.978754481679061e-05
h_p3_cp39,4.5455180952558294e-08
h_p3_cp40,0.0002757558863777376
h_p3_cp41,2.4345354177057743e-08
h_p3_cp42,0.0009350461109534081
h_p3_cp43,1.0469193512108177e-08
h_p3_cp44,0.0025953399294849078
h_p3_cp45,3.6670826375484467e-09
h_p3_cp46,0.005465023812575964
h_p3_cp47,1.196440280182287e-09
h_p3_cp48,0.007620108975515905
h_p3_cp49,9.868017514236271e-11
h_p3_cp50,0.005463842527660745
h_p3_cp51,-6.430127541534603e-10
h_p3_cp52,0.002597311620320397
h_p3_cp53,-7.744347385596484e-10
h_p3_cp54,0.0009558298597767134
h_p3_cp55,-2.587512426543981e-10
h_p3_cp56,0.0003737218921742169
h_p3_cp57,2.2237145458348095e-10
h_p3_cp58,0.00045168807673690026
h_p3_cp59,7.066773832775652e-10
h_p3_cp60,0.0013131370947121468
h_p3_cp61,1.24236976262182e-09
h_p3_cp62,0.0037735660157522943
h_p3_cp63,1.1909833119716495e-09
h_p3_cp64,0.008997795968298306
h_p3_cp65,7.380549504887313e-10
h_p3_cp66,0.016541095033971942
h_p3_cp67,5.911715561524034e-10
h_p3_cp68,0.021187326050721822
h_p3_cp69,8.371898729819804e-10
h_p3_cp70,0.01654100170935635
h_p3_cp71,6.823484000051394e-10
h_p3_cp72,0.00899722975395889
h_p3_cp73,1.9872459233738482e-10
h_p3_cp74,0.0037704802307416685
h_p3_cp75,4.4792614062316716e-11
h_p3_cp76,0.001297770212886462
h_p3_cp77,2.8967406251467764e-10
h_p3_cp78,0.0003826153945283295
h_p3_cp79,1.3324097380973399e-10
h_p3_cp80,9.947134435606131e-05
h_p3_cp81,-3.503828338580206e-10
h_p3_cp82,2.3286812620426645e-05
h_p3_cp83,-5.056790541857481e-10
h_p3_cp84,0.00010768423953777528
h_p3_cp85,8.66165539719077e-05
h_p3_cp86,0.00041420327352170716
h_p3_cp87,0.00028375058400342823
h_p3_cp88,0.0014049110045561974
h_p3_cp89,0.0007956579636356764
h_p3_cp90,0.004081766451236035
h_p3_cp91,0.0018335124761961197
h_p3_cp92,0.009740051902099367
h_p3_cp93,0.0032682658440990053
h_p3_cp94,0.017906746227708936
h_p3_cp95,0.004114378919439332
h_p3_cp96,0.022937100785838993
h_p3_cp97,0.003286880037649098
h_p3_cp98,0.01790852553131117
h_p3_cp99,0.0019249775377829792
h_p3_cp100,0.009745103021487012
h_p3_cp101,0.0011284594977496454
h_p3_cp102,0.0040926434999164485
h_p3_cp103,0.0010354692758482997
h_p3_cp104,0.0014230785618565278
h_p3_cp105,0.0006347575836116448
h_p3_cp106,0.00043626749311442836
h_p3_cp107,0.0006836951947661873
h_p3_cp108,0.0001258542101822968
h_p3_cp109,0.001229989825105804
h_p3_cp110,3.609889563449542e-05
h_p3_cp111,0.0026471693663552287
h_p3_cp112,1.0499253676243825e-05
h_p3_cp113,0.006695692999528546
h_p3_cp114,3.03825072478503e-06
h_p3_cp115,0.015487756772699868
h_p3_cp116,8.476554285152815e-07
h_p3_cp117,0.02809956115333989
h_p3_cp118,2.2349331629811786e-07
h_p3_cp119,0.03567768895277368
h_p3_cp120,5.829360816278495e-08
h_p3_cp121,0.02807774291363785
h_p3_cp122,3.412151272641495e-08
h_p3_cp123,0.015412398385251436
h_p3_cp124,1.3318276614882052e-07
h_p3_cp125,0.006494256465884973
h_p3_cp126,7.576250027341302e-07
h_p3_cp127,0.0022374787213266245
h_p3_cp128,4.146785158809507e-06
h_p3_cp129,0.0006576035013949877
h_p3_cp130,2.1231038772384636e-05
h_p3_cp131,0.0001698399064480327
h_p3_cp132,0.00010059594478661893
h_p3_cp133,3.9390135498251766e-05
h_p3_cp134,0.0004357435404926946
h_p3_cp135,8.338504130733781e-06
h_p3_cp136,0.0016989721843856387
h_p3_cp137,1.6314668300765334e-06
h_p3_cp138,0.005842556809511734
h_p3_cp139,2.978590600832831e-07
h_p3_cp140,0.017235136515864724
h_p3_cp141,5.167680683371145e-08
h_p3_cp142,0.041903954240297026
h_p3_cp143,1.2971213436685503e-08
h_p3_cp144,0.07891412273374954
h_p3_cp145,2.857746039808262e-08
h_p3_cp146,0.10351175335426888
h_p3_cp147,1.393771071889205e-07
h_p3_cp148,0.0789141227305663
h_p3_cp149,6.41105316390167e-07
h_p3_cp150,0.04190395423393056
h_p3_cp151,2.6477023311599623e-06
h_p3_cp152,0.017235136505405535
h_p3_cp153,9.612154826754704e-06
h_p3_cp154,0.00584255679996204
h_p3_cp155,2.979017835968989e-05
h_p3_cp156,0.001698972173016955
h_p3_cp157,7.561951360912644e-05
h_p3_cp158,0.000435743533216737
h_p3_cp159,0.00014834892704129743
h_p3_cp160,0.00010059593751066132
h_p3_cp161,0.00021062192422505177
h_p3_cp162,2.1231018763501197e-05
h_p3_cp163,0.00023145430259319255
h_p3_cp164,4.146685114392312e-06
h_p3_cp165,0.0003595722253066924
h_p3_cp166,7.570979505544528e-07
h_p3_cp167,0.0008090971755336795
h_p3_cp168,1.3054159353487194e-07
h_p3_cp169,0.0017568282469255792
h_p3_cp170,2.1727828425355256e-08
h_p3_cp171,0.003035495757330864
h_p3_cp172,3.999502951046452e-09
h_p3_cp173,0.0037560351877345965
h_p3_cp174,2.0540937839541584e-09
h_p3_cp175,0.0030329042442645004
h_p3_cp176,5.585206963587552e-09
h_p3_cp177,0.001747109043662931
h_p3_cp178,2.1426785679068416e-08
h_p3_cp179,0.0007793508889335499
h_p3_cp180,7.500511856051162e-08
h_p3_cp181,0.0002851090825970459
h_p3_cp182,2.1621235646307468e-07
h_p3_cp183,8.901116621018446e-05
h_p3_cp184,4.6963577915448695e-07
h_p3_cp185,2.4400568463534e-05
h_p3_cp186,6.654559001617599e-07
h_p3_cp187,5.998069127599592e-06
h_p3_cp188,4.696339601650834e-07
h_p3_cp189,1.3433054846245795e-06
h_p3_cp190,2.1620962797896937e-07
h_p3_cp191,2.7729402063414454e-07
h_p3_cp192,7.499966159230098e-08
h_p3_cp193,5.3022631618659943e-08
h_p3_cp194,2.1413143258541822e-08
h_p3_cp195,9.187488103634678e-09
h_p3_cp196,5.512447387445718e-09
h_p3_cp197,1.1550582712516189e-09
h_p3_cp198,1.5638761396985501e-09
h_p3_cp199,-2.346496330574155e-10
h_p3_cp200,7.09405867382884e-10
h_p3_cp201,-4.6361492422875017e-10
h_p3_cp202,5.429683369584382e-10
h_p3_cp203,-4.995399649487808e-10
h_p3_cp204,5.13409759150818e-10
h_p3_cp205,-5.045421858085319e-10
h_p3_cp206,5.088622856419533e-10
h_p3_cp207,-5.056790541857481e-10
h_p3_cp208,5.084075382910669e-10
h_p3_cp209,-5.059064278611913e-10
h_p3_cp210,5.084075382910669e-10
h_p3_cp211,-5.056790541857481e-10
h_p4_cp0,0.0001232665304087277
h_p4_cp1,4.147295840084553e-10
h_p4_cp2,0.00040393056133325445
h_p4_cp3,2.7284841053187847e-10
h_p4_cp4,0.0011663399609460612
h_p4_cp5,-4.501998773775995e-11
h_p4_cp6,0.002891254893711448
h_p4_cp7,-1.77351466845721e-10
h_p4_cp8,0.005938086047535762
h_p4_cp9,-8.458300726488233e-11
h_p4_cp10,0.009619846785881236
h_p4_cp11,-1.20508047984913e-10
h_p4_cp12,0.011521997284944518
h_p4_cp13,-1.7780621419660747e-10
h_p4_cp14,0.00962004185475962
h_p4_cp15,2.078195393551141e-10
h_p4_cp16,0.005938445156061789
h_p4_cp17,1.0727490007411689e-09
h_p4_cp18,0.0028916881246914272
h_p4_cp19,1.9854269339703023e-09
h_p4_cp20,0.0011667219159789965
h_p4_cp21,3.7648533179890364e-09
h_p4_cp22,0.00040419078368358896
h_p4_cp23,1.0398252925369889e-08
h_p4_cp24,0.00012341526917225565
h_p4_cp25,2.983369995490648e-08
h_p4_cp26,3.390627671251423e-05
h_p4_cp27,7.551670933025889e-08
h_p4_cp28,8.700735179445473e-06
h_p4_cp29,1.6416925063822418e-07
h_p4_cp30,3.113662842224585e-06
h_p4_cp31,2.993810994667001e-07
h_p4_cp32,6.110921731306007e-06
h_p4_cp33,4.4377702579367906e-07
h_p4_cp34,2.6247245386912255e-05
h_p4_cp35,5.172246346774045e-07
h_p4_cp36,0.00011061016812163871
h_p4_cp37,4.6567129174945876e-07
h_p4_cp38,0.0004224681738378422
h_p4_cp39,3.334002940391656e-07
h_p4_cp40,0.0014266926968957705
h_p4_cp41,1.956482265086379e-07
h_p4_cp42,0.004134729097586387
h_p4_cp43,9.638233677833341e-08
h_p4_cp44,0.009856038053840166
h_p4_cp45,4.069852366228588e-08
h_p4_cp46,0.01812251597220893
h_p4_cp47,1.5013483789516613e-08
h_p4_cp48,0.023233947473727312
h_p4_cp49,4.684352461481467e-09
h_p4_cp50,0.01811798610333426
h_p4_cp51,8.726601663511246e-10
h_p4_cp52,0.009868580892543832
h_p4_cp53,-2.2737367544323206e-10
h_p4_cp54,0.004235315592268307
h_p4_cp55,-1.4642864698544145e-10
h_p4_cp56,0.0018447406350787787
h_p4_cp57,2.460183168295771e-10
h_p4_cp58,0.0018554875482550415
h_p4_cp59,6.97582436259836e-10
h_p4_cp60,0.00437833940713972
h_p4_cp61,1.0841176845133305e-09
h_p4_cp62,0.010910997435075842
h_p4_cp63,1.0818439477588981e-09
h_p4_cp64,0.022962783598359238
h_p4_cp65,8.094502845779061e-10
h_p4_cp66,0.03801753050129264
h_p4_cp67,6.821210263296962e-10
h_p4_cp68,0.04603296067011797
h_p4_cp69,7.435119186993688e-10
h_p4_cp70,0.03801658639304151
h_p4_cp71,6.020854925736785e-10
h_p4_cp72,0.022957503300403914
h_p4_cp73,2.808064891723916e-10
h_p4_cp74,0.010885678727163395
h_p4_cp75,1.389253156958148e-10
h_p4_cp76,0.0042697281614891835
h_p4_cp77,1.9622348190750927e-10
h_p4_cp78,0.0014374832442172192
h_p4_cp79,5.275069270282984e-11
h_p4_cp80,0.00042663882663873665
h_p4_cp81,-2.6784618967212737e-10
h_p4_cp82,0.00011386685491743265
h_p4_cp83,-4.1109160520136356e-10
h_p4_cp84,0.0004618550829036394
h_p4_cp85,0.0003731379429154913
h_p4_cp86,0.0015561373211312457
h_p4_cp87,0.0010774827176192048
h_p4_cp88,0.004622175013082597
h_p4_cp89,0.0026713729391758534
h_p4_cp90,0.011784304948832869
h_p4_cp91,0.005489053470455474
h_p4_cp92,0.024852911963535007
h_p4_cp93,0.008907917280339461
h_p4_cp94,0.04115602175124877
h_p4_cp95,0.010752977484344228
h_p4_cp96,0.04983641185390297
h_p4_cp97,0.009363434471651999
h_p4_cp98,0.04116423185496387
h_p4_cp99,0.007183029510770211
h_p4_cp100,0.024874280158655893
h_p4_cp101,0.007202216597306688
h_p4_cp102,0.011826230992483033
h_p4_cp103,0.008723238158836466
h_p4_cp104,0.0046871480221852835
h_p4_cp105,0.005826635518133116
h_p4_cp106,0.001632379651255178
h_p4_cp107,0.0039831287128890835
h_p4_cp108,0.0005268485233500542
h_p4_cp109,0.0045058531288759696
h_p4_cp110,0.0001652799855946796
h_p4_cp111,0.007503534809984558
h_p4_cp112,5.1734806675085565e-05
h_p4_cp113,0.015442123646380423
h_p4_cp114,1.6099094864330254e-05
h_p4_cp115,0.030573157121580152
h_p4_cp116,4.875979357166216e-06
h_p4_cp117,0.04948195817769374
h_p4_cp118,1.4116017155174632e-06
h_p4_cp119,0.05946730287882929
h_p4_cp120,4.112048372917343e-07
h_p4_cp121,0.04935113809392533
h_p4_cp122,2.6340831027482636e-07
h_p4_cp123,0.03017425626262593
h_p4_cp124,9.214691090164706e-07
h_p4_cp125,0.014503569805810912
h_p4_cp126,4.598771283781389e-06
h_p4_cp127,0.005755889203555853
h_p4_cp128,2.2085288946982473e-05
h_p4_cp129,0.0019548904033399594
h_p4_cp130,9.9063630841556e-05
h_p4_cp131,0.0005834768994645856
h_p4_cp132,0.00041089907972491346
h_p4_cp133,0.0001561437745749572
h_p4_cp134,0.0015587548755320313
h_p4_cp135,3.8050604871386895e-05
h_p4_cp136,0.005334315246273036
h_p4_cp137,8.548095593141625e-06
h_p4_cp138,0.01617860422038575
h_p4_cp139,1.7900035800266778e-06
h_p4_cp140,0.04245878130222991
h_p4_cp141,3.6464484765019733e-07
h_p4_cp142,0.09314950598036376
h_p4_cp143,1.361352133244509e-07
h_p4_cp144,0.16187291470487253
h_p4_cp145,3.4796266845660284e-07
h_p4_cp146,0.20355123118315532
h_p4_cp147,1.466889671064564e-06
h_p4_cp148,0.1618729147016893
h_p4_cp149,5.808265314044547e-06
h_p4_cp150,0.0931495059721783
h_p4_cp151,2.0657795857914607e-05
h_p4_cp152,0.04245878129313496
h_p4_cp153,6.461869793383812e-05
h_p4_cp154,0.016178604209017067
h_p4_cp155,0.00017314058436568303
h_p4_cp156,0.005334315241270815
h_p4_cp157,0.00038370153856703837
h_p4_cp158,0.0015587548637086002
h_p4_cp159,0.000672886824077068
h_p4_cp160,0.0004108990360691678
h_p4_cp161,0.0009000244281196501
h_p4_cp162,9.906341438181698e-05
h_p4_cp163,0.0009963105992483179
h_p4_cp164,2.208421028626617e-05
h_p4_cp165,0.0013719040061914711
h_p4_cp166,4.593664471030934e-06
h_p4_cp167,0.0025721658651036705
h_p4_cp168,8.986658031062689e-07
h_p4_cp169,0.004865136383614299
h_p4_cp170,1.678140506555792e-07
h_p4_cp171,0.007634286273741964
h_p4_cp172,3.612103682826273e-08
h_p4_cp173,0.009041268206829045
h_p4_cp174,3.427703632041812e-08
h_p4_cp175,0.007614426862119217
h_p4_cp176,1.1718748282874003e-07
h_p4_cp177,0.004799830710908282
h_p4_cp178,4.0930444811237976e-07
h_p4_cp179,0.00239920864260057
h_p4_cp180,1.230193447554484e-06
h_p4_cp181,0.0009946953664439206
h_p4_cp182,3.0237779355957173e-06
h_p4_cp183,0.00035367962345844717
h_p4_cp184,5.685220003215363e-06
h_p4_cp185,0.00011059137705160538
h_p4_cp186,7.360979452641914e-06
h_p4_cp187,3.1000134640635224e-05
h_p4_cp188,5.685190444637556e-06
h_p4_cp189,7.907721965239034e-06
h_p4_cp190,3.0237056307669263e-06
h_p4_cp191,1.85756039172702e-06
h_p4_cp192,1.2300588423386216e-06
h_p4_cp193,4.0555028135713656e-07
h_p4_cp194,4.0904251363826916e-07
h_p4_cp195,8.274423635157291e-08
h_p4_cp196,1.1628026186372153e-07
h_p4_cp197,1.5664909369661473e-08
h_p4_cp198,2.9300281312316656e-08
h_p4_cp199,2.538854459999129e-09
h_p4_cp200,6.884874892421067e-09
h_p4_cp201,1.0527401173021644e-10
h_p4_cp202,1.7380443750880659e-09
h_p4_cp203,-3.2446223485749215e-10
h_p4_cp204,6.65295374346897e-10
h_p4_cp205,-3.9676706364843994e-10
h_p4_cp206,4.5838532969355583e-10
h_p4_cp207,-4.090452421223745e-10
h_p4_cp208,4.210960469208658e-10
h_p4_cp209,-4.1018211049959064e-10
h_p4_cp210,4.1609382606111467e-10
h_p4_cp211,-4.106368578504771e-10
h_p5_cp0,0.0004223124606141937
h_p5_cp1,3.6970959627069533e-10
h_p5_cp2,0.001240348284227366
h_p5_cp3,2.4920154828578234e-10
h_p5_cp4,0.0032155766989490076
h_p5_cp5,7.23048287909478e-11
h_p5_cp6,0.007188981526724092
h_p5_cp7,1.2960299500264227e-10
h_p5_cp8,0.013446735390516551
h_p5_cp9,6.78028300171718e-10
h_p5_cp10,0.020242720690930582
h_p5_cp11,2.0650077203754336e-09
h_p5_cp12,0.023448175814337446
h_p5_cp13,5.156834959052503e-09
h_p5_cp14,0.020243485225819313
h_p5_cp15,1.0826624929904938e-08
h_p5_cp16,0.013448116822928569
h_p5_cp17,1.8537321011535823e-08
h_p5_cp18,0.007190638730207866
h_p5_cp19,2.6866928237723187e-08
h_p5_cp20,0.003217077397948742
h_p5_cp21,4.042476575705223e-08
h_p5_cp22,0.0012414321581672993
h_p5_cp23,8.071265256148763e-08
h_p5_cp24,0.00042300428276575985
h_p5_cp25,1.897483343782369e-07
h_p5_cp26,0.0001298639904234733
h_p5_cp27,4.301286935515236e-07
h_p5_cp28,3.7750674437120324e-05
h_p5_cp29,8.632387107354589e-07
h_p5_cp30,1.6588877315371064e-05
h_p5_cp31,1.4781739992031362e-06
h_p5_cp32,3.39067751156108e-05
h_p5_cp33,2.099972789437743e-06
h_p5_cp34,0.00012873602099716663
h_p5_cp35,2.415787548670778e-06
h_p5_cp36,0.0004761645132020931
h_p5_cp37,2.2279718905338086e-06
h_p5_cp38,0.0015948581749398727
h_p5_cp39,1.6778699318820145e-06
h_p5_cp40,0.004724477620129619
h_p5_cp41,1.0554676919127814e-06
h_p5_cp42,0.012048161317579797
h_p5_cp43,5.657066139974631e-07
h_p5_cp44,0.02549359608838131
h_p5_cp45,2.628430593176745e-07
h_p5_cp46,0.04247922605736676
h_p5_cp47,1.0746452971943654e-07
h_p5_cp48,0.05175005678393063
h_p5_cp49,3.900504452758469e-08
h_p5_cp50,0.04246818502315364
h_p5_cp51,1.246235115104355e-08
h_p5_cp52,0.02554575706790274
h_p5_cp53,3.4042386687360704e-09
h_p5_cp54,0.012388583495066996
h_p5_cp55,8.826646080706269e-10
h_p5_cp56,0.005994158524117665
h_p5_cp57,5.047695594839752e-10
h_p5_cp58,0.005493970414590876
h_p5_cp59,7.244125299621373e-10
h_p5_cp60,0.010859230637834116
h_p5_cp61,9.872564987745136e-10
h_p5_cp62,0.0238766188167574
h_p5_cp63,1.0090843716170639e-09
h_p5_cp64,0.04536050370097655
h_p5_cp65,8.431015885435045e-10
h_p5_cp66,0.06933562690983308
h_p5_cp67,7.294147508218884e-10
h_p5_cp68,0.08089151492345081
h_p5_cp69,6.989466783124954e-10
h_p5_cp70,0.0693304148558127
h_p5_cp71,5.620677256956697e-10
h_p5_cp72,0.04533227876117962
h_p5_cp73,3.276454663136974e-10
h_p5_cp74,0.023753759221563087
h_p5_cp75,1.8826540326699615e-10
h_p5_cp76,0.010393092056347086
h_p5_cp77,1.5052137314341962e-10
h_p5_cp78,0.003918606687420834
h_p5_cp79,1.0686562745831907e-11
h_p5_cp80,0.0013040497278780094
h_p5_cp81,-2.2373569663614035e-10
h_p5_cp82,0.0003901492709701415
h_p5_cp83,-3.61524143954739e-10
h_p5_cp84,0.001411544679740473
h_p5_cp85,0.0011460382668246893
h_p5_cp86,0.004241602579895698
h_p5_cp87,0.0029720432951307885
h_p5_cp88,0.011249624796164426
h_p5_cp89,0.006650148117159915
h_p5_cp90,0.02571042071485863
h_p5_cp91,0.012469105094396582
h_p5_cp92,0.049061091898238374
h_p5_cp93,0.01891783924770607
h_p5_cp94,0.07501469131011618
h_p5_cp95,0.02254292969200833
h_p5_cp96,0.08749685174643673
h_p5_cp97,0.021754901352096567
h_p5_cp98,0.07504194709781586
h_p5_cp99,0.021105215909074104
h_p5_cp100,0.04912768000167489
h_p5_cp101,0.025392654536062764
h_p5_cp102,0.025832493090092612
h_p5_cp103,0.03006455077843384
h_p5_cp104,0.011429063989453425
h_p5_cp105,0.022513963844858154
h_p5_cp106,0.004447508441899117
h_p5_cp107,0.014792354200380942
h_p5_cp108,0.0015910967517811514
h_p5_cp109,0.01280706488364558
h_p5_cp110,0.000544825770703028
h_p5_cp111,0.01679769525571828
h_p5_cp112,0.000183332309461548
h_p5_cp113,0.028866841039416613
h_p5_cp114,6.09232201895793e-05
h_p5_cp115,0.050477073143838425
h_p5_cp116,1.9762092506425688e-05
h_p5_cp117,0.075745266881313
h_p5_cp118,6.181319804454688e-06
h_p5_cp119,0.08868237718684213
h_p5_cp120,1.984146365430206e-06
h_p5_cp121,0.07525460380747973
h_p5_cp122,1.369946858176263e-06
h_p5_cp123,0.04911009613579154
h_p5_cp124,4.327998794906307e-06
h_p5_cp125,0.02590936769684049
h_p5_cp126,1.9259196051280014e-05
h_p5_cp127,0.011463493707424277
h_p5_cp128,8.27942985779373e-05
h_p5_cp129,0.004374854840534681
h_p5_cp130,0.0003327067361169611
h_p5_cp131,0.0014722919052019279
h_p5_cp132,0.0012379081449580553
h_p5_cp133,0.0004446734467364877
h_p5_cp134,0.004222611425120704
h_p5_cp135,0.00012224786814840627
h_p5_cp136,0.013043574494986387
h_p5_cp137,3.0948169751354726e-05
h_p5_cp138,0.035905852423184115
h_p5_cp139,7.304872497115866e-06
h_p5_cp140,0.08615860254531071
h_p5_cp141,1.7251429653697414e-06
h_p5_cp142,0.17450263270347932
h_p5_cp143,8.766132850723807e-07
h_p5_cp144,0.2839180166392907
h_p5_cp145,2.3351078652922297e-06
h_p5_cp146,0.3439536418559328
h_p5_cp147,8.747161700739525e-06
h_p5_cp148,0.28391801663565275
h_p5_cp149,3.06315650959732e-05
h_p5_cp150,0.17450263269438437
h_p5_cp151,9.647504225540615e-05
h_p5_cp152,0.08615860253758001
h_p5_cp153,0.00026809764472091047
h_p5_cp154,0.035905852412724926
h_p5_cp155,0.0006424446266919404
h_p5_cp156,0.013043574478160735
h_p5_cp157,0.0012896598987026664
h_p5_cp158,0.004222611353270622
h_p5_cp159,0.0020977206406769255
h_p5_cp160,0.001237907799804816
h_p5_cp161,0.0027107484324915276
h_p5_cp162,0.00033270510721195024
h_p5_cp163,0.0030076677835495502
h_p5_cp164,8.27869366730738e-05
h_p5_cp165,0.003842003756062695
h_p5_cp166,1.9227657048759283e-05
h_p5_cp167,0.0062850752256053966
h_p5_cp168,4.200536750431638e-06
h_p5_cp169,0.010657555773605054
h_p5_cp170,8.853503459249623e-07
h_p5_cp171,0.015592152471526788
h_p5_cp172,2.5275539883296005e-07
h_p5_cp173,0.017951716229617887
h_p5_cp174,3.534878487698734e-07
h_p5_cp175,0.015501241925903742
h_p5_cp176,1.1274642019998282e-06
h_p5_cp177,0.010387085008915165
h_p5_cp178,3.445494257903192e-06
h_p5_cp179,0.005643515108658903
h_p5_cp180,9.056496310222428e-06
h_p5_cp181,0.0025774552875645895
h_p5_cp182,1.9618947590060998e-05
h_p5_cp183,0.001017399767988536
h_p5_cp184,3.31617088704661e-05
h_p5_cp185,0.000354650852159466
h_p5_cp186,4.0539782276027836e-05
h_p5_cp187,0.00011104123018412793
h_p5_cp188,3.3161280953208916e-05
h_p5_cp189,3.165520297443436e-05
h_p5_cp190,1.9617980797193013e-05
h_p5_cp191,8.307801408591331e-06
h_p5_cp192,9.054866495716851e-06
h_p5_cp193,2.0255638446542434e-06
h_p5_cp194,3.4428016988385934e-06
h_p5_cp195,4.6215473048505373e-07
h_p5_cp196,1.1203137546544895e-06
h_p5_cp197,9.913946996675804e-08
h_p5_cp198,3.208215275662951e-07
h_p5_cp199,1.9919980331906117e-08
h_p5_cp200,8.266806617029943e-08
h_p5_cp201,3.5738594306167215e-09
h_p5_cp202,1.9636900105979294e-08
h_p5_cp203,3.6834535421803594e-10
h_p5_cp204,4.5301931095309556e-09
h_p5_cp205,-2.3146640160121024e-10
h_p5_cp206,1.204170985147357e-09
h_p5_cp207,-3.3924152376130223e-10
h_p5_cp208,5.238689482212067e-10
h_p5_cp209,-3.574314177967608e-10
h_p5_cp210,3.942659532185644e-10
h_p5_cp211,-3.608420229284093e-10
h_p6_cp0,0.0011205860027985182
h_p6_cp1,4.0745362639427185e-10
h_p6_cp2,0.002992096322032012
h_p6_cp3,4.597495717462152e-10
h_p6_cp4,0.007071927842844161
h_p6_cp5,9.022187441587448e-10
h_p6_cp6,0.014496397252969473
h_p6_cp7,2.6793713914230466e-09
h_p6_cp8,0.025127923644049588
h_p6_cp9,7.756170816719532e-09
h_p6_cp10,0.03574067332829145
h_p6_cp11,1.9676463125506416e-08
h_p6_cp12,0.040437917134568124
h_p6_cp13,4.314051693654619e-08
h_p6_cp14,0.035743021012422105
h_p6_cp15,8.037841325858608e-08
h_p6_cp16,0.02513212470421422
h_p6_cp17,1.2594455256476067e-07
h_p6_cp18,0.014501435561669496
h_p6_cp19,1.7212278180522844e-07
h_p6_cp20,0.007076591002260102
h_p6_cp21,2.401056917733513e-07
h_p6_cp22,0.0029956337975818315
h_p6_cp23,4.2044894144055434e-07
h_p6_cp24,0.001123100335462368
h_p6_cp25,8.780366442806553e-07
h_p6_cp26,0.00038046832150939736
h_p6_cp27,1.827586856961716e-06
h_p6_cp28,0.00012406980249579647
h_p6_cp29,3.433883648540359e-06
h_p6_cp30,6.440142851715791e-05
h_p6_cp31,5.584975497185951e-06
h_p6_cp32,0.00013111022826706176
h_p6_cp33,7.667471891181776e-06
h_p6_cp34,0.0004455380253602925
h_p6_cp35,8.724780400370946e-06
h_p6_cp36,0.001472567014843662
h_p6_cp37,8.177845757018076e-06
h_p6_cp38,0.004414121594891185
h_p6_cp39,6.3919414969859645e-06
h_p6_cp40,0.01173754279534478
h_p6_cp41,4.2386182030895725e-06
h_p6_cp42,0.027036656974360085
h_p6_cp43,2.4234877855633385e-06
h_p6_cp44,0.05228558582439291
h_p6_cp45,1.212081315316027e-06
h_p6_cp46,0.08133105913157124
h_p6_cp47,5.371261977415998e-07
h_p6_cp48,0.0960434529779377
h_p6_cp49,2.1323330656741746e-07
h_p6_cp50,0.08131309803411568
h_p6_cp51,7.645985533599742e-08
h_p6_cp52,0.05244558566755586
h_p6_cp53,2.492060957592912e-08
h_p6_cp54,0.02792689910165791
h_p6_cp55,7.542439561802894e-09
h_p6_cp56,0.014762706949568383
h_p6_cp57,2.4037944967858493e-09
h_p6_cp58,0.012871041811649775
h_p6_cp59,1.1946212907787412e-09
h_p6_cp60,0.021960778730317543
h_p6_cp61,1.0381882020737976e-09
h_p6_cp62,0.043272821589653176
h_p6_cp63,9.918039722833782e-10
h_p6_cp64,0.07566740800757543
h_p6_cp65,8.74024408403784e-10
h_p6_cp66,0.10904810383590302
h_p6_cp67,7.717062544543296e-10
h_p6_cp68,0.12428326309009208
h_p6_cp69,6.987193046370521e-10
h_p6_cp70,0.10902823251035443
h_p6_cp71,5.625224730465561e-10
h_p6_cp72,0.07556310909012609
h_p6_cp73,3.694822225952521e-10
h_p6_cp74,0.04285432676556411
h_p6_cp75,2.2441781766247004e-10
h_p6_cp76,0.02052716486650752
h_p6_cp77,1.3301360013429075e-10
h_p6_cp78,0.008523016215804091
h_p6_cp79,-8.412825991399586e-12
h_p6_cp80,0.003132018234964562
h_p6_cp81,-1.978150976356119e-10
h_p6_cp82,0.0010357255018789147
h_p6_cp83,-3.3355718187522143e-10
h_p6_cp84,0.0033882047514453006
h_p6_cp85,0.0027671554012158595
h_p6_cp86,0.009217886751230253
h_p6_cp87,0.006548825543177372
h_p6_cp88,0.0221894847763906
h_p6_cp89,0.013464920580418038
h_p6_cp90,0.04627717011726418
h_p6_cp91,0.023516913842740905
h_p6_cp92,0.08143926732145701
h_p6_cp93,0.03413991581805931
h_p6_cp94,0.11714010130117458
h_p6_cp95,0.04102523500728239
h_p6_cp96,0.13315263753747786
h_p6_cp97,0.04350485067334375
h_p6_cp98,0.1172125154148489
h_p6_cp99,0.04861414048104962
h_p6_cp100,0.08160812598953271
h_p6_cp101,0.06161108116066316
h_p6_cp102,0.04657147222042113
h_p6_cp103,0.07133478414903038
h_p6_cp104,0.02260562223045781
h_p6_cp105,0.05661804712576668
h_p6_cp106,0.00968794635764425
h_p6_cp107,0.038166779880839385
h_p6_cp108,0.003804802444847155
h_p6_cp109,0.029508738755339436
h_p6_cp110,0.0014165537600092648
h_p6_cp111,0.03241871388263462
h_p6_cp112,0.0005120638238622632
h_p6_cp113,0.04801434137243632
h_p6_cp114,0.00018126856912203948
h_p6_cp115,0.07627248111384688
h_p6_cp116,6.253456376725808e-05
h_p6_cp117,0.10864574894958423
h_p6_cp118,2.0907476027787197e-05
h_p6_cp119,0.12479058724306924
h_p6_cp120,7.298038326553069e-06
h_p6_cp121,0.10729741569434736
h_p6_cp122,5.3487683544517495e-06
h_p6_cp123,0.07274843112509188
h_p6_cp124,1.5462274404853815e-05
h_p6_cp125,0.04078922465919277
h_p6_cp126,6.22946267867519e-05
h_p6_cp127,0.019518403684287478
h_p6_cp128,0.00024368561480514472
h_p6_cp129,0.008151213294468107
h_p6_cp130,0.0008926088980842906
h_p6_cp131,0.0030231300886498502
h_p6_cp132,0.003032767496733868
h_p6_cp133,0.0010101414413838938
h_p6_cp134,0.009469099155012373
h_p6_cp135,0.00030777570282225497
h_p6_cp136,0.02685171890834681
h_p6_cp137,8.641130625619553e-05
h_p6_cp138,0.06808938837093592
h_p6_cp139,2.268086882395437e-05
h_p6_cp140,0.15112286579051215
h_p6_cp141,6.175426506160875e-06
h_p6_cp142,0.28478154035428815
h_p6_cp143,4.009182930531097e-06
h_p6_cp144,0.4362271628870076
h_p6_cp145,1.0612725645842147e-05
h_p6_cp146,0.5121605748222464
h_p6_cp147,3.5948147569797584e-05
h_p6_cp148,0.43622716288200536
h_p6_cp149,0.00011371706773388723
h_p6_cp150,0.28478154034564795
h_p6_cp151,0.0003245205796247319
h_p6_cp152,0.15112286577732448
h_p6_cp153,0.0008212125103455037
h_p6_cp154,0.06808938834456058
h_p6_cp155,0.0018064516716549406
h_p6_cp156,0.026851718801481184
h_p6_cp157,0.0033717512769726454
h_p6_cp158,0.009469098701629264
h_p6_cp159,0.005203467014780472
h_p6_cp160,0.003032765474927146
h_p6_cp161,0.006569117183971684
h_p6_cp162,0.0008926001592044486
h_p6_cp163,0.007265995248417312
h_p6_cp164,0.00024364961973333266
h_p6_cp165,0.008795348705461947
h_p6_cp166,6.215399071152206e-05
h_p6_cp167,0.012976228292700398
h_p6_cp168,1.4942551842977991e-05
h_p6_cp169,0.020159040757562252
h_p6_cp170,3.53499444827321e-06
h_p6_cp171,0.0279308418034816
h_p6_cp172,1.3164149095246103e-06
h_p6_cp173,0.031486141313962435
h_p6_cp174,2.1813025341543835e-06
h_p6_cp175,0.027631435070816224
h_p6_cp176,6.334784757200396e-06
h_p6_cp177,0.01933296856986999
h_p6_cp178,1.7260126242035767e-05
h_p6_cp179,0.011173683791639633
h_p6_cp180,4.060233686686843e-05
h_p6_cp181,0.005498329982174255
h_p6_cp182,7.947385756779113e-05
h_p6_cp183,0.0023587986092934443
h_p6_cp184,0.0001238647537320503
h_p6_cp185,0.0008987500496004941
h_p6_cp186,0.00014567071912097163
h_p6_cp187,0.00030868310977894
h_p6_cp188,0.00012386136631903355
h_p6_cp189,9.672885380496155e-05
h_p6_cp190,7.946660934976535e-05
h_p6_cp191,2.7932488819715218e-05
h_p6_cp192,4.059082584717544e-05
h_p6_cp193,7.495690169889713e-06
h_p6_cp194,1.724257299429155e-05
h_p6_cp195,1.8824480321200099e-06
h_p6_cp196,6.2948406593932305e-06
h_p6_cp197,4.4498665374703705e-07
h_p6_cp198,2.0245629457349423e-06
h_p6_cp199,9.937480172084179e-08
h_p6_cp200,5.847077773069032e-07
h_p6_cp201,2.0896322894259356e-08
h_p6_cp202,1.540297489555087e-07
h_p6_cp203,3.98176780436188e-09
h_p6_cp204,3.759760147659108e-08
h_p6_cp205,5.059064278611913e-10
h_p6_cp206,8.743882062844932e-09
h_p6_cp207,-1.7712409317027777e-10
h_p6_cp208,2.1177584130782634e-09
h_p6_cp209,-3.0604496714659035e-10
h_p6_cp210,6.953086995054036e-10
h_p6_cp211,-3.296918293926865e-10
h_p7_cp0,0.0024597396495664725
h_p7_cp1,9.06311470316723e-10
h_p7_cp2,0.006043701096132281
h_p7_cp3,2.2000676835887134e-09
h_p7_cp4,0.013192886873639509
h_p7_cp5,6.407844921341166e-09
h_p7_cp6,0.025137794970760297
h_p7_cp7,1.8356786313233897e-08
h_p7_cp8,0.04094574617420221
h_p7_cp9,4.7908997657941654e-08
h_p7_cp10,0.05570925027814155
h_p7_cp11,1.1097108654212207e-07
h_p7_cp12,0.061955484374266234
h_p7_cp13,2.2437370716943406e-07
h_p7_cp14,0.05571529707958689
h_p7_cp15,3.9020551412249915e-07
h_p7_cp16,0.04095651521311083
h_p7_cp17,5.815468284708913e-07
h_p7_cp18,0.02515074532448125
h_p7_cp19,7.718022061453667e-07
h_p7_cp20,0.013205109927639569
h_p7_cp21,1.040597908286145e-06
h_p7_cp22,0.0060534022541105514
h_p7_cp23,1.6867452359292656e-06
h_p7_cp24,0.002467393466304202
h_p7_cp25,3.2200900932366494e-06
h_p7_cp26,0.0009126870986619906
h_p7_cp27,6.231273346202215e-06
h_p7_cp28,0.0003310102638351964
h_p7_cp29,1.1061591521865921e-05
h_p7_cp30,0.00019683242862811312
h_p7_cp31,1.7227307580469642e-05
h_p7_cp32,0.00039177751295937924
h_p7_cp33,2.2990552679402754e-05
h_p7_cp34,0.0012071826895407867
h_p7_cp35,2.5910107069648802e-05
h_p7_cp36,0.00362338492368508
h_p7_cp37,2.4552427476010052e-05
h_p7_cp38,0.009898111828533729
h_p7_cp39,1.97312169802899e-05
h_p7_cp40,0.024101465547119005
h_p7_cp41,1.3630489775096066e-05
h_p7_cp42,0.05122419473173068
h_p7_cp43,8.203996912925504e-06
h_p7_cp44,0.09247881966666682
h_p7_cp45,4.355332748673391e-06
h_p7_cp46,0.1367200157010302
h_p7_cp47,2.0620796021830756e-06
h_p7_cp48,0.15787314066483304
h_p7_cp49,8.794431778369471e-07
h_p7_cp50,0.13670360202968368
h_p7_cp51,3.408545126148965e-07
h_p7_cp52,0.0928709097979663
h_p7_cp53,1.2102464097552001e-07
h_p7_cp54,0.05314681388563258
h_p7_cp55,3.976765583502129e-08
h_p7_cp56,0.030136461633446743
h_p7_cp57,1.2427790352376178e-08
h_p7_cp58,0.025485386987384118
h_p7_cp59,4.0881786844693124e-09
h_p7_cp60,0.03854817017463574
h_p7_cp61,1.8085302144754678e-09
h_p7_cp62,0.06916090336108027
h_p7_cp63,1.2128111848141998e-09
h_p7_cp64,0.11336716066944064
h_p7_cp65,1.0090843716170639e-09
h_p7_cp66,0.15687639550560561
h_p7_cp67,9.013092494569719e-10
h_p7_cp68,0.17632954575833537
h_p7_cp69,8.096776582533494e-10
h_p7_cp70,0.15681698230787333
h_p7_cp71,6.646132533205673e-10
h_p7_cp72,0.11306907981315817
h_p7_cp73,4.738467396236956e-10
h_p7_cp74,0.0680480900175553
h_p7_cp75,3.0172486731316894e-10
h_p7_cp76,0.035047226086589944
h_p7_cp77,1.6052581486292183e-10
h_p7_cp78,0.015772519348729475
h_p7_cp79,2.0463630789890885e-12
h_p7_cp80,0.006310920662826902
h_p7_cp81,-1.7348611436318606e-10
h_p7_cp82,0.002277716858088752
h_p7_cp83,-3.119566827081144e-10
h_p7_cp84,0.006808925064433424
h_p7_cp85,0.005608192826457525
h_p7_cp86,0.016988678593406803
h_p7_cp87,0.012292514320506598
h_p7_cp88,0.037636184851635335
h_p7_cp89,0.023618138427309532
h_p7_cp90,0.07269418895884883
h_p7_cp91,0.03916005151313584
h_p7_cp92,0.11978620503941784
h_p7_cp93,0.05547631007084419
h_p7_cp94,0.16432773544738666
h_p7_cp95,0.06806609606246639
h_p7_cp96,0.1833658199425372
h_p7_cp97,0.07791099315772954
h_p7_cp98,0.16449178981247314
h_p7_cp99,0.09479534857473482
h_p7_cp100,0.1201554705480703
h_p7_cp101,0.122805652813895
h_p7_cp102,0.07331316710451574
h_p7_cp103,0.14053699060286817
h_p7_cp104,0.03848556100820133
h_p7_cp105,0.11512598470721969
h_p7_cp106,0.017936788230599632
h_p7_cp107,0.07931017503415205
h_p7_cp108,0.0076598012246904545
h_p7_cp109,0.058094401641028526
h_p7_cp110,0.0030838088537166186
h_p7_cp111,0.05647402721342587
h_p7_cp112,0.0011950056687055621
h_p7_cp113,0.07425263273989913
h_p7_cp114,0.00044994279414822813
h_p7_cp115,0.1088842321410084
h_p7_cp116,0.00016448998985651997
h_p7_cp117,0.1480548296760844
h_p7_cp118,5.84131371397234e-05
h_p7_cp119,0.16664270232195122
h_p7_cp120,2.1966159692965448e-05
h_p7_cp121,0.14507146316350372
h_p7_cp122,1.689412420091685e-05
h_p7_cp123,0.10142330288340418
h_p7_cp124,4.5179367134551285e-05
h_p7_cp125,0.059467387632139435
h_p7_cp126,0.00016678659903845983
h_p7_cp127,0.030145465450914344
h_p7_cp128,0.0006009634475958592
h_p7_cp129,0.013484660409631033
h_p7_cp130,0.0020311703883635346
h_p7_cp131,0.0054020689779008535
h_p7_cp132,0.006376426796123269
h_p7_cp133,0.0019610520594142145
h_p7_cp134,0.018422002793158754
h_p7_cp135,0.0006515575228149828
h_p7_cp136,0.04841868456924203
h_p7_cp137,0.00019997589765807788
h_p7_cp138,0.11403982972569793
h_p7_cp139,5.769980361947091e-05
h_p7_cp140,0.2359106064363914
h_p7_cp141,1.8023738675765344e-05
h_p7_cp142,0.4172439289172871
h_p7_cp143,1.4216433555702679e-05
h_p7_cp144,0.6087525080670275
h_p7_cp145,3.67229881703679e-05
h_p7_cp146,0.7002836587748789
h_p7_cp147,0.00011420668693062908
h_p7_cp148,0.6087525080615706
h_p7_cp149,0.00033202115946551203
h_p7_cp150,0.4172439289036447
h_p7_cp151,0.0008742140184949676
h_p7_cp152,0.23591060639955685
h_p7_cp153,0.002052415557727727
h_p7_cp154,0.11403982959836867
h_p7_cp155,0.004221784344281332
h_p7_cp156,0.04841868403582339
h_p7_cp157,0.00745266230433117
h_p7_cp158,0.018422000543978356
h_p7_cp159,0.011056784775746564
h_p7_cp160,0.006376417554292857
h_p7_cp161,0.013710077775385798
h_p7_cp162,0.0020311339503678028
h_p7_cp163,0.015083492294706957
h_p7_cp164,0.0006008263144394732
h_p7_cp165,0.017534798890665115
h_p7_cp166,0.00016629519768684986
h_p7_cp167,0.02388502263738701
h_p7_cp168,4.350571953182225e-05
h_p7_cp169,0.034530413022594075
h_p7_cp170,1.1479202839836944e-05
h_p7_cp171,0.04573663082760504
h_p7_cp172,5.2927980505046435e-06
h_p7_cp173,0.05065630721446723
h_p7_cp174,9.280262020183727e-06
h_p7_cp175,0.04494726588404774
h_p7_cp176,2.4590261091361754e-05
h_p7_cp177,0.0324738921729022
h_p7_cp178,6.071617326597334e-05
h_p7_cp179,0.01967711499150937
h_p7_cp180,0.00013014994237892097
h_p7_cp181,0.010266057520539107
h_p7_cp182,0.00023461594719265122
h_p7_cp183,0.004708701000026849
h_p7_cp184,0.0003434904870118771
h_p7_cp185,0.0019299603848139668
h_p7_cp186,0.0003932406907551922
h_p7_cp187,0.0007161791577345866
h_p7_cp188,0.00034347277869528625
h_p7_cp189,0.0002432031212720176
h_p7_cp190,0.00023457941870219656
h_p7_cp191,7.625604280292464e-05
h_p7_cp192,0.0001300940912187798
h_p7_cp193,2.2244959382078378e-05
h_p7_cp194,6.063429100322537e-05
h_p7_cp195,6.076651743569528e-06
h_p7_cp196,2.4419835426670033e-05
h_p7_cp197,1.563115802127868e-06
h_p7_cp198,8.686429737281287e-06
h_p7_cp199,3.8036091609683353e-07
h_p7_cp200,2.7767091523855925e-06
h_p7_cp201,8.778829396760557e-08
h_p7_cp202,8.088313734333497e-07
h_p7_cp203,1.9139633877784945e-08
h_p7_cp204,2.172328095184639e-07
h_p7_cp205,3.796003511524759e-09
h_p7_cp206,5.4428255680250004e-08
h_p7_cp207,5.172751116333529e-10
h_p7_cp208,1.2966211215825751e-08
h_p7_cp209,-1.5506884665228426e-10
h_p7_cp210,3.110017132712528e-09
h_p7_cp211,-2.878550731111318e-10
h_p8_cp0,0.004674756760778109
h_p8_cp1,3.837158146779984e-09
h_p8_cp2,0.010680103417143982
h_p8_cp3,1.1400061339372769e-08
h_p8_cp4,0.021769595013211074
h_p8_cp5,3.29305294144433e-08
h_p8_cp6,0.03899572016371167
h_p8_cp7,8.79467734193895e-08
h_p8_cp8,0.06034881968116679
h_p8_cp9,2.1250752979540266e-07
h_p8_cp10,0.07926339345749511
h_p8_cp11,4.578023435897194e-07
h_p8_cp12,0.0870093434868977
h_p8_cp13,8.675528988533188e-07
h_p8_cp14,0.07927702697725181
h_p8_cp15,1.4309975995274726e-06
h_p8_cp16,0.060373055109266716
h_p8_cp17,2.0588154256984126e-06
h_p8_cp18,0.03902499703917783
h_p8_cp19,2.6900061129708774e-06
h_p8_cp20,0.02179774826117864
h_p8_cp21,3.573633421183331e-06
h_p8_cp22,0.010703444999307976
h_p8_cp23,5.522504125110572e-06
h_p8_cp24,0.0046950674877734855
h_p8_cp25,9.841682185651734e-06
h_p8_cp26,0.001879556494714052
h_p8_cp27,1.789567613741383e-05
h_p8_cp28,0.0007523651033807255
h_p8_cp29,3.0234728910727426e-05
h_p8_cp30,0.0005008897715015337
h_p8_cp31,4.536493543128017e-05
h_p8_cp32,0.0009689979178801877
h_p8_cp33,5.909948094995343e-05
h_p8_cp34,0.002740896494287881
h_p8_cp35,6.602117764487048e-05
h_p8_cp36,0.007574544996714394
h_p8_cp37,6.302654219325632e-05
h_p8_cp38,0.01913423481346399
h_p8_cp39,5.173970930627547e-05
h_p8_cp40,0.043305128986503405
h_p8_cp41,3.6922575418429915e-05
h_p8_cp42,0.0861444347883662
h_p8_cp43,2.3168854568211827e-05
h_p8_cp44,0.14698190751050788
h_p8_cp45,1.2920840617880458e-05
h_p8_cp46,0.20834033763048865
h_p8_cp47,6.466213562816847e-06
h_p8_cp48,0.2361632744414237
h_p8_cp49,2.9295329113665503e-06
h_p8_cp50,0.208349169100984
h_p8_cp51,1.2111850082874298e-06
h_p8_cp52,0.1477942384722155
h_p8_cp53,4.6034665501792915e-07
h_p8_cp54,0.08974201252794956
h_p8_cp55,1.620555849513039e-07
h_p8_cp56,0.05387150472870417
h_p8_cp57,5.342326403479092e-08
h_p8_cp58,0.04471073174408957
h_p8_cp59,1.6974809113889933e-08
h_p8_cp60,0.061423154949352465
h_p8_cp61,5.698439053958282e-09
h_p8_cp62,0.10194516978253887
h_p8_cp63,2.4851942725945264e-09
h_p8_cp64,0.15906619910310837
h_p8_cp65,1.6398189472965896e-09
h_p8_cp66,0.21399063182889222
h_p8_cp67,1.4169927453622222e-09
h_p8_cp68,0.23822497636933804
h_p8_cp69,1.2980763131054118e-09
h_p8_cp70,0.2138420389253497
h_p8_cp71,1.1116298992419615e-09
h_p8_cp72,0.15835947924438187
h_p8_cp73,8.503775461576879e-10
h_p8_cp74,0.0994701068195809
h_p8_cp75,5.750280251959339e-10
h_p8_cp76,0.05417200553551993
h_p8_cp77,3.2605385058559477e-10
h_p8_cp78,0.026023493939419495
h_p8_cp79,9.43600753089413e-11
h_p8_cp80,0.011184698307488361
h_p8_cp81,-1.141415850725025e-10
h_p8_cp82,0.00435299959576696
h_p8_cp83,-2.767137630144134e-10
h_p8_cp84,0.011970608501997049
h_p8_cp85,0.010001715033467917
h_p8_cp86,0.027695977816165396
h_p8_cp87,0.02059238435640509
h_p8_cp88,0.057132380773509794
h_p8_cp89,0.03756000707221574
h_p8_cp90,0.10345321869317559
h_p8_cp91,0.060117613808415626
h_p8_cp92,0.1615506987527624
h_p8_cp93,0.08434685369024919
h_p8_cp94,0.21353509817436134
h_p8_cp95,0.10622026486385039
h_p8_cp96,0.23504796798079042
h_p8_cp97,0.12904636823395776
h_p8_cp98,0.2138645502395775
h_p8_cp99,0.16535275533692584
h_p8_cp100,0.16227184293120445
h_p8_cp101,0.21578569551707005
h_p8_cp102,0.1046246646956206
h_p8_cp103,0.2443639988700852
h_p8_cp104,0.058701246692180575
h_p8_cp105,0.2047560196590439
h_p8_cp106,0.029430722722281644
h_p8_cp107,0.14373414174679056
h_p8_cp108,0.013543598379783361
h_p8_cp109,0.10233877006180592
h_p8_cp110,0.005859458202394308
h_p8_cp111,0.09118732707770505
h_p8_cp112,0.0024256162510027934
h_p8_cp113,0.10869047916094132
h_p8_cp114,0.0009694423970358912
h_p8_cp115,0.1485772166317929
h_p8_cp116,0.00037467197398655117
h_p8_cp117,0.193987435631243
h_p8_cp118,0.00014079031598157599
h_p8_cp119,0.21504340395563304
h_p8_cp120,5.6672224673093297e-05
h_p8_cp121,0.18833063372198922
h_p8_cp122,4.53546908829594e-05
h_p8_cp123,0.13483143507323803
h_p8_cp124,0.00011314203356960206
h_p8_cp125,0.08197320980593759
h_p8_cp126,0.00038614883760601515
h_p8_cp127,0.043514542611319484
h_p8_cp128,0.0012928038731843117
h_p8_cp129,0.020559411869044197
h_p8_cp130,0.0040661594725861505
h_p8_cp131,0.008764116584643489
h_p8_cp132,0.011889813854850217
h_p8_cp133,0.0034057414045491896
h_p8_cp134,0.03203078345177346
h_p8_cp135,0.0012168089920123748
h_p8_cp136,0.07863062739670568
h_p8_cp137,0.00040312051828550466
h_p8_cp138,0.17347838141722605
h_p8_cp139,0.00012661415416914679
h_p8_cp140,0.33799246375428993
h_p8_cp141,4.51360926945199e-05
h_p8_cp142,0.5685885451180184
h_p8_cp143,4.158135334364488e-05
h_p8_cp144,0.8018356810152909
h_p8_cp145,0.00010418837860015628
h_p8_cp146,0.9113788727281644
h_p8_cp147,0.00030127537092994316
h_p8_cp148,0.8018356810034675
h_p8_cp149,0.0008158473740422778
h_p8_cp150,0.5685885450766364
h_p8_cp151,0.002009129392945397
h_p8_cp152,0.3379924636033138
h_p8_cp153,0.004435045410446037
h_p8_cp154,0.17347838081332156
h_p8_cp155,0.008638564805323767
h_p8_cp156,0.07863062499154694
h_p8_cp157,0.014580476752826144
h_p8_cp158,0.03203077409762045
h_p8_cp159,0.02096113467177929
h_p8_cp160,0.011889778885688429
h_p8_cp161,0.02561089501114111
h_p8_cp162,0.0040660339604983164
h_p8_cp163,0.02802192152216776
h_p8_cp164,0.0012923717422381742
h_p8_cp165,0.031599496932358306
h_p8_cp166,0.00038472314281534636
h_p8_cp167,0.040427734917557245
h_p8_cp168,0.00010863844681807677
h_p8_cp169,0.05499195013976532
h_p8_cp170,3.173198820149992e-05
h_p8_cp171,0.06999245290808176
h_p8_cp172,1.7126018974522594e-05
h_p8_cp173,0.07625696550394423
h_p8_cp174,3.0037246688152663e-05
h_p8_cp175,0.06821713171939336
h_p8_cp176,7.31341037862876e-05
h_p8_cp177,0.05056915695013231
h_p8_cp178,0.00016592417978245066
h_p8_cp179,0.031829876199935825
h_p8_cp180,0.00032905413490880164
h_p8_cp181,0.017412347656090787
h_p8_cp182,0.0005549413858716434
h_p8_cp183,0.00843594552156901
h_p8_cp184,0.0007742672141830553
h_p8_cp185,0.0036735739818141155
h_p8_cp186,0.0008696336985849484
h_p8_cp187,0.0014549050624736992
h_p8_cp188,0.000774198432736739
h_p8_cp189,0.0005291044994919503
h_p8_cp190,0.0005548029721467174
h_p8_cp191,0.00017811244265431014
h_p8_cp192,0.00032884732263482874
h_p8_cp193,5.5880900617921725e-05
h_p8_cp194,0.0001656263361837773
h_p8_cp195,1.643678183427255e-05
h_p8_cp196,7.254545562318526e-05
h_p8_cp197,4.55608847005351e-06
h_p8_cp198,2.8165599360363558e-05
h_p8_cp199,1.1954391538893105e-06
h_p8_cp200,9.844774922385113e-06
h_p8_cp201,2.9798229661537334e-07
h_p8_cp202,3.1376011975225993e-06
h_p8_cp203,7.068138074828312e-08
h_p8_cp204,9.214886631525587e-07
h_p8_cp205,1.586249709362164e-08
h_p8_cp206,2.516958375053946e-07
h_p8_cp207,3.228478817618452e-09
h_p8_cp208,6.453910827985965e-08
h_p8_cp209,4.37012204201892e-10
h_p8_cp210,1.5771092876093462e-08
h_p8_cp211,-1.5575096767861396e-10
h_p9_cp0,0.007947262856305315
h_p9_cp1,1.6538706404389814e-08
h_p9_cp2,0.017034486581906094
h_p9_cp3,4.8241872718790546e-08
h_p9_cp4,0.03272567079466171
h_p9_cp5,1.3129329090588726e-07
h_p9_cp6,0.055632882649206294
h_p9_cp7,3.2767366064945236e-07
h_p9_cp8,0.08253702640286065
h_p9_cp9,7.409144018311054e-07
h_p9_cp10,0.10540971818409162
h_p9_cp11,1.5008540685812477e-06
h_p9_cp12,0.11457834262091637
h_p9_cp13,2.695163402677281e-06
h_p9_cp14,0.10543738834121541
h_p9_cp15,4.262467882654164e-06
h_p9_cp16,0.08258621156983281
h_p9_cp17,5.978539320494747e-06
h_p9_cp18,0.05569264473979274
h_p9_cp19,7.752421879558824e-06
h_p9_cp20,0.0327842142614827
h_p9_cp21,1.02481581052416e-05
h_p9_cp22,0.0170851597094952
h_p9_cp23,1.536340778329759e-05
h_p9_cp24,0.007995450750513555
h_p9_cp25,2.5969749458454316e-05
h_p9_cp26,0.0034382845824438846
h_p9_cp27,4.4798216094932286e-05
h_p9_cp28,0.0015088298837326874
h_p9_cp29,7.248756446642801e-05
h_p9_cp30,0.0011054876208618225
h_p9_cp31,0.00010528859729674878
h_p9_cp32,0.002077903183817398
h_p9_cp33,0.00013432257537715486
h_p9_cp34,0.005452839684039645
h_p9_cp35,0.00014883767698847805
h_p9_cp36,0.014023268705841474
h_p9_cp37,0.00014280846244218992
h_p9_cp38,0.033106453309756034
h_p9_cp39,0.00011921017949134693
h_p9_cp40,0.0703379464957834
h_p9_cp41,8.734604762139497e-05
h_p9_cp42,0.13210043789695192
h_p9_cp43,5.673214445778285e-05
h_p9_cp44,0.21451556234251257
h_p9_cp45,3.29727749885933e-05
h_p9_cp46,0.29307365421300346
h_p9_cp47,1.7296107216679957e-05
h_p9_cp48,0.32708746644175335
h_p9_cp49,8.252655334217707e-06
h_p9_cp50,0.29315129113501825
h_p9_cp51,3.6073274713999126e-06
h_p9_cp52,0.21599959576997207
h_p9_cp53,1.4540501069859602e-06
h_p9_cp54,0.13814825238841877
h_p9_cp55,5.439087544800714e-07
h_p9_cp56,0.08715410932791201
h_p9_cp57,1.902058102132287e-07
h_p9_cp58,0.07175120497777243
h_p9_cp59,6.30525391898118e-08
h_p9_cp60,0.09153393681617672
h_p9_cp61,2.0669631339842454e-08
h_p9_cp62,0.14245106090083937
h_p9_cp63,7.65476215747185e-09
h_p9_cp64,0.21358107456626385
h_p9_cp65,4.0754457586444914e-09
h_p9_cp66,0.280810984666914
h_p9_cp67,3.2309799280483276e-09
h_p9_cp68,0.3099131300245972
h_p9_cp69,2.964952727779746e-09
h_p9_cp70,0.2804879703589904
h_p9_cp71,2.6243469619657844e-09
h_p9_cp72,0.21212607093889346
h_p9_cp73,2.1043433662271127e-09
h_p9_cp74,0.13763485692084032
h_p9_cp75,1.5033947420306504e-09
h_p9_cp76,0.0782532291195821
h_p9_cp77,9.351879270980135e-10
h_p9_cp78,0.03960118956592851
h_p9_cp79,4.574758349917829e-10
h_p9_cp80,0.0180557822134233
h_p9_cp81,8.981260180007666e-11
h_p9_cp82,0.0074920315562394535
h_p9_cp83,-1.6939338820520788e-10
h_p9_cp84,0.01899583866725152
h_p9_cp85,0.01625377571599529
h_p9_cp86,0.04114531269715371
h_p9_cp87,0.031840408988045965
h_p9_cp88,0.07982880865074549
h_p9_cp89,0.05587700733985912
h_p9_cp90,0.13692709552060478
h_p9_cp91,0.08742544446590728
h_p9_cp92,0.20472069029847262
h_p9_cp93,0.12255333798202628
h_p9_cp94,0.2630453836527522
h_p9_cp95,0.15838031695420796
h_p9_cp96,0.2868954948444298
h_p9_cp97,0.2011225274111439
h_p9_cp98,0.2636463433050267
h_p9_cp99,0.2652065963093264
h_p9_cp100,0.20600636509198011
h_p9_cp101,0.34489820153271467
h_p9_cp102,0.13896159848445677
h_p9_cp103,0.38629841818760724
h_p9_cp104,0.0824985925605688
h_p9_cp105,0.3296641522435948
h_p9_cp106,0.04407463198003825
h_p9_cp107,0.23604006040886816
h_p9_cp108,0.021675548579423776
h_p9_cp109,0.1660923762319726
h_p9_cp110,0.010012213676418469
h_p9_cp111,0.13909190811841654
h_p9_cp112,0.004408387138028047
h_p9_cp113,0.15292160523290477
h_p9_cp114,0.0018650454062481003
h_p9_cp115,0.19716635466397747
h_p9_cp116,0.0007603127919537656
h_p9_cp117,0.2498077230607123
h_p9_cp118,0.00030153589523251867
h_p9_cp119,0.27418635696767524
h_p9_cp120,0.00012932922118125134
h_p9_cp121,0.2401962428891693
h_p9_cp122,0.00010702132476581028
h_p9_cp123,0.174193127429362
h_p9_cp124,0.0002506177720533742
h_p9_cp125,0.10864968219880211
h_p9_cp126,0.0007960889788591885
h_p9_cp127,0.0597928671425052
h_p9_cp128,0.002492869758498273
h_p9_cp129,0.02953251335884488
h_p9_cp130,0.0073452189562885906
h_p9_cp131,0.013250393948055716
h_p9_cp132,0.02014291343766672
h_p9_cp133,0.0054500920514328755
h_p9_cp134,0.0509713276533148
h_p9_cp135,0.0020706005143438233
h_p9_cp136,0.11784658268743442
h_p9_cp137,0.000732727731929117
h_p9_cp138,0.245971005836509
h_p9_cp139,0.0002485443253590347
h_p9_cp140,0.45662333784321163
h_p9_cp141,0.00010052822995021415
h_p9_cp142,0.7395076511720617
h_p9_cp143,0.00010482102629794099
h_p9_cp144,1.0172237528458936
h_p9_cp145,0.00025444240782235283
h_p9_cp146,1.144990562557723
h_p9_cp147,0.0006910049485213676
h_p9_cp148,1.0172237528017831
h_p9_cp149,0.0017608997732168064
h_p9_cp150,0.739507650991527
h_p9_cp151,0.004096471349157582
h_p9_cp152,0.45662333714790293
h_p9_cp153,0.00858305051951902
h_p9_cp154,0.24597100321807375
h_p9_cp155,0.015966495828024563
h_p9_cp156,0.11784657311773117
h_p9_cp157,0.025952391652708684
h_p9_cp158,0.05097129399655387
h_p9_cp159,0.03634026005715896
h_p9_cp160,0.020142799396580813
h_p9_cp161,0.043852570213630315
h_p9_cp162,0.0073448463340355374
h_p9_cp163,0.04775487714778137
h_p9_cp164,0.0024916942384152208
h_p9_cp165,0.05263224980217274
h_p9_cp166,0.0007925056934254826
h_p9_cp167,0.06403960974421352
h_p9_cp168,0.00024006101102713728
h_p9_cp169,0.0826053060875438
h_p9_cp170,7.695051908740425e-05
h_p9_cp171,0.1013419979851733
h_p9_cp172,4.6378537717828294e-05
h_p9_cp173,0.10868285287506296
h_p9_cp174,7.917771245047334e-05
h_p9_cp175,0.09779993048618962
h_p9_cp176,0.00017860014122561552
h_p9_cp177,0.07409368394269222
h_p9_cp178,0.00037686068753828295
h_p9_cp179,0.0481766578202496
h_p9_cp180,0.0007004529106779955
h_p9_cp181,0.027436940673169374
h_p9_cp182,0.0011194176199751382
h_p9_cp183,0.013923457442160725
h_p9_cp184,0.0015045454529172275
h_p9_cp185,0.00638303063760759
h_p9_cp186,0.0016661837325955275
h_p9_cp187,0.0026724447320702893
h_p9_cp188,0.0015043308721942594
h_p9_cp189,0.0010309186250196944
h_p9_cp190,0.001118992679494113
h_p9_cp191,0.000369108073073221
h_p9_cp192,0.000699826036907325
h_p9_cp193,0.0001234232388469536
h_p9_cp194,0.0003759629548767407
h_p9_cp195,3.8751808233428164e-05
h_p9_cp196,0.00017687937906885054
h_p9_cp197,1.1478587566671195e-05
h_p9_cp198,7.408595683955355e-05
h_p9_cp199,3.2210220979322912e-06
h_p9_cp200,2.800999573082663e-05
h_p9_cp201,8.593638085585553e-07
h_p9_cp202,9.669873634265969e-06
h_p9_cp203,2.186018264183076e-07
h_p9_cp204,3.0780529414187185e-06
h_p9_cp205,5.30492343386868e-08
h_p9_cp206,9.109226084547117e-07
h_p9_cp207,1.2179725672467612e-08
h_p9_cp208,2.524989213270601e-07
h_p9_cp209,2.5106601242441684e-09
h_p9_cp210,6.607297109439969e-08
h_p9_cp211,3.119566827081144e-10
h_p10_cp0,0.012379972695725883
h_p10_cp1,6.054233381291851e-08
h_p10_cp2,0.02509303303577326
h_p10_cp3,1.6726562535041012e-07
h_p10_cp4,0.04581143979294211
h_p10_cp5,4.281473593437113e-07
h_p10_cp6,0.07453405995602225
h_p10_cp7,1.0052372090285644e-06
h_p10_cp8,0.10687612063929919
h_p10_cp9,2.1449541236506775e-06
h_p10_cp10,0.13361062597141427
h_p10_cp11,4.121713118365733e-06
h_p10_cp12,0.1442284489398844
h_p10_cp13,7.076449946907815e-06
h_p10_cp14,0.13366214988172942
h_p10_cp15,1.0822572221513838e-05
h_p10_cp16,0.1069678184417171
h_p10_cp17,1.4906137039361056e-05
h_p10_cp18,0.07464623921168823
h_p10_cp19,1.9279541447758675e-05
h_p10_cp20,0.04592342376827219
h_p10_cp21,2.5488871415291214e-05
h_p10_cp22,0.02519418364909143
h_p10_cp23,3.745128196896985e-05
h_p10_cp24,0.012484002342716849
h_p10_cp25,6.075531109672738e-05
h_p10_cp26,0.005730366367515671
h_p10_cp27,0.0001002432259156194
h_p10_cp28,0.0027402168270782568
h_p10_cp29,0.00015619595205862424
h_p10_cp30,0.0021798818479510373
h_p10_cp31,0.00022049481185604236
h_p10_cp32,0.00398668874595387
h_p10_cp33,0.00027615318504103925
h_p10_cp34,0.009788231210222875
h_p10_cp35,0.00030369226487891865
h_p10_cp36,0.023610762144016917
h_p10_cp37,0.0002924162363342475
h_p10_cp38,0.052478885477285075
h_p10_cp39,0.0002474041048117215
h_p10_cp40,0.10536840415352344
h_p10_cp41,0.0001852868886089709
h_p10_cp42,0.18793382939793446
h_p10_cp43,0.00012389059156703297
h_p10_cp44,0.2919675686971459
h_p10_cp45,7.458119671355234e-05
h_p10_cp46,0.3862186728811139
h_p10_cp47,4.073506261192961e-05
h_p10_cp48,0.42551939123859484
h_p10_cp49,2.0328132904978702e-05
h_p10_cp50,0.3864320517895976
h_p10_cp51,9.328045507572824e-06
h_p10_cp52,0.29443586983234127
h_p10_cp53,3.959191872127121e-06
h_p10_cp54,0.19731988405283118
h_p10_cp55,1.5630944290023763e-06
h_p10_cp56,0.1303160234056122
h_p10_cp57,5.775564204668626e-07
h_p10_cp58,0.10747497934926287
h_p10_cp59,2.0176366888335906e-07
h_p10_cp60,0.12975198750018535
h_p10_cp61,6.858317647129297e-08
h_p10_cp62,0.19125444246674306
h_p10_cp63,2.4961082090158015e-08
h_p10_cp64,0.27682589748519604
h_p10_cp65,1.208036337629892e-08
h_p10_cp66,0.35642830541883086
h_p10_cp67,8.793449524091557e-09
h_p10_cp68,0.3903090774551856
h_p10_cp69,7.874405127950013e-09
h_p10_cp70,0.35580133600115005
h_p10_cp71,7.032440407783724e-09
h_p10_cp72,0.27414394403308506
h_p10_cp73,5.778247214038856e-09
h_p10_cp74,0.18281110130305933
h_p10_cp75,4.2743977246573195e-09
h_p10_cp76,0.10766464203106807
h_p10_cp77,2.8201156965224072e-09
h_p10_cp78,0.05685202026529623
h_p10_cp79,1.622538547962904e-09
h_p10_cp80,0.027220790670526185
h_p10_cp81,7.516973710153252e-10
h_p10_cp82,0.011923041281534097
h_p10_cp83,1.7894308257382363e-10
h_p10_cp84,0.027844051808187942
h_p10_cp85,0.024676033874129644
h_p10_cp86,0.05694975702408556
h_p10_cp87,0.04647724380129148
h_p10_cp88,0.10489152443324201
h_p10_cp89,0.0792510919002325
h_p10_cp90,0.17215038281165107
h_p10_cp91,0.12217199178780902
h_p10_cp92,0.24903949017016203
h_p10_cp93,0.17179488419310474
h_p10_cp94,0.3140195116384348
h_p10_cp95,0.22707624423560446
h_p10_cp96,0.34087102073362985
h_p10_cp97,0.2972889352565744
h_p10_cp98,0.3150317540330434
h_p10_cp99,0.39710989679451814
h_p10_cp100,0.25116384932016445
h_p10_cp101,0.5113882920090873
h_p10_cp102,0.17543821969229612
h_p10_cp103,0.5667000831122095
h_p10_cp104,0.10913216220978939
h_p10_cp105,0.4910712412151952
h_p10_cp106,0.061573096766551316
h_p10_cp107,0.35905036718554584
h_p10_cp108,0.03210615774605685
h_p10_cp109,0.2527588111163368
h_p10_cp110,0.01573103086957417
h_p10_cp111,0.20320901374952882
h_p10_cp112,0.0073312038357471465
h_p10_cp113,0.2096310862559676
h_p10_cp114,0.0032720336453166965
h_p10_cp115,0.2576016865175461
h_p10_cp116,0.0014035004815013963
h_p10_cp117,0.3182301681156332
h_p10_cp118,0.0005861742820343352
h_p10_cp119,0.3453460774949235
h_p10_cp120,0.0002669098598744313
h_p10_cp121,0.3030994133846434
h_p10_cp122,0.00022729183183400892
h_p10_cp123,0.2217132164762461
h_p10_cp124,0.0005022637201363978
h_p10_cp125,0.1406463339601487
h_p10_cp126,0.0014931169557712565
h_p10_cp127,0.0794553750522482
h_p10_cp128,0.0043979380461678375
h_p10_cp129,0.04063008958496539
h_p10_cp130,0.012213892176532681
h_p10_cp131,0.019007911433163827
h_p10_cp132,0.03162220938202154
h_p10_cp133,0.008199210163184034
h_p10_cp134,0.07572635964743313
h_p10_cp135,0.0032825156031321967
h_p10_cp136,0.16628724475503986
h_p10_cp137,0.0012302932791499188
h_p10_cp138,0.3313792497083341
h_p10_cp139,0.00044795001235797827
h_p10_cp140,0.5915025067256465
h_p10_cp141,0.0002042440112290933
h_p10_cp142,0.9290530792504796
h_p10_cp143,0.00023495620530411543
h_p10_cp144,1.2517826474595495
h_p10_cp145,0.0005527153728053236
h_p10_cp146,1.3972189183787123
h_p10_cp147,0.0014207348986019497
h_p10_cp148,1.2517826472580964
h_p10_cp149,0.0034331965644014417
h_p10_cp150,0.929053078450579
h_p10_cp151,0.007599750906820191
h_p10_cp152,0.5915025038370914
h_p10_cp153,0.015214922633049355
h_p10_cp154,0.3313792396875215
h_p10_cp155,0.027190401551251853
h_p10_cp156,0.16628721140796188
h_p10_cp157,0.042768395702523776
h_p10_cp158,0.0757262529732543
h_p10_cp159,0.05853346459389286
h_p10_cp160,0.03162188049145698
h_p10_cp161,0.0698813771236928
h_p10_cp162,0.012212910770813323
h_p10_cp163,0.07582735351411429
h_p10_cp164,0.004395091760670766
h_p10_cp165,0.08215994489728473
h_p10_cp166,0.0014850678708171472
h_p10_cp167,0.09601074032048018
h_p10_cp168,0.0004800321239599725
h_p10_cp169,0.11826339003323483
h_p10_cp170,0.0001672987500569434
h_p10_cp171,0.14033213249376786
h_p10_cp172,0.00010872627444769023
h_p10_cp173,0.1482927582198954
h_p10_cp174,0.00017844973808678333
h_p10_cp175,0.1339034980244378
h_p10_cp176,0.0003759071205422515
h_p10_cp177,0.10327201616291859
h_p10_cp178,0.000745352350804751
h_p10_cp179,0.06905680452859997
h_p10_cp180,0.0013121810056873073
h_p10_cp181,0.04073616428240712
h_p10_cp182,0.0020069000029252493
h_p10_cp183,0.021527346820221283
h_p10_cp184,0.002618354754304164
h_p10_cp185,0.010321422364086175
h_p10_cp186,0.0028681393255283183
h_p10_cp187,0.004535882769005184
h_p10_cp188,0.0026177871204708936
h_p10_cp189,0.0018422606533476937
h_p10_cp190,0.002005786845984403
h_p10_cp191,0.000696261168059209
h_p10_cp192,0.0013105482235005184
h_p10_cp193,0.00024627793118270347
h_p10_cp194,0.0007430110922541644
h_p10_cp195,8.19340268662927e-05
h_p10_cp196,0.00037150496336835204
h_p10_cp197,2.5749861833901377e-05
h_p10_cp198,0.00016616593484286568
h_p10_cp199,7.674126436540973e-06
h_p10_cp200,6.73014337735367e-05
h_p10_cp201,2.1762562028015964e-06
h_p10_cp202,2.4941649371612584e-05
h_p10_cp203,5.889719432161655e-07
h_p10_cp204,8.532927040505456e-06
h_p10_cp205,1.5243267625919543e-07
h_p10_cp206,2.715538357733749e-06
h_p10_cp207,3.7701283872593194e-08
h_p10_cp208,8.092738426057622e-07
h_p10_cp209,8.803226592135616e-09
h_p10_cp210,2.272449819429312e-07
h_p10_cp211,1.808757588150911e-09
h_p11_cp0,0.018002567804160208
h_p11_cp1,1.881121534097474e-07
h_p11_cp2,0.034760621428631566
h_p11_cp3,4.912994882033672e-07
h_p11_cp4,0.06078520800474507
h_p11_cp5,1.188530404760968e-06
h_p11_cp6,0.09543902490440814
h_p11_cp7,2.6428601813677233e-06
h_p11_cp8,0.13335119028533882
h_p11_cp9,5.360484919947339e-06
h_p11_cp10,0.16424825890635475
h_p11_cp11,9.844592113950057e-06
h_p11_cp12,0.17652698466872607
h_p11_cp13,1.627952178751002e-05
h_p11_cp14,0.1643375027933871
h_p11_cp15,2.4242187464551535e-05
h_p11_cp16,0.13351036650146852
h_p11_cp17,3.2966011076496216e-05
h_p11_cp18,0.09563526779720632
h_p11_cp19,4.266375981387682e-05
h_p11_cp20,0.0609849524139463
h_p11_cp21,5.6547951317043044e-05
h_p11_cp22,0.03494878272522328
h_p11_cp23,8.19260158095858e-05
h_p11_cp24,0.018209667364317283
h_p11_cp25,0.0001286261658606236
h_p11_cp26,0.008871822381024685
h_p11_cp27,0.00020437582816157374
h_p11_cp28,0.0045966058055455505
h_p11_cp29,0.0003081046352235717
h_p11_cp30,0.003924912972252059
h_p11_cp31,0.00042409936077092425
h_p11_cp32,0.006994485986069776
h_p11_cp33,0.0005225030836299993
h_p11_cp34,0.01617342420240675
h_p11_cp35,0.0005706088950319099
h_p11_cp36,0.03680805484191296
h_p11_cp37,0.0005507925939127745
h_p11_cp38,0.07744701404226362
h_p11_cp39,0.0004712151467174408
h_p11_cp40,0.14770810991694816
h_p11_cp41,0.00035950182518718066
h_p11_cp42,0.2514212939136087
h_p11_cp43,0.0002464255776430946
h_p11_cp44,0.375473735363812
h_p11_cp45,0.00015291227464331314
h_p11_cp46,0.48299470213532913
h_p11_cp47,8.649984056319227e-05
h_p11_cp48,0.5265446617127054
h_p11_cp49,4.48923319709138e-05
h_p11_cp50,0.4834385178087359
h_p11_cp51,2.1499516606127145e-05
h_p11_cp52,0.37930131371012976
h_p11_cp53,9.552127266942989e-06
h_p11_cp54,0.2651357308277511
h_p11_cp55,3.957258286391152e-06
h_p11_cp56,0.18280253655666456
h_p11_cp57,1.537145180918742e-06
h_p11_cp58,0.15220624144239991
h_p11_cp59,5.648244041367434e-07
h_p11_cp60,0.17656882128130746
h_p11_cp61,2.0107927412027493e-07
h_p11_cp62,0.24850843786953192
h_p11_cp63,7.492553777410649e-08
h_p11_cp64,0.3484910440997737
h_p11_cp65,3.512059265631251e-08
h_p11_cp66,0.44054896788520637
h_p11_cp67,2.4005657905945554e-08
h_p11_cp68,0.4794381376700585
h_p11_cp69,2.0775360098923557e-08
h_p11_cp70,0.43944046677165716
h_p11_cp71,1.8477521734894253e-08
h_p11_cp72,0.34397119666164144
h_p11_cp73,1.5366595107479952e-08
h_p11_cp74,0.2349063734682204
h_p11_cp75,1.1628571883193217e-08
h_p11_cp76,0.14261224020287955
h_p11_cp77,7.954895409056917e-09
h_p11_cp78,0.07808217296360453
h_p11_cp79,4.8949004849419e-09
h_p11_cp80,0.03897084996765443
h_p11_cp81,2.6655015972210094e-09
h_p11_cp82,0.01787708827964707
h_p11_cp83,1.2123564374633133e-09
h_p11_cp84,0.03839050321494142
h_p11_cp85,0.03558786104667888
h_p11_cp86,0.0747760932968049
h_p11_cp87,0.06495146357133308
h_p11_cp88,0.13200549314251475
h_p11_cp89,0.10833577407402117
h_p11_cp90,0.20954827731657133
h_p11_cp91,0.1653430277976895
h_p11_cp92,0.29662151486036237
h_p11_cp93,0.23356465552228656
h_p11_cp94,0.37042090436625585
h_p11_cp95,0.31426505099079804
h_p11_cp96,0.40158438081653003
h_p11_cp97,0.4192381564821517
h_p11_cp98,0.37201449665508335
h_p11_cp99,0.561472194033513
h_p11_cp100,0.2999120500303434
h_p11_cp101,0.7139832272873718
h_p11_cp102,0.21454555944637832
h_p11_cp103,0.7836897228735324
h_p11_cp104,0.1383571352389481
h_p11_cp105,0.6879572349530463
h_p11_cp106,0.08166480480758764
h_p11_cp107,0.5136864207156577
h_p11_cp108,0.04478465495594719
h_p11_cp109,0.3647665872676953
h_p11_cp110,0.023120590007238206
h_p11_cp111,0.28645357664322546
h_p11_cp112,0.011345282347065222
h_p11_cp113,0.28134164256130134
h_p11_cp114,0.005321223908140382
h_p11_cp115,0.3308811721346956
h_p11_cp116,0.002394816915057163
h_p11_cp117,0.3973747570030355
h_p11_cp118,0.0010509786675356736
h_p11_cp119,0.4250114243252483
h_p11_cp120,0.0005064253923592332
h_p11_cp121,0.3747777129383394
h_p11_cp122,0.0004422258284648706
h_p11_cp123,0.27744900619882173
h_p11_cp124,0.0009266255137845292
h_p11_cp125,0.178799176807388
h_p11_cp126,0.0025908867041835038
h_p11_cp127,0.10314002012773926
h_p11_cp128,0.007216076493023138
h_p11_cp129,0.054199917118467056
h_p11_cp130,0.01899909532721722
h_p11_cp131,0.026226661623240943
h_p11_cp132,0.04673815592786923
h_p11_cp133,0.01176931818167759
h_p11_cp134,0.10665901235051933
h_p11_cp135,0.004926697610017072
h_p11_cp136,0.2240777748174878
h_p11_cp137,0.0019420446913045453
h_p11_cp138,0.4293957916411273
h_p11_cp139,0.0007553726038622699
h_p11_cp140,0.7415081197509608
h_p11_cp141,0.0003854163783216791
h_p11_cp142,1.1345134335915645
h_p11_cp143,0.0004788800258666015
h_p11_cp144,1.5009352410729662
h_p11_cp145,0.0010925334061084868
h_p11_cp146,1.6625804596219496
h_p11_cp147,0.002673846129937374
h_p11_cp148,1.5009352402348668
h_p11_cp149,0.006162034485896584
h_p11_cp150,1.134513430451534
h_p11_cp151,0.013047502135805189
h_p11_cp152,0.7415081092076434
h_p11_cp153,0.025077099342752263
h_p11_cp154,0.42939575795253404
h_p11_cp155,0.04322789580714925
h_p11_cp156,0.2240776718563211
h_p11_cp157,0.0660177177528567
h_p11_cp158,0.1066587105265171
h_p11_cp159,0.08853128397595356
h_p11_cp160,0.04673730301465184
h_p11_cp161,0.10472482970521924
h_p11_cp162,0.01899675649610799
h_p11_cp163,0.11337402026151722
h_p11_cp164,0.007209807174604066
h_p11_cp165,0.1213893509668651
h_p11_cp166,0.002574356934928801
h_p11_cp167,0.13748035693561178
h_p11_cp168,0.0008836103911562532
h_p11_cp169,0.16297255713038794
h_p11_cp170,0.0003317288746984559
h_p11_cp171,0.18789414299590135
h_p11_cp172,0.00022682486633129884
h_p11_cp173,0.19590527463151375
h_p11_cp174,0.0003561811672625481
h_p11_cp175,0.1771017817648044
h_p11_cp176,0.0007056516146803915
h_p11_cp177,0.1384449031074837
h_p11_cp178,0.0013258190638225642
h_p11_cp179,0.09474724107712973
h_p11_cp180,0.002229110232747189
h_p11_cp181,0.05761358376435055
h_p11_cp182,0.0032867089589672105
h_p11_cp183,0.03155157536184561
h_p11_cp184,0.004184937900845398
h_p11_cp185,0.01574050255135262
h_p11_cp186,0.004544023239304806
h_p11_cp187,0.007221248077257769
h_p11_cp188,0.00418361458741856
h_p11_cp189,0.0030702083854521334
h_p11_cp190,0.003284127932147385
h_p11_cp191,0.0012175182625924208
h_p11_cp192,0.0022253282445490186
h_p11_cp193,0.0004527766052433435
h_p11_cp194,0.0013203697781136725
h_p11_cp195,0.00015863786211411934
h_p11_cp196,0.0006955449207453057
h_p11_cp197,5.257759084997815e-05
h_p11_cp198,0.0003293567442597123
h_p11_cp199,1.6543230231036432e-05
h_p11_cp200,0.00014171530801831977
h_p11_cp201,4.957400960847735e-06
h_p11_cp202,5.592908837570576e-05
h_p11_cp203,1.4188449313223828e-06
h_p11_cp204,2.0409911030583316e-05
h_p11_cp205,3.8877033148310147e-07
h_p11_cp206,6.935456440260168e-06
h_p11_cp207,1.021176103677135e-07
h_p11_cp208,2.2080430426285602e-06
h_p11_cp209,2.565161594247911e-08
h_p11_cp210,6.622535693168174e-07
h_p11_cp211,6.0508682508952916e-09
h_p12_cp0,0.024811070152736647
h_p12_cp1,5.081406015960965e-07
h_p12_cp2,0.045971981490765756
h_p12_cp3,1.2593677638506051e-06
h_p12_cp4,0.07761826887599454
h_p12_cp5,2.895252237067325e-06
h_p12_cp6,0.1185992545561021
h_p12_cp7,6.13452084508026e-06
h_p12_cp8,0.162748331158582
h_p12_cp9,1.1902389360329835e-05
h_p12_cp10,0.19863059423096274
h_p12_cp11,2.1024411580583546e-05
h_p12_cp12,0.212969737950516
h_p12_cp13,3.3693595014483435e-05
h_p12_cp14,0.19877590675196188
h_p12_cp15,4.9122609198093414e-05
h_p12_cp16,0.16300828747716878
h_p12_cp17,6.622271348533104e-05
h_p12_cp18,0.11892251657673114
h_p12_cp19,8.592055655753938e-05
h_p12_cp20,0.07795397563450024
h_p12_cp21,0.00011428160314608249
h_p12_cp22,0.046301469116315275
h_p12_cp23,0.00016383080628656899
h_p12_cp24,0.025195351374804886
h_p12_cp25,0.0002504403232705954
h_p12_cp26,0.01295878155860919
h_p12_cp27,0.00038532647067768266
h_p12_cp28,0.007231785298699833
h_p12_cp29,0.0005642889909722726
h_p12_cp30,0.006558619601491955
h_p12_cp31,0.0007595107272209134
h_p12_cp32,0.01140023982634375
h_p12_cp33,0.0009221042409990332
h_p12_cp34,0.02495725559310813
h_p12_cp35,0.001000557480892894
h_p12_cp36,0.05384304879726187
h_p12_cp37,0.0009675798091848264
h_p12_cp38,0.10773545848860522
h_p12_cp39,0.0008355999329978658
h_p12_cp40,0.19607229187249686
h_p12_cp41,0.0006477566221292363
h_p12_cp42,0.3200142572522964
h_p12_cp43,0.0004537047757366963
h_p12_cp44,0.46166458613697614
h_p12_cp45,0.00028908728427268215
h_p12_cp46,0.5801433925007586
h_p12_cp47,0.00016864230201463215
h_p12_cp48,0.6273084866243153
h_p12_cp49,9.060072670763475e-05
h_p12_cp50,0.5809460225873408
h_p12_cp51,4.5064451569487574e-05
h_p12_cp52,0.46729342079106573
h_p12_cp53,2.0854200101894094e-05
h_p12_cp54,0.33914068758986105
h_p12_cp55,9.020624474942451e-06
h_p12_cp56,0.24342452666815007
h_p12_cp57,3.6660208024841268e-06
h_p12_cp58,0.20571618717895035
h_p12_cp59,1.4114170880930033e-06
h_p12_cp60,0.2321577627340048
h_p12_cp61,5.259325916995294e-07
h_p12_cp62,0.31449541557140037
h_p12_cp63,2.0263314581825398e-07
h_p12_cp64,0.4292141352316321
h_p12_cp65,9.441919246455655e-08
h_p12_cp66,0.5345435926546998
h_p12_cp67,6.174013833515346e-08
h_p12_cp68,0.5789683822342795
h_p12_cp69,5.163929017726332e-08
h_p12_cp70,0.532731459877823
h_p12_cp71,4.5487695388146676e-08
h_p12_cp72,0.4221439850985007
h_p12_cp73,3.807190296356566e-08
h_p12_cp74,0.2940704865070529
h_p12_cp75,2.9289140002219938e-08
h_p12_cp76,0.1832618644455124
h_p12_cp77,2.0550942281261086e-08
h_p12_cp78,0.10354401277140823
h_p12_cp79,1.3136741472408175e-08
h_p12_cp80,0.053577020171360346
h_p12_cp81,7.630433174199425e-09
h_p12_cp82,0.02558488185400165
h_p12_cp83,3.976083462475799e-09
h_p12_cp84,0.0505537119802284
h_p12_cp85,0.04930377163236699
h_p12_cp86,0.09460471528791459
h_p12_cp87,0.08770168519936306
h_p12_cp88,0.16170187838906713
h_p12_cp89,0.14378736237495104
h_p12_cp90,0.25100614929306175
h_p12_cp91,0.2179739608741329
h_p12_cp92,0.35123114058342253
h_p12_cp93,0.3093551871179443
h_p12_cp94,0.43738898065612375
h_p12_cp95,0.42148823207844544
h_p12_cp96,0.4744828647162649
h_p12_cp97,0.5675866527508333
h_p12_cp98,0.43975654299765665
h_p12_cp99,0.7571295361246939
h_p12_cp100,0.3560531484222338
h_p12_cp101,0.9499270646570039
h_p12_cp102,0.25821253791309573
h_p12_cp103,1.0341057818664012
h_p12_cp104,0.17074849625259958
h_p12_cp105,0.9178917266317512
h_p12_cp106,0.10437480331347615
h_p12_cp107,0.6992917688726266
h_p12_cp108,0.05967846300927704
h_p12_cp109,0.5032451343317916
h_p12_cp110,0.03223229174500375
h_p12_cp111,0.3907219834090938
h_p12_cp112,0.016560202045639016
h_p12_cp113,0.3692222324805243
h_p12_cp114,0.008127689894990908
h_p12_cp115,0.41617421778187236
h_p12_cp116,0.003825868303920288
h_p12_cp117,0.48494853231727575
h_p12_cp118,0.001760070417276438
h_p12_cp119,0.5114791238318048
h_p12_cp120,0.0008947629703470739
h_p12_cp121,0.45246369078313364
h_p12_cp122,0.0007991787065293465
h_p12_cp123,0.33953661949385605
h_p12_cp124,0.0015955423436935234
h_p12_cp125,0.22272548356568223
h_p12_cp126,0.004215972125166445
h_p12_cp127,0.13111866117947102
h_p12_cp128,0.011157896297845582
h_p12_cp129,0.07056387835473288
h_p12_cp130,0.02800155502927737
h_p12_cp131,0.03512598928409716
h_p12_cp132,0.06582966147516345
h_p12_cp133,0.016294869757302877
h_p12_cp134,0.14400971474924518
h_p12_cp135,0.0070859164748071635
h_p12_cp136,0.2911286771209234
h_p12_cp137,0.002920373928873232
h_p12_cp138,0.5392267050488044
h_p12_cp139,0.0012086490057754418
h_p12_cp140,0.9045560221416054
h_p12_cp141,0.0006843075984761526
h_p12_cp142,1.352092114572315
h_p12_cp143,0.0009020514337407803
h_p12_cp144,1.7600745376544182
h_p12_cp145,0.001997140070216119
h_p12_cp146,1.9375484029174004
h_p12_cp147,0.0046745023610128555
h_p12_cp148,1.760074534603973
h_p12_cp149,0.010316985217741603
h_p12_cp150,1.3520921038020788
h_p12_cp151,0.0209755173011672
h_p12_cp152,0.9045559883998067
h_p12_cp153,0.03883425700587395
h_p12_cp154,0.5392266048479541
h_p12_cp155,0.06476508288642435
h_p12_cp156,0.29112839323306616
h_p12_cp157,0.09628596271682
h_p12_cp158,0.14400894452637658
h_p12_cp159,0.1267938267626505
h_p12_cp160,0.06582764812765163
h_p12_cp161,0.1488293184268059
h_p12_cp162,0.0279964401684083
h_p12_cp163,0.1609692726638059
h_p12_cp164,0.011145137321364018
h_p12_cp165,0.17112621429487263
h_p12_cp166,0.004184429034921777
h_p12_cp167,0.18950726738444246
h_p12_cp168,0.0015178393650785438
h_p12_cp169,0.2180370248931922
h_p12_cp170,0.0006084562965043006
h_p12_cp171,0.24549674887271067
h_p12_cp172,0.0004303960363358783
h_p12_cp173,0.2529276614020546
h_p12_cp174,0.0006459071951212536
h_p12_cp175,0.22854273198436204
h_p12_cp176,0.0012106431977372267
h_p12_cp177,0.18036848563929198
h_p12_cp178,0.002169695253996906
h_p12_cp179,0.12570263072825583
h_p12_cp180,0.003506198585000675
h_p12_cp181,0.07839286602597895
h_p12_cp182,0.00501165448804386
h_p12_cp183,0.044274098989490085
h_p12_cp184,0.006252998716718139
h_p12_cp185,0.022875317341458867
h_p12_cp186,0.006740737787822582
h_p12_cp187,0.010904754507464531
h_p12_cp188,0.0062502037912963715
h_p12_cp189,0.004830391348377816
h_p12_cp190,0.005006216794299689
h_p12_cp191,0.002000148453589645
h_p12_cp192,0.003498215544368577
h_p12_cp193,0.0007781421772961039
h_p12_cp194,0.002158121109914646
h_p12_cp195,0.0002856709818388481
h_p12_cp196,0.0011894207700606785
h_p12_cp197,9.934232389241515e-05
h_p12_cp198,0.0005920273551964783
h_p12_cp199,3.2833869227033574e-05
h_p12_cp200,0.0002687072978915239
h_p12_cp201,1.0345049986426602e-05
h_p12_cp202,0.00011215406220799196
h_p12_cp203,3.1155525448411936e-06
h_p12_cp204,4.336625715950504e-05
h_p12_cp205,8.989993602881441e-07
h_p12_cp206,1.5634912415407598e-05
h_p12_cp207,2.4900555217755027e-07
h_p12_cp208,5.285850875225151e-06
h_p12_cp209,6.62323600408854e-08
h_p12_cp210,1.684252310951706e-06
h_p12_cp211,1.6834974303492345e-08
h_p13_cp0,0.03282732409570599
h_p13_cp1,1.2210325621708762e-06
h_p13_cp2,0.05880113565171996
h_p13_cp3,2.8848803594883066e-06
h_p13_cp4,0.09662002211734944
h_p13_cp5,6.335244506772142e-06
h_p13_cp6,0.14481423742608968
h_p13_cp7,1.2859372418461135e-05
h_p13_cp8,0.19648799955893992
h_p13_cp9,2.399745244474616e-05
h_p13_cp10,0.23863854283536057
h_p13_cp11,4.099153466086136e-05
h_p13_cp12,0.2555805129950386
h_p13_cp13,6.399084259101073e-05
h_p13_cp14,0.23886286438755633
h_p13_cp15,9.174380375043256e-05
h_p13_cp16,0.19689077737984917
h_p13_cp17,0.00012298729734538938
h_p13_cp18,0.14531984724908398
h_p13_cp19,0.00016014660650398582
h_p13_cp20,0.09715609790782764
h_p13_cp21,0.00021378033079599845
h_p13_cp22,0.05934858118644115
h_p13_cp23,0.0003038663066945446
h_p13_cp24,0.03349783485009539
h_p13_cp25,0.0004542335950645793
h_p13_cp26,0.018087844797264552
h_p13_cp27,0.0006797716991968628
h_p13_cp28,0.010801503770380805
h_p13_cp29,0.0009703757432362181
h_p13_cp30,0.010300025377091515
h_p13_cp31,0.0012802631813428889
h_p13_cp32,0.01747160005470505
h_p13_cp33,0.0015340388190452359
h_p13_cp34,0.0363725724773758
h_p13_cp35,0.0016548588505429507
h_p13_cp36,0.07470046660318985
h_p13_cp37,0.0016026018070078862
h_p13_cp38,0.14275339212781546
h_p13_cp39,0.001395299556406826
h_p13_cp40,0.24907139474544238
h_p13_cp41,0.001096867928026768
h_p13_cp42,0.3918203408265981
h_p13_cp43,0.000783025665441528
h_p13_cp44,0.5491397549812973
h_p13_cp45,0.0005107301544740039
h_p13_cp46,0.6776642826134776
h_p13_cp47,0.0003061729421460768
h_p13_cp48,0.7286136062352853
h_p13_cp49,0.0001696153863122163
h_p13_cp50,0.6789942766199601
h_p13_cp51,8.726341320652864e-05
h_p13_cp52,0.5570849963410183
h_p13_cp53,4.188253114989493e-05
h_p13_cp54,0.4175324290667959
h_p13_cp55,1.883442291727988e-05
h_p13_cp56,0.31087552643384697
h_p13_cp57,7.974412255862262e-06
h_p13_cp58,0.26748449057731705
h_p13_cp59,3.2040393307397608e-06
h_p13_cp60,0.2966556999704153
h_p13_cp61,1.246162355528213e-06
h_p13_cp62,0.3899651751685269
h_p13_cp63,4.9727213990991e-07
h_p13_cp64,0.5204412669272642
h_p13_cp65,2.3305165086640045e-07
h_p13_cp66,0.6402399903427067
h_p13_cp67,1.4776333046029322e-07
h_p13_cp68,0.690554751249465
h_p13_cp69,1.1980637282249518e-07
h_p13_cp70,0.6374691990822612
h_p13_cp71,1.0430858310428448e-07
h_p13_cp72,0.510057619210329
h_p13_cp73,8.758979674894363e-08
h_p13_cp74,0.3610595022544203
h_p13_cp75,6.825280252087396e-08
h_p13_cp76,0.23000848775518534
h_p13_cp77,4.8858737500268035e-08
h_p13_cp78,0.13353145763062457
h_p13_cp79,3.20974322676193e-08
h_p13_cp80,0.07130792705720523
h_p13_cp81,1.9365415937500075e-08
h_p13_cp82,0.03527701137136319
h_p13_cp83,1.0701342034735717e-08
h_p13_cp84,0.06441678478813628
h_p13_cp85,0.06614628313081994
h_p13_cp86,0.11686774999225236
h_p13_cp87,0.11521181296325267
h_p13_cp88,0.19530937017589167
h_p13_cp89,0.18638584536574854
h_p13_cp90,0.2992837862561828
h_p13_cp91,0.2812680178735718
h_p13_cp92,0.4169962733221837
h_p13_cp93,0.40064759552092255
h_p13_cp94,0.5196418374875975
h_p13_cp95,0.5498651544728546
h_p13_cp96,0.564317409549858
h_p13_cp97,0.7422328856671356
h_p13_cp98,0.5229879875128063
h_p13_cp99,0.9821086623683186
h_p13_cp100,0.4237332724364933
h_p13_cp101,1.2156185107701276
h_p13_cp102,0.30921687777754414
h_p13_cp103,1.3136193336604265
h_p13_cp104,0.20765048074736114
h_p13_cp105,1.177394606508642
h_p13_cp106,0.1301513083658392
h_p13_cp107,0.913956011259188
h_p13_cp108,0.07689261085761245
h_p13_cp109,0.6679420579307589
h_p13_cp110,0.04312010038165681
h_p13_cp111,0.5166721629077529
h_p13_cp112,0.02305660289084699
h_p13_cp113,0.47383526796738806
h_p13_cp114,0.011786734017277922
h_p13_cp115,0.51398522714112
h_p13_cp116,0.0057831282515508065
h_p13_cp117,0.5828302562676981
h_p13_cp118,0.0027817603850053274
h_p13_cp119,0.607652750334637
h_p13_cp120,0.001487454607286054
h_p13_cp121,0.5375362752054116
h_p13_cp122,0.0013564473906626517
h_p13_cp123,0.40752279312027895
h_p13_cp124,0.002592746965092374
h_p13_cp125,0.2718220198180461
h_p13_cp126,0.006503725735001353
h_p13_cp127,0.16327263228276934
h_p13_cp128,0.01642965741802982
h_p13_cp129,0.0898765996421389
h_p13_cp130,0.039488591085955704
h_p13_cp131,0.04589353638743887
h_p13_cp132,0.0891547429205275
h_p13_cp133,0.02191570426407452
h_p13_cp134,0.1878666857433018
h_p13_cp135,0.00985157306831752
h_p13_cp136,0.36709360657869183
h_p13_cp137,0.004225276255738208
h_p13_cp138,0.6597873597670514
h_p13_cp139,0.0018543737114669057
h_p13_cp140,1.0788799748174824
h_p13_cp141,0.0011539548177097458
h_p13_cp142,1.5806529202532147
h_p13_cp143,0.0015893903421329014
h_p13_cp144,2.0309944117402665
h_p13_cp145,0.0034162507358814764
h_p13_cp146,2.2258329664682606
h_p13_cp147,0.00767295115269917
h_p13_cp148,2.0309944020409603
h_p13_cp149,0.01627027926269875
h_p13_cp150,1.580652887746055
h_p13_cp151,0.031855355901370785
h_p13_cp152,1.0788798790890723
h_p13_cp153,0.05696646840988251
h_p13_cp154,0.6597870933128434
h_p13_cp155,0.09215378064573088
h_p13_cp156,0.36709290025737573
h_p13_cp157,0.1337056462559758
h_p13_cp158,0.1878648951469586
h_p13_cp159,0.17328125196377187
h_p13_cp160,0.08915037237875367
h_p13_cp161,0.2021381111487699
h_p13_cp162,0.03947821474775992
h_p13_cp163,0.21871675755278375
h_p13_cp164,0.01640538990341156
h_p13_cp165,0.23184245718402963
h_p13_cp166,0.0064471356731701235
h_p13_cp167,0.25308505587372565
h_p13_cp168,0.0024601971372248954
h_p13_cp169,0.2849586093777816
h_p13_cp170,0.0010446319574839436
h_p13_cp171,0.31492559265507225
h_p13_cp172,0.0007555900328952703
h_p13_cp173,0.32113040239437396
h_p13_cp174,0.0010844610428648593
h_p13_cp175,0.28978702317726857
h_p13_cp176,0.0019325341363582993
h_p13_cp177,0.23021736140526627
h_p13_cp178,0.003321444719858846
h_p13_cp179,0.16267729476476234
h_p13_cp180,0.005185816784432973
h_p13_cp181,0.10353709225000784
h_p13_cp182,0.00721881644858513
h_p13_cp183,0.06000937274006901
h_p13_cp184,0.008855271984430146
h_p13_cp185,0.03196245372009798
h_p13_cp186,0.009489516975008883
h_p13_cp187,0.015762841090008806
h_p13_cp188,0.008849817614191124
h_p13_cp189,0.007243770618970302
h_p13_cp190,0.007208210901808343
h_p13_cp191,0.003118808259614525
h_p13_cp192,0.005170191059278295
h_p13_cp193,0.0012639721719551744
h_p13_cp194,0.0032986464789246384
h_p13_cp195,0.00048414545040031953
h_p13_cp196,0.0018911804868366744
h_p13_cp197,0.00017589422986930003
h_p13_cp198,0.0009836328367782698
h_p13_cp199,6.080460343582672e-05
h_p13_cp200,0.0004681309492298169
h_p13_cp201,2.005663145610015e-05
h_p13_cp202,0.0002054232350019447
h_p13_cp203,6.328809604383423e-06
h_p13_cp204,8.367695454580826e-05
h_p13_cp205,1.914788981594029e-06
h_p13_cp206,3.182882255714503e-05
h_p13_cp207,5.565527771977941e-07
h_p13_cp208,1.1365370028215693e-05
h_p13_cp209,1.5560976862616371e-07
h_p13_cp210,3.827690306934528e-06
h_p13_cp211,4.181629265076481e-08
h_p14_cp0,0.04215370573228938
h_p14_cp1,2.659876372490544e-06
h_p14_cp2,0.07352093739882548
h_p14_cp3,6.017202849761816e-06
h_p14_cp4,0.11843410299616153
h_p14_cp5,1.2680292002187343e-05
h_p14_cp6,0.17527174066117368
h_p14_cp7,2.4773510631348472e-05
h_p14_cp8,0.23628211168397684
h_p14_cp9,4.4675323806586675e-05
h_p14_cp10,0.28628276648032625
h_p14_cp11,7.413624916807748e-05
h_p14_cp12,0.3064470790809537
h_p14_cp13,0.00011321698775645928
h_p14_cp14,0.28661341642873595
h_p14_cp15,0.00016019590066207456
h_p14_cp16,0.23687835512328093
h_p14_cp17,0.00021403350274340482
h_p14_cp18,0.17602788247586432
h_p14_cp19,0.00027984468169961474
h_p14_cp20,0.1192530506004914
h_p14_cp21,0.0003747750561160501
h_p14_cp22,0.07438960186254917
h_p14_cp23,0.0005287807739478012
h_p14_cp24,0.0432620783353741
h_p14_cp25,0.0007754401704005431
h_p14_cp26,0.024383415080592385
h_p14_cp27,0.00113282728852937
h_p14_cp28,0.015466881654901954
h_p14_cp29,0.0015810189365765837
h_p14_cp30,0.015355962701050885
h_p14_cp31,0.0020491023810791376
h_p14_cp32,0.025424244855912548
h_p14_cp33,0.0024265691822620283
h_p14_cp34,0.05053408164303619
h_p14_cp35,0.002603950576940406
h_p14_cp36,0.09920540314078607
h_p14_cp37,0.0025247581966141297
h_p14_cp38,0.1818793433335486
h_p14_cp39,0.0022140174664855294
h_p14_cp40,0.30579828967120193
h_p14_cp41,0.0017622566315367294
h_p14_cp42,0.46639419305665797
h_p14_cp43,0.001279549742321251
h_p14_cp44,0.6389205814189154
h_p14_cp45,0.0008522048701706808
h_p14_cp46,0.7781310050559114
h_p14_cp47,0.0005234778091107728
h_p14_cp48,0.8333892747800746
h_p14_cp49,0.000298077651677886
h_p14_cp50,0.7802034986120816
h_p14_cp51,0.0001580707044013252
h_p14_cp52,0.6497799234398371
h_p14_cp53,7.839875570425647e-05
h_p14_cp54,0.4999682932052565
h_p14_cp55,3.651568067652988e-05
h_p14_cp56,0.3843678847492811
h_p14_cp57,1.6046529253799235e-05
h_p14_cp58,0.3370746846071597
h_p14_cp59,6.703945473418571e-06
h_p14_cp60,0.3702703093240416
h_p14_cp61,2.7129813133797143e-06
h_p14_cp62,0.47571991805489233
h_p14_cp63,1.1204469956282992e-06
h_p14_cp64,0.6231527145728251
h_p14_cp65,5.313559086062014e-07
h_p14_cp66,0.7581683641478776
h_p14_cp67,3.299369382148143e-07
h_p14_cp68,0.8143942015171888
h_p14_cp69,2.60353772318922e-07
h_p14_cp70,0.7541687580144298
h_p14_cp71,2.2388439901988022e-07
h_p14_cp72,0.6087001841904112
h_p14_cp73,1.8824334802047815e-07
h_p14_cp74,0.4368073863506652
h_p14_cp75,1.4820648175373208e-07
h_p14_cp76,0.28348453599824097
h_p14_cp77,1.0788062354549766e-07
h_p14_cp78,0.16845797554015007
h_p14_cp79,7.246080713230185e-08
h_p14_cp80,0.09247043046548242
h_p14_cp81,4.496405381360091e-08
h_p14_cp82,0.04719587258932734
h_p14_cp83,2.5770759748411365e-08
h_p14_cp84,0.08028882676990179
h_p14_cp85,0.08647767528600525
h_p14_cp86,0.14241239408966067
h_p14_cp87,0.1480558829957772
h_p14_cp88,0.234622270890668
h_p14_cp89,0.23702090222877814
h_p14_cp90,0.3572522361582742
h_p14_cp91,0.3563930475361303
h_p14_cp92,0.49739382868574467
h_p14_cp93,0.508515901160763
h_p14_cp94,0.6205618764970495
h_p14_cp95,0.69971736825687
h_p14_cp96,0.6742843872316371
h_p14_cp97,0.9419644230727044
h_p14_cp98,0.6250921320011003
h_p14_cp99,1.2326969717505563
h_p14_cp100,0.506427925119624
h_p14_cp101,1.503988941118223
h_p14_cp102,0.3704231368906221
h_p14_cp103,1.612681483661845
h_p14_cp104,0.2508466864778711
h_p14_cp105,1.459227814252472
h_p14_cp106,0.15983121783347087
h_p14_cp107,1.1536058611754925
h_p14_cp108,0.09673296643450158
h_p14_cp109,0.8571646879599939
h_p14_cp110,0.055895799512654776
h_p14_cp111,0.6641355786105123
h_p14_cp112,0.030910866792510205
h_p14_cp113,0.5961773803924189
h_p14_cp114,0.01637837777752793
h_p14_cp115,0.6268753858423679
h_p14_cp116,0.00834513939662429
h_p14_cp117,0.6951153980089657
h_p14_cp118,0.004185304869679385
h_p14_cp119,0.7174458632739515
h_p14_cp120,0.002346790475257876
h_p14_cp121,0.6336551219919784
h_p14_cp122,0.0021820636779921188
h_p14_cp123,0.48325383828387203
h_p14_cp124,0.004011839675968076
h_p14_cp125,0.32649004644031265
h_p14_cp126,0.009594163934707467
h_p14_cp127,0.1996180591133907
h_p14_cp128,0.02322697581803368
h_p14_cp129,0.11221286189379498
h_p14_cp130,0.0536869989364277
h_p14_cp131,0.058664376171918775
h_p14_cp132,0.11688707813800647
h_p14_cp133,0.028759395881252203
h_p14_cp134,0.23819649318465963
h_p14_cp135,0.013318483400325931
h_p14_cp136,0.45157121216107043
h_p14_cp137,0.005924164616544658
h_p14_cp138,0.7903832610099926
h_p14_cp139,0.0027488879770771746
h_p14_cp140,1.2641772304327787
h_p14_cp141,0.0018608534514896746
h_p14_cp142,1.8211795646598148
h_p14_cp143,0.0026436113371346437
h_p14_cp144,2.314802551639332
h_p14_cp145,0.005517680080174614
h_p14_cp146,2.52628031606082
h_p14_cp147,0.011923512069188291
h_p14_cp148,2.314802524285824
h_p14_cp149,0.024354927765671164
h_p14_cp150,1.8211794771282257
h_p14_cp151,0.04603663652710566
h_p14_cp152,1.2641769864530943
h_p14_cp153,0.0797227120306161
h_p14_cp154,0.7903826197693888
h_p14_cp155,0.12542464184070923
h_p14_cp156,0.4515696088724326
h_p14_cp157,0.17806225575009194
h_p14_cp158,0.2381926629350346
h_p14_cp159,0.22763063634374703
h_p14_cp160,0.11687827227069647
h_p14_cp161,0.26429766683872913
h_p14_cp162,0.05366729775596468
h_p14_cp163,0.28646597843521704
h_p14_cp164,0.023183458813946345
h_p14_cp165,0.30381757855411706
h_p14_cp166,0.009497885319433408
h_p14_cp167,0.32910127851755533
h_p14_cp168,0.0037965297187838587
h_p14_cp169,0.3651901835874014
h_p14_cp170,0.001695362823738833
h_p14_cp171,0.3979308277507698
h_p14_cp172,0.001243908402557281
h_p14_cp173,0.4022942408939798
h_p14_cp174,0.0017102561632782454
h_p14_cp175,0.3624937211911856
h_p14_cp176,0.002910008029175515
h_p14_cp177,0.2893799332123308
h_p14_cp178,0.004818409342078667
h_p14_cp179,0.20667365376311864
h_p14_cp180,0.007301458649180859
h_p14_cp181,0.13368986603722988
h_p14_cp182,0.009937883377460821
h_p14_cp183,0.07916088270962973
h_p14_cp184,0.012019682015761646
h_p14_cp185,0.04326968909253992
h_p14_cp186,0.012817656234801689
h_p14_cp187,0.021981745363063965
h_p14_cp188,0.012009708314053569
h_p14_cp189,0.010437435063977318
h_p14_cp190,0.009918478086092364
h_p14_cp191,0.004654514294770706
h_p14_cp192,0.007272740452663129
h_p14_cp193,0.001957634887958193
h_p14_cp194,0.004776267073339113
h_p14_cp195,0.000779430330339892
h_p14_cp196,0.002834388229985052
h_p14_cp197,0.0002947425271031534
h_p14_cp198,0.0015326350830946467
h_p14_cp199,0.00010617165798976202
h_p14_cp200,0.0007609290496475296
h_p14_cp201,3.652813234111818e-05
h_p14_cp202,0.0003492694090709847
h_p14_cp203,1.2032145150442375e-05
h_p14_cp204,0.00014912650749465683
h_p14_cp205,3.8027735627110815e-06
h_p14_cp206,5.955320466455305e-05
h_p14_cp207,1.155416384790442e-06
h_p14_cp208,2.2352942323777825e-05
h_p14_cp209,3.380043835932156e-07
h_p14_cp210,7.92039372754516e-06
h_p14_cp211,9.524796951154713e-08
h_p15_cp0,0.05300236195034813
h_p15_cp1,5.3334601943788584e-06
h_p15_cp2,0.09059614988200337
h_p15_cp3,1.1598448054428445e-05
h_p15_cp4,0.14393159954215662
h_p15_cp5,2.3550724563392578e-05
h_p15_cp6,0.21129734023770652
h_p15_cp7,4.4468491068982985e-05
h_p15_cp8,0.28376352577379294
h_p15_cp9,7.781131444062339e-05
h_p15_cp10,0.343266709681302
h_p15_cp11,0.00012593773408298148
h_p15_cp12,0.36724704165817457
h_p15_cp13,0.00018882781796492054
h_p15_cp14,0.3437349191344765
h_p15_cp15,0.00026445705407240894
h_p15_cp16,0.2846119021633058
h_p15_cp17,0.0003527398794176406
h_p15_cp18,0.21238502194046305
h_p15_cp19,0.0004631129645531473
h_p15_cp20,0.1451354210385034
h_p15_cp21,0.0006217972318154352
h_p15_cp22,0.09191968083950997
h_p15_cp23,0.0008713700240150501
h_p15_cp24,0.05474924236887091
h_p15_cp25,0.0012565865295073309
h_p15_cp26,0.032020993699006794
h_p15_cp27,0.0017973360604628397
h_p15_cp28,0.021401017125299404
h_p15_cp29,0.0024587760053691454
h_p15_cp30,0.02191507546194771
h_p15_cp31,0.003136543316031748
h_p15_cp32,0.03541941757293898
h_p15_cp33,0.003675531366297946
h_p15_cp34,0.06747577030591856
h_p15_cp35,0.003925780396002665
h_p15_cp36,0.12716013455838038
h_p15_cp37,0.003810567627169803
h_p15_cp38,0.22473445779132817
h_p15_cp39,0.003363243697094731
h_p15_cp40,0.3661054161411812
h_p15_cp41,0.0027071488325418613
h_p15_cp42,0.5445232955007668
h_p15_cp43,0.0019959120813837217
h_p15_cp44,0.7330562714150801
h_p15_cp45,0.0013545847887144191
h_p15_cp46,0.8842398639026214
h_p15_cp47,0.000850539147904783
h_p15_cp48,0.9443905544640074
h_p15_cp49,0.0004964558929714258
h_p15_cp50,0.8873237081620573
h_p15_cp51,0.00027056538056058343
h_p15_cp52,0.7475246293847704
h_p15_cp53,0.00013823612289343146
h_p15_cp54,0.5873668854092102
h_p15_cp55,6.646999145232257e-05
h_p15_cp56,0.46392955128339963
h_p15_cp57,3.0216342111089034e-05
h_p15_cp58,0.4143683960155613
h_p15_cp59,1.3083104022371117e-05
h_p15_cp60,0.453161857808027
h_p15_cp61,5.492314357979922e-06
h_p15_cp62,0.5720701475920578
h_p15_cp63,2.344084350625053e-06
h_p15_cp64,0.7372901178578104
h_p15_cp65,1.1286178960290272e-06
h_p15_cp66,0.8876200693161991
h_p15_cp67,6.914938239788171e-07
h_p15_cp68,0.9495305560490124
h_p15_cp69,5.332333330443362e-07
h_p15_cp70,0.8821248483852742
h_p15_cp71,4.529165380517952e-07
h_p15_cp72,0.7180694844450954
h_p15_cp73,3.807783741649473e-07
h_p15_cp74,0.5218284677478096
h_p15_cp75,3.023258159373654e-07
h_p15_cp76,0.34428911869099466
h_p15_cp77,2.2324184101307765e-07
h_p15_cp78,0.208804946556711
h_p15_cp79,1.5282421372830868e-07
h_p15_cp80,0.1174213518418128
h_p15_cp81,9.706423043098766e-08
h_p15_cp82,0.061608012592614614
h_p15_cp83,5.7198576541850343e-08
h_p15_cp84,0.09869028701496063
h_p15_cp85,0.1107066401496013
h_p15_cp86,0.1723378113997569
h_p15_cp87,0.18684971845141263
h_p15_cp88,0.2814825263840248
h_p15_cp89,0.29650721512689415
h_p15_cp90,0.4272409000695916
h_p15_cp91,0.44414137324042713
h_p15_cp92,0.5945045270805167
h_p15_cp93,0.6332292317244992
h_p15_cp94,0.7413396325068788
h_p15_cp95,0.8700223652340355
h_p15_cp96,0.8049747098921216
h_p15_cp97,1.1632596208523864
h_p15_cp98,0.7472504167194529
h_p15_cp99,1.5012889787201402
h_p15_cp100,0.606198920593215
h_p15_cp101,1.8027435745025286
h_p15_cp102,0.4441325019324722
h_p15_cp103,1.9172761484655894
h_p15_cp104,0.302144878350191
h_p15_cp105,1.7508619325628842
h_p15_cp106,0.1944797959213247
h_p15_cp107,1.4103395854351675
h_p15_cp108,0.11969400604266411
h_p15_cp109,1.067241253501379
h_p15_cp110,0.07076007326395484
h_p15_cp111,0.8322317640681831
h_p15_cp112,0.0402201744359445
h_p15_cp113,0.737293325420751
h_p15_cp114,0.021977574664106214
h_p15_cp115,0.7569588543044574
h_p15_cp116,0.011583610239540576
h_p15_cp117,0.8230426960556088
h_p15_cp118,0.006039030000465573
h_p15_cp119,0.8402731615024095
h_p15_cp120,0.0035398506774981797
h_p15_cp121,0.7417620342773716
h_p15_cp122,0.0033520118340675253
h_p15_cp123,0.5684802612436215
h_p15_cp124,0.005953803790362144
h_p15_cp125,0.387838676983165
h_p15_cp126,0.013628011985019839
h_p15_cp127,0.2405866530809817
h_p15_cp128,0.031730129705465515
h_p15_cp129,0.13774795966901365
h_p15_cp130,0.07078251576831462
h_p15_cp131,0.07356847538767397
h_p15_cp132,0.14913645978140266
h_p15_cp133,0.03694249770296665
h_p15_cp134,0.2949258168387132
h_p15_cp135,0.01758102845860776
h_p15_cp136,0.5442651446892341
h_p15_cp137,0.008090540245120792
h_p15_cp138,0.9306258554238411
h_p15_cp139,0.0039582759461609385
h_p15_cp140,1.4600166097466172
h_p15_cp141,0.0028841823545917578
h_p15_cp142,2.0723338428401803
h_p15_cp143,0.004180880732064907
h_p15_cp144,2.608107307904902
h_p15_cp145,0.008475368969811825
h_p15_cp146,2.8355322143002013
h_p15_cp147,0.017661334421518404
h_p15_cp148,2.608107238487719
h_p15_cp149,0.034832817956612416
h_p15_cp150,2.072333629611876
h_p15_cp151,0.06372375246633055
h_p15_cp152,1.460016043845826
h_p15_cp153,0.1071386627040738
h_p15_cp154,0.9306244420281473
h_p15_cp155,0.1643714250985795
h_p15_cp156,0.5442617885596519
h_p15_cp157,0.22893177703167567
h_p15_cp158,0.2949182053966979
h_p15_cp159,0.28931110565372364
h_p15_cp160,0.14911985130038374
h_p15_cp161,0.33482302558854826
h_p15_cp162,0.07074723710093167
h_p15_cp163,0.363964513691144
h_p15_cp164,0.03165603389606986
h_p15_cp165,0.38722434338660605
h_p15_cp166,0.013471636793383368
h_p15_cp167,0.4182708261926109
h_p15_cp168,0.005618655408852646
h_p15_cp169,0.45991321996075385
h_p15_cp170,0.0026223382892567315
h_p15_cp171,0.49593508054726954
h_p15_cp172,0.0019411436942391447
h_p15_cp173,0.4979048901986971
h_p15_cp174,0.002562531750299968
h_p15_cp175,0.44813008966457346
h_p15_cp176,0.004179343807209079
h_p15_cp177,0.35920928115615425
h_p15_cp178,0.006694220165172737
h_p15_cp179,0.25879139641801885
h_p15_cp180,0.009884591217542038
h_p15_cp181,0.16963045285092448
h_p15_cp182,0.013200022101500508
h_p15_cp183,0.1022333764542509
h_p15_cp184,0.01577832980592575
h_p15_cp185,0.05711794245257806
h_p15_cp186,0.016757465180944564
h_p15_cp187,0.029770529263032586
h_p15_cp188,0.015761069663767557
h_p15_cp189,0.014549057414569688
h_p15_cp190,0.013166391806407773
h_p15_cp191,0.0066952678289453615
h_p15_cp192,0.009834579389917053
h_p15_cp193,0.0029120575354681932
h_p15_cp194,0.006620463089802797
h_p15_cp195,0.0012010733603347035
h_p15_cp196,0.004048426522331283
h_p15_cp197,0.00047116552332227
h_p15_cp198,0.002265482794427953
h_p15_cp199,0.00017627381885176874
h_p15_cp200,0.0011680405295919627
h_p15_cp201,6.304971520876279e-05
h_p15_cp202,0.0005582809039879066
h_p15_cp203,2.1609122995869257e-05
h_p15_cp204,0.0002487492015461612
h_p15_cp205,7.1111926445155405e-06
h_p15_cp206,0.00010383941162217525
h_p15_cp207,2.2511439965455793e-06
h_p15_cp208,4.079589371031034e-05
h_p15_cp209,6.86589601173182e-07
h_p15_cp210,1.5145932593441103e-05
h_p15_cp211,2.019332896452397e-07
h_p16_cp0,0.06569120672429563
h_p16_cp1,9.966112429538043e-06
h_p16_cp2,0.11061951377041623
h_p16_cp3,2.090860107273329e-05
h_p16_cp4,0.17404136065397324
h_p16_cp5,4.1055865040107165e-05
h_p16_cp6,0.25406051471145474
h_p16_cp7,7.519608880102169e-05
h_p16_cp8,0.34008734869121326
h_p16_cp9,0.00012813206240025465
h_p16_cp10,0.4105252677163662
h_p16_cp11,0.00020296294815125293
h_p16_cp12,0.4387857808969784
h_p16_cp13,0.00029970748255436774
h_p16_cp14,0.4111655504780174
h_p16_cp15,0.00041645397095635417
h_p16_cp16,0.34125367252681826
h_p16_cp17,0.0005551855597332178
h_p16_cp18,0.2555731465431563
h_p16_cp19,0.0007317179447454691
h_p16_cp20,0.17575246363094266
h_p16_cp21,0.000984116471499874
h_p16_cp22,0.11256486726824733
h_p16_cp23,0.00137013968287647
h_p16_cp24,0.06833086246888342
h_p16_cp25,0.0019465656887405203
h_p16_cp26,0.04123806923735174
h_p16_cp27,0.00273272530603208
h_p16_cp28,0.028795798246392224
h_p16_cp29,0.0036726197895404766
h_p16_cp30,0.030150501976095256
h_p16_cp31,0.004619171606918826
h_p16_cp32,0.04757938047760035
h_p16_cp33,0.005362564252664015
h_p16_cp34,0.08720826711942209
h_p16_cp35,0.005704073163542489
h_p16_cp36,0.15845830284206386
h_p16_cp37,0.0055425656050829275
h_p16_cp38,0.27127811886475683
h_p16_cp39,0.004920882050100772
h_p16_cp40,0.4304326277715518
h_p16_cp41,0.0040015315648815886
h_p16_cp42,0.6275103956641033
h_p16_cp43,0.002991570236190455
h_p16_cp44,0.8336412849826047
h_p16_cp45,0.0020653867768487544
h_p16_cp46,0.9985132176116167
h_p16_cp47,0.0013229731666797306
h_p16_cp48,1.0644012837597074
h_p16_cp49,0.0007897692385085975
h_p16_cp50,1.0029394100033642
h_p16_cp51,0.00044123022416897584
h_p16_cp52,0.8525288884802649
h_p16_cp53,0.00023159411330198054
h_p16_cp54,0.6811911552663332
h_p16_cp55,0.00011463787586762919
h_p16_cp56,0.5502033150551142
h_p16_cp57,5.375100363380625e-05
h_p16_cp58,0.49954603386549934
h_p16_cp59,2.404880342510296e-05
h_p16_cp60,0.545328467962463
h_p16_cp61,1.0443638984725112e-05
h_p16_cp62,0.6787008152014096
h_p16_cp63,4.598110990627902e-06
h_p16_cp64,0.8619042568052464
h_p16_cp65,2.2517247089126613e-06
h_p16_cp66,1.027041161959005
h_p16_cp67,1.3690673767996486e-06
h_p16_cp68,1.0942494504929527
h_p16_cp69,1.0357196060795104e-06
h_p16_cp70,1.0197977468728823
h_p16_cp71,8.693527888681274e-07
h_p16_cp72,0.8372924045822856
h_p16_cp73,7.300859579117969e-07
h_p16_cp74,0.6160098008067507
h_p16_cp75,5.836704985995311e-07
h_p16_cp76,0.41274334946001545
h_p16_cp77,4.364030701253796e-07
h_p16_cp78,0.25499438219867443
h_p16_cp79,3.0378441806533374e-07
h_p16_cp80,0.14653102045508604
h_p16_cp81,1.9689355212904047e-07
h_p16_cp82,0.07880101233672576
h_p16_cp83,1.1876431926793884e-07
h_p16_cp84,0.12027551187111385
h_p16_cp85,0.1392522517485304
h_p16_cp86,0.20776468480971744
h_p16_cp87,0.23214062282659143
h_p16_cp88,0.33734350659051415
h_p16_cp89,0.36538470868117656
h_p16_cp90,0.5104159476013592
h_p16_cp91,0.5446865145499942
h_p16_cp92,0.708285269710359
h_p16_cp93,0.7739736228616039
h_p16_cp94,0.8803501446723203
h_p16_cp95,1.0580369687017992
h_p16_cp96,0.954116569895632
h_p16_cp97,1.4002762727143363
h_p16_cp98,0.8878204737015949
h_p16_cp99,1.7786845558948698
h_p16_cp100,0.7229696493868687
h_p16_cp101,2.1017104620616465
h_p16_cp102,0.5314648665989807
h_p16_cp103,2.2189056161500957
h_p16_cp104,0.36294516129964904
h_p16_cp105,2.0421388278953145
h_p16_cp106,0.23516490587871886
h_p16_cp107,1.6751737958411468
h_p16_cp108,0.14638532635717638
h_p16_cp109,1.29285202404526
h_p16_cp110,0.08800124935669373
h_p16_cp111,1.0189160738204919
h_p16_cp112,0.05111833328555804
h_p16_cp113,0.8967164541572856
h_p16_cp114,0.0286653290081631
h_p16_cp115,0.9029636449126883
h_p16_cp116,0.015567241614917293
h_p16_cp117,0.9625075636877227
h_p16_cp118,0.008410087020365609
h_p16_cp119,0.9706405086947143
h_p16_cp120,0.005136920127824851
h_p16_cp121,0.857622767658313
h_p16_cp122,0.004948215423610236
h_p16_cp123,0.661939152046898
h_p16_cp124,0.008524365792709432
h_p16_cp125,0.4561385615322706
h_p16_cp126,0.01874346413433159
h_p16_cp127,0.28662465146339855
h_p16_cp128,0.04210228817237294
h_p16_cp129,0.16675968423169252
h_p16_cp130,0.09092591005628492
h_p16_cp131,0.09077337022881693
h_p16_cp132,0.18597199139639997
h_p16_cp133,0.04658667287867502
h_p16_cp134,0.35796757838306803
h_p16_cp135,0.02273526399653747
h_p16_cp136,0.6448944679473243
h_p16_cp137,0.01080338279712123
h_p16_cp138,1.0800119006248678
h_p16_cp139,0.0055575455669441
h_p16_cp140,1.665577015861345
h_p16_cp141,0.004313533248478052
h_p16_cp142,2.3333192563372904
h_p16_cp143,0.006324576201905074
h_p16_cp144,2.9119861580807083
h_p16_cp145,0.012456774843258245
h_p16_cp146,3.156939379749474
h_p16_cp147,0.025084269936087367
h_p16_cp148,2.911985997388456
h_p16_cp149,0.047880198759457926
h_p16_cp150,2.333318780371428
h_p16_cp151,0.08498419815782654
h_p16_cp152,1.6655758069045987
h_p16_cp153,0.13908715327534082
h_p16_cp154,1.0800090156149054
h_p16_cp155,0.20864457806601422
h_p16_cp156,0.6448879240815586
h_p16_cp157,0.285802103917149
h_p16_cp158,0.35795340165077505
h_p16_cp159,0.3577686383450782
h_p16_cp160,0.18594243985398862
h_p16_cp161,0.4132523759137712
h_p16_cp162,0.0908659261858702
h_p16_cp163,0.4509653861421157
h_p16_cp164,0.04198178301612643
h_p16_cp165,0.4821516336735385
h_p16_cp166,0.01849969551403774
h_p16_cp167,0.5210588898894457
h_p16_cp168,0.00802194976085957
h_p16_cp169,0.5698661434601036
h_p16_cp170,0.003892376087605953
h_p16_cp171,0.6097800305328747
h_p16_cp172,0.0028967035400455643
h_p16_cp173,0.6088417357384515
h_p16_cp174,0.003681748533381324
h_p16_cp175,0.5476921979579856
h_p16_cp176,0.005776641964075679
h_p16_cp177,0.4407896672278184
h_p16_cp178,0.008983232034552202
h_p16_cp179,0.32005358724086364
h_p16_cp180,0.01297042558371686
h_p16_cp181,0.21217937133747
h_p16_cp182,0.017043515185832803
h_p16_cp183,0.12980439574130287
h_p16_cp184,0.020172646594801336
h_p16_cp185,0.07388439831106552
h_p16_cp186,0.021351321591282613
h_p16_cp187,0.039370054406163035
h_p16_cp188,0.020144169218838215
h_p16_cp189,0.019732420285436092
h_p16_cp190,0.016987918426821125
h_p16_cp191,0.009338057153172485
h_p16_cp192,0.01288733099863748
h_p16_cp193,0.004186152026250056
h_p16_cp194,0.00886015836522347
h_p16_cp195,0.0017828711322636082
h_p16_cp196,0.005560528735713888
h_p16_cp197,0.0007233061116949102
h_p16_cp198,0.003206864043022506
h_p16_cp199,0.0002802077001433645
h_p16_cp200,0.0017098845069085655
h_p16_cp201,0.00010388945042905107
h_p16_cp202,0.0008475524446112104
h_p16_cp203,3.6940281233910355e-05
h_p16_cp204,0.0003925142359548772
h_p16_cp205,1.2621179848792963e-05
h_p16_cp206,0.0001706131861283211
h_p16_cp207,4.150778067923966e-06
h_p16_cp208,6.989392159084673e-05
h_p16_cp209,1.3159560694475658e-06
h_p16_cp210,2.7088001843367238e-05
h_p16_cp211,4.0258237277157605e-07
h_p17_cp0,0.08060818421608928
h_p17_cp1,1.7530410787003348e-05
h_p17_cp2,0.13420729832296274
h_p17_cp3,3.559579636203125e-05
h_p17_cp4,0.20955361045071186
h_p17_cp5,6.781264210076188e-05
h_p17_cp6,0.30430720477534123
h_p17_cp7,0.00012087002960470272
h_p17_cp8,0.40567490656121663
h_p17_cp9,0.00020120680528634693
h_p17_cp10,0.48807625103972896
h_p17_cp11,0.0003128673906758195
h_p17_cp12,0.5209175387894902
h_p17_cp13,0.00045620146693181596
h_p17_cp14,0.48892570877842445
h_p17_cp15,0.0006301307289504621
h_p17_cp16,0.40723112450677945
h_p17_cp17,0.0008402174698858289
h_p17_cp18,0.3063499325548946
h_p17_cp19,0.0011110718437521427
h_p17_cp20,0.21191524203823064
h_p17_cp21,0.001495501992849313
h_p17_cp22,0.13697665105792112
h_p17_cp23,0.002068727679670701
h_p17_cp24,0.08445103763233419
h_p17_cp25,0.0028996580631428515
h_p17_cp26,0.0523288412864531
h_p17_cp27,0.0040036623113337555
h_p17_cp28,0.03786595627843781
h_p17_cp29,0.005296348558204045
h_p17_cp30,0.040228889311038074
h_p17_cp31,0.006577946887318831
h_p17_cp32,0.06201166053870111
h_p17_cp33,0.007573403670448897
h_p17_cp34,0.1097677339666916
h_p17_cp35,0.00802666498157123
h_p17_cp36,0.19313260133958465
h_p17_cp37,0.0078077184439280245
h_p17_cp38,0.3217588754787357
h_p17_cp39,0.006969808813664713
h_p17_cp40,0.4995562669678293
h_p17_cp41,0.0057209521214645065
h_p17_cp42,0.7168272079411508
h_p17_cp43,0.004331939462190348
h_p17_cp44,0.9426915313179052
h_p17_cp45,0.003038084565559984
h_p17_cp46,1.1231724195627066
h_p17_cp47,0.001981882451218553
h_p17_cp48,1.1955676818288339
h_p17_cp49,0.0012076798284397228
h_p17_cp50,1.1293420307606539
h_p17_cp51,0.0006901706929056672
h_p17_cp52,0.9669387946378265
h_p17_cp53,0.0003712927091328311
h_p17_cp54,0.7830857231801929
h_p17_cp55,0.00018872744476539083
h_p17_cp56,0.6441451040491302
h_p17_cp57,9.103605088967015e-05
h_p17_cp58,0.5929438220823613
h_p17_cp59,4.197718681098195e-05
h_p17_cp60,0.6465855902511066
h_p17_cp61,1.8809400444297353e-05
h_p17_cp62,0.7948541270147871
h_p17_cp63,8.52748644319945e-06
h_p17_cp64,0.9956485393581715
h_p17_cp65,4.251025075063808e-06
h_p17_cp66,1.1747357797503355
h_p17_cp67,2.575920007075183e-06
h_p17_cp68,1.2467411255777279
h_p17_cp69,1.918565658343141e-06
h_p17_cp70,1.1655030901576993
h_p17_cp71,1.5926332253002329e-06
h_p17_cp72,0.9650823500739989
h_p17_cp73,1.3350827430258505e-06
h_p17_cp74,0.7187293900392433
h_p17_cp75,1.0733654107752955e-06
h_p17_cp76,0.48880646821407936
h_p17_cp77,8.113588592095766e-07
h_p17_cp78,0.30728239314385064
h_p17_cp79,5.732708814321086e-07
h_p17_cp80,0.18012412498319463
h_p17_cp81,3.783259217016166e-07
h_p17_cp82,0.09906277953041354
h_p17_cp83,2.3292454898182768e-07
h_p17_cp84,0.1457126046434496
h_p17_cp85,0.17248594687998775
h_p17_cp86,0.24958561091034426
h_p17_cp87,0.28430268872875786
h_p17_cp88,0.4029173665230701
h_p17_cp89,0.4437975251064472
h_p17_cp90,0.606523125815329
h_p17_cp91,0.6575124215794403
h_p17_cp92,0.8368286728573366
h_p17_cp93,0.9289418969231065
h_p17_cp94,1.0342238037396783
h_p17_cp95,1.259946225061185
h_p17_cp96,1.1178501538192904
h_p17_cp97,1.6470778364753187
h_p17_cp98,1.0434091310457916
h_p17_cp99,2.058512166426681
h_p17_cp100,0.8547887781523968
h_p17_cp101,2.396593749499516
h_p17_cp102,0.6321076848867051
h_p17_cp103,2.5143527803836605
h_p17_cp104,0.43389473873685347
h_p17_cp105,2.3291243192356887
h_p17_cp106,0.28271500057917365
h_p17_cp107,1.9424652341426736
h_p17_cp108,0.1774184550240534
h_p17_cp109,1.52897250508272
h_p17_cp110,0.10796476487166728
h_p17_cp111,1.2209794675934518
h_p17_cp112,0.0637784930527232
h_p17_cp113,1.0718926290385298
h_p17_cp114,0.03653695686944047
h_p17_cp115,1.0612510218629723
h_p17_cp116,0.02036650422769526
h_p17_cp117,1.1090252288813645
h_p17_cp118,0.01136548411068361
h_p17_cp119,1.1049426686693096
h_p17_cp120,0.007210492523427092
h_p17_cp121,0.9767773042283352
h_p17_cp122,0.007056611980715388
h_p17_cp123,0.7603315637916239
h_p17_cp124,0.01183153911597401
h_p17_cp125,0.5301108394851326
h_p17_cp126,0.025073926934510382
h_p17_cp127,0.3375859249174482
h_p17_cp128,0.05448974599585199
h_p17_cp129,0.19940963429485237
h_p17_cp130,0.11423915891828074
h_p17_cp131,0.11044774715014682
h_p17_cp132,0.22743268587282728
h_p17_cp133,0.057822206100809126
h_p17_cp134,0.42722179801876337
h_p17_cp135,0.028882443875090758
h_p17_cp136,0.7532125176248883
h_p17_cp137,0.014147616081345404
h_p17_cp138,1.2382940486559164
h_p17_cp139,0.007629438302501512
h_p17_cp140,1.8812156861822587
h_p17_cp141,0.006245624145094553
h_p17_cp142,2.6064302279928597
h_p17_cp143,0.009198489380878527
h_p17_cp144,3.2312963368867713
h_p17_cp145,0.017612411185609744
h_p17_cp146,3.4954950884739446
h_p17_cp147,0.03434302345181095
h_p17_cp148,3.2312959935338768
h_p17_cp149,0.06358953334756734
h_p17_cp150,2.606429243398452
h_p17_cp151,0.10977742799605039
h_p17_cp152,1.8812132819944054
h_p17_cp153,0.1753452320594988
h_p17_cp154,1.238288541293059
h_p17_cp155,0.2578598355344184
h_p17_cp156,0.7532005257603487
h_p17_cp157,0.348225322629105
h_p17_cp158,0.427196851093413
h_p17_cp159,0.432613483548721
h_p17_cp160,0.2273827359886127
h_p17_cp161,0.4993277177827622
h_p17_cp162,0.11414174236688268
h_p17_cp163,0.5473578303367503
h_p17_cp164,0.05430160165315101
h_p17_cp165,0.5886336088567532
h_p17_cp166,0.024707590088382858
h_p17_cp167,0.6375916561664781
h_p17_cp168,0.011103241535693087
h_p17_cp169,0.695132553362555
h_p17_cp170,0.0055761462431291875
h_p17_cp171,0.7394079064247308
h_p17_cp172,0.004163391997280996
h_p17_cp173,0.7350286677492477
h_p17_cp174,0.005110697092277405
h_p17_cp175,0.6613467171880529
h_p17_cp176,0.00774041978729656
h_p17_cp177,0.534646137261916
h_p17_cp178,0.011724116223831516
h_p17_cp179,0.39120206275083547
h_p17_cp180,0.016601388175331522
h_p17_cp181,0.26207365521895554
h_p17_cp182,0.021516262756449578
h_p17_cp183,0.1624655768212051
h_p17_cp184,0.02525482250530331
h_p17_cp185,0.09398536061098639
h_p17_cp186,0.02665248590938063
h_p17_cp187,0.051053241450972564
h_p17_cp188,0.025209772903963312
h_p17_cp189,0.0261610143982125
h_p17_cp190,0.02142810014765928
h_p17_cp191,0.012691192880993185
h_p17_cp192,0.01646894670830079
h_p17_cp193,0.005845749504260311
h_p17_cp194,0.011527221567575907
h_p17_cp195,0.0025631733940372214
h_p17_cp196,0.007398268456654478
h_p17_cp197,0.0010723186173891008
h_p17_cp198,0.004380805153687106
h_p17_cp199,0.00042895667775155744
h_p17_cp200,0.0024064703652584285
h_p17_cp201,0.000164408021419149
h_p17_cp202,0.0012324138001531537
h_p17_cp203,6.0488709323180956e-05
h_p17_cp204,0.0005910636555199744
h_p17_cp205,2.140102765224583e-05
h_p17_cp206,0.00026656330646801507
h_p17_cp207,7.293041335287853e-06
h_p17_cp208,0.00011347374720571679
h_p17_cp209,2.3972083909029607e-06
h_p17_cp210,4.575393495542812e-05
h_p17_cp211,7.607138741150266e-07
h_p18_cp0,0.09815382685474106
h_p18_cp1,2.92710369649285e-05
h_p18_cp2,0.1618859041682299
h_p18_cp3,5.769315885117976e-05
h_p18_cp4,0.25096596038611096
h_p18_cp5,0.00010695026958273957
h_p18_cp6,0.36223219618113944
h_p18_cp7,0.00018606118464958854
h_p18_cp8,0.48018911427197963
h_p18_cp9,0.0003034473870684451
h_p18_cp10,0.5750775275541855
h_p18_cp11,0.0004644207670025935
h_p18_cp12,0.6125952398324443
h_p18_cp13,0.0006701794395667093
h_p18_cp14,0.5761751897975955
h_p18_cp15,0.0009215307741214929
h_p18_cp16,0.4822123164176446
h_p18_cp17,0.0012294905764065334
h_p18_cp18,0.36492114901284367
h_p18_cp19,0.0016301300752274983
h_p18_cp20,0.2541422453477935
h_p18_cp21,0.0021938613949714636
h_p18_cp22,0.16571754040387532
h_p18_cp23,0.003015199131823465
h_p18_cp24,0.10356704763353264
h_p18_cp25,0.004174473629518616
h_p18_cp26,0.06562350624562896
h_p18_cp27,0.005678723895471194
h_p18_cp28,0.048847933126580756
h_p18_cp29,0.007407111398606503
h_p18_cp30,0.05232092463938898
h_p18_cp31,0.009096691655486211
h_p18_cp32,0.07883183121339243
h_p18_cp33,0.01039638190286496
h_p18_cp34,0.13524365074090383
h_p18_cp35,0.010984018673298124
h_p18_cp36,0.23135127249179277
h_p18_cp37,0.010695961034343782
h_p18_cp38,0.3766180220432034
h_p18_cp39,0.009596469980806432
h_p18_cp40,0.5743635754702154
h_p18_cp41,0.007945254566038784
h_p18_cp42,0.8137455061214496
h_p18_cp43,0.00608737571610618
h_p18_cp44,1.061469599785596
h_p18_cp45,0.004331423944677226
h_p18_cp46,1.2590521958732097
h_p18_cp47,0.002873517542866466
h_p18_cp48,1.3385018601697993
h_p18_cp49,0.0017844372227955319
h_p18_cp50,1.2674403064238504
h_p18_cp51,0.0010412382644062745
h_p18_cp52,1.092151128185833
h_p18_cp53,0.0005729749623242242
h_p18_cp54,0.8944831897483709
h_p18_cp55,0.0002984255470437347
h_p18_cp56,0.7467567166381741
h_p18_cp57,0.00014775707677472383
h_p18_cp58,0.694926449601553
h_p18_cp59,7.005224733802606e-05
h_p18_cp60,0.7566154231803921
h_p18_cp61,3.231310665796627e-05
h_p18_cp62,0.9195225031471637
h_p18_cp63,1.5057878954394255e-05
h_p18_cp64,1.1368574548664583
h_p18_cp65,7.643363915121881e-06
h_p18_cp66,1.3284308329575651
h_p18_cp67,4.630621788237477e-06
h_p18_cp68,1.4043596096537385
h_p18_cp69,3.406162704777671e-06
h_p18_cp70,1.3169637500266163
h_p18_cp71,2.7988996862404747e-06
h_p18_cp72,1.0997885127828795
h_p18_cp73,2.340904302400304e-06
h_p18_cp74,0.8290109689062319
h_p18_cp75,1.890658495540265e-06
h_p18_cp76,0.5721164013937141
h_p18_cp77,1.4429431303142337e-06
h_p18_cp78,0.36571691539734275
h_p18_cp79,1.0332264537282754e-06
h_p18_cp80,0.21843002949162837
h_p18_cp81,6.930545168870594e-07
h_p18_cp82,0.12265287383002033
h_p18_cp83,4.3459408516355325e-07
h_p18_cp84,0.17555698379419482
h_p18_cp85,0.2106799134942321
h_p18_cp86,0.2982857893130131
h_p18_cp87,0.3434789019911477
h_p18_cp88,0.4780692758472469
h_p18_cp89,0.5314765500183967
h_p18_cp90,0.7140808746303264
h_p18_cp91,0.7815064173860264
h_p18_cp92,0.9768975203455739
h_p18_cp93,1.0956828448447595
h_p18_cp94,1.1982677970900113
h_p18_cp95,1.4717780084504284
h_p18_cp96,1.290891574300531
h_p18_cp97,1.8990337279658434
h_p18_cp98,1.2092966774393972
h_p18_cp99,2.3373468777911057
h_p18_cp100,0.9983700197576582
h_p18_cp101,2.6862749636909484
h_p18_cp102,0.744516008593564
h_p18_cp103,2.803747731956264
h_p18_cp104,0.5147893589419255
h_p18_cp105,2.61121302470292
h_p18_cp106,0.33754675869067796
h_p18_cp107,2.209627953297968
h_p18_cp108,0.21328722350472162
h_p18_cp109,1.771802027213198
h_p18_cp110,0.13100196594405134
h_p18_cp111,1.4347652141623257
h_p18_cp112,0.07840237650862036
h_p18_cp113,1.2594890233249316
h_p18_cp114,0.04570530550881813
h_p18_cp115,1.2287891396651958
h_p18_cp116,0.02605783595936373
h_p18_cp117,1.2604949527303688
h_p18_cp118,0.014973814442328148
h_p18_cp119,1.241318138555016
h_p18_cp120,0.009834861912622728
h_p18_cp121,1.0972818200541496
h_p18_cp122,0.009765534054622549
h_p18_cp123,0.8612314449296719
h_p18_cp124,0.015983557390882197
h_p18_cp125,0.6080023387294204
h_p18_cp126,0.032746602016686666
h_p18_cp127,0.3927463733471086
h_p18_cp128,0.0690231794792453
h_p18_cp129,0.23558084880460228
h_p18_cp130,0.14082214108748303
h_p18_cp131,0.13267866397086436
h_p18_cp132,0.27354475736592576
h_p18_cp133,0.0707658466230896
h_p18_cp134,0.5026284005284651
h_p18_cp135,0.03612593572438527
h_p18_cp136,0.8691761310428774
h_p18_cp137,0.018213641775219003
h_p18_cp138,1.4057849323548908
h_p18_cp139,0.01026286049227565
h_p18_cp140,2.108063098875391
h_p18_cp141,0.008780653387930215
h_p18_cp142,2.8930948570568944
h_p18_cp143,0.012920798357754393
h_p18_cp144,3.564775802607528
h_p18_cp145,0.024069273445320505
h_p18_cp146,3.845987215499008
h_p18_cp147,0.045540234379132016
h_p18_cp148,3.564775118433772
h_p18_cp149,0.08198535223482395
h_p18_cp150,2.8930929510497663
h_p18_cp151,0.13800048549614985
h_p18_cp152,2.1080586072184815
h_p18_cp153,0.21567948942333715
h_p18_cp154,1.405775015618019
h_p18_cp155,0.31172588937693035
h_p18_cp156,0.8691553152680171
h_p18_cp157,0.41597529838691116
h_p18_cp158,0.5025866345022223
h_p18_cp159,0.5137743230632168
h_p18_cp160,0.2734640651360678
h_p18_cp161,0.5931184660598774
h_p18_cp162,0.14067024468067757
h_p18_cp163,0.6532527635479255
h_p18_cp164,0.06873995214300521
h_p18_cp165,0.7066701962755815
h_p18_cp166,0.03221388272322656
h_p18_cp167,0.7675965462658496
h_p18_cp168,0.014959188963075576
h_p18_cp169,0.8350524598808988
h_p18_cp170,0.00774718815819142
h_p18_cp171,0.8838379204651119
h_p18_cp172,0.005797487879135588
h_p18_cp173,0.8754533894971246
h_p18_cp174,0.006895718222040159
h_p18_cp175,0.7883588931908889
h_p18_cp176,0.010113615898262651
h_p18_cp177,0.6405609561763868
h_p18_cp178,0.014961706135181885
h_p18_cp179,0.47250094272067145
h_p18_cp180,0.02082761640303943
h_p18_cp181,0.3198216803655214
h_p18_cp182,0.02667419441149832
h_p18_cp183,0.20073976909657176
h_p18_cp184,0.031084401810858253
h_p18_cp185,0.11784023863287985
h_p18_cp186,0.03272112998411103
h_p18_cp187,0.06511467135078419
h_p18_cp188,0.0310157514995808
h_p18_cp189,0.03402743930382712
h_p18_cp190,0.026539476957623265
h_p18_cp191,0.01687570598073762
h_p18_cp192,0.02062419397270787
h_p18_cp193,0.007964619106587634
h_p18_cp194,0.014658281964784692
h_p18_cp195,0.0035853668541676598
h_p18_cp196,0.009591549557626422
h_p18_cp197,0.0015425974195295566
h_p18_cp198,0.005812007827444177
h_p18_cp199,0.0006355369987431914
h_p18_cp200,0.003277932207311096
h_p18_cp201,0.0002511721186237992
h_p18_cp202,0.0017284561431551992
h_p18_cp203,9.538471135783766e-05
h_p18_cp204,0.0008555733293178491
h_p18_cp205,3.486240302663646e-05
h_p18_cp206,0.0003990278837591177
h_p18_cp207,1.2281472663744353e-05
h_p18_cp208,0.00017594620294403285
h_p18_cp209,4.175543381279567e-06
h_p18_cp210,7.358068387475214e-05
h_p18_cp211,1.3711580777453491e-06
h_p19_cp0,0.11867908787098713
h_p19_cp1,4.67207059955399e-05
h_p19_cp2,0.19400131907286777
h_p19_cp3,8.962723450167687e-05
h_p19_cp4,0.2984003462770488
h_p19_cp5,0.0001621116562091629
h_p19_cp6,0.42745677617949696
h_p19_cp7,0.000276001260317571
h_p19_cp8,0.5625952345117184
h_p19_cp9,0.0004421312605700223
h_p19_cp10,0.6699612572856495
h_p19_cp11,0.0006675640402136196
h_p19_cp12,0.7120713011636326
h_p19_cp13,0.0009551223097332695
h_p19_cp14,0.6713475454325817
h_p19_cp15,0.0013088770465401467
h_p19_cp16,0.5651668369146137
h_p19_cp17,0.0017474682886131632
h_p19_cp18,0.4309183785562709
h_p19_cp19,0.0023212169194266608
h_p19_cp20,0.30257604858979903
h_p19_cp21,0.003120805304206442
h_p19_cp22,0.19916963872719862
h_p19_cp23,0.004261311618392938
h_p19_cp24,0.1260856840458473
h_p19_cp25,0.00583295166006792
h_p19_cp26,0.0814575153849546
h_p19_cp27,0.00782922247390161
h_p19_cp28,0.0619926923118328
h_p19_cp29,0.010084159935559
h_p19_cp30,0.06660892866102586
h_p19_cp31,0.012260826425972482
h_p19_cp32,0.0981786507563811
h_p19_cp33,0.013921155997650203
h_p19_cp34,0.16378483790504106
h_p19_cp35,0.014667936221940181
h_p19_cp36,0.2733788966747852
h_p19_cp37,0.01429889211385671
h_p19_cp38,0.43635868685578316
h_p19_cp39,0.012889581226318114
h_p19_cp40,0.6556066169291626
h_p19_cp41,0.010757340722648223
h_p19_cp42,0.9190428413726295
h_p19_cp43,0.008332090365001932
h_p19_cp44,1.1904745449178336
h_p19_cp45,0.006008593767091952
h_p19_cp46,1.4064502371775234
h_p19_cp47,0.004048764261369797
h_p19_cp48,1.493648912959543
h_p19_cp49,0.0025586660226508684
h_p19_cp50,1.4176035430573393
h_p19_cp51,0.0015220405152831518
h_p19_cp52,1.228788509369224
h_p19_cp53,0.000855242130910483
h_p19_cp54,1.0162857910354433
h_p19_cp55,0.000455576654530887
h_p19_cp56,0.8588132854051764
h_p19_cp57,0.00023107122206056374
h_p19_cp58,0.805744412041804
h_p19_cp59,0.0001124064242503664
h_p19_cp60,0.8749181109888013
h_p19_cp61,5.326400105332141e-05
h_p19_cp62,1.0513285425613503
h_p19_cp63,2.5469018964940915e-05
h_p19_cp64,1.2831863583710401
h_p19_cp65,1.3162030427338323e-05
h_p19_cp66,1.4849067129307514
h_p19_cp67,7.991247002792079e-06
h_p19_cp68,1.5635718112685026
h_p19_cp69,5.820890919494559e-06
h_p19_cp70,1.470933148925269
h_p19_cp71,4.739383939522668e-06
h_p19_cp72,1.2390216073542888
h_p19_cp73,3.953556415581261e-06
h_p19_cp74,0.9453964722040382
h_p19_cp75,3.2049742912931833e-06
h_p19_cp76,0.6619753749134816
h_p19_cp77,2.4667883735673968e-06
h_p19_cp78,0.43011947793638683
h_p19_cp79,1.7877046047942713e-06
h_p19_cp80,0.2615508313974715
h_p19_cp81,1.2169473393441876e-06
h_p19_cp82,0.14977566499374007
h_p19_cp83,7.758742412988795e-07
h_p19_cp84,0.21015402269495098
h_p19_cp85,0.25397182247911587
h_p19_cp86,0.35386312560058286
h_p19_cp87,0.40955398538017107
h_p19_cp88,0.5618651510444579
h_p19_cp89,0.6277438330398581
h_p19_cp90,0.8306401167355943
h_p19_cp91,0.9150379847287695
h_p19_cp92,1.124410173252727
h_p19_cp93,1.2713608015019418
h_p19_cp94,1.3673995059452864
h_p19_cp95,1.689848794573436
h_p19_cp96,1.4680673223883787
h_p19_cp97,2.152881011344334
h_p19_cp98,1.3803729502778879
h_p19_cp99,2.6138030476997756
h_p19_cp100,1.1495819534379734
h_p19_cp101,2.9711448586253937
h_p19_cp102,0.8661768978904547
h_p19_cp103,3.0875114394702905
h_p19_cp104,0.6046250106628577
h_p19_cp105,2.8892228895761036
h_p19_cp106,0.3995888131448737
h_p19_cp107,2.475935469805563
h_p19_cp108,0.2542740541694002
h_p19_cp109,2.018696367127859
h_p19_cp110,0.15741210194073574
h_p19_cp111,1.6568007348002993
h_p19_cp112,0.09519835149512801
h_p19_cp113,1.456174299998338
h_p19_cp114,0.05629769189590661
h_p19_cp115,1.4027228307927544
h_p19_cp116,0.03272592561961574
h_p19_cp117,1.4141372241624595
h_p19_cp118,0.019307018603285542
h_p19_cp119,1.3767102810636516
h_p19_cp120,0.013086168533391174
h_p19_cp121,1.2166444898809914
h_p19_cp122,0.013164509178295702
h_p19_cp123,0.9626243289089871
h_p19_cp124,0.021087324307700328
h_p19_cp125,0.6882176256235653
h_p19_cp126,0.04188195244705639
h_p19_cp127,0.4511704267706591
h_p19_cp128,0.08582048144080545
h_p19_cp129,0.27492311151854665
h_p19_cp130,0.17076288490170555
h_p19_cp131,0.15743107433445402
h_p19_cp132,0.3243450902582481
h_p19_cp133,0.08549269018158157
h_p19_cp134,0.5841947444337166
h_p19_cp135,0.04456104092446367
h_p19_cp136,0.9928382278167192
h_p19_cp137,0.023094145230970753
h_p19_cp138,1.5824841183598437
h_p19_cp139,0.013550531451983261
h_p19_cp140,2.3449259768044612
h_p19_cp141,0.0120188079727086
h_p19_cp142,3.1876568994080117
h_p19_cp143,0.017599817062318834
h_p19_cp144,3.899082420132345
h_p19_cp145,0.031929061155324234
h_p19_cp146,4.191362871552428
h_p19_cp147,0.058738305547194614
h_p19_cp148,3.89908113752017
h_p19_cp149,0.10305201720325385
h_p19_cp150,3.187653417576257
h_p19_cp151,0.16954526019003424
h_p19_cp152,2.3449180308489304
h_p19_cp153,0.2599343788670012
h_p19_cp154,1.5824671511259112
h_p19_cp155,0.3701485001859055
h_p19_cp156,0.9928037712647892
h_p19_cp157,0.48913387808283915
h_p19_cp158,0.5841278161915398
h_p19_cp159,0.6015379362654585
h_p19_cp160,0.3242198478096725
h_p19_cp161,0.6950202451655514
h_p19_cp162,0.17053447473790584
h_p19_cp163,0.7689618488323049
h_p19_cp164,0.08540784867909679
h_p19_cp165,0.8362214226906417
h_p19_cp166,0.041129934596938256
h_p19_cp167,0.9104532300693791
h_p19_cp168,0.019685195052716153
h_p19_cp169,0.9883807490243726
h_p19_cp170,0.010481206141321309
h_p19_cp171,1.0414155871644653
h_p19_cp172,0.00785887084521164
h_p19_cp173,1.0284104028637557
h_p19_cp174,0.009087519745207828
h_p19_cp175,0.9272901326723968
h_p19_cp176,0.012944397905812366
h_p19_cp177,0.7576378733981528
h_p19_cp178,0.01874672915027986
h_p19_cp179,0.5636733363078292
h_p19_cp180,0.02570481364864463
h_p19_cp181,0.38559727916845077
h_p19_cp182,0.03257744092434223
h_p19_cp183,0.24499541270779446
h_p19_cp184,0.03772380888722182
h_p19_cp185,0.14582273196788265
h_p19_cp186,0.03961980877465976
h_p19_cp187,0.0818498506537253
h_p19_cp188,0.03762262674536032
h_p19_cp189,0.043537313686556445
h_p19_cp190,0.032378287167375674
h_p19_cp191,0.0220246823398611
h_p19_cp192,0.025402535300599993
h_p19_cp193,0.010625008728311514
h_p19_cp194,0.018294483393219707
h_p19_cp195,0.0048983599410803436
h_p19_cp196,0.012173479166904144
h_p19_cp197,0.0021620632389840466
h_p19_cp198,0.007526884790422628
h_p19_cp199,0.0009151711697086284
h_p19_cp200,0.004345188053775928
h_p19_cp201,0.00037207434002084483
h_p19_cp202,0.002351767059735721
h_p19_cp203,0.00014551178378496843
h_p19_cp204,0.0011977496938015975
h_p19_cp205,5.481838661580696e-05
h_p19_cp206,0.0005759308751294157
h_p19_cp207,1.992006355067133e-05
h_p19_cp208,0.0002622667225296027
h_p19_cp209,6.9901075221423525e-06
h_p19_cp210,0.00011343099095029174
h_p19_cp211,2.3701682039245497e-06
h_p20_cp0,0.1424328557204717
h_p20_cp1,7.171103470682283e-05
h_p20_cp2,0.23066689370443783
h_p20_cp3,0.00013422433266896405
h_p20_cp4,0.3515988083427146
h_p20_cp5,0.00023746060742269037
h_p20_cp6,0.49914211070654346
h_p20_cp7,0.0003966031972595374
h_p20_cp8,0.6514701597093335
h_p20_cp9,0.0006254490062929108
h_p20_cp10,0.770975940455628
h_p20_cp11,0.0009334877017863619
h_p20_cp12,0.8175393073897794
h_p20_cp13,0.0013262116863188567
h_p20_cp14,0.7726923039899702
h_p20_cp15,0.0018126238865079358
h_p20_cp16,0.6546753400052694
h_p20_cp17,0.0024213652286562137
h_p20_cp18,0.5035125562239955
h_p20_cp19,0.003219784376142343
h_p20_cp20,0.3569789379585018
h_p20_cp21,0.004321173797961819
h_p20_cp22,0.2374817852569322
h_p20_cp23,0.005861811975137243
h_p20_cp24,0.15230984088475452
h_p20_cp25,0.00793948183354587
h_p20_cp26,0.1001382340168675
h_p20_cp27,0.010528224477184267
h_p20_cp28,0.07755352311596653
h_p20_cp29,0.013407814752099512
h_p20_cp30,0.08328888132564316
h_p20_cp31,0.01615629769548832
h_p20_cp32,0.12021891435961152
h_p20_cp33,0.01823759278977377
h_p20_cp34,0.19558743860216055
h_p20_cp35,0.01917040021498906
h_p20_cp36,0.31952183790735944
h_p20_cp37,0.01870858120992125
h_p20_cp38,0.5014468136432697
h_p20_cp39,0.016938922457484296
h_p20_cp40,0.7438530826998431
h_p20_cp41,0.014241992736515385
h_p20_cp42,1.033266666153395
h_p20_cp43,0.011143066400109092
h_p20_cp44,1.3302915913923243
h_p20_cp45,0.008136324131100992
h_p20_cp46,1.56626686533491
h_p20_cp47,0.005562502371958544
h_p20_cp48,1.6621318251222874
h_p20_cp49,0.003573010248146602
h_p20_cp50,1.5807946196327975
h_p20_cp51,0.00216383039514767
h_p20_cp52,1.3775346795946461
h_p20_cp53,0.001239706929482054
h_p20_cp54,1.149107960299716
h_p20_cp55,0.0006743166973137704
h_p20_cp56,0.9807886966500519
h_p20_cp57,0.0003497599223010184
h_p20_cp58,0.9254041200711072
h_p20_cp59,0.0001742577724144212
h_p20_cp60,1.0007109827847671
h_p20_cp61,8.466564167974866e-05
h_p20_cp62,1.188515942795675
h_p20_cp63,4.147445088165114e-05
h_p20_cp64,1.43200113974126
h_p20_cp65,2.1813134480908047e-05
h_p20_cp66,1.6412007637422903
h_p20_cp67,1.3295043117977912e-05
h_p20_cp68,1.7216057433715832
h_p20_cp69,9.61176533564867e-06
h_p20_cp70,1.6243976619271052
h_p20_cp71,7.762085033391486e-06
h_p20_cp72,1.3800454624722533
h_p20_cp73,6.457126801251434e-06
h_p20_cp74,1.0659559680862003
h_p20_cp75,5.2500290621537715e-06
h_p20_cp76,0.7573076939886505
h_p20_cp77,4.071001512784278e-06
h_p20_cp78,0.5000547171962353
h_p20_cp79,2.982415935548488e-06
h_p20_cp80,0.30943431845344094
h_p20_cp81,2.0576233055180637e-06
h_p20_cp82,0.1805569306243342
h_p20_cp83,1.331766497969511e-06
h_p20_cp84,0.24958665783560718
h_p20_cp85,0.30233723378159993
h_p20_cp86,0.4158505044647427
h_p20_cp87,0.48213456332177884
h_p20_cp88,0.6528126514940595
h_p20_cp89,0.7315330623819136
h_p20_cp90,0.9534848139956011
h_p20_cp91,1.0561000351322036
h_p20_cp92,1.2759492231489276
h_p20_cp93,1.4530721666872068
h_p20_cp94,1.5385290550561876
h_p20_cp95,1.9109401454040835
h_p20_cp96,1.6467621860201689
h_p20_cp97,2.40588451380313
h_p20_cp98,1.5535215389691075
h_p20_cp99,2.885782666339537
h_p20_cp100,1.30495910880245
h_p20_cp101,3.2485587933658735
h_p20_cp102,0.9943124166175039
h_p20_cp103,3.3624200225485765
h_p20_cp104,0.7018414173417113
h_p20_cp105,3.1607773369341885
h_p20_cp106,0.4683065983895176
h_p20_cp107,2.7397054537461827
h_p20_cp108,0.3003998635986136
h_p20_cp109,2.267260956519749
h_p20_cp110,0.18739206809686948
h_p20_cp111,1.8838488531869189
h_p20_cp112,0.11435390834640202
h_p20_cp113,1.658629221569754
h_p20_cp114,0.06844689394119996
h_p20_cp115,1.5803317981608416
h_p20_cp116,0.04046309162322359
h_p20_cp117,1.5684993874374413
h_p20_cp118,0.024441450979338697
h_p20_cp119,1.5112515104738122
h_p20_cp120,0.017042639665305614
h_p20_cp121,1.333842733160509
h_p20_cp122,0.017343499188427813
h_p20_cp123,1.0628466334476343
h_p20_cp124,0.027247475743024552
h_p20_cp125,0.7692501748040286
h_p20_cp126,0.052594040850181045
h_p20_cp127,0.511846660171841
h_p20_cp128,0.10499015795039668
h_p20_cp129,0.31693884349465407
h_p20_cp130,0.204143038050006
h_p20_cp131,0.1845558470843116
h_p20_cp132,0.37986855502413164
h_p20_cp133,0.10202136501925452
h_p20_cp134,0.6718671956887192
h_p20_cp135,0.05426400660053332
h_p20_cp136,1.123813372542827
h_p20_cp137,0.02887876741215223
h_p20_cp138,1.7666941373395275
h_p20_cp139,0.017585763808710908
h_p20_cp140,2.586405145670142
h_p20_cp141,0.01605729032689851
h_p20_cp142,3.4781139621095463
h_p20_cp143,0.02333213564406833
h_p20_cp144,4.2163318680486555
h_p20_cp145,0.04127136488591532
h_p20_cp146,4.513122593225944
h_p20_cp147,0.07397446550794484
h_p20_cp148,4.216329588829012
h_p20_cp149,0.12676788424482766
h_p20_cp150,3.478107917045236
h_p20_cp151,0.20435311150458801
h_p20_cp152,2.586391745824585
h_p20_cp153,0.3080940924949118
h_p20_cp154,1.7666663795453132
h_p20_cp155,0.433268400279303
h_p20_cp156,1.1237586692714103
h_p20_cp157,0.5680705363201923
h_p20_cp158,0.6717640122883495
h_p20_cp159,0.6964627596717037
h_p20_cp160,0.37968094771804317
h_p20_cp161,0.8056293965037185
h_p20_cp162,0.2038105255037408
h_p20_cp163,0.894885223930487
h_p20_cp164,0.10440645577546093
h_p20_cp165,0.9771826811036135
h_p20_cp166,0.051560571899699426
h_p20_cp167,1.0653218839001966
h_p20_cp168,0.025374875001489272
h_p20_cp169,1.1535753177454353
h_p20_cp170,0.013855569586212368
h_p20_cp171,1.2101940160330287
h_p20_cp172,0.010410975338345452
h_p20_cp173,1.1918918008468609
h_p20_cp174,0.011741320583496417
h_p20_cp175,1.0763373001941545
h_p20_cp176,0.016285784653064184
h_p20_cp177,0.8845266842840829
h_p20_cp178,0.023134235058023478
h_p20_cp179,0.6639815068429016
h_p20_cp180,0.03129144303693465
h_p20_cp181,0.45921721268314286
h_p20_cp182,0.039286837275540165
h_p20_cp183,0.29538990651008135
h_p20_cp184,0.0452344059576717
h_p20_cp185,0.17821350126746438
h_p20_cp186,0.04740911018325278
h_p20_cp187,0.10152840589239531
h_p20_cp188,0.04508965071227067
h_p20_cp189,0.05489799124302408
h_p20_cp190,0.03900100555665631
h_p20_cp191,0.02827988139779336
h_p20_cp192,0.03085536335629513
h_p20_cp193,0.01391717582396268
h_p20_cp194,0.022479970896256418
h_p20_cp195,0.006556818045055479
h_p20_cp196,0.015180114244685683
h_p20_cp197,0.0029624296651036275
h_p20_cp198,0.009553991052143829
h_p20_cp199,0.0012854769795467291
h_p20_cp200,0.0056304497320525115
h_p20_cp201,0.0005364623143577774
h_p20_cp202,0.003119232776498393
h_p20_cp203,0.0002155961833523179
h_p20_cp204,0.0016299253393299296
h_p20_cp205,8.354380929631589e-05
h_p20_cp206,0.0008057770796767727
h_p20_cp207,3.125121861558e-05
h_p20_cp208,0.00037791420618304983
h_p20_cp209,1.1295975127723068e-05
h_p20_cp210,0.00016858853132362128
h_p20_cp211,3.947105824408936e-06
h_p21_cp0,0.16953296986548594
h_p21_cp1,0.00010638184949129936
h_p21_cp2,0.27177135821739284
h_p21_cp3,0.00019472000531095546
h_p21_cp4,0.4100377734084759
h_p21_cp5,0.00033769945503081544
h_p21_cp6,0.5762911086876557
h_p21_cp7,0.0005544979494516156
h_p21_cp8,0.7455110981572943
h_p21_cp9,0.000862566706018697
h_p21_cp10,0.8767704247143229
h_p21_cp11,0.0012747111095450236
h_p21_cp12,0.9276588063412419
h_p21_cp13,0.001800395185000525
h_p21_cp14,0.8788591574175371
h_p21_cp15,0.0024554564588470384
h_p21_cp16,0.7494385049258199
h_p21_cp17,0.0032810200755193364
h_p21_cp18,0.5817160393457925
h_p21_cp19,0.004364109862308396
h_p21_cp20,0.41684714519351473
h_p21_cp21,0.005842544424467633
h_p21_cp22,0.2805772065576093
h_p21_cp23,0.007873781352373044
h_p21_cp24,0.18240915541036884
h_p21_cp25,0.010560136096046335
h_p21_cp26,0.12191674677160336
h_p21_cp27,0.013849707396275335
h_p21_cp28,0.09577133763650636
h_p21_cp29,0.01745855469516755
h_p21_cp30,0.10256656483625193
h_p21_cp31,0.02086858851771467
h_p21_cp32,0.14514367380570548
h_p21_cp33,0.023434697235643398
h_p21_cp34,0.2308773200802534
h_p21_cp35,0.024582432088209316
h_p21_cp36,0.3700956213092468
h_p21_cp37,0.02401638136325346
h_p21_cp38,0.5723106820996691
h_p21_cp39,0.021834141356521286
h_p21_cp40,0.8396344761217733
h_p21_cp41,0.0184847111477211
h_p21_cp42,1.1571060716878492
h_p21_cp43,0.014598980676055362
h_p21_cp44,1.481948769896917
h_p21_cp45,0.010783953906411625
h_p21_cp46,1.73991921931065
h_p21_cp47,0.007472884786693612
h_p21_cp48,1.845470589663364
h_p21_cp49,0.004873666069670435
h_p21_cp50,1.7584783017423433
h_p21_cp51,0.003001283301728108
h_p21_cp52,1.5394785248304288
h_p21_cp53,0.0017509587009953975
h_p21_cp54,1.2936299114689973
h_p21_cp55,0.0009711511024761421
h_p21_cp56,1.1129878924243712
h_p21_cp57,0.0005143535877323302
h_p21_cp58,1.0536852802938483
h_p21_cp59,0.00026203755942333373
h_p21_cp60,1.1330635435315344
h_p21_cp61,0.00013032492779530003
h_p21_cp62,1.3295437555852914
h_p21_cp63,6.530599466714193e-05
h_p21_cp64,1.5817914064050456
h_p21_cp65,3.493771555440617e-05
h_p21_cp66,1.7966685700198468
h_p21_cp67,2.140335982403485e-05
h_p21_cp68,1.8784187921801276
h_p21_cp69,1.5387422308776877e-05
h_p21_cp70,1.7766410521292073
h_p21_cp71,1.2336858162598219e-05
h_p21_cp72,1.5212018666331915
h_p21_cp73,1.0233670536763384e-05
h_p21_cp74,1.1889105772127095
h_p21_cp75,8.3400780113152e-06
h_p21_cp76,0.8568372781276139
h_p21_cp77,6.5096096477645915e-06
h_p21_cp78,0.574854412600871
h_p21_cp79,4.815764896193286e-06
h_p21_cp80,0.3618601785769897
h_p21_cp81,3.3632809390837792e-06
h_p21_cp82,0.21502486794793185
h_p21_cp83,2.206886165367905e-06
h_p21_cp84,0.2936914349052131
h_p21_cp85,0.3555771720029952
h_p21_cp86,0.48348822386969914
h_p21_cp87,0.5605787970480378
h_p21_cp88,0.7493670836815909
h_p21_cp89,0.8415422187204058
h_p21_cp90,1.0805935594135008
h_p21_cp91,1.2026757511766846
h_p21_cp92,1.4298611480162435
h_p21_cp93,1.6383278234284262
h_p21_cp94,1.7108417567646939
h_p21_cp95,2.1324454487119056
h_p21_cp96,1.8263136796558683
h_p21_cp97,2.655418864965668
h_p21_cp98,1.727903171541584
h_p21_cp99,3.15070745318053
h_p21_cp100,1.4628034300940271
h_p21_cp101,3.5169180773516473
h_p21_cp102,1.1268440220956109
h_p21_cp103,3.6289400382377153
h_p21_cp104,0.8048316063022867
h_p21_cp105,3.4243799982104974
h_p21_cp106,0.542878588095391
h_p21_cp107,2.998447687366024
h_p21_cp108,0.35144368917463
h_p21_cp109,2.5147227859827126
h_p21_cp110,0.22101023100231032
h_p21_cp111,2.1128887099746407
h_p21_cp112,0.13601111902926277
h_p21_cp113,1.864357560587223
h_p21_cp114,0.08227893961748123
h_p21_cp115,1.7611372697870138
h_p21_cp116,0.0493657976612667
h_p21_cp117,1.7262685949892784
h_p21_cp118,0.03045772607492836
h_p21_cp119,1.6492657419785246
h_p21_cp120,0.021784700578336924
h_p21_cp121,1.4521289582944519
h_p21_cp122,0.022392480440430518
h_p21_cp123,1.1626496508754371
h_p21_cp124,0.03456590373571089
h_p21_cp125,0.8504726248816041
h_p21_cp126,0.06499072897531732
h_p21_cp127,0.5739488996900945
h_p21_cp128,0.12663069859809184
h_p21_cp129,0.36108298576550624
h_p21_cp130,0.2410238872885202
h_p21_cp131,0.21381897542210027
h_p21_cp132,0.44007445068473316
h_p21_cp133,0.12031276988614081
h_p21_cp134,0.7652920527757487
h_p21_cp135,0.06528451928193135
h_p21_cp136,1.2607882431416328
h_p21_cp137,0.03564844290667679
h_p21_cp138,1.9546826881596644
h_p21_cp139,0.022458867325667597
h_p21_cp140,2.8243917539466565
h_p21_cp141,0.02098817526143648
h_p21_cp142,3.75164800783341
h_p21_cp143,0.030203278967974256
h_p21_cp144,4.50221284713507
h_p21_cp145,0.05216090219118996
h_p21_cp146,4.797943288132501
h_p21_cp147,0.09127936156232863
h_p21_cp148,4.502208983339187
h_p21_cp149,0.15313665373446383
h_p21_cp150,3.75163797242476
h_p21_cp151,0.24244970244421893
h_p21_cp152,2.8243700898237876
h_p21_cp153,0.3602952971293689
h_p21_cp154,1.9546390371756388
h_p21_cp155,0.501415884726157
h_p21_cp156,1.2607045420181748
h_p21_cp157,0.6533145708704069
h_p21_cp158,0.7651383335046376
h_p21_cp159,0.7991790868568387
h_p21_cp160,0.43980217818534584
h_p21_cp161,0.9255176593860597
h_p21_cp162,0.24055369638927004
h_p21_cp163,1.031329115011431
h_p21_cp164,0.12582668608956737
h_p21_cp165,1.1293304159000854
h_p21_cp166,0.06360459244524463
h_p21_cp167,1.2312610378021418
h_p21_cp168,0.032119863256866665
h_p21_cp169,1.329029130731442
h_p21_cp170,0.017948919418813603
h_p21_cp171,1.3881497892243715
h_p21_cp172,0.013520477026304434
h_p21_cp173,1.3637472643990804
h_p21_cp174,0.014916367211299075
h_p21_cp175,1.2335301767573128
h_p21_cp176,0.020194470576370804
h_p21_cp177,1.0196449110394497
h_p21_cp178,0.02818131661570078
h_p21_cp179,0.7723815588442449
h_p21_cp180,0.03764510968085233
h_p21_cp181,0.5401960807903379
h_p21_cp182,0.04685858433276735
h_p21_cp183,0.351858487154459
h_p21_cp184,0.05366926982151199
h_p21_cp185,0.21516889376584913
h_p21_cp186,0.0561397128212775
h_p21_cp187,0.12436841719636504
h_p21_cp188,0.05346760013117091
h_p21_cp189,0.06830431527282599
h_p21_cp190,0.04645903672098939
h_p21_cp191,0.03578580913153928
h_p21_cp192,0.03703242934489026
h_p21_cp193,0.017937601674930193
h_p21_cp194,0.027259689976290247
h_p21_cp195,0.00862090634359447
h_p21_cp196,0.01864944676435698
h_p21_cp197,0.003979338733870463
h_p21_cp198,0.01192386041248028
h_p21_cp199,0.0017666377079876838
h_p21_cp200,0.007157439724778669
h_p21_cp201,0.0007552709182618855
h_p21_cp202,0.004048779561344418
h_p21_cp203,0.00031130031993598095
h_p21_cp204,0.002165191645417508
h_p21_cp205,0.0001238383597410575
h_p21_cp206,0.0010976920198118023
h_p21_cp207,4.7596069180144696e-05
h_p21_cp208,0.0005288933793963224
h_p21_cp209,1.768814126990037e-05
h_p21_cp210,0.00024275881150970235
h_p21_cp211,6.357658094202634e-06
h_p22_cp0,0.19997227866087997
h_p22_cp1,0.0001531918637738272
h_p22_cp2,0.31705043539432154
h_p22_cp3,0.00027477426283439854
h_p22_cp4,0.47310916813466974
h_p22_cp5,0.0004680964757426409
h_p22_cp6,0.658014438165992
h_p22_cp7,0.0007570804200440762
h_p22_cp8,0.8437254869663775
h_p22_cp9,0.001163687604275765
h_p22_cp10,0.9863367996135821
h_p22_cp11,0.0017051406475729891
h_p22_cp12,1.0413796656607701
h_p22_cp13,0.0023964036799952737
h_p22_cp14,0.9888410309254141
h_p22_cp15,0.0032622182661725674
h_p22_cp16,0.8484672222648442
h_p22_cp17,0.004358688105185138
h_p22_cp18,0.6646488562978448
h_p22_cp19,0.005794930499178008
h_p22_cp20,0.4815920196351726
h_p22_cp21,0.0077347173892121646
h_p22_cp22,0.32822502515728047
h_p22_cp23,0.010356004288041731
h_p22_cp24,0.21642611666948142
h_p22_cp25,0.013761952804543398
h_p22_cp26,0.14697293962717595
h_p22_cp27,0.017867765199298447
h_p22_cp28,0.11686138749882957
h_p22_cp29,0.022316126158784755
h_p22_cp30,0.12465004267733093
h_p22_cp31,0.026481713761768333
h_p22_cp32,0.17316105216286815
h_p22_cp33,0.02959949223759395
h_p22_cp34,0.26989959705906585
h_p22_cp35,0.03099287258419281
h_p22_cp36,0.4254257052753019
h_p22_cp37,0.030311645230540307
h_p22_cp38,0.6493928000063534
h_p22_cp39,0.02766345860709407
h_p22_cp40,0.9435635951558652
h_p22_cp41,0.023570470962567924
h_p22_cp42,1.2914420903757673
h_p22_cp43,0.018779067381728964
h_p22_cp44,1.6466382317821626
h_p22_cp45,0.014022448944615462
h_p22_cp46,1.9287275888627846
h_p22_cp47,0.009840553938829544
h_p22_cp48,2.044930413050679
h_p22_cp49,0.006509829368496867
h_p22_cp50,1.9520033189992319
h_p22_cp51,0.004072178889600764
h_p22_cp52,1.715827640801308
h_p22_cp53,0.002416443551737757
h_p22_cp54,1.4506442889023674
h_p22_cp55,0.0013649713741870073
h_p22_cp56,1.2556951364003908
h_p22_cp57,0.000737220309474651
h_p22_cp58,1.1903418251235962
h_p22_cp59,0.000383501777832862
h_p22_cp60,1.2713211499467434
h_p22_cp61,0.00019495737979013938
h_p22_cp62,1.4738663694088245
h_p22_cp63,9.980063214243273e-05
h_p22_cp64,1.732942446787547
h_p22_cp65,5.427852374850772e-05
h_p22_cp66,1.9528496396137598
h_p22_cp67,3.34514725182089e-05
h_p22_cp68,2.035780571989335
h_p22_cp69,2.395336059635156e-05
h_p22_cp70,1.9291148349022933
h_p22_cp71,1.9083966662947205e-05
h_p22_cp72,1.6626955702849955
h_p22_cp73,1.5785847608640324e-05
h_p22_cp74,1.3134334984993075
h_p22_cp75,1.2888383025710937e-05
h_p22_cp76,0.9595218832539558
h_p22_cp77,1.0117817964783171e-05
h_p22_cp78,0.6537753466604954
h_p22_cp79,7.5514008130994625e-06
h_p22_cp80,0.4184752285198101
h_p22_cp81,5.3327892146626255e-06
h_p22_cp82,0.25310636016820354
h_p22_cp83,3.543189450283535e-06
h_p22_cp84,0.3421448360595605
h_p22_cp85,0.413350801948809
h_p22_cp86,0.5559684540844501
h_p22_cp87,0.6441279981490879
h_p22_cp88,0.8503098747746662
h_p22_cp89,0.9565381943145894
h_p22_cp90,1.2107541531136121
h_p22_cp91,1.353193634503441
h_p22_cp92,1.5852606895559802
h_p22_cp93,1.8254697952079368
h_p22_cp94,1.883373815356208
h_p22_cp95,2.352817539081798
h_p22_cp96,2.0053715693011327
h_p22_cp97,2.900521224729573
h_p22_cp98,1.9025323844116429
h_p22_cp99,3.4095641428834824
h_p22_cp100,1.6221906642581416
h_p22_cp101,3.7810474927707673
h_p22_cp102,1.262509920818502
h_p22_cp103,3.894110178368237
h_p22_cp104,0.9123231664048035
h_p22_cp105,3.6847905725621786
h_p22_cp106,0.6224433302118086
h_p22_cp107,3.252900707580011
h_p22_cp108,0.4070318188009878
h_p22_cp109,2.7595895418232885
h_p22_cp110,0.2582154431684103
h_p22_cp111,2.341915891171311
h_p22_cp112,0.16025364815595822
h_p22_cp113,2.0723330662415265
h_p22_cp114,0.09790198464861533
h_p22_cp115,1.9462623776521468
h_p22_cp116,0.059529600483529066
h_p22_cp117,1.8900568558287887
h_p22_cp118,0.037439361434735474
h_p22_cp119,1.7929849564459346
h_p22_cp120,0.027394716096750926
h_p22_cp121,1.574767350415641
h_p22_cp122,0.02840112185185717
h_p22_cp123,1.2644470291329526
h_p22_cp124,0.04314117098238057
h_p22_cp125,0.9326072197379744
h_p22_cp126,0.07917188833744149
h_p22_cp127,0.6372455963503398
h_p22_cp128,0.15082172826078022
h_p22_cp129,0.40695406919212473
h_p22_cp130,0.28141140045590873
h_p22_cp131,0.24496857613644352
h_p22_cp132,0.5047490359388576
h_p22_cp133,0.14028501925417913
h_p22_cp134,0.86364825340479
h_p22_cp135,0.0776440475669915
h_p22_cp136,1.4015001708821728
h_p22_cp137,0.04347104993303219
h_p22_cp138,2.141546391630982
h_p22_cp139,0.028253908755459634
h_p22_cp140,3.0508068256867773
h_p22_cp141,0.0268973058548454
h_p22_cp142,3.99879408757306
h_p22_cp143,0.03829041490917007
h_p22_cp144,4.749178307356033
h_p22_cp145,0.06465670353350106
h_p22_cp146,5.040229910508515
h_p22_cp147,0.11069389378917549
h_p22_cp148,4.749172024681229
h_p22_cp149,0.18220625577237115
h_p22_cp150,3.9987780754377127
h_p22_cp151,0.28394788080549915
h_p22_cp152,3.0507730836352493
h_p22_cp153,0.4167844013124977
h_p22_cp154,2.141480109748045
h_p22_cp155,0.5749968938971506
h_p22_cp156,1.4013762271947598
h_p22_cp157,0.7453740104776898
h_p22_cp158,0.8634261312786293
h_p22_cp159,0.9101807846225256
h_p22_cp160,0.5043649226226989
h_p22_cp161,1.0550358634984605
h_p22_cp162,0.28076369116342903
h_p22_cp163,1.1783388632400147
h_p22_cp164,0.1497405755762884
h_p22_cp165,1.2922275303237711
h_p22_cp166,0.0773532216953754
h_p22_cp167,1.4072171293983047
h_p22_cp168,0.04000936873444516
h_p22_cp169,1.5130882356902475
h_p22_cp170,0.022840711992103024
h_p22_cp171,1.5732112203336328
h_p22_cp172,0.017256681811431918
h_p22_cp173,1.5417703791208623
h_p22_cp174,0.01867487802337564
h_p22_cp175,1.3967723201742501
h_p22_cp176,0.024728821411372337
h_p22_cp177,1.161244044021032
h_p22_cp178,0.03394356824128408
h_p22_cp179,0.8876217241945596
h_p22_cp180,0.04481694266814884
h_p22_cp181,0.6278182638211547
h_p22_cp182,0.055336581300252874
h_p22_cp183,0.41413629297721855
h_p22_cp184,0.06306465694797225
h_p22_cp185,0.2567107731795204
h_p22_cp186,0.06584401409327256
h_p22_cp187,0.15051809250599035
h_p22_cp188,0.06279025318053755
h_p22_cp189,0.08392466401483034
h_p22_cp190,0.05479107206429035
h_p22_cp191,0.0446822502788109
h_p22_cp192,0.04397626998525084
h_p22_cp193,0.02278595097118341
h_p22_cp194,0.0326759342974583
h_p22_cp195,0.011155394609431823
h_p22_cp196,0.02261957877271925
h_p22_cp197,0.005252255332379718
h_p22_cp198,0.014668275733129121
h_p22_cp199,0.0023815038621251006
h_p22_cp200,0.008951267212523817
h_p22_cp201,0.001041141799532852
h_p22_cp202,0.005159472503237339
h_p22_cp203,0.00043931657478424313
h_p22_cp204,0.0028175084466965927
h_p22_cp205,0.00017909204211719043
h_p22_cp206,0.0014614809620070446
h_p22_cp207,7.059709128043323e-05
h_p22_cp208,0.0007217563120320847
h_p22_cp209,2.6927486032946035e-05
h_p22_cp210,0.0003400786526981392
h_p22_cp211,9.938563607647666e-06
h_p23_cp0,0.23365069743977074
h_p23_cp1,0.00021493215899681672
h_p23_cp2,0.3661680946911474
h_p23_cp3,0.000378492055915558
h_p23_cp4,0.5402194505509215
h_p23_cp5,0.0006345182423501683
h_p23_cp6,0.7435230948381104
h_p23_cp7,0.0010125532899110112
h_p23_cp8,0.9451757064211961
h_p23_cp9,0.0015400953084281355
h_p23_cp10,1.098561109934053
h_p23_cp11,0.002240084812456189
h_p23_cp12,1.1574889094426908
h_p23_cp13,0.003134698244593892
h_p23_cp14,1.1015249611282343
h_p23_cp15,0.00425974799100004
h_p23_cp16,0.9508275694920485
h_p23_cp17,0.005688739366178197
h_p23_cp18,0.7515315241375902
h_p23_cp19,0.007554999327112455
h_p23_cp20,0.5506392164343197
h_p23_cp21,0.010049150913800986
h_p23_cp22,0.3801216309771007
h_p23_cp23,0.013368312706916186
h_p23_cp24,0.25430845862410933
h_p23_cp25,0.017612203934277204
h_p23_cp26,0.17541701021991685
h_p23_cp27,0.02265578838660076
h_p23_cp28,0.14100540143954277
h_p23_cp29,0.0280586126164053
h_p23_cp30,0.14974203758083604
h_p23_cp31,0.0330771604817528
h_p23_cp32,0.20449005556884003
h_p23_cp33,0.036815823562392325
h_p23_cp34,0.3129164792685515
h_p23_cp35,0.03848706259350365
h_p23_cp36,0.4858588790839349
h_p23_cp37,0.03768031870049526
h_p23_cp38,0.7331720224506171
h_p23_cp39,0.0345122342673676
h_p23_cp40,1.0562951390766102
h_p23_cp41,0.029582336293060507
h_p23_cp42,1.437073371464976
h_p23_cp43,0.023761855526572617
h_p23_cp44,1.825045291243896
h_p23_cp45,0.01792331912656664
h_p23_cp46,2.1328461427619914
h_p23_cp47,0.012727773717415403
h_p23_cp48,2.2602130360201045
h_p23_cp49,0.008533061056823499
h_p23_cp50,2.161531848832965
h_p23_cp51,0.005416998427790531
h_p23_cp52,1.907239682396721
h_p23_cp53,0.0032662657104083337
h_p23_cp54,1.620804785108703
h_p23_cp55,0.0018770092278828088
h_p23_cp56,1.4092194435856982
h_p23_cp57,0.00103261340973404
h_p23_cp58,1.3353252859965323
h_p23_cp59,0.0005478208163367526
h_p23_cp60,1.415395366265784
h_p23_cp61,0.000284284269582713
h_p23_cp62,1.6219222435875054
h_p23_cp63,0.0001484870767853863
h_p23_cp64,1.8867540295045728
h_p23_cp65,8.205001358874142e-05
h_p23_cp66,2.1114800782527254
h_p23_cp67,5.0902603561553406e-05
h_p23_cp68,2.1953751252381153
h_p23_cp69,3.635320240391593e-05
h_p23_cp70,2.0834568726620546
h_p23_cp71,2.880603028643236e-05
h_p23_cp72,1.8056248564400903
h_p23_cp73,2.376232691858604e-05
h_p23_cp74,1.439650980629267
h_p23_cp75,1.942791436704283e-05
h_p23_cp76,1.0648430932028532
h_p23_cp77,1.532911187496211e-05
h_p23_cp78,0.736209594450429
h_p23_cp79,1.1532315738804755e-05
h_p23_cp80,0.4788831122427837
h_p23_cp81,8.227063062804518e-06
h_p23_cp82,0.29464990234623656
h_p23_cp83,5.528718929781462e-06
h_p23_cp84,0.39455642055781937
h_p23_cp85,0.47525770005722734
h_p23_cp86,0.6325505079121285
h_p23_cp87,0.7320838439229647
h_p23_cp88,0.9546458532013276
h_p23_cp89,1.0755995638098739
h_p23_cp90,1.342804249207802
h_p23_cp91,1.5066991386120208
h_p23_cp92,1.7405259393008237
h_p23_cp93,2.013742625154464
h_p23_cp94,2.053622796921445
h_p23_cp95,2.571978883542897
h_p23_cp96,2.181029996527741
h_p23_cp97,3.142963103334978
h_p23_cp98,2.0748886780706925
h_p23_cp99,3.667361097646335
h_p23_cp100,1.7814663946460314
h_p23_cp101,4.048892724936877
h_p23_cp102,1.4001061674812263
h_p23_cp103,4.165918013477722
h_p23_cp104,1.0232751841704157
h_p23_cp105,3.9498106682901835
h_p23_cp106,0.7062141711230652
h_p23_cp107,3.507733068571042
h_p23_cp108,0.46673068531663375
h_p23_cp109,3.003182447518384
h_p23_cp110,0.29886984825679974
h_p23_cp111,2.5707256390739985
h_p23_cp112,0.18710744916324984
h_p23_cp113,2.282431169186566
h_p23_cp114,0.11539942863601027
h_p23_cp115,2.136029153282607
h_p23_cp116,0.07104419570123355
h_p23_cp117,2.05988432289746
h_p23_cp118,0.04547068207330085
h_p23_cp119,1.9425227257675033
h_p23_cp120,0.033956286107240885
h_p23_cp121,1.702412487758238
h_p23_cp122,0.03545822743581084
h_p23_cp123,1.3696765848121686
h_p23_cp124,0.053067077524701745
h_p23_cp125,1.016716498565529
h_p23_cp126,0.09522444992580859
h_p23_cp127,0.7020188055323615
h_p23_cp128,0.17760801596659803
h_p23_cp129,0.4544134566331195
h_p23_cp130,0.3252163791003113
h_p23_cp131,0.27781785431602657
h_p23_cp132,0.5734447266445386
h_p23_cp133,0.16184546653653342
h_p23_cp134,0.9656632760666071
h_p23_cp135,0.09134244702181604
h_p23_cp136,1.5431537729514275
h_p23_cp137,0.052400000784928125
h_p23_cp138,2.322554360097456
h_p23_cp139,0.03504659418604206
h_p23_cp140,3.260109531092894
h_p23_cp141,0.033864240328966844
h_p23_cp142,4.2167626278046555
h_p23_cp143,0.04766609111652542
h_p23_cp144,4.96104306259258
h_p23_cp145,0.07882046717804769
h_p23_cp146,5.248617346523588
h_p23_cp147,0.13227930186690173
h_p23_cp148,4.961033218040484
h_p23_cp149,0.21406993839741517
h_p23_cp150,4.216737964371077
h_p23_cp151,0.3290205997359408
h_p23_cp152,3.260058693870633
h_p23_cp153,0.4778450428505039
h_p23_cp154,2.322456803784462
h_p23_cp155,0.6543811931328491
h_p23_cp156,1.5429755227046371
h_p23_cp157,0.8446236632455566
h_p23_cp158,0.9653509564932392
h_p23_cp159,1.0297506206202343
h_p23_cp160,0.572916436831747
h_p23_cp161,1.194268508184905
h_p23_cp162,0.32434492845732166
h_p23_cp163,1.3356649727898002
h_p23_cp164,0.17618548457858196
h_p23_cp165,1.4651850313066461
h_p23_cp166,0.09288532189066245
h_p23_cp167,1.592020818082574
h_p23_cp168,0.04912874683532209
h_p23_cp169,1.7041841274074159
h_p23_cp170,0.028610422528345225
h_p23_cp171,1.763624924311216
h_p23_cp172,0.02169053027546397
h_p23_cp173,1.7241878405357056
h_p23_cp174,0.023080371439846203
h_p23_cp175,1.5642444494608299
h_p23_cp176,0.02994604701143544
h_p23_cp177,1.3076208133977616
h_p23_cp178,0.040470870882927557
h_p23_cp179,1.0083491088573737
h_p23_cp180,0.05284660441475353
h_p23_cp181,0.7212034001579468
h_p23_cp182,0.06474838408666983
h_p23_cp183,0.48179084744811007
h_p23_cp184,0.07343820736787166
h_p23_cp185,0.3027310969946484
h_p23_cp186,0.076535329932085
h_p23_cp187,0.180046366840088
h_p23_cp188,0.07307260145444161
h_p23_cp189,0.10188979459212533
h_p23_cp190,0.06401906905784926
h_p23_cp191,0.05509660851021181
h_p23_cp192,0.05171726330445381
h_p23_cp193,0.028561176820630862
h_p23_cp194,0.03876422864732376
h_p23_cp195,0.014228130334913658
h_p23_cp196,0.027126085896270524
h_p23_cp197,0.006824048480893907
h_p23_cp198,0.01781892284998321
h_p23_cp199,0.0031555756850139005
h_p23_cp200,0.011037914433927654
h_p23_cp201,0.0014085075902130484
h_p23_cp202,0.006471414103089046
h_p23_cp203,0.0006074540688132402
h_p23_cp204,0.0036017409379383025
h_p23_cp205,0.0002533511033107061
h_p23_cp206,0.0019076780617979239
h_p23_cp207,0.00010226263407275837
h_p23_cp208,0.0009636324953135045
h_p23_cp209,3.996860709776229e-05
h_p23_cp210,0.0004651331478271459
h_p23_cp211,1.5123812090678257e-05
h_p24_cp0,0.27040518050444007
h_p24_cp1,0.0002947421862700139
h_p24_cp2,0.4187478620251568
h_p24_cp3,0.000510445895997691
h_p24_cp4,0.6107555131952722
h_p24_cp5,0.0008434590959041088
h_p24_cp6,0.8319521774478744
h_p24_cp7,0.0013299554234436073
h_p24_cp8,1.0486956669737992
h_p24_cp9,0.002004160758588114
h_p24_cp10,1.211981998131705
h_p24_cp11,0.0028962070300622145
h_p24_cp12,1.274415553588824
h_p24_cp13,0.004037330727442168
h_p24_cp14,1.2154508729777262
h_p24_cp15,0.00547661642804087
h_p24_cp16,1.0553576164661536
h_p24_cp17,0.0073072584241344885
h_p24_cp18,0.8415090562193654
h_p24_cp19,0.00968855557448478
h_p24_cp20,0.623394812240349
h_p24_cp21,0.01283832465969681
h_p24_cp22,0.435922256066533
h_p24_cp23,0.016970865813163982
h_p24_cp24,0.29593962506896787
h_p24_cp25,0.02217760038047345
h_p24_cp26,0.20730052783756037
h_p24_cp27,0.02828558482178778
h_p24_cp28,0.1683500852382167
h_p24_cp29,0.034761449781854026
h_p24_cp30,0.17803467069961698
h_p24_cp31,0.04073277401857922
h_p24_cp32,0.23935589452230488
h_p24_cp33,0.04516310145663738
h_p24_cp34,0.3602044247077174
h_p24_cp35,0.0471454478592932
h_p24_cp36,0.5517537516898301
h_p24_cp37,0.04620344477461913
h_p24_cp38,0.8241011554569013
h_p24_cp39,0.04246142828469601
h_p24_cp40,1.1782925326729128
h_p24_cp41,0.036599951365133165
h_p24_cp42,1.5941557788432874
h_p24_cp43,0.029623772608374566
h_p24_cp44,2.0164435572755792
h_p24_cp45,0.022557407206932112
h_p24_cp46,2.3503585078606193
h_p24_cp47,0.016197449831452104
h_p24_cp48,2.4889365397984875
h_p24_cp49,0.010996556438385596
h_p24_cp50,2.3851380815899574
h_p24_cp51,0.00707843632562799
h_p24_cp52,2.1129312620419114
h_p24_cp53,0.0043329126410753815
h_p24_cp54,1.804107377094624
h_p24_cp55,0.0025307285154667625
h_p24_cp56,1.5737465101356065
h_p24_cp57,0.0014166747641866095
h_p24_cp58,1.4888113819988575
h_p24_cp59,0.0007656427123947651
h_p24_cp60,1.5656582910783072
h_p24_cp61,0.0004051173687003029
h_p24_cp62,1.7745586322912459
h_p24_cp63,0.00021566899567915243
h_p24_cp64,2.0444544626257084
h_p24_cp65,0.00012100971753170597
h_p24_cp66,2.2737511333291422
h_p24_cp67,7.56051781536371e-05
h_p24_cp68,2.358251228789868
h_p24_cp69,5.391346007854736e-05
h_p24_cp70,2.2407571841695244
h_p24_cp71,4.2523135562078096e-05
h_p24_cp72,1.9510080010722959
h_p24_cp73,3.4985836919076974e-05
h_p24_cp74,1.5680814756847212
h_p24_cp75,2.8634243562919437e-05
h_p24_cp76,1.1727220879927245
h_p24_cp77,2.269418655487243e-05
h_p24_cp78,0.8217827720445712
h_p24_cp79,1.7196466615132522e-05
h_p24_cp80,0.5427342506454806
h_p24_cp81,1.2381709211695124e-05
h_p24_cp82,0.3394674396843129
h_p24_cp83,8.407351288042264e-06
h_p24_cp84,0.4505015404779442
h_p24_cp85,0.5409234668422869
h_p24_cp86,0.7124937089702144
h_p24_cp87,0.8239138019566781
h_p24_cp88,1.0612657665988081
h_p24_cp89,1.198156203314511
h_p24_cp90,1.4750494510440149
h_p24_cp91,1.6627705570870148
h_p24_cp92,1.8930243533518478
h_p24_cp93,2.203197337861866
h_p24_cp94,2.2180913235392836
h_p24_cp95,2.791163573128415
h_p24_cp96,2.349589302264576
h_p24_cp97,3.3860272392860224
h_p24_cp98,2.2414600557717677
h_p24_cp99,3.9290253687941004
h_p24_cp100,1.937971430809739
h_p24_cp101,4.324274598256807
h_p24_cp102,1.5379036623162392
h_p24_cp103,4.445896243431207
h_p24_cp104,1.1365398108564477
h_p24_cp105,4.2231275852252566
h_p24_cp106,0.7934115094517438
h_p24_cp107,3.7676144333281627
h_p24_cp108,0.5300787890405445
h_p24_cp109,3.2485613176174866
h_p24_cp110,0.3427781322643568
h_p24_cp111,2.800611318774145
h_p24_cp112,0.2165489468152373
h_p24_cp113,2.4949647906184964
h_p24_cp114,0.13482749595596033
h_p24_cp115,2.330055736757913
h_p24_cp116,0.08398956457313034
h_p24_cp117,2.234760656912158
h_p24_cp118,0.054634483837617154
h_p24_cp119,2.096777657864095
h_p24_cp120,0.041553109264441446
h_p24_cp121,1.8345641657472243
h_p24_cp122,0.04365064784815331
h_p24_cp123,1.478663038659306
h_p24_cp124,0.06442998477587025
h_p24_cp125,1.1034550494368887
h_p24_cp126,0.11321496403115816
h_p24_cp127,0.7686633514283585
h_p24_cp128,0.20698256061587017
h_p24_cp129,0.5035149213647401
h_p24_cp130,0.3722308656865607
h_p24_cp131,0.3122780750572929
h_p24_cp132,0.6454945446776037
h_p24_cp133,0.18492148952168463
h_p24_cp134,1.0698207750119764
h_p24_cp135,0.10637039518951497
h_p24_cp136,1.6831376383315728
h_p24_cp137,0.06247646364067805
h_p24_cp138,2.494750540766745
h_p24_cp139,0.04290385183185208
h_p24_cp140,3.4519448507567176
h_p24_cp141,0.04196305827827018
h_p24_cp142,4.412713697674008
h_p24_cp143,0.058401754123678984
h_p24_cp144,5.1549585212096645
h_p24_cp145,0.09472176217832384
h_p24_cp146,5.444335313274223
h_p24_cp147,0.15611858280840352
h_p24_cp148,5.154943596764497
h_p24_cp149,0.24885327052447792
h_p24_cp150,4.412676886119698
h_p24_cp151,0.37786348252848256
h_p24_cp152,3.4518704964589233
h_p24_cp153,0.5437409266683062
h_p24_cp154,2.4946109019233518
h_p24_cp155,0.7398541363247659
h_p24_cp156,1.682887907606073
h_p24_cp157,0.9512975677532722
h_p24_cp158,1.0693922632285648
h_p24_cp159,1.1579907563395864
h_p24_cp160,0.6447844068566155
h_p24_cp161,1.343084939693199
h_p24_cp162,0.37108309172481313
h_p24_cp163,1.5028468387517933
h_p24_cp164,0.20514732534866198
h_p24_cp165,1.6473817033463547
h_p24_cp166,0.11026001541085861
h_p24_cp167,1.7845957394752077
h_p24_cp168,0.0595567057939661
h_p24_cp169,1.90121589344335
h_p24_cp170,0.03533612956016441
h_p24_cp171,1.9584649779158099
h_p24_cp172,0.026893161718817282
h_p24_cp173,1.9101632019680892
h_p24_cp174,0.028195633041377732
h_p24_cp175,1.734952429801524
h_p24_cp176,0.03589953439814053
h_p24_cp177,1.4575605942154652
h_p24_cp178,0.04780490597613607
h_p24_cp179,1.1333672544105866
h_p24_cp180,0.06176173794938222
h_p24_cp181,0.8194310890610268
h_p24_cp182,0.07510800889986058
h_p24_cp183,0.554276463162978
h_p24_cp184,0.08479432234889828
h_p24_cp185,0.35300929380127855
h_p24_cp186,0.08821386825229638
h_p24_cp187,0.21294179912069922
h_p24_cp188,0.08431623805790878
h_p24_cp189,0.12228558133642764
h_p24_cp190,0.0741510821844713
h_p24_cp191,0.06713715876549031
h_p24_cp192,0.060273134888120694
h_p24_cp193,0.03535731520241825
h_p24_cp194,0.045550959040610906
h_p24_cp195,0.017908023012296326
h_p24_cp196,0.03219956028397064
h_p24_cp197,0.008740247160176295
h_p24_cp198,0.02140570606889014
h_p24_cp199,0.004116829381018761
h_p24_cp200,0.013443367081890756
h_p24_cp201,0.0018736167419319827
h_p24_cp202,0.008005411117665062
h_p24_cp203,0.000824707706897243
h_p24_cp204,0.004533584311957384
h_p24_cp205,0.00035138069915774395
h_p24_cp206,0.0024475573623021774
h_p24_cp207,0.00014501225768981385
h_p24_cp208,0.0012622533558896976
h_p24_cp209,5.7989212564280024e-05
h_p24_cp210,0.0006229755908861989
h_p24_cp211,2.2462232891484746e-05
h_p25_cp0,0.31001886632611786
h_p25_cp1,0.0003961263628298184
h_p25_cp2,0.4743539882215373
h_p25_cp3,0.0006756955349374039
h_p25_cp4,0.6840048804815524
h_p25_cp5,0.0011020586266567989
h_p25_cp6,0.9222445677323776
h_p25_cp7,0.0017191623551298107
h_p25_cp8,1.152845148833876
h_p25_cp9,0.002569300067534641
h_p25_cp10,1.324870957179428
h_p25_cp11,0.0036914083757437766
h_p25_cp12,1.3903464535237617
h_p25_cp13,0.005127720863583818
h_p25_cp14,1.3288919260012335
h_p25_cp15,0.00694277869661164
h_p25_cp16,1.1606219263471758
h_p25_cp17,0.00925156757057266
h_p25_cp18,0.9335348378813251
h_p25_cp19,0.012240728104188747
h_p25_cp20,0.6991657320018021
h_p25_cp21,0.01615504048686489
h_p25_cp22,0.49522247864024393
h_p25_cp23,0.021223364485194907
h_p25_cp24,0.34114846355305417
h_p25_cp25,0.02752342824715015
h_p25_cp26,0.24262595665095432
h_p25_cp27,0.03482643230472604
h_p25_cp28,0.19900897035449816
h_p25_cp29,0.04249637278871887
h_p25_cp30,0.2097061979056889
h_p25_cp31,0.04952156969238786
h_p25_cp32,0.2779835842652574
h_p25_cp33,0.05471495931897152
h_p25_cp34,0.41203879585555114
h_p25_cp35,0.05704209832902052
h_p25_cp36,0.6234311949151561
h_p25_cp37,0.05595558552568036
h_p25_cp38,0.9224681687805969
h_p25_cp39,0.0515859827883105
h_p25_cp40,1.3095574784379096
h_p25_cp41,0.04469794789383741
h_p25_cp42,1.7619481766801073
h_p25_cp43,0.036437649412619066
h_p25_cp44,2.2190098813798613
h_p25_cp45,0.027993565115139063
h_p25_cp46,2.5787260020911162
h_p25_cp47,0.020312035940150963
h_p25_cp48,2.7285548994223063
h_p25_cp49,0.013954309544260468
h_p25_cp50,2.6202625954451833
h_p25_cp51,0.009100819756895362
h_p25_cp52,2.331011653425776
h_p25_cp53,0.005650901890021487
h_p25_cp54,1.9996731330506918
h_p25_cp55,0.003351653821027867
h_p25_cp56,1.7491041192706689
h_p25_cp57,0.0019073914504588174
h_p25_cp58,1.6510126418338587
h_p25_cp59,0.0010491263010408147
h_p25_cp60,1.7226217144352631
h_p25_cp61,0.0005654274614244059
h_p25_cp62,1.932474703734897
h_p25_cp63,0.00030650172629975714
h_p25_cp64,2.206520630144041
h_p25_cp65,0.00017452878773838165
h_p25_cp66,2.439480890479672
h_p25_cp67,0.00010985190920109744
h_p25_cp68,2.5237748680724508
h_p25_cp69,7.829099968148512e-05
h_p25_cp70,2.4007364953010892
h_p25_cp71,6.151061597847729e-05
h_p25_cp72,2.099117374097659
h_p25_cp73,5.0483554559832555e-05
h_p25_cp74,1.6991055148073428
h_p25_cp75,4.13504171774548e-05
h_p25_cp76,1.283260798401443
h_p25_cp77,3.290154995738703e-05
h_p25_cp78,0.9103156376961579
h_p25_cp79,2.5093842396017862e-05
h_p25_cp80,0.6097678100418307
h_p25_cp81,1.8220895753984223e-05
h_p25_cp82,0.3873734602393597
h_p25_cp83,1.2489522760006366e-05
h_p25_cp84,0.5094965585681166
h_p25_cp85,0.6100462453846376
h_p25_cp86,0.794940994560875
h_p25_cp87,0.9192583977173854
h_p25_cp88,1.1687688373904166
h_p25_cp89,1.3239014493656214
h_p25_cp90,1.6053085865196408
h_p25_cp91,1.8213187646219922
h_p25_cp92,2.0397500114245304
h_p25_cp93,2.3942794674840115
h_p25_cp94,2.3733731092656853
h_p25_cp95,3.0118036156934522
h_p25_cp96,2.507660854054393
h_p25_cp97,3.6319899204167996
h_p25_cp98,2.398828717014112
h_p25_cp99,4.195936351117325
h_p25_cp100,2.0886789436626714
h_p25_cp101,4.6060546864021035
h_p25_cp102,1.6736945749316874
h_p25_cp103,4.732516220766229
h_p25_cp104,1.2506877429705128
h_p25_cp105,4.503512761342563
h_p25_cp106,0.8831500841010893
h_p25_cp107,4.03381726453631
h_p25_cp108,0.5965650351827207
h_p25_cp109,3.498041592617483
h_p25_cp110,0.3896982277483403
h_p25_cp111,3.0332026294167918
h_p25_cp112,0.24851296511997134
h_p25_cp113,2.710356431528453
h_p25_cp114,0.15621561355874292
h_p25_cp115,2.5276240324549235
h_p25_cp116,0.09843345061062792
h_p25_cp117,2.413471023979355
h_p25_cp118,0.06500977521409368
h_p25_cp119,2.25504526211148
h_p25_cp120,0.050267453749256674
h_p25_cp121,1.970283428511948
h_p25_cp122,0.053061541725128336
h_p25_cp123,1.5909335813030339
h_p25_cp124,0.0773051771293467
h_p25_cp125,1.1929232755041994
h_p25_cp126,0.13318208810005672
h_p25_cp127,0.8374229652586109
h_p25_cp128,0.2388769526928627
h_p25_cp129,0.5543689758355868
h_p25_cp130,0.4221373447617225
h_p25_cp131,0.34833486469960917
h_p25_cp132,0.7201149451352649
h_p25_cp133,0.20947291258380574
h_p25_cp134,1.1747230800856414
h_p25_cp135,0.1227207649706088
h_p25_cp136,1.819859358030044
h_p25_cp137,0.07373386894664691
h_p25_cp138,2.658214702474652
h_p25_cp139,0.051885067581906696
h_p25_cp140,3.6317587420589916
h_p25_cp141,0.051263678769373655
h_p25_cp142,4.600751959510035
h_p25_cp143,0.07057012415725694
h_p25_cp144,5.35166076285941
h_p25_cp145,0.11243939921178026
h_p25_cp146,5.648295384346966
h_p25_cp147,0.18231153976353198
h_p25_cp148,5.351638797366832
h_p25_cp149,0.28669699317902086
h_p25_cp150,4.600698546038984
h_p25_cp151,0.4306665185165457
h_p25_cp152,3.631652849223883
h_p25_cp153,0.6146904364798047
h_p25_cp154,2.658019770486135
h_p25_cp155,0.8316110329474213
h_p25_cp156,1.819517616360372
h_p25_cp157,1.065498471456067
h_p25_cp158,1.1741479823049303
h_p25_cp159,1.294829947633616
h_p25_cp160,0.7191798789908717
h_p25_cp161,1.50116561170762
h_p25_cp162,0.4206544453809329
h_p25_cp163,1.6793035519594923
h_p25_cp164,0.23655100544783636
h_p25_cp165,1.8380579374356785
h_p25_cp166,0.1295091436063558
h_p25_cp167,1.9842300451819028
h_p25_cp168,0.07136145479626066
h_p25_cp169,2.103785553536909
h_p25_cp170,0.043092417723073595
h_p25_cp171,2.1576869482848906
h_p25_cp172,0.032934183868746914
h_p25_cp173,2.099745186205382
h_p25_cp174,0.03408093644929977
h_p25_cp175,1.9088038409424826
h_p25_cp176,0.042637516073227744
h_p25_cp177,1.6105975966370352
h_p25_cp178,0.05597950716537525
h_p25_cp179,1.261913227413288
h_p25_cp180,0.0715810668452832
h_p25_cp181,0.9217266037173886
h_p25_cp182,0.08642135417539976
h_p25_cp183,0.6310290349097158
h_p25_cp184,0.09713044620502842
h_p25_cp185,0.40725034845013397
h_p25_cp186,0.10087329939278789
h_p25_cp187,0.2491219464295682
h_p25_cp188,0.09651565999320155
h_p25_cp189,0.14515072604740453
h_p25_cp190,0.08518673200615012
h_p25_cp191,0.08088808692082239
h_p25_cp192,0.06965214490946892
h_p25_cp193,0.04325951322994115
h_p25_cp194,0.05305387476028045
h_p25_cp195,0.022262763295884724
h_p25_cp196,0.03786452914482652
h_p25_cp197,0.011048016398945038
h_p25_cp198,0.025455384483393573
h_p25_cp199,0.005295373080571153
h_p25_cp200,0.01619263263137327
h_p25_cp201,0.0024544794084704336
h_p25_cp202,0.009782460586393427
h_p25_cp203,0.001101297754985353
h_p25_cp204,0.005629364022297523
h_p25_cp205,0.00047871914307506813
h_p25_cp206,0.0030930842158340965
h_p25_cp207,0.00020172102790638746
h_p25_cp208,0.0016259566427834216
h_p25_cp209,8.242050785156607e-05
h_p25_cp210,0.0008191437309506
h_p25_cp211,3.263632925154525e-05
h_p26_cp0,0.3522142390370391
h_p26_cp1,0.0005229681692071608
h_p26_cp2,0.5324644761722084
h_p26_cp3,0.0008797989912636694
h_p26_cp4,0.7591252153724781
h_p26_cp5,0.0014180993493937422
h_p26_cp6,1.013187621087127
h_p26_cp7,0.002190851647810632
h_p26_cp8,1.256091060136896
h_p26_cp9,0.003249881850933889
h_p26_cp10,1.4355492930681066
h_p26_cp11,0.0046446504593404825
h_p26_cp12,1.5036006861914757
h_p26_cp13,0.0064303747485610074
h_p26_cp14,1.440171557308986
h_p26_cp15,0.008689178142049059
h_p26_cp16,1.2650929626465768
h_p26_cp17,0.011559714625491324
h_p26_cp18,1.026407518303131
h_p26_cp19,0.015256911736287293
h_p26_cp20,0.7771295184929841
h_p26_cp21,0.020051694920312002
h_p26_cp22,0.5575316273107092
h_p26_cp23,0.0261842264058032
h_p26_cp24,0.3897029198083146
h_p26_cp25,0.03371262745122294
h_p26_cp26,0.2813491908400465
h_p26_cp27,0.042344049379607895
h_p26_cp28,0.23306349650738412
h_p26_cp29,0.05133025316536077
h_p26_cp30,0.24491722724087595
h_p26_cp31,0.05951040852323786
h_p26_cp32,0.320586330713013
h_p26_cp33,0.06553776447799464
h_p26_cp34,0.4686643534269024
h_p26_cp35,0.06824308513705546
h_p26_cp36,0.7011096506994363
h_p26_cp37,0.06700312086331905
h_p26_cp38,1.02830401977144
h_p26_cp39,0.06195310670091203
h_p26_cp40,1.4496384594403935
h_p26_cp41,0.05394427505279964
h_p26_cp42,1.9392376639348186
h_p26_cp43,0.04427115173348284
h_p26_cp44,2.4308449088116504
h_p26_cp45,0.034297246969345
h_p26_cp46,2.8157650931007083
h_p26_cp47,0.025132344424491748
h_p26_cp48,2.9767222360228516
h_p26_cp49,0.01746017864707028
h_p26_cp50,2.8646962908842397
h_p26_cp51,0.011529435712873237
h_p26_cp52,2.559517945514017
h_p26_cp53,0.0072563475073366135
h_p26_cp54,2.2061884801864835
h_p26_cp55,0.00436713359931673
h_p26_cp56,1.9347485610401236
h_p26_cp57,0.002524503146105417
h_p26_cp58,1.821949930950268
h_p26_cp59,0.0014119409311206255
h_p26_cp60,1.8865478170391725
h_p26_cp61,0.0007743930450487824
h_p26_cp62,2.0956955179840406
h_p26_cp63,0.0004270592903594661
h_p26_cp64,2.372141905918852
h_p26_cp65,0.0002466592486598529
h_p26_cp66,2.6068215679122204
h_p26_cp67,0.00015643899132555816
h_p26_cp68,2.689695615157234
h_p26_cp69,0.00011152202500852582
h_p26_cp70,2.561458259811843
h_p26_cp71,8.733870799915167e-05
h_p26_cp72,2.2489579043810863
h_p26_cp73,7.151929321480566e-05
h_p26_cp74,1.8324757260954811
h_p26_cp75,5.861341946911125e-05
h_p26_cp76,1.3964268607189751
h_p26_cp77,4.6799539177300176e-05
h_p26_cp78,1.0016979271611035
h_p26_cp79,3.590477649595414e-05
h_p26_cp80,0.6797979686584767
h_p26_cp81,2.627230082907772e-05
h_p26_cp82,0.4382055577466417
h_p26_cp83,1.8163834738516016e-05
h_p26_cp84,0.5709668083386532
h_p26_cp85,0.6823945989035565
h_p26_cp86,0.8788815914399493
h_p26_cp87,1.0178615137390352
h_p26_cp88,1.2755585276627244
h_p26_cp89,1.452609474890778
h_p26_cp90,1.7313891843691636
h_p26_cp91,1.98223460891586
h_p26_cp92,2.1783048774696
h_p26_cp93,2.5871765438050716
h_p26_cp94,2.517533103315145
h_p26_cp95,3.2345064519261086
h_p26_cp96,2.653805986197767
h_p26_cp97,3.881476214111217
h_p26_cp98,2.5450520084305026
h_p26_cp99,4.468223660086096
h_p26_cp100,2.2311782250194483
h_p26_cp101,4.894828507942975
h_p26_cp102,1.8052727042090737
h_p26_cp103,5.027622908155308
h_p26_cp104,1.3641106038071484
h_p26_cp105,4.79157923064804
h_p26_cp106,0.9744087355052216
h_p26_cp107,4.3066271788304675
h_p26_cp108,0.6656035165251524
h_p26_cp109,3.752659088139353
h_p26_cp110,0.4393397566677777
h_p26_cp111,3.2696385055255632
h_p26_cp112,0.28289750246312906
h_p26_cp113,2.929194122793888
h_p26_cp114,0.17956808500730403
h_p26_cp115,2.729107520201296
h_p26_cp116,0.11443012647714568
h_p26_cp117,2.597245689588817
h_p26_cp118,0.07666984317711467
h_p26_cp119,2.419272483102077
h_p26_cp120,0.06017835001966887
h_p26_cp121,2.1108815102968492
h_p26_cp122,0.06376814843633838
h_p26_cp123,1.7067854144893317
h_p26_cp124,0.09175321734437603
h_p26_cp125,1.2851653224652182
h_p26_cp126,0.15513228476265795
h_p26_cp127,0.908395946623159
h_p26_cp128,0.27316590233840543
h_p26_cp129,0.6070578854537416
h_p26_cp130,0.4745561617532985
h_p26_cp131,0.38600555143761994
h_p26_cp132,0.7965722368535353
h_p26_cp133,0.23548683980357055
h_p26_cp134,1.2794643812235336
h_p26_cp135,0.1403943342832008
h_p26_cp136,1.9532182439479584
h_p26_cp137,0.08620241795574657
h_p26_cp138,2.815801502310478
h_p26_cp139,0.062044260960419706
h_p26_cp140,3.807646526683129
h_p26_cp141,0.06183328429710855
h_p26_cp142,4.793212049635258
h_p26_cp143,0.08424616573256571
h_p26_cp144,5.561601334007264
h_p26_cp145,0.13205990597066375
h_p26_cp146,5.866465059416896
h_p26_cp147,0.2109673636032312
h_p26_cp148,5.561569855477956
h_p26_cp149,0.327742349206801
h_p26_cp150,4.793136492483427
h_p26_cp151,0.4875962986197919
h_p26_cp152,3.807499291714066
h_p26_cp153,0.6908519471871841
h_p26_cp154,2.81553545367251
h_p26_cp155,0.9297425497586573
h_p26_cp156,1.9527604065642663
h_p26_cp157,1.1871747958721244
h_p26_cp158,1.2787077782859342
h_p26_cp159,1.4400083785835704
h_p26_cp160,0.7953637693531164
h_p26_cp161,1.6680279495835748
h_p26_cp162,0.4726733344209606
h_p26_cp163,1.86440063246323
h_p26_cp164,0.270264978682917
h_p26_cp165,2.036615120969145
h_p26_cp166,0.15063286430540757
h_p26_cp167,2.190602689401885
h_p26_cp168,0.08459680842088346
h_p26_cp169,2.311968468715577
h_p26_cp170,0.05194787329264727
h_p26_cp171,2.36161567952081
h_p26_cp172,0.039879929699509375
h_p26_cp173,2.2932963999530784
h_p26_cp174,0.040792939057610056
h_p26_cp175,2.0861040243091793
h_p26_cp176,0.050203187829538365
h_p26_cp177,1.7667950482211836
h_p26_cp178,0.06502272104808071
h_p26_cp179,1.3936970031804776
h_p26_cp180,0.0823183869542845
h_p26_cp181,1.0275884109857998
h_p26_cp182,0.09869133920028617
h_p26_cp183,0.7115701626023565
h_p26_cp184,0.11044284946456173
h_p26_cp185,0.4651412575556151
h_p26_cp186,0.1145068680471013
h_p26_cp187,0.2884552151240314
h_p26_cp188,0.10966408788635817
h_p26_cp189,0.1704809755945007
h_p26_cp190,0.0971224206405168
h_p26_cp191,0.09640728129215859
h_p26_cp192,0.07985720723127088
h_p26_cp193,0.052340861326001686
h_p26_cp194,0.06128434871152422
h_p26_cp195,0.027356552435321646
h_p26_cp196,0.0441398874704646
h_p26_cp197,0.013794947032465643
h_p26_cp198,0.02999099398857652
h_p26_cp199,0.0067229445073735405
h_p26_cp200,0.019308973056922696
h_p26_cp201,0.0031707237426417123
h_p26_cp202,0.011823195276519982
h_p26_cp203,0.0014486694417428225
h_p26_cp204,0.006905746060056117
h_p26_cp205,0.0006417177937692031
h_p26_cp206,0.0038568029290217964
h_p26_cp207,0.00027576014235819457
h_p26_cp208,0.002063660093881481
h_p26_cp209,0.00011497759192025114
h_p26_cp210,0.0010596652664389694
h_p26_cp211,4.64820100205543e-05
h_p27_cp0,0.3966482369969526
h_p27_cp1,0.0006795384128963633
h_p27_cp2,0.5924764628061894
h_p27_cp3,0.001128810402860836
h_p27_cp4,0.8352093332514414
h_p27_cp5,0.0017999809374487086
h_p27_cp6,1.1036180058613354
h_p27_cp7,0.0027564344709389843
h_p27_cp8,1.3572073095901942
h_p27_cp9,0.0040610951800772455
h_p27_cp10,1.5429542611277611
h_p27_cp11,0.00577574230828759
h_p27_cp12,1.613250404775954
h_p27_cp13,0.007970579612901929
h_p27_cp14,1.5482297315206779
h_p27_cp15,0.010747343003004062
h_p27_cp16,1.3675511693295448
h_p27_cp17,0.014269967694417574
h_p27_cp18,1.118976128923805
h_p27_cp19,0.018782156625093194
h_p27_cp20,0.8563996956445408
h_p27_cp21,0.024579558134064428
h_p27_cp22,0.6222785949435092
h_p27_cp23,0.031909745659049804
h_p27_cp24,0.44130561098381804
h_p27_cp25,0.040804815675528516
h_p27_cp26,0.3233778881303806
h_p27_cp27,0.05089945921827166
h_p27_cp28,0.2705614390147275
h_p27_cp29,0.061323777279085334
h_p27_cp30,0.2838045806811351
h_p27_cp31,0.07075848208432944
h_p27_cp32,0.3673499638307476
h_p27_cp33,0.0776889334306361
h_p27_cp34,0.5302656639987617
h_p27_cp35,0.08080467872423469
h_p27_cp36,0.784870653399139
h_p27_cp37,0.07940239669869698
h_p27_cp38,1.1413985987060187
h_p27_cp39,0.07362044181309102
h_p27_cp40,1.597796843514061
h_p27_cp41,0.06439844135957173
h_p27_cp42,2.1246208659258627
h_p27_cp43,0.05318514413283992
h_p27_cp44,2.649936511530086
h_p27_cp45,0.041529037619511655
h_p27_cp46,3.058966966756543
h_p27_cp47,0.03071628384941505
h_p27_cp48,3.230692089023705
h_p27_cp49,0.021566868831541797
h_p27_cp50,3.115903731013532
h_p27_cp51,0.014409772944873112
h_p27_cp52,2.796382613701553
h_p27_cp53,0.00918644774810673
h_p27_cp54,2.4221746603429892
h_p27_cp55,0.005606036785138713
h_p27_cp56,2.129865002679253
h_p27_cp57,0.0032893578668335977
h_p27_cp58,2.001306003501668
h_p27_cp59,0.001869229598014499
h_p27_cp60,2.057180336565125
h_p27_cp61,0.001042425762534549
h_p27_cp62,2.263444382544094
h_p27_cp63,0.0005843884532623633
h_p27_cp64,2.539674135374753
h_p27_cp65,0.00034219525559819886
h_p27_cp66,2.773619678573368
h_p27_cp67,0.0002187233521908638
h_p27_cp68,2.8539394205993176
h_p27_cp69,0.00015607110071869101
h_p27_cp70,2.7206925183556905
h_p27_cp71,0.0001219130067511287
h_p27_cp72,2.398734406174981
h_p27_cp73,9.96266705897142e-05
h_p27_cp74,1.9672192018608712
h_p27_cp75,8.168161616595171e-05
h_p27_cp76,1.511823790134713
h_p27_cp77,6.54192726869951e-05
h_p27_cp78,1.095734089958114
h_p27_cp79,5.0459168960514944e-05
h_p27_cp80,0.7526577300670851
h_p27_cp81,3.718292464327533e-05
h_p27_cp82,0.4918211720059844
h_p27_cp83,2.59094006196392e-05
h_p27_cp84,0.6342533992901735
h_p27_cp85,0.7577648207993661
h_p27_cp86,0.9632453325248207
h_p27_cp87,1.1194584224488153
h_p27_cp88,1.3801941764209005
h_p27_cp89,1.5839451518254464
h_p27_cp90,1.8518988438681845
h_p27_cp91,2.145150092804215
h_p27_cp92,2.3082426022524487
h_p27_cp93,2.7816325193753073
h_p27_cp94,2.6517821120505687
h_p27_cp95,3.459248812033593
h_p27_cp96,2.7901305349855647
h_p27_cp97,4.134727945040822
h_p27_cp98,2.6813390728734703
h_p27_cp99,4.747042503620605
h_p27_cp100,2.365022446401781
h_p27_cp101,5.1934049725120985
h_p27_cp102,1.9312497724286004
h_p27_cp103,5.334571741221225
h_p27_cp104,1.475377084032516
h_p27_cp105,5.090327262957544
h_p27_cp106,1.0661288245355536
h_p27_cp107,4.587678018681572
h_p27_cp108,0.7365450252777919
h_p27_cp109,4.013438739903677
h_p27_cp110,0.4913644508806101
h_p27_cp111,3.510876112741471
h_p27_cp112,0.3195666146398253
h_p27_cp113,3.152457690066285
h_p27_cp114,0.20486619595521915
h_p27_cp115,2.9356562430432405
h_p27_cp116,0.13202027057423038
h_p27_cp117,2.7869899037530104
h_p27_cp118,0.08968085746073484
h_p27_cp119,2.5893685388884933
h_p27_cp120,0.07135975443679854
h_p27_cp121,2.2572232723046
h_p27_cp122,0.07583953159337398
h_p27_cp123,1.8271537657042245
h_p27_cp124,0.10781760535292051
h_p27_cp125,1.3806472032499642
h_p27_cp126,0.1790413938929305
h_p27_cp127,0.981775481674731
h_p27_cp128,0.30968734753560057
h_p27_cp129,0.6616704331931942
h_p27_cp130,0.5291164647842379
h_p27_cp131,0.4253220205080197
h_p27_cp132,0.8743364773026769
h_p27_cp133,0.2629683571692567
h_p27_cp134,1.383788093617568
h_p27_cp135,0.15940050150311436
h_p27_cp136,2.0842850345875377
h_p27_cp137,0.09991215886930149
h_p27_cp138,2.9711159144412704
h_p27_cp139,0.07343231878894585
h_p27_cp140,3.9850647507132635
h_p27_cp141,0.07373750582542016
h_p27_cp142,4.992609956742399
h_p27_cp143,0.09950689097627219
h_p27_cp144,5.779150656004276
h_p27_cp145,0.15367441809280535
h_p27_cp146,6.089465109415414
h_p27_cp147,0.24219691804501053
h_p27_cp148,5.779106616440913
h_p27_cp149,0.3721189055340801
h_p27_cp150,4.992505502831591
h_p27_cp151,0.548781585942379
h_p27_cp152,3.9848644226181023
h_p27_cp153,0.772309044395115
h_p27_cp154,2.9707601344903196
h_p27_cp155,1.0342240710347141
h_p27_cp156,2.083683315106555
h_p27_cp157,1.3161338656543649
h_p27_cp158,1.382810481721208
h_p27_cp159,1.593140707747125
h_p27_cp160,0.8728008303669412
h_p27_cp161,1.8431261509483647
h_p27_cp162,0.5267631734445786
h_p27_cp163,2.0575382071313015
h_p27_cp164,0.3061213300838972
h_p27_cp165,2.2426005721192723
h_p27_cp166,0.17360108926368412
h_p27_cp167,2.4035789719280274
h_p27_cp168,0.09929962751493804
h_p27_cp169,2.525934181415323
h_p27_cp170,0.06196271209955739
h_p27_cp171,2.5705760778882905
h_p27_cp172,0.047791945228709665
h_p27_cp173,2.4912026551501185
h_p27_cp174,0.04838424079844117
h_p27_cp175,2.267190980887108
h_p27_cp176,0.05863571046256766
h_p27_cp177,1.9263741299062076
h_p27_cp178,0.07495940920125577
h_p27_cp179,1.528706471399346
h_p27_cp180,0.09398637859158043
h_p27_cp181,1.1367691155619468
h_p27_cp182,0.11192226539924377
h_p27_cp183,0.7955605591478161
h_p27_cp184,0.12473096399889982
h_p27_cp185,0.5264029656034381
h_p27_cp186,0.12911148686725937
h_p27_cp187,0.3307898947668946
h_p27_cp188,0.12375785402946349
h_p27_cp189,0.198239700099748
h_p27_cp190,0.10995580035159946
h_p27_cp191,0.11372758123047788
h_p27_cp192,0.09088987120776437
h_p27_cp193,0.06266059661106738
h_p27_cp194,0.07025023419009813
h_p27_cp195,0.03324815803694037
h_p27_cp196,0.05104029319181791
h_p27_cp197,0.017027793199304142
h_p27_cp198,0.03503205789320418
h_p27_cp199,0.00843228841790733
h_p27_cp200,0.02281353987109469
h_p27_cp201,0.004043363744585804
h_p27_cp202,0.014147437485007686
h_p27_cp203,0.0018794455397710408
h_p27_cp204,0.008379425391922268
h_p27_cp205,0.0008475609099605208
h_p27_cp206,0.004751677956846834
h_p27_cp207,0.00037103087220202724
h_p27_cp208,0.002584802445198875
h_p27_cp209,0.00015768854268571886
h_p27_cp210,0.001351047492789803
h_p27_cp211,6.500876634163433e-05
h_p28_cp0,0.44292786011919816
h_p28_cp1,0.0008704951583240472
h_p28_cp2,0.6537684948352762
h_p28_cp3,0.001429262943474896
h_p28_cp4,0.9114540063596905
h_p28_cp5,0.0022566728375750245
h_p28_cp6,1.1927496237317428
h_p28_cp7,0.0034279623378097313
h_p28_cp8,1.4557363971366613
h_p28_cp9,0.005018796662170644
h_p28_cp10,1.6471132140118243
h_p28_cp11,0.007105118456365744
h_p28_cp12,1.7195451724028317
h_p28_cp13,0.009774106971235597
h_p28_cp14,1.653097241058731
h_p28_cp15,0.013149008408618101
h_p28_cp16,1.467546835113808
h_p28_cp17,0.017420346698600042
h_p28_cp18,1.2104683674547232
h_p28_cp19,0.022860595529436978
h_p28_cp20,0.9361950097604677
h_p28_cp21,0.029788076989007095
h_p28_cp22,0.6888745854348599
h_p28_cp23,0.03845324331678057
h_p28_cp24,0.4956097693720949
h_p28_cp25,0.04885525176223382
h_p28_cp26,0.3685733210813851
h_p28_cp27,0.060547734489773575
h_p28_cp28,0.3115142071669652
h_p28_cp29,0.07252996259467182
h_p28_cp30,0.3264735782727257
h_p28_cp31,0.0833156247158513
h_p28_cp32,0.41841822320520805
h_p28_cp33,0.09121509432361563
h_p28_cp34,0.5969488949122024
h_p28_cp35,0.09477142767354962
h_p28_cp36,0.8746560491867967
h_p28_cp37,0.09319778458848305
h_p28_cp38,1.2613441544935995
h_p28_cp39,0.08663416076205976
h_p28_cp40,1.753084305016273
h_p28_cp41,0.07610970118412297
h_p28_cp42,2.316506193758414
h_p28_cp43,0.06323200670203732
h_p28_cp44,2.8740827127999182
h_p28_cp45,0.04974313569164224
h_p28_cp46,3.3056879207324528
h_p28_cp47,0.03711754363894215
h_p28_cp48,3.487650450651472
h_p28_cp49,0.02632485024196285
h_p28_cp50,3.3712127133026115
h_p28_cp51,0.017786691503260954
h_p28_cp52,3.0393486133975784
h_p28_cp53,0.011478900251404411
h_p28_cp54,2.645959522742487
h_p28_cp55,0.007098384342043573
h_p28_cp56,2.3333754116542877
h_p28_cp57,0.004224714785323158
h_p28_cp58,2.188389430391453
h_p28_cp59,0.002437532820749766
h_p28_cp60,2.233816222106725
h_p28_cp61,0.0013811693374918832
h_p28_cp62,2.4346919110912495
h_p28_cp63,0.0007865466295697843
h_p28_cp64,2.7079450163942056
h_p28_cp65,0.00046672555208715494
h_p28_cp66,2.9391040822722516
h_p28_cp67,0.00030067569332459243
h_p28_cp68,3.015999621433366
h_p28_cp69,0.0002148784583368979
h_p28_cp70,2.8776083566053785
h_p28_cp71,0.00016751438920437067
h_p28_cp72,2.547167974856393
h_p28_cp73,0.00013664223456544278
h_p28_cp74,2.1022026122059287
h_p28_cp75,0.00011206237377336947
h_p28_cp76,1.6287668263566957
h_p28_cp77,8.999791361929965e-05
h_p28_cp78,1.1920696647589466
h_p28_cp79,6.975612859605462e-05
h_p28_cp80,0.8281386576420573
h_p28_cp81,5.173538011149503e-05
h_p28_cp82,0.5480772529017486
h_p28_cp83,3.630867240644875e-05
h_p28_cp84,0.698685173760623
h_p28_cp85,0.8359295935174487
h_p28_cp86,1.0471289119600442
h_p28_cp87,1.2237064887278848
h_p28_cp88,1.4818960916622927
h_p28_cp89,1.7174445755820216
h_p28_cp90,1.9670214293578283
h_p28_cp91,2.3095885173606803
h_p28_cp92,2.431736516478395
h_p28_cp93,2.977387867198331
h_p28_cp94,2.7804151771515535
h_p28_cp95,3.68617129305062
h_p28_cp96,2.921672490560468
h_p28_cp97,4.392492793120255
h_p28_cp98,2.81199065212013
h_p28_cp99,5.03415813823176
h_p28_cp100,2.4923980751318595
h_p28_cp101,5.504339179610724
h_p28_cp102,2.0518310079446564
h_p28_cp103,5.655876160071102
h_p28_cp104,1.583734791408915
h_p28_cp105,5.402601936093106
h_p28_cp106,1.157436331651752
h_p28_cp107,4.879283844178644
h_p28_cp108,0.8087459770385976
h_p28_cp109,4.281850134622573
h_p28_cp110,0.5454015747291123
h_p28_cp111,3.757950184385436
h_p28_cp112,0.35835437962623473
h_p28_cp113,3.3809108623147495
h_p28_cp114,0.2320701417716009
h_p28_cp115,3.147347799925228
h_p28_cp116,0.1512313828616243
h_p28_cp117,2.981570078271261
h_p28_cp118,0.1041010052126694
h_p28_cp119,2.7638564134310855
h_p28_cp120,0.0838789774234101
h_p28_cp121,2.40808028319384
h_p28_cp122,0.08933489595210631
h_p28_cp123,1.9518611717380736
h_p28_cp124,0.12552477084227576
h_p28_cp125,1.4796483140589771
h_p28_cp126,0.20486233809879195
h_p28_cp127,1.0578086415939651
h_p28_cp128,0.3482710906291686
h_p28_cp129,0.7183385131272644
h_p28_cp130,0.5855175778979174
h_p28_cp131,0.46633966361810053
h_p28_cp132,0.9531346950921034
h_p28_cp133,0.2919384440592694
h_p28_cp134,1.4879081578687874
h_p28_cp135,0.17975706396009627
h_p28_cp136,2.2143549427541984
h_p28_cp137,0.11489479904980726
h_p28_cp138,3.1262944453883392
h_p28_cp139,0.08609876775085468
h_p28_cp140,4.164531926513064
h_p28_cp141,0.08704116035460174
h_p28_cp142,5.194358526425731
h_p28_cp143,0.11643033401560388
h_p28_cp144,5.995945282516459
h_p28_cp145,0.17737483575092483
h_p28_cp146,6.310668342307963
h_p28_cp147,0.2761054055456498
h_p28_cp148,5.995884997113535
h_p28_cp149,0.4199346908294501
h_p28_cp150,5.194217098933677
h_p28_cp151,0.6143046099800813
h_p28_cp152,4.164264662702408
h_p28_cp153,0.8590717434983617
h_p28_cp154,3.1258273847520286
h_p28_cp155,1.1449440078285988
h_p28_cp156,2.2135777553671687
h_p28_cp157,1.452114134573776
h_p28_cp158,1.486665448842814
h_p28_cp159,1.7538222976645557
h_p28_cp160,0.951212927749566
h_p28_cp161,2.025957755779018
h_p28_cp162,0.5826178407792213
h_p28_cp163,2.258223691236708
h_p28_cp164,0.3439443645188476
h_p28_cp165,2.4556768639245092
h_p28_cp166,0.19836106151842614
h_p28_cp167,2.6230763621124424
h_p28_cp168,0.11548967358748996
h_p28_cp169,2.74583442273115
h_p28_cp170,0.07318714124630787
h_p28_cp171,2.784871327814699
h_p28_cp172,0.056725876163000066
h_p28_cp173,2.693827346589842
h_p28_cp174,0.05690338605472789
h_p28_cp175,2.4524133041638834
h_p28_cp176,0.06797146744747806
h_p28_cp177,2.0895954280522346
h_p28_cp178,0.08581343226433091
h_p28_cp179,1.6670463024631772
h_p28_cp180,0.10659886011126218
h_p28_cp181,1.249184627015211
h_p28_cp182,0.1261211375158382
h_p28_cp183,0.8827911288951782
h_p28_cp184,0.13999742275291283
h_p28_cp185,0.5908166100989547
h_p28_cp186,0.1446873096683703
h_p28_cp187,0.375979511259402
h_p28_cp188,0.13879650606122595
h_p28_cp189,0.22837152826696183
h_p28_cp190,0.12368722379733299
h_p28_cp191,0.13286110852118327
h_p28_cp192,0.10275277798109528
h_p28_cp193,0.07426398512939159
h_p28_cp194,0.07995835228530268
h_p28_cp195,0.03998958764054805
h_p28_cp196,0.058577890873038996
h_p28_cp197,0.020791316075019495
h_p28_cp198,0.04059533364898016
h_p28_cp199,0.01045647530554561
h_p28_cp200,0.026725418266778433
h_p28_cp201,0.0050944929730576405
h_p28_cp202,0.016773948339505296
h_p28_cp203,0.0024073301581211126
h_p28_cp204,0.010066860783354059
h_p28_cp205,0.0011042611010907422
h_p28_cp206,0.005790919596165622
h_p28_cp207,0.0004919886969219078
h_p28_cp208,0.003199259274879296
h_p28_cp209,0.00021292061387612193
h_p28_cp210,0.0017002498439069313
h_p28_cp211,8.941958049035748e-05
h_p29_cp0,0.4906553251485093
h_p29_cp1,0.0011008744281753025
h_p29_cp2,0.7158115099200586
h_p29_cp3,0.0017881382332234352
h_p29_cp4,0.9873640260825596
h_p29_cp5,0.0027976514179499645
h_p29_cp6,1.2804339893436918
h_p29_cp7,0.00421802171786112
h_p29_cp8,1.5521748874739387
h_p29_cp9,0.006139355372852151
h_p29_cp10,1.7491478202396138
h_p29_cp11,0.008653629770833504
h_p29_cp12,1.8238353802976235
h_p29_cp13,0.011866943963923404
h_p29_cp14,1.7559000566184295
h_p29_cp15,0.015925778021028236
h_p29_cp16,1.5655858111617817
h_p29_cp17,0.021048198610060354
h_p29_cp18,1.3007513170064158
h_p29_cp19,0.02753490861869068
h_p29_cp20,1.016043906629875
h_p29_cp21,0.035724196104638395
h_p29_cp22,0.7568245028928686
h_p29_cp23,0.045864202461416426
h_p29_cp24,0.5522645229748377
h_p29_cp25,0.05791374264163096
h_p29_cp26,0.4167636250599571
h_p29_cp27,0.07133665520768773
h_p29_cp28,0.3558968888733034
h_p29_cp29,0.08499258644997099
h_p29_cp30,0.3729912605863319
h_p29_cp31,0.09722057370845505
h_p29_cp32,0.47388201223748183
h_p29_cp33,0.10615025461584082
h_p29_cp34,0.6687340817684344
h_p29_cp35,0.11017429784124033
h_p29_cp36,0.970276273120362
h_p29_cp37,0.10841983366663044
h_p29_cp38,1.3875650276986562
h_p29_cp39,0.10102715731636636
h_p29_cp40,1.914369059965793
h_p29_cp41,0.08911530879777274
h_p29_cp42,2.51309149392182
h_p29_cp43,0.07445398654044766
h_p29_cp44,3.1007536092402006
h_p29_cp45,0.05898584182250488
h_p29_cp46,3.552679298464227
h_p29_cp47,0.04438425917805944
h_p29_cp48,3.7439419261290823
h_p29_cp49,0.03178123590623727
h_p29_cp50,3.6273399857700497
h_p29_cp51,0.021703536701807025
h_p29_cp52,3.285817373127429
h_p29_cp53,0.014171254751545348
h_p29_cp54,2.875626892578566
h_p29_cp55,0.008874920104062767
h_p29_cp56,2.5439410349194986
h_p29_cp57,0.005354494547646027
h_p29_cp58,2.382230766047087
h_p29_cp59,0.003134671442239778
h_p29_cp60,2.4156294480967517
h_p29_cp61,0.001803469157039217
h_p29_cp62,2.6087682302436406
h_p29_cp63,0.0010426205176372605
h_p29_cp64,2.876778775214916
h_p29_cp65,0.0006266742466323194
h_p29_cp66,3.1037449707341693
h_p29_cp67,0.0004069268929924874
h_p29_cp68,3.1765553582163193
h_p29_cp69,0.0002914036590482283
h_p29_cp70,3.032637697881455
h_p29_cp71,0.00022683688371216704
h_p29_cp72,2.694028987191814
h_p29_cp73,0.0001847373598593549
h_p29_cp74,2.236750771452762
h_p29_cp75,0.00015153889103203255
h_p29_cp76,1.746599758814682
h_p29_cp77,0.000122001469208044
h_p29_cp78,1.290262684748086
h_p29_cp79,9.498341705693747e-05
h_p29_cp80,0.9059754615304882
h_p29_cp81,7.08642166955542e-05
h_p29_cp82,0.6068118539119496
h_p29_cp83,5.0060431931342464e-05
h_p29_cp84,0.7637041933344335
h_p29_cp85,0.9166222444473533
h_p29_cp86,1.1300536557728265
h_p29_cp87,1.3302210401777756
h_p29_cp88,1.5808835827574512
h_p29_cp89,1.852674343538638
h_p29_cp90,2.0786004848064294
h_p29_cp91,2.4752703421861497
h_p29_cp92,2.552842172526198
h_p29_cp93,3.17455573948655
h_p29_cp94,2.90913507404548
h_p29_cp95,3.9158978840844156
h_p29_cp96,3.0545366054561782
h_p29_cp97,4.655930920455603
h_p29_cp98,2.942721512474236
h_p29_cp99,5.331014202584811
h_p29_cp100,2.6173839027014765
h_p29_cp101,5.828783226827454
h_p29_cp102,2.1688917766196028
h_p29_cp103,5.992393238389241
h_p29_cp104,1.6894394384285079
h_p29_cp105,5.72972419889993
h_p29_cp106,1.2478904397880797
h_p29_cp107,5.183129512002779
h_p29_cp108,0.8816852835093414
h_p29_cp109,4.559297139654291
h_p29_cp110,0.6010867860368307
h_p29_cp111,4.011731985082861
h_p29_cp112,0.3990745923169925
h_p29_cp113,3.6147763436706555
h_p29_cp114,0.2611211637440647
h_p29_cp115,3.3634956781861547
h_p29_cp116,0.17207805849966462
h_p29_cp117,3.1794558373692325
h_p29_cp118,0.11997983660830869
h_p29_cp119,2.9408268287443207
h_p29_cp120,0.09779552888903709
h_p29_cp121,2.5618151665398727
h_p29_cp122,0.10430290986641921
h_p29_cp123,2.0799726544341866
h_p29_cp124,0.14488648536053006
h_p29_cp125,1.5819357059440335
h_p29_cp126,0.23253610860729168
h_p29_cp127,1.1365735660115206
h_p29_cp128,0.3887634258185244
h_p29_cp129,0.7771753960050773
h_p29_cp130,0.6435515365960782
h_p29_cp131,0.509128540995107
h_p29_cp132,1.0328848500039385
h_p29_cp133,0.3224328503013112
h_p29_cp134,1.5921613782643362
h_p29_cp135,0.20149047867244008
h_p29_cp136,2.3442210304910986
h_p29_cp137,0.13118496973265792
h_p29_cp138,3.2817022631584223
h_p29_cp139,0.10009302495473094
h_p29_cp140,4.344361704594576
h_p29_cp141,0.10180850059509794
h_p29_cp142,5.394763185487136
h_p29_cp143,0.1350940146148787
h_p29_cp144,6.20909683842774
h_p29_cp145,0.20324993768190325
h_p29_cp146,6.527738839139147
h_p29_cp147,0.3127865526548703
h_p29_cp148,6.209015930663554
h_p29_cp149,0.471271261246784
h_p29_cp150,5.394575284884468
h_p29_cp151,0.684203643256069
h_p29_cp152,4.344011450340531
h_p29_cp153,0.9510963820980578
h_p29_cp154,3.2810993301513918
h_p29_cp155,1.2617457036826636
h_p29_cp156,2.343232939536847
h_p29_cp157,1.594833960862161
h_p29_cp158,1.5906049521372552
h_p29_cp159,1.9216570639916881
h_p29_cp160,1.0305130420060777
h_p29_cp161,2.2160658254847476
h_p29_cp162,0.6400242203126254
h_p29_cp163,2.4660500028981005
h_p29_cp164,0.38357518448583505
h_p29_cp165,2.675580118381504
h_p29_cp166,0.22484824970297268
h_p29_cp167,2.8490014057451845
h_p29_cp168,0.13317197713149653
h_p29_cp169,2.971685527848649
h_p29_cp170,0.08566085135680623
h_p29_cp171,3.004516096272937
h_p29_cp172,0.06673083281793879
h_p29_cp173,2.901152365787766
h_p29_cp174,0.06639498981712677
h_p29_cp175,2.641855182762356
h_p29_cp176,0.07824486904019068
h_p29_cp177,2.256619309940561
h_p29_cp178,0.09760837947578693
h_p29_cp179,1.808837253523052
h_p29_cp180,0.12017039076590663
h_p29_cp181,1.364835750595148
h_p29_cp182,0.14129556218676953
h_p29_cp183,0.9731485420495574
h_p29_cp184,0.1562447052765492
h_p29_cp185,0.6582256752224112
h_p29_cp186,0.1612340153196783
h_p29_cp187,0.4238979160547842
h_p29_cp188,0.15477951954017044
h_p29_cp189,0.26081475466071424
h_p29_cp190,0.13831777984614746
h_p29_cp191,0.15380520147436982
h_p29_cp192,0.11544948324672077
h_p29_cp193,0.0871836996991533
h_p29_cp194,0.09041555601834261
h_p29_cp195,0.047625532388792635
h_p29_cp196,0.06676362641837841
h_p29_cp197,0.02512737755910166
h_p29_cp198,0.046695699819792935
h_p29_cp199,0.01282823611677486
h_p29_cp200,0.03106194918109395
h_p29_cp201,0.0063469305325725145
h_p29_cp202,0.019720379561476875
h_p29_cp203,0.0030469682299099077
h_p29_cp204,0.011984098466655269
h_p29_cp205,0.0014206282673967507
h_p29_cp206,0.006987825503529166
h_p29_cp207,0.0006436550338548841
h_p29_cp208,0.00391724716155295
h_p29_cp209,0.00028340185349406966
h_p29_cp210,0.002114642189553706
h_p29_cp211,0.00012112977310607675
h_p30_cp0,0.539492459491612
h_p30_cp1,0.0013760725837528298
h_p30_cp2,0.7782806376217195
h_p30_cp3,0.00221282605707529
h_p30_cp4,1.062878861430363
h_p30_cp5,0.0034328296273997694
h_p30_cp6,1.3671957872024905
h_p30_cp7,0.005139628243341576
h_p30_cp8,1.6477985504347998
h_p30_cp9,0.007439508398420003
h_p30_cp10,1.8509050846687387
h_p30_cp11,0.010442356338899117
h_p30_cp12,1.9281533006815152
h_p30_cp13,0.01427505458059386
h_p30_cp14,1.8584903874079828
h_p30_cp15,0.01910881728190361
h_p30_cp16,1.662954747346248
h_p30_cp17,0.025189799214331288
h_p30_cp18,1.3903671747066255
h_p30_cp19,0.03284580275158078
h_p30_cp20,1.0959114275315187
h_p30_cp21,0.0424316755320433
h_p30_cp22,0.8258389492539209
h_p30_cp23,0.05418738209436924
h_p30_cp24,0.6109791190647229
h_p30_cp25,0.06802352463364514
h_p30_cp26,0.4677705505314407
h_p30_cp27,0.0833053657797791
h_p30_cp28,0.40365453491540393
h_p30_cp29,0.09874467686950084
h_p30_cp30,0.4233830325265444
h_p30_cp31,0.11249938439050311
h_p30_cp32,0.5337731226977667
h_p30_cp33,0.12251422437248038
h_p30_cp34,0.7455526826674941
h_p30_cp35,0.1270291481187087
h_p30_cp36,1.0714157180618713
h_p30_cp37,0.12508379572318518
h_p30_cp38,1.5193175357808286
h_p30_cp39,0.11681759097882605
h_p30_cp40,2.0802812131178143
h_p30_cp41,0.10343906104662892
h_p30_cp42,2.712174258707364
h_p30_cp43,0.08688174938288284
h_p30_cp44,3.326742313243358
h_p30_cp45,0.0692941620768579
h_p30_cp46,3.795824997006548
h_p30_cp47,0.05255772506006906
h_p30_cp48,3.9951461668310913
h_p30_cp49,0.037978660186126945
h_p30_cp50,3.880124872104716
h_p30_cp51,0.026201222651707212
h_p30_cp52,3.5324902897295942
h_p30_cp53,0.017300218221407704
h_p30_cp54,3.1088195437382637
h_p30_cp55,0.01096662854843089
h_p30_cp56,2.7599386194324325
h_p30_cp57,0.006703479709813109
h_p30_cp58,2.581715448531213
h_p30_cp59,0.003979587818321306
h_p30_cp60,2.6019246360046964
h_p30_cp61,0.002323310330211825
h_p30_cp62,2.785540465273243
h_p30_cp63,0.001362722739486344
h_p30_cp64,3.04680760183237
h_p30_cp65,0.0008293272235277982
h_p30_cp66,3.268777906836931
h_p30_cp67,0.0005428054332696775
h_p30_cp68,3.3369535211052153
h_p30_cp69,0.00038966368970250187
h_p30_cp70,3.1870031876514986
h_p30_cp71,0.00030302196137199644
h_p30_cp72,2.8399539810595797
h_p30_cp73,0.0002464476633576851
h_p30_cp74,2.370826513666998
h_p30_cp75,0.0002021952252562187
h_p30_cp76,1.8649451746689465
h_p30_cp77,0.00016314626782332198
h_p30_cp78,1.3899211784523686
h_p30_cp79,0.00012753599071402277
h_p30_cp80,0.9858833460277765
h_p30_cp81,9.567169126967201e-05
h_p30_cp82,0.6678438978203758
h_p30_cp83,6.799250445510552e-05
h_p30_cp84,0.8289886381353426
h_p30_cp85,0.9995667034129383
h_p30_cp86,1.2121048539302137
h_p30_cp87,1.4386698941282248
h_p30_cp88,1.678325312188008
h_p30_cp89,1.9893906250142663
h_p30_cp90,2.1895343179839983
h_p30_cp91,2.642267364301688
h_p30_cp92,2.6761595810430663
h_p30_cp93,3.3736847789318745
h_p30_cp94,3.0433829401322328
h_p30_cp95,4.149416479561978
h_p30_cp96,3.194284412313664
h_p30_cp97,4.926181193013008
h_p30_cp98,3.0789879549029138
h_p30_cp99,5.638231291787861
h_p30_cp100,2.7446073839223573
h_p30_cp101,6.1662384331179965
h_p30_cp102,2.285365501418255
h_p30_cp103,6.342839182668513
h_p30_cp104,1.7936985221749637
h_p30_cp105,6.071151729987832
h_p30_cp106,1.3376166550428934
h_p30_cp107,5.499697642124602
h_p30_cp108,0.9550808216827136
h_p30_cp109,4.846645624422308
h_p30_cp110,0.6581198404142015
h_p30_cp111,4.272746214933932
h_p30_cp112,0.4415405351160189
h_p30_cp113,3.8538206834712128
h_p30_cp114,0.29194617614803064
h_p30_cp115,3.583002772703594
h_p30_cp116,0.19456230547257292
h_p30_cp117,3.379081168487346
h_p30_cp118,0.13735755218522172
h_p30_cp119,3.11888685646295
h_p30_cp120,0.11316033557750416
h_p30_cp121,2.716765668872995
h_p30_cp122,0.12078203405371823
h_p30_cp123,2.2101682849881854
h_p30_cp124,0.16590370313360836
h_p30_cp125,1.6868546077473638
h_p30_cp126,0.26200174494670136
h_p30_cp127,1.217897890660197
h_p30_cp128,0.4310388287981368
h_p30_cp129,0.8382035515478492
h_p30_cp130,0.7030869872432959
h_p30_cp131,0.5537436257427544
h_p30_cp132,1.1135857147023671
h_p30_cp133,0.35449367916680785
h_p30_cp134,1.6967770236378783
h_p30_cp135,0.22463444900631657
h_p30_cp136,2.474117235664835
h_p30_cp137,0.14882083397310453
h_p30_cp138,3.436902121154162
h_p30_cp139,0.11546515673921931
h_p30_cp140,4.523076354185832
h_p30_cp141,0.11810307124505925
h_p30_cp142,5.592400111007919
h_p30_cp143,0.15557326724660925
h_p30_cp144,6.418817280775784
h_p30_cp145,0.23138221936915215
h_p30_cp146,6.742328189901855
h_p30_cp147,0.352319398772579
h_p30_cp148,6.41871063459439
h_p30_cp149,0.5261839273323403
h_p30_cp150,5.592154731526534
h_p30_cp151,0.7584808661974876
h_p30_cp152,4.522624747631653
h_p30_cp153,1.048300295918807
h_p30_cp154,3.4361356107519896
h_p30_cp155,1.3844359653232914
h_p30_cp156,2.472878950996801
h_p30_cp157,1.743976359081671
h_p30_cp158,1.694853828633768
h_p30_cp159,2.0962203515830424
h_p30_cp160,1.1106951849073994
h_p30_cp161,2.412986769024201
h_p30_cp162,0.6988461051291779
h_p30_cp163,2.6806035109059394
h_p30_cp164,0.4248833467327131
h_p30_cp165,2.901991995162234
h_p30_cp166,0.2529962895605422
h_p30_cp167,3.0810603863371853
h_p30_cp168,0.1523407299127939
h_p30_cp169,3.2030538477488335
h_p30_cp170,0.0994136228687239
h_p30_cp171,3.2288264425012585
h_p30_cp172,0.07784918119432405
h_p30_cp173,3.1123892772277486
h_p30_cp174,0.0768996646247615
h_p30_cp175,2.8349168738632216
h_p30_cp176,0.0894882242391759
h_p30_cp177,2.4271774962082873
h_p30_cp178,0.11036661420939708
h_p30_cp179,1.9540239385030418
h_p30_cp180,0.1347138625592379
h_p30_cp181,1.4837047562873522
h_p30_cp182,0.15745003146821546
h_p30_cp183,1.0665657165643552
h_p30_cp184,0.17347082609057907
h_p30_cp185,0.7285223455762662
h_p30_cp186,0.1787463923865289
h_p30_cp187,0.47444396624382534
h_p30_cp188,0.1717020483692977
h_p30_cp189,0.2955099876182885
h_p30_cp190,0.1538457079655018
h_p30_cp191,0.17654829226989932
h_p30_cp192,0.128982266800449
h_p30_cp193,0.10144212443742617
h_p30_cp194,0.10162811581358255
h_p30_cp195,0.0561935353480294
h_p30_cp196,0.07560762850425817
h_p30_cp197,0.03007436863026669
h_p30_cp198,0.053346762466844666
h_p30_cp199,0.015579383036083527
h_p30_cp200,0.03583910979159555
h_p30_cp201,0.007823853060926922
h_p30_cp202,0.02300336109192358
h_p30_cp203,0.003813771151499168
h_p30_cp204,0.014146689562039683
h_p30_cp205,0.0018062127783196047
h_p30_cp206,0.008355658526397747
h_p30_cp207,0.0008316148450830951
h_p30_cp208,0.004749230276047456
h_p30_cp209,0.00037223660183371976
h_p30_cp210,0.00260195449254752
h_p30_cp211,0.00016178385749299196
h_p31_cp0,0.5892197944931468
h_p31_cp1,0.0017018225371430162
h_p31_cp2,0.8411168372881548
h_p31_cp3,0.0027110790392725903
h_p31_cp4,1.1383673037985318
h_p31_cp5,0.004172485995695752
h_p31_cp6,1.4540646162681696
h_p31_cp7,0.006206127447057952
h_p31_cp8,1.7443012931994417
h_p31_cp9,0.008936230214203533
h_p31_cp10,1.95448887883731
h_p31_cp11,0.012492437987930316
h_p31_cp12,2.034721573245406
h_p31_cp13,0.01702415654563083
h_p31_cp14,1.9629781486487445
h_p31_cp15,0.022728554816694668
h_p31_cp16,1.76135994525157
h_p31_cp17,0.029879951790917403
h_p31_cp18,1.480364949565228
h_p31_cp19,0.03883147565784384
h_p31_cp20,1.1761938387257942
h_p31_cp21,0.049950387203352875
h_p31_cp22,0.8958957629865836
h_p31_cp23,0.06346192225328195
h_p31_cp24,0.6715815217630734
h_p31_cp25,0.07922018289400512
h_p31_cp26,0.5214432656757708
h_p31_cp27,0.09648316170705584
h_p31_cp28,0.4547150286703072
h_p31_cp29,0.11380726473498726
h_p31_cp30,0.4776338147903516
h_p31_cp31,0.12916425920275287
h_p31_cp32,0.5980611825279993
h_p31_cp33,0.14031159831847617
h_p31_cp34,0.827244428296126
h_p31_cp35,0.14533586946436117
h_p31_cp36,1.1776254992864779
h_p31_cp37,0.14318885181546648
h_p31_cp38,1.6556621681643264
h_p31_cp39,0.13400809732820562
h_p31_cp40,2.249160614043376
h_p31_cp41,0.11909040737509713
h_p31_cp42,2.911190335871197
h_p31_cp43,0.10053336169312388
h_p31_cp44,3.548667639789983
h_p31_cp45,0.08069469801921514
h_p31_cp46,4.031498967008702
h_p31_cp47,0.061671271155773866
h_p31_cp48,4.237869158631838
h_p31_cp49,0.04495422844456698
h_p31_cp50,4.125886091962457
h_p31_cp51,0.031317326798671274
h_p31_cp52,3.7758725639596378
h_p31_cp53,0.020900935883219063
h_p31_cp54,3.342793120811166
h_p31_cp55,0.013404211843862868
h_p31_cp56,2.9794617789043514
h_p31_cp57,0.00829697065273649
h_p31_cp58,2.785652509036481
h_p31_cp59,0.004992146571112244
h_p31_cp60,2.792177112254649
h_p31_cp61,0.0029557230991485994
h_p31_cp62,2.9651776154787512
h_p31_cp63,0.0017579643044882687
h_p31_cp64,3.2187121677561663
h_p31_cp65,0.0010828417798620649
h_p31_cp66,3.434860575908715
h_p31_cp67,0.0007143636507862539
h_p31_cp68,3.497604902721605
h_p31_cp69,0.0005142636548498558
h_p31_cp70,3.341377058713306
h_p31_cp71,0.00039968775445231586
h_p31_cp72,2.9856891839003765
h_p31_cp73,0.00032469874281559896
h_p31_cp74,2.5047986526476507
h_p31_cp75,0.0002664385053776641
h_p31_cp76,1.9837530070340108
h_p31_cp77,0.00021541826140492049
h_p31_cp78,1.4908021913843186
h_p31_cp79,0.00016903290998016018
h_p31_cp80,1.0676143988100648
h_p31_cp81,0.00012744238301820587
h_p31_cp82,0.7309907300682426
h_p31_cp83,9.107372488870169e-05
h_p31_cp84,0.8945157476578061
h_p31_cp85,1.08452575537558
h_p31_cp86,1.2938919686407644
h_p31_cp87,1.548848933550289
h_p31_cp88,1.7759925398536325
h_p31_cp89,2.1275888104144087
h_p31_cp90,2.302975710633291
h_p31_cp91,2.8109314287976304
h_p31_cp92,2.805758930245247
h_p31_cp93,3.5754798532009318
h_p31_cp94,3.1873543228452945
h_p31_cp95,4.387545449389563
h_p31_cp96,3.345004034079011
h_p31_cp97,5.203576364837318
h_p31_cp98,3.2250011259461644
h_p31_cp99,5.954364319338538
h_p31_cp100,2.8781665859182795
h_p31_cp101,6.5121721717337095
h_p31_cp102,2.404440732749663
h_p31_cp103,6.700471856392369
h_p31_cp104,1.898323580408487
h_p31_cp105,6.422147887978099
h_p31_cp106,1.427266579020852
h_p31_cp107,5.82713768456324
h_p31_cp108,1.0289515909639704
h_p31_cp109,5.1436357145287275
h_p31_cp110,0.7163213652952436
h_p31_cp111,4.541014338350351
h_p31_cp112,0.4855934870238343
h_p31_cp113,4.097648718794289
h_p31_cp114,0.3244673330414116
h_p31_cp115,3.805041705711801
h_p31_cp116,0.2186752519746733
h_p31_cp117,3.5794200725679275
h_p31_cp118,0.1562645118247019
h_p31_cp119,3.296580611732452
h_p31_cp120,0.1300152657640865
h_p31_cp121,2.871819462355006
h_p31_cp122,0.13880147372492502
h_p31_cp123,2.341415762535462
h_p31_cp124,0.18857041183855472
h_p31_cp125,1.7936560937939703
h_p31_cp126,0.29320248076192
h_p31_cp127,1.3014261280027313
h_p31_cp128,0.47499921531198197
h_p31_cp129,0.9013306070642102
h_p31_cp130,0.7640381839510155
h_p31_cp131,0.6001974399503069
h_p31_cp132,1.1952403725090335
h_p31_cp133,0.38815610345773166
h_p31_cp134,1.8018398479989628
h_p31_cp135,0.24922571985416653
h_p31_cp136,2.6040138023440704
h_p31_cp137,0.16784350510124568
h_p31_cp138,3.5916012259563104
h_p31_cp139,0.13226605839236072
h_p31_cp140,4.700817699949766
h_p31_cp141,0.1359873005405916
h_p31_cp142,5.789860860331373
h_p31_cp143,0.17793976754660434
h_p31_cp144,6.6317861789520975
h_p31_cp145,0.2618457870300972
h_p31_cp146,6.962998495982447
h_p31_cp147,0.3947670669915624
h_p31_cp148,6.631647899006566
h_p31_cp149,0.584703214385172
h_p31_cp150,5.789545423432173
h_p31_cp151,0.8371059867570239
h_p31_cp152,4.700244004216074
h_p31_cp153,1.1505625634206353
h_p31_cp154,3.5906402861619426
h_p31_cp155,1.512779390333435
h_p31_cp156,2.6024822197159665
h_p31_cp157,1.8991875479839564
h_p31_cp158,1.7994925462130595
h_p31_cp159,2.2770731506420816
h_p31_cp160,1.1917579317841955
h_p31_cp161,2.6162510189378736
h_p31_cp162,0.7589932069345195
h_p31_cp163,2.901407689521193
h_p31_cp164,0.46776611691666403
h_p31_cp165,3.134391159452207
h_p31_cp166,0.28274315382077475
h_p31_cp167,3.3185385918541215
h_p31_cp168,0.1729832811779488
h_p31_cp169,3.4388481132750712
h_p31_cp170,0.11446664561208308
h_p31_cp171,3.456336262120658
h_p31_cp172,0.09011660580790704
h_p31_cp173,3.3259680127580395
h_p31_cp174,0.0884536022449538
h_p31_cp175,3.03022824278969
h_p31_cp176,0.10173074911654112
h_p31_cp177,2.600366736098522
h_p31_cp178,0.12410733530123252
h_p31_cp179,2.10216430495484
h_p31_cp180,0.1502376387370532
h_p31_cp181,1.6056125223694835
h_p31_cp182,0.1745826698129349
h_p31_cp183,1.1629461292845917
h_p31_cp184,0.19166607142597059
h_p31_cp185,0.8016172181794445
h_p31_cp186,0.19721102219500608
h_p31_cp187,0.5275358816400058
h_p31_cp188,0.189551710995147
h_p31_cp189,0.3324038654002379
h_p31_cp190,0.17026325494407502
h_p31_cp191,0.20107446841166166
h_p31_cp192,0.14334946481949373
h_p31_cp193,0.11705390716588226
h_p31_cp194,0.11360009356303635
h_p31_cp195,0.0657246840642074
h_p31_cp196,0.08511867059996803
h_p31_cp197,0.03566697899668725
h_p31_cp198,0.060560949763839744
h_p31_cp199,0.01874036446406535
h_p31_cp200,0.04107174386444967
h_p31_cp201,0.009548446367716679
h_p31_cp202,0.026638616924628877
h_p31_cp203,0.004723723110373612
h_p31_cp204,0.016569670921853685
h_p31_cp205,0.0022712265399604803
h_p31_cp206,0.009907564397508395
h_p31_cp207,0.0010619997033245454
h_p31_cp208,0.005705839102574828
h_p31_cp209,0.0004829136896660202
h_p31_cp210,0.003170223962115415
h_p31_cp211,0.0002132695342424995
h_p32_cp0,0.6397690239205076
h_p32_cp1,0.002084166328131687
h_p32_cp2,0.9045198531880487
h_p32_cp3,0.003290966067197587
h_p32_cp4,1.2145146141428995
h_p32_cp5,0.005027196576975257
h_p32_cp6,1.5423095639685016
h_p32_cp7,0.007431102559166902
h_p32_cp8,1.8434000410943554
h_p32_cp9,0.01064661019063351
h_p32_cp10,2.0617904943946996
h_p32_cp11,0.014824908759237587
h_p32_cp12,2.1454417381614803
h_p32_cp13,0.02013949290767414
h_p32_cp14,2.0712614026383562
h_p32_cp15,0.026814366562575742
h_p32_cp16,1.8625320592241223
h_p32_cp17,0.03515155740205955
h_p32_cp18,1.5720348368022314
h_p32_cp19,0.04552704783009176
h_p32_cp20,1.2576055551944592
h_p32_cp21,0.05831559421221755
h_p32_cp22,0.9672326121003607
h_p32_cp23,0.07372048268371145
h_p32_cp24,0.7340501044259327
h_p32_cp25,0.09153070579259293
h_p32_cp26,0.5776882276059041
h_p32_cp27,0.11088856619426224
h_p32_cp28,0.5090052232962989
h_p32_cp29,0.13018861904902224
h_p32_cp30,0.5356928546152631
h_p32_cp31,0.14721306038018156
h_p32_cp32,0.6666524166416821
h_p32_cp33,0.15953159148466511
h_p32_cp34,0.9135533590083469
h_p32_cp35,0.16507848384117096
h_p32_cp36,1.2883207794175178
h_p32_cp37,0.1627183251907809
h_p32_cp38,1.79549177103263
h_p32_cp39,0.1525859328075967
h_p32_cp40,2.4192410544219456
h_p32_cp41,0.1360643785569664
h_p32_cp42,3.107839072315528
h_p32_cp43,0.11541393205152417
h_p32_cp44,3.7642842873401605
h_p32_cp45,0.09320301725665558
h_p32_cp46,4.258179172836208
h_p32_cp47,0.07174944926919125
h_p32_cp48,4.470966657772806
h_p32_cp49,0.05273863888078267
h_p32_cp50,4.363039008001124
h_p32_cp51,0.03708525824822573
h_p32_cp52,4.013593561614471
h_p32_cp53,0.02500628440611763
h_p32_cp54,3.5750653506206618
h_p32_cp55,0.01621754574443912
h_p32_cp56,3.200540173592344
h_p32_cp57,0.010160406460727245
h_p32_cp58,2.99279518938647
h_p32_cp59,0.0061928984277983545
h_p32_cp60,2.985832667318391
h_p32_cp61,0.003716655849984818
h_p32_cp62,3.1475723549692702
h_p32_cp63,0.002240401608105458
h_p32_cp64,3.3922903637626405
h_p32_cp65,0.0013962376820018108
h_p32_cp66,3.601233273195021
h_p32_cp67,0.0009283910103476956
h_p32_cp68,3.65750684530758
h_p32_cp69,0.0006704185161652276
h_p32_cp70,3.495041705714584
h_p32_cp71,0.0005209519490563252
h_p32_cp72,3.1311597287919994
h_p32_cp73,0.0004228272148338874
h_p32_cp74,2.6388655259604548
h_p32_cp75,0.00034701748495535867
h_p32_cp76,2.10310114981894
h_p32_cp77,0.00028108939977755654
h_p32_cp78,1.59280280609687
h_p32_cp79,0.00022133192783257982
h_p32_cp80,1.150990889688046
h_p32_cp81,0.00016765605914770276
h_p32_cp82,0.7960900493771987
h_p32_cp83,0.00012042467142237001
h_p32_cp84,0.9605463013867848
h_p32_cp85,1.1713305705604853
h_p32_cp86,1.376376436362989
h_p32_cp87,1.660679289431073
h_p32_cp88,1.8758171111212505
h_p32_cp89,2.267385519748359
h_p32_cp90,2.4216345863355855
h_p32_cp91,2.981575207458718
h_p32_cp92,2.944369029356494
h_p32_cp93,3.780247983152776
h_p32_cp94,3.3430450102723626
h_p32_cp95,4.6301144543019745
h_p32_cp96,3.5081194148060604
h_p32_cp97,5.486473675194702
h_p32_cp98,3.3827720086005684
h_p32_cp99,6.274938860511611
h_p32_cp100,3.020818144567329
h_p32_cp101,6.8593324893574845
h_p32_cp102,2.5288643051158033
h_p32_cp103,7.057962470616985
h_p32_cp104,2.0052889090125063
h_p32_cp105,6.775187469047296
h_p32_cp106,1.517846328773885
h_p32_cp107,6.160496844707495
h_p32_cp108,1.1036030361810845
h_p32_cp109,5.448026697067235
h_p32_cp110,0.7756658825633167
h_p32_cp111,4.815596493735711
h_p32_cp112,0.5311312915523558
h_p32_cp113,4.3454057565850235
h_p32_cp114,0.3586159645819862
h_p32_cp115,4.02808617030928
h_p32_cp116,0.24440145703874805
h_p32_cp117,3.7777418265670804
h_p32_cp118,0.17672170230434858
h_p32_cp119,3.470474140762917
h_p32_cp120,0.14839307007105162
h_p32_cp121,3.024172990090392
h_p32_cp122,0.1583823111750462
h_p32_cp123,2.4720513983770616
h_p32_cp124,0.21287650280009984
h_p32_cp125,1.9014083691927226
h_p32_cp126,0.3260879207364269
h_p32_cp127,1.386680467594033
h_p32_cp128,0.5205673562450102
h_p32_cp129,0.9663676008262883
h_p32_cp130,0.8263415374262877
h_p32_cp131,0.6484502142047859
h_p32_cp132,1.277839539490742
h_p32_cp133,0.4234371829634256
h_p32_cp134,1.9073909184621698
h_p32_cp135,0.27529842647004443
h_p32_cp136,2.734021433880116
h_p32_cp137,0.18829522949204147
h_p32_cp138,3.7463746039766193
h_p32_cp139,0.15054698148924217
h_p32_cp140,4.879710099438853
h_p32_cp141,0.15552190038715707
h_p32_cp142,5.991545269328981
h_p32_cp143,0.20226035275254617
h_p32_cp144,6.852388832460747
h_p32_cp145,0.2947050146976835
h_p32_cp146,7.191123768702255
h_p32_cp147,0.4401761852443542
h_p32_cp148,6.85221221322945
h_p32_cp149,0.6468356276659506
h_p32_cp150,5.991145575575956
h_p32_cp151,0.9200183517320966
h_p32_cp152,4.878991163400315
h_p32_cp153,1.2577302377508204
h_p32_cp154,3.7451852409171806
h_p32_cp155,1.646519206560697
h_p32_cp156,2.732149721457972
h_p32_cp157,2.0601210690304015
h_p32_cp158,1.904558078716036
h_p32_cp159,2.463810065808957
h_p32_cp160,1.2736877832016944
h_p32_cp161,2.8254007528603324
h_p32_cp162,0.8203977328712426
h_p32_cp163,3.1279052034974484
h_p32_cp164,0.512141916460223
h_p32_cp165,3.371996153578266
h_p32_cp166,0.3140334154199991
h_p32_cp167,3.560271063641494
h_p32_cp168,0.19508322720912474
h_p32_cp169,3.6774557440112403
h_p32_cp170,0.13083402605616357
h_p32_cp171,3.68515324455052
h_p32_cp172,0.10356228265891332
h_p32_cp173,3.53998226777162
h_p32_cp174,0.10108789761989101
h_p32_cp175,3.226003310696342
h_p32_cp176,0.11499715091304097
h_p32_cp177,2.7747800595543595
h_p32_cp178,0.13884445181884075
h_p32_cp179,2.252380811831017
h_p32_cp180,0.1667429167919181
h_p32_cp181,1.7301145401017948
h_p32_cp182,0.19268219682180643
h_p32_cp183,1.2620814984907156
h_p32_cp184,0.210809464837439
h_p32_cp185,0.8773951335103902
h_p32_cp186,0.21660253509026006
h_p32_cp187,0.5830950990805377
h_p32_cp188,0.20830508580365859
h_p32_cp189,0.3714469621047556
h_p32_cp190,0.1875537122782589
h_p32_cp191,0.2273657483842726
h_p32_cp192,0.15854298064869
h_p32_cp193,0.13402810673255772
h_p32_cp194,0.12633146881216817
h_p32_cp195,0.0762445425941678
h_p32_cp196,0.09530310256332086
h_p32_cp197,0.041936244754879226
h_p32_cp198,0.06834913394413888
h_p32_cp199,0.022339971292694827
h_p32_cp200,0.046773539778314444
h_p32_cp201,0.011543603115796941
h_p32_cp202,0.030641012534033507
h_p32_cp203,0.005793183792093259
h_p32_cp204,0.019267561133347044
h_p32_cp205,0.0028264478046367003
h_p32_cp206,0.01165651713790794
h_p32_cp207,0.0013414572395049618
h_p32_cp208,0.006797803848712647
h_p32_cp209,0.000619306682210663
h_p32_cp210,0.0038277442222351965
h_p32_cp211,0.0002777280506052193
h_p33_cp0,0.691220359732597
h_p33_cp1,0.002529426085857267
h_p33_cp2,0.968880646074922
h_p33_cp3,0.003960826281854679
h_p33_cp4,1.2921397664122196
h_p33_cp5,0.006007769551615638
h_p33_cp6,1.6331148269155165
h_p33_cp7,0.008828284710489243
h_p33_cp8,1.9463731090236251
h_p33_cp9,0.012587727852860553
h_p33_cp10,2.173913208432168
h_p33_cp11,0.017460519741689495
h_p33_cp12,2.261281253616289
h_p33_cp13,0.02364557983173654
h_p33_cp14,2.1844508106592
h_p33_cp15,0.03139422475533138
h_p33_cp16,1.9677642627607383
h_p33_cp17,0.04103514517828444
h_p33_cp18,1.6665835679041265
h_p33_cp19,0.05296396601352171
h_p33_cp20,1.3409960344192768
h_p33_cp21,0.06755724488448323
h_p33_cp22,1.040278889745423
h_p33_cp23,0.08498848769841061
h_p33_cp24,0.7985100654441339
h_p33_cp25,0.10497279478704513
h_p33_cp26,0.6364859311079272
h_p33_cp27,0.1265288623849301
h_p33_cp28,0.5664654064166825
h_p33_cp29,0.14788416024066464
h_p33_cp30,0.5974805227328943
h_p33_cp31,0.1666297029632915
h_p33_cp32,0.7393917198082818
h_p33_cp33,0.18014889924279487
h_p33_cp34,1.0041341884352732
h_p33_cp35,0.18622633754375784
h_p33_cp36,1.4028182231886603
h_p33_cp37,0.18364099030122816
h_p33_cp38,1.9376711872387204
h_p33_cp39,0.1725241608687611
h_p33_cp40,2.589001411819936
h_p33_cp41,0.15434245362121146
h_p33_cp42,3.3006104005539783
h_p33_cp43,0.13151604847689669
h_p33_cp44,3.972639601969604
h_p33_cp45,0.10682365009051864
h_p33_cp46,4.475464882221786
h_p33_cp47,0.08280766681082241
h_p33_cp48,4.694006621647532
h_p33_cp49,0.06135558707819655
h_p33_cp50,4.591118848134556
h_p33_cp51,0.043533578322694666
h_p33_cp52,4.244576448089447
h_p33_cp53,0.029646227039393125
h_p33_cp54,3.8039586501017766
h_p33_cp55,0.019435143016380607
h_p33_cp56,3.4214816506992065
h_p33_cp57,0.01231896570925528
h_p33_cp58,3.2018787886945574
h_p33_cp59,0.007602813896937732
h_p33_cp60,3.1820819472281983
h_p33_cp61,0.004622817899416987
h_p33_cp62,3.33203333038864
h_p33_cp63,0.0028229578242644493
h_p33_cp64,3.5665703074359953
h_p33_cp65,0.0017793685260585335
h_p33_cp66,3.7667350217623152
h_p33_cp67,0.0011924130803890876
h_p33_cp68,3.8157002011726036
h_p33_cp69,0.0008639646782739874
h_p33_cp70,3.6469034400427063
h_p33_cp71,0.0006714473679494404
h_p33_cp72,3.275577758877944
h_p33_cp73,0.0005445962674457405
h_p33_cp74,2.772734752213182
h_p33_cp75,0.0004470367598514713
h_p33_cp76,2.2229255142076454
h_p33_cp77,0.00036273047771828715
h_p33_cp78,1.6958516731783675
h_p33_cp79,0.0002865412118353561
h_p33_cp80,1.2358898276136188
h_p33_cp81,0.0002179982607231068
h_p33_cp82,0.8630095148380406
h_p33_cp83,0.00015732669317003456
h_p33_cp84,1.027542456091851
h_p33_cp85,1.2598671823745917
h_p33_cp86,1.4606232730161537
h_p33_cp87,1.7741220236034678
h_p33_cp88,1.9794074595197344
h_p33_cp89,2.408817201406009
h_p33_cp90,2.5470342918411006
h_p33_cp91,3.154176137038803
h_p33_cp92,3.092343952313513
h_p33_cp93,3.9876030227442243
h_p33_cp94,3.5089892474620683
h_p33_cp95,4.875829911462006
h_p33_cp96,3.6812602832073935
h_p33_cp97,5.771983406064919
h_p33_cp98,3.5508497314967826
h_p33_cp99,6.595870474490312
h_p33_cp100,3.1729437181088542
h_p33_cp101,7.2046215099360325
h_p33_cp102,2.660196128493226
h_p33_cp103,7.413763276304053
h_p33_cp104,2.116244298480069
h_p33_cp105,7.126927690412231
h_p33_cp106,1.6104642561203946
h_p33_cp107,6.495286981863046
h_p33_cp108,1.1795416217537422
h_p33_cp109,5.756393600074489
h_p33_cp110,0.8362775324235372
h_p33_cp111,5.094363545661281
h_p33_cp112,0.578125719685886
h_p33_cp113,4.595369919425821
h_p33_cp114,0.3943465377406028
h_p33_cp115,4.250205711233775
h_p33_cp116,0.2717253658879599
h_p33_cp117,3.972487324901522
h_p33_cp118,0.1987426350806345
h_p33_cp119,3.640246361092977
h_p33_cp120,0.1683179534984447
h_p33_cp121,3.1722464562571986
h_p33_cp122,0.179538599454645
h_p33_cp123,2.6001973254744826
h_p33_cp124,0.23880948350870312
h_p33_cp125,2.008821420797858
h_p33_cp126,0.3606139785697451
h_p33_cp127,1.4729723177460983
h_p33_cp128,0.5676813747900269
h_p33_cp129,1.0330108736345665
h_p33_cp130,0.8899498146779479
h_p33_cp131,0.6984019705262199
h_p33_cp132,1.3613901766057097
h_p33_cp133,0.4603278680042422
h_p33_cp134,2.0135485071250514
h_p33_cp135,0.3028786354118438
h_p33_cp136,2.864531361718491
h_p33_cp137,0.2102168282376624
h_p33_cp138,3.9021705306972763
h_p33_cp139,0.17035848759519467
h_p33_cp140,5.060963976716266
h_p33_cp141,0.17676509615625946
h_p33_cp142,6.196401931842047
h_p33_cp143,0.22859607237978707
h_p33_cp144,7.073455820767322
h_p33_cp145,0.33001370547708575
h_p33_cp146,7.415833122887761
h_p33_cp147,0.4885769508005069
h_p33_cp148,7.07323332534952
h_p33_cp149,0.7125659666771753
h_p33_cp150,6.195902132628362
h_p33_cp151,1.00713446567147
h_p33_cp152,5.060074226361394
h_p33_cp153,1.3696359677967394
h_p33_cp154,3.9007156545776525
h_p33_cp155,1.785404398361834
h_p33_cp156,2.8622690951851837
h_p33_cp157,2.2264538151862325
h_p33_cp158,2.010164848796194
h_p33_cp159,2.656034690527349
h_p33_cp160,1.3564878246802436
h_p33_cp161,3.0399336176565157
h_p33_cp162,0.8830086308948921
h_p33_cp163,3.359414747725623
h_p33_cp164,0.557944884540575
h_p33_cp165,3.6138144733035915
h_p33_cp166,0.346818315469136
h_p33_cp167,3.8048824359505033
h_p33_cp168,0.2186223552453157
h_p33_cp169,3.9172603179322323
h_p33_cp170,0.14852409914146847
h_p33_cp171,3.913714927301953
h_p33_cp172,0.11820904898740991
h_p33_cp173,3.753011798201669
h_p33_cp174,0.11482776302000275
h_p33_cp175,3.4207890129143834
h_p33_cp176,0.1293060764519396
h_p33_cp177,2.94900576949226
h_p33_cp178,0.15458440153588526
h_p33_cp179,2.403570123057534
h_p33_cp180,0.1842210416002672
h_p33_cp181,1.8565243585492226
h_p33_cp182,0.21172494585880486
h_p33_cp183,1.36360981239568
h_p33_cp184,0.23086597560359223
h_p33_cp185,0.9556742420040791
h_p33_cp186,0.2368811635851671
h_p33_cp187,0.6410240266584424
h_p33_cp188,0.22792492525422858
h_p33_cp189,0.4125862563953433
h_p33_cp190,0.20568846513606331
h_p33_cp191,0.25540148976529053
h_p33_cp192,0.1745456839707913
h_p33_cp193,0.15236937027452768
h_p33_cp194,0.13981612169391155
h_p33_cp195,0.0877740052721947
h_p33_cp196,0.10616350831878663
h_p33_cp197,0.048909758737636366
h_p33_cp198,0.07671992396853966
h_p33_cp199,0.026405179386983946
h_p33_cp200,0.05295676057221499
h_p33_cp201,0.013831680827934179
h_p33_cp202,0.03502448261360769
h_p33_cp203,0.007038701193778252
h_p33_cp204,0.02225432769591862
h_p33_cp205,0.003483116686993526
h_p33_cp206,0.01361527182689315
h_p33_cp207,0.0016771090629390528
h_p33_cp208,0.008035898274101783
h_p33_cp209,0.0007856661541154608
h_p33_cp210,0.004583018117045867
h_p33_cp211,0.0003575603841454722
h_p34_cp0,0.7437644822061884
h_p34_cp1,0.003044174279239087
h_p34_cp2,1.0346640576349273
h_p34_cp3,0.004729223293452378
h_p34_cp4,1.3719622094358783
h_p34_cp5,0.007125179291506356
h_p34_cp6,1.7272278500354332
h_p34_cp7,0.010411458400540141
h_p34_cp8,2.053651726258977
h_p34_cp9,0.01477651498726118
h_p34_cp10,2.290831598949808
h_p34_cp11,0.020419537389443576
h_p34_cp12,2.3820312049379027
h_p34_cp13,0.027565918715936277
h_p34_cp14,2.302528827052356
h_p34_cp15,0.036494305227279256
h_p34_cp16,2.077503538815108
h_p34_cp17,0.04755836800677571
h_p34_cp18,1.7647822149001513
h_p34_cp19,0.06116940435776996
h_p34_cp20,1.427116085794296
h_p34_cp21,0.07769933674671847
h_p34_cp22,1.1155377174331988
h_p34_cp23,0.09728356540199457
h_p34_cp24,0.8651943347222186
h_p34_cp25,0.119554544039147
h_p34_cp26,0.697889473997293
h_p34_cp27,0.14340019860719622
h_p34_cp28,0.6270579115862347
h_p34_cp29,0.16687713611190702
h_p34_cp30,0.6628960141465541
h_p34_cp31,0.18738544480493147
h_p34_cp32,0.8160714828504751
h_p34_cp33,0.20212551670510948
h_p34_cp34,1.0985769173830704
h_p34_cp35,0.2087362592046702
h_p34_cp36,1.5204064239387662
h_p34_cp37,0.20591332236426751
h_p34_cp38,2.0811775885217685
h_p34_cp39,0.19378374229290785
h_p34_cp40,2.757290238044334
h_p34_cp41,0.17389427837997573
h_p34_cp42,3.4885483322455
h_p34_cp43,0.14882098734642568
h_p34_cp44,4.1730799053257215
h_p34_cp45,0.1215507450719997
h_p34_cp46,4.68269195761377
h_p34_cp47,0.09485233859140862
h_p34_cp48,4.906224656292125
h_p34_cp49,0.07082153698775073
h_p34_cp50,4.809401261270523
h_p34_cp51,0.05068554827312255
h_p34_cp52,4.46805273755399
h_p34_cp53,0.0348472865362055
h_p34_cp54,4.028363491260279
h_p34_cp55,0.023083660620159208
h_p34_cp56,3.6409635166091903
h_p34_cp57,0.01479716809171805
h_p34_cp58,3.4116837194542313
h_p34_cp59,0.009242997481123894
h_p34_cp60,3.379914377723253
h_p34_cp61,0.005691496674899099
h_p34_cp62,3.5176840678982444
h_p34_cp63,0.0035193200405956304
h_p34_cp64,3.740926501834565
h_p34_cp65,0.00224287323817407
h_p34_cp66,3.93133904356273
h_p34_cp67,0.0015146755008572654
h_p34_cp68,3.9725160526741092
h_p34_cp69,0.0011013606506367069
h_p34_cp70,3.797023963765014
h_p34_cp71,0.0008563295959902462
h_p34_cp72,3.41854665078381
h_p34_cp73,0.0006942052148133371
h_p34_cp74,2.90598917975899
h_p34_cp75,0.0005699662435745267
h_p34_cp76,2.3429924441536514
h_p34_cp77,0.0004632200780179119
h_p34_cp78,1.7998202014987328
h_p34_cp79,0.00036702779925690265
h_p34_cp80,1.3221991844091008
h_p34_cp81,0.00028036821800014877
h_p34_cp82,0.9316382817680733
h_p34_cp83,0.00020322886689427833
h_p34_cp84,1.0960324931975265
h_p34_cp85,1.350035627649504
h_p34_cp86,1.5475022948808146
h_p34_cp87,1.8890947882073306
h_p34_cp88,2.087563384060104
h_p34_cp89,2.551762699201845
h_p34_cp90,2.6789649584084145
h_p34_cp91,3.3284357751572315
h_p34_cp92,3.2475070267482806
h_p34_cp93,4.1968346551827835
h_p34_cp94,3.6811972553332453
h_p34_cp95,5.123252584363172
h_p34_cp96,3.860027880564303
h_p34_cp97,6.0580799807473795
h_p34_cp98,3.7252582557471214
h_p34_cp99,6.916000560757084
h_p34_cp100,3.332391401881523
h_p34_cp101,7.549125474581842
h_p34_cp102,2.7982576665631314
h_p34_cp103,7.769661195888602
h_p34_cp104,2.2320235697893622
h_p34_cp105,7.478243774274688
h_p34_cp106,1.706025754574057
h_p34_cp107,6.829932357509051
h_p34_cp108,1.2573332551364729
h_p34_cp109,6.066017466678659
h_p34_cp110,0.8983868755199182
h_p34_cp111,5.374899832721212
h_p34_cp112,0.6266211458382713
h_p34_cp113,4.846004459117012
h_p34_cp114,0.43164513798046755
h_p34_cp115,4.471510992143976
h_p34_cp116,0.3006377317110491
h_p34_cp117,4.166426546261846
h_p34_cp118,0.22233630331038512
h_p34_cp119,3.809991535026711
h_p34_cp120,0.18980683588188185
h_p34_cp121,3.3188878961948376
h_p34_cp122,0.20227844637111048
h_p34_cp123,2.726273262713221
h_p34_cp124,0.26635547820251304
h_p34_cp125,2.1152211678288495
h_p34_cp126,0.3967425322557574
h_p34_cp127,1.5596244976197795
h_p34_cp128,0.6162931096300781
h_p34_cp129,1.1008679590731845
h_p34_cp130,0.9548362555915446
h_p34_cp131,0.7498872563287478
h_p34_cp132,1.4459330789281921
h_p34_cp133,0.49878566971119653
h_p34_cp134,2.1204778147839534
h_p34_cp135,0.33197905197334876
h_p34_cp136,2.9958218344368106
h_p34_cp137,0.23364474617278574
h_p34_cp138,4.058883280649752
h_p34_cp139,0.19174898307505828
h_p34_cp140,5.242245091425502
h_p34_cp141,0.19977172064409388
h_p34_cp142,6.396843506836831
h_p34_cp143,0.2570014639736655
h_p34_cp144,7.281754481625285
h_p34_cp145,0.3678148744863847
h_p34_cp146,7.622965922994808
h_p34_cp147,0.5399844325975209
h_p34_cp148,7.28147773105502
h_p34_cp149,0.7818617512423316
h_p34_cp150,6.396226097583622
h_p34_cp151,1.098356496504266
h_p34_cp152,5.241156553997371
h_p34_cp153,1.4861059896466031
h_p34_cp154,4.057122795220039
h_p34_cp155,1.9291807694669387
h_p34_cp156,2.9931151836722165
h_p34_cp157,2.397841189392693
h_p34_cp158,2.1164745066444084
h_p34_cp159,2.8532879926599435
h_p34_cp160,1.4401953705378219
h_p34_cp161,3.2592400164471655
h_p34_cp162,0.9467957646602372
h_p34_cp163,3.5951178274979156
h_p34_cp164,0.6051233228181445
h_p34_cp165,3.858788815644857
h_p34_cp166,0.38105554912544903
h_p34_cp167,4.0511845641046875
h_p34_cp168,0.2435817909049547
h_p34_cp169,4.157237448260048
h_p34_cp170,0.1675404074940161
h_p34_cp171,4.14137803253675
h_p34_cp172,0.1340735032554221
h_p34_cp173,3.964616727234443
h_p34_cp174,0.12969172953989982
h_p34_cp175,3.6140465968808257
h_p34_cp176,0.14466864624591835
h_p34_cp177,3.1222130523244687
h_p34_cp178,0.17132440867817422
h_p34_cp179,2.5548036111028978
h_p34_cp180,0.2026521662983214
h_p34_cp181,1.9840920519827705
h_p34_cp182,0.23167484027135288
h_p34_cp183,1.4670541166492512
h_p34_cp184,0.25178813817774426
h_p34_cp185,1.0361930722638135
h_p34_cp186,0.2579949666569519
h_p34_cp187,0.7011880324778303
h_p34_cp188,0.2483617585862703
h_p34_cp189,0.455755183995052
h_p34_cp190,0.22462695622562023
h_p34_cp191,0.285155281454081
h_p34_cp192,0.19133009420738745
h_p34_cp193,0.17207784167908358
h_p34_cp194,0.15404016115371633
h_p34_cp195,0.10032978923709379
h_p34_cp196,0.1176973067445033
h_p34_cp197,0.05661190108776282
h_p34_cp198,0.0856787569982771
h_p34_cp199,0.030961085623857798
h_p34_cp200,0.05963177200192149
h_p34_cp201,0.016434320176131223
h_p34_cp202,0.039801827441351634
h_p34_cp203,0.008476843806647594
h_p34_cp204,0.02554329728036464
h_p34_cp205,0.00425282811102079
h_p34_cp206,0.015796304646755743
h_p34_cp207,0.0020765000379014964
h_p34_cp208,0.009430885751498863
h_p34_cp209,0.0009866045522812783
h_p34_cp210,0.005444712922326289
h_p34_cp211,0.00045542898919848085
h_p35_cp0,0.7976359072699779
h_p35_cp1,0.003635202991517872
h_p35_cp2,1.1022695754049892
h_p35_cp3,0.005604897594821523
h_p35_cp4,1.4543994937239404
h_p35_cp5,0.008390495276216825
h_p35_cp6,1.8247843451335939
h_p35_cp7,0.012194355026167614
h_p35_cp8,2.164842393625804
h_p35_cp9,0.017229596270226466
h_p35_cp10,2.411698475042158
h_p35_cp11,0.02372151070903783
h_p35_cp12,2.5067088725309077
h_p35_cp13,0.031922671862048446
h_p35_cp14,2.424656468309877
h_p35_cp15,0.04213856367550761
h_p35_cp16,2.19137273084516
h_p35_cp17,0.05474549173777632
h_p35_cp18,1.8667907740045848
h_p35_cp19,0.07016571305257457
h_p35_cp20,1.5164149196757535
h_p35_cp21,0.08875942136910453
h_p35_cp22,1.1934459212379807
h_p35_cp23,0.11061526243702247
h_p35_cp24,0.9343758313793842
h_p35_cp25,0.13527455563826152
h_p35_cp26,0.762003831317088
h_p35_cp27,0.16148827861161408
h_p35_cp28,0.6907673522350706
h_p35_cp29,0.18713997971826757
h_p35_cp30,0.7318249289596679
h_p35_cp31,0.20944088190572074
h_p35_cp32,0.8964466343854838
h_p35_cp33,0.2254132270008995
h_p35_cp34,1.196439267756432
h_p35_cp35,0.23255532725488592
h_p35_cp36,1.640399966197947
h_p35_cp37,0.22948231134978414
h_p35_cp38,2.2251313009210207
h_p35_cp39,0.2163161785038028
h_p35_cp40,2.9231984304378784
h_p35_cp41,0.19467995034165142
h_p35_cp42,3.670874628134243
h_p35_cp43,0.16730049790567136
h_p35_cp44,4.3649844861242855
h_p35_cp45,0.13736927877289418
h_p35_cp46,4.879485215189106
h_p35_cp47,0.1078815291994033
h_p35_cp48,5.107597610401626
h_p35_cp49,0.08114588238049691
h_p35_cp50,5.017457132117215
h_p35_cp51,0.05855895122977017
h_p35_cp52,4.683297984761339
h_p35_cp53,0.04063218390501788
h_p35_cp54,4.247356458201466
h_p35_cp55,0.027187488389699865
h_p35_cp56,3.857895209956041
h_p35_cp57,0.017618501874039794
h_p35_cp58,3.6211061313779283
h_p35_cp59,0.011134396893794474
h_p35_cp60,3.578400239250186
h_p35_cp61,0.006940356600807718
h_p35_cp62,3.7039980121771805
h_p35_cp63,0.004343815241554694
h_p35_cp64,3.9155515282768647
h_p35_cp65,0.0027981086423096713
h_p35_cp66,4.096019498881333
h_p35_cp67,0.0019041129162360448
h_p35_cp68,4.129246452512007
h_p35_cp69,0.0013896764658056782
h_p35_cp70,3.9464830390506904
h_p35_cp71,0.0010812763343892584
h_p35_cp72,3.560517468409671
h_p35_cp73,0.0008762928237047163
h_p35_cp74,3.0385835587878773
h_p35_cp75,0.0007196457245299825
h_p35_cp76,2.4631159437426504
h_p35_cp77,0.0005857494343217695
h_p35_cp78,1.9045495080711135
h_p35_cp79,0.0004654225956528535
h_p35_cp80,1.4097961273234887
h_p35_cp81,0.0003568838519640849
h_p35_cp82,1.0018728312668372
h_p35_cp83,0.000259752603369634
h_p35_cp84,1.1664549189777063
h_p35_cp85,1.441726038707202
h_p35_cp86,1.6374474717554222
h_p35_cp87,2.005472879317722
h_p35_cp88,2.2001156315996013
h_p35_cp89,2.6960472270518494
h_p35_cp90,2.8158698463694236
h_p35_cp91,3.504064250153988
h_p35_cp92,3.406693231186182
h_p35_cp93,4.4074314073254754
h_p35_cp94,3.855702160728015
h_p35_cp95,5.3716568515144445
h_p35_cp96,4.040378335288096
h_p35_cp97,6.3444180873455025
h_p35_cp98,3.9020415082100044
h_p35_cp99,7.236339328753957
h_p35_cp100,3.4960147510287243
h_p35_cp101,7.8951011141371055
h_p35_cp102,2.9415144655936274
h_p35_cp103,8.127853288242022
h_p35_cp104,2.3524811454844894
h_p35_cp105,7.8311358354542335
h_p35_cp106,1.804989991520415
h_p35_cp107,7.164886903789238
h_p35_cp108,1.3374442431004354
h_p35_cp109,6.375709953209025
h_p35_cp110,0.9622601170399321
h_p35_cp111,5.6556985418153545
h_p35_cp112,0.6767145904668723
h_p35_cp113,5.096946109983264
h_p35_cp114,0.47052941336642107
h_p35_cp115,4.693684126319795
h_p35_cp116,0.3311396598101055
h_p35_cp117,4.362478989578904
h_p35_cp118,0.24751019691393594
h_p35_cp119,3.9819812719185848
h_p35_cp120,0.21287105810188223
h_p35_cp121,3.467198734824933
h_p35_cp122,0.2266051815759056
h_p35_cp123,2.852454635837148
h_p35_cp124,0.29550000441258817
h_p35_cp125,2.2212051540827815
h_p35_cp126,0.4344413310404889
h_p35_cp127,1.6464371855122408
h_p35_cp128,0.6663669827962622
h_p35_cp129,1.1696287734469024
h_p35_cp130,1.0209891097724721
h_p35_cp131,0.8027157716514921
h_p35_cp132,1.5315023061561988
h_p35_cp133,0.5387381474210997
h_p35_cp134,2.2282015697055613
h_p35_cp135,0.36259576243787706
h_p35_cp136,3.127535453864766
h_p35_cp137,0.2586081709073369
h_p35_cp138,4.214667293952516
h_p35_cp139,0.21476301129359854
h_p35_cp140,5.418334691508335
h_p35_cp141,0.2245922406812042
h_p35_cp142,6.583311743113882
h_p35_cp143,0.2875240886960455
h_p35_cp144,7.465721463256614
h_p35_cp145,0.4081411155193564
h_p35_cp146,7.801584432695108
h_p35_cp147,0.5944004099799258
h_p35_cp148,7.465381237234396
h_p35_cp149,0.8546764252407684
h_p35_cp150,6.582557579637069
h_p35_cp151,1.1935736275643194
h_p35_cp152,5.417017054711323
h_p35_cp153,1.6069518092367616
h_p35_cp154,4.21255823192223
h_p35_cp155,2.0775674294420696
h_p35_cp156,3.124327423388422
h_p35_cp157,2.573890684546086
h_p35_cp158,2.223506585407904
h_p35_cp159,3.0550447401019483
h_p35_cp160,1.524841450130225
h_p35_cp161,3.4826372536188046
h_p35_cp162,1.0117445079608842
h_p35_cp163,3.834167084859473
h_p35_cp164,0.6536386330908499
h_p35_cp165,4.106005015240953
h_p35_cp166,0.41670924855998237
h_p35_cp167,4.29844120929647
h_p35_cp168,0.26994275320384986
h_p35_cp169,4.397086670828912
h_p35_cp170,0.18788239467448875
h_p35_cp171,4.368272009314978
h_p35_cp172,0.15116605811181216
h_p35_cp173,4.17509384905884
h_p35_cp174,0.145691041948794
h_p35_cp175,3.8060048682043544
h_p35_cp176,0.1610876342415395
h_p35_cp177,3.2942902041138495
h_p35_cp178,0.1890522976059401
h_p35_cp179,2.7056098259467944
h_p35_cp180,0.22200677077898945
h_p35_cp181,2.112229738478618
h_p35_cp182,0.2524872113058336
h_p35_cp183,1.5719308192626613
h_p35_cp184,0.27352157542736677
h_p35_cp185,1.1186390516693336
h_p35_cp186,0.27988587157960865
h_p35_cp187,0.7634129012105859
h_p35_cp188,0.26955938448691086
h_p35_cp189,0.5008665182738241
h_p35_cp190,0.24432046269566854
h_p35_cp191,0.31659094488236406
h_p35_cp192,0.20885987306428433
h_p35_cp193,0.19314800590063896
h_p35_cp194,0.16898172969331426
h_p35_cp195,0.11392442413898607
h_p35_cp196,0.12989587833726546
h_p35_cp197,0.06506396091003808
h_p35_cp198,0.09522704501478074
h_p35_cp199,0.03603087904957647
h_p35_cp200,0.06680646674703894
h_p35_cp201,0.019372310286144057
h_p35_cp202,0.044984398794440494
h_p35_cp203,0.01012405543224304
h_p35_cp204,0.029146998709165928
h_p35_cp205,0.0051474274453084945
h_p35_cp206,0.018211725383025623
h_p35_cp207,0.0025475419417944067
h_p35_cp208,0.010993458495704544
h_p35_cp209,0.0012270746831291035
h_p35_cp210,0.006421614759346994
h_p35_cp211,0.0005742551056755474
h_p36_cp0,0.853040041748045
h_p36_cp1,0.0043094909997307695
h_p36_cp2,1.1719285211984243
h_p36_cp3,0.0065967143641501025
h_p36_cp4,1.539502327878381
h_p36_cp5,0.009814801450374944
h_p36_cp6,1.9254033134211568
h_p36_cp7,0.014190529719598999
h_p36_cp8,2.2790417206479106
h_p36_cp9,0.019963106049544876
h_p36_cp10,2.5352421792954374
h_p36_cp11,0.027385011500882683
h_p36_cp12,2.633910375538562
h_p36_cp13,0.0367363176105755
h_p36_cp14,2.5495704209615724
h_p36_cp15,0.048348313125188724
h_p36_cp16,2.3084850140489834
h_p36_cp17,0.06261692871476043
h_p36_cp18,1.972252668341298
h_p36_cp19,0.07996998150838408
h_p36_cp20,1.6089745182321167
h_p36_cp21,0.10074832192731265
h_p36_cp22,1.274270326237911
h_p36_cp23,0.12498508590533675
h_p36_cp24,1.00629340077694
h_p36_cp25,0.15212248518673732
h_p36_cp26,0.8289512954888778
h_p36_cp27,0.18076953877789492
h_p36_cp28,0.7575921954330624
h_p36_cp29,0.20863614083509674
h_p36_cp30,0.804144812987488
h_p36_cp31,0.23274833949608364
h_p36_cp32,0.980250533324579
h_p36_cp33,0.24995637461552178
h_p36_cp34,1.2972723198577114
h_p36_cp35,0.25762381992444716
h_p36_cp36,1.7621618091779965
h_p36_cp37,0.2542884000763479
h_p36_cp38,2.3687850442543095
h_p36_cp39,0.2400662814216048
h_p36_cp40,3.086046182097107
h_p36_cp41,0.21665248792942293
h_p36_cp42,3.847259749526984
h_p36_cp43,0.1869188548148486
h_p36_cp44,4.548836150951502
h_p36_cp45,0.15425660419077758
h_p36_cp46,5.067606068650548
h_p36_cp47,0.12188596200167012
h_p36_cp48,5.300622515303985
h_p36_cp49,0.09233145053030967
h_p36_cp50,5.217000799916605
h_p36_cp51,0.06716619027656634
h_p36_cp52,4.890702572794453
h_p36_cp53,0.047019668748362164
h_p36_cp54,4.460474674781835
h_p36_cp55,0.03176844945528501
h_p36_cp56,4.071434274582771
h_p36_cp57,0.02080510199721175
h_p36_cp58,3.8292517814670646
h_p36_cp59,0.013297523960773106
h_p36_cp60,3.776921427564048
h_p36_cp61,0.008387229353502335
h_p36_cp62,3.8910303433258377
h_p36_cp63,0.005311269994308532
h_p36_cp64,4.091529732243089
h_p36_cp65,0.003457065150996641
h_p36_cp66,4.262897155044129
h_p36_cp67,0.0023703035453763732
h_p36_cp68,4.288507718275923
h_p36_cp69,0.00173657197706234
h_p36_cp70,4.09752067551176
h_p36_cp71,0.0013524784499168163
h_p36_cp72,3.702849738439909
h_p36_cp73,0.0010959343937884114
h_p36_cp74,3.171049659074015
h_p36_cp75,0.0009002845165468898
h_p36_cp76,2.583359786342271
h_p36_cp77,0.0007338232358051755
h_p36_cp78,2.0099453658597213
h_p36_cp79,0.0005846218839451467
h_p36_cp80,1.4985662170743126
h_p36_cp81,0.00044988377817389846
h_p36_cp82,1.0736130928223702
h_p36_cp83,0.00032869378719624365
h_p36_cp84,1.2390481631155126
h_p36_cp85,1.5348312955181882
h_p36_cp86,1.730409187290661
h_p36_cp87,2.1231543035942195
h_p36_cp88,2.3161905953829773
h_p36_cp89,2.841593390841581
h_p36_cp90,2.955658690915243
h_p36_cp91,3.6810290436205833
h_p36_cp92,3.5667806305318663
h_p36_cp93,4.619436878889928
h_p36_cp94,4.028844747126186
h_p36_cp95,5.621331756409063
h_p36_cp96,4.2183585097827745
h_p36_cp97,6.631902890851734
h_p36_cp98,4.077547058256187
h_p36_cp99,7.558476188659142
h_p36_cp100,3.660703187902982
h_p36_cp101,8.243979873972648
h_p36_cp102,3.08788979599467
h_p36_cp103,8.489038727329444
h_p36_cp104,2.47675827469493
h_p36_cp105,8.186707030929938
h_p36_cp106,1.9073238977298388
h_p36_cp107,7.5010794167374115
h_p36_cp108,1.4201323517513629
h_p36_cp109,6.6855127736662325
h_p36_cp110,1.0281260711803952
h_p36_cp111,5.936407679406784
h_p36_cp112,0.7285245914963525
h_p36_cp113,5.348417182956155
h_p36_cp114,0.511040784223951
h_p36_cp115,4.917601152561474
h_p36_cp116,0.36324328329101263
h_p36_cp117,4.561306477409971
h_p36_cp118,0.27427249079801186
h_p36_cp119,4.157014333248753
h_p36_cp120,0.23751813510170905
h_p36_cp121,3.6180810695118453
h_p36_cp122,0.2525185675381181
h_p36_cp123,2.980141181911904
h_p36_cp124,0.32622853867587764
h_p36_cp125,2.327748338527954
h_p36_cp126,0.4736829959588249
h_p36_cp127,1.7336768371992548
h_p36_cp128,0.7178739284104267
h_p36_cp129,1.2391980446307116
h_p36_cp130,1.0883869226327079
h_p36_cp131,0.85674460492055
h_p36_cp132,1.6180443297657803
h_p36_cp133,0.5801051167527476
h_p36_cp134,2.3364194426553695
h_p36_cp135,0.3947112836394808
h_p36_cp136,3.258517673407823
h_p36_cp137,0.28512761993874847
h_p36_cp138,4.366440681588301
h_p36_cp139,0.23943970952655036
h_p36_cp140,5.583411743891247
h_p36_cp141,0.2512718172620225
h_p36_cp142,6.7483112768036335
h_p36_cp143,0.32020424475808795
h_p36_cp144,7.619016567575272
h_p36_cp145,0.45101508689594993
h_p36_cp146,7.946969932531374
h_p36_cp147,0.6518144760880205
h_p36_cp148,7.618602817533883
h_p36_cp149,0.9309497074959836
h_p36_cp150,6.747399616471739
h_p36_cp151,1.2926588709406133
h_p36_cp152,5.581832452009621
h_p36_cp153,1.7319625414504571
h_p36_cp154,4.363937387225178
h_p36_cp155,2.230251124643928
h_p36_cp156,3.254748395972001
h_p36_cp157,2.7541682662510993
h_p36_cp158,2.3309579689894235
h_p36_cp159,3.2607347631847006
h_p36_cp160,1.6103700016719813
h_p36_cp161,3.7094223127999157
h_p36_cp162,1.0778310695459368
h_p36_cp163,4.075798958594078
h_p36_cp164,0.7034592735712977
h_p36_cp165,4.35481426139313
h_p36_cp166,0.4537489633748919
h_p36_cp167,4.546361567080339
h_p36_cp168,0.2976869108770188
h_p36_cp169,4.637007502884671
h_p36_cp170,0.20954589818757086
h_p36_cp171,4.594986123774106
h_p36_cp172,0.1694910783398882
h_p36_cp173,4.3852112932156615
h_p36_cp174,0.1628295643936326
h_p36_cp175,3.99735148929949
h_p36_cp176,0.17855781403250148
h_p36_cp177,3.4656279410057778
h_p36_cp178,0.2077482621857598
h_p36_cp179,2.8559716093031966
h_p36_cp180,0.2422495736300334
h_p36_cp181,2.240627729062453
h_p36_cp182,0.27411465317436523
h_p36_cp183,1.6778568534464284
h_p36_cp184,0.2960118492933361
h_p36_cp185,1.2027028438044454
h_p36_cp186,0.3024967623332486
h_p36_cp187,0.8275004945235196
h_p36_cp188,0.29146169005707634
h_p36_cp189,0.5478124785170166
h_p36_cp190,0.26471790308278287
h_p36_cp191,0.3496599663685629
h_p36_cp192,0.22709368782261663
h_p36_cp193,0.21556721527758782
h_p36_cp194,0.18461271372780175
h_p36_cp195,0.1285658303238506
h_p36_cp196,0.142744777612279
h_p36_cp197,0.07428408419445987
h_p36_cp198,0.10536174947264954
h_p36_cp199,0.04163579265332373
h_p36_cp200,0.07448576706292442
h_p36_cp201,0.022665479610395778
h_p36_cp202,0.05058174214491373
h_p36_cp203,0.011996530017768237
h_p36_cp204,0.033076951082875894
h_p36_cp205,0.0061789117789885495
h_p36_cp206,0.020873156674952043
h_p36_cp207,0.0030984542279384186
h_p36_cp208,0.012734162818105688
h_p36_cp209,0.001512343063723165
h_p36_cp210,0.007522578298448934
h_p36_cp211,0.0007172118998823862
h_p37_cp0,0.9100999701086039
h_p37_cp1,0.005074167058864987
h_p37_cp2,1.2436677918735768
h_p37_cp3,0.007713604195942025
h_p37_cp4,1.6269986882070953
h_p37_cp5,0.01140910366711978
h_p37_cp6,2.028341163312689
h_p37_cp7,0.01641322163368386
h_p37_cp8,2.3950176106482104
h_p37_cp9,0.022992487718966004
h_p37_cp10,2.6598769707761676
h_p37_cp11,0.03142736487006914
h_p37_cp12,2.7619166533745556
h_p37_cp13,0.04202531645159979
h_p37_cp14,2.6756932399598554
h_p37_cp15,0.05514184969752023
h_p37_cp16,2.4276247215148032
h_p37_cp17,0.07118887605975033
h_p37_cp18,2.0804483353908836
h_p37_cp19,0.09059378139409091
h_p37_cp20,1.7045530285140558
h_p37_cp21,0.11367011521087989
h_p37_cp22,1.3580705802492048
h_p37_cp23,0.14038688163600455
h_p37_cp24,1.0810975725585195
h_p37_cp25,0.1700799530799486
h_p37_cp26,0.8988348484081143
h_p37_cp27,0.2012126556928706
h_p37_cp28,0.8275304824028353
h_p37_cp29,0.2313221481012988
h_p37_cp30,0.8797272336919377
h_p37_cp31,0.2572543532423879
h_p37_cp32,1.0672082632422644
h_p37_cp33,0.2756945828973585
h_p37_cp34,1.4006415990288588
h_p37_cp35,0.2838779944795533
h_p37_cp36,1.8851333070792862
h_p37_cp37,0.28026819340630027
h_p37_cp38,2.5116001602395954
h_p37_cp39,0.26497472150867907
h_p37_cp40,3.2456371036041674
h_p37_cp41,0.23976014609115737
h_p37_cp42,4.0184015985728365
h_p37_cp43,0.20763486960731825
h_p37_cp44,4.726823895824964
h_p37_cp45,0.172184082766762
h_p37_cp46,5.250630160875062
h_p37_cp47,0.1368502119967161
h_p37_cp48,5.489124614265165
h_p37_cp49,0.10437524022881917
h_p37_cp50,5.4115680444415375
h_p37_cp51,0.07651461696877959
h_p37_cp52,5.092377705784656
h_p37_cp53,0.05402453633087134
h_p37_cp54,4.668310601624398
h_p37_cp55,0.036845627195361885
h_p37_cp56,4.2812906513240705
h_p37_cp57,0.024377498137255316
h_p37_cp58,4.035616569154172
h_p37_cp59,0.015752203412830568
h_p37_cp60,3.9753371913966475
h_p37_cp61,0.010049906421045307
h_p37_cp62,4.07951822190671
h_p37_cp63,0.006436860150643042
h_p37_cp64,4.270740867353652
h_p37_cp65,0.004232268751366064
h_p37_cp66,4.434679034299734
h_p37_cp67,0.0029234107851152658
h_p37_cp68,4.453139355737676
h_p37_cp69,0.0021502645615782967
h_p37_cp70,4.252973368697894
h_p37_cp71,0.001676622926879645
h_p37_cp72,3.847705191654086
h_p37_cp73,0.0013586327199845982
h_p37_cp74,3.3045778201751546
h_p37_cp75,0.0011164563416059536
h_p37_cp76,2.7041720898535004
h_p37_cp77,0.0009112565157920471
h_p37_cp78,2.116077949051487
h_p37_cp79,0.0007277854651874804
h_p37_cp80,1.5884475614329858
h_p37_cp81,0.0005619263592961943
h_p37_cp82,1.146773344171379
h_p37_cp83,0.00041202241118298844
h_p37_cp84,1.3138176846860006
h_p37_cp85,1.6292847827915011
h_p37_cp86,1.8259441474619962
h_p37_cp87,2.242144027345148
h_p37_cp88,2.434503105238491
h_p37_cp89,2.98855827150237
h_p37_cp90,3.0960200833928866
h_p37_cp91,3.859723830353687
h_p37_cp92,3.7245680702703794
h_p37_cp93,4.833539360856548
h_p37_cp94,4.19679270305096
h_p37_cp95,5.873284646140746
h_p37_cp96,4.389915318009571
h_p37_cp97,6.921667404070149
h_p37_cp98,4.247945789179539
h_p37_cp99,7.882557892555496
h_p37_cp100,3.8232610710192603
h_p37_cp101,8.593223303169225
h_p37_cp102,3.235079364942976
h_p37_cp103,8.848460724954748
h_p37_cp104,2.603578442192429
h_p37_cp105,8.542085135524076
h_p37_cp106,2.01259474455037
h_p37_cp107,7.838036907465266
h_p37_cp108,1.5054163401105143
h_p37_cp109,6.995807692304425
h_p37_cp110,1.0961248449443701
h_p37_cp111,6.217439615012381
h_p37_cp112,0.7821593015655708
h_p37_cp113,5.6009349208536605
h_p37_cp114,0.5532320859533684
h_p37_cp115,5.144100492540247
h_p37_cp116,0.39696946515459786
h_p37_cp117,4.764464210829374
h_p37_cp118,0.3026330607467571
h_p37_cp119,4.337359451477596
h_p37_cp120,0.26375322627836795
h_p37_cp121,3.7733140178781923
h_p37_cp122,0.28001584712865224
h_p37_cp123,3.1105623743558226
h_p37_cp124,0.3585264436187572
h_p37_cp125,2.4357306282010995
h_p37_cp126,0.5144417504034209
h_p37_cp127,1.821780589001719
h_p37_cp128,0.7707789394489737
h_p37_cp129,1.3096590026473223
h_p37_cp130,1.1569640672719288
h_p37_cp131,0.9119140549903477
h_p37_cp132,1.7053522731580415
h_p37_cp133,0.622824306083885
h_p37_cp134,2.4444703907306575
h_p37_cp135,0.4283034671198038
h_p37_cp136,3.3870821914679254
h_p37_cp137,0.31321612605938753
h_p37_cp138,4.511006723022547
h_p37_cp139,0.26581201561089074
h_p37_cp140,5.733464054047545
h_p37_cp141,0.2798495476363314
h_p37_cp142,6.889983375691827
h_p37_cp143,0.35507471501728105
h_p37_cp144,7.745633604974046
h_p37_cp145,0.49644972367013906
h_p37_cp146,8.067660673953924
h_p37_cp147,0.712204183943868
h_p37_cp148,7.745135480227873
h_p37_cp149,1.010606576464852
h_p37_cp150,6.888891944536226
h_p37_cp151,1.3954661190275601
h_p37_cp152,5.731588441695749
h_p37_cp153,1.8609009267843248
h_p37_cp154,4.508061080733114
h_p37_cp155,2.3868822418382933
h_p37_cp156,3.3826892697679796
h_p37_cp157,2.938193440419809
h_p37_cp158,2.4381652774081886
h_p37_cp159,3.4697451028755495
h_p37_cp160,1.696572138620013
h_p37_cp161,3.9388987938907576
h_p37_cp162,1.1449880284249048
h_p37_cp163,4.319365580792464
h_p37_cp164,0.7545482710647775
h_p37_cp165,4.6048213329613645
h_p37_cp166,0.49214626620641866
h_p37_cp167,4.794991799052923
h_p37_cp168,0.3267959644781513
h_p37_cp169,4.877535625904784
h_p37_cp170,0.2325234497393467
h_p37_cp171,4.822421970503683
h_p37_cp172,0.18904724166168307
h_p37_cp173,4.596024531364492
h_p37_cp174,0.18110438229814463
h_p37_cp175,4.189089167635302
h_p37_cp176,0.19706746320071034
h_p37_cp177,3.6369606962546186
h_p37_cp178,0.22738791724714247
h_p37_cp179,3.0062239812859843
h_p37_cp180,0.26334415957535384
h_p37_cp181,2.3692567821933608
h_p37_cp182,0.296512548724877
h_p37_cp183,1.784605669552775
h_p37_cp184,0.319210266441587
h_p37_cp185,1.2881285530017976
h_p37_cp186,0.32577742849571223
h_p37_cp187,0.8932541095148281
h_p37_cp188,0.3140184348967523
h_p37_cp189,0.596472327283891
h_p37_cp190,0.2857713274706839
h_p37_cp191,0.38430198175842634
h_p37_cp192,0.24598979269239862
h_p37_cp193,0.2393148364951685
h_p37_cp194,0.2009017171544656
h_p37_cp195,0.14425678938050623
h_p37_cp196,0.15622506450426954
h_p37_cp197,0.08428708025348897
h_p37_cp198,0.116075623173856
h_p37_cp199,0.0477950070658153
h_p37_cp200,0.0826714024933608
h_p37_cp201,0.02633259132448984
h_p37_cp202,0.056601299115754955
h_p37_cp203,0.014110099933759557
h_p37_cp204,0.0373434354892197
h_p37_cp205,0.0073593373656422045
h_p37_cp206,0.0237915872303347
h_p37_cp207,0.003737703800879899
h_p37_cp208,0.01466330785797254
h_p37_cp209,0.0018479593911706615
h_p37_cp210,0.00875646861641144
h_p37_cp211,0.0008877138648131222
h_p38_cp0,0.9688300622378847
h_p38_cp1,0.005936468096933822
h_p38_cp2,1.3173163057381316
h_p38_cp3,0.00896449575520819
h_p38_cp4,1.7163570448642531
h_p38_cp5,0.013184226409521216
h_p38_cp6,2.132593122299113
h_p38_cp7,0.01887520406035037
h_p38_cp8,2.511320746553338
h_p38_cp9,0.02633229070033849
h_p38_cp10,2.783873833463531
h_p38_cp11,0.03586439618266013
h_p38_cp12,2.888933181509401
h_p38_cp13,0.04780582594639782
h_p38_cp14,2.8013040144828665
h_p38_cp15,0.0625341740433214
h_p38_cp16,2.547358533499846
h_p38_cp17,0.08047311003110735
h_p38_cp18,2.190396168771713
h_p38_cp19,0.10204313334816106
h_p38_cp20,1.802647323682777
h_p38_cp21,0.1275223954980902
h_p38_cp22,1.44470475828075
h_p38_cp23,0.15680751795889591
h_p38_cp24,1.1588233331622178
h_p38_cp25,0.18912172680165895
h_p38_cp26,0.9717093409526569
h_p38_cp27,0.22278022540285747
h_p38_cp28,0.9005644286230563
h_p38_cp29,0.255149694879492
h_p38_cp30,0.9584374614773878
h_p38_cp31,0.2829020093863619
h_p38_cp32,1.1570495421674423
h_p38_cp33,0.3025651850475697
h_p38_cp34,1.5061554133467325
h_p38_cp35,0.31125248303806075
h_p38_cp36,2.008892930303773
h_p38_cp37,0.30735674618426856
h_p38_cp38,2.653362246276174
h_p38_cp39,0.2909801696841896
h_p38_cp40,3.402382441635382
h_p38_cp41,0.2639483850362012
h_p38_cp42,4.185780828472616
h_p38_cp43,0.2294036532894097
h_p38_cp44,4.901445825585142
h_p38_cp45,0.19111859268468834
h_p38_cp46,5.431191880898496
h_p38_cp47,0.1527539017270101
h_p38_cp48,5.6753820083317805
h_p38_cp49,0.11726926089158951
h_p38_cp50,5.603761588797624
h_p38_cp51,0.08660701079770661
h_p38_cp52,5.2907650478523465
h_p38_cp53,0.061657797347834276
h_p38_cp54,4.872289922488562
h_p38_cp55,0.0424353141966094
h_p38_cp56,4.487898519177179
h_p38_cp57,0.02835444212269067
h_p38_cp58,4.240256307840355
h_p38_cp59,0.018517362157581374
h_p38_cp60,4.17400387972566
h_p38_cp61,0.011945944470880931
h_p38_cp62,4.270544714860989
h_p38_cp63,0.0077359575675473025
h_p38_cp64,4.454888710061823
h_p38_cp65,0.005136673269589664
h_p38_cp66,4.613142116782001
h_p38_cp67,0.0035741137980949134
h_p38_cp68,4.6248599030793685
h_p38_cp69,0.0026394870897092915
h_p38_cp70,4.4147524184934355
h_p38_cp71,0.002060868099988511
h_p38_cp72,3.9970635865681743
h_p38_cp73,0.0016703031560609816
h_p38_cp74,3.4406545307249417
h_p38_cp75,0.0013730896548622695
h_p38_cp76,2.8263477026271175
h_p38_cp77,0.0011221678255424195
h_p38_cp78,2.2232356478530164
h_p38_cp79,0.0008983316063222446
h_p38_cp80,1.6794768457964437
h_p38_cp81,0.0006957859577596537
h_p38_cp82,1.2213032342929182
h_p38_cp83,0.0005118798151215742
h_p38_cp84,1.3905501684675983
h_p38_cp85,1.725103106697361
h_p38_cp86,1.9233144270633602
h_p38_cp87,2.3626115286308504
h_p38_cp88,2.553513252288667
h_p38_cp89,3.137357721838953
h_p38_cp90,3.2345510193467817
h_p38_cp91,4.040841849578555
h_p38_cp92,3.8770539650313367
h_p38_cp93,5.050610613194067
h_p38_cp94,4.356486681288516
h_p38_cp95,6.128275017372289
h_p38_cp96,4.552270921190484
h_p38_cp97,7.213536344644581
h_p38_cp98,4.410179170648462
h_p38_cp99,8.20591218374443
h_p38_cp100,3.9806886701881012
h_p38_cp101,8.937212286712338
h_p38_cp102,3.3806835578138816
h_p38_cp103,9.20004323476951
h_p38_cp104,2.7314071478917867
h_p38_cp105,8.891445394429638
h_p38_cp106,2.1200722418911937
h_p38_cp107,8.172749614745044
h_p38_cp108,1.5930929104611096
h_p38_cp109,7.306093601852126
h_p38_cp110,1.1662837176386347
h_p38_cp111,6.499408670115145
h_p38_cp112,0.8376913650395181
h_p38_cp113,5.855442530827304
h_p38_cp114,0.597154106281323
h_p38_cp115,5.374213087927274
h_p38_cp116,0.4323434901057226
h_p38_cp117,4.972587325632958
h_p38_cp118,0.33260335943941755
h_p38_cp119,4.5227483425690025
h_p38_cp120,0.29158012330981364
h_p38_cp121,3.9336615253050695
h_p38_cp122,0.3090923664785805
h_p38_cp123,3.244893482245743
h_p38_cp124,0.3923778714602122
h_p38_cp125,2.5460899670024446
h_p38_cp126,0.5566878626887046
h_p38_cp127,1.911289224327902
h_p38_cp128,0.8250262423002823
h_p38_cp129,1.3812168410393042
h_p38_cp130,1.2265852869759328
h_p38_cp131,0.9682458854704237
h_p38_cp132,1.7930598524499146
h_p38_cp133,0.6668658278324529
h_p38_cp134,2.5514771430166547
h_p38_cp135,0.4633549907350698
h_p38_cp136,3.5116194163151704
h_p38_cp137,0.3428823820290745
h_p38_cp138,4.646578373723514
h_p38_cp139,0.293906887477533
h_p38_cp140,5.86903401824793
h_p38_cp141,0.3103580314798364
h_p38_cp142,7.015711647661647
h_p38_cp143,0.3921604877855316
h_p38_cp144,7.862307853857146
h_p38_cp145,0.5444480996031871
h_p38_cp146,8.184252779507915
h_p38_cp147,0.7755345278278583
h_p38_cp148,7.8617137412702505
h_p38_cp149,1.0935555761129763
h_p38_cp150,7.0144167336789
h_p38_cp151,1.5018265358055487
h_p38_cp152,5.86682548054705
h_p38_cp153,1.9934971098443839
h_p38_cp154,4.643140078118904
h_p38_cp155,2.5470660286141538
h_p38_cp156,3.506538302491208
h_p38_cp157,3.1254331900161105
h_p38_cp158,2.5442493754903808
h_p38_cp159,3.681426681431958
h_p38_cp160,1.783080087313465
h_p38_cp161,4.170390448945
h_p38_cp162,1.2130788352774289
h_p38_cp163,4.5643260438337165
h_p38_cp164,0.8068482954945466
h_p38_cp165,4.855814878520732
h_p38_cp166,0.5318689872478899
h_p38_cp167,5.044569303717481
h_p38_cp168,0.3572501553849179
h_p38_cp169,5.119310744719314
h_p38_cp170,0.2568043084861529
h_p38_cp171,5.05144313589426
h_p38_cp172,0.20982814376748138
h_p38_cp173,4.808476427130927
h_p38_cp174,0.20050701356149148
h_p38_cp175,4.382189030584641
h_p38_cp176,0.21660058170391494
h_p38_cp177,3.8091423727664733
h_p38_cp178,0.24794574593079233
h_p38_cp179,3.1569222119358074
h_p38_cp180,0.28525747051526196
h_p38_cp181,2.4983173736864046
h_p38_cp182,0.31964437768237985
h_p38_cp183,1.8921168201986802
h_p38_cp184,0.3430800048790843
h_p38_cp185,1.3747443926363303
h_p38_cp186,0.349691083450125
h_p38_cp187,0.9605028014771051
h_p38_cp188,0.3371913713390313
h_p38_cp189,0.6467241289990397
h_p38_cp190,0.3074412122009562
h_p38_cp191,0.4204483513560717
h_p38_cp192,0.2655104902164567
h_p38_cp193,0.2643626367937486
h_p38_cp194,0.21781743299152367
h_p38_cp195,0.16099467033814108
h_p38_cp196,0.17031534372017632
h_p38_cp197,0.0950842003546768
h_p38_cp198,0.1273580828037666
h_p38_cp199,0.05452551512416903
h_p38_cp200,0.09136206502080313
h_p38_cp201,0.030391231385237916
h_p38_cp202,0.06304826726409374
h_p38_cp203,0.01648013056410491
h_p38_cp204,0.04195530385550228
h_p38_cp205,0.008700731928229288
h_p38_cp206,0.026977218961746985
h_p38_cp207,0.004473944794426643
h_p38_cp208,0.016790861672234314
h_p38_cp209,0.0022397231678041862
h_p38_cp210,0.010132094185337337
h_p38_cp211,0.0010894029742303246
h_p39_cp0,1.0291300391190816
h_p39_cp1,0.006903691989464278
h_p39_cp2,1.3925333272882199
h_p39_cp3,0.010358241685480607
h_p39_cp4,1.8068673686102557
h_p39_cp5,0.015150703884501127
h_p39_cp6,2.237050692000139
h_p39_cp7,0.021588635748685192
h_p39_cp8,2.6265728031753497
h_p39_cp9,0.029995984520155616
h_p39_cp10,2.9057978831642686
h_p39_cp11,0.04071022218113285
h_p39_cp12,3.0135566761423433
h_p39_cp13,0.054091498610887356
h_p39_cp14,2.9249756818230708
h_p39_cp15,0.07053684530410465
h_p39_cp16,2.6663234770007875
h_p39_cp17,0.09047696912011816
h_p39_cp18,2.3010096017942487
h_p39_cp19,0.11431871389049775
h_p39_cp20,1.9025734541837664
h_p39_cp21,0.14229680595826721
h_p39_cp22,1.5338569988252857
h_p39_cp23,0.1742278183169219
h_p39_cp24,1.2393836403430214
h_p39_cp25,0.2092170737091692
h_p39_cp26,1.047563651575274
h_p39_cp27,0.24543047911265603
h_p39_cp28,0.9766479079335113
h_p39_cp29,0.28006759534036973
h_p39_cp30,1.0401343213820837
h_p39_cp31,0.309632992979914
h_p39_cp32,1.2495231757084184
h_p39_cp33,0.33050524242389656
h_p39_cp34,1.6134955938318853
h_p39_cp35,0.339682217670088
h_p39_cp36,2.1331950326944025
h_p39_cp37,0.3354893799273668
h_p39_cp38,2.794159011446027
h_p39_cp39,0.31802100419554336
h_p39_cp40,3.556990654319634
h_p39_cp41,0.28916145846642394
h_p39_cp42,4.350722798235893
h_p39_cp43,0.25217806711634694
h_p39_cp44,5.074073055432564
h_p39_cp45,0.21102381377340862
h_p39_cp46,5.610147846815835
h_p39_cp47,0.1695727793662627
h_p39_cp48,5.860139339862599
h_p39_cp49,0.13100135759214027
h_p39_cp50,5.7944164533137155
h_p39_cp51,0.09744212204077485
h_p39_cp52,5.487208185833424
h_p39_cp53,0.06992694827522428
h_p39_cp54,5.07375020192967
h_p39_cp55,0.048551061634043435
h_p39_cp56,4.692118950234999
h_p39_cp57,0.03275281262403951
h_p39_cp58,4.443714410203938
h_p39_cp59,0.021610865730053774
h_p39_cp60,4.373582772916961
h_p39_cp61,0.014092491927840456
h_p39_cp62,4.465104549239641
h_p39_cp63,0.009223980619935901
h_p39_cp64,4.645149622718236
h_p39_cp65,0.006183547297496261
h_p39_cp66,4.79952980211965
h_p39_cp67,0.004333529528139479
h_p39_cp68,4.80510429973765
h_p39_cp69,0.003213437359818272
h_p39_cp70,4.584231072074317
h_p39_cp71,0.0025128117167696473
h_p39_cp72,4.15235154189304
h_p39_cp73,0.0020372530736949557
h_p39_cp74,3.5805954403363103
h_p39_cp75,0.0016754536015923804
h_p39_cp76,2.9507975334381626
h_p39_cp77,0.0013709688964809175
h_p39_cp78,2.3318764594209824
h_p39_cp79,0.0010999290184372512
h_p39_cp80,1.7718045150656963
h_p39_cp81,0.000854446582707169
h_p39_cp82,1.2972067484977288
h_p39_cp83,0.0006305736683316354
h_p39_cp84,1.468850069839391
h_p39_cp85,1.8224032001521664
h_p39_cp86,2.0215993357828665
h_p39_cp87,2.48486773143145
h_p39_cp88,2.6716622206563443
h_p39_cp89,3.288532795356332
h_p39_cp90,3.3692776536040583
h_p39_cp91,4.22507018703368
h_p39_cp92,4.022487403126888
h_p39_cp93,5.271238163217504
h_p39_cp94,4.506998872364875
h_p39_cp95,6.386289856397752
h_p39_cp96,4.704939485355226
h_p39_cp97,7.506006700045418
h_p39_cp98,4.563319185936507
h_p39_cp99,8.52499152815949
h_p39_cp100,4.131235550328711
h_p39_cp101,9.27105159027542
h_p39_cp102,3.522730845845672
h_p39_cp103,9.538345591183543
h_p39_cp104,2.8586903193154285
h_p39_cp105,9.229850992456022
h_p39_cp106,2.2288427374478488
h_p39_cp107,8.501615340301441
h_p39_cp108,1.6827756541565577
h_p39_cp109,7.614874726488324
h_p39_cp110,1.2385135277800146
h_p39_cp111,6.782416481318023
h_p39_cp112,0.8951421427259447
h_p39_cp113,6.112488270496442
h_p39_cp114,0.6428436966048139
h_p39_cp115,5.60782805330382
h_p39_cp116,0.4693898387986337
h_p39_cp117,5.184431205555256
h_p39_cp118,0.36419534827609823
h_p39_cp119,4.711889776166345
h_p39_cp120,0.32100164532721465
h_p39_cp121,4.097879634309038
h_p39_cp122,0.3397416083812459
h_p39_cp123,3.3829576658881706
h_p39_cp124,0.4277637455825243
h_p39_cp125,2.6592922048464516
h_p39_cp126,0.6003815155136181
h_p39_cp127,2.002684849497655
h_p39_cp128,0.8805292457832365
h_p39_cp129,1.4541405079526157
h_p39_cp130,1.2970469692309052
h_p39_cp131,1.0258289982723454
h_p39_cp132,1.8807176169771083
h_p39_cp133,0.7122368453581203
h_p39_cp134,2.656656417549584
h_p39_cp135,0.4998603146077585
h_p39_cp136,3.6313776398856135
h_p39_cp137,0.3741344338423005
h_p39_cp138,4.77406026780227
h_p39_cp139,0.32374631541983945
h_p39_cp140,5.996024041322016
h_p39_cp141,0.342823298925623
h_p39_cp142,7.139542553657975
h_p39_cp143,0.4314784525988671
h_p39_cp144,7.989587764985117
h_p39_cp145,0.5950029451605587
h_p39_cp146,8.317914396011474
h_p39_cp147,0.8417567933317969
h_p39_cp148,7.988885342023423
h_p39_cp149,1.1796862115095337
h_p39_cp150,7.138019125273331
h_p39_cp151,1.6115438044350867
h_p39_cp152,5.993444237003132
h_p39_cp153,2.1294422555977235
h_p39_cp154,4.770077127069271
h_p39_cp155,2.710358823281922
h_p39_cp156,3.6255420379416137
h_p39_cp157,3.3153093657431327
h_p39_cp158,2.6484255892769397
h_p39_cp159,3.8951159303053373
h_p39_cp160,1.8694433905479855
h_p39_cp161,4.4032591662301
h_p39_cp162,1.2818990000241683
h_p39_cp163,4.810222453770848
h_p39_cp164,0.8602714534736151
h_p39_cp165,5.107663077839106
h_p39_cp166,0.5728748290962358
h_p39_cp167,5.295321157778062
h_p39_cp168,0.38902588455539444
h_p39_cp169,5.362798238022378
h_p39_cp170,0.28237417519858354
h_p39_cp171,5.282598500899667
h_p39_cp172,0.23182306129865538
h_p39_cp173,5.023163922259982
h_p39_cp174,0.22102503084352065
h_p39_cp175,4.577317934088342
h_p39_cp176,0.2371395314567053
h_p39_cp177,3.982875900999943
h_p39_cp178,0.2693988909154541
h_p39_cp179,3.30864966684544
h_p39_cp180,0.30796482043660944
h_p39_cp181,2.6281399669887833
h_p39_cp182,0.34348796237600254
h_p39_cp183,2.0004670583198276
h_p39_cp184,0.36760314870207367
h_p39_cp185,1.4624707670936914
h_p39_cp186,0.37422146381595667
h_p39_cp187,1.0291180969622928
h_p39_cp188,0.36096128458939347
h_p39_cp189,0.6984566923579223
h_p39_cp190,0.329702709213052
h_p39_cp191,0.45802767245413634
h_p39_cp192,0.28562713022847674
h_p39_cp193,0.2906764747303896
h_p39_cp194,0.23533236558478166
h_p39_cp195,0.17877166198081795
h_p39_cp196,0.18499423804496473
h_p39_cp197,0.10668302700787535
h_p39_cp198,0.1391965561788311
h_p39_cp199,0.06184198766413829
h_p39_cp200,0.10055393419406755
h_p39_cp201,0.034857691229262855
h_p39_cp202,0.06992566982080461
h_p39_cp203,0.019121416995403706
h_p39_cp204,0.04691987340993364
h_p39_cp205,0.010215010045385498
h_p39_cp206,0.03043933462458881
h_p39_cp207,0.00531595860024936
h_p39_cp208,0.019126344561755104
h_p39_cp209,0.002693648220429168
h_p39_cp210,0.01165813305260599
h_p39_cp211,0.0013261320746096317
h_p40_cp0,1.090798254837864
h_p40_cp1,0.007983145992511709
h_p40_cp2,1.4688665241774288
h_p40_cp3,0.011903541409083118
h_p40_cp4,1.8977739516435577
h_p40_cp5,0.017318673486443004
h_p40_cp6,2.3407351185082916
h_p40_cp7,0.024564927206483844
h_p40_cp8,2.739775405673754
h_p40_cp9,0.03399580969562521
h_p40_cp10,3.0247847220857693
h_p40_cp11,0.04597711072074162
h_p40_cp12,3.1349961962450834
h_p40_cp13,0.060893389496413874
h_p40_cp14,3.04585132975717
h_p40_cp15,0.07915799231568599
h_p40_cp16,2.7835357457547616
h_p40_cp17,0.1012035408139127
h_p40_cp18,2.4113303064013962
h_p40_cp19,0.12741629742959049
h_p40_cp20,2.0035990465166833
h_p40_cp21,0.15797980331126382
h_p40_cp22,1.6250950792250478
h_p40_cp23,0.19262367531246127
h_p40_cp24,1.322582520161177
h_p40_cp25,0.23033118768353233
h_p40_cp26,1.1263145126467862
h_p40_cp27,0.2691189204369948
h_p40_cp28,1.0556990557156496
h_p40_cp29,0.3060234932509047
h_p40_cp30,1.124671289660455
h_p40_cp31,0.33738924345061605
h_p40_cp32,1.3444087645120817
h_p40_cp33,0.3594530840164225
h_p40_cp34,1.7224302677109335
h_p40_cp35,0.3691038605143149
h_p40_cp36,2.257943412028453
h_p40_cp37,0.36460304202319094
h_p40_cp38,2.9342205368111536
h_p40_cp39,0.3460366250083098
h_p40_cp40,3.710092757502025
h_p40_cp41,0.315343676518296
h_p40_cp42,4.514034280000033
h_p40_cp43,0.2759099045479161
h_p40_cp44,5.245336039457015
h_p40_cp45,0.2318612958920312
h_p40_cp46,5.7880104238292915
h_p40_cp47,0.18727964305116984
h_p40_cp48,6.043985376054934
h_p40_cp49,0.14555595783622266
h_p40_cp50,5.984035767503428
h_p40_cp51,0.10901520973311563
h_p40_cp52,5.682343636442056
h_p40_cp53,0.07883628905847218
h_p40_cp54,5.273578705476666
h_p40_cp55,0.055203798012826155
h_p40_cp56,4.894839033505377
h_p40_cp57,0.03758758524463701
h_p40_cp58,4.646769124299226
h_p40_cp59,0.025049401931028115
h_p40_cp60,4.57486412434082
h_p40_cp61,0.01650614172604037
h_p40_cp62,4.664088193123007
h_p40_cp63,0.010916254077073972
h_p40_cp64,4.842484439528562
h_p40_cp65,0.007386360063719621
h_p40_cp66,4.994803678655899
h_p40_cp67,0.0052131288152850175
h_p40_cp68,4.994719554897074
h_p40_cp69,0.003881720431991198
h_p40_cp70,4.762484878125861
h_p40_cp71,0.0030404525118683523
h_p40_cp72,4.314733816426269
h_p40_cp73,0.0024661560219101375
h_p40_cp74,3.7255107474115903
h_p40_cp75,0.002029139821161152
h_p40_cp76,3.078396684042673
h_p40_cp77,0.0016623509873170406
h_p40_cp78,2.4425360854104383
h_p40_cp79,0.0013364860476485774
h_p40_cp80,1.8656720009007586
h_p40_cp81,0.0010410931126898504
h_p40_cp82,1.3745473698811566
h_p40_cp83,0.0007705708717367088
h_p40_cp84,1.548207855498731
h_p40_cp85,1.9213847042217367
h_p40_cp86,2.119869211750938
h_p40_cp87,2.609295735659316
h_p40_cp88,2.787713245246323
h_p40_cp89,3.442620127243117
h_p40_cp90,3.499140176187211
h_p40_cp91,4.412939617634038
h_p40_cp92,4.1606361911335625
h_p40_cp93,5.495612576730082
h_p40_cp94,4.649063524037047
h_p40_cp95,6.646601102513387
h_p40_cp96,4.848990682360636
h_p40_cp97,7.796760141052118
h_p40_cp98,4.708099859003141
h_p40_cp99,8.835520377423109
h_p40_cp100,4.27467002354706
h_p40_cp101,9.588718480211355
h_p40_cp102,3.660163653671134
h_p40_cp103,9.856653606825375
h_p40_cp104,2.984195464338427
h_p40_cp105,9.55125192287369
h_p40_cp106,2.337982841057965
h_p40_cp107,8.820299568496011
h_p40_cp108,1.7739633584296826
h_p40_cp109,7.919788296908564
h_p40_cp110,1.312622757787267
h_p40_cp111,7.065670772991325
h_p40_cp112,0.9544752104538929
h_p40_cp113,6.371946062819916
h_p40_cp114,0.6903148774808869
h_p40_cp115,5.844860852020247
h_p40_cp116,0.5081269945771965
h_p40_cp117,5.400374505021773
h_p40_cp118,0.3974197680759062
h_p40_cp119,4.90574210768591
h_p40_cp120,0.352019426482002
h_p40_cp121,4.266272650602787
h_p40_cp122,0.37195468437766976
h_p40_cp123,3.52458166160136
h_p40_cp124,0.4646595461117613
h_p40_cp125,2.775391437051212
h_p40_cp126,0.645468966145927
h_p40_cp127,2.096229379644683
h_p40_cp128,0.9371722505820799
h_p40_cp129,1.5286651760779932
h_p40_cp130,1.3681134595767617
h_p40_cp131,1.0847843944743545
h_p40_cp132,1.9679351617201064
h_p40_cp133,0.7589760269693215
h_p40_cp134,2.7596638133845772
h_p40_cp135,0.5378288056992915
h_p40_cp136,3.746955719278958
h_p40_cp137,0.40698280724063807
h_p40_cp138,4.897007229797509
h_p40_cp139,0.35534869728326157
h_p40_cp140,6.123365819776154
h_p40_cp141,0.37726501720726446
h_p40_cp142,7.275892215776821
h_p40_cp143,0.47303706313255134
h_p40_cp144,8.143483808929886
h_p40_cp145,0.6480958345323415
h_p40_cp146,8.483620081997287
h_p40_cp147,0.9108068912639737
h_p40_cp148,8.142660109219833
h_p40_cp149,1.2688660854921636
h_p40_cp150,7.274114062803164
h_p40_cp151,1.7243908526927498
h_p40_cp152,6.1203749011697255
h_p40_cp153,2.268388658419326
h_p40_cp154,4.892425491084396
h_p40_cp155,2.8762790437374406
h_p40_cp156,3.740297992062551
h_p40_cp157,3.5072259194478193
h_p40_cp158,2.7503485714291855
h_p40_cp159,4.110169207569925
h_p40_cp160,1.9552710493053382
h_p40_cp161,4.6369215820541285
h_p40_cp162,1.351212279480933
h_p40_cp163,5.056651018830735
h_p40_cp164,0.9147008047061718
h_p40_cp165,5.360214767825028
h_p40_cp166,0.6151072657835357
h_p40_cp167,5.5473104938114375
h_p40_cp168,0.4220932328175877
h_p40_cp169,5.6081443402804325
h_p40_cp170,0.30921469640725263
h_p40_cp171,5.516028938345926
h_p40_cp172,0.2550178042083644
h_p40_cp173,5.240259785621674
h_p40_cp174,0.24264398128843823
h_p40_cp175,4.7747474027860335
h_p40_cp176,0.2586680253716622
h_p40_cp177,4.158569912553503
h_p40_cp178,0.2917311863757277
h_p40_cp179,3.4618584681763878
h_p40_cp180,0.33145458042417886
h_p40_cp181,2.7590673776267067
h_p40_cp182,0.3680397594680471
h_p40_cp183,2.1098124444588393
h_p40_cp184,0.3927834611399703
h_p40_cp185,1.5513063094506379
h_p40_cp186,0.3993746484075018
h_p40_cp187,1.099019747734701
h_p40_cp188,0.38533077319743825
h_p40_cp189,0.7515784997763149
h_p40_cp190,0.3525499426968963
h_p40_cp191,0.49697165249222053
h_p40_cp192,0.3063247767845496
h_p40_cp193,0.3182189083447611
h_p40_cp194,0.253426791570746
h_p40_cp195,0.1975755684379692
h_p40_cp196,0.2002432296508232
h_p40_cp197,0.11908757813171178
h_p40_cp198,0.151578216289181
h_p40_cp199,0.06975669306893906
h_p40_cp200,0.11024153399785064
h_p40_cp201,0.03974685932689681
h_p40_cp202,0.0772346499275045
h_p40_cp203,0.022048083425033838
h_p40_cp204,0.052242938979816245
h_p40_cp205,0.011913890542700756
h_p40_cp206,0.03418621134414934
h_p40_cp207,0.006272594068150283
h_p40_cp208,0.02167873288726696
h_p40_cp209,0.003215925568156308
h_p40_cp210,0.013343057055863028
h_p40_cp211,0.0016019459212657239
h_p41_cp0,1.153564950388045
h_p41_cp1,0.009182093280287518
h_p41_cp2,1.5458347302183029
h_p41_cp3,0.01360886619613666
h_p41_cp4,1.9884171799362775
h_p41_cp5,0.019697781097420375
h_p41_cp6,2.4429660893733853
h_p41_cp7,0.027814635807317245
h_p41_cp8,2.8504250380792655
h_p41_cp9,0.038342682819802576
h_p41_cp10,3.1405629532468993
h_p41_cp11,0.05167542798790237
h_p41_cp12,3.253072444251302
h_p41_cp13,0.0682199900447813
h_p41_cp14,3.1636666740641886
h_p41_cp15,0.08840249013246648
h_p41_cp16,2.8985055046923662
h_p41_cp17,0.11265204410119622
h_p41_cp18,2.5206966827568067
h_p41_cp19,0.14132740344757622
h_p41_cp20,2.105084772072587
h_p41_cp21,0.1745536012208504
h_p41_cp22,1.7179529213694877
h_p41_cp23,0.21196726821517586
h_p41_cp24,1.4081485411670656
h_p41_cp25,0.2524265933257084
h_p41_cp26,1.2078131477201168
h_p41_cp27,0.29379978014185326
h_p41_cp28,1.1375990442265902
h_p41_cp29,0.33296522870432455
h_p41_cp30,1.2118979186598153
h_p41_cp31,0.3661141504294392
h_p41_cp32,1.4415201942924796
h_p41_cp33,0.38934933614564216
h_p41_cp34,1.8328025960890955
h_p41_cp35,0.3994567379977525
h_p41_cp36,2.3831301833311045
h_p41_cp37,0.39463722689151837
h_p41_cp38,3.0737904942297973
h_p41_cp39,0.37496841208258047
h_p41_cp40,3.8621556720145236
h_p41_cp41,0.3424403976255235
h_p41_cp42,4.6762402717336045
h_p41_cp43,0.30055086990341806
h_p41_cp44,5.415736049471889
h_p41_cp45,0.253591367953959
h_p41_cp46,5.9653576880909895
h_p41_cp47,0.20584513898074874
h_p41_cp48,6.227554995148239
h_p41_cp49,0.1609147316266899
h_p41_cp50,6.173202533745098
h_p41_cp51,0.12131854177823698
h_p41_cp52,5.876712499449241
h_p41_cp53,0.08838724936595099
h_p41_cp54,5.472437863928462
h_p41_cp55,0.06240198686373333
h_p41_cp56,5.096845935575402
h_p41_cp57,0.04287185111297731
h_p41_cp58,4.850229897225745
h_p41_cp59,0.02884840623528362
h_p41_cp60,4.77860906741671
h_p41_cp61,0.019202811536615627
h_p41_cp62,4.8680841789773694
h_p41_cp63,0.012827882102101285
h_p41_cp64,5.046995932115351
h_p41_cp65,0.008758669946473674
h_p41_cp66,5.198199549356104
h_p41_cp67,0.006224649277555727
h_p41_cp68,5.1923777961412725
h_p41_cp69,0.004654285458173035
h_p41_cp70,4.9488380704601695
h_p41_cp71,0.0036521461415759404
h_p41_cp72,4.484457959930523
h_p41_cp73,0.002964021033676545
h_p41_cp74,3.876111319382062
h_p41_cp75,0.002440040334704463
h_p41_cp76,3.209883343761021
h_p41_cp77,0.0020012680697618634
h_p41_cp78,2.5557526604075065
h_p41_cp79,0.0016121372652833088
h_p41_cp80,1.9613747753405733
h_p41_cp81,0.0012591002996487077
h_p41_cp82,1.4534399198132633
h_p41_cp83,0.0009344885661448643
h_p41_cp84,1.6280939845064495
h_p41_cp85,2.0222969177036703
h_p41_cp86,2.2173610636559715
h_p41_cp87,2.7362826133551152
h_p41_cp88,2.90095733939188
h_p41_cp89,3.6000440157249614
h_p41_cp90,3.6240195203513395
h_p41_cp91,4.6046506300929195
h_p41_cp92,4.2923843858511646
h_p41_cp93,5.723268028362327
h_p41_cp94,4.784376243688257
h_p41_cp95,6.907586181654096
h_p41_cp96,4.986305112449372
h_p41_cp97,8.08283737776651
h_p41_cp98,4.846216711715442
h_p41_cp99,9.133735104973994
h_p41_cp100,4.411876430268421
h_p41_cp101,9.88751672814601
h_p41_cp102,3.792863887315434
h_p41_cp103,10.15445583979249
h_p41_cp104,3.107215364187141
h_p41_cp105,9.85290569642848
h_p41_cp106,2.4467326773610694
h_p41_cp107,9.125036732554236
h_p41_cp108,1.86613189099171
h_p41_cp109,8.218018423414605
h_p41_cp110,1.388349568677313
h_p41_cp111,7.34772598363088
h_p41_cp112,1.0155995589047961
h_p41_cp113,6.633369110872991
h_p41_cp114,0.7395537280990538
h_p41_cp115,6.085379980528842
h_p41_cp116,0.5485629423055798
h_p41_cp117,5.620204976840569
h_p41_cp118,0.4322840315044232
h_p41_cp119,5.1029442641809055
h_p41_cp120,0.38463318764024734
h_p41_cp121,4.438578806016267
h_p41_cp122,0.405719576597221
h_p41_cp123,3.6699067465403914
h_p41_cp124,0.5030340226649059
h_p41_cp125,2.894525990038346
h_p41_cp126,0.6918836306358571
h_p41_cp127,2.192100491273095
h_p41_cp128,0.9948264031481813
h_p41_cp129,1.6049717189866897
h_p41_cp130,1.4395782622059414
h_p41_cp131,1.14523367053107
h_p41_cp132,2.0545265379660123
h_p41_cp133,0.8071407707107028
h_p41_cp134,2.860787203271684
h_p41_cp135,0.577283397239853
h_p41_cp136,3.860212792899347
h_p41_cp137,0.4414421855042292
h_p41_cp138,5.020417555863332
h_p41_cp139,0.38873009516373713
h_p41_cp140,6.259859986897482
h_p41_cp141,0.41369681528931324
h_p41_cp142,7.43523785125808
h_p41_cp143,0.5168359643373606
h_p41_cp144,8.332456118172558
h_p41_cp145,0.7036962036650038
h_p41_cp146,8.687815714248245
h_p41_cp147,0.9826037855664254
h_p41_cp148,8.331497607890924
h_p41_cp149,1.360939465368574
h_p41_cp150,7.433177744158456
h_p41_cp151,1.8401113021459423
h_p41_cp152,6.256416848629215
h_p41_cp153,2.409959547380822
h_p41_cp154,5.015182238993475
h_p41_cp155,3.044331098353723
h_p41_cp156,3.852664353740238
h_p41_cp157,3.7006069611184103
h_p41_cp158,2.850305641397881
h_p41_cp159,4.326005924686797
h_p41_cp160,2.040376832822858
h_p41_cp161,4.870877854844821
h_p41_cp162,1.4208117227808543
h_p41_cp163,5.303246954739279
h_p41_cp164,0.970006108846519
h_p41_cp165,5.613246790054973
h_p41_cp166,0.658496402025321
h_p41_cp167,5.800395502684069
h_p41_cp168,0.4564145634781198
h_p41_cp169,5.855220775776843
h_p41_cp170,0.3373030836723956
h_p41_cp171,5.7516391030819705
h_p41_cp172,0.27939564471216727
h_p41_cp173,5.4597547795499395
h_p41_cp174,0.265349393544966
h_p41_cp175,4.974523617432396
h_p41_cp176,0.2811738401264847
h_p41_cp177,4.33637553272888
h_p41_cp178,0.3149356996032111
h_p41_cp179,3.616808877033236
h_p41_cp180,0.355728808891854
h_p41_cp181,2.891367843982607
h_p41_cp182,0.39331158718141523
h_p41_cp183,2.22032482522377
h_p41_cp184,0.41863903703688266
h_p41_cp185,1.6412991342338046
h_p41_cp186,0.4251702404176285
h_p41_cp187,1.170170513541052
h_p41_cp188,0.41031690055569925
h_p41_cp189,0.8060216981098165
h_p41_cp190,0.3759927257101481
h_p41_cp191,0.5372198649017719
h_p41_cp192,0.32760280110096573
h_p41_cp193,0.3469520911296513
h_p41_cp194,0.27209121737860187
h_p41_cp195,0.21739104240373308
h_p41_cp196,0.21604924258099345
h_p41_cp197,0.13229866196638795
h_p41_cp198,0.16449189291688526
h_p41_cp199,0.07827951402282451
h_p41_cp200,0.12041885261714924
h_p41_cp201,0.045072141635500884
h_p41_cp202,0.084974980678453
h_p41_cp203,0.025273490612107707
h_p41_cp204,0.05792891990631688
h_p41_cp205,0.013808816522669076
h_p41_cp206,0.03822510017971581
h_p41_cp207,0.007352707975314843
h_p41_cp208,0.024456387136524427
h_p41_cp209,0.003812884975786801
h_p41_cp210,0.015195060842870589
h_p41_cp211,0.0019210601897157176
h_p42_cp0,1.2171368818781048
h_p42_cp1,0.010507701089409238
h_p42_cp2,1.6230066258199258
h_p42_cp3,0.015482392839658132
h_p42_cp4,2.0783226501753234
h_p42_cp5,0.022297107604572375
h_p42_cp6,2.543395114388204
h_p42_cp7,0.0313474013778432
h_p42_cp8,2.958413452360219
h_p42_cp9,0.04304616742047074
h_p42_cp10,3.253203093288448
h_p42_cp11,0.05781368017733257
h_p42_cp12,3.3678916799940453
h_p42_cp13,0.07607738392061947
h_p42_cp14,3.2784989182623576
h_p42_cp15,0.09827227910727743
h_p42_cp16,3.0111371779362344
h_p42_cp17,0.1248183619172778
h_p42_cp18,2.6287770425205963
h_p42_cp19,0.15604007969386657
h_p42_cp20,2.20657323852447
h_p42_cp21,0.19199720336928294
h_p42_cp22,1.8120092149843003
h_p42_cp23,0.23222828253892658
h_p42_cp24,1.4957800177717218
h_p42_cp25,0.2754644248743716
h_p42_cp26,1.2918632676751258
h_p42_cp27,0.31942719995186053
h_p42_cp28,1.2221970082673579
h_p42_cp29,0.3608418081103082
h_p42_cp30,1.3016609156411505
h_p42_cp31,0.39575328061027903
h_p42_cp32,1.5407014874845117
h_p42_cp33,0.4201374705617127
h_p42_cp34,1.9445094065013109
h_p42_cp35,0.4306833217260646
h_p42_cp36,2.508789272593276
h_p42_cp37,0.4255344955959117
h_p42_cp38,3.2130903293750634
h_p42_cp39,0.40476035103438335
h_p42_cp40,4.013558671387727
h_p42_cp41,0.3703987695021169
h_p42_cp42,4.837828194401936
h_p42_cp43,0.32605338534676775
h_p42_cp44,5.585909341108618
h_p42_cp45,0.2761739325842427
h_p42_cp46,6.143010678345036
h_p42_cp47,0.22523847672619013
h_p42_cp48,6.411704453506445
h_p42_cp49,0.1770571889992425
h_p42_cp50,6.362757408151083
h_p42_cp51,0.13434185654932662
h_p42_cp52,6.07102071170857
h_p42_cp53,0.09857870588575679
h_p42_cp54,5.670990118211648
h_p42_cp55,0.07015180187909209
h_p42_cp56,5.298851536066195
h_p42_cp57,0.048616867604778236
h_p42_cp58,5.0547877842209346
h_p42_cp59,0.03302202068061888
h_p42_cp60,4.985251275792052
h_p42_cp61,0.022197649744612136
h_p42_cp62,5.076826448815154
h_p42_cp63,0.014973636173181148
h_p42_cp64,5.257141759234855
h_p42_cp65,0.010314018450117146
h_p42_cp66,5.406762651671897
h_p42_cp67,0.007380007463325455
h_p42_cp68,5.394634040013443
h_p42_cp69,0.0055413587399471
h_p42_cp70,5.140393910233115
h_p42_cp71,0.0043565565113112825
h_p42_cp72,4.66006497924468
h_p42_cp73,0.0035381576194595254
h_p42_cp74,4.032171251559703
h_p42_cp75,0.002914321810749243
h_p42_cp76,3.345602603520092
h_p42_cp77,0.0023929170884002815
h_p42_cp78,2.6719510277964673
h_p42_cp79,0.0019312276217533508
h_p42_cp80,2.0592104971485696
h_p42_cp81,0.0015120197085707332
h_p42_cp82,1.5340319006263599
h_p42_cp83,0.0011250834093061712
h_p42_cp84,1.708045568059788
h_p42_cp85,2.125390476883922
h_p42_cp86,2.3135755511711977
h_p42_cp87,2.866118303727717
h_p42_cp88,3.011191937613603
h_p42_cp89,3.760925482820312
h_p42_cp90,3.744366370003263
h_p42_cp91,4.79978325074967
h_p42_cp92,4.418795024759675
h_p42_cp93,5.952859145232196
h_p42_cp94,4.914043104625307
h_p42_cp95,7.166998493879191
h_p42_cp96,5.117746128511499
h_p42_cp97,8.362067492808137
h_p42_cp98,4.9787750736850285
h_p42_cp99,9.419888797626754
h_p42_cp100,4.543916013190028
h_p42_cp101,10.17232867832604
h_p42_cp102,3.921278897600587
h_p42_cp103,10.438927510749409
h_p42_cp104,3.227542752692898
h_p42_cp105,10.139863669403667
h_p42_cp106,2.5545885726801316
h_p42_cp107,9.416577611516232
h_p42_cp108,1.9588168965333352
h_p42_cp109,8.508248644676542
h_p42_cp110,1.4654034531390607
h_p42_cp111,7.627178702003903
h_p42_cp112,1.0783815328095443
h_p42_cp113,6.895568819314121
h_p42_cp114,0.7905175961391251
h_p42_cp115,6.3274502753906745
h_p42_cp116,0.5906919022268085
h_p42_cp117,5.8399810408379835
h_p42_cp118,0.46879002358900834
h_p42_cp119,5.2984822477067155
h_p42_cp120,0.4188396812328392
h_p42_cp121,4.610890029927532
h_p42_cp122,0.44102056224119224
h_p42_cp123,3.8172546338269058
h_p42_cp124,0.5428498090764151
h_p42_cp125,3.016285552701902
h_p42_cp126,0.7395528668384941
h_p42_cp127,2.2903249169294213
h_p42_cp128,1.0533754215039153
h_p42_cp129,1.6831869604338863
h_p42_cp130,1.5113255558721903
h_p42_cp131,1.2072869307526162
h_p42_cp132,2.1405932860989196
h_p42_cp133,0.8567966494656503
h_p42_cp134,2.960909031135543
h_p42_cp135,0.6182569482493818
h_p42_cp136,3.973725707853191
h_p42_cp137,0.4775315246643004
h_p42_cp138,5.149176042411909
h_p42_cp139,0.42390501390104873
h_p42_cp140,6.411533393483296
h_p42_cp141,0.45212656110857097
h_p42_cp142,7.6208978729227965
h_p42_cp143,0.562865641028111
h_p42_cp144,8.553072402271937
h_p42_cp145,0.7617605702994297
h_p42_cp146,8.922191370624205
h_p42_cp147,1.057048957584584
h_p42_cp148,8.551965064934393
h_p42_cp149,1.4557290203222237
h_p42_cp150,7.618527734762665
h_p42_cp151,1.9584279655757655
h_p42_cp152,6.407595929991658
h_p42_cp153,2.5537715038417446
h_p42_cp154,5.143231267009924
h_p42_cp155,3.214049751856237
h_p42_cp156,3.9652173770036825
h_p42_cp157,3.894967359602333
h_p42_cp158,2.9491790073457196
h_p42_cp159,4.5421967255322215
h_p42_cp160,2.12486218848062
h_p42_cp161,5.104791664993172
h_p42_cp162,1.4905810192922218
h_p42_cp163,5.549744594540243
h_p42_cp164,1.0260693599207116
h_p42_cp165,5.8665241735411655
h_p42_cp166,0.7029656120448635
h_p42_cp167,6.054355751031153
h_p42_cp168,0.4919452254521275
h_p42_cp169,6.103864803016677
h_p42_cp170,0.36661225622947313
h_p42_cp171,5.989390864667939
h_p42_cp172,0.30493823971482925
h_p42_cp173,5.681707020761905
h_p42_cp174,0.289128282162892
h_p42_cp175,5.176753412953758
h_p42_cp176,0.30464988238190926
h_p42_cp177,4.516406230956818
h_p42_cp178,0.339013522109326
h_p42_cp179,3.773653965567746
h_p42_cp180,0.3807976915004474
h_p42_cp181,3.0252237876952677
h_p42_cp182,0.41932018064062504
h_p42_cp183,2.3321517037543344
h_p42_cp184,0.4451890691339031
h_p42_cp185,1.7325167884157509
h_p42_cp186,0.45162766289513456
h_p42_cp187,1.242563893511715
h_p42_cp188,0.4359379469046871
h_p42_cp189,0.8617410451192882
h_p42_cp190,0.4000460819002001
h_p42_cp191,0.5787224374835205
h_p42_cp192,0.3494692583813048
h_p42_cp193,0.3768403109843348
h_p42_cp194,0.29132507043550504
h_p42_cp195,0.23820101155615703
h_p42_cp196,0.23240559422174556
h_p42_cp197,0.1463144452097822
h_p42_cp198,0.17792954458036547
h_p42_cp199,0.08741808099262016
h_p42_cp200,0.13108049787706477
h_p42_cp201,0.05084542916574719
h_p42_cp202,0.09314572560788292
h_p42_cp203,0.028810159335080243
h_p42_cp204,0.0639811359774285
h_p42_cp205,0.015910880328192434
h_p42_cp206,0.042562283358620334
h_p42_cp207,0.008565106378000564
h_p42_cp208,0.027467016163882363
h_p42_cp209,0.00449095552221479
h_p42_cp210,0.017222003176811995
h_p42_cp211,0.0022878387514992937
h_p43_cp0,1.2812373443075558
h_p43_cp1,0.01196699452430039
h_p43_cp2,1.7000431545870924
h_p43_cp3,0.017531951941236912
h_p43_cp4,2.167194008673505
h_p43_cp5,0.025125123803263705
h_p43_cp6,2.641868911432084
h_p43_cp7,0.035171927970168326
h_p43_cp8,3.0637124847007726
h_p43_cp9,0.04811450982515453
h_p43_cp10,3.3626792189402295
h_p43_cp11,0.06439863537843848
h_p43_cp12,3.4793980492199807
h_p43_cp13,0.08446949006020077
h_p43_cp14,3.3903283066365475
h_p43_cp15,0.10876676732414126
h_p43_cp16,3.1214140854758625
h_p43_cp17,0.13769564000722312
h_p43_cp18,2.7354327589182503
h_p43_cp19,0.17153971622701647
h_p43_cp20,2.3077816334011914
h_p43_cp21,0.2102874058487032
h_p43_cp22,1.9069299180523558
h_p43_cp23,0.2533750103038983
h_p43_cp24,1.5851858305031783
h_p43_cp25,0.2994054809228146
h_p43_cp26,1.3782446181648993
h_p43_cp27,0.3459560959931878
h_p43_cp28,1.3093196599702424
h_p43_cp29,0.3896039961459792
h_p43_cp30,1.3938054782643121
h_p43_cp31,0.4262547187186101
h_p43_cp32,1.6418199752920373
h_p43_cp33,0.45176399057527306
h_p43_cp34,2.0574836511923422
h_p43_cp35,0.46272937705953154
h_p43_cp36,2.634977887479181
h_p43_cp37,0.4572406889128615
h_p43_cp38,3.3523352913216513
h_p43_cp39,0.43535938062859714
h_p43_cp40,4.1646727598595135
h_p43_cp41,0.39916823711746474
h_p43_cp42,4.999319459313483
h_p43_cp43,0.35237122882426775
h_p43_cp44,5.75651003878238
h_p43_cp45,0.29956915636103076
h_p43_cp46,6.3216617305997715
h_p43_cp47,0.24542808504611457
h_p43_cp48,6.597125996032901
h_p43_cp49,0.19396124075865373
h_p43_cp50,6.553425141953539
h_p43_cp51,0.14807280080140117
h_p43_cp52,6.266012284814678
h_p43_cp53,0.109407290528452
h_p43_cp54,5.869938295061729
h_p43_cp55,0.07845730957069463
h_p43_cp56,5.501494636905591
h_p43_cp57,0.054832129555052234
h_p43_cp58,5.260874332144795
h_p43_cp59,0.03758307810676342
h_p43_cp60,5.194637712525491
h_p43_cp61,0.02550496382809797
h_p43_cp62,5.289038543610786
h_p43_cp63,0.01736785814500763
h_p43_cp64,5.470240674977958
h_p43_cp65,0.012065831551353767
h_p43_cp66,5.616958817839759
h_p43_cp67,0.008691212413395988
h_p43_cp68,5.597986947746904
h_p43_cp69,0.006553374751547381
h_p43_cp70,5.33364764999601
h_p43_cp71,0.005162603657936415
h_p43_cp72,4.838903006830378
h_p43_cp73,0.004196137175767944
h_p43_cp74,4.192389037485327
h_p43_cp75,0.0034583966435093316
h_p43_cp76,3.4852642647285847
h_p43_cp77,0.002842715535507523
h_p43_cp78,2.7912836924217572
h_p43_cp79,0.002298294379215804
h_p43_cp80,2.159399993208808
h_p43_cp81,0.0018035647867691296
h_p43_cp82,1.6164708509224965
h_p43_cp83,0.0013452393009174557
h_p43_cp84,1.7877097943724038
h_p43_cp85,2.230844472809622
h_p43_cp86,2.4082441113855566
h_p43_cp87,2.99886443074206
h_p43_cp88,3.118445105077626
h_p43_cp89,3.9249163056306315
h_p43_cp90,3.860501092465256
h_p43_cp91,4.997250052758318
h_p43_cp92,4.540030338560882
h_p43_cp93,6.182530678418743
h_p43_cp94,5.037587116280065
h_p43_cp95,7.422919671839054
h_p43_cp96,5.242522311117227
h_p43_cp97,8.634079218239549
h_p43_cp98,5.105295070592092
h_p43_cp99,9.696975487612235
h_p43_cp100,4.670944345623411
h_p43_cp101,10.448491434741527
h_p43_cp102,4.045717883856923
h_p43_cp103,10.714464753014227
h_p43_cp104,3.345191043124487
h_p43_cp105,10.418036313410767
h_p43_cp106,2.66126697411255
h_p43_cp107,9.699087807729939
h_p43_cp108,2.05165377447247
h_p43_cp109,8.791616739465098
h_p43_cp110,1.5435018278217285
h_p43_cp111,7.9032815218415635
h_p43_cp112,1.1426612788368402
h_p43_cp113,7.156603409400077
h_p43_cp114,0.8431381647669696
h_p43_cp115,6.567873354728363
h_p43_cp116,0.6344926461001705
h_p43_cp117,6.056057777594333
h_p43_cp118,0.5069321219721132
h_p43_cp119,5.489701278578195
h_p43_cp120,0.4546315705174493
h_p43_cp121,4.779651165298219
h_p43_cp122,0.47783820461472715
h_p43_cp123,3.9637112483187593
h_p43_cp124,0.5840662232553768
h_p43_cp125,3.1392387005030287
h_p43_cp126,0.7884087614193049
h_p43_cp127,2.390464736089143
h_p43_cp128,1.1127419362837827
h_p43_cp129,1.7632769104952786
h_p43_cp130,1.583367710285529
h_p43_cp131,1.271010365825532
h_p43_cp132,2.226512997444388
h_p43_cp133,0.9080048919970523
h_p43_cp134,3.061260211555691
h_p43_cp135,0.6607874228618584
h_p43_cp136,4.089977169683152
h_p43_cp137,0.5152730204918043
h_p43_cp138,5.286356254618113
h_p43_cp139,0.46088660896248257
h_p43_cp140,6.579027188505734
h_p43_cp141,0.49255651479165863
h_p43_cp142,7.826054211338487
h_p43_cp143,0.6111072432684068
h_p43_cp144,8.788768984836679
h_p43_cp145,0.8222325060332878
h_p43_cp146,9.166669561720028
h_p43_cp147,1.1340280886522578
h_p43_cp148,8.787498411382785
h_p43_cp149,1.5530428550703164
h_p43_cp150,7.823345295755189
h_p43_cp151,2.079061940439715
h_p43_cp152,6.574552549598593
h_p43_cp153,2.6994748038619036
h_p43_cp154,5.279645545728272
h_p43_cp155,3.3850685465997685
h_p43_cp156,4.080439477861091
h_p43_cp157,4.0900037372157385
h_p43_cp158,3.048199572753674
h_p43_cp159,4.758556291812283
h_p43_cp160,2.2091046703330903
h_p43_cp161,5.338575627488808
h_p43_cp162,1.560531855424415
h_p43_cp163,5.796079183880465
h_p43_cp164,1.0828109838757882
h_p43_cp165,6.119936433334715
h_p43_cp166,0.7484422983338845
h_p43_cp167,6.309040346616939
h_p43_cp168,0.5286366405575791
h_p43_cp169,6.353932034271338
h_p43_cp170,0.39711175438105784
h_p43_cp171,6.229140439882258
h_p43_cp172,0.33162634124300894
h_p43_cp173,5.905971337205983
h_p43_cp174,0.3139694941301059
h_p43_cp175,5.381425673860349
h_p43_cp176,0.3290928875785539
h_p43_cp177,4.698752900201498
h_p43_cp178,0.3639693420959702
h_p43_cp179,3.932520652959056
h_p43_cp180,0.4066718337198836
h_p43_cp181,3.1607736107553137
h_p43_cp182,0.44607836311206484
h_p43_cp183,2.4454130902756788
h_p43_cp184,0.4724462955459785
h_p43_cp185,1.8250285850779164
h_p43_cp186,0.47875937126082135
h_p43_cp187,1.3162115232632914
h_p43_cp188,0.46220583220338085
h_p43_cp189,0.9187096683272102
h_p43_cp190,0.42472136567266716
h_p43_cp191,0.6214405772850569
h_p43_cp192,0.3719330995004384
h_p43_cp193,0.4078517359760099
h_p43_cp194,0.3111321645001226
h_p43_cp195,0.25998802984145186
h_p43_cp196,0.24931059271557388
h_p43_cp197,0.16113114336826584
h_p43_cp198,0.19188658411712822
h_p43_cp199,0.09717801328497444
h_p43_cp200,0.14222249547628962
h_p43_cp201,0.057077122718283135
h_p43_cp202,0.10174588770541959
h_p43_cp203,0.03266971772927718
h_p43_cp204,0.07040216412451628
h_p43_cp205,0.01823075693391729
h_p43_cp206,0.04720320438809722
h_p43_cp207,0.00991848808848772
h_p43_cp208,0.030717684394858225
h_p43_cp209,0.005256625720903685
h_p43_cp210,0.019431367260949628
h_p43_cp211,0.0027067695175446715
h_p44_cp0,1.3456254374291348
h_p44_cp1,0.013566819735842728
h_p44_cp2,1.7766853326015735
h_p44_cp3,0.019764994924116763
h_p44_cp4,2.2548162835619223
h_p44_cp5,0.02818967579605669
h_p44_cp6,2.738215096008389
h_p44_cp7,0.039296007394113985
h_p44_cp8,3.166092965836924
h_p44_cp9,0.053554723163415474
h_p44_cp10,3.4686301500510126
h_p44_cp11,0.07143549105330749
h_p44_cp12,3.5871778573341544
h_p44_cp13,0.09339833877675119
h_p44_cp14,3.4987991738271376
h_p44_cp15,0.1198832445629705
h_p44_cp16,3.2291171156489327
h_p44_cp17,0.15127486473693352
h_p44_cp18,2.840503678361074
h_p44_cp19,0.1878097883168266
h_p44_cp20,2.4085048716870006
h_p44_cp21,0.22939965866817147
h_p44_cp22,2.002456229035488
h_p44_cp23,0.2753752306016395
h_p44_cp24,1.6761055577394472
h_p44_cp25,0.3242109955840533
h_p44_cp26,1.4667334776981988
h_p44_cp27,0.3733427147635666
h_p44_cp28,1.3987826503830547
h_p44_cp29,0.41920462389498425
h_p44_cp30,1.488177667281434
h_p44_cp31,0.4575691757700042
h_p44_cp32,1.7447609241735336
h_p44_cp33,0.48417842934713917
h_p44_cp34,2.1716845354212637
h_p44_cp35,0.4955439430077604
h_p44_cp36,2.761772975439726
h_p44_cp37,0.4897049665992199
h_p44_cp38,3.4917484544816944
h_p44_cp39,0.4667155521206041
h_p44_cp40,4.315871742244326
h_p44_cp41,0.4287008599953879
h_p44_cp42,5.1612216578187144
h_p44_cp43,0.3794600074406844
h_p44_cp44,5.928129139737393
h_p44_cp45,0.3237380458313055
h_p44_cp46,6.501908284598812
h_p44_cp47,0.26638220517679656
h_p44_cp48,6.784372123641788
h_p44_cp49,0.2116037312307526
h_p44_cp50,6.745842853826616
h_p44_cp51,0.16249735641622465
h_p44_cp52,6.462371024177173
h_p44_cp53,0.12086769651159557
h_p44_cp54,6.069936340921231
h_p44_cp55,0.08732065842650627
h_p44_cp56,5.705276362857603
h_p44_cp57,0.06152545518352781
h_p44_cp58,5.4685977926001215
h_p44_cp59,0.04254310580654419
h_p44_cp60,5.406116022883907
h_p44_cp61,0.029138167670225812
h_p44_cp62,5.503069477337704
h_p44_cp63,0.02002437774262944
h_p44_cp64,5.683991044882987
h_p44_cp65,0.014027329489636031
h_p44_cp66,5.826645150425065
h_p44_cp67,0.010170282404487807
h_p44_cp68,5.800536338784013
h_p44_cp69,0.0077009067922517715
h_p44_cp70,5.526464171180123
h_p44_cp71,0.006079409470203245
h_p44_cp72,5.018659479119378
h_p44_cp73,0.004945751667264631
h_p44_cp74,4.35504032728727
h_p44_cp75,0.00407889142275053
h_p44_cp76,3.628038170654463
h_p44_cp77,0.003356276746671938
h_p44_cp78,2.9135542258991336
h_p44_cp79,0.0027180470942766988
h_p44_cp80,2.2620106317745012
h_p44_cp81,0.0021375942819759075
h_p44_cp82,1.7008615062964054
h_p44_cp83,0.0015979537399744004
h_p44_cp84,1.8668249867773739
h_p44_cp85,2.3386960983643803
h_p44_cp86,2.501184974601074
h_p44_cp87,3.1342903673021283
h_p44_cp88,3.2226233016276637
h_p44_cp89,4.091262885286596
h_p44_cp90,3.9721458846429414
h_p44_cp91,5.195679260983525
h_p44_cp92,4.6551832944846865
h_p44_cp93,6.410634598612887
h_p44_cp94,5.153438271039249
h_p44_cp95,7.674207481221401
h_p44_cp96,5.358924920508798
h_p44_cp97,8.898937506796301
h_p44_cp98,5.224200480767649
h_p44_cp99,9.965605720238273
h_p44_cp100,4.792041413358675
h_p44_cp101,10.714688961791353
h_p44_cp102,4.165883698232392
h_p44_cp103,10.9782853258248
h_p44_cp104,3.460043500151187
h_p44_cp105,10.686960463964624
h_p44_cp106,2.7665625986282976
h_p44_cp107,9.974643169140336
h_p44_cp108,2.1443601762834987
h_p44_cp109,9.069736431164074
h_p44_cp110,1.6223889959587723
h_p44_cp111,8.1759227692703
h_p44_cp112,1.2082683603657642
h_p44_cp113,7.414973988407837
h_p44_cp114,0.8973270954475083
h_p44_cp115,6.804850580533639
h_p44_cp116,0.6799284806020296
h_p44_cp117,6.267600270196226
h_p44_cp118,0.546695743883447
h_p44_cp119,5.67619373979187
h_p44_cp120,0.49199651796516264
h_p44_cp121,4.944097839118285
h_p44_cp122,0.516150070131971
h_p44_cp123,4.107603897051831
h_p44_cp124,0.6266436456694464
h_p44_cp125,3.261875355362463
h_p44_cp126,0.8383994397881906
h_p44_cp127,2.4917229502511873
h_p44_cp128,1.172904624776038
h_p44_cp129,1.8449802666145843
h_p44_cp130,1.6558429560145669
h_p44_cp131,1.3363778764780818
h_p44_cp132,2.312830043481881
h_p44_cp133,0.9608009812282035
h_p44_cp134,3.163026415892091
h_p44_cp135,0.7049098613829301
h_p44_cp136,4.2104930299014995
h_p44_cp137,0.5546896878629468
h_p44_cp138,5.432079084951965
h_p44_cp139,0.49968627824296163
h_p44_cp140,6.757644164616067
h_p44_cp141,0.5349833883676638
h_p44_cp142,8.038820725846108
h_p44_cp143,0.6615328658449471
h_p44_cp144,9.024039693239956
h_p44_cp145,0.8850440718561003
h_p44_cp146,9.40789030764563
h_p44_cp147,1.2134162443419427
h_p44_cp148,9.022591173912133
h_p44_cp149,1.6526883966535024
h_p44_cp150,8.035743793857364
h_p44_cp151,2.2017620519072807
h_p44_cp152,6.752588998258943
h_p44_cp153,2.8468030222925336
h_p44_cp154,5.424545643639249
h_p44_cp155,3.5571833962756045
h_p44_cp156,4.199856455261397
h_p44_cp157,4.285651442143717
h_p44_cp158,3.1485531209905275
h_p44_cp159,4.9751775541856205
h_p44_cp160,2.2936485397171964
h_p44_cp161,5.572417791228645
h_p44_cp162,1.6308014560022457
h_p44_cp163,6.042430498270278
h_p44_cp164,1.1402069028727055
h_p44_cp165,6.373547855079778
h_p44_cp166,0.7948692989316442
h_p44_cp167,6.564332255072259
h_p44_cp168,0.5664411123780155
h_p44_cp169,6.605080503203453
h_p44_cp170,0.4287693783330724
h_p44_cp171,6.470321412355588
h_p44_cp172,0.35944018031113956
h_p44_cp173,6.1319265969807475
h_p44_cp174,0.33986294087253555
h_p44_cp175,5.588071690551487
h_p44_cp176,0.3545009100303105
h_p44_cp177,4.88322192279179
h_p44_cp178,0.38980739713497314
h_p44_cp179,4.093411271939431
h_p44_cp180,0.43335867099722236
h_p44_cp181,3.298101510235483
h_p44_cp182,0.47359444612629886
h_p44_cp183,2.5602030395859856
h_p44_cp184,0.5004194747834845
h_p44_cp185,1.9188988955449986
h_p44_cp186,0.5065742059073273
h_p44_cp187,1.3911345484223148
h_p44_cp188,0.48912856417337025
h_p44_cp189,0.9769142345533055
h_p44_cp190,0.4500256078563325
h_p44_cp191,0.665345629948888
h_p44_cp192,0.39500049953812777
h_p44_cp193,0.4399592808103989
h_p44_cp194,0.331516551880668
h_p44_cp195,0.2827353597315323
h_p44_cp196,0.26676493312379534
h_p44_cp197,0.17674372594728993
h_p44_cp198,0.20636103865035693
h_p44_cp199,0.10756323564646664
h_p44_cp200,0.15384245633822502
h_p44_cp201,0.06377621396222821
h_p44_cp202,0.11077484937504778
h_p44_cp203,0.0368628776868718
h_p44_cp204,0.07719418496344588
h_p44_cp205,0.02077864940224572
h_p44_cp206,0.0521526427282879
h_p44_cp207,0.011421392002830544
h_p44_cp208,0.03421485911576383
h_p44_cp209,0.0061164039368577505
h_p44_cp210,0.021830243903878
h_p44_cp211,0.0031824392101498233
h_p45_cp0,1.4100897881576202
h_p45_cp1,0.015313818691538472
h_p45_cp2,1.8527046298972891
h_p45_cp3,0.022188580230704247
h_p45_cp4,2.3409471016584575
h_p45_cp5,0.03149799622315186
h_p45_cp6,2.832117567917976
h_p45_cp7,0.04372657062322105
h_p45_cp8,3.265092472125616
h_p45_cp9,0.05937269338846818
h_p45_cp10,3.570482647621702
h_p45_cp11,0.0789280496524043
h_p45_cp12,3.6906527742976323
h_p45_cp13,0.10286433663304706
h_p45_cp14,3.6033430109350775
h_p45_cp15,0.13161726037287735
h_p45_cp16,3.3337922477758184
h_p45_cp17,0.16554536894136618
h_p45_cp18,2.943683257548855
h_p45_cp19,0.2048324736019822
h_p45_cp20,2.5085066855058358
h_p45_cp21,0.249308734900751
h_p45_cp22,2.0983551983867983
h_p45_cp23,0.29819683885307313
h_p45_cp24,1.7683040420747602
h_p45_cp25,0.3498431376633562
h_p45_cp26,1.5571130827174784
h_p45_cp27,0.40154495236629373
h_p45_cp28,1.4904000549177
h_p45_cp29,0.4495987360014624
h_p45_cp30,1.5846275589892684
h_p45_cp31,0.4896500128288608
h_p45_cp32,1.8494246527770883
h_p45_cp33,0.5173333083366742
h_p45_cp34,2.287092264606599
h_p45_cp35,0.529079276869652
h_p45_cp36,2.889268438442741
h_p45_cp37,0.5228797847644273
h_p45_cp38,3.6315556420363464
h_p45_cp39,0.4987820865849244
h_p45_cp40,4.467494197894666
h_p45_cp41,0.4589514921904083
h_p45_cp42,5.3238907268601
h_p45_cp43,0.4072774829269292
h_p45_cp44,6.100913857483647
h_p45_cp45,0.3486428990281638
h_p45_cp46,6.68341052054393
h_p45_cp47,0.2880694042696632
h_p45_cp48,6.972757288853245
h_p45_cp49,0.22996093375377313
h_p45_cp50,6.939708955553215
h_p45_cp51,0.1776002567657997
h_p45_cp52,6.660318644118888
h_p45_cp53,0.13295298686352908
h_p45_cp54,6.271416897674044
h_p45_cp55,0.09674227681989578
h_p45_cp56,5.9104994145209275
h_p45_cp57,0.06870308533098068
h_p45_cp58,5.677823653253654
h_p45_cp59,0.04791234542790335
h_p45_cp60,5.618907412258977
h_p45_cp61,0.033109745219917386
h_p45_cp62,5.717638822107347
h_p45_cp63,0.022956443579914776
h_p45_cp64,5.897193651868292
h_p45_cp65,0.016211445619774167
h_p45_cp66,6.035139191285907
h_p45_cp67,0.011829166270217684
h_p45_cp68,6.001835621101918
h_p45_cp69,0.00899459882634801
h_p45_cp70,5.718154073789492
h_p45_cp71,0.0071162425774673466
h_p45_cp72,5.198097024071558
h_p45_cp73,0.005794970601073146
h_p45_cp74,4.51873843609701
h_p45_cp75,0.004782613477345876
h_p45_cp76,3.772938578745652
h_p45_cp77,0.003939383401075247
h_p45_cp78,3.0383084336890533
h_p45_cp79,0.0031953460209024342
h_p45_cp80,2.3669360309913827
h_p45_cp81,0.00251809428505112
h_p45_cp82,1.787232031399526
h_p45_cp83,0.0018863230254737573
h_p45_cp84,1.9451610175592577
h_p45_cp85,2.4488210666611394
h_p45_cp86,2.592158013444987
h_p45_cp87,3.2719422653442507
h_p45_cp88,3.3233530206402975
h_p45_cp89,4.259065396140841
h_p45_cp90,4.078545643707912
h_p45_cp91,5.393844037462486
h_p45_cp92,4.763073634381271
h_p45_cp93,6.6359798459311605
h_p45_cp94,5.260450596546434
h_p45_cp95,7.919950981563943
h_p45_cp96,5.466121039637983
h_p45_cp97,9.155500706546718
h_p45_cp98,5.334336178627382
h_p45_cp99,10.222848660247564
h_p45_cp100,4.906009454005925
h_p45_cp101,10.965633449339066
h_p45_cp102,4.280997706274775
h_p45_cp103,11.225113762339788
h_p45_cp104,3.5717004051771255
h_p45_cp105,10.942141345897198
h_p45_cp106,2.8702091379050216
h_p45_cp107,10.241505514365826
h_p45_cp108,2.2366819375506566
h_p45_cp109,9.342550959882146
h_p45_cp110,1.7018337879621868
h_p45_cp111,8.444943676784533
h_p45_cp112,1.2750320768068377
h_p45_cp113,7.670062799829111
h_p45_cp114,0.9529826472894456
h_p45_cp115,7.03809043440242
h_p45_cp116,0.7269488315996568
h_p45_cp117,6.475288471345266
h_p45_cp118,0.588056732025052
h_p45_cp119,5.859316723041047
h_p45_cp120,0.5309167229529521
h_p45_cp121,5.104913063858476
h_p45_cp122,0.5559320328675312
h_p45_cp123,4.24858005561623
h_p45_cp124,0.6705481566705203
h_p45_cp125,3.3832900131526458
h_p45_cp126,0.8894968860736299
h_p45_cp127,2.5933330571617716
h_p45_cp128,1.2338990736652704
h_p45_cp129,1.9279036120492492
h_p45_cp130,1.7289714630551316
h_p45_cp131,1.4032645066317855
h_p45_cp132,2.4000876128779964
h_p45_cp133,1.015176959728251
h_p45_cp134,3.2669883012645187
h_p45_cp135,0.7506462527326221
h_p45_cp136,4.335493484180006
h_p45_cp137,0.5958013495508112
h_p45_cp138,5.5842155677219125
h_p45_cp139,0.5403125429459124
h_p45_cp140,6.94129096283541
h_p45_cp141,0.5793983974465391
h_p45_cp142,8.25050932944805
h_p45_cp143,0.714106616823301
h_p45_cp144,9.251460676817715
h_p45_cp145,0.9501192957620788
h_p45_cp146,9.638799166235913
h_p45_cp147,1.2950868783539136
h_p45_cp148,9.249819291143922
h_p45_cp149,1.7544912435425886
h_p45_cp150,8.247034817912208
h_p45_cp151,2.3263359820248297
h_p45_cp152,6.935611635193254
h_p45_cp153,2.9956104345576477
h_p45_cp154,5.575802495919561
h_p45_cp155,3.73037694941695
h_p45_cp156,4.323688615053925
h_p45_cp157,4.482072504447842
h_p45_cp158,3.2510204445684394
h_p45_cp159,5.19237906590979
h_p45_cp160,2.379036694165734
h_p45_cp161,5.806708908404062
h_p45_cp162,1.701608584072801
h_p45_cp163,6.289150451112619
h_p45_cp164,1.1982894140855933
h_p45_cp165,6.627519529203028
h_p45_cp166,0.8422129134210081
h_p45_cp167,6.820058219217572
h_p45_cp168,0.6053169580454778
h_p45_cp169,6.856751229837073
h_p45_cp170,0.46155327065434903
h_p45_cp171,6.712112393820689
h_p45_cp172,0.38835971251864976
h_p45_cp173,6.3587093282956175
h_p45_cp174,0.36679858420438904
h_p45_cp175,5.795912038174265
h_p45_cp176,0.3808716140242723
h_p45_cp177,5.069283438127513
h_p45_cp178,0.41653053330128387
h_p45_cp179,4.256090342292737
h_p45_cp180,0.460864171911453
h_p45_cp181,3.43716890485598
h_p45_cp182,0.5018768149843709
h_p45_cp183,2.6765636531420114
h_p45_cp184,0.5291190127063601
h_p45_cp185,2.0141763172302944
h_p45_cp186,0.5350830154939104
h_p45_cp187,1.4673564274246473
h_p45_cp188,0.5167158445683526
h_p45_cp189,1.036350473249513
h_p45_cp190,0.4759660586037171
h_p45_cp191,0.7104174461819639
h_p45_cp192,0.4186764962523739
h_p45_cp193,0.47314077135251864
h_p45_cp194,0.3524815005312121
h_p45_cp195,0.3064277132089046
h_p45_cp196,0.2847698912460146
h_p45_cp197,0.19314655012476578
h_p45_cp198,0.22135235937639663
h_p45_cp199,0.11857632865326195
h_p45_cp200,0.16593923780601472
h_p45_cp201,0.07095041251841394
h_p45_cp202,0.12023251569644344
h_p45_cp203,0.04139944150210795
h_p45_cp204,0.08435923198385353
h_p45_cp205,0.023564249194805598
h_p45_cp206,0.05741488902958736
h_p45_cp207,0.013082150122272651
h_p45_cp208,0.037964483942687366
h_p45_cp209,0.007076780038914876
h_p45_cp210,0.02442533646717493
h_p45_cp211,0.0037195075224190077
h_p46_cp0,1.4744289361879055
h_p46_cp1,0.017214415588568954
h_p46_cp2,1.9278602924332517
h_p46_cp3,0.02480937533027827
h_p46_cp4,2.4252848876162716
h_p46_cp5,0.035056731998338364
h_p46_cp6,2.923187059011525
h_p46_cp7,0.048469750602180284
h_p46_cp8,3.3602792560050148
h_p46_cp9,0.06557328602639245
h_p46_cp10,3.667878645861947
h_p46_cp11,0.08687888168333302
h_p46_cp12,3.789532721721571
h_p46_cp13,0.11286650476949944
h_p46_cp14,3.703605622026771
h_p46_cp15,0.14396295635924616
h_p46_cp16,3.435014352683538
h_p46_cp17,0.18049525924698173
h_p46_cp18,3.0445889883558266
h_p46_cp19,0.22258914298026866
h_p46_cp20,2.6074878356330373
h_p46_cp21,0.2699892224836731
h_p46_cp22,2.194377387617351
h_p46_cp23,0.3218082675398364
h_p46_cp24,1.8615525938248538
h_p46_cp25,0.3762653135477194
h_p46_cp26,1.6491733930670307
h_p46_cp27,0.4305225387347491
h_p46_cp28,1.583989541795745
h_p46_cp29,0.48074368997549755
h_p46_cp30,1.6830119658388867
h_p46_cp31,0.5224532940173958
h_p46_cp32,1.9557248377154792
h_p46_cp33,0.551184168247346
h_p46_cp34,2.403702330364922
h_p46_cp35,0.5632908746824796
h_p46_cp36,3.017560836224675
h_p46_cp37,0.5567209179521342
h_p46_cp38,3.7719381872648228
h_p46_cp39,0.5315154235827322
h_p46_cp40,4.619703651835152
h_p46_cp41,0.48987789581678953
h_p46_cp42,5.487229889444734
h_p46_cp43,0.43578378817528574
h_p46_cp44,6.274199804091495
h_p46_cp45,0.37424763840181186
h_p46_cp46,6.864951503307566
h_p46_cp47,0.310458994164037
h_p46_cp48,7.161033300303188
h_p46_cp49,0.24900899090152961
h_p46_cp50,7.133834844656121
h_p46_cp51,0.19336538220841248
h_p46_cp52,6.859231181726955
h_p46_cp53,0.14565490271206727
h_p46_cp54,6.474280635361083
h_p46_cp55,0.10672108024937188
h_p46_cp56,6.11717010142047
h_p46_cp57,0.07636979607832473
h_p46_cp58,5.888300693560723
h_p46_cp59,0.05369978796306896
h_p46_cp60,5.832435849907142
h_p46_cp61,0.03743122909827434
h_p46_cp62,5.932200033304525
h_p46_cp63,0.02617666703872601
h_p46_cp64,6.109930512506253
h_p46_cp65,0.01863075468418174
h_p46_cp66,6.243435232426236
h_p46_cp67,0.01367967040368967
h_p46_cp68,6.203347171360292
h_p46_cp69,0.01044509987082165
h_p46_cp70,5.909693278259056
h_p46_cp71,0.008282463689283759
h_p46_cp72,5.377240009575871
h_p46_cp73,0.006751897321692013
h_p46_cp74,4.6828103020623075
h_p46_cp75,0.005576516315159097
h_p46_cp76,3.9191754079740804
h_p46_cp77,0.004597959820785036
h_p46_cp78,3.165014707292812
h_p46_cp79,0.00373517936418466
h_p46_cp80,2.4739428320965544
h_p46_cp81,0.002949159244508337
h_p46_cp82,1.8755269462417345
h_p46_cp83,0.0022135265799079207
h_p46_cp84,2.0224706593562587
h_p46_cp85,2.5609745283722987
h_p46_cp86,2.6808342969097794
h_p46_cp87,3.4112839750580406
h_p46_cp88,3.420150927290706
h_p46_cp89,4.427515227860795
h_p46_cp90,4.179131331288318
h_p46_cp91,5.590851687255736
h_p46_cp92,4.863499344554839
h_p46_cp93,6.857754422447897
h_p46_cp94,5.3592681573236405
h_p46_cp95,8.159140764325002
h_p46_cp96,5.565131515949361
h_p46_cp97,9.40163221472858
h_p46_cp98,5.436336013946402
h_p46_cp99,10.464739266014249
h_p46_cp100,5.012628147480882
h_p46_cp101,11.19660154989424
h_p46_cp102,4.3904679633246815
h_p46_cp103,11.450886267082296
h_p46_cp104,3.679654048941302
h_p46_cp105,11.179256024674942
h_p46_cp106,2.9718535953184073
h_p46_cp107,10.496158272123466
h_p46_cp108,2.3283492259370178
h_p46_cp109,9.608155879337119
h_p46_cp110,1.7816146029763331
h_p46_cp111,8.709565563116712
h_p46_cp112,1.342784399052107
h_p46_cp113,7.921952427951737
h_p46_cp114,1.0099952511009178
h_p46_cp115,7.269073188526136
h_p46_cp116,0.7754919307708406
h_p46_cp117,6.68243853058857
h_p46_cp118,0.6309817561973432
h_p46_cp119,6.043182055103443
h_p46_cp120,0.5713690578490969
h_p46_cp121,5.265379371275003
h_p46_cp122,0.5971597857769666
h_p46_cp123,4.388045327496002
h_p46_cp124,0.7157548949039665
h_p46_cp125,3.5035175053619696
h_p46_cp126,0.9416984497802332
h_p46_cp127,2.694857227556213
h_p46_cp128,1.2958022365019133
h_p46_cp129,2.011675242731826
h_p46_cp130,1.8029899183084126
h_p46_cp131,1.4714889579070132
h_p46_cp132,2.4886857281799166
h_p46_cp133,1.0710813066220908
h_p46_cp134,3.373396473038156
h_p46_cp135,0.7979985311746987
h_p46_cp136,4.464210408391409
h_p46_cp137,0.6386202116555069
h_p46_cp138,5.739835094603222
h_p46_cp139,0.5827694151212199
h_p46_cp140,7.124617370522628
h_p46_cp141,0.6257874356938373
h_p46_cp142,8.454514271959397
h_p46_cp143,0.768786671090993
h_p46_cp144,9.463539156784918
h_p46_cp145,1.0173795974390032
h_p46_cp146,9.850761203899765
h_p46_cp147,1.3789230257455074
h_p46_cp148,9.461689858143927
h_p46_cp149,1.8583132044984723
h_p46_cp150,8.450612447156345
h_p46_cp151,2.4526699801836003
h_p46_cp152,7.118270155287064
h_p46_cp153,3.145876383664472
h_p46_cp154,5.730485567666165
h_p46_cp155,3.904780130873405
h_p46_cp156,4.4511680317036735
h_p46_cp157,4.679551477411678
h_p46_cp158,3.3558522209546027
h_p46_cp159,5.410536844537546
h_p46_cp160,2.46566861004203
h_p46_cp161,6.041841484731549
h_p46_cp162,1.7731881006156982
h_p46_cp163,6.536573807934474
h_p46_cp164,1.2571317476445074
h_p46_cp165,6.881984660871922
h_p46_cp166,0.890464696152776
h_p46_cp167,7.076001793648629
h_p46_cp168,0.6452323694311417
h_p46_cp169,7.108371681390963
h_p46_cp170,0.49543403749157733
h_p46_cp171,6.953742019008359
h_p46_cp172,0.4183650643940382
h_p46_cp173,6.58549972820083
h_p46_cp174,0.39476603753792006
h_p46_cp175,6.0041538199091065
h_p46_cp176,0.40820214228733676
h_p46_cp177,5.256276512173372
h_p46_cp178,0.44414145559358076
h_p46_cp179,4.420137332311015
h_p46_cp180,0.48919545738499437
h_p46_cp181,3.5777906953708225
h_p46_cp182,0.5309362861967202
h_p46_cp183,2.794455221008093
h_p46_cp184,0.5585579109133505
h_p46_cp185,2.110875703317106
h_p46_cp186,0.564299114395908
h_p46_cp187,1.5448933253890118
h_p46_cp188,0.5449800093861086
h_p46_cp189,1.0970181102081824
h_p46_cp190,0.502552525028932
h_p46_cp191,0.7566422227002931
h_p46_cp192,0.4429675732671967
h_p46_cp193,0.5073785750371371
h_p46_cp194,0.3740306854606388
h_p46_cp195,0.3310516577207636
h_p46_cp196,0.30332707897377986
h_p46_cp197,0.21033387196007425
h_p46_cp198,0.23686072068949215
h_p46_cp199,0.13021887412514843
h_p46_cp200,0.17851250466810598
h_p46_cp201,0.07860630323989426
h_p46_cp202,0.1301192492451264
h_p46_cp203,0.046288335987583196
h_p46_cp204,0.09189931640230498
h_p46_cp205,0.026596712708396808
h_p46_cp206,0.06299388449406251
h_p46_cp207,0.014908847897459054
h_p46_cp208,0.04197205915625091
h_p46_cp209,0.008144189336007912
h_p46_cp210,0.027222981789236655
h_p46_cp211,0.004322681223811742
h_p47_cp0,1.5384395859637152
h_p47_cp1,0.019274812895673676
h_p47_cp2,2.0019015545026377
h_p47_cp3,0.027633669043098052
h_p47_cp4,2.5075379769878055
h_p47_cp5,0.03887197926860608
h_p47_cp6,3.0111460493776576
h_p47_cp7,0.053530945541297115
h_p47_cp8,3.451502275161147
h_p47_cp9,0.07216044564302138
h_p47_cp10,3.7608383244651122
h_p47_cp11,0.09528947508897545
h_p47_cp12,3.883890384186998
h_p47_cp13,0.12340269594142228
h_p47_cp14,3.7996101961753084
h_p47_cp15,0.1569133610641984
h_p47_cp16,3.532637225943745
h_p47_cp17,0.19611177698971005
h_p47_cp18,3.1429473635689646
h_p47_cp19,0.24106074917108344
h_p47_cp20,2.7051554201921135
h_p47_cp21,0.29141588632774074
h_p47_cp22,2.290259559070819
h_p47_cp23,0.34617877722712365
h_p47_cp24,1.9556180676540862
h_p47_cp25,0.40344237831823193
h_p47_cp26,1.7427067382441237
h_p47_cp27,0.46023720134189716
h_p47_cp28,1.6793735239411944
h_p47_cp29,0.5125993215156086
h_p47_cp30,1.7831954265252534
h_p47_cp31,0.5559379852902566
h_p47_cp32,2.063585361553578
h_p47_cp33,0.5856898003448805
h_p47_cp34,2.521513843896628
h_p47_cp35,0.5981377094340132
h_p47_cp36,3.1467185514334233
h_p47_cp37,0.5911876750551528
h_p47_cp38,3.9129684455106144
h_p47_cp39,0.5648754028902658
h_p47_cp40,4.772420273977787
h_p47_cp41,0.5214409076288575
h_p47_cp42,5.650821859487223
h_p47_cp43,0.46494162030694497
h_p47_cp44,6.447262965290065
h_p47_cp45,0.4005180698336517
h_p47_cp46,7.045872736001911
h_p47_cp47,0.3335213645505064
h_p47_cp48,7.348702765672897
h_p47_cp49,0.2687242889041954
h_p47_cp50,7.327576176145612
h_p47_cp51,0.209776120920651
h_p47_cp52,7.0583882730402365
h_p47_cp53,0.15896416263376523
h_p47_cp54,6.6780474613492515
h_p47_cp55,0.11725468454733345
h_p47_cp56,6.325010220886725
h_p47_cp57,0.08452902390354211
h_p47_cp58,6.099773634723078
h_p47_cp59,0.059913223338753596
h_p47_cp60,6.04654691968517
h_p47_cp61,0.04211319355590604
h_p47_cp62,6.147157309162594
h_p47_cp63,0.029696978740048507
h_p47_cp64,6.3236988537005345
h_p47_cp65,0.02129741086082504
h_p47_cp66,6.454135145605505
h_p47_cp67,0.01573339235255844
h_p47_cp68,6.408037271303556
h_p47_cp69,0.012063002126524225
h_p47_cp70,6.103654594823638
h_p47_cp71,0.009587472581870315
h_p47_cp72,5.557512730895496
h_p47_cp73,0.007824725671298438
h_p47_cp74,4.847526544699804
h_p47_cp75,0.006467664774390869
h_p47_cp76,4.066406969649734
h_p47_cp77,0.005338043726396791
h_p47_cp78,3.2932452712536815
h_p47_cp79,0.004342639916558255
h_p47_cp80,2.582754273571936
h_p47_cp81,0.0034349723493960482
h_p47_cp82,1.9656273331843295
h_p47_cp83,0.0025828107011420798
h_p47_cp84,2.0984940864309465
h_p47_cp85,2.6748652835963185
h_p47_cp86,2.7669003501259795
h_p47_cp87,3.551838711435721
h_p47_cp88,3.512741895005547
h_p47_cp89,4.596060324888413
h_p47_cp90,4.273970089655904
h_p47_cp91,5.786244399225325
h_p47_cp92,4.9572290460241675
h_p47_cp93,7.075556893164276
h_p47_cp94,5.45118621614256
h_p47_cp95,8.390945861818636
h_p47_cp96,5.657213353668794
h_p47_cp97,9.635469593605194
h_p47_cp98,5.531485927562699
h_p47_cp99,10.688607282057319
h_p47_cp100,5.112649995965512
h_p47_cp101,11.405349967896427
h_p47_cp102,4.494342116765438
h_p47_cp103,11.653888451324747
h_p47_cp104,3.783608899659157
h_p47_cp105,11.395860188866891
h_p47_cp106,3.0711624137688887
h_p47_cp107,10.735386120288467
h_p47_cp108,2.4190830903553433
h_p47_cp109,9.863905075393177
h_p47_cp110,1.861510293047104
h_p47_cp111,8.968517719021293
h_p47_cp112,1.4113585441627947
h_p47_cp113,8.171063570529896
h_p47_cp114,1.0682507422361596
h_p47_cp115,7.499804830931907
h_p47_cp116,0.8254876227747445
h_p47_cp117,6.891357887111781
h_p47_cp118,0.675429523791081
h_p47_cp119,6.2289856586101
h_p47_cp120,0.613325753074605
h_p47_cp121,5.4278333640415894
h_p47_cp122,0.6398100932174202
h_p47_cp123,4.528167438631272
h_p47_cp124,0.7622490880262376
h_p47_cp125,3.623533035445689
h_p47_cp126,0.9950219463426038
h_p47_cp127,2.796387680449925
h_p47_cp128,1.3587079480766988
h_p47_cp129,2.0960989492368753
h_p47_cp130,1.8780933412058403
h_p47_cp131,1.5408832560121937
h_p47_cp132,2.578815169581503
h_p47_cp133,1.1284373776661596
h_p47_cp134,3.4820358665392632
h_p47_cp135,0.8469485700213681
h_p47_cp136,4.595301084450057
h_p47_cp137,0.683147933634018
h_p47_cp138,5.895840917658006
h_p47_cp139,0.6270548695333673
h_p47_cp140,7.302967088658988
h_p47_cp141,0.6741315411477444
h_p47_cp142,8.645922353636252
h_p47_cp143,0.8255281568533519
h_p47_cp144,9.657384753684255
h_p47_cp145,1.0867500697981995
h_p47_cp146,10.044214415887382
h_p47_cp147,1.4648271939890947
h_p47_cp148,9.655312445340769
h_p47_cp149,1.964061683255295
h_p47_cp150,8.6415634447726
h_p47_cp151,2.5807241569127655
h_p47_cp152,7.295908320418221
h_p47_cp153,3.297661258687185
h_p47_cp154,5.8854983030705625
h_p47_cp155,4.08056078119489
h_p47_cp156,4.580952207149039
h_p47_cp157,4.878307942443371
h_p47_cp158,3.4628333302243846
h_p47_cp159,5.629847656035054
h_p47_cp160,2.5537342354887187
h_p47_cp161,6.277964782265826
h_p47_cp162,1.8457328267463708
h_p47_cp163,6.784791529312088
h_p47_cp164,1.3168237559425506
h_p47_cp165,7.136917459814413
h_p47_cp166,0.9396368973943936
h_p47_cp167,7.331940926903599
h_p47_cp168,0.6861669288150551
h_p47_cp169,7.3595522662187705
h_p47_cp170,0.5303864725124185
h_p47_cp171,7.194779257830078
h_p47_cp172,0.44943729292572243
h_p47_cp173,6.81187082819838
h_p47_cp174,0.4237548609598889
h_p47_cp175,6.2122952638112565
h_p47_cp176,0.43648965336069523
h_p47_cp177,5.443654745893127
h_p47_cp178,0.4726434794715715
h_p47_cp179,4.585095591172831
h_p47_cp180,0.5183605773063391
h_p47_cp181,3.719686709648613
h_p47_cp182,0.5607836851195316
h_p47_cp183,2.9137564282227686
h_p47_cp184,0.5887474945097892
h_p47_cp185,2.2089658778022567
h_p47_cp186,0.5942333767316086
h_p47_cp187,1.6237439580872888
h_p47_cp188,0.5739317628717799
h_p47_cp189,1.1589148844745978
h_p47_cp190,0.5297949547743883
h_p47_cp191,0.8040096840029491
h_p47_cp192,0.46788143058893183
h_p47_cp193,0.5426587316167115
h_p47_cp194,0.3961688996714656
h_p47_cp195,0.3565956978002305
h_p47_cp196,0.3224388434746288
h_p47_cp197,0.22830020723904454
h_p47_cp198,0.2528869081115772
h_p47_cp199,0.14249176483463089
h_p47_cp200,0.1915624823068356
h_p47_cp201,0.08674951648026763
h_p47_cp202,0.14043575995310675
h_p47_cp203,0.05153766838657248
h_p47_cp204,0.09981646674395961
h_p47_cp205,0.029884653712542786
h_p47_cp206,0.06889331397633214
h_p47_cp207,0.016909292955006094
h_p47_cp208,0.046242713725860085
h_p47_cp209,0.009324979743041695
h_p47_cp210,0.03022917919088286
h_p47_cp211,0.004996688789333348
h_p48_cp0,1.6019235184908212
h_p48_cp1,0.021500994078451185
h_p48_cp2,2.0746042519308503
h_p48_cp3,0.030667389216887386
h_p48_cp4,2.587503972005834
h_p48_cp5,0.04294932000948393
h_p48_cp6,3.095901689857783
h_p48_cp7,0.05891487949020302
h_p48_cp8,3.5388461622460454
h_p48_cp9,0.07913728954326871
h_p48_cp10,3.849585899969952
h_p48_cp11,0.10416037599225092
h_p48_cp12,3.9739991818310045
h_p48_cp13,0.13446979470427323
h_p48_cp14,3.8915831513513695
h_p48_cp15,0.17046064951273365
h_p48_cp16,3.6267486646925136
h_p48_cp17,0.21238159798349443
h_p48_cp18,3.238666992673643
h_p48_cp19,0.2602281325662261
h_p48_cp20,2.8013025853701947
h_p48_cp21,0.3135639462452673
h_p48_cp22,2.385761890222966
h_p48_cp23,0.3712786944356594
h_p48_cp24,2.050270607443508
h_p48_cp25,0.4313408577854716
h_p48_cp26,1.8375074346795373
h_p48_cp27,0.4906529260451862
h_p48_cp28,1.7763788969691632
h_p48_cp29,0.5451283004949801
h_p48_cp30,1.8850490517534126
h_p48_cp31,0.5900664294595117
h_p48_cp32,2.172934446722593
h_p48_cp33,0.6208128164403206
h_p48_cp34,2.6405148877302054
h_p48_cp35,0.6335828349151598
h_p48_cp36,3.276760046769141
h_p48_cp37,0.6262434650470823
h_p48_cp38,4.054614152544218
h_p48_cp39,0.598825737842617
h_p48_cp40,4.925459035411677
h_p48_cp41,0.5536048071098776
h_p48_cp42,5.814336372819525
h_p48_cp43,0.4947165343924098
h_p48_cp44,6.619858986976396
h_p48_cp45,0.42742215512271287
h_p48_cp46,7.226242467307657
h_p48_cp47,0.35722827651306943
h_p48_cp48,7.5360032997364215
h_p48_cp49,0.2890837789041143
h_p48_cp50,7.52100228023528
h_p48_cp51,0.22681569019459857
h_p48_cp52,7.257523370803483
h_p48_cp53,0.17287074442674566
h_p48_cp54,6.882304089619993
h_p48_cp55,0.1283396190779058
h_p48_cp56,6.5336874315021305
h_p48_cp57,0.09318300058930618
h_p48_cp58,6.312128850857789
h_p48_cp59,0.06655930357146644
h_p48_cp60,6.261598013166804
h_p48_cp61,0.04716526139964117
h_p48_cp62,6.363734547767763
h_p48_cp63,0.033528597533404536
h_p48_cp64,6.540724803042394
h_p48_cp65,0.024223095899287728
h_p48_cp66,6.669932873739299
h_p48_cp67,0.018001661711423367
h_p48_cp68,6.618451000143523
h_p48_cp69,0.013858783813930131
h_p48_cp70,6.302693493423476
h_p48_cp71,0.011040657749617822
h_p48_cp72,5.741058056617931
h_p48_cp73,0.009021697954722185
h_p48_cp74,5.013983381427806
h_p48_cp75,0.007463200683787363
h_p48_cp76,4.214850337049256
h_p48_cp77,0.006165758087263384
h_p48_cp78,3.422816523479014
h_p48_cp79,0.005022901581696715
h_p48_cp80,2.6931413272488953
h_p48_cp81,0.003979785711635486
h_p48_cp82,2.0573888662313493
h_p48_cp83,0.0029974720764585072
h_p48_cp84,2.1730020367904217
h_p48_cp85,2.7902370357328437
h_p48_cp86,2.850164381657123
h_p48_cp87,3.6933002019766263
h_p48_cp88,3.6011446946899923
h_p48_cp89,4.764488382193576
h_p48_cp90,4.363518330222178
h_p48_cp91,5.979988645108733
h_p48_cp92,5.045183243491465
h_p48_cp93,7.2893473964848
h_p48_cp94,5.537360652585903
h_p48_cp95,8.614950664146818
h_p48_cp96,5.743706545606074
h_p48_cp97,9.85623396249116
h_p48_cp98,5.620934346229205
h_p48_cp99,10.89394700842513
h_p48_cp100,5.206982647689074
h_p48_cp101,11.592414439891172
h_p48_cp102,4.593060894333121
h_p48_cp103,11.835196400190625
h_p48_cp104,3.8835670563025815
h_p48_cp105,11.591780021123895
h_p48_cp106,3.167927232754664
h_p48_cp107,10.95742256306903
h_p48_cp108,2.508638315718599
h_p48_cp109,10.107618183597651
h_p48_cp110,1.9413074010417404
h_p48_cp111,9.220377769910101
h_p48_cp112,1.4805892399872391
h_p48_cp113,8.417010047532358
h_p48_cp114,1.127632042204823
h_p48_cp115,7.729825995643296
h_p48_cp116,0.8768596019613142
h_p48_cp117,7.099754139148899
h_p48_cp118,0.7213523100972452
h_p48_cp119,6.41338268331333
h_p48_cp120,0.6567553614886492
h_p48_cp121,5.590164610187685
h_p48_cp122,0.6838614178718672
h_p48_cp123,4.669001571806348
h_p48_cp124,0.8100246238864202
h_p48_cp125,3.74403400679239
h_p48_cp126,1.04949660700413
h_p48_cp127,2.8982854618207057
h_p48_cp128,1.4227024007050204
h_p48_cp129,2.181187557875546
h_p48_cp130,1.9543985431641886
h_p48_cp131,1.6113513558191244
h_p48_cp132,2.6704542408792804
h_p48_cp133,1.1871719077619218
h_p48_cp134,3.592361630972391
h_p48_cp135,0.8974655693684781
h_p48_cp136,4.727238355055761
h_p48_cp137,0.729375606732674
h_p48_cp138,6.049754669558752
h_p48_cp139,0.6731601614435476
h_p48_cp140,7.474349780504781
h_p48_cp141,0.7244077685979846
h_p48_cp142,8.826619388096333
h_p48_cp143,0.8842862769479325
h_p48_cp144,9.842014520052544
h_p48_cp145,1.1581646461536366
h_p48_cp146,10.232033200600654
h_p48_cp147,1.55272562066898
h_p48_cp148,9.83970412036524
h_p48_cp149,2.0716837189909256
h_p48_cp150,8.821773697301069
h_p48_cp151,2.710498443953611
h_p48_cp152,7.466535970286714
h_p48_cp153,3.4510241706529996
h_p48_cp154,6.038362595498256
h_p48_cp155,4.2577904801039494
h_p48_cp156,4.711514172831812
h_p48_cp157,5.078347105965804
h_p48_cp158,3.5714187046141888
h_p48_cp159,5.850212869998813
h_p48_cp160,2.6432107727409857
h_p48_cp161,6.514903258830145
h_p48_cp162,1.919357109997236
h_p48_cp163,7.033578693529535
h_p48_cp164,1.3774476228541062
h_p48_cp165,7.392096968221949
h_p48_cp166,0.9897537808201378
h_p48_cp167,7.587718733494512
h_p48_cp168,0.7281106232489947
h_p48_cp169,7.610288401527441
h_p48_cp170,0.5663905157362024
h_p48_cp171,7.435421685820529
h_p48_cp172,0.4815592032987297
h_p48_cp173,7.038090890152944
h_p48_cp174,0.45375498359908306
h_p48_cp175,6.420450468731815
h_p48_cp176,0.4657312654571797
h_p48_cp177,5.631272118178231
h_p48_cp178,0.5020392480951159
h_p48_cp179,4.750673803144764
h_p48_cp180,0.5483648995382282
h_p48_cp181,3.862588866525357
h_p48_cp182,0.5914236012504261
h_p48_cp183,3.0343022604261023
h_p48_cp184,0.6196893617479873
h_p48_cp185,2.3083739333935682
h_p48_cp186,0.6248855784979241
h_p48_cp187,1.7038841552578106
h_p48_cp188,0.6035721442999602
h_p48_cp189,1.222031126521415
h_p48_cp190,0.5576972159333309
h_p48_cp191,0.8525098790344146
h_p48_cp192,0.49342338667383956
h_p48_cp193,0.5789696356866898
h_p48_cp194,0.41890073588137966
h_p48_cp195,0.3830500381393449
h_p48_cp196,0.342108044687393
h_p48_cp197,0.24704052331776438
h_p48_cp198,0.2694322848710726
h_p48_cp199,0.15539545442152303
h_p48_cp200,0.20508986961704068
h_p48_cp201,0.09538489481269607
h_p48_cp202,0.15118303864892368
h_p48_cp203,0.05715479673290247
h_p48_cp204,0.10811273879153305
h_p48_cp205,0.03343614993491428
h_p48_cp206,0.07511666490245261
h_p48_cp207,0.019090992626843217
h_p48_cp208,0.05078126349371814
h_p48_cp209,0.010625382979696951
h_p48_cp210,0.03344962118626427
h_p48_cp211,0.005746256154907314
h_p49_cp0,1.6647039544182007
h_p49_cp1,0.02389873040419843
h_p49_cp2,2.145802173656193
h_p49_cp3,0.033916122654318315
h_p49_cp4,2.665096573146002
h_p49_cp5,0.04729385832706612
h_p49_cp6,3.177533494654199
h_p49_cp7,0.06462566048776353
h_p49_cp8,3.6226121212675935
h_p49_cp9,0.0865061968070222
h_p49_cp10,3.934641637371442
h_p49_cp11,0.11349131850420235
h_p49_cp12,4.060499072238144
h_p49_cp13,0.1460638919215853
h_p49_cp14,3.9800462158373193
h_p49_cp15,0.1845963546124949
h_p49_cp16,3.717651515980833
h_p49_cp17,0.2292910626633784
h_p49_cp18,3.331826564337007
h_p49_cp19,0.28007225108649436
h_p49_cp20,2.8958358036620666
h_p49_cp21,0.33640930163392113
h_p49_cp22,2.4806999875668225
h_p49_cp23,0.39707965475736273
h_p49_cp24,2.1453007968812017
h_p49_cp25,0.4599292638827137
h_p49_cp26,1.9333773669277434
h_p49_cp27,0.5217364118725527
h_p49_cp28,1.874837771636976
h_p49_cp29,0.5782967745130918
h_p49_cp30,1.9884482825291343
h_p49_cp31,0.6248051811257938
h_p49_cp32,2.2836984845489496
h_p49_cp33,0.6565206235932237
h_p49_cp34,2.7606747742934203
h_p49_cp35,0.6695944117964245
h_p49_cp36,3.407661997795003
h_p49_cp37,0.6618567758000609
h_p49_cp38,4.196808786366091
h_p49_cp39,0.6333348633893365
h_p49_cp40,5.078719085869579
h_p49_cp41,0.5863379885545328
h_p49_cp42,5.9778250637427846
h_p49_cp43,0.5250774465580434
h_p49_cp44,6.792559083839933
h_p49_cp45,0.4549303949515888
h_p49_cp46,7.407404900262009
h_p49_cp47,0.3815531862783246
h_p49_cp48,7.7247260671802
h_p49_cp49,0.31006528242778586
h_p49_cp50,7.71545058333686
h_p49_cp51,0.24446742995132809
h_p49_cp52,7.4571787674794905
h_p49_cp53,0.18736414779095867
h_p49_cp54,7.087044400131617
h_p49_cp55,0.13997153507625626
h_p49_cp56,6.743073754781108
h_p49_cp57,0.10233289423285896
h_p49_cp58,6.525496827687675
h_p49_cp59,0.07364361763166016
h_p49_cp60,6.47828504904146
h_p49_cp61,0.05259612414874937
h_p49_cp62,6.583275463440259
h_p49_cp63,0.037682011873585
h_p49_cp64,6.762559630200485
h_p49_cp65,0.027418977612342132
h_p49_cp66,6.891893291715178
h_p49_cp67,0.020495488893175207
h_p49_cp68,6.835309368868593
h_p49_cp69,0.015842757479504144
h_p49_cp70,6.5078303017203325
h_p49_cp71,0.012651349561110692
h_p49_cp72,5.929340073802223
h_p49_cp73,0.010351065006034332
h_p49_cp74,5.183408802684653
h_p49_cp75,0.00857030973838846
h_p49_cp76,4.365096372695234
h_p49_cp77,0.007087283674309219
h_p49_cp78,3.553816603146288
h_p49_cp79,0.005781196305861158
h_p49_cp80,2.80498740861799
h_p49_cp81,0.004587900778460607
h_p49_cp82,2.150683633210974
h_p49_cp83,0.003460841422111116
h_p49_cp84,2.2458310142696973
h_p49_cp85,2.906927337614434
h_p49_cp86,2.930583590531569
h_p49_cp87,3.8355637313702573
h_p49_cp88,3.6856176692958798
h_p49_cp89,4.932845230993962
h_p49_cp90,4.448536898440125
h_p49_cp91,6.172227366087554
h_p49_cp92,5.1288125723713165
h_p49_cp93,7.4991548400375905
h_p49_cp94,5.620116646042334
h_p49_cp95,8.831096111657871
h_p49_cp96,5.827488146162068
h_p49_cp97,10.064496668741413
h_p49_cp98,5.707000813144987
h_p49_cp99,11.083292290049712
h_p49_cp100,5.297066727251604
h_p49_cp101,11.76349334387669
h_p49_cp102,4.687372402303481
h_p49_cp103,12.002595694084903
h_p49_cp104,3.979772806758774
h_p49_cp105,11.771869278318945
h_p49_cp106,3.2620909579513864
h_p49_cp107,11.163459901351644
h_p49_cp108,2.5968374758476784
h_p49_cp109,10.338472923172503
h_p49_cp110,2.0208156814996983
h_p49_cp111,9.463786692933354
h_p49_cp112,1.5503170729612066
h_p49_cp113,8.658161304957503
h_p49_cp114,1.188020959178175
h_p49_cp115,7.956685252651823
h_p49_cp116,0.929527131188479
h_p49_cp117,7.304781393482699
h_p49_cp118,0.7686974070938959
h_p49_cp119,6.594581113144159
h_p49_cp120,0.7016236627064245
h_p49_cp121,5.74986071233684
h_p49_cp122,0.7292937656243339
h_p49_cp123,4.808849810370475
h_p49_cp124,0.8590807873429185
h_p49_cp125,3.8646028116515936
h_p49_cp126,1.1051528308785237
h_p49_cp127,3.000629341752756
h_p49_cp128,1.4878457274389802
h_p49_cp129,2.2669954272791983
h_p49_cp130,2.0319333518245912
h_p49_cp131,1.6828594485145913
h_p49_cp132,2.763421223442492
h_p49_cp133,1.2472324282719
h_p49_cp134,3.7037284068869667
h_p49_cp135,0.9495159877280912
h_p49_cp136,4.858902203808157
h_p49_cp137,0.7772864903909067
h_p49_cp138,6.200929035824174
h_p49_cp139,0.7210704034723676
h_p49_cp140,7.641166418256489
h_p49_cp141,0.7765903967449503
h_p49_cp142,9.00527310771895
h_p49_cp143,0.9450187402860593
h_p49_cp144,10.032188203368605
h_p49_cp145,1.2315680800702467
h_p49_cp146,10.429978963798476
h_p49_cp147,1.642564295962302
h_p49_cp148,10.029624698806401
h_p49_cp149,2.181145637241798
h_p49_cp150,8.999911095284006
h_p49_cp151,2.8419851201097117
h_p49_cp152,7.632554332914424
h_p49_cp153,3.605952389832737
h_p49_cp154,6.188431418100208
h_p49_cp155,4.436386768392822
h_p49_cp156,4.841734036673188
h_p49_cp157,5.279468614352936
h_p49_cp158,3.6809626046515405
h_p49_cp159,6.071327428672248
h_p49_cp160,2.733915193431585
h_p49_cp161,6.752286479337499
h_p49_cp162,1.99408620372742
h_p49_cp163,7.282549995526097
h_p49_cp164,1.4390597136789438
h_p49_cp165,7.647252355742239
h_p49_cp166,1.0408417351195567
h_p49_cp167,7.84337000585424
h_p49_cp168,0.7710609413898055
h_p49_cp169,7.861051250427863
h_p49_cp170,0.6034312416040848
h_p49_cp171,7.676510820607518
h_p49_cp172,0.5147158013592161
h_p49_cp173,7.265105160847952
h_p49_cp174,0.4847566273861048
h_p49_cp175,6.629405075339719
h_p49_cp176,0.495922766442618
h_p49_cp177,5.819540449157557
h_p49_cp178,0.5323274306952044
h_p49_cp179,4.916925350350766
h_p49_cp180,0.5792054527028085
h_p49_cp181,4.006372614009479
h_p49_cp182,0.622847148454639
h_p49_cp183,3.155952413163959
h_p49_cp184,0.651367912679234
h_p49_cp185,2.4090095514823133
h_p49_cp186,0.656237174529906
h_p49_cp187,1.7852704762865415
h_p49_cp188,0.6338850767465374
h_p49_cp189,1.2863472102851574
h_p49_cp190,0.586249886144742
h_p49_cp191,0.9021304329958184
h_p49_cp192,0.5195907347174398
h_p49_cp193,0.6163005106136552
h_p49_cp194,0.4422272375886678
h_p49_cp195,0.4104060794684301
h_p49_cp196,0.3623365754342558
h_p49_cp197,0.26655025757781914
h_p49_cp198,0.2864982824917206
h_p49_cp199,0.16893012984564848
h_p49_cp200,0.219095671066043
h_p49_cp201,0.10451664125412208
h_p49_cp202,0.1623622979409447
h_p49_cp203,0.06314640651430636
h_p49_cp204,0.11679021768759412
h_p49_cp205,0.03725876089038138
h_p49_cp206,0.08166726713216121
h_p49_cp207,0.021461139947632546
h_p49_cp208,0.05559225714614513
h_p49_cp209,0.012051490282829036
h_p49_cp210,0.036889722612613696
h_p49_cp211,0.006576084130529125
h_p50_cp0,1.726641813072547
h_p50_cp1,0.02647358993817761
h_p50_cp2,2.21541019928236
h_p50_cp3,0.03738513567850532
h_p50_cp4,2.7403760886104465
h_p50_cp5,0.05191025538215399
h_p50_cp6,3.2563607150859752
h_p50_cp7,0.07066683448283584
h_p50_cp8,3.7034718967979643
h_p50_cp9,0.09426888672169298
h_p50_cp10,4.01701530874243
h_p50_cp11,0.12328133044366041
h_p50_cp12,4.144528746462129
h_p50_cp13,0.15818041401371374
h_p50_cp14,4.0660099503315905
h_p50_cp15,0.19931151046557716
h_p50_cp16,3.8060177981856214
h_p50_cp17,0.24682632504391222
h_p50_cp18,3.422742506113991
h_p50_cp19,0.30057433806223344
h_p50_cp20,2.988805850586232
h_p50_cp21,0.3599287253227885
h_p50_cp22,2.5749686695853597
h_p50_cp23,0.4235548891497274
h_p50_cp24,2.240536581100514
h_p50_cp25,0.4891785476875157
h_p50_cp26,2.0301344829154004
h_p50_cp27,0.5534577539669954
h_p50_cp28,1.9745897983621035
h_p50_cp29,0.6120753028085346
h_p50_cp30,2.0932713351153325
h_p50_cp31,0.6601261567407164
h_p50_cp32,2.395799232971058
h_p50_cp33,0.6927867127901663
h_p50_cp34,2.881948945282602
h_p50_cp35,0.7061470414587347
h_p50_cp36,3.5393956191001053
h_p50_cp37,0.6980024613453679
h_p50_cp38,4.33955844271668
h_p50_cp39,0.6683770936306246
h_p50_cp40,5.232395623957018
h_p50_cp41,0.6196139246276289
h_p50_cp42,6.142043258676495
h_p50_cp43,0.5559973795948281
h_p50_cp44,6.967135960407177
h_p50_cp45,0.4830163811489001
h_p50_cp46,7.592218183981004
h_p50_cp47,0.40647166053167894
h_p50_cp48,7.918131716553489
h_p50_cp49,0.33164782735639164
h_p50_cp50,7.913771904344685
h_p50_cp51,0.2627150936509679
h_p50_cp52,7.659110721215711
h_p50_cp53,0.20243364626094262
h_p50_cp54,7.293021033192872
h_p50_cp55,0.15214540880697314
h_p50_cp56,6.953464348166108
h_p50_cp57,0.11197895368195532
h_p50_cp58,6.740243549747902
h_p50_cp59,0.08117077586848609
h_p50_cp60,6.697291881128876
h_p50_cp61,0.05841357431791039
h_p50_cp62,6.806573509593363
h_p50_cp63,0.042166973221355875
h_p50_cp64,6.989527676013495
h_p50_cp65,0.03089567878168964
h_p50_cp66,7.119581228187144
h_p50_cp67,0.023225522100347007
h_p50_cp68,7.0578579788004845
h_p50_cp69,0.018025024299504366
h_p50_cp70,6.718584423337916
h_p50_cp71,0.014428777535158588
h_p50_cp72,6.1225984310081
h_p50_cp73,0.011821048965430236
h_p50_cp74,5.3564888707803675
h_p50_cp75,0.009796190163569918
h_p50_cp76,4.517720871180472
h_p50_cp77,0.008108832817015355
h_p50_cp78,3.6864858420956352
h_p50_cp79,0.006622791866448097
h_p50_cp80,2.9182911839930057
h_p50_cp81,0.005263649363087097
h_p50_cp82,2.2454271506085206
h_p50_cp83,0.003976267583993831
h_p50_cp84,2.316908125721511
h_p50_cp85,3.0248735674274485
h_p50_cp86,3.008297529475385
h_p50_cp87,3.97865072188074
h_p50_cp88,3.76675464129994
h_p50_cp89,5.101229258307285
h_p50_cp90,4.530403360641685
h_p50_cp91,6.363017223169891
h_p50_cp92,5.210578432786406
h_p50_cp93,7.704994386394219
h_p50_cp94,5.702855109474513
h_p50_cp95,9.039975132442805
h_p50_cp96,5.912104783225459
h_p50_cp97,10.262990451533597
h_p50_cp98,5.793081869765501
h_p50_cp99,11.263709725309809
h_p50_cp100,5.385355524167608
h_p50_cp101,11.930771135358555
h_p50_cp102,4.7786433710643905
h_p50_cp103,12.170055580949793
h_p50_cp104,4.072807611340522
h_p50_cp105,11.947643818831239
h_p50_cp106,3.3537803078229445
h_p50_cp107,11.359539192879993
h_p50_cp108,2.683594854961939
h_p50_cp109,10.558101950108266
h_p50_cp110,2.099883407859579
h_p50_cp111,9.698095598880627
h_p50_cp112,1.6203952998994282
h_p50_cp113,8.892858146663457
h_p50_cp114,1.2493009176091618
h_p50_cp115,8.178617977201839
h_p50_cp116,0.983406658480817
h_p50_cp117,7.505536274730275
h_p50_cp118,0.8174083619387602
h_p50_cp119,6.7719797642505455
h_p50_cp120,0.7478942816660492
h_p50_cp121,5.906418591881675
h_p50_cp122,0.7760878299163778
h_p50_cp123,4.946712367755481
h_p50_cp124,0.9094182001504123
h_p50_cp125,3.984492033430797
h_p50_cp126,1.1620136121046016
h_p50_cp127,3.103148475136777
h_p50_cp128,1.5541642924131338
h_p50_cp129,2.353463894113247
h_p50_cp130,2.110655567791582
h_p50_cp131,1.7553746991834487
h_p50_cp132,2.8574828915770922
h_p50_cp133,1.3085801889044433
h_p50_cp134,3.815685544949247
h_p50_cp135,1.003068398562391
h_p50_cp136,4.990101526667786
h_p50_cp137,0.8268593718164539
h_p50_cp138,6.350922338732289
h_p50_cp139,0.7707660687765383
h_p50_cp140,7.808964084301806
h_p50_cp141,0.830652151363438
h_p50_cp142,9.192215326002497
h_p50_cp143,1.007686698430689
h_p50_cp144,10.240037471614869
h_p50_cp145,1.3069139874435223
h_p50_cp146,10.648976426326044
h_p50_cp147,1.7342987388249185
h_p50_cp148,10.237205957336755
h_p50_cp149,2.2924094087638878
h_p50_cp150,9.186307671881877
h_p50_cp151,2.975136067597532
h_p50_cp152,7.799510794734488
h_p50_cp153,3.762344162300451
h_p50_cp154,6.337263378332409
h_p50_cp155,4.616148589722798
h_p50_cp156,4.971420743385806
h_p50_cp157,5.481364261442877
h_p50_cp158,3.791013868305072
h_p50_cp159,6.2928048729907005
h_p50_cp160,2.825612851564074
h_p50_cp161,6.989691848169969
h_p50_cp162,2.0698754079530772
h_p50_cp163,7.531345701210739
h_p50_cp164,1.501683134365976
h_p50_cp165,7.902251008436679
h_p50_cp166,1.0929210094900554
h_p50_cp167,8.099197861600715
h_p50_cp168,0.8150190364522132
h_p50_cp169,8.112657474299112
h_p50_cp170,0.6414978913689993
h_p50_cp171,7.91919622173009
h_p50_cp172,0.5488940670893498
h_p50_cp173,7.494123863407822
h_p50_cp174,0.5167494712313783
h_p50_cp175,6.840299313604191
h_p50_cp176,0.5270563902045069
h_p50_cp177,6.009308184498195
h_p50_cp178,0.5634989686268455
h_p50_cp179,5.084283795518559
h_p50_cp180,0.6108665788970029
h_p50_cp181,4.151145922211754
h_p50_cp182,0.6550287201880565
h_p50_cp183,3.278663701827327
h_p50_cp184,0.6837489729778099
h_p50_cp185,2.510803252469259
h_p50_cp186,0.6882506561964874
h_p50_cp187,1.8678538193507848
h_p50_cp188,0.6648360052713542
h_p50_cp189,1.351835682158253
h_p50_cp190,0.6154270252068272
h_p50_cp191,0.9528553227030443
h_p50_cp192,0.5463683905368271
h_p50_cp193,0.6546401135005908
h_p50_cp194,0.46614207307493416
h_p50_cp195,0.4386557859140794
h_p50_cp196,0.38312293684020915
h_p50_cp197,0.28682518915729815
h_p50_cp198,0.30408521801064126
h_p50_cp199,0.18309579941933407
h_p50_cp200,0.23358072537848784
h_p50_cp201,0.11414843718853263
h_p50_cp202,0.17397481534135295
h_p50_cp203,0.06951858557113155
h_p50_cp204,0.1258509887056789
h_p50_cp205,0.04135955329115859
h_p50_cp206,0.08854831556527643
h_p50_cp207,0.024026607177347614
h_p50_cp208,0.060680011880776874
h_p50_cp209,0.013609232806857108
h_p50_cp210,0.04055464694283728
h_p50_cp211,0.007490827873880335
h_p51_cp0,1.787653921153833
h_p51_cp1,0.029230947348878544
h_p51_cp2,2.28345395183851
h_p51_cp3,0.041079393646668905
h_p51_cp4,2.813594322789413
h_p51_cp5,0.056802760073878744
h_p51_cp6,3.3329855727124595
h_p51_cp7,0.07704142871170916
h_p51_cp8,3.782423452299099
h_p51_cp9,0.10242647475433841
h_p51_cp10,4.097979130203839
h_p51_cp11,0.13352879831836617
h_p51_cp12,4.227429666472744
h_p51_cp13,0.1708141908447942
h_p51_cp14,4.150746737920599
h_p51_cp15,0.2145967197079699
h_p51_cp16,3.8928445181054485
h_p51_cp17,0.26497342627772014
h_p51_cp18,3.5120124909567494
h_p51_cp19,0.3217160076601431
h_p51_cp20,3.080453134241907
h_p51_cp21,0.3841000528609584
h_p51_cp22,2.668572186899837
h_p51_cp23,0.45067957184028273
h_p51_cp24,2.335861960447801
h_p51_cp25,0.5190626796893412
h_p51_cp26,2.12762291986337
h_p51_cp27,0.5857912921755997
h_p51_cp28,2.0754860878760155
h_p51_cp29,0.6464399478859377
h_p51_cp30,2.1993999308474486
h_p51_cp31,0.6960078945626265
h_p51_cp32,2.509157079548004
h_p51_cp33,0.7295920020405902
h_p51_cp34,3.004297793083879
h_p51_cp35,0.7432231268849137
h_p51_cp36,3.6719841591057047
h_p51_cp37,0.7346630731976802
h_p51_cp38,4.483060404394109
h_p51_cp39,0.7039338742338259
h_p51_cp40,5.387141870717642
h_p51_cp41,0.6534122787534216
h_p51_cp42,6.3085264420756175
h_p51_cp43,0.5874543825298133
h_p51_cp44,7.146276653861605
h_p51_cp45,0.5116575080032817
h_p51_cp46,7.784220670503601
h_p51_cp47,0.4319619068846805
h_p51_cp48,8.119947093271549
h_p51_cp49,0.3538120477951452
h_p51_cp50,8.119503369912309
h_p51_cp51,0.2815431634076049
h_p51_cp52,7.866013851546995
h_p51_cp53,0.2180685430680569
h_p51_cp54,7.50182317751478
h_p51_cp55,0.16485574438502226
h_p51_cp56,7.1656856446657
h_p51_cp57,0.12212065625317337
h_p51_cp58,6.9569127852760175
h_p51_cp59,0.08914450246902561
h_p51_cp60,6.919041271382412
h_p51_cp61,0.06462454854818134
h_p51_cp62,7.0336197823667135
h_p51_cp63,0.046992500756914524
h_p51_cp64,7.220676503229697
h_p51_cp65,0.034663256257772446
h_p51_cp66,7.350958922799919
h_p51_cp67,0.02620201261515831
h_p51_cp68,7.283525180292827
h_p51_cp69,0.020415434659980747
h_p51_cp70,6.932878270733909
h_p51_cp71,0.01638203209427047
h_p51_cp72,6.319803991105118
h_p51_cp73,0.013439809177043571
h_p51_cp74,5.533103880587078
h_p51_cp75,0.011148023539135465
h_p51_cp76,4.672981476135192
h_p51_cp77,0.009236624734739962
h_p51_cp78,3.8210407906719865
h_p51_cp79,0.007552970849928897
h_p51_cp80,3.0331117923922193
h_p51_cp81,0.0060113756269402074
h_p51_cp82,2.3415788494396566
h_p51_cp83,0.004547102397282288
h_p51_cp84,2.3862831556252786
h_p51_cp85,3.144069180988936
h_p51_cp86,3.0836809175279996
h_p51_cp87,4.12259081135403
h_p51_cp88,3.845532067451586
h_p51_cp89,5.269633257679288
h_p51_cp90,4.6109363015120834
h_p51_cp91,6.552262754809135
h_p51_cp92,5.293040828455105
h_p51_cp93,7.907016612500911
h_p51_cp94,5.788307529414851
h_p51_cp95,9.243158084954302
h_p51_cp96,6.000187000995993
h_p51_cp97,10.456698638277885
h_p51_cp98,5.88190547059321
h_p51_cp99,11.44504521001113
h_p51_cp100,5.47440245441976
h_p51_cp101,12.107433335504311
h_p51_cp102,4.868683757239523
h_p51_cp103,12.350475000031565
h_p51_cp104,4.1636385039860215
h_p51_cp105,12.131900168674292
h_p51_cp106,3.4433603117095117
h_p51_cp107,11.554932118287525
h_p51_cp108,2.76894980430734
h_p51_cp109,10.77088268240368
h_p51_cp110,2.1784159952644586
h_p51_cp111,9.924141929188409
h_p51_cp112,1.6906990092384149
h_p51_cp113,9.120199221911662
h_p51_cp114,1.3113609805013766
h_p51_cp115,8.394135458751634
h_p51_cp116,1.038413745330672
h_p51_cp117,7.700096817814028
h_p51_cp118,0.867426089698256
h_p51_cp119,6.943296197987365
h_p51_cp120,0.7955289917285882
h_p51_cp121,6.0582797773906805
h_p51_cp122,0.8242237411532187
h_p51_cp123,5.081655845876639
h_p51_cp124,0.9610351794308372
h_p51_cp125,4.103039046494132
h_p51_cp126,1.2200901165579126
h_p51_cp127,3.2054609683630133
h_p51_cp128,1.621656108854495
h_p51_cp129,2.440429352060164
h_p51_cp130,2.1904970349360156
h_p51_cp131,1.8288279552550648
h_p51_cp132,2.9524814016795062
h_p51_cp133,1.3711730053951214
h_p51_cp134,3.928187219426036
h_p51_cp135,1.0580915300813558
h_p51_cp136,5.121631159173376
h_p51_cp137,0.8780703500981417
h_p51_cp138,6.502610092222312
h_p51_cp139,0.822224515554808
h_p51_cp140,7.98328286171818
h_p51_cp141,0.8865650077073042
h_p51_cp142,9.39339174633551
h_p51_cp143,1.0722540293345446
h_p51_cp144,10.467296508150412
h_p51_cp145,1.3841602412048815
h_p51_cp146,10.886791906745657
h_p51_cp147,1.8278829374846737
h_p51_cp148,10.464182217020607
h_p51_cp149,2.4054171211880657
h_p51_cp150,9.386909390952496
h_p51_cp151,3.1098549680896213
h_p51_cp152,7.972945767435704
h_p51_cp153,3.9200268400841196
h_p51_cp154,6.487734257671491
h_p51_cp155,4.796801875396113
h_p51_cp156,5.101369111947861
h_p51_cp157,5.683661967447733
h_p51_cp158,3.901526080583153
h_p51_cp159,6.514203164581204
h_p51_cp160,2.918144492497049
h_p51_cp161,7.226681602513963
h_p51_cp162,2.146654328708337
h_p51_cp163,7.77967530247588
h_p51_cp164,1.5653133868208897
h_p51_cp165,8.157114672818352
h_p51_cp166,1.1460015060697515
h_p51_cp167,8.355632200983564
h_p51_cp168,0.8599861272209637
h_p51_cp169,8.365842676578495
h_p51_cp170,0.6805822259784691
h_p51_cp171,8.16424904708424
h_p51_cp172,0.5840820502380666
h_p51_cp173,7.7258543546361125
h_p51_cp174,0.5497213520725381
h_p51_cp175,7.053935601579951
h_p51_cp176,0.559118784936345
h_p51_cp177,6.201406818354599
h_p51_cp178,0.5955350544177236
h_p51_cp179,5.253371838225803
h_p51_cp180,0.6433195165354846
h_p51_cp181,4.2972251524086005
h_p51_cp182,0.6879283289963496
h_p51_cp183,3.4025255039214244
h_p51_cp184,0.7167843524539421
h_p51_cp185,2.613741710444401
h_p51_cp186,0.7208748434245535
h_p51_cp187,1.9515986566564152
h_p51_cp188,0.6963764577344591
h_p51_cp189,1.4184680524467694
h_p51_cp190,0.6451885093165401
h_p51_cp191,1.0046659034730965
h_p51_cp192,0.5737284400347562
h_p51_cp193,0.6939761620908484
h_p51_cp194,0.49062941318015874
h_p51_cp195,0.4677911393289378
h_p51_cp196,0.4044600114566492
h_p51_cp197,0.3078612318724936
h_p51_cp198,0.3221907729312079
h_p51_cp199,0.197892306427093
h_p51_cp200,0.24854491430369308
h_p51_cp201,0.12428352388724306
h_p51_cp202,0.18602160312275373
h_p51_cp203,0.07627689035962248
h_p51_cp204,0.1352970342200024
h_p51_cp205,0.04574513005672998
h_p51_cp206,0.09576286225728836
h_p51_cp207,0.02679394536903601
h_p51_cp208,0.06604863588790977
h_p51_cp209,0.0153043665441146
h_p51_cp210,0.04444932833484927
h_p51_cp211,0.00849507871384958
