                                   MODFLOW 6
                U.S. GEOLOGICAL SURVEY MODULAR HYDROLOGIC MODEL
                          GROUNDWATER FLOW MODEL (GWF)
                            VERSION 6.6.3 09/29/2025

   MODFLOW 6 compiled Oct 07 2025 23:07:48 with Intel(R) Fortran Intel(R) 64
   Compiler Classic for applications running on Intel(R) 64, Version 2021.7.0
                             Build 20220726_000000

This software has been approved for release by the U.S. Geological 
Survey (USGS). Although the software has been subjected to rigorous 
review, the USGS reserves the right to update the software as needed 
pursuant to further analysis and review. No warranty, expressed or 
implied, is made by the USGS or the U.S. Government as to the 
functionality of the software and related material nor shall the 
fact of release constitute any such warranty. Furthermore, the 
software is released on condition that neither the USGS nor the U.S. 
Government shall be held liable for any damages resulting from its 
authorized or unauthorized use. Also refer to the USGS Water 
Resources Software User Rights Notice for complete use, copyright, 
and distribution information.


As a work of the United States Government, this USGS product is 
in the public domain within the United States. You can copy, 
modify, distribute, and perform the work, even for commercial 
purposes, all without asking permission. Additionally, USGS 
waives copyright and related rights in the work worldwide 
through CC0 1.0 Universal Public Domain Dedication 
(https://creativecommons.org/publicdomain/zero/1.0/).

The following GNU Lesser General Public License (LGPL) libraries
are used in this USGS product:

    SPARSKIT version 2.0
      ilut, luson, and qsplit 
      (https://www-users.cse.umn.edu/~saad/software/SPARSKIT/)

    RCM - Reverse Cuthill McKee Ordering
      (https://people.math.sc.edu/Burkardt/f_src/rcm/rcm.html)

    BLAS - Basic Linear Algebra Subprograms Level 1
      (https://people.math.sc.edu/Burkardt/f_src/blas1_d/blas1_d.html)

    SPARSEKIT - Sparse Matrix Utility Package
      amux, dperm, dvperm, rperm, and cperm
      (https://people.sc.fsu.edu/~jburkardt/f77_src/sparsekit/sparsekit.html)

The following BSD-3 License libraries are used in this USGS product:

    Modern Fortran DAG Library
      Copyright (c) 2018, Jacob Williams
      All rights reserved.
      (https://github.com/jacobwilliams/daglib)

MODFLOW 6 compiler options: /O2 /heap-arrays:0 /fpe:0 /traceback /nologo /fpp
/c /module:win64\mod_mf6\ /object:win64\obj_mf6\

System command used to initiate simulation:
C:\Python\Personal\kfm-ms\codes\binaries\MODFLOW6\windows\mf6.exe

MODFLOW was compiled using uniform precision.

Real Variables
  KIND: 8
  TINY (smallest non-zero value):    2.225074-308
  HUGE (largest value):    1.797693+308
  PRECISION: 15
  SIZE IN BITS: 64

Integer Variables
  KIND: 4
  HUGE (largest value): 2147483647
  SIZE IN BITS: 32

Long Integer Variables
  KIND: 8
  HUGE (largest value): 9223372036854775807
  SIZE IN BITS: 64

Logical Variables
  KIND: 4
  SIZE IN BITS: 32
 
 NAMEFILE OPTIONS:
    FLOWS WILL BE SAVED TO BUDGET FILE SPECIFIED IN OUTPUT CONTROL
 END NAMEFILE OPTIONS:

 DIS -- STRUCTURED GRID DISCRETIZATION PACKAGE, VERSION 2 : 3/27/2014 - INPUT READ FROM MEMPATH: __INPUT__/PHANTOM_59/DIS                          


 NPF -- NODE PROPERTY FLOW PACKAGE, VERSION 1, 3/30/2015 INPUT READ FROM MEMPATH: __INPUT__/PHANTOM_59/NPF                          


 IC -- Initial Conditions Package, Version 8, 3/28/2015 input read from mempath: __INPUT__/PHANTOM_59/IC                           


 Setting Discretization Options
    XORIGIN = .000000000000000
    YORIGIN = .000000000000000
 End Setting Discretization Options

 Setting Discretization Dimensions
    NLAY = 1
    NROW = 116
    NCOL = 92
 End Setting Discretization Dimensions

 Setting Discretization Griddata
    DELR set from input file
    DELC set from input file
    TOP set from input file
    BOTM set from input file
    IDOMAIN set from input file
 End Setting Discretization Griddata

 Setting NPF Options
 End Setting NPF Options

 Setting NPF Griddata
    ICELLTYPE set from input file
    K set from input file
    K33 not provided.  Setting K33 = K.
    K22 not provided.  Setting K22 = K.
 End Setting NPF Griddata


 WEL -- WEL PACKAGE, VERSION 8, 2/22/2014 INPUT READ FROM MEMPATH: __INPUT__/PHANTOM_59/WEL                          

 PROCESSING WEL BASE OPTIONS
 END OF WEL BASE OPTIONS

 PROCESSING WEL OPTIONS
 END OF WEL OPTIONS

 PROCESSING WEL BASE DIMENSIONS
    MAXBOUND =       1
 END OF WEL BASE DIMENSIONS

 GHB -- GHB PACKAGE, VERSION 8, 2/22/2014 INPUT READ FROM MEMPATH: __INPUT__/PHANTOM_59/GHB                          

 PROCESSING GHB BASE OPTIONS
 END OF GHB BASE OPTIONS

 PROCESSING GHB OPTIONS
 END OF GHB OPTIONS

 PROCESSING GHB BASE DIMENSIONS
    MAXBOUND =     232
 END OF GHB BASE DIMENSIONS
    STRT set from input file

 STO -- STORAGE PACKAGE, VERSION 1, 5/19/2014 INPUT READ FROM MEMPATH: __INPUT__/PHANTOM_59/STO                          


 PROCESSING STORAGE OPTIONS
 END OF STORAGE OPTIONS
    BINARY GRID INFORMATION WILL BE WRITTEN TO:
      UNIT NUMBER: 1015
      FILE NAME: phantom_59.dis.grb

 OPENED phantom_59.dis.grb
 FILE TYPE:DATA(BINARY)   UNIT 1015   STATUS:REPLACE             
 FORMAT:UNFORMATTED            ACCESS:STREAM              
 ACTION:READWRITE           

      THE LAST TIME STEP WILL BE PRINTED
      THE LAST TIME STEP WILL BE PRINTED
 # File generated by Flopy version 3.10.0 on 06/11/2026 at 21:00:50.

 PROCESSING OC OPTIONS

    HEAD INFORMATION WILL BE WRITTEN TO:
      UNIT NUMBER: 1016
      FILE NAME: phantom_59.hds

 OPENED phantom_59.hds
 FILE TYPE:DATA(BINARY)   UNIT 1016   STATUS:REPLACE             
 FORMAT:UNFORMATTED            ACCESS:STREAM              
 ACTION:READWRITE           

 END OF OC OPTIONS

start timestep kper="1" kstp="1" mode="normal"


 BEGIN READING OUTPUT CONTROL FOR STRESS PERIOD 1
      ALL TIME STEPS WILL BE SAVED

 END READING OUTPUT CONTROL FOR STRESS PERIOD 1


 PROCESSING STORAGE PERIOD DATA
 END PROCESSING STORAGE PERIOD DATA


 STRESS PERIOD 1 IS TRANSIENT


 HEAD WILL BE SAVED ON UNIT 1016 AT END OF TIME STEP    1, STRESS PERIOD    1


  VOLUME BUDGET FOR ENTIRE MODEL AT END OF TIME STEP    1, STRESS PERIOD   1
  ---------------------------------------------------------------------------------------------------

     CUMULATIVE VOLUME      L**3       RATES FOR THIS TIME STEP      L**3/T          PACKAGE NAME    
     ------------------                 ------------------------                     ----------------

           IN:                                      IN:
           ---                                      ---
              STO-SS =      127063.5720                STO-SS =       18151.9389     STORAGE                          
                 WEL =           0.0000                   WEL =           0.0000     WEL                              
                 GHB =         103.5060                   GHB =          14.7866     GHB                              

            TOTAL IN =      127167.0780              TOTAL IN =       18166.7254

          OUT:                                     OUT:
          ----                                     ----
              STO-SS =      120063.5720                STO-SS =       17151.9389     STORAGE                          
                 WEL =        7000.0000                   WEL =        1000.0000     WEL                              
                 GHB =         103.5060                   GHB =          14.7866     GHB                              

           TOTAL OUT =      127167.0780             TOTAL OUT =       18166.7254

            IN - OUT =      -1.9236E-06              IN - OUT =      -2.7480E-07

 PERCENT DISCREPANCY =          -0.00     PERCENT DISCREPANCY =          -0.00




         TIME SUMMARY AT END OF TIME STEP    1 IN STRESS PERIOD    1
                    SECONDS     MINUTES      HOURS       DAYS        YEARS
                    -----------------------------------------------------------
   TIME STEP LENGTH 6.04800E+05  10080.      168.00      7.0000     1.91650E-02
 STRESS PERIOD TIME 6.04800E+05  10080.      168.00      7.0000     1.91650E-02
         TOTAL TIME 6.04800E+05  10080.      168.00      7.0000     1.91650E-02


end timestep


start timestep kper="2" kstp="1" mode="normal"


 END OF FILE DETECTED IN OUTPUT CONTROL.
 CURRENT OUTPUT CONTROL SETTINGS WILL BE 
 REPEATED UNTIL THE END OF THE SIMULATION.

 OUTPUT CONTROL FOR STRESS PERIOD 2 IS REPEATED USING SETTINGS FROM A PREVIOUS STRESS PERIOD.

 HEAD WILL BE SAVED ON UNIT 1016 AT END OF TIME STEP    1, STRESS PERIOD    2


  VOLUME BUDGET FOR ENTIRE MODEL AT END OF TIME STEP    1, STRESS PERIOD   2
  ---------------------------------------------------------------------------------------------------

     CUMULATIVE VOLUME      L**3       RATES FOR THIS TIME STEP      L**3/T          PACKAGE NAME    
     ------------------                 ------------------------                     ----------------

           IN:                                      IN:
           ---                                      ---
              STO-SS =      254044.8901                STO-SS =       18140.1883     STORAGE                          
                 WEL =           0.0000                   WEL =           0.0000     WEL                              
                 GHB =         289.2608                   GHB =          26.5364     GHB                              

            TOTAL IN =      254334.1509              TOTAL IN =       18166.7247

          OUT:                                     OUT:
          ----                                     ----
              STO-SS =      240044.8905                STO-SS =       17140.1884     STORAGE                          
                 WEL =       14000.0000                   WEL =        1000.0000     WEL                              
                 GHB =         289.2608                   GHB =          26.5364     GHB                              

           TOTAL OUT =      254334.1513             TOTAL OUT =       18166.7248

            IN - OUT =      -3.8917E-04              IN - OUT =      -5.5321E-05

 PERCENT DISCREPANCY =          -0.00     PERCENT DISCREPANCY =          -0.00




         TIME SUMMARY AT END OF TIME STEP    1 IN STRESS PERIOD    2
                    SECONDS     MINUTES      HOURS       DAYS        YEARS
                    -----------------------------------------------------------
   TIME STEP LENGTH 6.04800E+05  10080.      168.00      7.0000     1.91650E-02
 STRESS PERIOD TIME 6.04800E+05  10080.      168.00      7.0000     1.91650E-02
         TOTAL TIME 1.20960E+06  20160.      336.00      14.000     3.83299E-02


end timestep


start timestep kper="3" kstp="1" mode="normal"


 OUTPUT CONTROL FOR STRESS PERIOD 3 IS REPEATED USING SETTINGS FROM A PREVIOUS STRESS PERIOD.

 HEAD WILL BE SAVED ON UNIT 1016 AT END OF TIME STEP    1, STRESS PERIOD    3


  VOLUME BUDGET FOR ENTIRE MODEL AT END OF TIME STEP    1, STRESS PERIOD   3
  ---------------------------------------------------------------------------------------------------

     CUMULATIVE VOLUME      L**3       RATES FOR THIS TIME STEP      L**3/T          PACKAGE NAME    
     ------------------                 ------------------------                     ----------------

           IN:                                      IN:
           ---                                      ---
              STO-SS =      380957.4062                STO-SS =       18130.3595     STORAGE                          
                 WEL =           0.0000                   WEL =           0.0000     WEL                              
                 GHB =         543.8186                   GHB =          36.3654     GHB                              

            TOTAL IN =      381501.2249              TOTAL IN =       18166.7249

          OUT:                                     OUT:
          ----                                     ----
              STO-SS =      359957.4069                STO-SS =       17130.3595     STORAGE                          
                 WEL =       21000.0000                   WEL =        1000.0000     WEL                              
                 GHB =         543.8186                   GHB =          36.3654     GHB                              

           TOTAL OUT =      381501.2255             TOTAL OUT =       18166.7249

            IN - OUT =      -6.6736E-04              IN - OUT =      -3.9741E-05

 PERCENT DISCREPANCY =          -0.00     PERCENT DISCREPANCY =          -0.00




         TIME SUMMARY AT END OF TIME STEP    1 IN STRESS PERIOD    3
                    SECONDS     MINUTES      HOURS       DAYS        YEARS
                    -----------------------------------------------------------
   TIME STEP LENGTH 6.04800E+05  10080.      168.00      7.0000     1.91650E-02
 STRESS PERIOD TIME 6.04800E+05  10080.      168.00      7.0000     1.91650E-02
         TOTAL TIME 1.81440E+06  30240.      504.00      21.000     5.74949E-02


end timestep


start timestep kper="4" kstp="1" mode="normal"


 OUTPUT CONTROL FOR STRESS PERIOD 4 IS REPEATED USING SETTINGS FROM A PREVIOUS STRESS PERIOD.

 HEAD WILL BE SAVED ON UNIT 1016 AT END OF TIME STEP    1, STRESS PERIOD    4


  VOLUME BUDGET FOR ENTIRE MODEL AT END OF TIME STEP    1, STRESS PERIOD   4
  ---------------------------------------------------------------------------------------------------

     CUMULATIVE VOLUME      L**3       RATES FOR THIS TIME STEP      L**3/T          PACKAGE NAME    
     ------------------                 ------------------------                     ----------------

           IN:                                      IN:
           ---                                      ---
              STO-SS =      507810.1883                STO-SS =       18121.8260     STORAGE                          
                 WEL =           0.0000                   WEL =           0.0000     WEL                              
                 GHB =         858.1115                   GHB =          44.8990     GHB                              

            TOTAL IN =      508668.2999              TOTAL IN =       18166.7250

          OUT:                                     OUT:
          ----                                     ----
              STO-SS =      479810.1892                STO-SS =       17121.8260     STORAGE                          
                 WEL =       28000.0000                   WEL =        1000.0000     WEL                              
                 GHB =         858.1115                   GHB =          44.8990     GHB                              

           TOTAL OUT =      508668.3007             TOTAL OUT =       18166.7250

            IN - OUT =      -8.4871E-04              IN - OUT =      -2.5906E-05

 PERCENT DISCREPANCY =          -0.00     PERCENT DISCREPANCY =          -0.00




         TIME SUMMARY AT END OF TIME STEP    1 IN STRESS PERIOD    4
                    SECONDS     MINUTES      HOURS       DAYS        YEARS
                    -----------------------------------------------------------
   TIME STEP LENGTH 6.04800E+05  10080.      168.00      7.0000     1.91650E-02
 STRESS PERIOD TIME 6.04800E+05  10080.      168.00      7.0000     1.91650E-02
         TOTAL TIME 2.41920E+06  40320.      672.00      28.000     7.66598E-02


end timestep


start timestep kper="5" kstp="1" mode="normal"


 OUTPUT CONTROL FOR STRESS PERIOD 5 IS REPEATED USING SETTINGS FROM A PREVIOUS STRESS PERIOD.

 HEAD WILL BE SAVED ON UNIT 1016 AT END OF TIME STEP    1, STRESS PERIOD    5


  VOLUME BUDGET FOR ENTIRE MODEL AT END OF TIME STEP    1, STRESS PERIOD   5
  ---------------------------------------------------------------------------------------------------

     CUMULATIVE VOLUME      L**3       RATES FOR THIS TIME STEP      L**3/T          PACKAGE NAME    
     ------------------                 ------------------------                     ----------------

           IN:                                      IN:
           ---                                      ---
              STO-SS =      634609.7079                STO-SS =       18114.2171     STORAGE                          
                 WEL =           0.0000                   WEL =           0.0000     WEL                              
                 GHB =        1225.6676                   GHB =          52.5080     GHB                              

            TOTAL IN =      635835.3755              TOTAL IN =       18166.7251

          OUT:                                     OUT:
          ----                                     ----
              STO-SS =      599609.7089                STO-SS =       17114.2171     STORAGE                          
                 WEL =       35000.0000                   WEL =        1000.0000     WEL                              
                 GHB =        1225.6676                   GHB =          52.5080     GHB                              

           TOTAL OUT =      635835.3765             TOTAL OUT =       18166.7251

            IN - OUT =      -9.5602E-04              IN - OUT =      -1.5330E-05

 PERCENT DISCREPANCY =          -0.00     PERCENT DISCREPANCY =          -0.00




         TIME SUMMARY AT END OF TIME STEP    1 IN STRESS PERIOD    5
                    SECONDS     MINUTES      HOURS       DAYS        YEARS
                    -----------------------------------------------------------
   TIME STEP LENGTH 6.04800E+05  10080.      168.00      7.0000     1.91650E-02
 STRESS PERIOD TIME 6.04800E+05  10080.      168.00      7.0000     1.91650E-02
         TOTAL TIME 3.02400E+06  50400.      840.00      35.000     9.58248E-02


end timestep


start timestep kper="6" kstp="1" mode="normal"


 OUTPUT CONTROL FOR STRESS PERIOD 6 IS REPEATED USING SETTINGS FROM A PREVIOUS STRESS PERIOD.

 HEAD WILL BE SAVED ON UNIT 1016 AT END OF TIME STEP    1, STRESS PERIOD    6


  VOLUME BUDGET FOR ENTIRE MODEL AT END OF TIME STEP    1, STRESS PERIOD   6
  ---------------------------------------------------------------------------------------------------

     CUMULATIVE VOLUME      L**3       RATES FOR THIS TIME STEP      L**3/T          PACKAGE NAME    
     ------------------                 ------------------------                     ----------------

           IN:                                      IN:
           ---                                      ---
              STO-SS =      761360.8097                STO-SS =       18107.3003     STORAGE                          
                 WEL =           0.0000                   WEL =           0.0000     WEL                              
                 GHB =        1641.6415                   GHB =          59.4248     GHB                              

            TOTAL IN =      763002.4512              TOTAL IN =       18166.7251

          OUT:                                     OUT:
          ----                                     ----
              STO-SS =      719360.8108                STO-SS =       17107.3003     STORAGE                          
                 WEL =       42000.0000                   WEL =        1000.0000     WEL                              
                 GHB =        1641.6415                   GHB =          59.4248     GHB                              

           TOTAL OUT =      763002.4523             TOTAL OUT =       18166.7251

            IN - OUT =      -1.0237E-03              IN - OUT =      -9.6711E-06

 PERCENT DISCREPANCY =          -0.00     PERCENT DISCREPANCY =          -0.00




         TIME SUMMARY AT END OF TIME STEP    1 IN STRESS PERIOD    6
                    SECONDS     MINUTES      HOURS       DAYS        YEARS
                    -----------------------------------------------------------
   TIME STEP LENGTH 6.04800E+05  10080.      168.00      7.0000     1.91650E-02
 STRESS PERIOD TIME 6.04800E+05  10080.      168.00      7.0000     1.91650E-02
         TOTAL TIME 3.62880E+06  60480.      1008.0      42.000     0.11499    


end timestep


start timestep kper="7" kstp="1" mode="normal"


 OUTPUT CONTROL FOR STRESS PERIOD 7 IS REPEATED USING SETTINGS FROM A PREVIOUS STRESS PERIOD.

 HEAD WILL BE SAVED ON UNIT 1016 AT END OF TIME STEP    1, STRESS PERIOD    7


  VOLUME BUDGET FOR ENTIRE MODEL AT END OF TIME STEP    1, STRESS PERIOD   7
  ---------------------------------------------------------------------------------------------------

     CUMULATIVE VOLUME      L**3       RATES FOR THIS TIME STEP      L**3/T          PACKAGE NAME    
     ------------------                 ------------------------                     ----------------

           IN:                                      IN:
           ---                                      ---
              STO-SS =      888067.2659                STO-SS =       18100.9223     STORAGE                          
                 WEL =           0.0000                   WEL =           0.0000     WEL                              
                 GHB =        2102.2603                   GHB =          65.8027     GHB                              

            TOTAL IN =      890169.5263              TOTAL IN =       18166.7250

          OUT:                                     OUT:
          ----                                     ----
              STO-SS =      839067.2670                STO-SS =       17100.9223     STORAGE                          
                 WEL =       49000.0000                   WEL =        1000.0000     WEL                              
                 GHB =        2102.2603                   GHB =          65.8027     GHB                              

           TOTAL OUT =      890169.5274             TOTAL OUT =       18166.7250

            IN - OUT =      -1.0720E-03              IN - OUT =      -6.9027E-06

 PERCENT DISCREPANCY =          -0.00     PERCENT DISCREPANCY =          -0.00




         TIME SUMMARY AT END OF TIME STEP    1 IN STRESS PERIOD    7
                    SECONDS     MINUTES      HOURS       DAYS        YEARS
                    -----------------------------------------------------------
   TIME STEP LENGTH 6.04800E+05  10080.      168.00      7.0000     1.91650E-02
 STRESS PERIOD TIME 6.04800E+05  10080.      168.00      7.0000     1.91650E-02
         TOTAL TIME 4.23360E+06  70560.      1176.0      49.000     0.13415    


end timestep


start timestep kper="8" kstp="1" mode="normal"


 OUTPUT CONTROL FOR STRESS PERIOD 8 IS REPEATED USING SETTINGS FROM A PREVIOUS STRESS PERIOD.

 HEAD WILL BE SAVED ON UNIT 1016 AT END OF TIME STEP    1, STRESS PERIOD    8


  VOLUME BUDGET FOR ENTIRE MODEL AT END OF TIME STEP    1, STRESS PERIOD   8
  ---------------------------------------------------------------------------------------------------

     CUMULATIVE VOLUME      L**3       RATES FOR THIS TIME STEP      L**3/T          PACKAGE NAME    
     ------------------                 ------------------------                     ----------------

           IN:                                      IN:
           ---                                      ---
              STO-SS =     1014732.1080                STO-SS =       18094.9774     STORAGE                          
                 WEL =           0.0000                   WEL =           0.0000     WEL                              
                 GHB =        2604.4915                   GHB =          71.7473     GHB                              

            TOTAL IN =     1017336.5995              TOTAL IN =       18166.7247

          OUT:                                     OUT:
          ----                                     ----
              STO-SS =      958732.1091                STO-SS =       17094.9774     STORAGE                          
                 WEL =       56000.0000                   WEL =        1000.0000     WEL                              
                 GHB =        2604.4915                   GHB =          71.7473     GHB                              

           TOTAL OUT =     1017336.6006             TOTAL OUT =       18166.7248

            IN - OUT =      -1.1104E-03              IN - OUT =      -5.4806E-06

 PERCENT DISCREPANCY =          -0.00     PERCENT DISCREPANCY =          -0.00




         TIME SUMMARY AT END OF TIME STEP    1 IN STRESS PERIOD    8
                    SECONDS     MINUTES      HOURS       DAYS        YEARS
                    -----------------------------------------------------------
   TIME STEP LENGTH 6.04800E+05  10080.      168.00      7.0000     1.91650E-02
 STRESS PERIOD TIME 6.04800E+05  10080.      168.00      7.0000     1.91650E-02
         TOTAL TIME 4.83840E+06  80640.      1344.0      56.000     0.15332    


end timestep


start timestep kper="9" kstp="1" mode="normal"


 OUTPUT CONTROL FOR STRESS PERIOD 9 IS REPEATED USING SETTINGS FROM A PREVIOUS STRESS PERIOD.

 HEAD WILL BE SAVED ON UNIT 1016 AT END OF TIME STEP    1, STRESS PERIOD    9


  VOLUME BUDGET FOR ENTIRE MODEL AT END OF TIME STEP    1, STRESS PERIOD   9
  ---------------------------------------------------------------------------------------------------

     CUMULATIVE VOLUME      L**3       RATES FOR THIS TIME STEP      L**3/T          PACKAGE NAME    
     ------------------                 ------------------------                     ----------------

           IN:                                      IN:
           ---                                      ---
              STO-SS =     1141357.8348                STO-SS =       18089.3896     STORAGE                          
                 WEL =           0.0000                   WEL =           0.0000     WEL                              
                 GHB =        3145.8341                   GHB =          77.3347     GHB                              

            TOTAL IN =     1144503.6689              TOTAL IN =       18166.7242

          OUT:                                     OUT:
          ----                                     ----
              STO-SS =     1078357.8360                STO-SS =       17089.3896     STORAGE                          
                 WEL =       63000.0000                   WEL =        1000.0000     WEL                              
                 GHB =        3145.8341                   GHB =          77.3347     GHB                              

           TOTAL OUT =     1144503.6701             TOTAL OUT =       18166.7242

            IN - OUT =      -1.1427E-03              IN - OUT =      -4.6085E-06

 PERCENT DISCREPANCY =          -0.00     PERCENT DISCREPANCY =          -0.00




         TIME SUMMARY AT END OF TIME STEP    1 IN STRESS PERIOD    9
                    SECONDS     MINUTES      HOURS       DAYS        YEARS
                    -----------------------------------------------------------
   TIME STEP LENGTH 6.04800E+05  10080.      168.00      7.0000     1.91650E-02
 STRESS PERIOD TIME 6.04800E+05  10080.      168.00      7.0000     1.91650E-02
         TOTAL TIME 5.44320E+06  90720.      1512.0      63.000     0.17248    


end timestep


start timestep kper="10" kstp="1" mode="normal"


 OUTPUT CONTROL FOR STRESS PERIOD 10 IS REPEATED USING SETTINGS FROM A PREVIOUS STRESS PERIOD.

 HEAD WILL BE SAVED ON UNIT 1016 AT END OF TIME STEP    1, STRESS PERIOD   10


  VOLUME BUDGET FOR ENTIRE MODEL AT END OF TIME STEP    1, STRESS PERIOD  10
  ---------------------------------------------------------------------------------------------------

     CUMULATIVE VOLUME      L**3       RATES FOR THIS TIME STEP      L**3/T          PACKAGE NAME    
     ------------------                 ------------------------                     ----------------

           IN:                                      IN:
           ---                                      ---
              STO-SS =     1267946.5489                STO-SS =       18084.1020     STORAGE                          
                 WEL =           0.0000                   WEL =           0.0000     WEL                              
                 GHB =        3724.1821                   GHB =          82.6211     GHB                              

            TOTAL IN =     1271670.7311              TOTAL IN =       18166.7232

          OUT:                                     OUT:
          ----                                     ----
              STO-SS =     1197946.5501                STO-SS =       17084.1020     STORAGE                          
                 WEL =       70000.0000                   WEL =        1000.0000     WEL                              
                 GHB =        3724.1821                   GHB =          82.6211     GHB                              

           TOTAL OUT =     1271670.7322             TOTAL OUT =       18166.7232

            IN - OUT =      -1.1706E-03              IN - OUT =      -3.9902E-06

 PERCENT DISCREPANCY =          -0.00     PERCENT DISCREPANCY =          -0.00




         TIME SUMMARY AT END OF TIME STEP    1 IN STRESS PERIOD   10
                    SECONDS     MINUTES      HOURS       DAYS        YEARS
                    -----------------------------------------------------------
   TIME STEP LENGTH 6.04800E+05  10080.      168.00      7.0000     1.91650E-02
 STRESS PERIOD TIME 6.04800E+05  10080.      168.00      7.0000     1.91650E-02
         TOTAL TIME 6.04800E+06 1.00800E+05  1680.0      70.000     0.19165    


end timestep


start timestep kper="11" kstp="1" mode="normal"


 OUTPUT CONTROL FOR STRESS PERIOD 11 IS REPEATED USING SETTINGS FROM A PREVIOUS STRESS PERIOD.

 HEAD WILL BE SAVED ON UNIT 1016 AT END OF TIME STEP    1, STRESS PERIOD   11


  VOLUME BUDGET FOR ENTIRE MODEL AT END OF TIME STEP    1, STRESS PERIOD  11
  ---------------------------------------------------------------------------------------------------

     CUMULATIVE VOLUME      L**3       RATES FOR THIS TIME STEP      L**3/T          PACKAGE NAME    
     ------------------                 ------------------------                     ----------------

           IN:                                      IN:
           ---                                      ---
              STO-SS =     1394500.0484                STO-SS =       18079.0714     STORAGE                          
                 WEL =           0.0000                   WEL =           0.0000     WEL                              
                 GHB =        4337.7319                   GHB =          87.6500     GHB                              

            TOTAL IN =     1398837.7804              TOTAL IN =       18166.7213

          OUT:                                     OUT:
          ----                                     ----
              STO-SS =     1317500.0496                STO-SS =       17079.0714     STORAGE                          
                 WEL =       77000.0000                   WEL =        1000.0000     WEL                              
                 GHB =        4337.7319                   GHB =          87.6500     GHB                              

           TOTAL OUT =     1398837.7816             TOTAL OUT =       18166.7213

            IN - OUT =      -1.1954E-03              IN - OUT =      -3.5512E-06

 PERCENT DISCREPANCY =          -0.00     PERCENT DISCREPANCY =          -0.00




         TIME SUMMARY AT END OF TIME STEP    1 IN STRESS PERIOD   11
                    SECONDS     MINUTES      HOURS       DAYS        YEARS
                    -----------------------------------------------------------
   TIME STEP LENGTH 6.04800E+05  10080.      168.00      7.0000     1.91650E-02
 STRESS PERIOD TIME 6.04800E+05  10080.      168.00      7.0000     1.91650E-02
         TOTAL TIME 6.65280E+06 1.10880E+05  1848.0      77.000     0.21081    


end timestep


start timestep kper="12" kstp="1" mode="normal"


 OUTPUT CONTROL FOR STRESS PERIOD 12 IS REPEATED USING SETTINGS FROM A PREVIOUS STRESS PERIOD.

 HEAD WILL BE SAVED ON UNIT 1016 AT END OF TIME STEP    1, STRESS PERIOD   12


  VOLUME BUDGET FOR ENTIRE MODEL AT END OF TIME STEP    1, STRESS PERIOD  12
  ---------------------------------------------------------------------------------------------------

     CUMULATIVE VOLUME      L**3       RATES FOR THIS TIME STEP      L**3/T          PACKAGE NAME    
     ------------------                 ------------------------                     ----------------

           IN:                                      IN:
           ---                                      ---
              STO-SS =     1521019.8915                STO-SS =       18074.2633     STORAGE                          
                 WEL =           0.0000                   WEL =           0.0000     WEL                              
                 GHB =        4984.9166                   GHB =          92.4550     GHB                              

            TOTAL IN =     1526004.8081              TOTAL IN =       18166.7183

          OUT:                                     OUT:
          ----                                     ----
              STO-SS =     1437019.8927                STO-SS =       17074.2633     STORAGE                          
                 WEL =       84000.0000                   WEL =        1000.0000     WEL                              
                 GHB =        4984.9166                   GHB =          92.4550     GHB                              

           TOTAL OUT =     1526004.8093             TOTAL OUT =       18166.7183

            IN - OUT =      -1.2179E-03              IN - OUT =      -3.2063E-06

 PERCENT DISCREPANCY =          -0.00     PERCENT DISCREPANCY =          -0.00




         TIME SUMMARY AT END OF TIME STEP    1 IN STRESS PERIOD   12
                    SECONDS     MINUTES      HOURS       DAYS        YEARS
                    -----------------------------------------------------------
   TIME STEP LENGTH 6.04800E+05  10080.      168.00      7.0000     1.91650E-02
 STRESS PERIOD TIME 6.04800E+05  10080.      168.00      7.0000     1.91650E-02
         TOTAL TIME 7.25760E+06 1.20960E+05  2016.0      84.000     0.22998    


end timestep


start timestep kper="13" kstp="1" mode="normal"


 OUTPUT CONTROL FOR STRESS PERIOD 13 IS REPEATED USING SETTINGS FROM A PREVIOUS STRESS PERIOD.

 HEAD WILL BE SAVED ON UNIT 1016 AT END OF TIME STEP    1, STRESS PERIOD   13


  VOLUME BUDGET FOR ENTIRE MODEL AT END OF TIME STEP    1, STRESS PERIOD  13
  ---------------------------------------------------------------------------------------------------

     CUMULATIVE VOLUME      L**3       RATES FOR THIS TIME STEP      L**3/T          PACKAGE NAME    
     ------------------                 ------------------------                     ----------------

           IN:                                      IN:
           ---                                      ---
              STO-SS =     1647507.4427                STO-SS =       18069.6502     STORAGE                          
                 WEL =           0.0000                   WEL =           0.0000     WEL                              
                 GHB =        5664.3588                   GHB =          97.0632     GHB                              

            TOTAL IN =     1653171.8015              TOTAL IN =       18166.7133

          OUT:                                     OUT:
          ----                                     ----
              STO-SS =     1556507.4439                STO-SS =       17069.6502     STORAGE                          
                 WEL =       91000.0000                   WEL =        1000.0000     WEL                              
                 GHB =        5664.3588                   GHB =          97.0632     GHB                              

           TOTAL OUT =     1653171.8027             TOTAL OUT =       18166.7133

            IN - OUT =      -1.2382E-03              IN - OUT =      -2.9014E-06

 PERCENT DISCREPANCY =          -0.00     PERCENT DISCREPANCY =          -0.00




         TIME SUMMARY AT END OF TIME STEP    1 IN STRESS PERIOD   13
                    SECONDS     MINUTES      HOURS       DAYS        YEARS
                    -----------------------------------------------------------
   TIME STEP LENGTH 6.04800E+05  10080.      168.00      7.0000     1.91650E-02
 STRESS PERIOD TIME 6.04800E+05  10080.      168.00      7.0000     1.91650E-02
         TOTAL TIME 7.86240E+06 1.31040E+05  2184.0      91.000     0.24914    


end timestep


start timestep kper="14" kstp="1" mode="normal"


 OUTPUT CONTROL FOR STRESS PERIOD 14 IS REPEATED USING SETTINGS FROM A PREVIOUS STRESS PERIOD.

 HEAD WILL BE SAVED ON UNIT 1016 AT END OF TIME STEP    1, STRESS PERIOD   14


  VOLUME BUDGET FOR ENTIRE MODEL AT END OF TIME STEP    1, STRESS PERIOD  14
  ---------------------------------------------------------------------------------------------------

     CUMULATIVE VOLUME      L**3       RATES FOR THIS TIME STEP      L**3/T          PACKAGE NAME    
     ------------------                 ------------------------                     ----------------

           IN:                                      IN:
           ---                                      ---
              STO-SS =     1773963.9069                STO-SS =       18065.2092     STORAGE                          
                 WEL =           0.0000                   WEL =           0.0000     WEL                              
                 GHB =        6374.8354                   GHB =         101.4967     GHB                              

            TOTAL IN =     1780338.7423              TOTAL IN =       18166.7058

          OUT:                                     OUT:
          ----                                     ----
              STO-SS =     1675963.9082                STO-SS =       17065.2092     STORAGE                          
                 WEL =       98000.0000                   WEL =        1000.0000     WEL                              
                 GHB =        6374.8354                   GHB =         101.4967     GHB                              

           TOTAL OUT =     1780338.7435             TOTAL OUT =       18166.7058

            IN - OUT =      -1.2569E-03              IN - OUT =      -2.6664E-06

 PERCENT DISCREPANCY =          -0.00     PERCENT DISCREPANCY =          -0.00




         TIME SUMMARY AT END OF TIME STEP    1 IN STRESS PERIOD   14
                    SECONDS     MINUTES      HOURS       DAYS        YEARS
                    -----------------------------------------------------------
   TIME STEP LENGTH 6.04800E+05  10080.      168.00      7.0000     1.91650E-02
 STRESS PERIOD TIME 6.04800E+05  10080.      168.00      7.0000     1.91650E-02
         TOTAL TIME 8.46720E+06 1.41120E+05  2352.0      98.000     0.26831    


end timestep


start timestep kper="15" kstp="1" mode="normal"


 OUTPUT CONTROL FOR STRESS PERIOD 15 IS REPEATED USING SETTINGS FROM A PREVIOUS STRESS PERIOD.

 HEAD WILL BE SAVED ON UNIT 1016 AT END OF TIME STEP    1, STRESS PERIOD   15


  VOLUME BUDGET FOR ENTIRE MODEL AT END OF TIME STEP    1, STRESS PERIOD  15
  ---------------------------------------------------------------------------------------------------

     CUMULATIVE VOLUME      L**3       RATES FOR THIS TIME STEP      L**3/T          PACKAGE NAME    
     ------------------                 ------------------------                     ----------------

           IN:                                      IN:
           ---                                      ---
              STO-SS =     1900390.3547                STO-SS =       18060.9211     STORAGE                          
                 WEL =           0.0000                   WEL =           0.0000     WEL                              
                 GHB =        7115.2510                   GHB =         105.7737     GHB                              

            TOTAL IN =     1907505.6057              TOTAL IN =       18166.6948

          OUT:                                     OUT:
          ----                                     ----
              STO-SS =     1795390.3560                STO-SS =       17060.9211     STORAGE                          
                 WEL =      105000.0000                   WEL =        1000.0000     WEL                              
                 GHB =        7115.2510                   GHB =         105.7737     GHB                              

           TOTAL OUT =     1907505.6070             TOTAL OUT =       18166.6948

            IN - OUT =      -1.2742E-03              IN - OUT =      -2.4769E-06

 PERCENT DISCREPANCY =          -0.00     PERCENT DISCREPANCY =          -0.00




         TIME SUMMARY AT END OF TIME STEP    1 IN STRESS PERIOD   15
                    SECONDS     MINUTES      HOURS       DAYS        YEARS
                    -----------------------------------------------------------
   TIME STEP LENGTH 6.04800E+05  10080.      168.00      7.0000     1.91650E-02
 STRESS PERIOD TIME 6.04800E+05  10080.      168.00      7.0000     1.91650E-02
         TOTAL TIME 9.07200E+06 1.51200E+05  2520.0      105.00     0.28747    


end timestep


start timestep kper="16" kstp="1" mode="normal"


 OUTPUT CONTROL FOR STRESS PERIOD 16 IS REPEATED USING SETTINGS FROM A PREVIOUS STRESS PERIOD.

 HEAD WILL BE SAVED ON UNIT 1016 AT END OF TIME STEP    1, STRESS PERIOD   16


  VOLUME BUDGET FOR ENTIRE MODEL AT END OF TIME STEP    1, STRESS PERIOD  16
  ---------------------------------------------------------------------------------------------------

     CUMULATIVE VOLUME      L**3       RATES FOR THIS TIME STEP      L**3/T          PACKAGE NAME    
     ------------------                 ------------------------                     ----------------

           IN:                                      IN:
           ---                                      ---
              STO-SS =     2026787.7421                STO-SS =       18056.7696     STORAGE                          
                 WEL =           0.0000                   WEL =           0.0000     WEL                              
                 GHB =        7884.6172                   GHB =         109.9095     GHB                              

            TOTAL IN =     2034672.3594              TOTAL IN =       18166.6791

          OUT:                                     OUT:
          ----                                     ----
              STO-SS =     1914787.7434                STO-SS =       17056.7696     STORAGE                          
                 WEL =      112000.0000                   WEL =        1000.0000     WEL                              
                 GHB =        7884.6172                   GHB =         109.9095     GHB                              

           TOTAL OUT =     2034672.3606             TOTAL OUT =       18166.6791

            IN - OUT =      -1.2904E-03              IN - OUT =      -2.3168E-06

 PERCENT DISCREPANCY =          -0.00     PERCENT DISCREPANCY =          -0.00




         TIME SUMMARY AT END OF TIME STEP    1 IN STRESS PERIOD   16
                    SECONDS     MINUTES      HOURS       DAYS        YEARS
                    -----------------------------------------------------------
   TIME STEP LENGTH 6.04800E+05  10080.      168.00      7.0000     1.91650E-02
 STRESS PERIOD TIME 6.04800E+05  10080.      168.00      7.0000     1.91650E-02
         TOTAL TIME 9.67680E+06 1.61280E+05  2688.0      112.00     0.30664    


end timestep


start timestep kper="17" kstp="1" mode="normal"


 OUTPUT CONTROL FOR STRESS PERIOD 17 IS REPEATED USING SETTINGS FROM A PREVIOUS STRESS PERIOD.

 HEAD WILL BE SAVED ON UNIT 1016 AT END OF TIME STEP    1, STRESS PERIOD   17


  VOLUME BUDGET FOR ENTIRE MODEL AT END OF TIME STEP    1, STRESS PERIOD  17
  ---------------------------------------------------------------------------------------------------

     CUMULATIVE VOLUME      L**3       RATES FOR THIS TIME STEP      L**3/T          PACKAGE NAME    
     ------------------                 ------------------------                     ----------------

           IN:                                      IN:
           ---                                      ---
              STO-SS =     2153156.9244                STO-SS =       18052.7403     STORAGE                          
                 WEL =           0.0000                   WEL =           0.0000     WEL                              
                 GHB =        8682.0362                   GHB =         113.9170     GHB                              

            TOTAL IN =     2161838.9606              TOTAL IN =       18166.6573

          OUT:                                     OUT:
          ----                                     ----
              STO-SS =     2034156.9257                STO-SS =       17052.7403     STORAGE                          
                 WEL =      119000.0000                   WEL =        1000.0000     WEL                              
                 GHB =        8682.0362                   GHB =         113.9170     GHB                              

           TOTAL OUT =     2161838.9619             TOTAL OUT =       18166.6573

            IN - OUT =      -1.3057E-03              IN - OUT =      -2.1840E-06

 PERCENT DISCREPANCY =          -0.00     PERCENT DISCREPANCY =          -0.00




         TIME SUMMARY AT END OF TIME STEP    1 IN STRESS PERIOD   17
                    SECONDS     MINUTES      HOURS       DAYS        YEARS
                    -----------------------------------------------------------
   TIME STEP LENGTH 6.04800E+05  10080.      168.00      7.0000     1.91650E-02
 STRESS PERIOD TIME 6.04800E+05  10080.      168.00      7.0000     1.91650E-02
         TOTAL TIME 1.02816E+07 1.71360E+05  2856.0      119.00     0.32580    


end timestep


start timestep kper="18" kstp="1" mode="normal"


 OUTPUT CONTROL FOR STRESS PERIOD 18 IS REPEATED USING SETTINGS FROM A PREVIOUS STRESS PERIOD.

 HEAD WILL BE SAVED ON UNIT 1016 AT END OF TIME STEP    1, STRESS PERIOD   18


  VOLUME BUDGET FOR ENTIRE MODEL AT END OF TIME STEP    1, STRESS PERIOD  18
  ---------------------------------------------------------------------------------------------------

     CUMULATIVE VOLUME      L**3       RATES FOR THIS TIME STEP      L**3/T          PACKAGE NAME    
     ------------------                 ------------------------                     ----------------

           IN:                                      IN:
           ---                                      ---
              STO-SS =     2279498.6675                STO-SS =       18048.8204     STORAGE                          
                 WEL =           0.0000                   WEL =           0.0000     WEL                              
                 GHB =        9506.6878                   GHB =         117.8074     GHB                              

            TOTAL IN =     2289005.3553              TOTAL IN =       18166.6278

          OUT:                                     OUT:
          ----                                     ----
              STO-SS =     2153498.6688                STO-SS =       17048.8204     STORAGE                          
                 WEL =      126000.0000                   WEL =        1000.0000     WEL                              
                 GHB =        9506.6878                   GHB =         117.8074     GHB                              

           TOTAL OUT =     2289005.3566             TOTAL OUT =       18166.6278

            IN - OUT =      -1.3203E-03              IN - OUT =      -2.0849E-06

 PERCENT DISCREPANCY =          -0.00     PERCENT DISCREPANCY =          -0.00




         TIME SUMMARY AT END OF TIME STEP    1 IN STRESS PERIOD   18
                    SECONDS     MINUTES      HOURS       DAYS        YEARS
                    -----------------------------------------------------------
   TIME STEP LENGTH 6.04800E+05  10080.      168.00      7.0000     1.91650E-02
 STRESS PERIOD TIME 6.04800E+05  10080.      168.00      7.0000     1.91650E-02
         TOTAL TIME 1.08864E+07 1.81440E+05  3024.0      126.00     0.34497    


end timestep


start timestep kper="19" kstp="1" mode="normal"


 OUTPUT CONTROL FOR STRESS PERIOD 19 IS REPEATED USING SETTINGS FROM A PREVIOUS STRESS PERIOD.

 HEAD WILL BE SAVED ON UNIT 1016 AT END OF TIME STEP    1, STRESS PERIOD   19


  VOLUME BUDGET FOR ENTIRE MODEL AT END OF TIME STEP    1, STRESS PERIOD  19
  ---------------------------------------------------------------------------------------------------

     CUMULATIVE VOLUME      L**3       RATES FOR THIS TIME STEP      L**3/T          PACKAGE NAME    
     ------------------                 ------------------------                     ----------------

           IN:                                      IN:
           ---                                      ---
              STO-SS =     2405813.6572                STO-SS =       18044.9985     STORAGE                          
                 WEL =           0.0000                   WEL =           0.0000     WEL                              
                 GHB =       10357.8189                   GHB =         121.5902     GHB                              

            TOTAL IN =     2416171.4761              TOTAL IN =       18166.5887

          OUT:                                     OUT:
          ----                                     ----
              STO-SS =     2272813.6585                STO-SS =       17044.9985     STORAGE                          
                 WEL =      133000.0000                   WEL =        1000.0000     WEL                              
                 GHB =       10357.8189                   GHB =         121.5902     GHB                              

           TOTAL OUT =     2416171.4774             TOTAL OUT =       18166.5887

            IN - OUT =      -1.3342E-03              IN - OUT =      -1.9859E-06

 PERCENT DISCREPANCY =          -0.00     PERCENT DISCREPANCY =          -0.00




         TIME SUMMARY AT END OF TIME STEP    1 IN STRESS PERIOD   19
                    SECONDS     MINUTES      HOURS       DAYS        YEARS
                    -----------------------------------------------------------
   TIME STEP LENGTH 6.04800E+05  10080.      168.00      7.0000     1.91650E-02
 STRESS PERIOD TIME 6.04800E+05  10080.      168.00      7.0000     1.91650E-02
         TOTAL TIME 1.14912E+07 1.91520E+05  3192.0      133.00     0.36413    


end timestep


start timestep kper="20" kstp="1" mode="normal"


 OUTPUT CONTROL FOR STRESS PERIOD 20 IS REPEATED USING SETTINGS FROM A PREVIOUS STRESS PERIOD.

 HEAD WILL BE SAVED ON UNIT 1016 AT END OF TIME STEP    1, STRESS PERIOD   20


  VOLUME BUDGET FOR ENTIRE MODEL AT END OF TIME STEP    1, STRESS PERIOD  20
  ---------------------------------------------------------------------------------------------------

     CUMULATIVE VOLUME      L**3       RATES FOR THIS TIME STEP      L**3/T          PACKAGE NAME    
     ------------------                 ------------------------                     ----------------

           IN:                                      IN:
           ---                                      ---
              STO-SS =     2532102.5061                STO-SS =       18041.2641     STORAGE                          
                 WEL =           0.0000                   WEL =           0.0000     WEL                              
                 GHB =       11234.7349                   GHB =         125.2737     GHB                              

            TOTAL IN =     2543337.2410              TOTAL IN =       18166.5378

          OUT:                                     OUT:
          ----                                     ----
              STO-SS =     2392102.5074                STO-SS =       17041.2641     STORAGE                          
                 WEL =      140000.0000                   WEL =        1000.0000     WEL                              
                 GHB =       11234.7349                   GHB =         125.2737     GHB                              

           TOTAL OUT =     2543337.2423             TOTAL OUT =       18166.5378

            IN - OUT =      -1.3477E-03              IN - OUT =      -1.9220E-06

 PERCENT DISCREPANCY =          -0.00     PERCENT DISCREPANCY =          -0.00




         TIME SUMMARY AT END OF TIME STEP    1 IN STRESS PERIOD   20
                    SECONDS     MINUTES      HOURS       DAYS        YEARS
                    -----------------------------------------------------------
   TIME STEP LENGTH 6.04800E+05  10080.      168.00      7.0000     1.91650E-02
 STRESS PERIOD TIME 6.04800E+05  10080.      168.00      7.0000     1.91650E-02
         TOTAL TIME 1.20960E+07 2.01600E+05  3360.0      140.00     0.38330    


end timestep


start timestep kper="21" kstp="1" mode="normal"


 OUTPUT CONTROL FOR STRESS PERIOD 21 IS REPEATED USING SETTINGS FROM A PREVIOUS STRESS PERIOD.

 HEAD WILL BE SAVED ON UNIT 1016 AT END OF TIME STEP    1, STRESS PERIOD   21


  VOLUME BUDGET FOR ENTIRE MODEL AT END OF TIME STEP    1, STRESS PERIOD  21
  ---------------------------------------------------------------------------------------------------

     CUMULATIVE VOLUME      L**3       RATES FOR THIS TIME STEP      L**3/T          PACKAGE NAME    
     ------------------                 ------------------------                     ----------------

           IN:                                      IN:
           ---                                      ---
              STO-SS =     2658365.7590                STO-SS =       18037.6076     STORAGE                          
                 WEL =           0.0000                   WEL =           0.0000     WEL                              
                 GHB =       12136.7923                   GHB =         128.8653     GHB                              

            TOTAL IN =     2670502.5513              TOTAL IN =       18166.4729

          OUT:                                     OUT:
          ----                                     ----
              STO-SS =     2511365.7604                STO-SS =       17037.6076     STORAGE                          
                 WEL =      147000.0000                   WEL =        1000.0000     WEL                              
                 GHB =       12136.7923                   GHB =         128.8653     GHB                              

           TOTAL OUT =     2670502.5527             TOTAL OUT =       18166.4729

            IN - OUT =      -1.3607E-03              IN - OUT =      -1.8653E-06

 PERCENT DISCREPANCY =          -0.00     PERCENT DISCREPANCY =          -0.00




         TIME SUMMARY AT END OF TIME STEP    1 IN STRESS PERIOD   21
                    SECONDS     MINUTES      HOURS       DAYS        YEARS
                    -----------------------------------------------------------
   TIME STEP LENGTH 6.04800E+05  10080.      168.00      7.0000     1.91650E-02
 STRESS PERIOD TIME 6.04800E+05  10080.      168.00      7.0000     1.91650E-02
         TOTAL TIME 1.27008E+07 2.11680E+05  3528.0      147.00     0.40246    


end timestep


start timestep kper="22" kstp="1" mode="normal"


 OUTPUT CONTROL FOR STRESS PERIOD 22 IS REPEATED USING SETTINGS FROM A PREVIOUS STRESS PERIOD.

 HEAD WILL BE SAVED ON UNIT 1016 AT END OF TIME STEP    1, STRESS PERIOD   22


  VOLUME BUDGET FOR ENTIRE MODEL AT END OF TIME STEP    1, STRESS PERIOD  22
  ---------------------------------------------------------------------------------------------------

     CUMULATIVE VOLUME      L**3       RATES FOR THIS TIME STEP      L**3/T          PACKAGE NAME    
     ------------------                 ------------------------                     ----------------

           IN:                                      IN:
           ---                                      ---
              STO-SS =     2784603.8980                STO-SS =       18034.0199     STORAGE                          
                 WEL =           0.0000                   WEL =           0.0000     WEL                              
                 GHB =       13063.3930                   GHB =         132.3715     GHB                              

            TOTAL IN =     2797667.2910              TOTAL IN =       18166.3914

          OUT:                                     OUT:
          ----                                     ----
              STO-SS =     2630603.8994                STO-SS =       17034.0199     STORAGE                          
                 WEL =      154000.0000                   WEL =        1000.0000     WEL                              
                 GHB =       13063.3930                   GHB =         132.3715     GHB                              

           TOTAL OUT =     2797667.2924             TOTAL OUT =       18166.3914

            IN - OUT =      -1.3733E-03              IN - OUT =      -1.7974E-06

 PERCENT DISCREPANCY =          -0.00     PERCENT DISCREPANCY =          -0.00




         TIME SUMMARY AT END OF TIME STEP    1 IN STRESS PERIOD   22
                    SECONDS     MINUTES      HOURS       DAYS        YEARS
                    -----------------------------------------------------------
   TIME STEP LENGTH 6.04800E+05  10080.      168.00      7.0000     1.91650E-02
 STRESS PERIOD TIME 6.04800E+05  10080.      168.00      7.0000     1.91650E-02
         TOTAL TIME 1.33056E+07 2.21760E+05  3696.0      154.00     0.42163    


end timestep


start timestep kper="23" kstp="1" mode="normal"


 OUTPUT CONTROL FOR STRESS PERIOD 23 IS REPEATED USING SETTINGS FROM A PREVIOUS STRESS PERIOD.

 HEAD WILL BE SAVED ON UNIT 1016 AT END OF TIME STEP    1, STRESS PERIOD   23


  VOLUME BUDGET FOR ENTIRE MODEL AT END OF TIME STEP    1, STRESS PERIOD  23
  ---------------------------------------------------------------------------------------------------

     CUMULATIVE VOLUME      L**3       RATES FOR THIS TIME STEP      L**3/T          PACKAGE NAME    
     ------------------                 ------------------------                     ----------------

           IN:                                      IN:
           ---                                      ---
              STO-SS =     2910817.3462                STO-SS =       18030.4926     STORAGE                          
                 WEL =           0.0000                   WEL =           0.0000     WEL                              
                 GHB =       14013.9789                   GHB =         135.7980     GHB                              

            TOTAL IN =     2924831.3252              TOTAL IN =       18166.2906

          OUT:                                     OUT:
          ----                                     ----
              STO-SS =     2749817.3476                STO-SS =       17030.4926     STORAGE                          
                 WEL =      161000.0000                   WEL =        1000.0000     WEL                              
                 GHB =       14013.9789                   GHB =         135.7980     GHB                              

           TOTAL OUT =     2924831.3265             TOTAL OUT =       18166.2906

            IN - OUT =      -1.3856E-03              IN - OUT =      -1.7574E-06

 PERCENT DISCREPANCY =          -0.00     PERCENT DISCREPANCY =          -0.00




         TIME SUMMARY AT END OF TIME STEP    1 IN STRESS PERIOD   23
                    SECONDS     MINUTES      HOURS       DAYS        YEARS
                    -----------------------------------------------------------
   TIME STEP LENGTH 6.04800E+05  10080.      168.00      7.0000     1.91650E-02
 STRESS PERIOD TIME 6.04800E+05  10080.      168.00      7.0000     1.91650E-02
         TOTAL TIME 1.39104E+07 2.31840E+05  3864.0      161.00     0.44079    


end timestep


start timestep kper="24" kstp="1" mode="normal"


 OUTPUT CONTROL FOR STRESS PERIOD 24 IS REPEATED USING SETTINGS FROM A PREVIOUS STRESS PERIOD.

 HEAD WILL BE SAVED ON UNIT 1016 AT END OF TIME STEP    1, STRESS PERIOD   24


  VOLUME BUDGET FOR ENTIRE MODEL AT END OF TIME STEP    1, STRESS PERIOD  24
  ---------------------------------------------------------------------------------------------------

     CUMULATIVE VOLUME      L**3       RATES FOR THIS TIME STEP      L**3/T          PACKAGE NAME    
     ------------------                 ------------------------                     ----------------

           IN:                                      IN:
           ---                                      ---
              STO-SS =     3037006.4731                STO-SS =       18027.0181     STORAGE                          
                 WEL =           0.0000                   WEL =           0.0000     WEL                              
                 GHB =       14988.0281                   GHB =         139.1499     GHB                              

            TOTAL IN =     3051994.5012              TOTAL IN =       18166.1680

          OUT:                                     OUT:
          ----                                     ----
              STO-SS =     2869006.4745                STO-SS =       17027.0181     STORAGE                          
                 WEL =      168000.0000                   WEL =        1000.0000     WEL                              
                 GHB =       14988.0281                   GHB =         139.1499     GHB                              

           TOTAL OUT =     3051994.5026             TOTAL OUT =       18166.1680

            IN - OUT =      -1.3975E-03              IN - OUT =      -1.7050E-06

 PERCENT DISCREPANCY =          -0.00     PERCENT DISCREPANCY =          -0.00




         TIME SUMMARY AT END OF TIME STEP    1 IN STRESS PERIOD   24
                    SECONDS     MINUTES      HOURS       DAYS        YEARS
                    -----------------------------------------------------------
   TIME STEP LENGTH 6.04800E+05  10080.      168.00      7.0000     1.91650E-02
 STRESS PERIOD TIME 6.04800E+05  10080.      168.00      7.0000     1.91650E-02
         TOTAL TIME 1.45152E+07 2.41920E+05  4032.0      168.00     0.45996    


end timestep


start timestep kper="25" kstp="1" mode="normal"


 OUTPUT CONTROL FOR STRESS PERIOD 25 IS REPEATED USING SETTINGS FROM A PREVIOUS STRESS PERIOD.

 HEAD WILL BE SAVED ON UNIT 1016 AT END OF TIME STEP    1, STRESS PERIOD   25


  VOLUME BUDGET FOR ENTIRE MODEL AT END OF TIME STEP    1, STRESS PERIOD  25
  ---------------------------------------------------------------------------------------------------

     CUMULATIVE VOLUME      L**3       RATES FOR THIS TIME STEP      L**3/T          PACKAGE NAME    
     ------------------                 ------------------------                     ----------------

           IN:                                      IN:
           ---                                      ---
              STO-SS =     3163171.5939                STO-SS =       18023.5887     STORAGE                          
                 WEL =           0.0000                   WEL =           0.0000     WEL                              
                 GHB =       15985.0506                   GHB =         142.4318     GHB                              

            TOTAL IN =     3179156.6445              TOTAL IN =       18166.0205

          OUT:                                     OUT:
          ----                                     ----
              STO-SS =     2988171.5953                STO-SS =       17023.5887     STORAGE                          
                 WEL =      175000.0000                   WEL =        1000.0000     WEL                              
                 GHB =       15985.0506                   GHB =         142.4318     GHB                              

           TOTAL OUT =     3179156.6459             TOTAL OUT =       18166.0205

            IN - OUT =      -1.4093E-03              IN - OUT =      -1.6745E-06

 PERCENT DISCREPANCY =          -0.00     PERCENT DISCREPANCY =          -0.00




         TIME SUMMARY AT END OF TIME STEP    1 IN STRESS PERIOD   25
                    SECONDS     MINUTES      HOURS       DAYS        YEARS
                    -----------------------------------------------------------
   TIME STEP LENGTH 6.04800E+05  10080.      168.00      7.0000     1.91650E-02
 STRESS PERIOD TIME 6.04800E+05  10080.      168.00      7.0000     1.91650E-02
         TOTAL TIME 1.51200E+07 2.52000E+05  4200.0      175.00     0.47912    


end timestep


start timestep kper="26" kstp="1" mode="normal"


 OUTPUT CONTROL FOR STRESS PERIOD 26 IS REPEATED USING SETTINGS FROM A PREVIOUS STRESS PERIOD.

 HEAD WILL BE SAVED ON UNIT 1016 AT END OF TIME STEP    1, STRESS PERIOD   26


  VOLUME BUDGET FOR ENTIRE MODEL AT END OF TIME STEP    1, STRESS PERIOD  26
  ---------------------------------------------------------------------------------------------------

     CUMULATIVE VOLUME      L**3       RATES FOR THIS TIME STEP      L**3/T          PACKAGE NAME    
     ------------------                 ------------------------                     ----------------

           IN:                                      IN:
           ---                                      ---
              STO-SS =     3289312.9725                STO-SS =       18020.1969     STORAGE                          
                 WEL =           0.0000                   WEL =           0.0000     WEL                              
                 GHB =       17004.5855                   GHB =         145.6478     GHB                              

            TOTAL IN =     3306317.5580              TOTAL IN =       18165.8448

          OUT:                                     OUT:
          ----                                     ----
              STO-SS =     3107312.9739                STO-SS =       17020.1969     STORAGE                          
                 WEL =      182000.0000                   WEL =        1000.0000     WEL                              
                 GHB =       17004.5855                   GHB =         145.6478     GHB                              

           TOTAL OUT =     3306317.5594             TOTAL OUT =       18165.8448

            IN - OUT =      -1.4208E-03              IN - OUT =      -1.6451E-06

 PERCENT DISCREPANCY =          -0.00     PERCENT DISCREPANCY =          -0.00




         TIME SUMMARY AT END OF TIME STEP    1 IN STRESS PERIOD   26
                    SECONDS     MINUTES      HOURS       DAYS        YEARS
                    -----------------------------------------------------------
   TIME STEP LENGTH 6.04800E+05  10080.      168.00      7.0000     1.91650E-02
 STRESS PERIOD TIME 6.04800E+05  10080.      168.00      7.0000     1.91650E-02
         TOTAL TIME 1.57248E+07 2.62080E+05  4368.0      182.00     0.49829    


end timestep


start timestep kper="27" kstp="1" mode="normal"


 OUTPUT CONTROL FOR STRESS PERIOD 27 IS REPEATED USING SETTINGS FROM A PREVIOUS STRESS PERIOD.

 HEAD WILL BE SAVED ON UNIT 1016 AT END OF TIME STEP    1, STRESS PERIOD   27


  VOLUME BUDGET FOR ENTIRE MODEL AT END OF TIME STEP    1, STRESS PERIOD  27
  ---------------------------------------------------------------------------------------------------

     CUMULATIVE VOLUME      L**3       RATES FOR THIS TIME STEP      L**3/T          PACKAGE NAME    
     ------------------                 ------------------------                     ----------------

           IN:                                      IN:
           ---                                      ---
              STO-SS =     3415430.8239                STO-SS =       18016.8359     STORAGE                          
                 WEL =           0.0000                   WEL =           0.0000     WEL                              
                 GHB =       18046.1983                   GHB =         148.8018     GHB                              

            TOTAL IN =     3433477.0222              TOTAL IN =       18165.6377

          OUT:                                     OUT:
          ----                                     ----
              STO-SS =     3226430.8253                STO-SS =       17016.8359     STORAGE                          
                 WEL =      189000.0000                   WEL =        1000.0000     WEL                              
                 GHB =       18046.1983                   GHB =         148.8018     GHB                              

           TOTAL OUT =     3433477.0236             TOTAL OUT =       18165.6377

            IN - OUT =      -1.4320E-03              IN - OUT =      -1.6027E-06

 PERCENT DISCREPANCY =          -0.00     PERCENT DISCREPANCY =          -0.00




         TIME SUMMARY AT END OF TIME STEP    1 IN STRESS PERIOD   27
                    SECONDS     MINUTES      HOURS       DAYS        YEARS
                    -----------------------------------------------------------
   TIME STEP LENGTH 6.04800E+05  10080.      168.00      7.0000     1.91650E-02
 STRESS PERIOD TIME 6.04800E+05  10080.      168.00      7.0000     1.91650E-02
         TOTAL TIME 1.63296E+07 2.72160E+05  4536.0      189.00     0.51745    


end timestep


start timestep kper="28" kstp="1" mode="normal"


 OUTPUT CONTROL FOR STRESS PERIOD 28 IS REPEATED USING SETTINGS FROM A PREVIOUS STRESS PERIOD.

 HEAD WILL BE SAVED ON UNIT 1016 AT END OF TIME STEP    1, STRESS PERIOD   28


  VOLUME BUDGET FOR ENTIRE MODEL AT END OF TIME STEP    1, STRESS PERIOD  28
  ---------------------------------------------------------------------------------------------------

     CUMULATIVE VOLUME      L**3       RATES FOR THIS TIME STEP      L**3/T          PACKAGE NAME    
     ------------------                 ------------------------                     ----------------

           IN:                                      IN:
           ---                                      ---
              STO-SS =     3541525.3160                STO-SS =       18013.4989     STORAGE                          
                 WEL =           0.0000                   WEL =           0.0000     WEL                              
                 GHB =       19109.4783                   GHB =         151.8971     GHB                              

            TOTAL IN =     3560634.7944              TOTAL IN =       18165.3960

          OUT:                                     OUT:
          ----                                     ----
              STO-SS =     3345525.3175                STO-SS =       17013.4989     STORAGE                          
                 WEL =      196000.0000                   WEL =        1000.0000     WEL                              
                 GHB =       19109.4783                   GHB =         151.8971     GHB                              

           TOTAL OUT =     3560634.7958             TOTAL OUT =       18165.3960

            IN - OUT =      -1.4431E-03              IN - OUT =      -1.5859E-06

 PERCENT DISCREPANCY =          -0.00     PERCENT DISCREPANCY =          -0.00




         TIME SUMMARY AT END OF TIME STEP    1 IN STRESS PERIOD   28
                    SECONDS     MINUTES      HOURS       DAYS        YEARS
                    -----------------------------------------------------------
   TIME STEP LENGTH 6.04800E+05  10080.      168.00      7.0000     1.91650E-02
 STRESS PERIOD TIME 6.04800E+05  10080.      168.00      7.0000     1.91650E-02
         TOTAL TIME 1.69344E+07 2.82240E+05  4704.0      196.00     0.53662    


end timestep


start timestep kper="29" kstp="1" mode="normal"


 OUTPUT CONTROL FOR STRESS PERIOD 29 IS REPEATED USING SETTINGS FROM A PREVIOUS STRESS PERIOD.

 HEAD WILL BE SAVED ON UNIT 1016 AT END OF TIME STEP    1, STRESS PERIOD   29


  VOLUME BUDGET FOR ENTIRE MODEL AT END OF TIME STEP    1, STRESS PERIOD  29
  ---------------------------------------------------------------------------------------------------

     CUMULATIVE VOLUME      L**3       RATES FOR THIS TIME STEP      L**3/T          PACKAGE NAME    
     ------------------                 ------------------------                     ----------------

           IN:                                      IN:
           ---                                      ---
              STO-SS =     3667596.5770                STO-SS =       18010.1801     STORAGE                          
                 WEL =           0.0000                   WEL =           0.0000     WEL                              
                 GHB =       20194.0366                   GHB =         154.9369     GHB                              

            TOTAL IN =     3687790.6135              TOTAL IN =       18165.1170

          OUT:                                     OUT:
          ----                                     ----
              STO-SS =     3464596.5784                STO-SS =       17010.1801     STORAGE                          
                 WEL =      203000.0000                   WEL =        1000.0000     WEL                              
                 GHB =       20194.0366                   GHB =         154.9369     GHB                              

           TOTAL OUT =     3687790.6150             TOTAL OUT =       18165.1170

            IN - OUT =      -1.4539E-03              IN - OUT =      -1.5476E-06

 PERCENT DISCREPANCY =          -0.00     PERCENT DISCREPANCY =          -0.00




         TIME SUMMARY AT END OF TIME STEP    1 IN STRESS PERIOD   29
                    SECONDS     MINUTES      HOURS       DAYS        YEARS
                    -----------------------------------------------------------
   TIME STEP LENGTH 6.04800E+05  10080.      168.00      7.0000     1.91650E-02
 STRESS PERIOD TIME 6.04800E+05  10080.      168.00      7.0000     1.91650E-02
         TOTAL TIME 1.75392E+07 2.92320E+05  4872.0      203.00     0.55578    


end timestep


start timestep kper="30" kstp="1" mode="normal"


 OUTPUT CONTROL FOR STRESS PERIOD 30 IS REPEATED USING SETTINGS FROM A PREVIOUS STRESS PERIOD.

 HEAD WILL BE SAVED ON UNIT 1016 AT END OF TIME STEP    1, STRESS PERIOD   30


  VOLUME BUDGET FOR ENTIRE MODEL AT END OF TIME STEP    1, STRESS PERIOD  30
  ---------------------------------------------------------------------------------------------------

     CUMULATIVE VOLUME      L**3       RATES FOR THIS TIME STEP      L**3/T          PACKAGE NAME    
     ------------------                 ------------------------                     ----------------

           IN:                                      IN:
           ---                                      ---
              STO-SS =     3793644.6951                STO-SS =       18006.8740     STORAGE                          
                 WEL =           0.0000                   WEL =           0.0000     WEL                              
                 GHB =       21299.5040                   GHB =         157.9239     GHB                              

            TOTAL IN =     3814944.1990              TOTAL IN =       18164.7979

          OUT:                                     OUT:
          ----                                     ----
              STO-SS =     3583644.6966                STO-SS =       17006.8740     STORAGE                          
                 WEL =      210000.0000                   WEL =        1000.0000     WEL                              
                 GHB =       21299.5040                   GHB =         157.9239     GHB                              

           TOTAL OUT =     3814944.2005             TOTAL OUT =       18164.7979

            IN - OUT =      -1.4646E-03              IN - OUT =      -1.5258E-06

 PERCENT DISCREPANCY =          -0.00     PERCENT DISCREPANCY =          -0.00




         TIME SUMMARY AT END OF TIME STEP    1 IN STRESS PERIOD   30
                    SECONDS     MINUTES      HOURS       DAYS        YEARS
                    -----------------------------------------------------------
   TIME STEP LENGTH 6.04800E+05  10080.      168.00      7.0000     1.91650E-02
 STRESS PERIOD TIME 6.04800E+05  10080.      168.00      7.0000     1.91650E-02
         TOTAL TIME 1.81440E+07 3.02400E+05  5040.0      210.00     0.57495    


end timestep


start timestep kper="31" kstp="1" mode="normal"


 OUTPUT CONTROL FOR STRESS PERIOD 31 IS REPEATED USING SETTINGS FROM A PREVIOUS STRESS PERIOD.

 HEAD WILL BE SAVED ON UNIT 1016 AT END OF TIME STEP    1, STRESS PERIOD   31


  VOLUME BUDGET FOR ENTIRE MODEL AT END OF TIME STEP    1, STRESS PERIOD  31
  ---------------------------------------------------------------------------------------------------

     CUMULATIVE VOLUME      L**3       RATES FOR THIS TIME STEP      L**3/T          PACKAGE NAME    
     ------------------                 ------------------------                     ----------------

           IN:                                      IN:
           ---                                      ---
              STO-SS =     3919669.7143                STO-SS =       18003.5742     STORAGE                          
                 WEL =           0.0000                   WEL =           0.0000     WEL                              
                 GHB =       22425.5298                   GHB =         160.8608     GHB                              

            TOTAL IN =     3942095.2441              TOTAL IN =       18164.4350

          OUT:                                     OUT:
          ----                                     ----
              STO-SS =     3702669.7158                STO-SS =       17003.5742     STORAGE                          
                 WEL =      217000.0000                   WEL =        1000.0000     WEL                              
                 GHB =       22425.5298                   GHB =         160.8608     GHB                              

           TOTAL OUT =     3942095.2455             TOTAL OUT =       18164.4350

            IN - OUT =      -1.4750E-03              IN - OUT =      -1.4905E-06

 PERCENT DISCREPANCY =          -0.00     PERCENT DISCREPANCY =          -0.00




         TIME SUMMARY AT END OF TIME STEP    1 IN STRESS PERIOD   31
                    SECONDS     MINUTES      HOURS       DAYS        YEARS
                    -----------------------------------------------------------
   TIME STEP LENGTH 6.04800E+05  10080.      168.00      7.0000     1.91650E-02
 STRESS PERIOD TIME 6.04800E+05  10080.      168.00      7.0000     1.91650E-02
         TOTAL TIME 1.87488E+07 3.12480E+05  5208.0      217.00     0.59411    


end timestep


start timestep kper="32" kstp="1" mode="normal"


 OUTPUT CONTROL FOR STRESS PERIOD 32 IS REPEATED USING SETTINGS FROM A PREVIOUS STRESS PERIOD.

 HEAD WILL BE SAVED ON UNIT 1016 AT END OF TIME STEP    1, STRESS PERIOD   32


  VOLUME BUDGET FOR ENTIRE MODEL AT END OF TIME STEP    1, STRESS PERIOD  32
  ---------------------------------------------------------------------------------------------------

     CUMULATIVE VOLUME      L**3       RATES FOR THIS TIME STEP      L**3/T          PACKAGE NAME    
     ------------------                 ------------------------                     ----------------

           IN:                                      IN:
           ---                                      ---
              STO-SS =     4045671.6476                STO-SS =       18000.2762     STORAGE                          
                 WEL =           0.0000                   WEL =           0.0000     WEL                              
                 GHB =       23571.7800                   GHB =         163.7500     GHB                              

            TOTAL IN =     4069243.4276              TOTAL IN =       18164.0262

          OUT:                                     OUT:
          ----                                     ----
              STO-SS =     3821671.6491                STO-SS =       17000.2762     STORAGE                          
                 WEL =      224000.0000                   WEL =        1000.0000     WEL                              
                 GHB =       23571.7800                   GHB =         163.7500     GHB                              

           TOTAL OUT =     4069243.4291             TOTAL OUT =       18164.0262

            IN - OUT =      -1.4854E-03              IN - OUT =      -1.4822E-06

 PERCENT DISCREPANCY =          -0.00     PERCENT DISCREPANCY =          -0.00




         TIME SUMMARY AT END OF TIME STEP    1 IN STRESS PERIOD   32
                    SECONDS     MINUTES      HOURS       DAYS        YEARS
                    -----------------------------------------------------------
   TIME STEP LENGTH 6.04800E+05  10080.      168.00      7.0000     1.91650E-02
 STRESS PERIOD TIME 6.04800E+05  10080.      168.00      7.0000     1.91650E-02
         TOTAL TIME 1.93536E+07 3.22560E+05  5376.0      224.00     0.61328    


end timestep


start timestep kper="33" kstp="1" mode="normal"


 OUTPUT CONTROL FOR STRESS PERIOD 33 IS REPEATED USING SETTINGS FROM A PREVIOUS STRESS PERIOD.

 HEAD WILL BE SAVED ON UNIT 1016 AT END OF TIME STEP    1, STRESS PERIOD   33


  VOLUME BUDGET FOR ENTIRE MODEL AT END OF TIME STEP    1, STRESS PERIOD  33
  ---------------------------------------------------------------------------------------------------

     CUMULATIVE VOLUME      L**3       RATES FOR THIS TIME STEP      L**3/T          PACKAGE NAME    
     ------------------                 ------------------------                     ----------------

           IN:                                      IN:
           ---                                      ---
              STO-SS =     4171650.4729                STO-SS =       17996.9750     STORAGE                          
                 WEL =           0.0000                   WEL =           0.0000     WEL                              
                 GHB =       24737.9362                   GHB =         166.5937     GHB                              

            TOTAL IN =     4196388.4091              TOTAL IN =       18163.5688

          OUT:                                     OUT:
          ----                                     ----
              STO-SS =     3940650.4744                STO-SS =       16996.9750     STORAGE                          
                 WEL =      231000.0000                   WEL =        1000.0000     WEL                              
                 GHB =       24737.9362                   GHB =         166.5937     GHB                              

           TOTAL OUT =     4196388.4106             TOTAL OUT =       18163.5688

            IN - OUT =      -1.4956E-03              IN - OUT =      -1.4545E-06

 PERCENT DISCREPANCY =          -0.00     PERCENT DISCREPANCY =          -0.00




         TIME SUMMARY AT END OF TIME STEP    1 IN STRESS PERIOD   33
                    SECONDS     MINUTES      HOURS       DAYS        YEARS
                    -----------------------------------------------------------
   TIME STEP LENGTH 6.04800E+05  10080.      168.00      7.0000     1.91650E-02
 STRESS PERIOD TIME 6.04800E+05  10080.      168.00      7.0000     1.91650E-02
         TOTAL TIME 1.99584E+07 3.32640E+05  5544.0      231.00     0.63244    


end timestep


start timestep kper="34" kstp="1" mode="normal"


 OUTPUT CONTROL FOR STRESS PERIOD 34 IS REPEATED USING SETTINGS FROM A PREVIOUS STRESS PERIOD.

 HEAD WILL BE SAVED ON UNIT 1016 AT END OF TIME STEP    1, STRESS PERIOD   34


  VOLUME BUDGET FOR ENTIRE MODEL AT END OF TIME STEP    1, STRESS PERIOD  34
  ---------------------------------------------------------------------------------------------------

     CUMULATIVE VOLUME      L**3       RATES FOR THIS TIME STEP      L**3/T          PACKAGE NAME    
     ------------------                 ------------------------                     ----------------

           IN:                                      IN:
           ---                                      ---
              STO-SS =     4297606.1399                STO-SS =       17993.6667     STORAGE                          
                 WEL =           0.0000                   WEL =           0.0000     WEL                              
                 GHB =       25923.6943                   GHB =         169.3940     GHB                              

            TOTAL IN =     4323529.8342              TOTAL IN =       18163.0607

          OUT:                                     OUT:
          ----                                     ----
              STO-SS =     4059606.1414                STO-SS =       16993.6667     STORAGE                          
                 WEL =      238000.0000                   WEL =        1000.0000     WEL                              
                 GHB =       25923.6943                   GHB =         169.3940     GHB                              

           TOTAL OUT =     4323529.8357             TOTAL OUT =       18163.0607

            IN - OUT =      -1.5056E-03              IN - OUT =      -1.4298E-06

 PERCENT DISCREPANCY =          -0.00     PERCENT DISCREPANCY =          -0.00




         TIME SUMMARY AT END OF TIME STEP    1 IN STRESS PERIOD   34
                    SECONDS     MINUTES      HOURS       DAYS        YEARS
                    -----------------------------------------------------------
   TIME STEP LENGTH 6.04800E+05  10080.      168.00      7.0000     1.91650E-02
 STRESS PERIOD TIME 6.04800E+05  10080.      168.00      7.0000     1.91650E-02
         TOTAL TIME 2.05632E+07 3.42720E+05  5712.0      238.00     0.65161    


end timestep


start timestep kper="35" kstp="1" mode="normal"


 OUTPUT CONTROL FOR STRESS PERIOD 35 IS REPEATED USING SETTINGS FROM A PREVIOUS STRESS PERIOD.

 HEAD WILL BE SAVED ON UNIT 1016 AT END OF TIME STEP    1, STRESS PERIOD   35


  VOLUME BUDGET FOR ENTIRE MODEL AT END OF TIME STEP    1, STRESS PERIOD  35
  ---------------------------------------------------------------------------------------------------

     CUMULATIVE VOLUME      L**3       RATES FOR THIS TIME STEP      L**3/T          PACKAGE NAME    
     ------------------                 ------------------------                     ----------------

           IN:                                      IN:
           ---                                      ---
              STO-SS =     4423538.5521                STO-SS =       17990.3446     STORAGE                          
                 WEL =           0.0000                   WEL =           0.0000     WEL                              
                 GHB =       27128.7634                   GHB =         172.1527     GHB                              

            TOTAL IN =     4450667.3155              TOTAL IN =       18162.4973

          OUT:                                     OUT:
          ----                                     ----
              STO-SS =     4178538.5536                STO-SS =       16990.3446     STORAGE                          
                 WEL =      245000.0000                   WEL =        1000.0000     WEL                              
                 GHB =       27128.7634                   GHB =         172.1527     GHB                              

           TOTAL OUT =     4450667.3170             TOTAL OUT =       18162.4973

            IN - OUT =      -1.5155E-03              IN - OUT =      -1.4137E-06

 PERCENT DISCREPANCY =          -0.00     PERCENT DISCREPANCY =          -0.00




         TIME SUMMARY AT END OF TIME STEP    1 IN STRESS PERIOD   35
                    SECONDS     MINUTES      HOURS       DAYS        YEARS
                    -----------------------------------------------------------
   TIME STEP LENGTH 6.04800E+05  10080.      168.00      7.0000     1.91650E-02
 STRESS PERIOD TIME 6.04800E+05  10080.      168.00      7.0000     1.91650E-02
         TOTAL TIME 2.11680E+07 3.52800E+05  5880.0      245.00     0.67077    


end timestep


start timestep kper="36" kstp="1" mode="normal"


 OUTPUT CONTROL FOR STRESS PERIOD 36 IS REPEATED USING SETTINGS FROM A PREVIOUS STRESS PERIOD.

 HEAD WILL BE SAVED ON UNIT 1016 AT END OF TIME STEP    1, STRESS PERIOD   36


  VOLUME BUDGET FOR ENTIRE MODEL AT END OF TIME STEP    1, STRESS PERIOD  36
  ---------------------------------------------------------------------------------------------------

     CUMULATIVE VOLUME      L**3       RATES FOR THIS TIME STEP      L**3/T          PACKAGE NAME    
     ------------------                 ------------------------                     ----------------

           IN:                                      IN:
           ---                                      ---
              STO-SS =     4549447.5891                STO-SS =       17987.0053     STORAGE                          
                 WEL =           0.0000                   WEL =           0.0000     WEL                              
                 GHB =       28352.8652                   GHB =         174.8717     GHB                              

            TOTAL IN =     4577800.4543              TOTAL IN =       18161.8770

          OUT:                                     OUT:
          ----                                     ----
              STO-SS =     4297447.5906                STO-SS =       16987.0053     STORAGE                          
                 WEL =      252000.0000                   WEL =        1000.0000     WEL                              
                 GHB =       28352.8652                   GHB =         174.8717     GHB                              

           TOTAL OUT =     4577800.4558             TOTAL OUT =       18161.8770

            IN - OUT =      -1.5253E-03              IN - OUT =      -1.3964E-06

 PERCENT DISCREPANCY =          -0.00     PERCENT DISCREPANCY =          -0.00




         TIME SUMMARY AT END OF TIME STEP    1 IN STRESS PERIOD   36
                    SECONDS     MINUTES      HOURS       DAYS        YEARS
                    -----------------------------------------------------------
   TIME STEP LENGTH 6.04800E+05  10080.      168.00      7.0000     1.91650E-02
 STRESS PERIOD TIME 6.04800E+05  10080.      168.00      7.0000     1.91650E-02
         TOTAL TIME 2.17728E+07 3.62880E+05  6048.0      252.00     0.68994    


end timestep


start timestep kper="37" kstp="1" mode="normal"


 OUTPUT CONTROL FOR STRESS PERIOD 37 IS REPEATED USING SETTINGS FROM A PREVIOUS STRESS PERIOD.

 HEAD WILL BE SAVED ON UNIT 1016 AT END OF TIME STEP    1, STRESS PERIOD   37


  VOLUME BUDGET FOR ENTIRE MODEL AT END OF TIME STEP    1, STRESS PERIOD  37
  ---------------------------------------------------------------------------------------------------

     CUMULATIVE VOLUME      L**3       RATES FOR THIS TIME STEP      L**3/T          PACKAGE NAME    
     ------------------                 ------------------------                     ----------------

           IN:                                      IN:
           ---                                      ---
              STO-SS =     4675333.1195                STO-SS =       17983.6472     STORAGE                          
                 WEL =           0.0000                   WEL =           0.0000     WEL                              
                 GHB =       29595.7326                   GHB =         177.5525     GHB                              

            TOTAL IN =     4704928.8521              TOTAL IN =       18161.1997

          OUT:                                     OUT:
          ----                                     ----
              STO-SS =     4416333.1210                STO-SS =       16983.6472     STORAGE                          
                 WEL =      259000.0000                   WEL =        1000.0000     WEL                              
                 GHB =       29595.7326                   GHB =         177.5525     GHB                              

           TOTAL OUT =     4704928.8536             TOTAL OUT =       18161.1997

            IN - OUT =      -1.5349E-03              IN - OUT =      -1.3693E-06

 PERCENT DISCREPANCY =          -0.00     PERCENT DISCREPANCY =          -0.00




         TIME SUMMARY AT END OF TIME STEP    1 IN STRESS PERIOD   37
                    SECONDS     MINUTES      HOURS       DAYS        YEARS
                    -----------------------------------------------------------
   TIME STEP LENGTH 6.04800E+05  10080.      168.00      7.0000     1.91650E-02
 STRESS PERIOD TIME 6.04800E+05  10080.      168.00      7.0000     1.91650E-02
         TOTAL TIME 2.23776E+07 3.72960E+05  6216.0      259.00     0.70910    


end timestep


start timestep kper="38" kstp="1" mode="normal"


 OUTPUT CONTROL FOR STRESS PERIOD 38 IS REPEATED USING SETTINGS FROM A PREVIOUS STRESS PERIOD.

 HEAD WILL BE SAVED ON UNIT 1016 AT END OF TIME STEP    1, STRESS PERIOD   38


  VOLUME BUDGET FOR ENTIRE MODEL AT END OF TIME STEP    1, STRESS PERIOD  38
  ---------------------------------------------------------------------------------------------------

     CUMULATIVE VOLUME      L**3       RATES FOR THIS TIME STEP      L**3/T          PACKAGE NAME    
     ------------------                 ------------------------                     ----------------

           IN:                                      IN:
           ---                                      ---
              STO-SS =     4801194.9794                STO-SS =       17980.2657     STORAGE                          
                 WEL =           0.0000                   WEL =           0.0000     WEL                              
                 GHB =       30857.1094                   GHB =         180.1967     GHB                              

            TOTAL IN =     4832052.0889              TOTAL IN =       18160.4624

          OUT:                                     OUT:
          ----                                     ----
              STO-SS =     4535194.9810                STO-SS =       16980.2657     STORAGE                          
                 WEL =      266000.0000                   WEL =        1000.0000     WEL                              
                 GHB =       30857.1094                   GHB =         180.1967     GHB                              

           TOTAL OUT =     4832052.0904             TOTAL OUT =       18160.4624

            IN - OUT =      -1.5443E-03              IN - OUT =      -1.3554E-06

 PERCENT DISCREPANCY =          -0.00     PERCENT DISCREPANCY =          -0.00




         TIME SUMMARY AT END OF TIME STEP    1 IN STRESS PERIOD   38
                    SECONDS     MINUTES      HOURS       DAYS        YEARS
                    -----------------------------------------------------------
   TIME STEP LENGTH 6.04800E+05  10080.      168.00      7.0000     1.91650E-02
 STRESS PERIOD TIME 6.04800E+05  10080.      168.00      7.0000     1.91650E-02
         TOTAL TIME 2.29824E+07 3.83040E+05  6384.0      266.00     0.72827    


end timestep


start timestep kper="39" kstp="1" mode="normal"


 OUTPUT CONTROL FOR STRESS PERIOD 39 IS REPEATED USING SETTINGS FROM A PREVIOUS STRESS PERIOD.

 HEAD WILL BE SAVED ON UNIT 1016 AT END OF TIME STEP    1, STRESS PERIOD   39


  VOLUME BUDGET FOR ENTIRE MODEL AT END OF TIME STEP    1, STRESS PERIOD  39
  ---------------------------------------------------------------------------------------------------

     CUMULATIVE VOLUME      L**3       RATES FOR THIS TIME STEP      L**3/T          PACKAGE NAME    
     ------------------                 ------------------------                     ----------------

           IN:                                      IN:
           ---                                      ---
              STO-SS =     4927033.0197                STO-SS =       17976.8629     STORAGE                          
                 WEL =           0.0000                   WEL =           0.0000     WEL                              
                 GHB =       32136.7495                   GHB =         182.8057     GHB                              

            TOTAL IN =     4959169.7693              TOTAL IN =       18159.6686

          OUT:                                     OUT:
          ----                                     ----
              STO-SS =     4654033.0213                STO-SS =       16976.8629     STORAGE                          
                 WEL =      273000.0000                   WEL =        1000.0000     WEL                              
                 GHB =       32136.7495                   GHB =         182.8057     GHB                              

           TOTAL OUT =     4959169.7708             TOTAL OUT =       18159.6686

            IN - OUT =      -1.5537E-03              IN - OUT =      -1.3294E-06

 PERCENT DISCREPANCY =          -0.00     PERCENT DISCREPANCY =          -0.00




         TIME SUMMARY AT END OF TIME STEP    1 IN STRESS PERIOD   39
                    SECONDS     MINUTES      HOURS       DAYS        YEARS
                    -----------------------------------------------------------
   TIME STEP LENGTH 6.04800E+05  10080.      168.00      7.0000     1.91650E-02
 STRESS PERIOD TIME 6.04800E+05  10080.      168.00      7.0000     1.91650E-02
         TOTAL TIME 2.35872E+07 3.93120E+05  6552.0      273.00     0.74743    


end timestep


start timestep kper="40" kstp="1" mode="normal"


 OUTPUT CONTROL FOR STRESS PERIOD 40 IS REPEATED USING SETTINGS FROM A PREVIOUS STRESS PERIOD.

 HEAD WILL BE SAVED ON UNIT 1016 AT END OF TIME STEP    1, STRESS PERIOD   40


  VOLUME BUDGET FOR ENTIRE MODEL AT END OF TIME STEP    1, STRESS PERIOD  40
  ---------------------------------------------------------------------------------------------------

     CUMULATIVE VOLUME      L**3       RATES FOR THIS TIME STEP      L**3/T          PACKAGE NAME    
     ------------------                 ------------------------                     ----------------

           IN:                                      IN:
           ---                                      ---
              STO-SS =     5052847.0395                STO-SS =       17973.4314     STORAGE                          
                 WEL =           0.0000                   WEL =           0.0000     WEL                              
                 GHB =       33434.4161                   GHB =         185.3809     GHB                              

            TOTAL IN =     5086281.4556              TOTAL IN =       18158.8123

          OUT:                                     OUT:
          ----                                     ----
              STO-SS =     4772847.0410                STO-SS =       16973.4314     STORAGE                          
                 WEL =      280000.0000                   WEL =        1000.0000     WEL                              
                 GHB =       33434.4162                   GHB =         185.3809     GHB                              

           TOTAL OUT =     5086281.4572             TOTAL OUT =       18158.8123

            IN - OUT =      -1.5628E-03              IN - OUT =      -1.3105E-06

 PERCENT DISCREPANCY =          -0.00     PERCENT DISCREPANCY =          -0.00




         TIME SUMMARY AT END OF TIME STEP    1 IN STRESS PERIOD   40
                    SECONDS     MINUTES      HOURS       DAYS        YEARS
                    -----------------------------------------------------------
   TIME STEP LENGTH 6.04800E+05  10080.      168.00      7.0000     1.91650E-02
 STRESS PERIOD TIME 6.04800E+05  10080.      168.00      7.0000     1.91650E-02
         TOTAL TIME 2.41920E+07 4.03200E+05  6720.0      280.00     0.76660    


end timestep


start timestep kper="41" kstp="1" mode="normal"


 OUTPUT CONTROL FOR STRESS PERIOD 41 IS REPEATED USING SETTINGS FROM A PREVIOUS STRESS PERIOD.

 HEAD WILL BE SAVED ON UNIT 1016 AT END OF TIME STEP    1, STRESS PERIOD   41


  VOLUME BUDGET FOR ENTIRE MODEL AT END OF TIME STEP    1, STRESS PERIOD  41
  ---------------------------------------------------------------------------------------------------

     CUMULATIVE VOLUME      L**3       RATES FOR THIS TIME STEP      L**3/T          PACKAGE NAME    
     ------------------                 ------------------------                     ----------------

           IN:                                      IN:
           ---                                      ---
              STO-SS =     5178636.8773                STO-SS =       17969.9768     STORAGE                          
                 WEL =           0.0000                   WEL =           0.0000     WEL                              
                 GHB =       34749.8813                   GHB =         187.9236     GHB                              

            TOTAL IN =     5213386.7586              TOTAL IN =       18157.9004

          OUT:                                     OUT:
          ----                                     ----
              STO-SS =     4891636.8789                STO-SS =       16969.9768     STORAGE                          
                 WEL =      287000.0000                   WEL =        1000.0000     WEL                              
                 GHB =       34749.8813                   GHB =         187.9236     GHB                              

           TOTAL OUT =     5213386.7602             TOTAL OUT =       18157.9004

            IN - OUT =      -1.5719E-03              IN - OUT =      -1.2943E-06

 PERCENT DISCREPANCY =          -0.00     PERCENT DISCREPANCY =          -0.00




         TIME SUMMARY AT END OF TIME STEP    1 IN STRESS PERIOD   41
                    SECONDS     MINUTES      HOURS       DAYS        YEARS
                    -----------------------------------------------------------
   TIME STEP LENGTH 6.04800E+05  10080.      168.00      7.0000     1.91650E-02
 STRESS PERIOD TIME 6.04800E+05  10080.      168.00      7.0000     1.91650E-02
         TOTAL TIME 2.47968E+07 4.13280E+05  6888.0      287.00     0.78576    


end timestep


start timestep kper="42" kstp="1" mode="normal"


 OUTPUT CONTROL FOR STRESS PERIOD 42 IS REPEATED USING SETTINGS FROM A PREVIOUS STRESS PERIOD.

 HEAD WILL BE SAVED ON UNIT 1016 AT END OF TIME STEP    1, STRESS PERIOD   42


  VOLUME BUDGET FOR ENTIRE MODEL AT END OF TIME STEP    1, STRESS PERIOD  42
  ---------------------------------------------------------------------------------------------------

     CUMULATIVE VOLUME      L**3       RATES FOR THIS TIME STEP      L**3/T          PACKAGE NAME    
     ------------------                 ------------------------                     ----------------

           IN:                                      IN:
           ---                                      ---
              STO-SS =     5304402.3513                STO-SS =       17966.4963     STORAGE                          
                 WEL =           0.0000                   WEL =           0.0000     WEL                              
                 GHB =       36082.9253                   GHB =         190.4349     GHB                              

            TOTAL IN =     5340485.2766              TOTAL IN =       18156.9311

          OUT:                                     OUT:
          ----                                     ----
              STO-SS =     5010402.3529                STO-SS =       16966.4963     STORAGE                          
                 WEL =      294000.0000                   WEL =        1000.0000     WEL                              
                 GHB =       36082.9253                   GHB =         190.4349     GHB                              

           TOTAL OUT =     5340485.2782             TOTAL OUT =       18156.9311

            IN - OUT =      -1.5808E-03              IN - OUT =      -1.2774E-06

 PERCENT DISCREPANCY =          -0.00     PERCENT DISCREPANCY =          -0.00




         TIME SUMMARY AT END OF TIME STEP    1 IN STRESS PERIOD   42
                    SECONDS     MINUTES      HOURS       DAYS        YEARS
                    -----------------------------------------------------------
   TIME STEP LENGTH 6.04800E+05  10080.      168.00      7.0000     1.91650E-02
 STRESS PERIOD TIME 6.04800E+05  10080.      168.00      7.0000     1.91650E-02
         TOTAL TIME 2.54016E+07 4.23360E+05  7056.0      294.00     0.80493    


end timestep


start timestep kper="43" kstp="1" mode="normal"


 OUTPUT CONTROL FOR STRESS PERIOD 43 IS REPEATED USING SETTINGS FROM A PREVIOUS STRESS PERIOD.

 HEAD WILL BE SAVED ON UNIT 1016 AT END OF TIME STEP    1, STRESS PERIOD   43


  VOLUME BUDGET FOR ENTIRE MODEL AT END OF TIME STEP    1, STRESS PERIOD  43
  ---------------------------------------------------------------------------------------------------

     CUMULATIVE VOLUME      L**3       RATES FOR THIS TIME STEP      L**3/T          PACKAGE NAME    
     ------------------                 ------------------------                     ----------------

           IN:                                      IN:
           ---                                      ---
              STO-SS =     5430143.1981                STO-SS =       17962.9781     STORAGE                          
                 WEL =           0.0000                   WEL =           0.0000     WEL                              
                 GHB =       37433.3363                   GHB =         192.9159     GHB                              

            TOTAL IN =     5467576.5344              TOTAL IN =       18155.8940

          OUT:                                     OUT:
          ----                                     ----
              STO-SS =     5129143.1997                STO-SS =       16962.9781     STORAGE                          
                 WEL =      301000.0000                   WEL =        1000.0000     WEL                              
                 GHB =       37433.3363                   GHB =         192.9159     GHB                              

           TOTAL OUT =     5467576.5360             TOTAL OUT =       18155.8940

            IN - OUT =      -1.5897E-03              IN - OUT =      -1.2641E-06

 PERCENT DISCREPANCY =          -0.00     PERCENT DISCREPANCY =          -0.00




         TIME SUMMARY AT END OF TIME STEP    1 IN STRESS PERIOD   43
                    SECONDS     MINUTES      HOURS       DAYS        YEARS
                    -----------------------------------------------------------
   TIME STEP LENGTH 6.04800E+05  10080.      168.00      7.0000     1.91650E-02
 STRESS PERIOD TIME 6.04800E+05  10080.      168.00      7.0000     1.91650E-02
         TOTAL TIME 2.60064E+07 4.33440E+05  7224.0      301.00     0.82409    


end timestep


start timestep kper="44" kstp="1" mode="normal"


 OUTPUT CONTROL FOR STRESS PERIOD 44 IS REPEATED USING SETTINGS FROM A PREVIOUS STRESS PERIOD.

 HEAD WILL BE SAVED ON UNIT 1016 AT END OF TIME STEP    1, STRESS PERIOD   44


  VOLUME BUDGET FOR ENTIRE MODEL AT END OF TIME STEP    1, STRESS PERIOD  44
  ---------------------------------------------------------------------------------------------------

     CUMULATIVE VOLUME      L**3       RATES FOR THIS TIME STEP      L**3/T          PACKAGE NAME    
     ------------------                 ------------------------                     ----------------

           IN:                                      IN:
           ---                                      ---
              STO-SS =     5555859.1762                STO-SS =       17959.4254     STORAGE                          
                 WEL =           0.0000                   WEL =           0.0000     WEL                              
                 GHB =       38800.9097                   GHB =         195.3676     GHB                              

            TOTAL IN =     5594660.0859              TOTAL IN =       18154.7931

          OUT:                                     OUT:
          ----                                     ----
              STO-SS =     5247859.1778                STO-SS =       16959.4254     STORAGE                          
                 WEL =      308000.0000                   WEL =        1000.0000     WEL                              
                 GHB =       38800.9097                   GHB =         195.3676     GHB                              

           TOTAL OUT =     5594660.0875             TOTAL OUT =       18154.7931

            IN - OUT =      -1.5984E-03              IN - OUT =      -1.2418E-06

 PERCENT DISCREPANCY =          -0.00     PERCENT DISCREPANCY =          -0.00




         TIME SUMMARY AT END OF TIME STEP    1 IN STRESS PERIOD   44
                    SECONDS     MINUTES      HOURS       DAYS        YEARS
                    -----------------------------------------------------------
   TIME STEP LENGTH 6.04800E+05  10080.      168.00      7.0000     1.91650E-02
 STRESS PERIOD TIME 6.04800E+05  10080.      168.00      7.0000     1.91650E-02
         TOTAL TIME 2.66112E+07 4.43520E+05  7392.0      308.00     0.84326    


end timestep


start timestep kper="45" kstp="1" mode="normal"


 OUTPUT CONTROL FOR STRESS PERIOD 45 IS REPEATED USING SETTINGS FROM A PREVIOUS STRESS PERIOD.

 HEAD WILL BE SAVED ON UNIT 1016 AT END OF TIME STEP    1, STRESS PERIOD   45


  VOLUME BUDGET FOR ENTIRE MODEL AT END OF TIME STEP    1, STRESS PERIOD  45
  ---------------------------------------------------------------------------------------------------

     CUMULATIVE VOLUME      L**3       RATES FOR THIS TIME STEP      L**3/T          PACKAGE NAME    
     ------------------                 ------------------------                     ----------------

           IN:                                      IN:
           ---                                      ---
              STO-SS =     5681549.9940                STO-SS =       17955.8311     STORAGE                          
                 WEL =           0.0000                   WEL =           0.0000     WEL                              
                 GHB =       40185.4479                   GHB =         197.7912     GHB                              

            TOTAL IN =     5721735.4419              TOTAL IN =       18153.6223

          OUT:                                     OUT:
          ----                                     ----
              STO-SS =     5366549.9956                STO-SS =       16955.8311     STORAGE                          
                 WEL =      315000.0000                   WEL =        1000.0000     WEL                              
                 GHB =       40185.4479                   GHB =         197.7912     GHB                              

           TOTAL OUT =     5721735.4435             TOTAL OUT =       18153.6223

            IN - OUT =      -1.6070E-03              IN - OUT =      -1.2359E-06

 PERCENT DISCREPANCY =          -0.00     PERCENT DISCREPANCY =          -0.00




         TIME SUMMARY AT END OF TIME STEP    1 IN STRESS PERIOD   45
                    SECONDS     MINUTES      HOURS       DAYS        YEARS
                    -----------------------------------------------------------
   TIME STEP LENGTH 6.04800E+05  10080.      168.00      7.0000     1.91650E-02
 STRESS PERIOD TIME 6.04800E+05  10080.      168.00      7.0000     1.91650E-02
         TOTAL TIME 2.72160E+07 4.53600E+05  7560.0      315.00     0.86242    


end timestep


start timestep kper="46" kstp="1" mode="normal"


 OUTPUT CONTROL FOR STRESS PERIOD 46 IS REPEATED USING SETTINGS FROM A PREVIOUS STRESS PERIOD.

 HEAD WILL BE SAVED ON UNIT 1016 AT END OF TIME STEP    1, STRESS PERIOD   46


  VOLUME BUDGET FOR ENTIRE MODEL AT END OF TIME STEP    1, STRESS PERIOD  46
  ---------------------------------------------------------------------------------------------------

     CUMULATIVE VOLUME      L**3       RATES FOR THIS TIME STEP      L**3/T          PACKAGE NAME    
     ------------------                 ------------------------                     ----------------

           IN:                                      IN:
           ---                                      ---
              STO-SS =     5807215.3410                STO-SS =       17952.1924     STORAGE                          
                 WEL =           0.0000                   WEL =           0.0000     WEL                              
                 GHB =       41586.7598                   GHB =         200.1874     GHB                              

            TOTAL IN =     5848802.1008              TOTAL IN =       18152.3799

          OUT:                                     OUT:
          ----                                     ----
              STO-SS =     5485215.3426                STO-SS =       16952.1924     STORAGE                          
                 WEL =      322000.0000                   WEL =        1000.0000     WEL                              
                 GHB =       41586.7598                   GHB =         200.1874     GHB                              

           TOTAL OUT =     5848802.1025             TOTAL OUT =       18152.3799

            IN - OUT =      -1.6155E-03              IN - OUT =      -1.2165E-06

 PERCENT DISCREPANCY =          -0.00     PERCENT DISCREPANCY =          -0.00




         TIME SUMMARY AT END OF TIME STEP    1 IN STRESS PERIOD   46
                    SECONDS     MINUTES      HOURS       DAYS        YEARS
                    -----------------------------------------------------------
   TIME STEP LENGTH 6.04800E+05  10080.      168.00      7.0000     1.91650E-02
 STRESS PERIOD TIME 6.04800E+05  10080.      168.00      7.0000     1.91650E-02
         TOTAL TIME 2.78208E+07 4.63680E+05  7728.0      322.00     0.88159    


end timestep


start timestep kper="47" kstp="1" mode="normal"


 OUTPUT CONTROL FOR STRESS PERIOD 47 IS REPEATED USING SETTINGS FROM A PREVIOUS STRESS PERIOD.

 HEAD WILL BE SAVED ON UNIT 1016 AT END OF TIME STEP    1, STRESS PERIOD   47


  VOLUME BUDGET FOR ENTIRE MODEL AT END OF TIME STEP    1, STRESS PERIOD  47
  ---------------------------------------------------------------------------------------------------

     CUMULATIVE VOLUME      L**3       RATES FOR THIS TIME STEP      L**3/T          PACKAGE NAME    
     ------------------                 ------------------------                     ----------------

           IN:                                      IN:
           ---                                      ---
              STO-SS =     5932854.9012                STO-SS =       17948.5086     STORAGE                          
                 WEL =           0.0000                   WEL =           0.0000     WEL                              
                 GHB =       43004.6607                   GHB =         202.5573     GHB                              

            TOTAL IN =     5975859.5618              TOTAL IN =       18151.0659

          OUT:                                     OUT:
          ----                                     ----
              STO-SS =     5603854.9028                STO-SS =       16948.5086     STORAGE                          
                 WEL =      329000.0000                   WEL =        1000.0000     WEL                              
                 GHB =       43004.6606                   GHB =         202.5573     GHB                              

           TOTAL OUT =     5975859.5635             TOTAL OUT =       18151.0659

            IN - OUT =      -1.6239E-03              IN - OUT =      -1.2008E-06

 PERCENT DISCREPANCY =          -0.00     PERCENT DISCREPANCY =          -0.00




         TIME SUMMARY AT END OF TIME STEP    1 IN STRESS PERIOD   47
                    SECONDS     MINUTES      HOURS       DAYS        YEARS
                    -----------------------------------------------------------
   TIME STEP LENGTH 6.04800E+05  10080.      168.00      7.0000     1.91650E-02
 STRESS PERIOD TIME 6.04800E+05  10080.      168.00      7.0000     1.91650E-02
         TOTAL TIME 2.84256E+07 4.73760E+05  7896.0      329.00     0.90075    


end timestep


start timestep kper="48" kstp="1" mode="normal"


 OUTPUT CONTROL FOR STRESS PERIOD 48 IS REPEATED USING SETTINGS FROM A PREVIOUS STRESS PERIOD.

 HEAD WILL BE SAVED ON UNIT 1016 AT END OF TIME STEP    1, STRESS PERIOD   48


  VOLUME BUDGET FOR ENTIRE MODEL AT END OF TIME STEP    1, STRESS PERIOD  48
  ---------------------------------------------------------------------------------------------------

     CUMULATIVE VOLUME      L**3       RATES FOR THIS TIME STEP      L**3/T          PACKAGE NAME    
     ------------------                 ------------------------                     ----------------

           IN:                                      IN:
           ---                                      ---
              STO-SS =     6058468.3917                STO-SS =       17944.7844     STORAGE                          
                 WEL =           0.0000                   WEL =           0.0000     WEL                              
                 GHB =       44438.9713                   GHB =         204.9015     GHB                              

            TOTAL IN =     6102907.3631              TOTAL IN =       18149.6859

          OUT:                                     OUT:
          ----                                     ----
              STO-SS =     5722468.3934                STO-SS =       16944.7844     STORAGE                          
                 WEL =      336000.0000                   WEL =        1000.0000     WEL                              
                 GHB =       44438.9713                   GHB =         204.9015     GHB                              

           TOTAL OUT =     6102907.3647             TOTAL OUT =       18149.6859

            IN - OUT =      -1.6323E-03              IN - OUT =      -1.1910E-06

 PERCENT DISCREPANCY =          -0.00     PERCENT DISCREPANCY =          -0.00




         TIME SUMMARY AT END OF TIME STEP    1 IN STRESS PERIOD   48
                    SECONDS     MINUTES      HOURS       DAYS        YEARS
                    -----------------------------------------------------------
   TIME STEP LENGTH 6.04800E+05  10080.      168.00      7.0000     1.91650E-02
 STRESS PERIOD TIME 6.04800E+05  10080.      168.00      7.0000     1.91650E-02
         TOTAL TIME 2.90304E+07 4.83840E+05  8064.0      336.00     0.91992    


end timestep


start timestep kper="49" kstp="1" mode="normal"


 OUTPUT CONTROL FOR STRESS PERIOD 49 IS REPEATED USING SETTINGS FROM A PREVIOUS STRESS PERIOD.

 HEAD WILL BE SAVED ON UNIT 1016 AT END OF TIME STEP    1, STRESS PERIOD   49


  VOLUME BUDGET FOR ENTIRE MODEL AT END OF TIME STEP    1, STRESS PERIOD  49
  ---------------------------------------------------------------------------------------------------

     CUMULATIVE VOLUME      L**3       RATES FOR THIS TIME STEP      L**3/T          PACKAGE NAME    
     ------------------                 ------------------------                     ----------------

           IN:                                      IN:
           ---                                      ---
              STO-SS =     6184055.5314                STO-SS =       17941.0200     STORAGE                          
                 WEL =           0.0000                   WEL =           0.0000     WEL                              
                 GHB =       45889.5184                   GHB =         207.2210     GHB                              

            TOTAL IN =     6229945.0498              TOTAL IN =       18148.2410

          OUT:                                     OUT:
          ----                                     ----
              STO-SS =     5841055.5331                STO-SS =       16941.0200     STORAGE                          
                 WEL =      343000.0000                   WEL =        1000.0000     WEL                              
                 GHB =       45889.5183                   GHB =         207.2210     GHB                              

           TOTAL OUT =     6229945.0515             TOTAL OUT =       18148.2410

            IN - OUT =      -1.6405E-03              IN - OUT =      -1.1692E-06

 PERCENT DISCREPANCY =          -0.00     PERCENT DISCREPANCY =          -0.00




         TIME SUMMARY AT END OF TIME STEP    1 IN STRESS PERIOD   49
                    SECONDS     MINUTES      HOURS       DAYS        YEARS
                    -----------------------------------------------------------
   TIME STEP LENGTH 6.04800E+05  10080.      168.00      7.0000     1.91650E-02
 STRESS PERIOD TIME 6.04800E+05  10080.      168.00      7.0000     1.91650E-02
         TOTAL TIME 2.96352E+07 4.93920E+05  8232.0      343.00     0.93908    


end timestep


start timestep kper="50" kstp="1" mode="normal"


 OUTPUT CONTROL FOR STRESS PERIOD 50 IS REPEATED USING SETTINGS FROM A PREVIOUS STRESS PERIOD.

 HEAD WILL BE SAVED ON UNIT 1016 AT END OF TIME STEP    1, STRESS PERIOD   50


  VOLUME BUDGET FOR ENTIRE MODEL AT END OF TIME STEP    1, STRESS PERIOD  50
  ---------------------------------------------------------------------------------------------------

     CUMULATIVE VOLUME      L**3       RATES FOR THIS TIME STEP      L**3/T          PACKAGE NAME    
     ------------------                 ------------------------                     ----------------

           IN:                                      IN:
           ---                                      ---
              STO-SS =     6309615.9713                STO-SS =       17937.2057     STORAGE                          
                 WEL =           0.0000                   WEL =           0.0000     WEL                              
                 GHB =       47356.1336                   GHB =         209.5165     GHB                              

            TOTAL IN =     6356972.1049              TOTAL IN =       18146.7222

          OUT:                                     OUT:
          ----                                     ----
              STO-SS =     5959615.9729                STO-SS =       16937.2057     STORAGE                          
                 WEL =      350000.0000                   WEL =        1000.0000     WEL                              
                 GHB =       47356.1336                   GHB =         209.5165     GHB                              

           TOTAL OUT =     6356972.1066             TOTAL OUT =       18146.7222

            IN - OUT =      -1.6486E-03              IN - OUT =      -1.1636E-06

 PERCENT DISCREPANCY =          -0.00     PERCENT DISCREPANCY =          -0.00




         TIME SUMMARY AT END OF TIME STEP    1 IN STRESS PERIOD   50
                    SECONDS     MINUTES      HOURS       DAYS        YEARS
                    -----------------------------------------------------------
   TIME STEP LENGTH 6.04800E+05  10080.      168.00      7.0000     1.91650E-02
 STRESS PERIOD TIME 6.04800E+05  10080.      168.00      7.0000     1.91650E-02
         TOTAL TIME 3.02400E+07 5.04000E+05  8400.0      350.00     0.95825    


end timestep


start timestep kper="51" kstp="1" mode="normal"


 OUTPUT CONTROL FOR STRESS PERIOD 51 IS REPEATED USING SETTINGS FROM A PREVIOUS STRESS PERIOD.

 HEAD WILL BE SAVED ON UNIT 1016 AT END OF TIME STEP    1, STRESS PERIOD   51


  VOLUME BUDGET FOR ENTIRE MODEL AT END OF TIME STEP    1, STRESS PERIOD  51
  ---------------------------------------------------------------------------------------------------

     CUMULATIVE VOLUME      L**3       RATES FOR THIS TIME STEP      L**3/T          PACKAGE NAME    
     ------------------                 ------------------------                     ----------------

           IN:                                      IN:
           ---                                      ---
              STO-SS =     6435149.3679                STO-SS =       17933.3424     STORAGE                          
                 WEL =           0.0000                   WEL =           0.0000     WEL                              
                 GHB =       48838.6540                   GHB =         211.7886     GHB                              

            TOTAL IN =     6483988.0219              TOTAL IN =       18145.1310

          OUT:                                     OUT:
          ----                                     ----
              STO-SS =     6078149.3696                STO-SS =       16933.3424     STORAGE                          
                 WEL =      357000.0000                   WEL =        1000.0000     WEL                              
                 GHB =       48838.6540                   GHB =         211.7886     GHB                              

           TOTAL OUT =     6483988.0236             TOTAL OUT =       18145.1310

            IN - OUT =      -1.6566E-03              IN - OUT =      -1.1446E-06

 PERCENT DISCREPANCY =          -0.00     PERCENT DISCREPANCY =          -0.00




         TIME SUMMARY AT END OF TIME STEP    1 IN STRESS PERIOD   51
                    SECONDS     MINUTES      HOURS       DAYS        YEARS
                    -----------------------------------------------------------
   TIME STEP LENGTH 6.04800E+05  10080.      168.00      7.0000     1.91650E-02
 STRESS PERIOD TIME 6.04800E+05  10080.      168.00      7.0000     1.91650E-02
         TOTAL TIME 3.08448E+07 5.14080E+05  8568.0      357.00     0.97741    


end timestep


start timestep kper="52" kstp="1" mode="normal"


 OUTPUT CONTROL FOR STRESS PERIOD 52 IS REPEATED USING SETTINGS FROM A PREVIOUS STRESS PERIOD.

 HEAD WILL BE SAVED ON UNIT 1016 AT END OF TIME STEP    1, STRESS PERIOD   52


  VOLUME BUDGET FOR ENTIRE MODEL AT END OF TIME STEP    1, STRESS PERIOD  52
  ---------------------------------------------------------------------------------------------------

     CUMULATIVE VOLUME      L**3       RATES FOR THIS TIME STEP      L**3/T          PACKAGE NAME    
     ------------------                 ------------------------                     ----------------

           IN:                                      IN:
           ---                                      ---
              STO-SS =     6560655.4151                STO-SS =       17929.4353     STORAGE                          
                 WEL =           0.0000                   WEL =           0.0000     WEL                              
                 GHB =       50336.9210                   GHB =         214.0381     GHB                              

            TOTAL IN =     6610992.3362              TOTAL IN =       18143.4735

          OUT:                                     OUT:
          ----                                     ----
              STO-SS =     6196655.4169                STO-SS =       16929.4353     STORAGE                          
                 WEL =      364000.0000                   WEL =        1000.0000     WEL                              
                 GHB =       50336.9210                   GHB =         214.0381     GHB                              

           TOTAL OUT =     6610992.3378             TOTAL OUT =       18143.4735

            IN - OUT =      -1.6645E-03              IN - OUT =      -1.1304E-06

 PERCENT DISCREPANCY =          -0.00     PERCENT DISCREPANCY =          -0.00




         TIME SUMMARY AT END OF TIME STEP    1 IN STRESS PERIOD   52
                    SECONDS     MINUTES      HOURS       DAYS        YEARS
                    -----------------------------------------------------------
   TIME STEP LENGTH 6.04800E+05  10080.      168.00      7.0000     1.91650E-02
 STRESS PERIOD TIME 6.04800E+05  10080.      168.00      7.0000     1.91650E-02
         TOTAL TIME 3.14496E+07 5.24160E+05  8736.0      364.00     0.99658    


end timestep

