SP,0,1,2,3,4,5,6,7,8,9,10,11,12,13,14,15,16,17,18,19,20,21,22,23,24,25,26,27,28,29,30,31,32,33,34,35,36,37,38,39,40,41,42,43,44,45,46,47,48,49,50,51,52,53,54,55,56,57,58,59,60,61,62,63,64,65,66,67,68,69,70,71,72,73,74,75,76,77,78,79,80,81,82,83,84,85,86,87,88,89,90,91,92,93,94,95,96,97,98,99,100,101,102,103,104,105,106,107,108,109,110,111,112,113,114,115,116,117,118,119,120,121,122,123,124,125,126,127,128,129,130,131,132,133,134,135,136,137,138,139,140,141,142,143,144,145,146,147,148,149,150,151,152,153,154,155,156,157,158,159,160,161,162,163,164,165,166,167,168,169,170,171,172,173,174,175,176,177,178,179,180,181,182,183,184,185,186,187,188,189,190,191,192,193,194,195,196,197,198,199,200,201,202,203,204,205,206,207,208,209,210,211
0,1.5929799701552838e-09,0.0,1.0424173524370417e-08,0.0,6.087111614760943e-08,0.0,3.065706550842151e-07,0.0,1.2625769159058109e-06,0.0,3.866913630190538e-06,0.0,7.164263934100745e-06,-4.547473508864641e-13,3.866915449179942e-06,0.0,1.2625810086319689e-06,0.0,3.0657565730507486e-07,0.0,6.087157089496031e-08,0.0,1.042371877701953e-08,0.0,1.5920704754535109e-09,0.0,2.2237145458348095e-10,0.0,2.9103830456733704e-11,4.547473508864641e-13,3.637978807091713e-12,4.547473508864641e-13,4.547473508864641e-13,1.8189894035458565e-12,4.547473508864641e-13,1.3642420526593924e-12,5.002220859751105e-12,1.8189894035458565e-12,2.091837814077735e-11,4.547473508864641e-13,6.684786058031023e-11,9.094947017729282e-13,1.596163201611489e-10,4.547473508864641e-13,2.4283508537337184e-10,0.0,1.6007106751203537e-10,0.0,6.821210263296962e-11,4.547473508864641e-13,4.092726157978177e-11,4.547473508864641e-13,1.850821718107909e-10,0.0,1.4720171748194844e-09,0.0,1.1174506653333083e-08,0.0,7.777316568535753e-08,0.0,4.848548087466042e-07,0.0,2.619061433506431e-06,0.0,1.1622167221503332e-05,0.0,3.847928246614174e-05,0.0,7.658619142603129e-05,0.0,3.8479281784020714e-05,0.0,1.1622166084634955e-05,0.0,2.619061433506431e-06,-2.2737367544323206e-13,4.848550361202797e-07,2.2737367544323206e-13,7.776930033287499e-08,0.0,1.117291503760498e-08,0.0,1.4699708117404953e-09,0.0,1.2099008017685264e-08,9.628365660319105e-09,8.419465302722529e-08,5.622769094770774e-08,5.248834895610344e-07,2.8319095690676477e-07,2.835281520674471e-06,1.1662918950605672e-06,1.2581650025822455e-05,3.5720197502087103e-06,4.165599466432468e-05,6.6179115947306855e-06,8.290888990813983e-05,3.5720204323297366e-06,4.165612153883558e-05,1.166298488897155e-06,1.258223255717894e-05,2.8325439416221343e-07,2.837392003129935e-06,5.681135917257052e-08,5.305487320583779e-07,1.4674469639430754e-08,9.356881491839886e-08,4.222511051921174e-08,1.7761522030923516e-08,3.03114575217478e-07,3.701643436215818e-09,2.0270567802072037e-06,7.785274647176266e-10,1.182097048513242e-05,1.5370460459962487e-10,5.698665586351126e-05,2.864908310584724e-11,0.00020613039805539302,5.4569682106375694e-12,0.0004470048706934904,1.3642420526593924e-12,0.00020613039760064567,4.547473508864641e-13,5.698665540876391e-05,2.7284841053187847e-12,1.182096798402199e-05,1.7280399333685637e-11,2.0270310869818786e-06,1.6189005691558123e-10,3.0291289476735983e-07,1.4761099009774625e-09,4.07549123337958e-08,1.2757482181768864e-08,5.045649231760763e-09,1.0303392627974972e-07,5.832134775118902e-10,7.65792719903402e-07,6.366462912410498e-11,5.124525614519371e-06,6.59383658785373e-12,2.9884510240663076e-05,4.547473508864641e-13,0.00014406758282348164,0.0,0.0005211168731875659,0.0,0.0011300700080028037,0.0,0.0005211168731875659,0.0,0.0001440675805497449,0.0,2.988450705743162e-05,2.2737367544323206e-13,5.124522886035265e-06,3.637978807091713e-12,7.657854439457878e-07,3.1377567211166024e-11,1.0302937880624086e-07,2.423803380224854e-10,1.2755663192365319e-08,1.7407728591933846e-09,1.476564648328349e-09,1.1399606592021883e-08,1.6189005691558123e-10,6.657251105934847e-08,1.6825651982799172e-11,3.3529863685544115e-07,2.2737367544323206e-12,1.3808951280225301e-06,4.547473508864641e-13,4.22929088017554e-06,4.547473508864641e-13,7.83564451012353e-06,4.547473508864641e-13,4.229291107549216e-06,0.0,1.380895582769881e-06,0.0,3.3529909160279203e-07,0.0,6.657387530140113e-08,0.0,1.1400288713048212e-08,0.0,1.7412276065442711e-09,0.0,2.426077116979286e-10,0.0,3.1377567211166024e-11,0.0,3.637978807091713e-12,0.0,2.2737367544323206e-13,0.0,0.0,0.0,0.0,0.0,0.0,0.0,0.0,0.0,0.0,0.0,0.0,0.0,0.0,0.0,0.0,0.0,0.0
1,1.5961768440320157e-07,0.0,8.272149898402859e-07,-4.547473508864641e-13,3.7915815482847393e-06,0.0,1.4876304703648202e-05,-4.547473508864641e-13,4.7521505166514544e-05,0.0,0.00011360374537616735,-4.547473508864641e-13,0.0001725926040307968,-1.8189894035458565e-12,0.00011360390453774016,-9.094947017729282e-13,4.752185304823797e-05,-4.547473508864641e-13,1.4876768091198755e-05,0.0,3.7919326132396236e-06,9.094947017729282e-13,8.273937055491842e-07,1.3642420526593924e-12,1.596872607478872e-07,4.092726157978177e-12,2.788874553516507e-08,1.5006662579253316e-11,4.485173121793196e-09,4.4565240386873484e-11,7.044036465231329e-10,1.1050360626541078e-10,3.4015101846307516e-10,2.0963852875865996e-10,1.8326318240724504e-09,2.710294211283326e-10,1.302942109759897e-08,2.1009327610954642e-10,8.764027370489202e-08,1.1186784831807017e-10,5.367169251258019e-07,4.5929482439532876e-11,2.8747317628585733e-06,1.546140993013978e-11,1.271148039450054e-05,4.092726157978177e-12,4.203446678729961e-05,9.094947017729282e-13,8.363907727471087e-05,9.094947017729282e-13,4.202490026727901e-05,0.0,1.2714769582089502e-05,0.0,3.0076434995862655e-06,0.0,1.4136326171865221e-06,0.0,4.8941924433165696e-06,0.0,2.321377860425855e-05,0.0,9.608796244719997e-05,0.0,0.000324752224059921,4.547473508864641e-13,0.0008213705464186205,4.547473508864641e-13,0.0013054705614194972,0.0,0.0008213705234538793,0.0,0.00032475202624482336,0.0,9.608635582480929e-05,-2.2737367544323206e-13,2.3201573867481784e-05,2.2737367544323206e-13,4.809254278370645e-06,0.0,8.841259386827005e-07,0.0,1.4744318832526915e-07,0.0,9.571203918312676e-07,7.641301635885611e-07,5.206293735682266e-06,3.5024322642129846e-06,2.5117015411524335e-05,1.3741829206992406e-05,0.00010401891222500126,4.3897487103095045e-05,0.00035156247940903995,0.00010494025877960667,0.0008891805055100122,0.0001594306547758606,0.001413248553944868,0.00010494110824765812,0.000889193075181538,4.390334197523771e-05,0.0003516094170663564,1.3777956610283582e-05,0.00010415475526315277,3.702209824041347e-06,2.5411431124666706e-05,1.7423651570425136e-06,5.622262960969238e-06,4.4119960875832476e-06,1.2515365597209893e-06,1.74645576862531e-05,2.954807314381469e-07,7.334548308790545e-05,7.160997483879328e-08,0.00031200653688756574,1.6763351595727727e-08,0.0011063703238960443,3.6520759749691933e-09,0.00293244456361208,7.325979822780937e-10,0.004826005312907,1.3960743672214448e-10,0.0029324171880489303,6.184563972055912e-11,0.0011062288158427691,3.310560714453459e-10,0.0003114230805749685,2.6420821086503565e-09,7.155624257393356e-05,2.0295374270062894e-08,1.4131526313576614e-05,1.4726765584782697e-07,2.479439899616409e-06,9.995619620895013e-07,3.953821305913152e-07,6.268255674513057e-06,5.8252453527529724e-08,3.5725815450859955e-05,8.027882358874194e-09,0.00018090085040967097,1.0447820386616513e-09,0.00078730655968684,1.2937562132719904e-10,0.0027966493644271395,1.5916157281026244e-11,0.007413422295030614,6.59383658785373e-12,0.01220057937916863,3.433342499192804e-11,0.007413422294121119,2.3305801732931286e-10,0.002796649361243908,1.44427758641541e-09,0.0007873065555941139,7.962626114021987e-09,0.0001809008444979554,3.7845438782824203e-08,3.572581454136525e-05,1.4770512279937975e-07,6.2682534007763024e-06,4.3841191654792055e-07,9.995601431000978e-07,8.845254342304543e-07,1.472662916057743e-07,1.3015576314501232e-06,2.0295374270062894e-08,4.22328866989119e-06,2.64162736129947e-09,1.5972405435604742e-05,3.269633452873677e-10,5.060195167061465e-05,3.865352482534945e-11,0.00012002201742689067,5.002220859751105e-12,0.00018093123776452558,4.547473508864641e-13,0.00012002057337667793,-4.547473508864641e-13,5.0593973810464377e-05,0.0,1.593510228303785e-05,0.0,4.0803258798405295e-06,0.0,8.933352546591777e-07,0.0,1.7283377928833943e-07,0.0,3.023478711838834e-08,0.0,4.8642050387570634e-09,0.0,7.287326297955588e-10,0.0,1.0322764865122736e-10,0.0,1.3869794202037156e-11,0.0,2.0463630789890885e-12,0.0,6.821210263296962e-13,0.0,0.0,0.0,0.0,0.0,0.0,0.0,0.0,0.0,0.0,0.0,0.0
2,3.059153186768526e-06,-4.547473508864641e-13,1.3210235920269042e-05,-4.547473508864641e-13,5.0287482736166567e-05,-4.547473508864641e-13,0.000163643240739475,-9.094947017729282e-13,0.00043494413012012956,0.0,0.0008782414724919363,0.0,0.001189457242617209,-1.3642420526593924e-12,0.0008782451654951728,-9.094947017729282e-13,0.0004349515247668023,4.547473508864641e-13,0.00016365257533834665,3.637978807091713e-12,5.0295089295104844e-05,1.3642420526593924e-11,1.3214657428761711e-05,5.411493475548923e-11,3.0611540751124267e-06,1.8826540326699615e-10,6.391342139977496e-07,5.807123670820147e-10,1.2278769645490684e-07,1.5379555406980217e-09,2.5685494620120153e-08,3.3492142392788082e-09,3.026161721209064e-08,5.678884917870164e-09,1.6874037100933492e-07,6.968548404984176e-09,9.893760761769954e-07,5.77074388274923e-09,5.319551746651996e-06,3.4915501601062715e-09,2.5495375211903593e-05,1.65391611517407e-09,0.00010521816511754878,6.439222488552332e-10,0.00035501475394994486,2.1191226551309228e-10,0.0008972693317446101,6.139089236967266e-11,0.001425771012691257,1.546140993013978e-11,0.0008971028528321767,3.637978807091713e-12,0.00035517691139830276,1.8189894035458565e-12,0.00010776028057080111,0.0,3.940773694921518e-05,0.0,6.849475857961806e-05,0.0,0.00025207109274560935,4.547473508864641e-13,0.0008540073636140733,4.547473508864641e-13,0.0023735688769193075,0.0,0.005001678774533502,4.547473508864641e-13,0.00697606889934832,0.0,0.005001675280936979,0.0,0.002373544118427162,-4.547473508864641e-13,0.0008538463305285404,-6.821210263296962e-13,0.0002511055104150728,2.2737367544323206e-13,6.324253445200156e-05,0.0,1.4069456710785744e-05,0.0,2.825860065058805e-06,0.0,1.52309848999721e-05,1.2202813195472118e-05,6.846363157819724e-05,4.6452523520201794e-05,0.0002718360069593473,0.00015116370923351496,0.000924337531614583,0.000401775172122143,0.0025694990981719457,0.0008112677921872091,0.005414612744061742,0.0010987602274781239,0.007552057668817724,0.0008113434757888172,0.0054148431986504875,0.0004021847630610864,0.0025702351522340905,0.00015309336413338315,0.0009261368486477295,5.4396360383179854e-05,0.00027518349861566094,4.0139767861546716e-05,7.276538963196799e-05,8.593111601840064e-05,1.8578628896648297e-05,0.00022158468050292868,4.85929376736749e-06,0.0006267926914915734,1.3038147699262481e-06,0.0020141914199029998,3.447662493272219e-07,0.005631943095750103,8.645565685583279e-08,0.011965623854848673,2.0184870663797483e-08,0.01671318428611812,4.548383003566414e-09,0.011963946697733263,2.344677341170609e-09,0.005625085193969426,1.0639723768690601e-08,0.00199223582490049,7.092421583365649e-08,0.0005742366113281605,4.5361366574070416e-07,0.00014131993134469667,2.7226769816479646e-06,3.066154545194877e-05,1.5179438378254417e-05,5.999258519295836e-06,7.761826373098302e-05,1.0763853879325325e-06,0.00035803564787784126,1.7936486074177083e-07,0.001456847451208887,2.8040176403010264e-08,0.005066437262485124,4.164803613093682e-09,0.014364775069680036,7.216840458568186e-10,0.030766903679705138,9.642917575547472e-10,0.04338159309963885,5.296897143125534e-09,0.030766903676976654,2.8969452614546753e-08,0.01436477506558731,1.433127181371674e-07,0.005066437254754419,6.258123903535306e-07,0.0014568474452971714,2.3367858830170007e-06,0.00035803563787339954,7.1207271048479015e-06,7.761825781926746e-05,1.6486616459587822e-05,1.5179435195022961e-05,2.6206256734440103e-05,2.72267470791121e-06,2.9378413728409214e-05,4.536095730145462e-07,5.7922718951886054e-05,7.08969309926033e-08,0.00016537213082301605,1.047783371177502e-08,0.00042574264807626605,1.4733814168721437e-09,0.0008406706435835076,1.9872459233738482e-10,0.001120022193163095,3.1377567211166024e-11,0.0008405283674619568,4.18367562815547e-11,0.00042511072160777985,2.0463630789890885e-10,0.00016304368728015106,9.117684385273606e-10,5.091974094284524e-05,3.2982825359795243e-09,1.3554868473875104e-05,8.857114153215662e-09,3.1730023692944087e-06,1.4661054592579603e-08,6.67904942019959e-07,8.857114153215662e-09,1.2854684428020846e-07,3.2978277886286378e-09,2.2912672648089938e-08,9.117684385273606e-10,3.8216967368498445e-09,2.0509105524979532e-10,6.014033715473488e-10,3.956301952712238e-11,9.072209650184959e-11,6.366462912410498e-12,1.3642420526593924e-11,4.547473508864641e-13,2.0463630789890885e-12,-9.094947017729282e-13,2.2737367544323206e-13,-9.094947017729282e-13,0.0,-4.547473508864641e-13,-2.2737367544323206e-13,-4.547473508864641e-13,-2.2737367544323206e-13,-4.547473508864641e-13,0.0
3,2.520983389331377e-05,-9.094947017729282e-13,9.37677714318852e-05,-4.547473508864641e-13,0.00030717559275217354,-4.547473508864641e-13,0.000861336145135283,0.0,0.00198480742301399,1.3642420526593924e-12,0.0035375393508729758,5.002220859751105e-12,0.004450463211469469,1.2278178473934531e-11,0.003537574520578346,3.2741809263825417e-11,0.001984874194022268,7.23048287909478e-11,0.0008614178868810995,1.4642864698544145e-10,0.00030724539419679786,3.469722287263721e-10,9.381222980664461e-05,1.0559233487583697e-09,2.5232592633983586e-05,3.235527401557192e-09,6.107145509304246e-06,8.911683835322037e-09,1.3670100997842383e-06,2.11216502066236e-08,3.810564521700144e-07,4.161711331107654e-08,6.501568350358866e-07,6.532491170219146e-08,3.191581981809577e-06,7.768630894133821e-08,1.5650073692086153e-05,6.756317816325463e-08,6.978714691285859e-05,4.505727702053264e-08,0.0002757556439973996,2.4102973839035258e-08,0.000935046351969504,1.0710209608078003e-08,0.0025953403255698504,4.063167580170557e-09,0.005465023962187843,1.3460521586239338e-09,0.007620109272011177,3.951754479203373e-10,0.005463843277084379,1.064108801074326e-10,0.002597312422039977,2.7284841053187847e-11,0.0009558301253491663,6.821210263296962e-12,0.00037372167071225704,9.094947017729282e-13,0.000451687370059517,0.0,0.0013131358523423842,0.0,0.003773564825678477,9.094947017729282e-13,0.008997795230243355,0.0,0.016541094442800386,0.0,0.02118732521353195,0.0,0.01654100102700795,0.0,0.008997229555006925,-2.2737367544323206e-13,0.0037704801859490544,0.0,0.0012977699234397733,2.2737367544323206e-13,0.000382615261059982,-2.2737367544323206e-13,9.947169473889517e-05,0.0,2.328731829948083e-05,0.0,0.00010768373022074229,8.661705965096189e-05,0.00041420276420467417,0.0002837510896824824,0.0014049104952391644,0.0007956584693147306,0.004081765941919002,0.0018335129818751739,0.009740051392782334,0.0032682663497780595,0.017906745718391903,0.004114379425118386,0.02293710027652196,0.0032868805433281523,0.017908525021994137,0.0019249780434620334,0.009745102512169979,0.0011284600034286996,0.0040926429905994155,0.001035469781527354,0.0014230780525394948,0.000634758089290699,0.00043626698379739537,0.0006836957004452415,0.00012585370086526382,0.001229990330784858,3.609838631746243e-05,0.002647169872034283,1.0498744359210832e-05,0.0066956935052076005,3.037741407752037e-06,0.015487757278378922,8.471461114822887e-07,0.028099561659018946,2.2298399926512502e-07,0.03567768945845273,5.778429112979211e-08,0.028077743419316903,3.361219569342211e-08,0.01541239889093049,1.3267344911582768e-07,0.0064942569715640275,7.571156857011374e-07,0.0022374792270056787,4.1462758417765144e-06,0.0006576040070740419,2.1230529455351643e-05,0.0001698404121270869,0.00010059543546958594,3.939064117730595e-05,0.0004357430311756616,8.339009809787967e-06,0.0016989716750686057,1.6319725091307191e-06,0.005842556300194701,2.9836473913746886e-07,0.01723513600654769,5.21824858878972e-08,0.04190395373097999,1.347689249087125e-08,0.0789141222244325,2.908313945226837e-08,0.10351175284495184,1.3988278624310624e-07,0.07891412222124927,6.416109954443527e-07,0.04190395372461353,2.648208010214148e-06,0.017235135996088502,9.61266050580889e-06,0.005842556290645007,2.9790684038744075e-05,0.001698971663699922,7.562001928818063e-05,0.000435743023899704,0.00014834943272035161,0.00010059542819362832,0.00021062242990410596,2.1230509446468204e-05,0.00023145480827224674,4.146175797359319e-06,0.0003595727309857466,7.5658863352146e-07,0.0008090976812127337,1.300322765018791e-07,0.0017568287526046333,2.1218511392362416e-08,0.003035496263009918,3.490185918053612e-09,0.0037560356934136507,1.5447767509613186e-09,0.0030329047499435546,5.0758899305947125e-09,0.0017471095493419853,2.0917468646075577e-08,0.000779351394612604,7.449580152751878e-08,0.0002851095882761001,2.1570303943008184e-07,8.901167188923864e-05,4.691264621214941e-07,2.4401074142588186e-05,6.649465831287671e-07,5.998574806653778e-06,4.6912464313209057e-07,1.3438111636787653e-06,2.1570031094597653e-07,2.777996996883303e-07,7.449034455930814e-08,5.352831067284569e-08,2.0903826225548983e-08,9.693167157820426e-09,5.003130354452878e-09,1.660737325437367e-09,1.0545591067057103e-09,2.710294211283326e-10,2.000888343900442e-10,4.206412995699793e-11,3.3651303965598345e-11,6.139089236967266e-12,4.092726157978177e-12,1.1368683772161603e-12,-4.547473508864641e-13,0.0,-9.094947017729282e-13,-2.2737367544323206e-13,-9.094947017729282e-13,0.0
4,0.0001232661156791437,0.0,0.00040393028893959126,4.547473508864641e-13,0.001166340008694533,2.7284841053187847e-12,0.0028912550847053353,1.3642420526593924e-11,0.005938086181686231,4.956746124662459e-11,0.009619847063731868,1.5734258340671659e-10,0.01152199788384678,4.210960469208658e-10,0.009620042595543055,9.486029739491642e-10,0.005938445835909079,1.7525962903164327e-09,0.002891688930503733,2.7912392397411168e-09,0.0011667229928207234,4.8416950448881835e-09,0.0004041918637085473,1.147827788372524e-08,0.0001234159585692396,3.052309693885036e-08,3.390649499124265e-05,7.57349880586844e-08,8.700479611434275e-06,1.63913682627026e-07,3.1130198294704314e-06,2.9873808671254665e-07,6.11028190178331e-06,4.431371962709818e-07,2.6246875677315984e-05,5.168549250811338e-07,0.00011060992483180598,4.654280019167345e-07,0.0004224678700666118,3.3309652280877344e-07,0.0014266925345509662,1.9548588170437142e-07,0.0041347292562932125,9.654104360379279e-08,0.009856038353973418,4.0998656913870946e-08,0.018122516211860784,1.525313564343378e-08,0.023233947840253677,5.050878826295957e-09,0.01811798674179954,1.5111254469957203e-09,0.009868581532373355,4.1245584725402296e-10,0.0042353158428340976,1.0413714335300028e-10,0.0018447404131620715,2.4101609596982598e-11,0.0018554868552200787,4.547473508864641e-12,0.004378338325750519,2.7284841053187847e-12,0.010910996355505631,2.2737367544323206e-12,0.022962782789818448,9.094947017729282e-13,0.038017529819171614,0.0,0.046032959927288175,6.821210263296962e-13,0.03801658579141076,4.547473508864641e-13,0.02295750301937005,-2.2737367544323206e-13,0.010885678588238079,0.0,0.004269727965265702,0.0,0.0014374831912391528,-2.2737367544323206e-13,0.00042663909516704734,6.821210263296962e-13,0.0001138672655542905,-4.547473508864641e-13,0.0004618546681740554,0.00037313835355234914,0.0015561369064016617,0.0010774831282560626,0.004622174598353013,0.0026713733498127112,0.011784304534103285,0.005489053881092332,0.024852911548805423,0.00890791769097632,0.04115602133651919,0.010752977894981086,0.04983641143917339,0.009363434882288857,0.04116423144023429,0.007183029921407069,0.02487427974392631,0.0072022170079435455,0.01182623057775345,0.008723238569473324,0.0046871476074556995,0.005826635928769974,0.001632379236525594,0.003983129123525941,0.0005268481086204702,0.004505853539512827,0.0001652795708650956,0.007503535220621416,5.173439194550156e-05,0.015442124057017281,1.6098680134746246e-05,0.03057315753221701,4.875564627582207e-06,0.0494819585883306,1.4111869859334547e-06,0.059467303289466145,4.1079010770772584e-07,0.049351138504562186,2.629935806908179e-07,0.03017425667326279,9.210543794324622e-07,0.01450357021644777,4.59835655419738e-06,0.005755889614192711,2.2084874217398465e-05,0.0019548908139768173,9.9063216111972e-05,0.0005834773101014434,0.00041089866499532945,0.00015614418521181506,0.0015587544608024473,3.8051015508244745e-05,0.005334314831543452,8.548506229999475e-06,0.016178603805656167,1.7904142168845283e-06,0.042458780887500325,3.650554845080478e-07,0.09314950556563417,1.3654585018230136e-07,0.16187291429014294,3.483733053144533e-07,0.20355123076842574,1.4673003079224145e-06,0.1618729142869597,5.808675950902398e-06,0.09314950555744872,2.0658206494772458e-05,0.04245878087840538,6.461910857069597e-05,0.016178603794287483,0.00017314099500254088,0.005334314826541231,0.0003837019492038962,0.0015587544489790162,0.0006728872347139259,0.00041089862133958377,0.000900024838756508,9.906299965223297e-05,0.0009963110098851757,2.2083795556682162e-05,0.001371904416828329,4.593249741446925e-06,0.0025721662757405284,8.982510735222604e-07,0.004865136794251157,1.6739932107157074e-07,0.0076342866843788215,3.5706307244254276e-08,0.009041268617465903,3.3862306736409664e-08,0.007614427272756075,1.1677275324473158e-07,0.0047998311215451395,4.088897185283713e-07,0.0023992090532374277,1.2297787179704756e-06,0.0009946957770807785,3.023363206011709e-06,0.000353680034095305,5.684805273631355e-06,0.00011059178768846323,7.360564723057905e-06,3.1000545277493075e-05,5.684775715053547e-06,7.908132602096885e-06,3.023290901182918e-06,1.8579710285848705e-06,1.2296441127546132e-06,4.0596091821498703e-07,4.086277840542607e-07,8.315487320942339e-08,1.1586553227971308e-07,1.607554622751195e-08,2.88855517283082e-08,2.9494913178496063e-09,6.4701453084126115e-09,5.159108695806935e-10,1.3233147910796106e-09,8.617462299298495e-11,2.5056579033844173e-10,1.3869794202037156e-11,4.3655745685100555e-11,1.5916157281026244e-12,6.366462912410498e-12,4.547473508864641e-13,1.3642420526593924e-12,0.0
5,0.00042231209636156564,5.4569682106375694e-12,0.0012403480554894486,2.0463630789890885e-11,0.0032155767025869864,7.594280759803951e-11,0.007188981670424255,2.7330315788276494e-10,0.013446735571960744,8.594724931754172e-10,0.02024272101243696,2.3865140974521637e-09,0.023448176369583962,5.712081474484876e-09,0.02024348591658054,1.1517386155901477e-08,0.01344811754370312,1.925809556269087e-08,0.0071906395646692545,2.7701389626599848e-08,0.0032170783965739247,4.14233909395989e-08,0.0012414331235959253,8.167808118741959e-08,0.0004230049321449769,1.9039771359530278e-07,0.00012986420733795967,4.3034560803789645e-07,3.77504570678866e-05,8.630213415017352e-07,1.658834662521258e-05,1.4776433090446517e-06,3.390621168364305e-05,2.0994093574699946e-06,0.0001287356212742452,2.415387825749349e-06,0.0004761642276207567,2.227686309197452e-06,0.0015948579193718615,1.6776143638708163e-06,0.0047244775014405604,1.0553490028542e-06,0.012048161432630877,5.658216650772374e-07,0.025493596339401847,2.630940798553638e-07,0.04247922633885537,1.0774601832963526e-07,0.05175005717956083,3.940067472285591e-08,0.04246818558203813,1.3021235645283014e-08,0.025545757594500174,3.930836101062596e-09,0.012388583706979261,1.0945768735837191e-09,0.005994158302200958,2.828528522513807e-10,0.005493969760209438,7.003109203651547e-11,0.010859229668312764,1.77351466845721e-11,0.023876617814948986,7.275957614183426e-12,0.045360502862422436,4.547473508864641e-12,0.06933562618405631,3.637978807091713e-12,0.08089151422768737,3.183231456205249e-12,0.06933041429670084,2.9558577807620168e-12,0.04533227843558052,2.0463630789890885e-12,0.0237537590348893,1.5916157281026244e-12,0.010393091907189955,1.3642420526593924e-12,0.003918606677189018,4.547473508864641e-13,0.0013040499513863324,-2.2737367544323206e-13,0.0003901496322669118,-2.2737367544323206e-13,0.0014115443154878449,0.0011460386281214596,0.00424160221564307,0.0029720436564275587,0.011249624431911798,0.0066501484784566856,0.025710420350606,0.012469105455693352,0.049061091533985746,0.01891783960900284,0.07501469094586355,0.0225429300533051,0.0874968513821841,0.021754901713393338,0.07504194673356324,0.021105216270370875,0.04912767963742226,0.025392654897359535,0.025832492725839984,0.03006455113973061,0.011429063625200797,0.022513964206154924,0.004447508077646489,0.014792354561677712,0.0015910963875285233,0.01280706524494235,0.0005448254064503999,0.01679769561701505,0.00018333194520891993,0.028866841400713383,6.092285593695124e-05,0.050477073505135195,1.9761728253797628e-05,0.07574526724260977,6.180955551826628e-06,0.0886823775481389,1.983782112802146e-06,0.0752546041687765,1.369582605548203e-06,0.04911009649708831,4.327634542278247e-06,0.02590936805813726,1.9258831798651954e-05,0.011463494068721047,8.279393432530924e-05,0.004374855201831451,0.00033270637186433305,0.0014722922664986982,0.0012379077807054273,0.00044467380803325796,0.004222611060868076,0.00012224822944517655,0.01304357413073376,3.0948531048125005e-05,0.03590585205893149,7.305233793886146e-06,0.08615860218105809,1.7255042621400207e-06,0.1745026323392267,8.7697458184266e-07,0.2839180162750381,2.335469162062509e-06,0.3439536414916802,8.747522997509805e-06,0.2839180162714001,3.063192639274348e-05,0.17450263233013175,9.647540355217643e-05,0.08615860217332738,0.00026809800601768075,0.0359058520484723,0.0006424449879887106,0.013043574113908107,0.0012896602599994367,0.004222610989017994,0.002097721001973696,0.001237907435552188,0.002710748793788298,0.0003327047429593222,0.0030076681448463205,8.278657242044574e-05,0.0038420041173594655,1.9227292796131223e-05,0.006285075586902167,4.200172497803578e-06,0.010657556134901824,8.849860932969023e-07,0.015592152832823558,2.523911462049e-07,0.017951716590914657,3.531235961418133e-07,0.015501242287200512,1.1270999493717682e-06,0.010387085370211935,3.445130005275132e-06,0.005643515469955673,9.056132057594368e-06,0.00257745564886136,1.9618583337432938e-05,0.0010174001292853063,3.316134461783804e-05,0.0003546512134562363,4.0539418023399776e-05,0.0001110415914808982,3.3160916700580856e-05,3.165556427120464e-05,1.9617616544564953e-05,8.30816270536161e-06,9.054502243088791e-06,2.0259251414245227e-06,3.4424374462105334e-06,4.6251602725533303e-07,1.1199495020264294e-06,9.950076673703734e-08,3.2045727493823506e-07,2.0281277102185413e-08,8.230381354223937e-08,3.935156200896017e-09,1.9272647477919236e-08,7.296421244973317e-10,4.165940481470898e-09,1.298303686780855e-10,8.399183570872992e-10,2.205524651799351e-11,1.596163201611489e-10,3.865352482534945e-12,3.001332515850663e-11,4.547473508864641e-13
6,0.0011205856649212365,6.957634468562901e-11,0.0029920961169409566,2.546585164964199e-10,0.007071927823290025,8.826646080706269e-10,0.014496397371658531,2.7980604500044137e-09,0.025127923849140643,7.961261871969327e-09,0.03574067367208045,2.0020252122776583e-08,0.04043791766525828,4.3671207095030695e-08,0.03574302167635324,8.104234439088032e-08,0.02513212544090493,1.2668124327319674e-07,0.014501436400678358,1.7296179066761397e-07,0.007076591940403887,2.4104383555823006e-07,0.0029956346788821975,4.213302418065723e-07,0.0011231009425500815,8.786437319940887e-07,0.00038046853842388373,1.8278037714480888e-06,0.00012406962650857167,3.433707661315566e-06,6.440098104576464e-05,5.584528025792679e-06,0.00013110972440699697,7.666968031116994e-06,0.00044553761972565553,8.724374765733955e-06,0.0014725667110724316,8.177541985787684e-06,0.00441412136569852,6.391712304321118e-06,0.011737542699393089,4.2385222513985354e-06,0.02703665706440006,2.423577825538814e-06,0.052285586048583355,1.212305505760014e-06,0.081331059428976,5.374236025090795e-07,0.09604345337857012,2.1363393898354843e-07,0.08131309853297353,7.695871317991987e-08,0.052445586109570286,2.5362624000990763e-08,0.02792689927173342,7.712515071034431e-09,0.014762706727196928,2.1814230422023684e-09,0.012871041198195599,5.811671144329011e-10,0.021960777844014956,1.5188561519607902e-10,0.04327282064696192,4.9112713895738125e-11,0.0756674071631096,2.955857780762017e-11,0.10904810309284585,2.864908310584724e-11,0.12428326242093135,2.955857780762017e-11,0.10902823197466205,2.6830093702301383e-11,0.07556310874133487,2.0691004465334117e-11,0.042854326554333966,1.318767317570746e-11,0.020527164741451998,7.958078640513122e-12,0.008523016228537017,4.320099833421409e-12,0.003132018434598649,1.8189894035458565e-12,0.0010357258361182176,6.821210263296962e-13,0.003388204413568019,0.0027671557354551624,0.009217886413352971,0.006548825877416675,0.02218948443851332,0.013464920914657341,0.046277169779386895,0.023516914176980208,0.08143926698357973,0.03413991615229861,0.1171401009632973,0.04102523534152169,0.13315263719960058,0.043504851007583056,0.11721251507697161,0.04861414081528892,0.08160812565165543,0.061611081494902464,0.04657147188254385,0.07133478448326969,0.02260562189258053,0.05661804746000598,0.009687946019766969,0.03816678021507869,0.0038048021069698734,0.02950873908957874,0.001416553422131983,0.03241871421687392,0.0005120634859849815,0.04801434170667562,0.00018126823124475777,0.07627248144808618,6.253422588997637e-05,0.10864574928382353,2.090713815050549e-05,0.12479058757730854,7.29770044927136e-06,0.10729741602858667,5.348430477170041e-06,0.07274843145933119,1.5461936527572107e-05,0.04078922499343207,6.22942889094702e-05,0.01951840401852678,0.00024368527692786301,0.00815121362870741,0.0008926085602070088,0.003023130422889153,0.0030327671588565863,0.0010101417756231967,0.009469098817135091,0.00030777603706155787,0.02685171857046953,8.641164049549843e-05,0.06808938803305864,2.268120306325727e-05,0.15112286545263487,6.175760745463776e-06,0.2847815400164109,4.009517169833998e-06,0.4362271625491303,1.0613059885145049e-05,0.5121605744843691,3.5948481809100485e-05,0.4362271625441281,0.00011371740197319014,0.2847815400077707,0.0003245209138640348,0.1511228654394472,0.0008212128445848066,0.0680893880066833,0.0018064520058942435,0.026851718463603902,0.0033717516112119483,0.009469098363751982,0.005203467349019775,0.0030327651370498643,0.006569117518210987,0.0008925998213271669,0.007265995582656615,0.00024364928185605095,0.00879534903970125,6.215365283424035e-05,0.012976228626939701,1.4942213965696283e-05,0.020159041091801555,3.5346565709915012e-06,0.0279308421377209,1.3160770322429016e-06,0.03148614164820174,2.180964656872675e-06,0.027631435405055527,6.334446879918687e-06,0.019332968904109293,1.725978836475406e-05,0.011173684125878935,4.060199898958672e-05,0.005498330316413558,7.947351969050942e-05,0.002358798943532747,0.0001238644158547686,0.000898750383839797,0.00014567038124368992,0.0003086834440182429,0.00012386102844175184,9.672918804426445e-05,7.946627147248364e-05,2.793282305901812e-05,4.059048796989373e-05,7.496024409192614e-06,1.724223511700984e-05,1.8827822714229114e-06,6.294502782111522e-06,4.453208930499386e-07,2.0242250684532337e-06,9.970904102374334e-08,5.843699000251945e-07,2.1230562197160907e-08,1.5369187167380005e-07,4.316007107263431e-09,3.725972419488244e-08,8.401457307627425e-10,8.40600478113629e-09,1.5711520973127335e-10,1.7798811313696206e-09,2.8194335754960775e-11,3.574314177967608e-10,4.547473508864641e-12
7,0.0024597393271506007,5.838955985382199e-10,0.006043700903774152,2.007709554163739e-09,0.013192886842716689,6.376922101480886e-09,0.025137795077171177,1.846319719334133e-08,0.04094574639157145,4.8126366891665384e-08,0.055709250633299234,1.113262442231644e-07,0.06195548489040448,2.248898454126902e-07,0.05571529772714712,3.908530743501615e-07,0.04095651595207528,5.822857929160818e-07,0.02515074615530466,7.726330295554362e-07,0.013205110815761145,1.0414860298624262e-06,0.0060534030681083095,1.6875592336873524e-06,0.002467394034283643,3.2206580726779066e-06,0.000912687315576477,6.231490260688588e-06,0.00033101012604674906,1.1061453733418602e-05,0.00019683204573084367,1.7226924683200195e-05,0.00039177705639303895,2.2990096113062464e-05,0.0012071822916368546,2.5909709165716777e-05,0.003623384617640113,2.4552121431042906e-05,0.009898111614802474,1.9731003249034984e-05,0.024101465463445493,1.3630406101583503e-05,0.051224194809037726,8.204074219975155e-06,0.09247881987448636,4.355540568212746e-06,0.13672001600116346,2.0623797354346607e-06,0.15787314105773476,8.79836079548113e-07,0.13670360247897406,3.4130380299757235e-07,0.09287091017358762,1.2140026228735223e-07,0.05314681401705457,3.9899077819427475e-08,0.030136461411530036,1.2205873645143583e-08,0.025485386413947708,3.514742275001481e-09,0.038548169353816775,9.877112461254e-10,0.06916090246704698,3.1877789297141135e-10,0.11336715983134127,1.709850039333105e-10,0.15687639475845572,1.5415935195051134e-10,0.17632954510463605,1.559783413540572e-10,0.156816981785596,1.4233592082746327e-10,0.11306907945254352,1.1323209037072957e-10,0.06804808979359223,7.776179700158536e-11,0.0350472259738126,4.774847184307873e-11,0.015772519372831084,2.6147972675971687e-11,0.006310920848363821,1.2050804798491299e-11,0.0022777171750476555,5.002220859751105e-12,0.0068089247420175525,0.005608193143416429,0.01698867827099093,0.012292514637465501,0.03763618452921946,0.023618138744268435,0.07269418863643295,0.039160051830094744,0.11978620471700197,0.055476310387803096,0.1643277351249708,0.06806609637942529,0.18336581962012133,0.07791099347468844,0.16449178949005727,0.09479534889169372,0.12015547022565443,0.1228056531308539,0.07331316678209987,0.14053699091982708,0.03848556068578546,0.11512598502417859,0.01793678790818376,0.07931017535111096,0.007659800902274583,0.05809440195798743,0.003083808531300747,0.056474027530384774,0.0011950053462896904,0.07425263305685803,0.00044994247173235635,0.1088842324579673,0.0001644896674406482,0.1480548299930433,5.8412814723851625e-05,0.16664270263891012,2.196583727709367e-05,0.14507146348046263,1.689380178504507e-05,0.10142330320036308,4.5179044718679506e-05,0.05946738794909834,0.00016678627662258805,0.030145465767873247,0.0006009631251799874,0.013484660726589937,0.002031170065947663,0.005402069294859757,0.006376426473707397,0.001961052376373118,0.018422002470742882,0.0006515578397738864,0.04841868424682616,0.00019997621461698145,0.11403982940328206,5.770012057837448e-05,0.23591060611397552,1.8024055634668912e-05,0.41724392859487125,1.4216750514606247e-05,0.6087525077446116,3.6723305129271466e-05,0.700283658452463,0.00011420700388953264,0.6087525077391547,0.0003320214764244156,0.41724392858122883,0.0008742143354538712,0.23591060607714098,0.0020524158746866306,0.1140398292759528,0.0042217846612402354,0.04841868371340752,0.007452662621290074,0.018422000221562485,0.011056785092705468,0.006376417231876985,0.013710078092344702,0.002031133627951931,0.01508349261166586,0.0006008259920236014,0.01753479920762402,0.00016629487527097808,0.023885022954345914,4.350539711595047e-05,0.03453041333955298,1.1478880423965165e-05,0.045736631144563944,5.292475634632865e-06,0.05065630753142614,9.279939604311949e-06,0.04494726620100664,2.4589938675489975e-05,0.0324738924898611,6.071585085010156e-05,0.019677115308468274,0.0001301496199630492,0.01026605783749801,0.00023461562477677944,0.004708701316985753,0.00034349016459600534,0.0019299607017728704,0.0003932403683393204,0.0007161794746934902,0.0003434724562794145,0.00024320343823092117,0.00023457909628632478,7.625635976182821e-05,0.00013009376880290802,2.2245276340981945e-05,6.063396858735359e-05,6.076968702473096e-06,2.4419513010798255e-05,1.5634327610314358e-06,8.686107321409509e-06,3.806778750004014e-07,2.776386736513814e-06,8.810525287117343e-08,8.085089575615712e-07,1.945659278135281e-08,2.169103936466854e-07,4.112962415092625e-09,5.41058398084715e-08,8.342340152012184e-10,1.2643795344047248e-08,1.6189005691558123e-10,2.787601260934025e-09,2.9103830456733704e-11
8,0.004674756449276174,3.5256562114227563e-09,0.010680103232516558,1.1215433914912865e-08,0.021769594975467044,3.289278538431972e-08,0.038995720263756084,8.804681783658452e-08,0.06034881990444774,2.1273081074468791e-07,0.07926339381765501,4.5816250349162146e-07,0.087009343993941,8.680599421495572e-07,0.07927702761253386,1.431632881576661e-06,0.06037305584368369,2.0595498426700942e-06,0.039024997854085086,2.690821020223666e-06,0.02179774910746346,3.5744797060033306e-06,0.010703445759645547,5.523264462681254e-06,0.004695068021192128,9.842215604294324e-06,0.001879556711173791,1.789589259715285e-05,0.0007523650001530768,3.0234625683078775e-05,0.0005008894418097043,4.536460573945078e-05,0.0009689975045148458,5.9099067584611475e-05,0.0027408961123001063,6.602079565709573e-05,0.0075745446952169004,6.302624069576268e-05,0.01913423461110142,5.173950694370433e-05,0.0433051289105606,3.692249947562232e-05,0.0861444348574878,2.3168923689809162e-05,0.146981907706504,1.292103661398869e-05,0.20834033792607443,6.466509148594923e-06,0.23616327481840926,2.929909896920435e-06,0.20834916950798288,1.2115920071664732e-06,0.14779423879463138,4.6066907088970765e-07,0.089742012624356,1.6215199138969183e-07,0.05387150450678746,5.3201347327558324e-08,0.044710731204304466,1.64350240083877e-08,0.06142315418173894,4.9308255256619304e-09,0.10194516893034233,1.6329977370332927e-09,0.15906619828001567,8.167262421920896e-10,0.21399063108492555,6.730260793119669e-10,0.23822497572587054,6.546088116010651e-10,0.21384203841103044,5.973106453893706e-10,0.15835947887853763,4.845333023695275e-10,0.09947010659016087,3.4560798667371273e-10,0.05417200542910905,2.1964297047816217e-10,0.026023493968978073,1.2391865311656147e-10,0.011184698485294575,6.366462912410498e-11,0.004352999902721422,3.0240698833949864e-11,0.011970608190495113,0.010001715340422379,0.02769597750466346,0.020592384663359553,0.05713238046200786,0.0375600073791702,0.10345321838167365,0.06011761411537009,0.16155069844126047,0.08434685399720365,0.2135350978628594,0.10622026517080485,0.23504796766928848,0.12904636854091223,0.21386454992807558,0.1653527556438803,0.1622718426197025,0.21578569582402451,0.10462466438411866,0.24436399917703966,0.05870124638067864,0.20475601996599835,0.02943072241077971,0.14373414205374502,0.013543598068281426,0.10233877036876038,0.005859457890892372,0.09118732738465951,0.002425615939500858,0.10869047946789578,0.0009694420855339558,0.14857721693874737,0.0003746716624846158,0.19398743593819745,0.00014079000447964063,0.2150434042625875,5.667191317115794e-05,0.18833063402894368,4.5354379381024046e-05,0.1348314353801925,0.0001131417220676667,0.08197321011289205,0.0003861485261040798,0.043514542918273946,0.0012928035616823763,0.02055941217599866,0.004066159161084215,0.00876411689159795,0.011889813543348282,0.0034057417115036515,0.032030783140271524,0.0012168092989668366,0.07863062708520374,0.0004031208252399665,0.1734783811057241,0.00012661446112360863,0.337992463442788,4.513639964898175e-05,0.5685885448065164,4.1581660298106726e-05,0.801835680703789,0.00010418868555461813,0.9113788724166625,0.000301275677884405,0.8018356806919655,0.0008158476809967397,0.5685885447651344,0.0020091296998998587,0.3379924632918119,0.004435045717400499,0.17347838050181963,0.00863856511227823,0.078630624680045,0.014580477059780605,0.032030773786118516,0.020961134978733753,0.011889778574186494,0.025610895318095572,0.004066033648996381,0.02802192182912222,0.0012923714307362388,0.03159949723931277,0.000384722831313411,0.04042773522451171,0.00010863813531614142,0.054991950446719784,3.173167669956456e-05,0.06999245321503622,1.7125707472587237e-05,0.07625696581089869,3.0036935186217306e-05,0.06821713202634783,7.313379228435224e-05,0.05056915725708677,0.0001659238682805153,0.03182987650689029,0.0003290538234068663,0.01741234796304525,0.0005549410743697081,0.008435945828523472,0.00077426690268112,0.0036735742887685774,0.0008696333870830131,0.001454905369428161,0.0007741981212348037,0.0005291048064464121,0.000554802660644782,0.000178112749608772,0.0003288470111328934,5.588120757238357e-05,0.00016562602468184195,1.64370887887344e-05,7.25451441212499e-05,4.556395424515358e-06,2.81652878584282e-05,1.195746108351159e-06,9.844463420449756e-06,2.982892510772217e-07,3.137289695587242e-06,7.098833521013148e-08,9.211771612172015e-07,1.6169451555470005e-08,2.5138433557003736e-07,3.5354332794668153e-09,6.422760634450242e-08,7.439666660502553e-10,1.5459590940736234e-08,1.5120349416974932e-10
9,0.00794726255344358,1.623584466869943e-08,0.017034486402735638,4.806270226254128e-08,0.03272567075464394,1.3125327313900925e-07,0.05563288274561273,3.277700670878403e-07,0.08253702662750584,7.411390470224433e-07,0.10540971854561576,1.5012155927252024e-06,0.1145783431234122,2.6956658985000104e-06,0.10543738896740251,4.263094069756335e-06,0.08258621229515484,5.979264642519411e-06,0.05569264553469111,7.753216777928174e-06,0.032784215069114,1.0248965736536775e-05,0.017085160424358037,1.5364122646133183e-05,0.00799545125437362,2.59702533185191e-05,0.003438284797994129,4.4798431645176606e-05,0.001508829809154122,7.248748988786247e-05,0.0011054873357352335,0.00010528831217015977,0.002077902808196086,0.00013432219975584303,0.005452839321151259,0.00014883731410009204,0.01402326841298418,0.00014280816958489595,0.033106453115578915,0.0001192099853142281,0.07033794642438806,8.734597622606088e-05,0.1321004379610713,5.6732208577159327e-05,0.21451556252895898,3.2972961435007164e-05,0.29307365449903955,1.7296393252763664e-05,0.3270874667996395,8.253013220382854e-06,0.2931512915042731,3.6076967262488324e-06,0.2159995960487322,1.4543288671120536e-06,0.13814825245526663,5.439756023406517e-07,0.0871541091059953,1.899838935059961e-07,0.07175120446663641,6.254140316741541e-08,0.09153393609358318,1.9947037799283862e-08,0.14245106008638686,6.840309652034193e-09,0.21358107376318003,3.272361936978996e-09,0.2808109839320423,2.4961082090158015e-09,0.3099131293895425,2.329898052266799e-09,0.2804879698496734,2.1150299289729446e-09,0.2121260705705481,1.7359980120090768e-09,0.13763485668823705,1.270791472052224e-09,0.07825322901612708,8.317329047713429e-10,0.03960118959821557,4.897628969047219e-10,0.018055782385090424,2.6147972675971687e-10,0.007492031853871595,1.2823875294998288e-10,0.018995838364389783,0.01625377601362743,0.04114531239429198,0.031840409285678106,0.07982880834788375,0.05587700763749126,0.13692709521774304,0.08742544476353942,0.20472068999561088,0.12255333827965842,0.26304538334989047,0.1583803172518401,0.28689549454156804,0.20112252770877603,0.26364634300216494,0.26520659660695856,0.20600636478911838,0.3448982018303468,0.13896159818159504,0.3862984184852394,0.08249859225770706,0.32966415254122694,0.04407463167717651,0.2360400607065003,0.02167554827656204,0.16609237652960473,0.010012213373556733,0.13909190841604868,0.004408386835166311,0.1529216055305369,0.0018650451033863646,0.1971663549616096,0.0007603124890920299,0.24980772335834445,0.000301535592370783,0.2741863572653074,0.00012932891831951565,0.24019624318680144,0.00010702102190407459,0.17419312772699413,0.0002506174691916385,0.10864968249643425,0.0007960886759974528,0.05979286744013734,0.002492869455636537,0.029532513656477022,0.007345218653426855,0.013250394245687858,0.020142913134804985,0.005450092349065017,0.050971327350453066,0.0020706008119759645,0.11784658238457268,0.0007327280295612582,0.24597100553364726,0.00024854462299117586,0.4566233375403499,0.00010052852758235531,0.7395076508692,0.00010482132393008214,1.0172237525430319,0.000254442705454494,1.1449905622548613,0.0006910052461535088,1.0172237524989214,0.0017609000708489475,0.7395076506886653,0.004096471646789723,0.4566233368450412,0.008583050817151161,0.245971002915212,0.015966496125656704,0.11784657281486943,0.025952391950340825,0.05097129369369213,0.0363402603547911,0.020142799093719077,0.043852570511262456,0.007344846031173802,0.04775487744541351,0.002491693935553485,0.05263225009980488,0.0007925053905637469,0.06403961004184566,0.0002400607081654016,0.08260530638517594,7.695021622566856e-05,0.10134199828280543,4.6378234856092604e-05,0.1086828531726951,7.917740958873765e-05,0.09779993078382176,0.00017859983836387983,0.07409368424032436,0.00037686038467654726,0.04817665811788174,0.0007004526078162598,0.027436940970801516,0.0011194173171134025,0.013923457739792866,0.0015045451500554918,0.006383030935239731,0.0016661834297337919,0.0026724450297024305,0.0015043305693325237,0.0010309189226518356,0.0011189923766323773,0.0003691083707053622,0.0006998257340455893,0.00012342353647909476,0.000375962652015005,3.875210586556932e-05,0.00017687907620711485,1.147888519881235e-05,7.408565397781786e-05,3.2213197300734464e-06,2.800969286909094e-05,8.596614406997105e-07,9.669570772530278e-06,2.188994585594628e-07,3.077750079683028e-06,5.334686647984199e-08,9.106197467190214e-07,1.2477357813622802e-08,2.521960595913697e-07,2.808292265399359e-09,6.57701093587093e-08,6.095888238633052e-10
10,0.0123799724010496,6.024765752954409e-08,0.025093032861605025,1.670914571150206e-07,0.04581143975292434,4.281073415768333e-07,0.07453406005151919,1.0053327059722506e-06,0.10687612086439913,2.1451792235893663e-06,0.13361062633248366,4.122074187762337e-06,0.144228449437378,7.076947440509684e-06,0.13366215049836683,1.082318885892164e-05,0.1069678191543062,1.4906849628459895e-05,0.07464623998475872,1.928031451825518e-05,0.045923424539523694,2.5489642666798318e-05,0.025194184324391244,3.745195726878592e-05,0.01248400282156581,6.0755789945687866e-05,0.005730366583065916,0.00010024344146586373,0.0027402167775107955,0.000156195902491163,0.002179881600113731,0.00022049456401873613,0.003986688404893357,0.0002761528439805261,0.00978823086779812,0.00030369192245416343,0.023610761862528307,0.0002924159548456373,0.05247888529129341,0.00024740391882005497,0.10536840408531134,0.00018528682039686828,0.1879338294579611,0.0001238906515936833,0.2919675688749521,7.458137451976654e-05,0.38621867315532654,4.073533682458219e-05,0.4255193915746531,2.0328468963271007e-05,0.3864320521238369,9.328379746875726e-06,0.2944358700715384,3.959431069233688e-06,0.1973198840942132,1.563135811011307e-06,0.13031602318324076,5.773340490122791e-07,0.1074749788635927,2.0127799871261232e-07,0.1297519868148811,6.789787221350707e-08,0.19125444168594186,2.4180280888685957e-08,0.2768258967030306,1.1298197932774201e-08,0.35642830469578257,8.070401236182079e-09,0.39030907682786165,7.2470811574021354e-09,0.35580133549592574,6.527216100948863e-09,0.2741439436631481,5.408310244092718e-09,0.18281110106818232,4.039520717924461e-09,0.1076646419280678,2.717115421546623e-09,0.05685202029735592,1.6545982362003997e-09,0.027220790837418463,9.185896487906575e-10,0.011923041570526038,4.679350240621716e-10,0.02784405151351166,0.024676034163121585,0.05694975672940927,0.04647724409028342,0.10489152413856573,0.07925109218922444,0.1721503825169748,0.12217199207680096,0.24903948987548574,0.17179488448209668,0.3140195113437585,0.2270762445245964,0.34087102043895356,0.29728893554556635,0.3150317537383671,0.3971098970835101,0.25116384902548816,0.5113882922980793,0.17543821939761983,0.5667000834012015,0.1091321619151131,0.49107124150418713,0.06157309647187503,0.3590503674745378,0.03210615745138057,0.25275881140532874,0.015731030574897886,0.20320901403852076,0.007331203541070863,0.20963108654495954,0.003272033350640413,0.25760168680653805,0.001403500186825113,0.31823016840462515,0.0005861739873580518,0.34534607778391546,0.0002669095651981479,0.30309941367363535,0.00022729153715772554,0.22171321676523803,0.0005022634254601144,0.14064633424914064,0.001493116661094973,0.07945537534124014,0.004397937751491554,0.04063008987395733,0.012213891881856398,0.019007911722155768,0.031622209087345254,0.008199210452175976,0.07572635935275684,0.003282515892124138,0.16628724446036358,0.0012302935681418603,0.3313792494136578,0.00044795030134991976,0.5915025064309702,0.0002042443002210348,0.9290530789558034,0.00023495649429605692,1.2517826471648732,0.0005527156617972651,1.397218918084036,0.0014207351875938912,1.2517826469634201,0.003433196853393383,0.9290530781559028,0.007599751195812132,0.5915025035424151,0.015214922922041296,0.3313792393928452,0.027190401840243794,0.1662872111132856,0.04276839599151572,0.07572625267857802,0.0585334648828848,0.031621880196780694,0.06988137741268474,0.01221291047613704,0.07582735380310623,0.004395091465994483,0.08215994518627667,0.0014850675761408638,0.09601074060947212,0.00048003182928368915,0.11826339032222677,0.00016729845538066002,0.1403321327827598,0.00010872597977140686,0.14829275850888735,0.00017844944341049995,0.13390349831342974,0.00037590682586596813,0.10327201645191053,0.0007453520561284677,0.06905680481759191,0.001312180711011024,0.04073616457139906,0.002006899708248966,0.021527347109213224,0.0026183544596278807,0.010321422653078116,0.002868139030852035,0.0045358830579971254,0.00261778682579461,0.0018422609423396352,0.0020057865513081197,0.0006962614570511505,0.001310547928824235,0.00024627822017464496,0.000743010797577881,8.193431585823419e-05,0.00037150466869206866,2.5750150825842866e-05,0.0001661656401665823,7.674415428482462e-06,6.730113909725333e-05,2.1765451947430847e-06,2.494135469532921e-05,5.892609351576539e-07,8.532632364222081e-06,1.5272166820068378e-07,2.7152436814503744e-06,3.799027581408154e-08,8.089791663223878e-07,9.092218533623964e-09,2.2695030565955676e-07,2.097749529639259e-09
11,0.018002567516305135,1.8782429833663628e-07,0.03476062125810131,4.911289579467848e-07,0.06078520796518205,1.1884908417414408e-06,0.09543902499945034,2.6429552235640585e-06,0.13335119051043876,5.360710019886028e-06,0.1642482592669694,9.84495272859931e-06,0.17652698516212695,1.6280015188385732e-05,0.1643375034022938,2.424279637125437e-05,0.13351036719996046,3.296670956842718e-05,0.09563526854753945,4.2664510147005785e-05,0.060984953153365495,5.6548690736235585e-05,0.03494878336732654,8.192665791284526e-05,0.01820966782179312,0.00012862662333645858,0.00887182259657493,0.00020437604371181806,0.004596605776896467,0.00030810460657448857,0.00392491275761131,0.00042409914613017463,0.0069944856754773355,0.0005225027730375587,0.01617342388135512,0.0005706085739802802,0.03680805457315728,0.0005507923251570901,0.07744701386400266,0.00047121496845647926,0.14770810985237404,0.00035950176061305683,0.25142129397090685,0.0002464256349412608,0.3754737355325233,0.00015291244335458032,0.48299470239589937,8.650010113342432e-05,0.5265446620264811,4.489264574658591e-05,0.4834385181111429,2.1499819013115484e-05,0.3793013139161303,9.55233326749294e-06,0.26513573084776,3.957278295274591e-06,0.18280253633383836,1.5369223547168076e-06,0.15220624097764812,5.643596523441374e-07,0.17656882062874502,2.0042671167175286e-07,0.24850843712056303,7.417656888719648e-08,0.3484910433389814,3.4359800338279456e-08,0.44054896717671,2.3297161533264443e-08,0.47943813705182947,2.015713107539341e-08,0.43944046627166244,1.7977527022594586e-08,0.3439711962921592,1.49971128848847e-08,0.23490637323220653,1.1392558008083142e-08,0.14261224009987927,7.851895134081133e-09,0.07808217299543685,4.926732799503952e-09,0.03897085012977186,2.827619027812034e-09,0.01787708856113568,1.4938450476620346e-09,0.038390502927086345,0.03558786132816749,0.07477609300894983,0.06495146385282169,0.13200549285465968,0.10833577435550978,0.20954827702871626,0.1653430280791781,0.2966215145725073,0.23356465580377517,0.3704209040784008,0.31426505127228666,0.40158438052867496,0.4192381567636403,0.3720144963672283,0.5614721943150016,0.2999120497424883,0.7139832275688605,0.21454555915852325,0.7836897231550211,0.13835713495109303,0.6879572352345349,0.08166480451973257,0.5136864209971463,0.044784654668092116,0.3647665875491839,0.023120589719383133,0.28645357692471407,0.011345282059210149,0.28134164284278995,0.005321223620285309,0.3308811724161842,0.00239481662720209,0.3973747572845241,0.0010509783796806005,0.4250114246067369,0.0005064251045041601,0.374777713219828,0.00044222554060979746,0.27744900648031035,0.0009266252259294561,0.1787991770888766,0.0025908864163284306,0.10314002040922787,0.007216076205168065,0.054199917399955666,0.018999095039362146,0.026226661904729553,0.046738155640014156,0.0117693184631662,0.10665901206266426,0.0049266978915056825,0.22407777452963273,0.0019420449727931555,0.4293957913532722,0.0007553728853508801,0.7415081194631057,0.0003854166598102893,1.1345134333037095,0.0004788803073552117,1.500935240785111,0.001092533687597097,1.6625804593340945,0.002673846411425984,1.5009352399470117,0.006162034767385194,1.134513430163679,0.0130475024172938,0.7415081089197884,0.025077099624240873,0.42939575766467897,0.04322789608863786,0.22407767156846603,0.06601771803434531,0.10665871023866202,0.08853128425744217,0.04673730272679677,0.10472482998670785,0.01899675620825292,0.11337402054300583,0.007209806886748993,0.1213893512483537,0.002574356647073728,0.1374803572171004,0.0008836101033011801,0.16297255741187655,0.0003317285868433828,0.18789414327738996,0.00022682457847622572,0.19590527491300236,0.000356180879407475,0.177101782046293,0.0007056513268253184,0.1384449033889723,0.001325818775967491,0.09474724135861834,0.002229109944892116,0.05761358404583916,0.0032867086711121374,0.03155157564333422,0.004184937612990325,0.01574050283284123,0.004544022951449733,0.007221248358746379,0.004183614299563487,0.0030702086669407436,0.0032841276442923117,0.001217518544081031,0.0022253279566939455,0.0004527768867319537,0.0013203694902585994,0.00015863814360272954,0.0006955446328902326,5.257787233858835e-05,0.0003293564564046392,1.654351171964663e-05,0.00014171502016324666,4.957682449457934e-06,5.592880052063265e-05,1.4191264199325815e-06,2.0409623175510205e-05,3.890518200933002e-07,6.935168585187057e-06,1.0239909897791222e-07,2.207755187555449e-06,2.5933104552677833e-08,6.619657142437063e-07,6.332356861094013e-09
12,0.024811069868519553,5.078563845017925e-07,0.04597198132478297,1.2592017810675316e-06,0.07761826883734102,2.8952135835424997e-06,0.11859925465114429,6.1346158872765955e-06,0.16274833138368194,1.1902614460268524e-05,0.1986305945897584,2.1024770376243396e-05,0.21296973843800515,3.3694082503643585e-05,0.19877590735086414,4.912320810035453e-05,0.16300828816156354,6.622339788009413e-05,0.11892251730478165,8.592128460804815e-05,0.0779539763439061,0.00011428231255194987,0.046301469729314704,0.00016383141928599798,0.02519535181363608,0.000250440762101789,0.012958781774159434,0.000385326686227927,0.007231785288240644,0.0005642889805130835,0.006558619415955036,0.0007595105416839942,0.01140023954485514,0.000922103959510423,0.024957255293884373,0.0010005571816691372,0.0538430485430581,0.0009675795549810573,0.10773545831807496,0.0008355997624676093,0.19607229180928698,0.0006477565589193546,0.3200142573055018,0.0004537048289421364,0.46166458629750196,0.000289087444798497,0.5801433927472317,0.00016864254848769633,0.6273084869158083,9.060101820068667e-05,0.5809460228601893,4.5064724417898105e-05,0.46729342096705295,2.0854376089118887e-05,0.33914068759077054,9.020625384437153e-06,0.24342452644532386,3.6657979762821924e-06,0.2057161867319337,1.4109700714470819e-06,0.23215776210963668,5.253082235867623e-07,0.3144954148506258,2.0191237126709893e-07,0.4292141344931224,9.368068276671693e-08,0.5345435919598458,6.104528438299894e-08,0.5789683816251454,5.10301561007509e-08,0.5327314593823758,4.4992248149355873e-08,0.4221439847303827,3.770378498302307e-08,0.29407048627103904,2.9053126127109863e-08,0.18326186434205738,2.0447487258934416e-08,0.10354401280142156,1.3166754797566682e-08,0.053577020329612424,7.788685252307914e-09,0.02558488213230703,4.254388841218315e-09,0.050553711696011305,0.04930377191067237,0.09460471500369749,0.08770168547766843,0.16170187810485004,0.14378736265325642,0.25100614900884466,0.21797396115243828,0.35123114029920544,0.3093551873962497,0.43738898037190665,0.4214882323567508,0.4744828644320478,0.5675866530291387,0.43975654271343956,0.7571295364029993,0.3560531481380167,0.9499270649353093,0.25821253762887864,1.0341057821447066,0.17074849596838249,0.9178917269100566,0.10437480302925906,0.6992917691509319,0.059678462725059944,0.503245134610097,0.032232291460786655,0.3907219836873992,0.016560201761421922,0.3692222327588297,0.008127689610773814,0.41617421806017774,0.0038258680197031936,0.4849485325955811,0.0017600701330593438,0.5114791241101102,0.0008947626861299796,0.452463691061439,0.0007991784223122522,0.33953661977216143,0.0015955420594764291,0.2227254838439876,0.004215971840949351,0.1311186614577764,0.011157896013628488,0.07056387863303826,0.028001554745060275,0.03512598956240254,0.06582966119094635,0.016294870035608255,0.14400971446502808,0.007085916753112542,0.2911286768367063,0.002920374207178611,0.5392267047645873,0.0012086492840808205,0.9045560218573883,0.0006843078767815314,1.352092114288098,0.0009020517120461591,1.7600745373702011,0.001997140348521498,1.9375484026331833,0.004674502639318234,1.760074534319756,0.010316985496046982,1.3520921035178617,0.02097551757947258,0.9045559881155896,0.03883425728417933,0.539226604563737,0.06476508316472973,0.29112839294884907,0.09628596299512537,0.1440089442421595,0.12679382704095588,0.06582764784343453,0.1488293187051113,0.027996439884191204,0.16096927294211127,0.011145137037146924,0.171126214573178,0.004184428750704683,0.18950726766274784,0.0015178390808614495,0.2180370251714976,0.0006084560122872062,0.24549674915101605,0.000430395752118784,0.25292766168035996,0.0006459069109041593,0.22854273226266741,0.0012106429135201324,0.18036848591759735,0.002169694969779812,0.1257026310065612,0.0035061983007835806,0.07839286630428433,0.005011654203826765,0.044274099267795464,0.006252998432501045,0.022875317619764246,0.006740737503605487,0.01090475478576991,0.006250203507079277,0.004830391626683195,0.005006216510082595,0.002000148731895024,0.0034982152601514827,0.0007781424556014827,0.0021581208256975515,0.00028567126014422684,0.0011894204858435842,9.93426021977939e-05,0.000592027070979384,3.283414753241232e-05,0.0002687070136744296,1.0345328291805345e-05,0.00011215377799089765,3.115830850219936e-06,4.3365972942410735e-05,8.992776656668866e-07,1.5634628198313294e-05,2.492838575562928e-07,5.285566658130847e-06,6.651066541962791e-08,1.683968093857402e-06,1.711327968223486e-08
13,0.03282732380330344,1.2207401596242562e-06,0.058801135486191924,2.884714831452584e-06,0.0966200220805149,6.33520767223672e-06,0.14481423752067712,1.2859467005910119e-05,0.1964879997835851,2.3997677089937497e-05,0.238638543190973,4.0991890273289755e-05,0.25558051347661603,6.399132416845532e-05,0.23886286497736364,9.174439355774666e-05,0.19689077804878252,0.00012298796627874253,0.14531984795485187,0.0001601473122718744,0.09715609859085816,0.00021378101382651948,0.05934858177397473,0.00030386689422812196,0.03349783527301042,0.0004542340179796156,0.018087845012814796,0.0006797719147471071,0.01080150377629252,0.0009703757491479337,0.010300025217475195,0.0012802630217265687,0.017471599799591786,0.001534038563931972,0.03637257219861567,0.0016548585717828246,0.07470046636308325,0.001602601566901285,0.1427533919650159,0.0013952993936072744,0.24907139468496098,0.0010968678675453702,0.3918203408761656,0.0007830257150089892,0.5491397551336377,0.0005107303068143665,0.677664282844944,0.0003061731736124784,0.728613606504041,0.00016961565506790066,0.6789942768659785,8.726365922484547e-05,0.5570849964906301,4.188268076177337e-05,0.4175324290513345,1.883440745586995e-05,0.31087552621102077,7.974189429660328e-06,0.26748449014621656,3.2036082302511204e-06,0.2966556993719678,1.2455639080144465e-06,0.38996517447367296,4.965772859577555e-07,0.5204412662092182,2.3233360479935072e-07,0.6402399896633142,1.4708393791806884e-07,0.690554750650108,1.1920701581402682e-07,0.637469198591134,1.038174559653271e-07,0.5100576188431205,8.722258826310281e-08,0.3610595020184064,6.801678864576388e-08,0.23000848765173032,4.8755282477941364e-08,0.13353145765904628,3.21258539770497e-08,0.07130792721363832,1.9521849026205018e-08,0.0352770116571719,1.098715074476786e-08,0.06441678449573374,0.06614628341662865,0.11686774969984981,0.11521181324906138,0.19530936988348913,0.18638584565155725,0.29928378596378025,0.2812680181593805,0.41699627302978115,0.40064759580673126,0.519641837195195,0.5498651547586633,0.5643174092574554,0.7422328859529443,0.5229879872204037,0.9821086626541273,0.42373327214409073,1.2156185110559363,0.3092168774851416,1.3136193339462352,0.2076504804549586,1.1773946067944507,0.13015130807343667,0.9139560115449967,0.0768926105652099,0.6679420582165676,0.043120100089254265,0.5166721631935616,0.023056602598444442,0.4738352682531968,0.011786733724875376,0.5139852274269288,0.00578312795914826,0.5828302565535068,0.002781760092602781,0.6076527506204457,0.0014874543148835073,0.5375362754912203,0.0013564470982601051,0.40752279340608766,0.0025927466726898274,0.2718220201038548,0.006503725442598807,0.16327263256857805,0.016429657125627273,0.08987659992794761,0.03948859079355316,0.04589353667324758,0.08915474262812495,0.02191570454988323,0.18786668545089924,0.00985157335412623,0.3670936062862893,0.0042252765415469185,0.6597873594746488,0.0018543739972756157,1.0788799745250799,0.0011539551035184559,1.5806529199608121,0.0015893906279416115,2.030994411447864,0.0034162510216901865,2.225832966175858,0.00767295143850788,2.0309944017485577,0.01627027954850746,1.5806528874536525,0.031855356187179495,1.0788798787966698,0.05696646869569122,0.6597870930204408,0.09215378093153959,0.3670928999649732,0.13370564654178452,0.18786489485455604,0.17328125224958058,0.08915037208635113,0.2021381114345786,0.039478214455357374,0.21871675783859246,0.016405389611009014,0.23184245746983834,0.006447135380767577,0.25308505615953436,0.002460196844822349,0.2849586096635903,0.001044631665081397,0.31492559294088096,0.0007555897404927236,0.32113040268018267,0.0010844607504623127,0.2897870234630773,0.0019325338439557527,0.23021736169107498,0.0033214444274562993,0.16267729505057105,0.005185816492030426,0.10353709253581656,0.007218816156182584,0.06000937302587772,0.0088552716920276,0.03196245400590669,0.009489516682606336,0.015762841375817516,0.008849817321788578,0.007243770904779012,0.007208210609405796,0.003118808545423235,0.0051701907668757485,0.0012639724577638844,0.0032986461865220917,0.00048414573620902956,0.0018911801944341278,0.00017589451567801007,0.0009836325443757232,6.080488924453675e-05,0.0004681306568272703,2.005691726481018e-05,0.00020542294259939808,6.329095413093455e-06,8.367666214326164e-05,1.915074790304061e-06,3.182853015459841e-05,5.568385859078262e-07,1.1365077625669073e-05,1.5589557733619586e-07,3.827397904387908e-06,4.210210136079695e-08
14,0.04215370540077856,2.6595448616717476e-06,0.07352093722874997,6.017032774252584e-06,0.11843410295932699,1.2680255167651922e-05,0.17527174075530638,2.4773604764050106e-05,0.23628211190816728,4.467554799703066e-05,0.28628276683275544,7.413660159727442e-05,0.30644707955661943,0.0001132174634221883,0.2866134170085388,0.00016019648046494694,0.23687835577675287,0.00021403415621534805,0.17602788316071383,0.0002798453665491252,0.11925305125896557,0.0003747757145902142,0.07438960242734538,0.000528781338744011,0.043262078744646715,0.0007754405796731589,0.02438341529614263,0.0011328275040796143,0.01546688167445609,0.0015810189561307197,0.015355962563717185,0.0020491022437454376,0.02542424462535564,0.0024265689517051214,0.05053408138473969,0.0026039503186439106,0.09920540291477664,0.0025247579706046963,0.1818793431789345,0.00221401731187143,0.30579828961390376,0.0017622565742385632,0.4663941931039517,0.0012795497896149755,0.6389205815630703,0.000852205014325591,0.7781310052723711,0.0005234780255705118,0.8333892750283667,0.0002980778999699396,0.7802034988335436,0.00015807092586328508,0.6497799235662569,7.839888212402002e-05,0.4999682931756979,3.6515651117952075e-05,0.3843678845260001,1.604630597284995e-05,0.3370746841892469,6.703527560603106e-06,0.37027030874833144,2.712405603233492e-06,0.47571991738414,1.1197762432857417e-06,0.6231527138756974,5.306587809172925e-07,0.758168363483037,3.292720975878183e-07,0.8143942009271541,2.597637376311468e-07,0.7541687575287597,2.2339872884913348e-07,0.6087001838257038,1.878786406450672e-07,0.4368073861148787,1.4797069525229745e-07,0.28348453589478595,1.0777716852317099e-07,0.16845797556857178,7.248922884173226e-08,0.09247043062691773,4.512548912316561e-08,0.0471958729126527,2.609408511489164e-08,0.08028882643839097,0.08647767560933062,0.14241239375814985,0.14805588331910258,0.2346222705591572,0.2370209025521035,0.35725223582676335,0.3563930478594557,0.49739382835423385,0.5085159014840883,0.6205618761655387,0.6997173685801954,0.6742843869001263,0.9419644233960298,0.6250921316695894,1.2326969720738816,0.5064279247881132,1.5039889414415484,0.3704231365591113,1.6126814839851704,0.2508466861463603,1.4592278145757973,0.15983121750196005,1.1536058614988178,0.09673296610299076,0.8571646882833193,0.05589579918114396,0.6641355789338377,0.030910866460999387,0.5961773807157442,0.01637837744601711,0.6268753861656933,0.008345139065113472,0.6951153983322911,0.004185304538168566,0.7174458635972769,0.0023467901437470573,0.6336551223153037,0.0021820633464813,0.4832538386071974,0.0040118393444572575,0.326490046763638,0.009594163603196648,0.19961805943671607,0.02322697548652286,0.11221286221712035,0.05368699860491688,0.05866437649524414,0.11688707780649565,0.02875939620457757,0.2381964928531488,0.013318483723651298,0.4515712118295596,0.005924164939870025,0.7903832606784817,0.002748888300402541,1.264177230101268,0.001860853774815041,1.821179564328304,0.00264361166046001,2.314802551307821,0.0055176804034999805,2.5262803157293092,0.011923512392513658,2.314802523954313,0.02435492808899653,1.8211794767967149,0.04603663685043102,1.2641769861215835,0.07972271235394146,0.790382619437878,0.1254246421640346,0.45156960854092176,0.1780622560734173,0.23819266260352379,0.2276306366670724,0.11687827193918565,0.2642976671620545,0.053667297424453864,0.2864659787585424,0.023183458482435526,0.30381757887744243,0.009497884987922589,0.3291012788408807,0.00379652938727304,0.3651901839107268,0.0016953624922280142,0.3979308280740952,0.0012439080710464623,0.40229424121730517,0.0017102558317674266,0.362493721514511,0.002910007697664696,0.28937993353565616,0.004818409010567848,0.206673654086444,0.00730145831767004,0.13368986636055524,0.009937883045950002,0.0791608830329551,0.012019681684250827,0.04326968941586529,0.01281765590329087,0.02198174568638933,0.01200970798254275,0.010437435387302685,0.009918477754581545,0.004654514618096073,0.00727274012115231,0.0019576352112835593,0.0047762667418282945,0.0007794306536652584,0.0028343878984742332,0.0002947428504285199,0.001532634751583828,0.0001061719813151285,0.0007609287181367108,3.652845566648466e-05,0.0003492690775601659,1.2032468475808855e-05,0.00014912617598383804,3.8030968880775617e-06,5.9552873153734254e-05,1.1557397101569222e-06,2.235261081295903e-05,3.383277089596959e-07,7.920062216726365e-06,9.55712948780274e-08
15,0.053002361506969464,5.333016815711744e-06,0.09059614968873575,1.1598254786804318e-05,0.1439315995016841,2.355068409087835e-05,0.21129734033138448,4.446858474693727e-05,0.2837635259970739,7.781153772157268e-05,0.3432667100314575,0.00012593808423844166,0.36724704212656434,0.00018882828635469195,0.3437349197038202,0.00026445762341609225,0.28461190280086157,0.00035274051697342657,0.21238502260575842,0.00046311362984852167,0.14513542167469495,0.0006217978680069791,0.0919196813833878,0.0008713705678928818,0.05474924276586535,0.0012565869265017682,0.03202099391410229,0.0017973362755583366,0.02140101715713172,0.00245877603720146,0.02191507534507764,0.003136543199161679,0.03541941736420995,0.003675531157568912,0.0674757700671762,0.003925780157260306,0.12716013434555862,0.003810567414348043,0.22473445764444477,0.0033632435502113367,0.36610541608524727,0.002707148776607937,0.5445232955444226,0.0019959121250394674,0.7330562715501401,0.0013545849237743823,0.8842398641040745,0.0008505393493578595,0.9443905546918359,0.0004964561207998486,0.8873237083594177,0.0002705655779209337,0.7475246294911813,0.00013823622930431156,0.5873668853669187,6.646994916081894e-05,0.46392955105875444,3.0216117465897696e-05,0.41436839560901717,1.3082697478239425e-05,0.4531618572523257,5.491758656717138e-06,0.5720701469444975,2.3434367903973907e-06,0.7372901171802368,1.1279403224762063e-06,0.8876200686668199,6.908444447617512e-07,0.9495305554698916,5.326542122929823e-07,0.8821248479055157,4.5243677959661e-07,0.718069484082207,3.804154857789399e-07,0.521828467512023,3.020900294359308e-07,0.34428911858753963,2.2313838599075098e-07,0.20880494658763382,1.5285513654816896e-07,0.11742135202530335,9.724772098707035e-08,0.061608013026898334,5.7632860261946917e-08,0.09869028657158196,0.11070664058388502,0.17233781095637823,0.18684971888569635,0.28148252594064616,0.2965072155611779,0.4272408996262129,0.44414137367471085,0.594504526637138,0.6332292321587829,0.7413396320635002,0.8700223656683193,0.8049747094487429,1.1632596212866702,0.7472504162760742,1.501288979154424,0.6061989201498363,1.8027435749368124,0.44413250148909356,1.917276148899873,0.3021448779068123,1.750861932997168,0.19447979547794603,1.4103395858694512,0.11969400559928545,1.0672412539356628,0.07076007282057617,0.8322317645024668,0.04022017399256583,0.7372933258550347,0.021977574220727547,0.7569588547387411,0.011583609796161909,0.8230426964898925,0.006039029557086906,0.8402731619366932,0.0035398502341195126,0.7417620347116554,0.0033520113906888582,0.5684802616779052,0.005953803346983477,0.3878386774174487,0.013628011541641172,0.24058665351526543,0.03173012926208685,0.13774796010329737,0.07078251532493596,0.07356847582195769,0.149136459338024,0.03694249813725037,0.29492581639533455,0.01758102889289148,0.5442651442458555,0.008090540679404512,0.9306258549804625,0.003958276380444659,1.4600166093032385,0.002884182788875478,2.0723338423968016,0.004180881166348627,2.6081073074615233,0.008475369404095545,2.8355322138568226,0.017661334855802124,2.60810723804434,0.034832818390896136,2.0723336291684973,0.06372375290061427,1.4600160434024474,0.10713866313835751,0.9306244415847686,0.1643714255328632,0.5442617881162732,0.22893177746595939,0.2949182049533192,0.28931110608800736,0.14911985085700508,0.334823026022832,0.070747236657553,0.36396451412542774,0.03165603345269119,0.38722434382088977,0.013471636350004701,0.41827082662689463,0.005618654965473979,0.45991322039503757,0.0026223378458780644,0.49593508098155326,0.0019411432508604776,0.4979048906329808,0.0025625313069213007,0.4481300900988572,0.004179343363830412,0.35920928159043797,0.00669421972179407,0.25879139685230257,0.009884590774163371,0.1696304532852082,0.013200021658121841,0.10223337688853462,0.015778329362547083,0.05711794288686178,0.016757464737565897,0.029770529697316306,0.01576106922038889,0.014549057848853408,0.013166391363029106,0.006695268263229082,0.009834578946538386,0.0029120579697519133,0.00662046264642413,0.0012010737946184236,0.004048426078952616,0.0004711659576059901,0.002265482351049286,0.00017627425313548883,0.0011680400862132956,6.305014949248289e-05,0.0005582804606092395,2.1609557279589353e-05,0.0002487487581674941,7.111626928235637e-06,0.00010383896824350813,2.251578280265676e-06,4.0795450331643224e-05,6.870238848932786e-07,1.5145489214773988e-05,2.0236757336533628e-07
16,0.06569120600215683,9.965390290744836e-06,0.11061951351211974,2.0908342776237987e-05,0.17404136059803932,4.1055809106183005e-05,0.25406051480285896,7.519618020523922e-05,0.3400873489126752,0.00012813228386221454,0.4105252680628837,0.0002029632946687343,0.4387857813590017,0.00029970794457767624,0.4111655510359924,0.0004164545289313537,0.3412536731493674,0.0005551861822823412,0.2555731471884428,0.00073171859003196,0.17575246424621582,0.0009841170867730398,0.11256486779393526,0.0013701402085644077,0.06833086285450918,0.0019465660743662738,0.04123806945290198,0.0027327255215823243,0.028795798288683727,0.0036726198318319803,0.03015050187741508,0.004619171508238651,0.04757938028933495,0.005362564064398612,0.08720826689841488,0.0057040729425352765,0.15845830264242977,0.0055425654054488405,0.2712781187260589,0.00492088191140283,0.43043262771743684,0.004001531510766654,0.6275103957054853,0.002991570277572464,0.833641285108115,0.0020653869023590232,0.9985132177976084,0.0013229733526713972,1.064401283967527,0.0007897694463281368,1.0029394101793514,0.00044123040015620063,0.8525288885675764,0.0002315942006134719,0.6811911552122183,0.00011463782175269444,0.5502033148300143,5.375077853386756e-05,0.49954603346986914,2.404840779490769e-05,0.5453284674254064,1.0443101928103715e-05,0.678700814574313,4.597483894031029e-06,0.8619042561463175,2.251065780001227e-06,1.0270411613241777,1.3684325494978111e-06,1.094249449923609,1.0351502623962006e-06,1.019797746399263,8.688791695021791e-07,0.8372924042237173,7.297273896256229e-07,0.6160098005721011,5.834358489664737e-07,0.4127433493586068,4.363016614661319e-07,0.2549943822427849,3.038285285583697e-07,0.14653102070315072,1.9714161680894904e-07,0.07880101304886011,1.1947645361942705e-07,0.12027551114897506,0.13925225246066475,0.20776468408757864,0.23214062353872578,0.33734350586837536,0.3653847093933109,0.5104159468792204,0.5446865152621285,0.7082852689882202,0.7739736235737382,0.8803501439501815,1.0580369694139335,0.9541165691734932,1.4002762734264707,0.8878204729794561,1.7786845566070042,0.7229696486647299,2.101710462773781,0.5314648658768419,2.21890561686223,0.36294516057751025,2.042138828607449,0.23516490515658006,1.6751737965532811,0.1463853256350376,1.2928520247573942,0.08800124863455494,1.0189160745326262,0.051118332563419244,0.89671645486942,0.028665328286024305,0.9029636456248227,0.0155672408927785,0.9625075643998571,0.008410086298226815,0.9706405094068487,0.005136919405686058,0.8576227683704474,0.004948214701471443,0.6619391527590324,0.008524365070570639,0.45613856224440497,0.018743463412192796,0.2866246521755329,0.042102287450234144,0.16675968494382687,0.09092590933414613,0.09077337094095128,0.18597199067426118,0.04658667359080937,0.35796757766092924,0.02273526470867182,0.6448944672251855,0.010803383509255582,1.080011899902729,0.005557546279078451,1.6655770151392062,0.0043135339606124035,2.3333192556151516,0.006324576914039426,2.9119861573585695,0.012456775555392596,3.1569393790273352,0.025084270648221718,2.911985996666317,0.04788019947159228,2.3333187796492894,0.08498419886996089,1.66557580618246,0.13908715398747518,1.0800090148927666,0.20864457877814857,0.6448879233594198,0.28580210462928335,0.35795340092863626,0.35776863905721257,0.18594243913184982,0.4132523766259055,0.0908659254637314,0.45096538685425,0.041981782293987635,0.4821516343856729,0.018499694791898946,0.5210588906015801,0.008021949038720777,0.5698661441722379,0.00389237536546716,0.609780031245009,0.002896702817906771,0.6088417364505858,0.0036817478112425306,0.54769219867012,0.005776641241936886,0.4407896679399528,0.008983231312413409,0.320053587952998,0.012970424861578067,0.21217937204960435,0.01704351446369401,0.12980439645343722,0.020172645872662542,0.07388439902319988,0.02135132086914382,0.03937005511829739,0.02014416849669942,0.019732420997570443,0.01698791770468233,0.009338057865306837,0.012887330276498687,0.004186152738384408,0.008860157643084676,0.0017828718443979596,0.0055605280135750945,0.0007233068238292617,0.0032068633208837127,0.000280208412277716,0.0017098837847697723,0.00010389016256340255,0.0008475517224724172,3.694099336826184e-05,0.000392513513816084,1.2621891983144451e-05,0.0001706124639895279,4.151490202275454e-06,6.989319945205352e-05,1.316668203799054e-06,2.708727970457403e-05,4.0329450712306425e-07
17,0.08060818286412541,1.7529058823129162e-05,0.13420729790641417,3.559537981345784e-05,0.2095536103561244,6.781254751331289e-05,0.3043072048558315,0.00012087011009498383,0.4056749067790406,0.000201207023110328,0.48807625138260846,0.00031286773355532205,0.5209175392442376,0.00045620192167916684,0.48892570932503077,0.0006301312755567778,0.40723112511477666,0.000840218077883037,0.30634993318153647,0.0011110724703939923,0.21191524263394967,0.0014955025885683426,0.1369766515658739,0.002068728187623492,0.08445103800750076,0.002899658438309416,0.052328841501548595,0.0040036625264292525,0.03786595633073375,0.00529634861049999,0.04022888922918355,0.0065779468054643075,0.0620116603686256,0.007573403500373388,0.10976773376251003,0.00802666477738967,0.1931326011526835,0.007807718257026863,0.321758875348678,0.006969808683606971,0.49955626691735233,0.0057209520709875505,0.7168272079788949,0.0043319394999343785,0.9426915314343205,0.003038084681975306,1.1231724197341464,0.001981882622658304,1.1955676820184635,0.001207680018069368,1.129342030917087,0.0006901708493387559,0.9669387947074028,0.00037129277870917576,0.7830857231160735,0.00018872738064601435,0.644145103824485,9.103582624447881e-05,0.5929438216962808,4.1976800730481045e-05,0.6465855897313304,1.880888066807529e-05,0.7948541264072446,8.526878900738666e-06,0.9956485387178873,4.25038479079376e-06,1.17473577913006,2.575299731688574e-06,1.2467411250188434,1.9180067738489015e-06,1.165503089690901,1.592166427144548e-06,0.965082349719296,1.334728040092159e-06,0.718729389808459,1.0731346264947206e-06,0.4888064681206288,8.112654086289695e-07,0.3072823932238862,5.733509169658646e-07,0.18012412538791978,3.7873064684390556e-07,0.09906278087146347,2.3426559891959187e-07,0.14571260329148572,0.1724859482210377,0.24958560955838038,0.2843026900698078,0.4029173651711062,0.44379752644749715,0.6065231244633651,0.6575124229204903,0.8368286715053728,0.9289418982641564,1.0342238023877144,1.259946226402235,1.1178501524673266,1.6470778378163686,1.0434091296938277,2.0585121677677307,0.854788776800433,2.396593750840566,0.6321076835347412,2.5143527817247104,0.4338947373848896,2.3291243205767387,0.2827149992272098,1.9424652354837235,0.17741845367208953,1.52897250642377,0.10796476351970341,1.2209794689345017,0.06377849170075933,1.0718926303795797,0.0365369555174766,1.0612510232040222,0.020366502875731385,1.1090252302224144,0.011365482758719736,1.1049426700103595,0.007210491171463218,0.9767773055693851,0.007056610628751514,0.7603315651326739,0.011831537764010136,0.5301108408261825,0.025073925582546508,0.33758592625849815,0.054489744643888116,0.1994096356359023,0.11423915756631686,0.11044774849119676,0.2274326845208634,0.057822207441859064,0.4272217966667995,0.028882445216140695,0.7532125162729244,0.014147617422395342,1.2382940473039525,0.00762943964355145,1.8812156848302948,0.00624562548614449,2.606430226640896,0.009198490721928465,3.2312963355348074,0.017612412526659682,3.4954950871219808,0.03434302479286089,3.231295992181913,0.06358953468861728,2.606429242046488,0.10977742933710033,1.8812132806424415,0.17534523340054875,1.2382885399410952,0.2578598368754683,0.7532005244083848,0.34822532397015493,0.4271968497414491,0.4326134848897709,0.22738273463664882,0.49932771912381213,0.11414174101491881,0.5473578316778003,0.054301600301187136,0.5886336101978031,0.024707588736418984,0.637591657507528,0.011103240183729213,0.6951325547036049,0.005576144891165313,0.7394079077657807,0.004163390645317122,0.7350286690902976,0.005110695740313531,0.6613467185291029,0.0077404184353326855,0.534646138602966,0.011724114871867641,0.3912020640918854,0.016601386823367648,0.2620736565600055,0.021516261404485704,0.16246557816225504,0.025254821153339435,0.09398536195203633,0.026652484557416756,0.0510532427920225,0.025209771551999438,0.02616101573926244,0.021428098795695405,0.012691194222043123,0.016468945356336917,0.005845750845310249,0.011527220215612033,0.002563174735087159,0.0073982671046906034,0.0010723199584390386,0.004380803801723232,0.0004289580188014952,0.0024064690132945543,0.00016440936246908677,0.0012324124481892795,6.049005037311872e-05,0.0005910623035561002,2.1402368702183594e-05,0.0002665619545041409,7.294382385225617e-06,0.0001134723952418426,2.398549440840725e-06,4.5752582991553936e-05,7.620549240527907e-07
18,0.0981538241699127,2.9268352136568865e-05,0.16188590339925213,5.769238987340941e-05,0.2509659602019383,0.00010695008541006246,0.3622321962384376,0.00018606124194775475,0.48018911448252766,0.00030344759761646856,0.5750775278911533,0.0004644211039703805,0.612595240279461,0.0006701798865833553,0.5761751903328332,0.0009215313093591249,0.4822123170110899,0.0012294911698518263,0.3649211496222051,0.0016301306845889485,0.25414224592350365,0.00219386197068161,0.16571754089682145,0.0030151996247695934,0.10356704800051375,0.004174473996499728,0.06562350646072446,0.005678724110566691,0.048847933188426396,0.007407111460452143,0.05232092457390536,0.009096691590002592,0.07883183106196157,0.010396381751434092,0.13524365055400267,0.010984018486396963,0.23135127231807928,0.010695960860630294,0.3766180219204216,0.009596469858024648,0.574363575422467,0.007945254518290312,0.8137455061560104,0.006087375750666979,1.0614695998929164,0.004331424051997601,1.2590521960314618,0.002873517701118544,1.3385018603416938,0.0017844373946900305,1.2674403065616389,0.0010412384021947219,1.0921511282394931,0.0005729750159844116,0.8944831896751566,0.0002984254738294112,0.7467567164135289,0.0001477568521295325,0.6949264492245675,7.005187035247218e-05,0.756615422676532,3.231260279790149e-05,0.9195225025578111,1.5057289601827506e-05,1.1368574542439092,7.642741365998518e-06,1.328430832351387,4.630015610018745e-06,1.404359609104631,3.4056135973514756e-06,1.3169637495666393,2.798439709295053e-06,1.0997885124329514,2.340554374313797e-06,0.8290109686820415,1.890434305096278e-06,0.5721164013230009,1.4428724171011709e-06,0.36571691556741825,1.033396529237507e-06,0.21843003024787322,6.938107617315836e-07,0.1226528765043895,4.3726845433411654e-07,0.17555698110936646,0.21067991616860127,0.2982857866281847,0.3434789046655169,0.47806927316241854,0.5314765526927658,0.7140808719454981,0.7815064200603956,0.9768975176607455,1.0956828475191287,1.198267794405183,1.4717780111247976,1.2908915716157026,1.8990337306402125,1.2092966747545688,2.337346880465475,0.9983700170728298,2.6862749663653176,0.7445160059087357,2.803747734630633,0.5147893562570971,2.611213027377289,0.3375467560058496,2.209627955972337,0.21328722081989326,1.7718020298875672,0.13100196325922298,1.434765216836695,0.078402373823792,1.2594890259993008,0.04570530282398977,1.228789142339565,0.02605783327453537,1.260494955404738,0.014973811757499789,1.2413181412293852,0.009834859227794368,1.0972818227285188,0.00976553136979419,0.861231447604041,0.015983554706053837,0.6080023414037896,0.032746599331858306,0.39274637602147777,0.06902317679441694,0.23558085147897145,0.14082213840265467,0.13267866664523353,0.2735447546810974,0.07076584929745877,0.5026283978436368,0.03612593839875444,0.869176128358049,0.018213644449588173,1.4057849296700624,0.01026286316664482,2.1080630961905626,0.008780656062299386,2.893094854372066,0.012920801032123563,3.5647757999226997,0.024069276119689675,3.8459872128141797,0.04554023705350119,3.564775115748944,0.08198535490919312,2.893092948364938,0.13800048817051902,2.108058604533653,0.21567949209770632,1.4057750129331907,0.3117258920512995,0.8691553125831888,0.41597530106128033,0.5025866318173939,0.513774325737586,0.27346406245123944,0.5931184687342466,0.1406702419958492,0.6532527662222947,0.06873994945817685,0.7066701989499506,0.0322138800383982,0.7675965489402188,0.014959186278247216,0.835052462555268,0.007747185473363061,0.8838379231394811,0.005797485194307228,0.8754533921714938,0.0068957155372117995,0.7883588958652581,0.010113613213434292,0.6405609588507559,0.014961703450353525,0.4725009453950406,0.02082761371821107,0.31982168303989056,0.02667419172666996,0.20073977177094093,0.031084399126029894,0.11784024130724902,0.03272112729928267,0.06511467402515336,0.031015748814752442,0.03402744197819629,0.026539474272794905,0.01687570865510679,0.020624191287879512,0.007964621780956804,0.014658279279956332,0.0035853695285368303,0.009591546872798062,0.0015426000938987272,0.005812005142615817,0.0006355396731123619,0.0032779295224827365,0.00025117479299296974,0.0017284534583268396,9.538738572700822e-05,0.0008555706444894895,3.486507739580702e-05,0.00039902519893075805,1.2284147032914916e-05,0.00017594351811567321,4.1782177504501306e-06,7.35779990463925e-05,1.3738324469159124e-06
19,0.11867908251906556,4.671535407396732e-05,0.19400131757083727,8.962573247117689e-05,0.29840034589688,0.00016211127604037756,0.42745677618404443,0.0002760012648650445,0.5625952347072598,0.00044213145611138316,0.6699612576148866,0.0006675643694507016,0.7120713016029185,0.0009551227490192105,0.6713475459573601,0.0013088775713185896,0.5651668374925976,0.0017474688665970461,0.43091837914835196,0.0023212175115077116,0.30257604914777403,0.0031208058621814416,0.19916963920559283,0.004261312096787151,0.12608568440464296,0.00583295201886358,0.0814575156000501,0.007829222688997106,0.061992692380954395,0.010084160004680598,0.06660892860872991,0.012260826373676537,0.09817865062177589,0.013921155863044987,0.16378483773405605,0.014667936050955177,0.27337889651380465,0.014298891952876147,0.43635868674118683,0.012889581111721782,0.6556066168827783,0.010757340676263993,0.919042841404007,0.008332090396379499,1.1904745450169685,0.0060085938662268745,1.406450237322133,0.004048764405979455,1.4936489131150665,0.0025586661781744624,1.4176035431778473,0.0015220406357911997,1.2287885094083322,0.0008552421700187551,1.0162857909535887,0.00045557657267636387,0.8588132851805312,0.0002310709974153724,0.8057444116730039,0.00011240605545026483,0.8749181104976742,5.326350992618245e-05,1.0513285419892782,2.54684468927735e-05,1.2831863577653166,1.3161424703866942e-05,1.4849067123382156,7.990654466993874e-06,1.5635718107305365,5.82035295337846e-06,1.4709331484723407,4.738931011161185e-06,1.239021607011864,3.953213990826043e-06,0.9453964719950818,3.204765334885451e-06,0.6619753748943822,2.4667692741786595e-06,0.43011947830245845,1.7880706764117349e-06,0.26155083288676906,1.2184366369183408e-06,0.14977567033338346,7.812138846929884e-07,0.2101540173430294,0.25397182781875927,0.3538631202486613,0.40955399071981446,0.5618651456925363,0.6277438383795015,0.8306401113836728,0.9150379900684129,1.1244101679008054,1.2713608068415851,1.3673995005933648,1.6898487999130793,1.468067317036457,2.1528810166839776,1.3803729449259663,2.613803053039419,1.1495819480860519,2.971144863965037,0.8661768925385331,3.087511444809934,0.6046250053109361,2.889222894915747,0.39958880779295214,2.4759354751452065,0.2542740488174786,2.0186963724675024,0.15741209658881417,1.6568007401399427,0.09519834614320644,1.4561743053379814,0.05629768654398504,1.4027228361323978,0.032725920267694164,1.4141372295021029,0.01930701325136397,1.376710286403295,0.013086163181469601,1.2166444952206348,0.01316450382637413,0.9626243342486305,0.021087318955778755,0.6882176309632086,0.04188194709513482,0.4511704321103025,0.08582047608888388,0.27492311685819004,0.17076287954978397,0.15743107967409742,0.3243450849063265,0.08549269552122496,0.584194739081795,0.04456104626410706,0.9928382224647976,0.023094150570614147,1.5824841130079221,0.013550536791626655,2.3449259714525397,0.012018813312351995,3.18765689405609,0.01759982240196223,3.8990824147804233,0.03192906649496763,4.191362866200507,0.05873831088683801,3.8990811321682486,0.10305202254289725,3.1876534122243356,0.16954526552967764,2.344918025497009,0.2599343842066446,1.5824671457739896,0.3701485055255489,0.9928037659128677,0.48913388342248254,0.5841278108396182,0.6015379416051019,0.32421984245775093,0.6950202505051948,0.17053446938598427,0.7689618541719483,0.08540784332717521,0.8362214280302851,0.04112992924501668,0.9104532354090225,0.01968518970079458,0.988380754364016,0.010481200789399736,1.0414155925041086,0.007858865493290068,1.0284104082033991,0.009087514393286256,0.9272901380120402,0.012944392553890793,0.7576378787377962,0.01874672379835829,0.5636733416474726,0.02570480829672306,0.38559728450809416,0.032577435572420654,0.24499541804743785,0.03772380353530025,0.14582273730752604,0.03961980342273819,0.08184985599336869,0.03762262139343875,0.04353731902619984,0.0323782818154541,0.022024687679504495,0.02540252994867842,0.010625014067954908,0.018294478041298134,0.004898365280723738,0.012173473814982572,0.0021620685786274407,0.007526879438501055,0.0009151765093520225,0.004345182701854355,0.00037207967966423894,0.0023517617078141484,0.00014551712342836254,0.0011977443418800249,5.4823726259201067e-05,0.0005759255232078431,1.992540319406544e-05,0.0002622613706080301,6.995447165536461e-06,0.00011342563902871916,2.3755078473186586e-06
20,0.14243284528538425,7.170059961936204e-05,0.2306668907481253,0.00013422137635643594,0.3515988075578207,0.00023745982252876274,0.4991421106010421,0.000396603091758152,0.6514701598734973,0.0006254491704567045,0.7709759407730417,0.0009334880192000128,0.8175393078199704,0.0013262121165098506,0.7726923045029253,0.0018126243994629476,0.6546753405691561,0.002421365792542929,0.5035125567992509,0.0032197849513977417,0.3569789385005606,0.0043211743400206615,0.23748178572213874,0.005861812440343783,0.15230984123581948,0.007939482184610824,0.100138234231963,0.010528224692279764,0.07755352319236408,0.013407814828497067,0.08328888128608014,0.0161562976559253,0.12021891424046771,0.018237592670629965,0.19558743844663695,0.019170400059465464,0.31952183775865706,0.018708581061218865,0.5014468135359493,0.01693892235016392,0.7438530826552778,0.014241992691950145,1.0332666661815892,0.011143066428303428,1.3302915914837286,0.008136324222505209,1.5662668654672416,0.005562502504290023,1.6621318252609854,0.003573010386844544,1.58079461973648,0.002163830498830066,1.377534679620112,0.0012397069549479056,1.149107960209676,0.0006743166072737949,0.9807886964249519,0.0003497596972010797,0.9254041197091283,0.0001742574104355299,1.000710982306373,8.466516328553553e-05,1.1885159422386096,4.14738938161463e-05,1.4320011391505432,2.1812543764099246e-05,1.6412007631624874,1.3294463315105531e-05,1.721605742843849,9.611237601347966e-06,1.6243976614834992,7.761641427350696e-06,1.3800454621411973,6.4567957451799884e-06,1.0659559679081667,5.2498510285658995e-06,0.7573076940786905,4.0710915527597535e-06,0.5000547179654404,2.9831851406925125e-06,0.3094343213956563,2.060565520878299e-06,0.18055694104850772,1.3421906714938814e-06,0.24958664740051972,0.30233724420577346,0.41585049402965524,0.48213457374595237,0.6528126410589721,0.7315330728060871,0.9534848035605137,1.0561000455563772,1.27594921271384,1.4530721771113804,1.5385290446211002,1.910940155828257,1.6467621755850814,2.4058845242273037,1.55352152853402,2.8857826767637107,1.3049590983673625,3.248558803790047,0.9943124061824165,3.36242003297275,0.7018414069066239,3.160777347358362,0.46830658795443014,2.739705464170356,0.30039985316352613,2.2672609669439225,0.18739205766178202,1.8838488636110924,0.11435389791131456,1.6586292319939275,0.0684468835061125,1.580331808585015,0.04046308118813613,1.5684993978616149,0.024441440544251236,1.5112515208979858,0.017042629230218154,1.3338427435846825,0.017343488753340353,1.0628466438718078,0.02724746530793709,0.7692501852282021,0.052594030415093584,0.5118466705960145,0.10499014751530922,0.3169388539188276,0.20414302761491854,0.18455585750848513,0.3798685445890442,0.10202137544342804,0.6718671852536318,0.054264017024706845,1.1238133621077395,0.028878777836325753,1.76669412690444,0.017585774232884432,2.5864051352350543,0.016057300751072034,3.478113951674459,0.023332146068241855,4.216331857613568,0.04127137531008884,4.5131225827908565,0.07397447593211837,4.216329578393925,0.12676789466900118,3.4781079066101483,0.20435312192876154,2.5863917353894976,0.30809410291908534,1.7666663691102258,0.43326841070347655,1.1237586588363229,0.5680705467443659,0.671764001853262,0.6964627700958772,0.3796809372829557,0.805629406927892,0.20381051506865333,0.8948852343546605,0.10440644534037347,0.977182691527787,0.051560561464611965,1.06532189432437,0.02537486456640181,1.1535753281696088,0.013855559151124908,1.2101940264572022,0.010410964903257991,1.1918918112710344,0.011741310148408957,1.076337310618328,0.016285774217976723,0.8845266947082564,0.023134224622936017,0.6639815172670751,0.03129143260184719,0.4592172231073164,0.039286826840452704,0.29538991693425487,0.045234395522584236,0.1782135116916379,0.04740909974816532,0.10152841631656884,0.04508964027718321,0.054898001667197605,0.03900099512156885,0.028279891821966885,0.030855352921207668,0.013917186248136204,0.022479960461168957,0.0065568284692290035,0.015180103809598222,0.002962440089277152,0.009553980617056368,0.0012854874037202535,0.005630439296965051,0.0005364727385313017,0.003119222341410932,0.00021560660752584226,0.0016299149042424688,8.355423346984026e-05,0.0008057666445893119,3.126164278910437e-05,0.00037790377109558904,1.1306399301247438e-05,0.0001685780962361605,3.957529997933307e-06
21,0.16953295013490788,0.0001063621189132391,0.27177135251167783,0.00019471429959594388,0.41003777183186685,0.0003376978784217499,0.5762911083588733,0.0005544976206692809,0.7455110982573387,0.0008625668060631142,0.8767704250108181,0.0012747114060402964,0.9276588067586999,0.0018003956024585932,0.8788591579191234,0.0024554569604333665,0.7494385054769737,0.0032810206266731257,0.5817160399055865,0.004364110422102385,0.41684714572011217,0.005842544951065065,0.2805772070105377,0.007873781805301405,0.18240915575415784,0.010560136439835333,0.12191674698669885,0.013849707611370832,0.09577133772063462,0.01745855477929581,0.10256656480896709,0.02086858849042983,0.14514367370111358,0.023434697131051507,0.23087731993928173,0.024582431947237637,0.3700956211719131,0.02401638122591976,0.5723106819987152,0.021834141255567374,0.8396344760808461,0.01848471110679384,1.1571060717119508,0.014598980700156972,1.4819487699801357,0.01078395398963039,1.7399192194311581,0.00747288490720166,1.8454705897879649,0.004873666194271209,1.7584783018314738,0.003001283390858589,1.5394785248436165,0.0017509587141830707,1.2936299113725909,0.0009711510060697037,1.1129878921992713,0.0005143533626323915,1.0536852799386907,0.0002620372042656527,1.1330635430645088,0.00013032446076977067,1.3295437550432325,6.530545260829967e-05,1.5817914058288807,3.4937139389512595e-05,1.7966685694536864,2.1402793663582997e-05,1.878418791663762,1.5386905943159945e-05,1.7766410516962878,1.2336425243120175e-05,1.521201866321917,1.0233359262201702e-05,1.1889105770969763,8.339962278114399e-06,0.8568372784400253,6.5099220591946505e-06,0.5748544141606544,4.817324679606827e-06,0.36186018426883493,3.3689727843011497e-06,0.21502488766623173,2.226604465249693e-06,0.29369141517463504,0.3555771917212951,0.4834882041391211,0.5605788167663377,0.7493670639510128,0.8415422384387057,1.0805935396829227,1.2026757708949845,1.4298611282856655,1.638327843146726,1.7108417370341158,2.1324454684302054,1.8263136599252903,2.655418884683968,1.727903151811006,3.15070747289883,1.462803410363449,3.516918097069947,1.1268440023650328,3.628940057956015,0.8048315865717086,3.4243800179287973,0.542878568364813,2.998447707084324,0.3514436694440519,2.5147228057010125,0.22101021127173226,2.1128887296929406,0.1360110992986847,1.8643575803055228,0.08227891988690317,1.7611372895053137,0.04936577793068864,1.7262686147075783,0.0304577063443503,1.6492657616968245,0.021784680847758864,1.4521289780127518,0.022392460709852458,1.162649670593737,0.03456588400513283,0.850472644599904,0.06499070924473926,0.5739489194083944,0.12663067886751378,0.3610830054838061,0.24102386755794214,0.21381899514040015,0.4400744309541551,0.1203127896044407,0.7652920330451707,0.06528453900023123,1.2607882234110548,0.03564846262497667,1.9546826684290863,0.02245888704396748,2.8243917342160785,0.020988194979736363,3.7516479881028317,0.030203298686274138,4.502212827404492,0.052160921909489844,4.797943268401923,0.09127938128062851,4.502208963608609,0.15313667345276372,3.751637952694182,0.2424497221625188,2.8243700700932095,0.3602953168476688,1.9546390174450607,0.5014159044444568,1.2607045222875968,0.6533145905887068,0.7651383137740595,0.7991791065751386,0.4398021584547678,0.9255176791043596,0.24055367665869198,1.0313291347297309,0.12582666635898931,1.1293304356183853,0.06360457271466657,1.2312610575204417,0.032119843526288605,1.3290291504497418,0.017948899688235542,1.3881498089426714,0.013520457295726374,1.3637472841173803,0.014916347480721015,1.2335301964756127,0.020194450845792744,1.0196449307577495,0.02818129688512272,0.7723815785625447,0.03764508995027427,0.5401961005086378,0.04685856460218929,0.3518585068727589,0.05366925009093393,0.21516891348414902,0.05613969309069944,0.12436843691466493,0.05346758040059285,0.06830433499112587,0.04645901699041133,0.03578582884983916,0.0370324096143122,0.017937621393230074,0.027259670245712186,0.008620926061894352,0.01864942703377892,0.003979358452170345,0.01192384068190222,0.0017666574262875656,0.007157419994200609,0.0007552906365617673,0.0040487598307663575,0.00031132003823586274,0.0021651719148394477,0.0001238580780409393,0.001097672289233742,4.7615787480026484e-05,0.0005288736488182622,1.770785956978216e-05,0.0002427390809316421,6.377376394084422e-06
22,0.19997224257576818,0.00015315577866203967,0.3170504246922974,0.0002747635608102428,0.4731091650724011,0.00046809341347398004,0.6580144374056545,0.0007570796597065055,0.8437254869413664,0.0011636875792646606,0.9863367998709691,0.0017051409049599897,1.0413796660609478,0.0023964040801729425,0.9888410314129032,0.0032622187536617275,0.8484672228005365,0.004358688640877517,0.6646488568417226,0.00579493104305584,0.4815920201467634,0.007734717900802934,0.32822502559793065,0.010356004728691914,0.21642611700690395,0.013761953141965932,0.1469729398427262,0.01786776541484869,0.11686138758977904,0.022316126249734225,0.12465004266096003,0.02648171374539743,0.17316105207100918,0.029599492145734985,0.2698995969299176,0.030992872455044562,0.42542570514842737,0.030311645103665796,0.6493927999126754,0.027663458513416117,0.9435635951163022,0.023570470923004905,1.291442090396231,0.018779067402192595,1.646638231857196,0.014022449019648775,1.9287275889723787,0.009840554048423655,2.0449304131616373,0.00650982947945522,1.95200331907472,0.004072178965088824,1.7158276408040365,0.002416443554466241,1.450644288798685,0.0013649712705046113,1.2556951361752908,0.0007372200843747123,1.1903418247734407,0.0003835014276774018,1.2713211494915413,0.00019495692458804115,1.4738663688808629,9.980010418075835e-05,1.7329424462263887,5.427796259027673e-05,1.9528496390616965,3.3450920454924926e-05,2.0357805714852475,2.39528565089131e-05,1.92911483448529,1.9083549659626442e-05,1.662695570011465,1.5785574078108766e-05,1.3134334985070382,1.2888390756415902e-05,0.9595218839974677,1.011856147670187e-05,0.6537753497073027,7.554447620350402e-06,0.4184752392084192,5.343477823771536e-06,0.25310639624194664,3.5792631933873054e-06,0.3421447999744487,0.4133508380225521,0.5559684179993383,0.644128034222831,0.8503098386895545,0.9565382303883325,1.2107541170285003,1.353193670577184,1.5852606534708684,1.82546983128168,1.8833737792710963,2.352817575155541,2.005371533216021,2.900521260803316,1.902532348326531,3.4095641789572255,1.6221906281730298,3.7810475288445105,1.2625098847333902,3.89411021444198,0.9123231303196917,3.6847906086359217,0.6224432941266969,3.252900743653754,0.40703178271587603,2.7595895778970316,0.2582154070832985,2.3419159272450543,0.16025361207084643,2.0723331023152696,0.09790194856350354,1.94626241372589,0.05952956439841728,1.8900568919025318,0.03743932534962369,1.7929849925196777,0.02739468001163914,1.574767386489384,0.028401085766745382,1.2644470652066957,0.043141134897268785,0.9326072558117176,0.0791718522523297,0.6372456324240829,0.15082169217566843,0.40695410526586784,0.28141136437079695,0.24496861221018662,0.5047489998537458,0.14028505532792224,0.8636482173196782,0.0776440836407346,1.401500134797061,0.043471086006775295,2.14154635554587,0.028253944829202737,3.0508067896016655,0.026897341928588503,3.9987940514879483,0.03829045098291317,4.749178271270921,0.06465673960724416,5.040229874423403,0.1106939298629186,4.7491719885961174,0.18220629184611425,3.998778039352601,0.28394791687924226,3.0507730475501376,0.4167844373862408,2.141480073662933,0.5749969299708937,1.401376191109648,0.7453740465514329,0.8634260951935175,0.9101808206962687,0.5043648865375872,1.0550358995722036,0.28076365507831724,1.1783388993137578,0.1497405394911766,1.2922275663975142,0.07735318561026361,1.4072171654720478,0.04000933264933337,1.5130882717639906,0.022840675906991237,1.573211256407376,0.01725664572632013,1.5417704151946054,0.018674841938263853,1.3967723562479932,0.02472878532626055,1.1612440800947752,0.033943532156172296,0.8876217602683028,0.04481690658303705,0.6278182998948978,0.055336545215141086,0.41413632905096165,0.06306462086286047,0.2567108092532635,0.06584397800816078,0.15051812857973346,0.06279021709542576,0.08392470008857345,0.05479103597917856,0.044682286352554,0.04397623390013905,0.022785987044926514,0.03267589821234651,0.011155430683174927,0.022619542687607463,0.005252291406122822,0.014668239648017334,0.0023815399358682043,0.00895123112741203,0.0010411778732759558,0.005159436418125551,0.0004393526485273469,0.002817472361584805,0.0001791281158602942,0.001461444876895257,7.0633165023537e-05,0.0007217202269202971,2.6963559776049806e-05,0.00034004256758635165,9.974637350751436e-06
23,0.2336506335523154,0.00021486827154149069,0.36616807523250827,0.0003784725972764136,0.5402194448015507,0.000634512492979411,0.74352309327287,0.0010125517246706295,0.9451757061588069,0.001540095046038914,1.09856111011959,0.002240084997993108,1.157488909816493,0.0031346986183962144,1.1015249615998073,0.004259748462573043,0.950827570013189,0.005688739887318661,0.7515315246669161,0.007554999856438371,0.5506392169318133,0.010049151411294588,0.3801216314072917,0.01336831313710718,0.2543084589551654,0.017612204265333276,0.1754170104354671,0.022655788602151006,0.14100540153549446,0.02805861271235699,0.14974203757446958,0.033077160475386336,0.20449005548925925,0.03681582348281154,0.31291647915213616,0.03848706247708833,0.48585887896751956,0.03768031858407994,0.7331720223637603,0.03451223418051086,1.0562951390379567,0.029582336254406982,1.4370733714831658,0.02376185554476251,1.8250452913116533,0.017923319194323994,2.1328461428606715,0.012727773816095578,2.26021303611833,0.008533061155048927,2.1615318488952653,0.0054169984900909185,1.9072396823889903,0.0032662657026776287,1.6208047849995637,0.0018770091187434446,1.4092194433605982,0.0010326131846341013,1.3353252856522886,0.000547820472093008,1.415395365821496,0.0002842838252945512,1.6219222430727314,0.0001484865620113851,1.8867540289579665,8.204946698242566e-05,2.1114800777147593,5.090206559543731e-05,2.1953751247490345,3.635271332314005e-05,2.0834568722707445,2.8805638976336922e-05,1.8056248562384098,2.3762125238135923e-05,1.4396509808746032,1.9428159703238634e-05,1.0648430947505858,1.533065960757085e-05,0.7362096001843383,1.1538049648152082e-05,0.4788831316877804,8.246508059528423e-06,0.2946499662205042,5.592593197434326e-06,0.39455635667036404,0.475257763931495,0.6325504440246732,0.7320839077972323,0.9546457893138722,1.0755996276841415,1.3428041853203467,1.5066992024862884,1.7405258754133683,2.0137426890287315,2.05362273303399,2.571978947417165,2.1810299326402856,3.1429631672092455,2.0748886141832372,3.6673611615206028,1.781466330758576,4.048892788811145,1.400106103593771,4.165918077351989,1.0232751202829604,3.949810732164451,0.7062141072356098,3.50773313244531,0.4667306214291784,3.0031825113926516,0.2988697843693444,2.570725702948266,0.1871073852757945,2.2824312330608336,0.11539936474855494,2.1360292171568744,0.07104413181377822,2.059884386771728,0.045470618185845524,1.942522789641771,0.03395622221978556,1.7024125516325057,0.035458163548355515,1.3696766486864362,0.05306701363724642,1.0167165624397967,0.09522438603835326,0.7020188694066292,0.1776079520791427,0.45441352050738715,0.325216315212856,0.2778179181902942,0.5734446627570833,0.16184553041080108,0.9656632121791517,0.0913425108960837,1.5431537090639722,0.05240006465919578,2.3225542962100008,0.03504665806030971,3.2601094672054387,0.033864304203234497,4.2167625639172,0.047666154990793075,4.961042998705125,0.07882053105231535,5.248617282636133,0.13227936574116939,4.961033154153029,0.21407000227168282,4.216737900483622,0.32902066361020843,3.2600586299831775,0.47784510672477154,2.3224567398970066,0.6543812570071168,1.5429754588171818,0.8446237271198243,0.9653508926057839,1.029750684494502,0.5729163729442917,1.1942685720591726,0.32434486456986633,1.3356650366640679,0.17618542069112664,1.4651850951809138,0.09288525800320713,1.5920208819568415,0.049128682947866764,1.7041841912816835,0.0286103586408899,1.7636249881854837,0.021690466388008645,1.7241879044099733,0.023080307552390877,1.5642445133350975,0.029945983123980113,1.3076208772720292,0.04047080699547223,1.0083491727316414,0.0528465405272982,0.7212034640322145,0.0647483201992145,0.4817909113223777,0.07343814348041633,0.30273116086891605,0.07653526604462968,0.18004643071435567,0.07307253756698628,0.10188985846639298,0.06401900517039394,0.05509667238447946,0.05171719941699848,0.028561240694898515,0.038764164759868436,0.01422819420918131,0.027126022008815198,0.00682411235516156,0.017818858962527884,0.0031556395592815534,0.011037850546472328,0.0014085714644807013,0.00647135021563372,0.000607517943080893,0.0036016770504829765,0.00025341497757835896,0.0019076141743425978,0.00010232650834041124,0.0009635686078581784,4.003248136541515e-05,0.00046506926037181984,1.518768635833112e-05
24,0.2704050708180148,0.00029463249984473805,0.41874782771446917,0.0005104115853100666,0.6107555027533635,0.0008434486539954378,0.8319521744360827,0.0013299524116519024,1.048695666273943,0.002004160058731941,1.211981998184001,0.00289620708235816,1.2744155539171516,0.004037331055769755,1.2154508734274714,0.005476616877786,1.0553576169713779,0.007307258929358795,0.8415090567345942,0.00968855608971353,0.6233948127246549,0.012838325144002738,0.43592225648581007,0.01697086623244104,0.295939625394567,0.022177600706072553,0.20730052805220112,0.02828558503642853,0.16835008533917062,0.03476144988280794,0.1780346707028002,0.04073277402176245,0.23935589445500227,0.04516310138933477,0.3602044246031255,0.04714544775470131,0.551753751583874,0.046203444668662996,0.8241011553759563,0.042461428203750984,1.1782925326369877,0.036599951329208125,1.5941557788592036,0.029623772624290723,2.01644355733697,0.022557407268323004,2.3503585079488403,0.01619744991967309,2.4889365398848895,0.010996556524787593,2.3851380816404344,0.007078436376104946,2.1129312620241762,0.004332912623340235,1.8041073769809373,0.0025307284017799248,1.5737465099109613,0.0014166745395414182,1.4888113816605255,0.000765642374062736,1.5656582906435688,0.00040511693396183546,1.7745586317892048,0.00021566849363807705,2.0444544620927445,0.00012100918456781073,2.2737511328052733,7.560465428468888e-05,2.358251228320114,5.3912990324533894e-05,2.24075718382187,4.252278790772834e-05,1.951008001002947,3.498576757010596e-05,1.5680814763661601,2.863492500182474e-05,1.1727220909865537,2.2697180384056992e-05,0.8217827824705637,1.7206892607646296e-05,0.5427342849409342,1.2416004665283253e-05,0.3394675493550494,8.517022024534526e-06,0.45050143079151894,0.5409235765130234,0.7124935992837891,0.8239139116274146,1.0612656569123828,1.1981563129852475,1.4750493413575896,1.6627706667577513,1.8930242436654225,2.2031974475326024,2.2180912138528583,2.7911636827991515,2.3495891925781507,3.386027348956759,2.2414599460853424,3.929025478464837,1.9379713211233138,4.324274707927543,1.537903552629814,4.4458963531019435,1.1365397011700225,4.223127694895993,0.7934113997653185,3.767614542998899,0.5300786793541192,3.248561427288223,0.34277802257793155,2.8006114284448813,0.216548837128812,2.494964900289233,0.13482738626953505,2.3300558464286496,0.08398945488670506,2.2347607665828946,0.05463437415119188,2.0967777675348316,0.04155299957801617,1.8345642754179607,0.043650538161728036,1.4786631483300425,0.06442987508944498,1.1034551591076251,0.11321485434473288,0.768663461099095,0.2069824509294449,0.5035150310354766,0.37223075600013544,0.3122781847280294,0.6454944349911784,0.18492159919242113,1.069820665325551,0.10637050486025146,1.6831375286451475,0.06247657331141454,2.4947504310803197,0.04290396150258857,3.4519447410702924,0.041963167949006674,4.412713587987582,0.058401863794415476,5.154958411523239,0.09472187184906034,5.444335203587798,0.15611869247914,5.1549434870780715,0.2488533801952144,4.412676776433273,0.37786359219921906,3.451870386772498,0.5437410363390427,2.4946107922369265,0.7398542459955024,1.6828877979196477,0.9512976774240087,1.0693921535421396,1.1579908660103229,0.6447842971701903,1.3430850493639355,0.37108298203838785,1.5028469484225297,0.2051472156622367,1.6473818130170912,0.11025990572443334,1.7845958491459442,0.05955659610754083,1.9012160031140866,0.03533601987373913,1.9584650875865464,0.026893052032392006,1.9101633116388257,0.028195523354952456,1.7349525394722605,0.035899424711715255,1.4575607038862017,0.047804796289710794,1.133367364081323,0.06176162826295695,0.8194311987317633,0.0751078992134353,0.5542765728337145,0.084794212662473,0.35300940347201504,0.0882137585658711,0.2129419087914357,0.0843161283714835,0.12228569100716413,0.07415097249804603,0.0671372684362268,0.06027302520169542,0.03535742487315474,0.04555084935418563,0.017908132683032818,0.032199450597545365,0.008740356830912788,0.021405596382464864,0.004116939051755253,0.01344325739546548,0.001873726412668475,0.008005301431239786,0.0008248173776337353,0.004533474625532108,0.0003514903698942362,0.0024474476758769015,0.0001451219284263061,0.0012621436694644217,5.8098883300772286e-05,0.000622865904460923,2.2571903627977008e-05
25,0.31001868334124083,0.0003959433779527899,0.4743539294754555,0.000675636788855627,0.6840048621020287,0.001102040247133118,0.9222445622053783,0.001719156828130508,1.1528451473532186,0.0025692985868772666,1.3248709569897983,0.0036914081861141312,1.3903464537747823,0.0051277211146043555,1.3288919264209653,0.006942779116343445,1.1606219268342102,0.009251568057607074,0.9335348383815472,0.012240728604410833,0.6991657324738298,0.01615504095889264,0.4952224790499713,0.02122336489492227,0.3411484638731963,0.027523428567292285,0.24262595686604982,0.03482643251982154,0.19900897046090904,0.04249637289512975,0.20970619791887657,0.04952156970557553,0.27798358420841396,0.054714959262128104,0.4120387957618732,0.057042098235342564,0.6234311948173854,0.05595558542790968,0.9224681687055636,0.05158598271327719,1.309557478404713,0.04469794786064085,1.7619481766937497,0.03643764942626149,2.219009881434431,0.027993565169708745,2.578726002169333,0.020312036018367507,2.7285548994973396,0.013954309619293781,2.6202625954842915,0.009100819796003634,2.3310116533980363,0.0056509018622818985,1.9996731329310933,0.0033516537014293135,1.749104119045569,0.0019073912253588787,1.6510126415005288,0.0010491259677110065,1.722621714010529,0.0005654270366903802,1.932474703245589,0.0003065012369916076,2.2065206296256292,0.00017452826932640164,2.439480889973993,0.00010985140352204326,2.523774867633392,7.829056062291784e-05,2.400736495030287,6.151034517642984e-05,2.099117374267962,5.048372486271546e-05,1.6991055162693556,4.13518791901879e-05,1.2832608039102524,3.290705876679567e-05,0.9103156560581738,2.511220441192563e-05,0.6097678687713142,1.8279625237482833e-05,0.3873736432078658,1.2672491266130237e-05,0.5094963755832396,0.6100464283531437,0.7949408115759979,0.9192585806858915,1.1687686544055396,1.3239016323341275,1.6053084035347638,1.8213189475904983,2.0397498284396534,2.3942796504525177,2.3733729262808083,3.0118037986619584,2.507660671069516,3.6319901033853057,2.398828534029235,4.195936534085831,2.0886787606777943,4.60605486937061,1.6736943919468104,4.732516403734735,1.2506875599856357,4.503512944311069,0.8831499011162123,4.033817447504816,0.5965648521978437,3.498041775585989,0.38969804476346326,3.033202812385298,0.2485127821350943,2.710356614496959,0.1562154305738659,2.5276242154234296,0.09843326762575089,2.413471206947861,0.06500959222921665,2.255045445079986,0.050267270764379646,1.970283611480454,0.05306135874025131,1.59093376427154,0.07730499414446967,1.1929234584727055,0.1331819051151797,0.837423148227117,0.23887676970798566,0.5543691588040929,0.42213716177684546,0.3483350476681153,0.7201147621503878,0.20947309555231186,1.1747228971007644,0.12272094793911492,1.819859175045167,0.07373405191515303,2.658214519489775,0.05188525055041282,3.6317585590741146,0.05126386173787978,4.600751776525158,0.07057030712576307,5.351660579874533,0.11243958218028638,5.648295201362089,0.1823117227320381,5.3516386143819545,0.286697176147527,4.600698363054107,0.4306667014850518,3.631652666239006,0.6146906194483108,2.6580195875012578,0.8316112159159275,1.8195174333754949,1.065498654424573,1.1741477993200533,1.2948301306021222,0.7191796960059946,1.501165794676126,0.42065426239605586,1.6793037349279984,0.23655082246295933,1.8380581204041846,0.12950896062147876,1.984230228150409,0.07136127181138363,2.103785736505415,0.043092234738196566,2.1576871312533967,0.032934000883869885,2.0997453691738883,0.03408075346442274,1.9088040239109887,0.042637333088350715,1.6105977796055413,0.055979324180498224,1.2619134103817942,0.07158088386040617,0.9217267866858947,0.08642117119052273,0.631029217878222,0.09713026322015139,0.4072505314186401,0.10087311640791086,0.24912212939807432,0.09651547700832452,0.14515090901591066,0.0851865490212731,0.08088826988932851,0.06965196192459189,0.04325969619844727,0.05305369177540342,0.022262946264390848,0.03786434615994949,0.011048199367451161,0.025455201498516544,0.005295556049077277,0.016192449646496243,0.0024546623769765574,0.009782277601516398,0.001101480723491477,0.005629181037420494,0.000478902111581192,0.003092901230957068,0.00020190399641251133,0.001625773657906393,8.260347635768994e-05,0.0008189607460735715,3.281929775766912e-05
26,0.3522139417955259,0.00052267092769398,0.5324643783169449,0.0008797011360002216,0.759125183946253,0.0014180679231685644,1.0131876113127873,0.002190841873471072,1.25609105730382,0.003249879017857893,1.4355492924541977,0.004644649845431559,1.5036006863074363,0.006430374864521582,1.440171557681424,0.00868917851448714,1.2650929631108738,0.01155971508978837,1.0264075187878916,0.015256912221047969,0.7771295189531884,0.02005169538051632,0.5575316277113416,0.026184226806435618,0.38970292012345453,0.03371262776636286,0.28134919105559675,0.04234404959515814,0.23306349661788772,0.05133025327586438,0.24491722726179432,0.059510408544156235,0.3205863306666288,0.06553776443161041,0.4686643533445931,0.06824308505474619,0.7011096506107606,0.06700312077464332,1.0283040197014088,0.06195310663088094,1.449638459409016,0.05394427502142207,1.939237663946642,0.04427115174530627,2.430844908859399,0.03429724701709347,2.815765093169375,0.025132344493158598,2.976722236086971,0.017460178711189656,2.864696290912434,0.011529435741067573,2.5595179454767276,0.007256347470047331,2.2061884800618827,0.004367133474715956,1.9347485608150237,0.002524502921005478,1.8219499306219404,0.0014119406027930381,1.8865478166230787,0.0007743926289549563,2.0956955175070107,0.000427058813329495,2.3721419054154467,0.00024665874525453546,2.6068215674274597,0.00015643850656488212,2.6896956147650144,0.00011152163278893568,2.561458259674964,8.733857112019905e-05,2.2489579049743043,7.151988643272489e-05,1.832475728909003,5.8616232990971184e-05,1.3964268704744427,4.680929464484507e-05,1.001697958569821,3.593618521335884e-05,0.6797980664964598,2.6370138812126243e-05,0.4382058549708745,1.846105897129746e-05,0.57096651109714,0.6823948961277893,0.8788812941984361,1.017861810963268,1.2755582304212112,1.4526097721150109,1.7313888871276504,1.9822349061400928,2.1783045802280867,2.5871768410293043,2.517532806073632,3.2345067491503414,2.653805688956254,3.8814765113354497,2.5450517111889894,4.468223957310329,2.231177927777935,4.894828805167208,1.8052724069675605,5.027623205379541,1.3641103065656353,4.791579527872273,0.9744084382637084,4.3066274760547,0.6656032192836392,3.752659385363586,0.4393394594262645,3.269638802749796,0.2828972052216159,2.9291944200181206,0.17956778776579085,2.729107817425529,0.1144298292356325,2.59724598681305,0.07666954593560149,2.4192727803263097,0.06017805277815569,2.110881807521082,0.0637678511948252,1.7067857117135645,0.09175292010286284,1.285165619689451,0.15513198752114477,0.9083962438473918,0.27316560509689225,0.6070581826779744,0.47455586451178533,0.3860058486618527,0.7965719396120221,0.23548713702780333,1.2794640839820204,0.1403946315074336,1.9532179467064452,0.08620271517997935,2.815801205068965,0.06204455818465249,3.807646229441616,0.06183358152134133,4.793211752393745,0.0842464629567985,5.561601036765751,0.13206020319489653,5.866464762175383,0.210967660827464,5.561569558236442,0.3277426464310338,4.793136195241914,0.4875965958440247,3.807498994472553,0.6908522444114169,2.8155351564309967,0.9297428469828901,1.9527601093227531,1.1871750930963572,1.278707481044421,1.4400086758078032,0.7953634721116032,1.6680282468078076,0.4726730371794474,1.8644009296874628,0.2702646814414038,2.036615418193378,0.15063256706389438,2.190602986626118,0.08459651117937028,2.3119687659398096,0.05194757605113409,2.3616159767450426,0.039879632457996195,2.293296697177311,0.040792641816096875,2.086104321533412,0.050202890588025184,1.7667953454454164,0.06502242380656753,1.3936973004047104,0.08231808971277133,1.0275887082100326,0.09869104195877298,0.7115704598265893,0.11044255222304855,0.46514155477984787,0.11450657080558813,0.28845551234826416,0.109663790644845,0.1704812728187335,0.09712212339900361,0.09640757851639137,0.0798569099897577,0.05234115855023447,0.061284051470011036,0.027356849659554427,0.04413959022895142,0.013795244256698425,0.02999069674706334,0.006723241731606322,0.019308675815409515,0.0031710209668744938,0.011822898035006801,0.001448966665975604,0.006905448818542936,0.0006420150180019846,0.0038565056875086157,0.000276057366590976,0.0020633628523683,0.00011527481615303259,0.0010593680249257886,4.6779234253335744e-05
27,0.396647765934631,0.0006790673505747691,0.5924763039306526,0.0011286515273241093,0.8352092809436726,0.0017999286296799255,1.1036179891148095,0.0027564177244130406,1.3572073044820172,0.004061090071900253,1.542954259785347,0.0057757409658734105,1.6132504046590839,0.00797057949603186,1.5482297318144447,0.01074734329677085,1.3675511697624643,0.014269968127337052,1.1189761293908305,0.018782157092118723,0.8563996960915574,0.024579558581081073,0.6222785953350467,0.03190974605058727,0.4413056112944105,0.04080481598612096,0.32337788834502135,0.05089945943291241,0.2705614391297786,0.061323777394136414,0.2838045807106937,0.07075848211388802,0.3673499637952773,0.0776889333951658,0.5302656639255474,0.08080467865102037,0.784870653318194,0.07940239661775195,1.1413985986418993,0.07362044174897164,1.5977968434831382,0.06439844132864891,2.1246208659349577,0.05318514414193487,2.649936511571923,0.04152903766134841,3.0589669668156603,0.030716283908532205,3.2306920890773654,0.021566868885201984,3.1159037310317217,0.014409772963063006,2.796382613656533,0.009186447703086742,2.4221746602142957,0.005606036656445212,2.1298650024546077,0.0032893576421884063,2.0013060031783425,0.0018692292746891326,2.0571803361576713,0.0010424253550809226,2.2634443820788874,0.0005843879880558234,2.539674134889083,0.0003421947699280281,2.77361967812044,0.00021872289926250232,2.8539394202853146,0.00015607078671564523,2.720692518452097,0.00012191310315756709,2.398734407496022,9.962799163076852e-05,1.967219206947675,8.168670296981873e-05,1.5118238068621395,6.543600011355011e-05,1.0957341422486024,5.051145944889868e-05,0.7526578889251141,3.7341782672228874e-05,0.491821643051253,2.638044588820776e-05,0.634252928227852,0.7577652918446347,0.9632448614624991,1.119458893494084,1.3801937053585789,1.583945622870715,1.851898372805863,2.1451505638494837,2.308242131190127,2.781632990420576,2.651781640988247,3.4592492830788615,2.790130063923243,4.134728416086091,2.6813386018111487,4.747042974665874,2.3650219753394595,5.193405443557367,1.9312493013662788,5.334572212266494,1.4753766129701944,5.090327734002813,1.066128353473232,4.587678489726841,0.7365445542154703,4.013439210948945,0.4913639798182885,3.5108765837867395,0.3195661435775037,3.1524581611115536,0.20486572489289756,2.935656714088509,0.1320197995119088,2.786990374798279,0.08968038639841325,2.589369009933762,0.07135928337447695,2.2572237433498685,0.07583906053105238,1.827154236749493,0.10781713429059891,1.3806476742952327,0.1790409228306089,0.9817759527199996,0.30968687647327897,0.6616709042384628,0.5291159937219163,0.4253224915532883,0.8743360062403553,0.2629688282145253,1.3837876225552463,0.15940097254838292,2.084284563525216,0.09991262991457006,2.971115443378949,0.07343278983421442,3.985064279650942,0.07373797687068873,4.992609485680077,0.09950736202154076,5.779150184941955,0.15367488913807392,6.089464638353093,0.2421973890902791,5.7791061453785915,0.3721193765793487,4.992505031769269,0.5487820569876476,3.9848639515557807,0.7723095154403836,2.970759663427998,1.0342245420799827,2.083682844044233,1.3161343366996334,1.3828100106588863,1.5931411787923935,0.8728003593046196,1.8431266219936333,0.526762702382257,2.05753867817657,0.3061208590215756,2.242601043164541,0.17360061820136252,2.403579442973296,0.09929915645261644,2.5259346524605917,0.0619622410372358,2.570576548933559,0.04779147416638807,2.491203126195387,0.048383769736119575,2.2671914519323764,0.058635239400246064,1.9263746009514762,0.07495893813893417,1.5287069424446145,0.09398590752925884,1.1367695866072154,0.11192179433692218,0.7955610301930847,0.12473049293657823,0.5264034366487067,0.12911101580493778,0.33079036581216315,0.1237573829671419,0.19824017114501657,0.10995532928927787,0.11372805227574645,0.09088940014544278,0.06266106765633594,0.07024976312777653,0.033248629082208936,0.051039822129496315,0.01702826424457271,0.03503158683088259,0.008432759463175898,0.022813068808773096,0.0040438347898543725,0.014146966422686091,0.0018799165850396093,0.008378954329600674,0.0008480319552290894,0.0047512068945252395,0.0003715019174705958,0.0025843313828772807,0.00015815958795428742,0.0013505764304682089,6.547981161020289e-05
28,0.4429271304852591,0.0008697655243850022,0.6537682429611777,0.001429011069376429,0.9114539214415345,0.002256587919418962,1.1927495958275358,0.003427934433602786,1.4557363882991012,0.0050187878246106266,1.6471132114488682,0.007105115893409675,1.719545171891241,0.009774106459644827,1.6530972412215306,0.013149008571417653,1.467546835498979,0.01742034708377105,1.2104683678999208,0.022860595974634634,0.9361950101938419,0.02978807742238132,0.6888745858173024,0.038453243699223094,0.4956097696785946,0.048855252068733535,0.36857332129648057,0.06054773470486907,0.31151420728656376,0.07252996271427037,0.32647357830956025,0.08331562475268584,0.41841822317928745,0.09121509429769503,0.5969488948485377,0.094771427609885,0.8746560491140372,0.09319778451572347,1.261344154434937,0.08663416070339736,1.753084304985805,0.0761097011536549,2.3165061937647806,0.06323200670840379,2.874082712836298,0.049743135728022025,3.3056879207833845,0.037117543689873855,3.487650450695128,0.026324850285618595,3.3712127133112517,0.017786691511901154,3.0393486133448278,0.011478900198653719,2.645959522609246,0.0070983842088025995,2.333375411429188,0.0042247145602232195,2.1883894300722204,0.0024375325015171256,2.2338162217083664,0.0013811689391332038,2.4346919106396854,0.0007865461780056648,2.7079450159299085,0.0004667250877901097,2.9391040818675265,0.00030067528859945014,3.015999621249648,0.00021487827461896813,2.8776083570962783,0.00016751488010413595,2.5471679773984306,0.00013664477660313423,2.102202621021661,0.00011207118950551376,1.628766854240439,9.002579736261396e-05,1.1920697496586854,6.98410283348494e-05,0.8281389094975111,5.198723556532059e-05,0.5480779825186346,3.703828929246811e-05,0.698684444126684,0.8359303231343347,1.0471281823261052,1.2237072183447708,1.4818953620283537,1.7174453051989076,1.9670206997238893,2.3095892469775663,2.431735786844456,2.977388596815217,2.7804144475176145,3.686172022667506,2.921671760926529,4.392493522737141,2.811989922486191,5.034158867848646,2.4923973454979205,5.50433990922761,2.0518302783107174,5.655876889687988,1.583734061774976,5.402602665709992,1.157435602017813,4.87928457379553,0.8087452474046586,4.281850864239459,0.5454008450951733,3.757950914002322,0.3583536499922957,3.3809115919316355,0.23206941213766186,3.147348529542114,0.15123065322768525,2.981570807888147,0.10410027557873036,2.7638571430479715,0.08387824778947106,2.408081012810726,0.08933416631816726,1.9518619013549596,0.1255240412083367,1.4796490436758631,0.2048616084648529,1.0578093712108512,0.34827036099522957,0.7183392427441504,0.5855168482639783,0.46634039323498655,0.9531339654581643,0.2919391736761554,1.4879074282348483,0.1797577935769823,2.2143542131202594,0.11489552866669328,3.1262937157544,0.0860994973677407,4.164531196879125,0.08704188997148776,5.194357796791792,0.1164310636324899,5.99594455288252,0.17737556536781085,6.310667612674024,0.2761061351625358,5.995884267479596,0.41993542044633614,5.194216369299738,0.6143053395969673,4.164263933068469,0.8590724731152477,3.1258266551180895,1.1449447374454849,2.2135770257332297,1.452114864190662,1.4866647192088749,1.7538230272814417,0.951212198115627,2.025958485395904,0.5826171111452823,2.258224420853594,0.34394363488490853,2.4556775935413953,0.1983603318844871,2.6230770917293285,0.11548894395355092,2.745835152348036,0.07318641161236883,2.784872057431585,0.05672514652906102,2.693828076206728,0.056902656420788844,2.4524140337807694,0.06797073781353902,2.0895961576691207,0.08581270263039187,1.6670470320800632,0.10659813047732314,1.249185356632097,0.12612040788189915,0.8827918585120642,0.13999669311897378,0.5908173397158407,0.14468658003443124,0.375980240876288,0.1387957764272869,0.22837225788384785,0.12368649416339395,0.1328618381380693,0.10275204834715623,0.0742647147462776,0.07995762265136364,0.03999031725743407,0.05857716123909995,0.020792045691905514,0.040594604015041114,0.010457204922431629,0.02672468863283939,0.00509522258994366,0.01677321870556625,0.002408059775007132,0.010066131149415014,0.0011049907179767615,0.005790189962226577,0.0004927183138079272,0.003198529640940251,0.0002136502307621413,0.0016995202099678863,9.014919737637683e-05
29,0.49065421876821347,0.0010997680478794791,0.7158111193580226,0.0017877476711873896,0.9873638913818468,0.0027975167172371584,1.280433944001743,0.004217976375912258,1.5521748726700935,0.00613934056900689,1.7491478156784979,0.008653625209717575,1.8238353791271038,0.011866942793403723,1.7559000565629503,0.01592577796554906,1.5655858114701005,0.021048198918379057,1.3007513174202359,0.027534909032510768,1.016043907047333,0.03572419652209646,0.7568245032657615,0.04586420283430925,0.5522645232758805,0.05791374294267371,0.41676362527459787,0.07133665542232848,0.3558968889969947,0.08499258657366227,0.37299126062998766,0.0972205737521108,0.4738820122206562,0.10615025459901517,0.6687340817143195,0.1101742977871254,0.9702762730557879,0.10841983360205631,1.3875650276440865,0.10102715726179667,1.9143690599366892,0.08911530876866891,2.513091493925913,0.07445398654454038,3.100753609270214,0.058985841852518206,3.5526792985065185,0.04438425922035094,3.7439419261631883,0.03178123594034332,3.62733998576914,0.02170353670089753,3.2858173730674025,0.014171254691518698,2.8756268924412325,0.008874919966729067,2.5439410346943987,0.005354494322546088,2.3822307657328565,0.0031346711280093587,2.415629447707488,0.0018034687677754846,2.608768229807083,0.0010426200810798036,2.8767787747806324,0.0006266738123485993,3.1037449704049322,0.00040692656375540537,3.176555358249516,0.0002914036922447849,3.0326376990303743,0.00022683803263134905,2.6940289917320115,0.00018474190005690616,2.236750786235234,0.00015155367350416782,1.746599804136622,0.00012204679114802275,1.2902628194299268,9.511809889772849e-05,0.905975852074107,7.125476031433209e-05,0.606812960274965,5.116679494676646e-05,0.7637030869541377,0.9166233508103687,1.1300525493925306,1.330222146540791,1.5808824763771554,1.8526754499016533,2.0785993784261336,2.475271448549165,2.552841066145902,3.1745568458495654,2.909133967665184,3.915898990447431,3.0545354990758824,4.655932026818618,2.9427204060939403,5.331015308947826,2.6173827963211806,5.82878433319047,2.168890670239307,5.992394344752256,1.689438332048212,5.729725305262946,1.2478893334077839,5.183130618365794,0.8816841771290456,4.559298246017306,0.6010856796565349,4.011733091445876,0.39907348593669667,3.614777450033671,0.26112005736376886,3.36349678454917,0.1720769521193688,3.179456943732248,0.11997873022801286,2.940827935107336,0.09779442250874126,2.561816272902888,0.10430180348612339,2.079973760797202,0.14488537898023424,1.581936812307049,0.23253500222699586,1.136574672374536,0.3887623194382286,0.7771765023680928,0.6435504302157824,0.5091296473581224,1.0328837436236427,0.3224339566643266,1.5921602718840404,0.2014915850354555,2.344219924110803,0.13118607609567334,3.2817011567781265,0.10009413131774636,4.34436059821428,0.10180960695811336,5.39476207910684,0.1350951209778941,6.2090957320474445,0.20325104404491867,6.527737732758851,0.31278765901788574,6.209014824283258,0.4712723676097994,5.394574178504172,0.6842047496190844,4.344010343960235,0.9510974884610732,3.281098223771096,1.261746810045679,2.343231833156551,1.5948350672251763,1.5906038457569593,1.9216581703547035,1.030511935625782,2.216066931847763,0.6400231139323296,2.466051109261116,0.38357407810553923,2.675581224744519,0.22484714332267686,2.8490025121082,0.1331708707512007,2.9716866342116646,0.08565974497651041,3.0045172026359523,0.06672972643764297,2.9011534721507815,0.06639388343683095,2.6418562891253714,0.07824376265989486,2.2566204163035763,0.09760727309549111,1.8088383598860673,0.12016928438561081,1.3648368569581635,0.1412944558064737,0.9731496484125728,0.1562435988962534,0.6582267815854266,0.16123290893938247,0.42389902241779964,0.15477841315987462,0.26081586102372967,0.13831667346585164,0.15380630783738525,0.11544837686642495,0.08718480606216872,0.09041444963804679,0.04762663875180806,0.06676252003808258,0.025128483922117084,0.04669459343949711,0.012829342479790284,0.031060842800798127,0.0063480368955879385,0.019719273181181052,0.0030480745929253317,0.011982992086359445,0.0014217346304121747,0.0069867191232333425,0.0006447613968703081,0.003916140781257127,0.00028450821650949365,0.0021135358092578826,0.00012223613612150075
30,0.5394908146290618,0.0013744277212026645,0.778280044362873,0.002212232798228797,1.0628786523157032,0.003432620512739959,1.3671957151973402,0.00513955623819129,1.6477985262986294,0.007439484262249607,1.8509050769116584,0.010442348581818806,1.9281532984350633,0.014275052334141947,1.8584903869932532,0.019108816867174028,1.6629547475322397,0.025189799400322954,1.3903671750736066,0.03284580311856189,1.0959114279285131,0.04243167592903774,0.8258389496163545,0.05418738245680288,0.6109791193616729,0.06802352493059516,0.4677705507460814,0.08330536599441984,0.40365453504227844,0.09874467699637535,0.4233830325756571,0.11249938443961582,0.5337731226891265,0.12251422436384019,0.7455526826224741,0.1270291480736887,1.0714157180045731,0.125083795665887,1.5193175357308064,0.11681759092880384,2.0802812130909842,0.10343906101979883,2.712174258709638,0.08688174938515658,3.326742313268369,0.069294162101869,3.7958249970415636,0.052557725095084606,3.9951461668561024,0.03797866021113805,3.880124872095166,0.026201222642157518,3.532490289663201,0.01730021815501459,3.1088195435968373,0.010966628407004464,2.7599386192077873,0.006703479485167918,2.5817154482210753,0.003979587508183613,2.601924635625437,0.0023233099509525346,2.785540464857604,0.0013627223238472652,3.046807601443561,0.0008293268347188132,3.268777906629566,0.0005428052259048854,3.3369535214960706,0.00038966408055784996,3.1870031898736215,0.00030302418349492655,2.83995398879415,0.00024645539792800264,2.3708265377820226,0.00020221934028086253,1.8649452466549974,0.00016321825387421995,1.3899213875470195,0.0001277450860470708,0.9858839392679783,9.626493169889727e-05,0.6678455426640539,6.963734813325573e-05,0.8289869932727925,0.9995683482566164,1.2121032090676636,1.438671538971903,1.6783236673254578,1.9893922698579445,2.189532673121448,2.642269009145366,2.676157936180516,3.3736864237755526,3.0433812952696826,4.149418124405656,3.1942827674511136,4.926182837856686,3.0789863100403636,5.638232936631539,2.744605739059807,6.166240077961675,2.285363856555705,6.342840827512191,1.7936968773124136,6.0711533748315105,1.3376150101803432,5.49969928696828,0.9550791768201634,4.846647269265986,0.6581181955516513,4.27274785977761,0.4415388902534687,3.853822328314891,0.2919445312854805,3.583004417547272,0.19456066061002275,3.3790828133310242,0.13735590732267156,3.1188885013066283,0.11315869071495399,2.716767313716673,0.12078038919116807,2.2101699298318636,0.1659020582710582,1.686856252591042,0.2620001000841512,1.217899535503875,0.43103718393558665,0.8382051963915274,0.7030853423807457,0.5537452705864325,1.113584069839817,0.354495324010486,1.6967753787753281,0.22463609384999472,2.4741155908022847,0.14882247881678268,3.436900476291612,0.11546680158289746,4.523074709323282,0.1181047160887374,5.592398466145369,0.1555749120902874,6.418815635913234,0.2313838642128303,6.742326545039305,0.35232104361625716,6.41870898973184,0.5261855721760185,5.592153086663984,0.7584825110411657,4.522623102769103,1.0483019407624852,3.4361339658894394,1.3844376101669695,2.472877306134251,1.7439780039253492,1.6948521837712178,2.0962219964267206,1.1106935400448492,2.412988413867879,0.6988444602666277,2.6806051557496176,0.42488170187016294,2.9019936400059123,0.25299464469799204,3.0810620311808634,0.15233908505024374,3.2030554925925117,0.09941197800617374,3.2288280873449366,0.07784753633177388,3.1123909220714268,0.07689801976221133,2.8349185187068997,0.08948657937662574,2.4271791410519654,0.11036496934684692,1.95402558334672,0.13471221769668773,1.4837064011310304,0.1574483866056653,1.0665673614080333,0.1734691812280289,0.7285239904199443,0.17874474752397873,0.4744456110875035,0.17170040350674753,0.29551163246196666,0.15384406310295162,0.17654993711357747,0.12898062193789883,0.10144376928110432,0.10162647095103239,0.05619518019170755,0.07560598364170801,0.03007601347394484,0.0533451176042945,0.015581027879761677,0.03583746492904538,0.007825497904605072,0.023001716229373415,0.003815415995177318,0.014145044699489517,0.001807857621997755,0.008354013663847581,0.0008332596887612453,0.004747585413497291,0.00037388144551186997,0.002600309629997355,0.00016342870117114217
31,0.5892173935963001,0.0016994216402963502,0.8411159532752208,0.0027101950263386243,1.1383669856122651,0.004172167809429084,1.4540645043221048,0.0062060155009930895,1.7443012547742,0.008936191788961878,1.954488866081192,0.012492425231812376,2.0347215692845566,0.017024152584781405,1.9629781476533026,0.022728553821252717,1.7613599452402013,0.02987995177954872,1.4803649498612685,0.038831475953884365,1.1761938390945943,0.04995038757215298,0.8958957633362843,0.06346192260298267,0.671581522053657,0.07922018318458868,0.5214432658890473,0.09648316192033235,0.4547150288008197,0.11380726486549975,0.47763381484537604,0.1291642592577773,0.5980611825261803,0.14031159831665718,0.8272444282592915,0.14533586942752663,1.1776254992350914,0.14318885176408003,1.6556621681179422,0.1340080972818214,2.2491606140188196,0.11909040735054077,2.9111903358707423,0.10053336169266913,3.548667639810901,0.08069469804013352,4.031498967036896,0.0616712711839682,4.237869158647754,0.04495422846048314,4.125886091944722,0.03131732678093613,3.775872563886878,0.020900935810459487,3.3427931206661015,0.013404211698798463,2.979461778679706,0.0082969704280913,2.7856525087318005,0.004992146266431519,2.7921771118876677,0.0029557227321674873,2.965177615090397,0.001757963916134031,3.2187121674369337,0.0010828414606294245,3.4348605758968915,0.0007143636389628227,3.497604903692263,0.0005142646255080763,3.341377062649599,0.00039969169074538513,2.985689196633075,0.0003247114755140501,2.5047986910503823,0.00026647690810932545,1.9837531189598394,0.0002155301872335258,1.490802509550349,0.000169351076692692,1.0676152828038994,0.00012832637685278314,0.730993130944853,9.347460149911058e-05,0.8945133467609594,1.0845281562521905,1.2938895677439177,1.5488513344268995,1.7759901389567858,2.127591211291019,2.302973309736444,2.8109338296742408,2.8057565293484004,3.575482254077542,3.187351921948448,4.3875478502661736,3.3450016331821644,5.203578765713928,3.2249987250493177,5.954366720215148,2.878164185021433,6.51217457261032,2.404438331852816,6.700474257268979,1.8983211795116404,6.422150288854709,1.4272641781240054,5.827140085439851,1.0289491900671237,5.143638115405338,0.7163189643983969,4.541016739226961,0.48559108612698765,4.0976511196709,0.32446493214456495,3.8050441065884115,0.21867285107782664,3.579422473444538,0.15626211092785525,3.2965830126090623,0.13001286486723984,2.8718218632316166,0.13879907282807835,2.3414181634120723,0.18856801094170805,1.7936584946705807,0.29320007986507335,1.3014285288793417,0.4749968144151353,0.9013330079408206,0.7640357830541689,0.6001998408269174,1.1952379716121868,0.38815850433434207,1.8018374471021161,0.24922812073077694,2.6040114014472238,0.1678459059778561,3.5915988250594637,0.13226845926897113,4.70081529905292,0.135989701417202,5.789858459434527,0.17794216842321475,6.631783778055251,0.2618481879067076,6.9629960950856,0.3947694678681728,6.6316454981097195,0.5847056152617824,5.789543022535327,0.8371083876336343,4.700241603319228,1.1505649642972458,3.590637885265096,1.5127817912100454,2.60247981881912,1.8991899488605668,1.7994901453162129,2.277075551518692,1.1917555308873489,2.616253419814484,0.7589908060376729,2.9014100903978033,0.46776371601981737,3.1343935603288173,0.2827407529239281,3.318540992730732,0.17298088028110215,3.4388505141516816,0.11446424471523642,3.4563386629972683,0.09011420491106037,3.32597041363465,0.08845120134810713,3.0302306436663002,0.10172834821969445,2.6003691369751323,0.12410493440438586,2.1021667058314506,0.15023523784020654,1.605614923246094,0.17458026891608824,1.1629485301612021,0.19166367052912392,0.8016196190560549,0.19720862129815941,0.5275382825166162,0.18954931009830034,0.33240626627684833,0.17026085404722835,0.20107686928827206,0.14334706392264707,0.11705630804249267,0.11359769266618969,0.0657270849408178,0.08511626970312136,0.03566937987329766,0.06055854886699308,0.01874276534067576,0.041069342967603006,0.009550847244327088,0.02663621602778221,0.004726123986984021,0.01656727002500702,0.002273627416570889,0.009905163500661729,0.0010644005799349543,0.005703438205728162,0.0004853145662764291,0.003167823065268749,0.0002156704108529084
32,0.6397655790156023,0.0020807214232263505,0.9045185593122369,0.003289672191385762,1.2145141389719356,0.005026721406011347,1.5423093933191012,0.007430931909766514,1.843399981222774,0.01064655031905204,2.061790473976089,0.014824888340626785,2.1454417315180763,0.02013948626427009,2.071261400720232,0.026814364644451416,1.8625320588962495,0.03515155707418671,1.572034836988223,0.04552704801608343,1.2576055555200583,0.05831559453781665,0.9672326124318715,0.07372048301522227,0.7340501047083308,0.09153070607499103,0.5776882278159974,0.11088856640435552,0.5090052234277209,0.13018861918044422,0.5356928546752897,0.1472130604402082,0.666652416647139,0.15953159149012208,0.9135533589783336,0.16507848381115764,1.2883207793729525,0.16271832514621565,1.7954917709907932,0.15258593276575994,2.4192410543982987,0.13606437853331954,3.1078390723127995,0.11541393204879569,3.764284287355622,0.093203017272117,4.258179172857126,0.07174944929010962,4.470966657780991,0.052738638888968126,4.363039007976113,0.03708525822321462,4.013593561535799,0.025006284327446338,3.575065350472869,0.016217545596646232,3.2005401733681538,0.0101604062365368,2.9927951890886106,0.00619289812993884,2.985832666967326,0.003716655498919863,3.1475723546209338,0.002240401259768987,3.392290363552547,0.0013962374719085346,3.601233273498792,0.000928391314118926,3.6575068472013754,0.0006704204099605704,3.4950417123327497,0.0005209585672218964,3.1311597491869634,0.0004228476097978273,2.6388655858090715,0.0003470773335720878,2.1031013204465125,0.0002812600268953247,1.5928032812462334,0.00022180707719599013,1.1509921835436216,0.00016894991472327092,0.7960934942614131,0.000123869555636702,0.9605428564818794,1.1713340154446996,1.3763729914580836,1.6606827343152872,1.8758136662163452,2.2673889646325733,2.42163114143068,2.9815786523429324,2.944365584451589,3.7802514280369905,3.3430415653674572,4.630117899186189,3.508115969901155,5.486477120078916,3.382768563695663,6.274942305395825,3.0208146996624237,6.859335934241699,2.528860860210898,7.0579659155012,2.005285464107601,6.77519091393151,1.5178428838689797,6.16050028959171,1.1035995912761791,5.448030141951449,0.7756624376584114,4.8155999386199255,0.5311278466474505,4.345409201469238,0.35861251967708085,4.028089615193494,0.2443980121338427,3.7777452714512947,0.17671825739944325,3.4704775856471315,0.1483896251661463,3.0241764349746063,0.15837886627014086,2.472054843261276,0.2128730578951945,1.901411814076937,0.32608447583152156,1.3866839124782473,0.5205639113401048,0.9663710457105026,0.8263380925213824,0.6484536590890002,1.2778360945858367,0.4234406278476399,1.9073874735572645,0.27530187135425876,2.7340179889752108,0.1882986743762558,3.746371159071714,0.1505504263734565,4.879706654533948,0.1555253452713714,5.9915418244240755,0.2022637976367605,6.852385387555842,0.29470845958189784,7.19112032379735,0.44017963012856853,6.8522087683245445,0.6468390725501649,5.991142130671051,0.9200217966163109,4.878987718495409,1.2577336826350347,3.7451817960122753,1.6465226514449114,2.732146276553067,2.060124513914616,1.9045546338111308,2.4638135106931713,1.273684338296789,2.8254041977445468,0.8203942879663373,3.1279086483816627,0.5121384715553177,3.37199959846248,0.31402997051509374,3.5602745085257084,0.1950797823042194,3.6774591888954546,0.13083058115125823,3.6851566894347343,0.10355883775400798,3.5399857126558345,0.10108445271498567,3.2260067555805563,0.11499370600813563,2.774783504438574,0.13884100691393542,2.2523842567152315,0.16673947188701277,1.730117984986009,0.1926787519169011,1.26208494337493,0.21080601993253367,0.8773985783946046,0.21659909018535473,0.583098543964752,0.20830164089875325,0.3714504069889699,0.18755026737335356,0.22736919326848692,0.15853953574378465,0.13403155161677205,0.12632802390726283,0.07624798747838213,0.09529965765841553,0.04193968963909356,0.06834568903923355,0.02234341617690916,0.04677009487340911,0.011547048000011273,0.03063756762912817,0.005796628676307591,0.019264116228441708,0.0028298926888510323,0.011653072233002604,0.0013449021237192937,0.00679435894380731,0.000622751566424995,0.00382429931732986,0.0002811729348195513
33,0.6912154952642595,0.002524561617519794,0.9688787837421842,0.003958963949116878,1.2921390691117267,0.006007072251122736,1.6331145715089406,0.008828029303913354,1.9463730175511955,0.012587636380430922,2.1739131764920785,0.01746048780159981,2.26128124286015,0.02364556907559745,2.184450807299527,0.03139422139565795,1.9677642619330982,0.04103514435064426,1.6665835679173142,0.052963966026709386,1.3409960346839398,0.06755724514914618,1.0402788900528321,0.08498848800581982,0.7985100657156181,0.1049727950585293,0.636485931315292,0.1265288625922949,0.5664654065494688,0.14788416037345087,0.5974805227961042,0.16662970302650137,0.7393917198191957,0.1801488992537088,1.0041341884107169,0.18622633751920148,1.402818223149552,0.18364099026211989,1.9376711872005217,0.17252416083056232,2.589001411796744,0.15434245359801935,3.3006104005503403,0.1315160484732587,3.9726396019814274,0.10682365010234207,4.475464882235883,0.08280766682491958,4.694006621648896,0.06135558707956079,4.591118848102724,0.04353357829086235,4.2445764480053185,0.029646226955264865,3.803958649949891,0.019435142864494992,3.4214816504759256,0.012318965485974331,3.2018787884048834,0.00760281360726367,3.182081946901235,0.004622817572453641,3.332033330102149,0.0028229575377736182,3.566570307399161,0.001779368489223998,3.766735022565399,0.0011924138834729092,3.8157002045074933,0.0008639680131636851,3.6469034507740616,0.0006714580993048003,3.2755777907941592,0.0005446281836611888,2.7727348436624197,0.00044712820863423985,2.222925769591484,0.0003629858599651925,1.6958523704563504,0.00028723848936351715,1.2358916899245287,0.00021986057163303485,0.8630143792843228,0.00016219113945226127,1.0275375916235134,1.259872046820874,1.4606184085478162,1.77412688804975,1.979402595051397,2.4088220658522914,2.547029427372763,3.1541810014850853,3.0923390878451755,3.9876078871905065,3.508984382993731,4.875834775908288,3.681255418739056,5.771988270511201,3.550844867028445,6.595875338936594,3.1729388536405168,7.204626374382315,2.6601912640248884,7.413768140750335,2.1162394340117316,7.126932554858513,1.610459391652057,6.495291846309328,1.1795367572854047,5.756398464520771,0.8362726679551997,5.094368410107563,0.5781208552175485,4.595374783872103,0.3943416732722653,4.2502105756800574,0.27172050141962245,3.972492189347804,0.19873777061229703,3.6402512255392594,0.16831308903010722,3.172251320703481,0.17953373498630754,2.600202189920765,0.23880461904036565,2.0088262852441403,0.3606091141014076,1.4729771821923805,0.5676765103216894,1.0330157380808487,0.8899449502096104,0.6984068349725021,1.3613853121373722,0.4603327324505244,2.013543642656714,0.302883499858126,2.8645264972501536,0.21022169268394464,3.902165666228939,0.1703633520414769,5.060959112247929,0.1767699606025417,6.196397067373709,0.2286009368260693,7.073450956298984,0.330018569923368,7.415828258419424,0.4885818152467891,7.073228460881182,0.7125708311234575,6.195897268160024,1.0071393301177523,5.060069361893056,1.3696408322430216,3.900710790109315,1.7854092628081162,2.862264230716846,2.2264586796325148,2.0101599843278564,2.6560395549736313,1.3564829602119062,3.039938482102798,0.8830037664265546,3.359419612171905,0.5579400200722375,3.6138193377498737,0.3468134510007985,3.8048873003967856,0.21861749077697823,3.9172651823785145,0.148519234673131,3.9137197917482354,0.11820418451907244,3.7530166626479513,0.11482289855166528,3.4207938773606656,0.12930121198360212,2.949010633938542,0.1545795370675478,2.4035749875038164,0.18421617713192973,1.8565292229955048,0.21172008139046739,1.3636146768419621,0.23086111113525476,0.9556791064503614,0.23687629911682961,0.6410288911047246,0.2279200607858911,0.4125911208416255,0.20568360066772584,0.25540635421157276,0.17454081950245381,0.1523742347208099,0.13981125722557408,0.08777886971847693,0.10615864385044915,0.04891462318391859,0.07671505950020219,0.026410043833266172,0.052951896103877516,0.013836545274216405,0.035019618145270215,0.0070435656400604785,0.022249463227581145,0.0034879811332757527,0.013610407358555676,0.0016819735092212795,0.00803103380576431,0.0007905306003976875,0.004578153648708394,0.0003624248304276989
34,0.7437577151590631,0.0030374072321137646,1.0346614187478735,0.004726584406398615,1.3719612027857693,0.007124172641397308,1.7272274742758782,0.010411082640985114,2.053651589026231,0.014776377754515124,2.290831549993527,0.02041948843316277,2.38203118798765,0.02756590176568352,2.3025288214812463,0.03649429965616946,2.0775035372107595,0.047558366402427055,1.7647822146404906,0.061169404098109226,1.4271160859625525,0.07769933691497499,1.115537717704683,0.09728356567347873,0.8651943349805151,0.1195545442974435,0.6978894742014745,0.14340019881137778,0.6270579117212947,0.16687713624696698,0.6628960142152209,0.18738544487359832,0.8160714828663913,0.20212551672102563,1.0985769173653352,0.20873625918693506,1.5204064239046602,0.20591332233016146,2.081177588488117,0.19378374225925654,2.757290238022051,0.1738942783576931,3.488548332240498,0.14882098734142346,4.173079905333452,0.1215507450797304,4.6826919576233195,0.09485233860095832,4.906224656287122,0.07082153698274851,4.809401261232779,0.05068554823537852,4.468052737465314,0.03484728644752977,4.028363491107484,0.023083660467364098,3.640963516388638,0.014797167871165584,3.411683719177745,0.009242997204637504,3.3799143774308504,0.0056914963824965525,3.5176840677077053,0.0035193198500564904,3.7409265020692146,0.002242873472823703,3.9313390451420673,0.001514677080194815,3.9725160582192984,0.0011013661958259036,3.7970239806895734,0.0008563465205497778,3.4185466997148524,0.0006942541454009188,2.9059893169676343,0.0005701034515368519,2.3429928198906964,0.00046359581369870284,1.7998212081261045,0.0003680344254917145,1.3222018232731898,0.0002830070809523022,0.9316450487920065,0.0002099958908274857,1.0960257261504012,1.3500423946734372,1.5474955278336893,1.8891015552312638,2.0875566170129787,2.551769466225778,2.678958191361289,3.3284425421811648,3.2475002597011553,4.196841422206717,3.68119048828612,5.123259351387105,3.8600211135171776,6.058086747771313,3.725251488699996,6.916007327781017,3.3323846348343977,7.549132241605776,2.798250899516006,7.769667962912536,2.232016802742237,7.478250541298621,1.7060189875269316,6.829939124532984,1.2573264880893475,6.066024233702592,0.8983801084727929,5.374906599745145,0.626614378791146,4.846011226140945,0.43163837093334223,4.471517759167909,0.3006309646639238,4.166433313285779,0.2223295362632598,3.8099983020506443,0.18980006883475653,3.318894663218771,0.20227167932398515,2.726280029737154,0.2663487111553877,2.1152279348527827,0.3967357652086321,1.5596312646437127,0.6162863425829528,1.1008747260971177,0.9548294885444193,0.749894023352681,1.4459263118810668,0.49879243673512974,2.120471047736828,0.33198581899728197,2.9958150673896853,0.23365151319671895,4.058876513602627,0.19175575009899148,5.242238324378377,0.19977848766802708,6.3968367397897055,0.25700823099759873,7.2817477145781595,0.36782164151031793,7.622959155947683,0.5399911996214541,7.2814709640078945,0.7818685182662648,6.396219330536496,1.0983632635281992,5.2411497869502455,1.4861127566705363,4.0571160281729135,1.929187536490872,2.993108416625091,2.3978479564166264,2.116467739597283,2.8532947596838767,1.4401886034906966,3.2592467834710988,0.9467889976131119,3.595124594521849,0.6051165557710192,3.8587955826687903,0.3810487820783237,4.051191331128621,0.24357502385782936,4.157244215283981,0.16753364044689079,4.141384799560683,0.1340667362082968,3.964623494258376,0.1296849624927745,3.614053363904759,0.14466187919879303,3.122219819348402,0.1713176416310489,2.554810378126831,0.20264539925119607,1.9840988190067037,0.23166807322422756,1.4670608836731844,0.25178137113061894,1.0361998392877467,0.25798819960982655,0.7011947995017636,0.24835499153914498,0.4557619510189852,0.2246201891784949,0.2851620484780142,0.19132332716026212,0.17208460870301678,0.154033394106591,0.100336556261027,0.11769053969737797,0.056618668111696024,0.08567198995115177,0.030967852647791005,0.05962500495479617,0.01644108720006443,0.03979506039422631,0.008483610830580801,0.02553653023323932,0.004259595134953997,0.01578953759963042,0.0020832670618347038,0.00942411870437354,0.0009933715762144857,0.005437945875200967,0.00046219601313168823
35,0.7976266244045291,0.0036259201260691043,1.1022658906199467,0.005601212809779099,1.4543980626140183,0.008389064166294702,1.8247838011079693,0.012193811000543064,2.1648421911936566,0.017229393838078977,2.4116984013776346,0.02372143704451446,2.506708846415677,0.03192264574681758,2.4246564594059237,0.04213855477155448,2.1913727280489184,0.05474548894153486,1.8667907733242828,0.07016571237227254,1.5164149196957624,0.08875942138911341,1.1934459214562594,0.1106152626553012,0.9343758316185813,0.13527455587745862,0.7620038315144484,0.16148827880897443,0.6907673523701305,0.18713997985332753,0.7318249290324275,0.20944088197848032,0.8964466344073116,0.22541322702272737,1.1964392677441538,0.23255532724260775,1.640399966168843,0.2294823113206803,2.225131300890098,0.21631617847287998,2.923198430415596,0.1946799503193688,3.670874628126512,0.16730049789794066,4.364984486128378,0.1373692787769869,4.879485215193199,0.10788152920349603,5.107597610390712,0.08114588236958298,5.017457132073105,0.05855895118565968,4.6832979846681155,0.040632183811794675,4.247356458048216,0.027187488236450008,3.8578952097414003,0.017618501659399044,3.621106131119177,0.011134396635043231,3.5784002390105343,0.006940356361155864,3.7039980121344342,0.004343815198808443,3.915551528931701,0.0027981092971458565,4.096019501651654,0.0019041156865569064,4.12924646138913,0.0013896853429287148,3.9464830651404554,0.0010813024236995261,3.5605175420487285,0.00087636646185274,3.038583761193422,0.0007198481296200043,2.463116487743946,0.0005862934349352145,1.9045509391573887,0.00046685368056387233,1.4097998120842021,0.0003605686124501517,1.0018821141068202,0.0002690354433525499,1.1664456361122575,1.4417353215471849,1.6374381888899734,2.005482162157705,2.2001063487341526,2.6960565098918323,2.815860563503975,3.5040735329939707,3.406683948320733,4.407440690165458,3.855692877862566,5.371666134354427,4.040369052422648,6.344427370185485,3.9020322253445556,7.2363486115939395,3.4960054681632755,7.895110396977088,2.9415051827281786,8.127862571082005,2.3524718626190406,7.8311451182942164,1.8049807086549663,7.164896186629221,1.3374349602349866,6.375719236049008,0.9622508341744833,5.655707824655337,0.6767053076014236,5.096955392823247,0.4705201305009723,4.693693409159778,0.33113037694465675,4.3624882724188865,0.24750091404848718,3.9819905547585677,0.21286177523643346,3.467208017664916,0.22659589871045682,2.852463918677131,0.2954907215471394,2.2212144369227644,0.4344320481750401,1.6464464683522237,0.6663576999308134,1.1696380562868853,1.0209798269070234,0.802725054491475,1.53149302329075,0.5387474302610826,2.2281922868401125,0.36260504527785997,3.1275261709993174,0.2586174537473198,4.214658011087067,0.21477229413358145,5.418325408642886,0.22460152352118712,6.583302460248433,0.2875333715360284,7.465712180391165,0.4081503983593393,7.8015751498296595,0.5944096928199087,7.465371954368948,0.8546857080807513,6.58254829677162,1.1935829104043023,5.417007771845874,1.6069610920767445,4.212548949056782,2.0775767122820525,3.1243181405229734,2.573899967386069,2.223497302542455,3.055054022941931,1.5248321672647762,3.4826465364587875,1.0117352250954355,3.834176367699456,0.6536293502254011,4.106014298080936,0.4166999656945336,4.298450492136453,0.2699334703384011,4.397095953668895,0.18787311180903998,4.368281292154961,0.1511567752463634,4.1751031318988225,0.14568175908334524,3.8060141510443373,0.16107835137609072,3.2942994869538325,0.18904301474049134,2.7056191087867774,0.22199748791354068,2.112239021318601,0.25247792844038486,1.5719401021026442,0.273512292561918,1.1186483345093166,0.2798765887141599,0.7634221840505688,0.2695501016214621,0.500875801113807,0.24431117983021977,0.31660022772234697,0.20885059019883556,0.19315728874062188,0.1689724468278655,0.11393370697896898,0.1298865954718167,0.06507324375002099,0.09521776214933197,0.036040161889559386,0.06679718388159017,0.019381593126126972,0.04497511592899173,0.010133338272225956,0.02913771584371716,0.00515671028529141,0.018202442517576856,0.0025568247817773226,0.010984175630255777,0.0012363575231120194,0.0064123318938982266,0.0005835379456584633
36,0.8530274738391199,0.004296923090805649,1.1719234463239445,0.006591639489670342,1.5395003224266475,0.009812795998641377,1.925402537555783,0.014189753854225273,2.2790414267301458,0.019962812131780083,2.535242070318418,0.027384902523863275,2.633910336081044,0.036736278153057356,2.549570407117699,0.04834829928131512,2.3084850094573994,0.06261692412317643,1.9722526670179832,0.07996998018506929,1.608974518022933,0.10074832171812886,1.2742703263752446,0.12498508604267045,1.006293400987488,0.15212248539728535,0.8289512956771432,0.18076953896616033,0.7575921955681224,0.2086361409701567,0.804144813064795,0.2327483395733907,0.9802505333514091,0.24995637464235188,1.2972723198504355,0.2576238199171712,1.7621618091534401,0.25428840005179154,2.368785044226115,0.24006628139341046,3.086046182074824,0.2166524879071403,3.847259749517889,0.18691885480575365,4.548836150950592,0.15425660418986809,5.0676060686496385,0.12188596200076063,5.300622515287159,0.09233145051348401,5.217000799867947,0.06716619022790837,4.890702572697592,0.04701966865150098,4.46047467462904,0.0317684493024899,4.071434274375861,0.020805101790301705,3.829251781236053,0.013297523729761451,3.7769214274048863,0.008387229194340762,3.8910303435113747,0.005311270179845451,4.091529733540938,0.0034570664488455805,4.262897159609793,0.002370308111039776,4.288507732092967,0.0017365857941058493,4.097520714944494,0.0013525178824238537,3.702849847393054,0.0010960433464788366,3.171049952966314,0.0009005784083910839,2.583360562183543,0.0007345990761677967,2.009947371286671,0.0005866273104402353,1.4985712919240086,0.000454958627869928,1.0736256607060568,0.0003412616708828864,1.2390355952065875,1.5348438634018748,1.730396619381736,2.123166871477906,2.316178027474052,2.8416059587252676,2.955646123006318,3.68104161150427,3.566768062622941,4.619449446773615,4.028832179217261,5.62134432429275,4.218345941873849,6.6319154587354205,4.0775344903472615,7.558488756542829,3.6606906199940568,8.243992441856335,3.0878772280857447,8.48905129521313,2.476745706786005,8.186719598813625,1.9073113298209137,7.501091984621098,1.4201197838424378,6.685525341549919,1.02811350327147,5.936420247290471,0.7285120235874274,5.348429750839841,0.5110282163150259,4.917613720445161,0.3632307153820875,4.561319045293658,0.27425992288908674,4.15702690113244,0.23750556719278393,3.618093637395532,0.25250599962919296,2.9801537497955906,0.3262159707669525,2.3277609064116405,0.4736704280498998,1.7336894050829414,0.7178613605015016,1.2392106125143982,1.0883743547237827,0.8567571728042367,1.6180317618568552,0.5801176846364342,2.3364068747464444,0.39472385152316747,3.258505105498898,0.2851401878224351,4.366428113679376,0.239452277410237,5.583399175982322,0.25128438514570917,6.748298708894708,0.3202168126417746,7.619003999666347,0.4510276547796366,7.946957364622449,0.6518270439717071,7.618590249624958,0.9309622753796702,6.747387048562814,1.2926714388243,5.581819884100696,1.7319751093341438,4.363924819316253,2.2302636925276147,3.254735828063076,2.754180834134786,2.3309454010804984,3.260747331068387,1.6103574337630562,3.7094348806836024,1.0778185016370117,4.075811526477764,0.7034467056623726,4.354826829276817,0.4537363954659668,4.546374134964026,0.2976743429680937,4.637020070768358,0.20953333027864574,4.594998691657793,0.16947851043096307,4.385223861099348,0.1628169964847075,3.9973640571831766,0.17854524612357636,3.4656405088894644,0.2077356942768347,2.8559841771868832,0.2422370057211083,2.2406402969461396,0.2741020852654401,1.677869421330115,0.295999281384411,1.202715411688132,0.3024841944243235,0.8275130624072062,0.2914491221481512,0.5478250464007033,0.26470533517385775,0.34967253425224953,0.2270811199136915,0.21557978316127446,0.18460014581887663,0.12857839820753725,0.14273220970335387,0.07429665207814651,0.10534918156372441,0.041648360537010376,0.0744731991539993,0.02267804749408242,0.05056917423598861,0.01200909790145488,0.03306438317395077,0.006191479662675192,0.020860588766026922,0.0031110221116250614,0.012721594909180567,0.0015249109474098077,0.0075100103895238135,0.000729779783569029
37,0.910083163093077,0.005057360043338122,1.2436608922962478,0.007706704618613003,1.6269959157011726,0.011406331161197159,2.0283400723601517,0.016412130681146664,2.3950171901824433,0.02299206725319891,2.6598768120757086,0.031427206169610145,2.7619165947912734,0.04202525786831757,2.6756932189082363,0.055141828645901114,2.427624714259764,0.07118886880471109,2.0804483330994117,0.09059377910261901,1.704553027957445,0.11367011465426913,1.3580705802623925,0.14038688164919222,1.0810975727235927,0.1700799532450219,0.8988348485813731,0.20121265586612935,0.8275304825351668,0.2313221482336303,0.879727233770609,0.25725435332105917,1.0672082632740967,0.2756945829291908,1.400641599026585,0.28387799447727957,1.8851333070588225,0.28026819338583664,2.5116001602141296,0.2649747214832132,3.2456371035837037,0.23976014606978424,4.018401598561923,0.20763486959640431,4.726823895821326,0.17218408276312402,5.250630160869605,0.13685021199125913,5.489124614243792,0.10437524020744604,5.411568044387423,0.07651461691466466,5.0923777056855215,0.05402453623173642,4.668310601473877,0.03684562704484051,4.281290651130803,0.02437749794398769,4.035616568966361,0.015752203225019912,3.9753371913602678,0.010049906384665519,4.079518222440129,0.006436860684061685,4.270740869620113,0.004232271017826861,4.434679041529307,0.00292341801468865,4.4531393767615555,0.0021502855856851966,4.252973427255711,0.0016766814849233924,3.847705350330216,0.0013587913961146114,3.304578240615456,0.0011168767816798209,2.7041731807814813,0.000912347442636019,2.1160807215319437,0.0007305579447347554,1.588454460984849,0.0005688259111593652,1.146790151159621,0.0004288293994250125,1.3138008776704737,1.6293015897797432,1.8259273404464693,2.24216083433339,2.4344862982229643,2.988575078490612,3.0960032763773597,3.859740637341929,3.7245512632548525,4.83355616784479,4.196775896035433,5.873301453128988,4.389898510994044,6.921684211058391,4.247928982164012,7.8825746995437385,3.8232442640037334,8.593240110157467,3.2350625579274492,8.84847753194299,2.603561635176902,8.542101942512318,2.012577937534843,7.838053714453508,1.5053995330949874,6.995824499292667,1.0961080379288433,6.217456422000623,0.7821424945500439,5.6009517278419025,0.5532152789378415,5.144117299528489,0.396952658139071,4.764481017817616,0.30261625373123024,4.337376258465838,0.2637364192628411,3.7733308248664343,0.2799990401131254,3.1105791813440646,0.3585096366032303,2.4357474351893416,0.514424943387894,1.821797395989961,0.7707621324334468,1.3096758096355643,1.156947260256402,0.9119308619785897,1.7053354661425146,0.622841113072127,2.4444535837151307,0.42832027410804585,3.3870653844523986,0.31323293304762956,4.51098991600702,0.26582882259913276,5.733447247032018,0.27986635462457343,6.8899665686763,0.3550915220055231,7.745616797958519,0.4964665306583811,8.067643866938397,0.71222099093211,7.745118673212346,1.010623383453094,6.888875137520699,1.3954829260158021,5.731571634680222,1.8609177337725669,4.508044273717587,2.3868990488265354,3.3826724627524527,2.938210247408051,2.4381484703926617,3.4697619098637915,1.6965553316044861,3.9389156008789996,1.144971221409378,4.319382387780706,0.7545314640492506,4.604838139949607,0.4921294591908918,4.795008606041165,0.3267791574626244,4.877552432893026,0.23250664272381982,4.822438777491925,0.1890304346461562,4.596041338352734,0.18108757528261776,4.189105974623544,0.19705065618518347,3.6369775032428606,0.2273711102316156,3.0062407882742264,0.263327352559827,2.369273589181603,0.2964957417093501,1.784622476541017,0.31919345942606014,1.2881453599900397,0.32576062148018536,0.8932709165030701,0.31400162788122543,0.596489134272133,0.28575452045515704,0.38431878874666836,0.24597298567687176,0.23933164348341052,0.20088491013893872,0.14427359636874826,0.15620825748874267,0.08430388724173099,0.11605881615832914,0.04781181405405732,0.08265459547783394,0.026349398312731864,0.05658449210022809,0.01412690692200158,0.037326628473692836,0.007376144353884229,0.023774780214807834,0.003754510789121923,0.014646500842445676,0.0018647663794126856,0.008739661600884574,0.0009045208530551463
38,0.968807845243191,0.005914251102240087,1.3173070387788357,0.008955228795912262,1.7163532604331522,0.013180441978420276,2.132591608597977,0.01887369035921438,2.511320153379529,0.02633169752652975,2.7838736057246933,0.035864168443822564,2.888933095908669,0.04780574034566598,2.8013039830725575,0.06253414263301238,2.547358522349441,0.08047309888070231,2.190396165041875,0.10204312961832329,1.8026473226022972,0.12752239441761049,1.4447047581052175,0.15680751778336344,1.158823333260898,0.18912172690033913,0.971709341103633,0.2227802255538336,0.9005644287485666,0.2551496950050023,0.9584374615556044,0.28290200946457844,1.1570495422033673,0.3025651850834947,1.506155413349461,0.31125248304078923,2.008892930287402,0.3073567461674429,2.6533622462538915,0.290980169661907,3.402382441616737,0.2639483850171018,4.185780828461702,0.22940365327804102,4.901445825578776,0.19111859267832187,5.431191880888036,0.1527539017165509,5.67538200830495,0.11726926086475942,5.603761588739417,0.08660701073949895,5.290765047751393,0.061657797246880364,4.872289922342134,0.04243531405018075,4.48789851900483,0.028354441950341425,4.240256307719392,0.01851736203661858,4.174003879878001,0.011945944623221294,4.2705447159169125,0.007735958623470651,4.45488871376665,0.005136676974416332,4.61314212790694,0.0035741249230341054,4.62485993446262,0.0026395184729608445,4.414752504069384,0.002060953675709243,3.9970638142817734,0.0016705308689779486,3.440655123874649,0.0013736828038872773,2.826349216304834,0.00112368150189468,2.2232394322586515,0.0009021160110478377,1.6794861127300464,0.0007050528913623566,1.2213254512600997,0.0005340967823030951,1.3905279514729045,1.7251253236645425,1.9232922100686665,2.362633745598032,2.5534910352939733,3.1373799388061343,3.234528802352088,4.040864066545737,3.877031748036643,5.050632830161248,4.356464464293822,6.128297234339243,4.55224870419579,7.213558561611762,4.410156953653768,8.205934400711612,3.9806664531934075,8.93723450367952,3.380661340819188,9.200065451736691,2.731384930897093,8.89146761139682,2.1200500248965,8.172771831712225,1.5930706934664158,7.306115818819308,1.166261500643941,6.499430887082326,0.8376691480448244,5.8554647477944854,0.5971318892866293,5.374235304894455,0.43232127311102886,4.972609542600139,0.3325811424447238,4.522770559536184,0.2915579063151199,3.933683742272251,0.3090701494838868,3.2449156992129247,0.39235565446551846,2.546112183969626,0.5566656456940109,1.9113114412950836,0.8250040253055886,1.3812390580064857,1.226563069981239,0.9682681024376052,1.7930376354552209,0.6668880447996344,2.551454926021961,0.4633772077022513,3.5115971993204766,0.342904598996256,4.6465561567288205,0.29392910444471454,5.869011801253237,0.31038024844701795,7.015689430666953,0.3921827047527131,7.8622856368624525,0.5444703165703686,8.184230562513221,0.7755567447950398,7.861691524275557,1.0935777930801578,7.014394516684206,1.5018487527727302,5.866803263552356,1.9935193268115654,4.64311786112421,2.5470882455813353,3.5065160854965143,3.125455406983292,2.544227158495687,3.6814488983991396,1.7830578703187712,4.170412665912181,1.2130566182827351,4.564348260800898,0.8068260784998529,4.855837095487914,0.5318467702531962,5.044591520684662,0.35722793839022415,5.119332961686496,0.25678209149145914,5.051465352861442,0.20980592677278764,4.808498644098108,0.20048479656679774,4.3822112475518225,0.2165783647092212,3.809164589733655,0.2479235289360986,3.156944428902989,0.2852352535205682,2.498339590653586,0.3196221606876861,1.8921390371658617,0.34305778788439056,1.3747666096035118,0.34966886645543127,0.9605250184442866,0.3371691543443376,0.6467463459662213,0.3074189952062625,0.42047056832325325,0.26548827322176294,0.2643848537609301,0.21779521599682994,0.1610168873053226,0.17029312672548258,0.09510641732185832,0.12733586580907286,0.054547732091350554,0.0913398480261094,0.030413448352419437,0.0630260502694,0.016502347531286432,0.041933086860808544,0.00872294889541081,0.02695500196705325,0.004496161761608164,0.01676864467754058,0.002261940134985707,0.010109877190643601,0.0011116199414118455
39,1.0291009893403498,0.006874642210732418,1.3925210224074362,0.010345936804696976,1.8068622645396317,0.015145599813877197,2.237048617931123,0.021586561679669103,2.6265719772641205,0.02999515860892643,2.9057975608316156,0.040709899848479836,3.013556552897626,0.054091375366169814,2.9249756357353363,0.07053679921637013,2.6663234602383454,0.09047695235767605,2.3010095959575665,0.1143187080538155,1.9025734523256688,0.14229680410016954,1.5338569983669004,0.17422781785853658,1.2393836403398382,0.20921707370598597,1.047563651690325,0.2454304792277071,0.9766479080476529,0.2800675954545113,1.0401343214580265,0.3096329930558568,1.2495231757457077,0.33050524246118584,1.613495593837797,0.3396822176759997,2.1331950326821243,0.3354893799146339,2.7941590114264727,0.31802100417553447,3.5569906543028083,0.2891614584486888,4.350722798224069,0.25217806710406876,5.074073055422559,0.21102381376340418,5.610147846801738,0.16957277935216553,5.860139339831221,0.1310013575607627,5.794416453252779,0.0974421219798387,5.487208185732925,0.06992694817472511,5.073750201792791,0.04855106149716448,4.692118950097665,0.03275281248670581,4.443714410183475,0.021610865709590144,4.3735827733517,0.014092492362578923,4.465104551073182,0.00922398245347722,4.645149628528088,0.006183553107348416,4.799529818855717,0.0043335462637514865,4.8051043457980995,0.003213483420495322,4.584231195294251,0.0025129349371582066,4.152351864198636,0.002037575379745249,3.580596266221164,0.0016762794864462194,2.9507996074821676,0.001373042940031155,2.331881563465231,0.0011050330629132077,1.7718168199214688,0.0008667514384796959,1.2972357982489484,0.0006596234195512807,1.468821020060659,1.822432249903386,2.0215702860041347,2.4848967811826697,2.6716331708776124,3.2885618451075516,3.3692486038253264,4.225099236784899,4.022458353348156,5.2712672129687235,4.506969822586143,6.386318906148745,4.704910435576494,7.506035749796638,4.563290136157775,8.525020577910709,4.131206500549979,9.27108064002664,3.52270179606694,9.538374640934762,2.8586612695366966,9.229880042207242,2.228813687669117,8.501644390052661,1.6827466043778259,7.614903776239544,1.2384844780012827,6.782445531069243,0.8951130929472129,6.112517320247662,0.642814646826082,5.607857103055039,0.46936078901990186,5.184460255306476,0.36416629849736637,4.711918825917564,0.3209725955484828,4.097908684060258,0.33971255860251404,3.3829867156393902,0.4277346958037924,2.659321254597671,0.6003524657348862,2.0027138992488744,0.8805001960045047,1.4541695577038354,1.2970179194521734,1.025858048023565,1.8806885671983764,0.7122658951093399,2.6566273677708523,0.4998893643589781,3.6313485901068816,0.37416348359352014,4.774031218023538,0.3237753651710591,5.995994991543284,0.34285234867684267,7.139513503879243,0.4315075023500867,7.989558715206385,0.5950319949117784,8.317885346232742,0.8417858430830165,7.988856292244691,1.1797152612607533,7.137990075494599,1.6115728541863064,5.9934151872244,2.129471305348943,4.770048077290539,2.7103878730331417,3.625512988162882,3.3153384154943524,2.648396539498208,3.895144980056557,1.8694143407692536,4.40328821598132,1.2818699502454365,4.810251503522068,0.8602424036948833,5.107692127590326,0.5728457793175039,5.295350207529282,0.3889968347766626,5.362827287773598,0.2823451254198517,5.282627550650886,0.23179401151992352,5.023192972011202,0.2209959810647888,4.577346983839561,0.23711048167797344,3.9829049507511627,0.26936984113672224,3.30867871659666,0.3079357706578776,2.628169016740003,0.3434589125972707,2.0004961080710473,0.3675740989233418,1.462499816844911,0.3741924140372248,1.0291471467135125,0.3609322348106616,0.6984857421091419,0.32967365943432014,0.458056722205356,0.2855980804497449,0.29070552448160925,0.2353033158060498,0.1788007117320376,0.18496518826623287,0.106712076759095,0.13916750640009923,0.06187103741535793,0.10052488441533569,0.0348867409804825,0.06989662004207275,0.01915046674662335,0.04689082363120178,0.010244059796605143,0.03041028484585695,0.005345008351469005,0.019097294783023244,0.002722697971648813,0.01162908327387413,0.001355181825829277
40,1.0907606593086712,0.007945550463318796,1.468850360975921,0.011887378207120491,1.8977671452594223,0.017311867102307588,2.340732310085059,0.024562118783251208,2.7397742698622096,0.03399467388408084,3.0247842717503772,0.04597666038580428,3.134996021225561,0.060893214476891444,3.0458512631498706,0.07915792570838676,2.7835357210187794,0.10120351607793054,2.4113302975233637,0.12741628855155795,2.0035990435180793,0.1579798003126598,1.6250950783455664,0.1926236744329799,1.322582520004289,0.2303311875266445,1.1263145127068128,0.26911892049702146,1.0556990558111465,0.30602349334640166,1.1246712897336693,0.3373892435238304,1.3444087645498257,0.35945308405416654,1.722430267719119,0.3691038605225003,2.257943412019358,0.36460304201364124,2.9342205367934184,0.34603662499057464,3.7100927574851994,0.31534367650056083,4.51403427998639,0.27590990453427366,5.245336039444737,0.23186129587975302,5.788010423811556,0.1872796430334347,6.0439853760199185,0.14555595780120711,5.984035767438854,0.1090152096685415,5.68234363634474,0.07883628896115624,5.2735787053570675,0.0552037978932276,4.894839033421704,0.0375875851609635,4.646769124430193,0.02504940206199535,4.574864125195745,0.01650614258096539,4.664088196096145,0.010916257050212153,4.8424844483793095,0.007386368914467312,4.994803703365051,0.005213153523072833,4.994719621475269,0.0038817870101865992,4.762485053119235,0.0030406275056975574,4.314734266733694,0.0024666063302447583,3.7255118831967593,0.002030275606784926,3.078399492440667,0.001665159385311199,2.442542891768653,0.001343292406090768,1.8656881640774827,0.0010572562894139992,1.3745849653837467,0.0008081663743269019,1.5481702599695382,1.9214222997243269,2.119831616221745,2.6093333311614515,2.78767564971713,3.4426577227450252,3.4991025806580183,4.412977213135946,4.16059859560437,5.49565017223199,4.649025928507854,6.646638698015522,4.848953086831443,7.7967977365547085,4.708062263473948,8.835557972925699,4.274632428017867,9.588756075713945,3.660126058141941,9.856691202327966,2.984157868809234,9.55128951837628,2.337945245528772,8.820337163998602,1.7739257629004896,7.919825892411154,1.312585162258074,7.065708368493915,0.9544376149247,6.371983658322506,0.690277281951694,5.844898447522837,0.5080893990480035,5.400412100524363,0.39738217254671326,4.9057797031885,0.3519818309528091,4.266310246105377,0.37191708884847685,3.52461925710395,0.4646219505825684,2.7754290325538022,0.6454313706167341,2.096266975147273,0.937134655052887,1.5287027715805834,1.3680758640475688,1.0848219899769447,1.9678975661909135,0.7590136224719117,2.7596262178553843,0.5378664012018817,3.746918123749765,0.40702040274322826,4.896969634268316,0.35538629278585177,6.123328224246961,0.37730261270985466,7.275854620247628,0.47307465863514153,8.143446213400694,0.6481334300349317,8.483582486468094,0.9108444867665639,8.14262251369064,1.2689036809947538,7.2740764672739715,1.72442844819534,6.120337305640533,2.268426253921916,4.892387895555203,2.876316639240031,3.7402603965333583,3.5072635149504094,2.7503109758999926,4.110206803072515,1.9552334537761453,4.636959177556719,1.35117468395174,5.056688614333325,0.9146632091769789,5.360252363327618,0.6150696702543428,5.547348089314028,0.4220556372883948,5.608181935783023,0.3091771008780597,5.516066533848516,0.2549802086791715,5.240297381124265,0.2426063857592453,4.774784998288624,0.2586304298424693,4.158607508056093,0.2916935908465348,3.461896063678978,0.33141698489498594,2.759104973129297,0.3680021639388542,2.1098500399614295,0.3927458656107774,1.551343904953228,0.3993370528783089,1.0990573432372912,0.38529317766824533,0.751616095278905,0.3525123471677034,0.4970092479948107,0.3062871812553567,0.31825650384735127,0.2533891960415531,0.1976131639405594,0.20020563412163028,0.11912517363430197,0.1515406207599881,0.06979428857152925,0.11020393846865773,0.039784454829487004,0.0771970543983116,0.02208567892762403,0.05220534345062333,0.011951486045290949,0.03414861581495643,0.0063101895707404765,0.021641137358074047,0.003253521070746501,0.013305461526670115,0.001639541423855917
41,1.153516764707092,0.009133907599334634,1.5458137141999941,0.013587850177827931,1.9884081999866794,0.019688801147822232,2.442962328894282,0.027810875328214024,2.850423494247025,0.03834113898756186,3.1405623317346,0.051674806475602963,3.253072198893733,0.06821974468721237,3.1636665791370433,0.08840239520532123,2.8985054687764205,0.11265200818525045,2.520696669546851,0.14132739023762042,2.1050847674241595,0.17455359657242298,1.7179529198720047,0.21196726671769284,1.4081485407837135,0.25242659294235636,1.2078131476987437,0.29379978012048014,1.1375990442943476,0.3329652287720819,1.2118979187248442,0.36611415049446805,1.4415201943297689,0.38934933618293144,1.832802596100919,0.39945673800957593,2.3831301833256475,0.39463722688560665,3.073790494214336,0.37496841206711906,3.8621556719981527,0.3424403976086978,4.676240271717688,0.3005508698875019,5.415736049456882,0.2535913679389523,5.965357688069616,0.20584513895937562,6.22755499511004,0.16091473158849112,6.173202533680069,0.1213185417132081,5.876712499358291,0.08838724927500152,5.472437863836149,0.062401986771419615,5.096845935572674,0.042871851110248826,4.850229897583631,0.028848406593169784,4.778609068887818,0.019202813007723307,4.8680841835976025,0.01282788672233437,5.046995945297567,0.008758683128689881,5.198199585245675,0.006224685165761912,5.192377891039541,0.004654380356669208,4.948838315789317,0.003652391470495786,4.484458581415538,0.00296464251823636,3.8761128631872452,0.002441584139887709,3.209887104214431,0.0020050285227171116,2.555761640331184,0.0016211171889608522,1.9613957913334161,0.0012801162924915843,1.453488105467386,0.0009826742202676542,1.6280457988254966,2.0223451033575657,2.2173128779750186,2.7363307990090107,2.900909153710927,3.600092201379084,3.6239713346703866,4.604698815747042,4.292336200170212,5.7233162140164495,4.784328058007304,6.907634367308219,4.986256926768419,8.082885563420405,4.846168526034489,9.133783290627889,4.411828244587468,9.887564913800134,3.7928157016344812,10.154504025446613,3.107167178506188,9.852953882082602,2.4466844916801165,9.125084918208358,1.866083705310757,8.218066609068728,1.3883013829963602,7.347774169285003,1.0155513732238433,6.633417296527114,0.739505542418101,6.085428166182965,0.5485147566246269,5.620253162494691,0.4322358458234703,5.102992449835028,0.38458500195929446,4.4386269916703895,0.40567139091626814,3.669954932194514,0.502985836983953,2.894574175692469,0.6918354449549042,2.192148676927218,0.9947782174672284,1.6050199046408125,1.4395300765249885,1.1452818561851927,2.0544783522850594,0.8071889563648256,2.8607390175907312,0.5773315828939758,3.860164607218394,0.441490371158352,5.0203693701823795,0.3887782808178599,6.259811801216529,0.413745000943436,7.435189665577127,0.5168841499914834,8.332407932491606,0.7037443893191266,8.687767528567292,0.9826519712205481,8.331449422209971,1.3609876510226968,7.4331295584775035,1.840159487800065,6.256368662948262,2.410007733034945,5.015134053312522,3.044379284007846,3.852616168059285,3.700655146772533,2.8502574557169282,4.32605411034092,2.040328647141905,4.870926040498944,1.4207635370999014,5.303295140393402,0.9699579231655662,5.6132949757090955,0.6584482163443681,5.800443688338191,0.45636637779716693,5.855268961430966,0.3372548979914427,5.751687288736093,0.2793474590312144,5.459802965204062,0.2653012078640131,4.974571803086519,0.28112565444553184,4.336423718383003,0.3148875139222582,3.616857062687359,0.3556806232109011,2.89141602963673,0.39326340150046235,2.2203730108778927,0.41859085135592977,1.6413473198879274,0.42512205473667564,1.1702186991951748,0.41026871487474637,0.8060698837639393,0.3759445400291952,0.5372680505558947,0.32755461542001285,0.3470002767837741,0.272043031697649,0.21743922805785587,0.21600105690004057,0.13234684762051074,0.16444370723593238,0.0783276996769473,0.12037066693619636,0.045120327289623674,0.08492679499750011,0.025321676266230497,0.057880734225363994,0.013857002176791866,0.038176914498762926,0.007400893629437633,0.024408201455571543,0.003861070629909591,0.015146875161917706,0.0019692458438385074
42,1.21707568599777,0.01044650520907453,1.6229795619083234,0.015455328928055678,2.078310921661341,0.02228537909059014,2.5433901320939185,0.031342419083557616,2.9584113770151816,0.04304409207543358,3.253202245394732,0.057812832283616444,3.3678913401877253,0.0760770441142995,3.2784987847180673,0.09827214556298713,3.011137126537051,0.12481831051809422,2.628777023220664,0.15604006039393425,2.20657323152318,0.19199719636799273,1.8120092125936935,0.23222828014831975,1.4957800170559494,0.2754644241585993,1.2918632675323352,0.31942719980906986,1.2221970082919142,0.36084180813486455,1.3016609156929917,0.39575328066212023,1.5407014875195273,0.420137470597183,1.9445094065149533,0.43068332173879753,2.508789272590093,0.42553449559227374,3.2130903293605115,0.40476035101983143,4.013558671370902,0.37039876948529127,4.837828194384201,0.3260533853290326,5.585909341089973,0.2761739325655981,6.143010678319115,0.22523847670026953,6.411704453464608,0.17705718895740574,6.3627574080869636,0.13434185648520724,6.071020711629899,0.0985787058070855,5.670990118160262,0.07015180182770564,5.2988515361839745,0.0486168677225578,5.054787784911241,0.03302202137092536,4.985251278155829,0.022197652108388866,5.076826455787796,0.01497364314582228,5.257141778507048,0.010314037722309877,5.406762703043796,0.007380058834769443,5.394634173529994,0.0055414922569525515,5.140394250010331,0.004356896288527423,4.660065827111794,0.003539005486345559,4.032173326878592,0.002916397129638426,3.3456075857875476,0.002397899356083144,2.6719627562831647,0.001942956108450744,2.0592375610342515,0.0015390835949347093,1.5340930964794097,0.001186279262356038,1.7079843721794532,2.125451672736972,2.313514355290863,2.866179499580312,3.0111307417332682,3.760986678672907,3.7443051741229283,4.799844446602265,4.41873382887934,5.952920341085246,4.913981908744972,7.167059689731786,5.117684932631164,8.362128688660732,4.978713877804694,9.419949993479804,4.543854817309693,10.172389874179089,3.921217701720252,10.438988706602458,3.227481556812563,10.139924865256717,2.554527376799797,9.416638807369281,1.9587557006530005,8.508309840529591,1.465342257258726,7.627239897856953,1.0783203369292096,6.895630015167171,0.7904564002587904,6.327511471243724,0.5906307063464737,5.840042236691033,0.46872882770867363,5.298543443559765,0.4187784853525045,4.610951225780582,0.44095936636085753,3.8173158296799556,0.5427886131960804,3.0163467485549518,0.7394916709581594,2.290386112782471,1.0533142256235806,1.6832481562869361,1.5112643599918556,1.207348126605666,2.140532090218585,0.8568578453187001,2.9608478352552083,0.6183181441024317,3.9736645119728564,0.47759272051735024,5.149114846531575,0.4239662097540986,6.411472197602961,0.45218775696162083,7.620836677042462,0.5629268368811609,8.553011206391602,0.7618217661524795,8.92213017474387,1.057110153437634,8.551903869054058,1.4557902161752736,7.6184665388823305,1.9584891614288154,6.407534734111323,2.5538326996947944,5.143170071129589,3.214110947709287,3.965156181123348,3.895028555455383,2.949117811465385,4.542257921385271,2.124800992600285,5.104852860846222,1.490519823411887,5.549805790393293,1.0260081640403769,5.866585369394215,0.7029044161645288,6.054416946884203,0.4918840295717928,6.103925998869727,0.3665510603491384,5.989452060520989,0.30487704383449454,5.681768216614955,0.2890670862825573,5.176814608806808,0.30458868650157456,4.516467426809868,0.3389523262289913,3.773715161420796,0.3807364956201127,3.0252849835483175,0.41925898476029033,2.3322128996073843,0.4451278732535684,1.7325779842688007,0.45156646701479985,1.2426250893647648,0.4358767510243524,0.861802240972338,0.39998488601986537,0.5787836333365703,0.3494080625009701,0.37690150683738466,0.29126387455517033,0.2382622074092069,0.23234439834141085,0.14637564106283207,0.17786834870003077,0.08747927684567003,0.13101930199673006,0.05090662501879706,0.09308452972754822,0.02887135518813011,0.06391994009709379,0.0159720761812423,0.042501087478285626,0.008626302231050431,0.027405820283547655,0.004552151375264657,0.017160807296477287,0.0023490346045491606
43,1.281160295520749,0.01188994573749369,1.700008618407992,0.01749741576213637,2.167178836090443,0.025109951220201765,2.6418623761210256,0.035165392659109784,3.0637097239118702,0.04811174903625215,3.362678074794985,0.06439749123319416,3.479397583973423,0.08446902481364305,3.3903281210309615,0.10876658171855524,3.1214140128890904,0.13769556742045097,2.735432731157289,0.17153968846605494,2.307781623082519,0.21028739553003106,1.9069299143834542,0.2533750066349967,1.5851858293035548,0.2994054797231911,1.3782446178424834,0.3459560956707719,1.3093196599306793,0.38960399610641616,1.3938054782947802,0.42625471874907817,1.6418199753234148,0.4517639906066506,2.057483651205075,0.46272937707226447,2.634977887476907,0.4572406889105878,3.352335291309373,0.43535938061631896,4.164672759842688,0.3991682371006391,4.999319459295293,0.35237122880607785,5.756510038762826,0.29956915634147663,6.3216617305729415,0.24542808501928448,6.597125995991519,0.19396124071727172,6.553425141893513,0.14807280074137452,6.266012284756016,0.10940729046978959,5.869938295074007,0.07845730958297281,5.501494637201631,0.05483212985109276,5.260874333319407,0.03758307928137583,5.194637716166653,0.02550496746926001,5.289038553900809,0.017367868435030687,5.470240702710271,0.012065859283666214,5.616958890399246,0.008691284972883295,5.597987133324068,0.006553560328711683,5.3336481152132365,0.005163068874708188,4.838904150947201,0.00419728129259056,4.192391798246945,0.0034611574053542427,3.485270800013268,0.002849250821100213,2.791298864976625,0.0023134669345381553,2.159434529360624,0.0018381009390395775,1.616547899679972,0.0014222880586203246,1.7876327455855971,2.230921521567325,2.40816706259875,2.9989414794995355,3.1183680562908194,3.9249933543883344,3.8604240436784494,4.997327101515793,4.5399532897740755,6.182607727176219,5.037510067493258,7.422996720596757,5.2424452623304205,8.634156266997024,5.105218021805285,9.697052536369938,4.6708672968366045,10.448568483499002,4.045640835070117,10.71454180177193,3.34511399433768,10.41811336216847,2.6611899253257434,9.699164856487641,2.0515767256856634,8.791693788222801,1.5434247790349218,7.903358570599266,1.1425842300500335,7.15668045815778,0.8430611159801629,6.567950403486066,0.6344155973133638,6.056134826352036,0.5068550731853065,5.489778327335898,0.4545545217306426,4.779728214055922,0.47776115582792045,3.963788297076462,0.5839891744685701,3.1393157492607315,0.7883317126324982,2.390541784846846,1.112664887496976,1.7633539592529814,1.5832906614987223,1.271087414583235,2.2264359486575813,0.9080819407547551,3.0611831627688844,0.6608644716195613,4.0899001208963455,0.5153500692495072,5.286279205831306,0.46096365772018544,6.578950139718927,0.4926335635493615,7.8259771625516805,0.6111842920261097,8.788691936049872,0.8223095547909907,9.16659251293322,1.1341051374099607,8.787421362595978,1.5531199038280192,7.823268246968382,2.0791389891974177,6.574475500811786,2.6995518526196065,5.279568496941465,3.3851455953574714,4.080362429074285,4.090080785973441,3.0481225239668674,4.758633340569986,2.2090276215462836,5.338652676246511,1.5604548066376083,5.796156232638168,1.0827339350889815,6.120013482092418,0.7483652495470778,6.309117395374642,0.5285595917707724,6.354009083029041,0.39703470559425114,6.229217488639961,0.33154929245620224,5.906048385963686,0.3138924453432992,5.381502722618052,0.32901583879174723,4.698829948959201,0.3638922933091635,3.932597701716759,0.4065947849330769,3.1608506595130166,0.44600131432525814,2.4454901390333816,0.4723692467591718,1.8251056338356193,0.47868232247401465,1.3162885720209943,0.46212878341657415,0.9187867170849131,0.42464431688586046,0.6215176260427597,0.3718560507136317,0.40792878473371275,0.3110551157133159,0.26006507859915473,0.24923354392876718,0.1612081921259687,0.19180953533032152,0.09725506204267731,0.14214544668948292,0.057154171475986004,0.10166883891861289,0.03274676648698005,0.07032511533770958,0.01830780569162016,0.04712615560129052,0.009995536846190589,0.030640635608051525,0.005333674478606554,0.01935431847414293,0.0027838182752475404
44,1.3455292207240745,0.013470603030782513,1.7766416395757005,0.019721301898243837,2.254796832520242,0.02817022475437625,2.7382066045493048,0.03928751593457491,3.166089329483839,0.05355108681033016,3.4686286220749025,0.0714339630771974,3.5871772272139424,0.09339770865653918,3.4987989187966377,0.11988298953247067,3.2291170143912495,0.1512747634792504,2.840503638982682,0.1878097489384345,2.408504856746731,0.229399643727902,2.0024562235607846,0.27537522512693613,1.6761055558449698,0.32421099368957584,1.4667334771133937,0.3733427141787615,1.3987826502484495,0.41920462376037904,1.488177667279615,0.45756917576818523,1.7447609241953614,0.48417842936896704,2.1716845354321777,0.4955439430186743,2.761772975437907,0.4897049665974009,3.491748454469871,0.4667155521087807,4.3158717422275,0.4287008599785622,5.16122165780007,0.3794600074220398,5.928129139717839,0.32373804581175136,6.501908284571982,0.26638220514996647,6.7843721236008605,0.21160373118982534,6.7458428537756845,0.16249735636529294,6.462371024150343,0.12086769648476547,6.069936341028097,0.0873206585333719,5.705276363414669,0.061525455740593316,5.468597794467769,0.04254310767419156,5.40611602833178,0.029138173118099076,5.503069492249324,0.020024392654249823,5.683991084233185,0.014027368839833798,5.826645251654554,0.010170383633521851,5.800536593786774,0.0077011617943298916,5.526464801271231,0.006080039560629302,5.018661007067067,0.004947279613816136,4.355043963611934,0.004082527747414133,3.6280466620869447,0.003364768179380917,2.9135736769119376,0.002737498107308056,2.2620543247719525,0.0021812872794271243,1.7009577229716797,0.0016941704152486636,1.8667287700723136,2.3387923150396546,2.5010887578960137,3.1343865839774026,3.2225270849226035,4.091359101961871,3.972049667937881,5.195775477658799,4.655087077779626,6.4107308152881615,5.153342054334189,7.674303697896676,5.358828703803738,8.899033723471575,5.224104264062589,9.965701936913547,4.791945196653614,10.714785178466627,4.165787481527332,10.978381542500074,3.4599472834461267,10.687056680639898,2.7664663819232373,9.97473938581561,2.1442639595784385,9.069832647839348,1.622292779253712,8.176018985945575,1.208172143660704,7.415070205083111,0.8972308787424481,6.804946797208913,0.6798322638969694,6.2676964868715,0.5465995271783868,5.676289956467144,0.4919003012601024,4.9441940557935595,0.5160538534269108,4.107700113727105,0.6265474289643862,3.261971572037737,0.8383032230831304,2.4918191669264615,1.1728084080709777,1.8450764832898585,1.6557467393095067,1.336474093153356,2.312733826776821,0.9608971979034777,3.1629301991870307,0.7050060780582044,4.210396813196439,0.5547859045382211,5.431982868246905,0.4997824949182359,6.757547947911007,0.5350796050429381,8.038724509141048,0.6616290825202213,9.023943476534896,0.8851402885313746,9.40779409094057,1.213512461017217,9.022494957207073,1.6527846133287767,8.035647577152304,2.201858268582555,6.752492781553883,2.846899238967808,5.4244494269341885,3.557279612950879,4.199760238556337,4.285747658818991,3.1484569042854673,4.975273770860895,2.293552323012136,5.572514007903919,1.6307052392971855,6.042526714945552,1.1401106861676453,6.373644071755052,0.7947730822265839,6.564428471747533,0.5663448956729553,6.6051767198787275,0.42867316162801217,6.470417629030862,0.35934396360607934,6.132022813656022,0.33976672416747533,5.588167907226762,0.35440469332525026,4.883318139467065,0.38971118042991293,4.093507488614705,0.43326245429216215,3.2981977269107574,0.47349822942123865,2.56029925626126,0.5003232580784243,1.9189951122202729,0.506477989202267,1.391230765097589,0.48903234746831004,0.9770104512285798,0.4499293911512723,0.6654418466241623,0.39490428283306755,0.4400554974856732,0.33142033517560776,0.28283157640680656,0.26666871641873513,0.1768399426225642,0.20626482194529672,0.1076594523217409,0.1537462396331648,0.06387243063750248,0.11067863266998756,0.03695909436214606,0.07709796825838566,0.020874866077519982,0.052056426023227687,0.011517608678104807,0.034118642410703615,0.006212620612132014,0.021734027198817785,0.0032786558854240866
45,1.4099705641319815,0.015194594665899785,1.852649802201995,0.02213375253495542,2.3409223788817144,0.031473273445953964,2.832106633643434,0.04371563634822451,3.265087727414084,0.05936794867648132,3.570480627024608,0.07892602905531021,3.6906519296057922,0.10286349194120703,3.6033426642711675,0.13161691370896733,3.3337921081360946,0.1655452293016424,2.9436832023930037,0.20483241844613076,2.5085066641986487,0.24930871359356388,2.0983551903873376,0.2981968308536125,1.7683040391966642,0.3498431347852602,1.557113081757052,0.4015449514058673,1.490400054642123,0.4495987357258855,1.5846275589365177,0.4896500127761101,1.849424652781181,0.517333308340767,2.28709226461433,0.5290792768773827,2.8892684384404674,0.5228797847621536,3.631555642024523,0.49878208657310097,4.467494197877841,0.45895149217358266,5.323890726841455,0.4072774829082846,6.100913857464093,0.3486428990086097,6.6834105205171,0.2880694042428331,6.972757288815046,0.22996093371557436,6.9397089555177445,0.17760025673032942,6.660318644140716,0.13295298688535695,6.271416897919607,0.09674227706545935,5.91049941545316,0.06870308626321275,5.677823656103101,0.04791234827735025,5.618907420228425,0.03310975318936471,5.71763884338543,0.02295646485799807,5.89719370699504,0.01621150074652178,6.035139330896527,0.011829305880837637,6.0018359677355875,0.008994945459562587,5.7181549184517735,0.00711708723861193,5.198099044638866,0.005796991168153909,4.51874318078012,0.004787358160456279,3.7729495129919997,0.0039503176474227075,3.0383331564366927,0.003220068768996498,2.366990858658255,0.0025729219519234903,1.7873512553946966,0.0020055470206443715,1.945041793533619,2.44894029065631,2.592038789419348,3.2720614893394213,3.323233796614659,4.259184620136011,4.078426419682273,5.393963261457657,4.762954410355633,6.636099069926331,5.260331372520795,7.920070205559114,5.466001815612344,9.155619930541889,5.334216954601743,10.222967884242735,4.905890229980287,10.965752673334237,4.280878482249136,11.225232986334959,3.571581181151487,10.942260569892369,2.870089913879383,10.241624738360997,2.236562713525018,9.342670183877317,1.701714563936548,8.445062900779703,1.274912852781199,7.670182023824282,0.9528634232638069,7.038209658397591,0.7268296075740182,6.4754076953404365,0.5879375079994134,5.859435947036218,0.5307974989273134,5.105032287853646,0.5558128088418925,4.248699279611401,0.6704289326448816,3.3834092371478164,0.8893776620479912,2.5934522811569423,1.2337798496396317,1.9280228360444198,1.728852239029493,1.403383730626956,2.3999683888523577,1.0152961837234216,3.26686907723888,0.7507654767277927,4.335374260154367,0.5959205735459818,5.584096343696274,0.540431766941083,6.941171738809771,0.5795176214417097,8.250390105422412,0.7142258408184716,9.251341452792076,0.9502385197572494,9.638679942210274,1.2952061023490842,9.249700067118283,1.7546104675377592,8.24691559388657,2.3264552060200003,6.9354924111676155,2.9957296585528184,5.575683271893922,3.7304961734121207,4.323569391028286,4.482191728443013,3.2509012205428007,5.192498289904961,2.3789174701400952,5.806828132399232,1.7014893600471623,6.289269675107789,1.1981701900599546,6.627638753198198,0.8420936893953694,6.820177443212742,0.6051977340198391,6.856870453832244,0.46143404662871035,6.71223161781586,0.38824048849301107,6.358828552290788,0.36667936017875036,5.796031262169436,0.3807523899986336,5.069402662122684,0.4164113092756452,4.256209566287907,0.4607449478858143,3.4372881288511508,0.5017575909587322,2.676682877137182,0.5289997886807214,2.014295541225465,0.5349637914682717,1.467475651419818,0.5165966205427139,1.0364696972446836,0.4758468345780784,0.7105366701771345,0.4185572722267352,0.47325999534768926,0.3523622765055734,0.3065469372040752,0.2846506672203759,0.1932657741199364,0.22123313535075795,0.11869555264843257,0.16582001378037603,0.07106963651358456,0.12011329167080476,0.04151866549727856,0.08424000795821485,0.023683473189976212,0.05729566500394867,0.013201374117443265,0.03784525991704868,0.00719600403408549,0.024306112441536243,0.003838731517589622
46,1.4742822867460745,0.017067766146737995,1.9277920239073865,0.024741106804412993,2.42525371931697,0.035025563699036866,2.9231730989467906,0.04845579053699112,3.360273120205875,0.06556715022725257,3.667875998670752,0.08687623449168314,3.789531600387363,0.11286538343529173,3.7036051555987797,0.14396248993125482,3.4350141621812327,0.18049506874467625,3.0445889120014726,0.2225890666259147,2.607487805650635,0.26998919250127074,2.1943773761295233,0.3218082560520088,1.8615525895684186,0.3762653092912842,1.6491733915713667,0.43052253723908507,1.583989541316896,0.4807436894966486,1.683011965710648,0.5224532938891571,1.9557248376936514,0.5511841682255181,2.403702330364922,0.5632908746824796,3.017560836221037,0.5567209179484962,3.7719381872529993,0.5315154235709088,4.619703651818327,0.4898778957999639,5.487229889426089,0.4357837881566411,6.274199804071941,0.3742476383822577,6.8649515032821,0.31045899413857114,7.16103330027272,0.24900899087106154,7.133834844645662,0.1933653821979533,6.859231181822906,0.14565490280801896,6.4742806358085545,0.10672108069684327,6.117170102886121,0.07636979754397544,5.888300697786235,0.05369979218858134,5.832435861362683,0.03743124055381486,5.932200063256914,0.026176696991115023,6.109930588831048,0.01863083100897711,6.2434354228985285,0.01367986087598183,6.203347637757361,0.010445566267435424,5.90969439956325,0.008283584991886528,5.37724265673728,0.006754544482646452,4.682816437830752,0.005582652083603534,3.9191893680088015,0.00461191985550613,3.165045875561873,0.0037663476337002066,2.474011100592179,0.0030174277401329164,1.8756735956519606,0.002360175990133939,2.0223240099144277,2.5611211777822973,2.6806876474679484,3.4114306244680392,3.420004277848875,4.427661877270793,4.178984681846487,5.590998336665734,4.863352695113008,6.857901071857896,5.3591215078818095,8.159287413735,5.56498486650753,9.401778864138578,5.436189364504571,10.464885915424247,5.012481498039051,11.196748199304238,4.3903213138828505,11.451032916492295,3.679507399499471,11.179402674085168,2.9717069458765764,10.496304921533692,2.328202576495187,9.608302528747345,1.7814679535345022,8.709712212526938,1.342637749610276,7.922099077361963,1.0098486016590869,7.269219837936362,0.7753452813290096,6.682585179998796,0.6308351067555122,6.043328704513669,0.5712224084072659,5.265526020685229,0.5970131363351356,4.388191976906228,0.7156082454621355,3.5036641547721956,0.9415518003384022,2.695003876966439,1.2956555870600823,2.011821892142052,1.8028432688665816,1.4716356073172392,2.4885390787380857,1.0712279560323168,3.373249823596325,0.7981451805849247,4.464063758949578,0.6387668610657329,5.739688445161391,0.582916064531446,7.124470721080797,0.6259340851040633,8.454367622517566,0.768933320501219,9.463392507343087,1.0175262468492292,9.850614554457934,1.3790696751557334,9.461543208702096,1.8584598539086983,8.450465797714514,2.4528166295938263,7.118123505845233,3.146023033074698,5.730338918224334,3.904926780283631,4.4510213822618425,4.679698126821904,3.3557055715127717,5.410683493947772,2.4655219606001992,6.041988134141775,1.7730414511738672,6.5367204573447,1.2569850982026765,6.882131310282148,0.890318046710945,7.076148443058855,0.6450857199893107,7.108518330801189,0.49528738804974637,6.953888668418585,0.41821841495220724,6.585646377611056,0.3946193880960891,6.0043004693193325,0.4080554928455058,5.256423161583598,0.4439948061517498,4.420283981721241,0.4890488079431634,3.5779373447810485,0.5307896367548892,2.794601870418319,0.5584112614715195,2.111022352727332,0.564152464954077,1.5450399747992378,0.5448333599442776,1.0971647596184084,0.502405875587101,0.7567888721105192,0.44282092382536575,0.5075252244473631,0.3738840360188078,0.33119830713098963,0.3031804295319489,0.21048052137030027,0.2367140712476612,0.13036552353537445,0.17836585522627502,0.07875295265012028,0.12997259980329545,0.046434985397809214,0.09175266696047402,0.026743362118622827,0.06284723505223155,0.015055497307685073,0.04182540971441995,0.00829083874623393,0.027076332347405696,0.00446933063403776
47,1.5382604580408952,0.019095684972853633,2.001817173614654,0.027549288155114482,2.5074989856448155,0.03883298792607093,3.011128370292681,0.053513266456775455,3.4514944075617677,0.07215257804364228,3.760834887029432,0.0952860376537501,3.8838889093499347,0.12340122110481389,3.7996095746634637,0.15691273955235374,3.5326369686913495,0.19611151973731467,3.1429472590152727,0.24106064461739152,2.7051553785127,0.29141584464832704,2.2902595428167842,0.3461787609730891,1.955618061489531,0.40344237215367684,1.7427067359976718,0.46023719909544525,1.6793735231722167,0.5125993207466308,1.7831954262887848,0.555937985053788,2.0635853614930966,0.5856898002843991,2.5215138438843496,0.598137709421735,3.146718551427057,0.5911876750487863,3.912968445498791,0.5648754028784424,4.772420273960961,0.5214409076124866,5.650821859468579,0.46494162028830033,6.447262965270511,0.40051806981409754,7.0458727359778095,0.3335213645264048,7.348702765654252,0.2687242888855508,7.327576176174716,0.20977612094975484,7.058388273244418,0.1589641628379468,6.6780474620854875,0.11725468528356942,6.325010223101344,0.08452902611816171,6.099773640855801,0.05991322947147637,6.046546935907372,0.042113209778108285,6.1471573508119945,0.02969702038944888,6.323698958223304,0.021297515383594146,6.454135402827433,0.015733649574031006,6.408037892784705,0.01206362360676394,6.103656069630233,0.009588947387783264,5.557516168300708,0.007828163076510464,4.8475344122691695,0.00647553234375664,4.066424648705151,0.00535572278181462,3.2932842625662033,0.004381631229080085,2.582838654428542,0.0035193532060020516,1.965806461076454,0.0027619385930393037,2.0983149585081264,2.6750444114882157,2.7667212222031594,3.552017839327391,3.512562767082727,4.596239452779628,4.273790961733084,5.7864235271163125,4.957049918101347,7.075736021055263,5.45100708821974,8.391124989709624,5.657034225745974,9.635648721496182,5.531306799639879,10.688786409948307,5.112470868042692,11.405529095787642,4.494162988842618,11.654067579216417,3.783429771736337,11.396039316758788,3.0709832858460686,10.735565248180365,2.4189039624325233,9.864084203285074,1.8613311651242839,8.96869684691319,1.4111794162399747,8.171242698421793,1.0680716143133395,7.499983958823805,0.8253084948519245,6.891537015003678,0.675250395868261,6.229164786501997,0.613146625151785,5.428012491933487,0.6396309652946002,4.528346566523169,0.7620699601034175,3.6237121633375864,0.9948428184197837,2.7965668083418223,1.3585288201538788,2.0962780771287726,1.8779142132830202,1.541062383904091,2.578636041658683,1.1286165055580568,3.481856738616443,0.8471276979132654,4.595121956527237,0.6833270615259153,5.895661789735186,0.6272339974252645,7.302787960736168,0.6743106690396417,8.645743225713431,0.8257072847452491,9.657205625761435,1.0869291976900968,10.044035287964562,1.465006321880992,9.655133317417949,1.9642408111471923,8.64138431684978,2.5809032848046627,7.295729192495401,3.2978403865790824,5.8853191751477425,4.0807399090867875,4.580773079226219,4.878487070335268,3.4626542023015645,5.630026783926951,2.5535551075658987,6.278143910157723,1.8455536988235508,6.784970657203985,1.3166446280197306,7.13709658770631,0.9394577694715736,7.332120054795496,0.6859878008922351,7.359731394110668,0.5302073445895985,7.194958385721975,0.4492581650029024,6.812049956090277,0.42357573303706886,6.212474391703154,0.4363105254378752,5.4438338737850245,0.47246435154875144,4.585274719064728,0.5181814493835191,3.7198658375405103,0.5606045571967115,2.913935556114666,0.5885683665869692,2.209145005694154,0.5940542488087885,1.623923085979186,0.5737526349489599,1.159094012366495,0.5296158268515683,0.8041888118948464,0.4677023026661118,0.5428378595086087,0.3959897717486456,0.3567748256921277,0.32225971555180877,0.22847933513094176,0.25270778018875717,0.1426708927265281,0.19138335438401555,0.08692864437216485,0.1402566320302867,0.0517167962784697,0.09963733882113956,0.03006378160444001,0.0687141860535121,0.01708842084690332,0.04606358580304004,0.009504107634938919,0.030050051268062816,0.005175816681230572
48,1.6017061660486434,0.021283641635363892,2.0745006829179147,0.03056382020304227,2.587455551574749,0.04290089957839882,3.0958794731254784,0.058892662758808,3.5388361552568313,0.07912728255450929,3.849581473937178,0.1041559499599316,3.9739972590864454,0.1344678719597141,3.891582330788424,0.17045982894978806,3.6267483206402176,0.21238125393119844,3.238666850966183,0.26022799085876613,2.8013025280743022,0.3135638889493748,2.385761867520614,0.3712786717333074,2.050270598662337,0.43134084900430025,1.8375074313889854,0.49065292275463435,1.7763788957918223,0.5451282993176392,1.8850490513600562,0.5900664290661553,2.1729344466043585,0.6208128163220863,2.6405148876979183,0.6335828348828727,3.2767600467573175,0.6262434650352589,4.054614152531485,0.598825737829884,4.9254590353948515,0.5536048070944162,5.814336372800881,0.4947165343751294,6.619858986957752,0.4274221551040682,7.2262424672881025,0.3572282764935153,7.536003299737331,0.2890837789050238,7.521002280320317,0.22681569027963633,7.257523371162733,0.17287074478599607,6.882304090763682,0.1283396202215954,6.533687434759486,0.09318300384666145,6.312128859606673,0.06655931232035073,6.261598035836869,0.047165284069706104,6.363734605033187,0.03352865479882894,6.540724944718477,0.02422323757537015,6.669933217760217,0.01800200573188704,6.618451820675091,0.013859604344361287,6.302695416137794,0.011042580462117257,5.7410624826202366,0.009026123956573429,5.013993388386325,0.007473207642078705,4.214872553749956,0.006187974787962958,3.422864943878949,0.005071321981631627,2.6932448962318176,0.004083354694557784,2.0576062186428317,0.0032148244879408594,2.172784684348244,2.790454388144326,2.8499470292149454,3.693517554387654,3.6009273422478145,4.764705734604604,4.36330097778,5.980205997519761,5.044965891049287,7.2895647488958275,5.537143300143725,8.615168016557845,5.743489193163896,9.856451314902188,5.620716993787028,10.894164360836157,5.206765295246896,11.5926317923022,4.592843541890943,11.835413752601653,3.8833497038604037,11.591997373535378,3.1677098803124863,10.957639915480513,2.5084209632764214,10.107835536009134,1.9410900485995626,9.220595122321583,1.4803718875450613,8.41722739994384,1.1274146897626451,7.730043348054778,0.8766422495191364,7.099971491560382,0.7211349576550674,6.413600035724812,0.6565380090464714,5.590381962599167,0.6836440654296894,4.66921892421783,0.8098072714442424,3.744251359203872,1.0492792545619523,2.898502814232188,1.4224850482628426,2.1814049102870285,1.9541811907220108,1.6115687082306067,2.6702368884371026,1.1873892601734042,3.5921442785302133,0.8976829217799605,4.727021002613583,0.7295929591441563,6.049537317116574,0.67337751385503,7.474132428062603,0.724625121009467,8.826402035654155,0.8845036293594148,9.841797167610366,1.158381998565119,10.231815848158476,1.5529429730804623,9.839486767923063,2.071901071402408,8.821556344858891,2.7107157963650934,7.466318617844536,3.451241523064482,6.0381452430560785,4.258007832515432,4.711296820389634,5.078564458377286,3.571201352172011,5.850430222410296,2.642993420298808,6.515120611241628,1.9191397575550582,7.033796045941017,1.3772302704119284,7.392314320633432,0.98953642837796,7.587936085905994,0.7278932708068169,7.610505753938924,0.5661731632940246,7.435639038232011,0.4813418508565519,7.038308242564426,0.45353763115690526,6.420667821143297,0.4655139130150019,5.631489470589713,0.5018218956529381,4.750891155556246,0.5481475470960504,3.8628062189368393,0.5912062488082483,3.0345196128375846,0.6194720093058095,2.3085912858050506,0.6246682260557463,1.704101507669293,0.6033547918577824,1.2222484789328973,0.5574798634911531,0.8527272314458969,0.49320603423166176,0.5791869880981722,0.41868338343920186,0.38326739055082726,0.3418906922452152,0.24725787572924673,0.2692149324288948,0.15561280683300538,0.20487251717486288,0.09560224722417843,0.15096568620674589,0.05737214914438482,0.10789538634935525,0.033653502346396635,0.07489931246027481,0.01930834503832557,0.050563911051540344,0.010842735391179303,0.03323226874408647,0.0059636085663896665
49,1.6644418789960582,0.023636654980691674,2.1456758959698163,0.03378984496657722,2.6650368627574608,0.04723414793761549,3.1775057799318347,0.06459794576676359,3.6225994906908454,0.0864935662307289,3.934635984086526,0.1134856652192866,4.060496586525915,0.14606140620935548,3.980045141933715,0.18459528070889064,3.7176510600456822,0.22929060672822743,3.3318263741221017,0.2800720608715892,2.8958357257110947,0.33640922368294923,2.4806999562233614,0.3970796234139016,2.145300784547544,0.45992925154905606,1.9333773622010995,0.5217364071459087,1.8748377698889271,0.578296772765043,1.9884482819143159,0.6248051805109753,2.2836984843474966,0.6565206233917706,2.76067477423112,0.6695944117341242,3.4076619977727205,0.6618567757777782,4.196808786350175,0.6333348633752394,5.078719085852754,0.5863379885386166,5.97782506372414,0.525077446540763,6.792559083822653,0.4549303949343084,7.407404900252914,0.3815531862692296,7.724726067210213,0.3100652824577992,7.715450583505117,0.2444674301195846,7.457178768059748,0.1873641483712163,7.087044401844196,0.13997153678883478,6.743073759473191,0.10233289892494213,6.525496839988136,0.07364362993212126,6.478285080351725,0.05259615545901397,6.583275541359853,0.03768208979317933,6.7625598203844675,0.027419167796324473,6.891893747618042,0.020495944795584364,6.835310442740138,0.01584383135104872,6.507832787400275,0.01265383524059871,5.929345727056898,0.010356718260027264,5.1834214332300235,0.00858294028353157,4.365124087384402,0.007114998363476843,3.5538763135034515,0.005840906662797352,2.8051136862738986,0.004714178434142013,2.150945708602876,0.003722916814012933,2.245568938847555,2.9071894130056535,2.9303215151094264,3.835825806761477,3.6853555938737372,4.933107306385409,4.448274823017982,6.172489441478547,5.128550496949174,7.499416915428583,5.619854570620191,8.831358187048863,5.8272260707399255,10.064758744132405,5.706738737722844,11.083554365440705,5.296804651829461,11.763755419267682,4.6871103268813386,12.002857769476122,3.9795107313366316,11.772131353710165,3.261828882529244,11.163721976743545,2.596575400425536,10.338734998564405,2.0205536060775557,9.464048768325256,1.550054997539064,8.658423380349404,1.1877588837560324,7.956947328043725,0.9292650557663364,7.305043468874601,0.7684353316717534,6.5948431885360606,0.701361587284282,5.750122787728742,0.7290316902021914,4.809111885762377,0.858818711920776,3.8648648870434954,1.1048907554563812,3.0008914171446577,1.4875836520168377,2.2672575026711,2.0316712764024487,1.6831215239064932,2.7631591480203497,1.2474945036638019,3.703466331464824,0.949778063119993,4.858640128386014,0.7775485657828085,6.200666960402032,0.7213324788642694,7.640904342834347,0.7768524721368522,9.005011032296807,0.9452808156779611,10.031926127946463,1.2318301554621485,10.429716888376333,1.6428263713542037,10.029362623384259,2.1814077126336997,8.999649019861863,2.8422471955016135,7.632292257492281,3.606214465224639,6.188169342678066,4.436648843784724,4.841471961251045,5.279730689744838,3.680700529229398,6.07158950406415,2.7336531180094426,6.752548554729401,1.9938241283052776,7.282812070917998,1.4387976382568013,7.647514431134141,1.0405796596974142,7.843632081246142,0.770798865967663,7.861313325819765,0.6031691661819423,7.67677289599942,0.5144537259370736,7.265367236239854,0.4844945519639623,6.6296671507316205,0.4956606910204755,5.819802524549459,0.5320653552730619,4.917187425742668,0.578943377280666,4.0066346894013805,0.6225850730324964,3.156214488555861,0.6511058372570915,2.409271626874215,0.6559750991077635,1.7855325516784433,0.6336230013243949,1.2866092856770592,0.5859878107225995,0.9023925083877202,0.5193286592952973,0.616562586005557,0.44196516216652526,0.4106681548603319,0.3620745000121133,0.26681233296972096,0.2862362070695781,0.1691922052375503,0.21883359564390048,0.1047787166460239,0.16210022251880218,0.06340848190620818,0.1165281422654516,0.0375208362822832,0.0814051917100187,0.021723215339534363,0.05533018172354787,0.012313565674730853,0.036627647189561685,0.006838159522430942
50,1.7263277031579491,0.02615948002130608,2.2152572055060773,0.0372321419004038,2.740302944809173,0.051837111579516204,3.256326382808311,0.07063250220562622,3.7034560712231723,0.09425306114735577,4.017008143059229,0.12327416476091457,4.144525558578152,0.1581772261297374,4.066008556566885,0.19931011670087173,3.8060171992392497,0.2468257260975406,3.422742253117576,0.3005740850658185,2.98880574556415,0.3599286203007068,2.5749686267731704,0.42355484633753804,2.24053656399019,0.48917853057719185,2.030134476234707,0.553457747286302,1.9745897958291607,0.6120753002755919,2.093271334190831,0.660126155816215,2.3957992326490967,0.6927867124682052,2.8819489451752816,0.7061470413518691,3.5393956190614517,0.6980024613076239,4.339558442695761,0.6683770936110704,5.232395623938828,0.6196139246103485,6.142043258658305,0.5559973795780024,6.967135960392625,0.4830163811343482,7.592218183985551,0.4064716605362264,7.918131716626704,0.33164782742960597,7.913771904631631,0.2627150939379135,7.659110722105652,0.2024336471508832,7.293021035691709,0.15214541130580983,6.95346435481315,0.11197896032899735,6.74024356682412,0.08117079294470386,6.69729192390696,0.058413617095993686,6.806573614581339,0.04216707820933152,6.989527928977168,0.03089593174536276,7.119581827101683,0.023226121014886303,7.057859372532448,0.01802641803124061,6.718587611190287,0.014431965386847878,6.122605596659014,0.011828214616116384,5.356504696322418,0.00981201570562007,4.517755203426532,0.008143165062847402,3.6865589858664407,0.006695935636116701,2.9184441777397296,0.005416643109583674,2.2457412604940146,0.004290377469487794,2.3165940158069134,3.0251876773122603,3.0079834195607873,3.97896483176487,3.766440531385342,5.101543368191642,4.530089250727087,6.363331333054248,5.210264322871808,7.705308496278576,5.702540999559915,9.040289242327162,5.911790673310861,10.263304561417954,5.7927677598509035,11.264023835194166,5.38504141425301,11.931085245242912,4.778329261149793,12.17036969083415,4.0724935014259245,11.947957928715596,3.3534661979083467,11.359853302765032,2.683280745047341,10.55841605999376,2.0995692979449814,9.698409708766121,1.6200811899848304,8.893172256549178,1.248986807694564,8.17893208708756,0.9830925485662192,7.5058503846159965,0.8170942520241624,6.772293874136267,0.7475801717514514,5.906732701767396,0.77577372000178,4.947026477641202,0.9091040902358145,3.9848061433165185,1.1616995021900038,3.1034625850224984,1.553850182498536,2.3537780039989684,2.1103414578769844,1.75568880906917,2.8571687816624944,1.3088942987901646,3.815371435034649,1.0033825084481123,4.989787416753188,0.8271734817021752,6.350608228817691,0.7710801786622596,7.808649974387208,0.8309662612491593,9.1919012160879,1.0080008083164103,10.239723361700271,1.3072280973292436,10.648662316411446,1.7346128487106398,10.236891847422157,2.292723518649609,9.18599356196728,2.9754501774832534,7.79919668481989,3.7626582721861723,6.336949268417811,4.616462699608519,4.971106633471209,5.481678371328599,3.790699758390474,6.293118982876422,2.825298741649476,6.99000595805569,2.0695612980384794,7.5316598110964605,1.5013690244513782,7.9025651183224,1.0926068995754576,8.099511971486436,0.8147049265376154,8.112971584184834,0.6411837814544015,7.919510331615811,0.548579957174752,7.494437973293543,0.5164353613167805,6.840613423489913,0.5267422802899091,6.009622294383917,0.5631848587122477,5.08459790540428,0.6105524689824051,4.151460032097475,0.6547146102734587,3.278977811713048,0.6834348630632121,2.5111173623549803,0.6879365462818896,1.868167929236506,0.6645218953567564,1.3521497920439742,0.6151129152922294,0.9531694325887656,0.5460542806222293,0.6549542233863122,0.46582796316033637,0.4389698957998007,0.38280882692561136,0.2871392990430195,0.30377110809604346,0.1834099093050554,0.23326661546389005,0.11446254707425396,0.17366070542675516,0.06983269545685289,0.1255368787910811,0.04167366317687993,0.08823420565022388,0.02434071706306895,0.060365901965269586,0.013923342692578444,0.0402405370264205,0.007804937759601671
51,1.787279590658727,0.02885661685240848,2.283269704221766,0.0408951460285607,2.813505290395824,0.05671372767892535,3.332943325422093,0.07699918142043316,3.782403761626483,0.10240678408217718,4.097970113682095,0.13351978179616708,4.227425609167767,0.1708101335398169,4.15074494338387,0.2145949251712409,3.8928437378071976,0.26497264597946923,3.5120121573759207,0.32171567407931434,3.0804529940446628,0.38409991266371435,2.66857212900004,0.4506795139404858,2.335861936976471,0.5190626562180114,2.127622910545142,0.5857912828573717,2.0754860842675953,0.6464399442775175,2.199399929492756,0.6960078932079341,2.5091570790586957,0.729592001551282,3.004297792912894,0.7432231267139287,3.6719841590434044,0.7346630731367441,4.48306040436546,0.7039338742065411,5.387141870697633,0.6534122787338674,6.308526442059247,0.5874543825134424,7.1462766538538744,0.511657507995551,7.784220670530431,0.4319619069115106,8.119947093407973,0.3538120479315694,8.119503370366601,0.2815431638618975,7.866013852866672,0.2180685443877337,7.501823181087275,0.16485574795751745,7.165685653948458,0.12212066553593104,6.956912808712332,0.08914452590533983,6.919041329247648,0.0646246064134175,7.033619922529397,0.04699264091959776,7.2206768367768746,0.03466358980494988,7.350959703064518,0.026202792879757908,7.2835269747952225,0.02041722916260369,6.932882328006372,0.016386089365823864,6.319813007594348,0.013448825666273478,5.533123571226497,0.011167714178554888,4.673023723393953,0.009278871993501525,3.8211298230355624,0.007642003212822601,3.03329603997895,0.006195623213670842,2.3419531799042943,0.004921432862374786,2.3859088251301728,3.1444435114528915,3.0833065870328937,4.122965141817531,3.84515773695648,5.270007588142107,4.610561971016978,6.5526370852724085,5.292666497959999,7.90739094296373,5.787933198919745,9.243532415417121,5.999812670500887,10.457072968740704,5.8815311400981045,11.44541954047395,5.474028123924654,12.107807665966902,4.868309426744418,12.350849330494384,4.163264173490916,12.132274499137111,3.442985981214406,11.555306448751708,2.768575473812234,10.771257012868091,2.178041664769353,9.924516259653046,1.690324678743309,9.120573552376754,1.3109866500062708,8.394509789216727,1.0380394148355663,7.700471148279121,0.8670517592031501,6.943670528452458,0.7951546612334823,6.058654107855773,0.8238494106581129,5.082030176341732,0.9606608489357313,4.1034133769592245,1.2197157860628067,3.205835298828106,1.6212817783593891,2.4408036825252566,2.1901227044409097,1.8292022857201573,2.9521070711844004,1.371547335860214,3.92781288893093,1.0584658605464483,5.12125682867827,0.8784446805632342,6.502235761727206,0.8225988460199005,7.9829085312230745,0.8869393381723967,9.393017415840404,1.072628359799637,10.466922177655306,1.384534571669974,10.886417576250551,1.8282572679497662,10.463807886525501,2.405791451653158,9.38653506045739,3.1102292985547138,7.972571436940598,3.920401170549212,6.487359927176385,4.797176205861206,5.100994781452755,5.684036297912826,3.9011517500880473,6.5145774950462965,2.9177701620019434,7.227055932979056,2.146279998213231,7.7800496329409725,1.564939056325784,8.157489003283445,1.1456271755746457,8.356006531448656,0.8596117967258579,8.366217007043588,0.6802078954833632,8.164623377549333,0.5837077197429608,7.726228685101205,0.5493470215774323,7.054309932045044,0.5587444544412392,6.201781148819691,0.5951607239226178,5.2537461686908955,0.6429451860403788,4.297599482873693,0.6875539985012438,3.402899834386517,0.7164100219588363,2.6141160409094937,0.7205005129294477,1.9519729871215077,0.6960021272393533,1.418842382911862,0.6448141788214343,1.005040233938189,0.5733541095396504,0.694350492555941,0.4902550826850529,0.4681654697940303,0.4040856809615434,0.3082355623375861,0.3218164424361021,0.1982666368921855,0.24817058380858725,0.12465785435233556,0.1856472726276479,0.07665122082471498,0.13492270372444182,0.046119460521822475,0.09538853176172779,0.027168275834128508,0.0656743053914397,0.0156786970092071,0.044074997838379204,0.008869409178942078
