                                   MODFLOW 6
                U.S. GEOLOGICAL SURVEY MODULAR HYDROLOGIC MODEL
                          GROUNDWATER FLOW MODEL (GWF)
                            VERSION 6.6.3 09/29/2025

   MODFLOW 6 compiled Oct 07 2025 23:07:48 with Intel(R) Fortran Intel(R) 64
   Compiler Classic for applications running on Intel(R) 64, Version 2021.7.0
                             Build 20220726_000000

This software has been approved for release by the U.S. Geological 
Survey (USGS). Although the software has been subjected to rigorous 
review, the USGS reserves the right to update the software as needed 
pursuant to further analysis and review. No warranty, expressed or 
implied, is made by the USGS or the U.S. Government as to the 
functionality of the software and related material nor shall the 
fact of release constitute any such warranty. Furthermore, the 
software is released on condition that neither the USGS nor the U.S. 
Government shall be held liable for any damages resulting from its 
authorized or unauthorized use. Also refer to the USGS Water 
Resources Software User Rights Notice for complete use, copyright, 
and distribution information.


As a work of the United States Government, this USGS product is 
in the public domain within the United States. You can copy, 
modify, distribute, and perform the work, even for commercial 
purposes, all without asking permission. Additionally, USGS 
waives copyright and related rights in the work worldwide 
through CC0 1.0 Universal Public Domain Dedication 
(https://creativecommons.org/publicdomain/zero/1.0/).

The following GNU Lesser General Public License (LGPL) libraries
are used in this USGS product:

    SPARSKIT version 2.0
      ilut, luson, and qsplit 
      (https://www-users.cse.umn.edu/~saad/software/SPARSKIT/)

    RCM - Reverse Cuthill McKee Ordering
      (https://people.math.sc.edu/Burkardt/f_src/rcm/rcm.html)

    BLAS - Basic Linear Algebra Subprograms Level 1
      (https://people.math.sc.edu/Burkardt/f_src/blas1_d/blas1_d.html)

    SPARSEKIT - Sparse Matrix Utility Package
      amux, dperm, dvperm, rperm, and cperm
      (https://people.sc.fsu.edu/~jburkardt/f77_src/sparsekit/sparsekit.html)

The following BSD-3 License libraries are used in this USGS product:

    Modern Fortran DAG Library
      Copyright (c) 2018, Jacob Williams
      All rights reserved.
      (https://github.com/jacobwilliams/daglib)

MODFLOW 6 compiler options: /O2 /heap-arrays:0 /fpe:0 /traceback /nologo /fpp
/c /module:win64\mod_mf6\ /object:win64\obj_mf6\

System command used to initiate simulation:
C:\Python\Personal\kfm-ms\codes\binaries\MODFLOW6\windows\mf6.exe

MODFLOW was compiled using uniform precision.

Real Variables
  KIND: 8
  TINY (smallest non-zero value):    2.225074-308
  HUGE (largest value):    1.797693+308
  PRECISION: 15
  SIZE IN BITS: 64

Integer Variables
  KIND: 4
  HUGE (largest value): 2147483647
  SIZE IN BITS: 32

Long Integer Variables
  KIND: 8
  HUGE (largest value): 9223372036854775807
  SIZE IN BITS: 64

Logical Variables
  KIND: 4
  SIZE IN BITS: 32
 
 NAMEFILE OPTIONS:
    FLOWS WILL BE SAVED TO BUDGET FILE SPECIFIED IN OUTPUT CONTROL
 END NAMEFILE OPTIONS:

 DIS -- STRUCTURED GRID DISCRETIZATION PACKAGE, VERSION 2 : 3/27/2014 - INPUT READ FROM MEMPATH: __INPUT__/BASELINE/DIS                            


 NPF -- NODE PROPERTY FLOW PACKAGE, VERSION 1, 3/30/2015 INPUT READ FROM MEMPATH: __INPUT__/BASELINE/NPF                            


 IC -- Initial Conditions Package, Version 8, 3/28/2015 input read from mempath: __INPUT__/BASELINE/IC                             


 Setting Discretization Options
    XORIGIN = .000000000000000
    YORIGIN = .000000000000000
 End Setting Discretization Options

 Setting Discretization Dimensions
    NLAY = 1
    NROW = 116
    NCOL = 92
 End Setting Discretization Dimensions

 Setting Discretization Griddata
    DELR set from input file
    DELC set from input file
    TOP set from input file
    BOTM set from input file
    IDOMAIN set from input file
 End Setting Discretization Griddata

 Setting NPF Options
 End Setting NPF Options

 Setting NPF Griddata
    ICELLTYPE set from input file
    K set from input file
    K33 not provided.  Setting K33 = K.
    K22 not provided.  Setting K22 = K.
 End Setting NPF Griddata


 GHB -- GHB PACKAGE, VERSION 8, 2/22/2014 INPUT READ FROM MEMPATH: __INPUT__/BASELINE/GHB                            

 PROCESSING GHB BASE OPTIONS
 END OF GHB BASE OPTIONS

 PROCESSING GHB OPTIONS
 END OF GHB OPTIONS

 PROCESSING GHB BASE DIMENSIONS
    MAXBOUND =     232
 END OF GHB BASE DIMENSIONS
    STRT set from input file

 STO -- STORAGE PACKAGE, VERSION 1, 5/19/2014 INPUT READ FROM MEMPATH: __INPUT__/BASELINE/STO                            


 PROCESSING STORAGE OPTIONS
 END OF STORAGE OPTIONS
    BINARY GRID INFORMATION WILL BE WRITTEN TO:
      UNIT NUMBER: 1013
      FILE NAME: baseline.dis.grb

 OPENED baseline.dis.grb
 FILE TYPE:DATA(BINARY)   UNIT 1013   STATUS:REPLACE             
 FORMAT:UNFORMATTED            ACCESS:STREAM              
 ACTION:READWRITE           

      THE LAST TIME STEP WILL BE PRINTED
      THE LAST TIME STEP WILL BE PRINTED
 # File generated by Flopy version 3.10.0 on 06/24/2026 at 07:55:59.

 PROCESSING OC OPTIONS

    HEAD INFORMATION WILL BE WRITTEN TO:
      UNIT NUMBER: 1014
      FILE NAME: baseline.hds

 OPENED baseline.hds
 FILE TYPE:DATA(BINARY)   UNIT 1014   STATUS:REPLACE             
 FORMAT:UNFORMATTED            ACCESS:STREAM              
 ACTION:READWRITE           

 END OF OC OPTIONS

start timestep kper="1" kstp="1" mode="normal"


 BEGIN READING OUTPUT CONTROL FOR STRESS PERIOD 1
      THE LAST TIME STEP WILL BE SAVED

 END READING OUTPUT CONTROL FOR STRESS PERIOD 1


 PROCESSING STORAGE PERIOD DATA
 END PROCESSING STORAGE PERIOD DATA


 STRESS PERIOD 1 IS TRANSIENT


end timestep


start timestep kper="1" kstp="2" mode="normal"


end timestep


start timestep kper="1" kstp="3" mode="normal"


end timestep


start timestep kper="1" kstp="4" mode="normal"


end timestep


start timestep kper="1" kstp="5" mode="normal"


 HEAD WILL BE SAVED ON UNIT 1014 AT END OF TIME STEP    5, STRESS PERIOD    1


  VOLUME BUDGET FOR ENTIRE MODEL AT END OF TIME STEP    5, STRESS PERIOD   1
  ---------------------------------------------------------------------------------------------------

     CUMULATIVE VOLUME      L**3       RATES FOR THIS TIME STEP      L**3/T          PACKAGE NAME    
     ------------------                 ------------------------                     ----------------

           IN:                                      IN:
           ---                                      ---
              STO-SS =       44096.2843                STO-SS =        6294.7255     STORAGE                          
                 GHB =          54.6549                   GHB =          12.5515     GHB                              

            TOTAL IN =       44150.9392              TOTAL IN =        6307.2770

          OUT:                                     OUT:
          ----                                     ----
              STO-SS =       44096.2843                STO-SS =        6294.7255     STORAGE                          
                 GHB =          54.6549                   GHB =          12.5515     GHB                              

           TOTAL OUT =       44150.9392             TOTAL OUT =        6307.2770

            IN - OUT =       5.6659E-07              IN - OUT =       8.6030E-08

 PERCENT DISCREPANCY =           0.00     PERCENT DISCREPANCY =           0.00




         TIME SUMMARY AT END OF TIME STEP    5 IN STRESS PERIOD    1
                    SECONDS     MINUTES      HOURS       DAYS        YEARS
                    -----------------------------------------------------------
   TIME STEP LENGTH 1.20960E+05  2016.0      33.600      1.4000     3.83299E-03
 STRESS PERIOD TIME 6.04800E+05  10080.      168.00      7.0000     1.91650E-02
         TOTAL TIME 6.04800E+05  10080.      168.00      7.0000     1.91650E-02


end timestep


start timestep kper="2" kstp="1" mode="normal"


 END OF FILE DETECTED IN OUTPUT CONTROL.
 CURRENT OUTPUT CONTROL SETTINGS WILL BE 
 REPEATED UNTIL THE END OF THE SIMULATION.

 OUTPUT CONTROL FOR STRESS PERIOD 2 IS REPEATED USING SETTINGS FROM A PREVIOUS STRESS PERIOD.

end timestep


start timestep kper="2" kstp="2" mode="normal"


end timestep


start timestep kper="2" kstp="3" mode="normal"


end timestep


start timestep kper="2" kstp="4" mode="normal"


end timestep


start timestep kper="2" kstp="5" mode="normal"


 HEAD WILL BE SAVED ON UNIT 1014 AT END OF TIME STEP    5, STRESS PERIOD    2


  VOLUME BUDGET FOR ENTIRE MODEL AT END OF TIME STEP    5, STRESS PERIOD   2
  ---------------------------------------------------------------------------------------------------

     CUMULATIVE VOLUME      L**3       RATES FOR THIS TIME STEP      L**3/T          PACKAGE NAME    
     ------------------                 ------------------------                     ----------------

           IN:                                      IN:
           ---                                      ---
              STO-SS =       88116.7584                STO-SS =        6284.8519     STORAGE                          
                 GHB =         185.1197                   GHB =          22.4251     GHB                              

            TOTAL IN =       88301.8780              TOTAL IN =        6307.2770

          OUT:                                     OUT:
          ----                                     ----
              STO-SS =       88116.7584                STO-SS =        6284.8519     STORAGE                          
                 GHB =         185.1197                   GHB =          22.4251     GHB                              

           TOTAL OUT =       88301.8780             TOTAL OUT =        6307.2770

            IN - OUT =       5.7917E-07              IN - OUT =      -2.6642E-07

 PERCENT DISCREPANCY =           0.00     PERCENT DISCREPANCY =          -0.00




         TIME SUMMARY AT END OF TIME STEP    5 IN STRESS PERIOD    2
                    SECONDS     MINUTES      HOURS       DAYS        YEARS
                    -----------------------------------------------------------
   TIME STEP LENGTH 1.20960E+05  2016.0      33.600      1.4000     3.83299E-03
 STRESS PERIOD TIME 6.04800E+05  10080.      168.00      7.0000     1.91650E-02
         TOTAL TIME 1.20960E+06  20160.      336.00      14.000     3.83299E-02


end timestep


start timestep kper="3" kstp="1" mode="normal"


 OUTPUT CONTROL FOR STRESS PERIOD 3 IS REPEATED USING SETTINGS FROM A PREVIOUS STRESS PERIOD.

end timestep


start timestep kper="3" kstp="2" mode="normal"


end timestep


start timestep kper="3" kstp="3" mode="normal"


end timestep


start timestep kper="3" kstp="4" mode="normal"


end timestep


start timestep kper="3" kstp="5" mode="normal"


 HEAD WILL BE SAVED ON UNIT 1014 AT END OF TIME STEP    5, STRESS PERIOD    3


  VOLUME BUDGET FOR ENTIRE MODEL AT END OF TIME STEP    5, STRESS PERIOD   3
  ---------------------------------------------------------------------------------------------------

     CUMULATIVE VOLUME      L**3       RATES FOR THIS TIME STEP      L**3/T          PACKAGE NAME    
     ------------------                 ------------------------                     ----------------

           IN:                                      IN:
           ---                                      ---
              STO-SS =      132075.3772                STO-SS =        6276.6092     STORAGE                          
                 GHB =         377.4395                   GHB =          30.6677     GHB                              

            TOTAL IN =      132452.8167              TOTAL IN =        6307.2769

          OUT:                                     OUT:
          ----                                     ----
              STO-SS =      132075.3772                STO-SS =        6276.6092     STORAGE                          
                 GHB =         377.4395                   GHB =          30.6677     GHB                              

           TOTAL OUT =      132452.8167             TOTAL OUT =        6307.2769

            IN - OUT =       1.2384E-06              IN - OUT =       5.6583E-08

 PERCENT DISCREPANCY =           0.00     PERCENT DISCREPANCY =           0.00




         TIME SUMMARY AT END OF TIME STEP    5 IN STRESS PERIOD    3
                    SECONDS     MINUTES      HOURS       DAYS        YEARS
                    -----------------------------------------------------------
   TIME STEP LENGTH 1.20960E+05  2016.0      33.600      1.4000     3.83299E-03
 STRESS PERIOD TIME 6.04800E+05  10080.      168.00      7.0000     1.91650E-02
         TOTAL TIME 1.81440E+06  30240.      504.00      21.000     5.74949E-02


end timestep


start timestep kper="4" kstp="1" mode="normal"


 OUTPUT CONTROL FOR STRESS PERIOD 4 IS REPEATED USING SETTINGS FROM A PREVIOUS STRESS PERIOD.

end timestep


start timestep kper="4" kstp="2" mode="normal"


end timestep


start timestep kper="4" kstp="3" mode="normal"


end timestep


start timestep kper="4" kstp="4" mode="normal"


end timestep


start timestep kper="4" kstp="5" mode="normal"


 HEAD WILL BE SAVED ON UNIT 1014 AT END OF TIME STEP    5, STRESS PERIOD    4


  VOLUME BUDGET FOR ENTIRE MODEL AT END OF TIME STEP    5, STRESS PERIOD   4
  ---------------------------------------------------------------------------------------------------

     CUMULATIVE VOLUME      L**3       RATES FOR THIS TIME STEP      L**3/T          PACKAGE NAME    
     ------------------                 ------------------------                     ----------------

           IN:                                      IN:
           ---                                      ---
              STO-SS =      175981.0530                STO-SS =        6269.4450     STORAGE                          
                 GHB =         622.7022                   GHB =          37.8319     GHB                              

            TOTAL IN =      176603.7552              TOTAL IN =        6307.2769

          OUT:                                     OUT:
          ----                                     ----
              STO-SS =      175981.0530                STO-SS =        6269.4450     STORAGE                          
                 GHB =         622.7022                   GHB =          37.8319     GHB                              

           TOTAL OUT =      176603.7552             TOTAL OUT =        6307.2769

            IN - OUT =       1.7694E-06              IN - OUT =       9.5638E-08

 PERCENT DISCREPANCY =           0.00     PERCENT DISCREPANCY =           0.00




         TIME SUMMARY AT END OF TIME STEP    5 IN STRESS PERIOD    4
                    SECONDS     MINUTES      HOURS       DAYS        YEARS
                    -----------------------------------------------------------
   TIME STEP LENGTH 1.20960E+05  2016.0      33.600      1.4000     3.83299E-03
 STRESS PERIOD TIME 6.04800E+05  10080.      168.00      7.0000     1.91650E-02
         TOTAL TIME 2.41920E+06  40320.      672.00      28.000     7.66598E-02


end timestep


start timestep kper="5" kstp="1" mode="normal"


 OUTPUT CONTROL FOR STRESS PERIOD 5 IS REPEATED USING SETTINGS FROM A PREVIOUS STRESS PERIOD.

end timestep


start timestep kper="5" kstp="2" mode="normal"


end timestep


start timestep kper="5" kstp="3" mode="normal"


end timestep


start timestep kper="5" kstp="4" mode="normal"


end timestep


start timestep kper="5" kstp="5" mode="normal"


 HEAD WILL BE SAVED ON UNIT 1014 AT END OF TIME STEP    5, STRESS PERIOD    5


  VOLUME BUDGET FOR ENTIRE MODEL AT END OF TIME STEP    5, STRESS PERIOD   5
  ---------------------------------------------------------------------------------------------------

     CUMULATIVE VOLUME      L**3       RATES FOR THIS TIME STEP      L**3/T          PACKAGE NAME    
     ------------------                 ------------------------                     ----------------

           IN:                                      IN:
           ---                                      ---
              STO-SS =      219839.9207                STO-SS =        6263.0444     STORAGE                          
                 GHB =         914.7730                   GHB =          44.2325     GHB                              

            TOTAL IN =      220754.6937              TOTAL IN =        6307.2769

          OUT:                                     OUT:
          ----                                     ----
              STO-SS =      219839.9207                STO-SS =        6263.0444     STORAGE                          
                 GHB =         914.7730                   GHB =          44.2325     GHB                              

           TOTAL OUT =      220754.6937             TOTAL OUT =        6307.2769

            IN - OUT =       2.3834E-06              IN - OUT =       5.8096E-08

 PERCENT DISCREPANCY =           0.00     PERCENT DISCREPANCY =           0.00




         TIME SUMMARY AT END OF TIME STEP    5 IN STRESS PERIOD    5
                    SECONDS     MINUTES      HOURS       DAYS        YEARS
                    -----------------------------------------------------------
   TIME STEP LENGTH 1.20960E+05  2016.0      33.600      1.4000     3.83299E-03
 STRESS PERIOD TIME 6.04800E+05  10080.      168.00      7.0000     1.91650E-02
         TOTAL TIME 3.02400E+06  50400.      840.00      35.000     9.58248E-02


end timestep


start timestep kper="6" kstp="1" mode="normal"


 OUTPUT CONTROL FOR STRESS PERIOD 6 IS REPEATED USING SETTINGS FROM A PREVIOUS STRESS PERIOD.

end timestep


start timestep kper="6" kstp="2" mode="normal"


end timestep


start timestep kper="6" kstp="3" mode="normal"


end timestep


start timestep kper="6" kstp="4" mode="normal"


end timestep


start timestep kper="6" kstp="5" mode="normal"


 HEAD WILL BE SAVED ON UNIT 1014 AT END OF TIME STEP    5, STRESS PERIOD    6


  VOLUME BUDGET FOR ENTIRE MODEL AT END OF TIME STEP    5, STRESS PERIOD   6
  ---------------------------------------------------------------------------------------------------

     CUMULATIVE VOLUME      L**3       RATES FOR THIS TIME STEP      L**3/T          PACKAGE NAME    
     ------------------                 ------------------------                     ----------------

           IN:                                      IN:
           ---                                      ---
              STO-SS =      263656.4680                STO-SS =        6257.2149     STORAGE                          
                 GHB =        1249.1642                   GHB =          50.0621     GHB                              

            TOTAL IN =      264905.6322              TOTAL IN =        6307.2769

          OUT:                                     OUT:
          ----                                     ----
              STO-SS =      263656.4680                STO-SS =        6257.2149     STORAGE                          
                 GHB =        1249.1642                   GHB =          50.0621     GHB                              

           TOTAL OUT =      264905.6322             TOTAL OUT =        6307.2769

            IN - OUT =       2.7505E-06              IN - OUT =       6.6309E-08

 PERCENT DISCREPANCY =           0.00     PERCENT DISCREPANCY =           0.00




         TIME SUMMARY AT END OF TIME STEP    5 IN STRESS PERIOD    6
                    SECONDS     MINUTES      HOURS       DAYS        YEARS
                    -----------------------------------------------------------
   TIME STEP LENGTH 1.20960E+05  2016.0      33.600      1.4000     3.83299E-03
 STRESS PERIOD TIME 6.04800E+05  10080.      168.00      7.0000     1.91650E-02
         TOTAL TIME 3.62880E+06  60480.      1008.0      42.000     0.11499    


end timestep


start timestep kper="7" kstp="1" mode="normal"


 OUTPUT CONTROL FOR STRESS PERIOD 7 IS REPEATED USING SETTINGS FROM A PREVIOUS STRESS PERIOD.

end timestep


start timestep kper="7" kstp="2" mode="normal"


end timestep


start timestep kper="7" kstp="3" mode="normal"


end timestep


start timestep kper="7" kstp="4" mode="normal"


end timestep


start timestep kper="7" kstp="5" mode="normal"


 HEAD WILL BE SAVED ON UNIT 1014 AT END OF TIME STEP    5, STRESS PERIOD    7


  VOLUME BUDGET FOR ENTIRE MODEL AT END OF TIME STEP    5, STRESS PERIOD   7
  ---------------------------------------------------------------------------------------------------

     CUMULATIVE VOLUME      L**3       RATES FOR THIS TIME STEP      L**3/T          PACKAGE NAME    
     ------------------                 ------------------------                     ----------------

           IN:                                      IN:
           ---                                      ---
              STO-SS =      307434.1368                STO-SS =        6251.8308     STORAGE                          
                 GHB =        1622.4338                   GHB =          55.4461     GHB                              

            TOTAL IN =      309056.5707              TOTAL IN =        6307.2769

          OUT:                                     OUT:
          ----                                     ----
              STO-SS =      307434.1368                STO-SS =        6251.8308     STORAGE                          
                 GHB =        1622.4338                   GHB =          55.4461     GHB                              

           TOTAL OUT =      309056.5707             TOTAL OUT =        6307.2769

            IN - OUT =       3.2060E-06              IN - OUT =       5.8564E-08

 PERCENT DISCREPANCY =           0.00     PERCENT DISCREPANCY =           0.00




         TIME SUMMARY AT END OF TIME STEP    5 IN STRESS PERIOD    7
                    SECONDS     MINUTES      HOURS       DAYS        YEARS
                    -----------------------------------------------------------
   TIME STEP LENGTH 1.20960E+05  2016.0      33.600      1.4000     3.83299E-03
 STRESS PERIOD TIME 6.04800E+05  10080.      168.00      7.0000     1.91650E-02
         TOTAL TIME 4.23360E+06  70560.      1176.0      49.000     0.13415    


end timestep


start timestep kper="8" kstp="1" mode="normal"


 OUTPUT CONTROL FOR STRESS PERIOD 8 IS REPEATED USING SETTINGS FROM A PREVIOUS STRESS PERIOD.

end timestep


start timestep kper="8" kstp="2" mode="normal"


end timestep


start timestep kper="8" kstp="3" mode="normal"


end timestep


start timestep kper="8" kstp="4" mode="normal"


end timestep


start timestep kper="8" kstp="5" mode="normal"


 HEAD WILL BE SAVED ON UNIT 1014 AT END OF TIME STEP    5, STRESS PERIOD    8


  VOLUME BUDGET FOR ENTIRE MODEL AT END OF TIME STEP    5, STRESS PERIOD   8
  ---------------------------------------------------------------------------------------------------

     CUMULATIVE VOLUME      L**3       RATES FOR THIS TIME STEP      L**3/T          PACKAGE NAME    
     ------------------                 ------------------------                     ----------------

           IN:                                      IN:
           ---                                      ---
              STO-SS =      351175.6667                STO-SS =        6246.8061     STORAGE                          
                 GHB =        2031.8424                   GHB =          60.4709     GHB                              

            TOTAL IN =      353207.5091              TOTAL IN =        6307.2769

          OUT:                                     OUT:
          ----                                     ----
              STO-SS =      351175.6667                STO-SS =        6246.8061     STORAGE                          
                 GHB =        2031.8424                   GHB =          60.4709     GHB                              

           TOTAL OUT =      353207.5091             TOTAL OUT =        6307.2769

            IN - OUT =       3.8075E-06              IN - OUT =       1.0384E-07

 PERCENT DISCREPANCY =           0.00     PERCENT DISCREPANCY =           0.00




         TIME SUMMARY AT END OF TIME STEP    5 IN STRESS PERIOD    8
                    SECONDS     MINUTES      HOURS       DAYS        YEARS
                    -----------------------------------------------------------
   TIME STEP LENGTH 1.20960E+05  2016.0      33.600      1.4000     3.83299E-03
 STRESS PERIOD TIME 6.04800E+05  10080.      168.00      7.0000     1.91650E-02
         TOTAL TIME 4.83840E+06  80640.      1344.0      56.000     0.15332    


end timestep


start timestep kper="9" kstp="1" mode="normal"


 OUTPUT CONTROL FOR STRESS PERIOD 9 IS REPEATED USING SETTINGS FROM A PREVIOUS STRESS PERIOD.

end timestep


start timestep kper="9" kstp="2" mode="normal"


end timestep


start timestep kper="9" kstp="3" mode="normal"


end timestep


start timestep kper="9" kstp="4" mode="normal"


end timestep


start timestep kper="9" kstp="5" mode="normal"


 HEAD WILL BE SAVED ON UNIT 1014 AT END OF TIME STEP    5, STRESS PERIOD    9


  VOLUME BUDGET FOR ENTIRE MODEL AT END OF TIME STEP    5, STRESS PERIOD   9
  ---------------------------------------------------------------------------------------------------

     CUMULATIVE VOLUME      L**3       RATES FOR THIS TIME STEP      L**3/T          PACKAGE NAME    
     ------------------                 ------------------------                     ----------------

           IN:                                      IN:
           ---                                      ---
              STO-SS =      394883.3017                STO-SS =        6242.0786     STORAGE                          
                 GHB =        2475.1460                   GHB =          65.1983     GHB                              

            TOTAL IN =      397358.4476              TOTAL IN =        6307.2769

          OUT:                                     OUT:
          ----                                     ----
              STO-SS =      394883.3016                STO-SS =        6242.0786     STORAGE                          
                 GHB =        2475.1460                   GHB =          65.1983     GHB                              

           TOTAL OUT =      397358.4476             TOTAL OUT =        6307.2769

            IN - OUT =       4.2491E-06              IN - OUT =       1.3641E-07

 PERCENT DISCREPANCY =           0.00     PERCENT DISCREPANCY =           0.00




         TIME SUMMARY AT END OF TIME STEP    5 IN STRESS PERIOD    9
                    SECONDS     MINUTES      HOURS       DAYS        YEARS
                    -----------------------------------------------------------
   TIME STEP LENGTH 1.20960E+05  2016.0      33.600      1.4000     3.83299E-03
 STRESS PERIOD TIME 6.04800E+05  10080.      168.00      7.0000     1.91650E-02
         TOTAL TIME 5.44320E+06  90720.      1512.0      63.000     0.17248    


end timestep


start timestep kper="10" kstp="1" mode="normal"


 OUTPUT CONTROL FOR STRESS PERIOD 10 IS REPEATED USING SETTINGS FROM A PREVIOUS STRESS PERIOD.

end timestep


start timestep kper="10" kstp="2" mode="normal"


end timestep


start timestep kper="10" kstp="3" mode="normal"


end timestep


start timestep kper="10" kstp="4" mode="normal"


end timestep


start timestep kper="10" kstp="5" mode="normal"


 HEAD WILL BE SAVED ON UNIT 1014 AT END OF TIME STEP    5, STRESS PERIOD   10


  VOLUME BUDGET FOR ENTIRE MODEL AT END OF TIME STEP    5, STRESS PERIOD  10
  ---------------------------------------------------------------------------------------------------

     CUMULATIVE VOLUME      L**3       RATES FOR THIS TIME STEP      L**3/T          PACKAGE NAME    
     ------------------                 ------------------------                     ----------------

           IN:                                      IN:
           ---                                      ---
              STO-SS =      438558.9220                STO-SS =        6237.6024     STORAGE                          
                 GHB =        2950.4641                   GHB =          69.6745     GHB                              

            TOTAL IN =      441509.3861              TOTAL IN =        6307.2769

          OUT:                                     OUT:
          ----                                     ----
              STO-SS =      438558.9220                STO-SS =        6237.6024     STORAGE                          
                 GHB =        2950.4641                   GHB =          69.6745     GHB                              

           TOTAL OUT =      441509.3861             TOTAL OUT =        6307.2769

            IN - OUT =       4.6978E-06              IN - OUT =       6.6973E-08

 PERCENT DISCREPANCY =           0.00     PERCENT DISCREPANCY =           0.00




         TIME SUMMARY AT END OF TIME STEP    5 IN STRESS PERIOD   10
                    SECONDS     MINUTES      HOURS       DAYS        YEARS
                    -----------------------------------------------------------
   TIME STEP LENGTH 1.20960E+05  2016.0      33.600      1.4000     3.83299E-03
 STRESS PERIOD TIME 6.04800E+05  10080.      168.00      7.0000     1.91650E-02
         TOTAL TIME 6.04800E+06 1.00800E+05  1680.0      70.000     0.19165    


end timestep


start timestep kper="11" kstp="1" mode="normal"


 OUTPUT CONTROL FOR STRESS PERIOD 11 IS REPEATED USING SETTINGS FROM A PREVIOUS STRESS PERIOD.

end timestep


start timestep kper="11" kstp="2" mode="normal"


end timestep


start timestep kper="11" kstp="3" mode="normal"


end timestep


start timestep kper="11" kstp="4" mode="normal"


end timestep


start timestep kper="11" kstp="5" mode="normal"


 HEAD WILL BE SAVED ON UNIT 1014 AT END OF TIME STEP    5, STRESS PERIOD   11


  VOLUME BUDGET FOR ENTIRE MODEL AT END OF TIME STEP    5, STRESS PERIOD  11
  ---------------------------------------------------------------------------------------------------

     CUMULATIVE VOLUME      L**3       RATES FOR THIS TIME STEP      L**3/T          PACKAGE NAME    
     ------------------                 ------------------------                     ----------------

           IN:                                      IN:
           ---                                      ---
              STO-SS =      482204.1325                STO-SS =        6233.3420     STORAGE                          
                 GHB =        3456.1921                   GHB =          73.9350     GHB                              

            TOTAL IN =      485660.3246              TOTAL IN =        6307.2769

          OUT:                                     OUT:
          ----                                     ----
              STO-SS =      482204.1325                STO-SS =        6233.3420     STORAGE                          
                 GHB =        3456.1921                   GHB =          73.9350     GHB                              

           TOTAL OUT =      485660.3245             TOTAL OUT =        6307.2769

            IN - OUT =       5.3674E-06              IN - OUT =       5.0500E-08

 PERCENT DISCREPANCY =           0.00     PERCENT DISCREPANCY =           0.00




         TIME SUMMARY AT END OF TIME STEP    5 IN STRESS PERIOD   11
                    SECONDS     MINUTES      HOURS       DAYS        YEARS
                    -----------------------------------------------------------
   TIME STEP LENGTH 1.20960E+05  2016.0      33.600      1.4000     3.83299E-03
 STRESS PERIOD TIME 6.04800E+05  10080.      168.00      7.0000     1.91650E-02
         TOTAL TIME 6.65280E+06 1.10880E+05  1848.0      77.000     0.21081    


end timestep


start timestep kper="12" kstp="1" mode="normal"


 OUTPUT CONTROL FOR STRESS PERIOD 12 IS REPEATED USING SETTINGS FROM A PREVIOUS STRESS PERIOD.

end timestep


start timestep kper="12" kstp="2" mode="normal"


end timestep


start timestep kper="12" kstp="3" mode="normal"


end timestep


start timestep kper="12" kstp="4" mode="normal"


end timestep


start timestep kper="12" kstp="5" mode="normal"


 HEAD WILL BE SAVED ON UNIT 1014 AT END OF TIME STEP    5, STRESS PERIOD   12


  VOLUME BUDGET FOR ENTIRE MODEL AT END OF TIME STEP    5, STRESS PERIOD  12
  ---------------------------------------------------------------------------------------------------

     CUMULATIVE VOLUME      L**3       RATES FOR THIS TIME STEP      L**3/T          PACKAGE NAME    
     ------------------                 ------------------------                     ----------------

           IN:                                      IN:
           ---                                      ---
              STO-SS =      525820.3236                STO-SS =        6229.2695     STORAGE                          
                 GHB =        3990.9394                   GHB =          78.0074     GHB                              

            TOTAL IN =      529811.2630              TOTAL IN =        6307.2769

          OUT:                                     OUT:
          ----                                     ----
              STO-SS =      525820.3236                STO-SS =        6229.2695     STORAGE                          
                 GHB =        3990.9394                   GHB =          78.0074     GHB                              

           TOTAL OUT =      529811.2630             TOTAL OUT =        6307.2769

            IN - OUT =       5.7662E-06              IN - OUT =       7.7911E-08

 PERCENT DISCREPANCY =           0.00     PERCENT DISCREPANCY =           0.00




         TIME SUMMARY AT END OF TIME STEP    5 IN STRESS PERIOD   12
                    SECONDS     MINUTES      HOURS       DAYS        YEARS
                    -----------------------------------------------------------
   TIME STEP LENGTH 1.20960E+05  2016.0      33.600      1.4000     3.83299E-03
 STRESS PERIOD TIME 6.04800E+05  10080.      168.00      7.0000     1.91650E-02
         TOTAL TIME 7.25760E+06 1.20960E+05  2016.0      84.000     0.22998    


end timestep


start timestep kper="13" kstp="1" mode="normal"


 OUTPUT CONTROL FOR STRESS PERIOD 13 IS REPEATED USING SETTINGS FROM A PREVIOUS STRESS PERIOD.

end timestep


start timestep kper="13" kstp="2" mode="normal"


end timestep


start timestep kper="13" kstp="3" mode="normal"


end timestep


start timestep kper="13" kstp="4" mode="normal"


end timestep


start timestep kper="13" kstp="5" mode="normal"


 HEAD WILL BE SAVED ON UNIT 1014 AT END OF TIME STEP    5, STRESS PERIOD   13


  VOLUME BUDGET FOR ENTIRE MODEL AT END OF TIME STEP    5, STRESS PERIOD  13
  ---------------------------------------------------------------------------------------------------

     CUMULATIVE VOLUME      L**3       RATES FOR THIS TIME STEP      L**3/T          PACKAGE NAME    
     ------------------                 ------------------------                     ----------------

           IN:                                      IN:
           ---                                      ---
              STO-SS =      569408.7147                STO-SS =        6225.3628     STORAGE                          
                 GHB =        4553.4868                   GHB =          81.9141     GHB                              

            TOTAL IN =      573962.2015              TOTAL IN =        6307.2769

          OUT:                                     OUT:
          ----                                     ----
              STO-SS =      569408.7147                STO-SS =        6225.3628     STORAGE                          
                 GHB =        4553.4868                   GHB =          81.9141     GHB                              

           TOTAL OUT =      573962.2015             TOTAL OUT =        6307.2769

            IN - OUT =       6.1300E-06              IN - OUT =       1.9495E-08

 PERCENT DISCREPANCY =           0.00     PERCENT DISCREPANCY =           0.00




         TIME SUMMARY AT END OF TIME STEP    5 IN STRESS PERIOD   13
                    SECONDS     MINUTES      HOURS       DAYS        YEARS
                    -----------------------------------------------------------
   TIME STEP LENGTH 1.20960E+05  2016.0      33.600      1.4000     3.83299E-03
 STRESS PERIOD TIME 6.04800E+05  10080.      168.00      7.0000     1.91650E-02
         TOTAL TIME 7.86240E+06 1.31040E+05  2184.0      91.000     0.24914    


end timestep


start timestep kper="14" kstp="1" mode="normal"


 OUTPUT CONTROL FOR STRESS PERIOD 14 IS REPEATED USING SETTINGS FROM A PREVIOUS STRESS PERIOD.

end timestep


start timestep kper="14" kstp="2" mode="normal"


end timestep


start timestep kper="14" kstp="3" mode="normal"


end timestep


start timestep kper="14" kstp="4" mode="normal"


end timestep


start timestep kper="14" kstp="5" mode="normal"


 HEAD WILL BE SAVED ON UNIT 1014 AT END OF TIME STEP    5, STRESS PERIOD   14


  VOLUME BUDGET FOR ENTIRE MODEL AT END OF TIME STEP    5, STRESS PERIOD  14
  ---------------------------------------------------------------------------------------------------

     CUMULATIVE VOLUME      L**3       RATES FOR THIS TIME STEP      L**3/T          PACKAGE NAME    
     ------------------                 ------------------------                     ----------------

           IN:                                      IN:
           ---                                      ---
              STO-SS =      612970.3868                STO-SS =        6221.6034     STORAGE                          
                 GHB =        5142.7532                   GHB =          85.6735     GHB                              

            TOTAL IN =      618113.1400              TOTAL IN =        6307.2769

          OUT:                                     OUT:
          ----                                     ----
              STO-SS =      612970.3868                STO-SS =        6221.6034     STORAGE                          
                 GHB =        5142.7532                   GHB =          85.6735     GHB                              

           TOTAL OUT =      618113.1399             TOTAL OUT =        6307.2769

            IN - OUT =       6.8679E-06              IN - OUT =       2.0634E-08

 PERCENT DISCREPANCY =           0.00     PERCENT DISCREPANCY =           0.00




         TIME SUMMARY AT END OF TIME STEP    5 IN STRESS PERIOD   14
                    SECONDS     MINUTES      HOURS       DAYS        YEARS
                    -----------------------------------------------------------
   TIME STEP LENGTH 1.20960E+05  2016.0      33.600      1.4000     3.83299E-03
 STRESS PERIOD TIME 6.04800E+05  10080.      168.00      7.0000     1.91650E-02
         TOTAL TIME 8.46720E+06 1.41120E+05  2352.0      98.000     0.26831    


end timestep


start timestep kper="15" kstp="1" mode="normal"


 OUTPUT CONTROL FOR STRESS PERIOD 15 IS REPEATED USING SETTINGS FROM A PREVIOUS STRESS PERIOD.

end timestep


start timestep kper="15" kstp="2" mode="normal"


end timestep


start timestep kper="15" kstp="3" mode="normal"


end timestep


start timestep kper="15" kstp="4" mode="normal"


end timestep


start timestep kper="15" kstp="5" mode="normal"


 HEAD WILL BE SAVED ON UNIT 1014 AT END OF TIME STEP    5, STRESS PERIOD   15


  VOLUME BUDGET FOR ENTIRE MODEL AT END OF TIME STEP    5, STRESS PERIOD  15
  ---------------------------------------------------------------------------------------------------

     CUMULATIVE VOLUME      L**3       RATES FOR THIS TIME STEP      L**3/T          PACKAGE NAME    
     ------------------                 ------------------------                     ----------------

           IN:                                      IN:
           ---                                      ---
              STO-SS =      656506.3065                STO-SS =        6217.9763     STORAGE                          
                 GHB =        5757.7719                   GHB =          89.3006     GHB                              

            TOTAL IN =      662264.0784              TOTAL IN =        6307.2769

          OUT:                                     OUT:
          ----                                     ----
              STO-SS =      656506.3065                STO-SS =        6217.9763     STORAGE                          
                 GHB =        5757.7719                   GHB =          89.3006     GHB                              

           TOTAL OUT =      662264.0784             TOTAL OUT =        6307.2769

            IN - OUT =       7.1906E-06              IN - OUT =       3.0527E-08

 PERCENT DISCREPANCY =           0.00     PERCENT DISCREPANCY =           0.00




         TIME SUMMARY AT END OF TIME STEP    5 IN STRESS PERIOD   15
                    SECONDS     MINUTES      HOURS       DAYS        YEARS
                    -----------------------------------------------------------
   TIME STEP LENGTH 1.20960E+05  2016.0      33.600      1.4000     3.83299E-03
 STRESS PERIOD TIME 6.04800E+05  10080.      168.00      7.0000     1.91650E-02
         TOTAL TIME 9.07200E+06 1.51200E+05  2520.0      105.00     0.28747    


end timestep


start timestep kper="16" kstp="1" mode="normal"


 OUTPUT CONTROL FOR STRESS PERIOD 16 IS REPEATED USING SETTINGS FROM A PREVIOUS STRESS PERIOD.

end timestep


start timestep kper="16" kstp="2" mode="normal"


end timestep


start timestep kper="16" kstp="3" mode="normal"


end timestep


start timestep kper="16" kstp="4" mode="normal"


end timestep


start timestep kper="16" kstp="5" mode="normal"


 HEAD WILL BE SAVED ON UNIT 1014 AT END OF TIME STEP    5, STRESS PERIOD   16


  VOLUME BUDGET FOR ENTIRE MODEL AT END OF TIME STEP    5, STRESS PERIOD  16
  ---------------------------------------------------------------------------------------------------

     CUMULATIVE VOLUME      L**3       RATES FOR THIS TIME STEP      L**3/T          PACKAGE NAME    
     ------------------                 ------------------------                     ----------------

           IN:                                      IN:
           ---                                      ---
              STO-SS =      700017.3452                STO-SS =        6214.4688     STORAGE                          
                 GHB =        6397.6717                   GHB =          92.8082     GHB                              

            TOTAL IN =      706415.0169              TOTAL IN =        6307.2769

          OUT:                                     OUT:
          ----                                     ----
              STO-SS =      700017.3452                STO-SS =        6214.4688     STORAGE                          
                 GHB =        6397.6717                   GHB =          92.8082     GHB                              

           TOTAL OUT =      706415.0169             TOTAL OUT =        6307.2769

            IN - OUT =       7.8182E-06              IN - OUT =       7.4331E-08

 PERCENT DISCREPANCY =           0.00     PERCENT DISCREPANCY =           0.00




         TIME SUMMARY AT END OF TIME STEP    5 IN STRESS PERIOD   16
                    SECONDS     MINUTES      HOURS       DAYS        YEARS
                    -----------------------------------------------------------
   TIME STEP LENGTH 1.20960E+05  2016.0      33.600      1.4000     3.83299E-03
 STRESS PERIOD TIME 6.04800E+05  10080.      168.00      7.0000     1.91650E-02
         TOTAL TIME 9.67680E+06 1.61280E+05  2688.0      112.00     0.30664    


end timestep


start timestep kper="17" kstp="1" mode="normal"


 OUTPUT CONTROL FOR STRESS PERIOD 17 IS REPEATED USING SETTINGS FROM A PREVIOUS STRESS PERIOD.

end timestep


start timestep kper="17" kstp="2" mode="normal"


end timestep


start timestep kper="17" kstp="3" mode="normal"


end timestep


start timestep kper="17" kstp="4" mode="normal"


end timestep


start timestep kper="17" kstp="5" mode="normal"


 HEAD WILL BE SAVED ON UNIT 1014 AT END OF TIME STEP    5, STRESS PERIOD   17


  VOLUME BUDGET FOR ENTIRE MODEL AT END OF TIME STEP    5, STRESS PERIOD  17
  ---------------------------------------------------------------------------------------------------

     CUMULATIVE VOLUME      L**3       RATES FOR THIS TIME STEP      L**3/T          PACKAGE NAME    
     ------------------                 ------------------------                     ----------------

           IN:                                      IN:
           ---                                      ---
              STO-SS =      743504.2933                STO-SS =        6211.0699     STORAGE                          
                 GHB =        7061.6620                   GHB =          96.2070     GHB                              

            TOTAL IN =      750565.9553              TOTAL IN =        6307.2769

          OUT:                                     OUT:
          ----                                     ----
              STO-SS =      743504.2933                STO-SS =        6211.0699     STORAGE                          
                 GHB =        7061.6620                   GHB =          96.2070     GHB                              

           TOTAL OUT =      750565.9553             TOTAL OUT =        6307.2769

            IN - OUT =       8.3474E-06              IN - OUT =       6.4355E-08

 PERCENT DISCREPANCY =           0.00     PERCENT DISCREPANCY =           0.00




         TIME SUMMARY AT END OF TIME STEP    5 IN STRESS PERIOD   17
                    SECONDS     MINUTES      HOURS       DAYS        YEARS
                    -----------------------------------------------------------
   TIME STEP LENGTH 1.20960E+05  2016.0      33.600      1.4000     3.83299E-03
 STRESS PERIOD TIME 6.04800E+05  10080.      168.00      7.0000     1.91650E-02
         TOTAL TIME 1.02816E+07 1.71360E+05  2856.0      119.00     0.32580    


end timestep


start timestep kper="18" kstp="1" mode="normal"


 OUTPUT CONTROL FOR STRESS PERIOD 18 IS REPEATED USING SETTINGS FROM A PREVIOUS STRESS PERIOD.

end timestep


start timestep kper="18" kstp="2" mode="normal"


end timestep


start timestep kper="18" kstp="3" mode="normal"


end timestep


start timestep kper="18" kstp="4" mode="normal"


end timestep


start timestep kper="18" kstp="5" mode="normal"


 HEAD WILL BE SAVED ON UNIT 1014 AT END OF TIME STEP    5, STRESS PERIOD   18


  VOLUME BUDGET FOR ENTIRE MODEL AT END OF TIME STEP    5, STRESS PERIOD  18
  ---------------------------------------------------------------------------------------------------

     CUMULATIVE VOLUME      L**3       RATES FOR THIS TIME STEP      L**3/T          PACKAGE NAME    
     ------------------                 ------------------------                     ----------------

           IN:                                      IN:
           ---                                      ---
              STO-SS =      786967.8724                STO-SS =        6207.7706     STORAGE                          
                 GHB =        7749.0214                   GHB =          99.5063     GHB                              

            TOTAL IN =      794716.8938              TOTAL IN =        6307.2769

          OUT:                                     OUT:
          ----                                     ----
              STO-SS =      786967.8724                STO-SS =        6207.7706     STORAGE                          
                 GHB =        7749.0214                   GHB =          99.5063     GHB                              

           TOTAL OUT =      794716.8938             TOTAL OUT =        6307.2769

            IN - OUT =       8.8931E-06              IN - OUT =       5.7744E-08

 PERCENT DISCREPANCY =           0.00     PERCENT DISCREPANCY =           0.00




         TIME SUMMARY AT END OF TIME STEP    5 IN STRESS PERIOD   18
                    SECONDS     MINUTES      HOURS       DAYS        YEARS
                    -----------------------------------------------------------
   TIME STEP LENGTH 1.20960E+05  2016.0      33.600      1.4000     3.83299E-03
 STRESS PERIOD TIME 6.04800E+05  10080.      168.00      7.0000     1.91650E-02
         TOTAL TIME 1.08864E+07 1.81440E+05  3024.0      126.00     0.34497    


end timestep


start timestep kper="19" kstp="1" mode="normal"


 OUTPUT CONTROL FOR STRESS PERIOD 19 IS REPEATED USING SETTINGS FROM A PREVIOUS STRESS PERIOD.

end timestep


start timestep kper="19" kstp="2" mode="normal"


end timestep


start timestep kper="19" kstp="3" mode="normal"


end timestep


start timestep kper="19" kstp="4" mode="normal"


end timestep


start timestep kper="19" kstp="5" mode="normal"


 HEAD WILL BE SAVED ON UNIT 1014 AT END OF TIME STEP    5, STRESS PERIOD   19


  VOLUME BUDGET FOR ENTIRE MODEL AT END OF TIME STEP    5, STRESS PERIOD  19
  ---------------------------------------------------------------------------------------------------

     CUMULATIVE VOLUME      L**3       RATES FOR THIS TIME STEP      L**3/T          PACKAGE NAME    
     ------------------                 ------------------------                     ----------------

           IN:                                      IN:
           ---                                      ---
              STO-SS =      830408.7444                STO-SS =        6204.5627     STORAGE                          
                 GHB =        8459.0879                   GHB =         102.7142     GHB                              

            TOTAL IN =      838867.8323              TOTAL IN =        6307.2769

          OUT:                                     OUT:
          ----                                     ----
              STO-SS =      830408.7444                STO-SS =        6204.5627     STORAGE                          
                 GHB =        8459.0879                   GHB =         102.7142     GHB                              

           TOTAL OUT =      838867.8323             TOTAL OUT =        6307.2769

            IN - OUT =       9.2712E-06              IN - OUT =       8.2577E-08

 PERCENT DISCREPANCY =           0.00     PERCENT DISCREPANCY =           0.00




         TIME SUMMARY AT END OF TIME STEP    5 IN STRESS PERIOD   19
                    SECONDS     MINUTES      HOURS       DAYS        YEARS
                    -----------------------------------------------------------
   TIME STEP LENGTH 1.20960E+05  2016.0      33.600      1.4000     3.83299E-03
 STRESS PERIOD TIME 6.04800E+05  10080.      168.00      7.0000     1.91650E-02
         TOTAL TIME 1.14912E+07 1.91520E+05  3192.0      133.00     0.36413    


end timestep


start timestep kper="20" kstp="1" mode="normal"


 OUTPUT CONTROL FOR STRESS PERIOD 20 IS REPEATED USING SETTINGS FROM A PREVIOUS STRESS PERIOD.

end timestep


start timestep kper="20" kstp="2" mode="normal"


end timestep


start timestep kper="20" kstp="3" mode="normal"


end timestep


start timestep kper="20" kstp="4" mode="normal"


end timestep


start timestep kper="20" kstp="5" mode="normal"


 HEAD WILL BE SAVED ON UNIT 1014 AT END OF TIME STEP    5, STRESS PERIOD   20


  VOLUME BUDGET FOR ENTIRE MODEL AT END OF TIME STEP    5, STRESS PERIOD  20
  ---------------------------------------------------------------------------------------------------

     CUMULATIVE VOLUME      L**3       RATES FOR THIS TIME STEP      L**3/T          PACKAGE NAME    
     ------------------                 ------------------------                     ----------------

           IN:                                      IN:
           ---                                      ---
              STO-SS =      873827.5194                STO-SS =        6201.4393     STORAGE                          
                 GHB =        9191.2513                   GHB =         105.8377     GHB                              

            TOTAL IN =      883018.7707              TOTAL IN =        6307.2769

          OUT:                                     OUT:
          ----                                     ----
              STO-SS =      873827.5194                STO-SS =        6201.4393     STORAGE                          
                 GHB =        9191.2513                   GHB =         105.8377     GHB                              

           TOTAL OUT =      883018.7707             TOTAL OUT =        6307.2769

            IN - OUT =       9.9017E-06              IN - OUT =       1.1954E-07

 PERCENT DISCREPANCY =           0.00     PERCENT DISCREPANCY =           0.00




         TIME SUMMARY AT END OF TIME STEP    5 IN STRESS PERIOD   20
                    SECONDS     MINUTES      HOURS       DAYS        YEARS
                    -----------------------------------------------------------
   TIME STEP LENGTH 1.20960E+05  2016.0      33.600      1.4000     3.83299E-03
 STRESS PERIOD TIME 6.04800E+05  10080.      168.00      7.0000     1.91650E-02
         TOTAL TIME 1.20960E+07 2.01600E+05  3360.0      140.00     0.38330    


end timestep


start timestep kper="21" kstp="1" mode="normal"


 OUTPUT CONTROL FOR STRESS PERIOD 21 IS REPEATED USING SETTINGS FROM A PREVIOUS STRESS PERIOD.

end timestep


start timestep kper="21" kstp="2" mode="normal"


end timestep


start timestep kper="21" kstp="3" mode="normal"


end timestep


start timestep kper="21" kstp="4" mode="normal"


end timestep


start timestep kper="21" kstp="5" mode="normal"


 HEAD WILL BE SAVED ON UNIT 1014 AT END OF TIME STEP    5, STRESS PERIOD   21


  VOLUME BUDGET FOR ENTIRE MODEL AT END OF TIME STEP    5, STRESS PERIOD  21
  ---------------------------------------------------------------------------------------------------

     CUMULATIVE VOLUME      L**3       RATES FOR THIS TIME STEP      L**3/T          PACKAGE NAME    
     ------------------                 ------------------------                     ----------------

           IN:                                      IN:
           ---                                      ---
              STO-SS =      917224.7624                STO-SS =        6198.3941     STORAGE                          
                 GHB =        9944.9468                   GHB =         108.8828     GHB                              

            TOTAL IN =      927169.7092              TOTAL IN =        6307.2769

          OUT:                                     OUT:
          ----                                     ----
              STO-SS =      917224.7624                STO-SS =        6198.3941     STORAGE                          
                 GHB =        9944.9468                   GHB =         108.8828     GHB                              

           TOTAL OUT =      927169.7092             TOTAL OUT =        6307.2769

            IN - OUT =       1.0377E-05              IN - OUT =       7.5738E-08

 PERCENT DISCREPANCY =           0.00     PERCENT DISCREPANCY =           0.00




         TIME SUMMARY AT END OF TIME STEP    5 IN STRESS PERIOD   21
                    SECONDS     MINUTES      HOURS       DAYS        YEARS
                    -----------------------------------------------------------
   TIME STEP LENGTH 1.20960E+05  2016.0      33.600      1.4000     3.83299E-03
 STRESS PERIOD TIME 6.04800E+05  10080.      168.00      7.0000     1.91650E-02
         TOTAL TIME 1.27008E+07 2.11680E+05  3528.0      147.00     0.40246    


end timestep


start timestep kper="22" kstp="1" mode="normal"


 OUTPUT CONTROL FOR STRESS PERIOD 22 IS REPEATED USING SETTINGS FROM A PREVIOUS STRESS PERIOD.

end timestep


start timestep kper="22" kstp="2" mode="normal"


end timestep


start timestep kper="22" kstp="3" mode="normal"


end timestep


start timestep kper="22" kstp="4" mode="normal"


end timestep


start timestep kper="22" kstp="5" mode="normal"


 HEAD WILL BE SAVED ON UNIT 1014 AT END OF TIME STEP    5, STRESS PERIOD   22


  VOLUME BUDGET FOR ENTIRE MODEL AT END OF TIME STEP    5, STRESS PERIOD  22
  ---------------------------------------------------------------------------------------------------

     CUMULATIVE VOLUME      L**3       RATES FOR THIS TIME STEP      L**3/T          PACKAGE NAME    
     ------------------                 ------------------------                     ----------------

           IN:                                      IN:
           ---                                      ---
              STO-SS =      960600.9981                STO-SS =        6195.4218     STORAGE                          
                 GHB =       10719.6496                   GHB =         111.8551     GHB                              

            TOTAL IN =      971320.6477              TOTAL IN =        6307.2769

          OUT:                                     OUT:
          ----                                     ----
              STO-SS =      960600.9981                STO-SS =        6195.4218     STORAGE                          
                 GHB =       10719.6496                   GHB =         111.8551     GHB                              

           TOTAL OUT =      971320.6477             TOTAL OUT =        6307.2769

            IN - OUT =       1.0788E-05              IN - OUT =       4.6464E-08

 PERCENT DISCREPANCY =           0.00     PERCENT DISCREPANCY =           0.00




         TIME SUMMARY AT END OF TIME STEP    5 IN STRESS PERIOD   22
                    SECONDS     MINUTES      HOURS       DAYS        YEARS
                    -----------------------------------------------------------
   TIME STEP LENGTH 1.20960E+05  2016.0      33.600      1.4000     3.83299E-03
 STRESS PERIOD TIME 6.04800E+05  10080.      168.00      7.0000     1.91650E-02
         TOTAL TIME 1.33056E+07 2.21760E+05  3696.0      154.00     0.42163    


end timestep


start timestep kper="23" kstp="1" mode="normal"


 OUTPUT CONTROL FOR STRESS PERIOD 23 IS REPEATED USING SETTINGS FROM A PREVIOUS STRESS PERIOD.

end timestep


start timestep kper="23" kstp="2" mode="normal"


end timestep


start timestep kper="23" kstp="3" mode="normal"


end timestep


start timestep kper="23" kstp="4" mode="normal"


end timestep


start timestep kper="23" kstp="5" mode="normal"


 HEAD WILL BE SAVED ON UNIT 1014 AT END OF TIME STEP    5, STRESS PERIOD   23


  VOLUME BUDGET FOR ENTIRE MODEL AT END OF TIME STEP    5, STRESS PERIOD  23
  ---------------------------------------------------------------------------------------------------

     CUMULATIVE VOLUME      L**3       RATES FOR THIS TIME STEP      L**3/T          PACKAGE NAME    
     ------------------                 ------------------------                     ----------------

           IN:                                      IN:
           ---                                      ---
              STO-SS =     1003956.7158                STO-SS =        6192.5175     STORAGE                          
                 GHB =       11514.8703                   GHB =         114.7594     GHB                              

            TOTAL IN =     1015471.5861              TOTAL IN =        6307.2769

          OUT:                                     OUT:
          ----                                     ----
              STO-SS =     1003956.7158                STO-SS =        6192.5175     STORAGE                          
                 GHB =       11514.8703                   GHB =         114.7594     GHB                              

           TOTAL OUT =     1015471.5861             TOTAL OUT =        6307.2769

            IN - OUT =       1.1259E-05              IN - OUT =       1.0392E-07

 PERCENT DISCREPANCY =           0.00     PERCENT DISCREPANCY =           0.00




         TIME SUMMARY AT END OF TIME STEP    5 IN STRESS PERIOD   23
                    SECONDS     MINUTES      HOURS       DAYS        YEARS
                    -----------------------------------------------------------
   TIME STEP LENGTH 1.20960E+05  2016.0      33.600      1.4000     3.83299E-03
 STRESS PERIOD TIME 6.04800E+05  10080.      168.00      7.0000     1.91650E-02
         TOTAL TIME 1.39104E+07 2.31840E+05  3864.0      161.00     0.44079    


end timestep


start timestep kper="24" kstp="1" mode="normal"


 OUTPUT CONTROL FOR STRESS PERIOD 24 IS REPEATED USING SETTINGS FROM A PREVIOUS STRESS PERIOD.

end timestep


start timestep kper="24" kstp="2" mode="normal"


end timestep


start timestep kper="24" kstp="3" mode="normal"


end timestep


start timestep kper="24" kstp="4" mode="normal"


end timestep


start timestep kper="24" kstp="5" mode="normal"


 HEAD WILL BE SAVED ON UNIT 1014 AT END OF TIME STEP    5, STRESS PERIOD   24


  VOLUME BUDGET FOR ENTIRE MODEL AT END OF TIME STEP    5, STRESS PERIOD  24
  ---------------------------------------------------------------------------------------------------

     CUMULATIVE VOLUME      L**3       RATES FOR THIS TIME STEP      L**3/T          PACKAGE NAME    
     ------------------                 ------------------------                     ----------------

           IN:                                      IN:
           ---                                      ---
              STO-SS =     1047292.3731                STO-SS =        6189.6769     STORAGE                          
                 GHB =       12330.1515                   GHB =         117.6001     GHB                              

            TOTAL IN =     1059622.5246              TOTAL IN =        6307.2769

          OUT:                                     OUT:
          ----                                     ----
              STO-SS =     1047292.3731                STO-SS =        6189.6769     STORAGE                          
                 GHB =       12330.1515                   GHB =         117.6001     GHB                              

           TOTAL OUT =     1059622.5246             TOTAL OUT =        6307.2769

            IN - OUT =       1.1771E-05              IN - OUT =       6.7218E-08

 PERCENT DISCREPANCY =           0.00     PERCENT DISCREPANCY =           0.00




         TIME SUMMARY AT END OF TIME STEP    5 IN STRESS PERIOD   24
                    SECONDS     MINUTES      HOURS       DAYS        YEARS
                    -----------------------------------------------------------
   TIME STEP LENGTH 1.20960E+05  2016.0      33.600      1.4000     3.83299E-03
 STRESS PERIOD TIME 6.04800E+05  10080.      168.00      7.0000     1.91650E-02
         TOTAL TIME 1.45152E+07 2.41920E+05  4032.0      168.00     0.45996    


end timestep


start timestep kper="25" kstp="1" mode="normal"


 OUTPUT CONTROL FOR STRESS PERIOD 25 IS REPEATED USING SETTINGS FROM A PREVIOUS STRESS PERIOD.

end timestep


start timestep kper="25" kstp="2" mode="normal"


end timestep


start timestep kper="25" kstp="3" mode="normal"


end timestep


start timestep kper="25" kstp="4" mode="normal"


end timestep


start timestep kper="25" kstp="5" mode="normal"


 HEAD WILL BE SAVED ON UNIT 1014 AT END OF TIME STEP    5, STRESS PERIOD   25


  VOLUME BUDGET FOR ENTIRE MODEL AT END OF TIME STEP    5, STRESS PERIOD  25
  ---------------------------------------------------------------------------------------------------

     CUMULATIVE VOLUME      L**3       RATES FOR THIS TIME STEP      L**3/T          PACKAGE NAME    
     ------------------                 ------------------------                     ----------------

           IN:                                      IN:
           ---                                      ---
              STO-SS =     1090608.3992                STO-SS =        6186.8960     STORAGE                          
                 GHB =       13165.0639                   GHB =         120.3809     GHB                              

            TOTAL IN =     1103773.4631              TOTAL IN =        6307.2769

          OUT:                                     OUT:
          ----                                     ----
              STO-SS =     1090608.3991                STO-SS =        6186.8960     STORAGE                          
                 GHB =       13165.0639                   GHB =         120.3809     GHB                              

           TOTAL OUT =     1103773.4630             TOTAL OUT =        6307.2769

            IN - OUT =       1.2224E-05              IN - OUT =       6.6552E-08

 PERCENT DISCREPANCY =           0.00     PERCENT DISCREPANCY =           0.00




         TIME SUMMARY AT END OF TIME STEP    5 IN STRESS PERIOD   25
                    SECONDS     MINUTES      HOURS       DAYS        YEARS
                    -----------------------------------------------------------
   TIME STEP LENGTH 1.20960E+05  2016.0      33.600      1.4000     3.83299E-03
 STRESS PERIOD TIME 6.04800E+05  10080.      168.00      7.0000     1.91650E-02
         TOTAL TIME 1.51200E+07 2.52000E+05  4200.0      175.00     0.47912    


end timestep


start timestep kper="26" kstp="1" mode="normal"


 OUTPUT CONTROL FOR STRESS PERIOD 26 IS REPEATED USING SETTINGS FROM A PREVIOUS STRESS PERIOD.

end timestep


start timestep kper="26" kstp="2" mode="normal"


end timestep


start timestep kper="26" kstp="3" mode="normal"


end timestep


start timestep kper="26" kstp="4" mode="normal"


end timestep


start timestep kper="26" kstp="5" mode="normal"


 HEAD WILL BE SAVED ON UNIT 1014 AT END OF TIME STEP    5, STRESS PERIOD   26


  VOLUME BUDGET FOR ENTIRE MODEL AT END OF TIME STEP    5, STRESS PERIOD  26
  ---------------------------------------------------------------------------------------------------

     CUMULATIVE VOLUME      L**3       RATES FOR THIS TIME STEP      L**3/T          PACKAGE NAME    
     ------------------                 ------------------------                     ----------------

           IN:                                      IN:
           ---                                      ---
              STO-SS =     1133905.1977                STO-SS =        6184.1715     STORAGE                          
                 GHB =       14019.2039                   GHB =         123.1054     GHB                              

            TOTAL IN =     1147924.4015              TOTAL IN =        6307.2769

          OUT:                                     OUT:
          ----                                     ----
              STO-SS =     1133905.1976                STO-SS =        6184.1715     STORAGE                          
                 GHB =       14019.2039                   GHB =         123.1054     GHB                              

           TOTAL OUT =     1147924.4015             TOTAL OUT =        6307.2769

            IN - OUT =       1.2654E-05              IN - OUT =       4.4083E-08

 PERCENT DISCREPANCY =           0.00     PERCENT DISCREPANCY =           0.00




         TIME SUMMARY AT END OF TIME STEP    5 IN STRESS PERIOD   26
                    SECONDS     MINUTES      HOURS       DAYS        YEARS
                    -----------------------------------------------------------
   TIME STEP LENGTH 1.20960E+05  2016.0      33.600      1.4000     3.83299E-03
 STRESS PERIOD TIME 6.04800E+05  10080.      168.00      7.0000     1.91650E-02
         TOTAL TIME 1.57248E+07 2.62080E+05  4368.0      182.00     0.49829    


end timestep


start timestep kper="27" kstp="1" mode="normal"


 OUTPUT CONTROL FOR STRESS PERIOD 27 IS REPEATED USING SETTINGS FROM A PREVIOUS STRESS PERIOD.

end timestep


start timestep kper="27" kstp="2" mode="normal"


end timestep


start timestep kper="27" kstp="3" mode="normal"


end timestep


start timestep kper="27" kstp="4" mode="normal"


end timestep


start timestep kper="27" kstp="5" mode="normal"


 HEAD WILL BE SAVED ON UNIT 1014 AT END OF TIME STEP    5, STRESS PERIOD   27


  VOLUME BUDGET FOR ENTIRE MODEL AT END OF TIME STEP    5, STRESS PERIOD  27
  ---------------------------------------------------------------------------------------------------

     CUMULATIVE VOLUME      L**3       RATES FOR THIS TIME STEP      L**3/T          PACKAGE NAME    
     ------------------                 ------------------------                     ----------------

           IN:                                      IN:
           ---                                      ---
              STO-SS =     1177183.1491                STO-SS =        6181.5000     STORAGE                          
                 GHB =       14892.1909                   GHB =         125.7769     GHB                              

            TOTAL IN =     1192075.3400              TOTAL IN =        6307.2769

          OUT:                                     OUT:
          ----                                     ----
              STO-SS =     1177183.1490                STO-SS =        6181.5000     STORAGE                          
                 GHB =       14892.1909                   GHB =         125.7769     GHB                              

           TOTAL OUT =     1192075.3400             TOTAL OUT =        6307.2769

            IN - OUT =       1.3119E-05              IN - OUT =       6.8794E-08

 PERCENT DISCREPANCY =           0.00     PERCENT DISCREPANCY =           0.00




         TIME SUMMARY AT END OF TIME STEP    5 IN STRESS PERIOD   27
                    SECONDS     MINUTES      HOURS       DAYS        YEARS
                    -----------------------------------------------------------
   TIME STEP LENGTH 1.20960E+05  2016.0      33.600      1.4000     3.83299E-03
 STRESS PERIOD TIME 6.04800E+05  10080.      168.00      7.0000     1.91650E-02
         TOTAL TIME 1.63296E+07 2.72160E+05  4536.0      189.00     0.51745    


end timestep


start timestep kper="28" kstp="1" mode="normal"


 OUTPUT CONTROL FOR STRESS PERIOD 28 IS REPEATED USING SETTINGS FROM A PREVIOUS STRESS PERIOD.

end timestep


start timestep kper="28" kstp="2" mode="normal"


end timestep


start timestep kper="28" kstp="3" mode="normal"


end timestep


start timestep kper="28" kstp="4" mode="normal"


end timestep


start timestep kper="28" kstp="5" mode="normal"


 HEAD WILL BE SAVED ON UNIT 1014 AT END OF TIME STEP    5, STRESS PERIOD   28


  VOLUME BUDGET FOR ENTIRE MODEL AT END OF TIME STEP    5, STRESS PERIOD  28
  ---------------------------------------------------------------------------------------------------

     CUMULATIVE VOLUME      L**3       RATES FOR THIS TIME STEP      L**3/T          PACKAGE NAME    
     ------------------                 ------------------------                     ----------------

           IN:                                      IN:
           ---                                      ---
              STO-SS =     1220442.6128                STO-SS =        6178.8788     STORAGE                          
                 GHB =       15783.6656                   GHB =         128.3981     GHB                              

            TOTAL IN =     1236226.2784              TOTAL IN =        6307.2769

          OUT:                                     OUT:
          ----                                     ----
              STO-SS =     1220442.6128                STO-SS =        6178.8788     STORAGE                          
                 GHB =       15783.6656                   GHB =         128.3981     GHB                              

           TOTAL OUT =     1236226.2784             TOTAL OUT =        6307.2769

            IN - OUT =       1.3448E-05              IN - OUT =       2.6363E-08

 PERCENT DISCREPANCY =           0.00     PERCENT DISCREPANCY =           0.00




         TIME SUMMARY AT END OF TIME STEP    5 IN STRESS PERIOD   28
                    SECONDS     MINUTES      HOURS       DAYS        YEARS
                    -----------------------------------------------------------
   TIME STEP LENGTH 1.20960E+05  2016.0      33.600      1.4000     3.83299E-03
 STRESS PERIOD TIME 6.04800E+05  10080.      168.00      7.0000     1.91650E-02
         TOTAL TIME 1.69344E+07 2.82240E+05  4704.0      196.00     0.53662    


end timestep


start timestep kper="29" kstp="1" mode="normal"


 OUTPUT CONTROL FOR STRESS PERIOD 29 IS REPEATED USING SETTINGS FROM A PREVIOUS STRESS PERIOD.

end timestep


start timestep kper="29" kstp="2" mode="normal"


end timestep


start timestep kper="29" kstp="3" mode="normal"


end timestep


start timestep kper="29" kstp="4" mode="normal"


end timestep


start timestep kper="29" kstp="5" mode="normal"


 HEAD WILL BE SAVED ON UNIT 1014 AT END OF TIME STEP    5, STRESS PERIOD   29


  VOLUME BUDGET FOR ENTIRE MODEL AT END OF TIME STEP    5, STRESS PERIOD  29
  ---------------------------------------------------------------------------------------------------

     CUMULATIVE VOLUME      L**3       RATES FOR THIS TIME STEP      L**3/T          PACKAGE NAME    
     ------------------                 ------------------------                     ----------------

           IN:                                      IN:
           ---                                      ---
              STO-SS =     1263683.9292                STO-SS =        6176.3052     STORAGE                          
                 GHB =       16693.2877                   GHB =         130.9718     GHB                              

            TOTAL IN =     1280377.2169              TOTAL IN =        6307.2769

          OUT:                                     OUT:
          ----                                     ----
              STO-SS =     1263683.9292                STO-SS =        6176.3052     STORAGE                          
                 GHB =       16693.2877                   GHB =         130.9718     GHB                              

           TOTAL OUT =     1280377.2169             TOTAL OUT =        6307.2769

            IN - OUT =       1.3845E-05              IN - OUT =       8.1515E-08

 PERCENT DISCREPANCY =           0.00     PERCENT DISCREPANCY =           0.00




         TIME SUMMARY AT END OF TIME STEP    5 IN STRESS PERIOD   29
                    SECONDS     MINUTES      HOURS       DAYS        YEARS
                    -----------------------------------------------------------
   TIME STEP LENGTH 1.20960E+05  2016.0      33.600      1.4000     3.83299E-03
 STRESS PERIOD TIME 6.04800E+05  10080.      168.00      7.0000     1.91650E-02
         TOTAL TIME 1.75392E+07 2.92320E+05  4872.0      203.00     0.55578    


end timestep


start timestep kper="30" kstp="1" mode="normal"


 OUTPUT CONTROL FOR STRESS PERIOD 30 IS REPEATED USING SETTINGS FROM A PREVIOUS STRESS PERIOD.

end timestep


start timestep kper="30" kstp="2" mode="normal"


end timestep


start timestep kper="30" kstp="3" mode="normal"


end timestep


start timestep kper="30" kstp="4" mode="normal"


end timestep


start timestep kper="30" kstp="5" mode="normal"


 HEAD WILL BE SAVED ON UNIT 1014 AT END OF TIME STEP    5, STRESS PERIOD   30


  VOLUME BUDGET FOR ENTIRE MODEL AT END OF TIME STEP    5, STRESS PERIOD  30
  ---------------------------------------------------------------------------------------------------

     CUMULATIVE VOLUME      L**3       RATES FOR THIS TIME STEP      L**3/T          PACKAGE NAME    
     ------------------                 ------------------------                     ----------------

           IN:                                      IN:
           ---                                      ---
              STO-SS =     1306907.4211                STO-SS =        6173.7767     STORAGE                          
                 GHB =       17620.7343                   GHB =         133.5002     GHB                              

            TOTAL IN =     1324528.1554              TOTAL IN =        6307.2769

          OUT:                                     OUT:
          ----                                     ----
              STO-SS =     1306907.4211                STO-SS =        6173.7767     STORAGE                          
                 GHB =       17620.7343                   GHB =         133.5002     GHB                              

           TOTAL OUT =     1324528.1554             TOTAL OUT =        6307.2769

            IN - OUT =       1.4306E-05              IN - OUT =       5.8875E-08

 PERCENT DISCREPANCY =           0.00     PERCENT DISCREPANCY =           0.00




         TIME SUMMARY AT END OF TIME STEP    5 IN STRESS PERIOD   30
                    SECONDS     MINUTES      HOURS       DAYS        YEARS
                    -----------------------------------------------------------
   TIME STEP LENGTH 1.20960E+05  2016.0      33.600      1.4000     3.83299E-03
 STRESS PERIOD TIME 6.04800E+05  10080.      168.00      7.0000     1.91650E-02
         TOTAL TIME 1.81440E+07 3.02400E+05  5040.0      210.00     0.57495    


end timestep


start timestep kper="31" kstp="1" mode="normal"


 OUTPUT CONTROL FOR STRESS PERIOD 31 IS REPEATED USING SETTINGS FROM A PREVIOUS STRESS PERIOD.

end timestep


start timestep kper="31" kstp="2" mode="normal"


end timestep


start timestep kper="31" kstp="3" mode="normal"


end timestep


start timestep kper="31" kstp="4" mode="normal"


end timestep


start timestep kper="31" kstp="5" mode="normal"


 HEAD WILL BE SAVED ON UNIT 1014 AT END OF TIME STEP    5, STRESS PERIOD   31


  VOLUME BUDGET FOR ENTIRE MODEL AT END OF TIME STEP    5, STRESS PERIOD  31
  ---------------------------------------------------------------------------------------------------

     CUMULATIVE VOLUME      L**3       RATES FOR THIS TIME STEP      L**3/T          PACKAGE NAME    
     ------------------                 ------------------------                     ----------------

           IN:                                      IN:
           ---                                      ---
              STO-SS =     1350113.3952                STO-SS =        6171.2911     STORAGE                          
                 GHB =       18565.6987                   GHB =         135.9858     GHB                              

            TOTAL IN =     1368679.0938              TOTAL IN =        6307.2769

          OUT:                                     OUT:
          ----                                     ----
              STO-SS =     1350113.3952                STO-SS =        6171.2911     STORAGE                          
                 GHB =       18565.6987                   GHB =         135.9858     GHB                              

           TOTAL OUT =     1368679.0938             TOTAL OUT =        6307.2769

            IN - OUT =       1.4855E-05              IN - OUT =       7.6170E-08

 PERCENT DISCREPANCY =           0.00     PERCENT DISCREPANCY =           0.00




         TIME SUMMARY AT END OF TIME STEP    5 IN STRESS PERIOD   31
                    SECONDS     MINUTES      HOURS       DAYS        YEARS
                    -----------------------------------------------------------
   TIME STEP LENGTH 1.20960E+05  2016.0      33.600      1.4000     3.83299E-03
 STRESS PERIOD TIME 6.04800E+05  10080.      168.00      7.0000     1.91650E-02
         TOTAL TIME 1.87488E+07 3.12480E+05  5208.0      217.00     0.59411    


end timestep


start timestep kper="32" kstp="1" mode="normal"


 OUTPUT CONTROL FOR STRESS PERIOD 32 IS REPEATED USING SETTINGS FROM A PREVIOUS STRESS PERIOD.

end timestep


start timestep kper="32" kstp="2" mode="normal"


end timestep


start timestep kper="32" kstp="3" mode="normal"


end timestep


start timestep kper="32" kstp="4" mode="normal"


end timestep


start timestep kper="32" kstp="5" mode="normal"


 HEAD WILL BE SAVED ON UNIT 1014 AT END OF TIME STEP    5, STRESS PERIOD   32


  VOLUME BUDGET FOR ENTIRE MODEL AT END OF TIME STEP    5, STRESS PERIOD  32
  ---------------------------------------------------------------------------------------------------

     CUMULATIVE VOLUME      L**3       RATES FOR THIS TIME STEP      L**3/T          PACKAGE NAME    
     ------------------                 ------------------------                     ----------------

           IN:                                      IN:
           ---                                      ---
              STO-SS =     1393302.1434                STO-SS =        6168.8465     STORAGE                          
                 GHB =       19527.8889                   GHB =         138.4304     GHB                              

            TOTAL IN =     1412830.0323              TOTAL IN =        6307.2769

          OUT:                                     OUT:
          ----                                     ----
              STO-SS =     1393302.1434                STO-SS =        6168.8465     STORAGE                          
                 GHB =       19527.8889                   GHB =         138.4304     GHB                              

           TOTAL OUT =     1412830.0323             TOTAL OUT =        6307.2769

            IN - OUT =       1.5462E-05              IN - OUT =       1.2844E-07

 PERCENT DISCREPANCY =           0.00     PERCENT DISCREPANCY =           0.00




         TIME SUMMARY AT END OF TIME STEP    5 IN STRESS PERIOD   32
                    SECONDS     MINUTES      HOURS       DAYS        YEARS
                    -----------------------------------------------------------
   TIME STEP LENGTH 1.20960E+05  2016.0      33.600      1.4000     3.83299E-03
 STRESS PERIOD TIME 6.04800E+05  10080.      168.00      7.0000     1.91650E-02
         TOTAL TIME 1.93536E+07 3.22560E+05  5376.0      224.00     0.61328    


end timestep


start timestep kper="33" kstp="1" mode="normal"


 OUTPUT CONTROL FOR STRESS PERIOD 33 IS REPEATED USING SETTINGS FROM A PREVIOUS STRESS PERIOD.

end timestep


start timestep kper="33" kstp="2" mode="normal"


end timestep


start timestep kper="33" kstp="3" mode="normal"


end timestep


start timestep kper="33" kstp="4" mode="normal"


end timestep


start timestep kper="33" kstp="5" mode="normal"


 HEAD WILL BE SAVED ON UNIT 1014 AT END OF TIME STEP    5, STRESS PERIOD   33


  VOLUME BUDGET FOR ENTIRE MODEL AT END OF TIME STEP    5, STRESS PERIOD  33
  ---------------------------------------------------------------------------------------------------

     CUMULATIVE VOLUME      L**3       RATES FOR THIS TIME STEP      L**3/T          PACKAGE NAME    
     ------------------                 ------------------------                     ----------------

           IN:                                      IN:
           ---                                      ---
              STO-SS =     1436473.9442                STO-SS =        6166.4409     STORAGE                          
                 GHB =       20507.0266                   GHB =         140.8360     GHB                              

            TOTAL IN =     1456980.9708              TOTAL IN =        6307.2769

          OUT:                                     OUT:
          ----                                     ----
              STO-SS =     1436473.9442                STO-SS =        6166.4409     STORAGE                          
                 GHB =       20507.0266                   GHB =         140.8360     GHB                              

           TOTAL OUT =     1456980.9707             TOTAL OUT =        6307.2769

            IN - OUT =       1.6044E-05              IN - OUT =       1.2783E-07

 PERCENT DISCREPANCY =           0.00     PERCENT DISCREPANCY =           0.00




         TIME SUMMARY AT END OF TIME STEP    5 IN STRESS PERIOD   33
                    SECONDS     MINUTES      HOURS       DAYS        YEARS
                    -----------------------------------------------------------
   TIME STEP LENGTH 1.20960E+05  2016.0      33.600      1.4000     3.83299E-03
 STRESS PERIOD TIME 6.04800E+05  10080.      168.00      7.0000     1.91650E-02
         TOTAL TIME 1.99584E+07 3.32640E+05  5544.0      231.00     0.63244    


end timestep


start timestep kper="34" kstp="1" mode="normal"


 OUTPUT CONTROL FOR STRESS PERIOD 34 IS REPEATED USING SETTINGS FROM A PREVIOUS STRESS PERIOD.

end timestep


start timestep kper="34" kstp="2" mode="normal"


end timestep


start timestep kper="34" kstp="3" mode="normal"


end timestep


start timestep kper="34" kstp="4" mode="normal"


end timestep


start timestep kper="34" kstp="5" mode="normal"


 HEAD WILL BE SAVED ON UNIT 1014 AT END OF TIME STEP    5, STRESS PERIOD   34


  VOLUME BUDGET FOR ENTIRE MODEL AT END OF TIME STEP    5, STRESS PERIOD  34
  ---------------------------------------------------------------------------------------------------

     CUMULATIVE VOLUME      L**3       RATES FOR THIS TIME STEP      L**3/T          PACKAGE NAME    
     ------------------                 ------------------------                     ----------------

           IN:                                      IN:
           ---                                      ---
              STO-SS =     1479629.0633                STO-SS =        6164.0726     STORAGE                          
                 GHB =       21502.8459                   GHB =         143.2043     GHB                              

            TOTAL IN =     1501131.9092              TOTAL IN =        6307.2769

          OUT:                                     OUT:
          ----                                     ----
              STO-SS =     1479629.0633                STO-SS =        6164.0726     STORAGE                          
                 GHB =       21502.8459                   GHB =         143.2043     GHB                              

           TOTAL OUT =     1501131.9092             TOTAL OUT =        6307.2769

            IN - OUT =       1.6798E-05              IN - OUT =       1.2263E-07

 PERCENT DISCREPANCY =           0.00     PERCENT DISCREPANCY =           0.00




         TIME SUMMARY AT END OF TIME STEP    5 IN STRESS PERIOD   34
                    SECONDS     MINUTES      HOURS       DAYS        YEARS
                    -----------------------------------------------------------
   TIME STEP LENGTH 1.20960E+05  2016.0      33.600      1.4000     3.83299E-03
 STRESS PERIOD TIME 6.04800E+05  10080.      168.00      7.0000     1.91650E-02
         TOTAL TIME 2.05632E+07 3.42720E+05  5712.0      238.00     0.65161    


end timestep


start timestep kper="35" kstp="1" mode="normal"


 OUTPUT CONTROL FOR STRESS PERIOD 35 IS REPEATED USING SETTINGS FROM A PREVIOUS STRESS PERIOD.

end timestep


start timestep kper="35" kstp="2" mode="normal"


end timestep


start timestep kper="35" kstp="3" mode="normal"


end timestep


start timestep kper="35" kstp="4" mode="normal"


end timestep


start timestep kper="35" kstp="5" mode="normal"


 HEAD WILL BE SAVED ON UNIT 1014 AT END OF TIME STEP    5, STRESS PERIOD   35


  VOLUME BUDGET FOR ENTIRE MODEL AT END OF TIME STEP    5, STRESS PERIOD  35
  ---------------------------------------------------------------------------------------------------

     CUMULATIVE VOLUME      L**3       RATES FOR THIS TIME STEP      L**3/T          PACKAGE NAME    
     ------------------                 ------------------------                     ----------------

           IN:                                      IN:
           ---                                      ---
              STO-SS =     1522767.7547                STO-SS =        6161.7399     STORAGE                          
                 GHB =       22515.0930                   GHB =         145.5370     GHB                              

            TOTAL IN =     1545282.8477              TOTAL IN =        6307.2769

          OUT:                                     OUT:
          ----                                     ----
              STO-SS =     1522767.7547                STO-SS =        6161.7399     STORAGE                          
                 GHB =       22515.0930                   GHB =         145.5370     GHB                              

           TOTAL OUT =     1545282.8477             TOTAL OUT =        6307.2769

            IN - OUT =       1.7168E-05              IN - OUT =       2.5248E-08

 PERCENT DISCREPANCY =           0.00     PERCENT DISCREPANCY =           0.00




         TIME SUMMARY AT END OF TIME STEP    5 IN STRESS PERIOD   35
                    SECONDS     MINUTES      HOURS       DAYS        YEARS
                    -----------------------------------------------------------
   TIME STEP LENGTH 1.20960E+05  2016.0      33.600      1.4000     3.83299E-03
 STRESS PERIOD TIME 6.04800E+05  10080.      168.00      7.0000     1.91650E-02
         TOTAL TIME 2.11680E+07 3.52800E+05  5880.0      245.00     0.67077    


end timestep


start timestep kper="36" kstp="1" mode="normal"


 OUTPUT CONTROL FOR STRESS PERIOD 36 IS REPEATED USING SETTINGS FROM A PREVIOUS STRESS PERIOD.

end timestep


start timestep kper="36" kstp="2" mode="normal"


end timestep


start timestep kper="36" kstp="3" mode="normal"


end timestep


start timestep kper="36" kstp="4" mode="normal"


end timestep


start timestep kper="36" kstp="5" mode="normal"


 HEAD WILL BE SAVED ON UNIT 1014 AT END OF TIME STEP    5, STRESS PERIOD   36


  VOLUME BUDGET FOR ENTIRE MODEL AT END OF TIME STEP    5, STRESS PERIOD  36
  ---------------------------------------------------------------------------------------------------

     CUMULATIVE VOLUME      L**3       RATES FOR THIS TIME STEP      L**3/T          PACKAGE NAME    
     ------------------                 ------------------------                     ----------------

           IN:                                      IN:
           ---                                      ---
              STO-SS =     1565890.2618                STO-SS =        6159.4414     STORAGE                          
                 GHB =       23543.5244                   GHB =         147.8355     GHB                              

            TOTAL IN =     1589433.7861              TOTAL IN =        6307.2769

          OUT:                                     OUT:
          ----                                     ----
              STO-SS =     1565890.2617                STO-SS =        6159.4414     STORAGE                          
                 GHB =       23543.5244                   GHB =         147.8355     GHB                              

           TOTAL OUT =     1589433.7861             TOTAL OUT =        6307.2769

            IN - OUT =       1.7789E-05              IN - OUT =       4.8969E-08

 PERCENT DISCREPANCY =           0.00     PERCENT DISCREPANCY =           0.00




         TIME SUMMARY AT END OF TIME STEP    5 IN STRESS PERIOD   36
                    SECONDS     MINUTES      HOURS       DAYS        YEARS
                    -----------------------------------------------------------
   TIME STEP LENGTH 1.20960E+05  2016.0      33.600      1.4000     3.83299E-03
 STRESS PERIOD TIME 6.04800E+05  10080.      168.00      7.0000     1.91650E-02
         TOTAL TIME 2.17728E+07 3.62880E+05  6048.0      252.00     0.68994    


end timestep


start timestep kper="37" kstp="1" mode="normal"


 OUTPUT CONTROL FOR STRESS PERIOD 37 IS REPEATED USING SETTINGS FROM A PREVIOUS STRESS PERIOD.

end timestep


start timestep kper="37" kstp="2" mode="normal"


end timestep


start timestep kper="37" kstp="3" mode="normal"


end timestep


start timestep kper="37" kstp="4" mode="normal"


end timestep


start timestep kper="37" kstp="5" mode="normal"


 HEAD WILL BE SAVED ON UNIT 1014 AT END OF TIME STEP    5, STRESS PERIOD   37


  VOLUME BUDGET FOR ENTIRE MODEL AT END OF TIME STEP    5, STRESS PERIOD  37
  ---------------------------------------------------------------------------------------------------

     CUMULATIVE VOLUME      L**3       RATES FOR THIS TIME STEP      L**3/T          PACKAGE NAME    
     ------------------                 ------------------------                     ----------------

           IN:                                      IN:
           ---                                      ---
              STO-SS =     1608996.8175                STO-SS =        6157.1757     STORAGE                          
                 GHB =       24587.9071                   GHB =         150.1013     GHB                              

            TOTAL IN =     1633584.7246              TOTAL IN =        6307.2769

          OUT:                                     OUT:
          ----                                     ----
              STO-SS =     1608996.8175                STO-SS =        6157.1757     STORAGE                          
                 GHB =       24587.9071                   GHB =         150.1013     GHB                              

           TOTAL OUT =     1633584.7246             TOTAL OUT =        6307.2769

            IN - OUT =       1.7792E-05              IN - OUT =      -2.4710E-07

 PERCENT DISCREPANCY =           0.00     PERCENT DISCREPANCY =          -0.00




         TIME SUMMARY AT END OF TIME STEP    5 IN STRESS PERIOD   37
                    SECONDS     MINUTES      HOURS       DAYS        YEARS
                    -----------------------------------------------------------
   TIME STEP LENGTH 1.20960E+05  2016.0      33.600      1.4000     3.83299E-03
 STRESS PERIOD TIME 6.04800E+05  10080.      168.00      7.0000     1.91650E-02
         TOTAL TIME 2.23776E+07 3.72960E+05  6216.0      259.00     0.70910    


end timestep


start timestep kper="38" kstp="1" mode="normal"


 OUTPUT CONTROL FOR STRESS PERIOD 38 IS REPEATED USING SETTINGS FROM A PREVIOUS STRESS PERIOD.

end timestep


start timestep kper="38" kstp="2" mode="normal"


end timestep


start timestep kper="38" kstp="3" mode="normal"


end timestep


start timestep kper="38" kstp="4" mode="normal"


end timestep


start timestep kper="38" kstp="5" mode="normal"


 HEAD WILL BE SAVED ON UNIT 1014 AT END OF TIME STEP    5, STRESS PERIOD   38


  VOLUME BUDGET FOR ENTIRE MODEL AT END OF TIME STEP    5, STRESS PERIOD  38
  ---------------------------------------------------------------------------------------------------

     CUMULATIVE VOLUME      L**3       RATES FOR THIS TIME STEP      L**3/T          PACKAGE NAME    
     ------------------                 ------------------------                     ----------------

           IN:                                      IN:
           ---                                      ---
              STO-SS =     1652087.6458                STO-SS =        6154.9413     STORAGE                          
                 GHB =       25648.0173                   GHB =         152.3356     GHB                              

            TOTAL IN =     1677735.6631              TOTAL IN =        6307.2769

          OUT:                                     OUT:
          ----                                     ----
              STO-SS =     1652087.6458                STO-SS =        6154.9413     STORAGE                          
                 GHB =       25648.0173                   GHB =         152.3356     GHB                              

           TOTAL OUT =     1677735.6631             TOTAL OUT =        6307.2769

            IN - OUT =       1.8127E-05              IN - OUT =      -1.1299E-08

 PERCENT DISCREPANCY =           0.00     PERCENT DISCREPANCY =          -0.00




         TIME SUMMARY AT END OF TIME STEP    5 IN STRESS PERIOD   38
                    SECONDS     MINUTES      HOURS       DAYS        YEARS
                    -----------------------------------------------------------
   TIME STEP LENGTH 1.20960E+05  2016.0      33.600      1.4000     3.83299E-03
 STRESS PERIOD TIME 6.04800E+05  10080.      168.00      7.0000     1.91650E-02
         TOTAL TIME 2.29824E+07 3.83040E+05  6384.0      266.00     0.72827    


end timestep


start timestep kper="39" kstp="1" mode="normal"


 OUTPUT CONTROL FOR STRESS PERIOD 39 IS REPEATED USING SETTINGS FROM A PREVIOUS STRESS PERIOD.

end timestep


start timestep kper="39" kstp="2" mode="normal"


end timestep


start timestep kper="39" kstp="3" mode="normal"


end timestep


start timestep kper="39" kstp="4" mode="normal"


end timestep


start timestep kper="39" kstp="5" mode="normal"


 HEAD WILL BE SAVED ON UNIT 1014 AT END OF TIME STEP    5, STRESS PERIOD   39


  VOLUME BUDGET FOR ENTIRE MODEL AT END OF TIME STEP    5, STRESS PERIOD  39
  ---------------------------------------------------------------------------------------------------

     CUMULATIVE VOLUME      L**3       RATES FOR THIS TIME STEP      L**3/T          PACKAGE NAME    
     ------------------                 ------------------------                     ----------------

           IN:                                      IN:
           ---                                      ---
              STO-SS =     1695162.9614                STO-SS =        6152.7373     STORAGE                          
                 GHB =       26723.6401                   GHB =         154.5397     GHB                              

            TOTAL IN =     1721886.6015              TOTAL IN =        6307.2769

          OUT:                                     OUT:
          ----                                     ----
              STO-SS =     1695162.9614                STO-SS =        6152.7373     STORAGE                          
                 GHB =       26723.6401                   GHB =         154.5397     GHB                              

           TOTAL OUT =     1721886.6015             TOTAL OUT =        6307.2769

            IN - OUT =       1.8554E-05              IN - OUT =       1.1202E-07

 PERCENT DISCREPANCY =           0.00     PERCENT DISCREPANCY =           0.00




         TIME SUMMARY AT END OF TIME STEP    5 IN STRESS PERIOD   39
                    SECONDS     MINUTES      HOURS       DAYS        YEARS
                    -----------------------------------------------------------
   TIME STEP LENGTH 1.20960E+05  2016.0      33.600      1.4000     3.83299E-03
 STRESS PERIOD TIME 6.04800E+05  10080.      168.00      7.0000     1.91650E-02
         TOTAL TIME 2.35872E+07 3.93120E+05  6552.0      273.00     0.74743    


end timestep


start timestep kper="40" kstp="1" mode="normal"


 OUTPUT CONTROL FOR STRESS PERIOD 40 IS REPEATED USING SETTINGS FROM A PREVIOUS STRESS PERIOD.

end timestep


start timestep kper="40" kstp="2" mode="normal"


end timestep


start timestep kper="40" kstp="3" mode="normal"


end timestep


start timestep kper="40" kstp="4" mode="normal"


end timestep


start timestep kper="40" kstp="5" mode="normal"


 HEAD WILL BE SAVED ON UNIT 1014 AT END OF TIME STEP    5, STRESS PERIOD   40


  VOLUME BUDGET FOR ENTIRE MODEL AT END OF TIME STEP    5, STRESS PERIOD  40
  ---------------------------------------------------------------------------------------------------

     CUMULATIVE VOLUME      L**3       RATES FOR THIS TIME STEP      L**3/T          PACKAGE NAME    
     ------------------                 ------------------------                     ----------------

           IN:                                      IN:
           ---                                      ---
              STO-SS =     1738222.9712                STO-SS =        6150.5622     STORAGE                          
                 GHB =       27814.5688                   GHB =         156.7147     GHB                              

            TOTAL IN =     1766037.5400              TOTAL IN =        6307.2769

          OUT:                                     OUT:
          ----                                     ----
              STO-SS =     1738222.9711                STO-SS =        6150.5622     STORAGE                          
                 GHB =       27814.5688                   GHB =         156.7147     GHB                              

           TOTAL OUT =     1766037.5400             TOTAL OUT =        6307.2769

            IN - OUT =       1.9104E-05              IN - OUT =       1.0146E-07

 PERCENT DISCREPANCY =           0.00     PERCENT DISCREPANCY =           0.00




         TIME SUMMARY AT END OF TIME STEP    5 IN STRESS PERIOD   40
                    SECONDS     MINUTES      HOURS       DAYS        YEARS
                    -----------------------------------------------------------
   TIME STEP LENGTH 1.20960E+05  2016.0      33.600      1.4000     3.83299E-03
 STRESS PERIOD TIME 6.04800E+05  10080.      168.00      7.0000     1.91650E-02
         TOTAL TIME 2.41920E+07 4.03200E+05  6720.0      280.00     0.76660    


end timestep


start timestep kper="41" kstp="1" mode="normal"


 OUTPUT CONTROL FOR STRESS PERIOD 41 IS REPEATED USING SETTINGS FROM A PREVIOUS STRESS PERIOD.

end timestep


start timestep kper="41" kstp="2" mode="normal"


end timestep


start timestep kper="41" kstp="3" mode="normal"


end timestep


start timestep kper="41" kstp="4" mode="normal"


end timestep


start timestep kper="41" kstp="5" mode="normal"


 HEAD WILL BE SAVED ON UNIT 1014 AT END OF TIME STEP    5, STRESS PERIOD   41


  VOLUME BUDGET FOR ENTIRE MODEL AT END OF TIME STEP    5, STRESS PERIOD  41
  ---------------------------------------------------------------------------------------------------

     CUMULATIVE VOLUME      L**3       RATES FOR THIS TIME STEP      L**3/T          PACKAGE NAME    
     ------------------                 ------------------------                     ----------------

           IN:                                      IN:
           ---                                      ---
              STO-SS =     1781267.8740                STO-SS =        6148.4152     STORAGE                          
                 GHB =       28920.6045                   GHB =         158.8617     GHB                              

            TOTAL IN =     1810188.4785              TOTAL IN =        6307.2769

          OUT:                                     OUT:
          ----                                     ----
              STO-SS =     1781267.8739                STO-SS =        6148.4152     STORAGE                          
                 GHB =       28920.6045                   GHB =         158.8617     GHB                              

           TOTAL OUT =     1810188.4784             TOTAL OUT =        6307.2769

            IN - OUT =       1.9762E-05              IN - OUT =       8.8390E-08

 PERCENT DISCREPANCY =           0.00     PERCENT DISCREPANCY =           0.00




         TIME SUMMARY AT END OF TIME STEP    5 IN STRESS PERIOD   41
                    SECONDS     MINUTES      HOURS       DAYS        YEARS
                    -----------------------------------------------------------
   TIME STEP LENGTH 1.20960E+05  2016.0      33.600      1.4000     3.83299E-03
 STRESS PERIOD TIME 6.04800E+05  10080.      168.00      7.0000     1.91650E-02
         TOTAL TIME 2.47968E+07 4.13280E+05  6888.0      287.00     0.78576    


end timestep


start timestep kper="42" kstp="1" mode="normal"


 OUTPUT CONTROL FOR STRESS PERIOD 42 IS REPEATED USING SETTINGS FROM A PREVIOUS STRESS PERIOD.

end timestep


start timestep kper="42" kstp="2" mode="normal"


end timestep


start timestep kper="42" kstp="3" mode="normal"


end timestep


start timestep kper="42" kstp="4" mode="normal"


end timestep


start timestep kper="42" kstp="5" mode="normal"


 HEAD WILL BE SAVED ON UNIT 1014 AT END OF TIME STEP    5, STRESS PERIOD   42


  VOLUME BUDGET FOR ENTIRE MODEL AT END OF TIME STEP    5, STRESS PERIOD  42
  ---------------------------------------------------------------------------------------------------

     CUMULATIVE VOLUME      L**3       RATES FOR THIS TIME STEP      L**3/T          PACKAGE NAME    
     ------------------                 ------------------------                     ----------------

           IN:                                      IN:
           ---                                      ---
              STO-SS =     1824297.8615                STO-SS =        6146.2952     STORAGE                          
                 GHB =       30041.5554                   GHB =         160.9817     GHB                              

            TOTAL IN =     1854339.4169              TOTAL IN =        6307.2769

          OUT:                                     OUT:
          ----                                     ----
              STO-SS =     1824297.8615                STO-SS =        6146.2952     STORAGE                          
                 GHB =       30041.5554                   GHB =         160.9817     GHB                              

           TOTAL OUT =     1854339.4169             TOTAL OUT =        6307.2769

            IN - OUT =       2.0205E-05              IN - OUT =       6.5977E-08

 PERCENT DISCREPANCY =           0.00     PERCENT DISCREPANCY =           0.00




         TIME SUMMARY AT END OF TIME STEP    5 IN STRESS PERIOD   42
                    SECONDS     MINUTES      HOURS       DAYS        YEARS
                    -----------------------------------------------------------
   TIME STEP LENGTH 1.20960E+05  2016.0      33.600      1.4000     3.83299E-03
 STRESS PERIOD TIME 6.04800E+05  10080.      168.00      7.0000     1.91650E-02
         TOTAL TIME 2.54016E+07 4.23360E+05  7056.0      294.00     0.80493    


end timestep


start timestep kper="43" kstp="1" mode="normal"


 OUTPUT CONTROL FOR STRESS PERIOD 43 IS REPEATED USING SETTINGS FROM A PREVIOUS STRESS PERIOD.

end timestep


start timestep kper="43" kstp="2" mode="normal"


end timestep


start timestep kper="43" kstp="3" mode="normal"


end timestep


start timestep kper="43" kstp="4" mode="normal"


end timestep


start timestep kper="43" kstp="5" mode="normal"


 HEAD WILL BE SAVED ON UNIT 1014 AT END OF TIME STEP    5, STRESS PERIOD   43


  VOLUME BUDGET FOR ENTIRE MODEL AT END OF TIME STEP    5, STRESS PERIOD  43
  ---------------------------------------------------------------------------------------------------

     CUMULATIVE VOLUME      L**3       RATES FOR THIS TIME STEP      L**3/T          PACKAGE NAME    
     ------------------                 ------------------------                     ----------------

           IN:                                      IN:
           ---                                      ---
              STO-SS =     1867313.1187                STO-SS =        6144.2012     STORAGE                          
                 GHB =       31177.2367                   GHB =         163.0757     GHB                              

            TOTAL IN =     1898490.3554              TOTAL IN =        6307.2769

          OUT:                                     OUT:
          ----                                     ----
              STO-SS =     1867313.1187                STO-SS =        6144.2012     STORAGE                          
                 GHB =       31177.2367                   GHB =         163.0757     GHB                              

           TOTAL OUT =     1898490.3554             TOTAL OUT =        6307.2769

            IN - OUT =       2.0721E-05              IN - OUT =       4.0570E-08

 PERCENT DISCREPANCY =           0.00     PERCENT DISCREPANCY =           0.00




         TIME SUMMARY AT END OF TIME STEP    5 IN STRESS PERIOD   43
                    SECONDS     MINUTES      HOURS       DAYS        YEARS
                    -----------------------------------------------------------
   TIME STEP LENGTH 1.20960E+05  2016.0      33.600      1.4000     3.83299E-03
 STRESS PERIOD TIME 6.04800E+05  10080.      168.00      7.0000     1.91650E-02
         TOTAL TIME 2.60064E+07 4.33440E+05  7224.0      301.00     0.82409    


end timestep


start timestep kper="44" kstp="1" mode="normal"


 OUTPUT CONTROL FOR STRESS PERIOD 44 IS REPEATED USING SETTINGS FROM A PREVIOUS STRESS PERIOD.

end timestep


start timestep kper="44" kstp="2" mode="normal"


end timestep


start timestep kper="44" kstp="3" mode="normal"


end timestep


start timestep kper="44" kstp="4" mode="normal"


end timestep


start timestep kper="44" kstp="5" mode="normal"


 HEAD WILL BE SAVED ON UNIT 1014 AT END OF TIME STEP    5, STRESS PERIOD   44


  VOLUME BUDGET FOR ENTIRE MODEL AT END OF TIME STEP    5, STRESS PERIOD  44
  ---------------------------------------------------------------------------------------------------

     CUMULATIVE VOLUME      L**3       RATES FOR THIS TIME STEP      L**3/T          PACKAGE NAME    
     ------------------                 ------------------------                     ----------------

           IN:                                      IN:
           ---                                      ---
              STO-SS =     1910313.8240                STO-SS =        6142.1323     STORAGE                          
                 GHB =       32327.4699                   GHB =         165.1446     GHB                              

            TOTAL IN =     1942641.2938              TOTAL IN =        6307.2769

          OUT:                                     OUT:
          ----                                     ----
              STO-SS =     1910313.8239                STO-SS =        6142.1323     STORAGE                          
                 GHB =       32327.4699                   GHB =         165.1446     GHB                              

           TOTAL OUT =     1942641.2938             TOTAL OUT =        6307.2769

            IN - OUT =       2.1111E-05              IN - OUT =       3.2452E-08

 PERCENT DISCREPANCY =           0.00     PERCENT DISCREPANCY =           0.00




         TIME SUMMARY AT END OF TIME STEP    5 IN STRESS PERIOD   44
                    SECONDS     MINUTES      HOURS       DAYS        YEARS
                    -----------------------------------------------------------
   TIME STEP LENGTH 1.20960E+05  2016.0      33.600      1.4000     3.83299E-03
 STRESS PERIOD TIME 6.04800E+05  10080.      168.00      7.0000     1.91650E-02
         TOTAL TIME 2.66112E+07 4.43520E+05  7392.0      308.00     0.84326    


end timestep


start timestep kper="45" kstp="1" mode="normal"


 OUTPUT CONTROL FOR STRESS PERIOD 45 IS REPEATED USING SETTINGS FROM A PREVIOUS STRESS PERIOD.

end timestep


start timestep kper="45" kstp="2" mode="normal"


end timestep


start timestep kper="45" kstp="3" mode="normal"


end timestep


start timestep kper="45" kstp="4" mode="normal"


end timestep


start timestep kper="45" kstp="5" mode="normal"


 HEAD WILL BE SAVED ON UNIT 1014 AT END OF TIME STEP    5, STRESS PERIOD   45


  VOLUME BUDGET FOR ENTIRE MODEL AT END OF TIME STEP    5, STRESS PERIOD  45
  ---------------------------------------------------------------------------------------------------

     CUMULATIVE VOLUME      L**3       RATES FOR THIS TIME STEP      L**3/T          PACKAGE NAME    
     ------------------                 ------------------------                     ----------------

           IN:                                      IN:
           ---                                      ---
              STO-SS =     1953300.1497                STO-SS =        6140.0878     STORAGE                          
                 GHB =       33492.0826                   GHB =         167.1892     GHB                              

            TOTAL IN =     1986792.2323              TOTAL IN =        6307.2769

          OUT:                                     OUT:
          ----                                     ----
              STO-SS =     1953300.1497                STO-SS =        6140.0878     STORAGE                          
                 GHB =       33492.0826                   GHB =         167.1892     GHB                              

           TOTAL OUT =     1986792.2323             TOTAL OUT =        6307.2769

            IN - OUT =       2.1527E-05              IN - OUT =       8.9353E-08

 PERCENT DISCREPANCY =           0.00     PERCENT DISCREPANCY =           0.00




         TIME SUMMARY AT END OF TIME STEP    5 IN STRESS PERIOD   45
                    SECONDS     MINUTES      HOURS       DAYS        YEARS
                    -----------------------------------------------------------
   TIME STEP LENGTH 1.20960E+05  2016.0      33.600      1.4000     3.83299E-03
 STRESS PERIOD TIME 6.04800E+05  10080.      168.00      7.0000     1.91650E-02
         TOTAL TIME 2.72160E+07 4.53600E+05  7560.0      315.00     0.86242    


end timestep


start timestep kper="46" kstp="1" mode="normal"


 OUTPUT CONTROL FOR STRESS PERIOD 46 IS REPEATED USING SETTINGS FROM A PREVIOUS STRESS PERIOD.

end timestep


start timestep kper="46" kstp="2" mode="normal"


end timestep


start timestep kper="46" kstp="3" mode="normal"


end timestep


start timestep kper="46" kstp="4" mode="normal"


end timestep


start timestep kper="46" kstp="5" mode="normal"


 HEAD WILL BE SAVED ON UNIT 1014 AT END OF TIME STEP    5, STRESS PERIOD   46


  VOLUME BUDGET FOR ENTIRE MODEL AT END OF TIME STEP    5, STRESS PERIOD  46
  ---------------------------------------------------------------------------------------------------

     CUMULATIVE VOLUME      L**3       RATES FOR THIS TIME STEP      L**3/T          PACKAGE NAME    
     ------------------                 ------------------------                     ----------------

           IN:                                      IN:
           ---                                      ---
              STO-SS =     1996272.2626                STO-SS =        6138.0667     STORAGE                          
                 GHB =       34670.9081                   GHB =         169.2102     GHB                              

            TOTAL IN =     2030943.1708              TOTAL IN =        6307.2769

          OUT:                                     OUT:
          ----                                     ----
              STO-SS =     1996272.2626                STO-SS =        6138.0667     STORAGE                          
                 GHB =       34670.9081                   GHB =         169.2102     GHB                              

           TOTAL OUT =     2030943.1707             TOTAL OUT =        6307.2769

            IN - OUT =       2.2165E-05              IN - OUT =       1.2224E-07

 PERCENT DISCREPANCY =           0.00     PERCENT DISCREPANCY =           0.00




         TIME SUMMARY AT END OF TIME STEP    5 IN STRESS PERIOD   46
                    SECONDS     MINUTES      HOURS       DAYS        YEARS
                    -----------------------------------------------------------
   TIME STEP LENGTH 1.20960E+05  2016.0      33.600      1.4000     3.83299E-03
 STRESS PERIOD TIME 6.04800E+05  10080.      168.00      7.0000     1.91650E-02
         TOTAL TIME 2.78208E+07 4.63680E+05  7728.0      322.00     0.88159    


end timestep


start timestep kper="47" kstp="1" mode="normal"


 OUTPUT CONTROL FOR STRESS PERIOD 47 IS REPEATED USING SETTINGS FROM A PREVIOUS STRESS PERIOD.

end timestep


start timestep kper="47" kstp="2" mode="normal"


end timestep


start timestep kper="47" kstp="3" mode="normal"


end timestep


start timestep kper="47" kstp="4" mode="normal"


end timestep


start timestep kper="47" kstp="5" mode="normal"


 HEAD WILL BE SAVED ON UNIT 1014 AT END OF TIME STEP    5, STRESS PERIOD   47


  VOLUME BUDGET FOR ENTIRE MODEL AT END OF TIME STEP    5, STRESS PERIOD  47
  ---------------------------------------------------------------------------------------------------

     CUMULATIVE VOLUME      L**3       RATES FOR THIS TIME STEP      L**3/T          PACKAGE NAME    
     ------------------                 ------------------------                     ----------------

           IN:                                      IN:
           ---                                      ---
              STO-SS =     2039230.3239                STO-SS =        6136.0684     STORAGE                          
                 GHB =       35863.7853                   GHB =         171.2086     GHB                              

            TOTAL IN =     2075094.1092              TOTAL IN =        6307.2769

          OUT:                                     OUT:
          ----                                     ----
              STO-SS =     2039230.3239                STO-SS =        6136.0684     STORAGE                          
                 GHB =       35863.7853                   GHB =         171.2086     GHB                              

           TOTAL OUT =     2075094.1092             TOTAL OUT =        6307.2769

            IN - OUT =       2.2700E-05              IN - OUT =       1.1424E-07

 PERCENT DISCREPANCY =           0.00     PERCENT DISCREPANCY =           0.00




         TIME SUMMARY AT END OF TIME STEP    5 IN STRESS PERIOD   47
                    SECONDS     MINUTES      HOURS       DAYS        YEARS
                    -----------------------------------------------------------
   TIME STEP LENGTH 1.20960E+05  2016.0      33.600      1.4000     3.83299E-03
 STRESS PERIOD TIME 6.04800E+05  10080.      168.00      7.0000     1.91650E-02
         TOTAL TIME 2.84256E+07 4.73760E+05  7896.0      329.00     0.90075    


end timestep


start timestep kper="48" kstp="1" mode="normal"


 OUTPUT CONTROL FOR STRESS PERIOD 48 IS REPEATED USING SETTINGS FROM A PREVIOUS STRESS PERIOD.

end timestep


start timestep kper="48" kstp="2" mode="normal"


end timestep


start timestep kper="48" kstp="3" mode="normal"


end timestep


start timestep kper="48" kstp="4" mode="normal"


end timestep


start timestep kper="48" kstp="5" mode="normal"


 HEAD WILL BE SAVED ON UNIT 1014 AT END OF TIME STEP    5, STRESS PERIOD   48


  VOLUME BUDGET FOR ENTIRE MODEL AT END OF TIME STEP    5, STRESS PERIOD  48
  ---------------------------------------------------------------------------------------------------

     CUMULATIVE VOLUME      L**3       RATES FOR THIS TIME STEP      L**3/T          PACKAGE NAME    
     ------------------                 ------------------------                     ----------------

           IN:                                      IN:
           ---                                      ---
              STO-SS =     2082174.4897                STO-SS =        6134.0920     STORAGE                          
                 GHB =       37070.5580                   GHB =         173.1849     GHB                              

            TOTAL IN =     2119245.0477              TOTAL IN =        6307.2769

          OUT:                                     OUT:
          ----                                     ----
              STO-SS =     2082174.4897                STO-SS =        6134.0920     STORAGE                          
                 GHB =       37070.5580                   GHB =         173.1849     GHB                              

           TOTAL OUT =     2119245.0477             TOTAL OUT =        6307.2769

            IN - OUT =       2.3015E-05              IN - OUT =       1.0027E-07

 PERCENT DISCREPANCY =           0.00     PERCENT DISCREPANCY =           0.00




         TIME SUMMARY AT END OF TIME STEP    5 IN STRESS PERIOD   48
                    SECONDS     MINUTES      HOURS       DAYS        YEARS
                    -----------------------------------------------------------
   TIME STEP LENGTH 1.20960E+05  2016.0      33.600      1.4000     3.83299E-03
 STRESS PERIOD TIME 6.04800E+05  10080.      168.00      7.0000     1.91650E-02
         TOTAL TIME 2.90304E+07 4.83840E+05  8064.0      336.00     0.91992    


end timestep


start timestep kper="49" kstp="1" mode="normal"


 OUTPUT CONTROL FOR STRESS PERIOD 49 IS REPEATED USING SETTINGS FROM A PREVIOUS STRESS PERIOD.

end timestep


start timestep kper="49" kstp="2" mode="normal"


end timestep


start timestep kper="49" kstp="3" mode="normal"


end timestep


start timestep kper="49" kstp="4" mode="normal"


end timestep


start timestep kper="49" kstp="5" mode="normal"


 HEAD WILL BE SAVED ON UNIT 1014 AT END OF TIME STEP    5, STRESS PERIOD   49


  VOLUME BUDGET FOR ENTIRE MODEL AT END OF TIME STEP    5, STRESS PERIOD  49
  ---------------------------------------------------------------------------------------------------

     CUMULATIVE VOLUME      L**3       RATES FOR THIS TIME STEP      L**3/T          PACKAGE NAME    
     ------------------                 ------------------------                     ----------------

           IN:                                      IN:
           ---                                      ---
              STO-SS =     2125104.9112                STO-SS =        6132.1370     STORAGE                          
                 GHB =       38291.0750                   GHB =         175.1399     GHB                              

            TOTAL IN =     2163395.9862              TOTAL IN =        6307.2769

          OUT:                                     OUT:
          ----                                     ----
              STO-SS =     2125104.9112                STO-SS =        6132.1370     STORAGE                          
                 GHB =       38291.0750                   GHB =         175.1399     GHB                              

           TOTAL OUT =     2163395.9861             TOTAL OUT =        6307.2769

            IN - OUT =       2.3519E-05              IN - OUT =       6.3716E-08

 PERCENT DISCREPANCY =           0.00     PERCENT DISCREPANCY =           0.00




         TIME SUMMARY AT END OF TIME STEP    5 IN STRESS PERIOD   49
                    SECONDS     MINUTES      HOURS       DAYS        YEARS
                    -----------------------------------------------------------
   TIME STEP LENGTH 1.20960E+05  2016.0      33.600      1.4000     3.83299E-03
 STRESS PERIOD TIME 6.04800E+05  10080.      168.00      7.0000     1.91650E-02
         TOTAL TIME 2.96352E+07 4.93920E+05  8232.0      343.00     0.93908    


end timestep


start timestep kper="50" kstp="1" mode="normal"


 OUTPUT CONTROL FOR STRESS PERIOD 50 IS REPEATED USING SETTINGS FROM A PREVIOUS STRESS PERIOD.

end timestep


start timestep kper="50" kstp="2" mode="normal"


end timestep


start timestep kper="50" kstp="3" mode="normal"


end timestep


start timestep kper="50" kstp="4" mode="normal"


end timestep


start timestep kper="50" kstp="5" mode="normal"


 HEAD WILL BE SAVED ON UNIT 1014 AT END OF TIME STEP    5, STRESS PERIOD   50


  VOLUME BUDGET FOR ENTIRE MODEL AT END OF TIME STEP    5, STRESS PERIOD  50
  ---------------------------------------------------------------------------------------------------

     CUMULATIVE VOLUME      L**3       RATES FOR THIS TIME STEP      L**3/T          PACKAGE NAME    
     ------------------                 ------------------------                     ----------------

           IN:                                      IN:
           ---                                      ---
              STO-SS =     2168021.7350                STO-SS =        6130.2027     STORAGE                          
                 GHB =       39525.1896                   GHB =         177.0742     GHB                              

            TOTAL IN =     2207546.9246              TOTAL IN =        6307.2769

          OUT:                                     OUT:
          ----                                     ----
              STO-SS =     2168021.7350                STO-SS =        6130.2027     STORAGE                          
                 GHB =       39525.1896                   GHB =         177.0742     GHB                              

           TOTAL OUT =     2207546.9246             TOTAL OUT =        6307.2769

            IN - OUT =       2.3903E-05              IN - OUT =       5.9589E-08

 PERCENT DISCREPANCY =           0.00     PERCENT DISCREPANCY =           0.00




         TIME SUMMARY AT END OF TIME STEP    5 IN STRESS PERIOD   50
                    SECONDS     MINUTES      HOURS       DAYS        YEARS
                    -----------------------------------------------------------
   TIME STEP LENGTH 1.20960E+05  2016.0      33.600      1.4000     3.83299E-03
 STRESS PERIOD TIME 6.04800E+05  10080.      168.00      7.0000     1.91650E-02
         TOTAL TIME 3.02400E+07 5.04000E+05  8400.0      350.00     0.95825    


end timestep


start timestep kper="51" kstp="1" mode="normal"


 OUTPUT CONTROL FOR STRESS PERIOD 51 IS REPEATED USING SETTINGS FROM A PREVIOUS STRESS PERIOD.

end timestep


start timestep kper="51" kstp="2" mode="normal"


end timestep


start timestep kper="51" kstp="3" mode="normal"


end timestep


start timestep kper="51" kstp="4" mode="normal"


end timestep


start timestep kper="51" kstp="5" mode="normal"


 HEAD WILL BE SAVED ON UNIT 1014 AT END OF TIME STEP    5, STRESS PERIOD   51


  VOLUME BUDGET FOR ENTIRE MODEL AT END OF TIME STEP    5, STRESS PERIOD  51
  ---------------------------------------------------------------------------------------------------

     CUMULATIVE VOLUME      L**3       RATES FOR THIS TIME STEP      L**3/T          PACKAGE NAME    
     ------------------                 ------------------------                     ----------------

           IN:                                      IN:
           ---                                      ---
              STO-SS =     2210925.1034                STO-SS =        6128.2885     STORAGE                          
                 GHB =       40772.7596                   GHB =         178.9884     GHB                              

            TOTAL IN =     2251697.8631              TOTAL IN =        6307.2769

          OUT:                                     OUT:
          ----                                     ----
              STO-SS =     2210925.1034                STO-SS =        6128.2885     STORAGE                          
                 GHB =       40772.7596                   GHB =         178.9884     GHB                              

           TOTAL OUT =     2251697.8631             TOTAL OUT =        6307.2769

            IN - OUT =       2.4483E-05              IN - OUT =       1.3069E-07

 PERCENT DISCREPANCY =           0.00     PERCENT DISCREPANCY =           0.00




         TIME SUMMARY AT END OF TIME STEP    5 IN STRESS PERIOD   51
                    SECONDS     MINUTES      HOURS       DAYS        YEARS
                    -----------------------------------------------------------
   TIME STEP LENGTH 1.20960E+05  2016.0      33.600      1.4000     3.83299E-03
 STRESS PERIOD TIME 6.04800E+05  10080.      168.00      7.0000     1.91650E-02
         TOTAL TIME 3.08448E+07 5.14080E+05  8568.0      357.00     0.97741    


end timestep


start timestep kper="52" kstp="1" mode="normal"


 OUTPUT CONTROL FOR STRESS PERIOD 52 IS REPEATED USING SETTINGS FROM A PREVIOUS STRESS PERIOD.

end timestep


start timestep kper="52" kstp="2" mode="normal"


end timestep


start timestep kper="52" kstp="3" mode="normal"


end timestep


start timestep kper="52" kstp="4" mode="normal"


end timestep


start timestep kper="52" kstp="5" mode="normal"


 HEAD WILL BE SAVED ON UNIT 1014 AT END OF TIME STEP    5, STRESS PERIOD   52


  VOLUME BUDGET FOR ENTIRE MODEL AT END OF TIME STEP    5, STRESS PERIOD  52
  ---------------------------------------------------------------------------------------------------

     CUMULATIVE VOLUME      L**3       RATES FOR THIS TIME STEP      L**3/T          PACKAGE NAME    
     ------------------                 ------------------------                     ----------------

           IN:                                      IN:
           ---                                      ---
              STO-SS =     2253815.1545                STO-SS =        6126.3938     STORAGE                          
                 GHB =       42033.6471                   GHB =         180.8831     GHB                              

            TOTAL IN =     2295848.8015              TOTAL IN =        6307.2769

          OUT:                                     OUT:
          ----                                     ----
              STO-SS =     2253815.1545                STO-SS =        6126.3938     STORAGE                          
                 GHB =       42033.6471                   GHB =         180.8831     GHB                              

           TOTAL OUT =     2295848.8015             TOTAL OUT =        6307.2769

            IN - OUT =       2.5057E-05              IN - OUT =       5.9885E-08

 PERCENT DISCREPANCY =           0.00     PERCENT DISCREPANCY =           0.00




         TIME SUMMARY AT END OF TIME STEP    5 IN STRESS PERIOD   52
                    SECONDS     MINUTES      HOURS       DAYS        YEARS
                    -----------------------------------------------------------
   TIME STEP LENGTH 1.20960E+05  2016.0      33.600      1.4000     3.83299E-03
 STRESS PERIOD TIME 6.04800E+05  10080.      168.00      7.0000     1.91650E-02
         TOTAL TIME 3.14496E+07 5.24160E+05  8736.0      364.00     0.99658    


end timestep

