real_name,pname:p_inst:0_ptype:gr_usecol:q_pstyle:m_r:22_c:11_sp:0,pname:p_inst:0_ptype:gr_usecol:q_pstyle:m_r:9_c:40_sp:0,pname:p_inst:0_ptype:gr_usecol:q_pstyle:m_r:17_c:43_sp:0,pname:p_inst:0_ptype:gr_usecol:q_pstyle:m_r:43_c:23_sp:0,pname:p_inst:0_ptype:gr_usecol:q_pstyle:m_r:33_c:31_sp:0,pname:p_inst:0_ptype:gr_usecol:q_pstyle:m_r:26_c:22_sp:0,pname:p_inst:0_ptype:gr_usecol:q_pstyle:m_r:37_c:37_sp:0,pname:p_inst:0_ptype:gr_usecol:q_pstyle:m_r:32_c:8_sp:0,pname:p_inst:0_ptype:gr_usecol:q_pstyle:m_r:9_c:28_sp:0,pname:p_inst:0_ptype:gr_usecol:q_pstyle:m_r:31_c:38_sp:0,pname:p_inst:0_ptype:gr_usecol:q_pstyle:m_r:22_c:11_sp:1,pname:p_inst:0_ptype:gr_usecol:q_pstyle:m_r:9_c:40_sp:1,pname:p_inst:0_ptype:gr_usecol:q_pstyle:m_r:17_c:43_sp:1,pname:p_inst:0_ptype:gr_usecol:q_pstyle:m_r:43_c:23_sp:1,pname:p_inst:0_ptype:gr_usecol:q_pstyle:m_r:33_c:31_sp:1,pname:p_inst:0_ptype:gr_usecol:q_pstyle:m_r:26_c:22_sp:1,pname:p_inst:0_ptype:gr_usecol:q_pstyle:m_r:37_c:37_sp:1,pname:p_inst:0_ptype:gr_usecol:q_pstyle:m_r:32_c:8_sp:1,pname:p_inst:0_ptype:gr_usecol:q_pstyle:m_r:9_c:28_sp:1,pname:p_inst:0_ptype:gr_usecol:q_pstyle:m_r:31_c:38_sp:1,pname:p_inst:0_ptype:gr_usecol:q_pstyle:m_r:22_c:11_sp:2,pname:p_inst:0_ptype:gr_usecol:q_pstyle:m_r:9_c:40_sp:2,pname:p_inst:0_ptype:gr_usecol:q_pstyle:m_r:17_c:43_sp:2,pname:p_inst:0_ptype:gr_usecol:q_pstyle:m_r:43_c:23_sp:2,pname:p_inst:0_ptype:gr_usecol:q_pstyle:m_r:33_c:31_sp:2,pname:p_inst:0_ptype:gr_usecol:q_pstyle:m_r:26_c:22_sp:2,pname:p_inst:0_ptype:gr_usecol:q_pstyle:m_r:37_c:37_sp:2,pname:p_inst:0_ptype:gr_usecol:q_pstyle:m_r:32_c:8_sp:2,pname:p_inst:0_ptype:gr_usecol:q_pstyle:m_r:9_c:28_sp:2,pname:p_inst:0_ptype:gr_usecol:q_pstyle:m_r:31_c:38_sp:2,pname:p_inst:0_ptype:gr_usecol:q_pstyle:m_r:22_c:11_sp:3,pname:p_inst:0_ptype:gr_usecol:q_pstyle:m_r:9_c:40_sp:3,pname:p_inst:0_ptype:gr_usecol:q_pstyle:m_r:17_c:43_sp:3,pname:p_inst:0_ptype:gr_usecol:q_pstyle:m_r:43_c:23_sp:3,pname:p_inst:0_ptype:gr_usecol:q_pstyle:m_r:33_c:31_sp:3,pname:p_inst:0_ptype:gr_usecol:q_pstyle:m_r:26_c:22_sp:3,pname:p_inst:0_ptype:gr_usecol:q_pstyle:m_r:37_c:37_sp:3,pname:p_inst:0_ptype:gr_usecol:q_pstyle:m_r:32_c:8_sp:3,pname:p_inst:0_ptype:gr_usecol:q_pstyle:m_r:9_c:28_sp:3,pname:p_inst:0_ptype:gr_usecol:q_pstyle:m_r:31_c:38_sp:3,pname:p_inst:0_ptype:gr_usecol:q_pstyle:m_r:22_c:11_sp:4,pname:p_inst:0_ptype:gr_usecol:q_pstyle:m_r:9_c:40_sp:4,pname:p_inst:0_ptype:gr_usecol:q_pstyle:m_r:17_c:43_sp:4,pname:p_inst:0_ptype:gr_usecol:q_pstyle:m_r:43_c:23_sp:4,pname:p_inst:0_ptype:gr_usecol:q_pstyle:m_r:33_c:31_sp:4,pname:p_inst:0_ptype:gr_usecol:q_pstyle:m_r:26_c:22_sp:4,pname:p_inst:0_ptype:gr_usecol:q_pstyle:m_r:37_c:37_sp:4,pname:p_inst:0_ptype:gr_usecol:q_pstyle:m_r:32_c:8_sp:4,pname:p_inst:0_ptype:gr_usecol:q_pstyle:m_r:9_c:28_sp:4,pname:p_inst:0_ptype:gr_usecol:q_pstyle:m_r:31_c:38_sp:4,pname:p_inst:0_ptype:gr_usecol:q_pstyle:m_r:22_c:11_sp:5,pname:p_inst:0_ptype:gr_usecol:q_pstyle:m_r:9_c:40_sp:5,pname:p_inst:0_ptype:gr_usecol:q_pstyle:m_r:17_c:43_sp:5,pname:p_inst:0_ptype:gr_usecol:q_pstyle:m_r:43_c:23_sp:5,pname:p_inst:0_ptype:gr_usecol:q_pstyle:m_r:33_c:31_sp:5,pname:p_inst:0_ptype:gr_usecol:q_pstyle:m_r:26_c:22_sp:5,pname:p_inst:0_ptype:gr_usecol:q_pstyle:m_r:37_c:37_sp:5,pname:p_inst:0_ptype:gr_usecol:q_pstyle:m_r:32_c:8_sp:5,pname:p_inst:0_ptype:gr_usecol:q_pstyle:m_r:9_c:28_sp:5,pname:p_inst:0_ptype:gr_usecol:q_pstyle:m_r:31_c:38_sp:5,pname:p_inst:0_ptype:gr_usecol:q_pstyle:m_r:22_c:11_sp:6,pname:p_inst:0_ptype:gr_usecol:q_pstyle:m_r:9_c:40_sp:6,pname:p_inst:0_ptype:gr_usecol:q_pstyle:m_r:17_c:43_sp:6,pname:p_inst:0_ptype:gr_usecol:q_pstyle:m_r:43_c:23_sp:6,pname:p_inst:0_ptype:gr_usecol:q_pstyle:m_r:33_c:31_sp:6,pname:p_inst:0_ptype:gr_usecol:q_pstyle:m_r:26_c:22_sp:6,pname:p_inst:0_ptype:gr_usecol:q_pstyle:m_r:37_c:37_sp:6,pname:p_inst:0_ptype:gr_usecol:q_pstyle:m_r:32_c:8_sp:6,pname:p_inst:0_ptype:gr_usecol:q_pstyle:m_r:9_c:28_sp:6,pname:p_inst:0_ptype:gr_usecol:q_pstyle:m_r:31_c:38_sp:6,pname:p_inst:0_ptype:gr_usecol:q_pstyle:m_r:22_c:11_sp:7,pname:p_inst:0_ptype:gr_usecol:q_pstyle:m_r:9_c:40_sp:7,pname:p_inst:0_ptype:gr_usecol:q_pstyle:m_r:17_c:43_sp:7,pname:p_inst:0_ptype:gr_usecol:q_pstyle:m_r:43_c:23_sp:7,pname:p_inst:0_ptype:gr_usecol:q_pstyle:m_r:33_c:31_sp:7,pname:p_inst:0_ptype:gr_usecol:q_pstyle:m_r:26_c:22_sp:7,pname:p_inst:0_ptype:gr_usecol:q_pstyle:m_r:37_c:37_sp:7,pname:p_inst:0_ptype:gr_usecol:q_pstyle:m_r:32_c:8_sp:7,pname:p_inst:0_ptype:gr_usecol:q_pstyle:m_r:9_c:28_sp:7,pname:p_inst:0_ptype:gr_usecol:q_pstyle:m_r:31_c:38_sp:7,pname:p_inst:0_ptype:gr_usecol:q_pstyle:m_r:22_c:11_sp:8,pname:p_inst:0_ptype:gr_usecol:q_pstyle:m_r:9_c:40_sp:8,pname:p_inst:0_ptype:gr_usecol:q_pstyle:m_r:17_c:43_sp:8,pname:p_inst:0_ptype:gr_usecol:q_pstyle:m_r:43_c:23_sp:8,pname:p_inst:0_ptype:gr_usecol:q_pstyle:m_r:33_c:31_sp:8,pname:p_inst:0_ptype:gr_usecol:q_pstyle:m_r:26_c:22_sp:8,pname:p_inst:0_ptype:gr_usecol:q_pstyle:m_r:37_c:37_sp:8,pname:p_inst:0_ptype:gr_usecol:q_pstyle:m_r:32_c:8_sp:8,pname:p_inst:0_ptype:gr_usecol:q_pstyle:m_r:9_c:28_sp:8,pname:p_inst:0_ptype:gr_usecol:q_pstyle:m_r:31_c:38_sp:8,pname:p_inst:0_ptype:gr_usecol:q_pstyle:m_r:22_c:11_sp:9,pname:p_inst:0_ptype:gr_usecol:q_pstyle:m_r:9_c:40_sp:9,pname:p_inst:0_ptype:gr_usecol:q_pstyle:m_r:17_c:43_sp:9,pname:p_inst:0_ptype:gr_usecol:q_pstyle:m_r:43_c:23_sp:9,pname:p_inst:0_ptype:gr_usecol:q_pstyle:m_r:33_c:31_sp:9,pname:p_inst:0_ptype:gr_usecol:q_pstyle:m_r:26_c:22_sp:9,pname:p_inst:0_ptype:gr_usecol:q_pstyle:m_r:37_c:37_sp:9,pname:p_inst:0_ptype:gr_usecol:q_pstyle:m_r:32_c:8_sp:9,pname:p_inst:0_ptype:gr_usecol:q_pstyle:m_r:9_c:28_sp:9,pname:p_inst:0_ptype:gr_usecol:q_pstyle:m_r:31_c:38_sp:9
0,105.40250621552036137,0.55297986404188292919,1.0905467954799272778,0.037518723547677913788,147.21906622452866031,499.99999999999994316,0.22458888391614303948,4.2158313030186125303,0.091206067398900012022,68.470245402221763698,2.4547824638517270479,0.0063264964273385222368,0.62992840417934636843,0.0038668988419504109894,0.00011242240558679978389,0.044529909222396316104,8.2418965194848379241,0.21486411390647539021,12.265833174621235457,499.99999999999994316,1.7823654145909717528,0.016657405157387120825,5.0519782463879749556e-05,0.16147143201387320621,38.295856763303042669,0.58232929947734446419,267.64834096337864366,0.062721652890309398387,10.710195805687583004,0.00058773484013743457731,0.00046617540566481374025,0.00051734335410658430221,0.044463335957478943017,0.029488281848747379538,0.029781323004239003416,141.47502129643501689,499.99999999999994316,8.6475802656738309793,0.94592497022986943289,0.2873243605018407365,0.39510053352411128591,499.99999999999994316,0.53950694823014944124,72.547590745772424725,0.090057318430121116593,0.38075464361280780823,0.03693802320443689835,499.99999999999994316,0.027900444641231810644,0.1973675606710051933,0.0020885725562947475911,0.55807821069077223619,13.966135793251105213,133.2563201706554139,0.00074385205574213457413,0.013418385253370607169,0.0012394874947800470655,0.19067453426571207009,4.2449707686114175331,499.99999999999994316,499.99999999999994316,26.396610000712900757,1.9229055697612087439,458.68574312562373052,0.0013853922876168127919,0.01532712538732675274,0.026029742225548026247,499.99999999999994316,0.033282290335179300078,25.751309454496642104,16.81749981369446445,0.4156628963890378059,2.2149255547713249115,499.99999999999994316,0.039436378492626288084,4.0530027064136344706,261.8690867161669189,499.99999999999994316,486.5214405159421176,0.69324292431310552409,66.027486545943276042,3.4186506075150807963e-05,43.274058739152103215,4.8311034445626477307,24.555666062030578445,0.00060093415050569993358,124.31144964805308462,499.99999999999994316,4.6021924120988604301,11.709880657736412957,0.10920231457443325962,0.24178532378018238735,0.025883458041549442519,0.0041727878056656677111,0.0069915819461931622003,0.01822160032145416636,0.36659141784297155642,10.522880904509973377,1.9527445639363969487,214.59119372206171761
1,0.92030237059806985211,0.065282058955167490688,0.096095359504125649197,1.1610755968564150375,7.7521762929708319472e-05,0.00086187755731308688962,0.41747485390716376763,0.0048075832123276570143,5.5444781730322718616,499.99999999999994316,41.019017790404610935,0.05316075956788728768,0.0036062613398817745629,0.012177571566777487672,4.2364036637911839378,1.0143851907414269675,0.2234062993965568733,1.3691760280492377551e-05,475.50111689594098152,499.99999999999994316,0.21851257681050367809,1.3283938710399114669,0.0010066938686664865261,5.0124416246131593411,0.015198784097467292822,5.8878651417770919707,0.025252246383206271296,0.015709466712061338767,0.00033349747053449329496,0.55270647166979047782,18.303046722736301177,0.26857571780700628672,0.020186796410937807994,499.99999999999994316,16.055960140484355492,0.021728231855728703803,0.70981560169962887308,0.62559995374864896256,3.7216896086446782377,0.039616018660953135344,82.220483590969223542,79.988910931285872152,0.37155990841362901422,0.00029588884634540679958,0.00036039703768785726892,499.99999999999994316,1.1903585680306474716e-05,28.679692089709369895,1.4543117027926291129,464.54850163968569632,0.041387821183107062484,3.2309503174444222928,3.1337812525426369525,14.09270217892122723,1.9306516706388898719,1.1179454855144270731,36.884858795807588194,277.66843602428087934,499.99999999999994316,499.99999999999994316,0.00011089827189481210633,0.34548920625731560641,0.0025932893125912123873,499.99999999999994316,499.99999999999994316,0.015373093704586194078,246.79303227094348472,0.29816077285049019663,499.99999999999994316,499.99999999999994316,0.80421442435973944374,21.663092891303666221,0.12505355475825244427,6.111147564791879816,6.9252194004909407399e-05,0.0024126153104639344073,499.99999999999994316,0.032596857759644090602,1.6179298492416649413,0.011121376318620963472,0.38444682867642221424,407.998245077055401,0.0023343023003164335184,344.25022342818317611,0.5387632362225914795,0.26212119021434227006,0.013907033578343204125,0.69727115557284280456,0.015501825806223177087,0.29797866779840176399,0.00069659909474569339013,4.1458594426896517859,0.016580212109529889053,499.99999999999994316,1.2159048730171304609,0.0012277146782535810956,257.24190899296735324,0.69327673102619624679,0.033966932435172930704,240.48169568421613462
2,1.1901423959985020229,3.0178435643819514489,0.0017812349690558876465,29.685488962547601943,0.014831688934959348647,499.99999999999994316,0.0058957462266223236574,2.06006777275653441,0.03655631158386293128,0.43712447717948504922,1.5899539281143704184,0.027020098682424602277,0.00010565969743427305264,499.99999999999994316,0.32717188692032017627,0.66637236366718877179,0.51933806024098783105,1.7447231113556516124,7.9196739404713460491e-05,499.99999999999994316,15.468876438242856963,8.21534225492353265,18.404482368315992602,249.69796465331793911,0.0024071111677711341977,0.22341480206975011802,0.28977083202037806631,0.0039385279755592287124,73.881186390993335067,6.0832830031161488904,97.854742065022890074,0.00045868001173441047373,4.671802916040266318,7.1854380366012264858,0.46937891434983503025,0.03306975144658784449,60.485336639233949541,0.00025940344452709759599,0.017191192927903990728,5.9949299771114672453,0.0058293581960273694459,0.029631973642440179867,0.17734981295057877793,341.40031938200036166,38.56602864928355956,499.99999999999994316,250.58413692945151752,0.00010844067837513106487,4.9677470187806589408,0.012242205196538997677,35.732648472503797166,0.012937924745037188146,0.0055910170717431611001,4.6880533990166606273,0.011740944713861918916,499.99999999999994316,14.270163705463147608,8.0637996695821684458e-06,5.8001402200673330967,0.03785906810885961149,0.033738957554568259345,7.3608596439637556941,0.57906812152595099619,499.99999999999994316,36.305196210808205137,0.0051391457907905124108,0.053272407779635461145,499.99999999999994316,67.331319248007190481,0.0013067006771160594517,0.36430682947232401192,7.0601728064803781493,0.0074459455086621625583,0.002560590493999275255,0.029799125139156102532,0.062672619380110858311,6.2238549974777654938,43.761774575288434619,374.64734420798004066,499.99999999999994316,2.133654780722421318,0.19721508655762978734,41.708601305539538373,0.023853453071482060011,0.47942711909540514092,0.86755374946708441186,0.0040557522532756462574,108.18180907796183021,19.863167267664866955,126.8057762000973554,0.045364165992228894231,9.284876761468169093,0.049175596715912074652,6.2375645978332004861e-06,0.014804012272183624671,0.69144648478594461505,499.99999999999994316,0.0065824842763906130788,0.20851151558944536202,0.026989912808870711314
3,1.0026684191358388176,0.0053199176271334375904,188.16907339173641844,499.99999999999994316,3.4139201038398594434,0.20275360770810263444,143.46433248869692534,0.067890818923312667987,0.19353702240624970354,1.2326682435026450335,0.08509542850823756388,0.00020879526434563686066,0.027041831881869558829,0.01348182957104967529,137.7808771895887503,0.00057374491074902074245,0.55716240997238675181,170.66015691103660856,0.14569861517828175401,0.00090582281819428622349,0.79081160255700455597,1.1627267531779124088,0.0024266930725495867299,25.191578751295864436,1.245479185105326847,499.99999999999994316,0.0050383589661775491503,0.001088966625357117024,0.09500042133923004839,0.70815716460980193681,7.9942593661817813455,0.055608913957659426852,0.49894727592466631139,0.00061522761007779577357,0.85696673951591195717,0.41407511046608863614,17.307922924636223172,0.011639717450114363262,0.23879892381945652668,0.25167048430267174863,0.0046343955465169353602,0.055522958322989160451,1.9078928395742833501,499.99999999999994316,2.7931691162458968696e-05,0.067395398660182126438,0.035847793924901463769,5.0628174526290314786e-06,3.7387575938450798851,139.94123432379200267,499.99999999999994316,0.019675790763378699089,0.40196002604090136368,0.25807791075967440042,0.14799474670767950868,14.466912991614462314,4.2746990078625787747e-06,0.0018976748160385509875,2.9487803178556784012,2.949954940133389325,499.99999999999994316,0.00060370664497679297177,100.58344878170107961,499.99999999999994316,322.8616604167819446,103.29992210269189457,23.990343469198162296,307.34937331576520592,8.8064241843925348263,0.078116071448126073173,0.00046197928636059994905,5.2015315269743043203,425.66062157757767181,70.325390699526224125,0.10839984062803162401,499.99999999999994316,0.077237193036625975684,5.0087508546697439016,2.0468073608808579067,8.8352267144586296155,19.084847761873501071,0.017644056087318841369,499.99999999999994316,0.39725158073151839444,499.99999999999994316,0.057478927626041745325,9.3988133081410918379,0.0028938284751457692828,1.4791981153981705877,0.10803645273579023933,0.01741180241517359395,17.687190056096266488,0.00039984008949337689542,0.05689883242402864888,378.99265857213805475,146.80367449160712567,244.12747023542735292,0.00063322072797835054613,0.0007481320985436878436,4.3442937650421136198
4,0.00063094799964786793013,17.680481576468402238,0.0013418961150663216795,36.687932083926767746,0.0058971278395128492664,8.231843560118708603e-05,1.7593405892522813172,0.00040581614932582902406,3.864311599345654713,0.073077138956134005121,5.8249075005230768198,499.99999999999994316,0.089348503664270162439,499.99999999999994316,1.9945812013015648041e-05,0.0017309647774525446003,20.98388326518349345,0.033243680593539000345,499.99999999999994316,0.0020407503646093245325,2.0867039176322914606,0.062209412015657633566,1.0837945038337952752,0.21740177602142901625,0.044892238363008075963,15.432097243168248824,0.0012393889056765455998,167.84446056542714132,2.4133680121593639178,0.0078206939837120754283,0.085716175891251286667,266.33436730786871749,1.7654157421306602149,12.675404627106789945,499.99999999999994316,0.0044852913457842889799,0.0040457462308669386516,0.18704650558071217459,0.062346580396288160675,0.57428748902873827387,0.0052279985297245578149,35.46428447645955373,0.00023955494454572839251,33.86300356316370852,0.0011261153354634977075,6.698807173467620224,0.14377230279503958044,4.6386248200989257384,0.003580477824235013453,9.8350694096207664785,6.2722014508171562168e-06,1.3856003839272142407e-05,9.2719400502501780892,0.0047237003953328705538,0.0024911977259326886433,2.4255041255315008542,499.99999999999994316,499.99999999999994316,85.709300438015660006,1.0958374384750839692,0.0020422300978858516814,0.35243060810072074363,0.094295341087028028415,0.083242742173397513139,0.0029763500960681525676,0.44887357134256872238,3.3454858066399947569e-06,0.24171670905528211404,293.14204683107783467,0.00011711141300651231503,0.034072987307290018844,0.22911612723524463209,499.99999999999994316,412.38355090582865614,315.93830910193776162,0.0062045349190090809052,0.041503677020357239436,51.414432082492162124,79.434595367605666638,499.99999999999994316,0.00013334254837844220897,499.99999999999994316,37.126390479680786427,10.46310861021319738,50.986387042247038437,499.99999999999994316,499.99999999999994316,0.0053637020001588899681,499.99999999999994316,499.99999999999994316,0.033862636133295286045,0.089931518395560988699,7.3199274959154534415,0.070507261152867997667,14.478158459538045477,4.3718918424507284826,35.172379602848906188,1.3747274079211800762e-05,1.5220090402308683597,499.99999999999994316
5,0.054925274521672617922,0.01538207379390432554,0.11526888070015012255,0.03608350838492358631,0.02835049522276852571,10.063903214692846433,0.048591322042842999274,0.88251984779040959506,0.040230100175783947702,5.4613019401696947241,88.393244205791930312,499.99999999999994316,13.335015278412399198,0.014998954297318546625,0.28604869696575224713,0.015622583649872725728,0.0019302361643965856419,0.029810800350603808284,8.9517051700434762751e-05,499.99999999999994316,0.77127757234926430652,0.00050621468952248419634,499.99999999999994316,467.80752838686811401,10.847141429704848292,0.30931898711823702097,0.57228734617996701584,0.039108554979702676857,267.39129584588448552,0.009181009064735484726,22.989160059378715317,0.1882936778527478372,0.00025614074860083612967,5.6086065382685701408,499.99999999999994316,0.00040407312798835712774,262.79370520566948244,1.2271481628157965282,120.20352337260179354,3.3586118933619695248,0.01881787410798110502,2.1642286858473149813,0.82048664033934559647,0.049929946093326925405,73.332819410495531542,499.99999999999994316,49.805434194530256775,0.0094814926069756236271,0.22745736373125188812,0.016018872993720824349,0.0092948487420667566528,0.011223068075100102459,0.11854275298529229343,0.28452739072796495723,499.99999999999994316,291.46743995763739576,1.074446698209681002e-05,0.036254030995231743828,3.7542145491828004394e-05,25.778508934709563505,0.090255519270094258788,1.535209003154279106,11.292066193467256596,499.99999999999994316,6.9731449001954039181e-05,499.99999999999994316,0.025734095725992816445,65.63379736074402615,499.99999999999994316,6.1613996318482451287,499.99999999999994316,499.99999999999994316,0.00022063243819611352056,499.99999999999994316,1.4878888297058012746,7.3037425970669209718,499.99999999999994316,22.528533487388997969,0.0025572640353535487125,0.44683629946021335977,0.10009415956859778196,0.13455592699529758671,0.02293046578451846465,0.0011641205622628990422,0.00065874960953962182451,8.457183566452091128,0.071574607475776721999,21.267548287961346887,0.47618317329112797021,149.37343261009647222,246.91142722692993061,1.217031308380635668,16.976724875899268596,0.080755431075733380419,0.51365377444601412193,281.48784028471823149,1.5489473786785150633,1.2325752024982217225,22.2076842099631655,27.164891730051667906
6,0.75669762881239088781,499.99999999999994316,0.023558075151051242196,0.31978798008490688654,0.14292698508452286732,1.0383358587865580969,30.970057874123654074,94.636841979931176638,0.00068235417181426900879,9.4918313082202949715,499.99999999999994316,11.01823707059317492,0.210787293936674891,0.0018392158756793384501,0.21752274885918465586,0.11968556872894937915,0.086184173285023854549,0.55844204537503994157,2.4491510821694628675,499.99999999999994316,8.2159341481725647327,187.11739464962747093,0.066204627656698641913,499.99999999999994316,3.8330916182151186788,4.7243976295147778188,7.0986110984961259263,499.99999999999994316,5.995437198005821422,0.82471902021386922499,54.475062037430198814,5.6193267032872862288,2.6347331969656724304,0.40749072369484873324,5.4017476049508665881,499.99999999999994316,34.012514923235968922,0.00052348926222571751446,0.071206339517854669308,0.14162695018773396871,275.88359980211737366,0.032360706140192332936,7.0655210669669292756,64.54550743471655494,5.5102633680164210261,2.1776501136525401314,0.0014745175898733813187,0.97094145469292758577,499.99999999999994316,0.00071999306157156397167,22.878120325605745933,0.061058251984423335401,0.79621881012577166992,239.96206931682965546,0.0026915895658506409568,0.0021854524992728097815,0.17683576372993267678,0.0043036332460691106849,2.6339945918511946665,93.675920988589979288,88.932457846447590555,19.967749528532984016,0.7448477745321193666,34.8801670710261007,1.5728411142156961677,3.1306925741543345509,184.69237162546872355,499.99999999999994316,80.194921093956907043,1.6167784849561965821,152.14055312294163969,0.066124708276256966011,0.30976105833743844409,499.99999999999994316,4.0706339240098881049,0.15451687171904127105,0.0013659123616447642075,499.99999999999994316,18.39376293349181779,2.1668268930257030824,301.7459955323576537,148.92035792247202153,0.049259642128670885763,0.2977218170390321661,0.2798139572506231354,0.06521559931732849591,33.895464287001580317,0.77292378732043109935,4.7261220968774058093,0.1989779030168647711,0.61998495995162328231,0.00041300170657390764418,0.035159178127895457378,96.554495859652220702,499.99999999999994316,0.0055397453349399728914,47.589238978050119044,0.00080898325486912893781,0.48640734910198080154,499.99999999999994316
7,0.0087950820088985824652,111.11696080103143913,0.047155229761310681058,27.092582241002457266,10.908374407993925104,0.35128367268199855999,0.037241165412218849018,74.640362368973626417,1.3203628031220371319,4.2755082022748016612,0.31723377271995051307,0.24229787416339040873,0.000449848340841152211,5.9099495563630277672,0.84503540827266143687,1.7367008293721242218,11.051750618210007815,0.068651541615595640389,7.2683062820560326855,3.953221561042940646,499.99999999999994316,499.99999999999994316,2.6747365873460884345,9.998233090269206355e-06,0.29903367857968576882,2.3702328039817301963,14.159474716380838544,0.11282047248279906959,0.028738343296346970795,83.365231723262979813,0.00029201619888344907457,1.0926057672648182717e-06,1.3731604429583903482,0.00022103820660988589102,14.191778452649163711,0.00062506366170120091462,0.59816949245164618976,0.29694491973803571749,2.0601886652035963365,1.5684700510175728638,5.0423857639622760127e-05,406.9017756538668209,60.874927955197925655,0.099759453470111544848,2.5791890471976168797,1.2354360083302557971,0.00042789260099410634424,39.798856635357076073,6.5665863540370528165e-06,499.99999999999994316,4.3244683009060436662e-05,9.7684334621923820663,0.00090172610251624586448,0.0035072521162097937235,132.46124861263459138,3.143647076222054082,0.076159886913977806189,499.99999999999994316,1.6609980346689952047,0.40626336625445319539,0.0002285995350409809597,0.0030721542384008026887,0.0031307030972134602433,135.91139647601042384,499.99999999999994316,0.064391497580271350731,499.99999999999994316,0.17310846159152612489,0.00016272115008978749792,499.99999999999994316,0.019726454494832106751,13.780902618404924809,6.3168653236108580629,0.034201685394253014683,0.30549682208087958202,0.0010628503258900275866,0.53063086722124763739,0.0096383464924563490295,0.029828786429979624317,499.99999999999994316,0.25315764199920109956,48.150045544973131939,0.18510874817157085825,21.443648879326147494,0.00089597504312841807269,9.283480704588162338e-06,20.136851104462216711,0.011689727801408811292,0.026361385273012748892,4.3228330392131910642,7.9166558886312843557e-06,0.59531394962929584658,499.99999999999994316,0.0058061777699987488291,8.7837627774444904105,499.99999999999994316,14.430100317474295224,453.67457991166617148,0.0023031357045037110023,499.99999999999994316
8,7.0126238180867765948,175.01252454732721731,0.068119210454953921241,0.63814090652080268651,5.98692577688196792,4.1494826231455697041,4.1124347876001898783,0.64222841358321081096,5.5414646019026987389,0.076094605938602996598,0.0011012697427237980348,1.9306249188011470608,0.59920636608870114781,382.27049738047810479,25.417839779216148344,1.1940609375517670099,51.964380993435064227,2.8007454978295718284,25.547492998231614791,499.99999999999994316,0.69294169634230717847,2.4459850104727176578,499.99999999999994316,0.1151025060720498594,8.7415901567523764159e-05,0.84233826502566933048,3.7699640779724918893,0.00027809434631627898268,0.0039331477254014365202,0.01703273049560525762,37.373245079206064645,0.59970823870950429324,499.99999999999994316,0.5998130720884969902,3.2347636217523816349,1.1448687449972250185,6.5136254103843606008e-05,2.8476132393145192623,499.99999999999994316,0.16006538599065675554,3.9107313661278562122,0.062135654733421488705,0.30083363135837565272,499.99999999999994316,32.001452804040759759,9.0447675859283389599,0.05313851438268555466,499.99999999999994316,499.99999999999994316,0.2143500730995325787,36.43987939860749492,3.5702512414800611218,5.9620728227441555092,199.28403720794528908,1.4442851215776852936,2.4759436885915451221,153.03852750654843362,0.00014211711906952331948,148.98945462778289084,23.669300241644805283,0.14250972189449379046,115.94568500820190593,1.4070840304604004256,42.081973721334399841,21.185572217924402594,0.21439728915850408963,127.10437518556143743,7.6905051129198351845,0.14815525439687757259,0.0042772480950754691864,0.0011329053127673476345,499.99999999999994316,6.3514440510035798937,0.11551159049395434697,22.621455284722287615,46.431271337506757391,0.016664367904798613879,0.018077075426856804852,0.00032639441601196454755,441.40015885048421751,0.090719902508947514175,499.99999999999994316,3.958658730482851329,0.092901533369532302009,1.1029408373996394399,0.013390554348054448802,0.36083949441967111404,3.1031891728158389476,0.00037595543686855270073,0.24119896516854924529,3.6791896417443354067e-05,11.269964238350359764,0.0041929049239884099917,0.017499513601115325445,1.8333796416613163949,21.56005206043639788,0.042225569391056830271,0.054706516949739651678,0.10305014225017712637,0.1635482063463589153
9,3.9875705076097931467,232.8650416874129121,7.5370007482838030557e-05,499.99999999999994316,499.99999999999994316,0.039952360677972982572,178.62728019211078845,0.001509226560512500143,499.99999999999994316,0.15155904219851015768,0.2059695513278765322,0.00062073548791597929226,3.5066961576175295079,499.99999999999994316,35.31216604904405898,0.091277675422692952645,232.35019137318289495,3.7880394701351325359,0.19902440927338566068,0.35859907734446000438,39.167770297785615696,0.81980685463645985855,11.803719822548812246,499.99999999999994316,1.7993176278096028042,4.973645913489765924,0.31836233241121036919,0.14506126931834298355,499.99999999999994316,0.13598830336984427114,0.049146391981324748233,499.99999999999994316,0.0059434248984732698448,1.037032697731962827,8.3190734969729920323,499.99999999999994316,244.30956023063401972,499.99999999999994316,0.001333068457030863645,7.3655483485222372764,2.145295032616717279,499.99999999999994316,8.7557681529859811786e-05,41.502163486988301599,1.096821540386580196,499.99999999999994316,0.032364489677899899167,0.0053355176947629317716,0.6865053180351941009,0.07969763375689205287,0.23620961523154920814,0.00029186050959854154766,0.050959639892080445256,0.40692061449252669991,0.060265233254141181707,0.00010376426192010572598,0.022320817894844139501,0.18423942389305661416,499.99999999999994316,3.5555442718960796888,0.12593000427894238125,0.13348268964580431439,5.3516508487353460879e-05,0.0060139757378279909417,0.11345597611353730461,227.86238675156198497,37.999031478499915693,0.0075011628675549059733,499.99999999999994316,0.095765184952201917734,32.761663763670568983,3.6677038365574038295e-05,10.344916217629155142,0.0099416194913100955355,376.30250090635814786,0.0026803442839288221626,1.3306333338081157702,0.85236691393902319636,1.4744916780722581162,0.015676114259977561721,0.01855128300735900751,0.052449618226039745883,1.8901644497753411489,499.99999999999994316,0.72306844234024159057,499.99999999999994316,1.5180963819344877042,118.92713839385409358,0.24060948934293777124,0.19385511347692696571,373.45431197203822649,1.1865690809544700013,0.0023029754310115932436,499.99999999999994316,0.27124085967069722081,1.1051860880705695056,0.075477195923455753235,3.018637941218870413,0.025129040465347092514,0.039719183599780827354
10,443.74798056489106557,223.55373560549509193,0.30740821243926369499,34.132644628465456549,0.011948336506133595478,0.0019100032241065863312,2.4841320860268876203,56.079429447783546436,138.55445316057381433,0.03824836144839454527,331.83740653019930278,499.99999999999994316,3.2209531786333003289,4.7681864363295097366e-05,499.99999999999994316,0.094790602367367415848,499.99999999999994316,499.99999999999994316,499.99999999999994316,0.26639276639031395089,0.14549850061999292095,1.053053353311951934,0.16742323754168783601,50.342656056846983859,0.026861663236532599963,24.269804024836851397,0.019930396433998225775,2.9430927749807402294e-05,0.04539906308695051268,3.0102726454036625725,12.771873910579824241,24.987700607895632743,96.831017037520240365,58.942275477422064967,87.871518697270630582,0.0035243927874971884423,0.00020097138556993986483,1.0970155603237707886,499.99999999999994316,0.00079321590969772264208,0.001528471424747668457,28.892254677804690033,0.090929128090158337083,16.483362553580509058,13.012878678051391645,0.27933498798192146761,0.091044419542203589013,28.152141148978191865,0.12069617974049838549,6.504723281808814761,0.01010928376430751674,4.4373566222425804284,0.043958988675811119795,254.24788276386215102,0.00011741463003109046058,7.893312154322678964,0.0060812615984176098677,0.00020498161078781089385,1.5943587064620592386,190.73623348776837361,1.9853899826769656478,1.0686297662576149659,0.073035043044884256913,0.16445782516785040217,3.3945057639677607142,426.2341558167228186,499.99999999999994316,0.012210822289614066752,0.54117493835294971927,0.15241971728329289926,25.462199573599061608,0.010914226417057115368,50.978046524886394764,499.99999999999994316,0.62135898164726910409,0.065593262313205405456,0.00047684101911269968777,499.99999999999994316,0.69240973886127299419,0.00070253650383975704916,2.4618955688751289479,12.499722288972815676,2.4145386479333907914,8.9993127156806185241,14.625453277171370559,16.863926724409903812,9.9184671764076437483,499.99999999999994316,2.6900917501345436023,0.072787784618926196223,23.163210820903724851,123.85079714162618814,4.0499362460130319263,0.076642600620300593839,1.3414740552485061257e-05,0.43855928941449862091,0.001629945723350539671,0.062205041681770781303,82.639841248805439022,251.77706511263650668
11,0.023600701066687775065,2.0453431654883229562,4.6823636474195141184e-05,0.057769473175426792888,88.268445810034805277,499.99999999999994316,9.9999999999999995475e-07,7.4540738076852092121e-05,0.016367281199889956167,4.3297999324205242999,0.6524607760216009078,499.99999999999994316,0.061549111941638555423,0.042121244423775495991,0.42104477338412565901,161.69820376623800939,1.6789319189906675889e-06,499.99999999999994316,21.513764535563026925,12.648817530096785333,0.22501332804477466865,0.050816965846920025829,499.99999999999994316,1.4386051150182015412,0.0027470192216030335161,5.5748151320650363161,0.4653611085889102772,0.0045218212706087234504,345.21552413765425626,0.64152709681873421044,18.738167445246496357,0.02472076908964282102,499.99999999999994316,499.99999999999994316,0.45140610630977456852,9.8468444801051759896,2.3598691155570685751,8.9350614457212795827,0.0029961082610964633911,0.30951246566745405087,0.0083533581462557661423,1.8084468058579035166,499.99999999999994316,499.99999999999994316,499.99999999999994316,46.574114919477018759,125.67075055385468829,0.017967787731659388278,0.25291970367303484579,325.55708136123888607,0.0001330717279705551342,9.9029324365641873129,0.00013026088880008554862,0.062823463277175028985,1.2815597339461768378,26.237908706926077684,4.4859674017686739234,1.1627475154601004108e-05,6.517238328857017938e-06,0.00033909600791337003983,0.0020737647585745526413,0.0072884445337871419171,1.3993321259698468092e-05,0.0060813137139576660742,1.5349935075351381908,0.00011296538203337901215,14.564675256369438827,0.0005214557670922721766,0.27316860648809404566,0.78620844969085845744,0.064146282787381686541,0.28762054847851664663,4.0211197343482289415e-06,0.069258732036569500834,0.76204627320883633335,0.048583338839736422976,499.99999999999994316,178.3551447662104863,2.2658339503821345318,0.10173913195391974529,499.99999999999994316,19.337706888599001331,24.244936632857481129,0.050145395335053681574,391.94021069646896649,0.037081974237756658297,27.092857050569346455,8.5744020914690021427e-05,0.12577154224052594644,0.29107096570918811196,181.08771462505868044,0.22968466471513340754,264.2967125179839627,4.7065866080631550972,99.098975072878886294,3.3300563556577912432e-05,2.1344685791018078724,499.99999999999994316,499.99999999999994316,499.99999999999994316
12,228.74531275815340337,0.82779056716397902971,0.80469586138049209456,0.00074696220627394540204,1.0184226235886888468,0.5211414265964973147,4.0210967808997635231,38.108465208354274978,14.184204877775478337,0.051931011235671155346,499.99999999999994316,0.13762198391083696469,1.4338999452963898662,0.0043340070770594985028,14.534251693284485185,0.023401278160518949878,499.99999999999994316,6.7038763975090569502,0.03581298697218891075,0.04238293088059363195,3.4441108665805093558,9.6195632209322212702,55.402148103281838587,14.792732883271911604,6.8115208852850424037,0.021405387838173795673,0.00064252777227708770744,197.23945339227921636,4.4711546476824688256e-05,0.0064397982686631551411,94.292780701878299965,0.010190286940209212357,48.064118756742871597,2.463564988869516311e-05,499.99999999999994316,0.008476544706076255542,9.9959460623193177042,3.8553893689338930659e-05,0.25820593542163033929,0.0021620982907915539152,87.724111235555511712,0.218511627211263465,0.0049690419809851225572,0.048490625504853099303,0.94225434844378530563,4.9218597587081278633,0.0034710006764640160062,5.0504631027002400145,499.99999999999994316,326.55823580800426953,326.1896136242903026,1.3231889994291203827,0.0067129717367588681923,0.68255337337280808097,499.99999999999994316,0.79546472426727798943,0.00031888049999644003983,499.99999999999994316,0.0058585971250842607677,0.29056679334737350873,3.2220538824575353232,0.0036454337463652278749,499.99999999999994316,107.56910924472111901,96.20263186468520189,499.99999999999994316,0.0018594917256362013085,58.731774187690469091,2.641675515251932449,5.2281271884151893771e-05,173.48661334446973115,0.055282489923821918898,409.29511432745283628,0.97639356173505698067,345.29064546896978527,0.0056540594990028151048,74.568811247572170942,0.75355060660260342331,499.99999999999994316,1.2097075643970240932,3.5894447978902053187,203.06614887812423831,0.075024975426339221563,1.6284238918640312477,499.99999999999994316,1.2986996091039146872,499.99999999999994316,1.4600231302322002058,105.22826600356830795,0.033308667460985479092,0.00072150494895665564198,13.85747939953554031,0.014122722071448004511,0.00075524712816859142315,1.7608401167672866894,0.00023515744172835121532,2.0874674907680761393,1.2026528581534168261,1.9570365284385791149,88.003441801767934294
13,1.6483868535398593647,0.51494319449667580457,0.0075186736457760628555,0.019178755039785975317,0.012525408037661708849,0.048783770982085576662,0.071246636983286079636,0.00031346259136235120639,188.60643707761775545,0.047146558966079964159,0.084403635854206543465,0.76243518824737344097,0.024211602575762207479,69.628185583566875039,499.99999999999994316,0.80751737746406926366,5.4076455246479246952,1.099144925366057457,3.4269028576557172272,0.00015701450451813248315,0.058124321872824250002,0.0067180123362611593105,0.0047992960512715345314,0.075818733829317822015,0.014072834519261483849,0.32101486747103424868,2.2346583814964172097e-05,2.8231663331570731046,346.87853574541162516,72.786156846868223624,1.2413534910560963809,499.99999999999994316,253.27482338294657893,7.3726155631093002185,43.880063836281401279,0.018893341591486919467,0.044301450430975906902,0.011820524775654196042,0.00089007287239478499134,0.32564584033549676123,0.0037829953600417905862,499.99999999999994316,0.060162899437327020669,0.12437175519778542743,0.12732512977158141898,0.39063621738759191082,0.27167348953753317486,0.0098825152608168504581,315.60601146850956411,0.6530934836190329662,0.00036213923876766225454,3.6718479787596381174e-05,0.6324122576276882679,0.26239438233843909165,24.551132563254544294,454.74173060906446153,64.576533016606731508,300.65256334792343296,57.213571993512708502,22.097436671777550998,120.71235512483501395,0.030256228144001327818,0.0016698614812466049812,3.2214649788454003954,0.00089471902246027992973,2.8750228624451272808,0.94407406280165717671,6.6325983811784832156,4.1438068380846536376e-05,20.391883653653763986,1.1830086297623203517,0.93967077536177179287,499.99999999999994316,0.0050773667162900010946,499.99999999999994316,2.6245435024322039119,6.764882953803809329,6.8346817320135688157e-06,0.015442415414911946081,58.574358144676381244,4.686946758503061725e-06,0.0002118187325233417454,9.9999999999999995475e-07,1.1766259110934031984,5.5513019533204284173,0.0054747628988895055691,0.0017222793660501547683,11.600420473907435692,499.99999999999994316,0.32080132701433061726,3.2193271429880132573,499.99999999999994316,0.0002169082846016015672,2.1522823969519921938,0.0097840444523489677325,0.79158587084183984484,499.99999999999994316,0.19549181279607871775,0.029125720234905897593,0.56301890620533368015
14,499.99999999999994316,6.0337044348471680977e-05,334.14556384559182334,0.30888738793014053341,0.01522648918159986986,164.96880941343331983,499.99999999999994316,4.9333868926652737485,0.96267842960077432135,0.0043772208319964069079,215.02433843554027249,0.0075799927907862201665,0.038351715074717893095,0.0011382266443903568242,0.40394689840694048,145.11131491397227933,1.2968746549460254958,153.06367584253780478,499.99999999999994316,499.99999999999994316,0.0031166428194508103561,5.9009355436384787197,14.161668230089054177,0.0045974490993612787335,97.428401484604506777,0.93101043959991502952,56.169574531999479916,1.9667072819760831326,0.23436724808656905772,1.2439674805851033135,0.026161978857293238798,0.093206789085697419606,90.457307066551194907,7.9229001886267074184,1.7492507281419922283,0.91307503513718013544,1.5348274715128065182,129.76568519870863838,1.1749211161439879699e-05,499.99999999999994316,6.4053107024074718012,0.26145932222116724519,9.6979419659185326199e-05,10.953556894251754272,0.012672033019773987217,0.17911117743155696713,0.30511158179286496095,27.775572885170529247,1.5527849044869046491,0.0016998494894320745341,0.17006103431519559166,0.29752329668576910082,0.12284492884476991281,78.82723099842402803,1.0855578797070196946e-05,0.25684735383696133404,499.99999999999994316,4.1495190838704711922,499.99999999999994316,0.00011198221387375144505,0.0020234742355391749022,33.291686281444093254,0.11748397158572206067,77.908492806266224306,8.6322679317215058603,13.067443555329525395,0.29930680552257965532,313.765038151496924,0.027270783698178785448,19.560098179840821331,12.216732958932361441,0.20433018307954120552,0.0066630035489401058524,0.0060233793515551258685,60.046584131365335679,4.0678152137388894777e-05,499.99999999999994316,2.6756243051797291935e-06,0.00068492483510464879405,0.3593039518592316961,3.7196126815842990804e-05,499.99999999999994316,445.01710397467502389,0.0042545328700749280096,0.80628256460039671172,242.4097059302927164,37.327452683492900576,0.078704346180603443339,10.19424221794814045,0.10333692350782835989,24.658162334403936455,499.99999999999994316,0.00011400170508717685813,19.220236419806933981,7.4162570127280993404,2.1021962137374621271,71.133891846422628191,13.314990454132383135,499.99999999999994316,0.45460805000154114186
15,4.7754489831351092377,0.11130990031641924132,0.039158600916629683619,0.10727043242535250211,2.2154618909218615208,1.5353215505135666685,48.182236357277012928,2.3573486957073659376,499.99999999999994316,130.06756305085764325,499.99999999999994316,235.30248121427035812,1.902936492340273622,0.22837703646137236246,499.99999999999994316,0.046052073305277642368,0.27532316572301396285,0.0006399797054976776858,446.5333120159073701,8.3057606285935250412,0.047090519889046417168,499.99999999999994316,0.039691110929468587099,9.5550516473435198606,499.99999999999994316,0.44675722865797862227,0.014718597297038693919,0.41721928299625998804,378.68103225335772777,0.009773205460350624027,15.212319869029840902,0.0079456411926317020711,0.090383777779763918581,0.97283527511016931744,0.013743327700923043191,2.1008019291019741637,0.073647673429672530498,0.016979879646952557304,0.0006436668739249919299,117.88792946562760733,0.13872977171172870547,0.1173499999191014026,0.043017607447853545288,0.0090429525397017276878,0.73126477650534915664,0.061787463577233928125,0.027913928141627530194,499.99999999999994316,32.911998508159165056,0.0072730205330192422911,0.0081733526758385084687,499.99999999999994316,0.00048979924380833210224,5.0279338608777290887,499.99999999999994316,0.055538338208058764256,499.99999999999994316,0.48417279959356285257,0.08145384042501165045,0.11627785325088635382,452.76897101422758851,0.0015905665457224694558,5.038130749811634316e-06,11.219613431241441504,0.030860087004371782038,0.2170427289850539454,0.20920977052416886433,0.0014939638563747947072,135.76453856398717335,0.0015509897388534003501,39.460133271086498041,0.36387688907398701987,2.2092542094555551735,148.20155028663160124,3.0259803505203146656,0.011627955668207028486,1.1246851545940927952,272.16497319703637459,0.0042654895504037658796,0.021487533821666460199,33.60312292241890475,14.349074317177294091,0.0035710768641930498712,2.1616729605739455344,499.99999999999994316,499.99999999999994316,0.27905502999953657461,0.0012420863725054365374,0.00010238259571333069818,7.9838251767444141649,133.122999183046403,183.24299937523872472,0.0039018871274280717172,0.005363181810208459202,0.42662175015726711003,499.99999999999994316,5.4048758696945116142,1.128040075743518722,0.00032977510561375768163,0.42820718711360322706
16,52.278710981764021426,99.370806554254031084,0.77450491760436301902,499.99999999999994316,126.75385552140353695,499.99999999999994316,0.065569307366893314626,0.010523229782270599256,0.44971414214274568755,62.17402115435034915,19.825689647843990571,0.057819261107939196043,0.11280054220438358314,0.00061197026304082326447,0.1368057940490503277,0.18273485121959615052,7.0837952906251517859,0.68138529578835538292,2.7568861441035328319,499.99999999999994316,16.895412064931946361,0.018702818145741800099,0.73008379527935141073,0.23549668122699565775,1.2588692137986565722,35.880231095674197661,30.122946071843397675,0.016280455386778230203,1.0830967676000928801,0.0031814095113515956752,499.99999999999994316,0.10110979739359339524,0.0025681064236680443448,0.026650113918227320148,0.058239814183341481746,0.39176565509614397209,0.088551667483685245208,2.0707562173834945796,283.88707582904180526,34.740967720600359314,0.054823420481589682507,499.99999999999994316,6.0315529533052592015,0.0043316690558297078414,62.645922669995819376,499.99999999999994316,0.021540341681821967984,0.33189389738745372904,499.99999999999994316,499.99999999999994316,8.880635748435313559,0.59334340705278099115,16.598844038690778291,6.6329609355165768392,3.6672635665129229565,43.323543161898825815,0.01692077869023852349,6.0208467866823225378,2.4515724342878764119,0.047651478123876399307,499.99999999999994316,0.00016593800950644814192,0.18597152963293334116,0.17356164765796713856,0.087913765719176598101,38.255763117670937845,0.096841818914490424008,499.99999999999994316,137.78105524578958807,499.99999999999994316,2.3205430101520039265,0.0039765793078345938044,0.10120718849502126357,7.3433368905273237459,0.032955239702065847185,0.0090962638537122105648,2.8050432370105953108e-05,0.0027992893444069360739,0.80835049319626095521,0.58472546549535064919,4.3127317926560477801,0.0070413302469598789204,10.105678383569317802,499.99999999999994316,3.5877852532968961263,9.3678451416297612298,0.070539167929186491479,0.017840916144926062537,207.4775287975914182,75.645209009344256401,0.0005585304722246389568,0.039602763381205018101,2.1334349201072440039,499.99999999999994316,25.603953089284996025,0.040534808607552305637,0.011953262178509529295,0.15969296235151850261,5.7224660666189892666,0.81596271073175707933
17,0.23983866202406831092,5.3422372469450998267,0.0013285510341219559927,0.0086492505018586386678,499.99999999999994316,499.99999999999994316,0.48401422927045412159,16.238588075290074642,10.719090142010388789,61.097532741985382643,6.8646754921927977122,0.00091178110236564099186,0.84154521766158962848,0.024091942018070668097,3.0468069537994884044,0.16377341660626243414,499.99999999999994316,11.385420561673043949,0.065299065506301906536,0.0082076987507149340439,81.28846851368876969,0.44458243159288024504,136.7116725154320136,3.632233896456144695,0.00047469556092274729081,378.20458316722869085,130.16374620454982391,0.0014292438286788577018,161.0144958031185638,0.076003587858849350201,0.53778081635551033823,0.020725379516743136499,0.23946313359697651846,2.3065114248456008994,499.99999999999994316,28.90412638363842035,0.0043003337707393229916,10.876154153879561193,23.417275424730402023,0.020533802168982449865,232.97941892782748141,20.328201249212590085,0.16152256937106024282,0.073884394686680190945,0.00458387210808184134,2.14090095188419971,0.12193400967932153944,0.0029403249680411804381,6.8956466774460745128,2.3022392323096929623,4.7462529809581850415,23.662369378746721083,1.3108834755319191956,420.20616574186664138,117.48281638340895938,0.024546077158961374792,1.8570069606446180099,0.023353452730271537924,0.024794775607397755157,478.43039602166766144,87.446861848643777648,11.490062182157315007,137.63809007012210373,0.095670668571847528039,0.0072070507465645874956,0.0055357575874509712052,499.99999999999994316,0.00014121779488793670897,0.20422335375769581911,10.133706999562875239,0.00064421307574654264414,0.017033607810910952191,56.296882462364287392,499.99999999999994316,0.078251654331401188092,32.929701601036555303,5.2057856027675217803,9.6271784800774966584,499.99999999999994316,30.316037621781305234,42.359302084061759786,4.9956007004172944264,499.99999999999994316,499.99999999999994316,0.0020606154925399446098,2.5437539295659767902,0.0042420601220490138789,0.12930599090691144437,499.99999999999994316,4.1698577071219373735,0.19643278413091497248,4.8033917801550547466,0.063914724214697030136,499.99999999999994316,0.12904657984999404197,9.8753042058460600572,96.884275924612552444,0.092967650209385258031,4.2717661603408725313,0.0014491457116210040845
18,4.4685273423566982247e-06,0.0773910965499675918,1.9034070448959941046,0.16512295820169098359,0.0023473276562814616476,0.1223601654104326808,0.00081504665373288839522,0.19698622299212550923,17.206202517406261165,22.97045178201861404,9.9999999999999995475e-07,0.009510937584575003545,7.325927667658770126,16.20097470381029936,79.304109500321956716,54.981642901924232092,0.16422579834693193379,1.0760770462526296765,0.042406249702906156918,0.0064457393665574283168,43.145227758326200274,16.387760338791778736,499.99999999999994316,42.479319177036366284,0.35827494292213013516,32.662372388871787621,3.6633909654343255191,0.0059432983444992672911,0.00028930526492201944378,2.3356848276725998836,1.2278550305815636445,0.0037874762555006082076,0.013794392832113705136,0.003799924878789598913,0.010675266692731085263,100.86447597887617178,8.1003184266460444007,0.2189657201213371096,0.4868317758090923153,0.0010770749775223147429,0.00042842884228155479016,106.75234607167151069,11.516625991514368721,29.449239772451811348,499.99999999999994316,0.0088213616089954614841,4.2547587569650442418,0.85363355798545947906,0.74292858947992790331,6.2924353487335666912,0.029894372109723073294,0.0095826685871140872969,1.6545717058940234701,0.0047153706730379135736,499.99999999999994316,18.015876043373058479,0.01834921593507118226,1.0438367672641799544,0.034063681430983053233,36.220462501296999847,47.817881621750643717,0.017660958287359192903,236.60929659400625269,52.63470609298026659,0.024084960145618318494,3.6479971455593349993e-06,4.8612356217262799873,1.5232111624939765893,9.9999999999999995475e-07,4.4217535981356039798,2.3932564369784325997,499.99999999999994316,0.26874421330362330274,0.010462375464586781693,0.0032972614997075697096,0.009557775272798746391,0.015107286640973388234,1.8478717937384605552,0.0033684054938086121535,4.0157899274223112229,0.20891640497509381125,0.34630991095804730673,3.0129004746584047147,0.025253030332838540678,1.5194438120628424027,89.582340982460110013,0.89852250308913383936,499.99999999999994316,0.0045043613591155629364,499.99999999999994316,0.026974013387913040041,4.5613339557254919399,34.458616534602022341,234.71581968523901196,0.11374799361838777711,0.15489497938225973983,0.46502890031984073227,52.443825059751581819,113.98854101687277307,499.99999999999994316
19,0.9257282941449094249,0.028051312730906999976,499.99999999999994316,0.024219329954443008512,91.317576122390320847,0.13195349542488349348,1.2377353950308005448,0.69941385414465462311,12.57869845157634181,2.0918554428278393677e-06,43.755032788394800036,0.56546166470589109831,42.555331125987649443,0.0079731026775616917895,478.54197755109441914,4.2870135562243758542,0.73010774086474350408,0.19937803110623397718,43.25444690974298112,0.032852542182719338126,0.2091049008992191538,132.49214445193712208,0.00047117360071694029894,9.4299246909405057748e-05,3.8218665101463789036,0.050295640744557640334,4.7035513108135100779,3.9020502872352196277,0.0096879989469607699637,0.039900584135432425048,489.50357292466605941,499.99999999999994316,0.014200122423930651785,0.00017278841693348103944,4.0947493626148645518,2.3710040207412599322,0.37036289791739995803,0.060209299290365420054,0.0012054543210456246643,168.21305098372945963,10.382410935227591509,0.048745208094600034343,0.075383304649265805986,0.10437330099095014357,499.99999999999994316,9.9999999999999995475e-07,0.15411914395238845987,0.01170748261422707541,2.9955501204076200317,6.7608335183921790105e-05,0.024357935444305672812,0.017318826000480763705,499.99999999999994316,0.011965438977171789781,0.65656723270829042693,0.00208985715852843916,56.620422967840951856,499.99999999999994316,0.19152097038725271472,2.6179224452341864904,2.0065417062161547967,499.99999999999994316,0.10275392824904905353,499.99999999999994316,499.99999999999994316,15.481042501124386845,0.61024814762740942076,4.6010520495464106818e-06,0.015989151631035369849,499.99999999999994316,499.99999999999994316,108.73425471632909023,0.00095742269512326145121,0.0076898754142324344737,78.058947686075214278,14.81930991373638129,0.15371670897319622551,3.3204870943036002794e-05,63.454377676019433352,0.097162593626009971515,1.4063451106312037098,0.0047460952077380000672,61.561410702239854231,0.06562183213365788137,65.761200169914545199,1.4011645973413213717,499.99999999999994316,5.6964391339201121411,499.99999999999994316,0.028536146604500697843,0.41275795915826662963,0.011018868524282465771,0.11183201585259218425,0.064992367948432952507,0.045513705664763565162,0.30070213803180045886,0.11880050105279650607,499.99999999999994316,0.045378718077572370582,0.0027990133751292409735
20,354.99952440174041612,30.478927903507802455,7.3565285888770411875e-05,36.474090893715093387,54.331616725591672434,0.46152603768040545429,6.2426815541878974969,0.60673213541049508812,1.0341756091621761016,19.243474710768932567,1.0756867590163219361,0.0051698481510029786756,17.736362942923886266,0.0035245596383588905127,0.00010743124705355741643,35.718242622858085156,0.34206232640920641863,144.67233459527960804,0.32173598930889829584,0.010187853092318755258,0.27533231839675470498,0.00090882366699221819352,6.2589547459348436826e-05,0.0016516849850315830448,113.62576689791370654,1.2519628738285337732,2.8394861337564503145,499.99999999999994316,6.0579832023987247806e-05,0.00010675846734626308527,0.00080320895565065097803,0.3683162474878711734,4.3396164422212075706,13.324617858651135904,499.99999999999994316,1.9860154438387345177,0.033705241360187480903,76.034155923892328133,0.0011374403047141178492,0.12244956979237237027,499.99999999999994316,1.3311759094296213846,52.160611962275197584,0.024083193523768739452,499.99999999999994316,0.048581329774220943785,0.73935822609712376074,42.220151530019293773,0.0010365050607541097076,499.99999999999994316,0.015841146244577782032,0.049891731132968068774,69.608457595960317121,0.0048440223105007274712,0.043703215309620867257,0.10976172725771045358,18.348784730375271579,0.007644707135191326601,0.70661014078340567135,499.99999999999994316,0.011651028200922395814,116.00597786646125087,18.193783074673110178,74.678450208680530409,0.24885891355774797384,1.1522561022684880694,2.0500956993651027882e-06,43.31529523401275128,374.77789537942283005,1.3355173297587015213,0.38808286766460720063,7.7318045671104487226,3.9178648212389663996,261.3119259609504752,0.0014190454897250138686,0.18215318329844096268,0.037510202789140599522,0.14526350868180593068,83.334932571223205855,167.86273747334422524,1.7806984059650003971,3.4870530027278965335,0.073212489554672605108,17.851124801351218707,0.00037048649640647511941,0.00059015222711463572944,0.078966625917333790885,0.0015660727827647973748,0.008508563147714467631,0.3900038825523420849,7.685445886445089414,0.044111889987562477589,10.087098118080879416,499.99999999999994316,0.57804734688492287464,0.0019715611379442989255,0.17374223471491651027,2.2836462740592486931,0.0021452438659170336259,0.29134159806103976376
21,499.99999999999994316,0.0073025273517739550805,0.071463066760815568967,0.056594842156236203901,4.4879089627690653685,499.99999999999994316,41.021595567551017325,1.9339673080617882928,0.11127035806291285525,0.0089788323610006694209,0.10131318390526339313,0.12777371822420185987,179.25480905391810893,18.475133175551633258,71.019794799381401162,499.99999999999994316,0.00014828992769334658304,0.042577699276917381488,499.99999999999994316,0.024026404672330230888,1.5930219811600365709,4.4656134174542110316,7.9579951416107157637e-06,1.3628630549875468958,1.584693602854558403,1.1117969484856928819,2.2562477836362053729,0.39448844595295579074,88.232920481994341344,0.0029450191164671459323,3.6361085356320725914,251.93425630373900503,1.1814818952909793559,2.4089154704962045805,0.089962246374217402778,1.2651885800735294119,0.67607534791441359356,127.28965072281326343,0.55041436875625882053,34.530034308053089376,0.092521615426442410657,42.747784103975405401,0.0039200600848329067091,5.3038534697531121154,149.63904506745615208,29.268584897600756989,0.0035771235792744688654,499.99999999999994316,100.39473537965156424,0.025360491222497595631,499.99999999999994316,21.946151311609845891,44.131125144184970566,42.565733407139376254,197.06420559919632751,0.015978738614190968192,0.15295413975520225081,8.0740048821829333292,37.204035606904596989,499.99999999999994316,0.22059548410587750955,0.0046525221331827426932,0.18497540962165148759,1.6017558453076417013,36.376051187695722433,14.308297018985914661,63.230386576933675258,0.10215604190438729026,16.424653694126920556,1.3295063041545365223,499.99999999999994316,0.042668556578190235118,0.011702634188739730395,499.99999999999994316,499.99999999999994316,28.510169299176332913,0.36697653053921047706,2.2443310509586966717,0.0037506654780163255561,0.00030121729112702038539,0.5133956281518390341,3.1326584434953086422,0.0020476208435289697599,149.97523008762851759,0.0040153647479566302245,1.811978184701355854,499.99999999999994316,1.616131438166404255,499.99999999999994316,213.11352572368795677,0.10511659018579111446,0.00095024781649467903507,0.41236824539012562063,5.8830257073667713286,0.21736079710994196668,152.58087893236609034,0.085139635503408389594,2.0663517007090699273,0.020001370993324975311,0.00017056331169234048963
22,1.038173593957918639,0.0019685697617949746326,0.57398776690465047601,53.175296272509477546,0.023467227927999420589,0.15729700522616538172,232.85627509926956691,1.7605622297607807482e-05,363.28708455257805099,9.4564800769897736643,0.00074593155007172831737,0.075920496341284643416,499.99999999999994316,18.672269498380664743,12.29052760880056816,0.005954626667357966821,4.4206619101218862511,0.91896867932328341055,499.99999999999994316,0.024634978502841142073,0.0028569752952738551588,34.169724580590674634,499.99999999999994316,12.510903198699324435,0.051209532830231566103,499.99999999999994316,0.0062267833364373506924,0.060864447353075397384,0.079842915094456873293,72.525798758769994379,499.99999999999994316,0.052149234477272911337,2.374998330348485176,36.553502781744931838,3.3793880857306244359,0.26240665125730527896,1.3149086280277244576,180.74894274439279229,499.99999999999994316,0.43997397644814068007,0.072712950404917514602,0.064690074996088267612,0.69543808931944739449,0.665714433631804825,0.0030889797322743825676,0.013297754945241851976,19.679479055106614993,0.051503468219037264186,0.028787688223043551156,0.0078483676843495182168,258.11242319170600013,3.365530783127745007,2.8881599784503326767,1.4311721970170367957,61.43545790382506766,0.12512200575828952287,0.010884126041894762876,3.2449622092942118634,499.99999999999994316,8.0062090236903689089,5.1966240918305155461,0.19554140789090213026,29.036829374130260106,0.016490227319813987455,41.568893160872413262,3.0984198536241644995,1.0413454391652821052,0.00057952565710966800778,0.22735275507971336451,22.00839303378809575,11.28265056368166519,20.171222766163339202,0.021735604204635692455,20.138618205136690875,487.83101209314997959,159.74233867014561383,102.47652602701577962,16.77235693147336093,0.092369286250866447507,499.99999999999994316,23.595682978756780557,13.19970931704652628,0.010579519827097302875,2.1033567480410035877,0.1638450648218846839,24.62265380212789978,35.570389986708924823,0.21945602448235734805,0.017062718717808709329,0.0096896720078768674295,6.3358423404264998524,0.82875110376477034713,0.63368354351996203366,499.99999999999994316,0.00081049592845252769416,0.011113037638472541418,0.05634152633320523712,15.701228955625110117,0.00040653638142157692489,0.035255537136540865406
23,499.99999999999994316,0.16047859222832877579,0.25805585978113187995,1.2578490838286473519,6.5168999643274281297,0.062966099552280704876,18.600483884981557026,499.99999999999994316,4.1343930580805379194,8.8490544393628173649e-05,0.24817568471230835869,0.044052463740675250337,8.1912428843928761779,0.98649756673147637187,0.0010279992013091890802,499.99999999999994316,499.99999999999994316,3.0051558075620969923,0.041795689294736308728,0.24097419883200618673,0.88088864352068629859,129.53798281566358241,0.064874777844967118634,13.730030300716263625,0.00025013107183175181756,0.40781540154157547295,10.508681913687958343,499.99999999999994316,0.090607870164261195001,0.039621688754764114448,0.39551608925987263854,54.006355237044147088,10.246387879968201773,15.879349622939411546,499.99999999999994316,84.215489691631660207,0.003613775088633777461,114.96942126691297403,7.1625431057184703841e-05,0.21930770867754201259,0.13735171143296462382,0.028091883536657497739,0.11964218636778213567,0.19030348573878774765,0.40685415847163802772,0.00061088492961203244049,131.23505395863983836,24.812818270841908941,499.99999999999994316,8.8184336005272037085,10.035207743454989782,0.12735083218686957252,113.88977720041761188,0.65886881053627721627,14.17541104140888919,0.008140933015699357983,499.99999999999994316,499.99999999999994316,156.93871055510138035,0.0041996192521499423403,0.0031586209030911712933,7.7699934465619975299,44.883075189235341895,0.01132680596125863054,0.70545555625833689106,0.095291445603063157366,8.7355350340183850477,0.080920594184726885034,0.028430672090754637027,0.80196950229951835531,95.605636648674263256,68.158599389492735554,56.835092009108628019,3.6861184720106829893,7.6163069194486450186,0.30544934550956925889,1.833094220865373547,0.0011655647521563812421,0.00041656895697604736989,0.29995073760246881989,6.8921766608980501445,10.6404294836453861,0.0011677459832616754031,0.058984620581332782019,310.98464758379458317,0.07169452100075265899,2.3695607880799034461,5.5028253983468982113,0.51250343977130030648,0.0012376881125008224859,1.3002594588001414877,6.5670557823866575475,0.058722199634506831722,33.348436116622373504,168.05466998321537631,0.0026921120757060850413,499.99999999999994316,0.012503501204365739807,499.99999999999994316,6.736612010885428603
24,133.26672827976551616,499.99999999999994316,22.713882860969853539,2.4361276584530000555,3.3377252603334182091,5.4424145533937151598,0.13014918743327222317,2.1886183522117618074e-06,36.207169720068257845,0.0063225164068245768775,499.99999999999994316,0.054238756107622146385,199.52042377733644685,0.0010491766364378383829,1.0992515286319934908,27.60433140028874277,0.36257939399678879022,2.5764886106586928349,167.62201910356469625,3.8640170200662886657,17.32965076648787317,0.77504763879630556023,0.034895070528274063637,0.12688281701500120358,0.0018472894529307953056,499.99999999999994316,0.0022906761496986330004,499.99999999999994316,1.5319514396524680744e-05,0.085334118213236984096,0.00036588692054604878478,0.13805926164444651261,165.21262641000757299,0.00075857583241845441806,17.226989128034940535,4.3749780146846841689,2.168415738933945569,0.015000307174858180936,0.0022384446419529881872,0.1051657746396546661,0.46707805014626163631,0.54289894521218517998,0.00015164913186383241874,499.99999999999994316,0.00050583175653170391658,331.6083466381532503,499.99999999999994316,1.0427940640594297594,296.46955819774854035,57.304531291910592472,301.97907797368890215,499.99999999999994316,0.0012867784879806050662,20.636853720142472213,0.00016760610334460405448,0.00066579257637668586532,499.99999999999994316,0.35969879844357821597,108.43009101169509734,0.00058302546379046971559,3.7981251331562808295e-05,499.99999999999994316,108.11828855627608448,499.99999999999994316,95.633796367600950816,24.747452507217630568,0.054443964564042955645,1.8224347626200510398e-05,0.27536222099952561981,0.0075899670256224472872,312.34901118622684635,499.99999999999994316,0.027540759580412604857,0.21945259016962090359,499.99999999999994316,38.126150498569188585,499.99999999999994316,0.018607168684826997512,0.37627301841706251029,31.822490032151797834,19.113330130955684893,499.99999999999994316,0.67818793826391821078,0.021017998919982024131,0.00036608527402084506614,499.99999999999994316,5.725684003847494985,0.010594003888858283258,11.010320087214470419,0.014150341410180272,0.43185932076530275658,92.389376728288468144,0.46333229574085116331,37.542808741300724762,2.6031192543974013276,5.0005523793817880929,8.8878928959660274955,0.28844071545715027627,33.176028570197175327,1.4075154191709486895
25,0.012754342985847499231,89.924090977755625431,0.43866725540653744853,0.0035811385284282011392,3.3786656777237795701,0.38741291445489006717,2.9919831852753042689,18.650842719434471917,0.00036444619447967480964,0.045086744928004830746,0.94092224572498772694,0.0020337653936680260072,0.036336366555155083513,143.5944456156244371,0.05064026818202480712,0.07875997511525617556,499.99999999999994316,0.41752308844498126073,0.28552543951321740501,499.99999999999994316,26.830167024449252722,0.0026040749432426481096,0.00073003693542097254816,171.84680661115444877,0.2963072939789511695,0.0035381717351854920228,10.577650680142410167,3.6197218600468548111,0.029097905805728963013,2.2380993059380811516,1.4381623356383370638,1.0096651817801893802,2.4263696979510580576,10.214731504970163911,7.7605935621691042314,0.0024077013731401255073,0.0093634413902334897445,21.354671653607400827,499.99999999999994316,0.11995894997126606285,0.14063831566882198376,1.1644070716784800101,34.835381136295595184,20.551624610397642101,0.001047599950769246939,0.67851099497582245679,66.779188318221628151,133.25500521746945992,25.024904958309576841,344.92910648505971949,0.00065542552379941980672,6.2385503408422513516,0.13872258757713060162,336.12518109512114961,386.51923908439044908,0.28060292121191526826,4.2370433595961367601,23.321788045325433814,18.361715185111950888,0.66921887103052568602,27.09894945282728429,6.9711991443166046998e-05,5.399395059865274682,0.13438226097213534782,0.017755337255943935693,0.12563543055245607327,87.148642761296997605,499.99999999999994316,0.010570645906698478492,4.2336809220605475801,0.026772227669821815205,0.49277380975615969749,499.99999999999994316,499.99999999999994316,0.064560941622484033231,0.19246703566248782313,0.2313576950948456612,499.99999999999994316,499.99999999999994316,3.7406651245987232457,10.237254624217234422,499.99999999999994316,0.010984163484394291951,499.99999999999994316,1.1077576761839114106,0.17792041500140010069,6.4849427543671671614,6.1687603758674116605,38.154156395772844235,0.0020992354808957421411,5.8803070611896268716,2.905458129562271008,44.265387694598459234,0.017291594670328609001,1.8309188227922548187,31.529887831512997565,5.4417239550129154098e-05,0.0027132393181282504074,29.04823577821544589,3.7595033866836108621e-05
26,0.00031917065957373609098,241.52137344807235309,10.576225234396506636,0.28807208789698068863,0.26802615487083542023,0.60596783325883585292,0.00038914806908587701523,0.10654819969561334092,0.10251220483368113368,187.12002675533304341,0.38690478950118895041,0.61617033750435279416,99.350734831613223719,0.069291090049818232499,1.4401509331313036011,0.0001501328664671057521,0.12896238470545612342,2.159642107742238526,2.2302599373427827167,1.1298737466487882575,499.99999999999994316,56.024398983088040893,20.516796914275648334,0.00012803175549789234944,5.3263153109934524565,499.99999999999994316,78.425357677440018733,8.792976807351202313e-05,366.62250223738936938,16.83679621565687512,31.723380812834772513,499.99999999999994316,0.41890961658241232524,13.922529632743861683,63.37843349350326605,0.23413928240601819541,10.311815679503016696,499.99999999999994316,2.9176481409635171005,5.0672039339407781711,0.01155261942221121052,0.019553329028162747677,499.99999999999994316,0.036831104295978807361,9.4894960662588321298,0.00036378874372755543292,195.03772830548956563,499.99999999999994316,1.2837439240172656696,0.45551301703331753545,0.045008156845552364789,0.23424535891243283836,330.1459201666995682,0.45680839388487931574,0.00061728140372545477459,3.0226588492219708115,37.364183282162471755,1.0078811137946488419,0.041931207158772486332,41.334015188731534352,1.1214266665457628402,16.969752515849410912,0.15591107040495852387,0.015518479534209716347,2.837935327593933188,0.97787250963093763634,241.49732821734227173,0.011823158603537073028,0.0063755995553362899975,0.25665274001713661578,499.99999999999994316,0.12507919420718294212,0.019214802442182696285,0.029782154706470949368,126.70612035042778132,0.030932449227648754764,499.99999999999994316,0.65642952872529880537,0.00063206562970337550316,0.00035079127862746152609,36.584501397435822412,0.079567266522376459137,499.99999999999994316,499.99999999999994316,19.154592904718885649,0.0080185463143758912985,290.03306654461817971,42.826675671792159505,7.4222149003680391033,0.020982447318479643256,0.26257436492123042981,51.262573808533268505,0.30075497955029456554,0.0051376292622699560805,6.1328655516985142171,499.99999999999994316,0.003703183883141989742,0.0083513974622301326289,2.9342647027118169412,0.31559626443244659377
27,103.81088373512749001,121.92580369079256286,0.011815283317449430667,499.99999999999994316,0.52621919073519241028,499.99999999999994316,3.4499043554692251836e-05,499.99999999999994316,1.1726961404234217401,499.99999999999994316,0.55484289283574061979,8.1107751132654097859,175.47089050758683015,0.074005569316014291337,48.113254012953632355,0.0040968051678984705385,0.070601585575524983263,0.00046823220493962712995,39.032763192022898124,499.99999999999994316,24.639078509684178897,0.0034462261781361938802,0.97008705797589112052,0.38006244394360422234,68.068514112740302835,0.026734523870430036696,1.7392833868718567038e-05,3.121407891015384628,247.33098952326170661,0.0011776683660077217307,0.12807677885631371661,1.6202188279231348744,176.84567878650270245,0.053802956090138763512,8.9171015311590551278,0.0016577041095970546005,0.23222576734525879338,499.99999999999994316,499.99999999999994316,3.2021026097498603846,1.7193750667570803546e-06,0.086786218101553250226,0.020104734515080859014,2.0590111995165947256,36.345856637082768259,0.60317788402520089441,8.4620112465649164335,499.99999999999994316,0.84233235212095847189,5.5271346677751569283e-05,0.081027609402123196292,28.578902722281565474,1.0315822595342112322,0.004436948253993613922,1.6492929414164698709,0.59789353215014751086,0.02402159860382513043,499.99999999999994316,0.072541207488502540413,0.32902263845075446769,0.40567701477355522233,14.816152992069071104,204.03515230861776786,18.149393681845452875,11.492583751748629339,6.1410711203704062555,0.5928265628700402079,113.91388850011195188,5.9125599324063156104,0.15340555892964319318,260.37057158656358524,30.395192578500747516,499.99999999999994316,1.9329783621249641001,484.0933571565116722,2.6178925911456722986,0.081362896763596689875,2.6828388797190600989,1.1000211843597698655e-05,11.468913988769365631,0.73500735074205081343,111.59705172969108844,60.371542612394392791,499.99999999999994316,2.1156329786136467419,3.2538377867760974738,0.022392023544712560262,0.016129263801949855067,1.3951776507682587258,31.424620753077164181,0.0004130265666191792963,0.0057023085648930929223,0.011941008937797412126,143.67702202113969179,0.20333706718016611448,0.25714007840480185285,0.00051731699696646194636,0.011528663212649848877,0.3270534187806980464,0.18167452414912224623
28,0.042799262095048841437,0.010782525994184766899,499.99999999999994316,0.14712188803262349346,2.4096559813036477098e-05,5.2426841100709014043,499.99999999999994316,0.068202226594655288028,0.53190522986800170546,0.058718235533071747034,499.99999999999994316,0.051401853666332132653,0.18211341813084050423,0.046514223599923076868,499.99999999999994316,1.7167208402464873007,0.1718897028221699208,23.679867110883442649,0.0001285583411477000395,0.00024316888689336147236,0.53196281738634254577,499.99999999999994316,0.0001542577039292163056,58.546442276575341168,0.0294345374318538619,0.0023646658398164223033,201.56442865676655174,0.11645296168779899204,65.473928409931858141,0.58902358845014413102,0.070931029426769487412,0.00019828769197382305699,499.99999999999994316,311.23605400485462269,8.0637998833413888633,0.84458996562166754885,142.50154130392783713,30.445732148222106161,0.026999497752818058666,499.99999999999994316,62.789921478380733788,0.001464550456279645153,31.038869496670411507,0.095607946689862222112,499.99999999999994316,0.0038767431329068163977,4.3506705390386546384,9.8554198188681105819,5.9771178231553999272e-06,5.0108240786634787867,0.00084225061261029095412,499.99999999999994316,0.015904018040999581135,0.010723087127911286667,0.1351703786945963881,0.26213240318349789737,7.840416258581968556,0.0020538720498787027199,4.6510855663037347678e-06,2.1714479541182543088,195.98531015492878282,499.99999999999994316,97.8340170844717818,284.46744990306734735,7.1482502758314261371,0.14014566968440925199,36.877514060479867908,0.62504916098495111321,4.8367688336801313298,68.229482547157530803,499.99999999999994316,6.4825150241425085222e-05,3.446420744404193659,0.087514337888715570957,19.154294868565955312,61.155466020032037022,0.36334824726996994837,0.00077270300553708675794,0.00020125213699511232011,11.976088524101326627,0.00033626685038770854274,0.15266676050171118506,499.99999999999994316,25.756898827431534471,499.99999999999994316,28.71828348135856146,0.20205284790773520021,163.20998252684358931,499.99999999999994316,1.3059872861269311812e-06,0.15586363298150857082,499.99999999999994316,9.5804314227748950117,5.9569926006674398522,499.99999999999994316,499.99999999999994316,0.0064877929624745315357,2.8386156109485733978,0.59532002189560728755,499.99999999999994316
29,0.89105942084497324895,8.150182988980150256,5.5844137995001560465e-06,0.38962449133818743974,65.063450567998586394,0.3241778085635719231,0.33250508166505277075,0.0063261137665502750402,0.022110135168874351513,91.861329648190462649,91.230502399326965701,23.721711415509179943,20.631133236323172753,267.36748879687013414,1.411261491757376918,13.381432516432131052,454.40173819899325736,1.7837217487522114556,6.8598950335279176068e-05,3.6141375509265341037,0.024345227568581356142,211.08544795803342708,0.14918395269854284324,0.055221790259791861399,499.99999999999994316,0.34029359072983472734,499.99999999999994316,0.076872034270198980055,1.5014478024461892502,499.99999999999994316,2.0315039559310172912,0.003209956069625575191,5.1176041532449296767,0.015789443388903756649,0.26151210474205616174,164.06418879309129011,0.038255850014476372456,2.9108957863317373537e-05,499.99999999999994316,2.9288494385155585675,94.962845471272601117,0.035398684025519551455,0.024891584008633380054,0.017200779115588413215,3.6197084554273715185,1.1210463292886136966,0.48993016079704682086,0.0035499689132284400518,0.014084659507674981288,43.589860678870067545,340.08552692459886657,0.081223929623189583538,21.744830508347771314,93.197858242365228421,0.00027934952993874010525,0.00010177020066026723423,1.6923232407471042172e-05,0.0057085012941689803473,499.99999999999994316,8.1560440485898568451e-05,29.28322019967267309,7.1726164602815316584,0.0036925877364337362542,9.1028101405825481152,0.0072501332451566187151,499.99999999999994316,1.4631630357563016887,20.771253625520440522,21.94832948498362768,499.99999999999994316,37.204116152297181941,35.901034208113209445,6.0667050363878663075e-05,0.0006819225927038294376,0.067247934223449462587,145.44479052704599553,6.6284623162139482133,1.1734274379961855406,0.31981445619011222847,0.023266678214868861257,33.013082357837035374,2.0319505087274087884,249.44418443667623819,2.4413929214482292807,1.2779999744907453163,499.99999999999994316,0.32166692571102922793,0.22609706379183250324,0.00011932528499085215238,3.2840492633135980327,19.166603620159673227,0.00035566482201898646414,5.9137199387436174547,0.001062423890077410487,5.9822782156175003071e-05,0.44297580702137367981,7.7363434583737333838,0.066856987883419316532,9.1518957260958657685,0.00070969619501711975196
30,0.00039848190672312936789,2.8987906408822050608,0.035500116607194001639,499.99999999999994316,1.069125743392488781,499.99999999999994316,0.035531080355134143922,1.1667262200591255183,0.063584220098804530852,0.028002932941092205377,0.068738535417845469944,0.24570466238511903811,284.79639529792416397,499.99999999999994316,499.99999999999994316,2.979158544506755657,2.3702058381177399937,0.084141292518777457965,0.029341152367123864847,0.019487122379575724102,0.12658160805111978719,3.657585672124209264,8.8679812839578637806,55.224597909448021937,0.10631063693466394349,0.78971326209330461321,20.072572230059169129,8.3368660512118193395,72.336095670672747815,0.0098413752042729434749,5.2738268898633418047,0.52104914799133850156,0.10372025343060939373,499.99999999999994316,0.0089506365746159863989,0.0061054442433935264892,21.795068399370109091,125.03230719773581825,0.015755914279652793314,0.00013165216807295814492,9.9999999999999995475e-07,0.087573075244068487866,0.15879603622413820951,0.001490743405220483573,2.5201473478137681461,0.061736837555880920425,499.99999999999994316,340.14280395897770859,499.99999999999994316,0.0088237688943658600799,6.5396955868945765289,0.0091926178861573264872,0.023946766995224147423,14.428317297515780737,102.76682135174499422,0.29256108033488131825,499.99999999999994316,11.193132889232490612,9.4484459481661744462,0.43181839273056044082,0.073127122666450744548,426.87817399035259314,0.05298852009748793862,5.1428440645921304577e-05,499.99999999999994316,0.91844951604012359248,0.057551316618340876696,240.84521059261194864,79.011116848249415057,0.001679387269818655333,154.64600698638875542,44.32983658141338168,11.571329454663695557,6.2320111239262665492,499.99999999999994316,145.47545472805595068,15.415777999002287402,0.0020524926773468933627,14.389633305950850328,63.747101506809954685,499.99999999999994316,0.011941007661140411525,499.99999999999994316,3.758694255998537237,0.24859684961048042484,499.99999999999994316,2.4227434289668998701,0.028400819223147175108,0.00071797170526809249002,0.11986712986139586024,8.6884874370573523805,499.99999999999994316,499.99999999999994316,185.06438856549866045,499.99999999999994316,499.99999999999994316,1.6191037839120855728e-05,0.16031977442486178287,499.99999999999994316,0.017518547739356907927
31,0.06710004270117969627,2.2071897556686774777,32.114048775073683828,28.931946615628994834,0.001056476431926495858,499.99999999999994316,3.3865272785536344458,2.3867631832995233054,4.0058005737396555901,0.0025476689724466834025,0.0064920579273163685208,0.47076223609031830897,62.75467560790335142,2.6020210303861297518,0.8129857637892639044,0.33412464966484189954,55.831749342653509416,252.73745876471340921,5.5112672133051221479,1.2172331207121298569,0.019074434001939866157,7.6820313132084070418,499.99999999999994316,31.668152757315226609,0.0076681079698096990885,82.427880978666678402,4.3051995260969295742,414.84335505222372831,0.00024710519960407113229,1.322831095797446066,0.42276143333223836773,0.29514307188737809451,0.0051155493518219149682,0.026889008981269748449,0.087117812392451560166,12.443551184690003097,0.018118463018934986841,0.00017746117630700178119,4.0761272986162468968,41.334015328017905233,0.14415768858607841407,0.24228151208210552126,273.86625032706075444,0.00067289503274984348736,499.99999999999994316,49.973550643975492846,6.3529336375460649933,0.15098084251884155704,11.929449977427962537,21.8843695814560526,499.99999999999994316,0.11967904508581496403,3.2364632781723856603,0.25070885427305511506,217.56114058246845389,113.70265929988397602,0.03029829476324953641,0.46826601695206698794,0.033719477551533635906,0.00033297336305958236905,23.942770245180916788,249.30634416661669661,19.613265301939360796,3.5113372999620896266e-05,17.740920440352208942,1.1805623961000397349e-05,1.8003478053572754547,39.544584530451167836,0.0026149283092303495304,499.99999999999994316,35.202086738692052847,1.3869856985493180801,10.353742663957410386,0.0026071328107172557671,0.0019258330976746711443,0.93450006526144635544,8.2472335414695177036,499.99999999999994316,0.0037036846766497389001,0.539484614832500875,0.040999416014179737577,8.6517070394365376274,0.001323947098822488835,106.67096634604934025,5.5672411336053189146,443.75868711588674387,499.99999999999994316,9.6471414967647787001e-05,499.99999999999994316,0.0026836035400105819407,499.99999999999994316,0.017977561388408769966,1.2557908222833280565,0.0068546434344234057762,54.983486471100675885,3.9730919249761456058,0.0035926139892459882201,1.206686523674145306,13.584591541145721649,0.015024766548671570146
32,1.0648568051078454135e-05,0.061978277722220802282,6.420444449993405911,9.9679059052149465714,3.8237276021595802966,1.5733442998479545416,499.99999999999994316,0.00094397253252751075689,0.91690931168668143858,0.00061727502653416150679,0.22794477461969883669,40.382569986885911817,21.299692497526777402,0.89167792915086729888,59.646265565070592629,6.2952721672756022011e-05,1.0548743525424080225,139.99485823325815659,499.99999999999994316,0.21153761737443330104,0.27229437947419043997,87.024864083574883011,0.40963192736402964655,6.4256411326908455806,71.814496213298809835,3.238164403193122709,499.99999999999994316,82.249034743542338788,499.99999999999994316,499.99999999999994316,0.67636164469670445598,0.9432439097041984688,0.00029568562594555213062,5.2268934812647946941,0.011387743500285714415,499.99999999999994316,0.0060617008547909278712,21.960968689168819168,499.99999999999994316,0.0033957402878130172989,21.275153447017075337,7.1164055522204003879,0.33414123695185288243,0.15790310319633377167,4.016004385562513157,499.99999999999994316,0.69628381375979797596,0.089012924188744207976,0.013059992966775834169,2.6386479250140055797,9.9999999999999995475e-07,0.00093394290235075585332,0.73587258765256235993,5.2683366417056476676e-05,0.73191972900662427559,499.99999999999994316,0.00028903207049496825462,3.4194831963938394637,0.0084679518263818965434,38.502177741142979528,79.100413910633349701,3.769499084676001921,14.55579707270806189,499.99999999999994316,58.552465798942904485,20.325073431048036099,499.99999999999994316,0.0020873189018576049879,0.42105299859073397339,499.99999999999994316,0.030596816740771890647,4.1856502827024728288e-05,0.078196077077934578181,499.99999999999994316,499.99999999999994316,0.0024158449716191379014,1.7922560052766964844,21.030149463300109147,4.6307241596424848495,0.00021802237197776324208,315.14460100137654308,0.00080166661238696527991,0.0015252646964552169818,8.5896191520520712714,8.6857570067400438063,0.013651570090089559101,0.45332497645525898777,2.7973518600673226153,3.7933509993294394214,1.2888966050037362621,0.035251331229862702121,2.1632737257583651846,0.37758927858053081827,0.060602681125679076779,0.0075784596132090955439,1.3960558754693286332,0.033602107766127799204,76.907013159650460921,0.00027542476766280433401,0.029109927281966596624
33,0.018221880332911097322,0.00010421866458657023501,55.047766990803530973,499.99999999999994316,22.384983418632476315,5.7340555506541495134,0.1531056838415787158,91.016455768810146765,0.075503942891976066898,0.2412582465054930736,0.045592202172146441275,499.99999999999994316,3.5169528236533533772,0.37787143735338024619,0.032047904777595490056,499.99999999999994316,0.0062640011391610498151,499.99999999999994316,9.4879260827243605547,77.308522369256110096,0.085015666408837300971,0.0062702672326365362782,0.045439512433325120189,130.77583055306303095,0.085573930410620266396,0.0034798254920764097597,21.852950615522647837,499.99999999999994316,3.19739715088782539,499.99999999999994316,1.2803084670381408294,0.11109000376152557144,1.6672819715187989775,0.035508936756335013341,0.94134778877285385512,2.9032132728797077625,74.069958538096202005,1.2129603302550933108,0.78020692692157378456,0.0082914734982045303069,0.00061537972595504715229,499.99999999999994316,0.034802615243234656661,0.017696529156082382167,499.99999999999994316,0.046180894561530780318,109.96325770575386116,0.1652628348370968614,272.29611378577652658,0.27831507471779182161,0.0023205479310682672507,4.0260284715502230313,0.0036757131389632585923,43.275171973196201236,41.606688999305788457,0.013725682619250945127,0.00048614304670381949282,0.0021207269824791408729,0.34744297976829752184,200.89893074152732311,0.00019764034262530845356,0.87626890675481960979,0.00084913111298088944038,9.5481137691651696286,0.48755688644611039351,0.00047211071104546852148,0.017347271302810746141,0.66838837940123385639,0.45331347117203546482,0.00047692680789854230297,0.042899421720011349235,0.027040777454589080137,0.0031458671440776149637,2.7777312612063713715,0.0019686388555273499033,0.043188657100576843817,0.27549350619267570783,0.75618218164803219228,7.2168377181047542734,333.40770556375235856,499.99999999999994316,0.026831669573258748462,4.0247759101916695812,0.084036522601611582384,215.28288778576794016,0.14153021264671436508,10.296325446769007073,184.74389202551307676,11.525259151052658524,290.30989396635749245,0.67859416546621409427,0.0033852506864835668447,5.2767283980662558207,59.540271187136006859,0.0011768850648614154111,0.023067801211051321142,0.00043569789792501334132,499.99999999999994316,1.046389746484219639e-06,12.885852044655942805
34,1.9381807017182803854,0.00074044563983127482509,21.432794656412699652,0.08231909630535395872,347.79062210485494688,126.50758382065247076,2.0729869131875143724e-05,13.418080087979344484,28.535931033225143238,0.02932641216306576884,16.676175806595214368,499.99999999999994316,62.185281132512791658,0.035702510906113836542,499.99999999999994316,499.99999999999994316,499.99999999999994316,6.0763158902846727827,28.038677357555737757,1.5900158725920781055,279.06292234657479412,1.3563872416133746501,9.7940165710114985842,499.99999999999994316,0.0046412676876838188794,187.09976983966501507,43.649395611425802599,25.768660396462788498,0.28958109200139664496,1.3000120800874404026,140.87164003990864103,499.99999999999994316,0.10050817383963586704,499.99999999999994316,0.6138650979390807283,0.010543911014979227489,182.21500116333339747,1.7082891633666879017,0.058388991752384551692,3.770284277499940447e-05,78.206085245583480514,51.263442085104216517,499.99999999999994316,2.4886062324353042108,499.99999999999994316,2.2916265454058790674,3.5211540295255600731e-06,0.0024379787655532413927,213.37387257169078225,0.00031731785052818592364,11.626536898437164425,187.116047586847003,4.6885252696299604125,0.13155238441485986312,0.73305173999764916548,30.199914602597875302,0.048354850527920927028,1.2475305640412561736,0.009893570453672508383,199.40433508010323749,0.88450966225739557913,499.99999999999994316,353.77421424991348431,0.57315849789009176707,0.71879155592253196616,180.02791426934143715,111.50679414568061532,0.00012266850418976585021,0.012620867266692909966,5.5290212316876368066e-05,1.7419311145405018681,0.42776477376686777854,50.496999948089523969,195.73720670662126508,45.427397983211648125,69.028549710432955067,0.16878164169921366922,0.64882731440618968133,0.0018009443013877323315,499.99999999999994316,0.31331465603088370919,4.5872922193905791843,0.21752137792702505581,2.9973255329353336585,0.0046221215520938808974,499.99999999999994316,40.506538690040635231,0.00069909258087897806384,0.032697692682063093927,0.72681786552200877694,1.1723369855529945927,0.088384609614393372379,142.70732456405883681,0.52539862872689624407,18.512525866728637425,0.87449698405141462754,0.0071870355796141826427,42.967081899199243367,0.11989947806399639529,0.036804513548684768265
35,16.739611679396887212,9.7457580864940757315e-06,0.28855579971713068987,0.00090343098595373227434,2.7914757586362290986,0.00025416591554484804089,292.54431812272417801,6.9620838893329342056,1.1597512907022904383,0.028344067814199732508,0.0091188690269198725141,72.856860078843823203,0.00039043195263795496021,0.030557851576840218411,0.11868217273507801479,0.10598707646046368058,3.9091188443416036158,2.4323201777598590922,0.0038468551591177286945,0.011944311508377526698,0.19320907230663184051,0.00023010945867571065541,499.99999999999994316,0.073779567063754131206,0.68945269654109930801,0.015813329612875150904,0.00013443308899684482463,0.00064631407909015829716,0.15764405952719032222,7.3062881600248914538,6.3405740162311516883,0.10769555370007485862,0.091548789356710152942,0.026029755509337042935,499.99999999999994316,0.32807948576228168625,9.463840580148719539,499.99999999999994316,0.00023733482394348628919,0.26008307977335426431,92.817389521513845807,3.8235580297705431541,3.3912332445484785204,499.99999999999994316,16.989892047324911317,0.00077531283270437789668,65.642992321102113351,499.99999999999994316,219.93669072726186187,1.4914519237873773427,0.01875910992862857285,7.0987675418964188978,1.460537416571595859,0.0013960402908381789287,6.7623208017930682701,0.90676797549682053301,499.99999999999994316,4.0082051926412205489,2.1999902414450587251,2.5855101645841793712,9.9934550463111637697,0.0031293370271329576035,3.2862879322973532759,1.3277383075063755591,15.144021689152731724,37.726152547482975308,385.79338792574219497,9.0895643092099689397,2.103633828652000215,499.99999999999994316,1.7805353159345398417,0.0006742483545390292243,3.2838544086767469388,61.530792248701629887,0.0054700608413520762294,23.692745213596126064,10.416093776087862466,0.084124873007546382975,33.250674195160314639,14.865674014646355516,0.010218673980165977194,5.3987233927391899968,15.413947873945557987,0.21765981843799050988,7.223601759268655021e-06,0.7739764620444986587,36.868263684065482266,0.012777386912115992063,0.061508697092057473821,0.64564787922719224511,0.010436495627931512836,0.0083167018205396511105,499.99999999999994316,0.65148942402964027387,10.560407523140488806,499.99999999999994316,0.62386385688510037628,0.40308206341798585859,0.10650092544233222269,0.0034917752179570078243
36,17.489028398831713673,499.99999999999994316,0.0093028042062719105976,0.0013944650004479861635,3.2248765557337175634e-05,499.99999999999994316,0.0058457957656890364648,0.56160827127277812565,0.3195961288609583395,0.14561283336689215262,9.9999999999999995475e-07,2.5672470372801137195,0.00066954046353053409558,65.003745436798098467,12.929602180534617517,0.00017606968490038830012,7.0759988672018742854e-05,45.495119103406437944,52.025343695302808555,6.5762532641671471723,1.6807469421000071907,23.145478576626814515,0.725265185256958822,0.073125170721267881979,499.99999999999994316,0.0023777757583224082803,2.6143001967799106566,104.5166579352208629,112.73327640937131378,31.546127816554182743,3.9804737957342908317,10.905508915774303702,0.014454669501500089571,0.33565143160467353356,0.0043644364414175199074,0.70562684312150192323,0.0017783545435612619755,0.083408265850006893527,176.07926531665654579,61.594470957119327181,0.083997872647471313878,0.00055229944822298131929,9.4083892555239827986e-05,0.30195291802878981846,0.081100790025590688281,1.7530089862231501563,9.3837321900875352298,0.013588522987922662527,17.551617031877075448,18.154354350435937704,0.0057590000349045057312,0.00012444300204775171257,0.0034770745381837741585,0.080163276396926691492,0.00075622928321329501919,0.61061438584258509454,0.016088750628598678938,0.76374955938601973848,126.7917331879181404,7.9559425709048623432,2.1530213374211601973,0.003509157260306928084,6.2718519825292542436,0.0053734351681107191123,0.011071706299318586145,0.80911383562327110486,20.735258558069819657,0.90489317593235174542,13.328313299498770306,51.463052333878927413,499.99999999999994316,0.34009657607284166092,499.99999999999994316,17.345894557631709176,0.036782148572439020418,1.4674945320721943798,8.0658262431126797054,0.51628301170651691443,13.568270497133896768,65.354538843425615369,6.6222393927228804245,0.017943387793612385755,0.46895078816639307329,42.867098909280123564,308.07604055470045523,266.65875418322167434,0.016107590387284830696,9.9831609351756797166e-05,11.600274062110900175,30.659936619983430006,0.066776621371857455833,0.064323972718121957826,0.047440043794466271732,0.49607504010994440957,6.4908655925081486515,0.80730176320834234893,9.6878853639946598264,5.6009257010754867068,1.7724070582179647371,499.99999999999994316
37,0.826397560858154967,13.25930594222303327,82.974924749552243952,499.99999999999994316,48.995150095374221166,21.577243346121989021,0.00039440319268030171133,0.0087551409512975405386,0.0026023689482498010318,499.99999999999994316,0.38172690313290402742,1.5044888133260441165,0.23624156766555981513,499.99999999999994316,3.1416831228267722381e-06,16.81948974583464107,0.00020196943195854914722,0.0012089570398408479388,0.0019903639458256454364,0.1930900861231829857,0.0044323386599403836669,499.99999999999994316,7.390406617152286195,3.4213249337116524848e-05,0.1502398725052757622,0.0043936248340371367171,2.7534961589212971766,0.015406063473109510992,0.0017652365053165827366,7.6242060657090759198e-06,1.8736992960407936604,499.99999999999994316,3.5685843437257735999,25.223262296866405308,0.0086536426010803395997,1.7065332568973570204,1.2245039449065231452,218.53374847076682386,0.055878466588860552233,27.915620129997005705,499.99999999999994316,3.4516591125008617702,1.2695944390462219342,0.39292513003112317094,0.09968206303477769592,13.732965096109289505,0.54474557433357062575,10.211530578319448992,0.081103648462310537481,15.873378857151877241,0.033897680820795764167,179.0565943792686312,44.096470864999140815,0.00036220783338858017486,418.40306577252459874,10.478873127465003989,31.45723270018305584,5.8708311521932081689,499.99999999999994316,162.52631554348272402,90.405919911686211776,9.72177827206397005,499.99999999999994316,7.9010316956924523594e-05,1.3092606039119578654,0.027715807916689698398,0.035845682968505050703,499.99999999999994316,0.0048379975298782889465,0.20809032123122450653,112.37627552739445491,4.4917625992264850559e-06,0.0010653803108188330141,87.876565238373387956,476.61713341800958688,0.099840342652909142007,0.37897100677886946807,4.9134235728952919686,4.5398734514272458328e-05,0.044684591012772556518,483.52431575149961418,0.014328591651373897425,0.013947404458163878416,0.0043343190205376511126,2.3604617541827939142,499.99999999999994316,10.235565063430211552,0.0013276597967562988722,14.397711300085108022,13.576916125368041932,1.2640232420666088764,0.26746728361681748609,499.99999999999994316,350.19327844502902281,499.99999999999994316,0.34616331211527512357,0.0060238096974419364296,18.409169688559227751,148.20830488305597328,499.99999999999994316
38,2.6163708946793158283,0.44333595595035668602,0.019113021173384474316,0.0028307772299444072979,0.00017991491841404396541,31.200712647132025523,499.99999999999994316,0.73467024416857285019,0.27368523927609034185,0.016132511610696790433,0.0015714493136032791319,0.061901461687574869941,16.393625080386144077,3.9224214116403439689,0.073338484132061024234,499.99999999999994316,38.789201113211440486,45.847491776645078687,3.27842151884245947,0.42655415449483091717,0.0016345661081127236917,0.18852666629889192063,9.9794969543918856658,0.4856842327073220833,131.06238527629187729,0.013894424725170974322,0.025659154192924336219,6.6292359456843152898,357.26065236944316439,3.4422204974867627314,0.62369725127565922573,46.630570554364197733,22.323327374658536115,0.37020358694524568843,0.014334082262267901567,0.11160879111128137187,286.50241777006891652,149.37642297501054145,0.19242246696405210238,1.2022192165929344347e-06,0.020923203527104174138,499.99999999999994316,499.99999999999994316,42.089800440681671034,3.0838827122448639884,275.13861850224412819,6.0702402373856374496,0.011961662568123750811,3.2677122976354144868,499.99999999999994316,84.067603015327549087,1.4798183381408935855,0.15504797290606342486,0.96665475477791917847,0.015979416866688880144,162.26596852593922904,0.23939733378570418609,0.00037111143526376001679,0.53465778914822681411,2.2432965290693922533,1.3436346027302208395,7.1474453293097583995,261.88959466202419435,296.30590413300296859,499.99999999999994316,0.00019015630007179114562,0.17659489177862464082,0.021533538080045676322,0.0017752993542142329626,69.408156367685023724,0.87195446025808165391,0.87757302375840429143,0.001849602205359187658,0.0056185184527722652897,1.1741424410441203552,269.79266400021913341,499.99999999999994316,499.99999999999994316,0.023215981388878446923,0.047202829633791722197,1.0546129868041707045,3.0399120268100858766,0.0014704773359114429575,16.879064772360834468,499.99999999999994316,0.0018166516215970005075,499.99999999999994316,0.008516575217096441705,64.735773956094504911,0.021023266251464493848,2.3084625670180449752,0.84769417108487465917,154.4600530720327356,2.6909145919976760197,0.45886429229770747673,499.99999999999994316,3.7275073367668798419,1.6599071761717216766,0.20028226359050552152,0.0095682217906018635079
39,8.9442347959832364523,0.00040246205322680162495,0.055525609806102008137,156.64234419769954343,46.418242759362492222,0.016864721248595261616,499.99999999999994316,0.00094937660670258057494,0.0003800231819082089315,0.00051651015844715022964,116.66563931842303248,499.99999999999994316,421.94303445019164656,0.3186141790664354656,0.014659207464524389927,1.6432851507074910951e-05,0.078652507665468968101,0.017520152093484269579,0.30682232989469099271,47.009924859138017439,6.5990853660261095115,0.054400427407495684229,0.0005975392984065055731,43.826326690443224265,0.00051123343408417142898,68.615035028867382039,257.209055510851897,499.99999999999994316,0.043538625805570177474,0.1081181378263020576,32.039473004753119767,0.016529217813637277906,6.1161959043201354902,0.0039639738076936124889,0.76256021559031450519,0.019774952810081375398,101.74210873997459714,499.99999999999994316,7.4810828114588181492,0.093817449985934442402,0.018094715325989337018,1.4674739196495361071,75.62665567718102011,499.99999999999994316,499.99999999999994316,12.314801204607988439,28.806033167094959424,31.332301384706362057,1.9428802968778802196,36.214123692832380641,499.99999999999994316,499.99999999999994316,0.00093896015711631385103,11.22532120735382577,0.0092430214422354797094,474.29457968226961384,499.99999999999994316,0.042794645489153827767,0.27776305932759537409,15.95987923246161877,205.91861379586580938,499.99999999999994316,0.0010020833360098921859,65.906314564281075263,2.888563542965478792,86.615554030742615055,0.027046068229571049168,0.68887970309213120146,2.121309351999836057,499.99999999999994316,23.773628246565323252,499.99999999999994316,4.5576343574567612085e-05,30.673318088256838365,12.839996894066864286,35.202517435058695128,133.1198827068012065,9.2586651913453349238e-06,0.25445687345475315189,0.5841572859309441812,0.15794537167613068029,0.037741211664262690195,0.015784402232593097021,1.2480183101567583481,1.3193822972593003406,499.99999999999994316,499.99999999999994316,0.0047048230570543277465,0.060771880205963989263,91.113350936122458279,7.980547853053619356,15.006499396832754911,0.032090740535692670321,0.032321136005943558456,3.1494009811335108573,499.99999999999994316,0.0027706954857548626511,0.063854680732101945506,0.0069550958233585659027,1.7462706675864687611
40,499.99999999999994316,499.99999999999994316,499.99999999999994316,41.314192964255155971,174.3562501790187298,0.0074318922863010616897,0.86109569532944307824,0.81646052805201929647,0.18678611747525022957,0.0016875270673060674843,0.11259369925471701679,0.0038553518651599722258,0.015428283732281099574,0.045554083858811746099,0.12450959384813947706,0.0043872600831980114455,499.99999999999994316,0.046736553400042082917,0.0021059866581416360372,41.451462848717113729,0.0021955119719600977267,28.576141323522001869,0.028925956865668248086,0.81158847087998442493,499.99999999999994316,32.267136186211786253,2.1501300706918815564,0.10237695373839771074,3.2177726760506413228,0.0076361621355583051904,0.030886822947580452881,322.63848740359173917,0.0020798568891308819202,0.17650809148241394797,4.5526597535176405174,62.371064555570811194,56.890206845666099866,126.2115162542604736,159.03344021278411446,0.021244897014631659166,0.56943277073085307727,0.00024940808976530169953,26.244940387094601419,7.7352736128316612607,2.3560652833708992659,41.860611988040574261,9.9999999999999995475e-07,430.56076995687141107,0.56336782060790058235,7.4496190036349708467e-06,206.62711161759688139,75.856316123888845482,31.910253579063834195,499.99999999999994316,0.50351376745066045437,13.64053068141230618,10.576772613288820679,0.11440257756417704371,83.939828995194417871,0.00010525409340378961834,1.4288632931191735229e-05,34.053016499762861713,0.41180875599188138114,0.55037023823430986091,36.683254572723313913,0.096186970090546816681,0.0050206243371415503612,0.0012086286063697489028,0.033092370697465629814,0.017374946659796376008,0.0021060919000112534975,499.99999999999994316,7.5436260385651614513,0.050862293973068260777,1.620158913245820953,0.14726140402868853618,83.406087231248648095,0.35018691890253916821,24.965539117976092598,364.98425078221652029,0.00010984903964863518961,499.99999999999994316,91.92288485189536118,2.7283221673096362814,3.6879923169474015943,0.012235087450648881452,499.99999999999994316,79.465925159646431553,0.011234125849589922039,0.51416029885957703627,3.3245664228848834868e-05,0.069445263072984902974,0.019977841671852625272,0.070191919496700172498,1.3032416544917162504,499.99999999999994316,0.0031267193139049012304,0.21036362081161172344,0.1659955162615361357,183.64455498391487254
41,0.0010585060586380354731,0.14890453303188225243,18.672399157533913439,3.1450246297081285718,321.1460300252314255,13.95645661691072803,11.027794782938395102,4.9256529618903535095,54.328042869722686703,0.04714899149116592858,3.417745263941557532,0.00013227376365076656296,22.254045597863562733,0.00030262843370562646965,0.00017436740337383637356,0.092477397626046994872,29.454359221183047168,499.99999999999994316,0.0036979405757963197329,499.99999999999994316,0.0026455992943606233304,20.957613131706047227,1.7749646244104284598,11.577010105715691779,84.521272604672702755,0.0054838791679773192175,0.010854452724653454107,4.3783288368583450634,99.216826756500424267,234.20126725074675278,61.00513408371759283,1.8397007546280861323,0.62520040975875634803,499.99999999999994316,0.062988569418689535628,3.9519581597104140869,0.0071449716907321754109,0.19999538051235027369,10.72672841255891818,0.021165545438597929695,0.087853142549120258331,2.5305995693606595509,0.68372148851286040916,0.0048990586273939791886,4.4547682743134284777,0.082385385049433254578,1.472030171569061574,2.0472828700951639647,1.348882978097284413,148.16093336319914897,0.0066766196060205800292,81.237817517817987323,499.99999999999994316,499.99999999999994316,0.016690988937713761159,0.17705479954835603995,0.11933161548440317234,1.4500219132258631571,499.99999999999994316,0.087538890896004722952,0.0092932633028135480657,9.6816723006947960073,0.0066689495833716838299,334.32911176392383368,295.8058588660278474,168.73455430488277784,0.24122892691002589816,0.0088243117471123160706,8.9122001442028953022,0.0043069949948542291321,0.0015764889679300839783,0.88704639718257383141,8.7158732335856936059e-05,16.649230983285761454,0.64321714729339929395,75.162750532665270953,0.87636735285913702764,0.49636192497745462715,1.0512914689045242955,1.3961040675874451499e-05,139.95087966886129038,11.551578845941952167,0.68082064621067694965,268.94036403348155773,2.799079350700064861,499.99999999999994316,0.053936615968187689996,7.718463419452009866,499.99999999999994316,499.99999999999994316,38.003755483645960567,499.99999999999994316,1.698856515197998723e-05,1.3195437259640009266e-06,2.9659133287820260705,2.9177395038360582902,28.567401148823126533,0.00025010401784637754973,0.010999415924773582598,2.6859299807115903924
42,0.19011472292537606732,5.7705161352320594127e-05,0.070428279724115194771,499.99999999999994316,0.036210746300652955909,0.026798394790845437435,0.0076995015863743189802,0.020079074850630901361,0.57683720030938068213,1.397417937778676911e-05,1.8155141895445026101,1.7856460486544172284,248.30784613969953512,499.99999999999994316,1.4668793215585131326e-06,499.99999999999994316,6.8722824710848238183,0.0040046566591641404725,0.021696529165452331511,0.17899815334268143197,0.016398381402720530603,499.99999999999994316,499.99999999999994316,0.015684095801835953865,0.035087661094779530602,4.4476293427465076746,12.86391859813264027,0.055161451382548756794,0.018190125478213119842,4.3817756847429469858,4.8461820713907481917,0.10350904247773559663,0.0048554155162024298376,0.024099597488758808111,0.074617002006615779086,19.723106577933322114,4.4211785446017604073,0.0051646298793761617404,0.0027583451835549951427,175.6619363239060192,0.16306838737338691381,0.0004618520156804159049,0.18202190122555847451,1.0944118066846757475,0.00020827106983880799384,3.5479327379121161634,0.48450455243811191286,499.99999999999994316,98.849483545388437733,499.99999999999994316,3.5246488126055282031,135.51876899404493315,499.99999999999994316,0.088515399187075377574,0.0079169234222037088156,36.363584821906378863,0.062482298945606799812,9.2413143862864437494,5.8467352995394135107,499.99999999999994316,0.028071843464405103752,35.289175027384992234,83.715673126533388881,0.036344345643816805547,0.0046261777642527682555,0.023744069953451206467,0.38046075829644093735,190.45725906510028835,0.62255867771232620278,1.8289401623391428053,20.118801980834557952,12.191183801110623719,43.69203454389663932,0.28942406555388883183,4.9610397952913460884,0.007545369241751637493,499.99999999999994316,0.00020617737685431689184,11.022051205102576077,59.805521924353087115,0.56766471060904255541,0.22439051109842303444,499.99999999999994316,5.3014154550125436316,0.63673992107644150629,0.00051365923197285495629,28.737226734484657698,0.05608224622367878609,0.11032789156553414467,2.9768904070574175869,37.973958460256064029,499.99999999999994316,3.5977122461982906643,0.0002695562038797273967,499.99999999999994316,3.477438903893259603,0.0011797434710368178649,0.030982903553950669195,65.468630899701409476,0.63644460181326845127
43,0.091721223454718669998,40.755624322600404241,1.7082430937866084353,499.99999999999994316,499.99999999999994316,31.252489278858238464,345.42088657945600971,2.2212400207884428482,0.4316303558570862009,8.6527339848872131256,0.75551108010499024026,0.12929144080142565554,5.0962991432324367125,4.9444993512172281669,499.99999999999994316,37.158212919787878548,499.99999999999994316,2.4585669418649382933,499.99999999999994316,499.99999999999994316,0.028274169383322035609,0.0038005816600929437712,11.298186364043321106,499.99999999999994316,7.3067018698449617276,0.88893836031262984942,0.67865517545556774959,1.1657628002599089712,1.6736175336370366917,0.02623005663436402124,0.0061920706878531659584,11.051566367242442013,0.74684039233403753943,499.99999999999994316,2.416768810748637808,0.0022562484284884398028,499.99999999999994316,2.0266137758083710985,371.01445726168640249,1.2877204243009048312,127.96842601501809611,217.70713757902879593,88.375163779895018479,0.007359365436610111437,1.3638265118206556849e-05,499.99999999999994316,1.4030491239889257837,329.77999636111826476,0.088057971297655288079,34.740306752419058967,1.2965680005418380727,5.4762127523697206044,1.0255725338484387166,0.0080929323790210460493,499.99999999999994316,0.0032379756519306042602,1.0600086003902329246,0.00099444603422768466407,0.24924665265017767468,0.22288491400786206165,499.99999999999994316,92.816610573998090672,5.2444866171165358537,0.011356206211728139127,0.043843928328989596743,499.99999999999994316,7.4281331150434377619,499.99999999999994316,0.052927851751514834455,4.4934569545597558005,499.99999999999994316,0.02773149611937964984,0.0089294675708734717184,0.048909269957357733027,0.00046441307070902310963,11.080212412971606639,0.0010423059927030776071,2.7400477286109361508,11.173666419888562018,499.99999999999994316,0.00039666421422496379997,0.79819822709014953688,22.960792453436358329,0.00096310424102556690951,4.5389497709458526131,499.99999999999994316,0.81511140686483896101,1.0817343952198006374,0.054992894014627841104,0.017366846750483767164,499.99999999999994316,1.8507647017870141326,3.3496721615679345696,1.5792440734489301413,499.99999999999994316,0.076193163318010126428,0.21152191910727191626,9.2872691078484610472,499.99999999999994316,22.161452757474105368
44,36.606471686667759968,128.42530136088987547,178.87945607282128435,0.014199541800705491046,0.6504812624540787791,6.7181343847562802196,0.12331301551567641628,70.07586326112846109,499.99999999999994316,499.99999999999994316,0.41218844823937933475,0.1854340228135525348,0.046907033553165146389,0.00013402000682715041143,0.04381978057996960968,0.13076728051907593464,49.478745098626639276,2.5906739028585517646e-06,6.6195928143844193769,499.99999999999994316,183.00982124089208014,0.00018276642867868736031,12.457916367585692541,0.070187458413007011715,98.76251683158892547,0.19132745110993498727,1.7621465293580782507,0.81851047689373235272,0.00024559550164735487708,0.016145452510894848369,499.99999999999994316,11.518386298140352864,441.06964131497977633,4.6089526066982138275,30.312796964919403564,0.00010611120569911861445,0.14347335802525404413,0.26157297607321611244,1.2491277664889048893,0.0012531653315330257368,13.101616521246080893,1.2336663798666998026,3.3059887792838460463,0.046452848270837926448,0.114242441661834504,61.152104692904302397,2.2094590247763812307,4.7579070332486984057e-06,398.73055672314933418,0.00077305076651132983816,10.844217335511363132,0.025550890890544557948,19.484885762221892946,2.9030796447439084496,0.21508488750008206147,0.0086169463005428791058,5.6351858748940912847,2.1560440885381795262,1.1633082656910407326,5.3532608152803939916,10.102161359456825807,0.0099646161575528413579,23.591561591502586026,0.55577050387914972429,0.081680706609960448961,499.99999999999994316,0.0014363024598666278286,55.892113370883990342,3.7576332357701862641,0.019601745579486903187,0.00012015571829944720218,2.0614933607424350548,1.7574201622808824919,0.0010094049564285717448,499.99999999999994316,1.3053012076450818402,0.0072843380909387326835,499.99999999999994316,0.054009329727776757279,0.80572942379440015692,6.0202582109253688358,0.13539673918205172298,0.2868386386109812447,0.35233397875360655815,2.0156423673354884052,499.99999999999994316,60.504543339871759144,8.2092288366444581271,0.1561220848567777264,0.0014477240061272894905,499.99999999999994316,0.014297013441327685243,0.13134043799807088027,499.99999999999994316,94.676602951634791339,100.53159653514038041,11.623767867623945094,0.00012655225071488818535,499.99999999999994316,0.23274413522386536157
45,4.1303043885601110273e-06,0.00028003159413434532176,25.021177439893584449,5.5933805033904926418,0.0062045829678718531289,34.317221394132367607,499.99999999999994316,0.2058069403498452854,0.42070493571894862495,134.11064072525036295,0.34931824948036710454,0.099127274116599120579,3.4988409432188682935,0.045152407233773700357,499.99999999999994316,0.035657909969470949485,0.25239156644691779219,0.00055565634262643283457,3.0497416286598819692e-05,0.28125197146096697631,0.36168554747036180119,17.695369589830484358,0.16055534574525939795,0.0041927659188240283539,22.586426001448892009,0.012365584751040338204,0.83484077615581731013,0.78095112619455109293,125.71302127303296459,142.95818124937397897,0.23204954165592209248,28.883990862807365829,0.15479687280216380962,0.36074882261840685027,38.712445496932296862,5.964764645214120975,0.0053576920585218521312,499.99999999999994316,0.005964904145994206347,54.492545835762449258,13.743777276156629696,0.027918290576438214989,6.2664005360258716593,0.010808624330839369104,50.317179466603548121,0.0012071819722104151339,499.99999999999994316,0.10832259287588599794,2.1018343679482889286,0.032738548940519536512,0.010101869596573925109,1.5232096246612174539,80.900779327732877277,327.74942392625041521,499.99999999999994316,0.012784739201811685244,499.99999999999994316,0.0013624066322740812154,0.15260262358389453663,3.7329755694446147274,8.1852941880358929091e-06,52.317092177802308584,499.99999999999994316,0.0059125855100193190281,0.0031331318244071839491,19.618390141335638077,0.78312664963724398781,1.6624750121049121835e-06,0.54470508276453788454,2.1041498498573227849,0.3891440681460318074,16.745783356923375607,1.6169992467697322791,256.85155678718081163,0.18503573386686794633,1.1754758415636468172,0.012496216481188010539,0.32546832482123699837,0.0061736017098656306018,5.8314679529019715076,1.4137160817687923764,0.047497442563981369379,0.21636514086050132044,17.652980799666806888,1.7681330189054369484,6.099941721728963025e-05,0.41195460470903788597,7.9466289980116799896,1.6842991161243578979,499.99999999999994316,126.29565857592874067,55.664077514611506103,1.4885929562264788793e-05,0.013401235768525648559,499.99999999999994316,19.014513344286910979,0.42911225640464006892,2.2288237181794476882,6.9047317608252685162,0.03539937942183585956
46,499.99999999999994316,0.022546204412673496315,0.9682824397342518763,2.7702557799601876809,0.00057461852074089879959,0.11701350401089505304,2.8458409526857613159,1.9249433006168228388,3.5683832655565650427,290.4112962021197859,3.1527519479346191034,0.084592548240968762352,0.008586351650063960006,0.0053235905452565157256,50.825260848847555906,4.8984745485899781241e-05,0.066942609356564986012,0.27184739457850648492,0.093574548895967848972,0.012945051804148257485,0.010302770019683783406,8.3408952126052613297e-05,6.1875875161743678632,2.1715639472708114788,296.61330446192664567,432.95443982296052354,2.0923840432573266312,0.17508529488654336892,7.0062748237646523819,0.034046741495602453331,499.99999999999994316,75.657282995297293837,0.23200010261086906338,0.075921731808153883336,172.53764503815116882,0.00033234260875331193006,499.99999999999994316,0.0033148708730406295161,0.0062788310147614849119,499.99999999999994316,0.61651147250413906864,0.020329466369622333638,14.413589454707016912,1.8106625684639887641,42.838277244527759535,0.0070221206348110402906,220.60881051603598735,344.46266489423817347,157.23278373728854262,0.46981621439748078028,125.57234231286689408,28.267143701056692606,19.885874118115399511,1.6323430615206815375,6.4672476923415107564,499.99999999999994316,253.88279902280905276,0.00033494056797928213869,0.15446123053402688319,2.124476027595702643,8.0793423212478305828,0.0014140832684126304532,1.0545726394617522814,10.072423035701644878,482.73876432398941461,0.079824943049476584922,0.49320984556477664995,7.0217710245700972749,0.01027090955891116382,0.00079636974317382142399,55.719759299772441352,0.0011161682532169405358,0.0032206818798599379239,0.013715600657997276124,339.56188084192785936,0.30705234748302268066,2.5558128231293144594,499.99999999999994316,499.99999999999994316,499.99999999999994316,0.0002848344077908069585,0.26565180264389842701,499.99999999999994316,0.30099768166701396099,4.2862137070606936007,499.99999999999994316,67.027769280212112335,0.72258325623231389745,499.99999999999994316,0.61689698854727248456,0.052693671019053076043,2.9210474790700975412,0.0012382467502209102729,0.00021138780877858829167,0.00026365410666418420595,0.33537077295757300455,0.019756295126458215533,2.0182562342931436028,0.013362687557474961855,77.996546192387384622
47,0.010868547869618903901,0.03447787477930454314,0.16629965681974231972,435.20605751476659862,3.1147062003490098014,499.99999999999994316,0.027269215049250471183,0.48106283192323451292,3.0254268709894169831,3.2326809509706047052,179.28749715070577508,0.39508746602444916318,0.45820118420378486146,0.069245487399984165244,0.78599622382133604859,0.0057864853766926970663,7.8043876173841715271,56.561997254315294015,0.40756955693009044861,20.876407155622231926,0.13026225059141671725,3.0943845521188868553,1.7886810534513721826,32.696568270746581675,0.13685272215925953221,499.99999999999994316,0.1675390049626757083,0.00098442816118720299044,499.99999999999994316,0.0082350515522815904285,0.32031930878656628137,0.10502965456585401649,0.00057749674547339117578,11.731651421968136262,0.41516208530626397266,327.15415688696862162,0.81273175344969872391,0.20428995071368760694,0.41942553267885468449,0.011982801125824343522,499.99999999999994316,0.087818313441199002956,8.2250960930157930306,0.13851059987125738382,0.0018702725674845605084,12.243888368645349018,0.042436967262897494491,36.301979290481526164,1.2959329318591451769e-06,0.012938343246912153636,0.04786346919471752559,42.128610444123310685,0.0035847968743296793059,427.35509804490135366,2.2500478649722506219,101.86862540289428125,24.871887769610534491,415.05681081032719248,2.6562321719939534503,12.222644384934852724,7.9163587566471749213,0.057835911442756737788,0.042767522642665561916,499.99999999999994316,37.617454170202705654,0.3172726314388244484,0.014677354586216705482,499.99999999999994316,0.11533440286726850954,0.005393537140875680376,0.30876073775046408709,499.99999999999994316,0.012453441472738559226,0.47806659997004352647,0.1047484448517707889,0.023540598699361054563,0.42262784570479300372,219.44652018134374316,0.36823941878527910454,499.99999999999994316,0.002107046713384311265,0.3229596634026616897,499.99999999999994316,479.19170345561627755,12.095433627329832404,0.00017705937704298583581,0.0040923119421636391588,6.4678119875867068345,4.0114802656923771451,0.73774875928793870461,34.212240962937528366,0.81018976674803011573,3.2930314449570343704,9.6471908268133539366,1.4650826874732270078,5.1657156673787518741,0.074468934241569986754,0.58873972957637121795,1.2732304907461917676,0.16812484625580301212
48,0.23325873281014389282,0.01474522731247568906,0.064860807853141216883,0.49101097148764710765,499.99999999999994316,0.17305184461018258135,0.43729586876920623073,12.376757178743753585,5.8545061832176923389,5.1316058894754581488,0.0078630768689805299876,198.69406778379763523,0.001319609214640412231,29.500633929281502077,111.29368287576689056,499.99999999999994316,499.99999999999994316,499.99999999999994316,83.284881927400107315,3.5532695464662333862,0.39952138502932998954,499.99999999999994316,7.6044699874328056666,9.3986652622631758902,499.99999999999994316,75.760970454841412902,0.046324777353214753595,41.778249356868464304,499.99999999999994316,499.99999999999994316,0.45143685101745845145,2.8681884091588019103,0.11967110279299281173,0.093709005437776202174,19.618265388132090976,1.1648492528163799598e-05,3.0705419589906322031,0.085925245221275620144,11.281131842271932442,321.56480054434274507,0.19873958327062080098,93.80188866577289275,416.40454819290641808,499.99999999999994316,0.77334806273301004431,499.99999999999994316,499.99999999999994316,8.5906460909885602462,0.00084963036490225303521,0.0035614073727783051269,0.00018233653968673397953,0.085674629505336358237,97.741059557968213767,0.0010831403662813715669,54.342447910049166637,499.99999999999994316,0.001212817606493631073,0.56017869623343552465,477.74421498814393772,0.00053573613175484811541,0.18741857943162959499,0.0044494127582727967946,429.23201586853315348,72.63346275470435387,2.2650796044887382408,0.90571779983417166626,0.023234070955859543323,72.81203514250286446,4.3304488405417904673,0.09962757989385985502,0.00014081604079860168127,0.75934805691465578903,0.045441529541730633912,1.0561202710752024547,12.199207782550772095,2.8088035105295254823,183.07466867097707564,205.72867403697668465,499.99999999999994316,499.99999999999994316,0.10336532927945832339,48.927441077857807272,0.051717171291160816959,0.99325964337086847245,7.6160110689192830336,0.00096499362523712361225,0.024325336836464279272,0.0048762594817922657806,0.026138764774951656761,0.60220530601088673173,156.39031815034164197,219.33117241976631817,499.99999999999994316,456.00635508634366033,0.00051975138113570247111,67.879013112394531504,499.99999999999994316,5.808896481220732368e-05,1.2697088745417057787,0.002073702692416153244
base,1,1,1,1,1,1,1,1,1,1,1,1,1,1,1,1,1,1,1,1,1,1,1,1,1,1,1,1,1,1,1,1,1,1,1,1,1,1,1,1,1,1,1,1,1,1,1,1,1,1,1,1,1,1,1,1,1,1,1,1,1,1,1,1,1,1,1,1,1,1,1,1,1,1,1,1,1,1,1,1,1,1,1,1,1,1,1,1,1,1,1,1,1,1,1,1,1,1,1,1
